[2026-09-17T11:33:50.510138Z] === Watch cycle start ===
[2026-09-17T11:33:50.514401Z] === Cycle complete, pending=0 ===
[2026-09-17T11:34:20.518068Z] === Watch cycle start ===
[2026-09-17T11:34:20.541263Z] === Cycle complete, pending=0 ===
[2026-09-17T11:34:50.546014Z] === Watch cycle start ===
[2026-09-17T11:34:50.557308Z] === Cycle complete, pending=0 ===
[2026-09-17T11:35:20.575589Z] === Watch cycle start ===
[2026-09-17T11:35:20.594105Z] === Cycle complete, pending=0 ===
[2026-09-17T11:36:53.010924Z] === Watch cycle start ===
[2026-09-17T11:36:53.024845Z] === Cycle complete, pending=0 ===
[2026-09-17T11:37:23.052287Z] === Watch cycle start ===
[2026-09-17T11:37:23.091242Z] === Cycle complete, pending=0 ===
[2026-09-17T11:37:53.111643Z] === Watch cycle start ===
[2026-09-17T11:37:53.116420Z] === Cycle complete, pending=0 ===
[2026-09-17T11:38:23.177910Z] === Watch cycle start ===
[2026-09-17T11:38:23.346284Z] === Cycle complete, pending=0 ===
[2026-09-17T11:38:53.451955Z] === Watch cycle start ===
[2026-09-17T11:38:53.488886Z] === Cycle complete, pending=0 ===
[2026-09-17T11:39:23.529301Z] === Watch cycle start ===
[2026-09-17T11:39:23.592697Z] === Cycle complete, pending=0 ===
[2026-09-17T11:39:53.636777Z] === Watch cycle start ===
[2026-09-17T11:39:53.660257Z] === Cycle complete, pending=0 ===
[2026-09-17T11:40:23.693361Z] === Watch cycle start ===
[2026-09-17T11:40:23.728214Z] === Cycle complete, pending=0 ===
[2026-09-17T11:40:53.784075Z] === Watch cycle start ===
[2026-09-17T11:40:53.854856Z] Registered new inbound task: soak-001
[2026-09-17T11:40:53.878789Z] === Cycle complete, pending=1 ===
[2026-09-17T11:41:23.904500Z] === Watch cycle start ===
[2026-09-17T11:41:23.971550Z] === Cycle complete, pending=1 ===
[2026-09-17T11:41:54.008831Z] === Watch cycle start ===
[2026-09-17T11:41:54.046139Z] === Cycle complete, pending=1 ===
[2026-09-17T11:42:24.066101Z] === Watch cycle start ===
[2026-09-17T11:42:24.087983Z] === Cycle complete, pending=1 ===
[2026-09-17T11:42:54.136142Z] === Watch cycle start ===
[2026-09-17T11:42:54.217768Z] === Cycle complete, pending=1 ===
[2026-09-17T11:43:24.284671Z] === Watch cycle start ===
[2026-09-17T11:43:24.300180Z] === Cycle complete, pending=1 ===
[2026-09-17T11:43:54.352862Z] === Watch cycle start ===
[2026-09-17T11:43:54.411505Z] === Cycle complete, pending=1 ===
[2026-09-17T11:44:24.465023Z] === Watch cycle start ===
[2026-09-17T11:44:24.509829Z] === Cycle complete, pending=1 ===
[2026-09-17T11:44:54.551132Z] === Watch cycle start ===
[2026-09-17T11:44:54.581262Z] === Cycle complete, pending=1 ===
[2026-09-17T11:45:24.624088Z] === Watch cycle start ===
[2026-09-17T11:45:24.908810Z] === Cycle complete, pending=1 ===
[2026-09-17T11:45:55.010647Z] === Watch cycle start ===
[2026-09-17T11:45:55.125256Z] === Cycle complete, pending=1 ===
[2026-09-17T11:46:25.191262Z] === Watch cycle start ===
[2026-09-17T11:46:25.200942Z] === Cycle complete, pending=1 ===
[2026-09-17T11:46:55.226034Z] === Watch cycle start ===
[2026-09-17T11:46:55.300647Z] === Cycle complete, pending=1 ===
[2026-09-17T11:47:25.334809Z] === Watch cycle start ===
[2026-09-17T11:47:25.381284Z] === Cycle complete, pending=1 ===
[2026-09-17T11:47:55.427604Z] === Watch cycle start ===
[2026-09-17T11:47:55.470335Z] === Cycle complete, pending=1 ===
[2026-09-17T11:48:25.514296Z] === Watch cycle start ===
[2026-09-17T11:48:25.612123Z] === Cycle complete, pending=1 ===
[2026-09-17T11:48:55.708211Z] === Watch cycle start ===
[2026-09-17T11:48:55.846245Z] === Cycle complete, pending=1 ===
[2026-09-17T11:49:25.989489Z] === Watch cycle start ===
[2026-09-17T11:49:26.159486Z] === Cycle complete, pending=1 ===
[2026-09-17T11:49:56.264660Z] === Watch cycle start ===
[2026-09-17T11:49:56.313357Z] === Cycle complete, pending=1 ===
[2026-09-17T11:50:26.364574Z] === Watch cycle start ===
[2026-09-17T11:50:26.460265Z] === Cycle complete, pending=1 ===
[2026-09-17T11:50:56.501878Z] === Watch cycle start ===
[2026-09-17T11:50:56.600409Z] === Cycle complete, pending=1 ===
[2026-09-17T11:51:26.639968Z] === Watch cycle start ===
[2026-09-17T11:51:26.658322Z] === Cycle complete, pending=1 ===
[2026-09-17T11:51:56.685660Z] === Watch cycle start ===
[2026-09-17T11:51:56.751458Z] === Cycle complete, pending=1 ===
[2026-09-17T11:52:26.856473Z] === Watch cycle start ===
[2026-09-17T11:52:27.023074Z] === Cycle complete, pending=1 ===
[2026-09-17T11:52:57.102034Z] === Watch cycle start ===
[2026-09-17T11:52:57.145418Z] === Cycle complete, pending=1 ===
[2026-09-17T11:53:27.203845Z] === Watch cycle start ===
[2026-09-17T11:53:27.237175Z] === Cycle complete, pending=1 ===
[2026-09-17T11:53:57.248642Z] === Watch cycle start ===
[2026-09-17T11:53:57.269222Z] === Cycle complete, pending=1 ===
[2026-09-17T11:54:27.279898Z] === Watch cycle start ===
[2026-09-17T11:54:27.299146Z] === Cycle complete, pending=1 ===
[2026-09-17T11:54:57.307692Z] === Watch cycle start ===
[2026-09-17T11:54:57.371329Z] === Cycle complete, pending=1 ===
[2026-09-17T11:55:27.443798Z] === Watch cycle start ===
[2026-09-17T11:55:27.547350Z] === Cycle complete, pending=1 ===
[2026-09-17T11:55:57.625114Z] === Watch cycle start ===
[2026-09-17T11:55:57.651640Z] === Cycle complete, pending=1 ===
[2026-09-17T11:56:27.732140Z] === Watch cycle start ===
[2026-09-17T11:56:27.877107Z] === Cycle complete, pending=1 ===
[2026-09-17T11:56:57.925701Z] === Watch cycle start ===
[2026-09-17T11:56:57.985065Z] === Cycle complete, pending=1 ===
[2026-09-17T11:57:28.009508Z] === Watch cycle start ===
[2026-09-17T11:57:28.054579Z] === Cycle complete, pending=1 ===
[2026-09-17T11:57:58.104150Z] === Watch cycle start ===
[2026-09-17T11:57:58.145232Z] === Cycle complete, pending=1 ===
[2026-09-17T11:58:28.216865Z] === Watch cycle start ===
[2026-09-17T11:58:28.330851Z] === Cycle complete, pending=1 ===
[2026-09-17T11:58:58.413846Z] === Watch cycle start ===
[2026-09-17T11:58:58.453098Z] === Cycle complete, pending=1 ===
[2026-09-17T11:59:28.502324Z] === Watch cycle start ===
[2026-09-17T11:59:28.604549Z] === Cycle complete, pending=1 ===
[2026-09-17T11:59:58.695213Z] === Watch cycle start ===
[2026-09-17T11:59:58.760114Z] === Cycle complete, pending=1 ===
[2026-09-17T12:00:28.787931Z] === Watch cycle start ===
[2026-09-17T12:00:28.828155Z] === Cycle complete, pending=1 ===
[2026-09-17T12:00:58.862386Z] === Watch cycle start ===
[2026-09-17T12:00:58.900105Z] === Cycle complete, pending=1 ===
[2026-09-17T12:01:28.928394Z] === Watch cycle start ===
[2026-09-17T12:01:28.964524Z] === Cycle complete, pending=1 ===
[2026-09-17T12:01:58.983874Z] === Watch cycle start ===
[2026-09-17T12:01:59.018223Z] === Cycle complete, pending=1 ===
[2026-09-17T12:02:29.043322Z] === Watch cycle start ===
[2026-09-17T12:02:29.057438Z] === Cycle complete, pending=1 ===
[2026-09-17T12:02:59.064373Z] === Watch cycle start ===
[2026-09-17T12:02:59.094089Z] === Cycle complete, pending=1 ===
[2026-09-17T12:03:29.117337Z] === Watch cycle start ===
[2026-09-17T12:03:29.149817Z] === Cycle complete, pending=1 ===
[2026-09-17T12:03:59.175284Z] === Watch cycle start ===
[2026-09-17T12:03:59.231045Z] === Cycle complete, pending=1 ===
[2026-09-17T12:04:29.283157Z] === Watch cycle start ===
[2026-09-17T12:04:29.360613Z] === Cycle complete, pending=1 ===
[2026-09-17T12:04:59.431084Z] === Watch cycle start ===
[2026-09-17T12:04:59.447815Z] === Cycle complete, pending=1 ===
[2026-09-17T12:05:29.457886Z] === Watch cycle start ===
[2026-09-17T12:05:29.529834Z] === Cycle complete, pending=1 ===
[2026-09-17T12:05:59.571521Z] === Watch cycle start ===
[2026-09-17T12:05:59.587795Z] === Cycle complete, pending=1 ===
[2026-09-17T12:06:29.628849Z] === Watch cycle start ===
[2026-09-17T12:06:29.702841Z] === Cycle complete, pending=1 ===
[2026-09-17T12:06:59.791480Z] === Watch cycle start ===
[2026-09-17T12:06:59.928061Z] === Cycle complete, pending=1 ===
[2026-09-17T12:07:30.064018Z] === Watch cycle start ===
[2026-09-17T12:07:30.130445Z] === Cycle complete, pending=1 ===
[2026-09-17T12:08:00.188480Z] === Watch cycle start ===
[2026-09-17T12:08:00.347641Z] === Cycle complete, pending=1 ===
[2026-09-17T12:08:30.448165Z] === Watch cycle start ===
[2026-09-17T12:08:30.582602Z] === Cycle complete, pending=1 ===
[2026-09-17T12:09:00.620158Z] === Watch cycle start ===
[2026-09-17T12:09:00.695553Z] === Cycle complete, pending=1 ===
[2026-09-17T12:09:30.742558Z] === Watch cycle start ===
[2026-09-17T12:09:30.807532Z] === Cycle complete, pending=1 ===
[2026-09-17T12:10:00.822762Z] === Watch cycle start ===
[2026-09-17T12:10:00.865409Z] === Cycle complete, pending=1 ===
[2026-09-17T12:10:30.881430Z] === Watch cycle start ===
[2026-09-17T12:10:30.897013Z] === Cycle complete, pending=1 ===
[2026-09-17T12:11:00.910989Z] === Watch cycle start ===
[2026-09-17T12:11:00.934871Z] === Cycle complete, pending=1 ===
[2026-09-17T12:11:30.976820Z] === Watch cycle start ===
[2026-09-17T12:11:31.028871Z] === Cycle complete, pending=1 ===
[2026-09-17T12:12:01.066938Z] === Watch cycle start ===
[2026-09-17T12:12:01.109049Z] === Cycle complete, pending=1 ===
[2026-09-17T12:12:31.171783Z] === Watch cycle start ===
[2026-09-17T12:12:31.181589Z] === Cycle complete, pending=1 ===
[2026-09-17T12:13:01.219329Z] === Watch cycle start ===
[2026-09-17T12:13:01.284610Z] === Cycle complete, pending=1 ===
[2026-09-17T12:13:31.336460Z] === Watch cycle start ===
[2026-09-17T12:13:31.376873Z] === Cycle complete, pending=1 ===
[2026-09-17T12:14:01.414144Z] === Watch cycle start ===
[2026-09-17T12:14:01.480464Z] === Cycle complete, pending=1 ===
[2026-09-17T12:14:31.534866Z] === Watch cycle start ===
[2026-09-17T12:14:31.588012Z] === Cycle complete, pending=1 ===
[2026-09-17T12:15:01.628542Z] === Watch cycle start ===
[2026-09-17T12:15:01.708339Z] === Cycle complete, pending=1 ===
[2026-09-17T12:15:31.737053Z] === Watch cycle start ===
[2026-09-17T12:15:31.746876Z] === Cycle complete, pending=1 ===
[2026-09-17T12:16:01.767049Z] === Watch cycle start ===
[2026-09-17T12:16:01.795413Z] === Cycle complete, pending=1 ===
[2026-09-17T12:16:31.821579Z] === Watch cycle start ===
[2026-09-17T12:16:31.889189Z] === Cycle complete, pending=1 ===
[2026-09-17T12:17:01.939699Z] === Watch cycle start ===
[2026-09-17T12:17:01.968973Z] === Cycle complete, pending=1 ===
[2026-09-17T12:17:31.984854Z] === Watch cycle start ===
[2026-09-17T12:17:32.025569Z] === Cycle complete, pending=1 ===
[2026-09-17T12:18:02.049689Z] === Watch cycle start ===
[2026-09-17T12:18:02.058136Z] === Cycle complete, pending=1 ===
[2026-09-17T12:18:32.072674Z] === Watch cycle start ===
[2026-09-17T12:18:32.123190Z] === Cycle complete, pending=1 ===
[2026-09-17T12:19:02.322902Z] === Watch cycle start ===
[2026-09-17T12:19:03.261921Z] === Cycle complete, pending=1 ===
[2026-09-17T12:19:33.700380Z] === Watch cycle start ===
[2026-09-17T12:19:33.784543Z] === Cycle complete, pending=1 ===
[2026-09-17T12:20:03.831368Z] === Watch cycle start ===
[2026-09-17T12:20:03.922716Z] === Cycle complete, pending=1 ===
[2026-09-17T12:20:33.978775Z] === Watch cycle start ===
[2026-09-17T12:20:34.011641Z] === Cycle complete, pending=1 ===
[2026-09-17T12:21:04.032027Z] === Watch cycle start ===
[2026-09-17T12:21:04.073577Z] === Cycle complete, pending=1 ===
[2026-09-17T12:21:34.122518Z] === Watch cycle start ===
[2026-09-17T12:21:34.228666Z] === Cycle complete, pending=1 ===
[2026-09-17T12:22:04.310543Z] === Watch cycle start ===
[2026-09-17T12:22:04.350361Z] === Cycle complete, pending=1 ===
[2026-09-17T12:22:34.382332Z] === Watch cycle start ===
[2026-09-17T12:22:34.442097Z] === Cycle complete, pending=1 ===
[2026-09-17T12:23:04.466652Z] === Watch cycle start ===
[2026-09-17T12:23:04.634539Z] === Cycle complete, pending=1 ===
[2026-09-17T12:23:34.718856Z] === Watch cycle start ===
[2026-09-17T12:23:34.773573Z] === Cycle complete, pending=1 ===
[2026-09-17T12:24:04.809423Z] === Watch cycle start ===
[2026-09-17T12:24:04.886055Z] === Cycle complete, pending=1 ===
[2026-09-17T12:24:34.955026Z] === Watch cycle start ===
[2026-09-17T12:24:35.124265Z] === Cycle complete, pending=1 ===
[2026-09-17T12:25:05.237768Z] === Watch cycle start ===
[2026-09-17T12:25:05.373167Z] === Cycle complete, pending=1 ===
[2026-09-17T12:25:35.507332Z] === Watch cycle start ===
[2026-09-17T12:25:35.644566Z] === Cycle complete, pending=1 ===
[2026-09-17T12:26:05.835536Z] === Watch cycle start ===
[2026-09-17T12:26:06.112734Z] === Cycle complete, pending=1 ===
[2026-09-17T12:26:36.545391Z] === Watch cycle start ===
[2026-09-17T12:26:37.247209Z] === Cycle complete, pending=1 ===
[2026-09-17T12:27:08.246541Z] === Watch cycle start ===
[2026-09-17T12:27:08.710858Z] === Cycle complete, pending=1 ===
[2026-09-17T12:27:38.986035Z] === Watch cycle start ===
[2026-09-17T12:27:39.145298Z] === Cycle complete, pending=1 ===
[2026-09-17T12:28:09.378021Z] === Watch cycle start ===
[2026-09-17T12:28:09.801296Z] === Cycle complete, pending=1 ===
[2026-09-17T12:28:40.874900Z] === Watch cycle start ===
[2026-09-17T12:28:41.856726Z] === Cycle complete, pending=1 ===
[2026-09-17T12:29:12.234016Z] === Watch cycle start ===
[2026-09-17T12:29:12.372604Z] === Cycle complete, pending=1 ===
[2026-09-17T12:29:42.518203Z] === Watch cycle start ===
[2026-09-17T12:29:43.020813Z] === Cycle complete, pending=1 ===
[2026-09-17T12:30:13.209326Z] === Watch cycle start ===
[2026-09-17T12:30:13.304677Z] === Cycle complete, pending=1 ===
[2026-09-17T12:30:43.392266Z] === Watch cycle start ===
[2026-09-17T12:30:43.512915Z] === Cycle complete, pending=1 ===
[2026-09-17T12:31:13.634290Z] === Watch cycle start ===
[2026-09-17T12:31:13.662746Z] === Cycle complete, pending=1 ===
[2026-09-17T12:31:43.695002Z] === Watch cycle start ===
[2026-09-17T12:31:43.835130Z] === Cycle complete, pending=1 ===
[2026-09-17T12:32:13.903514Z] === Watch cycle start ===
[2026-09-17T12:32:13.994723Z] === Cycle complete, pending=1 ===
[2026-09-17T12:32:44.051134Z] === Watch cycle start ===
[2026-09-17T12:32:44.121984Z] === Cycle complete, pending=1 ===
[2026-09-17T12:33:14.184989Z] === Watch cycle start ===
[2026-09-17T12:33:14.271389Z] === Cycle complete, pending=1 ===
[2026-09-17T12:33:44.345032Z] === Watch cycle start ===
[2026-09-17T12:33:44.359886Z] === Cycle complete, pending=1 ===
[2026-09-17T12:34:14.371721Z] === Watch cycle start ===
[2026-09-17T12:34:14.391913Z] === Cycle complete, pending=1 ===
[2026-09-17T12:34:44.413291Z] === Watch cycle start ===
[2026-09-17T12:34:44.436586Z] === Cycle complete, pending=1 ===
[2026-09-17T12:35:14.448891Z] === Watch cycle start ===
[2026-09-17T12:35:14.470398Z] === Cycle complete, pending=1 ===
[2026-09-17T12:35:44.496184Z] === Watch cycle start ===
[2026-09-17T12:35:44.511078Z] === Cycle complete, pending=1 ===
[2026-09-17T12:36:14.533814Z] === Watch cycle start ===
[2026-09-17T12:36:14.588907Z] === Cycle complete, pending=1 ===
[2026-09-17T12:36:44.603066Z] === Watch cycle start ===
[2026-09-17T12:36:44.635152Z] === Cycle complete, pending=1 ===
[2026-09-17T12:37:14.667722Z] === Watch cycle start ===
[2026-09-17T12:37:14.696922Z] === Cycle complete, pending=1 ===
[2026-09-17T12:37:44.721835Z] === Watch cycle start ===
[2026-09-17T12:37:44.783125Z] === Cycle complete, pending=1 ===
[2026-09-17T12:38:14.822861Z] === Watch cycle start ===
[2026-09-17T12:38:14.886398Z] === Cycle complete, pending=1 ===
[2026-09-17T12:38:44.924517Z] === Watch cycle start ===
[2026-09-17T12:38:44.980707Z] === Cycle complete, pending=1 ===
[2026-09-17T12:39:15.010195Z] === Watch cycle start ===
[2026-09-17T12:39:15.026806Z] === Cycle complete, pending=1 ===
[2026-09-17T12:39:45.037738Z] === Watch cycle start ===
[2026-09-17T12:39:45.068211Z] === Cycle complete, pending=1 ===
[2026-09-17T12:40:15.110643Z] === Watch cycle start ===
[2026-09-17T12:40:15.165728Z] === Cycle complete, pending=1 ===
[2026-09-17T12:40:45.185056Z] === Watch cycle start ===
[2026-09-17T12:40:45.213093Z] === Cycle complete, pending=1 ===
[2026-09-17T12:41:15.234623Z] === Watch cycle start ===
[2026-09-17T12:41:15.300597Z] === Cycle complete, pending=1 ===
[2026-09-17T12:41:45.328199Z] === Watch cycle start ===
[2026-09-17T12:41:45.369577Z] === Cycle complete, pending=1 ===
[2026-09-17T12:42:15.413567Z] === Watch cycle start ===
[2026-09-17T12:42:15.452002Z] === Cycle complete, pending=1 ===
[2026-09-17T12:42:45.470937Z] === Watch cycle start ===
[2026-09-17T12:42:45.481994Z] === Cycle complete, pending=1 ===
[2026-09-17T12:43:15.494398Z] === Watch cycle start ===
[2026-09-17T12:43:15.501836Z] === Cycle complete, pending=1 ===
[2026-09-17T12:43:45.503653Z] === Watch cycle start ===
[2026-09-17T12:43:45.517381Z] === Cycle complete, pending=1 ===
[2026-09-17T12:44:15.541614Z] === Watch cycle start ===
[2026-09-17T12:44:15.615223Z] === Cycle complete, pending=1 ===
[2026-09-17T12:44:45.629320Z] === Watch cycle start ===
[2026-09-17T12:44:45.637968Z] === Cycle complete, pending=1 ===
[2026-09-17T12:45:15.650444Z] === Watch cycle start ===
[2026-09-17T12:45:15.700480Z] === Cycle complete, pending=1 ===
[2026-09-17T12:45:45.710552Z] === Watch cycle start ===
[2026-09-17T12:45:45.722642Z] === Cycle complete, pending=1 ===
[2026-09-17T12:46:15.733667Z] === Watch cycle start ===
[2026-09-17T12:46:15.751560Z] === Cycle complete, pending=1 ===
[2026-09-17T12:46:45.770084Z] === Watch cycle start ===
[2026-09-17T12:46:45.780270Z] === Cycle complete, pending=1 ===
[2026-09-17T12:47:15.818519Z] === Watch cycle start ===
[2026-09-17T12:47:15.841253Z] === Cycle complete, pending=1 ===
[2026-09-17T12:47:45.873538Z] === Watch cycle start ===
[2026-09-17T12:47:45.966925Z] === Cycle complete, pending=1 ===
[2026-09-17T12:48:15.994531Z] === Watch cycle start ===
[2026-09-17T12:48:16.008209Z] === Cycle complete, pending=1 ===
[2026-09-17T12:48:46.020882Z] === Watch cycle start ===
[2026-09-17T12:48:46.051846Z] === Cycle complete, pending=1 ===
[2026-09-17T12:49:16.062765Z] === Watch cycle start ===
[2026-09-17T12:49:16.095402Z] === Cycle complete, pending=1 ===
[2026-09-17T12:49:46.121567Z] === Watch cycle start ===
[2026-09-17T12:49:46.141355Z] === Cycle complete, pending=1 ===
[2026-09-17T12:50:16.160117Z] === Watch cycle start ===
[2026-09-17T12:50:16.189242Z] === Cycle complete, pending=1 ===
[2026-09-17T12:50:46.215244Z] === Watch cycle start ===
[2026-09-17T12:50:46.257493Z] === Cycle complete, pending=1 ===
[2026-09-17T12:51:16.285399Z] === Watch cycle start ===
[2026-09-17T12:51:16.337764Z] === Cycle complete, pending=1 ===
[2026-09-17T12:51:46.355798Z] === Watch cycle start ===
[2026-09-17T12:51:46.375341Z] === Cycle complete, pending=1 ===
[2026-09-17T12:52:16.391819Z] === Watch cycle start ===
[2026-09-17T12:52:16.413173Z] === Cycle complete, pending=1 ===
[2026-09-17T12:52:46.448723Z] === Watch cycle start ===
[2026-09-17T12:52:46.476365Z] === Cycle complete, pending=1 ===
[2026-09-17T12:53:16.509786Z] === Watch cycle start ===
[2026-09-17T12:53:16.585146Z] === Cycle complete, pending=1 ===
[2026-09-17T12:53:46.618292Z] === Watch cycle start ===
[2026-09-17T12:53:46.662421Z] === Cycle complete, pending=1 ===
[2026-09-17T12:54:16.691633Z] === Watch cycle start ===
[2026-09-17T12:54:16.745530Z] === Cycle complete, pending=1 ===
[2026-09-17T12:54:46.802618Z] === Watch cycle start ===
[2026-09-17T12:54:46.830476Z] === Cycle complete, pending=1 ===
[2026-09-17T12:55:16.890970Z] === Watch cycle start ===
[2026-09-17T12:55:16.974302Z] === Cycle complete, pending=1 ===
[2026-09-17T12:55:47.027921Z] === Watch cycle start ===
[2026-09-17T12:55:47.052538Z] === Cycle complete, pending=1 ===
[2026-09-17T12:56:17.061287Z] === Watch cycle start ===
[2026-09-17T12:56:17.074004Z] === Cycle complete, pending=1 ===
[2026-09-17T12:56:47.079749Z] === Watch cycle start ===
[2026-09-17T12:56:47.085078Z] === Cycle complete, pending=1 ===
[2026-09-17T12:57:17.088869Z] === Watch cycle start ===
[2026-09-17T12:57:17.110326Z] === Cycle complete, pending=1 ===
[2026-09-17T12:57:47.132365Z] === Watch cycle start ===
[2026-09-17T12:57:47.136389Z] === Cycle complete, pending=1 ===
[2026-09-17T12:58:17.137614Z] === Watch cycle start ===
[2026-09-17T12:58:17.142981Z] === Cycle complete, pending=1 ===
[2026-09-17T12:58:47.146548Z] === Watch cycle start ===
[2026-09-17T12:58:47.158804Z] === Cycle complete, pending=1 ===
[2026-09-17T12:59:17.172739Z] === Watch cycle start ===
[2026-09-17T12:59:17.217147Z] === Cycle complete, pending=1 ===
[2026-09-17T12:59:47.281989Z] === Watch cycle start ===
[2026-09-17T12:59:47.471099Z] === Cycle complete, pending=1 ===
[2026-09-17T13:00:17.552855Z] === Watch cycle start ===
[2026-09-17T13:00:17.565588Z] === Cycle complete, pending=1 ===
[2026-09-17T13:00:47.566966Z] === Watch cycle start ===
[2026-09-17T13:00:47.583238Z] === Cycle complete, pending=1 ===
[2026-09-17T13:01:17.597707Z] === Watch cycle start ===
[2026-09-17T13:01:17.609219Z] === Cycle complete, pending=1 ===
[2026-09-17T13:01:47.612351Z] === Watch cycle start ===
[2026-09-17T13:01:47.617054Z] === Cycle complete, pending=1 ===
[2026-09-17T13:02:17.618753Z] === Watch cycle start ===
[2026-09-17T13:02:17.629955Z] === Cycle complete, pending=1 ===
[2026-09-17T13:02:47.632341Z] === Watch cycle start ===
[2026-09-17T13:02:47.640821Z] === Cycle complete, pending=1 ===
[2026-09-17T13:03:17.647944Z] === Watch cycle start ===
[2026-09-17T13:03:17.664251Z] === Cycle complete, pending=1 ===
[2026-09-17T13:03:47.667715Z] === Watch cycle start ===
[2026-09-17T13:03:47.674796Z] === Cycle complete, pending=1 ===
[2026-09-17T13:04:17.676988Z] === Watch cycle start ===
[2026-09-17T13:04:17.682463Z] === Cycle complete, pending=1 ===
[2026-09-17T13:04:47.685318Z] === Watch cycle start ===
[2026-09-17T13:04:47.702838Z] === Cycle complete, pending=1 ===
[2026-09-17T13:05:17.718370Z] === Watch cycle start ===
[2026-09-17T13:05:17.734676Z] === Cycle complete, pending=1 ===
[2026-09-17T13:05:47.738539Z] === Watch cycle start ===
[2026-09-17T13:05:47.763753Z] === Cycle complete, pending=1 ===
[2026-09-17T13:06:17.779202Z] === Watch cycle start ===
[2026-09-17T13:06:17.789226Z] === Cycle complete, pending=1 ===
[2026-09-17T13:06:47.790410Z] === Watch cycle start ===
[2026-09-17T13:06:47.800202Z] === Cycle complete, pending=1 ===
[2026-09-17T13:07:17.804917Z] === Watch cycle start ===
[2026-09-17T13:07:17.823729Z] === Cycle complete, pending=1 ===
[2026-09-17T13:07:47.826163Z] === Watch cycle start ===
[2026-09-17T13:07:47.834684Z] === Cycle complete, pending=1 ===
[2026-09-17T13:08:17.838059Z] === Watch cycle start ===
[2026-09-17T13:08:17.848496Z] === Cycle complete, pending=1 ===
[2026-09-17T13:08:47.852652Z] === Watch cycle start ===
[2026-09-17T13:08:47.856946Z] === Cycle complete, pending=1 ===
[2026-09-17T13:09:17.858144Z] === Watch cycle start ===
[2026-09-17T13:09:17.867562Z] === Cycle complete, pending=1 ===
[2026-09-17T13:09:47.868948Z] === Watch cycle start ===
[2026-09-17T13:09:47.873172Z] === Cycle complete, pending=1 ===
[2026-09-17T13:10:17.874405Z] === Watch cycle start ===
[2026-09-17T13:10:17.881347Z] === Cycle complete, pending=1 ===
[2026-09-17T13:10:47.883029Z] === Watch cycle start ===
[2026-09-17T13:10:47.888663Z] === Cycle complete, pending=1 ===
[2026-09-17T13:11:17.890388Z] === Watch cycle start ===
[2026-09-17T13:11:17.898949Z] STALE: soak-001 past deadline + 30min grace
[2026-09-17T13:11:17.907360Z] === Cycle complete, pending=0 ===
[2026-09-17T13:11:47.908651Z] === Watch cycle start ===
[2026-09-17T13:11:47.926527Z] Registered new inbound task: soak-001
[2026-09-17T13:11:47.927846Z] === Cycle complete, pending=1 ===
[2026-09-17T13:12:17.953020Z] === Watch cycle start ===
[2026-09-17T13:12:18.163451Z] === Cycle complete, pending=1 ===
[2026-09-17T13:12:48.213264Z] === Watch cycle start ===
[2026-09-17T13:12:48.222406Z] === Cycle complete, pending=1 ===
[2026-09-17T13:13:18.223826Z] === Watch cycle start ===
[2026-09-17T13:13:18.230503Z] === Cycle complete, pending=1 ===
[2026-09-17T13:13:48.232202Z] === Watch cycle start ===
[2026-09-17T13:13:48.237484Z] === Cycle complete, pending=1 ===
[2026-09-17T13:14:18.239540Z] === Watch cycle start ===
[2026-09-17T13:14:18.252604Z] === Cycle complete, pending=1 ===
[2026-09-17T13:14:48.253914Z] === Watch cycle start ===
[2026-09-17T13:14:48.259449Z] === Cycle complete, pending=1 ===
[2026-09-17T13:15:18.260618Z] === Watch cycle start ===
[2026-09-17T13:15:18.272757Z] === Cycle complete, pending=1 ===
[2026-09-17T13:15:48.275132Z] === Watch cycle start ===
[2026-09-17T13:15:48.279834Z] === Cycle complete, pending=1 ===
[2026-09-17T13:16:18.280920Z] === Watch cycle start ===
[2026-09-17T13:16:18.292430Z] === Cycle complete, pending=1 ===
[2026-09-17T13:16:48.293200Z] === Watch cycle start ===
[2026-09-17T13:16:48.297352Z] === Cycle complete, pending=1 ===
[2026-09-17T13:17:18.298586Z] === Watch cycle start ===
[2026-09-17T13:17:18.317191Z] === Cycle complete, pending=1 ===
[2026-09-17T13:17:48.317980Z] === Watch cycle start ===
[2026-09-17T13:17:48.324060Z] === Cycle complete, pending=1 ===
[2026-09-17T13:18:18.325269Z] === Watch cycle start ===
[2026-09-17T13:18:18.330386Z] === Cycle complete, pending=1 ===
[2026-09-17T13:18:48.332195Z] === Watch cycle start ===
[2026-09-17T13:18:48.337422Z] === Cycle complete, pending=1 ===
[2026-09-17T13:19:18.339364Z] === Watch cycle start ===
[2026-09-17T13:19:18.356777Z] === Cycle complete, pending=1 ===
[2026-09-17T13:19:48.357620Z] === Watch cycle start ===
[2026-09-17T13:19:48.363058Z] === Cycle complete, pending=1 ===
[2026-09-17T13:20:18.364155Z] === Watch cycle start ===
[2026-09-17T13:20:18.372034Z] === Cycle complete, pending=1 ===
[2026-09-17T13:20:48.372923Z] === Watch cycle start ===
[2026-09-17T13:20:48.381408Z] === Cycle complete, pending=1 ===
[2026-09-17T13:21:18.382945Z] === Watch cycle start ===
[2026-09-17T13:21:18.389685Z] === Cycle complete, pending=1 ===
[2026-09-17T13:21:48.395584Z] === Watch cycle start ===
[2026-09-17T13:21:48.403640Z] === Cycle complete, pending=1 ===
[2026-09-17T13:22:18.405384Z] === Watch cycle start ===
[2026-09-17T13:22:18.416667Z] === Cycle complete, pending=1 ===
[2026-09-17T13:22:48.418705Z] === Watch cycle start ===
[2026-09-17T13:22:48.423588Z] === Cycle complete, pending=1 ===
[2026-09-17T13:23:18.424768Z] === Watch cycle start ===
[2026-09-17T13:23:18.431880Z] === Cycle complete, pending=1 ===
[2026-09-17T13:23:48.433706Z] === Watch cycle start ===
[2026-09-17T13:23:48.439393Z] === Cycle complete, pending=1 ===
[2026-09-17T13:24:18.440144Z] === Watch cycle start ===
[2026-09-17T13:24:18.444462Z] === Cycle complete, pending=1 ===
[2026-09-17T13:24:48.445650Z] === Watch cycle start ===
[2026-09-17T13:24:48.454544Z] === Cycle complete, pending=1 ===
[2026-09-17T13:25:18.455495Z] === Watch cycle start ===
[2026-09-17T13:25:18.466147Z] === Cycle complete, pending=1 ===
[2026-09-17T13:25:48.470185Z] === Watch cycle start ===
[2026-09-17T13:25:48.480107Z] === Cycle complete, pending=1 ===
[2026-09-17T13:26:18.483994Z] === Watch cycle start ===
[2026-09-17T13:26:18.499912Z] === Cycle complete, pending=1 ===
[2026-09-17T13:26:48.510815Z] === Watch cycle start ===
[2026-09-17T13:26:48.515023Z] === Cycle complete, pending=1 ===
[2026-09-17T13:27:18.517298Z] === Watch cycle start ===
[2026-09-17T13:27:18.526804Z] === Cycle complete, pending=1 ===
[2026-09-17T13:27:48.527654Z] === Watch cycle start ===
[2026-09-17T13:27:48.531984Z] === Cycle complete, pending=1 ===
[2026-09-17T13:28:18.533269Z] === Watch cycle start ===
[2026-09-17T13:28:18.541609Z] === Cycle complete, pending=1 ===
[2026-09-17T13:28:48.542716Z] === Watch cycle start ===
[2026-09-17T13:28:48.549092Z] === Cycle complete, pending=1 ===
[2026-09-17T13:29:18.551142Z] === Watch cycle start ===
[2026-09-17T13:29:18.558400Z] === Cycle complete, pending=1 ===
[2026-09-17T13:29:48.559268Z] === Watch cycle start ===
[2026-09-17T13:29:48.564171Z] === Cycle complete, pending=1 ===
[2026-09-17T13:30:18.565213Z] === Watch cycle start ===
[2026-09-17T13:30:18.571776Z] === Cycle complete, pending=1 ===
[2026-09-17T13:30:48.574714Z] === Watch cycle start ===
[2026-09-17T13:30:48.579188Z] === Cycle complete, pending=1 ===
[2026-09-17T13:31:18.584799Z] === Watch cycle start ===
[2026-09-17T13:31:18.590703Z] === Cycle complete, pending=1 ===
[2026-09-17T13:31:48.597512Z] === Watch cycle start ===
[2026-09-17T13:31:48.602236Z] === Cycle complete, pending=1 ===
[2026-09-17T13:32:18.604559Z] === Watch cycle start ===
[2026-09-17T13:32:18.610431Z] === Cycle complete, pending=1 ===
[2026-09-17T13:32:48.612181Z] === Watch cycle start ===
[2026-09-17T13:32:48.617795Z] === Cycle complete, pending=1 ===
[2026-09-17T13:33:18.618785Z] === Watch cycle start ===
[2026-09-17T13:33:18.625550Z] === Cycle complete, pending=1 ===
[2026-09-17T13:33:48.626657Z] === Watch cycle start ===
[2026-09-17T13:33:48.632842Z] === Cycle complete, pending=1 ===
[2026-09-17T13:34:18.634164Z] === Watch cycle start ===
[2026-09-17T13:34:18.639642Z] === Cycle complete, pending=1 ===
[2026-09-17T13:34:48.640924Z] === Watch cycle start ===
[2026-09-17T13:34:48.649939Z] === Cycle complete, pending=1 ===
[2026-09-17T13:35:18.651070Z] === Watch cycle start ===
[2026-09-17T13:35:18.661283Z] === Cycle complete, pending=1 ===
[2026-09-17T13:35:48.663501Z] === Watch cycle start ===
[2026-09-17T13:35:48.667664Z] === Cycle complete, pending=1 ===
[2026-09-17T13:36:18.668775Z] === Watch cycle start ===
[2026-09-17T13:36:18.679453Z] === Cycle complete, pending=1 ===
[2026-09-17T13:36:48.681428Z] === Watch cycle start ===
[2026-09-17T13:36:48.691025Z] === Cycle complete, pending=1 ===
[2026-09-17T13:37:18.692328Z] === Watch cycle start ===
[2026-09-17T13:37:18.702791Z] === Cycle complete, pending=1 ===
[2026-09-17T13:37:48.704902Z] === Watch cycle start ===
[2026-09-17T13:37:48.710860Z] === Cycle complete, pending=1 ===
[2026-09-17T13:38:18.715251Z] === Watch cycle start ===
[2026-09-17T13:38:18.736749Z] === Cycle complete, pending=1 ===
[2026-09-17T13:38:48.750098Z] === Watch cycle start ===
[2026-09-17T13:38:48.783201Z] === Cycle complete, pending=1 ===
[2026-09-17T13:39:18.805001Z] === Watch cycle start ===
[2026-09-17T13:39:18.874577Z] === Cycle complete, pending=1 ===
[2026-09-17T13:39:48.947316Z] === Watch cycle start ===
[2026-09-17T13:39:48.988659Z] === Cycle complete, pending=1 ===
[2026-09-17T13:40:19.030825Z] === Watch cycle start ===
[2026-09-17T13:40:19.044469Z] === Cycle complete, pending=1 ===
[2026-09-17T13:40:49.053743Z] === Watch cycle start ===
[2026-09-17T13:40:49.118810Z] === Cycle complete, pending=1 ===
[2026-09-17T13:41:19.198291Z] === Watch cycle start ===
[2026-09-17T13:41:19.207490Z] === Cycle complete, pending=1 ===
[2026-09-17T13:41:49.213470Z] === Watch cycle start ===
[2026-09-17T13:41:49.219747Z] === Cycle complete, pending=1 ===
[2026-09-17T13:42:19.221868Z] === Watch cycle start ===
[2026-09-17T13:42:19.228807Z] === Cycle complete, pending=1 ===
[2026-09-17T13:42:49.236659Z] === Watch cycle start ===
[2026-09-17T13:42:49.262415Z] === Cycle complete, pending=1 ===
[2026-09-17T13:43:19.273447Z] === Watch cycle start ===
[2026-09-17T13:43:19.287891Z] === Cycle complete, pending=1 ===
[2026-09-17T13:43:49.291989Z] === Watch cycle start ===
[2026-09-17T13:43:49.299304Z] === Cycle complete, pending=1 ===
[2026-09-17T13:44:19.300786Z] === Watch cycle start ===
[2026-09-17T13:44:19.307129Z] === Cycle complete, pending=1 ===
[2026-09-17T13:44:49.310525Z] === Watch cycle start ===
[2026-09-17T13:44:49.319476Z] === Cycle complete, pending=1 ===
[2026-09-17T13:45:19.320895Z] === Watch cycle start ===
[2026-09-17T13:45:19.338843Z] === Cycle complete, pending=1 ===
[2026-09-17T13:45:49.344554Z] === Watch cycle start ===
[2026-09-17T13:45:49.383527Z] === Cycle complete, pending=1 ===
[2026-09-17T13:46:19.410360Z] === Watch cycle start ===
[2026-09-17T13:46:19.472270Z] === Cycle complete, pending=1 ===
[2026-09-17T13:46:49.476732Z] === Watch cycle start ===
[2026-09-17T13:46:49.491037Z] === Cycle complete, pending=1 ===
[2026-09-17T13:47:19.501380Z] === Watch cycle start ===
[2026-09-17T13:47:19.509652Z] === Cycle complete, pending=1 ===
[2026-09-17T13:47:49.512548Z] === Watch cycle start ===
[2026-09-17T13:47:49.520511Z] === Cycle complete, pending=1 ===
[2026-09-17T13:48:19.521365Z] === Watch cycle start ===
[2026-09-17T13:48:19.534824Z] === Cycle complete, pending=1 ===
[2026-09-17T13:48:49.540656Z] === Watch cycle start ===
[2026-09-17T13:48:49.552972Z] === Cycle complete, pending=1 ===
[2026-09-17T13:49:19.565306Z] === Watch cycle start ===
[2026-09-17T13:49:19.587178Z] === Cycle complete, pending=1 ===
[2026-09-17T13:49:49.592420Z] === Watch cycle start ===
[2026-09-17T13:49:49.618012Z] === Cycle complete, pending=1 ===
[2026-09-17T13:50:19.632353Z] === Watch cycle start ===
[2026-09-17T13:50:19.645914Z] === Cycle complete, pending=1 ===
[2026-09-17T13:50:49.652761Z] === Watch cycle start ===
[2026-09-17T13:50:49.683233Z] === Cycle complete, pending=1 ===
[2026-09-17T13:51:19.707762Z] === Watch cycle start ===
[2026-09-17T13:51:19.736669Z] === Cycle complete, pending=1 ===
[2026-09-17T13:51:49.770605Z] === Watch cycle start ===
[2026-09-17T13:51:49.814602Z] === Cycle complete, pending=1 ===
[2026-09-17T13:52:19.857813Z] === Watch cycle start ===
[2026-09-17T13:52:19.907010Z] === Cycle complete, pending=1 ===
[2026-09-17T13:52:49.921910Z] === Watch cycle start ===
[2026-09-17T13:52:49.954134Z] === Cycle complete, pending=1 ===
[2026-09-17T13:53:19.963498Z] === Watch cycle start ===
[2026-09-17T13:53:19.980686Z] === Cycle complete, pending=1 ===
[2026-09-17T13:53:49.992287Z] === Watch cycle start ===
[2026-09-17T13:53:50.053055Z] === Cycle complete, pending=1 ===
[2026-09-17T13:54:20.066835Z] === Watch cycle start ===
[2026-09-17T13:54:20.097260Z] === Cycle complete, pending=1 ===
[2026-09-17T13:54:50.102284Z] === Watch cycle start ===
[2026-09-17T13:54:50.107841Z] === Cycle complete, pending=1 ===
[2026-09-17T13:55:20.116893Z] === Watch cycle start ===
[2026-09-17T13:55:20.128225Z] === Cycle complete, pending=1 ===
[2026-09-17T13:55:50.141754Z] === Watch cycle start ===
[2026-09-17T13:55:50.179329Z] === Cycle complete, pending=1 ===
[2026-09-17T13:56:20.203491Z] === Watch cycle start ===
[2026-09-17T13:56:20.222484Z] === Cycle complete, pending=1 ===
[2026-09-17T13:56:50.390986Z] === Watch cycle start ===
[2026-09-17T13:56:50.586604Z] === Cycle complete, pending=1 ===
[2026-09-17T13:57:20.734182Z] === Watch cycle start ===
[2026-09-17T13:57:20.870085Z] === Cycle complete, pending=1 ===
[2026-09-17T13:57:50.920962Z] === Watch cycle start ===
[2026-09-17T13:57:50.954740Z] === Cycle complete, pending=1 ===
[2026-09-17T13:58:20.978908Z] === Watch cycle start ===
[2026-09-17T13:58:21.000983Z] === Cycle complete, pending=1 ===
[2026-09-17T13:58:51.016426Z] === Watch cycle start ===
[2026-09-17T13:58:51.057106Z] === Cycle complete, pending=1 ===
[2026-09-17T13:59:21.126059Z] === Watch cycle start ===
[2026-09-17T13:59:21.178760Z] === Cycle complete, pending=1 ===
[2026-09-17T13:59:51.219879Z] === Watch cycle start ===
[2026-09-17T13:59:51.320461Z] === Cycle complete, pending=1 ===
[2026-09-17T14:00:21.388186Z] === Watch cycle start ===
[2026-09-17T14:00:21.416065Z] === Cycle complete, pending=1 ===
[2026-09-17T14:00:51.482265Z] === Watch cycle start ===
[2026-09-17T14:00:51.561294Z] === Cycle complete, pending=1 ===
[2026-09-17T14:01:21.606003Z] === Watch cycle start ===
[2026-09-17T14:01:21.670229Z] === Cycle complete, pending=1 ===
[2026-09-17T14:01:51.684887Z] === Watch cycle start ===
[2026-09-17T14:01:51.735525Z] === Cycle complete, pending=1 ===
[2026-09-17T14:02:21.776043Z] === Watch cycle start ===
[2026-09-17T14:02:21.837561Z] === Cycle complete, pending=1 ===
[2026-09-17T14:02:51.890080Z] === Watch cycle start ===
[2026-09-17T14:02:51.914231Z] === Cycle complete, pending=1 ===
[2026-09-17T14:03:21.951594Z] === Watch cycle start ===
[2026-09-17T14:03:21.984970Z] === Cycle complete, pending=1 ===
[2026-09-17T14:03:51.999729Z] === Watch cycle start ===
[2026-09-17T14:03:52.018931Z] === Cycle complete, pending=1 ===
[2026-09-17T14:04:22.053906Z] === Watch cycle start ===
[2026-09-17T14:04:22.176187Z] === Cycle complete, pending=1 ===
[2026-09-17T14:04:52.238909Z] === Watch cycle start ===
[2026-09-17T14:04:52.356354Z] === Cycle complete, pending=1 ===
[2026-09-17T14:05:22.594440Z] === Watch cycle start ===
[2026-09-17T14:05:22.809393Z] === Cycle complete, pending=1 ===
[2026-09-17T14:05:52.953701Z] === Watch cycle start ===
[2026-09-17T14:05:53.085738Z] === Cycle complete, pending=1 ===
[2026-09-17T14:06:23.157844Z] === Watch cycle start ===
[2026-09-17T14:06:23.257169Z] === Cycle complete, pending=1 ===
[2026-09-17T14:06:53.547013Z] === Watch cycle start ===
[2026-09-17T14:06:53.945454Z] === Cycle complete, pending=1 ===
[2026-09-17T14:07:24.415406Z] === Watch cycle start ===
[2026-09-17T14:07:24.930266Z] === Cycle complete, pending=1 ===
[2026-09-17T14:07:55.256016Z] === Watch cycle start ===
[2026-09-17T14:07:55.650323Z] === Cycle complete, pending=1 ===
[2026-09-17T14:08:26.045682Z] === Watch cycle start ===
[2026-09-17T14:08:26.475247Z] === Cycle complete, pending=1 ===
[2026-09-17T14:08:56.999305Z] === Watch cycle start ===
[2026-09-17T14:08:57.241578Z] === Cycle complete, pending=1 ===
[2026-09-17T14:09:27.341876Z] === Watch cycle start ===
[2026-09-17T14:09:27.491050Z] === Cycle complete, pending=1 ===
[2026-09-17T14:09:57.595542Z] === Watch cycle start ===
[2026-09-17T14:09:57.666239Z] === Cycle complete, pending=1 ===
[2026-09-17T14:10:27.732140Z] === Watch cycle start ===
[2026-09-17T14:10:27.827394Z] === Cycle complete, pending=1 ===
[2026-09-17T14:10:57.909856Z] === Watch cycle start ===
[2026-09-17T14:10:58.016566Z] === Cycle complete, pending=1 ===
[2026-09-17T14:11:28.094238Z] === Watch cycle start ===
[2026-09-17T14:11:28.157232Z] === Cycle complete, pending=1 ===
[2026-09-17T14:11:58.200220Z] === Watch cycle start ===
[2026-09-17T14:11:58.213999Z] === Cycle complete, pending=1 ===
[2026-09-17T14:12:28.224474Z] === Watch cycle start ===
[2026-09-17T14:12:28.248383Z] === Cycle complete, pending=1 ===
[2026-09-17T14:12:58.298572Z] === Watch cycle start ===
[2026-09-17T14:12:58.329276Z] === Cycle complete, pending=1 ===
[2026-09-17T14:13:28.341409Z] === Watch cycle start ===
[2026-09-17T14:13:28.352932Z] === Cycle complete, pending=1 ===
[2026-09-17T14:13:58.363565Z] === Watch cycle start ===
[2026-09-17T14:13:58.372852Z] === Cycle complete, pending=1 ===
[2026-09-17T14:14:28.386126Z] === Watch cycle start ===
[2026-09-17T14:14:28.406903Z] === Cycle complete, pending=1 ===
[2026-09-17T14:14:58.412847Z] === Watch cycle start ===
[2026-09-17T14:14:58.419823Z] === Cycle complete, pending=1 ===
[2026-09-17T14:15:28.430734Z] === Watch cycle start ===
[2026-09-17T14:15:28.444618Z] === Cycle complete, pending=1 ===
[2026-09-17T14:15:58.456242Z] === Watch cycle start ===
[2026-09-17T14:15:58.469082Z] === Cycle complete, pending=1 ===
[2026-09-17T14:16:28.477906Z] === Watch cycle start ===
[2026-09-17T14:16:28.542819Z] === Cycle complete, pending=1 ===
[2026-09-17T14:16:58.556601Z] === Watch cycle start ===
[2026-09-17T14:16:58.577949Z] === Cycle complete, pending=1 ===
[2026-09-17T14:17:28.617847Z] === Watch cycle start ===
[2026-09-17T14:17:28.643000Z] === Cycle complete, pending=1 ===
[2026-09-17T14:17:58.664612Z] === Watch cycle start ===
[2026-09-17T14:17:58.675215Z] === Cycle complete, pending=1 ===
[2026-09-17T14:18:28.700552Z] === Watch cycle start ===
[2026-09-17T14:18:28.727116Z] === Cycle complete, pending=1 ===
[2026-09-17T14:18:58.795561Z] === Watch cycle start ===
[2026-09-17T14:18:59.014723Z] === Cycle complete, pending=1 ===
[2026-09-17T14:19:29.110735Z] === Watch cycle start ===
[2026-09-17T14:19:29.194546Z] === Cycle complete, pending=1 ===
[2026-09-17T14:19:59.252472Z] === Watch cycle start ===
[2026-09-17T14:19:59.374802Z] === Cycle complete, pending=1 ===
[2026-09-17T14:20:29.441769Z] === Watch cycle start ===
[2026-09-17T14:20:29.500363Z] === Cycle complete, pending=1 ===
[2026-09-17T14:20:59.564979Z] === Watch cycle start ===
[2026-09-17T14:20:59.591617Z] === Cycle complete, pending=1 ===
[2026-09-17T14:21:29.631364Z] === Watch cycle start ===
[2026-09-17T14:21:29.656668Z] === Cycle complete, pending=1 ===
[2026-09-17T14:21:59.711855Z] === Watch cycle start ===
[2026-09-17T14:21:59.743576Z] === Cycle complete, pending=1 ===
[2026-09-17T14:22:29.777241Z] === Watch cycle start ===
[2026-09-17T14:22:29.791467Z] === Cycle complete, pending=1 ===
[2026-09-17T14:22:59.806849Z] === Watch cycle start ===
[2026-09-17T14:22:59.866112Z] === Cycle complete, pending=1 ===
[2026-09-17T14:23:29.894248Z] === Watch cycle start ===
[2026-09-17T14:23:29.925878Z] === Cycle complete, pending=1 ===
[2026-09-17T14:23:59.982992Z] === Watch cycle start ===
[2026-09-17T14:24:00.100112Z] === Cycle complete, pending=1 ===
[2026-09-17T14:24:30.201575Z] === Watch cycle start ===
[2026-09-17T14:24:30.287684Z] === Cycle complete, pending=1 ===
[2026-09-17T14:25:00.340864Z] === Watch cycle start ===
[2026-09-17T14:25:00.352787Z] === Cycle complete, pending=1 ===
[2026-09-17T14:25:30.363540Z] === Watch cycle start ===
[2026-09-17T14:25:30.375514Z] === Cycle complete, pending=1 ===
[2026-09-17T14:26:00.421153Z] === Watch cycle start ===
[2026-09-17T14:26:00.499187Z] === Cycle complete, pending=1 ===
[2026-09-17T14:26:30.563686Z] === Watch cycle start ===
[2026-09-17T14:26:30.589943Z] === Cycle complete, pending=1 ===
[2026-09-17T14:27:00.612544Z] === Watch cycle start ===
[2026-09-17T14:27:00.709589Z] === Cycle complete, pending=1 ===
[2026-09-17T14:27:30.749802Z] === Watch cycle start ===
[2026-09-17T14:27:30.835707Z] === Cycle complete, pending=1 ===
[2026-09-17T14:28:00.906845Z] === Watch cycle start ===
[2026-09-17T14:28:00.941353Z] === Cycle complete, pending=1 ===
[2026-09-17T14:28:30.950157Z] === Watch cycle start ===
[2026-09-17T14:28:30.958881Z] === Cycle complete, pending=1 ===
[2026-09-17T14:29:00.992201Z] === Watch cycle start ===
[2026-09-17T14:29:01.037004Z] === Cycle complete, pending=1 ===
[2026-09-17T14:29:31.083626Z] === Watch cycle start ===
[2026-09-17T14:29:31.104667Z] === Cycle complete, pending=1 ===
[2026-09-17T14:30:01.128365Z] === Watch cycle start ===
[2026-09-17T14:30:01.159486Z] === Cycle complete, pending=1 ===
[2026-09-17T14:30:31.182907Z] === Watch cycle start ===
[2026-09-17T14:30:31.209087Z] === Cycle complete, pending=1 ===
[2026-09-17T14:31:01.236566Z] === Watch cycle start ===
[2026-09-17T14:31:01.259286Z] === Cycle complete, pending=1 ===
[2026-09-17T14:31:31.287559Z] === Watch cycle start ===
[2026-09-17T14:31:31.353304Z] === Cycle complete, pending=1 ===
[2026-09-17T14:32:01.375767Z] === Watch cycle start ===
[2026-09-17T14:32:01.397168Z] === Cycle complete, pending=1 ===
[2026-09-17T14:32:31.433111Z] === Watch cycle start ===
[2026-09-17T14:32:31.525231Z] === Cycle complete, pending=1 ===
[2026-09-17T14:33:01.546059Z] === Watch cycle start ===
[2026-09-17T14:33:01.559809Z] === Cycle complete, pending=1 ===
[2026-09-17T14:33:31.576010Z] === Watch cycle start ===
[2026-09-17T14:33:31.613539Z] === Cycle complete, pending=1 ===
[2026-09-17T14:34:01.622099Z] === Watch cycle start ===
[2026-09-17T14:34:01.636090Z] === Cycle complete, pending=1 ===
[2026-09-17T14:34:31.653946Z] === Watch cycle start ===
[2026-09-17T14:34:31.693379Z] === Cycle complete, pending=1 ===
[2026-09-17T14:35:01.752923Z] === Watch cycle start ===
[2026-09-17T14:35:01.829279Z] === Cycle complete, pending=1 ===
[2026-09-17T14:35:31.874771Z] === Watch cycle start ===
[2026-09-17T14:35:31.909785Z] === Cycle complete, pending=1 ===
[2026-09-17T14:36:01.948812Z] === Watch cycle start ===
[2026-09-17T14:36:01.991802Z] === Cycle complete, pending=1 ===
[2026-09-17T14:36:32.033274Z] === Watch cycle start ===
[2026-09-17T14:36:32.080798Z] === Cycle complete, pending=1 ===
[2026-09-17T14:37:02.112486Z] === Watch cycle start ===
[2026-09-17T14:37:02.149663Z] === Cycle complete, pending=1 ===
[2026-09-17T14:37:32.179135Z] === Watch cycle start ===
[2026-09-17T14:37:32.284306Z] === Cycle complete, pending=1 ===
[2026-09-17T14:38:02.328738Z] === Watch cycle start ===
[2026-09-17T14:38:02.365695Z] === Cycle complete, pending=1 ===
[2026-09-17T14:38:32.389027Z] === Watch cycle start ===
[2026-09-17T14:38:32.417389Z] === Cycle complete, pending=1 ===
[2026-09-17T14:39:02.424256Z] === Watch cycle start ===
[2026-09-17T14:39:02.466119Z] === Cycle complete, pending=1 ===
[2026-09-17T14:39:32.488836Z] === Watch cycle start ===
[2026-09-17T14:39:32.535082Z] === Cycle complete, pending=1 ===
[2026-09-17T14:40:02.563936Z] === Watch cycle start ===
[2026-09-17T14:40:02.584096Z] === Cycle complete, pending=1 ===
[2026-09-17T14:40:32.592142Z] === Watch cycle start ===
[2026-09-17T14:40:32.645603Z] === Cycle complete, pending=1 ===
[2026-09-17T14:41:02.656845Z] === Watch cycle start ===
[2026-09-17T14:41:02.712990Z] === Cycle complete, pending=1 ===
[2026-09-17T14:41:32.731792Z] === Watch cycle start ===
[2026-09-17T14:41:32.748771Z] === Cycle complete, pending=1 ===
[2026-09-17T14:42:02.761774Z] === Watch cycle start ===
[2026-09-17T14:42:02.767607Z] STALE: soak-001 past deadline + 30min grace
[2026-09-17T14:42:02.770990Z] === Cycle complete, pending=0 ===
[2026-09-17T14:42:32.797182Z] === Watch cycle start ===
[2026-09-17T14:42:32.884303Z] Registered new inbound task: soak-001
[2026-09-17T14:42:32.902364Z] === Cycle complete, pending=1 ===
[2026-09-17T14:43:02.911765Z] === Watch cycle start ===
[2026-09-17T14:43:02.938433Z] === Cycle complete, pending=1 ===
[2026-09-17T14:43:33.042088Z] === Watch cycle start ===
[2026-09-17T14:43:33.189010Z] === Cycle complete, pending=1 ===
[2026-09-17T14:44:03.253941Z] === Watch cycle start ===
[2026-09-17T14:44:03.293002Z] === Cycle complete, pending=1 ===
[2026-09-17T14:44:33.344852Z] === Watch cycle start ===
[2026-09-17T14:44:33.416654Z] === Cycle complete, pending=1 ===
[2026-09-17T14:45:03.477638Z] === Watch cycle start ===
[2026-09-17T14:45:03.542030Z] === Cycle complete, pending=1 ===
[2026-09-17T14:45:33.566464Z] === Watch cycle start ===
[2026-09-17T14:45:33.598827Z] === Cycle complete, pending=1 ===
[2026-09-17T14:46:03.620752Z] === Watch cycle start ===
[2026-09-17T14:46:03.668256Z] === Cycle complete, pending=1 ===
[2026-09-17T14:46:33.691075Z] === Watch cycle start ===
[2026-09-17T14:46:33.713868Z] === Cycle complete, pending=1 ===
[2026-09-17T14:47:03.727245Z] === Watch cycle start ===
[2026-09-17T14:47:03.738513Z] === Cycle complete, pending=1 ===
[2026-09-17T14:47:33.754958Z] === Watch cycle start ===
[2026-09-17T14:47:33.769024Z] === Cycle complete, pending=1 ===
[2026-09-17T14:48:03.787618Z] === Watch cycle start ===
[2026-09-17T14:48:03.943883Z] === Cycle complete, pending=1 ===
[2026-09-17T14:48:33.962145Z] === Watch cycle start ===
[2026-09-17T14:48:33.984685Z] === Cycle complete, pending=1 ===
[2026-09-17T14:49:03.997637Z] === Watch cycle start ===
[2026-09-17T14:49:04.035576Z] === Cycle complete, pending=1 ===
[2026-09-17T14:49:34.057592Z] === Watch cycle start ===
[2026-09-17T14:49:34.113684Z] === Cycle complete, pending=1 ===
[2026-09-17T14:50:04.148500Z] === Watch cycle start ===
[2026-09-17T14:50:04.159899Z] === Cycle complete, pending=1 ===
[2026-09-17T14:50:34.201017Z] === Watch cycle start ===
[2026-09-17T14:50:34.210083Z] === Cycle complete, pending=1 ===
[2026-09-17T14:51:04.234755Z] === Watch cycle start ===
[2026-09-17T14:51:04.303474Z] === Cycle complete, pending=1 ===
[2026-09-17T14:51:34.337961Z] === Watch cycle start ===
[2026-09-17T14:51:34.369517Z] === Cycle complete, pending=1 ===
[2026-09-17T14:52:04.414648Z] === Watch cycle start ===
[2026-09-17T14:52:04.527555Z] === Cycle complete, pending=1 ===
[2026-09-17T14:52:34.580814Z] === Watch cycle start ===
[2026-09-17T14:52:34.604993Z] === Cycle complete, pending=1 ===
[2026-09-17T14:53:04.616066Z] === Watch cycle start ===
[2026-09-17T14:53:04.678882Z] === Cycle complete, pending=1 ===
[2026-09-17T14:53:34.704462Z] === Watch cycle start ===
[2026-09-17T14:53:34.716825Z] === Cycle complete, pending=1 ===
[2026-09-17T14:54:04.723685Z] === Watch cycle start ===
[2026-09-17T14:54:04.733986Z] === Cycle complete, pending=1 ===
[2026-09-17T14:54:34.748585Z] === Watch cycle start ===
[2026-09-17T14:54:34.778965Z] === Cycle complete, pending=1 ===
[2026-09-17T14:55:04.799440Z] === Watch cycle start ===
[2026-09-17T14:55:04.813108Z] === Cycle complete, pending=1 ===
[2026-09-17T14:55:34.837389Z] === Watch cycle start ===
[2026-09-17T14:55:34.860129Z] === Cycle complete, pending=1 ===
[2026-09-17T14:56:04.874528Z] === Watch cycle start ===
[2026-09-17T14:56:04.889571Z] === Cycle complete, pending=1 ===
[2026-09-17T14:56:34.893012Z] === Watch cycle start ===
[2026-09-17T14:56:34.908515Z] === Cycle complete, pending=1 ===
[2026-09-17T14:57:04.937616Z] === Watch cycle start ===
[2026-09-17T14:57:04.955991Z] === Cycle complete, pending=1 ===
[2026-09-17T14:57:34.965950Z] === Watch cycle start ===
[2026-09-17T14:57:35.013107Z] === Cycle complete, pending=1 ===
[2026-09-17T14:58:05.026008Z] === Watch cycle start ===
[2026-09-17T14:58:05.047621Z] === Cycle complete, pending=1 ===
[2026-09-17T14:58:35.089022Z] === Watch cycle start ===
[2026-09-17T14:58:35.096193Z] === Cycle complete, pending=1 ===
[2026-09-17T14:59:05.104808Z] === Watch cycle start ===
[2026-09-17T14:59:05.122406Z] === Cycle complete, pending=1 ===
[2026-09-17T14:59:35.145138Z] === Watch cycle start ===
[2026-09-17T14:59:35.159857Z] === Cycle complete, pending=1 ===
[2026-09-17T15:00:05.165798Z] === Watch cycle start ===
[2026-09-17T15:00:05.180997Z] === Cycle complete, pending=1 ===
[2026-09-17T15:00:35.182785Z] === Watch cycle start ===
[2026-09-17T15:00:35.195071Z] === Cycle complete, pending=1 ===
[2026-09-17T15:01:05.211160Z] === Watch cycle start ===
[2026-09-17T15:01:05.259331Z] === Cycle complete, pending=1 ===
[2026-09-17T15:01:35.288033Z] === Watch cycle start ===
[2026-09-17T15:01:35.348135Z] === Cycle complete, pending=1 ===
[2026-09-17T15:02:05.378791Z] === Watch cycle start ===
[2026-09-17T15:02:05.387871Z] === Cycle complete, pending=1 ===
[2026-09-17T15:02:35.404344Z] === Watch cycle start ===
[2026-09-17T15:02:35.449432Z] === Cycle complete, pending=1 ===
[2026-09-17T15:03:05.469699Z] === Watch cycle start ===
[2026-09-17T15:03:05.490812Z] === Cycle complete, pending=1 ===
[2026-09-17T15:03:35.535117Z] === Watch cycle start ===
[2026-09-17T15:03:35.650292Z] === Cycle complete, pending=1 ===
[2026-09-17T15:04:05.688126Z] === Watch cycle start ===
[2026-09-17T15:04:05.802799Z] === Cycle complete, pending=1 ===
[2026-09-17T15:04:35.874109Z] === Watch cycle start ===
[2026-09-17T15:04:35.908654Z] === Cycle complete, pending=1 ===
[2026-09-17T15:05:05.939385Z] === Watch cycle start ===
[2026-09-17T15:05:05.948365Z] === Cycle complete, pending=1 ===
[2026-09-17T15:05:35.950419Z] === Watch cycle start ===
[2026-09-17T15:05:35.963572Z] === Cycle complete, pending=1 ===
[2026-09-17T15:06:05.991997Z] === Watch cycle start ===
[2026-09-17T15:06:06.044834Z] === Cycle complete, pending=1 ===
[2026-09-17T15:06:36.140134Z] === Watch cycle start ===
[2026-09-17T15:06:36.182611Z] === Cycle complete, pending=1 ===
[2026-09-17T15:07:06.239074Z] === Watch cycle start ===
[2026-09-17T15:07:06.252041Z] === Cycle complete, pending=1 ===
[2026-09-17T15:07:36.264383Z] === Watch cycle start ===
[2026-09-17T15:07:36.294253Z] === Cycle complete, pending=1 ===
[2026-09-17T15:08:06.309912Z] === Watch cycle start ===
[2026-09-17T15:08:06.322691Z] === Cycle complete, pending=1 ===
[2026-09-17T15:08:36.333096Z] === Watch cycle start ===
[2026-09-17T15:08:36.357618Z] === Cycle complete, pending=1 ===
[2026-09-17T15:09:06.373614Z] === Watch cycle start ===
[2026-09-17T15:09:06.393344Z] === Cycle complete, pending=1 ===
[2026-09-17T15:09:36.413978Z] === Watch cycle start ===
[2026-09-17T15:09:36.513668Z] === Cycle complete, pending=1 ===
[2026-09-17T15:10:06.556852Z] === Watch cycle start ===
[2026-09-17T15:10:06.577240Z] === Cycle complete, pending=1 ===
[2026-09-17T15:10:36.587848Z] === Watch cycle start ===
[2026-09-17T15:10:36.599892Z] === Cycle complete, pending=1 ===
[2026-09-17T15:11:06.608502Z] === Watch cycle start ===
[2026-09-17T15:11:06.618365Z] === Cycle complete, pending=1 ===
[2026-09-17T15:11:36.622689Z] === Watch cycle start ===
[2026-09-17T15:11:36.633578Z] === Cycle complete, pending=1 ===
[2026-09-17T15:12:06.640644Z] === Watch cycle start ===
[2026-09-17T15:12:06.652221Z] === Cycle complete, pending=1 ===
[2026-09-17T15:12:36.659757Z] === Watch cycle start ===
[2026-09-17T15:12:36.666652Z] === Cycle complete, pending=1 ===
[2026-09-17T15:13:06.688827Z] === Watch cycle start ===
[2026-09-17T15:13:06.698469Z] === Cycle complete, pending=1 ===
[2026-09-17T15:13:36.700921Z] === Watch cycle start ===
[2026-09-17T15:13:36.711070Z] === Cycle complete, pending=1 ===
[2026-09-17T15:14:06.716777Z] === Watch cycle start ===
[2026-09-17T15:14:06.725732Z] === Cycle complete, pending=1 ===
[2026-09-17T15:14:36.737533Z] === Watch cycle start ===
[2026-09-17T15:14:36.799218Z] === Cycle complete, pending=1 ===
[2026-09-17T15:15:06.822339Z] === Watch cycle start ===
[2026-09-17T15:15:06.855286Z] === Cycle complete, pending=1 ===
[2026-09-17T15:15:36.869931Z] === Watch cycle start ===
[2026-09-17T15:15:36.875156Z] === Cycle complete, pending=1 ===
[2026-09-17T15:16:06.879351Z] === Watch cycle start ===
[2026-09-17T15:16:06.899882Z] === Cycle complete, pending=1 ===
[2026-09-17T15:16:36.925084Z] === Watch cycle start ===
[2026-09-17T15:16:36.930667Z] === Cycle complete, pending=1 ===
[2026-09-17T15:17:06.956207Z] === Watch cycle start ===
[2026-09-17T15:17:07.014970Z] === Cycle complete, pending=1 ===
[2026-09-17T15:17:37.042023Z] === Watch cycle start ===
[2026-09-17T15:17:37.053664Z] === Cycle complete, pending=1 ===
[2026-09-17T15:18:07.055006Z] === Watch cycle start ===
[2026-09-17T15:18:07.059936Z] === Cycle complete, pending=1 ===
[2026-09-17T15:18:37.069320Z] === Watch cycle start ===
[2026-09-17T15:18:37.090451Z] === Cycle complete, pending=1 ===
[2026-09-17T15:19:07.099986Z] === Watch cycle start ===
[2026-09-17T15:19:07.124031Z] === Cycle complete, pending=1 ===
[2026-09-17T15:19:37.138597Z] === Watch cycle start ===
[2026-09-17T15:19:37.163967Z] === Cycle complete, pending=1 ===
[2026-09-17T15:20:07.172010Z] === Watch cycle start ===
[2026-09-17T15:20:07.179790Z] === Cycle complete, pending=1 ===
[2026-09-17T15:20:37.187355Z] === Watch cycle start ===
[2026-09-17T15:20:37.317290Z] === Cycle complete, pending=1 ===
[2026-09-17T15:21:07.368409Z] === Watch cycle start ===
[2026-09-17T15:21:07.479071Z] === Cycle complete, pending=1 ===
[2026-09-17T15:21:37.547057Z] === Watch cycle start ===
[2026-09-17T15:21:37.565003Z] === Cycle complete, pending=1 ===
[2026-09-17T15:22:07.579856Z] === Watch cycle start ===
[2026-09-17T15:22:07.623726Z] === Cycle complete, pending=1 ===
[2026-09-17T15:22:37.667628Z] === Watch cycle start ===
[2026-09-17T15:22:37.680229Z] === Cycle complete, pending=1 ===
[2026-09-17T15:23:07.684776Z] === Watch cycle start ===
[2026-09-17T15:23:07.693972Z] === Cycle complete, pending=1 ===
[2026-09-17T15:23:37.701084Z] === Watch cycle start ===
[2026-09-17T15:23:37.713194Z] === Cycle complete, pending=1 ===
[2026-09-17T15:24:07.722466Z] === Watch cycle start ===
[2026-09-17T15:24:07.731375Z] === Cycle complete, pending=1 ===
[2026-09-17T15:24:37.751063Z] === Watch cycle start ===
[2026-09-17T15:24:37.775920Z] === Cycle complete, pending=1 ===
[2026-09-17T15:25:07.804886Z] === Watch cycle start ===
[2026-09-17T15:25:07.851188Z] === Cycle complete, pending=1 ===
[2026-09-17T15:25:37.878903Z] === Watch cycle start ===
[2026-09-17T15:25:37.894361Z] === Cycle complete, pending=1 ===
[2026-09-17T15:26:07.910502Z] === Watch cycle start ===
[2026-09-17T15:26:07.932213Z] === Cycle complete, pending=1 ===
[2026-09-17T15:26:37.954109Z] === Watch cycle start ===
[2026-09-17T15:26:37.995198Z] === Cycle complete, pending=1 ===
[2026-09-17T15:27:08.006092Z] === Watch cycle start ===
[2026-09-17T15:27:08.040821Z] === Cycle complete, pending=1 ===
[2026-09-17T15:27:38.071366Z] === Watch cycle start ===
[2026-09-17T15:27:38.103558Z] === Cycle complete, pending=1 ===
[2026-09-17T15:28:08.123936Z] === Watch cycle start ===
[2026-09-17T15:28:08.132194Z] === Cycle complete, pending=1 ===
[2026-09-17T15:28:38.154730Z] === Watch cycle start ===
[2026-09-17T15:28:38.185299Z] === Cycle complete, pending=1 ===
[2026-09-17T15:29:08.188296Z] === Watch cycle start ===
[2026-09-17T15:29:08.220501Z] === Cycle complete, pending=1 ===
[2026-09-17T15:29:38.227975Z] === Watch cycle start ===
[2026-09-17T15:29:38.238761Z] === Cycle complete, pending=1 ===
[2026-09-17T15:30:08.244244Z] === Watch cycle start ===
[2026-09-17T15:30:08.286685Z] === Cycle complete, pending=1 ===
[2026-09-17T15:30:38.315729Z] === Watch cycle start ===
[2026-09-17T15:30:38.328098Z] === Cycle complete, pending=1 ===
[2026-09-17T15:31:08.332901Z] === Watch cycle start ===
[2026-09-17T15:31:08.341130Z] === Cycle complete, pending=1 ===
[2026-09-17T15:31:38.348207Z] === Watch cycle start ===
[2026-09-17T15:31:38.392472Z] === Cycle complete, pending=1 ===
[2026-09-17T15:32:08.423356Z] === Watch cycle start ===
[2026-09-17T15:32:08.465083Z] === Cycle complete, pending=1 ===
[2026-09-17T15:32:38.475913Z] === Watch cycle start ===
[2026-09-17T15:32:38.485293Z] === Cycle complete, pending=1 ===
[2026-09-17T15:33:08.494574Z] === Watch cycle start ===
[2026-09-17T15:33:08.524580Z] === Cycle complete, pending=1 ===
[2026-09-17T15:33:38.538925Z] === Watch cycle start ===
[2026-09-17T15:33:38.547696Z] === Cycle complete, pending=1 ===
[2026-09-17T15:34:08.560894Z] === Watch cycle start ===
[2026-09-17T15:34:08.569382Z] === Cycle complete, pending=1 ===
[2026-09-17T15:34:38.572492Z] === Watch cycle start ===
[2026-09-17T15:34:38.588813Z] === Cycle complete, pending=1 ===
[2026-09-17T15:35:08.606258Z] === Watch cycle start ===
[2026-09-17T15:35:08.654693Z] === Cycle complete, pending=1 ===
[2026-09-17T15:35:38.783183Z] === Watch cycle start ===
[2026-09-17T15:35:38.791954Z] === Cycle complete, pending=1 ===
[2026-09-17T15:36:08.795417Z] === Watch cycle start ===
[2026-09-17T15:36:08.801625Z] === Cycle complete, pending=1 ===
[2026-09-17T15:36:38.804309Z] === Watch cycle start ===
[2026-09-17T15:36:38.815872Z] === Cycle complete, pending=1 ===
[2026-09-17T15:37:08.825428Z] === Watch cycle start ===
[2026-09-17T15:37:08.847661Z] === Cycle complete, pending=1 ===
[2026-09-17T15:37:38.853425Z] === Watch cycle start ===
[2026-09-17T15:37:38.867712Z] === Cycle complete, pending=1 ===
[2026-09-17T15:38:08.883435Z] === Watch cycle start ===
[2026-09-17T15:38:08.906800Z] === Cycle complete, pending=1 ===
[2026-09-17T15:38:38.918182Z] === Watch cycle start ===
[2026-09-17T15:38:38.940402Z] === Cycle complete, pending=1 ===
[2026-09-17T15:39:08.956197Z] === Watch cycle start ===
[2026-09-17T15:39:08.968866Z] === Cycle complete, pending=1 ===
[2026-09-17T15:39:38.981975Z] === Watch cycle start ===
[2026-09-17T15:39:38.992852Z] === Cycle complete, pending=1 ===
[2026-09-17T15:40:09.002587Z] === Watch cycle start ===
[2026-09-17T15:40:09.047092Z] === Cycle complete, pending=1 ===
[2026-09-17T15:40:39.051658Z] === Watch cycle start ===
[2026-09-17T15:40:39.070565Z] === Cycle complete, pending=1 ===
[2026-09-17T15:41:09.076937Z] === Watch cycle start ===
[2026-09-17T15:41:09.088477Z] === Cycle complete, pending=1 ===
[2026-09-17T15:41:39.101598Z] === Watch cycle start ===
[2026-09-17T15:41:39.137473Z] === Cycle complete, pending=1 ===
[2026-09-17T15:42:09.166582Z] === Watch cycle start ===
[2026-09-17T15:42:09.219541Z] === Cycle complete, pending=1 ===
[2026-09-17T15:42:39.238230Z] === Watch cycle start ===
[2026-09-17T15:42:39.270061Z] === Cycle complete, pending=1 ===
[2026-09-17T15:43:09.279956Z] === Watch cycle start ===
[2026-09-17T15:43:09.301886Z] === Cycle complete, pending=1 ===
[2026-09-17T15:43:39.309151Z] === Watch cycle start ===
[2026-09-17T15:43:39.326589Z] === Cycle complete, pending=1 ===
[2026-09-17T15:44:09.342259Z] === Watch cycle start ===
[2026-09-17T15:44:09.374545Z] === Cycle complete, pending=1 ===
[2026-09-17T15:44:39.394614Z] === Watch cycle start ===
[2026-09-17T15:44:39.416860Z] === Cycle complete, pending=1 ===
[2026-09-17T15:45:09.434678Z] === Watch cycle start ===
[2026-09-17T15:45:09.480081Z] === Cycle complete, pending=1 ===
[2026-09-17T15:45:39.486842Z] === Watch cycle start ===
[2026-09-17T15:45:39.501838Z] === Cycle complete, pending=1 ===
[2026-09-17T15:46:09.533437Z] === Watch cycle start ===
[2026-09-17T15:46:09.607663Z] === Cycle complete, pending=1 ===
[2026-09-17T15:46:39.646573Z] === Watch cycle start ===
[2026-09-17T15:46:39.658991Z] === Cycle complete, pending=1 ===
[2026-09-17T15:47:09.671879Z] === Watch cycle start ===
[2026-09-17T15:47:09.694623Z] === Cycle complete, pending=1 ===
[2026-09-17T15:47:39.702585Z] === Watch cycle start ===
[2026-09-17T15:47:39.714830Z] === Cycle complete, pending=1 ===
[2026-09-17T15:48:09.726373Z] === Watch cycle start ===
[2026-09-17T15:48:09.786098Z] === Cycle complete, pending=1 ===
[2026-09-17T15:48:39.798564Z] === Watch cycle start ===
[2026-09-17T15:48:39.807761Z] === Cycle complete, pending=1 ===
[2026-09-17T15:49:09.819171Z] === Watch cycle start ===
[2026-09-17T15:49:09.843052Z] === Cycle complete, pending=1 ===
[2026-09-17T15:49:39.867177Z] === Watch cycle start ===
[2026-09-17T15:49:39.953276Z] === Cycle complete, pending=1 ===
[2026-09-17T15:50:09.990482Z] === Watch cycle start ===
[2026-09-17T15:50:10.009979Z] === Cycle complete, pending=1 ===
[2026-09-17T15:50:40.040023Z] === Watch cycle start ===
[2026-09-17T15:50:40.074109Z] === Cycle complete, pending=1 ===
[2026-09-17T15:51:10.110856Z] === Watch cycle start ===
[2026-09-17T15:51:10.191244Z] === Cycle complete, pending=1 ===
[2026-09-17T15:51:40.199034Z] === Watch cycle start ===
[2026-09-17T15:51:40.252219Z] === Cycle complete, pending=1 ===
[2026-09-17T15:52:10.304064Z] === Watch cycle start ===
[2026-09-17T15:52:10.394985Z] === Cycle complete, pending=1 ===
[2026-09-17T15:52:40.495226Z] === Watch cycle start ===
[2026-09-17T15:52:40.535421Z] === Cycle complete, pending=1 ===
[2026-09-17T15:53:10.600959Z] === Watch cycle start ===
[2026-09-17T15:53:10.654821Z] === Cycle complete, pending=1 ===
[2026-09-17T15:53:40.696668Z] === Watch cycle start ===
[2026-09-17T15:53:40.732459Z] === Cycle complete, pending=1 ===
[2026-09-17T15:54:10.854007Z] === Watch cycle start ===
[2026-09-17T15:54:11.085083Z] === Cycle complete, pending=1 ===
[2026-09-17T15:54:41.175913Z] === Watch cycle start ===
[2026-09-17T15:54:41.241781Z] === Cycle complete, pending=1 ===
[2026-09-17T15:55:11.307825Z] === Watch cycle start ===
[2026-09-17T15:55:11.358999Z] === Cycle complete, pending=1 ===
[2026-09-17T15:55:41.431261Z] === Watch cycle start ===
[2026-09-17T15:55:41.495354Z] === Cycle complete, pending=1 ===
[2026-09-17T15:56:11.540559Z] === Watch cycle start ===
[2026-09-17T15:56:11.563991Z] === Cycle complete, pending=1 ===
[2026-09-17T15:56:41.587518Z] === Watch cycle start ===
[2026-09-17T15:56:41.643741Z] === Cycle complete, pending=1 ===
[2026-09-17T15:57:11.711718Z] === Watch cycle start ===
[2026-09-17T15:57:11.734965Z] === Cycle complete, pending=1 ===
[2026-09-17T15:57:41.784308Z] === Watch cycle start ===
[2026-09-17T15:57:41.884353Z] === Cycle complete, pending=1 ===
[2026-09-17T15:58:11.924585Z] === Watch cycle start ===
[2026-09-17T15:58:12.006563Z] === Cycle complete, pending=1 ===
[2026-09-17T15:58:42.069464Z] === Watch cycle start ===
[2026-09-17T15:58:42.101310Z] === Cycle complete, pending=1 ===
[2026-09-17T15:59:12.115458Z] === Watch cycle start ===
[2026-09-17T15:59:12.131811Z] === Cycle complete, pending=1 ===
[2026-09-17T15:59:42.176693Z] === Watch cycle start ===
[2026-09-17T15:59:42.226847Z] === Cycle complete, pending=1 ===
[2026-09-17T16:00:12.395458Z] === Watch cycle start ===
[2026-09-17T16:00:12.613956Z] === Cycle complete, pending=1 ===
[2026-09-17T16:00:42.881823Z] === Watch cycle start ===
[2026-09-17T16:00:42.901228Z] === Cycle complete, pending=1 ===
[2026-09-17T16:01:12.910199Z] === Watch cycle start ===
[2026-09-17T16:01:12.935504Z] === Cycle complete, pending=1 ===
[2026-09-17T16:01:42.943735Z] === Watch cycle start ===
[2026-09-17T16:01:43.010744Z] === Cycle complete, pending=1 ===
[2026-09-17T16:02:13.048996Z] === Watch cycle start ===
[2026-09-17T16:02:13.069144Z] === Cycle complete, pending=1 ===
[2026-09-17T16:02:43.089902Z] === Watch cycle start ===
[2026-09-17T16:02:43.156099Z] === Cycle complete, pending=1 ===
[2026-09-17T16:03:13.224146Z] === Watch cycle start ===
[2026-09-17T16:03:13.257087Z] === Cycle complete, pending=1 ===
[2026-09-17T16:03:43.271593Z] === Watch cycle start ===
[2026-09-17T16:03:43.305373Z] === Cycle complete, pending=1 ===
[2026-09-17T16:04:13.329026Z] === Watch cycle start ===
[2026-09-17T16:04:13.357808Z] === Cycle complete, pending=1 ===
[2026-09-17T16:04:43.381149Z] === Watch cycle start ===
[2026-09-17T16:04:43.496547Z] === Cycle complete, pending=1 ===
[2026-09-17T16:05:13.551197Z] === Watch cycle start ===
[2026-09-17T16:05:13.607667Z] === Cycle complete, pending=1 ===
[2026-09-17T16:05:43.627063Z] === Watch cycle start ===
[2026-09-17T16:05:43.685783Z] === Cycle complete, pending=1 ===
[2026-09-17T16:06:13.767128Z] === Watch cycle start ===
[2026-09-17T16:06:13.900856Z] === Cycle complete, pending=1 ===
[2026-09-17T16:06:43.982511Z] === Watch cycle start ===
[2026-09-17T16:06:44.030532Z] === Cycle complete, pending=1 ===
[2026-09-17T16:07:14.066679Z] === Watch cycle start ===
[2026-09-17T16:07:14.190582Z] === Cycle complete, pending=1 ===
[2026-09-17T16:07:44.233107Z] === Watch cycle start ===
[2026-09-17T16:07:44.272365Z] === Cycle complete, pending=1 ===
[2026-09-17T16:08:14.312776Z] === Watch cycle start ===
[2026-09-17T16:08:14.349614Z] === Cycle complete, pending=1 ===
[2026-09-17T16:08:44.395770Z] === Watch cycle start ===
[2026-09-17T16:08:44.421853Z] === Cycle complete, pending=1 ===
[2026-09-17T16:09:14.464540Z] === Watch cycle start ===
[2026-09-17T16:09:14.586430Z] === Cycle complete, pending=1 ===
[2026-09-17T16:09:44.643592Z] === Watch cycle start ===
[2026-09-17T16:09:44.691434Z] === Cycle complete, pending=1 ===
[2026-09-17T16:10:14.727769Z] === Watch cycle start ===
[2026-09-17T16:10:14.828099Z] === Cycle complete, pending=1 ===
[2026-09-17T16:10:44.875068Z] === Watch cycle start ===
[2026-09-17T16:10:44.934670Z] === Cycle complete, pending=1 ===
[2026-09-17T16:11:14.967123Z] === Watch cycle start ===
[2026-09-17T16:11:14.995464Z] === Cycle complete, pending=1 ===
[2026-09-17T16:11:45.017273Z] === Watch cycle start ===
[2026-09-17T16:11:45.041451Z] === Cycle complete, pending=1 ===
[2026-09-17T16:12:15.084271Z] === Watch cycle start ===
[2026-09-17T16:12:15.135294Z] === Cycle complete, pending=1 ===
[2026-09-17T16:12:45.191797Z] === Watch cycle start ===
[2026-09-17T16:12:45.220972Z] STALE: soak-001 past deadline + 30min grace
[2026-09-17T16:12:45.236708Z] === Cycle complete, pending=0 ===
[2026-09-17T16:13:15.257362Z] === Watch cycle start ===
[2026-09-17T16:13:15.438196Z] Registered new inbound task: soak-001
[2026-09-17T16:13:15.448887Z] === Cycle complete, pending=1 ===
[2026-09-17T16:13:45.454201Z] === Watch cycle start ===
[2026-09-17T16:13:45.479471Z] === Cycle complete, pending=1 ===
[2026-09-17T16:14:15.489217Z] === Watch cycle start ===
[2026-09-17T16:14:15.512828Z] === Cycle complete, pending=1 ===
[2026-09-17T16:14:45.520846Z] === Watch cycle start ===
[2026-09-17T16:14:45.532078Z] === Cycle complete, pending=1 ===
[2026-09-17T16:15:15.548554Z] === Watch cycle start ===
[2026-09-17T16:15:15.592616Z] === Cycle complete, pending=1 ===
[2026-09-17T16:15:45.631866Z] === Watch cycle start ===
[2026-09-17T16:15:45.650640Z] === Cycle complete, pending=1 ===
[2026-09-17T16:16:15.688641Z] === Watch cycle start ===
[2026-09-17T16:16:15.778504Z] === Cycle complete, pending=1 ===
[2026-09-17T16:16:45.805781Z] === Watch cycle start ===
[2026-09-17T16:16:45.842762Z] === Cycle complete, pending=1 ===
[2026-09-17T16:17:15.849717Z] === Watch cycle start ===
[2026-09-17T16:17:15.868722Z] === Cycle complete, pending=1 ===
[2026-09-17T16:17:45.881477Z] === Watch cycle start ===
[2026-09-17T16:17:45.904307Z] === Cycle complete, pending=1 ===
[2026-09-17T16:18:15.928562Z] === Watch cycle start ===
[2026-09-17T16:18:15.970348Z] === Cycle complete, pending=1 ===
[2026-09-17T16:18:45.991835Z] === Watch cycle start ===
[2026-09-17T16:18:46.046337Z] === Cycle complete, pending=1 ===
[2026-09-17T16:19:16.064189Z] === Watch cycle start ===
[2026-09-17T16:19:16.084675Z] === Cycle complete, pending=1 ===
[2026-09-17T16:19:46.101779Z] === Watch cycle start ===
[2026-09-17T16:19:46.137049Z] === Cycle complete, pending=1 ===
[2026-09-17T16:20:16.146610Z] === Watch cycle start ===
[2026-09-17T16:20:16.185442Z] === Cycle complete, pending=1 ===
[2026-09-17T16:20:46.324307Z] === Watch cycle start ===
[2026-09-17T16:20:46.370206Z] === Cycle complete, pending=1 ===
[2026-09-17T16:21:16.389093Z] === Watch cycle start ===
[2026-09-17T16:21:16.454062Z] === Cycle complete, pending=1 ===
[2026-09-17T16:21:46.480263Z] === Watch cycle start ===
[2026-09-17T16:21:46.500823Z] === Cycle complete, pending=1 ===
[2026-09-17T16:22:16.514803Z] === Watch cycle start ===
[2026-09-17T16:22:16.606797Z] === Cycle complete, pending=1 ===
[2026-09-17T16:22:46.673468Z] === Watch cycle start ===
[2026-09-17T16:22:46.689926Z] === Cycle complete, pending=1 ===
[2026-09-17T16:23:16.740013Z] === Watch cycle start ===
[2026-09-17T16:23:16.821295Z] === Cycle complete, pending=1 ===
[2026-09-17T16:23:46.856025Z] === Watch cycle start ===
[2026-09-17T16:23:46.882035Z] === Cycle complete, pending=1 ===
[2026-09-17T16:24:16.904427Z] === Watch cycle start ===
[2026-09-17T16:24:16.944064Z] === Cycle complete, pending=1 ===
[2026-09-17T16:24:46.965130Z] === Watch cycle start ===
[2026-09-17T16:24:46.982716Z] === Cycle complete, pending=1 ===
[2026-09-17T16:25:17.004541Z] === Watch cycle start ===
[2026-09-17T16:25:17.033029Z] === Cycle complete, pending=1 ===
[2026-09-17T16:25:47.041900Z] === Watch cycle start ===
[2026-09-17T16:25:47.107132Z] === Cycle complete, pending=1 ===
[2026-09-17T16:26:17.136154Z] === Watch cycle start ===
[2026-09-17T16:26:17.195985Z] === Cycle complete, pending=1 ===
[2026-09-17T16:26:47.270889Z] === Watch cycle start ===
[2026-09-17T16:26:47.327734Z] === Cycle complete, pending=1 ===
[2026-09-17T16:27:17.345306Z] === Watch cycle start ===
[2026-09-17T16:27:17.386812Z] === Cycle complete, pending=1 ===
[2026-09-17T16:27:47.434471Z] === Watch cycle start ===
[2026-09-17T16:27:47.505355Z] === Cycle complete, pending=1 ===
[2026-09-17T16:28:17.544475Z] === Watch cycle start ===
[2026-09-17T16:28:17.642062Z] === Cycle complete, pending=1 ===
[2026-09-17T16:28:47.718827Z] === Watch cycle start ===
[2026-09-17T16:28:47.812880Z] === Cycle complete, pending=1 ===
[2026-09-17T16:29:17.946582Z] === Watch cycle start ===
[2026-09-17T16:29:18.049979Z] === Cycle complete, pending=1 ===
[2026-09-17T16:29:48.116385Z] === Watch cycle start ===
[2026-09-17T16:29:48.219659Z] === Cycle complete, pending=1 ===
[2026-09-17T16:30:18.318531Z] === Watch cycle start ===
[2026-09-17T16:30:18.449626Z] === Cycle complete, pending=1 ===
[2026-09-17T16:30:48.482420Z] === Watch cycle start ===
[2026-09-17T16:30:48.589729Z] === Cycle complete, pending=1 ===
[2026-09-17T16:31:18.633317Z] === Watch cycle start ===
[2026-09-17T16:31:18.704625Z] === Cycle complete, pending=1 ===
[2026-09-17T16:31:48.804577Z] === Watch cycle start ===
[2026-09-17T16:31:48.837584Z] === Cycle complete, pending=1 ===
[2026-09-17T16:32:18.872722Z] === Watch cycle start ===
[2026-09-17T16:32:18.939843Z] === Cycle complete, pending=1 ===
[2026-09-17T16:32:49.106547Z] === Watch cycle start ===
[2026-09-17T16:32:49.408585Z] === Cycle complete, pending=1 ===
[2026-09-17T16:33:19.519753Z] === Watch cycle start ===
[2026-09-17T16:33:19.575724Z] === Cycle complete, pending=1 ===
[2026-09-17T16:33:49.596156Z] === Watch cycle start ===
[2026-09-17T16:33:49.617660Z] === Cycle complete, pending=1 ===
[2026-09-17T16:34:19.643693Z] === Watch cycle start ===
[2026-09-17T16:34:19.689627Z] === Cycle complete, pending=1 ===
[2026-09-17T16:34:49.720954Z] === Watch cycle start ===
[2026-09-17T16:34:49.759212Z] === Cycle complete, pending=1 ===
[2026-09-17T16:35:20.014868Z] === Watch cycle start ===
[2026-09-17T16:35:20.391515Z] === Cycle complete, pending=1 ===
[2026-09-17T16:35:50.455386Z] === Watch cycle start ===
[2026-09-17T16:35:50.521451Z] === Cycle complete, pending=1 ===
[2026-09-17T16:36:20.656970Z] === Watch cycle start ===
[2026-09-17T16:36:20.896803Z] === Cycle complete, pending=1 ===
[2026-09-17T16:36:50.952703Z] === Watch cycle start ===
[2026-09-17T16:36:50.973647Z] === Cycle complete, pending=1 ===
[2026-09-17T16:37:20.995356Z] === Watch cycle start ===
[2026-09-17T16:37:21.054741Z] === Cycle complete, pending=1 ===
[2026-09-17T16:37:51.101276Z] === Watch cycle start ===
[2026-09-17T16:37:51.201054Z] === Cycle complete, pending=1 ===
[2026-09-17T16:38:21.298258Z] === Watch cycle start ===
[2026-09-17T16:38:21.411451Z] === Cycle complete, pending=1 ===
[2026-09-17T16:38:51.478127Z] === Watch cycle start ===
[2026-09-17T16:38:51.525180Z] === Cycle complete, pending=1 ===
[2026-09-17T16:39:21.566244Z] === Watch cycle start ===
[2026-09-17T16:39:21.665931Z] === Cycle complete, pending=1 ===
[2026-09-17T16:39:51.706715Z] === Watch cycle start ===
[2026-09-17T16:39:51.740167Z] === Cycle complete, pending=1 ===
[2026-09-17T16:40:21.806917Z] === Watch cycle start ===
[2026-09-17T16:40:21.824112Z] === Cycle complete, pending=1 ===
[2026-09-17T16:40:51.828610Z] === Watch cycle start ===
[2026-09-17T16:40:51.844535Z] === Cycle complete, pending=1 ===
[2026-09-17T16:41:21.863192Z] === Watch cycle start ===
[2026-09-17T16:41:21.891811Z] === Cycle complete, pending=1 ===
[2026-09-17T16:41:51.897916Z] === Watch cycle start ===
[2026-09-17T16:41:51.911377Z] === Cycle complete, pending=1 ===
[2026-09-17T16:42:21.917127Z] === Watch cycle start ===
[2026-09-17T16:42:21.948763Z] === Cycle complete, pending=1 ===
[2026-09-17T16:42:52.002993Z] === Watch cycle start ===
[2026-09-17T16:42:52.029848Z] === Cycle complete, pending=1 ===
[2026-09-17T16:43:22.066203Z] === Watch cycle start ===
[2026-09-17T16:43:22.089545Z] === Cycle complete, pending=1 ===
[2026-09-17T16:43:52.161841Z] === Watch cycle start ===
[2026-09-17T16:43:52.330389Z] === Cycle complete, pending=1 ===
[2026-09-17T16:44:22.431507Z] === Watch cycle start ===
[2026-09-17T16:44:22.546908Z] === Cycle complete, pending=1 ===
[2026-09-17T16:44:52.684143Z] === Watch cycle start ===
[2026-09-17T16:44:52.713180Z] === Cycle complete, pending=1 ===
[2026-09-17T16:45:22.777665Z] === Watch cycle start ===
[2026-09-17T16:45:22.819155Z] === Cycle complete, pending=1 ===
[2026-09-17T16:45:52.835953Z] === Watch cycle start ===
[2026-09-17T16:45:52.873806Z] === Cycle complete, pending=1 ===
[2026-09-17T16:46:22.894636Z] === Watch cycle start ===
[2026-09-17T16:46:22.955999Z] === Cycle complete, pending=1 ===
[2026-09-17T16:46:52.985034Z] === Watch cycle start ===
[2026-09-17T16:46:53.110670Z] === Cycle complete, pending=1 ===
[2026-09-17T16:47:23.153941Z] === Watch cycle start ===
[2026-09-17T16:47:23.224529Z] === Cycle complete, pending=1 ===
[2026-09-17T16:47:53.258566Z] === Watch cycle start ===
[2026-09-17T16:47:53.303444Z] === Cycle complete, pending=1 ===
[2026-09-17T16:48:23.332203Z] === Watch cycle start ===
[2026-09-17T16:48:23.349282Z] === Cycle complete, pending=1 ===
[2026-09-17T16:48:53.362413Z] === Watch cycle start ===
[2026-09-17T16:48:53.408419Z] === Cycle complete, pending=1 ===
[2026-09-17T16:49:23.425493Z] === Watch cycle start ===
[2026-09-17T16:49:23.452192Z] === Cycle complete, pending=1 ===
[2026-09-17T16:49:53.472667Z] === Watch cycle start ===
[2026-09-17T16:49:53.529298Z] === Cycle complete, pending=1 ===
[2026-09-17T16:50:23.607687Z] === Watch cycle start ===
[2026-09-17T16:50:23.647239Z] === Cycle complete, pending=1 ===
[2026-09-17T16:50:53.665780Z] === Watch cycle start ===
[2026-09-17T16:50:53.714419Z] === Cycle complete, pending=1 ===
[2026-09-17T16:51:23.764192Z] === Watch cycle start ===
[2026-09-17T16:51:23.802089Z] === Cycle complete, pending=1 ===
[2026-09-17T16:51:53.828916Z] === Watch cycle start ===
[2026-09-17T16:51:53.877022Z] === Cycle complete, pending=1 ===
[2026-09-17T16:52:23.920359Z] === Watch cycle start ===
[2026-09-17T16:52:23.998561Z] === Cycle complete, pending=1 ===
[2026-09-17T16:52:54.036433Z] === Watch cycle start ===
[2026-09-17T16:52:54.064631Z] === Cycle complete, pending=1 ===
[2026-09-17T16:53:24.079199Z] === Watch cycle start ===
[2026-09-17T16:53:24.106776Z] === Cycle complete, pending=1 ===
[2026-09-17T16:53:54.133216Z] === Watch cycle start ===
[2026-09-17T16:53:54.168737Z] === Cycle complete, pending=1 ===
[2026-09-17T16:54:24.179520Z] === Watch cycle start ===
[2026-09-17T16:54:24.220710Z] === Cycle complete, pending=1 ===
[2026-09-17T16:54:54.255089Z] === Watch cycle start ===
[2026-09-17T16:54:54.362176Z] === Cycle complete, pending=1 ===
[2026-09-17T16:55:24.430813Z] === Watch cycle start ===
[2026-09-17T16:55:24.523487Z] === Cycle complete, pending=1 ===
[2026-09-17T16:55:54.561715Z] === Watch cycle start ===
[2026-09-17T16:55:54.616344Z] === Cycle complete, pending=1 ===
[2026-09-17T16:56:24.677921Z] === Watch cycle start ===
[2026-09-17T16:56:24.700477Z] === Cycle complete, pending=1 ===
[2026-09-17T16:56:54.720796Z] === Watch cycle start ===
[2026-09-17T16:56:54.801714Z] === Cycle complete, pending=1 ===
[2026-09-17T16:57:24.824565Z] === Watch cycle start ===
[2026-09-17T16:57:24.849690Z] === Cycle complete, pending=1 ===
[2026-09-17T16:57:54.876348Z] === Watch cycle start ===
[2026-09-17T16:57:54.924325Z] === Cycle complete, pending=1 ===
[2026-09-17T16:58:24.945919Z] === Watch cycle start ===
[2026-09-17T16:58:24.975541Z] === Cycle complete, pending=1 ===
[2026-09-17T16:58:54.991840Z] === Watch cycle start ===
[2026-09-17T16:58:55.016735Z] === Cycle complete, pending=1 ===
[2026-09-17T16:59:25.046869Z] === Watch cycle start ===
[2026-09-17T16:59:25.123263Z] === Cycle complete, pending=1 ===
[2026-09-17T16:59:55.175526Z] === Watch cycle start ===
[2026-09-17T16:59:55.208184Z] === Cycle complete, pending=1 ===
[2026-09-17T17:00:25.248629Z] === Watch cycle start ===
[2026-09-17T17:00:25.305894Z] === Cycle complete, pending=1 ===
[2026-09-17T17:00:55.348989Z] === Watch cycle start ===
[2026-09-17T17:00:55.368402Z] === Cycle complete, pending=1 ===
[2026-09-17T17:01:25.385427Z] === Watch cycle start ===
[2026-09-17T17:01:25.411243Z] === Cycle complete, pending=1 ===
[2026-09-17T17:01:55.420833Z] === Watch cycle start ===
[2026-09-17T17:01:55.433536Z] === Cycle complete, pending=1 ===
[2026-09-17T17:02:25.454469Z] === Watch cycle start ===
[2026-09-17T17:02:25.542049Z] === Cycle complete, pending=1 ===
[2026-09-17T17:02:55.557829Z] === Watch cycle start ===
[2026-09-17T17:02:55.578048Z] === Cycle complete, pending=1 ===
[2026-09-17T17:03:25.586178Z] === Watch cycle start ===
[2026-09-17T17:03:25.617859Z] === Cycle complete, pending=1 ===
[2026-09-17T17:03:55.631593Z] === Watch cycle start ===
[2026-09-17T17:03:55.662692Z] === Cycle complete, pending=1 ===
[2026-09-17T17:04:25.682576Z] === Watch cycle start ===
[2026-09-17T17:04:25.725314Z] === Cycle complete, pending=1 ===
[2026-09-17T17:04:55.764060Z] === Watch cycle start ===
[2026-09-17T17:04:55.786194Z] === Cycle complete, pending=1 ===
[2026-09-17T17:05:25.807846Z] === Watch cycle start ===
[2026-09-17T17:05:25.879443Z] === Cycle complete, pending=1 ===
[2026-09-17T17:05:55.903396Z] === Watch cycle start ===
[2026-09-17T17:05:55.938868Z] === Cycle complete, pending=1 ===
[2026-09-17T17:06:25.953450Z] === Watch cycle start ===
[2026-09-17T17:06:25.985519Z] === Cycle complete, pending=1 ===
[2026-09-17T17:06:55.994640Z] === Watch cycle start ===
[2026-09-17T17:06:56.047475Z] === Cycle complete, pending=1 ===
[2026-09-17T17:07:26.070071Z] === Watch cycle start ===
[2026-09-17T17:07:26.090206Z] === Cycle complete, pending=1 ===
[2026-09-17T17:07:56.100202Z] === Watch cycle start ===
[2026-09-17T17:07:56.117311Z] === Cycle complete, pending=1 ===
[2026-09-17T17:08:26.125554Z] === Watch cycle start ===
[2026-09-17T17:08:26.144453Z] === Cycle complete, pending=1 ===
[2026-09-17T17:08:56.154491Z] === Watch cycle start ===
[2026-09-17T17:08:56.168622Z] === Cycle complete, pending=1 ===
[2026-09-17T17:09:26.177015Z] === Watch cycle start ===
[2026-09-17T17:09:26.200507Z] === Cycle complete, pending=1 ===
[2026-09-17T17:09:56.233418Z] === Watch cycle start ===
[2026-09-17T17:09:56.263223Z] === Cycle complete, pending=1 ===
[2026-09-17T17:10:26.321970Z] === Watch cycle start ===
[2026-09-17T17:10:26.487904Z] === Cycle complete, pending=1 ===
[2026-09-17T17:10:56.539313Z] === Watch cycle start ===
[2026-09-17T17:10:56.551203Z] === Cycle complete, pending=1 ===
[2026-09-17T17:11:26.554562Z] === Watch cycle start ===
[2026-09-17T17:11:26.566757Z] === Cycle complete, pending=1 ===
[2026-09-17T17:11:56.572104Z] === Watch cycle start ===
[2026-09-17T17:11:56.577223Z] === Cycle complete, pending=1 ===
[2026-09-17T17:12:26.579117Z] === Watch cycle start ===
[2026-09-17T17:12:26.585773Z] === Cycle complete, pending=1 ===
[2026-09-17T17:12:56.607697Z] === Watch cycle start ===
[2026-09-17T17:12:56.636323Z] === Cycle complete, pending=1 ===
[2026-09-17T17:13:26.657513Z] === Watch cycle start ===
[2026-09-17T17:13:26.670947Z] === Cycle complete, pending=1 ===
[2026-09-17T17:13:56.683282Z] === Watch cycle start ===
[2026-09-17T17:13:56.707571Z] === Cycle complete, pending=1 ===
[2026-09-17T17:14:26.723470Z] === Watch cycle start ===
[2026-09-17T17:14:26.750707Z] === Cycle complete, pending=1 ===
[2026-09-17T17:14:56.762084Z] === Watch cycle start ===
[2026-09-17T17:14:56.777245Z] === Cycle complete, pending=1 ===
[2026-09-17T17:15:26.778773Z] === Watch cycle start ===
[2026-09-17T17:15:26.796071Z] === Cycle complete, pending=1 ===
[2026-09-17T17:15:56.800824Z] === Watch cycle start ===
[2026-09-17T17:15:56.805987Z] === Cycle complete, pending=1 ===
[2026-09-17T17:16:26.807983Z] === Watch cycle start ===
[2026-09-17T17:16:26.816581Z] === Cycle complete, pending=1 ===
[2026-09-17T17:16:56.821210Z] === Watch cycle start ===
[2026-09-17T17:16:56.840658Z] === Cycle complete, pending=1 ===
[2026-09-17T17:17:26.882440Z] === Watch cycle start ===
[2026-09-17T17:17:26.904573Z] === Cycle complete, pending=1 ===
[2026-09-17T17:17:56.912771Z] === Watch cycle start ===
[2026-09-17T17:17:56.942272Z] === Cycle complete, pending=1 ===
[2026-09-17T17:18:26.949096Z] === Watch cycle start ===
[2026-09-17T17:18:26.973862Z] === Cycle complete, pending=1 ===
[2026-09-17T17:18:56.977286Z] === Watch cycle start ===
[2026-09-17T17:18:56.985706Z] === Cycle complete, pending=1 ===
[2026-09-17T17:19:26.988282Z] === Watch cycle start ===
[2026-09-17T17:19:27.004404Z] === Cycle complete, pending=1 ===
[2026-09-17T17:19:57.028843Z] === Watch cycle start ===
[2026-09-17T17:19:57.063272Z] === Cycle complete, pending=1 ===
[2026-09-17T17:20:27.068406Z] === Watch cycle start ===
[2026-09-17T17:20:27.075684Z] === Cycle complete, pending=1 ===
[2026-09-17T17:20:57.082420Z] === Watch cycle start ===
[2026-09-17T17:20:57.092032Z] === Cycle complete, pending=1 ===
[2026-09-17T17:21:27.102996Z] === Watch cycle start ===
[2026-09-17T17:21:27.140207Z] === Cycle complete, pending=1 ===
[2026-09-17T17:21:57.144106Z] === Watch cycle start ===
[2026-09-17T17:21:57.149335Z] === Cycle complete, pending=1 ===
[2026-09-17T17:22:27.157444Z] === Watch cycle start ===
[2026-09-17T17:22:27.229680Z] === Cycle complete, pending=1 ===
[2026-09-17T17:22:57.272760Z] === Watch cycle start ===
[2026-09-17T17:22:57.312295Z] === Cycle complete, pending=1 ===
[2026-09-17T17:23:27.363554Z] === Watch cycle start ===
[2026-09-17T17:23:27.435614Z] === Cycle complete, pending=1 ===
[2026-09-17T17:23:57.493116Z] === Watch cycle start ===
[2026-09-17T17:23:57.600624Z] === Cycle complete, pending=1 ===
[2026-09-17T17:24:27.666653Z] === Watch cycle start ===
[2026-09-17T17:24:27.687402Z] === Cycle complete, pending=1 ===
[2026-09-17T17:24:57.707978Z] === Watch cycle start ===
[2026-09-17T17:24:57.732462Z] === Cycle complete, pending=1 ===
[2026-09-17T17:25:27.783169Z] === Watch cycle start ===
[2026-09-17T17:25:27.819453Z] === Cycle complete, pending=1 ===
[2026-09-17T17:25:57.836004Z] === Watch cycle start ===
[2026-09-17T17:25:57.894195Z] === Cycle complete, pending=1 ===
[2026-09-17T17:26:27.933980Z] === Watch cycle start ===
[2026-09-17T17:26:27.985002Z] === Cycle complete, pending=1 ===
[2026-09-17T17:26:58.038094Z] === Watch cycle start ===
[2026-09-17T17:26:58.087677Z] === Cycle complete, pending=1 ===
[2026-09-17T17:27:28.133461Z] === Watch cycle start ===
[2026-09-17T17:27:28.175545Z] === Cycle complete, pending=1 ===
[2026-09-17T17:27:58.225356Z] === Watch cycle start ===
[2026-09-17T17:27:58.246061Z] === Cycle complete, pending=1 ===
[2026-09-17T17:28:28.249524Z] === Watch cycle start ===
[2026-09-17T17:28:28.267172Z] === Cycle complete, pending=1 ===
[2026-09-17T17:28:58.287965Z] === Watch cycle start ===
[2026-09-17T17:28:58.401105Z] === Cycle complete, pending=1 ===
[2026-09-17T17:29:28.460405Z] === Watch cycle start ===
[2026-09-17T17:29:28.525895Z] === Cycle complete, pending=1 ===
[2026-09-17T17:29:58.580693Z] === Watch cycle start ===
[2026-09-17T17:29:58.601624Z] === Cycle complete, pending=1 ===
[2026-09-17T17:30:28.645113Z] === Watch cycle start ===
[2026-09-17T17:30:28.709010Z] === Cycle complete, pending=1 ===
[2026-09-17T17:30:58.755203Z] === Watch cycle start ===
[2026-09-17T17:30:58.806351Z] === Cycle complete, pending=1 ===
[2026-09-17T17:31:28.865048Z] === Watch cycle start ===
[2026-09-17T17:31:28.913549Z] === Cycle complete, pending=1 ===
[2026-09-17T17:31:58.968456Z] === Watch cycle start ===
[2026-09-17T17:31:59.030225Z] === Cycle complete, pending=1 ===
[2026-09-17T17:32:29.103236Z] === Watch cycle start ===
[2026-09-17T17:32:29.222164Z] === Cycle complete, pending=1 ===
[2026-09-17T17:32:59.251152Z] === Watch cycle start ===
[2026-09-17T17:32:59.262629Z] === Cycle complete, pending=1 ===
[2026-09-17T17:33:29.281903Z] === Watch cycle start ===
[2026-09-17T17:33:29.321517Z] === Cycle complete, pending=1 ===
[2026-09-17T17:33:59.332123Z] === Watch cycle start ===
[2026-09-17T17:33:59.352599Z] === Cycle complete, pending=1 ===
[2026-09-17T17:34:29.363002Z] === Watch cycle start ===
[2026-09-17T17:34:29.389675Z] === Cycle complete, pending=1 ===
[2026-09-17T17:34:59.418922Z] === Watch cycle start ===
[2026-09-17T17:34:59.479942Z] === Cycle complete, pending=1 ===
[2026-09-17T17:35:29.525843Z] === Watch cycle start ===
[2026-09-17T17:35:29.554964Z] === Cycle complete, pending=1 ===
[2026-09-17T17:35:59.569378Z] === Watch cycle start ===
[2026-09-17T17:35:59.595467Z] === Cycle complete, pending=1 ===
[2026-09-17T17:36:29.620568Z] === Watch cycle start ===
[2026-09-17T17:36:29.659904Z] === Cycle complete, pending=1 ===
[2026-09-17T17:36:59.693038Z] === Watch cycle start ===
[2026-09-17T17:36:59.786376Z] === Cycle complete, pending=1 ===
[2026-09-17T17:37:29.806948Z] === Watch cycle start ===
[2026-09-17T17:37:29.848630Z] === Cycle complete, pending=1 ===
[2026-09-17T17:37:59.880411Z] === Watch cycle start ===
[2026-09-17T17:37:59.892834Z] === Cycle complete, pending=1 ===
[2026-09-17T17:38:29.910119Z] === Watch cycle start ===
[2026-09-17T17:38:29.938771Z] === Cycle complete, pending=1 ===
[2026-09-17T17:38:59.974742Z] === Watch cycle start ===
[2026-09-17T17:39:00.100768Z] === Cycle complete, pending=1 ===
[2026-09-17T17:39:30.216572Z] === Watch cycle start ===
[2026-09-17T17:39:30.286867Z] === Cycle complete, pending=1 ===
[2026-09-17T17:40:00.319022Z] === Watch cycle start ===
[2026-09-17T17:40:00.332461Z] === Cycle complete, pending=1 ===
[2026-09-17T17:40:30.359208Z] === Watch cycle start ===
[2026-09-17T17:40:30.407124Z] === Cycle complete, pending=1 ===
[2026-09-17T17:41:00.417931Z] === Watch cycle start ===
[2026-09-17T17:41:00.459033Z] === Cycle complete, pending=1 ===
[2026-09-17T17:41:30.482398Z] === Watch cycle start ===
[2026-09-17T17:41:30.505204Z] === Cycle complete, pending=1 ===
[2026-09-17T17:42:00.537904Z] === Watch cycle start ===
[2026-09-17T17:42:00.594637Z] === Cycle complete, pending=1 ===
[2026-09-17T17:42:30.620256Z] === Watch cycle start ===
[2026-09-17T17:42:30.643083Z] === Cycle complete, pending=1 ===
[2026-09-17T17:43:00.651060Z] === Watch cycle start ===
[2026-09-17T17:43:00.670660Z] === Cycle complete, pending=1 ===
[2026-09-17T17:43:30.740721Z] === Watch cycle start ===
[2026-09-17T17:43:30.908178Z] STALE: soak-001 past deadline + 30min grace
[2026-09-17T17:43:30.965853Z] === Cycle complete, pending=0 ===
[2026-09-17T17:44:01.026177Z] === Watch cycle start ===
[2026-09-17T17:44:01.051694Z] Registered new inbound task: soak-001
[2026-09-17T17:44:01.054490Z] === Cycle complete, pending=1 ===
[2026-09-17T17:44:31.072542Z] === Watch cycle start ===
[2026-09-17T17:44:31.112344Z] === Cycle complete, pending=1 ===
[2026-09-17T17:45:01.145709Z] === Watch cycle start ===
[2026-09-17T17:45:01.156829Z] === Cycle complete, pending=1 ===
[2026-09-17T17:45:31.160400Z] === Watch cycle start ===
[2026-09-17T17:45:31.190568Z] === Cycle complete, pending=1 ===
[2026-09-17T17:46:01.200581Z] === Watch cycle start ===
[2026-09-17T17:46:01.230318Z] === Cycle complete, pending=1 ===
[2026-09-17T17:46:31.266426Z] === Watch cycle start ===
[2026-09-17T17:46:31.294467Z] === Cycle complete, pending=1 ===
[2026-09-17T17:47:01.308325Z] === Watch cycle start ===
[2026-09-17T17:47:01.317292Z] === Cycle complete, pending=1 ===
[2026-09-17T17:47:31.337255Z] === Watch cycle start ===
[2026-09-17T17:47:31.372886Z] === Cycle complete, pending=1 ===
[2026-09-17T17:48:01.397733Z] === Watch cycle start ===
[2026-09-17T17:48:01.417933Z] === Cycle complete, pending=1 ===
[2026-09-17T17:48:31.437623Z] === Watch cycle start ===
[2026-09-17T17:48:31.499887Z] === Cycle complete, pending=1 ===
[2026-09-17T17:49:01.547209Z] === Watch cycle start ===
[2026-09-17T17:49:01.577482Z] === Cycle complete, pending=1 ===
[2026-09-17T17:49:31.588819Z] === Watch cycle start ===
[2026-09-17T17:49:31.605876Z] === Cycle complete, pending=1 ===
[2026-09-17T17:50:01.634981Z] === Watch cycle start ===
[2026-09-17T17:50:01.679419Z] === Cycle complete, pending=1 ===
[2026-09-17T17:50:31.721821Z] === Watch cycle start ===
[2026-09-17T17:50:31.746668Z] === Cycle complete, pending=1 ===
[2026-09-17T17:51:01.760277Z] === Watch cycle start ===
[2026-09-17T17:51:01.776233Z] === Cycle complete, pending=1 ===
[2026-09-17T17:51:31.806013Z] === Watch cycle start ===
[2026-09-17T17:51:31.845375Z] === Cycle complete, pending=1 ===
[2026-09-17T17:52:01.854057Z] === Watch cycle start ===
[2026-09-17T17:52:01.861774Z] === Cycle complete, pending=1 ===
[2026-09-17T17:52:31.883301Z] === Watch cycle start ===
[2026-09-17T17:52:31.942535Z] === Cycle complete, pending=1 ===
[2026-09-17T17:53:01.971015Z] === Watch cycle start ===
[2026-09-17T17:53:01.990684Z] === Cycle complete, pending=1 ===
[2026-09-17T17:53:31.994168Z] === Watch cycle start ===
[2026-09-17T17:53:32.044958Z] === Cycle complete, pending=1 ===
[2026-09-17T17:54:02.055124Z] === Watch cycle start ===
[2026-09-17T17:54:02.062569Z] === Cycle complete, pending=1 ===
[2026-09-17T17:54:32.067995Z] === Watch cycle start ===
[2026-09-17T17:54:32.095785Z] === Cycle complete, pending=1 ===
[2026-09-17T17:55:02.116239Z] === Watch cycle start ===
[2026-09-17T17:55:02.168585Z] === Cycle complete, pending=1 ===
[2026-09-17T17:55:32.192551Z] === Watch cycle start ===
[2026-09-17T17:55:32.260163Z] === Cycle complete, pending=1 ===
[2026-09-17T17:56:02.292029Z] === Watch cycle start ===
[2026-09-17T17:56:02.371250Z] === Cycle complete, pending=1 ===
[2026-09-17T17:56:32.392120Z] === Watch cycle start ===
[2026-09-17T17:56:32.417520Z] === Cycle complete, pending=1 ===
[2026-09-17T17:57:02.487476Z] === Watch cycle start ===
[2026-09-17T17:57:02.599054Z] === Cycle complete, pending=1 ===
[2026-09-17T17:57:32.682345Z] === Watch cycle start ===
[2026-09-17T17:57:32.690142Z] === Cycle complete, pending=1 ===
[2026-09-17T17:58:02.709634Z] === Watch cycle start ===
[2026-09-17T17:58:02.731694Z] === Cycle complete, pending=1 ===
[2026-09-17T17:58:32.755462Z] === Watch cycle start ===
[2026-09-17T17:58:32.779340Z] === Cycle complete, pending=1 ===
[2026-09-17T17:59:02.802546Z] === Watch cycle start ===
[2026-09-17T17:59:02.818354Z] === Cycle complete, pending=1 ===
[2026-09-17T17:59:32.829639Z] === Watch cycle start ===
[2026-09-17T17:59:32.852327Z] === Cycle complete, pending=1 ===
[2026-09-17T18:00:02.866001Z] === Watch cycle start ===
[2026-09-17T18:00:02.890445Z] === Cycle complete, pending=1 ===
[2026-09-17T18:00:32.915491Z] === Watch cycle start ===
[2026-09-17T18:00:32.934793Z] === Cycle complete, pending=1 ===
[2026-09-17T18:01:02.972590Z] === Watch cycle start ===
[2026-09-17T18:01:03.003430Z] === Cycle complete, pending=1 ===
[2026-09-17T18:01:33.033969Z] === Watch cycle start ===
[2026-09-17T18:01:33.041737Z] === Cycle complete, pending=1 ===
[2026-09-17T18:02:03.064851Z] === Watch cycle start ===
[2026-09-17T18:02:03.115935Z] === Cycle complete, pending=1 ===
[2026-09-17T18:02:33.165224Z] === Watch cycle start ===
[2026-09-17T18:02:33.187040Z] === Cycle complete, pending=1 ===
[2026-09-17T18:03:03.195835Z] === Watch cycle start ===
[2026-09-17T18:03:03.205961Z] === Cycle complete, pending=1 ===
[2026-09-17T18:03:33.225241Z] === Watch cycle start ===
[2026-09-17T18:03:33.271708Z] === Cycle complete, pending=1 ===
[2026-09-17T18:04:03.331835Z] === Watch cycle start ===
[2026-09-17T18:04:03.421698Z] === Cycle complete, pending=1 ===
[2026-09-17T18:04:33.467742Z] === Watch cycle start ===
[2026-09-17T18:04:33.507119Z] === Cycle complete, pending=1 ===
[2026-09-17T18:05:03.510935Z] === Watch cycle start ===
[2026-09-17T18:05:03.554946Z] === Cycle complete, pending=1 ===
[2026-09-17T18:05:33.570613Z] === Watch cycle start ===
[2026-09-17T18:05:33.592637Z] === Cycle complete, pending=1 ===
[2026-09-17T18:06:03.601827Z] === Watch cycle start ===
[2026-09-17T18:06:03.609364Z] === Cycle complete, pending=1 ===
[2026-09-17T18:06:33.610856Z] === Watch cycle start ===
[2026-09-17T18:06:33.627766Z] === Cycle complete, pending=1 ===
[2026-09-17T18:07:03.636339Z] === Watch cycle start ===
[2026-09-17T18:07:03.656940Z] === Cycle complete, pending=1 ===
[2026-09-17T18:07:33.682481Z] === Watch cycle start ===
[2026-09-17T18:07:33.745132Z] === Cycle complete, pending=1 ===
[2026-09-17T18:08:03.772456Z] === Watch cycle start ===
[2026-09-17T18:08:03.782874Z] === Cycle complete, pending=1 ===
[2026-09-17T18:08:33.812549Z] === Watch cycle start ===
[2026-09-17T18:08:33.882408Z] === Cycle complete, pending=1 ===
[2026-09-17T18:09:03.924664Z] === Watch cycle start ===
[2026-09-17T18:09:03.941095Z] === Cycle complete, pending=1 ===
[2026-09-17T18:09:33.961070Z] === Watch cycle start ===
[2026-09-17T18:09:33.969911Z] === Cycle complete, pending=1 ===
[2026-09-17T18:10:03.976318Z] === Watch cycle start ===
[2026-09-17T18:10:03.989039Z] === Cycle complete, pending=1 ===
[2026-09-17T18:10:33.999832Z] === Watch cycle start ===
[2026-09-17T18:10:34.033047Z] === Cycle complete, pending=1 ===
[2026-09-17T18:11:04.046140Z] === Watch cycle start ===
[2026-09-17T18:11:04.098792Z] === Cycle complete, pending=1 ===
[2026-09-17T18:11:34.108370Z] === Watch cycle start ===
[2026-09-17T18:11:34.122198Z] === Cycle complete, pending=1 ===
[2026-09-17T18:12:04.129379Z] === Watch cycle start ===
[2026-09-17T18:12:04.144539Z] === Cycle complete, pending=1 ===
[2026-09-17T18:12:34.147378Z] === Watch cycle start ===
[2026-09-17T18:12:34.183443Z] === Cycle complete, pending=1 ===
[2026-09-17T18:13:04.209579Z] === Watch cycle start ===
[2026-09-17T18:13:04.229633Z] === Cycle complete, pending=1 ===
[2026-09-17T18:13:34.260800Z] === Watch cycle start ===
[2026-09-17T18:13:34.286628Z] === Cycle complete, pending=1 ===
[2026-09-17T18:14:04.312658Z] === Watch cycle start ===
[2026-09-17T18:14:04.336169Z] === Cycle complete, pending=1 ===
[2026-09-17T18:14:34.366604Z] === Watch cycle start ===
[2026-09-17T18:14:34.429518Z] === Cycle complete, pending=1 ===
[2026-09-17T18:15:04.475951Z] === Watch cycle start ===
[2026-09-17T18:15:04.503263Z] === Cycle complete, pending=1 ===
[2026-09-17T18:15:34.515603Z] === Watch cycle start ===
[2026-09-17T18:15:34.536917Z] === Cycle complete, pending=1 ===
[2026-09-17T18:16:04.547607Z] === Watch cycle start ===
[2026-09-17T18:16:04.573987Z] === Cycle complete, pending=1 ===
[2026-09-17T18:16:34.602126Z] === Watch cycle start ===
[2026-09-17T18:16:34.642104Z] === Cycle complete, pending=1 ===
[2026-09-17T18:17:04.680106Z] === Watch cycle start ===
[2026-09-17T18:17:04.693128Z] === Cycle complete, pending=1 ===
[2026-09-17T18:17:34.696952Z] === Watch cycle start ===
[2026-09-17T18:17:34.711383Z] === Cycle complete, pending=1 ===
[2026-09-17T18:18:04.726949Z] === Watch cycle start ===
[2026-09-17T18:18:04.754224Z] === Cycle complete, pending=1 ===
[2026-09-17T18:18:34.760221Z] === Watch cycle start ===
[2026-09-17T18:18:34.770328Z] === Cycle complete, pending=1 ===
[2026-09-17T18:19:04.804847Z] === Watch cycle start ===
[2026-09-17T18:19:04.869194Z] === Cycle complete, pending=1 ===
[2026-09-17T18:19:34.876261Z] === Watch cycle start ===
[2026-09-17T18:19:34.898234Z] === Cycle complete, pending=1 ===
[2026-09-17T18:20:04.925185Z] === Watch cycle start ===
[2026-09-17T18:20:04.975344Z] === Cycle complete, pending=1 ===
[2026-09-17T18:20:35.031554Z] === Watch cycle start ===
[2026-09-17T18:20:35.089241Z] === Cycle complete, pending=1 ===
[2026-09-17T18:21:05.112098Z] === Watch cycle start ===
[2026-09-17T18:21:05.124578Z] === Cycle complete, pending=1 ===
[2026-09-17T18:21:35.131219Z] === Watch cycle start ===
[2026-09-17T18:21:35.163618Z] === Cycle complete, pending=1 ===
[2026-09-17T18:22:05.178503Z] === Watch cycle start ===
[2026-09-17T18:22:05.186462Z] === Cycle complete, pending=1 ===
[2026-09-17T18:22:35.198528Z] === Watch cycle start ===
[2026-09-17T18:22:35.237428Z] === Cycle complete, pending=1 ===
[2026-09-17T18:23:05.277314Z] === Watch cycle start ===
[2026-09-17T18:23:05.317275Z] === Cycle complete, pending=1 ===
[2026-09-17T18:23:35.345564Z] === Watch cycle start ===
[2026-09-17T18:23:35.407538Z] === Cycle complete, pending=1 ===
[2026-09-17T18:24:05.448587Z] === Watch cycle start ===
[2026-09-17T18:24:05.479131Z] === Cycle complete, pending=1 ===
[2026-09-17T18:24:35.487038Z] === Watch cycle start ===
[2026-09-17T18:24:35.552998Z] === Cycle complete, pending=1 ===
[2026-09-17T18:25:05.581687Z] === Watch cycle start ===
[2026-09-17T18:25:05.606639Z] === Cycle complete, pending=1 ===
[2026-09-17T18:25:35.619106Z] === Watch cycle start ===
[2026-09-17T18:25:35.648611Z] === Cycle complete, pending=1 ===
[2026-09-17T18:26:05.656236Z] === Watch cycle start ===
[2026-09-17T18:26:05.671353Z] === Cycle complete, pending=1 ===
[2026-09-17T18:26:35.688777Z] === Watch cycle start ===
[2026-09-17T18:26:35.720322Z] === Cycle complete, pending=1 ===
[2026-09-17T18:27:05.747296Z] === Watch cycle start ===
[2026-09-17T18:27:05.803554Z] === Cycle complete, pending=1 ===
[2026-09-17T18:27:35.818558Z] === Watch cycle start ===
[2026-09-17T18:27:35.850606Z] === Cycle complete, pending=1 ===
[2026-09-17T18:28:05.899416Z] === Watch cycle start ===
[2026-09-17T18:28:05.935425Z] === Cycle complete, pending=1 ===
[2026-09-17T18:28:35.953370Z] === Watch cycle start ===
[2026-09-17T18:28:35.996609Z] === Cycle complete, pending=1 ===
[2026-09-17T18:29:06.013101Z] === Watch cycle start ===
[2026-09-17T18:29:06.024408Z] === Cycle complete, pending=1 ===
[2026-09-17T18:29:36.043537Z] === Watch cycle start ===
[2026-09-17T18:29:36.071641Z] === Cycle complete, pending=1 ===
[2026-09-17T18:30:06.097146Z] === Watch cycle start ===
[2026-09-17T18:30:06.200638Z] === Cycle complete, pending=1 ===
[2026-09-17T18:30:36.244147Z] === Watch cycle start ===
[2026-09-17T18:30:36.274406Z] === Cycle complete, pending=1 ===
[2026-09-17T18:31:06.282045Z] === Watch cycle start ===
[2026-09-17T18:31:06.289882Z] === Cycle complete, pending=1 ===
[2026-09-17T18:31:36.296617Z] === Watch cycle start ===
[2026-09-17T18:31:36.315713Z] === Cycle complete, pending=1 ===
[2026-09-17T18:32:06.357373Z] === Watch cycle start ===
[2026-09-17T18:32:06.430199Z] === Cycle complete, pending=1 ===
[2026-09-17T18:32:36.501030Z] === Watch cycle start ===
[2026-09-17T18:32:36.526566Z] === Cycle complete, pending=1 ===
[2026-09-17T18:33:06.557025Z] === Watch cycle start ===
[2026-09-17T18:33:06.573256Z] === Cycle complete, pending=1 ===
[2026-09-17T18:33:36.615687Z] === Watch cycle start ===
[2026-09-17T18:33:36.642869Z] === Cycle complete, pending=1 ===
[2026-09-17T18:34:06.654103Z] === Watch cycle start ===
[2026-09-17T18:34:06.671972Z] === Cycle complete, pending=1 ===
[2026-09-17T18:34:36.689304Z] === Watch cycle start ===
[2026-09-17T18:34:36.716395Z] === Cycle complete, pending=1 ===
[2026-09-17T18:35:06.723449Z] === Watch cycle start ===
[2026-09-17T18:35:06.751892Z] === Cycle complete, pending=1 ===
[2026-09-17T18:35:36.786031Z] === Watch cycle start ===
[2026-09-17T18:35:36.796279Z] === Cycle complete, pending=1 ===
[2026-09-17T18:36:06.806671Z] === Watch cycle start ===
[2026-09-17T18:36:06.843946Z] === Cycle complete, pending=1 ===
[2026-09-17T18:36:36.873306Z] === Watch cycle start ===
[2026-09-17T18:36:36.921898Z] === Cycle complete, pending=1 ===
[2026-09-17T18:37:06.932022Z] === Watch cycle start ===
[2026-09-17T18:37:06.983734Z] === Cycle complete, pending=1 ===
[2026-09-17T18:37:37.004428Z] === Watch cycle start ===
[2026-09-17T18:37:37.037535Z] === Cycle complete, pending=1 ===
[2026-09-17T18:38:07.078717Z] === Watch cycle start ===
[2026-09-17T18:38:07.145533Z] === Cycle complete, pending=1 ===
[2026-09-17T18:38:37.244095Z] === Watch cycle start ===
[2026-09-17T18:38:37.298414Z] === Cycle complete, pending=1 ===
[2026-09-17T18:39:07.354353Z] === Watch cycle start ===
[2026-09-17T18:39:07.368526Z] === Cycle complete, pending=1 ===
[2026-09-17T18:39:37.371761Z] === Watch cycle start ===
[2026-09-17T18:39:37.378995Z] === Cycle complete, pending=1 ===
[2026-09-17T18:40:07.380763Z] === Watch cycle start ===
[2026-09-17T18:40:07.387359Z] === Cycle complete, pending=1 ===
[2026-09-17T18:40:37.405709Z] === Watch cycle start ===
[2026-09-17T18:40:37.496314Z] === Cycle complete, pending=1 ===
[2026-09-17T18:41:07.529762Z] === Watch cycle start ===
[2026-09-17T18:41:07.567168Z] === Cycle complete, pending=1 ===
[2026-09-17T18:41:37.607836Z] === Watch cycle start ===
[2026-09-17T18:41:37.643691Z] === Cycle complete, pending=1 ===
[2026-09-17T18:42:07.683299Z] === Watch cycle start ===
[2026-09-17T18:42:07.800441Z] === Cycle complete, pending=1 ===
[2026-09-17T18:42:37.877195Z] === Watch cycle start ===
[2026-09-17T18:42:37.900876Z] === Cycle complete, pending=1 ===
[2026-09-17T18:43:07.918415Z] === Watch cycle start ===
[2026-09-17T18:43:07.941607Z] === Cycle complete, pending=1 ===
[2026-09-17T18:43:37.959601Z] === Watch cycle start ===
[2026-09-17T18:43:37.987488Z] === Cycle complete, pending=1 ===
[2026-09-17T18:44:07.992528Z] === Watch cycle start ===
[2026-09-17T18:44:07.999856Z] === Cycle complete, pending=1 ===
[2026-09-17T18:44:38.004810Z] === Watch cycle start ===
[2026-09-17T18:44:38.031274Z] === Cycle complete, pending=1 ===
[2026-09-17T18:45:08.060691Z] === Watch cycle start ===
[2026-09-17T18:45:08.092662Z] === Cycle complete, pending=1 ===
[2026-09-17T18:45:38.102312Z] === Watch cycle start ===
[2026-09-17T18:45:38.125951Z] === Cycle complete, pending=1 ===
[2026-09-17T18:46:08.151650Z] === Watch cycle start ===
[2026-09-17T18:46:08.190542Z] === Cycle complete, pending=1 ===
[2026-09-17T18:46:38.200551Z] === Watch cycle start ===
[2026-09-17T18:46:38.218276Z] === Cycle complete, pending=1 ===
[2026-09-17T18:47:08.227427Z] === Watch cycle start ===
[2026-09-17T18:47:08.247605Z] === Cycle complete, pending=1 ===
[2026-09-17T18:47:38.266732Z] === Watch cycle start ===
[2026-09-17T18:47:38.288103Z] === Cycle complete, pending=1 ===
[2026-09-17T18:48:08.297866Z] === Watch cycle start ===
[2026-09-17T18:48:08.307557Z] === Cycle complete, pending=1 ===
[2026-09-17T18:48:38.319568Z] === Watch cycle start ===
[2026-09-17T18:48:38.354633Z] === Cycle complete, pending=1 ===
[2026-09-17T18:49:08.381842Z] === Watch cycle start ===
[2026-09-17T18:49:08.399291Z] === Cycle complete, pending=1 ===
[2026-09-17T18:49:38.412968Z] === Watch cycle start ===
[2026-09-17T18:49:38.439046Z] === Cycle complete, pending=1 ===
[2026-09-17T18:50:08.458950Z] === Watch cycle start ===
[2026-09-17T18:50:08.486269Z] === Cycle complete, pending=1 ===
[2026-09-17T18:50:38.494679Z] === Watch cycle start ===
[2026-09-17T18:50:38.518705Z] === Cycle complete, pending=1 ===
[2026-09-17T18:51:08.529878Z] === Watch cycle start ===
[2026-09-17T18:51:08.538510Z] === Cycle complete, pending=1 ===
[2026-09-17T18:51:38.541554Z] === Watch cycle start ===
[2026-09-17T18:51:38.553414Z] === Cycle complete, pending=1 ===
[2026-09-17T18:52:08.559913Z] === Watch cycle start ===
[2026-09-17T18:52:08.573795Z] === Cycle complete, pending=1 ===
[2026-09-17T18:52:38.580660Z] === Watch cycle start ===
[2026-09-17T18:52:38.588007Z] === Cycle complete, pending=1 ===
[2026-09-17T18:53:08.600190Z] === Watch cycle start ===
[2026-09-17T18:53:08.622315Z] === Cycle complete, pending=1 ===
[2026-09-17T18:53:38.635954Z] === Watch cycle start ===
[2026-09-17T18:53:38.658328Z] === Cycle complete, pending=1 ===
[2026-09-17T18:54:08.675316Z] === Watch cycle start ===
[2026-09-17T18:54:08.690107Z] === Cycle complete, pending=1 ===
[2026-09-17T18:54:38.704205Z] === Watch cycle start ===
[2026-09-17T18:54:38.712296Z] === Cycle complete, pending=1 ===
[2026-09-17T18:55:08.717193Z] === Watch cycle start ===
[2026-09-17T18:55:08.726528Z] === Cycle complete, pending=1 ===
[2026-09-17T18:55:38.765471Z] === Watch cycle start ===
[2026-09-17T18:55:38.963879Z] === Cycle complete, pending=1 ===
[2026-09-17T18:56:09.041683Z] === Watch cycle start ===
[2026-09-17T18:56:09.138362Z] === Cycle complete, pending=1 ===
[2026-09-17T18:56:39.170371Z] === Watch cycle start ===
[2026-09-17T18:56:39.204380Z] === Cycle complete, pending=1 ===
[2026-09-17T18:57:09.219596Z] === Watch cycle start ===
[2026-09-17T18:57:09.254602Z] === Cycle complete, pending=1 ===
[2026-09-17T18:57:39.268563Z] === Watch cycle start ===
[2026-09-17T18:57:39.306399Z] === Cycle complete, pending=1 ===
[2026-09-17T18:58:09.317300Z] === Watch cycle start ===
[2026-09-17T18:58:09.334407Z] === Cycle complete, pending=1 ===
[2026-09-17T18:58:39.339797Z] === Watch cycle start ===
[2026-09-17T18:58:39.383470Z] === Cycle complete, pending=1 ===
[2026-09-17T18:59:09.394217Z] === Watch cycle start ===
[2026-09-17T18:59:09.453491Z] === Cycle complete, pending=1 ===
[2026-09-17T18:59:39.501498Z] === Watch cycle start ===
[2026-09-17T18:59:39.555112Z] === Cycle complete, pending=1 ===
[2026-09-17T19:00:09.599287Z] === Watch cycle start ===
[2026-09-17T19:00:09.641758Z] === Cycle complete, pending=1 ===
[2026-09-17T19:00:39.659567Z] === Watch cycle start ===
[2026-09-17T19:00:39.698147Z] === Cycle complete, pending=1 ===
[2026-09-17T19:01:09.735744Z] === Watch cycle start ===
[2026-09-17T19:01:09.843846Z] === Cycle complete, pending=1 ===
[2026-09-17T19:01:39.893854Z] === Watch cycle start ===
[2026-09-17T19:01:39.960895Z] === Cycle complete, pending=1 ===
[2026-09-17T19:02:09.983026Z] === Watch cycle start ===
[2026-09-17T19:02:09.995971Z] === Cycle complete, pending=1 ===
[2026-09-17T19:02:40.026450Z] === Watch cycle start ===
[2026-09-17T19:02:40.079890Z] === Cycle complete, pending=1 ===
[2026-09-17T19:03:10.101798Z] === Watch cycle start ===
[2026-09-17T19:03:10.171161Z] === Cycle complete, pending=1 ===
[2026-09-17T19:03:40.211002Z] === Watch cycle start ===
[2026-09-17T19:03:40.301701Z] === Cycle complete, pending=1 ===
[2026-09-17T19:04:10.336364Z] === Watch cycle start ===
[2026-09-17T19:04:10.359158Z] === Cycle complete, pending=1 ===
[2026-09-17T19:04:40.384056Z] === Watch cycle start ===
[2026-09-17T19:04:40.414434Z] === Cycle complete, pending=1 ===
[2026-09-17T19:05:10.428338Z] === Watch cycle start ===
[2026-09-17T19:05:10.536228Z] === Cycle complete, pending=1 ===
[2026-09-17T19:05:40.557080Z] === Watch cycle start ===
[2026-09-17T19:05:40.585920Z] === Cycle complete, pending=1 ===
[2026-09-17T19:06:10.601786Z] === Watch cycle start ===
[2026-09-17T19:06:10.620554Z] === Cycle complete, pending=1 ===
[2026-09-17T19:06:40.628329Z] === Watch cycle start ===
[2026-09-17T19:06:40.726691Z] === Cycle complete, pending=1 ===
[2026-09-17T19:07:10.767615Z] === Watch cycle start ===
[2026-09-17T19:07:10.820389Z] === Cycle complete, pending=1 ===
[2026-09-17T19:07:40.863277Z] === Watch cycle start ===
[2026-09-17T19:07:40.935906Z] === Cycle complete, pending=1 ===
[2026-09-17T19:08:10.985054Z] === Watch cycle start ===
[2026-09-17T19:08:11.051736Z] === Cycle complete, pending=1 ===
[2026-09-17T19:08:41.101703Z] === Watch cycle start ===
[2026-09-17T19:08:41.157730Z] === Cycle complete, pending=1 ===
[2026-09-17T19:09:11.209619Z] === Watch cycle start ===
[2026-09-17T19:09:11.223728Z] === Cycle complete, pending=1 ===
[2026-09-17T19:09:41.256970Z] === Watch cycle start ===
[2026-09-17T19:09:41.327806Z] === Cycle complete, pending=1 ===
[2026-09-17T19:10:11.371791Z] === Watch cycle start ===
[2026-09-17T19:10:11.426026Z] === Cycle complete, pending=1 ===
[2026-09-17T19:10:41.485001Z] === Watch cycle start ===
[2026-09-17T19:10:41.560648Z] === Cycle complete, pending=1 ===
[2026-09-17T19:11:11.599333Z] === Watch cycle start ===
[2026-09-17T19:11:11.668413Z] === Cycle complete, pending=1 ===
[2026-09-17T19:11:41.715832Z] === Watch cycle start ===
[2026-09-17T19:11:41.776319Z] === Cycle complete, pending=1 ===
[2026-09-17T19:12:11.872373Z] === Watch cycle start ===
[2026-09-17T19:12:11.953794Z] === Cycle complete, pending=1 ===
[2026-09-17T19:12:42.002513Z] === Watch cycle start ===
[2026-09-17T19:12:42.031434Z] === Cycle complete, pending=1 ===
[2026-09-17T19:13:12.059672Z] === Watch cycle start ===
[2026-09-17T19:13:12.075419Z] === Cycle complete, pending=1 ===
[2026-09-17T19:13:42.110485Z] === Watch cycle start ===
[2026-09-17T19:13:42.140522Z] === Cycle complete, pending=1 ===
[2026-09-17T19:14:12.175141Z] === Watch cycle start ===
[2026-09-17T19:14:12.219460Z] STALE: soak-001 past deadline + 30min grace
[2026-09-17T19:14:12.252477Z] === Cycle complete, pending=0 ===
[2026-09-17T19:14:42.289301Z] === Watch cycle start ===
[2026-09-17T19:14:42.374035Z] Registered new inbound task: soak-001
[2026-09-17T19:14:42.384718Z] === Cycle complete, pending=1 ===
[2026-09-17T19:15:12.428768Z] === Watch cycle start ===
[2026-09-17T19:15:12.511662Z] === Cycle complete, pending=1 ===
[2026-09-17T19:15:42.530544Z] === Watch cycle start ===
[2026-09-17T19:15:42.565635Z] === Cycle complete, pending=1 ===
[2026-09-17T19:16:12.596509Z] === Watch cycle start ===
[2026-09-17T19:16:12.610334Z] === Cycle complete, pending=1 ===
[2026-09-17T19:16:42.630559Z] === Watch cycle start ===
[2026-09-17T19:16:42.643759Z] === Cycle complete, pending=1 ===
[2026-09-17T19:17:12.646095Z] === Watch cycle start ===
[2026-09-17T19:17:12.659953Z] === Cycle complete, pending=1 ===
[2026-09-17T19:17:42.662596Z] === Watch cycle start ===
[2026-09-17T19:17:42.690132Z] === Cycle complete, pending=1 ===
[2026-09-17T19:18:12.725574Z] === Watch cycle start ===
[2026-09-17T19:18:12.732752Z] === Cycle complete, pending=1 ===
[2026-09-17T19:18:42.752669Z] === Watch cycle start ===
[2026-09-17T19:18:42.826643Z] === Cycle complete, pending=1 ===
[2026-09-17T19:19:12.840124Z] === Watch cycle start ===
[2026-09-17T19:19:12.871355Z] === Cycle complete, pending=1 ===
[2026-09-17T19:19:42.897817Z] === Watch cycle start ===
[2026-09-17T19:19:42.935479Z] === Cycle complete, pending=1 ===
[2026-09-17T19:20:12.954707Z] === Watch cycle start ===
[2026-09-17T19:20:12.981054Z] === Cycle complete, pending=1 ===
[2026-09-17T19:20:42.991921Z] === Watch cycle start ===
[2026-09-17T19:20:43.027456Z] === Cycle complete, pending=1 ===
[2026-09-17T19:21:13.034568Z] === Watch cycle start ===
[2026-09-17T19:21:13.042721Z] === Cycle complete, pending=1 ===
[2026-09-17T19:21:43.060080Z] === Watch cycle start ===
[2026-09-17T19:21:43.091874Z] === Cycle complete, pending=1 ===
[2026-09-17T19:22:13.110485Z] === Watch cycle start ===
[2026-09-17T19:22:13.139069Z] === Cycle complete, pending=1 ===
[2026-09-17T19:22:43.153855Z] === Watch cycle start ===
[2026-09-17T19:22:43.249128Z] === Cycle complete, pending=1 ===
[2026-09-17T19:23:13.314481Z] === Watch cycle start ===
[2026-09-17T19:23:13.340651Z] === Cycle complete, pending=1 ===
[2026-09-17T19:23:43.364415Z] === Watch cycle start ===
[2026-09-17T19:23:43.432403Z] === Cycle complete, pending=1 ===
[2026-09-17T19:24:13.467931Z] === Watch cycle start ===
[2026-09-17T19:24:13.520039Z] === Cycle complete, pending=1 ===
[2026-09-17T19:24:43.553411Z] === Watch cycle start ===
[2026-09-17T19:24:43.588990Z] === Cycle complete, pending=1 ===
[2026-09-17T19:25:13.606504Z] === Watch cycle start ===
[2026-09-17T19:25:13.616264Z] === Cycle complete, pending=1 ===
[2026-09-17T19:25:43.630605Z] === Watch cycle start ===
[2026-09-17T19:25:43.690102Z] === Cycle complete, pending=1 ===
[2026-09-17T19:26:13.754505Z] === Watch cycle start ===
[2026-09-17T19:26:13.771830Z] === Cycle complete, pending=1 ===
[2026-09-17T19:26:43.784071Z] === Watch cycle start ===
[2026-09-17T19:26:43.809742Z] === Cycle complete, pending=1 ===
[2026-09-17T19:27:13.847878Z] === Watch cycle start ===
[2026-09-17T19:27:13.875644Z] === Cycle complete, pending=1 ===
[2026-09-17T19:27:43.887824Z] === Watch cycle start ===
[2026-09-17T19:27:43.916981Z] === Cycle complete, pending=1 ===
[2026-09-17T19:28:13.942527Z] === Watch cycle start ===
[2026-09-17T19:28:13.967762Z] === Cycle complete, pending=1 ===
[2026-09-17T19:28:43.988730Z] === Watch cycle start ===
[2026-09-17T19:28:44.045958Z] === Cycle complete, pending=1 ===
[2026-09-17T19:29:14.075160Z] === Watch cycle start ===
[2026-09-17T19:29:14.122011Z] === Cycle complete, pending=1 ===
[2026-09-17T19:29:44.145490Z] === Watch cycle start ===
[2026-09-17T19:29:44.204797Z] === Cycle complete, pending=1 ===
[2026-09-17T19:30:14.293120Z] === Watch cycle start ===
[2026-09-17T19:30:14.331898Z] === Cycle complete, pending=1 ===
[2026-09-17T19:30:44.378077Z] === Watch cycle start ===
[2026-09-17T19:30:44.410152Z] === Cycle complete, pending=1 ===
[2026-09-17T19:31:14.422446Z] === Watch cycle start ===
[2026-09-17T19:31:14.472028Z] === Cycle complete, pending=1 ===
[2026-09-17T19:31:44.497552Z] === Watch cycle start ===
[2026-09-17T19:31:44.535419Z] === Cycle complete, pending=1 ===
[2026-09-17T19:32:14.556203Z] === Watch cycle start ===
[2026-09-17T19:32:14.604083Z] === Cycle complete, pending=1 ===
[2026-09-17T19:32:44.626474Z] === Watch cycle start ===
[2026-09-17T19:32:44.706897Z] === Cycle complete, pending=1 ===
[2026-09-17T19:33:14.771424Z] === Watch cycle start ===
[2026-09-17T19:33:14.804535Z] === Cycle complete, pending=1 ===
[2026-09-17T19:33:44.834780Z] === Watch cycle start ===
[2026-09-17T19:33:44.852396Z] === Cycle complete, pending=1 ===
[2026-09-17T19:34:14.879571Z] === Watch cycle start ===
[2026-09-17T19:34:14.903884Z] === Cycle complete, pending=1 ===
[2026-09-17T19:34:44.908497Z] === Watch cycle start ===
[2026-09-17T19:34:44.924114Z] === Cycle complete, pending=1 ===
[2026-09-17T19:35:14.925488Z] === Watch cycle start ===
[2026-09-17T19:35:14.935287Z] === Cycle complete, pending=1 ===
[2026-09-17T19:35:44.939015Z] === Watch cycle start ===
[2026-09-17T19:35:44.952204Z] === Cycle complete, pending=1 ===
[2026-09-17T19:36:14.968870Z] === Watch cycle start ===
[2026-09-17T19:36:14.996236Z] === Cycle complete, pending=1 ===
[2026-09-17T19:36:45.004484Z] === Watch cycle start ===
[2026-09-17T19:36:45.056649Z] === Cycle complete, pending=1 ===
[2026-09-17T19:37:15.080303Z] === Watch cycle start ===
[2026-09-17T19:37:15.145534Z] === Cycle complete, pending=1 ===
[2026-09-17T19:37:45.173861Z] === Watch cycle start ===
[2026-09-17T19:37:45.209707Z] === Cycle complete, pending=1 ===
[2026-09-17T19:38:15.257698Z] === Watch cycle start ===
[2026-09-17T19:38:15.302993Z] === Cycle complete, pending=1 ===
[2026-09-17T19:38:45.326740Z] === Watch cycle start ===
[2026-09-17T19:38:45.440279Z] === Cycle complete, pending=1 ===
[2026-09-17T19:39:15.491231Z] === Watch cycle start ===
[2026-09-17T19:39:15.508889Z] === Cycle complete, pending=1 ===
[2026-09-17T19:39:45.545942Z] === Watch cycle start ===
[2026-09-17T19:39:45.598888Z] === Cycle complete, pending=1 ===
[2026-09-17T19:40:15.658030Z] === Watch cycle start ===
[2026-09-17T19:40:15.722981Z] === Cycle complete, pending=1 ===
[2026-09-17T19:40:45.793667Z] === Watch cycle start ===
[2026-09-17T19:40:45.903089Z] === Cycle complete, pending=1 ===
[2026-09-17T19:41:16.026688Z] === Watch cycle start ===
[2026-09-17T19:41:16.123345Z] === Cycle complete, pending=1 ===
[2026-09-17T19:41:46.168223Z] === Watch cycle start ===
[2026-09-17T19:41:46.203019Z] === Cycle complete, pending=1 ===
[2026-09-17T19:42:16.239803Z] === Watch cycle start ===
[2026-09-17T19:42:16.259161Z] === Cycle complete, pending=1 ===
[2026-09-17T19:42:46.285556Z] === Watch cycle start ===
[2026-09-17T19:42:46.315577Z] === Cycle complete, pending=1 ===
[2026-09-17T19:43:16.320539Z] === Watch cycle start ===
[2026-09-17T19:43:16.331772Z] === Cycle complete, pending=1 ===
[2026-09-17T19:43:46.335694Z] === Watch cycle start ===
[2026-09-17T19:43:46.355940Z] === Cycle complete, pending=1 ===
[2026-09-17T19:44:16.360971Z] === Watch cycle start ===
[2026-09-17T19:44:16.372972Z] === Cycle complete, pending=1 ===
[2026-09-17T19:44:46.379765Z] === Watch cycle start ===
[2026-09-17T19:44:46.388633Z] === Cycle complete, pending=1 ===
[2026-09-17T19:45:16.429817Z] === Watch cycle start ===
[2026-09-17T19:45:16.484771Z] === Cycle complete, pending=1 ===
[2026-09-17T19:45:46.537906Z] === Watch cycle start ===
[2026-09-17T19:45:46.599465Z] === Cycle complete, pending=1 ===
[2026-09-17T19:46:16.657460Z] === Watch cycle start ===
[2026-09-17T19:46:16.732894Z] === Cycle complete, pending=1 ===
[2026-09-17T19:46:46.770013Z] === Watch cycle start ===
[2026-09-17T19:46:46.833563Z] === Cycle complete, pending=1 ===
[2026-09-17T19:47:16.849494Z] === Watch cycle start ===
[2026-09-17T19:47:16.870679Z] === Cycle complete, pending=1 ===
[2026-09-17T19:47:46.912059Z] === Watch cycle start ===
[2026-09-17T19:47:46.957014Z] === Cycle complete, pending=1 ===
[2026-09-17T19:48:17.000365Z] === Watch cycle start ===
[2026-09-17T19:48:17.020533Z] === Cycle complete, pending=1 ===
[2026-09-17T19:48:47.038269Z] === Watch cycle start ===
[2026-09-17T19:48:47.061206Z] === Cycle complete, pending=1 ===
[2026-09-17T19:49:17.082248Z] === Watch cycle start ===
[2026-09-17T19:49:17.114943Z] === Cycle complete, pending=1 ===
[2026-09-17T19:49:47.150725Z] === Watch cycle start ===
[2026-09-17T19:49:47.259752Z] === Cycle complete, pending=1 ===
[2026-09-17T19:50:17.312518Z] === Watch cycle start ===
[2026-09-17T19:50:17.359868Z] === Cycle complete, pending=1 ===
[2026-09-17T19:50:47.395633Z] === Watch cycle start ===
[2026-09-17T19:50:47.473955Z] === Cycle complete, pending=1 ===
[2026-09-17T19:51:17.536473Z] === Watch cycle start ===
[2026-09-17T19:51:17.598697Z] === Cycle complete, pending=1 ===
[2026-09-17T19:51:47.647698Z] === Watch cycle start ===
[2026-09-17T19:51:47.732960Z] === Cycle complete, pending=1 ===
[2026-09-17T19:52:17.785645Z] === Watch cycle start ===
[2026-09-17T19:52:17.890123Z] === Cycle complete, pending=1 ===
[2026-09-17T19:52:47.928149Z] === Watch cycle start ===
[2026-09-17T19:52:48.021316Z] === Cycle complete, pending=1 ===
[2026-09-17T19:53:18.081569Z] === Watch cycle start ===
[2026-09-17T19:53:18.198233Z] === Cycle complete, pending=1 ===
[2026-09-17T19:53:48.238865Z] === Watch cycle start ===
[2026-09-17T19:53:48.280962Z] === Cycle complete, pending=1 ===
[2026-09-17T19:54:18.314647Z] === Watch cycle start ===
[2026-09-17T19:54:18.341593Z] === Cycle complete, pending=1 ===
[2026-09-17T19:54:48.370980Z] === Watch cycle start ===
[2026-09-17T19:54:48.453153Z] === Cycle complete, pending=1 ===
[2026-09-17T19:55:18.477095Z] === Watch cycle start ===
[2026-09-17T19:55:18.523174Z] === Cycle complete, pending=1 ===
[2026-09-17T19:55:48.559584Z] === Watch cycle start ===
[2026-09-17T19:55:48.659270Z] === Cycle complete, pending=1 ===
[2026-09-17T19:56:18.716446Z] === Watch cycle start ===
[2026-09-17T19:56:18.763238Z] === Cycle complete, pending=1 ===
[2026-09-17T19:56:48.784222Z] === Watch cycle start ===
[2026-09-17T19:56:48.805748Z] === Cycle complete, pending=1 ===
[2026-09-17T19:57:18.833825Z] === Watch cycle start ===
[2026-09-17T19:57:18.867097Z] === Cycle complete, pending=1 ===
[2026-09-17T19:57:48.886796Z] === Watch cycle start ===
[2026-09-17T19:57:48.970599Z] === Cycle complete, pending=1 ===
[2026-09-17T19:58:19.025655Z] === Watch cycle start ===
[2026-09-17T19:58:19.058265Z] === Cycle complete, pending=1 ===
[2026-09-17T19:58:49.081604Z] === Watch cycle start ===
[2026-09-17T19:58:49.140178Z] === Cycle complete, pending=1 ===
[2026-09-17T19:59:19.169864Z] === Watch cycle start ===
[2026-09-17T19:59:19.210579Z] === Cycle complete, pending=1 ===
[2026-09-17T19:59:49.239149Z] === Watch cycle start ===
[2026-09-17T19:59:49.272553Z] === Cycle complete, pending=1 ===
[2026-09-17T20:00:19.307204Z] === Watch cycle start ===
[2026-09-17T20:00:19.392387Z] === Cycle complete, pending=1 ===
[2026-09-17T20:00:49.428644Z] === Watch cycle start ===
[2026-09-17T20:00:49.538112Z] === Cycle complete, pending=1 ===
[2026-09-17T20:01:19.601376Z] === Watch cycle start ===
[2026-09-17T20:01:19.683263Z] === Cycle complete, pending=1 ===
[2026-09-17T20:01:49.706385Z] === Watch cycle start ===
[2026-09-17T20:01:49.785505Z] === Cycle complete, pending=1 ===
[2026-09-17T20:02:19.859355Z] === Watch cycle start ===
[2026-09-17T20:02:19.899698Z] === Cycle complete, pending=1 ===
[2026-09-17T20:02:49.953126Z] === Watch cycle start ===
[2026-09-17T20:02:49.997038Z] === Cycle complete, pending=1 ===
[2026-09-17T20:03:20.026879Z] === Watch cycle start ===
[2026-09-17T20:03:20.072463Z] === Cycle complete, pending=1 ===
[2026-09-17T20:03:50.104572Z] === Watch cycle start ===
[2026-09-17T20:03:50.181189Z] === Cycle complete, pending=1 ===
[2026-09-17T20:04:20.200422Z] === Watch cycle start ===
[2026-09-17T20:04:20.211156Z] === Cycle complete, pending=1 ===
[2026-09-17T20:04:50.219958Z] === Watch cycle start ===
[2026-09-17T20:04:50.246483Z] === Cycle complete, pending=1 ===
[2026-09-17T20:05:20.255206Z] === Watch cycle start ===
[2026-09-17T20:05:20.264706Z] === Cycle complete, pending=1 ===
[2026-09-17T20:05:50.283981Z] === Watch cycle start ===
[2026-09-17T20:05:50.327161Z] === Cycle complete, pending=1 ===
[2026-09-17T20:06:20.359796Z] === Watch cycle start ===
[2026-09-17T20:06:20.403441Z] === Cycle complete, pending=1 ===
[2026-09-17T20:06:50.452307Z] === Watch cycle start ===
[2026-09-17T20:06:50.480141Z] === Cycle complete, pending=1 ===
[2026-09-17T20:07:20.501487Z] === Watch cycle start ===
[2026-09-17T20:07:20.702720Z] === Cycle complete, pending=1 ===
[2026-09-17T20:07:50.789174Z] === Watch cycle start ===
[2026-09-17T20:07:50.866460Z] === Cycle complete, pending=1 ===
[2026-09-17T20:08:20.942013Z] === Watch cycle start ===
[2026-09-17T20:08:21.033380Z] === Cycle complete, pending=1 ===
[2026-09-17T20:08:51.192720Z] === Watch cycle start ===
[2026-09-17T20:08:51.375650Z] === Cycle complete, pending=1 ===
[2026-09-17T20:09:21.453845Z] === Watch cycle start ===
[2026-09-17T20:09:21.516929Z] === Cycle complete, pending=1 ===
[2026-09-17T20:09:51.635302Z] === Watch cycle start ===
[2026-09-17T20:09:51.936582Z] === Cycle complete, pending=1 ===
[2026-09-17T20:10:22.038360Z] === Watch cycle start ===
[2026-09-17T20:10:22.137594Z] === Cycle complete, pending=1 ===
[2026-09-17T20:10:52.238060Z] === Watch cycle start ===
[2026-09-17T20:10:52.346932Z] === Cycle complete, pending=1 ===
[2026-09-17T20:11:22.453870Z] === Watch cycle start ===
[2026-09-17T20:11:22.525829Z] === Cycle complete, pending=1 ===
[2026-09-17T20:11:52.601134Z] === Watch cycle start ===
[2026-09-17T20:11:52.637301Z] === Cycle complete, pending=1 ===
[2026-09-17T20:12:22.670353Z] === Watch cycle start ===
[2026-09-17T20:12:22.873662Z] === Cycle complete, pending=1 ===
[2026-09-17T20:12:52.932761Z] === Watch cycle start ===
[2026-09-17T20:12:52.964921Z] === Cycle complete, pending=1 ===
[2026-09-17T20:13:22.984290Z] === Watch cycle start ===
[2026-09-17T20:13:23.061743Z] === Cycle complete, pending=1 ===
[2026-09-17T20:13:53.114191Z] === Watch cycle start ===
[2026-09-17T20:13:53.167384Z] === Cycle complete, pending=1 ===
[2026-09-17T20:14:23.223376Z] === Watch cycle start ===
[2026-09-17T20:14:23.229627Z] === Cycle complete, pending=1 ===
[2026-09-17T20:14:53.244831Z] === Watch cycle start ===
[2026-09-17T20:14:53.316472Z] === Cycle complete, pending=1 ===
[2026-09-17T20:15:23.376023Z] === Watch cycle start ===
[2026-09-17T20:15:23.481196Z] === Cycle complete, pending=1 ===
[2026-09-17T20:15:53.511156Z] === Watch cycle start ===
[2026-09-17T20:15:53.616068Z] === Cycle complete, pending=1 ===
[2026-09-17T20:16:23.710860Z] === Watch cycle start ===
[2026-09-17T20:16:23.729823Z] === Cycle complete, pending=1 ===
[2026-09-17T20:16:53.772974Z] === Watch cycle start ===
[2026-09-17T20:16:53.818643Z] === Cycle complete, pending=1 ===
[2026-09-17T20:17:23.839011Z] === Watch cycle start ===
[2026-09-17T20:17:23.853757Z] === Cycle complete, pending=1 ===
[2026-09-17T20:17:53.913822Z] === Watch cycle start ===
[2026-09-17T20:17:54.245786Z] === Cycle complete, pending=1 ===
[2026-09-17T20:18:24.365651Z] === Watch cycle start ===
[2026-09-17T20:18:24.446127Z] === Cycle complete, pending=1 ===
[2026-09-17T20:18:54.498802Z] === Watch cycle start ===
[2026-09-17T20:18:54.527631Z] Registered new inbound task: probe-001
[2026-09-17T20:18:54.554419Z] Closed probe probe-001 (RECEIPT)
[2026-09-17T20:18:54.555412Z] Closed probe-001 via receipt
[2026-09-17T20:18:54.563388Z] === Cycle complete, pending=1 ===
[2026-09-17T20:19:24.575146Z] === Watch cycle start ===
[2026-09-17T20:19:24.616888Z] Registered new inbound task: probe-001
[2026-09-17T20:19:24.628910Z] Closed probe probe-001 (RECEIPT)
[2026-09-17T20:19:24.663344Z] Closed probe-001 via receipt
[2026-09-17T20:19:24.693596Z] === Cycle complete, pending=1 ===
[2026-09-17T20:19:54.716307Z] === Watch cycle start ===
[2026-09-17T20:19:54.740719Z] Registered new inbound task: probe-001
[2026-09-17T20:19:54.743708Z] Closed probe probe-001 (RECEIPT)
[2026-09-17T20:19:54.750182Z] Closed probe-001 via receipt
[2026-09-17T20:19:54.756759Z] === Cycle complete, pending=1 ===
[2026-09-17T20:20:24.767757Z] === Watch cycle start ===
[2026-09-17T20:20:24.792637Z] Registered new inbound task: probe-001
[2026-09-17T20:20:24.813514Z] Closed probe probe-001 (RECEIPT)
[2026-09-17T20:20:24.822570Z] Closed probe-001 via receipt
[2026-09-17T20:20:24.848688Z] === Cycle complete, pending=1 ===
[2026-09-17T20:20:54.866826Z] === Watch cycle start ===
[2026-09-17T20:20:54.881991Z] Registered new inbound task: probe-001
[2026-09-17T20:20:54.885710Z] Closed probe probe-001 (RECEIPT)
[2026-09-17T20:20:54.889121Z] Closed probe-001 via receipt
[2026-09-17T20:20:54.890756Z] === Cycle complete, pending=1 ===
[2026-09-17T20:21:24.897535Z] === Watch cycle start ===
[2026-09-17T20:21:24.911693Z] Registered new inbound task: probe-001
[2026-09-17T20:21:24.917312Z] Closed probe probe-001 (RECEIPT)
[2026-09-17T20:21:24.924291Z] Closed probe-001 via receipt
[2026-09-17T20:21:24.926208Z] === Cycle complete, pending=1 ===
[2026-09-17T20:21:54.941519Z] === Watch cycle start ===
[2026-09-17T20:21:54.951438Z] Registered new inbound task: probe-001
[2026-09-17T20:21:54.959098Z] Closed probe probe-001 (RECEIPT)
[2026-09-17T20:21:54.965138Z] Closed probe-001 via receipt
[2026-09-17T20:21:54.974776Z] === Cycle complete, pending=1 ===
[2026-09-17T20:22:25.012561Z] === Watch cycle start ===
[2026-09-17T20:22:25.080548Z] Registered new inbound task: probe-001
[2026-09-17T20:22:25.092381Z] Closed probe probe-001 (RECEIPT)
[2026-09-17T20:22:25.099371Z] Closed probe-001 via receipt
[2026-09-17T20:22:25.110226Z] === Cycle complete, pending=1 ===
[2026-09-17T20:22:55.137947Z] === Watch cycle start ===
[2026-09-17T20:22:55.176174Z] Registered new inbound task: probe-001
[2026-09-17T20:22:55.197162Z] Closed probe probe-001 (RECEIPT)
[2026-09-17T20:22:55.207894Z] Closed probe-001 via receipt
[2026-09-17T20:22:55.212628Z] === Cycle complete, pending=1 ===
[2026-09-17T20:23:25.229161Z] === Watch cycle start ===
[2026-09-17T20:23:25.286498Z] Registered new inbound task: probe-001
[2026-09-17T20:23:25.299818Z] Closed probe probe-001 (RECEIPT)
[2026-09-17T20:23:25.301571Z] Closed probe-001 via receipt
[2026-09-17T20:23:25.307126Z] === Cycle complete, pending=1 ===
[2026-09-17T20:23:55.315580Z] === Watch cycle start ===
[2026-09-17T20:23:55.336129Z] Registered new inbound task: probe-001
[2026-09-17T20:23:55.339553Z] Closed probe probe-001 (RECEIPT)
[2026-09-17T20:23:55.344963Z] Closed probe-001 via receipt
[2026-09-17T20:23:55.350497Z] === Cycle complete, pending=1 ===
[2026-09-17T20:24:25.430755Z] === Watch cycle start ===
[2026-09-17T20:24:25.552804Z] Registered new inbound task: probe-001
[2026-09-17T20:24:25.693204Z] Closed probe probe-001 (RECEIPT)
[2026-09-17T20:24:25.798571Z] Closed probe-001 via receipt
[2026-09-17T20:24:25.864020Z] === Cycle complete, pending=1 ===
[2026-09-17T20:24:56.018550Z] === Watch cycle start ===
[2026-09-17T20:24:56.030488Z] Registered new inbound task: probe-001
[2026-09-17T20:24:56.039786Z] Closed probe probe-001 (RECEIPT)
[2026-09-17T20:24:56.050127Z] Closed probe-001 via receipt
[2026-09-17T20:24:56.060079Z] === Cycle complete, pending=1 ===
[2026-09-17T20:25:26.099047Z] === Watch cycle start ===
[2026-09-17T20:25:26.139019Z] Registered new inbound task: probe-001
[2026-09-17T20:25:26.143673Z] Closed probe probe-001 (RECEIPT)
[2026-09-17T20:25:26.149382Z] Closed probe-001 via receipt
[2026-09-17T20:25:26.158465Z] === Cycle complete, pending=1 ===
[2026-09-17T20:25:56.162622Z] === Watch cycle start ===
[2026-09-17T20:25:56.169087Z] Registered new inbound task: probe-001
[2026-09-17T20:25:56.172055Z] Closed probe probe-001 (RECEIPT)
[2026-09-17T20:25:56.173743Z] Closed probe-001 via receipt
[2026-09-17T20:25:56.176345Z] === Cycle complete, pending=1 ===
[2026-09-17T20:26:26.186211Z] === Watch cycle start ===
[2026-09-17T20:26:26.262472Z] Registered new inbound task: probe-001
[2026-09-17T20:26:26.297146Z] Closed probe probe-001 (RECEIPT)
[2026-09-17T20:26:26.310969Z] Closed probe-001 via receipt
[2026-09-17T20:26:26.339725Z] === Cycle complete, pending=1 ===
[2026-09-17T20:26:56.362794Z] === Watch cycle start ===
[2026-09-17T20:26:56.385660Z] Registered new inbound task: probe-001
[2026-09-17T20:26:56.394294Z] Closed probe probe-001 (RECEIPT)
[2026-09-17T20:26:56.395091Z] Closed probe-001 via receipt
[2026-09-17T20:26:56.396806Z] === Cycle complete, pending=1 ===
[2026-09-17T20:27:26.398418Z] === Watch cycle start ===
[2026-09-17T20:27:26.408287Z] Registered new inbound task: probe-001
[2026-09-17T20:27:26.411098Z] Closed probe probe-001 (RECEIPT)
[2026-09-17T20:27:26.416206Z] Closed probe-001 via receipt
[2026-09-17T20:27:26.418609Z] === Cycle complete, pending=1 ===
[2026-09-17T20:27:56.436459Z] === Watch cycle start ===
[2026-09-17T20:27:56.469602Z] Registered new inbound task: probe-001
[2026-09-17T20:27:56.473055Z] Closed probe probe-001 (RECEIPT)
[2026-09-17T20:27:56.483707Z] Closed probe-001 via receipt
[2026-09-17T20:27:56.495294Z] === Cycle complete, pending=1 ===
[2026-09-17T20:28:26.509719Z] === Watch cycle start ===
[2026-09-17T20:28:26.542062Z] Registered new inbound task: probe-001
[2026-09-17T20:28:26.568741Z] Closed probe probe-001 (RECEIPT)
[2026-09-17T20:28:26.586560Z] Closed probe-001 via receipt
[2026-09-17T20:28:26.653068Z] === Cycle complete, pending=1 ===
[2026-09-17T20:28:56.699647Z] === Watch cycle start ===
[2026-09-17T20:28:56.745641Z] Registered new inbound task: probe-001
[2026-09-17T20:28:56.764210Z] Closed probe probe-001 (RECEIPT)
[2026-09-17T20:28:56.807113Z] Closed probe-001 via receipt
[2026-09-17T20:28:56.849699Z] === Cycle complete, pending=1 ===
[2026-09-17T20:29:26.878522Z] === Watch cycle start ===
[2026-09-17T20:29:26.896772Z] Registered new inbound task: probe-001
[2026-09-17T20:29:26.907295Z] Closed probe probe-001 (RECEIPT)
[2026-09-17T20:29:26.918611Z] Closed probe-001 via receipt
[2026-09-17T20:29:26.932631Z] === Cycle complete, pending=1 ===
[2026-09-17T20:29:56.953190Z] === Watch cycle start ===
[2026-09-17T20:29:56.973986Z] Registered new inbound task: probe-001
[2026-09-17T20:29:56.984565Z] Closed probe probe-001 (RECEIPT)
[2026-09-17T20:29:56.993582Z] Closed probe-001 via receipt
[2026-09-17T20:29:57.002329Z] === Cycle complete, pending=1 ===
[2026-09-17T20:30:27.027471Z] === Watch cycle start ===
[2026-09-17T20:30:27.096767Z] Registered new inbound task: probe-001
[2026-09-17T20:30:27.103691Z] Closed probe probe-001 (RECEIPT)
[2026-09-17T20:30:27.106892Z] Closed probe-001 via receipt
[2026-09-17T20:30:27.117619Z] === Cycle complete, pending=1 ===
[2026-09-17T20:30:57.129033Z] === Watch cycle start ===
[2026-09-17T20:30:57.138587Z] Registered new inbound task: probe-001
[2026-09-17T20:30:57.141381Z] Closed probe probe-001 (RECEIPT)
[2026-09-17T20:30:57.144533Z] Closed probe-001 via receipt
[2026-09-17T20:30:57.151414Z] === Cycle complete, pending=1 ===
[2026-09-17T20:31:27.160219Z] === Watch cycle start ===
[2026-09-17T20:31:27.178330Z] Registered new inbound task: probe-001
[2026-09-17T20:31:27.188878Z] Closed probe probe-001 (RECEIPT)
[2026-09-17T20:31:27.202801Z] Closed probe-001 via receipt
[2026-09-17T20:31:27.210387Z] === Cycle complete, pending=1 ===
[2026-09-17T20:31:57.218781Z] === Watch cycle start ===
[2026-09-17T20:31:57.276255Z] Registered new inbound task: probe-001
[2026-09-17T20:31:57.293780Z] Closed probe probe-001 (RECEIPT)
[2026-09-17T20:31:57.297062Z] Closed probe-001 via receipt
[2026-09-17T20:31:57.298455Z] === Cycle complete, pending=1 ===
[2026-09-17T20:32:27.308995Z] === Watch cycle start ===
[2026-09-17T20:32:27.324113Z] Registered new inbound task: probe-001
[2026-09-17T20:32:27.332155Z] Closed probe probe-001 (RECEIPT)
[2026-09-17T20:32:27.335556Z] Closed probe-001 via receipt
[2026-09-17T20:32:27.337059Z] === Cycle complete, pending=1 ===
[2026-09-17T20:32:57.344318Z] === Watch cycle start ===
[2026-09-17T20:32:57.408593Z] Registered new inbound task: probe-001
[2026-09-17T20:32:57.430788Z] Closed probe probe-001 (RECEIPT)
[2026-09-17T20:32:57.459616Z] Closed probe-001 via receipt
[2026-09-17T20:32:57.480190Z] === Cycle complete, pending=1 ===
[2026-09-17T20:33:27.506439Z] === Watch cycle start ===
[2026-09-17T20:33:27.539143Z] Registered new inbound task: probe-001
[2026-09-17T20:33:27.544116Z] Closed probe probe-001 (RECEIPT)
[2026-09-17T20:33:27.548966Z] Closed probe-001 via receipt
[2026-09-17T20:33:27.557012Z] === Cycle complete, pending=1 ===
[2026-09-17T20:33:57.562031Z] === Watch cycle start ===
[2026-09-17T20:33:57.571880Z] Registered new inbound task: probe-001
[2026-09-17T20:33:57.580224Z] Closed probe probe-001 (RECEIPT)
[2026-09-17T20:33:57.581198Z] Closed probe-001 via receipt
[2026-09-17T20:33:57.582765Z] === Cycle complete, pending=1 ===
[2026-09-17T20:34:27.584924Z] === Watch cycle start ===
[2026-09-17T20:34:27.603439Z] Registered new inbound task: probe-001
[2026-09-17T20:34:27.609824Z] Closed probe probe-001 (RECEIPT)
[2026-09-17T20:34:27.617951Z] Closed probe-001 via receipt
[2026-09-17T20:34:27.622847Z] === Cycle complete, pending=1 ===
[2026-09-17T20:34:57.641862Z] === Watch cycle start ===
[2026-09-17T20:34:57.687248Z] Registered new inbound task: probe-001
[2026-09-17T20:34:57.714122Z] Closed probe probe-001 (RECEIPT)
[2026-09-17T20:34:57.733847Z] Closed probe-001 via receipt
[2026-09-17T20:34:57.755867Z] === Cycle complete, pending=1 ===
[2026-09-17T20:35:27.779243Z] === Watch cycle start ===
[2026-09-17T20:35:27.789144Z] Registered new inbound task: probe-001
[2026-09-17T20:35:27.793464Z] Closed probe probe-001 (RECEIPT)
[2026-09-17T20:35:27.797213Z] Closed probe-001 via receipt
[2026-09-17T20:35:27.800636Z] === Cycle complete, pending=1 ===
[2026-09-17T20:35:57.811042Z] === Watch cycle start ===
[2026-09-17T20:35:57.851588Z] Registered new inbound task: probe-001
[2026-09-17T20:35:57.862393Z] Closed probe probe-001 (RECEIPT)
[2026-09-17T20:35:57.885304Z] Closed probe-001 via receipt
[2026-09-17T20:35:57.899769Z] === Cycle complete, pending=1 ===
[2026-09-17T20:36:27.911963Z] === Watch cycle start ===
[2026-09-17T20:36:27.943461Z] Registered new inbound task: probe-001
[2026-09-17T20:36:27.973734Z] Closed probe probe-001 (RECEIPT)
[2026-09-17T20:36:27.988056Z] Closed probe-001 via receipt
[2026-09-17T20:36:27.995902Z] === Cycle complete, pending=1 ===
[2026-09-17T20:36:58.023679Z] === Watch cycle start ===
[2026-09-17T20:36:58.075200Z] Registered new inbound task: probe-001
[2026-09-17T20:36:58.095443Z] Closed probe probe-001 (RECEIPT)
[2026-09-17T20:36:58.102994Z] Closed probe-001 via receipt
[2026-09-17T20:36:58.121662Z] === Cycle complete, pending=1 ===
[2026-09-17T20:37:28.175686Z] === Watch cycle start ===
[2026-09-17T20:37:28.206944Z] Registered new inbound task: probe-001
[2026-09-17T20:37:28.234625Z] Closed probe probe-001 (RECEIPT)
[2026-09-17T20:37:28.248155Z] Closed probe-001 via receipt
[2026-09-17T20:37:28.258074Z] === Cycle complete, pending=1 ===
[2026-09-17T20:37:58.271725Z] === Watch cycle start ===
[2026-09-17T20:37:58.318583Z] Registered new inbound task: probe-001
[2026-09-17T20:37:58.367028Z] Closed probe probe-001 (RECEIPT)
[2026-09-17T20:37:58.388417Z] Closed probe-001 via receipt
[2026-09-17T20:37:58.407832Z] === Cycle complete, pending=1 ===
[2026-09-17T20:38:28.495773Z] === Watch cycle start ===
[2026-09-17T20:38:28.517632Z] Registered new inbound task: probe-001
[2026-09-17T20:38:28.524533Z] Closed probe probe-001 (RECEIPT)
[2026-09-17T20:38:28.542211Z] Closed probe-001 via receipt
[2026-09-17T20:38:28.555885Z] === Cycle complete, pending=1 ===
[2026-09-17T20:38:58.575834Z] === Watch cycle start ===
[2026-09-17T20:38:58.626656Z] Registered new inbound task: probe-001
[2026-09-17T20:38:58.675030Z] Closed probe probe-001 (RECEIPT)
[2026-09-17T20:38:58.717050Z] Closed probe-001 via receipt
[2026-09-17T20:38:58.732266Z] === Cycle complete, pending=1 ===
[2026-09-17T20:39:28.772038Z] === Watch cycle start ===
[2026-09-17T20:39:29.041842Z] Registered new inbound task: probe-001
[2026-09-17T20:39:29.161317Z] Closed probe probe-001 (RECEIPT)
[2026-09-17T20:39:29.202928Z] Closed probe-001 via receipt
[2026-09-17T20:39:29.238634Z] === Cycle complete, pending=1 ===
[2026-09-17T20:39:59.279432Z] === Watch cycle start ===
[2026-09-17T20:39:59.334127Z] Registered new inbound task: probe-001
[2026-09-17T20:39:59.362417Z] Closed probe probe-001 (RECEIPT)
[2026-09-17T20:39:59.380349Z] Closed probe-001 via receipt
[2026-09-17T20:39:59.403904Z] === Cycle complete, pending=1 ===
[2026-09-17T20:40:29.451120Z] === Watch cycle start ===
[2026-09-17T20:40:29.491246Z] Registered new inbound task: probe-001
[2026-09-17T20:40:29.500682Z] Closed probe probe-001 (RECEIPT)
[2026-09-17T20:40:29.508025Z] Closed probe-001 via receipt
[2026-09-17T20:40:29.509640Z] === Cycle complete, pending=1 ===
[2026-09-17T20:40:59.512840Z] === Watch cycle start ===
[2026-09-17T20:40:59.567218Z] Registered new inbound task: probe-001
[2026-09-17T20:40:59.592582Z] Closed probe probe-001 (RECEIPT)
[2026-09-17T20:40:59.615481Z] Closed probe-001 via receipt
[2026-09-17T20:40:59.646738Z] === Cycle complete, pending=1 ===
[2026-09-17T20:41:29.656472Z] === Watch cycle start ===
[2026-09-17T20:41:29.664554Z] Registered new inbound task: probe-001
[2026-09-17T20:41:29.666712Z] Closed probe probe-001 (RECEIPT)
[2026-09-17T20:41:29.667858Z] Closed probe-001 via receipt
[2026-09-17T20:41:29.669603Z] === Cycle complete, pending=1 ===
[2026-09-17T20:41:59.680109Z] === Watch cycle start ===
[2026-09-17T20:41:59.687205Z] Registered new inbound task: probe-001
[2026-09-17T20:41:59.690766Z] Closed probe probe-001 (RECEIPT)
[2026-09-17T20:41:59.697581Z] Closed probe-001 via receipt
[2026-09-17T20:41:59.700843Z] === Cycle complete, pending=1 ===
[2026-09-17T20:42:29.717643Z] === Watch cycle start ===
[2026-09-17T20:42:29.733401Z] Registered new inbound task: probe-001
[2026-09-17T20:42:29.743896Z] Closed probe probe-001 (RECEIPT)
[2026-09-17T20:42:29.747664Z] Closed probe-001 via receipt
[2026-09-17T20:42:29.751262Z] === Cycle complete, pending=1 ===
[2026-09-17T20:42:59.772586Z] === Watch cycle start ===
[2026-09-17T20:42:59.798380Z] Registered new inbound task: probe-001
[2026-09-17T20:42:59.805326Z] Closed probe probe-001 (RECEIPT)
[2026-09-17T20:42:59.808645Z] Closed probe-001 via receipt
[2026-09-17T20:42:59.816759Z] === Cycle complete, pending=1 ===
[2026-09-17T20:43:29.835195Z] === Watch cycle start ===
[2026-09-17T20:43:29.906529Z] Registered new inbound task: probe-001
[2026-09-17T20:43:29.945749Z] Closed probe probe-001 (RECEIPT)
[2026-09-17T20:43:29.966006Z] Closed probe-001 via receipt
[2026-09-17T20:43:29.982686Z] === Cycle complete, pending=1 ===
[2026-09-17T20:44:00.008992Z] === Watch cycle start ===
[2026-09-17T20:44:00.091071Z] Registered new inbound task: probe-001
[2026-09-17T20:44:00.117846Z] Closed probe probe-001 (RECEIPT)
[2026-09-17T20:44:00.139933Z] Closed probe-001 via receipt
[2026-09-17T20:44:00.141843Z] === Cycle complete, pending=1 ===
[2026-09-17T20:44:30.144448Z] === Watch cycle start ===
[2026-09-17T20:44:30.153487Z] Registered new inbound task: probe-001
[2026-09-17T20:44:30.155096Z] Closed probe probe-001 (RECEIPT)
[2026-09-17T20:44:30.165435Z] Closed probe-001 via receipt
[2026-09-17T20:44:30.190245Z] === Cycle complete, pending=1 ===
[2026-09-17T20:45:00.227574Z] === Watch cycle start ===
[2026-09-17T20:45:00.275601Z] Registered new inbound task: probe-001
[2026-09-17T20:45:00.289602Z] Closed probe probe-001 (RECEIPT)
[2026-09-17T20:45:00.306829Z] Closed probe-001 via receipt
[2026-09-17T20:45:00.307608Z] STALE: soak-001 past deadline + 30min grace
[2026-09-17T20:45:00.309522Z] === Cycle complete, pending=0 ===
[2026-09-17T20:45:30.323190Z] === Watch cycle start ===
[2026-09-17T20:45:30.437190Z] Registered new inbound task: probe-001
[2026-09-17T20:45:30.440205Z] Registered new inbound task: soak-001
[2026-09-17T20:45:30.444020Z] Closed probe probe-001 (RECEIPT)
[2026-09-17T20:45:30.457818Z] Closed probe-001 via receipt
[2026-09-17T20:45:30.459435Z] === Cycle complete, pending=1 ===
[2026-09-17T20:46:00.489232Z] === Watch cycle start ===
[2026-09-17T20:46:00.525991Z] Registered new inbound task: probe-001
[2026-09-17T20:46:00.532111Z] Closed probe probe-001 (RECEIPT)
[2026-09-17T20:46:00.535090Z] Closed probe-001 via receipt
[2026-09-17T20:46:00.553959Z] === Cycle complete, pending=1 ===
[2026-09-17T20:46:30.564894Z] === Watch cycle start ===
[2026-09-17T20:46:30.617474Z] Registered new inbound task: probe-001
[2026-09-17T20:46:30.682688Z] Closed probe probe-001 (RECEIPT)
[2026-09-17T20:46:30.720170Z] Closed probe-001 via receipt
[2026-09-17T20:46:30.729557Z] === Cycle complete, pending=1 ===
[2026-09-17T20:47:00.754594Z] === Watch cycle start ===
[2026-09-17T20:47:00.787374Z] Registered new inbound task: probe-001
[2026-09-17T20:47:00.791849Z] Closed probe probe-001 (RECEIPT)
[2026-09-17T20:47:00.798792Z] Closed probe-001 via receipt
[2026-09-17T20:47:00.805392Z] === Cycle complete, pending=1 ===
[2026-09-17T20:47:30.819749Z] === Watch cycle start ===
[2026-09-17T20:47:30.849718Z] Registered new inbound task: probe-001
[2026-09-17T20:47:30.853198Z] Closed probe probe-001 (RECEIPT)
[2026-09-17T20:47:30.864089Z] Closed probe-001 via receipt
[2026-09-17T20:47:30.890773Z] === Cycle complete, pending=1 ===
[2026-09-17T20:48:00.918969Z] === Watch cycle start ===
[2026-09-17T20:48:00.951559Z] Registered new inbound task: probe-001
[2026-09-17T20:48:00.961475Z] Closed probe probe-001 (RECEIPT)
[2026-09-17T20:48:00.966309Z] Closed probe-001 via receipt
[2026-09-17T20:48:01.005906Z] === Cycle complete, pending=1 ===
[2026-09-17T20:48:31.008608Z] === Watch cycle start ===
[2026-09-17T20:48:31.012926Z] Registered new inbound task: probe-001
[2026-09-17T20:48:31.014442Z] Closed probe probe-001 (RECEIPT)
[2026-09-17T20:48:31.027987Z] Closed probe-001 via receipt
[2026-09-17T20:48:31.030334Z] === Cycle complete, pending=1 ===
[2026-09-17T20:49:01.064485Z] === Watch cycle start ===
[2026-09-17T20:49:01.142344Z] Registered new inbound task: probe-001
[2026-09-17T20:49:01.176093Z] Closed probe probe-001 (RECEIPT)
[2026-09-17T20:49:01.239097Z] Closed probe-001 via receipt
[2026-09-17T20:49:01.287081Z] === Cycle complete, pending=1 ===
[2026-09-17T20:49:31.363280Z] === Watch cycle start ===
[2026-09-17T20:49:31.396415Z] Registered new inbound task: probe-001
[2026-09-17T20:49:31.412142Z] Closed probe probe-001 (RECEIPT)
[2026-09-17T20:49:31.449420Z] Closed probe-001 via receipt
[2026-09-17T20:49:31.481765Z] === Cycle complete, pending=1 ===
[2026-09-17T20:50:01.548062Z] === Watch cycle start ===
[2026-09-17T20:50:01.585499Z] Registered new inbound task: probe-001
[2026-09-17T20:50:01.620893Z] Closed probe probe-001 (RECEIPT)
[2026-09-17T20:50:01.662982Z] Closed probe-001 via receipt
[2026-09-17T20:50:01.699616Z] === Cycle complete, pending=1 ===
[2026-09-17T20:50:31.770698Z] === Watch cycle start ===
[2026-09-17T20:50:31.865417Z] Registered new inbound task: probe-001
[2026-09-17T20:50:31.910861Z] Closed probe probe-001 (RECEIPT)
[2026-09-17T20:50:31.964892Z] Closed probe-001 via receipt
[2026-09-17T20:50:31.991739Z] === Cycle complete, pending=1 ===
[2026-09-17T20:51:02.059841Z] === Watch cycle start ===
[2026-09-17T20:51:02.133914Z] Registered new inbound task: probe-001
[2026-09-17T20:51:02.161138Z] Closed probe probe-001 (RECEIPT)
[2026-09-17T20:51:02.216599Z] Closed probe-001 via receipt
[2026-09-17T20:51:02.279164Z] === Cycle complete, pending=1 ===
[2026-09-17T20:51:32.345496Z] === Watch cycle start ===
[2026-09-17T20:51:32.437708Z] Registered new inbound task: probe-001
[2026-09-17T20:51:32.521783Z] Closed probe probe-001 (RECEIPT)
[2026-09-17T20:51:32.570582Z] Closed probe-001 via receipt
[2026-09-17T20:51:32.601684Z] === Cycle complete, pending=1 ===
[2026-09-17T20:52:02.660188Z] === Watch cycle start ===
[2026-09-17T20:52:02.701630Z] Registered new inbound task: probe-001
[2026-09-17T20:52:02.715904Z] Closed probe probe-001 (RECEIPT)
[2026-09-17T20:52:02.731466Z] Closed probe-001 via receipt
[2026-09-17T20:52:02.737979Z] === Cycle complete, pending=1 ===
[2026-09-17T20:52:32.754511Z] === Watch cycle start ===
[2026-09-17T20:52:32.772645Z] Registered new inbound task: probe-001
[2026-09-17T20:52:32.799178Z] Closed probe probe-001 (RECEIPT)
[2026-09-17T20:52:32.816379Z] Closed probe-001 via receipt
[2026-09-17T20:52:32.830869Z] === Cycle complete, pending=1 ===
[2026-09-17T20:53:02.861992Z] === Watch cycle start ===
[2026-09-17T20:53:02.893373Z] Registered new inbound task: probe-001
[2026-09-17T20:53:02.906424Z] Closed probe probe-001 (RECEIPT)
[2026-09-17T20:53:02.918081Z] Closed probe-001 via receipt
[2026-09-17T20:53:02.934088Z] === Cycle complete, pending=1 ===
[2026-09-17T20:53:32.965477Z] === Watch cycle start ===
[2026-09-17T20:53:32.975423Z] Registered new inbound task: probe-001
[2026-09-17T20:53:32.985687Z] Closed probe probe-001 (RECEIPT)
[2026-09-17T20:53:32.991735Z] Closed probe-001 via receipt
[2026-09-17T20:53:33.019159Z] === Cycle complete, pending=1 ===
[2026-09-17T20:54:03.055088Z] === Watch cycle start ===
[2026-09-17T20:54:03.085993Z] Registered new inbound task: probe-001
[2026-09-17T20:54:03.093939Z] Closed probe probe-001 (RECEIPT)
[2026-09-17T20:54:03.114409Z] Closed probe-001 via receipt
[2026-09-17T20:54:03.147032Z] === Cycle complete, pending=1 ===
[2026-09-17T20:54:33.183846Z] === Watch cycle start ===
[2026-09-17T20:54:33.212900Z] Registered new inbound task: probe-001
[2026-09-17T20:54:33.230547Z] Closed probe probe-001 (RECEIPT)
[2026-09-17T20:54:33.265961Z] Closed probe-001 via receipt
[2026-09-17T20:54:33.284518Z] === Cycle complete, pending=1 ===
[2026-09-17T20:55:03.325279Z] === Watch cycle start ===
[2026-09-17T20:55:03.370434Z] Registered new inbound task: probe-001
[2026-09-17T20:55:03.387001Z] Closed probe probe-001 (RECEIPT)
[2026-09-17T20:55:03.388497Z] Closed probe-001 via receipt
[2026-09-17T20:55:03.403870Z] === Cycle complete, pending=1 ===
[2026-09-17T20:55:33.410011Z] === Watch cycle start ===
[2026-09-17T20:55:33.439009Z] Registered new inbound task: probe-001
[2026-09-17T20:55:33.463776Z] Closed probe probe-001 (RECEIPT)
[2026-09-17T20:55:33.477707Z] Closed probe-001 via receipt
[2026-09-17T20:55:33.480113Z] === Cycle complete, pending=1 ===
[2026-09-17T20:56:03.485799Z] === Watch cycle start ===
[2026-09-17T20:56:03.502862Z] Registered new inbound task: probe-001
[2026-09-17T20:56:03.512386Z] Closed probe probe-001 (RECEIPT)
[2026-09-17T20:56:03.544768Z] Closed probe-001 via receipt
[2026-09-17T20:56:03.587292Z] === Cycle complete, pending=1 ===
[2026-09-17T20:56:33.620355Z] === Watch cycle start ===
[2026-09-17T20:56:33.650289Z] Registered new inbound task: probe-001
[2026-09-17T20:56:33.653166Z] Closed probe probe-001 (RECEIPT)
[2026-09-17T20:56:33.663591Z] Closed probe-001 via receipt
[2026-09-17T20:56:33.671577Z] === Cycle complete, pending=1 ===
[2026-09-17T20:57:03.693154Z] === Watch cycle start ===
[2026-09-17T20:57:03.781478Z] Registered new inbound task: probe-001
[2026-09-17T20:57:03.797732Z] Closed probe probe-001 (RECEIPT)
[2026-09-17T20:57:03.806510Z] Closed probe-001 via receipt
[2026-09-17T20:57:03.827144Z] === Cycle complete, pending=1 ===
[2026-09-17T20:57:33.849393Z] === Watch cycle start ===
[2026-09-17T20:57:33.861452Z] Registered new inbound task: probe-001
[2026-09-17T20:57:33.918720Z] Closed probe probe-001 (RECEIPT)
[2026-09-17T20:57:33.935326Z] Closed probe-001 via receipt
[2026-09-17T20:57:33.983667Z] === Cycle complete, pending=1 ===
[2026-09-17T20:58:04.027778Z] === Watch cycle start ===
[2026-09-17T20:58:04.056538Z] Registered new inbound task: probe-001
[2026-09-17T20:58:04.062209Z] Closed probe probe-001 (RECEIPT)
[2026-09-17T20:58:04.073123Z] Closed probe-001 via receipt
[2026-09-17T20:58:04.086623Z] === Cycle complete, pending=1 ===
[2026-09-17T20:58:34.112494Z] === Watch cycle start ===
[2026-09-17T20:58:34.147535Z] Registered new inbound task: probe-001
[2026-09-17T20:58:34.189308Z] Closed probe probe-001 (RECEIPT)
[2026-09-17T20:58:34.220903Z] Closed probe-001 via receipt
[2026-09-17T20:58:34.245525Z] === Cycle complete, pending=1 ===
[2026-09-17T20:59:04.317891Z] === Watch cycle start ===
[2026-09-17T20:59:04.447188Z] Registered new inbound task: probe-001
[2026-09-17T20:59:04.481008Z] Closed probe probe-001 (RECEIPT)
[2026-09-17T20:59:04.519468Z] Closed probe-001 via receipt
[2026-09-17T20:59:04.543816Z] === Cycle complete, pending=1 ===
[2026-09-17T20:59:34.593684Z] === Watch cycle start ===
[2026-09-17T20:59:34.608574Z] Registered new inbound task: probe-001
[2026-09-17T20:59:34.643377Z] Closed probe probe-001 (RECEIPT)
[2026-09-17T20:59:34.728666Z] Closed probe-001 via receipt
[2026-09-17T20:59:34.777158Z] === Cycle complete, pending=1 ===
[2026-09-17T21:00:04.860720Z] === Watch cycle start ===
[2026-09-17T21:00:04.906772Z] Registered new inbound task: probe-001
[2026-09-17T21:00:04.936842Z] Closed probe probe-001 (RECEIPT)
[2026-09-17T21:00:04.991800Z] Closed probe-001 via receipt
[2026-09-17T21:00:05.024837Z] === Cycle complete, pending=1 ===
[2026-09-17T21:00:35.061982Z] === Watch cycle start ===
[2026-09-17T21:00:35.144928Z] Registered new inbound task: probe-001
[2026-09-17T21:00:35.173045Z] Closed probe probe-001 (RECEIPT)
[2026-09-17T21:00:35.235128Z] Closed probe-001 via receipt
[2026-09-17T21:00:35.246198Z] === Cycle complete, pending=1 ===
[2026-09-17T21:01:05.310156Z] === Watch cycle start ===
[2026-09-17T21:01:05.405687Z] Registered new inbound task: probe-001
[2026-09-17T21:01:05.445776Z] Closed probe probe-001 (RECEIPT)
[2026-09-17T21:01:05.470835Z] Closed probe-001 via receipt
[2026-09-17T21:01:05.511750Z] === Cycle complete, pending=1 ===
[2026-09-17T21:01:35.568267Z] === Watch cycle start ===
[2026-09-17T21:01:35.636077Z] Registered new inbound task: probe-001
[2026-09-17T21:01:35.656442Z] Closed probe probe-001 (RECEIPT)
[2026-09-17T21:01:35.686043Z] Closed probe-001 via receipt
[2026-09-17T21:01:35.693508Z] === Cycle complete, pending=1 ===
[2026-09-17T21:02:05.783756Z] === Watch cycle start ===
[2026-09-17T21:02:06.005988Z] Registered new inbound task: probe-001
[2026-09-17T21:02:06.142952Z] Closed probe probe-001 (RECEIPT)
[2026-09-17T21:02:06.245298Z] Closed probe-001 via receipt
[2026-09-17T21:02:06.372670Z] === Cycle complete, pending=1 ===
[2026-09-17T21:02:36.457949Z] === Watch cycle start ===
[2026-09-17T21:02:36.486180Z] Registered new inbound task: probe-001
[2026-09-17T21:02:36.497193Z] Closed probe probe-001 (RECEIPT)
[2026-09-17T21:02:36.529154Z] Closed probe-001 via receipt
[2026-09-17T21:02:36.561296Z] === Cycle complete, pending=1 ===
[2026-09-17T21:03:06.578077Z] === Watch cycle start ===
[2026-09-17T21:03:06.628159Z] Registered new inbound task: probe-001
[2026-09-17T21:03:06.643034Z] Closed probe probe-001 (RECEIPT)
[2026-09-17T21:03:06.657362Z] Closed probe-001 via receipt
[2026-09-17T21:03:06.675532Z] === Cycle complete, pending=1 ===
[2026-09-17T21:03:36.705285Z] === Watch cycle start ===
[2026-09-17T21:03:36.787288Z] Registered new inbound task: probe-001
[2026-09-17T21:03:36.799394Z] Closed probe probe-001 (RECEIPT)
[2026-09-17T21:03:36.821842Z] Closed probe-001 via receipt
[2026-09-17T21:03:36.828036Z] === Cycle complete, pending=1 ===
[2026-09-17T21:04:06.888789Z] === Watch cycle start ===
[2026-09-17T21:04:07.057203Z] Registered new inbound task: probe-001
[2026-09-17T21:04:07.151710Z] Closed probe probe-001 (RECEIPT)
[2026-09-17T21:04:07.212426Z] Closed probe-001 via receipt
[2026-09-17T21:04:07.301551Z] === Cycle complete, pending=1 ===
[2026-09-17T21:04:37.433120Z] === Watch cycle start ===
[2026-09-17T21:04:37.538297Z] Registered new inbound task: probe-001
[2026-09-17T21:04:37.593473Z] Closed probe probe-001 (RECEIPT)
[2026-09-17T21:04:37.646757Z] Closed probe-001 via receipt
[2026-09-17T21:04:37.727417Z] === Cycle complete, pending=1 ===
[2026-09-17T21:05:07.793489Z] === Watch cycle start ===
[2026-09-17T21:05:07.877437Z] Registered new inbound task: probe-001
[2026-09-17T21:05:07.916572Z] Closed probe probe-001 (RECEIPT)
[2026-09-17T21:05:07.955269Z] Closed probe-001 via receipt
[2026-09-17T21:05:07.993892Z] === Cycle complete, pending=1 ===
[2026-09-17T21:05:38.054714Z] === Watch cycle start ===
[2026-09-17T21:05:38.096528Z] Registered new inbound task: probe-001
[2026-09-17T21:05:38.130095Z] Closed probe probe-001 (RECEIPT)
[2026-09-17T21:05:38.185892Z] Closed probe-001 via receipt
[2026-09-17T21:05:38.256952Z] === Cycle complete, pending=1 ===
[2026-09-17T21:06:08.345308Z] === Watch cycle start ===
[2026-09-17T21:06:08.466010Z] Registered new inbound task: probe-001
[2026-09-17T21:06:08.502404Z] Closed probe probe-001 (RECEIPT)
[2026-09-17T21:06:08.539394Z] Closed probe-001 via receipt
[2026-09-17T21:06:08.550776Z] === Cycle complete, pending=1 ===
[2026-09-17T21:06:38.585613Z] === Watch cycle start ===
[2026-09-17T21:06:38.600501Z] Registered new inbound task: probe-001
[2026-09-17T21:06:38.604053Z] Closed probe probe-001 (RECEIPT)
[2026-09-17T21:06:38.610853Z] Closed probe-001 via receipt
[2026-09-17T21:06:38.613627Z] === Cycle complete, pending=1 ===
[2026-09-17T21:07:08.620760Z] === Watch cycle start ===
[2026-09-17T21:07:08.631420Z] Registered new inbound task: probe-001
[2026-09-17T21:07:08.638044Z] Closed probe probe-001 (RECEIPT)
[2026-09-17T21:07:08.640772Z] Closed probe-001 via receipt
[2026-09-17T21:07:08.647027Z] === Cycle complete, pending=1 ===
[2026-09-17T21:07:38.654199Z] === Watch cycle start ===
[2026-09-17T21:07:38.666014Z] Registered new inbound task: probe-001
[2026-09-17T21:07:38.674983Z] Closed probe probe-001 (RECEIPT)
[2026-09-17T21:07:38.680079Z] Closed probe-001 via receipt
[2026-09-17T21:07:38.689016Z] === Cycle complete, pending=1 ===
[2026-09-17T21:08:08.749530Z] === Watch cycle start ===
[2026-09-17T21:08:08.783499Z] Registered new inbound task: probe-001
[2026-09-17T21:08:08.842995Z] Closed probe probe-001 (RECEIPT)
[2026-09-17T21:08:08.857787Z] Closed probe-001 via receipt
[2026-09-17T21:08:08.899779Z] === Cycle complete, pending=1 ===
[2026-09-17T21:08:38.929834Z] === Watch cycle start ===
[2026-09-17T21:08:38.994389Z] Registered new inbound task: probe-001
[2026-09-17T21:08:39.027146Z] Closed probe probe-001 (RECEIPT)
[2026-09-17T21:08:39.077404Z] Closed probe-001 via receipt
[2026-09-17T21:08:39.089523Z] === Cycle complete, pending=1 ===
[2026-09-17T21:09:09.143886Z] === Watch cycle start ===
[2026-09-17T21:09:09.247055Z] Registered new inbound task: probe-001
[2026-09-17T21:09:09.288999Z] Closed probe probe-001 (RECEIPT)
[2026-09-17T21:09:09.347899Z] Closed probe-001 via receipt
[2026-09-17T21:09:09.375995Z] === Cycle complete, pending=1 ===
[2026-09-17T21:09:39.405538Z] === Watch cycle start ===
[2026-09-17T21:09:39.416028Z] Registered new inbound task: probe-001
[2026-09-17T21:09:39.424321Z] Closed probe probe-001 (RECEIPT)
[2026-09-17T21:09:39.432273Z] Closed probe-001 via receipt
[2026-09-17T21:09:39.446306Z] === Cycle complete, pending=1 ===
[2026-09-17T21:10:09.477581Z] === Watch cycle start ===
[2026-09-17T21:10:09.539147Z] Registered new inbound task: probe-001
[2026-09-17T21:10:09.582375Z] Closed probe probe-001 (RECEIPT)
[2026-09-17T21:10:09.614439Z] Closed probe-001 via receipt
[2026-09-17T21:10:09.687448Z] === Cycle complete, pending=1 ===
[2026-09-17T21:10:39.757635Z] === Watch cycle start ===
[2026-09-17T21:10:39.796453Z] Registered new inbound task: probe-001
[2026-09-17T21:10:39.803076Z] Closed probe probe-001 (RECEIPT)
[2026-09-17T21:10:39.809264Z] Closed probe-001 via receipt
[2026-09-17T21:10:39.811019Z] === Cycle complete, pending=1 ===
[2026-09-17T21:11:09.818608Z] === Watch cycle start ===
[2026-09-17T21:11:09.838742Z] Registered new inbound task: probe-001
[2026-09-17T21:11:09.871699Z] Closed probe probe-001 (RECEIPT)
[2026-09-17T21:11:09.906256Z] Closed probe-001 via receipt
[2026-09-17T21:11:09.943914Z] === Cycle complete, pending=1 ===
[2026-09-17T21:11:39.971216Z] === Watch cycle start ===
[2026-09-17T21:11:40.009077Z] Registered new inbound task: probe-001
[2026-09-17T21:11:40.022134Z] Closed probe probe-001 (RECEIPT)
[2026-09-17T21:11:40.029824Z] Closed probe-001 via receipt
[2026-09-17T21:11:40.038511Z] === Cycle complete, pending=1 ===
[2026-09-17T21:12:10.078102Z] === Watch cycle start ===
[2026-09-17T21:12:10.119184Z] Registered new inbound task: probe-001
[2026-09-17T21:12:10.130279Z] Closed probe probe-001 (RECEIPT)
[2026-09-17T21:12:10.138913Z] Closed probe-001 via receipt
[2026-09-17T21:12:10.140632Z] === Cycle complete, pending=1 ===
[2026-09-17T21:12:40.153272Z] === Watch cycle start ===
[2026-09-17T21:12:40.220973Z] Registered new inbound task: probe-001
[2026-09-17T21:12:40.254029Z] Closed probe probe-001 (RECEIPT)
[2026-09-17T21:12:40.262528Z] Closed probe-001 via receipt
[2026-09-17T21:12:40.293736Z] === Cycle complete, pending=1 ===
[2026-09-17T21:13:10.330141Z] === Watch cycle start ===
[2026-09-17T21:13:10.343963Z] Registered new inbound task: probe-001
[2026-09-17T21:13:10.356962Z] Closed probe probe-001 (RECEIPT)
[2026-09-17T21:13:10.369948Z] Closed probe-001 via receipt
[2026-09-17T21:13:10.392290Z] === Cycle complete, pending=1 ===
[2026-09-17T21:13:40.427445Z] === Watch cycle start ===
[2026-09-17T21:13:40.474059Z] Registered new inbound task: probe-001
[2026-09-17T21:13:40.491277Z] Closed probe probe-001 (RECEIPT)
[2026-09-17T21:13:40.501872Z] Closed probe-001 via receipt
[2026-09-17T21:13:40.513045Z] === Cycle complete, pending=1 ===
[2026-09-17T21:14:10.574766Z] === Watch cycle start ===
[2026-09-17T21:14:10.669283Z] Registered new inbound task: probe-001
[2026-09-17T21:14:10.682698Z] Closed probe probe-001 (RECEIPT)
[2026-09-17T21:14:10.684262Z] Closed probe-001 via receipt
[2026-09-17T21:14:10.689958Z] === Cycle complete, pending=1 ===
[2026-09-17T21:14:40.708021Z] === Watch cycle start ===
[2026-09-17T21:14:40.801377Z] Registered new inbound task: probe-001
[2026-09-17T21:14:40.870944Z] Closed probe probe-001 (RECEIPT)
[2026-09-17T21:14:40.891079Z] Closed probe-001 via receipt
[2026-09-17T21:14:40.937150Z] === Cycle complete, pending=1 ===
[2026-09-17T21:15:11.033308Z] === Watch cycle start ===
[2026-09-17T21:15:11.131255Z] Registered new inbound task: probe-001
[2026-09-17T21:15:11.171751Z] Closed probe probe-001 (RECEIPT)
[2026-09-17T21:15:11.213861Z] Closed probe-001 via receipt
[2026-09-17T21:15:11.272334Z] === Cycle complete, pending=1 ===
[2026-09-17T21:15:41.322178Z] === Watch cycle start ===
[2026-09-17T21:15:41.375024Z] Registered new inbound task: probe-001
[2026-09-17T21:15:41.428791Z] Closed probe probe-001 (RECEIPT)
[2026-09-17T21:15:41.487771Z] Closed probe-001 via receipt
[2026-09-17T21:15:41.537966Z] === Cycle complete, pending=1 ===
[2026-09-17T21:16:11.622111Z] === Watch cycle start ===
[2026-09-17T21:16:11.711810Z] Registered new inbound task: probe-001
[2026-09-17T21:16:11.737268Z] Closed probe probe-001 (RECEIPT)
[2026-09-17T21:16:11.782033Z] Closed probe-001 via receipt
[2026-09-17T21:16:11.848691Z] === Cycle complete, pending=1 ===
[2026-09-17T21:16:41.910062Z] === Watch cycle start ===
[2026-09-17T21:16:41.970202Z] Registered new inbound task: probe-001
[2026-09-17T21:16:42.000334Z] Closed probe probe-001 (RECEIPT)
[2026-09-17T21:16:42.010925Z] Closed probe-001 via receipt
[2026-09-17T21:16:42.023905Z] === Cycle complete, pending=1 ===
[2026-09-17T21:17:12.040064Z] === Watch cycle start ===
[2026-09-17T21:17:12.067861Z] Registered new inbound task: probe-001
[2026-09-17T21:17:12.071439Z] Closed probe probe-001 (RECEIPT)
[2026-09-17T21:17:12.086856Z] Closed probe-001 via receipt
[2026-09-17T21:17:12.113161Z] === Cycle complete, pending=1 ===
[2026-09-17T21:17:42.140701Z] === Watch cycle start ===
[2026-09-17T21:17:42.195607Z] Registered new inbound task: probe-001
[2026-09-17T21:17:42.231354Z] Closed probe probe-001 (RECEIPT)
[2026-09-17T21:17:42.282873Z] Closed probe-001 via receipt
[2026-09-17T21:17:42.322173Z] === Cycle complete, pending=1 ===
[2026-09-17T21:18:12.366655Z] === Watch cycle start ===
[2026-09-17T21:18:12.400898Z] Registered new inbound task: probe-001
[2026-09-17T21:18:12.408046Z] Closed probe probe-001 (RECEIPT)
[2026-09-17T21:18:12.429880Z] Closed probe-001 via receipt
[2026-09-17T21:18:12.440055Z] === Cycle complete, pending=1 ===
[2026-09-17T21:18:42.461923Z] === Watch cycle start ===
[2026-09-17T21:18:42.478662Z] Registered new inbound task: probe-001
[2026-09-17T21:18:42.482353Z] Closed probe probe-001 (RECEIPT)
[2026-09-17T21:18:42.483214Z] Closed probe-001 via receipt
[2026-09-17T21:18:42.485199Z] === Cycle complete, pending=1 ===
[2026-09-17T21:19:12.536445Z] === Watch cycle start ===
[2026-09-17T21:19:12.705810Z] Registered new inbound task: probe-001
[2026-09-17T21:19:12.748811Z] Closed probe probe-001 (RECEIPT)
[2026-09-17T21:19:12.776807Z] Closed probe-001 via receipt
[2026-09-17T21:19:12.818769Z] === Cycle complete, pending=1 ===
[2026-09-17T21:19:42.883994Z] === Watch cycle start ===
[2026-09-17T21:19:42.944317Z] Registered new inbound task: probe-001
[2026-09-17T21:19:42.963251Z] Closed probe probe-001 (RECEIPT)
[2026-09-17T21:19:42.976001Z] Closed probe-001 via receipt
[2026-09-17T21:19:42.985996Z] === Cycle complete, pending=1 ===
[2026-09-17T21:20:13.028580Z] === Watch cycle start ===
[2026-09-17T21:20:13.073887Z] Registered new inbound task: probe-001
[2026-09-17T21:20:13.088657Z] Closed probe probe-001 (RECEIPT)
[2026-09-17T21:20:13.091277Z] Closed probe-001 via receipt
[2026-09-17T21:20:13.102179Z] === Cycle complete, pending=1 ===
[2026-09-17T21:20:43.125606Z] === Watch cycle start ===
[2026-09-17T21:20:43.150162Z] Registered new inbound task: probe-001
[2026-09-17T21:20:43.154372Z] Closed probe probe-001 (RECEIPT)
[2026-09-17T21:20:43.157897Z] Closed probe-001 via receipt
[2026-09-17T21:20:43.160782Z] === Cycle complete, pending=1 ===
[2026-09-17T21:21:13.167750Z] === Watch cycle start ===
[2026-09-17T21:21:13.222165Z] Registered new inbound task: probe-001
[2026-09-17T21:21:13.241446Z] Closed probe probe-001 (RECEIPT)
[2026-09-17T21:21:13.261890Z] Closed probe-001 via receipt
[2026-09-17T21:21:13.272318Z] === Cycle complete, pending=1 ===
[2026-09-17T21:21:43.280721Z] === Watch cycle start ===
[2026-09-17T21:21:43.287579Z] Registered new inbound task: probe-001
[2026-09-17T21:21:43.324690Z] Closed probe probe-001 (RECEIPT)
[2026-09-17T21:21:43.352081Z] Closed probe-001 via receipt
[2026-09-17T21:21:43.371392Z] === Cycle complete, pending=1 ===
[2026-09-17T21:22:13.420668Z] === Watch cycle start ===
[2026-09-17T21:22:13.454675Z] Registered new inbound task: probe-001
[2026-09-17T21:22:13.477303Z] Closed probe probe-001 (RECEIPT)
[2026-09-17T21:22:13.498605Z] Closed probe-001 via receipt
[2026-09-17T21:22:13.509230Z] === Cycle complete, pending=1 ===
[2026-09-17T21:22:43.527392Z] === Watch cycle start ===
[2026-09-17T21:22:43.573408Z] Registered new inbound task: probe-001
[2026-09-17T21:22:43.608518Z] Closed probe probe-001 (RECEIPT)
[2026-09-17T21:22:43.634877Z] Closed probe-001 via receipt
[2026-09-17T21:22:43.658385Z] === Cycle complete, pending=1 ===
[2026-09-17T21:23:13.704321Z] === Watch cycle start ===
[2026-09-17T21:23:13.748446Z] Registered new inbound task: probe-001
[2026-09-17T21:23:13.758475Z] Closed probe probe-001 (RECEIPT)
[2026-09-17T21:23:13.775078Z] Closed probe-001 via receipt
[2026-09-17T21:23:13.803152Z] === Cycle complete, pending=1 ===
[2026-09-17T21:23:43.845674Z] === Watch cycle start ===
[2026-09-17T21:23:43.896841Z] Registered new inbound task: probe-001
[2026-09-17T21:23:43.927926Z] Closed probe probe-001 (RECEIPT)
[2026-09-17T21:23:43.940348Z] Closed probe-001 via receipt
[2026-09-17T21:23:43.954720Z] === Cycle complete, pending=1 ===
[2026-09-17T21:24:13.961674Z] === Watch cycle start ===
[2026-09-17T21:24:13.985165Z] Registered new inbound task: probe-001
[2026-09-17T21:24:13.996888Z] Closed probe probe-001 (RECEIPT)
[2026-09-17T21:24:14.007828Z] Closed probe-001 via receipt
[2026-09-17T21:24:14.030512Z] === Cycle complete, pending=1 ===
[2026-09-17T21:24:44.065486Z] === Watch cycle start ===
[2026-09-17T21:24:44.105680Z] Registered new inbound task: probe-001
[2026-09-17T21:24:44.145549Z] Closed probe probe-001 (RECEIPT)
[2026-09-17T21:24:44.165214Z] Closed probe-001 via receipt
[2026-09-17T21:24:44.172462Z] === Cycle complete, pending=1 ===
[2026-09-17T21:25:14.199651Z] === Watch cycle start ===
[2026-09-17T21:25:14.244554Z] Registered new inbound task: probe-001
[2026-09-17T21:25:14.261351Z] Closed probe probe-001 (RECEIPT)
[2026-09-17T21:25:14.276085Z] Closed probe-001 via receipt
[2026-09-17T21:25:14.288841Z] === Cycle complete, pending=1 ===
[2026-09-17T21:25:44.316699Z] === Watch cycle start ===
[2026-09-17T21:25:44.368838Z] Registered new inbound task: probe-001
[2026-09-17T21:25:44.388281Z] Closed probe probe-001 (RECEIPT)
[2026-09-17T21:25:44.424787Z] Closed probe-001 via receipt
[2026-09-17T21:25:44.447004Z] === Cycle complete, pending=1 ===
[2026-09-17T21:26:14.491980Z] === Watch cycle start ===
[2026-09-17T21:26:14.560821Z] Registered new inbound task: probe-001
[2026-09-17T21:26:14.577404Z] Closed probe probe-001 (RECEIPT)
[2026-09-17T21:26:14.613241Z] Closed probe-001 via receipt
[2026-09-17T21:26:14.642166Z] === Cycle complete, pending=1 ===
[2026-09-17T21:26:44.674545Z] === Watch cycle start ===
[2026-09-17T21:26:44.726878Z] Registered new inbound task: probe-001
[2026-09-17T21:26:44.757004Z] Closed probe probe-001 (RECEIPT)
[2026-09-17T21:26:44.772389Z] Closed probe-001 via receipt
[2026-09-17T21:26:44.806654Z] === Cycle complete, pending=1 ===
[2026-09-17T21:27:14.829896Z] === Watch cycle start ===
[2026-09-17T21:27:14.871062Z] Registered new inbound task: probe-001
[2026-09-17T21:27:14.906540Z] Closed probe probe-001 (RECEIPT)
[2026-09-17T21:27:14.947923Z] Closed probe-001 via receipt
[2026-09-17T21:27:14.975331Z] === Cycle complete, pending=1 ===
[2026-09-17T21:27:45.028649Z] === Watch cycle start ===
[2026-09-17T21:27:45.062319Z] Registered new inbound task: probe-001
[2026-09-17T21:27:45.077801Z] Closed probe probe-001 (RECEIPT)
[2026-09-17T21:27:45.095148Z] Closed probe-001 via receipt
[2026-09-17T21:27:45.097021Z] === Cycle complete, pending=1 ===
[2026-09-17T21:28:15.107686Z] === Watch cycle start ===
[2026-09-17T21:28:15.155195Z] Registered new inbound task: probe-001
[2026-09-17T21:28:15.189142Z] Closed probe probe-001 (RECEIPT)
[2026-09-17T21:28:15.220122Z] Closed probe-001 via receipt
[2026-09-17T21:28:15.253484Z] === Cycle complete, pending=1 ===
[2026-09-17T21:28:45.289627Z] === Watch cycle start ===
[2026-09-17T21:28:45.360913Z] Registered new inbound task: probe-001
[2026-09-17T21:28:45.436738Z] Closed probe probe-001 (RECEIPT)
[2026-09-17T21:28:45.489658Z] Closed probe-001 via receipt
[2026-09-17T21:28:45.536951Z] === Cycle complete, pending=1 ===
[2026-09-17T21:29:15.565836Z] === Watch cycle start ===
[2026-09-17T21:29:15.580799Z] Registered new inbound task: probe-001
[2026-09-17T21:29:15.591005Z] Closed probe probe-001 (RECEIPT)
[2026-09-17T21:29:15.593430Z] Closed probe-001 via receipt
[2026-09-17T21:29:15.600331Z] === Cycle complete, pending=1 ===
[2026-09-17T21:29:45.621370Z] === Watch cycle start ===
[2026-09-17T21:29:45.684521Z] Registered new inbound task: probe-001
[2026-09-17T21:29:45.720812Z] Closed probe probe-001 (RECEIPT)
[2026-09-17T21:29:45.736202Z] Closed probe-001 via receipt
[2026-09-17T21:29:45.752776Z] === Cycle complete, pending=1 ===
[2026-09-17T21:30:15.781899Z] === Watch cycle start ===
[2026-09-17T21:30:15.838041Z] Registered new inbound task: probe-001
[2026-09-17T21:30:15.872872Z] Closed probe probe-001 (RECEIPT)
[2026-09-17T21:30:15.884960Z] Closed probe-001 via receipt
[2026-09-17T21:30:15.987021Z] === Cycle complete, pending=1 ===
[2026-09-17T21:30:46.022093Z] === Watch cycle start ===
[2026-09-17T21:30:46.085043Z] Registered new inbound task: probe-001
[2026-09-17T21:30:46.192541Z] Closed probe probe-001 (RECEIPT)
[2026-09-17T21:30:46.289256Z] Closed probe-001 via receipt
[2026-09-17T21:30:46.405583Z] === Cycle complete, pending=1 ===
[2026-09-17T21:31:16.538256Z] === Watch cycle start ===
[2026-09-17T21:31:16.565608Z] Registered new inbound task: probe-001
[2026-09-17T21:31:16.570258Z] Closed probe probe-001 (RECEIPT)
[2026-09-17T21:31:16.580249Z] Closed probe-001 via receipt
[2026-09-17T21:31:16.590886Z] === Cycle complete, pending=1 ===
[2026-09-17T21:31:46.650887Z] === Watch cycle start ===
[2026-09-17T21:31:46.850258Z] Registered new inbound task: probe-001
[2026-09-17T21:31:46.982688Z] Closed probe probe-001 (RECEIPT)
[2026-09-17T21:31:47.081569Z] Closed probe-001 via receipt
[2026-09-17T21:31:47.204799Z] === Cycle complete, pending=1 ===
[2026-09-17T21:32:17.326835Z] === Watch cycle start ===
[2026-09-17T21:32:17.352472Z] Registered new inbound task: probe-001
[2026-09-17T21:32:17.366691Z] Closed probe probe-001 (RECEIPT)
[2026-09-17T21:32:17.389602Z] Closed probe-001 via receipt
[2026-09-17T21:32:17.404686Z] === Cycle complete, pending=1 ===
[2026-09-17T21:32:47.458427Z] === Watch cycle start ===
[2026-09-17T21:32:47.503236Z] Registered new inbound task: probe-001
[2026-09-17T21:32:47.520622Z] Closed probe probe-001 (RECEIPT)
[2026-09-17T21:32:47.561092Z] Closed probe-001 via receipt
[2026-09-17T21:32:47.601118Z] === Cycle complete, pending=1 ===
[2026-09-17T21:33:17.632594Z] === Watch cycle start ===
[2026-09-17T21:33:17.660191Z] Registered new inbound task: probe-001
[2026-09-17T21:33:17.680491Z] Closed probe probe-001 (RECEIPT)
[2026-09-17T21:33:17.695657Z] Closed probe-001 via receipt
[2026-09-17T21:33:17.706493Z] === Cycle complete, pending=1 ===
[2026-09-17T21:33:47.748991Z] === Watch cycle start ===
[2026-09-17T21:33:47.792383Z] Registered new inbound task: probe-001
[2026-09-17T21:33:47.818427Z] Closed probe probe-001 (RECEIPT)
[2026-09-17T21:33:47.838355Z] Closed probe-001 via receipt
[2026-09-17T21:33:47.859293Z] === Cycle complete, pending=1 ===
[2026-09-17T21:34:17.896569Z] === Watch cycle start ===
[2026-09-17T21:34:17.954258Z] Registered new inbound task: probe-001
[2026-09-17T21:34:17.966257Z] Closed probe probe-001 (RECEIPT)
[2026-09-17T21:34:17.999094Z] Closed probe-001 via receipt
[2026-09-17T21:34:18.022995Z] === Cycle complete, pending=1 ===
[2026-09-17T21:34:48.043060Z] === Watch cycle start ===
[2026-09-17T21:34:48.079212Z] Registered new inbound task: probe-001
[2026-09-17T21:34:48.102829Z] Closed probe probe-001 (RECEIPT)
[2026-09-17T21:34:48.117274Z] Closed probe-001 via receipt
[2026-09-17T21:34:48.134346Z] === Cycle complete, pending=1 ===
[2026-09-17T21:35:18.163492Z] === Watch cycle start ===
[2026-09-17T21:35:18.183059Z] Registered new inbound task: probe-001
[2026-09-17T21:35:18.189730Z] Closed probe probe-001 (RECEIPT)
[2026-09-17T21:35:18.204713Z] Closed probe-001 via receipt
[2026-09-17T21:35:18.213525Z] === Cycle complete, pending=1 ===
[2026-09-17T21:35:48.261231Z] === Watch cycle start ===
[2026-09-17T21:35:48.291490Z] Registered new inbound task: probe-001
[2026-09-17T21:35:48.318365Z] Closed probe probe-001 (RECEIPT)
[2026-09-17T21:35:48.326439Z] Closed probe-001 via receipt
[2026-09-17T21:35:48.353122Z] === Cycle complete, pending=1 ===
[2026-09-17T21:36:18.388452Z] === Watch cycle start ===
[2026-09-17T21:36:18.405571Z] Registered new inbound task: probe-001
[2026-09-17T21:36:18.438370Z] Closed probe probe-001 (RECEIPT)
[2026-09-17T21:36:18.447877Z] Closed probe-001 via receipt
[2026-09-17T21:36:18.461346Z] === Cycle complete, pending=1 ===
[2026-09-17T21:36:48.485928Z] === Watch cycle start ===
[2026-09-17T21:36:48.545004Z] Registered new inbound task: probe-001
[2026-09-17T21:36:48.556880Z] Closed probe probe-001 (RECEIPT)
[2026-09-17T21:36:48.581280Z] Closed probe-001 via receipt
[2026-09-17T21:36:48.586306Z] === Cycle complete, pending=1 ===
[2026-09-17T21:37:18.634349Z] === Watch cycle start ===
[2026-09-17T21:37:18.716447Z] Registered new inbound task: probe-001
[2026-09-17T21:37:18.729267Z] Closed probe probe-001 (RECEIPT)
[2026-09-17T21:37:18.744143Z] Closed probe-001 via receipt
[2026-09-17T21:37:18.764818Z] === Cycle complete, pending=1 ===
[2026-09-17T21:37:48.801504Z] === Watch cycle start ===
[2026-09-17T21:37:48.828424Z] Registered new inbound task: probe-001
[2026-09-17T21:37:48.860201Z] Closed probe probe-001 (RECEIPT)
[2026-09-17T21:37:48.902656Z] Closed probe-001 via receipt
[2026-09-17T21:37:48.926912Z] === Cycle complete, pending=1 ===
[2026-09-17T21:38:18.956640Z] === Watch cycle start ===
[2026-09-17T21:38:19.024715Z] Registered new inbound task: probe-001
[2026-09-17T21:38:19.044701Z] Closed probe probe-001 (RECEIPT)
[2026-09-17T21:38:19.066767Z] Closed probe-001 via receipt
[2026-09-17T21:38:19.091883Z] === Cycle complete, pending=1 ===
[2026-09-17T21:38:49.123980Z] === Watch cycle start ===
[2026-09-17T21:38:49.252680Z] Registered new inbound task: probe-001
[2026-09-17T21:38:49.277039Z] Closed probe probe-001 (RECEIPT)
[2026-09-17T21:38:49.339990Z] Closed probe-001 via receipt
[2026-09-17T21:38:49.399232Z] === Cycle complete, pending=1 ===
[2026-09-17T21:39:19.454236Z] === Watch cycle start ===
[2026-09-17T21:39:19.560492Z] Registered new inbound task: probe-001
[2026-09-17T21:39:19.599676Z] Closed probe probe-001 (RECEIPT)
[2026-09-17T21:39:19.631737Z] Closed probe-001 via receipt
[2026-09-17T21:39:19.655523Z] === Cycle complete, pending=1 ===
[2026-09-17T21:39:49.683877Z] === Watch cycle start ===
[2026-09-17T21:39:49.727343Z] Registered new inbound task: probe-001
[2026-09-17T21:39:49.754935Z] Closed probe probe-001 (RECEIPT)
[2026-09-17T21:39:49.785646Z] Closed probe-001 via receipt
[2026-09-17T21:39:49.816054Z] === Cycle complete, pending=1 ===
[2026-09-17T21:40:19.855617Z] === Watch cycle start ===
[2026-09-17T21:40:19.888281Z] Registered new inbound task: probe-001
[2026-09-17T21:40:19.919198Z] Closed probe probe-001 (RECEIPT)
[2026-09-17T21:40:19.970401Z] Closed probe-001 via receipt
[2026-09-17T21:40:20.031792Z] === Cycle complete, pending=1 ===
[2026-09-17T21:40:50.073236Z] === Watch cycle start ===
[2026-09-17T21:40:50.200861Z] Registered new inbound task: probe-001
[2026-09-17T21:40:50.215312Z] Closed probe probe-001 (RECEIPT)
[2026-09-17T21:40:50.259729Z] Closed probe-001 via receipt
[2026-09-17T21:40:50.292505Z] === Cycle complete, pending=1 ===
[2026-09-17T21:41:20.352371Z] === Watch cycle start ===
[2026-09-17T21:41:20.413327Z] Registered new inbound task: probe-001
[2026-09-17T21:41:20.462913Z] Closed probe probe-001 (RECEIPT)
[2026-09-17T21:41:20.520965Z] Closed probe-001 via receipt
[2026-09-17T21:41:20.582184Z] === Cycle complete, pending=1 ===
[2026-09-17T21:41:50.659519Z] === Watch cycle start ===
[2026-09-17T21:41:50.696269Z] Registered new inbound task: probe-001
[2026-09-17T21:41:50.702700Z] Closed probe probe-001 (RECEIPT)
[2026-09-17T21:41:50.708745Z] Closed probe-001 via receipt
[2026-09-17T21:41:50.726643Z] === Cycle complete, pending=1 ===
[2026-09-17T21:42:20.765143Z] === Watch cycle start ===
[2026-09-17T21:42:20.795660Z] Registered new inbound task: probe-001
[2026-09-17T21:42:20.803931Z] Closed probe probe-001 (RECEIPT)
[2026-09-17T21:42:20.804796Z] Closed probe-001 via receipt
[2026-09-17T21:42:20.806928Z] === Cycle complete, pending=1 ===
[2026-09-17T21:42:50.816766Z] === Watch cycle start ===
[2026-09-17T21:42:50.841318Z] Registered new inbound task: probe-001
[2026-09-17T21:42:50.847622Z] Closed probe probe-001 (RECEIPT)
[2026-09-17T21:42:50.854330Z] Closed probe-001 via receipt
[2026-09-17T21:42:50.864004Z] === Cycle complete, pending=1 ===
[2026-09-17T21:43:20.891583Z] === Watch cycle start ===
[2026-09-17T21:43:20.910232Z] Registered new inbound task: probe-001
[2026-09-17T21:43:20.930544Z] Closed probe probe-001 (RECEIPT)
[2026-09-17T21:43:20.962656Z] Closed probe-001 via receipt
[2026-09-17T21:43:20.984904Z] === Cycle complete, pending=1 ===
[2026-09-17T21:43:51.025055Z] === Watch cycle start ===
[2026-09-17T21:43:51.058639Z] Registered new inbound task: probe-001
[2026-09-17T21:43:51.137969Z] Closed probe probe-001 (RECEIPT)
[2026-09-17T21:43:51.220051Z] Closed probe-001 via receipt
[2026-09-17T21:43:51.282806Z] === Cycle complete, pending=1 ===
[2026-09-17T21:44:21.321267Z] === Watch cycle start ===
[2026-09-17T21:44:21.374233Z] Registered new inbound task: probe-001
[2026-09-17T21:44:21.402368Z] Closed probe probe-001 (RECEIPT)
[2026-09-17T21:44:21.425231Z] Closed probe-001 via receipt
[2026-09-17T21:44:21.467791Z] === Cycle complete, pending=1 ===
[2026-09-17T21:44:51.543783Z] === Watch cycle start ===
[2026-09-17T21:44:51.676775Z] Registered new inbound task: probe-001
[2026-09-17T21:44:51.729825Z] Closed probe probe-001 (RECEIPT)
[2026-09-17T21:44:51.775851Z] Closed probe-001 via receipt
[2026-09-17T21:44:51.869806Z] === Cycle complete, pending=1 ===
[2026-09-17T21:45:22.073492Z] === Watch cycle start ===
[2026-09-17T21:45:22.172681Z] Registered new inbound task: probe-001
[2026-09-17T21:45:22.242873Z] Closed probe probe-001 (RECEIPT)
[2026-09-17T21:45:22.292925Z] Closed probe-001 via receipt
[2026-09-17T21:45:22.382664Z] === Cycle complete, pending=1 ===
[2026-09-17T21:45:52.467173Z] === Watch cycle start ===
[2026-09-17T21:45:52.518809Z] Registered new inbound task: probe-001
[2026-09-17T21:45:52.526638Z] Closed probe probe-001 (RECEIPT)
[2026-09-17T21:45:52.532814Z] Closed probe-001 via receipt
[2026-09-17T21:45:52.535568Z] === Cycle complete, pending=1 ===
[2026-09-17T21:46:22.575892Z] === Watch cycle start ===
[2026-09-17T21:46:22.591431Z] Registered new inbound task: probe-001
[2026-09-17T21:46:22.594711Z] Closed probe probe-001 (RECEIPT)
[2026-09-17T21:46:22.602641Z] Closed probe-001 via receipt
[2026-09-17T21:46:22.619277Z] === Cycle complete, pending=1 ===
[2026-09-17T21:46:52.644972Z] === Watch cycle start ===
[2026-09-17T21:46:52.693858Z] Registered new inbound task: probe-001
[2026-09-17T21:46:52.725643Z] Closed probe probe-001 (RECEIPT)
[2026-09-17T21:46:52.737524Z] Closed probe-001 via receipt
[2026-09-17T21:46:52.751044Z] === Cycle complete, pending=1 ===
[2026-09-17T21:47:22.765320Z] === Watch cycle start ===
[2026-09-17T21:47:22.774395Z] Registered new inbound task: probe-001
[2026-09-17T21:47:22.777003Z] Closed probe probe-001 (RECEIPT)
[2026-09-17T21:47:22.789337Z] Closed probe-001 via receipt
[2026-09-17T21:47:22.804709Z] === Cycle complete, pending=1 ===
[2026-09-17T21:47:52.810263Z] === Watch cycle start ===
[2026-09-17T21:47:52.831564Z] Registered new inbound task: probe-001
[2026-09-17T21:47:52.838826Z] Closed probe probe-001 (RECEIPT)
[2026-09-17T21:47:52.848016Z] Closed probe-001 via receipt
[2026-09-17T21:47:52.853948Z] === Cycle complete, pending=1 ===
[2026-09-17T21:48:22.879316Z] === Watch cycle start ===
[2026-09-17T21:48:22.918175Z] Registered new inbound task: probe-001
[2026-09-17T21:48:22.926959Z] Closed probe probe-001 (RECEIPT)
[2026-09-17T21:48:22.929506Z] Closed probe-001 via receipt
[2026-09-17T21:48:22.932795Z] === Cycle complete, pending=1 ===
[2026-09-17T21:48:52.952956Z] === Watch cycle start ===
[2026-09-17T21:48:52.973738Z] Registered new inbound task: probe-001
[2026-09-17T21:48:52.986263Z] Closed probe probe-001 (RECEIPT)
[2026-09-17T21:48:52.996986Z] Closed probe-001 via receipt
[2026-09-17T21:48:53.023401Z] === Cycle complete, pending=1 ===
[2026-09-17T21:49:23.051867Z] === Watch cycle start ===
[2026-09-17T21:49:23.090663Z] Registered new inbound task: probe-001
[2026-09-17T21:49:23.112230Z] Closed probe probe-001 (RECEIPT)
[2026-09-17T21:49:23.127690Z] Closed probe-001 via receipt
[2026-09-17T21:49:23.144656Z] === Cycle complete, pending=1 ===
[2026-09-17T21:49:53.161705Z] === Watch cycle start ===
[2026-09-17T21:49:53.174889Z] Registered new inbound task: probe-001
[2026-09-17T21:49:53.176956Z] Closed probe probe-001 (RECEIPT)
[2026-09-17T21:49:53.179308Z] Closed probe-001 via receipt
[2026-09-17T21:49:53.180831Z] === Cycle complete, pending=1 ===
[2026-09-17T21:50:23.189762Z] === Watch cycle start ===
[2026-09-17T21:50:23.212679Z] Registered new inbound task: probe-001
[2026-09-17T21:50:23.275228Z] Closed probe probe-001 (RECEIPT)
[2026-09-17T21:50:23.382038Z] Closed probe-001 via receipt
[2026-09-17T21:50:23.427996Z] === Cycle complete, pending=1 ===
[2026-09-17T21:50:53.450032Z] === Watch cycle start ===
[2026-09-17T21:50:53.455839Z] Registered new inbound task: probe-001
[2026-09-17T21:50:53.457246Z] Closed probe probe-001 (RECEIPT)
[2026-09-17T21:50:53.463072Z] Closed probe-001 via receipt
[2026-09-17T21:50:53.464786Z] === Cycle complete, pending=1 ===
[2026-09-17T21:51:23.467233Z] === Watch cycle start ===
[2026-09-17T21:51:23.475062Z] Registered new inbound task: probe-001
[2026-09-17T21:51:23.482527Z] Closed probe probe-001 (RECEIPT)
[2026-09-17T21:51:23.483538Z] Closed probe-001 via receipt
[2026-09-17T21:51:23.488700Z] === Cycle complete, pending=1 ===
[2026-09-17T21:51:53.490580Z] === Watch cycle start ===
[2026-09-17T21:51:53.512265Z] Registered new inbound task: probe-001
[2026-09-17T21:51:53.528931Z] Closed probe probe-001 (RECEIPT)
[2026-09-17T21:51:53.544170Z] Closed probe-001 via receipt
[2026-09-17T21:51:53.553986Z] === Cycle complete, pending=1 ===
[2026-09-17T21:52:23.556079Z] === Watch cycle start ===
[2026-09-17T21:52:23.563734Z] Registered new inbound task: probe-001
[2026-09-17T21:52:23.572985Z] Closed probe probe-001 (RECEIPT)
[2026-09-17T21:52:23.577999Z] Closed probe-001 via receipt
[2026-09-17T21:52:23.583399Z] === Cycle complete, pending=1 ===
[2026-09-17T21:52:53.587248Z] === Watch cycle start ===
[2026-09-17T21:52:53.600338Z] Registered new inbound task: probe-001
[2026-09-17T21:52:53.602953Z] Closed probe probe-001 (RECEIPT)
[2026-09-17T21:52:53.603923Z] Closed probe-001 via receipt
[2026-09-17T21:52:53.605374Z] === Cycle complete, pending=1 ===
[2026-09-17T21:53:23.606734Z] === Watch cycle start ===
[2026-09-17T21:53:23.612003Z] Registered new inbound task: probe-001
[2026-09-17T21:53:23.613255Z] Closed probe probe-001 (RECEIPT)
[2026-09-17T21:53:23.613790Z] Closed probe-001 via receipt
[2026-09-17T21:53:23.615125Z] === Cycle complete, pending=1 ===
[2026-09-17T21:53:53.616342Z] === Watch cycle start ===
[2026-09-17T21:53:53.621479Z] Registered new inbound task: probe-001
[2026-09-17T21:53:53.622824Z] Closed probe probe-001 (RECEIPT)
[2026-09-17T21:53:53.623380Z] Closed probe-001 via receipt
[2026-09-17T21:53:53.624590Z] === Cycle complete, pending=1 ===
[2026-09-17T21:54:23.626167Z] === Watch cycle start ===
[2026-09-17T21:54:23.645220Z] Registered new inbound task: probe-001
[2026-09-17T21:54:23.655702Z] Closed probe probe-001 (RECEIPT)
[2026-09-17T21:54:23.660270Z] Closed probe-001 via receipt
[2026-09-17T21:54:23.662850Z] === Cycle complete, pending=1 ===
[2026-09-17T21:54:53.667231Z] === Watch cycle start ===
[2026-09-17T21:54:53.692893Z] Registered new inbound task: probe-001
[2026-09-17T21:54:53.698439Z] Closed probe probe-001 (RECEIPT)
[2026-09-17T21:54:53.709975Z] Closed probe-001 via receipt
[2026-09-17T21:54:53.716777Z] === Cycle complete, pending=1 ===
[2026-09-17T21:55:23.757542Z] === Watch cycle start ===
[2026-09-17T21:55:23.781070Z] Registered new inbound task: probe-001
[2026-09-17T21:55:23.794250Z] Closed probe probe-001 (RECEIPT)
[2026-09-17T21:55:23.797401Z] Closed probe-001 via receipt
[2026-09-17T21:55:23.800372Z] === Cycle complete, pending=1 ===
[2026-09-17T21:55:53.824783Z] === Watch cycle start ===
[2026-09-17T21:55:53.871078Z] Registered new inbound task: probe-001
[2026-09-17T21:55:53.897587Z] Closed probe probe-001 (RECEIPT)
[2026-09-17T21:55:53.912154Z] Closed probe-001 via receipt
[2026-09-17T21:55:53.919641Z] === Cycle complete, pending=1 ===
[2026-09-17T21:56:23.962395Z] === Watch cycle start ===
[2026-09-17T21:56:24.017422Z] Registered new inbound task: probe-001
[2026-09-17T21:56:24.064589Z] Closed probe probe-001 (RECEIPT)
[2026-09-17T21:56:24.139085Z] Closed probe-001 via receipt
[2026-09-17T21:56:24.186268Z] === Cycle complete, pending=1 ===
[2026-09-17T21:56:54.291019Z] === Watch cycle start ===
[2026-09-17T21:56:54.339935Z] Registered new inbound task: probe-001
[2026-09-17T21:56:54.351243Z] Closed probe probe-001 (RECEIPT)
[2026-09-17T21:56:54.368199Z] Closed probe-001 via receipt
[2026-09-17T21:56:54.396365Z] === Cycle complete, pending=1 ===
[2026-09-17T21:57:24.420526Z] === Watch cycle start ===
[2026-09-17T21:57:24.459550Z] Registered new inbound task: probe-001
[2026-09-17T21:57:24.461960Z] Closed probe probe-001 (RECEIPT)
[2026-09-17T21:57:24.465256Z] Closed probe-001 via receipt
[2026-09-17T21:57:24.467576Z] === Cycle complete, pending=1 ===
[2026-09-17T21:57:54.493501Z] === Watch cycle start ===
[2026-09-17T21:57:54.517754Z] Registered new inbound task: probe-001
[2026-09-17T21:57:54.566510Z] Closed probe probe-001 (RECEIPT)
[2026-09-17T21:57:54.630486Z] Closed probe-001 via receipt
[2026-09-17T21:57:54.677159Z] === Cycle complete, pending=1 ===
[2026-09-17T21:58:24.724266Z] === Watch cycle start ===
[2026-09-17T21:58:24.743931Z] Registered new inbound task: probe-001
[2026-09-17T21:58:24.757065Z] Closed probe probe-001 (RECEIPT)
[2026-09-17T21:58:24.769697Z] Closed probe-001 via receipt
[2026-09-17T21:58:24.780857Z] === Cycle complete, pending=1 ===
[2026-09-17T21:58:54.817115Z] === Watch cycle start ===
[2026-09-17T21:58:54.852119Z] Registered new inbound task: probe-001
[2026-09-17T21:58:54.854816Z] Closed probe probe-001 (RECEIPT)
[2026-09-17T21:58:54.870746Z] Closed probe-001 via receipt
[2026-09-17T21:58:54.891224Z] === Cycle complete, pending=1 ===
[2026-09-17T21:59:24.917550Z] === Watch cycle start ===
[2026-09-17T21:59:24.933657Z] Registered new inbound task: probe-001
[2026-09-17T21:59:24.937991Z] Closed probe probe-001 (RECEIPT)
[2026-09-17T21:59:24.942921Z] Closed probe-001 via receipt
[2026-09-17T21:59:24.946003Z] === Cycle complete, pending=1 ===
[2026-09-17T21:59:54.967309Z] === Watch cycle start ===
[2026-09-17T21:59:54.979882Z] Registered new inbound task: probe-001
[2026-09-17T21:59:54.982700Z] Closed probe probe-001 (RECEIPT)
[2026-09-17T21:59:54.987734Z] Closed probe-001 via receipt
[2026-09-17T21:59:54.989592Z] === Cycle complete, pending=1 ===
[2026-09-17T22:00:24.995903Z] === Watch cycle start ===
[2026-09-17T22:00:25.017344Z] Registered new inbound task: probe-001
[2026-09-17T22:00:25.021376Z] Closed probe probe-001 (RECEIPT)
[2026-09-17T22:00:25.026790Z] Closed probe-001 via receipt
[2026-09-17T22:00:25.038887Z] === Cycle complete, pending=1 ===
[2026-09-17T22:00:55.051153Z] === Watch cycle start ===
[2026-09-17T22:00:55.060634Z] Registered new inbound task: probe-001
[2026-09-17T22:00:55.071037Z] Closed probe probe-001 (RECEIPT)
[2026-09-17T22:00:55.080793Z] Closed probe-001 via receipt
[2026-09-17T22:00:55.090360Z] === Cycle complete, pending=1 ===
[2026-09-17T22:01:25.151520Z] === Watch cycle start ===
[2026-09-17T22:01:25.200226Z] Registered new inbound task: probe-001
[2026-09-17T22:01:25.213139Z] Closed probe probe-001 (RECEIPT)
[2026-09-17T22:01:25.218760Z] Closed probe-001 via receipt
[2026-09-17T22:01:25.234544Z] === Cycle complete, pending=1 ===
[2026-09-17T22:01:55.261388Z] === Watch cycle start ===
[2026-09-17T22:01:55.291667Z] Registered new inbound task: probe-001
[2026-09-17T22:01:55.297700Z] Closed probe probe-001 (RECEIPT)
[2026-09-17T22:01:55.301548Z] Closed probe-001 via receipt
[2026-09-17T22:01:55.307413Z] === Cycle complete, pending=1 ===
[2026-09-17T22:02:25.339988Z] === Watch cycle start ===
[2026-09-17T22:02:25.365785Z] Registered new inbound task: probe-001
[2026-09-17T22:02:25.393563Z] Closed probe probe-001 (RECEIPT)
[2026-09-17T22:02:25.408416Z] Closed probe-001 via receipt
[2026-09-17T22:02:25.424889Z] === Cycle complete, pending=1 ===
[2026-09-17T22:02:55.445301Z] === Watch cycle start ===
[2026-09-17T22:02:55.452123Z] Registered new inbound task: probe-001
[2026-09-17T22:02:55.454541Z] Closed probe probe-001 (RECEIPT)
[2026-09-17T22:02:55.459776Z] Closed probe-001 via receipt
[2026-09-17T22:02:55.464936Z] === Cycle complete, pending=1 ===
[2026-09-17T22:03:25.471857Z] === Watch cycle start ===
[2026-09-17T22:03:25.485575Z] Registered new inbound task: probe-001
[2026-09-17T22:03:25.487826Z] Closed probe probe-001 (RECEIPT)
[2026-09-17T22:03:25.488806Z] Closed probe-001 via receipt
[2026-09-17T22:03:25.490734Z] === Cycle complete, pending=1 ===
[2026-09-17T22:03:55.492105Z] === Watch cycle start ===
[2026-09-17T22:03:55.502741Z] Registered new inbound task: probe-001
[2026-09-17T22:03:55.504644Z] Closed probe probe-001 (RECEIPT)
[2026-09-17T22:03:55.505338Z] Closed probe-001 via receipt
[2026-09-17T22:03:55.506704Z] === Cycle complete, pending=1 ===
[2026-09-17T22:04:25.512043Z] === Watch cycle start ===
[2026-09-17T22:04:25.569387Z] Registered new inbound task: probe-001
[2026-09-17T22:04:25.575101Z] Closed probe probe-001 (RECEIPT)
[2026-09-17T22:04:25.576086Z] Closed probe-001 via receipt
[2026-09-17T22:04:25.577922Z] === Cycle complete, pending=1 ===
[2026-09-17T22:04:55.588944Z] === Watch cycle start ===
[2026-09-17T22:04:55.605348Z] Registered new inbound task: probe-001
[2026-09-17T22:04:55.614389Z] Closed probe probe-001 (RECEIPT)
[2026-09-17T22:04:55.617608Z] Closed probe-001 via receipt
[2026-09-17T22:04:55.628903Z] === Cycle complete, pending=1 ===
[2026-09-17T22:05:25.631256Z] === Watch cycle start ===
[2026-09-17T22:05:25.655982Z] Registered new inbound task: probe-001
[2026-09-17T22:05:25.665291Z] Closed probe probe-001 (RECEIPT)
[2026-09-17T22:05:25.670557Z] Closed probe-001 via receipt
[2026-09-17T22:05:25.673596Z] === Cycle complete, pending=1 ===
[2026-09-17T22:05:55.678501Z] === Watch cycle start ===
[2026-09-17T22:05:55.710041Z] Registered new inbound task: probe-001
[2026-09-17T22:05:55.718486Z] Closed probe probe-001 (RECEIPT)
[2026-09-17T22:05:55.729224Z] Closed probe-001 via receipt
[2026-09-17T22:05:55.737980Z] === Cycle complete, pending=1 ===
[2026-09-17T22:06:25.754383Z] === Watch cycle start ===
[2026-09-17T22:06:25.817129Z] Registered new inbound task: probe-001
[2026-09-17T22:06:25.833225Z] Closed probe probe-001 (RECEIPT)
[2026-09-17T22:06:25.839619Z] Closed probe-001 via receipt
[2026-09-17T22:06:25.849135Z] === Cycle complete, pending=1 ===
[2026-09-17T22:06:55.870808Z] === Watch cycle start ===
[2026-09-17T22:06:55.895008Z] Registered new inbound task: probe-001
[2026-09-17T22:06:55.907507Z] Closed probe probe-001 (RECEIPT)
[2026-09-17T22:06:55.913778Z] Closed probe-001 via receipt
[2026-09-17T22:06:55.922889Z] === Cycle complete, pending=1 ===
[2026-09-17T22:07:25.968952Z] === Watch cycle start ===
[2026-09-17T22:07:25.997405Z] Registered new inbound task: probe-001
[2026-09-17T22:07:26.004865Z] Closed probe probe-001 (RECEIPT)
[2026-09-17T22:07:26.006928Z] Closed probe-001 via receipt
[2026-09-17T22:07:26.009060Z] === Cycle complete, pending=1 ===
[2026-09-17T22:07:56.033354Z] === Watch cycle start ===
[2026-09-17T22:07:56.071994Z] Registered new inbound task: probe-001
[2026-09-17T22:07:56.120829Z] Closed probe probe-001 (RECEIPT)
[2026-09-17T22:07:56.160858Z] Closed probe-001 via receipt
[2026-09-17T22:07:56.182461Z] === Cycle complete, pending=1 ===
[2026-09-17T22:08:26.234852Z] === Watch cycle start ===
[2026-09-17T22:08:26.410892Z] Registered new inbound task: probe-001
[2026-09-17T22:08:26.478569Z] Closed probe probe-001 (RECEIPT)
[2026-09-17T22:08:26.502830Z] Closed probe-001 via receipt
[2026-09-17T22:08:26.542903Z] === Cycle complete, pending=1 ===
[2026-09-17T22:08:56.685846Z] === Watch cycle start ===
[2026-09-17T22:08:57.395186Z] Registered new inbound task: probe-001
[2026-09-17T22:08:57.756094Z] Closed probe probe-001 (RECEIPT)
[2026-09-17T22:08:58.025406Z] Closed probe-001 via receipt
[2026-09-17T22:08:58.270387Z] === Cycle complete, pending=1 ===
[2026-09-17T22:09:28.396541Z] === Watch cycle start ===
[2026-09-17T22:09:28.454759Z] Registered new inbound task: probe-001
[2026-09-17T22:09:28.500354Z] Closed probe probe-001 (RECEIPT)
[2026-09-17T22:09:28.537818Z] Closed probe-001 via receipt
[2026-09-17T22:09:28.600732Z] === Cycle complete, pending=1 ===
[2026-09-17T22:09:58.640727Z] === Watch cycle start ===
[2026-09-17T22:09:58.749200Z] Registered new inbound task: probe-001
[2026-09-17T22:09:58.840509Z] Closed probe probe-001 (RECEIPT)
[2026-09-17T22:09:58.895315Z] Closed probe-001 via receipt
[2026-09-17T22:09:58.928436Z] === Cycle complete, pending=1 ===
[2026-09-17T22:10:29.006254Z] === Watch cycle start ===
[2026-09-17T22:10:29.086891Z] Registered new inbound task: probe-001
[2026-09-17T22:10:29.098702Z] Closed probe probe-001 (RECEIPT)
[2026-09-17T22:10:29.122919Z] Closed probe-001 via receipt
[2026-09-17T22:10:29.124420Z] === Cycle complete, pending=1 ===
[2026-09-17T22:10:59.132562Z] === Watch cycle start ===
[2026-09-17T22:10:59.185547Z] Registered new inbound task: probe-001
[2026-09-17T22:10:59.224518Z] Closed probe probe-001 (RECEIPT)
[2026-09-17T22:10:59.293823Z] Closed probe-001 via receipt
[2026-09-17T22:10:59.335943Z] === Cycle complete, pending=1 ===
[2026-09-17T22:11:29.379552Z] === Watch cycle start ===
[2026-09-17T22:11:29.466139Z] Registered new inbound task: probe-001
[2026-09-17T22:11:29.497614Z] Closed probe probe-001 (RECEIPT)
[2026-09-17T22:11:29.543889Z] Closed probe-001 via receipt
[2026-09-17T22:11:29.569997Z] === Cycle complete, pending=1 ===
[2026-09-17T22:11:59.605172Z] === Watch cycle start ===
[2026-09-17T22:11:59.637947Z] Registered new inbound task: probe-001
[2026-09-17T22:11:59.657744Z] Closed probe probe-001 (RECEIPT)
[2026-09-17T22:11:59.682241Z] Closed probe-001 via receipt
[2026-09-17T22:11:59.699018Z] === Cycle complete, pending=1 ===
[2026-09-17T22:12:29.715725Z] === Watch cycle start ===
[2026-09-17T22:12:29.732536Z] Registered new inbound task: probe-001
[2026-09-17T22:12:29.740493Z] Closed probe probe-001 (RECEIPT)
[2026-09-17T22:12:29.744604Z] Closed probe-001 via receipt
[2026-09-17T22:12:29.748187Z] === Cycle complete, pending=1 ===
[2026-09-17T22:12:59.759369Z] === Watch cycle start ===
[2026-09-17T22:12:59.787277Z] Registered new inbound task: probe-001
[2026-09-17T22:12:59.793688Z] Closed probe probe-001 (RECEIPT)
[2026-09-17T22:12:59.799250Z] Closed probe-001 via receipt
[2026-09-17T22:12:59.809724Z] === Cycle complete, pending=1 ===
[2026-09-17T22:13:29.833207Z] === Watch cycle start ===
[2026-09-17T22:13:29.851344Z] Registered new inbound task: probe-001
[2026-09-17T22:13:29.865683Z] Closed probe probe-001 (RECEIPT)
[2026-09-17T22:13:29.872950Z] Closed probe-001 via receipt
[2026-09-17T22:13:29.882694Z] === Cycle complete, pending=1 ===
[2026-09-17T22:13:59.906362Z] === Watch cycle start ===
[2026-09-17T22:13:59.918543Z] Registered new inbound task: probe-001
[2026-09-17T22:13:59.920786Z] Closed probe probe-001 (RECEIPT)
[2026-09-17T22:13:59.921805Z] Closed probe-001 via receipt
[2026-09-17T22:13:59.925160Z] === Cycle complete, pending=1 ===
[2026-09-17T22:14:29.955452Z] === Watch cycle start ===
[2026-09-17T22:14:29.967252Z] Registered new inbound task: probe-001
[2026-09-17T22:14:30.003522Z] Closed probe probe-001 (RECEIPT)
[2026-09-17T22:14:30.035485Z] Closed probe-001 via receipt
[2026-09-17T22:14:30.060199Z] === Cycle complete, pending=1 ===
[2026-09-17T22:15:00.098277Z] === Watch cycle start ===
[2026-09-17T22:15:00.136820Z] Registered new inbound task: probe-001
[2026-09-17T22:15:00.156391Z] Closed probe probe-001 (RECEIPT)
[2026-09-17T22:15:00.189516Z] Closed probe-001 via receipt
[2026-09-17T22:15:00.212858Z] === Cycle complete, pending=1 ===
[2026-09-17T22:15:30.287706Z] === Watch cycle start ===
[2026-09-17T22:15:30.441087Z] Registered new inbound task: probe-001
[2026-09-17T22:15:30.457093Z] Closed probe probe-001 (RECEIPT)
[2026-09-17T22:15:30.494452Z] Closed probe-001 via receipt
[2026-09-17T22:15:30.504329Z] STALE: soak-001 past deadline + 30min grace
[2026-09-17T22:15:30.531077Z] === Cycle complete, pending=0 ===
[2026-09-17T22:16:00.553281Z] === Watch cycle start ===
[2026-09-17T22:16:00.656784Z] Registered new inbound task: probe-001
[2026-09-17T22:16:00.701291Z] Registered new inbound task: soak-001
[2026-09-17T22:16:00.742065Z] Closed probe probe-001 (RECEIPT)
[2026-09-17T22:16:00.773851Z] Closed probe-001 via receipt
[2026-09-17T22:16:00.791575Z] === Cycle complete, pending=1 ===
[2026-09-17T22:16:30.811659Z] === Watch cycle start ===
[2026-09-17T22:16:30.886808Z] Registered new inbound task: probe-001
[2026-09-17T22:16:30.894643Z] Closed probe probe-001 (RECEIPT)
[2026-09-17T22:16:30.899937Z] Closed probe-001 via receipt
[2026-09-17T22:16:30.912926Z] === Cycle complete, pending=1 ===
[2026-09-17T22:17:00.926708Z] === Watch cycle start ===
[2026-09-17T22:17:00.932355Z] Registered new inbound task: probe-001
[2026-09-17T22:17:00.934533Z] Closed probe probe-001 (RECEIPT)
[2026-09-17T22:17:00.935318Z] Closed probe-001 via receipt
[2026-09-17T22:17:00.937000Z] === Cycle complete, pending=1 ===
[2026-09-17T22:17:30.938791Z] === Watch cycle start ===
[2026-09-17T22:17:30.959442Z] Registered new inbound task: probe-001
[2026-09-17T22:17:30.966481Z] Closed probe probe-001 (RECEIPT)
[2026-09-17T22:17:30.967160Z] Closed probe-001 via receipt
[2026-09-17T22:17:30.969179Z] === Cycle complete, pending=1 ===
[2026-09-17T22:18:00.976876Z] === Watch cycle start ===
[2026-09-17T22:18:01.012456Z] Registered new inbound task: probe-001
[2026-09-17T22:18:01.031668Z] Closed probe probe-001 (RECEIPT)
[2026-09-17T22:18:01.035762Z] Closed probe-001 via receipt
[2026-09-17T22:18:01.043033Z] === Cycle complete, pending=1 ===
[2026-09-17T22:18:31.095968Z] === Watch cycle start ===
[2026-09-17T22:18:31.192382Z] Registered new inbound task: probe-001
[2026-09-17T22:18:31.227702Z] Closed probe probe-001 (RECEIPT)
[2026-09-17T22:18:31.261579Z] Closed probe-001 via receipt
[2026-09-17T22:18:31.277526Z] === Cycle complete, pending=1 ===
[2026-09-17T22:19:01.315824Z] === Watch cycle start ===
[2026-09-17T22:19:01.354766Z] Registered new inbound task: probe-001
[2026-09-17T22:19:01.386231Z] Closed probe probe-001 (RECEIPT)
[2026-09-17T22:19:01.409114Z] Closed probe-001 via receipt
[2026-09-17T22:19:01.462779Z] === Cycle complete, pending=1 ===
[2026-09-17T22:19:31.499187Z] === Watch cycle start ===
[2026-09-17T22:19:31.539688Z] Registered new inbound task: probe-001
[2026-09-17T22:19:31.557791Z] Closed probe probe-001 (RECEIPT)
[2026-09-17T22:19:31.580584Z] Closed probe-001 via receipt
[2026-09-17T22:19:31.607914Z] === Cycle complete, pending=1 ===
[2026-09-17T22:20:01.649468Z] === Watch cycle start ===
[2026-09-17T22:20:01.713270Z] Registered new inbound task: probe-001
[2026-09-17T22:20:01.750097Z] Closed probe probe-001 (RECEIPT)
[2026-09-17T22:20:01.783416Z] Closed probe-001 via receipt
[2026-09-17T22:20:01.818836Z] === Cycle complete, pending=1 ===
[2026-09-17T22:20:31.837802Z] === Watch cycle start ===
[2026-09-17T22:20:31.891560Z] Registered new inbound task: probe-001
[2026-09-17T22:20:31.949528Z] Closed probe probe-001 (RECEIPT)
[2026-09-17T22:20:31.980417Z] Closed probe-001 via receipt
[2026-09-17T22:20:32.011189Z] === Cycle complete, pending=1 ===
[2026-09-17T22:21:02.049106Z] === Watch cycle start ===
[2026-09-17T22:21:02.095391Z] Registered new inbound task: probe-001
[2026-09-17T22:21:02.127522Z] Closed probe probe-001 (RECEIPT)
[2026-09-17T22:21:02.156173Z] Closed probe-001 via receipt
[2026-09-17T22:21:02.171701Z] === Cycle complete, pending=1 ===
[2026-09-17T22:21:32.227834Z] === Watch cycle start ===
[2026-09-17T22:21:32.292454Z] Registered new inbound task: probe-001
[2026-09-17T22:21:32.340577Z] Closed probe probe-001 (RECEIPT)
[2026-09-17T22:21:32.381617Z] Closed probe-001 via receipt
[2026-09-17T22:21:32.439894Z] === Cycle complete, pending=1 ===
[2026-09-17T22:22:02.485569Z] === Watch cycle start ===
[2026-09-17T22:22:02.509059Z] Registered new inbound task: probe-001
[2026-09-17T22:22:02.527763Z] Closed probe probe-001 (RECEIPT)
[2026-09-17T22:22:02.543207Z] Closed probe-001 via receipt
[2026-09-17T22:22:02.551731Z] === Cycle complete, pending=1 ===
[2026-09-17T22:22:32.578176Z] === Watch cycle start ===
[2026-09-17T22:22:32.657488Z] Registered new inbound task: probe-001
[2026-09-17T22:22:32.700284Z] Closed probe probe-001 (RECEIPT)
[2026-09-17T22:22:32.749041Z] Closed probe-001 via receipt
[2026-09-17T22:22:32.772909Z] === Cycle complete, pending=1 ===
[2026-09-17T22:23:02.798847Z] === Watch cycle start ===
[2026-09-17T22:23:02.839145Z] Registered new inbound task: probe-001
[2026-09-17T22:23:02.862653Z] Closed probe probe-001 (RECEIPT)
[2026-09-17T22:23:02.906374Z] Closed probe-001 via receipt
[2026-09-17T22:23:02.948100Z] === Cycle complete, pending=1 ===
[2026-09-17T22:23:32.966084Z] === Watch cycle start ===
[2026-09-17T22:23:32.998768Z] Registered new inbound task: probe-001
[2026-09-17T22:23:33.003900Z] Closed probe probe-001 (RECEIPT)
[2026-09-17T22:23:33.016011Z] Closed probe-001 via receipt
[2026-09-17T22:23:33.033001Z] === Cycle complete, pending=1 ===
[2026-09-17T22:24:03.062969Z] === Watch cycle start ===
[2026-09-17T22:24:03.234710Z] Registered new inbound task: probe-001
[2026-09-17T22:24:03.306237Z] Closed probe probe-001 (RECEIPT)
[2026-09-17T22:24:03.383778Z] Closed probe-001 via receipt
[2026-09-17T22:24:03.431779Z] === Cycle complete, pending=1 ===
[2026-09-17T22:24:33.502400Z] === Watch cycle start ===
[2026-09-17T22:24:33.560532Z] Registered new inbound task: probe-001
[2026-09-17T22:24:33.626109Z] Closed probe probe-001 (RECEIPT)
[2026-09-17T22:24:33.680230Z] Closed probe-001 via receipt
[2026-09-17T22:24:33.703824Z] === Cycle complete, pending=1 ===
[2026-09-17T22:25:03.772631Z] === Watch cycle start ===
[2026-09-17T22:25:03.817978Z] Registered new inbound task: probe-001
[2026-09-17T22:25:03.851881Z] Closed probe probe-001 (RECEIPT)
[2026-09-17T22:25:03.878374Z] Closed probe-001 via receipt
[2026-09-17T22:25:03.900656Z] === Cycle complete, pending=1 ===
[2026-09-17T22:25:33.969443Z] === Watch cycle start ===
[2026-09-17T22:25:33.992606Z] Registered new inbound task: probe-001
[2026-09-17T22:25:34.017863Z] Closed probe probe-001 (RECEIPT)
[2026-09-17T22:25:34.045382Z] Closed probe-001 via receipt
[2026-09-17T22:25:34.090988Z] === Cycle complete, pending=1 ===
[2026-09-17T22:26:04.147454Z] === Watch cycle start ===
[2026-09-17T22:26:04.325809Z] Registered new inbound task: probe-001
[2026-09-17T22:26:04.417781Z] Closed probe probe-001 (RECEIPT)
[2026-09-17T22:26:04.471558Z] Closed probe-001 via receipt
[2026-09-17T22:26:04.527526Z] === Cycle complete, pending=1 ===
[2026-09-17T22:26:34.570349Z] === Watch cycle start ===
[2026-09-17T22:26:34.595730Z] Registered new inbound task: probe-001
[2026-09-17T22:26:34.602858Z] Closed probe probe-001 (RECEIPT)
[2026-09-17T22:26:34.615473Z] Closed probe-001 via receipt
[2026-09-17T22:26:34.623447Z] === Cycle complete, pending=1 ===
[2026-09-17T22:27:04.632720Z] === Watch cycle start ===
[2026-09-17T22:27:04.656550Z] Registered new inbound task: probe-001
[2026-09-17T22:27:04.671831Z] Closed probe probe-001 (RECEIPT)
[2026-09-17T22:27:04.691694Z] Closed probe-001 via receipt
[2026-09-17T22:27:04.715360Z] === Cycle complete, pending=1 ===
[2026-09-17T22:27:34.730496Z] === Watch cycle start ===
[2026-09-17T22:27:34.741307Z] Registered new inbound task: probe-001
[2026-09-17T22:27:34.746010Z] Closed probe probe-001 (RECEIPT)
[2026-09-17T22:27:34.747036Z] Closed probe-001 via receipt
[2026-09-17T22:27:34.748921Z] === Cycle complete, pending=1 ===
[2026-09-17T22:28:04.753909Z] === Watch cycle start ===
[2026-09-17T22:28:04.767481Z] Registered new inbound task: probe-001
[2026-09-17T22:28:04.774316Z] Closed probe probe-001 (RECEIPT)
[2026-09-17T22:28:04.778924Z] Closed probe-001 via receipt
[2026-09-17T22:28:04.794489Z] === Cycle complete, pending=1 ===
[2026-09-17T22:28:34.805792Z] === Watch cycle start ===
[2026-09-17T22:28:34.820473Z] Registered new inbound task: probe-001
[2026-09-17T22:28:34.826942Z] Closed probe probe-001 (RECEIPT)
[2026-09-17T22:28:34.842204Z] Closed probe-001 via receipt
[2026-09-17T22:28:34.859168Z] === Cycle complete, pending=1 ===
[2026-09-17T22:29:04.869012Z] === Watch cycle start ===
[2026-09-17T22:29:04.914864Z] Registered new inbound task: probe-001
[2026-09-17T22:29:04.919474Z] Closed probe probe-001 (RECEIPT)
[2026-09-17T22:29:04.925183Z] Closed probe-001 via receipt
[2026-09-17T22:29:04.935786Z] === Cycle complete, pending=1 ===
[2026-09-17T22:29:34.976270Z] === Watch cycle start ===
[2026-09-17T22:29:35.020620Z] Registered new inbound task: probe-001
[2026-09-17T22:29:35.033483Z] Closed probe probe-001 (RECEIPT)
[2026-09-17T22:29:35.041553Z] Closed probe-001 via receipt
[2026-09-17T22:29:35.093377Z] === Cycle complete, pending=1 ===
[2026-09-17T22:30:05.161389Z] === Watch cycle start ===
[2026-09-17T22:30:05.184550Z] Registered new inbound task: probe-001
[2026-09-17T22:30:05.218431Z] Closed probe probe-001 (RECEIPT)
[2026-09-17T22:30:05.245734Z] Closed probe-001 via receipt
[2026-09-17T22:30:05.262468Z] === Cycle complete, pending=1 ===
[2026-09-17T22:30:35.291624Z] === Watch cycle start ===
[2026-09-17T22:30:35.410906Z] Registered new inbound task: probe-001
[2026-09-17T22:30:35.458533Z] Closed probe probe-001 (RECEIPT)
[2026-09-17T22:30:35.494234Z] Closed probe-001 via receipt
[2026-09-17T22:30:35.535558Z] === Cycle complete, pending=1 ===
[2026-09-17T22:31:05.560690Z] === Watch cycle start ===
[2026-09-17T22:31:05.570652Z] Registered new inbound task: probe-001
[2026-09-17T22:31:05.574198Z] Closed probe probe-001 (RECEIPT)
[2026-09-17T22:31:05.576469Z] Closed probe-001 via receipt
[2026-09-17T22:31:05.585463Z] === Cycle complete, pending=1 ===
[2026-09-17T22:31:35.593598Z] === Watch cycle start ===
[2026-09-17T22:31:35.615553Z] Registered new inbound task: probe-001
[2026-09-17T22:31:35.625717Z] Closed probe probe-001 (RECEIPT)
[2026-09-17T22:31:35.627354Z] Closed probe-001 via receipt
[2026-09-17T22:31:35.628911Z] === Cycle complete, pending=1 ===
[2026-09-17T22:32:05.631185Z] === Watch cycle start ===
[2026-09-17T22:32:05.638603Z] Registered new inbound task: probe-001
[2026-09-17T22:32:05.642679Z] Closed probe probe-001 (RECEIPT)
[2026-09-17T22:32:05.645795Z] Closed probe-001 via receipt
[2026-09-17T22:32:05.647410Z] === Cycle complete, pending=1 ===
[2026-09-17T22:32:35.652392Z] === Watch cycle start ===
[2026-09-17T22:32:35.677010Z] Registered new inbound task: probe-001
[2026-09-17T22:32:35.679244Z] Closed probe probe-001 (RECEIPT)
[2026-09-17T22:32:35.681592Z] Closed probe-001 via receipt
[2026-09-17T22:32:35.687710Z] === Cycle complete, pending=1 ===
[2026-09-17T22:33:05.697442Z] === Watch cycle start ===
[2026-09-17T22:33:05.708547Z] Registered new inbound task: probe-001
[2026-09-17T22:33:05.710412Z] Closed probe probe-001 (RECEIPT)
[2026-09-17T22:33:05.712097Z] Closed probe-001 via receipt
[2026-09-17T22:33:05.719211Z] === Cycle complete, pending=1 ===
[2026-09-17T22:33:35.724014Z] === Watch cycle start ===
[2026-09-17T22:33:35.748485Z] Registered new inbound task: probe-001
[2026-09-17T22:33:35.752804Z] Closed probe probe-001 (RECEIPT)
[2026-09-17T22:33:35.758259Z] Closed probe-001 via receipt
[2026-09-17T22:33:35.762311Z] === Cycle complete, pending=1 ===
[2026-09-17T22:34:05.765667Z] === Watch cycle start ===
[2026-09-17T22:34:05.775139Z] Registered new inbound task: probe-001
[2026-09-17T22:34:05.783230Z] Closed probe probe-001 (RECEIPT)
[2026-09-17T22:34:05.791365Z] Closed probe-001 via receipt
[2026-09-17T22:34:05.796056Z] === Cycle complete, pending=1 ===
[2026-09-17T22:34:35.806054Z] === Watch cycle start ===
[2026-09-17T22:34:35.814345Z] Registered new inbound task: probe-001
[2026-09-17T22:34:35.822508Z] Closed probe probe-001 (RECEIPT)
[2026-09-17T22:34:35.823357Z] Closed probe-001 via receipt
[2026-09-17T22:34:35.824701Z] === Cycle complete, pending=1 ===
[2026-09-17T22:35:05.826038Z] === Watch cycle start ===
[2026-09-17T22:35:05.829930Z] Registered new inbound task: probe-001
[2026-09-17T22:35:05.831133Z] Closed probe probe-001 (RECEIPT)
[2026-09-17T22:35:05.831606Z] Closed probe-001 via receipt
[2026-09-17T22:35:05.833343Z] === Cycle complete, pending=1 ===
[2026-09-17T22:35:35.837112Z] === Watch cycle start ===
[2026-09-17T22:35:35.977002Z] Registered new inbound task: probe-001
[2026-09-17T22:35:36.013462Z] Closed probe probe-001 (RECEIPT)
[2026-09-17T22:35:36.055006Z] Closed probe-001 via receipt
[2026-09-17T22:35:36.085098Z] === Cycle complete, pending=1 ===
[2026-09-17T22:36:06.103645Z] === Watch cycle start ===
[2026-09-17T22:36:06.113176Z] Registered new inbound task: probe-001
[2026-09-17T22:36:06.114757Z] Closed probe probe-001 (RECEIPT)
[2026-09-17T22:36:06.116183Z] Closed probe-001 via receipt
[2026-09-17T22:36:06.117457Z] === Cycle complete, pending=1 ===
[2026-09-17T22:36:36.129720Z] === Watch cycle start ===
[2026-09-17T22:36:36.157894Z] Registered new inbound task: probe-001
[2026-09-17T22:36:36.160520Z] Closed probe probe-001 (RECEIPT)
[2026-09-17T22:36:36.170525Z] Closed probe-001 via receipt
[2026-09-17T22:36:36.176751Z] === Cycle complete, pending=1 ===
[2026-09-17T22:37:06.194047Z] === Watch cycle start ===
[2026-09-17T22:37:06.212453Z] Registered new inbound task: probe-001
[2026-09-17T22:37:06.225547Z] Closed probe probe-001 (RECEIPT)
[2026-09-17T22:37:06.227602Z] Closed probe-001 via receipt
[2026-09-17T22:37:06.232914Z] === Cycle complete, pending=1 ===
[2026-09-17T22:37:36.237822Z] === Watch cycle start ===
[2026-09-17T22:37:36.247579Z] Registered new inbound task: probe-001
[2026-09-17T22:37:36.249140Z] Closed probe probe-001 (RECEIPT)
[2026-09-17T22:37:36.249721Z] Closed probe-001 via receipt
[2026-09-17T22:37:36.250817Z] === Cycle complete, pending=1 ===
[2026-09-17T22:38:06.263173Z] === Watch cycle start ===
[2026-09-17T22:38:06.320474Z] Registered new inbound task: probe-001
[2026-09-17T22:38:06.347579Z] Closed probe probe-001 (RECEIPT)
[2026-09-17T22:38:06.366282Z] Closed probe-001 via receipt
[2026-09-17T22:38:06.393073Z] === Cycle complete, pending=1 ===
[2026-09-17T22:38:36.438262Z] === Watch cycle start ===
[2026-09-17T22:38:36.517987Z] Registered new inbound task: probe-001
[2026-09-17T22:38:36.609497Z] Closed probe probe-001 (RECEIPT)
[2026-09-17T22:38:36.670869Z] Closed probe-001 via receipt
[2026-09-17T22:38:36.710510Z] === Cycle complete, pending=1 ===
[2026-09-17T22:39:06.806986Z] === Watch cycle start ===
[2026-09-17T22:39:06.878561Z] Registered new inbound task: probe-001
[2026-09-17T22:39:06.918107Z] Closed probe probe-001 (RECEIPT)
[2026-09-17T22:39:06.976635Z] Closed probe-001 via receipt
[2026-09-17T22:39:07.055130Z] === Cycle complete, pending=1 ===
[2026-09-17T22:39:37.093728Z] === Watch cycle start ===
[2026-09-17T22:39:37.099405Z] Registered new inbound task: probe-001
[2026-09-17T22:39:37.100930Z] Closed probe probe-001 (RECEIPT)
[2026-09-17T22:39:37.105000Z] Closed probe-001 via receipt
[2026-09-17T22:39:37.111742Z] === Cycle complete, pending=1 ===
[2026-09-17T22:40:07.130790Z] === Watch cycle start ===
[2026-09-17T22:40:07.171500Z] Registered new inbound task: probe-001
[2026-09-17T22:40:07.177083Z] Closed probe probe-001 (RECEIPT)
[2026-09-17T22:40:07.180773Z] Closed probe-001 via receipt
[2026-09-17T22:40:07.186984Z] === Cycle complete, pending=1 ===
[2026-09-17T22:40:37.193569Z] === Watch cycle start ===
[2026-09-17T22:40:37.204392Z] Registered new inbound task: probe-001
[2026-09-17T22:40:37.210708Z] Closed probe probe-001 (RECEIPT)
[2026-09-17T22:40:37.215722Z] Closed probe-001 via receipt
[2026-09-17T22:40:37.223431Z] === Cycle complete, pending=1 ===
[2026-09-17T22:41:07.242469Z] === Watch cycle start ===
[2026-09-17T22:41:07.287271Z] Registered new inbound task: probe-001
[2026-09-17T22:41:07.299486Z] Closed probe probe-001 (RECEIPT)
[2026-09-17T22:41:07.303667Z] Closed probe-001 via receipt
[2026-09-17T22:41:07.310342Z] === Cycle complete, pending=1 ===
[2026-09-17T22:41:37.331750Z] === Watch cycle start ===
[2026-09-17T22:41:37.381128Z] Registered new inbound task: probe-001
[2026-09-17T22:41:37.394336Z] Closed probe probe-001 (RECEIPT)
[2026-09-17T22:41:37.414266Z] Closed probe-001 via receipt
[2026-09-17T22:41:37.422765Z] === Cycle complete, pending=1 ===
[2026-09-17T22:42:07.456387Z] === Watch cycle start ===
[2026-09-17T22:42:07.487057Z] Registered new inbound task: probe-001
[2026-09-17T22:42:07.491333Z] Closed probe probe-001 (RECEIPT)
[2026-09-17T22:42:07.494447Z] Closed probe-001 via receipt
[2026-09-17T22:42:07.497110Z] === Cycle complete, pending=1 ===
[2026-09-17T22:42:37.516788Z] === Watch cycle start ===
[2026-09-17T22:42:37.602736Z] Registered new inbound task: probe-001
[2026-09-17T22:42:37.626903Z] Closed probe probe-001 (RECEIPT)
[2026-09-17T22:42:37.640948Z] Closed probe-001 via receipt
[2026-09-17T22:42:37.667594Z] === Cycle complete, pending=1 ===
[2026-09-17T22:43:07.693290Z] === Watch cycle start ===
[2026-09-17T22:43:07.739664Z] Registered new inbound task: probe-001
[2026-09-17T22:43:07.753667Z] Closed probe probe-001 (RECEIPT)
[2026-09-17T22:43:07.780971Z] Closed probe-001 via receipt
[2026-09-17T22:43:07.823189Z] === Cycle complete, pending=1 ===
[2026-09-17T22:43:37.878776Z] === Watch cycle start ===
[2026-09-17T22:43:37.933667Z] Registered new inbound task: probe-001
[2026-09-17T22:43:37.942837Z] Closed probe probe-001 (RECEIPT)
[2026-09-17T22:43:37.944755Z] Closed probe-001 via receipt
[2026-09-17T22:43:37.947993Z] === Cycle complete, pending=1 ===
[2026-09-17T22:44:07.958569Z] === Watch cycle start ===
[2026-09-17T22:44:07.972088Z] Registered new inbound task: probe-001
[2026-09-17T22:44:07.980383Z] Closed probe probe-001 (RECEIPT)
[2026-09-17T22:44:07.987546Z] Closed probe-001 via receipt
[2026-09-17T22:44:07.994538Z] === Cycle complete, pending=1 ===
[2026-09-17T22:44:37.997585Z] === Watch cycle start ===
[2026-09-17T22:44:38.008071Z] Registered new inbound task: probe-001
[2026-09-17T22:44:38.011439Z] Closed probe probe-001 (RECEIPT)
[2026-09-17T22:44:38.017886Z] Closed probe-001 via receipt
[2026-09-17T22:44:38.020145Z] === Cycle complete, pending=1 ===
[2026-09-17T22:45:08.024436Z] === Watch cycle start ===
[2026-09-17T22:45:08.032507Z] Registered new inbound task: probe-001
[2026-09-17T22:45:08.044382Z] Closed probe probe-001 (RECEIPT)
[2026-09-17T22:45:08.046518Z] Closed probe-001 via receipt
[2026-09-17T22:45:08.077308Z] === Cycle complete, pending=1 ===
[2026-09-17T22:45:38.079476Z] === Watch cycle start ===
[2026-09-17T22:45:38.085062Z] Registered new inbound task: probe-001
[2026-09-17T22:45:38.086602Z] Closed probe probe-001 (RECEIPT)
[2026-09-17T22:45:38.089435Z] Closed probe-001 via receipt
[2026-09-17T22:45:38.091349Z] === Cycle complete, pending=1 ===
[2026-09-17T22:46:08.093849Z] === Watch cycle start ===
[2026-09-17T22:46:08.102567Z] Registered new inbound task: probe-001
[2026-09-17T22:46:08.108629Z] Closed probe probe-001 (RECEIPT)
[2026-09-17T22:46:08.111255Z] Closed probe-001 via receipt
[2026-09-17T22:46:08.115589Z] === Cycle complete, pending=1 ===
[2026-09-17T22:46:38.117632Z] === Watch cycle start ===
[2026-09-17T22:46:38.125711Z] Registered new inbound task: probe-001
[2026-09-17T22:46:38.128368Z] Closed probe probe-001 (RECEIPT)
[2026-09-17T22:46:38.132859Z] Closed probe-001 via receipt
[2026-09-17T22:46:38.139275Z] === Cycle complete, pending=1 ===
[2026-09-17T22:47:08.146830Z] === Watch cycle start ===
[2026-09-17T22:47:08.151594Z] Registered new inbound task: probe-001
[2026-09-17T22:47:08.153729Z] Closed probe probe-001 (RECEIPT)
[2026-09-17T22:47:08.158528Z] Closed probe-001 via receipt
[2026-09-17T22:47:08.160534Z] === Cycle complete, pending=1 ===
[2026-09-17T22:47:38.171723Z] === Watch cycle start ===
[2026-09-17T22:47:38.183705Z] Registered new inbound task: probe-001
[2026-09-17T22:47:38.186698Z] Closed probe probe-001 (RECEIPT)
[2026-09-17T22:47:38.188388Z] Closed probe-001 via receipt
[2026-09-17T22:47:38.191201Z] === Cycle complete, pending=1 ===
[2026-09-17T22:48:08.194831Z] === Watch cycle start ===
[2026-09-17T22:48:08.204465Z] Registered new inbound task: probe-001
[2026-09-17T22:48:08.214706Z] Closed probe probe-001 (RECEIPT)
[2026-09-17T22:48:08.218510Z] Closed probe-001 via receipt
[2026-09-17T22:48:08.220331Z] === Cycle complete, pending=1 ===
[2026-09-17T22:48:38.226422Z] === Watch cycle start ===
[2026-09-17T22:48:38.239034Z] Registered new inbound task: probe-001
[2026-09-17T22:48:38.257450Z] Closed probe probe-001 (RECEIPT)
[2026-09-17T22:48:38.285639Z] Closed probe-001 via receipt
[2026-09-17T22:48:38.301146Z] === Cycle complete, pending=1 ===
[2026-09-17T22:49:08.312077Z] === Watch cycle start ===
[2026-09-17T22:49:08.317894Z] Registered new inbound task: probe-001
[2026-09-17T22:49:08.320849Z] Closed probe probe-001 (RECEIPT)
[2026-09-17T22:49:08.322433Z] Closed probe-001 via receipt
[2026-09-17T22:49:08.323735Z] === Cycle complete, pending=1 ===
[2026-09-17T22:49:38.326690Z] === Watch cycle start ===
[2026-09-17T22:49:38.332583Z] Registered new inbound task: probe-001
[2026-09-17T22:49:38.334024Z] Closed probe probe-001 (RECEIPT)
[2026-09-17T22:49:38.336237Z] Closed probe-001 via receipt
[2026-09-17T22:49:38.339340Z] === Cycle complete, pending=1 ===
[2026-09-17T22:50:08.346345Z] === Watch cycle start ===
[2026-09-17T22:50:08.358333Z] Registered new inbound task: probe-001
[2026-09-17T22:50:08.372171Z] Closed probe probe-001 (RECEIPT)
[2026-09-17T22:50:08.375852Z] Closed probe-001 via receipt
[2026-09-17T22:50:08.378775Z] === Cycle complete, pending=1 ===
[2026-09-17T22:50:38.394711Z] === Watch cycle start ===
[2026-09-17T22:50:38.408518Z] Registered new inbound task: probe-001
[2026-09-17T22:50:38.411671Z] Closed probe probe-001 (RECEIPT)
[2026-09-17T22:50:38.419796Z] Closed probe-001 via receipt
[2026-09-17T22:50:38.426029Z] === Cycle complete, pending=1 ===
[2026-09-17T22:51:08.427554Z] === Watch cycle start ===
[2026-09-17T22:51:08.432108Z] Registered new inbound task: probe-001
[2026-09-17T22:51:08.433479Z] Closed probe probe-001 (RECEIPT)
[2026-09-17T22:51:08.434071Z] Closed probe-001 via receipt
[2026-09-17T22:51:08.435225Z] === Cycle complete, pending=1 ===
[2026-09-17T22:51:38.439669Z] === Watch cycle start ===
[2026-09-17T22:51:38.464906Z] Registered new inbound task: probe-001
[2026-09-17T22:51:38.474952Z] Closed probe probe-001 (RECEIPT)
[2026-09-17T22:51:38.496946Z] Closed probe-001 via receipt
[2026-09-17T22:51:38.514447Z] === Cycle complete, pending=1 ===
[2026-09-17T22:52:08.526466Z] === Watch cycle start ===
[2026-09-17T22:52:08.548914Z] Registered new inbound task: probe-001
[2026-09-17T22:52:08.592728Z] Closed probe probe-001 (RECEIPT)
[2026-09-17T22:52:08.625391Z] Closed probe-001 via receipt
[2026-09-17T22:52:08.634150Z] === Cycle complete, pending=1 ===
[2026-09-17T22:52:38.654003Z] === Watch cycle start ===
[2026-09-17T22:52:38.668548Z] Registered new inbound task: probe-001
[2026-09-17T22:52:38.682989Z] Closed probe probe-001 (RECEIPT)
[2026-09-17T22:52:38.695203Z] Closed probe-001 via receipt
[2026-09-17T22:52:38.706562Z] === Cycle complete, pending=1 ===
[2026-09-17T22:53:08.710817Z] === Watch cycle start ===
[2026-09-17T22:53:08.716658Z] Registered new inbound task: probe-001
[2026-09-17T22:53:08.718316Z] Closed probe probe-001 (RECEIPT)
[2026-09-17T22:53:08.719026Z] Closed probe-001 via receipt
[2026-09-17T22:53:08.720327Z] === Cycle complete, pending=1 ===
[2026-09-17T22:53:38.721261Z] === Watch cycle start ===
[2026-09-17T22:53:38.736678Z] Registered new inbound task: probe-001
[2026-09-17T22:53:38.738357Z] Closed probe probe-001 (RECEIPT)
[2026-09-17T22:53:38.739355Z] Closed probe-001 via receipt
[2026-09-17T22:53:38.741123Z] === Cycle complete, pending=1 ===
[2026-09-17T22:54:08.741815Z] === Watch cycle start ===
[2026-09-17T22:54:08.745714Z] Registered new inbound task: probe-001
[2026-09-17T22:54:08.746688Z] Closed probe probe-001 (RECEIPT)
[2026-09-17T22:54:08.747123Z] Closed probe-001 via receipt
[2026-09-17T22:54:08.748009Z] === Cycle complete, pending=1 ===
[2026-09-17T22:54:38.762064Z] === Watch cycle start ===
[2026-09-17T22:54:38.782387Z] Registered new inbound task: probe-001
[2026-09-17T22:54:38.783414Z] Closed probe probe-001 (RECEIPT)
[2026-09-17T22:54:38.783881Z] Closed probe-001 via receipt
[2026-09-17T22:54:38.784761Z] === Cycle complete, pending=1 ===
[2026-09-17T22:55:08.787971Z] === Watch cycle start ===
[2026-09-17T22:55:08.799759Z] Registered new inbound task: probe-001
[2026-09-17T22:55:08.803539Z] Closed probe probe-001 (RECEIPT)
[2026-09-17T22:55:08.810513Z] Closed probe-001 via receipt
[2026-09-17T22:55:08.812002Z] === Cycle complete, pending=1 ===
[2026-09-17T22:55:38.821426Z] === Watch cycle start ===
[2026-09-17T22:55:38.872981Z] Registered new inbound task: probe-001
[2026-09-17T22:55:38.888059Z] Closed probe probe-001 (RECEIPT)
[2026-09-17T22:55:38.895036Z] Closed probe-001 via receipt
[2026-09-17T22:55:38.932032Z] === Cycle complete, pending=1 ===
[2026-09-17T22:56:08.959587Z] === Watch cycle start ===
[2026-09-17T22:56:08.964184Z] Registered new inbound task: probe-001
[2026-09-17T22:56:08.965389Z] Closed probe probe-001 (RECEIPT)
[2026-09-17T22:56:08.965890Z] Closed probe-001 via receipt
[2026-09-17T22:56:08.966964Z] === Cycle complete, pending=1 ===
[2026-09-17T22:56:38.969456Z] === Watch cycle start ===
[2026-09-17T22:56:39.010970Z] Registered new inbound task: probe-001
[2026-09-17T22:56:39.024282Z] Closed probe probe-001 (RECEIPT)
[2026-09-17T22:56:39.042042Z] Closed probe-001 via receipt
[2026-09-17T22:56:39.051963Z] === Cycle complete, pending=1 ===
[2026-09-17T22:57:09.061932Z] === Watch cycle start ===
[2026-09-17T22:57:09.090729Z] Registered new inbound task: probe-001
[2026-09-17T22:57:09.101092Z] Closed probe probe-001 (RECEIPT)
[2026-09-17T22:57:09.129171Z] Closed probe-001 via receipt
[2026-09-17T22:57:09.153271Z] === Cycle complete, pending=1 ===
[2026-09-17T22:57:39.175382Z] === Watch cycle start ===
[2026-09-17T22:57:39.265670Z] Registered new inbound task: probe-001
[2026-09-17T22:57:39.315849Z] Closed probe probe-001 (RECEIPT)
[2026-09-17T22:57:39.382525Z] Closed probe-001 via receipt
[2026-09-17T22:57:39.449599Z] === Cycle complete, pending=1 ===
[2026-09-17T22:58:09.521191Z] === Watch cycle start ===
[2026-09-17T22:58:09.625310Z] Registered new inbound task: probe-001
[2026-09-17T22:58:09.648996Z] Closed probe probe-001 (RECEIPT)
[2026-09-17T22:58:09.680718Z] Closed probe-001 via receipt
[2026-09-17T22:58:09.730855Z] === Cycle complete, pending=1 ===
[2026-09-17T22:58:39.772568Z] === Watch cycle start ===
[2026-09-17T22:58:39.806388Z] Registered new inbound task: probe-001
[2026-09-17T22:58:39.815809Z] Closed probe probe-001 (RECEIPT)
[2026-09-17T22:58:39.818092Z] Closed probe-001 via receipt
[2026-09-17T22:58:39.822578Z] === Cycle complete, pending=1 ===
[2026-09-17T22:59:09.855127Z] === Watch cycle start ===
[2026-09-17T22:59:09.951737Z] Registered new inbound task: probe-001
[2026-09-17T22:59:10.023032Z] Closed probe probe-001 (RECEIPT)
[2026-09-17T22:59:10.076274Z] Closed probe-001 via receipt
[2026-09-17T22:59:10.143802Z] === Cycle complete, pending=1 ===
[2026-09-17T22:59:40.198812Z] === Watch cycle start ===
[2026-09-17T22:59:40.261593Z] Registered new inbound task: probe-001
[2026-09-17T22:59:40.303577Z] Closed probe probe-001 (RECEIPT)
[2026-09-17T22:59:40.332484Z] Closed probe-001 via receipt
[2026-09-17T22:59:40.361404Z] === Cycle complete, pending=1 ===
[2026-09-17T23:00:10.394081Z] === Watch cycle start ===
[2026-09-17T23:00:10.415882Z] Registered new inbound task: probe-001
[2026-09-17T23:00:10.444597Z] Closed probe probe-001 (RECEIPT)
[2026-09-17T23:00:10.470278Z] Closed probe-001 via receipt
[2026-09-17T23:00:10.485645Z] === Cycle complete, pending=1 ===
[2026-09-17T23:00:40.507338Z] === Watch cycle start ===
[2026-09-17T23:00:40.531903Z] Registered new inbound task: probe-001
[2026-09-17T23:00:40.546757Z] Closed probe probe-001 (RECEIPT)
[2026-09-17T23:00:40.565210Z] Closed probe-001 via receipt
[2026-09-17T23:00:40.581384Z] === Cycle complete, pending=1 ===
[2026-09-17T23:01:10.592226Z] === Watch cycle start ===
[2026-09-17T23:01:10.614013Z] Registered new inbound task: probe-001
[2026-09-17T23:01:10.627566Z] Closed probe probe-001 (RECEIPT)
[2026-09-17T23:01:10.639777Z] Closed probe-001 via receipt
[2026-09-17T23:01:10.642946Z] === Cycle complete, pending=1 ===
[2026-09-17T23:01:40.651705Z] === Watch cycle start ===
[2026-09-17T23:01:40.694723Z] Registered new inbound task: probe-001
[2026-09-17T23:01:40.709971Z] Closed probe probe-001 (RECEIPT)
[2026-09-17T23:01:40.722904Z] Closed probe-001 via receipt
[2026-09-17T23:01:40.755086Z] === Cycle complete, pending=1 ===
[2026-09-17T23:02:10.798345Z] === Watch cycle start ===
[2026-09-17T23:02:10.813535Z] Registered new inbound task: probe-001
[2026-09-17T23:02:10.820064Z] Closed probe probe-001 (RECEIPT)
[2026-09-17T23:02:10.830647Z] Closed probe-001 via receipt
[2026-09-17T23:02:10.847610Z] === Cycle complete, pending=1 ===
[2026-09-17T23:02:40.872657Z] === Watch cycle start ===
[2026-09-17T23:02:40.917185Z] Registered new inbound task: probe-001
[2026-09-17T23:02:40.927445Z] Closed probe probe-001 (RECEIPT)
[2026-09-17T23:02:40.942380Z] Closed probe-001 via receipt
[2026-09-17T23:02:40.951147Z] === Cycle complete, pending=1 ===
[2026-09-17T23:03:10.962490Z] === Watch cycle start ===
[2026-09-17T23:03:10.988054Z] Registered new inbound task: probe-001
[2026-09-17T23:03:10.998888Z] Closed probe probe-001 (RECEIPT)
[2026-09-17T23:03:11.008136Z] Closed probe-001 via receipt
[2026-09-17T23:03:11.009447Z] === Cycle complete, pending=1 ===
[2026-09-17T23:03:41.022831Z] === Watch cycle start ===
[2026-09-17T23:03:41.072363Z] Registered new inbound task: probe-001
[2026-09-17T23:03:41.112124Z] Closed probe probe-001 (RECEIPT)
[2026-09-17T23:03:41.121510Z] Closed probe-001 via receipt
[2026-09-17T23:03:41.139691Z] === Cycle complete, pending=1 ===
[2026-09-17T23:04:11.184404Z] === Watch cycle start ===
[2026-09-17T23:04:11.218716Z] Registered new inbound task: probe-001
[2026-09-17T23:04:11.237576Z] Closed probe probe-001 (RECEIPT)
[2026-09-17T23:04:11.243785Z] Closed probe-001 via receipt
[2026-09-17T23:04:11.246706Z] === Cycle complete, pending=1 ===
[2026-09-17T23:04:41.249791Z] === Watch cycle start ===
[2026-09-17T23:04:41.277051Z] Registered new inbound task: probe-001
[2026-09-17T23:04:41.284591Z] Closed probe probe-001 (RECEIPT)
[2026-09-17T23:04:41.286343Z] Closed probe-001 via receipt
[2026-09-17T23:04:41.293694Z] === Cycle complete, pending=1 ===
[2026-09-17T23:05:11.304433Z] === Watch cycle start ===
[2026-09-17T23:05:11.340183Z] Registered new inbound task: probe-001
[2026-09-17T23:05:11.360761Z] Closed probe probe-001 (RECEIPT)
[2026-09-17T23:05:11.376072Z] Closed probe-001 via receipt
[2026-09-17T23:05:11.400251Z] === Cycle complete, pending=1 ===
[2026-09-17T23:05:41.432968Z] === Watch cycle start ===
[2026-09-17T23:05:41.460914Z] Registered new inbound task: probe-001
[2026-09-17T23:05:41.471811Z] Closed probe probe-001 (RECEIPT)
[2026-09-17T23:05:41.487898Z] Closed probe-001 via receipt
[2026-09-17T23:05:41.497693Z] === Cycle complete, pending=1 ===
[2026-09-17T23:06:11.502667Z] === Watch cycle start ===
[2026-09-17T23:06:11.509702Z] Registered new inbound task: probe-001
[2026-09-17T23:06:11.511587Z] Closed probe probe-001 (RECEIPT)
[2026-09-17T23:06:11.513817Z] Closed probe-001 via receipt
[2026-09-17T23:06:11.516597Z] === Cycle complete, pending=1 ===
[2026-09-17T23:06:41.520648Z] === Watch cycle start ===
[2026-09-17T23:06:41.527147Z] Registered new inbound task: probe-001
[2026-09-17T23:06:41.528805Z] Closed probe probe-001 (RECEIPT)
[2026-09-17T23:06:41.531263Z] Closed probe-001 via receipt
[2026-09-17T23:06:41.541405Z] === Cycle complete, pending=1 ===
[2026-09-17T23:07:11.556344Z] === Watch cycle start ===
[2026-09-17T23:07:11.572162Z] Registered new inbound task: probe-001
[2026-09-17T23:07:11.605740Z] Closed probe probe-001 (RECEIPT)
[2026-09-17T23:07:11.625226Z] Closed probe-001 via receipt
[2026-09-17T23:07:11.633277Z] === Cycle complete, pending=1 ===
[2026-09-17T23:07:41.641141Z] === Watch cycle start ===
[2026-09-17T23:07:41.649810Z] Registered new inbound task: probe-001
[2026-09-17T23:07:41.651893Z] Closed probe probe-001 (RECEIPT)
[2026-09-17T23:07:41.654945Z] Closed probe-001 via receipt
[2026-09-17T23:07:41.662259Z] === Cycle complete, pending=1 ===
[2026-09-17T23:08:11.675164Z] === Watch cycle start ===
[2026-09-17T23:08:11.692115Z] Registered new inbound task: probe-001
[2026-09-17T23:08:11.695662Z] Closed probe probe-001 (RECEIPT)
[2026-09-17T23:08:11.701205Z] Closed probe-001 via receipt
[2026-09-17T23:08:11.706066Z] === Cycle complete, pending=1 ===
[2026-09-17T23:08:41.767547Z] === Watch cycle start ===
[2026-09-17T23:08:41.893265Z] Registered new inbound task: probe-001
[2026-09-17T23:08:41.996326Z] Closed probe probe-001 (RECEIPT)
[2026-09-17T23:08:42.038261Z] Closed probe-001 via receipt
[2026-09-17T23:08:42.079216Z] === Cycle complete, pending=1 ===
[2026-09-17T23:09:12.110459Z] === Watch cycle start ===
[2026-09-17T23:09:12.135367Z] Registered new inbound task: probe-001
[2026-09-17T23:09:12.138117Z] Closed probe probe-001 (RECEIPT)
[2026-09-17T23:09:12.140739Z] Closed probe-001 via receipt
[2026-09-17T23:09:12.146600Z] === Cycle complete, pending=1 ===
[2026-09-17T23:09:42.163075Z] === Watch cycle start ===
[2026-09-17T23:09:42.213864Z] Registered new inbound task: probe-001
[2026-09-17T23:09:42.225933Z] Closed probe probe-001 (RECEIPT)
[2026-09-17T23:09:42.231438Z] Closed probe-001 via receipt
[2026-09-17T23:09:42.233922Z] === Cycle complete, pending=1 ===
[2026-09-17T23:10:12.238256Z] === Watch cycle start ===
[2026-09-17T23:10:12.253042Z] Registered new inbound task: probe-001
[2026-09-17T23:10:12.258970Z] Closed probe probe-001 (RECEIPT)
[2026-09-17T23:10:12.261947Z] Closed probe-001 via receipt
[2026-09-17T23:10:12.266184Z] === Cycle complete, pending=1 ===
[2026-09-17T23:10:42.285122Z] === Watch cycle start ===
[2026-09-17T23:10:42.361342Z] Registered new inbound task: probe-001
[2026-09-17T23:10:42.399642Z] Closed probe probe-001 (RECEIPT)
[2026-09-17T23:10:42.442743Z] Closed probe-001 via receipt
[2026-09-17T23:10:42.453532Z] === Cycle complete, pending=1 ===
[2026-09-17T23:11:12.464043Z] === Watch cycle start ===
[2026-09-17T23:11:12.503858Z] Registered new inbound task: probe-001
[2026-09-17T23:11:12.512550Z] Closed probe probe-001 (RECEIPT)
[2026-09-17T23:11:12.524356Z] Closed probe-001 via receipt
[2026-09-17T23:11:12.535846Z] === Cycle complete, pending=1 ===
[2026-09-17T23:11:42.565586Z] === Watch cycle start ===
[2026-09-17T23:11:42.664993Z] Registered new inbound task: probe-001
[2026-09-17T23:11:42.680141Z] Closed probe probe-001 (RECEIPT)
[2026-09-17T23:11:42.719847Z] Closed probe-001 via receipt
[2026-09-17T23:11:42.740827Z] === Cycle complete, pending=1 ===
[2026-09-17T23:12:12.793643Z] === Watch cycle start ===
[2026-09-17T23:12:12.842754Z] Registered new inbound task: probe-001
[2026-09-17T23:12:12.852568Z] Closed probe probe-001 (RECEIPT)
[2026-09-17T23:12:12.872343Z] Closed probe-001 via receipt
[2026-09-17T23:12:12.885599Z] === Cycle complete, pending=1 ===
[2026-09-17T23:12:42.961460Z] === Watch cycle start ===
[2026-09-17T23:12:43.059546Z] Registered new inbound task: probe-001
[2026-09-17T23:12:43.107688Z] Closed probe probe-001 (RECEIPT)
[2026-09-17T23:12:43.151540Z] Closed probe-001 via receipt
[2026-09-17T23:12:43.232598Z] === Cycle complete, pending=1 ===
[2026-09-17T23:13:13.293234Z] === Watch cycle start ===
[2026-09-17T23:13:13.354835Z] Registered new inbound task: probe-001
[2026-09-17T23:13:13.363592Z] Closed probe probe-001 (RECEIPT)
[2026-09-17T23:13:13.384348Z] Closed probe-001 via receipt
[2026-09-17T23:13:13.386399Z] === Cycle complete, pending=1 ===
[2026-09-17T23:13:43.408569Z] === Watch cycle start ===
[2026-09-17T23:13:43.522077Z] Registered new inbound task: probe-001
[2026-09-17T23:13:43.527872Z] Closed probe probe-001 (RECEIPT)
[2026-09-17T23:13:43.529173Z] Closed probe-001 via receipt
[2026-09-17T23:13:43.531528Z] === Cycle complete, pending=1 ===
[2026-09-17T23:14:13.536253Z] === Watch cycle start ===
[2026-09-17T23:14:13.551598Z] Registered new inbound task: probe-001
[2026-09-17T23:14:13.554017Z] Closed probe probe-001 (RECEIPT)
[2026-09-17T23:14:13.556604Z] Closed probe-001 via receipt
[2026-09-17T23:14:13.563145Z] === Cycle complete, pending=1 ===
[2026-09-17T23:14:43.568558Z] === Watch cycle start ===
[2026-09-17T23:14:43.575763Z] Registered new inbound task: probe-001
[2026-09-17T23:14:43.577552Z] Closed probe probe-001 (RECEIPT)
[2026-09-17T23:14:43.579100Z] Closed probe-001 via receipt
[2026-09-17T23:14:43.581325Z] === Cycle complete, pending=1 ===
[2026-09-17T23:15:13.630518Z] === Watch cycle start ===
[2026-09-17T23:15:13.784451Z] Registered new inbound task: probe-001
[2026-09-17T23:15:13.901472Z] Closed probe probe-001 (RECEIPT)
[2026-09-17T23:15:14.007834Z] Closed probe-001 via receipt
[2026-09-17T23:15:14.086649Z] === Cycle complete, pending=1 ===
[2026-09-17T23:15:44.161026Z] === Watch cycle start ===
[2026-09-17T23:15:44.216142Z] Registered new inbound task: probe-001
[2026-09-17T23:15:44.226864Z] Closed probe probe-001 (RECEIPT)
[2026-09-17T23:15:44.229902Z] Closed probe-001 via receipt
[2026-09-17T23:15:44.239457Z] === Cycle complete, pending=1 ===
[2026-09-17T23:16:14.256019Z] === Watch cycle start ===
[2026-09-17T23:16:14.270026Z] Registered new inbound task: probe-001
[2026-09-17T23:16:14.298643Z] Closed probe probe-001 (RECEIPT)
[2026-09-17T23:16:14.308251Z] Closed probe-001 via receipt
[2026-09-17T23:16:14.318963Z] === Cycle complete, pending=1 ===
[2026-09-17T23:16:44.327614Z] === Watch cycle start ===
[2026-09-17T23:16:44.421273Z] Registered new inbound task: probe-001
[2026-09-17T23:16:44.466834Z] Closed probe probe-001 (RECEIPT)
[2026-09-17T23:16:44.507317Z] Closed probe-001 via receipt
[2026-09-17T23:16:44.551166Z] === Cycle complete, pending=1 ===
[2026-09-17T23:17:14.613865Z] === Watch cycle start ===
[2026-09-17T23:17:14.654270Z] Registered new inbound task: probe-001
[2026-09-17T23:17:14.673877Z] Closed probe probe-001 (RECEIPT)
[2026-09-17T23:17:14.677585Z] Closed probe-001 via receipt
[2026-09-17T23:17:14.696297Z] === Cycle complete, pending=1 ===
[2026-09-17T23:17:44.756542Z] === Watch cycle start ===
[2026-09-17T23:17:44.779125Z] Registered new inbound task: probe-001
[2026-09-17T23:17:44.791398Z] Closed probe probe-001 (RECEIPT)
[2026-09-17T23:17:44.819821Z] Closed probe-001 via receipt
[2026-09-17T23:17:44.851214Z] === Cycle complete, pending=1 ===
[2026-09-17T23:18:14.864375Z] === Watch cycle start ===
[2026-09-17T23:18:15.098271Z] Registered new inbound task: probe-001
[2026-09-17T23:18:15.102097Z] Closed probe probe-001 (RECEIPT)
[2026-09-17T23:18:15.103928Z] Closed probe-001 via receipt
[2026-09-17T23:18:15.111183Z] === Cycle complete, pending=1 ===
[2026-09-17T23:18:45.123040Z] === Watch cycle start ===
[2026-09-17T23:18:45.160815Z] Registered new inbound task: probe-001
[2026-09-17T23:18:45.180801Z] Closed probe probe-001 (RECEIPT)
[2026-09-17T23:18:45.189562Z] Closed probe-001 via receipt
[2026-09-17T23:18:45.210267Z] === Cycle complete, pending=1 ===
[2026-09-17T23:19:15.224971Z] === Watch cycle start ===
[2026-09-17T23:19:15.253963Z] Registered new inbound task: probe-001
[2026-09-17T23:19:15.255746Z] Closed probe probe-001 (RECEIPT)
[2026-09-17T23:19:15.256513Z] Closed probe-001 via receipt
[2026-09-17T23:19:15.257715Z] === Cycle complete, pending=1 ===
[2026-09-17T23:19:45.264824Z] === Watch cycle start ===
[2026-09-17T23:19:45.279470Z] Registered new inbound task: probe-001
[2026-09-17T23:19:45.282820Z] Closed probe probe-001 (RECEIPT)
[2026-09-17T23:19:45.284860Z] Closed probe-001 via receipt
[2026-09-17T23:19:45.287517Z] === Cycle complete, pending=1 ===
[2026-09-17T23:20:15.305138Z] === Watch cycle start ===
[2026-09-17T23:20:15.316553Z] Registered new inbound task: probe-001
[2026-09-17T23:20:15.323663Z] Closed probe probe-001 (RECEIPT)
[2026-09-17T23:20:15.327754Z] Closed probe-001 via receipt
[2026-09-17T23:20:15.334154Z] === Cycle complete, pending=1 ===
[2026-09-17T23:20:45.360535Z] === Watch cycle start ===
[2026-09-17T23:20:45.433315Z] Registered new inbound task: probe-001
[2026-09-17T23:20:45.496386Z] Closed probe probe-001 (RECEIPT)
[2026-09-17T23:20:45.514345Z] Closed probe-001 via receipt
[2026-09-17T23:20:45.557800Z] === Cycle complete, pending=1 ===
[2026-09-17T23:21:15.624040Z] === Watch cycle start ===
[2026-09-17T23:21:15.642125Z] Registered new inbound task: probe-001
[2026-09-17T23:21:15.643806Z] Closed probe probe-001 (RECEIPT)
[2026-09-17T23:21:15.644776Z] Closed probe-001 via receipt
[2026-09-17T23:21:15.646321Z] === Cycle complete, pending=1 ===
[2026-09-17T23:21:45.657265Z] === Watch cycle start ===
[2026-09-17T23:21:45.678649Z] Registered new inbound task: probe-001
[2026-09-17T23:21:45.680677Z] Closed probe probe-001 (RECEIPT)
[2026-09-17T23:21:45.685728Z] Closed probe-001 via receipt
[2026-09-17T23:21:45.687354Z] === Cycle complete, pending=1 ===
[2026-09-17T23:22:15.720440Z] === Watch cycle start ===
[2026-09-17T23:22:15.825802Z] Registered new inbound task: probe-001
[2026-09-17T23:22:15.879965Z] Closed probe probe-001 (RECEIPT)
[2026-09-17T23:22:15.969960Z] Closed probe-001 via receipt
[2026-09-17T23:22:16.115149Z] === Cycle complete, pending=1 ===
[2026-09-17T23:22:46.267632Z] === Watch cycle start ===
[2026-09-17T23:22:46.334573Z] Registered new inbound task: probe-001
[2026-09-17T23:22:46.378873Z] Closed probe probe-001 (RECEIPT)
[2026-09-17T23:22:46.444505Z] Closed probe-001 via receipt
[2026-09-17T23:22:46.487660Z] === Cycle complete, pending=1 ===
[2026-09-17T23:23:16.679112Z] === Watch cycle start ===
[2026-09-17T23:23:16.755785Z] Registered new inbound task: probe-001
[2026-09-17T23:23:16.833331Z] Closed probe probe-001 (RECEIPT)
[2026-09-17T23:23:16.901251Z] Closed probe-001 via receipt
[2026-09-17T23:23:16.988939Z] === Cycle complete, pending=1 ===
[2026-09-17T23:23:47.031998Z] === Watch cycle start ===
[2026-09-17T23:23:47.066334Z] Registered new inbound task: probe-001
[2026-09-17T23:23:47.104477Z] Closed probe probe-001 (RECEIPT)
[2026-09-17T23:23:47.129816Z] Closed probe-001 via receipt
[2026-09-17T23:23:47.189796Z] === Cycle complete, pending=1 ===
[2026-09-17T23:24:17.215874Z] === Watch cycle start ===
[2026-09-17T23:24:17.288895Z] Registered new inbound task: probe-001
[2026-09-17T23:24:17.310496Z] Closed probe probe-001 (RECEIPT)
[2026-09-17T23:24:17.333970Z] Closed probe-001 via receipt
[2026-09-17T23:24:17.356684Z] === Cycle complete, pending=1 ===
[2026-09-17T23:24:47.376486Z] === Watch cycle start ===
[2026-09-17T23:24:47.401102Z] Registered new inbound task: probe-001
[2026-09-17T23:24:47.409570Z] Closed probe probe-001 (RECEIPT)
[2026-09-17T23:24:47.422442Z] Closed probe-001 via receipt
[2026-09-17T23:24:47.430093Z] === Cycle complete, pending=1 ===
[2026-09-17T23:25:17.461489Z] === Watch cycle start ===
[2026-09-17T23:25:17.554526Z] Registered new inbound task: probe-001
[2026-09-17T23:25:17.575945Z] Closed probe probe-001 (RECEIPT)
[2026-09-17T23:25:17.652004Z] Closed probe-001 via receipt
[2026-09-17T23:25:17.670142Z] === Cycle complete, pending=1 ===
[2026-09-17T23:25:47.733831Z] === Watch cycle start ===
[2026-09-17T23:25:47.941799Z] Registered new inbound task: probe-001
[2026-09-17T23:25:47.992456Z] Closed probe probe-001 (RECEIPT)
[2026-09-17T23:25:48.043946Z] Closed probe-001 via receipt
[2026-09-17T23:25:48.096143Z] === Cycle complete, pending=1 ===
[2026-09-17T23:26:18.171084Z] === Watch cycle start ===
[2026-09-17T23:26:18.291707Z] Registered new inbound task: probe-001
[2026-09-17T23:26:18.344112Z] Closed probe probe-001 (RECEIPT)
[2026-09-17T23:26:18.371034Z] Closed probe-001 via receipt
[2026-09-17T23:26:18.422865Z] === Cycle complete, pending=1 ===
[2026-09-17T23:26:48.442147Z] === Watch cycle start ===
[2026-09-17T23:26:48.460334Z] Registered new inbound task: probe-001
[2026-09-17T23:26:48.466524Z] Closed probe probe-001 (RECEIPT)
[2026-09-17T23:26:48.476702Z] Closed probe-001 via receipt
[2026-09-17T23:26:48.492255Z] === Cycle complete, pending=1 ===
[2026-09-17T23:27:18.523361Z] === Watch cycle start ===
[2026-09-17T23:27:18.551547Z] Registered new inbound task: probe-001
[2026-09-17T23:27:18.609320Z] Closed probe probe-001 (RECEIPT)
[2026-09-17T23:27:18.645843Z] Closed probe-001 via receipt
[2026-09-17T23:27:18.655384Z] === Cycle complete, pending=1 ===
[2026-09-17T23:27:48.669477Z] === Watch cycle start ===
[2026-09-17T23:27:48.727432Z] Registered new inbound task: probe-001
[2026-09-17T23:27:48.746694Z] Closed probe probe-001 (RECEIPT)
[2026-09-17T23:27:48.777466Z] Closed probe-001 via receipt
[2026-09-17T23:27:48.814324Z] === Cycle complete, pending=1 ===
[2026-09-17T23:28:18.892891Z] === Watch cycle start ===
[2026-09-17T23:28:18.914206Z] Registered new inbound task: probe-001
[2026-09-17T23:28:18.922049Z] Closed probe probe-001 (RECEIPT)
[2026-09-17T23:28:18.947713Z] Closed probe-001 via receipt
[2026-09-17T23:28:18.957722Z] === Cycle complete, pending=1 ===
[2026-09-17T23:28:48.963660Z] === Watch cycle start ===
[2026-09-17T23:28:49.002472Z] Registered new inbound task: probe-001
[2026-09-17T23:28:49.032486Z] Closed probe probe-001 (RECEIPT)
[2026-09-17T23:28:49.060654Z] Closed probe-001 via receipt
[2026-09-17T23:28:49.082455Z] === Cycle complete, pending=1 ===
[2026-09-17T23:29:19.098700Z] === Watch cycle start ===
[2026-09-17T23:29:19.104309Z] Registered new inbound task: probe-001
[2026-09-17T23:29:19.107080Z] Closed probe probe-001 (RECEIPT)
[2026-09-17T23:29:19.111586Z] Closed probe-001 via receipt
[2026-09-17T23:29:19.113870Z] === Cycle complete, pending=1 ===
[2026-09-17T23:29:49.129765Z] === Watch cycle start ===
[2026-09-17T23:29:49.172665Z] Registered new inbound task: probe-001
[2026-09-17T23:29:49.189331Z] Closed probe probe-001 (RECEIPT)
[2026-09-17T23:29:49.200215Z] Closed probe-001 via receipt
[2026-09-17T23:29:49.221965Z] === Cycle complete, pending=1 ===
[2026-09-17T23:30:19.241381Z] === Watch cycle start ===
[2026-09-17T23:30:19.282303Z] Registered new inbound task: probe-001
[2026-09-17T23:30:19.314925Z] Closed probe probe-001 (RECEIPT)
[2026-09-17T23:30:19.370422Z] Closed probe-001 via receipt
[2026-09-17T23:30:19.423368Z] === Cycle complete, pending=1 ===
[2026-09-17T23:30:49.488176Z] === Watch cycle start ===
[2026-09-17T23:30:49.598938Z] Registered new inbound task: probe-001
[2026-09-17T23:30:49.655514Z] Closed probe probe-001 (RECEIPT)
[2026-09-17T23:30:49.710849Z] Closed probe-001 via receipt
[2026-09-17T23:30:49.759820Z] === Cycle complete, pending=1 ===
[2026-09-17T23:31:19.891864Z] === Watch cycle start ===
[2026-09-17T23:31:20.002230Z] Registered new inbound task: probe-001
[2026-09-17T23:31:20.023041Z] Closed probe probe-001 (RECEIPT)
[2026-09-17T23:31:20.055463Z] Closed probe-001 via receipt
[2026-09-17T23:31:20.088044Z] === Cycle complete, pending=1 ===
[2026-09-17T23:31:50.275690Z] === Watch cycle start ===
[2026-09-17T23:31:50.530581Z] Registered new inbound task: probe-001
[2026-09-17T23:31:50.667913Z] Closed probe probe-001 (RECEIPT)
[2026-09-17T23:31:50.756233Z] Closed probe-001 via receipt
[2026-09-17T23:31:50.805148Z] === Cycle complete, pending=1 ===
[2026-09-17T23:32:20.877053Z] === Watch cycle start ===
[2026-09-17T23:32:20.928480Z] Registered new inbound task: probe-001
[2026-09-17T23:32:20.978251Z] Closed probe probe-001 (RECEIPT)
[2026-09-17T23:32:21.019537Z] Closed probe-001 via receipt
[2026-09-17T23:32:21.066134Z] === Cycle complete, pending=1 ===
[2026-09-17T23:32:51.091925Z] === Watch cycle start ===
[2026-09-17T23:32:51.121596Z] Registered new inbound task: probe-001
[2026-09-17T23:32:51.148842Z] Closed probe probe-001 (RECEIPT)
[2026-09-17T23:32:51.179133Z] Closed probe-001 via receipt
[2026-09-17T23:32:51.190341Z] === Cycle complete, pending=1 ===
[2026-09-17T23:33:21.217880Z] === Watch cycle start ===
[2026-09-17T23:33:21.223704Z] Registered new inbound task: probe-001
[2026-09-17T23:33:21.225368Z] Closed probe probe-001 (RECEIPT)
[2026-09-17T23:33:21.226135Z] Closed probe-001 via receipt
[2026-09-17T23:33:21.228276Z] === Cycle complete, pending=1 ===
[2026-09-17T23:33:51.232650Z] === Watch cycle start ===
[2026-09-17T23:33:51.238222Z] Registered new inbound task: probe-001
[2026-09-17T23:33:51.239835Z] Closed probe probe-001 (RECEIPT)
[2026-09-17T23:33:51.240547Z] Closed probe-001 via receipt
[2026-09-17T23:33:51.241953Z] === Cycle complete, pending=1 ===
[2026-09-17T23:34:21.245505Z] === Watch cycle start ===
[2026-09-17T23:34:21.275649Z] Registered new inbound task: probe-001
[2026-09-17T23:34:21.298875Z] Closed probe probe-001 (RECEIPT)
[2026-09-17T23:34:21.304000Z] Closed probe-001 via receipt
[2026-09-17T23:34:21.313672Z] === Cycle complete, pending=1 ===
[2026-09-17T23:34:51.332778Z] === Watch cycle start ===
[2026-09-17T23:34:51.382230Z] Registered new inbound task: probe-001
[2026-09-17T23:34:51.406672Z] Closed probe probe-001 (RECEIPT)
[2026-09-17T23:34:51.421339Z] Closed probe-001 via receipt
[2026-09-17T23:34:51.425299Z] === Cycle complete, pending=1 ===
[2026-09-17T23:35:21.458760Z] === Watch cycle start ===
[2026-09-17T23:35:21.503442Z] Registered new inbound task: probe-001
[2026-09-17T23:35:21.515311Z] Closed probe probe-001 (RECEIPT)
[2026-09-17T23:35:21.525853Z] Closed probe-001 via receipt
[2026-09-17T23:35:21.569265Z] === Cycle complete, pending=1 ===
[2026-09-17T23:35:51.580944Z] === Watch cycle start ===
[2026-09-17T23:35:51.592029Z] Registered new inbound task: probe-001
[2026-09-17T23:35:51.607081Z] Closed probe probe-001 (RECEIPT)
[2026-09-17T23:35:51.610354Z] Closed probe-001 via receipt
[2026-09-17T23:35:51.614993Z] === Cycle complete, pending=1 ===
[2026-09-17T23:36:21.713757Z] === Watch cycle start ===
[2026-09-17T23:36:21.819769Z] Registered new inbound task: probe-001
[2026-09-17T23:36:22.018148Z] Closed probe probe-001 (RECEIPT)
[2026-09-17T23:36:22.117347Z] Closed probe-001 via receipt
[2026-09-17T23:36:22.196521Z] === Cycle complete, pending=1 ===
[2026-09-17T23:36:52.267624Z] === Watch cycle start ===
[2026-09-17T23:36:52.316124Z] Registered new inbound task: probe-001
[2026-09-17T23:36:52.323087Z] Closed probe probe-001 (RECEIPT)
[2026-09-17T23:36:52.332357Z] Closed probe-001 via receipt
[2026-09-17T23:36:52.335792Z] === Cycle complete, pending=1 ===
[2026-09-17T23:37:22.347188Z] === Watch cycle start ===
[2026-09-17T23:37:22.369645Z] Registered new inbound task: probe-001
[2026-09-17T23:37:22.384279Z] Closed probe probe-001 (RECEIPT)
[2026-09-17T23:37:22.385160Z] Closed probe-001 via receipt
[2026-09-17T23:37:22.386710Z] === Cycle complete, pending=1 ===
[2026-09-17T23:37:52.399338Z] === Watch cycle start ===
[2026-09-17T23:37:52.427650Z] Registered new inbound task: probe-001
[2026-09-17T23:37:52.442694Z] Closed probe probe-001 (RECEIPT)
[2026-09-17T23:37:52.453033Z] Closed probe-001 via receipt
[2026-09-17T23:37:52.483767Z] === Cycle complete, pending=1 ===
[2026-09-17T23:38:22.513506Z] === Watch cycle start ===
[2026-09-17T23:38:22.572980Z] Registered new inbound task: probe-001
[2026-09-17T23:38:22.590058Z] Closed probe probe-001 (RECEIPT)
[2026-09-17T23:38:22.596468Z] Closed probe-001 via receipt
[2026-09-17T23:38:22.600558Z] === Cycle complete, pending=1 ===
[2026-09-17T23:38:52.615648Z] === Watch cycle start ===
[2026-09-17T23:38:52.717547Z] Registered new inbound task: probe-001
[2026-09-17T23:38:52.739815Z] Closed probe probe-001 (RECEIPT)
[2026-09-17T23:38:52.767870Z] Closed probe-001 via receipt
[2026-09-17T23:38:52.801296Z] === Cycle complete, pending=1 ===
[2026-09-17T23:39:22.827277Z] === Watch cycle start ===
[2026-09-17T23:39:22.837647Z] Registered new inbound task: probe-001
[2026-09-17T23:39:22.840987Z] Closed probe probe-001 (RECEIPT)
[2026-09-17T23:39:22.844342Z] Closed probe-001 via receipt
[2026-09-17T23:39:22.845765Z] === Cycle complete, pending=1 ===
[2026-09-17T23:39:52.859935Z] === Watch cycle start ===
[2026-09-17T23:39:52.923311Z] Registered new inbound task: probe-001
[2026-09-17T23:39:52.936211Z] Closed probe probe-001 (RECEIPT)
[2026-09-17T23:39:52.941248Z] Closed probe-001 via receipt
[2026-09-17T23:39:52.947352Z] === Cycle complete, pending=1 ===
[2026-09-17T23:40:22.966906Z] === Watch cycle start ===
[2026-09-17T23:40:22.982615Z] Registered new inbound task: probe-001
[2026-09-17T23:40:22.987882Z] Closed probe probe-001 (RECEIPT)
[2026-09-17T23:40:22.989605Z] Closed probe-001 via receipt
[2026-09-17T23:40:22.991994Z] === Cycle complete, pending=1 ===
[2026-09-17T23:40:53.008649Z] === Watch cycle start ===
[2026-09-17T23:40:53.082118Z] Registered new inbound task: probe-001
[2026-09-17T23:40:53.113083Z] Closed probe probe-001 (RECEIPT)
[2026-09-17T23:40:53.130372Z] Closed probe-001 via receipt
[2026-09-17T23:40:53.160122Z] === Cycle complete, pending=1 ===
[2026-09-17T23:41:23.184447Z] === Watch cycle start ===
[2026-09-17T23:41:23.238096Z] Registered new inbound task: probe-001
[2026-09-17T23:41:23.284145Z] Closed probe probe-001 (RECEIPT)
[2026-09-17T23:41:23.332896Z] Closed probe-001 via receipt
[2026-09-17T23:41:23.375321Z] === Cycle complete, pending=1 ===
[2026-09-17T23:41:53.415267Z] === Watch cycle start ===
[2026-09-17T23:41:53.447176Z] Registered new inbound task: probe-001
[2026-09-17T23:41:53.461216Z] Closed probe probe-001 (RECEIPT)
[2026-09-17T23:41:53.482231Z] Closed probe-001 via receipt
[2026-09-17T23:41:53.503760Z] === Cycle complete, pending=1 ===
[2026-09-17T23:42:23.536648Z] === Watch cycle start ===
[2026-09-17T23:42:23.554638Z] Registered new inbound task: probe-001
[2026-09-17T23:42:23.560295Z] Closed probe probe-001 (RECEIPT)
[2026-09-17T23:42:23.567864Z] Closed probe-001 via receipt
[2026-09-17T23:42:23.571229Z] === Cycle complete, pending=1 ===
[2026-09-17T23:42:53.589610Z] === Watch cycle start ===
[2026-09-17T23:42:53.651766Z] Registered new inbound task: probe-001
[2026-09-17T23:42:53.658992Z] Closed probe probe-001 (RECEIPT)
[2026-09-17T23:42:53.674751Z] Closed probe-001 via receipt
[2026-09-17T23:42:53.688774Z] === Cycle complete, pending=1 ===
[2026-09-17T23:43:23.718717Z] === Watch cycle start ===
[2026-09-17T23:43:23.764562Z] Registered new inbound task: probe-001
[2026-09-17T23:43:23.789474Z] Closed probe probe-001 (RECEIPT)
[2026-09-17T23:43:23.811497Z] Closed probe-001 via receipt
[2026-09-17T23:43:23.839291Z] === Cycle complete, pending=1 ===
[2026-09-17T23:43:53.879479Z] === Watch cycle start ===
[2026-09-17T23:43:53.908528Z] Registered new inbound task: probe-001
[2026-09-17T23:43:53.922014Z] Closed probe probe-001 (RECEIPT)
[2026-09-17T23:43:53.926162Z] Closed probe-001 via receipt
[2026-09-17T23:43:53.928572Z] === Cycle complete, pending=1 ===
[2026-09-17T23:44:23.931688Z] === Watch cycle start ===
[2026-09-17T23:44:23.958470Z] Registered new inbound task: probe-001
[2026-09-17T23:44:23.970055Z] Closed probe probe-001 (RECEIPT)
[2026-09-17T23:44:23.976712Z] Closed probe-001 via receipt
[2026-09-17T23:44:23.984447Z] === Cycle complete, pending=1 ===
[2026-09-17T23:44:54.004644Z] === Watch cycle start ===
[2026-09-17T23:44:54.029220Z] Registered new inbound task: probe-001
[2026-09-17T23:44:54.031730Z] Closed probe probe-001 (RECEIPT)
[2026-09-17T23:44:54.034157Z] Closed probe-001 via receipt
[2026-09-17T23:44:54.038655Z] === Cycle complete, pending=1 ===
[2026-09-17T23:45:24.049204Z] === Watch cycle start ===
[2026-09-17T23:45:24.060585Z] Registered new inbound task: probe-001
[2026-09-17T23:45:24.076793Z] Closed probe probe-001 (RECEIPT)
[2026-09-17T23:45:24.081000Z] Closed probe-001 via receipt
[2026-09-17T23:45:24.105587Z] === Cycle complete, pending=1 ===
[2026-09-17T23:45:54.139174Z] === Watch cycle start ===
[2026-09-17T23:45:54.160144Z] Registered new inbound task: probe-001
[2026-09-17T23:45:54.162116Z] Closed probe probe-001 (RECEIPT)
[2026-09-17T23:45:54.162799Z] Closed probe-001 via receipt
[2026-09-17T23:45:54.164036Z] === Cycle complete, pending=1 ===
[2026-09-17T23:46:24.181861Z] === Watch cycle start ===
[2026-09-17T23:46:24.192387Z] Registered new inbound task: probe-001
[2026-09-17T23:46:24.199035Z] Closed probe probe-001 (RECEIPT)
[2026-09-17T23:46:24.206756Z] Closed probe-001 via receipt
[2026-09-17T23:46:24.224244Z] STALE: soak-001 past deadline + 30min grace
[2026-09-17T23:46:24.236874Z] === Cycle complete, pending=0 ===
[2026-09-17T23:46:54.253230Z] === Watch cycle start ===
[2026-09-17T23:46:54.286227Z] Registered new inbound task: probe-001
[2026-09-17T23:46:54.288455Z] Registered new inbound task: soak-001
[2026-09-17T23:46:54.290682Z] Closed probe probe-001 (RECEIPT)
[2026-09-17T23:46:54.297950Z] Closed probe-001 via receipt
[2026-09-17T23:46:54.299460Z] === Cycle complete, pending=1 ===
[2026-09-17T23:47:24.300409Z] === Watch cycle start ===
[2026-09-17T23:47:24.321621Z] Registered new inbound task: probe-001
[2026-09-17T23:47:24.325469Z] Closed probe probe-001 (RECEIPT)
[2026-09-17T23:47:24.326439Z] Closed probe-001 via receipt
[2026-09-17T23:47:24.337305Z] === Cycle complete, pending=1 ===
[2026-09-17T23:47:54.346240Z] === Watch cycle start ===
[2026-09-17T23:47:54.360960Z] Registered new inbound task: probe-001
[2026-09-17T23:47:54.362964Z] Closed probe probe-001 (RECEIPT)
[2026-09-17T23:47:54.364125Z] Closed probe-001 via receipt
[2026-09-17T23:47:54.371586Z] === Cycle complete, pending=1 ===
[2026-09-17T23:48:24.374254Z] === Watch cycle start ===
[2026-09-17T23:48:24.390246Z] Registered new inbound task: probe-001
[2026-09-17T23:48:24.391882Z] Closed probe probe-001 (RECEIPT)
[2026-09-17T23:48:24.392648Z] Closed probe-001 via receipt
[2026-09-17T23:48:24.393895Z] === Cycle complete, pending=1 ===
[2026-09-17T23:48:54.396462Z] === Watch cycle start ===
[2026-09-17T23:48:54.408651Z] Registered new inbound task: probe-001
[2026-09-17T23:48:54.412410Z] Closed probe probe-001 (RECEIPT)
[2026-09-17T23:48:54.413997Z] Closed probe-001 via receipt
[2026-09-17T23:48:54.417291Z] === Cycle complete, pending=1 ===
[2026-09-17T23:49:24.419219Z] === Watch cycle start ===
[2026-09-17T23:49:24.425152Z] Registered new inbound task: probe-001
[2026-09-17T23:49:24.427143Z] Closed probe probe-001 (RECEIPT)
[2026-09-17T23:49:24.427960Z] Closed probe-001 via receipt
[2026-09-17T23:49:24.430025Z] === Cycle complete, pending=1 ===
[2026-09-17T23:49:54.431229Z] === Watch cycle start ===
[2026-09-17T23:49:54.448114Z] Registered new inbound task: probe-001
[2026-09-17T23:49:54.450717Z] Closed probe probe-001 (RECEIPT)
[2026-09-17T23:49:54.453213Z] Closed probe-001 via receipt
[2026-09-17T23:49:54.459497Z] === Cycle complete, pending=1 ===
[2026-09-17T23:50:24.465033Z] === Watch cycle start ===
[2026-09-17T23:50:24.486036Z] Registered new inbound task: probe-001
[2026-09-17T23:50:24.491564Z] Closed probe probe-001 (RECEIPT)
[2026-09-17T23:50:24.494846Z] Closed probe-001 via receipt
[2026-09-17T23:50:24.498396Z] === Cycle complete, pending=1 ===
[2026-09-17T23:50:54.508265Z] === Watch cycle start ===
[2026-09-17T23:50:54.546950Z] Registered new inbound task: probe-001
[2026-09-17T23:50:54.549133Z] Closed probe probe-001 (RECEIPT)
[2026-09-17T23:50:54.550094Z] Closed probe-001 via receipt
[2026-09-17T23:50:54.551419Z] === Cycle complete, pending=1 ===
[2026-09-17T23:51:24.552931Z] === Watch cycle start ===
[2026-09-17T23:51:24.562492Z] Registered new inbound task: probe-001
[2026-09-17T23:51:24.565517Z] Closed probe probe-001 (RECEIPT)
[2026-09-17T23:51:24.566868Z] Closed probe-001 via receipt
[2026-09-17T23:51:24.568242Z] === Cycle complete, pending=1 ===
[2026-09-17T23:51:54.589837Z] === Watch cycle start ===
[2026-09-17T23:51:54.649364Z] Registered new inbound task: probe-001
[2026-09-17T23:51:54.656441Z] Closed probe probe-001 (RECEIPT)
[2026-09-17T23:51:54.675465Z] Closed probe-001 via receipt
[2026-09-17T23:51:54.682784Z] === Cycle complete, pending=1 ===
[2026-09-17T23:52:24.692011Z] === Watch cycle start ===
[2026-09-17T23:52:24.701732Z] Registered new inbound task: probe-001
[2026-09-17T23:52:24.706441Z] Closed probe probe-001 (RECEIPT)
[2026-09-17T23:52:24.710027Z] Closed probe-001 via receipt
[2026-09-17T23:52:24.711586Z] === Cycle complete, pending=1 ===
[2026-09-17T23:52:54.713636Z] === Watch cycle start ===
[2026-09-17T23:52:54.737034Z] Registered new inbound task: probe-001
[2026-09-17T23:52:54.739766Z] Closed probe probe-001 (RECEIPT)
[2026-09-17T23:52:54.745475Z] Closed probe-001 via receipt
[2026-09-17T23:52:54.750605Z] === Cycle complete, pending=1 ===
[2026-09-17T23:53:24.760524Z] === Watch cycle start ===
[2026-09-17T23:53:24.798344Z] Registered new inbound task: probe-001
[2026-09-17T23:53:24.814056Z] Closed probe probe-001 (RECEIPT)
[2026-09-17T23:53:24.828058Z] Closed probe-001 via receipt
[2026-09-17T23:53:24.835090Z] === Cycle complete, pending=1 ===
[2026-09-17T23:53:54.837905Z] === Watch cycle start ===
[2026-09-17T23:53:54.846722Z] Registered new inbound task: probe-001
[2026-09-17T23:53:54.856298Z] Closed probe probe-001 (RECEIPT)
[2026-09-17T23:53:54.861591Z] Closed probe-001 via receipt
[2026-09-17T23:53:54.863234Z] === Cycle complete, pending=1 ===
[2026-09-17T23:54:24.865472Z] === Watch cycle start ===
[2026-09-17T23:54:24.870618Z] Registered new inbound task: probe-001
[2026-09-17T23:54:24.872618Z] Closed probe probe-001 (RECEIPT)
[2026-09-17T23:54:24.873362Z] Closed probe-001 via receipt
[2026-09-17T23:54:24.874650Z] === Cycle complete, pending=1 ===
[2026-09-17T23:54:54.876841Z] === Watch cycle start ===
[2026-09-17T23:54:54.896458Z] Registered new inbound task: probe-001
[2026-09-17T23:54:54.906757Z] Closed probe probe-001 (RECEIPT)
[2026-09-17T23:54:54.911306Z] Closed probe-001 via receipt
[2026-09-17T23:54:54.929150Z] === Cycle complete, pending=1 ===
[2026-09-17T23:55:24.948621Z] === Watch cycle start ===
[2026-09-17T23:55:24.959752Z] Registered new inbound task: probe-001
[2026-09-17T23:55:24.973314Z] Closed probe probe-001 (RECEIPT)
[2026-09-17T23:55:24.977794Z] Closed probe-001 via receipt
[2026-09-17T23:55:24.979350Z] === Cycle complete, pending=1 ===
[2026-09-17T23:55:54.986529Z] === Watch cycle start ===
[2026-09-17T23:55:55.029411Z] Registered new inbound task: probe-001
[2026-09-17T23:55:55.057099Z] Closed probe probe-001 (RECEIPT)
[2026-09-17T23:55:55.071077Z] Closed probe-001 via receipt
[2026-09-17T23:55:55.076067Z] === Cycle complete, pending=1 ===
[2026-09-17T23:56:25.081800Z] === Watch cycle start ===
[2026-09-17T23:56:25.102565Z] Registered new inbound task: probe-001
[2026-09-17T23:56:25.111487Z] Closed probe probe-001 (RECEIPT)
[2026-09-17T23:56:25.120681Z] Closed probe-001 via receipt
[2026-09-17T23:56:25.126285Z] === Cycle complete, pending=1 ===
[2026-09-17T23:56:55.138864Z] === Watch cycle start ===
[2026-09-17T23:56:55.169411Z] Registered new inbound task: probe-001
[2026-09-17T23:56:55.173539Z] Closed probe probe-001 (RECEIPT)
[2026-09-17T23:56:55.178404Z] Closed probe-001 via receipt
[2026-09-17T23:56:55.187910Z] === Cycle complete, pending=1 ===
[2026-09-17T23:57:25.190076Z] === Watch cycle start ===
[2026-09-17T23:57:25.197388Z] Registered new inbound task: probe-001
[2026-09-17T23:57:25.199190Z] Closed probe probe-001 (RECEIPT)
[2026-09-17T23:57:25.200698Z] Closed probe-001 via receipt
[2026-09-17T23:57:25.202171Z] === Cycle complete, pending=1 ===
[2026-09-17T23:57:55.209270Z] === Watch cycle start ===
[2026-09-17T23:57:55.294258Z] Registered new inbound task: probe-001
[2026-09-17T23:57:55.302995Z] Closed probe probe-001 (RECEIPT)
[2026-09-17T23:57:55.305058Z] Closed probe-001 via receipt
[2026-09-17T23:57:55.310472Z] === Cycle complete, pending=1 ===
[2026-09-17T23:58:25.328472Z] === Watch cycle start ===
[2026-09-17T23:58:25.342696Z] Registered new inbound task: probe-001
[2026-09-17T23:58:25.352889Z] Closed probe probe-001 (RECEIPT)
[2026-09-17T23:58:25.355861Z] Closed probe-001 via receipt
[2026-09-17T23:58:25.363285Z] === Cycle complete, pending=1 ===
[2026-09-17T23:58:55.427125Z] === Watch cycle start ===
[2026-09-17T23:58:55.495884Z] Registered new inbound task: probe-001
[2026-09-17T23:58:55.549015Z] Closed probe probe-001 (RECEIPT)
[2026-09-17T23:58:55.610588Z] Closed probe-001 via receipt
[2026-09-17T23:58:55.710964Z] === Cycle complete, pending=1 ===
[2026-09-17T23:59:25.781579Z] === Watch cycle start ===
[2026-09-17T23:59:25.811217Z] Registered new inbound task: probe-001
[2026-09-17T23:59:25.814607Z] Closed probe probe-001 (RECEIPT)
[2026-09-17T23:59:25.819132Z] Closed probe-001 via receipt
[2026-09-17T23:59:25.829939Z] === Cycle complete, pending=1 ===
[2026-09-17T23:59:55.865575Z] === Watch cycle start ===
[2026-09-17T23:59:55.920928Z] Registered new inbound task: probe-001
[2026-09-17T23:59:55.966501Z] Closed probe probe-001 (RECEIPT)
[2026-09-17T23:59:55.984589Z] Closed probe-001 via receipt
[2026-09-17T23:59:56.014803Z] === Cycle complete, pending=1 ===
[2026-09-18T00:00:26.029053Z] === Watch cycle start ===
[2026-09-18T00:00:26.037724Z] Registered new inbound task: probe-001
[2026-09-18T00:00:26.049342Z] Closed probe probe-001 (RECEIPT)
[2026-09-18T00:00:26.050376Z] Closed probe-001 via receipt
[2026-09-18T00:00:26.066500Z] === Cycle complete, pending=1 ===
[2026-09-18T00:00:56.077486Z] === Watch cycle start ===
[2026-09-18T00:00:56.082438Z] Registered new inbound task: probe-001
[2026-09-18T00:00:56.083631Z] Closed probe probe-001 (RECEIPT)
[2026-09-18T00:00:56.084144Z] Closed probe-001 via receipt
[2026-09-18T00:00:56.085148Z] === Cycle complete, pending=1 ===
[2026-09-18T00:01:26.086605Z] === Watch cycle start ===
[2026-09-18T00:01:26.093534Z] Registered new inbound task: probe-001
[2026-09-18T00:01:26.097217Z] Closed probe probe-001 (RECEIPT)
[2026-09-18T00:01:26.100160Z] Closed probe-001 via receipt
[2026-09-18T00:01:26.103291Z] === Cycle complete, pending=1 ===
[2026-09-18T00:01:56.105845Z] === Watch cycle start ===
[2026-09-18T00:01:56.113524Z] Registered new inbound task: probe-001
[2026-09-18T00:01:56.115387Z] Closed probe probe-001 (RECEIPT)
[2026-09-18T00:01:56.116525Z] Closed probe-001 via receipt
[2026-09-18T00:01:56.118852Z] === Cycle complete, pending=1 ===
[2026-09-18T00:02:26.122230Z] === Watch cycle start ===
[2026-09-18T00:02:26.128973Z] Registered new inbound task: probe-001
[2026-09-18T00:02:26.130707Z] Closed probe probe-001 (RECEIPT)
[2026-09-18T00:02:26.131947Z] Closed probe-001 via receipt
[2026-09-18T00:02:26.137758Z] === Cycle complete, pending=1 ===
[2026-09-18T00:02:56.155251Z] === Watch cycle start ===
[2026-09-18T00:02:56.194893Z] Registered new inbound task: probe-001
[2026-09-18T00:02:56.212457Z] Closed probe probe-001 (RECEIPT)
[2026-09-18T00:02:56.225439Z] Closed probe-001 via receipt
[2026-09-18T00:02:56.242799Z] === Cycle complete, pending=1 ===
[2026-09-18T00:03:26.267257Z] === Watch cycle start ===
[2026-09-18T00:03:26.292299Z] Registered new inbound task: probe-001
[2026-09-18T00:03:26.327826Z] Closed probe probe-001 (RECEIPT)
[2026-09-18T00:03:26.362456Z] Closed probe-001 via receipt
[2026-09-18T00:03:26.417411Z] === Cycle complete, pending=1 ===
[2026-09-18T00:03:56.443590Z] === Watch cycle start ===
[2026-09-18T00:03:56.495911Z] Registered new inbound task: probe-001
[2026-09-18T00:03:56.520375Z] Closed probe probe-001 (RECEIPT)
[2026-09-18T00:03:56.555933Z] Closed probe-001 via receipt
[2026-09-18T00:03:56.580206Z] === Cycle complete, pending=1 ===
[2026-09-18T00:04:26.656173Z] === Watch cycle start ===
[2026-09-18T00:04:26.698808Z] Registered new inbound task: probe-001
[2026-09-18T00:04:26.728722Z] Closed probe probe-001 (RECEIPT)
[2026-09-18T00:04:26.741355Z] Closed probe-001 via receipt
[2026-09-18T00:04:26.750349Z] === Cycle complete, pending=1 ===
[2026-09-18T00:04:56.756914Z] === Watch cycle start ===
[2026-09-18T00:04:56.764474Z] Registered new inbound task: probe-001
[2026-09-18T00:04:56.769230Z] Closed probe probe-001 (RECEIPT)
[2026-09-18T00:04:56.776133Z] Closed probe-001 via receipt
[2026-09-18T00:04:56.780787Z] === Cycle complete, pending=1 ===
[2026-09-18T00:05:26.790045Z] === Watch cycle start ===
[2026-09-18T00:05:26.839429Z] Registered new inbound task: probe-001
[2026-09-18T00:05:26.857908Z] Closed probe probe-001 (RECEIPT)
[2026-09-18T00:05:26.872196Z] Closed probe-001 via receipt
[2026-09-18T00:05:26.909199Z] === Cycle complete, pending=1 ===
[2026-09-18T00:05:56.934733Z] === Watch cycle start ===
[2026-09-18T00:05:57.006544Z] Registered new inbound task: probe-001
[2026-09-18T00:05:57.069100Z] Closed probe probe-001 (RECEIPT)
[2026-09-18T00:05:57.088600Z] Closed probe-001 via receipt
[2026-09-18T00:05:57.104238Z] === Cycle complete, pending=1 ===
[2026-09-18T00:06:27.141765Z] === Watch cycle start ===
[2026-09-18T00:06:27.168746Z] Registered new inbound task: probe-001
[2026-09-18T00:06:27.192656Z] Closed probe probe-001 (RECEIPT)
[2026-09-18T00:06:27.204606Z] Closed probe-001 via receipt
[2026-09-18T00:06:27.223959Z] === Cycle complete, pending=1 ===
[2026-09-18T00:06:57.231932Z] === Watch cycle start ===
[2026-09-18T00:06:57.251812Z] Registered new inbound task: probe-001
[2026-09-18T00:06:57.283030Z] Closed probe probe-001 (RECEIPT)
[2026-09-18T00:06:57.299722Z] Closed probe-001 via receipt
[2026-09-18T00:06:57.305348Z] === Cycle complete, pending=1 ===
[2026-09-18T00:07:27.323935Z] === Watch cycle start ===
[2026-09-18T00:07:27.328985Z] Registered new inbound task: probe-001
[2026-09-18T00:07:27.330747Z] Closed probe probe-001 (RECEIPT)
[2026-09-18T00:07:27.331581Z] Closed probe-001 via receipt
[2026-09-18T00:07:27.332950Z] === Cycle complete, pending=1 ===
[2026-09-18T00:07:57.348735Z] === Watch cycle start ===
[2026-09-18T00:07:57.407823Z] Registered new inbound task: probe-001
[2026-09-18T00:07:57.432375Z] Closed probe probe-001 (RECEIPT)
[2026-09-18T00:07:57.439281Z] Closed probe-001 via receipt
[2026-09-18T00:07:57.443809Z] === Cycle complete, pending=1 ===
[2026-09-18T00:08:27.456220Z] === Watch cycle start ===
[2026-09-18T00:08:27.486136Z] Registered new inbound task: probe-001
[2026-09-18T00:08:27.490474Z] Closed probe probe-001 (RECEIPT)
[2026-09-18T00:08:27.500933Z] Closed probe-001 via receipt
[2026-09-18T00:08:27.504571Z] === Cycle complete, pending=1 ===
[2026-09-18T00:08:57.519622Z] === Watch cycle start ===
[2026-09-18T00:08:57.538302Z] Registered new inbound task: probe-001
[2026-09-18T00:08:57.539844Z] Closed probe probe-001 (RECEIPT)
[2026-09-18T00:08:57.540869Z] Closed probe-001 via receipt
[2026-09-18T00:08:57.542587Z] === Cycle complete, pending=1 ===
[2026-09-18T00:09:27.543492Z] === Watch cycle start ===
[2026-09-18T00:09:27.615537Z] Registered new inbound task: probe-001
[2026-09-18T00:09:27.622987Z] Closed probe probe-001 (RECEIPT)
[2026-09-18T00:09:27.624158Z] Closed probe-001 via receipt
[2026-09-18T00:09:27.626004Z] === Cycle complete, pending=1 ===
[2026-09-18T00:09:57.637686Z] === Watch cycle start ===
[2026-09-18T00:09:57.661335Z] Registered new inbound task: probe-001
[2026-09-18T00:09:57.663447Z] Closed probe probe-001 (RECEIPT)
[2026-09-18T00:09:57.664416Z] Closed probe-001 via receipt
[2026-09-18T00:09:57.665888Z] === Cycle complete, pending=1 ===
[2026-09-18T00:10:27.668182Z] === Watch cycle start ===
[2026-09-18T00:10:27.677781Z] Registered new inbound task: probe-001
[2026-09-18T00:10:27.686361Z] Closed probe probe-001 (RECEIPT)
[2026-09-18T00:10:27.688296Z] Closed probe-001 via receipt
[2026-09-18T00:10:27.691047Z] === Cycle complete, pending=1 ===
[2026-09-18T00:10:57.692502Z] === Watch cycle start ===
[2026-09-18T00:10:57.702827Z] Registered new inbound task: probe-001
[2026-09-18T00:10:57.715989Z] Closed probe probe-001 (RECEIPT)
[2026-09-18T00:10:57.724336Z] Closed probe-001 via receipt
[2026-09-18T00:10:57.726028Z] === Cycle complete, pending=1 ===
[2026-09-18T00:11:27.728600Z] === Watch cycle start ===
[2026-09-18T00:11:27.746200Z] Registered new inbound task: probe-001
[2026-09-18T00:11:27.750596Z] Closed probe probe-001 (RECEIPT)
[2026-09-18T00:11:27.753861Z] Closed probe-001 via receipt
[2026-09-18T00:11:27.756722Z] === Cycle complete, pending=1 ===
[2026-09-18T00:11:57.759659Z] === Watch cycle start ===
[2026-09-18T00:11:57.783119Z] Registered new inbound task: probe-001
[2026-09-18T00:11:57.786179Z] Closed probe probe-001 (RECEIPT)
[2026-09-18T00:11:57.789222Z] Closed probe-001 via receipt
[2026-09-18T00:11:57.791270Z] === Cycle complete, pending=1 ===
[2026-09-18T00:12:27.820333Z] === Watch cycle start ===
[2026-09-18T00:12:27.871330Z] Registered new inbound task: probe-001
[2026-09-18T00:12:27.880677Z] Closed probe probe-001 (RECEIPT)
[2026-09-18T00:12:27.884950Z] Closed probe-001 via receipt
[2026-09-18T00:12:27.894351Z] === Cycle complete, pending=1 ===
[2026-09-18T00:12:57.910629Z] === Watch cycle start ===
[2026-09-18T00:12:57.928855Z] Registered new inbound task: probe-001
[2026-09-18T00:12:57.931276Z] Closed probe probe-001 (RECEIPT)
[2026-09-18T00:12:57.932354Z] Closed probe-001 via receipt
[2026-09-18T00:12:57.934282Z] === Cycle complete, pending=1 ===
[2026-09-18T00:13:27.959709Z] === Watch cycle start ===
[2026-09-18T00:13:27.968283Z] Registered new inbound task: probe-001
[2026-09-18T00:13:27.980350Z] Closed probe probe-001 (RECEIPT)
[2026-09-18T00:13:27.998937Z] Closed probe-001 via receipt
[2026-09-18T00:13:28.004237Z] === Cycle complete, pending=1 ===
[2026-09-18T00:13:58.014917Z] === Watch cycle start ===
[2026-09-18T00:13:58.039878Z] Registered new inbound task: probe-001
[2026-09-18T00:13:58.042437Z] Closed probe probe-001 (RECEIPT)
[2026-09-18T00:13:58.051945Z] Closed probe-001 via receipt
[2026-09-18T00:13:58.055918Z] === Cycle complete, pending=1 ===
[2026-09-18T00:14:28.058379Z] === Watch cycle start ===
[2026-09-18T00:14:28.063472Z] Registered new inbound task: probe-001
[2026-09-18T00:14:28.064875Z] Closed probe probe-001 (RECEIPT)
[2026-09-18T00:14:28.065748Z] Closed probe-001 via receipt
[2026-09-18T00:14:28.067081Z] === Cycle complete, pending=1 ===
[2026-09-18T00:14:58.072237Z] === Watch cycle start ===
[2026-09-18T00:14:58.092828Z] Registered new inbound task: probe-001
[2026-09-18T00:14:58.101724Z] Closed probe probe-001 (RECEIPT)
[2026-09-18T00:14:58.103682Z] Closed probe-001 via receipt
[2026-09-18T00:14:58.109161Z] === Cycle complete, pending=1 ===
[2026-09-18T00:15:28.119878Z] === Watch cycle start ===
[2026-09-18T00:15:28.153979Z] Registered new inbound task: probe-001
[2026-09-18T00:15:28.168741Z] Closed probe probe-001 (RECEIPT)
[2026-09-18T00:15:28.184453Z] Closed probe-001 via receipt
[2026-09-18T00:15:28.189138Z] === Cycle complete, pending=1 ===
[2026-09-18T00:15:58.203081Z] === Watch cycle start ===
[2026-09-18T00:15:58.211551Z] Registered new inbound task: probe-001
[2026-09-18T00:15:58.212935Z] Closed probe probe-001 (RECEIPT)
[2026-09-18T00:15:58.213594Z] Closed probe-001 via receipt
[2026-09-18T00:15:58.214807Z] === Cycle complete, pending=1 ===
[2026-09-18T00:16:28.217331Z] === Watch cycle start ===
[2026-09-18T00:16:28.225054Z] Registered new inbound task: probe-001
[2026-09-18T00:16:28.227423Z] Closed probe probe-001 (RECEIPT)
[2026-09-18T00:16:28.229075Z] Closed probe-001 via receipt
[2026-09-18T00:16:28.235140Z] === Cycle complete, pending=1 ===
[2026-09-18T00:16:58.248300Z] === Watch cycle start ===
[2026-09-18T00:16:58.263855Z] Registered new inbound task: probe-001
[2026-09-18T00:16:58.266247Z] Closed probe probe-001 (RECEIPT)
[2026-09-18T00:16:58.267164Z] Closed probe-001 via receipt
[2026-09-18T00:16:58.268473Z] === Cycle complete, pending=1 ===
[2026-09-18T00:17:28.272391Z] === Watch cycle start ===
[2026-09-18T00:17:28.289940Z] Registered new inbound task: probe-001
[2026-09-18T00:17:28.298903Z] Closed probe probe-001 (RECEIPT)
[2026-09-18T00:17:28.304974Z] Closed probe-001 via receipt
[2026-09-18T00:17:28.316202Z] === Cycle complete, pending=1 ===
[2026-09-18T00:17:58.327134Z] === Watch cycle start ===
[2026-09-18T00:17:58.342126Z] Registered new inbound task: probe-001
[2026-09-18T00:17:58.344220Z] Closed probe probe-001 (RECEIPT)
[2026-09-18T00:17:58.344931Z] Closed probe-001 via receipt
[2026-09-18T00:17:58.348740Z] === Cycle complete, pending=1 ===
[2026-09-18T00:18:28.352278Z] === Watch cycle start ===
[2026-09-18T00:18:28.365342Z] Registered new inbound task: probe-001
[2026-09-18T00:18:28.372129Z] Closed probe probe-001 (RECEIPT)
[2026-09-18T00:18:28.380352Z] Closed probe-001 via receipt
[2026-09-18T00:18:28.386757Z] === Cycle complete, pending=1 ===
[2026-09-18T00:18:58.396714Z] === Watch cycle start ===
[2026-09-18T00:18:58.410348Z] Registered new inbound task: probe-001
[2026-09-18T00:18:58.415594Z] Closed probe probe-001 (RECEIPT)
[2026-09-18T00:18:58.421618Z] Closed probe-001 via receipt
[2026-09-18T00:18:58.423119Z] === Cycle complete, pending=1 ===
[2026-09-18T00:19:28.424540Z] === Watch cycle start ===
[2026-09-18T00:19:28.432875Z] Registered new inbound task: probe-001
[2026-09-18T00:19:28.435330Z] Closed probe probe-001 (RECEIPT)
[2026-09-18T00:19:28.436232Z] Closed probe-001 via receipt
[2026-09-18T00:19:28.437646Z] === Cycle complete, pending=1 ===
[2026-09-18T00:19:58.439538Z] === Watch cycle start ===
[2026-09-18T00:19:58.451197Z] Registered new inbound task: probe-001
[2026-09-18T00:19:58.453472Z] Closed probe probe-001 (RECEIPT)
[2026-09-18T00:19:58.458063Z] Closed probe-001 via receipt
[2026-09-18T00:19:58.460516Z] === Cycle complete, pending=1 ===
[2026-09-18T00:20:28.465155Z] === Watch cycle start ===
[2026-09-18T00:20:28.475619Z] Registered new inbound task: probe-001
[2026-09-18T00:20:28.478198Z] Closed probe probe-001 (RECEIPT)
[2026-09-18T00:20:28.480059Z] Closed probe-001 via receipt
[2026-09-18T00:20:28.491500Z] === Cycle complete, pending=1 ===
[2026-09-18T00:20:58.493706Z] === Watch cycle start ===
[2026-09-18T00:20:58.510339Z] Registered new inbound task: probe-001
[2026-09-18T00:20:58.512343Z] Closed probe probe-001 (RECEIPT)
[2026-09-18T00:20:58.525199Z] Closed probe-001 via receipt
[2026-09-18T00:20:58.537507Z] === Cycle complete, pending=1 ===
[2026-09-18T00:21:28.542518Z] === Watch cycle start ===
[2026-09-18T00:21:28.550587Z] Registered new inbound task: probe-001
[2026-09-18T00:21:28.553124Z] Closed probe probe-001 (RECEIPT)
[2026-09-18T00:21:28.554716Z] Closed probe-001 via receipt
[2026-09-18T00:21:28.556084Z] === Cycle complete, pending=1 ===
[2026-09-18T00:21:58.557630Z] === Watch cycle start ===
[2026-09-18T00:21:58.575219Z] Registered new inbound task: probe-001
[2026-09-18T00:21:58.577007Z] Closed probe probe-001 (RECEIPT)
[2026-09-18T00:21:58.584461Z] Closed probe-001 via receipt
[2026-09-18T00:21:58.586668Z] === Cycle complete, pending=1 ===
[2026-09-18T00:22:28.590766Z] === Watch cycle start ===
[2026-09-18T00:22:28.597715Z] Registered new inbound task: probe-001
[2026-09-18T00:22:28.599315Z] Closed probe probe-001 (RECEIPT)
[2026-09-18T00:22:28.599977Z] Closed probe-001 via receipt
[2026-09-18T00:22:28.601334Z] === Cycle complete, pending=1 ===
[2026-09-18T00:22:58.609953Z] === Watch cycle start ===
[2026-09-18T00:22:58.627119Z] Registered new inbound task: probe-001
[2026-09-18T00:22:58.646667Z] Closed probe probe-001 (RECEIPT)
[2026-09-18T00:22:58.666347Z] Closed probe-001 via receipt
[2026-09-18T00:22:58.676630Z] === Cycle complete, pending=1 ===
[2026-09-18T00:23:28.680705Z] === Watch cycle start ===
[2026-09-18T00:23:28.691551Z] Registered new inbound task: probe-001
[2026-09-18T00:23:28.696439Z] Closed probe probe-001 (RECEIPT)
[2026-09-18T00:23:28.706357Z] Closed probe-001 via receipt
[2026-09-18T00:23:28.737538Z] === Cycle complete, pending=1 ===
[2026-09-18T00:23:58.746145Z] === Watch cycle start ===
[2026-09-18T00:23:58.777005Z] Registered new inbound task: probe-001
[2026-09-18T00:23:58.783743Z] Closed probe probe-001 (RECEIPT)
[2026-09-18T00:23:58.802406Z] Closed probe-001 via receipt
[2026-09-18T00:23:58.817554Z] === Cycle complete, pending=1 ===
[2026-09-18T00:24:28.839716Z] === Watch cycle start ===
[2026-09-18T00:24:28.850401Z] Registered new inbound task: probe-001
[2026-09-18T00:24:28.857982Z] Closed probe probe-001 (RECEIPT)
[2026-09-18T00:24:28.896929Z] Closed probe-001 via receipt
[2026-09-18T00:24:28.921878Z] === Cycle complete, pending=1 ===
[2026-09-18T00:24:58.939158Z] === Watch cycle start ===
[2026-09-18T00:24:58.950444Z] Registered new inbound task: probe-001
[2026-09-18T00:24:58.952369Z] Closed probe probe-001 (RECEIPT)
[2026-09-18T00:24:58.954573Z] Closed probe-001 via receipt
[2026-09-18T00:24:58.956396Z] === Cycle complete, pending=1 ===
[2026-09-18T00:25:28.982785Z] === Watch cycle start ===
[2026-09-18T00:25:29.035213Z] Registered new inbound task: probe-001
[2026-09-18T00:25:29.044607Z] Closed probe probe-001 (RECEIPT)
[2026-09-18T00:25:29.047333Z] Closed probe-001 via receipt
[2026-09-18T00:25:29.058428Z] === Cycle complete, pending=1 ===
[2026-09-18T00:25:59.068791Z] === Watch cycle start ===
[2026-09-18T00:25:59.076948Z] Registered new inbound task: probe-001
[2026-09-18T00:25:59.078738Z] Closed probe probe-001 (RECEIPT)
[2026-09-18T00:25:59.079460Z] Closed probe-001 via receipt
[2026-09-18T00:25:59.080864Z] === Cycle complete, pending=1 ===
[2026-09-18T00:26:29.082355Z] === Watch cycle start ===
[2026-09-18T00:26:29.092106Z] Registered new inbound task: probe-001
[2026-09-18T00:26:29.094549Z] Closed probe probe-001 (RECEIPT)
[2026-09-18T00:26:29.095355Z] Closed probe-001 via receipt
[2026-09-18T00:26:29.096703Z] === Cycle complete, pending=1 ===
[2026-09-18T00:26:59.097893Z] === Watch cycle start ===
[2026-09-18T00:26:59.105359Z] Registered new inbound task: probe-001
[2026-09-18T00:26:59.107431Z] Closed probe probe-001 (RECEIPT)
[2026-09-18T00:26:59.110931Z] Closed probe-001 via receipt
[2026-09-18T00:26:59.113389Z] === Cycle complete, pending=1 ===
[2026-09-18T00:27:29.118032Z] === Watch cycle start ===
[2026-09-18T00:27:29.125789Z] Registered new inbound task: probe-001
[2026-09-18T00:27:29.126879Z] Closed probe probe-001 (RECEIPT)
[2026-09-18T00:27:29.127424Z] Closed probe-001 via receipt
[2026-09-18T00:27:29.128812Z] === Cycle complete, pending=1 ===
[2026-09-18T00:27:59.129695Z] === Watch cycle start ===
[2026-09-18T00:27:59.134588Z] Registered new inbound task: probe-001
[2026-09-18T00:27:59.135607Z] Closed probe probe-001 (RECEIPT)
[2026-09-18T00:27:59.136057Z] Closed probe-001 via receipt
[2026-09-18T00:27:59.136916Z] === Cycle complete, pending=1 ===
[2026-09-18T00:28:29.141716Z] === Watch cycle start ===
[2026-09-18T00:28:29.150083Z] Registered new inbound task: probe-001
[2026-09-18T00:28:29.151562Z] Closed probe probe-001 (RECEIPT)
[2026-09-18T00:28:29.152165Z] Closed probe-001 via receipt
[2026-09-18T00:28:29.153524Z] === Cycle complete, pending=1 ===
[2026-09-18T00:28:59.154938Z] === Watch cycle start ===
[2026-09-18T00:28:59.166358Z] Registered new inbound task: probe-001
[2026-09-18T00:28:59.168732Z] Closed probe probe-001 (RECEIPT)
[2026-09-18T00:28:59.170372Z] Closed probe-001 via receipt
[2026-09-18T00:28:59.171418Z] === Cycle complete, pending=1 ===
[2026-09-18T00:29:29.173011Z] === Watch cycle start ===
[2026-09-18T00:29:29.177634Z] Registered new inbound task: probe-001
[2026-09-18T00:29:29.179283Z] Closed probe probe-001 (RECEIPT)
[2026-09-18T00:29:29.180071Z] Closed probe-001 via receipt
[2026-09-18T00:29:29.181306Z] === Cycle complete, pending=1 ===
[2026-09-18T00:29:59.189611Z] === Watch cycle start ===
[2026-09-18T00:29:59.196214Z] Registered new inbound task: probe-001
[2026-09-18T00:29:59.197311Z] Closed probe probe-001 (RECEIPT)
[2026-09-18T00:29:59.197760Z] Closed probe-001 via receipt
[2026-09-18T00:29:59.198621Z] === Cycle complete, pending=1 ===
[2026-09-18T00:30:29.199835Z] === Watch cycle start ===
[2026-09-18T00:30:29.207116Z] Registered new inbound task: probe-001
[2026-09-18T00:30:29.209687Z] Closed probe probe-001 (RECEIPT)
[2026-09-18T00:30:29.211755Z] Closed probe-001 via receipt
[2026-09-18T00:30:29.214043Z] === Cycle complete, pending=1 ===
[2026-09-18T00:30:59.218645Z] === Watch cycle start ===
[2026-09-18T00:30:59.235449Z] Registered new inbound task: probe-001
[2026-09-18T00:30:59.237623Z] Closed probe probe-001 (RECEIPT)
[2026-09-18T00:30:59.239913Z] Closed probe-001 via receipt
[2026-09-18T00:30:59.243681Z] === Cycle complete, pending=1 ===
[2026-09-18T00:31:29.255756Z] === Watch cycle start ===
[2026-09-18T00:31:29.259562Z] Registered new inbound task: probe-001
[2026-09-18T00:31:29.260850Z] Closed probe probe-001 (RECEIPT)
[2026-09-18T00:31:29.263925Z] Closed probe-001 via receipt
[2026-09-18T00:31:29.265047Z] === Cycle complete, pending=1 ===
[2026-09-18T00:31:59.266392Z] === Watch cycle start ===
[2026-09-18T00:31:59.274584Z] Registered new inbound task: probe-001
[2026-09-18T00:31:59.275712Z] Closed probe probe-001 (RECEIPT)
[2026-09-18T00:31:59.276143Z] Closed probe-001 via receipt
[2026-09-18T00:31:59.277048Z] === Cycle complete, pending=1 ===
[2026-09-18T00:32:29.278645Z] === Watch cycle start ===
[2026-09-18T00:32:29.289009Z] Registered new inbound task: probe-001
[2026-09-18T00:32:29.291354Z] Closed probe probe-001 (RECEIPT)
[2026-09-18T00:32:29.291983Z] Closed probe-001 via receipt
[2026-09-18T00:32:29.293123Z] === Cycle complete, pending=1 ===
[2026-09-18T00:32:59.293944Z] === Watch cycle start ===
[2026-09-18T00:32:59.312327Z] Registered new inbound task: probe-001
[2026-09-18T00:32:59.314103Z] Closed probe probe-001 (RECEIPT)
[2026-09-18T00:32:59.314640Z] Closed probe-001 via receipt
[2026-09-18T00:32:59.317739Z] === Cycle complete, pending=1 ===
[2026-09-18T00:33:29.319139Z] === Watch cycle start ===
[2026-09-18T00:33:29.323320Z] Registered new inbound task: probe-001
[2026-09-18T00:33:29.324621Z] Closed probe probe-001 (RECEIPT)
[2026-09-18T00:33:29.327758Z] Closed probe-001 via receipt
[2026-09-18T00:33:29.335512Z] === Cycle complete, pending=1 ===
[2026-09-18T00:33:59.340186Z] === Watch cycle start ===
[2026-09-18T00:33:59.355740Z] Registered new inbound task: probe-001
[2026-09-18T00:33:59.356849Z] Closed probe probe-001 (RECEIPT)
[2026-09-18T00:33:59.357344Z] Closed probe-001 via receipt
[2026-09-18T00:33:59.358289Z] === Cycle complete, pending=1 ===
[2026-09-18T00:34:29.359535Z] === Watch cycle start ===
[2026-09-18T00:34:29.364061Z] Registered new inbound task: probe-001
[2026-09-18T00:34:29.365070Z] Closed probe probe-001 (RECEIPT)
[2026-09-18T00:34:29.365581Z] Closed probe-001 via receipt
[2026-09-18T00:34:29.366513Z] === Cycle complete, pending=1 ===
[2026-09-18T00:34:59.367176Z] === Watch cycle start ===
[2026-09-18T00:34:59.381860Z] Registered new inbound task: probe-001
[2026-09-18T00:34:59.384933Z] Closed probe probe-001 (RECEIPT)
[2026-09-18T00:34:59.386392Z] Closed probe-001 via receipt
[2026-09-18T00:34:59.388860Z] === Cycle complete, pending=1 ===
[2026-09-18T00:35:29.407037Z] === Watch cycle start ===
[2026-09-18T00:35:29.457317Z] Registered new inbound task: probe-001
[2026-09-18T00:35:29.467741Z] Closed probe probe-001 (RECEIPT)
[2026-09-18T00:35:29.471524Z] Closed probe-001 via receipt
[2026-09-18T00:35:29.473684Z] === Cycle complete, pending=1 ===
[2026-09-18T00:35:59.477285Z] === Watch cycle start ===
[2026-09-18T00:35:59.493147Z] Registered new inbound task: probe-001
[2026-09-18T00:35:59.501307Z] Closed probe probe-001 (RECEIPT)
[2026-09-18T00:35:59.504180Z] Closed probe-001 via receipt
[2026-09-18T00:35:59.505744Z] === Cycle complete, pending=1 ===
[2026-09-18T00:36:29.508805Z] === Watch cycle start ===
[2026-09-18T00:36:29.520173Z] Registered new inbound task: probe-001
[2026-09-18T00:36:29.522947Z] Closed probe probe-001 (RECEIPT)
[2026-09-18T00:36:29.524663Z] Closed probe-001 via receipt
[2026-09-18T00:36:29.527757Z] === Cycle complete, pending=1 ===
[2026-09-18T00:36:59.534664Z] === Watch cycle start ===
[2026-09-18T00:36:59.542620Z] Registered new inbound task: probe-001
[2026-09-18T00:36:59.543693Z] Closed probe probe-001 (RECEIPT)
[2026-09-18T00:36:59.544152Z] Closed probe-001 via receipt
[2026-09-18T00:36:59.545377Z] === Cycle complete, pending=1 ===
[2026-09-18T00:37:29.547901Z] === Watch cycle start ===
[2026-09-18T00:37:29.553994Z] Registered new inbound task: probe-001
[2026-09-18T00:37:29.555846Z] Closed probe probe-001 (RECEIPT)
[2026-09-18T00:37:29.556524Z] Closed probe-001 via receipt
[2026-09-18T00:37:29.557608Z] === Cycle complete, pending=1 ===
[2026-09-18T00:37:59.588533Z] === Watch cycle start ===
[2026-09-18T00:37:59.719690Z] Registered new inbound task: probe-001
[2026-09-18T00:37:59.746195Z] Closed probe probe-001 (RECEIPT)
[2026-09-18T00:37:59.814484Z] Closed probe-001 via receipt
[2026-09-18T00:37:59.889472Z] === Cycle complete, pending=1 ===
[2026-09-18T00:38:29.917280Z] === Watch cycle start ===
[2026-09-18T00:38:29.957882Z] Registered new inbound task: probe-001
[2026-09-18T00:38:29.993059Z] Closed probe probe-001 (RECEIPT)
[2026-09-18T00:38:30.002829Z] Closed probe-001 via receipt
[2026-09-18T00:38:30.021219Z] === Cycle complete, pending=1 ===
[2026-09-18T00:39:00.079579Z] === Watch cycle start ===
[2026-09-18T00:39:00.175081Z] Registered new inbound task: probe-001
[2026-09-18T00:39:00.190891Z] Closed probe probe-001 (RECEIPT)
[2026-09-18T00:39:00.223981Z] Closed probe-001 via receipt
[2026-09-18T00:39:00.241414Z] === Cycle complete, pending=1 ===
[2026-09-18T00:39:30.278201Z] === Watch cycle start ===
[2026-09-18T00:39:30.283043Z] Registered new inbound task: probe-001
[2026-09-18T00:39:30.291427Z] Closed probe probe-001 (RECEIPT)
[2026-09-18T00:39:30.292653Z] Closed probe-001 via receipt
[2026-09-18T00:39:30.294118Z] === Cycle complete, pending=1 ===
[2026-09-18T00:40:00.296186Z] === Watch cycle start ===
[2026-09-18T00:40:00.309900Z] Registered new inbound task: probe-001
[2026-09-18T00:40:00.316992Z] Closed probe probe-001 (RECEIPT)
[2026-09-18T00:40:00.320820Z] Closed probe-001 via receipt
[2026-09-18T00:40:00.322501Z] === Cycle complete, pending=1 ===
[2026-09-18T00:40:30.324212Z] === Watch cycle start ===
[2026-09-18T00:40:30.329241Z] Registered new inbound task: probe-001
[2026-09-18T00:40:30.330896Z] Closed probe probe-001 (RECEIPT)
[2026-09-18T00:40:30.331488Z] Closed probe-001 via receipt
[2026-09-18T00:40:30.332432Z] === Cycle complete, pending=1 ===
[2026-09-18T00:41:00.333953Z] === Watch cycle start ===
[2026-09-18T00:41:00.351030Z] Registered new inbound task: probe-001
[2026-09-18T00:41:00.352711Z] Closed probe probe-001 (RECEIPT)
[2026-09-18T00:41:00.353884Z] Closed probe-001 via receipt
[2026-09-18T00:41:00.355069Z] === Cycle complete, pending=1 ===
[2026-09-18T00:41:30.357576Z] === Watch cycle start ===
[2026-09-18T00:41:30.364422Z] Registered new inbound task: probe-001
[2026-09-18T00:41:30.366620Z] Closed probe probe-001 (RECEIPT)
[2026-09-18T00:41:30.367310Z] Closed probe-001 via receipt
[2026-09-18T00:41:30.369787Z] === Cycle complete, pending=1 ===
[2026-09-18T00:42:00.377363Z] === Watch cycle start ===
[2026-09-18T00:42:00.405036Z] Registered new inbound task: probe-001
[2026-09-18T00:42:00.406522Z] Closed probe probe-001 (RECEIPT)
[2026-09-18T00:42:00.407285Z] Closed probe-001 via receipt
[2026-09-18T00:42:00.408854Z] === Cycle complete, pending=1 ===
[2026-09-18T00:42:30.412148Z] === Watch cycle start ===
[2026-09-18T00:42:30.420189Z] Registered new inbound task: probe-001
[2026-09-18T00:42:30.421415Z] Closed probe probe-001 (RECEIPT)
[2026-09-18T00:42:30.422092Z] Closed probe-001 via receipt
[2026-09-18T00:42:30.423254Z] === Cycle complete, pending=1 ===
[2026-09-18T00:43:00.424449Z] === Watch cycle start ===
[2026-09-18T00:43:00.431128Z] Registered new inbound task: probe-001
[2026-09-18T00:43:00.432135Z] Closed probe probe-001 (RECEIPT)
[2026-09-18T00:43:00.432720Z] Closed probe-001 via receipt
[2026-09-18T00:43:00.438492Z] === Cycle complete, pending=1 ===
[2026-09-18T00:43:30.443060Z] === Watch cycle start ===
[2026-09-18T00:43:30.451876Z] Registered new inbound task: probe-001
[2026-09-18T00:43:30.453842Z] Closed probe probe-001 (RECEIPT)
[2026-09-18T00:43:30.454899Z] Closed probe-001 via receipt
[2026-09-18T00:43:30.457280Z] === Cycle complete, pending=1 ===
[2026-09-18T00:44:00.458778Z] === Watch cycle start ===
[2026-09-18T00:44:00.463521Z] Registered new inbound task: probe-001
[2026-09-18T00:44:00.468670Z] Closed probe probe-001 (RECEIPT)
[2026-09-18T00:44:00.471124Z] Closed probe-001 via receipt
[2026-09-18T00:44:00.473158Z] === Cycle complete, pending=1 ===
[2026-09-18T00:44:30.490446Z] === Watch cycle start ===
[2026-09-18T00:44:30.519469Z] Registered new inbound task: probe-001
[2026-09-18T00:44:30.532122Z] Closed probe probe-001 (RECEIPT)
[2026-09-18T00:44:30.541755Z] Closed probe-001 via receipt
[2026-09-18T00:44:30.567091Z] === Cycle complete, pending=1 ===
[2026-09-18T00:45:00.575059Z] === Watch cycle start ===
[2026-09-18T00:45:00.582946Z] Registered new inbound task: probe-001
[2026-09-18T00:45:00.584014Z] Closed probe probe-001 (RECEIPT)
[2026-09-18T00:45:00.584697Z] Closed probe-001 via receipt
[2026-09-18T00:45:00.586160Z] === Cycle complete, pending=1 ===
[2026-09-18T00:45:30.592635Z] === Watch cycle start ===
[2026-09-18T00:45:30.599083Z] Registered new inbound task: probe-001
[2026-09-18T00:45:30.600148Z] Closed probe probe-001 (RECEIPT)
[2026-09-18T00:45:30.600781Z] Closed probe-001 via receipt
[2026-09-18T00:45:30.601956Z] === Cycle complete, pending=1 ===
[2026-09-18T00:46:00.603137Z] === Watch cycle start ===
[2026-09-18T00:46:00.616670Z] Registered new inbound task: probe-001
[2026-09-18T00:46:00.617725Z] Closed probe probe-001 (RECEIPT)
[2026-09-18T00:46:00.618275Z] Closed probe-001 via receipt
[2026-09-18T00:46:00.619596Z] === Cycle complete, pending=1 ===
[2026-09-18T00:46:30.620951Z] === Watch cycle start ===
[2026-09-18T00:46:30.625130Z] Registered new inbound task: probe-001
[2026-09-18T00:46:30.626507Z] Closed probe probe-001 (RECEIPT)
[2026-09-18T00:46:30.627017Z] Closed probe-001 via receipt
[2026-09-18T00:46:30.628063Z] === Cycle complete, pending=1 ===
[2026-09-18T00:47:00.628710Z] === Watch cycle start ===
[2026-09-18T00:47:00.640442Z] Registered new inbound task: probe-001
[2026-09-18T00:47:00.641606Z] Closed probe probe-001 (RECEIPT)
[2026-09-18T00:47:00.642174Z] Closed probe-001 via receipt
[2026-09-18T00:47:00.643074Z] === Cycle complete, pending=1 ===
[2026-09-18T00:47:30.644461Z] === Watch cycle start ===
[2026-09-18T00:47:30.649036Z] Registered new inbound task: probe-001
[2026-09-18T00:47:30.660057Z] Closed probe probe-001 (RECEIPT)
[2026-09-18T00:47:30.661614Z] Closed probe-001 via receipt
[2026-09-18T00:47:30.663908Z] === Cycle complete, pending=1 ===
[2026-09-18T00:48:00.665974Z] === Watch cycle start ===
[2026-09-18T00:48:00.676218Z] Registered new inbound task: probe-001
[2026-09-18T00:48:00.677970Z] Closed probe probe-001 (RECEIPT)
[2026-09-18T00:48:00.678740Z] Closed probe-001 via receipt
[2026-09-18T00:48:00.684186Z] === Cycle complete, pending=1 ===
[2026-09-18T00:48:30.685376Z] === Watch cycle start ===
[2026-09-18T00:48:30.688929Z] Registered new inbound task: probe-001
[2026-09-18T00:48:30.689930Z] Closed probe probe-001 (RECEIPT)
[2026-09-18T00:48:30.690409Z] Closed probe-001 via receipt
[2026-09-18T00:48:30.691257Z] === Cycle complete, pending=1 ===
[2026-09-18T00:49:00.692245Z] === Watch cycle start ===
[2026-09-18T00:49:00.701986Z] Registered new inbound task: probe-001
[2026-09-18T00:49:00.703090Z] Closed probe probe-001 (RECEIPT)
[2026-09-18T00:49:00.705298Z] Closed probe-001 via receipt
[2026-09-18T00:49:00.707144Z] === Cycle complete, pending=1 ===
[2026-09-18T00:49:30.711750Z] === Watch cycle start ===
[2026-09-18T00:49:30.716718Z] Registered new inbound task: probe-001
[2026-09-18T00:49:30.717769Z] Closed probe probe-001 (RECEIPT)
[2026-09-18T00:49:30.718296Z] Closed probe-001 via receipt
[2026-09-18T00:49:30.719620Z] === Cycle complete, pending=1 ===
[2026-09-18T00:50:00.723418Z] === Watch cycle start ===
[2026-09-18T00:50:00.729415Z] Registered new inbound task: probe-001
[2026-09-18T00:50:00.730368Z] Closed probe probe-001 (RECEIPT)
[2026-09-18T00:50:00.731025Z] Closed probe-001 via receipt
[2026-09-18T00:50:00.732128Z] === Cycle complete, pending=1 ===
[2026-09-18T00:50:30.733996Z] === Watch cycle start ===
[2026-09-18T00:50:30.751384Z] Registered new inbound task: probe-001
[2026-09-18T00:50:30.755711Z] Closed probe probe-001 (RECEIPT)
[2026-09-18T00:50:30.760638Z] Closed probe-001 via receipt
[2026-09-18T00:50:30.765203Z] === Cycle complete, pending=1 ===
[2026-09-18T00:51:00.771404Z] === Watch cycle start ===
[2026-09-18T00:51:00.787904Z] Registered new inbound task: probe-001
[2026-09-18T00:51:00.790303Z] Closed probe probe-001 (RECEIPT)
[2026-09-18T00:51:00.791166Z] Closed probe-001 via receipt
[2026-09-18T00:51:00.796094Z] === Cycle complete, pending=1 ===
[2026-09-18T00:51:30.809294Z] === Watch cycle start ===
[2026-09-18T00:51:30.882905Z] Registered new inbound task: probe-001
[2026-09-18T00:51:30.952164Z] Closed probe probe-001 (RECEIPT)
[2026-09-18T00:51:30.963562Z] Closed probe-001 via receipt
[2026-09-18T00:51:30.969006Z] === Cycle complete, pending=1 ===
[2026-09-18T00:52:00.970712Z] === Watch cycle start ===
[2026-09-18T00:52:00.993192Z] Registered new inbound task: probe-001
[2026-09-18T00:52:01.009253Z] Closed probe probe-001 (RECEIPT)
[2026-09-18T00:52:01.015746Z] Closed probe-001 via receipt
[2026-09-18T00:52:01.021170Z] === Cycle complete, pending=1 ===
[2026-09-18T00:52:31.030887Z] === Watch cycle start ===
[2026-09-18T00:52:31.038722Z] Registered new inbound task: probe-001
[2026-09-18T00:52:31.040549Z] Closed probe probe-001 (RECEIPT)
[2026-09-18T00:52:31.041291Z] Closed probe-001 via receipt
[2026-09-18T00:52:31.042793Z] === Cycle complete, pending=1 ===
[2026-09-18T00:53:01.044817Z] === Watch cycle start ===
[2026-09-18T00:53:01.052937Z] Registered new inbound task: probe-001
[2026-09-18T00:53:01.054002Z] Closed probe probe-001 (RECEIPT)
[2026-09-18T00:53:01.054454Z] Closed probe-001 via receipt
[2026-09-18T00:53:01.055454Z] === Cycle complete, pending=1 ===
[2026-09-18T00:53:31.056206Z] === Watch cycle start ===
[2026-09-18T00:53:31.059555Z] Registered new inbound task: probe-001
[2026-09-18T00:53:31.060667Z] Closed probe probe-001 (RECEIPT)
[2026-09-18T00:53:31.061236Z] Closed probe-001 via receipt
[2026-09-18T00:53:31.062210Z] === Cycle complete, pending=1 ===
[2026-09-18T00:54:01.066917Z] === Watch cycle start ===
[2026-09-18T00:54:01.095619Z] Registered new inbound task: probe-001
[2026-09-18T00:54:01.098397Z] Closed probe probe-001 (RECEIPT)
[2026-09-18T00:54:01.099409Z] Closed probe-001 via receipt
[2026-09-18T00:54:01.101858Z] === Cycle complete, pending=1 ===
[2026-09-18T00:54:31.117299Z] === Watch cycle start ===
[2026-09-18T00:54:31.120836Z] Registered new inbound task: probe-001
[2026-09-18T00:54:31.121836Z] Closed probe probe-001 (RECEIPT)
[2026-09-18T00:54:31.122294Z] Closed probe-001 via receipt
[2026-09-18T00:54:31.133710Z] === Cycle complete, pending=1 ===
[2026-09-18T00:55:01.135836Z] === Watch cycle start ===
[2026-09-18T00:55:01.154139Z] Registered new inbound task: probe-001
[2026-09-18T00:55:01.156244Z] Closed probe probe-001 (RECEIPT)
[2026-09-18T00:55:01.160849Z] Closed probe-001 via receipt
[2026-09-18T00:55:01.162156Z] === Cycle complete, pending=1 ===
[2026-09-18T00:55:31.163419Z] === Watch cycle start ===
[2026-09-18T00:55:31.168461Z] Registered new inbound task: probe-001
[2026-09-18T00:55:31.169574Z] Closed probe probe-001 (RECEIPT)
[2026-09-18T00:55:31.170064Z] Closed probe-001 via receipt
[2026-09-18T00:55:31.171003Z] === Cycle complete, pending=1 ===
[2026-09-18T00:56:01.171922Z] === Watch cycle start ===
[2026-09-18T00:56:01.178330Z] Registered new inbound task: probe-001
[2026-09-18T00:56:01.179298Z] Closed probe probe-001 (RECEIPT)
[2026-09-18T00:56:01.179767Z] Closed probe-001 via receipt
[2026-09-18T00:56:01.180598Z] === Cycle complete, pending=1 ===
[2026-09-18T00:56:31.181353Z] === Watch cycle start ===
[2026-09-18T00:56:31.193101Z] Registered new inbound task: probe-001
[2026-09-18T00:56:31.196295Z] Closed probe probe-001 (RECEIPT)
[2026-09-18T00:56:31.197552Z] Closed probe-001 via receipt
[2026-09-18T00:56:31.200541Z] === Cycle complete, pending=1 ===
[2026-09-18T00:57:01.211175Z] === Watch cycle start ===
[2026-09-18T00:57:01.221438Z] Registered new inbound task: probe-001
[2026-09-18T00:57:01.228536Z] Closed probe probe-001 (RECEIPT)
[2026-09-18T00:57:01.229544Z] Closed probe-001 via receipt
[2026-09-18T00:57:01.230966Z] === Cycle complete, pending=1 ===
[2026-09-18T00:57:31.231860Z] === Watch cycle start ===
[2026-09-18T00:57:31.236686Z] Registered new inbound task: probe-001
[2026-09-18T00:57:31.237828Z] Closed probe probe-001 (RECEIPT)
[2026-09-18T00:57:31.238455Z] Closed probe-001 via receipt
[2026-09-18T00:57:31.239609Z] === Cycle complete, pending=1 ===
[2026-09-18T00:58:01.241232Z] === Watch cycle start ===
[2026-09-18T00:58:01.245626Z] Registered new inbound task: probe-001
[2026-09-18T00:58:01.246961Z] Closed probe probe-001 (RECEIPT)
[2026-09-18T00:58:01.247730Z] Closed probe-001 via receipt
[2026-09-18T00:58:01.248998Z] === Cycle complete, pending=1 ===
[2026-09-18T00:58:31.249948Z] === Watch cycle start ===
[2026-09-18T00:58:31.255000Z] Registered new inbound task: probe-001
[2026-09-18T00:58:31.259340Z] Closed probe probe-001 (RECEIPT)
[2026-09-18T00:58:31.261802Z] Closed probe-001 via receipt
[2026-09-18T00:58:31.263908Z] === Cycle complete, pending=1 ===
[2026-09-18T00:59:01.265774Z] === Watch cycle start ===
[2026-09-18T00:59:01.277679Z] Registered new inbound task: probe-001
[2026-09-18T00:59:01.279278Z] Closed probe probe-001 (RECEIPT)
[2026-09-18T00:59:01.280166Z] Closed probe-001 via receipt
[2026-09-18T00:59:01.281150Z] === Cycle complete, pending=1 ===
[2026-09-18T00:59:31.284787Z] === Watch cycle start ===
[2026-09-18T00:59:31.295685Z] Registered new inbound task: probe-001
[2026-09-18T00:59:31.301543Z] Closed probe probe-001 (RECEIPT)
[2026-09-18T00:59:31.303000Z] Closed probe-001 via receipt
[2026-09-18T00:59:31.308263Z] === Cycle complete, pending=1 ===
[2026-09-18T01:00:01.326394Z] === Watch cycle start ===
[2026-09-18T01:00:01.366104Z] Registered new inbound task: probe-001
[2026-09-18T01:00:01.376581Z] Closed probe probe-001 (RECEIPT)
[2026-09-18T01:00:01.382446Z] Closed probe-001 via receipt
[2026-09-18T01:00:01.417759Z] === Cycle complete, pending=1 ===
[2026-09-18T01:00:31.546344Z] === Watch cycle start ===
[2026-09-18T01:00:31.662756Z] Registered new inbound task: probe-001
[2026-09-18T01:00:31.733505Z] Closed probe probe-001 (RECEIPT)
[2026-09-18T01:00:31.794308Z] Closed probe-001 via receipt
[2026-09-18T01:00:31.842541Z] === Cycle complete, pending=1 ===
[2026-09-18T01:01:02.003982Z] === Watch cycle start ===
[2026-09-18T01:01:02.103329Z] Registered new inbound task: probe-001
[2026-09-18T01:01:02.166891Z] Closed probe probe-001 (RECEIPT)
[2026-09-18T01:01:02.261301Z] Closed probe-001 via receipt
[2026-09-18T01:01:02.342283Z] === Cycle complete, pending=1 ===
[2026-09-18T01:01:32.435538Z] === Watch cycle start ===
[2026-09-18T01:01:32.462034Z] Registered new inbound task: probe-001
[2026-09-18T01:01:32.465976Z] Closed probe probe-001 (RECEIPT)
[2026-09-18T01:01:32.478926Z] Closed probe-001 via receipt
[2026-09-18T01:01:32.488181Z] === Cycle complete, pending=1 ===
[2026-09-18T01:02:02.513146Z] === Watch cycle start ===
[2026-09-18T01:02:02.543140Z] Registered new inbound task: probe-001
[2026-09-18T01:02:02.554754Z] Closed probe probe-001 (RECEIPT)
[2026-09-18T01:02:02.557462Z] Closed probe-001 via receipt
[2026-09-18T01:02:02.587352Z] === Cycle complete, pending=1 ===
[2026-09-18T01:02:32.619493Z] === Watch cycle start ===
[2026-09-18T01:02:32.650182Z] Registered new inbound task: probe-001
[2026-09-18T01:02:32.667264Z] Closed probe probe-001 (RECEIPT)
[2026-09-18T01:02:32.683884Z] Closed probe-001 via receipt
[2026-09-18T01:02:32.711931Z] === Cycle complete, pending=1 ===
[2026-09-18T01:03:02.738739Z] === Watch cycle start ===
[2026-09-18T01:03:02.743115Z] Registered new inbound task: probe-001
[2026-09-18T01:03:02.744456Z] Closed probe probe-001 (RECEIPT)
[2026-09-18T01:03:02.748219Z] Closed probe-001 via receipt
[2026-09-18T01:03:02.749560Z] === Cycle complete, pending=1 ===
[2026-09-18T01:03:32.752713Z] === Watch cycle start ===
[2026-09-18T01:03:32.773977Z] Registered new inbound task: probe-001
[2026-09-18T01:03:32.780369Z] Closed probe probe-001 (RECEIPT)
[2026-09-18T01:03:32.786751Z] Closed probe-001 via receipt
[2026-09-18T01:03:32.797180Z] === Cycle complete, pending=1 ===
[2026-09-18T01:04:02.842596Z] === Watch cycle start ===
[2026-09-18T01:04:02.847458Z] Registered new inbound task: probe-001
[2026-09-18T01:04:02.848753Z] Closed probe probe-001 (RECEIPT)
[2026-09-18T01:04:02.849377Z] Closed probe-001 via receipt
[2026-09-18T01:04:02.850756Z] === Cycle complete, pending=1 ===
[2026-09-18T01:04:32.862401Z] === Watch cycle start ===
[2026-09-18T01:04:32.889977Z] Registered new inbound task: probe-001
[2026-09-18T01:04:32.917266Z] Closed probe probe-001 (RECEIPT)
[2026-09-18T01:04:32.947812Z] Closed probe-001 via receipt
[2026-09-18T01:04:32.962413Z] === Cycle complete, pending=1 ===
[2026-09-18T01:05:02.979888Z] === Watch cycle start ===
[2026-09-18T01:05:03.002124Z] Registered new inbound task: probe-001
[2026-09-18T01:05:03.012955Z] Closed probe probe-001 (RECEIPT)
[2026-09-18T01:05:03.022885Z] Closed probe-001 via receipt
[2026-09-18T01:05:03.026330Z] === Cycle complete, pending=1 ===
[2026-09-18T01:05:33.030735Z] === Watch cycle start ===
[2026-09-18T01:05:33.045023Z] Registered new inbound task: probe-001
[2026-09-18T01:05:33.050263Z] Closed probe probe-001 (RECEIPT)
[2026-09-18T01:05:33.051965Z] Closed probe-001 via receipt
[2026-09-18T01:05:33.054840Z] === Cycle complete, pending=1 ===
[2026-09-18T01:06:03.077740Z] === Watch cycle start ===
[2026-09-18T01:06:03.113171Z] Registered new inbound task: probe-001
[2026-09-18T01:06:03.180255Z] Closed probe probe-001 (RECEIPT)
[2026-09-18T01:06:03.240838Z] Closed probe-001 via receipt
[2026-09-18T01:06:03.262249Z] === Cycle complete, pending=1 ===
[2026-09-18T01:06:33.303948Z] === Watch cycle start ===
[2026-09-18T01:06:33.349407Z] Registered new inbound task: probe-001
[2026-09-18T01:06:33.365670Z] Closed probe probe-001 (RECEIPT)
[2026-09-18T01:06:33.371524Z] Closed probe-001 via receipt
[2026-09-18T01:06:33.376823Z] === Cycle complete, pending=1 ===
[2026-09-18T01:07:03.392009Z] === Watch cycle start ===
[2026-09-18T01:07:03.459912Z] Registered new inbound task: probe-001
[2026-09-18T01:07:03.514499Z] Closed probe probe-001 (RECEIPT)
[2026-09-18T01:07:03.532791Z] Closed probe-001 via receipt
[2026-09-18T01:07:03.552544Z] === Cycle complete, pending=1 ===
[2026-09-18T01:07:33.620529Z] === Watch cycle start ===
[2026-09-18T01:07:33.700129Z] Registered new inbound task: probe-001
[2026-09-18T01:07:33.753740Z] Closed probe probe-001 (RECEIPT)
[2026-09-18T01:07:33.823463Z] Closed probe-001 via receipt
[2026-09-18T01:07:33.861699Z] === Cycle complete, pending=1 ===
[2026-09-18T01:08:03.925074Z] === Watch cycle start ===
[2026-09-18T01:08:03.977680Z] Registered new inbound task: probe-001
[2026-09-18T01:08:03.991158Z] Closed probe probe-001 (RECEIPT)
[2026-09-18T01:08:03.994283Z] Closed probe-001 via receipt
[2026-09-18T01:08:03.996801Z] === Cycle complete, pending=1 ===
[2026-09-18T01:08:34.028259Z] === Watch cycle start ===
[2026-09-18T01:08:34.074809Z] Registered new inbound task: probe-001
[2026-09-18T01:08:34.130777Z] Closed probe probe-001 (RECEIPT)
[2026-09-18T01:08:34.158268Z] Closed probe-001 via receipt
[2026-09-18T01:08:34.238744Z] === Cycle complete, pending=1 ===
[2026-09-18T01:09:04.282234Z] === Watch cycle start ===
[2026-09-18T01:09:04.320842Z] Registered new inbound task: probe-001
[2026-09-18T01:09:04.349388Z] Closed probe probe-001 (RECEIPT)
[2026-09-18T01:09:04.379098Z] Closed probe-001 via receipt
[2026-09-18T01:09:04.389168Z] === Cycle complete, pending=1 ===
[2026-09-18T01:09:34.414753Z] === Watch cycle start ===
[2026-09-18T01:09:34.432041Z] Registered new inbound task: probe-001
[2026-09-18T01:09:34.449306Z] Closed probe probe-001 (RECEIPT)
[2026-09-18T01:09:34.457507Z] Closed probe-001 via receipt
[2026-09-18T01:09:34.472927Z] === Cycle complete, pending=1 ===
[2026-09-18T01:10:04.488394Z] === Watch cycle start ===
[2026-09-18T01:10:04.495037Z] Registered new inbound task: probe-001
[2026-09-18T01:10:04.496515Z] Closed probe probe-001 (RECEIPT)
[2026-09-18T01:10:04.497157Z] Closed probe-001 via receipt
[2026-09-18T01:10:04.498458Z] === Cycle complete, pending=1 ===
[2026-09-18T01:10:34.514765Z] === Watch cycle start ===
[2026-09-18T01:10:34.575136Z] Registered new inbound task: probe-001
[2026-09-18T01:10:34.585122Z] Closed probe probe-001 (RECEIPT)
[2026-09-18T01:10:34.599612Z] Closed probe-001 via receipt
[2026-09-18T01:10:34.603663Z] === Cycle complete, pending=1 ===
[2026-09-18T01:11:04.623963Z] === Watch cycle start ===
[2026-09-18T01:11:04.638228Z] Registered new inbound task: probe-001
[2026-09-18T01:11:04.653771Z] Closed probe probe-001 (RECEIPT)
[2026-09-18T01:11:04.675479Z] Closed probe-001 via receipt
[2026-09-18T01:11:04.693499Z] === Cycle complete, pending=1 ===
[2026-09-18T01:11:34.719693Z] === Watch cycle start ===
[2026-09-18T01:11:34.735117Z] Registered new inbound task: probe-001
[2026-09-18T01:11:34.758941Z] Closed probe probe-001 (RECEIPT)
[2026-09-18T01:11:34.765939Z] Closed probe-001 via receipt
[2026-09-18T01:11:34.776341Z] === Cycle complete, pending=1 ===
[2026-09-18T01:12:04.804161Z] === Watch cycle start ===
[2026-09-18T01:12:04.852740Z] Registered new inbound task: probe-001
[2026-09-18T01:12:04.869416Z] Closed probe probe-001 (RECEIPT)
[2026-09-18T01:12:04.890684Z] Closed probe-001 via receipt
[2026-09-18T01:12:04.905266Z] === Cycle complete, pending=1 ===
[2026-09-18T01:12:34.926205Z] === Watch cycle start ===
[2026-09-18T01:12:34.953164Z] Registered new inbound task: probe-001
[2026-09-18T01:12:34.968763Z] Closed probe probe-001 (RECEIPT)
[2026-09-18T01:12:34.983976Z] Closed probe-001 via receipt
[2026-09-18T01:12:34.989280Z] === Cycle complete, pending=1 ===
[2026-09-18T01:13:05.008588Z] === Watch cycle start ===
[2026-09-18T01:13:05.030964Z] Registered new inbound task: probe-001
[2026-09-18T01:13:05.042469Z] Closed probe probe-001 (RECEIPT)
[2026-09-18T01:13:05.059799Z] Closed probe-001 via receipt
[2026-09-18T01:13:05.064709Z] === Cycle complete, pending=1 ===
[2026-09-18T01:13:35.088530Z] === Watch cycle start ===
[2026-09-18T01:13:35.093125Z] Registered new inbound task: probe-001
[2026-09-18T01:13:35.097066Z] Closed probe probe-001 (RECEIPT)
[2026-09-18T01:13:35.098996Z] Closed probe-001 via receipt
[2026-09-18T01:13:35.101328Z] === Cycle complete, pending=1 ===
[2026-09-18T01:14:05.111738Z] === Watch cycle start ===
[2026-09-18T01:14:05.127768Z] Registered new inbound task: probe-001
[2026-09-18T01:14:05.129724Z] Closed probe probe-001 (RECEIPT)
[2026-09-18T01:14:05.130813Z] Closed probe-001 via receipt
[2026-09-18T01:14:05.132289Z] === Cycle complete, pending=1 ===
[2026-09-18T01:14:35.136472Z] === Watch cycle start ===
[2026-09-18T01:14:35.154402Z] Registered new inbound task: probe-001
[2026-09-18T01:14:35.162848Z] Closed probe probe-001 (RECEIPT)
[2026-09-18T01:14:35.168700Z] Closed probe-001 via receipt
[2026-09-18T01:14:35.174474Z] === Cycle complete, pending=1 ===
[2026-09-18T01:15:05.176025Z] === Watch cycle start ===
[2026-09-18T01:15:05.183114Z] Registered new inbound task: probe-001
[2026-09-18T01:15:05.194155Z] Closed probe probe-001 (RECEIPT)
[2026-09-18T01:15:05.201897Z] Closed probe-001 via receipt
[2026-09-18T01:15:05.209651Z] === Cycle complete, pending=1 ===
[2026-09-18T01:15:35.247002Z] === Watch cycle start ===
[2026-09-18T01:15:35.373010Z] Registered new inbound task: probe-001
[2026-09-18T01:15:35.379473Z] Closed probe probe-001 (RECEIPT)
[2026-09-18T01:15:35.397128Z] Closed probe-001 via receipt
[2026-09-18T01:15:35.418776Z] === Cycle complete, pending=1 ===
[2026-09-18T01:16:05.458213Z] === Watch cycle start ===
[2026-09-18T01:16:05.481518Z] Registered new inbound task: probe-001
[2026-09-18T01:16:05.486150Z] Closed probe probe-001 (RECEIPT)
[2026-09-18T01:16:05.495477Z] Closed probe-001 via receipt
[2026-09-18T01:16:05.508438Z] === Cycle complete, pending=1 ===
[2026-09-18T01:16:35.531465Z] === Watch cycle start ===
[2026-09-18T01:16:35.574558Z] Registered new inbound task: probe-001
[2026-09-18T01:16:35.596288Z] Closed probe probe-001 (RECEIPT)
[2026-09-18T01:16:35.619692Z] Closed probe-001 via receipt
[2026-09-18T01:16:35.641908Z] === Cycle complete, pending=1 ===
[2026-09-18T01:17:05.661731Z] === Watch cycle start ===
[2026-09-18T01:17:05.667208Z] Registered new inbound task: probe-001
[2026-09-18T01:17:05.674736Z] Closed probe probe-001 (RECEIPT)
[2026-09-18T01:17:05.677866Z] Closed probe-001 via receipt
[2026-09-18T01:17:05.679733Z] STALE: soak-001 past deadline + 30min grace
[2026-09-18T01:17:05.685323Z] === Cycle complete, pending=0 ===
[2026-09-18T01:17:35.692322Z] === Watch cycle start ===
[2026-09-18T01:17:35.734046Z] Registered new inbound task: probe-001
[2026-09-18T01:17:35.740941Z] Registered new inbound task: soak-001
[2026-09-18T01:17:35.752474Z] Closed probe probe-001 (RECEIPT)
[2026-09-18T01:17:35.766039Z] Closed probe-001 via receipt
[2026-09-18T01:17:35.767691Z] === Cycle complete, pending=1 ===
[2026-09-18T01:18:06.016883Z] === Watch cycle start ===
[2026-09-18T01:18:06.351333Z] Registered new inbound task: probe-001
[2026-09-18T01:18:06.508722Z] Closed probe probe-001 (RECEIPT)
[2026-09-18T01:18:06.642576Z] Closed probe-001 via receipt
[2026-09-18T01:18:06.768147Z] === Cycle complete, pending=1 ===
[2026-09-18T01:18:36.936475Z] === Watch cycle start ===
[2026-09-18T01:18:37.042481Z] Registered new inbound task: probe-001
[2026-09-18T01:18:37.090181Z] Closed probe probe-001 (RECEIPT)
[2026-09-18T01:18:37.160471Z] Closed probe-001 via receipt
[2026-09-18T01:18:37.310939Z] === Cycle complete, pending=1 ===
[2026-09-18T01:19:07.413865Z] === Watch cycle start ===
[2026-09-18T01:19:07.574754Z] Registered new inbound task: probe-001
[2026-09-18T01:19:07.593380Z] Closed probe probe-001 (RECEIPT)
[2026-09-18T01:19:07.680799Z] Closed probe-001 via receipt
[2026-09-18T01:19:07.718983Z] === Cycle complete, pending=1 ===
[2026-09-18T01:19:37.735858Z] === Watch cycle start ===
[2026-09-18T01:19:37.740583Z] Registered new inbound task: probe-001
[2026-09-18T01:19:37.743522Z] Closed probe probe-001 (RECEIPT)
[2026-09-18T01:19:37.745288Z] Closed probe-001 via receipt
[2026-09-18T01:19:37.746484Z] === Cycle complete, pending=1 ===
[2026-09-18T01:20:07.750209Z] === Watch cycle start ===
[2026-09-18T01:20:07.753714Z] Registered new inbound task: probe-001
[2026-09-18T01:20:07.758657Z] Closed probe probe-001 (RECEIPT)
[2026-09-18T01:20:07.762959Z] Closed probe-001 via receipt
[2026-09-18T01:20:07.764357Z] === Cycle complete, pending=1 ===
[2026-09-18T01:20:37.771585Z] === Watch cycle start ===
[2026-09-18T01:20:37.776040Z] Registered new inbound task: probe-001
[2026-09-18T01:20:37.777627Z] Closed probe probe-001 (RECEIPT)
[2026-09-18T01:20:37.778265Z] Closed probe-001 via receipt
[2026-09-18T01:20:37.780439Z] === Cycle complete, pending=1 ===
[2026-09-18T01:21:07.789891Z] === Watch cycle start ===
[2026-09-18T01:21:07.797642Z] Registered new inbound task: probe-001
[2026-09-18T01:21:07.802643Z] Closed probe probe-001 (RECEIPT)
[2026-09-18T01:21:07.806521Z] Closed probe-001 via receipt
[2026-09-18T01:21:07.811847Z] === Cycle complete, pending=1 ===
[2026-09-18T01:21:37.815482Z] === Watch cycle start ===
[2026-09-18T01:21:37.823291Z] Registered new inbound task: probe-001
[2026-09-18T01:21:37.824759Z] Closed probe probe-001 (RECEIPT)
[2026-09-18T01:21:37.825355Z] Closed probe-001 via receipt
[2026-09-18T01:21:37.831232Z] === Cycle complete, pending=1 ===
[2026-09-18T01:22:07.836485Z] === Watch cycle start ===
[2026-09-18T01:22:07.844956Z] Registered new inbound task: probe-001
[2026-09-18T01:22:07.846604Z] Closed probe probe-001 (RECEIPT)
[2026-09-18T01:22:07.848098Z] Closed probe-001 via receipt
[2026-09-18T01:22:07.850034Z] === Cycle complete, pending=1 ===
[2026-09-18T01:22:37.855165Z] === Watch cycle start ===
[2026-09-18T01:22:37.860711Z] Registered new inbound task: probe-001
[2026-09-18T01:22:37.862200Z] Closed probe probe-001 (RECEIPT)
[2026-09-18T01:22:37.862841Z] Closed probe-001 via receipt
[2026-09-18T01:22:37.864077Z] === Cycle complete, pending=1 ===
[2026-09-18T01:23:07.865139Z] === Watch cycle start ===
[2026-09-18T01:23:07.880125Z] Registered new inbound task: probe-001
[2026-09-18T01:23:07.891953Z] Closed probe probe-001 (RECEIPT)
[2026-09-18T01:23:07.896037Z] Closed probe-001 via receipt
[2026-09-18T01:23:07.900582Z] === Cycle complete, pending=1 ===
[2026-09-18T01:23:37.903105Z] === Watch cycle start ===
[2026-09-18T01:23:37.907937Z] Registered new inbound task: probe-001
[2026-09-18T01:23:37.909025Z] Closed probe probe-001 (RECEIPT)
[2026-09-18T01:23:37.909535Z] Closed probe-001 via receipt
[2026-09-18T01:23:37.910638Z] === Cycle complete, pending=1 ===
[2026-09-18T01:24:07.912245Z] === Watch cycle start ===
[2026-09-18T01:24:07.915928Z] Registered new inbound task: probe-001
[2026-09-18T01:24:07.917173Z] Closed probe probe-001 (RECEIPT)
[2026-09-18T01:24:07.917723Z] Closed probe-001 via receipt
[2026-09-18T01:24:07.918766Z] === Cycle complete, pending=1 ===
[2026-09-18T01:24:37.920770Z] === Watch cycle start ===
[2026-09-18T01:24:37.927155Z] Registered new inbound task: probe-001
[2026-09-18T01:24:37.928335Z] Closed probe probe-001 (RECEIPT)
[2026-09-18T01:24:37.928889Z] Closed probe-001 via receipt
[2026-09-18T01:24:37.930067Z] === Cycle complete, pending=1 ===
[2026-09-18T01:25:07.931172Z] === Watch cycle start ===
[2026-09-18T01:25:07.935582Z] Registered new inbound task: probe-001
[2026-09-18T01:25:07.939161Z] Closed probe probe-001 (RECEIPT)
[2026-09-18T01:25:07.939944Z] Closed probe-001 via receipt
[2026-09-18T01:25:07.940985Z] === Cycle complete, pending=1 ===
[2026-09-18T01:25:37.943929Z] === Watch cycle start ===
[2026-09-18T01:25:37.949117Z] Registered new inbound task: probe-001
[2026-09-18T01:25:37.950477Z] Closed probe probe-001 (RECEIPT)
[2026-09-18T01:25:37.951026Z] Closed probe-001 via receipt
[2026-09-18T01:25:37.952118Z] === Cycle complete, pending=1 ===
[2026-09-18T01:26:07.953683Z] === Watch cycle start ===
[2026-09-18T01:26:07.957625Z] Registered new inbound task: probe-001
[2026-09-18T01:26:07.958626Z] Closed probe probe-001 (RECEIPT)
[2026-09-18T01:26:07.959077Z] Closed probe-001 via receipt
[2026-09-18T01:26:07.959957Z] === Cycle complete, pending=1 ===
[2026-09-18T01:26:37.961316Z] === Watch cycle start ===
[2026-09-18T01:26:37.964571Z] Registered new inbound task: probe-001
[2026-09-18T01:26:37.965580Z] Closed probe probe-001 (RECEIPT)
[2026-09-18T01:26:37.966059Z] Closed probe-001 via receipt
[2026-09-18T01:26:37.967340Z] === Cycle complete, pending=1 ===
[2026-09-18T01:27:07.968119Z] === Watch cycle start ===
[2026-09-18T01:27:07.972144Z] Registered new inbound task: probe-001
[2026-09-18T01:27:07.976942Z] Closed probe probe-001 (RECEIPT)
[2026-09-18T01:27:07.977644Z] Closed probe-001 via receipt
[2026-09-18T01:27:07.978758Z] === Cycle complete, pending=1 ===
[2026-09-18T01:27:37.979635Z] === Watch cycle start ===
[2026-09-18T01:27:37.984631Z] Registered new inbound task: probe-001
[2026-09-18T01:27:37.985923Z] Closed probe probe-001 (RECEIPT)
[2026-09-18T01:27:37.986466Z] Closed probe-001 via receipt
[2026-09-18T01:27:37.987918Z] === Cycle complete, pending=1 ===
[2026-09-18T01:28:07.988741Z] === Watch cycle start ===
[2026-09-18T01:28:08.013608Z] Registered new inbound task: probe-001
[2026-09-18T01:28:08.029080Z] Closed probe probe-001 (RECEIPT)
[2026-09-18T01:28:08.041889Z] Closed probe-001 via receipt
[2026-09-18T01:28:08.049751Z] === Cycle complete, pending=1 ===
[2026-09-18T01:28:38.060704Z] === Watch cycle start ===
[2026-09-18T01:28:38.075176Z] Registered new inbound task: probe-001
[2026-09-18T01:28:38.077037Z] Closed probe probe-001 (RECEIPT)
[2026-09-18T01:28:38.078211Z] Closed probe-001 via receipt
[2026-09-18T01:28:38.080613Z] === Cycle complete, pending=1 ===
[2026-09-18T01:29:08.132007Z] === Watch cycle start ===
[2026-09-18T01:29:08.145707Z] Registered new inbound task: probe-001
[2026-09-18T01:29:08.151655Z] Closed probe probe-001 (RECEIPT)
[2026-09-18T01:29:08.153516Z] Closed probe-001 via receipt
[2026-09-18T01:29:08.154999Z] === Cycle complete, pending=1 ===
[2026-09-18T01:29:38.156790Z] === Watch cycle start ===
[2026-09-18T01:29:38.162205Z] Registered new inbound task: probe-001
[2026-09-18T01:29:38.163868Z] Closed probe probe-001 (RECEIPT)
[2026-09-18T01:29:38.164707Z] Closed probe-001 via receipt
[2026-09-18T01:29:38.165910Z] === Cycle complete, pending=1 ===
[2026-09-18T01:30:08.166781Z] === Watch cycle start ===
[2026-09-18T01:30:08.171713Z] Registered new inbound task: probe-001
[2026-09-18T01:30:08.173025Z] Closed probe probe-001 (RECEIPT)
[2026-09-18T01:30:08.173586Z] Closed probe-001 via receipt
[2026-09-18T01:30:08.174816Z] === Cycle complete, pending=1 ===
[2026-09-18T01:30:38.176186Z] === Watch cycle start ===
[2026-09-18T01:30:38.184092Z] Registered new inbound task: probe-001
[2026-09-18T01:30:38.185771Z] Closed probe probe-001 (RECEIPT)
[2026-09-18T01:30:38.186862Z] Closed probe-001 via receipt
[2026-09-18T01:30:38.188335Z] === Cycle complete, pending=1 ===
[2026-09-18T01:31:08.192265Z] === Watch cycle start ===
[2026-09-18T01:31:08.248592Z] Registered new inbound task: probe-001
[2026-09-18T01:31:08.263280Z] Closed probe probe-001 (RECEIPT)
[2026-09-18T01:31:08.275468Z] Closed probe-001 via receipt
[2026-09-18T01:31:08.296311Z] === Cycle complete, pending=1 ===
[2026-09-18T01:31:38.318547Z] === Watch cycle start ===
[2026-09-18T01:31:38.327150Z] Registered new inbound task: probe-001
[2026-09-18T01:31:38.329690Z] Closed probe probe-001 (RECEIPT)
[2026-09-18T01:31:38.332309Z] Closed probe-001 via receipt
[2026-09-18T01:31:38.336181Z] === Cycle complete, pending=1 ===
[2026-09-18T01:32:08.352705Z] === Watch cycle start ===
[2026-09-18T01:32:08.415989Z] Registered new inbound task: probe-001
[2026-09-18T01:32:08.430721Z] Closed probe probe-001 (RECEIPT)
[2026-09-18T01:32:08.436364Z] Closed probe-001 via receipt
[2026-09-18T01:32:08.439210Z] === Cycle complete, pending=1 ===
[2026-09-18T01:32:38.446611Z] === Watch cycle start ===
[2026-09-18T01:32:38.457791Z] Registered new inbound task: probe-001
[2026-09-18T01:32:38.460124Z] Closed probe probe-001 (RECEIPT)
[2026-09-18T01:32:38.462285Z] Closed probe-001 via receipt
[2026-09-18T01:32:38.466000Z] === Cycle complete, pending=1 ===
[2026-09-18T01:33:08.484310Z] === Watch cycle start ===
[2026-09-18T01:33:08.491140Z] Registered new inbound task: probe-001
[2026-09-18T01:33:08.499644Z] Closed probe probe-001 (RECEIPT)
[2026-09-18T01:33:08.501364Z] Closed probe-001 via receipt
[2026-09-18T01:33:08.506909Z] === Cycle complete, pending=1 ===
[2026-09-18T01:33:38.551128Z] === Watch cycle start ===
[2026-09-18T01:33:38.580943Z] Registered new inbound task: probe-001
[2026-09-18T01:33:38.600856Z] Closed probe probe-001 (RECEIPT)
[2026-09-18T01:33:38.606516Z] Closed probe-001 via receipt
[2026-09-18T01:33:38.623559Z] === Cycle complete, pending=1 ===
[2026-09-18T01:34:08.655371Z] === Watch cycle start ===
[2026-09-18T01:34:08.682159Z] Registered new inbound task: probe-001
[2026-09-18T01:34:08.706915Z] Closed probe probe-001 (RECEIPT)
[2026-09-18T01:34:08.757866Z] Closed probe-001 via receipt
[2026-09-18T01:34:08.800884Z] === Cycle complete, pending=1 ===
[2026-09-18T01:34:38.823928Z] === Watch cycle start ===
[2026-09-18T01:34:38.830217Z] Registered new inbound task: probe-001
[2026-09-18T01:34:38.831894Z] Closed probe probe-001 (RECEIPT)
[2026-09-18T01:34:38.832634Z] Closed probe-001 via receipt
[2026-09-18T01:34:38.833982Z] === Cycle complete, pending=1 ===
[2026-09-18T01:35:08.840545Z] === Watch cycle start ===
[2026-09-18T01:35:08.848236Z] Registered new inbound task: probe-001
[2026-09-18T01:35:08.859576Z] Closed probe probe-001 (RECEIPT)
[2026-09-18T01:35:08.862037Z] Closed probe-001 via receipt
[2026-09-18T01:35:08.863812Z] === Cycle complete, pending=1 ===
[2026-09-18T01:35:38.865794Z] === Watch cycle start ===
[2026-09-18T01:35:38.874484Z] Registered new inbound task: probe-001
[2026-09-18T01:35:38.875928Z] Closed probe probe-001 (RECEIPT)
[2026-09-18T01:35:38.876619Z] Closed probe-001 via receipt
[2026-09-18T01:35:38.877922Z] === Cycle complete, pending=1 ===
[2026-09-18T01:36:08.880341Z] === Watch cycle start ===
[2026-09-18T01:36:08.912252Z] Registered new inbound task: probe-001
[2026-09-18T01:36:08.917764Z] Closed probe probe-001 (RECEIPT)
[2026-09-18T01:36:08.931577Z] Closed probe-001 via receipt
[2026-09-18T01:36:08.936939Z] === Cycle complete, pending=1 ===
[2026-09-18T01:36:38.943531Z] === Watch cycle start ===
[2026-09-18T01:36:38.947563Z] Registered new inbound task: probe-001
[2026-09-18T01:36:38.948570Z] Closed probe probe-001 (RECEIPT)
[2026-09-18T01:36:38.949037Z] Closed probe-001 via receipt
[2026-09-18T01:36:38.950234Z] === Cycle complete, pending=1 ===
[2026-09-18T01:37:08.954818Z] === Watch cycle start ===
[2026-09-18T01:37:08.965700Z] Registered new inbound task: probe-001
[2026-09-18T01:37:08.967264Z] Closed probe probe-001 (RECEIPT)
[2026-09-18T01:37:08.968480Z] Closed probe-001 via receipt
[2026-09-18T01:37:08.972118Z] === Cycle complete, pending=1 ===
[2026-09-18T01:37:38.975444Z] === Watch cycle start ===
[2026-09-18T01:37:38.981383Z] Registered new inbound task: probe-001
[2026-09-18T01:37:38.982802Z] Closed probe probe-001 (RECEIPT)
[2026-09-18T01:37:38.983712Z] Closed probe-001 via receipt
[2026-09-18T01:37:38.985789Z] === Cycle complete, pending=1 ===
[2026-09-18T01:38:08.990977Z] === Watch cycle start ===
[2026-09-18T01:38:09.009107Z] Registered new inbound task: probe-001
[2026-09-18T01:38:09.011007Z] Closed probe probe-001 (RECEIPT)
[2026-09-18T01:38:09.011953Z] Closed probe-001 via receipt
[2026-09-18T01:38:09.013304Z] === Cycle complete, pending=1 ===
[2026-09-18T01:38:39.037812Z] === Watch cycle start ===
[2026-09-18T01:38:39.087799Z] Registered new inbound task: probe-001
[2026-09-18T01:38:39.159202Z] Closed probe probe-001 (RECEIPT)
[2026-09-18T01:38:39.192331Z] Closed probe-001 via receipt
[2026-09-18T01:38:39.268740Z] === Cycle complete, pending=1 ===
[2026-09-18T01:39:09.292935Z] === Watch cycle start ===
[2026-09-18T01:39:09.321505Z] Registered new inbound task: probe-001
[2026-09-18T01:39:09.322582Z] Closed probe probe-001 (RECEIPT)
[2026-09-18T01:39:09.323055Z] Closed probe-001 via receipt
[2026-09-18T01:39:09.324004Z] === Cycle complete, pending=1 ===
[2026-09-18T01:39:39.325435Z] === Watch cycle start ===
[2026-09-18T01:39:39.329426Z] Registered new inbound task: probe-001
[2026-09-18T01:39:39.330468Z] Closed probe probe-001 (RECEIPT)
[2026-09-18T01:39:39.330940Z] Closed probe-001 via receipt
[2026-09-18T01:39:39.331879Z] === Cycle complete, pending=1 ===
[2026-09-18T01:40:09.333286Z] === Watch cycle start ===
[2026-09-18T01:40:09.342332Z] Registered new inbound task: probe-001
[2026-09-18T01:40:09.343846Z] Closed probe probe-001 (RECEIPT)
[2026-09-18T01:40:09.344358Z] Closed probe-001 via receipt
[2026-09-18T01:40:09.345271Z] === Cycle complete, pending=1 ===
[2026-09-18T01:40:39.346770Z] === Watch cycle start ===
[2026-09-18T01:40:39.350814Z] Registered new inbound task: probe-001
[2026-09-18T01:40:39.351811Z] Closed probe probe-001 (RECEIPT)
[2026-09-18T01:40:39.352240Z] Closed probe-001 via receipt
[2026-09-18T01:40:39.353383Z] === Cycle complete, pending=1 ===
[2026-09-18T01:41:09.354643Z] === Watch cycle start ===
[2026-09-18T01:41:09.366338Z] Registered new inbound task: probe-001
[2026-09-18T01:41:09.367829Z] Closed probe probe-001 (RECEIPT)
[2026-09-18T01:41:09.368519Z] Closed probe-001 via receipt
[2026-09-18T01:41:09.369571Z] === Cycle complete, pending=1 ===
[2026-09-18T01:41:39.375848Z] === Watch cycle start ===
[2026-09-18T01:41:39.412075Z] Registered new inbound task: probe-001
[2026-09-18T01:41:39.430278Z] Closed probe probe-001 (RECEIPT)
[2026-09-18T01:41:39.430899Z] Closed probe-001 via receipt
[2026-09-18T01:41:39.435775Z] === Cycle complete, pending=1 ===
[2026-09-18T01:42:09.437266Z] === Watch cycle start ===
[2026-09-18T01:42:09.446087Z] Registered new inbound task: probe-001
[2026-09-18T01:42:09.447376Z] Closed probe probe-001 (RECEIPT)
[2026-09-18T01:42:09.447937Z] Closed probe-001 via receipt
[2026-09-18T01:42:09.449007Z] === Cycle complete, pending=1 ===
[2026-09-18T01:42:39.456094Z] === Watch cycle start ===
[2026-09-18T01:42:39.473685Z] Registered new inbound task: probe-001
[2026-09-18T01:42:39.487705Z] Closed probe probe-001 (RECEIPT)
[2026-09-18T01:42:39.489640Z] Closed probe-001 via receipt
[2026-09-18T01:42:39.504690Z] === Cycle complete, pending=1 ===
[2026-09-18T01:43:09.527371Z] === Watch cycle start ===
[2026-09-18T01:43:09.558417Z] Registered new inbound task: probe-001
[2026-09-18T01:43:09.581704Z] Closed probe probe-001 (RECEIPT)
[2026-09-18T01:43:09.607234Z] Closed probe-001 via receipt
[2026-09-18T01:43:09.637034Z] === Cycle complete, pending=1 ===
[2026-09-18T01:43:39.657311Z] === Watch cycle start ===
[2026-09-18T01:43:39.666727Z] Registered new inbound task: probe-001
[2026-09-18T01:43:39.669920Z] Closed probe probe-001 (RECEIPT)
[2026-09-18T01:43:39.671440Z] Closed probe-001 via receipt
[2026-09-18T01:43:39.673153Z] === Cycle complete, pending=1 ===
[2026-09-18T01:44:09.674424Z] === Watch cycle start ===
[2026-09-18T01:44:09.679441Z] Registered new inbound task: probe-001
[2026-09-18T01:44:09.680575Z] Closed probe probe-001 (RECEIPT)
[2026-09-18T01:44:09.681196Z] Closed probe-001 via receipt
[2026-09-18T01:44:09.682648Z] === Cycle complete, pending=1 ===
[2026-09-18T01:44:39.723912Z] === Watch cycle start ===
[2026-09-18T01:44:39.795849Z] Registered new inbound task: probe-001
[2026-09-18T01:44:39.814548Z] Closed probe probe-001 (RECEIPT)
[2026-09-18T01:44:39.865864Z] Closed probe-001 via receipt
[2026-09-18T01:44:39.909000Z] === Cycle complete, pending=1 ===
[2026-09-18T01:45:09.944675Z] === Watch cycle start ===
[2026-09-18T01:45:09.996540Z] Registered new inbound task: probe-001
[2026-09-18T01:45:10.053253Z] Closed probe probe-001 (RECEIPT)
[2026-09-18T01:45:10.083209Z] Closed probe-001 via receipt
[2026-09-18T01:45:10.198008Z] === Cycle complete, pending=1 ===
[2026-09-18T01:45:40.245456Z] === Watch cycle start ===
[2026-09-18T01:45:40.252095Z] Registered new inbound task: probe-001
[2026-09-18T01:45:40.253957Z] Closed probe probe-001 (RECEIPT)
[2026-09-18T01:45:40.257091Z] Closed probe-001 via receipt
[2026-09-18T01:45:40.258660Z] === Cycle complete, pending=1 ===
[2026-09-18T01:46:10.278552Z] === Watch cycle start ===
[2026-09-18T01:46:10.331991Z] Registered new inbound task: probe-001
[2026-09-18T01:46:10.339128Z] Closed probe probe-001 (RECEIPT)
[2026-09-18T01:46:10.361615Z] Closed probe-001 via receipt
[2026-09-18T01:46:10.374312Z] === Cycle complete, pending=1 ===
[2026-09-18T01:46:40.423817Z] === Watch cycle start ===
[2026-09-18T01:46:40.524064Z] Registered new inbound task: probe-001
[2026-09-18T01:46:40.559499Z] Closed probe probe-001 (RECEIPT)
[2026-09-18T01:46:40.581245Z] Closed probe-001 via receipt
[2026-09-18T01:46:40.609717Z] === Cycle complete, pending=1 ===
[2026-09-18T01:47:10.636126Z] === Watch cycle start ===
[2026-09-18T01:47:10.640442Z] Registered new inbound task: probe-001
[2026-09-18T01:47:10.642297Z] Closed probe probe-001 (RECEIPT)
[2026-09-18T01:47:10.651147Z] Closed probe-001 via receipt
[2026-09-18T01:47:10.653239Z] === Cycle complete, pending=1 ===
[2026-09-18T01:47:40.661183Z] === Watch cycle start ===
[2026-09-18T01:47:40.680942Z] Registered new inbound task: probe-001
[2026-09-18T01:47:40.704922Z] Closed probe probe-001 (RECEIPT)
[2026-09-18T01:47:40.734362Z] Closed probe-001 via receipt
[2026-09-18T01:47:40.751140Z] === Cycle complete, pending=1 ===
[2026-09-18T01:48:10.758123Z] === Watch cycle start ===
[2026-09-18T01:48:10.769960Z] Registered new inbound task: probe-001
[2026-09-18T01:48:10.771140Z] Closed probe probe-001 (RECEIPT)
[2026-09-18T01:48:10.771732Z] Closed probe-001 via receipt
[2026-09-18T01:48:10.772665Z] === Cycle complete, pending=1 ===
[2026-09-18T01:48:40.781748Z] === Watch cycle start ===
[2026-09-18T01:48:40.822267Z] Registered new inbound task: probe-001
[2026-09-18T01:48:40.844991Z] Closed probe probe-001 (RECEIPT)
[2026-09-18T01:48:40.851650Z] Closed probe-001 via receipt
[2026-09-18T01:48:40.860327Z] === Cycle complete, pending=1 ===
[2026-09-18T01:49:10.875818Z] === Watch cycle start ===
[2026-09-18T01:49:10.880893Z] Registered new inbound task: probe-001
[2026-09-18T01:49:10.882206Z] Closed probe probe-001 (RECEIPT)
[2026-09-18T01:49:10.882785Z] Closed probe-001 via receipt
[2026-09-18T01:49:10.883943Z] === Cycle complete, pending=1 ===
[2026-09-18T01:49:40.886982Z] === Watch cycle start ===
[2026-09-18T01:49:40.891702Z] Registered new inbound task: probe-001
[2026-09-18T01:49:40.893098Z] Closed probe probe-001 (RECEIPT)
[2026-09-18T01:49:40.893784Z] Closed probe-001 via receipt
[2026-09-18T01:49:40.895015Z] === Cycle complete, pending=1 ===
[2026-09-18T01:50:10.896007Z] === Watch cycle start ===
[2026-09-18T01:50:10.901283Z] Registered new inbound task: probe-001
[2026-09-18T01:50:10.903268Z] Closed probe probe-001 (RECEIPT)
[2026-09-18T01:50:10.912943Z] Closed probe-001 via receipt
[2026-09-18T01:50:10.916249Z] === Cycle complete, pending=1 ===
[2026-09-18T01:50:40.936538Z] === Watch cycle start ===
[2026-09-18T01:50:40.948190Z] Registered new inbound task: probe-001
[2026-09-18T01:50:40.976668Z] Closed probe probe-001 (RECEIPT)
[2026-09-18T01:50:41.033652Z] Closed probe-001 via receipt
[2026-09-18T01:50:41.043690Z] === Cycle complete, pending=1 ===
[2026-09-18T01:51:11.058154Z] === Watch cycle start ===
[2026-09-18T01:51:11.073694Z] Registered new inbound task: probe-001
[2026-09-18T01:51:11.078731Z] Closed probe probe-001 (RECEIPT)
[2026-09-18T01:51:11.079446Z] Closed probe-001 via receipt
[2026-09-18T01:51:11.080694Z] === Cycle complete, pending=1 ===
[2026-09-18T01:51:41.082322Z] === Watch cycle start ===
[2026-09-18T01:51:41.089361Z] Registered new inbound task: probe-001
[2026-09-18T01:51:41.090858Z] Closed probe probe-001 (RECEIPT)
[2026-09-18T01:51:41.091742Z] Closed probe-001 via receipt
[2026-09-18T01:51:41.092909Z] === Cycle complete, pending=1 ===
[2026-09-18T01:52:11.093997Z] === Watch cycle start ===
[2026-09-18T01:52:11.101636Z] Registered new inbound task: probe-001
[2026-09-18T01:52:11.104196Z] Closed probe probe-001 (RECEIPT)
[2026-09-18T01:52:11.106435Z] Closed probe-001 via receipt
[2026-09-18T01:52:11.107815Z] === Cycle complete, pending=1 ===
[2026-09-18T01:52:41.110261Z] === Watch cycle start ===
[2026-09-18T01:52:41.114466Z] Registered new inbound task: probe-001
[2026-09-18T01:52:41.115548Z] Closed probe probe-001 (RECEIPT)
[2026-09-18T01:52:41.116057Z] Closed probe-001 via receipt
[2026-09-18T01:52:41.116938Z] === Cycle complete, pending=1 ===
[2026-09-18T01:53:11.118173Z] === Watch cycle start ===
[2026-09-18T01:53:11.132016Z] Registered new inbound task: probe-001
[2026-09-18T01:53:11.134284Z] Closed probe probe-001 (RECEIPT)
[2026-09-18T01:53:11.135723Z] Closed probe-001 via receipt
[2026-09-18T01:53:11.137218Z] === Cycle complete, pending=1 ===
[2026-09-18T01:53:41.138128Z] === Watch cycle start ===
[2026-09-18T01:53:41.142049Z] Registered new inbound task: probe-001
[2026-09-18T01:53:41.143408Z] Closed probe probe-001 (RECEIPT)
[2026-09-18T01:53:41.143886Z] Closed probe-001 via receipt
[2026-09-18T01:53:41.144763Z] === Cycle complete, pending=1 ===
[2026-09-18T01:54:11.145678Z] === Watch cycle start ===
[2026-09-18T01:54:11.171585Z] Registered new inbound task: probe-001
[2026-09-18T01:54:11.173927Z] Closed probe probe-001 (RECEIPT)
[2026-09-18T01:54:11.179457Z] Closed probe-001 via receipt
[2026-09-18T01:54:11.180708Z] === Cycle complete, pending=1 ===
[2026-09-18T01:54:41.190373Z] === Watch cycle start ===
[2026-09-18T01:54:41.194119Z] Registered new inbound task: probe-001
[2026-09-18T01:54:41.195073Z] Closed probe probe-001 (RECEIPT)
[2026-09-18T01:54:41.195537Z] Closed probe-001 via receipt
[2026-09-18T01:54:41.196489Z] === Cycle complete, pending=1 ===
[2026-09-18T01:55:11.198876Z] === Watch cycle start ===
[2026-09-18T01:55:11.204850Z] Registered new inbound task: probe-001
[2026-09-18T01:55:11.206506Z] Closed probe probe-001 (RECEIPT)
[2026-09-18T01:55:11.207131Z] Closed probe-001 via receipt
[2026-09-18T01:55:11.209578Z] === Cycle complete, pending=1 ===
[2026-09-18T01:55:41.210734Z] === Watch cycle start ===
[2026-09-18T01:55:41.214405Z] Registered new inbound task: probe-001
[2026-09-18T01:55:41.215405Z] Closed probe probe-001 (RECEIPT)
[2026-09-18T01:55:41.215806Z] Closed probe-001 via receipt
[2026-09-18T01:55:41.216643Z] === Cycle complete, pending=1 ===
[2026-09-18T01:56:11.221006Z] === Watch cycle start ===
[2026-09-18T01:56:11.240836Z] Registered new inbound task: probe-001
[2026-09-18T01:56:11.242272Z] Closed probe probe-001 (RECEIPT)
[2026-09-18T01:56:11.242826Z] Closed probe-001 via receipt
[2026-09-18T01:56:11.243833Z] === Cycle complete, pending=1 ===
[2026-09-18T01:56:41.245383Z] === Watch cycle start ===
[2026-09-18T01:56:41.258858Z] Registered new inbound task: probe-001
[2026-09-18T01:56:41.260418Z] Closed probe probe-001 (RECEIPT)
[2026-09-18T01:56:41.262160Z] Closed probe-001 via receipt
[2026-09-18T01:56:41.264149Z] === Cycle complete, pending=1 ===
[2026-09-18T01:57:11.274815Z] === Watch cycle start ===
[2026-09-18T01:57:11.352666Z] Registered new inbound task: probe-001
[2026-09-18T01:57:11.368175Z] Closed probe probe-001 (RECEIPT)
[2026-09-18T01:57:11.422142Z] Closed probe-001 via receipt
[2026-09-18T01:57:11.460612Z] === Cycle complete, pending=1 ===
[2026-09-18T01:57:41.502087Z] === Watch cycle start ===
[2026-09-18T01:57:41.543618Z] Registered new inbound task: probe-001
[2026-09-18T01:57:41.552069Z] Closed probe probe-001 (RECEIPT)
[2026-09-18T01:57:41.560193Z] Closed probe-001 via receipt
[2026-09-18T01:57:41.575669Z] === Cycle complete, pending=1 ===
[2026-09-18T01:58:11.606119Z] === Watch cycle start ===
[2026-09-18T01:58:11.722568Z] Registered new inbound task: probe-001
[2026-09-18T01:58:11.767387Z] Closed probe probe-001 (RECEIPT)
[2026-09-18T01:58:11.801905Z] Closed probe-001 via receipt
[2026-09-18T01:58:11.831456Z] === Cycle complete, pending=1 ===
[2026-09-18T01:58:41.921711Z] === Watch cycle start ===
[2026-09-18T01:58:41.980300Z] Registered new inbound task: probe-001
[2026-09-18T01:58:42.050710Z] Closed probe probe-001 (RECEIPT)
[2026-09-18T01:58:42.113759Z] Closed probe-001 via receipt
[2026-09-18T01:58:42.160801Z] === Cycle complete, pending=1 ===
[2026-09-18T01:59:12.223785Z] === Watch cycle start ===
[2026-09-18T01:59:12.231906Z] Registered new inbound task: probe-001
[2026-09-18T01:59:12.233200Z] Closed probe probe-001 (RECEIPT)
[2026-09-18T01:59:12.237671Z] Closed probe-001 via receipt
[2026-09-18T01:59:12.241444Z] === Cycle complete, pending=1 ===
[2026-09-18T01:59:42.250281Z] === Watch cycle start ===
[2026-09-18T01:59:42.372294Z] Registered new inbound task: probe-001
[2026-09-18T01:59:42.404596Z] Closed probe probe-001 (RECEIPT)
[2026-09-18T01:59:42.435831Z] Closed probe-001 via receipt
[2026-09-18T01:59:42.514962Z] === Cycle complete, pending=1 ===
[2026-09-18T02:00:12.615471Z] === Watch cycle start ===
[2026-09-18T02:00:12.629394Z] Registered new inbound task: probe-001
[2026-09-18T02:00:12.654403Z] Closed probe probe-001 (RECEIPT)
[2026-09-18T02:00:12.685829Z] Closed probe-001 via receipt
[2026-09-18T02:00:12.717815Z] === Cycle complete, pending=1 ===
[2026-09-18T02:00:42.727894Z] === Watch cycle start ===
[2026-09-18T02:00:42.737852Z] Registered new inbound task: probe-001
[2026-09-18T02:00:42.739658Z] Closed probe probe-001 (RECEIPT)
[2026-09-18T02:00:42.740276Z] Closed probe-001 via receipt
[2026-09-18T02:00:42.742112Z] === Cycle complete, pending=1 ===
[2026-09-18T02:01:12.743081Z] === Watch cycle start ===
[2026-09-18T02:01:12.750686Z] Registered new inbound task: probe-001
[2026-09-18T02:01:12.757902Z] Closed probe probe-001 (RECEIPT)
[2026-09-18T02:01:12.762994Z] Closed probe-001 via receipt
[2026-09-18T02:01:12.767910Z] === Cycle complete, pending=1 ===
[2026-09-18T02:01:42.770224Z] === Watch cycle start ===
[2026-09-18T02:01:42.775677Z] Registered new inbound task: probe-001
[2026-09-18T02:01:42.776676Z] Closed probe probe-001 (RECEIPT)
[2026-09-18T02:01:42.777147Z] Closed probe-001 via receipt
[2026-09-18T02:01:42.778097Z] === Cycle complete, pending=1 ===
[2026-09-18T02:02:12.779014Z] === Watch cycle start ===
[2026-09-18T02:02:12.788637Z] Registered new inbound task: probe-001
[2026-09-18T02:02:12.792098Z] Closed probe probe-001 (RECEIPT)
[2026-09-18T02:02:12.793755Z] Closed probe-001 via receipt
[2026-09-18T02:02:12.795110Z] === Cycle complete, pending=1 ===
[2026-09-18T02:02:42.799561Z] === Watch cycle start ===
[2026-09-18T02:02:42.806801Z] Registered new inbound task: probe-001
[2026-09-18T02:02:42.808115Z] Closed probe probe-001 (RECEIPT)
[2026-09-18T02:02:42.808724Z] Closed probe-001 via receipt
[2026-09-18T02:02:42.809775Z] === Cycle complete, pending=1 ===
[2026-09-18T02:03:12.811013Z] === Watch cycle start ===
[2026-09-18T02:03:12.829377Z] Registered new inbound task: probe-001
[2026-09-18T02:03:12.831161Z] Closed probe probe-001 (RECEIPT)
[2026-09-18T02:03:12.832174Z] Closed probe-001 via receipt
[2026-09-18T02:03:12.837251Z] === Cycle complete, pending=1 ===
[2026-09-18T02:03:42.838652Z] === Watch cycle start ===
[2026-09-18T02:03:42.843088Z] Registered new inbound task: probe-001
[2026-09-18T02:03:42.844124Z] Closed probe probe-001 (RECEIPT)
[2026-09-18T02:03:42.844621Z] Closed probe-001 via receipt
[2026-09-18T02:03:42.845486Z] === Cycle complete, pending=1 ===
[2026-09-18T02:04:12.847193Z] === Watch cycle start ===
[2026-09-18T02:04:12.852907Z] Registered new inbound task: probe-001
[2026-09-18T02:04:12.853798Z] Closed probe probe-001 (RECEIPT)
[2026-09-18T02:04:12.858521Z] Closed probe-001 via receipt
[2026-09-18T02:04:12.859753Z] === Cycle complete, pending=1 ===
[2026-09-18T02:04:42.860471Z] === Watch cycle start ===
[2026-09-18T02:04:42.864348Z] Registered new inbound task: probe-001
[2026-09-18T02:04:42.865357Z] Closed probe probe-001 (RECEIPT)
[2026-09-18T02:04:42.865935Z] Closed probe-001 via receipt
[2026-09-18T02:04:42.867101Z] === Cycle complete, pending=1 ===
[2026-09-18T02:05:12.874515Z] === Watch cycle start ===
[2026-09-18T02:05:12.886269Z] Registered new inbound task: probe-001
[2026-09-18T02:05:12.887385Z] Closed probe probe-001 (RECEIPT)
[2026-09-18T02:05:12.887980Z] Closed probe-001 via receipt
[2026-09-18T02:05:12.889188Z] === Cycle complete, pending=1 ===
[2026-09-18T02:05:42.891019Z] === Watch cycle start ===
[2026-09-18T02:05:42.896313Z] Registered new inbound task: probe-001
[2026-09-18T02:05:42.897848Z] Closed probe probe-001 (RECEIPT)
[2026-09-18T02:05:42.898738Z] Closed probe-001 via receipt
[2026-09-18T02:05:42.900646Z] === Cycle complete, pending=1 ===
[2026-09-18T02:06:12.913917Z] === Watch cycle start ===
[2026-09-18T02:06:12.930031Z] Registered new inbound task: probe-001
[2026-09-18T02:06:12.943072Z] Closed probe probe-001 (RECEIPT)
[2026-09-18T02:06:12.945328Z] Closed probe-001 via receipt
[2026-09-18T02:06:12.954484Z] === Cycle complete, pending=1 ===
[2026-09-18T02:06:42.970168Z] === Watch cycle start ===
[2026-09-18T02:06:42.974583Z] Registered new inbound task: probe-001
[2026-09-18T02:06:42.975937Z] Closed probe probe-001 (RECEIPT)
[2026-09-18T02:06:42.979436Z] Closed probe-001 via receipt
[2026-09-18T02:06:42.980669Z] === Cycle complete, pending=1 ===
[2026-09-18T02:07:12.986110Z] === Watch cycle start ===
[2026-09-18T02:07:12.998526Z] Registered new inbound task: probe-001
[2026-09-18T02:07:12.999499Z] Closed probe probe-001 (RECEIPT)
[2026-09-18T02:07:12.999908Z] Closed probe-001 via receipt
[2026-09-18T02:07:13.000740Z] === Cycle complete, pending=1 ===
[2026-09-18T02:07:43.001330Z] === Watch cycle start ===
[2026-09-18T02:07:43.004501Z] Registered new inbound task: probe-001
[2026-09-18T02:07:43.005933Z] Closed probe probe-001 (RECEIPT)
[2026-09-18T02:07:43.006676Z] Closed probe-001 via receipt
[2026-09-18T02:07:43.007742Z] === Cycle complete, pending=1 ===
[2026-09-18T02:08:13.010170Z] === Watch cycle start ===
[2026-09-18T02:08:13.019883Z] Registered new inbound task: probe-001
[2026-09-18T02:08:13.021111Z] Closed probe probe-001 (RECEIPT)
[2026-09-18T02:08:13.021652Z] Closed probe-001 via receipt
[2026-09-18T02:08:13.022677Z] === Cycle complete, pending=1 ===
[2026-09-18T02:08:43.027412Z] === Watch cycle start ===
[2026-09-18T02:08:43.036794Z] Registered new inbound task: probe-001
[2026-09-18T02:08:43.038288Z] Closed probe probe-001 (RECEIPT)
[2026-09-18T02:08:43.040230Z] Closed probe-001 via receipt
[2026-09-18T02:08:43.048577Z] === Cycle complete, pending=1 ===
[2026-09-18T02:09:13.052105Z] === Watch cycle start ===
[2026-09-18T02:09:13.107433Z] Registered new inbound task: probe-001
[2026-09-18T02:09:13.114427Z] Closed probe probe-001 (RECEIPT)
[2026-09-18T02:09:13.118074Z] Closed probe-001 via receipt
[2026-09-18T02:09:13.123491Z] === Cycle complete, pending=1 ===
[2026-09-18T02:09:43.142728Z] === Watch cycle start ===
[2026-09-18T02:09:43.150541Z] Registered new inbound task: probe-001
[2026-09-18T02:09:43.157929Z] Closed probe probe-001 (RECEIPT)
[2026-09-18T02:09:43.158527Z] Closed probe-001 via receipt
[2026-09-18T02:09:43.172505Z] === Cycle complete, pending=1 ===
[2026-09-18T02:10:13.173410Z] === Watch cycle start ===
[2026-09-18T02:10:13.177228Z] Registered new inbound task: probe-001
[2026-09-18T02:10:13.178194Z] Closed probe probe-001 (RECEIPT)
[2026-09-18T02:10:13.178619Z] Closed probe-001 via receipt
[2026-09-18T02:10:13.179356Z] === Cycle complete, pending=1 ===
[2026-09-18T02:10:43.181069Z] === Watch cycle start ===
[2026-09-18T02:10:43.198340Z] Registered new inbound task: probe-001
[2026-09-18T02:10:43.203411Z] Closed probe probe-001 (RECEIPT)
[2026-09-18T02:10:43.205755Z] Closed probe-001 via receipt
[2026-09-18T02:10:43.209041Z] === Cycle complete, pending=1 ===
[2026-09-18T02:11:13.210268Z] === Watch cycle start ===
[2026-09-18T02:11:13.215373Z] Registered new inbound task: probe-001
[2026-09-18T02:11:13.216919Z] Closed probe probe-001 (RECEIPT)
[2026-09-18T02:11:13.217765Z] Closed probe-001 via receipt
[2026-09-18T02:11:13.252466Z] === Cycle complete, pending=1 ===
[2026-09-18T02:11:43.278594Z] === Watch cycle start ===
[2026-09-18T02:11:43.296265Z] Registered new inbound task: probe-001
[2026-09-18T02:11:43.298704Z] Closed probe probe-001 (RECEIPT)
[2026-09-18T02:11:43.301585Z] Closed probe-001 via receipt
[2026-09-18T02:11:43.307600Z] === Cycle complete, pending=1 ===
[2026-09-18T02:12:13.310766Z] === Watch cycle start ===
[2026-09-18T02:12:13.320542Z] Registered new inbound task: probe-001
[2026-09-18T02:12:13.321932Z] Closed probe probe-001 (RECEIPT)
[2026-09-18T02:12:13.322990Z] Closed probe-001 via receipt
[2026-09-18T02:12:13.324826Z] === Cycle complete, pending=1 ===
[2026-09-18T02:12:43.329433Z] === Watch cycle start ===
[2026-09-18T02:12:43.338348Z] Registered new inbound task: probe-001
[2026-09-18T02:12:43.357001Z] Closed probe probe-001 (RECEIPT)
[2026-09-18T02:12:43.367026Z] Closed probe-001 via receipt
[2026-09-18T02:12:43.368847Z] === Cycle complete, pending=1 ===
[2026-09-18T02:13:13.373546Z] === Watch cycle start ===
[2026-09-18T02:13:13.391457Z] Registered new inbound task: probe-001
[2026-09-18T02:13:13.393342Z] Closed probe probe-001 (RECEIPT)
[2026-09-18T02:13:13.395698Z] Closed probe-001 via receipt
[2026-09-18T02:13:13.397007Z] === Cycle complete, pending=1 ===
[2026-09-18T02:13:43.398865Z] === Watch cycle start ===
[2026-09-18T02:13:43.402628Z] Registered new inbound task: probe-001
[2026-09-18T02:13:43.403752Z] Closed probe probe-001 (RECEIPT)
[2026-09-18T02:13:43.404455Z] Closed probe-001 via receipt
[2026-09-18T02:13:43.405462Z] === Cycle complete, pending=1 ===
[2026-09-18T02:14:13.406306Z] === Watch cycle start ===
[2026-09-18T02:14:13.412284Z] Registered new inbound task: probe-001
[2026-09-18T02:14:13.414022Z] Closed probe probe-001 (RECEIPT)
[2026-09-18T02:14:13.414631Z] Closed probe-001 via receipt
[2026-09-18T02:14:13.416491Z] === Cycle complete, pending=1 ===
[2026-09-18T02:14:43.417865Z] === Watch cycle start ===
[2026-09-18T02:14:43.421960Z] Registered new inbound task: probe-001
[2026-09-18T02:14:43.424418Z] Closed probe probe-001 (RECEIPT)
[2026-09-18T02:14:43.425037Z] Closed probe-001 via receipt
[2026-09-18T02:14:43.430247Z] === Cycle complete, pending=1 ===
[2026-09-18T02:15:13.431110Z] === Watch cycle start ===
[2026-09-18T02:15:13.441414Z] Registered new inbound task: probe-001
[2026-09-18T02:15:13.442522Z] Closed probe probe-001 (RECEIPT)
[2026-09-18T02:15:13.443019Z] Closed probe-001 via receipt
[2026-09-18T02:15:13.443873Z] === Cycle complete, pending=1 ===
[2026-09-18T02:15:43.445175Z] === Watch cycle start ===
[2026-09-18T02:15:43.450713Z] Registered new inbound task: probe-001
[2026-09-18T02:15:43.453481Z] Closed probe probe-001 (RECEIPT)
[2026-09-18T02:15:43.454293Z] Closed probe-001 via receipt
[2026-09-18T02:15:43.455621Z] === Cycle complete, pending=1 ===
[2026-09-18T02:16:13.456944Z] === Watch cycle start ===
[2026-09-18T02:16:13.465151Z] Registered new inbound task: probe-001
[2026-09-18T02:16:13.466331Z] Closed probe probe-001 (RECEIPT)
[2026-09-18T02:16:13.469282Z] Closed probe-001 via receipt
[2026-09-18T02:16:13.476243Z] === Cycle complete, pending=1 ===
[2026-09-18T02:16:43.482726Z] === Watch cycle start ===
[2026-09-18T02:16:43.494776Z] Registered new inbound task: probe-001
[2026-09-18T02:16:43.496185Z] Closed probe probe-001 (RECEIPT)
[2026-09-18T02:16:43.496884Z] Closed probe-001 via receipt
[2026-09-18T02:16:43.502285Z] === Cycle complete, pending=1 ===
[2026-09-18T02:17:13.503342Z] === Watch cycle start ===
[2026-09-18T02:17:13.512636Z] Registered new inbound task: probe-001
[2026-09-18T02:17:13.514183Z] Closed probe probe-001 (RECEIPT)
[2026-09-18T02:17:13.519887Z] Closed probe-001 via receipt
[2026-09-18T02:17:13.531055Z] === Cycle complete, pending=1 ===
[2026-09-18T02:17:43.543622Z] === Watch cycle start ===
[2026-09-18T02:17:43.548093Z] Registered new inbound task: probe-001
[2026-09-18T02:17:43.549769Z] Closed probe probe-001 (RECEIPT)
[2026-09-18T02:17:43.556504Z] Closed probe-001 via receipt
[2026-09-18T02:17:43.563148Z] === Cycle complete, pending=1 ===
[2026-09-18T02:18:13.571870Z] === Watch cycle start ===
[2026-09-18T02:18:13.613113Z] Registered new inbound task: probe-001
[2026-09-18T02:18:13.622084Z] Closed probe probe-001 (RECEIPT)
[2026-09-18T02:18:13.632373Z] Closed probe-001 via receipt
[2026-09-18T02:18:13.649454Z] === Cycle complete, pending=1 ===
[2026-09-18T02:18:43.674583Z] === Watch cycle start ===
[2026-09-18T02:18:43.678813Z] Registered new inbound task: probe-001
[2026-09-18T02:18:43.679799Z] Closed probe probe-001 (RECEIPT)
[2026-09-18T02:18:43.680291Z] Closed probe-001 via receipt
[2026-09-18T02:18:43.681834Z] === Cycle complete, pending=1 ===
[2026-09-18T02:19:13.685328Z] === Watch cycle start ===
[2026-09-18T02:19:13.694692Z] Registered new inbound task: probe-001
[2026-09-18T02:19:13.695785Z] Closed probe probe-001 (RECEIPT)
[2026-09-18T02:19:13.696257Z] Closed probe-001 via receipt
[2026-09-18T02:19:13.697130Z] === Cycle complete, pending=1 ===
[2026-09-18T02:19:43.698552Z] === Watch cycle start ===
[2026-09-18T02:19:43.704049Z] Registered new inbound task: probe-001
[2026-09-18T02:19:43.705990Z] Closed probe probe-001 (RECEIPT)
[2026-09-18T02:19:43.708182Z] Closed probe-001 via receipt
[2026-09-18T02:19:43.716140Z] === Cycle complete, pending=1 ===
[2026-09-18T02:20:13.719601Z] === Watch cycle start ===
[2026-09-18T02:20:13.725226Z] Registered new inbound task: probe-001
[2026-09-18T02:20:13.726236Z] Closed probe probe-001 (RECEIPT)
[2026-09-18T02:20:13.726671Z] Closed probe-001 via receipt
[2026-09-18T02:20:13.727493Z] === Cycle complete, pending=1 ===
[2026-09-18T02:20:43.728652Z] === Watch cycle start ===
[2026-09-18T02:20:43.732346Z] Registered new inbound task: probe-001
[2026-09-18T02:20:43.733681Z] Closed probe probe-001 (RECEIPT)
[2026-09-18T02:20:43.734298Z] Closed probe-001 via receipt
[2026-09-18T02:20:43.735336Z] === Cycle complete, pending=1 ===
[2026-09-18T02:21:13.736768Z] === Watch cycle start ===
[2026-09-18T02:21:13.744333Z] Registered new inbound task: probe-001
[2026-09-18T02:21:13.765672Z] Closed probe probe-001 (RECEIPT)
[2026-09-18T02:21:13.766508Z] Closed probe-001 via receipt
[2026-09-18T02:21:13.767736Z] === Cycle complete, pending=1 ===
[2026-09-18T02:21:43.769102Z] === Watch cycle start ===
[2026-09-18T02:21:43.775435Z] Registered new inbound task: probe-001
[2026-09-18T02:21:43.776811Z] Closed probe probe-001 (RECEIPT)
[2026-09-18T02:21:43.777399Z] Closed probe-001 via receipt
[2026-09-18T02:21:43.778421Z] === Cycle complete, pending=1 ===
[2026-09-18T02:22:13.779855Z] === Watch cycle start ===
[2026-09-18T02:22:13.784138Z] Registered new inbound task: probe-001
[2026-09-18T02:22:13.785177Z] Closed probe probe-001 (RECEIPT)
[2026-09-18T02:22:13.785633Z] Closed probe-001 via receipt
[2026-09-18T02:22:13.786508Z] === Cycle complete, pending=1 ===
[2026-09-18T02:22:43.789750Z] === Watch cycle start ===
[2026-09-18T02:22:43.804724Z] Registered new inbound task: probe-001
[2026-09-18T02:22:43.809516Z] Closed probe probe-001 (RECEIPT)
[2026-09-18T02:22:43.818870Z] Closed probe-001 via receipt
[2026-09-18T02:22:43.833412Z] === Cycle complete, pending=1 ===
[2026-09-18T02:23:13.836789Z] === Watch cycle start ===
[2026-09-18T02:23:13.861861Z] Registered new inbound task: probe-001
[2026-09-18T02:23:13.868315Z] Closed probe probe-001 (RECEIPT)
[2026-09-18T02:23:13.869489Z] Closed probe-001 via receipt
[2026-09-18T02:23:13.879519Z] === Cycle complete, pending=1 ===
[2026-09-18T02:23:43.886340Z] === Watch cycle start ===
[2026-09-18T02:23:43.892110Z] Registered new inbound task: probe-001
[2026-09-18T02:23:43.893633Z] Closed probe probe-001 (RECEIPT)
[2026-09-18T02:23:43.894575Z] Closed probe-001 via receipt
[2026-09-18T02:23:43.896305Z] === Cycle complete, pending=1 ===
[2026-09-18T02:24:13.903326Z] === Watch cycle start ===
[2026-09-18T02:24:13.940754Z] Registered new inbound task: probe-001
[2026-09-18T02:24:13.943195Z] Closed probe probe-001 (RECEIPT)
[2026-09-18T02:24:13.949891Z] Closed probe-001 via receipt
[2026-09-18T02:24:13.954849Z] === Cycle complete, pending=1 ===
[2026-09-18T02:24:44.012109Z] === Watch cycle start ===
[2026-09-18T02:24:44.270155Z] Registered new inbound task: probe-001
[2026-09-18T02:24:44.412752Z] Closed probe probe-001 (RECEIPT)
[2026-09-18T02:24:44.448722Z] Closed probe-001 via receipt
[2026-09-18T02:24:44.462492Z] === Cycle complete, pending=1 ===
[2026-09-18T02:25:14.482961Z] === Watch cycle start ===
[2026-09-18T02:25:14.538151Z] Registered new inbound task: probe-001
[2026-09-18T02:25:14.557203Z] Closed probe probe-001 (RECEIPT)
[2026-09-18T02:25:14.586135Z] Closed probe-001 via receipt
[2026-09-18T02:25:14.600711Z] === Cycle complete, pending=1 ===
[2026-09-18T02:25:44.604444Z] === Watch cycle start ===
[2026-09-18T02:25:44.609082Z] Registered new inbound task: probe-001
[2026-09-18T02:25:44.610352Z] Closed probe probe-001 (RECEIPT)
[2026-09-18T02:25:44.611008Z] Closed probe-001 via receipt
[2026-09-18T02:25:44.612136Z] === Cycle complete, pending=1 ===
[2026-09-18T02:26:14.612862Z] === Watch cycle start ===
[2026-09-18T02:26:14.619209Z] Registered new inbound task: probe-001
[2026-09-18T02:26:14.620200Z] Closed probe probe-001 (RECEIPT)
[2026-09-18T02:26:14.620649Z] Closed probe-001 via receipt
[2026-09-18T02:26:14.621509Z] === Cycle complete, pending=1 ===
[2026-09-18T02:26:44.622745Z] === Watch cycle start ===
[2026-09-18T02:26:44.627329Z] Registered new inbound task: probe-001
[2026-09-18T02:26:44.629284Z] Closed probe probe-001 (RECEIPT)
[2026-09-18T02:26:44.634745Z] Closed probe-001 via receipt
[2026-09-18T02:26:44.638770Z] === Cycle complete, pending=1 ===
[2026-09-18T02:27:14.640564Z] === Watch cycle start ===
[2026-09-18T02:27:14.647312Z] Registered new inbound task: probe-001
[2026-09-18T02:27:14.649369Z] Closed probe probe-001 (RECEIPT)
[2026-09-18T02:27:14.650200Z] Closed probe-001 via receipt
[2026-09-18T02:27:14.657279Z] === Cycle complete, pending=1 ===
[2026-09-18T02:27:44.660049Z] === Watch cycle start ===
[2026-09-18T02:27:44.664030Z] Registered new inbound task: probe-001
[2026-09-18T02:27:44.669162Z] Closed probe probe-001 (RECEIPT)
[2026-09-18T02:27:44.676525Z] Closed probe-001 via receipt
[2026-09-18T02:27:44.678595Z] === Cycle complete, pending=1 ===
[2026-09-18T02:28:14.685129Z] === Watch cycle start ===
[2026-09-18T02:28:14.691690Z] Registered new inbound task: probe-001
[2026-09-18T02:28:14.692753Z] Closed probe probe-001 (RECEIPT)
[2026-09-18T02:28:14.693209Z] Closed probe-001 via receipt
[2026-09-18T02:28:14.694284Z] === Cycle complete, pending=1 ===
[2026-09-18T02:28:44.695024Z] === Watch cycle start ===
[2026-09-18T02:28:44.698795Z] Registered new inbound task: probe-001
[2026-09-18T02:28:44.699785Z] Closed probe probe-001 (RECEIPT)
[2026-09-18T02:28:44.700250Z] Closed probe-001 via receipt
[2026-09-18T02:28:44.701194Z] === Cycle complete, pending=1 ===
[2026-09-18T02:29:14.705913Z] === Watch cycle start ===
[2026-09-18T02:29:14.717465Z] Registered new inbound task: probe-001
[2026-09-18T02:29:14.727225Z] Closed probe probe-001 (RECEIPT)
[2026-09-18T02:29:14.731996Z] Closed probe-001 via receipt
[2026-09-18T02:29:14.737225Z] === Cycle complete, pending=1 ===
[2026-09-18T02:29:44.745882Z] === Watch cycle start ===
[2026-09-18T02:29:44.752704Z] Registered new inbound task: probe-001
[2026-09-18T02:29:44.754812Z] Closed probe probe-001 (RECEIPT)
[2026-09-18T02:29:44.755562Z] Closed probe-001 via receipt
[2026-09-18T02:29:44.761617Z] === Cycle complete, pending=1 ===
[2026-09-18T02:30:14.775048Z] === Watch cycle start ===
[2026-09-18T02:30:14.808233Z] Registered new inbound task: probe-001
[2026-09-18T02:30:14.810654Z] Closed probe probe-001 (RECEIPT)
[2026-09-18T02:30:14.811880Z] Closed probe-001 via receipt
[2026-09-18T02:30:14.813938Z] === Cycle complete, pending=1 ===
[2026-09-18T02:30:44.827114Z] === Watch cycle start ===
[2026-09-18T02:30:44.834562Z] Registered new inbound task: probe-001
[2026-09-18T02:30:44.836149Z] Closed probe probe-001 (RECEIPT)
[2026-09-18T02:30:44.840067Z] Closed probe-001 via receipt
[2026-09-18T02:30:44.850733Z] === Cycle complete, pending=1 ===
[2026-09-18T02:31:14.863982Z] === Watch cycle start ===
[2026-09-18T02:31:14.873269Z] Registered new inbound task: probe-001
[2026-09-18T02:31:14.874647Z] Closed probe probe-001 (RECEIPT)
[2026-09-18T02:31:14.875326Z] Closed probe-001 via receipt
[2026-09-18T02:31:14.876348Z] === Cycle complete, pending=1 ===
[2026-09-18T02:31:44.877131Z] === Watch cycle start ===
[2026-09-18T02:31:44.882567Z] Registered new inbound task: probe-001
[2026-09-18T02:31:44.884066Z] Closed probe probe-001 (RECEIPT)
[2026-09-18T02:31:44.884632Z] Closed probe-001 via receipt
[2026-09-18T02:31:44.885666Z] === Cycle complete, pending=1 ===
[2026-09-18T02:32:14.887125Z] === Watch cycle start ===
[2026-09-18T02:32:14.896994Z] Registered new inbound task: probe-001
[2026-09-18T02:32:14.900859Z] Closed probe probe-001 (RECEIPT)
[2026-09-18T02:32:14.901673Z] Closed probe-001 via receipt
[2026-09-18T02:32:14.903057Z] === Cycle complete, pending=1 ===
[2026-09-18T02:32:44.904292Z] === Watch cycle start ===
[2026-09-18T02:32:44.907803Z] Registered new inbound task: probe-001
[2026-09-18T02:32:44.908795Z] Closed probe probe-001 (RECEIPT)
[2026-09-18T02:32:44.909273Z] Closed probe-001 via receipt
[2026-09-18T02:32:44.910131Z] === Cycle complete, pending=1 ===
[2026-09-18T02:33:14.912707Z] === Watch cycle start ===
[2026-09-18T02:33:14.917901Z] Registered new inbound task: probe-001
[2026-09-18T02:33:14.918958Z] Closed probe probe-001 (RECEIPT)
[2026-09-18T02:33:14.920106Z] Closed probe-001 via receipt
[2026-09-18T02:33:14.921434Z] === Cycle complete, pending=1 ===
[2026-09-18T02:33:44.929023Z] === Watch cycle start ===
[2026-09-18T02:33:44.949456Z] Registered new inbound task: probe-001
[2026-09-18T02:33:44.966671Z] Closed probe probe-001 (RECEIPT)
[2026-09-18T02:33:44.988977Z] Closed probe-001 via receipt
[2026-09-18T02:33:45.016407Z] === Cycle complete, pending=1 ===
[2026-09-18T02:34:15.020899Z] === Watch cycle start ===
[2026-09-18T02:34:15.038324Z] Registered new inbound task: probe-001
[2026-09-18T02:34:15.058838Z] Closed probe probe-001 (RECEIPT)
[2026-09-18T02:34:15.064261Z] Closed probe-001 via receipt
[2026-09-18T02:34:15.066992Z] === Cycle complete, pending=1 ===
[2026-09-18T02:34:45.084569Z] === Watch cycle start ===
[2026-09-18T02:34:45.089629Z] Registered new inbound task: probe-001
[2026-09-18T02:34:45.090900Z] Closed probe probe-001 (RECEIPT)
[2026-09-18T02:34:45.091441Z] Closed probe-001 via receipt
[2026-09-18T02:34:45.092846Z] === Cycle complete, pending=1 ===
[2026-09-18T02:35:15.096939Z] === Watch cycle start ===
[2026-09-18T02:35:15.105441Z] Registered new inbound task: probe-001
[2026-09-18T02:35:15.107193Z] Closed probe probe-001 (RECEIPT)
[2026-09-18T02:35:15.113680Z] Closed probe-001 via receipt
[2026-09-18T02:35:15.121515Z] === Cycle complete, pending=1 ===
[2026-09-18T02:35:45.122855Z] === Watch cycle start ===
[2026-09-18T02:35:45.134366Z] Registered new inbound task: probe-001
[2026-09-18T02:35:45.136788Z] Closed probe probe-001 (RECEIPT)
[2026-09-18T02:35:45.140994Z] Closed probe-001 via receipt
[2026-09-18T02:35:45.154138Z] === Cycle complete, pending=1 ===
[2026-09-18T02:36:15.158479Z] === Watch cycle start ===
[2026-09-18T02:36:15.176688Z] Registered new inbound task: probe-001
[2026-09-18T02:36:15.178215Z] Closed probe probe-001 (RECEIPT)
[2026-09-18T02:36:15.179041Z] Closed probe-001 via receipt
[2026-09-18T02:36:15.180313Z] === Cycle complete, pending=1 ===
[2026-09-18T02:36:45.183372Z] === Watch cycle start ===
[2026-09-18T02:36:45.188656Z] Registered new inbound task: probe-001
[2026-09-18T02:36:45.190451Z] Closed probe probe-001 (RECEIPT)
[2026-09-18T02:36:45.192893Z] Closed probe-001 via receipt
[2026-09-18T02:36:45.194540Z] === Cycle complete, pending=1 ===
[2026-09-18T02:37:15.195775Z] === Watch cycle start ===
[2026-09-18T02:37:15.202906Z] Registered new inbound task: probe-001
[2026-09-18T02:37:15.210318Z] Closed probe probe-001 (RECEIPT)
[2026-09-18T02:37:15.217614Z] Closed probe-001 via receipt
[2026-09-18T02:37:15.220153Z] === Cycle complete, pending=1 ===
[2026-09-18T02:37:45.226638Z] === Watch cycle start ===
[2026-09-18T02:37:45.249700Z] Registered new inbound task: probe-001
[2026-09-18T02:37:45.277588Z] Closed probe probe-001 (RECEIPT)
[2026-09-18T02:37:45.287106Z] Closed probe-001 via receipt
[2026-09-18T02:37:45.295922Z] === Cycle complete, pending=1 ===
[2026-09-18T02:38:15.325098Z] === Watch cycle start ===
[2026-09-18T02:38:15.331499Z] Registered new inbound task: probe-001
[2026-09-18T02:38:15.334073Z] Closed probe probe-001 (RECEIPT)
[2026-09-18T02:38:15.334927Z] Closed probe-001 via receipt
[2026-09-18T02:38:15.336271Z] === Cycle complete, pending=1 ===
[2026-09-18T02:38:45.339154Z] === Watch cycle start ===
[2026-09-18T02:38:45.344296Z] Registered new inbound task: probe-001
[2026-09-18T02:38:45.345725Z] Closed probe probe-001 (RECEIPT)
[2026-09-18T02:38:45.346324Z] Closed probe-001 via receipt
[2026-09-18T02:38:45.347595Z] === Cycle complete, pending=1 ===
[2026-09-18T02:39:15.351882Z] === Watch cycle start ===
[2026-09-18T02:39:15.357821Z] Registered new inbound task: probe-001
[2026-09-18T02:39:15.359776Z] Closed probe probe-001 (RECEIPT)
[2026-09-18T02:39:15.364761Z] Closed probe-001 via receipt
[2026-09-18T02:39:15.366380Z] === Cycle complete, pending=1 ===
[2026-09-18T02:39:45.367858Z] === Watch cycle start ===
[2026-09-18T02:39:45.374014Z] Registered new inbound task: probe-001
[2026-09-18T02:39:45.375761Z] Closed probe probe-001 (RECEIPT)
[2026-09-18T02:39:45.376438Z] Closed probe-001 via receipt
[2026-09-18T02:39:45.377769Z] === Cycle complete, pending=1 ===
[2026-09-18T02:40:15.378854Z] === Watch cycle start ===
[2026-09-18T02:40:15.393424Z] Registered new inbound task: probe-001
[2026-09-18T02:40:15.394921Z] Closed probe probe-001 (RECEIPT)
[2026-09-18T02:40:15.395628Z] Closed probe-001 via receipt
[2026-09-18T02:40:15.397178Z] === Cycle complete, pending=1 ===
[2026-09-18T02:40:45.399328Z] === Watch cycle start ===
[2026-09-18T02:40:45.405666Z] Registered new inbound task: probe-001
[2026-09-18T02:40:45.407090Z] Closed probe probe-001 (RECEIPT)
[2026-09-18T02:40:45.407812Z] Closed probe-001 via receipt
[2026-09-18T02:40:45.409008Z] === Cycle complete, pending=1 ===
[2026-09-18T02:41:15.410530Z] === Watch cycle start ===
[2026-09-18T02:41:15.418544Z] Registered new inbound task: probe-001
[2026-09-18T02:41:15.419570Z] Closed probe probe-001 (RECEIPT)
[2026-09-18T02:41:15.420083Z] Closed probe-001 via receipt
[2026-09-18T02:41:15.421057Z] === Cycle complete, pending=1 ===
[2026-09-18T02:41:45.432400Z] === Watch cycle start ===
[2026-09-18T02:41:45.440223Z] Registered new inbound task: probe-001
[2026-09-18T02:41:45.445668Z] Closed probe probe-001 (RECEIPT)
[2026-09-18T02:41:45.453755Z] Closed probe-001 via receipt
[2026-09-18T02:41:45.455152Z] === Cycle complete, pending=1 ===
[2026-09-18T02:42:15.460062Z] === Watch cycle start ===
[2026-09-18T02:42:15.466281Z] Registered new inbound task: probe-001
[2026-09-18T02:42:15.468843Z] Closed probe probe-001 (RECEIPT)
[2026-09-18T02:42:15.469357Z] Closed probe-001 via receipt
[2026-09-18T02:42:15.470524Z] === Cycle complete, pending=1 ===
[2026-09-18T02:42:45.471519Z] === Watch cycle start ===
[2026-09-18T02:42:45.491803Z] Registered new inbound task: probe-001
[2026-09-18T02:42:45.496445Z] Closed probe probe-001 (RECEIPT)
[2026-09-18T02:42:45.498365Z] Closed probe-001 via receipt
[2026-09-18T02:42:45.499695Z] === Cycle complete, pending=1 ===
[2026-09-18T02:43:15.505028Z] === Watch cycle start ===
[2026-09-18T02:43:15.511222Z] Registered new inbound task: probe-001
[2026-09-18T02:43:15.512320Z] Closed probe probe-001 (RECEIPT)
[2026-09-18T02:43:15.512808Z] Closed probe-001 via receipt
[2026-09-18T02:43:15.513706Z] === Cycle complete, pending=1 ===
[2026-09-18T02:43:45.514371Z] === Watch cycle start ===
[2026-09-18T02:43:45.517776Z] Registered new inbound task: probe-001
[2026-09-18T02:43:45.518808Z] Closed probe probe-001 (RECEIPT)
[2026-09-18T02:43:45.519273Z] Closed probe-001 via receipt
[2026-09-18T02:43:45.520136Z] === Cycle complete, pending=1 ===
[2026-09-18T02:44:15.520655Z] === Watch cycle start ===
[2026-09-18T02:44:15.529009Z] Registered new inbound task: probe-001
[2026-09-18T02:44:15.530837Z] Closed probe probe-001 (RECEIPT)
[2026-09-18T02:44:15.531480Z] Closed probe-001 via receipt
[2026-09-18T02:44:15.532591Z] === Cycle complete, pending=1 ===
[2026-09-18T02:44:45.533401Z] === Watch cycle start ===
[2026-09-18T02:44:45.536682Z] Registered new inbound task: probe-001
[2026-09-18T02:44:45.537747Z] Closed probe probe-001 (RECEIPT)
[2026-09-18T02:44:45.538210Z] Closed probe-001 via receipt
[2026-09-18T02:44:45.539167Z] === Cycle complete, pending=1 ===
[2026-09-18T02:45:15.539824Z] === Watch cycle start ===
[2026-09-18T02:45:15.546247Z] Registered new inbound task: probe-001
[2026-09-18T02:45:15.547634Z] Closed probe probe-001 (RECEIPT)
[2026-09-18T02:45:15.548121Z] Closed probe-001 via receipt
[2026-09-18T02:45:15.549118Z] === Cycle complete, pending=1 ===
[2026-09-18T02:45:45.550518Z] === Watch cycle start ===
[2026-09-18T02:45:45.554378Z] Registered new inbound task: probe-001
[2026-09-18T02:45:45.555404Z] Closed probe probe-001 (RECEIPT)
[2026-09-18T02:45:45.555861Z] Closed probe-001 via receipt
[2026-09-18T02:45:45.556808Z] === Cycle complete, pending=1 ===
[2026-09-18T02:46:15.557422Z] === Watch cycle start ===
[2026-09-18T02:46:15.560928Z] Registered new inbound task: probe-001
[2026-09-18T02:46:15.561888Z] Closed probe probe-001 (RECEIPT)
[2026-09-18T02:46:15.562333Z] Closed probe-001 via receipt
[2026-09-18T02:46:15.563178Z] === Cycle complete, pending=1 ===
[2026-09-18T02:46:45.563778Z] === Watch cycle start ===
[2026-09-18T02:46:45.567759Z] Registered new inbound task: probe-001
[2026-09-18T02:46:45.568767Z] Closed probe probe-001 (RECEIPT)
[2026-09-18T02:46:45.569251Z] Closed probe-001 via receipt
[2026-09-18T02:46:45.570136Z] === Cycle complete, pending=1 ===
[2026-09-18T02:47:15.571591Z] === Watch cycle start ===
[2026-09-18T02:47:15.584056Z] Registered new inbound task: probe-001
[2026-09-18T02:47:15.585477Z] Closed probe probe-001 (RECEIPT)
[2026-09-18T02:47:15.586272Z] Closed probe-001 via receipt
[2026-09-18T02:47:15.587604Z] === Cycle complete, pending=1 ===
[2026-09-18T02:47:45.589619Z] === Watch cycle start ===
[2026-09-18T02:47:45.593840Z] Registered new inbound task: probe-001
[2026-09-18T02:47:45.595215Z] Closed probe probe-001 (RECEIPT)
[2026-09-18T02:47:45.595818Z] Closed probe-001 via receipt
[2026-09-18T02:47:45.596451Z] STALE: soak-001 past deadline + 30min grace
[2026-09-18T02:47:45.597845Z] === Cycle complete, pending=0 ===
[2026-09-18T02:48:15.599372Z] === Watch cycle start ===
[2026-09-18T02:48:15.617555Z] Registered new inbound task: probe-001
[2026-09-18T02:48:15.618123Z] Registered new inbound task: soak-001
[2026-09-18T02:48:15.619197Z] Closed probe probe-001 (RECEIPT)
[2026-09-18T02:48:15.619766Z] Closed probe-001 via receipt
[2026-09-18T02:48:15.620847Z] === Cycle complete, pending=1 ===
[2026-09-18T02:48:45.621972Z] === Watch cycle start ===
[2026-09-18T02:48:45.632170Z] Registered new inbound task: probe-001
[2026-09-18T02:48:45.633205Z] Closed probe probe-001 (RECEIPT)
[2026-09-18T02:48:45.633730Z] Closed probe-001 via receipt
[2026-09-18T02:48:45.634626Z] === Cycle complete, pending=1 ===
[2026-09-18T02:49:15.635662Z] === Watch cycle start ===
[2026-09-18T02:49:15.641375Z] Registered new inbound task: probe-001
[2026-09-18T02:49:15.642346Z] Closed probe probe-001 (RECEIPT)
[2026-09-18T02:49:15.642800Z] Closed probe-001 via receipt
[2026-09-18T02:49:15.643685Z] === Cycle complete, pending=1 ===
[2026-09-18T02:49:45.644323Z] === Watch cycle start ===
[2026-09-18T02:49:45.652261Z] Registered new inbound task: probe-001
[2026-09-18T02:49:45.653627Z] Closed probe probe-001 (RECEIPT)
[2026-09-18T02:49:45.654409Z] Closed probe-001 via receipt
[2026-09-18T02:49:45.655470Z] === Cycle complete, pending=1 ===
[2026-09-18T02:50:15.656233Z] === Watch cycle start ===
[2026-09-18T02:50:15.665770Z] Registered new inbound task: probe-001
[2026-09-18T02:50:15.666993Z] Closed probe probe-001 (RECEIPT)
[2026-09-18T02:50:15.667581Z] Closed probe-001 via receipt
[2026-09-18T02:50:15.668546Z] === Cycle complete, pending=1 ===
[2026-09-18T02:50:45.669604Z] === Watch cycle start ===
[2026-09-18T02:50:45.674209Z] Registered new inbound task: probe-001
[2026-09-18T02:50:45.675841Z] Closed probe probe-001 (RECEIPT)
[2026-09-18T02:50:45.677571Z] Closed probe-001 via receipt
[2026-09-18T02:50:45.678602Z] === Cycle complete, pending=1 ===
[2026-09-18T02:51:15.683582Z] === Watch cycle start ===
[2026-09-18T02:51:15.698021Z] Registered new inbound task: probe-001
[2026-09-18T02:51:15.706423Z] Closed probe probe-001 (RECEIPT)
[2026-09-18T02:51:15.709912Z] Closed probe-001 via receipt
[2026-09-18T02:51:15.715596Z] === Cycle complete, pending=1 ===
[2026-09-18T02:51:45.716405Z] === Watch cycle start ===
[2026-09-18T02:51:45.719750Z] Registered new inbound task: probe-001
[2026-09-18T02:51:45.720777Z] Closed probe probe-001 (RECEIPT)
[2026-09-18T02:51:45.721256Z] Closed probe-001 via receipt
[2026-09-18T02:51:45.726330Z] === Cycle complete, pending=1 ===
[2026-09-18T02:52:15.727753Z] === Watch cycle start ===
[2026-09-18T02:52:15.731614Z] Registered new inbound task: probe-001
[2026-09-18T02:52:15.733078Z] Closed probe probe-001 (RECEIPT)
[2026-09-18T02:52:15.733526Z] Closed probe-001 via receipt
[2026-09-18T02:52:15.734442Z] === Cycle complete, pending=1 ===
[2026-09-18T02:52:45.735057Z] === Watch cycle start ===
[2026-09-18T02:52:45.738751Z] Registered new inbound task: probe-001
[2026-09-18T02:52:45.739948Z] Closed probe probe-001 (RECEIPT)
[2026-09-18T02:52:45.740487Z] Closed probe-001 via receipt
[2026-09-18T02:52:45.741602Z] === Cycle complete, pending=1 ===
[2026-09-18T02:53:15.742612Z] === Watch cycle start ===
[2026-09-18T02:53:15.748525Z] Registered new inbound task: probe-001
[2026-09-18T02:53:15.749640Z] Closed probe probe-001 (RECEIPT)
[2026-09-18T02:53:15.750123Z] Closed probe-001 via receipt
[2026-09-18T02:53:15.751039Z] === Cycle complete, pending=1 ===
[2026-09-18T02:53:45.751872Z] === Watch cycle start ===
[2026-09-18T02:53:45.757058Z] Registered new inbound task: probe-001
[2026-09-18T02:53:45.758099Z] Closed probe probe-001 (RECEIPT)
[2026-09-18T02:53:45.758587Z] Closed probe-001 via receipt
[2026-09-18T02:53:45.759545Z] === Cycle complete, pending=1 ===
[2026-09-18T02:54:15.760735Z] === Watch cycle start ===
[2026-09-18T02:54:15.766625Z] Registered new inbound task: probe-001
[2026-09-18T02:54:15.767667Z] Closed probe probe-001 (RECEIPT)
[2026-09-18T02:54:15.768142Z] Closed probe-001 via receipt
[2026-09-18T02:54:15.769170Z] === Cycle complete, pending=1 ===
[2026-09-18T02:54:45.771649Z] === Watch cycle start ===
[2026-09-18T02:54:45.775624Z] Registered new inbound task: probe-001
[2026-09-18T02:54:45.776649Z] Closed probe probe-001 (RECEIPT)
[2026-09-18T02:54:45.777154Z] Closed probe-001 via receipt
[2026-09-18T02:54:45.778057Z] === Cycle complete, pending=1 ===
[2026-09-18T02:55:15.779402Z] === Watch cycle start ===
[2026-09-18T02:55:15.785336Z] Registered new inbound task: probe-001
[2026-09-18T02:55:15.786336Z] Closed probe probe-001 (RECEIPT)
[2026-09-18T02:55:15.786801Z] Closed probe-001 via receipt
[2026-09-18T02:55:15.787626Z] === Cycle complete, pending=1 ===
[2026-09-18T02:55:45.788766Z] === Watch cycle start ===
[2026-09-18T02:55:45.792317Z] Registered new inbound task: probe-001
[2026-09-18T02:55:45.793369Z] Closed probe probe-001 (RECEIPT)
[2026-09-18T02:55:45.793861Z] Closed probe-001 via receipt
[2026-09-18T02:55:45.794799Z] === Cycle complete, pending=1 ===
[2026-09-18T02:56:15.799781Z] === Watch cycle start ===
[2026-09-18T02:56:15.812188Z] Registered new inbound task: probe-001
[2026-09-18T02:56:15.813498Z] Closed probe probe-001 (RECEIPT)
[2026-09-18T02:56:15.814540Z] Closed probe-001 via receipt
[2026-09-18T02:56:15.818281Z] === Cycle complete, pending=1 ===
[2026-09-18T02:56:45.819024Z] === Watch cycle start ===
[2026-09-18T02:56:45.822473Z] Registered new inbound task: probe-001
[2026-09-18T02:56:45.823509Z] Closed probe probe-001 (RECEIPT)
[2026-09-18T02:56:45.832468Z] Closed probe-001 via receipt
[2026-09-18T02:56:45.834071Z] === Cycle complete, pending=1 ===
[2026-09-18T02:57:15.836309Z] === Watch cycle start ===
[2026-09-18T02:57:15.842626Z] Registered new inbound task: probe-001
[2026-09-18T02:57:15.844039Z] Closed probe probe-001 (RECEIPT)
[2026-09-18T02:57:15.844715Z] Closed probe-001 via receipt
[2026-09-18T02:57:15.845921Z] === Cycle complete, pending=1 ===
[2026-09-18T02:57:45.848392Z] === Watch cycle start ===
[2026-09-18T02:57:45.854087Z] Registered new inbound task: probe-001
[2026-09-18T02:57:45.855218Z] Closed probe probe-001 (RECEIPT)
[2026-09-18T02:57:45.855777Z] Closed probe-001 via receipt
[2026-09-18T02:57:45.857040Z] === Cycle complete, pending=1 ===
[2026-09-18T02:58:15.858447Z] === Watch cycle start ===
[2026-09-18T02:58:15.868319Z] Registered new inbound task: probe-001
[2026-09-18T02:58:15.869897Z] Closed probe probe-001 (RECEIPT)
[2026-09-18T02:58:15.870456Z] Closed probe-001 via receipt
[2026-09-18T02:58:15.871670Z] === Cycle complete, pending=1 ===
[2026-09-18T02:58:45.872894Z] === Watch cycle start ===
[2026-09-18T02:58:45.878810Z] Registered new inbound task: probe-001
[2026-09-18T02:58:45.880324Z] Closed probe probe-001 (RECEIPT)
[2026-09-18T02:58:45.884690Z] Closed probe-001 via receipt
[2026-09-18T02:58:45.885947Z] === Cycle complete, pending=1 ===
[2026-09-18T02:59:15.886777Z] === Watch cycle start ===
[2026-09-18T02:59:15.893121Z] Registered new inbound task: probe-001
[2026-09-18T02:59:15.896056Z] Closed probe probe-001 (RECEIPT)
[2026-09-18T02:59:15.896776Z] Closed probe-001 via receipt
[2026-09-18T02:59:15.898977Z] === Cycle complete, pending=1 ===
[2026-09-18T02:59:45.899871Z] === Watch cycle start ===
[2026-09-18T02:59:45.903513Z] Registered new inbound task: probe-001
[2026-09-18T02:59:45.904596Z] Closed probe probe-001 (RECEIPT)
[2026-09-18T02:59:45.905089Z] Closed probe-001 via receipt
[2026-09-18T02:59:45.905959Z] === Cycle complete, pending=1 ===
[2026-09-18T03:00:15.906847Z] === Watch cycle start ===
[2026-09-18T03:00:15.914454Z] Registered new inbound task: probe-001
[2026-09-18T03:00:15.915464Z] Closed probe probe-001 (RECEIPT)
[2026-09-18T03:00:15.915945Z] Closed probe-001 via receipt
[2026-09-18T03:00:15.916803Z] === Cycle complete, pending=1 ===
[2026-09-18T03:00:45.917420Z] === Watch cycle start ===
[2026-09-18T03:00:45.920690Z] Registered new inbound task: probe-001
[2026-09-18T03:00:45.921693Z] Closed probe probe-001 (RECEIPT)
[2026-09-18T03:00:45.922174Z] Closed probe-001 via receipt
[2026-09-18T03:00:45.923290Z] === Cycle complete, pending=1 ===
[2026-09-18T03:01:15.925024Z] === Watch cycle start ===
[2026-09-18T03:01:15.928633Z] Registered new inbound task: probe-001
[2026-09-18T03:01:15.929619Z] Closed probe probe-001 (RECEIPT)
[2026-09-18T03:01:15.930092Z] Closed probe-001 via receipt
[2026-09-18T03:01:15.930915Z] === Cycle complete, pending=1 ===
[2026-09-18T03:01:45.931768Z] === Watch cycle start ===
[2026-09-18T03:01:45.938477Z] Registered new inbound task: probe-001
[2026-09-18T03:01:45.943960Z] Closed probe probe-001 (RECEIPT)
[2026-09-18T03:01:45.944559Z] Closed probe-001 via receipt
[2026-09-18T03:01:45.945569Z] === Cycle complete, pending=1 ===
[2026-09-18T03:02:15.946260Z] === Watch cycle start ===
[2026-09-18T03:02:15.950562Z] Registered new inbound task: probe-001
[2026-09-18T03:02:15.951542Z] Closed probe probe-001 (RECEIPT)
[2026-09-18T03:02:15.951996Z] Closed probe-001 via receipt
[2026-09-18T03:02:15.953791Z] === Cycle complete, pending=1 ===
[2026-09-18T03:02:45.955345Z] === Watch cycle start ===
[2026-09-18T03:02:45.959071Z] Registered new inbound task: probe-001
[2026-09-18T03:02:45.962372Z] Closed probe probe-001 (RECEIPT)
[2026-09-18T03:02:45.962987Z] Closed probe-001 via receipt
[2026-09-18T03:02:45.964268Z] === Cycle complete, pending=1 ===
[2026-09-18T03:03:15.965119Z] === Watch cycle start ===
[2026-09-18T03:03:15.971440Z] Registered new inbound task: probe-001
[2026-09-18T03:03:15.972423Z] Closed probe probe-001 (RECEIPT)
[2026-09-18T03:03:15.972942Z] Closed probe-001 via receipt
[2026-09-18T03:03:15.974044Z] === Cycle complete, pending=1 ===
[2026-09-18T03:03:45.976401Z] === Watch cycle start ===
[2026-09-18T03:03:45.985580Z] Registered new inbound task: probe-001
[2026-09-18T03:03:45.989883Z] Closed probe probe-001 (RECEIPT)
[2026-09-18T03:03:45.990731Z] Closed probe-001 via receipt
[2026-09-18T03:03:45.995472Z] === Cycle complete, pending=1 ===
[2026-09-18T03:04:15.998174Z] === Watch cycle start ===
[2026-09-18T03:04:16.021246Z] Registered new inbound task: probe-001
[2026-09-18T03:04:16.024666Z] Closed probe probe-001 (RECEIPT)
[2026-09-18T03:04:16.025458Z] Closed probe-001 via receipt
[2026-09-18T03:04:16.026632Z] === Cycle complete, pending=1 ===
[2026-09-18T03:04:46.033792Z] === Watch cycle start ===
[2026-09-18T03:04:46.047018Z] Registered new inbound task: probe-001
[2026-09-18T03:04:46.048883Z] Closed probe probe-001 (RECEIPT)
[2026-09-18T03:04:46.049658Z] Closed probe-001 via receipt
[2026-09-18T03:04:46.050960Z] === Cycle complete, pending=1 ===
[2026-09-18T03:05:16.051918Z] === Watch cycle start ===
[2026-09-18T03:05:16.058251Z] Registered new inbound task: probe-001
[2026-09-18T03:05:16.059687Z] Closed probe probe-001 (RECEIPT)
[2026-09-18T03:05:16.064556Z] Closed probe-001 via receipt
[2026-09-18T03:05:16.066362Z] === Cycle complete, pending=1 ===
[2026-09-18T03:05:46.067378Z] === Watch cycle start ===
[2026-09-18T03:05:46.071880Z] Registered new inbound task: probe-001
[2026-09-18T03:05:46.072904Z] Closed probe probe-001 (RECEIPT)
[2026-09-18T03:05:46.073420Z] Closed probe-001 via receipt
[2026-09-18T03:05:46.074352Z] === Cycle complete, pending=1 ===
[2026-09-18T03:06:16.075062Z] === Watch cycle start ===
[2026-09-18T03:06:16.078685Z] Registered new inbound task: probe-001
[2026-09-18T03:06:16.079640Z] Closed probe probe-001 (RECEIPT)
[2026-09-18T03:06:16.080106Z] Closed probe-001 via receipt
[2026-09-18T03:06:16.080935Z] === Cycle complete, pending=1 ===
[2026-09-18T03:06:46.081545Z] === Watch cycle start ===
[2026-09-18T03:06:46.084870Z] Registered new inbound task: probe-001
[2026-09-18T03:06:46.085897Z] Closed probe probe-001 (RECEIPT)
[2026-09-18T03:06:46.086383Z] Closed probe-001 via receipt
[2026-09-18T03:06:46.087326Z] === Cycle complete, pending=1 ===
[2026-09-18T03:07:16.088225Z] === Watch cycle start ===
[2026-09-18T03:07:16.097072Z] Registered new inbound task: probe-001
[2026-09-18T03:07:16.098089Z] Closed probe probe-001 (RECEIPT)
[2026-09-18T03:07:16.098581Z] Closed probe-001 via receipt
[2026-09-18T03:07:16.099445Z] === Cycle complete, pending=1 ===
[2026-09-18T03:07:46.100103Z] === Watch cycle start ===
[2026-09-18T03:07:46.103593Z] Registered new inbound task: probe-001
[2026-09-18T03:07:46.104615Z] Closed probe probe-001 (RECEIPT)
[2026-09-18T03:07:46.105133Z] Closed probe-001 via receipt
[2026-09-18T03:07:46.106058Z] === Cycle complete, pending=1 ===
[2026-09-18T03:08:16.107312Z] === Watch cycle start ===
[2026-09-18T03:08:16.114141Z] Registered new inbound task: probe-001
[2026-09-18T03:08:16.115522Z] Closed probe probe-001 (RECEIPT)
[2026-09-18T03:08:16.116498Z] Closed probe-001 via receipt
[2026-09-18T03:08:16.117399Z] === Cycle complete, pending=1 ===
[2026-09-18T03:08:46.118275Z] === Watch cycle start ===
[2026-09-18T03:08:46.121771Z] Registered new inbound task: probe-001
[2026-09-18T03:08:46.122780Z] Closed probe probe-001 (RECEIPT)
[2026-09-18T03:08:46.123256Z] Closed probe-001 via receipt
[2026-09-18T03:08:46.124109Z] === Cycle complete, pending=1 ===
[2026-09-18T03:09:16.124942Z] === Watch cycle start ===
[2026-09-18T03:09:16.129882Z] Registered new inbound task: probe-001
[2026-09-18T03:09:16.130854Z] Closed probe probe-001 (RECEIPT)
[2026-09-18T03:09:16.131335Z] Closed probe-001 via receipt
[2026-09-18T03:09:16.132196Z] === Cycle complete, pending=1 ===
[2026-09-18T03:09:46.132815Z] === Watch cycle start ===
[2026-09-18T03:09:46.136480Z] Registered new inbound task: probe-001
[2026-09-18T03:09:46.137657Z] Closed probe probe-001 (RECEIPT)
[2026-09-18T03:09:46.138185Z] Closed probe-001 via receipt
[2026-09-18T03:09:46.139061Z] === Cycle complete, pending=1 ===
[2026-09-18T03:10:16.140515Z] === Watch cycle start ===
[2026-09-18T03:10:16.147612Z] Registered new inbound task: probe-001
[2026-09-18T03:10:16.148708Z] Closed probe probe-001 (RECEIPT)
[2026-09-18T03:10:16.149176Z] Closed probe-001 via receipt
[2026-09-18T03:10:16.150221Z] === Cycle complete, pending=1 ===
[2026-09-18T03:10:46.150817Z] === Watch cycle start ===
[2026-09-18T03:10:46.154210Z] Registered new inbound task: probe-001
[2026-09-18T03:10:46.155251Z] Closed probe probe-001 (RECEIPT)
[2026-09-18T03:10:46.155725Z] Closed probe-001 via receipt
[2026-09-18T03:10:46.156674Z] === Cycle complete, pending=1 ===
[2026-09-18T03:11:16.157815Z] === Watch cycle start ===
[2026-09-18T03:11:16.164756Z] Registered new inbound task: probe-001
[2026-09-18T03:11:16.165784Z] Closed probe probe-001 (RECEIPT)
[2026-09-18T03:11:16.166259Z] Closed probe-001 via receipt
[2026-09-18T03:11:16.167125Z] === Cycle complete, pending=1 ===
[2026-09-18T03:11:46.167968Z] === Watch cycle start ===
[2026-09-18T03:11:46.171586Z] Registered new inbound task: probe-001
[2026-09-18T03:11:46.173175Z] Closed probe probe-001 (RECEIPT)
[2026-09-18T03:11:46.173633Z] Closed probe-001 via receipt
[2026-09-18T03:11:46.174692Z] === Cycle complete, pending=1 ===
[2026-09-18T03:12:16.176175Z] === Watch cycle start ===
[2026-09-18T03:12:16.179911Z] Registered new inbound task: probe-001
[2026-09-18T03:12:16.180879Z] Closed probe probe-001 (RECEIPT)
[2026-09-18T03:12:16.181346Z] Closed probe-001 via receipt
[2026-09-18T03:12:16.182340Z] === Cycle complete, pending=1 ===
[2026-09-18T03:12:46.185700Z] === Watch cycle start ===
[2026-09-18T03:12:46.191153Z] Registered new inbound task: probe-001
[2026-09-18T03:12:46.192851Z] Closed probe probe-001 (RECEIPT)
[2026-09-18T03:12:46.193533Z] Closed probe-001 via receipt
[2026-09-18T03:12:46.194747Z] === Cycle complete, pending=1 ===
[2026-09-18T03:13:16.195475Z] === Watch cycle start ===
[2026-09-18T03:13:16.201546Z] Registered new inbound task: probe-001
[2026-09-18T03:13:16.202583Z] Closed probe probe-001 (RECEIPT)
[2026-09-18T03:13:16.203047Z] Closed probe-001 via receipt
[2026-09-18T03:13:16.203918Z] === Cycle complete, pending=1 ===
[2026-09-18T03:13:46.205097Z] === Watch cycle start ===
[2026-09-18T03:13:46.209922Z] Registered new inbound task: probe-001
[2026-09-18T03:13:46.211342Z] Closed probe probe-001 (RECEIPT)
[2026-09-18T03:13:46.212064Z] Closed probe-001 via receipt
[2026-09-18T03:13:46.213156Z] === Cycle complete, pending=1 ===
[2026-09-18T03:14:16.213880Z] === Watch cycle start ===
[2026-09-18T03:14:16.220223Z] Registered new inbound task: probe-001
[2026-09-18T03:14:16.221216Z] Closed probe probe-001 (RECEIPT)
[2026-09-18T03:14:16.221707Z] Closed probe-001 via receipt
[2026-09-18T03:14:16.223021Z] === Cycle complete, pending=1 ===
[2026-09-18T03:14:46.223913Z] === Watch cycle start ===
[2026-09-18T03:14:46.227235Z] Registered new inbound task: probe-001
[2026-09-18T03:14:46.228258Z] Closed probe probe-001 (RECEIPT)
[2026-09-18T03:14:46.228744Z] Closed probe-001 via receipt
[2026-09-18T03:14:46.229648Z] === Cycle complete, pending=1 ===
[2026-09-18T03:15:16.230751Z] === Watch cycle start ===
[2026-09-18T03:15:16.237255Z] Registered new inbound task: probe-001
[2026-09-18T03:15:16.238253Z] Closed probe probe-001 (RECEIPT)
[2026-09-18T03:15:16.238688Z] Closed probe-001 via receipt
[2026-09-18T03:15:16.239529Z] === Cycle complete, pending=1 ===
[2026-09-18T03:15:46.242595Z] === Watch cycle start ===
[2026-09-18T03:15:46.247364Z] Registered new inbound task: probe-001
[2026-09-18T03:15:46.248739Z] Closed probe probe-001 (RECEIPT)
[2026-09-18T03:15:46.249611Z] Closed probe-001 via receipt
[2026-09-18T03:15:46.250725Z] === Cycle complete, pending=1 ===
[2026-09-18T03:16:16.251730Z] === Watch cycle start ===
[2026-09-18T03:16:16.266625Z] Registered new inbound task: probe-001
[2026-09-18T03:16:16.274391Z] Closed probe probe-001 (RECEIPT)
[2026-09-18T03:16:16.276770Z] Closed probe-001 via receipt
[2026-09-18T03:16:16.280055Z] === Cycle complete, pending=1 ===
[2026-09-18T03:16:46.281685Z] === Watch cycle start ===
[2026-09-18T03:16:46.285005Z] Registered new inbound task: probe-001
[2026-09-18T03:16:46.286033Z] Closed probe probe-001 (RECEIPT)
[2026-09-18T03:16:46.286523Z] Closed probe-001 via receipt
[2026-09-18T03:16:46.287461Z] === Cycle complete, pending=1 ===
[2026-09-18T03:17:16.307280Z] === Watch cycle start ===
[2026-09-18T03:17:16.317104Z] Registered new inbound task: probe-001
[2026-09-18T03:17:16.335512Z] Closed probe probe-001 (RECEIPT)
[2026-09-18T03:17:16.341256Z] Closed probe-001 via receipt
[2026-09-18T03:17:16.343214Z] === Cycle complete, pending=1 ===
[2026-09-18T03:17:46.344971Z] === Watch cycle start ===
[2026-09-18T03:17:46.354969Z] Registered new inbound task: probe-001
[2026-09-18T03:17:46.360805Z] Closed probe probe-001 (RECEIPT)
[2026-09-18T03:17:46.361521Z] Closed probe-001 via receipt
[2026-09-18T03:17:46.362817Z] === Cycle complete, pending=1 ===
[2026-09-18T03:18:16.369870Z] === Watch cycle start ===
[2026-09-18T03:18:16.375411Z] Registered new inbound task: probe-001
[2026-09-18T03:18:16.376820Z] Closed probe probe-001 (RECEIPT)
[2026-09-18T03:18:16.378854Z] Closed probe-001 via receipt
[2026-09-18T03:18:16.379843Z] === Cycle complete, pending=1 ===
[2026-09-18T03:18:46.380633Z] === Watch cycle start ===
[2026-09-18T03:18:46.383924Z] Registered new inbound task: probe-001
[2026-09-18T03:18:46.384923Z] Closed probe probe-001 (RECEIPT)
[2026-09-18T03:18:46.385402Z] Closed probe-001 via receipt
[2026-09-18T03:18:46.386286Z] === Cycle complete, pending=1 ===
[2026-09-18T03:19:16.387337Z] === Watch cycle start ===
[2026-09-18T03:19:16.396804Z] Registered new inbound task: probe-001
[2026-09-18T03:19:16.404988Z] Closed probe probe-001 (RECEIPT)
[2026-09-18T03:19:16.405680Z] Closed probe-001 via receipt
[2026-09-18T03:19:16.408064Z] === Cycle complete, pending=1 ===
[2026-09-18T03:19:46.408989Z] === Watch cycle start ===
[2026-09-18T03:19:46.413485Z] Registered new inbound task: probe-001
[2026-09-18T03:19:46.414704Z] Closed probe probe-001 (RECEIPT)
[2026-09-18T03:19:46.415207Z] Closed probe-001 via receipt
[2026-09-18T03:19:46.416142Z] === Cycle complete, pending=1 ===
[2026-09-18T03:20:16.418401Z] === Watch cycle start ===
[2026-09-18T03:20:16.427533Z] Registered new inbound task: probe-001
[2026-09-18T03:20:16.431889Z] Closed probe probe-001 (RECEIPT)
[2026-09-18T03:20:16.455686Z] Closed probe-001 via receipt
[2026-09-18T03:20:16.456760Z] === Cycle complete, pending=1 ===
[2026-09-18T03:20:46.458240Z] === Watch cycle start ===
[2026-09-18T03:20:46.461662Z] Registered new inbound task: probe-001
[2026-09-18T03:20:46.462884Z] Closed probe probe-001 (RECEIPT)
[2026-09-18T03:20:46.463376Z] Closed probe-001 via receipt
[2026-09-18T03:20:46.464242Z] === Cycle complete, pending=1 ===
[2026-09-18T03:21:16.465599Z] === Watch cycle start ===
[2026-09-18T03:21:16.473389Z] Registered new inbound task: probe-001
[2026-09-18T03:21:16.474824Z] Closed probe probe-001 (RECEIPT)
[2026-09-18T03:21:16.475474Z] Closed probe-001 via receipt
[2026-09-18T03:21:16.476660Z] === Cycle complete, pending=1 ===
[2026-09-18T03:21:46.478077Z] === Watch cycle start ===
[2026-09-18T03:21:46.484791Z] Registered new inbound task: probe-001
[2026-09-18T03:21:46.485863Z] Closed probe probe-001 (RECEIPT)
[2026-09-18T03:21:46.486368Z] Closed probe-001 via receipt
[2026-09-18T03:21:46.487253Z] === Cycle complete, pending=1 ===
[2026-09-18T03:22:16.491468Z] === Watch cycle start ===
[2026-09-18T03:22:16.507693Z] Registered new inbound task: probe-001
[2026-09-18T03:22:16.508936Z] Closed probe probe-001 (RECEIPT)
[2026-09-18T03:22:16.509601Z] Closed probe-001 via receipt
[2026-09-18T03:22:16.510779Z] === Cycle complete, pending=1 ===
[2026-09-18T03:22:46.511583Z] === Watch cycle start ===
[2026-09-18T03:22:46.515327Z] Registered new inbound task: probe-001
[2026-09-18T03:22:46.516403Z] Closed probe probe-001 (RECEIPT)
[2026-09-18T03:22:46.516887Z] Closed probe-001 via receipt
[2026-09-18T03:22:46.517856Z] === Cycle complete, pending=1 ===
[2026-09-18T03:23:16.519368Z] === Watch cycle start ===
[2026-09-18T03:23:16.528343Z] Registered new inbound task: probe-001
[2026-09-18T03:23:16.529347Z] Closed probe probe-001 (RECEIPT)
[2026-09-18T03:23:16.529852Z] Closed probe-001 via receipt
[2026-09-18T03:23:16.530785Z] === Cycle complete, pending=1 ===
[2026-09-18T03:23:46.532172Z] === Watch cycle start ===
[2026-09-18T03:23:46.535943Z] Registered new inbound task: probe-001
[2026-09-18T03:23:46.536914Z] Closed probe probe-001 (RECEIPT)
[2026-09-18T03:23:46.537381Z] Closed probe-001 via receipt
[2026-09-18T03:23:46.538312Z] === Cycle complete, pending=1 ===
[2026-09-18T03:24:16.540439Z] === Watch cycle start ===
[2026-09-18T03:24:16.561475Z] Registered new inbound task: probe-001
[2026-09-18T03:24:16.562834Z] Closed probe probe-001 (RECEIPT)
[2026-09-18T03:24:16.563480Z] Closed probe-001 via receipt
[2026-09-18T03:24:16.564733Z] === Cycle complete, pending=1 ===
[2026-09-18T03:24:46.565580Z] === Watch cycle start ===
[2026-09-18T03:24:46.569120Z] Registered new inbound task: probe-001
[2026-09-18T03:24:46.570165Z] Closed probe probe-001 (RECEIPT)
[2026-09-18T03:24:46.570647Z] Closed probe-001 via receipt
[2026-09-18T03:24:46.571601Z] === Cycle complete, pending=1 ===
[2026-09-18T03:25:16.572726Z] === Watch cycle start ===
[2026-09-18T03:25:16.578214Z] Registered new inbound task: probe-001
[2026-09-18T03:25:16.579276Z] Closed probe probe-001 (RECEIPT)
[2026-09-18T03:25:16.579755Z] Closed probe-001 via receipt
[2026-09-18T03:25:16.580678Z] === Cycle complete, pending=1 ===
[2026-09-18T03:25:46.581362Z] === Watch cycle start ===
[2026-09-18T03:25:46.585378Z] Registered new inbound task: probe-001
[2026-09-18T03:25:46.586675Z] Closed probe probe-001 (RECEIPT)
[2026-09-18T03:25:46.587326Z] Closed probe-001 via receipt
[2026-09-18T03:25:46.588490Z] === Cycle complete, pending=1 ===
[2026-09-18T03:26:16.589767Z] === Watch cycle start ===
[2026-09-18T03:26:16.594591Z] Registered new inbound task: probe-001
[2026-09-18T03:26:16.595562Z] Closed probe probe-001 (RECEIPT)
[2026-09-18T03:26:16.596032Z] Closed probe-001 via receipt
[2026-09-18T03:26:16.596920Z] === Cycle complete, pending=1 ===
[2026-09-18T03:26:46.597518Z] === Watch cycle start ===
[2026-09-18T03:26:46.600963Z] Registered new inbound task: probe-001
[2026-09-18T03:26:46.602075Z] Closed probe probe-001 (RECEIPT)
[2026-09-18T03:26:46.603703Z] Closed probe-001 via receipt
[2026-09-18T03:26:46.605541Z] === Cycle complete, pending=1 ===
[2026-09-18T03:27:16.607190Z] === Watch cycle start ===
[2026-09-18T03:27:16.613927Z] Registered new inbound task: probe-001
[2026-09-18T03:27:16.615259Z] Closed probe probe-001 (RECEIPT)
[2026-09-18T03:27:16.615879Z] Closed probe-001 via receipt
[2026-09-18T03:27:16.617100Z] === Cycle complete, pending=1 ===
[2026-09-18T03:27:46.620472Z] === Watch cycle start ===
[2026-09-18T03:27:46.624653Z] Registered new inbound task: probe-001
[2026-09-18T03:27:46.625889Z] Closed probe probe-001 (RECEIPT)
[2026-09-18T03:27:46.626466Z] Closed probe-001 via receipt
[2026-09-18T03:27:46.627636Z] === Cycle complete, pending=1 ===
[2026-09-18T03:28:16.628343Z] === Watch cycle start ===
[2026-09-18T03:28:16.633170Z] Registered new inbound task: probe-001
[2026-09-18T03:28:16.634302Z] Closed probe probe-001 (RECEIPT)
[2026-09-18T03:28:16.634762Z] Closed probe-001 via receipt
[2026-09-18T03:28:16.635655Z] === Cycle complete, pending=1 ===
[2026-09-18T03:28:46.636340Z] === Watch cycle start ===
[2026-09-18T03:28:46.641051Z] Registered new inbound task: probe-001
[2026-09-18T03:28:46.642066Z] Closed probe probe-001 (RECEIPT)
[2026-09-18T03:28:46.642548Z] Closed probe-001 via receipt
[2026-09-18T03:28:46.643405Z] === Cycle complete, pending=1 ===
[2026-09-18T03:29:16.644147Z] === Watch cycle start ===
[2026-09-18T03:29:16.655519Z] Registered new inbound task: probe-001
[2026-09-18T03:29:16.663279Z] Closed probe probe-001 (RECEIPT)
[2026-09-18T03:29:16.663828Z] Closed probe-001 via receipt
[2026-09-18T03:29:16.664973Z] === Cycle complete, pending=1 ===
[2026-09-18T03:29:46.666309Z] === Watch cycle start ===
[2026-09-18T03:29:46.669715Z] Registered new inbound task: probe-001
[2026-09-18T03:29:46.670715Z] Closed probe probe-001 (RECEIPT)
[2026-09-18T03:29:46.671186Z] Closed probe-001 via receipt
[2026-09-18T03:29:46.672120Z] === Cycle complete, pending=1 ===
[2026-09-18T03:30:16.673624Z] === Watch cycle start ===
[2026-09-18T03:30:16.679294Z] Registered new inbound task: probe-001
[2026-09-18T03:30:16.680432Z] Closed probe probe-001 (RECEIPT)
[2026-09-18T03:30:16.680968Z] Closed probe-001 via receipt
[2026-09-18T03:30:16.681954Z] === Cycle complete, pending=1 ===
[2026-09-18T03:30:46.683209Z] === Watch cycle start ===
[2026-09-18T03:30:46.691495Z] Registered new inbound task: probe-001
[2026-09-18T03:30:46.693206Z] Closed probe probe-001 (RECEIPT)
[2026-09-18T03:30:46.693815Z] Closed probe-001 via receipt
[2026-09-18T03:30:46.694847Z] === Cycle complete, pending=1 ===
[2026-09-18T03:31:16.695644Z] === Watch cycle start ===
[2026-09-18T03:31:16.711129Z] Registered new inbound task: probe-001
[2026-09-18T03:31:16.713297Z] Closed probe probe-001 (RECEIPT)
[2026-09-18T03:31:16.743480Z] Closed probe-001 via receipt
[2026-09-18T03:31:16.753128Z] === Cycle complete, pending=1 ===
[2026-09-18T03:31:46.755937Z] === Watch cycle start ===
[2026-09-18T03:31:46.760237Z] Registered new inbound task: probe-001
[2026-09-18T03:31:46.773281Z] Closed probe probe-001 (RECEIPT)
[2026-09-18T03:31:46.773820Z] Closed probe-001 via receipt
[2026-09-18T03:31:46.775052Z] === Cycle complete, pending=1 ===
[2026-09-18T03:32:16.776670Z] === Watch cycle start ===
[2026-09-18T03:32:16.783421Z] Registered new inbound task: probe-001
[2026-09-18T03:32:16.787981Z] Closed probe probe-001 (RECEIPT)
[2026-09-18T03:32:16.788787Z] Closed probe-001 via receipt
[2026-09-18T03:32:16.790006Z] === Cycle complete, pending=1 ===
[2026-09-18T03:32:46.791016Z] === Watch cycle start ===
[2026-09-18T03:32:46.794440Z] Registered new inbound task: probe-001
[2026-09-18T03:32:46.795516Z] Closed probe probe-001 (RECEIPT)
[2026-09-18T03:32:46.796029Z] Closed probe-001 via receipt
[2026-09-18T03:32:46.796893Z] === Cycle complete, pending=1 ===
[2026-09-18T03:33:16.797734Z] === Watch cycle start ===
[2026-09-18T03:33:16.805064Z] Registered new inbound task: probe-001
[2026-09-18T03:33:16.806051Z] Closed probe probe-001 (RECEIPT)
[2026-09-18T03:33:16.806525Z] Closed probe-001 via receipt
[2026-09-18T03:33:16.807504Z] === Cycle complete, pending=1 ===
[2026-09-18T03:33:46.808320Z] === Watch cycle start ===
[2026-09-18T03:33:46.812531Z] Registered new inbound task: probe-001
[2026-09-18T03:33:46.813834Z] Closed probe probe-001 (RECEIPT)
[2026-09-18T03:33:46.815175Z] Closed probe-001 via receipt
[2026-09-18T03:33:46.816639Z] === Cycle complete, pending=1 ===
[2026-09-18T03:34:16.818282Z] === Watch cycle start ===
[2026-09-18T03:34:16.826664Z] Registered new inbound task: probe-001
[2026-09-18T03:34:16.827753Z] Closed probe probe-001 (RECEIPT)
[2026-09-18T03:34:16.828246Z] Closed probe-001 via receipt
[2026-09-18T03:34:16.829122Z] === Cycle complete, pending=1 ===
[2026-09-18T03:34:46.829821Z] === Watch cycle start ===
[2026-09-18T03:34:46.833167Z] Registered new inbound task: probe-001
[2026-09-18T03:34:46.834357Z] Closed probe probe-001 (RECEIPT)
[2026-09-18T03:34:46.834860Z] Closed probe-001 via receipt
[2026-09-18T03:34:46.835983Z] === Cycle complete, pending=1 ===
[2026-09-18T03:35:16.836662Z] === Watch cycle start ===
[2026-09-18T03:35:16.847645Z] Registered new inbound task: probe-001
[2026-09-18T03:35:16.850357Z] Closed probe probe-001 (RECEIPT)
[2026-09-18T03:35:16.852443Z] Closed probe-001 via receipt
[2026-09-18T03:35:16.856643Z] === Cycle complete, pending=1 ===
[2026-09-18T03:35:46.857474Z] === Watch cycle start ===
[2026-09-18T03:35:46.860975Z] Registered new inbound task: probe-001
[2026-09-18T03:35:46.861979Z] Closed probe probe-001 (RECEIPT)
[2026-09-18T03:35:46.862461Z] Closed probe-001 via receipt
[2026-09-18T03:35:46.863430Z] === Cycle complete, pending=1 ===
[2026-09-18T03:36:16.866295Z] === Watch cycle start ===
[2026-09-18T03:36:16.875996Z] Registered new inbound task: probe-001
[2026-09-18T03:36:16.877449Z] Closed probe probe-001 (RECEIPT)
[2026-09-18T03:36:16.878017Z] Closed probe-001 via receipt
[2026-09-18T03:36:16.880063Z] === Cycle complete, pending=1 ===
[2026-09-18T03:36:46.882927Z] === Watch cycle start ===
[2026-09-18T03:36:46.887095Z] Registered new inbound task: probe-001
[2026-09-18T03:36:46.888325Z] Closed probe probe-001 (RECEIPT)
[2026-09-18T03:36:46.888862Z] Closed probe-001 via receipt
[2026-09-18T03:36:46.889784Z] === Cycle complete, pending=1 ===
[2026-09-18T03:37:16.891068Z] === Watch cycle start ===
[2026-09-18T03:37:16.902747Z] Registered new inbound task: probe-001
[2026-09-18T03:37:16.904139Z] Closed probe probe-001 (RECEIPT)
[2026-09-18T03:37:16.904692Z] Closed probe-001 via receipt
[2026-09-18T03:37:16.906443Z] === Cycle complete, pending=1 ===
[2026-09-18T03:37:46.910094Z] === Watch cycle start ===
[2026-09-18T03:37:46.913557Z] Registered new inbound task: probe-001
[2026-09-18T03:37:46.914648Z] Closed probe probe-001 (RECEIPT)
[2026-09-18T03:37:46.915127Z] Closed probe-001 via receipt
[2026-09-18T03:37:46.916067Z] === Cycle complete, pending=1 ===
[2026-09-18T03:38:16.916791Z] === Watch cycle start ===
[2026-09-18T03:38:16.925842Z] Registered new inbound task: probe-001
[2026-09-18T03:38:16.926921Z] Closed probe probe-001 (RECEIPT)
[2026-09-18T03:38:16.927391Z] Closed probe-001 via receipt
[2026-09-18T03:38:16.928249Z] === Cycle complete, pending=1 ===
[2026-09-18T03:38:46.928885Z] === Watch cycle start ===
[2026-09-18T03:38:46.933450Z] Registered new inbound task: probe-001
[2026-09-18T03:38:46.934525Z] Closed probe probe-001 (RECEIPT)
[2026-09-18T03:38:46.935053Z] Closed probe-001 via receipt
[2026-09-18T03:38:46.936182Z] === Cycle complete, pending=1 ===
[2026-09-18T03:39:16.936947Z] === Watch cycle start ===
[2026-09-18T03:39:16.948960Z] Registered new inbound task: probe-001
[2026-09-18T03:39:16.950112Z] Closed probe probe-001 (RECEIPT)
[2026-09-18T03:39:16.950758Z] Closed probe-001 via receipt
[2026-09-18T03:39:16.951768Z] === Cycle complete, pending=1 ===
[2026-09-18T03:39:46.958571Z] === Watch cycle start ===
[2026-09-18T03:39:46.962073Z] Registered new inbound task: probe-001
[2026-09-18T03:39:46.963105Z] Closed probe probe-001 (RECEIPT)
[2026-09-18T03:39:46.963592Z] Closed probe-001 via receipt
[2026-09-18T03:39:46.964469Z] === Cycle complete, pending=1 ===
[2026-09-18T03:40:16.965658Z] === Watch cycle start ===
[2026-09-18T03:40:16.974765Z] Registered new inbound task: probe-001
[2026-09-18T03:40:16.975803Z] Closed probe probe-001 (RECEIPT)
[2026-09-18T03:40:16.976314Z] Closed probe-001 via receipt
[2026-09-18T03:40:16.977303Z] === Cycle complete, pending=1 ===
[2026-09-18T03:40:46.977927Z] === Watch cycle start ===
[2026-09-18T03:40:46.981416Z] Registered new inbound task: probe-001
[2026-09-18T03:40:46.982456Z] Closed probe probe-001 (RECEIPT)
[2026-09-18T03:40:46.982930Z] Closed probe-001 via receipt
[2026-09-18T03:40:46.983833Z] === Cycle complete, pending=1 ===
[2026-09-18T03:41:16.985167Z] === Watch cycle start ===
[2026-09-18T03:41:16.992432Z] Registered new inbound task: probe-001
[2026-09-18T03:41:16.993453Z] Closed probe probe-001 (RECEIPT)
[2026-09-18T03:41:16.993934Z] Closed probe-001 via receipt
[2026-09-18T03:41:16.994877Z] === Cycle complete, pending=1 ===
[2026-09-18T03:41:46.995974Z] === Watch cycle start ===
[2026-09-18T03:41:47.000646Z] Registered new inbound task: probe-001
[2026-09-18T03:41:47.001861Z] Closed probe probe-001 (RECEIPT)
[2026-09-18T03:41:47.003343Z] Closed probe-001 via receipt
[2026-09-18T03:41:47.004312Z] === Cycle complete, pending=1 ===
[2026-09-18T03:42:17.005108Z] === Watch cycle start ===
[2026-09-18T03:42:17.009330Z] Registered new inbound task: probe-001
[2026-09-18T03:42:17.010294Z] Closed probe probe-001 (RECEIPT)
[2026-09-18T03:42:17.010779Z] Closed probe-001 via receipt
[2026-09-18T03:42:17.011594Z] === Cycle complete, pending=1 ===
[2026-09-18T03:42:47.012158Z] === Watch cycle start ===
[2026-09-18T03:42:47.015512Z] Registered new inbound task: probe-001
[2026-09-18T03:42:47.016510Z] Closed probe probe-001 (RECEIPT)
[2026-09-18T03:42:47.016979Z] Closed probe-001 via receipt
[2026-09-18T03:42:47.018264Z] === Cycle complete, pending=1 ===
[2026-09-18T03:43:17.019764Z] === Watch cycle start ===
[2026-09-18T03:43:17.031051Z] Registered new inbound task: probe-001
[2026-09-18T03:43:17.033245Z] Closed probe probe-001 (RECEIPT)
[2026-09-18T03:43:17.035559Z] Closed probe-001 via receipt
[2026-09-18T03:43:17.037380Z] === Cycle complete, pending=1 ===
[2026-09-18T03:43:47.040856Z] === Watch cycle start ===
[2026-09-18T03:43:47.051668Z] Registered new inbound task: probe-001
[2026-09-18T03:43:47.053185Z] Closed probe probe-001 (RECEIPT)
[2026-09-18T03:43:47.053932Z] Closed probe-001 via receipt
[2026-09-18T03:43:47.055183Z] === Cycle complete, pending=1 ===
[2026-09-18T03:44:17.058248Z] === Watch cycle start ===
[2026-09-18T03:44:17.079497Z] Registered new inbound task: probe-001
[2026-09-18T03:44:17.083118Z] Closed probe probe-001 (RECEIPT)
[2026-09-18T03:44:17.083734Z] Closed probe-001 via receipt
[2026-09-18T03:44:17.084694Z] === Cycle complete, pending=1 ===
[2026-09-18T03:44:47.085561Z] === Watch cycle start ===
[2026-09-18T03:44:47.088901Z] Registered new inbound task: probe-001
[2026-09-18T03:44:47.089977Z] Closed probe probe-001 (RECEIPT)
[2026-09-18T03:44:47.090463Z] Closed probe-001 via receipt
[2026-09-18T03:44:47.091437Z] === Cycle complete, pending=1 ===
[2026-09-18T03:45:17.092248Z] === Watch cycle start ===
[2026-09-18T03:45:17.097756Z] Registered new inbound task: probe-001
[2026-09-18T03:45:17.098959Z] Closed probe probe-001 (RECEIPT)
[2026-09-18T03:45:17.099416Z] Closed probe-001 via receipt
[2026-09-18T03:45:17.100343Z] === Cycle complete, pending=1 ===
[2026-09-18T03:45:47.102725Z] === Watch cycle start ===
[2026-09-18T03:45:47.106009Z] Registered new inbound task: probe-001
[2026-09-18T03:45:47.107026Z] Closed probe probe-001 (RECEIPT)
[2026-09-18T03:45:47.107489Z] Closed probe-001 via receipt
[2026-09-18T03:45:47.108400Z] === Cycle complete, pending=1 ===
[2026-09-18T03:46:17.109307Z] === Watch cycle start ===
[2026-09-18T03:46:17.113751Z] Registered new inbound task: probe-001
[2026-09-18T03:46:17.114720Z] Closed probe probe-001 (RECEIPT)
[2026-09-18T03:46:17.115195Z] Closed probe-001 via receipt
[2026-09-18T03:46:17.116040Z] === Cycle complete, pending=1 ===
[2026-09-18T03:46:47.116692Z] === Watch cycle start ===
[2026-09-18T03:46:47.120128Z] Registered new inbound task: probe-001
[2026-09-18T03:46:47.121188Z] Closed probe probe-001 (RECEIPT)
[2026-09-18T03:46:47.121677Z] Closed probe-001 via receipt
[2026-09-18T03:46:47.122600Z] === Cycle complete, pending=1 ===
[2026-09-18T03:47:17.123382Z] === Watch cycle start ===
[2026-09-18T03:47:17.128075Z] Registered new inbound task: probe-001
[2026-09-18T03:47:17.129703Z] Closed probe probe-001 (RECEIPT)
[2026-09-18T03:47:17.130341Z] Closed probe-001 via receipt
[2026-09-18T03:47:17.131609Z] === Cycle complete, pending=1 ===
[2026-09-18T03:47:47.133120Z] === Watch cycle start ===
[2026-09-18T03:47:47.136675Z] Registered new inbound task: probe-001
[2026-09-18T03:47:47.137697Z] Closed probe probe-001 (RECEIPT)
[2026-09-18T03:47:47.138345Z] Closed probe-001 via receipt
[2026-09-18T03:47:47.141553Z] === Cycle complete, pending=1 ===
[2026-09-18T03:48:17.142443Z] === Watch cycle start ===
[2026-09-18T03:48:17.146790Z] Registered new inbound task: probe-001
[2026-09-18T03:48:17.147963Z] Closed probe probe-001 (RECEIPT)
[2026-09-18T03:48:17.149815Z] Closed probe-001 via receipt
[2026-09-18T03:48:17.150859Z] === Cycle complete, pending=1 ===
[2026-09-18T03:48:47.151600Z] === Watch cycle start ===
[2026-09-18T03:48:47.154861Z] Registered new inbound task: probe-001
[2026-09-18T03:48:47.155882Z] Closed probe probe-001 (RECEIPT)
[2026-09-18T03:48:47.156347Z] Closed probe-001 via receipt
[2026-09-18T03:48:47.157195Z] === Cycle complete, pending=1 ===
[2026-09-18T03:49:17.157842Z] === Watch cycle start ===
[2026-09-18T03:49:17.162988Z] Registered new inbound task: probe-001
[2026-09-18T03:49:17.164176Z] Closed probe probe-001 (RECEIPT)
[2026-09-18T03:49:17.164656Z] Closed probe-001 via receipt
[2026-09-18T03:49:17.165534Z] === Cycle complete, pending=1 ===
[2026-09-18T03:49:47.166735Z] === Watch cycle start ===
[2026-09-18T03:49:47.172650Z] Registered new inbound task: probe-001
[2026-09-18T03:49:47.174319Z] Closed probe probe-001 (RECEIPT)
[2026-09-18T03:49:47.174975Z] Closed probe-001 via receipt
[2026-09-18T03:49:47.176195Z] === Cycle complete, pending=1 ===
[2026-09-18T03:50:17.176972Z] === Watch cycle start ===
[2026-09-18T03:50:17.181753Z] Registered new inbound task: probe-001
[2026-09-18T03:50:17.182771Z] Closed probe probe-001 (RECEIPT)
[2026-09-18T03:50:17.183237Z] Closed probe-001 via receipt
[2026-09-18T03:50:17.184180Z] === Cycle complete, pending=1 ===
[2026-09-18T03:50:47.186113Z] === Watch cycle start ===
[2026-09-18T03:50:47.194012Z] Registered new inbound task: probe-001
[2026-09-18T03:50:47.195517Z] Closed probe probe-001 (RECEIPT)
[2026-09-18T03:50:47.197430Z] Closed probe-001 via receipt
[2026-09-18T03:50:47.198738Z] === Cycle complete, pending=1 ===
[2026-09-18T03:51:17.203832Z] === Watch cycle start ===
[2026-09-18T03:51:17.208643Z] Registered new inbound task: probe-001
[2026-09-18T03:51:17.209685Z] Closed probe probe-001 (RECEIPT)
[2026-09-18T03:51:17.210140Z] Closed probe-001 via receipt
[2026-09-18T03:51:17.211001Z] === Cycle complete, pending=1 ===
[2026-09-18T03:51:47.217973Z] === Watch cycle start ===
[2026-09-18T03:51:47.227024Z] Registered new inbound task: probe-001
[2026-09-18T03:51:47.228432Z] Closed probe probe-001 (RECEIPT)
[2026-09-18T03:51:47.229093Z] Closed probe-001 via receipt
[2026-09-18T03:51:47.230324Z] === Cycle complete, pending=1 ===
[2026-09-18T03:52:17.231474Z] === Watch cycle start ===
[2026-09-18T03:52:17.235265Z] Registered new inbound task: probe-001
[2026-09-18T03:52:17.236225Z] Closed probe probe-001 (RECEIPT)
[2026-09-18T03:52:17.236702Z] Closed probe-001 via receipt
[2026-09-18T03:52:17.237710Z] === Cycle complete, pending=1 ===
[2026-09-18T03:52:47.239377Z] === Watch cycle start ===
[2026-09-18T03:52:47.243460Z] Registered new inbound task: probe-001
[2026-09-18T03:52:47.248829Z] Closed probe probe-001 (RECEIPT)
[2026-09-18T03:52:47.250368Z] Closed probe-001 via receipt
[2026-09-18T03:52:47.251761Z] === Cycle complete, pending=1 ===
[2026-09-18T03:53:17.252808Z] === Watch cycle start ===
[2026-09-18T03:53:17.256474Z] Registered new inbound task: probe-001
[2026-09-18T03:53:17.257770Z] Closed probe probe-001 (RECEIPT)
[2026-09-18T03:53:17.259225Z] Closed probe-001 via receipt
[2026-09-18T03:53:17.262357Z] === Cycle complete, pending=1 ===
[2026-09-18T03:53:47.263163Z] === Watch cycle start ===
[2026-09-18T03:53:47.266792Z] Registered new inbound task: probe-001
[2026-09-18T03:53:47.267812Z] Closed probe probe-001 (RECEIPT)
[2026-09-18T03:53:47.268300Z] Closed probe-001 via receipt
[2026-09-18T03:53:47.269180Z] === Cycle complete, pending=1 ===
[2026-09-18T03:54:17.269920Z] === Watch cycle start ===
[2026-09-18T03:54:17.281370Z] Registered new inbound task: probe-001
[2026-09-18T03:54:17.282403Z] Closed probe probe-001 (RECEIPT)
[2026-09-18T03:54:17.283091Z] Closed probe-001 via receipt
[2026-09-18T03:54:17.286370Z] === Cycle complete, pending=1 ===
[2026-09-18T03:54:47.287347Z] === Watch cycle start ===
[2026-09-18T03:54:47.294245Z] Registered new inbound task: probe-001
[2026-09-18T03:54:47.295571Z] Closed probe probe-001 (RECEIPT)
[2026-09-18T03:54:47.296165Z] Closed probe-001 via receipt
[2026-09-18T03:54:47.297211Z] === Cycle complete, pending=1 ===
[2026-09-18T03:55:17.298508Z] === Watch cycle start ===
[2026-09-18T03:55:17.309238Z] Registered new inbound task: probe-001
[2026-09-18T03:55:17.310572Z] Closed probe probe-001 (RECEIPT)
[2026-09-18T03:55:17.311114Z] Closed probe-001 via receipt
[2026-09-18T03:55:17.312017Z] === Cycle complete, pending=1 ===
[2026-09-18T03:55:47.312828Z] === Watch cycle start ===
[2026-09-18T03:55:47.316849Z] Registered new inbound task: probe-001
[2026-09-18T03:55:47.319798Z] Closed probe probe-001 (RECEIPT)
[2026-09-18T03:55:47.320335Z] Closed probe-001 via receipt
[2026-09-18T03:55:47.321232Z] === Cycle complete, pending=1 ===
[2026-09-18T03:56:17.322037Z] === Watch cycle start ===
[2026-09-18T03:56:17.329218Z] Registered new inbound task: probe-001
[2026-09-18T03:56:17.330294Z] Closed probe probe-001 (RECEIPT)
[2026-09-18T03:56:17.330753Z] Closed probe-001 via receipt
[2026-09-18T03:56:17.331637Z] === Cycle complete, pending=1 ===
[2026-09-18T03:56:47.333099Z] === Watch cycle start ===
[2026-09-18T03:56:47.337208Z] Registered new inbound task: probe-001
[2026-09-18T03:56:47.339790Z] Closed probe probe-001 (RECEIPT)
[2026-09-18T03:56:47.340350Z] Closed probe-001 via receipt
[2026-09-18T03:56:47.341483Z] === Cycle complete, pending=1 ===
[2026-09-18T03:57:17.342638Z] === Watch cycle start ===
[2026-09-18T03:57:17.358153Z] Registered new inbound task: probe-001
[2026-09-18T03:57:17.361320Z] Closed probe probe-001 (RECEIPT)
[2026-09-18T03:57:17.361975Z] Closed probe-001 via receipt
[2026-09-18T03:57:17.363208Z] === Cycle complete, pending=1 ===
[2026-09-18T03:57:47.368155Z] === Watch cycle start ===
[2026-09-18T03:57:47.372330Z] Registered new inbound task: probe-001
[2026-09-18T03:57:47.374966Z] Closed probe probe-001 (RECEIPT)
[2026-09-18T03:57:47.375485Z] Closed probe-001 via receipt
[2026-09-18T03:57:47.376357Z] === Cycle complete, pending=1 ===
[2026-09-18T03:58:17.377026Z] === Watch cycle start ===
[2026-09-18T03:58:17.382788Z] Registered new inbound task: probe-001
[2026-09-18T03:58:17.384364Z] Closed probe probe-001 (RECEIPT)
[2026-09-18T03:58:17.385010Z] Closed probe-001 via receipt
[2026-09-18T03:58:17.385916Z] === Cycle complete, pending=1 ===
[2026-09-18T03:58:47.386854Z] === Watch cycle start ===
[2026-09-18T03:58:47.391014Z] Registered new inbound task: probe-001
[2026-09-18T03:58:47.392052Z] Closed probe probe-001 (RECEIPT)
[2026-09-18T03:58:47.392541Z] Closed probe-001 via receipt
[2026-09-18T03:58:47.393726Z] === Cycle complete, pending=1 ===
[2026-09-18T03:59:17.396391Z] === Watch cycle start ===
[2026-09-18T03:59:17.408476Z] Registered new inbound task: probe-001
[2026-09-18T03:59:17.411742Z] Closed probe probe-001 (RECEIPT)
[2026-09-18T03:59:17.412552Z] Closed probe-001 via receipt
[2026-09-18T03:59:17.413972Z] === Cycle complete, pending=1 ===
[2026-09-18T03:59:47.415297Z] === Watch cycle start ===
[2026-09-18T03:59:47.419618Z] Registered new inbound task: probe-001
[2026-09-18T03:59:47.420879Z] Closed probe probe-001 (RECEIPT)
[2026-09-18T03:59:47.421395Z] Closed probe-001 via receipt
[2026-09-18T03:59:47.422477Z] === Cycle complete, pending=1 ===
[2026-09-18T04:00:17.423796Z] === Watch cycle start ===
[2026-09-18T04:00:17.431105Z] Registered new inbound task: probe-001
[2026-09-18T04:00:17.432086Z] Closed probe probe-001 (RECEIPT)
[2026-09-18T04:00:17.432521Z] Closed probe-001 via receipt
[2026-09-18T04:00:17.433424Z] === Cycle complete, pending=1 ===
[2026-09-18T04:00:47.434284Z] === Watch cycle start ===
[2026-09-18T04:00:47.439700Z] Registered new inbound task: probe-001
[2026-09-18T04:00:47.442623Z] Closed probe probe-001 (RECEIPT)
[2026-09-18T04:00:47.446547Z] Closed probe-001 via receipt
[2026-09-18T04:00:47.447934Z] === Cycle complete, pending=1 ===
[2026-09-18T04:01:17.448860Z] === Watch cycle start ===
[2026-09-18T04:01:17.457850Z] Registered new inbound task: probe-001
[2026-09-18T04:01:17.462466Z] Closed probe probe-001 (RECEIPT)
[2026-09-18T04:01:17.463086Z] Closed probe-001 via receipt
[2026-09-18T04:01:17.464451Z] === Cycle complete, pending=1 ===
[2026-09-18T04:01:47.468764Z] === Watch cycle start ===
[2026-09-18T04:01:47.472509Z] Registered new inbound task: probe-001
[2026-09-18T04:01:47.473529Z] Closed probe probe-001 (RECEIPT)
[2026-09-18T04:01:47.474015Z] Closed probe-001 via receipt
[2026-09-18T04:01:47.475090Z] === Cycle complete, pending=1 ===
[2026-09-18T04:02:17.476425Z] === Watch cycle start ===
[2026-09-18T04:02:17.482535Z] Registered new inbound task: probe-001
[2026-09-18T04:02:17.483647Z] Closed probe probe-001 (RECEIPT)
[2026-09-18T04:02:17.484213Z] Closed probe-001 via receipt
[2026-09-18T04:02:17.485129Z] === Cycle complete, pending=1 ===
[2026-09-18T04:02:47.485804Z] === Watch cycle start ===
[2026-09-18T04:02:47.490242Z] Registered new inbound task: probe-001
[2026-09-18T04:02:47.491305Z] Closed probe probe-001 (RECEIPT)
[2026-09-18T04:02:47.491786Z] Closed probe-001 via receipt
[2026-09-18T04:02:47.492670Z] === Cycle complete, pending=1 ===
[2026-09-18T04:03:17.493457Z] === Watch cycle start ===
[2026-09-18T04:03:17.499309Z] Registered new inbound task: probe-001
[2026-09-18T04:03:17.505557Z] Closed probe probe-001 (RECEIPT)
[2026-09-18T04:03:17.506119Z] Closed probe-001 via receipt
[2026-09-18T04:03:17.506994Z] === Cycle complete, pending=1 ===
[2026-09-18T04:03:47.513820Z] === Watch cycle start ===
[2026-09-18T04:03:47.524696Z] Registered new inbound task: probe-001
[2026-09-18T04:03:47.526022Z] Closed probe probe-001 (RECEIPT)
[2026-09-18T04:03:47.526629Z] Closed probe-001 via receipt
[2026-09-18T04:03:47.527824Z] === Cycle complete, pending=1 ===
[2026-09-18T04:04:17.529333Z] === Watch cycle start ===
[2026-09-18T04:04:17.536096Z] Registered new inbound task: probe-001
[2026-09-18T04:04:17.538142Z] Closed probe probe-001 (RECEIPT)
[2026-09-18T04:04:17.538837Z] Closed probe-001 via receipt
[2026-09-18T04:04:17.540120Z] === Cycle complete, pending=1 ===
[2026-09-18T04:04:47.541858Z] === Watch cycle start ===
[2026-09-18T04:04:47.545353Z] Registered new inbound task: probe-001
[2026-09-18T04:04:47.546423Z] Closed probe probe-001 (RECEIPT)
[2026-09-18T04:04:47.546912Z] Closed probe-001 via receipt
[2026-09-18T04:04:47.547844Z] === Cycle complete, pending=1 ===
[2026-09-18T04:05:17.553003Z] === Watch cycle start ===
[2026-09-18T04:05:17.557722Z] Registered new inbound task: probe-001
[2026-09-18T04:05:17.558690Z] Closed probe probe-001 (RECEIPT)
[2026-09-18T04:05:17.559116Z] Closed probe-001 via receipt
[2026-09-18T04:05:17.559994Z] === Cycle complete, pending=1 ===
[2026-09-18T04:05:47.561964Z] === Watch cycle start ===
[2026-09-18T04:05:47.567342Z] Registered new inbound task: probe-001
[2026-09-18T04:05:47.568400Z] Closed probe probe-001 (RECEIPT)
[2026-09-18T04:05:47.568903Z] Closed probe-001 via receipt
[2026-09-18T04:05:47.569873Z] === Cycle complete, pending=1 ===
[2026-09-18T04:06:17.571726Z] === Watch cycle start ===
[2026-09-18T04:06:17.583301Z] Registered new inbound task: probe-001
[2026-09-18T04:06:17.584938Z] Closed probe probe-001 (RECEIPT)
[2026-09-18T04:06:17.585788Z] Closed probe-001 via receipt
[2026-09-18T04:06:17.590889Z] === Cycle complete, pending=1 ===
[2026-09-18T04:06:47.592097Z] === Watch cycle start ===
[2026-09-18T04:06:47.598398Z] Registered new inbound task: probe-001
[2026-09-18T04:06:47.599937Z] Closed probe probe-001 (RECEIPT)
[2026-09-18T04:06:47.600653Z] Closed probe-001 via receipt
[2026-09-18T04:06:47.601859Z] === Cycle complete, pending=1 ===
[2026-09-18T04:07:17.603438Z] === Watch cycle start ===
[2026-09-18T04:07:17.608305Z] Registered new inbound task: probe-001
[2026-09-18T04:07:17.609312Z] Closed probe probe-001 (RECEIPT)
[2026-09-18T04:07:17.609727Z] Closed probe-001 via receipt
[2026-09-18T04:07:17.610592Z] === Cycle complete, pending=1 ===
[2026-09-18T04:07:47.611388Z] === Watch cycle start ===
[2026-09-18T04:07:47.618583Z] Registered new inbound task: probe-001
[2026-09-18T04:07:47.619919Z] Closed probe probe-001 (RECEIPT)
[2026-09-18T04:07:47.622929Z] Closed probe-001 via receipt
[2026-09-18T04:07:47.624226Z] === Cycle complete, pending=1 ===
[2026-09-18T04:08:17.625831Z] === Watch cycle start ===
[2026-09-18T04:08:17.631185Z] Registered new inbound task: probe-001
[2026-09-18T04:08:17.632488Z] Closed probe probe-001 (RECEIPT)
[2026-09-18T04:08:17.632991Z] Closed probe-001 via receipt
[2026-09-18T04:08:17.634007Z] === Cycle complete, pending=1 ===
[2026-09-18T04:08:47.637121Z] === Watch cycle start ===
[2026-09-18T04:08:47.641150Z] Registered new inbound task: probe-001
[2026-09-18T04:08:47.642208Z] Closed probe probe-001 (RECEIPT)
[2026-09-18T04:08:47.642733Z] Closed probe-001 via receipt
[2026-09-18T04:08:47.643796Z] === Cycle complete, pending=1 ===
[2026-09-18T04:09:17.645072Z] === Watch cycle start ===
[2026-09-18T04:09:17.655137Z] Registered new inbound task: probe-001
[2026-09-18T04:09:17.656171Z] Closed probe probe-001 (RECEIPT)
[2026-09-18T04:09:17.656690Z] Closed probe-001 via receipt
[2026-09-18T04:09:17.657577Z] === Cycle complete, pending=1 ===
[2026-09-18T04:09:47.658424Z] === Watch cycle start ===
[2026-09-18T04:09:47.662609Z] Registered new inbound task: probe-001
[2026-09-18T04:09:47.663868Z] Closed probe probe-001 (RECEIPT)
[2026-09-18T04:09:47.664571Z] Closed probe-001 via receipt
[2026-09-18T04:09:47.669811Z] === Cycle complete, pending=1 ===
[2026-09-18T04:10:17.673211Z] === Watch cycle start ===
[2026-09-18T04:10:17.685551Z] Registered new inbound task: probe-001
[2026-09-18T04:10:17.686990Z] Closed probe probe-001 (RECEIPT)
[2026-09-18T04:10:17.687854Z] Closed probe-001 via receipt
[2026-09-18T04:10:17.689125Z] === Cycle complete, pending=1 ===
[2026-09-18T04:10:47.700386Z] === Watch cycle start ===
[2026-09-18T04:10:47.710106Z] Registered new inbound task: probe-001
[2026-09-18T04:10:47.718500Z] Closed probe probe-001 (RECEIPT)
[2026-09-18T04:10:47.721286Z] Closed probe-001 via receipt
[2026-09-18T04:10:47.723579Z] === Cycle complete, pending=1 ===
[2026-09-18T04:11:17.747876Z] === Watch cycle start ===
[2026-09-18T04:11:17.753090Z] Registered new inbound task: probe-001
[2026-09-18T04:11:17.754184Z] Closed probe probe-001 (RECEIPT)
[2026-09-18T04:11:17.754704Z] Closed probe-001 via receipt
[2026-09-18T04:11:17.762584Z] === Cycle complete, pending=1 ===
[2026-09-18T04:11:47.763298Z] === Watch cycle start ===
[2026-09-18T04:11:47.767019Z] Registered new inbound task: probe-001
[2026-09-18T04:11:47.769084Z] Closed probe probe-001 (RECEIPT)
[2026-09-18T04:11:47.769595Z] Closed probe-001 via receipt
[2026-09-18T04:11:47.770528Z] === Cycle complete, pending=1 ===
[2026-09-18T04:12:17.771983Z] === Watch cycle start ===
[2026-09-18T04:12:17.782941Z] Registered new inbound task: probe-001
[2026-09-18T04:12:17.793163Z] Closed probe probe-001 (RECEIPT)
[2026-09-18T04:12:17.802257Z] Closed probe-001 via receipt
[2026-09-18T04:12:17.813532Z] === Cycle complete, pending=1 ===
[2026-09-18T04:12:47.820048Z] === Watch cycle start ===
[2026-09-18T04:12:47.824033Z] Registered new inbound task: probe-001
[2026-09-18T04:12:47.825069Z] Closed probe probe-001 (RECEIPT)
[2026-09-18T04:12:47.825533Z] Closed probe-001 via receipt
[2026-09-18T04:12:47.826385Z] === Cycle complete, pending=1 ===
[2026-09-18T04:13:17.827021Z] === Watch cycle start ===
[2026-09-18T04:13:17.834077Z] Registered new inbound task: probe-001
[2026-09-18T04:13:17.835122Z] Closed probe probe-001 (RECEIPT)
[2026-09-18T04:13:17.837064Z] Closed probe-001 via receipt
[2026-09-18T04:13:17.838669Z] === Cycle complete, pending=1 ===
[2026-09-18T04:13:47.840046Z] === Watch cycle start ===
[2026-09-18T04:13:47.843701Z] Registered new inbound task: probe-001
[2026-09-18T04:13:47.844701Z] Closed probe probe-001 (RECEIPT)
[2026-09-18T04:13:47.845175Z] Closed probe-001 via receipt
[2026-09-18T04:13:47.846068Z] === Cycle complete, pending=1 ===
[2026-09-18T04:14:17.847304Z] === Watch cycle start ===
[2026-09-18T04:14:17.853459Z] Registered new inbound task: probe-001
[2026-09-18T04:14:17.854429Z] Closed probe probe-001 (RECEIPT)
[2026-09-18T04:14:17.854853Z] Closed probe-001 via receipt
[2026-09-18T04:14:17.855725Z] === Cycle complete, pending=1 ===
[2026-09-18T04:14:47.856876Z] === Watch cycle start ===
[2026-09-18T04:14:47.860346Z] Registered new inbound task: probe-001
[2026-09-18T04:14:47.861357Z] Closed probe probe-001 (RECEIPT)
[2026-09-18T04:14:47.861844Z] Closed probe-001 via receipt
[2026-09-18T04:14:47.862732Z] === Cycle complete, pending=1 ===
[2026-09-18T04:15:17.864633Z] === Watch cycle start ===
[2026-09-18T04:15:17.875229Z] Registered new inbound task: probe-001
[2026-09-18T04:15:17.877248Z] Closed probe probe-001 (RECEIPT)
[2026-09-18T04:15:17.899773Z] Closed probe-001 via receipt
[2026-09-18T04:15:17.900838Z] === Cycle complete, pending=1 ===
[2026-09-18T04:15:47.902061Z] === Watch cycle start ===
[2026-09-18T04:15:47.905880Z] Registered new inbound task: probe-001
[2026-09-18T04:15:47.907001Z] Closed probe probe-001 (RECEIPT)
[2026-09-18T04:15:47.907512Z] Closed probe-001 via receipt
[2026-09-18T04:15:47.908381Z] === Cycle complete, pending=1 ===
[2026-09-18T04:16:17.909046Z] === Watch cycle start ===
[2026-09-18T04:16:17.918230Z] Registered new inbound task: probe-001
[2026-09-18T04:16:17.919368Z] Closed probe probe-001 (RECEIPT)
[2026-09-18T04:16:17.920021Z] Closed probe-001 via receipt
[2026-09-18T04:16:17.921213Z] === Cycle complete, pending=1 ===
[2026-09-18T04:16:47.922090Z] === Watch cycle start ===
[2026-09-18T04:16:47.925726Z] Registered new inbound task: probe-001
[2026-09-18T04:16:47.926989Z] Closed probe probe-001 (RECEIPT)
[2026-09-18T04:16:47.927728Z] Closed probe-001 via receipt
[2026-09-18T04:16:47.928693Z] === Cycle complete, pending=1 ===
[2026-09-18T04:17:17.929405Z] === Watch cycle start ===
[2026-09-18T04:17:17.937079Z] Registered new inbound task: probe-001
[2026-09-18T04:17:17.938475Z] Closed probe probe-001 (RECEIPT)
[2026-09-18T04:17:17.938974Z] Closed probe-001 via receipt
[2026-09-18T04:17:17.939901Z] === Cycle complete, pending=1 ===
[2026-09-18T04:17:47.940954Z] === Watch cycle start ===
[2026-09-18T04:17:47.946981Z] Registered new inbound task: probe-001
[2026-09-18T04:17:47.948942Z] Closed probe probe-001 (RECEIPT)
[2026-09-18T04:17:47.950056Z] Closed probe-001 via receipt
[2026-09-18T04:17:47.951459Z] === Cycle complete, pending=1 ===
[2026-09-18T04:18:17.952692Z] === Watch cycle start ===
[2026-09-18T04:18:17.957649Z] Registered new inbound task: probe-001
[2026-09-18T04:18:17.958656Z] Closed probe probe-001 (RECEIPT)
[2026-09-18T04:18:17.959105Z] Closed probe-001 via receipt
[2026-09-18T04:18:17.959516Z] STALE: soak-001 past deadline + 30min grace
[2026-09-18T04:18:17.960612Z] === Cycle complete, pending=0 ===
[2026-09-18T04:18:47.961559Z] === Watch cycle start ===
[2026-09-18T04:18:47.964959Z] Registered new inbound task: probe-001
[2026-09-18T04:18:47.965567Z] Registered new inbound task: soak-001
[2026-09-18T04:18:47.966600Z] Closed probe probe-001 (RECEIPT)
[2026-09-18T04:18:47.967059Z] Closed probe-001 via receipt
[2026-09-18T04:18:47.968009Z] === Cycle complete, pending=1 ===
[2026-09-18T04:19:17.969278Z] === Watch cycle start ===
[2026-09-18T04:19:17.989732Z] Registered new inbound task: probe-001
[2026-09-18T04:19:17.994842Z] Closed probe probe-001 (RECEIPT)
[2026-09-18T04:19:17.998257Z] Closed probe-001 via receipt
[2026-09-18T04:19:17.999686Z] === Cycle complete, pending=1 ===
[2026-09-18T04:19:48.002887Z] === Watch cycle start ===
[2026-09-18T04:19:48.007163Z] Registered new inbound task: probe-001
[2026-09-18T04:19:48.008306Z] Closed probe probe-001 (RECEIPT)
[2026-09-18T04:19:48.008840Z] Closed probe-001 via receipt
[2026-09-18T04:19:48.009765Z] === Cycle complete, pending=1 ===
[2026-09-18T04:20:18.011461Z] === Watch cycle start ===
[2026-09-18T04:20:18.016939Z] Registered new inbound task: probe-001
[2026-09-18T04:20:18.017955Z] Closed probe probe-001 (RECEIPT)
[2026-09-18T04:20:18.018413Z] Closed probe-001 via receipt
[2026-09-18T04:20:18.019254Z] === Cycle complete, pending=1 ===
[2026-09-18T04:20:48.020513Z] === Watch cycle start ===
[2026-09-18T04:20:48.024140Z] Registered new inbound task: probe-001
[2026-09-18T04:20:48.025159Z] Closed probe probe-001 (RECEIPT)
[2026-09-18T04:20:48.025630Z] Closed probe-001 via receipt
[2026-09-18T04:20:48.026562Z] === Cycle complete, pending=1 ===
[2026-09-18T04:21:18.027443Z] === Watch cycle start ===
[2026-09-18T04:21:18.032734Z] Registered new inbound task: probe-001
[2026-09-18T04:21:18.033825Z] Closed probe probe-001 (RECEIPT)
[2026-09-18T04:21:18.034298Z] Closed probe-001 via receipt
[2026-09-18T04:21:18.035149Z] === Cycle complete, pending=1 ===
[2026-09-18T04:21:48.035769Z] === Watch cycle start ===
[2026-09-18T04:21:48.039159Z] Registered new inbound task: probe-001
[2026-09-18T04:21:48.040159Z] Closed probe probe-001 (RECEIPT)
[2026-09-18T04:21:48.040633Z] Closed probe-001 via receipt
[2026-09-18T04:21:48.043165Z] === Cycle complete, pending=1 ===
[2026-09-18T04:22:18.043894Z] === Watch cycle start ===
[2026-09-18T04:22:18.048158Z] Registered new inbound task: probe-001
[2026-09-18T04:22:18.049115Z] Closed probe probe-001 (RECEIPT)
[2026-09-18T04:22:18.049531Z] Closed probe-001 via receipt
[2026-09-18T04:22:18.050799Z] === Cycle complete, pending=1 ===
[2026-09-18T04:22:48.052527Z] === Watch cycle start ===
[2026-09-18T04:22:48.055866Z] Registered new inbound task: probe-001
[2026-09-18T04:22:48.056961Z] Closed probe probe-001 (RECEIPT)
[2026-09-18T04:22:48.057464Z] Closed probe-001 via receipt
[2026-09-18T04:22:48.058586Z] === Cycle complete, pending=1 ===
[2026-09-18T04:23:18.067169Z] === Watch cycle start ===
[2026-09-18T04:23:18.092452Z] Registered new inbound task: probe-001
[2026-09-18T04:23:18.113142Z] Closed probe probe-001 (RECEIPT)
[2026-09-18T04:23:18.113893Z] Closed probe-001 via receipt
[2026-09-18T04:23:18.115082Z] === Cycle complete, pending=1 ===
[2026-09-18T04:23:48.116003Z] === Watch cycle start ===
[2026-09-18T04:23:48.120243Z] Registered new inbound task: probe-001
[2026-09-18T04:23:48.121450Z] Closed probe probe-001 (RECEIPT)
[2026-09-18T04:23:48.122018Z] Closed probe-001 via receipt
[2026-09-18T04:23:48.123224Z] === Cycle complete, pending=1 ===
[2026-09-18T04:24:18.124824Z] === Watch cycle start ===
[2026-09-18T04:24:18.135782Z] Registered new inbound task: probe-001
[2026-09-18T04:24:18.136887Z] Closed probe probe-001 (RECEIPT)
[2026-09-18T04:24:18.137460Z] Closed probe-001 via receipt
[2026-09-18T04:24:18.138396Z] === Cycle complete, pending=1 ===
[2026-09-18T04:24:48.139503Z] === Watch cycle start ===
[2026-09-18T04:24:48.143704Z] Registered new inbound task: probe-001
[2026-09-18T04:24:48.144777Z] Closed probe probe-001 (RECEIPT)
[2026-09-18T04:24:48.145231Z] Closed probe-001 via receipt
[2026-09-18T04:24:48.146128Z] === Cycle complete, pending=1 ===
[2026-09-18T04:25:18.147255Z] === Watch cycle start ===
[2026-09-18T04:25:18.151425Z] Registered new inbound task: probe-001
[2026-09-18T04:25:18.152430Z] Closed probe probe-001 (RECEIPT)
[2026-09-18T04:25:18.152885Z] Closed probe-001 via receipt
[2026-09-18T04:25:18.153712Z] === Cycle complete, pending=1 ===
[2026-09-18T04:25:48.154392Z] === Watch cycle start ===
[2026-09-18T04:25:48.157656Z] Registered new inbound task: probe-001
[2026-09-18T04:25:48.158949Z] Closed probe probe-001 (RECEIPT)
[2026-09-18T04:25:48.159913Z] Closed probe-001 via receipt
[2026-09-18T04:25:48.160837Z] === Cycle complete, pending=1 ===
[2026-09-18T04:26:18.162160Z] === Watch cycle start ===
[2026-09-18T04:26:18.172132Z] Registered new inbound task: probe-001
[2026-09-18T04:26:18.173372Z] Closed probe probe-001 (RECEIPT)
[2026-09-18T04:26:18.173941Z] Closed probe-001 via receipt
[2026-09-18T04:26:18.176443Z] === Cycle complete, pending=1 ===
[2026-09-18T04:26:48.182085Z] === Watch cycle start ===
[2026-09-18T04:26:48.188032Z] Registered new inbound task: probe-001
[2026-09-18T04:26:48.189501Z] Closed probe probe-001 (RECEIPT)
[2026-09-18T04:26:48.190143Z] Closed probe-001 via receipt
[2026-09-18T04:26:48.191200Z] === Cycle complete, pending=1 ===
[2026-09-18T04:27:18.192174Z] === Watch cycle start ===
[2026-09-18T04:27:18.196900Z] Registered new inbound task: probe-001
[2026-09-18T04:27:18.197967Z] Closed probe probe-001 (RECEIPT)
[2026-09-18T04:27:18.198909Z] Closed probe-001 via receipt
[2026-09-18T04:27:18.201156Z] === Cycle complete, pending=1 ===
[2026-09-18T04:27:48.201938Z] === Watch cycle start ===
[2026-09-18T04:27:48.205318Z] Registered new inbound task: probe-001
[2026-09-18T04:27:48.206727Z] Closed probe probe-001 (RECEIPT)
[2026-09-18T04:27:48.207520Z] Closed probe-001 via receipt
[2026-09-18T04:27:48.208695Z] === Cycle complete, pending=1 ===
[2026-09-18T04:28:18.209739Z] === Watch cycle start ===
[2026-09-18T04:28:18.217173Z] Registered new inbound task: probe-001
[2026-09-18T04:28:18.218177Z] Closed probe probe-001 (RECEIPT)
[2026-09-18T04:28:18.218709Z] Closed probe-001 via receipt
[2026-09-18T04:28:18.219652Z] === Cycle complete, pending=1 ===
[2026-09-18T04:28:48.224161Z] === Watch cycle start ===
[2026-09-18T04:28:48.228822Z] Registered new inbound task: probe-001
[2026-09-18T04:28:48.229923Z] Closed probe probe-001 (RECEIPT)
[2026-09-18T04:28:48.230456Z] Closed probe-001 via receipt
[2026-09-18T04:28:48.231648Z] === Cycle complete, pending=1 ===
[2026-09-18T04:29:18.234936Z] === Watch cycle start ===
[2026-09-18T04:29:18.240994Z] Registered new inbound task: probe-001
[2026-09-18T04:29:18.242066Z] Closed probe probe-001 (RECEIPT)
[2026-09-18T04:29:18.242591Z] Closed probe-001 via receipt
[2026-09-18T04:29:18.243548Z] === Cycle complete, pending=1 ===
[2026-09-18T04:29:48.244275Z] === Watch cycle start ===
[2026-09-18T04:29:48.247778Z] Registered new inbound task: probe-001
[2026-09-18T04:29:48.249247Z] Closed probe probe-001 (RECEIPT)
[2026-09-18T04:29:48.250583Z] Closed probe-001 via receipt
[2026-09-18T04:29:48.251472Z] === Cycle complete, pending=1 ===
[2026-09-18T04:30:18.252305Z] === Watch cycle start ===
[2026-09-18T04:30:18.264133Z] Registered new inbound task: probe-001
[2026-09-18T04:30:18.265301Z] Closed probe probe-001 (RECEIPT)
[2026-09-18T04:30:18.265851Z] Closed probe-001 via receipt
[2026-09-18T04:30:18.266808Z] === Cycle complete, pending=1 ===
[2026-09-18T04:30:48.267756Z] === Watch cycle start ===
[2026-09-18T04:30:48.271995Z] Registered new inbound task: probe-001
[2026-09-18T04:30:48.273035Z] Closed probe probe-001 (RECEIPT)
[2026-09-18T04:30:48.273510Z] Closed probe-001 via receipt
[2026-09-18T04:30:48.274445Z] === Cycle complete, pending=1 ===
[2026-09-18T04:31:18.275172Z] === Watch cycle start ===
[2026-09-18T04:31:18.280568Z] Registered new inbound task: probe-001
[2026-09-18T04:31:18.281985Z] Closed probe probe-001 (RECEIPT)
[2026-09-18T04:31:18.282795Z] Closed probe-001 via receipt
[2026-09-18T04:31:18.283943Z] === Cycle complete, pending=1 ===
[2026-09-18T04:31:48.284929Z] === Watch cycle start ===
[2026-09-18T04:31:48.288551Z] Registered new inbound task: probe-001
[2026-09-18T04:31:48.289675Z] Closed probe probe-001 (RECEIPT)
[2026-09-18T04:31:48.290149Z] Closed probe-001 via receipt
[2026-09-18T04:31:48.291340Z] === Cycle complete, pending=1 ===
[2026-09-18T04:32:18.292605Z] === Watch cycle start ===
[2026-09-18T04:32:18.298926Z] Registered new inbound task: probe-001
[2026-09-18T04:32:18.299967Z] Closed probe probe-001 (RECEIPT)
[2026-09-18T04:32:18.300446Z] Closed probe-001 via receipt
[2026-09-18T04:32:18.301344Z] === Cycle complete, pending=1 ===
[2026-09-18T04:32:48.301944Z] === Watch cycle start ===
[2026-09-18T04:32:48.305742Z] Registered new inbound task: probe-001
[2026-09-18T04:32:48.306949Z] Closed probe probe-001 (RECEIPT)
[2026-09-18T04:32:48.307465Z] Closed probe-001 via receipt
[2026-09-18T04:32:48.308474Z] === Cycle complete, pending=1 ===
[2026-09-18T04:33:18.310006Z] === Watch cycle start ===
[2026-09-18T04:33:18.315821Z] Registered new inbound task: probe-001
[2026-09-18T04:33:18.317826Z] Closed probe probe-001 (RECEIPT)
[2026-09-18T04:33:18.318521Z] Closed probe-001 via receipt
[2026-09-18T04:33:18.320001Z] === Cycle complete, pending=1 ===
[2026-09-18T04:33:48.321190Z] === Watch cycle start ===
[2026-09-18T04:33:48.325842Z] Registered new inbound task: probe-001
[2026-09-18T04:33:48.327072Z] Closed probe probe-001 (RECEIPT)
[2026-09-18T04:33:48.327648Z] Closed probe-001 via receipt
[2026-09-18T04:33:48.328775Z] === Cycle complete, pending=1 ===
[2026-09-18T04:34:18.329705Z] === Watch cycle start ===
[2026-09-18T04:34:18.341140Z] Registered new inbound task: probe-001
[2026-09-18T04:34:18.342411Z] Closed probe probe-001 (RECEIPT)
[2026-09-18T04:34:18.342951Z] Closed probe-001 via receipt
[2026-09-18T04:34:18.343987Z] === Cycle complete, pending=1 ===
[2026-09-18T04:34:48.345809Z] === Watch cycle start ===
[2026-09-18T04:34:48.350773Z] Registered new inbound task: probe-001
[2026-09-18T04:34:48.352349Z] Closed probe probe-001 (RECEIPT)
[2026-09-18T04:34:48.352915Z] Closed probe-001 via receipt
[2026-09-18T04:34:48.353882Z] === Cycle complete, pending=1 ===
[2026-09-18T04:35:18.354693Z] === Watch cycle start ===
[2026-09-18T04:35:18.360351Z] Registered new inbound task: probe-001
[2026-09-18T04:35:18.361309Z] Closed probe probe-001 (RECEIPT)
[2026-09-18T04:35:18.361783Z] Closed probe-001 via receipt
[2026-09-18T04:35:18.362795Z] === Cycle complete, pending=1 ===
[2026-09-18T04:35:48.363780Z] === Watch cycle start ===
[2026-09-18T04:35:48.367199Z] Registered new inbound task: probe-001
[2026-09-18T04:35:48.368285Z] Closed probe probe-001 (RECEIPT)
[2026-09-18T04:35:48.368768Z] Closed probe-001 via receipt
[2026-09-18T04:35:48.370212Z] === Cycle complete, pending=1 ===
[2026-09-18T04:36:18.394851Z] === Watch cycle start ===
[2026-09-18T04:36:18.480370Z] Registered new inbound task: probe-001
[2026-09-18T04:36:18.485323Z] Closed probe probe-001 (RECEIPT)
[2026-09-18T04:36:18.486588Z] Closed probe-001 via receipt
[2026-09-18T04:36:18.496527Z] === Cycle complete, pending=1 ===
[2026-09-18T04:36:48.516987Z] === Watch cycle start ===
[2026-09-18T04:36:48.522484Z] Registered new inbound task: probe-001
[2026-09-18T04:36:48.523681Z] Closed probe probe-001 (RECEIPT)
[2026-09-18T04:36:48.524142Z] Closed probe-001 via receipt
[2026-09-18T04:36:48.525048Z] === Cycle complete, pending=1 ===
[2026-09-18T04:37:18.525989Z] === Watch cycle start ===
[2026-09-18T04:37:18.531921Z] Registered new inbound task: probe-001
[2026-09-18T04:37:18.533453Z] Closed probe probe-001 (RECEIPT)
[2026-09-18T04:37:18.534102Z] Closed probe-001 via receipt
[2026-09-18T04:37:18.535275Z] === Cycle complete, pending=1 ===
[2026-09-18T04:37:48.537211Z] === Watch cycle start ===
[2026-09-18T04:37:48.542403Z] Registered new inbound task: probe-001
[2026-09-18T04:37:48.543802Z] Closed probe probe-001 (RECEIPT)
[2026-09-18T04:37:48.544432Z] Closed probe-001 via receipt
[2026-09-18T04:37:48.545539Z] === Cycle complete, pending=1 ===
[2026-09-18T04:38:18.546216Z] === Watch cycle start ===
[2026-09-18T04:38:18.554025Z] Registered new inbound task: probe-001
[2026-09-18T04:38:18.555065Z] Closed probe probe-001 (RECEIPT)
[2026-09-18T04:38:18.555537Z] Closed probe-001 via receipt
[2026-09-18T04:38:18.556414Z] === Cycle complete, pending=1 ===
[2026-09-18T04:38:48.557034Z] === Watch cycle start ===
[2026-09-18T04:38:48.560460Z] Registered new inbound task: probe-001
[2026-09-18T04:38:48.561472Z] Closed probe probe-001 (RECEIPT)
[2026-09-18T04:38:48.561955Z] Closed probe-001 via receipt
[2026-09-18T04:38:48.562835Z] === Cycle complete, pending=1 ===
[2026-09-18T04:39:18.564243Z] === Watch cycle start ===
[2026-09-18T04:39:18.572790Z] Registered new inbound task: probe-001
[2026-09-18T04:39:18.573825Z] Closed probe probe-001 (RECEIPT)
[2026-09-18T04:39:18.574295Z] Closed probe-001 via receipt
[2026-09-18T04:39:18.575216Z] === Cycle complete, pending=1 ===
[2026-09-18T04:39:48.576570Z] === Watch cycle start ===
[2026-09-18T04:39:48.581469Z] Registered new inbound task: probe-001
[2026-09-18T04:39:48.582828Z] Closed probe probe-001 (RECEIPT)
[2026-09-18T04:39:48.583460Z] Closed probe-001 via receipt
[2026-09-18T04:39:48.584616Z] === Cycle complete, pending=1 ===
[2026-09-18T04:40:18.585442Z] === Watch cycle start ===
[2026-09-18T04:40:18.589740Z] Registered new inbound task: probe-001
[2026-09-18T04:40:18.590716Z] Closed probe probe-001 (RECEIPT)
[2026-09-18T04:40:18.591281Z] Closed probe-001 via receipt
[2026-09-18T04:40:18.592185Z] === Cycle complete, pending=1 ===
[2026-09-18T04:40:48.592960Z] === Watch cycle start ===
[2026-09-18T04:40:48.596717Z] Registered new inbound task: probe-001
[2026-09-18T04:40:48.598302Z] Closed probe probe-001 (RECEIPT)
[2026-09-18T04:40:48.598880Z] Closed probe-001 via receipt
[2026-09-18T04:40:48.600079Z] === Cycle complete, pending=1 ===
[2026-09-18T04:41:18.600875Z] === Watch cycle start ===
[2026-09-18T04:41:18.609911Z] Registered new inbound task: probe-001
[2026-09-18T04:41:18.610937Z] Closed probe probe-001 (RECEIPT)
[2026-09-18T04:41:18.611409Z] Closed probe-001 via receipt
[2026-09-18T04:41:18.612319Z] === Cycle complete, pending=1 ===
[2026-09-18T04:41:48.613482Z] === Watch cycle start ===
[2026-09-18T04:41:48.617812Z] Registered new inbound task: probe-001
[2026-09-18T04:41:48.618945Z] Closed probe probe-001 (RECEIPT)
[2026-09-18T04:41:48.619444Z] Closed probe-001 via receipt
[2026-09-18T04:41:48.620380Z] === Cycle complete, pending=1 ===
[2026-09-18T04:42:18.621758Z] === Watch cycle start ===
[2026-09-18T04:42:18.628270Z] Registered new inbound task: probe-001
[2026-09-18T04:42:18.629313Z] Closed probe probe-001 (RECEIPT)
[2026-09-18T04:42:18.635360Z] Closed probe-001 via receipt
[2026-09-18T04:42:18.637092Z] === Cycle complete, pending=1 ===
[2026-09-18T04:42:48.639741Z] === Watch cycle start ===
[2026-09-18T04:42:48.644121Z] Registered new inbound task: probe-001
[2026-09-18T04:42:48.645187Z] Closed probe probe-001 (RECEIPT)
[2026-09-18T04:42:48.645682Z] Closed probe-001 via receipt
[2026-09-18T04:42:48.646965Z] === Cycle complete, pending=1 ===
[2026-09-18T04:43:18.648167Z] === Watch cycle start ===
[2026-09-18T04:43:18.652197Z] Registered new inbound task: probe-001
[2026-09-18T04:43:18.653195Z] Closed probe probe-001 (RECEIPT)
[2026-09-18T04:43:18.653733Z] Closed probe-001 via receipt
[2026-09-18T04:43:18.654648Z] === Cycle complete, pending=1 ===
[2026-09-18T04:43:48.655949Z] === Watch cycle start ===
[2026-09-18T04:43:48.659245Z] Registered new inbound task: probe-001
[2026-09-18T04:43:48.660290Z] Closed probe probe-001 (RECEIPT)
[2026-09-18T04:43:48.660755Z] Closed probe-001 via receipt
[2026-09-18T04:43:48.661612Z] === Cycle complete, pending=1 ===
[2026-09-18T04:44:18.662234Z] === Watch cycle start ===
[2026-09-18T04:44:18.667970Z] Registered new inbound task: probe-001
[2026-09-18T04:44:18.668940Z] Closed probe probe-001 (RECEIPT)
[2026-09-18T04:44:18.669407Z] Closed probe-001 via receipt
[2026-09-18T04:44:18.670297Z] === Cycle complete, pending=1 ===
[2026-09-18T04:44:48.671542Z] === Watch cycle start ===
[2026-09-18T04:44:48.677661Z] Registered new inbound task: probe-001
[2026-09-18T04:44:48.679101Z] Closed probe probe-001 (RECEIPT)
[2026-09-18T04:44:48.679712Z] Closed probe-001 via receipt
[2026-09-18T04:44:48.681063Z] === Cycle complete, pending=1 ===
[2026-09-18T04:45:18.682541Z] === Watch cycle start ===
[2026-09-18T04:45:18.688472Z] Registered new inbound task: probe-001
[2026-09-18T04:45:18.689433Z] Closed probe probe-001 (RECEIPT)
[2026-09-18T04:45:18.689871Z] Closed probe-001 via receipt
[2026-09-18T04:45:18.690681Z] === Cycle complete, pending=1 ===
[2026-09-18T04:45:48.691403Z] === Watch cycle start ===
[2026-09-18T04:45:48.695742Z] Registered new inbound task: probe-001
[2026-09-18T04:45:48.696784Z] Closed probe probe-001 (RECEIPT)
[2026-09-18T04:45:48.697280Z] Closed probe-001 via receipt
[2026-09-18T04:45:48.698229Z] === Cycle complete, pending=1 ===
[2026-09-18T04:46:18.699047Z] === Watch cycle start ===
[2026-09-18T04:46:18.711275Z] Registered new inbound task: probe-001
[2026-09-18T04:46:18.712660Z] Closed probe probe-001 (RECEIPT)
[2026-09-18T04:46:18.713321Z] Closed probe-001 via receipt
[2026-09-18T04:46:18.714481Z] === Cycle complete, pending=1 ===
[2026-09-18T04:46:48.715889Z] === Watch cycle start ===
[2026-09-18T04:46:48.720384Z] Registered new inbound task: probe-001
[2026-09-18T04:46:48.721584Z] Closed probe probe-001 (RECEIPT)
[2026-09-18T04:46:48.722145Z] Closed probe-001 via receipt
[2026-09-18T04:46:48.723156Z] === Cycle complete, pending=1 ===
[2026-09-18T04:47:18.723857Z] === Watch cycle start ===
[2026-09-18T04:47:18.728971Z] Registered new inbound task: probe-001
[2026-09-18T04:47:18.732797Z] Closed probe probe-001 (RECEIPT)
[2026-09-18T04:47:18.733326Z] Closed probe-001 via receipt
[2026-09-18T04:47:18.734569Z] === Cycle complete, pending=1 ===
[2026-09-18T04:47:48.735411Z] === Watch cycle start ===
[2026-09-18T04:47:48.739472Z] Registered new inbound task: probe-001
[2026-09-18T04:47:48.741240Z] Closed probe probe-001 (RECEIPT)
[2026-09-18T04:47:48.744853Z] Closed probe-001 via receipt
[2026-09-18T04:47:48.746265Z] === Cycle complete, pending=1 ===
[2026-09-18T04:48:18.750370Z] === Watch cycle start ===
[2026-09-18T04:48:18.755971Z] Registered new inbound task: probe-001
[2026-09-18T04:48:18.756935Z] Closed probe probe-001 (RECEIPT)
[2026-09-18T04:48:18.757384Z] Closed probe-001 via receipt
[2026-09-18T04:48:18.758464Z] === Cycle complete, pending=1 ===
[2026-09-18T04:48:48.759252Z] === Watch cycle start ===
[2026-09-18T04:48:48.762931Z] Registered new inbound task: probe-001
[2026-09-18T04:48:48.763994Z] Closed probe probe-001 (RECEIPT)
[2026-09-18T04:48:48.764554Z] Closed probe-001 via receipt
[2026-09-18T04:48:48.769461Z] === Cycle complete, pending=1 ===
[2026-09-18T04:49:18.771366Z] === Watch cycle start ===
[2026-09-18T04:49:18.787227Z] Registered new inbound task: probe-001
[2026-09-18T04:49:18.796227Z] Closed probe probe-001 (RECEIPT)
[2026-09-18T04:49:18.799801Z] Closed probe-001 via receipt
[2026-09-18T04:49:18.802428Z] === Cycle complete, pending=1 ===
[2026-09-18T04:49:48.804720Z] === Watch cycle start ===
[2026-09-18T04:49:48.809739Z] Registered new inbound task: probe-001
[2026-09-18T04:49:48.811069Z] Closed probe probe-001 (RECEIPT)
[2026-09-18T04:49:48.811691Z] Closed probe-001 via receipt
[2026-09-18T04:49:48.812845Z] === Cycle complete, pending=1 ===
[2026-09-18T04:50:18.814437Z] === Watch cycle start ===
[2026-09-18T04:50:18.827385Z] Registered new inbound task: probe-001
[2026-09-18T04:50:18.828910Z] Closed probe probe-001 (RECEIPT)
[2026-09-18T04:50:18.829709Z] Closed probe-001 via receipt
[2026-09-18T04:50:18.830897Z] === Cycle complete, pending=1 ===
[2026-09-18T04:50:48.832104Z] === Watch cycle start ===
[2026-09-18T04:50:48.839325Z] Registered new inbound task: probe-001
[2026-09-18T04:50:48.840668Z] Closed probe probe-001 (RECEIPT)
[2026-09-18T04:50:48.841479Z] Closed probe-001 via receipt
[2026-09-18T04:50:48.842690Z] === Cycle complete, pending=1 ===
[2026-09-18T04:51:18.843596Z] === Watch cycle start ===
[2026-09-18T04:51:18.850584Z] Registered new inbound task: probe-001
[2026-09-18T04:51:18.851564Z] Closed probe probe-001 (RECEIPT)
[2026-09-18T04:51:18.852103Z] Closed probe-001 via receipt
[2026-09-18T04:51:18.853005Z] === Cycle complete, pending=1 ===
[2026-09-18T04:51:48.853823Z] === Watch cycle start ===
[2026-09-18T04:51:48.857785Z] Registered new inbound task: probe-001
[2026-09-18T04:51:48.870926Z] Closed probe probe-001 (RECEIPT)
[2026-09-18T04:51:48.872063Z] Closed probe-001 via receipt
[2026-09-18T04:51:48.873544Z] === Cycle complete, pending=1 ===
[2026-09-18T04:52:18.874315Z] === Watch cycle start ===
[2026-09-18T04:52:18.878199Z] Registered new inbound task: probe-001
[2026-09-18T04:52:18.879157Z] Closed probe probe-001 (RECEIPT)
[2026-09-18T04:52:18.879655Z] Closed probe-001 via receipt
[2026-09-18T04:52:18.880499Z] === Cycle complete, pending=1 ===
[2026-09-18T04:52:48.881161Z] === Watch cycle start ===
[2026-09-18T04:52:48.886628Z] Registered new inbound task: probe-001
[2026-09-18T04:52:48.888052Z] Closed probe probe-001 (RECEIPT)
[2026-09-18T04:52:48.888561Z] Closed probe-001 via receipt
[2026-09-18T04:52:48.889753Z] === Cycle complete, pending=1 ===
[2026-09-18T04:53:18.890783Z] === Watch cycle start ===
[2026-09-18T04:53:18.908536Z] Registered new inbound task: probe-001
[2026-09-18T04:53:18.909892Z] Closed probe probe-001 (RECEIPT)
[2026-09-18T04:53:18.910624Z] Closed probe-001 via receipt
[2026-09-18T04:53:18.912230Z] === Cycle complete, pending=1 ===
[2026-09-18T04:53:48.913699Z] === Watch cycle start ===
[2026-09-18T04:53:48.917090Z] Registered new inbound task: probe-001
[2026-09-18T04:53:48.918119Z] Closed probe probe-001 (RECEIPT)
[2026-09-18T04:53:48.918609Z] Closed probe-001 via receipt
[2026-09-18T04:53:48.919461Z] === Cycle complete, pending=1 ===
[2026-09-18T04:54:18.920721Z] === Watch cycle start ===
[2026-09-18T04:54:18.926943Z] Registered new inbound task: probe-001
[2026-09-18T04:54:18.927899Z] Closed probe probe-001 (RECEIPT)
[2026-09-18T04:54:18.928312Z] Closed probe-001 via receipt
[2026-09-18T04:54:18.929619Z] === Cycle complete, pending=1 ===
[2026-09-18T04:54:48.932047Z] === Watch cycle start ===
[2026-09-18T04:54:48.937840Z] Registered new inbound task: probe-001
[2026-09-18T04:54:48.939854Z] Closed probe probe-001 (RECEIPT)
[2026-09-18T04:54:48.940696Z] Closed probe-001 via receipt
[2026-09-18T04:54:48.941956Z] === Cycle complete, pending=1 ===
[2026-09-18T04:55:18.943262Z] === Watch cycle start ===
[2026-09-18T04:55:18.951641Z] Registered new inbound task: probe-001
[2026-09-18T04:55:18.952655Z] Closed probe probe-001 (RECEIPT)
[2026-09-18T04:55:18.953165Z] Closed probe-001 via receipt
[2026-09-18T04:55:18.954081Z] === Cycle complete, pending=1 ===
[2026-09-18T04:55:48.954734Z] === Watch cycle start ===
[2026-09-18T04:55:48.958780Z] Registered new inbound task: probe-001
[2026-09-18T04:55:48.970907Z] Closed probe probe-001 (RECEIPT)
[2026-09-18T04:55:48.971428Z] Closed probe-001 via receipt
[2026-09-18T04:55:48.972751Z] === Cycle complete, pending=1 ===
[2026-09-18T04:56:18.973621Z] === Watch cycle start ===
[2026-09-18T04:56:18.985706Z] Registered new inbound task: probe-001
[2026-09-18T04:56:18.986898Z] Closed probe probe-001 (RECEIPT)
[2026-09-18T04:56:18.987489Z] Closed probe-001 via receipt
[2026-09-18T04:56:18.988421Z] === Cycle complete, pending=1 ===
[2026-09-18T04:56:48.989613Z] === Watch cycle start ===
[2026-09-18T04:56:49.000504Z] Registered new inbound task: probe-001
[2026-09-18T04:56:49.001648Z] Closed probe probe-001 (RECEIPT)
[2026-09-18T04:56:49.002239Z] Closed probe-001 via receipt
[2026-09-18T04:56:49.003245Z] === Cycle complete, pending=1 ===
[2026-09-18T04:57:19.004945Z] === Watch cycle start ===
[2026-09-18T04:57:19.010027Z] Registered new inbound task: probe-001
[2026-09-18T04:57:19.010987Z] Closed probe probe-001 (RECEIPT)
[2026-09-18T04:57:19.011509Z] Closed probe-001 via receipt
[2026-09-18T04:57:19.012431Z] === Cycle complete, pending=1 ===
[2026-09-18T04:57:49.013214Z] === Watch cycle start ===
[2026-09-18T04:57:49.023645Z] Registered new inbound task: probe-001
[2026-09-18T04:57:49.025015Z] Closed probe probe-001 (RECEIPT)
[2026-09-18T04:57:49.025559Z] Closed probe-001 via receipt
[2026-09-18T04:57:49.026514Z] === Cycle complete, pending=1 ===
[2026-09-18T04:58:19.027312Z] === Watch cycle start ===
[2026-09-18T04:58:19.032129Z] Registered new inbound task: probe-001
[2026-09-18T04:58:19.033302Z] Closed probe probe-001 (RECEIPT)
[2026-09-18T04:58:19.033764Z] Closed probe-001 via receipt
[2026-09-18T04:58:19.034604Z] === Cycle complete, pending=1 ===
[2026-09-18T04:58:49.035255Z] === Watch cycle start ===
[2026-09-18T04:58:49.039177Z] Registered new inbound task: probe-001
[2026-09-18T04:58:49.040432Z] Closed probe probe-001 (RECEIPT)
[2026-09-18T04:58:49.040934Z] Closed probe-001 via receipt
[2026-09-18T04:58:49.041797Z] === Cycle complete, pending=1 ===
[2026-09-18T04:59:19.042446Z] === Watch cycle start ===
[2026-09-18T04:59:19.049290Z] Registered new inbound task: probe-001
[2026-09-18T04:59:19.050269Z] Closed probe probe-001 (RECEIPT)
[2026-09-18T04:59:19.050697Z] Closed probe-001 via receipt
[2026-09-18T04:59:19.051584Z] === Cycle complete, pending=1 ===
[2026-09-18T04:59:49.052782Z] === Watch cycle start ===
[2026-09-18T04:59:49.058507Z] Registered new inbound task: probe-001
[2026-09-18T04:59:49.059947Z] Closed probe probe-001 (RECEIPT)
[2026-09-18T04:59:49.060582Z] Closed probe-001 via receipt
[2026-09-18T04:59:49.061602Z] === Cycle complete, pending=1 ===
[2026-09-18T05:00:19.062625Z] === Watch cycle start ===
[2026-09-18T05:00:19.069408Z] Registered new inbound task: probe-001
[2026-09-18T05:00:19.070429Z] Closed probe probe-001 (RECEIPT)
[2026-09-18T05:00:19.070892Z] Closed probe-001 via receipt
[2026-09-18T05:00:19.071922Z] === Cycle complete, pending=1 ===
[2026-09-18T05:00:49.073330Z] === Watch cycle start ===
[2026-09-18T05:00:49.078799Z] Registered new inbound task: probe-001
[2026-09-18T05:00:49.080112Z] Closed probe probe-001 (RECEIPT)
[2026-09-18T05:00:49.080685Z] Closed probe-001 via receipt
[2026-09-18T05:00:49.083270Z] === Cycle complete, pending=1 ===
[2026-09-18T05:01:19.084931Z] === Watch cycle start ===
[2026-09-18T05:01:19.089398Z] Registered new inbound task: probe-001
[2026-09-18T05:01:19.090371Z] Closed probe probe-001 (RECEIPT)
[2026-09-18T05:01:19.090789Z] Closed probe-001 via receipt
[2026-09-18T05:01:19.091968Z] === Cycle complete, pending=1 ===
[2026-09-18T05:01:49.093304Z] === Watch cycle start ===
[2026-09-18T05:01:49.096697Z] Registered new inbound task: probe-001
[2026-09-18T05:01:49.097803Z] Closed probe probe-001 (RECEIPT)
[2026-09-18T05:01:49.098301Z] Closed probe-001 via receipt
[2026-09-18T05:01:49.099258Z] === Cycle complete, pending=1 ===
[2026-09-18T05:02:19.103148Z] === Watch cycle start ===
[2026-09-18T05:02:19.108444Z] Registered new inbound task: probe-001
[2026-09-18T05:02:19.110333Z] Closed probe probe-001 (RECEIPT)
[2026-09-18T05:02:19.114672Z] Closed probe-001 via receipt
[2026-09-18T05:02:19.115990Z] === Cycle complete, pending=1 ===
[2026-09-18T05:02:49.119569Z] === Watch cycle start ===
[2026-09-18T05:02:49.127208Z] Registered new inbound task: probe-001
[2026-09-18T05:02:49.130843Z] Closed probe probe-001 (RECEIPT)
[2026-09-18T05:02:49.132974Z] Closed probe-001 via receipt
[2026-09-18T05:02:49.135846Z] === Cycle complete, pending=1 ===
[2026-09-18T05:03:19.137964Z] === Watch cycle start ===
[2026-09-18T05:03:19.147455Z] Registered new inbound task: probe-001
[2026-09-18T05:03:19.148778Z] Closed probe probe-001 (RECEIPT)
[2026-09-18T05:03:19.149401Z] Closed probe-001 via receipt
[2026-09-18T05:03:19.150488Z] === Cycle complete, pending=1 ===
[2026-09-18T05:03:49.151716Z] === Watch cycle start ===
[2026-09-18T05:03:49.155919Z] Registered new inbound task: probe-001
[2026-09-18T05:03:49.157198Z] Closed probe probe-001 (RECEIPT)
[2026-09-18T05:03:49.157721Z] Closed probe-001 via receipt
[2026-09-18T05:03:49.158827Z] === Cycle complete, pending=1 ===
[2026-09-18T05:04:19.159545Z] === Watch cycle start ===
[2026-09-18T05:04:19.166976Z] Registered new inbound task: probe-001
[2026-09-18T05:04:19.168032Z] Closed probe probe-001 (RECEIPT)
[2026-09-18T05:04:19.168541Z] Closed probe-001 via receipt
[2026-09-18T05:04:19.169463Z] === Cycle complete, pending=1 ===
[2026-09-18T05:04:49.170805Z] === Watch cycle start ===
[2026-09-18T05:04:49.174208Z] Registered new inbound task: probe-001
[2026-09-18T05:04:49.175310Z] Closed probe probe-001 (RECEIPT)
[2026-09-18T05:04:49.175886Z] Closed probe-001 via receipt
[2026-09-18T05:04:49.176755Z] === Cycle complete, pending=1 ===
[2026-09-18T05:05:19.179744Z] === Watch cycle start ===
[2026-09-18T05:05:19.186876Z] Registered new inbound task: probe-001
[2026-09-18T05:05:19.188521Z] Closed probe probe-001 (RECEIPT)
[2026-09-18T05:05:19.189268Z] Closed probe-001 via receipt
[2026-09-18T05:05:19.190635Z] === Cycle complete, pending=1 ===
[2026-09-18T05:05:49.191391Z] === Watch cycle start ===
[2026-09-18T05:05:49.195457Z] Registered new inbound task: probe-001
[2026-09-18T05:05:49.198722Z] Closed probe probe-001 (RECEIPT)
[2026-09-18T05:05:49.199563Z] Closed probe-001 via receipt
[2026-09-18T05:05:49.200933Z] === Cycle complete, pending=1 ===
[2026-09-18T05:06:19.202008Z] === Watch cycle start ===
[2026-09-18T05:06:19.209363Z] Registered new inbound task: probe-001
[2026-09-18T05:06:19.210622Z] Closed probe probe-001 (RECEIPT)
[2026-09-18T05:06:19.211277Z] Closed probe-001 via receipt
[2026-09-18T05:06:19.212249Z] === Cycle complete, pending=1 ===
[2026-09-18T05:06:49.213066Z] === Watch cycle start ===
[2026-09-18T05:06:49.217042Z] Registered new inbound task: probe-001
[2026-09-18T05:06:49.218243Z] Closed probe probe-001 (RECEIPT)
[2026-09-18T05:06:49.218780Z] Closed probe-001 via receipt
[2026-09-18T05:06:49.219723Z] === Cycle complete, pending=1 ===
[2026-09-18T05:07:19.220489Z] === Watch cycle start ===
[2026-09-18T05:07:19.226059Z] Registered new inbound task: probe-001
[2026-09-18T05:07:19.227023Z] Closed probe probe-001 (RECEIPT)
[2026-09-18T05:07:19.227463Z] Closed probe-001 via receipt
[2026-09-18T05:07:19.228343Z] === Cycle complete, pending=1 ===
[2026-09-18T05:07:49.229415Z] === Watch cycle start ===
[2026-09-18T05:07:49.232703Z] Registered new inbound task: probe-001
[2026-09-18T05:07:49.233916Z] Closed probe probe-001 (RECEIPT)
[2026-09-18T05:07:49.235579Z] Closed probe-001 via receipt
[2026-09-18T05:07:49.240391Z] === Cycle complete, pending=1 ===
[2026-09-18T05:08:19.241794Z] === Watch cycle start ===
[2026-09-18T05:08:19.249168Z] Registered new inbound task: probe-001
[2026-09-18T05:08:19.250242Z] Closed probe probe-001 (RECEIPT)
[2026-09-18T05:08:19.250767Z] Closed probe-001 via receipt
[2026-09-18T05:08:19.251721Z] === Cycle complete, pending=1 ===
[2026-09-18T05:08:49.255776Z] === Watch cycle start ===
[2026-09-18T05:08:49.259592Z] Registered new inbound task: probe-001
[2026-09-18T05:08:49.264921Z] Closed probe probe-001 (RECEIPT)
[2026-09-18T05:08:49.265446Z] Closed probe-001 via receipt
[2026-09-18T05:08:49.266410Z] === Cycle complete, pending=1 ===
[2026-09-18T05:09:19.267484Z] === Watch cycle start ===
[2026-09-18T05:09:19.274325Z] Registered new inbound task: probe-001
[2026-09-18T05:09:19.280991Z] Closed probe probe-001 (RECEIPT)
[2026-09-18T05:09:19.283857Z] Closed probe-001 via receipt
[2026-09-18T05:09:19.285039Z] === Cycle complete, pending=1 ===
[2026-09-18T05:09:49.286018Z] === Watch cycle start ===
[2026-09-18T05:09:49.289293Z] Registered new inbound task: probe-001
[2026-09-18T05:09:49.290306Z] Closed probe probe-001 (RECEIPT)
[2026-09-18T05:09:49.290763Z] Closed probe-001 via receipt
[2026-09-18T05:09:49.291659Z] === Cycle complete, pending=1 ===
[2026-09-18T05:10:19.292376Z] === Watch cycle start ===
[2026-09-18T05:10:19.306793Z] Registered new inbound task: probe-001
[2026-09-18T05:10:19.308586Z] Closed probe probe-001 (RECEIPT)
[2026-09-18T05:10:19.309420Z] Closed probe-001 via receipt
[2026-09-18T05:10:19.310673Z] === Cycle complete, pending=1 ===
[2026-09-18T05:10:49.311708Z] === Watch cycle start ===
[2026-09-18T05:10:49.315357Z] Registered new inbound task: probe-001
[2026-09-18T05:10:49.316377Z] Closed probe probe-001 (RECEIPT)
[2026-09-18T05:10:49.316953Z] Closed probe-001 via receipt
[2026-09-18T05:10:49.319382Z] === Cycle complete, pending=1 ===
[2026-09-18T05:11:19.320284Z] === Watch cycle start ===
[2026-09-18T05:11:19.329019Z] Registered new inbound task: probe-001
[2026-09-18T05:11:19.332546Z] Closed probe probe-001 (RECEIPT)
[2026-09-18T05:11:19.335756Z] Closed probe-001 via receipt
[2026-09-18T05:11:19.336985Z] === Cycle complete, pending=1 ===
[2026-09-18T05:11:49.337764Z] === Watch cycle start ===
[2026-09-18T05:11:49.341094Z] Registered new inbound task: probe-001
[2026-09-18T05:11:49.342098Z] Closed probe probe-001 (RECEIPT)
[2026-09-18T05:11:49.342576Z] Closed probe-001 via receipt
[2026-09-18T05:11:49.343443Z] === Cycle complete, pending=1 ===
[2026-09-18T05:12:19.344458Z] === Watch cycle start ===
[2026-09-18T05:12:19.349604Z] Registered new inbound task: probe-001
[2026-09-18T05:12:19.350610Z] Closed probe probe-001 (RECEIPT)
[2026-09-18T05:12:19.351074Z] Closed probe-001 via receipt
[2026-09-18T05:12:19.351955Z] === Cycle complete, pending=1 ===
[2026-09-18T05:12:49.352999Z] === Watch cycle start ===
[2026-09-18T05:12:49.357705Z] Registered new inbound task: probe-001
[2026-09-18T05:12:49.360257Z] Closed probe probe-001 (RECEIPT)
[2026-09-18T05:12:49.361264Z] Closed probe-001 via receipt
[2026-09-18T05:12:49.362486Z] === Cycle complete, pending=1 ===
[2026-09-18T05:13:19.363610Z] === Watch cycle start ===
[2026-09-18T05:13:19.374998Z] Registered new inbound task: probe-001
[2026-09-18T05:13:19.376198Z] Closed probe probe-001 (RECEIPT)
[2026-09-18T05:13:19.376796Z] Closed probe-001 via receipt
[2026-09-18T05:13:19.378057Z] === Cycle complete, pending=1 ===
[2026-09-18T05:13:49.378933Z] === Watch cycle start ===
[2026-09-18T05:13:49.382669Z] Registered new inbound task: probe-001
[2026-09-18T05:13:49.383676Z] Closed probe probe-001 (RECEIPT)
[2026-09-18T05:13:49.384172Z] Closed probe-001 via receipt
[2026-09-18T05:13:49.385039Z] === Cycle complete, pending=1 ===
[2026-09-18T05:14:19.385669Z] === Watch cycle start ===
[2026-09-18T05:14:19.391311Z] Registered new inbound task: probe-001
[2026-09-18T05:14:19.393174Z] Closed probe probe-001 (RECEIPT)
[2026-09-18T05:14:19.396046Z] Closed probe-001 via receipt
[2026-09-18T05:14:19.397980Z] === Cycle complete, pending=1 ===
[2026-09-18T05:14:49.399691Z] === Watch cycle start ===
[2026-09-18T05:14:49.403914Z] Registered new inbound task: probe-001
[2026-09-18T05:14:49.416274Z] Closed probe probe-001 (RECEIPT)
[2026-09-18T05:14:49.416773Z] Closed probe-001 via receipt
[2026-09-18T05:14:49.417935Z] === Cycle complete, pending=1 ===
[2026-09-18T05:15:19.421304Z] === Watch cycle start ===
[2026-09-18T05:15:19.432186Z] Registered new inbound task: probe-001
[2026-09-18T05:15:19.433934Z] Closed probe probe-001 (RECEIPT)
[2026-09-18T05:15:19.437032Z] Closed probe-001 via receipt
[2026-09-18T05:15:19.440048Z] === Cycle complete, pending=1 ===
[2026-09-18T05:15:49.468810Z] === Watch cycle start ===
[2026-09-18T05:15:49.476464Z] Registered new inbound task: probe-001
[2026-09-18T05:15:49.480972Z] Closed probe probe-001 (RECEIPT)
[2026-09-18T05:15:49.483282Z] Closed probe-001 via receipt
[2026-09-18T05:15:49.484610Z] === Cycle complete, pending=1 ===
[2026-09-18T05:16:19.495603Z] === Watch cycle start ===
[2026-09-18T05:16:19.555852Z] Registered new inbound task: probe-001
[2026-09-18T05:16:19.568663Z] Closed probe probe-001 (RECEIPT)
[2026-09-18T05:16:19.570929Z] Closed probe-001 via receipt
[2026-09-18T05:16:19.575506Z] === Cycle complete, pending=1 ===
[2026-09-18T05:16:49.584048Z] === Watch cycle start ===
[2026-09-18T05:16:49.587407Z] Registered new inbound task: probe-001
[2026-09-18T05:16:49.588419Z] Closed probe probe-001 (RECEIPT)
[2026-09-18T05:16:49.588890Z] Closed probe-001 via receipt
[2026-09-18T05:16:49.589821Z] === Cycle complete, pending=1 ===
[2026-09-18T05:17:19.590478Z] === Watch cycle start ===
[2026-09-18T05:17:19.596031Z] Registered new inbound task: probe-001
[2026-09-18T05:17:19.597288Z] Closed probe probe-001 (RECEIPT)
[2026-09-18T05:17:19.597872Z] Closed probe-001 via receipt
[2026-09-18T05:17:19.598820Z] === Cycle complete, pending=1 ===
[2026-09-18T05:17:49.599461Z] === Watch cycle start ===
[2026-09-18T05:17:49.602814Z] Registered new inbound task: probe-001
[2026-09-18T05:17:49.603805Z] Closed probe probe-001 (RECEIPT)
[2026-09-18T05:17:49.604281Z] Closed probe-001 via receipt
[2026-09-18T05:17:49.605150Z] === Cycle complete, pending=1 ===
[2026-09-18T05:18:19.606474Z] === Watch cycle start ===
[2026-09-18T05:18:19.613532Z] Registered new inbound task: probe-001
[2026-09-18T05:18:19.614564Z] Closed probe probe-001 (RECEIPT)
[2026-09-18T05:18:19.615340Z] Closed probe-001 via receipt
[2026-09-18T05:18:19.618210Z] === Cycle complete, pending=1 ===
[2026-09-18T05:18:49.619160Z] === Watch cycle start ===
[2026-09-18T05:18:49.622680Z] Registered new inbound task: probe-001
[2026-09-18T05:18:49.623993Z] Closed probe probe-001 (RECEIPT)
[2026-09-18T05:18:49.625239Z] Closed probe-001 via receipt
[2026-09-18T05:18:49.626440Z] === Cycle complete, pending=1 ===
[2026-09-18T05:19:19.627532Z] === Watch cycle start ===
[2026-09-18T05:19:19.631877Z] Registered new inbound task: probe-001
[2026-09-18T05:19:19.632900Z] Closed probe probe-001 (RECEIPT)
[2026-09-18T05:19:19.633337Z] Closed probe-001 via receipt
[2026-09-18T05:19:19.634170Z] === Cycle complete, pending=1 ===
[2026-09-18T05:19:49.634945Z] === Watch cycle start ===
[2026-09-18T05:19:49.640123Z] Registered new inbound task: probe-001
[2026-09-18T05:19:49.641255Z] Closed probe probe-001 (RECEIPT)
[2026-09-18T05:19:49.641786Z] Closed probe-001 via receipt
[2026-09-18T05:19:49.643008Z] === Cycle complete, pending=1 ===
[2026-09-18T05:20:19.643659Z] === Watch cycle start ===
[2026-09-18T05:20:19.650882Z] Registered new inbound task: probe-001
[2026-09-18T05:20:19.651855Z] Closed probe probe-001 (RECEIPT)
[2026-09-18T05:20:19.652343Z] Closed probe-001 via receipt
[2026-09-18T05:20:19.653238Z] === Cycle complete, pending=1 ===
[2026-09-18T05:20:49.653842Z] === Watch cycle start ===
[2026-09-18T05:20:49.657222Z] Registered new inbound task: probe-001
[2026-09-18T05:20:49.658255Z] Closed probe probe-001 (RECEIPT)
[2026-09-18T05:20:49.658881Z] Closed probe-001 via receipt
[2026-09-18T05:20:49.659864Z] === Cycle complete, pending=1 ===
[2026-09-18T05:21:19.660569Z] === Watch cycle start ===
[2026-09-18T05:21:19.665088Z] Registered new inbound task: probe-001
[2026-09-18T05:21:19.666140Z] Closed probe probe-001 (RECEIPT)
[2026-09-18T05:21:19.666574Z] Closed probe-001 via receipt
[2026-09-18T05:21:19.667371Z] === Cycle complete, pending=1 ===
[2026-09-18T05:21:49.668669Z] === Watch cycle start ===
[2026-09-18T05:21:49.673732Z] Registered new inbound task: probe-001
[2026-09-18T05:21:49.675577Z] Closed probe probe-001 (RECEIPT)
[2026-09-18T05:21:49.676136Z] Closed probe-001 via receipt
[2026-09-18T05:21:49.677050Z] === Cycle complete, pending=1 ===
[2026-09-18T05:22:19.677809Z] === Watch cycle start ===
[2026-09-18T05:22:19.682940Z] Registered new inbound task: probe-001
[2026-09-18T05:22:19.686360Z] Closed probe probe-001 (RECEIPT)
[2026-09-18T05:22:19.687011Z] Closed probe-001 via receipt
[2026-09-18T05:22:19.688323Z] === Cycle complete, pending=1 ===
[2026-09-18T05:22:49.689163Z] === Watch cycle start ===
[2026-09-18T05:22:49.694028Z] Registered new inbound task: probe-001
[2026-09-18T05:22:49.695340Z] Closed probe probe-001 (RECEIPT)
[2026-09-18T05:22:49.695969Z] Closed probe-001 via receipt
[2026-09-18T05:22:49.697293Z] === Cycle complete, pending=1 ===
[2026-09-18T05:23:19.698694Z] === Watch cycle start ===
[2026-09-18T05:23:19.708357Z] Registered new inbound task: probe-001
[2026-09-18T05:23:19.709791Z] Closed probe probe-001 (RECEIPT)
[2026-09-18T05:23:19.710465Z] Closed probe-001 via receipt
[2026-09-18T05:23:19.711599Z] === Cycle complete, pending=1 ===
[2026-09-18T05:23:49.716387Z] === Watch cycle start ===
[2026-09-18T05:23:49.722316Z] Registered new inbound task: probe-001
[2026-09-18T05:23:49.725460Z] Closed probe probe-001 (RECEIPT)
[2026-09-18T05:23:49.726012Z] Closed probe-001 via receipt
[2026-09-18T05:23:49.727131Z] === Cycle complete, pending=1 ===
[2026-09-18T05:24:19.727966Z] === Watch cycle start ===
[2026-09-18T05:24:19.741193Z] Registered new inbound task: probe-001
[2026-09-18T05:24:19.742572Z] Closed probe probe-001 (RECEIPT)
[2026-09-18T05:24:19.745121Z] Closed probe-001 via receipt
[2026-09-18T05:24:19.748547Z] === Cycle complete, pending=1 ===
[2026-09-18T05:24:49.749315Z] === Watch cycle start ===
[2026-09-18T05:24:49.752773Z] Registered new inbound task: probe-001
[2026-09-18T05:24:49.753791Z] Closed probe probe-001 (RECEIPT)
[2026-09-18T05:24:49.754277Z] Closed probe-001 via receipt
[2026-09-18T05:24:49.755135Z] === Cycle complete, pending=1 ===
[2026-09-18T05:25:19.756552Z] === Watch cycle start ===
[2026-09-18T05:25:19.761355Z] Registered new inbound task: probe-001
[2026-09-18T05:25:19.762343Z] Closed probe probe-001 (RECEIPT)
[2026-09-18T05:25:19.762770Z] Closed probe-001 via receipt
[2026-09-18T05:25:19.763644Z] === Cycle complete, pending=1 ===
[2026-09-18T05:25:49.764509Z] === Watch cycle start ===
[2026-09-18T05:25:49.768443Z] Registered new inbound task: probe-001
[2026-09-18T05:25:49.769580Z] Closed probe probe-001 (RECEIPT)
[2026-09-18T05:25:49.770072Z] Closed probe-001 via receipt
[2026-09-18T05:25:49.770999Z] === Cycle complete, pending=1 ===
[2026-09-18T05:26:19.771740Z] === Watch cycle start ===
[2026-09-18T05:26:19.782758Z] Registered new inbound task: probe-001
[2026-09-18T05:26:19.784053Z] Closed probe probe-001 (RECEIPT)
[2026-09-18T05:26:19.784739Z] Closed probe-001 via receipt
[2026-09-18T05:26:19.785862Z] === Cycle complete, pending=1 ===
[2026-09-18T05:26:49.787018Z] === Watch cycle start ===
[2026-09-18T05:26:49.790618Z] Registered new inbound task: probe-001
[2026-09-18T05:26:49.791652Z] Closed probe probe-001 (RECEIPT)
[2026-09-18T05:26:49.792122Z] Closed probe-001 via receipt
[2026-09-18T05:26:49.793027Z] === Cycle complete, pending=1 ===
[2026-09-18T05:27:19.794016Z] === Watch cycle start ===
[2026-09-18T05:27:19.799224Z] Registered new inbound task: probe-001
[2026-09-18T05:27:19.800553Z] Closed probe probe-001 (RECEIPT)
[2026-09-18T05:27:19.801182Z] Closed probe-001 via receipt
[2026-09-18T05:27:19.802388Z] === Cycle complete, pending=1 ===
[2026-09-18T05:27:49.803284Z] === Watch cycle start ===
[2026-09-18T05:27:49.806724Z] Registered new inbound task: probe-001
[2026-09-18T05:27:49.807742Z] Closed probe probe-001 (RECEIPT)
[2026-09-18T05:27:49.808190Z] Closed probe-001 via receipt
[2026-09-18T05:27:49.809091Z] === Cycle complete, pending=1 ===
[2026-09-18T05:28:19.809744Z] === Watch cycle start ===
[2026-09-18T05:28:19.814244Z] Registered new inbound task: probe-001
[2026-09-18T05:28:19.815291Z] Closed probe probe-001 (RECEIPT)
[2026-09-18T05:28:19.815751Z] Closed probe-001 via receipt
[2026-09-18T05:28:19.816632Z] === Cycle complete, pending=1 ===
[2026-09-18T05:28:49.820870Z] === Watch cycle start ===
[2026-09-18T05:28:49.829741Z] Registered new inbound task: probe-001
[2026-09-18T05:28:49.832118Z] Closed probe probe-001 (RECEIPT)
[2026-09-18T05:28:49.836036Z] Closed probe-001 via receipt
[2026-09-18T05:28:49.837431Z] === Cycle complete, pending=1 ===
[2026-09-18T05:29:19.838968Z] === Watch cycle start ===
[2026-09-18T05:29:19.853978Z] Registered new inbound task: probe-001
[2026-09-18T05:29:19.855802Z] Closed probe probe-001 (RECEIPT)
[2026-09-18T05:29:19.857630Z] Closed probe-001 via receipt
[2026-09-18T05:29:19.863667Z] === Cycle complete, pending=1 ===
[2026-09-18T05:29:49.877523Z] === Watch cycle start ===
[2026-09-18T05:29:49.888402Z] Registered new inbound task: probe-001
[2026-09-18T05:29:49.890274Z] Closed probe probe-001 (RECEIPT)
[2026-09-18T05:29:49.892158Z] Closed probe-001 via receipt
[2026-09-18T05:29:49.894365Z] === Cycle complete, pending=1 ===
[2026-09-18T05:30:19.898175Z] === Watch cycle start ===
[2026-09-18T05:30:19.904749Z] Registered new inbound task: probe-001
[2026-09-18T05:30:19.905710Z] Closed probe probe-001 (RECEIPT)
[2026-09-18T05:30:19.906245Z] Closed probe-001 via receipt
[2026-09-18T05:30:19.910265Z] === Cycle complete, pending=1 ===
[2026-09-18T05:30:49.911897Z] === Watch cycle start ===
[2026-09-18T05:30:49.915165Z] Registered new inbound task: probe-001
[2026-09-18T05:30:49.916172Z] Closed probe probe-001 (RECEIPT)
[2026-09-18T05:30:49.916677Z] Closed probe-001 via receipt
[2026-09-18T05:30:49.917534Z] === Cycle complete, pending=1 ===
[2026-09-18T05:31:19.918865Z] === Watch cycle start ===
[2026-09-18T05:31:19.924148Z] Registered new inbound task: probe-001
[2026-09-18T05:31:19.929023Z] Closed probe probe-001 (RECEIPT)
[2026-09-18T05:31:19.929816Z] Closed probe-001 via receipt
[2026-09-18T05:31:19.931027Z] === Cycle complete, pending=1 ===
[2026-09-18T05:31:49.931780Z] === Watch cycle start ===
[2026-09-18T05:31:49.935960Z] Registered new inbound task: probe-001
[2026-09-18T05:31:49.937194Z] Closed probe probe-001 (RECEIPT)
[2026-09-18T05:31:49.937970Z] Closed probe-001 via receipt
[2026-09-18T05:31:49.939101Z] === Cycle complete, pending=1 ===
[2026-09-18T05:32:19.940289Z] === Watch cycle start ===
[2026-09-18T05:32:19.944850Z] Registered new inbound task: probe-001
[2026-09-18T05:32:19.945828Z] Closed probe probe-001 (RECEIPT)
[2026-09-18T05:32:19.946263Z] Closed probe-001 via receipt
[2026-09-18T05:32:19.947211Z] === Cycle complete, pending=1 ===
[2026-09-18T05:32:49.947873Z] === Watch cycle start ===
[2026-09-18T05:32:49.951382Z] Registered new inbound task: probe-001
[2026-09-18T05:32:49.952605Z] Closed probe probe-001 (RECEIPT)
[2026-09-18T05:32:49.953189Z] Closed probe-001 via receipt
[2026-09-18T05:32:49.954227Z] === Cycle complete, pending=1 ===
[2026-09-18T05:33:19.955094Z] === Watch cycle start ===
[2026-09-18T05:33:19.964817Z] Registered new inbound task: probe-001
[2026-09-18T05:33:19.968808Z] Closed probe probe-001 (RECEIPT)
[2026-09-18T05:33:19.972880Z] Closed probe-001 via receipt
[2026-09-18T05:33:19.974415Z] === Cycle complete, pending=1 ===
[2026-09-18T05:33:49.981119Z] === Watch cycle start ===
[2026-09-18T05:33:49.990238Z] Registered new inbound task: probe-001
[2026-09-18T05:33:49.991740Z] Closed probe probe-001 (RECEIPT)
[2026-09-18T05:33:49.992626Z] Closed probe-001 via receipt
[2026-09-18T05:33:49.995225Z] === Cycle complete, pending=1 ===
[2026-09-18T05:34:19.996920Z] === Watch cycle start ===
[2026-09-18T05:34:20.002231Z] Registered new inbound task: probe-001
[2026-09-18T05:34:20.003282Z] Closed probe probe-001 (RECEIPT)
[2026-09-18T05:34:20.003748Z] Closed probe-001 via receipt
[2026-09-18T05:34:20.004712Z] === Cycle complete, pending=1 ===
[2026-09-18T05:34:50.005944Z] === Watch cycle start ===
[2026-09-18T05:34:50.010081Z] Registered new inbound task: probe-001
[2026-09-18T05:34:50.011354Z] Closed probe probe-001 (RECEIPT)
[2026-09-18T05:34:50.011805Z] Closed probe-001 via receipt
[2026-09-18T05:34:50.012682Z] === Cycle complete, pending=1 ===
[2026-09-18T05:35:20.013348Z] === Watch cycle start ===
[2026-09-18T05:35:20.017561Z] Registered new inbound task: probe-001
[2026-09-18T05:35:20.018580Z] Closed probe probe-001 (RECEIPT)
[2026-09-18T05:35:20.019050Z] Closed probe-001 via receipt
[2026-09-18T05:35:20.019928Z] === Cycle complete, pending=1 ===
[2026-09-18T05:35:50.020520Z] === Watch cycle start ===
[2026-09-18T05:35:50.024581Z] Registered new inbound task: probe-001
[2026-09-18T05:35:50.025643Z] Closed probe probe-001 (RECEIPT)
[2026-09-18T05:35:50.026131Z] Closed probe-001 via receipt
[2026-09-18T05:35:50.027078Z] === Cycle complete, pending=1 ===
[2026-09-18T05:36:20.028438Z] === Watch cycle start ===
[2026-09-18T05:36:20.033089Z] Registered new inbound task: probe-001
[2026-09-18T05:36:20.034044Z] Closed probe probe-001 (RECEIPT)
[2026-09-18T05:36:20.034494Z] Closed probe-001 via receipt
[2026-09-18T05:36:20.035343Z] === Cycle complete, pending=1 ===
[2026-09-18T05:36:50.037455Z] === Watch cycle start ===
[2026-09-18T05:36:50.041869Z] Registered new inbound task: probe-001
[2026-09-18T05:36:50.042863Z] Closed probe probe-001 (RECEIPT)
[2026-09-18T05:36:50.043337Z] Closed probe-001 via receipt
[2026-09-18T05:36:50.044258Z] === Cycle complete, pending=1 ===
[2026-09-18T05:37:20.045341Z] === Watch cycle start ===
[2026-09-18T05:37:20.050973Z] Registered new inbound task: probe-001
[2026-09-18T05:37:20.051970Z] Closed probe probe-001 (RECEIPT)
[2026-09-18T05:37:20.052565Z] Closed probe-001 via receipt
[2026-09-18T05:37:20.054976Z] === Cycle complete, pending=1 ===
[2026-09-18T05:37:50.055967Z] === Watch cycle start ===
[2026-09-18T05:37:50.060019Z] Registered new inbound task: probe-001
[2026-09-18T05:37:50.061057Z] Closed probe probe-001 (RECEIPT)
[2026-09-18T05:37:50.061514Z] Closed probe-001 via receipt
[2026-09-18T05:37:50.062475Z] === Cycle complete, pending=1 ===
[2026-09-18T05:38:20.063610Z] === Watch cycle start ===
[2026-09-18T05:38:20.070176Z] Registered new inbound task: probe-001
[2026-09-18T05:38:20.071187Z] Closed probe probe-001 (RECEIPT)
[2026-09-18T05:38:20.071672Z] Closed probe-001 via receipt
[2026-09-18T05:38:20.072757Z] === Cycle complete, pending=1 ===
[2026-09-18T05:38:50.073917Z] === Watch cycle start ===
[2026-09-18T05:38:50.077828Z] Registered new inbound task: probe-001
[2026-09-18T05:38:50.078841Z] Closed probe probe-001 (RECEIPT)
[2026-09-18T05:38:50.079332Z] Closed probe-001 via receipt
[2026-09-18T05:38:50.080264Z] === Cycle complete, pending=1 ===
[2026-09-18T05:39:20.081631Z] === Watch cycle start ===
[2026-09-18T05:39:20.088559Z] Registered new inbound task: probe-001
[2026-09-18T05:39:20.089921Z] Closed probe probe-001 (RECEIPT)
[2026-09-18T05:39:20.090405Z] Closed probe-001 via receipt
[2026-09-18T05:39:20.091285Z] === Cycle complete, pending=1 ===
[2026-09-18T05:39:50.092033Z] === Watch cycle start ===
[2026-09-18T05:39:50.095361Z] Registered new inbound task: probe-001
[2026-09-18T05:39:50.096363Z] Closed probe probe-001 (RECEIPT)
[2026-09-18T05:39:50.096825Z] Closed probe-001 via receipt
[2026-09-18T05:39:50.097694Z] === Cycle complete, pending=1 ===
[2026-09-18T05:40:20.099111Z] === Watch cycle start ===
[2026-09-18T05:40:20.107587Z] Registered new inbound task: probe-001
[2026-09-18T05:40:20.109881Z] Closed probe probe-001 (RECEIPT)
[2026-09-18T05:40:20.110452Z] Closed probe-001 via receipt
[2026-09-18T05:40:20.111428Z] === Cycle complete, pending=1 ===
[2026-09-18T05:40:50.112364Z] === Watch cycle start ===
[2026-09-18T05:40:50.116222Z] Registered new inbound task: probe-001
[2026-09-18T05:40:50.117472Z] Closed probe probe-001 (RECEIPT)
[2026-09-18T05:40:50.117936Z] Closed probe-001 via receipt
[2026-09-18T05:40:50.118787Z] === Cycle complete, pending=1 ===
[2026-09-18T05:41:20.119490Z] === Watch cycle start ===
[2026-09-18T05:41:20.124150Z] Registered new inbound task: probe-001
[2026-09-18T05:41:20.125140Z] Closed probe probe-001 (RECEIPT)
[2026-09-18T05:41:20.125614Z] Closed probe-001 via receipt
[2026-09-18T05:41:20.126453Z] === Cycle complete, pending=1 ===
[2026-09-18T05:41:50.127397Z] === Watch cycle start ===
[2026-09-18T05:41:50.130763Z] Registered new inbound task: probe-001
[2026-09-18T05:41:50.131750Z] Closed probe probe-001 (RECEIPT)
[2026-09-18T05:41:50.132245Z] Closed probe-001 via receipt
[2026-09-18T05:41:50.133173Z] === Cycle complete, pending=1 ===
[2026-09-18T05:42:20.134290Z] === Watch cycle start ===
[2026-09-18T05:42:20.146413Z] Registered new inbound task: probe-001
[2026-09-18T05:42:20.149969Z] Closed probe probe-001 (RECEIPT)
[2026-09-18T05:42:20.150662Z] Closed probe-001 via receipt
[2026-09-18T05:42:20.151707Z] === Cycle complete, pending=1 ===
[2026-09-18T05:42:50.152630Z] === Watch cycle start ===
[2026-09-18T05:42:50.158319Z] Registered new inbound task: probe-001
[2026-09-18T05:42:50.178101Z] Closed probe probe-001 (RECEIPT)
[2026-09-18T05:42:50.186446Z] Closed probe-001 via receipt
[2026-09-18T05:42:50.189924Z] === Cycle complete, pending=1 ===
[2026-09-18T05:43:20.193103Z] === Watch cycle start ===
[2026-09-18T05:43:20.199353Z] Registered new inbound task: probe-001
[2026-09-18T05:43:20.200937Z] Closed probe probe-001 (RECEIPT)
[2026-09-18T05:43:20.201538Z] Closed probe-001 via receipt
[2026-09-18T05:43:20.202712Z] === Cycle complete, pending=1 ===
[2026-09-18T05:43:50.203971Z] === Watch cycle start ===
[2026-09-18T05:43:50.207771Z] Registered new inbound task: probe-001
[2026-09-18T05:43:50.208991Z] Closed probe probe-001 (RECEIPT)
[2026-09-18T05:43:50.209576Z] Closed probe-001 via receipt
[2026-09-18T05:43:50.210827Z] === Cycle complete, pending=1 ===
[2026-09-18T05:44:20.211930Z] === Watch cycle start ===
[2026-09-18T05:44:20.221154Z] Registered new inbound task: probe-001
[2026-09-18T05:44:20.222184Z] Closed probe probe-001 (RECEIPT)
[2026-09-18T05:44:20.222693Z] Closed probe-001 via receipt
[2026-09-18T05:44:20.223576Z] === Cycle complete, pending=1 ===
[2026-09-18T05:44:50.224194Z] === Watch cycle start ===
[2026-09-18T05:44:50.227878Z] Registered new inbound task: probe-001
[2026-09-18T05:44:50.228879Z] Closed probe probe-001 (RECEIPT)
[2026-09-18T05:44:50.229361Z] Closed probe-001 via receipt
[2026-09-18T05:44:50.230298Z] === Cycle complete, pending=1 ===
[2026-09-18T05:45:20.231016Z] === Watch cycle start ===
[2026-09-18T05:45:20.235407Z] Registered new inbound task: probe-001
[2026-09-18T05:45:20.236378Z] Closed probe probe-001 (RECEIPT)
[2026-09-18T05:45:20.236804Z] Closed probe-001 via receipt
[2026-09-18T05:45:20.237671Z] === Cycle complete, pending=1 ===
[2026-09-18T05:45:50.238343Z] === Watch cycle start ===
[2026-09-18T05:45:50.241646Z] Registered new inbound task: probe-001
[2026-09-18T05:45:50.242658Z] Closed probe probe-001 (RECEIPT)
[2026-09-18T05:45:50.243109Z] Closed probe-001 via receipt
[2026-09-18T05:45:50.243957Z] === Cycle complete, pending=1 ===
[2026-09-18T05:46:20.244601Z] === Watch cycle start ===
[2026-09-18T05:46:20.255445Z] Registered new inbound task: probe-001
[2026-09-18T05:46:20.259758Z] Closed probe probe-001 (RECEIPT)
[2026-09-18T05:46:20.260342Z] Closed probe-001 via receipt
[2026-09-18T05:46:20.261304Z] === Cycle complete, pending=1 ===
[2026-09-18T05:46:50.262537Z] === Watch cycle start ===
[2026-09-18T05:46:50.267088Z] Registered new inbound task: probe-001
[2026-09-18T05:46:50.268265Z] Closed probe probe-001 (RECEIPT)
[2026-09-18T05:46:50.268794Z] Closed probe-001 via receipt
[2026-09-18T05:46:50.269800Z] === Cycle complete, pending=1 ===
[2026-09-18T05:47:20.271525Z] === Watch cycle start ===
[2026-09-18T05:47:20.282021Z] Registered new inbound task: probe-001
[2026-09-18T05:47:20.283584Z] Closed probe probe-001 (RECEIPT)
[2026-09-18T05:47:20.287382Z] Closed probe-001 via receipt
[2026-09-18T05:47:20.288701Z] === Cycle complete, pending=1 ===
[2026-09-18T05:47:50.290063Z] === Watch cycle start ===
[2026-09-18T05:47:50.294466Z] Registered new inbound task: probe-001
[2026-09-18T05:47:50.295709Z] Closed probe probe-001 (RECEIPT)
[2026-09-18T05:47:50.296234Z] Closed probe-001 via receipt
[2026-09-18T05:47:50.297307Z] === Cycle complete, pending=1 ===
[2026-09-18T05:48:20.297972Z] === Watch cycle start ===
[2026-09-18T05:48:20.303831Z] Registered new inbound task: probe-001
[2026-09-18T05:48:20.304857Z] Closed probe probe-001 (RECEIPT)
[2026-09-18T05:48:20.305316Z] Closed probe-001 via receipt
[2026-09-18T05:48:20.306534Z] === Cycle complete, pending=1 ===
[2026-09-18T05:48:50.307642Z] === Watch cycle start ===
[2026-09-18T05:48:50.311637Z] Registered new inbound task: probe-001
[2026-09-18T05:48:50.312688Z] Closed probe probe-001 (RECEIPT)
[2026-09-18T05:48:50.313161Z] Closed probe-001 via receipt
[2026-09-18T05:48:50.313763Z] STALE: soak-001 past deadline + 30min grace
[2026-09-18T05:48:50.314694Z] === Cycle complete, pending=0 ===
[2026-09-18T05:49:20.320750Z] === Watch cycle start ===
[2026-09-18T05:49:20.330471Z] Registered new inbound task: probe-001
[2026-09-18T05:49:20.331288Z] Registered new inbound task: soak-001
[2026-09-18T05:49:20.332514Z] Closed probe probe-001 (RECEIPT)
[2026-09-18T05:49:20.333123Z] Closed probe-001 via receipt
[2026-09-18T05:49:20.334203Z] === Cycle complete, pending=1 ===
[2026-09-18T05:49:50.335794Z] === Watch cycle start ===
[2026-09-18T05:49:50.349544Z] Registered new inbound task: probe-001
[2026-09-18T05:49:50.351079Z] Closed probe probe-001 (RECEIPT)
[2026-09-18T05:49:50.351611Z] Closed probe-001 via receipt
[2026-09-18T05:49:50.352848Z] === Cycle complete, pending=1 ===
[2026-09-18T05:50:20.353633Z] === Watch cycle start ===
[2026-09-18T05:50:20.360668Z] Registered new inbound task: probe-001
[2026-09-18T05:50:20.361654Z] Closed probe probe-001 (RECEIPT)
[2026-09-18T05:50:20.362119Z] Closed probe-001 via receipt
[2026-09-18T05:50:20.363029Z] === Cycle complete, pending=1 ===
[2026-09-18T05:50:50.363968Z] === Watch cycle start ===
[2026-09-18T05:50:50.370253Z] Registered new inbound task: probe-001
[2026-09-18T05:50:50.372207Z] Closed probe probe-001 (RECEIPT)
[2026-09-18T05:50:50.373123Z] Closed probe-001 via receipt
[2026-09-18T05:50:50.374575Z] === Cycle complete, pending=1 ===
[2026-09-18T05:51:20.375663Z] === Watch cycle start ===
[2026-09-18T05:51:20.388928Z] Registered new inbound task: probe-001
[2026-09-18T05:51:20.394070Z] Closed probe probe-001 (RECEIPT)
[2026-09-18T05:51:20.394868Z] Closed probe-001 via receipt
[2026-09-18T05:51:20.396048Z] === Cycle complete, pending=1 ===
[2026-09-18T05:51:50.396846Z] === Watch cycle start ===
[2026-09-18T05:51:50.400536Z] Registered new inbound task: probe-001
[2026-09-18T05:51:50.401688Z] Closed probe probe-001 (RECEIPT)
[2026-09-18T05:51:50.402181Z] Closed probe-001 via receipt
[2026-09-18T05:51:50.403152Z] === Cycle complete, pending=1 ===
[2026-09-18T05:52:20.403872Z] === Watch cycle start ===
[2026-09-18T05:52:20.410908Z] Registered new inbound task: probe-001
[2026-09-18T05:52:20.412027Z] Closed probe probe-001 (RECEIPT)
[2026-09-18T05:52:20.412589Z] Closed probe-001 via receipt
[2026-09-18T05:52:20.413483Z] === Cycle complete, pending=1 ===
[2026-09-18T05:52:50.414720Z] === Watch cycle start ===
[2026-09-18T05:52:50.418553Z] Registered new inbound task: probe-001
[2026-09-18T05:52:50.421381Z] Closed probe probe-001 (RECEIPT)
[2026-09-18T05:52:50.421885Z] Closed probe-001 via receipt
[2026-09-18T05:52:50.422829Z] === Cycle complete, pending=1 ===
[2026-09-18T05:53:20.424232Z] === Watch cycle start ===
[2026-09-18T05:53:20.428192Z] Registered new inbound task: probe-001
[2026-09-18T05:53:20.429255Z] Closed probe probe-001 (RECEIPT)
[2026-09-18T05:53:20.429730Z] Closed probe-001 via receipt
[2026-09-18T05:53:20.431187Z] === Cycle complete, pending=1 ===
[2026-09-18T05:53:50.432007Z] === Watch cycle start ===
[2026-09-18T05:53:50.435721Z] Registered new inbound task: probe-001
[2026-09-18T05:53:50.437235Z] Closed probe probe-001 (RECEIPT)
[2026-09-18T05:53:50.437817Z] Closed probe-001 via receipt
[2026-09-18T05:53:50.439010Z] === Cycle complete, pending=1 ===
[2026-09-18T05:54:20.441069Z] === Watch cycle start ===
[2026-09-18T05:54:20.450820Z] Registered new inbound task: probe-001
[2026-09-18T05:54:20.452233Z] Closed probe probe-001 (RECEIPT)
[2026-09-18T05:54:20.452963Z] Closed probe-001 via receipt
[2026-09-18T05:54:20.453987Z] === Cycle complete, pending=1 ===
[2026-09-18T05:54:50.457981Z] === Watch cycle start ===
[2026-09-18T05:54:50.462562Z] Registered new inbound task: probe-001
[2026-09-18T05:54:50.463957Z] Closed probe probe-001 (RECEIPT)
[2026-09-18T05:54:50.464500Z] Closed probe-001 via receipt
[2026-09-18T05:54:50.465647Z] === Cycle complete, pending=1 ===
[2026-09-18T05:55:20.466665Z] === Watch cycle start ===
[2026-09-18T05:55:20.489230Z] Registered new inbound task: probe-001
[2026-09-18T05:55:20.491648Z] Closed probe probe-001 (RECEIPT)
[2026-09-18T05:55:20.492397Z] Closed probe-001 via receipt
[2026-09-18T05:55:20.493582Z] === Cycle complete, pending=1 ===
[2026-09-18T05:55:50.496914Z] === Watch cycle start ===
[2026-09-18T05:55:50.510183Z] Registered new inbound task: probe-001
[2026-09-18T05:55:50.516813Z] Closed probe probe-001 (RECEIPT)
[2026-09-18T05:55:50.518326Z] Closed probe-001 via receipt
[2026-09-18T05:55:50.519816Z] === Cycle complete, pending=1 ===
[2026-09-18T05:56:20.522030Z] === Watch cycle start ===
[2026-09-18T05:56:20.529709Z] Registered new inbound task: probe-001
[2026-09-18T05:56:20.534326Z] Closed probe probe-001 (RECEIPT)
[2026-09-18T05:56:20.538106Z] Closed probe-001 via receipt
[2026-09-18T05:56:20.539628Z] === Cycle complete, pending=1 ===
[2026-09-18T05:56:50.540536Z] === Watch cycle start ===
[2026-09-18T05:56:50.543977Z] Registered new inbound task: probe-001
[2026-09-18T05:56:50.544994Z] Closed probe probe-001 (RECEIPT)
[2026-09-18T05:56:50.545469Z] Closed probe-001 via receipt
[2026-09-18T05:56:50.546403Z] === Cycle complete, pending=1 ===
[2026-09-18T05:57:20.547825Z] === Watch cycle start ===
[2026-09-18T05:57:20.551927Z] Registered new inbound task: probe-001
[2026-09-18T05:57:20.555113Z] Closed probe probe-001 (RECEIPT)
[2026-09-18T05:57:20.555614Z] Closed probe-001 via receipt
[2026-09-18T05:57:20.556575Z] === Cycle complete, pending=1 ===
[2026-09-18T05:57:50.557407Z] === Watch cycle start ===
[2026-09-18T05:57:50.564212Z] Registered new inbound task: probe-001
[2026-09-18T05:57:50.565804Z] Closed probe probe-001 (RECEIPT)
[2026-09-18T05:57:50.566398Z] Closed probe-001 via receipt
[2026-09-18T05:57:50.567673Z] === Cycle complete, pending=1 ===
[2026-09-18T05:58:20.568521Z] === Watch cycle start ===
[2026-09-18T05:58:20.576571Z] Registered new inbound task: probe-001
[2026-09-18T05:58:20.579164Z] Closed probe probe-001 (RECEIPT)
[2026-09-18T05:58:20.579789Z] Closed probe-001 via receipt
[2026-09-18T05:58:20.580993Z] === Cycle complete, pending=1 ===
[2026-09-18T05:58:50.581900Z] === Watch cycle start ===
[2026-09-18T05:58:50.587394Z] Registered new inbound task: probe-001
[2026-09-18T05:58:50.588438Z] Closed probe probe-001 (RECEIPT)
[2026-09-18T05:58:50.588900Z] Closed probe-001 via receipt
[2026-09-18T05:58:50.593743Z] === Cycle complete, pending=1 ===
[2026-09-18T05:59:20.594505Z] === Watch cycle start ===
[2026-09-18T05:59:20.599076Z] Registered new inbound task: probe-001
[2026-09-18T05:59:20.600067Z] Closed probe probe-001 (RECEIPT)
[2026-09-18T05:59:20.600506Z] Closed probe-001 via receipt
[2026-09-18T05:59:20.601487Z] === Cycle complete, pending=1 ===
[2026-09-18T05:59:50.604361Z] === Watch cycle start ===
[2026-09-18T05:59:50.613086Z] Registered new inbound task: probe-001
[2026-09-18T05:59:50.614853Z] Closed probe probe-001 (RECEIPT)
[2026-09-18T05:59:50.615497Z] Closed probe-001 via receipt
[2026-09-18T05:59:50.616799Z] === Cycle complete, pending=1 ===
[2026-09-18T06:00:20.619584Z] === Watch cycle start ===
[2026-09-18T06:00:20.627911Z] Registered new inbound task: probe-001
[2026-09-18T06:00:20.629085Z] Closed probe probe-001 (RECEIPT)
[2026-09-18T06:00:20.629525Z] Closed probe-001 via receipt
[2026-09-18T06:00:20.630383Z] === Cycle complete, pending=1 ===
[2026-09-18T06:00:50.631661Z] === Watch cycle start ===
[2026-09-18T06:00:50.638303Z] Registered new inbound task: probe-001
[2026-09-18T06:00:50.641385Z] Closed probe probe-001 (RECEIPT)
[2026-09-18T06:00:50.649295Z] Closed probe-001 via receipt
[2026-09-18T06:00:50.654085Z] === Cycle complete, pending=1 ===
[2026-09-18T06:01:20.661658Z] === Watch cycle start ===
[2026-09-18T06:01:20.670044Z] Registered new inbound task: probe-001
[2026-09-18T06:01:20.671337Z] Closed probe probe-001 (RECEIPT)
[2026-09-18T06:01:20.672753Z] Closed probe-001 via receipt
[2026-09-18T06:01:20.674191Z] === Cycle complete, pending=1 ===
[2026-09-18T06:01:50.675143Z] === Watch cycle start ===
[2026-09-18T06:01:50.679510Z] Registered new inbound task: probe-001
[2026-09-18T06:01:50.680852Z] Closed probe probe-001 (RECEIPT)
[2026-09-18T06:01:50.681340Z] Closed probe-001 via receipt
[2026-09-18T06:01:50.682239Z] === Cycle complete, pending=1 ===
[2026-09-18T06:02:20.682862Z] === Watch cycle start ===
[2026-09-18T06:02:20.687946Z] Registered new inbound task: probe-001
[2026-09-18T06:02:20.689443Z] Closed probe probe-001 (RECEIPT)
[2026-09-18T06:02:20.690076Z] Closed probe-001 via receipt
[2026-09-18T06:02:20.690881Z] === Cycle complete, pending=1 ===
[2026-09-18T06:02:50.691456Z] === Watch cycle start ===
[2026-09-18T06:02:50.694726Z] Registered new inbound task: probe-001
[2026-09-18T06:02:50.695712Z] Closed probe probe-001 (RECEIPT)
[2026-09-18T06:02:50.696189Z] Closed probe-001 via receipt
[2026-09-18T06:02:50.697111Z] === Cycle complete, pending=1 ===
[2026-09-18T06:03:20.697769Z] === Watch cycle start ===
[2026-09-18T06:03:20.701523Z] Registered new inbound task: probe-001
[2026-09-18T06:03:20.702541Z] Closed probe probe-001 (RECEIPT)
[2026-09-18T06:03:20.703014Z] Closed probe-001 via receipt
[2026-09-18T06:03:20.703879Z] === Cycle complete, pending=1 ===
[2026-09-18T06:03:50.706707Z] === Watch cycle start ===
[2026-09-18T06:03:50.712603Z] Registered new inbound task: probe-001
[2026-09-18T06:03:50.714092Z] Closed probe probe-001 (RECEIPT)
[2026-09-18T06:03:50.714987Z] Closed probe-001 via receipt
[2026-09-18T06:03:50.716245Z] === Cycle complete, pending=1 ===
[2026-09-18T06:04:20.717118Z] === Watch cycle start ===
[2026-09-18T06:04:20.727620Z] Registered new inbound task: probe-001
[2026-09-18T06:04:20.731706Z] Closed probe probe-001 (RECEIPT)
[2026-09-18T06:04:20.732300Z] Closed probe-001 via receipt
[2026-09-18T06:04:20.733413Z] === Cycle complete, pending=1 ===
[2026-09-18T06:04:50.737199Z] === Watch cycle start ===
[2026-09-18T06:04:50.741212Z] Registered new inbound task: probe-001
[2026-09-18T06:04:50.742390Z] Closed probe probe-001 (RECEIPT)
[2026-09-18T06:04:50.742896Z] Closed probe-001 via receipt
[2026-09-18T06:04:50.743892Z] === Cycle complete, pending=1 ===
[2026-09-18T06:05:20.744624Z] === Watch cycle start ===
[2026-09-18T06:05:20.749106Z] Registered new inbound task: probe-001
[2026-09-18T06:05:20.750068Z] Closed probe probe-001 (RECEIPT)
[2026-09-18T06:05:20.750517Z] Closed probe-001 via receipt
[2026-09-18T06:05:20.751401Z] === Cycle complete, pending=1 ===
[2026-09-18T06:05:50.753910Z] === Watch cycle start ===
[2026-09-18T06:05:50.759424Z] Registered new inbound task: probe-001
[2026-09-18T06:05:50.760825Z] Closed probe probe-001 (RECEIPT)
[2026-09-18T06:05:50.761490Z] Closed probe-001 via receipt
[2026-09-18T06:05:50.762678Z] === Cycle complete, pending=1 ===
[2026-09-18T06:06:20.764355Z] === Watch cycle start ===
[2026-09-18T06:06:20.769129Z] Registered new inbound task: probe-001
[2026-09-18T06:06:20.770724Z] Closed probe probe-001 (RECEIPT)
[2026-09-18T06:06:20.771531Z] Closed probe-001 via receipt
[2026-09-18T06:06:20.772701Z] === Cycle complete, pending=1 ===
[2026-09-18T06:06:50.773366Z] === Watch cycle start ===
[2026-09-18T06:06:50.776695Z] Registered new inbound task: probe-001
[2026-09-18T06:06:50.777691Z] Closed probe probe-001 (RECEIPT)
[2026-09-18T06:06:50.778169Z] Closed probe-001 via receipt
[2026-09-18T06:06:50.779021Z] === Cycle complete, pending=1 ===
[2026-09-18T06:07:20.780596Z] === Watch cycle start ===
[2026-09-18T06:07:20.786246Z] Registered new inbound task: probe-001
[2026-09-18T06:07:20.787240Z] Closed probe probe-001 (RECEIPT)
[2026-09-18T06:07:20.787814Z] Closed probe-001 via receipt
[2026-09-18T06:07:20.788746Z] === Cycle complete, pending=1 ===
[2026-09-18T06:07:50.789963Z] === Watch cycle start ===
[2026-09-18T06:07:50.793411Z] Registered new inbound task: probe-001
[2026-09-18T06:07:50.794425Z] Closed probe probe-001 (RECEIPT)
[2026-09-18T06:07:50.794893Z] Closed probe-001 via receipt
[2026-09-18T06:07:50.795867Z] === Cycle complete, pending=1 ===
[2026-09-18T06:08:20.798247Z] === Watch cycle start ===
[2026-09-18T06:08:20.812450Z] Registered new inbound task: probe-001
[2026-09-18T06:08:20.814859Z] Closed probe probe-001 (RECEIPT)
[2026-09-18T06:08:20.816011Z] Closed probe-001 via receipt
[2026-09-18T06:08:20.817646Z] === Cycle complete, pending=1 ===
[2026-09-18T06:08:50.825916Z] === Watch cycle start ===
[2026-09-18T06:08:50.833426Z] Registered new inbound task: probe-001
[2026-09-18T06:08:50.835392Z] Closed probe probe-001 (RECEIPT)
[2026-09-18T06:08:50.837478Z] Closed probe-001 via receipt
[2026-09-18T06:08:50.838835Z] === Cycle complete, pending=1 ===
[2026-09-18T06:09:20.840178Z] === Watch cycle start ===
[2026-09-18T06:09:20.862561Z] Registered new inbound task: probe-001
[2026-09-18T06:09:20.863893Z] Closed probe probe-001 (RECEIPT)
[2026-09-18T06:09:20.864618Z] Closed probe-001 via receipt
[2026-09-18T06:09:20.865827Z] === Cycle complete, pending=1 ===
[2026-09-18T06:09:50.866991Z] === Watch cycle start ===
[2026-09-18T06:09:50.870450Z] Registered new inbound task: probe-001
[2026-09-18T06:09:50.871454Z] Closed probe probe-001 (RECEIPT)
[2026-09-18T06:09:50.871930Z] Closed probe-001 via receipt
[2026-09-18T06:09:50.872858Z] === Cycle complete, pending=1 ===
[2026-09-18T06:10:20.873478Z] === Watch cycle start ===
[2026-09-18T06:10:20.878036Z] Registered new inbound task: probe-001
[2026-09-18T06:10:20.879090Z] Closed probe probe-001 (RECEIPT)
[2026-09-18T06:10:20.879854Z] Closed probe-001 via receipt
[2026-09-18T06:10:20.881063Z] === Cycle complete, pending=1 ===
[2026-09-18T06:10:50.882288Z] === Watch cycle start ===
[2026-09-18T06:10:50.923325Z] Registered new inbound task: probe-001
[2026-09-18T06:10:50.939161Z] Closed probe probe-001 (RECEIPT)
[2026-09-18T06:10:50.939926Z] Closed probe-001 via receipt
[2026-09-18T06:10:50.941601Z] === Cycle complete, pending=1 ===
[2026-09-18T06:11:20.942866Z] === Watch cycle start ===
[2026-09-18T06:11:20.959477Z] Registered new inbound task: probe-001
[2026-09-18T06:11:20.991405Z] Closed probe probe-001 (RECEIPT)
[2026-09-18T06:11:21.011391Z] Closed probe-001 via receipt
[2026-09-18T06:11:21.022197Z] === Cycle complete, pending=1 ===
[2026-09-18T06:11:51.037983Z] === Watch cycle start ===
[2026-09-18T06:11:51.095392Z] Registered new inbound task: probe-001
[2026-09-18T06:11:51.121278Z] Closed probe probe-001 (RECEIPT)
[2026-09-18T06:11:51.123220Z] Closed probe-001 via receipt
[2026-09-18T06:11:51.124464Z] === Cycle complete, pending=1 ===
[2026-09-18T06:12:21.125285Z] === Watch cycle start ===
[2026-09-18T06:12:21.131510Z] Registered new inbound task: probe-001
[2026-09-18T06:12:21.134174Z] Closed probe probe-001 (RECEIPT)
[2026-09-18T06:12:21.135544Z] Closed probe-001 via receipt
[2026-09-18T06:12:21.136822Z] === Cycle complete, pending=1 ===
[2026-09-18T06:12:51.138504Z] === Watch cycle start ===
[2026-09-18T06:12:51.145109Z] Registered new inbound task: probe-001
[2026-09-18T06:12:51.146211Z] Closed probe probe-001 (RECEIPT)
[2026-09-18T06:12:51.146780Z] Closed probe-001 via receipt
[2026-09-18T06:12:51.147660Z] === Cycle complete, pending=1 ===
[2026-09-18T06:13:21.148300Z] === Watch cycle start ===
[2026-09-18T06:13:21.152008Z] Registered new inbound task: probe-001
[2026-09-18T06:13:21.153027Z] Closed probe probe-001 (RECEIPT)
[2026-09-18T06:13:21.153484Z] Closed probe-001 via receipt
[2026-09-18T06:13:21.154341Z] === Cycle complete, pending=1 ===
[2026-09-18T06:13:51.155707Z] === Watch cycle start ===
[2026-09-18T06:13:51.163343Z] Registered new inbound task: probe-001
[2026-09-18T06:13:51.164847Z] Closed probe probe-001 (RECEIPT)
[2026-09-18T06:13:51.165447Z] Closed probe-001 via receipt
[2026-09-18T06:13:51.166411Z] === Cycle complete, pending=1 ===
[2026-09-18T06:14:21.167164Z] === Watch cycle start ===
[2026-09-18T06:14:21.175199Z] Registered new inbound task: probe-001
[2026-09-18T06:14:21.176486Z] Closed probe probe-001 (RECEIPT)
[2026-09-18T06:14:21.177113Z] Closed probe-001 via receipt
[2026-09-18T06:14:21.178115Z] === Cycle complete, pending=1 ===
[2026-09-18T06:14:51.179001Z] === Watch cycle start ===
[2026-09-18T06:14:51.186064Z] Registered new inbound task: probe-001
[2026-09-18T06:14:51.187061Z] Closed probe probe-001 (RECEIPT)
[2026-09-18T06:14:51.187524Z] Closed probe-001 via receipt
[2026-09-18T06:14:51.188360Z] === Cycle complete, pending=1 ===
[2026-09-18T06:15:21.189550Z] === Watch cycle start ===
[2026-09-18T06:15:21.193851Z] Registered new inbound task: probe-001
[2026-09-18T06:15:21.194936Z] Closed probe probe-001 (RECEIPT)
[2026-09-18T06:15:21.195462Z] Closed probe-001 via receipt
[2026-09-18T06:15:21.196468Z] === Cycle complete, pending=1 ===
[2026-09-18T06:15:51.197283Z] === Watch cycle start ===
[2026-09-18T06:15:51.203271Z] Registered new inbound task: probe-001
[2026-09-18T06:15:51.208983Z] Closed probe probe-001 (RECEIPT)
[2026-09-18T06:15:51.209744Z] Closed probe-001 via receipt
[2026-09-18T06:15:51.210992Z] === Cycle complete, pending=1 ===
[2026-09-18T06:16:21.212424Z] === Watch cycle start ===
[2026-09-18T06:16:21.217259Z] Registered new inbound task: probe-001
[2026-09-18T06:16:21.218554Z] Closed probe probe-001 (RECEIPT)
[2026-09-18T06:16:21.219102Z] Closed probe-001 via receipt
[2026-09-18T06:16:21.220354Z] === Cycle complete, pending=1 ===
[2026-09-18T06:16:51.224967Z] === Watch cycle start ===
[2026-09-18T06:16:51.230574Z] Registered new inbound task: probe-001
[2026-09-18T06:16:51.231563Z] Closed probe probe-001 (RECEIPT)
[2026-09-18T06:16:51.232024Z] Closed probe-001 via receipt
[2026-09-18T06:16:51.232892Z] === Cycle complete, pending=1 ===
[2026-09-18T06:17:21.233501Z] === Watch cycle start ===
[2026-09-18T06:17:21.237041Z] Registered new inbound task: probe-001
[2026-09-18T06:17:21.238077Z] Closed probe probe-001 (RECEIPT)
[2026-09-18T06:17:21.238622Z] Closed probe-001 via receipt
[2026-09-18T06:17:21.242253Z] === Cycle complete, pending=1 ===
[2026-09-18T06:17:51.246373Z] === Watch cycle start ===
[2026-09-18T06:17:51.255668Z] Registered new inbound task: probe-001
[2026-09-18T06:17:51.256702Z] Closed probe probe-001 (RECEIPT)
[2026-09-18T06:17:51.257164Z] Closed probe-001 via receipt
[2026-09-18T06:17:51.258043Z] === Cycle complete, pending=1 ===
[2026-09-18T06:18:21.259705Z] === Watch cycle start ===
[2026-09-18T06:18:21.269377Z] Registered new inbound task: probe-001
[2026-09-18T06:18:21.271065Z] Closed probe probe-001 (RECEIPT)
[2026-09-18T06:18:21.271621Z] Closed probe-001 via receipt
[2026-09-18T06:18:21.272752Z] === Cycle complete, pending=1 ===
[2026-09-18T06:18:51.273934Z] === Watch cycle start ===
[2026-09-18T06:18:51.283910Z] Registered new inbound task: probe-001
[2026-09-18T06:18:51.285157Z] Closed probe probe-001 (RECEIPT)
[2026-09-18T06:18:51.285782Z] Closed probe-001 via receipt
[2026-09-18T06:18:51.287123Z] === Cycle complete, pending=1 ===
[2026-09-18T06:19:21.287855Z] === Watch cycle start ===
[2026-09-18T06:19:21.292073Z] Registered new inbound task: probe-001
[2026-09-18T06:19:21.293415Z] Closed probe probe-001 (RECEIPT)
[2026-09-18T06:19:21.293890Z] Closed probe-001 via receipt
[2026-09-18T06:19:21.294752Z] === Cycle complete, pending=1 ===
[2026-09-18T06:19:51.295387Z] === Watch cycle start ===
[2026-09-18T06:19:51.300785Z] Registered new inbound task: probe-001
[2026-09-18T06:19:51.301828Z] Closed probe probe-001 (RECEIPT)
[2026-09-18T06:19:51.302365Z] Closed probe-001 via receipt
[2026-09-18T06:19:51.303265Z] === Cycle complete, pending=1 ===
[2026-09-18T06:20:21.304072Z] === Watch cycle start ===
[2026-09-18T06:20:21.307501Z] Registered new inbound task: probe-001
[2026-09-18T06:20:21.308498Z] Closed probe probe-001 (RECEIPT)
[2026-09-18T06:20:21.308971Z] Closed probe-001 via receipt
[2026-09-18T06:20:21.309916Z] === Cycle complete, pending=1 ===
[2026-09-18T06:20:51.311010Z] === Watch cycle start ===
[2026-09-18T06:20:51.316281Z] Registered new inbound task: probe-001
[2026-09-18T06:20:51.317253Z] Closed probe probe-001 (RECEIPT)
[2026-09-18T06:20:51.317677Z] Closed probe-001 via receipt
[2026-09-18T06:20:51.318502Z] === Cycle complete, pending=1 ===
[2026-09-18T06:21:21.319226Z] === Watch cycle start ===
[2026-09-18T06:21:21.322914Z] Registered new inbound task: probe-001
[2026-09-18T06:21:21.323922Z] Closed probe probe-001 (RECEIPT)
[2026-09-18T06:21:21.328357Z] Closed probe-001 via receipt
[2026-09-18T06:21:21.329743Z] === Cycle complete, pending=1 ===
[2026-09-18T06:21:51.331811Z] === Watch cycle start ===
[2026-09-18T06:21:51.369041Z] Registered new inbound task: probe-001
[2026-09-18T06:21:51.405061Z] Closed probe probe-001 (RECEIPT)
[2026-09-18T06:21:51.468029Z] Closed probe-001 via receipt
[2026-09-18T06:21:51.504671Z] === Cycle complete, pending=1 ===
[2026-09-18T06:22:21.551812Z] === Watch cycle start ===
[2026-09-18T06:22:21.557554Z] Registered new inbound task: probe-001
[2026-09-18T06:22:21.559231Z] Closed probe probe-001 (RECEIPT)
[2026-09-18T06:22:21.560736Z] Closed probe-001 via receipt
[2026-09-18T06:22:21.562325Z] === Cycle complete, pending=1 ===
[2026-09-18T06:22:51.564287Z] === Watch cycle start ===
[2026-09-18T06:22:51.600091Z] Registered new inbound task: probe-001
[2026-09-18T06:22:51.611244Z] Closed probe probe-001 (RECEIPT)
[2026-09-18T06:22:51.611875Z] Closed probe-001 via receipt
[2026-09-18T06:22:51.612907Z] === Cycle complete, pending=1 ===
[2026-09-18T06:23:21.613758Z] === Watch cycle start ===
[2026-09-18T06:23:21.617556Z] Registered new inbound task: probe-001
[2026-09-18T06:23:21.618584Z] Closed probe probe-001 (RECEIPT)
[2026-09-18T06:23:21.619063Z] Closed probe-001 via receipt
[2026-09-18T06:23:21.619993Z] === Cycle complete, pending=1 ===
[2026-09-18T06:23:51.620635Z] === Watch cycle start ===
[2026-09-18T06:23:51.627650Z] Registered new inbound task: probe-001
[2026-09-18T06:23:51.628769Z] Closed probe probe-001 (RECEIPT)
[2026-09-18T06:23:51.629334Z] Closed probe-001 via receipt
[2026-09-18T06:23:51.630325Z] === Cycle complete, pending=1 ===
[2026-09-18T06:24:21.631144Z] === Watch cycle start ===
[2026-09-18T06:24:21.635601Z] Registered new inbound task: probe-001
[2026-09-18T06:24:21.636848Z] Closed probe probe-001 (RECEIPT)
[2026-09-18T06:24:21.637595Z] Closed probe-001 via receipt
[2026-09-18T06:24:21.640763Z] === Cycle complete, pending=1 ===
[2026-09-18T06:24:51.641613Z] === Watch cycle start ===
[2026-09-18T06:24:51.646007Z] Registered new inbound task: probe-001
[2026-09-18T06:24:51.647597Z] Closed probe probe-001 (RECEIPT)
[2026-09-18T06:24:51.649001Z] Closed probe-001 via receipt
[2026-09-18T06:24:51.651315Z] === Cycle complete, pending=1 ===
[2026-09-18T06:25:21.652058Z] === Watch cycle start ===
[2026-09-18T06:25:21.655702Z] Registered new inbound task: probe-001
[2026-09-18T06:25:21.656727Z] Closed probe probe-001 (RECEIPT)
[2026-09-18T06:25:21.657198Z] Closed probe-001 via receipt
[2026-09-18T06:25:21.658722Z] === Cycle complete, pending=1 ===
[2026-09-18T06:25:51.659711Z] === Watch cycle start ===
[2026-09-18T06:25:51.664389Z] Registered new inbound task: probe-001
[2026-09-18T06:25:51.665416Z] Closed probe probe-001 (RECEIPT)
[2026-09-18T06:25:51.665883Z] Closed probe-001 via receipt
[2026-09-18T06:25:51.666853Z] === Cycle complete, pending=1 ===
[2026-09-18T06:26:21.667789Z] === Watch cycle start ===
[2026-09-18T06:26:21.671927Z] Registered new inbound task: probe-001
[2026-09-18T06:26:21.672973Z] Closed probe probe-001 (RECEIPT)
[2026-09-18T06:26:21.673433Z] Closed probe-001 via receipt
[2026-09-18T06:26:21.674391Z] === Cycle complete, pending=1 ===
[2026-09-18T06:26:51.675009Z] === Watch cycle start ===
[2026-09-18T06:26:51.679424Z] Registered new inbound task: probe-001
[2026-09-18T06:26:51.680499Z] Closed probe probe-001 (RECEIPT)
[2026-09-18T06:26:51.680992Z] Closed probe-001 via receipt
[2026-09-18T06:26:51.681910Z] === Cycle complete, pending=1 ===
[2026-09-18T06:27:21.682511Z] === Watch cycle start ===
[2026-09-18T06:27:21.686139Z] Registered new inbound task: probe-001
[2026-09-18T06:27:21.687156Z] Closed probe probe-001 (RECEIPT)
[2026-09-18T06:27:21.687638Z] Closed probe-001 via receipt
[2026-09-18T06:27:21.688498Z] === Cycle complete, pending=1 ===
[2026-09-18T06:27:51.689493Z] === Watch cycle start ===
[2026-09-18T06:27:51.693422Z] Registered new inbound task: probe-001
[2026-09-18T06:27:51.694417Z] Closed probe probe-001 (RECEIPT)
[2026-09-18T06:27:51.694900Z] Closed probe-001 via receipt
[2026-09-18T06:27:51.695838Z] === Cycle complete, pending=1 ===
[2026-09-18T06:28:21.697292Z] === Watch cycle start ===
[2026-09-18T06:28:21.700813Z] Registered new inbound task: probe-001
[2026-09-18T06:28:21.701826Z] Closed probe probe-001 (RECEIPT)
[2026-09-18T06:28:21.702331Z] Closed probe-001 via receipt
[2026-09-18T06:28:21.703286Z] === Cycle complete, pending=1 ===
[2026-09-18T06:28:51.704116Z] === Watch cycle start ===
[2026-09-18T06:28:51.711450Z] Registered new inbound task: probe-001
[2026-09-18T06:28:51.723738Z] Closed probe probe-001 (RECEIPT)
[2026-09-18T06:28:51.724845Z] Closed probe-001 via receipt
[2026-09-18T06:28:51.726171Z] === Cycle complete, pending=1 ===
[2026-09-18T06:29:21.727023Z] === Watch cycle start ===
[2026-09-18T06:29:21.730312Z] Registered new inbound task: probe-001
[2026-09-18T06:29:21.731345Z] Closed probe probe-001 (RECEIPT)
[2026-09-18T06:29:21.731827Z] Closed probe-001 via receipt
[2026-09-18T06:29:21.733088Z] === Cycle complete, pending=1 ===
[2026-09-18T06:29:51.735474Z] === Watch cycle start ===
[2026-09-18T06:29:51.739007Z] Registered new inbound task: probe-001
[2026-09-18T06:29:51.739985Z] Closed probe probe-001 (RECEIPT)
[2026-09-18T06:29:51.740450Z] Closed probe-001 via receipt
[2026-09-18T06:29:51.741306Z] === Cycle complete, pending=1 ===
[2026-09-18T06:30:21.742820Z] === Watch cycle start ===
[2026-09-18T06:30:21.748639Z] Registered new inbound task: probe-001
[2026-09-18T06:30:21.750245Z] Closed probe probe-001 (RECEIPT)
[2026-09-18T06:30:21.750772Z] Closed probe-001 via receipt
[2026-09-18T06:30:21.751720Z] === Cycle complete, pending=1 ===
[2026-09-18T06:30:51.752857Z] === Watch cycle start ===
[2026-09-18T06:30:51.765297Z] Registered new inbound task: probe-001
[2026-09-18T06:30:51.766718Z] Closed probe probe-001 (RECEIPT)
[2026-09-18T06:30:51.767304Z] Closed probe-001 via receipt
[2026-09-18T06:30:51.768737Z] === Cycle complete, pending=1 ===
[2026-09-18T06:31:21.773198Z] === Watch cycle start ===
[2026-09-18T06:31:21.776735Z] Registered new inbound task: probe-001
[2026-09-18T06:31:21.777745Z] Closed probe probe-001 (RECEIPT)
[2026-09-18T06:31:21.778228Z] Closed probe-001 via receipt
[2026-09-18T06:31:21.779176Z] === Cycle complete, pending=1 ===
[2026-09-18T06:31:51.780143Z] === Watch cycle start ===
[2026-09-18T06:31:51.783919Z] Registered new inbound task: probe-001
[2026-09-18T06:31:51.785042Z] Closed probe probe-001 (RECEIPT)
[2026-09-18T06:31:51.785536Z] Closed probe-001 via receipt
[2026-09-18T06:31:51.786416Z] === Cycle complete, pending=1 ===
[2026-09-18T06:32:21.787117Z] === Watch cycle start ===
[2026-09-18T06:32:21.792419Z] Registered new inbound task: probe-001
[2026-09-18T06:32:21.794085Z] Closed probe probe-001 (RECEIPT)
[2026-09-18T06:32:21.794809Z] Closed probe-001 via receipt
[2026-09-18T06:32:21.796059Z] === Cycle complete, pending=1 ===
[2026-09-18T06:32:51.797302Z] === Watch cycle start ===
[2026-09-18T06:32:51.802668Z] Registered new inbound task: probe-001
[2026-09-18T06:32:51.804270Z] Closed probe probe-001 (RECEIPT)
[2026-09-18T06:32:51.804998Z] Closed probe-001 via receipt
[2026-09-18T06:32:51.806569Z] === Cycle complete, pending=1 ===
[2026-09-18T06:33:21.807459Z] === Watch cycle start ===
[2026-09-18T06:33:21.812870Z] Registered new inbound task: probe-001
[2026-09-18T06:33:21.814153Z] Closed probe probe-001 (RECEIPT)
[2026-09-18T06:33:21.814653Z] Closed probe-001 via receipt
[2026-09-18T06:33:21.815640Z] === Cycle complete, pending=1 ===
[2026-09-18T06:33:51.822132Z] === Watch cycle start ===
[2026-09-18T06:33:51.829880Z] Registered new inbound task: probe-001
[2026-09-18T06:33:51.833303Z] Closed probe probe-001 (RECEIPT)
[2026-09-18T06:33:51.834311Z] Closed probe-001 via receipt
[2026-09-18T06:33:51.839673Z] === Cycle complete, pending=1 ===
[2026-09-18T06:34:21.841206Z] === Watch cycle start ===
[2026-09-18T06:34:21.849289Z] Registered new inbound task: probe-001
[2026-09-18T06:34:21.850696Z] Closed probe probe-001 (RECEIPT)
[2026-09-18T06:34:21.853839Z] Closed probe-001 via receipt
[2026-09-18T06:34:21.855010Z] === Cycle complete, pending=1 ===
[2026-09-18T06:34:51.855964Z] === Watch cycle start ===
[2026-09-18T06:34:51.864597Z] Registered new inbound task: probe-001
[2026-09-18T06:34:51.867148Z] Closed probe probe-001 (RECEIPT)
[2026-09-18T06:34:51.869315Z] Closed probe-001 via receipt
[2026-09-18T06:34:51.872127Z] === Cycle complete, pending=1 ===
[2026-09-18T06:35:21.874869Z] === Watch cycle start ===
[2026-09-18T06:35:21.879882Z] Registered new inbound task: probe-001
[2026-09-18T06:35:21.893760Z] Closed probe probe-001 (RECEIPT)
[2026-09-18T06:35:21.894987Z] Closed probe-001 via receipt
[2026-09-18T06:35:21.896296Z] === Cycle complete, pending=1 ===
[2026-09-18T06:35:51.897199Z] === Watch cycle start ===
[2026-09-18T06:35:51.901125Z] Registered new inbound task: probe-001
[2026-09-18T06:35:51.902196Z] Closed probe probe-001 (RECEIPT)
[2026-09-18T06:35:51.902694Z] Closed probe-001 via receipt
[2026-09-18T06:35:51.903643Z] === Cycle complete, pending=1 ===
[2026-09-18T06:36:21.904742Z] === Watch cycle start ===
[2026-09-18T06:36:21.909180Z] Registered new inbound task: probe-001
[2026-09-18T06:36:21.913174Z] Closed probe probe-001 (RECEIPT)
[2026-09-18T06:36:21.913901Z] Closed probe-001 via receipt
[2026-09-18T06:36:21.915198Z] === Cycle complete, pending=1 ===
[2026-09-18T06:36:51.916020Z] === Watch cycle start ===
[2026-09-18T06:36:51.919814Z] Registered new inbound task: probe-001
[2026-09-18T06:36:51.920814Z] Closed probe probe-001 (RECEIPT)
[2026-09-18T06:36:51.921289Z] Closed probe-001 via receipt
[2026-09-18T06:36:51.922405Z] === Cycle complete, pending=1 ===
[2026-09-18T06:37:21.923031Z] === Watch cycle start ===
[2026-09-18T06:37:21.926474Z] Registered new inbound task: probe-001
[2026-09-18T06:37:21.939177Z] Closed probe probe-001 (RECEIPT)
[2026-09-18T06:37:21.939711Z] Closed probe-001 via receipt
[2026-09-18T06:37:21.941091Z] === Cycle complete, pending=1 ===
[2026-09-18T06:37:51.942440Z] === Watch cycle start ===
[2026-09-18T06:37:51.948875Z] Registered new inbound task: probe-001
[2026-09-18T06:37:51.949944Z] Closed probe probe-001 (RECEIPT)
[2026-09-18T06:37:51.950415Z] Closed probe-001 via receipt
[2026-09-18T06:37:51.951295Z] === Cycle complete, pending=1 ===
[2026-09-18T06:38:21.951968Z] === Watch cycle start ===
[2026-09-18T06:38:21.955477Z] Registered new inbound task: probe-001
[2026-09-18T06:38:21.956754Z] Closed probe probe-001 (RECEIPT)
[2026-09-18T06:38:21.958975Z] Closed probe-001 via receipt
[2026-09-18T06:38:21.963667Z] === Cycle complete, pending=1 ===
[2026-09-18T06:38:51.964579Z] === Watch cycle start ===
[2026-09-18T06:38:51.968682Z] Registered new inbound task: probe-001
[2026-09-18T06:38:51.969713Z] Closed probe probe-001 (RECEIPT)
[2026-09-18T06:38:51.970175Z] Closed probe-001 via receipt
[2026-09-18T06:38:51.971047Z] === Cycle complete, pending=1 ===
[2026-09-18T06:39:21.972900Z] === Watch cycle start ===
[2026-09-18T06:39:21.977993Z] Registered new inbound task: probe-001
[2026-09-18T06:39:21.979046Z] Closed probe probe-001 (RECEIPT)
[2026-09-18T06:39:21.979551Z] Closed probe-001 via receipt
[2026-09-18T06:39:21.980772Z] === Cycle complete, pending=1 ===
[2026-09-18T06:39:51.981634Z] === Watch cycle start ===
[2026-09-18T06:39:51.986408Z] Registered new inbound task: probe-001
[2026-09-18T06:39:51.990726Z] Closed probe probe-001 (RECEIPT)
[2026-09-18T06:39:51.991452Z] Closed probe-001 via receipt
[2026-09-18T06:39:51.992742Z] === Cycle complete, pending=1 ===
[2026-09-18T06:40:21.994602Z] === Watch cycle start ===
[2026-09-18T06:40:21.998444Z] Registered new inbound task: probe-001
[2026-09-18T06:40:21.999525Z] Closed probe probe-001 (RECEIPT)
[2026-09-18T06:40:22.000028Z] Closed probe-001 via receipt
[2026-09-18T06:40:22.000901Z] === Cycle complete, pending=1 ===
[2026-09-18T06:40:52.001519Z] === Watch cycle start ===
[2026-09-18T06:40:52.008819Z] Registered new inbound task: probe-001
[2026-09-18T06:40:52.009871Z] Closed probe probe-001 (RECEIPT)
[2026-09-18T06:40:52.010330Z] Closed probe-001 via receipt
[2026-09-18T06:40:52.011219Z] === Cycle complete, pending=1 ===
[2026-09-18T06:41:22.011887Z] === Watch cycle start ===
[2026-09-18T06:41:22.015631Z] Registered new inbound task: probe-001
[2026-09-18T06:41:22.016669Z] Closed probe probe-001 (RECEIPT)
[2026-09-18T06:41:22.017156Z] Closed probe-001 via receipt
[2026-09-18T06:41:22.018038Z] === Cycle complete, pending=1 ===
[2026-09-18T06:41:52.018690Z] === Watch cycle start ===
[2026-09-18T06:41:52.026841Z] Registered new inbound task: probe-001
[2026-09-18T06:41:52.028160Z] Closed probe probe-001 (RECEIPT)
[2026-09-18T06:41:52.028638Z] Closed probe-001 via receipt
[2026-09-18T06:41:52.029542Z] === Cycle complete, pending=1 ===
[2026-09-18T06:42:22.030939Z] === Watch cycle start ===
[2026-09-18T06:42:22.034698Z] Registered new inbound task: probe-001
[2026-09-18T06:42:22.035704Z] Closed probe probe-001 (RECEIPT)
[2026-09-18T06:42:22.036176Z] Closed probe-001 via receipt
[2026-09-18T06:42:22.037042Z] === Cycle complete, pending=1 ===
[2026-09-18T06:42:52.037678Z] === Watch cycle start ===
[2026-09-18T06:42:52.046449Z] Registered new inbound task: probe-001
[2026-09-18T06:42:52.047712Z] Closed probe probe-001 (RECEIPT)
[2026-09-18T06:42:52.048777Z] Closed probe-001 via receipt
[2026-09-18T06:42:52.051564Z] === Cycle complete, pending=1 ===
[2026-09-18T06:43:22.052979Z] === Watch cycle start ===
[2026-09-18T06:43:22.057462Z] Registered new inbound task: probe-001
[2026-09-18T06:43:22.058536Z] Closed probe probe-001 (RECEIPT)
[2026-09-18T06:43:22.059295Z] Closed probe-001 via receipt
[2026-09-18T06:43:22.062951Z] === Cycle complete, pending=1 ===
[2026-09-18T06:43:52.063554Z] === Watch cycle start ===
[2026-09-18T06:43:52.072393Z] Registered new inbound task: probe-001
[2026-09-18T06:43:52.074019Z] Closed probe probe-001 (RECEIPT)
[2026-09-18T06:43:52.079044Z] Closed probe-001 via receipt
[2026-09-18T06:43:52.080543Z] === Cycle complete, pending=1 ===
[2026-09-18T06:44:22.082148Z] === Watch cycle start ===
[2026-09-18T06:44:22.085808Z] Registered new inbound task: probe-001
[2026-09-18T06:44:22.086936Z] Closed probe probe-001 (RECEIPT)
[2026-09-18T06:44:22.087413Z] Closed probe-001 via receipt
[2026-09-18T06:44:22.088396Z] === Cycle complete, pending=1 ===
[2026-09-18T06:44:52.088961Z] === Watch cycle start ===
[2026-09-18T06:44:52.097844Z] Registered new inbound task: probe-001
[2026-09-18T06:44:52.098959Z] Closed probe probe-001 (RECEIPT)
[2026-09-18T06:44:52.099426Z] Closed probe-001 via receipt
[2026-09-18T06:44:52.100319Z] === Cycle complete, pending=1 ===
[2026-09-18T06:45:22.101552Z] === Watch cycle start ===
[2026-09-18T06:45:22.105454Z] Registered new inbound task: probe-001
[2026-09-18T06:45:22.106502Z] Closed probe probe-001 (RECEIPT)
[2026-09-18T06:45:22.107023Z] Closed probe-001 via receipt
[2026-09-18T06:45:22.107918Z] === Cycle complete, pending=1 ===
[2026-09-18T06:45:52.108588Z] === Watch cycle start ===
[2026-09-18T06:45:52.113557Z] Registered new inbound task: probe-001
[2026-09-18T06:45:52.114521Z] Closed probe probe-001 (RECEIPT)
[2026-09-18T06:45:52.114949Z] Closed probe-001 via receipt
[2026-09-18T06:45:52.115809Z] === Cycle complete, pending=1 ===
[2026-09-18T06:46:22.117827Z] === Watch cycle start ===
[2026-09-18T06:46:22.122005Z] Registered new inbound task: probe-001
[2026-09-18T06:46:22.123263Z] Closed probe probe-001 (RECEIPT)
[2026-09-18T06:46:22.123792Z] Closed probe-001 via receipt
[2026-09-18T06:46:22.125054Z] === Cycle complete, pending=1 ===
[2026-09-18T06:46:52.127834Z] === Watch cycle start ===
[2026-09-18T06:46:52.133582Z] Registered new inbound task: probe-001
[2026-09-18T06:46:52.134585Z] Closed probe probe-001 (RECEIPT)
[2026-09-18T06:46:52.135095Z] Closed probe-001 via receipt
[2026-09-18T06:46:52.135998Z] === Cycle complete, pending=1 ===
[2026-09-18T06:47:22.136650Z] === Watch cycle start ===
[2026-09-18T06:47:22.140384Z] Registered new inbound task: probe-001
[2026-09-18T06:47:22.141409Z] Closed probe probe-001 (RECEIPT)
[2026-09-18T06:47:22.141866Z] Closed probe-001 via receipt
[2026-09-18T06:47:22.142958Z] === Cycle complete, pending=1 ===
[2026-09-18T06:47:52.145235Z] === Watch cycle start ===
[2026-09-18T06:47:52.153858Z] Registered new inbound task: probe-001
[2026-09-18T06:47:52.155310Z] Closed probe probe-001 (RECEIPT)
[2026-09-18T06:47:52.155836Z] Closed probe-001 via receipt
[2026-09-18T06:47:52.157004Z] === Cycle complete, pending=1 ===
[2026-09-18T06:48:22.157666Z] === Watch cycle start ===
[2026-09-18T06:48:22.162263Z] Registered new inbound task: probe-001
[2026-09-18T06:48:22.163389Z] Closed probe probe-001 (RECEIPT)
[2026-09-18T06:48:22.164152Z] Closed probe-001 via receipt
[2026-09-18T06:48:22.171751Z] === Cycle complete, pending=1 ===
[2026-09-18T06:48:52.175608Z] === Watch cycle start ===
[2026-09-18T06:48:52.191427Z] Registered new inbound task: probe-001
[2026-09-18T06:48:52.195636Z] Closed probe probe-001 (RECEIPT)
[2026-09-18T06:48:52.196400Z] Closed probe-001 via receipt
[2026-09-18T06:48:52.197835Z] === Cycle complete, pending=1 ===
[2026-09-18T06:49:22.198747Z] === Watch cycle start ===
[2026-09-18T06:49:22.202423Z] Registered new inbound task: probe-001
[2026-09-18T06:49:22.203484Z] Closed probe probe-001 (RECEIPT)
[2026-09-18T06:49:22.203979Z] Closed probe-001 via receipt
[2026-09-18T06:49:22.204864Z] === Cycle complete, pending=1 ===
[2026-09-18T06:49:52.205804Z] === Watch cycle start ===
[2026-09-18T06:49:52.210186Z] Registered new inbound task: probe-001
[2026-09-18T06:49:52.211194Z] Closed probe probe-001 (RECEIPT)
[2026-09-18T06:49:52.211636Z] Closed probe-001 via receipt
[2026-09-18T06:49:52.212954Z] === Cycle complete, pending=1 ===
[2026-09-18T06:50:22.216551Z] === Watch cycle start ===
[2026-09-18T06:50:22.220297Z] Registered new inbound task: probe-001
[2026-09-18T06:50:22.221369Z] Closed probe probe-001 (RECEIPT)
[2026-09-18T06:50:22.221848Z] Closed probe-001 via receipt
[2026-09-18T06:50:22.223021Z] === Cycle complete, pending=1 ===
[2026-09-18T06:50:52.223766Z] === Watch cycle start ===
[2026-09-18T06:50:52.228149Z] Registered new inbound task: probe-001
[2026-09-18T06:50:52.231975Z] Closed probe probe-001 (RECEIPT)
[2026-09-18T06:50:52.232969Z] Closed probe-001 via receipt
[2026-09-18T06:50:52.237848Z] === Cycle complete, pending=1 ===
[2026-09-18T06:51:22.238738Z] === Watch cycle start ===
[2026-09-18T06:51:22.246941Z] Registered new inbound task: probe-001
[2026-09-18T06:51:22.249000Z] Closed probe probe-001 (RECEIPT)
[2026-09-18T06:51:22.250857Z] Closed probe-001 via receipt
[2026-09-18T06:51:22.252034Z] === Cycle complete, pending=1 ===
[2026-09-18T06:51:52.254283Z] === Watch cycle start ===
[2026-09-18T06:51:52.269880Z] Registered new inbound task: probe-001
[2026-09-18T06:51:52.277749Z] Closed probe probe-001 (RECEIPT)
[2026-09-18T06:51:52.285210Z] Closed probe-001 via receipt
[2026-09-18T06:51:52.287736Z] === Cycle complete, pending=1 ===
[2026-09-18T06:52:22.290239Z] === Watch cycle start ===
[2026-09-18T06:52:22.294253Z] Registered new inbound task: probe-001
[2026-09-18T06:52:22.295303Z] Closed probe probe-001 (RECEIPT)
[2026-09-18T06:52:22.295831Z] Closed probe-001 via receipt
[2026-09-18T06:52:22.297203Z] === Cycle complete, pending=1 ===
[2026-09-18T06:52:52.301182Z] === Watch cycle start ===
[2026-09-18T06:52:52.305048Z] Registered new inbound task: probe-001
[2026-09-18T06:52:52.306039Z] Closed probe probe-001 (RECEIPT)
[2026-09-18T06:52:52.306515Z] Closed probe-001 via receipt
[2026-09-18T06:52:52.307421Z] === Cycle complete, pending=1 ===
[2026-09-18T06:53:22.308727Z] === Watch cycle start ===
[2026-09-18T06:53:22.313306Z] Registered new inbound task: probe-001
[2026-09-18T06:53:22.314387Z] Closed probe probe-001 (RECEIPT)
[2026-09-18T06:53:22.315136Z] Closed probe-001 via receipt
[2026-09-18T06:53:22.317833Z] === Cycle complete, pending=1 ===
[2026-09-18T06:53:52.318886Z] === Watch cycle start ===
[2026-09-18T06:53:52.324650Z] Registered new inbound task: probe-001
[2026-09-18T06:53:52.326021Z] Closed probe probe-001 (RECEIPT)
[2026-09-18T06:53:52.326689Z] Closed probe-001 via receipt
[2026-09-18T06:53:52.327999Z] === Cycle complete, pending=1 ===
[2026-09-18T06:54:22.328808Z] === Watch cycle start ===
[2026-09-18T06:54:22.336938Z] Registered new inbound task: probe-001
[2026-09-18T06:54:22.340923Z] Closed probe probe-001 (RECEIPT)
[2026-09-18T06:54:22.341467Z] Closed probe-001 via receipt
[2026-09-18T06:54:22.342466Z] === Cycle complete, pending=1 ===
[2026-09-18T06:54:52.343285Z] === Watch cycle start ===
[2026-09-18T06:54:52.347424Z] Registered new inbound task: probe-001
[2026-09-18T06:54:52.348413Z] Closed probe probe-001 (RECEIPT)
[2026-09-18T06:54:52.348843Z] Closed probe-001 via receipt
[2026-09-18T06:54:52.349814Z] === Cycle complete, pending=1 ===
[2026-09-18T06:55:22.350478Z] === Watch cycle start ===
[2026-09-18T06:55:22.354117Z] Registered new inbound task: probe-001
[2026-09-18T06:55:22.355124Z] Closed probe probe-001 (RECEIPT)
[2026-09-18T06:55:22.355591Z] Closed probe-001 via receipt
[2026-09-18T06:55:22.356475Z] === Cycle complete, pending=1 ===
[2026-09-18T06:55:52.357192Z] === Watch cycle start ===
[2026-09-18T06:55:52.364102Z] Registered new inbound task: probe-001
[2026-09-18T06:55:52.365163Z] Closed probe probe-001 (RECEIPT)
[2026-09-18T06:55:52.365909Z] Closed probe-001 via receipt
[2026-09-18T06:55:52.366845Z] === Cycle complete, pending=1 ===
[2026-09-18T06:56:22.367614Z] === Watch cycle start ===
[2026-09-18T06:56:22.371421Z] Registered new inbound task: probe-001
[2026-09-18T06:56:22.372451Z] Closed probe probe-001 (RECEIPT)
[2026-09-18T06:56:22.372917Z] Closed probe-001 via receipt
[2026-09-18T06:56:22.373813Z] === Cycle complete, pending=1 ===
[2026-09-18T06:56:52.374426Z] === Watch cycle start ===
[2026-09-18T06:56:52.381697Z] Registered new inbound task: probe-001
[2026-09-18T06:56:52.382705Z] Closed probe probe-001 (RECEIPT)
[2026-09-18T06:56:52.383151Z] Closed probe-001 via receipt
[2026-09-18T06:56:52.384020Z] === Cycle complete, pending=1 ===
[2026-09-18T06:57:22.385415Z] === Watch cycle start ===
[2026-09-18T06:57:22.390622Z] Registered new inbound task: probe-001
[2026-09-18T06:57:22.391752Z] Closed probe probe-001 (RECEIPT)
[2026-09-18T06:57:22.392311Z] Closed probe-001 via receipt
[2026-09-18T06:57:22.393291Z] === Cycle complete, pending=1 ===
[2026-09-18T06:57:52.394109Z] === Watch cycle start ===
[2026-09-18T06:57:52.402423Z] Registered new inbound task: probe-001
[2026-09-18T06:57:52.403466Z] Closed probe probe-001 (RECEIPT)
[2026-09-18T06:57:52.403947Z] Closed probe-001 via receipt
[2026-09-18T06:57:52.404971Z] === Cycle complete, pending=1 ===
[2026-09-18T06:58:22.405744Z] === Watch cycle start ===
[2026-09-18T06:58:22.409757Z] Registered new inbound task: probe-001
[2026-09-18T06:58:22.412314Z] Closed probe probe-001 (RECEIPT)
[2026-09-18T06:58:22.415765Z] Closed probe-001 via receipt
[2026-09-18T06:58:22.417074Z] === Cycle complete, pending=1 ===
[2026-09-18T06:58:52.420978Z] === Watch cycle start ===
[2026-09-18T06:58:52.425213Z] Registered new inbound task: probe-001
[2026-09-18T06:58:52.426186Z] Closed probe probe-001 (RECEIPT)
[2026-09-18T06:58:52.426611Z] Closed probe-001 via receipt
[2026-09-18T06:58:52.427503Z] === Cycle complete, pending=1 ===
[2026-09-18T06:59:22.428169Z] === Watch cycle start ===
[2026-09-18T06:59:22.431920Z] Registered new inbound task: probe-001
[2026-09-18T06:59:22.432959Z] Closed probe probe-001 (RECEIPT)
[2026-09-18T06:59:22.433652Z] Closed probe-001 via receipt
[2026-09-18T06:59:22.435904Z] === Cycle complete, pending=1 ===
[2026-09-18T06:59:52.437670Z] === Watch cycle start ===
[2026-09-18T06:59:52.446812Z] Registered new inbound task: probe-001
[2026-09-18T06:59:52.449610Z] Closed probe probe-001 (RECEIPT)
[2026-09-18T06:59:52.450180Z] Closed probe-001 via receipt
[2026-09-18T06:59:52.451185Z] === Cycle complete, pending=1 ===
[2026-09-18T07:00:22.451808Z] === Watch cycle start ===
[2026-09-18T07:00:22.456059Z] Registered new inbound task: probe-001
[2026-09-18T07:00:22.457104Z] Closed probe probe-001 (RECEIPT)
[2026-09-18T07:00:22.457584Z] Closed probe-001 via receipt
[2026-09-18T07:00:22.458459Z] === Cycle complete, pending=1 ===
[2026-09-18T07:00:52.459107Z] === Watch cycle start ===
[2026-09-18T07:00:52.464065Z] Registered new inbound task: probe-001
[2026-09-18T07:00:52.465043Z] Closed probe probe-001 (RECEIPT)
[2026-09-18T07:00:52.465504Z] Closed probe-001 via receipt
[2026-09-18T07:00:52.466408Z] === Cycle complete, pending=1 ===
[2026-09-18T07:01:22.467044Z] === Watch cycle start ===
[2026-09-18T07:01:22.477124Z] Registered new inbound task: probe-001
[2026-09-18T07:01:22.478847Z] Closed probe probe-001 (RECEIPT)
[2026-09-18T07:01:22.484598Z] Closed probe-001 via receipt
[2026-09-18T07:01:22.487968Z] === Cycle complete, pending=1 ===
[2026-09-18T07:01:52.491821Z] === Watch cycle start ===
[2026-09-18T07:01:52.501114Z] Registered new inbound task: probe-001
[2026-09-18T07:01:52.502548Z] Closed probe probe-001 (RECEIPT)
[2026-09-18T07:01:52.503216Z] Closed probe-001 via receipt
[2026-09-18T07:01:52.504553Z] === Cycle complete, pending=1 ===
[2026-09-18T07:02:22.505377Z] === Watch cycle start ===
[2026-09-18T07:02:22.509002Z] Registered new inbound task: probe-001
[2026-09-18T07:02:22.512153Z] Closed probe probe-001 (RECEIPT)
[2026-09-18T07:02:22.515983Z] Closed probe-001 via receipt
[2026-09-18T07:02:22.517100Z] === Cycle complete, pending=1 ===
[2026-09-18T07:02:52.521216Z] === Watch cycle start ===
[2026-09-18T07:02:52.529039Z] Registered new inbound task: probe-001
[2026-09-18T07:02:52.530068Z] Closed probe probe-001 (RECEIPT)
[2026-09-18T07:02:52.530535Z] Closed probe-001 via receipt
[2026-09-18T07:02:52.531452Z] === Cycle complete, pending=1 ===
[2026-09-18T07:03:22.532097Z] === Watch cycle start ===
[2026-09-18T07:03:22.535969Z] Registered new inbound task: probe-001
[2026-09-18T07:03:22.539140Z] Closed probe probe-001 (RECEIPT)
[2026-09-18T07:03:22.539851Z] Closed probe-001 via receipt
[2026-09-18T07:03:22.541057Z] === Cycle complete, pending=1 ===
[2026-09-18T07:03:52.542835Z] === Watch cycle start ===
[2026-09-18T07:03:52.551313Z] Registered new inbound task: probe-001
[2026-09-18T07:03:52.552729Z] Closed probe probe-001 (RECEIPT)
[2026-09-18T07:03:52.553434Z] Closed probe-001 via receipt
[2026-09-18T07:03:52.554870Z] === Cycle complete, pending=1 ===
[2026-09-18T07:04:22.558140Z] === Watch cycle start ===
[2026-09-18T07:04:22.562469Z] Registered new inbound task: probe-001
[2026-09-18T07:04:22.563707Z] Closed probe probe-001 (RECEIPT)
[2026-09-18T07:04:22.564267Z] Closed probe-001 via receipt
[2026-09-18T07:04:22.565273Z] === Cycle complete, pending=1 ===
[2026-09-18T07:04:52.566120Z] === Watch cycle start ===
[2026-09-18T07:04:52.574112Z] Registered new inbound task: probe-001
[2026-09-18T07:04:52.575321Z] Closed probe probe-001 (RECEIPT)
[2026-09-18T07:04:52.575891Z] Closed probe-001 via receipt
[2026-09-18T07:04:52.576839Z] === Cycle complete, pending=1 ===
[2026-09-18T07:05:22.578468Z] === Watch cycle start ===
[2026-09-18T07:05:22.582010Z] Registered new inbound task: probe-001
[2026-09-18T07:05:22.583032Z] Closed probe probe-001 (RECEIPT)
[2026-09-18T07:05:22.583511Z] Closed probe-001 via receipt
[2026-09-18T07:05:22.584403Z] === Cycle complete, pending=1 ===
[2026-09-18T07:05:52.585377Z] === Watch cycle start ===
[2026-09-18T07:05:52.591745Z] Registered new inbound task: probe-001
[2026-09-18T07:05:52.592860Z] Closed probe probe-001 (RECEIPT)
[2026-09-18T07:05:52.593368Z] Closed probe-001 via receipt
[2026-09-18T07:05:52.594386Z] === Cycle complete, pending=1 ===
[2026-09-18T07:06:22.596033Z] === Watch cycle start ===
[2026-09-18T07:06:22.601852Z] Registered new inbound task: probe-001
[2026-09-18T07:06:22.603353Z] Closed probe probe-001 (RECEIPT)
[2026-09-18T07:06:22.609735Z] Closed probe-001 via receipt
[2026-09-18T07:06:22.612536Z] === Cycle complete, pending=1 ===
[2026-09-18T07:06:52.617531Z] === Watch cycle start ===
[2026-09-18T07:06:52.622233Z] Registered new inbound task: probe-001
[2026-09-18T07:06:52.623299Z] Closed probe probe-001 (RECEIPT)
[2026-09-18T07:06:52.623781Z] Closed probe-001 via receipt
[2026-09-18T07:06:52.624731Z] === Cycle complete, pending=1 ===
[2026-09-18T07:07:22.625462Z] === Watch cycle start ===
[2026-09-18T07:07:22.631070Z] Registered new inbound task: probe-001
[2026-09-18T07:07:22.632135Z] Closed probe probe-001 (RECEIPT)
[2026-09-18T07:07:22.632593Z] Closed probe-001 via receipt
[2026-09-18T07:07:22.633486Z] === Cycle complete, pending=1 ===
[2026-09-18T07:07:52.634145Z] === Watch cycle start ===
[2026-09-18T07:07:52.638633Z] Registered new inbound task: probe-001
[2026-09-18T07:07:52.639943Z] Closed probe probe-001 (RECEIPT)
[2026-09-18T07:07:52.641019Z] Closed probe-001 via receipt
[2026-09-18T07:07:52.642268Z] === Cycle complete, pending=1 ===
[2026-09-18T07:08:22.643447Z] === Watch cycle start ===
[2026-09-18T07:08:22.646787Z] Registered new inbound task: probe-001
[2026-09-18T07:08:22.647843Z] Closed probe probe-001 (RECEIPT)
[2026-09-18T07:08:22.648306Z] Closed probe-001 via receipt
[2026-09-18T07:08:22.649485Z] === Cycle complete, pending=1 ===
[2026-09-18T07:08:52.652400Z] === Watch cycle start ===
[2026-09-18T07:08:52.660503Z] Registered new inbound task: probe-001
[2026-09-18T07:08:52.662001Z] Closed probe probe-001 (RECEIPT)
[2026-09-18T07:08:52.663324Z] Closed probe-001 via receipt
[2026-09-18T07:08:52.664223Z] === Cycle complete, pending=1 ===
[2026-09-18T07:09:22.666242Z] === Watch cycle start ===
[2026-09-18T07:09:22.671021Z] Registered new inbound task: probe-001
[2026-09-18T07:09:22.672420Z] Closed probe probe-001 (RECEIPT)
[2026-09-18T07:09:22.673096Z] Closed probe-001 via receipt
[2026-09-18T07:09:22.674411Z] === Cycle complete, pending=1 ===
[2026-09-18T07:09:52.675845Z] === Watch cycle start ===
[2026-09-18T07:09:52.681115Z] Registered new inbound task: probe-001
[2026-09-18T07:09:52.682145Z] Closed probe probe-001 (RECEIPT)
[2026-09-18T07:09:52.682648Z] Closed probe-001 via receipt
[2026-09-18T07:09:52.683655Z] === Cycle complete, pending=1 ===
[2026-09-18T07:10:22.684315Z] === Watch cycle start ===
[2026-09-18T07:10:22.688055Z] Registered new inbound task: probe-001
[2026-09-18T07:10:22.689090Z] Closed probe probe-001 (RECEIPT)
[2026-09-18T07:10:22.689566Z] Closed probe-001 via receipt
[2026-09-18T07:10:22.690532Z] === Cycle complete, pending=1 ===
[2026-09-18T07:10:52.691327Z] === Watch cycle start ===
[2026-09-18T07:10:52.698309Z] Registered new inbound task: probe-001
[2026-09-18T07:10:52.702963Z] Closed probe probe-001 (RECEIPT)
[2026-09-18T07:10:52.703510Z] Closed probe-001 via receipt
[2026-09-18T07:10:52.704437Z] === Cycle complete, pending=1 ===
[2026-09-18T07:11:22.706994Z] === Watch cycle start ===
[2026-09-18T07:11:22.715322Z] Registered new inbound task: probe-001
[2026-09-18T07:11:22.716422Z] Closed probe probe-001 (RECEIPT)
[2026-09-18T07:11:22.716964Z] Closed probe-001 via receipt
[2026-09-18T07:11:22.717907Z] === Cycle complete, pending=1 ===
[2026-09-18T07:11:52.718582Z] === Watch cycle start ===
[2026-09-18T07:11:52.727056Z] Registered new inbound task: probe-001
[2026-09-18T07:11:52.728498Z] Closed probe probe-001 (RECEIPT)
[2026-09-18T07:11:52.729038Z] Closed probe-001 via receipt
[2026-09-18T07:11:52.730155Z] === Cycle complete, pending=1 ===
[2026-09-18T07:12:22.730971Z] === Watch cycle start ===
[2026-09-18T07:12:22.734564Z] Registered new inbound task: probe-001
[2026-09-18T07:12:22.736295Z] Closed probe probe-001 (RECEIPT)
[2026-09-18T07:12:22.737003Z] Closed probe-001 via receipt
[2026-09-18T07:12:22.738067Z] === Cycle complete, pending=1 ===
[2026-09-18T07:12:52.739817Z] === Watch cycle start ===
[2026-09-18T07:12:52.749690Z] Registered new inbound task: probe-001
[2026-09-18T07:12:52.751099Z] Closed probe probe-001 (RECEIPT)
[2026-09-18T07:12:52.751685Z] Closed probe-001 via receipt
[2026-09-18T07:12:52.752980Z] === Cycle complete, pending=1 ===
[2026-09-18T07:13:22.753843Z] === Watch cycle start ===
[2026-09-18T07:13:22.757663Z] Registered new inbound task: probe-001
[2026-09-18T07:13:22.758721Z] Closed probe probe-001 (RECEIPT)
[2026-09-18T07:13:22.759213Z] Closed probe-001 via receipt
[2026-09-18T07:13:22.760189Z] === Cycle complete, pending=1 ===
[2026-09-18T07:13:52.761662Z] === Watch cycle start ===
[2026-09-18T07:13:52.768261Z] Registered new inbound task: probe-001
[2026-09-18T07:13:52.769225Z] Closed probe probe-001 (RECEIPT)
[2026-09-18T07:13:52.769715Z] Closed probe-001 via receipt
[2026-09-18T07:13:52.770940Z] === Cycle complete, pending=1 ===
[2026-09-18T07:14:22.775558Z] === Watch cycle start ===
[2026-09-18T07:14:22.786768Z] Registered new inbound task: probe-001
[2026-09-18T07:14:22.792829Z] Closed probe probe-001 (RECEIPT)
[2026-09-18T07:14:22.793875Z] Closed probe-001 via receipt
[2026-09-18T07:14:22.796972Z] === Cycle complete, pending=1 ===
[2026-09-18T07:14:52.798969Z] === Watch cycle start ===
[2026-09-18T07:14:52.816798Z] Registered new inbound task: probe-001
[2026-09-18T07:14:52.819505Z] Closed probe probe-001 (RECEIPT)
[2026-09-18T07:14:52.824582Z] Closed probe-001 via receipt
[2026-09-18T07:14:52.825872Z] === Cycle complete, pending=1 ===
[2026-09-18T07:15:22.833917Z] === Watch cycle start ===
[2026-09-18T07:15:22.839231Z] Registered new inbound task: probe-001
[2026-09-18T07:15:22.840670Z] Closed probe probe-001 (RECEIPT)
[2026-09-18T07:15:22.841208Z] Closed probe-001 via receipt
[2026-09-18T07:15:22.842171Z] === Cycle complete, pending=1 ===
[2026-09-18T07:15:52.842800Z] === Watch cycle start ===
[2026-09-18T07:15:52.852915Z] Registered new inbound task: probe-001
[2026-09-18T07:15:52.854272Z] Closed probe probe-001 (RECEIPT)
[2026-09-18T07:15:52.878169Z] Closed probe-001 via receipt
[2026-09-18T07:15:52.879242Z] === Cycle complete, pending=1 ===
[2026-09-18T07:16:22.880587Z] === Watch cycle start ===
[2026-09-18T07:16:22.884813Z] Registered new inbound task: probe-001
[2026-09-18T07:16:22.885950Z] Closed probe probe-001 (RECEIPT)
[2026-09-18T07:16:22.886472Z] Closed probe-001 via receipt
[2026-09-18T07:16:22.887496Z] === Cycle complete, pending=1 ===
[2026-09-18T07:16:52.888867Z] === Watch cycle start ===
[2026-09-18T07:16:52.895427Z] Registered new inbound task: probe-001
[2026-09-18T07:16:52.896863Z] Closed probe probe-001 (RECEIPT)
[2026-09-18T07:16:52.898808Z] Closed probe-001 via receipt
[2026-09-18T07:16:52.900511Z] === Cycle complete, pending=1 ===
[2026-09-18T07:17:22.901359Z] === Watch cycle start ===
[2026-09-18T07:17:22.904627Z] Registered new inbound task: probe-001
[2026-09-18T07:17:22.905655Z] Closed probe probe-001 (RECEIPT)
[2026-09-18T07:17:22.906152Z] Closed probe-001 via receipt
[2026-09-18T07:17:22.907056Z] === Cycle complete, pending=1 ===
[2026-09-18T07:17:52.907761Z] === Watch cycle start ===
[2026-09-18T07:17:52.912328Z] Registered new inbound task: probe-001
[2026-09-18T07:17:52.913363Z] Closed probe probe-001 (RECEIPT)
[2026-09-18T07:17:52.913975Z] Closed probe-001 via receipt
[2026-09-18T07:17:52.918151Z] === Cycle complete, pending=1 ===
[2026-09-18T07:18:22.919028Z] === Watch cycle start ===
[2026-09-18T07:18:22.922524Z] Registered new inbound task: probe-001
[2026-09-18T07:18:22.923567Z] Closed probe probe-001 (RECEIPT)
[2026-09-18T07:18:22.924034Z] Closed probe-001 via receipt
[2026-09-18T07:18:22.924946Z] === Cycle complete, pending=1 ===
[2026-09-18T07:18:52.928128Z] === Watch cycle start ===
[2026-09-18T07:18:52.937941Z] Registered new inbound task: probe-001
[2026-09-18T07:18:52.939974Z] Closed probe probe-001 (RECEIPT)
[2026-09-18T07:18:52.940551Z] Closed probe-001 via receipt
[2026-09-18T07:18:52.941552Z] === Cycle complete, pending=1 ===
[2026-09-18T07:19:22.943023Z] === Watch cycle start ===
[2026-09-18T07:19:22.947577Z] Registered new inbound task: probe-001
[2026-09-18T07:19:22.951133Z] Closed probe probe-001 (RECEIPT)
[2026-09-18T07:19:22.951862Z] Closed probe-001 via receipt
[2026-09-18T07:19:22.952447Z] STALE: soak-001 past deadline + 30min grace
[2026-09-18T07:19:22.953564Z] === Cycle complete, pending=0 ===
[2026-09-18T07:19:52.957044Z] === Watch cycle start ===
[2026-09-18T07:19:52.973986Z] Registered new inbound task: probe-001
[2026-09-18T07:19:52.974683Z] Registered new inbound task: soak-001
[2026-09-18T07:19:52.976256Z] Closed probe probe-001 (RECEIPT)
[2026-09-18T07:19:52.979531Z] Closed probe-001 via receipt
[2026-09-18T07:19:52.980766Z] === Cycle complete, pending=1 ===
[2026-09-18T07:20:22.981966Z] === Watch cycle start ===
[2026-09-18T07:20:22.993821Z] Registered new inbound task: probe-001
[2026-09-18T07:20:22.994855Z] Closed probe probe-001 (RECEIPT)
[2026-09-18T07:20:22.995334Z] Closed probe-001 via receipt
[2026-09-18T07:20:22.996211Z] === Cycle complete, pending=1 ===
[2026-09-18T07:20:52.996857Z] === Watch cycle start ===
[2026-09-18T07:20:53.003359Z] Registered new inbound task: probe-001
[2026-09-18T07:20:53.004582Z] Closed probe probe-001 (RECEIPT)
[2026-09-18T07:20:53.005055Z] Closed probe-001 via receipt
[2026-09-18T07:20:53.005919Z] === Cycle complete, pending=1 ===
[2026-09-18T07:21:23.006630Z] === Watch cycle start ===
[2026-09-18T07:21:23.010320Z] Registered new inbound task: probe-001
[2026-09-18T07:21:23.011824Z] Closed probe probe-001 (RECEIPT)
[2026-09-18T07:21:23.012326Z] Closed probe-001 via receipt
[2026-09-18T07:21:23.013211Z] === Cycle complete, pending=1 ===
[2026-09-18T07:21:53.014532Z] === Watch cycle start ===
[2026-09-18T07:21:53.027110Z] Registered new inbound task: probe-001
[2026-09-18T07:21:53.028276Z] Closed probe probe-001 (RECEIPT)
[2026-09-18T07:21:53.028932Z] Closed probe-001 via receipt
[2026-09-18T07:21:53.029950Z] === Cycle complete, pending=1 ===
[2026-09-18T07:22:23.031050Z] === Watch cycle start ===
[2026-09-18T07:22:23.037330Z] Registered new inbound task: probe-001
[2026-09-18T07:22:23.038447Z] Closed probe probe-001 (RECEIPT)
[2026-09-18T07:22:23.038936Z] Closed probe-001 via receipt
[2026-09-18T07:22:23.039847Z] === Cycle complete, pending=1 ===
[2026-09-18T07:22:53.040539Z] === Watch cycle start ===
[2026-09-18T07:22:53.046868Z] Registered new inbound task: probe-001
[2026-09-18T07:22:53.047884Z] Closed probe probe-001 (RECEIPT)
[2026-09-18T07:22:53.048349Z] Closed probe-001 via receipt
[2026-09-18T07:22:53.049347Z] === Cycle complete, pending=1 ===
[2026-09-18T07:23:23.050809Z] === Watch cycle start ===
[2026-09-18T07:23:23.059664Z] Registered new inbound task: probe-001
[2026-09-18T07:23:23.061058Z] Closed probe probe-001 (RECEIPT)
[2026-09-18T07:23:23.061778Z] Closed probe-001 via receipt
[2026-09-18T07:23:23.062990Z] === Cycle complete, pending=1 ===
[2026-09-18T07:23:53.063883Z] === Watch cycle start ===
[2026-09-18T07:23:53.069945Z] Registered new inbound task: probe-001
[2026-09-18T07:23:53.071099Z] Closed probe probe-001 (RECEIPT)
[2026-09-18T07:23:53.071567Z] Closed probe-001 via receipt
[2026-09-18T07:23:53.072733Z] === Cycle complete, pending=1 ===
[2026-09-18T07:24:23.075097Z] === Watch cycle start ===
[2026-09-18T07:24:23.078563Z] Registered new inbound task: probe-001
[2026-09-18T07:24:23.079603Z] Closed probe probe-001 (RECEIPT)
[2026-09-18T07:24:23.080099Z] Closed probe-001 via receipt
[2026-09-18T07:24:23.081036Z] === Cycle complete, pending=1 ===
[2026-09-18T07:24:53.081666Z] === Watch cycle start ===
[2026-09-18T07:24:53.088396Z] Registered new inbound task: probe-001
[2026-09-18T07:24:53.089434Z] Closed probe probe-001 (RECEIPT)
[2026-09-18T07:24:53.090088Z] Closed probe-001 via receipt
[2026-09-18T07:24:53.091011Z] === Cycle complete, pending=1 ===
[2026-09-18T07:25:23.091583Z] === Watch cycle start ===
[2026-09-18T07:25:23.095241Z] Registered new inbound task: probe-001
[2026-09-18T07:25:23.096247Z] Closed probe probe-001 (RECEIPT)
[2026-09-18T07:25:23.096717Z] Closed probe-001 via receipt
[2026-09-18T07:25:23.098036Z] === Cycle complete, pending=1 ===
[2026-09-18T07:25:53.099041Z] === Watch cycle start ===
[2026-09-18T07:25:53.104406Z] Registered new inbound task: probe-001
[2026-09-18T07:25:53.105373Z] Closed probe probe-001 (RECEIPT)
[2026-09-18T07:25:53.105895Z] Closed probe-001 via receipt
[2026-09-18T07:25:53.106942Z] === Cycle complete, pending=1 ===
[2026-09-18T07:26:23.108287Z] === Watch cycle start ===
[2026-09-18T07:26:23.113577Z] Registered new inbound task: probe-001
[2026-09-18T07:26:23.114876Z] Closed probe probe-001 (RECEIPT)
[2026-09-18T07:26:23.115443Z] Closed probe-001 via receipt
[2026-09-18T07:26:23.116411Z] === Cycle complete, pending=1 ===
[2026-09-18T07:26:53.117165Z] === Watch cycle start ===
[2026-09-18T07:26:53.127982Z] Registered new inbound task: probe-001
[2026-09-18T07:26:53.131542Z] Closed probe probe-001 (RECEIPT)
[2026-09-18T07:26:53.135534Z] Closed probe-001 via receipt
[2026-09-18T07:26:53.136665Z] === Cycle complete, pending=1 ===
[2026-09-18T07:27:23.142741Z] === Watch cycle start ===
[2026-09-18T07:27:23.153695Z] Registered new inbound task: probe-001
[2026-09-18T07:27:23.158398Z] Closed probe probe-001 (RECEIPT)
[2026-09-18T07:27:23.163322Z] Closed probe-001 via receipt
[2026-09-18T07:27:23.167654Z] === Cycle complete, pending=1 ===
[2026-09-18T07:27:53.169629Z] === Watch cycle start ===
[2026-09-18T07:27:53.177363Z] Registered new inbound task: probe-001
[2026-09-18T07:27:53.180019Z] Closed probe probe-001 (RECEIPT)
[2026-09-18T07:27:53.183253Z] Closed probe-001 via receipt
[2026-09-18T07:27:53.187289Z] === Cycle complete, pending=1 ===
[2026-09-18T07:28:23.194173Z] === Watch cycle start ===
[2026-09-18T07:28:23.202745Z] Registered new inbound task: probe-001
[2026-09-18T07:28:23.204291Z] Closed probe probe-001 (RECEIPT)
[2026-09-18T07:28:23.204960Z] Closed probe-001 via receipt
[2026-09-18T07:28:23.206200Z] === Cycle complete, pending=1 ===
[2026-09-18T07:28:53.206995Z] === Watch cycle start ===
[2026-09-18T07:28:53.214184Z] Registered new inbound task: probe-001
[2026-09-18T07:28:53.215352Z] Closed probe probe-001 (RECEIPT)
[2026-09-18T07:28:53.215894Z] Closed probe-001 via receipt
[2026-09-18T07:28:53.216869Z] === Cycle complete, pending=1 ===
[2026-09-18T07:29:23.217582Z] === Watch cycle start ===
[2026-09-18T07:29:23.220941Z] Registered new inbound task: probe-001
[2026-09-18T07:29:23.221979Z] Closed probe probe-001 (RECEIPT)
[2026-09-18T07:29:23.222468Z] Closed probe-001 via receipt
[2026-09-18T07:29:23.223379Z] === Cycle complete, pending=1 ===
[2026-09-18T07:29:53.224062Z] === Watch cycle start ===
[2026-09-18T07:29:53.229136Z] Registered new inbound task: probe-001
[2026-09-18T07:29:53.230578Z] Closed probe probe-001 (RECEIPT)
[2026-09-18T07:29:53.231059Z] Closed probe-001 via receipt
[2026-09-18T07:29:53.231916Z] === Cycle complete, pending=1 ===
[2026-09-18T07:30:23.232789Z] === Watch cycle start ===
[2026-09-18T07:30:23.239359Z] Registered new inbound task: probe-001
[2026-09-18T07:30:23.240564Z] Closed probe probe-001 (RECEIPT)
[2026-09-18T07:30:23.241099Z] Closed probe-001 via receipt
[2026-09-18T07:30:23.242045Z] === Cycle complete, pending=1 ===
[2026-09-18T07:30:53.242710Z] === Watch cycle start ===
[2026-09-18T07:30:53.249591Z] Registered new inbound task: probe-001
[2026-09-18T07:30:53.250641Z] Closed probe probe-001 (RECEIPT)
[2026-09-18T07:30:53.251123Z] Closed probe-001 via receipt
[2026-09-18T07:30:53.252030Z] === Cycle complete, pending=1 ===
[2026-09-18T07:31:23.252868Z] === Watch cycle start ===
[2026-09-18T07:31:23.256449Z] Registered new inbound task: probe-001
[2026-09-18T07:31:23.257437Z] Closed probe probe-001 (RECEIPT)
[2026-09-18T07:31:23.257948Z] Closed probe-001 via receipt
[2026-09-18T07:31:23.258828Z] === Cycle complete, pending=1 ===
[2026-09-18T07:31:53.259434Z] === Watch cycle start ===
[2026-09-18T07:31:53.270566Z] Registered new inbound task: probe-001
[2026-09-18T07:31:53.271929Z] Closed probe probe-001 (RECEIPT)
[2026-09-18T07:31:53.272602Z] Closed probe-001 via receipt
[2026-09-18T07:31:53.273873Z] === Cycle complete, pending=1 ===
[2026-09-18T07:32:23.274807Z] === Watch cycle start ===
[2026-09-18T07:32:23.282567Z] Registered new inbound task: probe-001
[2026-09-18T07:32:23.287549Z] Closed probe probe-001 (RECEIPT)
[2026-09-18T07:32:23.288088Z] Closed probe-001 via receipt
[2026-09-18T07:32:23.289055Z] === Cycle complete, pending=1 ===
[2026-09-18T07:32:53.290699Z] === Watch cycle start ===
[2026-09-18T07:32:53.300199Z] Registered new inbound task: probe-001
[2026-09-18T07:32:53.301266Z] Closed probe probe-001 (RECEIPT)
[2026-09-18T07:32:53.301838Z] Closed probe-001 via receipt
[2026-09-18T07:32:53.303022Z] === Cycle complete, pending=1 ===
[2026-09-18T07:33:23.303970Z] === Watch cycle start ===
[2026-09-18T07:33:23.307841Z] Registered new inbound task: probe-001
[2026-09-18T07:33:23.309330Z] Closed probe probe-001 (RECEIPT)
[2026-09-18T07:33:23.310648Z] Closed probe-001 via receipt
[2026-09-18T07:33:23.312325Z] === Cycle complete, pending=1 ===
[2026-09-18T07:33:53.314044Z] === Watch cycle start ===
[2026-09-18T07:33:53.323077Z] Registered new inbound task: probe-001
[2026-09-18T07:33:53.324410Z] Closed probe probe-001 (RECEIPT)
[2026-09-18T07:33:53.327736Z] Closed probe-001 via receipt
[2026-09-18T07:33:53.329144Z] === Cycle complete, pending=1 ===
[2026-09-18T07:34:23.330168Z] === Watch cycle start ===
[2026-09-18T07:34:23.337661Z] Registered new inbound task: probe-001
[2026-09-18T07:34:23.339006Z] Closed probe probe-001 (RECEIPT)
[2026-09-18T07:34:23.339559Z] Closed probe-001 via receipt
[2026-09-18T07:34:23.340701Z] === Cycle complete, pending=1 ===
[2026-09-18T07:34:53.341478Z] === Watch cycle start ===
[2026-09-18T07:34:53.348221Z] Registered new inbound task: probe-001
[2026-09-18T07:34:53.349210Z] Closed probe probe-001 (RECEIPT)
[2026-09-18T07:34:53.349657Z] Closed probe-001 via receipt
[2026-09-18T07:34:53.350829Z] === Cycle complete, pending=1 ===
[2026-09-18T07:35:23.353378Z] === Watch cycle start ===
[2026-09-18T07:35:23.360482Z] Registered new inbound task: probe-001
[2026-09-18T07:35:23.361551Z] Closed probe probe-001 (RECEIPT)
[2026-09-18T07:35:23.362054Z] Closed probe-001 via receipt
[2026-09-18T07:35:23.363127Z] === Cycle complete, pending=1 ===
[2026-09-18T07:35:53.364633Z] === Watch cycle start ===
[2026-09-18T07:35:53.369761Z] Registered new inbound task: probe-001
[2026-09-18T07:35:53.370763Z] Closed probe probe-001 (RECEIPT)
[2026-09-18T07:35:53.371225Z] Closed probe-001 via receipt
[2026-09-18T07:35:53.372080Z] === Cycle complete, pending=1 ===
[2026-09-18T07:36:23.372854Z] === Watch cycle start ===
[2026-09-18T07:36:23.376203Z] Registered new inbound task: probe-001
[2026-09-18T07:36:23.377481Z] Closed probe probe-001 (RECEIPT)
[2026-09-18T07:36:23.378565Z] Closed probe-001 via receipt
[2026-09-18T07:36:23.379911Z] === Cycle complete, pending=1 ===
[2026-09-18T07:36:53.381335Z] === Watch cycle start ===
[2026-09-18T07:36:53.386962Z] Registered new inbound task: probe-001
[2026-09-18T07:36:53.388115Z] Closed probe probe-001 (RECEIPT)
[2026-09-18T07:36:53.388617Z] Closed probe-001 via receipt
[2026-09-18T07:36:53.389647Z] === Cycle complete, pending=1 ===
[2026-09-18T07:37:23.390847Z] === Watch cycle start ===
[2026-09-18T07:37:23.394396Z] Registered new inbound task: probe-001
[2026-09-18T07:37:23.395411Z] Closed probe probe-001 (RECEIPT)
[2026-09-18T07:37:23.395908Z] Closed probe-001 via receipt
[2026-09-18T07:37:23.396775Z] === Cycle complete, pending=1 ===
[2026-09-18T07:37:53.397413Z] === Watch cycle start ===
[2026-09-18T07:37:53.401680Z] Registered new inbound task: probe-001
[2026-09-18T07:37:53.402938Z] Closed probe probe-001 (RECEIPT)
[2026-09-18T07:37:53.404987Z] Closed probe-001 via receipt
[2026-09-18T07:37:53.410965Z] === Cycle complete, pending=1 ===
[2026-09-18T07:38:23.416873Z] === Watch cycle start ===
[2026-09-18T07:38:23.420094Z] Registered new inbound task: probe-001
[2026-09-18T07:38:23.421040Z] Closed probe probe-001 (RECEIPT)
[2026-09-18T07:38:23.421463Z] Closed probe-001 via receipt
[2026-09-18T07:38:23.422377Z] === Cycle complete, pending=1 ===
[2026-09-18T07:38:53.423423Z] === Watch cycle start ===
[2026-09-18T07:38:53.429550Z] Registered new inbound task: probe-001
[2026-09-18T07:38:53.430617Z] Closed probe probe-001 (RECEIPT)
[2026-09-18T07:38:53.431102Z] Closed probe-001 via receipt
[2026-09-18T07:38:53.431964Z] === Cycle complete, pending=1 ===
[2026-09-18T07:39:23.432806Z] === Watch cycle start ===
[2026-09-18T07:39:23.436345Z] Registered new inbound task: probe-001
[2026-09-18T07:39:23.437489Z] Closed probe probe-001 (RECEIPT)
[2026-09-18T07:39:23.438110Z] Closed probe-001 via receipt
[2026-09-18T07:39:23.438980Z] === Cycle complete, pending=1 ===
[2026-09-18T07:39:53.439562Z] === Watch cycle start ===
[2026-09-18T07:39:53.446336Z] Registered new inbound task: probe-001
[2026-09-18T07:39:53.447456Z] Closed probe probe-001 (RECEIPT)
[2026-09-18T07:39:53.448015Z] Closed probe-001 via receipt
[2026-09-18T07:39:53.449028Z] === Cycle complete, pending=1 ===
[2026-09-18T07:40:23.449803Z] === Watch cycle start ===
[2026-09-18T07:40:23.453335Z] Registered new inbound task: probe-001
[2026-09-18T07:40:23.454461Z] Closed probe probe-001 (RECEIPT)
[2026-09-18T07:40:23.454957Z] Closed probe-001 via receipt
[2026-09-18T07:40:23.456085Z] === Cycle complete, pending=1 ===
[2026-09-18T07:40:53.457114Z] === Watch cycle start ===
[2026-09-18T07:40:53.467729Z] Registered new inbound task: probe-001
[2026-09-18T07:40:53.469141Z] Closed probe probe-001 (RECEIPT)
[2026-09-18T07:40:53.469743Z] Closed probe-001 via receipt
[2026-09-18T07:40:53.471018Z] === Cycle complete, pending=1 ===
[2026-09-18T07:41:23.472104Z] === Watch cycle start ===
[2026-09-18T07:41:23.476533Z] Registered new inbound task: probe-001
[2026-09-18T07:41:23.479098Z] Closed probe probe-001 (RECEIPT)
[2026-09-18T07:41:23.483431Z] Closed probe-001 via receipt
[2026-09-18T07:41:23.489905Z] === Cycle complete, pending=1 ===
[2026-09-18T07:41:53.493527Z] === Watch cycle start ===
[2026-09-18T07:41:53.499440Z] Registered new inbound task: probe-001
[2026-09-18T07:41:53.500852Z] Closed probe probe-001 (RECEIPT)
[2026-09-18T07:41:53.501454Z] Closed probe-001 via receipt
[2026-09-18T07:41:53.502632Z] === Cycle complete, pending=1 ===
[2026-09-18T07:42:23.503849Z] === Watch cycle start ===
[2026-09-18T07:42:23.511262Z] Registered new inbound task: probe-001
[2026-09-18T07:42:23.512337Z] Closed probe probe-001 (RECEIPT)
[2026-09-18T07:42:23.512853Z] Closed probe-001 via receipt
[2026-09-18T07:42:23.513845Z] === Cycle complete, pending=1 ===
[2026-09-18T07:42:53.515066Z] === Watch cycle start ===
[2026-09-18T07:42:53.521275Z] Registered new inbound task: probe-001
[2026-09-18T07:42:53.522473Z] Closed probe probe-001 (RECEIPT)
[2026-09-18T07:42:53.524989Z] Closed probe-001 via receipt
[2026-09-18T07:42:53.526108Z] === Cycle complete, pending=1 ===
[2026-09-18T07:43:23.527067Z] === Watch cycle start ===
[2026-09-18T07:43:23.532216Z] Registered new inbound task: probe-001
[2026-09-18T07:43:23.533481Z] Closed probe probe-001 (RECEIPT)
[2026-09-18T07:43:23.533986Z] Closed probe-001 via receipt
[2026-09-18T07:43:23.534962Z] === Cycle complete, pending=1 ===
[2026-09-18T07:43:53.536492Z] === Watch cycle start ===
[2026-09-18T07:43:53.556041Z] Registered new inbound task: probe-001
[2026-09-18T07:43:53.557473Z] Closed probe probe-001 (RECEIPT)
[2026-09-18T07:43:53.558221Z] Closed probe-001 via receipt
[2026-09-18T07:43:53.559454Z] === Cycle complete, pending=1 ===
[2026-09-18T07:44:23.560150Z] === Watch cycle start ===
[2026-09-18T07:44:23.563455Z] Registered new inbound task: probe-001
[2026-09-18T07:44:23.564452Z] Closed probe probe-001 (RECEIPT)
[2026-09-18T07:44:23.564925Z] Closed probe-001 via receipt
[2026-09-18T07:44:23.565814Z] === Cycle complete, pending=1 ===
[2026-09-18T07:44:53.566472Z] === Watch cycle start ===
[2026-09-18T07:44:53.576592Z] Registered new inbound task: probe-001
[2026-09-18T07:44:53.577684Z] Closed probe probe-001 (RECEIPT)
[2026-09-18T07:44:53.578155Z] Closed probe-001 via receipt
[2026-09-18T07:44:53.580494Z] === Cycle complete, pending=1 ===
[2026-09-18T07:45:23.584732Z] === Watch cycle start ===
[2026-09-18T07:45:23.589365Z] Registered new inbound task: probe-001
[2026-09-18T07:45:23.590567Z] Closed probe probe-001 (RECEIPT)
[2026-09-18T07:45:23.591221Z] Closed probe-001 via receipt
[2026-09-18T07:45:23.592402Z] === Cycle complete, pending=1 ===
[2026-09-18T07:45:53.594314Z] === Watch cycle start ===
[2026-09-18T07:45:53.601256Z] Registered new inbound task: probe-001
[2026-09-18T07:45:53.602272Z] Closed probe probe-001 (RECEIPT)
[2026-09-18T07:45:53.602737Z] Closed probe-001 via receipt
[2026-09-18T07:45:53.603634Z] === Cycle complete, pending=1 ===
[2026-09-18T07:46:23.604249Z] === Watch cycle start ===
[2026-09-18T07:46:23.607792Z] Registered new inbound task: probe-001
[2026-09-18T07:46:23.609285Z] Closed probe probe-001 (RECEIPT)
[2026-09-18T07:46:23.610042Z] Closed probe-001 via receipt
[2026-09-18T07:46:23.614107Z] === Cycle complete, pending=1 ===
[2026-09-18T07:46:53.617698Z] === Watch cycle start ===
[2026-09-18T07:46:53.623268Z] Registered new inbound task: probe-001
[2026-09-18T07:46:53.625103Z] Closed probe probe-001 (RECEIPT)
[2026-09-18T07:46:53.625673Z] Closed probe-001 via receipt
[2026-09-18T07:46:53.626934Z] === Cycle complete, pending=1 ===
[2026-09-18T07:47:23.628489Z] === Watch cycle start ===
[2026-09-18T07:47:23.637211Z] Registered new inbound task: probe-001
[2026-09-18T07:47:23.638925Z] Closed probe probe-001 (RECEIPT)
[2026-09-18T07:47:23.640304Z] Closed probe-001 via receipt
[2026-09-18T07:47:23.641668Z] === Cycle complete, pending=1 ===
[2026-09-18T07:47:53.642692Z] === Watch cycle start ===
[2026-09-18T07:47:53.652420Z] Registered new inbound task: probe-001
[2026-09-18T07:47:53.653472Z] Closed probe probe-001 (RECEIPT)
[2026-09-18T07:47:53.653961Z] Closed probe-001 via receipt
[2026-09-18T07:47:53.654913Z] === Cycle complete, pending=1 ===
[2026-09-18T07:48:23.656454Z] === Watch cycle start ===
[2026-09-18T07:48:23.659790Z] Registered new inbound task: probe-001
[2026-09-18T07:48:23.660804Z] Closed probe probe-001 (RECEIPT)
[2026-09-18T07:48:23.661293Z] Closed probe-001 via receipt
[2026-09-18T07:48:23.662161Z] === Cycle complete, pending=1 ===
[2026-09-18T07:48:53.663127Z] === Watch cycle start ===
[2026-09-18T07:48:53.667660Z] Registered new inbound task: probe-001
[2026-09-18T07:48:53.668648Z] Closed probe probe-001 (RECEIPT)
[2026-09-18T07:48:53.669078Z] Closed probe-001 via receipt
[2026-09-18T07:48:53.670031Z] === Cycle complete, pending=1 ===
[2026-09-18T07:49:23.671119Z] === Watch cycle start ===
[2026-09-18T07:49:23.675688Z] Registered new inbound task: probe-001
[2026-09-18T07:49:23.676730Z] Closed probe probe-001 (RECEIPT)
[2026-09-18T07:49:23.677200Z] Closed probe-001 via receipt
[2026-09-18T07:49:23.678227Z] === Cycle complete, pending=1 ===
[2026-09-18T07:49:53.680798Z] === Watch cycle start ===
[2026-09-18T07:49:53.687306Z] Registered new inbound task: probe-001
[2026-09-18T07:49:53.690198Z] Closed probe probe-001 (RECEIPT)
[2026-09-18T07:49:53.690885Z] Closed probe-001 via receipt
[2026-09-18T07:49:53.692194Z] === Cycle complete, pending=1 ===
[2026-09-18T07:50:23.693269Z] === Watch cycle start ===
[2026-09-18T07:50:23.697283Z] Registered new inbound task: probe-001
[2026-09-18T07:50:23.698337Z] Closed probe probe-001 (RECEIPT)
[2026-09-18T07:50:23.698831Z] Closed probe-001 via receipt
[2026-09-18T07:50:23.699721Z] === Cycle complete, pending=1 ===
[2026-09-18T07:50:53.700362Z] === Watch cycle start ===
[2026-09-18T07:50:53.705645Z] Registered new inbound task: probe-001
[2026-09-18T07:50:53.706628Z] Closed probe probe-001 (RECEIPT)
[2026-09-18T07:50:53.707053Z] Closed probe-001 via receipt
[2026-09-18T07:50:53.707906Z] === Cycle complete, pending=1 ===
[2026-09-18T07:51:23.709441Z] === Watch cycle start ===
[2026-09-18T07:51:23.713764Z] Registered new inbound task: probe-001
[2026-09-18T07:51:23.714957Z] Closed probe probe-001 (RECEIPT)
[2026-09-18T07:51:23.715472Z] Closed probe-001 via receipt
[2026-09-18T07:51:23.716343Z] === Cycle complete, pending=1 ===
[2026-09-18T07:51:53.717063Z] === Watch cycle start ===
[2026-09-18T07:51:53.727861Z] Registered new inbound task: probe-001
[2026-09-18T07:51:53.728916Z] Closed probe probe-001 (RECEIPT)
[2026-09-18T07:51:53.729471Z] Closed probe-001 via receipt
[2026-09-18T07:51:53.730415Z] === Cycle complete, pending=1 ===
[2026-09-18T07:52:23.731049Z] === Watch cycle start ===
[2026-09-18T07:52:23.734907Z] Registered new inbound task: probe-001
[2026-09-18T07:52:23.735967Z] Closed probe probe-001 (RECEIPT)
[2026-09-18T07:52:23.736453Z] Closed probe-001 via receipt
[2026-09-18T07:52:23.737362Z] === Cycle complete, pending=1 ===
[2026-09-18T07:52:53.738792Z] === Watch cycle start ===
[2026-09-18T07:52:53.747167Z] Registered new inbound task: probe-001
[2026-09-18T07:52:53.748186Z] Closed probe probe-001 (RECEIPT)
[2026-09-18T07:52:53.748647Z] Closed probe-001 via receipt
[2026-09-18T07:52:53.749542Z] === Cycle complete, pending=1 ===
[2026-09-18T07:53:23.750725Z] === Watch cycle start ===
[2026-09-18T07:53:23.754049Z] Registered new inbound task: probe-001
[2026-09-18T07:53:23.755068Z] Closed probe probe-001 (RECEIPT)
[2026-09-18T07:53:23.755563Z] Closed probe-001 via receipt
[2026-09-18T07:53:23.756443Z] === Cycle complete, pending=1 ===
[2026-09-18T07:53:53.757585Z] === Watch cycle start ===
[2026-09-18T07:53:53.771999Z] Registered new inbound task: probe-001
[2026-09-18T07:53:53.783214Z] Closed probe probe-001 (RECEIPT)
[2026-09-18T07:53:53.786842Z] Closed probe-001 via receipt
[2026-09-18T07:53:53.789861Z] === Cycle complete, pending=1 ===
[2026-09-18T07:54:23.792449Z] === Watch cycle start ===
[2026-09-18T07:54:23.797217Z] Registered new inbound task: probe-001
[2026-09-18T07:54:23.798426Z] Closed probe probe-001 (RECEIPT)
[2026-09-18T07:54:23.798946Z] Closed probe-001 via receipt
[2026-09-18T07:54:23.799993Z] === Cycle complete, pending=1 ===
[2026-09-18T07:54:53.801516Z] === Watch cycle start ===
[2026-09-18T07:54:53.807122Z] Registered new inbound task: probe-001
[2026-09-18T07:54:53.808560Z] Closed probe probe-001 (RECEIPT)
[2026-09-18T07:54:53.810427Z] Closed probe-001 via receipt
[2026-09-18T07:54:53.813049Z] === Cycle complete, pending=1 ===
[2026-09-18T07:55:23.813921Z] === Watch cycle start ===
[2026-09-18T07:55:23.817596Z] Registered new inbound task: probe-001
[2026-09-18T07:55:23.818614Z] Closed probe probe-001 (RECEIPT)
[2026-09-18T07:55:23.819085Z] Closed probe-001 via receipt
[2026-09-18T07:55:23.819950Z] === Cycle complete, pending=1 ===
[2026-09-18T07:55:53.821598Z] === Watch cycle start ===
[2026-09-18T07:55:53.825915Z] Registered new inbound task: probe-001
[2026-09-18T07:55:53.827617Z] Closed probe probe-001 (RECEIPT)
[2026-09-18T07:55:53.831667Z] Closed probe-001 via receipt
[2026-09-18T07:55:53.837288Z] === Cycle complete, pending=1 ===
[2026-09-18T07:56:23.838203Z] === Watch cycle start ===
[2026-09-18T07:56:23.841517Z] Registered new inbound task: probe-001
[2026-09-18T07:56:23.842521Z] Closed probe probe-001 (RECEIPT)
[2026-09-18T07:56:23.842993Z] Closed probe-001 via receipt
[2026-09-18T07:56:23.843939Z] === Cycle complete, pending=1 ===
[2026-09-18T07:56:53.844583Z] === Watch cycle start ===
[2026-09-18T07:56:53.849299Z] Registered new inbound task: probe-001
[2026-09-18T07:56:53.850295Z] Closed probe probe-001 (RECEIPT)
[2026-09-18T07:56:53.850805Z] Closed probe-001 via receipt
[2026-09-18T07:56:53.851674Z] === Cycle complete, pending=1 ===
[2026-09-18T07:57:23.852356Z] === Watch cycle start ===
[2026-09-18T07:57:23.857583Z] Registered new inbound task: probe-001
[2026-09-18T07:57:23.859589Z] Closed probe probe-001 (RECEIPT)
[2026-09-18T07:57:23.860188Z] Closed probe-001 via receipt
[2026-09-18T07:57:23.861330Z] === Cycle complete, pending=1 ===
[2026-09-18T07:57:53.862821Z] === Watch cycle start ===
[2026-09-18T07:57:53.868283Z] Registered new inbound task: probe-001
[2026-09-18T07:57:53.869251Z] Closed probe probe-001 (RECEIPT)
[2026-09-18T07:57:53.869743Z] Closed probe-001 via receipt
[2026-09-18T07:57:53.870630Z] === Cycle complete, pending=1 ===
[2026-09-18T07:58:23.872902Z] === Watch cycle start ===
[2026-09-18T07:58:23.882952Z] Registered new inbound task: probe-001
[2026-09-18T07:58:23.884738Z] Closed probe probe-001 (RECEIPT)
[2026-09-18T07:58:23.885557Z] Closed probe-001 via receipt
[2026-09-18T07:58:23.887683Z] === Cycle complete, pending=1 ===
[2026-09-18T07:58:53.889708Z] === Watch cycle start ===
[2026-09-18T07:58:53.910697Z] Registered new inbound task: probe-001
[2026-09-18T07:58:53.912378Z] Closed probe probe-001 (RECEIPT)
[2026-09-18T07:58:53.914733Z] Closed probe-001 via receipt
[2026-09-18T07:58:53.915789Z] === Cycle complete, pending=1 ===
[2026-09-18T07:59:23.916675Z] === Watch cycle start ===
[2026-09-18T07:59:23.920024Z] Registered new inbound task: probe-001
[2026-09-18T07:59:23.921040Z] Closed probe probe-001 (RECEIPT)
[2026-09-18T07:59:23.921482Z] Closed probe-001 via receipt
[2026-09-18T07:59:23.922322Z] === Cycle complete, pending=1 ===
[2026-09-18T07:59:53.923187Z] === Watch cycle start ===
[2026-09-18T07:59:53.927093Z] Registered new inbound task: probe-001
[2026-09-18T07:59:53.928066Z] Closed probe probe-001 (RECEIPT)
[2026-09-18T07:59:53.928521Z] Closed probe-001 via receipt
[2026-09-18T07:59:53.929401Z] === Cycle complete, pending=1 ===
[2026-09-18T08:00:23.930022Z] === Watch cycle start ===
[2026-09-18T08:00:23.933782Z] Registered new inbound task: probe-001
[2026-09-18T08:00:23.935054Z] Closed probe probe-001 (RECEIPT)
[2026-09-18T08:00:23.935566Z] Closed probe-001 via receipt
[2026-09-18T08:00:23.936507Z] === Cycle complete, pending=1 ===
[2026-09-18T08:00:53.937719Z] === Watch cycle start ===
[2026-09-18T08:00:53.945245Z] Registered new inbound task: probe-001
[2026-09-18T08:00:53.947112Z] Closed probe probe-001 (RECEIPT)
[2026-09-18T08:00:53.948090Z] Closed probe-001 via receipt
[2026-09-18T08:00:53.949372Z] === Cycle complete, pending=1 ===
[2026-09-18T08:01:23.950254Z] === Watch cycle start ===
[2026-09-18T08:01:23.953806Z] Registered new inbound task: probe-001
[2026-09-18T08:01:23.954810Z] Closed probe probe-001 (RECEIPT)
[2026-09-18T08:01:23.955322Z] Closed probe-001 via receipt
[2026-09-18T08:01:23.956277Z] === Cycle complete, pending=1 ===
[2026-09-18T08:01:53.957890Z] === Watch cycle start ===
[2026-09-18T08:01:53.962895Z] Registered new inbound task: probe-001
[2026-09-18T08:01:53.963862Z] Closed probe probe-001 (RECEIPT)
[2026-09-18T08:01:53.964327Z] Closed probe-001 via receipt
[2026-09-18T08:01:53.965154Z] === Cycle complete, pending=1 ===
[2026-09-18T08:02:23.965941Z] === Watch cycle start ===
[2026-09-18T08:02:23.971664Z] Registered new inbound task: probe-001
[2026-09-18T08:02:23.973023Z] Closed probe probe-001 (RECEIPT)
[2026-09-18T08:02:23.973581Z] Closed probe-001 via receipt
[2026-09-18T08:02:23.974959Z] === Cycle complete, pending=1 ===
[2026-09-18T08:02:53.976441Z] === Watch cycle start ===
[2026-09-18T08:02:53.984379Z] Registered new inbound task: probe-001
[2026-09-18T08:02:53.985401Z] Closed probe probe-001 (RECEIPT)
[2026-09-18T08:02:53.985880Z] Closed probe-001 via receipt
[2026-09-18T08:02:53.986797Z] === Cycle complete, pending=1 ===
[2026-09-18T08:03:23.987407Z] === Watch cycle start ===
[2026-09-18T08:03:23.991091Z] Registered new inbound task: probe-001
[2026-09-18T08:03:23.992119Z] Closed probe probe-001 (RECEIPT)
[2026-09-18T08:03:23.992582Z] Closed probe-001 via receipt
[2026-09-18T08:03:23.993525Z] === Cycle complete, pending=1 ===
[2026-09-18T08:03:53.994964Z] === Watch cycle start ===
[2026-09-18T08:03:54.004321Z] Registered new inbound task: probe-001
[2026-09-18T08:03:54.005496Z] Closed probe probe-001 (RECEIPT)
[2026-09-18T08:03:54.006041Z] Closed probe-001 via receipt
[2026-09-18T08:03:54.007298Z] === Cycle complete, pending=1 ===
[2026-09-18T08:04:24.010576Z] === Watch cycle start ===
[2026-09-18T08:04:24.017918Z] Registered new inbound task: probe-001
[2026-09-18T08:04:24.019156Z] Closed probe probe-001 (RECEIPT)
[2026-09-18T08:04:24.019749Z] Closed probe-001 via receipt
[2026-09-18T08:04:24.020925Z] === Cycle complete, pending=1 ===
[2026-09-18T08:04:54.021726Z] === Watch cycle start ===
[2026-09-18T08:04:54.030450Z] Registered new inbound task: probe-001
[2026-09-18T08:04:54.031469Z] Closed probe probe-001 (RECEIPT)
[2026-09-18T08:04:54.031951Z] Closed probe-001 via receipt
[2026-09-18T08:04:54.032895Z] === Cycle complete, pending=1 ===
[2026-09-18T08:05:24.033849Z] === Watch cycle start ===
[2026-09-18T08:05:24.037684Z] Registered new inbound task: probe-001
[2026-09-18T08:05:24.039221Z] Closed probe probe-001 (RECEIPT)
[2026-09-18T08:05:24.039786Z] Closed probe-001 via receipt
[2026-09-18T08:05:24.040998Z] === Cycle complete, pending=1 ===
[2026-09-18T08:05:54.043278Z] === Watch cycle start ===
[2026-09-18T08:05:54.049630Z] Registered new inbound task: probe-001
[2026-09-18T08:05:54.051350Z] Closed probe probe-001 (RECEIPT)
[2026-09-18T08:05:54.052002Z] Closed probe-001 via receipt
[2026-09-18T08:05:54.053182Z] === Cycle complete, pending=1 ===
[2026-09-18T08:06:24.054026Z] === Watch cycle start ===
[2026-09-18T08:06:24.057457Z] Registered new inbound task: probe-001
[2026-09-18T08:06:24.058510Z] Closed probe probe-001 (RECEIPT)
[2026-09-18T08:06:24.059079Z] Closed probe-001 via receipt
[2026-09-18T08:06:24.060088Z] === Cycle complete, pending=1 ===
[2026-09-18T08:06:54.060685Z] === Watch cycle start ===
[2026-09-18T08:06:54.066883Z] Registered new inbound task: probe-001
[2026-09-18T08:06:54.068300Z] Closed probe probe-001 (RECEIPT)
[2026-09-18T08:06:54.068972Z] Closed probe-001 via receipt
[2026-09-18T08:06:54.070274Z] === Cycle complete, pending=1 ===
[2026-09-18T08:07:24.075670Z] === Watch cycle start ===
[2026-09-18T08:07:24.084603Z] Registered new inbound task: probe-001
[2026-09-18T08:07:24.098915Z] Closed probe probe-001 (RECEIPT)
[2026-09-18T08:07:24.100031Z] Closed probe-001 via receipt
[2026-09-18T08:07:24.102608Z] === Cycle complete, pending=1 ===
[2026-09-18T08:07:54.108579Z] === Watch cycle start ===
[2026-09-18T08:07:54.115308Z] Registered new inbound task: probe-001
[2026-09-18T08:07:54.117013Z] Closed probe probe-001 (RECEIPT)
[2026-09-18T08:07:54.118114Z] Closed probe-001 via receipt
[2026-09-18T08:07:54.123653Z] === Cycle complete, pending=1 ===
[2026-09-18T08:08:24.127129Z] === Watch cycle start ===
[2026-09-18T08:08:24.131954Z] Registered new inbound task: probe-001
[2026-09-18T08:08:24.136756Z] Closed probe probe-001 (RECEIPT)
[2026-09-18T08:08:24.137474Z] Closed probe-001 via receipt
[2026-09-18T08:08:24.138661Z] === Cycle complete, pending=1 ===
[2026-09-18T08:08:54.140073Z] === Watch cycle start ===
[2026-09-18T08:08:54.146060Z] Registered new inbound task: probe-001
[2026-09-18T08:08:54.147375Z] Closed probe probe-001 (RECEIPT)
[2026-09-18T08:08:54.147874Z] Closed probe-001 via receipt
[2026-09-18T08:08:54.148730Z] === Cycle complete, pending=1 ===
[2026-09-18T08:09:24.149962Z] === Watch cycle start ===
[2026-09-18T08:09:24.153514Z] Registered new inbound task: probe-001
[2026-09-18T08:09:24.154644Z] Closed probe probe-001 (RECEIPT)
[2026-09-18T08:09:24.155145Z] Closed probe-001 via receipt
[2026-09-18T08:09:24.156069Z] === Cycle complete, pending=1 ===
[2026-09-18T08:09:54.157108Z] === Watch cycle start ===
[2026-09-18T08:09:54.162515Z] Registered new inbound task: probe-001
[2026-09-18T08:09:54.163904Z] Closed probe probe-001 (RECEIPT)
[2026-09-18T08:09:54.164375Z] Closed probe-001 via receipt
[2026-09-18T08:09:54.165353Z] === Cycle complete, pending=1 ===
[2026-09-18T08:10:24.166876Z] === Watch cycle start ===
[2026-09-18T08:10:24.170601Z] Registered new inbound task: probe-001
[2026-09-18T08:10:24.171614Z] Closed probe probe-001 (RECEIPT)
[2026-09-18T08:10:24.172071Z] Closed probe-001 via receipt
[2026-09-18T08:10:24.172976Z] === Cycle complete, pending=1 ===
[2026-09-18T08:10:54.173951Z] === Watch cycle start ===
[2026-09-18T08:10:54.184236Z] Registered new inbound task: probe-001
[2026-09-18T08:10:54.185525Z] Closed probe probe-001 (RECEIPT)
[2026-09-18T08:10:54.186142Z] Closed probe-001 via receipt
[2026-09-18T08:10:54.187824Z] === Cycle complete, pending=1 ===
[2026-09-18T08:11:24.191585Z] === Watch cycle start ===
[2026-09-18T08:11:24.197218Z] Registered new inbound task: probe-001
[2026-09-18T08:11:24.198306Z] Closed probe probe-001 (RECEIPT)
[2026-09-18T08:11:24.198796Z] Closed probe-001 via receipt
[2026-09-18T08:11:24.199755Z] === Cycle complete, pending=1 ===
[2026-09-18T08:11:54.200434Z] === Watch cycle start ===
[2026-09-18T08:11:54.211796Z] Registered new inbound task: probe-001
[2026-09-18T08:11:54.212758Z] Closed probe probe-001 (RECEIPT)
[2026-09-18T08:11:54.213248Z] Closed probe-001 via receipt
[2026-09-18T08:11:54.214093Z] === Cycle complete, pending=1 ===
[2026-09-18T08:12:24.215447Z] === Watch cycle start ===
[2026-09-18T08:12:24.218857Z] Registered new inbound task: probe-001
[2026-09-18T08:12:24.219887Z] Closed probe probe-001 (RECEIPT)
[2026-09-18T08:12:24.220408Z] Closed probe-001 via receipt
[2026-09-18T08:12:24.221361Z] === Cycle complete, pending=1 ===
[2026-09-18T08:12:54.222844Z] === Watch cycle start ===
[2026-09-18T08:12:54.236120Z] Registered new inbound task: probe-001
[2026-09-18T08:12:54.238224Z] Closed probe probe-001 (RECEIPT)
[2026-09-18T08:12:54.239170Z] Closed probe-001 via receipt
[2026-09-18T08:12:54.240536Z] === Cycle complete, pending=1 ===
[2026-09-18T08:13:24.241583Z] === Watch cycle start ===
[2026-09-18T08:13:24.245112Z] Registered new inbound task: probe-001
[2026-09-18T08:13:24.246139Z] Closed probe probe-001 (RECEIPT)
[2026-09-18T08:13:24.246607Z] Closed probe-001 via receipt
[2026-09-18T08:13:24.247579Z] === Cycle complete, pending=1 ===
[2026-09-18T08:13:54.248080Z] === Watch cycle start ===
[2026-09-18T08:13:54.253121Z] Registered new inbound task: probe-001
[2026-09-18T08:13:54.254115Z] Closed probe probe-001 (RECEIPT)
[2026-09-18T08:13:54.254580Z] Closed probe-001 via receipt
[2026-09-18T08:13:54.255490Z] === Cycle complete, pending=1 ===
[2026-09-18T08:14:24.256609Z] === Watch cycle start ===
[2026-09-18T08:14:24.260049Z] Registered new inbound task: probe-001
[2026-09-18T08:14:24.261078Z] Closed probe probe-001 (RECEIPT)
[2026-09-18T08:14:24.261583Z] Closed probe-001 via receipt
[2026-09-18T08:14:24.262535Z] === Cycle complete, pending=1 ===
[2026-09-18T08:14:54.263167Z] === Watch cycle start ===
[2026-09-18T08:14:54.272291Z] Registered new inbound task: probe-001
[2026-09-18T08:14:54.273459Z] Closed probe probe-001 (RECEIPT)
[2026-09-18T08:14:54.273972Z] Closed probe-001 via receipt
[2026-09-18T08:14:54.274887Z] === Cycle complete, pending=1 ===
[2026-09-18T08:15:24.275554Z] === Watch cycle start ===
[2026-09-18T08:15:24.279081Z] Registered new inbound task: probe-001
[2026-09-18T08:15:24.280370Z] Closed probe probe-001 (RECEIPT)
[2026-09-18T08:15:24.280852Z] Closed probe-001 via receipt
[2026-09-18T08:15:24.281945Z] === Cycle complete, pending=1 ===
[2026-09-18T08:15:54.282828Z] === Watch cycle start ===
[2026-09-18T08:15:54.291336Z] Registered new inbound task: probe-001
[2026-09-18T08:15:54.292384Z] Closed probe probe-001 (RECEIPT)
[2026-09-18T08:15:54.292844Z] Closed probe-001 via receipt
[2026-09-18T08:15:54.293747Z] === Cycle complete, pending=1 ===
[2026-09-18T08:16:24.296640Z] === Watch cycle start ===
[2026-09-18T08:16:24.302034Z] Registered new inbound task: probe-001
[2026-09-18T08:16:24.303560Z] Closed probe probe-001 (RECEIPT)
[2026-09-18T08:16:24.304126Z] Closed probe-001 via receipt
[2026-09-18T08:16:24.305339Z] === Cycle complete, pending=1 ===
[2026-09-18T08:16:54.307103Z] === Watch cycle start ===
[2026-09-18T08:16:54.316923Z] Registered new inbound task: probe-001
[2026-09-18T08:16:54.317984Z] Closed probe probe-001 (RECEIPT)
[2026-09-18T08:16:54.318465Z] Closed probe-001 via receipt
[2026-09-18T08:16:54.319400Z] === Cycle complete, pending=1 ===
[2026-09-18T08:17:24.319987Z] === Watch cycle start ===
[2026-09-18T08:17:24.323765Z] Registered new inbound task: probe-001
[2026-09-18T08:17:24.324847Z] Closed probe probe-001 (RECEIPT)
[2026-09-18T08:17:24.325330Z] Closed probe-001 via receipt
[2026-09-18T08:17:24.326297Z] === Cycle complete, pending=1 ===
[2026-09-18T08:17:54.326989Z] === Watch cycle start ===
[2026-09-18T08:17:54.334866Z] Registered new inbound task: probe-001
[2026-09-18T08:17:54.335909Z] Closed probe probe-001 (RECEIPT)
[2026-09-18T08:17:54.336390Z] Closed probe-001 via receipt
[2026-09-18T08:17:54.337324Z] === Cycle complete, pending=1 ===
[2026-09-18T08:18:24.338455Z] === Watch cycle start ===
[2026-09-18T08:18:24.342766Z] Registered new inbound task: probe-001
[2026-09-18T08:18:24.344137Z] Closed probe probe-001 (RECEIPT)
[2026-09-18T08:18:24.344640Z] Closed probe-001 via receipt
[2026-09-18T08:18:24.345599Z] === Cycle complete, pending=1 ===
[2026-09-18T08:18:54.346185Z] === Watch cycle start ===
[2026-09-18T08:18:54.357273Z] Registered new inbound task: probe-001
[2026-09-18T08:18:54.358377Z] Closed probe probe-001 (RECEIPT)
[2026-09-18T08:18:54.358850Z] Closed probe-001 via receipt
[2026-09-18T08:18:54.359792Z] === Cycle complete, pending=1 ===
[2026-09-18T08:19:24.361583Z] === Watch cycle start ===
[2026-09-18T08:19:24.368111Z] Registered new inbound task: probe-001
[2026-09-18T08:19:24.369174Z] Closed probe probe-001 (RECEIPT)
[2026-09-18T08:19:24.369672Z] Closed probe-001 via receipt
[2026-09-18T08:19:24.370633Z] === Cycle complete, pending=1 ===
[2026-09-18T08:19:54.371621Z] === Watch cycle start ===
[2026-09-18T08:19:54.377550Z] Registered new inbound task: probe-001
[2026-09-18T08:19:54.378920Z] Closed probe probe-001 (RECEIPT)
[2026-09-18T08:19:54.379516Z] Closed probe-001 via receipt
[2026-09-18T08:19:54.380651Z] === Cycle complete, pending=1 ===
[2026-09-18T08:20:24.382524Z] === Watch cycle start ===
[2026-09-18T08:20:24.390202Z] Registered new inbound task: probe-001
[2026-09-18T08:20:24.399501Z] Closed probe probe-001 (RECEIPT)
[2026-09-18T08:20:24.400239Z] Closed probe-001 via receipt
[2026-09-18T08:20:24.402968Z] === Cycle complete, pending=1 ===
[2026-09-18T08:20:54.404037Z] === Watch cycle start ===
[2026-09-18T08:20:54.418632Z] Registered new inbound task: probe-001
[2026-09-18T08:20:54.420161Z] Closed probe probe-001 (RECEIPT)
[2026-09-18T08:20:54.420689Z] Closed probe-001 via receipt
[2026-09-18T08:20:54.421992Z] === Cycle complete, pending=1 ===
[2026-09-18T08:21:24.422913Z] === Watch cycle start ===
[2026-09-18T08:21:24.428012Z] Registered new inbound task: probe-001
[2026-09-18T08:21:24.429061Z] Closed probe probe-001 (RECEIPT)
[2026-09-18T08:21:24.429548Z] Closed probe-001 via receipt
[2026-09-18T08:21:24.430439Z] === Cycle complete, pending=1 ===
[2026-09-18T08:21:54.431467Z] === Watch cycle start ===
[2026-09-18T08:21:54.436704Z] Registered new inbound task: probe-001
[2026-09-18T08:21:54.437744Z] Closed probe probe-001 (RECEIPT)
[2026-09-18T08:21:54.438196Z] Closed probe-001 via receipt
[2026-09-18T08:21:54.439084Z] === Cycle complete, pending=1 ===
[2026-09-18T08:22:24.441980Z] === Watch cycle start ===
[2026-09-18T08:22:24.446949Z] Registered new inbound task: probe-001
[2026-09-18T08:22:24.448252Z] Closed probe probe-001 (RECEIPT)
[2026-09-18T08:22:24.449105Z] Closed probe-001 via receipt
[2026-09-18T08:22:24.450315Z] === Cycle complete, pending=1 ===
[2026-09-18T08:22:54.451134Z] === Watch cycle start ===
[2026-09-18T08:22:54.456678Z] Registered new inbound task: probe-001
[2026-09-18T08:22:54.457668Z] Closed probe probe-001 (RECEIPT)
[2026-09-18T08:22:54.458115Z] Closed probe-001 via receipt
[2026-09-18T08:22:54.458972Z] === Cycle complete, pending=1 ===
[2026-09-18T08:23:24.459634Z] === Watch cycle start ===
[2026-09-18T08:23:24.463030Z] Registered new inbound task: probe-001
[2026-09-18T08:23:24.464080Z] Closed probe probe-001 (RECEIPT)
[2026-09-18T08:23:24.464588Z] Closed probe-001 via receipt
[2026-09-18T08:23:24.465494Z] === Cycle complete, pending=1 ===
[2026-09-18T08:23:54.466711Z] === Watch cycle start ===
[2026-09-18T08:23:54.478857Z] Registered new inbound task: probe-001
[2026-09-18T08:23:54.479920Z] Closed probe probe-001 (RECEIPT)
[2026-09-18T08:23:54.480388Z] Closed probe-001 via receipt
[2026-09-18T08:23:54.481432Z] === Cycle complete, pending=1 ===
[2026-09-18T08:24:24.482078Z] === Watch cycle start ===
[2026-09-18T08:24:24.485940Z] Registered new inbound task: probe-001
[2026-09-18T08:24:24.486979Z] Closed probe probe-001 (RECEIPT)
[2026-09-18T08:24:24.487460Z] Closed probe-001 via receipt
[2026-09-18T08:24:24.488535Z] === Cycle complete, pending=1 ===
[2026-09-18T08:24:54.490746Z] === Watch cycle start ===
[2026-09-18T08:24:54.498594Z] Registered new inbound task: probe-001
[2026-09-18T08:24:54.500428Z] Closed probe probe-001 (RECEIPT)
[2026-09-18T08:24:54.501443Z] Closed probe-001 via receipt
[2026-09-18T08:24:54.503126Z] === Cycle complete, pending=1 ===
[2026-09-18T08:25:24.504670Z] === Watch cycle start ===
[2026-09-18T08:25:24.508465Z] Registered new inbound task: probe-001
[2026-09-18T08:25:24.509521Z] Closed probe probe-001 (RECEIPT)
[2026-09-18T08:25:24.510008Z] Closed probe-001 via receipt
[2026-09-18T08:25:24.510896Z] === Cycle complete, pending=1 ===
[2026-09-18T08:25:54.511554Z] === Watch cycle start ===
[2026-09-18T08:25:54.516839Z] Registered new inbound task: probe-001
[2026-09-18T08:25:54.521450Z] Closed probe probe-001 (RECEIPT)
[2026-09-18T08:25:54.526198Z] Closed probe-001 via receipt
[2026-09-18T08:25:54.534274Z] === Cycle complete, pending=1 ===
[2026-09-18T08:26:24.538618Z] === Watch cycle start ===
[2026-09-18T08:26:24.544203Z] Registered new inbound task: probe-001
[2026-09-18T08:26:24.545305Z] Closed probe probe-001 (RECEIPT)
[2026-09-18T08:26:24.545862Z] Closed probe-001 via receipt
[2026-09-18T08:26:24.546958Z] === Cycle complete, pending=1 ===
[2026-09-18T08:26:54.547680Z] === Watch cycle start ===
[2026-09-18T08:26:54.555315Z] Registered new inbound task: probe-001
[2026-09-18T08:26:54.556327Z] Closed probe probe-001 (RECEIPT)
[2026-09-18T08:26:54.556789Z] Closed probe-001 via receipt
[2026-09-18T08:26:54.557676Z] === Cycle complete, pending=1 ===
[2026-09-18T08:27:24.558334Z] === Watch cycle start ===
[2026-09-18T08:27:24.562885Z] Registered new inbound task: probe-001
[2026-09-18T08:27:24.563948Z] Closed probe probe-001 (RECEIPT)
[2026-09-18T08:27:24.564418Z] Closed probe-001 via receipt
[2026-09-18T08:27:24.565300Z] === Cycle complete, pending=1 ===
[2026-09-18T08:27:54.565946Z] === Watch cycle start ===
[2026-09-18T08:27:54.576298Z] Registered new inbound task: probe-001
[2026-09-18T08:27:54.578191Z] Closed probe probe-001 (RECEIPT)
[2026-09-18T08:27:54.578897Z] Closed probe-001 via receipt
[2026-09-18T08:27:54.581780Z] === Cycle complete, pending=1 ===
[2026-09-18T08:28:24.583237Z] === Watch cycle start ===
[2026-09-18T08:28:24.590758Z] Registered new inbound task: probe-001
[2026-09-18T08:28:24.592190Z] Closed probe probe-001 (RECEIPT)
[2026-09-18T08:28:24.594169Z] Closed probe-001 via receipt
[2026-09-18T08:28:24.596497Z] === Cycle complete, pending=1 ===
[2026-09-18T08:28:54.599811Z] === Watch cycle start ===
[2026-09-18T08:28:54.604182Z] Registered new inbound task: probe-001
[2026-09-18T08:28:54.605218Z] Closed probe probe-001 (RECEIPT)
[2026-09-18T08:28:54.605650Z] Closed probe-001 via receipt
[2026-09-18T08:28:54.606546Z] === Cycle complete, pending=1 ===
[2026-09-18T08:29:24.607467Z] === Watch cycle start ===
[2026-09-18T08:29:24.611746Z] Registered new inbound task: probe-001
[2026-09-18T08:29:24.613254Z] Closed probe probe-001 (RECEIPT)
[2026-09-18T08:29:24.614012Z] Closed probe-001 via receipt
[2026-09-18T08:29:24.615281Z] === Cycle complete, pending=1 ===
[2026-09-18T08:29:54.618497Z] === Watch cycle start ===
[2026-09-18T08:29:54.630034Z] Registered new inbound task: probe-001
[2026-09-18T08:29:54.631821Z] Closed probe probe-001 (RECEIPT)
[2026-09-18T08:29:54.632346Z] Closed probe-001 via receipt
[2026-09-18T08:29:54.633258Z] === Cycle complete, pending=1 ===
[2026-09-18T08:30:24.634084Z] === Watch cycle start ===
[2026-09-18T08:30:24.637774Z] Registered new inbound task: probe-001
[2026-09-18T08:30:24.638810Z] Closed probe probe-001 (RECEIPT)
[2026-09-18T08:30:24.639287Z] Closed probe-001 via receipt
[2026-09-18T08:30:24.640169Z] === Cycle complete, pending=1 ===
[2026-09-18T08:30:54.641170Z] === Watch cycle start ===
[2026-09-18T08:30:54.647181Z] Registered new inbound task: probe-001
[2026-09-18T08:30:54.648264Z] Closed probe probe-001 (RECEIPT)
[2026-09-18T08:30:54.648747Z] Closed probe-001 via receipt
[2026-09-18T08:30:54.649631Z] === Cycle complete, pending=1 ===
[2026-09-18T08:31:24.650566Z] === Watch cycle start ===
[2026-09-18T08:31:24.654309Z] Registered new inbound task: probe-001
[2026-09-18T08:31:24.655335Z] Closed probe probe-001 (RECEIPT)
[2026-09-18T08:31:24.656124Z] Closed probe-001 via receipt
[2026-09-18T08:31:24.657588Z] === Cycle complete, pending=1 ===
[2026-09-18T08:31:54.658331Z] === Watch cycle start ===
[2026-09-18T08:31:54.666563Z] Registered new inbound task: probe-001
[2026-09-18T08:31:54.667727Z] Closed probe probe-001 (RECEIPT)
[2026-09-18T08:31:54.668223Z] Closed probe-001 via receipt
[2026-09-18T08:31:54.670508Z] === Cycle complete, pending=1 ===
[2026-09-18T08:32:24.671386Z] === Watch cycle start ===
[2026-09-18T08:32:24.674709Z] Registered new inbound task: probe-001
[2026-09-18T08:32:24.675727Z] Closed probe probe-001 (RECEIPT)
[2026-09-18T08:32:24.676200Z] Closed probe-001 via receipt
[2026-09-18T08:32:24.677101Z] === Cycle complete, pending=1 ===
[2026-09-18T08:32:54.677722Z] === Watch cycle start ===
[2026-09-18T08:32:54.683795Z] Registered new inbound task: probe-001
[2026-09-18T08:32:54.684787Z] Closed probe probe-001 (RECEIPT)
[2026-09-18T08:32:54.685241Z] Closed probe-001 via receipt
[2026-09-18T08:32:54.686248Z] === Cycle complete, pending=1 ===
[2026-09-18T08:33:24.709246Z] === Watch cycle start ===
[2026-09-18T08:33:24.731201Z] Registered new inbound task: probe-001
[2026-09-18T08:33:24.735999Z] Closed probe probe-001 (RECEIPT)
[2026-09-18T08:33:24.739849Z] Closed probe-001 via receipt
[2026-09-18T08:33:24.742978Z] === Cycle complete, pending=1 ===
[2026-09-18T08:33:54.752006Z] === Watch cycle start ===
[2026-09-18T08:33:54.776843Z] Registered new inbound task: probe-001
[2026-09-18T08:33:54.778811Z] Closed probe probe-001 (RECEIPT)
[2026-09-18T08:33:54.780461Z] Closed probe-001 via receipt
[2026-09-18T08:33:54.783479Z] === Cycle complete, pending=1 ===
[2026-09-18T08:34:24.793464Z] === Watch cycle start ===
[2026-09-18T08:34:24.833717Z] Registered new inbound task: probe-001
[2026-09-18T08:34:24.849996Z] Closed probe probe-001 (RECEIPT)
[2026-09-18T08:34:24.863273Z] Closed probe-001 via receipt
[2026-09-18T08:34:24.868900Z] === Cycle complete, pending=1 ===
[2026-09-18T08:34:54.872464Z] === Watch cycle start ===
[2026-09-18T08:34:54.880767Z] Registered new inbound task: probe-001
[2026-09-18T08:34:54.883645Z] Closed probe probe-001 (RECEIPT)
[2026-09-18T08:34:54.884487Z] Closed probe-001 via receipt
[2026-09-18T08:34:54.885817Z] === Cycle complete, pending=1 ===
[2026-09-18T08:35:24.887563Z] === Watch cycle start ===
[2026-09-18T08:35:24.891522Z] Registered new inbound task: probe-001
[2026-09-18T08:35:24.892560Z] Closed probe probe-001 (RECEIPT)
[2026-09-18T08:35:24.893059Z] Closed probe-001 via receipt
[2026-09-18T08:35:24.893957Z] === Cycle complete, pending=1 ===
[2026-09-18T08:35:54.894628Z] === Watch cycle start ===
[2026-09-18T08:35:54.899597Z] Registered new inbound task: probe-001
[2026-09-18T08:35:54.900646Z] Closed probe probe-001 (RECEIPT)
[2026-09-18T08:35:54.901121Z] Closed probe-001 via receipt
[2026-09-18T08:35:54.901964Z] === Cycle complete, pending=1 ===
[2026-09-18T08:36:24.902726Z] === Watch cycle start ===
[2026-09-18T08:36:24.906457Z] Registered new inbound task: probe-001
[2026-09-18T08:36:24.907475Z] Closed probe probe-001 (RECEIPT)
[2026-09-18T08:36:24.907955Z] Closed probe-001 via receipt
[2026-09-18T08:36:24.908904Z] === Cycle complete, pending=1 ===
[2026-09-18T08:36:54.910135Z] === Watch cycle start ===
[2026-09-18T08:36:54.917644Z] Registered new inbound task: probe-001
[2026-09-18T08:36:54.918895Z] Closed probe probe-001 (RECEIPT)
[2026-09-18T08:36:54.919457Z] Closed probe-001 via receipt
[2026-09-18T08:36:54.920410Z] === Cycle complete, pending=1 ===
[2026-09-18T08:37:24.921183Z] === Watch cycle start ===
[2026-09-18T08:37:24.925291Z] Registered new inbound task: probe-001
[2026-09-18T08:37:24.926444Z] Closed probe probe-001 (RECEIPT)
[2026-09-18T08:37:24.926987Z] Closed probe-001 via receipt
[2026-09-18T08:37:24.928153Z] === Cycle complete, pending=1 ===
[2026-09-18T08:37:54.928960Z] === Watch cycle start ===
[2026-09-18T08:37:54.944340Z] Registered new inbound task: probe-001
[2026-09-18T08:37:54.948982Z] Closed probe probe-001 (RECEIPT)
[2026-09-18T08:37:54.949575Z] Closed probe-001 via receipt
[2026-09-18T08:37:54.951558Z] === Cycle complete, pending=1 ===
[2026-09-18T08:38:24.955131Z] === Watch cycle start ===
[2026-09-18T08:38:24.960382Z] Registered new inbound task: probe-001
[2026-09-18T08:38:24.961827Z] Closed probe probe-001 (RECEIPT)
[2026-09-18T08:38:24.962477Z] Closed probe-001 via receipt
[2026-09-18T08:38:24.963633Z] === Cycle complete, pending=1 ===
[2026-09-18T08:38:54.964368Z] === Watch cycle start ===
[2026-09-18T08:38:54.968524Z] Registered new inbound task: probe-001
[2026-09-18T08:38:54.969509Z] Closed probe probe-001 (RECEIPT)
[2026-09-18T08:38:54.969936Z] Closed probe-001 via receipt
[2026-09-18T08:38:54.970756Z] === Cycle complete, pending=1 ===
[2026-09-18T08:39:24.971259Z] === Watch cycle start ===
[2026-09-18T08:39:24.978943Z] Registered new inbound task: probe-001
[2026-09-18T08:39:24.980825Z] Closed probe probe-001 (RECEIPT)
[2026-09-18T08:39:24.981501Z] Closed probe-001 via receipt
[2026-09-18T08:39:24.982697Z] === Cycle complete, pending=1 ===
[2026-09-18T08:39:54.986909Z] === Watch cycle start ===
[2026-09-18T08:39:54.997474Z] Registered new inbound task: probe-001
[2026-09-18T08:39:54.999050Z] Closed probe probe-001 (RECEIPT)
[2026-09-18T08:39:54.999659Z] Closed probe-001 via receipt
[2026-09-18T08:39:55.001035Z] === Cycle complete, pending=1 ===
[2026-09-18T08:40:25.001735Z] === Watch cycle start ===
[2026-09-18T08:40:25.005413Z] Registered new inbound task: probe-001
[2026-09-18T08:40:25.006444Z] Closed probe probe-001 (RECEIPT)
[2026-09-18T08:40:25.006906Z] Closed probe-001 via receipt
[2026-09-18T08:40:25.007898Z] === Cycle complete, pending=1 ===
[2026-09-18T08:40:55.009110Z] === Watch cycle start ===
[2026-09-18T08:40:55.016463Z] Registered new inbound task: probe-001
[2026-09-18T08:40:55.017498Z] Closed probe probe-001 (RECEIPT)
[2026-09-18T08:40:55.017956Z] Closed probe-001 via receipt
[2026-09-18T08:40:55.018891Z] === Cycle complete, pending=1 ===
[2026-09-18T08:41:25.019529Z] === Watch cycle start ===
[2026-09-18T08:41:25.023196Z] Registered new inbound task: probe-001
[2026-09-18T08:41:25.024234Z] Closed probe probe-001 (RECEIPT)
[2026-09-18T08:41:25.024735Z] Closed probe-001 via receipt
[2026-09-18T08:41:25.025722Z] === Cycle complete, pending=1 ===
[2026-09-18T08:41:55.027363Z] === Watch cycle start ===
[2026-09-18T08:41:55.037286Z] Registered new inbound task: probe-001
[2026-09-18T08:41:55.038642Z] Closed probe probe-001 (RECEIPT)
[2026-09-18T08:41:55.039413Z] Closed probe-001 via receipt
[2026-09-18T08:41:55.043290Z] === Cycle complete, pending=1 ===
[2026-09-18T08:42:25.044264Z] === Watch cycle start ===
[2026-09-18T08:42:25.047720Z] Registered new inbound task: probe-001
[2026-09-18T08:42:25.048737Z] Closed probe probe-001 (RECEIPT)
[2026-09-18T08:42:25.049211Z] Closed probe-001 via receipt
[2026-09-18T08:42:25.050078Z] === Cycle complete, pending=1 ===
[2026-09-18T08:42:55.051195Z] === Watch cycle start ===
[2026-09-18T08:42:55.058742Z] Registered new inbound task: probe-001
[2026-09-18T08:42:55.064939Z] Closed probe probe-001 (RECEIPT)
[2026-09-18T08:42:55.067556Z] Closed probe-001 via receipt
[2026-09-18T08:42:55.070377Z] === Cycle complete, pending=1 ===
[2026-09-18T08:43:25.075739Z] === Watch cycle start ===
[2026-09-18T08:43:25.079620Z] Registered new inbound task: probe-001
[2026-09-18T08:43:25.080659Z] Closed probe probe-001 (RECEIPT)
[2026-09-18T08:43:25.081163Z] Closed probe-001 via receipt
[2026-09-18T08:43:25.082161Z] === Cycle complete, pending=1 ===
[2026-09-18T08:43:55.083533Z] === Watch cycle start ===
[2026-09-18T08:43:55.088828Z] Registered new inbound task: probe-001
[2026-09-18T08:43:55.089828Z] Closed probe probe-001 (RECEIPT)
[2026-09-18T08:43:55.090257Z] Closed probe-001 via receipt
[2026-09-18T08:43:55.091511Z] === Cycle complete, pending=1 ===
[2026-09-18T08:44:25.092810Z] === Watch cycle start ===
[2026-09-18T08:44:25.096213Z] Registered new inbound task: probe-001
[2026-09-18T08:44:25.098123Z] Closed probe probe-001 (RECEIPT)
[2026-09-18T08:44:25.098622Z] Closed probe-001 via receipt
[2026-09-18T08:44:25.099672Z] === Cycle complete, pending=1 ===
[2026-09-18T08:44:55.100412Z] === Watch cycle start ===
[2026-09-18T08:44:55.110562Z] Registered new inbound task: probe-001
[2026-09-18T08:44:55.111609Z] Closed probe probe-001 (RECEIPT)
[2026-09-18T08:44:55.112097Z] Closed probe-001 via receipt
[2026-09-18T08:44:55.112982Z] === Cycle complete, pending=1 ===
[2026-09-18T08:45:25.113622Z] === Watch cycle start ===
[2026-09-18T08:45:25.117290Z] Registered new inbound task: probe-001
[2026-09-18T08:45:25.118310Z] Closed probe probe-001 (RECEIPT)
[2026-09-18T08:45:25.118786Z] Closed probe-001 via receipt
[2026-09-18T08:45:25.119663Z] === Cycle complete, pending=1 ===
[2026-09-18T08:45:55.120836Z] === Watch cycle start ===
[2026-09-18T08:45:55.126748Z] Registered new inbound task: probe-001
[2026-09-18T08:45:55.137991Z] Closed probe probe-001 (RECEIPT)
[2026-09-18T08:45:55.138479Z] Closed probe-001 via receipt
[2026-09-18T08:45:55.139506Z] === Cycle complete, pending=1 ===
[2026-09-18T08:46:25.140493Z] === Watch cycle start ===
[2026-09-18T08:46:25.144350Z] Registered new inbound task: probe-001
[2026-09-18T08:46:25.145584Z] Closed probe probe-001 (RECEIPT)
[2026-09-18T08:46:25.146467Z] Closed probe-001 via receipt
[2026-09-18T08:46:25.148730Z] === Cycle complete, pending=1 ===
[2026-09-18T08:46:55.149707Z] === Watch cycle start ===
[2026-09-18T08:46:55.164538Z] Registered new inbound task: probe-001
[2026-09-18T08:46:55.170880Z] Closed probe probe-001 (RECEIPT)
[2026-09-18T08:46:55.171567Z] Closed probe-001 via receipt
[2026-09-18T08:46:55.172689Z] === Cycle complete, pending=1 ===
[2026-09-18T08:47:25.173659Z] === Watch cycle start ===
[2026-09-18T08:47:25.178366Z] Registered new inbound task: probe-001
[2026-09-18T08:47:25.179873Z] Closed probe probe-001 (RECEIPT)
[2026-09-18T08:47:25.180407Z] Closed probe-001 via receipt
[2026-09-18T08:47:25.181766Z] === Cycle complete, pending=1 ===
[2026-09-18T08:47:55.183501Z] === Watch cycle start ===
[2026-09-18T08:47:55.187732Z] Registered new inbound task: probe-001
[2026-09-18T08:47:55.188739Z] Closed probe probe-001 (RECEIPT)
[2026-09-18T08:47:55.189203Z] Closed probe-001 via receipt
[2026-09-18T08:47:55.190051Z] === Cycle complete, pending=1 ===
[2026-09-18T08:48:25.191325Z] === Watch cycle start ===
[2026-09-18T08:48:25.195467Z] Registered new inbound task: probe-001
[2026-09-18T08:48:25.196517Z] Closed probe probe-001 (RECEIPT)
[2026-09-18T08:48:25.197006Z] Closed probe-001 via receipt
[2026-09-18T08:48:25.198182Z] === Cycle complete, pending=1 ===
[2026-09-18T08:48:55.200540Z] === Watch cycle start ===
[2026-09-18T08:48:55.209524Z] Registered new inbound task: probe-001
[2026-09-18T08:48:55.210590Z] Closed probe probe-001 (RECEIPT)
[2026-09-18T08:48:55.211074Z] Closed probe-001 via receipt
[2026-09-18T08:48:55.211960Z] === Cycle complete, pending=1 ===
[2026-09-18T08:49:25.214624Z] === Watch cycle start ===
[2026-09-18T08:49:25.219538Z] Registered new inbound task: probe-001
[2026-09-18T08:49:25.220724Z] Closed probe probe-001 (RECEIPT)
[2026-09-18T08:49:25.221399Z] Closed probe-001 via receipt
[2026-09-18T08:49:25.222614Z] === Cycle complete, pending=1 ===
[2026-09-18T08:49:55.223753Z] === Watch cycle start ===
[2026-09-18T08:49:55.229515Z] Registered new inbound task: probe-001
[2026-09-18T08:49:55.241240Z] Closed probe probe-001 (RECEIPT)
[2026-09-18T08:49:55.241733Z] Closed probe-001 via receipt
[2026-09-18T08:49:55.242164Z] STALE: soak-001 past deadline + 30min grace
[2026-09-18T08:49:55.242973Z] === Cycle complete, pending=0 ===
[2026-09-18T08:50:25.243581Z] === Watch cycle start ===
[2026-09-18T08:50:25.254400Z] Registered new inbound task: probe-001
[2026-09-18T08:50:25.254985Z] Registered new inbound task: soak-001
[2026-09-18T08:50:25.256010Z] Closed probe probe-001 (RECEIPT)
[2026-09-18T08:50:25.256525Z] Closed probe-001 via receipt
[2026-09-18T08:50:25.257395Z] === Cycle complete, pending=1 ===
[2026-09-18T08:50:55.258114Z] === Watch cycle start ===
[2026-09-18T08:50:55.275492Z] Registered new inbound task: probe-001
[2026-09-18T08:50:55.276723Z] Closed probe probe-001 (RECEIPT)
[2026-09-18T08:50:55.277260Z] Closed probe-001 via receipt
[2026-09-18T08:50:55.278323Z] === Cycle complete, pending=1 ===
[2026-09-18T08:51:25.278963Z] === Watch cycle start ===
[2026-09-18T08:51:25.284340Z] Registered new inbound task: probe-001
[2026-09-18T08:51:25.285674Z] Closed probe probe-001 (RECEIPT)
[2026-09-18T08:51:25.286229Z] Closed probe-001 via receipt
[2026-09-18T08:51:25.287248Z] === Cycle complete, pending=1 ===
[2026-09-18T08:51:55.288402Z] === Watch cycle start ===
[2026-09-18T08:51:55.300042Z] Registered new inbound task: probe-001
[2026-09-18T08:51:55.304986Z] Closed probe probe-001 (RECEIPT)
[2026-09-18T08:51:55.306692Z] Closed probe-001 via receipt
[2026-09-18T08:51:55.308997Z] === Cycle complete, pending=1 ===
[2026-09-18T08:52:25.311882Z] === Watch cycle start ===
[2026-09-18T08:52:25.315508Z] Registered new inbound task: probe-001
[2026-09-18T08:52:25.316590Z] Closed probe probe-001 (RECEIPT)
[2026-09-18T08:52:25.317083Z] Closed probe-001 via receipt
[2026-09-18T08:52:25.317967Z] === Cycle complete, pending=1 ===
[2026-09-18T08:52:55.318775Z] === Watch cycle start ===
[2026-09-18T08:52:55.325535Z] Registered new inbound task: probe-001
[2026-09-18T08:52:55.326855Z] Closed probe probe-001 (RECEIPT)
[2026-09-18T08:52:55.327608Z] Closed probe-001 via receipt
[2026-09-18T08:52:55.328619Z] === Cycle complete, pending=1 ===
[2026-09-18T08:53:25.329744Z] === Watch cycle start ===
[2026-09-18T08:53:25.333735Z] Registered new inbound task: probe-001
[2026-09-18T08:53:25.334985Z] Closed probe probe-001 (RECEIPT)
[2026-09-18T08:53:25.335976Z] Closed probe-001 via receipt
[2026-09-18T08:53:25.337029Z] === Cycle complete, pending=1 ===
[2026-09-18T08:53:55.338656Z] === Watch cycle start ===
[2026-09-18T08:53:55.343297Z] Registered new inbound task: probe-001
[2026-09-18T08:53:55.344303Z] Closed probe probe-001 (RECEIPT)
[2026-09-18T08:53:55.344781Z] Closed probe-001 via receipt
[2026-09-18T08:53:55.345664Z] === Cycle complete, pending=1 ===
[2026-09-18T08:54:25.347385Z] === Watch cycle start ===
[2026-09-18T08:54:25.352774Z] Registered new inbound task: probe-001
[2026-09-18T08:54:25.354015Z] Closed probe probe-001 (RECEIPT)
[2026-09-18T08:54:25.354614Z] Closed probe-001 via receipt
[2026-09-18T08:54:25.355723Z] === Cycle complete, pending=1 ===
[2026-09-18T08:54:55.356655Z] === Watch cycle start ===
[2026-09-18T08:54:55.364246Z] Registered new inbound task: probe-001
[2026-09-18T08:54:55.365434Z] Closed probe probe-001 (RECEIPT)
[2026-09-18T08:54:55.365972Z] Closed probe-001 via receipt
[2026-09-18T08:54:55.367575Z] === Cycle complete, pending=1 ===
[2026-09-18T08:55:25.370509Z] === Watch cycle start ===
[2026-09-18T08:55:25.373844Z] Registered new inbound task: probe-001
[2026-09-18T08:55:25.374864Z] Closed probe probe-001 (RECEIPT)
[2026-09-18T08:55:25.375340Z] Closed probe-001 via receipt
[2026-09-18T08:55:25.376345Z] === Cycle complete, pending=1 ===
[2026-09-18T08:55:55.378343Z] === Watch cycle start ===
[2026-09-18T08:55:55.388287Z] Registered new inbound task: probe-001
[2026-09-18T08:55:55.389469Z] Closed probe probe-001 (RECEIPT)
[2026-09-18T08:55:55.390004Z] Closed probe-001 via receipt
[2026-09-18T08:55:55.391162Z] === Cycle complete, pending=1 ===
[2026-09-18T08:56:25.391926Z] === Watch cycle start ===
[2026-09-18T08:56:25.395223Z] Registered new inbound task: probe-001
[2026-09-18T08:56:25.396226Z] Closed probe probe-001 (RECEIPT)
[2026-09-18T08:56:25.396708Z] Closed probe-001 via receipt
[2026-09-18T08:56:25.397577Z] === Cycle complete, pending=1 ===
[2026-09-18T08:56:55.398926Z] === Watch cycle start ===
[2026-09-18T08:56:55.404748Z] Registered new inbound task: probe-001
[2026-09-18T08:56:55.405784Z] Closed probe probe-001 (RECEIPT)
[2026-09-18T08:56:55.406217Z] Closed probe-001 via receipt
[2026-09-18T08:56:55.407103Z] === Cycle complete, pending=1 ===
[2026-09-18T08:57:25.408084Z] === Watch cycle start ===
[2026-09-18T08:57:25.412028Z] Registered new inbound task: probe-001
[2026-09-18T08:57:25.413056Z] Closed probe probe-001 (RECEIPT)
[2026-09-18T08:57:25.413523Z] Closed probe-001 via receipt
[2026-09-18T08:57:25.414395Z] === Cycle complete, pending=1 ===
[2026-09-18T08:57:55.415625Z] === Watch cycle start ===
[2026-09-18T08:57:55.421765Z] Registered new inbound task: probe-001
[2026-09-18T08:57:55.423183Z] Closed probe probe-001 (RECEIPT)
[2026-09-18T08:57:55.423708Z] Closed probe-001 via receipt
[2026-09-18T08:57:55.424705Z] === Cycle complete, pending=1 ===
[2026-09-18T08:58:25.426207Z] === Watch cycle start ===
[2026-09-18T08:58:25.437433Z] Registered new inbound task: probe-001
[2026-09-18T08:58:25.438775Z] Closed probe probe-001 (RECEIPT)
[2026-09-18T08:58:25.439384Z] Closed probe-001 via receipt
[2026-09-18T08:58:25.440361Z] === Cycle complete, pending=1 ===
[2026-09-18T08:58:55.441766Z] === Watch cycle start ===
[2026-09-18T08:58:55.452531Z] Registered new inbound task: probe-001
[2026-09-18T08:58:55.457519Z] Closed probe probe-001 (RECEIPT)
[2026-09-18T08:58:55.458160Z] Closed probe-001 via receipt
[2026-09-18T08:58:55.459227Z] === Cycle complete, pending=1 ===
[2026-09-18T08:59:25.463115Z] === Watch cycle start ===
[2026-09-18T08:59:25.467379Z] Registered new inbound task: probe-001
[2026-09-18T08:59:25.468649Z] Closed probe probe-001 (RECEIPT)
[2026-09-18T08:59:25.469166Z] Closed probe-001 via receipt
[2026-09-18T08:59:25.470402Z] === Cycle complete, pending=1 ===
[2026-09-18T08:59:55.471400Z] === Watch cycle start ===
[2026-09-18T08:59:55.490976Z] Registered new inbound task: probe-001
[2026-09-18T08:59:55.503968Z] Closed probe probe-001 (RECEIPT)
[2026-09-18T08:59:55.508415Z] Closed probe-001 via receipt
[2026-09-18T08:59:55.510724Z] === Cycle complete, pending=1 ===
[2026-09-18T09:00:25.520245Z] === Watch cycle start ===
[2026-09-18T09:00:25.524514Z] Registered new inbound task: probe-001
[2026-09-18T09:00:25.526452Z] Closed probe probe-001 (RECEIPT)
[2026-09-18T09:00:25.527614Z] Closed probe-001 via receipt
[2026-09-18T09:00:25.528641Z] === Cycle complete, pending=1 ===
[2026-09-18T09:00:55.529367Z] === Watch cycle start ===
[2026-09-18T09:00:55.534758Z] Registered new inbound task: probe-001
[2026-09-18T09:00:55.535877Z] Closed probe probe-001 (RECEIPT)
[2026-09-18T09:00:55.536446Z] Closed probe-001 via receipt
[2026-09-18T09:00:55.537314Z] === Cycle complete, pending=1 ===
[2026-09-18T09:01:25.538756Z] === Watch cycle start ===
[2026-09-18T09:01:25.544477Z] Registered new inbound task: probe-001
[2026-09-18T09:01:25.545590Z] Closed probe probe-001 (RECEIPT)
[2026-09-18T09:01:25.546115Z] Closed probe-001 via receipt
[2026-09-18T09:01:25.547137Z] === Cycle complete, pending=1 ===
[2026-09-18T09:01:55.548157Z] === Watch cycle start ===
[2026-09-18T09:01:55.554977Z] Registered new inbound task: probe-001
[2026-09-18T09:01:55.556155Z] Closed probe probe-001 (RECEIPT)
[2026-09-18T09:01:55.556720Z] Closed probe-001 via receipt
[2026-09-18T09:01:55.557723Z] === Cycle complete, pending=1 ===
[2026-09-18T09:02:25.558552Z] === Watch cycle start ===
[2026-09-18T09:02:25.563309Z] Registered new inbound task: probe-001
[2026-09-18T09:02:25.564781Z] Closed probe probe-001 (RECEIPT)
[2026-09-18T09:02:25.565832Z] Closed probe-001 via receipt
[2026-09-18T09:02:25.567325Z] === Cycle complete, pending=1 ===
[2026-09-18T09:02:55.568802Z] === Watch cycle start ===
[2026-09-18T09:02:55.574900Z] Registered new inbound task: probe-001
[2026-09-18T09:02:55.576313Z] Closed probe probe-001 (RECEIPT)
[2026-09-18T09:02:55.576930Z] Closed probe-001 via receipt
[2026-09-18T09:02:55.579151Z] === Cycle complete, pending=1 ===
[2026-09-18T09:03:25.579790Z] === Watch cycle start ===
[2026-09-18T09:03:25.584143Z] Registered new inbound task: probe-001
[2026-09-18T09:03:25.585283Z] Closed probe probe-001 (RECEIPT)
[2026-09-18T09:03:25.585787Z] Closed probe-001 via receipt
[2026-09-18T09:03:25.586670Z] === Cycle complete, pending=1 ===
[2026-09-18T09:03:55.588149Z] === Watch cycle start ===
[2026-09-18T09:03:55.594422Z] Registered new inbound task: probe-001
[2026-09-18T09:03:55.595444Z] Closed probe probe-001 (RECEIPT)
[2026-09-18T09:03:55.595909Z] Closed probe-001 via receipt
[2026-09-18T09:03:55.596911Z] === Cycle complete, pending=1 ===
[2026-09-18T09:04:25.597704Z] === Watch cycle start ===
[2026-09-18T09:04:25.603475Z] Registered new inbound task: probe-001
[2026-09-18T09:04:25.604554Z] Closed probe probe-001 (RECEIPT)
[2026-09-18T09:04:25.605026Z] Closed probe-001 via receipt
[2026-09-18T09:04:25.605895Z] === Cycle complete, pending=1 ===
[2026-09-18T09:04:55.607269Z] === Watch cycle start ===
[2026-09-18T09:04:55.611888Z] Registered new inbound task: probe-001
[2026-09-18T09:04:55.612952Z] Closed probe probe-001 (RECEIPT)
[2026-09-18T09:04:55.613398Z] Closed probe-001 via receipt
[2026-09-18T09:04:55.614322Z] === Cycle complete, pending=1 ===
[2026-09-18T09:05:25.615016Z] === Watch cycle start ===
[2026-09-18T09:05:25.618475Z] Registered new inbound task: probe-001
[2026-09-18T09:05:25.619472Z] Closed probe probe-001 (RECEIPT)
[2026-09-18T09:05:25.619977Z] Closed probe-001 via receipt
[2026-09-18T09:05:25.620900Z] === Cycle complete, pending=1 ===
[2026-09-18T09:05:55.621572Z] === Watch cycle start ===
[2026-09-18T09:05:55.630459Z] Registered new inbound task: probe-001
[2026-09-18T09:05:55.631788Z] Closed probe probe-001 (RECEIPT)
[2026-09-18T09:05:55.632389Z] Closed probe-001 via receipt
[2026-09-18T09:05:55.633678Z] === Cycle complete, pending=1 ===
[2026-09-18T09:06:25.634877Z] === Watch cycle start ===
[2026-09-18T09:06:25.639506Z] Registered new inbound task: probe-001
[2026-09-18T09:06:25.641577Z] Closed probe probe-001 (RECEIPT)
[2026-09-18T09:06:25.642450Z] Closed probe-001 via receipt
[2026-09-18T09:06:25.643554Z] === Cycle complete, pending=1 ===
[2026-09-18T09:06:55.644294Z] === Watch cycle start ===
[2026-09-18T09:06:55.651153Z] Registered new inbound task: probe-001
[2026-09-18T09:06:55.652132Z] Closed probe probe-001 (RECEIPT)
[2026-09-18T09:06:55.652599Z] Closed probe-001 via receipt
[2026-09-18T09:06:55.653456Z] === Cycle complete, pending=1 ===
[2026-09-18T09:07:25.654072Z] === Watch cycle start ===
[2026-09-18T09:07:25.658234Z] Registered new inbound task: probe-001
[2026-09-18T09:07:25.659321Z] Closed probe probe-001 (RECEIPT)
[2026-09-18T09:07:25.659788Z] Closed probe-001 via receipt
[2026-09-18T09:07:25.661007Z] === Cycle complete, pending=1 ===
[2026-09-18T09:07:55.663308Z] === Watch cycle start ===
[2026-09-18T09:07:55.671602Z] Registered new inbound task: probe-001
[2026-09-18T09:07:55.672865Z] Closed probe probe-001 (RECEIPT)
[2026-09-18T09:07:55.673410Z] Closed probe-001 via receipt
[2026-09-18T09:07:55.674570Z] === Cycle complete, pending=1 ===
[2026-09-18T09:08:25.676227Z] === Watch cycle start ===
[2026-09-18T09:08:25.680354Z] Registered new inbound task: probe-001
[2026-09-18T09:08:25.683378Z] Closed probe probe-001 (RECEIPT)
[2026-09-18T09:08:25.683907Z] Closed probe-001 via receipt
[2026-09-18T09:08:25.684882Z] === Cycle complete, pending=1 ===
[2026-09-18T09:08:55.685697Z] === Watch cycle start ===
[2026-09-18T09:08:55.691458Z] Registered new inbound task: probe-001
[2026-09-18T09:08:55.692448Z] Closed probe probe-001 (RECEIPT)
[2026-09-18T09:08:55.692925Z] Closed probe-001 via receipt
[2026-09-18T09:08:55.693784Z] === Cycle complete, pending=1 ===
[2026-09-18T09:09:25.695372Z] === Watch cycle start ===
[2026-09-18T09:09:25.700353Z] Registered new inbound task: probe-001
[2026-09-18T09:09:25.701616Z] Closed probe probe-001 (RECEIPT)
[2026-09-18T09:09:25.702092Z] Closed probe-001 via receipt
[2026-09-18T09:09:25.703237Z] === Cycle complete, pending=1 ===
[2026-09-18T09:09:55.707283Z] === Watch cycle start ===
[2026-09-18T09:09:55.719278Z] Registered new inbound task: probe-001
[2026-09-18T09:09:55.724094Z] Closed probe probe-001 (RECEIPT)
[2026-09-18T09:09:55.724709Z] Closed probe-001 via receipt
[2026-09-18T09:09:55.725996Z] === Cycle complete, pending=1 ===
[2026-09-18T09:10:25.729919Z] === Watch cycle start ===
[2026-09-18T09:10:25.734158Z] Registered new inbound task: probe-001
[2026-09-18T09:10:25.736157Z] Closed probe probe-001 (RECEIPT)
[2026-09-18T09:10:25.736916Z] Closed probe-001 via receipt
[2026-09-18T09:10:25.738198Z] === Cycle complete, pending=1 ===
[2026-09-18T09:10:55.739502Z] === Watch cycle start ===
[2026-09-18T09:10:55.745393Z] Registered new inbound task: probe-001
[2026-09-18T09:10:55.747021Z] Closed probe probe-001 (RECEIPT)
[2026-09-18T09:10:55.747547Z] Closed probe-001 via receipt
[2026-09-18T09:10:55.748791Z] === Cycle complete, pending=1 ===
[2026-09-18T09:11:25.749621Z] === Watch cycle start ===
[2026-09-18T09:11:25.753313Z] Registered new inbound task: probe-001
[2026-09-18T09:11:25.754382Z] Closed probe probe-001 (RECEIPT)
[2026-09-18T09:11:25.754840Z] Closed probe-001 via receipt
[2026-09-18T09:11:25.755691Z] === Cycle complete, pending=1 ===
[2026-09-18T09:11:55.756246Z] === Watch cycle start ===
[2026-09-18T09:11:55.762375Z] Registered new inbound task: probe-001
[2026-09-18T09:11:55.763488Z] Closed probe probe-001 (RECEIPT)
[2026-09-18T09:11:55.764255Z] Closed probe-001 via receipt
[2026-09-18T09:11:55.765468Z] === Cycle complete, pending=1 ===
[2026-09-18T09:12:25.766291Z] === Watch cycle start ===
[2026-09-18T09:12:25.769985Z] Registered new inbound task: probe-001
[2026-09-18T09:12:25.771010Z] Closed probe probe-001 (RECEIPT)
[2026-09-18T09:12:25.771505Z] Closed probe-001 via receipt
[2026-09-18T09:12:25.772470Z] === Cycle complete, pending=1 ===
[2026-09-18T09:12:55.773247Z] === Watch cycle start ===
[2026-09-18T09:12:55.780095Z] Registered new inbound task: probe-001
[2026-09-18T09:12:55.781933Z] Closed probe probe-001 (RECEIPT)
[2026-09-18T09:12:55.782820Z] Closed probe-001 via receipt
[2026-09-18T09:12:55.784319Z] === Cycle complete, pending=1 ===
[2026-09-18T09:13:25.785158Z] === Watch cycle start ===
[2026-09-18T09:13:25.790651Z] Registered new inbound task: probe-001
[2026-09-18T09:13:25.802128Z] Closed probe probe-001 (RECEIPT)
[2026-09-18T09:13:25.803409Z] Closed probe-001 via receipt
[2026-09-18T09:13:25.806253Z] === Cycle complete, pending=1 ===
[2026-09-18T09:13:55.808002Z] === Watch cycle start ===
[2026-09-18T09:13:55.820042Z] Registered new inbound task: probe-001
[2026-09-18T09:13:55.821583Z] Closed probe probe-001 (RECEIPT)
[2026-09-18T09:13:55.822381Z] Closed probe-001 via receipt
[2026-09-18T09:13:55.823510Z] === Cycle complete, pending=1 ===
[2026-09-18T09:14:25.824231Z] === Watch cycle start ===
[2026-09-18T09:14:25.828477Z] Registered new inbound task: probe-001
[2026-09-18T09:14:25.830382Z] Closed probe probe-001 (RECEIPT)
[2026-09-18T09:14:25.830898Z] Closed probe-001 via receipt
[2026-09-18T09:14:25.831792Z] === Cycle complete, pending=1 ===
[2026-09-18T09:14:55.832634Z] === Watch cycle start ===
[2026-09-18T09:14:55.848173Z] Registered new inbound task: probe-001
[2026-09-18T09:14:55.850114Z] Closed probe probe-001 (RECEIPT)
[2026-09-18T09:14:55.852271Z] Closed probe-001 via receipt
[2026-09-18T09:14:55.853487Z] === Cycle complete, pending=1 ===
[2026-09-18T09:15:25.854179Z] === Watch cycle start ===
[2026-09-18T09:15:25.857843Z] Registered new inbound task: probe-001
[2026-09-18T09:15:25.858861Z] Closed probe probe-001 (RECEIPT)
[2026-09-18T09:15:25.859333Z] Closed probe-001 via receipt
[2026-09-18T09:15:25.860221Z] === Cycle complete, pending=1 ===
[2026-09-18T09:15:55.860798Z] === Watch cycle start ===
[2026-09-18T09:15:55.868593Z] Registered new inbound task: probe-001
[2026-09-18T09:15:55.869787Z] Closed probe probe-001 (RECEIPT)
[2026-09-18T09:15:55.870267Z] Closed probe-001 via receipt
[2026-09-18T09:15:55.871152Z] === Cycle complete, pending=1 ===
[2026-09-18T09:16:25.872699Z] === Watch cycle start ===
[2026-09-18T09:16:25.878809Z] Registered new inbound task: probe-001
[2026-09-18T09:16:25.880291Z] Closed probe probe-001 (RECEIPT)
[2026-09-18T09:16:25.881130Z] Closed probe-001 via receipt
[2026-09-18T09:16:25.882542Z] === Cycle complete, pending=1 ===
[2026-09-18T09:16:55.883452Z] === Watch cycle start ===
[2026-09-18T09:16:55.888710Z] Registered new inbound task: probe-001
[2026-09-18T09:16:55.899876Z] Closed probe probe-001 (RECEIPT)
[2026-09-18T09:16:55.900399Z] Closed probe-001 via receipt
[2026-09-18T09:16:55.901607Z] === Cycle complete, pending=1 ===
[2026-09-18T09:17:25.903009Z] === Watch cycle start ===
[2026-09-18T09:17:25.906485Z] Registered new inbound task: probe-001
[2026-09-18T09:17:25.907529Z] Closed probe probe-001 (RECEIPT)
[2026-09-18T09:17:25.908012Z] Closed probe-001 via receipt
[2026-09-18T09:17:25.908944Z] === Cycle complete, pending=1 ===
[2026-09-18T09:17:55.910396Z] === Watch cycle start ===
[2026-09-18T09:17:55.914611Z] Registered new inbound task: probe-001
[2026-09-18T09:17:55.915595Z] Closed probe probe-001 (RECEIPT)
[2026-09-18T09:17:55.916050Z] Closed probe-001 via receipt
[2026-09-18T09:17:55.916909Z] === Cycle complete, pending=1 ===
[2026-09-18T09:18:25.918635Z] === Watch cycle start ===
[2026-09-18T09:18:25.922824Z] Registered new inbound task: probe-001
[2026-09-18T09:18:25.924179Z] Closed probe probe-001 (RECEIPT)
[2026-09-18T09:18:25.924751Z] Closed probe-001 via receipt
[2026-09-18T09:18:25.926044Z] === Cycle complete, pending=1 ===
[2026-09-18T09:18:55.926924Z] === Watch cycle start ===
[2026-09-18T09:18:55.934313Z] Registered new inbound task: probe-001
[2026-09-18T09:18:55.935324Z] Closed probe probe-001 (RECEIPT)
[2026-09-18T09:18:55.935768Z] Closed probe-001 via receipt
[2026-09-18T09:18:55.936728Z] === Cycle complete, pending=1 ===
[2026-09-18T09:19:25.937538Z] === Watch cycle start ===
[2026-09-18T09:19:25.941064Z] Registered new inbound task: probe-001
[2026-09-18T09:19:25.942090Z] Closed probe probe-001 (RECEIPT)
[2026-09-18T09:19:25.942561Z] Closed probe-001 via receipt
[2026-09-18T09:19:25.943419Z] === Cycle complete, pending=1 ===
[2026-09-18T09:19:55.944065Z] === Watch cycle start ===
[2026-09-18T09:19:55.948154Z] Registered new inbound task: probe-001
[2026-09-18T09:19:55.949206Z] Closed probe probe-001 (RECEIPT)
[2026-09-18T09:19:55.949646Z] Closed probe-001 via receipt
[2026-09-18T09:19:55.950566Z] === Cycle complete, pending=1 ===
[2026-09-18T09:20:25.951276Z] === Watch cycle start ===
[2026-09-18T09:20:25.954743Z] Registered new inbound task: probe-001
[2026-09-18T09:20:25.956598Z] Closed probe probe-001 (RECEIPT)
[2026-09-18T09:20:25.958013Z] Closed probe-001 via receipt
[2026-09-18T09:20:25.958942Z] === Cycle complete, pending=1 ===
[2026-09-18T09:20:55.959643Z] === Watch cycle start ===
[2026-09-18T09:20:55.963429Z] Registered new inbound task: probe-001
[2026-09-18T09:20:55.964443Z] Closed probe probe-001 (RECEIPT)
[2026-09-18T09:20:55.965133Z] Closed probe-001 via receipt
[2026-09-18T09:20:55.966603Z] === Cycle complete, pending=1 ===
[2026-09-18T09:21:25.968088Z] === Watch cycle start ===
[2026-09-18T09:21:25.973409Z] Registered new inbound task: probe-001
[2026-09-18T09:21:25.978073Z] Closed probe probe-001 (RECEIPT)
[2026-09-18T09:21:25.981062Z] Closed probe-001 via receipt
[2026-09-18T09:21:25.982509Z] === Cycle complete, pending=1 ===
[2026-09-18T09:21:55.983413Z] === Watch cycle start ===
[2026-09-18T09:21:55.989390Z] Registered new inbound task: probe-001
[2026-09-18T09:21:55.994011Z] Closed probe probe-001 (RECEIPT)
[2026-09-18T09:21:55.994765Z] Closed probe-001 via receipt
[2026-09-18T09:21:55.999096Z] === Cycle complete, pending=1 ===
[2026-09-18T09:22:26.000607Z] === Watch cycle start ===
[2026-09-18T09:22:26.004737Z] Registered new inbound task: probe-001
[2026-09-18T09:22:26.005984Z] Closed probe probe-001 (RECEIPT)
[2026-09-18T09:22:26.006531Z] Closed probe-001 via receipt
[2026-09-18T09:22:26.007747Z] === Cycle complete, pending=1 ===
[2026-09-18T09:22:56.008727Z] === Watch cycle start ===
[2026-09-18T09:22:56.015328Z] Registered new inbound task: probe-001
[2026-09-18T09:22:56.017191Z] Closed probe probe-001 (RECEIPT)
[2026-09-18T09:22:56.017930Z] Closed probe-001 via receipt
[2026-09-18T09:22:56.019006Z] === Cycle complete, pending=1 ===
[2026-09-18T09:23:26.019634Z] === Watch cycle start ===
[2026-09-18T09:23:26.023158Z] Registered new inbound task: probe-001
[2026-09-18T09:23:26.024176Z] Closed probe probe-001 (RECEIPT)
[2026-09-18T09:23:26.024650Z] Closed probe-001 via receipt
[2026-09-18T09:23:26.025516Z] === Cycle complete, pending=1 ===
[2026-09-18T09:23:56.026507Z] === Watch cycle start ===
[2026-09-18T09:23:56.035300Z] Registered new inbound task: probe-001
[2026-09-18T09:23:56.037503Z] Closed probe probe-001 (RECEIPT)
[2026-09-18T09:23:56.038355Z] Closed probe-001 via receipt
[2026-09-18T09:23:56.039380Z] === Cycle complete, pending=1 ===
[2026-09-18T09:24:26.040806Z] === Watch cycle start ===
[2026-09-18T09:24:26.044389Z] Registered new inbound task: probe-001
[2026-09-18T09:24:26.045411Z] Closed probe probe-001 (RECEIPT)
[2026-09-18T09:24:26.045916Z] Closed probe-001 via receipt
[2026-09-18T09:24:26.046852Z] === Cycle complete, pending=1 ===
[2026-09-18T09:24:56.047461Z] === Watch cycle start ===
[2026-09-18T09:24:56.052323Z] Registered new inbound task: probe-001
[2026-09-18T09:24:56.053333Z] Closed probe probe-001 (RECEIPT)
[2026-09-18T09:24:56.054195Z] Closed probe-001 via receipt
[2026-09-18T09:24:56.056663Z] === Cycle complete, pending=1 ===
[2026-09-18T09:25:26.057792Z] === Watch cycle start ===
[2026-09-18T09:25:26.061641Z] Registered new inbound task: probe-001
[2026-09-18T09:25:26.062663Z] Closed probe probe-001 (RECEIPT)
[2026-09-18T09:25:26.063181Z] Closed probe-001 via receipt
[2026-09-18T09:25:26.064053Z] === Cycle complete, pending=1 ===
[2026-09-18T09:25:56.064669Z] === Watch cycle start ===
[2026-09-18T09:25:56.071886Z] Registered new inbound task: probe-001
[2026-09-18T09:25:56.072948Z] Closed probe probe-001 (RECEIPT)
[2026-09-18T09:25:56.073449Z] Closed probe-001 via receipt
[2026-09-18T09:25:56.074335Z] === Cycle complete, pending=1 ===
[2026-09-18T09:26:26.074952Z] === Watch cycle start ===
[2026-09-18T09:26:26.079572Z] Registered new inbound task: probe-001
[2026-09-18T09:26:26.080947Z] Closed probe probe-001 (RECEIPT)
[2026-09-18T09:26:26.081631Z] Closed probe-001 via receipt
[2026-09-18T09:26:26.082765Z] === Cycle complete, pending=1 ===
[2026-09-18T09:26:56.086510Z] === Watch cycle start ===
[2026-09-18T09:26:56.095200Z] Registered new inbound task: probe-001
[2026-09-18T09:26:56.098968Z] Closed probe probe-001 (RECEIPT)
[2026-09-18T09:26:56.123677Z] Closed probe-001 via receipt
[2026-09-18T09:26:56.129748Z] === Cycle complete, pending=1 ===
[2026-09-18T09:27:26.139838Z] === Watch cycle start ===
[2026-09-18T09:27:26.148079Z] Registered new inbound task: probe-001
[2026-09-18T09:27:26.149639Z] Closed probe probe-001 (RECEIPT)
[2026-09-18T09:27:26.150226Z] Closed probe-001 via receipt
[2026-09-18T09:27:26.151204Z] === Cycle complete, pending=1 ===
[2026-09-18T09:27:56.152629Z] === Watch cycle start ===
[2026-09-18T09:27:56.162103Z] Registered new inbound task: probe-001
[2026-09-18T09:27:56.163238Z] Closed probe probe-001 (RECEIPT)
[2026-09-18T09:27:56.163749Z] Closed probe-001 via receipt
[2026-09-18T09:27:56.164652Z] === Cycle complete, pending=1 ===
[2026-09-18T09:28:26.166164Z] === Watch cycle start ===
[2026-09-18T09:28:26.169858Z] Registered new inbound task: probe-001
[2026-09-18T09:28:26.170877Z] Closed probe probe-001 (RECEIPT)
[2026-09-18T09:28:26.171362Z] Closed probe-001 via receipt
[2026-09-18T09:28:26.172239Z] === Cycle complete, pending=1 ===
[2026-09-18T09:28:56.173515Z] === Watch cycle start ===
[2026-09-18T09:28:56.183903Z] Registered new inbound task: probe-001
[2026-09-18T09:28:56.185143Z] Closed probe probe-001 (RECEIPT)
[2026-09-18T09:28:56.185711Z] Closed probe-001 via receipt
[2026-09-18T09:28:56.186627Z] === Cycle complete, pending=1 ===
[2026-09-18T09:29:26.187975Z] === Watch cycle start ===
[2026-09-18T09:29:26.192433Z] Registered new inbound task: probe-001
[2026-09-18T09:29:26.193747Z] Closed probe probe-001 (RECEIPT)
[2026-09-18T09:29:26.194368Z] Closed probe-001 via receipt
[2026-09-18T09:29:26.195545Z] === Cycle complete, pending=1 ===
[2026-09-18T09:29:56.196262Z] === Watch cycle start ===
[2026-09-18T09:29:56.200004Z] Registered new inbound task: probe-001
[2026-09-18T09:29:56.200989Z] Closed probe probe-001 (RECEIPT)
[2026-09-18T09:29:56.201465Z] Closed probe-001 via receipt
[2026-09-18T09:29:56.202301Z] === Cycle complete, pending=1 ===
[2026-09-18T09:30:26.202888Z] === Watch cycle start ===
[2026-09-18T09:30:26.206164Z] Registered new inbound task: probe-001
[2026-09-18T09:30:26.207297Z] Closed probe probe-001 (RECEIPT)
[2026-09-18T09:30:26.207788Z] Closed probe-001 via receipt
[2026-09-18T09:30:26.208674Z] === Cycle complete, pending=1 ===
[2026-09-18T09:30:56.209474Z] === Watch cycle start ===
[2026-09-18T09:30:56.215268Z] Registered new inbound task: probe-001
[2026-09-18T09:30:56.217085Z] Closed probe probe-001 (RECEIPT)
[2026-09-18T09:30:56.217621Z] Closed probe-001 via receipt
[2026-09-18T09:30:56.218899Z] === Cycle complete, pending=1 ===
[2026-09-18T09:31:26.219660Z] === Watch cycle start ===
[2026-09-18T09:31:26.223195Z] Registered new inbound task: probe-001
[2026-09-18T09:31:26.224536Z] Closed probe probe-001 (RECEIPT)
[2026-09-18T09:31:26.226255Z] Closed probe-001 via receipt
[2026-09-18T09:31:26.227146Z] === Cycle complete, pending=1 ===
[2026-09-18T09:31:56.227902Z] === Watch cycle start ===
[2026-09-18T09:31:56.232066Z] Registered new inbound task: probe-001
[2026-09-18T09:31:56.235627Z] Closed probe probe-001 (RECEIPT)
[2026-09-18T09:31:56.236242Z] Closed probe-001 via receipt
[2026-09-18T09:31:56.237477Z] === Cycle complete, pending=1 ===
[2026-09-18T09:32:26.238385Z] === Watch cycle start ===
[2026-09-18T09:32:26.242738Z] Registered new inbound task: probe-001
[2026-09-18T09:32:26.243845Z] Closed probe probe-001 (RECEIPT)
[2026-09-18T09:32:26.244369Z] Closed probe-001 via receipt
[2026-09-18T09:32:26.245554Z] === Cycle complete, pending=1 ===
[2026-09-18T09:32:56.246684Z] === Watch cycle start ===
[2026-09-18T09:32:56.257278Z] Registered new inbound task: probe-001
[2026-09-18T09:32:56.258358Z] Closed probe probe-001 (RECEIPT)
[2026-09-18T09:32:56.258829Z] Closed probe-001 via receipt
[2026-09-18T09:32:56.259749Z] === Cycle complete, pending=1 ===
[2026-09-18T09:33:26.260389Z] === Watch cycle start ===
[2026-09-18T09:33:26.264237Z] Registered new inbound task: probe-001
[2026-09-18T09:33:26.265308Z] Closed probe probe-001 (RECEIPT)
[2026-09-18T09:33:26.265788Z] Closed probe-001 via receipt
[2026-09-18T09:33:26.266697Z] === Cycle complete, pending=1 ===
[2026-09-18T09:33:56.268011Z] === Watch cycle start ===
[2026-09-18T09:33:56.278050Z] Registered new inbound task: probe-001
[2026-09-18T09:33:56.279156Z] Closed probe probe-001 (RECEIPT)
[2026-09-18T09:33:56.279630Z] Closed probe-001 via receipt
[2026-09-18T09:33:56.281375Z] === Cycle complete, pending=1 ===
[2026-09-18T09:34:26.285204Z] === Watch cycle start ===
[2026-09-18T09:34:26.299876Z] Registered new inbound task: probe-001
[2026-09-18T09:34:26.304066Z] Closed probe probe-001 (RECEIPT)
[2026-09-18T09:34:26.305402Z] Closed probe-001 via receipt
[2026-09-18T09:34:26.307933Z] === Cycle complete, pending=1 ===
[2026-09-18T09:34:56.308769Z] === Watch cycle start ===
[2026-09-18T09:34:56.320555Z] Registered new inbound task: probe-001
[2026-09-18T09:34:56.321787Z] Closed probe probe-001 (RECEIPT)
[2026-09-18T09:34:56.322388Z] Closed probe-001 via receipt
[2026-09-18T09:34:56.323434Z] === Cycle complete, pending=1 ===
[2026-09-18T09:35:26.324388Z] === Watch cycle start ===
[2026-09-18T09:35:26.329564Z] Registered new inbound task: probe-001
[2026-09-18T09:35:26.331061Z] Closed probe probe-001 (RECEIPT)
[2026-09-18T09:35:26.331715Z] Closed probe-001 via receipt
[2026-09-18T09:35:26.333061Z] === Cycle complete, pending=1 ===
[2026-09-18T09:35:56.334151Z] === Watch cycle start ===
[2026-09-18T09:35:56.343067Z] Registered new inbound task: probe-001
[2026-09-18T09:35:56.344360Z] Closed probe probe-001 (RECEIPT)
[2026-09-18T09:35:56.344940Z] Closed probe-001 via receipt
[2026-09-18T09:35:56.346223Z] === Cycle complete, pending=1 ===
[2026-09-18T09:36:26.347663Z] === Watch cycle start ===
[2026-09-18T09:36:26.352109Z] Registered new inbound task: probe-001
[2026-09-18T09:36:26.353369Z] Closed probe probe-001 (RECEIPT)
[2026-09-18T09:36:26.353937Z] Closed probe-001 via receipt
[2026-09-18T09:36:26.355197Z] === Cycle complete, pending=1 ===
[2026-09-18T09:36:56.356076Z] === Watch cycle start ===
[2026-09-18T09:36:56.363042Z] Registered new inbound task: probe-001
[2026-09-18T09:36:56.365938Z] Closed probe probe-001 (RECEIPT)
[2026-09-18T09:36:56.366570Z] Closed probe-001 via receipt
[2026-09-18T09:36:56.367860Z] === Cycle complete, pending=1 ===
[2026-09-18T09:37:26.368749Z] === Watch cycle start ===
[2026-09-18T09:37:26.372736Z] Registered new inbound task: probe-001
[2026-09-18T09:37:26.384937Z] Closed probe probe-001 (RECEIPT)
[2026-09-18T09:37:26.385414Z] Closed probe-001 via receipt
[2026-09-18T09:37:26.386438Z] === Cycle complete, pending=1 ===
[2026-09-18T09:37:56.387523Z] === Watch cycle start ===
[2026-09-18T09:37:56.397512Z] Registered new inbound task: probe-001
[2026-09-18T09:37:56.400642Z] Closed probe probe-001 (RECEIPT)
[2026-09-18T09:37:56.401200Z] Closed probe-001 via receipt
[2026-09-18T09:37:56.402345Z] === Cycle complete, pending=1 ===
[2026-09-18T09:38:26.403519Z] === Watch cycle start ===
[2026-09-18T09:38:26.407685Z] Registered new inbound task: probe-001
[2026-09-18T09:38:26.409181Z] Closed probe probe-001 (RECEIPT)
[2026-09-18T09:38:26.411365Z] Closed probe-001 via receipt
[2026-09-18T09:38:26.412955Z] === Cycle complete, pending=1 ===
[2026-09-18T09:38:56.414811Z] === Watch cycle start ===
[2026-09-18T09:38:56.419740Z] Registered new inbound task: probe-001
[2026-09-18T09:38:56.420724Z] Closed probe probe-001 (RECEIPT)
[2026-09-18T09:38:56.421211Z] Closed probe-001 via receipt
[2026-09-18T09:38:56.422295Z] === Cycle complete, pending=1 ===
[2026-09-18T09:39:26.424589Z] === Watch cycle start ===
[2026-09-18T09:39:26.434311Z] Registered new inbound task: probe-001
[2026-09-18T09:39:26.459346Z] Closed probe probe-001 (RECEIPT)
[2026-09-18T09:39:26.470959Z] Closed probe-001 via receipt
[2026-09-18T09:39:26.473456Z] === Cycle complete, pending=1 ===
[2026-09-18T09:39:56.475013Z] === Watch cycle start ===
[2026-09-18T09:39:56.490806Z] Registered new inbound task: probe-001
[2026-09-18T09:39:56.494778Z] Closed probe probe-001 (RECEIPT)
[2026-09-18T09:39:56.498639Z] Closed probe-001 via receipt
[2026-09-18T09:39:56.500463Z] === Cycle complete, pending=1 ===
[2026-09-18T09:40:26.503192Z] === Watch cycle start ===
[2026-09-18T09:40:26.506915Z] Registered new inbound task: probe-001
[2026-09-18T09:40:26.507935Z] Closed probe probe-001 (RECEIPT)
[2026-09-18T09:40:26.508405Z] Closed probe-001 via receipt
[2026-09-18T09:40:26.509348Z] === Cycle complete, pending=1 ===
[2026-09-18T09:40:56.510110Z] === Watch cycle start ===
[2026-09-18T09:40:56.520023Z] Registered new inbound task: probe-001
[2026-09-18T09:40:56.521412Z] Closed probe probe-001 (RECEIPT)
[2026-09-18T09:40:56.522039Z] Closed probe-001 via receipt
[2026-09-18T09:40:56.523011Z] === Cycle complete, pending=1 ===
[2026-09-18T09:41:26.524110Z] === Watch cycle start ===
[2026-09-18T09:41:26.527987Z] Registered new inbound task: probe-001
[2026-09-18T09:41:26.529017Z] Closed probe probe-001 (RECEIPT)
[2026-09-18T09:41:26.529528Z] Closed probe-001 via receipt
[2026-09-18T09:41:26.530404Z] === Cycle complete, pending=1 ===
[2026-09-18T09:41:56.533030Z] === Watch cycle start ===
[2026-09-18T09:41:56.542612Z] Registered new inbound task: probe-001
[2026-09-18T09:41:56.547915Z] Closed probe probe-001 (RECEIPT)
[2026-09-18T09:41:56.548467Z] Closed probe-001 via receipt
[2026-09-18T09:41:56.549330Z] === Cycle complete, pending=1 ===
[2026-09-18T09:42:26.550150Z] === Watch cycle start ===
[2026-09-18T09:42:26.554047Z] Registered new inbound task: probe-001
[2026-09-18T09:42:26.555061Z] Closed probe probe-001 (RECEIPT)
[2026-09-18T09:42:26.555525Z] Closed probe-001 via receipt
[2026-09-18T09:42:26.556565Z] === Cycle complete, pending=1 ===
[2026-09-18T09:42:56.557207Z] === Watch cycle start ===
[2026-09-18T09:42:56.564272Z] Registered new inbound task: probe-001
[2026-09-18T09:42:56.565371Z] Closed probe probe-001 (RECEIPT)
[2026-09-18T09:42:56.565904Z] Closed probe-001 via receipt
[2026-09-18T09:42:56.566839Z] === Cycle complete, pending=1 ===
[2026-09-18T09:43:26.567441Z] === Watch cycle start ===
[2026-09-18T09:43:26.572000Z] Registered new inbound task: probe-001
[2026-09-18T09:43:26.573026Z] Closed probe probe-001 (RECEIPT)
[2026-09-18T09:43:26.573510Z] Closed probe-001 via receipt
[2026-09-18T09:43:26.574387Z] === Cycle complete, pending=1 ===
[2026-09-18T09:43:56.575766Z] === Watch cycle start ===
[2026-09-18T09:43:56.582767Z] Registered new inbound task: probe-001
[2026-09-18T09:43:56.583778Z] Closed probe probe-001 (RECEIPT)
[2026-09-18T09:43:56.584229Z] Closed probe-001 via receipt
[2026-09-18T09:43:56.585101Z] === Cycle complete, pending=1 ===
[2026-09-18T09:44:26.585753Z] === Watch cycle start ===
[2026-09-18T09:44:26.589506Z] Registered new inbound task: probe-001
[2026-09-18T09:44:26.590534Z] Closed probe probe-001 (RECEIPT)
[2026-09-18T09:44:26.591023Z] Closed probe-001 via receipt
[2026-09-18T09:44:26.592233Z] === Cycle complete, pending=1 ===
[2026-09-18T09:44:56.593040Z] === Watch cycle start ===
[2026-09-18T09:44:56.597879Z] Registered new inbound task: probe-001
[2026-09-18T09:44:56.598866Z] Closed probe probe-001 (RECEIPT)
[2026-09-18T09:44:56.599396Z] Closed probe-001 via receipt
[2026-09-18T09:44:56.600575Z] === Cycle complete, pending=1 ===
[2026-09-18T09:45:26.601806Z] === Watch cycle start ===
[2026-09-18T09:45:26.607124Z] Registered new inbound task: probe-001
[2026-09-18T09:45:26.610978Z] Closed probe probe-001 (RECEIPT)
[2026-09-18T09:45:26.611668Z] Closed probe-001 via receipt
[2026-09-18T09:45:26.613062Z] === Cycle complete, pending=1 ===
[2026-09-18T09:45:56.614367Z] === Watch cycle start ===
[2026-09-18T09:45:56.619773Z] Registered new inbound task: probe-001
[2026-09-18T09:45:56.620821Z] Closed probe probe-001 (RECEIPT)
[2026-09-18T09:45:56.621320Z] Closed probe-001 via receipt
[2026-09-18T09:45:56.622228Z] === Cycle complete, pending=1 ===
[2026-09-18T09:46:26.623762Z] === Watch cycle start ===
[2026-09-18T09:46:26.627857Z] Registered new inbound task: probe-001
[2026-09-18T09:46:26.628870Z] Closed probe probe-001 (RECEIPT)
[2026-09-18T09:46:26.629332Z] Closed probe-001 via receipt
[2026-09-18T09:46:26.630255Z] === Cycle complete, pending=1 ===
[2026-09-18T09:46:56.631008Z] === Watch cycle start ===
[2026-09-18T09:46:56.635554Z] Registered new inbound task: probe-001
[2026-09-18T09:46:56.640449Z] Closed probe probe-001 (RECEIPT)
[2026-09-18T09:46:56.644355Z] Closed probe-001 via receipt
[2026-09-18T09:46:56.645671Z] === Cycle complete, pending=1 ===
[2026-09-18T09:47:26.647243Z] === Watch cycle start ===
[2026-09-18T09:47:26.650939Z] Registered new inbound task: probe-001
[2026-09-18T09:47:26.652014Z] Closed probe probe-001 (RECEIPT)
[2026-09-18T09:47:26.652499Z] Closed probe-001 via receipt
[2026-09-18T09:47:26.653441Z] === Cycle complete, pending=1 ===
[2026-09-18T09:47:56.654064Z] === Watch cycle start ===
[2026-09-18T09:47:56.658947Z] Registered new inbound task: probe-001
[2026-09-18T09:47:56.659955Z] Closed probe probe-001 (RECEIPT)
[2026-09-18T09:47:56.660391Z] Closed probe-001 via receipt
[2026-09-18T09:47:56.661314Z] === Cycle complete, pending=1 ===
[2026-09-18T09:48:26.662988Z] === Watch cycle start ===
[2026-09-18T09:48:26.666574Z] Registered new inbound task: probe-001
[2026-09-18T09:48:26.667618Z] Closed probe probe-001 (RECEIPT)
[2026-09-18T09:48:26.668119Z] Closed probe-001 via receipt
[2026-09-18T09:48:26.669097Z] === Cycle complete, pending=1 ===
[2026-09-18T09:48:56.670187Z] === Watch cycle start ===
[2026-09-18T09:48:56.675468Z] Registered new inbound task: probe-001
[2026-09-18T09:48:56.676496Z] Closed probe probe-001 (RECEIPT)
[2026-09-18T09:48:56.676968Z] Closed probe-001 via receipt
[2026-09-18T09:48:56.677816Z] === Cycle complete, pending=1 ===
[2026-09-18T09:49:26.678403Z] === Watch cycle start ===
[2026-09-18T09:49:26.682088Z] Registered new inbound task: probe-001
[2026-09-18T09:49:26.683104Z] Closed probe probe-001 (RECEIPT)
[2026-09-18T09:49:26.683606Z] Closed probe-001 via receipt
[2026-09-18T09:49:26.684485Z] === Cycle complete, pending=1 ===
[2026-09-18T09:49:56.685463Z] === Watch cycle start ===
[2026-09-18T09:49:56.692469Z] Registered new inbound task: probe-001
[2026-09-18T09:49:56.693760Z] Closed probe probe-001 (RECEIPT)
[2026-09-18T09:49:56.694230Z] Closed probe-001 via receipt
[2026-09-18T09:49:56.695142Z] === Cycle complete, pending=1 ===
[2026-09-18T09:50:26.695887Z] === Watch cycle start ===
[2026-09-18T09:50:26.699716Z] Registered new inbound task: probe-001
[2026-09-18T09:50:26.700769Z] Closed probe probe-001 (RECEIPT)
[2026-09-18T09:50:26.701324Z] Closed probe-001 via receipt
[2026-09-18T09:50:26.702351Z] === Cycle complete, pending=1 ===
[2026-09-18T09:50:56.703174Z] === Watch cycle start ===
[2026-09-18T09:50:56.710638Z] Registered new inbound task: probe-001
[2026-09-18T09:50:56.711691Z] Closed probe probe-001 (RECEIPT)
[2026-09-18T09:50:56.712251Z] Closed probe-001 via receipt
[2026-09-18T09:50:56.714419Z] === Cycle complete, pending=1 ===
[2026-09-18T09:51:26.715654Z] === Watch cycle start ===
[2026-09-18T09:51:26.720989Z] Registered new inbound task: probe-001
[2026-09-18T09:51:26.722001Z] Closed probe probe-001 (RECEIPT)
[2026-09-18T09:51:26.722470Z] Closed probe-001 via receipt
[2026-09-18T09:51:26.723397Z] === Cycle complete, pending=1 ===
[2026-09-18T09:51:56.724330Z] === Watch cycle start ===
[2026-09-18T09:51:56.731505Z] Registered new inbound task: probe-001
[2026-09-18T09:51:56.732513Z] Closed probe probe-001 (RECEIPT)
[2026-09-18T09:51:56.732991Z] Closed probe-001 via receipt
[2026-09-18T09:51:56.733916Z] === Cycle complete, pending=1 ===
[2026-09-18T09:52:26.734737Z] === Watch cycle start ===
[2026-09-18T09:52:26.740089Z] Registered new inbound task: probe-001
[2026-09-18T09:52:26.741701Z] Closed probe probe-001 (RECEIPT)
[2026-09-18T09:52:26.742528Z] Closed probe-001 via receipt
[2026-09-18T09:52:26.743934Z] === Cycle complete, pending=1 ===
[2026-09-18T09:52:56.745694Z] === Watch cycle start ===
[2026-09-18T09:52:56.761225Z] Registered new inbound task: probe-001
[2026-09-18T09:52:56.773241Z] Closed probe probe-001 (RECEIPT)
[2026-09-18T09:52:56.781211Z] Closed probe-001 via receipt
[2026-09-18T09:52:56.788328Z] === Cycle complete, pending=1 ===
[2026-09-18T09:53:26.800057Z] === Watch cycle start ===
[2026-09-18T09:53:26.805363Z] Registered new inbound task: probe-001
[2026-09-18T09:53:26.806995Z] Closed probe probe-001 (RECEIPT)
[2026-09-18T09:53:26.807638Z] Closed probe-001 via receipt
[2026-09-18T09:53:26.809181Z] === Cycle complete, pending=1 ===
[2026-09-18T09:53:56.812977Z] === Watch cycle start ===
[2026-09-18T09:53:56.818914Z] Registered new inbound task: probe-001
[2026-09-18T09:53:56.820385Z] Closed probe probe-001 (RECEIPT)
[2026-09-18T09:53:56.821094Z] Closed probe-001 via receipt
[2026-09-18T09:53:56.822306Z] === Cycle complete, pending=1 ===
[2026-09-18T09:54:26.823108Z] === Watch cycle start ===
[2026-09-18T09:54:26.827112Z] Registered new inbound task: probe-001
[2026-09-18T09:54:26.828259Z] Closed probe probe-001 (RECEIPT)
[2026-09-18T09:54:26.828773Z] Closed probe-001 via receipt
[2026-09-18T09:54:26.829910Z] === Cycle complete, pending=1 ===
[2026-09-18T09:54:56.830793Z] === Watch cycle start ===
[2026-09-18T09:54:56.835206Z] Registered new inbound task: probe-001
[2026-09-18T09:54:56.836193Z] Closed probe probe-001 (RECEIPT)
[2026-09-18T09:54:56.836661Z] Closed probe-001 via receipt
[2026-09-18T09:54:56.839056Z] === Cycle complete, pending=1 ===
[2026-09-18T09:55:26.841217Z] === Watch cycle start ===
[2026-09-18T09:55:26.846792Z] Registered new inbound task: probe-001
[2026-09-18T09:55:26.848709Z] Closed probe probe-001 (RECEIPT)
[2026-09-18T09:55:26.849399Z] Closed probe-001 via receipt
[2026-09-18T09:55:26.850846Z] === Cycle complete, pending=1 ===
[2026-09-18T09:55:56.852043Z] === Watch cycle start ===
[2026-09-18T09:55:56.862665Z] Registered new inbound task: probe-001
[2026-09-18T09:55:56.863736Z] Closed probe probe-001 (RECEIPT)
[2026-09-18T09:55:56.864213Z] Closed probe-001 via receipt
[2026-09-18T09:55:56.865088Z] === Cycle complete, pending=1 ===
[2026-09-18T09:56:26.866045Z] === Watch cycle start ===
[2026-09-18T09:56:26.870473Z] Registered new inbound task: probe-001
[2026-09-18T09:56:26.871540Z] Closed probe probe-001 (RECEIPT)
[2026-09-18T09:56:26.872132Z] Closed probe-001 via receipt
[2026-09-18T09:56:26.874453Z] === Cycle complete, pending=1 ===
[2026-09-18T09:56:56.877544Z] === Watch cycle start ===
[2026-09-18T09:56:56.885369Z] Registered new inbound task: probe-001
[2026-09-18T09:56:56.888112Z] Closed probe probe-001 (RECEIPT)
[2026-09-18T09:56:56.891509Z] Closed probe-001 via receipt
[2026-09-18T09:56:56.892792Z] === Cycle complete, pending=1 ===
[2026-09-18T09:57:26.896744Z] === Watch cycle start ===
[2026-09-18T09:57:26.900656Z] Registered new inbound task: probe-001
[2026-09-18T09:57:26.903196Z] Closed probe probe-001 (RECEIPT)
[2026-09-18T09:57:26.903717Z] Closed probe-001 via receipt
[2026-09-18T09:57:26.904594Z] === Cycle complete, pending=1 ===
[2026-09-18T09:57:56.905244Z] === Watch cycle start ===
[2026-09-18T09:57:56.911164Z] Registered new inbound task: probe-001
[2026-09-18T09:57:56.913033Z] Closed probe probe-001 (RECEIPT)
[2026-09-18T09:57:56.913965Z] Closed probe-001 via receipt
[2026-09-18T09:57:56.915299Z] === Cycle complete, pending=1 ===
[2026-09-18T09:58:26.918964Z] === Watch cycle start ===
[2026-09-18T09:58:26.924997Z] Registered new inbound task: probe-001
[2026-09-18T09:58:26.926703Z] Closed probe probe-001 (RECEIPT)
[2026-09-18T09:58:26.927469Z] Closed probe-001 via receipt
[2026-09-18T09:58:26.928974Z] === Cycle complete, pending=1 ===
[2026-09-18T09:58:56.930387Z] === Watch cycle start ===
[2026-09-18T09:58:56.938631Z] Registered new inbound task: probe-001
[2026-09-18T09:58:56.939682Z] Closed probe probe-001 (RECEIPT)
[2026-09-18T09:58:56.940179Z] Closed probe-001 via receipt
[2026-09-18T09:58:56.941100Z] === Cycle complete, pending=1 ===
[2026-09-18T09:59:26.942577Z] === Watch cycle start ===
[2026-09-18T09:59:26.947119Z] Registered new inbound task: probe-001
[2026-09-18T09:59:26.950041Z] Closed probe probe-001 (RECEIPT)
[2026-09-18T09:59:26.950787Z] Closed probe-001 via receipt
[2026-09-18T09:59:26.952551Z] === Cycle complete, pending=1 ===
[2026-09-18T09:59:56.953327Z] === Watch cycle start ===
[2026-09-18T09:59:56.961961Z] Registered new inbound task: probe-001
[2026-09-18T09:59:56.963249Z] Closed probe probe-001 (RECEIPT)
[2026-09-18T09:59:56.963760Z] Closed probe-001 via receipt
[2026-09-18T09:59:56.964741Z] === Cycle complete, pending=1 ===
[2026-09-18T10:00:26.965960Z] === Watch cycle start ===
[2026-09-18T10:00:26.970471Z] Registered new inbound task: probe-001
[2026-09-18T10:00:26.971555Z] Closed probe probe-001 (RECEIPT)
[2026-09-18T10:00:26.972054Z] Closed probe-001 via receipt
[2026-09-18T10:00:26.973076Z] === Cycle complete, pending=1 ===
[2026-09-18T10:00:56.973747Z] === Watch cycle start ===
[2026-09-18T10:00:56.978388Z] Registered new inbound task: probe-001
[2026-09-18T10:00:56.979381Z] Closed probe probe-001 (RECEIPT)
[2026-09-18T10:00:56.979856Z] Closed probe-001 via receipt
[2026-09-18T10:00:56.980788Z] === Cycle complete, pending=1 ===
[2026-09-18T10:01:26.981551Z] === Watch cycle start ===
[2026-09-18T10:01:26.984820Z] Registered new inbound task: probe-001
[2026-09-18T10:01:26.986089Z] Closed probe probe-001 (RECEIPT)
[2026-09-18T10:01:26.986569Z] Closed probe-001 via receipt
[2026-09-18T10:01:26.987472Z] === Cycle complete, pending=1 ===
[2026-09-18T10:01:56.988142Z] === Watch cycle start ===
[2026-09-18T10:01:56.994519Z] Registered new inbound task: probe-001
[2026-09-18T10:01:56.995516Z] Closed probe probe-001 (RECEIPT)
[2026-09-18T10:01:56.995979Z] Closed probe-001 via receipt
[2026-09-18T10:01:56.996941Z] === Cycle complete, pending=1 ===
[2026-09-18T10:02:26.998249Z] === Watch cycle start ===
[2026-09-18T10:02:27.002138Z] Registered new inbound task: probe-001
[2026-09-18T10:02:27.003210Z] Closed probe probe-001 (RECEIPT)
[2026-09-18T10:02:27.003684Z] Closed probe-001 via receipt
[2026-09-18T10:02:27.004697Z] === Cycle complete, pending=1 ===
[2026-09-18T10:02:57.006486Z] === Watch cycle start ===
[2026-09-18T10:02:57.016445Z] Registered new inbound task: probe-001
[2026-09-18T10:02:57.021214Z] Closed probe probe-001 (RECEIPT)
[2026-09-18T10:02:57.021918Z] Closed probe-001 via receipt
[2026-09-18T10:02:57.023014Z] === Cycle complete, pending=1 ===
[2026-09-18T10:03:27.024543Z] === Watch cycle start ===
[2026-09-18T10:03:27.032536Z] Registered new inbound task: probe-001
[2026-09-18T10:03:27.034152Z] Closed probe probe-001 (RECEIPT)
[2026-09-18T10:03:27.034989Z] Closed probe-001 via receipt
[2026-09-18T10:03:27.037218Z] === Cycle complete, pending=1 ===
[2026-09-18T10:03:57.038350Z] === Watch cycle start ===
[2026-09-18T10:03:57.043220Z] Registered new inbound task: probe-001
[2026-09-18T10:03:57.044845Z] Closed probe probe-001 (RECEIPT)
[2026-09-18T10:03:57.045437Z] Closed probe-001 via receipt
[2026-09-18T10:03:57.046778Z] === Cycle complete, pending=1 ===
[2026-09-18T10:04:27.047781Z] === Watch cycle start ===
[2026-09-18T10:04:27.052020Z] Registered new inbound task: probe-001
[2026-09-18T10:04:27.054011Z] Closed probe probe-001 (RECEIPT)
[2026-09-18T10:04:27.054761Z] Closed probe-001 via receipt
[2026-09-18T10:04:27.055740Z] === Cycle complete, pending=1 ===
[2026-09-18T10:04:57.056618Z] === Watch cycle start ===
[2026-09-18T10:04:57.061030Z] Registered new inbound task: probe-001
[2026-09-18T10:04:57.062268Z] Closed probe probe-001 (RECEIPT)
[2026-09-18T10:04:57.062746Z] Closed probe-001 via receipt
[2026-09-18T10:04:57.063902Z] === Cycle complete, pending=1 ===
[2026-09-18T10:05:27.064602Z] === Watch cycle start ===
[2026-09-18T10:05:27.067898Z] Registered new inbound task: probe-001
[2026-09-18T10:05:27.069002Z] Closed probe probe-001 (RECEIPT)
[2026-09-18T10:05:27.069490Z] Closed probe-001 via receipt
[2026-09-18T10:05:27.070374Z] === Cycle complete, pending=1 ===
[2026-09-18T10:05:57.071957Z] === Watch cycle start ===
[2026-09-18T10:05:57.083038Z] Registered new inbound task: probe-001
[2026-09-18T10:05:57.084998Z] Closed probe probe-001 (RECEIPT)
[2026-09-18T10:05:57.086107Z] Closed probe-001 via receipt
[2026-09-18T10:05:57.087572Z] === Cycle complete, pending=1 ===
[2026-09-18T10:06:27.089709Z] === Watch cycle start ===
[2026-09-18T10:06:27.095681Z] Registered new inbound task: probe-001
[2026-09-18T10:06:27.097394Z] Closed probe probe-001 (RECEIPT)
[2026-09-18T10:06:27.100238Z] Closed probe-001 via receipt
[2026-09-18T10:06:27.103835Z] === Cycle complete, pending=1 ===
[2026-09-18T10:06:57.105989Z] === Watch cycle start ===
[2026-09-18T10:06:57.109909Z] Registered new inbound task: probe-001
[2026-09-18T10:06:57.123304Z] Closed probe probe-001 (RECEIPT)
[2026-09-18T10:06:57.123777Z] Closed probe-001 via receipt
[2026-09-18T10:06:57.124771Z] === Cycle complete, pending=1 ===
[2026-09-18T10:07:27.126601Z] === Watch cycle start ===
[2026-09-18T10:07:27.133162Z] Registered new inbound task: probe-001
[2026-09-18T10:07:27.134231Z] Closed probe probe-001 (RECEIPT)
[2026-09-18T10:07:27.134760Z] Closed probe-001 via receipt
[2026-09-18T10:07:27.135859Z] === Cycle complete, pending=1 ===
[2026-09-18T10:07:57.137784Z] === Watch cycle start ===
[2026-09-18T10:07:57.151182Z] Registered new inbound task: probe-001
[2026-09-18T10:07:57.153627Z] Closed probe probe-001 (RECEIPT)
[2026-09-18T10:07:57.154679Z] Closed probe-001 via receipt
[2026-09-18T10:07:57.156055Z] === Cycle complete, pending=1 ===
[2026-09-18T10:08:27.157964Z] === Watch cycle start ===
[2026-09-18T10:08:27.170083Z] Registered new inbound task: probe-001
[2026-09-18T10:08:27.171614Z] Closed probe probe-001 (RECEIPT)
[2026-09-18T10:08:27.174563Z] Closed probe-001 via receipt
[2026-09-18T10:08:27.175947Z] === Cycle complete, pending=1 ===
[2026-09-18T10:08:57.177435Z] === Watch cycle start ===
[2026-09-18T10:08:57.181729Z] Registered new inbound task: probe-001
[2026-09-18T10:08:57.182720Z] Closed probe probe-001 (RECEIPT)
[2026-09-18T10:08:57.183368Z] Closed probe-001 via receipt
[2026-09-18T10:08:57.184332Z] === Cycle complete, pending=1 ===
[2026-09-18T10:09:27.185474Z] === Watch cycle start ===
[2026-09-18T10:09:27.189225Z] Registered new inbound task: probe-001
[2026-09-18T10:09:27.190328Z] Closed probe probe-001 (RECEIPT)
[2026-09-18T10:09:27.190824Z] Closed probe-001 via receipt
[2026-09-18T10:09:27.191698Z] === Cycle complete, pending=1 ===
[2026-09-18T10:09:57.192676Z] === Watch cycle start ===
[2026-09-18T10:09:57.199417Z] Registered new inbound task: probe-001
[2026-09-18T10:09:57.201216Z] Closed probe probe-001 (RECEIPT)
[2026-09-18T10:09:57.201952Z] Closed probe-001 via receipt
[2026-09-18T10:09:57.203050Z] === Cycle complete, pending=1 ===
[2026-09-18T10:10:27.204223Z] === Watch cycle start ===
[2026-09-18T10:10:27.210405Z] Registered new inbound task: probe-001
[2026-09-18T10:10:27.221516Z] Closed probe probe-001 (RECEIPT)
[2026-09-18T10:10:27.222178Z] Closed probe-001 via receipt
[2026-09-18T10:10:27.223456Z] === Cycle complete, pending=1 ===
[2026-09-18T10:10:57.224804Z] === Watch cycle start ===
[2026-09-18T10:10:57.231587Z] Registered new inbound task: probe-001
[2026-09-18T10:10:57.232634Z] Closed probe probe-001 (RECEIPT)
[2026-09-18T10:10:57.233065Z] Closed probe-001 via receipt
[2026-09-18T10:10:57.233975Z] === Cycle complete, pending=1 ===
[2026-09-18T10:11:27.234912Z] === Watch cycle start ===
[2026-09-18T10:11:27.239815Z] Registered new inbound task: probe-001
[2026-09-18T10:11:27.240883Z] Closed probe probe-001 (RECEIPT)
[2026-09-18T10:11:27.241401Z] Closed probe-001 via receipt
[2026-09-18T10:11:27.242630Z] === Cycle complete, pending=1 ===
[2026-09-18T10:11:57.243487Z] === Watch cycle start ===
[2026-09-18T10:11:57.249417Z] Registered new inbound task: probe-001
[2026-09-18T10:11:57.252121Z] Closed probe probe-001 (RECEIPT)
[2026-09-18T10:11:57.253065Z] Closed probe-001 via receipt
[2026-09-18T10:11:57.254394Z] === Cycle complete, pending=1 ===
[2026-09-18T10:12:27.256482Z] === Watch cycle start ===
[2026-09-18T10:12:27.262630Z] Registered new inbound task: probe-001
[2026-09-18T10:12:27.263771Z] Closed probe probe-001 (RECEIPT)
[2026-09-18T10:12:27.264484Z] Closed probe-001 via receipt
[2026-09-18T10:12:27.265781Z] === Cycle complete, pending=1 ===
[2026-09-18T10:12:57.266974Z] === Watch cycle start ===
[2026-09-18T10:12:57.276767Z] Registered new inbound task: probe-001
[2026-09-18T10:12:57.281037Z] Closed probe probe-001 (RECEIPT)
[2026-09-18T10:12:57.284351Z] Closed probe-001 via receipt
[2026-09-18T10:12:57.285695Z] === Cycle complete, pending=1 ===
[2026-09-18T10:13:27.286472Z] === Watch cycle start ===
[2026-09-18T10:13:27.290018Z] Registered new inbound task: probe-001
[2026-09-18T10:13:27.291042Z] Closed probe probe-001 (RECEIPT)
[2026-09-18T10:13:27.291496Z] Closed probe-001 via receipt
[2026-09-18T10:13:27.292566Z] === Cycle complete, pending=1 ===
[2026-09-18T10:13:57.294784Z] === Watch cycle start ===
[2026-09-18T10:13:57.301415Z] Registered new inbound task: probe-001
[2026-09-18T10:13:57.303129Z] Closed probe probe-001 (RECEIPT)
[2026-09-18T10:13:57.303605Z] Closed probe-001 via receipt
[2026-09-18T10:13:57.304842Z] === Cycle complete, pending=1 ===
[2026-09-18T10:14:27.305621Z] === Watch cycle start ===
[2026-09-18T10:14:27.309175Z] Registered new inbound task: probe-001
[2026-09-18T10:14:27.310269Z] Closed probe probe-001 (RECEIPT)
[2026-09-18T10:14:27.310774Z] Closed probe-001 via receipt
[2026-09-18T10:14:27.311691Z] === Cycle complete, pending=1 ===
[2026-09-18T10:14:57.312419Z] === Watch cycle start ===
[2026-09-18T10:14:57.318803Z] Registered new inbound task: probe-001
[2026-09-18T10:14:57.319789Z] Closed probe probe-001 (RECEIPT)
[2026-09-18T10:14:57.320247Z] Closed probe-001 via receipt
[2026-09-18T10:14:57.321111Z] === Cycle complete, pending=1 ===
[2026-09-18T10:15:27.321779Z] === Watch cycle start ===
[2026-09-18T10:15:27.325406Z] Registered new inbound task: probe-001
[2026-09-18T10:15:27.326919Z] Closed probe probe-001 (RECEIPT)
[2026-09-18T10:15:27.330320Z] Closed probe-001 via receipt
[2026-09-18T10:15:27.335249Z] === Cycle complete, pending=1 ===
[2026-09-18T10:15:57.336671Z] === Watch cycle start ===
[2026-09-18T10:15:57.344184Z] Registered new inbound task: probe-001
[2026-09-18T10:15:57.345695Z] Closed probe probe-001 (RECEIPT)
[2026-09-18T10:15:57.346340Z] Closed probe-001 via receipt
[2026-09-18T10:15:57.347387Z] === Cycle complete, pending=1 ===
[2026-09-18T10:16:27.348425Z] === Watch cycle start ===
[2026-09-18T10:16:27.352511Z] Registered new inbound task: probe-001
[2026-09-18T10:16:27.354037Z] Closed probe probe-001 (RECEIPT)
[2026-09-18T10:16:27.354520Z] Closed probe-001 via receipt
[2026-09-18T10:16:27.355451Z] === Cycle complete, pending=1 ===
[2026-09-18T10:16:57.356245Z] === Watch cycle start ===
[2026-09-18T10:16:57.362882Z] Registered new inbound task: probe-001
[2026-09-18T10:16:57.363934Z] Closed probe probe-001 (RECEIPT)
[2026-09-18T10:16:57.364401Z] Closed probe-001 via receipt
[2026-09-18T10:16:57.365322Z] === Cycle complete, pending=1 ===
[2026-09-18T10:17:27.366710Z] === Watch cycle start ===
[2026-09-18T10:17:27.371313Z] Registered new inbound task: probe-001
[2026-09-18T10:17:27.372457Z] Closed probe probe-001 (RECEIPT)
[2026-09-18T10:17:27.372966Z] Closed probe-001 via receipt
[2026-09-18T10:17:27.373910Z] === Cycle complete, pending=1 ===
[2026-09-18T10:17:57.374553Z] === Watch cycle start ===
[2026-09-18T10:17:57.380612Z] Registered new inbound task: probe-001
[2026-09-18T10:17:57.381598Z] Closed probe probe-001 (RECEIPT)
[2026-09-18T10:17:57.382060Z] Closed probe-001 via receipt
[2026-09-18T10:17:57.382956Z] === Cycle complete, pending=1 ===
[2026-09-18T10:18:27.383487Z] === Watch cycle start ===
[2026-09-18T10:18:27.389561Z] Registered new inbound task: probe-001
[2026-09-18T10:18:27.390912Z] Closed probe probe-001 (RECEIPT)
[2026-09-18T10:18:27.391468Z] Closed probe-001 via receipt
[2026-09-18T10:18:27.392493Z] === Cycle complete, pending=1 ===
[2026-09-18T10:18:57.405595Z] === Watch cycle start ===
[2026-09-18T10:18:57.444410Z] Registered new inbound task: probe-001
[2026-09-18T10:18:57.530756Z] Closed probe probe-001 (RECEIPT)
[2026-09-18T10:18:57.627665Z] Closed probe-001 via receipt
[2026-09-18T10:18:57.713341Z] === Cycle complete, pending=1 ===
[2026-09-18T10:19:27.768378Z] === Watch cycle start ===
[2026-09-18T10:19:27.774621Z] Registered new inbound task: probe-001
[2026-09-18T10:19:27.777526Z] Closed probe probe-001 (RECEIPT)
[2026-09-18T10:19:27.778284Z] Closed probe-001 via receipt
[2026-09-18T10:19:27.779629Z] === Cycle complete, pending=1 ===
[2026-09-18T10:19:57.780458Z] === Watch cycle start ===
[2026-09-18T10:19:57.786839Z] Registered new inbound task: probe-001
[2026-09-18T10:19:57.787970Z] Closed probe probe-001 (RECEIPT)
[2026-09-18T10:19:57.788466Z] Closed probe-001 via receipt
[2026-09-18T10:19:57.789473Z] === Cycle complete, pending=1 ===
[2026-09-18T10:20:27.790473Z] === Watch cycle start ===
[2026-09-18T10:20:27.795121Z] Registered new inbound task: probe-001
[2026-09-18T10:20:27.797173Z] Closed probe probe-001 (RECEIPT)
[2026-09-18T10:20:27.797959Z] Closed probe-001 via receipt
[2026-09-18T10:20:27.798559Z] STALE: soak-001 past deadline + 30min grace
[2026-09-18T10:20:27.799625Z] === Cycle complete, pending=0 ===
[2026-09-18T10:20:57.801270Z] === Watch cycle start ===
[2026-09-18T10:20:57.810600Z] Registered new inbound task: probe-001
[2026-09-18T10:20:57.811169Z] Registered new inbound task: soak-001
[2026-09-18T10:20:57.812149Z] Closed probe probe-001 (RECEIPT)
[2026-09-18T10:20:57.812616Z] Closed probe-001 via receipt
[2026-09-18T10:20:57.813537Z] === Cycle complete, pending=1 ===
[2026-09-18T10:21:27.814242Z] === Watch cycle start ===
[2026-09-18T10:21:27.826457Z] Registered new inbound task: probe-001
[2026-09-18T10:21:27.827504Z] Closed probe probe-001 (RECEIPT)
[2026-09-18T10:21:27.827996Z] Closed probe-001 via receipt
[2026-09-18T10:21:27.828927Z] === Cycle complete, pending=1 ===
[2026-09-18T10:21:57.829815Z] === Watch cycle start ===
[2026-09-18T10:21:57.838172Z] Registered new inbound task: probe-001
[2026-09-18T10:21:57.839774Z] Closed probe probe-001 (RECEIPT)
[2026-09-18T10:21:57.840360Z] Closed probe-001 via receipt
[2026-09-18T10:21:57.841588Z] === Cycle complete, pending=1 ===
[2026-09-18T10:22:27.842394Z] === Watch cycle start ===
[2026-09-18T10:22:27.847003Z] Registered new inbound task: probe-001
[2026-09-18T10:22:27.848096Z] Closed probe probe-001 (RECEIPT)
[2026-09-18T10:22:27.848639Z] Closed probe-001 via receipt
[2026-09-18T10:22:27.849900Z] === Cycle complete, pending=1 ===
[2026-09-18T10:22:57.851346Z] === Watch cycle start ===
[2026-09-18T10:22:57.857167Z] Registered new inbound task: probe-001
[2026-09-18T10:22:57.858506Z] Closed probe probe-001 (RECEIPT)
[2026-09-18T10:22:57.859047Z] Closed probe-001 via receipt
[2026-09-18T10:22:57.860011Z] === Cycle complete, pending=1 ===
[2026-09-18T10:23:27.861560Z] === Watch cycle start ===
[2026-09-18T10:23:27.866315Z] Registered new inbound task: probe-001
[2026-09-18T10:23:27.867387Z] Closed probe probe-001 (RECEIPT)
[2026-09-18T10:23:27.867928Z] Closed probe-001 via receipt
[2026-09-18T10:23:27.868803Z] === Cycle complete, pending=1 ===
[2026-09-18T10:23:57.869429Z] === Watch cycle start ===
[2026-09-18T10:23:57.878487Z] Registered new inbound task: probe-001
[2026-09-18T10:23:57.880611Z] Closed probe probe-001 (RECEIPT)
[2026-09-18T10:23:57.881206Z] Closed probe-001 via receipt
[2026-09-18T10:23:57.882258Z] === Cycle complete, pending=1 ===
[2026-09-18T10:24:27.883769Z] === Watch cycle start ===
[2026-09-18T10:24:27.891025Z] Registered new inbound task: probe-001
[2026-09-18T10:24:27.892717Z] Closed probe probe-001 (RECEIPT)
[2026-09-18T10:24:27.893690Z] Closed probe-001 via receipt
[2026-09-18T10:24:27.894976Z] === Cycle complete, pending=1 ===
[2026-09-18T10:24:57.896140Z] === Watch cycle start ===
[2026-09-18T10:24:57.901134Z] Registered new inbound task: probe-001
[2026-09-18T10:24:57.902273Z] Closed probe probe-001 (RECEIPT)
[2026-09-18T10:24:57.902749Z] Closed probe-001 via receipt
[2026-09-18T10:24:57.903685Z] === Cycle complete, pending=1 ===
[2026-09-18T10:25:27.905036Z] === Watch cycle start ===
[2026-09-18T10:25:27.910849Z] Registered new inbound task: probe-001
[2026-09-18T10:25:27.912314Z] Closed probe probe-001 (RECEIPT)
[2026-09-18T10:25:27.912845Z] Closed probe-001 via receipt
[2026-09-18T10:25:27.913856Z] === Cycle complete, pending=1 ===
[2026-09-18T10:25:57.915172Z] === Watch cycle start ===
[2026-09-18T10:25:57.922328Z] Registered new inbound task: probe-001
[2026-09-18T10:25:57.924205Z] Closed probe probe-001 (RECEIPT)
[2026-09-18T10:25:57.924821Z] Closed probe-001 via receipt
[2026-09-18T10:25:57.925740Z] === Cycle complete, pending=1 ===
[2026-09-18T10:26:27.926455Z] === Watch cycle start ===
[2026-09-18T10:26:27.929896Z] Registered new inbound task: probe-001
[2026-09-18T10:26:27.931284Z] Closed probe probe-001 (RECEIPT)
[2026-09-18T10:26:27.933570Z] Closed probe-001 via receipt
[2026-09-18T10:26:27.934913Z] === Cycle complete, pending=1 ===
[2026-09-18T10:26:57.936195Z] === Watch cycle start ===
[2026-09-18T10:26:57.943004Z] Registered new inbound task: probe-001
[2026-09-18T10:26:57.944006Z] Closed probe probe-001 (RECEIPT)
[2026-09-18T10:26:57.944480Z] Closed probe-001 via receipt
[2026-09-18T10:26:57.945436Z] === Cycle complete, pending=1 ===
[2026-09-18T10:27:27.946162Z] === Watch cycle start ===
[2026-09-18T10:27:27.951629Z] Registered new inbound task: probe-001
[2026-09-18T10:27:27.952661Z] Closed probe probe-001 (RECEIPT)
[2026-09-18T10:27:27.953124Z] Closed probe-001 via receipt
[2026-09-18T10:27:27.953980Z] === Cycle complete, pending=1 ===
[2026-09-18T10:27:57.954633Z] === Watch cycle start ===
[2026-09-18T10:27:57.962503Z] Registered new inbound task: probe-001
[2026-09-18T10:27:57.963551Z] Closed probe probe-001 (RECEIPT)
[2026-09-18T10:27:57.964023Z] Closed probe-001 via receipt
[2026-09-18T10:27:57.964995Z] === Cycle complete, pending=1 ===
[2026-09-18T10:28:27.966068Z] === Watch cycle start ===
[2026-09-18T10:28:27.969542Z] Registered new inbound task: probe-001
[2026-09-18T10:28:27.970576Z] Closed probe probe-001 (RECEIPT)
[2026-09-18T10:28:27.971063Z] Closed probe-001 via receipt
[2026-09-18T10:28:27.971976Z] === Cycle complete, pending=1 ===
[2026-09-18T10:28:57.972627Z] === Watch cycle start ===
[2026-09-18T10:28:57.979661Z] Registered new inbound task: probe-001
[2026-09-18T10:28:57.980697Z] Closed probe probe-001 (RECEIPT)
[2026-09-18T10:28:57.981180Z] Closed probe-001 via receipt
[2026-09-18T10:28:57.982034Z] === Cycle complete, pending=1 ===
[2026-09-18T10:29:27.983539Z] === Watch cycle start ===
[2026-09-18T10:29:27.987157Z] Registered new inbound task: probe-001
[2026-09-18T10:29:27.988198Z] Closed probe probe-001 (RECEIPT)
[2026-09-18T10:29:27.988687Z] Closed probe-001 via receipt
[2026-09-18T10:29:27.989568Z] === Cycle complete, pending=1 ===
[2026-09-18T10:29:57.991542Z] === Watch cycle start ===
[2026-09-18T10:29:57.997139Z] Registered new inbound task: probe-001
[2026-09-18T10:29:57.998181Z] Closed probe probe-001 (RECEIPT)
[2026-09-18T10:29:57.998639Z] Closed probe-001 via receipt
[2026-09-18T10:29:57.999509Z] === Cycle complete, pending=1 ===
[2026-09-18T10:30:28.000265Z] === Watch cycle start ===
[2026-09-18T10:30:28.003965Z] Registered new inbound task: probe-001
[2026-09-18T10:30:28.005001Z] Closed probe probe-001 (RECEIPT)
[2026-09-18T10:30:28.005479Z] Closed probe-001 via receipt
[2026-09-18T10:30:28.006429Z] === Cycle complete, pending=1 ===
[2026-09-18T10:30:58.007610Z] === Watch cycle start ===
[2026-09-18T10:30:58.026831Z] Registered new inbound task: probe-001
[2026-09-18T10:30:58.035356Z] Closed probe probe-001 (RECEIPT)
[2026-09-18T10:30:58.036076Z] Closed probe-001 via receipt
[2026-09-18T10:30:58.037291Z] === Cycle complete, pending=1 ===
[2026-09-18T10:31:28.038155Z] === Watch cycle start ===
[2026-09-18T10:31:28.041624Z] Registered new inbound task: probe-001
[2026-09-18T10:31:28.042731Z] Closed probe probe-001 (RECEIPT)
[2026-09-18T10:31:28.043251Z] Closed probe-001 via receipt
[2026-09-18T10:31:28.044228Z] === Cycle complete, pending=1 ===
[2026-09-18T10:31:58.045596Z] === Watch cycle start ===
[2026-09-18T10:31:58.052155Z] Registered new inbound task: probe-001
[2026-09-18T10:31:58.059884Z] Closed probe probe-001 (RECEIPT)
[2026-09-18T10:31:58.060977Z] Closed probe-001 via receipt
[2026-09-18T10:31:58.065835Z] === Cycle complete, pending=1 ===
[2026-09-18T10:32:28.069881Z] === Watch cycle start ===
[2026-09-18T10:32:28.074557Z] Registered new inbound task: probe-001
[2026-09-18T10:32:28.075584Z] Closed probe probe-001 (RECEIPT)
[2026-09-18T10:32:28.076068Z] Closed probe-001 via receipt
[2026-09-18T10:32:28.077067Z] === Cycle complete, pending=1 ===
[2026-09-18T10:32:58.078171Z] === Watch cycle start ===
[2026-09-18T10:32:58.090516Z] Registered new inbound task: probe-001
[2026-09-18T10:32:58.093517Z] Closed probe probe-001 (RECEIPT)
[2026-09-18T10:32:58.094241Z] Closed probe-001 via receipt
[2026-09-18T10:32:58.095266Z] === Cycle complete, pending=1 ===
[2026-09-18T10:33:28.096456Z] === Watch cycle start ===
[2026-09-18T10:33:28.101100Z] Registered new inbound task: probe-001
[2026-09-18T10:33:28.102192Z] Closed probe probe-001 (RECEIPT)
[2026-09-18T10:33:28.102655Z] Closed probe-001 via receipt
[2026-09-18T10:33:28.103530Z] === Cycle complete, pending=1 ===
[2026-09-18T10:33:58.104981Z] === Watch cycle start ===
[2026-09-18T10:33:58.117669Z] Registered new inbound task: probe-001
[2026-09-18T10:33:58.119256Z] Closed probe probe-001 (RECEIPT)
[2026-09-18T10:33:58.123331Z] Closed probe-001 via receipt
[2026-09-18T10:33:58.124774Z] === Cycle complete, pending=1 ===
[2026-09-18T10:34:28.127588Z] === Watch cycle start ===
[2026-09-18T10:34:28.136485Z] Registered new inbound task: probe-001
[2026-09-18T10:34:28.138150Z] Closed probe probe-001 (RECEIPT)
[2026-09-18T10:34:28.144178Z] Closed probe-001 via receipt
[2026-09-18T10:34:28.147142Z] === Cycle complete, pending=1 ===
[2026-09-18T10:34:58.150526Z] === Watch cycle start ===
[2026-09-18T10:34:58.161996Z] Registered new inbound task: probe-001
[2026-09-18T10:34:58.163990Z] Closed probe probe-001 (RECEIPT)
[2026-09-18T10:34:58.164745Z] Closed probe-001 via receipt
[2026-09-18T10:34:58.165839Z] === Cycle complete, pending=1 ===
[2026-09-18T10:35:28.166692Z] === Watch cycle start ===
[2026-09-18T10:35:28.170326Z] Registered new inbound task: probe-001
[2026-09-18T10:35:28.171310Z] Closed probe probe-001 (RECEIPT)
[2026-09-18T10:35:28.171781Z] Closed probe-001 via receipt
[2026-09-18T10:35:28.172704Z] === Cycle complete, pending=1 ===
[2026-09-18T10:35:58.174608Z] === Watch cycle start ===
[2026-09-18T10:35:58.182238Z] Registered new inbound task: probe-001
[2026-09-18T10:35:58.183598Z] Closed probe probe-001 (RECEIPT)
[2026-09-18T10:35:58.184244Z] Closed probe-001 via receipt
[2026-09-18T10:35:58.185209Z] === Cycle complete, pending=1 ===
[2026-09-18T10:36:28.185928Z] === Watch cycle start ===
[2026-09-18T10:36:28.189642Z] Registered new inbound task: probe-001
[2026-09-18T10:36:28.191002Z] Closed probe probe-001 (RECEIPT)
[2026-09-18T10:36:28.197336Z] Closed probe-001 via receipt
[2026-09-18T10:36:28.198678Z] === Cycle complete, pending=1 ===
[2026-09-18T10:36:58.202792Z] === Watch cycle start ===
[2026-09-18T10:36:58.211801Z] Registered new inbound task: probe-001
[2026-09-18T10:36:58.213500Z] Closed probe probe-001 (RECEIPT)
[2026-09-18T10:36:58.214126Z] Closed probe-001 via receipt
[2026-09-18T10:36:58.215337Z] === Cycle complete, pending=1 ===
[2026-09-18T10:37:28.217193Z] === Watch cycle start ===
[2026-09-18T10:37:28.224091Z] Registered new inbound task: probe-001
[2026-09-18T10:37:28.225624Z] Closed probe probe-001 (RECEIPT)
[2026-09-18T10:37:28.226380Z] Closed probe-001 via receipt
[2026-09-18T10:37:28.227687Z] === Cycle complete, pending=1 ===
[2026-09-18T10:37:58.229172Z] === Watch cycle start ===
[2026-09-18T10:37:58.243391Z] Registered new inbound task: probe-001
[2026-09-18T10:37:58.245195Z] Closed probe probe-001 (RECEIPT)
[2026-09-18T10:37:58.245953Z] Closed probe-001 via receipt
[2026-09-18T10:37:58.247135Z] === Cycle complete, pending=1 ===
[2026-09-18T10:38:28.248418Z] === Watch cycle start ===
[2026-09-18T10:38:28.251917Z] Registered new inbound task: probe-001
[2026-09-18T10:38:28.252914Z] Closed probe probe-001 (RECEIPT)
[2026-09-18T10:38:28.253355Z] Closed probe-001 via receipt
[2026-09-18T10:38:28.254300Z] === Cycle complete, pending=1 ===
[2026-09-18T10:38:58.255725Z] === Watch cycle start ===
[2026-09-18T10:38:58.266586Z] Registered new inbound task: probe-001
[2026-09-18T10:38:58.274423Z] Closed probe probe-001 (RECEIPT)
[2026-09-18T10:38:58.275091Z] Closed probe-001 via receipt
[2026-09-18T10:38:58.276299Z] === Cycle complete, pending=1 ===
[2026-09-18T10:39:28.284469Z] === Watch cycle start ===
[2026-09-18T10:39:28.288013Z] Registered new inbound task: probe-001
[2026-09-18T10:39:28.289035Z] Closed probe probe-001 (RECEIPT)
[2026-09-18T10:39:28.289514Z] Closed probe-001 via receipt
[2026-09-18T10:39:28.290480Z] === Cycle complete, pending=1 ===
[2026-09-18T10:39:58.291172Z] === Watch cycle start ===
[2026-09-18T10:39:58.295567Z] Registered new inbound task: probe-001
[2026-09-18T10:39:58.297532Z] Closed probe probe-001 (RECEIPT)
[2026-09-18T10:39:58.298063Z] Closed probe-001 via receipt
[2026-09-18T10:39:58.299031Z] === Cycle complete, pending=1 ===
[2026-09-18T10:40:28.301561Z] === Watch cycle start ===
[2026-09-18T10:40:28.304855Z] Registered new inbound task: probe-001
[2026-09-18T10:40:28.305879Z] Closed probe probe-001 (RECEIPT)
[2026-09-18T10:40:28.306360Z] Closed probe-001 via receipt
[2026-09-18T10:40:28.307319Z] === Cycle complete, pending=1 ===
[2026-09-18T10:40:58.308643Z] === Watch cycle start ===
[2026-09-18T10:40:58.319217Z] Registered new inbound task: probe-001
[2026-09-18T10:40:58.322156Z] Closed probe probe-001 (RECEIPT)
[2026-09-18T10:40:58.322737Z] Closed probe-001 via receipt
[2026-09-18T10:40:58.324083Z] === Cycle complete, pending=1 ===
[2026-09-18T10:41:28.325293Z] === Watch cycle start ===
[2026-09-18T10:41:28.328873Z] Registered new inbound task: probe-001
[2026-09-18T10:41:28.329897Z] Closed probe probe-001 (RECEIPT)
[2026-09-18T10:41:28.330389Z] Closed probe-001 via receipt
[2026-09-18T10:41:28.331263Z] === Cycle complete, pending=1 ===
[2026-09-18T10:41:58.332970Z] === Watch cycle start ===
[2026-09-18T10:41:58.341800Z] Registered new inbound task: probe-001
[2026-09-18T10:41:58.343275Z] Closed probe probe-001 (RECEIPT)
[2026-09-18T10:41:58.343984Z] Closed probe-001 via receipt
[2026-09-18T10:41:58.345371Z] === Cycle complete, pending=1 ===
[2026-09-18T10:42:28.346845Z] === Watch cycle start ===
[2026-09-18T10:42:28.352010Z] Registered new inbound task: probe-001
[2026-09-18T10:42:28.353410Z] Closed probe probe-001 (RECEIPT)
[2026-09-18T10:42:28.354032Z] Closed probe-001 via receipt
[2026-09-18T10:42:28.355191Z] === Cycle complete, pending=1 ===
[2026-09-18T10:42:58.356017Z] === Watch cycle start ===
[2026-09-18T10:42:58.366290Z] Registered new inbound task: probe-001
[2026-09-18T10:42:58.371220Z] Closed probe probe-001 (RECEIPT)
[2026-09-18T10:42:58.372013Z] Closed probe-001 via receipt
[2026-09-18T10:42:58.373552Z] === Cycle complete, pending=1 ===
[2026-09-18T10:43:28.375172Z] === Watch cycle start ===
[2026-09-18T10:43:28.379045Z] Registered new inbound task: probe-001
[2026-09-18T10:43:28.380073Z] Closed probe probe-001 (RECEIPT)
[2026-09-18T10:43:28.381317Z] Closed probe-001 via receipt
[2026-09-18T10:43:28.382542Z] === Cycle complete, pending=1 ===
[2026-09-18T10:43:58.383480Z] === Watch cycle start ===
[2026-09-18T10:43:58.389744Z] Registered new inbound task: probe-001
[2026-09-18T10:43:58.390785Z] Closed probe probe-001 (RECEIPT)
[2026-09-18T10:43:58.391245Z] Closed probe-001 via receipt
[2026-09-18T10:43:58.392150Z] === Cycle complete, pending=1 ===
[2026-09-18T10:44:28.392767Z] === Watch cycle start ===
[2026-09-18T10:44:28.396037Z] Registered new inbound task: probe-001
[2026-09-18T10:44:28.397214Z] Closed probe probe-001 (RECEIPT)
[2026-09-18T10:44:28.397718Z] Closed probe-001 via receipt
[2026-09-18T10:44:28.398601Z] === Cycle complete, pending=1 ===
[2026-09-18T10:44:58.399775Z] === Watch cycle start ===
[2026-09-18T10:44:58.412069Z] Registered new inbound task: probe-001
[2026-09-18T10:44:58.413157Z] Closed probe probe-001 (RECEIPT)
[2026-09-18T10:44:58.413649Z] Closed probe-001 via receipt
[2026-09-18T10:44:58.414573Z] === Cycle complete, pending=1 ===
[2026-09-18T10:45:28.418386Z] === Watch cycle start ===
[2026-09-18T10:45:28.436722Z] Registered new inbound task: probe-001
[2026-09-18T10:45:28.439758Z] Closed probe probe-001 (RECEIPT)
[2026-09-18T10:45:28.443074Z] Closed probe-001 via receipt
[2026-09-18T10:45:28.444379Z] === Cycle complete, pending=1 ===
[2026-09-18T10:45:58.450354Z] === Watch cycle start ===
[2026-09-18T10:45:58.456306Z] Registered new inbound task: probe-001
[2026-09-18T10:45:58.458317Z] Closed probe probe-001 (RECEIPT)
[2026-09-18T10:45:58.459253Z] Closed probe-001 via receipt
[2026-09-18T10:45:58.460525Z] === Cycle complete, pending=1 ===
[2026-09-18T10:46:28.464234Z] === Watch cycle start ===
[2026-09-18T10:46:28.468279Z] Registered new inbound task: probe-001
[2026-09-18T10:46:28.469364Z] Closed probe probe-001 (RECEIPT)
[2026-09-18T10:46:28.469877Z] Closed probe-001 via receipt
[2026-09-18T10:46:28.471318Z] === Cycle complete, pending=1 ===
[2026-09-18T10:46:58.473682Z] === Watch cycle start ===
[2026-09-18T10:46:58.479964Z] Registered new inbound task: probe-001
[2026-09-18T10:46:58.481022Z] Closed probe probe-001 (RECEIPT)
[2026-09-18T10:46:58.481494Z] Closed probe-001 via receipt
[2026-09-18T10:46:58.482794Z] === Cycle complete, pending=1 ===
[2026-09-18T10:47:28.487101Z] === Watch cycle start ===
[2026-09-18T10:47:28.493753Z] Registered new inbound task: probe-001
[2026-09-18T10:47:28.495126Z] Closed probe probe-001 (RECEIPT)
[2026-09-18T10:47:28.495686Z] Closed probe-001 via receipt
[2026-09-18T10:47:28.496871Z] === Cycle complete, pending=1 ===
[2026-09-18T10:47:58.498598Z] === Watch cycle start ===
[2026-09-18T10:47:58.503739Z] Registered new inbound task: probe-001
[2026-09-18T10:47:58.508121Z] Closed probe probe-001 (RECEIPT)
[2026-09-18T10:47:58.508687Z] Closed probe-001 via receipt
[2026-09-18T10:47:58.510015Z] === Cycle complete, pending=1 ===
[2026-09-18T10:48:28.510871Z] === Watch cycle start ===
[2026-09-18T10:48:28.514484Z] Registered new inbound task: probe-001
[2026-09-18T10:48:28.515952Z] Closed probe probe-001 (RECEIPT)
[2026-09-18T10:48:28.517294Z] Closed probe-001 via receipt
[2026-09-18T10:48:28.518226Z] === Cycle complete, pending=1 ===
[2026-09-18T10:48:58.518903Z] === Watch cycle start ===
[2026-09-18T10:48:58.525655Z] Registered new inbound task: probe-001
[2026-09-18T10:48:58.526812Z] Closed probe probe-001 (RECEIPT)
[2026-09-18T10:48:58.527303Z] Closed probe-001 via receipt
[2026-09-18T10:48:58.528509Z] === Cycle complete, pending=1 ===
[2026-09-18T10:49:28.529580Z] === Watch cycle start ===
[2026-09-18T10:49:28.533057Z] Registered new inbound task: probe-001
[2026-09-18T10:49:28.534121Z] Closed probe probe-001 (RECEIPT)
[2026-09-18T10:49:28.534618Z] Closed probe-001 via receipt
[2026-09-18T10:49:28.535707Z] === Cycle complete, pending=1 ===
[2026-09-18T10:49:58.536536Z] === Watch cycle start ===
[2026-09-18T10:49:58.551489Z] Registered new inbound task: probe-001
[2026-09-18T10:49:58.556397Z] Closed probe probe-001 (RECEIPT)
[2026-09-18T10:49:58.556969Z] Closed probe-001 via receipt
[2026-09-18T10:49:58.558302Z] === Cycle complete, pending=1 ===
[2026-09-18T10:50:28.560124Z] === Watch cycle start ===
[2026-09-18T10:50:28.571564Z] Registered new inbound task: probe-001
[2026-09-18T10:50:28.573028Z] Closed probe probe-001 (RECEIPT)
[2026-09-18T10:50:28.573747Z] Closed probe-001 via receipt
[2026-09-18T10:50:28.574824Z] === Cycle complete, pending=1 ===
[2026-09-18T10:50:58.575650Z] === Watch cycle start ===
[2026-09-18T10:50:58.582762Z] Registered new inbound task: probe-001
[2026-09-18T10:50:58.583920Z] Closed probe probe-001 (RECEIPT)
[2026-09-18T10:50:58.584399Z] Closed probe-001 via receipt
[2026-09-18T10:50:58.585426Z] === Cycle complete, pending=1 ===
[2026-09-18T10:51:28.586604Z] === Watch cycle start ===
[2026-09-18T10:51:28.592444Z] Registered new inbound task: probe-001
[2026-09-18T10:51:28.593714Z] Closed probe probe-001 (RECEIPT)
[2026-09-18T10:51:28.594234Z] Closed probe-001 via receipt
[2026-09-18T10:51:28.595354Z] === Cycle complete, pending=1 ===
[2026-09-18T10:51:58.596180Z] === Watch cycle start ===
[2026-09-18T10:51:58.601382Z] Registered new inbound task: probe-001
[2026-09-18T10:51:58.602348Z] Closed probe probe-001 (RECEIPT)
[2026-09-18T10:51:58.602810Z] Closed probe-001 via receipt
[2026-09-18T10:51:58.603719Z] === Cycle complete, pending=1 ===
[2026-09-18T10:52:28.605044Z] === Watch cycle start ===
[2026-09-18T10:52:28.610868Z] Registered new inbound task: probe-001
[2026-09-18T10:52:28.611900Z] Closed probe probe-001 (RECEIPT)
[2026-09-18T10:52:28.612347Z] Closed probe-001 via receipt
[2026-09-18T10:52:28.613326Z] === Cycle complete, pending=1 ===
[2026-09-18T10:52:58.614376Z] === Watch cycle start ===
[2026-09-18T10:52:58.620544Z] Registered new inbound task: probe-001
[2026-09-18T10:52:58.621660Z] Closed probe probe-001 (RECEIPT)
[2026-09-18T10:52:58.622142Z] Closed probe-001 via receipt
[2026-09-18T10:52:58.623132Z] === Cycle complete, pending=1 ===
[2026-09-18T10:53:28.624126Z] === Watch cycle start ===
[2026-09-18T10:53:28.628235Z] Registered new inbound task: probe-001
[2026-09-18T10:53:28.629301Z] Closed probe probe-001 (RECEIPT)
[2026-09-18T10:53:28.629809Z] Closed probe-001 via receipt
[2026-09-18T10:53:28.630685Z] === Cycle complete, pending=1 ===
[2026-09-18T10:53:58.631725Z] === Watch cycle start ===
[2026-09-18T10:53:58.638416Z] Registered new inbound task: probe-001
[2026-09-18T10:53:58.640327Z] Closed probe probe-001 (RECEIPT)
[2026-09-18T10:53:58.643474Z] Closed probe-001 via receipt
[2026-09-18T10:53:58.647420Z] === Cycle complete, pending=1 ===
[2026-09-18T10:54:28.648327Z] === Watch cycle start ===
[2026-09-18T10:54:28.651850Z] Registered new inbound task: probe-001
[2026-09-18T10:54:28.652872Z] Closed probe probe-001 (RECEIPT)
[2026-09-18T10:54:28.653370Z] Closed probe-001 via receipt
[2026-09-18T10:54:28.654282Z] === Cycle complete, pending=1 ===
[2026-09-18T10:54:58.654990Z] === Watch cycle start ===
[2026-09-18T10:54:58.661346Z] Registered new inbound task: probe-001
[2026-09-18T10:54:58.663010Z] Closed probe probe-001 (RECEIPT)
[2026-09-18T10:54:58.667088Z] Closed probe-001 via receipt
[2026-09-18T10:54:58.668581Z] === Cycle complete, pending=1 ===
[2026-09-18T10:55:28.672671Z] === Watch cycle start ===
[2026-09-18T10:55:28.676460Z] Registered new inbound task: probe-001
[2026-09-18T10:55:28.677517Z] Closed probe probe-001 (RECEIPT)
[2026-09-18T10:55:28.677982Z] Closed probe-001 via receipt
[2026-09-18T10:55:28.678846Z] === Cycle complete, pending=1 ===
[2026-09-18T10:55:58.679508Z] === Watch cycle start ===
[2026-09-18T10:55:58.684530Z] Registered new inbound task: probe-001
[2026-09-18T10:55:58.685525Z] Closed probe probe-001 (RECEIPT)
[2026-09-18T10:55:58.685965Z] Closed probe-001 via receipt
[2026-09-18T10:55:58.686834Z] === Cycle complete, pending=1 ===
[2026-09-18T10:56:28.688283Z] === Watch cycle start ===
[2026-09-18T10:56:28.692819Z] Registered new inbound task: probe-001
[2026-09-18T10:56:28.695052Z] Closed probe probe-001 (RECEIPT)
[2026-09-18T10:56:28.695600Z] Closed probe-001 via receipt
[2026-09-18T10:56:28.697183Z] === Cycle complete, pending=1 ===
[2026-09-18T10:56:58.698092Z] === Watch cycle start ===
[2026-09-18T10:56:58.705085Z] Registered new inbound task: probe-001
[2026-09-18T10:56:58.706121Z] Closed probe probe-001 (RECEIPT)
[2026-09-18T10:56:58.706550Z] Closed probe-001 via receipt
[2026-09-18T10:56:58.707411Z] === Cycle complete, pending=1 ===
[2026-09-18T10:57:28.708066Z] === Watch cycle start ===
[2026-09-18T10:57:28.711893Z] Registered new inbound task: probe-001
[2026-09-18T10:57:28.712857Z] Closed probe probe-001 (RECEIPT)
[2026-09-18T10:57:28.713287Z] Closed probe-001 via receipt
[2026-09-18T10:57:28.714131Z] === Cycle complete, pending=1 ===
[2026-09-18T10:57:58.714709Z] === Watch cycle start ===
[2026-09-18T10:57:58.721517Z] Registered new inbound task: probe-001
[2026-09-18T10:57:58.722569Z] Closed probe probe-001 (RECEIPT)
[2026-09-18T10:57:58.723055Z] Closed probe-001 via receipt
[2026-09-18T10:57:58.724018Z] === Cycle complete, pending=1 ===
[2026-09-18T10:58:28.726730Z] === Watch cycle start ===
[2026-09-18T10:58:28.733128Z] Registered new inbound task: probe-001
[2026-09-18T10:58:28.802812Z] Closed probe probe-001 (RECEIPT)
[2026-09-18T10:58:28.819452Z] Closed probe-001 via receipt
[2026-09-18T10:58:28.866086Z] === Cycle complete, pending=1 ===
[2026-09-18T10:58:58.957037Z] === Watch cycle start ===
[2026-09-18T10:58:58.965281Z] Registered new inbound task: probe-001
[2026-09-18T10:58:58.967156Z] Closed probe probe-001 (RECEIPT)
[2026-09-18T10:58:58.968901Z] Closed probe-001 via receipt
[2026-09-18T10:58:58.970979Z] === Cycle complete, pending=1 ===
[2026-09-18T10:59:28.972050Z] === Watch cycle start ===
[2026-09-18T10:59:28.976568Z] Registered new inbound task: probe-001
[2026-09-18T10:59:28.978035Z] Closed probe probe-001 (RECEIPT)
[2026-09-18T10:59:28.978628Z] Closed probe-001 via receipt
[2026-09-18T10:59:28.979631Z] === Cycle complete, pending=1 ===
[2026-09-18T10:59:58.980971Z] === Watch cycle start ===
[2026-09-18T10:59:58.987702Z] Registered new inbound task: probe-001
[2026-09-18T10:59:58.989085Z] Closed probe probe-001 (RECEIPT)
[2026-09-18T10:59:58.989668Z] Closed probe-001 via receipt
[2026-09-18T10:59:58.990779Z] === Cycle complete, pending=1 ===
[2026-09-18T11:00:28.992064Z] === Watch cycle start ===
[2026-09-18T11:00:28.996432Z] Registered new inbound task: probe-001
[2026-09-18T11:00:28.997806Z] Closed probe probe-001 (RECEIPT)
[2026-09-18T11:00:29.001180Z] Closed probe-001 via receipt
[2026-09-18T11:00:29.002663Z] === Cycle complete, pending=1 ===
[2026-09-18T11:00:59.003626Z] === Watch cycle start ===
[2026-09-18T11:00:59.014181Z] Registered new inbound task: probe-001
[2026-09-18T11:00:59.015906Z] Closed probe probe-001 (RECEIPT)
[2026-09-18T11:00:59.016774Z] Closed probe-001 via receipt
[2026-09-18T11:00:59.018012Z] === Cycle complete, pending=1 ===
[2026-09-18T11:01:29.019087Z] === Watch cycle start ===
[2026-09-18T11:01:29.023285Z] Registered new inbound task: probe-001
[2026-09-18T11:01:29.024306Z] Closed probe probe-001 (RECEIPT)
[2026-09-18T11:01:29.024779Z] Closed probe-001 via receipt
[2026-09-18T11:01:29.025711Z] === Cycle complete, pending=1 ===
[2026-09-18T11:01:59.029133Z] === Watch cycle start ===
[2026-09-18T11:01:59.044428Z] Registered new inbound task: probe-001
[2026-09-18T11:01:59.045747Z] Closed probe probe-001 (RECEIPT)
[2026-09-18T11:01:59.046290Z] Closed probe-001 via receipt
[2026-09-18T11:01:59.047518Z] === Cycle complete, pending=1 ===
[2026-09-18T11:02:29.048317Z] === Watch cycle start ===
[2026-09-18T11:02:29.052841Z] Registered new inbound task: probe-001
[2026-09-18T11:02:29.054155Z] Closed probe probe-001 (RECEIPT)
[2026-09-18T11:02:29.054776Z] Closed probe-001 via receipt
[2026-09-18T11:02:29.055782Z] === Cycle complete, pending=1 ===
[2026-09-18T11:02:59.056543Z] === Watch cycle start ===
[2026-09-18T11:02:59.067104Z] Registered new inbound task: probe-001
[2026-09-18T11:02:59.068530Z] Closed probe probe-001 (RECEIPT)
[2026-09-18T11:02:59.069102Z] Closed probe-001 via receipt
[2026-09-18T11:02:59.070010Z] === Cycle complete, pending=1 ===
[2026-09-18T11:03:29.070725Z] === Watch cycle start ===
[2026-09-18T11:03:29.074386Z] Registered new inbound task: probe-001
[2026-09-18T11:03:29.075473Z] Closed probe probe-001 (RECEIPT)
[2026-09-18T11:03:29.075951Z] Closed probe-001 via receipt
[2026-09-18T11:03:29.076826Z] === Cycle complete, pending=1 ===
[2026-09-18T11:03:59.077985Z] === Watch cycle start ===
[2026-09-18T11:03:59.085583Z] Registered new inbound task: probe-001
[2026-09-18T11:03:59.086660Z] Closed probe probe-001 (RECEIPT)
[2026-09-18T11:03:59.087149Z] Closed probe-001 via receipt
[2026-09-18T11:03:59.088025Z] === Cycle complete, pending=1 ===
[2026-09-18T11:04:29.088738Z] === Watch cycle start ===
[2026-09-18T11:04:29.093281Z] Registered new inbound task: probe-001
[2026-09-18T11:04:29.095725Z] Closed probe probe-001 (RECEIPT)
[2026-09-18T11:04:29.096321Z] Closed probe-001 via receipt
[2026-09-18T11:04:29.097281Z] === Cycle complete, pending=1 ===
[2026-09-18T11:04:59.098510Z] === Watch cycle start ===
[2026-09-18T11:04:59.103023Z] Registered new inbound task: probe-001
[2026-09-18T11:04:59.104007Z] Closed probe probe-001 (RECEIPT)
[2026-09-18T11:04:59.104467Z] Closed probe-001 via receipt
[2026-09-18T11:04:59.105342Z] === Cycle complete, pending=1 ===
[2026-09-18T11:05:29.106722Z] === Watch cycle start ===
[2026-09-18T11:05:29.110543Z] Registered new inbound task: probe-001
[2026-09-18T11:05:29.111565Z] Closed probe probe-001 (RECEIPT)
[2026-09-18T11:05:29.112040Z] Closed probe-001 via receipt
[2026-09-18T11:05:29.112988Z] === Cycle complete, pending=1 ===
[2026-09-18T11:05:59.114295Z] === Watch cycle start ===
[2026-09-18T11:05:59.119936Z] Registered new inbound task: probe-001
[2026-09-18T11:05:59.120942Z] Closed probe probe-001 (RECEIPT)
[2026-09-18T11:05:59.121379Z] Closed probe-001 via receipt
[2026-09-18T11:05:59.122275Z] === Cycle complete, pending=1 ===
[2026-09-18T11:06:29.122942Z] === Watch cycle start ===
[2026-09-18T11:06:29.126719Z] Registered new inbound task: probe-001
[2026-09-18T11:06:29.128127Z] Closed probe probe-001 (RECEIPT)
[2026-09-18T11:06:29.130263Z] Closed probe-001 via receipt
[2026-09-18T11:06:29.131740Z] === Cycle complete, pending=1 ===
[2026-09-18T11:06:59.132603Z] === Watch cycle start ===
[2026-09-18T11:06:59.146265Z] Registered new inbound task: probe-001
[2026-09-18T11:06:59.151262Z] Closed probe probe-001 (RECEIPT)
[2026-09-18T11:06:59.152647Z] Closed probe-001 via receipt
[2026-09-18T11:06:59.153794Z] === Cycle complete, pending=1 ===
[2026-09-18T11:07:29.155383Z] === Watch cycle start ===
[2026-09-18T11:07:29.159033Z] Registered new inbound task: probe-001
[2026-09-18T11:07:29.160073Z] Closed probe probe-001 (RECEIPT)
[2026-09-18T11:07:29.160565Z] Closed probe-001 via receipt
[2026-09-18T11:07:29.161719Z] === Cycle complete, pending=1 ===
[2026-09-18T11:07:59.162508Z] === Watch cycle start ===
[2026-09-18T11:07:59.169220Z] Registered new inbound task: probe-001
[2026-09-18T11:07:59.170589Z] Closed probe probe-001 (RECEIPT)
[2026-09-18T11:07:59.171201Z] Closed probe-001 via receipt
[2026-09-18T11:07:59.172400Z] === Cycle complete, pending=1 ===
[2026-09-18T11:08:29.173998Z] === Watch cycle start ===
[2026-09-18T11:08:29.177503Z] Registered new inbound task: probe-001
[2026-09-18T11:08:29.178948Z] Closed probe probe-001 (RECEIPT)
[2026-09-18T11:08:29.182032Z] Closed probe-001 via receipt
[2026-09-18T11:08:29.183371Z] === Cycle complete, pending=1 ===
[2026-09-18T11:08:59.184331Z] === Watch cycle start ===
[2026-09-18T11:08:59.189918Z] Registered new inbound task: probe-001
[2026-09-18T11:08:59.190898Z] Closed probe probe-001 (RECEIPT)
[2026-09-18T11:08:59.191334Z] Closed probe-001 via receipt
[2026-09-18T11:08:59.192144Z] === Cycle complete, pending=1 ===
[2026-09-18T11:09:29.192831Z] === Watch cycle start ===
[2026-09-18T11:09:29.196391Z] Registered new inbound task: probe-001
[2026-09-18T11:09:29.197410Z] Closed probe probe-001 (RECEIPT)
[2026-09-18T11:09:29.197884Z] Closed probe-001 via receipt
[2026-09-18T11:09:29.198866Z] === Cycle complete, pending=1 ===
[2026-09-18T11:09:59.201732Z] === Watch cycle start ===
[2026-09-18T11:09:59.206110Z] Registered new inbound task: probe-001
[2026-09-18T11:09:59.207114Z] Closed probe probe-001 (RECEIPT)
[2026-09-18T11:09:59.207577Z] Closed probe-001 via receipt
[2026-09-18T11:09:59.208474Z] === Cycle complete, pending=1 ===
[2026-09-18T11:10:29.209237Z] === Watch cycle start ===
[2026-09-18T11:10:29.212910Z] Registered new inbound task: probe-001
[2026-09-18T11:10:29.213931Z] Closed probe probe-001 (RECEIPT)
[2026-09-18T11:10:29.214423Z] Closed probe-001 via receipt
[2026-09-18T11:10:29.215367Z] === Cycle complete, pending=1 ===
[2026-09-18T11:10:59.216015Z] === Watch cycle start ===
[2026-09-18T11:10:59.220527Z] Registered new inbound task: probe-001
[2026-09-18T11:10:59.221580Z] Closed probe probe-001 (RECEIPT)
[2026-09-18T11:10:59.222021Z] Closed probe-001 via receipt
[2026-09-18T11:10:59.223103Z] === Cycle complete, pending=1 ===
[2026-09-18T11:11:29.224293Z] === Watch cycle start ===
[2026-09-18T11:11:29.229114Z] Registered new inbound task: probe-001
[2026-09-18T11:11:29.230337Z] Closed probe probe-001 (RECEIPT)
[2026-09-18T11:11:29.230890Z] Closed probe-001 via receipt
[2026-09-18T11:11:29.231970Z] === Cycle complete, pending=1 ===
[2026-09-18T11:11:59.233632Z] === Watch cycle start ===
[2026-09-18T11:11:59.252881Z] Registered new inbound task: probe-001
[2026-09-18T11:11:59.254678Z] Closed probe probe-001 (RECEIPT)
[2026-09-18T11:11:59.265842Z] Closed probe-001 via receipt
[2026-09-18T11:11:59.267578Z] === Cycle complete, pending=1 ===
[2026-09-18T11:12:29.270639Z] === Watch cycle start ===
[2026-09-18T11:12:29.274729Z] Registered new inbound task: probe-001
[2026-09-18T11:12:29.276038Z] Closed probe probe-001 (RECEIPT)
[2026-09-18T11:12:29.276601Z] Closed probe-001 via receipt
[2026-09-18T11:12:29.277615Z] === Cycle complete, pending=1 ===
[2026-09-18T11:12:59.278421Z] === Watch cycle start ===
[2026-09-18T11:12:59.285510Z] Registered new inbound task: probe-001
[2026-09-18T11:12:59.290237Z] Closed probe probe-001 (RECEIPT)
[2026-09-18T11:12:59.291189Z] Closed probe-001 via receipt
[2026-09-18T11:12:59.292545Z] === Cycle complete, pending=1 ===
[2026-09-18T11:13:29.293366Z] === Watch cycle start ===
[2026-09-18T11:13:29.296905Z] Registered new inbound task: probe-001
[2026-09-18T11:13:29.297933Z] Closed probe probe-001 (RECEIPT)
[2026-09-18T11:13:29.298530Z] Closed probe-001 via receipt
[2026-09-18T11:13:29.301935Z] === Cycle complete, pending=1 ===
[2026-09-18T11:13:59.302616Z] === Watch cycle start ===
[2026-09-18T11:13:59.307722Z] Registered new inbound task: probe-001
[2026-09-18T11:13:59.309104Z] Closed probe probe-001 (RECEIPT)
[2026-09-18T11:13:59.309620Z] Closed probe-001 via receipt
[2026-09-18T11:13:59.310533Z] === Cycle complete, pending=1 ===
[2026-09-18T11:14:29.311179Z] === Watch cycle start ===
[2026-09-18T11:14:29.314523Z] Registered new inbound task: probe-001
[2026-09-18T11:14:29.315554Z] Closed probe probe-001 (RECEIPT)
[2026-09-18T11:14:29.316041Z] Closed probe-001 via receipt
[2026-09-18T11:14:29.316917Z] === Cycle complete, pending=1 ===
[2026-09-18T11:14:59.317911Z] === Watch cycle start ===
[2026-09-18T11:14:59.323216Z] Registered new inbound task: probe-001
[2026-09-18T11:14:59.324501Z] Closed probe probe-001 (RECEIPT)
[2026-09-18T11:14:59.326894Z] Closed probe-001 via receipt
[2026-09-18T11:14:59.328177Z] === Cycle complete, pending=1 ===
[2026-09-18T11:15:29.330052Z] === Watch cycle start ===
[2026-09-18T11:15:29.336907Z] Registered new inbound task: probe-001
[2026-09-18T11:15:29.338025Z] Closed probe probe-001 (RECEIPT)
[2026-09-18T11:15:29.338579Z] Closed probe-001 via receipt
[2026-09-18T11:15:29.339784Z] === Cycle complete, pending=1 ===
[2026-09-18T11:15:59.340576Z] === Watch cycle start ===
[2026-09-18T11:15:59.348230Z] Registered new inbound task: probe-001
[2026-09-18T11:15:59.349344Z] Closed probe probe-001 (RECEIPT)
[2026-09-18T11:15:59.349852Z] Closed probe-001 via receipt
[2026-09-18T11:15:59.350768Z] === Cycle complete, pending=1 ===
[2026-09-18T11:16:29.351567Z] === Watch cycle start ===
[2026-09-18T11:16:29.355206Z] Registered new inbound task: probe-001
[2026-09-18T11:16:29.356263Z] Closed probe probe-001 (RECEIPT)
[2026-09-18T11:16:29.356773Z] Closed probe-001 via receipt
[2026-09-18T11:16:29.357725Z] === Cycle complete, pending=1 ===
[2026-09-18T11:16:59.362153Z] === Watch cycle start ===
[2026-09-18T11:16:59.368351Z] Registered new inbound task: probe-001
[2026-09-18T11:16:59.369793Z] Closed probe probe-001 (RECEIPT)
[2026-09-18T11:16:59.370529Z] Closed probe-001 via receipt
[2026-09-18T11:16:59.372858Z] === Cycle complete, pending=1 ===
[2026-09-18T11:17:29.373892Z] === Watch cycle start ===
[2026-09-18T11:17:29.377187Z] Registered new inbound task: probe-001
[2026-09-18T11:17:29.378274Z] Closed probe probe-001 (RECEIPT)
[2026-09-18T11:17:29.378769Z] Closed probe-001 via receipt
[2026-09-18T11:17:29.379629Z] === Cycle complete, pending=1 ===
[2026-09-18T11:17:59.380273Z] === Watch cycle start ===
[2026-09-18T11:17:59.384099Z] Registered new inbound task: probe-001
[2026-09-18T11:17:59.385182Z] Closed probe probe-001 (RECEIPT)
[2026-09-18T11:17:59.385691Z] Closed probe-001 via receipt
[2026-09-18T11:17:59.386561Z] === Cycle complete, pending=1 ===
[2026-09-18T11:18:29.387202Z] === Watch cycle start ===
[2026-09-18T11:18:29.391447Z] Registered new inbound task: probe-001
[2026-09-18T11:18:29.392931Z] Closed probe probe-001 (RECEIPT)
[2026-09-18T11:18:29.397281Z] Closed probe-001 via receipt
[2026-09-18T11:18:29.398958Z] === Cycle complete, pending=1 ===
[2026-09-18T11:18:59.399977Z] === Watch cycle start ===
[2026-09-18T11:18:59.409809Z] Registered new inbound task: probe-001
[2026-09-18T11:18:59.414138Z] Closed probe probe-001 (RECEIPT)
[2026-09-18T11:18:59.418207Z] Closed probe-001 via receipt
[2026-09-18T11:18:59.419677Z] === Cycle complete, pending=1 ===
[2026-09-18T11:19:29.420794Z] === Watch cycle start ===
[2026-09-18T11:19:29.424338Z] Registered new inbound task: probe-001
[2026-09-18T11:19:29.425380Z] Closed probe probe-001 (RECEIPT)
[2026-09-18T11:19:29.425870Z] Closed probe-001 via receipt
[2026-09-18T11:19:29.426921Z] === Cycle complete, pending=1 ===
[2026-09-18T11:19:59.427991Z] === Watch cycle start ===
[2026-09-18T11:19:59.433882Z] Registered new inbound task: probe-001
[2026-09-18T11:19:59.434932Z] Closed probe probe-001 (RECEIPT)
[2026-09-18T11:19:59.435482Z] Closed probe-001 via receipt
[2026-09-18T11:19:59.436429Z] === Cycle complete, pending=1 ===
[2026-09-18T11:20:29.440678Z] === Watch cycle start ===
[2026-09-18T11:20:29.453101Z] Registered new inbound task: probe-001
[2026-09-18T11:20:29.454651Z] Closed probe probe-001 (RECEIPT)
[2026-09-18T11:20:29.455456Z] Closed probe-001 via receipt
[2026-09-18T11:20:29.456844Z] === Cycle complete, pending=1 ===
[2026-09-18T11:20:59.458700Z] === Watch cycle start ===
[2026-09-18T11:20:59.463386Z] Registered new inbound task: probe-001
[2026-09-18T11:20:59.464613Z] Closed probe probe-001 (RECEIPT)
[2026-09-18T11:20:59.465246Z] Closed probe-001 via receipt
[2026-09-18T11:20:59.466451Z] === Cycle complete, pending=1 ===
[2026-09-18T11:21:29.467604Z] === Watch cycle start ===
[2026-09-18T11:21:29.471334Z] Registered new inbound task: probe-001
[2026-09-18T11:21:29.472342Z] Closed probe probe-001 (RECEIPT)
[2026-09-18T11:21:29.472841Z] Closed probe-001 via receipt
[2026-09-18T11:21:29.473787Z] === Cycle complete, pending=1 ===
[2026-09-18T11:21:59.475129Z] === Watch cycle start ===
[2026-09-18T11:21:59.479682Z] Registered new inbound task: probe-001
[2026-09-18T11:21:59.480672Z] Closed probe probe-001 (RECEIPT)
[2026-09-18T11:21:59.481151Z] Closed probe-001 via receipt
[2026-09-18T11:21:59.482171Z] === Cycle complete, pending=1 ===
[2026-09-18T11:22:29.482728Z] === Watch cycle start ===
[2026-09-18T11:22:29.487754Z] Registered new inbound task: probe-001
[2026-09-18T11:22:29.488965Z] Closed probe probe-001 (RECEIPT)
[2026-09-18T11:22:29.489513Z] Closed probe-001 via receipt
[2026-09-18T11:22:29.490800Z] === Cycle complete, pending=1 ===
[2026-09-18T11:22:59.491516Z] === Watch cycle start ===
[2026-09-18T11:22:59.499199Z] Registered new inbound task: probe-001
[2026-09-18T11:22:59.500215Z] Closed probe probe-001 (RECEIPT)
[2026-09-18T11:22:59.500703Z] Closed probe-001 via receipt
[2026-09-18T11:22:59.501634Z] === Cycle complete, pending=1 ===
[2026-09-18T11:23:29.502302Z] === Watch cycle start ===
[2026-09-18T11:23:29.505817Z] Registered new inbound task: probe-001
[2026-09-18T11:23:29.507187Z] Closed probe probe-001 (RECEIPT)
[2026-09-18T11:23:29.508441Z] Closed probe-001 via receipt
[2026-09-18T11:23:29.509464Z] === Cycle complete, pending=1 ===
[2026-09-18T11:23:59.510625Z] === Watch cycle start ===
[2026-09-18T11:23:59.523613Z] Registered new inbound task: probe-001
[2026-09-18T11:23:59.524897Z] Closed probe probe-001 (RECEIPT)
[2026-09-18T11:23:59.530332Z] Closed probe-001 via receipt
[2026-09-18T11:23:59.531947Z] === Cycle complete, pending=1 ===
[2026-09-18T11:24:29.533085Z] === Watch cycle start ===
[2026-09-18T11:24:29.537407Z] Registered new inbound task: probe-001
[2026-09-18T11:24:29.538940Z] Closed probe probe-001 (RECEIPT)
[2026-09-18T11:24:29.539545Z] Closed probe-001 via receipt
[2026-09-18T11:24:29.540827Z] === Cycle complete, pending=1 ===
[2026-09-18T11:24:59.542243Z] === Watch cycle start ===
[2026-09-18T11:24:59.554152Z] Registered new inbound task: probe-001
[2026-09-18T11:24:59.555798Z] Closed probe probe-001 (RECEIPT)
[2026-09-18T11:24:59.556675Z] Closed probe-001 via receipt
[2026-09-18T11:24:59.557829Z] === Cycle complete, pending=1 ===
[2026-09-18T11:25:29.560025Z] === Watch cycle start ===
[2026-09-18T11:25:29.567404Z] Registered new inbound task: probe-001
[2026-09-18T11:25:29.569035Z] Closed probe probe-001 (RECEIPT)
[2026-09-18T11:25:29.569836Z] Closed probe-001 via receipt
[2026-09-18T11:25:29.571185Z] === Cycle complete, pending=1 ===
[2026-09-18T11:25:59.572088Z] === Watch cycle start ===
[2026-09-18T11:25:59.580533Z] Registered new inbound task: probe-001
[2026-09-18T11:25:59.583568Z] Closed probe probe-001 (RECEIPT)
[2026-09-18T11:25:59.584863Z] Closed probe-001 via receipt
[2026-09-18T11:25:59.586240Z] === Cycle complete, pending=1 ===
[2026-09-18T11:26:29.587022Z] === Watch cycle start ===
[2026-09-18T11:26:29.590822Z] Registered new inbound task: probe-001
[2026-09-18T11:26:29.591857Z] Closed probe probe-001 (RECEIPT)
[2026-09-18T11:26:29.592363Z] Closed probe-001 via receipt
[2026-09-18T11:26:29.593349Z] === Cycle complete, pending=1 ===
[2026-09-18T11:26:59.595528Z] === Watch cycle start ===
[2026-09-18T11:26:59.603726Z] Registered new inbound task: probe-001
[2026-09-18T11:26:59.604788Z] Closed probe probe-001 (RECEIPT)
[2026-09-18T11:26:59.605360Z] Closed probe-001 via receipt
[2026-09-18T11:26:59.606601Z] === Cycle complete, pending=1 ===
[2026-09-18T11:27:29.607351Z] === Watch cycle start ===
[2026-09-18T11:27:29.611495Z] Registered new inbound task: probe-001
[2026-09-18T11:27:29.612804Z] Closed probe probe-001 (RECEIPT)
[2026-09-18T11:27:29.613270Z] Closed probe-001 via receipt
[2026-09-18T11:27:29.614174Z] === Cycle complete, pending=1 ===
[2026-09-18T11:27:59.615571Z] === Watch cycle start ===
[2026-09-18T11:27:59.622752Z] Registered new inbound task: probe-001
[2026-09-18T11:27:59.623758Z] Closed probe probe-001 (RECEIPT)
[2026-09-18T11:27:59.624199Z] Closed probe-001 via receipt
[2026-09-18T11:27:59.625056Z] === Cycle complete, pending=1 ===
[2026-09-18T11:28:29.626480Z] === Watch cycle start ===
[2026-09-18T11:28:29.631722Z] Registered new inbound task: probe-001
[2026-09-18T11:28:29.644238Z] Closed probe probe-001 (RECEIPT)
[2026-09-18T11:28:29.646378Z] Closed probe-001 via receipt
[2026-09-18T11:28:29.647633Z] === Cycle complete, pending=1 ===
[2026-09-18T11:28:59.649099Z] === Watch cycle start ===
[2026-09-18T11:28:59.662188Z] Registered new inbound task: probe-001
[2026-09-18T11:28:59.663599Z] Closed probe probe-001 (RECEIPT)
[2026-09-18T11:28:59.664553Z] Closed probe-001 via receipt
[2026-09-18T11:28:59.665874Z] === Cycle complete, pending=1 ===
[2026-09-18T11:29:29.666712Z] === Watch cycle start ===
[2026-09-18T11:29:29.671574Z] Registered new inbound task: probe-001
[2026-09-18T11:29:29.672641Z] Closed probe probe-001 (RECEIPT)
[2026-09-18T11:29:29.673108Z] Closed probe-001 via receipt
[2026-09-18T11:29:29.673969Z] === Cycle complete, pending=1 ===
[2026-09-18T11:29:59.675706Z] === Watch cycle start ===
[2026-09-18T11:29:59.698753Z] Registered new inbound task: probe-001
[2026-09-18T11:29:59.700299Z] Closed probe probe-001 (RECEIPT)
[2026-09-18T11:29:59.701037Z] Closed probe-001 via receipt
[2026-09-18T11:29:59.702425Z] === Cycle complete, pending=1 ===
[2026-09-18T11:30:29.708470Z] === Watch cycle start ===
[2026-09-18T11:30:29.714229Z] Registered new inbound task: probe-001
[2026-09-18T11:30:29.715643Z] Closed probe probe-001 (RECEIPT)
[2026-09-18T11:30:29.716231Z] Closed probe-001 via receipt
[2026-09-18T11:30:29.717251Z] === Cycle complete, pending=1 ===
[2026-09-18T11:30:59.718257Z] === Watch cycle start ===
[2026-09-18T11:30:59.724749Z] Registered new inbound task: probe-001
[2026-09-18T11:30:59.726173Z] Closed probe probe-001 (RECEIPT)
[2026-09-18T11:30:59.726767Z] Closed probe-001 via receipt
[2026-09-18T11:30:59.728050Z] === Cycle complete, pending=1 ===
[2026-09-18T11:31:29.728987Z] === Watch cycle start ===
[2026-09-18T11:31:29.732689Z] Registered new inbound task: probe-001
[2026-09-18T11:31:29.733705Z] Closed probe probe-001 (RECEIPT)
[2026-09-18T11:31:29.734183Z] Closed probe-001 via receipt
[2026-09-18T11:31:29.735059Z] === Cycle complete, pending=1 ===
[2026-09-18T11:31:59.736145Z] === Watch cycle start ===
[2026-09-18T11:31:59.741327Z] Registered new inbound task: probe-001
[2026-09-18T11:31:59.742368Z] Closed probe probe-001 (RECEIPT)
[2026-09-18T11:31:59.742879Z] Closed probe-001 via receipt
[2026-09-18T11:31:59.743824Z] === Cycle complete, pending=1 ===
[2026-09-18T11:32:29.744537Z] === Watch cycle start ===
[2026-09-18T11:32:29.748359Z] Registered new inbound task: probe-001
[2026-09-18T11:32:29.749489Z] Closed probe probe-001 (RECEIPT)
[2026-09-18T11:32:29.749961Z] Closed probe-001 via receipt
[2026-09-18T11:32:29.750940Z] === Cycle complete, pending=1 ===
[2026-09-18T11:32:59.751573Z] === Watch cycle start ===
[2026-09-18T11:32:59.770604Z] Registered new inbound task: probe-001
[2026-09-18T11:32:59.771624Z] Closed probe probe-001 (RECEIPT)
[2026-09-18T11:32:59.772117Z] Closed probe-001 via receipt
[2026-09-18T11:32:59.773079Z] === Cycle complete, pending=1 ===
[2026-09-18T11:33:29.773996Z] === Watch cycle start ===
[2026-09-18T11:33:29.784160Z] Registered new inbound task: probe-001
[2026-09-18T11:33:29.785607Z] Closed probe probe-001 (RECEIPT)
[2026-09-18T11:33:29.786381Z] Closed probe-001 via receipt
[2026-09-18T11:33:29.787591Z] === Cycle complete, pending=1 ===
[2026-09-18T11:33:59.802289Z] === Watch cycle start ===
[2026-09-18T11:33:59.853064Z] Registered new inbound task: probe-001
[2026-09-18T11:33:59.875973Z] Closed probe probe-001 (RECEIPT)
[2026-09-18T11:33:59.898441Z] Closed probe-001 via receipt
[2026-09-18T11:33:59.925318Z] === Cycle complete, pending=1 ===
[2026-09-18T11:34:29.956587Z] === Watch cycle start ===
[2026-09-18T11:34:29.960758Z] Registered new inbound task: probe-001
[2026-09-18T11:34:29.963507Z] Closed probe probe-001 (RECEIPT)
[2026-09-18T11:34:29.970389Z] Closed probe-001 via receipt
[2026-09-18T11:34:29.976497Z] === Cycle complete, pending=1 ===
[2026-09-18T11:34:59.990731Z] === Watch cycle start ===
[2026-09-18T11:34:59.996579Z] Registered new inbound task: probe-001
[2026-09-18T11:34:59.998314Z] Closed probe probe-001 (RECEIPT)
[2026-09-18T11:35:00.000514Z] Closed probe-001 via receipt
[2026-09-18T11:35:00.005705Z] === Cycle complete, pending=1 ===
[2026-09-18T11:35:30.021439Z] === Watch cycle start ===
[2026-09-18T11:35:30.053831Z] Registered new inbound task: probe-001
[2026-09-18T11:35:30.087581Z] Closed probe probe-001 (RECEIPT)
[2026-09-18T11:35:30.098991Z] Closed probe-001 via receipt
[2026-09-18T11:35:30.120339Z] === Cycle complete, pending=1 ===
[2026-09-18T11:36:00.190016Z] === Watch cycle start ===
[2026-09-18T11:36:00.245029Z] Registered new inbound task: probe-001
[2026-09-18T11:36:00.281431Z] Closed probe probe-001 (RECEIPT)
[2026-09-18T11:36:00.307590Z] Closed probe-001 via receipt
[2026-09-18T11:36:00.335045Z] === Cycle complete, pending=1 ===
[2026-09-18T11:36:30.355949Z] === Watch cycle start ===
[2026-09-18T11:36:30.361844Z] Registered new inbound task: probe-001
[2026-09-18T11:36:30.363361Z] Closed probe probe-001 (RECEIPT)
[2026-09-18T11:36:30.364343Z] Closed probe-001 via receipt
[2026-09-18T11:36:30.366624Z] === Cycle complete, pending=1 ===
[2026-09-18T11:37:00.385293Z] === Watch cycle start ===
[2026-09-18T11:37:00.448631Z] Registered new inbound task: probe-001
[2026-09-18T11:37:00.458229Z] Closed probe probe-001 (RECEIPT)
[2026-09-18T11:37:00.463090Z] Closed probe-001 via receipt
[2026-09-18T11:37:00.471548Z] === Cycle complete, pending=1 ===
[2026-09-18T11:37:30.482007Z] === Watch cycle start ===
[2026-09-18T11:37:30.525612Z] Registered new inbound task: probe-001
[2026-09-18T11:37:30.539648Z] Closed probe probe-001 (RECEIPT)
[2026-09-18T11:37:30.558756Z] Closed probe-001 via receipt
[2026-09-18T11:37:30.571923Z] === Cycle complete, pending=1 ===
[2026-09-18T11:38:00.581292Z] === Watch cycle start ===
[2026-09-18T11:38:00.658183Z] Registered new inbound task: probe-001
[2026-09-18T11:38:00.677937Z] Closed probe probe-001 (RECEIPT)
[2026-09-18T11:38:00.699196Z] Closed probe-001 via receipt
[2026-09-18T11:38:00.710111Z] === Cycle complete, pending=1 ===
[2026-09-18T11:38:30.733198Z] === Watch cycle start ===
[2026-09-18T11:38:30.789238Z] Registered new inbound task: probe-001
[2026-09-18T11:38:30.842050Z] Closed probe probe-001 (RECEIPT)
[2026-09-18T11:38:30.867127Z] Closed probe-001 via receipt
[2026-09-18T11:38:30.936417Z] === Cycle complete, pending=1 ===
[2026-09-18T11:39:00.996047Z] === Watch cycle start ===
[2026-09-18T11:39:01.101099Z] Registered new inbound task: probe-001
[2026-09-18T11:39:01.196079Z] Closed probe probe-001 (RECEIPT)
[2026-09-18T11:39:01.226789Z] Closed probe-001 via receipt
[2026-09-18T11:39:01.280811Z] === Cycle complete, pending=1 ===
[2026-09-18T11:39:31.331465Z] === Watch cycle start ===
[2026-09-18T11:39:31.342409Z] Registered new inbound task: probe-001
[2026-09-18T11:39:31.344453Z] Closed probe probe-001 (RECEIPT)
[2026-09-18T11:39:31.349199Z] Closed probe-001 via receipt
[2026-09-18T11:39:31.354298Z] === Cycle complete, pending=1 ===
[2026-09-18T11:40:01.358185Z] === Watch cycle start ===
[2026-09-18T11:40:01.366001Z] Registered new inbound task: probe-001
[2026-09-18T11:40:01.376188Z] Closed probe probe-001 (RECEIPT)
[2026-09-18T11:40:01.379315Z] Closed probe-001 via receipt
[2026-09-18T11:40:01.389524Z] === Cycle complete, pending=1 ===
[2026-09-18T11:40:31.395248Z] === Watch cycle start ===
[2026-09-18T11:40:31.425503Z] Registered new inbound task: probe-001
[2026-09-18T11:40:31.435923Z] Closed probe probe-001 (RECEIPT)
[2026-09-18T11:40:31.449800Z] Closed probe-001 via receipt
[2026-09-18T11:40:31.460152Z] === Cycle complete, pending=1 ===
[2026-09-18T11:41:01.477691Z] === Watch cycle start ===
[2026-09-18T11:41:01.514060Z] Registered new inbound task: probe-001
[2026-09-18T11:41:01.536757Z] Closed probe probe-001 (RECEIPT)
[2026-09-18T11:41:01.563780Z] Closed probe-001 via receipt
[2026-09-18T11:41:01.582314Z] === Cycle complete, pending=1 ===
[2026-09-18T11:41:31.619099Z] === Watch cycle start ===
[2026-09-18T11:41:31.709471Z] Registered new inbound task: probe-001
[2026-09-18T11:41:31.733612Z] Closed probe probe-001 (RECEIPT)
[2026-09-18T11:41:31.758202Z] Closed probe-001 via receipt
[2026-09-18T11:41:31.818230Z] === Cycle complete, pending=1 ===
[2026-09-18T11:42:01.862102Z] === Watch cycle start ===
[2026-09-18T11:42:01.936079Z] Registered new inbound task: probe-001
[2026-09-18T11:42:01.943836Z] Closed probe probe-001 (RECEIPT)
[2026-09-18T11:42:01.964814Z] Closed probe-001 via receipt
[2026-09-18T11:42:01.966412Z] === Cycle complete, pending=1 ===
[2026-09-18T11:42:32.015484Z] === Watch cycle start ===
[2026-09-18T11:42:32.145694Z] Registered new inbound task: probe-001
[2026-09-18T11:42:32.211574Z] Closed probe probe-001 (RECEIPT)
[2026-09-18T11:42:32.281865Z] Closed probe-001 via receipt
[2026-09-18T11:42:32.320958Z] === Cycle complete, pending=1 ===
[2026-09-18T11:43:02.348666Z] === Watch cycle start ===
[2026-09-18T11:43:02.378809Z] Registered new inbound task: probe-001
[2026-09-18T11:43:02.396728Z] Closed probe probe-001 (RECEIPT)
[2026-09-18T11:43:02.422036Z] Closed probe-001 via receipt
[2026-09-18T11:43:02.430163Z] === Cycle complete, pending=1 ===
[2026-09-18T11:43:32.473199Z] === Watch cycle start ===
[2026-09-18T11:43:32.546141Z] Registered new inbound task: probe-001
[2026-09-18T11:43:32.595274Z] Closed probe probe-001 (RECEIPT)
[2026-09-18T11:43:32.637203Z] Closed probe-001 via receipt
[2026-09-18T11:43:32.705108Z] === Cycle complete, pending=1 ===
[2026-09-18T11:44:02.788390Z] === Watch cycle start ===
[2026-09-18T11:44:02.808369Z] Registered new inbound task: probe-001
[2026-09-18T11:44:02.819997Z] Closed probe probe-001 (RECEIPT)
[2026-09-18T11:44:02.822532Z] Closed probe-001 via receipt
[2026-09-18T11:44:02.825715Z] === Cycle complete, pending=1 ===
[2026-09-18T11:44:32.829991Z] === Watch cycle start ===
[2026-09-18T11:44:32.852951Z] Registered new inbound task: probe-001
[2026-09-18T11:44:32.854970Z] Closed probe probe-001 (RECEIPT)
[2026-09-18T11:44:32.860103Z] Closed probe-001 via receipt
[2026-09-18T11:44:32.861782Z] === Cycle complete, pending=1 ===
[2026-09-18T11:45:02.866186Z] === Watch cycle start ===
[2026-09-18T11:45:02.878607Z] Registered new inbound task: probe-001
[2026-09-18T11:45:02.886253Z] Closed probe probe-001 (RECEIPT)
[2026-09-18T11:45:02.915605Z] Closed probe-001 via receipt
[2026-09-18T11:45:02.927370Z] === Cycle complete, pending=1 ===
[2026-09-18T11:45:32.946881Z] === Watch cycle start ===
[2026-09-18T11:45:32.987018Z] Registered new inbound task: probe-001
[2026-09-18T11:45:32.998512Z] Closed probe probe-001 (RECEIPT)
[2026-09-18T11:45:33.019204Z] Closed probe-001 via receipt
[2026-09-18T11:45:33.037428Z] === Cycle complete, pending=1 ===
[2026-09-18T11:46:03.092726Z] === Watch cycle start ===
[2026-09-18T11:46:03.118474Z] Registered new inbound task: probe-001
[2026-09-18T11:46:03.132560Z] Closed probe probe-001 (RECEIPT)
[2026-09-18T11:46:03.148120Z] Closed probe-001 via receipt
[2026-09-18T11:46:03.156563Z] === Cycle complete, pending=1 ===
[2026-09-18T11:46:33.170106Z] === Watch cycle start ===
[2026-09-18T11:46:33.188256Z] Registered new inbound task: probe-001
[2026-09-18T11:46:33.210685Z] Closed probe probe-001 (RECEIPT)
[2026-09-18T11:46:33.224079Z] Closed probe-001 via receipt
[2026-09-18T11:46:33.239066Z] === Cycle complete, pending=1 ===
[2026-09-18T11:47:03.249866Z] === Watch cycle start ===
[2026-09-18T11:47:03.286233Z] Registered new inbound task: probe-001
[2026-09-18T11:47:03.304224Z] Closed probe probe-001 (RECEIPT)
[2026-09-18T11:47:03.310281Z] Closed probe-001 via receipt
[2026-09-18T11:47:03.317593Z] === Cycle complete, pending=1 ===
[2026-09-18T11:47:33.328665Z] === Watch cycle start ===
[2026-09-18T11:47:33.396850Z] Registered new inbound task: probe-001
[2026-09-18T11:47:33.415147Z] Closed probe probe-001 (RECEIPT)
[2026-09-18T11:47:33.469530Z] Closed probe-001 via receipt
[2026-09-18T11:47:33.522240Z] === Cycle complete, pending=1 ===
[2026-09-18T11:48:03.567042Z] === Watch cycle start ===
[2026-09-18T11:48:03.593490Z] Registered new inbound task: probe-001
[2026-09-18T11:48:03.606069Z] Closed probe probe-001 (RECEIPT)
[2026-09-18T11:48:03.615715Z] Closed probe-001 via receipt
[2026-09-18T11:48:03.619523Z] === Cycle complete, pending=1 ===
[2026-09-18T11:48:33.628190Z] === Watch cycle start ===
[2026-09-18T11:48:33.666508Z] Registered new inbound task: probe-001
[2026-09-18T11:48:33.678507Z] Closed probe probe-001 (RECEIPT)
[2026-09-18T11:48:33.692668Z] Closed probe-001 via receipt
[2026-09-18T11:48:33.706876Z] === Cycle complete, pending=1 ===
[2026-09-18T11:49:03.735219Z] === Watch cycle start ===
[2026-09-18T11:49:03.860325Z] Registered new inbound task: probe-001
[2026-09-18T11:49:03.919113Z] Closed probe probe-001 (RECEIPT)
[2026-09-18T11:49:03.975532Z] Closed probe-001 via receipt
[2026-09-18T11:49:04.032744Z] === Cycle complete, pending=1 ===
[2026-09-18T11:49:34.070896Z] === Watch cycle start ===
[2026-09-18T11:49:34.101214Z] Registered new inbound task: probe-001
[2026-09-18T11:49:34.103060Z] Closed probe probe-001 (RECEIPT)
[2026-09-18T11:49:34.104119Z] Closed probe-001 via receipt
[2026-09-18T11:49:34.106133Z] === Cycle complete, pending=1 ===
[2026-09-18T11:50:04.125725Z] === Watch cycle start ===
[2026-09-18T11:50:04.202259Z] Registered new inbound task: probe-001
[2026-09-18T11:50:04.233471Z] Closed probe probe-001 (RECEIPT)
[2026-09-18T11:50:04.276262Z] Closed probe-001 via receipt
[2026-09-18T11:50:04.310969Z] === Cycle complete, pending=1 ===
[2026-09-18T11:50:34.362411Z] === Watch cycle start ===
[2026-09-18T11:50:34.385912Z] Registered new inbound task: probe-001
[2026-09-18T11:50:34.388490Z] Closed probe probe-001 (RECEIPT)
[2026-09-18T11:50:34.392391Z] Closed probe-001 via receipt
[2026-09-18T11:50:34.396250Z] === Cycle complete, pending=1 ===
[2026-09-18T11:51:04.415581Z] === Watch cycle start ===
[2026-09-18T11:51:04.444812Z] Registered new inbound task: probe-001
[2026-09-18T11:51:04.469032Z] Closed probe probe-001 (RECEIPT)
[2026-09-18T11:51:04.516030Z] Closed probe-001 via receipt
[2026-09-18T11:51:04.546943Z] STALE: soak-001 past deadline + 30min grace
[2026-09-18T11:51:04.583364Z] === Cycle complete, pending=0 ===
[2026-09-18T11:51:34.617008Z] === Watch cycle start ===
[2026-09-18T11:51:34.693883Z] Registered new inbound task: probe-001
[2026-09-18T11:51:34.724395Z] Registered new inbound task: soak-001
[2026-09-18T11:51:34.787898Z] Closed probe probe-001 (RECEIPT)
[2026-09-18T11:51:34.815492Z] Closed probe-001 via receipt
[2026-09-18T11:51:34.848110Z] === Cycle complete, pending=1 ===
[2026-09-18T11:52:04.912014Z] === Watch cycle start ===
[2026-09-18T11:52:04.971673Z] Registered new inbound task: probe-001
[2026-09-18T11:52:05.014646Z] Closed probe probe-001 (RECEIPT)
[2026-09-18T11:52:05.033524Z] Closed probe-001 via receipt
[2026-09-18T11:52:05.042406Z] === Cycle complete, pending=1 ===
[2026-09-18T11:52:35.061713Z] === Watch cycle start ===
[2026-09-18T11:52:35.089405Z] Registered new inbound task: probe-001
[2026-09-18T11:52:35.104913Z] Closed probe probe-001 (RECEIPT)
[2026-09-18T11:52:35.134845Z] Closed probe-001 via receipt
[2026-09-18T11:52:35.172920Z] === Cycle complete, pending=1 ===
[2026-09-18T11:53:05.208579Z] === Watch cycle start ===
[2026-09-18T11:53:05.276192Z] Registered new inbound task: probe-001
[2026-09-18T11:53:05.285758Z] Closed probe probe-001 (RECEIPT)
[2026-09-18T11:53:05.307865Z] Closed probe-001 via receipt
[2026-09-18T11:53:05.328900Z] === Cycle complete, pending=1 ===
[2026-09-18T11:53:35.370454Z] === Watch cycle start ===
[2026-09-18T11:53:35.435445Z] Registered new inbound task: probe-001
[2026-09-18T11:53:35.494980Z] Closed probe probe-001 (RECEIPT)
[2026-09-18T11:53:35.523835Z] Closed probe-001 via receipt
[2026-09-18T11:53:35.567919Z] === Cycle complete, pending=1 ===
[2026-09-18T11:54:05.634079Z] === Watch cycle start ===
[2026-09-18T11:54:05.751191Z] Registered new inbound task: probe-001
[2026-09-18T11:54:05.805410Z] Closed probe probe-001 (RECEIPT)
[2026-09-18T11:54:05.846273Z] Closed probe-001 via receipt
[2026-09-18T11:54:05.899350Z] === Cycle complete, pending=1 ===
[2026-09-18T11:54:35.937469Z] === Watch cycle start ===
[2026-09-18T11:54:35.967081Z] Registered new inbound task: probe-001
[2026-09-18T11:54:35.984669Z] Closed probe probe-001 (RECEIPT)
[2026-09-18T11:54:35.990405Z] Closed probe-001 via receipt
[2026-09-18T11:54:36.006553Z] === Cycle complete, pending=1 ===
[2026-09-18T11:55:06.033018Z] === Watch cycle start ===
[2026-09-18T11:55:06.106882Z] Registered new inbound task: probe-001
[2026-09-18T11:55:06.142845Z] Closed probe probe-001 (RECEIPT)
[2026-09-18T11:55:06.198043Z] Closed probe-001 via receipt
[2026-09-18T11:55:06.224276Z] === Cycle complete, pending=1 ===
[2026-09-18T11:55:36.248072Z] === Watch cycle start ===
[2026-09-18T11:55:36.269526Z] Registered new inbound task: probe-001
[2026-09-18T11:55:36.272678Z] Closed probe probe-001 (RECEIPT)
[2026-09-18T11:55:36.273991Z] Closed probe-001 via receipt
[2026-09-18T11:55:36.284376Z] === Cycle complete, pending=1 ===
[2026-09-18T11:56:06.318050Z] === Watch cycle start ===
[2026-09-18T11:56:06.462884Z] Registered new inbound task: probe-001
[2026-09-18T11:56:06.538969Z] Closed probe probe-001 (RECEIPT)
[2026-09-18T11:56:06.624574Z] Closed probe-001 via receipt
[2026-09-18T11:56:06.701265Z] === Cycle complete, pending=1 ===
[2026-09-18T11:56:36.762738Z] === Watch cycle start ===
[2026-09-18T11:56:36.777093Z] Registered new inbound task: probe-001
[2026-09-18T11:56:36.779887Z] Closed probe probe-001 (RECEIPT)
[2026-09-18T11:56:36.785359Z] Closed probe-001 via receipt
[2026-09-18T11:56:36.793819Z] === Cycle complete, pending=1 ===
[2026-09-18T11:57:06.801880Z] === Watch cycle start ===
[2026-09-18T11:57:06.821601Z] Registered new inbound task: probe-001
[2026-09-18T11:57:06.827283Z] Closed probe probe-001 (RECEIPT)
[2026-09-18T11:57:06.830683Z] Closed probe-001 via receipt
[2026-09-18T11:57:06.832430Z] === Cycle complete, pending=1 ===
[2026-09-18T11:57:36.833815Z] === Watch cycle start ===
[2026-09-18T11:57:36.843728Z] Registered new inbound task: probe-001
[2026-09-18T11:57:36.847474Z] Closed probe probe-001 (RECEIPT)
[2026-09-18T11:57:36.849898Z] Closed probe-001 via receipt
[2026-09-18T11:57:36.851863Z] === Cycle complete, pending=1 ===
[2026-09-18T11:58:06.859517Z] === Watch cycle start ===
[2026-09-18T11:58:06.882370Z] Registered new inbound task: probe-001
[2026-09-18T11:58:06.886410Z] Closed probe probe-001 (RECEIPT)
[2026-09-18T11:58:06.890638Z] Closed probe-001 via receipt
[2026-09-18T11:58:06.896166Z] === Cycle complete, pending=1 ===
[2026-09-18T11:58:36.902822Z] === Watch cycle start ===
[2026-09-18T11:58:36.908733Z] Registered new inbound task: probe-001
[2026-09-18T11:58:36.913627Z] Closed probe probe-001 (RECEIPT)
[2026-09-18T11:58:36.921917Z] Closed probe-001 via receipt
[2026-09-18T11:58:36.931682Z] === Cycle complete, pending=1 ===
[2026-09-18T11:59:06.943244Z] === Watch cycle start ===
[2026-09-18T11:59:06.991358Z] Registered new inbound task: probe-001
[2026-09-18T11:59:07.000641Z] Closed probe probe-001 (RECEIPT)
[2026-09-18T11:59:07.007370Z] Closed probe-001 via receipt
[2026-09-18T11:59:07.021872Z] === Cycle complete, pending=1 ===
[2026-09-18T11:59:37.032268Z] === Watch cycle start ===
[2026-09-18T11:59:37.051978Z] Registered new inbound task: probe-001
[2026-09-18T11:59:37.054453Z] Closed probe probe-001 (RECEIPT)
[2026-09-18T11:59:37.064254Z] Closed probe-001 via receipt
[2026-09-18T11:59:37.065939Z] === Cycle complete, pending=1 ===
[2026-09-18T12:00:07.069294Z] === Watch cycle start ===
[2026-09-18T12:00:07.087090Z] Registered new inbound task: probe-001
[2026-09-18T12:00:07.090215Z] Closed probe probe-001 (RECEIPT)
[2026-09-18T12:00:07.091231Z] Closed probe-001 via receipt
[2026-09-18T12:00:07.093092Z] === Cycle complete, pending=1 ===
[2026-09-18T12:00:37.098379Z] === Watch cycle start ===
[2026-09-18T12:00:37.122726Z] Registered new inbound task: probe-001
[2026-09-18T12:00:37.125839Z] Closed probe probe-001 (RECEIPT)
[2026-09-18T12:00:37.127190Z] Closed probe-001 via receipt
[2026-09-18T12:00:37.129337Z] === Cycle complete, pending=1 ===
[2026-09-18T12:01:07.134815Z] === Watch cycle start ===
[2026-09-18T12:01:07.164382Z] Registered new inbound task: probe-001
[2026-09-18T12:01:07.174167Z] Closed probe probe-001 (RECEIPT)
[2026-09-18T12:01:07.178748Z] Closed probe-001 via receipt
[2026-09-18T12:01:07.184583Z] === Cycle complete, pending=1 ===
[2026-09-18T12:01:37.189069Z] === Watch cycle start ===
[2026-09-18T12:01:37.208437Z] Registered new inbound task: probe-001
[2026-09-18T12:01:37.216145Z] Closed probe probe-001 (RECEIPT)
[2026-09-18T12:01:37.225361Z] Closed probe-001 via receipt
[2026-09-18T12:01:37.249561Z] === Cycle complete, pending=1 ===
[2026-09-18T12:02:07.275521Z] === Watch cycle start ===
[2026-09-18T12:02:07.288275Z] Registered new inbound task: probe-001
[2026-09-18T12:02:07.296288Z] Closed probe probe-001 (RECEIPT)
[2026-09-18T12:02:07.302575Z] Closed probe-001 via receipt
[2026-09-18T12:02:07.308050Z] === Cycle complete, pending=1 ===
[2026-09-18T12:02:37.326485Z] === Watch cycle start ===
[2026-09-18T12:02:37.344932Z] Registered new inbound task: probe-001
[2026-09-18T12:02:37.348194Z] Closed probe probe-001 (RECEIPT)
[2026-09-18T12:02:37.363729Z] Closed probe-001 via receipt
[2026-09-18T12:02:37.414760Z] === Cycle complete, pending=1 ===
[2026-09-18T12:03:07.433841Z] === Watch cycle start ===
[2026-09-18T12:03:07.442944Z] Registered new inbound task: probe-001
[2026-09-18T12:03:07.445695Z] Closed probe probe-001 (RECEIPT)
[2026-09-18T12:03:07.447465Z] Closed probe-001 via receipt
[2026-09-18T12:03:07.450052Z] === Cycle complete, pending=1 ===
[2026-09-18T12:03:37.455899Z] === Watch cycle start ===
[2026-09-18T12:03:37.462654Z] Registered new inbound task: probe-001
[2026-09-18T12:03:37.466815Z] Closed probe probe-001 (RECEIPT)
[2026-09-18T12:03:37.469907Z] Closed probe-001 via receipt
[2026-09-18T12:03:37.472591Z] === Cycle complete, pending=1 ===
[2026-09-18T12:04:07.488851Z] === Watch cycle start ===
[2026-09-18T12:04:07.502890Z] Registered new inbound task: probe-001
[2026-09-18T12:04:07.509562Z] Closed probe probe-001 (RECEIPT)
[2026-09-18T12:04:07.512872Z] Closed probe-001 via receipt
[2026-09-18T12:04:07.516555Z] === Cycle complete, pending=1 ===
[2026-09-18T12:04:37.532663Z] === Watch cycle start ===
[2026-09-18T12:04:37.587732Z] Registered new inbound task: probe-001
[2026-09-18T12:04:37.620389Z] Closed probe probe-001 (RECEIPT)
[2026-09-18T12:04:37.629148Z] Closed probe-001 via receipt
[2026-09-18T12:04:37.631911Z] === Cycle complete, pending=1 ===
[2026-09-18T12:05:07.669709Z] === Watch cycle start ===
[2026-09-18T12:05:07.718414Z] Registered new inbound task: probe-001
[2026-09-18T12:05:07.761469Z] Closed probe probe-001 (RECEIPT)
[2026-09-18T12:05:07.787969Z] Closed probe-001 via receipt
[2026-09-18T12:05:07.816049Z] === Cycle complete, pending=1 ===
[2026-09-18T12:05:37.858138Z] === Watch cycle start ===
[2026-09-18T12:05:37.924053Z] Registered new inbound task: probe-001
[2026-09-18T12:05:37.937876Z] Closed probe probe-001 (RECEIPT)
[2026-09-18T12:05:37.954401Z] Closed probe-001 via receipt
[2026-09-18T12:05:37.997203Z] === Cycle complete, pending=1 ===
[2026-09-18T12:06:08.036431Z] === Watch cycle start ===
[2026-09-18T12:06:08.054220Z] Registered new inbound task: probe-001
[2026-09-18T12:06:08.055479Z] Closed probe probe-001 (RECEIPT)
[2026-09-18T12:06:08.056017Z] Closed probe-001 via receipt
[2026-09-18T12:06:08.057122Z] === Cycle complete, pending=1 ===
[2026-09-18T12:06:38.062221Z] === Watch cycle start ===
[2026-09-18T12:06:38.068025Z] Registered new inbound task: probe-001
[2026-09-18T12:06:38.069972Z] Closed probe probe-001 (RECEIPT)
[2026-09-18T12:06:38.071001Z] Closed probe-001 via receipt
[2026-09-18T12:06:38.072717Z] === Cycle complete, pending=1 ===
[2026-09-18T12:07:08.080663Z] === Watch cycle start ===
[2026-09-18T12:07:08.103658Z] Registered new inbound task: probe-001
[2026-09-18T12:07:08.105470Z] Closed probe probe-001 (RECEIPT)
[2026-09-18T12:07:08.106581Z] Closed probe-001 via receipt
[2026-09-18T12:07:08.110095Z] === Cycle complete, pending=1 ===
[2026-09-18T12:07:38.111492Z] === Watch cycle start ===
[2026-09-18T12:07:38.115036Z] Registered new inbound task: probe-001
[2026-09-18T12:07:38.116137Z] Closed probe probe-001 (RECEIPT)
[2026-09-18T12:07:38.116973Z] Closed probe-001 via receipt
[2026-09-18T12:07:38.120546Z] === Cycle complete, pending=1 ===
[2026-09-18T12:08:08.130430Z] === Watch cycle start ===
[2026-09-18T12:08:08.163870Z] Registered new inbound task: probe-001
[2026-09-18T12:08:08.181278Z] Closed probe probe-001 (RECEIPT)
[2026-09-18T12:08:08.204026Z] Closed probe-001 via receipt
[2026-09-18T12:08:08.227340Z] === Cycle complete, pending=1 ===
[2026-09-18T12:08:38.252440Z] === Watch cycle start ===
[2026-09-18T12:08:38.318226Z] Registered new inbound task: probe-001
[2026-09-18T12:08:38.333789Z] Closed probe probe-001 (RECEIPT)
[2026-09-18T12:08:38.349559Z] Closed probe-001 via receipt
[2026-09-18T12:08:38.363827Z] === Cycle complete, pending=1 ===
[2026-09-18T12:09:08.379279Z] === Watch cycle start ===
[2026-09-18T12:09:08.384703Z] Registered new inbound task: probe-001
[2026-09-18T12:09:08.386124Z] Closed probe probe-001 (RECEIPT)
[2026-09-18T12:09:08.386711Z] Closed probe-001 via receipt
[2026-09-18T12:09:08.388228Z] === Cycle complete, pending=1 ===
[2026-09-18T12:09:38.390757Z] === Watch cycle start ===
[2026-09-18T12:09:38.396567Z] Registered new inbound task: probe-001
[2026-09-18T12:09:38.399759Z] Closed probe probe-001 (RECEIPT)
[2026-09-18T12:09:38.400645Z] Closed probe-001 via receipt
[2026-09-18T12:09:38.402043Z] === Cycle complete, pending=1 ===
[2026-09-18T12:10:08.404001Z] === Watch cycle start ===
[2026-09-18T12:10:08.422693Z] Registered new inbound task: probe-001
[2026-09-18T12:10:08.428990Z] Closed probe probe-001 (RECEIPT)
[2026-09-18T12:10:08.445952Z] Closed probe-001 via receipt
[2026-09-18T12:10:08.457274Z] === Cycle complete, pending=1 ===
[2026-09-18T12:10:38.487398Z] === Watch cycle start ===
[2026-09-18T12:10:38.557402Z] Registered new inbound task: probe-001
[2026-09-18T12:10:38.605390Z] Closed probe probe-001 (RECEIPT)
[2026-09-18T12:10:38.637195Z] Closed probe-001 via receipt
[2026-09-18T12:10:38.688082Z] === Cycle complete, pending=1 ===
[2026-09-18T12:11:08.742718Z] === Watch cycle start ===
[2026-09-18T12:11:08.761976Z] Registered new inbound task: probe-001
[2026-09-18T12:11:08.766079Z] Closed probe probe-001 (RECEIPT)
[2026-09-18T12:11:08.767583Z] Closed probe-001 via receipt
[2026-09-18T12:11:08.777328Z] === Cycle complete, pending=1 ===
[2026-09-18T12:11:38.792313Z] === Watch cycle start ===
[2026-09-18T12:11:38.861419Z] Registered new inbound task: probe-001
[2026-09-18T12:11:38.916092Z] Closed probe probe-001 (RECEIPT)
[2026-09-18T12:11:38.929566Z] Closed probe-001 via receipt
[2026-09-18T12:11:38.945859Z] === Cycle complete, pending=1 ===
[2026-09-18T12:12:08.982151Z] === Watch cycle start ===
[2026-09-18T12:12:09.025206Z] Registered new inbound task: probe-001
[2026-09-18T12:12:09.041093Z] Closed probe probe-001 (RECEIPT)
[2026-09-18T12:12:09.058577Z] Closed probe-001 via receipt
[2026-09-18T12:12:09.078574Z] === Cycle complete, pending=1 ===
[2026-09-18T12:12:39.103587Z] === Watch cycle start ===
[2026-09-18T12:12:39.162755Z] Registered new inbound task: probe-001
[2026-09-18T12:12:39.177149Z] Closed probe probe-001 (RECEIPT)
[2026-09-18T12:12:39.191537Z] Closed probe-001 via receipt
[2026-09-18T12:12:39.198847Z] === Cycle complete, pending=1 ===
[2026-09-18T12:13:09.211126Z] === Watch cycle start ===
[2026-09-18T12:13:09.246695Z] Registered new inbound task: probe-001
[2026-09-18T12:13:09.263842Z] Closed probe probe-001 (RECEIPT)
[2026-09-18T12:13:09.270904Z] Closed probe-001 via receipt
[2026-09-18T12:13:09.274352Z] === Cycle complete, pending=1 ===
[2026-09-18T12:13:39.284177Z] === Watch cycle start ===
[2026-09-18T12:13:39.322464Z] Registered new inbound task: probe-001
[2026-09-18T12:13:39.339690Z] Closed probe probe-001 (RECEIPT)
[2026-09-18T12:13:39.342687Z] Closed probe-001 via receipt
[2026-09-18T12:13:39.348912Z] === Cycle complete, pending=1 ===
[2026-09-18T12:14:09.375137Z] === Watch cycle start ===
[2026-09-18T12:14:09.440889Z] Registered new inbound task: probe-001
[2026-09-18T12:14:09.444758Z] Closed probe probe-001 (RECEIPT)
[2026-09-18T12:14:09.458442Z] Closed probe-001 via receipt
[2026-09-18T12:14:09.476819Z] === Cycle complete, pending=1 ===
[2026-09-18T12:14:39.494998Z] === Watch cycle start ===
[2026-09-18T12:14:39.536669Z] Registered new inbound task: probe-001
[2026-09-18T12:14:39.539104Z] Closed probe probe-001 (RECEIPT)
[2026-09-18T12:14:39.540044Z] Closed probe-001 via receipt
[2026-09-18T12:14:39.541541Z] === Cycle complete, pending=1 ===
[2026-09-18T12:15:09.548068Z] === Watch cycle start ===
[2026-09-18T12:15:09.556356Z] Registered new inbound task: probe-001
[2026-09-18T12:15:09.558356Z] Closed probe probe-001 (RECEIPT)
[2026-09-18T12:15:09.559018Z] Closed probe-001 via receipt
[2026-09-18T12:15:09.560090Z] === Cycle complete, pending=1 ===
[2026-09-18T12:15:39.573222Z] === Watch cycle start ===
[2026-09-18T12:15:39.601380Z] Registered new inbound task: probe-001
[2026-09-18T12:15:39.608301Z] Closed probe probe-001 (RECEIPT)
[2026-09-18T12:15:39.638942Z] Closed probe-001 via receipt
[2026-09-18T12:15:39.657662Z] === Cycle complete, pending=1 ===
[2026-09-18T12:16:09.678225Z] === Watch cycle start ===
[2026-09-18T12:16:09.698780Z] Registered new inbound task: probe-001
[2026-09-18T12:16:09.726721Z] Closed probe probe-001 (RECEIPT)
[2026-09-18T12:16:09.748090Z] Closed probe-001 via receipt
[2026-09-18T12:16:09.766563Z] === Cycle complete, pending=1 ===
[2026-09-18T12:16:39.797870Z] === Watch cycle start ===
[2026-09-18T12:16:39.948666Z] Registered new inbound task: probe-001
[2026-09-18T12:16:40.040512Z] Closed probe probe-001 (RECEIPT)
[2026-09-18T12:16:40.121153Z] Closed probe-001 via receipt
[2026-09-18T12:16:40.144261Z] === Cycle complete, pending=1 ===
[2026-09-18T12:17:10.169944Z] === Watch cycle start ===
[2026-09-18T12:17:10.202690Z] Registered new inbound task: probe-001
[2026-09-18T12:17:10.231806Z] Closed probe probe-001 (RECEIPT)
[2026-09-18T12:17:10.256411Z] Closed probe-001 via receipt
[2026-09-18T12:17:10.276267Z] === Cycle complete, pending=1 ===
[2026-09-18T12:17:40.299244Z] === Watch cycle start ===
[2026-09-18T12:17:40.324163Z] Registered new inbound task: probe-001
[2026-09-18T12:17:40.335316Z] Closed probe probe-001 (RECEIPT)
[2026-09-18T12:17:40.348098Z] Closed probe-001 via receipt
[2026-09-18T12:17:40.362989Z] === Cycle complete, pending=1 ===
[2026-09-18T12:18:10.388667Z] === Watch cycle start ===
[2026-09-18T12:18:10.401787Z] Registered new inbound task: probe-001
[2026-09-18T12:18:10.412932Z] Closed probe probe-001 (RECEIPT)
[2026-09-18T12:18:10.420713Z] Closed probe-001 via receipt
[2026-09-18T12:18:10.424124Z] === Cycle complete, pending=1 ===
[2026-09-18T12:18:40.453651Z] === Watch cycle start ===
[2026-09-18T12:18:40.493847Z] Registered new inbound task: probe-001
[2026-09-18T12:18:40.538392Z] Closed probe probe-001 (RECEIPT)
[2026-09-18T12:18:40.583740Z] Closed probe-001 via receipt
[2026-09-18T12:18:40.624960Z] === Cycle complete, pending=1 ===
[2026-09-18T12:19:10.658448Z] === Watch cycle start ===
[2026-09-18T12:19:10.670019Z] Registered new inbound task: probe-001
[2026-09-18T12:19:10.677372Z] Closed probe probe-001 (RECEIPT)
[2026-09-18T12:19:10.681456Z] Closed probe-001 via receipt
[2026-09-18T12:19:10.683467Z] === Cycle complete, pending=1 ===
[2026-09-18T12:19:40.699154Z] === Watch cycle start ===
[2026-09-18T12:19:40.756029Z] Registered new inbound task: probe-001
[2026-09-18T12:19:40.774432Z] Closed probe probe-001 (RECEIPT)
[2026-09-18T12:19:40.779658Z] Closed probe-001 via receipt
[2026-09-18T12:19:40.797161Z] === Cycle complete, pending=1 ===
[2026-09-18T12:20:10.823740Z] === Watch cycle start ===
[2026-09-18T12:20:10.834621Z] Registered new inbound task: probe-001
[2026-09-18T12:20:10.848381Z] Closed probe probe-001 (RECEIPT)
[2026-09-18T12:20:10.855059Z] Closed probe-001 via receipt
[2026-09-18T12:20:10.859163Z] === Cycle complete, pending=1 ===
[2026-09-18T12:20:40.863887Z] === Watch cycle start ===
[2026-09-18T12:20:40.868284Z] Registered new inbound task: probe-001
[2026-09-18T12:20:40.869816Z] Closed probe probe-001 (RECEIPT)
[2026-09-18T12:20:40.870548Z] Closed probe-001 via receipt
[2026-09-18T12:20:40.871793Z] === Cycle complete, pending=1 ===
[2026-09-18T12:21:10.874328Z] === Watch cycle start ===
[2026-09-18T12:21:10.884614Z] Registered new inbound task: probe-001
[2026-09-18T12:21:10.886877Z] Closed probe probe-001 (RECEIPT)
[2026-09-18T12:21:10.888722Z] Closed probe-001 via receipt
[2026-09-18T12:21:10.895008Z] === Cycle complete, pending=1 ===
[2026-09-18T12:21:40.898897Z] === Watch cycle start ===
[2026-09-18T12:21:40.902977Z] Registered new inbound task: probe-001
[2026-09-18T12:21:40.904243Z] Closed probe probe-001 (RECEIPT)
[2026-09-18T12:21:40.904780Z] Closed probe-001 via receipt
[2026-09-18T12:21:40.905803Z] === Cycle complete, pending=1 ===
[2026-09-18T12:22:10.906546Z] === Watch cycle start ===
[2026-09-18T12:22:10.916702Z] Registered new inbound task: probe-001
[2026-09-18T12:22:10.918349Z] Closed probe probe-001 (RECEIPT)
[2026-09-18T12:22:10.920820Z] Closed probe-001 via receipt
[2026-09-18T12:22:10.925772Z] === Cycle complete, pending=1 ===
[2026-09-18T12:22:40.928049Z] === Watch cycle start ===
[2026-09-18T12:22:40.940792Z] Registered new inbound task: probe-001
[2026-09-18T12:22:40.942584Z] Closed probe probe-001 (RECEIPT)
[2026-09-18T12:22:40.943529Z] Closed probe-001 via receipt
[2026-09-18T12:22:40.944840Z] === Cycle complete, pending=1 ===
[2026-09-18T12:23:10.949762Z] === Watch cycle start ===
[2026-09-18T12:23:10.979680Z] Registered new inbound task: probe-001
[2026-09-18T12:23:10.988388Z] Closed probe probe-001 (RECEIPT)
[2026-09-18T12:23:10.997875Z] Closed probe-001 via receipt
[2026-09-18T12:23:11.006052Z] === Cycle complete, pending=1 ===
[2026-09-18T12:23:41.015185Z] === Watch cycle start ===
[2026-09-18T12:23:41.020935Z] Registered new inbound task: probe-001
[2026-09-18T12:23:41.022452Z] Closed probe probe-001 (RECEIPT)
[2026-09-18T12:23:41.025557Z] Closed probe-001 via receipt
[2026-09-18T12:23:41.033092Z] === Cycle complete, pending=1 ===
[2026-09-18T12:24:11.039547Z] === Watch cycle start ===
[2026-09-18T12:24:11.045611Z] Registered new inbound task: probe-001
[2026-09-18T12:24:11.047103Z] Closed probe probe-001 (RECEIPT)
[2026-09-18T12:24:11.047980Z] Closed probe-001 via receipt
[2026-09-18T12:24:11.053524Z] === Cycle complete, pending=1 ===
[2026-09-18T12:24:41.054900Z] === Watch cycle start ===
[2026-09-18T12:24:41.079246Z] Registered new inbound task: probe-001
[2026-09-18T12:24:41.085222Z] Closed probe probe-001 (RECEIPT)
[2026-09-18T12:24:41.092424Z] Closed probe-001 via receipt
[2026-09-18T12:24:41.094132Z] === Cycle complete, pending=1 ===
[2026-09-18T12:25:11.098344Z] === Watch cycle start ===
[2026-09-18T12:25:11.135746Z] Registered new inbound task: probe-001
[2026-09-18T12:25:11.139052Z] Closed probe probe-001 (RECEIPT)
[2026-09-18T12:25:11.147589Z] Closed probe-001 via receipt
[2026-09-18T12:25:11.152238Z] === Cycle complete, pending=1 ===
[2026-09-18T12:25:41.170700Z] === Watch cycle start ===
[2026-09-18T12:25:41.193494Z] Registered new inbound task: probe-001
[2026-09-18T12:25:41.202060Z] Closed probe probe-001 (RECEIPT)
[2026-09-18T12:25:41.208769Z] Closed probe-001 via receipt
[2026-09-18T12:25:41.217986Z] === Cycle complete, pending=1 ===
[2026-09-18T12:26:11.262263Z] === Watch cycle start ===
[2026-09-18T12:26:11.293581Z] Registered new inbound task: probe-001
[2026-09-18T12:26:11.312845Z] Closed probe probe-001 (RECEIPT)
[2026-09-18T12:26:11.319665Z] Closed probe-001 via receipt
[2026-09-18T12:26:11.346896Z] === Cycle complete, pending=1 ===
[2026-09-18T12:26:41.381438Z] === Watch cycle start ===
[2026-09-18T12:26:41.405069Z] Registered new inbound task: probe-001
[2026-09-18T12:26:41.418712Z] Closed probe probe-001 (RECEIPT)
[2026-09-18T12:26:41.433491Z] Closed probe-001 via receipt
[2026-09-18T12:26:41.465031Z] === Cycle complete, pending=1 ===
[2026-09-18T12:27:11.506723Z] === Watch cycle start ===
[2026-09-18T12:27:11.641012Z] Registered new inbound task: probe-001
[2026-09-18T12:27:11.728047Z] Closed probe probe-001 (RECEIPT)
[2026-09-18T12:27:11.819589Z] Closed probe-001 via receipt
[2026-09-18T12:27:11.921742Z] === Cycle complete, pending=1 ===
[2026-09-18T12:27:42.038260Z] === Watch cycle start ===
[2026-09-18T12:27:42.066121Z] Registered new inbound task: probe-001
[2026-09-18T12:27:42.076184Z] Closed probe probe-001 (RECEIPT)
[2026-09-18T12:27:42.089540Z] Closed probe-001 via receipt
[2026-09-18T12:27:42.121591Z] === Cycle complete, pending=1 ===
[2026-09-18T12:28:12.185277Z] === Watch cycle start ===
[2026-09-18T12:28:12.317408Z] Registered new inbound task: probe-001
[2026-09-18T12:28:12.386700Z] Closed probe probe-001 (RECEIPT)
[2026-09-18T12:28:12.403420Z] Closed probe-001 via receipt
[2026-09-18T12:28:12.491868Z] === Cycle complete, pending=1 ===
[2026-09-18T12:28:42.601601Z] === Watch cycle start ===
[2026-09-18T12:28:42.674056Z] Registered new inbound task: probe-001
[2026-09-18T12:28:42.718537Z] Closed probe probe-001 (RECEIPT)
[2026-09-18T12:28:42.790900Z] Closed probe-001 via receipt
[2026-09-18T12:28:42.890278Z] === Cycle complete, pending=1 ===
[2026-09-18T12:29:12.949014Z] === Watch cycle start ===
[2026-09-18T12:29:12.975249Z] Registered new inbound task: probe-001
[2026-09-18T12:29:12.988561Z] Closed probe probe-001 (RECEIPT)
[2026-09-18T12:29:12.992527Z] Closed probe-001 via receipt
[2026-09-18T12:29:13.009855Z] === Cycle complete, pending=1 ===
[2026-09-18T12:29:43.036998Z] === Watch cycle start ===
[2026-09-18T12:29:43.157281Z] Registered new inbound task: probe-001
[2026-09-18T12:29:43.190093Z] Closed probe probe-001 (RECEIPT)
[2026-09-18T12:29:43.238952Z] Closed probe-001 via receipt
[2026-09-18T12:29:43.284659Z] === Cycle complete, pending=1 ===
[2026-09-18T12:30:13.351833Z] === Watch cycle start ===
[2026-09-18T12:30:13.428176Z] Registered new inbound task: probe-001
[2026-09-18T12:30:13.448896Z] Closed probe probe-001 (RECEIPT)
[2026-09-18T12:30:13.477383Z] Closed probe-001 via receipt
[2026-09-18T12:30:13.501961Z] === Cycle complete, pending=1 ===
[2026-09-18T12:30:43.562709Z] === Watch cycle start ===
[2026-09-18T12:30:43.663046Z] Registered new inbound task: probe-001
[2026-09-18T12:30:43.721594Z] Closed probe probe-001 (RECEIPT)
[2026-09-18T12:30:43.799719Z] Closed probe-001 via receipt
[2026-09-18T12:30:43.833936Z] === Cycle complete, pending=1 ===
[2026-09-18T12:31:13.945046Z] === Watch cycle start ===
[2026-09-18T12:31:14.132010Z] Registered new inbound task: probe-001
[2026-09-18T12:31:14.224546Z] Closed probe probe-001 (RECEIPT)
[2026-09-18T12:31:14.518018Z] Closed probe-001 via receipt
[2026-09-18T12:31:14.738025Z] === Cycle complete, pending=1 ===
[2026-09-18T12:31:44.917248Z] === Watch cycle start ===
[2026-09-18T12:31:45.062973Z] Registered new inbound task: probe-001
[2026-09-18T12:31:45.173169Z] Closed probe probe-001 (RECEIPT)
[2026-09-18T12:31:45.269029Z] Closed probe-001 via receipt
[2026-09-18T12:31:45.358511Z] === Cycle complete, pending=1 ===
[2026-09-18T12:32:15.578891Z] === Watch cycle start ===
[2026-09-18T12:32:16.007167Z] Registered new inbound task: probe-001
[2026-09-18T12:32:16.153962Z] Closed probe probe-001 (RECEIPT)
[2026-09-18T12:32:16.258742Z] Closed probe-001 via receipt
[2026-09-18T12:32:16.357059Z] === Cycle complete, pending=1 ===
[2026-09-18T12:32:46.610612Z] === Watch cycle start ===
[2026-09-18T12:32:47.006429Z] Registered new inbound task: probe-001
[2026-09-18T12:32:47.251937Z] Closed probe probe-001 (RECEIPT)
[2026-09-18T12:32:47.516956Z] Closed probe-001 via receipt
[2026-09-18T12:32:47.708625Z] === Cycle complete, pending=1 ===
[2026-09-18T12:33:18.564130Z] === Watch cycle start ===
[2026-09-18T12:33:19.015001Z] Registered new inbound task: probe-001
[2026-09-18T12:33:19.186649Z] Closed probe probe-001 (RECEIPT)
[2026-09-18T12:33:19.436350Z] Closed probe-001 via receipt
[2026-09-18T12:33:19.808168Z] === Cycle complete, pending=1 ===
[2026-09-18T12:33:50.097662Z] === Watch cycle start ===
[2026-09-18T12:33:50.425862Z] Registered new inbound task: probe-001
[2026-09-18T12:33:50.605619Z] Closed probe probe-001 (RECEIPT)
[2026-09-18T12:33:50.736304Z] Closed probe-001 via receipt
[2026-09-18T12:33:50.909882Z] === Cycle complete, pending=1 ===
[2026-09-18T12:34:21.345555Z] === Watch cycle start ===
[2026-09-18T12:34:22.007039Z] Registered new inbound task: probe-001
[2026-09-18T12:34:22.341789Z] Closed probe probe-001 (RECEIPT)
[2026-09-18T12:34:22.623534Z] Closed probe-001 via receipt
[2026-09-18T12:34:23.001930Z] === Cycle complete, pending=1 ===
[2026-09-18T12:34:53.362113Z] === Watch cycle start ===
[2026-09-18T12:34:53.673003Z] Registered new inbound task: probe-001
[2026-09-18T12:34:53.867498Z] Closed probe probe-001 (RECEIPT)
[2026-09-18T12:34:54.001549Z] Closed probe-001 via receipt
[2026-09-18T12:34:54.174409Z] === Cycle complete, pending=1 ===
[2026-09-18T12:35:24.539757Z] === Watch cycle start ===
[2026-09-18T12:35:25.603809Z] Registered new inbound task: probe-001
[2026-09-18T12:35:25.935048Z] Closed probe probe-001 (RECEIPT)
[2026-09-18T12:35:26.309693Z] Closed probe-001 via receipt
[2026-09-18T12:35:26.551995Z] === Cycle complete, pending=1 ===
[2026-09-18T12:35:56.822984Z] === Watch cycle start ===
[2026-09-18T12:35:57.152381Z] Registered new inbound task: probe-001
[2026-09-18T12:35:57.319303Z] Closed probe probe-001 (RECEIPT)
[2026-09-18T12:35:57.458190Z] Closed probe-001 via receipt
[2026-09-18T12:35:57.753382Z] === Cycle complete, pending=1 ===
[2026-09-18T12:36:28.226139Z] === Watch cycle start ===
[2026-09-18T12:36:28.754694Z] Registered new inbound task: probe-001
[2026-09-18T12:36:28.975935Z] Closed probe probe-001 (RECEIPT)
[2026-09-18T12:36:29.151208Z] Closed probe-001 via receipt
[2026-09-18T12:36:29.372533Z] === Cycle complete, pending=1 ===
[2026-09-18T12:36:59.759040Z] === Watch cycle start ===
[2026-09-18T12:37:00.247113Z] Registered new inbound task: probe-001
[2026-09-18T12:37:00.868877Z] Closed probe probe-001 (RECEIPT)
[2026-09-18T12:37:01.176305Z] Closed probe-001 via receipt
[2026-09-18T12:37:01.370849Z] === Cycle complete, pending=1 ===
[2026-09-18T12:37:31.993742Z] === Watch cycle start ===
[2026-09-18T12:37:32.896808Z] Registered new inbound task: probe-001
[2026-09-18T12:37:33.134028Z] Closed probe probe-001 (RECEIPT)
[2026-09-18T12:37:33.631997Z] Closed probe-001 via receipt
[2026-09-18T12:37:34.303982Z] === Cycle complete, pending=1 ===
[2026-09-18T12:38:04.827521Z] === Watch cycle start ===
[2026-09-18T12:38:05.199672Z] Registered new inbound task: probe-001
[2026-09-18T12:38:05.516727Z] Closed probe probe-001 (RECEIPT)
[2026-09-18T12:38:05.693086Z] Closed probe-001 via receipt
[2026-09-18T12:38:05.910892Z] === Cycle complete, pending=1 ===
[2026-09-18T12:38:36.230149Z] === Watch cycle start ===
[2026-09-18T12:38:36.539687Z] Registered new inbound task: probe-001
[2026-09-18T12:38:36.691876Z] Closed probe probe-001 (RECEIPT)
[2026-09-18T12:38:36.817717Z] Closed probe-001 via receipt
[2026-09-18T12:38:36.986941Z] === Cycle complete, pending=1 ===
[2026-09-18T12:39:07.157060Z] === Watch cycle start ===
[2026-09-18T12:39:07.297786Z] Registered new inbound task: probe-001
[2026-09-18T12:39:07.450443Z] Closed probe probe-001 (RECEIPT)
[2026-09-18T12:39:07.627212Z] Closed probe-001 via receipt
[2026-09-18T12:39:07.930008Z] === Cycle complete, pending=1 ===
[2026-09-18T12:39:38.142603Z] === Watch cycle start ===
[2026-09-18T12:39:38.229207Z] Registered new inbound task: probe-001
[2026-09-18T12:39:38.280340Z] Closed probe probe-001 (RECEIPT)
[2026-09-18T12:39:38.318632Z] Closed probe-001 via receipt
[2026-09-18T12:39:38.361421Z] === Cycle complete, pending=1 ===
[2026-09-18T12:40:08.502524Z] === Watch cycle start ===
[2026-09-18T12:40:08.675312Z] Registered new inbound task: probe-001
[2026-09-18T12:40:08.797249Z] Closed probe probe-001 (RECEIPT)
[2026-09-18T12:40:08.918070Z] Closed probe-001 via receipt
[2026-09-18T12:40:09.080038Z] === Cycle complete, pending=1 ===
[2026-09-18T12:40:39.252316Z] === Watch cycle start ===
[2026-09-18T12:40:39.263745Z] Registered new inbound task: probe-001
[2026-09-18T12:40:39.266735Z] Closed probe probe-001 (RECEIPT)
[2026-09-18T12:40:39.268435Z] Closed probe-001 via receipt
[2026-09-18T12:40:39.270967Z] === Cycle complete, pending=1 ===
[2026-09-18T12:41:09.295994Z] === Watch cycle start ===
[2026-09-18T12:41:09.334873Z] Registered new inbound task: probe-001
[2026-09-18T12:41:09.364820Z] Closed probe probe-001 (RECEIPT)
[2026-09-18T12:41:09.385682Z] Closed probe-001 via receipt
[2026-09-18T12:41:09.413648Z] === Cycle complete, pending=1 ===
[2026-09-18T12:41:39.439270Z] === Watch cycle start ===
[2026-09-18T12:41:39.564430Z] Registered new inbound task: probe-001
[2026-09-18T12:41:39.605409Z] Closed probe probe-001 (RECEIPT)
[2026-09-18T12:41:39.621445Z] Closed probe-001 via receipt
[2026-09-18T12:41:39.658677Z] === Cycle complete, pending=1 ===
[2026-09-18T12:42:09.738252Z] === Watch cycle start ===
[2026-09-18T12:42:09.745707Z] Registered new inbound task: probe-001
[2026-09-18T12:42:09.747699Z] Closed probe probe-001 (RECEIPT)
[2026-09-18T12:42:09.750186Z] Closed probe-001 via receipt
[2026-09-18T12:42:09.754198Z] === Cycle complete, pending=1 ===
[2026-09-18T12:42:39.762665Z] === Watch cycle start ===
[2026-09-18T12:42:39.809396Z] Registered new inbound task: probe-001
[2026-09-18T12:42:39.815519Z] Closed probe probe-001 (RECEIPT)
[2026-09-18T12:42:39.824170Z] Closed probe-001 via receipt
[2026-09-18T12:42:39.826119Z] === Cycle complete, pending=1 ===
[2026-09-18T12:43:09.848709Z] === Watch cycle start ===
[2026-09-18T12:43:09.933241Z] Registered new inbound task: probe-001
[2026-09-18T12:43:09.973115Z] Closed probe probe-001 (RECEIPT)
[2026-09-18T12:43:10.044276Z] Closed probe-001 via receipt
[2026-09-18T12:43:10.072663Z] === Cycle complete, pending=1 ===
[2026-09-18T12:43:40.121366Z] === Watch cycle start ===
[2026-09-18T12:43:40.127449Z] Registered new inbound task: probe-001
[2026-09-18T12:43:40.141082Z] Closed probe probe-001 (RECEIPT)
[2026-09-18T12:43:40.149289Z] Closed probe-001 via receipt
[2026-09-18T12:43:40.157845Z] === Cycle complete, pending=1 ===
[2026-09-18T12:44:10.170131Z] === Watch cycle start ===
[2026-09-18T12:44:10.256125Z] Registered new inbound task: probe-001
[2026-09-18T12:44:10.277267Z] Closed probe probe-001 (RECEIPT)
[2026-09-18T12:44:10.291591Z] Closed probe-001 via receipt
[2026-09-18T12:44:10.309252Z] === Cycle complete, pending=1 ===
[2026-09-18T12:44:40.375389Z] === Watch cycle start ===
[2026-09-18T12:44:40.385747Z] Registered new inbound task: probe-001
[2026-09-18T12:44:40.392726Z] Closed probe probe-001 (RECEIPT)
[2026-09-18T12:44:40.405366Z] Closed probe-001 via receipt
[2026-09-18T12:44:40.409540Z] === Cycle complete, pending=1 ===
[2026-09-18T12:45:10.420859Z] === Watch cycle start ===
[2026-09-18T12:45:10.427054Z] Registered new inbound task: probe-001
[2026-09-18T12:45:10.428522Z] Closed probe probe-001 (RECEIPT)
[2026-09-18T12:45:10.429215Z] Closed probe-001 via receipt
[2026-09-18T12:45:10.430467Z] === Cycle complete, pending=1 ===
[2026-09-18T12:45:40.434761Z] === Watch cycle start ===
[2026-09-18T12:45:40.455026Z] Registered new inbound task: probe-001
[2026-09-18T12:45:40.458828Z] Closed probe probe-001 (RECEIPT)
[2026-09-18T12:45:40.467687Z] Closed probe-001 via receipt
[2026-09-18T12:45:40.472237Z] === Cycle complete, pending=1 ===
[2026-09-18T12:46:10.484857Z] === Watch cycle start ===
[2026-09-18T12:46:10.496369Z] Registered new inbound task: probe-001
[2026-09-18T12:46:10.505939Z] Closed probe probe-001 (RECEIPT)
[2026-09-18T12:46:10.511389Z] Closed probe-001 via receipt
[2026-09-18T12:46:10.521644Z] === Cycle complete, pending=1 ===
[2026-09-18T12:46:40.527844Z] === Watch cycle start ===
[2026-09-18T12:46:40.534091Z] Registered new inbound task: probe-001
[2026-09-18T12:46:40.545470Z] Closed probe probe-001 (RECEIPT)
[2026-09-18T12:46:40.568356Z] Closed probe-001 via receipt
[2026-09-18T12:46:40.572177Z] === Cycle complete, pending=1 ===
[2026-09-18T12:47:10.579241Z] === Watch cycle start ===
[2026-09-18T12:47:10.594005Z] Registered new inbound task: probe-001
[2026-09-18T12:47:10.595743Z] Closed probe probe-001 (RECEIPT)
[2026-09-18T12:47:10.596396Z] Closed probe-001 via receipt
[2026-09-18T12:47:10.597823Z] === Cycle complete, pending=1 ===
[2026-09-18T12:47:40.599481Z] === Watch cycle start ===
[2026-09-18T12:47:40.605203Z] Registered new inbound task: probe-001
[2026-09-18T12:47:40.619252Z] Closed probe probe-001 (RECEIPT)
[2026-09-18T12:47:40.637666Z] Closed probe-001 via receipt
[2026-09-18T12:47:40.664427Z] === Cycle complete, pending=1 ===
[2026-09-18T12:48:10.711292Z] === Watch cycle start ===
[2026-09-18T12:48:10.763428Z] Registered new inbound task: probe-001
[2026-09-18T12:48:10.769203Z] Closed probe probe-001 (RECEIPT)
[2026-09-18T12:48:10.780957Z] Closed probe-001 via receipt
[2026-09-18T12:48:10.792049Z] === Cycle complete, pending=1 ===
[2026-09-18T12:48:40.803487Z] === Watch cycle start ===
[2026-09-18T12:48:40.809453Z] Registered new inbound task: probe-001
[2026-09-18T12:48:40.817126Z] Closed probe probe-001 (RECEIPT)
[2026-09-18T12:48:40.817986Z] Closed probe-001 via receipt
[2026-09-18T12:48:40.819184Z] === Cycle complete, pending=1 ===
[2026-09-18T12:49:10.824250Z] === Watch cycle start ===
[2026-09-18T12:49:10.849472Z] Registered new inbound task: probe-001
[2026-09-18T12:49:10.853507Z] Closed probe probe-001 (RECEIPT)
[2026-09-18T12:49:10.854201Z] Closed probe-001 via receipt
[2026-09-18T12:49:10.859003Z] === Cycle complete, pending=1 ===
[2026-09-18T12:49:40.864511Z] === Watch cycle start ===
[2026-09-18T12:49:40.901329Z] Registered new inbound task: probe-001
[2026-09-18T12:49:40.913680Z] Closed probe probe-001 (RECEIPT)
[2026-09-18T12:49:40.916422Z] Closed probe-001 via receipt
[2026-09-18T12:49:40.921292Z] === Cycle complete, pending=1 ===
[2026-09-18T12:50:10.931610Z] === Watch cycle start ===
[2026-09-18T12:50:10.942325Z] Registered new inbound task: probe-001
[2026-09-18T12:50:10.943349Z] Closed probe probe-001 (RECEIPT)
[2026-09-18T12:50:10.943841Z] Closed probe-001 via receipt
[2026-09-18T12:50:10.944957Z] === Cycle complete, pending=1 ===
[2026-09-18T12:50:40.946474Z] === Watch cycle start ===
[2026-09-18T12:50:40.950165Z] Registered new inbound task: probe-001
[2026-09-18T12:50:40.951552Z] Closed probe probe-001 (RECEIPT)
[2026-09-18T12:50:40.952203Z] Closed probe-001 via receipt
[2026-09-18T12:50:40.953570Z] === Cycle complete, pending=1 ===
[2026-09-18T12:51:11.002551Z] === Watch cycle start ===
[2026-09-18T12:51:11.063746Z] Registered new inbound task: probe-001
[2026-09-18T12:51:11.115081Z] Closed probe probe-001 (RECEIPT)
[2026-09-18T12:51:11.193159Z] Closed probe-001 via receipt
[2026-09-18T12:51:11.214952Z] === Cycle complete, pending=1 ===
[2026-09-18T12:51:41.260820Z] === Watch cycle start ===
[2026-09-18T12:51:41.315535Z] Registered new inbound task: probe-001
[2026-09-18T12:51:41.339181Z] Closed probe probe-001 (RECEIPT)
[2026-09-18T12:51:41.349165Z] Closed probe-001 via receipt
[2026-09-18T12:51:41.354252Z] === Cycle complete, pending=1 ===
[2026-09-18T12:52:11.377403Z] === Watch cycle start ===
[2026-09-18T12:52:11.384831Z] Registered new inbound task: probe-001
[2026-09-18T12:52:11.387062Z] Closed probe probe-001 (RECEIPT)
[2026-09-18T12:52:11.388546Z] Closed probe-001 via receipt
[2026-09-18T12:52:11.392144Z] === Cycle complete, pending=1 ===
[2026-09-18T12:52:41.412489Z] === Watch cycle start ===
[2026-09-18T12:52:41.515503Z] Registered new inbound task: probe-001
[2026-09-18T12:52:41.587241Z] Closed probe probe-001 (RECEIPT)
[2026-09-18T12:52:41.650537Z] Closed probe-001 via receipt
[2026-09-18T12:52:41.685977Z] === Cycle complete, pending=1 ===
[2026-09-18T12:53:11.730788Z] === Watch cycle start ===
[2026-09-18T12:53:11.758631Z] Registered new inbound task: probe-001
[2026-09-18T12:53:11.763357Z] Closed probe probe-001 (RECEIPT)
[2026-09-18T12:53:11.772563Z] Closed probe-001 via receipt
[2026-09-18T12:53:11.801311Z] === Cycle complete, pending=1 ===
[2026-09-18T12:53:41.837597Z] === Watch cycle start ===
[2026-09-18T12:53:41.872257Z] Registered new inbound task: probe-001
[2026-09-18T12:53:41.967369Z] Closed probe probe-001 (RECEIPT)
[2026-09-18T12:53:41.999202Z] Closed probe-001 via receipt
[2026-09-18T12:53:42.058629Z] === Cycle complete, pending=1 ===
[2026-09-18T12:54:12.094087Z] === Watch cycle start ===
[2026-09-18T12:54:12.135663Z] Registered new inbound task: probe-001
[2026-09-18T12:54:12.176928Z] Closed probe probe-001 (RECEIPT)
[2026-09-18T12:54:12.205041Z] Closed probe-001 via receipt
[2026-09-18T12:54:12.216657Z] === Cycle complete, pending=1 ===
[2026-09-18T12:54:42.307251Z] === Watch cycle start ===
[2026-09-18T12:54:42.491554Z] Registered new inbound task: probe-001
[2026-09-18T12:54:42.598720Z] Closed probe probe-001 (RECEIPT)
[2026-09-18T12:54:42.667665Z] Closed probe-001 via receipt
[2026-09-18T12:54:42.726986Z] === Cycle complete, pending=1 ===
[2026-09-18T12:55:12.791323Z] === Watch cycle start ===
[2026-09-18T12:55:12.898963Z] Registered new inbound task: probe-001
[2026-09-18T12:55:12.928096Z] Closed probe probe-001 (RECEIPT)
[2026-09-18T12:55:12.992413Z] Closed probe-001 via receipt
[2026-09-18T12:55:13.069801Z] === Cycle complete, pending=1 ===
[2026-09-18T12:55:43.123047Z] === Watch cycle start ===
[2026-09-18T12:55:43.128797Z] Registered new inbound task: probe-001
[2026-09-18T12:55:43.130236Z] Closed probe probe-001 (RECEIPT)
[2026-09-18T12:55:43.131722Z] Closed probe-001 via receipt
[2026-09-18T12:55:43.134049Z] === Cycle complete, pending=1 ===
[2026-09-18T12:56:13.156186Z] === Watch cycle start ===
[2026-09-18T12:56:13.188798Z] Registered new inbound task: probe-001
[2026-09-18T12:56:13.219695Z] Closed probe probe-001 (RECEIPT)
[2026-09-18T12:56:13.234724Z] Closed probe-001 via receipt
[2026-09-18T12:56:13.259842Z] === Cycle complete, pending=1 ===
[2026-09-18T12:56:43.286678Z] === Watch cycle start ===
[2026-09-18T12:56:43.302470Z] Registered new inbound task: probe-001
[2026-09-18T12:56:43.304472Z] Closed probe probe-001 (RECEIPT)
[2026-09-18T12:56:43.305598Z] Closed probe-001 via receipt
[2026-09-18T12:56:43.312248Z] === Cycle complete, pending=1 ===
[2026-09-18T12:57:13.391883Z] === Watch cycle start ===
[2026-09-18T12:57:13.484854Z] Registered new inbound task: probe-001
[2026-09-18T12:57:13.525809Z] Closed probe probe-001 (RECEIPT)
[2026-09-18T12:57:13.679479Z] Closed probe-001 via receipt
[2026-09-18T12:57:13.739998Z] === Cycle complete, pending=1 ===
[2026-09-18T12:57:43.879745Z] === Watch cycle start ===
[2026-09-18T12:57:43.960701Z] Registered new inbound task: probe-001
[2026-09-18T12:57:43.998111Z] Closed probe probe-001 (RECEIPT)
[2026-09-18T12:57:44.029112Z] Closed probe-001 via receipt
[2026-09-18T12:57:44.046008Z] === Cycle complete, pending=1 ===
[2026-09-18T12:58:14.092226Z] === Watch cycle start ===
[2026-09-18T12:58:14.123446Z] Registered new inbound task: probe-001
[2026-09-18T12:58:14.156095Z] Closed probe probe-001 (RECEIPT)
[2026-09-18T12:58:14.171458Z] Closed probe-001 via receipt
[2026-09-18T12:58:14.181875Z] === Cycle complete, pending=1 ===
[2026-09-18T12:58:44.451234Z] === Watch cycle start ===
[2026-09-18T12:58:44.826570Z] Registered new inbound task: probe-001
[2026-09-18T12:58:44.987721Z] Closed probe probe-001 (RECEIPT)
[2026-09-18T12:58:45.157084Z] Closed probe-001 via receipt
[2026-09-18T12:58:45.309268Z] === Cycle complete, pending=1 ===
[2026-09-18T12:59:15.485308Z] === Watch cycle start ===
[2026-09-18T12:59:15.604618Z] Registered new inbound task: probe-001
[2026-09-18T12:59:15.644470Z] Closed probe probe-001 (RECEIPT)
[2026-09-18T12:59:15.670590Z] Closed probe-001 via receipt
[2026-09-18T12:59:15.702707Z] === Cycle complete, pending=1 ===
[2026-09-18T12:59:45.744782Z] === Watch cycle start ===
[2026-09-18T12:59:45.789163Z] Registered new inbound task: probe-001
[2026-09-18T12:59:45.835812Z] Closed probe probe-001 (RECEIPT)
[2026-09-18T12:59:45.865071Z] Closed probe-001 via receipt
[2026-09-18T12:59:45.882008Z] === Cycle complete, pending=1 ===
[2026-09-18T13:00:15.909884Z] === Watch cycle start ===
[2026-09-18T13:00:15.999773Z] Registered new inbound task: probe-001
[2026-09-18T13:00:16.027357Z] Closed probe probe-001 (RECEIPT)
[2026-09-18T13:00:16.063688Z] Closed probe-001 via receipt
[2026-09-18T13:00:16.095071Z] === Cycle complete, pending=1 ===
[2026-09-18T13:00:46.125945Z] === Watch cycle start ===
[2026-09-18T13:00:46.131906Z] Registered new inbound task: probe-001
[2026-09-18T13:00:46.134244Z] Closed probe probe-001 (RECEIPT)
[2026-09-18T13:00:46.147164Z] Closed probe-001 via receipt
[2026-09-18T13:00:46.167222Z] === Cycle complete, pending=1 ===
[2026-09-18T13:01:16.196590Z] === Watch cycle start ===
[2026-09-18T13:01:16.216055Z] Registered new inbound task: probe-001
[2026-09-18T13:01:16.220896Z] Closed probe probe-001 (RECEIPT)
[2026-09-18T13:01:16.227483Z] Closed probe-001 via receipt
[2026-09-18T13:01:16.230197Z] === Cycle complete, pending=1 ===
[2026-09-18T13:01:46.233327Z] === Watch cycle start ===
[2026-09-18T13:01:46.258014Z] Registered new inbound task: probe-001
[2026-09-18T13:01:46.277832Z] Closed probe probe-001 (RECEIPT)
[2026-09-18T13:01:46.281243Z] Closed probe-001 via receipt
[2026-09-18T13:01:46.282704Z] === Cycle complete, pending=1 ===
[2026-09-18T13:02:16.285747Z] === Watch cycle start ===
[2026-09-18T13:02:16.297821Z] Registered new inbound task: probe-001
[2026-09-18T13:02:16.299155Z] Closed probe probe-001 (RECEIPT)
[2026-09-18T13:02:16.300020Z] Closed probe-001 via receipt
[2026-09-18T13:02:16.303345Z] === Cycle complete, pending=1 ===
[2026-09-18T13:02:46.306583Z] === Watch cycle start ===
[2026-09-18T13:02:46.310891Z] Registered new inbound task: probe-001
[2026-09-18T13:02:46.312256Z] Closed probe probe-001 (RECEIPT)
[2026-09-18T13:02:46.312788Z] Closed probe-001 via receipt
[2026-09-18T13:02:46.313776Z] === Cycle complete, pending=1 ===
[2026-09-18T13:03:16.345869Z] === Watch cycle start ===
[2026-09-18T13:03:16.393288Z] Registered new inbound task: probe-001
[2026-09-18T13:03:16.395011Z] Closed probe probe-001 (RECEIPT)
[2026-09-18T13:03:16.395718Z] Closed probe-001 via receipt
[2026-09-18T13:03:16.397238Z] === Cycle complete, pending=1 ===
[2026-09-18T13:03:46.398898Z] === Watch cycle start ===
[2026-09-18T13:03:46.403540Z] Registered new inbound task: probe-001
[2026-09-18T13:03:46.405072Z] Closed probe probe-001 (RECEIPT)
[2026-09-18T13:03:46.428720Z] Closed probe-001 via receipt
[2026-09-18T13:03:46.434680Z] === Cycle complete, pending=1 ===
[2026-09-18T13:04:16.466663Z] === Watch cycle start ===
[2026-09-18T13:04:16.568672Z] Registered new inbound task: probe-001
[2026-09-18T13:04:16.598772Z] Closed probe probe-001 (RECEIPT)
[2026-09-18T13:04:16.686151Z] Closed probe-001 via receipt
[2026-09-18T13:04:16.728138Z] === Cycle complete, pending=1 ===
[2026-09-18T13:04:46.842599Z] === Watch cycle start ===
[2026-09-18T13:04:47.057534Z] Registered new inbound task: probe-001
[2026-09-18T13:04:47.220157Z] Closed probe probe-001 (RECEIPT)
[2026-09-18T13:04:47.342822Z] Closed probe-001 via receipt
[2026-09-18T13:04:47.524453Z] === Cycle complete, pending=1 ===
[2026-09-18T13:05:17.701493Z] === Watch cycle start ===
[2026-09-18T13:05:17.857470Z] Registered new inbound task: probe-001
[2026-09-18T13:05:17.919004Z] Closed probe probe-001 (RECEIPT)
[2026-09-18T13:05:17.946525Z] Closed probe-001 via receipt
[2026-09-18T13:05:17.956968Z] === Cycle complete, pending=1 ===
[2026-09-18T13:05:47.989535Z] === Watch cycle start ===
[2026-09-18T13:05:47.997294Z] Registered new inbound task: probe-001
[2026-09-18T13:05:48.001152Z] Closed probe probe-001 (RECEIPT)
[2026-09-18T13:05:48.004379Z] Closed probe-001 via receipt
[2026-09-18T13:05:48.009950Z] === Cycle complete, pending=1 ===
[2026-09-18T13:06:18.049119Z] === Watch cycle start ===
[2026-09-18T13:06:18.069157Z] Registered new inbound task: probe-001
[2026-09-18T13:06:18.116060Z] Closed probe probe-001 (RECEIPT)
[2026-09-18T13:06:18.129735Z] Closed probe-001 via receipt
[2026-09-18T13:06:18.135690Z] === Cycle complete, pending=1 ===
[2026-09-18T13:06:48.153514Z] === Watch cycle start ===
[2026-09-18T13:06:48.164964Z] Registered new inbound task: probe-001
[2026-09-18T13:06:48.166742Z] Closed probe probe-001 (RECEIPT)
[2026-09-18T13:06:48.167736Z] Closed probe-001 via receipt
[2026-09-18T13:06:48.172709Z] === Cycle complete, pending=1 ===
[2026-09-18T13:07:18.179285Z] === Watch cycle start ===
[2026-09-18T13:07:18.205747Z] Registered new inbound task: probe-001
[2026-09-18T13:07:18.266891Z] Closed probe probe-001 (RECEIPT)
[2026-09-18T13:07:18.364910Z] Closed probe-001 via receipt
[2026-09-18T13:07:18.444631Z] === Cycle complete, pending=1 ===
[2026-09-18T13:07:48.517692Z] === Watch cycle start ===
[2026-09-18T13:07:48.523502Z] Registered new inbound task: probe-001
[2026-09-18T13:07:48.526473Z] Closed probe probe-001 (RECEIPT)
[2026-09-18T13:07:48.528094Z] Closed probe-001 via receipt
[2026-09-18T13:07:48.530044Z] === Cycle complete, pending=1 ===
[2026-09-18T13:08:18.534506Z] === Watch cycle start ===
[2026-09-18T13:08:18.556353Z] Registered new inbound task: probe-001
[2026-09-18T13:08:18.573758Z] Closed probe probe-001 (RECEIPT)
[2026-09-18T13:08:18.583272Z] Closed probe-001 via receipt
[2026-09-18T13:08:18.586239Z] === Cycle complete, pending=1 ===
[2026-09-18T13:08:48.593161Z] === Watch cycle start ===
[2026-09-18T13:08:48.610972Z] Registered new inbound task: probe-001
[2026-09-18T13:08:48.627392Z] Closed probe probe-001 (RECEIPT)
[2026-09-18T13:08:48.631413Z] Closed probe-001 via receipt
[2026-09-18T13:08:48.636160Z] === Cycle complete, pending=1 ===
[2026-09-18T13:09:18.637662Z] === Watch cycle start ===
[2026-09-18T13:09:18.646615Z] Registered new inbound task: probe-001
[2026-09-18T13:09:18.659515Z] Closed probe probe-001 (RECEIPT)
[2026-09-18T13:09:18.672010Z] Closed probe-001 via receipt
[2026-09-18T13:09:18.679472Z] === Cycle complete, pending=1 ===
[2026-09-18T13:09:48.694466Z] === Watch cycle start ===
[2026-09-18T13:09:48.775095Z] Registered new inbound task: probe-001
[2026-09-18T13:09:48.808675Z] Closed probe probe-001 (RECEIPT)
[2026-09-18T13:09:48.822541Z] Closed probe-001 via receipt
[2026-09-18T13:09:48.893098Z] === Cycle complete, pending=1 ===
[2026-09-18T13:10:18.910250Z] === Watch cycle start ===
[2026-09-18T13:10:18.929777Z] Registered new inbound task: probe-001
[2026-09-18T13:10:18.941614Z] Closed probe probe-001 (RECEIPT)
[2026-09-18T13:10:18.943339Z] Closed probe-001 via receipt
[2026-09-18T13:10:18.944939Z] === Cycle complete, pending=1 ===
[2026-09-18T13:10:48.948704Z] === Watch cycle start ===
[2026-09-18T13:10:48.958839Z] Registered new inbound task: probe-001
[2026-09-18T13:10:48.960796Z] Closed probe probe-001 (RECEIPT)
[2026-09-18T13:10:48.965254Z] Closed probe-001 via receipt
[2026-09-18T13:10:48.969175Z] === Cycle complete, pending=1 ===
[2026-09-18T13:11:18.978529Z] === Watch cycle start ===
[2026-09-18T13:11:18.989056Z] Registered new inbound task: probe-001
[2026-09-18T13:11:18.991107Z] Closed probe probe-001 (RECEIPT)
[2026-09-18T13:11:18.996577Z] Closed probe-001 via receipt
[2026-09-18T13:11:19.001797Z] === Cycle complete, pending=1 ===
[2026-09-18T13:11:49.022995Z] === Watch cycle start ===
[2026-09-18T13:11:49.030015Z] Registered new inbound task: probe-001
[2026-09-18T13:11:49.032064Z] Closed probe probe-001 (RECEIPT)
[2026-09-18T13:11:49.033260Z] Closed probe-001 via receipt
[2026-09-18T13:11:49.034776Z] === Cycle complete, pending=1 ===
[2026-09-18T13:12:19.047956Z] === Watch cycle start ===
[2026-09-18T13:12:19.064808Z] Registered new inbound task: probe-001
[2026-09-18T13:12:19.073091Z] Closed probe probe-001 (RECEIPT)
[2026-09-18T13:12:19.075491Z] Closed probe-001 via receipt
[2026-09-18T13:12:19.077242Z] === Cycle complete, pending=1 ===
[2026-09-18T13:12:49.093875Z] === Watch cycle start ===
[2026-09-18T13:12:49.114581Z] Registered new inbound task: probe-001
[2026-09-18T13:12:49.133145Z] Closed probe probe-001 (RECEIPT)
[2026-09-18T13:12:49.166133Z] Closed probe-001 via receipt
[2026-09-18T13:12:49.191043Z] === Cycle complete, pending=1 ===
[2026-09-18T13:13:19.232106Z] === Watch cycle start ===
[2026-09-18T13:13:19.238209Z] Registered new inbound task: probe-001
[2026-09-18T13:13:19.240061Z] Closed probe probe-001 (RECEIPT)
[2026-09-18T13:13:19.241561Z] Closed probe-001 via receipt
[2026-09-18T13:13:19.249650Z] === Cycle complete, pending=1 ===
[2026-09-18T13:13:49.255129Z] === Watch cycle start ===
[2026-09-18T13:13:49.261014Z] Registered new inbound task: probe-001
[2026-09-18T13:13:49.280006Z] Closed probe probe-001 (RECEIPT)
[2026-09-18T13:13:49.282762Z] Closed probe-001 via receipt
[2026-09-18T13:13:49.287367Z] === Cycle complete, pending=1 ===
[2026-09-18T13:14:19.291006Z] === Watch cycle start ===
[2026-09-18T13:14:19.312530Z] Registered new inbound task: probe-001
[2026-09-18T13:14:19.315403Z] Closed probe probe-001 (RECEIPT)
[2026-09-18T13:14:19.318812Z] Closed probe-001 via receipt
[2026-09-18T13:14:19.327930Z] === Cycle complete, pending=1 ===
[2026-09-18T13:14:49.351267Z] === Watch cycle start ===
[2026-09-18T13:14:49.364862Z] Registered new inbound task: probe-001
[2026-09-18T13:14:49.371093Z] Closed probe probe-001 (RECEIPT)
[2026-09-18T13:14:49.392963Z] Closed probe-001 via receipt
[2026-09-18T13:14:49.411133Z] === Cycle complete, pending=1 ===
[2026-09-18T13:15:19.431144Z] === Watch cycle start ===
[2026-09-18T13:15:19.436915Z] Registered new inbound task: probe-001
[2026-09-18T13:15:19.438756Z] Closed probe probe-001 (RECEIPT)
[2026-09-18T13:15:19.439499Z] Closed probe-001 via receipt
[2026-09-18T13:15:19.441300Z] === Cycle complete, pending=1 ===
[2026-09-18T13:15:49.443457Z] === Watch cycle start ===
[2026-09-18T13:15:49.450964Z] Registered new inbound task: probe-001
[2026-09-18T13:15:49.452777Z] Closed probe probe-001 (RECEIPT)
[2026-09-18T13:15:49.456806Z] Closed probe-001 via receipt
[2026-09-18T13:15:49.461233Z] === Cycle complete, pending=1 ===
[2026-09-18T13:16:19.463531Z] === Watch cycle start ===
[2026-09-18T13:16:19.473411Z] Registered new inbound task: probe-001
[2026-09-18T13:16:19.482610Z] Closed probe probe-001 (RECEIPT)
[2026-09-18T13:16:19.484698Z] Closed probe-001 via receipt
[2026-09-18T13:16:19.491355Z] === Cycle complete, pending=1 ===
[2026-09-18T13:16:49.497576Z] === Watch cycle start ===
[2026-09-18T13:16:49.503314Z] Registered new inbound task: probe-001
[2026-09-18T13:16:49.506467Z] Closed probe probe-001 (RECEIPT)
[2026-09-18T13:16:49.508591Z] Closed probe-001 via receipt
[2026-09-18T13:16:49.510280Z] === Cycle complete, pending=1 ===
[2026-09-18T13:17:19.511561Z] === Watch cycle start ===
[2026-09-18T13:17:19.516506Z] Registered new inbound task: probe-001
[2026-09-18T13:17:19.517879Z] Closed probe probe-001 (RECEIPT)
[2026-09-18T13:17:19.518480Z] Closed probe-001 via receipt
[2026-09-18T13:17:19.520706Z] === Cycle complete, pending=1 ===
[2026-09-18T13:17:49.522455Z] === Watch cycle start ===
[2026-09-18T13:17:49.528002Z] Registered new inbound task: probe-001
[2026-09-18T13:17:49.529550Z] Closed probe probe-001 (RECEIPT)
[2026-09-18T13:17:49.539762Z] Closed probe-001 via receipt
[2026-09-18T13:17:49.545875Z] === Cycle complete, pending=1 ===
[2026-09-18T13:18:19.557242Z] === Watch cycle start ===
[2026-09-18T13:18:19.563563Z] Registered new inbound task: probe-001
[2026-09-18T13:18:19.566072Z] Closed probe probe-001 (RECEIPT)
[2026-09-18T13:18:19.571700Z] Closed probe-001 via receipt
[2026-09-18T13:18:19.575193Z] === Cycle complete, pending=1 ===
[2026-09-18T13:18:49.581581Z] === Watch cycle start ===
[2026-09-18T13:18:49.598965Z] Registered new inbound task: probe-001
[2026-09-18T13:18:49.600696Z] Closed probe probe-001 (RECEIPT)
[2026-09-18T13:18:49.601511Z] Closed probe-001 via receipt
[2026-09-18T13:18:49.603030Z] === Cycle complete, pending=1 ===
[2026-09-18T13:19:19.605968Z] === Watch cycle start ===
[2026-09-18T13:19:19.611571Z] Registered new inbound task: probe-001
[2026-09-18T13:19:19.612750Z] Closed probe probe-001 (RECEIPT)
[2026-09-18T13:19:19.613320Z] Closed probe-001 via receipt
[2026-09-18T13:19:19.614491Z] === Cycle complete, pending=1 ===
[2026-09-18T13:19:49.616013Z] === Watch cycle start ===
[2026-09-18T13:19:49.621498Z] Registered new inbound task: probe-001
[2026-09-18T13:19:49.623127Z] Closed probe probe-001 (RECEIPT)
[2026-09-18T13:19:49.624384Z] Closed probe-001 via receipt
[2026-09-18T13:19:49.626350Z] === Cycle complete, pending=1 ===
[2026-09-18T13:20:19.628069Z] === Watch cycle start ===
[2026-09-18T13:20:19.632265Z] Registered new inbound task: probe-001
[2026-09-18T13:20:19.637820Z] Closed probe probe-001 (RECEIPT)
[2026-09-18T13:20:19.638364Z] Closed probe-001 via receipt
[2026-09-18T13:20:19.639360Z] === Cycle complete, pending=1 ===
[2026-09-18T13:20:49.641198Z] === Watch cycle start ===
[2026-09-18T13:20:49.645141Z] Registered new inbound task: probe-001
[2026-09-18T13:20:49.646253Z] Closed probe probe-001 (RECEIPT)
[2026-09-18T13:20:49.646762Z] Closed probe-001 via receipt
[2026-09-18T13:20:49.647846Z] === Cycle complete, pending=1 ===
[2026-09-18T13:21:19.649206Z] === Watch cycle start ===
[2026-09-18T13:21:19.653677Z] Registered new inbound task: probe-001
[2026-09-18T13:21:19.654864Z] Closed probe probe-001 (RECEIPT)
[2026-09-18T13:21:19.655437Z] Closed probe-001 via receipt
[2026-09-18T13:21:19.656387Z] === Cycle complete, pending=1 ===
[2026-09-18T13:21:49.657221Z] === Watch cycle start ===
[2026-09-18T13:21:49.661196Z] Registered new inbound task: probe-001
[2026-09-18T13:21:49.662403Z] Closed probe probe-001 (RECEIPT)
[2026-09-18T13:21:49.662915Z] Closed probe-001 via receipt
[2026-09-18T13:21:49.663534Z] STALE: soak-001 past deadline + 30min grace
[2026-09-18T13:21:49.668800Z] === Cycle complete, pending=0 ===
[2026-09-18T13:22:19.670208Z] === Watch cycle start ===
[2026-09-18T13:22:19.690271Z] Registered new inbound task: probe-001
[2026-09-18T13:22:19.690906Z] Registered new inbound task: soak-001
[2026-09-18T13:22:19.692066Z] Closed probe probe-001 (RECEIPT)
[2026-09-18T13:22:19.692660Z] Closed probe-001 via receipt
[2026-09-18T13:22:19.693717Z] === Cycle complete, pending=1 ===
[2026-09-18T13:22:49.695215Z] === Watch cycle start ===
[2026-09-18T13:22:49.719631Z] Registered new inbound task: probe-001
[2026-09-18T13:22:49.721317Z] Closed probe probe-001 (RECEIPT)
[2026-09-18T13:22:49.722123Z] Closed probe-001 via receipt
[2026-09-18T13:22:49.723401Z] === Cycle complete, pending=1 ===
[2026-09-18T13:23:19.724197Z] === Watch cycle start ===
[2026-09-18T13:23:19.728912Z] Registered new inbound task: probe-001
[2026-09-18T13:23:19.737825Z] Closed probe probe-001 (RECEIPT)
[2026-09-18T13:23:19.740611Z] Closed probe-001 via receipt
[2026-09-18T13:23:19.747952Z] === Cycle complete, pending=1 ===
[2026-09-18T13:23:49.750053Z] === Watch cycle start ===
[2026-09-18T13:23:49.754693Z] Registered new inbound task: probe-001
[2026-09-18T13:23:49.756357Z] Closed probe probe-001 (RECEIPT)
[2026-09-18T13:23:49.757169Z] Closed probe-001 via receipt
[2026-09-18T13:23:49.758370Z] === Cycle complete, pending=1 ===
[2026-09-18T13:24:19.795306Z] === Watch cycle start ===
[2026-09-18T13:24:19.989382Z] Registered new inbound task: probe-001
[2026-09-18T13:24:20.071132Z] Closed probe probe-001 (RECEIPT)
[2026-09-18T13:24:20.094158Z] Closed probe-001 via receipt
[2026-09-18T13:24:20.162289Z] === Cycle complete, pending=1 ===
[2026-09-18T13:24:50.240423Z] === Watch cycle start ===
[2026-09-18T13:24:50.245322Z] Registered new inbound task: probe-001
[2026-09-18T13:24:50.246559Z] Closed probe probe-001 (RECEIPT)
[2026-09-18T13:24:50.247119Z] Closed probe-001 via receipt
[2026-09-18T13:24:50.248302Z] === Cycle complete, pending=1 ===
[2026-09-18T13:25:20.251446Z] === Watch cycle start ===
[2026-09-18T13:25:20.257333Z] Registered new inbound task: probe-001
[2026-09-18T13:25:20.259037Z] Closed probe probe-001 (RECEIPT)
[2026-09-18T13:25:20.259834Z] Closed probe-001 via receipt
[2026-09-18T13:25:20.261235Z] === Cycle complete, pending=1 ===
[2026-09-18T13:25:50.263404Z] === Watch cycle start ===
[2026-09-18T13:25:50.270198Z] Registered new inbound task: probe-001
[2026-09-18T13:25:50.277212Z] Closed probe probe-001 (RECEIPT)
[2026-09-18T13:25:50.278172Z] Closed probe-001 via receipt
[2026-09-18T13:25:50.279833Z] === Cycle complete, pending=1 ===
[2026-09-18T13:26:20.281405Z] === Watch cycle start ===
[2026-09-18T13:26:20.287056Z] Registered new inbound task: probe-001
[2026-09-18T13:26:20.288262Z] Closed probe probe-001 (RECEIPT)
[2026-09-18T13:26:20.288810Z] Closed probe-001 via receipt
[2026-09-18T13:26:20.289971Z] === Cycle complete, pending=1 ===
[2026-09-18T13:26:50.294491Z] === Watch cycle start ===
[2026-09-18T13:26:50.300870Z] Registered new inbound task: probe-001
[2026-09-18T13:26:50.303038Z] Closed probe probe-001 (RECEIPT)
[2026-09-18T13:26:50.303823Z] Closed probe-001 via receipt
[2026-09-18T13:26:50.305388Z] === Cycle complete, pending=1 ===
[2026-09-18T13:27:20.310401Z] === Watch cycle start ===
[2026-09-18T13:27:20.316928Z] Registered new inbound task: probe-001
[2026-09-18T13:27:20.318354Z] Closed probe probe-001 (RECEIPT)
[2026-09-18T13:27:20.319201Z] Closed probe-001 via receipt
[2026-09-18T13:27:20.320799Z] === Cycle complete, pending=1 ===
[2026-09-18T13:27:50.322805Z] === Watch cycle start ===
[2026-09-18T13:27:50.328270Z] Registered new inbound task: probe-001
[2026-09-18T13:27:50.330000Z] Closed probe probe-001 (RECEIPT)
[2026-09-18T13:27:50.330785Z] Closed probe-001 via receipt
[2026-09-18T13:27:50.332167Z] === Cycle complete, pending=1 ===
[2026-09-18T13:28:20.333478Z] === Watch cycle start ===
[2026-09-18T13:28:20.338123Z] Registered new inbound task: probe-001
[2026-09-18T13:28:20.339948Z] Closed probe probe-001 (RECEIPT)
[2026-09-18T13:28:20.340596Z] Closed probe-001 via receipt
[2026-09-18T13:28:20.341877Z] === Cycle complete, pending=1 ===
[2026-09-18T13:28:50.343479Z] === Watch cycle start ===
[2026-09-18T13:28:50.348111Z] Registered new inbound task: probe-001
[2026-09-18T13:28:50.353678Z] Closed probe probe-001 (RECEIPT)
[2026-09-18T13:28:50.357964Z] Closed probe-001 via receipt
[2026-09-18T13:28:50.359402Z] === Cycle complete, pending=1 ===
[2026-09-18T13:29:20.362370Z] === Watch cycle start ===
[2026-09-18T13:29:20.369821Z] Registered new inbound task: probe-001
[2026-09-18T13:29:20.371292Z] Closed probe probe-001 (RECEIPT)
[2026-09-18T13:29:20.371972Z] Closed probe-001 via receipt
[2026-09-18T13:29:20.373311Z] === Cycle complete, pending=1 ===
[2026-09-18T13:29:50.379018Z] === Watch cycle start ===
[2026-09-18T13:29:50.388244Z] Registered new inbound task: probe-001
[2026-09-18T13:29:50.389626Z] Closed probe probe-001 (RECEIPT)
[2026-09-18T13:29:50.390309Z] Closed probe-001 via receipt
[2026-09-18T13:29:50.391610Z] === Cycle complete, pending=1 ===
[2026-09-18T13:30:20.398805Z] === Watch cycle start ===
[2026-09-18T13:30:20.414891Z] Registered new inbound task: probe-001
[2026-09-18T13:30:20.419183Z] Closed probe probe-001 (RECEIPT)
[2026-09-18T13:30:20.422512Z] Closed probe-001 via receipt
[2026-09-18T13:30:20.426360Z] === Cycle complete, pending=1 ===
[2026-09-18T13:30:50.428003Z] === Watch cycle start ===
[2026-09-18T13:30:50.434867Z] Registered new inbound task: probe-001
[2026-09-18T13:30:50.441155Z] Closed probe probe-001 (RECEIPT)
[2026-09-18T13:30:50.445387Z] Closed probe-001 via receipt
[2026-09-18T13:30:50.447255Z] === Cycle complete, pending=1 ===
[2026-09-18T13:31:20.451005Z] === Watch cycle start ===
[2026-09-18T13:31:20.455019Z] Registered new inbound task: probe-001
[2026-09-18T13:31:20.456144Z] Closed probe probe-001 (RECEIPT)
[2026-09-18T13:31:20.457464Z] Closed probe-001 via receipt
[2026-09-18T13:31:20.458512Z] === Cycle complete, pending=1 ===
[2026-09-18T13:31:50.459733Z] === Watch cycle start ===
[2026-09-18T13:31:50.464062Z] Registered new inbound task: probe-001
[2026-09-18T13:31:50.465235Z] Closed probe probe-001 (RECEIPT)
[2026-09-18T13:31:50.465885Z] Closed probe-001 via receipt
[2026-09-18T13:31:50.467150Z] === Cycle complete, pending=1 ===
[2026-09-18T13:32:20.474167Z] === Watch cycle start ===
[2026-09-18T13:32:20.480826Z] Registered new inbound task: probe-001
[2026-09-18T13:32:20.482537Z] Closed probe probe-001 (RECEIPT)
[2026-09-18T13:32:20.483319Z] Closed probe-001 via receipt
[2026-09-18T13:32:20.484826Z] === Cycle complete, pending=1 ===
[2026-09-18T13:32:50.486753Z] === Watch cycle start ===
[2026-09-18T13:32:50.494112Z] Registered new inbound task: probe-001
[2026-09-18T13:32:50.495748Z] Closed probe probe-001 (RECEIPT)
[2026-09-18T13:32:50.496585Z] Closed probe-001 via receipt
[2026-09-18T13:32:50.498196Z] === Cycle complete, pending=1 ===
[2026-09-18T13:33:20.499750Z] === Watch cycle start ===
[2026-09-18T13:33:20.504752Z] Registered new inbound task: probe-001
[2026-09-18T13:33:20.506072Z] Closed probe probe-001 (RECEIPT)
[2026-09-18T13:33:20.506634Z] Closed probe-001 via receipt
[2026-09-18T13:33:20.508296Z] === Cycle complete, pending=1 ===
[2026-09-18T13:33:50.510092Z] === Watch cycle start ===
[2026-09-18T13:33:50.517053Z] Registered new inbound task: probe-001
[2026-09-18T13:33:50.518695Z] Closed probe probe-001 (RECEIPT)
[2026-09-18T13:33:50.519507Z] Closed probe-001 via receipt
[2026-09-18T13:33:50.520696Z] === Cycle complete, pending=1 ===
[2026-09-18T13:34:20.526700Z] === Watch cycle start ===
[2026-09-18T13:34:20.539471Z] Registered new inbound task: probe-001
[2026-09-18T13:34:20.540954Z] Closed probe probe-001 (RECEIPT)
[2026-09-18T13:34:20.541610Z] Closed probe-001 via receipt
[2026-09-18T13:34:20.542989Z] === Cycle complete, pending=1 ===
[2026-09-18T13:34:50.543801Z] === Watch cycle start ===
[2026-09-18T13:34:50.548054Z] Registered new inbound task: probe-001
[2026-09-18T13:34:50.549165Z] Closed probe probe-001 (RECEIPT)
[2026-09-18T13:34:50.549711Z] Closed probe-001 via receipt
[2026-09-18T13:34:50.550701Z] === Cycle complete, pending=1 ===
[2026-09-18T13:35:20.551787Z] === Watch cycle start ===
[2026-09-18T13:35:20.558215Z] Registered new inbound task: probe-001
[2026-09-18T13:35:20.559259Z] Closed probe probe-001 (RECEIPT)
[2026-09-18T13:35:20.559753Z] Closed probe-001 via receipt
[2026-09-18T13:35:20.560943Z] === Cycle complete, pending=1 ===
[2026-09-18T13:35:50.561987Z] === Watch cycle start ===
[2026-09-18T13:35:50.568302Z] Registered new inbound task: probe-001
[2026-09-18T13:35:50.569998Z] Closed probe probe-001 (RECEIPT)
[2026-09-18T13:35:50.570825Z] Closed probe-001 via receipt
[2026-09-18T13:35:50.572248Z] === Cycle complete, pending=1 ===
[2026-09-18T13:36:20.574775Z] === Watch cycle start ===
[2026-09-18T13:36:20.589781Z] Registered new inbound task: probe-001
[2026-09-18T13:36:20.605056Z] Closed probe probe-001 (RECEIPT)
[2026-09-18T13:36:20.606065Z] Closed probe-001 via receipt
[2026-09-18T13:36:20.608019Z] === Cycle complete, pending=1 ===
[2026-09-18T13:36:50.639722Z] === Watch cycle start ===
[2026-09-18T13:36:50.708053Z] Registered new inbound task: probe-001
[2026-09-18T13:36:50.753698Z] Closed probe probe-001 (RECEIPT)
[2026-09-18T13:36:50.813888Z] Closed probe-001 via receipt
[2026-09-18T13:36:50.871328Z] === Cycle complete, pending=1 ===
[2026-09-18T13:37:20.912465Z] === Watch cycle start ===
[2026-09-18T13:37:20.922627Z] Registered new inbound task: probe-001
[2026-09-18T13:37:20.926008Z] Closed probe probe-001 (RECEIPT)
[2026-09-18T13:37:20.928342Z] Closed probe-001 via receipt
[2026-09-18T13:37:20.933610Z] === Cycle complete, pending=1 ===
[2026-09-18T13:37:50.945478Z] === Watch cycle start ===
[2026-09-18T13:37:50.956121Z] Registered new inbound task: probe-001
[2026-09-18T13:37:50.958979Z] Closed probe probe-001 (RECEIPT)
[2026-09-18T13:37:50.961864Z] Closed probe-001 via receipt
[2026-09-18T13:37:50.963508Z] === Cycle complete, pending=1 ===
[2026-09-18T13:38:20.964457Z] === Watch cycle start ===
[2026-09-18T13:38:20.973570Z] Registered new inbound task: probe-001
[2026-09-18T13:38:20.976941Z] Closed probe probe-001 (RECEIPT)
[2026-09-18T13:38:20.980981Z] Closed probe-001 via receipt
[2026-09-18T13:38:20.983975Z] === Cycle complete, pending=1 ===
[2026-09-18T13:38:50.992998Z] === Watch cycle start ===
[2026-09-18T13:38:51.005203Z] Registered new inbound task: probe-001
[2026-09-18T13:38:51.008324Z] Closed probe probe-001 (RECEIPT)
[2026-09-18T13:38:51.010525Z] Closed probe-001 via receipt
[2026-09-18T13:38:51.012554Z] === Cycle complete, pending=1 ===
[2026-09-18T13:39:21.014977Z] === Watch cycle start ===
[2026-09-18T13:39:21.023772Z] Registered new inbound task: probe-001
[2026-09-18T13:39:21.025540Z] Closed probe probe-001 (RECEIPT)
[2026-09-18T13:39:21.026402Z] Closed probe-001 via receipt
[2026-09-18T13:39:21.027880Z] === Cycle complete, pending=1 ===
[2026-09-18T13:39:51.044871Z] === Watch cycle start ===
[2026-09-18T13:39:51.101457Z] Registered new inbound task: probe-001
[2026-09-18T13:39:51.127685Z] Closed probe probe-001 (RECEIPT)
[2026-09-18T13:39:51.132439Z] Closed probe-001 via receipt
[2026-09-18T13:39:51.135627Z] === Cycle complete, pending=1 ===
[2026-09-18T13:40:21.148162Z] === Watch cycle start ===
[2026-09-18T13:40:21.154973Z] Registered new inbound task: probe-001
[2026-09-18T13:40:21.156343Z] Closed probe probe-001 (RECEIPT)
[2026-09-18T13:40:21.157107Z] Closed probe-001 via receipt
[2026-09-18T13:40:21.158144Z] === Cycle complete, pending=1 ===
[2026-09-18T13:40:51.161347Z] === Watch cycle start ===
[2026-09-18T13:40:51.173063Z] Registered new inbound task: probe-001
[2026-09-18T13:40:51.174739Z] Closed probe probe-001 (RECEIPT)
[2026-09-18T13:40:51.175814Z] Closed probe-001 via receipt
[2026-09-18T13:40:51.180472Z] === Cycle complete, pending=1 ===
[2026-09-18T13:41:21.183296Z] === Watch cycle start ===
[2026-09-18T13:41:21.189160Z] Registered new inbound task: probe-001
[2026-09-18T13:41:21.190842Z] Closed probe probe-001 (RECEIPT)
[2026-09-18T13:41:21.191632Z] Closed probe-001 via receipt
[2026-09-18T13:41:21.192991Z] === Cycle complete, pending=1 ===
[2026-09-18T13:41:51.194147Z] === Watch cycle start ===
[2026-09-18T13:41:51.198507Z] Registered new inbound task: probe-001
[2026-09-18T13:41:51.199620Z] Closed probe probe-001 (RECEIPT)
[2026-09-18T13:41:51.200252Z] Closed probe-001 via receipt
[2026-09-18T13:41:51.204839Z] === Cycle complete, pending=1 ===
[2026-09-18T13:42:21.209182Z] === Watch cycle start ===
[2026-09-18T13:42:21.215376Z] Registered new inbound task: probe-001
[2026-09-18T13:42:21.216905Z] Closed probe probe-001 (RECEIPT)
[2026-09-18T13:42:21.217738Z] Closed probe-001 via receipt
[2026-09-18T13:42:21.219050Z] === Cycle complete, pending=1 ===
[2026-09-18T13:42:51.220201Z] === Watch cycle start ===
[2026-09-18T13:42:51.225372Z] Registered new inbound task: probe-001
[2026-09-18T13:42:51.229330Z] Closed probe probe-001 (RECEIPT)
[2026-09-18T13:42:51.231888Z] Closed probe-001 via receipt
[2026-09-18T13:42:51.236197Z] === Cycle complete, pending=1 ===
[2026-09-18T13:43:21.238855Z] === Watch cycle start ===
[2026-09-18T13:43:21.242756Z] Registered new inbound task: probe-001
[2026-09-18T13:43:21.244091Z] Closed probe probe-001 (RECEIPT)
[2026-09-18T13:43:21.244702Z] Closed probe-001 via receipt
[2026-09-18T13:43:21.246767Z] === Cycle complete, pending=1 ===
[2026-09-18T13:43:51.249616Z] === Watch cycle start ===
[2026-09-18T13:43:51.254128Z] Registered new inbound task: probe-001
[2026-09-18T13:43:51.255742Z] Closed probe probe-001 (RECEIPT)
[2026-09-18T13:43:51.257143Z] Closed probe-001 via receipt
[2026-09-18T13:43:51.258433Z] === Cycle complete, pending=1 ===
[2026-09-18T13:44:21.264199Z] === Watch cycle start ===
[2026-09-18T13:44:21.269908Z] Registered new inbound task: probe-001
[2026-09-18T13:44:21.274507Z] Closed probe probe-001 (RECEIPT)
[2026-09-18T13:44:21.280340Z] Closed probe-001 via receipt
[2026-09-18T13:44:21.281772Z] === Cycle complete, pending=1 ===
[2026-09-18T13:44:51.284797Z] === Watch cycle start ===
[2026-09-18T13:44:51.288922Z] Registered new inbound task: probe-001
[2026-09-18T13:44:51.290161Z] Closed probe probe-001 (RECEIPT)
[2026-09-18T13:44:51.290669Z] Closed probe-001 via receipt
[2026-09-18T13:44:51.291653Z] === Cycle complete, pending=1 ===
[2026-09-18T13:45:21.292830Z] === Watch cycle start ===
[2026-09-18T13:45:21.297712Z] Registered new inbound task: probe-001
[2026-09-18T13:45:21.299964Z] Closed probe probe-001 (RECEIPT)
[2026-09-18T13:45:21.301031Z] Closed probe-001 via receipt
[2026-09-18T13:45:21.304201Z] === Cycle complete, pending=1 ===
[2026-09-18T13:45:51.311792Z] === Watch cycle start ===
[2026-09-18T13:45:51.316075Z] Registered new inbound task: probe-001
[2026-09-18T13:45:51.317503Z] Closed probe probe-001 (RECEIPT)
[2026-09-18T13:45:51.318565Z] Closed probe-001 via receipt
[2026-09-18T13:45:51.320163Z] === Cycle complete, pending=1 ===
[2026-09-18T13:46:21.326031Z] === Watch cycle start ===
[2026-09-18T13:46:21.341831Z] Registered new inbound task: probe-001
[2026-09-18T13:46:21.344524Z] Closed probe probe-001 (RECEIPT)
[2026-09-18T13:46:21.345795Z] Closed probe-001 via receipt
[2026-09-18T13:46:21.351605Z] === Cycle complete, pending=1 ===
[2026-09-18T13:46:51.356432Z] === Watch cycle start ===
[2026-09-18T13:46:51.362499Z] Registered new inbound task: probe-001
[2026-09-18T13:46:51.364466Z] Closed probe probe-001 (RECEIPT)
[2026-09-18T13:46:51.365189Z] Closed probe-001 via receipt
[2026-09-18T13:46:51.366528Z] === Cycle complete, pending=1 ===
[2026-09-18T13:47:21.367714Z] === Watch cycle start ===
[2026-09-18T13:47:21.376327Z] Registered new inbound task: probe-001
[2026-09-18T13:47:21.381956Z] Closed probe probe-001 (RECEIPT)
[2026-09-18T13:47:21.383940Z] Closed probe-001 via receipt
[2026-09-18T13:47:21.389797Z] === Cycle complete, pending=1 ===
[2026-09-18T13:47:51.393007Z] === Watch cycle start ===
[2026-09-18T13:47:51.399286Z] Registered new inbound task: probe-001
[2026-09-18T13:47:51.400841Z] Closed probe probe-001 (RECEIPT)
[2026-09-18T13:47:51.401565Z] Closed probe-001 via receipt
[2026-09-18T13:47:51.402895Z] === Cycle complete, pending=1 ===
[2026-09-18T13:48:21.404035Z] === Watch cycle start ===
[2026-09-18T13:48:21.408148Z] Registered new inbound task: probe-001
[2026-09-18T13:48:21.409608Z] Closed probe probe-001 (RECEIPT)
[2026-09-18T13:48:21.410633Z] Closed probe-001 via receipt
[2026-09-18T13:48:21.412607Z] === Cycle complete, pending=1 ===
[2026-09-18T13:48:51.418988Z] === Watch cycle start ===
[2026-09-18T13:48:51.430416Z] Registered new inbound task: probe-001
[2026-09-18T13:48:51.450889Z] Closed probe probe-001 (RECEIPT)
[2026-09-18T13:48:51.459066Z] Closed probe-001 via receipt
[2026-09-18T13:48:51.460599Z] === Cycle complete, pending=1 ===
[2026-09-18T13:49:21.487356Z] === Watch cycle start ===
[2026-09-18T13:49:21.506548Z] Registered new inbound task: probe-001
[2026-09-18T13:49:21.526357Z] Closed probe probe-001 (RECEIPT)
[2026-09-18T13:49:21.536569Z] Closed probe-001 via receipt
[2026-09-18T13:49:21.545658Z] === Cycle complete, pending=1 ===
[2026-09-18T13:49:51.557608Z] === Watch cycle start ===
[2026-09-18T13:49:51.564688Z] Registered new inbound task: probe-001
[2026-09-18T13:49:51.572299Z] Closed probe probe-001 (RECEIPT)
[2026-09-18T13:49:51.577417Z] Closed probe-001 via receipt
[2026-09-18T13:49:51.582933Z] === Cycle complete, pending=1 ===
[2026-09-18T13:50:21.585000Z] === Watch cycle start ===
[2026-09-18T13:50:21.591834Z] Registered new inbound task: probe-001
[2026-09-18T13:50:21.604396Z] Closed probe probe-001 (RECEIPT)
[2026-09-18T13:50:21.606373Z] Closed probe-001 via receipt
[2026-09-18T13:50:21.610539Z] === Cycle complete, pending=1 ===
[2026-09-18T13:50:51.614109Z] === Watch cycle start ===
[2026-09-18T13:50:51.620943Z] Registered new inbound task: probe-001
[2026-09-18T13:50:51.622618Z] Closed probe probe-001 (RECEIPT)
[2026-09-18T13:50:51.623631Z] Closed probe-001 via receipt
[2026-09-18T13:50:51.624953Z] === Cycle complete, pending=1 ===
[2026-09-18T13:51:21.627293Z] === Watch cycle start ===
[2026-09-18T13:51:21.634078Z] Registered new inbound task: probe-001
[2026-09-18T13:51:21.637345Z] Closed probe probe-001 (RECEIPT)
[2026-09-18T13:51:21.639479Z] Closed probe-001 via receipt
[2026-09-18T13:51:21.648990Z] === Cycle complete, pending=1 ===
[2026-09-18T13:51:51.653108Z] === Watch cycle start ===
[2026-09-18T13:51:51.661064Z] Registered new inbound task: probe-001
[2026-09-18T13:51:51.663028Z] Closed probe probe-001 (RECEIPT)
[2026-09-18T13:51:51.667140Z] Closed probe-001 via receipt
[2026-09-18T13:51:51.669551Z] === Cycle complete, pending=1 ===
[2026-09-18T13:52:21.671096Z] === Watch cycle start ===
[2026-09-18T13:52:21.675787Z] Registered new inbound task: probe-001
[2026-09-18T13:52:21.677600Z] Closed probe probe-001 (RECEIPT)
[2026-09-18T13:52:21.680343Z] Closed probe-001 via receipt
[2026-09-18T13:52:21.681798Z] === Cycle complete, pending=1 ===
[2026-09-18T13:52:51.684627Z] === Watch cycle start ===
[2026-09-18T13:52:51.689207Z] Registered new inbound task: probe-001
[2026-09-18T13:52:51.690646Z] Closed probe probe-001 (RECEIPT)
[2026-09-18T13:52:51.691197Z] Closed probe-001 via receipt
[2026-09-18T13:52:51.692218Z] === Cycle complete, pending=1 ===
[2026-09-18T13:53:21.693229Z] === Watch cycle start ===
[2026-09-18T13:53:21.697733Z] Registered new inbound task: probe-001
[2026-09-18T13:53:21.698909Z] Closed probe probe-001 (RECEIPT)
[2026-09-18T13:53:21.699712Z] Closed probe-001 via receipt
[2026-09-18T13:53:21.701811Z] === Cycle complete, pending=1 ===
[2026-09-18T13:53:51.703075Z] === Watch cycle start ===
[2026-09-18T13:53:51.707211Z] Registered new inbound task: probe-001
[2026-09-18T13:53:51.708567Z] Closed probe probe-001 (RECEIPT)
[2026-09-18T13:53:51.709123Z] Closed probe-001 via receipt
[2026-09-18T13:53:51.710573Z] === Cycle complete, pending=1 ===
[2026-09-18T13:54:21.712216Z] === Watch cycle start ===
[2026-09-18T13:54:21.717409Z] Registered new inbound task: probe-001
[2026-09-18T13:54:21.718714Z] Closed probe probe-001 (RECEIPT)
[2026-09-18T13:54:21.719290Z] Closed probe-001 via receipt
[2026-09-18T13:54:21.720658Z] === Cycle complete, pending=1 ===
[2026-09-18T13:54:51.725568Z] === Watch cycle start ===
[2026-09-18T13:54:51.732374Z] Registered new inbound task: probe-001
[2026-09-18T13:54:51.742279Z] Closed probe probe-001 (RECEIPT)
[2026-09-18T13:54:51.744863Z] Closed probe-001 via receipt
[2026-09-18T13:54:51.746251Z] === Cycle complete, pending=1 ===
[2026-09-18T13:55:21.750482Z] === Watch cycle start ===
[2026-09-18T13:55:21.758963Z] Registered new inbound task: probe-001
[2026-09-18T13:55:21.765530Z] Closed probe probe-001 (RECEIPT)
[2026-09-18T13:55:21.768881Z] Closed probe-001 via receipt
[2026-09-18T13:55:21.772434Z] === Cycle complete, pending=1 ===
[2026-09-18T13:55:51.777375Z] === Watch cycle start ===
[2026-09-18T13:55:51.785997Z] Registered new inbound task: probe-001
[2026-09-18T13:55:51.788546Z] Closed probe probe-001 (RECEIPT)
[2026-09-18T13:55:51.790506Z] Closed probe-001 via receipt
[2026-09-18T13:55:51.792574Z] === Cycle complete, pending=1 ===
[2026-09-18T13:56:21.796076Z] === Watch cycle start ===
[2026-09-18T13:56:21.801523Z] Registered new inbound task: probe-001
[2026-09-18T13:56:21.803239Z] Closed probe probe-001 (RECEIPT)
[2026-09-18T13:56:21.807679Z] Closed probe-001 via receipt
[2026-09-18T13:56:21.808667Z] === Cycle complete, pending=1 ===
[2026-09-18T13:56:51.810690Z] === Watch cycle start ===
[2026-09-18T13:56:51.818868Z] Registered new inbound task: probe-001
[2026-09-18T13:56:51.820570Z] Closed probe probe-001 (RECEIPT)
[2026-09-18T13:56:51.822632Z] Closed probe-001 via receipt
[2026-09-18T13:56:51.831855Z] === Cycle complete, pending=1 ===
[2026-09-18T13:57:21.834102Z] === Watch cycle start ===
[2026-09-18T13:57:21.838262Z] Registered new inbound task: probe-001
[2026-09-18T13:57:21.839436Z] Closed probe probe-001 (RECEIPT)
[2026-09-18T13:57:21.839984Z] Closed probe-001 via receipt
[2026-09-18T13:57:21.841118Z] === Cycle complete, pending=1 ===
[2026-09-18T13:57:51.842103Z] === Watch cycle start ===
[2026-09-18T13:57:51.846262Z] Registered new inbound task: probe-001
[2026-09-18T13:57:51.847555Z] Closed probe probe-001 (RECEIPT)
[2026-09-18T13:57:51.848078Z] Closed probe-001 via receipt
[2026-09-18T13:57:51.849267Z] === Cycle complete, pending=1 ===
[2026-09-18T13:58:21.851086Z] === Watch cycle start ===
[2026-09-18T13:58:21.856927Z] Registered new inbound task: probe-001
[2026-09-18T13:58:21.858494Z] Closed probe probe-001 (RECEIPT)
[2026-09-18T13:58:21.859152Z] Closed probe-001 via receipt
[2026-09-18T13:58:21.865088Z] === Cycle complete, pending=1 ===
[2026-09-18T13:58:51.884621Z] === Watch cycle start ===
[2026-09-18T13:58:51.956244Z] Registered new inbound task: probe-001
[2026-09-18T13:58:51.959879Z] Closed probe probe-001 (RECEIPT)
[2026-09-18T13:58:51.960707Z] Closed probe-001 via receipt
[2026-09-18T13:58:51.962214Z] === Cycle complete, pending=1 ===
[2026-09-18T13:59:21.966264Z] === Watch cycle start ===
[2026-09-18T13:59:21.972474Z] Registered new inbound task: probe-001
[2026-09-18T13:59:21.974281Z] Closed probe probe-001 (RECEIPT)
[2026-09-18T13:59:21.974956Z] Closed probe-001 via receipt
[2026-09-18T13:59:21.976230Z] === Cycle complete, pending=1 ===
[2026-09-18T13:59:51.978238Z] === Watch cycle start ===
[2026-09-18T13:59:51.983293Z] Registered new inbound task: probe-001
[2026-09-18T13:59:51.985568Z] Closed probe probe-001 (RECEIPT)
[2026-09-18T13:59:51.986080Z] Closed probe-001 via receipt
[2026-09-18T13:59:51.987145Z] === Cycle complete, pending=1 ===
[2026-09-18T14:00:21.988236Z] === Watch cycle start ===
[2026-09-18T14:00:21.995611Z] Registered new inbound task: probe-001
[2026-09-18T14:00:21.997732Z] Closed probe probe-001 (RECEIPT)
[2026-09-18T14:00:21.998582Z] Closed probe-001 via receipt
[2026-09-18T14:00:22.000107Z] === Cycle complete, pending=1 ===
[2026-09-18T14:00:52.001434Z] === Watch cycle start ===
[2026-09-18T14:00:52.005475Z] Registered new inbound task: probe-001
[2026-09-18T14:00:52.006748Z] Closed probe probe-001 (RECEIPT)
[2026-09-18T14:00:52.007237Z] Closed probe-001 via receipt
[2026-09-18T14:00:52.008175Z] === Cycle complete, pending=1 ===
[2026-09-18T14:01:22.010021Z] === Watch cycle start ===
[2026-09-18T14:01:22.015708Z] Registered new inbound task: probe-001
[2026-09-18T14:01:22.017343Z] Closed probe probe-001 (RECEIPT)
[2026-09-18T14:01:22.018177Z] Closed probe-001 via receipt
[2026-09-18T14:01:22.019625Z] === Cycle complete, pending=1 ===
[2026-09-18T14:01:52.020780Z] === Watch cycle start ===
[2026-09-18T14:01:52.027508Z] Registered new inbound task: probe-001
[2026-09-18T14:01:52.037507Z] Closed probe probe-001 (RECEIPT)
[2026-09-18T14:01:52.038656Z] Closed probe-001 via receipt
[2026-09-18T14:01:52.040383Z] === Cycle complete, pending=1 ===
[2026-09-18T14:02:22.041547Z] === Watch cycle start ===
[2026-09-18T14:02:22.054421Z] Registered new inbound task: probe-001
[2026-09-18T14:02:22.057361Z] Closed probe probe-001 (RECEIPT)
[2026-09-18T14:02:22.059530Z] Closed probe-001 via receipt
[2026-09-18T14:02:22.065891Z] === Cycle complete, pending=1 ===
[2026-09-18T14:02:52.071704Z] === Watch cycle start ===
[2026-09-18T14:02:52.076017Z] Registered new inbound task: probe-001
[2026-09-18T14:02:52.077367Z] Closed probe probe-001 (RECEIPT)
[2026-09-18T14:02:52.078198Z] Closed probe-001 via receipt
[2026-09-18T14:02:52.079581Z] === Cycle complete, pending=1 ===
[2026-09-18T14:03:22.080692Z] === Watch cycle start ===
[2026-09-18T14:03:22.086122Z] Registered new inbound task: probe-001
[2026-09-18T14:03:22.087458Z] Closed probe probe-001 (RECEIPT)
[2026-09-18T14:03:22.088118Z] Closed probe-001 via receipt
[2026-09-18T14:03:22.089661Z] === Cycle complete, pending=1 ===
[2026-09-18T14:03:52.092926Z] === Watch cycle start ===
[2026-09-18T14:03:52.100876Z] Registered new inbound task: probe-001
[2026-09-18T14:03:52.102669Z] Closed probe probe-001 (RECEIPT)
[2026-09-18T14:03:52.110162Z] Closed probe-001 via receipt
[2026-09-18T14:03:52.112514Z] === Cycle complete, pending=1 ===
[2026-09-18T14:04:22.114222Z] === Watch cycle start ===
[2026-09-18T14:04:22.118671Z] Registered new inbound task: probe-001
[2026-09-18T14:04:22.120564Z] Closed probe probe-001 (RECEIPT)
[2026-09-18T14:04:22.121214Z] Closed probe-001 via receipt
[2026-09-18T14:04:22.122522Z] === Cycle complete, pending=1 ===
[2026-09-18T14:04:52.123239Z] === Watch cycle start ===
[2026-09-18T14:04:52.127572Z] Registered new inbound task: probe-001
[2026-09-18T14:04:52.128838Z] Closed probe probe-001 (RECEIPT)
[2026-09-18T14:04:52.129499Z] Closed probe-001 via receipt
[2026-09-18T14:04:52.130748Z] === Cycle complete, pending=1 ===
[2026-09-18T14:05:22.133499Z] === Watch cycle start ===
[2026-09-18T14:05:22.149591Z] Registered new inbound task: probe-001
[2026-09-18T14:05:22.151688Z] Closed probe probe-001 (RECEIPT)
[2026-09-18T14:05:22.152874Z] Closed probe-001 via receipt
[2026-09-18T14:05:22.154672Z] === Cycle complete, pending=1 ===
[2026-09-18T14:05:52.155904Z] === Watch cycle start ===
[2026-09-18T14:05:52.161069Z] Registered new inbound task: probe-001
[2026-09-18T14:05:52.162200Z] Closed probe probe-001 (RECEIPT)
[2026-09-18T14:05:52.162802Z] Closed probe-001 via receipt
[2026-09-18T14:05:52.164294Z] === Cycle complete, pending=1 ===
[2026-09-18T14:06:22.168213Z] === Watch cycle start ===
[2026-09-18T14:06:22.199572Z] Registered new inbound task: probe-001
[2026-09-18T14:06:22.205959Z] Closed probe probe-001 (RECEIPT)
[2026-09-18T14:06:22.212010Z] Closed probe-001 via receipt
[2026-09-18T14:06:22.221200Z] === Cycle complete, pending=1 ===
[2026-09-18T14:06:52.229863Z] === Watch cycle start ===
[2026-09-18T14:06:52.236580Z] Registered new inbound task: probe-001
[2026-09-18T14:06:52.238079Z] Closed probe probe-001 (RECEIPT)
[2026-09-18T14:06:52.238790Z] Closed probe-001 via receipt
[2026-09-18T14:06:52.240146Z] === Cycle complete, pending=1 ===
[2026-09-18T14:07:22.241222Z] === Watch cycle start ===
[2026-09-18T14:07:22.246051Z] Registered new inbound task: probe-001
[2026-09-18T14:07:22.247355Z] Closed probe probe-001 (RECEIPT)
[2026-09-18T14:07:22.247870Z] Closed probe-001 via receipt
[2026-09-18T14:07:22.249054Z] === Cycle complete, pending=1 ===
[2026-09-18T14:07:52.251684Z] === Watch cycle start ===
[2026-09-18T14:07:52.259547Z] Registered new inbound task: probe-001
[2026-09-18T14:07:52.261009Z] Closed probe probe-001 (RECEIPT)
[2026-09-18T14:07:52.261711Z] Closed probe-001 via receipt
[2026-09-18T14:07:52.264219Z] === Cycle complete, pending=1 ===
[2026-09-18T14:08:22.266064Z] === Watch cycle start ===
[2026-09-18T14:08:22.272869Z] Registered new inbound task: probe-001
[2026-09-18T14:08:22.274393Z] Closed probe probe-001 (RECEIPT)
[2026-09-18T14:08:22.274977Z] Closed probe-001 via receipt
[2026-09-18T14:08:22.276115Z] === Cycle complete, pending=1 ===
[2026-09-18T14:08:52.277256Z] === Watch cycle start ===
[2026-09-18T14:08:52.281960Z] Registered new inbound task: probe-001
[2026-09-18T14:08:52.283185Z] Closed probe probe-001 (RECEIPT)
[2026-09-18T14:08:52.283732Z] Closed probe-001 via receipt
[2026-09-18T14:08:52.285053Z] === Cycle complete, pending=1 ===
[2026-09-18T14:09:22.286073Z] === Watch cycle start ===
[2026-09-18T14:09:22.290930Z] Registered new inbound task: probe-001
[2026-09-18T14:09:22.292271Z] Closed probe probe-001 (RECEIPT)
[2026-09-18T14:09:22.293241Z] Closed probe-001 via receipt
[2026-09-18T14:09:22.298312Z] === Cycle complete, pending=1 ===
[2026-09-18T14:09:52.301078Z] === Watch cycle start ===
[2026-09-18T14:09:52.306045Z] Registered new inbound task: probe-001
[2026-09-18T14:09:52.307378Z] Closed probe probe-001 (RECEIPT)
[2026-09-18T14:09:52.309274Z] Closed probe-001 via receipt
[2026-09-18T14:09:52.312291Z] === Cycle complete, pending=1 ===
[2026-09-18T14:10:22.314063Z] === Watch cycle start ===
[2026-09-18T14:10:22.318283Z] Registered new inbound task: probe-001
[2026-09-18T14:10:22.319687Z] Closed probe probe-001 (RECEIPT)
[2026-09-18T14:10:22.320293Z] Closed probe-001 via receipt
[2026-09-18T14:10:22.321636Z] === Cycle complete, pending=1 ===
[2026-09-18T14:10:52.324783Z] === Watch cycle start ===
[2026-09-18T14:10:52.331589Z] Registered new inbound task: probe-001
[2026-09-18T14:10:52.332863Z] Closed probe probe-001 (RECEIPT)
[2026-09-18T14:10:52.333641Z] Closed probe-001 via receipt
[2026-09-18T14:10:52.334763Z] === Cycle complete, pending=1 ===
[2026-09-18T14:11:22.336058Z] === Watch cycle start ===
[2026-09-18T14:11:22.341562Z] Registered new inbound task: probe-001
[2026-09-18T14:11:22.342997Z] Closed probe probe-001 (RECEIPT)
[2026-09-18T14:11:22.343564Z] Closed probe-001 via receipt
[2026-09-18T14:11:22.344855Z] === Cycle complete, pending=1 ===
[2026-09-18T14:11:52.346077Z] === Watch cycle start ===
[2026-09-18T14:11:52.354172Z] Registered new inbound task: probe-001
[2026-09-18T14:11:52.358530Z] Closed probe probe-001 (RECEIPT)
[2026-09-18T14:11:52.359541Z] Closed probe-001 via receipt
[2026-09-18T14:11:52.360950Z] === Cycle complete, pending=1 ===
[2026-09-18T14:12:22.362060Z] === Watch cycle start ===
[2026-09-18T14:12:22.366702Z] Registered new inbound task: probe-001
[2026-09-18T14:12:22.367837Z] Closed probe probe-001 (RECEIPT)
[2026-09-18T14:12:22.368452Z] Closed probe-001 via receipt
[2026-09-18T14:12:22.369790Z] === Cycle complete, pending=1 ===
[2026-09-18T14:12:52.371068Z] === Watch cycle start ===
[2026-09-18T14:12:52.376612Z] Registered new inbound task: probe-001
[2026-09-18T14:12:52.378915Z] Closed probe probe-001 (RECEIPT)
[2026-09-18T14:12:52.383795Z] Closed probe-001 via receipt
[2026-09-18T14:12:52.385483Z] === Cycle complete, pending=1 ===
[2026-09-18T14:13:22.388796Z] === Watch cycle start ===
[2026-09-18T14:13:22.394043Z] Registered new inbound task: probe-001
[2026-09-18T14:13:22.395437Z] Closed probe probe-001 (RECEIPT)
[2026-09-18T14:13:22.396134Z] Closed probe-001 via receipt
[2026-09-18T14:13:22.397290Z] === Cycle complete, pending=1 ===
[2026-09-18T14:13:52.398660Z] === Watch cycle start ===
[2026-09-18T14:13:52.405548Z] Registered new inbound task: probe-001
[2026-09-18T14:13:52.410484Z] Closed probe probe-001 (RECEIPT)
[2026-09-18T14:13:52.415022Z] Closed probe-001 via receipt
[2026-09-18T14:13:52.418920Z] === Cycle complete, pending=1 ===
[2026-09-18T14:14:22.433747Z] === Watch cycle start ===
[2026-09-18T14:14:22.439829Z] Registered new inbound task: probe-001
[2026-09-18T14:14:22.441308Z] Closed probe probe-001 (RECEIPT)
[2026-09-18T14:14:22.442826Z] Closed probe-001 via receipt
[2026-09-18T14:14:22.444702Z] === Cycle complete, pending=1 ===
[2026-09-18T14:14:52.449033Z] === Watch cycle start ===
[2026-09-18T14:14:52.458913Z] Registered new inbound task: probe-001
[2026-09-18T14:14:52.461234Z] Closed probe probe-001 (RECEIPT)
[2026-09-18T14:14:52.461959Z] Closed probe-001 via receipt
[2026-09-18T14:14:52.465332Z] === Cycle complete, pending=1 ===
[2026-09-18T14:15:22.469749Z] === Watch cycle start ===
[2026-09-18T14:15:22.476237Z] Registered new inbound task: probe-001
[2026-09-18T14:15:22.478967Z] Closed probe probe-001 (RECEIPT)
[2026-09-18T14:15:22.479562Z] Closed probe-001 via receipt
[2026-09-18T14:15:22.480594Z] === Cycle complete, pending=1 ===
[2026-09-18T14:15:52.481742Z] === Watch cycle start ===
[2026-09-18T14:15:52.487674Z] Registered new inbound task: probe-001
[2026-09-18T14:15:52.489683Z] Closed probe probe-001 (RECEIPT)
[2026-09-18T14:15:52.490479Z] Closed probe-001 via receipt
[2026-09-18T14:15:52.492103Z] === Cycle complete, pending=1 ===
[2026-09-18T14:16:22.494072Z] === Watch cycle start ===
[2026-09-18T14:16:22.501071Z] Registered new inbound task: probe-001
[2026-09-18T14:16:22.503039Z] Closed probe probe-001 (RECEIPT)
[2026-09-18T14:16:22.504597Z] Closed probe-001 via receipt
[2026-09-18T14:16:22.508490Z] === Cycle complete, pending=1 ===
[2026-09-18T14:16:52.509848Z] === Watch cycle start ===
[2026-09-18T14:16:52.514424Z] Registered new inbound task: probe-001
[2026-09-18T14:16:52.515837Z] Closed probe probe-001 (RECEIPT)
[2026-09-18T14:16:52.516357Z] Closed probe-001 via receipt
[2026-09-18T14:16:52.517423Z] === Cycle complete, pending=1 ===
[2026-09-18T14:17:22.518850Z] === Watch cycle start ===
[2026-09-18T14:17:22.524304Z] Registered new inbound task: probe-001
[2026-09-18T14:17:22.526461Z] Closed probe probe-001 (RECEIPT)
[2026-09-18T14:17:22.527670Z] Closed probe-001 via receipt
[2026-09-18T14:17:22.529267Z] === Cycle complete, pending=1 ===
[2026-09-18T14:17:52.530875Z] === Watch cycle start ===
[2026-09-18T14:17:52.535201Z] Registered new inbound task: probe-001
[2026-09-18T14:17:52.536279Z] Closed probe probe-001 (RECEIPT)
[2026-09-18T14:17:52.536758Z] Closed probe-001 via receipt
[2026-09-18T14:17:52.537669Z] === Cycle complete, pending=1 ===
[2026-09-18T14:18:22.538871Z] === Watch cycle start ===
[2026-09-18T14:18:22.545357Z] Registered new inbound task: probe-001
[2026-09-18T14:18:22.546922Z] Closed probe probe-001 (RECEIPT)
[2026-09-18T14:18:22.547686Z] Closed probe-001 via receipt
[2026-09-18T14:18:22.548927Z] === Cycle complete, pending=1 ===
[2026-09-18T14:18:52.558542Z] === Watch cycle start ===
[2026-09-18T14:18:52.570864Z] Registered new inbound task: probe-001
[2026-09-18T14:18:52.572346Z] Closed probe probe-001 (RECEIPT)
[2026-09-18T14:18:52.572936Z] Closed probe-001 via receipt
[2026-09-18T14:18:52.574331Z] === Cycle complete, pending=1 ===
[2026-09-18T14:19:22.575036Z] === Watch cycle start ===
[2026-09-18T14:19:22.578934Z] Registered new inbound task: probe-001
[2026-09-18T14:19:22.580446Z] Closed probe probe-001 (RECEIPT)
[2026-09-18T14:19:22.581650Z] Closed probe-001 via receipt
[2026-09-18T14:19:22.582761Z] === Cycle complete, pending=1 ===
[2026-09-18T14:19:52.584002Z] === Watch cycle start ===
[2026-09-18T14:19:52.588421Z] Registered new inbound task: probe-001
[2026-09-18T14:19:52.589544Z] Closed probe probe-001 (RECEIPT)
[2026-09-18T14:19:52.590248Z] Closed probe-001 via receipt
[2026-09-18T14:19:52.591592Z] === Cycle complete, pending=1 ===
[2026-09-18T14:20:22.592999Z] === Watch cycle start ===
[2026-09-18T14:20:22.598399Z] Registered new inbound task: probe-001
[2026-09-18T14:20:22.600076Z] Closed probe probe-001 (RECEIPT)
[2026-09-18T14:20:22.600812Z] Closed probe-001 via receipt
[2026-09-18T14:20:22.602196Z] === Cycle complete, pending=1 ===
[2026-09-18T14:20:52.604692Z] === Watch cycle start ===
[2026-09-18T14:20:52.613878Z] Registered new inbound task: probe-001
[2026-09-18T14:20:52.615468Z] Closed probe probe-001 (RECEIPT)
[2026-09-18T14:20:52.616198Z] Closed probe-001 via receipt
[2026-09-18T14:20:52.617459Z] === Cycle complete, pending=1 ===
[2026-09-18T14:21:22.619754Z] === Watch cycle start ===
[2026-09-18T14:21:22.624637Z] Registered new inbound task: probe-001
[2026-09-18T14:21:22.625965Z] Closed probe probe-001 (RECEIPT)
[2026-09-18T14:21:22.626565Z] Closed probe-001 via receipt
[2026-09-18T14:21:22.627738Z] === Cycle complete, pending=1 ===
[2026-09-18T14:21:52.629152Z] === Watch cycle start ===
[2026-09-18T14:21:52.634528Z] Registered new inbound task: probe-001
[2026-09-18T14:21:52.636082Z] Closed probe probe-001 (RECEIPT)
[2026-09-18T14:21:52.636681Z] Closed probe-001 via receipt
[2026-09-18T14:21:52.637912Z] === Cycle complete, pending=1 ===
[2026-09-18T14:22:22.639014Z] === Watch cycle start ===
[2026-09-18T14:22:22.644852Z] Registered new inbound task: probe-001
[2026-09-18T14:22:22.646626Z] Closed probe probe-001 (RECEIPT)
[2026-09-18T14:22:22.647327Z] Closed probe-001 via receipt
[2026-09-18T14:22:22.648347Z] === Cycle complete, pending=1 ===
[2026-09-18T14:22:52.649970Z] === Watch cycle start ===
[2026-09-18T14:22:52.662578Z] Registered new inbound task: probe-001
[2026-09-18T14:22:52.663965Z] Closed probe probe-001 (RECEIPT)
[2026-09-18T14:22:52.664685Z] Closed probe-001 via receipt
[2026-09-18T14:22:52.665993Z] === Cycle complete, pending=1 ===
[2026-09-18T14:23:22.666974Z] === Watch cycle start ===
[2026-09-18T14:23:22.671830Z] Registered new inbound task: probe-001
[2026-09-18T14:23:22.673396Z] Closed probe probe-001 (RECEIPT)
[2026-09-18T14:23:22.673961Z] Closed probe-001 via receipt
[2026-09-18T14:23:22.675113Z] === Cycle complete, pending=1 ===
[2026-09-18T14:23:52.675984Z] === Watch cycle start ===
[2026-09-18T14:23:52.692860Z] Registered new inbound task: probe-001
[2026-09-18T14:23:52.694266Z] Closed probe probe-001 (RECEIPT)
[2026-09-18T14:23:52.695324Z] Closed probe-001 via receipt
[2026-09-18T14:23:52.698955Z] === Cycle complete, pending=1 ===
[2026-09-18T14:24:22.700591Z] === Watch cycle start ===
[2026-09-18T14:24:22.705499Z] Registered new inbound task: probe-001
[2026-09-18T14:24:22.706972Z] Closed probe probe-001 (RECEIPT)
[2026-09-18T14:24:22.707790Z] Closed probe-001 via receipt
[2026-09-18T14:24:22.712292Z] === Cycle complete, pending=1 ===
[2026-09-18T14:24:52.717192Z] === Watch cycle start ===
[2026-09-18T14:24:52.729294Z] Registered new inbound task: probe-001
[2026-09-18T14:24:52.731362Z] Closed probe probe-001 (RECEIPT)
[2026-09-18T14:24:52.732355Z] Closed probe-001 via receipt
[2026-09-18T14:24:52.733659Z] === Cycle complete, pending=1 ===
[2026-09-18T14:25:22.736087Z] === Watch cycle start ===
[2026-09-18T14:25:22.747556Z] Registered new inbound task: probe-001
[2026-09-18T14:25:22.749223Z] Closed probe probe-001 (RECEIPT)
[2026-09-18T14:25:22.756672Z] Closed probe-001 via receipt
[2026-09-18T14:25:22.760134Z] === Cycle complete, pending=1 ===
[2026-09-18T14:25:52.764137Z] === Watch cycle start ===
[2026-09-18T14:25:52.777376Z] Registered new inbound task: probe-001
[2026-09-18T14:25:52.779272Z] Closed probe probe-001 (RECEIPT)
[2026-09-18T14:25:52.780039Z] Closed probe-001 via receipt
[2026-09-18T14:25:52.781235Z] === Cycle complete, pending=1 ===
[2026-09-18T14:26:22.782655Z] === Watch cycle start ===
[2026-09-18T14:26:22.787723Z] Registered new inbound task: probe-001
[2026-09-18T14:26:22.789295Z] Closed probe probe-001 (RECEIPT)
[2026-09-18T14:26:22.789867Z] Closed probe-001 via receipt
[2026-09-18T14:26:22.791109Z] === Cycle complete, pending=1 ===
[2026-09-18T14:26:52.792828Z] === Watch cycle start ===
[2026-09-18T14:26:52.806146Z] Registered new inbound task: probe-001
[2026-09-18T14:26:52.811325Z] Closed probe probe-001 (RECEIPT)
[2026-09-18T14:26:52.813917Z] Closed probe-001 via receipt
[2026-09-18T14:26:52.815323Z] === Cycle complete, pending=1 ===
[2026-09-18T14:27:22.816856Z] === Watch cycle start ===
[2026-09-18T14:27:22.821600Z] Registered new inbound task: probe-001
[2026-09-18T14:27:22.823836Z] Closed probe probe-001 (RECEIPT)
[2026-09-18T14:27:22.824460Z] Closed probe-001 via receipt
[2026-09-18T14:27:22.825776Z] === Cycle complete, pending=1 ===
[2026-09-18T14:27:52.827770Z] === Watch cycle start ===
[2026-09-18T14:27:52.843049Z] Registered new inbound task: probe-001
[2026-09-18T14:27:52.844497Z] Closed probe probe-001 (RECEIPT)
[2026-09-18T14:27:52.845398Z] Closed probe-001 via receipt
[2026-09-18T14:27:52.850996Z] === Cycle complete, pending=1 ===
[2026-09-18T14:28:22.856762Z] === Watch cycle start ===
[2026-09-18T14:28:22.862330Z] Registered new inbound task: probe-001
[2026-09-18T14:28:22.863577Z] Closed probe probe-001 (RECEIPT)
[2026-09-18T14:28:22.864125Z] Closed probe-001 via receipt
[2026-09-18T14:28:22.865666Z] === Cycle complete, pending=1 ===
[2026-09-18T14:28:52.868902Z] === Watch cycle start ===
[2026-09-18T14:28:52.874232Z] Registered new inbound task: probe-001
[2026-09-18T14:28:52.875683Z] Closed probe probe-001 (RECEIPT)
[2026-09-18T14:28:52.876274Z] Closed probe-001 via receipt
[2026-09-18T14:28:52.877556Z] === Cycle complete, pending=1 ===
[2026-09-18T14:29:22.878863Z] === Watch cycle start ===
[2026-09-18T14:29:22.883812Z] Registered new inbound task: probe-001
[2026-09-18T14:29:22.886701Z] Closed probe probe-001 (RECEIPT)
[2026-09-18T14:29:22.891606Z] Closed probe-001 via receipt
[2026-09-18T14:29:22.894192Z] === Cycle complete, pending=1 ===
[2026-09-18T14:29:52.895981Z] === Watch cycle start ===
[2026-09-18T14:29:52.912378Z] Registered new inbound task: probe-001
[2026-09-18T14:29:52.918008Z] Closed probe probe-001 (RECEIPT)
[2026-09-18T14:29:52.920202Z] Closed probe-001 via receipt
[2026-09-18T14:29:52.922328Z] === Cycle complete, pending=1 ===
[2026-09-18T14:30:22.924116Z] === Watch cycle start ===
[2026-09-18T14:30:22.928480Z] Registered new inbound task: probe-001
[2026-09-18T14:30:22.929613Z] Closed probe probe-001 (RECEIPT)
[2026-09-18T14:30:22.930195Z] Closed probe-001 via receipt
[2026-09-18T14:30:22.931243Z] === Cycle complete, pending=1 ===
[2026-09-18T14:30:52.931989Z] === Watch cycle start ===
[2026-09-18T14:30:52.945193Z] Registered new inbound task: probe-001
[2026-09-18T14:30:52.946355Z] Closed probe probe-001 (RECEIPT)
[2026-09-18T14:30:52.946917Z] Closed probe-001 via receipt
[2026-09-18T14:30:52.948310Z] === Cycle complete, pending=1 ===
[2026-09-18T14:31:22.949045Z] === Watch cycle start ===
[2026-09-18T14:31:22.953291Z] Registered new inbound task: probe-001
[2026-09-18T14:31:22.954422Z] Closed probe probe-001 (RECEIPT)
[2026-09-18T14:31:22.954942Z] Closed probe-001 via receipt
[2026-09-18T14:31:22.956290Z] === Cycle complete, pending=1 ===
[2026-09-18T14:31:52.958466Z] === Watch cycle start ===
[2026-09-18T14:31:52.970501Z] Registered new inbound task: probe-001
[2026-09-18T14:31:52.972499Z] Closed probe probe-001 (RECEIPT)
[2026-09-18T14:31:52.973467Z] Closed probe-001 via receipt
[2026-09-18T14:31:52.975787Z] === Cycle complete, pending=1 ===
[2026-09-18T14:32:22.984029Z] === Watch cycle start ===
[2026-09-18T14:32:22.990257Z] Registered new inbound task: probe-001
[2026-09-18T14:32:22.993073Z] Closed probe probe-001 (RECEIPT)
[2026-09-18T14:32:22.993831Z] Closed probe-001 via receipt
[2026-09-18T14:32:22.996902Z] === Cycle complete, pending=1 ===
[2026-09-18T14:32:52.998410Z] === Watch cycle start ===
[2026-09-18T14:32:53.005823Z] Registered new inbound task: probe-001
[2026-09-18T14:32:53.007769Z] Closed probe probe-001 (RECEIPT)
[2026-09-18T14:32:53.008728Z] Closed probe-001 via receipt
[2026-09-18T14:32:53.010033Z] === Cycle complete, pending=1 ===
[2026-09-18T14:33:23.011038Z] === Watch cycle start ===
[2026-09-18T14:33:23.018546Z] Registered new inbound task: probe-001
[2026-09-18T14:33:23.019883Z] Closed probe probe-001 (RECEIPT)
[2026-09-18T14:33:23.020420Z] Closed probe-001 via receipt
[2026-09-18T14:33:23.021485Z] === Cycle complete, pending=1 ===
[2026-09-18T14:33:53.022590Z] === Watch cycle start ===
[2026-09-18T14:33:53.028783Z] Registered new inbound task: probe-001
[2026-09-18T14:33:53.029871Z] Closed probe probe-001 (RECEIPT)
[2026-09-18T14:33:53.030319Z] Closed probe-001 via receipt
[2026-09-18T14:33:53.031260Z] === Cycle complete, pending=1 ===
[2026-09-18T14:34:23.033221Z] === Watch cycle start ===
[2026-09-18T14:34:23.045620Z] Registered new inbound task: probe-001
[2026-09-18T14:34:23.047081Z] Closed probe probe-001 (RECEIPT)
[2026-09-18T14:34:23.047939Z] Closed probe-001 via receipt
[2026-09-18T14:34:23.056226Z] === Cycle complete, pending=1 ===
[2026-09-18T14:34:53.057613Z] === Watch cycle start ===
[2026-09-18T14:34:53.072425Z] Registered new inbound task: probe-001
[2026-09-18T14:34:53.073772Z] Closed probe probe-001 (RECEIPT)
[2026-09-18T14:34:53.074487Z] Closed probe-001 via receipt
[2026-09-18T14:34:53.075785Z] === Cycle complete, pending=1 ===
[2026-09-18T14:35:23.077304Z] === Watch cycle start ===
[2026-09-18T14:35:23.081375Z] Registered new inbound task: probe-001
[2026-09-18T14:35:23.082499Z] Closed probe probe-001 (RECEIPT)
[2026-09-18T14:35:23.083027Z] Closed probe-001 via receipt
[2026-09-18T14:35:23.084451Z] === Cycle complete, pending=1 ===
[2026-09-18T14:35:53.086471Z] === Watch cycle start ===
[2026-09-18T14:35:53.093536Z] Registered new inbound task: probe-001
[2026-09-18T14:35:53.095820Z] Closed probe probe-001 (RECEIPT)
[2026-09-18T14:35:53.103407Z] Closed probe-001 via receipt
[2026-09-18T14:35:53.105716Z] === Cycle complete, pending=1 ===
[2026-09-18T14:36:23.113680Z] === Watch cycle start ===
[2026-09-18T14:36:23.118443Z] Registered new inbound task: probe-001
[2026-09-18T14:36:23.119626Z] Closed probe probe-001 (RECEIPT)
[2026-09-18T14:36:23.120163Z] Closed probe-001 via receipt
[2026-09-18T14:36:23.121260Z] === Cycle complete, pending=1 ===
[2026-09-18T14:36:53.122624Z] === Watch cycle start ===
[2026-09-18T14:36:53.128014Z] Registered new inbound task: probe-001
[2026-09-18T14:36:53.129758Z] Closed probe probe-001 (RECEIPT)
[2026-09-18T14:36:53.130578Z] Closed probe-001 via receipt
[2026-09-18T14:36:53.132264Z] === Cycle complete, pending=1 ===
[2026-09-18T14:37:23.138755Z] === Watch cycle start ===
[2026-09-18T14:37:23.146654Z] Registered new inbound task: probe-001
[2026-09-18T14:37:23.150424Z] Closed probe probe-001 (RECEIPT)
[2026-09-18T14:37:23.155806Z] Closed probe-001 via receipt
[2026-09-18T14:37:23.158849Z] === Cycle complete, pending=1 ===
[2026-09-18T14:37:53.163596Z] === Watch cycle start ===
[2026-09-18T14:37:53.178048Z] Registered new inbound task: probe-001
[2026-09-18T14:37:53.179567Z] Closed probe probe-001 (RECEIPT)
[2026-09-18T14:37:53.180324Z] Closed probe-001 via receipt
[2026-09-18T14:37:53.181787Z] === Cycle complete, pending=1 ===
[2026-09-18T14:38:23.182763Z] === Watch cycle start ===
[2026-09-18T14:38:23.188011Z] Registered new inbound task: probe-001
[2026-09-18T14:38:23.189395Z] Closed probe probe-001 (RECEIPT)
[2026-09-18T14:38:23.190054Z] Closed probe-001 via receipt
[2026-09-18T14:38:23.191896Z] === Cycle complete, pending=1 ===
[2026-09-18T14:38:53.204945Z] === Watch cycle start ===
[2026-09-18T14:38:53.220228Z] Registered new inbound task: probe-001
[2026-09-18T14:38:53.241988Z] Closed probe probe-001 (RECEIPT)
[2026-09-18T14:38:53.271676Z] Closed probe-001 via receipt
[2026-09-18T14:38:53.289737Z] === Cycle complete, pending=1 ===
[2026-09-18T14:39:23.294363Z] === Watch cycle start ===
[2026-09-18T14:39:23.299372Z] Registered new inbound task: probe-001
[2026-09-18T14:39:23.301890Z] Closed probe probe-001 (RECEIPT)
[2026-09-18T14:39:23.302826Z] Closed probe-001 via receipt
[2026-09-18T14:39:23.304027Z] === Cycle complete, pending=1 ===
[2026-09-18T14:39:53.305475Z] === Watch cycle start ===
[2026-09-18T14:39:53.320897Z] Registered new inbound task: probe-001
[2026-09-18T14:39:53.325124Z] Closed probe probe-001 (RECEIPT)
[2026-09-18T14:39:53.327871Z] Closed probe-001 via receipt
[2026-09-18T14:39:53.330489Z] === Cycle complete, pending=1 ===
[2026-09-18T14:40:23.331375Z] === Watch cycle start ===
[2026-09-18T14:40:23.337969Z] Registered new inbound task: probe-001
[2026-09-18T14:40:23.340054Z] Closed probe probe-001 (RECEIPT)
[2026-09-18T14:40:23.340911Z] Closed probe-001 via receipt
[2026-09-18T14:40:23.342225Z] === Cycle complete, pending=1 ===
[2026-09-18T14:40:53.343392Z] === Watch cycle start ===
[2026-09-18T14:40:53.359396Z] Registered new inbound task: probe-001
[2026-09-18T14:40:53.360680Z] Closed probe probe-001 (RECEIPT)
[2026-09-18T14:40:53.361314Z] Closed probe-001 via receipt
[2026-09-18T14:40:53.363124Z] === Cycle complete, pending=1 ===
[2026-09-18T14:41:23.364855Z] === Watch cycle start ===
[2026-09-18T14:41:23.369797Z] Registered new inbound task: probe-001
[2026-09-18T14:41:23.371548Z] Closed probe probe-001 (RECEIPT)
[2026-09-18T14:41:23.377201Z] Closed probe-001 via receipt
[2026-09-18T14:41:23.379054Z] === Cycle complete, pending=1 ===
[2026-09-18T14:41:53.393585Z] === Watch cycle start ===
[2026-09-18T14:41:53.418357Z] Registered new inbound task: probe-001
[2026-09-18T14:41:53.419992Z] Closed probe probe-001 (RECEIPT)
[2026-09-18T14:41:53.420868Z] Closed probe-001 via receipt
[2026-09-18T14:41:53.429533Z] === Cycle complete, pending=1 ===
[2026-09-18T14:42:23.438366Z] === Watch cycle start ===
[2026-09-18T14:42:23.443772Z] Registered new inbound task: probe-001
[2026-09-18T14:42:23.445699Z] Closed probe probe-001 (RECEIPT)
[2026-09-18T14:42:23.446779Z] Closed probe-001 via receipt
[2026-09-18T14:42:23.448118Z] === Cycle complete, pending=1 ===
[2026-09-18T14:42:53.450256Z] === Watch cycle start ===
[2026-09-18T14:42:53.459210Z] Registered new inbound task: probe-001
[2026-09-18T14:42:53.460648Z] Closed probe probe-001 (RECEIPT)
[2026-09-18T14:42:53.461294Z] Closed probe-001 via receipt
[2026-09-18T14:42:53.462294Z] === Cycle complete, pending=1 ===
[2026-09-18T14:43:23.463783Z] === Watch cycle start ===
[2026-09-18T14:43:23.470652Z] Registered new inbound task: probe-001
[2026-09-18T14:43:23.472662Z] Closed probe probe-001 (RECEIPT)
[2026-09-18T14:43:23.473498Z] Closed probe-001 via receipt
[2026-09-18T14:43:23.474764Z] === Cycle complete, pending=1 ===
[2026-09-18T14:43:53.476073Z] === Watch cycle start ===
[2026-09-18T14:43:53.484704Z] Registered new inbound task: probe-001
[2026-09-18T14:43:53.485736Z] Closed probe probe-001 (RECEIPT)
[2026-09-18T14:43:53.486204Z] Closed probe-001 via receipt
[2026-09-18T14:43:53.487469Z] === Cycle complete, pending=1 ===
[2026-09-18T14:44:23.489080Z] === Watch cycle start ===
[2026-09-18T14:44:23.493433Z] Registered new inbound task: probe-001
[2026-09-18T14:44:23.494846Z] Closed probe probe-001 (RECEIPT)
[2026-09-18T14:44:23.498536Z] Closed probe-001 via receipt
[2026-09-18T14:44:23.500543Z] === Cycle complete, pending=1 ===
[2026-09-18T14:44:53.502332Z] === Watch cycle start ===
[2026-09-18T14:44:53.508454Z] Registered new inbound task: probe-001
[2026-09-18T14:44:53.515234Z] Closed probe probe-001 (RECEIPT)
[2026-09-18T14:44:53.517611Z] Closed probe-001 via receipt
[2026-09-18T14:44:53.519031Z] === Cycle complete, pending=1 ===
[2026-09-18T14:45:23.561039Z] === Watch cycle start ===
[2026-09-18T14:45:23.657448Z] Registered new inbound task: probe-001
[2026-09-18T14:45:23.690024Z] Closed probe probe-001 (RECEIPT)
[2026-09-18T14:45:23.693312Z] Closed probe-001 via receipt
[2026-09-18T14:45:23.710199Z] === Cycle complete, pending=1 ===
[2026-09-18T14:45:53.715314Z] === Watch cycle start ===
[2026-09-18T14:45:53.723738Z] Registered new inbound task: probe-001
[2026-09-18T14:45:53.727880Z] Closed probe probe-001 (RECEIPT)
[2026-09-18T14:45:53.728824Z] Closed probe-001 via receipt
[2026-09-18T14:45:53.730409Z] === Cycle complete, pending=1 ===
[2026-09-18T14:46:23.732305Z] === Watch cycle start ===
[2026-09-18T14:46:23.737839Z] Registered new inbound task: probe-001
[2026-09-18T14:46:23.739474Z] Closed probe probe-001 (RECEIPT)
[2026-09-18T14:46:23.740212Z] Closed probe-001 via receipt
[2026-09-18T14:46:23.741674Z] === Cycle complete, pending=1 ===
[2026-09-18T14:46:53.743320Z] === Watch cycle start ===
[2026-09-18T14:46:53.757853Z] Registered new inbound task: probe-001
[2026-09-18T14:46:53.759413Z] Closed probe probe-001 (RECEIPT)
[2026-09-18T14:46:53.760126Z] Closed probe-001 via receipt
[2026-09-18T14:46:53.762175Z] === Cycle complete, pending=1 ===
[2026-09-18T14:47:23.764303Z] === Watch cycle start ===
[2026-09-18T14:47:23.771087Z] Registered new inbound task: probe-001
[2026-09-18T14:47:23.773193Z] Closed probe probe-001 (RECEIPT)
[2026-09-18T14:47:23.775819Z] Closed probe-001 via receipt
[2026-09-18T14:47:23.777418Z] === Cycle complete, pending=1 ===
[2026-09-18T14:47:53.787067Z] === Watch cycle start ===
[2026-09-18T14:47:53.805170Z] Registered new inbound task: probe-001
[2026-09-18T14:47:53.807736Z] Closed probe probe-001 (RECEIPT)
[2026-09-18T14:47:53.808677Z] Closed probe-001 via receipt
[2026-09-18T14:47:53.810101Z] === Cycle complete, pending=1 ===
[2026-09-18T14:48:23.811913Z] === Watch cycle start ===
[2026-09-18T14:48:23.816534Z] Registered new inbound task: probe-001
[2026-09-18T14:48:23.817842Z] Closed probe probe-001 (RECEIPT)
[2026-09-18T14:48:23.818378Z] Closed probe-001 via receipt
[2026-09-18T14:48:23.819779Z] === Cycle complete, pending=1 ===
[2026-09-18T14:48:53.822551Z] === Watch cycle start ===
[2026-09-18T14:48:53.836595Z] Registered new inbound task: probe-001
[2026-09-18T14:48:53.840071Z] Closed probe probe-001 (RECEIPT)
[2026-09-18T14:48:53.844444Z] Closed probe-001 via receipt
[2026-09-18T14:48:53.845978Z] === Cycle complete, pending=1 ===
[2026-09-18T14:49:23.852697Z] === Watch cycle start ===
[2026-09-18T14:49:23.856596Z] Registered new inbound task: probe-001
[2026-09-18T14:49:23.857730Z] Closed probe probe-001 (RECEIPT)
[2026-09-18T14:49:23.858278Z] Closed probe-001 via receipt
[2026-09-18T14:49:23.859333Z] === Cycle complete, pending=1 ===
[2026-09-18T14:49:53.861234Z] === Watch cycle start ===
[2026-09-18T14:49:53.867890Z] Registered new inbound task: probe-001
[2026-09-18T14:49:53.869555Z] Closed probe probe-001 (RECEIPT)
[2026-09-18T14:49:53.870776Z] Closed probe-001 via receipt
[2026-09-18T14:49:53.872294Z] === Cycle complete, pending=1 ===
[2026-09-18T14:50:23.873309Z] === Watch cycle start ===
[2026-09-18T14:50:23.877964Z] Registered new inbound task: probe-001
[2026-09-18T14:50:23.881989Z] Closed probe probe-001 (RECEIPT)
[2026-09-18T14:50:23.882702Z] Closed probe-001 via receipt
[2026-09-18T14:50:23.883977Z] === Cycle complete, pending=1 ===
[2026-09-18T14:50:53.885509Z] === Watch cycle start ===
[2026-09-18T14:50:53.895196Z] Registered new inbound task: probe-001
[2026-09-18T14:50:53.896943Z] Closed probe probe-001 (RECEIPT)
[2026-09-18T14:50:53.897724Z] Closed probe-001 via receipt
[2026-09-18T14:50:53.899824Z] === Cycle complete, pending=1 ===
[2026-09-18T14:51:23.959675Z] === Watch cycle start ===
[2026-09-18T14:51:24.149693Z] Registered new inbound task: probe-001
[2026-09-18T14:51:24.227228Z] Closed probe probe-001 (RECEIPT)
[2026-09-18T14:51:24.269397Z] Closed probe-001 via receipt
[2026-09-18T14:51:24.375401Z] === Cycle complete, pending=1 ===
[2026-09-18T14:51:54.424628Z] === Watch cycle start ===
[2026-09-18T14:51:54.437707Z] Registered new inbound task: probe-001
[2026-09-18T14:51:54.439059Z] Closed probe probe-001 (RECEIPT)
[2026-09-18T14:51:54.439761Z] Closed probe-001 via receipt
[2026-09-18T14:51:54.441032Z] === Cycle complete, pending=1 ===
[2026-09-18T14:52:24.443414Z] === Watch cycle start ===
[2026-09-18T14:52:24.453257Z] Registered new inbound task: probe-001
[2026-09-18T14:52:24.454944Z] Closed probe probe-001 (RECEIPT)
[2026-09-18T14:52:24.458917Z] Closed probe-001 via receipt
[2026-09-18T14:52:24.459811Z] STALE: soak-001 past deadline + 30min grace
[2026-09-18T14:52:24.461271Z] === Cycle complete, pending=0 ===
[2026-09-18T14:52:54.466854Z] === Watch cycle start ===
[2026-09-18T14:52:54.485177Z] Registered new inbound task: probe-001
[2026-09-18T14:52:54.489068Z] Registered new inbound task: soak-001
[2026-09-18T14:52:54.491673Z] Closed probe probe-001 (RECEIPT)
[2026-09-18T14:52:54.494459Z] Closed probe-001 via receipt
[2026-09-18T14:52:54.495948Z] === Cycle complete, pending=1 ===
[2026-09-18T14:53:24.497620Z] === Watch cycle start ===
[2026-09-18T14:53:24.524247Z] Registered new inbound task: probe-001
[2026-09-18T14:53:24.526597Z] Closed probe probe-001 (RECEIPT)
[2026-09-18T14:53:24.527532Z] Closed probe-001 via receipt
[2026-09-18T14:53:24.528905Z] === Cycle complete, pending=1 ===
[2026-09-18T14:53:54.531430Z] === Watch cycle start ===
[2026-09-18T14:53:54.550826Z] Registered new inbound task: probe-001
[2026-09-18T14:53:54.552404Z] Closed probe probe-001 (RECEIPT)
[2026-09-18T14:53:54.553427Z] Closed probe-001 via receipt
[2026-09-18T14:53:54.554754Z] === Cycle complete, pending=1 ===
[2026-09-18T14:54:24.557107Z] === Watch cycle start ===
[2026-09-18T14:54:24.561266Z] Registered new inbound task: probe-001
[2026-09-18T14:54:24.562780Z] Closed probe probe-001 (RECEIPT)
[2026-09-18T14:54:24.563488Z] Closed probe-001 via receipt
[2026-09-18T14:54:24.564552Z] === Cycle complete, pending=1 ===
[2026-09-18T14:54:54.565519Z] === Watch cycle start ===
[2026-09-18T14:54:54.576984Z] Registered new inbound task: probe-001
[2026-09-18T14:54:54.578808Z] Closed probe probe-001 (RECEIPT)
[2026-09-18T14:54:54.579632Z] Closed probe-001 via receipt
[2026-09-18T14:54:54.581138Z] === Cycle complete, pending=1 ===
[2026-09-18T14:55:24.582551Z] === Watch cycle start ===
[2026-09-18T14:55:24.587460Z] Registered new inbound task: probe-001
[2026-09-18T14:55:24.589050Z] Closed probe probe-001 (RECEIPT)
[2026-09-18T14:55:24.589858Z] Closed probe-001 via receipt
[2026-09-18T14:55:24.591246Z] === Cycle complete, pending=1 ===
[2026-09-18T14:55:54.592534Z] === Watch cycle start ===
[2026-09-18T14:55:54.606579Z] Registered new inbound task: probe-001
[2026-09-18T14:55:54.608343Z] Closed probe probe-001 (RECEIPT)
[2026-09-18T14:55:54.609103Z] Closed probe-001 via receipt
[2026-09-18T14:55:54.610517Z] === Cycle complete, pending=1 ===
[2026-09-18T14:56:24.616669Z] === Watch cycle start ===
[2026-09-18T14:56:24.629133Z] Registered new inbound task: probe-001
[2026-09-18T14:56:24.632500Z] Closed probe probe-001 (RECEIPT)
[2026-09-18T14:56:24.640087Z] Closed probe-001 via receipt
[2026-09-18T14:56:24.642974Z] === Cycle complete, pending=1 ===
[2026-09-18T14:56:54.645661Z] === Watch cycle start ===
[2026-09-18T14:56:54.650679Z] Registered new inbound task: probe-001
[2026-09-18T14:56:54.655500Z] Closed probe probe-001 (RECEIPT)
[2026-09-18T14:56:54.656209Z] Closed probe-001 via receipt
[2026-09-18T14:56:54.657469Z] === Cycle complete, pending=1 ===
[2026-09-18T14:57:24.658692Z] === Watch cycle start ===
[2026-09-18T14:57:24.664818Z] Registered new inbound task: probe-001
[2026-09-18T14:57:24.671590Z] Closed probe probe-001 (RECEIPT)
[2026-09-18T14:57:24.674948Z] Closed probe-001 via receipt
[2026-09-18T14:57:24.677610Z] === Cycle complete, pending=1 ===
[2026-09-18T14:57:54.688768Z] === Watch cycle start ===
[2026-09-18T14:57:54.714569Z] Registered new inbound task: probe-001
[2026-09-18T14:57:54.717150Z] Closed probe probe-001 (RECEIPT)
[2026-09-18T14:57:54.718342Z] Closed probe-001 via receipt
[2026-09-18T14:57:54.721541Z] === Cycle complete, pending=1 ===
[2026-09-18T14:58:24.722636Z] === Watch cycle start ===
[2026-09-18T14:58:24.727085Z] Registered new inbound task: probe-001
[2026-09-18T14:58:24.728539Z] Closed probe probe-001 (RECEIPT)
[2026-09-18T14:58:24.729089Z] Closed probe-001 via receipt
[2026-09-18T14:58:24.730029Z] === Cycle complete, pending=1 ===
[2026-09-18T14:58:54.731411Z] === Watch cycle start ===
[2026-09-18T14:58:54.738839Z] Registered new inbound task: probe-001
[2026-09-18T14:58:54.740803Z] Closed probe probe-001 (RECEIPT)
[2026-09-18T14:58:54.747772Z] Closed probe-001 via receipt
[2026-09-18T14:58:54.750612Z] === Cycle complete, pending=1 ===
[2026-09-18T14:59:24.752849Z] === Watch cycle start ===
[2026-09-18T14:59:24.757744Z] Registered new inbound task: probe-001
[2026-09-18T14:59:24.759876Z] Closed probe probe-001 (RECEIPT)
[2026-09-18T14:59:24.760458Z] Closed probe-001 via receipt
[2026-09-18T14:59:24.761492Z] === Cycle complete, pending=1 ===
[2026-09-18T14:59:54.762440Z] === Watch cycle start ===
[2026-09-18T14:59:54.774414Z] Registered new inbound task: probe-001
[2026-09-18T14:59:54.776457Z] Closed probe probe-001 (RECEIPT)
[2026-09-18T14:59:54.777352Z] Closed probe-001 via receipt
[2026-09-18T14:59:54.778774Z] === Cycle complete, pending=1 ===
[2026-09-18T15:00:24.780416Z] === Watch cycle start ===
[2026-09-18T15:00:24.785367Z] Registered new inbound task: probe-001
[2026-09-18T15:00:24.786951Z] Closed probe probe-001 (RECEIPT)
[2026-09-18T15:00:24.787533Z] Closed probe-001 via receipt
[2026-09-18T15:00:24.788633Z] === Cycle complete, pending=1 ===
[2026-09-18T15:00:54.789411Z] === Watch cycle start ===
[2026-09-18T15:00:54.795662Z] Registered new inbound task: probe-001
[2026-09-18T15:00:54.797046Z] Closed probe probe-001 (RECEIPT)
[2026-09-18T15:00:54.797630Z] Closed probe-001 via receipt
[2026-09-18T15:00:54.798801Z] === Cycle complete, pending=1 ===
[2026-09-18T15:01:24.800419Z] === Watch cycle start ===
[2026-09-18T15:01:24.805270Z] Registered new inbound task: probe-001
[2026-09-18T15:01:24.807185Z] Closed probe probe-001 (RECEIPT)
[2026-09-18T15:01:24.808066Z] Closed probe-001 via receipt
[2026-09-18T15:01:24.809613Z] === Cycle complete, pending=1 ===
[2026-09-18T15:01:54.810407Z] === Watch cycle start ===
[2026-09-18T15:01:54.818407Z] Registered new inbound task: probe-001
[2026-09-18T15:01:54.820446Z] Closed probe probe-001 (RECEIPT)
[2026-09-18T15:01:54.820948Z] Closed probe-001 via receipt
[2026-09-18T15:01:54.822011Z] === Cycle complete, pending=1 ===
[2026-09-18T15:02:24.826038Z] === Watch cycle start ===
[2026-09-18T15:02:24.833106Z] Registered new inbound task: probe-001
[2026-09-18T15:02:24.834785Z] Closed probe probe-001 (RECEIPT)
[2026-09-18T15:02:24.835582Z] Closed probe-001 via receipt
[2026-09-18T15:02:24.838143Z] === Cycle complete, pending=1 ===
[2026-09-18T15:02:54.839413Z] === Watch cycle start ===
[2026-09-18T15:02:54.851286Z] Registered new inbound task: probe-001
[2026-09-18T15:02:54.854225Z] Closed probe probe-001 (RECEIPT)
[2026-09-18T15:02:54.854951Z] Closed probe-001 via receipt
[2026-09-18T15:02:54.856391Z] === Cycle complete, pending=1 ===
[2026-09-18T15:03:24.857425Z] === Watch cycle start ===
[2026-09-18T15:03:24.861530Z] Registered new inbound task: probe-001
[2026-09-18T15:03:24.863031Z] Closed probe probe-001 (RECEIPT)
[2026-09-18T15:03:24.863595Z] Closed probe-001 via receipt
[2026-09-18T15:03:24.864779Z] === Cycle complete, pending=1 ===
[2026-09-18T15:03:54.874741Z] === Watch cycle start ===
[2026-09-18T15:03:54.900032Z] Registered new inbound task: probe-001
[2026-09-18T15:03:54.917071Z] Closed probe probe-001 (RECEIPT)
[2026-09-18T15:03:54.942122Z] Closed probe-001 via receipt
[2026-09-18T15:03:54.965955Z] === Cycle complete, pending=1 ===
[2026-09-18T15:04:24.983187Z] === Watch cycle start ===
[2026-09-18T15:04:24.994786Z] Registered new inbound task: probe-001
[2026-09-18T15:04:24.997688Z] Closed probe probe-001 (RECEIPT)
[2026-09-18T15:04:24.998748Z] Closed probe-001 via receipt
[2026-09-18T15:04:25.000259Z] === Cycle complete, pending=1 ===
[2026-09-18T15:04:55.005808Z] === Watch cycle start ===
[2026-09-18T15:04:55.032939Z] Registered new inbound task: probe-001
[2026-09-18T15:04:55.034916Z] Closed probe probe-001 (RECEIPT)
[2026-09-18T15:04:55.036843Z] Closed probe-001 via receipt
[2026-09-18T15:04:55.038684Z] === Cycle complete, pending=1 ===
[2026-09-18T15:05:25.044899Z] === Watch cycle start ===
[2026-09-18T15:05:25.054120Z] Registered new inbound task: probe-001
[2026-09-18T15:05:25.068762Z] Closed probe probe-001 (RECEIPT)
[2026-09-18T15:05:25.074794Z] Closed probe-001 via receipt
[2026-09-18T15:05:25.077738Z] === Cycle complete, pending=1 ===
[2026-09-18T15:05:55.097526Z] === Watch cycle start ===
[2026-09-18T15:05:55.150882Z] Registered new inbound task: probe-001
[2026-09-18T15:05:55.163777Z] Closed probe probe-001 (RECEIPT)
[2026-09-18T15:05:55.173897Z] Closed probe-001 via receipt
[2026-09-18T15:05:55.191308Z] === Cycle complete, pending=1 ===
[2026-09-18T15:06:25.267009Z] === Watch cycle start ===
[2026-09-18T15:06:25.386307Z] Registered new inbound task: probe-001
[2026-09-18T15:06:25.436164Z] Closed probe probe-001 (RECEIPT)
[2026-09-18T15:06:25.488000Z] Closed probe-001 via receipt
[2026-09-18T15:06:25.568114Z] === Cycle complete, pending=1 ===
[2026-09-18T15:06:55.677584Z] === Watch cycle start ===
[2026-09-18T15:06:55.794395Z] Registered new inbound task: probe-001
[2026-09-18T15:06:55.872299Z] Closed probe probe-001 (RECEIPT)
[2026-09-18T15:06:55.957554Z] Closed probe-001 via receipt
[2026-09-18T15:06:56.039266Z] === Cycle complete, pending=1 ===
[2026-09-18T15:07:26.103660Z] === Watch cycle start ===
[2026-09-18T15:07:26.118492Z] Registered new inbound task: probe-001
[2026-09-18T15:07:26.124968Z] Closed probe probe-001 (RECEIPT)
[2026-09-18T15:07:26.127084Z] Closed probe-001 via receipt
[2026-09-18T15:07:26.135224Z] === Cycle complete, pending=1 ===
[2026-09-18T15:07:56.186617Z] === Watch cycle start ===
[2026-09-18T15:07:56.203301Z] Registered new inbound task: probe-001
[2026-09-18T15:07:56.207748Z] Closed probe probe-001 (RECEIPT)
[2026-09-18T15:07:56.224932Z] Closed probe-001 via receipt
[2026-09-18T15:07:56.227615Z] === Cycle complete, pending=1 ===
[2026-09-18T15:08:26.296723Z] === Watch cycle start ===
[2026-09-18T15:08:26.412278Z] Registered new inbound task: probe-001
[2026-09-18T15:08:26.455254Z] Closed probe probe-001 (RECEIPT)
[2026-09-18T15:08:26.510042Z] Closed probe-001 via receipt
[2026-09-18T15:08:26.583216Z] === Cycle complete, pending=1 ===
[2026-09-18T15:08:56.669944Z] === Watch cycle start ===
[2026-09-18T15:08:56.819842Z] Registered new inbound task: probe-001
[2026-09-18T15:08:56.921867Z] Closed probe probe-001 (RECEIPT)
[2026-09-18T15:08:57.106620Z] Closed probe-001 via receipt
[2026-09-18T15:08:57.233982Z] === Cycle complete, pending=1 ===
[2026-09-18T15:09:27.395908Z] === Watch cycle start ===
[2026-09-18T15:09:27.406084Z] Registered new inbound task: probe-001
[2026-09-18T15:09:27.412304Z] Closed probe probe-001 (RECEIPT)
[2026-09-18T15:09:27.413712Z] Closed probe-001 via receipt
[2026-09-18T15:09:27.415482Z] === Cycle complete, pending=1 ===
[2026-09-18T15:09:57.427641Z] === Watch cycle start ===
[2026-09-18T15:09:57.464189Z] Registered new inbound task: probe-001
[2026-09-18T15:09:57.479648Z] Closed probe probe-001 (RECEIPT)
[2026-09-18T15:09:57.498264Z] Closed probe-001 via receipt
[2026-09-18T15:09:57.512289Z] === Cycle complete, pending=1 ===
[2026-09-18T15:10:27.539844Z] === Watch cycle start ===
[2026-09-18T15:10:27.572049Z] Registered new inbound task: probe-001
[2026-09-18T15:10:27.584873Z] Closed probe probe-001 (RECEIPT)
[2026-09-18T15:10:27.591795Z] Closed probe-001 via receipt
[2026-09-18T15:10:27.601562Z] === Cycle complete, pending=1 ===
[2026-09-18T15:10:57.632384Z] === Watch cycle start ===
[2026-09-18T15:10:57.742259Z] Registered new inbound task: probe-001
[2026-09-18T15:10:57.758160Z] Closed probe probe-001 (RECEIPT)
[2026-09-18T15:10:57.778473Z] Closed probe-001 via receipt
[2026-09-18T15:10:57.792512Z] === Cycle complete, pending=1 ===
[2026-09-18T15:11:27.839626Z] === Watch cycle start ===
[2026-09-18T15:11:27.855957Z] Registered new inbound task: probe-001
[2026-09-18T15:11:27.860549Z] Closed probe probe-001 (RECEIPT)
[2026-09-18T15:11:27.864487Z] Closed probe-001 via receipt
[2026-09-18T15:11:27.866120Z] === Cycle complete, pending=1 ===
[2026-09-18T15:11:57.873736Z] === Watch cycle start ===
[2026-09-18T15:11:57.900066Z] Registered new inbound task: probe-001
[2026-09-18T15:11:57.911108Z] Closed probe probe-001 (RECEIPT)
[2026-09-18T15:11:57.912540Z] Closed probe-001 via receipt
[2026-09-18T15:11:57.914397Z] === Cycle complete, pending=1 ===
[2026-09-18T15:12:27.915969Z] === Watch cycle start ===
[2026-09-18T15:12:27.924823Z] Registered new inbound task: probe-001
[2026-09-18T15:12:27.927003Z] Closed probe probe-001 (RECEIPT)
[2026-09-18T15:12:27.928131Z] Closed probe-001 via receipt
[2026-09-18T15:12:27.930384Z] === Cycle complete, pending=1 ===
[2026-09-18T15:12:57.931925Z] === Watch cycle start ===
[2026-09-18T15:12:57.938788Z] Registered new inbound task: probe-001
[2026-09-18T15:12:57.940551Z] Closed probe probe-001 (RECEIPT)
[2026-09-18T15:12:57.941383Z] Closed probe-001 via receipt
[2026-09-18T15:12:57.943360Z] === Cycle complete, pending=1 ===
[2026-09-18T15:13:27.949252Z] === Watch cycle start ===
[2026-09-18T15:13:27.972006Z] Registered new inbound task: probe-001
[2026-09-18T15:13:27.988112Z] Closed probe probe-001 (RECEIPT)
[2026-09-18T15:13:27.991209Z] Closed probe-001 via receipt
[2026-09-18T15:13:27.994314Z] === Cycle complete, pending=1 ===
[2026-09-18T15:13:57.996928Z] === Watch cycle start ===
[2026-09-18T15:13:58.004045Z] Registered new inbound task: probe-001
[2026-09-18T15:13:58.006041Z] Closed probe probe-001 (RECEIPT)
[2026-09-18T15:13:58.007032Z] Closed probe-001 via receipt
[2026-09-18T15:13:58.008931Z] === Cycle complete, pending=1 ===
[2026-09-18T15:14:28.023275Z] === Watch cycle start ===
[2026-09-18T15:14:28.049739Z] Registered new inbound task: probe-001
[2026-09-18T15:14:28.054696Z] Closed probe probe-001 (RECEIPT)
[2026-09-18T15:14:28.063984Z] Closed probe-001 via receipt
[2026-09-18T15:14:28.069393Z] === Cycle complete, pending=1 ===
[2026-09-18T15:14:58.075881Z] === Watch cycle start ===
[2026-09-18T15:14:58.084411Z] Registered new inbound task: probe-001
[2026-09-18T15:14:58.087566Z] Closed probe probe-001 (RECEIPT)
[2026-09-18T15:14:58.097503Z] Closed probe-001 via receipt
[2026-09-18T15:14:58.111116Z] === Cycle complete, pending=1 ===
[2026-09-18T15:15:28.151092Z] === Watch cycle start ===
[2026-09-18T15:15:28.167049Z] Registered new inbound task: probe-001
[2026-09-18T15:15:28.170993Z] Closed probe probe-001 (RECEIPT)
[2026-09-18T15:15:28.190397Z] Closed probe-001 via receipt
[2026-09-18T15:15:28.204849Z] === Cycle complete, pending=1 ===
[2026-09-18T15:15:58.240856Z] === Watch cycle start ===
[2026-09-18T15:15:58.247555Z] Registered new inbound task: probe-001
[2026-09-18T15:15:58.249137Z] Closed probe probe-001 (RECEIPT)
[2026-09-18T15:15:58.249852Z] Closed probe-001 via receipt
[2026-09-18T15:15:58.251453Z] === Cycle complete, pending=1 ===
[2026-09-18T15:16:28.254954Z] === Watch cycle start ===
[2026-09-18T15:16:28.291197Z] Registered new inbound task: probe-001
[2026-09-18T15:16:28.302133Z] Closed probe probe-001 (RECEIPT)
[2026-09-18T15:16:28.308914Z] Closed probe-001 via receipt
[2026-09-18T15:16:28.318566Z] === Cycle complete, pending=1 ===
[2026-09-18T15:16:58.323611Z] === Watch cycle start ===
[2026-09-18T15:16:58.343669Z] Registered new inbound task: probe-001
[2026-09-18T15:16:58.372565Z] Closed probe probe-001 (RECEIPT)
[2026-09-18T15:16:58.375850Z] Closed probe-001 via receipt
[2026-09-18T15:16:58.378257Z] === Cycle complete, pending=1 ===
[2026-09-18T15:17:28.411373Z] === Watch cycle start ===
[2026-09-18T15:17:28.437981Z] Registered new inbound task: probe-001
[2026-09-18T15:17:28.440035Z] Closed probe probe-001 (RECEIPT)
[2026-09-18T15:17:28.441016Z] Closed probe-001 via receipt
[2026-09-18T15:17:28.442812Z] === Cycle complete, pending=1 ===
[2026-09-18T15:17:58.453960Z] === Watch cycle start ===
[2026-09-18T15:17:58.468310Z] Registered new inbound task: probe-001
[2026-09-18T15:17:58.471396Z] Closed probe probe-001 (RECEIPT)
[2026-09-18T15:17:58.477407Z] Closed probe-001 via receipt
[2026-09-18T15:17:58.479476Z] === Cycle complete, pending=1 ===
[2026-09-18T15:18:28.492414Z] === Watch cycle start ===
[2026-09-18T15:18:28.526894Z] Registered new inbound task: probe-001
[2026-09-18T15:18:28.545989Z] Closed probe probe-001 (RECEIPT)
[2026-09-18T15:18:28.548945Z] Closed probe-001 via receipt
[2026-09-18T15:18:28.559218Z] === Cycle complete, pending=1 ===
[2026-09-18T15:18:58.567218Z] === Watch cycle start ===
[2026-09-18T15:18:58.594043Z] Registered new inbound task: probe-001
[2026-09-18T15:18:58.614828Z] Closed probe probe-001 (RECEIPT)
[2026-09-18T15:18:58.619950Z] Closed probe-001 via receipt
[2026-09-18T15:18:58.622587Z] === Cycle complete, pending=1 ===
[2026-09-18T15:19:28.624601Z] === Watch cycle start ===
[2026-09-18T15:19:28.630761Z] Registered new inbound task: probe-001
[2026-09-18T15:19:28.632708Z] Closed probe probe-001 (RECEIPT)
[2026-09-18T15:19:28.635645Z] Closed probe-001 via receipt
[2026-09-18T15:19:28.639414Z] === Cycle complete, pending=1 ===
[2026-09-18T15:19:58.653933Z] === Watch cycle start ===
[2026-09-18T15:19:58.679101Z] Registered new inbound task: probe-001
[2026-09-18T15:19:58.691090Z] Closed probe probe-001 (RECEIPT)
[2026-09-18T15:19:58.696271Z] Closed probe-001 via receipt
[2026-09-18T15:19:58.710995Z] === Cycle complete, pending=1 ===
[2026-09-18T15:20:28.725735Z] === Watch cycle start ===
[2026-09-18T15:20:28.747491Z] Registered new inbound task: probe-001
[2026-09-18T15:20:28.758930Z] Closed probe probe-001 (RECEIPT)
[2026-09-18T15:20:28.770482Z] Closed probe-001 via receipt
[2026-09-18T15:20:28.778868Z] === Cycle complete, pending=1 ===
[2026-09-18T15:20:58.799055Z] === Watch cycle start ===
[2026-09-18T15:20:58.829814Z] Registered new inbound task: probe-001
[2026-09-18T15:20:58.831947Z] Closed probe probe-001 (RECEIPT)
[2026-09-18T15:20:58.833060Z] Closed probe-001 via receipt
[2026-09-18T15:20:58.834889Z] === Cycle complete, pending=1 ===
[2026-09-18T15:21:28.842671Z] === Watch cycle start ===
[2026-09-18T15:21:28.850746Z] Registered new inbound task: probe-001
[2026-09-18T15:21:28.854750Z] Closed probe probe-001 (RECEIPT)
[2026-09-18T15:21:28.855788Z] Closed probe-001 via receipt
[2026-09-18T15:21:28.857358Z] === Cycle complete, pending=1 ===
[2026-09-18T15:21:58.858668Z] === Watch cycle start ===
[2026-09-18T15:21:58.876302Z] Registered new inbound task: probe-001
[2026-09-18T15:21:58.887367Z] Closed probe probe-001 (RECEIPT)
[2026-09-18T15:21:58.931566Z] Closed probe-001 via receipt
[2026-09-18T15:21:58.937049Z] === Cycle complete, pending=1 ===
[2026-09-18T15:22:28.949689Z] === Watch cycle start ===
[2026-09-18T15:22:28.955404Z] Registered new inbound task: probe-001
[2026-09-18T15:22:28.956736Z] Closed probe probe-001 (RECEIPT)
[2026-09-18T15:22:28.957276Z] Closed probe-001 via receipt
[2026-09-18T15:22:28.958373Z] === Cycle complete, pending=1 ===
[2026-09-18T15:22:58.959662Z] === Watch cycle start ===
[2026-09-18T15:22:58.976731Z] Registered new inbound task: probe-001
[2026-09-18T15:22:58.983091Z] Closed probe probe-001 (RECEIPT)
[2026-09-18T15:22:58.996641Z] Closed probe-001 via receipt
[2026-09-18T15:22:59.011893Z] === Cycle complete, pending=1 ===
[2026-09-18T15:23:29.031381Z] === Watch cycle start ===
[2026-09-18T15:23:29.042940Z] Registered new inbound task: probe-001
[2026-09-18T15:23:29.044924Z] Closed probe probe-001 (RECEIPT)
[2026-09-18T15:23:29.045519Z] Closed probe-001 via receipt
[2026-09-18T15:23:29.046889Z] === Cycle complete, pending=1 ===
[2026-09-18T15:23:59.067463Z] === Watch cycle start ===
[2026-09-18T15:23:59.118398Z] Registered new inbound task: probe-001
[2026-09-18T15:23:59.130194Z] Closed probe probe-001 (RECEIPT)
[2026-09-18T15:23:59.142305Z] Closed probe-001 via receipt
[2026-09-18T15:23:59.148127Z] === Cycle complete, pending=1 ===
[2026-09-18T15:24:29.152666Z] === Watch cycle start ===
[2026-09-18T15:24:29.157697Z] Registered new inbound task: probe-001
[2026-09-18T15:24:29.159745Z] Closed probe probe-001 (RECEIPT)
[2026-09-18T15:24:29.160545Z] Closed probe-001 via receipt
[2026-09-18T15:24:29.163685Z] === Cycle complete, pending=1 ===
[2026-09-18T15:24:59.205560Z] === Watch cycle start ===
[2026-09-18T15:24:59.255103Z] Registered new inbound task: probe-001
[2026-09-18T15:24:59.263824Z] Closed probe probe-001 (RECEIPT)
[2026-09-18T15:24:59.274568Z] Closed probe-001 via receipt
[2026-09-18T15:24:59.299022Z] === Cycle complete, pending=1 ===
[2026-09-18T15:25:29.305657Z] === Watch cycle start ===
[2026-09-18T15:25:29.310899Z] Registered new inbound task: probe-001
[2026-09-18T15:25:29.312568Z] Closed probe probe-001 (RECEIPT)
[2026-09-18T15:25:29.313470Z] Closed probe-001 via receipt
[2026-09-18T15:25:29.314985Z] === Cycle complete, pending=1 ===
[2026-09-18T15:25:59.360939Z] === Watch cycle start ===
[2026-09-18T15:25:59.529214Z] Registered new inbound task: probe-001
[2026-09-18T15:25:59.568308Z] Closed probe probe-001 (RECEIPT)
[2026-09-18T15:25:59.628038Z] Closed probe-001 via receipt
[2026-09-18T15:25:59.677036Z] === Cycle complete, pending=1 ===
[2026-09-18T15:26:29.725471Z] === Watch cycle start ===
[2026-09-18T15:26:29.750066Z] Registered new inbound task: probe-001
[2026-09-18T15:26:29.768495Z] Closed probe probe-001 (RECEIPT)
[2026-09-18T15:26:29.775579Z] Closed probe-001 via receipt
[2026-09-18T15:26:29.777157Z] === Cycle complete, pending=1 ===
[2026-09-18T15:26:59.850292Z] === Watch cycle start ===
[2026-09-18T15:26:59.967540Z] Registered new inbound task: probe-001
[2026-09-18T15:27:00.041419Z] Closed probe probe-001 (RECEIPT)
[2026-09-18T15:27:00.125014Z] Closed probe-001 via receipt
[2026-09-18T15:27:00.205789Z] === Cycle complete, pending=1 ===
[2026-09-18T15:27:30.309192Z] === Watch cycle start ===
[2026-09-18T15:27:30.374606Z] Registered new inbound task: probe-001
[2026-09-18T15:27:30.386876Z] Closed probe probe-001 (RECEIPT)
[2026-09-18T15:27:30.395568Z] Closed probe-001 via receipt
[2026-09-18T15:27:30.396990Z] === Cycle complete, pending=1 ===
[2026-09-18T15:28:00.416975Z] === Watch cycle start ===
[2026-09-18T15:28:00.507522Z] Registered new inbound task: probe-001
[2026-09-18T15:28:00.529248Z] Closed probe probe-001 (RECEIPT)
[2026-09-18T15:28:00.651247Z] Closed probe-001 via receipt
[2026-09-18T15:28:00.717163Z] === Cycle complete, pending=1 ===
[2026-09-18T15:28:30.876122Z] === Watch cycle start ===
[2026-09-18T15:28:30.928685Z] Registered new inbound task: probe-001
[2026-09-18T15:28:30.949421Z] Closed probe probe-001 (RECEIPT)
[2026-09-18T15:28:30.956248Z] Closed probe-001 via receipt
[2026-09-18T15:28:30.978674Z] === Cycle complete, pending=1 ===
[2026-09-18T15:29:01.040413Z] === Watch cycle start ===
[2026-09-18T15:29:01.110673Z] Registered new inbound task: probe-001
[2026-09-18T15:29:01.145699Z] Closed probe probe-001 (RECEIPT)
[2026-09-18T15:29:01.154873Z] Closed probe-001 via receipt
[2026-09-18T15:29:01.159861Z] === Cycle complete, pending=1 ===
[2026-09-18T15:29:31.199928Z] === Watch cycle start ===
[2026-09-18T15:29:31.268953Z] Registered new inbound task: probe-001
[2026-09-18T15:29:31.273250Z] Closed probe probe-001 (RECEIPT)
[2026-09-18T15:29:31.274232Z] Closed probe-001 via receipt
[2026-09-18T15:29:31.276380Z] === Cycle complete, pending=1 ===
[2026-09-18T15:30:01.311171Z] === Watch cycle start ===
[2026-09-18T15:30:01.355883Z] Registered new inbound task: probe-001
[2026-09-18T15:30:01.388712Z] Closed probe probe-001 (RECEIPT)
[2026-09-18T15:30:01.427178Z] Closed probe-001 via receipt
[2026-09-18T15:30:01.485533Z] === Cycle complete, pending=1 ===
[2026-09-18T15:30:31.572982Z] === Watch cycle start ===
[2026-09-18T15:30:31.587115Z] Registered new inbound task: probe-001
[2026-09-18T15:30:31.594854Z] Closed probe probe-001 (RECEIPT)
[2026-09-18T15:30:31.596799Z] Closed probe-001 via receipt
[2026-09-18T15:30:31.598761Z] === Cycle complete, pending=1 ===
[2026-09-18T15:31:01.620032Z] === Watch cycle start ===
[2026-09-18T15:31:01.736876Z] Registered new inbound task: probe-001
[2026-09-18T15:31:01.776719Z] Closed probe probe-001 (RECEIPT)
[2026-09-18T15:31:01.790366Z] Closed probe-001 via receipt
[2026-09-18T15:31:01.825613Z] === Cycle complete, pending=1 ===
[2026-09-18T15:31:31.866934Z] === Watch cycle start ===
[2026-09-18T15:31:31.932634Z] Registered new inbound task: probe-001
[2026-09-18T15:31:31.949940Z] Closed probe probe-001 (RECEIPT)
[2026-09-18T15:31:31.955411Z] Closed probe-001 via receipt
[2026-09-18T15:31:31.981341Z] === Cycle complete, pending=1 ===
[2026-09-18T15:32:02.014248Z] === Watch cycle start ===
[2026-09-18T15:32:02.130859Z] Registered new inbound task: probe-001
[2026-09-18T15:32:02.160072Z] Closed probe probe-001 (RECEIPT)
[2026-09-18T15:32:02.182330Z] Closed probe-001 via receipt
[2026-09-18T15:32:02.188875Z] === Cycle complete, pending=1 ===
[2026-09-18T15:32:32.193954Z] === Watch cycle start ===
[2026-09-18T15:32:32.278180Z] Registered new inbound task: probe-001
[2026-09-18T15:32:32.322813Z] Closed probe probe-001 (RECEIPT)
[2026-09-18T15:32:32.358953Z] Closed probe-001 via receipt
[2026-09-18T15:32:32.394854Z] === Cycle complete, pending=1 ===
[2026-09-18T15:33:02.488102Z] === Watch cycle start ===
[2026-09-18T15:33:02.550706Z] Registered new inbound task: probe-001
[2026-09-18T15:33:02.584006Z] Closed probe probe-001 (RECEIPT)
[2026-09-18T15:33:02.626312Z] Closed probe-001 via receipt
[2026-09-18T15:33:02.670031Z] === Cycle complete, pending=1 ===
[2026-09-18T15:33:32.748974Z] === Watch cycle start ===
[2026-09-18T15:33:32.773801Z] Registered new inbound task: probe-001
[2026-09-18T15:33:32.781228Z] Closed probe probe-001 (RECEIPT)
[2026-09-18T15:33:32.795421Z] Closed probe-001 via receipt
[2026-09-18T15:33:32.804750Z] === Cycle complete, pending=1 ===
[2026-09-18T15:34:02.843683Z] === Watch cycle start ===
[2026-09-18T15:34:02.917639Z] Registered new inbound task: probe-001
[2026-09-18T15:34:02.985591Z] Closed probe probe-001 (RECEIPT)
[2026-09-18T15:34:03.055493Z] Closed probe-001 via receipt
[2026-09-18T15:34:03.126790Z] === Cycle complete, pending=1 ===
[2026-09-18T15:34:33.184204Z] === Watch cycle start ===
[2026-09-18T15:34:33.309837Z] Registered new inbound task: probe-001
[2026-09-18T15:34:33.340896Z] Closed probe probe-001 (RECEIPT)
[2026-09-18T15:34:33.375320Z] Closed probe-001 via receipt
[2026-09-18T15:34:33.433935Z] === Cycle complete, pending=1 ===
[2026-09-18T15:35:03.625604Z] === Watch cycle start ===
[2026-09-18T15:35:03.907593Z] Registered new inbound task: probe-001
[2026-09-18T15:35:04.058916Z] Closed probe probe-001 (RECEIPT)
[2026-09-18T15:35:04.180522Z] Closed probe-001 via receipt
[2026-09-18T15:35:04.316635Z] === Cycle complete, pending=1 ===
[2026-09-18T15:35:34.446757Z] === Watch cycle start ===
[2026-09-18T15:35:34.574732Z] Registered new inbound task: probe-001
[2026-09-18T15:35:34.651509Z] Closed probe probe-001 (RECEIPT)
[2026-09-18T15:35:34.748442Z] Closed probe-001 via receipt
[2026-09-18T15:35:34.783629Z] === Cycle complete, pending=1 ===
[2026-09-18T15:36:04.936637Z] === Watch cycle start ===
[2026-09-18T15:36:05.069320Z] Registered new inbound task: probe-001
[2026-09-18T15:36:05.106250Z] Closed probe probe-001 (RECEIPT)
[2026-09-18T15:36:05.158491Z] Closed probe-001 via receipt
[2026-09-18T15:36:05.190114Z] === Cycle complete, pending=1 ===
[2026-09-18T15:36:35.288979Z] === Watch cycle start ===
[2026-09-18T15:36:35.524011Z] Registered new inbound task: probe-001
[2026-09-18T15:36:35.671762Z] Closed probe probe-001 (RECEIPT)
[2026-09-18T15:36:35.778160Z] Closed probe-001 via receipt
[2026-09-18T15:36:35.940806Z] === Cycle complete, pending=1 ===
[2026-09-18T15:37:06.128499Z] === Watch cycle start ===
[2026-09-18T15:37:06.311572Z] Registered new inbound task: probe-001
[2026-09-18T15:37:06.462847Z] Closed probe probe-001 (RECEIPT)
[2026-09-18T15:37:06.595424Z] Closed probe-001 via receipt
[2026-09-18T15:37:06.725464Z] === Cycle complete, pending=1 ===
[2026-09-18T15:37:36.876639Z] === Watch cycle start ===
[2026-09-18T15:37:37.039501Z] Registered new inbound task: probe-001
[2026-09-18T15:37:37.108618Z] Closed probe probe-001 (RECEIPT)
[2026-09-18T15:37:37.176102Z] Closed probe-001 via receipt
[2026-09-18T15:37:37.231125Z] === Cycle complete, pending=1 ===
[2026-09-18T15:38:07.412086Z] === Watch cycle start ===
[2026-09-18T15:38:07.436340Z] Registered new inbound task: probe-001
[2026-09-18T15:38:07.440402Z] Closed probe probe-001 (RECEIPT)
[2026-09-18T15:38:07.456546Z] Closed probe-001 via receipt
[2026-09-18T15:38:07.490870Z] === Cycle complete, pending=1 ===
[2026-09-18T15:38:37.515090Z] === Watch cycle start ===
[2026-09-18T15:38:37.537166Z] Registered new inbound task: probe-001
[2026-09-18T15:38:37.550367Z] Closed probe probe-001 (RECEIPT)
[2026-09-18T15:38:37.561819Z] Closed probe-001 via receipt
[2026-09-18T15:38:37.575503Z] === Cycle complete, pending=1 ===
[2026-09-18T15:39:07.650531Z] === Watch cycle start ===
[2026-09-18T15:39:07.799216Z] Registered new inbound task: probe-001
[2026-09-18T15:39:07.847985Z] Closed probe probe-001 (RECEIPT)
[2026-09-18T15:39:07.876701Z] Closed probe-001 via receipt
[2026-09-18T15:39:07.902837Z] === Cycle complete, pending=1 ===
[2026-09-18T15:39:37.980865Z] === Watch cycle start ===
[2026-09-18T15:39:38.038127Z] Registered new inbound task: probe-001
[2026-09-18T15:39:38.069378Z] Closed probe probe-001 (RECEIPT)
[2026-09-18T15:39:38.115284Z] Closed probe-001 via receipt
[2026-09-18T15:39:38.156879Z] === Cycle complete, pending=1 ===
[2026-09-18T15:40:08.239799Z] === Watch cycle start ===
[2026-09-18T15:40:08.501167Z] Registered new inbound task: probe-001
[2026-09-18T15:40:08.740218Z] Closed probe probe-001 (RECEIPT)
[2026-09-18T15:40:09.055737Z] Closed probe-001 via receipt
[2026-09-18T15:40:09.154140Z] === Cycle complete, pending=1 ===
[2026-09-18T15:40:39.321131Z] === Watch cycle start ===
[2026-09-18T15:40:39.610444Z] Registered new inbound task: probe-001
[2026-09-18T15:40:39.742497Z] Closed probe probe-001 (RECEIPT)
[2026-09-18T15:40:39.942141Z] Closed probe-001 via receipt
[2026-09-18T15:40:40.252350Z] === Cycle complete, pending=1 ===
[2026-09-18T15:41:10.472968Z] === Watch cycle start ===
[2026-09-18T15:41:10.582585Z] Registered new inbound task: probe-001
[2026-09-18T15:41:10.640786Z] Closed probe probe-001 (RECEIPT)
[2026-09-18T15:41:10.696327Z] Closed probe-001 via receipt
[2026-09-18T15:41:10.772004Z] === Cycle complete, pending=1 ===
[2026-09-18T15:41:40.861942Z] === Watch cycle start ===
[2026-09-18T15:41:41.263700Z] Registered new inbound task: probe-001
[2026-09-18T15:41:41.701159Z] Closed probe probe-001 (RECEIPT)
[2026-09-18T15:41:42.229147Z] Closed probe-001 via receipt
[2026-09-18T15:41:42.711961Z] === Cycle complete, pending=1 ===
[2026-09-18T15:42:13.068851Z] === Watch cycle start ===
[2026-09-18T15:42:13.260102Z] Registered new inbound task: probe-001
[2026-09-18T15:42:13.471826Z] Closed probe probe-001 (RECEIPT)
[2026-09-18T15:42:13.663410Z] Closed probe-001 via receipt
[2026-09-18T15:42:13.830453Z] === Cycle complete, pending=1 ===
[2026-09-18T15:42:44.068029Z] === Watch cycle start ===
[2026-09-18T15:42:44.436068Z] Registered new inbound task: probe-001
[2026-09-18T15:42:44.646001Z] Closed probe probe-001 (RECEIPT)
[2026-09-18T15:42:44.817268Z] Closed probe-001 via receipt
[2026-09-18T15:42:45.078683Z] === Cycle complete, pending=1 ===
[2026-09-18T15:43:15.549819Z] === Watch cycle start ===
[2026-09-18T15:43:15.715998Z] Registered new inbound task: probe-001
[2026-09-18T15:43:15.760895Z] Closed probe probe-001 (RECEIPT)
[2026-09-18T15:43:15.815434Z] Closed probe-001 via receipt
[2026-09-18T15:43:15.889556Z] === Cycle complete, pending=1 ===
[2026-09-18T15:43:46.117297Z] === Watch cycle start ===
[2026-09-18T15:43:46.459229Z] Registered new inbound task: probe-001
[2026-09-18T15:43:46.602797Z] Closed probe probe-001 (RECEIPT)
[2026-09-18T15:43:46.710747Z] Closed probe-001 via receipt
[2026-09-18T15:43:46.855644Z] === Cycle complete, pending=1 ===
[2026-09-18T15:44:17.052891Z] === Watch cycle start ===
[2026-09-18T15:44:17.205797Z] Registered new inbound task: probe-001
[2026-09-18T15:44:17.272916Z] Closed probe probe-001 (RECEIPT)
[2026-09-18T15:44:17.359016Z] Closed probe-001 via receipt
[2026-09-18T15:44:17.522275Z] === Cycle complete, pending=1 ===
[2026-09-18T15:44:47.658121Z] === Watch cycle start ===
[2026-09-18T15:44:47.771229Z] Registered new inbound task: probe-001
[2026-09-18T15:44:47.839590Z] Closed probe probe-001 (RECEIPT)
[2026-09-18T15:44:47.907408Z] Closed probe-001 via receipt
[2026-09-18T15:44:47.970576Z] === Cycle complete, pending=1 ===
[2026-09-18T15:45:18.049114Z] === Watch cycle start ===
[2026-09-18T15:45:18.153114Z] Registered new inbound task: probe-001
[2026-09-18T15:45:18.210873Z] Closed probe probe-001 (RECEIPT)
[2026-09-18T15:45:18.265783Z] Closed probe-001 via receipt
[2026-09-18T15:45:18.304467Z] === Cycle complete, pending=1 ===
[2026-09-18T15:45:48.379044Z] === Watch cycle start ===
[2026-09-18T15:45:48.470004Z] Registered new inbound task: probe-001
[2026-09-18T15:45:48.520956Z] Closed probe probe-001 (RECEIPT)
[2026-09-18T15:45:48.603206Z] Closed probe-001 via receipt
[2026-09-18T15:45:48.673198Z] === Cycle complete, pending=1 ===
[2026-09-18T15:46:18.809882Z] === Watch cycle start ===
[2026-09-18T15:46:18.861965Z] Registered new inbound task: probe-001
[2026-09-18T15:46:18.923422Z] Closed probe probe-001 (RECEIPT)
[2026-09-18T15:46:18.990132Z] Closed probe-001 via receipt
[2026-09-18T15:46:19.051233Z] === Cycle complete, pending=1 ===
[2026-09-18T15:46:49.108219Z] === Watch cycle start ===
[2026-09-18T15:46:49.164875Z] Registered new inbound task: probe-001
[2026-09-18T15:46:49.195108Z] Closed probe probe-001 (RECEIPT)
[2026-09-18T15:46:49.234747Z] Closed probe-001 via receipt
[2026-09-18T15:46:49.278287Z] === Cycle complete, pending=1 ===
[2026-09-18T15:47:19.407310Z] === Watch cycle start ===
[2026-09-18T15:47:19.584021Z] Registered new inbound task: probe-001
[2026-09-18T15:47:19.738328Z] Closed probe probe-001 (RECEIPT)
[2026-09-18T15:47:19.846526Z] Closed probe-001 via receipt
[2026-09-18T15:47:19.959755Z] === Cycle complete, pending=1 ===
[2026-09-18T15:47:50.081725Z] === Watch cycle start ===
[2026-09-18T15:47:50.156575Z] Registered new inbound task: probe-001
[2026-09-18T15:47:50.195374Z] Closed probe probe-001 (RECEIPT)
[2026-09-18T15:47:50.215891Z] Closed probe-001 via receipt
[2026-09-18T15:47:50.237737Z] === Cycle complete, pending=1 ===
[2026-09-18T15:48:20.273944Z] === Watch cycle start ===
[2026-09-18T15:48:20.291577Z] Registered new inbound task: probe-001
[2026-09-18T15:48:20.300287Z] Closed probe probe-001 (RECEIPT)
[2026-09-18T15:48:20.302867Z] Closed probe-001 via receipt
[2026-09-18T15:48:20.304730Z] === Cycle complete, pending=1 ===
[2026-09-18T15:48:50.316261Z] === Watch cycle start ===
[2026-09-18T15:48:50.383548Z] Registered new inbound task: probe-001
[2026-09-18T15:48:50.408521Z] Closed probe probe-001 (RECEIPT)
[2026-09-18T15:48:50.433456Z] Closed probe-001 via receipt
[2026-09-18T15:48:50.464252Z] === Cycle complete, pending=1 ===
[2026-09-18T15:49:20.564213Z] === Watch cycle start ===
[2026-09-18T15:49:20.860878Z] Registered new inbound task: probe-001
[2026-09-18T15:49:20.972532Z] Closed probe probe-001 (RECEIPT)
[2026-09-18T15:49:21.279592Z] Closed probe-001 via receipt
[2026-09-18T15:49:21.493106Z] === Cycle complete, pending=1 ===
[2026-09-18T15:49:51.663544Z] === Watch cycle start ===
[2026-09-18T15:49:51.749859Z] Registered new inbound task: probe-001
[2026-09-18T15:49:51.863683Z] Closed probe probe-001 (RECEIPT)
[2026-09-18T15:49:51.976020Z] Closed probe-001 via receipt
[2026-09-18T15:49:52.102811Z] === Cycle complete, pending=1 ===
[2026-09-18T15:50:22.328146Z] === Watch cycle start ===
[2026-09-18T15:50:22.496936Z] Registered new inbound task: probe-001
[2026-09-18T15:50:22.552228Z] Closed probe probe-001 (RECEIPT)
[2026-09-18T15:50:22.672843Z] Closed probe-001 via receipt
[2026-09-18T15:50:22.784207Z] === Cycle complete, pending=1 ===
[2026-09-18T15:50:52.950558Z] === Watch cycle start ===
[2026-09-18T15:50:53.366258Z] Registered new inbound task: probe-001
[2026-09-18T15:50:53.608662Z] Closed probe probe-001 (RECEIPT)
[2026-09-18T15:50:53.797061Z] Closed probe-001 via receipt
[2026-09-18T15:50:53.960776Z] === Cycle complete, pending=1 ===
[2026-09-18T15:51:24.132435Z] === Watch cycle start ===
[2026-09-18T15:51:24.144926Z] Registered new inbound task: probe-001
[2026-09-18T15:51:24.166842Z] Closed probe probe-001 (RECEIPT)
[2026-09-18T15:51:24.175848Z] Closed probe-001 via receipt
[2026-09-18T15:51:24.186651Z] === Cycle complete, pending=1 ===
[2026-09-18T15:51:54.192967Z] === Watch cycle start ===
[2026-09-18T15:51:54.239677Z] Registered new inbound task: probe-001
[2026-09-18T15:51:54.269785Z] Closed probe probe-001 (RECEIPT)
[2026-09-18T15:51:54.315376Z] Closed probe-001 via receipt
[2026-09-18T15:51:54.358591Z] === Cycle complete, pending=1 ===
[2026-09-18T15:52:24.423702Z] === Watch cycle start ===
[2026-09-18T15:52:24.453976Z] Registered new inbound task: probe-001
[2026-09-18T15:52:24.459322Z] Closed probe probe-001 (RECEIPT)
[2026-09-18T15:52:24.460474Z] Closed probe-001 via receipt
[2026-09-18T15:52:24.462657Z] === Cycle complete, pending=1 ===
[2026-09-18T15:52:54.468518Z] === Watch cycle start ===
[2026-09-18T15:52:54.516042Z] Registered new inbound task: probe-001
[2026-09-18T15:52:54.535816Z] Closed probe probe-001 (RECEIPT)
[2026-09-18T15:52:54.547338Z] Closed probe-001 via receipt
[2026-09-18T15:52:54.568652Z] === Cycle complete, pending=1 ===
[2026-09-18T15:53:24.583776Z] === Watch cycle start ===
[2026-09-18T15:53:24.609041Z] Registered new inbound task: probe-001
[2026-09-18T15:53:24.610862Z] Closed probe probe-001 (RECEIPT)
[2026-09-18T15:53:24.612914Z] Closed probe-001 via receipt
[2026-09-18T15:53:24.615603Z] === Cycle complete, pending=1 ===
[2026-09-18T15:53:54.639402Z] === Watch cycle start ===
[2026-09-18T15:53:54.658699Z] Registered new inbound task: probe-001
[2026-09-18T15:53:54.675146Z] Closed probe probe-001 (RECEIPT)
[2026-09-18T15:53:54.675760Z] Closed probe-001 via receipt
[2026-09-18T15:53:54.686239Z] === Cycle complete, pending=1 ===
[2026-09-18T15:54:24.724809Z] === Watch cycle start ===
[2026-09-18T15:54:24.764558Z] Registered new inbound task: probe-001
[2026-09-18T15:54:24.797344Z] Closed probe probe-001 (RECEIPT)
[2026-09-18T15:54:24.808381Z] Closed probe-001 via receipt
[2026-09-18T15:54:24.824809Z] === Cycle complete, pending=1 ===
[2026-09-18T15:54:54.941407Z] === Watch cycle start ===
[2026-09-18T15:54:55.274466Z] Registered new inbound task: probe-001
[2026-09-18T15:54:55.353302Z] Closed probe probe-001 (RECEIPT)
[2026-09-18T15:54:55.471887Z] Closed probe-001 via receipt
[2026-09-18T15:54:55.527850Z] === Cycle complete, pending=1 ===
[2026-09-18T15:55:25.766936Z] === Watch cycle start ===
[2026-09-18T15:55:26.256011Z] Registered new inbound task: probe-001
[2026-09-18T15:55:26.520026Z] Closed probe probe-001 (RECEIPT)
[2026-09-18T15:55:26.840045Z] Closed probe-001 via receipt
[2026-09-18T15:55:27.210901Z] === Cycle complete, pending=1 ===
[2026-09-18T15:55:57.560030Z] === Watch cycle start ===
[2026-09-18T15:55:57.750213Z] Registered new inbound task: probe-001
[2026-09-18T15:55:57.903766Z] Closed probe probe-001 (RECEIPT)
[2026-09-18T15:55:58.091087Z] Closed probe-001 via receipt
[2026-09-18T15:55:58.192295Z] === Cycle complete, pending=1 ===
[2026-09-18T15:56:28.384827Z] === Watch cycle start ===
[2026-09-18T15:56:28.456018Z] Registered new inbound task: probe-001
[2026-09-18T15:56:28.510867Z] Closed probe probe-001 (RECEIPT)
[2026-09-18T15:56:28.543456Z] Closed probe-001 via receipt
[2026-09-18T15:56:28.562761Z] === Cycle complete, pending=1 ===
[2026-09-18T15:56:58.626576Z] === Watch cycle start ===
[2026-09-18T15:56:58.695936Z] Registered new inbound task: probe-001
[2026-09-18T15:56:58.700614Z] Closed probe probe-001 (RECEIPT)
[2026-09-18T15:56:58.702746Z] Closed probe-001 via receipt
[2026-09-18T15:56:58.707461Z] === Cycle complete, pending=1 ===
[2026-09-18T15:57:28.722428Z] === Watch cycle start ===
[2026-09-18T15:57:28.729021Z] Registered new inbound task: probe-001
[2026-09-18T15:57:28.732066Z] Closed probe probe-001 (RECEIPT)
[2026-09-18T15:57:28.733958Z] Closed probe-001 via receipt
[2026-09-18T15:57:28.743112Z] === Cycle complete, pending=1 ===
[2026-09-18T15:57:58.817878Z] === Watch cycle start ===
[2026-09-18T15:57:58.987096Z] Registered new inbound task: probe-001
[2026-09-18T15:57:59.070346Z] Closed probe probe-001 (RECEIPT)
[2026-09-18T15:57:59.131043Z] Closed probe-001 via receipt
[2026-09-18T15:57:59.280052Z] === Cycle complete, pending=1 ===
[2026-09-18T15:58:29.644773Z] === Watch cycle start ===
[2026-09-18T15:58:29.937472Z] Registered new inbound task: probe-001
[2026-09-18T15:58:30.234082Z] Closed probe probe-001 (RECEIPT)
[2026-09-18T15:58:30.469931Z] Closed probe-001 via receipt
[2026-09-18T15:58:30.664567Z] === Cycle complete, pending=1 ===
[2026-09-18T15:59:00.932856Z] === Watch cycle start ===
[2026-09-18T15:59:01.013988Z] Registered new inbound task: probe-001
[2026-09-18T15:59:01.044266Z] Closed probe probe-001 (RECEIPT)
[2026-09-18T15:59:01.096002Z] Closed probe-001 via receipt
[2026-09-18T15:59:01.133347Z] === Cycle complete, pending=1 ===
[2026-09-18T15:59:31.142168Z] === Watch cycle start ===
[2026-09-18T15:59:31.161698Z] Registered new inbound task: probe-001
[2026-09-18T15:59:31.200655Z] Closed probe probe-001 (RECEIPT)
[2026-09-18T15:59:31.207968Z] Closed probe-001 via receipt
[2026-09-18T15:59:31.217241Z] === Cycle complete, pending=1 ===
[2026-09-18T16:00:01.264257Z] === Watch cycle start ===
[2026-09-18T16:00:01.314703Z] Registered new inbound task: probe-001
[2026-09-18T16:00:01.376186Z] Closed probe probe-001 (RECEIPT)
[2026-09-18T16:00:01.419000Z] Closed probe-001 via receipt
[2026-09-18T16:00:01.450804Z] === Cycle complete, pending=1 ===
[2026-09-18T16:00:31.499730Z] === Watch cycle start ===
[2026-09-18T16:00:31.510302Z] Registered new inbound task: probe-001
[2026-09-18T16:00:31.515860Z] Closed probe probe-001 (RECEIPT)
[2026-09-18T16:00:31.532925Z] Closed probe-001 via receipt
[2026-09-18T16:00:31.548681Z] === Cycle complete, pending=1 ===
[2026-09-18T16:01:01.570142Z] === Watch cycle start ===
[2026-09-18T16:01:01.597447Z] Registered new inbound task: probe-001
[2026-09-18T16:01:01.609106Z] Closed probe probe-001 (RECEIPT)
[2026-09-18T16:01:01.619438Z] Closed probe-001 via receipt
[2026-09-18T16:01:01.625704Z] === Cycle complete, pending=1 ===
[2026-09-18T16:01:31.644809Z] === Watch cycle start ===
[2026-09-18T16:01:31.694669Z] Registered new inbound task: probe-001
[2026-09-18T16:01:31.725458Z] Closed probe probe-001 (RECEIPT)
[2026-09-18T16:01:31.733687Z] Closed probe-001 via receipt
[2026-09-18T16:01:31.770575Z] === Cycle complete, pending=1 ===
[2026-09-18T16:02:01.807897Z] === Watch cycle start ===
[2026-09-18T16:02:01.832791Z] Registered new inbound task: probe-001
[2026-09-18T16:02:01.849261Z] Closed probe probe-001 (RECEIPT)
[2026-09-18T16:02:01.859695Z] Closed probe-001 via receipt
[2026-09-18T16:02:01.866517Z] === Cycle complete, pending=1 ===
[2026-09-18T16:02:31.907192Z] === Watch cycle start ===
[2026-09-18T16:02:31.994131Z] Registered new inbound task: probe-001
[2026-09-18T16:02:32.023768Z] Closed probe probe-001 (RECEIPT)
[2026-09-18T16:02:32.055271Z] Closed probe-001 via receipt
[2026-09-18T16:02:32.076737Z] === Cycle complete, pending=1 ===
[2026-09-18T16:03:02.134763Z] === Watch cycle start ===
[2026-09-18T16:03:02.365821Z] Registered new inbound task: probe-001
[2026-09-18T16:03:02.685567Z] Closed probe probe-001 (RECEIPT)
[2026-09-18T16:03:02.851831Z] Closed probe-001 via receipt
[2026-09-18T16:03:03.011147Z] === Cycle complete, pending=1 ===
[2026-09-18T16:03:33.181132Z] === Watch cycle start ===
[2026-09-18T16:03:33.302109Z] Registered new inbound task: probe-001
[2026-09-18T16:03:33.399121Z] Closed probe probe-001 (RECEIPT)
[2026-09-18T16:03:33.466612Z] Closed probe-001 via receipt
[2026-09-18T16:03:33.539295Z] === Cycle complete, pending=1 ===
[2026-09-18T16:04:03.644527Z] === Watch cycle start ===
[2026-09-18T16:04:03.797667Z] Registered new inbound task: probe-001
[2026-09-18T16:04:03.886289Z] Closed probe probe-001 (RECEIPT)
[2026-09-18T16:04:03.992301Z] Closed probe-001 via receipt
[2026-09-18T16:04:04.060615Z] === Cycle complete, pending=1 ===
[2026-09-18T16:04:34.217613Z] === Watch cycle start ===
[2026-09-18T16:04:34.454576Z] Registered new inbound task: probe-001
[2026-09-18T16:04:34.686775Z] Closed probe probe-001 (RECEIPT)
[2026-09-18T16:04:34.880124Z] Closed probe-001 via receipt
[2026-09-18T16:04:35.201434Z] === Cycle complete, pending=1 ===
[2026-09-18T16:05:05.419800Z] === Watch cycle start ===
[2026-09-18T16:05:05.557306Z] Registered new inbound task: probe-001
[2026-09-18T16:05:05.676123Z] Closed probe probe-001 (RECEIPT)
[2026-09-18T16:05:05.749572Z] Closed probe-001 via receipt
[2026-09-18T16:05:05.833415Z] === Cycle complete, pending=1 ===
[2026-09-18T16:05:36.007522Z] === Watch cycle start ===
[2026-09-18T16:05:36.293291Z] Registered new inbound task: probe-001
[2026-09-18T16:05:36.510133Z] Closed probe probe-001 (RECEIPT)
[2026-09-18T16:05:36.613459Z] Closed probe-001 via receipt
[2026-09-18T16:05:36.756491Z] === Cycle complete, pending=1 ===
[2026-09-18T16:06:06.927141Z] === Watch cycle start ===
[2026-09-18T16:06:07.257942Z] Registered new inbound task: probe-001
[2026-09-18T16:06:07.421859Z] Closed probe probe-001 (RECEIPT)
[2026-09-18T16:06:07.479377Z] Closed probe-001 via receipt
[2026-09-18T16:06:07.574912Z] === Cycle complete, pending=1 ===
[2026-09-18T16:06:37.744940Z] === Watch cycle start ===
[2026-09-18T16:06:37.926524Z] Registered new inbound task: probe-001
[2026-09-18T16:06:38.022626Z] Closed probe probe-001 (RECEIPT)
[2026-09-18T16:06:38.086674Z] Closed probe-001 via receipt
[2026-09-18T16:06:38.164128Z] === Cycle complete, pending=1 ===
[2026-09-18T16:07:08.256541Z] === Watch cycle start ===
[2026-09-18T16:07:08.590601Z] Registered new inbound task: probe-001
[2026-09-18T16:07:08.733865Z] Closed probe probe-001 (RECEIPT)
[2026-09-18T16:07:08.827317Z] Closed probe-001 via receipt
[2026-09-18T16:07:08.938690Z] === Cycle complete, pending=1 ===
[2026-09-18T16:07:39.116786Z] === Watch cycle start ===
[2026-09-18T16:07:39.262183Z] Registered new inbound task: probe-001
[2026-09-18T16:07:39.339077Z] Closed probe probe-001 (RECEIPT)
[2026-09-18T16:07:39.419423Z] Closed probe-001 via receipt
[2026-09-18T16:07:39.523875Z] === Cycle complete, pending=1 ===
[2026-09-18T16:08:09.663782Z] === Watch cycle start ===
[2026-09-18T16:08:09.804119Z] Registered new inbound task: probe-001
[2026-09-18T16:08:09.924697Z] Closed probe probe-001 (RECEIPT)
[2026-09-18T16:08:09.987424Z] Closed probe-001 via receipt
[2026-09-18T16:08:10.090950Z] === Cycle complete, pending=1 ===
[2026-09-18T16:08:40.239315Z] === Watch cycle start ===
[2026-09-18T16:08:40.322175Z] Registered new inbound task: probe-001
[2026-09-18T16:08:40.375015Z] Closed probe probe-001 (RECEIPT)
[2026-09-18T16:08:40.410346Z] Closed probe-001 via receipt
[2026-09-18T16:08:40.441767Z] === Cycle complete, pending=1 ===
[2026-09-18T16:09:10.505584Z] === Watch cycle start ===
[2026-09-18T16:09:10.563315Z] Registered new inbound task: probe-001
[2026-09-18T16:09:10.586353Z] Closed probe probe-001 (RECEIPT)
[2026-09-18T16:09:10.597042Z] Closed probe-001 via receipt
[2026-09-18T16:09:10.618852Z] === Cycle complete, pending=1 ===
[2026-09-18T16:09:40.658050Z] === Watch cycle start ===
[2026-09-18T16:09:40.748758Z] Registered new inbound task: probe-001
[2026-09-18T16:09:40.828019Z] Closed probe probe-001 (RECEIPT)
[2026-09-18T16:09:40.872229Z] Closed probe-001 via receipt
[2026-09-18T16:09:40.887120Z] === Cycle complete, pending=1 ===
[2026-09-18T16:10:10.939086Z] === Watch cycle start ===
[2026-09-18T16:10:10.949159Z] Registered new inbound task: probe-001
[2026-09-18T16:10:10.951372Z] Closed probe probe-001 (RECEIPT)
[2026-09-18T16:10:10.953968Z] Closed probe-001 via receipt
[2026-09-18T16:10:10.965690Z] === Cycle complete, pending=1 ===
[2026-09-18T16:10:40.972911Z] === Watch cycle start ===
[2026-09-18T16:10:40.986647Z] Registered new inbound task: probe-001
[2026-09-18T16:10:40.996453Z] Closed probe probe-001 (RECEIPT)
[2026-09-18T16:10:40.997996Z] Closed probe-001 via receipt
[2026-09-18T16:10:40.999795Z] === Cycle complete, pending=1 ===
[2026-09-18T16:11:11.001095Z] === Watch cycle start ===
[2026-09-18T16:11:11.006972Z] Registered new inbound task: probe-001
[2026-09-18T16:11:11.009207Z] Closed probe probe-001 (RECEIPT)
[2026-09-18T16:11:11.014203Z] Closed probe-001 via receipt
[2026-09-18T16:11:11.029249Z] === Cycle complete, pending=1 ===
[2026-09-18T16:11:41.043087Z] === Watch cycle start ===
[2026-09-18T16:11:41.048749Z] Registered new inbound task: probe-001
[2026-09-18T16:11:41.050383Z] Closed probe probe-001 (RECEIPT)
[2026-09-18T16:11:41.051046Z] Closed probe-001 via receipt
[2026-09-18T16:11:41.052490Z] === Cycle complete, pending=1 ===
[2026-09-18T16:12:11.072003Z] === Watch cycle start ===
[2026-09-18T16:12:11.163220Z] Registered new inbound task: probe-001
[2026-09-18T16:12:11.240381Z] Closed probe probe-001 (RECEIPT)
[2026-09-18T16:12:11.263025Z] Closed probe-001 via receipt
[2026-09-18T16:12:11.270324Z] === Cycle complete, pending=1 ===
[2026-09-18T16:12:41.285478Z] === Watch cycle start ===
[2026-09-18T16:12:41.321265Z] Registered new inbound task: probe-001
[2026-09-18T16:12:41.329649Z] Closed probe probe-001 (RECEIPT)
[2026-09-18T16:12:41.361096Z] Closed probe-001 via receipt
[2026-09-18T16:12:41.367568Z] === Cycle complete, pending=1 ===
[2026-09-18T16:13:11.386908Z] === Watch cycle start ===
[2026-09-18T16:13:11.462507Z] Registered new inbound task: probe-001
[2026-09-18T16:13:11.491529Z] Closed probe probe-001 (RECEIPT)
[2026-09-18T16:13:11.558884Z] Closed probe-001 via receipt
[2026-09-18T16:13:11.611914Z] === Cycle complete, pending=1 ===
[2026-09-18T16:13:41.689368Z] === Watch cycle start ===
[2026-09-18T16:13:41.709046Z] Registered new inbound task: probe-001
[2026-09-18T16:13:41.745488Z] Closed probe probe-001 (RECEIPT)
[2026-09-18T16:13:41.769447Z] Closed probe-001 via receipt
[2026-09-18T16:13:41.792286Z] === Cycle complete, pending=1 ===
[2026-09-18T16:14:11.837397Z] === Watch cycle start ===
[2026-09-18T16:14:11.868549Z] Registered new inbound task: probe-001
[2026-09-18T16:14:11.876635Z] Closed probe probe-001 (RECEIPT)
[2026-09-18T16:14:11.878784Z] Closed probe-001 via receipt
[2026-09-18T16:14:11.880010Z] === Cycle complete, pending=1 ===
[2026-09-18T16:14:41.929130Z] === Watch cycle start ===
[2026-09-18T16:14:42.179395Z] Registered new inbound task: probe-001
[2026-09-18T16:14:42.328512Z] Closed probe probe-001 (RECEIPT)
[2026-09-18T16:14:42.516016Z] Closed probe-001 via receipt
[2026-09-18T16:14:42.734664Z] === Cycle complete, pending=1 ===
[2026-09-18T16:15:12.828565Z] === Watch cycle start ===
[2026-09-18T16:15:12.876974Z] Registered new inbound task: probe-001
[2026-09-18T16:15:12.890959Z] Closed probe probe-001 (RECEIPT)
[2026-09-18T16:15:12.902810Z] Closed probe-001 via receipt
[2026-09-18T16:15:12.937451Z] === Cycle complete, pending=1 ===
[2026-09-18T16:15:42.989960Z] === Watch cycle start ===
[2026-09-18T16:15:43.028521Z] Registered new inbound task: probe-001
[2026-09-18T16:15:43.043944Z] Closed probe probe-001 (RECEIPT)
[2026-09-18T16:15:43.060541Z] Closed probe-001 via receipt
[2026-09-18T16:15:43.065351Z] === Cycle complete, pending=1 ===
[2026-09-18T16:16:13.082936Z] === Watch cycle start ===
[2026-09-18T16:16:13.089660Z] Registered new inbound task: probe-001
[2026-09-18T16:16:13.091700Z] Closed probe probe-001 (RECEIPT)
[2026-09-18T16:16:13.093841Z] Closed probe-001 via receipt
[2026-09-18T16:16:13.095278Z] === Cycle complete, pending=1 ===
[2026-09-18T16:16:43.155532Z] === Watch cycle start ===
[2026-09-18T16:16:43.381141Z] Registered new inbound task: probe-001
[2026-09-18T16:16:43.589450Z] Closed probe probe-001 (RECEIPT)
[2026-09-18T16:16:43.732310Z] Closed probe-001 via receipt
[2026-09-18T16:16:43.924985Z] === Cycle complete, pending=1 ===
[2026-09-18T16:17:14.132986Z] === Watch cycle start ===
[2026-09-18T16:17:14.198081Z] Registered new inbound task: probe-001
[2026-09-18T16:17:14.234000Z] Closed probe probe-001 (RECEIPT)
[2026-09-18T16:17:14.269134Z] Closed probe-001 via receipt
[2026-09-18T16:17:14.317309Z] === Cycle complete, pending=1 ===
[2026-09-18T16:17:44.346815Z] === Watch cycle start ===
[2026-09-18T16:17:44.426533Z] Registered new inbound task: probe-001
[2026-09-18T16:17:44.520316Z] Closed probe probe-001 (RECEIPT)
[2026-09-18T16:17:44.549883Z] Closed probe-001 via receipt
[2026-09-18T16:17:44.662487Z] === Cycle complete, pending=1 ===
[2026-09-18T16:18:14.737952Z] === Watch cycle start ===
[2026-09-18T16:18:14.757660Z] Registered new inbound task: probe-001
[2026-09-18T16:18:14.759640Z] Closed probe probe-001 (RECEIPT)
[2026-09-18T16:18:14.760805Z] Closed probe-001 via receipt
[2026-09-18T16:18:14.766210Z] === Cycle complete, pending=1 ===
[2026-09-18T16:18:44.815550Z] === Watch cycle start ===
[2026-09-18T16:18:44.831782Z] Registered new inbound task: probe-001
[2026-09-18T16:18:44.836986Z] Closed probe probe-001 (RECEIPT)
[2026-09-18T16:18:44.846334Z] Closed probe-001 via receipt
[2026-09-18T16:18:44.859208Z] === Cycle complete, pending=1 ===
[2026-09-18T16:19:14.878066Z] === Watch cycle start ===
[2026-09-18T16:19:14.896512Z] Registered new inbound task: probe-001
[2026-09-18T16:19:14.908958Z] Closed probe probe-001 (RECEIPT)
[2026-09-18T16:19:14.919229Z] Closed probe-001 via receipt
[2026-09-18T16:19:14.938125Z] === Cycle complete, pending=1 ===
[2026-09-18T16:19:44.979287Z] === Watch cycle start ===
[2026-09-18T16:19:44.996191Z] Registered new inbound task: probe-001
[2026-09-18T16:19:45.016008Z] Closed probe probe-001 (RECEIPT)
[2026-09-18T16:19:45.019897Z] Closed probe-001 via receipt
[2026-09-18T16:19:45.036561Z] === Cycle complete, pending=1 ===
[2026-09-18T16:20:15.076430Z] === Watch cycle start ===
[2026-09-18T16:20:15.186135Z] Registered new inbound task: probe-001
[2026-09-18T16:20:15.230486Z] Closed probe probe-001 (RECEIPT)
[2026-09-18T16:20:15.244434Z] Closed probe-001 via receipt
[2026-09-18T16:20:15.272942Z] === Cycle complete, pending=1 ===
[2026-09-18T16:20:45.358472Z] === Watch cycle start ===
[2026-09-18T16:20:45.481746Z] Registered new inbound task: probe-001
[2026-09-18T16:20:45.611990Z] Closed probe probe-001 (RECEIPT)
[2026-09-18T16:20:45.721104Z] Closed probe-001 via receipt
[2026-09-18T16:20:45.810630Z] === Cycle complete, pending=1 ===
[2026-09-18T16:21:15.921990Z] === Watch cycle start ===
[2026-09-18T16:21:15.957536Z] Registered new inbound task: probe-001
[2026-09-18T16:21:15.969152Z] Closed probe probe-001 (RECEIPT)
[2026-09-18T16:21:15.976210Z] Closed probe-001 via receipt
[2026-09-18T16:21:15.988489Z] === Cycle complete, pending=1 ===
[2026-09-18T16:21:46.007329Z] === Watch cycle start ===
[2026-09-18T16:21:46.053713Z] Registered new inbound task: probe-001
[2026-09-18T16:21:46.078112Z] Closed probe probe-001 (RECEIPT)
[2026-09-18T16:21:46.141215Z] Closed probe-001 via receipt
[2026-09-18T16:21:46.189613Z] === Cycle complete, pending=1 ===
[2026-09-18T16:22:16.236282Z] === Watch cycle start ===
[2026-09-18T16:22:16.367711Z] Registered new inbound task: probe-001
[2026-09-18T16:22:16.409128Z] Closed probe probe-001 (RECEIPT)
[2026-09-18T16:22:16.468889Z] Closed probe-001 via receipt
[2026-09-18T16:22:16.485790Z] === Cycle complete, pending=1 ===
[2026-09-18T16:22:46.715575Z] === Watch cycle start ===
[2026-09-18T16:22:46.979939Z] Registered new inbound task: probe-001
[2026-09-18T16:22:47.167884Z] Closed probe probe-001 (RECEIPT)
[2026-09-18T16:22:47.210797Z] Closed probe-001 via receipt
[2026-09-18T16:22:47.289229Z] === Cycle complete, pending=1 ===
[2026-09-18T16:23:17.755209Z] === Watch cycle start ===
[2026-09-18T16:23:17.936220Z] Registered new inbound task: probe-001
[2026-09-18T16:23:17.938630Z] Closed probe probe-001 (RECEIPT)
[2026-09-18T16:23:17.940148Z] Closed probe-001 via receipt
[2026-09-18T16:23:17.941165Z] STALE: soak-001 past deadline + 30min grace
[2026-09-18T16:23:17.943083Z] === Cycle complete, pending=0 ===
[2026-09-18T16:23:47.985037Z] === Watch cycle start ===
[2026-09-18T16:23:48.109138Z] Registered new inbound task: probe-001
[2026-09-18T16:23:48.110503Z] Registered new inbound task: soak-001
[2026-09-18T16:23:48.114049Z] Closed probe probe-001 (RECEIPT)
[2026-09-18T16:23:48.115086Z] Closed probe-001 via receipt
[2026-09-18T16:23:48.117042Z] === Cycle complete, pending=1 ===
[2026-09-18T16:24:18.141385Z] === Watch cycle start ===
[2026-09-18T16:24:18.293868Z] Registered new inbound task: probe-001
[2026-09-18T16:24:18.428388Z] Closed probe probe-001 (RECEIPT)
[2026-09-18T16:24:18.491478Z] Closed probe-001 via receipt
[2026-09-18T16:24:18.560014Z] === Cycle complete, pending=1 ===
[2026-09-18T16:24:48.633476Z] === Watch cycle start ===
[2026-09-18T16:24:48.681394Z] Registered new inbound task: probe-001
[2026-09-18T16:24:48.684519Z] Closed probe probe-001 (RECEIPT)
[2026-09-18T16:24:48.686577Z] Closed probe-001 via receipt
[2026-09-18T16:24:48.689177Z] === Cycle complete, pending=1 ===
[2026-09-18T16:25:18.738640Z] === Watch cycle start ===
[2026-09-18T16:25:18.811260Z] Registered new inbound task: probe-001
[2026-09-18T16:25:18.815918Z] Closed probe probe-001 (RECEIPT)
[2026-09-18T16:25:18.817575Z] Closed probe-001 via receipt
[2026-09-18T16:25:18.820693Z] === Cycle complete, pending=1 ===
[2026-09-18T16:25:48.859304Z] === Watch cycle start ===
[2026-09-18T16:25:48.980948Z] Registered new inbound task: probe-001
[2026-09-18T16:25:49.020185Z] Closed probe probe-001 (RECEIPT)
[2026-09-18T16:25:49.067263Z] Closed probe-001 via receipt
[2026-09-18T16:25:49.118670Z] === Cycle complete, pending=1 ===
[2026-09-18T16:26:19.238533Z] === Watch cycle start ===
[2026-09-18T16:26:19.382557Z] Registered new inbound task: probe-001
[2026-09-18T16:26:19.466623Z] Closed probe probe-001 (RECEIPT)
[2026-09-18T16:26:19.576812Z] Closed probe-001 via receipt
[2026-09-18T16:26:19.663887Z] === Cycle complete, pending=1 ===
[2026-09-18T16:26:49.726620Z] === Watch cycle start ===
[2026-09-18T16:26:49.846153Z] Registered new inbound task: probe-001
[2026-09-18T16:26:49.879077Z] Closed probe probe-001 (RECEIPT)
[2026-09-18T16:26:49.922913Z] Closed probe-001 via receipt
[2026-09-18T16:26:49.927752Z] === Cycle complete, pending=1 ===
[2026-09-18T16:27:19.976611Z] === Watch cycle start ===
[2026-09-18T16:27:20.215758Z] Registered new inbound task: probe-001
[2026-09-18T16:27:20.292315Z] Closed probe probe-001 (RECEIPT)
[2026-09-18T16:27:20.335925Z] Closed probe-001 via receipt
[2026-09-18T16:27:20.402259Z] === Cycle complete, pending=1 ===
[2026-09-18T16:27:50.525857Z] === Watch cycle start ===
[2026-09-18T16:27:50.731828Z] Registered new inbound task: probe-001
[2026-09-18T16:27:50.826620Z] Closed probe probe-001 (RECEIPT)
[2026-09-18T16:27:50.911187Z] Closed probe-001 via receipt
[2026-09-18T16:27:50.970661Z] === Cycle complete, pending=1 ===
[2026-09-18T16:28:21.125524Z] === Watch cycle start ===
[2026-09-18T16:28:21.208562Z] Registered new inbound task: probe-001
[2026-09-18T16:28:21.239621Z] Closed probe probe-001 (RECEIPT)
[2026-09-18T16:28:21.286292Z] Closed probe-001 via receipt
[2026-09-18T16:28:21.368609Z] === Cycle complete, pending=1 ===
[2026-09-18T16:28:51.567573Z] === Watch cycle start ===
[2026-09-18T16:28:51.743133Z] Registered new inbound task: probe-001
[2026-09-18T16:28:51.870190Z] Closed probe probe-001 (RECEIPT)
[2026-09-18T16:28:51.945347Z] Closed probe-001 via receipt
[2026-09-18T16:28:51.991033Z] === Cycle complete, pending=1 ===
[2026-09-18T16:29:22.086442Z] === Watch cycle start ===
[2026-09-18T16:29:22.226695Z] Registered new inbound task: probe-001
[2026-09-18T16:29:22.263913Z] Closed probe probe-001 (RECEIPT)
[2026-09-18T16:29:22.323755Z] Closed probe-001 via receipt
[2026-09-18T16:29:22.381447Z] === Cycle complete, pending=1 ===
[2026-09-18T16:29:52.440593Z] === Watch cycle start ===
[2026-09-18T16:29:52.578194Z] Registered new inbound task: probe-001
[2026-09-18T16:29:52.668427Z] Closed probe probe-001 (RECEIPT)
[2026-09-18T16:29:52.758860Z] Closed probe-001 via receipt
[2026-09-18T16:29:52.779934Z] === Cycle complete, pending=1 ===
[2026-09-18T16:30:22.853009Z] === Watch cycle start ===
[2026-09-18T16:30:22.917382Z] Registered new inbound task: probe-001
[2026-09-18T16:30:23.027873Z] Closed probe probe-001 (RECEIPT)
[2026-09-18T16:30:23.074775Z] Closed probe-001 via receipt
[2026-09-18T16:30:23.151830Z] === Cycle complete, pending=1 ===
[2026-09-18T16:30:53.230624Z] === Watch cycle start ===
[2026-09-18T16:30:53.323870Z] Registered new inbound task: probe-001
[2026-09-18T16:30:53.374965Z] Closed probe probe-001 (RECEIPT)
[2026-09-18T16:30:53.407261Z] Closed probe-001 via receipt
[2026-09-18T16:30:53.460062Z] === Cycle complete, pending=1 ===
[2026-09-18T16:31:23.587285Z] === Watch cycle start ===
[2026-09-18T16:31:23.891694Z] Registered new inbound task: probe-001
[2026-09-18T16:31:23.998072Z] Closed probe probe-001 (RECEIPT)
[2026-09-18T16:31:24.104102Z] Closed probe-001 via receipt
[2026-09-18T16:31:24.227547Z] === Cycle complete, pending=1 ===
[2026-09-18T16:31:54.375267Z] === Watch cycle start ===
[2026-09-18T16:31:54.449085Z] Registered new inbound task: probe-001
[2026-09-18T16:31:54.492044Z] Closed probe probe-001 (RECEIPT)
[2026-09-18T16:31:54.551367Z] Closed probe-001 via receipt
[2026-09-18T16:31:54.605577Z] === Cycle complete, pending=1 ===
[2026-09-18T16:32:24.727183Z] === Watch cycle start ===
[2026-09-18T16:32:24.987952Z] Registered new inbound task: probe-001
[2026-09-18T16:32:25.047508Z] Closed probe probe-001 (RECEIPT)
[2026-09-18T16:32:25.144884Z] Closed probe-001 via receipt
[2026-09-18T16:32:25.218728Z] === Cycle complete, pending=1 ===
[2026-09-18T16:32:55.544289Z] === Watch cycle start ===
[2026-09-18T16:32:55.716164Z] Registered new inbound task: probe-001
[2026-09-18T16:32:55.785165Z] Closed probe probe-001 (RECEIPT)
[2026-09-18T16:32:55.876439Z] Closed probe-001 via receipt
[2026-09-18T16:32:55.917515Z] === Cycle complete, pending=1 ===
[2026-09-18T16:33:26.013647Z] === Watch cycle start ===
[2026-09-18T16:33:26.141828Z] Registered new inbound task: probe-001
[2026-09-18T16:33:26.221441Z] Closed probe probe-001 (RECEIPT)
[2026-09-18T16:33:26.338985Z] Closed probe-001 via receipt
[2026-09-18T16:33:26.395177Z] === Cycle complete, pending=1 ===
[2026-09-18T16:33:56.469144Z] === Watch cycle start ===
[2026-09-18T16:33:56.477680Z] Registered new inbound task: probe-001
[2026-09-18T16:33:56.497299Z] Closed probe probe-001 (RECEIPT)
[2026-09-18T16:33:56.511012Z] Closed probe-001 via receipt
[2026-09-18T16:33:56.516081Z] === Cycle complete, pending=1 ===
[2026-09-18T16:34:26.552260Z] === Watch cycle start ===
[2026-09-18T16:34:26.711272Z] Registered new inbound task: probe-001
[2026-09-18T16:34:26.762636Z] Closed probe probe-001 (RECEIPT)
[2026-09-18T16:34:26.824240Z] Closed probe-001 via receipt
[2026-09-18T16:34:26.889356Z] === Cycle complete, pending=1 ===
[2026-09-18T16:34:56.947330Z] === Watch cycle start ===
[2026-09-18T16:34:57.068862Z] Registered new inbound task: probe-001
[2026-09-18T16:34:57.118798Z] Closed probe probe-001 (RECEIPT)
[2026-09-18T16:34:57.156907Z] Closed probe-001 via receipt
[2026-09-18T16:34:57.186337Z] === Cycle complete, pending=1 ===
[2026-09-18T16:35:27.247352Z] === Watch cycle start ===
[2026-09-18T16:35:27.408503Z] Registered new inbound task: probe-001
[2026-09-18T16:35:27.470733Z] Closed probe probe-001 (RECEIPT)
[2026-09-18T16:35:27.534052Z] Closed probe-001 via receipt
[2026-09-18T16:35:27.631617Z] === Cycle complete, pending=1 ===
[2026-09-18T16:35:57.718047Z] === Watch cycle start ===
[2026-09-18T16:35:57.790959Z] Registered new inbound task: probe-001
[2026-09-18T16:35:57.823244Z] Closed probe probe-001 (RECEIPT)
[2026-09-18T16:35:57.858940Z] Closed probe-001 via receipt
[2026-09-18T16:35:57.910751Z] === Cycle complete, pending=1 ===
[2026-09-18T16:36:27.953081Z] === Watch cycle start ===
[2026-09-18T16:36:28.063955Z] Registered new inbound task: probe-001
[2026-09-18T16:36:28.110095Z] Closed probe probe-001 (RECEIPT)
[2026-09-18T16:36:28.148321Z] Closed probe-001 via receipt
[2026-09-18T16:36:28.215061Z] === Cycle complete, pending=1 ===
[2026-09-18T16:36:58.317041Z] === Watch cycle start ===
[2026-09-18T16:36:58.360596Z] Registered new inbound task: probe-001
[2026-09-18T16:36:58.377473Z] Closed probe probe-001 (RECEIPT)
[2026-09-18T16:36:58.422596Z] Closed probe-001 via receipt
[2026-09-18T16:36:58.452481Z] === Cycle complete, pending=1 ===
[2026-09-18T16:37:28.525260Z] === Watch cycle start ===
[2026-09-18T16:37:28.631113Z] Registered new inbound task: probe-001
[2026-09-18T16:37:28.666301Z] Closed probe probe-001 (RECEIPT)
[2026-09-18T16:37:28.709410Z] Closed probe-001 via receipt
[2026-09-18T16:37:28.728498Z] === Cycle complete, pending=1 ===
[2026-09-18T16:37:58.768773Z] === Watch cycle start ===
[2026-09-18T16:37:58.785362Z] Registered new inbound task: probe-001
[2026-09-18T16:37:58.790882Z] Closed probe probe-001 (RECEIPT)
[2026-09-18T16:37:58.808016Z] Closed probe-001 via receipt
[2026-09-18T16:37:58.814250Z] === Cycle complete, pending=1 ===
[2026-09-18T16:38:28.850920Z] === Watch cycle start ===
[2026-09-18T16:38:29.078318Z] Registered new inbound task: probe-001
[2026-09-18T16:38:29.191821Z] Closed probe probe-001 (RECEIPT)
[2026-09-18T16:38:29.234949Z] Closed probe-001 via receipt
[2026-09-18T16:38:29.295585Z] === Cycle complete, pending=1 ===
[2026-09-18T16:38:59.413667Z] === Watch cycle start ===
[2026-09-18T16:38:59.470046Z] Registered new inbound task: probe-001
[2026-09-18T16:38:59.552533Z] Closed probe probe-001 (RECEIPT)
[2026-09-18T16:38:59.608851Z] Closed probe-001 via receipt
[2026-09-18T16:38:59.628655Z] === Cycle complete, pending=1 ===
[2026-09-18T16:39:29.661921Z] === Watch cycle start ===
[2026-09-18T16:39:29.736278Z] Registered new inbound task: probe-001
[2026-09-18T16:39:29.763041Z] Closed probe probe-001 (RECEIPT)
[2026-09-18T16:39:29.789246Z] Closed probe-001 via receipt
[2026-09-18T16:39:29.855756Z] === Cycle complete, pending=1 ===
[2026-09-18T16:40:00.047111Z] === Watch cycle start ===
[2026-09-18T16:40:00.304101Z] Registered new inbound task: probe-001
[2026-09-18T16:40:00.407912Z] Closed probe probe-001 (RECEIPT)
[2026-09-18T16:40:00.524231Z] Closed probe-001 via receipt
[2026-09-18T16:40:00.677890Z] === Cycle complete, pending=1 ===
[2026-09-18T16:40:30.809431Z] === Watch cycle start ===
[2026-09-18T16:40:30.842351Z] Registered new inbound task: probe-001
[2026-09-18T16:40:30.852110Z] Closed probe probe-001 (RECEIPT)
[2026-09-18T16:40:30.858638Z] Closed probe-001 via receipt
[2026-09-18T16:40:30.860418Z] === Cycle complete, pending=1 ===
[2026-09-18T16:41:00.946342Z] === Watch cycle start ===
[2026-09-18T16:41:01.130137Z] Registered new inbound task: probe-001
[2026-09-18T16:41:01.190486Z] Closed probe probe-001 (RECEIPT)
[2026-09-18T16:41:01.267877Z] Closed probe-001 via receipt
[2026-09-18T16:41:01.348794Z] === Cycle complete, pending=1 ===
[2026-09-18T16:41:31.482110Z] === Watch cycle start ===
[2026-09-18T16:41:31.671146Z] Registered new inbound task: probe-001
[2026-09-18T16:41:31.758783Z] Closed probe probe-001 (RECEIPT)
[2026-09-18T16:41:31.862125Z] Closed probe-001 via receipt
[2026-09-18T16:41:31.973831Z] === Cycle complete, pending=1 ===
[2026-09-18T16:42:02.074257Z] === Watch cycle start ===
[2026-09-18T16:42:02.187473Z] Registered new inbound task: probe-001
[2026-09-18T16:42:02.238579Z] Closed probe probe-001 (RECEIPT)
[2026-09-18T16:42:02.257611Z] Closed probe-001 via receipt
[2026-09-18T16:42:02.259568Z] === Cycle complete, pending=1 ===
[2026-09-18T16:42:32.294868Z] === Watch cycle start ===
[2026-09-18T16:42:32.399087Z] Registered new inbound task: probe-001
[2026-09-18T16:42:32.509551Z] Closed probe probe-001 (RECEIPT)
[2026-09-18T16:42:32.660942Z] Closed probe-001 via receipt
[2026-09-18T16:42:32.743578Z] === Cycle complete, pending=1 ===
[2026-09-18T16:43:02.848881Z] === Watch cycle start ===
[2026-09-18T16:43:02.946894Z] Registered new inbound task: probe-001
[2026-09-18T16:43:02.993504Z] Closed probe probe-001 (RECEIPT)
[2026-09-18T16:43:03.009336Z] Closed probe-001 via receipt
[2026-09-18T16:43:03.027836Z] === Cycle complete, pending=1 ===
[2026-09-18T16:43:33.057497Z] === Watch cycle start ===
[2026-09-18T16:43:33.106837Z] Registered new inbound task: probe-001
[2026-09-18T16:43:33.147525Z] Closed probe probe-001 (RECEIPT)
[2026-09-18T16:43:33.224605Z] Closed probe-001 via receipt
[2026-09-18T16:43:33.297703Z] === Cycle complete, pending=1 ===
[2026-09-18T16:44:03.342683Z] === Watch cycle start ===
[2026-09-18T16:44:03.417442Z] Registered new inbound task: probe-001
[2026-09-18T16:44:03.458996Z] Closed probe probe-001 (RECEIPT)
[2026-09-18T16:44:03.521228Z] Closed probe-001 via receipt
[2026-09-18T16:44:03.555324Z] === Cycle complete, pending=1 ===
[2026-09-18T16:44:33.624017Z] === Watch cycle start ===
[2026-09-18T16:44:33.703575Z] Registered new inbound task: probe-001
[2026-09-18T16:44:33.776833Z] Closed probe probe-001 (RECEIPT)
[2026-09-18T16:44:33.867380Z] Closed probe-001 via receipt
[2026-09-18T16:44:33.937181Z] === Cycle complete, pending=1 ===
[2026-09-18T16:45:04.031415Z] === Watch cycle start ===
[2026-09-18T16:45:04.201129Z] Registered new inbound task: probe-001
[2026-09-18T16:45:04.240728Z] Closed probe probe-001 (RECEIPT)
[2026-09-18T16:45:04.313876Z] Closed probe-001 via receipt
[2026-09-18T16:45:04.412124Z] === Cycle complete, pending=1 ===
[2026-09-18T16:45:34.498183Z] === Watch cycle start ===
[2026-09-18T16:45:34.620517Z] Registered new inbound task: probe-001
[2026-09-18T16:45:34.682224Z] Closed probe probe-001 (RECEIPT)
[2026-09-18T16:45:34.801527Z] Closed probe-001 via receipt
[2026-09-18T16:45:34.885241Z] === Cycle complete, pending=1 ===
[2026-09-18T16:46:04.981122Z] === Watch cycle start ===
[2026-09-18T16:46:05.130493Z] Registered new inbound task: probe-001
[2026-09-18T16:46:05.171248Z] Closed probe probe-001 (RECEIPT)
[2026-09-18T16:46:05.221174Z] Closed probe-001 via receipt
[2026-09-18T16:46:05.261456Z] === Cycle complete, pending=1 ===
[2026-09-18T16:46:35.344438Z] === Watch cycle start ===
[2026-09-18T16:46:35.476221Z] Registered new inbound task: probe-001
[2026-09-18T16:46:35.577372Z] Closed probe probe-001 (RECEIPT)
[2026-09-18T16:46:35.650650Z] Closed probe-001 via receipt
[2026-09-18T16:46:35.724970Z] === Cycle complete, pending=1 ===
[2026-09-18T16:47:05.811387Z] === Watch cycle start ===
[2026-09-18T16:47:05.994457Z] Registered new inbound task: probe-001
[2026-09-18T16:47:06.099647Z] Closed probe probe-001 (RECEIPT)
[2026-09-18T16:47:06.177494Z] Closed probe-001 via receipt
[2026-09-18T16:47:06.249329Z] === Cycle complete, pending=1 ===
[2026-09-18T16:47:36.292408Z] === Watch cycle start ===
[2026-09-18T16:47:36.412464Z] Registered new inbound task: probe-001
[2026-09-18T16:47:36.510645Z] Closed probe probe-001 (RECEIPT)
[2026-09-18T16:47:36.561038Z] Closed probe-001 via receipt
[2026-09-18T16:47:36.655837Z] === Cycle complete, pending=1 ===
[2026-09-18T16:48:06.908819Z] === Watch cycle start ===
[2026-09-18T16:48:07.065750Z] Registered new inbound task: probe-001
[2026-09-18T16:48:07.141008Z] Closed probe probe-001 (RECEIPT)
[2026-09-18T16:48:07.205538Z] Closed probe-001 via receipt
[2026-09-18T16:48:07.300454Z] === Cycle complete, pending=1 ===
[2026-09-18T16:48:37.463801Z] === Watch cycle start ===
[2026-09-18T16:48:37.760881Z] Registered new inbound task: probe-001
[2026-09-18T16:48:37.961634Z] Closed probe probe-001 (RECEIPT)
[2026-09-18T16:48:38.098455Z] Closed probe-001 via receipt
[2026-09-18T16:48:38.262916Z] === Cycle complete, pending=1 ===
[2026-09-18T16:49:08.758157Z] === Watch cycle start ===
[2026-09-18T16:49:09.080400Z] Registered new inbound task: probe-001
[2026-09-18T16:49:09.198517Z] Closed probe probe-001 (RECEIPT)
[2026-09-18T16:49:09.335570Z] Closed probe-001 via receipt
[2026-09-18T16:49:09.483428Z] === Cycle complete, pending=1 ===
[2026-09-18T16:49:39.752574Z] === Watch cycle start ===
[2026-09-18T16:49:39.864151Z] Registered new inbound task: probe-001
[2026-09-18T16:49:39.954932Z] Closed probe probe-001 (RECEIPT)
[2026-09-18T16:49:40.015286Z] Closed probe-001 via receipt
[2026-09-18T16:49:40.114159Z] === Cycle complete, pending=1 ===
[2026-09-18T16:50:10.198756Z] === Watch cycle start ===
[2026-09-18T16:50:10.323731Z] Registered new inbound task: probe-001
[2026-09-18T16:50:10.396082Z] Closed probe probe-001 (RECEIPT)
[2026-09-18T16:50:10.449245Z] Closed probe-001 via receipt
[2026-09-18T16:50:10.540782Z] === Cycle complete, pending=1 ===
[2026-09-18T16:50:40.695441Z] === Watch cycle start ===
[2026-09-18T16:50:40.930850Z] Registered new inbound task: probe-001
[2026-09-18T16:50:40.992985Z] Closed probe probe-001 (RECEIPT)
[2026-09-18T16:50:41.068002Z] Closed probe-001 via receipt
[2026-09-18T16:50:41.127000Z] === Cycle complete, pending=1 ===
[2026-09-18T16:51:11.188170Z] === Watch cycle start ===
[2026-09-18T16:51:11.402274Z] Registered new inbound task: probe-001
[2026-09-18T16:51:11.632108Z] Closed probe probe-001 (RECEIPT)
[2026-09-18T16:51:11.811588Z] Closed probe-001 via receipt
[2026-09-18T16:51:11.963200Z] === Cycle complete, pending=1 ===
[2026-09-18T16:51:42.220062Z] === Watch cycle start ===
[2026-09-18T16:51:42.430159Z] Registered new inbound task: probe-001
[2026-09-18T16:51:42.506562Z] Closed probe probe-001 (RECEIPT)
[2026-09-18T16:51:42.570904Z] Closed probe-001 via receipt
[2026-09-18T16:51:42.649625Z] === Cycle complete, pending=1 ===
[2026-09-18T16:52:12.739152Z] === Watch cycle start ===
[2026-09-18T16:52:12.815292Z] Registered new inbound task: probe-001
[2026-09-18T16:52:12.988519Z] Closed probe probe-001 (RECEIPT)
[2026-09-18T16:52:13.174975Z] Closed probe-001 via receipt
[2026-09-18T16:52:13.349412Z] === Cycle complete, pending=1 ===
[2026-09-18T16:52:43.491375Z] === Watch cycle start ===
[2026-09-18T16:52:44.108194Z] Registered new inbound task: probe-001
[2026-09-18T16:52:44.302005Z] Closed probe probe-001 (RECEIPT)
[2026-09-18T16:52:44.546292Z] Closed probe-001 via receipt
[2026-09-18T16:52:44.686467Z] === Cycle complete, pending=1 ===
[2026-09-18T16:53:14.831962Z] === Watch cycle start ===
[2026-09-18T16:53:15.113321Z] Registered new inbound task: probe-001
[2026-09-18T16:53:15.230963Z] Closed probe probe-001 (RECEIPT)
[2026-09-18T16:53:15.347622Z] Closed probe-001 via receipt
[2026-09-18T16:53:15.431817Z] === Cycle complete, pending=1 ===
[2026-09-18T16:53:45.562050Z] === Watch cycle start ===
[2026-09-18T16:53:45.581299Z] Registered new inbound task: probe-001
[2026-09-18T16:53:45.589517Z] Closed probe probe-001 (RECEIPT)
[2026-09-18T16:53:45.595463Z] Closed probe-001 via receipt
[2026-09-18T16:53:45.613858Z] === Cycle complete, pending=1 ===
[2026-09-18T16:54:15.640815Z] === Watch cycle start ===
[2026-09-18T16:54:15.665517Z] Registered new inbound task: probe-001
[2026-09-18T16:54:15.682155Z] Closed probe probe-001 (RECEIPT)
[2026-09-18T16:54:15.684722Z] Closed probe-001 via receipt
[2026-09-18T16:54:15.705318Z] === Cycle complete, pending=1 ===
[2026-09-18T16:54:45.754650Z] === Watch cycle start ===
[2026-09-18T16:54:45.889043Z] Registered new inbound task: probe-001
[2026-09-18T16:54:45.995492Z] Closed probe probe-001 (RECEIPT)
[2026-09-18T16:54:46.081196Z] Closed probe-001 via receipt
[2026-09-18T16:54:46.124422Z] === Cycle complete, pending=1 ===
[2026-09-18T16:55:16.193029Z] === Watch cycle start ===
[2026-09-18T16:55:16.258822Z] Registered new inbound task: probe-001
[2026-09-18T16:55:16.298384Z] Closed probe probe-001 (RECEIPT)
[2026-09-18T16:55:16.431413Z] Closed probe-001 via receipt
[2026-09-18T16:55:16.482344Z] === Cycle complete, pending=1 ===
[2026-09-18T16:55:46.540787Z] === Watch cycle start ===
[2026-09-18T16:55:46.568177Z] Registered new inbound task: probe-001
[2026-09-18T16:55:46.675356Z] Closed probe probe-001 (RECEIPT)
[2026-09-18T16:55:46.746569Z] Closed probe-001 via receipt
[2026-09-18T16:55:46.794812Z] === Cycle complete, pending=1 ===
[2026-09-18T16:56:16.879489Z] === Watch cycle start ===
[2026-09-18T16:56:16.920960Z] Registered new inbound task: probe-001
[2026-09-18T16:56:16.931540Z] Closed probe probe-001 (RECEIPT)
[2026-09-18T16:56:16.940592Z] Closed probe-001 via receipt
[2026-09-18T16:56:16.944207Z] === Cycle complete, pending=1 ===
[2026-09-18T16:56:47.028486Z] === Watch cycle start ===
[2026-09-18T16:56:47.148963Z] Registered new inbound task: probe-001
[2026-09-18T16:56:47.237892Z] Closed probe probe-001 (RECEIPT)
[2026-09-18T16:56:47.283462Z] Closed probe-001 via receipt
[2026-09-18T16:56:47.355759Z] === Cycle complete, pending=1 ===
[2026-09-18T16:57:17.442493Z] === Watch cycle start ===
[2026-09-18T16:57:17.487817Z] Registered new inbound task: probe-001
[2026-09-18T16:57:17.495612Z] Closed probe probe-001 (RECEIPT)
[2026-09-18T16:57:17.508027Z] Closed probe-001 via receipt
[2026-09-18T16:57:17.540925Z] === Cycle complete, pending=1 ===
[2026-09-18T16:57:47.588458Z] === Watch cycle start ===
[2026-09-18T16:57:47.636088Z] Registered new inbound task: probe-001
[2026-09-18T16:57:47.650952Z] Closed probe probe-001 (RECEIPT)
[2026-09-18T16:57:47.674747Z] Closed probe-001 via receipt
[2026-09-18T16:57:47.777331Z] === Cycle complete, pending=1 ===
[2026-09-18T16:58:17.822052Z] === Watch cycle start ===
[2026-09-18T16:58:17.850353Z] Registered new inbound task: probe-001
[2026-09-18T16:58:17.872914Z] Closed probe probe-001 (RECEIPT)
[2026-09-18T16:58:17.878345Z] Closed probe-001 via receipt
[2026-09-18T16:58:17.884295Z] === Cycle complete, pending=1 ===
[2026-09-18T16:58:47.891401Z] === Watch cycle start ===
[2026-09-18T16:58:47.902184Z] Registered new inbound task: probe-001
[2026-09-18T16:58:47.906150Z] Closed probe probe-001 (RECEIPT)
[2026-09-18T16:58:47.914539Z] Closed probe-001 via receipt
[2026-09-18T16:58:47.930076Z] === Cycle complete, pending=1 ===
[2026-09-18T16:59:17.962152Z] === Watch cycle start ===
[2026-09-18T16:59:17.996719Z] Registered new inbound task: probe-001
[2026-09-18T16:59:18.010019Z] Closed probe probe-001 (RECEIPT)
[2026-09-18T16:59:18.022069Z] Closed probe-001 via receipt
[2026-09-18T16:59:18.039845Z] === Cycle complete, pending=1 ===
[2026-09-18T16:59:48.159409Z] === Watch cycle start ===
[2026-09-18T16:59:48.348629Z] Registered new inbound task: probe-001
[2026-09-18T16:59:48.452286Z] Closed probe probe-001 (RECEIPT)
[2026-09-18T16:59:48.617366Z] Closed probe-001 via receipt
[2026-09-18T16:59:48.758524Z] === Cycle complete, pending=1 ===
[2026-09-18T17:00:18.955099Z] === Watch cycle start ===
[2026-09-18T17:00:19.043967Z] Registered new inbound task: probe-001
[2026-09-18T17:00:19.089945Z] Closed probe probe-001 (RECEIPT)
[2026-09-18T17:00:19.164063Z] Closed probe-001 via receipt
[2026-09-18T17:00:19.236025Z] === Cycle complete, pending=1 ===
[2026-09-18T17:00:49.331603Z] === Watch cycle start ===
[2026-09-18T17:00:49.452454Z] Registered new inbound task: probe-001
[2026-09-18T17:00:49.505013Z] Closed probe probe-001 (RECEIPT)
[2026-09-18T17:00:49.522203Z] Closed probe-001 via receipt
[2026-09-18T17:00:49.560097Z] === Cycle complete, pending=1 ===
[2026-09-18T17:01:19.648349Z] === Watch cycle start ===
[2026-09-18T17:01:19.730476Z] Registered new inbound task: probe-001
[2026-09-18T17:01:19.865313Z] Closed probe probe-001 (RECEIPT)
[2026-09-18T17:01:19.926650Z] Closed probe-001 via receipt
[2026-09-18T17:01:20.060259Z] === Cycle complete, pending=1 ===
[2026-09-18T17:01:50.109350Z] === Watch cycle start ===
[2026-09-18T17:01:50.204222Z] Registered new inbound task: probe-001
[2026-09-18T17:01:50.259981Z] Closed probe probe-001 (RECEIPT)
[2026-09-18T17:01:50.286331Z] Closed probe-001 via receipt
[2026-09-18T17:01:50.304920Z] === Cycle complete, pending=1 ===
[2026-09-18T17:02:20.360252Z] === Watch cycle start ===
[2026-09-18T17:02:20.507000Z] Registered new inbound task: probe-001
[2026-09-18T17:02:20.531301Z] Closed probe probe-001 (RECEIPT)
[2026-09-18T17:02:20.532191Z] Closed probe-001 via receipt
[2026-09-18T17:02:20.533838Z] === Cycle complete, pending=1 ===
[2026-09-18T17:02:50.563697Z] === Watch cycle start ===
[2026-09-18T17:02:50.660712Z] Registered new inbound task: probe-001
[2026-09-18T17:02:50.743222Z] Closed probe probe-001 (RECEIPT)
[2026-09-18T17:02:50.798769Z] Closed probe-001 via receipt
[2026-09-18T17:02:50.846702Z] === Cycle complete, pending=1 ===
[2026-09-18T17:03:20.925279Z] === Watch cycle start ===
[2026-09-18T17:03:20.966692Z] Registered new inbound task: probe-001
[2026-09-18T17:03:20.978073Z] Closed probe probe-001 (RECEIPT)
[2026-09-18T17:03:20.996961Z] Closed probe-001 via receipt
[2026-09-18T17:03:21.017251Z] === Cycle complete, pending=1 ===
[2026-09-18T17:03:51.080108Z] === Watch cycle start ===
[2026-09-18T17:03:51.277197Z] Registered new inbound task: probe-001
[2026-09-18T17:03:51.432499Z] Closed probe probe-001 (RECEIPT)
[2026-09-18T17:03:51.535371Z] Closed probe-001 via receipt
[2026-09-18T17:03:51.664376Z] === Cycle complete, pending=1 ===
[2026-09-18T17:04:21.803543Z] === Watch cycle start ===
[2026-09-18T17:04:21.892863Z] Registered new inbound task: probe-001
[2026-09-18T17:04:21.918864Z] Closed probe probe-001 (RECEIPT)
[2026-09-18T17:04:21.974467Z] Closed probe-001 via receipt
[2026-09-18T17:04:22.022662Z] === Cycle complete, pending=1 ===
[2026-09-18T17:04:52.063844Z] === Watch cycle start ===
[2026-09-18T17:04:52.096992Z] Registered new inbound task: probe-001
[2026-09-18T17:04:52.107904Z] Closed probe probe-001 (RECEIPT)
[2026-09-18T17:04:52.108844Z] Closed probe-001 via receipt
[2026-09-18T17:04:52.110211Z] === Cycle complete, pending=1 ===
[2026-09-18T17:05:22.375970Z] === Watch cycle start ===
[2026-09-18T17:05:22.646350Z] Registered new inbound task: probe-001
[2026-09-18T17:05:23.204600Z] Closed probe probe-001 (RECEIPT)
[2026-09-18T17:05:23.359850Z] Closed probe-001 via receipt
[2026-09-18T17:05:23.526545Z] === Cycle complete, pending=1 ===
[2026-09-18T17:05:53.688939Z] === Watch cycle start ===
[2026-09-18T17:05:53.810177Z] Registered new inbound task: probe-001
[2026-09-18T17:05:53.903580Z] Closed probe probe-001 (RECEIPT)
[2026-09-18T17:05:53.969074Z] Closed probe-001 via receipt
[2026-09-18T17:05:54.017160Z] === Cycle complete, pending=1 ===
[2026-09-18T17:06:24.051972Z] === Watch cycle start ===
[2026-09-18T17:06:24.125897Z] Registered new inbound task: probe-001
[2026-09-18T17:06:24.174678Z] Closed probe probe-001 (RECEIPT)
[2026-09-18T17:06:24.220303Z] Closed probe-001 via receipt
[2026-09-18T17:06:24.240620Z] === Cycle complete, pending=1 ===
[2026-09-18T17:06:54.274550Z] === Watch cycle start ===
[2026-09-18T17:06:54.284793Z] Registered new inbound task: probe-001
[2026-09-18T17:06:54.289067Z] Closed probe probe-001 (RECEIPT)
[2026-09-18T17:06:54.299726Z] Closed probe-001 via receipt
[2026-09-18T17:06:54.303738Z] === Cycle complete, pending=1 ===
[2026-09-18T17:07:24.306654Z] === Watch cycle start ===
[2026-09-18T17:07:24.314809Z] Registered new inbound task: probe-001
[2026-09-18T17:07:24.321573Z] Closed probe probe-001 (RECEIPT)
[2026-09-18T17:07:24.325269Z] Closed probe-001 via receipt
[2026-09-18T17:07:24.333356Z] === Cycle complete, pending=1 ===
[2026-09-18T17:07:54.370460Z] === Watch cycle start ===
[2026-09-18T17:07:54.503766Z] Registered new inbound task: probe-001
[2026-09-18T17:07:54.524388Z] Closed probe probe-001 (RECEIPT)
[2026-09-18T17:07:54.539985Z] Closed probe-001 via receipt
[2026-09-18T17:07:54.556097Z] === Cycle complete, pending=1 ===
[2026-09-18T17:08:24.627420Z] === Watch cycle start ===
[2026-09-18T17:08:24.640396Z] Registered new inbound task: probe-001
[2026-09-18T17:08:24.645322Z] Closed probe probe-001 (RECEIPT)
[2026-09-18T17:08:24.647930Z] Closed probe-001 via receipt
[2026-09-18T17:08:24.649888Z] === Cycle complete, pending=1 ===
[2026-09-18T17:08:54.658649Z] === Watch cycle start ===
[2026-09-18T17:08:54.685032Z] Registered new inbound task: probe-001
[2026-09-18T17:08:54.725202Z] Closed probe probe-001 (RECEIPT)
[2026-09-18T17:08:54.744950Z] Closed probe-001 via receipt
[2026-09-18T17:08:54.752012Z] === Cycle complete, pending=1 ===
[2026-09-18T17:09:24.867634Z] === Watch cycle start ===
[2026-09-18T17:09:24.991214Z] Registered new inbound task: probe-001
[2026-09-18T17:09:25.107604Z] Closed probe probe-001 (RECEIPT)
[2026-09-18T17:09:25.213075Z] Closed probe-001 via receipt
[2026-09-18T17:09:25.332957Z] === Cycle complete, pending=1 ===
[2026-09-18T17:09:55.500396Z] === Watch cycle start ===
[2026-09-18T17:09:55.663398Z] Registered new inbound task: probe-001
[2026-09-18T17:09:55.798369Z] Closed probe probe-001 (RECEIPT)
[2026-09-18T17:09:56.096325Z] Closed probe-001 via receipt
[2026-09-18T17:09:56.270144Z] === Cycle complete, pending=1 ===
[2026-09-18T17:10:26.396537Z] === Watch cycle start ===
[2026-09-18T17:10:26.443486Z] Registered new inbound task: probe-001
[2026-09-18T17:10:26.450479Z] Closed probe probe-001 (RECEIPT)
[2026-09-18T17:10:26.467463Z] Closed probe-001 via receipt
[2026-09-18T17:10:26.487867Z] === Cycle complete, pending=1 ===
[2026-09-18T17:10:56.499743Z] === Watch cycle start ===
[2026-09-18T17:10:56.516004Z] Registered new inbound task: probe-001
[2026-09-18T17:10:56.521012Z] Closed probe probe-001 (RECEIPT)
[2026-09-18T17:10:56.522808Z] Closed probe-001 via receipt
[2026-09-18T17:10:56.547755Z] === Cycle complete, pending=1 ===
[2026-09-18T17:11:26.555348Z] === Watch cycle start ===
[2026-09-18T17:11:26.576210Z] Registered new inbound task: probe-001
[2026-09-18T17:11:26.606653Z] Closed probe probe-001 (RECEIPT)
[2026-09-18T17:11:26.628112Z] Closed probe-001 via receipt
[2026-09-18T17:11:26.650588Z] === Cycle complete, pending=1 ===
[2026-09-18T17:11:56.657577Z] === Watch cycle start ===
[2026-09-18T17:11:56.679495Z] Registered new inbound task: probe-001
[2026-09-18T17:11:56.681943Z] Closed probe probe-001 (RECEIPT)
[2026-09-18T17:11:56.683399Z] Closed probe-001 via receipt
[2026-09-18T17:11:56.684864Z] === Cycle complete, pending=1 ===
[2026-09-18T17:12:26.689753Z] === Watch cycle start ===
[2026-09-18T17:12:26.723924Z] Registered new inbound task: probe-001
[2026-09-18T17:12:26.728188Z] Closed probe probe-001 (RECEIPT)
[2026-09-18T17:12:26.730932Z] Closed probe-001 via receipt
[2026-09-18T17:12:26.738389Z] === Cycle complete, pending=1 ===
[2026-09-18T17:12:56.769927Z] === Watch cycle start ===
[2026-09-18T17:12:56.829677Z] Registered new inbound task: probe-001
[2026-09-18T17:12:56.864444Z] Closed probe probe-001 (RECEIPT)
[2026-09-18T17:12:56.886817Z] Closed probe-001 via receipt
[2026-09-18T17:12:56.908492Z] === Cycle complete, pending=1 ===
[2026-09-18T17:13:26.960489Z] === Watch cycle start ===
[2026-09-18T17:13:26.978233Z] Registered new inbound task: probe-001
[2026-09-18T17:13:26.980027Z] Closed probe probe-001 (RECEIPT)
[2026-09-18T17:13:26.982083Z] Closed probe-001 via receipt
[2026-09-18T17:13:26.985362Z] === Cycle complete, pending=1 ===
[2026-09-18T17:13:57.016903Z] === Watch cycle start ===
[2026-09-18T17:13:57.120371Z] Registered new inbound task: probe-001
[2026-09-18T17:13:57.152516Z] Closed probe probe-001 (RECEIPT)
[2026-09-18T17:13:57.182083Z] Closed probe-001 via receipt
[2026-09-18T17:13:57.212015Z] === Cycle complete, pending=1 ===
[2026-09-18T17:14:27.251473Z] === Watch cycle start ===
[2026-09-18T17:14:27.298751Z] Registered new inbound task: probe-001
[2026-09-18T17:14:27.300529Z] Closed probe probe-001 (RECEIPT)
[2026-09-18T17:14:27.301609Z] Closed probe-001 via receipt
[2026-09-18T17:14:27.303044Z] === Cycle complete, pending=1 ===
[2026-09-18T17:14:57.314401Z] === Watch cycle start ===
[2026-09-18T17:14:57.341195Z] Registered new inbound task: probe-001
[2026-09-18T17:14:57.343831Z] Closed probe probe-001 (RECEIPT)
[2026-09-18T17:14:57.351116Z] Closed probe-001 via receipt
[2026-09-18T17:14:57.354356Z] === Cycle complete, pending=1 ===
[2026-09-18T17:15:27.367042Z] === Watch cycle start ===
[2026-09-18T17:15:27.440835Z] Registered new inbound task: probe-001
[2026-09-18T17:15:27.496231Z] Closed probe probe-001 (RECEIPT)
[2026-09-18T17:15:27.549882Z] Closed probe-001 via receipt
[2026-09-18T17:15:27.602065Z] === Cycle complete, pending=1 ===
[2026-09-18T17:15:57.650235Z] === Watch cycle start ===
[2026-09-18T17:15:57.718382Z] Registered new inbound task: probe-001
[2026-09-18T17:15:57.739426Z] Closed probe probe-001 (RECEIPT)
[2026-09-18T17:15:57.762202Z] Closed probe-001 via receipt
[2026-09-18T17:15:57.779233Z] === Cycle complete, pending=1 ===
[2026-09-18T17:16:27.809874Z] === Watch cycle start ===
[2026-09-18T17:16:27.828664Z] Registered new inbound task: probe-001
[2026-09-18T17:16:27.853892Z] Closed probe probe-001 (RECEIPT)
[2026-09-18T17:16:27.885299Z] Closed probe-001 via receipt
[2026-09-18T17:16:27.922529Z] === Cycle complete, pending=1 ===
[2026-09-18T17:16:57.948762Z] === Watch cycle start ===
[2026-09-18T17:16:57.955970Z] Registered new inbound task: probe-001
[2026-09-18T17:16:57.961785Z] Closed probe probe-001 (RECEIPT)
[2026-09-18T17:16:57.968221Z] Closed probe-001 via receipt
[2026-09-18T17:16:57.971412Z] === Cycle complete, pending=1 ===
[2026-09-18T17:17:28.006942Z] === Watch cycle start ===
[2026-09-18T17:17:28.014822Z] Registered new inbound task: probe-001
[2026-09-18T17:17:28.031150Z] Closed probe probe-001 (RECEIPT)
[2026-09-18T17:17:28.042587Z] Closed probe-001 via receipt
[2026-09-18T17:17:28.045397Z] === Cycle complete, pending=1 ===
[2026-09-18T17:17:58.047830Z] === Watch cycle start ===
[2026-09-18T17:17:58.059449Z] Registered new inbound task: probe-001
[2026-09-18T17:17:58.061774Z] Closed probe probe-001 (RECEIPT)
[2026-09-18T17:17:58.066665Z] Closed probe-001 via receipt
[2026-09-18T17:17:58.069281Z] === Cycle complete, pending=1 ===
[2026-09-18T17:18:28.074741Z] === Watch cycle start ===
[2026-09-18T17:18:28.086141Z] Registered new inbound task: probe-001
[2026-09-18T17:18:28.095158Z] Closed probe probe-001 (RECEIPT)
[2026-09-18T17:18:28.100213Z] Closed probe-001 via receipt
[2026-09-18T17:18:28.101906Z] === Cycle complete, pending=1 ===
[2026-09-18T17:18:58.117146Z] === Watch cycle start ===
[2026-09-18T17:18:58.169339Z] Registered new inbound task: probe-001
[2026-09-18T17:18:58.198140Z] Closed probe probe-001 (RECEIPT)
[2026-09-18T17:18:58.201554Z] Closed probe-001 via receipt
[2026-09-18T17:18:58.217180Z] === Cycle complete, pending=1 ===
[2026-09-18T17:19:28.238646Z] === Watch cycle start ===
[2026-09-18T17:19:28.247949Z] Registered new inbound task: probe-001
[2026-09-18T17:19:28.255650Z] Closed probe probe-001 (RECEIPT)
[2026-09-18T17:19:28.256608Z] Closed probe-001 via receipt
[2026-09-18T17:19:28.258175Z] === Cycle complete, pending=1 ===
[2026-09-18T17:19:58.287299Z] === Watch cycle start ===
[2026-09-18T17:19:58.304815Z] Registered new inbound task: probe-001
[2026-09-18T17:19:58.327291Z] Closed probe probe-001 (RECEIPT)
[2026-09-18T17:19:58.365784Z] Closed probe-001 via receipt
[2026-09-18T17:19:58.388617Z] === Cycle complete, pending=1 ===
[2026-09-18T17:20:28.438741Z] === Watch cycle start ===
[2026-09-18T17:20:28.742655Z] Registered new inbound task: probe-001
[2026-09-18T17:20:28.927088Z] Closed probe probe-001 (RECEIPT)
[2026-09-18T17:20:29.058076Z] Closed probe-001 via receipt
[2026-09-18T17:20:29.198134Z] === Cycle complete, pending=1 ===
[2026-09-18T17:20:59.299358Z] === Watch cycle start ===
[2026-09-18T17:20:59.326668Z] Registered new inbound task: probe-001
[2026-09-18T17:20:59.368354Z] Closed probe probe-001 (RECEIPT)
[2026-09-18T17:20:59.377934Z] Closed probe-001 via receipt
[2026-09-18T17:20:59.385425Z] === Cycle complete, pending=1 ===
[2026-09-18T17:21:29.402306Z] === Watch cycle start ===
[2026-09-18T17:21:29.457162Z] Registered new inbound task: probe-001
[2026-09-18T17:21:29.527663Z] Closed probe probe-001 (RECEIPT)
[2026-09-18T17:21:29.558829Z] Closed probe-001 via receipt
[2026-09-18T17:21:29.598013Z] === Cycle complete, pending=1 ===
[2026-09-18T17:21:59.696990Z] === Watch cycle start ===
[2026-09-18T17:21:59.752339Z] Registered new inbound task: probe-001
[2026-09-18T17:21:59.784436Z] Closed probe probe-001 (RECEIPT)
[2026-09-18T17:21:59.824103Z] Closed probe-001 via receipt
[2026-09-18T17:21:59.896373Z] === Cycle complete, pending=1 ===
[2026-09-18T17:22:30.036861Z] === Watch cycle start ===
[2026-09-18T17:22:30.185406Z] Registered new inbound task: probe-001
[2026-09-18T17:22:30.229079Z] Closed probe probe-001 (RECEIPT)
[2026-09-18T17:22:30.263508Z] Closed probe-001 via receipt
[2026-09-18T17:22:30.285030Z] === Cycle complete, pending=1 ===
[2026-09-18T17:23:00.313012Z] === Watch cycle start ===
[2026-09-18T17:23:00.331417Z] Registered new inbound task: probe-001
[2026-09-18T17:23:00.364074Z] Closed probe probe-001 (RECEIPT)
[2026-09-18T17:23:00.381067Z] Closed probe-001 via receipt
[2026-09-18T17:23:00.392450Z] === Cycle complete, pending=1 ===
[2026-09-18T17:23:30.418287Z] === Watch cycle start ===
[2026-09-18T17:23:30.439704Z] Registered new inbound task: probe-001
[2026-09-18T17:23:30.461557Z] Closed probe probe-001 (RECEIPT)
[2026-09-18T17:23:30.467115Z] Closed probe-001 via receipt
[2026-09-18T17:23:30.472609Z] === Cycle complete, pending=1 ===
[2026-09-18T17:24:00.488391Z] === Watch cycle start ===
[2026-09-18T17:24:00.504385Z] Registered new inbound task: probe-001
[2026-09-18T17:24:00.506574Z] Closed probe probe-001 (RECEIPT)
[2026-09-18T17:24:00.507675Z] Closed probe-001 via receipt
[2026-09-18T17:24:00.514148Z] === Cycle complete, pending=1 ===
[2026-09-18T17:24:30.546371Z] === Watch cycle start ===
[2026-09-18T17:24:30.572077Z] Registered new inbound task: probe-001
[2026-09-18T17:24:30.583687Z] Closed probe probe-001 (RECEIPT)
[2026-09-18T17:24:30.599894Z] Closed probe-001 via receipt
[2026-09-18T17:24:30.620112Z] === Cycle complete, pending=1 ===
[2026-09-18T17:25:00.676311Z] === Watch cycle start ===
[2026-09-18T17:25:00.835492Z] Registered new inbound task: probe-001
[2026-09-18T17:25:00.940742Z] Closed probe probe-001 (RECEIPT)
[2026-09-18T17:25:01.035975Z] Closed probe-001 via receipt
[2026-09-18T17:25:01.167087Z] === Cycle complete, pending=1 ===
[2026-09-18T17:25:31.261461Z] === Watch cycle start ===
[2026-09-18T17:25:31.299495Z] Registered new inbound task: probe-001
[2026-09-18T17:25:31.335463Z] Closed probe probe-001 (RECEIPT)
[2026-09-18T17:25:31.364603Z] Closed probe-001 via receipt
[2026-09-18T17:25:31.373160Z] === Cycle complete, pending=1 ===
[2026-09-18T17:26:01.403502Z] === Watch cycle start ===
[2026-09-18T17:26:01.434517Z] Registered new inbound task: probe-001
[2026-09-18T17:26:01.462077Z] Closed probe probe-001 (RECEIPT)
[2026-09-18T17:26:01.468254Z] Closed probe-001 via receipt
[2026-09-18T17:26:01.471615Z] === Cycle complete, pending=1 ===
[2026-09-18T17:26:31.565981Z] === Watch cycle start ===
[2026-09-18T17:26:31.770897Z] Registered new inbound task: probe-001
[2026-09-18T17:26:31.876216Z] Closed probe probe-001 (RECEIPT)
[2026-09-18T17:26:31.915418Z] Closed probe-001 via receipt
[2026-09-18T17:26:32.006952Z] === Cycle complete, pending=1 ===
[2026-09-18T17:27:02.120879Z] === Watch cycle start ===
[2026-09-18T17:27:02.206522Z] Registered new inbound task: probe-001
[2026-09-18T17:27:02.257160Z] Closed probe probe-001 (RECEIPT)
[2026-09-18T17:27:02.312209Z] Closed probe-001 via receipt
[2026-09-18T17:27:02.352512Z] === Cycle complete, pending=1 ===
[2026-09-18T17:27:32.442254Z] === Watch cycle start ===
[2026-09-18T17:27:32.452988Z] Registered new inbound task: probe-001
[2026-09-18T17:27:32.462284Z] Closed probe probe-001 (RECEIPT)
[2026-09-18T17:27:32.466355Z] Closed probe-001 via receipt
[2026-09-18T17:27:32.483803Z] === Cycle complete, pending=1 ===
[2026-09-18T17:28:02.489178Z] === Watch cycle start ===
[2026-09-18T17:28:02.499307Z] Registered new inbound task: probe-001
[2026-09-18T17:28:02.515482Z] Closed probe probe-001 (RECEIPT)
[2026-09-18T17:28:02.536057Z] Closed probe-001 via receipt
[2026-09-18T17:28:02.560041Z] === Cycle complete, pending=1 ===
[2026-09-18T17:28:32.596940Z] === Watch cycle start ===
[2026-09-18T17:28:32.727201Z] Registered new inbound task: probe-001
[2026-09-18T17:28:32.755194Z] Closed probe probe-001 (RECEIPT)
[2026-09-18T17:28:32.804136Z] Closed probe-001 via receipt
[2026-09-18T17:28:32.861911Z] === Cycle complete, pending=1 ===
[2026-09-18T17:29:02.885303Z] === Watch cycle start ===
[2026-09-18T17:29:02.911633Z] Registered new inbound task: probe-001
[2026-09-18T17:29:02.948063Z] Closed probe probe-001 (RECEIPT)
[2026-09-18T17:29:02.972637Z] Closed probe-001 via receipt
[2026-09-18T17:29:03.006503Z] === Cycle complete, pending=1 ===
[2026-09-18T17:29:33.023660Z] === Watch cycle start ===
[2026-09-18T17:29:33.127757Z] Registered new inbound task: probe-001
[2026-09-18T17:29:33.142146Z] Closed probe probe-001 (RECEIPT)
[2026-09-18T17:29:33.149390Z] Closed probe-001 via receipt
[2026-09-18T17:29:33.173780Z] === Cycle complete, pending=1 ===
[2026-09-18T17:30:03.268090Z] === Watch cycle start ===
[2026-09-18T17:30:03.634607Z] Registered new inbound task: probe-001
[2026-09-18T17:30:03.818099Z] Closed probe probe-001 (RECEIPT)
[2026-09-18T17:30:04.005572Z] Closed probe-001 via receipt
[2026-09-18T17:30:04.171678Z] === Cycle complete, pending=1 ===
[2026-09-18T17:30:34.261414Z] === Watch cycle start ===
[2026-09-18T17:30:34.274986Z] Registered new inbound task: probe-001
[2026-09-18T17:30:34.279840Z] Closed probe probe-001 (RECEIPT)
[2026-09-18T17:30:34.284642Z] Closed probe-001 via receipt
[2026-09-18T17:30:34.287546Z] === Cycle complete, pending=1 ===
[2026-09-18T17:31:04.293580Z] === Watch cycle start ===
[2026-09-18T17:31:04.353113Z] Registered new inbound task: probe-001
[2026-09-18T17:31:04.393357Z] Closed probe probe-001 (RECEIPT)
[2026-09-18T17:31:04.441114Z] Closed probe-001 via receipt
[2026-09-18T17:31:04.491884Z] === Cycle complete, pending=1 ===
[2026-09-18T17:31:34.561260Z] === Watch cycle start ===
[2026-09-18T17:31:34.571934Z] Registered new inbound task: probe-001
[2026-09-18T17:31:34.573671Z] Closed probe probe-001 (RECEIPT)
[2026-09-18T17:31:34.575043Z] Closed probe-001 via receipt
[2026-09-18T17:31:34.576420Z] === Cycle complete, pending=1 ===
[2026-09-18T17:32:04.578592Z] === Watch cycle start ===
[2026-09-18T17:32:04.599676Z] Registered new inbound task: probe-001
[2026-09-18T17:32:04.624261Z] Closed probe probe-001 (RECEIPT)
[2026-09-18T17:32:04.640437Z] Closed probe-001 via receipt
[2026-09-18T17:32:04.672016Z] === Cycle complete, pending=1 ===
[2026-09-18T17:32:34.709147Z] === Watch cycle start ===
[2026-09-18T17:32:34.764795Z] Registered new inbound task: probe-001
[2026-09-18T17:32:34.786819Z] Closed probe probe-001 (RECEIPT)
[2026-09-18T17:32:34.825717Z] Closed probe-001 via receipt
[2026-09-18T17:32:34.872379Z] === Cycle complete, pending=1 ===
[2026-09-18T17:33:04.955969Z] === Watch cycle start ===
[2026-09-18T17:33:05.196009Z] Registered new inbound task: probe-001
[2026-09-18T17:33:05.275176Z] Closed probe probe-001 (RECEIPT)
[2026-09-18T17:33:05.326553Z] Closed probe-001 via receipt
[2026-09-18T17:33:05.368941Z] === Cycle complete, pending=1 ===
[2026-09-18T17:33:35.489668Z] === Watch cycle start ===
[2026-09-18T17:33:35.750478Z] Registered new inbound task: probe-001
[2026-09-18T17:33:35.930688Z] Closed probe probe-001 (RECEIPT)
[2026-09-18T17:33:36.022491Z] Closed probe-001 via receipt
[2026-09-18T17:33:36.160391Z] === Cycle complete, pending=1 ===
[2026-09-18T17:34:06.375367Z] === Watch cycle start ===
[2026-09-18T17:34:06.383314Z] Registered new inbound task: probe-001
[2026-09-18T17:34:06.402171Z] Closed probe probe-001 (RECEIPT)
[2026-09-18T17:34:06.415861Z] Closed probe-001 via receipt
[2026-09-18T17:34:06.425031Z] === Cycle complete, pending=1 ===
[2026-09-18T17:34:36.455461Z] === Watch cycle start ===
[2026-09-18T17:34:36.494387Z] Registered new inbound task: probe-001
[2026-09-18T17:34:36.507047Z] Closed probe probe-001 (RECEIPT)
[2026-09-18T17:34:36.518208Z] Closed probe-001 via receipt
[2026-09-18T17:34:36.531791Z] === Cycle complete, pending=1 ===
[2026-09-18T17:35:06.538591Z] === Watch cycle start ===
[2026-09-18T17:35:06.553074Z] Registered new inbound task: probe-001
[2026-09-18T17:35:06.576312Z] Closed probe probe-001 (RECEIPT)
[2026-09-18T17:35:06.602112Z] Closed probe-001 via receipt
[2026-09-18T17:35:06.606279Z] === Cycle complete, pending=1 ===
[2026-09-18T17:35:36.616241Z] === Watch cycle start ===
[2026-09-18T17:35:36.620390Z] Registered new inbound task: probe-001
[2026-09-18T17:35:36.621621Z] Closed probe probe-001 (RECEIPT)
[2026-09-18T17:35:36.622087Z] Closed probe-001 via receipt
[2026-09-18T17:35:36.623066Z] === Cycle complete, pending=1 ===
[2026-09-18T17:36:06.624278Z] === Watch cycle start ===
[2026-09-18T17:36:06.632252Z] Registered new inbound task: probe-001
[2026-09-18T17:36:06.635436Z] Closed probe probe-001 (RECEIPT)
[2026-09-18T17:36:06.637998Z] Closed probe-001 via receipt
[2026-09-18T17:36:06.639660Z] === Cycle complete, pending=1 ===
[2026-09-18T17:36:36.645494Z] === Watch cycle start ===
[2026-09-18T17:36:36.675107Z] Registered new inbound task: probe-001
[2026-09-18T17:36:36.696976Z] Closed probe probe-001 (RECEIPT)
[2026-09-18T17:36:36.715102Z] Closed probe-001 via receipt
[2026-09-18T17:36:36.725566Z] === Cycle complete, pending=1 ===
[2026-09-18T17:37:06.734363Z] === Watch cycle start ===
[2026-09-18T17:37:06.822366Z] Registered new inbound task: probe-001
[2026-09-18T17:37:06.830076Z] Closed probe probe-001 (RECEIPT)
[2026-09-18T17:37:06.832440Z] Closed probe-001 via receipt
[2026-09-18T17:37:06.835258Z] === Cycle complete, pending=1 ===
[2026-09-18T17:37:36.841054Z] === Watch cycle start ===
[2026-09-18T17:37:36.856565Z] Registered new inbound task: probe-001
[2026-09-18T17:37:36.867488Z] Closed probe probe-001 (RECEIPT)
[2026-09-18T17:37:36.869367Z] Closed probe-001 via receipt
[2026-09-18T17:37:36.877495Z] === Cycle complete, pending=1 ===
[2026-09-18T17:38:06.886226Z] === Watch cycle start ===
[2026-09-18T17:38:06.906866Z] Registered new inbound task: probe-001
[2026-09-18T17:38:06.912468Z] Closed probe probe-001 (RECEIPT)
[2026-09-18T17:38:06.922737Z] Closed probe-001 via receipt
[2026-09-18T17:38:06.936879Z] === Cycle complete, pending=1 ===
[2026-09-18T17:38:36.957111Z] === Watch cycle start ===
[2026-09-18T17:38:37.001779Z] Registered new inbound task: probe-001
[2026-09-18T17:38:37.019266Z] Closed probe probe-001 (RECEIPT)
[2026-09-18T17:38:37.044880Z] Closed probe-001 via receipt
[2026-09-18T17:38:37.131310Z] === Cycle complete, pending=1 ===
[2026-09-18T17:39:07.166980Z] === Watch cycle start ===
[2026-09-18T17:39:07.204929Z] Registered new inbound task: probe-001
[2026-09-18T17:39:07.221137Z] Closed probe probe-001 (RECEIPT)
[2026-09-18T17:39:07.244432Z] Closed probe-001 via receipt
[2026-09-18T17:39:07.270634Z] === Cycle complete, pending=1 ===
[2026-09-18T17:39:37.301307Z] === Watch cycle start ===
[2026-09-18T17:39:37.308409Z] Registered new inbound task: probe-001
[2026-09-18T17:39:37.310093Z] Closed probe probe-001 (RECEIPT)
[2026-09-18T17:39:37.311891Z] Closed probe-001 via receipt
[2026-09-18T17:39:37.316411Z] === Cycle complete, pending=1 ===
[2026-09-18T17:40:07.323657Z] === Watch cycle start ===
[2026-09-18T17:40:07.345089Z] Registered new inbound task: probe-001
[2026-09-18T17:40:07.351771Z] Closed probe probe-001 (RECEIPT)
[2026-09-18T17:40:07.354334Z] Closed probe-001 via receipt
[2026-09-18T17:40:07.356937Z] === Cycle complete, pending=1 ===
[2026-09-18T17:40:37.360267Z] === Watch cycle start ===
[2026-09-18T17:40:37.365383Z] Registered new inbound task: probe-001
[2026-09-18T17:40:37.371365Z] Closed probe probe-001 (RECEIPT)
[2026-09-18T17:40:37.371995Z] Closed probe-001 via receipt
[2026-09-18T17:40:37.373167Z] === Cycle complete, pending=1 ===
[2026-09-18T17:41:07.382717Z] === Watch cycle start ===
[2026-09-18T17:41:07.401163Z] Registered new inbound task: probe-001
[2026-09-18T17:41:07.412073Z] Closed probe probe-001 (RECEIPT)
[2026-09-18T17:41:07.429889Z] Closed probe-001 via receipt
[2026-09-18T17:41:07.434698Z] === Cycle complete, pending=1 ===
[2026-09-18T17:41:37.449618Z] === Watch cycle start ===
[2026-09-18T17:41:37.494420Z] Registered new inbound task: probe-001
[2026-09-18T17:41:37.530996Z] Closed probe probe-001 (RECEIPT)
[2026-09-18T17:41:37.559776Z] Closed probe-001 via receipt
[2026-09-18T17:41:37.569430Z] === Cycle complete, pending=1 ===
[2026-09-18T17:42:07.583310Z] === Watch cycle start ===
[2026-09-18T17:42:07.595304Z] Registered new inbound task: probe-001
[2026-09-18T17:42:07.597678Z] Closed probe probe-001 (RECEIPT)
[2026-09-18T17:42:07.599503Z] Closed probe-001 via receipt
[2026-09-18T17:42:07.605292Z] === Cycle complete, pending=1 ===
[2026-09-18T17:42:37.834294Z] === Watch cycle start ===
[2026-09-18T17:42:38.159527Z] Registered new inbound task: probe-001
[2026-09-18T17:42:38.229691Z] Closed probe probe-001 (RECEIPT)
[2026-09-18T17:42:38.300061Z] Closed probe-001 via receipt
[2026-09-18T17:42:38.368527Z] === Cycle complete, pending=1 ===
[2026-09-18T17:43:08.576832Z] === Watch cycle start ===
[2026-09-18T17:43:08.773269Z] Registered new inbound task: probe-001
[2026-09-18T17:43:08.810396Z] Closed probe probe-001 (RECEIPT)
[2026-09-18T17:43:08.819965Z] Closed probe-001 via receipt
[2026-09-18T17:43:08.863756Z] === Cycle complete, pending=1 ===
[2026-09-18T17:43:38.936088Z] === Watch cycle start ===
[2026-09-18T17:43:38.941547Z] Registered new inbound task: probe-001
[2026-09-18T17:43:38.943165Z] Closed probe probe-001 (RECEIPT)
[2026-09-18T17:43:38.944257Z] Closed probe-001 via receipt
[2026-09-18T17:43:38.947909Z] === Cycle complete, pending=1 ===
[2026-09-18T17:44:08.951901Z] === Watch cycle start ===
[2026-09-18T17:44:08.964399Z] Registered new inbound task: probe-001
[2026-09-18T17:44:08.968148Z] Closed probe probe-001 (RECEIPT)
[2026-09-18T17:44:08.970763Z] Closed probe-001 via receipt
[2026-09-18T17:44:08.982432Z] === Cycle complete, pending=1 ===
[2026-09-18T17:44:39.006924Z] === Watch cycle start ===
[2026-09-18T17:44:39.205876Z] Registered new inbound task: probe-001
[2026-09-18T17:44:39.253632Z] Closed probe probe-001 (RECEIPT)
[2026-09-18T17:44:39.303951Z] Closed probe-001 via receipt
[2026-09-18T17:44:39.325857Z] === Cycle complete, pending=1 ===
[2026-09-18T17:45:09.350255Z] === Watch cycle start ===
[2026-09-18T17:45:09.359870Z] Registered new inbound task: probe-001
[2026-09-18T17:45:09.371377Z] Closed probe probe-001 (RECEIPT)
[2026-09-18T17:45:09.376176Z] Closed probe-001 via receipt
[2026-09-18T17:45:09.379126Z] === Cycle complete, pending=1 ===
[2026-09-18T17:45:39.424071Z] === Watch cycle start ===
[2026-09-18T17:45:39.493240Z] Registered new inbound task: probe-001
[2026-09-18T17:45:39.531181Z] Closed probe probe-001 (RECEIPT)
[2026-09-18T17:45:39.542984Z] Closed probe-001 via receipt
[2026-09-18T17:45:39.581969Z] === Cycle complete, pending=1 ===
[2026-09-18T17:46:09.614446Z] === Watch cycle start ===
[2026-09-18T17:46:09.622241Z] Registered new inbound task: probe-001
[2026-09-18T17:46:09.624956Z] Closed probe probe-001 (RECEIPT)
[2026-09-18T17:46:09.626254Z] Closed probe-001 via receipt
[2026-09-18T17:46:09.628631Z] === Cycle complete, pending=1 ===
[2026-09-18T17:46:39.650145Z] === Watch cycle start ===
[2026-09-18T17:46:39.674766Z] Registered new inbound task: probe-001
[2026-09-18T17:46:39.676530Z] Closed probe probe-001 (RECEIPT)
[2026-09-18T17:46:39.677854Z] Closed probe-001 via receipt
[2026-09-18T17:46:39.684598Z] === Cycle complete, pending=1 ===
[2026-09-18T17:47:09.711383Z] === Watch cycle start ===
[2026-09-18T17:47:09.744297Z] Registered new inbound task: probe-001
[2026-09-18T17:47:09.781251Z] Closed probe probe-001 (RECEIPT)
[2026-09-18T17:47:09.825922Z] Closed probe-001 via receipt
[2026-09-18T17:47:09.849725Z] === Cycle complete, pending=1 ===
[2026-09-18T17:47:39.878049Z] === Watch cycle start ===
[2026-09-18T17:47:39.931448Z] Registered new inbound task: probe-001
[2026-09-18T17:47:39.952936Z] Closed probe probe-001 (RECEIPT)
[2026-09-18T17:47:39.973465Z] Closed probe-001 via receipt
[2026-09-18T17:47:40.013819Z] === Cycle complete, pending=1 ===
[2026-09-18T17:48:10.198261Z] === Watch cycle start ===
[2026-09-18T17:48:10.433054Z] Registered new inbound task: probe-001
[2026-09-18T17:48:10.549050Z] Closed probe probe-001 (RECEIPT)
[2026-09-18T17:48:10.644804Z] Closed probe-001 via receipt
[2026-09-18T17:48:10.761830Z] === Cycle complete, pending=1 ===
[2026-09-18T17:48:40.869649Z] === Watch cycle start ===
[2026-09-18T17:48:40.994935Z] Registered new inbound task: probe-001
[2026-09-18T17:48:41.053844Z] Closed probe probe-001 (RECEIPT)
[2026-09-18T17:48:41.126491Z] Closed probe-001 via receipt
[2026-09-18T17:48:41.176965Z] === Cycle complete, pending=1 ===
[2026-09-18T17:49:11.215456Z] === Watch cycle start ===
[2026-09-18T17:49:11.244139Z] Registered new inbound task: probe-001
[2026-09-18T17:49:11.260419Z] Closed probe probe-001 (RECEIPT)
[2026-09-18T17:49:11.275993Z] Closed probe-001 via receipt
[2026-09-18T17:49:11.283804Z] === Cycle complete, pending=1 ===
[2026-09-18T17:49:41.305786Z] === Watch cycle start ===
[2026-09-18T17:49:41.314137Z] Registered new inbound task: probe-001
[2026-09-18T17:49:41.316331Z] Closed probe probe-001 (RECEIPT)
[2026-09-18T17:49:41.320042Z] Closed probe-001 via receipt
[2026-09-18T17:49:41.321453Z] === Cycle complete, pending=1 ===
[2026-09-18T17:50:11.385630Z] === Watch cycle start ===
[2026-09-18T17:50:11.512244Z] Registered new inbound task: probe-001
[2026-09-18T17:50:11.630151Z] Closed probe probe-001 (RECEIPT)
[2026-09-18T17:50:11.711445Z] Closed probe-001 via receipt
[2026-09-18T17:50:11.758924Z] === Cycle complete, pending=1 ===
[2026-09-18T17:50:41.787687Z] === Watch cycle start ===
[2026-09-18T17:50:41.835904Z] Registered new inbound task: probe-001
[2026-09-18T17:50:41.873876Z] Closed probe probe-001 (RECEIPT)
[2026-09-18T17:50:41.893500Z] Closed probe-001 via receipt
[2026-09-18T17:50:41.918641Z] === Cycle complete, pending=1 ===
[2026-09-18T17:51:11.940156Z] === Watch cycle start ===
[2026-09-18T17:51:11.958011Z] Registered new inbound task: probe-001
[2026-09-18T17:51:11.960498Z] Closed probe probe-001 (RECEIPT)
[2026-09-18T17:51:11.961676Z] Closed probe-001 via receipt
[2026-09-18T17:51:11.963353Z] === Cycle complete, pending=1 ===
[2026-09-18T17:51:41.970696Z] === Watch cycle start ===
[2026-09-18T17:51:41.998590Z] Registered new inbound task: probe-001
[2026-09-18T17:51:42.009806Z] Closed probe probe-001 (RECEIPT)
[2026-09-18T17:51:42.016280Z] Closed probe-001 via receipt
[2026-09-18T17:51:42.027914Z] === Cycle complete, pending=1 ===
[2026-09-18T17:52:12.043767Z] === Watch cycle start ===
[2026-09-18T17:52:12.048413Z] Registered new inbound task: probe-001
[2026-09-18T17:52:12.055275Z] Closed probe probe-001 (RECEIPT)
[2026-09-18T17:52:12.062457Z] Closed probe-001 via receipt
[2026-09-18T17:52:12.064538Z] === Cycle complete, pending=1 ===
[2026-09-18T17:52:42.071807Z] === Watch cycle start ===
[2026-09-18T17:52:42.117626Z] Registered new inbound task: probe-001
[2026-09-18T17:52:42.138373Z] Closed probe probe-001 (RECEIPT)
[2026-09-18T17:52:42.145744Z] Closed probe-001 via receipt
[2026-09-18T17:52:42.147605Z] === Cycle complete, pending=1 ===
[2026-09-18T17:53:12.155574Z] === Watch cycle start ===
[2026-09-18T17:53:12.174313Z] Registered new inbound task: probe-001
[2026-09-18T17:53:12.183889Z] Closed probe probe-001 (RECEIPT)
[2026-09-18T17:53:12.198968Z] Closed probe-001 via receipt
[2026-09-18T17:53:12.227829Z] === Cycle complete, pending=1 ===
[2026-09-18T17:53:42.250615Z] === Watch cycle start ===
[2026-09-18T17:53:42.268138Z] Registered new inbound task: probe-001
[2026-09-18T17:53:42.270405Z] Closed probe probe-001 (RECEIPT)
[2026-09-18T17:53:42.271194Z] Closed probe-001 via receipt
[2026-09-18T17:53:42.272414Z] === Cycle complete, pending=1 ===
[2026-09-18T17:54:12.290835Z] === Watch cycle start ===
[2026-09-18T17:54:12.341067Z] Registered new inbound task: probe-001
[2026-09-18T17:54:12.358328Z] Closed probe probe-001 (RECEIPT)
[2026-09-18T17:54:12.392518Z] Closed probe-001 via receipt
[2026-09-18T17:54:12.434426Z] STALE: soak-001 past deadline + 30min grace
[2026-09-18T17:54:12.480525Z] === Cycle complete, pending=0 ===
[2026-09-18T17:54:42.524495Z] === Watch cycle start ===
[2026-09-18T17:54:42.534191Z] Registered new inbound task: probe-001
[2026-09-18T17:54:42.535510Z] Registered new inbound task: soak-001
[2026-09-18T17:54:42.538252Z] Closed probe probe-001 (RECEIPT)
[2026-09-18T17:54:42.539526Z] Closed probe-001 via receipt
[2026-09-18T17:54:42.542951Z] === Cycle complete, pending=1 ===
[2026-09-18T17:55:12.548268Z] === Watch cycle start ===
[2026-09-18T17:55:12.585449Z] Registered new inbound task: probe-001
[2026-09-18T17:55:12.594100Z] Closed probe probe-001 (RECEIPT)
[2026-09-18T17:55:12.597198Z] Closed probe-001 via receipt
[2026-09-18T17:55:12.602452Z] === Cycle complete, pending=1 ===
[2026-09-18T17:55:42.635713Z] === Watch cycle start ===
[2026-09-18T17:55:42.660008Z] Registered new inbound task: probe-001
[2026-09-18T17:55:42.676662Z] Closed probe probe-001 (RECEIPT)
[2026-09-18T17:55:42.698261Z] Closed probe-001 via receipt
[2026-09-18T17:55:42.734033Z] === Cycle complete, pending=1 ===
[2026-09-18T17:56:12.762024Z] === Watch cycle start ===
[2026-09-18T17:56:12.771765Z] Registered new inbound task: probe-001
[2026-09-18T17:56:12.788297Z] Closed probe probe-001 (RECEIPT)
[2026-09-18T17:56:12.792741Z] Closed probe-001 via receipt
[2026-09-18T17:56:12.796102Z] === Cycle complete, pending=1 ===
[2026-09-18T17:56:42.801809Z] === Watch cycle start ===
[2026-09-18T17:56:42.822945Z] Registered new inbound task: probe-001
[2026-09-18T17:56:42.830416Z] Closed probe probe-001 (RECEIPT)
[2026-09-18T17:56:42.833459Z] Closed probe-001 via receipt
[2026-09-18T17:56:42.837665Z] === Cycle complete, pending=1 ===
[2026-09-18T17:57:12.871230Z] === Watch cycle start ===
[2026-09-18T17:57:12.957673Z] Registered new inbound task: probe-001
[2026-09-18T17:57:13.079789Z] Closed probe probe-001 (RECEIPT)
[2026-09-18T17:57:13.175321Z] Closed probe-001 via receipt
[2026-09-18T17:57:13.265830Z] === Cycle complete, pending=1 ===
[2026-09-18T17:57:43.366878Z] === Watch cycle start ===
[2026-09-18T17:57:43.440242Z] Registered new inbound task: probe-001
[2026-09-18T17:57:43.482262Z] Closed probe probe-001 (RECEIPT)
[2026-09-18T17:57:43.562014Z] Closed probe-001 via receipt
[2026-09-18T17:57:43.670910Z] === Cycle complete, pending=1 ===
[2026-09-18T17:58:13.904150Z] === Watch cycle start ===
[2026-09-18T17:58:14.265761Z] Registered new inbound task: probe-001
[2026-09-18T17:58:14.383956Z] Closed probe probe-001 (RECEIPT)
[2026-09-18T17:58:14.526552Z] Closed probe-001 via receipt
[2026-09-18T17:58:14.645104Z] === Cycle complete, pending=1 ===
[2026-09-18T17:58:44.766115Z] === Watch cycle start ===
[2026-09-18T17:58:44.795694Z] Registered new inbound task: probe-001
[2026-09-18T17:58:44.799319Z] Closed probe probe-001 (RECEIPT)
[2026-09-18T17:58:44.809280Z] Closed probe-001 via receipt
[2026-09-18T17:58:44.812644Z] === Cycle complete, pending=1 ===
[2026-09-18T17:59:14.824172Z] === Watch cycle start ===
[2026-09-18T17:59:14.846034Z] Registered new inbound task: probe-001
[2026-09-18T17:59:14.889326Z] Closed probe probe-001 (RECEIPT)
[2026-09-18T17:59:14.912098Z] Closed probe-001 via receipt
[2026-09-18T17:59:14.924263Z] === Cycle complete, pending=1 ===
[2026-09-18T17:59:44.937592Z] === Watch cycle start ===
[2026-09-18T17:59:44.948183Z] Registered new inbound task: probe-001
[2026-09-18T17:59:44.954300Z] Closed probe probe-001 (RECEIPT)
[2026-09-18T17:59:44.963649Z] Closed probe-001 via receipt
[2026-09-18T17:59:44.965253Z] === Cycle complete, pending=1 ===
[2026-09-18T18:00:14.985866Z] === Watch cycle start ===
[2026-09-18T18:00:15.086270Z] Registered new inbound task: probe-001
[2026-09-18T18:00:15.152542Z] Closed probe probe-001 (RECEIPT)
[2026-09-18T18:00:15.175385Z] Closed probe-001 via receipt
[2026-09-18T18:00:15.197686Z] === Cycle complete, pending=1 ===
[2026-09-18T18:00:45.258429Z] === Watch cycle start ===
[2026-09-18T18:00:45.286449Z] Registered new inbound task: probe-001
[2026-09-18T18:00:45.292494Z] Closed probe probe-001 (RECEIPT)
[2026-09-18T18:00:45.303392Z] Closed probe-001 via receipt
[2026-09-18T18:00:45.311572Z] === Cycle complete, pending=1 ===
[2026-09-18T18:01:15.372558Z] === Watch cycle start ===
[2026-09-18T18:01:15.633946Z] Registered new inbound task: probe-001
[2026-09-18T18:01:15.760118Z] Closed probe probe-001 (RECEIPT)
[2026-09-18T18:01:15.847100Z] Closed probe-001 via receipt
[2026-09-18T18:01:15.937920Z] === Cycle complete, pending=1 ===
[2026-09-18T18:01:46.086658Z] === Watch cycle start ===
[2026-09-18T18:01:46.151303Z] Registered new inbound task: probe-001
[2026-09-18T18:01:46.208355Z] Closed probe probe-001 (RECEIPT)
[2026-09-18T18:01:46.245702Z] Closed probe-001 via receipt
[2026-09-18T18:01:46.309729Z] === Cycle complete, pending=1 ===
[2026-09-18T18:02:16.372391Z] === Watch cycle start ===
[2026-09-18T18:02:16.519124Z] Registered new inbound task: probe-001
[2026-09-18T18:02:16.655082Z] Closed probe probe-001 (RECEIPT)
[2026-09-18T18:02:16.698777Z] Closed probe-001 via receipt
[2026-09-18T18:02:16.717525Z] === Cycle complete, pending=1 ===
[2026-09-18T18:02:46.751337Z] === Watch cycle start ===
[2026-09-18T18:02:46.789679Z] Registered new inbound task: probe-001
[2026-09-18T18:02:46.796427Z] Closed probe probe-001 (RECEIPT)
[2026-09-18T18:02:46.820988Z] Closed probe-001 via receipt
[2026-09-18T18:02:46.831328Z] === Cycle complete, pending=1 ===
[2026-09-18T18:03:16.857316Z] === Watch cycle start ===
[2026-09-18T18:03:16.934075Z] Registered new inbound task: probe-001
[2026-09-18T18:03:16.969138Z] Closed probe probe-001 (RECEIPT)
[2026-09-18T18:03:16.983237Z] Closed probe-001 via receipt
[2026-09-18T18:03:17.033241Z] === Cycle complete, pending=1 ===
[2026-09-18T18:03:47.280051Z] === Watch cycle start ===
[2026-09-18T18:03:47.666295Z] Registered new inbound task: probe-001
[2026-09-18T18:03:47.853733Z] Closed probe probe-001 (RECEIPT)
[2026-09-18T18:03:47.925347Z] Closed probe-001 via receipt
[2026-09-18T18:03:47.975141Z] === Cycle complete, pending=1 ===
[2026-09-18T18:04:18.096846Z] === Watch cycle start ===
[2026-09-18T18:04:18.149369Z] Registered new inbound task: probe-001
[2026-09-18T18:04:18.153351Z] Closed probe probe-001 (RECEIPT)
[2026-09-18T18:04:18.258221Z] Closed probe-001 via receipt
[2026-09-18T18:04:18.294149Z] === Cycle complete, pending=1 ===
[2026-09-18T18:04:48.358379Z] === Watch cycle start ===
[2026-09-18T18:04:48.497523Z] Registered new inbound task: probe-001
[2026-09-18T18:04:48.641790Z] Closed probe probe-001 (RECEIPT)
[2026-09-18T18:04:48.714156Z] Closed probe-001 via receipt
[2026-09-18T18:04:48.840880Z] === Cycle complete, pending=1 ===
[2026-09-18T18:05:19.066667Z] === Watch cycle start ===
[2026-09-18T18:05:19.080352Z] Registered new inbound task: probe-001
[2026-09-18T18:05:19.084666Z] Closed probe probe-001 (RECEIPT)
[2026-09-18T18:05:19.086699Z] Closed probe-001 via receipt
[2026-09-18T18:05:19.088841Z] === Cycle complete, pending=1 ===
[2026-09-18T18:05:49.110385Z] === Watch cycle start ===
[2026-09-18T18:05:49.201802Z] Registered new inbound task: probe-001
[2026-09-18T18:05:49.282546Z] Closed probe probe-001 (RECEIPT)
[2026-09-18T18:05:49.357196Z] Closed probe-001 via receipt
[2026-09-18T18:05:49.388089Z] === Cycle complete, pending=1 ===
[2026-09-18T18:06:19.511268Z] === Watch cycle start ===
[2026-09-18T18:06:19.615149Z] Registered new inbound task: probe-001
[2026-09-18T18:06:19.697569Z] Closed probe probe-001 (RECEIPT)
[2026-09-18T18:06:19.734753Z] Closed probe-001 via receipt
[2026-09-18T18:06:19.759375Z] === Cycle complete, pending=1 ===
[2026-09-18T18:06:49.837063Z] === Watch cycle start ===
[2026-09-18T18:06:49.920306Z] Registered new inbound task: probe-001
[2026-09-18T18:06:49.989043Z] Closed probe probe-001 (RECEIPT)
[2026-09-18T18:06:50.019951Z] Closed probe-001 via receipt
[2026-09-18T18:06:50.097199Z] === Cycle complete, pending=1 ===
[2026-09-18T18:07:20.297265Z] === Watch cycle start ===
[2026-09-18T18:07:20.850677Z] Registered new inbound task: probe-001
[2026-09-18T18:07:20.963771Z] Closed probe probe-001 (RECEIPT)
[2026-09-18T18:07:21.033949Z] Closed probe-001 via receipt
[2026-09-18T18:07:21.140421Z] === Cycle complete, pending=1 ===
[2026-09-18T18:07:51.289063Z] === Watch cycle start ===
[2026-09-18T18:07:51.406324Z] Registered new inbound task: probe-001
[2026-09-18T18:07:51.503946Z] Closed probe probe-001 (RECEIPT)
[2026-09-18T18:07:51.692418Z] Closed probe-001 via receipt
[2026-09-18T18:07:51.870543Z] === Cycle complete, pending=1 ===
[2026-09-18T18:08:22.005499Z] === Watch cycle start ===
[2026-09-18T18:08:22.325062Z] Registered new inbound task: probe-001
[2026-09-18T18:08:22.500004Z] Closed probe probe-001 (RECEIPT)
[2026-09-18T18:08:22.711593Z] Closed probe-001 via receipt
[2026-09-18T18:08:22.969103Z] === Cycle complete, pending=1 ===
[2026-09-18T18:08:53.255902Z] === Watch cycle start ===
[2026-09-18T18:08:53.323102Z] Registered new inbound task: probe-001
[2026-09-18T18:08:53.503633Z] Closed probe probe-001 (RECEIPT)
[2026-09-18T18:08:53.521273Z] Closed probe-001 via receipt
[2026-09-18T18:08:53.533025Z] === Cycle complete, pending=1 ===
[2026-09-18T18:09:23.673868Z] === Watch cycle start ===
[2026-09-18T18:09:23.833569Z] Registered new inbound task: probe-001
[2026-09-18T18:09:23.889103Z] Closed probe probe-001 (RECEIPT)
[2026-09-18T18:09:23.905325Z] Closed probe-001 via receipt
[2026-09-18T18:09:23.952776Z] === Cycle complete, pending=1 ===
[2026-09-18T18:09:54.209169Z] === Watch cycle start ===
[2026-09-18T18:09:54.394810Z] Registered new inbound task: probe-001
[2026-09-18T18:09:54.577444Z] Closed probe probe-001 (RECEIPT)
[2026-09-18T18:09:55.056506Z] Closed probe-001 via receipt
[2026-09-18T18:09:55.389974Z] === Cycle complete, pending=1 ===
[2026-09-18T18:10:26.046355Z] === Watch cycle start ===
[2026-09-18T18:10:26.467791Z] Registered new inbound task: probe-001
[2026-09-18T18:10:26.605292Z] Closed probe probe-001 (RECEIPT)
[2026-09-18T18:10:26.680571Z] Closed probe-001 via receipt
[2026-09-18T18:10:26.812177Z] === Cycle complete, pending=1 ===
[2026-09-18T18:34:46.693015Z] === Watch cycle start ===
[2026-09-18T18:34:46.702710Z] Registered new inbound task: probe-001
[2026-09-18T18:34:46.705286Z] Closed probe probe-001 (RECEIPT)
[2026-09-18T18:34:46.705827Z] Closed probe-001 via receipt
[2026-09-18T18:34:46.706961Z] === Cycle complete, pending=1 ===
