name_of_issuer,cusip,value_usd_thousands,shares,put_call,ticker
TESLA INC,88160R101,1418621,1342400,PUT,
MICROSOFT CORP,594918104,1286721,3825884,,MSFT
AMAZON COM INC,023135106,1200362,360000,PUT,AMZN
APPLE INC,037833100,1063270,5987894,,AAPL
ISHARES TR,464287200,1020759,2140000,,
NVIDIA CORPORATION,67066G104,669894,2277700,,NVDA
ADVANCED MICRO DEVICES INC,007903107,630943,4384596,,AMD
NETFLIX INC,64110L106,602286,999744,,NFLX
MERCADOLIBRE INC,58733R102,564305,418500,PUT,MELI
CITIGROUP INC,172967424,551634,9134533,,C-PR
SEA LTD,81141R100,485829,2171693,,SE
SNOWFLAKE INC,833445109,482863,1425427,,SNOW
MARATHON PETE CORP,56585A102,457796,7154176,,
BOOKING HOLDINGS INC,09857L108,445635,185741,,BKNG
BLOCK INC,852234103,441714,2734900,PUT,
SHOPIFY INC,82509L107,391454,284200,PUT,SHOP
ALPHABET INC,02079K305,387036,133597,,GOOGN
DICKS SPORTING GOODS INC,253393AD4,370338,104635000,,
XILINX INC,983919101,369077,1740681,,
AT&T INC,00206R102,359089,14597124,,T-PC
ZSCALER INC,98980GAB8,348563,159135000,,
QUALCOMM INC,747525103,333617,1824340,,
WALMART INC,931142103,332321,2296779,,WMT
COMCAST CORP NEW,20030N101,322395,6405619,,CCZ
EXXON MOBIL CORP,30231G102,321586,5255540,,
CHIPOTLE MEXICAN GRILL INC,169656105,319056,182500,CALL,CMG
DEXCOM INC,252131AH0,318267,97404000,,DXCM
ALPHABET INC,02079K107,315401,109000,PUT,GOOGN
SPDR S&P 500 ETF TR,78462F103,314367,661882,,
FORD MTR CO DEL,345370860,313854,15110944,,
PAYPAL HLDGS INC,70450Y103,313079,1660191,,
PALO ALTO NETWORKS INC,697435AD7,299360,142650000,,PANW
META PLATFORMS INC,30303M102,298822,888425,,
THERMO FISHER SCIENTIFIC INC,883556102,290089,434759,,TMO
FEDEX CORP,31428X106,289893,1120835,,FDX
HONEYWELL INTL INC,438516106,282632,1355486,,
ZSCALER INC,98980G102,279973,871295,,
NIKE INC,654106103,273600,1641568,,
AMGEN INC,031162100,272645,1211915,,AMGN
AIRBNB INC,009066101,265984,1597595,,
MEDTRONIC PLC,G5960L103,264819,2559879,,MDT
ORACLE CORP,68389X105,264027,3027481,,ORCL-PD
ACTIVISION BLIZZARD INC,00507V109,263247,3956823,,
LOWES COS INC,548661107,259131,1002518,,
AFFIRM HLDGS INC,00827B106,258488,2570484,,
LIBERTY MEDIA CORP DEL,531229607,256305,5040416,,FWONB
UPSTART HLDGS INC,91680M107,256144,1692956,,
ROBLOX CORP,771049103,255667,2478353,,RBLX
CLOUDFLARE INC,18915M107,254276,1933661,,
IHS MARKIT LTD,G47567105,253947,1910526,,
SNAP INC,83304AAB2,246088,113493000,,SNAP
NETEASE INC,64110W102,239416,2352290,,
DATADOG INC,23804L103,238156,1337129,,
CATERPILLAR INC,149123101,234931,1136362,,CAT
UBER TECHNOLOGIES INC,90353T100,233893,5578179,,
ROKU INC,77543R102,232011,1016700,PUT,
FIDELITY NATL INFORMATION SV,31620M106,225904,2069666,,
MONGODB INC,60937PAD8,219408,85854000,,
NUANCE COMMUNICATIONS INC,67020Y100,218484,3949461,,
BK OF AMERICA CORP,060505104,217925,4898300,CALL,
ZOOM VIDEO COMMUNICATIONS IN,98980L101,217897,1184800,PUT,
GENERAL MTRS CO,37045V100,217605,3711500,PUT,
INTEL CORP,458140100,216826,4210210,,INTC
TAIWAN SEMICONDUCTOR MFG LTD,874039100,208678,1734500,PUT,
WELLS FARGO CO NEW,949746101,207653,4327900,PUT,
GOLDMAN SACHS GROUP INC,38141G104,207342,542000,PUT,GS-PD
DISNEY WALT CO,254687106,206918,1335900,PUT,
EBAY INC.,278642103,205510,3090383,,EBAY
AUTOZONE INC,053332102,200625,95700,CALL,AZO
COSTCO WHSL CORP NEW,22160K105,200137,352540,,
CHESAPEAKE ENERGY CORP,165167735,199777,3096350,,
THE TRADE DESK INC,88339J105,199532,2177351,,
BOEING CO,097023105,194978,968500,PUT,BA-PA
CARNIVAL CORP,143658BE1,194428,92106000,,CCL
VERISIGN INC,92343E102,194207,765138,,
MICRON TECHNOLOGY INC,595112103,194087,2083600,PUT,MU
ETSY INC,29786AAJ5,193441,75736000,,ETSY
PROCTER AND GAMBLE CO,742718109,190816,1166500,CALL,
VERTEX PHARMACEUTICALS INC,92532F100,189739,864020,,
CROWDSTRIKE HLDGS INC,22788C105,187612,916300,PUT,
ALIBABA GROUP HLDG LTD,01609W102,187344,1577100,CALL,
BAIDU INC,056752108,186642,1254400,PUT,
BILL COM HLDGS INC,090043100,185878,746048,,
JPMORGAN CHASE & CO,46625H100,185824,1173502,,JPM-PM
SCHWAB CHARLES CORP,808513105,180136,2141927,,SCHW-PJ
BLACKSTONE INC,09260D107,179742,1389150,,BX
JOHNSON & JOHNSON,478160104,177061,1035020,,JNJ
COCA COLA CO,191216100,176489,2980738,,KO
CLOUDFLARE INC,18915MAB3,174450,49711000,,
MORGAN STANLEY,617446448,173282,1765300,PUT,MS-PQ
PALO ALTO NETWORKS INC,697435AF2,172149,90639000,,PANW
EXPEDIA GROUP INC,30212P303,171561,949322,,
LIVE NATION ENTERTAINMENT IN,538034AQ2,171546,94813000,,
ISHARES TR,464288588,171265,1594200,,
HOME DEPOT INC,437076102,170735,411400,CALL,
UNITY SOFTWARE INC,91332U101,170521,1192540,,U
VISA INC,92826C839,168925,779500,CALL,V
HUBSPOT INC,443573AD2,168909,70852000,,HUBS
LIBERTY MEDIA CORP DEL,531229409,165365,3252017,,FWONB
CHARTER COMMUNICATIONS INC N,16119P108,164557,252400,CALL,
LOCKHEED MARTIN CORP,539830109,163919,461210,,LMT
WORKDAY INC,98138HAF8,159902,85754000,,
NOVARTIS AG,66987V109,159187,1819904,,NVSEF
UNITED STATES STL CORP NEW,912909108,158912,6674188,,
LIBERTY BROADBAND CORP,530307305,157548,977953,,LBRDP
MODERNA INC,60770K107,157332,619466,,
INTERCONTINENTAL EXCHANGE IN,45866F104,156839,1146737,,
OKTA INC,679295AD7,156089,114935000,,
SAILPOINT TECHNOLOGIES HLDGS,78781PAB1,155893,87510000,,
TJX COS INC NEW,872540109,154766,2038545,,
WAYFAIR INC,94419LAD3,153788,87623000,,W
SNAP INC,83304A106,152956,3252300,PUT,SNAP
PLUG POWER INC,72919P202,152712,5409566,,PLUG
TARGET CORP,87612E106,150963,652279,,TGT
DOCUSIGN INC,256163106,150379,987325,,
EQT CORP,26884LAK5,148898,89379000,,EQT
FREEPORT-MCMORAN INC,35671D857,146619,3513523,,FCX
LAS VEGAS SANDS CORP,517834107,146484,3891718,,LVS
EOG RES INC,26875P101,144394,1625512,,
BIOGEN INC,09062X103,142644,594550,,BIIB
EMERSON ELEC CO,291011104,142222,1529762,,
MERCADOLIBRE,58733RAD4,141679,45717000,,
ASML HOLDING N V,N07059210,141121,177256,,
UNITEDHEALTH GROUP INC,91324P102,140525,279852,,UNH
APA CORPORATION,03743Q108,140506,5225226,,APA
NORTHROP GRUMMAN CORP,666807102,140141,362056,,
OCCIDENTAL PETE CORP,674599105,138952,4793092,,
ROYAL CARIBBEAN GROUP,780153BB7,138527,108689000,,
BATH & BODY WORKS INC,070830104,137966,1976873,,
TWITTER INC,90184L102,137963,3192100,PUT,
UNION PAC CORP,907818108,137453,545600,CALL,
INCYTE CORP,45337C102,137313,1870746,,INCY
AMC ENTMT HLDGS INC,00165C104,135444,4979557,,
BERKSHIRE HATHAWAY INC DEL,084670702,135178,452102,,BRK-A
BLOCK INC,852234AF0,134937,90727000,,
BHP GROUP PLC,05545E209,134635,2252551,,
SPLUNK INC,848637AC8,131863,123102000,,
WAYFAIR INC,94419LAF8,131177,87232000,,W
REGENERON PHARMACEUTICALS,75886F107,130718,206989,,
AMERICAN TOWER CORP NEW,03027X100,129816,443815,,
PFIZER INC,717081103,129753,2197345,,PFE
NIO INC,62914V106,128656,4061100,PUT,NIOIF
WEATHERFORD INTL PLC,G48833118,125814,4538755,,
TEXAS INSTRS INC,882508104,125715,667029,,
UNITED PARCEL SERVICE INC,911312106,125475,585400,,UPS
MONGODB INC,60937P106,123497,233300,PUT,
ENPHASE ENERGY INC,29355A107,123381,674436,,
CHECK POINT SOFTWARE TECH LT,M22465104,122182,1048229,,
AGILENT TECHNOLOGIES INC,00846U101,121710,762358,,
BILIBILI INC,090040AD8,121458,87750000,,BLBLF
PALO ALTO NETWORKS INC,697435105,121429,218100,PUT,PANW
XPENG INC,98422D105,120426,2392736,,XPNGF
INVESCO QQQ TR,46090E103,119044,299218,,
NEXTERA ENERGY INC,65339F101,118988,1274512,,NEE-PS
LUMENTUM HLDGS INC,55024UAB5,117422,66000000,,
DOMINOS PIZZA INC,25754A201,115301,204315,,DPZ
PINTEREST INC,72352L106,115211,3169500,PUT,
ENVISTA HOLDINGS CORPORATION,29415FAB0,114897,51733000,,NVST
CONSTELLATION BRANDS INC,21036P108,114501,456235,,
COLGATE PALMOLIVE CO,194162103,113114,1325448,,CL
CARRIER GLOBAL CORPORATION,14448C104,112992,2083181,,CARR
SYSCO CORP,871829107,112013,1426008,,SYY
CROWN CASTLE INTL CORP NEW,22822V101,111952,536321,,
BLOCK INC,852234AD5,111621,53374000,,
ELANCO ANIMAL HEALTH INC,28414H103,110949,3909411,,ELAN
SPOTIFY TECHNOLOGY S A,L8681T102,109924,469700,PUT,
NOKIA CORP,654902204,108960,17517638,,NOKBF
HUBSPOT INC,443573100,108760,165000,PUT,HUBS
LULULEMON ATHLETICA INC,550021109,108429,276994,,LULU
TELADOC HEALTH INC,87918A105,107301,1168600,PUT,
SUNCOR ENERGY INC NEW,867224107,106654,4260100,,SU
SERVICENOW INC,81762P102,105545,162600,CALL,
COUPA SOFTWARE INC,22266LAC0,105506,86015000,,
PURE STORAGE INC,74624M102,104843,3220997,,
INTERNATIONAL BUSINESS MACHS,459200101,104602,782600,PUT,
PHILLIPS 66,718546104,104157,1437437,,PSX
MARVELL TECHNOLOGY INC,573874104,104045,1189227,,
PINDUODUO INC,722304AC6,102456,113109000,,
INTUITIVE SURGICAL INC,46120E602,102430,285083,,ISRG
ZENDESK INC,98936JAB7,102391,60405000,,
CHEVRON CORP NEW,166764100,101672,866400,PUT,CVX
ALCOA CORP,013872106,101405,1702000,PUT,AA
RH,74967XAD5,101285,39963000,,RH
ATLASSIAN CORP PLC,G06242104,100608,263861,,
SALESFORCE COM INC,79466L302,100102,393900,CALL,
VIACOMCBS INC,92556H206,99727,3304400,PUT,
CROWN HLDGS INC,228368106,99678,901087,,
CITRIX SYS INC,177376100,99486,1051762,,
MACYS INC,55616P104,99220,3789902,,
MERCK & CO INC,58933Y105,98912,1290600,PUT,
WAYFAIR INC,94419L101,98898,520600,CALL,W
PALANTIR TECHNOLOGIES INC,69608A108,98482,5408100,PUT,PLTR
UNITED STATES STL CORP,912909AT5,97724,48701000,,
BILIBILI INC,090040AB2,97013,48277000,,BLBLF
BAXTER INTL INC,071813109,96726,1126823,,
BANK NEW YORK MELLON CORP,064058100,96651,1664106,,
MARATHON OIL CORP,565849106,96323,5866211,,
DELTA AIR LINES INC DEL,247361702,96004,2456600,PUT,
LILLY ELI & CO,532457108,94879,343492,,
TWILIO INC,90138F102,94249,357900,PUT,TWLO
CHEGG INC,163092AD1,92163,93387000,,
ZILLOW GROUP INC,98954M200,91925,1439700,CALL,
HERTZ GLOBAL HLDGS INC,42806J700,91551,3663488,,
WESTERN DIGITAL CORP.,958102105,91415,1401854,,WDC
CAPITAL ONE FINL CORP,14040H105,91289,629189,,
INTUIT,461202103,90694,141000,CALL,
3M CO,88579Y101,89378,503168,,MMM
FIRSTENERGY CORP,337932107,88329,2123794,,FE
DEXCOM INC,252131107,86879,161800,CALL,DXCM
BIONTECH SE,09075V102,86440,335300,PUT,BNTX
ADOBE SYSTEMS INCORPORATED,00724F101,86430,152417,,
LYFT INC,55087PAB0,86146,64453000,,
DEERE & CO,244199105,85095,248170,,DE
SUNRUN INC,86771W105,84859,2474034,,RUN
AVIS BUDGET GROUP,053774105,84824,409048,,
BRISTOL-MYERS SQUIBB CO,110122108,84054,1348100,PUT,
BILL COM HLDGS INC,090043AB6,83801,48997000,,
ZIMMER BIOMET HOLDINGS INC,98956P102,83793,659579,,
CVS HEALTH CORP,126650100,83787,812200,PUT,CVS
ALLY FINL INC,02005N100,83597,1755876,,
FIRST AMERN FINL CORP,31847R102,82268,1051614,,
ZOOMINFO TECHNOLOGIES INC,98980F104,81977,1276902,,GTM
STANLEY BLACK & DECKER INC,854502101,81644,432850,,
ABBVIE INC,00287Y109,81362,600900,PUT,ABBV
MASTERCARD INCORPORATED,57636Q104,81295,226247,,
UNITED AIRLS HLDGS INC,910047109,81107,1852600,PUT,
RH,74967X103,80873,150900,PUT,RH
HUAZHU GROUP LTD,16949NAC3,80424,78385000,,
CF INDS HLDGS INC,125269100,80173,1132712,,
SBA COMMUNICATIONS CORP NEW,78410G104,79775,205066,,SBAC
TRANSUNION,89400J107,79602,671292,,TRU
WIX COM LTD,92940WAB5,79150,61732000,,
TERADYNE INC,880770102,78792,481817,,
DRAFTKINGS INC,26142R104,78611,2861700,PUT,DKNG
WOLFSPEED INC,977852102,78611,703328,,
II-VI INC,902104AB4,77659,52574000,,
BOSTON BEER INC,100557107,77280,153000,PUT,
DOORDASH INC,25809K105,76179,511611,,
FLEX LTD,Y2573F102,76012,4146863,,FLEX
CLOROX CO DEL,189054109,75998,435866,,
EQT CORP,26884L109,75841,3477333,,EQT
NEW RELIC INC,64829BAB6,75405,62939000,,
MCDONALDS CORP,580135101,74569,278170,,MCD
CBOE GLOBAL MKTS INC,12503M108,73819,566100,,
EQUINIX INC,29444U700,73588,87000,CALL,EQIX
STEEL DYNAMICS INC,858119100,71647,1154288,,STLD
NUANCE COMMUNICATIONS INC,67020YAN0,71226,25216000,,
SOLAREDGE TECHNOLOGIES INC,83417M104,70984,253000,PUT,
CARDINAL HEALTH INC,14149Y108,70775,1374533,,CAH
CUMMINS INC,231021106,70563,323474,,CMI
RANGE RES CORP,75281A109,69888,3919664,,
ROPER TECHNOLOGIES INC,776696106,69537,141376,,ROP
HARLEY DAVIDSON INC,412822108,69426,1842029,,
C H ROBINSON WORLDWIDE INC,12541W209,69007,641152,,
BARRICK GOLD CORP,067901108,68736,3617700,PUT,
ALLEGION PLC,G0176J109,68654,518379,,ALLE
MONSTER BEVERAGE CORP NEW,61174X109,68596,714244,,MNST
VERIZON COMMUNICATIONS INC,92343V104,68520,1318700,PUT,VZ
SUN CMNTYS INC,866674104,68321,325384,,
BEYOND MEAT INC,08862E109,67799,1040500,PUT,
ULTA BEAUTY INC,90384S303,67757,164324,,
ROSS STORES INC,778296103,67301,588915,,
8X8 INC NEW,282914AB6,66686,66718000,,
BROADCOM INC,11135F101,66111,99354,,AVGO
WAYFAIR INC,94419LAM3,65893,72092000,,W
DISCOVERY INC,25470F302,65640,2866380,,
INMODE LTD,M5425M103,65431,927052,,INMD
SIMON PPTY GROUP INC NEW,828806109,65154,407800,PUT,
LIBERTY BROADBAND CORP,530307107,64534,401081,,LBRDP
HENRY SCHEIN INC,806407102,64375,830330,,HSIC
CIGNA CORP NEW,125523100,64252,279807,,
DOMINION ENERGY INC,25746U109,63993,814571,,
WESTERN DIGITAL CORP.,958102AP0,63864,63109000,,WDC
ACADIA PHARMACEUTICALS INC,004225108,63617,2725646,,ACAD
SIGNET JEWELERS LIMITED,G81276100,63487,729484,,
BIOMARIN PHARMACEUTICAL INC,09061G101,62980,712841,,BMRN
MACOM TECH SOLUTIONS HLDGS I,55405Y100,62825,802363,,
HARTFORD FINL SVCS GROUP INC,416515104,62813,909799,,
INSPIRE MED SYS INC,457730109,62780,272887,,
PULTE GROUP INC,745867101,62762,1097997,,
NEWMONT CORP,651639106,62473,1007300,PUT,
ALBEMARLE CORP,012653101,62417,267000,PUT,ALB-PA
KEYSIGHT TECHNOLOGIES INC,49338L103,62076,300595,,
VERISK ANALYTICS INC,92345Y106,61614,269374,,
ANTERO RESOURCES CORP,03674XAM8,61604,15000000,,AR
SITEONE LANDSCAPE SUPPLY INC,82982L103,61460,253673,,
OKTA INC,679295AF2,61371,51248000,,
CERNER CORP,156782104,61361,660719,,
SCHLUMBERGER LTD,806857108,60873,2032495,,
Q2 HLDGS INC,74736LAD1,60631,53821000,,
BLACKROCK INC,09247X101,60610,66200,CALL,
PHILIP MORRIS INTL INC,718172109,60432,636122,,
BLACKLINE INC,09239BAB5,59883,39802000,,
ASANA INC,04342Y104,59861,802965,,
CREDIT ACCEP CORP MICH,225310101,59622,86700,CALL,
COUPA SOFTWARE INC,22266L106,59490,376400,PUT,
FIRST REP BK SAN FRANCISCO C,33616C100,59038,285883,,
SAREPTA THERAPEUTICS INC,803607AB6,59031,40217000,,
RINGCENTRAL INC,76680RAF4,58965,62641000,,
CINEMARK HLDGS INC,17243VAB8,58623,40970000,,
FORTIVE CORP,34959J108,58037,760740,,FTV
BOSTON SCIENTIFIC CORP,101137107,57987,1365050,,BSX
KIRBY CORP,497266106,57864,973820,,KEX
VARONIS SYS INC,922280AB8,57499,33483000,,
PELOTON INTERACTIVE INC,70614W100,57448,1606500,PUT,
AMERICAN AIRLINES GROUP INC,02376RAF9,57229,41250000,,AAL
LYONDELLBASELL INDUSTRIES N,N53745100,57140,619535,,
QUEST DIAGNOSTICS INC,74834L100,56989,329395,,DGX
TORONTO DOMINION BK ONT,891160509,56766,740000,CALL,
PURE STORAGE INC,74624MAB8,56239,42000000,,
HDFC BANK LTD,40415F101,56052,861412,,HDB
LYFT INC,55087P104,55724,1304099,,
HOLLYFRONTIER CORP,436106108,55588,1695788,,
KOSMOS ENERGY LTD,500688106,55360,16000000,,KOS
KKR & CO INC,48251W104,55261,741754,,
INTERACTIVE BROKERS GROUP IN,45841N107,55151,694421,,
TAKE-TWO INTERACTIVE SOFTWAR,874054109,54926,309058,,
DOW INC,260557103,54823,966547,,DOW
COGNIZANT TECHNOLOGY SOLUTIO,192446102,54609,615520,,
QORVO INC,74736K101,53882,344536,,
WYNN RESORTS LTD,983134107,53703,631500,PUT,WYNN
ACADEMY SPORTS & OUTDOORS IN,00402L107,53469,1217977,,
OTIS WORLDWIDE CORP,68902V107,53457,613949,,OTIS
OKTA INC,679295105,53420,238300,CALL,
GLOBAL PMTS INC,37940X102,53415,395143,,
LABORATORY CORP AMER HLDGS,50540R409,53152,169160,,
CNX RES CORP,12653C108,52918,3848553,,
ETSY INC,29786A106,52611,240300,PUT,ETSY
AES CORP,00130H105,52597,2164506,,AES
PEPSICO INC,713448108,52391,301600,CALL,PEP
PARKER-HANNIFIN CORP,701094104,52313,164444,,PH
DIGITALOCEAN HLDGS INC,25402D102,52110,648702,,
HERBALIFE NUTRITION LTD,G4412G101,52086,1272560,,
HOST HOTELS & RESORTS INC,44107P104,51787,2977985,,
OVERSTOCK COM INC DEL,690370101,51686,875892,,
SUNPOWER CORP,867652406,51549,2470004,,
CANADIAN IMP BK COMM,136069101,51529,441800,,
ALLEGHENY TECHNOLOGIES INC,01741RAK8,51442,39452000,,
AMBARELLA INC,G037AX101,51328,252984,,AMBA
IHEARTMEDIA INC,45174J509,51193,2433137,,
ABBOTT LABS,002824100,51123,363242,,
CARNIVAL CORP,143658300,51119,2540700,PUT,CCL
ELASTIC N V,N14506104,50615,411204,,
HELIX ENERGY SOLUTIONS GRP I,42330PAK3,50524,51005000,,
SPLUNK INC,848637104,50373,435300,PUT,
LAM RESEARCH CORP,512807108,50341,70000,CALL,LRCX
MANDIANT INC,31816QAF8,50280,48145000,,
UNILEVER PLC,904767704,50181,932914,,UNLYF
IQIYI INC,46267XAD0,50160,68600000,,
ELECTRONIC ARTS INC,285512109,49827,377764,,EA
MARRIOTT VACATIONS WORLDWIDE,57164Y107,49507,292974,,
BLOOM ENERGY CORP,093712AH0,49503,31800000,,BE
CANADIAN NAT RES LTD,136385101,49476,1170200,,
MCKESSON CORP,58155Q103,49250,198132,,MCK
OMNICOM GROUP INC,681919106,49166,671019,,OMC
HP INC,40434L105,49134,1304326,,HPQ
AVANTOR INC,05352A100,48947,1161538,,
CHURCHILL CAPITAL CORP V,17144T107,48708,4950000,,
NEUROCRINE BIOSCIENCES INC,64125CAD1,48457,38635000,,NBIX
SM ENERGY CO,78454L100,48130,1632642,,SM
ZILLOW GROUP INC,98954M101,48027,771889,,
ASTRAZENECA PLC,046353108,47820,820943,,AZN
FLOOR & DECOR HLDGS INC,339750101,47773,367457,,
CNX RES CORP,12653CAG3,47590,36258000,,
GILEAD SCIENCES INC,375558103,47362,652278,,
MATADOR RES CO,576485205,47082,1275235,,
RAYTHEON TECHNOLOGIES CORP,75513E101,47067,546913,,
ARCH CAP GROUP LTD,G0450A105,46693,1050470,,
AMEDISYS INC,023436108,46413,286715,,
PNC FINL SVCS GROUP INC,693475105,46380,231300,CALL,
ZEBRA TECHNOLOGIES CORPORATI,989207105,46366,77900,CALL,
VIPSHOP HOLDINGS LIMITED,92763W103,46289,5510543,,
KEURIG DR PEPPER INC,49271V100,46242,1254541,,KDP
WORKIVA INC,98139A105,46232,354295,,WK
JOYY INC,98426TAD8,46122,50600000,,JOYY
LITHIA MTRS INC,536797103,45926,154658,,
ALLSCRIPTS HEALTHCARE SOLUTN,01988P108,45916,2488660,,
EPAM SYS INC,29414B104,45856,68600,PUT,
ULTRAGENYX PHARMACEUTICAL IN,90400D108,45705,543520,,
IONIS PHARMACEUTICALS INC,462222AB6,45502,50485000,,IONS
AKAMAI TECHNOLOGIES INC,00971T101,45464,388452,,AKAM
AMERICAN AIRLS GROUP INC,02376R102,45432,2529600,PUT,
TRAVEL PLUS LEISURE CO,894164102,45396,821353,,
ZENDESK INC,98936JAD3,45183,37665000,,
YELP INC,985817105,45044,1242929,,YELP
SMART GLOBAL HLDGS INC,83205YAB0,44924,24115000,,
ALLEGHENY TECHNOLOGIES INC,01741R102,44516,2794500,,
ALTRIA GROUP INC,02209S103,44220,933100,PUT,
ENCOMPASS HEALTH CORP,29261A100,44196,677230,,EHC
AMERICAN HOMES 4 RENT,02665T306,44181,1013082,,AMH-PH
BP PLC,055622104,43900,1648500,PUT,BPPFF
EVERBRIDGE INC,29978AAC8,43900,44764000,,
RIO TINTO PLC,767204100,43786,654107,,RTPPF
GLOBAL E ONLINE LTD,M5216V106,43727,689812,,
ACCENTURE PLC IRELAND,G1151C101,43594,105161,,
ROLLINS INC,775711104,43188,1262436,,ROL
CONTINENTAL RES INC,212015101,43162,964301,,
INNOVIVA INC,88338TAB0,42956,39336000,,
WORLD WRESTLING ENTMT INC,98156QAB4,42862,20779000,,
COMMUNITY HEALTH SYS INC NEW,203668108,42582,3199265,,
ARCH RESOURCES INC,039389AB7,42555,16164000,,
NETAPP INC,64110D104,42535,462390,,
WORKDAY INC,98138H101,42370,155099,,
TEXAS CAP BANCSHARES INC,88224Q107,42352,702945,,
NUCOR CORP,670346105,42190,369600,PUT,NUE
GENERAC HLDGS INC,368736104,42019,119400,PUT,
TRIPADVISOR INC,896945201,42019,1541414,,
MARKETAXESS HLDGS INC,57060D108,41744,101500,PUT,
ANTHEM INC,036752103,41611,89768,,
CONOCOPHILLIPS,20825C104,41590,576200,CALL,COP
GOGO INC,38046C109,41580,3073150,,GOGO
CHAMPIONX CORPORATION,15872M104,41562,2056491,,
PTC THERAPEUTICS INC,69366J200,41541,1042969,,
FIVE9 INC,338307AD3,41509,33822000,,
SPLUNK INC,848637AD6,41374,37400000,,
HILTON WORLDWIDE HLDGS INC,43300A203,41304,264786,,
HERCULES CAPITAL INC,427096AF9,41288,40019000,,
INSMED INC,457669AA7,41259,40244000,,INSM
POOL CORP,73278L105,41205,72800,CALL,POOL
FLEETCOR TECHNOLOGIES INC,339041105,41117,183689,,
CHENIERE ENERGY INC,16411R208,41107,405316,,
MOHAWK INDS INC,608190104,41077,225475,,
BLACK KNIGHT INC,09215C105,41050,495239,,
TRIP COM GROUP LTD,89677Q107,40969,1664041,,
BLOOMIN BRANDS INC,094235AB4,40910,21000000,,
OWENS & MINOR INC NEW,690732102,40844,938952,,
PINDUODUO INC,722304102,40822,700200,PUT,
CHURCHILL DOWNS INC,171484108,40728,169068,,CHDN
ZYNGA INC,98986TAB4,40455,37500000,,
INVITATION HOMES INC,46187W107,40421,891505,,INVH
FUTU HLDGS LTD,36118L106,40247,929500,CALL,
JUST EAT TAKEAWAY COM N V,48214T305,39729,3692253,,
METTLER TOLEDO INTERNATIONAL,592688105,39715,23400,CALL,
CORTEVA INC,22052L104,39615,837884,,
WASTE CONNECTIONS INC,94106B101,39387,289033,,
STARBUCKS CORP,855244109,39325,336200,CALL,SBUX
EXACT SCIENCES CORP,30063PAA3,39069,30423000,,
NUVASIVE INC,670704AL9,39015,38923000,,
APTIV PLC,G6095L109,38906,235868,,APTV
MSCI INC,55354G100,38783,63300,CALL,MSCI
FORTUNE BRANDS HOME & SEC IN,34964C106,38706,362074,,
SOUTHWESTERN ENERGY CO,845467109,38699,8304583,,
PAYCOM SOFTWARE INC,70432V102,38613,93000,PUT,
DYNATRACE INC,268150109,38435,636868,,
INTERNATIONAL PAPER CO,460146103,38417,817733,,
CLEVELAND-CLIFFS INC NEW,185899101,38402,1764000,PUT,CLF
PENN NATL GAMING INC,707569AU3,38370,16156000,,
NEWS CORP NEW,65249B109,38360,1719413,,NWSLL
DUKE ENERGY CORP NEW,26441C204,38082,363029,,DUK-PA
MGM RESORTS INTERNATIONAL,552953101,37945,845474,,MGM
JD.COM INC,47215P106,37838,540000,PUT,
BLACKLINE INC,09239B109,37803,365102,,
MATTEL INC,577081102,37626,1745162,,
SPDR SER TR,78464A698,37584,530471,,
OREILLY AUTOMOTIVE INC,67103H107,37350,52886,,
ISHARES TR,464288513,37293,428609,,
ALASKA AIR GROUP INC,011659109,37109,712261,,
ROYAL CARIBBEAN GROUP,780153BF8,37046,31244000,,
3-D SYS CORP DEL,88554D205,36687,1703187,,
RAMBUS INC DEL,750917106,36614,1245781,,RMBS
BECTON DICKINSON & CO,075887109,36585,145477,,BDX
AIR PRODS & CHEMS INC,009158106,36511,120000,CALL,
BLUESCAPE OPPORTUNITIES ACQU,G1195N105,36302,3708046,,
FASTLY INC,31188V100,36301,1024000,PUT,
SAGE THERAPEUTICS INC,78667J108,36222,851476,,
ALTICE USA INC,02156K103,36135,2233283,,
INFINERA CORP,45667GAC7,36041,30375000,,
TRAVERE THERAPEUTICS INC,761299AB2,35441,32436000,,
MAGNA INTL INC,559222401,35413,437451,,
AUTONATION INC,05329W102,35274,301876,,
CHURCH & DWIGHT CO INC,171340102,35263,344030,,
SOUTHERN COPPER CORP,84265V105,35258,571353,,
ZTO EXPRESS CAYMAN INC,98980A105,35124,1244646,,
LENNAR CORP,526057104,34662,298401,,
REPLIGEN CORP,759916AB5,34585,14770000,,RGEN
AMERISOURCEBERGEN CORP,03073E105,34532,259854,,
RINGCENTRAL INC,76680R206,34435,183800,CALL,
INNOVATIVE INDL PPTYS INC,45781V101,34329,130575,,
ROYAL CARIBBEAN GROUP,V7780T103,34244,445300,CALL,
CHEWY INC,16679L109,34208,580100,PUT,
WEC ENERGY GROUP INC,92939U106,34109,351383,,
NORFOLK SOUTHN CORP,655844108,33846,113687,,
JOYY INC,98426TAF3,33811,37716000,,JOYY
OVINTIV INC,69047Q102,33771,1002097,,OVV
MOOG INC,615394202,33659,415691,,MOG-B
REALOGY HLDGS CORP,75605Y106,33620,2000000,,
IQVIA HLDGS INC,46266C105,33600,119089,,
HENNESSY CAPITAL INVS CORP V,42589T107,33267,3415500,,
UNDER ARMOUR INC,904311AC1,33171,17426000,,
ALLEGHENY TECHNOLOGIES INC,01741RAG7,33117,27222000,,
IDEXX LABS INC,45168D104,33055,50200,CALL,
MICROCHIP TECHNOLOGY INC.,595017104,33006,379123,,MCHPP
REDBALL ACQUISITION CORP,G7417R105,32939,3320477,,
US BANCORP DEL,902973304,32885,585455,,
OWENS CORNING NEW,690742101,32880,363318,,OC
PERSHING SQUARE TONTINE HLDG,71531R109,32864,1666530,,
IMPERIAL OIL LTD,453038408,32822,909544,,IMO
EQUITY LIFESTYLE PPTYS INC,29472R108,32756,373669,,
INSULET CORP,45784P101,32678,122816,,PODD
IQIYI INC,46267XAE8,32660,45500000,,
APPLOVIN CORP,03831W108,32592,345767,,APP
DEVON ENERGY CORP NEW,25179M103,32465,737000,PUT,
COMMERCIAL METALS CO,201723103,32427,893561,,CMC
TFI INTL INC,87241L109,32419,288884,,
GLAXOSMITHKLINE PLC,37733W105,32362,733830,,
VICTORIAS SECRET AND CO,926400102,32280,581194,,
LENDINGCLUB CORP,52603A208,32268,1334505,,
SAREPTA THERAPEUTICS INC,803607100,32246,358095,,
LI AUTO INC,50202M102,32197,1003015,,LAAOF
TRANSOCEAN LTD,H8817H100,32142,11645815,,RIG
FAIR ISAAC CORP,303250104,32092,74000,PUT,FICO
SHERWIN WILLIAMS CO,824348106,32047,91000,CALL,SHW
CATALENT INC,148806102,31962,249641,,
NOVAVAX INC,670002401,31962,223400,PUT,NVAX
ALIGN TECHNOLOGY INC,016255101,31939,48600,CALL,ALGN
KLA CORP,482480100,31928,74233,,KLAC
VALERO ENERGY CORP,91913Y100,31779,423100,PUT,
QUANTUMSCAPE CORP,74767V109,31725,1429700,PUT,QS
AMDOCS LTD,G02602103,31705,423635,,DOX
CC NEUBERGER PRIN HLDGS II,G3166T103,31424,3174095,,
CORNING INC,219350105,31384,842987,,
CARLYLE GROUP INC,14316J108,31302,570157,,CGABL
AMETEK INC,031100100,31297,212849,,
AVALONBAY CMNTYS INC,053484101,31145,123304,,
EMERGENT BIOSOLUTIONS INC,29089Q105,31117,715838,,EBS
VICI PPTYS INC,925652109,31105,1033029,,
DISCOVERY INC,25470F104,31049,1319000,PUT,
FMC CORP,302491303,31047,282526,,FMC
AECOM,00766T100,30994,400701,,ACM
BURGUNDY TECHNOLOGY ACQU COR,G1702T116,30868,3083750,,
CYBERARK SOFTWARE LTD,23248VAB1,30535,24071000,,
CAMPING WORLD HLDGS INC,13462K109,30469,754192,,
STITCH FIX INC,860897107,30397,1606612,,
HALOZYME THERAPEUTICS INC,40637HAB5,30383,17444000,,
OLD DOMINION FREIGHT LINE IN,679580100,30350,84686,,
BAOZUN INC,06684LAB9,30281,32254000,,BZUN
CISCO SYS INC,17275R102,30247,477300,CALL,
TOWER SEMICONDUCTOR LTD,M87915274,30070,757822,,TSEM
FORTINET INC,34959E109,30046,83600,PUT,
MERCURY SYS INC,589378108,29888,542820,,
KNOWLES CORP,49926D109,29873,1279374,,KN
UNDER ARMOUR INC,904311107,29844,1408385,,
DAVITA INC,23918K108,29827,262188,,DVA
MYRIAD GENETICS INC,62855J104,29760,1078267,,MYGN
ANTERO RESOURCES CORP,03674X106,29704,1697373,,AR
UNITED RENTALS INC,911363109,29678,89314,,
SVB FINANCIAL GROUP,78486Q101,29368,43300,CALL,
GARTNER INC,366651107,29149,87189,,IT
KNIGHT-SWIFT TRANSN HLDGS IN,499049104,28903,474281,,
TENCENT MUSIC ENTMT GROUP,88034P109,28881,4216193,,
TORTOISEECOFIN ACQUISITION C,G8956E109,28779,2970000,,
HENNESSY CAPITAL INVST CORP,42600H108,28750,2970000,,
BENEFITFOCUS INC,08180DAB2,28630,29786000,,
AMEREN CORP,023608102,28619,321530,,AEE
INGEVITY CORP,45688C107,28590,398742,,NGVT
BROADCOM INC,11135F200,28502,13750,,AVGO
WIX COM LTD,M98068105,28481,180500,PUT,
MONDELEZ INTL INC,609207105,28424,428650,,
PARK HOTELS & RESORTS INC,700517105,28382,1503278,,PK
TRAVELERS COMPANIES INC,89417E109,28297,180893,,
VOCERA COMMUNICATIONS INC,92857F107,28244,435597,,
FISKER INC,33813J106,28167,1790639,,
MOLINA HEALTHCARE INC,60855R100,28122,88413,,
PTC THERAPEUTICS INC,69366JAB7,27902,26383000,,
LUMEN TECHNOLOGIES INC,550241103,27901,2223180,,
SOUTH JERSEY INDS INC,838518306,27789,498189,,
WATERS CORP,941848103,27776,74546,,
AMERICAN EXPRESS CO,025816109,27763,169700,PUT,AXP
HESS CORP,42809H107,27757,374939,,
PUBLIC STORAGE,74460D109,27680,73900,PUT,PSA-PS
CONFLUENT INC,20717M103,27672,362957,,
UNUM GROUP,91529Y106,27599,1123285,,UNMA
KOHLS CORP,500255104,27508,556953,,KSS
ENVISTA HOLDINGS CORPORATION,29415F104,27470,609633,,NVST
APPLIED MATLS INC,038222105,27401,174128,,
GENERAL ELECTRIC CO,369604301,27227,288208,PUT,GE
SEAGATE TECHNOLOGY HLDNGS PL,G7997R103,27217,240900,PUT,
KONINKLIJKE PHILIPS N V,500472303,27131,736249,,
DIAMONDROCK HOSPITALITY CO,252784301,27105,2820454,,DRH
PETROLEO BRASILEIRO SA PETRO,71654V408,27064,2464800,PUT,
SIGNATURE BK NEW YORK N Y,82669G104,27010,83500,PUT,
MERIT MED SYS INC,589889104,26960,432748,,
SCION TECH GROWTH I,G31067104,26820,2747933,,
UNITED THERAPEUTICS CORP DEL,91307C102,26807,124062,,UTHR
DATADOG INC,23804LAB9,26661,13252000,,
DOMINION ENERGY INC,25746U133,26602,264270,,
PEBBLEBROOK HOTEL TR,70509V100,26448,1182280,,
SMUCKER J M CO,832696405,26413,194469,,
HUMANA INC,444859102,26301,56700,PUT,HUM
INTERDIGITAL INC,45867G101,26288,366998,,
ORGANON & CO,68622V106,26282,863113,,OGN
METLIFE INC,59156R108,26263,420269,,MET-PF
S&P GLOBAL INC,78409V104,26158,55428,,SPGI
SOCIAL CAPITAL HEDOSOPHA HLD,G8251L105,26152,2566453,,
LEGGETT & PLATT INC,524660107,26133,634907,,LEG
WOLFSPEED INC,225447AD3,26109,10638000,,
BERKLEY W R CORP,084423102,26042,316087,,WRB-PH
REVOLVE GROUP INC,76156B107,26041,464678,,
AGNICO EAGLE MINES LTD,008474108,25947,488273,,AEM
YELLOW CORP,985510106,25922,2058929,,
CANADIAN PAC RY LTD,13645T100,25872,359530,,
INVESCO LTD,G491BT108,25830,1122061,,IVZ
COMSTOCK RES INC,205768302,25800,3189175,,
CINTAS CORP,172908105,25792,58200,CALL,CTAS
VANECK ETF TRUST,92189F676,25768,83448,,
ILLUMINA INC,452327109,25756,67700,PUT,
CIENA CORP,171779309,25749,334532,,CIEN
FACTSET RESH SYS INC,303075105,25710,52900,CALL,
GOPRO INC,38268T103,25632,2486167,,
SITIME CORP,82982T106,25560,87371,,SITM
HANESBRANDS INC,410345102,25552,1528213,,
DISH NETWORK CORPORATION,25470M109,25540,787291,,
INGERSOLL RAND INC,45687V106,25530,412641,,IR
MICROCHIP TECHNOLOGY INC.,595017AF1,25524,10000000,,MCHPP
NUVEI CORPORATION,67079A102,25446,392300,,
NORTONLIFELOCK INC,668771108,25284,973222,,
BANK MONTREAL QUE,063671101,25230,234200,CALL,
DIAMONDBACK ENERGY INC,25278X109,25161,233300,PUT,
PENTAIR PLC,G7S00T104,25099,343678,,PNR
SUN LIFE FINANCIAL INC.,866796105,25063,450000,CALL,SLFQF
PLANET FITNESS INC,72703H101,25024,276259,,
COMERICA INC,200340107,24886,286045,,
MOLSON COORS BEVERAGE CO,60871R209,24885,536899,,TAP
AUSTERLITZ ACQUISITION CORP,G0633U101,24848,2556425,,
BANK NOVA SCOTIA B C,064149107,24792,350000,PUT,
SONOS INC,83570H108,24785,831719,,SONO
WILLIAMS COS INC,969457100,24700,948522,,
VMWARE INC,928563402,24676,212946,,
VULCAN MATLS CO,929160109,24525,118147,,
GENERAL MLS INC,370334104,24502,363641,,
ARISTA NETWORKS INC,040413106,24323,169200,CALL,
COMPUTE HEALTH ACQUISITIN CO,204833107,24268,2494179,,
PACIFIC BIOSCIENCES CALIF IN,69404D108,24229,1184214,,
PTC INC,69370C100,24148,199325,,PTC
FASTENAL CO,311900104,24092,376089,,FAST
TRUIST FINL CORP,89832Q109,24036,410524,,
NEWELL BRANDS INC,651229106,23982,1098076,,NWL
BIO RAD LABS INC,090572207,23952,31700,PUT,
SILVERSPAC INC,G8136V104,23933,2475000,,
QUANTA SVCS INC,74762E102,23927,208677,,
DYNAVAX TECHNOLOGIES CORP,268158201,23915,1699729,,
SABRE GLBL INC,78573NAE2,23860,17375000,,
NETSCOUT SYS INC,64115T104,23737,717554,,
VEECO INSTRS INC DEL,922417100,23726,833378,,
RINGCENTRAL INC,76680RAH0,23717,26637000,,
APOLLO GLOBAL MGMT INC,03768E105,23715,327413,,
PRIMAVERA CAPITAL ACQUIST CO,G7255E109,23672,2437913,,
NEOGENOMICS INC,64049MAA8,23661,19900000,,NEO
LIGAND PHARMACEUTICALS INC,53220KAF5,23657,23540000,,LGNZZ
CAESARS ENTERTAINMENT INC NE,12769G100,23644,252800,PUT,
LIBERTY MEDIA CORP DEL,531229854,23618,373469,,FWONB
CMS ENERGY CORP,125896100,23593,362695,,CMS-PC
ALTITUDE ACQUISITION CORP,02156Y103,23580,2381777,,
CME GROUP INC,12572Q105,23413,102480,,CME
CHEGG INC,163092109,23377,761473,,
BRIDGETOWN HOLDINGS LTD,G1355U113,23370,2379837,,
HH&L ACQUISITION CO,G39714103,23338,2398579,,
L3HARRIS TECHNOLOGIES INC,502431109,23335,109431,,
CALLAWAY GOLF COMPANY,131193AE4,23323,13500000,,
WHIRLPOOL CORP,963320106,23302,99300,CALL,
VY GLOBAL GROWTH,G9444H100,23288,2373866,,
GRAINGER W W INC,384802104,23276,44914,,
BRUKER CORP,116794108,23230,276850,,BRKRP
AVANOS MED INC,05350V106,23224,669852,,
WESTROCK CO,96145D105,23179,522524,,
DICKS SPORTING GOODS INC,253393102,23159,201400,PUT,
PACKAGING CORP AMER,695156109,23059,169361,,
EVERGY INC,30034W106,23054,336021,,
DANAHER CORPORATION,235851102,23031,70000,CALL,
MATCH GROUP INC NEW,57667L107,22813,172500,CALL,
KINDER MORGAN INC DEL,49456B101,22793,1437150,,
ALLISON TRANSMISSION HLDGS I,01973R101,22689,624186,,
LAREDO PETROLEUM INC,516806205,22689,377327,,
MANHATTAN ASSOCIATES INC,562750109,22638,145589,,MANH
CBRE GROUP INC,12504L109,22633,208583,,
2U INC,90214J101,22624,1127274,,
BLOCK H & R INC,093671105,22614,959867,,
FIRST SOLAR INC,336433107,22609,259400,PUT,
FLOWSERVE CORP,34354P105,22566,737436,,FLS
SLM CORP,78442P106,22481,1142885,,SLMBP
SPRING VY ACQUISITION CORP,G8377A108,22449,2238155,,
TEXAS ROADHOUSE INC,882681109,22370,250556,,
T-MOBILE US INC,872590104,22315,192400,PUT,
RESIDEO TECHNOLOGIES INC,76118Y104,22289,856264,,
WORKIVA INC,98139AAB1,22155,12500000,,WK
HERTZ GLOBAL HLDGS INC,42806J148,22140,1388091,,
ARROW ELECTRS INC,042735100,22134,164846,,
DTE ENERGY CO,233331107,22087,184767,,DTG
AGCO CORP,001084102,22025,189841,,
GODADDY INC,380237107,21912,258217,,GDDY
CONX CORP,212873103,21887,2228806,,
GENTEX CORP,371901109,21830,626400,,GNTX
DOXIMITY INC,26622P107,21798,434830,,
POPULAR INC,733174700,21739,264986,,
AMICUS THERAPEUTICS INC,03152W109,21702,1878937,,
CYBERARK SOFTWARE LTD,M2682V108,21677,125100,PUT,
UNIVERSAL DISPLAY CORP,91347P105,21670,131312,,
REXFORD INDL RLTY INC,76169C100,21665,267112,,
MIDDLEBY CORP,596278101,21657,110069,,MIDD
LIVERAMP HLDGS INC,53815P108,21525,448909,,
SILICON LABORATORIES INC,826919102,21480,104060,,SLAB
MANULIFE FINL CORP,56501R106,21455,1125000,CALL,
DOLLAR TREE INC,256746108,21439,152571,,
INOVIO PHARMACEUTICALS INC,45773H201,21408,4290160,,
REALTY INCOME CORP,756109104,21383,298680,,O
TYSON FOODS INC,902494103,21242,243714,,
ROYAL BK CDA,780087102,21239,200000,PUT,
LIVEPERSON INC,538146AD3,21225,25014000,,LPSN
ARENA PHARMACEUTICALS INC,040047607,21221,228325,,
APPIAN CORP,03782L101,21169,324632,,APPN
FARFETCH LTD,30744W107,21161,633000,PUT,
HOVNANIAN ENTERPRISES INC,442487401,21151,166164,,HOVNP
CAREDX INC,14167L103,21042,462662,,
EQUITY COMWLTH,294628102,21026,811799,,
TTM TECHNOLOGIES INC,87305R109,20911,1403419,,TTMI
EATON CORP PLC,G29183103,20898,120922,,ETN
XEROX HOLDINGS CORP,98421M106,20839,920430,,XRXDW
G III APPAREL GROUP LTD,36237H101,20722,749704,,
CAMPBELL SOUP CO,134429109,20691,476104,,
BILIBILI INC,090040106,20685,445800,CALL,BLBLF
MARTIN MARIETTA MATLS INC,573284106,20660,46900,CALL,
NOW INC,67011P100,20652,2418315,,
HUDSON EXECUTIVE INVES III,44376L107,20641,2123526,,
MGM GROWTH PPTYS LLC,55303A105,20625,504899,,
BRIDGEBIO PHARMA INC,10806X102,20621,1236249,,
NVENT ELECTRIC PLC,G6700G107,20576,541475,,NVT
MELCO RESORTS AND ENTMNT LTD,585464100,20541,2017778,,
HEALTHEQUITY INC,42226A107,20514,463700,,
STONECO LTD,G85158106,20474,1214360,,STNE
DIEBOLD NIXDORF INC,253651103,20473,2262202,,
RED ROCK RESORTS INC,75700L108,20398,370806,,
FIRSTSERVICE CORP NEW,33767E202,20394,103711,,FSV
EVERSOURCE ENERGY,30040W108,20388,224095,,ES
COSTAR GROUP INC,22160N109,20254,256281,,
BROOKDALE SR LIVING INC,112463104,20233,3921172,,
NEVRO CORP,64157F103,20193,249077,,
LEGEND BIOTECH CORP,52490G102,20187,433096,,LEGN
ACUITY BRANDS INC,00508Y102,20112,94995,,
DROPBOX INC,26210C104,20062,817504,,
VAREX IMAGING CORP,92214XAB2,20006,12000000,,VREX
MANDIANT INC,562662106,19962,1138095,,
VANGUARD INDEX FDS,922908553,19920,171712,,
POST HLDGS INC,737446104,19887,176410,,
VALVOLINE INC,92047W101,19862,532649,,VVV
NEW YORK TIMES CO,650111107,19854,411049,,NYT
FORTIVE CORP,34959JAK4,19845,19840000,,FTV
CARVANA CO,146869102,19818,85500,CALL,CVNA
WESTERN UN CO,959802109,19736,1106294,,
AUTOHOME INC,05278C107,19713,668683,,ATHM
ELLIOTT OPPORTUNITY II CORP,G30092103,19601,2006218,,
CONAGRA BRANDS INC,205887102,19567,572973,,CAG
STIFEL FINL CORP,860630102,19558,277735,,
FOX CORP,35137L204,19504,569115,,FOX
TASKUS INC,87652V109,19425,359982,,
EXECUTIVE NETWORK PARTNERING,30158L100,19417,1979341,,
LHC GROUP INC,50187A107,19364,141104,,
BELDEN INC,077454106,19344,294302,,BDC
SMITH A O CORP,831865209,19312,224950,,AOS
VONTIER CORPORATION,928881101,19259,626713,,VNT
BLUEPRINT MEDICINES CORP,09627Y109,19255,179767,,
FIVERR INTL LTD,M4R82T106,19215,169000,PUT,
WAVERLEY CAPITAL ACQUIS CORP,G06536109,19206,1980000,,
APARTMENT INCOME REIT CORP,03750L109,19136,350030,,
UNIVAR SOLUTIONS INC,91336L107,19108,673988,,
BLOOMIN BRANDS INC,094235108,19022,906673,,
HOWMET AEROSPACE INC,443201108,18945,595206,,HWM
CHEFS WHSE INC,163086101,18913,567951,,
INTEGRATED RAIL AND RES ACQ,45827R205,18894,1880000,,
HELLO GROUP INC,60879BAB3,18880,21650000,,MOMO
AFRICAN GOLD ACQUISITION COR,G0112R108,18879,1950314,,
SPDR INDEX SHS FDS,78463X863,18866,529950,,
GUIDEWIRE SOFTWARE INC,40171VAA8,18734,16000000,,
VIRGIN GALACTIC HOLDINGS INC,92766K106,18724,1399428,,
JOFF FINTECH ACQUISITION COR,46592C100,18718,1919760,,
CDK GLOBAL INC,12508E101,18561,444670,,
AXON ENTERPRISE INC,05464C101,18488,117759,,
CUBESMART,229663109,18479,324705,,CUBE
GUESS INC,401617105,18340,774513,,
FIVE BELOW INC,33829M101,18251,88215,,
SHOCKWAVE MED INC,82489T104,18242,102292,,
MARRIOTT INTL INC NEW,571903202,18203,110161,,
EXELIXIS INC,30161Q104,18152,992985,,
CREDIT SUISSE GROUP,225401108,18149,1882640,,
FTI CONSULTING INC,302941AP4,18142,11676000,,
CADENCE DESIGN SYSTEM INC,127387108,18137,97329,,
HONDA MOTOR LTD,438128308,18078,635436,,
FRANCO NEV CORP,351858105,18076,130708,,
BEST BUY INC,086516101,18050,177658,,
PAGERDUTY INC,69553P100,18039,519119,,
MACONDRAY CAP ACQUISITN CORP,G5853A107,18035,1830920,,
PRECIGEN INC,46122TAA0,17988,22500000,,
TYLER TECHNOLOGIES INC,902252105,17914,33300,CALL,TYL
ARGENX SE,04016X101,17907,51135,,ARGX
COVETRUS INC,22304C100,17889,895790,,
LEIDOS HOLDINGS INC,525327102,17883,201157,,
GO ACQUISITION CORP,362019101,17876,1816704,,
JETBLUE AWYS CORP,477143101,17867,1254707,,
UPWORK INC,91688F104,17829,521937,,
BENTLEY SYS INC,08265T208,17783,367951,,
HEALTHCARE TR AMER INC,42225P501,17762,531964,,
ONEMAIN HLDGS INC,68268W103,17740,354510,,
COHN ROBBINS HOLDINGS CORP,G23726105,17702,1800810,,
MAXAR TECHNOLOGIES INC,57778K105,17672,598061,,
DUPONT DE NEMOURS INC,26614N102,17637,218332,,
ARBOR REALTY TRUST INC,038923AP3,17630,16000000,,ABR-PF
ROCKWELL AUTOMATION INC,773903109,17617,50500,CALL,
QURATE RETAIL INC,74915M100,17570,2311859,,
MEDNAX INC,58502B106,17552,645063,,
ROYAL GOLD INC,780287108,17516,166486,,RGLD
FISERV INC,337738108,17489,168500,PUT,FISV
CLOVIS ONCOLOGY INC,189464AC4,17480,26050000,,
USANA HEALTH SCIENCES INC,90328M107,17476,172692,,USNA
NISOURCE INC,65473P105,17454,632154,,NI
LIVE NATION ENTERTAINMENT IN,538034109,17355,145000,CALL,
UNDER ARMOUR INC,904311206,17325,960366,,
BOX INC,10316T104,17301,660578,,BXCAP
FRONTDOOR INC,35905A109,17292,471823,,
POST HOLDINGS PARTNERING COR,737465104,17248,1760000,,
COLUMBIA BKG SYS INC,197236102,17243,526977,,
HEALTH ASSURN ACQUISITION CO,42226W109,17240,1764625,,
VISHAY INTERTECHNOLOGY INC,928298108,17220,787382,,VSH
WYNDHAM HOTELS & RESORTS INC,98311A105,17219,192065,,
CAMECO CORP,13321L108,17202,788700,CALL,CCJ
PRA GROUP INC,69354N106,17161,341775,,PRAA
VEEVA SYS INC,922475108,17117,67000,PUT,
TEVA PHARMACEUTICAL INDS LTD,881624209,17090,2133610,,
FTI CONSULTING INC,302941109,17008,110857,,
SEMPRA,816851109,16999,128508,,SREA
XYLEM INC,98419M100,16996,141729,,XYL
GREEN PLAINS INC,393222104,16960,487917,,GPRE
C3 AI INC,12468P104,16928,541700,PUT,
TERADATA CORP DEL,88076W103,16925,398527,,
QIAGEN NV,N72482123,16913,304292,,
SAIA INC,78709Y105,16888,50107,,SAIA
FIVERR INTL LTD,33835LAA3,16855,18000000,,
CLARIVATE PLC,G21810208,16781,185000,,CLVT
TRADEWEB MKTS INC,892672106,16772,167490,,
CENTENNIAL RESOURCE DEV INC,15136A102,16738,2799035,,
INDEPENDENCE HOLDINGS CORP,G4761A101,16707,1718877,,
GLOBAL CONSUMER ACQUISITN CO,37892B108,16666,1680000,,
CRACKER BARREL OLD CTRY STOR,22410J106,16556,128700,CALL,
TRISTAR ACQUISITION I CORP,G9074V106,16543,1695000,,
CNO FINL GROUP INC,12621E103,16532,693466,,
PROG HOLDINGS INC,74319R101,16497,365699,,
PAYLOCITY HLDG CORP,70438V106,16378,69353,,
LIBERTY GLOBAL PLC,G5480U120,16275,579387,,
H I G ACQUISITION CORP,G44898107,16261,1662691,,
ASCENDIS PHARMA A/S,04351P101,16177,120247,,ASND
EQUITABLE HLDGS INC,29452E101,16173,493243,,
RADIUS GLOBAL INFRASTRCTRE I,750481103,16158,1003611,,
PACCAR INC,693718108,16157,183066,,PCAR
AGENUS INC,00847G705,16119,5005974,,AGEN
PROTO LABS INC,743713109,16117,313859,,PRLB
SOUTHWEST AIRLS CO,844741108,16111,376068,,
VALE S A,91912E105,16087,1147400,CALL,
AUTOLIV INC,052800109,16016,154882,,ALV
ZANITE ACQUISITION CORP,98907K103,15983,1570048,,
NANOSTRING TECHNOLOGIES INC,63009R109,15940,377460,,
VISTA OUTDOOR INC,928377100,15925,345672,,
AMERICAN WTR WKS CO INC NEW,030420103,15901,84192,,
COPART INC,217204106,15895,104837,,CPRT
DENTSPLY SIRONA INC,24906P109,15865,284368,,XRAY
KROGER CO,501044101,15782,348697,,KR
IAA INC,449253103,15775,311638,,
IPG PHOTONICS CORP,44980X109,15732,91389,,IPGP
HORIZON THERAPEUTICS PUB L,G46188101,15721,145893,,
LANDCADIA HOLDINGS IV INC,51477A104,15684,1610294,,
BIOCRYST PHARMACEUTICALS INC,09058V103,15682,1132265,,BCRX
THE REALREAL INC,88339PAB7,15660,15153000,,
ENBRIDGE INC,29250N105,15634,400000,PUT,ENBNF
MOODYS CORP,615369105,15623,40000,CALL,
FIRSTMARK HORIZON ACQUISITIO,33765Y101,15618,1579150,,
VERMILION ENERGY INC,923725105,15599,1240231,,VET
DISH NETWORK CORPORATION,25470MAB5,15587,16550000,,
POWER INTEGRATIONS INC,739276103,15518,167059,,POWI
CONSTELLIUM SE,F21107101,15448,862512,,CSTM
ABIOMED INC,003654100,15444,43000,CALL,
CHANGE HEALTHCARE INC,15912K209,15435,220259,,
ANSYS INC,03662Q105,15432,38472,,
ON HLDG AG,H5919C104,15425,407963,,
LOUISIANA PAC CORP,546347105,15346,195859,,
TWIST BIOSCIENCE CORP,90184D100,15334,198134,,TWST
WHITING PETE CORP NEW,966387508,15272,236110,,
FLYWIRE CORPORATION,302492103,15260,400953,,FLYW
LENDINGTREE INC NEW,52603B107,15229,124218,,
WALGREENS BOOTS ALLIANCE INC,931427108,15194,291300,PUT,
TCW SPECIAL PURPOSE ACQU COR,87301L106,15192,1556536,,
AVNET INC,053807103,15185,368304,,AVT
DISCOVER FINL SVCS,254709108,15179,131355,,
GAMING & LEISURE PPTYS INC,36467J108,15119,310715,,
VIRIDIAN THERAPEUTICS INC,92790C104,15116,764613,,
AEA-BRIDGES IMPACT CORP,G01046104,15085,1510014,,
AGILE GROWTH CORP,G01202103,15074,1553989,,
FULCRUM THERAPEUTICS INC,359616109,15074,852148,,
DIGITAL WORLD ACQUISITION CO,25400Q113,15062,1141097,,
STRATASYS LTD,M85548101,15016,613135,,SSYS
GAP INC,364760108,15003,850000,PUT,GAP
NCL CORP LTD,62886HAX9,14944,10500000,,
VONAGE HLDGS CORP,92886TAJ1,14916,11149000,,
PG&E CORP,69331C108,14811,1220000,PUT,PCG-PX
TARGA RES CORP,87612G101,14806,283427,,
PPG INDS INC,693506107,14765,85625,,
SELECT SECTOR SPDR TR,81369Y407,14761,72200,,
ALLEGHANY CORP MD,017175100,14754,22100,CALL,
TRAJECTORY ALPHA ACQUISITION,89301B203,14746,1485000,,
GOLDEN FALCON ACQUISITION CO,38102H109,14693,1502402,,
TIVITY HEALTH INC,88870R102,14675,555033,,
PAYCHEX INC,704326107,14641,107258,,PAYX
SYNCHRONY FINANCIAL,87165B103,14627,315300,PUT,SYF-PB
GENUINE PARTS CO,372460105,14576,103968,,GPC
CANNAE HLDGS INC,13765N107,14572,414570,,
BRIGHT HORIZONS FAM SOL IN D,109194100,14554,115619,,
OPKO HEALTH INC,68375N103,14517,3018158,,
IRHYTHM TECHNOLOGIES INC,450056106,14514,123322,,
FRONTIER COMMUNICATIONS PARE,35909D109,14511,492058,,
SCHULTZE SPL PURP ACQ CORP I,808212104,14449,1485000,,
LUMENTUM HLDGS INC,55024U109,14426,136395,,
AUSTERLITZ ACQUISITION CORP,G0633D109,14368,1479758,,
JUPITER ACQUISITION CORP,482082104,14271,1485000,,
OMEROS CORP,682143AE2,14229,15500000,,OMER
BEST INC,08653CAB2,14190,18365000,,
XENON PHARMACEUTICALS INC,98420N105,14188,454169,,XENE
PRICE T ROWE GROUP INC,74144T108,14158,72000,CALL,TROW
ALLIANCE DATA SYSTEMS CORP,018581108,14157,212667,,
PHREESIA INC,71944F106,14151,339668,,
INTERDIGITAL INC,45867GAB7,14092,12839000,,
AUTODESK INC,052769106,14060,50000,CALL,
GFL ENVIRONMENTAL INC,36168Q104,14054,371308,,GFL
TREBIA ACQUISITION CORP,G9027T109,13931,1398707,,
DUTCH BROS INC,26701L100,13896,272947,,BROS
RXR ACQUISITION CORP,74981W107,13896,1425224,,
FERRARI N V,N3167Y103,13873,53600,CALL,
ANZU SPECIAL ACQUISITIN CORP,03737A101,13868,1422316,,
HOSTESS BRANDS INC,44109J106,13816,676615,,
TRANE TECHNOLOGIES PLC,G8994E103,13799,68301,,TT
IMMUNOGEN INC,45253H101,13784,1857706,,
DOVER CORP,260003108,13772,75837,,DOV
LANDSTAR SYS INC,515098101,13772,76929,,
KAR AUCTION SVCS INC,48238T109,13765,881225,,
JACKSON FINANCIAL INC,46817M107,13751,328735,,JXN-PA
WELLTOWER INC,95040Q104,13719,159949,,WELL
KELLOGG CO,487836108,13705,212745,,
FULL TRUCK ALLIANCE CO LTD,35969L108,13700,1636768,,
CHOICE HOTELS INTL INC,169905106,13664,87597,,
LOGISTICS INNOVTN TECHNLGS C,54141L100,13552,1400000,,
NATERA INC,632307104,13475,144283,,
VISTEON CORP,92839U206,13467,121170,,VC
MKS INSTRS INC,55306N104,13461,77286,,
1LIFE HEALTHCARE INC,68269GAB3,13422,14750000,,
ARCONIC CORPORATION,03966V107,13421,406567,,
HORMEL FOODS CORP,440452100,13400,274539,,
WILLIAMS ROWLAND ACQUISITION,96951B201,13345,1320000,,
ALCON AG,H01301128,13340,153125,,
BROOKFIELD RENEWABLE CORP,11284V105,13268,360261,,BEPC
CITIC CAPITAL ACQUISITION CO,G21513109,13217,1320370,,
NORTH ATLANTIC ACQUISITN COR,G66139109,13164,1343297,,
CURTISS WRIGHT CORP,231561101,13158,94887,,CW
DIGITAL TRANSFORMATN OPT COR,25401K107,13147,1356800,,
NORTHERN OIL AND GAS INC MN,665531307,13123,637657,,
SOLID POWER INC,83422N105,13110,1500000,,
SNAP ON INC,833034101,13108,60859,,
BLOOM ENERGY CORP,093712107,13081,596499,,BE
IRIDIUM COMMUNICATIONS INC,46269C102,13080,316772,,IRDM
EXTRA SPACE STORAGE INC,30225T102,13073,57658,,EXR
NATIONAL RETAIL PROPERTIES I,637417106,13071,271906,,
MRC GLOBAL INC,55345K103,13052,1897085,,
UGI CORP NEW,902681113,13052,125000,,
NEOGEN CORP,640491106,13028,286887,,NEOG
SUNSTONE HOTEL INVS INC NEW,867892101,13013,1109367,,
TENABLE HLDGS INC,88025T102,13010,236244,,
OLLIES BARGAIN OUTLET HLDGS,681116109,13009,254136,,
GOLDEN ARROW MERGER CORP,380799106,13005,1342127,,
HALLIBURTON CO,406216101,12951,566300,PUT,HAL
IDT CORP,448947507,12937,292960,,IDT
WOODWARD INC,980745103,12936,118183,,
SEA LTD,81141RAG5,12903,14000000,,SE
SEAWORLD ENTMT INC,81282V100,12882,198609,,
Q2 HLDGS INC,74736LAF6,12877,14037000,,
HORIZON ACQUISITION CORPORAT,G46044106,12849,1307121,,
CERUS CORP,157085101,12821,1882672,,CERS
SLEEP NUMBER CORP,83125X103,12791,166986,,SNBRQ
OXUS ACQUISITION CORP,G6859L105,12654,1280808,,
CONCORD ACQUISITION CORP,206071102,12619,1213373,,
MISSION ADVANCEMENT CORP,60501L101,12604,1295327,,
KHOSLA VENTURES ACQUT CO III,482506102,12603,1291270,,
NOV INC,62955J103,12587,928923,,NOV
CELESTICA INC,15101Q108,12585,1129134,,CLS
JAWS MUSTANG ACQUISITION COR,G50737108,12567,1288944,,
OASIS PETROLEUM INC,674215207,12560,99691,,
NORDSON CORP,655663102,12531,49088,,NDSN
BATTERY FUTURE ACQUISITION C,G0888J116,12500,1250000,,
BRP INC,05577W200,12481,142400,,DOO
TRACTOR SUPPLY CO,892356106,12465,52244,,
ZOETIS INC,98978V103,12449,51014,,ZTS
CATCHA INVESTMENT CORP,G1962Y102,12424,1271616,,
SONOCO PRODS CO,835495102,12421,214556,,
HOULIHAN LOKEY INC,441593100,12399,119774,,
FORUM MERGER IV CORP,349875104,12398,1272901,,
LIVENT CORP,53814L108,12392,508292,,
BJS WHSL CLUB HLDGS INC,05550J101,12376,184804,,
TRI POINTE HOMES INC,87265H109,12363,443267,,
BANK OZK,06417N103,12354,265508,,OZKAP
KRAFT HEINZ CO,500754106,12348,343962,,KHC
CHURCHILL CAPITAL CORP VI,17143W101,12346,1262413,,
FTAC HERA ACQUISITION CORP,G3728Y103,12304,1259345,,
PROJECT ENERGY REIMAGINED AC,G72556122,12276,1237500,,
NEXTERA ENERGY INC,65339F796,12252,180007,,NEE-PS
MICROSTRATEGY INC,594972408,12251,22500,PUT,
PROJECT ENERGY REIMAGINED AC,G72556106,12251,1237500,,
WARRIOR MET COAL INC,93627C101,12241,476115,,
MGIC INVT CORP WIS,552848103,12221,847486,,
MARAVAI LIFESCIENCES HLDGS I,56600D107,12211,291424,,
COUPANG INC,22266T109,12193,415000,CALL,
WARRIOR TECHNOLOGIES ACQUI C,936273101,12151,1236064,,
VERITONE INC,92347M100,12144,540228,,
NEW RELIC INC,64829B100,12140,110405,,
REDFIN CORP,75737FAC2,12136,13500000,,
PERIPHAS CAPITAL PARTNERING,713895100,12120,497350,,
SITE CTRS CORP,82981J109,12119,765591,,
GREEN DOT CORP,39304D102,12099,333864,,GDOT
COWEN INC,223622606,12091,334920,,
ROYAL DUTCH SHELL PLC,780259206,12072,278150,,
VOCERA COMMUNICATIONS INC,92857FAB3,12071,6000000,,
YANDEX N V,N97284108,12033,198900,CALL,
GIGINTERNATIONAL1 INC,37518W106,11956,1204007,,
JAZZ INVESTMENTS I LTD,472145AD3,11950,11925000,,
TECK RESOURCES LTD,878742204,11935,414106,,TCKRF
BLUCORA INC,095229100,11934,689010,,
WEST PHARMACEUTICAL SVSC INC,955306105,11913,25400,PUT,
BROOKFIELD INFRASTRUCTURE CO,11275Q107,11905,174339,,
PEABODY ENGR CORP,704551100,11900,1181738,,
CHEMOURS CO,163851108,11891,354328,,CC
KEYCORP,493267108,11847,512179,,
GOOD WKS II ACQUISITION CORP,38216G104,11843,1208515,,
BURLINGTON STORES INC,122017106,11837,40606,,
COGNEX CORP,192422103,11827,152099,,CGNX
ATARA BIOTHERAPEUTICS INC,046513107,11814,749594,,
ENSIGN GROUP INC,29358P101,11799,140530,,
COMMERCE BANCSHARES INC,200525103,11798,171639,,
GARMIN LTD,H2906T109,11796,86624,,GRMN
FOREST ROAD ACQUISITION COR,34619V103,11788,1211553,,
CHEFS WHSE INC,163086AB7,11777,10991000,,
HUDBAY MINERALS INC,443628102,11771,1624536,,HBM
ANGEL POND HOLDINGS CORP,G0447J102,11759,1215983,,
E MERGE TECHNOLOGY ACQUISITI,26873Y104,11750,1194142,,
CANOPY GROWTH CORP,138035100,11745,1345376,,CGC
AMERICAN INTL GROUP INC,026874784,11742,206500,PUT,
OATLY GROUP AB,67421J108,11723,1472683,,OTLY
TEXTRON INC,883203101,11716,151761,,TXT
COHERUS BIOSCIENCES INC,19249HAB9,11672,10500000,,
COMMVAULT SYS INC,204166102,11664,169240,,
THOR INDS INC,885160101,11653,112300,PUT,
DOLLAR GEN CORP NEW,256677105,11650,49400,PUT,
CONSOLIDATED EDISON INC,209115104,11604,136000,CALL,ED
SUMITOMO MITSUI FINL GROUP I,86562M209,11601,1708505,,
GLOBAL SYNERGY ACQUISIT CORP,G3934J106,11597,1182114,,
THE MUSIC ACQUISITION CORP,62752R100,11591,1187602,,
FLAME ACQUISITION CORP,33850F108,11521,1185269,,
APTARGROUP INC,038336103,11519,94045,,
GIGCAPITAL 5 INC,37519U109,11518,1164564,,
ON SEMICONDUCTOR CORP,682189105,11507,169416,,ON
HIGHWOODS PPTYS INC,431284108,11469,257210,,
GENWORTH FINL INC,37247D106,11467,2831372,,
ENCORE CAP GROUP INC,292554102,11457,184458,,
GILDAN ACTIVEWEAR INC,375916103,11395,268600,,GIL
ZENDESK INC,98936J101,11368,109000,CALL,
NOMAD FOODS LTD,G6564A105,11364,447580,,NOMD
SYNAPTICS INC,87157D109,11341,39174,,SYNA
COEUR MNG INC,192108504,11339,2249733,,
LKQ CORP,501889208,11318,188545,,LKQ
ACE CONVERGENCE ACQU CORP,G0083D120,11313,1135880,,
SCIENCE STRATEGIC ACQ ALPHA,808641104,11305,1159472,,
AMERICAN ELEC PWR CO INC,025537127,11293,225313,,
CHURCHILL CAPITAL CORP VII,17144M102,11276,1147118,,
CARTERS INC,146229109,11263,111270,,CRI
CMC MATERIALS INC,12571T100,11239,58633,,
ADVANSIX INC,00773T101,11218,237413,,ASIX
SLAM CORP,G8210L105,11209,1149683,,
ACORDA THERAPEUTICS INC,00484MAC0,11193,14000000,,
DXC TECHNOLOGY CO,23355L106,11192,347671,,DXC
BOA ACQUISITION CORP,05601A109,11191,1138487,,
WERNER ENTERPRISES INC,950755108,11186,234710,,WERN
JUMIA TECHNOLOGIES AG,48138M105,11152,978267,,JMIA
DOLBY LABORATORIES INC,25659T107,11151,117103,,
MORNINGSTAR INC,617700109,11149,32600,PUT,
PROSPECTOR CAPITAL CORP,G7273A105,11142,1143896,,
TREX CO INC,89531P105,11141,82508,,TREX
BANDWIDTH INC,05988JAB9,11137,10500000,,BAND
SORRENTO THERAPEUTICS INC,83587F202,11134,2394500,,
GLAUKOS CORP,377322102,11113,250058,,GKOS
BIGCOMMERCE HLDGS INC,08975P108,11092,313586,,
FLAGSTAR BANCORP INC,337930705,11079,231097,,
DPCM CAP INC,23344P101,11073,1127604,,
WHEATON PRECIOUS METALS CORP,962879102,11030,256933,,WPM
ARCUS BIOSCIENCES INC,03969F109,11028,272488,,
PAPA JOHNS INTL INC,698813102,11019,82561,,
TANDEM DIABETES CARE INC,875372203,11018,73200,PUT,TNDM
PG&E CORP,69331C140,11013,95085,,PCG-PX
IMPINJ INC,453204109,11000,124011,,PI
MAXEON SOLAR TECHNOLOGIES LT,57779BAB0,10986,10000000,,
SILICON MOTION TECHNOLOGY CO,82706C108,10983,115579,,
HUNT J B TRANS SVCS INC,445658107,10982,53727,,
AVANTI ACQUISITION CORP,G0682V109,10978,1117947,,
UBIQUITI INC,90353W103,10958,35728,,UI
PONTEM CORPORATION,G71707106,10934,1115693,,
DTE ENERGY CO,233331842,10927,212300,,DTG
ATLANTIC COASTAL ACQUISTN CO,048453104,10838,1110421,,
ARCH RESOURCES INC,03940R107,10829,118579,,
VAIL RESORTS INC,91879Q109,10807,32959,,MTN
HEALTHCARE SVCS GROUP INC,421906108,10800,607061,,
WATSCO INC,942622200,10793,34497,,WSO-B
QUALTRICS INTL INC,747601201,10775,304384,,
MID-AMER APT CMNTYS INC,59522J103,10761,46900,CALL,
LEMONADE INC,52567D107,10759,255500,PUT,
DILLARDS INC,254067101,10756,43900,PUT,
PBF ENERGY INC,69318G106,10755,829201,,PBF
ALTERYX INC,02156B103,10745,177600,PUT,
OMEROS CORP,682143102,10735,1669498,,OMER
BLACK MOUNTAIN ACQ CORP,09216A108,10722,1090746,,
ROBERT HALF INTL INC,770323103,10705,95991,,
SANMINA CORPORATION,801056102,10691,257861,,SANM
CALIFORNIA RES CORP,13057Q305,10685,250178,,
ATLANTIC AVE ACQUISITION COR,04906P101,10682,1089984,,
WEIBO CORP,948596101,10681,344780,,WEIBF
RAYMOND JAMES FINL INC,754730109,10680,106377,,
ARIES I ACQUISITION CORP,G0542N107,10670,1067000,,
TEKKORP DIGITAL ACQUISITN CO,G8739H106,10635,1070955,,
LUFAX HOLDING LTD,54975P102,10622,1886607,,LU
RADIAN GROUP INC,750236101,10606,501934,,RDN
XCEL ENERGY INC,98389B100,10596,156520,,XELLL
FINTECH EVOLUTION ACQUIS GRO,G3R19A104,10592,1089710,,
CRH PLC,12626K203,10584,200452,,
AVANTOR INC,05352A209,10576,81900,,
CRESCENT PT ENERGY CORP,22576C101,10574,1980315,,
PINE IS ACQUISITION CORP,722615101,10544,1069417,,
BUILD ACQUISITION CORP,12008J105,10531,1079008,,
HERON THERAPEUTICS INC,427746102,10527,1152986,,
GAMESTOP CORP NEW,36467W109,10497,70742,,GME-WT
CRUCIBLE ACQUISITION CORP,22877P108,10482,1076229,,
ONYX ACQUISITION CO I,G6755Q109,10481,1057611,,
ARES ACQUISITION CORPORATION,G33032106,10478,1075776,,
GUESS INC,401617AD7,10472,9000000,,
TAILWIND INTERNATNAL ACQ COR,G8662F101,10465,1073298,,
APPLIED OPTOELECTRONICS INC,03823UAB8,10462,13850000,,
DISRUPTIVE ACQUISITION CORP,G2770Y102,10456,1066892,,
BCE INC,05534B760,10411,200000,CALL,BCPPF
KONTOOR BRANDS INC,50050N103,10396,202852,,
ALBERTSONS COS INC,013091103,10376,343705,,
TECH AND ENERGY TRANSITION,87823R102,10334,1063158,,
COLFAX CORP,194014106,10309,224247,,
EXTREME NETWORKS INC,30226D106,10299,656015,,EXTR
INTERCONTINENTAL HOTELS GROU,45857P806,10291,157808,,
SVF INVESTMENT CORP,G8601L102,10286,1024459,,
PITNEY BOWES INC,724479100,10274,1549605,,
AAR CORP,000361105,10228,262053,,AIR
PAGSEGURO DIGITAL LTD,G68707101,10226,390000,PUT,PAGS
APOLLO STRATEGIC GROWTH CAPT,G0411R106,10225,1035991,,
FINSERV ACQUISITION CORP II,31809Y103,10192,1045349,,
ACI WORLDWIDE INC,004498101,10170,293089,,
EAST RES ACQUISITION CO,274681105,10155,1028904,,
SELECTQUOTE INC,816307300,10133,1118439,,
CANADA GOOSE HLDGS INC,135086106,10131,273366,,
IRONWOOD PHARMACEUTICALS INC,46333X108,10124,868279,,IRWD
HUAZHU GROUP LTD,44332N106,10111,270783,,
BLUE WHALE ACQUISITION CORP,G1330M103,10108,1043100,,
ENERGIZER HLDGS INC NEW,29272W109,10102,251931,,
QUOTIENT TECHNOLOGY INC,749119103,10077,1358058,,
IDEX CORP,45167R104,10032,42449,,
LEFTERIS ACQUISITION CORP,52470X109,10026,1023111,,
KKR ACQUISITION HOLDING I CO,48253T109,10021,1028806,,
NATURAL ORDER ACQUISITION CO,63889L107,10013,1019685,,
INNOVIVA INC,45781M101,9960,577388,,
GRACO INC,384109104,9958,123520,,GGG
WISDOMTREE INVTS INC,97717PAB0,9954,8250000,,
REPUBLIC SVCS INC,760759100,9950,71352,,
IAC INTERACTIVECORP NEW,44891N208,9938,76031,,
SAGALIAM ACQUISITION CORP,78661R205,9925,990000,,
MONOLITHIC PWR SYS INC,609839105,9916,20100,CALL,
INDEPENDENCE RLTY TR INC,45378A106,9911,383719,,
DESIGNER BRANDS INC,250565108,9904,696992,,DBI
SKYWORKS SOLUTIONS INC,83088M102,9892,63759,,
EPIPHANY TECHNOLOGY ACQUISIT,29429X109,9879,1012183,,
SHAKE SHACK INC,819047101,9864,136700,PUT,SHAK
EXACT SCIENCES CORP,30063P105,9845,126500,PUT,
COLLIERS INTL GROUP INC,194693107,9835,66000,,
ISLEWORTH HEALTHCARE ACQU CO,46468P102,9815,997478,,
TRINET GROUP INC,896288107,9804,102918,,
CORAZON CAPITAL V838 MONOCER,G24237102,9778,1001843,,
HAEMONETICS CORP MASS,405024100,9774,184273,,
THOMSON REUTERS CORP.,884903709,9751,81500,PUT,
SYNOPSYS INC,871607107,9728,26400,CALL,SNPS
HECLA MNG CO,422704106,9714,1860900,,
HEALTHCARE SERVICES ACQU COR,42227K104,9701,993959,,
DR REDDYS LABS LTD,256135203,9698,148267,,
GENPACT LIMITED,G3922B107,9697,182682,,
CONDUENT INC,206787103,9642,1805657,,CNDT
EDITAS MEDICINE INC,28106W103,9641,363133,,
QUANTUM FINTECH ACQUISTIN CO,74767A105,9636,974352,,
AMERIPRISE FINL INC,03076C106,9623,31900,CALL,
PATHFINDER ACQUISITION CORP,G04119106,9604,990061,,
PRIME IMPACT ACQUISITION I,G61074103,9586,974180,,PRIAF
DELWINDS INS ACQUISITION COR,24803C102,9579,966551,,
ATHLON ACQUISITION CORP,04748A106,9565,980043,,
LL FLOORING HOLDINGS INC,55003T107,9555,559781,,
TRICON RESIDENTIAL INC,89612W102,9528,622200,,
HAMILTON LANE ALLIANCE HLDGS,40749M103,9503,972718,,
TWELVE SEAS INVESTMENT CO II,90118T106,9449,974130,,
BUNGE LIMITED,G16962105,9429,101000,PUT,
GENERAL DYNAMICS CORP,369550108,9423,45200,PUT,GD
CENTENNIAL RESOURCE DEV INC,15136AAA0,9418,7500000,,
NEW RESIDENTIAL INVT CORP,64828T201,9386,876378,,
SEAGEN INC,81181C104,9378,60662,,
CAPRI HOLDINGS LIMITED,G1890L107,9367,144300,PUT,
TERMINIX GLOBAL HOLDINGS INC,88087E100,9367,207093,,
ERO COPPER CORP,296006109,9348,612300,,ERO
DP CAP ACQUISITION CORP I,G2R05B118,9337,930000,,
PREMIER INC,74051N102,9307,226067,,
TASTEMAKER ACQUISITION CORP,876545104,9301,940418,,
LEXICON PHARMACEUTICALS INC,528872302,9294,2358772,,
KINROSS GOLD CORP,496902404,9293,1599500,PUT,KGCRF
FAT PROJECTS ACQUISITION COR,G3400W102,9282,950000,,
MITSUBISHI UFJ FINL GROUP IN,606822104,9265,1696926,,
TORO CO,891092108,9258,92663,,TTC
DONNELLEY R R & SONS CO,257867200,9254,821807,,
DHB CAPITAL CORP,23291W109,9249,948590,,
ACROPOLIS INFRASTRUCTURE ACQ,005029103,9241,950740,,
EXACT SCIENCES CORP,30063PAB1,9228,9000000,,
DENBURY INC,24790A101,9215,120320,,
CHEMED CORP NEW,16359R103,9205,17400,PUT,CHE
NIKOLA CORP,654110105,9184,930473,,
COLOMBIER ACQUISITION CORP,19533H108,9166,950810,,
RYERSON HLDG CORP,783754104,9166,351865,,
BIOTECH ACQUISITION COMPANY,G1125A108,9142,929085,,
KERNEL GROUP HOLDINGS INC,G5259L103,9137,937154,,
VANGUARD INTL EQUITY INDEX F,922042676,9134,169310,,
POSHMARK INC,73739W104,9130,536090,,
THUNDER BRIDGE CAP PRTNRS II,88605T100,9124,933836,,
CACI INTL INC,127190304,9121,33879,,
MINERALS TECHNOLOGIES INC,603158106,9116,124616,,MTX
ABERCROMBIE & FITCH CO,002896207,9112,261607,,
PRUDENTIAL FINL INC,744320102,9094,84016,,
SUSTAINABLE DEVELP ACQU I CO,86934L103,9082,932474,,
BHP GROUP LTD,088606108,9077,150400,CALL,BHPLF
SMARTSHEET INC,83200N103,9074,117162,,
SOCIAL CAPITAL HEDOSOPHA HLD,G82514103,9044,884952,,
SWEETGREEN INC,87043Q108,9038,282428,,
CLIMATE REAL IMPACT SLUTINS,187171103,9032,925360,,
EVERSPIN TECHNOLOGIES INC,30041T104,9027,798842,,MRAM
MANPOWERGROUP INC WIS,56418H100,9026,92739,,
BERENSON ACQUISITION CORP I,083690107,9012,931972,,
BURTECH ACQUISITION CORP,123013203,9009,900000,,
VIAVI SOLUTIONS INC,925550105,8989,510182,,VIAV
PNM RES INC,69349H107,8981,196916,,
PROVIDENT ACQUISITION CORP,G7282L100,8981,911749,,
OMEGA HEALTHCARE INVS INC,681936100,8980,303471,,
SENIOR CONNECT ACQUISITN COR,81723H108,8973,921260,,
ITHAX ACQUISITION CORP,G49775102,8963,910868,,
METHANEX CORP,59151K108,8962,226416,,MEOH
MSA SAFETY INC,553498106,8953,59307,,MNESP
BRUNSWICK CORP,117043109,8935,88699,,BC-PC
GREAT LAKES DREDGE & DOCK CO,390607109,8922,567532,,
OYSTER ENTERPRISES ACQ CORP,69242M104,8895,911366,,
FOOT LOCKER INC,344849104,8892,203800,PUT,
WELBILT INC,949090104,8880,373560,,
AUTHENTIC EQUITY ACQUISTN CO,G06607108,8859,905804,,
GLOBANT S A,L44385109,8857,28200,PUT,
ADVANCED MERGER PARTNERS INC,00777J109,8838,909666,,
IRONWOOD PHARMACEUTICALS INC,46333XAD0,8837,8500000,,IRWD
PROPERTY SOLUTIONS ACQUISITI,74350A108,8819,908254,,
OAKTREE ACQUISITION CORP II,G6715X103,8818,892557,,
HEICO CORP NEW,422806208,8807,68528,,HEI-A
LEVERE HOLDINGS CORP,G5462L106,8774,900818,,
APOLLO STRATEGIC GRWT CPTL I,G0412A102,8750,894676,,
TIGA ACQUISITION CORP,G88672103,8734,862017,,
MARKEL CORP,570535104,8695,7046,,
BWX TECHNOLOGIES INC,05605H100,8691,181510,,
ESM ACQUISITION CORPORATION,G3195H104,8691,894162,,
VECTOR ACQUISITION CORP II,G9460A104,8654,885774,,
BANKUNITED INC,06652K103,8616,203651,,
YEXT INC,98585N106,8607,867602,,
BITE ACQUISITION CORP,09175K105,8588,883566,,
ALPHA CAPITAL ACQUISITION CO,G0316P130,8575,869636,,
NUTRIEN LTD,67077M108,8565,113900,PUT,NTR
TAILWIND ACQUISITION CORP,87403Q102,8553,869206,,
REVANCE THERAPEUTICS INC,761330109,8550,523918,,
EQRX INC,26886C107,8525,1250000,,
CLEANTECH ACQUISITION CORP,18453L107,8505,853875,,
RELIANCE STEEL & ALUMINUM CO,759509102,8504,52420,,
BRINKER INTL INC,109641100,8502,232353,,
ALLSTATE CORP,020002101,8494,72200,PUT,ALL-PB
LENNOX INTL INC,526107107,8481,26148,,
TRINITY INDS INC,896522109,8480,280779,,
LAZARD GROWTH ACQUISITION CO,G54035103,8477,871187,,
CF ACQUISITION CORP IV,12520T102,8472,864440,,
RALPH LAUREN CORP,751212101,8462,71189,,RL
AMERICAN ELEC PWR CO INC,025537101,8459,95078,,
TEXAS PACIFIC LAND CORPORATI,88262P102,8455,6770,,
DUNE ACQUISITION CORP,265334102,8452,853698,,
PINE TECHNOLOGY ACQUISITN CO,722850104,8439,857611,,
INFINITE ACQUISITION CORP,G48028115,8428,836900,,
PENNYMAC FINL SVCS INC NEW,70932M107,8406,120461,,
CRONOS GROUP INC,22717L101,8403,2143013,,CRON
NOBLE ROCK ACQUISITION CORP,G6546R101,8400,865086,,
QUIDEL CORP,74838J101,8396,62200,,
EQUITY DISTR ACQUISITION COR,29465E106,8378,853181,,
ARGUS CAPITAL CORP,04026L105,8363,843036,,
NEUROCRINE BIOSCIENCES INC,64125C109,8345,97976,,NBIX
FUSION ACQUISITION CORP II,36118N102,8344,860194,,
VIVEON HEALTH ACQUISITION CO,92853V106,8343,832653,,
MOSAIC CO NEW,61945C103,8337,212200,PUT,MOS
INTERPRIVATE II ACQUISITION,46064Q108,8330,858810,,
AVANGRID INC,05351W103,8320,166810,,
CANADIAN SOLAR INC,136635109,8315,265724,,CSIQ
CHILDRENS PL INC NEW,168905107,8309,104793,,
UMPQUA HLDGS CORP,904214103,8289,430801,,
INSMED INC,457669307,8274,303730,,INSM
CORNERSTONE BLDG BRANDS INC,21925D109,8271,474263,,
MERITOR INC,59001K100,8255,333143,,
EQUITY RESIDENTIAL,29476L107,8254,91200,CALL,EQR
DELL TECHNOLOGIES INC,24703L202,8251,146900,CALL,DELL
WINGSTOP INC,974155103,8225,47600,CALL,WING
DONALDSON INC,257651109,8219,138702,,
TREPONT ACQUISITION CORP I,G9095M101,8219,823593,,
GRAPHIC PACKAGING HLDG CO,388689101,8214,421206,,
DUDDELL STREET ACQUISITN COR,G28553108,8212,827845,,
ALTIMETER GROWTH CORP 2,G0371B109,8195,831172,,
SPARTAN ACQUISITION CORP III,84677R106,8193,830079,,
WARBURG PINCUS CAPTAL CORP I,G9460M108,8191,839205,,
TENNECO INC,880349105,8185,724306,,
RECHARGE ACQUISITION CORP,756229100,8183,826529,,
EJF ACQUISITION CORP,G2955B109,8168,822603,,
CF ACQUISITION CORP VIII,12520C109,8162,817858,,
TILRAY INC,88688T100,8161,1160900,PUT,
RESMED INC,761152107,8153,31300,CALL,RSMDF
GOAL ACQUISITIONS CORP,38021H107,8130,838151,,
NEW YORK CMNTY BANCORP INC,649445103,8114,664546,,
FORTRESS VALUE ACQUISI CORP,34964K108,8105,831321,,
REVOLUTION HEALTHCAR AQ CORP,76155Y108,8095,833710,,
HAYWARD HLDGS INC,421298100,8089,308402,,
ALLAKOS INC,01671P100,8052,822500,,
BED BATH & BEYOND INC,075896100,8052,552294,,
BRIGHTHOUSE FINL INC,10922N103,8051,155419,,
INTRA-CELLULAR THERAPIES INC,46116X101,8039,153587,,
LITHIUM AMERS CORP NEW,53680Q207,8036,275975,,
MAGNOLIA OIL & GAS CORP,559663109,8033,425705,,MGY
GLENFARNE MERGER CORP,378579106,8026,824053,,
HANNON ARMSTRONG SUST INFR C,41068XAD2,8023,6749000,,
CHENIERE ENERGY INC,16411RAG4,8020,9517000,,
FIRST LT ACQUISITION GROUP I,320703101,8019,815816,,
FORTRESS CAPITAL ACQUISITION,G36427105,8006,820293,,
ONEOK INC NEW,682680103,8002,136176,,
LIONS GATE ENTMNT CORP,535919500,7988,519020,,
ALARM COM HLDGS INC,011642105,7980,94091,,
LIGHTSPEED COMMERCE INC,53229C107,7965,197095,,LSPD
TIMKENSTEEL CORPORATION,887399103,7941,481252,,
BLACKBERRY LTD,09228F103,7927,847789,,BB
CHESAPEAKE ENERGY CORP,165167164,7925,198331,,
RLJ LODGING TR,74965L101,7921,568599,,
VECTOIQ ACQUISITION CORP II,92244F109,7915,812637,,
CHESAPEAKE ENERGY CORP,165167172,7913,220368,,
ALLOGENE THERAPEUTICS INC,019770106,7905,529815,,
OLAPLEX HLDGS INC,679369108,7895,271028,,
CORNER GROWTH ACQUISITION CO,G2425N105,7883,804410,,
EDGEWELL PERS CARE CO,28035Q102,7880,172384,,
GOODRX HLDGS INC,38246G108,7843,240000,PUT,
ARCTOS NORTHSTAR ACQUIS CORP,G0477L100,7829,801329,,
POEMA GLOBAL HOLDINGS CORP,G7154B107,7811,790563,,
LIBERTY MEDIA CORP DEL,531229AB8,7809,5250000,,FWONB
AEQUI ACQUISITION CORP,00775W102,7789,798920,,
FOUNDER SPAC,G3661E106,7788,782719,,
HEALTH SCIENCES ACQ CORP 2,G4411D109,7788,778782,,
ACCURAY INC,004397105,7771,1629221,,ARAY
COLUMBIA SPORTSWEAR CO,198516106,7768,79721,,COLM
EPLUS INC,294268107,7763,144085,,PLUS
LIONHEART ACQUISITION CORP I,53625R104,7759,778983,,
ENDO INTL PLC,G30401106,7755,2062513,,
WILLIAMS ROWLAND ACQUISITION,96951B102,7748,785000,,
FRONTIER ACQUISITION CORP,G36826108,7747,789713,,
TAPESTRY INC,876030107,7700,189664,,
LEO HLDGS CORP II,G5463R102,7687,788457,,
TCG BDC INC,872280102,7652,557320,,
WSFS FINL CORP,929328102,7644,152504,,
SCVX CORP,G79448208,7626,763320,,
SILVERBOX ENGAGED MERGER CO,82836L101,7613,750000,,
ANALOG DEVICES INC,032654105,7611,43300,CALL,ADI
GREAT WESTERN BANCORP INC,391416104,7608,224042,,
DIGITAL RLTY TR INC,253868103,7605,43000,PUT,
SUNNOVA ENERGY INTL INC.,86745K104,7605,272399,,
NATIONAL INSTRS CORP,636518102,7598,173987,,
CATALYST PARTNRS ACQUISITN C,G19550105,7591,779355,,
EQ HEALTH ACQUISITION CORP,26886A101,7588,781435,,
SHUTTERSTOCK INC,825690100,7586,68416,,
GALAPAGOS NV,36315X101,7572,137340,,
LUX HEALTH TECH ACQUISITION,55068A100,7558,771199,,
OCCIDENTAL PETE CORP,674599162,7546,598415,,
PILGRIMS PRIDE CORP,72147K108,7527,266911,,PPC
LONGVIEW ACQUISITION CORP II,54319Q105,7520,764216,,
POWERSCHOOL HOLDINGS INC,73939C106,7516,456351,,
EVE MOBILITY ACQUISITION COR,G3218G125,7508,750000,,
NEWS CORP NEW,65249B208,7504,333502,,NWSLL
ACCRETION ACQUISITION CORP,00438Y107,7503,768706,,
CENAQ ENERGY CORP,15130M102,7489,754951,,
EASTERLY GOVT PPTYS INC,27616P103,7482,326458,,
FTAC EMERALD ACQUISITION COR,29103K209,7478,750000,,
MARBLEGATE ACQUISITION CORP,56608A105,7470,764551,,
ROSS ACQUISITION CORP II,G7641C106,7457,763994,,
WORLD QUANTUM GROWTH ACQUISI,G5596W101,7452,759646,,
DIAMONDHEAD HOLDINGS CORP,25278L105,7444,764306,,
TPG PACE BEN FIN CORP,G8990D125,7427,757074,,
ACUSHNET HLDGS CORP,005098108,7411,139624,,
RIVERVIEW ACQUISITION CORP,769395104,7401,760614,,
VIRGIN GROUP ACQUISIT CORP I,G9460K102,7392,748981,,
IG ACQUISITION CORP,449534106,7391,753375,,
AON PLC,G0403H108,7364,24500,CALL,AON
II-VI INC,902104108,7335,107348,,
MIRATI THERAPEUTICS INC,60468T105,7335,50000,CALL,
KENSINGTON CAPITAL ACQUISITI,G5251K103,7332,745860,,
DECKERS OUTDOOR CORP,243537107,7326,20000,PUT,DECK
SHELTER ACQUISITION CORP I,822821104,7313,751631,,
THUNDER BRDG CAP PRTNRS IV I,88605L107,7304,749121,,
IRON MTN INC NEW,46284V101,7274,139000,PUT,
CLASS ACCELERATION CORP,18274B106,7267,748413,,
VELOCITY ACQUISITION CORP,92259E104,7259,746403,,
ASSURANT INC,04621X108,7258,46569,,
FLUOR CORP NEW,343412102,7253,292800,,FLR
CHARGEPOINT HOLDINGS INC,15961R105,7245,380300,PUT,
OMEROS CORP,682143AG7,7244,9750000,,OMER
BANDWIDTH INC,05988J103,7241,100900,PUT,BAND
VAXART INC,92243A200,7241,1154934,,
EG ACQUISITION CORP,26846A100,7232,744067,,
SPX FLOW INC,78469X107,7231,83609,,
MONEYGRAM INTL INC,60935Y208,7230,916349,,
WILLIAMS SONOMA INC,969904101,7222,42700,CALL,WSM
DISH NETWORK CORPORATION,25470MAD1,7219,7500000,,
G&P ACQUISITION CORP,36146G103,7200,733908,,
SMITH & NEPHEW PLC,83175M205,7187,207604,,SNNUF
GALLAGHER ARTHUR J & CO,363576109,7184,42341,,
KLUDEIN I ACQUISITION CORP,49878L109,7172,728902,,
TIMKEN CO,887389104,7168,103448,,TKR
RESOLUTE FST PRODS INC,76117W109,7163,469071,,
LAMB WESTON HLDGS INC,513272104,7161,112980,,
U S SILICA HLDGS INC,90346E103,7137,759217,,
D R HORTON INC,23331A109,7136,65800,CALL,
ICON PLC,G4705A100,7123,23001,,ICLR
SUMMIT HOTEL PPTYS INC,866082100,7111,728609,,
ANGLOGOLD ASHANTI LIMITED,035128206,7081,337500,PUT,
AXOGEN INC,05463X106,7066,754142,,
EPR PPTYS,26884U109,7063,148731,,
MOTIVE CAPITAL CORP,G6293A103,7056,717111,,
ALLIANT ENERGY CORP,018802108,7055,114775,,LNT
ESSEX PPTY TR INC,297178105,7045,20000,CALL,
NATIONAL BEVERAGE CORP,635017106,7039,155276,,FIZZ
BIOHAVEN PHARMACTL HLDG CO L,G11196105,7029,51007,,
FLOWERS FOODS INC,343498101,7029,255895,,FLO
26 CAPITAL ACQUISITION CORP,90138P100,7024,713117,,
SCIENCE APPLICATIONS INTL CO,808625107,7006,83808,,
NOCTURNE ACQUISITION CORP,G6580S114,7000,700000,,
PERDOCEO ED CORP,71363P106,6995,594854,,
NIGHTDRAGON ACQUISITION CORP,65413D105,6979,715784,,
PUBLIC SVC ENTERPRISE GRP IN,744573106,6975,104532,,
GIBRALTAR INDS INC,374689107,6974,104586,,
SOAR TECHNOLOGY ACQUISN CORP,G82472112,6952,687654,,
ALTAIR ENGR INC,021369103,6940,89763,,
CALLON PETE CO DEL,13123X508,6931,146692,,
LINDE PLC,G5494J103,6929,20000,CALL,LIN
WORTHINGTON INDS INC,981811102,6899,126212,,
AIR LEASE CORP,00912X302,6895,155889,,
EAST WEST BANCORP INC,27579R104,6883,87481,,EWBC
PROGRESS ACQUISITION CORP,74327P105,6863,703129,,
FIFTH WALL ACQUISITN CORP II,G34142102,6857,689144,,
GUIDEWIRE SOFTWARE INC,40171V100,6857,60400,CALL,
HOPE BANCORP INC,43940TAB5,6851,7000000,,HOPE
CANON INC,138006309,6848,280308,,CAJFF
COOPER STD HLDGS INC,21676P103,6836,305050,,
VENTOUX CCM ACQUISITION CORP,92280L101,6835,682801,,
REINSURANCE GRP OF AMERICA I,759351604,6834,62414,,
TRAVERE THERAPEUTICS INC,89422G107,6829,220010,,
IVANHOE CAPITAL ACQUISTIN CO,G4R87P114,6826,686038,,
AMERICAN AXLE & MFG HLDGS IN,024061103,6820,730922,,
LAUDER ESTEE COS INC,518439104,6812,18400,PUT,
Z-WORK ACQUISITION CORP,98880C102,6790,696370,,
OCA ACQUISITION CORP,670865104,6780,683504,,
CRITEO S A,226718104,6774,174270,,
CELLDEX THERAPEUTICS INC NEW,15117B202,6754,174785,,
DONNELLEY FINL SOLUTIONS INC,25787G100,6748,143152,,
ORION ACQUISITION CORP,68626A108,6730,688150,,
FUNKO INC,361008105,6689,355802,,
JONES LANG LASALLE INC,48020Q107,6673,24776,,JLL
STONEBRIDGE ACQUISITION CORP,G85094103,6668,674186,,
HUNTINGTON INGALLS INDS INC,446413106,6667,35700,,
CHEESECAKE FACTORY INC,163072101,6666,170264,,CAKE
THERAVANCE BIOPHARMA INC,G8807B106,6657,602487,,
MARSH & MCLENNAN COS INC,571748102,6640,38200,CALL,
EMPOWERMENT & INCLUSION CAPI,29248N100,6625,680208,,
CARS COM INC,14575E105,6612,410923,,
SOUTHPORT ACQUISITION CORP,84465L204,6612,661178,,
ASHLAND GLOBAL HLDGS INC,044186104,6610,61400,CALL,
HYATT HOTELS CORP,448579102,6608,68900,CALL,H
HEALTHPEAK PROPERTIES INC,42250P103,6590,182597,,
MULTIPLAN CORPORATION,62548M100,6576,1484486,,
DIDI GLOBAL INC,23292E108,6559,1317144,,DIDIY
MEDIFAST INC,58470H101,6555,31300,PUT,MED
MANITOWOC CO INC,563571405,6552,352467,,MTW
BORGWARNER INC,099724106,6544,145207,,BWA
CENTENE CORP DEL,15135B101,6541,79378,,CNC
BRIDGETOWN 2 HOLDINGS LTD,G1355V103,6538,659693,,
ARKO CORP,041242108,6523,743830,,ARKO
HEARTLAND EXPRESS INC,422347104,6507,386846,,HTLD
SPREE ACQUISITION CORP 1 LTD,G83745110,6507,650000,,
GORES HOLDINGS VII INC,38286T101,6493,663925,,
HEALTHCARE RLTY TR,421946104,6485,204964,,
TALOS ENERGY INC,87484T108,6465,659683,,TALO
MATERION CORP,576690101,6464,70311,,MTRN
URBAN EDGE PPTYS,91704F104,6434,338621,,
LIVEPERSON INC,538146AB7,6415,5500000,,LPSN
PATTERSON COS INC,703395103,6414,218546,,
TENARIS S A,88031M109,6408,307188,,
ALTO INGREDIENTS INC,021513106,6400,1330494,,
PLUM ACQUISITION CORP I,G7134L126,6399,660422,,
GOGREEN INVESTMENTS CORP,G9461B101,6395,645318,,
DEEP LAKE CAPITAL ACQUSTN CO,G27029100,6387,653117,,
MODINE MFG CO,607828100,6381,632384,,
CONTAINER STORE GROUP INC,210751103,6376,638828,,
SEMA4 HOLDINGS CORP,81663L101,6365,1427091,,
IDEANOMICS INC,45166V106,6357,5297157,,
DTRT HEALTH ACQUISITION CORP,23344T103,6328,634085,,
SONY GROUP CORPORATION,835699307,6320,50000,CALL,SNEJF
CIIG CAPITAL PARTNERS II INC,12561U109,6315,639777,,
CANOO INC,13803R102,6304,816537,,
FAST ACQUISITION CORP II,311874101,6290,647123,,
SUMMIT HEALTHCRE ACQUISTN CO,G8566R102,6278,645860,,
PWP FORWARD ACQUISITION CORP,74709Q101,6276,646311,,
ALTENERGY ACQUISITION CORP,02157M108,6274,636951,,AEAEW
REPLIGEN CORP,759916109,6250,23600,CALL,RGEN
AVIENT CORPORATION,05368V106,6244,111604,,AVNT
RAPID7 INC,753422104,6238,53000,CALL,
ATOSSA THERAPEUTICS INC,04962H506,6236,3897272,,
SONIC AUTOMOTIVE INC,83545G102,6236,126104,,SAH
KT CORP,48268K101,6213,494255,,KT
HUMANCO ACQUISITION CORP,44487N109,6210,635009,,
TARGET GLOBAL ACQUISI I CORP,G8675N117,6209,623363,,
ACCELERATE ACQUISITION CORP,00439D102,6208,638649,,
THRIVE ACQUISITION CORPORATI,G7158C101,6204,621682,,
ABG ACQUISITION CORP I,G00496102,6199,635790,,
SAP SE,803054204,6187,44161,,SAPGF
ARTEMIS STRATEGIC INVT CORP,04303A103,6183,616462,,
VANDA PHARMACEUTICALS INC,921659108,6178,393740,,VNDA
CENTRAL GARDEN & PET CO,153527205,6160,128736,,CENTA
AMERICAN WOODMARK CORPORATIO,030506109,6154,94394,,
TUPPERWARE BRANDS CORP,899896104,6138,401409,,
WEX INC,96208T104,6138,43720,,WEX
ADTALEM GLOBAL ED INC,00737L103,6136,207583,,
AMCOR PLC,G0250X107,6127,510175,,AMCCF
EQUIFAX INC,294429105,6124,20916,,EFX
BARNES GROUP INC,067806109,6101,130942,,
ENERGIZER HLDGS INC NEW,29272W208,6101,70000,,
HALOZYME THERAPEUTICS INC,40637H109,6092,151513,,
L CATTERTON ASIA ACQUISITION,G5346G125,6089,625126,,
AHREN ACQUISITION CORP,G01322117,6087,607502,,
EXPEDITORS INTL WASH INC,302130109,6083,45300,PUT,
HIMAX TECHNOLOGIES INC,43289P106,6073,379802,,
ROMEO POWER INC,776153108,6068,1662502,,
ROC ENERGY ACQUISITION CORP,77118V207,6060,600000,,
COLONNADE ACQUISITION CORP I,G2284B101,6059,623971,,
IQIYI INC,46267X108,6053,1327500,PUT,
INTERPRIVATE III FINANCIAL P,46064R106,6046,610133,,
CHAIN BRIDGE I,G2061X128,6042,600000,,CBGGF
MCLAREN TECHNOLOGY ACQ CORP,58176U208,6036,600000,,
HERBALIFE NUTRITION LTD,42703MAD5,6033,6000000,,
AFTERNEXT HEALTHTECH ACQUISI,G01109100,6026,618000,,
1 800 FLOWERS COM INC,68243Q106,6025,257820,,FLWS
BROWN FORMAN CORP,115637209,6023,82661,,BF-B
STRATEGIC ED INC,86272C103,6021,104098,,
MERCATO PARTNERS ACQUISITION,58759A207,6018,600000,,
OSIRIS ACQUISITION CORP,68829A103,6001,619909,,
KORNIT DIGITAL LTD,M6372Q113,5983,39300,CALL,KRNT
MOTIVE CAPITAL CORP II,G6293R122,5982,600000,,
ALPHA & OMEGA SEMICONDUCTOR,G6331P104,5981,98762,,AOSL
JACKSON ACQUISITION CO,46653C205,5976,600000,,
HAWKS ACQUISITION CORP,42032P108,5964,615525,,
CALIX INC,13100M509,5956,74484,,
IVERIC BIO INC,46583P102,5951,355893,,
UPLAND SOFTWARE INC,91544A109,5949,331587,,
ATHENA CONSUMER ACQ CORP,04684M106,5946,600106,,
INOVIO PHARMACEUTICALS INC,45773HAB8,5925,5000000,,
TITAN INTL INC ILL,88830M102,5916,539806,,
TAILWIND TWO ACQUISITION COR,G86613109,5914,597994,,
YUM BRANDS INC,988498101,5902,42500,PUT,YUM
TRIUMPH GROUP INC NEW,896818101,5889,317830,,
PRESTIGE CONSMR HEALTHCARE I,74112D101,5876,96880,,
MAXIMUS INC,577933104,5863,73588,,
NORTHERN STAR INVEST CORP IV,66575B101,5853,600908,,
ROSE HILL ACQUISITION CORP,G7637J107,5847,589431,,
INTERNATIONAL BANCSHARES COR,459044103,5843,137835,,
ARCLIGHT CLEAN TRANSITION II,G0R21B104,5833,584484,,
AF ACQUISITION CORP,001040104,5812,597986,,
GENESIS GRWT TECH ACQUSTN CO,G3R23D110,5810,577000,,
COOPER COS INC,216648402,5809,13865,,
INSIGHT ACQUISITION CORP,45784L100,5800,594000,,
ANIKA THERAPEUTICS INC,035255108,5793,161675,,
CARTESIAN GROWTH CORP,G19276107,5793,586314,,
PROLOGIS INC.,74340W103,5793,34407,,
VIR BIOTECHNOLOGY INC,92764N102,5792,138322,,
OPEN TEXT CORP,683715106,5790,121905,,OTEX
MONARCH CASINO & RESORT INC,609027107,5787,78262,,MCRI
NOVA LTD,M7516K103,5787,39504,,NVMI
TUATARA CAPITAL ACQUISITN CO,G9118J101,5754,584197,,
ON24 INC,68339B104,5750,331399,,
ALTIMMUNE INC,02155H200,5732,625754,,
ICU MED INC,44930G107,5712,24068,,
SPORTSTEK ACQUISITION CORP,849196100,5707,585912,,
TPI COMPOSITES INC,87266J104,5705,381376,,
NEW VISTA ACQUISITION CORP,G6529L105,5704,586227,,
JAWS JUGGERNAUT ACQUISITN CO,G50735102,5688,578608,,
BENCHMARK ELECTRS INC,08160H101,5672,209291,,
LERER HIPPEAU ACQUISITION CO,526749106,5660,575172,,
NORTHERN STAR INVSTMNT CORP,66573W107,5658,583310,,
ZIONS BANCORPORATION N A,989701107,5656,89554,,
ALLEGRO MICROSYSTEMS INC,01749D105,5637,155810,,
ADIT EDTECH ACQUISITION CORP,007024102,5635,569223,,
SANABY HEALTH ACQUISITION CO,79956P102,5631,567105,,
FIRSTCASH HOLDINGS INC,33768G107,5623,75163,,
WINNEBAGO INDS INC,974637100,5615,74946,,
STRIDE INC,86333M108,5607,168241,,
INNOSPEC INC,45768S105,5599,61972,,IOSP
MOUNTAIN & CO I ACQUISITN CO,G6301J120,5599,550000,,
IRONWOOD PHARMACEUTICALS INC,46333XAF5,5582,5000000,,IRWD
HYLIION HOLDINGS CORP,449109107,5577,899566,,HYLN
HCA HEALTHCARE INC,40412C101,5574,21697,,
PIONEER NAT RES CO,723787107,5547,30500,CALL,
BAUSCH HEALTH COS INC,071734107,5546,200854,,
CAPITALWORKS EMNG MKTS ACQST,G1889L118,5539,550000,,
PROTHENA CORP PLC,G72800108,5536,112065,,
SKYDECK ACQUISITION CORP,G82220123,5533,564009,,
SANDRIDGE ENERGY INC,80007P869,5525,528169,,SD
BEACON ROOFING SUPPLY INC,073685109,5523,96306,,
DEEP MEDICINE ACQUISITION CO,243733102,5517,561784,,
PROS HOLDINGS INC,74346YAG8,5517,5000000,,
MURPHY USA INC,626755102,5511,27662,,MUSA
SEMTECH CORP,816850101,5509,61942,,SMTC
PROOF ACQUISITION CORP I,74349W203,5506,550000,,
NASDAQ INC,631103108,5502,26200,CALL,
MERCURY ECOM ACQUISITION COR,589381102,5500,561192,,
FIRST FINL BANKSHARES INC,32020R109,5499,108169,,
PEARL HOLDINGS ACQUISITN COR,G44525122,5490,549000,,
DIGITAL TURBINE INC,25400W102,5489,90000,PUT,
ACCEL ENTERTAINMENT INC,00436Q106,5481,420977,,
TRIBE CAPITAL GROWTH CORP I,89601Y101,5481,560468,,
COVA ACQUISITION CORP,G2554Y104,5479,561339,,
MARLIN TECHNOLOGY CORP,G58411102,5477,561200,,
CONCENTRIX CORP,20602D101,5469,30619,,CNXC
CHARLES RIV LABS INTL INC,159864107,5463,14500,CALL,
VIATRIS INC,92556V106,5462,403708,PUT,VTRS
BIOPLUS ACQUISITION CORP,G11217109,5455,545500,,
LIGHTJUMP ACQUISITION CORP,53228M106,5455,553196,,
BELONG ACQUISITION CORP,08069M102,5451,560758,,
PIXELWORKS INC,72581M305,5449,1238339,,
TRUEBLUE INC,89785X101,5426,196107,,
ADVANCED ENERGY INDS,007973100,5400,59300,,
TURTLE BEACH CORP,900450206,5392,242248,,TBCH
CONTEXTLOGIC INC,21077C107,5380,1730000,PUT,
KE HLDGS INC,482497104,5374,267100,PUT,
OMNICHANNEL ACQUISITION CORP,68218L108,5369,539622,,
WESTERN ALLIANCE BANCORP,957638109,5362,49811,,WAL-PA
BOSTON PROPERTIES INC,101121101,5356,46500,PUT,
RYDER SYS INC,783549108,5341,64789,,
GLOBE LIFE INC,37959E102,5336,56931,,GL-PD
TALON 1 ACQUISITION CORP,G86656124,5329,525000,,
VROOM INC,92918V109,5327,493700,CALL,
F N B CORP,302520101,5325,439023,,
CANNA GLOBAL ACQUISITION COR,13767K200,5318,525000,,
FINNOVATE ACQUISITION CORP,G3R34K103,5318,539391,,
AVALON ACQUISITION INC,05338E101,5312,537654,,
NEWCOURT ACQUISITION CORP,G6448C103,5311,536505,,
CRISPR THERAPEUTICS AG,H17182108,5305,70000,PUT,CRSP
FIRST INTST BANCSYSTEM INC,32055Y201,5301,130338,,
URBAN OUTFITTERS INC,917047102,5301,180565,,URBN
CORCEPT THERAPEUTICS INC,218352102,5298,267563,,CORT
STRATIM CLOUD ACQUISITION CO,86309R107,5294,545729,,
AGRICO ACQUISITION CORP,G41089106,5287,526639,,
OCEANEERING INTL INC,675232102,5278,466651,,
KHOSLA VENTURES ACQUISITION,482504107,5272,543471,,
ADTRAN INC,00738A106,5271,230875,,
MONTEREY BIO ACQUISITION COR,61240F108,5269,532712,,
ROYAL DUTCH SHELL PLC,780259107,5267,121500,CALL,
SOCIAL LEVERAGE ACQUISN CORP,83363K102,5262,536387,,
GROUPON INC,399473206,5260,227107,,
RETAIL OPPORTUNITY INVTS COR,76131N101,5256,268143,,
SILVER SPIKE ACQUISITN CORP,G8201H105,5256,540746,,
STAAR SURGICAL CO,852312305,5250,57500,PUT,STAA
INVESTCORP EUROPE ACQUISITIO,G4923T121,5244,520200,,
TB SA ACQUISITION CORP,G8657L105,5231,533823,,
DORMAN PRODS INC,258278100,5226,46247,,
ENTERPRISE 4.0 TEC ACQSTN CO,G3137C106,5219,525000,,
SOLARWINDS CORP,83417Q204,5209,367097,,
HPX CORP,G32219100,5206,527488,,
TANGER FACTORY OUTLET CTRS I,875465106,5203,269885,,
BALLARD PWR SYS INC NEW,058586108,5196,413700,PUT,
GROWGENERATION CORP,39986L109,5195,398055,,GRWG
M3 BRIGADE ACQUISITION II CO,553800103,5188,523502,,
CBIZ INC,124805102,5180,132407,,
KENNAMETAL INC,489170100,5179,144215,,KMT
RENT A CTR INC NEW,76009N100,5172,107651,,
VALARIS LIMITED,G9460G101,5151,143078,,
ANAPTYSBIO INC,032724106,5142,147983,,
MAXPRO CAPITAL ACQUISITN COR,57778T106,5141,518291,,
NAVIENT CORPORATION,63938C108,5126,241577,,JSM
PORTILLOS INC,73642K106,5117,136304,,
GAMES & ESPORTS EXPRNC ACQ C,G3731J101,5116,504583,,
QUANEX BLDG PRODS CORP,747619104,5116,206437,,
KRATOS DEFENSE & SEC SOLUTIO,50077B207,5105,263150,,
ZYMERGEN INC,98985X100,5099,762251,,
BRP GROUP INC,05589G102,5097,141144,,
MSC INDL DIRECT INC,553530106,5096,60623,,
DHI GROUP INC,23331S100,5091,815799,,
ALNYLAM PHARMACEUTICALS INC,02043Q107,5087,30000,CALL,
GLADSTONE ACQUISITION CORP,37653T108,5082,511299,,
ADVANCED DRAIN SYS INC DEL,00790R104,5065,37208,,
METROPOLITAN BK HLDG CORP,591774104,5064,47532,,
KISMET ACQUISITION THREE COR,G5276C110,5061,522261,,
CC NEUBERGER PRINCIPAL HOLDN,G1992N100,5049,511022,,
ELEMENT SOLUTIONS INC,28618M106,5044,207729,,ESI
EVO ACQUISITION CORP,30052G108,5044,519998,,
TIO TECH A,G8T10C106,5036,520256,,
AMC NETWORKS INC,00164V103,5032,146100,,
BETTER WORLD ACQUISITION COR,08772B104,5021,493678,,
ARVINAS INC,04335A105,5020,61118,,
LAMF GLOBAL VENTURES CORP I,G5338L116,5020,500000,,
MASON INDUSTRIAL TECHNOLGY I,57520Y106,5013,513577,,
WASTE MGMT INC DEL,94106L109,5007,30000,PUT,
GORES GUGGENHEIM INC,38286Q107,4990,426485,,
O-I GLASS INC,67098H104,4989,414704,,
LG DISPLAY CO LTD,50186V102,4985,493534,,
HAYMAKER ACQUISITION CORP II,42087R108,4982,506800,,
LEAD EDGE GROWTH OPRTUNTS LT,G54085108,4982,511992,,
CARNEY TECHNOLOGY ACQU CORP,143636108,4977,509400,,
BLUE APRON HLDGS INC,09523Q200,4975,739220,,
EURONET WORLDWIDE INC,298736109,4973,41734,,
ALEXANDRIA REAL ESTATE EQ IN,015271109,4972,22300,,
GLOBIS ACQUISITION CORP,379582109,4972,491288,,
TURNING POINT THERAPEUTICS I,90041T108,4968,104156,,
ICONIC SPORTS ACQUISITION CO,G4712C107,4965,500003,,
FRAZIER LIFESCIENCES ACQU CO,G3710A105,4961,508840,,
JOYY INC,46591M109,4959,109164,,JOYY
OXBRIDGE ACQUISITION CORP,G6855L109,4957,501222,,
MICROVISION INC DEL,594960304,4954,988899,,
KIMBERLY-CLARK CORP,494368103,4947,34616,,
LITTELFUSE INC,537008104,4940,15700,,
EXELON CORP,30161N101,4923,85229,,EXC
CREDICORP LTD,G2519Y108,4920,40305,,BAP
UNISYS CORP,909214306,4899,238151,,UIS
WD 40 CO,929236107,4893,20000,PUT,WDFC
IONIS PHARMACEUTICALS INC,462222100,4889,160659,,IONS
ARK ETF TR,00214Q104,4887,51662,,
SCOTTS MIRACLE-GRO CO,810186106,4878,30300,PUT,SMG
BARK INC,68622E104,4872,1154521,,
IRON SPARK I INC,46301G103,4871,490498,,
TRIPLE-S MGMT CORP,896749108,4866,136383,,
ILLINOIS TOOL WKS INC,452308109,4864,19708,,
REMITLY GLOBAL INC,75960P104,4847,235081,,
CYTOKINETICS INC,23282W605,4844,106281,,CYTK
TURQUOISE HILL RES LTD,900435207,4833,293791,,
SEI INVTS CO,784117103,4823,79139,,
TCV ACQUISITION CORP,G8704C124,4798,486629,,
NCL CORP LTD,62886HAT8,4794,2775000,,
MCCORMICK & CO INC,579780206,4792,49600,CALL,MKC-V
HOME PLATE ACQUISITION CORP,43734R103,4787,495000,,
TONIX PHARMACEUTICALS HLDG C,890260706,4771,13338356,,
GOLUB CAP BDC INC,38173M102,4766,308689,,
COMPASS DIGITAL ACQUISITN CO,G2476C107,4762,495000,,
NEWPARK RES INC,651718504,4743,1613421,,
INTERPUBLIC GROUP COS INC,460690100,4741,126588,,
ARLO TECHNOLOGIES INC,04206A101,4740,451821,,
CHUYS HLDGS INC,171604101,4739,157350,,
COPA HOLDINGS SA,P31076105,4719,57090,,
PHOENIX BIOTECH ACQUISITION,71902K105,4717,475984,,
SUNDIAL GROWERS INC,86730L109,4707,8139103,,
TLG ACQUISITION ONE CORP,87257M108,4706,483690,,
MONRO INC,610236101,4705,80748,,
HIBBETT INC,428567101,4704,65396,,
ABM INDS INC,000957100,4698,114998,,
ASTREA ACQUISITION CORP,04637C106,4694,475093,,
BROADSTONE NET LEASE INC,11135E203,4691,188985,,
AMERICAS TECHNOLOGY ACQSN CO,G0404A102,4689,462861,,
LIONHEART III CORP,536262108,4689,476042,,
WEYERHAEUSER CO MTN BE,962166104,4684,113740,,
AVID TECHNOLOGY INC,05367P100,4679,143647,,
HARSCO CORP,415864107,4676,279826,,
VAREX IMAGING CORP,92214X106,4676,148220,,VREX
EUCRATES BIOMEDICAL ACQU COR,G3141W106,4672,478669,,
GDS HLDGS LTD,36165L108,4669,99000,CALL,
CF ACQUISITION CORP VI,12521J103,4663,430523,,
SPX CORP,784635104,4654,77977,,
TC ENERGY CORP,87807B107,4654,100000,PUT,TRPRF
PORCH GROUP INC,733245104,4652,298401,,
TRICIDA INC,89610F101,4645,485841,,
SINCLAIR BROADCAST GROUP INC,829226109,4636,175412,,
FIESTA RESTAURANT GROUP INC,31660B101,4633,420767,,
VALOR LATITUDE ACQUISITN COR,G9460N106,4623,474181,,
GOODYEAR TIRE & RUBR CO,382550101,4622,216800,CALL,
ROTH CH ACQUISITION IV CO,77867P104,4602,467237,,
CONCORD ACQUISITION CORP III,20607V205,4586,450000,,
AFFILIATED MANAGERS GROUP IN,008252108,4579,27833,,
REV GROUP INC,749527107,4577,323447,,
SELECT SECTOR SPDR TR,81369Y100,4576,50500,,
BIG SKY GROWTH PARTNERS INC,08954L102,4573,470910,,
ROSECLIFF ACQUISITION CORP I,77732R103,4569,465285,,
NEKTAR THERAPEUTICS,640268108,4564,337824,,NKTR
PEMBINA PIPELINE CORP,706327103,4553,150000,CALL,PMBPF
APEIRON CAPITAL INVEST CORP,03752A200,4541,450000,,
MORINGA ACQUISITION CORP,G6S23K108,4536,467617,,
ADDUS HOMECARE CORP,006739106,4532,48467,,ADUS
APX ACQUISITION CORP I,G0440J117,4532,450000,,
ATLAS AIR WORLDWIDE HLDGS IN,049164205,4527,48100,PUT,
EVEREST CONSOLIDATOR ACQ COR,29978K201,4523,450000,,
SPINDLETOP HEALTH ACQUISITIO,84854Q202,4523,450000,,
CADENCE BANK,12740C103,4522,151808,,
INFINT ACQUISITION CORP,G47862118,4522,450800,,
ARCHIMEDES TECH SPAC PARTNR,039562301,4514,457313,,
ALTIMAR ACQUISITION CORP III,G0370U108,4512,462326,,
NORTHVIEW ACQUISITION CORP,66718N202,4509,450000,,
VOYA FINANCIAL INC,929089100,4506,67953,,
XPAC ACQUISITION CORP,G9831X106,4502,464591,,
SPROUT SOCIAL INC,85209W109,4500,49625,,
MOMENTIVE GLOBAL INC,60878Y108,4498,212671,,
AESTHER HEALTHCARE ACQSTN CO,00809L106,4496,450000,,
HEALTHCARE AI ACQUISITION CO,G4373K125,4496,449167,,
CVB FINL CORP,126600105,4495,209952,,
LI-CYCLE HOLDINGS CORP,50202P105,4482,450000,,
HEALTHSTREAM INC,42222N103,4479,169899,,HSTM
SIX FLAGS ENTMT CORP NEW,83001A102,4479,105185,,
DOMO INC,257554105,4471,90142,,
BUILDERS FIRSTSOURCE INC,12008R107,4468,52131,,
ROCKET COS INC,77311W101,4466,319000,PUT,
SANA BIOTECHNOLOGY INC,799566104,4460,288101,,
PROSPERITY BANCSHARES INC,743606105,4456,61634,,PB
MALLARD ACQUISITION CORP,561204108,4453,443130,,
WORLD FUEL SVCS CORP,981475106,4452,168195,,
POSCO,693483109,4450,76350,,
AIR TRANSPORT SERVICES GRP I,00922R105,4447,151365,,
PVH CORPORATION,693656100,4447,41699,,
AERCAP HOLDINGS NV,N00985106,4434,67775,,
ESPERION THERAPEUTICS INC NE,29664W105,4422,884472,,
BIG LOTS INC,089302103,4419,98090,,
ACHARI VENTURES HLDGS CORP I,00444X101,4413,447537,,
JAZZ PHARMACEUTICALS PLC,G50871105,4411,34620,PUT,JAZZ
MASIMO CORP,574795100,4386,14981,,
GLASS HOUSES ACQUISITION COR,37714P103,4371,450145,,
YAMANA GOLD INC,98462Y100,4370,1036126,,
PDF SOLUTIONS INC,693282105,4367,137379,,PDFS
OCWEN FINL CORP,675746606,4366,109232,,
SOCIAL CAP SUVRETTA HLDS CP,G8253Y105,4348,442783,,
SOCIAL CAP SUVRETTA HLDS CRP,G8253T106,4343,437340,,
OLD NATL BANCORP IND,680033107,4340,239522,,
FORTRESS VALUE ACQUIS CORP I,34964G107,4339,444083,,
HNI CORP,404251100,4331,103005,,HNI
RITE AID CORP,767754872,4327,294531,,
SOCIAL CAP SUVRETTA HLD CRPI,G8253W109,4326,437006,,
EVERQUOTE INC,30041R108,4324,276129,,
INTERPRIVATE IV INFRATECH PR,46064T102,4324,442566,,
RACKSPACE TECHNOLOGY INC,750102105,4320,320677,,
VERRA MOBILITY CORP,92511U102,4319,279884,,VRRM
GLOBAL SPAC PARTNERS CO,G3934K103,4312,430789,,
AURINIA PHARMACEUTICALS INC,05156V102,4307,188333,,AUPH
ANTHEMIS DIGITAL ACQUISITION,G03959122,4305,425000,,
INDUSTRIAL HUMAN CAPITAL INC,45617P203,4300,412766,,
GREEN VISOR FIN TEC ACQ CORP,G4166K118,4297,425000,,
BLUELINX HLDGS INC,09624H208,4287,44764,,
PAR TECHNOLOGY CORP,698884103,4286,81217,,PAR
SOCIAL CAP SUVRETTA HLDS CRP,G8253U103,4276,432363,,
HUB GROUP INC,443320106,4273,50725,,
ARCOSA INC,039653100,4270,81021,,
ZHIHU INC,98955N108,4267,770192,,ZHIHF
MSD ACQUISITION CORP,G5709C109,4263,430651,,
HOMESTREET INC,43785V102,4256,81846,,
CARPENTER TECHNOLOGY CORP,144285103,4254,145724,,CRS
BABCOCK & WILCOX ENTERPRISES,05614L209,4252,471452,,
MINORITY EQUALITY OPPORTUNIT,60436Q100,4250,425836,,
SCP & CO HEALTHCARE ACQUSTN,784065104,4249,433572,,
TOLL BROTHERS INC,889478103,4249,58700,CALL,
AVALARA INC,05338G106,4248,32900,CALL,
FAR PEAK ACQUISITION CORP,G3312L103,4242,421700,,
G3 VRM ACQUISITION CORP,362425100,4236,424908,,
POPULATION HEALTH INVS CO IN,G71716107,4233,430207,,
TEMPUR SEALY INTL INC,88023U101,4233,90000,PUT,
INGREDION INC,457187102,4232,43794,,INGR
SABRE CORP,78573M104,4209,490000,CALL,SABR
PEPPERLIME HEALTH ACQUSTN CO,G70021103,4208,429340,,
GRAFTECH INTL LTD,384313508,4204,355371,,
YELLOWSTONE ACQUISITION CO,98566K105,4204,413341,,
FUBOTV INC,35953D104,4190,270000,PUT,FUBO
LOGITECH INTL S A,H50430232,4190,50800,CALL,
AGREE RLTY CORP,008492100,4171,58449,,
APRIA INC,03836A101,4167,127821,,
UNITED NAT FOODS INC,911163103,4167,84901,,
TEREX CORP NEW,880779103,4146,94344,,TEX
PAYONEER GLOBAL INC,70451X104,4145,563986,,PAYO
KEARNY FINL CORP MD,48716P108,4144,312784,,
GDS HLDGS LTD,36165LAB4,4140,3500000,,
SPORTS VENTURES ACQUISIN COR,G8372A103,4140,425019,,
BIO-TECHNE CORP,09073M104,4139,8001,,TECH
FIRST RESERVE SUSTAINABLE GW,336169107,4139,418117,,
GRITSTONE BIO INC,39868T105,4138,321738,,
VICKERS VANTAGE CORP I,G9440B107,4138,412167,,
SPRINGWATER SPL SITUATIONS C,85205U107,4136,423600,,
CLOVER LEAF CAPITAL CORP,18915E105,4134,413800,,
GALATA ACQUISITION CORP,G3R23A108,4131,419372,,
INSEEGO CORP,45782BAD6,4130,5000000,,INSG
INVACARE CORP,461203101,4122,1515439,,
SVF INVESTMENT CORP 3,G8601N108,4121,412106,,
TACTILE SYS TECHNOLOGY INC,87357P100,4118,216389,,
NORTHERN LIGHTS ACQUISITN CO,66538L105,4103,407804,,
DRIL-QUIP INC,262037104,4084,207504,,
INTELLIGENT MEDI ACQSITN COR,45828D205,4080,400000,,
BAOZUN INC,06684L103,4075,293149,,BZUN
BEARD ENERGY TRANSITION ACQ,07402Q200,4064,400000,,
YETI HLDGS INC,98585X104,4064,49066,,
BULLPEN PARLAY ACQUISITION C,G1792A126,4060,400000,,
CF ACQUISITION CORP VII,12521H206,4060,400000,,
NABORS ENERGY TRANSITION COR,629567207,4060,400000,,
TLGY ACQUISITION CORPORATION,G8656T117,4060,400000,,
VMG CONSUMER ACQUISITION COR,91842V201,4060,400000,,
SERVICE PPTYS TR,81761L102,4057,461520,,
RIGEL RESOURCE ACQ CORP,G7573M122,4056,400000,,
AMERICAN SUPERCONDUCTOR CORP,030111207,4055,372681,,
NORTHERN STAR INVEST CORP II,66574L100,4050,415401,,
CENTRAL PAC FINL CORP,154760409,4046,143613,,
L&F ACQUISITION CORP,G53702109,4043,403042,,
MAGNUM OPUS ACQUISITION LTD,G5S70A104,4043,407538,,
HAMILTON LANE INC,407497106,4042,39005,,HLNE
RCF ACQUISITION CORP,G7330C128,4040,400000,,
SHOULDERUP TECHNOLOGY ACQUIS,82537G203,4040,400000,,
EASTMAN CHEM CO,277432100,4038,33400,PUT,
APPLIED OPTOELECTRONICS INC,03823U102,4033,784676,,
NORTHERN GENESIS ACQU CORP I,66516W107,4027,414187,,
FOCUS IMPACT ACQUISITION COR,34417L208,4020,400000,,
INNOVATIVE INTL ACQUSITIN CO,G4809M117,4012,400000,,
FOSSIL GROUP INC,34988V106,4006,389353,,
F5 INC,315616102,4004,16361,,
ATLANTIC CAP BANCSHARES INC,048269203,4000,139036,,
NEW PROVIDENCE ACQSITN CORP,64823D201,4000,400000,,
ENVIRONMENTAL IMPACT ACQU CO,29408N106,3999,403120,,
BLOCKCHAIN MOON ACQUISITN CO,09370F109,3998,408375,,
MR COOPER GROUP INC,62482R107,3985,95762,,
DIGITALBRIDGE GROUP INC,25401T108,3979,477655,,
LIVANOVA PLC,G5509L101,3979,45508,,LIVN
APPLE HOSPITALITY REIT INC,03784Y200,3968,245722,,
CHESAPEAKE ENERGY CORP,165167180,3964,122427,,
CIMPRESS PLC,G2143T103,3955,55234,,CMPR
IROBOT CORP,462726100,3953,60000,CALL,
SCION TECH GROWTH II,G31070108,3946,405562,,
IBERE PHARMACEUTICALS,G46843101,3929,404176,,
TRIMAS CORP,896215209,3916,105846,,TRS
8X8 INC NEW,282914100,3914,233527,,
MEDICUS SCIENCES ACQUISITION,G5960S108,3910,402255,,
ALTRA INDL MOTION CORP,02208R106,3908,75781,,
SPECTRUM BRANDS HLDGS INC NE,84790A105,3902,38365,,
MERSANA THERAPEUTICS INC,59045L106,3886,624746,,
TPG PACE BENEFICIAL II CORP,G89826104,3884,396318,,
IGM BIOSCIENCES INC,449585108,3874,132098,,
CHAVANT CAPITAL ACQUISITN CO,G2058L103,3871,394192,,
PROSPECT CAP CORP,74348T102,3871,460338,,
HERSHEY CO,427866108,3869,20000,PUT,HSY
WISDOMTREE INVTS INC,97717P104,3869,632193,,
JFROG LTD,M6191J100,3861,130000,PUT,FROG
AVERY DENNISON CORP,053611109,3857,17808,,AVY
BANK OF NT BUTTERFIELD&SON L,G0772R208,3850,101015,,
MAGELLAN HEALTH INC,559079207,3843,40458,,
COLICITY INC,194170106,3839,393732,,
KINS TECHNOLOGY GROUP INC,49714K109,3836,384793,,
RMG ACQUISITION CORP III,G76088106,3834,393275,,
TURNING PT BRANDS INC,90041L105,3828,101325,,
AMARIN CORP PLC,023111206,3826,1135179,,
GMS INC,36251C103,3823,63601,,
FOX CORP,35137L105,3822,103583,,FOX
EUROPEAN BIOTECH ACQUTN CORP,G3167F102,3819,394159,,
KEMPER CORP,488401100,3813,64857,,KMPB
DIAGEO PLC,25243Q205,3808,17297,,DGEAF
PRINCIPAL FINANCIAL GROUP IN,74251V102,3791,52419,,
CHW ACQUISITION CORPORATION,G2254A109,3776,386061,,
PERIDOT ACQUISITION CORP II,G7008B105,3774,387889,,
VPC IMPACT ACQUISITION HLDG,G9460L126,3774,384755,,
SIMON PROPERTY GRP ACQ HOLDI,82880R103,3768,386874,,
TOPBUILD CORP,89055F103,3763,13637,,
MUDRICK CAPITAL ACQU CORP II,62477L107,3759,378176,,
CHARDAN NEXTECH ACQUISITION,159561109,3755,377400,,
PRETIUM RES INC,74139C102,3755,266516,,
SERVICE CORP INTL,817565104,3752,52853,,
LF CAPITAL ACQUISITION CORP,50202D201,3750,375000,,
AGIOS PHARMACEUTICALS INC,00847X104,3743,113866,,
AFLAC INC,001055102,3738,64013,,AFL
QUALYS INC,74758T303,3738,27238,,
DESCARTES SYS GROUP INC,249906108,3732,45100,,
DIGITAL HEALTH ACQUISITION C,253893200,3728,365000,,
POLARIS INC,731068102,3726,33896,,PII
METALS ACQUISITION CORP,G60405100,3725,384416,,
KINGSOFT CLOUD HLDGS LTD,49639K101,3723,236400,PUT,
YATSEN HLDG LTD,985194109,3721,1730638,,
KILROY RLTY CORP,49427F108,3719,55955,,
PIVOTAL INVESTMENT CORP III,72582M106,3718,381694,,
G SQUARED ASCEND I INC,G4204R109,3717,376260,,
ADICET BIO INC,007002108,3716,212457,,
BLINK CHARGING CO,09354A100,3711,140000,PUT,BLNK
SEABOARD CORP DEL,811543107,3711,943,,
MURPHY OIL CORP,626717102,3701,141758,,MUR
ENTEGRIS INC,29362U104,3700,26700,CALL,ENTG
ROCKET INTERNET GRWT OPRT CO,G7613T103,3695,377047,,
KL ACQUISITION CORP,49837C109,3694,378082,,
EASTMAN KODAK CO,277461406,3689,788352,,KODK
WASHINGTON FED INC,938824109,3681,110272,,
NEWBURY STREET ACQUISITN COR,65101L104,3672,378561,,
SVF INVESTMENT CORP 2,G8601M100,3659,368090,,
GEOPARK LTD,G38327105,3658,319456,,GPRK
HELIX ENERGY SOLUTIONS GRP I,42330PAJ6,3655,3778000,,
ARMADA ACQUISITION CORP I,04208V103,3640,371250,,
BANNER ACQUISITION CORP,06654K101,3635,372462,,
MARRIOTT VACATIONS WORLDWIDE,57164YAB3,3629,2973000,,
GOHEALTH INC,38046W105,3628,957197,,
HEALTHCARE CAPITAL CORP,42228C101,3628,367605,,
CORE & MAIN INC,21874C102,3620,119305,,
PATRICK INDS INC,703343AB9,3620,3250000,,
CSX CORP,126408103,3615,96142,,CSX
EAGLE PHARMACEUTICALS INC,269796108,3615,70986,,
OCEANFIRST FINL CORP,675234108,3614,162788,,
SSR MNG INC,784730103,3604,203600,CALL,
CLEARWAY ENERGY INC,18539C204,3603,100000,CALL,
EDWARDS LIFESCIENCES CORP,28176E108,3598,27776,,EW
WORLD ACCEP CORPORATION,981419104,3590,14626,,
FEDERAL AGRIC MTG CORP,313148306,3569,28800,CALL,
VPC IMPACT ACQU HOLDI III IN,91835J108,3569,348177,,
FIRST MIDWEST BANCORP DEL,320867104,3567,174151,,
PARABELLUM ACQUISITION CORP,69901P109,3565,365646,,
SOUTHERN CO,842587107,3549,51749,,SOMN
HOPE BANCORP INC,43940T109,3547,241105,,HOPE
AULT DISRUPTIVE TECHS CORP,05150A203,3546,350000,,
VANECK ETF TRUST,92189F106,3536,110400,,
AZENTA INC,114340102,3535,34279,,
OWL ROCK CAPITAL CORPORATION,69121K104,3534,249588,,
RYAN SPECIALTY GROUP HLDGS I,78351F107,3531,87518,,
FERROGLOBE PLC,G33856108,3518,566552,,GSM
LARKSPUR HEALTH ACQUISITION,51724W206,3511,350000,,
FIRST ADVANTAGE CORP NEW,31846B108,3504,184057,,FA
BRINKS CO,109696104,3491,53243,,BCO
ADARA ACQUISITION CORP,00653H102,3489,356391,,
PROGRESSIVE CORP,743315103,3481,33912,,
VAHANNA TECH EDGE ACQSTN I C,G9320Z125,3476,350000,,
MADISON SQUARE GRDN SPRT COR,55825T103,3475,20000,PUT,
PMV CONSUMER ACQUISITION COR,693486102,3472,353229,,
TRUECAR INC,89785L107,3468,1019893,,
MASTEC INC,576323109,3461,37504,,MTZ
MATTHEWS INTL CORP,577128101,3460,94348,,
ALLEGIANT TRAVEL CO,01748X102,3454,18468,,ALGT
SPRINGWORKS THERAPEUTICS INC,85205L107,3453,55704,,
ESSENTIAL PPTYS RLTY TR INC,29670E107,3447,119572,,
FIVE9 INC,338307101,3433,25000,CALL,
JOHNSON CTLS INTL PLC,G51502105,3433,42225,,
BALLYS CORPORATION,05875B106,3421,89896,,
ENDURANCE ACQUISITION CORP,G3041W107,3414,349053,,
LDH GROWTH CORP I,G54094100,3414,347701,,
SPORTS ENTERTAINMENT ACQU CO,84918M106,3403,343048,,
HARMONIC INC,413160102,3401,289165,,HLIT
AXSOME THERAPEUTICS INC,05464T104,3400,90000,CALL,
Q2 HLDGS INC,74736L109,3400,42800,PUT,
NOMURA HLDGS INC,65535H208,3394,783864,,
HUNTSMAN CORP,447011107,3390,97196,,HUN
INVITAE CORP,46185L103,3390,222000,PUT,
ATLANTIC UN BANKSHARES CORP,04911A107,3389,90894,,
SPS COMM INC,78463M107,3385,23781,,
CIRRUS LOGIC INC,172755100,3379,36716,,
STEELCASE INC,858155203,3372,287700,,
VORNADO RLTY TR,929042109,3367,80435,,
VENTAS INC,92276F100,3359,65700,CALL,
BGC PARTNERS INC,05541T101,3355,721592,,
PROGRESS SOFTWARE CORP,743312100,3351,69431,,
ARENA FORTIFY ACQUISITION CO,04005A203,3350,330350,,
COHERENT INC,192479103,3349,12565,,
OCULAR THERAPEUTIX INC,67576A100,3343,479668,,
HELLO GROUP INC,423403104,3341,372000,PUT,MOMO
PPL CORP,69351T106,3341,111146,,PPLC
SIXTH STREET SPECIALTY LENDN,83012A109,3341,142850,,
STMICROELECTRONICS N V,861012102,3340,68326,,
HELIX ACQUISITION CORP,G4444C102,3333,337021,,
CAPSTAR SPL PURP ACQUISITION,14070Y101,3332,334586,,
AVISTA PUB ACQUISITION CORP,G07247102,3322,333486,,
FEDERAL RLTY INVT TR,313747206,3318,24337,,
BCLS ACQUISITION CORP,G0904B105,3317,336413,,
VISION SENSING ACQUISITION C,92838J202,3315,325000,,
MATRIX SVC CO,576853105,3309,440062,,
ROCKET PHARMACEUTICALS INC,77313F106,3307,151494,,
KISMET ACQUISITION TWO CORP,G52807107,3303,339834,,
AXALTA COATING SYS LTD,G0750C108,3297,99547,,
CHICOS FAS INC,168615102,3293,612104,,
COMSCORE INC,20564W105,3283,983076,,
HANOVER INS GROUP INC,410867105,3277,25003,,
TISHMAN SPEYER INNOVATION CO,88825H100,3275,335871,,
CITIZENS FINL GROUP INC,174610105,3274,69300,CALL,
VECTRUS INC,92242T101,3269,71420,,
MALIBU BOATS INC,56117J100,3266,47522,,
ACCO BRANDS CORP,00081T108,3264,395212,,ACCO
LOEWS CORP,540424108,3263,56498,,L
SOMALOGIC INC,83444K105,3260,280026,,
WELSBACH TECH METALS ACQU CO,950415208,3257,325000,,
COMMUNITY BK SYS INC,203607106,3246,43585,,
SUPERIOR INDS INTL INC,868168105,3246,724468,,
NATIONAL GRID PLC,636274409,3237,44755,,NMKBP
EVOLENT HEALTH INC,30050B101,3233,116829,,
CYRUSONE INC,23283R100,3228,35974,,
ACKRELL SPAC PARTNERS I CO,00461L303,3225,318975,,
CROCS INC,227046109,3218,25100,CALL,
ABCELLERA BIOLOGICS INC,00288U106,3212,224600,PUT,ABCL
ARCBEST CORP,03937C105,3212,26800,PUT,
ARTISAN ACQUISITION CORP,G0509L102,3210,323918,,
CEL-SCI CORP,150837607,3210,452132,,
MERITAGE HOMES CORP,59001A102,3210,26300,CALL,MTH
BUTTERFLY NETWORK INC,124155102,3204,478886,,
FRONTIER INVESTMENT CORP,G36816109,3202,330764,,
PRICESMART INC,741511109,3188,43567,,PSMT
SS&C TECHNOLOGIES HLDGS INC,78467J100,3186,38860,,
PROPTECH INVESTMENT CORP II,743497109,3184,326594,,
D AND Z MEDIA ACQUISITION CO,23305Q106,3183,326433,,
BRISTOW GROUP INC,11040G103,3182,100481,,VTOL
CARDIOVASCULAR SYS INC DEL,141619106,3182,169431,,
DRAGONEER GROWTH OPT CORP II,G28315102,3179,325419,,
EVERI HLDGS INC,30034T103,3179,148912,,
EXPONENT INC,30214U102,3177,27219,,EXPO
FTAC ZEUS ACQUISITION COR,30320F205,3171,317134,,
G SQUARED ASCEND II INC,G42041106,3171,324240,,
GRANITE CONSTR INC,387328107,3170,81914,,
LOYALTY VENTURES INC,54911Q107,3155,104920,,
FORBION EUROPEAN ACQUSTN COR,G3619H128,3154,314166,,
TWIN RIDGE CAPITAL ACQUIS CO,G9151L104,3150,325052,,
FULTON FINL CORP PA,360271100,3145,184973,,
BUILD-A-BEAR WORKSHOP INC,120076104,3144,161083,,BBW
RAMBUS INC DEL,750917AG1,3140,2000000,,RMBS
ARRAY TECHNOLOGIES INC,04271T100,3138,200000,PUT,
PAYCOR HCM INC,70435P102,3138,108925,,
TOYOTA MOTOR CORP,892331307,3126,16868,,
VIAD CORP,92552R406,3116,72821,,
GORES HLDGS VIII INC,382863108,3105,304388,,
ZYNGA INC,98986T108,3105,485222,,
WARBURG PINCUS CAPTAL CORP I,G9461D107,3100,316348,,
TZP STRATEGIES ACQUISTN CORP,G91595101,3099,317472,,
ALPINE ACQUISITION CORPORATI,02083L109,3098,309475,,
EVERCORE INC,29977A105,3096,22791,,EVR
TENET HEALTHCARE CORP,88033G407,3096,37900,CALL,THC
I MAB,44975P103,3094,65285,,
GROUP NINE ACQUISITION CORP,39947R104,3085,316412,,
LIBERTY RES ACQUISITION CORP,53118A204,3084,300000,,
HEADHUNTER GROUP PLC,42207L106,3077,60219,,
HOME BANCSHARES INC,436893200,3074,126226,,HOMB
JAWS HURRICANE ACQUISITN COR,47201B103,3071,313366,,
SPDR SER TR,78464A888,3056,35626,,
BLACKROCK TCP CAPITAL CORP,09259E108,3054,226020,,TCPC
ASCENDANT DIGITAL ACQ CORP I,G05157121,3045,300000,,
ENERGEM CORP,G30449113,3045,300000,,
AP ACQUISITION CORP,G04058122,3039,300000,,
TRINE II ACQUISITION CORP,G9059F126,3039,300000,,
HIGHLAND TRANSCEND PARTNERS,G44690108,3037,306155,,
NUTANIX INC,67059N108,3037,95314,,
NICE LTD,653656108,3036,10000,CALL,NCSYF
BLOCKCHAIN COINVSTRS ACQ CRP,G11765123,3033,300000,,
CRYPTO 1 ACQUISITION CORP,G3168A128,3030,300000,,
HANNON ARMSTRONG SUST INFR C,41068X100,3026,56959,,
CSW INDUSTRIALS INC,126402106,3020,24985,,
THERMON GROUP HLDGS INC,88362T103,3019,178346,,
HERCULES CAPITAL INC,427096508,3016,181792,,
ALSP ORCHID ACQUISITION CORP,G0231L115,3015,300000,,
GARDINER HEALTHCARE ACQTS CO,365506203,3015,300000,,
LXP INDUSTRIAL TRUST,529043101,3015,193014,,LXP-PC
UTA ACQUISITION CORPORATION,G9473A125,3015,300000,,
ZAI LAB LTD,98887Q104,3006,47832,,ZLAB
NOVOCURE LTD,G6674U108,3003,40000,PUT,NVCR
SCULPTOR ACQUISITION CORP I,G7T983129,3003,300000,,
ST ENERGY TRANSITION I LTD,G8465L123,3003,300000,,
MDH ACQUISITION CORP,55283P106,3001,306228,,
TREEHOUSE FOODS INC,89469A104,2998,73979,,
STATE STR CORP,857477103,2991,32158,,
LIVE OAK BANCSHARES INC,53803X105,2990,34255,,
PACIRA BIOSCIENCES INC,695127100,2990,49697,,
PGT INNOVATIONS INC,69336V101,2984,132696,,
ANTERIX INC,03676C100,2980,50720,,ATEX
CHANGE HEALTHCARE INC,15912K100,2978,139266,,
ATLAS CREST INVESTMENT CORP,049287105,2974,305644,,
REVELSTONE CAPITAL ACQSTN CO,76137R205,2970,300000,,
FORTUNE RISE ACQUISITION COR,34969G201,2968,293000,,
BRIGHT LIGHTS ACQUISITION CO,10920K101,2963,300505,,
BROOKFIELD ASSET MGMT INC,112585104,2956,48925,,
INTEGRAL AD SCIENCE HLDNG CO,45828L108,2954,132984,,
BRAZE INC,10576N102,2953,38268,,
PERFICIENT INC,71375U101,2948,22800,CALL,
FABRINET,G3323L100,2946,24863,,FN
MUELLER INDS INC,624756102,2946,49629,,
CIRCOR INTL INC,17273K109,2945,108334,,
CROSS CTRY HEALTHCARE INC,227483104,2939,105878,,
GORES TECHNOLOGY PARTNERS II,38287L107,2938,296763,,
SUPERNOVA PARTN ACQ CO III L,G8T90F102,2937,301275,,
BIG 5 SPORTING GOODS CORP,08915P101,2936,154433,,
FIRST COMWLTH FINL CORP PA,319829107,2934,182328,,
KITE RLTY GROUP TR,49803T300,2921,134113,,
AMBEV SA,02319V103,2920,1042715,,
CONSTELLATION ACQUISITN CORP,G2R18K105,2919,299119,,
SOFTWARE ACQUISITN GRP INC I,83407J103,2915,295989,,
GRAND CANYON ED INC,38526M106,2914,34002,,
AMERICAN EQTY INVT LIFE HLD,025676206,2912,74829,,
FLUIDIGM CORP DEL,34385P108,2908,741750,,
TPG RE FIN TR INC,87266M107,2905,235789,,
ENERPLUS CORP,292766102,2900,274800,,
ENTERGY CORP NEW,29364G103,2897,25721,,
NEXTERA ENERGY INC,65339F770,2890,50338,,NEE-PS
CLEANSPARK INC,18452B209,2888,303401,,
EYEPOINT PHARMACEUTICALS INC,30233G209,2886,235754,,
INVESCO MORTGAGE CAPITAL INC,46131B100,2885,1037600,PUT,IVR-PC
ACADIA RLTY TR,004239109,2883,132077,,
JACK CREEK INVESTMENT CORP,G4989X115,2883,295362,,
MOUNTAIN CREST ACQSITN CORP,62404B107,2881,295167,,
5 01 ACQUISITION CORP,33836P105,2878,292209,,
FOCUS FINL PARTNERS INC,34417P100,2878,48199,,
PENUMBRA INC,70975L107,2873,10000,PUT,PEN
ONE EQUITY PARTNERS OPEN WTR,68237L105,2869,294907,,
SL GREEN RLTY CORP,78440X804,2868,40000,CALL,
VECTOR GROUP LTD,92240M108,2864,249520,,
V F CORP,918204108,2863,39100,PUT,VFC
SANDSTORM GOLD LTD,80013R206,2838,457276,,
EDIFY ACQUISITION CORP,28059Q103,2834,290027,,
AMERICAN NATIONAL GROUP INC,02772A109,2833,15000,CALL,ANG-PD
RIBBON COMMUNICATIONS INC,762544104,2831,467891,,RBBN
LEVI STRAUSS & CO NEW,52736R102,2826,112900,,LEVI
KADEM SUSTAINABLE IMPACT COR,48284E105,2824,291480,,
SIZZLE ACQUISITION CORP,83014E208,2822,275000,,
MADISON SQUARE GRDN ENTERTNM,55826T102,2814,40000,PUT,
TRIMBLE INC,896239100,2812,32255,,TRMB
ZYNERBA PHARMACEUTICALS INC,98986X109,2812,976450,,
COMMSCOPE HLDG CO INC,20337X109,2805,254043,,
INTEGRAL ACQUISITION CORP 1,45827K101,2802,284225,,
SPORTSMAP TECH ACQUISITIN CO,84921J108,2802,285199,,
FARMLAND PARTNERS INC,31154R109,2800,234311,,FPI
TG VENTURE ACQUISITION CORP,87251T109,2800,285386,,
PHOTRONICS INC,719405102,2795,148274,,PLAB
CORTEXYME INC,22053A107,2793,221351,,
SARISSA CAPITAL ACQUISITN CO,G7823W102,2791,281955,,
CODEXIS INC,192005106,2789,89177,,
PINNACLE FINL PARTNERS INC,72346Q104,2787,29181,,
LAUREATE EDUCATION INC,518613203,2783,227378,,
NOVA VISION ACQUISITION CORP,G6759A100,2782,279060,,
COGNYTE SOFTWARE LTD,M25133105,2781,177502,,CGNT
CROWN PROPTECH ACQUISITIONS,G25741102,2777,280523,,CPTKW
JUPITER WELLNESS ACQUISITION,48208E207,2772,275000,,
INTREPID POTASH INC,46121Y201,2769,64806,,
DIGIMARC CORP NEW,25381B101,2767,70096,,DMRC
VIEWRAY INC,92672L107,2765,501765,,
SELECT MED HLDGS CORP,81619Q105,2760,93866,,
LIFE TIME GROUP HOLDINGS INC,53190C102,2757,160207,,
MOUNTAIN CREST ACQUSITN CRP,62403K108,2757,279949,,
DUKE REALTY CORP,264411505,2753,41937,,
MADRIGAL PHARMACEUTICALS INC,558868105,2753,32492,,
FTAC PARNASSUS ACQUISITN COR,30319B108,2747,278901,,
MANTECH INTERNATIONAL CORP,564563104,2745,37643,,
BANK HAWAII CORP,062540109,2742,32733,,
TRUSTCO BK CORP N Y,898349204,2740,82246,,
EVEREST RE GROUP LTD,G3223R108,2739,10000,CALL,
AEROVIRONMENT INC,008073108,2736,44105,,AVAV
HEIDRICK & STRUGGLES INTL IN,422819102,2731,62462,,
EDISON INTL,281020107,2723,39900,CALL,
TERRENO RLTY CORP,88146M101,2722,31919,,
PEARSON PLC,705015105,2721,323982,,PSORF
CALAVO GROWERS INC,128246105,2718,64115,,
OMEGA ALPHA SPAC,G6749V107,2707,277063,,
FORWARD AIR CORP,349853101,2706,22344,,FWRD
APOLLO COML REAL EST FIN INC,03762U105,2701,205263,,
CENTURY ALUM CO,156431108,2696,162799,,
ETSY INC,29786AAL0,2696,2000000,,ETSY
MOUNTAIN CREST ACQSTN CORP I,62402U107,2696,272638,,
NUVASIVE INC,670704105,2694,51332,,
ATOTECH LTD,G0625A105,2685,105205,,
EVOLUS INC,30052C107,2683,412148,,
HANMI FINL CORP,410495204,2683,113298,,
LEXINFINTECH HLDGS LTD,528877103,2683,695205,,
B RILEY PRIN 250 MERGER CORP,05602L104,2664,273460,,
DOCEBO INC,25609L105,2658,39600,,DCBO
BLACKBAUD INC,09227Q100,2655,33617,,BLKB
THAYER VENTURES ACQU CORP,88332T100,2655,262909,,
ARBOR RAPHA CAP BIOHLDS CORP,03881F104,2653,266666,,
RADWARE LTD,M81873107,2652,63684,,RDWR
BAKER HUGHES COMPANY,05722G100,2647,110000,PUT,
GRAB HOLDINGS LIMITED,G4124C109,2645,371031,,
ADECOAGRO S A,L00849106,2643,344155,,
INTERSECT ENT INC,46071F103,2643,96764,,
WNS HLDGS LTD,92932M101,2643,29956,,
REDWOOD TR INC,758075402,2638,200000,PUT,
INTEGER HLDGS CORP,45826H109,2627,30697,,
UP FINTECH HLDG LTD,91531W106,2616,532746,,
JIYA ACQUISITION CORP,47760M102,2611,267215,,
CAL MAINE FOODS INC,128030202,2609,70541,,
JBG SMITH PPTYS,46590V100,2605,90742,,
LUCID GROUP INC,549498103,2603,68419,,
JACOBS ENGR GROUP INC,469814107,2602,18687,,
NIELSEN HLDGS PLC,G6518L108,2594,126484,,
TAKEDA PHARMACEUTICAL CO LTD,874060205,2594,190311,,TKPHF
RLI CORP,749607107,2592,23120,,RLI
TRITON INTL LTD,G9078F107,2590,43000,CALL,
HOLOGIC INC,436440101,2587,33785,,
SPIRIT AEROSYSTEMS HLDGS INC,848574109,2585,60000,PUT,
CI FINL CORP,125491100,2575,123139,,
ALPHA STAR ACQUISITION CORP,G0230C124,2570,250000,,ALSWF
CENOVUS ENERGY INC,15135U109,2567,209200,PUT,CVE
COTERRA ENERGY INC,127097103,2564,134937,PUT,
SHIFT4 PMTS INC,82452J109,2555,44100,PUT,
TUSCAN HLDGS CORP II,90070A103,2552,250204,,
TRANSDIGM GROUP INC,893641100,2545,4000,CALL,TDG
OLIN CORP,680665205,2537,44100,CALL,OLN
WALDENCAST ACQUISITION CORP,G9460C100,2534,255147,,
CHIMERA INVT CORP,16934Q208,2530,167802,,
SEMPER PARATUS ACQUISITION C,G8028L123,2530,250000,,
RICE ACQUISITION CORP II,G75529100,2529,252899,,
ASGN INC,00191U102,2527,20476,,
HEXCEL CORP NEW,428291108,2526,48772,,
FINTECH ECOSYSTEM DEVE,318136207,2525,247500,,
BUMBLE INC,12047B105,2523,74500,PUT,BMBL
KENNEDY-WILSON HOLDINGS INC,489398107,2523,105645,,
RAPT THERAPEUTICS INC,75382E109,2521,68648,,
INCEPTION GROWTH ACQUSTN LTD,45333D203,2520,250000,,
DECARBONIZATION PLUS ACQU II,242794105,2514,252117,,
ELDORADO GOLD CORP NEW,284902509,2512,268657,,
NRG ENERGY INC,629377508,2512,58300,CALL,
CHATHAM LODGING TR,16208T102,2503,182442,,
SUNOPTA INC,8676EP108,2503,360170,,
ARCELORMITTAL SA LUXEMBOURG,03938L203,2502,78600,CALL,
CAE INC,124765108,2496,98900,,CAE
ORAMED PHARMACEUTICALS INC,68403P203,2496,174795,,ORMP
NATUS MED INC DEL,639050103,2495,105152,,
CRYOLIFE INC,228903100,2493,122495,,
HURON CONSULTING GROUP INC,447462102,2492,49938,,HURN
CCC INTELLIGENT SOLUTIONS HL,12510Q100,2490,218576,,
AMBAC FINL GROUP INC,023139884,2489,155104,,
ITRON INC,465741106,2488,36310,,
OFG BANCORP,67103X102,2485,93556,,OFG
COTY INC,222070203,2484,236562,,COTY
ECOLAB INC,278865100,2483,10584,,ECL
AMERICAN ACQUISITION OPPT IN,02369M102,2480,247241,,
AUTOMATIC DATA PROCESSING IN,053015103,2466,10000,CALL,
PEGASUS DIGITAL MOBILITY ACQ,G69768102,2458,250589,,
WINTRUST FINL CORP,97650W108,2456,27047,,
ZIMMER ENERGY TRANSITION ACQ,989570106,2453,250001,,
GRAF ACQUISITION CORP IV,384272100,2448,252656,,
AMERICAS CAR-MART INC,03062T105,2447,23900,PUT,
AAON INC,000360206,2443,30760,,
ALPHA METALLURGICAL RESOUR I,020764106,2442,40000,PUT,
USHG ACQUISITION CORP,91748P100,2438,235149,,
VALLEY NATL BANCORP,919794107,2435,177055,,
NEXTGEN HEALTHCARE INC,65343C102,2431,136653,,
COURSERA INC,22266M104,2424,99200,PUT,
AURORA CANNABIS INC,05156X884,2420,447300,PUT,ACB
PHYSICIANS RLTY TR,71943U104,2420,128540,,
ESCO TECHNOLOGIES INC,296315104,2416,26849,,ESE
ARCTURUS THERAPEUTICS HLDGS,03969T109,2405,64989,,
ION ACQUISITION CORP 3 LTD,G4940J114,2405,245868,,
W & T OFFSHORE INC,92922P106,2399,742578,,
FRESENIUS MED CARE AG&CO KGA,358029106,2398,73880,,
WINVEST ACQUISITION CORP,97655B109,2391,243000,,WINVW
GESHER I ACQUISITION CORP,G38537109,2389,243793,,
GOLDENBRIDGE ACQUISITION LTD,G3970D104,2383,239460,,
DAKTRONICS INC,234264109,2380,471250,,
GINKGO BIOWORKS HOLDINGS INC,37611X100,2379,286284,,
ICICI BANK LIMITED,45104G104,2375,120000,PUT,
ARBOR RAPHA CAP BIOHLDS CORP,03881F203,2364,233334,,
ZOGENIX INC,98978L204,2350,144595,,
PLAYA HOTELS & RESORTS NV,N70544106,2343,293638,,
BANC OF CALIFORNIA INC,05990K106,2341,119316,,
KANDI TECHNOLOGIES GROUP INC,483709101,2333,726880,,
DHC ACQUISITION CORP,G2758T109,2330,239422,,
R1 RCM INC,749397105,2320,91024,,
ALKERMES PLC,G01767105,2319,99710,,ALKS
MASCO CORP,574599106,2319,33030,,
VIASAT INC,92552V100,2316,52000,PUT,VSAT
GLOBALINK INVT INC,37892F208,2315,225000,,
ORTHO CLINICAL DIAGNOSTICS H,G6829J107,2315,108217,,
HERSHA HOSPITALITY TR,427825500,2313,252204,,
HUDSON EXECUTIVE INVS CORP I,443760103,2313,236496,,
KADANT INC,48282T104,2305,10000,CALL,KAI
ENOVIX CORPORATION,293594115,2296,145901,,ENVX
SANDERSON FARMS INC,800013104,2293,12000,CALL,
FOX FACTORY HLDG CORP,35138V102,2291,13469,,
OVID THERAPEUTICS INC,690469101,2289,713166,,OVID
FARO TECHNOLOGIES INC,311642102,2288,32682,,
TRISTATE CAP HLDGS INC,89678F100,2285,75514,,
BYTE ACQUISITION CORP,G1R25Q105,2271,232007,,
JINKOSOLAR HLDG CO LTD,47759T100,2270,49400,CALL,
ORIX CORP,686330101,2269,22297,,ORXCF
ISHARES INC,46434G103,2265,37840,,
MEDPACE HLDGS INC,58506Q109,2264,10403,,
HYDROFARM HLDGS GROUP INC,44888K209,2263,80000,CALL,
CUSHMAN WAKEFIELD PLC,G2717B108,2258,101527,,
OSHKOSH CORP,688239201,2258,20035,,OSK
TOOTSIE ROLL INDS INC,890516107,2257,62291,,
TABULA RASA HEALTHCARE INC,873379101,2255,150314,,
KYNDRYL HLDGS INC,50155Q100,2254,124520,PUT,
TECHTARGET INC,87874R100,2248,23500,PUT,
ARROWROOT ACQUISITION CORP,04282M102,2247,231454,,
CGI INC,12532H104,2247,25400,,GIB
INTEGRA LIFESCIENCES HLDGS C,457985208,2247,33544,,
LMF ACQUISITION OPPORTUNIT I,502015100,2245,223649,,
SANGAMO THERAPEUTICS INC,800677106,2244,299194,,
DOUGLAS EMMETT INC,25960P109,2241,66895,,DEI
DORIAN LPG LTD,Y2106R110,2239,176400,,LPG
PARTY CITY HOLDCO INC,702149105,2234,401031,,
LIVE OAK MOBILITY ACQUISI CO,538126103,2232,228437,,
ALPHA PARTNERS TECH MERGR CO,G63290111,2227,229621,,
KURA ONCOLOGY INC,50127T109,2225,158934,,
RENEWABLE ENERGY GROUP INC,75972A301,2225,52416,,
SPIRIT RLTY CAP INC NEW,84860W300,2218,46016,,
LSB INDS INC,502160104,2215,200449,,
ZIM INTEGRATED SHIPPING SERV,M9T951109,2213,37591,,
FIRST MERCHANTS CORP,320817109,2209,52745,,FRMEP
HERITAGE FINL CORP WASH,42722X106,2208,90364,,
HEWLETT PACKARD ENTERPRISE C,42824C109,2208,140000,PUT,
VISHAY PRECISION GROUP INC,92835K103,2208,59488,,
FUTUREFUEL CORP,36116M106,2205,288677,,FF
RPT REALTY,74971D101,2202,164605,,
GLOBALINK INVT INC,37892F109,2197,223732,,
ARROWHEAD PHARMACEUTICALS IN,04280A100,2196,33117,,
LINDSAY CORP,535555106,2181,14351,,LNN
MONUMENT CIRCLE ACQUISITN CO,61531M101,2181,223511,,
TWO,G9152V101,2176,223672,,
SEALED AIR CORP NEW,81211K100,2158,31991,,
COSTAMARE INC,Y1771G102,2151,170068,,CMRE-PB
LAKESHORE ACQUISITION I CORP,G53521103,2148,217890,,
CSG SYS INTL INC,126349109,2140,37148,,
CARIBOU BIOSCIENCES INC,142038108,2133,141361,,
SANDBRIDGE X2 CORP,799792106,2130,219619,,
PARSEC CAPITAL ACQUISITION,70184A108,2118,213469,,
SPK AQUISITION CORP,848651105,2112,213147,,
ORGANIGRAM HLDGS INC,68620P101,2104,1198200,,
TARO PHARMACEUTICAL INDS LTD,M8737E108,2104,41985,,
HORACE MANN EDUCATORS CORP N,440327104,2102,54328,,
WW INTL INC,98262P101,2097,130000,CALL,
CINEMARK HLDGS INC,17243V102,2096,130000,PUT,
LAVA MEDTECH ACQUISITION COR,519345201,2096,200000,,
LANNET INC,516012101,2094,1292393,,
RANGER OIL CORPORATION,70788V102,2094,77791,,
CHINOOK THERAPEUTICS INC,16961L106,2089,128102,,
SIRIUSPOINT LTD,G8192H106,2088,256797,,SPNT
EBIX INC,278715206,2087,68640,,
TELEFLEX INCORPORATED,879369106,2087,6352,,
BRIGHTCOVE INC,10921T101,2085,204047,,
COLUMBIA FINL INC,197641103,2084,99910,,
LENDINGTREE INC,52603BAD9,2082,2500000,,
NORDSTROM INC,655664100,2081,92000,PUT,
VERA BRADLEY INC,92335C106,2080,244427,,
ISHARES TR,464288281,2074,19020,,
JELD-WEN HLDG INC,47580P103,2074,78666,,
TCR2 THERAPEUTICS INC,87808K106,2068,443757,,
ISTAR INC,45031U101,2066,80000,PUT,
GRAHAM HLDGS CO,384637104,2065,3278,,
E L F BEAUTY INC,26856L103,2064,62150,,
8I ACQUISITION 2 CORP,G2956R111,2062,200000,,
INDEPENDENT BK CORP MICH,453838609,2058,86231,,
CULLEN FROST BANKERS INC,229899109,2054,16290,,
GROWTH CAP ACQUISITION CORP,39986V107,2053,206539,,
PACWEST BANCORP DEL,695263103,2051,45398,,
AMERICAN EAGLE OUTFITTERS IN,02553E106,2050,80973,,
TRUPANION INC,898202106,2046,15500,CALL,
BLUE SAFARI GRP ACQUISITN CO,G1195R106,2045,205181,,
JUNIPER II CORP,48203N202,2040,200000,,
ENTRAVISION COMMUNICATIONS C,29382R107,2039,300698,,
DANA INC,235825205,2038,89314,,DAN
FRANCHISE GROUP INC,35180X105,2038,39064,,
SEMRUSH HLDGS INC,81686C104,2037,97695,,
BLEND LABS INC,09352U108,2031,276753,,
GLOBAL TECHNOLGY ACQSTN CORP,G3934N123,2030,200000,,
HUNT COMPANIES ACQUISITIO,G46482116,2030,200000,,
PERCEPTION CAPITAL CORP II,G7007D128,2030,200000,,
SENSATA TECHNOLOGIES HLDG PL,G8060N102,2030,32909,,
7 ACQUISITION CORPORATION,G80694121,2028,200000,,
PENSKE AUTOMOTIVE GRP INC,70959W103,2026,18900,PUT,
HYSTER YALE MATLS HANDLING I,449172105,2023,49221,,
WORKHORSE GROUP INC,98138J206,2023,464100,CALL,WKHS
CATALYST PHARMACEUTICALS INC,14888U101,2020,298333,,
TKB CRITICAL TECHNOLOGIES 1,G88935104,2020,200000,,
ANHEUSER BUSCH INBEV SA/NV,03524A108,2016,33300,PUT,
ENTERPRISE 4.0 TEC ACQSTN CO,G3137C122,2014,200000,,
HAIN CELESTIAL GROUP INC,405217100,2014,47260,,HAIN
KELLY SVCS INC,488152208,2014,120092,,
EXCELFIN ACQUISITION CORP,30069X201,2010,200000,,
DANAHER CORPORATION,235851300,2009,916,,
IMMUNITYBIO INC,45256X103,2009,330501,,
WAVE LIFE SCIENCES LTD,Y95308105,2009,639961,,WVE
CRESCERA CAP ACQUISITION COR,G26507122,2004,200000,,
SPDR SER TR,78468R556,2004,20899,,
APOLLO MED HLDGS INC,03763A207,1999,27200,CALL,
PRIVETERRA ACQUISITION CORP,74275N102,1998,205380,,
POWERED BRANDS,G7209M108,1993,203551,,
ANGI INC,00183L102,1991,216222,,ANGI
CALERES INC,129500104,1991,87771,,CAL
MESA AIR GROUP INC,590479135,1986,354596,,
PACIFICO ACQUISITION CORP,69512X103,1984,200000,,
RED ROBIN GOURMET BURGERS IN,75689M101,1984,120018,,
HARBORONE BANCORP INC NEW,41165Y100,1983,133596,,
ORTHOFIX MED INC,68752M108,1983,63770,,
BLUERIVER ACQUISITION CORP,G1261Q107,1965,202132,,
UNIVERSAL ELECTRS INC,913483103,1963,48181,,
CHART INDS INC,16115Q308,1962,12300,CALL,
WPP PLC NEW,92937A102,1959,25936,,WPPGF
SEAPORT GLOBAL ACQUISITION I,81221H105,1958,198167,,
KAMAN CORP,483548103,1955,45315,,
KAIROS ACQUISITION CORP,G52110114,1952,199348,,
HOLLYSYS AUTOMATION TCHNGY L,G45667105,1950,138487,,
OUSTER INC,68989M103,1947,374368,,
KULICKE & SOFFA INDS INC,501242101,1937,32000,PUT,
CLOVER HEALTH INVESTMENTS CO,18914F103,1935,520258,,
TEGNA INC,87901J105,1935,104271,,
INFINITY PHARMACEUTICALS INC,45665G303,1933,859030,,
ATRICURE INC,04963C209,1917,27570,,
DYNAMICS SPECIAL PURPOSE COR,268010105,1910,193687,,
SPROUTS FMRS MKT INC,85208M102,1905,64193,,
SIERRA LAKE ACQUISITION CORP,826332108,1899,194145,,
BANNER CORP,06652V208,1898,31279,,BANR
CRINETICS PHARMACEUTICALS IN,22663K107,1897,66782,,
CUTERA INC,232109108,1895,45868,,
WESTAMERICA BANCORPORATION,957090103,1894,32811,,WABC
ASTRONICS CORP,046433108,1890,157494,,ATROB
PATRICK INDS INC,703343103,1890,23421,,
LATTICE SEMICONDUCTOR CORP,518415104,1888,24500,PUT,LSCC
SYNDAX PHARMACEUTICALS INC,87164F105,1887,86199,,SNDX
LA JOLLA PHARMACEUTICAL CO,503459604,1877,403682,,
AEROJET ROCKETDYNE HLDGS INC,007800105,1873,40061,,
AURORA ACQUISITION CORP,G0698L103,1873,189210,,
REGIONS FINANCIAL CORP NEW,7591EP100,1864,85505,,RF-PF
TERNIUM SA,880890108,1863,42800,PUT,
CRESCENT ENERGY COMPANY,44952J104,1862,146830,,
AMERICAN CAMPUS CMNTYS INC,024835100,1859,32456,,
PRIMORIS SVCS CORP,74164F103,1858,77465,,
WILLIS TOWERS WATSON PLC LTD,G96629103,1851,7793,,WTW
PACIFIC PREMIER BANCORP,69478X105,1850,46206,,
AMERIS BANCORP,03076K108,1834,36907,,ABCB
ENANTA PHARMACEUTICALS INC,29251M106,1833,24508,,ENTA
CYBEROPTICS CORP,232517102,1832,39400,,
REGENCY CTRS CORP,758849103,1831,24300,,
HHG CAPITAL CORPORATION,G4R23P103,1830,185050,,
OSI SYSTEMS INC,671044105,1829,19623,,OSIS
UNIVERSAL HLTH SVCS INC,913903100,1828,14100,PUT,
HESKA CORP,42805E306,1825,10000,CALL,
ANAPLAN INC,03272L108,1824,39787,,
FORTISTAR SUSTAINABLE SOL CO,34962M106,1823,187762,,
RESTAURANT BRANDS INTL INC,76131D103,1820,30000,PUT,
ARBOR REALTY TRUST INC,038923108,1819,99305,,ABR-PF
BERKELEY LTS INC,084310101,1818,100000,PUT,
BLACK SPADE ACQUISITION CO,G11537100,1808,186606,,
ROTH CH ACQUISITION III CO,77867Q102,1807,182136,,
EVERBRIDGE INC,29978A104,1806,26826,,
ACE GLOBAL BUSINESS ACQU LTD,G0083E102,1802,178625,,
TYRA BIOSCIENCES INC,90240B106,1799,127863,,
PIONEER MERGER CORP,G7S24C103,1798,182203,,
LIQUIDIA CORPORATION,53635D202,1796,368849,,LQDA
APELLIS PHARMACEUTICALS INC,03753U106,1791,37890,,
LEGATO MERGER CORP II,52473Y104,1789,183333,,
ITIQUIRA ACQUISITION CORP,G49773107,1788,183596,,
PIPER SANDLER COMPANIES,724078100,1785,10000,CALL,PIPR
INTERFACE INC,458665304,1782,111700,,TILE
NET 1 UEPS TECHNOLOGIES INC,64107N206,1780,334505,,
ESSENT GROUP LTD,G3198U102,1776,38997,,ESNT
SCHWEITZER-MAUDUIT INTL INC,808541106,1776,59414,,
CRYOPORT INC,229050307,1769,29900,CALL,
NOODLES & CO,65540B105,1769,194990,,NDLS
PEOPLES UNITED FINANCIAL INC,712704105,1769,99279,,
SILICOM LTD,M84116108,1767,34249,,SILC
CAESARSTONE LTD,M20598104,1763,155427,,CSTE
PROCEPT BIOROBOTICS CORP,74276L105,1756,70214,,PRCT
NEWMARK GROUP INC,65158N102,1755,93826,,
MACERICH CO,554382101,1748,101181,,MAC
NERDY INC,64081V109,1741,386924,,NRDY
CORNER GROWTH ACQUISITN CORP,G2426E104,1734,175306,,
TUTOR PERINI CORP,901109108,1734,140138,,TPC
CDW CORP,12514G108,1733,8461,,CDW
VALMONT INDS INC,920253101,1733,6919,,
FUELCELL ENERGY INC,35952H601,1732,333059,,FCELB
KATAPULT HOLDINGS INC,485859102,1728,512670,,
ASBURY AUTOMOTIVE GROUP INC,043436104,1727,10000,CALL,ABG
GRID DYNAMICS HLDGS INC,39813G109,1725,45437,,
ITAU UNIBANCO HLDG S A,465562106,1725,460000,PUT,
CATHAY GEN BANCORP,149150104,1723,40084,,
SILVER CREST ACQUISITION COR,G81355102,1716,174878,,
PROCAPS GROUP,L7756P102,1713,175703,,
NEW ORIENTAL ED & TECHNOLOGY,647581107,1707,812935,,
ACCOLADE INC,00437E102,1705,64700,CALL,
DIODES INC,254543101,1700,15477,,
SPIRIT AIRLS INC,848577102,1699,77762,,
TETRA TECH INC NEW,88162G103,1698,10000,CALL,TTEK
BROOKLINE CAP ACQUISITION CO,11374E104,1690,168851,,
BEIGENE LTD,07725L102,1680,6200,CALL,
CTS CORP,126501105,1673,45559,,CTS
CVENT HOLDING CORP,126677103,1673,204729,,
BANNIX ACQUISITION CORP,066644105,1672,170397,,
WIDEOPENWEST INC,96758W101,1671,77627,,
CIPHER MINING INC,17253J106,1667,360000,,
DELUXE CORP,248019101,1666,51888,,DLX
SILVERBACK THERAPEUTICS INC,82835W108,1665,250016,,
VICOR CORP,925815102,1663,13100,PUT,VICR
ANI PHARMACEUTICALS INC,00182C103,1656,35939,,ANIP
AZZ INC,002474104,1650,29840,,AZZ
SCHNEIDER NATIONAL INC,80689H102,1649,61274,,
GLOBAL NET LEASE INC,379378201,1648,107844,,
BRYN MAWR BK CORP,117665109,1645,36542,,
ALIGNMENT HEALTHCARE INC,01625V104,1631,116017,,
TAL EDUCATION GROUP,874080104,1631,415000,CALL,TAL
HAYNES INTERNATIONAL INC,420877201,1627,40334,,
DICE THERAPEUTICS INC,23345J104,1624,64146,,
CABLE ONE INC,12685J105,1621,919,,
FULL HSE RESORTS INC,359678109,1621,133889,,
CINCINNATI FINL CORP,172062101,1618,14206,,
SP PLUS CORP,78469C103,1610,57068,,
BRAEMAR HOTELS & RESORTS INC,10482B101,1609,315405,,BHR-PD
EDTECHX HOLDINGS ACQU CORP I,28139A102,1608,160495,,
RENT THE RUNWAY INC,76010Y103,1606,197100,,
GLOBAL PARTNER ACQISTN CORP,G3934P102,1601,164872,,
CRA INTL INC,12618T105,1597,17109,,
UNIVERSAL INS HLDGS INC,91359V107,1593,93706,,
COLLEGIUM PHARMACEUTICAL INC,19459J104,1592,85199,,
NORTHWEST PIPE CO,667746101,1585,49847,,
AMERCO,023586100,1584,2181,,
SHARECARE INC,81948W104,1584,352732,,
QUEENS GAMBIT GROWTH CAPITAL,G7315C101,1583,159904,,
TEEKAY CORPORATION,Y8564W103,1583,504214,,TK
PUMA BIOTECHNOLOGY INC,74587V107,1579,519560,,
TRUSTMARK CORP,898402102,1579,48636,,TRMK
HEALTHWELL ACQUISITION CORP,42227R109,1578,162800,,
NEW YORK MTG TR INC,649604501,1577,424000,PUT,
CALLAWAY GOLF CO,131193104,1575,57400,PUT,CALY
FIGURE ACQUISITION CORP I,302438106,1570,160205,,
OZON HLDGS PLC,69269L104,1569,53000,PUT,
HCI GROUP INC,40416E103,1566,18751,,
NEOGAMES S A,L6673X107,1565,56324,,
YPF SOCIEDAD ANONIMA,984245100,1561,408525,,YPF
DELEK US HLDGS INC NEW,24665A103,1556,103791,,
CELLECTIS S A,15117K103,1550,190943,,
10X CAP VENTURE ACQSTN CORP,G87076108,1547,157976,,
FINANCIAL STRATEGIES ACQUISI,31772T206,1547,150000,,
EXPRESS INC,30219E103,1542,500792,,
DAVE & BUSTERS ENTMT INC,238337109,1536,40000,CALL,
APPLIED MOLECULAR TRANS INC,03824M109,1535,109824,,
MANA CAP ACQUISITION CORP,56168P203,1534,149645,,
ARCHER AVIATION INC,03945R102,1533,253834,,ACHR-WT
LIFE STORAGE INC,53223X107,1532,10000,PUT,
RESEARCH ALLIANCE CORP II,760873109,1532,157573,,
COHERUS BIOSCIENCES INC,19249H103,1527,95665,,
PEGASYSTEMS INC,705573103,1526,13650,,PEGA
REVLON INC,761525609,1525,134452,,
BILANDER ACQUISITION CORP,09001T106,1523,156351,,
ZENTALIS PHARMACEUTICALS INC,98943L107,1521,18092,,
SKYLINE CHAMPION CORPORATION,830830105,1517,19207,,
SCHOLASTIC CORP,807066105,1515,37917,,SCHL
SIENTRA INC,82621J105,1515,412702,,
VANGUARD INTL EQUITY INDEX F,922042858,1510,30520,,
VISION SENSING ACQUISITION C,92838J103,1510,152722,,
AROGO CAPITAL ACQUISITION CO,042644203,1508,150000,,
INTERNATIONAL FLAVORS&FRAGRA,459506101,1507,10000,PUT,
RITCHIE BROS AUCTIONEERS,767744105,1495,24423,,
ENDEAVOR GROUP HLDGS INC,29260Y109,1494,42815,,
MOTOROLA SOLUTIONS INC,620076307,1492,5491,,
QUINSTREET INC,74874Q100,1488,81808,,
EARGO INC,270087109,1487,291595,,
MASONITE INTL CORP,575385109,1487,12608,,
CARDLYTICS INC,14161W105,1484,22459,,
PROTAGONIST THERAPEUTICS INC,74366E102,1480,43286,,
PHIBRO ANIMAL HEALTH CORP,71742Q106,1479,72450,,PAHC
BENEFITFOCUS INC,08180D106,1472,138077,,
TURMERIC ACQUISITION CORP,G9127T108,1466,149565,,
ARISZ ACQUISITION CORP,040450108,1464,150000,,
OVERSEAS SHIPHOLDING GROUP I,69036R863,1464,778705,,
OPENDOOR TECHNOLOGIES INC,683712103,1461,100000,PUT,OPENZ
FIRST INTERNET BANCORP,320557101,1460,31044,,INBKZ
TELOS CORP MD,87969B101,1460,94667,,
FREEDOM ACQUISITION I CORP,G3663X110,1455,150357,,
NEXTNAV INC,65345N106,1452,165788,,NXNVW
NBT BANCORP INC,628778102,1445,37508,,NBTB
BRIGHTSPIRE CAPITAL INC,10949T109,1442,140586,,
HANCOCK WHITNEY CORPORATION,410120109,1441,28803,,HWCPZ
HACKETT GROUP INC,404609109,1440,70141,,
B & G FOODS INC NEW,05508R106,1439,46820,,
GFL ENVIRONMENTAL INC,36168Q120,1439,16621,,GFL
AGILITI INC,00848J104,1436,62013,,
GORES TECHNOLOGY PARTNERS IN,382870103,1436,144954,,
8I ACQUISITION 2 CORP,G2956R103,1431,146803,,
LIBERTY RES ACQUISITION CORP,53118A105,1431,145101,,
AMERICAN PUB ED INC,02913V103,1418,63712,,
KAIROUS ACQUISITION CORP LTD,G52131102,1418,140000,,
AUDACY INC,05070N103,1413,549703,,
MIMEDX GROUP INC,602496101,1413,234002,,
PHP VENTURES ACQUISITION COR,69291C106,1413,142312,,
XENIA HOTELS & RESORTS INC,984017103,1411,77905,,
STELLANTIS N.V,N82405106,1407,75000,PUT,STLA
AMERICAN OUTDOOR BRANDS INC,02875D109,1400,70241,,
MISTRAS GROUP INC,60649T107,1400,188384,,
HENRY JACK & ASSOC INC,426281101,1398,8369,,
ABRI SPAC I INC,00085X105,1395,141914,,
BABYLON HLDGS LTD,G07031100,1395,239224,,
FIRST HAWAIIAN INC,32051X108,1392,50922,,
PEAPACK-GLADSTONE FINL CORP,704699107,1392,39318,,
SLR INVESTMENT CORP,83413U100,1391,75485,,SLRC
ACELRX PHARMACEUTICALS INC,00444T100,1388,2477535,,
PRIMO WATER CORPORATION,74167P108,1388,78732,,
NATIONAL STORAGE AFFILIATES,637870106,1380,19945,,
BEAM THERAPEUTICS INC,07373V105,1376,17269,,BEAM
IOVANCE BIOTHERAPEUTICS INC,462260100,1375,72037,,
MODEL PERFORMANCE ACQU CORP,G6246M105,1373,137615,,
QUAD / GRAPHICS INC,747301109,1373,343226,,
23ANDME HOLDING CO,90138Q108,1372,205941,,
BYLINE BANCORP INC,124411109,1372,50181,,
CONSOLIDATED COMM HLDGS INC,209034107,1372,183402,,
THOUGHTWORKS HOLDING INC,88546E105,1369,51072,,
DECIPHERA PHARMACEUTICALS IN,24344T101,1367,139908,,
DOUGLAS ELLIMAN INC,25961D105,1366,118799,,DOUG
ATI PHYSICAL THERAPY INC,00216W109,1365,402694,,
LINCOLN NATL CORP IND,534187109,1365,20000,PUT,
SARCOS TECHN AND ROBOTICS CO,80359A106,1363,136580,,
ATAI LIFE SCIENCES NV,N0731H103,1362,178492,,
HOWARD HUGHES CORP,44267D107,1358,13342,,
SUMO LOGIC INC,86646P103,1356,100000,CALL,
GREENHILL & CO INC,395259104,1354,75505,,
PYROPHYTE ACQUISITION CORP,G7308P119,1353,133334,,
VIANT TECHNOLOGY INC,92557A101,1353,139362,,DSP
ABSOLUTE SOFTWARE CORP,00386B109,1352,144100,,
ESGEN ACQUISITION CORP,G3R95N129,1352,133334,,
BADGER METER INC,056525108,1344,12617,,BMI
BJS RESTAURANTS INC,09180C106,1341,38808,,BJRI
CITI TRENDS INC,17306X102,1338,14123,,CTRN
ST JOE CO,790148100,1338,25700,PUT,JOE
SEABRIDGE GOLD INC,811916105,1334,80842,,SA
SCRIPPS E W CO OHIO,811054402,1329,68684,,
UDR INC,902653104,1329,22147,,
MAGNITE INC,55955D100,1327,75800,PUT,
DIRECT SELLING ACQUISITIN CO,25460L103,1324,133334,,
GAMING & HOSPITALITY ACQU CO,364681106,1322,135552,,
GX ACQUISITION CORP II,36260F105,1321,136050,,
CORE LABORATORIES N V,N22717107,1320,59167,,
DRIVEN BRANDS HLDGS INC,26210V102,1319,39238,,
TRADEUP GLOBAL CORPORATION,G89877107,1319,134227,,
BEYONDSPRING INC,G10830100,1315,290247,,BYSI
NEENAH INC,640079109,1315,28418,,
HIPPO HLDGS INC,433539103,1314,464260,,
SPORTSMANS WHSE HLDGS INC,84920Y106,1314,111350,,
EVOQUA WATER TECHNOLOGIES CO,30057T105,1307,27948,,
HAVERTY FURNITURE COS INC,419596101,1307,42766,,
COMMERCIAL VEH GROUP INC,202608105,1306,162081,,
HUMANIGEN INC,444863203,1306,351072,,
OLO INC,68134L109,1302,62569,,
AFC GAMMA INC,00109K105,1301,57163,,
GOOSEHEAD INS INC,38267D109,1301,10000,CALL,
ASSURED GUARANTY LTD,G0585R106,1300,25900,CALL,AGO
ALTC ACQUISITION CORP,02156V109,1297,131647,,
ROOT INC,77664L108,1297,418501,,
OUTFRONT MEDIA INC,69007J106,1294,48253,,OUT
AMPLITUDE INC,03213A104,1293,24421,,
WEIS MKTS INC,948849104,1293,19627,,
CITY HLDG CO,177835105,1284,15704,,
ENOVA INTL INC,29357K103,1284,31343,,
APOLLO INVT CORP,03761U502,1282,100223,,
TE CONNECTIVITY LTD,H84989104,1282,7949,,
LAKELAND BANCORP INC,511637100,1281,67445,,
ORIGIN MATERIALS INC,68622D106,1279,198319,,
AMERICAN ASSETS TR INC,024013104,1278,34041,,
CENTRUS ENERGY CORP,15643U104,1278,25611,,LEU
REATA PHARMACEUTICALS INC,75615P103,1269,48129,,
DINE BRANDS GLOBAL INC,254423106,1267,16717,,
INTEGRATED WELLNESS ACQ CORP,G4828B126,1260,125000,,
MAXEON SOLAR TECHNOLOGIES LT,Y58473102,1260,90636,,
LYELL IMMUNOPHARMA INC,55083R104,1254,162070,,
WESCO INTL INC,95082P105,1250,9500,CALL,
ATLAS CORP,Y0436Q109,1249,88066,,
CASCADE ACQUISITION CORP,147151104,1249,125629,,
TRONOX HOLDINGS PLC,G9087Q102,1238,51513,,TROX
BOOT BARN HLDGS INC,099406100,1231,10000,CALL,
FOCUS IMPACT ACQUISITION COR,34417L109,1226,125000,,
ARCHER DANIELS MIDLAND CO,039483102,1223,18093,,
INFINERA CORP,45667G103,1222,127428,,
INTERCEPT PHARMACEUTICALS IN,45845P108,1222,75000,PUT,
MORPHIC HLDG INC,61775R105,1221,25776,,
TOWNEBANK PORTSMOUTH VA,89214P109,1216,38508,,
PRUDENTIAL PLC,74435K204,1212,35194,,PUKPF
RADIUS HEALTH INC,750469207,1209,174783,,
ZYNEX INC,98986M103,1207,121058,,
SENSIENT TECHNOLOGIES CORP,81725T100,1204,12030,,SXT
INSU ACQUISITION CORP III,457817104,1201,122568,,
LINCOLN ELEC HLDGS INC,533900106,1198,8587,,
KIRKLANDS INC,497498105,1197,80200,PUT,
PETMED EXPRESS INC,716382106,1197,47396,,PETS
SUNCOKE ENERGY INC,86722A103,1192,180871,,
TRIUMPH BANCORP INC,89679E300,1191,10000,CALL,
PARAMOUNT GROUP INC,69924R108,1186,142154,,
HELMERICH & PAYNE INC,423452101,1185,50000,PUT,
WORLDWIDE WEBB ACQUISITION C,G97775103,1185,121675,,
NOVAGOLD RES INC,66987E206,1182,172344,,
AMERICAN VANGUARD CORP,030371108,1178,71857,,AVD
STURM RUGER & CO INC,864159108,1178,17320,,RGR
CONCORD ACQUISITION CORP,206071110,1177,437500,,
MERCURY GENL CORP NEW,589400100,1176,22171,,
STANDEX INTL CORP,854231107,1176,10623,,
TEXTAINER GROUP HOLDINGS LTD,G8766E109,1175,32916,,
HERITAGE COMM CORP,426927109,1174,98335,,
QCR HOLDINGS INC,74727A104,1174,20966,,QCRH
HOMETRUST BANCSHARES INC,437872104,1173,37862,,
MEDTECH ACQUISITION CORP,58507N105,1169,118300,,
CONNECTONE BANCORP INC,20786W107,1168,35720,,
OSISKO GOLD ROYALTIES LTD,68827L101,1163,95007,,
SABRE CORP,78573M203,1159,10100,,SABR
ESGEN ACQUISITION CORP,G3R95N103,1157,116666,,
RUSH STREET INTERACTIVE INC,782011100,1155,70000,PUT,
CALAMP CORP,128126109,1154,163436,,
HEARTLAND FINL USA INC,42234Q102,1153,22782,,
BLEUACACIA LTD,G11728121,1146,113603,,
BOISE CASCADE CO DEL,09739D100,1146,16100,CALL,BCC
EARTHSTONE ENERGY INC,27032D304,1141,104258,,
NVR INC,62944T105,1140,193,,NVR
U S PHYSICAL THERAPY,90337L108,1138,11913,,
GENERATION BIO CO,37148K100,1136,160387,,
PROTERRA INC,74374T109,1133,128353,,
KARYOPHARM THERAPEUTICS INC,48576U106,1132,176051,,KPTI
LIVEPERSON INC,538146101,1129,31600,PUT,LPSN
BROADSCALE ACQUISITION CORP,11134Y101,1125,113178,,
IDEAYA BIOSCIENCES INC,45166A102,1123,47517,,
NLIGHT INC,65487K100,1121,46819,,
AST SPACEMOBILE INC,00217D100,1119,140904,,
GOLDEN PATH ACQUISITION CORP,G4028H105,1118,112202,,
ARCHAEA ENERGY INC,03940F103,1115,61003,,
IDACORP INC,451107106,1114,9831,,IDA
SMART GLOBAL HLDGS INC,G8232Y101,1114,15693,,
ZUMIEZ INC,989817101,1109,23115,,ZUMZ
AVEANNA HEALTHCARE HLDGS INC,05356F105,1106,149459,,
A K A BRANDS HLDG CORP,00152K101,1104,119390,,
JEFFERIES FINL GROUP INC,47233W109,1103,28429,,
FRANKLIN RESOURCES INC,354613101,1102,32900,CALL,BEN
FTAC ATHENA ACQUISITION CORP,G37283101,1097,110544,,
STEPAN CO,858586100,1097,8826,,SCL
SHOALS TECHNOLOGIES GROUP IN,82489W107,1096,45113,,
HONEST CO INC,438333106,1092,135008,,
MAGNACHIP SEMICONDUCTOR CORP,55933J203,1083,51653,,MX
ICF INTL INC,44925C103,1081,10541,,
GENETRON HLDGS LTD,37186H100,1080,177020,,
IGNYTE ACQUISITION CORP,45175H106,1080,110806,,
II-VI INC,902104306,1080,3829,,
HASBRO INC,418056107,1079,10600,PUT,
CONNS INC,208242107,1077,45801,,
ERIE INDTY CO,29530P102,1076,5584,,
SUPERNOVA PARTNERS ACQUISTN,G8T86C105,1076,104543,,
ASPIRA WOMENS HEALTH INC,04537Y109,1074,606756,,
KB HOME,48666K109,1074,24000,PUT,KBH
DIVERSEY HLDGS LTD,G28923103,1071,80451,,
RBC BEARINGS INC,75524B104,1070,5300,CALL,RBC
SOHU COM LTD,83410S108,1070,65697,,
NGM BIOPHARMACEUTICALS INC,62921N105,1063,60031,,
BIGLARI HLDGS INC,08986R309,1062,7448,,
SOTERA HEALTH CO,83601L102,1059,44959,,SHC
ARYA SCIENCES ACQUISITN CORP,G31658100,1056,108963,,
ASPEN AEROGELS INC,04523Y105,1056,21200,PUT,ASPN
AMERICAN FIN TR INC,02607T109,1055,115546,,
1LIFE HEALTHCARE INC,68269G107,1054,60000,PUT,
EXLSERVICE HOLDINGS INC,302081104,1052,7265,,
ZIOPHARM ONCOLOGY INC,98973P101,1047,960483,,
MARTEN TRANS LTD,573075108,1046,60955,,
ACRES COMMERCIAL REALTY CORP,00489Q102,1043,83661,,ACR-PD
FIRST FINL BANCORP OH,320209109,1043,42785,,
AMERESCO INC,02361E108,1042,12800,CALL,
OCEANTECH ACQUISITIONS I COR,675507107,1040,103988,,
ARCHROCK INC,03957W106,1032,137965,,
MYR GROUP INC DEL,55405W104,1030,9321,,MYRG
CUREVAC N V,N2451R105,1029,30000,PUT,
AXONPRIME INFRSTCTR AQSTN CO,05467C108,1022,104107,,
MERCER INTL INC,588056101,1022,85233,,
EHEALTH INC,28238P109,1020,40000,PUT,
XUNLEI LTD,98419E108,1020,507655,,XNET
ESSA PHARMA INC,29668H708,1018,71700,,
ROTH CH ACQUISITION V CO,77867R209,1018,100000,,
AMERICAN FINL GROUP INC OHIO,025932104,1015,7395,,
EVENTBRITE INC,29975E109,1013,58113,,
SNAP ONE HOLDINGS CORP,83303Y105,1012,47985,,
TRICO BANCSHARES,896095106,1011,23541,,
BARNES & NOBLE ED INC,06777U101,1008,148024,,
AETHERIUM ACQUISITION CORP,00809J200,1001,100000,,
PAN AMERN SILVER CORP,697900108,999,40000,PUT,
WORLDWIDE WEBB ACQUISITION C,G97775129,998,100000,,
LIBERTY TRIPADVISOR HLDGS IN,531465102,996,459115,,
INTELLIGENT MEDI ACQSITN COR,45828D106,990,100000,,
QUANTUM CORP,747906501,990,179388,,
ELEVATE CREDIT INC,28621V101,988,332646,,
REGIONAL MGMT CORP,75902K106,988,17193,,
CLOVIS ONCOLOGY INC,189464100,987,364386,,
EXCELFIN ACQUISITION CORP,30069X102,986,100000,,
CASS INFORMATION SYS INC,14808P109,985,25040,,
SCANSOURCE INC,806037107,985,28076,,
LOMA NEGRA C I A S A MTN,54150E104,980,146970,,
BALL CORP,058498106,979,10169,,BALL
NORTHWEST BANCSHARES INC MD,667340103,973,68725,,
HEXO CORP,428304307,972,1395700,,
YUM CHINA HLDGS INC,98850P109,972,19500,PUT,
AEMETIS INC,00770K202,971,78937,,
CORSAIR PARTNERING CORP,G2540H108,970,99362,,
TALKSPACE INC,87427V103,970,492628,,
INDUSTRIAL HUMAN CAPITAL INC,45617P104,967,97504,,
HERITAGE CRYSTAL CLEAN INC,42726M106,966,30155,,
FREEDOM HLDG CORP NEV,356390104,965,13916,,
FARMERS NATIONAL BANC CORP,309627107,963,51891,,
STANDARD MTR PRODS INC,853666105,963,18377,,
GRANITE PT MTG TR INC,38741L107,960,81981,,
NEWMARKET CORP,651587107,960,2800,PUT,NEU
RADIANT LOGISTICS INC,75025X100,957,131279,,
ALAMOS GOLD INC NEW,011532108,955,124139,,AGI
INSEEGO CORP,45782B104,954,163638,,INSG
MACROGENICS INC,556099109,953,59395,,MGNX
ASSETMARK FINL HLDGS INC,04546L106,950,36234,,
CLEAN HARBORS INC,184496107,950,9523,,CLH
INNOVIZ TECHNOLOGIES LTD,M5R635108,948,149559,,INVZ
LOVESAC COMPANY,54738L109,948,14300,CALL,
BRILLIANT EARTH GROUP INC,109504100,945,52338,,
HAMILTON BEACH BRANDS HLDG C,40701T104,942,65582,,
WESBANCO INC,950810101,942,26929,,WSBCO
PETIQ INC,71639T106,941,41428,,
STERLING BANCORP DEL,85917A100,939,36398,,
BRIDGEWATER BANCSHARES INC,108621103,936,52886,,BWBBP
LIBERTY MEDIA CORP DEL,531229888,935,33285,,FWONB
RAMACO RES INC,75134P303,935,68764,,
CBTX INC,12481V104,934,32222,,
GROCERY OUTLET HLDG CORP,39874R101,930,32900,PUT,
US ECOLOGY INC,91734M103,929,29080,,
SPARTANNASH CO,847215100,928,36012,,
ENJOY TECHNOLOGY INC,29335V106,924,200000,,
ORION ENGINEERED CARBONS S A,L72967109,924,50332,,
EXPRO GROUP HOLDINGS NV,N3144W105,921,64151,,
PATTERSON-UTI ENERGY INC,703481101,920,108859,,
DZS INC,268211109,918,56595,,
WM TECHNOLOGY INC,92971A109,917,153397,,
SMITH & WESSON BRANDS INC,831754106,915,51379,,
FIRST BANCSHARES INC MS,318916103,914,23662,,
SMARTRENT INC,83193G107,913,94306,,
TABOOLA.COM LTD,M8744T106,913,117295,,TBLA
TTEC HLDGS INC,89854H102,912,10069,,
MDU RES GROUP INC,552690109,910,29491,,
NETGEAR INC,64111Q104,909,31119,,
CAMDEN NATL CORP,133034108,907,18838,,
AMERICAN WELL CORP,03044L105,906,150000,CALL,AMWL
CF ACQUISITION CORP V,12520R106,902,92946,,
LUXFER HOLDINGS PLC,G5698W116,901,46643,,LXFR
A10 NETWORKS INC,002121101,900,54258,,
ENERGY FUELS INC,292671708,896,117200,,UUUU
BIODELIVERY SCIENCES INTL IN,09060J106,895,288683,,
NATIONAL FUEL GAS CO,636180101,895,13997,,NFG
RUBIUS THERAPEUTICS INC,78116T103,890,91916,,
BOTTOMLINE TECH DEL INC,101388106,887,15704,,
NATIONAL VISION HLDGS INC,63845R107,887,18486,,
KINGSWOOD ACQUISITION CORP,496861105,885,87638,,
SIMPSON MFG INC,829073105,884,6353,,
NATURAL GROCERS BY VITAMIN C,63888U108,883,61997,,
NEWEGG COMMERCE INC,G6483G100,881,84932,,
MOELIS & CO,60786M105,878,14050,,MC
SAPIENS INTL CORP N V,G7T16G103,875,25399,,
JATT ACQUISITION CORP,G50752107,874,88597,,
GCM GROSVENOR INC,36831E108,873,83166,,GCMG
JANUS HENDERSON GROUP PLC,G4474Y214,873,20824,,
NOVANTA INC,67000B104,872,4945,,NOVTU
FIFTH THIRD BANCORP,316773100,871,20000,PUT,FITB-PK
MIZUHO FINANCIAL GROUP INC,60687Y109,871,341455,,MZHOF
OPTION CARE HEALTH INC,68404L201,871,30642,,
EDOC ACQUISITION CORP,G4000A102,870,84956,,
GXO LOGISTICS INCORPORATED,36262G101,869,9572,,
LINDBLAD EXPEDITIONS HLDGS I,535219109,866,55495,,
TD SYNNEX CORPORATION,87162W100,866,7574,,SNX
M/I HOMES INC,55305B101,864,13893,,
PASSAGE BIO INC,702712100,863,135904,,
REX AMERICAN RES CORP,761624105,863,8987,,
CAZOO GROUP LTD,G2007L105,861,142859,,
SWITCH INC,87105L104,860,30043,,
ONESPAN INC,68287N100,858,50701,,OSPN
NATIONAL PRESTO INDS INC,637215104,855,10429,,
STANTEC INC,85472N109,855,15200,,STN
ABEONA THERAPEUTICS INC,00289Y107,849,2518655,,ABEO
MERCHANTS BANCORP IND,58844R108,849,17939,,
SOCIAL CAPITAL HEDOSOPHA HLD,G8251L113,849,433098,,
NORTHFIELD BANCORP INC DEL,66611T108,848,52484,,
AGNC INVT CORP,00123Q104,845,56216,,
STERLING CHECK CORP,85917T109,845,41209,,
EVERCOMMERCE INC,29977X105,844,53563,,EVCM
GLOBALSTAR INC,378973408,844,727638,,
NEXTDOOR HOLDINGS INC,65345M108,844,106973,,
SYLVAMO CORP,871332102,841,30142,,SLVM
IMMERSION CORP,452521107,838,146815,,IMMR
CLEAR CHANNEL OUTDOOR HLDGS,18453H106,837,252849,,
MOBILE TELESYSTEMS PUB JT ST,607409109,836,105103,,
NETSTREIT CORP,64119V303,836,36506,,NTST
GRUPO AVAL ACCIONES Y VALORE,40053W101,832,162794,,
HENNESSY CAPITAL INVST CORP,42600H116,832,990000,,
SIGNIFY HEALTH INC,82671G100,831,58445,,
RCI HOSPITALITY HLDGS INC,74934Q108,830,10654,,
C4 THERAPEUTICS INC,12529R107,829,25735,,
ATHENA TECHNOLOGY ACQ CORP I,04687C204,825,82780,,
SOLARIS OILFIELD INFRASTRUCT,83418M103,824,125791,,
BUCKLE INC,118440106,821,19400,CALL,BKE
PROASSURANCE CORP,74267C106,819,32368,,
MIDLAND STS BANCORP INC ILL,597742105,814,32851,,
MOTORCAR PTS AMER INC,620071100,814,47709,,
LIBERTY MEDIA CORP DEL,531229870,808,13616,,FWONB
FOUR CORNERS PPTY TR INC,35086T109,805,27380,,
GETTY RLTY CORP NEW,374297109,801,24960,,
WESTPORT FUEL SYSTEMS INC,960908309,801,338133,,WPRT
CALITHERA BIOSCIENCES INC,13089P101,799,1201719,,
LATHAM GROUP INC,51819L107,799,31929,,
FINTECH ACQUISITION CORP VI,31811H106,797,81364,,
SPECTRUM PHARMACEUTICALS INC,84763A108,797,627563,,
PJT PARTNERS INC,69343T107,796,10746,,PJT
ANGIODYNAMICS INC,03475V101,794,28775,,ANGO
SHINHAN FINANCIAL GROUP CO L,824596100,794,25698,,
FRANKLIN COVEY CO,353469109,792,17094,,FC
KIRKLAND LAKE GOLD LTD,49741E100,792,18882,,
FIDELITY NATIONAL FINANCIAL,31620R303,791,15159,,
GRUPO FINANCIERO GALICIA S.A,399909100,791,83300,CALL,
SIGA TECHNOLOGIES INC,826917106,789,104983,,SIGA
WESTLAKE CHEM CORP,960413102,789,8123,,
COVENANT LOGISTICS GROUP INC,22284P105,788,29817,,
TFS FINL CORP,87240R107,786,44010,,
GLOBAL BLOOD THERAPEUTICS IN,37890U108,785,26823,,
EVOLUTION PETE CORP,30049A107,783,155058,,
RE MAX HLDGS INC,75524W108,782,25655,,
DUCOMMUN INC DEL,264147109,780,16667,,
GORES GUGGENHEIM INC,38286Q115,778,204835,,
ENOCHIAN BIOSCIENCES INC,29350E104,770,105640,,
INFORMATION SVCS GROUP INC,45675Y104,767,100628,,
PROPETRO HLDG CORP,74347M108,767,94643,,
CARRIAGE SVCS INC,143905107,766,11893,,
KRISPY KREME INC,50101L106,766,40465,,
OPORTUN FINL CORP,68376D104,766,37825,,
THE REALREAL INC,88339P101,766,66000,PUT,
BANK MARIN BANCORP,063425102,764,20528,,
UNIFI INC,904677200,764,33002,,UFI
SURMODICS INC,868873100,762,15830,,
IMAGO BIOSCIENCES INC,45250K107,760,32058,,
INFOSYS LTD,456788108,759,30000,PUT,INFY
TRAVELZOO,89421Q205,758,80416,,TZOO
AMNEAL PHARMACEUTICALS INC,03168L105,757,158022,,
ADIENT PLC,G0084W101,755,15766,,ADNT
CERIDIAN HCM HLDG INC,15677J108,753,7208,,
GREENSKY INC,39572G100,750,66056,,
OMNILIT ACQUISITION CORP,68218C207,748,75000,,
WEWORK INC,96209A104,747,86820,,
BRILLIANT ACQUISITION CORP,G1643W111,746,73145,,
CELSIUS HLDGS INC,15118V207,746,10000,CALL,
COREPOINT LODGING INC,21872L104,745,47468,,
MONMOUTH REAL ESTATE INVT CO,609720107,745,35471,,
SANABY HEALTH ACQUISITION CO,79956P201,743,73302,,
ARMOUR RESIDENTIAL REIT INC,042315507,736,75000,CALL,
PLDT INC,69344D408,734,20535,,PHTCF
CHEMOCENTRYX INC,16383L106,728,20000,PUT,
ICAD INC,44934S206,728,101114,,
CORVEL CORP,221006109,727,3496,,CRVL
DOUBLELINE INCOME SOLUTIONS,258622109,725,45000,,
EVOFEM BIOSCIENCES INC,30048L104,725,1932037,,
CURIOSITYSTREAM INC,23130Q107,721,121525,,CURI
LIBERTY LATIN AMERICA LTD,G9001E102,721,61832,,LILAP
EMPLOYERS HLDGS INC,292218104,720,17401,,
ACADIA HEALTHCARE COMPANY IN,00404A109,719,11841,,
GORES METROPOULOS II INC,382873107,719,72151,,
VIMEO INC,92719V100,718,40000,PUT,
B RILEY PRINCIPAL 150 MERGER,05601V103,716,70794,,
LENNAR CORP,526057302,715,7477,,
LUMINAR TECHNOLOGIES INC,550424105,715,42300,PUT,
LGI HOMES INC,50187T106,714,4625,,
SQUARESPACE INC,85225A107,713,24165,,
VITAL FARMS INC,92847W103,713,39500,PUT,
AEGLEA BIOTHERAPEUTICS INC,00773J103,712,149811,,
AXIS CAP HLDGS LTD,G0692U109,711,13047,,
STONERIDGE INC,86183P102,711,36030,,SRI
HENNESSY CAPITAL INVS CORP V,42589T115,709,853875,,
RETRACTABLE TECHNOLOGIES INC,76129W105,709,102270,,RVP
ORGANOGENESIS HLDGS INC,68621F102,707,76505,,
MONTROSE ENVIRONMENTAL GROUP,615111101,705,10000,CALL,
ATHIRA PHARMA INC,04746L104,700,53700,,
SOLID POWER INC,83422N113,700,305891,,
UDEMY INC,902685106,697,35650,,
CHUBB LIMITED,H1467J104,696,3600,CALL,
INDEPENDENT BANK GROUP INC,45384B106,696,9652,,
GLOBALFOUNDRIES INC,G39387108,694,10678,,GFS
NEXTDECADE CORP,65342K105,694,243364,,NEXT
CHIMERIX INC,16934W106,693,107746,,
PIEDMONT LITHIUM INC,72016P105,693,13204,,
BTRS HOLDINGS INC,11778X104,685,87558,,
MFA FINL INC,55272X102,684,150000,PUT,
NATURES SUNSHINE PRODS INC,639027101,683,36920,,
FIRST FNDTN INC,32026V104,678,27281,,
GOLDEN ENTMT INC,381013101,678,13416,,
CURIS INC,231269200,677,142323,,CRIS
SMILEDIRECTCLUB INC,83192H106,676,287822,,
TORTOISEECOFIN ACQUISITION C,G8956E117,676,742500,,
VOYAGER THERAPEUTICS INC,92915B106,674,248681,,
VSE CORP,918284100,674,11066,,VSECU
COGENT COMMUNICATIONS HLDGS,19239V302,673,9197,,
REDFIN CORP,75737F108,672,17500,CALL,
NELNET INC,64031N108,671,6873,,NNI
PLIANT THERAPEUTICS INC,729139105,669,49555,,
MOUNTAIN & CO I ACQUISITN CO,G6301J104,668,66770,,
SPIRE GLOBAL INC,848560108,666,197141,,
BEL FUSE INC,077347300,665,51449,,
BEYOND AIR INC,08862L103,665,70480,,
RAYONIER INC,754907103,665,16484,,RYN
AGILE THERAPEUTICS INC,00847L100,664,1359681,,
AMPIO PHARMACEUTICALS INC,03209T109,664,1164947,,
HUYA INC,44852D108,664,95700,,HUYA
PYROPHYTE ACQUISITION CORP,G7308P101,660,66893,,
PLEXUS CORP,729132100,659,6872,,PLXS
AMERICOLD RLTY TR,03064D108,656,20000,PUT,
OLYMPIC STEEL INC,68162K106,655,27880,,
JOHN BEAN TECHNOLOGIES CORP,477839104,654,4261,,
RIBBIT LEAP LTD,G7552B105,654,65320,,
APPHARVEST INC,03783T103,653,167870,,
PROMETHEUS BIOSCIENCES INC,74349U108,651,16471,,
BROWN FORMAN CORP,115637100,649,9573,,BF-B
EPIZYME INC,29428V104,649,259522,,
BERRY CORP,08579X101,646,76762,,
SINGULAR GENOMICS SYSTEMS IN,82933R100,645,55782,,
DESPEGAR COM CORP,G27358103,644,65777,,
JAMES RIV GROUP LTD,G5005R107,644,22342,,
JOHNSON OUTDOORS INC,479167108,644,6873,,JOUT
LUCIRA HEALTH INC,54948U105,642,74565,,
DAQO NEW ENERGY CORP,23703Q203,641,15891,,DQ
TEAM INC,878155100,640,587381,,TISI
DESKTOP METAL INC,25058X105,639,129097,,
CAPITOL FED FINL INC,14057J101,638,56319,,
UTZ BRANDS INC,918090101,638,40000,PUT,
OOMA INC,683416101,635,31075,,OOMA
COMPUTER PROGRAMS & SYS INC,205306103,634,21633,,
UMB FINL CORP,902788108,634,5975,,
ANNALY CAPITAL MANAGEMENT IN,035710409,632,80777,,
SPROTT INC,852066208,632,14000,,SII
UNIVEST FINANCIAL CORPORATIO,915271100,630,21040,,
MACQUARIE INFRASTR HOLD LLC,55608B105,629,172397,,
N-ABLE INC,62878D100,627,56492,,
INVESTORS BANCORP INC NEW,46146L101,626,41296,,
VIRTU FINL INC,928254101,626,21707,,
ONEWATER MARINE INC,68280L101,625,10255,,ONEW
AMPHASTAR PHARMACEUTICALS IN,03209R103,623,26769,,
PARDES BIOSCIENCES INC,69945Q105,623,38039,,
TRIPLEPOINT VENTURE GROWTH B,89677Y100,620,34515,,
COLISEUM ACQUISITION CORP,G2263T123,619,64257,,
CONCORD ACQUISITION CORP III,20607V106,619,62500,,
AVAYA HLDGS CORP,05351X101,616,31100,CALL,
HAWAIIAN HOLDINGS INC,419879101,614,33400,CALL,
ECOPETROL S A,279158109,612,47443,,
CHANNELADVISOR CORP,159179100,610,24701,,
ACCELERATE DIAGNOSTICS INC,00430H102,609,116639,,
CAMBER ENERGY INC,13200M508,608,715794,,
LANDEC CORP,514766104,606,54591,,
GOLD RESOURCE CORP,38068T105,605,387957,,
BRIGHAM MINERALS INC,10918L103,604,28639,,
INHIBRX INC,45720L107,603,13809,,
TELEDYNE TECHNOLOGIES INC,879360105,603,1381,,TDY
INSIGHT ENTERPRISES INC,45765U103,602,5650,,NSIT
NAVIGATOR HLDGS LTD,Y62132108,600,67662,,
UNITED CMNTY BKS BLAIRSVLE G,90984P303,600,16681,,
BANCORP INC DEL,05969A105,598,23627,,
OLEMA PHARMACEUTICALS INC,68062P106,597,63791,,
BROOKLINE BANCORP INC DEL,11373M107,596,36817,,
NN INC,629337106,596,145446,,NNBR
NUVATION BIO INC,67080N101,595,69970,,NUVB
ABB LTD,000375204,592,15520,,ABLZF
FIRST FINL CORP IND,320218100,588,12979,,
INNOVAGE HLDG CORP,45784A104,588,117681,,
BLACKROCK CORPOR HI YLD FD I,09255P107,586,47500,,
ENNIS INC,293389102,585,29953,,
BIOATLA INC,09077B104,584,29766,,
MOUNT RAINIER ACQUISITION CO,623006202,581,57083,,
NVE CORP,629445206,580,8498,,
SARATOGA INVT CORP,80349A208,580,19747,,
WABASH NATL CORP,929566107,579,29643,,
UNIVERSAL LOGISTICS HLDGS IN,91388P105,578,30654,,
HELIOS TECHNOLOGIES INC,42328H109,577,5489,,
EAGLE BANCORP INC MD,268948106,575,9854,,
JOUNCE THERAPEUTICS INC,481116101,574,68776,,
AGRIFY CORP,00853E107,573,62272,,
EVO PMTS INC,26927E104,569,22217,,
CYMABAY THERAPEUTICS INC,23257D103,565,167042,,
INTERNATIONAL GAME TECHNOLOG,G4863A108,563,19484,,
SILVERSPAC INC,G8136V112,561,825000,,
STONEX GROUP INC,861896108,556,9084,,SNEX
BRIDGE INVT GROUP HLDGS INC,10806B100,555,22244,,
PARSONS CORP DEL,70202L102,554,16455,,PSN
CUSTOM TRUCK ONE SOURCE INC,23204X111,550,216666,,
PROGENITY INC,74319F107,550,263349,,
POTBELLY CORP,73754Y100,549,98369,,
GO ACQUISITION CORP,362019119,548,829999,,
JANUX THERAPEUTICS INC,47103J105,548,27771,,
TETRA TECHNOLOGIES INC DEL,88162F105,546,192386,,TTI
FIRST MAJESTIC SILVER CORP,32076V103,544,49000,PUT,AG
SIMMONS 1ST NATL CORP,828730200,544,18377,,
FOXWAYNE ENTERPRIS AQSTN COR,35166L109,543,54650,,
NORTH MOUNTAIN MERGER CORP,661204107,543,55101,,
M & T BK CORP,55261F104,542,3529,,
WOLVERINE WORLD WIDE INC,978097103,540,18744,,
ALEXANDERS INC,014752109,539,2070,,ALX
ARGO GROUP INTL HLDGS LTD,G0464B107,538,9264,,
NABORS INDUSTRIES LTD,G6359F137,535,6600,CALL,NBR
ITURAN LOCATION AND CONTROL,M6158M104,528,19780,,
SPRING VY ACQUISITION CORP,G8377A124,527,425000,,
LIGHTNING EMOTORS INC,53228T119,526,434782,,
ZYMEWORKS INC,98985W102,526,32083,,ZYME
7GC & CO HOLDINGS INC,81786A107,525,53872,,
OTR ACQUISITION CORP,67113Q105,525,51941,,
PREFERRED BK LOS ANGELES CA,740367404,524,7296,,
AMALGAMATED FINANCIAL CORP,022671101,520,30978,,AMAL
DIVERSIFIED HEALTHCARE TR,25525P107,519,168105,,
ORMAT TECHNOLOGIES INC,686688102,518,6529,,
SMITH MICRO SOFTWARE INC,832154207,518,105257,,
COSAN S A,22113B103,515,32840,,
MEDICAL PPTYS TRUST INC,58463J304,515,21801,,
HEICO CORP NEW,422806109,514,3565,,HEI-A
ORTHOPEDIATRICS CORP,68752L100,510,8521,,KIDS
AXT INC,00246W103,507,57583,,AXTI
ODONATE THERAPEUTICS INC,676079106,505,374195,,
PORTLAND GEN ELEC CO,736508847,505,9544,,
GLOBAL CONSUMER ACQUISITN CO,37892B116,504,840000,,
PIERIS PHARMACEUTICALS INC,720795103,504,133380,,
DULUTH HLDGS INC,26443V101,503,33161,,
U S XPRESS ENTERPRISES INC,90338N202,502,85588,,
DEUTSCHE BANK A G,D18190898,500,40026,,
EZCORP INC,302301106,500,67885,,EZPW
ICOSAVAX INC,45114M109,498,21773,,
PENNANT GROUP INC,70805E109,497,21517,,
RENAISSANCERE HLDGS LTD,G7496G103,497,2935,,
SILVERCORP METALS INC,82835P103,497,132900,,SVM
MONTE ROSA THERAPEUTICS INC,61225M102,492,24085,,
REVOLUTION MEDICINES INC,76155X100,492,19541,,
TIPTREE INC,88822Q103,491,35538,,TIPT
AUSTERLITZ ACQUISITION CORP,G0633U127,489,499999,,
LA Z BOY INC,505336107,488,13442,,
PROVIDENT FINL SVCS INC,74386T105,488,20150,,
SEMA4 HOLDINGS CORP,81663L119,488,498333,,
DOUGLAS DYNAMICS INC,25960R105,486,12454,,
HERITAGE INSURANCE HLDGS INC,42727J102,486,82601,,
ISOPLEXIS CORP,465005106,486,52841,,
S & T BANCORP INC,783859101,485,15378,,
BROOKFIELD ASSET MGMT REINS,G16169107,482,7668,,
VIEMED HEALTHCARE INC,92663R105,482,92259,,
AXOS FINANCIAL INC,05465C100,481,8607,,
ALGOMA STL GROUP INC,015658107,480,44443,,
META FINL GROUP INC,59100U108,480,8045,,
WAVERLEY CAPITAL ACQUIS CORP,G06536117,480,660000,,
SCIPLAY CORPORATION,809087109,479,34742,,
ASTEC INDS INC,046224101,477,6892,,
DLOCAL LTD,G29018101,477,13355,,DLO
SUMMIT MATLS INC,86614U100,477,11895,,
OSCAR HEALTH INC,687793109,471,60000,CALL,
DECARBONIZATION PLUS ACQUISI,G2773W111,470,500000,,
BURFORD CAP LTD,G17977110,469,44457,,
ECP ENVIRONMENTAL GW OPT COR,26829T100,469,47596,,
EQUITY BANCSHARES INC,29460X109,469,13812,,EQBK
VERVE THERAPEUTICS INC,92539P101,466,12626,,
POINT BIOPHARMA GLOBAL INC,730541109,465,83052,,
ATRECA INC,04965G109,464,152982,,
RIVIAN AUTOMOTIVE INC,76954A103,464,4475,,
VERASTEM INC,92337C104,464,226391,,
BARINGS BDC INC,06759L103,460,41777,,
MARKER THERAPEUTICS INC,57055L107,459,483385,,
VERTICAL AEROSPACE LTD,G9471C115,459,675000,,EVTWF
BELLUS HEALTH INC NEW,07987C204,457,56713,,
REPUBLIC FIRST BANCORP INC,760416107,456,122480,,
SOUTHERN CO,842587602,456,8500,,SOMN
SUTRO BIOPHARMA INC,869367102,456,30664,,
ONCOCYTE CORP,68235C107,453,208659,,
ALLEGIANCE BANCSHARES INC,01748H107,450,10667,,
GEOSPACE TECHNOLOGIES CORP,37364X109,450,66990,,GEOS
INGLES MKTS INC,457030104,448,5187,,
VENUS ACQUISITION CORPORATIO,G9420F102,446,44222,,
USA TRUCK INC,902925106,445,22408,,
M3 BRIGADE ACQUISITION III,55407R103,444,45000,,
CATCHMARK TIMBER TR INC,14912Y202,443,50818,,
LAKELAND INDS INC,511795106,443,20400,CALL,
ELLIOTT OPPORTUNITY II CORP,G30092111,442,412826,,
MODEL N INC,607525102,442,14726,,
INOTIV INC,45783Q100,439,10442,,
HBT FINL INC.,404111106,438,23380,,
CASSAVA SCIENCES INC,14817C107,437,10000,CALL,
NATIONAL ENERGY SERVICES REU,G6375R107,437,46245,,
SOUTHSIDE BANCSHARES INC,84470P109,437,10460,,SBSI
FIRST INDL RLTY TR INC,32054K103,436,6590,,
WATTS WATER TECHNOLOGIES INC,942749102,436,2248,,WTS
RUSH ENTERPRISES INC,781846209,435,7820,,
WHITE MTNS INS GROUP LTD,G9618E107,434,428,,
ARLINGTON ASSET INVST CORP,041356205,433,123708,,
HORIZON BANCORP INC,440407104,433,20744,,
LIBERTY MEDIA CORP DEL,531229706,433,15055,,FWONB
LINEAGE CELL THERAPEUTICS IN,53566P109,433,176882,,
TRISTAR ACQUISITION I CORP,G9074V114,432,847500,,
SHATTUCK LABS INC,82024L103,431,50692,,
AMERISAFE INC,03071H100,430,7996,,AMSF
DA32 LIFE SCNCE TEC ACQSTN C,23312M106,429,43692,,
ATRION CORP,049904105,426,604,,
CASELLA WASTE SYS INC,147448104,426,4990,,
EQUITRANS MIDSTREAM CORP,294600101,426,41212,,
MILLER INDS INC TENN,600551204,426,12758,,
FORMFACTOR INC,346375108,425,9286,,FORM
LOGISTICS INNOVTN TECHNLGS C,54141L118,425,466666,,
UNIVERSAL HEALTH RLTY INCOME,91359E105,424,7138,,
POWELL INDS INC,739128106,423,14341,,
PUBMATIC INC,74467Q103,423,12412,,
MUSTANG BIO INC,62818Q104,422,254175,,
FIRST EAGLE ALTR CAP BDC INC,26943B100,421,94124,,
PAR PAC HOLDINGS INC,69888T207,421,25515,,
HELIOGEN INC,42329E113,420,246979,,
WEBSTER FINL CORP CONN,947890109,420,7526,,
SPOK HLDGS INC,84863T106,419,44921,,
AMN HEALTHCARE SVCS INC,001744101,416,3402,,
EMERALD HOLDING INC,29103W104,413,104091,,
GREENPOWER MTR CO INC,39540E302,413,43548,,
ARIES I ACQUISITION CORP,G0542N123,411,533500,,
FARADAY FUTRE INTLGT ELCTR I,307359109,411,77205,,
ORIGIN BANCORP INC,68621T102,410,9548,,
FEDERAL SIGNAL CORP,313855108,408,9415,,
NATWEST GROUP PLC,639057108,407,133428,,RBSPF
ANDERSONS INC,034164103,406,10481,,
NU SKIN ENTERPRISES INC,67018T105,406,8000,PUT,
SOUTH PLAINS FINANCIAL INC,83946P107,406,14591,,
BELLRING BRANDS INC,079823100,405,14192,,
PARK AEROSPACE CORP,70014A104,403,30550,,PKE
FIRST BANCORP P R,318672706,402,29186,,
NACCO INDS INC,629579103,402,11070,,
BLUEBIRD BIO INC,09609G100,400,40000,PUT,
RECRO PHARMA INC,75629F109,399,233408,,
RUTHS HOSPITALITY GROUP INC,783332109,398,20000,CALL,
UNITED INS HLDGS CORP,910710102,398,91644,,
CARETRUST REIT INC,14174T107,393,17236,,
GIGCAPITAL 5 INC,37519U117,392,750000,,
PCSB FINL CORP,69324R104,392,20577,,
QUTOUTIAO INC,74915J206,391,140651,,
PRIMIS FINANCIAL CORP,74167B109,389,25893,,FRST
ZANITE ACQUISITION CORP,98907K111,388,435723,,
LANDCADIA HOLDINGS IV INC,51477A112,386,375000,,
SPDR SER TR,78464A755,385,8600,,
GAMIDA CELL LTD,M47364100,384,151332,,
SKYWEST INC,830879102,384,9783,,SKYW
BLUE OWL CAPITAL INC,09581B103,383,25708,,OWL
CLARIM ACQUISITION CORP,18049C108,383,39431,,
COMFORT SYS USA INC,199908104,383,3873,,
BRIGHTVIEW HLDGS INC,10948C107,381,27057,,
SYNOVUS FINL CORP,87161C501,379,7913,,
CARLOTZ INC,142552108,376,165736,,
MICROVAST HOLDINGS INC,59516C106,374,66049,,
PEOPLES BANCORP INC,709789101,374,11772,,PEBO
ADVANCED EMISSIONS SOLUTIONS,00770C101,372,56123,,
AGILYSYS INC,00847J105,372,8361,,AGYS
THERAPEUTICSMD INC,88338N107,372,1045843,,
POST HOLDINGS PARTNERING COR,737465112,371,436666,,
SCHULTZE SPL PURP ACQ CORP I,808212112,371,742500,,
XOMETRY INC,98423F109,371,7232,,
GLACIER BANCORP INC NEW,37637Q105,369,6513,,
TELUS INTL CDA INC,87975H100,369,11154,,
CHECKPOINT THERAPEUTICS INC,162828107,368,118324,,
TMC THE METALS COMPANY INC,87261Y106,368,176712,,
WESTPAC BANKING CORP,961214301,368,23840,,WBKCY
SIERRA BANCORP,82620P102,367,13523,,BSRR
SOLO BRANDS INC,83425V104,366,23416,,
CAMBIUM NETWORKS CORP,G17766109,365,14232,,CMBMF
FINANCIAL INSTNS INC,317585404,365,11472,,
WP CAREY INC,92936U109,365,4445,,
ALPINE INCOME PPTY TR INC,02083X103,364,18167,,
KOPPERS HOLDINGS INC,50060P106,364,11636,,KOP
RENASANT CORP,75970E107,363,9573,,RNST
FLUSHING FINL CORP,343873105,361,14865,,
ROCKLEY PHOTONICS HOLDINGS L,G7614L109,361,82925,,
ITERIS INC NEW,46564T107,360,89903,,
JUPITER ACQUISITION CORP,482082112,360,742500,,
BANCO DE CHILE,059520106,358,22818,,
CEVA INC,157210105,358,8283,,CEVA
MASTERCRAFT BOAT HLDGS INC,57637H103,358,12644,,
SOMALOGIC INC,83444K113,358,106472,,
APTOSE BIOSCIENCES INC,03835T200,357,264289,,APTOF
ARMADA HOFFLER PPTYS INC,04208T108,357,23446,,
SALLY BEAUTY HLDGS INC,79546E104,357,19317,,
NATIONAL BK HLDGS CORP,633707104,355,8086,,
RPC INC,749660106,355,78120,,RES
EUROPEAN WAX CTR INC,29882P106,354,11657,,
CLARUS CORP NEW,18270P109,353,12742,,CLAR
AIRSPAN NETWORKS HOLDINGS IN,00951K112,352,473686,,
FAT PROJECTS ACQUISITION COR,G3400W110,352,950000,,
OXFORD INDS INC,691497309,351,3462,,
CORBUS PHARMACEUTICALS HLDGS,21833P103,349,566398,,
GAOTU TECHEDU INC,36257Y109,349,180000,PUT,GOTU
HEMISPHERE MEDIA GROUP INC,42365Q103,349,48060,,
COMMUNITY TR BANCORP INC,204149108,348,7972,,
NATIONAL WESTN LIFE GROUP IN,638517102,347,1617,,
KFORCE INC,493732101,346,4601,,KFRC
KIMBALL ELECTRONICS INC,49428J109,346,15890,,
COLUMBUS MCKINNON CORP N Y,199333105,345,7463,,
COMMUNITY HEALTHCARE TR INC,20369C106,345,7289,,
SHYFT GROUP INC,825698103,343,6972,,
ENPRO INDS INC,29355X107,342,3105,,
ENVESTNET INC,29404K106,342,4313,,
AQUESTIVE THERAPEUTICS INC,03843E104,341,87786,,
BLACKROCK CAP INVT CORP,092533108,341,85305,,
CONSOL ENERGY INC NEW,20854L108,341,15002,,
EXTERRAN CORP,30227H106,341,114587,,
VERU INC,92536C103,341,57935,,VERU
FRANKLIN ELEC INC,353514102,340,3592,,
PROJECT ENERGY REIMAGINED AC,G72556114,340,618750,,
CLEVER LEAVES HOLDINGS INC,186760104,339,109324,,
2SEVENTY BIO INC,901384107,338,13200,PUT,
AG MTG INVT TR INC,001228501,338,33000,CALL,
SENSEONICS HLDGS INC,81727U105,336,125657,,
TREAN INS GROUP INC,89457R101,336,37663,,
BLACK HILLS CORP,092113109,334,4737,,
UNIVERSAL CORP VA,913456109,334,6081,,
ACLARIS THERAPEUTICS INC,00461U105,332,22864,,
AVALO THERAPEUTICS INC,05338F108,330,194053,,
GREENBRIER COS INC,393657101,330,7201,,
NATIONAL CINEMEDIA INC,635309107,328,116865,,
VIDLER WATER RESOUCES INC,92660E107,328,27131,,
GLOBUS MED INC,379577208,327,4531,,
GREENLANE HLDGS INC,395330103,327,338809,,
HAWKINS INC,420261109,325,8244,,HWKN
ATN INTL INC,00215F107,324,8099,,
FOGHORN THERAPEUTICS INC,344174107,324,14168,,FHTX
TG THERAPEUTICS INC,88322Q108,324,17034,,
DENALI THERAPEUTICS INC,24823R105,323,7236,,DNLI
PERION NETWORK LTD,M78673114,322,13397,,PERI
GCP APPLIED TECHNOLOGIES INC,36164Y101,320,10106,,
H & E EQUIPMENT SERVICES INC,404030108,320,7237,,
HILTON GRAND VACATIONS INC,43283X105,320,6133,,HGV
NXP SEMICONDUCTORS N V,N6596X109,320,1405,,
MAKEMYTRIP LIMITED MAURITIUS,V5633W109,317,11450,,
MATSON INC,57686G105,312,3466,,
WILEY JOHN & SONS INC,968223206,312,5456,,
INTELLIA THERAPEUTICS INC,45826J105,311,2634,,
MADDEN STEVEN LTD,556269108,311,6691,,
MAIN STR CAP CORP,56035L104,311,6922,,
LIFEMD INC,53216B104,308,79585,,
MARINE PRODS CORP,568427108,308,24619,,
NOVUS CAPITAL CORPORATION II,67012W104,308,31082,,
CARTER BANKSHARES INC,146103106,306,19907,,
NEOLEUKIN THERAPEUTICS INC,64049K104,305,63315,,
ALBANY INTL CORP,012348108,302,3417,,
DXP ENTERPRISES INC,233377407,302,11746,,DXPE
I3 VERTICALS INC,46571Y107,302,13233,,
LANDS END INC NEW,51509F105,301,15352,,
ENSTAR GROUP LIMITED,G3075P101,299,1209,,
ZENVIA INC,G9889V101,299,44096,,
DRIVE SHACK INC,262077100,298,208649,,
PRECIGEN INC,74017N105,298,80334,,
BLACKSTONE MTG TR INC,09257W100,296,9666,,
GERMAN AMERN BANCORP INC,373865104,296,7592,,
WENDYS CO,95058W100,296,12421,,
EATON VANCE LTD DURATION INC,27828H105,295,22500,,
SPIRIT OF TEX BANCSHARES INC,84861D103,295,10262,,
PARK-OHIO HLDGS CORP,700666100,294,13878,,
EGAIN CORP,28225C806,293,29327,,EGAN
ENCORE WIRE CORP,292562105,293,2049,,
KVH INDS INC,482738101,293,31843,,
VNET GROUP INC,90138A103,293,32436,,
PIMCO HIGH INCOME FD,722014107,292,47500,,
CUE HEALTH INC,229790100,290,21637,,
FOSTER L B CO,350060109,290,21077,,FSTR
HORIZON TECHNOLOGY FIN CORP,44045A102,290,18209,,
CC NEUBERGER PRIN HLDGS II,G3166T111,289,212500,,
INTERNATIONAL MEDIA ACQUISIT,459867115,288,900000,,
SANFILIPPO JOHN B & SON INC,800422107,288,3199,,JBSS
ANAVEX LIFE SCIENCES CORP,032797300,287,16528,,AVXL
GIGINTERNATIONAL1 INC,37518W114,287,495000,,
PIEDMONT OFFICE REALTY TR IN,720190206,287,15594,,
SAFEGUARD SCIENTIFICS INC,786449207,287,39101,,SFES
TRITERRAS INC,G9103H102,286,121745,,
CROSSFIRST BANKSHARES INC,22766M109,285,18288,,
WILLDAN GROUP INC,96924N100,285,8106,,
360 DIGITECH INC,88557W101,284,12387,,
ARDMORE SHIPPING CORP,Y0207T100,283,83644,,ASC
CEREVEL THERAPEUTICS HLDNG I,15678U128,282,8700,,
DARDEN RESTAURANTS INC,237194105,282,1874,,DRI
OMEGA FLEX INC,682095104,282,2219,,
CF ACQUISITION CORP VI,12521J111,281,110651,,
EQUINOR ASA,29446M102,281,10670,,STOHF
MERUS N V,N5749R100,281,8851,,
OMNICELL COM,68213N109,281,1559,,
SILVERBOW RES INC,82836G102,281,12906,,
THESEUS PHARMACEUTICALS INC,88369M101,281,22136,,
SAFETY INS GROUP INC,78648T100,279,3281,,
GLATFELTER CORPORATION,377320106,277,16091,,
BOLT BIOTHERAPEUTICS INC,097702104,276,56377,,
EBANG INTL HLDGS INC,G3R33A106,276,267760,,
GOLDEN OCEAN GROUP LTD,G39637205,275,29574,,
YOUDAO INC,98741T104,275,22048,,
FINCH THERAPEUTICS GROUP INC,31773D101,274,27444,,
ANGION BIOMEDICA CORP,03476J107,270,93139,,
CYTEIR THERAPEUTICS INC,23284P103,270,23713,,
PROQR THRAPEUTICS N V,N71542109,270,33682,,
KODIAK SCIENCES INC,50015M109,269,3177,,KOD
CAMDEN PPTY TR,133131102,268,1498,,
ESPORTS TECHNOLOGIES INC,29667L106,268,13043,,
KRONOS WORLDWIDE INC,50105F105,268,17857,,KRO
DISRUPTIVE ACQUISITION CORP,G2770Y128,267,333333,,
FIRST CMNTY BANKSHARES INC V,31983A103,266,7963,,
STERICYCLE INC,858912108,266,4464,,
CHICKEN SOUP FOR THE SOUL EN,16842Q100,265,19127,,
SELECTIVE INS GROUP INC,816300107,264,3219,,
XP INC,G98239109,264,9200,PUT,XP
FIVE POINT HOLDINGS LLC,33833Q106,263,40151,,
JACK IN THE BOX INC,466367109,263,3009,,JACK
JAMES HARDIE INDS PLC,47030M106,263,6544,,
AVIDXCHANGE HOLDINGS INC,05368X102,262,17378,,
CHURCHILL CAPITAL CORP VI,17143W119,261,254981,,
BM TECHNOLOGIES INC,05591L107,260,28200,,
CARGURUS INC,141788109,260,7742,,
EQRX INC,26886C115,260,250000,,
CYTEK BIOSCIENCES INC,23285D109,258,15839,,
CASA SYS INC,14713L102,257,45247,,
LIBERTY MEDIA ACQUISITION CO,53073L104,257,25000,,
ALAMO GROUP INC,011311107,256,1740,,ALG
COUSINS PPTYS INC,222795502,256,6349,,
INDIE SEMICONDUCTOR INC,45569U101,256,21336,,
DIANA SHIPPING INC,Y2066G104,255,65450,,DSX-WT
STRONGHOLD DIGITAL MINING IN,86337R103,255,19843,,
GREENWICH LIFESCIENCES INC,396879108,254,10450,,
GRIFFON CORP,398433102,254,8930,,GFF
STORE CAP CORP,862121100,254,7371,,
ENERPAC TOOL GROUP CORP,292765104,253,12497,,EPAC
QUANTUM SI INC,74765K105,253,32131,,
CIM COML TR CORP,125525584,251,34130,,
EASTGROUP PPTYS INC,277276101,251,1100,CALL,
MAYVILLE ENGR CO INC,578605107,251,16809,,
NEW MTN FIN CORP,647551100,251,18304,,
THE AARONS COMPANY INC,00258W108,251,10196,,
COCA COLA CONS INC,191098102,249,402,,
KINNATE BIOPHARMA INC,49705R105,248,13989,,
GATES INDUSTRIAL CORPRATIN P,G39108108,246,15482,,
ROSS ACQUISITION CORP II,G7641C114,245,268888,,
ALLIANCEBERNSTEIN GLOBAL HIG,01879R106,243,20000,,
CAVCO INDS INC DEL,149568107,243,764,,
COHU INC,192576106,243,6374,,COHU
PANACEA ACQUISITION CORP II,G6882C106,243,25008,,
SERES THERAPEUTICS INC,81750R102,243,29132,,
ARTERIS INC,04302A104,242,11448,,
SAUL CTRS INC,804395101,241,4550,,
STOKE THERAPEUTICS INC,86150R107,241,10065,,
TEJON RANCH CO,879080109,241,12622,,TRC
PDS BIOTECHNOLOGY CORP,70465T107,240,29605,,PDSB
CENTURY THERAPEUTICS INC,15673T100,238,15037,,
DEFINITIVE HEALTHCARE CORP,24477E103,238,8697,,DH
SUNLIGHT FINANCIAL HOLDINGS,86738J106,237,49564,,
VIA RENEWABLES INC,92556D106,237,20719,,
KIMBALL INTL INC,494274103,236,23024,,
ALPHA HEALTHCARE ACQU CORP I,02073F104,235,24340,,
PREMIER FINANCIAL CORP,74052F108,234,7566,,
CHURCHILL CAPITAL CORP VII,17144M110,233,232985,,
BRIXMOR PPTY GROUP INC,11120U105,232,9115,,
CHROMADEX CORP,171077407,232,62042,,
CAPITAL SOUTHWEST CORP,140501107,231,9144,,CSWC
MIND MEDICINE MINDMED INC,60255C109,231,167211,,
NERDWALLET INC,64082B102,230,14776,,
TREBIA ACQUISITION CORP,G9027T117,230,199866,,
AVROBIO INC,05455M100,229,59469,,
LIFEVANTAGE CORP,53222K205,229,36243,,LFVN
FIRST BUSEY CORP,319383204,228,8412,,
FONAR CORP,344437405,228,15201,,
DAY ONE BIOPHARMACEUTICALS I,23954D109,226,13404,,
ENGAGESMART INC,29283F103,225,9321,,
INTER PARFUMS INC,458334109,225,2103,,
KALTURA INC,483467106,225,66688,,KLTR
BRANDYWINE RLTY TR,105368203,224,16705,,
COHEN & STEERS INC,19247A100,223,2415,,
CLEARWATER PAPER CORP,18538R103,222,6057,,CLW
FRANKLIN STR PPTYS CORP,35471R106,222,37367,,
COGENT BIOSCIENCES INC,19240Q201,221,25813,,
9 METERS BIOPHARMA INC,654405109,219,223523,,
CALIFORNIA WTR SVC GROUP,130788102,218,3036,,
INDUS REALTY TRUST INC,45580R103,218,2685,,
PRIMERICA INC,74164M108,218,1421,,
RIGEL PHARMACEUTICALS INC,766559603,218,82287,,RIGL
AGEAGLE AERIAL SYS INC NEW,00848K101,217,137975,,
WRAP TECHNOLOGIES INC,98212N107,217,55214,,
BRADY CORP,104674106,215,3994,,BRC
CONX CORP,212873111,215,250000,,
LANCASTER COLONY CORP,513847103,215,1296,,
VERIS RESIDENTIAL INC,554489104,215,11671,,
AEYE INC,008183105,214,44131,,
CELCUITY INC,15102K100,213,16160,,CELC
OAKTREE SPECIALTY LENDING CO,67401P108,213,28523,,
PACTIV EVERGREEN INC,69526K105,213,16832,,
GREAT SOUTHN BANCORP INC,390905107,212,3575,,
51JOB INC,316827104,211,4311,,
CYCLERION THERAPEUTICS INC,23255M105,211,122459,,
BLUE WHALE ACQUISITION CORP,G1330M129,210,247500,,
VIRGIN ORBIT HOLDINGS INC,92771A119,210,150000,,
ALGOMA STL GROUP INC,015658115,209,72419,,
AVISTA PUB ACQUISITION CORP,G07247128,209,283333,,
DADA NEXUS LTD,23344D108,209,15900,CALL,
INSPIRED ENTMT INC,45782N108,207,15937,,
KEMPHARM INC,488445206,207,23809,,
ASTRIA THERAPEUTICS INC,04635X102,206,38207,,
NOBLE CORP NEW,G6610J209,206,8291,,
INOGEN INC,45780L104,205,6018,,INGN
GLYCOMIMETICS INC,38000Q102,204,141842,,
LTC PPTYS INC,502175102,204,5978,,
VOXX INTL CORP,91829F104,203,19938,,
BLACKSTONE STRATEGIC CREDIT,09257R101,202,15000,,
CORPORATE OFFICE PPTYS TR,22002T108,202,7206,,
KBR INC,48242W106,202,4247,,
PORTAGE FINTECH ACQUISITN CO,G7185D106,202,20775,,
MODIVCARE INC,60783X104,201,1353,,
PGIM HIGH YIELD BOND FUND IN,69346H100,201,12500,,
FORESTAR GROUP INC,346232101,200,9215,,FOR
ANTERO MIDSTREAM CORP,03676B102,199,20558,,AM
SECUREWORKS CORP,81374A105,199,12437,,
HOMOLOGY MEDICINES INC,438083107,198,54330,,
MAQUIA CAPITAL ACQUISITION C,56564V119,197,395000,,
EJF ACQUISITION CORP,G2955B125,196,151725,,
FIDUS INVT CORP,316500107,196,10913,,
FARMER BROS CO,307675108,195,26197,,
GRAHAM CORP,384556106,195,15707,,GHM
MAVERIX METALS INC,57776F405,195,44677,,
RENOVACOR INC,75989E106,195,25321,,
VODAFONE GROUP PLC NEW,92857W308,194,13000,PUT,
TIDEWATER INC NEW,88642R109,192,17896,,TDGMW
HYZON MOTORS INC,44951Y102,190,29256,,
IMARA INC,45249V107,189,83866,,
LOOP INDS INC,543518104,189,15401,,
PGIM GLOBAL HIGH YIELD FD FO,69346J106,189,12500,,
BANCO BRADESCO S A,059460303,188,55000,PUT,
DYNEX CAP INC,26817Q886,187,11205,,
ONESPAWORLD HOLDINGS LIMITED,P73684113,187,18686,,
D MARKET ELECTR SVCS & TRADI,23292B104,186,97613,,
ONECONNECT FINL TECHNOLOGY C,68248T105,186,75344,,
PINE TECHNOLOGY ACQUISITN CO,722850112,185,284945,,
ACUMEN PHARMACEUTICALS INC,00509G209,184,27167,,
AUSTERLITZ ACQUISITION CORP,G0633D125,184,174999,,
AVEO PHARMACEUTICALS INC,053588307,184,39298,,
BANCO MACRO SA,05961W105,184,13102,,
OXUS ACQUISITION CORP,G6859L121,183,300000,,
PERIPHAS CAPITAL PARTNERING,713895118,183,112500,,
INSTIL BIO INC,45783C101,182,10623,,
WESTERN ASSET HIGH INCOME OP,95766K109,182,35000,,
BGSF INC,05601C105,181,12583,,
BREEZE HOLDINGS ACQUISITN CO,106762107,181,17704,,
NAUTILUS INC,63910B102,181,29500,PUT,
NORTH AMERN CONSTR GROUP LTD,656811106,181,11900,,
DOMA HOLDINGS INC,25703A104,180,35469,,
NOVAN INC,66988N205,180,43053,,
POWERFLEET INC,73931J109,179,37793,,
ARCLIGHT CLEAN TRANSITION II,G0R21B112,178,106428,,
KOREA ELEC PWR CORP,500631106,178,19528,,
OLD SECOND BANCORP INC ILL,680277100,178,14158,,
UNIVERSAL TECHNICAL INST INC,913915104,178,22800,,
CO-DIAGNOSTICS INC,189763105,177,19850,,
SHELTER ACQUISITION CORP I,822821112,175,325000,,
THORNE HEALTHTECH INC,885260109,175,28224,,
WESTWOOD HLDGS GROUP INC,961765104,175,10321,,
IMMUNOVANT INC,45258J102,174,20371,,
ATEA PHARMACEUTICALS INC,04683R106,173,19404,,
CORAZON CAPITAL V838 MONOCER,G24237128,173,250000,,
PONO CAPITAL CORP,732450119,173,367500,,
BUILD ACQUISITION CORP,12008J113,172,250000,,
CHARDAN NEXTECH ACQUISITION,159561117,172,281250,,
WILLIAMS ROWLAND ACQUISITION,96951B110,172,330000,,
ACCELERATE ACQUISITION CORP,00439D110,169,203815,,
DATA KNIGHTS ACQUISITION COR,237699111,168,420000,,
GENPREX INC,372446104,164,125234,,
PETRA ACQUISITION INC,716421102,164,16048,,
INTERNATIONAL MEDIA ACQUISIT,459867123,163,900000,,
CARROLS RESTAURANT GROUP INC,14574X104,162,54860,,
CASTLIGHT HEALTH INC,14862Q100,161,104453,,
EQUINOX GOLD CORP,29446Y502,160,23728,,EQX
GINKGO BIOWORKS HOLDINGS INC,37611X118,160,71236,,
ATRENEW INC,00138L108,158,26548,,RERE
FTAC HERA ACQUISITION CORP,G3728Y111,158,181808,,
VIVOPOWER INTERNATIONAL PLC,G9376R100,158,51824,,
KOPIN CORP,500600101,157,38431,,KOPN
BIOMEA FUSION INC,09077A106,156,20955,,
GLADSTONE CAPITAL CORP,376535100,155,13376,,GLAD
DEEP MEDICINE ACQUISITION CO,243733110,154,480000,,
OFFERPAD SOLUTIONS INC,67623L109,154,24072,,OPADW
ACTINIUM PHARMACEUTICALS INC,00507W206,153,25473,,
JAKKS PAC INC,47012E403,153,15062,,
M3 BRIGADE ACQUISITION II CO,553800111,153,131498,,
GREAT AJAX CORP,38983D300,152,11555,,
BIONANO GENOMICS INC,09075F107,151,50486,,
THE MUSIC ACQUISITION CORP,62752R118,151,269562,,
ASURE SOFTWARE INC,04649U102,150,19192,,ASUR
EIGER BIOPHARMACEUTICALS INC,28249U105,150,28967,,
GOL LINHAS AEREAS INTELIGENT,38045R206,150,24800,,
MAXPRO CAPITAL ACQUISITN COR,57778T114,150,375000,,
MEI PHARMA INC,55279B202,150,56198,,
XOS INC,98423B108,150,47560,,
VEON LTD,91822M106,149,87311,,VEON
APOLLO STRATEGIC GRWT CPTL I,G0412A128,148,156051,,
BETTER THERAPEUTICS INC,08773T104,148,31848,,
MSD ACQUISITION CORP,G5709C125,147,128230,,
DIGITAL TRANSFORMATN OPT COR,25401K115,146,220646,,
GREENLIGHT CAPITAL RE LTD,G4095J109,146,18569,,
ALDEYRA THERAPEUTICS INC,01438T106,145,36228,,
ICONIC SPORTS ACQUISITION CO,G4712C115,145,250000,,
JOANN INC,47768J101,145,13922,,
KINIKSA PHARMACEUTICALS LTD,G5269C101,145,12317,,
ACCRETION ACQUISITION CORP,00438Y123,144,450000,,
AGILE GROWTH CORP,G01202111,142,218353,,
ARYA SCIENCES ACQU CORP IV,G31659108,142,14270,,
TARGET HOSPITALITY CORP,87615L107,142,39788,,TH
TREVENA INC,89532E109,142,243556,,
DOUYU INTL HLDGS LTD,25985W105,140,52903,,
GOGREEN INVESTMENTS CORP,G9461B119,138,299999,,
TECH AND ENERGY TRANSITION,87823R110,138,196660,,
GEVO INC,374396406,136,31736,,
HEAT BIOLOGICS INC,42237K409,136,44705,,
STAGWELL INC,85256A109,136,15670,,STGW
ERICSSON,294821608,134,12300,,
KKR ACQUISITION HOLDING I CO,48253T117,134,133982,,
COHN ROBBINS HOLDINGS CORP,G23726113,133,166666,,
TELECOM ARGENTINA S A,879273209,133,26147,,
TELLURIAN INC NEW,87968A104,133,43064,,
B2GOLD CORP,11777Q209,131,33318,,BTG
LARGO INC,517097101,131,14100,,LGO
REGIS CORP MINN,758932107,131,75039,,
KALA PHARMACEUTICALS INC,483119103,130,107582,,
NORTHERN GENESIS ACQU CORP I,66516W115,130,138464,,
PAYSIGN INC,70451A104,130,81312,,
GT BIOPHARMA INC,36254L209,129,42401,,
INFLARX NV,N44821101,129,27053,,
PARATEK PHARMACEUTICALS INC,699374302,128,28413,,
SIGILON THERAPEUTICS INC,82657L107,128,46242,,
THRIVE ACQUISITION CORPORATI,G7158C119,128,257500,,
DIAMONDHEAD HOLDINGS CORP,25278L113,127,213580,,
SOCIAL CAPITAL HEDOSOPHA HLD,G82514111,127,62500,,
ADMA BIOLOGICS INC,000899104,126,89307,,
ARGUS CAPITAL CORP,04026L113,126,233333,,
CECO ENVIRONMENTAL CORP,125141101,126,20160,,CECO
CELLEBRITE DI LTD,M2197Q107,126,15744,,CLBT
ACROPOLIS INFRASTRUCTURE ACQ,005029111,125,149999,,
ORION GROUP HLDGS INC,68628V308,124,32802,,
QUANTUM COMPUTING INC,74766W108,124,36342,,QUBT
TREDEGAR CORP,894650100,124,10506,,TG
XBIOTECH INC,98400H102,123,11042,,XBIT
PLANET LABS PBC,72703X114,122,62598,,PL
FUSION ACQUISITION CORP II,36118N110,121,201354,,
LMP AUTOMOTIVE HLDGS INC,53952P101,121,17254,,
PROFOUND MED CORP,74319B502,121,10715,,
WARBURG PINCUS CAPTAL CORP I,G9460M124,121,120750,,
AQUABOUNTY TECHNOLOGIES INC,03842K200,120,57332,,AQB
ARMSTRONG FLOORING INC,04238R106,120,60655,,
CATALYST BIOSCIENCES INC,14888D208,119,129987,,
ADT INC DEL,00090Q103,118,14024,,ADT
ARDELYX INC,039697107,118,106959,,
AYTU BIOPHARMA INC,054754874,118,87650,,
FANHUA INC,30712A103,117,16062,,
LEVERE HOLDINGS CORP,G5462L122,117,161981,,
ONYX ACQUISITION CO I,G6755Q117,116,199999,,
ORION ACQUISITION CORP,68626A116,116,187427,,
VIRGIN GROUP ACQUISIT CORP I,G9460K128,116,138017,,
BIODESIX INC,09075X108,115,21824,,BDSX
JAWS JUGGERNAUT ACQUISITN CO,G50735110,114,117371,,
PYXIS ONCOLOGY INC,747324101,114,10367,,
SABA CAPITAL INCOME & OPRNT,78518H103,113,25000,,
TWIN RIDGE CAPITAL ACQUIS CO,G9151L120,113,188079,,
ANGEL POND HOLDINGS CORP,G0447J128,112,144927,,
FORUM MERGER IV CORP,349875112,112,136915,,
INTERPRIVATE III FINANCIAL P,46064R114,112,74952,,
ORION ENERGY SYS INC,686275108,112,30965,,
CONCERT PHARMACEUTICALS INC,206022105,111,35267,,
FORTUNA SILVER MINES INC,349915108,110,28108,,
SPORTSTEK ACQUISITION CORP,849196118,109,184805,,
PACIFICO ACQUISITION CORP,69512X111,108,240000,,
SOC TELEMED INC,78472F101,108,84177,,
KISMET ACQUISITION THREE COR,G5276C102,107,214049,,
AESTHER HEALTHCARE ACQSTN CO,00809L114,106,225000,,
METALLA RTY & STREAMING LTD,59124U605,106,15355,,
PLAYSTUDIOS INC,72815G108,106,26923,,
SELLAS LIFE SCIENCES GROUP I,81642T209,106,19143,,
URBAN ONE INC,91705J204,106,31406,,
ATLANTIC COASTAL ACQUISTN CO,048453112,105,169975,,
ECOVYST INC,27923Q109,105,10287,,ECVT
GTY TECHNOLOGY HOLDINGS INC,362409104,105,15702,,
DILA CAPITAL ACQUISITION COR,254028111,104,151000,,
EOS ENERGY ENTERPRISES INC,29415C101,103,13714,,
JAWS HURRICANE ACQUISITN COR,47201B111,102,105323,,
FINTECH EVOLUTION ACQUIS GRO,G3R19A120,101,170194,,
ACACIA RESH CORP,003881307,100,19550,,
SILVER SPIKE ACQUISITN CORP,G8201H113,100,113819,,
SLAM CORP,G8210L121,99,159816,,
GALIANO GOLD INC,36352H100,98,139681,,GAU
PERIDOT ACQUISITION CORP II,G7008B121,98,114887,,
SPARTAN ACQUISITION CORP III,84677R114,98,68009,,
VECTOIQ ACQUISITION CORP II,92244F117,98,112849,,
VIRACTA THERAPEUTICS INC,92765F108,98,26883,,
NEW VISTA ACQUISITION CORP,G6529L121,97,128646,,
OXFORD SQUARE CAP CORP,69181V107,97,23875,,
SYNCHRONOSS TECHNOLOGIES INC,87157B103,97,39599,,
CARTESIAN GROWTH CORP,G19276115,95,85588,,
LONGVIEW ACQUISITION CORP II,54319Q113,95,111642,,
NEWCOURT ACQUISITION CORP,G6448C129,95,193252,,
MONTEREY BIO ACQUISITION COR,61240F116,94,240400,,
NORTHERN LIGHTS ACQUISITN CO,66538L113,94,200000,,
QUDIAN INC,747798106,94,97472,,
WINVEST ACQUISITION CORP,97655B125,94,375000,,WINVW
L CATTERTON ASIA ACQUISITION,G5346G117,93,117840,,
VPC IMPACT ACQUISITION HLDG,G9460L118,93,93494,,
ACHARI VENTURES HLDGS CORP I,00444X119,92,279064,,
MOGO INC,60800C109,92,27025,,
ACCRETION ACQUISITION CORP,00438Y115,90,225000,,
ARCTOS NORTHSTAR ACQUIS CORP,G0477L126,90,118043,,
COLONNADE ACQUISITION CORP I,G2284B119,90,124734,,
INTEVAC INC,461148108,90,19180,,
ARBUTUS BIOPHARMA CORP,03879J100,89,22900,,ABUS
FORTRESS VALUE ACQUISI CORP,34964K116,89,105921,,
HUDSON EXECUTIVE INVES III,44376L115,89,124886,,
ANZU SPECIAL ACQUISITIN CORP,03737A119,88,113431,,
QIWI PLC,74735M108,88,11017,,
ARTEMIS STRATEGIC INVT CORP,04303A111,87,175000,,
GLADSTONE ACQUISITION CORP,37653T116,87,167750,,
JAWS MUSTANG ACQUISITION COR,G50737124,87,84528,,
ESM ACQUISITION CORPORATION,G3195H112,86,117318,,
ROSE HILL ACQUISITION CORP,G7637J123,86,175000,,
Z-WORK ACQUISITION CORP,98880C110,86,133025,,
CLEAN ENERGY FUELS CORP,184499101,85,13795,,CLNE
GLENFARNE MERGER CORP,378579114,85,138707,,
RISKIFIED LTD,M8216R109,85,10762,,RSKD
TAILWIND TWO ACQUISITION COR,G86613125,85,100079,,
HAYMAKER ACQUISITION CORP II,42087R116,84,116961,,
ELECTRIC LAST MILE SOLUTNS I,28489L104,83,11835,,
ENTERPRISE 4.0 TEC ACQSTN CO,G3137C114,83,150000,,
FLAME ACQUISITION CORP,33850F116,83,137937,,
TCW SPECIAL PURPOSE ACQU COR,87301L114,83,135337,,
17 ED & TECHNOLOGY GROUP INC,81807M205,82,65428,,
DHB CAPITAL CORP,23291W117,82,125771,,
TAKUNG ART LTD,87407Q207,81,19887,,
ZEVIA PBC,98955K104,81,11438,,ZVIA
BARK INC,68622E112,80,135505,,
EMBARK TECHNOLOGY INC,29079J111,80,40666,,
RMG ACQUISITION CORP III,G76088122,80,90967,,
CANDEL THERAPEUTICS INC,137404109,79,10122,,
VPC IMPACT ACQU HOLDI III IN,91835J116,79,74463,,
FINNOVATE ACQUISITION CORP,G3R34K111,78,206249,,
INDEPENDENCE HOLDINGS CORP,G4761A127,78,88079,,
EQUITY DISTR ACQUISITION COR,29465E114,77,104166,,
MOUNTAIN CREST ACQSITN CORP,62404B115,77,220000,,
KLUDEIN I ACQUISITION CORP,49878L117,75,125000,,
TRIBE CAPITAL GROWTH CORP I,89601Y119,75,86953,,
SOCIAL LEVERAGE ACQUISN CORP,83363K110,74,89573,,
FIRST RESERVE SUSTAINABLE GW,336169115,73,89522,,
GENIE ENERGY LTD,372284208,73,13114,,GNE
PARSEC CAPITAL ACQUISITION,70184A116,73,181900,,
PWP FORWARD ACQUISITION CORP,74709Q119,73,83154,,
WINVEST ACQUISITION CORP,97655B117,73,375000,,WINVW
ADTHEORENT HOLDING COMPANY,00739D117,72,105582,,
GORES TECHNOLOGY PARTNERS II,38287L115,72,55056,,
ORGENESIS INC,68619K204,72,25153,,
SIRIUS XM HOLDINGS INC,82968B103,72,11376,,SIRI
HIMS & HERS HEALTH INC,433000106,71,10781,,
LIONHEART III CORP,536262116,71,162499,,
ATI PHYSICAL THERAPY INC,00216W117,70,159560,,
FOREST ROAD ACQUISITION COR,34619V111,70,89549,,
INTERPRIVATE II ACQUISITION,46064Q116,70,75878,,
INTERPRIVATE IV INFRATECH PR,46064T110,70,88510,,
NEXIMMUNE INC,65344D109,70,15220,,
DECARBONIZATION PLUS ACQU II,242794113,69,44072,,
THUNDER BRIDGE CAP PRTNRS II,88605T118,69,82913,,
CC NEUBERGER PRINCIPAL HOLDN,G1992N126,68,62017,,
VY GLOBAL GROWTH,G9444H118,68,58988,,
PLUM ACQUISITION CORP I,G7134L118,67,90749,,
NUVATION BIO INC,67080N119,66,34975,,NUVB
G SQUARED ASCEND I INC,G4204R117,65,75251,,
PCTEL INC,69325Q105,65,11484,,
RLX TECHNOLOGY INC,74969N103,65,16718,,RLX
SUMMIT HEALTHCRE ACQUISTN CO,G8566R110,65,100000,,
ALPHA CAPITAL ACQUISITION CO,G0316P122,64,74470,,
CLASS ACCELERATION CORP,18274B114,64,125000,,
HYRECAR INC,44916T107,64,13666,,
SILVERBOX ENGAGED MERGER CO,82836L119,64,45876,,
TG VENTURE ACQUISITION CORP,87251T117,64,150000,,
BLACK MOUNTAIN ACQ CORP,09216A116,63,131249,,
PERPETUA RESOURCES CORP,714266103,63,13310,,PPTA
POEMA GLOBAL HOLDINGS CORP,G7154B115,63,44015,,
FINSERV ACQUISITION CORP II,31809Y111,62,100192,,
FTAC PARNASSUS ACQUISITN COR,30319B116,62,58775,,
NORTHERN STAR INVEST CORP IV,66575B119,62,71961,,
PLURISTEM THERAPEUTICS INC,72940R300,62,42350,,
USHG ACQUISITION CORP,91748P118,62,37272,,
ENDEAVOUR SILVER CORP,29258Y103,61,14500,,EXK
POWER & DIGITAL INFRA ACQ CO,739190114,61,18569,,
ARROWROOT ACQUISITION CORP,04282M110,60,108651,,
ASPEN GROUP INC,04530L203,60,25555,,
NEWBURY STREET ACQUISITN COR,65101L112,60,100000,,
OPTINOSE INC,68404V100,60,37066,,
ROCKET INTERNET GRWT OPRT CO,G7613T129,60,79166,,
SUPERNOVA PARTNERS ACQUISTN,G8T86C121,59,25000,,
ARCHIMEDES TECH SPAC PARTNR,039562111,58,48655,,
G&P ACQUISITION CORP,36146G111,58,105704,,
GORES HOLDINGS VII INC,38286T119,58,42554,,
GRAF ACQUISITION CORP IV,384272118,58,50000,,
MINERVA NEUROSCIENCES INC,603380106,58,72457,,
NEXTERS INC,G6529J118,58,75000,,
RXR ACQUISITION CORP,74981W115,58,82267,,
SOFTWARE ACQUISITN GRP INC I,83407J111,58,100997,,
ENEL CHILE S.A.,29278D105,57,31216,,ENIC
NORTHERN STAR INVEST CORP II,66574L118,57,64504,,
GEMINI THERAPEUTICS INC,36870G105,56,19273,,
MOXIAN BVI INC,G6S34K105,56,19740,,
STRATIM CLOUD ACQUISITION CO,86309R115,56,92261,,
TWELVE SEAS INVESTMENT CO II,90118T114,56,111768,,
COMPUTE HEALTH ACQUISITIN CO,204833115,55,62500,,
NOBLE ROCK ACQUISITION CORP,G6546R119,55,103336,,
ONE EQUITY PARTNERS OPEN WTR,68237L113,55,90483,,
WHEELS UP EXPERIENCE INC,96328L114,55,67469,,UP
CATALYST PARTNRS ACQUISITN C,G19550121,54,63385,,
DHC ACQUISITION CORP,G2758T117,54,103319,,
ENTHUSIAST GAMING HLDGS INC,29385B109,54,18300,,
GOLDEN ARROW MERGER CORP,380799114,54,108968,,
LIVEVOX HOLDING INC,53838L100,54,10458,,
BIG SKY GROWTH PARTNERS INC,08954L110,53,73424,,
BLACKSKY TECHNOLOGY INC,09263B108,52,11570,,BKSY-WT
ASTREA ACQUISITION CORP,04637C114,51,100000,,
BETTER WORLD ACQUISITION COR,08772B112,50,100770,,
DIRECT SELLING ACQUISITIN CO,25460L111,50,100000,,
FRONTIER ACQUISITION CORP,G36826124,50,57549,,
LIVE OAK MOBILITY ACQUISI CO,538126111,50,43090,,
LORDSTOWN MOTORS CORP,54405Q100,50,14566,,
PIVOTAL INVESTMENT CORP III,72582M114,49,50848,,
ATHENA CONSUMER ACQ CORP,04684M114,48,100000,,
MDH ACQUISITION CORP,55283P114,48,105414,,
WARBURG PINCUS CAPTAL CORP I,G9461D115,48,48606,,
FORTRESS VALUE ACQUIS CORP I,34964G115,47,59218,,
LEGATO MERGER CORP II,52473Y112,46,91666,,
ARES ACQUISITION CORPORATION,G33032122,45,50000,,
KALEIDO BIOSCIENCES INC,483347100,45,18827,,
LEAD EDGE GROWTH OPRTUNTS LT,G54085116,45,67727,,
POLARITYTE INC,731094108,45,76867,,
SCION TECH GROWTH II,G31070116,45,75000,,
SUPERNOVA PARTN ACQ CO III L,G8T90F128,45,49999,,
AIRSPAN NETWORKS HOLDINGS IN,00951K104,44,11696,,
ARBOR RAPHA CAP BIOHLDS CORP,03881F112,44,88888,,
B RILEY PRINCIPAL 150 MERGER,05601V111,44,30437,,
GENASYS INC,36872P103,44,11023,,GNSS
SEAPORT GLOBAL ACQUISITION I,81221H113,44,88500,,
TRADEUP ACQUISITION CORP,89268A115,44,87500,,
YIREN DIGITAL LTD,98585L100,44,15444,,YRD
BIRD GLOBAL INC,09077J115,43,41634,,
KISMET ACQUISITION TWO CORP,G52807115,43,85514,,
SOAR TECHNOLOGY ACQUISN CORP,G82472120,43,74999,,
SUNWORKS INC,86803X204,43,14162,,
ARC DOCUMENT SOLUTIONS INC,00191G103,42,11965,,
WAITR HLDGS INC,930752100,42,56971,,
ARISZ ACQUISITION CORP,040450116,41,150000,,
JOBY AVIATION INC,G65163118,41,26246,,
SUMMIT THERAPEUTICS INC,86627T108,41,15146,,SMMT
BLOCKCHAIN MOON ACQUISITN CO,09370F125,40,100000,,
GLASS HOUSES ACQUISITION COR,37714P111,40,67185,,
FEDNAT HLDG CO,31431B109,39,27864,,
FIVE STAR SENIOR LIVING INC,33832D205,39,13160,,
SANDBRIDGE X2 CORP,799792114,39,69755,,
LDH GROWTH CORP I,G54094126,38,49267,,
RICE ACQUISITION CORP II,G75529126,38,25000,,
AURORA ACQUISITION CORP,G0698L129,37,47302,,
BOWLERO CORP,10258P110,37,32379,,
WALDENCAST ACQUISITION CORP,G9460C118,37,30799,,
AURORA INNOVATION INC,051774115,36,12211,,
GORES HLDGS VIII INC,382863116,36,17713,,
HOOKIPA PHARMA INC,43906K100,36,15657,,
NIGHTDRAGON ACQUISITION CORP,65413D113,36,39941,,
WARRIOR TECHNOLOGIES ACQUI C,936273119,36,71451,,
AMERICAN ACQUISITION OPPT IN,02369M110,35,60015,,
BLOCKCHAIN MOON ACQUISITN CO,09370F117,35,100000,,
INTRUSION INC,46121E205,35,10077,,INTZ
ALTIMAR ACQUISITION CORP III,G0370U116,34,38236,,
ASSERTIO HOLDINGS INC,04546C205,34,15453,,
GORES TECHNOLOGY PARTNERS IN,382870111,34,25419,,
PROPERTY SOLUTIONS ACQUISITI,74350A116,34,60404,,
VELOCITY ACQUISITION CORP,92259E112,34,66965,,
ACKRELL SPAC PARTNERS I CO,00461L113,33,65179,,
AKEBIA THERAPEUTICS INC,00972D105,33,14393,,
BLUERIVER ACQUISITION CORP,G1261Q115,33,54868,,
BITE ACQUISITION CORP,09175K113,32,62500,,
CASCADE ACQUISITION CORP,147151112,32,64699,,
GLRY STR NW MDIA GRUP HLDG L,G39973113,32,498473,,
TALKSPACE INC,87427V111,32,140000,,
LAZARD GROWTH ACQUISITION CO,G54035111,31,35000,,
PHASEBIO PHARMACEUTICALS INC,717224109,31,11796,,
PROGRESS ACQUISITION CORP,74327P113,31,62500,,
ATHLON ACQUISITION CORP,04748A114,29,48293,,
CLIMATE REAL IMPACT SLUTINS,187171111,29,25000,,
ESGEN ACQUISITION CORP,G3R95N111,29,58333,,
EXCELFIN ACQUISITION CORP,30069X110,29,50000,,
BILANDER ACQUISITION CORP,09001T114,28,29900,,
HALL OF FAME RESORT & ENTMT,40619L102,28,18240,,
SUSTAINABLE DEVELP ACQU I CO,86934L111,28,47773,,
ADVANCED MERGER PARTNERS INC,00777J117,27,34865,,
ARISZ ACQUISITION CORP,040450124,27,150000,,
MISSION ADVANCEMENT CORP,60501L119,27,52694,,
WATERDROP INC,94132V105,27,19223,,WDH
ALTENERGY ACQUISITION CORP,02157M116,26,49999,,AEAEW
SIMON PROPERTY GRP ACQ HOLDI,82880R111,26,29873,,
VISTAGEN THERAPEUTICS INC,92840H202,26,13401,,
COLICITY INC,194170114,25,32453,,
DIRTT ENVIRONMENTAL SOLUTION,25490H106,25,11700,,
KERNEL GROUP HOLDINGS INC,G5259L129,25,50000,,
MERCURY ECOM ACQUISITION COR,589381110,23,46316,,
NEW GOLD INC CDA,644535106,23,15555,,
ARCADIA BIOSCIENCES INC,039014204,22,21624,,
EUROPEAN BIOTECH ACQUTN CORP,G3167F128,22,37216,,
FATHOM DIGITAL MFG CORP,31189Y111,22,25000,,
GX ACQUISITION CORP II,36260F113,22,44211,,
IBERE PHARMACEUTICALS,G46843119,22,40932,,
LOCAL BOUNTI CORP,53960E114,22,33320,,
GRAB HOLDINGS LIMITED,G4124C117,21,10000,,
ALPHA PARTNERS TECH MERGR CO,G63290103,20,29998,,
JACK CREEK INVESTMENT CORP,G4989X123,20,36571,,
ITIQUIRA ACQUISITION CORP,G49773115,19,36503,,
PYROPHYTE ACQUISITION CORP,G7308P127,19,33333,,
THUNDER BRDG CAP PRTNRS IV I,88605L115,19,21831,,
AFRICAN GOLD ACQUISITION COR,G0112R124,18,37500,,
REVOLUTION HEALTHCAR AQ CORP,76155Y116,18,23489,,
SCIENCE STRATEGIC ACQ ALPHA,808641112,18,33333,,
TIGA ACQUISITION CORP,G88672111,18,25446,,
PARABELLUM ACQUISITION CORP,69901P117,17,37500,,
PRIMAVERA CAPITAL ACQUIST CO,G7255E117,17,25000,,
PRIVETERRA ACQUISITION CORP,74275N110,17,33333,,
ATLAS CREST INVESTMENT CORP,049287113,16,19172,,
CF ACQUISITION CORP VIII,12520C117,16,19714,,
CITIC CAPITAL ACQUISITION CO,G21513117,16,25000,,
FORTRESS CAPITAL ACQUISITION,G36427121,16,20000,,
SMART SH GLOBAL LTD,83193E102,16,10940,,
ASENSUS SURGICAL INC,04367G103,15,13141,,
ELOXX PHARMACEUTICALS INC,29014R103,15,21295,,
OCA ACQUISITION CORP,670865112,15,32284,,
PATHFINDER ACQUISITION CORP,G04119122,15,25000,,
SPORTSMAP TECH ACQUISITIN CO,84921J116,15,31500,,
TUATARA CAPITAL ACQUISITN CO,G9118J119,15,25000,,
UNITY BIOTECHNOLOGY INC,91381U101,15,10152,,
NOVUS CAPITAL CORPORATION II,67012W112,13,10359,,
FLOTEK INDS INC DEL,343389102,12,10228,,
HH&L ACQUISITION CO,G39714129,12,21200,,
TYME TECHNOLOGIES INC,90238J103,12,20098,,
PALATIN TECHNOLOGIES INC,696077403,11,20933,,PTN
PHOENIX BIOTECH ACQUISITION,71902K113,11,25000,,
COVA ACQUISITION CORP,G2554Y120,10,20340,,
FORTISTAR SUSTAINABLE SOL CO,34962M114,10,16672,,
DEEP LAKE CAPITAL ACQUSTN CO,G27029118,9,14233,,
EXELA TECHNOLOGIES INC,30162V409,9,10661,,
FAST ACQUISITION CORP II,311874119,9,10162,,
PEGASUS DIGITAL MOBILITY ACQ,G69768110,9,16144,,
AVALON ACQUISITION INC,05338E119,8,19500,,
CHAVANT CAPITAL ACQUISITN CO,G2058L111,8,16788,,
ECP ENVIRONMENTAL GW OPT COR,26829T118,8,11898,,
M3 BRIGADE ACQUISITION III,55407R111,8,15000,,
POWERED BRANDS,G7209M116,8,13072,,
FREEDOM ACQUISITION I CORP,G3663X128,7,12382,,
GOAL ACQUISITIONS CORP,38021H115,6,11659,,
NEPTUNE WELLNESS SOLUTIONS I,64079L105,6,15400,,
BELONG ACQUISITION CORP,08069M110,5,10350,,
HIPPO HLDGS INC,433539111,5,10000,,
EROS STX GLOBAL CORPORATION,G3788M114,4,18189,,
