name_of_issuer,cusip,value_usd_thousands,shares,put_call,ticker
NVIDIA CORPORATION,67066G104,129252145843,692743841,,NVDA
MICROSOFT CORP,594918104,74853210916,144518218,,MSFT
META PLATFORMS INC,30303M102,71209003857,96964792,,
AMAZON COM INC,023135106,50426679009,229661060,,AMZN
APPLE INC,037833100,49769131636,195456669,,AAPL
ALPHABET INC,02079K305,40187960906,165314524,,GOOGN
BROADCOM INC,11135F101,27946633702,84709871,,AVGO
NETFLIX INC,64110L106,17819662421,14863095,,NFLX
ALPHABET INC,02079K107,16603001181,68170812,,GOOGN
TAIWAN SEMICONDUCTOR MFG LTD,874039100,16568788283,59324674,,
BERKSHIRE HATHAWAY INC DEL,084670108,16247730600,21543,,BRK-A
ELI LILLY & CO,532457108,12942058027,16962068,,LLY
GE AEROSPACE,369604301,10718757973,35631799,,
MASTERCARD INCORPORATED,57636Q104,10690592160,18794663,,
VISA INC,92826C839,10354763827,30332075,,V
GE VERNOVA INC,36828A101,9552555492,15535137,,GEV
TESLA INC,88160R101,9507523381,21378673,,
WELLS FARGO CO NEW,949746101,9404369821,112197206,,
AMPHENOL CORP NEW,032095101,9111944847,73631878,,
MARVELL TECHNOLOGY INC,573874104,8319024577,98953546,,
EXXON MOBIL CORP,30231G102,7925551842,70293143,,
BOSTON SCIENTIFIC CORP,101137107,7265814916,74421949,,BSX
JPMORGAN CHASE & CO.,46625H100,7256239825,23004279,,JPM-PM
APPLOVIN CORP,03831W108,7045044327,9804665,,APP
BOEING CO,097023105,6241157176,28917004,,BA-PA
ALNYLAM PHARMACEUTICALS INC,02043Q107,5817459125,12757586,,
BANK AMERICA CORP,060505104,5805393887,112529442,,
ORACLE CORP,68389X105,5703905216,20281273,,ORCL-PD
SHOPIFY INC,82509L107,5542571382,37303037,,SHOP
MICRON TECHNOLOGY INC,595112103,5033406522,30082515,,MU
ROBLOX CORP,771049103,5027940228,36297576,,RBLX
COSTCO WHSL CORP NEW,22160K105,4777177774,5161001,,
NXP SEMICONDUCTORS N V,N6596X109,4742618934,20825622,,
GILEAD SCIENCES INC,375558103,4669293501,42065708,,
FIDELITY MERRIMACK STR TR,316188705,4451539125,100941930,,
COCA COLA CO,191216100,4352040430,65621840,,KO
LOWES COS INC,548661107,4101106641,16318915,,
UBER TECHNOLOGIES INC,90353T100,4078076112,41625764,,
PHILIP MORRIS INTL INC,718172109,4044848229,24937412,,
LINDE PLC,G54950103,3919994298,8252620,,LIN
ASTERA LABS INC,04626A103,3554013184,18151242,,
ABBVIE INC,00287Y109,3527283698,15234014,,ABBV
TRANE TECHNOLOGIES PLC,G8994E103,3521651339,8345936,,TT
AGNICO EAGLE MINES LTD,008474108,3373465932,20022861,,AEM
SHELL PLC,780259305,3358176473,46947804,,RYDAF
CONSTELLATION ENERGY CORP,21037T109,3339878417,10149447,,CEG
CRH PLC,G25508105,3315682564,27670868,,
VISTRA CORP,92840M102,3313848933,16914296,,VST
TJX COS INC NEW,872540109,3286375864,22736791,,
CISCO SYS INC,17275R102,3189385923,46614819,,
ARGENX SE,04016X101,3188253562,4322704,,ARGX
ARISTA NETWORKS INC,040413205,3166898596,21734257,,
FRANCO NEV CORP,351858105,3157147775,14182736,,
PALANTIR TECHNOLOGIES INC,69608A108,3026492550,16590793,,PLTR
EATON CORP PLC,G29183103,3000787906,8018138,,ETN
ROBINHOOD MKTS INC,770700102,2936340308,20508034,,
COREWEAVE INC,21873S108,2857283486,20878944,,
ON SEMICONDUCTOR CORP,682189105,2774670689,56269939,,ON
MONOLITHIC PWR SYS INC,609839105,2766616624,3005101,,
GALLAGHER ARTHUR J & CO,363576109,2761848937,8916668,,
UNITEDHEALTH GROUP INC,91324P102,2746913306,7955150,,UNH
MORGAN STANLEY,617446448,2727934484,17161138,,MS-PQ
BANK NEW YORK MELLON CORP,064058100,2720705262,24969762,,
IMPERIAL OIL LTD,453038408,2672759596,29475666,,IMO
T-MOBILE US INC,872590104,2620845026,10948471,,
APOLLO GLOBAL MGMT INC,03769M106,2608495214,19573011,,
CHUBB LIMITED,H1467J104,2574854593,9122602,,
BOOKING HOLDINGS INC,09857L108,2563026547,474699,,BKNG
HOWMET AEROSPACE INC,443201108,2535957751,12923395,,HWM
WALMART INC,931142103,2526752611,24517296,,WMT
REDDIT INC,75734B100,2505356277,10893327,,
SPOTIFY TECHNOLOGY S A,L8681T102,2483021962,3557338,,
MERCADOLIBRE INC,58733R102,2476123473,1059558,,MELI
WESTERN DIGITAL CORP,958102105,2441906465,20339051,,WDC
WABTEC,929740108,2394916423,11946508,,
WELLTOWER INC,95040Q104,2349212596,13187452,,WELL
HOME DEPOT INC,437076102,2317103111,5718560,,
DISNEY WALT CO,254687106,2296590207,20057557,,
CADENCE DESIGN SYSTEM INC,127387108,2279938386,6490743,,
TRAVELERS COMPANIES INC,89417E109,2273254574,8141446,,
PURE STORAGE INC,74624M102,2225171005,26550185,,
TRANSDIGM GROUP INC,893641100,2183195018,1656420,,TDG
DANAHER CORPORATION,235851102,2166854781,10929359,,
MARSH & MCLENNAN COS INC,571748102,2162051725,10728188,,
CAPITAL ONE FINL CORP,14040H105,2157821311,10150632,,
LAM RESEARCH CORP,512807306,2155845907,16100418,,LRCX
THERMO FISHER SCIENTIFIC INC,883556102,2138606947,4409317,,TMO
SERVICENOW INC,81762P102,2124857868,2308925,,
PARKER-HANNIFIN CORP,701094104,2118867056,2794786,,PH
PROGRESSIVE CORP,743315103,2085330564,8444343,,
SCHWAB CHARLES CORP,808513105,2081832169,21806139,,SCHW-PJ
NRG ENERGY INC,629377508,2002099020,12362452,,
SNOWFLAKE INC,833445109,2000652489,8870106,,SNOW
SYNOPSYS INC,871607107,1987838591,4028940,,SNPS
CVS HEALTH CORP,126650100,1982829924,26300967,,CVS
HILTON WORLDWIDE HLDGS INC,43300A203,1980469817,7633633,,
SOMNIGROUP INTERNATIONAL INC,88023U101,1972985943,23396015,,SGI
CITIGROUP INC,172967424,1971164539,19420340,,C-PR
INSULET CORP,45784P101,1965060275,6364980,,PODD
BERKSHIRE HATHAWAY INC DEL,084670702,1950303671,3879349,,BRK-A
PROCTER AND GAMBLE CO,742718109,1946962152,12671410,,
DATADOG INC,23804L103,1922435677,13500251,,
MOODYS CORP,615369105,1915009281,4019076,,
OREILLY AUTOMOTIVE INC,67103H107,1913835050,17751925,,
CANADIAN NAT RES LTD,136385101,1854189450,57990109,,
CLOUDFLARE INC,18915M107,1850174560,8621905,,
US BANCORP DEL,902973304,1823016512,37720185,,
AXON ENTERPRISE INC,05464C101,1796281626,2503040,,
DEERE & CO,244199105,1782537868,3898303,,DE
GLOBALFOUNDRIES INC,G39387108,1753153203,48916105,,GFS
AMERICAN EXPRESS CO,025816109,1732502995,5215869,,AXP
CIENA CORP,171779309,1731235800,11884642,,CIEN
GOLDMAN SACHS GROUP INC,38141G104,1698157615,2132426,,GS-PD
KKR & CO INC,48251W104,1695762705,13049347,,
SHARKNINJA INC,G8068L108,1686966881,16354502,,
WHEATON PRECIOUS METALS CORP,962879102,1663638534,14867618,,WPM
ROYAL BK CDA,780087102,1644887190,11160245,,
ROKU INC,77543R102,1632086245,16299673,,
EMCOR GROUP INC,29084Q100,1630348802,2510005,,
NUTANIX INC,67059N108,1619307609,21767813,,
KLA CORP,482480100,1615856656,1498106,,KLAC
CELESTICA INC,15101Q207,1605810037,6520817,,CLS
STARBUCKS CORP,855244109,1602788851,18945495,,SBUX
VEEVA SYS INC,922475108,1600385659,5372044,,
QUANTA SVCS INC,74762E102,1574741193,3799868,,
CARVANA CO,146869102,1554650007,4121117,,CVNA
KEURIG DR PEPPER INC,49271V100,1540299300,60380216,,KDP
CIRCLE INTERNET GROUP INC,172573107,1521060775,11472777,,
PNC FINL SVCS GROUP INC,693475105,1441594232,7174610,,
NEXTERA ENERGY INC,65339F101,1434598834,19003827,,NEE-PS
COMCAST CORP NEW,20030N101,1432462493,45590786,,CCZ
ALIBABA GROUP HLDG LTD,01609W102,1424718327,7971344,,
THE CIGNA GROUP,125523100,1408210777,4885380,,
INTUITIVE SURGICAL INC,46120E602,1404319476,3140039,,ISRG
SANDISK CORP,80004C200,1394079278,12424949,,SNDK
STRYKER CORPORATION,863667101,1393500262,3769579,,SYK
MERCK & CO INC,58933Y105,1391825512,16583171,,
SALESFORCE INC,79466L302,1379874621,5822256,,
AMERICAN TOWER CORP NEW,03027X100,1368697172,7116770,,
COMFORT SYS USA INC,199908104,1360558817,1648802,,
VENTAS INC,92276F100,1331719653,19027285,,
PDD HOLDINGS INC,722304102,1322734891,10007830,,PDD
MCKESSON CORP,58155Q103,1318551918,1706775,,MCK
SEA LTD,81141R100,1310257021,7330929,,SE
TENET HEALTHCARE CORP,88033G407,1305631462,6430415,,THC
WASTE CONNECTIONS INC,94106B101,1300735768,7398967,,
DECKERS OUTDOOR CORP,243537107,1284886646,12675216,,DECK
CORTEVA INC,22052L104,1283225526,18974205,,
PENUMBRA INC,70975L107,1277721001,5043901,,PEN
M & T BK CORP,55261F104,1247348017,6311851,,
UBS GROUP AG,H42097107,1233253193,30183217,,UBS
JOHNSON & JOHNSON,478160104,1217787567,6567725,,JNJ
PG&E CORP,69331C108,1208110544,80113432,,PCG-PX
BLACKROCK INC,09290D101,1206752310,1035066,,
S&P GLOBAL INC,78409V104,1179710238,2423846,,SPGI
HARTFORD INSURANCE GROUP INC,416515104,1178029970,8831471,,
MARTIN MARIETTA MATLS INC,573284106,1174891492,1864079,,
INSMED INC,457669307,1155563170,8024187,,INSM
LIVE NATION ENTERTAINMENT IN,538034109,1152396311,7052609,,
CAMECO CORP,13321L108,1146251602,13662231,,CCJ
D R HORTON INC,23331A109,1142705870,6742821,,
CHENIERE ENERGY INC,16411R208,1130560206,4811304,,
EQUINIX INC,29444U700,1128069256,1440260,,EQIX
CINTAS CORP,172908105,1126899616,5490108,,CTAS
PROLOGIS INC.,74340W103,1116399069,9748507,,
NORTHERN TR CORP,665859104,1111550628,8258177,,
FLUTTER ENTMT PLC,G3643J108,1104960163,4324382,,
SEMPRA,816851109,1102625176,12254114,,SREA
GSK PLC,37733W204,1100821519,25505596,,GLAXF
NIKE INC,654106103,1099537751,15768504,,
CUMMINS INC,231021106,1094359862,2590998,,CMI
FLEX LTD,Y2573F102,1089793276,18799263,,FLEX
BUILDERS FIRSTSOURCE INC,12008R107,1075875665,8873201,,
INTUIT,461202103,1074590269,1573546,,
SHERWIN WILLIAMS CO,824348106,1060064817,3061471,,SHW
ISHARES TR,464288877,1046828036,15433112,,
COINBASE GLOBAL INC,19260Q107,1044032814,3093522,,
REPUBLIC SVCS INC,760759100,1039989477,4531940,,
CBOE GLOBAL MKTS INC,12503M108,1030114600,4200263,,
COHERENT CORP,19247G107,1025058242,9515951,,COHR
DICKS SPORTING GOODS INC,253393102,1018111325,4581547,,
MASIMO CORP,574795100,1017646153,6896958,,
CROWDSTRIKE HLDGS INC,22788C105,1012812517,2065363,,
PALO ALTO NETWORKS INC,697435105,1010539044,4962867,,PANW
UNITED RENTALS INC,911363109,1004898483,1052624,,
FIDELITY COVINGTON TRUST,316092352,1004423441,18718290,,
DOLLAR TREE INC,256746108,987332163,10462352,,
FIDELITY COVINGTON TRUST,31609A206,986040420,26970471,,
3M CO,88579Y101,985516787,6350798,,MMM
GFL ENVIRONMENTAL INC,36168Q104,983058625,20742575,,GFL
INTERNATIONAL BUSINESS MACHS,459200101,980843015,3476195,,
ON HLDG AG,H5919C104,973991853,22998627,,
CBRE GROUP INC,12504L109,963401372,6114505,,
MOTOROLA SOLUTIONS INC,620076307,951099355,2079860,,
CHEVRON CORP NEW,166764100,935685875,6025410,,CVX
EDWARDS LIFESCIENCES CORP,28176E108,931776056,11981176,,EW
MARRIOTT INTL INC NEW,571903202,930522584,3572886,,
ANGLOGOLD ASHANTI PLC,G0378L100,922099489,13113317,,AU
AIRBNB INC,009066101,916406462,7547410,,
ZSCALER INC,98980G102,911495000,3041764,,
UNITED AIRLS HLDGS INC,910047109,895461119,9279390,,
COUPANG INC,22266T109,890963471,27669673,,
SOUTHERN CO,842587107,890851954,9400147,,SOMN
VERIZON COMMUNICATIONS INC,92343V104,875778568,19926702,,VZ
NOVA LTD,M7516K103,874099486,2734576,,NVMI
PERFORMANCE FOOD GROUP CO,71377A103,872100734,8382360,,PFGC
HEICO CORP NEW,422806208,869465567,3421880,,HEI-A
AUTODESK INC,052769106,862650439,2715555,,
REINSURANCE GRP OF AMERICA I,759351604,855140117,4450841,,
NEWMONT CORP,651639106,854950685,10140561,,
REGENERON PHARMACEUTICALS,75886F107,841290269,1496239,,
BLUE OWL CAPITAL INC,09581B103,839216833,49569807,,OWL
ANALOG DEVICES INC,032654105,838473704,3412591,,ADI
IONIS PHARMACEUTICALS INC,462222100,835632295,12773346,,IONS
VERTIV HOLDINGS CO,92537N108,834059449,5528698,,VRT
WAYFAIR INC,94419L101,831479977,9307959,,W
AMDOCS LTD,G02602103,829652304,10111545,,DOX
ARES MANAGEMENT CORPORATION,03990B101,827483942,5175333,,ARES-PB
BEONE MEDICINES LTD,07725L102,826089498,2424683,,BEIGF
ABBOTT LABS,002824100,825640720,6164258,,
DUOLINGO INC,26603R106,824156608,2560765,,
CANADIAN PACIFIC KANSAS CITY,13646K108,822560652,11044447,,
ZILLOW GROUP INC,98954M200,817800070,10613888,,
VERTEX PHARMACEUTICALS INC,92532F100,816428096,2084640,,
BANK MONTREAL QUE,063671101,813765770,6244929,,
BROOKFIELD ASSET MANAGMT LTD,113004105,808977969,14210521,,
STATE STR CORP,857477103,806263783,6949951,,
GALAXY DIGITAL INC.,36317J209,803466520,23764168,,GLXY
ALLISON TRANSMISSION HLDGS I,01973R101,799166084,9415246,,
DRAFTKINGS INC NEW,26142V105,796061221,21285059,,DKNG
TD SYNNEX CORPORATION,87162W100,791973437,4836479,,SNX
PULTE GROUP INC,745867101,791339785,5989100,,
CONOCOPHILLIPS,20825C104,789500066,8346549,,COP
RAYMOND JAMES FINL INC,754730109,789337544,4573219,,
EXELON CORP,30161N101,786721052,17478806,,EXC
CYBERARK SOFTWARE LTD,M2682V108,785507203,1625804,,
ASCENDIS PHARMA A/S,04351P101,785378626,3950398,,ASND
NORTHROP GRUMMAN CORP,666807102,777811180,1276523,,
OKTA INC,679295105,774385935,8444776,,
LEGEND BIOTECH CORP,52490G102,770483807,23627225,,LEGN
PUBLIC STORAGE OPER CO,74460D109,769853629,2665237,,
DELTA AIR LINES INC DEL,247361702,769411915,13557919,,
EXACT SCIENCES CORP,30063P105,767921596,14036220,,
NU HLDGS LTD,G6683N103,765390486,47807026,,
ELANCO ANIMAL HEALTH INC,28414H103,764812553,37974804,,ELAN
ROSS STORES INC,778296103,755064824,4954819,,
FTAI AVIATION LTD,G3730V105,754481351,4521643,,FTAIM
TOAST INC,888787108,753609591,20641183,,
UNITED PARCEL SERVICE INC,911312106,751749625,8999756,,UPS
ENTERGY CORP NEW,29364G103,748534733,8032351,,
AUTOZONE INC,053332102,748350124,174431,,AZO
CENCORA INC,03073E105,746808818,2389559,,
FIRST SOLAR INC,336433107,744871886,3377644,,
ADOBE INC,00724F101,744576129,2110776,,ADBE
ITT INC,45073V108,741242179,4146577,,ITT
WATSCO INC,942622200,736723053,1822219,,WSO-B
ADVANCED MICRO DEVICES INC,007903107,734475143,4539682,,AMD
CATERPILLAR INC,149123101,732911182,1536018,,CAT
AMERICAN FINL GROUP INC OHIO,025932104,725925253,4981645,,
MCDONALDS CORP,580135101,717134460,2359849,,MCD
ALLEGRO MICROSYSTEMS INC,01749D105,714915893,24483421,,
GENERAL DYNAMICS CORP,369550108,714899674,2096480,,GD
LUMENTUM HLDGS INC,55024U109,713721232,4386462,,
VERISK ANALYTICS INC,92345Y106,709117608,2819441,,
FIDELITY COVINGTON TRUST,316092527,706564383,16054633,,
FERGUSON ENTERPRISES INC,31488V107,701895159,3129753,,
WILLIAMS SONOMA INC,969904101,700418214,3583618,,WSM
KBR INC,48242W106,699954329,14801318,,
CHIPOTLE MEXICAN GRILL INC,169656105,697143387,17788808,,CMG
MOSAIC CO NEW,61945C103,696478581,20083004,,MOS
TARGET CORP,87612E106,682641227,7610270,,TGT
VALERO ENERGY CORP,91913Y100,680275223,3995509,,
FABRINET,G3323L100,678468488,1860755,,FN
PRIMERICA INC,74164M108,676026308,2435341,,
JONES LANG LASALLE INC,48020Q107,675971651,2266232,,JLL
AFFIRM HLDGS INC,00827B106,672232446,9198583,,
TWILIO INC,90138F102,669501206,6688992,,TWLO
DOORDASH INC,25809K105,667902098,2455613,,
VIKING HOLDINGS LTD,G93A5A101,665213383,10701631,,VIK
ISHARES INC,464286608,664794138,10732873,,
SANMINA CORPORATION,801056102,662146447,5752293,,SANM
BROWN & BROWN INC,115236101,661952459,7057815,,
AT&T INC,00206R102,660846694,23401087,,T-PC
BROOKFIELD CORP,11271J107,659713794,9618216,,
LIBERTY MEDIA CORP DEL,531229755,659704529,6315984,,FWONB
HUNTINGTON INGALLS INDS INC,446413106,657170353,2282554,,
BRIGHTSPRING HEALTH SVCS INC,10950A106,656197770,22198842,,
ACCENTURE PLC IRELAND,G1151C101,656099214,2660580,,
DUKE ENERGY CORP NEW,26441C204,655672156,5298361,,DUK-PA
ASTRAZENECA PLC,046353108,640986107,8354877,,AZN
ANTERO RESOURCES CORP,03674X106,640932432,19098106,,AR
SNAP INC,83304A106,640588596,83085421,,SNAP
TAPESTRY INC,876030107,639441685,5647780,,
HUBSPOT INC,443573100,639362770,1366744,,HUBS
CME GROUP INC,12572Q105,637902995,2360942,,CME
EAST WEST BANCORP INC,27579R104,634226167,5957973,,EWBC
TOPBUILD CORP,89055F103,633239321,1620118,,
NUVALENT INC,670703107,632704803,7316198,,
ROYAL CARIBBEAN GROUP,V7780T103,629582335,1945678,,
MACOM TECH SOLUTIONS HLDGS I,55405Y100,629344132,5055379,,
AMER SPORTS INC,G0260P102,629130777,18104483,,
SCHWAB STRATEGIC TR,808524730,628492482,17380876,,
CARPENTER TECHNOLOGY CORP,144285103,626325662,2550809,,CRS
ZOOM COMMUNICATIONS INC,98980L101,624312893,7567429,,
KENVUE INC,49177J102,614947028,37889527,,KVUE
IES HLDGS INC,44951W106,614691347,1545810,,
RTX CORPORATION,75513E101,613860628,3668563,,RTX
US FOODS HLDG CORP,912008109,613547292,8007665,,
TORONTO DOMINION BK ONT,891160509,613076000,7667307,,
FIDELITY COVINGTON TRUST,316092824,611734002,9286990,,
EAGLE MATLS INC,26969P108,608248666,2610061,,
INTERCONTINENTAL HOTELS GROU,45857P806,606741378,5003640,,
INTERCONTINENTAL EXCHANGE IN,45866F104,604758492,3589498,,
AVIDITY BIOSCIENCES INC,05370A108,604374240,13871339,,
FIDELITY MERRIMACK STR TR,316188309,602826023,13036895,,
ROYALTY PHARMA PLC,G7709Q104,600799268,17029458,,RPRX
DOXIMITY INC,26622P107,599164189,8190898,,
J P MORGAN EXCHANGE TRADED F,46641Q837,597746500,11782900,,
IMPINJ INC,453204109,593964021,3286108,,PI
BJS WHSL CLUB HLDGS INC,05550J101,590480821,6332234,,
FERRARI N V,N3167Y103,586275160,1210920,,
KRYSTAL BIOTECH INC,501147102,586218000,3320784,,
LAUDER ESTEE COS INC,518439104,584803798,6636448,,
OVINTIV INC,69047Q102,575496603,14252021,,OVV
FIRSTCASH HOLDINGS INC,33768G107,572399659,3613178,,
OLLIES BARGAIN OUTLET HLDGS,681116109,568430138,4427026,,
BRITISH AMERN TOB PLC,110448107,568041402,10701609,,
SAP SE,803054204,565312473,2115611,,SAPGF
SSGA ACTIVE ETF TR,78467V848,560576891,13817523,,
FIDELITY COVINGTON TRUST,316092295,557060434,19070881,,
MONGODB INC,60937P106,552517060,1780131,,
OLD NATL BANCORP IND,680033107,551898179,25143425,,
SPDR SERIES TRUST,78464A664,550259105,20417778,,
CSX CORP,126408103,547996926,15432186,,CSX
MANHATTAN ASSOCIATES INC,562750109,540564237,2637156,,MANH
AMGEN INC,031162100,539598440,1912113,,AMGN
AMETEK INC,031100100,536086766,2851525,,
IQVIA HLDGS INC,46266C105,533589135,2809251,,
BAKER HUGHES COMPANY,05722G100,529842973,10875266,,
KYNDRYL HLDGS INC,50155Q100,527009923,17549448,,
NUTRIEN LTD,67077M108,525374274,8947231,,NTR
STIFEL FINL CORP,860630102,518483780,4569347,,
GENPACT LIMITED,G3922B107,518437731,12376169,,
EVERGY INC,30034W106,518239324,6817144,,
CYTOKINETICS INC,23282W605,517765189,9420764,,CYTK
MAKEMYTRIP LIMITED MAURITIUS,V5633W109,516282530,5515839,,
BELDEN INC,077454106,514428586,4277281,,BDC
ROIVANT SCIENCES LTD,G76279101,512932358,33901676,,ROIV
NORFOLK SOUTHN CORP,655844108,511124131,1701422,,
ASML HOLDING N V,N07059210,511097733,527944,,
TRANSMEDICS GROUP INC,89377M109,508770227,4534494,,
GEN DIGITAL INC,668771108,506680224,17847137,,GENVR
THOMSON REUTERS CORP,884903808,506353497,3260954,,
WINTRUST FINL CORP,97650W108,503569891,3802249,,
NNN REIT INC,637417106,501630021,11783651,,
CARNIVAL CORP,143658300,500981217,17328994,,CCL
SITIME CORP,82982T106,500418661,1660810,,SITM
MONDELEZ INTL INC,609207105,499476566,7995463,,
QUALCOMM INC,747525103,495928483,2981056,,
STERLING INFRASTRUCTURE INC,859241101,490790045,1444860,,
WARNER BROS DISCOVERY INC,934423104,490594596,25120051,,
CARDINAL HEALTH INC,14149Y108,490585785,3125546,,CAH
ENERGY TRANSFER L P,29273V100,489930716,28550741,,
CORE NATURAL RESOURCES INC,218937100,489451671,5863101,,
ECOLAB INC,278865100,484656622,1769724,,ECL
FIRST AMERN FINL CORP,31847R102,483989042,7534076,,
KEYCORP,493267108,479384395,25649245,,
LOCKHEED MARTIN CORP,539830109,475090594,951685,,LMT
TECHNIPFMC PLC,G87110105,474882308,12037574,,FTI
IRON MTN INC DEL,46284V101,473099917,4640964,,
CHORD ENERGY CORPORATION,674215207,472623871,4756203,,CHRD
CRINETICS PHARMACEUTICALS IN,22663K107,472554777,11345853,,
CASEYS GEN STORES INC,147528103,472026568,834972,,
COMPASS INC,20464U100,468882926,58391398,,
RB GLOBAL INC,74935Q107,466960218,4310001,,RBA
CENOVUS ENERGY INC,15135U109,464698583,27367369,,CVE
EVERSOURCE ENERGY,30040W108,459795058,6463242,,ES
RESTAURANT BRANDS INTL INC,76131D103,457190172,7126887,,
HCA HEALTHCARE INC,40412C101,455623234,1069036,,
ALASKA AIR GROUP INC,011659109,455425024,9148755,,
ALCON AG,H01301128,449077464,6032070,,
RYANAIR HOLDINGS PLC,783513203,448554054,7448590,,RYAOF
MARATHON PETE CORP,56585A102,445141103,2309542,,
TALEN ENERGY CORP,87422Q109,444733939,1045498,,TLN
CROWN HLDGS INC,228368106,442157465,4577673,,
B2GOLD CORP,11777Q209,441573708,89322402,,BTG
FREEPORT-MCMORAN INC,35671D857,441502446,11257074,,FCX
BLACKSTONE INC,09260D107,440512732,2578360,,BX
SS&C TECHNOLOGIES HLDGS INC,78467J100,440355582,4961194,,
SOLENO THERAPEUTICS INC,834203309,435352720,6440129,,
VONTIER CORPORATION,928881101,435030048,10365262,,VNT
ACUITY INC,00508Y102,434613293,1261980,,
GRAINGER W W INC,384802104,434473126,455920,,
LAZARD INC,52110M109,434426533,8230893,,
FIDELITY COVINGTON TRUST,316092790,430059515,5755615,,
HUMANA INC,444859102,426028742,1637501,,HUM
TAKE-TWO INTERACTIVE SOFTWAR,874054109,425491728,1646895,,
RANGE RES CORP,75281A109,424085702,11266889,,
RH,74967X103,419594474,2065340,,RH
VALE S A,91912E105,419168519,38597470,,
SUN CMNTYS INC,866674104,418763620,3246230,,
ALAMOS GOLD INC NEW,011532108,418644759,12010450,,AGI
SLM CORP,78442P106,418519752,15119933,,SLMBP
WOODWARD INC,980745103,418067534,1654337,,
APPLIED MATLS INC,038222105,416470976,2034146,,
LAUREATE EDUCATION INC,518613203,415323136,13168140,,
CREDICORP LTD,G2519Y108,414476536,1556544,,BAP
MAXIMUS INC,577933104,411901168,4508057,,
NEXTRACKER INC,65290E101,411750577,5564949,,
WILLIS TOWERS WATSON PLC LTD,G96629103,410569831,1188507,,WTW
CONSTELLATION BRANDS INC,21036P108,410536408,3048462,,
CONSTRUCTION PARTNERS INC,21044C107,407785443,3210909,,
REGAL REXNORD CORPORATION,758750103,407302856,2839535,,RRX
CRANE NXT CO,224441105,407272106,6072344,,
GARMIN LTD,H2906T109,407094053,1653375,,GRMN
FIDELITY GREENWOOD STREET TR,31624J745,405593895,13220140,,
LULULEMON ATHLETICA INC,550021109,405455852,2278738,,LULU
HUNTINGTON BANCSHARES INC,446150104,404642967,23430398,,
SMURFIT WESTROCK PLC,G8267P108,403288589,9475560,,SW
ISHARES TR,464287598,401371232,1971468,,
ECHOSTAR CORP,278768AB2,398704916,162075169,,ECHO
AMEREN CORP,023608102,397557942,3808756,,AEE
SAMSARA INC,79589L106,395235314,10610344,,IOT
TECNOGLASS INC,G87264100,388602441,5807838,,
PAYCOM SOFTWARE INC,70432V102,388153209,1864866,,
PHILLIPS 66,718546104,387306652,2847424,,PSX
PRIMO BRANDS CORPORATION,741623102,386382831,17483386,,PRMB
PVH CORPORATION,693656100,383391847,4576720,,
FUTU HLDGS LTD,36118L106,383031754,2202471,,
BIONTECH SE,09075V102,381793720,3871362,,BNTX
DIGITAL RLTY TR INC,253868103,380007647,2198101,,
BRINKS CO,109696104,379811481,3250141,,BCO
PEPSICO INC,713448108,378154638,2692642,,PEP
SERVICE CORP INTL,817565104,377252141,4533191,,
ATI INC,01741R102,375590785,4617541,,ATI
TERRENO RLTY CORP,88146M101,375502208,6616779,,
LENNAR CORP,526057104,375348473,2978010,,
INSIGHT ENTERPRISES INC,45765U103,374833999,3305123,,NSIT
INVESCO EXCHANGE TRADED FD T,46137V241,374628746,5111594,,
LEIDOS HOLDINGS INC,525327102,374139043,1979990,,
DIAMONDBACK ENERGY INC,25278X109,374083778,2614142,,
CENTERPOINT ENERGY INC,15189T107,371160236,9565985,,CNP
FIDELITY MERRIMACK STR TR,316188861,371000508,7340861,,
PACCAR INC,693718108,369005024,3753103,,PCAR
TEREX CORP NEW,880779103,368058066,7174621,,TEX
ORLA MNG LTD NEW,68634K106,367108210,34037608,,
ADVANCED ENERGY INDS,007973100,366777433,2155739,,
PATRICK INDS INC,703343103,366187502,3540438,,
KROGER CO,501044101,365003316,5414676,,KR
SIGNET JEWELERS LIMITED,G81276100,361873739,3772662,,
INVITATION HOMES INC,46187W107,360545962,12292737,,INVH
UNUM GROUP,91529Y106,359501439,4622029,,UNMA
ARCELLX INC,03940C100,358258128,4363680,,
XCEL ENERGY INC,98389B100,358043175,4439469,,XELLL
LAMAR ADVERTISING CO NEW,512816109,357616250,2921224,,
INGERSOLL RAND INC,45687V106,356652364,4316780,,IR
KNIGHT-SWIFT TRANSN HLDGS IN,499049104,355895416,9007730,,
TOTALENERGIES SE,89151E109,354853648,5944943,,TTE
BATH & BODY WORKS INC,070830104,354455691,13759926,,
DELL TECHNOLOGIES INC,24703L202,354140806,2497995,,DELL
DOMINOS PIZZA INC,25754A201,349869467,810427,,DPZ
ELEMENT SOLUTIONS INC,28618M106,349529498,13886750,,ESI
SOUTHWEST GAS HLDGS INC,844895102,348365446,4446840,,
BOEING CO,097023204,348348846,5015100,,BA-PA
COGNIZANT TECHNOLOGY SOLUTIO,192446102,348048508,5189332,,
ACADEMY SPORTS & OUTDOORS IN,00402L107,346289460,6923020,,
KB HOME,48666K109,345104217,5422756,,KBH
RIOT PLATFORMS INC,767292105,343763458,18064291,,
SILICON LABORATORIES INC,826919102,343027294,2615933,,SLAB
AMRIZE LTD,H2927K103,342843943,7109167,,AMRZ
MOLINA HEALTHCARE INC,60855R100,338631039,1769602,,
KARMAN HLDGS INC,485924104,338194475,4684134,,
WYNDHAM HOTELS & RESORTS INC,98311A105,337645532,4225851,,
CORNING INC,219350105,336349056,4100318,,
VAXCYTE INC,92243G108,336303323,9336572,,
RALPH LAUREN CORP,751212101,335661224,1070485,,RL
APTIV PLC,G3265R107,335509794,3891322,,APTV
AMERICA MOVIL SAB DE CV,02390A101,335353334,15969206,,
SCHOLAR ROCK HLDG CORP,80706P103,333491201,8955188,,
SYNOVUS FINL CORP,87161C501,332799382,6780754,,
CEMEX SAB DE CV,151290889,332275219,36960536,,CXMSF
BARRICK MNG CORP,06849F108,330945809,10076491,,
JOHNSON CTLS INTL PLC,G51502105,330512079,3006021,,
BLOCK H & R INC,093671105,330278550,6531116,,
TRIP COM GROUP LTD,89677Q107,328939015,4374189,,
WEBSTER FINL CORP,947890109,327485404,5509512,,
ONEMAIN HLDGS INC,68268W103,326559954,5783917,,
BUNGE GLOBAL SA,H11356104,326486363,4018294,,BG
EQUIFAX INC,294429105,324662108,1265591,,EFX
GENERAL MTRS CO,37045V100,324592818,5323812,,
CAMDEN PPTY TR,133131102,324564896,3039566,,
FASTENAL CO,311900104,324168675,6610291,,FAST
FIDELITY COVINGTON TRUST,31609A503,323393309,8945873,,
HALEON PLC,405552100,323304677,36042885,,HLNCF
RBC BEARINGS INC,75524B104,322246451,825659,,RBC
GATES INDL CORP PLC,G39108108,322047740,12975332,,
VANGUARD SCOTTSDALE FDS,92206C706,319920241,5329339,,
UDR INC,902653104,319386420,8571831,,
INTERACTIVE BROKERS GROUP IN,45841N107,319301021,4640329,,
CRANE COMPANY,224408104,319204849,1733490,,
MONDAY COM LTD,M7S64H106,318370771,1643713,,
KIMCO RLTY CORP,49446R109,318182858,14562145,,
ALBERTSONS COS INC,013091103,316162784,18056127,,
DUTCH BROS INC,26701L100,316106959,6039491,,BROS
CARETRUST REIT INC,14174T107,315937089,9110066,,
ECHOSTAR CORP,278768106,315689574,4134227,,ECHO
BRINKER INTL INC,109641100,315593450,2491265,,
FEDEX CORP,31428X106,315241086,1336843,,FDX
FIGMA INC,316841105,312767956,6029843,,
CROCS INC,227046109,312640674,3741959,,
MKS INC.,55306N104,312548336,2525235,,MKSI
SIMPSON MFG INC,829073105,311794124,1861902,,
TEXTRON INC,883203101,310375409,3673516,,TXT
NVENT ELECTRIC PLC,G6700G107,309571454,3138397,,NVT
TARGA RES CORP,87612G101,309309987,1846186,,
METSERA INC,59267L107,307401020,5874279,,
DOVER CORP,260003108,306634942,1838009,,DOV
SELECTIVE INS GROUP INC,816300107,305569855,3769210,,
ESSENT GROUP LTD,G3198U102,304201171,4786047,,ESNT
REPLIGEN CORP,759916109,304058748,2274697,,RGEN
EXLSERVICE HOLDINGS INC,302081104,303076278,6883404,,
F N B CORP,302520101,303003141,18808389,,
LPL FINL HLDGS INC,50212V100,301865970,907349,,
ISHARES TR,46435G516,301484610,3242467,,
TRANSALTA CORP,89346D107,300416860,21993169,,TRNTF
NISOURCE INC,65473P105,299513917,6917181,,NI
SILGAN HLDGS INC,827048109,299026502,6952488,,
TE CONNECTIVITY PLC,G87052109,297930944,1357131,,TEL
UNIQURE NV,N90064101,297145326,5090720,,
COGENT BIOSCIENCES INC,19240Q201,296693080,20661078,,
ENSIGN GROUP INC,29358P101,296427270,1715733,,
FIDELITY COVINGTON TRUST,31609A404,296128889,8393676,,
UNIVERSAL HLTH SVCS INC,913903100,295642760,1446110,,
SOUTH BOW CORP,83671M105,295281786,10435474,,SOBO
PPL CORP,69351T106,294337948,7920827,,PPLC
NOVO-NORDISK A S,670100205,292706686,5274945,,
SUNCOR ENERGY INC NEW,867224107,290786031,6948608,,SU
PENNYMAC FINL SVCS INC NEW,70932M107,290430094,2344447,,
FERROVIAL SE,N3168P101,290148380,5066310,,
BITMINE IMMERSION TECNOLOGIE,09175A206,289194223,5568924,,
DHT HOLDINGS INC,Y2065G121,287796295,24083372,,
FULL TRUCK ALLIANCE CO LTD,35969L108,287339300,22154148,,
LYFT INC,55087P104,286043980,12996092,,
REV GROUP INC,749527107,284483853,5020008,,
MONSTER BEVERAGE CORP NEW,61174X109,282646671,4199178,,MNST
LABCORP HOLDINGS INC,504922105,282439228,983903,,LH
TEVA PHARMACEUTICAL INDS LTD,881624209,282033971,13962078,,
PAN AMERN SILVER CORP,697900108,281021137,7253875,,
JABIL INC,466313103,280904308,1293477,,JBL
MURPHY USA INC,626755102,280451275,722329,,MUSA
FIRSTENERGY CORP,337932107,279953854,6109862,,FE
OUTFRONT MEDIA INC,69007J304,279730352,15269124,,OUT
HOULIHAN LOKEY INC,441593100,279351588,1360567,,
REVOLUTION MEDICINES INC,76155X100,278801662,5970057,,
ATLASSIAN CORPORATION,049468101,278778725,1745640,,TEAM
HANCOCK WHITNEY CORPORATION,410120109,278459368,4447522,,HWCPZ
TOLL BROTHERS INC,889478103,278312918,2014716,,
SILICON MOTION TECHNOLOGY CO,82706C108,277982067,2931991,,
STRATEGY INC,594972408,277844048,862307,,STRD
BURLINGTON STORES INC,122017106,277317452,1089656,,
CUBESMART,229663109,276960820,6811629,,CUBE
MAGNITE INC,55955D100,275807436,12663335,,
MARKETAXESS HLDGS INC,57060D108,274490275,1575267,,
CAPRI HOLDINGS LIMITED,G1890L107,274297663,13769963,,
PRIVIA HEALTH GROUP INC,74276R102,272984477,10963232,,
ISHARES TR,464287473,272434293,1950557,,
UNION PAC CORP,907818108,272252289,1151805,,
UGI CORP NEW,902681105,270696238,8138792,,
SEAGATE TECHNOLOGY HLDNGS PL,G7997R103,270439139,1145637,,
IAMGOLD CORP,450913108,268367784,20772335,,IAG
CACTUS INC,127203107,267664823,6781475,,
EXPAND ENERGY CORPORATION,165167735,265107175,2495361,,EXE
ENTERPRISE PRODS PARTNERS L,293792107,264110391,8446127,,
OR ROYALTIES INC.,68390D106,263908980,6584477,,OR
BRUKER CORP,116794108,263883098,8121979,,BRKRP
MACERICH CO,554382101,263400355,14472547,,MAC
VANGUARD MALVERN FDS,922020805,263269735,5199876,,
VULCAN MATLS CO,929160109,262809668,854332,,
EASTERN BANKSHARES INC,27627N105,261384285,14401338,,
DISC MEDICINE INC,254604101,260225881,3938043,,
FIRST HORIZON CORPORATION,320517105,259924492,11495997,,FHN-PH
PAYPAL HLDGS INC,70450Y103,258903580,3860776,,
ISHARES TR,46432F842,257502228,2949287,,
SPIRIT AEROSYSTEMS HLDGS INC,848574109,257220634,6663747,,
POPULAR INC,733174700,256970442,2023230,,
EQUITY RESIDENTIAL,29476L107,255980024,3954581,,EQR
BROOKFIELD INFRASTRUCTURE CO,11276H106,255510259,6213775,,
ICON PLC,G4705A100,253957480,1451186,,ICLR
VANECK ETF TRUST,92189H409,251595374,4942935,,
YUM BRANDS INC,988498101,251063434,1651733,,YUM
XENON PHARMACEUTICALS INC,98420N105,251023662,6252146,,XENE
HEALTHEQUITY INC,42226A107,249249933,2630051,,
UNITY SOFTWARE INC,91332U101,248021374,6194340,,U
PETROLEO BRASILEIRO SA PETRO,71654V408,248005953,19589728,,
INTEL CORP,458140100,247233977,7369120,,INTC
HDFC BANK LTD,40415F101,246720561,7222499,,HDB
URBAN OUTFITTERS INC,917047102,246049421,3444623,,URBN
AMERICAN ELEC PWR CO INC,025537101,245764811,2184577,,
INTERNATIONAL PAPER CO,460146103,244593207,5271405,,
BLOCK INC,852234103,242821568,3359922,,
CADENCE BANK,12740C103,241923001,6444406,,
ROCKET COS INC,77311W101,241757748,12474600,,
ACADIA RLTY TR,004239109,241563741,11988275,,
AMERIPRISE FINL INC,03076C106,240988665,490562,,
L3HARRIS TECHNOLOGIES INC,502431109,239938890,785629,,
VOYA FINANCIAL INC,929089100,239782180,3205644,,
ERO COPPER CORP,296006109,239778141,11837504,,ERO
CORE & MAIN INC,21874C102,239777876,4454354,,
CARIS LIFE SCIENCES INC,142152107,239315313,7911250,,
CORPAY INC,219948106,238492652,827927,,
STAG INDL INC,85254J102,238419320,6756002,,
ASSOCIATED BANC CORP,045487105,238083193,9260334,,
FIVE BELOW INC,33829M101,237889616,1537748,,
DYCOM INDS INC,267475101,237567622,814257,,
KILROY RLTY CORP,49427F108,237356316,5617901,,
XPO INC,983793100,235578546,1822376,,
OSI SYSTEMS INC,671044105,235255642,943892,,OSIS
VIRIDIAN THERAPEUTICS INC,92790C104,235230200,10900380,,
DEUTSCHE BANK A G,D18190898,234958161,6682005,,
PGIM ETF TR,69344A107,230591492,4627564,,
NOKIA CORP,654902204,230057209,47828942,,NOKBF
ISHARES TR,46434V878,230000845,4532036,,
BANCORP INC DEL,05969A105,228283218,3048247,,
WARBY PARKER INC,93403J106,228035549,8268149,,WRBY
AES CORP,00130H105,228006616,17325730,,AES
TRUIST FINL CORP,89832Q109,227523284,4976450,,
AECOM,00766T100,226942522,1739423,,ACM
RUSH ENTERPRISES INC,781846209,226845780,4242487,,
EVERCORE INC,29977A105,226584343,671719,,EVR
ZOOMINFO TECHNOLOGIES INC,98980F104,226523195,20762896,,GTM
CELSIUS HLDGS INC,15118V207,226319520,3936676,,
SCIENCE APPLICATIONS INTL CO,808625107,225582917,2270131,,
KODIAK GAS SVCS INC,50012A108,225224309,6092083,,
CHEESECAKE FACTORY INC,163072101,224458989,4107961,,CAKE
AMERICAN EAGLE OUTFITTERS IN,02553E106,224184545,13102545,,
AIR PRODS & CHEMS INC,009158106,223113413,818104,,
AUTOLIV INC,052800109,221875531,1796563,,ALV
CREDO TECHNOLOGY GROUP HOLDI,G25457105,220523142,1514478,,
WEATHERFORD INTL PLC,G48833118,219500927,3207671,,
FOMENTO ECONOMICO MEXICANO S,344419106,218037534,2210661,,
BROWN FORMAN CORP,115637209,216342862,7989027,,BF-B
CACI INTL INC,127190304,216311908,433682,,
HERC HLDGS INC,42704L104,215856698,1850306,,
SUN LIFE FINANCIAL INC.,866796105,215567592,3589870,,SLFQF
ISHARES TR,46435U853,215368668,5700600,,
OCULAR THERAPEUTIX INC,67576A100,215175480,18406799,,
ELEVANCE HEALTH INC FORMERLY,036752103,215174768,665928,,
U HAUL HOLDING COMPANY,023586506,214821210,4220456,,
BRADY CORP,104674106,214558246,2749689,,BRC
FLOWSERVE CORP,34354P105,213193452,4011920,,FLS
UMB FINL CORP,902788108,213192715,1801375,,
FAIR ISAAC CORP,303250104,212570114,142042,,FICO
RHYTHM PHARMACEUTICALS INC,76243J105,212371871,2102900,,
FORTINET INC,34959E109,212231487,2524161,,
TFI INTL INC,87241L109,212029567,2408927,,
ADTALEM GLOBAL ED INC,00737L103,211743382,1370951,,
PENTAIR PLC,G7S00T104,211545038,1909941,,PNR
KINROSS GOLD CORP,496902404,210914866,8498133,,KGCRF
CROWN CASTLE INC,22822V101,210669882,2183334,,CCI
FIRST CTZNS BANCSHARES INC D,31946M103,208752950,116677,,
BALL CORP,058498106,207758681,4120561,,BALL
C H ROBINSON WORLDWIDE INC,12541W209,207563540,1567700,,
THE BALDWIN INSURANCE GRP IN,05589G102,207532592,7356703,,
SOUTHSTATE BK CORP,84472E102,207401989,2097724,,
GROUP 1 AUTOMOTIVE INC,398905109,205553573,469826,,GPI
J P MORGAN EXCHANGE TRADED F,46641Q134,202957167,2759820,,
OMNICOM GROUP INC,681919106,201870471,2476027,,OMC
SPORTRADAR GROUP AG,H8088L103,201484685,7490137,,SRAD
PROCEPT BIOROBOTICS CORP,74276L105,200764958,5625244,,PRCT
WOLVERINE WORLD WIDE INC,978097103,200669598,7313032,,
DIODES INC,254543101,200470963,3767543,,
SIMON PPTY GROUP INC NEW,828806109,199809002,1064683,,
URBAN EDGE PPTYS,91704F104,199760077,9758675,,
FIDELITY COVINGTON TRUST,31609A107,199685434,5955426,,
GODADDY INC,380237107,199418231,1457416,,GDDY
WESTERN ALLIANCE BANCORP,957638109,199035435,2295150,,WAL-PA
IDEAYA BIOSCIENCES INC,45166A102,198833919,7307384,,
CHEWY INC,16679L109,198533050,4908110,,
MADDEN STEVEN LTD,556269108,198189246,5919631,,
ELECTRONIC ARTS INC,285512109,197948564,981401,,EA
KYMERA THERAPEUTICS INC,501575104,197512605,3489622,,
VERACYTE INC,92337F107,197318816,5747708,,
EVERTEC INC,30040P103,196372531,5813278,,
CF INDS HLDGS INC,125269100,196284400,2188232,,
GRAND CANYON ED INC,38526M106,195439754,890305,,
CHARTER COMMUNICATIONS INC N,16119P108,195362790,710139,,
FLOOR & DECOR HLDGS INC,339750101,195228942,2648968,,
ISHARES TR,464288638,194555624,3596887,,
AXALTA COATING SYS LTD,G0750C108,194445139,6794030,,
TRIPLE FLAG PRECIOUS METAL,89679M104,194049707,6629251,,
MODERNA INC,60770K107,193609953,7495546,,
PELOTON INTERACTIVE INC,70614W100,193459257,21495473,,
ABERCROMBIE & FITCH CO,002896207,193055809,2256643,,
BOOT BARN HLDGS INC,099406100,191954636,1158307,,
STANTEC INC,85472N109,191601740,1776615,,STN
BLUE BIRD CORP,095306106,191597704,3329239,,BLBD
BRP INC,05577W200,190459634,3132388,,DOO
TERADYNE INC,880770102,189928343,1379892,,
ISHARES INC,464286103,188846157,6994302,,
FEDERATED HERMES INC,314211103,188746699,3634637,,
GRANITE CONSTR INC,387328107,188663351,1720596,,
MIRION TECHNOLOGIES INC,60471A101,187839945,8075664,,
BLUE OWL CAPITAL CORPORATION,69121K104,187726534,14700590,,OBDC
FRONTLINE PLC,M46528101,187443260,8224803,,FRO
FIRST BANCORP P R,318672706,186860300,8474390,,
APOGEE THERAPEUTICS INC,03770N101,186272794,4688467,,
COMERICA INC,200340107,186173275,2717065,,
ISHARES TR,46429B267,184170620,7965857,,
ENPRO INC,29355X107,183197182,810607,,NPO
ASSURANT INC,04621X108,182164332,841017,,
MERUS N V,N5749R100,182099563,1934143,,
UNILEVER PLC,904767704,180857598,3050904,,UNLYF
UNITED CMNTY BKS BLAIRSVLE G,90984P303,180793851,5766949,,
LIFESTANCE HEALTH GROUP INC,53228F101,180792733,32871406,,
HENRY SCHEIN INC,806407102,180179418,2714772,,HSIC
FEDERAL SIGNAL CORP,313855108,177604268,1492598,,
APTARGROUP INC,038336103,177483258,1327871,,
LEONARDO DRS INC,52661A108,177288498,3905033,,
MORGAN STANLEY ETF TRUST,61774R841,176998682,3440208,,
WAYSTAR HLDG CORP,946784105,176920197,4665617,,
KLAVIYO INC,49845K101,176268171,6365770,,
TEXAS ROADHOUSE INC,882681109,175854353,1058407,,
TIMKEN CO,887389104,175666630,2336614,,TKR
FISERV INC,337738108,175123077,1358280,,FISV
BWX TECHNOLOGIES INC,05605H100,174777017,947969,,
EMERSON ELEC CO,291011104,174776550,1332341,,
ROCKET LAB CORP,773121108,174524296,3642753,,RKLB
RELIANCE INC,759509102,173575439,618080,,
PONY AI INC,732908108,173188743,7700700,,PYAIF
TENCENT MUSIC ENTMT GROUP,88034P109,172601191,7395081,,
ENTEGRIS INC,29362U104,172367487,1864238,,ENTG
COMMVAULT SYS INC,204166102,172340282,912916,,
ISHARES TR,46429B291,172290812,3554587,,
V2X INC,92242T101,171930890,2959733,,
BLOOM ENERGY CORP,093712107,171918801,2032858,,BE
TANGER INC,875465106,171214529,5059531,,SKT
CAVA GROUP INC,148929102,170955165,2829915,,
SBA COMMUNICATIONS CORP NEW,78410G104,170700054,882855,,SBAC
TAL EDUCATION GROUP,874080104,170562325,15228779,,TAL
INTERNATIONAL SEAWAYS INC,Y41053102,169298104,3674004,,
SCHLUMBERGER LTD,806857108,168873191,4913390,,
HILTON GRAND VACATIONS INC,43283X105,168298086,4025307,,HGV
DIANTHUS THERAPEUTICS INC,252828108,167661654,4260779,,
AMERICAN HOMES 4 RENT,02665T306,166286531,5001099,,AMH-PH
BAXTER INTL INC,071813109,165852354,7283810,,
QUEST DIAGNOSTICS INC,74834L100,165531686,868568,,DGX
CONSTELLIUM SE,F21107101,165517115,11123462,,CSTM
BOYD GAMING CORP,103304101,165474564,1914107,,BYD
JAMES HARDIE INDS PLC,G4253H101,165367165,8608390,,
COMMERCIAL METALS CO,201723103,165323923,2886242,,CMC
LEGENCE CORP,52476L109,165015156,5355896,,LGN
BRISTOL-MYERS SQUIBB CO,110122108,164888353,3656061,,
CANADIAN IMPERIAL BANK OF CO,136069101,164350154,2056705,,
PERIMETER SOLUTIONS INC,71385M107,163835802,7317365,,
GLOBAL PMTS INC,37940X102,163790251,1971476,,
PACKAGING CORP AMER,695156109,163282470,749243,,
SURGERY PARTNERS INC,86881A100,162821957,7524120,,
GERDAU SA,373737105,162432284,52397511,,
HONEYWELL INTL INC,438516106,161259679,766079,,
OLD DOMINION FREIGHT LINE IN,679580100,160963565,1143370,,
CORCEPT THERAPEUTICS INC,218352102,160918413,1936210,,CORT
GXO LOGISTICS INCORPORATED,36262G101,160373005,3032199,,
DARLING INGREDIENTS INC,237266101,160103118,5186366,,DAR
OPTION CARE HEALTH INC,68404L201,159968166,5762542,,
OSHKOSH CORP,688239201,159481634,1229619,,OSK
TRADEWEB MKTS INC,892672106,159260854,1435041,,
LANTHEUS HLDGS INC,516544103,159128251,3102520,,
LOUISIANA PAC CORP,546347105,158449694,1783540,,
DYNATRACE INC,268150109,157232847,3245260,,
NATERA INC,632307104,157168211,976382,,
FOUR CORNERS PPTY TR INC,35086T109,156954981,6432581,,
ANHEUSER BUSCH INBEV SA/NV,03524A108,156422190,2624093,,
NORTHERN OIL & GAS INC,665531307,156002706,6290431,,
JANUX THERAPEUTICS INC,47103J105,155985416,6382382,,
HESAI GROUP,428050108,155204983,5523309,,HSIGF
WISDOMTREE INC,97717P104,155118245,11159586,,
MERITAGE HOMES CORP,59001A102,154875187,2138274,,MTH
REYNOLDS CONSUMER PRODS INC,76171L106,153943511,6291112,,
AZZ INC,002474104,152660975,1398891,,AZZ
CHURCHILL DOWNS INC,171484108,152365070,1570612,,CHDN
CENTESSA PHARMACEUTICALS PLC,152309100,151316193,6239843,,
DOLLAR GEN CORP NEW,256677105,151070660,1461739,,
ARM HOLDINGS PLC,042068205,150553425,1064057,,
SMUCKER J M CO,832696405,150460413,1385455,,
FIDELITY COVINGTON TRUST,316092816,150281049,1806915,,
CAVCO INDS INC DEL,149568107,150240658,258710,,
GILDAN ACTIVEWEAR INC,375916103,149885485,2594444,,GIL
ISHARES INC,464286533,149750748,2346087,,
SKYWEST INC,830879102,149008024,1480899,,SKYW
ACADIA HEALTHCARE COMPANY IN,00404A109,148694992,6005452,,
CG ONCOLOGY INC,156944100,148470751,3685967,,
MADRIGAL PHARMACEUTICALS INC,558868105,147879323,322416,,
LITHIA MTRS INC,536797103,147144452,465647,,
KINDER MORGAN INC DEL,49456B101,146185244,5163732,,
GROCERY OUTLET HLDG CORP,39874R101,146036687,9098859,,
NEWAMSTERDAM PHARMA COMPANY,N62509109,146007718,5133886,,
AMYLYX PHARMACEUTICALS INC,03237H101,145461245,10703550,,
PIPER SANDLER COMPANIES,724078100,144876653,417524,,PIPR
VEECO INSTRS INC DEL,922417100,144525946,4749456,,
BEAM THERAPEUTICS INC,07373V105,144501129,5953899,,BEAM
BIRKENSTOCK HOLDING PLC,M2029K104,144387411,3190882,,BIRK
WEX INC,96208T104,144266289,915802,,WEX
JBT MAREL CORPORATION,477839104,143276135,1020122,,JBTM
AMERICAN HEALTHCARE REIT INC,398182303,143047243,3405076,,
TKO GROUP HOLDINGS INC,87256C101,142507823,705624,,
PERELLA WEINBERG PARTNERS,71367G102,142314667,6675172,,PWP
ENLIVEN THERAPEUTICS INC,29337E102,142061063,6939964,,
AMENTUM HOLDINGS INC,023939101,141823374,5921644,,
SAIA INC,78709Y105,140627054,469759,,SAIA
CORE SCIENTIFIC INC NEW,21874A106,140593914,7836896,,
WILLSCOT HLDGS CORP,971378104,140538221,6657424,,
WILLIAMS COS INC,969457100,140331013,2215169,,
STOKE THERAPEUTICS INC,86150R107,139235691,5924923,,
UPSTREAM BIO INC,91678A107,138550905,7365811,,
MODINE MFG CO,607828100,138406123,973594,,
TRI POINTE HOMES INC,87265H109,137226027,4039624,,
DROPBOX INC,26210C104,137194909,4541374,,
RESMED INC,761152107,136651012,499219,,RSMDF
SYSCO CORP,871829107,136590680,1658861,,SYY
APPLIED INDL TECHNOLOGIES IN,03820C105,136573110,523168,,
RUBRIK INC.,781154109,136529243,1659930,,
SPX TECHNOLOGIES INC,78473E103,136477158,730684,,
NOVAGOLD RES INC,66987E206,135288389,15307917,,
TECK RESOURCES LTD,878742204,135095001,3079428,,TCKRF
CANADIAN NATL RY CO,136375102,135000815,1431581,,
E L F BEAUTY INC,26856L103,134068833,1011993,,
PRICESMART INC,741511109,133076073,1098078,,PSMT
WORKDAY INC,98138H101,132936244,552221,,
CNH INDL N V,N20944109,132605044,12221663,,
TELEDYNE TECHNOLOGIES INC,879360105,132421598,225960,,TDY
DONALDSON INC,257651109,131425676,1605689,,
CENTRUS ENERGY CORP,15643U104,131356815,423636,,LEU
STEWART INFORMATION SVCS COR,860372101,130883019,1785093,,
GOLD FIELDS LTD,38059T106,130767582,3116482,,GFIOF
QUIDELORTHO CORP,219798105,130742392,4439470,,QDEL
GUIDEWIRE SOFTWARE INC,40171V100,130524622,567844,,
TRANSUNION,89400J107,130121367,1553132,,TRU
BOK FINL CORP,05561Q201,130091509,1167368,,
ENCOMPASS HEALTH CORP,29261A100,128880718,1014649,,EHC
GIBRALTAR INDS INC,374689107,128715068,2049603,,
SHARPLINK GAMING INC,820014405,128689359,7565512,,
VIKING THERAPEUTICS INC,92686J106,128509410,4890008,,
IMMUNOVANT INC,45258J102,128495470,7971183,,
SUMMIT THERAPEUTICS INC,86627T108,128036466,6197312,,SMMT
HNI CORP,404251100,127942946,2730906,,HNI
AXIS CAP HLDGS LTD,G0692U109,127559314,1331517,,
WHIRLPOOL CORP,963320106,127549037,1622761,,
LAMB WESTON HLDGS INC,513272104,127297149,2191755,,
HERSHEY CO,427866108,126842851,678123,,HSY
SCORPIO TANKERS INC,Y7542C130,126799056,2262249,,STNG
ARAMARK,03852U106,126622997,3297474,,ARMK
HEARTFLOW INC,42238D107,125418405,3726037,,
FIDELITY COMWLTH TR,315912808,125032811,1402814,,
SPDR SERIES TRUST,78464A284,124556096,4996233,,
RAMBUS INC DEL,750917106,124517854,1194989,,RMBS
BECTON DICKINSON & CO,075887109,124474804,665036,,BDX
CARLISLE COS INC,142339100,124444644,378297,,
PATHWARD FINANCIAL INC,59100U108,123927451,1674469,,
LEAR CORP,521865204,123667096,1229173,,LEA
TRICO BANCSHARES,896095106,123475432,2780352,,
FTI CONSULTING INC,302941109,123127997,761695,,
RAPPORT THERAPEUTICS INC,75383L102,122666524,4130186,,
CBIZ INC,124805102,122588736,2314742,,
ORUKA THERAPEUTICS INC,687604108,122551367,6372926,,
NUCOR CORP,670346105,122054966,901240,,NUE
ETSY INC,29786A106,121442646,1829231,,ETSY
MOHAWK INDS INC,608190104,121426783,941877,,
FIDELITY GREENWOOD STREET TR,31624J620,121249206,2315905,,
VITA COCO CO INC,92846Q107,120864736,2845885,,
FIRST ADVANTAGE CORP NEW,31846B108,120568815,7834231,,FA
ARTIVION INC,228903100,120226886,2839558,,
CURTISS WRIGHT CORP,231561101,120015968,221048,,CW
STRUCTURE THERAPEUTICS INC,86366E106,119588308,4271011,,GPCR
ODDITY TECH LTD,M7518J104,119545040,1918861,,ODD
EQUITABLE HLDGS INC,29452E101,119429969,2351910,,
DXP ENTERPRISES INC,233377407,119221695,1001274,,DXPE
KONTOOR BRANDS INC,50050N103,119184005,1494096,,
GRAPHIC PACKAGING HLDG CO,388689101,118603691,6060485,,
NEXSTAR MEDIA GROUP INC,65336K103,118528141,599414,,
ISHARES TR,46435U663,118214242,2622321,,
APPFOLIO INC,03783C100,118201630,428795,,APPF
WEBTOON ENTMT INC,94845U105,118200359,6089663,,
ALLSTATE CORP,020002101,118023464,549841,,ALL-PB
ULTRAGENYX PHARMACEUTICAL IN,90400D108,118008803,3923165,,
TTM TECHNOLOGIES INC,87305R109,117746323,2044207,,TTMI
HA SUSTAINABLE INFRA CAP INC,41068X100,117660974,3832605,,
ARROW ELECTRS INC,042735100,116908022,966182,,
SOLVENTUM CORP,83444M101,116667797,1598189,,SOLV
MP MATERIALS CORP,553368101,116560685,1737896,,
PHARVARIS N V,N69605108,116532268,4670632,,
ESSENTIAL PPTYS RLTY TR INC,29670E107,116370766,3910308,,
REZOLUTE INC,76200L309,116080497,12348989,,
ATMUS FILTRATION TECHNOLOGIE,04956D107,115808840,2568393,,
ISHARES TR,464287614,115716475,247041,,
NVR INC,62944T105,115217024,14340,,NVR
UPBOUND GROUP INC,76009N100,114948938,4864534,,
COPA HOLDINGS SA,P31076105,114922942,967202,,
ISHARES TR,464288356,114815781,2012899,,
V F CORP,918204108,114798702,7955558,,VFC
MERCURY SYS INC,589378108,114765701,1482761,,
M/I HOMES INC,55305B101,114679005,793956,,
HAYWARD HLDGS INC,421298100,114501673,7572862,,
AMERICOLD REALTY TRUST INC,03064D108,114443682,9349974,,
NOVOCURE LTD,G6674U108,114348744,8850522,,NVCR
SCHWAB STRATEGIC TR,808524755,114331594,2661350,,
IONQ INC,46222L108,114302670,1858580,,
FIDELITY COVINGTON TRUST,316092782,113560157,1648906,,
DIAGEO PLC,25243Q205,113442890,1188755,,DGEAF
VANGUARD BD INDEX FDS,921937819,113212516,1449770,,
WEC ENERGY GROUP INC,92939U106,113145934,987398,,
MACYS INC,55616P104,112813843,6291904,,
IVANHOE ELECTRIC INC,46578C108,112333469,8950874,,IE
NASDAQ INC,631103108,112222993,1268773,,
AAON INC,000360206,111415707,1192377,,
AXOS FINANCIAL INC,05465C100,111284022,1314637,,
ARROWHEAD PHARMACEUTICALS IN,04280A100,111210556,3224429,,
MSCI INC,55354G100,110986643,195603,,MSCI
ISHARES INC,46434G103,110799391,1680816,,
SOFI TECHNOLOGIES INC,83406F102,110569576,4185071,,
SPYRE THERAPEUTICS INC,00773J202,110383254,6586113,,
ISHARES INC,46434G863,109906460,2531240,,
ZILLOW GROUP INC,98954M101,109811506,1475168,,
GREEN BRICK PARTNERS INC,392709101,109703298,1485287,,
HARLEY DAVIDSON INC,412822108,109580124,3927603,,
JANUS INTERNATIONAL GROUP IN,47103N106,109526689,11096929,,
O-I GLASS INC,67098H104,109097959,8411562,,
NUVATION BIO INC,67080N101,108663147,29368418,,NUVB
CHAMPION HOMES INC,830830105,108514820,1420909,,
CURBLINE PPTYS CORP,23128Q101,108388035,4860450,,
GULFPORT ENERGY CORP,402635502,108276533,598279,,GPOR
PFIZER INC,717081103,108264029,4248981,,PFE
COLGATE PALMOLIVE CO,194162103,108084571,1352071,,CL
PLANET FITNESS INC,72703H101,107965286,1040128,,
WARRIOR MET COAL INC,93627C101,107779495,1693581,,
DOCUSIGN INC,256163106,107762439,1494832,,
UL SOLUTIONS INC,903731107,107199559,1512836,,ULS
FLUOR CORP NEW,343412102,106953131,2542266,,FLR
CECO ENVIRONMENTAL CORP,125141101,106717030,2084317,,CECO
BRUKER CORP,116794207,106708680,392600,,BRKRP
TEEKAY TANKERS LTD,G8726X106,106564253,2108096,,TNK
KRATOS DEFENSE & SEC SOLUTIO,50077B207,106525725,1165872,,
VERALTO CORP,92338C103,106301799,997109,,VLTO
RYDER SYS INC,783549108,106232993,563152,,
FIRST BANCORP N C,318910106,106177627,2007518,,
FIRST INTST BANCSYSTEM INC,32055Y201,105678084,3315911,,
MILLROSE PPTYS INC,601137102,105523065,3139633,,
GIGACLOUD TECHNOLOGY INC,G38644103,105334095,3708947,,GCT
PARSONS CORP DEL,70202L102,105258233,1269395,,PSN
SIMPLY GOOD FOODS CO,82900L102,105232630,4239832,,SMPL
EQT CORP,26884L109,105104315,1931000,,EQT
HASBRO INC,418056107,105074398,1385292,,
XOMETRY INC,98423F109,104924090,1926273,,
EXPRO GROUP HOLDINGS NV,N3144W105,104533106,8799083,,
ITAU UNIBANCO HLDG S A,465562106,104387182,14221687,,
SYNAPTICS INC,87157D109,104332833,1526673,,SYNA
ALIGNMENT HEALTHCARE INC,01625V104,104203425,5971543,,
ARCHROCK INC,03957W106,104005035,3953061,,
IMMUNOCORE HLDGS PLC,45258D105,103815409,2857567,,
EASTGROUP PPTYS INC,277276101,103739285,612899,,
INVESCO ACTVELY MNGD ETC FD,46090F100,103407428,7699734,,
MINERALS TECHNOLOGIES INC,603158106,103236358,1661886,,MTX
BRUNSWICK CORP,117043109,102835449,1626114,,BC-PC
CHART INDS INC,16115Q308,102677252,513002,,
MUELLER INDS INC,624756102,102288235,1011653,,
ENERGIZER HLDGS INC NEW,29272W109,101609467,4082341,,
KESTRA MED TECHNOLOGIES LTD,G52441105,101494024,4271634,,
AVNET INC,053807103,101066615,1933179,,AVT
ROPER TECHNOLOGIES INC,776696106,100795124,202120,,ROP
VIRTU FINL INC,928254101,100730262,2837472,,
GLOBAL INDUSTRIAL COMPANY,37892E102,100130809,2730592,,
IREN LIMITED,Q4982L109,99669277,2123786,,
BBB FOODS INC,G0896C103,99302199,3683316,,TBBB
NCR ATLEOS CORPORATION,63001N106,99168163,2522721,,NATL
ZAI LAB LTD,98887Q104,98418898,2904069,,ZLAB
WESCO INTL INC,95082P105,97352393,460295,,
REXFORD INDL RLTY INC,76169C100,97340916,2367816,,
TAYLOR MORRISON HOME CORP,87724P106,97309054,1474156,,
PAYLOCITY HLDG CORP,70438V106,97107238,609702,,
PROGYNY INC,74340E103,96916977,4503577,,
NOMAD FOODS LTD,G6564A105,96542040,7341600,,NOMD
HILLENBRAND INC,431571108,96535125,3570086,,
ANNALY CAPITAL MANAGEMENT IN,035710839,96507600,4775240,,
ATOUR LIFESTYLE HLDGS LTD,04965M106,96339674,2562907,,
PINNACLE FINL PARTNERS INC,72346Q104,96195824,1025651,,
RED ROCK RESORTS INC,75700L108,96133169,1574405,,
VICI PPTYS INC,925652109,96025320,2944659,,
MASTEC INC,576323109,95844517,450376,,MTZ
CONCENTRIX CORP,20602D101,95344146,2065962,,CNXC
PRIMORIS SVCS CORP,74164F103,95281614,693815,,
CENTURI HOLDINGS INC,155923105,94769262,4476583,,
PAR TECHNOLOGY CORP,698884103,94328362,2383233,,PAR
COLLIERS INTL GROUP INC,194693107,94000257,601094,,
KASPI KZ JSC,48581R205,93249400,1141643,,
FIVE9 INC,338307101,93101756,3847180,,
IMMUNOME INC,45257U108,92783201,7923416,,IMNM
ZENAS BIOPHARMA INC,98937L105,92375599,4161063,,
GOGO INC,38046C109,92228571,10736737,,GOGO
CELLDEX THERAPEUTICS INC NEW,15117B202,91856350,3550690,,
JEFFERIES FINL GROUP INC,47233W109,91680448,1401413,,
WIX COM LTD,M98068105,91610541,515738,,
ABIVAX SA,00370M103,91553613,1078370,,
FIRST HAWAIIAN INC,32051X108,91517992,3685783,,
OCCIDENTAL PETE CORP,674599105,91378958,1933946,,
CAMTEK LTD,M20791105,90959959,865873,,CAMT
WEST FRASER TIMBER CO LTD,952845105,90822151,1335982,,
OLD REP INTL CORP,680223104,90390027,2128327,,
VAIL RESORTS INC,91879Q109,90178146,602916,,MTN
PENGUIN SOLUTIONS INC,706915105,90060246,3426950,,
AUTOMATIC DATA PROCESSING IN,053015103,89689435,305586,,
ROYAL GOLD INC,780287108,89604124,446725,,RGLD
SMITH A O CORP,831865209,89562898,1220037,,AOS
METHANEX CORP,59151K108,89475743,2250396,,MEOH
INSTALLED BLDG PRODS INC,45780R101,89417950,362515,,
GLOBE LIFE INC,37959E102,89320870,624752,,GL-PD
INTAPP INC,45827U109,88810342,2171402,,
WEYERHAEUSER CO MTN BE,962166104,88679191,3577216,,
EPAM SYS INC,29414B104,88159675,584652,,
BRIDGEBIO PHARMA INC,10806X102,88017160,1694593,,
BLACKLINE INC,09239B109,87487560,1647600,,
VALMONT INDS INC,920253101,87259519,225052,,
PERMIAN RESOURCES CORP,71424F105,86962394,6793937,,PR
KNIFE RIVER CORP,498894104,86532636,1125701,,KNF
UWM HOLDINGS CORPORATION,91823B109,85891289,14103660,,UWMC
INTERDIGITAL INC,45867G101,85566982,247855,,
AEROVIRONMENT INC,008073108,85534515,271633,,AVAV
PINTEREST INC,72352L106,85463498,2656621,,
ADIENT PLC,G0084W101,84754689,3519713,,ADNT
ELASTIC N V,N14506104,84592402,1001212,,
ESAB CORPORATION,29605J106,84545613,756628,,ESAB
ALLY FINL INC,02005N100,83806254,2137914,,
EDISON INTL,281020107,83803923,1515990,,
AXSOME THERAPEUTICS INC,05464T104,83772931,689773,,
REGENCY CTRS CORP,758849103,83705852,1148228,,
MPLX LP,55336V100,83195871,1665583,,MPLXP
THE TRADE DESK INC,88339J105,83110826,1695793,,
API GROUP CORP,00187Y100,82846754,2410438,,APG
10X GENOMICS INC,88025U109,82702518,7074638,,
FIDELITY NATIONAL FINANCIAL,31620R303,82678879,1366819,,
MR COOPER GROUP INC,62482R107,82671627,392199,,
BGC GROUP INC,088929104,81812161,8648220,,
SPROUTS FMRS MKT INC,85208M102,81705754,750972,,
GAP INC,364760108,81524848,3811353,,GAP
AEHR TEST SYS,00760J108,81290406,2699781,,
TEXAS INSTRS INC,882508104,81098071,441398,,
OMADA HEALTH INC,68170A108,81006419,3663791,,
COSTAR GROUP INC,22160N109,80758711,957197,,
LIGAND PHARMACEUTICALS INC,53220K504,80742715,455813,,LGNZZ
MKS INC.,55306NAB0,80703690,73702000,,MKSI
CVB FINL CORP,126600105,80683588,4266715,,
ALIGN TECHNOLOGY INC,016255101,80436945,642365,,ALGN
AVIS BUDGET GROUP,053774105,80125319,498990,,
BIOGEN INC,09062X103,79576201,568077,,BIIB
NEW YORK TIMES CO,650111107,79363087,1382632,,NYT
ADAPTHEALTH CORP,00653Q102,79183621,8847332,,AHCO
OPENLANE INC,48238T109,79062517,2747134,,
LYONDELLBASELL INDUSTRIES N,N53745100,78872649,1608333,,
WINGSTOP INC,974155103,78816364,313161,,WING
CENTENE CORP DEL,15135B101,78810519,2208815,,CNC
YETI HLDGS INC,98585X104,78658698,2370666,,
IDACORP INC,451107106,78521689,594186,,IDA
ALLIANCEBERNSTEIN HLDG L P,01881G106,78442269,2052388,,
GAMING & LEISURE PPTYS INC,36467J108,78401886,1682083,,
SYNCHRONY FINANCIAL,87165B103,78357680,1102853,,SYF-PB
EXPEDITORS INTL WASH INC,302130109,78177727,637717,,
PHREESIA INC,71944F106,77958545,3314564,,
EXTRA SPACE STORAGE INC,30225T102,77859241,552428,,EXR
EBAY INC.,278642103,77638118,853636,,EBAY
FORD MTR CO,345370860,77547269,6483885,,
CELLEBRITE DI LTD,M2197Q107,77490700,4181905,,CLBT
CARS COM INC,14575E105,77432763,6336560,,
INVESCO EXCH TRADED FD TR II,46138E727,77137525,3034521,,
NATIONAL ENERGY SERVICES REU,G6375R107,76907534,7495861,,
INCYTE CORP,45337C102,76736173,904801,,INCY
MINERALYS THERAPEUTICS INC,603170101,76642387,2021160,,
BANK OF NT BUTTERFIELD&SON L,G0772R208,76505630,1782517,,
ZEBRA TECHNOLOGIES CORPORATI,989207105,76352588,256941,,
NORDSON CORP,655663102,75759831,333817,,NDSN
IMAX CORP,45245E109,75701822,2311506,,IMAX
BYRNA TECHNOLOGIES INC,12448X201,75466124,3405511,,BYRN
AERCAP HOLDINGS NV,N00985106,75307635,622377,,
ARCH CAP GROUP LTD,G0450A105,74875918,825261,,
DOUGLAS EMMETT INC,25960P109,74751959,4801025,,DEI
STEPSTONE GROUP INC,85914M107,74482594,1140447,,STEP
HIMS & HERS HEALTH INC,433000106,74161003,1307493,,
PHILLIPS EDISON & CO INC,71844V201,73953034,2154181,,
ADVANCE AUTO PARTS INC,00751Y106,73517904,1197360,,AAP
AVALONBAY CMNTYS INC,053484101,73477457,380377,,
CIDARA THERAPEUTICS INC,171757206,73232747,764753,,
INGREDION INC,457187102,73061772,598328,,INGR
EQUITY LIFESTYLE PPTYS INC,29472R108,73031952,1203162,,
AMCOR PLC,G0250X107,72395181,8850267,,AMCCF
CIRRUS LOGIC INC,172755100,72282871,576925,,
ILLUMINA INC,452327109,71504187,752913,,
WOLFSPEED INC,97785W106,71495910,2499857,,
OPEN TEXT CORP,683715106,71250355,1906173,,OTEX
WESTERN DIGITAL CORP,958102AT2,70751035,22058000,,WDC
FRESHPET INC,358039105,70698580,1282863,,
J P MORGAN EXCHANGE TRADED F,46641Q654,70516953,1381602,,
STRATEGY INC,594972AJ0,70154590,31340000,,STRD
DIGI INTL INC,253798102,70102590,1922726,,
ALTRIA GROUP INC,02209S103,70092682,1061046,,
HURON CONSULTING GROUP INC,447462102,69671279,474697,,HURN
REVOLVE GROUP INC,76156B107,69546183,3265079,,
FEDERAL AGRIC MTG CORP,313148306,69489078,413675,,
VIATRIS INC,92556V106,69373785,7007453,,VTRS
COINBASE GLOBAL INC,19260QAF4,69272213,55175000,,
STRIDE INC,86333M108,69135416,464183,,
AGILENT TECHNOLOGIES INC,00846U101,68833688,536297,,
NCR VOYIX CORPORATION,62886E108,68829659,5484435,,NCRRP
PENSKE AUTOMOTIVE GRP INC,70959W103,68829644,395777,,
CALIFORNIA RES CORP,13057Q305,68753657,1292848,,
EXELIXIS INC,30161Q104,67783129,1641238,,
ALLIENT INC,019330109,67684644,1512506,,ALNT
LCI INDS,50189K103,67443860,724035,,
LIFE360 INC,532206109,67434169,634376,,
LIFE TIME GROUP HOLDINGS INC,53190C102,67379659,2441292,,
PARSONS CORP DEL,70202LAD4,66875820,58663000,,PSN
OTIS WORLDWIDE CORP,68902V107,66729484,729842,,OTIS
MCCORMICK & CO INC,579780206,66643740,996021,,MKC-V
MNTN INC,55318A108,65778448,3546008,,
NORTHWESTERN ENERGY GROUP IN,668074305,65687568,1120757,,
PJT PARTNERS INC,69343T107,65622004,369223,,PJT
INTEGER HLDGS CORP,45826H109,65366765,632602,,
ISHARES TR,46434V613,65130879,1394367,,
WATERBRIDGE INFRASTRUCTURE L,940923105,65061194,2579746,,
FIDELITY COVINGTON TRUST,316092113,65023888,1744671,,
PATRIA INVESTMENTS LIMITED,G69451105,65012778,4452930,,
SOUTHWEST AIRLS CO,844741108,64920775,2034496,,
EVOLENT HEALTH INC,30050B101,64758331,7654649,,
TURNING PT BRANDS INC,90041L105,64627352,653726,,
BOSTON BEER INC,100557107,64567668,305400,,
LIBERTY LATIN AMERICA LTD,G9001E128,64330929,7622148,,LILAP
ISHARES TR,464288281,64262769,675100,,
CALIFORNIA WTR SVC GROUP,130788102,64153761,1397990,,
SANA BIOTECHNOLOGY INC,799566104,63902063,18000581,,
GARRETT MOTION INC,366505105,63582886,4668347,,GTX
ON SEMICONDUCTOR CORP,682189AS4,63577784,55868000,,ON
WORKIVA INC,98139A105,63398609,736508,,WK
HUBBELL INC,443510607,63360021,147242,,HUBB
INTERCORP FINL SVCS INC,P5626F128,63118384,1564660,,
QCR HOLDINGS INC,74727A104,63098888,834200,,QCRH
ALIBABA GROUP HLDG LTD,01609WBG6,63066047,34331000,,
CRISPR THERAPEUTICS AG,H17182108,62822861,969339,,CRSP
YUM CHINA HLDGS INC,98850P109,62793385,1463033,,
CARRIAGE SVCS INC,143905107,62775968,1409429,,
EOG RES INC,26875P101,62702168,559241,,
NURIX THERAPEUTICS INC,67080M103,62553867,6769899,,
ISHARES TR,46432F388,62520067,499960,,
CUSHMAN WAKEFIELD PLC,G2717B108,62429166,3921430,,
COPT DEFENSE PROPERTIES,22002T108,62282961,2143254,,CDP
JAZZ PHARMACEUTICALS PLC,G50871105,62243604,472258,,JAZZ
DRIVEN BRANDS HLDGS INC,26210V102,62021438,3849872,,
DUPONT DE NEMOURS INC,26614N102,61828759,793694,,
UNIVERSAL LOGISTICS HLDGS IN,91388P105,61628940,2629221,,
BEL FUSE INC,077347300,61566512,436580,,
SEI INVTS CO,784117103,61467886,724430,,
PACS GROUP INC,69380Q107,61023246,4444519,,
ARMSTRONG WORLD INDS INC NEW,04247X102,60857535,310482,,
ASGN INC,00191U102,60780354,1283640,,
CARRIER GLOBAL CORPORATION,14448C104,60582543,1014783,,CARR
WISDOMTREE TR,97717W851,60561785,473028,,
TRAVERE THERAPEUTICS INC,89422G107,60297406,2522904,,
HARMONY BIOSCIENCES HLDGS IN,413197104,60295217,2187780,,
PETROLEO BRASILEIRO SA PETRO,71654V101,60178740,5091264,,
STEEL DYNAMICS INC,858119100,59947259,429945,,STLD
ILLINOIS TOOL WKS INC,452308109,59888283,229668,,
GENWORTH FINL INC,37247D106,59843903,6724034,,
TENARIS S A,88031M109,59702409,1669064,,
EPLUS INC,294268107,59622410,839634,,PLUS
LUMEN TECHNOLOGIES INC,550241103,59417415,9708728,,
AVANTOR INC,05352A100,59376371,4757722,,
AON PLC,G0403H108,59287130,166266,,AON
CRA INTL INC,12618T105,59231070,284041,,
THERMON GROUP HLDGS INC,88362T103,59112416,2212291,,
MURPHY OIL CORP,626717102,58787928,2069269,,MUR
FIDELITY NATL INFORMATION SV,31620M106,58472010,886746,,
CARLYLE GROUP INC,14316J108,58311705,930011,,CGABL
PTC THERAPEUTICS INC,69366J200,58210059,948510,,
CHARLES RIV LABS INTL INC,159864107,58176835,371832,,
IRHYTHM TECHNOLOGIES INC,450056106,57873775,336495,,
QXO INC,82846H405,57768573,3030880,,
TREEHOUSE FOODS INC,89469A104,57745184,2857258,,
NETAPP INC,64110D104,57701057,487093,,
TRUPANION INC,898202106,57551147,1329740,,
SEAGATE HDD CAYMAN,81180WBL4,57499200,19965000,,
ELDORADO GOLD CORP NEW,284902509,57101162,1977300,,
AGILYSYS INC,00847J105,56815424,539814,,AGYS
BOWMAN CONSULTING GROUP LTD,103002101,56574533,1335565,,BWMN
VARONIS SYS INC,922280102,56487780,982909,,
HILLMAN SOLUTIONS CORP,431636109,56397789,6143550,,HLMN
SONOCO PRODS CO,835495102,56257508,1305582,,
CHEMOURS CO,163851108,56101106,3541737,,CC
ESSEX PPTY TR INC,297178105,56029863,209332,,
ISHARES TR,46434V456,55727908,1261097,,
ISHARES TR,464287101,55417550,166499,,
WEAVE COMMUNICATIONS INC,94724R108,55283941,8276039,,
BILL HOLDINGS INC,090043100,54942285,1037234,,
CADRE HLDGS INC,12763L105,54807498,1501164,,
ARRIVENT BIOPHARMA INC,04272N102,54690560,2964258,,
DEXCOM INC,252131107,54176552,805120,,DXCM
LAS VEGAS SANDS CORP,517834107,53976447,1003466,,LVS
CONNECTONE BANCORP INC,20786W107,53956416,2174785,,
ALLIANT ENERGY CORP,018802108,53810594,798258,,LNT
SCHWAB STRATEGIC TR,808524706,53555238,1604892,,
ISHARES TR,46435G268,53528681,726010,,
ARCHER DANIELS MIDLAND CO,039483102,53438825,894523,,
WELLS FARGO CO NEW,949746804,52929712,42842,,
TORO CO,891092108,52799258,692904,,TTC
BULLISH,G16910120,52623281,827280,,BLSH
GENIUS SPORTS LIMITED,G3934V109,52532747,4243356,,
SPS COMM INC,78463M107,52146022,500730,,
BRIGHTHOUSE FINL INC,10922N103,51972512,979136,,
ONTO INNOVATION INC,683344105,51628430,399539,,ONTO
GENEDX HOLDINGS CORP,81663L200,51540769,478381,,WGS
DELEK US HLDGS INC NEW,24665A103,51258991,1588441,,
AKERO THERAPEUTICS INC,00973Y108,51231965,1079022,,
FRONTDOOR INC,35905A109,51216101,761125,,
NEW GOLD INC CDA,644535106,51185351,7144900,,
EXPEDIA GROUP INC,30212P303,51172406,239403,,
FIDELITY COVINGTON TRUST,316092717,50729223,1621778,,
VSE CORP,918284100,50465809,303572,,VSECU
MARA HOLDINGS INC,565788AD8,50321566,41691000,,
VITAL FARMS INC,92847W103,50137860,1218417,,
METLIFE INC,59156R108,50032023,607406,,MET-PF
RYMAN HOSPITALITY PPTYS INC,78377T107,49988084,557965,,
METROPOLITAN BK HLDG CORP,591774104,49653694,663642,,
BALCHEM CORP,057665200,49551913,330214,,BCPC
APA CORPORATION,03743Q108,49230386,2027611,,APA
GUARDANT HEALTH INC,40131M109,49162763,786856,,
CULLEN FROST BANKERS INC,229899109,48542625,382919,,
ISHARES TR,46435U218,48041628,410457,,
VERA THERAPEUTICS INC,92337R101,48012351,1652180,,
ONESPAWORLD HOLDINGS LIMITED,P73684113,47971945,2269250,,
AXCELIS TECHNOLOGIES INC,054540208,47898083,490558,,ACLS
STANDARDAERO INC,85423L103,47834076,1752806,,
LIBERTY ENERGY INC,53115L104,47693203,3864927,,LBRT
NCINO INC,63947X101,47290169,1744381,,
NATIONAL VISION HLDGS INC,63845R107,46921787,1607461,,
MIRUM PHARMACEUTICALS INC,604749101,46892595,639648,,
HOME BANCSHARES INC,436893200,46652070,1648483,,HOMB
MASTERBRAND INC,57638P104,46614570,3539451,,
UFP INDUSTRIES INC,90278Q108,46406153,496376,,UFPI
BANKUNITED INC,06652K103,46302247,1213371,,
ISHARES INC,46434G889,46263035,817657,,
BLOOM ENERGY CORP,093712AM9,46243035,11205000,,BE
JOBY AVIATION INC,G65163100,45970771,2848251,,
SHOULDER INNOVATIONS INC,82537J108,45940266,3660579,,
VESTIS CORPORATION,29430C102,45897040,10131797,,VSTS
HAEMONETICS CORP MASS,405024100,45754090,938738,,
DAY ONE BIOPHARMACEUTICALS I,23954D109,45526411,6457647,,
CERIBELL INC,15678C102,45506329,3960516,,
KKR & CO INC,48251W500,45207072,866700,,
DYNE THERAPEUTICS INC,26818M108,45037972,3560314,,
VANGUARD INTL EQUITY INDEX F,922042718,44931760,315200,,
ATLAS ENERGY SOLUTIONS INC,642045108,44771228,3937663,,AESI
VERICEL CORP,92346J108,44692341,1420157,,VCEL
PEGASYSTEMS INC,705573103,44663413,776755,,PEGA
UNITED THERAPEUTICS CORP DEL,91307C102,44604363,106401,,UTHR
VICTORIAS SECRET AND CO,926400102,44091373,1624590,,
PROTHENA CORP PLC,G72800108,44078659,4516256,,
CALERES INC,129500104,43726250,3353240,,CAL
ISHARES GOLD TR,464285204,43674953,600178,,
GARTNER INC,366651107,43455894,165313,,IT
LYFT INC,55087PAD6,43319490,33581000,,
ARCBEST CORP,03937C105,43219067,618564,,
DENALI THERAPEUTICS INC,24823R105,43072854,2966450,,DNLI
CONFLUENT INC,20717M103,43045022,2173991,,
BANK AMERICA CORP,060505682,42596351,33268,,
REDFIN CORP,75737FAE8,42263054,45764000,,
NETSKOPE INC,64119N608,42197131,1856451,,NTSK
ZETA GLOBAL HOLDINGS CORP,98956A105,42183831,2122991,,ZETA
CYTOMX THERAPEUTICS INC,23284F105,41706344,13074089,,
PRESTIGE CONSMR HEALTHCARE I,74112D101,41614872,666905,,
PROG HOLDINGS INC,74319R101,41585415,1285087,,
ITURAN LOCATION AND CONTROL,M6158M104,41488101,1161481,,
LOAR HOLDINGS INC,53947R105,41400480,517506,,LOAR
ISHARES INC,464286772,41356267,516308,,
INSPIRE MED SYS INC,457730109,41109026,554030,,
PORTLAND GEN ELEC CO,736508847,40765868,926497,,
HUDBAY MINERALS INC,443628102,40719526,2688300,,HBM
THRYV HLDGS INC,886029206,40627149,3368752,,
FEDERAL RLTY INVT TR NEW,313745101,40623165,400979,,
P10 INC,69376K106,40585327,3730269,,
DAVE INC,23834J201,40544600,203384,,
HEALTHPEAK PROPERTIES INC,42250P103,40522978,2116082,,
ARES CAPITAL CORP,04010L103,40246744,1971913,,ARCC
FIDELITY COVINGTON TRUST,316092808,40023019,180146,,
FIRST WATCH RESTAURANT GROUP,33748L101,39700920,2538422,,
GH RESEARCH PLC,G3855L106,39650468,2772760,,GHRS
TREX CO INC,89531P105,39578445,765985,,TREX
VORNADO RLTY TR,929042109,39224849,967798,,
GE HEALTHCARE TECHNOLOGIES I,36266G107,39037732,519810,,
VANGUARD STAR FDS,921909768,39018156,531148,,
AST SPACEMOBILE INC,00217D100,38893544,792452,,
REMITLY GLOBAL INC,75960P104,38791441,2379843,,
ESSENTIAL UTILS INC,29670G102,38502702,964980,,
ENOVIS CORPORATION,194014502,38360197,1264344,,ENOV
VERRA MOBILITY CORP,92511U102,38337438,1552123,,VRRM
THE CAMPBELLS COMPANY,134429109,38166862,1208577,,
CYTOKINETICS INC,23282WAC4,38015124,29327000,,CYTK
ABSCI CORPORATION,00091E109,37991850,12497319,,ABSI
SENSIENT TECHNOLOGIES CORP,81725T100,37922157,404072,,SXT
VENTAS RLTY LTD PARTNERSHIP,92277GAZ0,37909400,29353000,,
IMMUNEERING CORP,45254E107,37618574,5374082,,IMRX
PARAMOUNT SKYDANCE CORP,69932A204,37535520,1983907,,PSKY
APOLLO GLOBAL MGMT INC,03769M304,37198097,527300,,
OUTSET MED INC,690145206,37192179,2634007,,
TXNM ENERGY INC,69349H107,37188411,657620,,TXNM
RESIDEO TECHNOLOGIES INC,76118Y104,37186314,861193,,
EZCORP INC,302301106,37165147,1951951,,EZPW
SERVICETITAN INC,81764X103,37122379,368168,,
ZIONS BANCORPORATION N A,989701107,37109456,655876,,
CHEMED CORP NEW,16359R103,37070188,82794,,CHE
WESBANCO INC,950810101,37068750,1160938,,WSBCO
RITHM CAPITAL CORP,64828T201,36981573,3246846,,RITM-PD
PRUDENTIAL FINL INC,744320102,36959561,356271,,
PEDIATRIX MEDICAL GROUP INC,58502B106,36884120,2202037,,
REALTY INCOME CORP,756109104,36879975,606678,,O
HANOVER INS GROUP INC,410867105,36768087,202434,,
LKQ CORP,501889208,36685918,1201242,,LKQ
ISHARES TR,464287788,36600464,289012,,
HSBC HLDGS PLC,404280406,36585696,515436,,
VANECK ETF TRUST,92189H201,36496351,783184,,
STRATEGY INC,594972887,36452217,397516,,STRD
SMITHFIELD FOODS INC,832248207,36419147,1551071,,SFD
EVEREST GROUP LTD,G3223R108,36299573,103645,,
WISDOMTREE TR,97717W836,36120283,380886,,
QORVO INC,74736K101,35912389,394295,,
AFYA LTD,G01125106,35773280,2293159,,AFYA
TENABLE HLDGS INC,88025T102,35752551,1226082,,
CANDEL THERAPEUTICS INC,137404109,35688382,6997722,,
SCHWAB STRATEGIC TR,808524201,35640437,1353092,,
CDW CORP,12514G108,35632907,223712,,CDW
ST JOE CO,790148100,35411154,715666,,JOE
COASTAL FINL CORP WA,19046P209,35313503,326463,,
HANMI FINL CORP,410495204,35304503,1429911,,
MCGRATH RENTCORP,580589109,35249823,300510,,MGRC
PURSUIT ATTRACTIONS AND HOSP,92552R406,35243698,974121,,
GLACIER BANCORP INC NEW,37637Q105,35242051,724102,,
ATS CORPORATION,00217Y104,35053644,1339856,,
MILLER INDS INC TENN,600551204,35034278,866756,,
JADE BIOSCIENCES INC,008064206,34957558,4050702,,
AMERICAN AXLE & MFG HLDGS IN,024061103,34866847,5801472,,
LENNOX INTL INC,526107107,34771648,65686,,
NEWELL BRANDS INC,651229106,34651224,6612829,,NWL
WERNER ENTERPRISES INC,950755108,34637725,1316023,,WERN
HECLA MNG CO,422704106,34592617,2858894,,
PROTAGONIST THERAPEUTICS INC,74366E102,34552767,520138,,
MID-AMER APT CMNTYS INC,59522J103,34502353,246922,,
CANADA GOOSE HLDGS INC,135086106,34479946,2504475,,
CHURCH & DWIGHT CO INC,171340102,34446743,393093,,
INTERNATIONAL FLAVORS&FRAGRA,459506101,34248056,556517,,
PTC INC,69370C100,34199531,168454,,PTC
SKYWORKS SOLUTIONS INC,83088M102,34026316,442015,,
SOLARIS ENERGY INFRAS INC,83418M103,33974820,850008,,
DESCARTES SYS GROUP INC,249906108,33957224,360478,,
ISHARES TR,464288588,33694613,354121,,
GATX CORP,361448103,33569689,192046,,GATX
JANUS DETROIT STR TR,47103U845,33057317,650991,,
BIOHAVEN LTD,G1110E107,32970501,2196569,,BHVN
LIBERTY MEDIA CORP DEL,531229771,32943644,345974,,FWONB
MILLERKNOLL INC,600544100,32540837,1834320,,
ACUSHNET HLDGS CORP,005098108,32339057,412015,,
KADANT INC,48282T104,32323740,108622,,KAI
RIGETTI COMPUTING INC,76655K103,32318635,1084882,,
ENOVA INTL INC,29357K103,32288500,280550,,
LANDBRIDGE COMPANY LLC,514952100,32249862,604496,,
VIA TRANSN INC,92556W104,31939207,664293,,
ITRON INC,465741106,31909656,256179,,
MERIT MED SYS INC,589889104,31878505,383017,,
INTELLIA THERAPEUTICS INC,45826J105,31800408,1841367,,
TRIMBLE INC,896239100,31778343,389202,,TRMB
PHINIA INC,71880K101,31727244,551970,,PHIN
PBF ENERGY INC,69318G106,31478262,1043363,,PBF
WAVE LIFE SCIENCES LTD,Y95308105,31405208,4290329,,WVE
ALKAMI TECHNOLOGY INC,01644J108,31233766,1257398,,
INGEVITY CORP,45688C107,31052046,562639,,NGVT
KINIKSA PHARMACEUTICALS INTL,G52694109,31049478,799626,,
NETEASE INC,64110W102,31022040,204106,,
A-MARK PRECIOUS METALS INC,00181T107,31019372,1199048,,
AGF INVTS TR,00110G408,30955548,1944444,,
SENSATA TECHNOLOGIES HLDG PL,G8060N102,30739105,1006190,,
PROGRESS SOFTWARE CORP,743312100,30645304,697594,,
XOMA ROYALTY CORPORATION,98419J206,30642653,795087,,
HAWKINS INC,420261109,30524655,167057,,HWKN
ASTRANA HEALTH INC,03763A207,30402653,1072404,,
TREVI THERAPEUTICS INC,89532M101,30192429,3299719,,
TAYSHA GENE THERAPIES INC,877619106,30155777,9221950,,
MORNINGSTAR INC,617700109,29977321,129207,,
LIMBACH HLDGS INC,53263P105,29968416,308571,,
AXON ENTERPRISE INC,05464CAB7,29791905,9503000,,
BRIXMOR PPTY GROUP INC,11120U105,29758007,1075073,,
COEUR MNG INC,192108504,29691096,1582681,,
ISHARES TR,46434V449,29563103,617442,,
VIPSHOP HLDGS LTD,92763W103,29304294,1492072,,
STONECO LTD,G85158106,29080290,1537826,,STNE
WERIDE INC,950915108,29007327,2930033,,WRDIF
JD.COM INC,47215P106,28855935,824927,,
AMERIS BANCORP,03076K108,28813103,393031,,ABCB
ALECTOR INC,014442107,28678901,9688818,,
OWENS CORNING NEW,690742101,28581425,202046,,OC
KINSALE CAP GROUP INC,49714P108,28573241,67190,,
OXFORD INDS INC,691497309,28558849,704461,,
SOUTHERN COPPER CORP,84265V105,28351575,233615,,
UBER TECHNOLOGIES INC,90353TAM2,27841800,18940000,,
LEXICON PHARMACEUTICALS INC,528872302,27765184,20566803,,
LXP INDUSTRIAL TRUST,529043101,27755876,3097754,,LXP-PC
MAPLEBEAR INC,565394103,27748139,754846,,CART
RIO TINTO PLC,767204100,27732875,420131,,RTPPF
RPM INTL INC,749685103,27486749,233176,,
LUXFER HLDGS PLC,G5698W116,27420349,1972687,,
MEDTRONIC PLC,G5960L103,27361293,287287,,MDT
TYLER TECHNOLOGIES INC,902252105,27196020,51984,,TYL
BARRETT BUSINESS SVCS INC,068463108,27153978,612680,,
POSTAL REALTY TRUST INC,73757R102,27150305,1730421,,
ARCUS BIOSCIENCES INC,03969F109,27023227,1987002,,
TECTONIC THERAPEUTIC INC,878972108,26917937,1715611,,
ADT INC DEL,00090Q103,26894573,3087781,,ADT
WASHINGTON TR BANCORP INC,940610108,26892753,930545,,
DIMENSIONAL ETF TRUST,25434V740,26723392,837987,,
HEWLETT PACKARD ENTERPRISE C,42824C109,26461424,1077419,,
AFLAC INC,001055102,26138327,234005,,AFL
BLACK ROCK COFFEE BAR INC,092244102,26047938,1091699,,
ALBEMARLE CORP,012653200,26016765,683034,,ALB-PA
BIOLIFE SOLUTIONS INC,09062W204,25905507,1015504,,BLFS
KLARNA GROUP PLC,G5279N105,25858811,705561,,KLAR
COREBRIDGE FINL INC,21871X109,25836306,806125,,
ALNYLAM PHARMACEUTICALS INC,02043QAB3,25740497,15662000,,
TG THERAPEUTICS INC,88322Q108,25683141,710952,,
ISHARES TR,464287648,25582397,79935,,
SUPER GROUP SGHC LIMITED,G8588X103,25570618,1937168,,
ADDUS HOMECARE CORP,006739106,25440178,215613,,ADUS
ALLEGION PLC,G0176J109,25434199,143412,,ALLE
F5 INC,315616102,25409844,78622,,
H WORLD GROUP LTD,44332N106,25344492,648031,,HWLDF
ETORO GROUP LTD,G32089107,25302100,613087,,ETOR
TIDEWATER INC NEW,88642R109,25202265,472572,,TDGMW
ELME COMMUNITIES,939653101,25084915,1487836,,ELME
FORTREA HLDGS INC,34965K107,24949209,2963089,,
SITE CTRS CORP,82981J851,24842084,2757168,,
LEVI STRAUSS & CO NEW,52736R102,24840619,1066121,,LEVI
BORGWARNER INC,099724106,24602008,559645,,BWA
VARONIS SYS INC,922280AD4,24601038,22821000,,
LXP INDUSTRIAL TRUST,529043309,24549594,508121,,LXP-PC
ALARM COM HLDGS INC,011642105,24471844,461037,,
POST HLDGS INC,737446104,24424830,227250,,
DIGITALBRIDGE GROUP INC,25401T603,24306820,2077506,,
BAR HBR BANKSHARES,066849100,24211984,794878,,
ISHARES TR,464287184,24116481,586205,,
INVENTRUST PPTYS CORP,46124J201,24047240,840225,,
ISHARES TR,464287689,23951507,63207,,
EXTREME NETWORKS,30226D106,23900042,1157387,,
METTLER TOLEDO INTERNATIONAL,592688105,23843869,19423,,
PPG INDS INC,693506107,23793066,226363,,
LIGHT & WONDER INC,80874P109,23736301,282777,,
WESTLAKE CORPORATION,960413102,23581208,306011,,WLK
ACV AUCTIONS INC,00091G104,23569944,2378400,,ACVA
BAUSCH PLUS LOMB CORP,071705107,23511099,1560126,,
HEWLETT PACKARD ENTERPRISE C,42824C208,23436785,343900,,
BROOKFIELD RENEWABLE PARTNER,G16258108,23432567,909147,,
ISHARES TR,464288323,23348008,437638,,
KURA SUSHI USA INC,501270102,23293176,392075,,
VESTA REAL ESTATE CORP,92540K109,23256756,822084,,
ENERSYS,29275Y102,23141025,204860,,ENS
FIDELITY COVINGTON TRUST,316092162,23130853,466845,,
CAMDEN NATL CORP,133034108,23124054,599224,,
CINCINNATI FINL CORP,172062101,23086772,146026,,
PLANET LABS PBC,72703X106,22972835,1769864,,PL
INTERDIGITAL INC,45867GAD3,22920909,5126000,,
ISHARES TR,464287168,22793642,160406,,
FIRST INDL RLTY TR INC,32054K103,22787313,442730,,
BAIDU INC,056752108,22773546,172828,,
FIDELITY MERRIMACK STR TR,316188853,22564953,443668,,
NATIONAL STORAGE AFFILIATES,637870106,22551524,746245,,
SSR MINING IN,784730103,22507814,921696,,
ZURN ELKAY WATER SOLNS CORP,98983L108,22461387,477597,,
VANGUARD BD INDEX FDS,921937835,22461176,302020,,
FORD MTR CO,345370CZ1,22379094,22081000,,
MANPOWERGROUP INC WIS,56418H100,22197703,585691,,
STRATEGY INC,594972AQ4,22172463,11747000,,STRD
TRACTOR SUPPLY CO,892356106,21985871,386599,,
CITIZENS FINL GROUP INC,174610105,21903721,412034,,
TERADATA CORP DEL,88076W103,21886339,1017496,,
NEXTERA ENERGY INC,65339F663,21884319,438300,,NEE-PS
STANLEY BLACK & DECKER INC,854502101,21693879,291859,,
ISHARES TR,464288273,21647262,282159,,
ISHARES TR,464287655,21645843,89460,,
TELEPHONE & DATA SYS INC,879433829,21542014,548981,,
TPG INC,872657101,21441202,373215,,TPGXL
PG&E CORP,69331CAL2,21406187,21167000,,PCG-PX
BITDEER TECHNOLOGIES GROUP,G11448100,21387810,1251481,,BTDR
NOVARTIS AG,66987V109,21124073,164723,,NVSEF
EMBRAER S.A.,29082A107,21047481,348180,,EMBJ
MATCH GROUP INC NEW,57667L107,20850597,590334,,
FOX CORP,35137L105,20773845,329430,,FOX
CAL MAINE FOODS INC,128030202,20752720,220539,,
FIDELITY COVINGTON TRUST,316092139,20708998,510611,,
FIDELITY GREENWOOD STREET TR,31624J729,20637440,736000,,
LIQUIDIA CORPORATION,53635D202,20636072,907479,,LQDA
MICROCHIP TECHNOLOGY INC.,595017104,20596346,320715,,MCHPP
WEST BANCORPORATION INC,95123P106,20480142,1007881,,WTBA
DUKE ENERGY CORP NEW,26441CBY0,20460910,19060000,,DUK-PA
ASTRIA THERAPEUTICS INC,04635X102,20374842,2798742,,
QIAGEN NV,N72482206,20334014,459225,,
CMS ENERGY CORP,125896100,20318635,277350,,CMS-PC
OLIN CORP,680665205,20245188,810132,,OLN
KIRBY CORP,497266106,20140407,241347,,KEX
THREDUP INC,88556E102,20109543,2127994,,TDUP
SABRA HEALTH CARE REIT INC,78573L106,19854713,1065167,,
PERSPECTIVE THERAPEUTICS INC,46489V302,19800779,5772822,,
SPDR S&P 500 ETF TR,78462F103,19782295,29695,,
SNOWFLAKE INC,833445AD1,19756610,12620000,,SNOW
ARES MANAGEMENT CORPORATION,03990B309,19745220,396570,,ARES-PB
MSC INDL DIRECT INC,553530106,19724998,214076,,
THE BEAUTY HEALTH COMPANY,88331L108,19716007,9907541,,
AMBARELLA INC,G037AX101,19683661,238532,,AMBA
SENTINELONE INC,81730H109,19522464,1108601,,
FB FINL CORP,30257X104,19507105,349966,,
ACNB CORP,000868109,19494262,442649,,ACNB
ISHARES TR,464288372,19466930,318504,,
FIDELITY COVINGTON TRUST,316092170,19457082,594019,,
FIDELITY COVINGTON TRUST,31609A305,19393595,471634,,
ISHARES TR,46435G193,19372883,822279,,
MICROCHIP TECHNOLOGY INC.,595017302,19367743,328100,,MCHPP
TYSON FOODS INC,902494103,19317925,355762,,
THE REALREAL INC,88339PAD3,19316388,15162000,,
SNOWFLAKE INC,833445AB5,19233060,12670000,,SNOW
SALLY BEAUTY HLDGS INC,79546E104,19177205,1177961,,
BIOMARIN PHARMACEUTICAL INC,09061G101,19108785,352821,,BMRN
SOUTHERN MO BANCORP INC,843380106,19020833,361888,,
ACI WORLDWIDE INC,004498101,18996514,359987,,
PELOTON INTERACTIVE INC,70614WAB6,18927720,19314000,,
SUPER MICRO COMPUTER INC,86800UAB0,18922830,18570000,,
SCOTTS MIRACLE-GRO CO,810186106,18824967,330553,,SMG
MONARCH CASINO & RESORT INC,609027107,18751038,177164,,MCRI
LIVE NATION ENTERTAINMENT IN,538034BA6,18671750,11575000,,
FRONTIER COMMUNICATIONS PARE,35909D109,18660508,499612,,
XP INC,G98239109,18544377,986928,,XP
RIVIAN AUTOMOTIVE INC,76954AAD5,18430933,20064000,,
FIDELITY COVINGTON TRUST,316092154,18393293,508453,,
NUSCALE PWR CORP,67079K100,18369864,510274,,
ISHARES TR,46434V423,18298009,450912,,
SUNOCO LP/SUNOCO FIN CORP,86765K109,18285156,365630,,
FIDELITY COVINGTON TRUST,316092147,18281897,732888,,
GRUPO TELEVISA S A B,40049J206,18211862,6770209,,
FORWARD AIR CORP,34986A104,18202118,709911,,FWRD
ISHARES TR,464287200,18100061,27043,,
CLOUDFLARE INC,18915MAC1,18072600,14508000,,
HEICO CORP NEW,422806109,18006278,55778,,HEI-A
SOLID BIOSCIENCES INC,83422E204,17979343,2913994,,SLDB
MANNKIND CORP,56400P706,17814943,3317494,,MNKD
MARKEL GROUP INC,570535104,17804318,9315,,MKL
ARCOSA INC,039653100,17804057,189991,,
PAYMENTUS HOLDINGS INC,70439P108,17474987,571078,,
HUDSON PAC PPTYS INC,444097109,17474755,6331433,,
WASTE MGMT INC DEL,94106L109,17398906,78789,,
CARDLYTICS INC,14161WAD7,17332466,32917000,,
DOW INC,260557103,17302553,754581,,DOW
CARTESIAN THERAPEUTICS INC,816212302,17301193,1692876,,
MGM RESORTS INTERNATIONAL,552953101,17261861,498034,,MGM
STUBHUB HLDGS INC,86384P109,17255578,1024678,,
CLOROX CO DEL,189054109,17134857,138968,,
OKLO INC,02156V109,17088879,153085,,OKLO
RIVIAN AUTOMOTIVE INC,76954AAB9,17076431,16491000,,
PROFICIENT AUTO LOGISTICS IN,74317M104,17073951,2478077,,
DTE ENERGY CO,233331107,17031169,120421,,DTG
ENPHASE ENERGY INC,29355A107,16901521,477579,,
CLEAR SECURE INC,18467V109,16879131,505666,,
AVERY DENNISON CORP,053611109,16864405,103992,,AVY
BIO-TECHNE CORP,09073M104,16835254,302629,,TECH
HIMALAYA SHIPPING LTD,G4660A103,16776434,2032642,,HSHP
SKEENA RES LTD NEW,83056P715,16766223,910400,,
GRAY MEDIA INC,389375106,16759237,2899522,,
SHAKE SHACK INC,819047101,16755348,178991,,SHAK
PHIBRO ANIMAL HEALTH CORP,71742Q106,16718841,413219,,PAHC
TOYOTA MOTOR CORP,892331307,16595160,86845,,
FRONTVIEW REIT INC,35922N100,16588552,1209960,,
BLACKSTONE SECD LENDING FD,09261X102,16450170,631000,,
LUMENTUM HLDGS INC,55024UAH2,16394906,6793000,,
CABOT CORP,127055101,16393758,215566,,CBT
LOVESAC COMPANY,54738L109,16305774,963129,,
NICOLET BANKSHARES INC,65406E102,16295751,121158,,NIC
CLEVELAND-CLIFFS INC NEW,185899101,16276898,1334172,,CLF
SUPER MICRO COMPUTER INC,86800U302,16196050,337840,,
CAESARS ENTERTAINMENT INC NE,12769G100,16178273,598641,,
RIVIAN AUTOMOTIVE INC,76954A103,16052125,1093469,,
DAVITA INC,23918K108,16001534,120430,,DVA
COINBASE GLOBAL INC,19260QAB3,15917400,14340000,,
SPORTSMANS WHSE HLDGS INC,84920Y106,15837586,5717540,,
STRIVE INC,862945102,15806680,6322672,,
EVERGY INC,30034WAD8,15772845,12553000,,
PG&E CORP,69331C306,15733050,397500,,PCG-PX
TERAWULF INC,88080T104,15695522,1374389,,WULF
YELP INC,985817105,15694286,503022,,YELP
CONSOLIDATED EDISON INC,209115104,15685921,156047,,ED
GEO GROUP INC NEW,36162J106,15620715,762358,,GEO
UBER TECHNOLOGIES INC,90353TAJ9,15551424,12768000,,
ZOETIS INC,98978V103,15461062,105666,,ZTS
SPDR SERIES TRUST,78464A854,15394623,196510,,
STRATEGY INC,594972AN1,15356530,8620000,,STRD
LIBERTY MEDIA CORP DEL,531229AQ5,15294084,11534000,,FWONB
SYLVAMO CORP,871332102,15186298,343426,,SLVM
PLUMAS BANCORP,729273102,15181699,351917,,PLBC
SCHWAB STRATEGIC TR,808524300,15077898,472513,,
CINEMARK HLDGS INC,17243V102,15060316,537485,,
DIGITALOCEAN HLDGS INC,25402DAB8,15051200,16000000,,
AMERICAN CENTY ETF TR,025072604,15017038,199934,,
FULLER H B CO,359694106,14983694,252761,,FUL
INVESCO EXCH TRADED FD TR II,46138E362,14900703,301329,,
STUDIO CITY INTL HLDGS LTD,86389T106,14853688,3808638,,
DEVON ENERGY CORP NEW,25179M103,14843132,423363,,
J & J SNACK FOODS CORP,466032109,14836488,154402,,
VIMEO INC,92719V100,14771384,1905985,,
KORRO BIO INC,500946108,14750359,308005,,
ORIC PHARMACEUTICALS INC,68622P109,14612712,1217726,,
NORTHWEST BANCSHARES INC MD,667340103,14611316,1179283,,
LEMONADE INC,52567D107,14572525,272231,,
NEXTERA ENERGY INC,65339F119,14562094,309700,,NEE-PS
PETCO HEALTH & WELLNESS CO I,71601V105,14502198,3747338,,
JAZZ INVESTMENTS I LTD,472145AH4,14469368,12195000,,
ALPHA & OMEGA SEMICONDUCTOR,G6331P104,14394843,514837,,AOSL
EXCELERATE ENERGY INC,30069T101,14334218,569044,,
LIVERAMP HLDGS INC,53815P108,14326962,527891,,
SOUTHERN CO,842587DZ7,14322789,12886000,,SOMN
T ROWE PRICE ETF INC,87283Q404,14283281,324915,,
AVIENT CORPORATION,05368V106,14244120,432295,,AVNT
WATTS WATER TECHNOLOGIES INC,942749102,14240208,50989,,WTS
WORLD KINECT CORPORATION,981475106,14205809,547430,,WKC
ACADIA PHARMACEUTICALS INC,004225108,14186768,664797,,ACAD
SEABRIDGE GOLD INC,811916105,14180882,587200,,SA
AEROVIRONMENT INC,008073AA6,14177877,11443000,,AVAV
DYNEX CAP INC,26817Q886,14155634,1151801,,
WESTROCK COFFEE CO,96145W103,14144175,2910324,,WEST
MANAGER DIRECTED PORTFOLIOS,56170L695,14132058,1326954,,
ROBERT HALF INC.,770323103,14065307,413929,,RHI
LUMENTUM HLDGS INC,55024UAF6,14005765,10058000,,
NMI HLDGS INC,629209305,13985435,364774,,
LANDSTAR SYS INC,515098101,13877373,113229,,
KITE RLTY GROUP TR,49803T300,13843965,620806,,
STRIDE INC,86333MAA6,13784917,4850000,,
FIRST MAJESTIC SILVER CORP,32076V103,13731948,1117327,,AG
ON SEMICONDUCTOR CORP,682189AU9,13719197,14869000,,ON
BANCO DE CHILE,059520106,13717417,452720,,
HUB GROUP INC,443320106,13700412,397805,,
URANIUM ENERGY CORP,916896103,13616872,1020755,,UEC
SLIDE INS HLDGS INC,831349105,13607396,862046,,
FOGHORN THERAPEUTICS INC,344174107,13600244,2781236,,FHTX
LUMENTUM HLDGS INC,55024UAD1,13599648,8083000,,
STONEX GROUP INC,861896108,13537560,134142,,SNEX
HCI GROUP INC,40416E103,13488073,70276,,
SEQUANS COMMUNICATIONS S A,817323405,13487018,1425689,,
MAZE THERAPEUTICS INC,578784100,13382732,516110,,
NEW JERSEY RES CORP,646025106,13251795,275219,,
RADIANT LOGISTICS INC,75025X100,13248303,2245475,,
BOOZ ALLEN HAMILTON HLDG COR,099502106,13216627,132232,,
LIONSGATE STUDIOS CORP,53626N102,13209112,1914364,,LION
ICU MED INC,44930G107,13167289,109764,,
BEST BUY INC,086516101,13154927,173961,,
GRIFFON CORP,398433102,13102521,172062,,GFF
U S PHYSICAL THERAPY,90337L108,13029291,153376,,
PLEXUS CORP,729132100,12998950,89840,,PLXS
EVOLV TECHNOLOGIES HLDNGS IN,30049H102,12993407,1720981,,
EURONET WORLDWIDE INC,298736109,12928793,147236,,
ANNEXON INC,03589W102,12866379,4218485,,
MILLICOM INTL CELLULAR S A,L6388F110,12812424,263956,,
HF SINCLAIR CORP,403949100,12784479,244258,,DINO
COMMSCOPE HLDG CO INC,20337X109,12778709,825498,,
ALKERMES PLC,G01767105,12775680,425856,,ALKS
FRESHPET INC,358039AB1,12651744,11256000,,
PPL CAP FDG INC,69352PAS2,12647820,11080000,,
RINGCENTRAL INC,76680R206,12619094,445275,,
MAXLINEAR INC,57776J100,12604871,783885,,
KENNAMETAL INC,489170100,12557513,599977,,KMT
WILEY JOHN & SONS INC,968223206,12546458,310019,,
DEXCOM INC,252131AM9,12544063,13762000,,DXCM
AGILON HEALTH INC,00857U107,12543525,12178180,,
GLOBALSTAR INC,378973507,12532607,344397,,
PENNANT GROUP INC,70805E109,12522840,496544,,
AMKOR TECHNOLOGY INC,031652100,12422302,437405,,
PAYONEER GLOBAL INC,70451X104,12381410,2046514,,PAYO
KINDLY MD INC,49457M106,12381291,11571300,,
SONOS INC,83570H108,12374370,783188,,SONO
GLOBAL E ONLINE LTD,M5216V106,12371241,345952,,
AMBAC FINL GROUP INC,023139884,12347545,1480521,,
COCA COLA CONS INC,191098102,12306267,105038,,
VIZSLA SILVER CORP,92859G608,12302859,2848900,,VZLA
SAVERS VALUE VLG INC,80517M109,12247677,924353,,
DIEBOLD NIXDORF INC,253651202,12159766,213217,,
ANYWHERE REAL ESTATE INC,75605Y106,12119916,1144468,,
UNITED NAT FOODS INC,911163103,12036481,319949,,
NEXTERA ENERGY CAP HLDGS INC,65339KCY4,12028485,10185000,,
MONTROSE ENVIRONMENTAL GROUP,615111101,12006061,437220,,
ISHARES TR,46435U549,11950041,248804,,
AKAMAI TECHNOLOGIES INC,00971T101,11842121,156311,,AKAM
WEC ENERGY GROUP INC,92939UAR7,11731473,9565000,,
CRESCENT BIOPHARMA INC.,G2545C104,11698737,983914,,
J P MORGAN EXCHANGE TRADED F,46654Q609,11640953,124171,,
HUNT J B TRANS SVCS INC,445658107,11564946,86196,,
GLOBAL PMTS INC,37940XAU6,11512075,12578000,,
WEC ENERGY GROUP INC,92939UAP1,11452880,9560000,,
AMERICAN WTR CAP CORP,03040WBE4,11364889,11349000,,
VOR BIOPHARMA INC,929033207,11349957,232963,,VOR
AMERICAN WTR WKS CO INC NEW,030420103,11335376,81438,,
MAREX GROUP PLC,G5S37H101,11319081,336677,,
ASANA INC,04342Y104,11309574,846525,,
HALOZYME THERAPEUTICS INC,40637HAF6,11290580,8036000,,
ISHARES TR,464287150,11288316,77503,,
STRATEGY INC,594972AL5,11274378,7188000,,STRD
WESTERN COPPER & GOLD CORP,95805V108,11255913,5675672,,WRN
BRIGHTSTAR LOTTERY PLC,G4863A108,11233438,651214,,BRSL
ZEVRA THERAPEUTICS INC,488445206,11213079,1179083,,
HESS MIDSTREAM LP,428103105,11206223,324348,,HESM
SCHWAB STRATEGIC TR,808524771,11190553,425496,,
NATIONAL FUEL GAS CO,636180101,11126251,120454,,NFG
AAR CORP,000361105,11091641,123694,,AIR
ORMAT TECHNOLOGIES INC,686688102,11058836,114897,,
COMMUNITY FINANCIAL SYSTEM I,203607106,10966149,187008,,
ENCORE CAP GROUP INC,292554102,10854320,260046,,
BANNER CORP,06652V208,10841953,165526,,BANR
SPDR INDEX SHS FDS,78463X889,10781407,251961,,
KEYSIGHT TECHNOLOGIES INC,49338L103,10762808,61530,,
GOSSAMER BIO INC,38341P102,10744123,4085218,,
ZYNGA INC,98986TAD0,10717633,9800000,,
D-WAVE QUANTUM INC,26740W109,10692956,432738,,QBTS
MUELLER WTR PRODS INC,624758108,10665242,417917,,
STERIS PLC,G8473T100,10659511,43079,,STE
PAGERDUTY INC,69553P100,10657515,645128,,
ABM INDS INC,000957100,10655735,231044,,
ISHARES TR,464288414,10649000,100000,,
FIREFLY AEROSPACE INC,31816X106,10648408,363179,,FLY
MFA FINL INC,55272X607,10620929,1155705,,
FLUOR CORP,343412AJ1,10575275,8913000,,FLR
GERON CORP,374163103,10534967,7689757,,GERN
IRHYTHM TECHNOLOGIES INC,450056AB2,10534216,7678000,,
GRANITE CONSTR INC,387328AD9,10509408,4368000,,
HALOZYME THERAPEUTICS INC,40637HAD1,10479038,9162000,,
GRANITE CONSTR INC,387328AF4,10467898,6844000,,
TELUS CORPORATION,87971M103,10438611,662747,,TU
NUTANIX INC,67059NAH1,10417696,7571000,,
UNIVEST FINANCIAL CORPORATIO,915271100,10365576,345289,,
MICROCHIP TECHNOLOGY INC.,595017BG8,10358138,10684000,,MCHPP
ISHARES TR,46434V290,10348128,139181,,
SONY GROUP CORP,835699307,10333679,358933,,SNEJF
GUARDANT HEALTH INC,40131MAD1,10302562,7928000,,
ELBIT SYS LTD,M3760D101,10278516,20216,,
MERITAGE HOMES CORP,59001ABF8,10271466,10036000,,MTH
DUCOMMUN INC DEL,264147109,10263512,106767,,
ARCHER AVIATION INC,03945R102,10262623,1071255,,ACHR-WT
GENUINE PARTS CO,372460105,10248705,73945,,GPC
BANK HAWAII CORP,062540109,10148707,154612,,
BARCLAYS PLC,06738E204,10129991,490082,,BCLYF
ADVANCED DRAIN SYS INC DEL,00790R104,10127185,73015,,
CNX RES CORP,12653CAG3,10093068,4034000,,
UNIVERSAL TECHNICAL INST INC,913915104,10003201,307318,,
SHIFT4 PMTS INC,82452J307,9987440,104800,,
FIGURE TECHNOLOGY SOLUTIO,349381103,9956397,273753,,
FIVERR INTL LTD,33835LAA3,9952000,10000000,,
METALLA RTY & STREAMING LTD,59124U605,9942836,1565800,,
LAKELAND FINL CORP,511656100,9929332,154662,,
FIRST FINL BANKSHARES INC,32020R109,9894009,294027,,
WYNN RESORTS LTD,983134107,9863322,76895,,WYNN
WENDYS CO,95058W100,9858807,1076289,,
DOLLY VARDEN SILVER CORP,256827783,9841425,1959415,,
MARRIOTT VACATIONS WORLDWIDE,57164YAD9,9832000,10000000,,
BICARA THERAPEUTICS INC,055477103,9736272,616610,,BCAX
AMERICAN CENTY ETF TR,025072299,9728779,135972,,
INVESCO EXCHANGE TRADED FD T,46137V258,9728261,97890,,
IONIS PHARMACEUTICALS INC,462222AF7,9657924,6989000,,IONS
PRICE T ROWE GROUP INC,74144T108,9642785,93948,,TROW
BRIGHTSPRING HEALTH SVCS INC,10950A205,9634446,95400,,
BENCHMARK ELECTRS INC,08160H101,9632969,249882,,
ISHARES TR,46432F834,9624431,116547,,
OGE ENERGY CORP,670837103,9606473,207618,,OGE
MYR GROUP INC DEL,55405W104,9590183,46100,,MYRG
VANGUARD ADMIRAL FDS INC,921932505,9584806,22011,,
CONTINEUM THERAPEUTICS INC,21217B100,9574734,814871,,
RECURSION PHARMACEUTICALS IN,75629V104,9453229,1937137,,
CENTERPOINT ENERGY INC,15189TBD8,9410580,8478000,,CNP
EASTMAN CHEM CO,277432100,9359843,148451,,
NEWS CORP NEW,65249B208,9348173,270569,,NWSLL
ICF INTL INC,44925C103,9339114,100637,,
XYLEM INC,98419M100,9336144,63296,,XYL
COLUMBIA SPORTSWEAR CO,198516106,9283093,177497,,COLM
BLACKBAUD INC,09227Q100,9271637,144171,,BLKB
SOUTHERN CO,842587DP9,9256112,8224000,,SOMN
PELOTON INTERACTIVE INC,70614WAD2,9216792,4122000,,
AMPLITUDE INC,03213A104,9184103,856726,,
VICOR CORP,925815102,9184030,184715,,VICR
FIRST MERCHANTS CORP,320817109,9183117,243584,,FRMEP
BORR DRILLING LTD,G1466R173,9170043,3408938,,BORR
IONIS PHARMACEUTICALS INC,462222AD2,9106794,7422000,,IONS
TETRA TECH INC NEW,88162GAB9,9099000,8425000,,TTEK
NORTHERN OIL & GAS INC,665531AJ8,9040541,9027000,,
EASTERLY GOVT PPTYS INC,27616P301,9038089,394160,,
Q2 HLDGS INC,74736L109,9018057,124576,,
MOELIS & CO,60786M105,9011781,126357,,MC
MATIV HOLDINGS INC,808541106,8982085,794172,,
NEUROCRINE BIOSCIENCES INC,64125C109,8955226,63793,,NBIX
GLAUKOS CORP,377322102,8947421,109717,,GKOS
JAZZ INVESTMENTS I LTD,472145AF8,8909170,8393000,,
FLOWCO HLDGS INC,342909108,8895536,599026,,
FIDELITY COVINGTON TRUST,31609A867,8864800,280000,,
BRIDGEBIO PHARMA INC,10806XAB8,8786334,6267000,,
GENMAB A/S,372303206,8749938,285293,,GNMSF
ARLO TECHNOLOGIES INC,04206A101,8737725,515500,,
PLAINS ALL AMERN PIPELINE L,726503105,8716090,510908,,
FIDELITY COVINGTON TRUST,316092840,8712030,156382,,
HORACE MANN EDUCATORS CORP N,440327104,8693780,192468,,
APOGEE ENTERPRISES INC,037598109,8652697,198593,,
LENDINGTREE INC NEW,52603B107,8647604,133595,,
BIOMEA FUSION INC,09077A106,8634031,4274273,,
WINNEBAGO INDS INC,974637100,8555691,255852,,
PEBBLEBROOK HOTEL TR,70509V605,8546258,426886,,
BRIDGEBIO PHARMA INC,10806XAD4,8515925,8650000,,
ARRAY DIGITAL INFRASTRUCTURE,911684108,8498149,169929,,
COGENT COMMUNICATIONS HLDGS,19239V302,8482895,221197,,
UGI CORP NEW,902681AB1,8442322,6605000,,
SABLE OFFSHORE CORP,78574H104,8437039,483221,,SOC
NUSHARES ETF TR,67092P607,8392751,190312,,
NOAH HLDGS LTD,65487X102,8361026,721400,,
ACM RESH INC,00108J109,8328468,212841,,
MITSUBISHI UFJ FINL GROUP IN,606822104,8315669,521686,,
DROPBOX INC,26210CAD6,8290056,8033000,,
MIRUM PHARMACEUTICALS INC,604749AB7,8251554,3436000,,
COPART INC,217204106,8239217,183216,,CPRT
BRIGHTVIEW HLDGS INC,10948C107,8147803,608045,,
HALLADOR ENERGY COMPANY,40609P105,8147128,416307,,
ATRICURE INC,04963C209,8093471,229602,,
INVESCO EXCH TRADED FD TR II,46138E297,8076145,303421,,
COMMERCE BANCSHARES INC,200525103,8069493,135032,,
QXO INC,82846H504,8045780,146500,,
APPIAN CORP,03782L101,7997723,261620,,APPN
EVOLENT HEALTH INC,30050BAJ0,7996432,8000000,,
OSISKO DEVELOPMENT CORP,68828E809,7995743,2337747,,
ISHARES TR,464289438,7974108,29140,,
COOPER COS INC,216648501,7973393,116298,,
SHIFT4 PMTS INC,82452JAB5,7965864,7764000,,
HUYA INC,44852D108,7965217,2391957,,HUYA
BANCFIRST CORP,05945F103,7962683,62971,,
SCHWAB STRATEGIC TR,808524607,7959351,285281,,
SUNCOKE ENERGY INC,86722A103,7948036,974024,,
TOPGOLF CALLAWAY BRANDS CORP,131193104,7916113,833275,,
ICICI BANK LIMITED,45104G104,7846970,259576,,
NATWEST GROUP PLC,639057207,7811622,552058,,RBSPF
BANCO BILBAO VIZCAYA ARGENTA,05946K101,7805548,405483,,
ETSY INC,29786AAJ5,7770549,7502000,,ETSY
GROUPON INC,399473206,7727402,330938,,
TRANSMEDICS GROUP INC,89377MAB5,7709848,5431000,,
SEMTECH CORP,816850AF8,7687023,3907000,,SMTC
LIBERTY GLOBAL LTD,G61188127,7679777,653598,,LBTYK
SANOFI SA,80105N105,7661504,162320,,
ALGOMA STL GROUP INC,015658107,7651000,2152180,,
BLACKLINE INC,09239BAF6,7629348,7356000,,
ZIMMER BIOMET HOLDINGS INC,98956P102,7623918,77400,,
GLOBAL BUSINESS TRAVEL GROUP,37890B100,7601688,940803,,
TEXAS PACIFIC LAND CORPORATI,88262P102,7585825,8125,,
VANGUARD WORLD FD,921910873,7528763,30844,,
POST HLDGS INC,737446AT1,7523010,6705000,,
PENN ENTERTAINMENT INC,707569AU3,7507257,7278000,,
ALCOA CORP,013872106,7501228,228070,,AA
CIMPRESS PLC,G2143T103,7498356,118946,,CMPR
OMNICELL COM,68213N109,7476541,245535,,
BLOOM ENERGY CORP,093712AK3,7472113,1669000,,BE
SNAP INC,83304AAK2,7470990,8738000,,SNAP
ARS PHARMACEUTICALS INC,82835W108,7456728,741963,,
ENBRIDGE INC,29250N105,7439300,147441,,ENBNF
VICTORY CAP HLDGS INC,92645B103,7422791,114620,,
TYLER TEX INDPT SCH DIST,902252AB1,7412515,6754000,,
MDU RES GROUP INC,552690109,7398592,415418,,
CENTRAL PAC FINL CORP,154760409,7337972,241858,,
ISHARES TR,464288257,7315904,52922,,
GENERAL MLS INC,370334104,7291219,144610,,
UTZ BRANDS INC,918090101,7288651,599889,,
SEACOAST BKG CORP FLA,811707801,7284303,239379,,
AVISTA CORP,05379B107,7253735,191847,,AVA
SHIFT4 PMTS INC,82452JAD1,7235959,7353000,,
KFORCE INC,493732101,7220143,240832,,KFRC
FASTLY INC,31188V100,7200340,842145,,
ACCELERANT HOLDINGS,G00894108,7109454,477465,,ARX
NEWS CORP NEW,65249B109,7090523,230886,,NWSLL
ACADIAN ASSET MANAGEMENT INC,10948W103,7077160,146951,,AAMI
CATALYST PHARMACEUTICALS INC,14888U101,7061248,358439,,
CRESCENT ENERGY COMPANY,44952J104,7053124,790709,,
PALVELLA THERAPEUTICS INC NE,697947109,6923860,110446,,
COMMUNITY TR BANCORP INC,204149108,6905237,123418,,
SUNRUN INC,86771WAD7,6895928,5075000,,RUN
NETSCOUT SYS INC,64115T104,6891883,266817,,
CAMP4 THERAPEUTICS CORP,13463J101,6889587,2296529,,CAMP
AMERICAN INTL GROUP INC,026874784,6879493,87592,,
EXPEDIA GROUP INC,30212PBE4,6871768,6824000,,
ING GROEP N.V.,456837103,6854418,262822,,
LANTHEUS HLDGS INC,516544AB9,6835604,6507000,,
FRANKLIN TEMPLETON ETF TR,35473P850,6833126,288699,,
RINGCENTRAL INC,76680RAH0,6821500,7000000,,
SIRIUSXM HOLDINGS INC,829933100,6807768,292493,,
FLYWIRE CORPORATION,302492103,6782619,500932,,FLYW
METHODE ELECTRS INC,591520200,6713060,889147,,
STITCH FIX INC,860897107,6702771,1540867,,
PEBBLEBROOK HOTEL TR,70509V704,6679908,329872,,
IDEXX LABS INC,45168D104,6671632,10443,,
REPLIGEN CORP,759916AD1,6660923,6641000,,RGEN
JETBLUE AIRWAYS CORP,477143AR2,6635878,6427000,,JBLU
1ST SOURCE CORP,336901103,6623881,107600,,SRCE
GCI LIBERTY INC,36164V800,6605772,177241,,
UNITED STS LIME & MINERALS I,911922102,6585788,50063,,
POTLATCHDELTIC CORPORATION,737630103,6576969,161398,,
WALKER & DUNLOP INC,93148P102,6573954,78617,,
BYLINE BANCORP INC,124411109,6565438,236763,,
INDEPENDENT BK CORP MICH,453838609,6559452,211766,,
FIDELITY COVINGTON TRUST,316092501,6555349,85870,,
IRIDIUM COMMUNICATIONS INC,46269C102,6511135,372917,,IRDM
DRAFTKINGS INC NEW,26142RAB0,6444948,7181000,,DKNG
VANGUARD INTL EQUITY INDEX F,922042874,6442455,80733,,
NEUROPACE INC,641288105,6436554,624302,,NPCE
BENTLEY SYS INC,08265TAD1,6410674,6809000,,
RAPT THERAPEUTICS INC,75382E208,6405669,248378,,
REVVITY INC,714046109,6374352,72725,,
VANGUARD WORLD FD,92204A702,6371121,8533,,
NEWMARK GROUP INC,65158N102,6288314,337175,,
DAKOTA GOLD CORP,46655E100,6256532,1375062,,DC
SCHWAB STRATEGIC TR,808524409,6240016,214360,,
IAC INC,44891N208,6234163,182981,,
CIPHER MINING INC,17253JAA4,6225955,2113000,,
ATYR PHARMA INC,002120202,6224166,8627898,,ATYR
UNITED BANKSHARES INC WEST V,909907107,6212154,166949,,
ANTERIX INC,03676C100,6174622,287593,,ATEX
TWIST BIOSCIENCE CORP,90184D100,6172565,219352,,TWST
FURY GOLD MINES LIMITED,36117T100,6167054,9536321,,
NAVIGATOR HLDGS LTD,Y62132108,6133312,395953,,
QUAKER HOUGHTON,747316107,6131411,46538,,
BELLRING BRANDS INC,07831C103,6105782,167972,,
OSI SYSTEMS INC,671044AF2,6089350,4201000,,OSIS
BANDWIDTH INC,05988J103,6088868,365259,,BAND
HELMERICH & PAYNE INC,423452101,6078431,275167,,
NATIONAL GRID PLC,636274409,6057427,83355,,NMKBP
FIDELITY COVINGTON TRUST,316092600,6050652,90484,,
LATHAM GROUP INC,51819L107,6037972,793426,,
HAGERTY INC,405166109,6025695,500473,,
ISHARES TR,464287234,6008535,112519,,
VANGUARD MUN BD FDS,922907746,6008400,120000,,
GRUPO AEROPUERTO DEL PACIFIC,400506101,6008352,25331,,
COMMUNITY WEST BANCSHARES NE,203937107,5997919,287808,,
VIAVI SOLUTIONS INC,925550105,5992256,472203,,VIAV
ADVANCED ENERGY INDS,007973AE0,5987963,4325000,,
GRAIL INC,384747101,5974140,101034,,
FUBOTV INC,35953DAB0,5925000,6000000,,FUBO
AMERICAN SUPERCONDUCTOR CORP,030111207,5910671,99523,,
TRINITY INDS INC,896522109,5910467,210787,,
SEADRILL LTD,G7997W102,5866842,194202,,SDRL
FIDELITY COVINGTON TRUST,316092709,5841267,71287,,
LB PHARMACEUTICALS INC,50180M108,5828089,369100,,LBRX
FIRST BUSEY CORP,319383204,5816229,251241,,
DOMO INC,257554105,5803428,366378,,
PARK NATL CORP,700658107,5802484,35701,,
ORION S.A.,L72967109,5800686,765262,,OEC
FIRST COMWLTH FINL CORP PA,319829107,5796625,339978,,
TWO HARBORS INVENTMENT CORPO,90187BAB7,5785502,5800000,,
STMICROELECTRONICS N V,861012102,5762022,203893,,
ROCKWELL AUTOMATION INC,773903109,5748819,16447,,
PDF SOLUTIONS INC,693282105,5746912,222576,,PDFS
NB BANCORP INC,63945M107,5711169,323579,,
VIR BIOTECHNOLOGY INC,92764N102,5708573,999750,,
REPLIMUNE GROUP INC,76029N106,5702921,1361079,,
UNITY SOFTWARE INC,91332UAB7,5679372,5972000,,U
MARTEN TRANS LTD,573075108,5673252,532200,,
ISHARES TR,464287846,5662537,34851,,
SIERRA BANCORP,82620P102,5633952,194879,,BSRR
VISHAY INTERTECHNOLOGY INC,928298AR9,5621997,6191000,,VSH
IDT CORP,448947507,5613543,107313,,IDT
DESIGN THERAPEUTICS INC,25056L103,5578593,740849,,
PRINCIPAL FINANCIAL GROUP IN,74251V102,5571875,67204,,
CMS ENERGY CORP,125896BX7,5522085,5043000,,CMS-PC
ATEA PHARMACEUTICALS INC,04683R106,5516638,1902289,,
BHP GROUP LTD,088606108,5506009,98762,,BHPLF
EMPIRE ST RLTY TR INC,292104106,5496287,717531,,
PROVIDENT FINL SVCS INC,74386T105,5481497,284310,,
DOMINION ENERGY INC,25746U109,5466570,89367,,
QUALYS INC,74758T303,5465361,41301,,
TWFG INC,87318A101,5446374,198483,,
INVESCO EXCHANGE TRADED FD T,46137V308,5439481,41059,,
PROS HOLDINGS INC,74346Y103,5438078,237367,,
SUMITOMO MITSUI FINL GROUP I,86562M209,5419347,323736,,
IMPINJ INC,453204AD1,5419288,3248000,,PI
RELX PLC,759530108,5414655,113372,,RLXXF
AEVA TECHNOLOGIES INC,00835Q202,5392304,371883,,
SLEEP NUMBER CORP,83125X103,5375719,765772,,SNBRQ
SCHWAB STRATEGIC TR,808524888,5353298,117629,,
PATRICK INDS INC,703343AG8,5350921,3301000,,
BOX INC,10316TAD6,5339565,5313000,,BXCAP
SCHWAB STRATEGIC TR,808524870,5327804,197692,,
BANCO SANTANDER S.A.,05964H105,5325007,508111,,
REGIONS FINANCIAL CORP NEW,7591EP100,5302948,201098,,RF-PF
CSG SYS INTL INC,126349AH2,5295644,4773000,,
FRANKLIN ELEC INC,353514102,5290169,55569,,
PEABODY ENGR CORP,704551AD2,5287433,3528000,,
GOLAR LNG LTD,G9456A100,5278071,130613,,GLNG
ITRON INC,465741AQ9,5277330,4605000,,
COOPER STD HLDGS INC,21676P103,5264335,142549,,
MAGNERA CORP,55939A107,5251849,448110,,MAGN
CLEAN HARBORS INC,184496107,5223092,22492,,CLH
MOONLAKE IMMUNOTHERAPEUTICS,61559X104,5196379,724739,,MLTX
SCHWAB STRATEGIC TR,808524102,5195695,202088,,
CNO FINL GROUP INC,12621E103,5181051,131000,,
DYNAGAS LNG PARTNERS LP,Y2188B108,5167124,1472115,,DLNG-PA
LITTELFUSE INC,537008104,5153004,19895,,
SONIC AUTOMOTIVE INC,83545G102,5145891,67629,,SAH
BROADSTONE NET LEASE INC,11135E203,5138322,287539,,
PREFORMED LINE PRODS CO,740444104,5127557,26141,,
COURSERA INC,22266M104,5087035,434418,,
DORIAN LPG LTD,Y2106R110,5084573,170623,,LPG
UMH PPTYS INC,903002103,5074587,341723,,
PROTO LABS INC,743713109,5005101,100042,,PRLB
THE REALREAL INC,88339P101,4999161,470288,,
ETHAN ALLEN INTERIORS INC,297602104,4979683,169032,,ETD
STRATEGIC ED INC,86272C103,4973958,57830,,
PUBLIC SVC ENTERPRISE GRP IN,744573106,4973611,59593,,
BIOCRYST PHARMACEUTICALS INC,09058V103,4953469,652631,,BCRX
DIMENSIONAL ETF TRUST,25434V401,4939441,68187,,
PROGRESS SOFTWARE CORP,743312AD2,4929082,4907000,,
GRUPO AEROPORTUARIO DEL CENT,400501102,4918556,47353,,
FIDELITY COVINGTON TRUST,316092204,4917988,47808,,
CIBUS INC,17166A101,4906507,3803494,,
ENOVIS CORPORATION,194014AB2,4904715,4987000,,ENOV
BP PLC,055622104,4883934,141728,,BPPFF
CAMPING WORLD HLDGS INC,13462K109,4858804,307714,,
INTERFACE INC,458665304,4845366,167428,,TILE
HONDA MOTOR LTD,438128308,4843791,157266,,
HEALTHSTREAM INC,42222N103,4826922,170925,,HSTM
ADAPTIVE BIOTECHNOLOGIES COR,00650F109,4826829,322649,,
ROGERS COMMUNICATIONS INC,775109200,4810560,139738,,RCIAF
FMC CORP,302491303,4785684,142304,,FMC
ALLIANT ENERGY CORP,018802AC2,4778447,4443000,,LNT
FIDELITY COVINGTON TRUST,316092279,4778431,159466,,
SUPERNUS PHARMACEUTICALS INC,868459108,4772214,99858,,
HOLOGIC INC,436440101,4765739,70614,,
BLACK HILLS CORP,092113109,4740890,76975,,
LIVANOVA PLC,53802LAB8,4729403,4410000,,LIVN
PROSHARES TR,74348A467,4723407,45827,,
WORLD KINECT CORPORATION,98149GAB6,4693406,4268000,,WKC
ALLBIRDS INC,01675A208,4676973,824863,,
EXP WORLD HLDGS INC,30212W100,4654081,436593,,
GRAHAM HLDGS CO,384637104,4633919,3936,,
SPIRE INC,84857L101,4568440,56041,,SRJN
DOUYU INTL HLDGS LTD,25985W204,4562407,606703,,
WISDOMTREE TR,97717X669,4551247,51161,,
HAEMONETICS CORP MASS,405024AD2,4544086,4925000,,
CLEARWAY ENERGY INC,18539C204,4524605,160163,,
DIMENSIONAL ETF TRUST,25434V724,4521715,101180,,
ISHARES TR,46429B697,4509199,47395,,
VTV THERAPEUTICS INC,918385204,4487609,192891,,VTVT
TELEFONICA S A,879382208,4484802,882835,,TELFY
PC CONNECTION INC,69318J100,4482993,72318,,CNXN
PINNACLE WEST CAP CORP,723484101,4476007,49922,,
SNAP ON INC,833034101,4470262,12900,,
TELADOC HEALTH INC,87918A105,4466541,577819,,
MIZUHO FINANCIAL GROUP INC,60687Y109,4454078,664788,,MZHOF
ISHARES TR,464288760,4450857,21269,,
EVOLENT HEALTH INC,30050BAH4,4427566,5531000,,
AMERICAN ASSETS TR INC,024013104,4394241,216252,,
VERISIGN INC,92343E102,4391522,15708,,
KELLANOVA,487836108,4371632,53299,,
PENN ENTERTAINMENT INC,707569109,4337448,225205,,
NUSHARES ETF TR,67092P300,4318428,98534,,
Q2 HLDGS INC,74736LAD1,4314900,4171000,,
SIMMONS 1ST NATL CORP,828730200,4303013,224466,,
KODIAK SCIENCES INC,50015M109,4299171,262625,,KOD
OUSTER INC,68989M202,4292483,158687,,
SOUNDHOUND AI INC,836100107,4289227,266743,,
WORTHINGTON ENTERPRISES INC,981811102,4262631,76818,,
TRAVERE THERAPEUTICS INC,89422GAA5,4235718,3757000,,
STURM RUGER & CO INC,864159108,4229022,97286,,RGR
ADMA BIOLOGICS INC,000899104,4216187,287598,,
VANECK ETF TRUST,92189F643,4210134,42479,,
SNAP INC,83304AAH9,4184701,4694000,,SNAP
SAREPTA THERAPEUTICS INC,803607AD2,4155736,4724000,,
VANGUARD SCOTTSDALE FDS,92206C730,4155551,13744,,
WORKIVA INC,98139AAD7,4151775,4215000,,WK
COMPANHIA DE SANEAMENTO BASI,20441A102,4114567,165310,,
SPROUT SOCIAL INC,85209W109,4106428,317835,,
ESCO TECHNOLOGIES INC,296315104,4106301,19451,,ESE
EDGEWISE THERAPEUTICS INC,28036F105,4105168,253093,,
LENZ THERAPEUTICS INC,52635N103,4065968,87290,,
APPLIED DIGITAL CORP,038169207,4053796,176713,,APLD
FORTIVE CORP,34959J108,4052638,82724,,FTV
VERTEX INC,92538JAB2,4032480,3968000,,
ISHARES TR,464287549,4009549,31834,,
SPIRIT AEROSYSTEMS INC,85205TAQ3,3972591,2699000,,
SCHRODINGER INC,80810D103,3960145,197415,,
PAGERDUTY INC,69553PAD2,3952942,4046000,,
MONTE ROSA THERAPEUTICS INC,61225M102,3938941,531571,,
UNIVERSAL DISPLAY CORP,91347P105,3936404,27407,,
ANTERO MIDSTREAM CORP,03676B102,3936118,202475,,AM
VAREX IMAGING CORP,92214X106,3913688,315620,,VREX
HALLIBURTON CO,406216101,3905735,158770,,HAL
PORCH GROUP INC,733245104,3897407,232265,,
SOLARIS ENERGY INFRAS INC,83419XAA6,3894834,2176000,,
FIRST FINL BANCORP OH,320209109,3856022,152714,,
SPDR INDEX SHS FDS,78463X509,3819601,81598,,
SCHWAB STRATEGIC TR,808524508,3815330,128722,,
ISHARES TR,464287754,3795856,26021,,
SCHNEIDER NATIONAL INC,80689H102,3781629,178716,,
SCHWAB STRATEGIC TR,808524763,3780461,121325,,
FIDELITY COVINGTON TRUST,316092832,3761864,64175,,
FRESH DEL MONTE PRODUCE INC,G36738105,3761600,108341,,
VANECK ETF TRUST,92189H300,3740455,146627,,
SAILPOINT INC,78781J109,3739226,169349,,
ORMAT TECHNOLOGIES INC,686688AB8,3738071,3106000,,
HEALTHCARE SVCS GROUP INC,421906108,3718067,220919,,
PILGRIMS PRIDE CORP,72147K108,3712850,91180,,PPC
WABASH NATL CORP,929566107,3693542,374219,,
FORTE BIOSCIENCES INC,34962G208,3666000,244400,,
SPHERE ENTERTAINMENT CO,55826TAB8,3657150,1935000,,SPHR
OCEANEERING INTL INC,675232102,3657032,147580,,
PAYCHEX INC,704326107,3634178,28670,,PAYX
FULTON FINL CORP PA,360271100,3633111,195014,,
FIRST TR EXCHANGE-TRADED FD,33734H106,3623019,78352,,
VIVID SEATS INC,92854T209,3612207,217341,,SEATW
SUN CTRY AIRLS HLDGS INC,866683105,3598625,304710,,
ANI PHARMACEUTICALS INC,00182CAC7,3597803,2564000,,ANIP
HP INC,40434L105,3585731,131683,,HPQ
AMICUS THERAPEUTICS INC,03152W109,3579703,454277,,
YEXT INC,98585N106,3534275,414821,,
TAKEDA PHARMACEUTICAL CO LTD,874060205,3533999,241393,,TKPHF
VANGUARD SCOTTSDALE FDS,92206C870,3511790,41752,,
BERKLEY W R CORP,084423102,3508691,45794,,WRB-PH
TPG RE FIN TR INC,87266M107,3503000,409229,,
NUSHARES ETF TR,67092P201,3502771,35221,,
WISDOMTREE INC,97717PAH7,3496225,2675000,,
PACIRA BIOSCIENCES INC,695127AJ9,3486418,3440000,,
ACUMEN PHARMACEUTICALS INC,00509G209,3470146,2029325,,
PULMONX CORP,745848101,3469060,2141395,,LUNG
SHINHAN FINANCIAL GROUP CO L,824596100,3457754,68647,,
VODAFONE GROUP PLC NEW,92857W308,3457094,298025,,
TANDEM DIABETES CARE INC,875372203,3454619,284565,,TNDM
AMPHASTAR PHARMACEUTICALS IN,03209RAB9,3447030,3803000,,
BROADRIDGE FINL SOLUTIONS IN,11133T103,3429370,14399,,
COTERRA ENERGY INC,127097103,3412077,144274,,
VEECO INSTRS INC DEL,922417AJ9,3394318,2657000,,
MADISON SQUARE GARDEN ENTMT,558256103,3371737,74530,,
BURLINGTON STORES INC,122017AD8,3370290,2503000,,
8X8 INC NEW,282914100,3367463,1588426,,
PENGUIN SOLUTIONS INC,83205YAE4,3348750,2820000,,
TANDEM DIABETES CARE INC,875372AD6,3332243,3811000,,TNDM
KIMBERLY-CLARK CORP,494368103,3330434,26785,,
SPDR SERIES TRUST,78468R788,3324479,75556,,
SHAKE SHACK INC,819047AB7,3314062,3500000,,SHAK
TRONOX HOLDINGS PLC,G9087Q102,3304874,822108,,TROX
CHIME FINL INC,16935C109,3284019,162817,,
FIDELITY COVINGTON TRUST,316092303,3277839,65767,,
CABLE ONE INC,12685JAG0,3273173,3835000,,
GLOBAL X FDS,37954Y673,3267735,68607,,
DAKTRONICS INC,234264109,3261365,155897,,
RITHM PPTY TR INC,38983D300,3239258,1285420,,
ARMADA HOFFLER PPTYS INC,04208T108,3219504,459273,,
VANGUARD SCOTTSDALE FDS,92206C714,3218462,36013,,
TVARDI THERAPEUTICS INC,140755307,3204152,82221,,
SELECT SECTOR SPDR TR,81369Y100,3197937,35683,,
WISDOMTREE TR,97717W307,3185686,36604,,
NERDWALLET INC,64082B102,3179160,295461,,
ANI PHARMACEUTICALS INC,00182C103,3173940,34650,,ANIP
SYMBOTIC INC,87151X101,3161990,58664,,SYM
LSI INDS INC OHIO,50216C108,3159561,133823,,
ARCUTIS BIOTHERAPEUTICS INC,03969K108,3154906,167369,,
FIRST TR EXCHANGE-TRADED FD,33733E104,3152538,33667,,
ISHARES TR,464287119,3144138,30145,,
UNION BANKSHARES INC,905400107,3121741,126080,,UNB
EPR PPTYS,26884U109,3083801,53160,,
THE ODP CORP,88337F105,3076812,110478,,
VANGUARD WORLD FD,921910840,3067020,22267,,
MIDDLEBY CORP,596278101,3065765,23063,,MIDD
CERTARA INC,15687V109,3058361,250275,,
GRACO INC,384109104,3031979,35687,,GGG
LIBERTY BROADBAND CORP,530307305,3025902,47622,,LBRDP
NORTHFIELD BANCORP INC DEL,66611T108,3014499,255466,,
HELIX ENERGY SOLUTIONS GRP I,42330P107,3007537,458466,,
NLIGHT INC,65487K100,2997460,101163,,
MEREO BIOPHARMA GROUP PLC,589492107,2997094,1454900,,MREO
CALIX INC,13100M509,2990806,48734,,
FIRST FNDTN INC,32026V104,2990266,536852,,
PLAYTIKA HLDG CORP,72815L107,2985081,767373,,
ONEOK INC NEW,682680103,2960501,40571,,
GREIF INC,397624107,2949096,49349,,
DISH NETWORK CORPORATION,25470MAF6,2946238,2990000,,
ATMOS ENERGY CORP,049560105,2939879,17217,,ATO
XERIS BIOPHARMA HOLDINGS INC,98422E103,2925199,359361,,
CABLE ONE INC,12685J105,2923627,16513,,
AMNEAL PHARMACEUTICALS INC,03168L105,2921509,291859,,
LLOYDS BANKING GROUP PLC,539439109,2920912,643372,,LLOBF
AVANOS MED INC,05350V106,2915767,252229,,
MACOM TECH SOLUTIONS HLDGS I,55405YAB6,2914649,1924000,,
ISHARES TR,46429B689,2893042,34104,,
TRANSOCEAN INC,893830BW8,2884922,2449000,,
MYRIAD GENETICS INC,62855J104,2873860,397491,,MYGN
HONEST CO INC,438333106,2873723,780903,,
NATURAL GROCERS BY VITAMIN C,63888U108,2864800,71620,,
DNOW INC,67011P100,2854221,187162,,DNOW
HERBALIFE LTD,42703MAF0,2845611,3078000,,HLF
IMMERSION CORP,452521107,2840088,386933,,IMMR
NOVAVAX INC,670002401,2830339,326452,,NVAX
VERASTEM INC,92337C203,2826200,320068,,
WEST PHARMACEUTICAL SVSC INC,955306105,2817229,10739,,
XPENG INC,98422D105,2809182,119948,,XPNGF
GRUPO AEROPORTUARIO DEL SURE,40051E202,2804684,8674,,
XPERI INC,98423J101,2801971,432403,,XPER
ISHARES TR,464287572,2798268,23317,,
TELEFONAKTIEBOLAGET LM ERICS,294821608,2784285,336673,,
ISHARES TR,464287291,2777682,26913,,
ORIX CORP,686330101,2774568,106224,,ORXCF
NIO INC,62914V106,2772148,363799,,NIOIF
ALPHATEC HLDGS INC,02081G201,2766889,190295,,
WAYFAIR INC,94419LAP6,2762608,1813000,,W
COMPASS DIVERSIFIED,20451Q104,2757012,416467,,
DARDEN RESTAURANTS INC,237194105,2748734,14440,,DRI
FIFTH THIRD BANCORP,316773100,2729682,61273,,FITB-PK
VANGUARD ADMIRAL FDS INC,921932703,2726569,13669,,
HILLTOP HOLDINGS INC,432748101,2707120,81003,,HTH
KRAFT HEINZ CO,500754106,2695208,103502,,KHC
NICE LTD,653656108,2678430,18500,,NCSYF
NEW FORTRESS ENERGY INC,644393100,2674845,1210337,,NFE
UNIFIRST CORP MASS,904708104,2674286,15995,,
PALMER SQUARE CAPITAL BDC IN,69702V107,2671903,217759,,
SPHERE ENTERTAINMENT CO,55826T102,2657991,42788,,SPHR
VANGUARD WHITEHALL FDS,921946794,2655497,31359,,
PITNEY BOWES INC,724479100,2653521,232561,,
MARQETA INC,57142B104,2639208,499850,,
SCHWAB STRATEGIC TR,808524722,2630570,81898,,
PACIRA BIOSCIENCES INC,695127100,2621866,101741,,
NOMURA HLDGS INC,65535H208,2617082,359984,,
INVESCO EXCHANGE TRADED FD T,46137V597,2603960,57330,,
EXACT SCIENCES CORP,30063PAC9,2585800,2800000,,
NAPCO SEC TECHNOLOGIES INC,630402105,2584344,60171,,
AMERICAN WOODMARK CORPORATIO,030506109,2583545,38699,,
INVESCO EXCHANGE TRADED FD T,46137V100,2578124,16585,,
WESTERN MIDSTREAM PARTNERS L,958669103,2569920,65409,,
GREENBRIER COS INC,393657AM3,2560397,2392000,,
FIRST TR EXCHANGE TRADED FD,33734X846,2547748,33519,,
HYSTER-YALE INC,449172105,2535231,68780,,
AVADEL PHARMACEUTICALS PLC,G29687103,2531430,165778,,
COMPOSECURE INC,20459V105,2527381,121392,,
ISHARES TR,46434V381,2525965,35112,,
DANA INC,235825205,2524820,125989,,DAN
LIBERTY GLOBAL LTD,G61188101,2516410,219582,,LBTYK
INVESCO EXCHANGE TRADED FD T,46137V233,2512104,43673,,
OCEANFIRST FINL CORP,675234108,2510472,142884,,
ISHARES TR,464287762,2503571,42636,,
BOX INC,10316TAB0,2486265,1997000,,BXCAP
AKEBIA THERAPEUTICS INC,00972D105,2485081,910286,,
GANNETT CO INC,36472T109,2476443,599623,,
LIVEONE INC,53814X300,2469286,597890,,
ARCTURUS THERAPEUTICS HLDGS,03969T109,2466395,133825,,
INVESCO EXCHANGE TRADED FD T,46137V746,2462570,19635,,
NCL CORP LTD,62886HBD2,2451283,2395000,,
DBX ETF TR,233051200,2431548,52381,,
KEMPER CORP,488401100,2420891,46962,,KMPB
LIBERTY BROADBAND CORP,530307107,2416293,38154,,LBRDP
AURINIA PHARMACEUTICALS INC,05156V102,2410911,218182,,AUPH
TUTOR PERINI CORP,901109108,2398954,36575,,TPC
VIASAT INC,92552V100,2395978,81774,,VSAT
RUSH STREET INTERACTIVE INC,782011100,2395812,116983,,
AXOGEN INC,05463X106,2395734,134290,,
PROSPERITY BANCSHARES INC,743606105,2392249,36055,,PB
AKAMAI TECHNOLOGIES INC,00971TAL5,2391250,2500000,,AKAM
WARNER MUSIC GROUP CORP,934550203,2386686,70073,,WMG
MARRIOTT VACATIONS WORLDWIDE,57164YAF4,2383000,2500000,,
ASPEN INSURANCE HOLDINGS LTD,G05384501,2378881,64802,,AHL-PF
GLOBUS MED INC,379577208,2359009,41191,,
MAGNITE INC,55955DAB6,2318936,2385000,,
LENNAR CORP,526057302,2311172,19261,,
ZURA BIO LTD,G9TY5A101,2300468,531286,,ZURA
LIVEPERSON INC,538146AD3,2298070,6211000,,LPSN
BOUNDLESS BIO INC,10170A100,2292993,1864222,,
HERITAGE INSURANCE HLDGS INC,42727J102,2291909,91021,,
PRAXIS PRECISION MEDICINES I,74006W207,2286685,43145,,
NEKTAR THERAPEUTICS,640268306,2271903,39928,,NKTR
INVESCO EXCHANGE TRADED FD T,46137V282,2264140,50788,,
CAREDX INC,14167L103,2262657,155616,,
HINGE HEALTH INC,433313103,2257680,46000,,
AMERISAFE INC,03071H100,2256313,51467,,AMSF
WHITESTONE REIT,966084204,2251748,183367,,
POSCO HOLDINGS INC,693483109,2240182,45523,,PKX
WP CAREY INC,92936U109,2220962,32869,,
BENTLEY SYS INC,08265T208,2216165,43049,,
TELEFLEX INCORPORATED,879369106,2212636,18083,,
NABORS INDS INC,62957HAL9,2202480,2898000,,
BROOKDALE SR LIVING INC,112463104,2189614,258514,,
LOEWS CORP,540424108,2183507,21750,,L
KKR REAL ESTATE FIN TR INC,48251K100,2180376,242264,,
EOS ENERGY ENTERPRISES INC,29415C101,2177255,191155,,
TRANSOCEAN LTD,H8817H100,2175851,697388,,RIG
FIDELITY COVINGTON TRUST,316092865,2172182,38466,,
OLYMPIC STEEL INC,68162K106,2166335,71144,,
WILLDAN GROUP INC,96924N100,2156090,22299,,
SUNSTONE HOTEL INVS INC NEW,867892101,2155700,230064,,
CHUNGHWA TELECOM CO LTD,17133Q502,2155018,49404,,CHT
FIDELITY COVINGTON TRUST,316092402,2150723,87003,,
NATIONAL BEVERAGE CORP,635017106,2115442,57298,,FIZZ
FIDELITY COVINGTON TRUST,316092873,2100710,29600,,
ARCELORMITTAL SA LUXEMBOURG,03938L203,2097959,58035,,
ENERGY FUELS INC,292671708,2089738,136110,,UUUU
OPKO HEALTH INC,68375NAG8,2075391,1375000,,
SPDR SERIES TRUST,78468R663,2068901,22549,,
FIDELITY GREENWOOD STREET TR,31624J737,2065280,69000,,
ROOT INC,77664L207,2058014,22992,,
DIMENSIONAL ETF TRUST,25434V807,2054342,44543,,
SPDR SERIES TRUST,78464A631,2053833,8741,,
SPOTIFY USA INC,84921RAB6,2049750,1500000,,
PRUDENTIAL PLC,74435K204,2042583,72975,,PUKPF
SOLARIS RES INC,83419D201,2040741,319831,,
CENTURY ALUM CO,156431AQ1,2036250,1250000,,
SPDR SERIES TRUST,78464A847,2028660,35472,,
COLLEGIUM PHARMACEUTICAL INC,19459J104,2020917,57757,,
ANGI INC,00183L201,2018533,124141,,ANGI
AFFILIATED MANAGERS GROUP IN,008252108,2012588,8441,,
ENERGY RECOVERY INC,29270J100,2007962,130218,,
NEUROGENE INC,64135M105,2002482,115550,,NGNE
WOORI FINL GROUP INC,981064108,2000337,35625,,
RAPID7 INC,753422104,1999613,106646,,
NOVAVAX INC,670002AD6,1992720,1748000,,NVAX
CONAGRA BRANDS INC,205887102,1983980,108355,,CAG
GUESS INC,401617AF2,1980476,2000000,,
EQUINOR ASA,29446M102,1963369,80532,,STOHF
NABORS INDUSTRIES LTD,G6359F137,1958000,47908,,NBR
TETRA TECH INC NEW,88162G103,1956569,58615,,TTEK
BIOVENTUS INC,09075A108,1955500,292302,,BVS
UIPATH INC,90364P105,1950965,145812,,
CABLE ONE INC,12685JAE5,1948009,2000000,,
VANGUARD INTL EQUITY INDEX F,922042866,1944278,22134,,
AMERICAN AIRLS GROUP INC,02376R102,1940732,172663,,
BEL FUSE INC,077347201,1940485,16678,,
ALLETE INC,018522300,1937542,29180,,
AMALGAMATED FINANCIAL CORP,022671101,1935822,71301,,AMAL
ISHARES INC,46434G764,1926577,28538,,
KIMBALL ELECTRONICS INC,49428J109,1923611,64421,,
ISHARES TR,464288158,1922118,18001,,
PURECYCLE TECHNOLOGIES INC,74623VAB9,1916736,1608000,,
MARRIOTT VACATIONS WORLDWIDE,57164Y107,1912668,28736,,
AGCO CORP,001084102,1907074,17811,,
CLEARWAY ENERGY INC,18539C105,1904894,70735,,
ISHARES TR,464287556,1895889,13132,,
INVESCO EXCHANGE TRADED FD T,46137V266,1888776,39580,,
KB FINL GROUP INC,48241A105,1887427,22765,,
REGENXBIO INC,75901B107,1881750,195000,,RGNX
BRIDGEBIO ONCOLOGY THERAPEUT,107924102,1876852,162077,,
MASCO CORP,574599106,1852322,26315,,
MYERS INDS INC,628464109,1846257,108988,,
ETSY INC,29786AAL0,1839524,2000000,,ETSY
INTEGER HLDGS CORP,45826HAB5,1835328,1408000,,
DYNAVAX TECHNOLOGIES CORP,268158201,1834021,184695,,
JACOBS SOLUTIONS INC,46982L108,1833422,12234,,J
ISHARES TR,464287127,1832522,19828,,
BRISTOW GROUP INC,11040G103,1827849,50661,,VTOL
TEEKAY CORPORATION LTD,G8726T105,1809980,221269,,TK
ECOVYST INC,27923Q109,1809431,206556,,ECVT
BADGER METER INC,056525108,1808437,10127,,BMI
REGIONAL MGMT CORP,75902K106,1805251,46336,,
LIVE OAK BANCSHARES INC,53803X105,1800728,51128,,
SCANSOURCE INC,806037107,1799147,40899,,
INVESCO EXCHANGE TRADED FD T,46137V142,1798800,24945,,
FORTIS INC,349553107,1792520,35340,,FTRSF
GOLDMAN SACHS ETF TR,381430107,1784711,43413,,
G III APPAREL GROUP LTD,36237H101,1768687,66467,,
LIVANOVA PLC,G5509L101,1753578,33478,,LIVN
J P MORGAN EXCHANGE TRADED F,46641Q761,1745392,27744,,
EVI INDS INC,26929N102,1735010,54888,,
CERENCE INC,156727AD1,1734776,2105000,,CRNC
GOODYEAR TIRE & RUBR CO,382550101,1720235,229978,,
BLACK DIAMOND THERAPEUTICS I,09203E105,1718985,453558,,
INVESCO EXCHANGE TRADED FD T,46137V464,1707525,12627,,
UNIVERSAL INS HLDGS INC,91359V107,1701242,64686,,
SL GREEN RLTY CORP,78440X887,1696870,28371,,
INFOSYS LTD,456788108,1694951,104177,,INFY
VANGUARD BD INDEX FDS,921937827,1688552,21398,,
ALTIMMUNE INC,02155H200,1677937,445076,,
INDIVIOR PLC,G4766E116,1674512,69453,,
RIGEL PHARMACEUTICALS INC,766559702,1672971,59053,,RIGL
LADDER CAP CORP,505743104,1671510,153209,,
KOHLS CORP,500255104,1667368,108482,,KSS
VANECK ETF TRUST,92189F676,1661055,5090,,
EMERGENT BIOSOLUTIONS INC,29089Q105,1656193,187777,,EBS
RLI CORP,749607107,1652936,25344,,RLI
FIRST TR EXCHANGE-TRADED FD,337345102,1650173,7187,,
UBIQUITI INC,90353W103,1648808,2496,,UI
BROOKFIELD RENEWABLE CORP,11285B108,1647732,47870,,BEPC
EDGEWELL PERS CARE CO,28035Q102,1646880,80888,,
KOPPERS HOLDINGS INC,50060P106,1633492,58339,,KOP
UNITI GROUP LLC,912932100,1632834,266803,,
SEABOARD CORP DEL,811543107,1626562,446,,
ANAPTYSBIO INC,032724106,1625248,53078,,
PAPA JOHNS INTL INC,698813102,1619188,33628,,
WISDOMTREE TR,97717W505,1618235,30941,,
RLJ LODGING TR,74965L200,1614322,64035,,
WATERS CORP,941848103,1613577,5382,,
RILEY EXPLORATION PERMIAN IN,76665T102,1613425,59514,,
PROPETRO HLDG CORP,74347M108,1612757,307778,,
MANULIFE FINL CORP,56501R106,1596148,51231,,
UNITED MICROELECTRONICS CORP,910873405,1593338,210203,,UMC
KEROS THERAPEUTICS INC,492327101,1589515,100475,,
AMPLIFY ETF TR,032108664,1569155,18078,,
KOREA ELEC PWR CORP,500631106,1568675,120205,,
GLOBAL MED REIT INC,37954A303,1544390,45814,,
KNOWLES CORP,49926D109,1541793,66143,,KN
PACER FDS TR,69374H881,1539541,26789,,
SHENANDOAH TELECOMMUNICATION,82312B106,1538791,114664,,
CARMAX INC,143130102,1533343,34173,,KMX
ENI S P A,26874R108,1529202,43754,,
RENASANT CORP,75970E107,1529054,41449,,RNST
WISDOMTREE TR,97717W109,1526364,18171,,
NORWEGIAN CRUISE LINE HLDG L,G66721104,1519006,61673,,
INVESCO EXCH TRADED FD TR II,46138E206,1516611,63403,,
AUTONATION INC,05329W102,1513451,6918,,
ALEXANDRIA REAL ESTATE EQ IN,015271109,1511371,18135,,
CENTERSPACE,15202L107,1505779,25565,,CSR
ISHARES TR,46434V738,1504867,22091,,
RXO INC,74982T103,1490568,96916,,
DAQO NEW ENERGY CORP,23703Q203,1489090,52936,,DQ
DIMENSIONAL ETF TRUST,25434V609,1487251,25550,,
MATSON INC,57686G105,1483241,15045,,
SPDR SERIES TRUST,78464A300,1481567,16713,,
H2O AMERICA,784305104,1481405,30419,,HTO
HERBALIFE LTD,G4412G101,1475194,174786,,HLF
SABRE CORP,78573M104,1467794,802073,,SABR
ACCURAY INC,004397105,1460634,874631,,ARAY
UROGEN PHARMA LTD,M96088105,1457846,73075,,URGN
SFL CORPORATION LTD,G7738W106,1454728,193191,,SFL
RBB FD INC,74933W601,1454132,20617,,
COMMUNITY HEALTHCARE TR INC,20369C106,1449889,94764,,
ISHARES INC,464286525,1445856,12057,,
IRADIMED CORP,46266A109,1445687,20316,,IRMD
WISDOMTREE TR,97717W315,1444546,31410,,
NBT BANCORP INC,628778102,1439342,34467,,NBTB
WOODSIDE ENERGY GROUP LTD,980228308,1428892,94943,,WOPEF
INVESCO EXCHANGE TRADED FD T,46137V530,1421682,25465,,
ASE TECHNOLOGY HLDG CO LTD,00215W100,1414539,127551,,
TETRA TECHNOLOGIES INC DEL,88162F105,1400827,243622,,TTI
BRANDYWINE RLTY TR,105368203,1397538,335141,,
ISHARES TR,464287580,1389380,13257,,
COGNEX CORP,192422103,1387539,30630,,CGNX
J P MORGAN EXCHANGE TRADED F,46654Q815,1386059,27600,,
AURORA INNOVATION INC,051774107,1384524,256869,,
VERINT SYS INC,92343X100,1380503,68173,,
DIMENSIONAL ETF TRUST,25434V880,1378917,43943,,
ATN INTL INC,00215F107,1377569,92022,,
INTERPUBLIC GROUP COS INC,460690100,1375032,49267,,
INVESCO EXCH TRADED FD TR II,46138G698,1365496,12340,,
VANGUARD WORLD FD,921910725,1365041,19678,,
UNITED FIRE GROUP INC,910340108,1358344,44653,,UFCS
SPDR SERIES TRUST,78468R739,1357496,28152,,
FIDELITY COVINGTON TRUST,31609A883,1355333,45000,,
KONINKLIJKE PHILIPS N V,500472303,1354761,49698,,
SEER INC,81578P106,1349883,622066,,
MEDPACE HLDGS INC,58506Q109,1343500,2613,,
SPDR SERIES TRUST,78468R721,1339700,29399,,
TRANSCAT INC,893529107,1338316,18283,,TRNS
INHIBRX BIOSCIENCES INC,45720N103,1322715,39273,,
FLEXSTEEL INDS INC,339382103,1319770,28474,,
CERUS CORP,157085101,1315855,827582,,CERS
UNUSUAL MACHS INC,91532F102,1313700,87000,,
CHEGG INC,163092109,1301193,861717,,
TC ENERGY CORP,87807B107,1299782,23905,,TRPRF
BROOKFIELD WEALTH SOL LTD,G17434104,1299092,18951,,
TARSUS PHARMACEUTICALS INC,87650L103,1295515,21799,,
NAVITAS SEMICONDUCTOR CORP,63942X106,1295088,179375,,NVTS
POWER INTEGRATIONS INC,739276103,1288690,32049,,POWI
VISTEON CORP,92839U206,1283461,10708,,VC
CENTRAL GARDEN & PET CO,153527205,1281513,43397,,CENTA
ISHARES TR,464288448,1273069,34831,,
FINANCIAL INSTNS INC,317585404,1267955,46616,,
BREAD FINANCIAL HOLDINGS INC,018581108,1261922,22627,,
VILLAGE SUPER MKT INC,927107409,1261535,33767,,
VANGUARD CHARLOTTE FDS,92203J407,1253067,25335,,
POLARIS INC,731068102,1251248,21525,,PII
KELLY SVCS INC,488152208,1250441,95308,,
ATLANTIC UN BANKSHARES CORP,04911A107,1240832,35161,,
FIDELITY COVINGTON TRUST,316092386,1239649,24741,,
BOISE CASCADE CO DEL,09739D100,1235244,15976,,BCC
AMER STATES WTR CO,029899101,1234489,16837,,
BANK NOVA SCOTIA HALIFAX,064149107,1234483,19091,,
HELIOS TECHNOLOGIES INC,42328H109,1228808,23572,,
STELLANTIS N.V,N82405106,1227615,131436,,STLA
WISDOMTREE TR,97717W588,1225791,17781,,
ISHARES TR,464289420,1224407,13933,,
ISHARES TR,464287465,1223957,13109,,
ISHARES TR,464287325,1223467,13806,,
INVESCO QQQ TR,46090E103,1221309,2034,,
ISHARES TR,464288208,1218800,14675,,
COMMERCE.COM INC,08975P108,1217625,244013,,
PARK HOTELS & RESORTS INC,700517105,1217074,109844,,PK
VANGUARD SCOTTSDALE FDS,92206C599,1216640,4134,,
DT MIDSTREAM INC,23345M107,1216244,10758,,
MERCHANTS BANCORP IND,58844R108,1212788,38138,,
MOLSON COORS BEVERAGE CO,60871R209,1211055,26764,,TAP
MATADOR RES CO,576485205,1207718,26880,,
BNY MELLON ETF TRUST,09661T107,1207550,9406,,
DR REDDYS LABS LTD,256135203,1207204,86352,,
MBX BIOSCIENCES INC,55287L101,1207080,68976,,
SPDR SERIES TRUST,78468R861,1206667,62554,,
ISHARES TR,46434V803,1205332,30430,,
NEWMARKET CORP,651587107,1203471,1453,,NEU
ROLLINS INC,775711104,1202480,20471,,ROL
INTUITIVE MACHINES INC,46125A100,1201310,114193,,
SK TELECOM CO LTD,78440P306,1201025,55603,,SKM
ISHARES INC,464286392,1194465,6579,,
SUBURBAN PROPANE PARTNERS L,864482104,1193414,63990,,
KULICKE & SOFFA INDS INC,501242101,1192174,29335,,
GEMINI SPACE STA INC,36866J105,1190812,49700,,
INVESCO EXCHANGE TRADED FD T,46137V738,1189967,18248,,
OIL STS INTL INC,678026105,1180124,194740,,
SELECTQUOTE INC,816307300,1179156,601610,,
NORTHWEST NAT HLDG CO,66765N105,1175953,26173,,
LINCOLN ELEC HLDGS INC,533900106,1172302,4971,,
ORTHOFIX MED INC,68752M108,1172108,80062,,
TACTILE SYS TECHNOLOGY INC,87357P100,1169618,84510,,
S & T BANCORP INC,783859101,1163035,30940,,
WESTAMERICA BANCORPORATION,957090103,1162567,23256,,WABC
STARWOOD PPTY TR INC,85571B105,1159527,59862,,
VANGUARD SCOTTSDALE FDS,92206C409,1157761,14485,,
ISHARES TR,464287176,1156243,10396,,
INVESCO LTD,G491BT108,1153400,50279,,IVZ
SUNRUN INC,86771W105,1152724,66670,,RUN
HALOZYME THERAPEUTICS INC,40637H109,1142344,15576,,
WAYFAIR INC,94419LAR2,1140425,550000,,W
FRESHWORKS INC,358054104,1134334,96375,,FRSH
VERIS RESIDENTIAL INC,554489104,1132081,74479,,
FIRST TR EXCHANGE TRADED FD,33734X192,1129262,8401,,
VIPER ENERGY INC,64361Q101,1125579,29450,,
CGI INC,12532H104,1121937,12596,,GIB
CALAVO GROWERS INC,128246105,1120334,43525,,
POOL CORP,73278L105,1118761,3608,,POOL
FOX CORP,35137L204,1118366,19521,,FOX
KALVISTA PHARMACEUTICALS INC,483497103,1112412,91331,,
VANGUARD INDEX FDS,922908363,1105576,1805,,
TONIX PHARMACEUTICALS HLDG C,890260839,1098459,45466,,
ANGIODYNAMICS INC,03475V101,1093956,97937,,ANGO
AMERICAN VANGUARD CORP,030371108,1093476,190501,,AVD
POWELL INDS INC,739128106,1090915,3579,,
READY CAPITAL CORP,75574U101,1088999,281395,,RC-PC
VIRTUS INVT PARTNERS INC,92828Q109,1082601,5697,,
TRAVEL PLUS LEISURE CO,894164102,1073884,18052,,
GREAT SOUTHN BANCORP INC,390905107,1073590,17528,,
AMBEV SA,02319V103,1071700,480583,,
KINDERCARE LEARNING COMPANIE,49456W105,1071610,161387,,
STANDEX INTL CORP,854231107,1065423,5028,,
HOST HOTELS & RESORTS INC,44107P104,1065077,62578,,
ASSURED GUARANTY LTD,G0585R106,1060261,12525,,AGO
GLOBAL X FDS,37954Y632,1059843,21459,,
JANUS HENDERSON GROUP PLC,G4474Y214,1057135,23751,,
LINCOLN NATL CORP IND,534187109,1057026,26209,,
INVESCO EXCHANGE TRADED FD T,46137V431,1055709,9292,,
WATERSTONE FINL INC MD,94188P101,1054810,67616,,
VANGUARD ADMIRAL FDS INC,921932885,1053142,9541,,
FIRST TR EXCHANGE TRADED FD,33738R605,1045071,16878,,
THOR INDS INC,885160101,1044055,10069,,
GORMAN RUPP CO,383082104,1042740,22468,,GRC
ISHARES TR,464288307,1038615,12554,,
ISHARES TR,464287861,1032620,15770,,
AMERICAN CENTY ETF TR,025072877,1024482,10293,,
ORGANOGENESIS HLDGS INC,68621F102,1017775,241179,,
SEALED AIR CORP NEW,81211K100,1012219,28634,,
PEAPACK-GLADSTONE FINL CORP,704699107,1006462,36466,,
WIPRO LTD,97651M109,1004925,382101,,WIT
INSPERITY INC,45778Q107,1003286,20392,,
WORTHINGTON STL INC,982104101,1000712,32929,,
ARRAY TECHNOLOGIES INC,04271TAB6,996498,1151000,,
FIRST TR EXCHANGE-TRADED ALP,33734K109,994945,8517,,
ASTEC INDS INC,046224101,992513,20622,,
AIRBNB INC,009066AB7,977500,1000000,,
FIRST NORTHWEST BANCORP,335834107,975101,123901,,FNWB
BXP INC,101121101,968198,13024,,
KT CORP,48268K101,964977,49486,,KT
XEROX HOLDINGS CORP,98421MAE6,961982,2000000,,XRXDW
TEGNA INC,87901J105,956923,47070,,
DELEK LOGISTICS PARTNERS LP,24664T103,955429,20980,,
LI AUTO INC,50202M102,951770,37560,,LAAOF
INVESCO EXCHANGE TRADED FD T,46137V472,947783,9030,,
DIMENSIONAL ETF TRUST,25434V104,944003,20629,,
INVESCO EXCHANGE TRADED FD T,46137V837,933572,7908,,
CELCUITY INC,15102KAA8,929430,700000,,CELC
ALLEGIANT TRAVEL CO,01748X102,922914,15187,,ALGT
OPPENHEIMER HLDGS INC,683797104,921288,12465,,
HYATT HOTELS CORP,448579102,918992,6475,,H
AMERICAN CENTY ETF TR,025072703,917733,11632,,
DIMENSIONAL ETF TRUST,25434V500,916469,13387,,
ERASCA INC,29479A108,912626,418636,,
ISHARES SILVER TR,46428Q109,910610,21492,,
BJS RESTAURANTS INC,09180C106,904634,29631,,BJRI
VANDA PHARMACEUTICALS INC,921659108,883494,177053,,VNDA
FLEXSHARES TR,33939L860,881997,11108,,
VANGUARD SCOTTSDALE FDS,92206C102,880592,14963,,
ROCKET PHARMACEUTICALS INC,77313F106,874101,268129,,
ALLOGENE THERAPEUTICS INC,019770106,873218,704208,,
MEDICAL PPTYS TRUST INC,58463J304,869782,171555,,
PEARSON PLC,705015105,869470,61403,,PSORF
FIRST TR EXCHANGE TRADED FD,33734X176,868747,5171,,
FLUSHING FINL CORP,343873105,865808,62694,,
MGIC INVT CORP WIS,552848103,864948,30488,,
FIDELITY COVINGTON TRUST,316092360,864587,16614,,
MAGNA INTL INC,559222401,861042,18173,,
XENCOR INC,98401F105,860912,73394,,XNCR
CIVITAS RESOURCES INC,17888H103,857578,26387,,
DOUBLEVERIFY HLDGS INC,25862V105,857409,71570,,
ISHARES TR,464288828,857273,17357,,
CODEXIS INC,192005106,855359,350557,,
SKYWARD SPECIALTY INS GROUP,830940102,854320,17963,,
WHITE MTNS INS GROUP LTD,G9618E107,852534,510,,
ISHARES TR,46434V282,851422,12325,,
ISHARES TR,464288109,848236,9423,,
ONESTREAM INC,68278B107,848222,46024,,
BILIBILI INC,090040106,848206,30196,,BLBLF
RALLYBIO CORP,75120L100,845500,1694388,,RLYB
INVESCO EXCH TRADED FD TR II,46138E230,843517,25180,,
ISHARES TR,464287507,842897,12916,,
INVESCO EXCHANGE TRADED FD T,46137V506,842529,16604,,
ISHARES TR,464287697,842295,7595,,
GENESIS ENERGY L P,371927104,840346,50290,,
WORLD GOLD TR,98149E303,839046,10975,,
RELAY THERAPEUTICS INC,75943R102,837037,160352,,
VANGUARD ADMIRAL FDS INC,921932828,834171,7551,,
SCHWAB STRATEGIC TR,808524748,833900,18735,,
MARCUS CORP DEL,566330106,833321,53728,,MCS
AGIOS PHARMACEUTICALS INC,00847X104,829493,20665,,
SPDR SERIES TRUST,78464A839,827646,9923,,
SEMTECH CORP,816850101,825962,11560,,SMTC
PLYMOUTH INDL REIT INC,729640102,825607,36973,,
ISHARES TR,46429B598,817863,15710,,
IDEX CORP,45167R104,813587,4999,,
JETBLUE AWYS CORP,477143101,813478,165341,,
PEMBINA PIPELINE CORP,706327103,807531,19972,,PMBPF
AIRSHIP AI HLDGS INC,008940108,803160,155350,,
ISHARES TR,46435U713,801848,15181,,
GENERAC HLDGS INC,368736104,800820,4784,,
FIRST TR EXCHANGE TRADED FD,33738R704,799807,8273,,
SOLAREDGE TECHNOLOGIES INC,83417M104,797979,21567,,
VISHAY INTERTECHNOLOGY INC,928298108,797895,52150,,VSH
ALPS ETF TR,00162Q858,789413,13107,,
DBX ETF TR,233051630,787793,26777,,
AEGON LTD,0076CA104,782814,97974,,AEFC
OAK VY BANCORP OAKDALE CALIF,671807105,781774,27752,,
FIVE9 INC,338307AF8,781014,884000,,
TENNANT CO,880345103,777528,9592,,TNC
HEALTH CATALYST INC,42225T107,777452,272790,,
TRUECAR INC,89785L107,776817,422183,,
CENTRAIS ELETRICAS BRASILEIR,15234Q207,776686,78295,,
SPDR SERIES TRUST,78464A888,775321,6997,,
PUMA BIOTECHNOLOGY INC,74587V107,768070,144646,,
HERITAGE COMM CORP,426927109,766656,77206,,
ISHARES TR,464288620,765646,14662,,
QUANTUM COMPUTING INC,74766W108,761106,41342,,QUBT
ELLINGTON FINANCIAL INC,28852N109,760054,58556,,EFC-PC
MERCURY GENL CORP NEW,589400100,759459,8958,,
SCHWAB STRATEGIC TR,808524847,746365,34602,,
CHENIERE ENERGY PARTNERS LP,16411Q101,742178,13790,,
INVESCO EXCH TRADED FD TR II,46138E263,739659,11514,,
CONSOLIDATED WATER CO INC,G23773107,732713,20769,,
IRONWOOD PHARMACEUTICALS INC,46333X108,729783,557086,,IRWD
STEPAN CO,858586100,729524,15294,,SCL
ISHARES INC,464286749,726600,13154,,
FLEXSHARES TR,33939L407,721712,16485,,
REPAY HLDGS CORP,76029L100,719439,137560,,
FIDELITY MERRIMACK STR TR,316188887,718301,14998,,
PROSHARES TR,74347B680,717926,8413,,
AMERICAN CENTY ETF TR,025072885,716992,6596,,
DONNELLEY FINL SOLUTIONS INC,25787G100,715391,13910,,
PURECYCLE TECHNOLOGIES INC,74623V103,713282,54242,,
FUNKO INC,361008105,711323,206780,,
NAVIENT CORPORATION,63938C108,711152,54080,,JSM
PROCORE TECHNOLOGIES INC,74275K108,708637,9718,,
OSCAR HEALTH INC,687793109,707831,37392,,
DOLBY LABORATORIES INC,25659T107,706129,9757,,
FARMLAND PARTNERS INC,31154R109,704872,64786,,FPI
CTS CORP,126501105,704821,17647,,CTS
ERIE INDTY CO,29530P102,703167,2210,,
CEVA INC,157210105,697330,26404,,CEVA
SPDR SERIES TRUST,78464A359,697310,7705,,
CHECK POINT SOFTWARE TECH LT,M22465104,696045,3364,,
MARA HOLDINGS INC,565788106,694921,38057,,
INVESCO EXCH TRADED FD TR II,46138E339,694042,5733,,
MSA SAFETY INC,553498106,693958,4033,,MNESP
FRESENIUS MEDICAL CARE AG,358029106,693432,26336,,FMCQF
VALVOLINE INC,92047W101,692104,19273,,VVV
CELANESE CORP DEL,150870103,689884,16395,,CE
FIDELITY COVINGTON TRUST,316092881,686847,13100,,
ISHARES TR,46436E569,683012,13257,,
OMEGA HEALTHCARE INVS INC,681936100,681920,16152,,
QUANTUMSCAPE CORP,74767V109,677883,55023,,QS
COLUMBIA ETF TR II,19762B202,674468,18565,,
ENOVIX CORPORATION,293594107,673583,67561,,ENVX
CASELLA WASTE SYS INC,147448104,671371,7076,,
CATHAY GEN BANCORP,149150104,667963,13913,,
HIGHWOODS PPTYS INC,431284108,667520,20978,,
ALBEMARLE CORP,012653101,666559,8221,,ALB-PA
AGNC INVT CORP,00123Q104,666246,68054,,
WISDOMTREE TR,97717W208,664571,6596,,
SPDR SERIES TRUST,78464A870,659746,6584,,
THE REAL BROKERAGE INC,75585H206,655491,156816,,
HEALTHCARE RLTY TR,42226K105,649801,36040,,
CASTLE BIOSCIENCES INC,14843C105,649173,28510,,CSTL
PARK AEROSPACE CORP,70014A104,646548,31787,,PKE
ISHARES TR,464289859,643386,7300,,
RENAISSANCERE HLDGS LTD,G7496G103,641791,2527,,
UNIVERSAL HEALTH RLTY INCOME,91359E105,637844,16284,,
TIDAL TRUST I,886364173,635655,4920,,
EXCHANGE TRADED CONCEPTS TRU,301505707,635193,9689,,
ORRSTOWN FINL SVCS INC,687380105,634848,18683,,
LTC PPTYS INC,502175102,633476,17186,,
QUANTERIX CORP,74766Q101,632117,116412,,QTRX
CYTEK BIOSCIENCES INC,23285D109,627327,180786,,
INVESCO EXCH TRD SLF IDX FD,46138J619,624123,10357,,
COSTAMARE INC,Y1771G102,620547,52103,,CMRE-PB
SPDR SERIES TRUST,78464A375,618046,18237,,
JOHN HANCOCK EXCHANGE TRADED,47804J206,617026,9538,,
GRIFOLS S A,398438408,615946,61842,,
JACKSON FINANCIAL INC,46817M107,615276,6078,,JXN-PA
PROSHARES TR,74347R248,612734,8002,,
VANGUARD SCOTTSDALE FDS,92206C771,611502,13022,,
JBS N.V.,N4732M103,611413,40952,,JBS
DILLARDS INC,254067101,611408,995,,
SHIFT4 PMTS INC,82452J109,610686,7890,,
INFORMATICA INC,45674M101,610567,24580,,
AGREE RLTY CORP,008492100,610020,8587,,
UNITED PARKS & RESORTS INC,81282V100,608354,11767,,PRKS
P T TELEKOMUNIKASI INDONESIA,715684106,607942,32303,,
UPSTART HLDGS INC,91680M107,604926,11908,,
FIRST TR EXCHANGE-TRADED FD,336920103,604234,3636,,
BRIGHT HORIZONS FAM SOL IN D,109194100,597786,5506,,
WAFD INC,938824109,593964,19609,,WAFDP
COCA-COLA EUROPACIFIC PARTNE,G25839104,592591,6554,,
HARBOR ETF TRUST,41151J729,592048,25015,,
CCC INTELLIGENT SOLUTIONS HL,12510Q100,590064,64771,,
BLACKSTONE MTG TR INC,09257W100,589875,32041,,
CREDIT ACCEP CORP MICH,225310101,586931,1257,,
ORGANON & CO,68622V106,585440,54817,,OGN
BIO RAD LABS INC,090572207,583492,2081,,
J P MORGAN EXCHANGE TRADED F,46641Q399,582951,4831,,
FIRST TR EXCHANGE-TRADED ALP,33735B108,580849,4632,,
LG DISPLAY CO LTD,50186V102,580339,111176,,
CRACKER BARREL OLD CTRY STOR,22410J106,579169,13145,,
FORTUNE BRANDS INNOVATIONS I,34964C106,573675,10745,,
VANGUARD ADMIRAL FDS INC,921932869,570955,4779,,
CLEANSPARK INC,18452B209,570416,39339,,
4D MOLECULAR THERAPEUTICS IN,35104E100,569499,65535,,
FIDELITY COVINGTON TRUST,316092535,567272,17112,,
EMERA INC,290876101,564789,11772,,EMRJF
AIR LEASE CORP,00912X302,564242,8865,,
PODCASTONE INC,22275C105,563386,335349,,
ISHARES TR,46434V696,561118,7642,,
HUNTSMAN CORP,447011107,560415,62407,,HUN
SAPIENS INTL CORP N V,G7T16G103,556592,12944,,
FIRST TR EXCHANGE-TRADED ALP,33735K108,554774,3453,,
GITLAB INC,37637K108,553808,12285,,GTLB
VANGUARD ADMIRAL FDS INC,921932778,550411,5780,,
TREACE MED CONCEPTS INC,89455T109,546093,81385,,
J P MORGAN EXCHANGE TRADED F,46641Q407,545877,4405,,
ISHARES TR,464287622,541652,1482,,
KANZHUN LIMITED,48553T106,540504,23138,,
SPDR SERIES TRUST,78464A102,539583,1982,,
ISHARES TR,464287804,537567,4524,,
RADIAN GROUP INC,750236101,536522,14813,,RDN
BIOAGE LABS INC,09077V100,535774,91118,,
ASBURY AUTOMOTIVE GROUP INC,043436104,534612,2187,,ABG
ADC THERAPEUTICS SA,H0036K147,533704,133426,,ADCT
LIVEPERSON INC,538146101,532159,912324,,LPSN
INVESCO EXCHANGE TRADED FD T,46137V332,531643,18089,,
VOYAGER THERAPEUTICS INC,92915B106,530321,113559,,
ISHARES TR,464287515,529161,4601,,
CBL & ASSOC PPTYS INC,124830878,528881,17295,,
SPDR SERIES TRUST,78464A797,527784,8882,,
ALPS ETF TR,00162Q452,527493,11240,,
AMERICAN CENTY ETF TR,025072406,522753,8521,,
BURKE HERBERT FINL SVCS CORP,12135Y108,519368,8419,,
DORMAN PRODS INC,258278100,518457,3326,,
ISHARES TR,46432F396,515618,2011,,
FIRST TR EXCHANGE-TRADED FD,337344105,510102,3615,,
BIOXCEL THERAPEUTICS INC,09075P204,508416,198600,,
ISHARES TR,46429B671,507901,7713,,
WISDOMTREE TR,97717W281,507488,8888,,
KOPIN CORP,500600101,505442,208001,,KOPN
BRIGHTSPIRE CAPITAL INC,10949T109,505294,93056,,
ISHARES TR,464287523,501301,1849,,
WISDOMTREE TR,97717W604,500680,14866,,
SELECT SECTOR SPDR TR,81369Y407,499724,2085,,
INVESCO EXCHANGE TRADED FD T,46137V324,499402,8902,,
SCHWAB STRATEGIC TR,808524698,495276,21459,,
CUSTOMERS BANCORP INC,23204G100,494720,7568,,
COMSTOCK RES INC,205768302,492934,24858,,
FOSTER L B CO,350060109,492430,18272,,FSTR
NOBLE CORP PLC,G65431135,489777,47314,,NE-WT
NEXPOINT RESIDENTIAL TR INC,65341D102,485466,15067,,
MOTORCAR PTS AMER INC,620071100,484225,29276,,
EXPONENT INC,30214U102,483678,6961,,EXPO
INVESCO EXCHANGE TRADED FD T,46137V449,482904,4211,,
DENTSPLY SIRONA INC,24906P109,481332,37930,,XRAY
INVESCO EXCH TRADED FD TR II,46138E198,481313,7573,,
INVESCO EXCH TRD SLF IDX FD,46138J775,473538,5231,,
ISHARES TR,46434V274,472249,13151,,
ISHARES TR,464288505,470314,7415,,
INVESCO EXCH TRADED FD TR II,46138E628,470261,6013,,
SPDR SERIES TRUST,78468R812,469898,2745,,
C4 THERAPEUTICS INC,12529R107,468742,211145,,
TURKCELL ILETISIM HIZMETLERI,900111204,468320,77794,,
WD 40 CO,929236107,467324,2365,,WDFC
SMITH & NEPHEW PLC,83175M205,466784,12863,,SNNUF
CIPHER MINING INC,17253J106,464621,36904,,
TRUSTMARK CORP,898402102,464429,11728,,TRMK
OFG BANCORP,67103X102,464343,10677,,OFG
INVESCO EXCHANGE TRADED FD T,46137V779,463306,4846,,
VANGUARD INTL EQUITY INDEX F,922042858,462840,8542,,
SCHWAB STRATEGIC TR,808524789,461849,17943,,
DBX ETF TR,233051143,460618,7673,,
DYNAVAX TECHNOLOGIES CORP,268158AD4,459000,425000,,
PAR TECHNOLOGY CORP,698884AE3,456929,475000,,PAR
SPDR SERIES TRUST,78468R648,452535,7268,,
ISHARES TR,464288604,452350,8329,,
FIRST TR EXCHANGE TRADED FD,33737A108,451721,2990,,
INVESCO EXCHANGE TRADED FD T,46137V563,449437,21334,,
BANK OZK LITTLE ROCK ARK,06417N103,448686,8801,,
WISDOMTREE TR,97717X701,448560,8900,,
TERNS PHARMACEUTICALS INC,880881107,448550,59727,,
ISHARES TR,464287630,445561,2520,,
INVESCO EXCH TRADED FD TR II,46138E735,441609,10742,,
SM ENERGY CO,78454L100,437724,17530,,SM
DAYFORCE INC,15677J108,436900,6342,,
SIBANYE STILLWATER LTD,82575P107,435033,38704,,SBYSF
VALARIS LTD,G9460G101,434053,8900,,VAL-WT
SPDR INDEX SHS FDS,78463X848,433975,12428,,
ISHARES TR,464288521,433927,7390,,
JOYY INC,46591M109,433831,7402,,JOYY
FIDELITY COVINGTON TRUST,316092378,433718,11280,,
ALPS ETF TR,00162Q726,432800,5331,,
FIDELITY COVINGTON TRUST,316092345,432747,12700,,
PACER FDS TR,69374H105,432320,7895,,
MEDIFAST INC,58470H101,431439,31561,,MED
XILIO THERAPEUTICS INC,98422T100,431311,511820,,
ISHARES TR,46436E718,430651,4277,,
FIRSTSERVICE CORP NEW,33767E202,428338,2248,,FSV
CNX RES CORP,12653C108,426875,13290,,
MIMEDX GROUP INC,602496101,426241,61066,,
CAE INC,124765108,424833,14347,,CAE
SPDR SERIES TRUST,78468R804,424540,2383,,
FIDELITY COVINGTON TRUST,316092725,420307,17178,,
STAAR SURGICAL CO,852312305,417452,15536,,STAA
TRUSTCO BK CORP N Y,898349204,417160,11492,,
MATERION CORP,576690101,416432,3447,,MTRN
INTERPARFUMS INC,458334109,416325,4232,,IPAR
GOLDMAN SACHS ETF TR,381430123,415337,4495,,
SPDR INDEX SHS FDS,78463X434,415022,4721,,
DIMENSIONAL ETF TRUST,25434V708,414210,10739,,
GENTEX CORP,371901109,413718,14619,,GNTX
INDEPENDENCE RLTY TR INC,45378A106,412706,25180,,
WISDOMTREE TR,97717X131,411838,10327,,
KE HLDGS INC,482497104,408310,21490,,
ZIPRECRUITER INC,98980B103,407973,96676,,
NOBLE CORP PLC,G65431150,406427,47314,,NE-WT
HERTZ GLOBAL HLDGS INC,42806J700,404804,59530,,
FIRST TR EXCHANGE-TRADED FD,33741X102,404524,10640,,
BACKBLAZE INC,05637B105,404042,43539,,
FIDELITY MERRIMACK STR TR,316188606,402487,9252,,
ARBUTUS BIOPHARMA CORP,03879J100,401835,88510,,ABUS
RE MAX HLDGS INC,75524W108,401369,42563,,
FUBOTV INC,35953D104,401193,96673,,FUBO
SOTERA HEALTH CO,83601L102,399589,25403,,SHC
ALPHA METALLURGICAL RESOUR I,020764106,399559,2435,,
ISHARES TR,464287408,399373,1934,,
GRAYSCALE BITCOIN TRUST ETF,389637109,398460,4439,,GBTC
ARTERIS INC,04302A104,395708,39179,,
BEACON FINANCIAL CORP.,084680107,394629,16644,,BBT
SELECT SECTOR SPDR TR,81369Y803,394515,1400,,
TRIPADVISOR INC,896945201,392842,24160,,
ISHARES TR,46436E502,390757,6474,,
ISHARES TR,46436E767,389708,6800,,
GLOBAL X FDS,37954Y715,389154,10984,,
ONE GAS INC,68235P108,388917,4805,,
LATTICE SEMICONDUCTOR CORP,518415104,387863,5290,,LSCC
BOX INC,10316T104,387692,12014,,BXCAP
AMERICAS CAR-MART INC,03062T105,387295,13259,,
APPLIED OPTOELECTRONICS INC,03823U102,387265,14935,,
CLARITEV CORPORATION,62548M209,386635,7284,,CTEV
MOOG INC,615394202,386474,1861,,MOG-B
PIEDMONT REALTY TRUST INC,720190206,385524,42836,,
VANGUARD WORLD FD,92204A405,384664,2931,,
CROSS CTRY HEALTHCARE INC,227483104,384124,27051,,
PAGSEGURO DIGITAL LTD,G68707101,382290,38229,,PAGS
LEMAITRE VASCULAR INC,525558201,381981,4365,,LMAT
LEGG MASON ETF INVT,52468L505,381680,10984,,
APELLIS PHARMACEUTICALS INC,03753U106,380184,16800,,
PRECIGEN INC,74017N105,379650,115395,,
HAMILTON LANE INC,407497106,379373,2814,,HLNE
FRANKLIN RESOURCES INC,354613101,378946,16383,,BEN
OPEN LENDING CORP,68373J104,378694,179476,,LPRO
ISHARES TR,464288687,375907,11888,,
DIVERSIFIED HEALTHCARE TR,25525P107,375423,85130,,
FIGS INC,30260D103,374841,56030,,
SELECT SECTOR SPDR TR,81369Y209,374675,2692,,
CHEFS WHSE INC,163086101,374420,6419,,
NOBLE CORP PLC,G65431127,373296,13200,,NE-WT
T ROWE PRICE ETF INC,87283Q867,373158,9898,,
ISHARES TR,464288869,373089,2502,,
ISHARES TR,464289867,372890,5792,,
SERVICE PPTYS TR,81761L102,371796,137194,,
WISDOMTREE TR,97717X594,370920,8049,,
AMERICAN CENTY ETF TR,025072802,369877,4155,,
FACTSET RESH SYS INC,303075105,368764,1287,,
BLACKROCK ETF TRUST,09290C723,368058,14542,,
INVESCO EXCH TRADED FD TR II,46138E420,367921,7075,,
MERCANTILE BK CORP,587376104,367875,8175,,
CHATHAM LODGING TR,16208T102,365011,54398,,
CARPARTS COM INC,14427M107,364043,511943,,
MIDLAND STATES BANCORP INC,597742105,362562,21153,,
NGL ENERGY PARTNERS LP,62913M107,361860,60310,,NGL-PB
VANGUARD SPECIALIZED FUNDS,921908844,360209,1670,,
EXPAND ENERGY CORPORATION,165167180,359905,3862,,EXE
LENDINGCLUB CORP,52603A208,359638,23676,,
GLOBAL X FDS,37954Y293,359492,5733,,
ISHARES TR,46435G672,358641,7001,,
PATTERSON-UTI ENERGY INC,703481101,358628,69233,,
HENRY JACK & ASSOC INC,426281101,356985,2397,,
ISHARES TR,464289446,356285,2145,,
LOCAL BOUNTI CORP,53960E205,355789,118993,,
HURCO CO,447324104,355517,20432,,
ISHARES TR,46434V464,355107,1565,,
FIRST TR EXCHANGE-TRADED ALP,33735J101,354303,4252,,
HANESBRANDS INC,410345102,353244,53603,,
VISHAY PRECISION GROUP INC,92835K103,351236,10959,,
WISDOMTREE TR,97717W562,350683,6277,,
RADNET INC,750491102,350109,4594,,
CMB.TECH NV,B38564108,349432,36385,,CMBT
LEGGETT & PLATT INC,524660107,348851,39285,,LEG
ISHARES TR,464287838,347956,2348,,
TEXAS CAP BANCSHARES INC,88224Q107,347165,4107,,
ISHARES TR,464287564,347036,5632,,
SPDR SERIES TRUST,78464A698,346681,5477,,
VANGUARD WORLD FD,92204A884,345048,1838,,
FIRST TR EXCHANGE TRADED FD,33734X143,344957,3145,,
ETF SER SOLUTIONS,26922A289,342801,5558,,
GAMESTOP CORP NEW,36467W109,342200,12544,,GME-WT
INGRAM MICRO HLDG CORP,457152106,341841,15907,,
CARGURUS INC,141788109,340803,9154,,
APPLE HOSPITALITY REIT INC,03784Y200,340224,28328,,
FRANKLIN TEMPLETON ETF TR,35473P801,339934,4968,,
ISHARES TR,46436E759,339239,4479,,
INVESCO EXCHANGE TRADED FD T,46137V217,338772,6650,,
DIREXION SHS ETF TR,25459Y207,335512,3302,,
BETA BIONICS INC,08659B102,334015,16810,,
HOWARD HUGHES HOLDINGS INC,44267T102,332460,4046,,HHH
EDITAS MEDICINE INC,28106W103,332027,95685,,
SPDR SERIES TRUST,78468R747,331137,2598,,
EVENTBRITE INC,29975E109,331133,131402,,
ISHARES TR,464289529,331051,6504,,
PEABODY ENERGY CORP,704551100,331023,12482,,BTU
LINEAGE CELL THERAPEUTICS IN,53566P109,327343,193694,,
COUSINS PPTYS INC,222795502,326414,11279,,
COLUMBIA BKG SYS INC,197236102,325765,12656,,
SELECT SECTOR SPDR TR,81369Y852,324797,2744,,
SERVISFIRST BANCSHARES INC,81768T108,323570,4018,,
ZIMVIE INC,98888T107,321071,16952,,
ALAMO GROUP INC,011311107,320903,1681,,ALG
BANC OF CALIFORNIA INC,05990K106,320855,19387,,
SPDR SERIES TRUST,78464A649,319495,12360,,
SPDR INDEX SHS FDS,78463X152,319278,4942,,
ISHARES TR,464288729,313262,1813,,
SPECTRUM BRANDS HLDGS INC NE,84790A105,312416,5947,,
ETFS GOLD TR,00326A104,312218,8482,,
HEXCEL CORP NEW,428291108,308866,4926,,
TELOS CORP MD,87969B101,308662,45126,,
SPDR SERIES TRUST,78464A128,308362,1511,,
ISHARES INC,464286681,307891,2990,,
ISHARES TR,46436E858,307345,13392,,
ZENTALIS PHARMACEUTICALS INC,98943L107,306868,203224,,
ETF SER SOLUTIONS,26922A420,305871,2916,,
PROSHARES TR,74347G606,304924,3525,,
SPDR INDEX SHS FDS,78463X871,304697,7583,,
HAWAIIAN ELEC INDUSTRIES,419870100,304693,27599,,
ISHARES TR,46435G441,304506,6413,,
SPOK HLDGS INC,84863T106,304221,17636,,
AMERESCO INC,02361E108,302925,9021,,
WISDOMTREE TR,97717W844,302786,7478,,
SPDR SERIES TRUST,78464A755,301959,3240,,
PREMIER INC,74051N102,301491,10845,,
LOGITECH INTL S A,H50430232,301288,2763,,
LINEAGE INC,53566V106,301006,7790,,
CNA FINL CORP,126117100,298087,6416,,
CRICUT INC,22658D100,297806,47346,,
PIMCO ETF TR,72201R833,296249,2942,,
VANGUARD WORLD FD,92204A603,296091,999,,
INVESCO EXCH TRADED FD TR II,46138G664,295807,6124,,
NOVANTA INC,67000B104,292738,2923,,NOVTU
ARGAN INC,04010E109,291384,1079,,AGX
VALLEY NATL BANCORP,919794107,290885,27442,,
FRANKLIN TEMPLETON ETF TR,35473P884,290315,5143,,
FORESTAR GROUP INC,346232101,290177,10913,,FOR
SPDR SERIES TRUST,78464A862,290025,909,,
OLEMA PHARMACEUTICALS INC,68062P106,287924,29410,,
J P MORGAN EXCHANGE TRADED F,46641Q779,286413,4218,,
NEOGENOMICS INC,64049M209,285030,36921,,NEO
SPDR SERIES TRUST,78464A607,284789,2840,,
WILLIS LEASE FIN CORP,970646105,283502,2068,,
COMPASS MINERALS INTL INC,20451N101,281914,14683,,
AZENTA INC,114340102,281743,9810,,
NEXTNAV INC,65345N106,281639,19695,,NXNVW
KEARNY FINL CORP MD,48716P108,281268,42811,,
SHUTTERSTOCK INC,825690100,278681,13366,,
LATAM AIRLINES GROUP SA,51817R205,276840,6118,,
SAREPTA THERAPEUTICS INC,803607100,276640,14356,,
FIDELITY COVINGTON TRUST,316092329,276021,7839,,
ISHARES TR,464288406,275127,3424,,
SCHWAB STRATEGIC TR,808524854,274309,10916,,
COMPANIA DE MINAS BUENAVENTU,204448104,273834,11255,,
FLEXSHARES TR,33939L845,273684,3422,,
ISHARES TR,464288653,272346,2644,,
ARBOR REALTY TRUST INC,038923108,270720,22172,,ABR-PF
WESTERN UN CO,959802109,270286,33828,,
PEBBLEBROOK HOTEL TR,70509V100,268998,23617,,
NOV INC,62955J103,268962,20299,,NOV
ISHARES TR,46435UAA9,268810,11044,,
OPENDOOR TECHNOLOGIES INC,683712103,268318,33666,,OPENZ
OLD SECOND BANCORP INC ILL,680277100,268229,15518,,
BROWN FORMAN CORP,115637100,267943,9957,,BF-B
INNODATA INC,457642205,267510,3471,,INOD
ISHARES TR,464287341,264940,6346,,
KORN FERRY,500643200,263905,3771,,KFY
GETTY IMAGES HOLDINGS INC,374275105,263211,132935,,
AVEANNA HEALTHCARE HLDGS INC,05356F105,262410,29584,,
BANCO SANTANDER CHILE NEW,05965X109,262291,9898,,BSAC
UFP TECHNOLOGIES INC,902673102,262075,1313,,UFPT
CHESAPEAKE UTILS CORP,165303108,260979,1937,,
SPDR S&P MIDCAP 400 ETF TR,78467Y107,259864,436,,
CONCENTRA GROUP HOLDINGS PAR,20603L102,257711,12313,,
ISHARES TR,464287796,257334,5415,,
PROASSURANCE CORP,74267C106,257077,10716,,
FIRST TR EXCHANGE TRADED FD,33734X135,255986,4310,,
INVESCO EXCHANGE TRADED FD T,46137V498,255090,3467,,
HARMONY GOLD MINING CO LTD,413216300,254596,14027,,HGMCF
ISHARES TR,46435G334,254272,6058,,
INTERNATIONAL BANCSHARES COR,459044103,254100,3696,,
ISHARES TR,464287374,253869,5176,,
EYEPOINT PHARMACEUTICALS INC,30233G209,253358,17792,,
SAFEHOLD INC,78646V107,249389,16100,,SAFE
WISDOMTREE TR,97717W422,248579,5624,,
ATKORE INC,047649108,248011,3953,,ATKR
FORMFACTOR INC,346375108,247656,6800,,FORM
FIRST TR EXCHANGE TRADED FD,33734X150,247651,3173,,
OCUGEN INC,67577C105,246740,151374,,
LIBERTY MEDIA CORP DEL,531229748,246397,2613,,FWONB
ATARA BIOTHERAPEUTICS INC,046513206,245845,17156,,
WSFS FINL CORP,929328102,245382,4550,,
ALEXANDERS INC,014752109,244573,1043,,ALX
SPDR INDEX SHS FDS,78463X103,244543,4910,,
YALLA GROUP LTD,98459U103,244075,32500,,YALA
NKARTA INC,65487U108,244061,117904,,
ASHLAND INC,044186104,244060,5094,,ASH
INVESCO EXCHANGE TRADED FD T,46137Y401,242774,2210,,
PALOMAR HLDGS INC,69753M105,242490,2077,,
AMERICAN PUB ED INC,02913V103,242227,6137,,
MADISON SQUARE GRDN SPRT COR,55825T103,241982,1066,,
DXC TECHNOLOGY CO,23355L106,241714,17734,,DXC
QFIN HOLDINGS INC,88557W101,241666,8397,,
MAGNOLIA OIL & GAS CORP,559663109,241191,10104,,MGY
DIGITAL TURBINE INC,25400W102,241139,37678,,
MANITOWOC CO INC,563571405,241051,24081,,MTW
ISHARES TR,464288703,240737,3612,,
ACCEL ENTERTAINMENT INC,00436Q106,240219,21700,,
ALPS ETF TR,00162Q387,240115,4247,,
HARMONIC INC,413160102,239749,23551,,HLIT
EUROPEAN WAX CTR INC,29882P106,239679,60070,,
INNOVIVA INC,45781M101,238345,13060,,
ENHABIT INC,29332G102,237753,29682,,
OMNIAB INC,68218J103,237686,148554,,
SCHWAB STRATEGIC TR,808524862,237385,9729,,
ISHARES TR,464288737,236676,3677,,
DINE BRANDS GLOBAL INC,254423106,236496,9567,,
WISDOMTREE TR,97717W760,236266,2972,,
OTTER TAIL CORP,689648103,235828,2877,,OTTR
ENVIRI CORP,415864107,235070,18524,,NVRI
PACER FDS TR,69374H303,235000,3031,,
PULSE BIOSCIENCES INC,74587B101,234490,13248,,
FRANKLIN TEMPLETON ETF TR,35473P108,233765,6265,,
INGLES MKTS INC,457030104,233015,3350,,
GENCO SHIPPING & TRADING LTD,Y2685T131,232326,13052,,GNK
ISHARES INC,46434G772,231386,3637,,
ENVISTA HOLDINGS CORPORATION,29415F104,230996,11340,,NVST
INNOVEX INTERNATIONAL INC,457651107,229840,12397,,
SPDR SERIES TRUST,78464A672,226657,7843,,
MIDDLESEX WTR CO,596680108,226438,4184,,
HBT FINL INC.,404111106,226321,8981,,
FIRST TR EXCHANGE TRADED FD,33738R506,225607,3354,,
HOVNANIAN ENTERPRISES INC,442487401,225500,1755,,HOVNP
FIDELITY COVINGTON TRUST,316092543,225427,7495,,
FIDELITY COVINGTON TRUST,316092857,224901,8087,,
NYXOAH S A,B6S7WD106,223983,48692,,
ISHARES TR,46435U135,223488,4271,,
ARTISAN PARTNERS ASSET MGMT,04316A108,223423,5148,,
FULGENT GENETICS INC,359664109,223311,9881,,
MARZETTI COMPANY,513847103,222554,1288,,
COVENANT LOGISTICS GROUP INC,22284P105,221907,10245,,
LGI HOMES INC,50187T106,220750,4269,,
ISHARES TR,464289883,218537,5442,,
VANGUARD SCOTTSDALE FDS,92206C623,218066,933,,
GLOBAL X FDS,37954Y384,217333,6176,,
ROGERS CORP,775133101,215955,2684,,ROG
GOLDMAN SACHS ETF TR,381430396,215813,2301,,
VANGUARD ADMIRAL FDS INC,921932844,214909,2133,,
CARTERS INC,146229109,214020,7584,,CRI
ETF SER SOLUTIONS,26922A503,212363,3197,,
ISHARES TR,46435G425,212184,1457,,
NORTHRIM BANCORP INC,666762109,211012,9742,,NRIM
RYERSON HLDG CORP,783754104,210952,9228,,
AMERICAN CENTY ETF TR,025072323,210812,3682,,
ISHARES U S ETF TR,46431W507,210338,4102,,
SITEONE LANDSCAPE SUPPLY INC,82982L103,210330,1633,,
SPDR SERIES TRUST,78468R556,208406,1576,,
ORIGIN BANCORP INC,68621T102,208225,6032,,
INVESCO EXCH TRADED FD TR II,46138G508,207403,9909,,
ISHARES TR,46435G524,206654,2594,,
AMERICAN CENTY ETF TR,025072752,206629,2676,,
UNIVERSAL CORP VA,913456109,206104,3689,,
FLEXSHARES TR,33939L100,206068,851,,
PACER FDS TR,69374H709,205796,5194,,
SIRIUSPOINT LTD,G8192H106,204236,11290,,SPNT
ACACIA RESH CORP,003881307,204133,62810,,
J P MORGAN EXCHANGE TRADED F,46641Q217,203934,3075,,
EVERUS CONSTR GROUP,300426103,203056,2368,,
CENTURY CMNTYS INC,156504300,201960,3187,,
UPWORK INC,91688F104,201912,10873,,
SPDR INDEX SHS FDS,78463X202,201890,3250,,
SPDR SERIES TRUST,78464A383,198818,8860,,
VANECK ETF TRUST,92189F692,198714,2199,,
NEW YORK LIFE INVESTMENTS ET,45409B560,198518,6402,,
FIDELITY COVINGTON TRUST,316092246,198295,6784,,
ATLANTA BRAVES HLDGS INC,047726104,198022,4355,,
ABRDN FDS,00384X301,197660,5325,,
CSW INDUSTRIALS INC,126402106,197599,814,,
MATTEL INC,577081102,197466,11733,,
INVESCO EXCHANGE TRADED FD T,46137V647,196611,2796,,
VANGUARD WHITEHALL FDS,921946885,196515,2937,,
FIRST TR EXCHANGE-TRADED FD,33733B100,196205,1746,,
ISHARES INC,46434G780,196153,6921,,
CORVEL CORP,221006109,196105,2533,,CRVL
CRYOPORT INC,229050307,196056,20681,,
FIRST TR EXCHANGE TRADED FD,33734X200,195590,6803,,
NATIONAL HEALTH INVS INC,63633D104,195491,2459,,
ISHARES TR,46429B523,195228,1791,,
VANGUARD INTL EQUITY INDEX F,922042676,194852,4082,,
VIRTUS ETF TR II,92790A504,193052,4489,,
BERRY CORP,08579X101,192436,50909,,
GOLDMAN SACHS ETF TR,381430438,190950,2245,,
WISDOMTREE TR,97717W570,190699,2893,,
GOLDMAN SACHS PHYSICAL GOLD,38150K103,190361,4994,,
HOME BANCORP INC,43689E107,190137,3500,,
ATLANTA BRAVES HLDGS INC,047726302,189734,4562,,
TRIMAS CORP,896215209,189413,4902,,TRS
JOHN HANCOCK EXCHANGE TRADED,47804J107,188193,2401,,
INVESCO EXCHANGE TRADED FD T,46137V613,187319,4143,,
T1 ENERGY INC,35834F104,186719,85651,,TE
ETF SER SOLUTIONS,26922A842,186550,7568,,
MITEK SYS INC,606710200,186333,19072,,
ISHARES INC,464286426,185826,2025,,
ENTRADA THERAPEUTICS INC,29384C108,185275,31944,,
TELIX PHARMACEUTICAL LTD,87961M105,185017,19333,,
ORION PROPERTIES INC,68629Y103,184164,68209,,ONL
HINGHAM INSTN SVGS MASS,433323102,183327,695,,
INVESCO EXCH TRADED FD TR II,46138G656,183171,3514,,
WHEELS UP EXPERIENCE INC,96328L205,183016,99465,,UP
VANECK ETF TRUST,92189F684,182905,729,,
IPG PHOTONICS CORP,44980X109,182850,2309,,IPGP
DENNYS CORP,24869P104,181842,34769,,
PAR PAC HOLDINGS INC,69888T207,181085,5113,,
FRANKLIN TEMPLETON ETF TR,35473P678,181079,5604,,
ISHARES TR,464289875,180884,3802,,
INVESCO EXCHANGE TRADED FD T,46137V548,180096,8468,,
ISHARES TR,464287333,179807,1541,,
KURA ONCOLOGY INC,50127T109,179602,20294,,
VANGUARD ADMIRAL FDS INC,921932794,179390,1473,,
INVESCO EXCH TRADED FD TR II,46138E115,179061,3373,,
TRUMP MEDIA & TECHNOLOGY GRO,25400Q105,178748,10886,,
VIANT TECHNOLOGY INC,92557A101,177347,20550,,DSP
ISHARES TR,464287275,177134,1433,,
POTBELLY CORP,73754Y100,176296,10346,,
BNY MELLON ETF TRUST,09661T206,175910,1621,,
RENTOKIL INITIAL PLC,760125104,175286,6942,,
STOCK YDS BANCORP INC,861025104,175255,2504,,
TYRA BIOSCIENCES INC,90240B106,175015,12510,,
GRUPO CIBEST SA,40090E106,174830,3366,,
TEMPUS AI INC,88023B103,174253,2159,,
WISDOMTREE TR,97717Y477,173825,3030,,
MIND MEDICINE MINDMED INC,60255C885,172759,14653,,
RUMBLE INC,78137L105,172746,23860,,
SENECA FOODS CORP NEW,817070501,172488,1598,,SENEL
GREENBRIER COS INC,393657101,171982,3725,,
INVESCO EXCH TRADED FD TR II,46138E842,171926,1865,,
SPDR SERIES TRUST,78468R606,171490,7163,,
BCE INC,05534B760,171444,7337,,BCPPF
BNY MELLON ETF TRUST,09661T404,171402,1914,,
INHIBIKASE THERAPEUTICS INC,45719W205,171347,105770,,
TRUST FOR PROFESSIONAL MANAG,89834G729,171317,4201,,
ISHARES INC,464286822,170934,2506,,
RED RIVER BANCSHARES INC,75686R202,170930,2637,,RRBI
INVESCO EXCHANGE TRADED FD T,46137V811,170709,2282,,
LEGALZOOM COM INC,52466B103,170709,16446,,
CAPRICOR THERAPEUTICS INC,14070B309,170646,23668,,
ISHARES TR,46434V647,170575,6674,,
ISHARES INC,464286806,170548,4099,,
GLOBAL X FDS,37954Y343,170382,3519,,
LATTICE STRATEGIES TR,518416102,170363,4796,,
SANGAMO THERAPEUTICS INC,800677106,170289,252880,,
GOLDMAN SACHS ETF TR,381430503,170257,1306,,
WISDOMTREE TR,97717X578,170033,4482,,
INVESCO EXCHANGE TRADED FD T,46137V639,169793,3143,,
INDEPENDENT BK CORP MASS,453836108,168625,2438,,
ROCKY BRANDS INC,774515100,168522,5657,,
VERITEX HLDGS INC,923451108,168488,5025,,
ZTO EXPRESS CAYMAN INC,98980A105,168480,8775,,
SCHOLASTIC CORP,807066105,168031,6137,,SCHL
NEW ORIENTAL ED & TECHNOLOGY,647581206,168020,3166,,
ESPERION THERAPEUTICS INC NE,29664W105,167806,63323,,
ISHARES TR,464287770,167537,1869,,
ISHARES TR,464288802,167259,1233,,
EVERQUOTE INC,30041R108,167157,7309,,
BUMBLE INC,12047B105,166982,27419,,BMBL
RYAN SPECIALTY HOLDINGS INC,78351F107,166544,2955,,
NIAGEN BIOSCIENCE INC,171077407,166438,17839,,
BLACKROCK ETF TRUST,09290C715,166375,6655,,
DIGITALOCEAN HLDGS INC,25402D102,166154,4864,,
SPDR SERIES TRUST,78464A391,166053,7774,,
CLEARPOINT NEURO INC,18507C103,165495,7595,,
ANTERIS TECHNOLOGIES GLOBAL,03675P102,164633,36585,,
ISHARES TR,464287721,164327,839,,
F&G ANNUITIES & LIFE INC,30190A104,164261,5253,,
U HAUL HOLDING COMPANY,023586100,163734,2869,,
SPDR INDEX SHS FDS,78463X772,162837,3814,,
ULTRA CLEAN HLDGS INC,90385V107,162737,5972,,
FLAGSTAR FINANCIAL INC,649445400,162578,14076,,
PERDOCEO ED CORP,71363P106,162239,4308,,
FIDELITY MERRIMACK STR TR,316188200,161874,3195,,
RANGER ENERGY SVCS INC,75282U104,161755,11521,,
VANGUARD INDEX FDS,922908736,161430,336,,
EA SERIES TRUST,02072L151,161382,5911,,
ISHARES INC,464286665,161343,3129,,
LIBERTY MEDIA CORP DEL,531229722,161265,1663,,FWONB
INVESCO EXCHANGE TRADED FD T,46137V191,160977,1255,,
ADTRAN HOLDINGS INC,00486H105,160951,17159,,
FLEXSHARES TR,33939L795,160265,2547,,
VANGUARD TAX-MANAGED FDS,921943858,158721,2649,,
ISHARES TR,464288240,158484,2438,,
INVESCO EXCH TRADED FD TR II,46138E586,158172,1279,,
FIDELITY MERRIMACK STR TR,316188408,157675,3141,,
J P MORGAN EXCHANGE TRADED F,46641Q191,157663,2265,,
WISDOMTREE TR,97717Y527,157525,3134,,
VICTORY PORTFOLIOS II,92647N766,157340,1729,,
INVIVYD INC,00534A102,157271,142974,,
GLOBAL X FDS,37950E341,156930,2635,,
VANECK ETF TRUST,92189F528,156706,8996,,
RALLIANT CORP,750940108,156597,3581,,RAL
PLDT INC,69344D408,155934,8339,,PHTCF
ISHARES TR,464288182,155771,1708,,
TIMBERLAND BANCORP INC,887098101,155551,4674,,TSBK
CENTURY ALUM CO,156431108,155256,5288,,
INVESCO EXCH TRADED FD TR II,46138E214,155084,4609,,
IBEX LTD,G4690M101,155070,3827,,IBEX
GLOBAL X FDS,37960A529,154715,2203,,
INVESCO EXCH TRADED FD TR II,46138E354,154545,2103,,
INVESCO EXCHANGE TRADED FD T,46137V373,153565,5255,,
NATIONAL HEALTHCARE CORP,635906100,153467,1263,,NHC
WORLD ACCEP CORPORATION,981419104,152395,901,,
ORION GROUP HLDGS INC,68628V308,152298,18305,,
RBB FD INC,74933W635,152215,5084,,
ICL GROUP LTD,M53213100,152178,24350,,ICL
SELECT SECTOR SPDR TR,81369Y308,151919,1938,,
SEZZLE INC,78435P105,151743,1908,,SEZL
UR-ENERGY INC,91688R108,151477,84624,,URG
DBX ETF TR,233051853,151464,3289,,
FRANKLIN TEMPLETON ETF TR,35473P744,151272,4377,,
HUT 8 CORP,44812J104,150472,4324,,HUT
CLEAR CHANNEL OUTDOOR HLDGS,18453H106,150185,95054,,
INVESCO EXCH TRADED FD TR II,46138E651,149459,3329,,
WISDOMTREE TR,97717X610,147884,4200,,
WISDOMTREE TR,97717W703,147850,2233,,
ISHARES TR,464288513,146629,1806,,
GOODRX HLDGS INC,38246G108,146603,34658,,
VANGUARD SCOTTSDALE FDS,92206C649,146466,940,,
INTREPID POTASH INC,46121Y201,146417,4788,,
CITY OFFICE REIT INC,178587101,145986,20975,,
TRIUMPH FINANCIAL INC,89679E300,145917,2916,,
ISHARES INC,46434G848,145777,3276,,
CELCUITY INC,15102K100,144643,2928,,CELC
SELECT SECTOR SPDR TR,81369Y605,144618,2685,,
PROSHARES TR,74347B698,143941,2160,,
UDEMY INC,902685106,143600,20485,,
ISHARES TR,46435U861,143541,2747,,
INVESCO EXCH TRADED FD TR II,46138E370,143322,1305,,
PERION NETWORK LTD,M78673114,143222,14919,,PERI
CORECARD CORPORATION,45816D100,142649,5299,,
AVEPOINT INC,053604104,142430,9489,,
VANECK ETF TRUST,92189F700,142393,1939,,
GRANITESHARES GOLD TR,38748G101,142180,3736,,
TRUBRIDGE INC,205306103,142098,7045,,
SPDR SERIES TRUST,78464A763,141460,1010,,
ULTRAPAR PARTICIPACOES SA,90400P101,141222,34444,,
ISHARES TR,464288836,141202,1946,,
CLAROS MTG TR INC,18270D106,140994,42468,,
BLACKROCK ETF TRUST,09290C848,140493,5020,,
CORECIVIC INC,21871N101,140110,6885,,
FIRST TR EXCHANGE-TRADED FD,33733E807,139918,5956,,
ISHARES TR,464288562,139427,1641,,
DESIGNER BRANDS INC,250565108,138959,39254,,DBI
ARDMORE SHIPPING CORP,Y0207T100,138796,11693,,ASC
ANGEL OAK MORTGAGE REIT INC,03464Y108,138601,14792,,
SPDR SERIES TRUST,78464A573,138444,1363,,
APOLLO COML REAL EST FIN INC,03762U105,138386,13661,,
INVESCO EXCHANGE TRADED FD T,46137V340,138151,1776,,
ISHARES TR,46432F859,137900,2824,,
SCRIPPS E W CO OHIO,811054402,137551,55915,,
NPK INTERNATIONAL INC,651718504,137507,12158,,NPKI
SPDR INDEX SHS FDS,78463X855,137299,1973,,
SPDR SERIES TRUST,78464A532,137170,1636,,
HARROW INC,415858109,136542,2834,,
WISDOMTREE TR,97717W794,136330,2190,,
QUAD / GRAPHICS INC,747301109,136280,21770,,
GLOBANT S A,L44385109,136220,2374,,
KINGSTONE COS INC,496719105,135887,9244,,
ATLANTICUS HOLDINGS CORP,04914Y102,135671,2316,,ATLCZ
NEXXEN INTL LTD,M8T80P204,135531,14652,,
MECHANICS BANCORP,43785V102,135429,10175,,MCHB
VANGUARD WORLD FD,92204A306,135425,1076,,
SPDR SERIES TRUST,78464A722,135051,2817,,
FORTUNA MNG CORP,349942102,134400,15000,,
CVR ENERGY INC,12662P108,134356,3683,,CVI
LATTICE STRATEGIES TR,518416409,134235,2335,,
BARK INC,68622E104,134192,161522,,
FIRST TR EXCHANGE-TRADED FD,33733E823,134124,3735,,
ISHARES TR,46434V100,133688,2630,,
ISHARES TR,464288224,133370,8616,,
INVESCO EXCHANGE TRADED FD T,46137V886,133197,1212,,
PLUG POWER INC,72919P202,133048,57102,,PLUG
SELECT MED HLDGS CORP,81619Q105,132811,10344,,
AMERICAN CENTY ETF TR,025072307,132277,1156,,
JBG SMITH PPTYS,46590V100,132254,5944,,
FIRST TR EXCHANGE TRADED FD,33734X119,132164,2109,,
FRANKLIN COVEY CO,353469109,132104,6806,,FC
ISHARES TR,46435G474,131857,4746,,
LIFEMD INC,53216B104,131821,19414,,
REDWOOD TRUST INC,758075402,131618,22732,,RWTS
PREFERRED BK LOS ANGELES CA,740367404,131156,1451,,
SIX FLAGS ENTERTAINMENT CORP,83001C108,130161,5729,,
INVESCO EXCH TRD SLF IDX FD,46138J742,130144,2357,,
BUSINESS FIRST BANCSHARES IN,12326C105,129949,5504,,
PEOPLES BANCORP N C INC,710577107,129753,4232,,
ISHARES TR,464287879,129722,1173,,
QUINSTREET INC,74874Q100,129623,8379,,
ZIFF DAVIS INC,48123V102,129464,3398,,
GLOBAL X FDS,37954Y889,129224,1594,,
SPDR INDEX SHS FDS,78463X475,129133,1724,,
ADVANSIX INC,00773T101,129110,6662,,ASIX
INVESCO EXCHANGE TRADED FD T,46137V605,128636,2330,,
COMPANHIA PARANAENSE DE ENER,20441B605,127596,13020,,
DAILY JOURNAL CORP,233912104,127448,274,,DJCO
SOHO HOUSE & CO INC,586001109,127086,14360,,
ISHARES TR,464288570,126828,1007,,
ISHARES TR,46435G433,126819,2946,,
DBX ETF TR,233051432,126533,3410,,
J P MORGAN EXCHANGE TRADED F,46641Q886,125984,1162,,
QUANTUM SI INC,74765K105,125772,89200,,
FIRST TR EXCHANGE-TRADED FD,33737K205,125017,1207,,
PIMCO EQUITY SER,72202L363,124896,2220,,
AUDIOEYE INC,050734201,124504,8983,,AEYE
ENERPAC TOOL GROUP CORP,292765104,124025,3025,,EPAC
ISHARES INC,464286871,123859,5748,,
BANCO BRADESCO S A,059460303,123434,36519,,
CHOICE HOTELS INTL INC,169905106,123376,1154,,
GREAT LAKES DREDGE & DOCK CO,390607109,123341,10287,,
NEOGEN CORP,640491106,123085,21556,,NEOG
ISHARES TR,46435U556,122792,2682,,
INVESCO EXCH TRD SLF IDX FD,46138J825,122712,5931,,
ETON PHARMACEUTICALS INC,29772L108,122535,5639,,
ISHARES TR,46436E577,122374,12577,,
ASP ISOTOPES INC,00218A105,122289,12712,,ASPI
TORTOISE CAPITAL SERIES TRUS,890930308,122269,3354,,
VAIL RESORTS INC,91879QAN9,122264,124000,,MTN
NETSTREIT CORP,64119V303,121941,6752,,NTST
ENTERPRISE FINL SVCS CORP,293712105,121816,2101,,
COHU INC,192576106,121511,5977,,COHU
UNDER ARMOUR INC,904311107,121472,24343,,
COTY INC,222070203,121358,30039,,COTY
ARTESIAN RES CORP,043113208,121188,3718,,
ALPS ETF TR,00162Q205,120756,2623,,
HENNESSY FDS TR,42588P692,120684,3694,,
BLUELINX HLDGS INC,09624H208,119924,1641,,
ALPS ETF TR,00162Q361,119662,2083,,
TRINET GROUP INC,896288107,119064,1780,,
RAYONIER INC,754907103,119034,4485,,RYN
COSTAMARE BULKERS HLDGS LTD,Y2001C101,118696,8260,,
GLOBAL X FDS,37954Y871,118687,2477,,
ADEIA INC,00676P107,118675,7064,,ADEA
FIRST TR EXCHANGE TRADED FD,33738R688,118295,6005,,
SCHWAB STRATEGIC TR,808524672,118229,4232,,
STAGWELL INC,85256A109,118157,20987,,STGW
TRINSEO PLC,G9059U107,118144,50274,,TSEOQ
FIRST TR EXCHANGE-TRADED FD,33733E500,117838,2808,,
ENEL CHILE S.A.,29278D105,117245,30140,,ENIC
INVESCO EXCHANGE TRADED FD T,46137V480,117100,2074,,
ISHARES INC,464286780,116598,1819,,
GLOBAL X FDS,37954Y483,116578,6853,,
AMC ENTMT HLDGS INC,00165C302,116215,40074,,
FRANKLIN TEMPLETON HOLDINGS,35473M105,115432,2234,,
NELNET INC,64031N108,115099,918,,NNI
CLARIVATE PLC,G21810109,114793,29972,,CLVT
ALPS ETF TR,00162Q395,114677,2560,,
MGE ENERGY INC,55277P104,114653,1362,,MGEE
ETF SER SOLUTIONS,26922A404,114025,3553,,
CSG SYS INTL INC,126349109,114017,1771,,
SASOL LTD,803866300,113450,18240,,SASOF
VANGUARD INDEX FDS,922908751,113135,445,,
NEURONETICS INC,64131A105,112845,41335,,
GREIF INC,397624206,112623,1828,,
PHOTRONICS INC,719405102,112616,4907,,PLAB
VANECK ETF TRUST,92189F502,112584,886,,
SPDR SERIES TRUST,78468R796,112391,2049,,
WISDOMTREE TR,97717Y691,112341,3194,,
VANGUARD BD INDEX FDS,921937793,111500,1574,,
DIAMONDROCK HOSPITALITY CO,252784301,111392,13994,,DRH
ENACT HLDGS INC,29249E109,111109,2898,,
SPDR SERIES TRUST,78464A474,110995,3664,,
ARDELYX INC,039697107,110828,20114,,
ISHARES TR,464287606,110683,1154,,
BUCKLE INC,118440106,110633,1886,,BKE
EASTERN CO,276317104,110497,4710,,EML
JOHN HANCOCK EXCHANGE TRADED,47804J859,110475,2763,,
GLOBAL NET LEASE INC,379378201,110058,13537,,
ISHARES TR,464288851,109570,1183,,
VANGUARD SCOTTSDALE FDS,92206C847,109515,1926,,
SPDR SERIES TRUST,78464A409,109317,1046,,
VANGUARD INDEX FDS,922908652,109220,522,,
ISHARES TR,46429B614,109014,1520,,
PAYSAFE LIMITED,G6964L206,108838,8424,,
DBX ETF TR,233051150,108721,1772,,
KINETIK HOLDINGS INC,02215L209,108517,2539,,KNTK
MGP INGREDIENTS INC NEW,55303J106,108426,4482,,MGPI
SPDR SERIES TRUST,78468R101,108245,3692,,
OPTIMIZERX CORP,68401U204,108035,5270,,OPRX
LUCID GROUP INC,549498202,107364,4513,,
NEBIUS GROUP N.V.,N97284108,107250,955,,NBIS
VITESSE ENERGY INC,92852X103,106602,4589,,
MAC COPPER LIMITED,G60409110,106557,8727,,
WISDOMTREE TR,97717X651,106464,2130,,
MACROGENICS INC,556099109,106401,63334,,MGNX
HOPE BANCORP INC,43940T109,106375,9877,,HOPE
ISHARES TR,46436E403,105922,1614,,
ALEXANDER & BALDWIN INC NEW,014491104,105393,5794,,
VANGUARD INDEX FDS,922908744,104979,563,,
CASS INFORMATION SYS INC,14808P109,104657,2661,,
B & G FOODS INC NEW,05508R106,104566,23604,,
YORK WTR CO,987184108,104341,3430,,
A10 NETWORKS INC,002121101,104308,5747,,
WEIS MKTS INC,948849104,103941,1446,,
JANUS DETROIT STR TR,47103U209,103877,1242,,
RLJ LODGING TR,74965L101,103694,14402,,
INVESCO CURRENCYSHARES SWISS,46138R108,103603,931,,
FIRST TR EXCHANGE TRADED FD,33738R118,103520,1050,,
ISHARES INC,464286632,103516,1032,,
INVESCO EXCH TRADED FD TR II,46138E511,102636,8848,,
FRANKLIN TEMPLETON ETF TR,35473P827,102224,2252,,
VANGUARD WORLD FD,921910709,101717,1486,,
CARTER BANKSHARES INC,146103106,101689,5239,,
WISDOMTREE TR,97717W802,101293,2061,,
EVERSPIN TECHNOLOGIES INC,30041T104,101032,10852,,MRAM
RXSIGHT INC,78349D107,100931,11227,,
VANECK ETF TRUST,92189F114,100816,832,,
AMERICAN COASTAL INS CORP,910710102,100802,8850,,
COHEN & STEERS INC,19247A100,100318,1529,,
FIRST TR EXCHANGE TRADED FD,33734X101,100095,1467,,
SPDR SERIES TRUST,78464A714,99969,1160,,
INVESCO EXCH TRADED FD TR II,46138E461,99466,1483,,
XENIA HOTELS & RESORTS INC,984017103,99163,7228,,
J P MORGAN EXCHANGE TRADED F,46641Q225,99141,1137,,
ISHARES INC,46434G830,99074,1907,,
ISHARES TR,464287390,98872,3422,,
DIMENSIONAL ETF TRUST,25434V831,98793,2616,,
SANDRIDGE ENERGY INC,80007P869,98677,8748,,SD
ALICO INC,016230104,98261,2835,,
SCHWAB STRATEGIC TR,808524839,98162,4182,,
ARRAY TECHNOLOGIES INC,04271T100,97971,12021,,
PACER FDS TR,69374H857,97966,2238,,
ISHARES INC,46434G822,97165,1211,,
NATURAL GAS SVCS GROUP INC,63886Q109,96733,3456,,
INVESCO EXCH TRADED FD TR II,46138G615,96505,1925,,
REDWIRE CORPORATION,75776W103,96472,10731,,RDW
TWO RDS SHARED TR,90214Q774,96414,2155,,
TALOS ENERGY INC,87484T108,96178,10029,,TALO
HERITAGE FINL CORP WASH,42722X106,95962,3967,,
GRAB HOLDINGS LIMITED,G4124C109,95952,15939,,
CENTURY THERAPEUTICS INC,15673T100,95685,192139,,
SMITH & WESSON BRANDS INC,831754106,95459,9711,,
ISHARES TR,46434V639,95271,2260,,
GENTHERM INC,37253A103,94789,2783,,THRM
IOVANCE BIOTHERAPEUTICS INC,462260100,94571,43581,,
VANECK MERK GOLD ETF,921078101,94472,2540,,OUNZ
SCHWAB STRATEGIC TR,808524797,94249,3453,,
908 DEVICES INC,65443P102,94214,10755,,MASS
ISHARES TR,46429B655,93811,1836,,
ASTRONICS CORP,046433108,93774,2056,,ATROB
ISHARES TR,464288711,93736,1207,,
TECHTARGET INC,87874R308,93431,16081,,
CERVOMED INC,15713L109,93334,11537,,CRVO
ISHARES TR,464287812,93079,1361,,
GOLDMAN SACHS ETF TR,381430602,93064,1243,,
CLEARWATER ANALYTICS HLDGS I,185123106,92695,5144,,
RAMACO RES INC,75134P600,92600,2790,,
CERENCE INC,156727109,92528,7426,,CRNC
MOVADO GROUP INC,624580106,92365,4869,,MOVAA
PROSHARES TR,74347B508,92287,1705,,
INVESCO EXCHANGE TRADED FD T,46137V712,92160,1880,,
AVIDXCHANGE HOLDINGS INC,05368X102,92028,9249,,
VANGUARD WORLD FD,921910691,91663,1428,,
BANCO BRADESCO S A,059460402,91574,31254,,
INVESCO EXCHANGE TRADED FD T,46137V845,90831,526,,
GOLDMAN SACHS ETF TR,381430206,90634,2225,,
CAPITOL FED FINL INC,14057J101,90011,14175,,
ANAVEX LIFE SCIENCES CORP,032797300,89970,10109,,AVXL
VELOCITY FINL INC,92262D101,89938,4958,,
SPDR INDEX SHS FDS,78463X541,89758,1516,,
ISHARES TR,46434V886,89719,1821,,
BEAZER HOMES USA INC,07556Q881,89657,3652,,BZH
ISHARES TR,464287671,89629,545,,
UNITY BANCORP INC,913290102,89432,1830,,
INVESCO EXCHANGE TRADED FD T,46137V662,89241,965,,
BLEND LABS INC,09352U108,89199,24438,,
LEXEO THERAPEUTICS INC,52886X107,89195,13433,,
EMERALD HOLDING INC,29103W104,89055,17496,,
TFS FINL CORP,87240R107,88971,6753,,
NATIONAL RESH CORP,637372202,88910,6957,,
SHOALS TECHNOLOGIES GROUP IN,82489W107,88853,11991,,
ISHARES INC,46434G855,88399,1366,,
GLOBAL X FDS,37950E416,88374,1455,,
ISHARES TR,464287499,87982,911,,
VANECK ETF TRUST,92189F726,87941,531,,
OLAPLEX HLDGS INC,679369108,87784,67011,,
CORMEDIX INC,21900C308,87737,7544,,CRMD
J P MORGAN EXCHANGE TRADED F,46641Q209,87472,1313,,
TIDAL TRUST III,45259A209,87290,1831,,
TURTLE BEACH CORP,900450206,86862,5463,,TBCH
FIRST TR EXCHANGE-TRADED FD,33733E302,86750,310,,
VITAL ENERGY INC,516806205,86696,5133,,
AMPRIUS TECHNOLOGIES INC,03214Q108,86275,8201,,
INVESCO EXCHANGE TRADED FD T,46137V720,86024,1420,,
ISHARES INC,464286475,85522,1259,,
VANGUARD WORLD FD,92204A876,85235,450,,
CAPITAL CITY BK GROUP INC,139674105,85001,2034,,
INDIE SEMICONDUCTOR INC,45569U101,84794,20834,,
WINMARK CORP,974250102,84621,170,,WINA
RED VIOLET INC,75704L104,84436,1616,,
SPDR GOLD TR,78463V107,83891,236,,
PIMCO ETF TR,72201R882,83591,1230,,
INOGEN INC,45780L104,83538,10225,,INGN
ARVINAS INC,04335A105,83257,9772,,
TEVOGEN BIO HLDGS INC,88165K101,83247,106007,,
COLUMBIA ETF TR I,19761L706,82695,2049,,
CENTRAIS ELETRICAS BRASILEIR,15234Q108,82694,7982,,
LINDSAY CORP,535555106,82649,588,,LNN
VANGUARD WORLD FD,921910816,82496,205,,
ALBANY INTL CORP,012348108,82402,1546,,
REX AMERICAN RES CORP,761624105,82398,2691,,
ISHARES INC,464286251,82191,1778,,
HORMEL FOODS CORP,440452100,82186,3322,,
PHATHOM PHARMACEUTICALS INC,71722W107,81837,6953,,
INVESCO EXCHANGE TRADED FD T,46137Y500,81491,3041,,
AMPHASTAR PHARMACEUTICALS IN,03209R103,81283,3050,,
DIMENSIONAL ETF TRUST,25434V799,81270,2478,,
FIDELITY COVINGTON TRUST,316092196,81046,1651,,
GLOBAL X FDS,37954Y848,80725,1127,,
SKYWATER TECHNOLOGY INC,83089J108,80537,4316,,
VANECK ETF TRUST,92189F304,80420,2065,,
CHICAGO ATLANTIC REAL ESTATE,167239102,80241,6274,,
UNITIL CORP,913259107,79878,1669,,UTL
TOMPKINS FINL CORP,890110109,79783,1205,,
ESS TECH INC,26916J205,79777,52485,,
GENERATION BIO CO,37148K209,79750,13031,,
VANGUARD INDEX FDS,922908629,79650,271,,
DAVE & BUSTERS ENTMT INC,238337109,79595,4383,,
AMERICAN CENTY ETF TR,025072349,79566,1101,,
RUSH ENTERPRISES INC,781846308,78780,1372,,
SPDR INDEX SHS FDS,78463X533,78724,2026,,
FIRST TR EXCHANGE-TRADED FD,33733E401,78525,794,,
MRC GLOBAL INC,55345K103,78229,5425,,
BIGBEAR AI HLDGS INC,08975B109,77797,11932,,
VANGUARD SCOTTSDALE FDS,92206C680,77794,646,,
EA SERIES TRUST,02072L607,77600,1751,,
CARNIVAL PLC,14365C103,77496,2931,,
AMPLIFY ETF TR,032108557,77240,1213,,
SPDR SERIES TRUST,78468R754,77187,580,,
WPP PLC NEW,92937A102,77179,3081,,WPPGF
BUTTERFLY NETWORK INC,124155102,76762,39773,,
SYNDAX PHARMACEUTICALS INC,87164F105,76125,4948,,SNDX
GYRE THERAPEUTICS INC,403783103,76122,10204,,
ANIKA THERAPEUTICS INC,035255108,75980,8083,,
SAFETY INS GROUP INC,78648T100,75850,1073,,
GUESS INC,401617105,75663,4528,,
VANECK ETF TRUST,92189F205,75584,1043,,
LIVEWIRE GROUP INC,53838J105,75568,15909,,
HIPPO HLDGS INC,433539202,75502,2088,,
TIDAL TRUST II,88634T493,75314,5395,,
SCPHARMACEUTICALS INC,810648105,75264,13274,,
FRANKLIN STR PPTYS CORP,35471R106,74861,46788,,
NET LEASE OFFICE PROPERTIES,64110Y108,74565,2514,,NLOP
BLACKSKY TECHNOLOGY INC,09263B207,74273,3686,,BKSY-WT
INDUSTRIAL LOGISTICS PPTYS T,456237106,74128,12715,,
LEGG MASON ETF INVT,52468L406,73953,1789,,
SPDR INDEX SHS FDS,78463X749,73864,1614,,
ISHARES TR,46435GAA0,73801,3037,,
FOX FACTORY HLDG CORP,35138V102,73477,3025,,
SES AI CORPORATION,78397Q109,73422,43965,,SES-WT
RANPAK HOLDINGS CORP,75321W103,73358,13053,,PACK
J P MORGAN EXCHANGE TRADED F,46641Q233,73318,1301,,
TRUST FOR PROFESSIONAL MANAG,89834G737,73074,2059,,
FIDELITY D & D BANCORP INC,31609R100,72539,1655,,FDBC
MARAVAI LIFESCIENCES HLDGS I,56600D107,72295,25190,,
ISHARES TR,46429B606,72188,2242,,
DELUXE CORP,248019101,72039,3721,,DLX
ISHARES TR,46435U325,71915,2805,,
GLOBAL X FDS,37954Y855,71485,1257,,
AMC NETWORKS INC,00164V103,71466,8673,,
INVESCO DB MULTI-SECTOR COMM,46140H106,71415,2669,,
BONDBLOXX ETF TRUST,09789C838,71257,1439,,
ISHARES TR,464287887,70750,500,,
HELEN OF TROY LTD,G4388N106,70585,2801,,HELE
FLEX LNG LTD,G35947202,70560,2800,,FLNG
ISHARES TR,46435U374,70534,1806,,
INVESCO EXCH TRD SLF IDX FD,46138J643,69797,3393,,
GOOSEHEAD INS INC,38267D109,69657,936,,
FIDELITY MERRIMACK STR TR,316188101,69595,1450,,
FLEXSHARES TR,33939L787,69457,1139,,
TOURMALINE BIO INC,89157D105,69401,1451,,
MBIA INC,55262C100,69382,9313,,MBI
CITY HLDG CO,177835105,69367,560,,
DIME CMNTY BANCSHARES INC,25432X102,69355,2325,,
INVESCO EXCHANGE TRADED FD T,46137V407,69140,1451,,
BANKWELL FINL GROUP INC,06654A103,68986,1559,,
FIRST TR EXCHANGE-TRADED ALP,33733C108,68871,789,,
VANGUARD INDEX FDS,922908769,68845,210,,
WISDOMTREE TR,97717W406,68674,601,,
NETGEAR INC,64111Q104,68667,2120,,
AERSALE CORPORATION,00810F106,68624,8379,,ASLE
INVESCO EXCH TRADED FD TR II,46138E537,68578,2970,,
FIRST TR EXCHANGE-TRADED ALP,33733F101,68554,427,,
ENCORE ENERGY CORP,29259W700,68437,21320,,EU
SPDR SERIES TRUST,78464A599,68342,346,,
HYLIION HOLDINGS CORP,449109107,68290,34665,,HYLN
TELEFONICA BRASIL SA,87936R205,68264,5354,,
TOWNEBANK PORTSMOUTH VA,89214P109,67792,1961,,
FULCRUM THERAPEUTICS INC,359616109,67620,7350,,
FIRST WESTN FINL INC,33751L105,67486,2931,,
FIRST TR EXCHANGE-TRADED FD,33735T109,67263,4165,,
ANDERSONS INC,034164103,67080,1685,,
KINGSWAY FINL SVCS INC,496904202,67077,4588,,
SHOE CARNIVAL INC,824889109,67000,3223,,
CONSENSUS CLOUD SOLUTIONS IN,20848V105,66846,2276,,
GLADSTONE COMMERCIAL CORP,376536108,66713,5415,,GOODO
SPDR INDEX SHS FDS,78463X418,66704,475,,
HORIZON BANCORP INC,440407104,66490,4153,,
STEREOTAXIS INC,85916J409,66395,21349,,
FRONTIER GROUP HLDGS INC,35909R108,66340,15026,,
CARDIFF ONCOLOGY INC,14147L108,66332,32200,,
EMBECTA CORP,29082K105,66021,4679,,EMBC
NORDIC AMERICAN TANKERS LIMI,G65773106,66009,21022,,
DIVERSIFIED ENERGY COMPANY P,G2891G204,65620,4696,,
THERAVANCE BIOPHARMA INC,G8807B106,65569,4491,,
I3 VERTICALS INC,46571Y107,65180,2008,,
LINCOLN EDL SVCS CORP,533535100,65001,2766,,
CANTALOUPE INC,138103106,64710,6122,,
SEPTERNA INC,81734D104,64669,3438,,
GETTY RLTY CORP NEW,374297109,64580,2407,,
SPDR INDEX SHS FDS,78463X756,64549,959,,
89BIO INC,282559103,64430,4383,,
LISTED FDS TR,53656F417,64363,3124,,
INVESCO EXCH TRADED FD TR II,46138G631,63994,1788,,
PEAKSTONE REALTY TRUST,39818P799,63868,4868,,
N-ABLE INC,62878D100,63866,8188,,
SOUTHERN FIRST BANCSHARES,842873101,63842,1447,,
ISHARES TR,464288430,63666,673,,
ENTRAVISION COMMUNICATIONS C,29382R107,63546,27273,,
RBB FD INC,74933W627,63538,2561,,
FIRST TR EXCHANGE-TRADED ALP,33734Y109,63280,581,,
MEDIWOUND LTD,M68830112,63070,3500,,MDWD
ISHARES INC,464286319,62951,2120,,
SPDR INDEX SHS FDS,78463X459,62903,865,,
FIRST TR EXCHANGE TRADED FD,33738R720,62870,1189,,
GLOBAL X FDS,37954Y814,62741,1872,,
GLOBAL X FDS,37954Y731,62496,1448,,
SPDR INDEX SHS FDS,78463X301,62419,449,,
VIRGIN GALACTIC HOLDINGS INC,92766K403,62312,16143,,
SPDR SERIES TRUST,78468R531,62309,980,,
NATIONAL PRESTO INDS INC,637215104,62243,555,,
RESOURCES CONNECTION INC,76122Q105,62115,12300,,
SANFILIPPO JOHN B & SON INC,800422107,62094,966,,JBSS
TIM S A,88706T108,62093,2782,,
CORSAIR GAMING INC,22041X102,62065,6958,,
VICTORY PORTFOLIOS II,92647N865,62025,891,,
JANUS DETROIT STR TR,47103U100,61947,828,,
PAGAYA TECHNOLOGIES LTD,M7S64L123,61933,2086,,PGYWW
PACER FDS TR,69374H873,61917,1700,,
FIRST TR EXCHANGE-TRADED FD,336917109,61859,1425,,
EXCHANGE LISTED FDS TR,30151E533,61662,710,,
RING ENERGY INC,76680V108,61626,56538,,
GLOBAL X FDS,37950E291,61555,3480,,
NUSHARES ETF TR,67092P409,61475,1263,,
JAMF HLDG CORP,47074L105,61429,5741,,
INVESCO EXCHANGE TRADED FD T,46137V357,61336,323,,
ISHARES INC,464286327,61217,2237,,
OVID THERAPEUTICS INC,690469101,61083,46987,,OVID
ISHARES TR,46434VBD1,61018,2422,,
INNOSPEC INC,45768S105,60571,785,,IOSP
CIA ENERGETICA DE MINAS GERA,204409601,60510,28678,,
J P MORGAN EXCHANGE TRADED F,46641Q845,60504,1215,,
NORTHEAST BK PORTLAND ME,66405S100,60497,604,,
BIGLARI HLDGS INC,08986R309,60199,186,,
GERMAN AMERN BANCORP INC,373865104,60122,1531,,
SPDR INDEX SHS FDS,78470E106,59998,1217,,
RAYONIER ADVANCED MATLS INC,75508B104,59940,8302,,
CHIMERA INVT CORP,16934Q802,59847,4527,,
INVESCO EXCHANGE TRADED FD T,46137V316,59806,1826,,
HERON THERAPEUTICS INC,427746102,59716,47394,,
FLOWERS FOODS INC,343498101,59665,4572,,FLO
DREAM FINDERS HOMES INC,26154D100,59357,2290,,
PAYSIGN INC,70451A104,59113,9398,,
LA Z BOY INC,505336107,58927,1717,,
LIGHTWAVE LOGIC INC,532275104,58811,15852,,
ONITY GROUP INC,675746606,58701,1469,,ONIT
MCEWEN INC.,58039P305,58448,3418,,MUX
FIRST TR EXCHANGE TRADED FD,33734X184,58379,1284,,
EMPLOYERS HLDGS INC,292218104,58325,1373,,
COLUMBIA ETF TR I,19761L607,58267,2838,,
NWPX INFRASTRUCTURE INC,667746101,57905,1094,,
INVESCO INDIA EXCHANGE-TRADE,46137R109,57899,2309,,
SELECT SECTOR SPDR TR,81369Y886,57862,663,,
INVESCO EXCHANGE TRADED FD T,46137V274,57707,753,,
NUSHARES ETF TR,67092P888,57491,1611,,
ZYMEWORKS INC,98985Y108,57338,3357,,ZYME
GLOBAL X FDS,37954Y780,57019,1462,,
INVESCO EXCHANGE TRADED FD T,46137V571,56990,1717,,
C3 AI INC,12468P104,56893,3281,,
VANECK ETF TRUST,92189F437,56800,1911,,
OIL DRI CORP AMER,677864100,56706,929,,
PRIME MEDICINE INC,74168J101,56624,10221,,
KAISER ALUMINUM CORP,483007704,56481,732,,KALU
TITAN MACHY INC,88830R101,56163,3355,,
INVESCO EXCH TRADED FD TR II,46138E743,56052,916,,
INVESCO EXCHANGE TRADED FD T,46137V365,56045,704,,
GOLDMAN SACHS ETF TR,38149W101,55967,1340,,
INMODE LTD,M5425M103,55815,3746,,INMD
NANO NUCLEAR ENERGY INC,63010H108,55796,1447,,NNE
MERCURITY FINTECH HOLDING IN,G59467202,55772,2269,,
STELLAR BANCORP INC,858927106,55644,1834,,
INFORMATION SVCS GROUP INC,45675Y104,55493,9651,,
SPDR SERIES TRUST,78468R622,55492,566,,
ONE LIBERTY PPTYS INC,682406103,55411,2505,,
D MARKET ELECTR SVCS & TRADI,23292B104,55384,20589,,
ARDAGH METAL PACKAGING S A,L02235106,55381,13880,,
KENNEDY-WILSON HOLDINGS INC,489398107,55236,6639,,
HUTCHMED CHINA LTD,44842L103,55220,3506,,
BRAZE INC,10576N102,55003,1934,,
BURFORD CAP LTD,G17977110,54999,4621,,
FLEXSHARES TR,33939L696,54874,356,,
DIMENSIONAL ETF TRUST,25434V666,54849,1667,,
HOMETRUST BANCSHARES INC,437872104,54778,1338,,
STANDARD MTR PRODS INC,853666105,54576,1337,,
INTEGRA LIFESCIENCES HLDGS C,457985208,54569,3808,,
SAUL CTRS INC,804395101,54569,1712,,
CLEARFIELD INC,18482P103,54355,1581,,
MARCUS & MILLICHAP INC,566324109,54327,1851,,
DBX ETF TR,233051705,54274,2200,,
MONRO INC,610236101,54233,3018,,
CENTRAL GARDEN & PET CO,153527106,54232,1661,,CENTA
BUILD-A-BEAR WORKSHOP INC,120076104,54190,831,,BBW
GLOBAL X FDS,37954Y624,54181,1916,,
TANGO THERAPEUTICS INC,87583X109,53978,6426,,
OMEROS CORP,682143102,53825,13128,,OMER
ISHARES INC,464286814,53780,927,,
GLOBAL X FDS,37954Y491,53770,1202,,
GALECTIN THERAPEUTICS INC,363225202,53704,12681,,GALT
FINANCE OF AMERICA COMPAN,31738L206,53653,2392,,
INVESCO EXCH TRD SLF IDX FD,46138J791,53558,2738,,
SELECT SECTOR SPDR TR,81369Y704,53323,346,,
ISHARES TR,464288794,53241,301,,
ISHARES TR,464288810,53111,884,,
AMN HEALTHCARE SVCS INC,001744101,53066,2741,,
GLOBAL X FDS,37950E259,53027,760,,
HEIDRICK & STRUGGLES INTL IN,422819102,52955,1064,,
NEXTDECADE CORP,65342K105,52908,7792,,NEXT
EMBOTELLADORA ANDINA S A,29081P303,52877,2233,,
GREEN PLAINS INC,393222104,52810,6008,,GPRE
FIRST TR EXCHANGE-TRADED ALP,33737M300,52704,581,,
COMPASS THERAPEUTICS INC,20454B104,52668,15048,,
IHEARTMEDIA INC,45174J509,52633,18339,,
NATIONAL BK HLDGS CORP,633707104,52628,1362,,
FLEXSHARES TR,33939L803,52536,592,,
NUSHARES ETF TR,67092P508,52426,1355,,
CLIPPER RLTY INC,18885T306,52406,13791,,
FRANKLIN TEMPLETON ETF TR,35473P405,52338,893,,
TOWER SEMICONDUCTOR LTD,M87915274,51994,732,,TSEM
NUSHARES ETF TR,67092P805,51809,1377,,
INVESCO EXCHANGE TRADED FD T,46137V225,51663,428,,
APARTMENT INVT & MGMT CO,03748R747,51601,6507,,
FIRST TR EXCHANGE TRADED FD,33734X309,51531,709,,
INVESCO EXCHANGE TRADED FD T,46137Y609,51492,1249,,
SELECT WATER SOLUTIONS INC,81617J301,51440,4812,,
JELD-WEN HLDG INC,47580P103,51432,10475,,
FTAI INFRASTRUCTURE INC,35953C106,51213,11746,,FIP
INVESCO EXCHANGE TRADED FD T,46137V852,51198,1161,,
VAALCO ENERGY INC,91851C201,51171,12729,,
MIDWESTONE FINL GROUP INC NE,598511103,51148,1808,,
INVESCO EXCH TRADED FD TR II,46138G672,51070,409,,
NVE CORP,629445206,51041,782,,
SPDR SERIES TRUST,78464A706,50873,315,,
ISHARES TR,464288745,50629,245,,
GREENLIGHT CAPITAL RE LTD,G4095J109,50571,3982,,
BAKKT HOLDINGS INC,05759B305,50441,1499,,
RBB FD INC,74933W478,50406,1002,,
ISHARES TR,464288695,50249,543,,
VICTORY PORTFOLIOS II,92647N782,50238,681,,
MARKETWISE INC,57064P206,50218,3038,,
U S GOLD CORP,90291C201,50215,3047,,
ISHARES TR,464288612,49915,465,,
VANECK ETF TRUST,92189F601,49818,367,,
STEELCASE INC,858155203,49794,2895,,
SMARTFINANCIAL INC,83190L208,49700,1391,,SMBK
BLOOMIN BRANDS INC,094235108,49165,6857,,
DBX ETF TR,233051846,49008,2081,,
KOSMOS ENERGY LTD,500688106,48933,29478,,KOS
COLONY BANKCORP INC,19623P101,48802,2869,,CBAN
NU SKIN ENTERPRISES INC,67018T105,48711,3996,,
FORRESTER RESH INC,346563109,48696,4594,,
NUSHARES ETF TR,67092P870,48468,2158,,
JACK IN THE BOX INC,466367109,48456,2451,,JACK
SUMMIT HOTEL PPTYS INC,866082100,48081,8758,,
BANK FIRST CORP,06211J100,48064,396,,BFC
LINDBLAD EXPEDITIONS HLDGS I,535219109,48051,3754,,
PENNYMAC MTG INVT TR,70931T103,47980,3914,,
OOMA INC,683416101,47864,3992,,OOMA
SWEETGREEN INC,87043Q108,47688,5976,,
VANECK ETF TRUST,92189F817,47658,2671,,
SPDR SERIES TRUST,78464A540,47626,340,,
CONMED CORP,207410101,47547,1011,,CNMD
KYVERNA THERAPEUTICS INC,501976104,47508,7918,,
ONESPAN INC,68287N100,47305,2977,,OSPN
HUDSON TECHNOLOGIES INC,444144109,47227,4756,,
ARIS WATER SOLUTIONS INC,04041L106,47027,1907,,
VANGUARD SCOTTSDALE FDS,92206C813,47022,606,,
GOPRO INC,38268T103,46979,22160,,
ISHARES TR,464287531,46939,541,,
MARINEMAX INC,567908108,46835,1849,,HZO
MISSION PRODUCE INC,60510V108,46818,3895,,
VANGUARD WHITEHALL FDS,921946406,46795,332,,
UPLAND SOFTWARE INC,91544A109,46758,19729,,
SKYE BIOSCIENCE INC,83086J200,46708,11885,,
ALPS ETF TR,00162Q676,46597,1438,,
ALPS ETF TR,00162Q718,46458,1305,,
LARIMAR THERAPEUTICS INC,517125100,46360,14353,,
TWO HBRS INVT CORP,90187B804,46271,4688,,
ORCHID IS CAP INC,68571X301,46118,6579,,
FIDELIS INSURANCE HOLDINGS L,G3398L118,46028,2536,,
ISHARES TR,46429B366,45973,936,,
SOCIEDAD QUIMICA Y MINERA DE,833635105,45903,1068,,
GRINDR INC,39854F101,45811,3050,,GRND
ISHARES TR,46434V621,45724,672,,
VERTEX INC,92538J106,45614,1840,,
MEIRAGTX HLDGS PLC,G59665102,45463,5524,,
SHORE BANCSHARES INC,825107105,45456,2770,,SHBI
SERA PROGNOSTICS INC,81749D107,45426,14845,,
SPDR SERIES TRUST,78468R770,45390,401,,
COCA-COLA FEMSA SAB DE CV,191241108,45340,546,,
ASPEN AEROGELS INC,04523Y105,45310,6510,,ASPN
VANECK ETF TRUST,92189F536,45181,2585,,
PACER FDS TR,69374H360,45157,1244,,
KALARIS THERAPEUTICS INC,482929106,45119,7806,,
ISHARES TR,46432F370,44978,280,,
CANNAE HLDGS INC,13765N107,44969,2456,,
MALIBU BOATS INC,56117J100,44716,1378,,
GCI LIBERTY INC,36164V602,44690,1190,,
STARZ ENTERTAINMENT CORP.,855919106,44661,3032,,
ISHARES TR,46435G219,44589,968,,
CARIBOU BIOSCIENCES INC,142038108,44407,19059,,
FIRST CMNTY BANKSHARES INC V,31983A103,44370,1275,,
PERMA-FIX ENVIRONMENTAL SVCS,714157203,44349,4391,,
ADAPTIMMUNE THERAPEUTICS PLC,00653A107,44253,340409,,ADAPY
LYELL IMMUNOPHARMA INC,55083R203,44140,2718,,
BLUE FOUNDRY BANCORP,09549B104,44096,4851,,
SOLID POWER INC,83422N105,44027,12688,,
ISHARES TR,46436E841,44016,1955,,
STRATUS PPTYS INC,863167201,43928,2076,,
CRITICAL METALS CORP,G2662B103,43907,7059,,CRTMF
INVESCO EXCH TRD SLF IDX FD,46138J783,43902,2227,,
PACER FDS TR,69374H816,43869,847,,
BRAEMAR HOTELS & RESORTS INC,10482B200,43848,2700,,BHR-PD
ISHARES TR,46434V860,43643,863,,
AEBI SCHMIDT HLDG AG,H00501108,43533,3491,,
VICTORY PORTFOLIOS II,92647X830,43371,1157,,
MOBILEYE GLOBAL INC,60741F104,43207,3060,,MBLY
ISHARES INC,464286756,43162,914,,
GLOBAL X FDS,37954Y772,43066,1287,,
ISHARES TR,464287739,43039,443,,
PACER FDS TR,69374H436,43013,1027,,
DONEGAL GROUP INC,257701201,42988,2217,,DGICB
CALEDONIA MNG CORP PLC,G1757E113,42909,1185,,
PACER FDS TR,69374H204,42908,1198,,
PARK-OHIO HLDGS CORP,700666100,42905,2020,,
SPDR SERIES TRUST,78468R408,42828,1673,,
ISHARES TR,46436E551,42680,973,,
FORAFRIC GLOBAL PLC,X3R81D102,42607,4903,,AFRIW
EA SERIES TRUST,02072L532,42539,1878,,
FIRST MID ILL BANCSHARES INC,320866106,42539,1123,,
ISHARES INC,46434G509,42505,1263,,
UNISYS CORP,909214306,42303,10847,,UIS
EVGO INC,30052F100,42272,8937,,EVGO
CS DISCO INC,126327105,42268,6543,,
ISHARES TR,46435G847,42104,1113,,
INVESCO EXCHANGE TRADED FD T,46137V522,41787,558,,
BLACKROCK ETF TRUST II,092528843,41768,849,,
GLOBAL X FDS,37960A669,41749,1741,,
INVESCO EXCH TRADED FD TR II,46138E123,41607,278,,
VANGUARD WORLD FD,92204A801,41587,203,,
USANA HEALTH SCIENCES INC,90328M107,41573,1509,,USNA
THIRD COAST BANCSHARES INC,88422P109,41501,1093,,
GLOBAL X FDS,37954Y764,41429,838,,
METALLUS INC,887399103,41358,2502,,MTUS
EQUITY BANCSHARES INC,29460X109,41311,1015,,EQBK
NANO X IMAGING LTD,M70700105,41262,11152,,
EA SERIES TRUST,02072L680,41206,954,,
SIMULATIONS PLUS INC,829214105,41186,2733,,
INTEGRAL AD SCIENCE HLDNG CO,45828L108,41087,4040,,
INVESCO EXCH TRADED FD TR II,46138E149,41047,987,,
VANGUARD WORLD FD,92204A207,41036,192,,
ABRDN PLATINUM ETF TRUST,003260106,40888,286,,PPLT
AIRSCULPT TECHNOLOGIES INC,009496100,40846,5093,,
TALKSPACE INC,87427V103,40773,14773,,
ISHARES TR,464287705,40771,314,,
ALIGHT INC,01626W101,40760,12503,,
ISHARES TR,46429B507,40729,604,,
QUANEX BLDG PRODS CORP,747619104,40669,2860,,
MAYVILLE ENGR CO INC,578605107,40578,2949,,
CNB FINL CORP PA,126128107,40511,1674,,
CHEMUNG FINL CORP,164024101,40493,771,,
VENTYX BIOSCIENCES INC,92332V107,40436,13002,,
REPUBLIC BANCORP INC KY,760281204,40316,558,,
COSAN S A,22113B103,40301,8761,,
CORE LABORATORIES INC,21867A105,40294,3260,,
REKOR SYSTEMS INC,759419104,40258,25642,,
CAPITAL GROUP GROWTH ETF,14020G101,40187,915,,
MEDIAALPHA INC,58450V104,40171,3530,,
J P MORGAN EXCHANGE TRADED F,46641Q332,40135,703,,
MARINE PRODS CORP,568427108,40128,4524,,
DBX ETF TR,233051481,40072,690,,
HARBORONE BANCORP INC NEW,41165Y100,40025,2943,,
ACUREN CORP,00510N102,39930,3000,,
BRIGHT MINDS BIOSCIENCES INC,10919W405,39490,651,,DRUG
MESA LABS INC,59064R109,39469,589,,
TORTOISE CAPITAL SERIES TRUS,890930407,39286,737,,
GINKGO BIOWORKS HOLDINGS INC,37611X209,39104,2682,,
INVESCO EXCH TRD SLF IDX FD,46138J577,39099,2079,,
PERPETUA RESOURCES CORP,714266103,38761,1916,,PPTA
INVESCO EXCHANGE TRADED FD T,46137V456,38726,628,,
ISHARES INC,464286640,38695,1174,,
GEVO INC,374396406,38673,19731,,
ISHARES GOLD TR,46436F103,38606,1003,,
ISHARES TR,464287713,38583,1196,,
GREEN DOT CORP,39304D102,38437,2862,,GDOT
REZOLVE AI PLC,G75398100,38421,7715,,RZLVW
PARAMOUNT GROUP INC,69924R108,38246,5848,,
ISHARES TR,464287481,38186,268,,
INVESCO EXCHANGE TRADED FD T,46137V795,38169,831,,
DBX ETF TR,233051820,38095,967,,
ADAMAS TRUST INC.,649604840,38084,5464,,
CLARUS CORP NEW,18270P109,38035,10867,,CLAR
ESQUIRE FINL HLDGS INC,29667J101,37862,371,,
DBX ETF TR,233051507,37848,445,,
TILLYS INC,886885102,37669,18286,,
COLUMBUS MCKINNON CORP N Y,199333105,37657,2626,,
TWIN DISC INC,901476101,37582,2696,,TWIN
ISHARES TR,464289180,37568,1094,,
VANECK ETF TRUST,92189H607,37104,143,,
WISDOMTREE TR,97717W877,37057,616,,
CLOVER HEALTH INVESTMENTS CO,18914F103,36980,12085,,
SINCLAIR INC,829242106,36874,2442,,
HAIN CELESTIAL GROUP INC,405217100,36699,23227,,HAIN
TOOTSIE ROLL INDS INC,890516107,36512,871,,
FIDELITY COVINGTON TRUST,316092618,36455,739,,
ISHARES TR,464288752,36358,339,,
GLOBAL X FDS,37954Y574,36198,778,,
ISHARES TR,46434V266,36166,879,,
IROBOT CORP,462726100,36112,10059,,
DIMENSIONAL ETF TRUST,25434V658,36105,1322,,
ISHARES U S ETF TR,46431W598,36046,685,,
SPDR SERIES TRUST,78464A516,35863,1559,,
CONTANGO ORE INC,21077F100,35750,1434,,
SPRINKLR INC,85208T107,35682,4622,,
CITI TRENDS INC,17306X102,35560,1146,,CTRN
TITAN INTL INC ILL,88830M102,35524,4699,,
GRANITE RIDGE RESOURCES INC,387432107,35327,6530,,
FIRST TR EXCHANGE TRADED FD,33738R845,35232,1238,,
JAMES RIV GROUP LTD,G5005R107,35143,6332,,
VANGUARD INTL EQUITY INDEX F,922042742,35098,255,,
LIFETIME BRANDS INC,53222Q103,35066,9061,,
UTAH MED PRODS INC,917488108,35011,556,,
VANECK ETF TRUST,92189F452,34964,3246,,
KRISPY KREME INC,50101L106,34830,9000,,
WIDEOPENWEST INC,96758W101,34825,6749,,
RBB BANCORP,74930B105,34754,1853,,RBB
ELEVRA LITHIUM LTD,805700101,34742,1447,,SYAXF
NORTHERN LTS FD TR IV,66538H419,34718,984,,
FUELCELL ENERGY INC,35952H700,34702,4449,,FCELB
SATELLOGIC INC,80401C100,34637,10560,,SATLW
SIGA TECHNOLOGIES INC,826917106,34614,3783,,SIGA
ISHARES TR,464288844,34489,1788,,
BNY MELLON ETF TRUST II,05613H209,34488,967,,
FIVE STAR BANCORP,33830T103,34486,1071,,FSBC
TIDAL TRUST I,886364306,34431,2141,,
VANGUARD INDEX FDS,922908538,34399,117,,
INVESCO EXCH TRADED FD TR II,46138E875,34289,719,,
BNY MELLON ETF TRUST,09661T602,34284,805,,
ONEWATER MARINE INC,68280L101,34183,2158,,ONEW
J P MORGAN EXCHANGE TRADED F,46654Q203,34167,594,,
KEZAR LIFE SCIENCES INC,49372L209,34055,8732,,
BANK MARIN BANCORP,063425102,34041,1402,,
GLOBAL X FDS,37954Y475,33925,864,,
FLUENCE ENERGY INC,34379V103,33728,3123,,
NATIONAL CINEMEDIA INC,635309206,33721,7477,,
ARMOUR RESIDENTIAL REIT INC,042315705,33685,2255,,
HACKETT GROUP INC,404609109,33610,1768,,
ALDEYRA THERAPEUTICS INC,01438T106,33554,6428,,
PEOPLES BANCORP INC,709789101,33379,1113,,PEBO
RBB FD INC,74933W643,33150,1139,,
EA SERIES TRUST,02072L714,33079,2201,,
ACTINIUM PHARMACEUTICALS INC,00507W206,33054,20659,,
CADIZ INC,127537207,33031,6998,,CDZIP
CUSTOM TRUCK ONE SOURCE INC,23204X103,33012,5142,,
VANGUARD WORLD FD,92204A504,32969,127,,
SPDR SERIES TRUST,78468R549,32962,456,,
EVE HLDG INC,29970N104,32953,8649,,
SERVE ROBOTICS INC,81758H106,32948,2833,,
CABALETTA BIO INC,12674W109,32910,14064,,
CLEAN ENERGY FUELS CORP,184499101,32792,12710,,CLNE
AMPLIFY ENERGY CORP NEW,03212B103,32729,6234,,AMPY
PAMT CORP,693149106,32661,2865,,PAMT
INVESCO EXCHANGE TRADED FD T,46137V787,32597,467,,
XPEL INC,98379L100,32574,985,,
PRA GROUP INC,69354N106,32548,2108,,PRAA
FLEXSHARES TR,33939L746,32511,417,,
SUNOPTA INC,8676EP108,32248,5503,,
PARKE BANCORP INC,700885106,32196,1494,,
SPDR SERIES TRUST,78468R200,32095,1040,,
INVESCO EXCH TRD SLF IDX FD,46138J460,32080,1898,,
RIDENOW GROUP INC,781386305,32001,7273,,
DOUGLAS DYNAMICS INC,25960R105,31541,1009,,
NORTHERN LTS FD TR III,66538R722,31507,1439,,
Q32 BIO INC,746964105,31417,15867,,QTTB
BRIDGER AEROSPACE GRP HLDGS,96812F102,31230,16881,,
SURMODICS INC,868873100,31086,1040,,
EVOLUTION PETE CORP,30049A107,31050,6442,,
NIOCORP DEVS LTD,654484609,30882,4623,,
FONAR CORP,344437405,30873,2050,,
ALTO NEUROSCIENCE INC,02157Q109,30858,7676,,
GLADSTONE LD CORP,376549101,30823,3365,,
INVESCO EXCH TRADED FD TR II,46138G706,30773,705,,
RPC INC,749660106,30645,6438,,RES
SOUTHSIDE BANCSHARES INC,84470P109,30623,1084,,SBSI
LIBERTY LATIN AMERICA LTD,G9001E102,30557,3686,,LILAP
COMMERCIAL VEH GROUP INC,202608105,30547,17969,,
ABEONA THERAPEUTICS INC,00289Y206,30540,5784,,ABEO
ENERGY VAULT HOLDINGS INC,29280W109,30368,10225,,
GLOBAL X FDS,37954Y830,30298,507,,
INVESCO EXCHANGE TRADED FD T,46137V175,30039,551,,
GOLDMAN SACHS ETF TR,381430479,30023,643,,
NACCO INDS INC,629579103,30018,712,,
TREDEGAR CORP,894650100,29839,3716,,TG
PERRIGO CO PLC,G97822103,29775,1337,,PRGO
SKILLSOFT CORP,83066P309,29764,2286,,SKIL
ISHARES INC,464286400,29748,960,,
FIRST TR EXCH TRD ALPHDX FD,33737J174,29653,393,,
AMPLIFY ETF TR,032108565,29616,660,,
ISHARES TR,464287309,29582,245,,
GLOBAL X FDS,37954Y277,29481,1024,,
SILA REALTY TRUST INC,146280508,29467,1174,,
INVESTORS TITLE CO NC,461804106,29461,110,,
SCHWAB STRATEGIC TR,808524680,29387,910,,
SEACOR MARINE HLDGS INC,78413P101,29354,4523,,
ISHARES TR,464288786,29353,219,,
FIRST TR EXCHANGE TRADED FD,33738R811,29299,262,,
LIQUIDITY SVCS INC,53635B107,29295,1068,,
MORGAN STANLEY ETF TRUST,61774R205,29279,358,,
CALUMET INC,131428104,29273,1604,,
RMR GROUP INC,74967R106,29116,1851,,RMR
BEAMR IMAGING LTD,M1R79L104,29067,9499,,BMR
DLH HLDGS CORP,23335Q100,29013,5135,,
MAMMOTH ENERGY SVCS INC,56155L108,28959,12646,,
BAYCOM CORP,07272M107,28836,1003,,BCML
PROKIDNEY CORP,74291D104,28800,11901,,PROK
EA SERIES TRUST,02072L672,28783,461,,
SUZANO S A,86959K105,28708,3054,,
FIRST TR EXCHANGE-TRADED FD,33718M105,28587,377,,
MONOPAR THERAPEUTICS INC,61023L207,28585,350,,
GRID DYNAMICS HLDGS INC,39813G109,28542,3702,,
ALERUS FINL CORP,01446U103,28361,1281,,
J P MORGAN EXCHANGE TRADED F,46641Q118,28358,447,,
JASPER THERAPEUTICS INC,471871202,28320,11899,,
ISHARES TR,46435G250,28299,591,,
PYXIS ONCOLOGY INC,747324101,28263,12731,,
GREENWICH LIFESCIENCES INC,396879108,28248,2839,,
ISHARES TR,464288166,28238,256,,
SIGHT SCIENCES INC,82657M105,28122,8175,,
BED BATH & BEYOND INC,690370101,28088,2869,,
GUARANTY BANCSHARES INC TEX,400764106,28080,576,,
COMMUNITY HEALTH SYS INC NEW,203668108,28055,8740,,
ISHARES INC,464286707,28053,639,,
AUTOHOME INC,05278C107,28011,981,,ATHM
WISDOMTREE TR,97717X719,27996,628,,
HEARTLAND EXPRESS INC,422347104,27864,3325,,HTLD
VALHI INC NEW,918905209,27804,1762,,
SPDR SERIES TRUST,78464A656,27687,1052,,
J P MORGAN EXCHANGE TRADED F,46641Q738,27678,290,,
ALUMIS INC,022307102,27655,6931,,ALMS
EVERCOMMERCE INC,29977X105,27547,2475,,EVCM
GAMBLING COM GROUP LIMITED,G3R239101,27297,3337,,
ISHARES TR,46435U283,27203,1068,,
TRUST FOR PROFESSIONAL MANAG,89834G752,27120,909,,
FORGE GLOBAL HOLDINGS INC,34629L202,27091,1603,,
FIRST UTD CORP,33741H107,26879,731,,
IMMUNITYBIO INC,45256X103,26848,10914,,
PURE CYCLE CORP,746228303,26834,2424,,PCYO
BROOKFIELD BUSINESS CORP,11259V106,26823,799,,BBUC
LSB INDS INC,502160104,26792,3400,,
SI-BONE INC,825704109,26658,1811,,
NEUMORA THERAPEUTICS INC.,640979100,26630,14632,,
FIRST BUSINESS FINL SVCS INC,319390100,26553,518,,
FORUM ENERGY TECHNOLOGIES IN,34984V209,26470,991,,
EVOLUS INC,30052C107,26402,4300,,
ARES COML REAL ESTATE CORP,04013V108,26347,5842,,
ACLARIS THERAPEUTICS INC,00461U105,26285,13834,,
SABINE RTY TR,785688102,26222,330,,
NATURES SUNSHINE PRODS INC,639027101,26167,1686,,
NEWTEKONE INC,652526203,26163,2285,,
BKV CORP,05603J108,26160,1131,,BKV
NATHANS FAMOUS INC NEW,632347100,26024,235,,
SPDR SERIES TRUST,78464A581,25929,329,,
JOHN HANCOCK EXCHANGE TRADED,47804J842,25661,613,,
KRONOS WORLDWIDE INC,50105F105,25618,4463,,KRO
SPROTT ETF TRUST,85210B102,25305,408,,
WISDOMTREE TR,97717X263,25085,600,,
ISHARES TR,46436E833,24994,1117,,
ISHARES INC,464286285,24873,627,,
EASTMAN KODAK CO,277461406,24717,3856,,KODK
ISHARES TR,46432F339,24702,127,,
INVESCO EXCH TRADED FD TR II,46138G870,24530,993,,
ATLANTIC INTL CORP,048592109,24495,8031,,
ETF SER SOLUTIONS,26922A511,24431,788,,
GLOBAL X FDS,37954Y269,24359,831,,
TCW ETF TRUST,29287L601,24335,762,,
FIDELITY MERRIMACK STR TR,316188846,24225,486,,
METAGENOMI INC,59102M104,24165,10196,,
BANK7 CORP,06652N107,24153,522,,BSVN
FARMERS NATIONAL BANC CORP,309627107,24151,1676,,
TCW ETF TRUST,29287L106,24118,307,,
RESOLUTE HLDGS MGMT INC,76134H101,24098,334,,
BIT DIGITAL INC,G1144A105,24051,8017,,
ALX ONCOLOGY HLDGS INC,00166B105,23764,12986,,
CASSAVA SCIENCES INC,14817C107,23757,8164,,
TITAN AMER SA,B9151N105,23755,1590,,
MISTRAS GROUP INC,60649T107,23714,2410,,
CAPITAL BANCORP INC MD,139737100,23606,740,,
JOHNSON OUTDOORS INC,479167108,23588,584,,JOUT
T ROWE PRICE ETF INC,87283Q107,23578,482,,
ISHARES INC,464286764,23561,476,,
FENNEC PHARMACEUTICALS INC,31447P100,23391,2499,,FENC
INSTEEL INDS INC,45774W108,23311,608,,
AMPLIFY ETF TR,032108599,23280,397,,
STANDARD BIOTOOLS INC,34385P108,23248,17883,,LAB
MASTERCRAFT BOAT HLDGS INC,57637H103,23198,1081,,
FVCBANKCORP INC,36120Q101,23190,1788,,
C & F FINL CORP,12466Q104,23184,345,,
VISTA ENERGY S.A.B. DE C.V.,92837L109,23117,672,,
OPKO HEALTH INC,68375N103,23030,14858,,
CONDUENT INC,206787103,22957,8199,,CNDT
VANGUARD WORLD FD,921910733,22930,194,,
VICTORY PORTFOLIOS II,92647N568,22911,253,,
TARGET HOSPITALITY CORP,87615L107,22896,2700,,TH
FIRST TR EXCHANGE-TRADED FD,33736G106,22876,1191,,
DOLE PLC,G27907107,22848,1700,,DOLE
GCM GROSVENOR INC,36831E108,22800,1889,,GCMG
STEVANATO GROUP S P A,T9224W109,22789,885,,
J P MORGAN EXCHANGE TRADED F,46654Q575,22644,444,,
BRC INC,05601U105,22637,14511,,BRCC
DIMENSIONAL ETF TRUST,25434V765,22574,743,,
STONERIDGE INC,86183P102,22525,2956,,SRI
CLEARWATER PAPER CORP,18538R103,22504,1084,,CLW
SAFE BULKERS INC,Y7388L103,22489,5065,,
FRANKLIN BSP RLTY TR INC,35243J101,22415,2064,,
PACIFIC BIOSCIENCES CALIF IN,69404D108,22390,17492,,
J P MORGAN EXCHANGE TRADED F,46641Q878,22278,474,,
CITIZENS FINL SVCS INC,174615104,22243,369,,
RENAISSANCE CAP GREENWICH FD,759937204,22231,449,,
WEREWOLF THERAPEUTICS INC,95075A107,22229,11284,,
BROOKFIELD INFRAST PARTNERS,G16252101,22201,675,,
AMERICAN CENTY ETF TR,025072794,22199,301,,
BRIDGEWATER BANCSHARES INC,108621103,22088,1255,,BWBBP
PRAIRIE OPER CO,739650109,22049,11108,,
TCW ETF TRUST,29287L502,22015,623,,
ACHIEVE LIFE SCIENCES INC,004468500,22006,6986,,
ISHARES INC,464286657,21986,486,,
FIRST TR EXCH TRD ALPHDX FD,33737J117,21958,429,,
FIRST INTERNET BANCORP,320557101,21914,977,,INBKZ
SEAPORT ENTMT GROUP INC,812215200,21912,956,,
AGENUS INC,00847G804,21899,5688,,AGEN
SPIRE GLOBAL INC,848560306,21826,1986,,
SPDR DOW JONES INDL AVERAGE,78467X109,21796,47,,
SPDR SERIES TRUST,78464A805,21695,269,,
ENLIGHT RENEWABLE ENERGY LTD,M4056D110,21671,704,,ENLT
VANECK ETF TRUST,92189F429,21635,1218,,
AQUESTIVE THERAPEUTICS INC,03843E104,21544,3854,,
SPROTT ETF TRUST,85210B201,21500,299,,
ISHARES INC,464286343,21499,857,,
DIMENSIONAL ETF TRUST,25434V781,21498,602,,
SPDR SERIES TRUST,78468R671,21392,250,,
VANGUARD WHITEHALL FDS,921946810,21384,239,,
ISHARES TR,464289511,21356,414,,
INVESCO EXCHANGE TRADED FD T,46137V753,21312,465,,
FRANKLIN TEMPLETON ETF TR,35473P769,21259,570,,
MINISO GROUP HLDG LTD,66981J102,21218,943,,
INVESCO EXCHANGE TRADED FD T,46137V167,21216,180,,
MYOMO INC,62857J201,21158,23720,,
ETFIS SER TR I,26923G400,21140,1130,,
FIRST TR EXCH TRD ALPHDX FD,33737J158,21074,323,,
GEOSPACE TECHNOLOGIES CORP,37364X109,21065,1111,,GEOS
NERDY INC,64081V109,21055,16710,,NRDY
CLIMB GLOBAL SOLUTIONS INC,946760105,21035,156,,
BRAEMAR HOTELS & RESORTS INC,10482B101,21018,7699,,BHR-PD
VANGUARD WORLD FD,92204A108,20996,53,,
AMERICAN BATTERY TECHNOLOGY,02451V309,20951,4311,,
FIRST FINANCIAL CORPORATION,320218100,20939,371,,
ARHAUS INC,04035M102,20920,1968,,
ISHARES BITCOIN TRUST ETF,46438F101,20900,322,,IBIT
PCB BANCORP,69320M109,20727,987,,PCB
GLOBAL X FDS,37954Y442,20722,891,,
SPROTT FDS TR,85208P303,20685,342,,
SPDR SERIES TRUST,78468R887,20614,159,,
VICTORY PORTFOLIOS II,92647N824,20553,308,,
ARROW FINL CORP,042744102,20546,726,,
PRIMEENERGY RESOURCES CORP,74158E104,20545,123,,PNRG
OFFERPAD SOLUTIONS INC,67623L307,20496,4915,,OPADW
VANGUARD INDEX FDS,922908611,20484,99,,
OWENS & MINOR INC NEW,690732102,20462,4263,,
MID PENN BANCORP INC,59540G107,20449,714,,MPB
MERIDIANLINK INC,58985J105,20428,1025,,
INVESCO EXCH TRADED FD TR II,46138E404,20375,1020,,
ALPS ETF TR,00162Q478,20332,398,,
NEXTDOOR HOLDINGS INC,65345M108,20250,9689,,
TIPTREE INC,88822Q103,20224,1055,,TIPT
RACKSPACE TECHNOLOGY INC,750102105,20202,14328,,
PACER FDS TR,69374H667,20161,385,,
LIFEZONE METALS LIMITED,G5568L109,20079,3664,,
STRATA CRITICAL MEDICAL INC,092667104,19997,3952,,
HARVARD BIOSCIENCE INC,416906105,19993,45593,,HBIO
PIMCO ETF TR,72201R817,19919,202,,
AVIAT NETWORKS INC,05366Y201,19812,864,,
COLUMBIA FINL INC,197641103,19783,1318,,
DBX ETF TR,23306X829,19759,476,,
GLOBAL X FDS,37950E101,19618,649,,
ISHARES TR,46434V316,19562,379,,
CARDLYTICS INC,14161W105,19544,8043,,
INTERNATIONAL MNY EXPRESS IN,46005L101,19544,1399,,
INVESCO MORTGAGE CAPITAL INC,46131B704,19505,2580,,IVR-PC
SAN JUAN BASIN RTY TR,798241105,19431,3217,,
DBX ETF TR,233051218,19334,558,,
RBB FD INC,74933W452,19332,387,,
COMPANHIA SIDERURGICA NACION,20440W105,19271,12847,,
GRANITE PT MTG TR INC,38741L107,19257,6419,,
GOLDEN MATRIX GROUP INC,381098300,19227,17015,,
ALGONQUIN PWR UTILS CORP,015857105,19218,3576,,
GLOBAL WTR RES INC,379463102,19189,1863,,
PRIMIS FINANCIAL CORP,74167B109,19097,1817,,FRST
JOINT CORP,47973J102,19004,1992,,JYNT
ACCO BRANDS CORP,00081T108,18984,4758,,ACCO
INVESCO EXCH TRADED FD TR II,46138E222,18933,351,,
KARAT PACKAGING INC,48563L101,18933,751,,KRT
FIRST TR EXCHANGE-TRADED FD,33739Q705,18924,384,,
DEFINITIVE HEALTHCARE CORP,24477E103,18911,4658,,DH
ISHARES INC,464286582,18882,205,,
UNITED HOMES GROUP INC,91060H108,18800,4552,,
TIMOTHY PLAN,887432359,18681,404,,
METROCITY BANKSHARES INC,59165J105,18663,674,,
LEGACY HOUSING CORP,52472M101,18652,678,,LEGH
ISHARES INC,464286350,18583,474,,
SAVARA INC,805111101,18410,5157,,SVRA
RCI HOSPITALITY HLDGS INC,74934Q108,18367,602,,
TSCAN THERAPEUTICS INC,89854M101,18187,9993,,
ENANTA PHARMACEUTICALS INC,29251M106,18170,1518,,ENTA
CIVISTA BANCSHARES INC,178867107,18137,893,,
MATTHEWS INTL CORP,577128101,18113,746,,
FIRST TR EXCHANGE TRADED FD,33738R886,17954,733,,
FIRST TR EXCHANGE-TRADED FD,33733E203,17929,100,,
OPPFI INC,68386H103,17901,1580,,OPFI
GRAHAM CORP,384556106,17897,326,,GHM
GRAYSCALE BITCOIN MINI TR ET,389930207,17771,351,,
MAXCYTE INC,57777K106,17759,11240,,
PORTILLOS INC,73642K106,17738,2750,,
RIBBON COMMUNICATIONS INC,762544104,17712,4661,,RBBN
CORBUS PHARMACEUTICALS HLDGS,21833P301,17710,1400,,
ISHARES TR,464288489,17620,765,,
STAR BULK CARRIERS CORP.,Y8162K204,17568,945,,SBLK
AXT INC,00246W103,17547,3908,,AXTI
MATRIX SVC CO,576853105,17488,1337,,
HAMILTON INSURANCE GROUP LTD,G42706104,17459,704,,
SPDR SERIES TRUST,78464A771,17425,114,,
PANGAEA LOGISTICS SOLUTION L,G6891L105,17414,3428,,
INVESCO EXCH TRADED FD TR II,46138E396,17402,317,,
ISHARES TR,46435U259,17395,678,,
GENIE ENERGY LTD,372284208,17297,1157,,GNE
INVESCO EXCHANGE TRADED FD T,46137V704,17279,163,,
LISTED FDS TR,53656F789,17222,721,,
VANECK ETF TRUST,92189F353,17167,856,,
EXCHANGE TRADED CONCEPTS TRU,301505889,17111,368,,
BLINK CHARGING CO,09354A100,17102,10428,,BLNK
SELECT SECTOR SPDR TR,81369Y506,17097,191,,
FREEDOM HLDG CORP NEV,356390104,17041,99,,
ISHARES INC,464286509,17035,337,,
INVESCO EXCHANGE TRADED FD T,46137V159,17028,183,,
ZSPACE INC,98980W107,17007,17358,,
BENITEC BIOPHARMA INC,08205P209,16850,1201,,BNTC
FLEXSHARES TR,33939L605,16843,694,,
FIRST TR EXCHANGE-TRADED ALP,33737M102,16815,184,,
SCHWAB STRATEGIC TR,808524631,16811,629,,
ISHARES TR,464288778,16810,320,,
VANGUARD SCOTTSDALE FDS,92206C573,16751,214,,
LIFECORE BIOMEDICAL INC,514766104,16737,2274,,
INVESCO CURRENCYSHARES BRIT,46138M109,16567,128,,
QUICKLOGIC CORP,74837P405,16562,2733,,QUIK
ABACUS GLOBAL MGMT INC,00258Y104,16508,2881,,
INVESCO EXCH TRADED FD TR II,46138G300,16446,382,,
J P MORGAN EXCHANGE TRADED F,46654Q583,16425,318,,
CAMBRIA ETF TR,132061300,16342,524,,
ABRDN SILVER ETF TRUST,003264108,16291,366,,SIVR
FIRST TR EXCHANGE-TRADED ALP,33737M409,16261,291,,
GLOBAL X FDS,37960A438,16261,162,,
ISHARES TR,46435U366,16258,443,,
ALTA EQUIPMENT GROUP INC,02128L106,16254,2245,,ALTG-PA
EA SERIES TRUST,02072Q812,16237,139,,
STEM INC,85859N300,16224,926,,
WISDOMTREE TR,97717Y543,16213,568,,
B. RILEY FINANCIAL INC,05580M108,16204,2712,,
VANECK ETF TRUST,92189F411,16181,1083,,
INVESCO EXCH TRADED FD TR II,46138G540,16172,391,,
SEMLER SCIENTIFIC INC,81684M104,16110,537,,
BLUE RIDGE BANKSHARES INC VA,095825105,16108,3808,,
J P MORGAN EXCHANGE TRADED F,46641Q753,16057,338,,
PERFORMANT HEALTHCARE INC,71377E105,16055,2077,,
AMERICAN CENTY ETF TR,025072810,16040,133,,
AMERICAN CENTY ETF TR,025072208,15979,248,,
EXCHANGE TRADED CONCEPTS TRU,301505475,15946,245,,
INVESCO EXCHANGE TRADED FD T,46137V381,15925,276,,
QUIPT HOME MEDICAL CORP,74880P104,15924,6101,,
ADVANTAGE SOLUTIONS INC,00791N102,15897,10390,,ADV
SPDR SERIES TRUST,78464A821,15810,173,,
INNOVAGE HLDG CORP,45784A104,15774,3057,,
TRILLER GROUP INC,895970101,15666,18872,,ILLRW
ORASURE TECHNOLOGIES INC,68554V108,15620,4866,,OSUR
ACRIVON THERAPEUTICS INC,004890109,15606,8622,,
GRAFTECH INTL LTD,384313607,15589,1216,,
ETF SER SOLUTIONS,26922A321,15587,269,,
HAVERTY FURNITURE COS INC,419596101,15505,707,,
AMERANT BANCORP INC,023576101,15493,804,,AMTB
CHOICEONE FINL SVCS INC,170386106,15465,534,,
ZUMIEZ INC,989817101,15433,787,,ZUMZ
JAKKS PAC INC,47012E403,15359,820,,
PLAYSTUDIOS INC,72815G108,15355,15952,,
FS BANCORP INC,30263Y104,15329,384,,
GOLDMAN SACHS ETF TR,381430545,15326,100,,
ALTI GLOBAL INC,02157E106,15290,4295,,
SIREN ETF TR,829658301,15226,200,,
PACER FDS TR,69374H634,15200,381,,
TIDAL TRUST I,886364801,15193,307,,
AMPLIFY ETF TR,032108656,15187,266,,
PUBMATIC INC,74467Q103,15136,1828,,
PONCE FINANCIAL GROUP INC,732344106,15126,1029,,
VANECK ETF TRUST,92189F387,15105,660,,
NI HLDGS INC,65342T106,14970,1104,,
SCHWAB STRATEGIC TR,808524805,14951,642,,
XEROX HOLDINGS CORP,98421M106,14901,3963,,XRXDW
J P MORGAN EXCHANGE TRADED F,46641Q241,14892,319,,
ISHARES TR,46436E866,14885,637,,
SCHWAB STRATEGIC TR,808524656,14816,189,,
ABSOLUTE SHS TR,00400R858,14775,479,,
HIMAX TECHNOLOGIES INC,43289P106,14728,1668,,
ISHARES TR,464288174,14682,200,,
AURA BIOSCIENCES INC,05153U107,14628,2367,,
INVESCO EXCHANGE TRADED FD T,46137V118,14627,212,,
FUTUREFUEL CORP,36116M106,14589,3760,,FF
INVESCO EXCHANGE TRADED FD T,46137V878,14577,311,,
AVITA MEDICAL INC,05380C102,14512,2840,,
FIRST TR EXCH TRD ALPHDX FD,33737J182,14463,534,,
SERITAGE GROWTH PPTYS,81752R100,14437,3397,,
GLOBAL X FDS,37954Y236,14424,704,,
CIA ENERGETICA DE MINAS GERA,204409882,14406,5277,,
EATON VANCE TAX-MANAGED GLOB,27829F108,14405,1583,,
AB ACTIVE ETFS INC,00039J822,14397,339,,
VERRICA PHARMACEUTICALS INC,92511W207,14382,3337,,VRCA
CLIMB BIO INC,28658R106,14355,7142,,
ERMENEGILDO ZEGNA N V,N30577105,14336,1517,,
DRILLING TOOLS INTL CORP,26205E107,14320,6226,,
FIRST TR EXCHANGE TRADED FD,33734X127,14296,877,,
FIRST BK WILLIAMSTOWN NEW JE,31931U102,14237,874,,
DOUGLAS ELLIMAN INC,25961D105,14200,4965,,DOUG
TIMOTHY PLAN,887432326,14198,361,,
MAMAS CREATIONS INC,56146T103,14146,1346,,
FIRST TR EXCHANGE-TRADED FD,33734G108,14128,503,,
ARTIVA BIOTHERAPEUTICS INC,04317A107,14120,4920,,
SPDR SERIES TRUST,78464A110,14094,74,,
ISHARES U S ETF TR,46431W705,14032,150,,
VANGUARD SCOTTSDALE FDS,92206C565,14002,201,,
COLUMBIA ETF TR II,19762B509,13950,526,,
COHERUS ONCOLOGY INC,19249H103,13635,8314,,
INVESCO EXCH TRADED FD TR II,46138E610,13598,1005,,
SKILLZ INC,83067L208,13592,1699,,
ARQ INC,00770C101,13568,1895,,
RCM TECHNOLOGIES INC,749360400,13541,510,,
SYSTEM1 INC,87200P208,13517,1920,,
HUMACYTE INC,44486Q103,13499,7758,,
INVESCO EXCH TRADED FD TR II,46138G805,13496,495,,
PRINCETON BANCORP INC,74179A107,13468,423,,
1 800 FLOWERS COM INC,68243Q106,13460,2926,,FLWS
EAGLE BANCORP INC MD,268948106,13426,664,,
TRUEBLUE INC,89785X101,13419,2189,,
VUZIX CORP,92921W300,13374,4273,,VUZI
LIFEWAY FOODS INC,531914109,13325,480,,
NORTHERN TECHNOLOGIES INTL C,665809109,13323,1728,,
J P MORGAN EXCHANGE TRADED F,46654Q724,13265,204,,
EMPIRE PETE CORP,292034303,13262,2934,,
W & T OFFSHORE INC,92922P106,13257,7284,,
LOANDEPOT INC,53946R106,13226,4308,,
FATE THERAPEUTICS INC,31189P102,13210,10484,,FATE
WISDOMTREE TR,97717Y659,13180,420,,
ADVISORS SER TR,00770X220,13168,234,,
GLOBAL X FDS,37954Y657,13120,675,,
NEWSMAX INC,65250K105,13119,1058,,NMAX
PRELUDE THERAPEUTICS INC,74065P101,13103,9099,,PRLD
SELECT SECTOR SPDR TR,81369Y860,13018,309,,
WISDOMTREE TR,97717W869,12957,184,,
ISHARES TR,464287663,12842,128,,
CTO RLTY GROWTH INC NEW,22948Q101,12796,785,,
SOUND FINL BANCORP INC,83607A100,12759,277,,
SPDR SERIES TRUST,78464A144,12714,429,,
RED CAT HLDGS INC,75644T100,12689,1226,,
BEYOND MEAT INC,08862E109,12603,6668,,
FLEXSHARES TR,33939L761,12574,255,,
GAIA INC NEW,36269P104,12574,2124,,
TIDAL TRUST II,88636J527,12570,2298,,
ISHARES TR,46435G342,12557,572,,
SILVACO GROUP INC,82728C102,12497,2310,,
ISHARES TR,46429B663,12490,102,,
TUCOWS INC,898697206,12413,669,,
XPONENTIAL FITNESS INC,98422X101,12394,1591,,
DOCGO INC,256086109,12309,9051,,DCGO
COMPANHIA PARANAENSE DE ENER,20441B704,12230,1365,,
TIMOTHY PLAN,887432334,12217,366,,
SPDR INDEX SHS FDS,78463X400,12149,116,,
US GOLDMINING INC,90291W108,12135,944,,
NEXPOINT REAL ESTATE FIN INC,65342V101,12110,854,,
ICHOR HOLDINGS,G4740B105,12089,690,,
PROVIDENT BANCORP INC,74383L105,12054,962,,
SUPERIOR GROUP OF CO INC,868358102,12049,1124,,
TILE SHOP HLDGS INC,88677Q109,11973,1979,,
NORTHERN LTS FD TR IV,66538H534,11945,269,,
OMEGA FLEX INC,682095104,11913,382,,
CALIFORNIA BANCORP,84252A106,11910,714,,
STAR HLDGS,85512G106,11876,1443,,
PIMCO ETF TR,72201R783,11864,124,,
SPDR SERIES TRUST,78464A292,11839,358,,
GOLDEN ENTMT INC,381013101,11790,500,,
HF FOODS GROUP INC,40417F109,11769,4264,,HFFG
DISTRIBUTION SOLUTIONS GRP I,520776105,11761,391,,
VIEMED HEALTHCARE INC,92663R105,11747,1730,,
ISHARES TR,464288265,11743,87,,
SONIDA SENIOR LIVING INC,140475203,11726,423,,
AG MTG INVT TR INC,001228501,11642,1608,,
WW INTL INC,98262P200,11628,425,,
SOUTHLAND HLDGS INC,84445C100,11622,2709,,
NOODLES & CO,65540B105,11621,18284,,NDLS
DMC GLOBAL INC,23291C103,11577,1370,,BOOM
FARADAY FUTURE INTLGT ELEC I,307359885,11571,8901,,
IDAHO STRATEGIC RESOURCES,645827205,11489,340,,
A K A BRANDS HLDG CORP,00152K200,11426,1184,,
SEVEN HILLS REALTY TRUST,81784E101,11393,1105,,SEVN
ALTICE USA INC,02156K103,11344,4707,,
SKY HARBOUR GROUP CORPORATIO,83085C107,11291,1144,,
KESTREL GROUP LTD,G5260K102,11279,413,,KG
SUNRISE RLTY TR INC,867981102,11263,1084,,
NEXTNRG INC,652941105,11236,6140,,
PEPGEN INC,713317105,11227,2430,,PEPG
DIGIMARC CORP NEW,25381B101,11216,1148,,DMRC
EGAIN CORP,28225C806,11210,1287,,EGAN
AMERICAN RLTY INVS INC,029174109,11209,670,,
FOSSIL GROUP INC,34988V106,11195,4356,,
ISHARES TR,464287192,11187,156,,
INVESCO EXCH TRADED FD TR II,46138G649,11153,45,,
SPDR SERIES TRUST,78464A201,11091,118,,
INSPIRED ENTMT INC,45782N108,11040,1177,,
RAMACO RES INC,75134P501,11037,655,,
VANECK ETF TRUST,92189H730,11004,305,,
IBOTTA INC,451051106,11001,395,,
SEMRUSH HLDGS INC,81686C104,10960,1548,,
CYCLERION THERAPEUTICS INC,23255M204,10902,4740,,
BRT APARTMENTS CORP,055645303,10899,696,,BRT
AMERICAN CENTY ETF TR,025072372,10858,189,,
CORVUS PHARMACEUTICALS INC,221015100,10812,1467,,
INVESCO EXCH TRADED FD TR II,46138E719,10719,577,,
PIMCO ETF TR,72201R866,10717,205,,
NEW YORK LIFE INVESTMENTS ET,45409B107,10687,318,,
BCB BANCORP INC,055298103,10676,1230,,BCBP
GRANITESHARES ETF TR,38747R603,10661,164,,
SYNCHRONOSS TECHNOLOGIES INC,87157B400,10652,1752,,
PIMCO EQUITY SER,72202L371,10619,286,,
ALPINE INCOME PPTY TR INC,02083X103,10613,749,,
MIDDLEFIELD BANC CORP,596304204,10594,353,,
APPLIED THERAPEUTICS INC,03828A101,10575,17482,,
SCHWAB STRATEGIC TR,808524714,10566,424,,
I-80 GOLD CORP,44955L106,10559,11052,,IAUX-WT
RGC RES INC,74955L103,10524,469,,
BNY MELLON ETF TRUST,09661T503,10469,143,,
ISHARES TR,464287226,10358,103,,
AEMETIS INC,00770K202,10334,4593,,
LIGHTBRIDGE CORP,53224K302,10329,487,,LTBR
IQIYI INC,46267X108,10291,4020,,
EPSILON ENERGY LTD,294375209,10186,2021,,EPSN
ISHARES INC,464286715,10176,297,,
ARRIVE AI INC,04272H204,10159,2791,,ARAI
GENESCO INC,371532102,10147,350,,GCO
PURPLE INNOVATION INC,74640Y106,10147,10862,,
ASURE SOFTWARE INC,04649U102,10061,1227,,ASUR
RIMINI STR INC DEL,76674Q107,9996,2136,,
ISHARES TR,46429B747,9956,96,,
LUMINAR TECHNOLOGIES INC,550424303,9911,5189,,
DESTINATION XL GROUP INC,25065K104,9866,7531,,
ISHARES U S ETF TR,46431W606,9813,113,,
GLOBAL X FDS,37954Y194,9803,264,,
UNDER ARMOUR INC,904311206,9747,2018,,
ISHARES TR,46436E825,9746,444,,
URGENTLY INC,916931207,9735,3014,,
PACER FDS TR,69374H741,9707,306,,
LIMONEIRA CO,532746104,9682,652,,LMNR
TRANSCONTINENTAL RLTY INVS,893617209,9641,209,,
GOLDMAN SACHS ETF TR,381430453,9635,210,,
TSS INC DEL,87288V101,9635,532,,
PROSHARES TR,74347B169,9590,158,,
INVESCO EXCHANGE TRADED FD T,46137V134,9528,330,,
VTEX,G9470A102,9527,2175,,VTEX
GOLDMAN SACHS ETF TR,38149W739,9514,167,,
SUTRO BIOPHARMA INC,869367102,9434,10864,,
RICHARDSON ELECTRS LTD,763165107,9428,963,,
POWERFLEET INC,73931J109,9395,1793,,
MICROVISION INC DEL,594960304,9393,7575,,
MISTER CAR WASH INC,60646V105,9391,1762,,
VICTORY PORTFOLIOS II,92647N691,9390,175,,
ORTHOPEDIATRICS CORP,68752L100,9302,502,,KIDS
INFUSYSTEM HLDGS INC,45685K102,9231,891,,
TASKUS INC,87652V109,9211,516,,
EL POLLO LOCO HLDGS INC,268603107,9157,944,,
ENVELA CORP,29402E102,9153,1172,,ELA
OUTDOOR HOLDING CO,00175J107,9108,6154,,POWWP
J JILL INC,46620W201,9090,530,,
EXCHANGE TRADED CONCEPTS TRU,301505731,9089,142,,
KURV ETF TR,500948807,9089,248,,
ARDENT HEALTH INC,03980N107,9023,681,,
DIMENSIONAL ETF TRUST,25434V773,9015,285,,
SYNLOGIC INC,87166L209,8996,5323,,
DIAMOND HILL INVT GROUP INC,25264R207,8961,64,,
VANECK ETF TRUST,92189F635,8960,164,,
SMARTRENT INC,83193G107,8922,6328,,
SPDR SERIES TRUST,78468R523,8872,89,,
FLEXSHARES TR,33939L688,8788,45,,
ISHARES TR,464288885,8769,77,,
EA SERIES TRUST,02072L300,8759,239,,
ADVERUM BIOTECHNOLOGIES INC,00773U207,8756,1933,,
VANGUARD SCOTTSDALE FDS,92206C664,8754,89,,
SERES THERAPEUTICS INC,81750R201,8677,451,,
HOOKER FURNISHINGS CORPORATI,439038100,8668,854,,
3-D SYS CORP DEL,88554D205,8651,2983,,
FRANKLIN TEMPLETON ETF TR,35473P306,8595,164,,
VALUE LINE INC,920437100,8559,219,,VALU
GLOBAL X FDS,37954Y319,8514,132,,
FIRST TR EXCHANGE-TRADED FD,33741X201,8500,151,,
SANARA MEDTECH INC,79957L100,8472,267,,SMTI
ISHARES TR,46429B333,8470,191,,
PRIORITY TECHNOLOGY HLDGS IN,74275G107,8436,1228,,
INFINITY NAT RES INC,456941103,8417,642,,
LAKELAND INDS INC,511795106,8406,568,,
VANECK ETF TRUST,92189F171,8392,344,,
AMES NATL CORP,031001100,8391,415,,
FIRST TR EXCHANGE-TRADED FD,33733A201,8268,207,,
GOLDMAN SACHS ETF TR,381430529,8202,82,,
FLEXSHARES TR,33939L506,8199,337,,
BALLYS CORPORATION,05875B304,8192,738,,
FIDELITY COVINGTON TRUST,316092121,8169,230,,
CONCRETE PUMPING HLDGS INC,206704108,8143,1155,,
PERSONALIS INC,71535D106,8130,1247,,
FINWARD BANCORP,31812F109,8087,252,,FNWD
J P MORGAN EXCHANGE TRADED F,46641Q308,8062,137,,
ABRDN ETFS,003261104,8018,372,,
RICHTECH ROBOTICS INC,765504105,7992,1863,,RR
INVESCO EXCH TRADED FD TR II,46138E800,7929,134,,
TEJON RANCH CO,879080109,7878,493,,TRC
ZEVIA PBC,98955K104,7853,2887,,ZVIA
SHATTUCK LABS INC,82024L103,7808,3267,,
VERDE CLEAN FUELS INC,923372106,7799,2557,,
NEONODE INC,64051M709,7783,2230,,NEON
ONDAS HLDGS INC,68236H204,7720,1000,,
THERAPEUTICSMD INC,88338N206,7705,7269,,
ORANGE CNTY BANCORP INC,68417L107,7689,305,,
BNY MELLON ETF TRUST,09661T305,7565,69,,
PEOPLES FINL SVCS CORP,711040105,7535,155,,
INSEEGO CORP,45782B302,7470,499,,INSG
EMBOTELLADORA ANDINA S A,29081P204,7448,368,,
BETTER HOME & FINANCE HOLDIN,08774B508,7410,132,,
GENCOR INDS INC,368678108,7388,505,,
NAUTILUS BIOTECHNOLOGY INC,63909J108,7317,8660,,
ENNIS INC,293389102,7312,400,,
GREENE CNTY BANCORP INC,394357107,7300,323,,
GOLDMAN SACHS ETF TR,381430305,7290,167,,
GOLDMAN SACHS ETF TR,38149W598,7279,115,,
ASTRONOVA INC,04638F108,7158,699,,
ISHARES TR,46435G326,7135,89,,
HAMILTON BEACH BRANDS HLDG C,40701T104,7128,496,,
SANUWAVE HEALTH INC,80303D305,7121,190,,
GLOBAL X FDS,37954Y392,7101,210,,
FRANKLIN FINL SVCS CORP,353525108,7084,154,,
LATTICE STRATEGIES TR,518416870,7081,110,,
STRATEGY SHS,86280R506,7009,315,,
AMPLIFY ETF TR,032108102,7005,92,,
OP BANCORP,67109R109,7002,503,,OPBK
CORE MOLDING TECHNOLOGIES IN,218683100,6987,340,,
VICTORY PORTFOLIOS II,92647X822,6986,240,,
SMITH DOUGLAS HOMES CORP,83207R107,6976,395,,SDHC
VIRGINIA NATL BANKSHARES COR,928031103,6947,179,,
ISHARES INC,46434G814,6887,266,,
SIONNA THERAPEUTICS INC,829401108,6882,234,,
PROSHARES TR,74347B557,6852,68,,
ISHARES TR,464288596,6770,64,,
FIRSTSUN CAP BANCORP,33767U107,6749,174,,
FIRST CMNTY CORP S C,319835104,6688,237,,
INVESCO EXCHANGE TRADED FD T,46137V761,6686,227,,
PLIANT THERAPEUTICS INC,729139105,6678,4512,,
1STDIBS COM INC,320551104,6581,2541,,
INMUNE BIO INC,45782T105,6564,3171,,
ENTREPRENEURSHARES SERIES TR,293828877,6514,308,,
BONDBLOXX ETF TRUST,09789C812,6489,139,,
SOUTH PLAINS FINANCIAL INC,83946P107,6455,167,,
LANDS END INC NEW,51509F105,6430,456,,
BOSTON OMAHA CORP,101044105,6422,491,,BOC
ATOSSA THERAPEUTICS INC,04962H506,6385,7365,,
WISDOMTREE TR,97717Y857,6377,122,,
LEE ENTERPRISES INC,523768406,6348,1167,,
FORWARD INDS INC N Y,349862409,6341,248,,
GUARDIAN PHARMACY SVCS INC,40145W101,6321,241,,
LAZARD ACTIVE ETF TR,52110K707,6306,252,,
ULTRALIFE CORP,903899102,6295,923,,ULBI
ISPIRE TECHNOLOGY INC,46501C100,6272,2450,,ISPR
ISHARES TR,464288117,6262,147,,
SOUNDTHINKING INC,82536T107,6259,519,,
FIRST TR EXCHANGE TRADED FD,33738R878,6169,171,,
GOLDMAN SACHS ETF TR,38149W820,6169,84,,
ALPS ETF TR,00162Q460,6164,193,,
AMTECH SYS INC,032332504,6156,665,,
ARKO CORP,041242108,6142,1344,,ARKO
TERNIUM SA,880890108,6112,176,,
VANECK ETF TRUST,92189H839,6095,169,,
ISHARES TR,46435G839,6094,162,,
BOWHEAD SPECIALTY HLDGS INC,10240L102,6084,225,,
WALDENCAST PLC,G9503X103,6071,3066,,WALDW
ETF SER SOLUTIONS,26922A297,6061,102,,
SUMMIT MIDSTREAM CORPORATION,86614G101,6059,295,,SMC
NORTHERN LTS FD TR IV,66538H641,6049,156,,
INVESCO EXCH TRADED FD TR II,46138G102,6035,130,,
VANGUARD INDEX FDS,922908553,6023,66,,
HIGHPEAK ENERGY INC,43114Q105,6017,851,,
ISHARES TR,46435U440,6000,125,,
KURV ETF TR,500948500,5982,250,,
VANGUARD INDEX FDS,922908637,5952,19,,
ISHARES TR,46429B309,5949,339,,
INVESCO EXCH TRD SLF IDX FD,46138J593,5945,135,,
MIND TECHNOLOGY INC,602566309,5930,733,,
AMERICAN OUTDOOR BRANDS INC,02875D109,5824,671,,
MORGAN STANLEY ETF TRUST,61774R106,5800,85,,
HARTFORD FDS EXCHANGE TRADED,41653L859,5788,218,,
EA SERIES TRUST,02072L698,5776,176,,
WISDOMTREE TR,97717W430,5775,257,,
CULLINAN THERAPEUTICS INC,230031106,5740,968,,
FIRST TR EXCH TRD ALPHDX FD,33737J505,5694,97,,
TIDAL TRUST II,88636J659,5688,444,,
DBX ETF TR,233051697,5649,106,,
MAUI LD & PINEAPPLE INC,577345101,5648,303,,
SOLIDION TECHNOLOGY INC,834212201,5642,1216,,STI
HOLLEY INC,43538H103,5589,1780,,HLLY
ISHARES TR,46435U796,5583,62,,
ON24 INC,68339B104,5571,974,,
INVESCO CURRENCYSHARES AUSTR,46090N103,5566,85,,
TUHURA BIOSCIENCES INC,898920103,5558,2241,,
VANGUARD INDEX FDS,922908512,5548,32,,
ISHARES TR,46436E460,5533,269,,
NL INDS INC,629156407,5529,899,,
ISHARES TR,46435G409,5505,155,,
FIRST TR EXCHANGE TRADED FD,33734X853,5494,92,,
WISDOMTREE TR,97717X271,5483,131,,
FIRST TR EXCHANGE TRADED FD,33738R662,5454,143,,
EHEALTH INC,28238P109,5452,1265,,
AMPLIFY ETF TR,032108649,5449,236,,
NIQ GLOBAL INTELLIGENCE PLC,G63755105,5448,347,,NIQ
STRAWBERRY FIELDS REIT INC,863182101,5264,428,,
PROCURE ETF TRUST II,74280R205,5258,147,,
EXPENSIFY INC,30219Q106,5250,2838,,
MEDALLION FINL CORP,583928106,5232,518,,
GLOBAL X FDS,37960A651,5219,241,,
TTEC HLDGS INC,89854H102,5188,1544,,
WESTWOOD HLDGS GROUP INC,961765104,5145,312,,
OPORTUN FINL CORP,68376D104,5109,828,,
ISHARES INC,464286517,5062,123,,
GOLUB CAP BDC INC,38173M102,5052,369,,
ISHARES TR,464289479,5049,100,,
GOLDMAN SACHS ETF TR,381430362,5048,101,,
ZKH GROUP LTD,98877R104,5022,1762,,ZKH
NORTHEAST CMNTY BANCORP INC,664121100,5019,244,,
NEW YORK LIFE INVESTMENTS ET,45409B461,5013,94,,
BASSETT FURNITURE INDS INC,070203104,4989,319,,
INVESCO CURRENCYSHARES EURO,46138K103,4985,46,,
SPDR SERIES TRUST,78464A151,4955,153,,
SPDR INDEX SHS FDS,78463X194,4929,116,,
CPI CARD GROUP INC,12634H200,4905,324,,PMTS
WISDOMTREE TR,97717X552,4888,100,,
AARDVARK THERAPEUTICS INC,002942100,4824,363,,
VERA BRADLEY INC,92335C106,4798,2387,,
COMPX INTL INC,20563P101,4774,204,,
TRAEGER INC,89269P103,4765,3906,,
AIR INDS GROUP,00912N403,4695,1500,,
KORU MEDICAL SYSTEMS INC,759910102,4684,1223,,
UNITED STATES ANTIMONY CORP,911549103,4656,751,,UAMY
WISDOMTREE TR,97717X511,4653,105,,
FIRST TR EXCHANGE-TRADED FD,33733E740,4635,270,,
FIDELITY WISE ORIGIN BITCOIN,315948109,4632,46,,
CSP INC,126389105,4620,400,,
FIRST TR EXCHANGE TRADED FD,33734X168,4619,75,,
FRANKLIN TEMPLETON ETF TR,35473P652,4615,133,,
LOGISTIC PROPERTIES OF THE A,G5557R109,4595,986,,
VICTORY PORTFOLIOS II,92647N667,4492,84,,
TENAYA THERAPEUTICS INC,87990A106,4478,2764,,
OPAL FUELS INC,68347P103,4477,2035,,OPAL
INVESCO EXCH TRD SLF IDX FD,46138J411,4454,212,,
KARYOPHARM THERAPEUTICS INC,48576U205,4441,679,,KPTI
COSMOS HEALTH INC,221413305,4440,4000,,COSM
NET POWER INC,64107A105,4440,1475,,NPWR-WT
TAYLOR DEVICES INC,877163105,4415,90,,
FRANKLIN TEMPLETON ETF TR,35473P637,4376,121,,
ATOMERA INC,04965B100,4371,989,,ATOM
CHARGEPOINT HOLDINGS INC,15961R303,4368,400,,
LUCKY STRIKE ENTERTAINMENT C,10258P102,4362,426,,
TIMOTHY PLAN,887432342,4356,105,,
PACER FDS TR,69374H766,4341,117,,
PGIM ETF TR,69344A834,4326,84,,
VIRTRA INC,92827K301,4308,819,,
WEYCO GROUP INC,962149100,4303,143,,WEYS
MODIV INDUSTRIAL INC,60784B101,4290,293,,
VERITONE INC,92347M100,4280,888,,
VANECK ETF TRUST,92189F486,4266,167,,
SPDR SERIES TRUST,78464A508,4260,77,,
LESLIES INC,527064208,4235,770,,
PROFRAC HLDG CORP,74319N100,4233,1144,,
ISHARES INC,464286202,4225,136,,
FB BANCORP INC,31425A109,4183,348,,
RESERVOIR MEDIA INC,76119X105,4168,512,,
ISHARES TR,46435G243,4150,164,,
VERU INC,92536C202,4119,1084,,VERU
VANECK ETF TRUST,92189H821,4089,188,,
CONSUMER PORTFOLIO SVCS INC,210502100,4085,541,,
INVESTAR HLDG CORP,46134L105,4085,176,,
NEW YORK LIFE INVESTMENTS ET,45409B453,4047,119,,
ISHARES TR,46436E544,4014,94,,
NEXPOINT DIVERSIFIED REL ET,65340G205,4011,1087,,
SILVERCREST ASSET MGMT GROUP,828359109,4001,254,,
GROWGENERATION CORP,39986L109,4000,2139,,GRWG
LUMENT FINANCE TRUST INC,55025L108,3994,1977,,
SENSEONICS HLDGS INC,81727U105,3969,9107,,
PLAINS GP HLDGS L P,72651A207,3922,215,,
LCNB CORP,50181P100,3882,259,,LCNB
TORRID HLDGS INC,89142B107,3880,2217,,
KURV ETF TR,500948401,3854,135,,
FLEXSHARES TR,33939L662,3839,93,,
ACTUATE THERAPEUTICS INC,005083100,3833,573,,
VANGUARD MUN BD FDS,922907738,3813,38,,
FARMERS & MERCHANTS BANCORP,30779N105,3802,152,,FMCB
GENELUX CORPORATION,36870H103,3793,903,,GNLX
BIOTE CORP,090683103,3774,1258,,BTMD
SPDR INDEX SHS FDS,78470E205,3744,90,,
BK TECHNOLOGIES CORPORATION,05587G203,3717,44,,BKTI
ISHARES TR,464288646,3712,70,,
TIDAL TRUST I,886364702,3696,200,,
LEGACY ED INC,52474R207,3675,384,,
VENTURE GLOBAL INC,92333F101,3674,259,,
DBX ETF TR,233051879,3670,111,,
CHILDRENS PL INC NEW,168905107,3651,588,,
LEGG MASON ETF INVT,524682200,3616,43,,
CRAWFORD & CO,224633206,3585,335,,CRD-B
VANECK ETF TRUST,92189F841,3584,63,,
TIDAL TRUST III,45259A100,3581,88,,
TIDAL TRUST II,88636R347,3545,118,,
FRANKLIN TEMPLETON ETF TR,35473P819,3521,135,,
DBX ETF TR,233051242,3510,62,,
FIRST BANCORP INC ME,31866P102,3493,133,,
AIRJOULE TECHNOLOGIES CORP,612160101,3466,739,,AIRJW
INVESCO EXCHANGE TRADED FD T,46137V860,3429,59,,
ABRDN PALLADIUM ETF TRUST,003262102,3425,30,,PALL
EXCHANGE TRADED CONCEPTS TRU,301505624,3383,135,,
KALTURA INC,483467106,3357,2331,,KLTR
WISDOMTREE TR,97717W778,3342,43,,
DEUTSCHE BK AG LONDON BRH,25154H749,3323,25,,
AMBIQ MICRO INC,023193105,3321,111,,
ELECTROMED INC,285409108,3314,135,,
MONTAUK RENEWABLES INC,61218C103,3308,1646,,
NATIONAL BANKSHARES INC VA,634865109,3297,112,,
RADWARE LTD,M81873107,3285,124,,RDWR
FIRST TR EXCHANGE-TRADED FD,33733E831,3275,79,,
ISHARES TR,464287242,3269,29,,
REPOSITRAK INC,700215304,3201,216,,
GOHEALTH INC,38046W204,3196,663,,
FIRST TR EXCHANGE TRADED FD,33738R100,3184,198,,
GDS HLDGS LTD,36165L108,3173,82,,
ALPHA TEKNOVA INC,02080L102,3157,510,,
SMART SAND INC,83191H107,3099,1448,,
UNITED BANCORP INC OHIO,909911109,3076,220,,
SECURITY NATL FINL CORP,814785309,3052,352,,
J P MORGAN EXCHANGE TRADED F,46654Q781,3038,41,,
JFROG LTD,M6191J100,3029,64,,FROG
MIAMI INTL HLDGS INC,59356Q108,3020,75,,
YPF SOCIEDAD ANONIMA,984245100,3016,124,,YPF
FULL HSE RESORTS INC,359678109,3011,938,,
INVESCO EXCH TRD SLF IDX FD,46138J635,2996,128,,
COLUMBIA ETF TR I,19761L805,2972,106,,
UNITED STS COMMODITY INDEX F,911717106,2960,38,,
NORTHERN LTS FD TR IV,66538H187,2940,84,,
TIDAL TRUST II,88636J162,2883,165,,
NORTHERN LTS FD TR IV,66537J796,2851,11,,
GLOBAL X FDS,37960A859,2848,130,,
WISDOMTREE TR,97717X172,2824,61,,
DELCATH SYS INC,24661P807,2806,261,,
VOX ROYALTY CORP,92919F103,2791,649,,VOXR
PIONEER BANCORP INC MD,723561106,2769,212,,
COLUMBIA ETF TR I,19761L508,2768,150,,
CURIOSITYSTREAM INC,23130Q107,2761,521,,CURI
LENSAR INC,52634L108,2754,223,,
SWK HLDGS CORP,78501P203,2750,189,,
JEWETT CAMERON TRADING LTD,47733C207,2736,800,,
WEIBO CORP,948596101,2716,219,,WEIBF
ETF SER SOLUTIONS,26922B840,2714,282,,
GLOBAL X FDS,37960A776,2683,119,,
LYRA THERAPEUTICS INC,55234L204,2676,406,,
ARK ETF TR,00214Q500,2673,115,,
TRAVELZOO,89421Q205,2654,270,,TZOO
USCB FINANCIAL HOLDINGS INC,90355N101,2635,151,,
FIRST TR EXCHANGE-TRADED FD,33741L108,2553,72,,
MACH NATURAL RESOURCES LP,55445L100,2531,192,,MNR
MICROVAST HOLDINGS INC,59516C106,2503,650,,
PACER FDS TR,69374H386,2473,37,,
RBB FD INC,74933W460,2464,49,,
VANECK ETF TRUST,92189F460,2458,112,,
BICYCLE THERAPEUTICS PLC,088786108,2446,316,,BCYC
IPERIONX LTD,44916E100,2418,49,,IPX
ASSERTIO HOLDINGS INC,04546C205,2382,2704,,
CVRX INC,126638105,2332,289,,
SMITH MIDLAND CORP,832156103,2325,63,,SMID
GOLDMAN SACHS ETF TR,381430404,2310,51,,
BEAM GLOBAL,07373B109,2304,800,,BEEM
INVESCO EXCHANGE TRADED FD T,46137V621,2299,157,,
PALLADYNE AI CORP,80359A205,2294,267,,PDYNW
MAINSTREET BANCSHARES INC,56064Y100,2250,108,,
TEADS HLDG CO,69002R103,2242,1359,,
HAFNIA LTD,Y2990R101,2232,372,,HAFN
LIFEVANTAGE CORP,53222K205,2209,227,,LFVN
FLEXSHARES TR,33939L837,2197,77,,
LISTED FDS TR,53656G555,2187,21,,
THE ONCOLOGY INSTITUTE INC,68236X100,2185,626,,
SPDR SERIES TRUST,78464A367,2173,94,,
MESABI TR,590672101,2166,74,,
ESPEY MFG & ELECTRS CORP,296650104,2158,54,,
INVESCO EXCH TRD SLF IDX FD,46139W858,2130,102,,
VROOM INC,92918V307,2108,78,,
WESTERN NEW ENG BANCORP INC,958892101,2102,175,,
BONDBLOXX ETF TRUST,09789C879,2089,48,,
EA SERIES TRUST,02072L722,2086,73,,
GLOBAL X FDS,37950E408,2078,86,,
INVESCO EXCH TRD SLF IDX FD,46138J585,2047,90,,
SMARTSTOP SELF STORAG REIT I,83192D402,2033,54,,
GLOBAL SELF STORAGE INC,37955N106,2012,400,,
FIRST TR EXCHANGE TRADED FD,33738R860,1958,55,,
ROADZEN INC,G7606H108,1931,2235,,RDZNW
GRAVITY CO LTD,38911N206,1920,30,,
WISDOMTREE TR,97717Y535,1910,55,,
BALLARD PWR SYS INC NEW,058586108,1902,702,,
ISHARES TR,46434V761,1889,100,,
RESEARCH SOLUTIONS INC,761025105,1865,500,,
DBX ETF TR,233051283,1862,41,,
INVESCO EXCH TRADED FD TR II,46138E107,1816,65,,
INOVIO PHARMACEUTICALS INC,45773H409,1799,769,,
GRANITESHARES PLATINUM TR,38748T103,1795,119,,
INNOVATOR ETFS TRUST,45782C888,1786,38,,
EAGLE FINL SVCS INC,26951R104,1778,47,,
CF BANKSHARES INC,12520L109,1772,74,,CFBK
COMTECH TELECOMMUNICATIONS C,205826209,1762,683,,
FRIEDMAN INDS INC,358435105,1752,80,,
ABRDN PRECIOUS METALS BASKET,003263100,1732,10,,
SPDR SERIES TRUST,78464A789,1720,29,,
CAMBRIA ETF TR,132061201,1717,25,,
GBANK FINL HLDGS INC,36166F100,1689,43,,
RLX TECHNOLOGY INC,74969N103,1681,639,,RLX
COMPANIA CERVECERIAS UNIDAS,204429104,1673,138,,
GOLD RESOURCE CORP,38068T105,1672,2000,,
RIVERVIEW BANCORP INC,769397100,1665,310,,RVSB
SELLAS LIFE SCIENCES GROUP I,81642T209,1655,1028,,
GOLDMAN SACHS ETF TR,381430388,1647,39,,
CARECLOUD INC,14167R100,1640,511,,
CREXENDO INC,226552107,1619,249,,
J P MORGAN EXCHANGE TRADED F,46641Q266,1617,34,,
STAR GROUP L P,85512C105,1597,135,,
ISHARES TR,46435G417,1591,36,,
SKYX PLATFORMS CORP,78471E105,1588,1418,,SKYX
ASCENT INDUSTRIES CO,871565107,1584,123,,ACNT
PROVIDENT FINL HLDGS INC,743868101,1575,100,,
DRDGOLD LIMITED,26152H301,1573,57,,
LISTED FDS TR,53656F607,1560,26,,
INVESCO EXCH TRD SLF IDX FD,46138J452,1531,69,,
FINVOLUTION GROUP,31810T101,1518,206,,FVGPY
PROSHARES TR,74348A145,1514,27,,
UNIFIED SER TR,90470L550,1498,34,,
VANECK ETF TRUST,92189H870,1487,15,,
DATA STORAGE CORP,23786R201,1478,342,,DTST
BTCS INC,05581M404,1467,304,,BTCS
JOHN MARSHALL BANCORP INC,47805L101,1467,74,,
SBC MED GROUP HLDGS INC,73245B107,1467,338,,
VIRCO MFG CO,927651109,1465,189,,
HORIZON TECHNOLOGY FIN CORP,44045A102,1452,238,,
ISHARES TR,464289123,1448,32,,
BLAIZE HLDGS INC,092915107,1439,417,,
INVESCO EXCH TRADED FD TR II,46138G888,1430,14,,
LANZATECH GLOBAL INC,51655R200,1422,58,,
ISHARES TR,464287440,1415,15,,
ETFIS SER TR I,26923G822,1411,65,,
PETMED EXPRESS INC,716382106,1381,550,,PETS
POWER SOLUTIONS INTL INC,73933G202,1375,14,,
VICTORY PORTFOLIOS II,92647N873,1375,23,,
NORWOOD FINANCIAL CORP,669549107,1347,53,,NWFL
WISDOMTREE TR,97717W521,1339,32,,
UNITED GUARDIAN INC,910571108,1335,171,,UG
J P MORGAN EXCHANGE TRADED F,46641Q373,1332,19,,
LINKBANCORP INC,53578P105,1326,186,,
ORAMED PHARMACEUTICALS INC,68403P203,1320,500,,ORMP
INVESCO EXCH TRD SLF IDX FD,46139W833,1315,53,,
SIEBERT FINL CORP,826176109,1299,445,,
AMREP CORP,032159105,1292,54,,AXR
NEXALIN TECHNOLOGY INC,65345B201,1284,1400,,
TORM PLC,G89479102,1278,62,,TRMD
RAVE RESTAURANT GROUP INC,754198109,1274,385,,
AN2 THERAPEUTICS INC,037326105,1270,1000,,
HIREQUEST INC,433535101,1251,130,,
VANGUARD INDEX FDS,922908595,1215,4,,
KULR TECHNOLOGY GROUP INC,50125G307,1202,289,,
ISHARES TR,46436E478,1198,53,,
ISHARES TR,46434V787,1191,52,,
TRISALUS LIFE SCIENCES INC,89680M101,1190,256,,
ISHARES U S ETF TR,46431W812,1157,47,,
SCYNEXIS INC,811292200,1155,1500,,SCYX
VANGUARD INTL EQUITY INDEX F,922042775,1142,16,,
RBB FD INC,74933W486,1140,23,,
VANECK ETF TRUST,92189F882,1120,25,,
TIDAL TRUST II,88636R867,1112,72,,
MAIN STR CAP CORP,56035L104,1081,17,,
SURF AIR MOBILITY INC,868927203,1073,250,,SRFM
NORTHERN LTS FD TR IV,66538H658,1066,25,,
J P MORGAN EXCHANGE TRADED F,46654Q591,1060,21,,
BARNES & NOBLE ED INC,06777U200,1055,106,,
XCF GLOBAL INC,98400U103,1053,804,,
NN INC,629337106,1046,508,,NNBR
GLOBAL X FDS,37960A735,1034,12,,
SPERO THERAPEUTICS INC,84833T103,1034,550,,
MOBILE INFRASTRUCTURE CORP,60739N101,1017,289,,BEEP
PDS BIOTECHNOLOGY CORP,70465T107,1016,1006,,PDSB
TIDAL TRUST II,88634T766,1014,116,,
AMERICAN CENTY ETF TR,025072760,996,15,,
INVESCO EXCH TRADED FD TR II,46138E784,992,46,,
PROTALIX BIOTHERAPEUTICS INC,74365A309,972,438,,
VNET GROUP INC,90138A103,971,94,,
SOLARMAX TECHNOLOGY INC,83419H103,967,921,,
XPLR INFRASTRUCTURE LP,65341B106,956,94,,
FITLIFE BRANDS INC,33817P405,955,48,,
STRATTEC SEC CORP,863111100,953,14,,
MICROBOT MED INC,59503A204,948,311,,
M-TRON INDS INC,55380K109,943,17,,
WISDOMTREE TR,97717X560,932,28,,
LEXINFINTECH HLDGS LTD,528877103,927,174,,
SPDR SERIES TRUST,78468R655,926,11,,
ETF SER SOLUTIONS,26922A719,921,23,,
SIMPLIFY EXCHANGE TRADED FUN,82889N525,906,18,,
FERROGLOBE PLC,G33856108,901,198,,GSM
CENTURY CASINOS INC,156492100,885,339,,
ISHARES TR,46436E619,879,20,,
NORTECH SYS INC,656553104,875,95,,
COMPLETE SOLARIA INC,20460L104,873,496,,
ESTABLISHMENT LABS HLDGS INC,G31249108,861,21,,
NEUBERGER BERMAN ETF TRUST,64135A705,860,32,,
SPDR SERIES TRUST,78468R515,857,34,,
FRP HLDGS INC,30292L107,853,35,,
KRANESHARES TRUST,500767769,831,24,,
MURAL ONCOLOGY PUB LTD CO,G63365103,828,400,,
XBIOTECH INC,98400H102,825,310,,XBIT
ISHARES TR,46434V407,808,19,,
ESCALADE INC,296056104,804,64,,ESCA
BONDBLOXX ETF TRUST,09789C754,796,15,,
TIDAL TRUST II,88634T840,783,55,,
FIRST CAP INC,31942S104,779,17,,
VIRTUS EQUITY & CONV INCM FD,92841M101,778,31,,
SIXTH STREET SPECIALTY LENDI,83012A109,777,34,,
DBX ETF TR,233051515,758,22,,
NEW YORK LIFE INVESTMENTS ET,45409B800,758,21,,
BARINGS BDC INC,06759L103,753,86,,
BANKFINANCIAL CORP,06643P104,746,62,,
BV FINL INC,05603E208,742,46,,
ACME UTD CORP,004816104,741,18,,
SR BANCORP INC,85227J106,739,49,,
EA SERIES TRUST,02072L409,726,11,,
NUTEX HEALTH INC,67079U306,723,7,,NUTX
GRAYSCALE ETHEREUM TRUST ETF,389638107,720,21,,
MCGRAW HILL INC,580907103,715,57,,
KRANESHARES TRUST,500767306,714,17,,
OPTEX SYS HLDGS INC,68384X209,702,54,,
INTEST CORP,461147100,695,89,,INTT
VANECK ETF TRUST,92189F791,693,7,,
VANECK ETF TRUST,92189F106,688,9,,
AB ACTIVE ETFS INC,00039J848,673,19,,
FLOTEK INDS INC DEL,343389409,672,46,,
DIAMEDICA THERAPEUTICS INC,25253X207,666,97,,DMAC
SENSUS HEALTHCARE INC,81728J109,666,212,,
ISHARES TR,46435U473,662,14,,
THE ARENA GROUP HOLDINGS INC,040044109,662,121,,
CREATIVE MED TECHNOLOGY HLDG,22529Y408,658,200,,
FIBROBIOLOGICS INC,31573L105,655,1200,,
LUFAX HOLDING LTD,54975P201,654,161,,LU
VEON LTD,91822M502,653,12,,VEON
OCEAN PWR TECHNOLOGIES INC,674870506,652,1295,,
ADICET BIO INC,007002108,629,776,,
ISHARES TR,464288679,626,6,,
CHERRY HILL MTG INVT CORP,164651101,593,248,,
ELEDON PHARMACEUTICALS INC,28617K101,591,228,,
CITIZENS & NORTHN CORP,172922106,574,29,,
CITIZENS INC,174740100,567,108,,
NORTHERN LTS FD TR IV,66538H633,567,23,,
TIDAL TRUST II,88636R735,561,12,,
PACER FDS TR,69374H717,552,13,,
USCF ETF TR,90290T809,550,24,,
IMAGENEBIO INC,45175G207,546,67,,
JOHN HANCOCK EXCHANGE TRADED,47804J834,538,17,,
ETFIS SER TR I,26923G780,528,22,,
MVB FINL CORP,553810102,526,21,,
QVC GROUP INC,74915M605,513,38,,
AB ACTIVE ETFS INC,00039J830,511,14,,
TIDAL TRUST II,88636R727,511,14,,
PRECIPIO INC,74019L602,508,28,,
REGIS CORPORATION,758932206,496,17,,RGS
FLYEXCLUSIVE INC,343928107,494,100,,FLYX-WT
ISHARES TR,46436E338,487,21,,
INTER & CO INC,G4R20B107,480,52,,
AMERICAN CENTY ETF TR,02507A101,479,8,,
VOLITIONRX LTD,928661107,475,700,,VNRX
FRANKLIN TEMPLETON ETF TR,35473P835,471,25,,
GRUPO FINANCIERO GALICIA S.A,399909100,469,17,,
AELUMA INC,00776X109,451,28,,
HANOVER BANCORP INC,410709109,449,20,,
SPDR SERIES TRUST,78468R853,436,9,,
USA RARE EARTH INC,91733P107,430,25,,
TIDAL TRUST II,88636J642,424,27,,
INVESCO EXCH TRD SLF IDX FD,46138J429,409,25,,
CISO GLOBAL INC,15672X201,408,389,,
FREQUENCY ELECTRS INC,358010106,407,12,,
PROTARA THERAPEUTICS INC,74365U107,405,93,,
PATRIOT NATL BANCORP INC,70336F203,404,311,,
NUVECTIS PHARMA INC,67080T108,403,67,,
ETFIS SER TR I,26923G772,402,10,,
ETFIS SER TR I,26923G798,397,21,,
ISHARES TR,46436E817,396,10,,
ATEGRITY SPECIALTY IN CO HO,04681Y103,395,20,,
TIDAL TRUST II,88636R693,391,7,,
ISPECIMEN INC,45032V207,387,300,,ISPC
KEWAUNEE SCIENTIFIC CORP,492854104,384,9,,
ORIGIN MATERIALS INC,68622D106,384,741,,
SOLESENCE INC,630079101,383,119,,
ACRES COMMERCIAL REALTY CORP,00489Q102,381,18,,ACR-PD
PRO-DEX INC COLO,74265M205,372,11,,
AMERICAN WELL CORP,03044L204,363,59,,AMWL
BIGLARI HLDGS INC,08986R408,355,0,,
VOLATO GROUP INC,74349W302,354,200,,
PHUNWARE INC,71948P209,352,128,,
CINEVERSE CORP,172406308,336,100,,CNVS
CB FINL SVCS INC,12479G101,332,10,,
CLEARSIDE BIOMEDICAL INC,185063203,330,83,,
INTELLICHECK INC,45817G201,329,63,,
SAGIMET BIOSCIENCES INC,786700104,329,48,,SGMT
ALTO INGREDIENTS INC,021513106,327,303,,
MOGO INC,60800C208,326,180,,
MERCER INTL INC,588056101,320,111,,
VANECK ETF TRUST,92189F767,315,7,,
LUCID DIAGNOSTICS INC,54948X109,306,303,,LUCD
TIDAL TRUST II,88636J451,306,24,,
HELLO GROUP INC,423403104,304,41,,MOMO
ENERGY SVCS ACQUISITION CORP,29271Q103,300,29,,
BUZZFEED INC,12430A300,299,176,,
KOLIBRI GLOBAL ENERGY INC,50043K406,294,53,,KGEI
MESA AIR GROUP INC,590479135,288,221,,
EQUILLIUM INC,29446K106,286,200,,
MERIDIAN CORPORATION,58958P104,284,18,,MRBK
OCCIDENTAL PETE CORP,674599162,281,11,,
PIMCO ETF TR,72201R205,278,5,,
WISDOMTREE TR,97717W547,273,3,,
AMERICAN RES CORP,02927U208,270,100,,
INVESCO EXCHANGE TRADED FD T,46137V696,263,4,,
ANGEL OAK FUNDS TRUST,03463K760,261,125,,
UNIVERSAL SAFETY PRODS INC,913821302,259,65,,
TIGO ENERGY INC,88675P103,250,100,,
ALPHA PRO TECH LTD,020772109,239,50,,APT
ISHARES TR,464288661,239,2,,
LISTED FDS TR,53656G563,239,8,,
INVESCO EXCH TRADED FD TR II,46138E669,234,12,,
FORTRESS BIOTECH INC,34960Q307,233,63,,
GCT SEMICONDUCTOR HLDG INC,36170N107,230,151,,
MELCO RESORTS AND ENTMNT LTD,585464100,229,25,,
HYCROFT MINING HOLDING CORP,44862P208,225,36,,HYMCW
ROUNDHILL ETF TRUST,77926X205,221,5,,
FIVERR INTL LTD,M4R82T106,220,9,,
WISDOMTREE TR,97717Y790,216,4,,
KLX ENERGY SERVICS HOLDNGS I,48253L205,215,112,,
SYPRIS SOLUTIONS INC,871655106,213,100,,SYPR
GREAT ELM GROUP INC,39037G109,206,84,,
TOWNSQUARE MEDIA INC,892231101,202,30,,
GLOBAL X FDS,37954Y459,196,13,,
SPDR SERIES TRUST,78464A334,195,7,,
NEXGEN ENERGY LTD,65340P106,194,22,,NXE
AIRO GROUP HLDGS INC,009422106,192,10,,
CALIDI BIOTHERAPEUTICS INC,320703408,190,125,,
WISDOMTREE TR,97717Y782,184,6,,
RHINEBECK BANCORP INC,762093102,182,16,,
OWLET INC,69120X206,178,21,,
SB FINL GROUP INC,78408D105,174,9,,
STREAMEX CORP,09073N300,173,30,,STEX
BLACKROCK ETF TRUST,09290C780,171,5,,
INVESCO EXCH TRD SLF IDX FD,46138J817,171,7,,
LIPOCINE INC NEW,53630X203,169,59,,LPCN
FIRST TR EXCHANGE-TRADED ALP,33737M201,166,3,,
GLOBAL X FDS,37950E333,165,18,,
CREATIVE REALITIES INC,22530J309,163,71,,
DIMENSIONAL ETF TRUST,25434V732,160,5,,
ISHARES TR,46435G532,158,2,,
MIRA PHARMACEUTICALS INC,60458C104,156,115,,
HAWTHORN BANCSHARES INC,420476103,155,5,,
ISHARES TR,464287432,149,2,,
NEOVOLTA INC,640655106,149,33,,NEOVW
ANGEL OAK FUNDS TRUST,03463K745,147,131,,
HIGHLAND OPPS & INCOME FD,43010E404,146,23,,
J P MORGAN EXCHANGE TRADED F,46641Q670,143,3,,
PRINCIPAL EXCHANGE TRADED FD,74255Y300,143,27,,
ARTELO BIOSCIENCES INC,04301G607,138,30,,
ISHARES TR,464287457,138,2,,
ONKURE THERAPEUTICS INC,68277Q105,138,50,,
SCILEX HOLDING CO,80880W205,138,7,,SCLXW
FIRST NATL CORP,32106V107,136,6,,
JOURNEY MED CORP,48115J109,135,19,,
MARKER THERAPEUTICS INC,57055L206,134,150,,
ROUNDHILL ETF TRUST,77926X825,134,4,,
LANDMARK BANCORP INC,51504L107,133,5,,LARK
ARROWMARK FINANCIAL CORP,861780104,132,6,,BANX
UNITED SEC BANCSHARES CALIF,911460103,131,14,,
TRIO TECH INTL,896712205,130,22,,
WEARABLE DEVICES LTD,M97838185,130,46,,WLDSW
BLACKROCK ETF TRUST,09290C863,127,4,,
PUTNAM ETF TRUST,746729300,125,29,,
VIVOS THERAPEUTICS INC,92859E207,124,40,,
KVH INDS INC,482738101,123,22,,
VIRNETX HLDG CORP,92823T207,120,7,,
MAGNACHIP SEMICONDUCTOR CORP,55933J203,116,37,,MX
OUTLOOK THERAPEUTICS INC,69012T305,112,106,,
SPDR INDEX SHS FDS,78463X863,111,4,,
INOTIV INC,45783Q100,107,74,,
ROUNDHILL ETF TRUST,77926X304,107,3,,
SONO TEK CORP,835483108,103,23,,SOTK
ELEVATION SERIES TRUST,210322749,102,4,,
NORTHPOINTE BANCSHARES INC.,66661N886,102,6,,NPB
BONDBLOXX ETF TRUST,09789C788,101,2,,
RAFAEL HLDGS INC,75062E106,97,71,,
FIRST SVGS FINL GROUP INC,33621E109,94,3,,
INSTIL BIO INC,45783C200,94,5,,
VIVANI MEDICAL INC,92854B109,93,66,,
TIDAL TRUST II,88636J139,92,4,,
FIRST TR EXCHNG TRADED FD VI,33740F805,89,2,,
THE ONE GROUP HOSPITALITY IN,88338K103,89,30,,
ADVISORSHARES TR,00768Y206,87,1,,
ZEO ENERGY CORP,98944F109,86,64,,ZEOWW
KRANESHARES TRUST,500767835,84,4,,
ETFIS SER TR I,26923G806,83,1,,
MANHATTAN BRDG CAP INC,562803106,83,15,,
ZIM INTEGRATED SHIPPING SERV,M9T951109,81,6,,
PRINCIPAL EXCHANGE TRADED FD,74255Y888,80,42,,
BANK OF THE JAMES FINL GP IN,470299108,78,5,,
GRAYSCALE ETHEREUM MINI TR E,38964R203,78,2,,
BIOAFFINITY TECHNOLOGIES INC,09076W307,77,26,,
FLEXSHARES TR,33939L886,76,1,,
RED ROBIN GOURMET BURGERS IN,75689M101,75,11,,
VIVOSIM LABS INC,68620A302,73,25,,
KARTOON STUDIOS INC.,37229T509,72,98,,
AMERICAN INTEGRITY INS GROUP,026948109,67,3,,
WISDOMTREE TR,97717X784,67,1,,
ZYNEX INC,98986M103,67,46,,
TIDAL TRUST I,886364710,66,1,,
CHAIN BRIDGE BANCORP INC,15746L100,65,2,,CBNA
MEDICINOVA INC,58468P206,63,50,,MNOV
MERSANA THERAPEUTICS INC,59045L205,62,8,,
SSGA ACTIVE ETF TR,78467V103,62,2,,
PRINCIPAL EXCHANGE TRADED FD,74255Y870,60,9,,
SSGA ACTIVE TR,78470P408,60,1,,
FINWISE BANCORP,31813A109,58,3,,FINW
PGIM ETF TR,69344A206,58,16,,
TIDAL TRUST II,88636J790,57,22,,
FRANKLIN TEMPLETON ETF TR,35473P785,56,2,,
SIMILARWEB LTD,M84137104,56,6,,SMWB
CARLSMED INC,14280C105,54,4,,
PIMCO ETF TR,72201R403,54,1,,
EAGLE BANCORP MONT INC,26942G100,52,3,,
NANOVIRICIDES INC,630087302,51,36,,
NEXTTRIP INC,826598609,51,15,,
TIDAL TRUST II,88636J154,51,2,,
WISDOMTREE TR,97717Y410,51,1,,
WISDOMTREE TR,97717Y394,51,1,,
T ROWE PRICE ETF INC,87283Q701,50,1,,
WISDOMTREE TR,97717W786,50,1,,
SSGA ACTIVE ETF TR,78467V400,49,1,,
WISDOMTREE TR,97717Y469,49,1,,
WISDOMTREE TR,97717X156,49,1,,
ECB BANCORP INC,26828M106,48,3,,
VIRTUS ARTIFICIAL INTELLIGEN,92838Y100,48,2,,
ISHARES TR,46438G711,47,1,,
PACER FDS TR,69374H428,47,1,,
J P MORGAN EXCHANGE TRADED F,46654Q716,46,9,,
VANGUARD WELLINGTON FD,921935706,46,0,,
LATTICE STRATEGIES TR,518416508,45,1,,
TIDAL TRUST II,88636R578,45,1,,
WISDOMTREE TR,97717X198,45,1,,
WISDOMTREE TR,97717Y725,45,1,,
COASTALSOUTH BANCSHARES INC,19058X207,44,2,,
GLADSTONE CAPITAL CORP,376535878,44,2,,GLAD
TIDAL TRUST II,88636R552,44,1,,
RICHMOND MUT BANCORPORATION,76525P100,43,3,,
TIDAL TRUST II,88636R677,43,1,,
WISDOMTREE TR,97717Y634,43,1,,
T ROWE PRICE ETF INC,87283Q800,41,1,,
TRON INC,85237B101,41,21,,TRON
VIRTUS CONVERTIBLE & INC FD,92838U801,41,3,,
XOS INC,98423B306,41,15,,
PRINCIPAL EXCHANGE TRADED FD,74255Y607,40,7,,
ELEVATION SERIES TRUST,210322103,39,1,,
OHIO VY BANC CORP,677719106,37,1,,
P3 HEALTH PARTNERS INC,744413204,37,4,,PIIIW
DIMENSIONAL ETF TRUST,25434V203,36,1,,
ELEVATION SERIES TRUST,210322731,36,1,,
TIDAL TRUST I,886364637,36,1,,
GALAPAGOS NV,36315X101,35,1,,
TIDAL TRUST II,88636J147,34,1,,
BROOKFIELD BUSINESS PARTNERS,G16234109,33,1,,
MACQUARIE ETF TRUST,555927201,33,1,,
SSGA ACTIVE ETF TR,78467V202,33,1,,
DIMENSIONAL ETF TRUST,25434V302,32,1,,
J P MORGAN EXCHANGE TRADED F,46641Q159,32,7,,
VIRTUS TOTAL RETURN FD INC,92835W107,32,5,,
WISDOMTREE TR,97717Y774,32,1,,
ABSOLUTE SHS TR,00400R601,31,1,,
ADVISORS INNER CIRCLE FD,0075W0163,31,1,,
ELEVATION SERIES TRUST,210322707,31,1,,
TIDAL TRUST II,88636J378,31,4,,
WISDOMTREE TR,97717Y352,31,1,,
KRANESHARES TRUST,500767827,30,1,,
UPEXI INC,39959A205,29,5,,
WISDOMTREE TR,97717X867,29,1,,
MACQUARIE ETF TRUST,555927102,28,1,,
NORTHERN LTS FD TR II,66538F140,28,1,,
PRINCIPAL EXCHANGE TRADED FD,74255Y102,28,14,,
PROFESSIONAL DVRSTY NTWORK I,74312Y400,28,8,,
SCHWAB STRATEGIC TR,808524664,28,1,,
VIRTUS ETF TR II,92790A801,28,1,,
GLOBAL X FDS,37960A511,27,1,,
SP FUNDS TRUST,84612A200,27,1,,
GLOBAL X FDS,37960A479,26,1,,
MFS ACTIVE EXCHANGE TRADED F,55286W504,26,1,,
WISDOMTREE TR,97717Y386,26,1,,
WISDOMTREE TR,97717Y451,26,1,,
ALSET INC,02115D208,25,10,,AEI
BUILD FUNDS TRUST,12009B101,25,1,,
WISDOMTREE TR,97717Y378,25,1,,
IMPACT BIOMEDICAL INC,45259L205,24,36,,IBO
NEUPHORIA THERAPEUTICS INC,64136E102,24,2,,NEUP
SARATOGA INVT CORP,80349A208,24,1,,
VIRTUS DIVERSIFIED INCM & CO,92840N100,24,1,,
VIRTUS ETF TR II,92790A603,24,1,,
ABSOLUTE SHS TR,00400R700,23,1,,
LIGHTSPEED COMMERCE INC,53229C107,23,2,,LSPD
MYSEUM INC,23816M206,23,10,,
WISDOMTREE TR,97717W380,23,1,,
ELEVATION SERIES TRUST,210322723,22,1,,
TIDAL TRUST II,88636J402,22,1,,
VIRTUS ETF TR II,92790A207,22,1,,
WISDOMTREE TR,97717W331,22,1,,
PACER FDS TR,69374H642,20,1,,
ADVISORSHARES TR,00768Y297,19,1,,
BENEFICIENT,08178Q309,19,20,,BENFW
KLOTHO NEUROSCIENCES INC,49876K103,19,40,,
YD BIO LTD,G98301107,19,1,,YDESW
CALAMOS DYNAMIC CONV & INCOM,12811V105,18,1,,
GLOBAL X FDS,37960A206,18,1,,
COGNYTE SOFTWARE LTD,M25133105,17,2,,CGNT
WISDOMTREE TR,97717Y626,17,1,,
COMSCORE INC,20564W204,16,2,,
GLOBAL X FDS,37960A503,16,1,,
VIRTUS CONVERTIBLE & INCOME,92838X805,15,1,,
GUGGENHEIM STRATEGIC OPPORTU,40167F101,14,1,,
SPLASH BEVERAGE GROUP INC,84862C302,12,5,,
THE BEACHBODY COMPANY INC,073463309,12,2,,
374WATER INC,88583P104,11,40,,SCWO
STRATASYS LTD,M85548101,11,1,,SSYS
LISTED FDS TR,53656G357,10,1,,
TEMPEST THERAPEUTICS INC,87978U207,10,1,,
AYTU BIOPHARMA INC,054754858,9,5,,
CRYO-CELL INTL INC,228895108,9,2,,
MATINAS BIOPHARMA HLDGS INC,576810303,9,5,,
BIODESIX INC,09075X207,8,1,,BDSX
GOLDEN HEAVEN GROUP HLDGS LT,G3959D133,8,1,,
OFFICE PPTYS INCOME TR,67623C109,8,23,,
ROCKWELL MED INC,774374300,8,6,,
SONOMA PHARMACEUTICALS INC,83558L303,7,2,,
CLENE INC,185634201,6,1,,CLNN
INNOVATIVE EYEWEAR INC,45791D208,6,3,,LUCYW
PSQ HOLDINGS INC,693691107,6,3,,
TRIPLEPOINT VENTURE GROWTH B,89677Y100,6,1,,
SAFETY SHOT INC,48208F105,5,20,,
GREENIDGE GENERATION HLDGS I,39531G308,4,2,,
PCM FD INC,69323T101,4,1,,
SINTX TECHNOLOGIES INC,829392703,4,1,,
TRAWS PHARMA INC,68232V884,4,2,,
AMERISERV FINL INC,03074A102,3,1,,
AMESITE INC,031094204,3,1,,AMST
NANO DIMENSION LTD,63008G203,3,2,,NNDM
CENNTRO INC,150964104,2,4,,CENN
EXPION360 INC,30218B209,2,1,,XPON
IGC PHARMA INC,45408X308,2,5,,
SYNTEC OPTICS HLDGS INC,87169M105,2,1,,
BARK INC,68622E112,1,54,,
COGNITION THERAPEUTICS INC,19243B102,1,1,,CGTX
SACHEM CAP CORP,78590A109,1,1,,
XTI AEROSPACE INC,98423K405,1,1,,
