name_of_issuer,cusip,value_usd_thousands,shares,put_call,ticker
APPLE INC,037833100,46918014624,285171112,,AAPL
MICROSOFT CORP,594918104,41532557019,144365760,,MSFT
AMAZON.COM INC,023135106,17031682734,165309180,,
NVIDIA CORP,67066G104,12763663031,46056013,,NVDA
ALPHABET INC-CL A,02079K305,12271705266,118576618,,
TESLA INC,88160R101,10358912000,50047967,,
ALPHABET INC-CL C,02079K107,10096845563,97334986,,
BERKSHIRE HATHAWAY INC-CL B,084670702,9812376775,31849381,,
META PLATFORMS INC-CLASS A,30303M102,9290409542,43938344,,
EXXON MOBIL CORP,30231G102,8084882827,73871122,,
UNITEDHEALTH GROUP INC,91324P102,8063261669,17101395,,UNH
JOHNSON & JOHNSON,478160104,7532525460,48707500,,JNJ
VISA INC-CLASS A SHARES,92826C839,7250023844,32222355,,
PROCTER & GAMBLE CO/THE,742718109,6936343367,46754131,,
JPMORGAN CHASE & CO,46625H100,6801125151,52310456,,JPM-PM
MASTERCARD INC - A,57636Q104,5936109772,16368594,,
HOME DEPOT INC,437076102,5635030702,19135000,,
MERCK & CO. INC.,58933Y105,5438036324,51218756,,
ABBVIE INC,00287Y109,5414142924,34045021,,ABBV
CHEVRON CORP,166764100,5311932946,32632341,,CVX
ELI LILLY & CO,532457108,5094158843,14867424,,LLY
BROADCOM INC,11135F101,5001947858,7813688,,AVGO
COCA-COLA CO/THE,191216100,4764720989,76982020,,
PEPSICO INC,713448108,4751555471,26126523,,PEP
PFIZER INC,717081103,4472432868,109852779,,PFE
CISCO SYSTEMS INC,17275R102,4088863973,78378278,,
COSTCO WHOLESALE CORP,22160K105,4069186087,8210385,,
THERMO FISHER SCIENTIFIC INC,883556102,4015974800,6985584,,TMO
MCDONALD'S CORP,580135101,3881440982,13909126,,
WALMART INC,931142103,3691762588,25104994,,WMT
TEXAS INSTRUMENTS INC,882508104,3680287754,19821810,,TXN
ADOBE INC,00724F101,3638621167,9461123,,ADBE
BANK OF AMERICA CORP,060505104,3580515254,125467577,,
SALESFORCE INC,79466L302,3536909917,17749285,,
LINDE PLC,G54950103,3313067589,9335306,,LIN
ACCENTURE PLC-CL A,G1151C101,3269318810,11463180,,
WALT DISNEY CO/THE,254687106,3245184639,32495462,,
DANAHER CORP,235851102,3243695733,12900685,,
ABBOTT LABORATORIES,002824100,3151497227,31196788,,ABT
VERIZON COMMUNICATIONS INC,92343V104,3105741514,80022393,,VZ
COMCAST CORP-CLASS A,20030N101,2999159524,79275856,,
ADVANCED MICRO DEVICES,007903107,2896737938,29631077,,
NETFLIX INC,64110L106,2828545402,8207971,,NFLX
AMGEN INC,031162100,2757927456,11430259,,AMGN
NIKE INC -CL B,654106103,2750643069,22478963,,
NEXTERA ENERGY INC,65339F101,2708599165,35233291,,NEE-PS
PHILIP MORRIS INTERNATIONAL,718172109,2699074458,27825384,,
INTEL CORP,458140100,2696916115,82728971,,INTC
BRISTOL-MYERS SQUIBB CO,110122108,2683787531,38809276,,
QUALCOMM INC,747525103,2677836176,21033199,,
AT&T INC,00206R102,2581838557,134387114,,T-PC
ORACLE CORP,68389X105,2572591898,27753778,,ORCL-PD
WELLS FARGO & CO,949746101,2564587909,68746622,,
RAYTHEON TECHNOLOGIES CORP,75513E101,2563117690,26237984,,
UNITED PARCEL SERVICE-CL B,911312106,2556095338,13202727,,
HONEYWELL INTERNATIONAL INC,438516106,2405781471,12617604,,HON
INTUIT INC,461202103,2305151125,5183078,,INTU
PROLOGIS INC,74340W103,2298310464,18463712,,
UNION PACIFIC CORP,907818108,2242635754,11164765,,UNP
STARBUCKS CORP,855244109,2234304601,21506132,,SBUX
CONOCOPHILLIPS,20825C104,2222273969,22421868,,COP
LOWE'S COS INC,548661107,2166626512,10857127,,
CATERPILLAR INC,149123101,2141148271,9375637,,CAT
INTL BUSINESS MACHINES CORP,459200101,2120034156,16209322,,
MEDTRONIC PLC,G5960L103,2107193250,26194928,,MDT
BOEING CO/THE,097023105,2099341654,9908984,,
LOCKHEED MARTIN CORP,539830109,2050314080,4344702,,LMT
S&P GLOBAL INC,78409V104,2042764912,5940550,,SPGI
MORGAN STANLEY,617446448,2032706758,23203306,,MS-PQ
BOOKING HOLDINGS INC,09857L108,2012834153,760277,,BKNG
AUTOMATIC DATA PROCESSING,053015103,2005151771,9021232,,
AMERICAN TOWER CORP,03027X100,1985706061,9733814,,
GOLDMAN SACHS GROUP INC,38141G104,1981052230,6070182,,GS-PD
DEERE & CO,244199105,1979416047,4807126,,DE
GILEAD SCIENCES INC,375558103,1967701280,23765051,,
ELEVANCE HEALTH INC,036752103,1962387253,4278337,,
APPLIED MATERIALS INC,038222105,1945271878,15871387,,
ANALOG DEVICES INC,032654105,1848963009,9393867,,ADI
GENERAL ELECTRIC CO,369604301,1837514278,19272027,,GE
REGENERON PHARMACEUTICALS,75886F107,1818765990,2217993,,
BLACKROCK INC,09247X101,1778038782,2664331,,
MONDELEZ INTERNATIONAL INC-A,609207105,1754467830,25228205,,
AMERICAN EXPRESS CO,025816109,1744147565,10602539,,AXP
T-MOBILE US INC,872590104,1743232694,12063727,,
MARSH & MCLENNAN COS,571748102,1710473545,10290517,,
CVS HEALTH CORP,126650100,1702245395,22961903,,CVS
VERTEX PHARMACEUTICALS INC,92532F100,1700938096,5409257,,
STRYKER CORP,863667101,1695169157,5954038,,SYK
SERVICENOW INC,81762P102,1663878530,3589941,,
CITIGROUP INC,172967424,1646775390,35179006,,C-PR
INTUITIVE SURGICAL INC,46120E602,1642287156,6444995,,ISRG
TJX COMPANIES INC,872540109,1632899622,20891507,,
ZOETIS INC,98978V103,1617463540,9739370,,ZTS
ALTRIA GROUP INC,02209S103,1596256720,35856051,,
PAYPAL HOLDINGS INC,70450Y103,1586966054,20947345,,
PROGRESSIVE CORP,743315103,1567364062,10979903,,
CHUBB LTD,H1467J104,1517746882,7833334,,CB
EQUINIX INC,29444U700,1441836798,2004008,,EQIX
SCHWAB (CHARLES) CORP,808513105,1413243764,27050168,,
FISERV INC,337738108,1400906170,12421876,,FISV
DUKE ENERGY CORP,26441C204,1386573403,14398952,,DUK-PA
TARGET CORP,87612E106,1371515894,8300283,,TGT
THE CIGNA GROUP,125523100,1368774020,5370033,,
ILLINOIS TOOL WORKS,452308109,1363875231,5611731,,
CME GROUP INC,12572Q105,1355370322,7085300,,CME
EOG RESOURCES INC,26875P101,1352283254,11814421,,EOG
LAM RESEARCH CORP,512807108,1345403024,2542805,,LRCX
SOUTHERN CO/THE,842587107,1343912203,19363593,,
ACTIVISION BLIZZARD INC,00507V109,1315883730,15408285,,
COLGATE-PALMOLIVE CO,194162103,1309583203,17457294,,
CADENCE DESIGN SYS INC,127387108,1297924955,6188531,,
BOSTON SCIENTIFIC CORP,101137107,1263857004,25329129,,BSX
O'REILLY AUTOMOTIVE INC,67103H107,1262904205,1489353,,
NORTHROP GRUMMAN CORP,666807102,1251736352,2717608,,
SYNOPSYS INC,871607107,1250868602,3245659,,SNPS
SCHLUMBERGER LTD,806857108,1241319143,25347967,,
BECTON DICKINSON AND CO,075887109,1239745016,5021220,,
MICRON TECHNOLOGY INC,595112103,1225180752,20348845,,MU
EATON CORP PLC,G29183103,1210671606,7084548,,ETN
CROWN CASTLE INC,22822V101,1208029842,9046249,,CCI
3M CO,88579Y101,1203634871,11474791,,MMM
AIR PRODUCTS & CHEMICALS INC,009158106,1193490667,4162906,,
CSX CORP,126408103,1172726722,39236265,,CSX
WASTE MANAGEMENT INC,94106L109,1143097691,7023255,,WM
AON PLC-CLASS A,G0403H108,1139119018,3621604,,
KLA CORP,482480100,1133396032,2844959,,KLAC
PUBLIC STORAGE,74460D109,1131364459,3742458,,PSA-PS
MARATHON PETROLEUM CORP,56585A102,1105998067,8215059,,MPC
INTERCONTINENTAL EXCHANGE IN,45866F104,1092659805,10503361,,
AUTOZONE INC,053332102,1090732656,444236,,AZO
HUMANA INC,444859102,1082060466,2234477,,HUM
FREEPORT-MCMORAN INC,35671D857,1033857934,25338465,,FCX
ESTEE LAUDER COMPANIES-CL A,518439104,1015189164,4129962,,
MOTOROLA SOLUTIONS INC,620076307,1008361814,3531492,,
EDWARDS LIFESCIENCES CORP,28176E108,1008113530,12214619,,EW
FORTINET INC,34959E109,1007182070,15178603,,
HCA HEALTHCARE INC,40412C101,1002773422,3812961,,
AMPHENOL CORP-CL A,032095101,998262647,12243129,,
PHILLIPS 66,718546104,982278922,9711084,,PSX
MICROCHIP TECHNOLOGY INC,595017104,979918370,11714851,,MCHPP
IDEXX LABORATORIES INC,45168D104,971568952,1946339,,
VALERO ENERGY CORP,91913Y100,969895075,6958780,,
GENERAL MILLS INC,370334104,967299457,11336837,,GIS
CHIPOTLE MEXICAN GRILL INC,169656105,963778778,565479,,CMG
GENERAL DYNAMICS CORP,369550108,962711437,4228831,,GD
DEXCOM INC,252131107,960174409,8282663,,DXCM
MODERNA INC,60770K107,957062790,6244957,,
FEDEX CORP,31428X106,943337265,4139803,,FDX
US BANCORP,902973304,942590174,26209943,,
SHERWIN-WILLIAMS CO/THE,824348106,936901881,4179547,,
PNC FINANCIAL SERVICES GROUP,693475105,915146243,7219084,,
MSCI INC,55354G100,914510221,1637256,,MSCI
PAYCHEX INC,704326107,913598922,7982029,,PAYX
AMERICAN ELECTRIC POWER,025537101,912660543,10054468,,
REALTY INCOME CORP,756109104,912559592,14441280,,O
GENERAL MOTORS CO,37045V100,911702179,24919013,,GM
SIMON PROPERTY GROUP INC,828806109,910336883,8144366,,SPG-PJ
EMERSON ELECTRIC CO,291011104,896249619,10312447,,EMR
FORD MOTOR CO,345370860,889830873,70775476,,F-PD
HERSHEY CO/THE,427866108,886746040,3489322,,
CORTEVA INC,22052L104,886489510,14726824,,
PIONEER NATURAL RESOURCES CO,723787107,884892576,4337964,,
PARKER HANNIFIN CORP,701094104,884431853,2637380,,
ARTHUR J GALLAGHER & CO,363576109,880442156,4609810,,
MCKESSON CORP,58155Q103,875120143,2464066,,MCK
TRANE TECHNOLOGIES PLC,G8994E103,874862865,4765976,,TT
DOLLAR GENERAL CORP,256677105,874185844,4163774,,DG
ROPER TECHNOLOGIES INC,776696106,873553996,1987014,,ROP
NORFOLK SOUTHERN CORP,655844108,869599966,4112708,,NSC
KIMBERLY-CLARK CORP,494368103,866180212,6465213,,
CINTAS CORP,172908105,863795197,1871093,,CTAS
BIOGEN INC,09062X103,860775144,3102735,,BIIB
PACCAR INC,693718108,858947578,11742555,,PCAR
NXP SEMICONDUCTORS NV,N6596X109,857868082,4611435,,
AGILENT TECHNOLOGIES INC,00846U101,856310068,6203779,,
ARISTA NETWORKS INC,040413106,856253690,5112297,,
MOODY'S CORP,615369105,851275664,2789339,,
SEMPRA ENERGY,816851109,848154509,5625723,,
NUCOR CORP,670346105,841209482,5438353,,NUE
OTIS WORLDWIDE CORP,68902V107,830639078,9848569,,OTIS
AUTODESK INC,052769106,829485144,3993264,,
XCEL ENERGY INC,98389B100,825364347,12251587,,XELLL
DOMINION ENERGY INC,25746U109,823619971,14768160,,
MARRIOTT INTERNATIONAL -CL A,571903202,822982462,4969166,,
TRUIST FINANCIAL CORP,89832Q109,814557067,23931465,,TFC-PR
OCCIDENTAL PETROLEUM CORP,674599105,812105412,13039195,,
CARRIER GLOBAL CORP,14448C104,793207367,17377066,,CARR
WILLIAMS COS INC,969457100,788480475,26463141,,
YUM! BRANDS INC,988498101,784672905,5947399,,
ARCHER-DANIELS-MIDLAND CO,039483102,782820572,9850240,,ADM
TRANSDIGM GROUP INC,893641100,782085725,1063539,,TDG
ROSS STORES INC,778296103,779542641,7361375,,
MONSTER BEVERAGE CORP,61174X109,773728920,14361510,,MNST
EXELON CORP,30161N101,773655311,18515401,,EXC
WELLTOWER INC,95040Q104,772086529,10792006,,WELL
HILTON WORLDWIDE HOLDINGS IN,43300A203,771113395,5486545,,
AFLAC INC,001055102,765296997,11888265,,AFL
METTLER-TOLEDO INTERNATIONAL,592688105,763880004,500127,,
ON SEMICONDUCTOR,682189105,761615398,9271748,,
ECOLAB INC,278865100,761450682,4611872,,ECL
CONSOLIDATED EDISON INC,209115104,761386843,7949371,,ED
HESS CORP,42809H107,756385582,5728515,,
IQVIA HOLDINGS INC,46266C105,754864111,3804161,,IQV
TRAVELERS COS INC/THE,89417E109,748706501,4376551,,
VICI PROPERTIES INC,925652109,748300190,22976184,,VICI
OLD DOMINION FREIGHT LINE,679580100,747790598,2195626,,
AMERIPRISE FINANCIAL INC,03076C106,736747872,2408726,,AMP
FASTENAL CO,311900104,736258586,13676410,,FAST
JOHNSON CONTROLS INTERNATION,G51502105,735258460,12241814,,
VERISK ANALYTICS INC,92345Y106,731735844,3821265,,
WARNER BROS DISCOVERY INC,934423104,729158060,48394472,,
DEVON ENERGY CORP,25179M103,715359954,14145039,,
CHARTER COMMUNICATIONS INC-A,16119P108,708919248,1987405,,
DOW INC,260557103,707239794,12901559,,DOW
RESMED INC,761152107,706314260,3231885,,RSMDF
WW GRAINGER INC,384802104,706047463,1027150,,
CUMMINS INC,231021106,701875040,2944826,,CMI
NEWMONT CORP,651639106,700338872,14289705,,
ELECTRONIC ARTS INC,285512109,698211904,5808956,,EA
COPART INC,217204106,697646301,9296080,,CPRT
TE CONNECTIVITY LTD,H84989104,697471461,5332553,,
L3HARRIS TECHNOLOGIES INC,502431109,696145122,3556352,,
BLACKSTONE INC,09260D107,695951646,7925167,,BX
ROCKWELL AUTOMATION INC,773903109,695559827,2375698,,
BANK OF NEW YORK MELLON CORP,064058100,693746609,15302537,,BNY-PK
AMETEK INC,031100100,686321064,4733274,,
SYSCO CORP,871829107,686254221,8909697,,SYY
ILLUMINA INC,452327109,679269397,2928326,,
DUPONT DE NEMOURS INC,26614N102,676973563,9454845,,
METLIFE INC,59156R108,676122139,11700503,,MET-PF
COSTAR GROUP INC,22160N109,674380951,9814024,,
AMERICAN INTERNATIONAL GROUP,026874784,673990276,13407381,,
PALO ALTO NETWORKS INC,697435105,673731301,3376601,,PANW
KROGER CO,501044101,671871869,13640088,,KR
SBA COMMUNICATIONS CORP,78410G104,659594102,2531538,,SBAC
CAPITAL ONE FINANCIAL CORP,14040H105,656327349,6838226,,COF-PN
UBER TECHNOLOGIES INC,90353T100,651574507,20585066,,
KINDER MORGAN INC,49456B101,650688621,37254585,,
PPG INDUSTRIES INC,693506107,647036793,4854892,,PPG
CONSTELLATION BRANDS INC-A,21036P108,645055333,2863322,,
WEC ENERGY GROUP INC,92939U106,643695697,6805548,,
ALLSTATE CORP,020002101,643015360,5815257,,ALL-PB
PUBLIC SERVICE ENTERPRISE GP,744573106,638875667,10253655,,
DOLLAR TREE INC,256746108,638815275,4460022,,
DR HORTON INC,23331A109,635059621,6515717,,
PRUDENTIAL FINANCIAL INC,744320102,628529175,7613784,,PRS
APTIV PLC,G6095L109,628480857,5614676,,APTV
CENTENE CORP,15135B101,622734421,9875788,,CNC
ANSYS INC,03662Q105,620366086,1868168,,
BAKER HUGHES CO,05722G100,615984261,21391034,,BKR
ENPHASE ENERGY INC,29355A107,607928840,2897279,,
REPUBLIC SERVICES INC,760759100,603464625,4472223,,
LULULEMON ATHLETICA INC,550021109,603418031,1659260,,LULU
ULTA BEAUTY INC,90384S303,599088954,1100246,,
KEYSIGHT TECHNOLOGIES IN,49338L103,593185234,3681799,,
DIGITAL REALTY TRUST INC,253868103,591734426,6032301,,
COGNIZANT TECH SOLUTIONS-A,192446102,590394368,9710353,,
HALLIBURTON CO,406216101,590048083,18691333,,HAL
EVERSOURCE ENERGY,30040W108,589477131,7548700,,ES
ONEOK INC,682680103,586407153,9249982,,
AMERICAN WATER WORKS CO INC,030420103,585708163,4007338,,
TRACTOR SUPPLY COMPANY,892356106,585603818,2496347,,
KRAFT HEINZ CO/THE,500754106,581169008,15062665,,
FIDELITY NATIONAL INFO SERV,31620M106,573144012,10572297,,
KEURIG DR PEPPER INC,49271V100,572453640,16264381,,KDP
GLOBAL PAYMENTS INC,37940X102,571776888,5445521,,GPN
UNITED RENTALS INC,911363109,569394248,1441997,,
HP INC,40434L105,568395176,19387223,,HPQ
LENNAR CORP-A,526057104,561889908,5356672,,
CDW CORP/DE,12514G108,560247116,2881054,,
STATE STREET CORP,857477103,558908796,7401010,,STT-PG
CORNING INC,219350105,557679864,15838529,,
EDISON INTERNATIONAL,281020107,557564615,7916612,,EIX
WILLIS TOWERS WATSON PLC,G96629103,557241810,2403014,,WTW
ZIMMER BIOMET HOLDINGS INC,98956P102,556243763,4315167,,
DISCOVER FINANCIAL SERVICES,254709108,556049354,5630985,,
AIRBNB INC-CLASS A,009066101,555201701,4464099,,
T ROWE PRICE GROUP INC,74144T108,555090496,4927189,,
GE HEALTHCARE TECHNOLOGY,36266G107,554406009,6775612,,
CONSTELLATION ENERGY,21037T109,549553750,7016057,,
AMERISOURCEBERGEN CORP,03073E105,542356194,3394836,,
P G & E CORP,69331C108,540144190,33476838,,
ARCH CAPITAL GROUP LTD,G0450A105,535164667,7902500,,ACGLO
ALBEMARLE CORP,012653101,534193405,2422227,,ALB-PA
WEST PHARMACEUTICAL SERVICES,955306105,533209581,1542451,,
AVALONBAY COMMUNITIES INC,053484101,529564730,3157645,,AVB
CHENIERE ENERGY INC,16411R208,529389389,3363669,,
DIAMONDBACK ENERGY INC,25278X109,528735686,3919925,,
ALIGN TECHNOLOGY INC,016255101,527927640,1583410,,ALGN
WEYERHAEUSER CO,962166104,526333246,17447456,,WY
GARTNER INC,366651107,526208150,1618904,,IT
CBRE GROUP INC - A,12504L109,522404593,7189800,,
LYONDELLBASELL INDU-CL A,N53745100,518386335,5513311,,
EXTRA SPACE STORAGE INC,30225T102,517604635,3183153,,EXR
EBAY INC,278642103,516515605,11666600,,EBAY
EQUIFAX INC,294429105,508288019,2511627,,EFX
QUANTA SERVICES INC,74762E102,502996528,3025017,,
GENUINE PARTS CO,372460105,497088509,2977671,,GPC
FORTIVE CORP,34959J108,496473860,7298958,,FTV
VULCAN MATERIALS CO,929160109,488809772,2855417,,VMC
INGERSOLL-RAND INC,45687V106,486797718,8386114,,
FIRST SOLAR INC,336433107,485528002,2236723,,
INTL FLAVORS & FRAGRANCES,459506101,483953220,5274530,,
MONOLITHIC POWER SYSTEMS INC,609839105,482618277,966299,,
AMEREN CORPORATION,023608102,479857815,5566602,,AEE
VERISIGN INC,92343E102,474168919,2246213,,
INSULET CORP,45784P101,473166182,1486725,,PODD
EQUITY RESIDENTIAL,29476L107,469403082,7839640,,EQR
WORKDAY INC-CLASS A,98138H101,466607186,2263283,,
CHURCH & DWIGHT CO INC,171340102,464666657,5267195,,
WALGREENS BOOTS ALLIANCE INC,931427108,463388492,13434485,,
FIRSTENERGY CORP,337932107,460739135,11526479,,FE
SNOWFLAKE INC-CLASS A,833445109,460609866,2989947,,
STEEL DYNAMICS INC,858119100,460036462,4074269,,STLD
DELTA AIR LINES INC,247361702,459144167,13168804,,
MARTIN MARIETTA MATERIALS,573284106,455899762,1286937,,
HARTFORD FINANCIAL SVCS GRP,416515104,454234472,6532858,,
COTERRA ENERGY INC,127097103,454087835,18494265,,
ALEXANDRIA REAL ESTATE EQUIT,015271109,451738301,3604252,,
ENTERGY CORP,29364G103,449499277,4181555,,
TELEDYNE TECHNOLOGIES INC,879360105,449304774,1006371,,TDY
MCCORMICK & CO-NON VTG SHRS,579780206,448736876,5404603,,
M & T BANK CORP,55261F104,438742550,3677366,,
DOVER CORP,260003108,438593756,2893220,,DOV
ROYAL BANK OF CANADA,780087102,438131368,4551485,,RYLBF
DTE ENERGY COMPANY,233331107,437131699,3999746,,
CLOROX COMPANY,189054109,430349356,2725410,,
HEWLETT PACKARD ENTERPRISE,42824C109,430081380,27039043,,
HOLOGIC INC,436440101,428555270,5322034,,
OMNICOM GROUP,681919106,422861966,4479997,,
NASDAQ INC,631103108,422030262,7735673,,
LABORATORY CRP OF AMER HLDGS,50540R409,421878304,1843051,,
PPL CORP,69351T106,420692312,15173050,,PPLC
CROWDSTRIKE HOLDINGS INC - A,22788C105,419915285,3063464,,
INVITATION HOMES INC,46187W107,418369815,13424395,,INVH
EXPEDITORS INTL WASH INC,302130109,417033466,3786347,,
SKYWORKS SOLUTIONS INC,83088M102,416436333,3536039,,
MARVELL TECHNOLOGY INC,573874104,416401836,9634187,,
IRON MOUNTAIN INC,46284V101,411014605,7781928,,IRM
PRINCIPAL FINANCIAL GROUP,74251V102,409318398,5515839,,
TAKE-TWO INTERACTIVE SOFTWRE,874054109,408780656,3433813,,
CARDINAL HEALTH INC,14149Y108,406559756,5396988,,CAH
FAIR ISAAC CORP,303250104,405139986,577240,,FICO
KKR & CO INC,48251W104,403763886,7699314,,
SEAGEN INC,81181C104,399102354,1974023,,
SOUTHWEST AIRLINES CO,844741108,397598838,12237288,,LUV
MID-AMERICA APARTMENT COMM,59522J103,397202953,2635202,,
VEEVA SYSTEMS INC-CLASS A,922475108,396901389,2162432,,
DARDEN RESTAURANTS INC,237194105,396532458,2561379,,DRI
VENTAS INC,92276F100,396157752,9157232,,
FIFTH THIRD BANCORP,316773100,395400081,14874154,,FITB-PK
NORTHERN TRUST CORP,665859104,392593486,4464322,,NTRSO
STERIS PLC,G8473T100,392482708,2056526,,STE
BLOCK INC,852234103,389575716,5685675,,
XYLEM INC,98419M100,389186846,3725563,,XYL
LAS VEGAS SANDS CORP,517834107,388187891,6772725,,LVS
CMS ENERGY CORP,125896100,384994230,6285926,,CMS-PC
CENTERPOINT ENERGY INC,15189T107,381257756,12971112,,CNP
FACTSET RESEARCH SYSTEMS INC,303075105,380033689,917349,,FDS
NVR INC,62944T105,380033644,68344,,NVR
TRADE DESK INC/THE -CLASS A,88339J105,379863542,6245617,,
WATERS CORP,941848103,379738349,1229235,,
KELLOGG CO,487836108,378150063,5659404,,
APOLLO GLOBAL MANAGEMENT INC,03769M106,377138771,5979399,,
COOPER COS INC/THE,216648402,377011822,1012111,,
IDEX CORP,45167R104,376939224,1635086,,
WABTEC CORP,929740108,376766508,3736442,,
CINCINNATI FINANCIAL CORP,172062101,373978233,3343865,,CINF
RAYMOND JAMES FINANCIAL INC,754730109,373915220,4018058,,RJF
CONAGRA BRANDS INC,205887102,369112326,9849556,,CAG
BROADRIDGE FINANCIAL SOLUTIO,11133T103,368592958,2519784,,
BALL CORP,058498106,368472586,6700954,,BALL
REGIONS FINANCIAL CORP,7591EP100,368222096,19884039,,RF-PF
TORONTO-DOMINION BANK,891160509,365514792,6063419,,
TERADYNE INC,880770102,364360561,3396364,,
BAXTER INTERNATIONAL INC,071813109,362919340,8971166,,BAX
JM SMUCKER CO/THE,832696405,358727182,2284534,,
TYSON FOODS INC-CL A,902494103,355898257,6013126,,
HUNTINGTON BANCSHARES INC,446150104,355630347,31820975,,
ZEBRA TECHNOLOGIES CORP-CL A,989207105,353456660,1113901,,
AMCOR PLC,G0250X107,350227039,30845588,,AMCCF
EPAM SYSTEMS INC,29414B104,348606654,1168591,,
ALNYLAM PHARMACEUTICALS INC,02043Q107,347683983,1738115,,
HORIZON THERAPEUTICS PLC,G46188101,346483560,3179053,,
ATMOS ENERGY CORP,049560105,346460115,3090125,,ATO
GARMIN LTD,H2906T109,345771611,3433511,,GRMN
PERKINELMER INC,714046109,345460341,2598341,,
CF INDUSTRIES HOLDINGS INC,125269100,340437088,4662248,,
TARGA RESOURCES CORP,87612G101,340286063,4675010,,TRGP
MARKETAXESS HOLDINGS INC,57060D108,335864888,860104,,MKTX
PAYCOM SOFTWARE INC,70432V102,333989771,1100950,,
LKQ CORP,501889208,332489707,5869716,,LKQ
MOSAIC CO/THE,61945C103,332410017,7230422,,
QUEST DIAGNOSTICS INC,74834L100,331804220,2350465,,DGX
HOWMET AEROSPACE INC,443201108,330458659,7816660,,HWM
AES CORP,00130H105,330414810,13753238,,AES
BEST BUY CO INC,086516101,329735203,4218968,,BBY
SNAP-ON INC,833034101,328209743,1331863,,SNA
CBOE GLOBAL MARKETS INC,12503M108,321793105,2398830,,
MARATHON OIL CORP,565849106,320040067,13342910,,
TYLER TECHNOLOGIES INC,902252105,319763311,903377,,TYL
MOLINA HEALTHCARE INC,60855R100,318850354,1194727,,
FMC CORP,302491303,318445492,2613319,,FMC
LAMB WESTON HOLDINGS INC,513272104,317657643,3043919,,
HUNT (JB) TRANSPRT SVCS INC,445658107,317163089,1811494,,
FLEETCOR TECHNOLOGIES INC,339041105,316671735,1505195,,
INTERPUBLIC GROUP OF COS INC,460690100,314226741,8428989,,
UNITED AIRLINES HOLDINGS INC,910047109,310174081,7018196,,
TEXTRON INC,883203101,309667108,4394261,,TXT
CITIZENS FINANCIAL GROUP,174610105,309647256,10218788,,
EVERGY INC,30034W106,308641377,5060466,,
ESSEX PROPERTY TRUST INC,297178105,307503810,1473346,,
EXPEDIA GROUP INC,30212P303,306403021,3164775,,
JACOBS SOLUTIONS INC,46982L108,305407340,2604991,,J
AVERY DENNISON CORP,053611109,305198140,1709501,,AVY
BROWN & BROWN INC,115236101,303385089,5287929,,
PULTEGROUP INC,745867101,302032221,5193011,,
PTC INC,69370C100,298851595,2335464,,PTC
NETAPP INC,64110D104,298808644,4687364,,
ALLIANT ENERGY CORP,018802108,298383218,5599460,,LNT
EVEREST RE GROUP LTD,G3223R108,297311840,832278,,
ETSY INC,29786A106,296627952,2670332,,ETSY
NORDSON CORP,655663102,296552767,1336749,,NDSN
SOLAREDGE TECHNOLOGIES INC,83417M104,295684526,975405,,
BUNGE LTD,G16962105,295461807,3100158,,
ROYAL CARIBBEAN CRUISES LTD,V7780T103,294589460,4521734,,RCL
LPL FINANCIAL HOLDINGS INC,50212V100,294546858,1456856,,LPLA
POOL CORP,73278L105,292988467,857421,,POOL
UDR INC,902653104,290586739,7091960,,
MGM RESORTS INTERNATIONAL,552953101,287397839,6484714,,MGM
SUN COMMUNITIES INC,866674104,287392521,2042540,,SUI
PACKAGING CORP OF AMERICA,695156109,286213822,2065992,,PKG
INCYTE CORP,45337C102,285675582,3961742,,INCY
HOST HOTELS & RESORTS INC,44107P104,283672135,17236090,,
WR BERKLEY CORP,084423102,279882600,4498664,,
KIMCO REALTY CORP,49446R109,278265942,14276892,,KIM-PN
AKAMAI TECHNOLOGIES INC,00971T101,277564500,3549920,,AKAM
BIO-TECHNE CORP,09073M104,277019142,3741171,,TECH
TRIMBLE INC,896239100,276905292,5293976,,TRMB
HUBSPOT INC,443573100,275883311,644388,,HUBS
HEALTHPEAK PROPERTIES INC,42250P103,275079150,12546328,,
ATLASSIAN CORP-CL A,049468101,273357473,1600059,,
BROWN-FORMAN CORP-CLASS B,115637209,271963943,4242796,,
LEIDOS HOLDINGS INC,525327102,269738244,2936261,,
SYNCHRONY FINANCIAL,87165B103,268512602,9238745,,SYF-PB
INTERNATIONAL PAPER CO,460146103,267600067,7433641,,
VMWARE INC-CLASS A,928563402,267194377,2144477,,
ENBRIDGE INC,29250N105,266518858,6916465,,ENBNF
C.H. ROBINSON WORLDWIDE INC,12541W209,263166518,2653783,,
CAMDEN PROPERTY TRUST,133131102,263135135,2514952,,CPT
DATADOG INC - CLASS A,23804L103,262000850,3610972,,
HENRY SCHEIN INC,806407102,261135983,3208822,,HSIC
BIOMARIN PHARMACEUTICAL INC,09061G101,258492246,2662123,,BMRN
JACK HENRY & ASSOCIATES INC,426281101,257816126,1713380,,JKHY
WESTERN DIGITAL CORP,958102105,256712726,6829671,,WDC
PARAMOUNT GLOBAL-CLASS B,92556H206,255813698,11450500,,
APA CORP,03743Q108,255666035,7105055,,APA
DOMINO'S PIZZA INC,25754A201,255356365,773485,,
WYNN RESORTS LTD,983134107,254444082,2278522,,WYNN
VIATRIS INC,92556V106,253848042,26413851,,VTRS
FERGUSON PLC,G3421J106,253279507,1897931,,
JUNIPER NETWORKS INC,48203R104,252766119,7358771,,
WP CAREY INC,92936U109,252171167,3260119,,
HORMEL FOODS CORP,440452100,251121378,6310807,,
EQT CORP,26884L109,250709921,7873308,,EQT
BORGWARNER INC,099724106,245705223,5014053,,BWA
TELEFLEX INC,879369106,245579862,971681,,TFX
STANLEY BLACK & DECKER INC,854502101,244670225,3043392,,
CATALENT INC,148806102,243889380,3719796,,
KEYCORP,493267108,242093236,19379813,,
NISOURCE INC,65473P105,240170655,8609035,,NI
CAMPBELL SOUP CO,134429109,240058553,4375839,,
RELIANCE STEEL & ALUMINUM,759509102,239123294,932563,,
ZOOM VIDEO COMMUNICATIONS-A,98980L101,237450956,3218518,,
LOEWS CORP,540424108,235291624,4064740,,L
CLOUDFLARE INC - CLASS A,18915M107,233842891,3797582,,
CERIDIAN HCM HOLDING INC,15677J108,232274648,3179174,,
REGENCY CENTERS CORP,758849103,231383895,3789328,,REGCP
MASCO CORP,574599106,231021207,4657124,,
CELANESE CORP,150870103,230810437,2124529,,CE
GAMING AND LEISURE PROPERTIE,36467J108,230693939,4430297,,
MARKEL CORP,570535104,228046498,178792,,
LIBERTY MEDIA CORP-LIBERTY-C,531229854,227455791,3043509,,
MATCH GROUP INC,57667L107,227105964,5928911,,
FOX CORP - CLASS A,35137L105,226941834,6679634,,
CANADIAN NATL RAILWAY CO,136375102,226788218,1915959,,
AXON ENTERPRISE INC,05464C101,226046976,1006680,,
MONGODB INC,60937P106,225173958,967289,,
SEAGATE TECHNOLOGY HOLDINGS,G7997R103,224606854,3403552,,
ROBLOX CORP -CLASS A,771049103,223058664,4965586,,
ROBERT HALF INTL INC,770323103,220656729,2732961,,
CAESARS ENTERTAINMENT INC,12769G100,220550004,4528590,,
GLOBE LIFE INC,37959E102,219725330,2001415,,GL-PD
DOORDASH INC - A,25809K105,218893440,3448616,,
QORVO INC,74736K101,217996283,2151025,,
PINTEREST INC- CLASS A,72352L106,216668458,7957415,,
ROYALTY PHARMA PLC- CL A,G7709Q104,215637562,5992126,,
TAPESTRY INC,876030107,214631503,4984932,,
PDD HOLDINGS INC,722304102,214348618,2837963,,PDD
CHARLES RIVER LABORATORIES,159864107,213936291,1062416,,
LATTICE SEMICONDUCTOR CORP,518415104,213890782,2239693,,LSCC
GEN DIGITAL INC,668771108,212913481,12434238,,GENVR
BIO-RAD LABORATORIES-A,090572207,212629833,444904,,
SPLUNK INC,848637104,211337123,2207458,,
CARMAX INC,143130102,209511490,3266746,,KMX
LIVE NATION ENTERTAINMENT IN,538034109,209303805,2997295,,
AMERICAN AIRLINES GROUP INC,02376R102,209160933,14197531,,AAL
CANADIAN NATURAL RESOURCES,136385101,207704776,3709358,,CNQ
CARNIVAL CORP,143658300,207642299,20504071,,CCL
EASTMAN CHEMICAL CO,277432100,207261388,2463133,,EMN
HUBBELL INC,443510607,205347887,845082,,HUBB
BANK OF MONTREAL,063671101,204577385,2280228,,
GRACO INC,384109104,203229201,2787027,,GGG
ROLLINS INC,775711104,203175737,5424348,,ROL
BANK OF NOVA SCOTIA,064149107,202519166,3993499,,BNS
EQUITY LIFESTYLE PROPERTIES,29472R108,202146876,3014874,,
SMITH (A.O.) CORP,831865209,201009483,2912853,,
SEA LTD-ADR,81141R100,200156167,2343167,,
PALANTIR TECHNOLOGIES INC-A,69608A108,200085778,23712480,,
ALLEGION PLC,G0176J109,199582431,1874189,,ALLE
MOLSON COORS BEVERAGE CO - B,60871R209,198997669,3859484,,
YUM CHINA HOLDINGS INC,98850P109,198308547,3139875,,
PINNACLE WEST CAPITAL,723484101,197030966,2489492,,
PENTAIR PLC,G7S00T104,194268679,3522665,,PNR
LIFE STORAGE INC,53223X107,191415743,1460185,,
F5 INC,315616102,190916937,1313274,,
BUILDERS FIRSTSOURCE INC,12008R107,190771258,2138839,,
DENTSPLY SIRONA INC,24906P109,186177174,4749911,,XRAY
OKTA INC,679295105,185546563,2154575,,
BOOZ ALLEN HAMILTON HOLDINGS,099502106,185283565,2000916,,
UNIVERSAL HEALTH SERVICES-B,913903100,184834613,1457272,,
AVANTOR INC,05352A100,184129170,8723667,,
SERVICE CORP INTERNATIONAL,817565104,182891226,2659074,,SCI
SHOPIFY INC - CLASS A,82509L107,182602142,3832449,,
HUNTINGTON INGALLS INDUSTRIE,446413106,181910904,880599,,
CARLISLE COS INC,142339100,181893940,805631,,
REXFORD INDUSTRIAL REALTY IN,76169C100,181878698,3049097,,
CUBESMART,229663109,179652490,3886898,,CUBE
BOSTON PROPERTIES INC,101121101,179377116,3321346,,
SS&C TECHNOLOGIES HOLDINGS,78467J100,178374494,3163426,,
MANHATTAN ASSOCIATES INC,562750109,177731690,1145397,,MANH
NRG ENERGY INC,629377508,177483408,5142403,,
ENTEGRIS INC,29362U104,177047651,2161862,,ENTG
BURLINGTON STORES INC,122017106,176515104,874744,,
EXACT SCIENCES CORP,30063P105,175457511,2591057,,
WATSCO INC,942622200,175017642,550093,,WSO-B
ARES MANAGEMENT CORP - A,03990B101,174175096,2090581,,
SAREPTA THERAPEUTICS INC,803607100,173937559,1261971,,
TEXAS PACIFIC LAND CORP,88262P102,173854419,101741,,TPL
TORO CO,891092108,173734876,1565018,,TTC
BATH & BODY WORKS INC,070830104,172450367,4725145,,
FIRST CITIZENS BCSHS  -CL A,31946M103,170590777,175534,,
UNITED THERAPEUTICS CORP,91307C102,169811248,759143,,UTHR
FEDERAL REALTY INVS TRUST,313745101,169577458,1717783,,
FIVE BELOW,33829M101,166986954,810734,,
AMERICAN FINANCIAL GROUP INC,025932104,165228169,1355288,,AFGE
DECKERS OUTDOOR CORP,243537107,164952640,366928,,DECK
JABIL INC,466313103,164608844,1865576,,JBL
DOCUSIGN INC,256163106,163825637,2814086,,
COGNEX CORP,192422103,163513746,3303581,,CGNX
AECOM,00766T100,163021800,1936035,,ACM
WESTROCK CO,96145D105,162116029,5332679,,
GODADDY INC - CLASS A,380237107,161224667,2077536,,
FRANKLIN RESOURCES INC,354613101,159795917,5945065,,BEN
TRANSUNION,89400J107,159455791,2569997,,TRU
RPM INTERNATIONAL INC,749685103,159244023,1827966,,
COINBASE GLOBAL INC -CLASS A,19260Q107,158083126,2341989,,
VF CORP,918204108,157831014,6904838,,
AMERICAN HOMES 4 RENT- A,02665T306,157595932,5017602,,
LINCOLN ELECTRIC HOLDINGS,533900106,157361475,930582,,
EMCOR GROUP INC,29084Q100,156409848,961989,,
TWILIO INC - A,90138F102,155458015,2336653,,
IRIDIUM COMMUNICATIONS INC,46269C102,155289563,2507390,,IRDM
ADVANCE AUTO PARTS INC,00751Y106,154448261,1272840,,AAP
INVESCO LTD,G491BT108,153034522,9349841,,IVZ
SHOCKWAVE MEDICAL INC,82489T104,152108706,701511,,
BROOKFIELD CORP,11271J107,151082748,4635042,,
CROCS INC,227046109,150693765,1191820,,
HASBRO INC,418056107,150674847,2807983,,
ANNALY CAPITAL MANAGEMENT IN,035710839,150086665,7829099,,
WHIRLPOOL CORP,963320106,149836927,1135788,,
ESSENTIAL UTILITIES INC,29670G102,147588834,3386273,,
NEWS CORP - CLASS A,65249B109,147261510,8545192,,
LAMAR ADVERTISING CO-A,512816109,147242425,1474045,,
ASSURANT INC,04621X108,145784857,1213676,,
NEUROCRINE BIOSCIENCES INC,64125C109,145127043,1435737,,NBIX
ZSCALER INC,98980G102,144854922,1241626,,
PENUMBRA INC,70975L107,144307173,517805,,PEN
ALIBABA GROUP HOLDING-SP ADR,01609W102,144135414,1410603,,
SUNCOR ENERGY INC,867224107,143389455,4560766,,SU
LIBERTY BROADBAND-C,530307305,143051351,1753298,,
BJ'S WHOLESALE CLUB HOLDINGS,05550J101,142694745,1875834,,
WILLSCOT MOBILE MINI HOLDING,971378104,142175339,3032749,,
FLOOR & DECOR HOLDINGS INC-A,339750101,141726028,1442944,,
TEXAS ROADHOUSE INC,882681109,141400438,1308536,,
GENERAC HOLDINGS INC,368736104,141176338,1310063,,GNRC
SAIA INC,78709Y105,140779905,517421,,SAIA
SEALED AIR CORP,81211K100,139537086,3046259,,
JAZZ PHARMACEUTICALS PLC,G50871105,139376121,953781,,JAZZ
AGREE REALTY CORP,008492100,138577446,2007925,,ADC-PA
CLEVELAND-CLIFFS INC,185899101,136852963,7476201,,CLF
FIDELITY NATIONAL FINANCIAL,31620R303,135749346,3891722,,
PAYLOCITY HOLDING CORP,70438V106,135599992,683021,,PCTY
CROWN HOLDINGS INC,228368106,135371131,1639053,,
FIRST HORIZON CORP,320517105,135072567,7607918,,FHN-PH
CHESAPEAKE ENERGY CORP,165167735,134955761,1777160,,
OWENS CORNING,690742101,134802958,1400910,,OC
WILLIAMS-SONOMA INC,969904101,134672389,1106957,,
OMEGA HEALTHCARE INVESTORS,681936100,134538386,4908367,,
KINSALE CAPITAL GROUP INC,49714P108,134503254,447260,,
BLACK KNIGHT INC,09215C105,134003774,2330098,,
MASIMO CORP,574795100,133789462,726018,,
OLD REPUBLIC INTL CORP,680223104,133415851,5311986,,
HEALTHCARE REALTY TRUST INC,42226K105,132953227,6886203,,HR
CHEMED CORP,16359R103,132825348,247002,,CHE
BRUKER CORP,116794108,132644965,1682457,,BRKRP
CHECK POINT SOFTWARE TECH,M22465104,132571505,1021873,,
TC ENERGY CORP,87807B107,132386259,3383456,,TRPRF
DARLING INGREDIENTS INC,237266101,132178177,2266569,,DAR
REPLIGEN CORP,759916109,132083749,785602,,RGEN
APTARGROUP INC,038336103,131999422,1109607,,
VAIL RESORTS INC,91879Q109,131727063,564557,,MTN
DELL TECHNOLOGIES -C,24703L202,130982771,3262908,,
LEAR CORP,521865204,130801276,938963,,LEA
PERFORMANCE FOOD GROUP CO,71377A103,130511923,2162941,,PFGC
REGAL REXNORD CORP,758750103,130473928,927122,,RRX
NUTRIEN LTD,67077M108,130454829,1751933,,NTR
NATIONAL RETAIL PROPERTIES,637417106,130337645,2952154,,
KNIGHT-SWIFT TRANSPORTATION,499049104,129711997,2295594,,
STAG INDUSTRIAL INC,85254J102,128741784,3806675,,
CAN IMPERIAL BK OF COMMERCE,136069101,128716364,3012971,,
DYNATRACE INC,268150109,128612437,3044863,,
CHURCHILL DOWNS INC,171484108,128184499,498675,,CHDN
ORGANON & CO,68622V106,127996143,5444057,,OGN
DXC TECHNOLOGY CO,23355L106,127964591,5008256,,DXC
ARAMARK,03852U106,127808018,3574746,,ARMK
RLI CORP,749607107,127581020,958041,,RLI
TETRA TECH INC,88162G103,127422733,867352,,TTEK
RBC BEARINGS INC,75524B104,127315726,547053,,RBC
ROYAL GOLD INC,780287108,126480136,975099,,RGLD
VISTRA CORP,92840M102,126439715,5275378,,VST
BENTLEY SYSTEMS INC-CLASS B,08265T208,126161679,2938279,,
INSPIRE MEDICAL SYSTEMS INC,457730109,125639963,536762,,
REINSURANCE GROUP OF AMERICA,759351604,125390406,944489,,
HEICO CORP-CLASS A,422806208,125121870,922317,,
RIVIAN AUTOMOTIVE INC-A,76954A103,124986673,8080044,,
DONALDSON CO INC,257651109,124374278,1903493,,DCI
WEX INC,96208T104,124371859,676338,,WEX
LANDSTAR SYSTEM INC,515098101,124184041,692759,,LSTR
TRADEWEB MARKETS INC-CLASS A,892672106,123902709,1570240,,
EQUITABLE HOLDINGS INC,29452E101,123333605,4865147,,
GENPACT LTD,G3922B107,123010788,2661418,,G
LENNOX INTERNATIONAL INC,526107107,123003175,490179,,LII
OVINTIV INC,69047Q102,122945867,3412580,,OVV
COMERICA INC,200340107,122504273,2824857,,
RENAISSANCERE HOLDINGS LTD,G7496G103,122157986,609753,,RNR-PF
AMERICOLD REALTY TRUST INC,03064D108,121788866,4280802,,
APELLIS PHARMACEUTICALS INC,03753U106,121252929,1838279,,
ATKORE INC,047649108,120759616,853725,,ATKR
SELECTIVE INSURANCE GROUP,816300107,120351870,1262476,,
CASEY'S GENERAL STORES INC,147528103,119711114,553040,,
MOHAWK INDUSTRIES INC,608190104,119652540,1196254,,MHK
EAST WEST BANCORP INC,27579R104,119442976,2148997,,EWBC
ZILLOW GROUP INC - C,98954M200,119353247,2687165,,
CHORD ENERGY CORP,674215207,119094614,884802,,CHRD
NORWEGIAN CRUISE LINE HOLDIN,G66721104,118885205,8850121,,
INTERACTIVE BROKERS GRO-CL A,45841N107,118694175,1437671,,
AGCO CORP,001084102,118609758,875496,,
MANULIFE FINANCIAL CORP,56501R106,117814711,6372461,,MNUFF
MIDDLEBY CORP,596278101,116676541,795829,,MIDD
GENTEX CORP,371901109,116417247,4153308,,GNTX
DRAFTKINGS INC-CL A,26142V105,115425090,5962037,,
DICK'S SPORTING GOODS INC,253393102,115235729,812148,,
QUALYS INC,74758T303,114397727,877245,,
UNIVERSAL DISPLAY CORP,91347P105,114070632,735323,,
WOLFSPEED INC,977852102,114047133,1758439,,
EASTGROUP PROPERTIES INC,277276101,113975303,689422,,EGP
NEXSTAR MEDIA GROUP INC,65336K103,113866924,654475,,
UNUM GROUP,91529Y106,113716892,2859832,,UNMA
ROKU INC,77543R102,113622245,1728790,,
JONES LANG LASALLE INC,48020Q107,113192289,778007,,JLL
LIGHT & WONDER INC,80874P109,113069928,1882929,,
EXLSERVICE HOLDINGS INC,302081104,113046825,698386,,
FIRST INDUSTRIAL REALTY TR,32054K103,112965130,2123404,,
BARRICK GOLD CORP,067901108,112875913,6022090,,
ALASKA AIR GROUP INC,011659109,112254878,2678662,,
SPS COMMERCE INC,78463M107,111904915,734766,,SPSC
EXPONENT INC,30214U102,111777846,1121254,,EXPO
LANTHEUS HOLDINGS INC,516544103,111202658,1345272,,
SEI INVESTMENTS COMPANY,784117103,111101655,1932691,,
NEWELL BRANDS INC,651229106,111057839,8928637,,NWL
NOVANTA INC,67000B104,110993330,697676,,NOVTU
EVOQUA WATER TECHNOLOGIES CO,30057T105,110785641,2228190,,
MEDPACE HOLDINGS INC,58506Q109,110562869,587944,,
NVENT ELECTRIC PLC,G6700G107,110464097,2572521,,NVT
SILICON LABORATORIES INC,826919102,110407438,630575,,SLAB
COMMERCIAL METALS CO,201723103,110290952,2255438,,CMC
COMMERCE BANCSHARES INC,200525103,110135138,1881655,,
ACADEMY SPORTS & OUTDOORS IN,00402L107,109980985,1685532,,
PBF ENERGY INC-CLASS A,69318G106,109587357,2527383,,
ERIE INDEMNITY COMPANY-CL A,29530P102,109439435,471331,,
CIENA CORP,171779309,109428521,2083558,,CIEN
KARUNA THERAPEUTICS INC,48576A100,109426357,602435,,
BILL HOLDINGS INC,090043100,108892430,1343880,,
GRAPHIC PACKAGING HOLDING CO,388689101,108654186,4262618,,GPK
CACI INTERNATIONAL INC -CL A,127190304,108474922,366123,,
TRIP.COM GROUP LTD-ADR,89677Q107,108472558,2894486,,
RAMBUS INC,750917106,108427977,2114608,,RMBS
MURPHY USA INC,626755102,107977696,418364,,MUSA
SENSATA TECHNOLOGIES HOLDING,G8060N102,107781882,2157992,,
FORTUNE BRANDS INNOVATIONS I,34964C106,107736950,1837132,,
SOUTHSTATE CORP,840441109,107728969,1511773,,
WINGSTOP INC,974155103,107359300,584809,,WING
ALCOA CORP,013872106,107288592,2524587,,AA
POWER INTEGRATIONS INC,739276103,106420805,1257335,,POWI
OGE ENERGY CORP,670837103,105987419,2814322,,OGE
APARTMENT INCOME REIT CO,03750L109,105899983,2957273,,
CHAMPIONX CORP,15872M104,105887071,3902950,,
US FOODS HOLDING CORP,912008109,105494781,2855840,,USFD
ALLY FINANCIAL INC,02005N100,105379561,4139980,,ALLY
KBR INC,48242W106,105229344,1911522,,
SNAP INC - A,83304A106,105183183,9403208,,
TERRENO REALTY CORP,88146M101,104886326,1623627,,TRNO
ARROW ELECTRONICS INC,042735100,104760015,839216,,
UGI CORP,902681105,104731363,3017393,,
UNITY SOFTWARE INC,91332U101,104569475,3227804,,U
FTI CONSULTING INC,302941109,104050842,526831,,
OPTION CARE HEALTH INC,68404L201,103937685,3271566,,
MURPHY OIL CORP,626717102,103788735,2806617,,MUR
POTLATCHDELTIC CORP,737630103,103606430,2093061,,
TENABLE HOLDINGS INC,88025T102,103501613,2178522,,
BRIXMOR PROPERTY GROUP INC,11120U105,103373531,4803601,,BRX
RYMAN HOSPITALITY PROPERTIES,78377T107,103270109,1150898,,
INGREDION INC,457187102,103245914,1014901,,INGR
ASPEN TECHNOLOGY INC,29109X106,103042396,450826,,
CARLYLE GROUP INC/THE,14316J108,102290929,3297514,,
ZTO EXPRESS CAYMAN INC-ADR,98980A105,102195493,3577396,,
NOV INC,62955J103,102027202,5512002,,NOV
ENSIGN GROUP INC/THE,29358P101,101853412,1066081,,
TOLL BROTHERS INC,889478103,101799699,1694374,,
AMDOCS LTD,G02602103,101534342,1056197,,DOX
APPLIED INDUSTRIAL TECH INC,03820C105,101430413,713645,,
NATIONAL INSTRUMENTS CORP,636518102,101253326,1931946,,
CLEAN HARBORS INC,184496107,101183720,709762,,CLH
MATADOR RESOURCES CO,576485205,100900385,2117531,,MTDR
PURE STORAGE INC - CLASS A,74624M102,100893537,3954085,,
ITT INC,45073V108,100746508,1167398,,ITT
UFP INDUSTRIES INC,90278Q108,100701384,1258702,,UFPI
FOX FACTORY HOLDING CORP,35138V102,100516492,828182,,FOXF
HALOZYME THERAPEUTICS INC,40637H109,100492709,2631387,,
RALPH LAUREN CORP,751212101,100479359,862314,,RL
CHART INDUSTRIES INC,16115Q308,100266247,799571,,
BERRY GLOBAL GROUP INC,08579W103,100175630,1700774,,
HEICO CORP,422806109,99916400,584956,,HEI-A
CIRRUS LOGIC INC,172755100,99380994,908410,,
WEBSTER FINANCIAL CORP,947890109,98881835,2511949,,WBS-PG
MAXIMUS INC,577933104,98870995,1255341,,
NEW JERSEY RESOURCES CORP,646025106,98668162,1854664,,NJR
LITTELFUSE INC,537008104,98254180,366497,,
COCA-COLA EUROPACIFIC PARTNE,G25839104,98228970,1667507,,
OLIN CORP,680665205,98092681,1767435,,OLN
INSPERITY INC,45778Q107,98049373,806659,,
ZOOMINFO TECHNOLOGIES INC,98980F104,97875615,3966129,,GTM
ZIONS BANCORP NA,989701107,97846231,3273135,,
VOYA FINANCIAL INC,929089100,97823073,1368920,,
KITE REALTY GROUP TRUST,49803T300,97638313,4667222,,KRG
ACADIA HEALTHCARE CO INC,00404A109,97297175,1346673,,
COMFORT SYSTEMS USA INC,199908104,96505738,661179,,FIX
HEALTHEQUITY INC,42226A107,96448829,1642800,,
MATTEL INC,577081102,96152934,5222862,,
VALMONT INDUSTRIES,920253101,95838485,300100,,
SUPER MICRO COMPUTER INC,86800U104,95674141,897756,,
MEDICAL PROPERTIES TRUST INC,58463J304,95423148,11479189,,MPT
WESCO INTERNATIONAL INC,95082P105,95178613,615883,,WCC
CURTISS-WRIGHT CORP,231561101,95071180,539380,,
INTRA-CELLULAR THERAPIES INC,46116X101,94709362,1749018,,
DAVITA INC,23918K108,94411348,1166589,,DVA
HF SINCLAIR CORP,403949100,94348106,1953172,,DINO
TEMPUR SEALY INTERNATIONAL I,88023U101,93836140,2376199,,
GLACIER BANCORP INC,37637Q105,93734379,2231239,,
UNITED BANKSHARES INC,909907107,93557659,2657887,,
ENVISTA HOLDINGS CORP,29415F104,93516517,2287585,,NVST
GUIDEWIRE SOFTWARE INC,40171V100,93477161,1139270,,
WATTS WATER TECHNOLOGIES-A,942749102,93450144,555193,,
AXALTA COATING SYSTEMS LTD,G0750C108,93262649,3078990,,AXTA
TREX COMPANY INC,89531P105,93012638,1911087,,
ATI INC,01741R102,93010286,2357077,,ATI
MDU RESOURCES GROUP INC,552690109,92920547,3048573,,MDU
TOPBUILD CORP,89055F103,92889833,446285,,
PLUG POWER INC,72919P202,92644388,7915781,,PLUG
CULLEN/FROST BANKERS INC,229899109,92590210,878965,,
EXELIXIS INC,30161Q104,92548842,4768099,,
MUELLER INDUSTRIES INC,624756102,92280890,1243996,,MLI
NEW YORK TIMES CO-A,650111107,92007694,2366452,,
ACUITY BRANDS INC,00508Y102,91646102,501538,,
SUN LIFE FINANCIAL INC,866796105,91496761,1942583,,SLFQF
IDACORP INC,451107106,90578542,836135,,IDA
ANTERO RESOURCES CORP,03674X106,90366750,3913673,,AR
SPIRIT REALTY CAPITAL INC,84860W300,90289937,2266313,,
FOX CORP - CLASS B,35137L204,90226896,2886758,,
FRANCO-NEVADA CORP,351858105,90030974,618326,,
TENET HEALTHCARE CORP,88033G407,89701899,1509624,,THC
DOLBY LABORATORIES INC-CL A,25659T107,89577763,1048674,,
ALKERMES PLC,G01767105,89476048,3174034,,ALKS
SKECHERS USA INC-CL A,830566105,89438993,1882133,,
PLANET FITNESS INC - CL A,72703H101,89278224,1149455,,
PRIMERICA INC,74164M108,89143733,517555,,
ESSENT GROUP LTD,G3198U102,88929006,2214975,,ESNT
CELSIUS HOLDINGS INC,15118V207,88801042,955466,,
RANGE RESOURCES CORP,75281A109,88582801,3346534,,RRC
WORKIVA INC,98139A105,88549456,864656,,WK
SCIENCE APPLICATIONS INTE,808625107,88496141,823526,,
LITHIA MOTORS INC,536797103,88427497,386264,,LAD
UIPATH INC - CLASS A,90364P105,88219481,5023886,,
SIMPSON MANUFACTURING CO INC,829073105,88172526,804200,,
FABRINET,G3323L100,88096566,741803,,FN
ASBURY AUTOMOTIVE GROUP,043436104,87517080,416748,,
API GROUP CORP,00187Y100,87508939,3892745,,APG
NUTANIX INC - A,67059N108,87500283,3366689,,
PDC ENERGY INC,69327R101,87183504,1358421,,
STIFEL FINANCIAL CORP,860630102,86647903,1466371,,SF-PD
NEW YORK COMMUNITY BANCORP,649445103,86581361,9577580,,
SYNAPTICS INC,87157D109,86535478,778402,,SYNA
VISTEON CORP,92839U206,86503562,551575,,VC
FLOWERS FOODS INC,343498101,86454430,3154119,,FLO
HOULIHAN LOKEY INC,441593100,86452836,988145,,
INSIGHT ENTERPRISES INC,45765U103,86300141,603666,,NSIT
DROPBOX INC-CLASS A,26210C104,86086138,3987631,,
WESTERN UNION CO,959802109,85969577,7690235,,WU
WOODWARD INC,980745103,85876771,881963,,
CENOVUS ENERGY INC,15135U109,85526522,4833089,,CVE
FIRST FINL BANKSHARES INC,32020R109,85511109,2680598,,
SMARTSHEET INC-CLASS A,83200N103,85385030,1786297,,
LANCASTER COLONY CORP,513847103,85366223,420772,,
BELLRING BRANDS INC,07831C103,85287913,2508467,,
ORMAT TECHNOLOGIES INC,686688102,85264238,1005830,,
NATERA INC,632307104,85212579,1534808,,
AGNC INVESTMENT CORP,00123Q104,85057971,8438287,,AGNCZ
AXCELIS TECHNOLOGIES INC,054540208,85013680,638001,,ACLS
SITEONE LANDSCAPE SUPPLY INC,82982L103,84850277,619933,,
OLD NATIONAL BANCORP,680033107,84679326,5872351,,
UNITED STATES STEEL CORP,912909108,84618533,3242088,,
NATIONAL FUEL GAS CO,636180101,84600932,1438589,,NFG
ONE GAS INC,68235P108,84467368,1066103,,
NEOGEN CORP,640491106,84318678,4552843,,NEOG
POLARIS INC,731068102,84281734,761834,,PII
VALVOLINE INC,92047W101,84271613,2411894,,VVV
NOVOCURE LTD,G6674U108,84196633,1401845,,NVCR
WYNDHAM HOTELS & RESORTS INC,98311A105,84046003,1238703,,
BRUNSWICK CORP,117043109,83960976,1023914,,BC-PC
ENCOMPASS HEALTH CORP,29261A100,83896695,1550770,,EHC
PORTLAND GENERAL ELECTRIC CO,736508847,83786494,1713775,,
SONOCO PRODUCTS CO,835495102,83749565,1372943,,SON
JEFFERIES FINANCIAL GROUP IN,47233W109,83692668,2636819,,
AGNICO EAGLE MINES LTD,008474108,83488355,1626516,,AEM
CAPRI HOLDINGS LTD,G1890L107,83281636,1771949,,CPRI
GAMESTOP CORP-CLASS A,36467W109,83276386,3617565,,
BALCHEM CORP,057665200,83155079,657456,,BCPC
DT MIDSTREAM INC,23345M107,83103467,1683278,,
CONCENTRIX CORP,20602D101,82877208,681836,,CNXC
BLACK HILLS CORP,092113109,82836377,1312779,,
EAGLE MATERIALS INC,26969P108,82777764,564073,,EXP
SOUTHWEST GAS HOLDINGS INC,844895102,82737404,1324858,,
TAYLOR MORRISON HOME CORP,87724P106,82563298,2155604,,
FLUOR CORP,343412102,82436353,2666979,,FLR
PHILLIPS EDISON & COMPANY IN,71844V201,82367610,2525064,,
AAON INC,000360206,81796776,845969,,
CIVITAS RESOURCES INC,17888H103,81712795,1195680,,
DIODES INC,254543101,81562230,879282,,
ELF BEAUTY INC,26856L103,81512364,989828,,
TEGNA INC,87901J105,81446129,4814662,,
MERITAGE HOMES CORP,59001A102,81354789,696769,,MTH
MERIT MEDICAL SYSTEMS INC,589889104,81292077,1099284,,MMSI
GXO LOGISTICS INC,36262G101,81186895,1608935,,
DENBURY INC,24790A101,81186158,926465,,
HEXCEL CORP,428291108,81121929,1188599,,
ONTO INNOVATION INC,683344105,80965808,921322,,ONTO
CASELLA WASTE SYSTEMS INC-A,147448104,80868456,978326,,
AEROJET ROCKETDYNE HOLDINGS,007800105,80793037,1438366,,
SKYLINE CHAMPION CORP,830830105,80643125,1071954,,
UNIVAR SOLUTIONS INC,91336L107,80455855,2296769,,
PVH CORP,693656100,80422618,902003,,
CABOT CORP,127055101,80310393,1047891,,CBT
FIRST AMERICAN FINANCIAL,31847R102,80129900,1439631,,
LUCID GROUP INC,549498103,80076877,9968646,,
VALLEY NATIONAL BANCORP,919794107,79918723,8649210,,VLYPN
PNM RESOURCES INC,69349H107,79627012,1635723,,
BWX TECHNOLOGIES INC,05605H100,79571716,1262241,,
RAYONIER INC,754907103,79497854,2390193,,RYN
MASTEC INC,576323109,79390546,840645,,MTZ
HOME BANCSHARES INC,436893200,78723305,3626130,,HOMB
H&R BLOCK INC,093671105,78690258,2231856,,HRB
STARWOOD PROPERTY TRUST INC,85571B105,78591810,4404467,,
ZIFF DAVIS INC,48123V102,78472277,1005410,,
EURONET WORLDWIDE INC,298736109,78136228,698268,,
SOUTHWESTERN ENERGY CO,845467109,78099020,15619797,,
HAEMONETICS CORP/MASS,405024100,78093024,943722,,
FRANKLIN ELECTRIC CO INC,353514102,78064452,829590,,FELE
FRONTIER COMMUNICATIONS PARE,35909D109,78045117,3427540,,
WEATHERFORD INTERNATIONAL PL,G48833118,77846507,1311651,,
PROSPERITY BANCSHARES INC,743606105,77846220,1265380,,PB
INDEPENDENCE REALTY TRUST IN,45378A106,76980255,4802260,,
ASGN INC,00191U102,76928680,930551,,
OSHKOSH CORP,688239201,76651314,921511,,OSK
MORNINGSTAR INC,617700109,76621360,377389,,
TRITON INTERNATIONAL LTD,G9078F107,76382284,1196761,,TRTN-PG
10X GENOMICS INC-CLASS A,88025U109,76203377,1365896,,
BELDEN INC,077454106,75927251,875040,,BDC
CRANE NXT CO,224441105,75875811,668509,,
MKS INSTRUMENTS INC,55306N104,75835532,855738,,
SANMINA CORP,801056102,75565594,1238983,,SANM
FORTIS INC,349553107,75417490,1726888,,FTRSF
AFFILIATED MANAGERS GROUP,008252108,75358602,529129,,
ESSENTIAL PROPERTIES REALTY,29670E107,74938257,3015623,,
ROBINHOOD MARKETS INC - A,770700102,74635221,7685759,,
AVIS BUDGET GROUP INC,053774105,74629243,383107,,
ADIENT PLC,G0084W101,74544812,1819941,,ADNT
MACOM TECHNOLOGY SOLUTIONS H,55405Y100,74258196,1048252,,
TIMKEN CO,887389104,74205547,908046,,TKR
HYATT HOTELS CORP - CL A,448579102,74109542,662935,,
GATX CORP,361448103,74104559,673555,,GATX
LINCOLN NATIONAL CORP,534187109,74083616,3301063,,LNC-PD
IONIS PHARMACEUTICALS INC,462222100,73980050,2069950,,IONS
FIVE9 INC,338307101,73781584,1020633,,
SPOTIFY TECHNOLOGY SA,L8681T102,73684348,551447,,
VALARIS LTD,G9460G101,73659978,1132185,,VAL-WT
PHYSICIANS REALTY TRUST,71943U104,73598441,4929566,,
ADVANCED DRAINAGE SYSTEMS IN,00790R104,73447738,872197,,
AUTOLIV INC,052800109,73254583,784646,,ALV
PROMETHEUS BIOSCIENCES INC,74349U108,73196892,682043,,
SOFI TECHNOLOGIES INC,83406F102,73153699,12051675,,
SPROUTS FARMERS MARKET INC,85208M102,73079540,2086198,,
AMN HEALTHCARE SERVICES INC,001744101,73048051,880521,,AMN
ALTAIR ENGINEERING INC - A,021369103,73041758,1012921,,
IRHYTHM TECHNOLOGIES INC,450056106,72654709,585783,,
EVERCORE INC - A,29977A105,72616058,629364,,
CADENCE BANK,12740C103,72529732,3493724,,
MAXAR TECHNOLOGIES INC,57778K105,72259023,1414869,,
ASHLAND INC,044186104,72247688,703414,,ASH
BADGER METER INC,056525108,72092266,591793,,BMI
TOAST INC-CLASS A,888787108,71973807,4059462,,
MARRIOTT VACATIONS WORLD,57164Y107,71889597,533068,,
FIRSTCASH HOLDINGS INC,33768G107,71883931,753737,,
BLACKLINE INC,09239B109,71794520,1069166,,
HOSTESS BRANDS INC,44109J106,71726727,2882906,,
HARLEY-DAVIDSON INC,412822108,71708460,1888555,,
ADVANCED ENERGY INDUSTRIES,007973100,71642052,731041,,
COHERENT CORP,19247G107,71417214,1875451,,COHR
APPLE HOSPITALITY REIT INC,03784Y200,71233003,4589754,,
SHOALS TECHNOLOGIES GROUP -A,82489W107,71187095,3123610,,
MSC INDUSTRIAL DIRECT CO-A,553530106,71042437,845743,,
WHEATON PRECIOUS METALS CORP,962879102,70947871,1474685,,WPM
HELMERICH & PAYNE,423452101,70944112,1984450,,
ALLETE INC,018522300,70852532,1100707,,
BOX INC - CLASS A,10316T104,70838065,2644197,,
QUIDELORTHO CORP,219798105,70731789,793936,,QDEL
BOYD GAMING CORP,103304101,70692963,1102510,,BYD
THOMSON REUTERS CORP,884903709,70575174,543968,,
SPIRE INC,84857L101,70102289,999462,,SRJN
ONEMAIN HOLDINGS INC,68268W103,70017366,1888279,,
MACY'S INC,55616P104,69908361,3993412,,
LIVENT CORP,53814L108,69889031,3217726,,
MAGNOLIA OIL & GAS CORP - A,559663109,69808294,3190506,,
HUNTSMAN CORP,447011107,69437821,2537931,,HUN
FEDERATED HERMES INC,314211103,69115368,1721857,,
CGI INC,12532H104,69041098,715522,,GIB
DUOLINGO,26603R106,68987608,483818,,
MSA SAFETY INC,553498106,68982700,516724,,MNESP
PENN ENTERTAINMENT INC,707569109,68869987,2321981,,
HILTON GRAND VACATIONS INC,43283X105,68768947,1547804,,HGV
HANOVER INSURANCE GROUP INC/,410867105,68695117,534592,,
BLOOM ENERGY CORP- A,093712107,68550770,3439576,,
AVIENT CORP,05368V106,68534762,1665081,,AVNT
GLOBUS MEDICAL INC - A,379577208,68488937,1209197,,
H.B. FULLER CO.,359694106,68444684,999922,,
NIO INC - ADR,62914V106,68378938,6543771,,
NOBLE CORP PLC,G65431127,68250762,1729180,,NE-WT
RITHM CAPITAL CORP,64828T201,68035701,8492827,,RITM-PD
PERRIGO CO PLC,G97822103,67960021,1894619,,PRGO
ENERSYS,29275Y102,67918904,781755,,ENS
POST HOLDINGS INC,737446104,67821595,754663,,
LIBERTY GLOBAL PLC- C,G5480U120,67548469,3320394,,
HECLA MINING CO,422704106,67394255,10646798,,
SILGAN HOLDINGS INC,827048109,67323954,1254405,,SLGN
SIMPLY GOOD FOODS CO/THE,82900L102,67284663,1691844,,
IPG PHOTONICS CORP,44980X109,67133706,544430,,IPGP
PTC THERAPEUTICS INC,69366J200,67109277,1385410,,
WORLD WRESTLING ENTERTAIN-A,98156Q108,67073076,734971,,
SIGNET JEWELERS LTD,G81276100,67022042,861687,,SIG
NORTHWESTERN CORP,668074305,67002710,1158014,,
MERCADOLIBRE INC,58733R102,66803643,51611,,MELI
ENCORE WIRE CORP,292562105,66705270,359927,,
RESTAURANT BRANDS INTERN,76131D103,66646870,980134,,
TAIWAN SEMICONDUCTOR-SP ADR,874039100,66535810,715285,,
RADIAN GROUP INC,750236101,66506172,3009328,,RDN
BLACKSTONE MORTGAGE TRU-CL A,09257W100,66467631,3723675,,
DOXIMITY INC-CLASS A,26622P107,66179173,2043828,,
WINTRUST FINANCIAL CORP,97650W108,65434862,896982,,WTFCN
O-I GLASS INC,67098H104,65091516,2866204,,
AUTONATION INC,05329W102,64880072,482882,,
JOHN BEAN TECHNOLOGIES CORP,477839104,64730756,592284,,
ALLISON TRANSMISSION HOLDING,01973R101,64692643,1429987,,
PRESTIGE CONSUMER HEALTHCARE,74112D101,64540988,1030512,,
COLUMBIA BANKING SYSTEM INC,197236102,64499377,3011174,,
SUMMIT MATERIALS INC -CL A,86614U100,64381921,2259807,,
SM ENERGY CO,78454L100,64130167,2277349,,SM
MANPOWERGROUP INC,56418H100,64099442,767551,,MAN
POPULAR INC,733174700,63913913,1109854,,
SUNRUN INC,86771W105,63795714,3166039,,RUN
PREMIER INC-CLASS A,74051N102,63775851,1970214,,
RH,74967X103,63381452,260240,,RH
UNITED COMMUNITY BANKS/GA,90984P303,63357051,2253095,,
SYNOVUS FINANCIAL CORP,87161C501,63312119,2053587,,
LIBERTY MEDIA COR-SIRIUSXM C,531229607,63156221,2258914,,
INTEGRA LIFESCIENCES HOLDING,457985208,63128572,1099609,,
HANCOCK WHITNEY CORP,410120109,63121047,1734094,,HWCPZ
BROADSTONE NET LEASE INC,11135E203,63090465,3709021,,
IVERIC BIO INC,46583P102,62962577,2587857,,
WIX.COM LTD,M98068105,62920348,631663,,WIX
PEMBINA PIPELINE CORP,706327103,62869305,1915601,,PMBPF
KULICKE & SOFFA INDUSTRIES,501242101,62831210,1192469,,
ARRAY TECHNOLOGIES INC,04271T100,62824067,2871300,,
RYDER SYSTEM INC,783549108,62779746,703493,,R
CHEMOURS CO/THE,163851108,62739331,2095501,,
KOSMOS ENERGY LTD,500688106,62645292,8420063,,KOS
HAWAIIAN ELECTRIC INDS,419870100,62525249,1628261,,
OAK STREET HEALTH INC,67181A107,62485092,1615436,,
PINNACLE FINANCIAL PARTNERS,72346Q104,62375498,1130810,,
FLOWSERVE CORP,34354P105,62367855,1834348,,FLS
HILLENBRAND INC,431571108,62319261,1311156,,
BLACKBAUD INC,09227Q100,62145977,896767,,BLKB
AMERICAN STATES WATER CO,029899101,62144719,699119,,AWR
CABLE ONE INC,12685J105,62103082,88466,,
U-HAUL HOLDING CO-NON VOTING,023586506,62055749,1198493,,
ELASTIC NV,N14506104,62020473,1071165,,
AVNET INC,053807103,62006928,1371834,,AVT
GROUP 1 AUTOMOTIVE INC,398905109,61949191,273603,,GPI
TEREX CORP,880779103,61790953,1277200,,TEX
INTELLIA THERAPEUTICS INC,45826J105,61696448,1655391,,
GOODYEAR TIRE & RUBBER CO,382550101,61646913,5594092,,
CALIFORNIA WATER SERVICE GRP,130788102,61463585,1056075,,
MGIC INVESTMENT CORP,552848103,61371242,4533242,,MTG
BRIGHT HORIZONS FAMILY SOLUT,109194100,61364752,797048,,
FOOT LOCKER INC,344849104,61166604,1541108,,
CYTOKINETICS INC,23282W605,61043976,1734696,,CYTK
ALIGHT INC - CLASS A,01626W101,60967723,6619729,,
COTY INC-CL A,222070203,60909698,5050553,,
FEDERAL SIGNAL CORP,313855108,60789107,1121363,,
ENVESTNET INC,29404K106,60685159,1034347,,
ELEMENT SOLUTIONS INC,28618M106,60643333,3140513,,ESI
AGILON HEALTH INC,00857U107,60635160,2553058,,
LAZARD LTD-CL A,G54050102,60589866,1829956,,
KB HOME,48666K109,60552559,1507032,,KBH
FORWARD AIR CORP,349853101,60548981,561887,,FWRD
SENSIENT TECHNOLOGIES CORP,81725T100,60314990,787813,,SXT
STAAR SURGICAL CO,852312305,60216045,941611,,STAA
VONTIER CORP,928881101,60152512,2200164,,VNT
LXP INDUSTRIAL TRUST,529043101,60098723,5829166,,LXP-PC
MADRIGAL PHARMACEUTICALS INC,558868105,60094288,248057,,
SPX TECHNOLOGIES INC,78473E103,60009822,850238,,
SABRA HEALTH CARE REIT INC,78573L106,59934903,5211729,,
INDEPENDENT BANK CORP/MA,453836108,59933590,913343,,
VERTIV HOLDINGS CO,92537N108,59923255,4187507,,VRT
THOR INDUSTRIES INC,885160101,59907545,752229,,THO
TRINET GROUP INC,896288107,59901641,743104,,
TD SYNNEX CORP,87162W100,59851195,618361,,SNX
LEGGETT & PLATT INC,524660107,59663198,1871492,,LEG
AVISTA CORP,05379B107,59582283,1403587,,AVA
ACI WORLDWIDE INC,004498101,59567461,2207837,,
TEVA PHARMACEUTICAL-SP ADR,881624209,59558567,6752562,,
STERICYCLE INC,858912108,59536053,1365192,,
BEACON ROOFING SUPPLY INC,073685109,59445700,1010122,,
NEW RELIC INC,64829B100,59253934,787009,,
IAC INC,44891N208,59117382,1145685,,
OTTER TAIL CORP,689648103,58967792,815937,,OTTR
INARI MEDICAL INC,45332Y109,58872692,953558,,
FNB CORP,302520101,58828403,5071412,,
AXIS CAPITAL HOLDINGS LTD,G0692U109,58754587,1077670,,AXS-PE
KIRBY CORP,497266106,58451490,838615,,KEX
ARCOSA INC,039653100,58395263,925293,,
FOCUS FINANCIAL PARTNERS-A,34417P100,58298682,1123938,,
KE HOLDINGS INC-ADR,482497104,58214266,3108179,,
NATIONAL STORAGE AFFILIATES,637870106,58134643,1391446,,
CLARIVATE PLC,G21810109,58101907,6193102,,CLVT
TERADATA CORP,88076W103,57857898,1436392,,
ENSTAR GROUP LTD,G3075P101,57836936,249523,,
TECHNIPFMC PLC,G87110105,57791503,4233807,,FTI
TOPGOLF CALLAWAY BRANDS CORP,131193104,57769462,2672037,,
TELADOC HEALTH INC,87918A105,57652624,2225969,,
BRINK'S CO/THE,109696104,57623173,862622,,
KILROY REALTY CORP,49427F108,57607773,1778017,,KRC
CALIX INC,13100M509,57490674,1072787,,
CONMED CORP,207410101,57453207,553179,,CNMD
PROCORE TECHNOLOGIES INC,74275K108,57246409,914041,,
PEABODY ENERGY CORP,704551100,57195486,2234198,,BTU
ROGERS CORP,775133101,57174514,349841,,ROG
AMICUS THERAPEUTICS INC,03152W109,57029313,5142407,,
ELANCO ANIMAL HEALTH INC,28414H103,56992611,6070775,,ELAN
CORPORATE OFFICE PROPERTIES,22002T108,56939747,2401507,,
MR COOPER GROUP INC,62482R107,56856172,1387751,,
BANK OZK,06417N103,56715799,1658356,,OZKAP
IMPINJ INC,453204109,56677987,418226,,PI
ABM INDUSTRIES INC,000957100,56627921,1260078,,
VISHAY INTERTECHNOLOGY INC,928298108,56471026,2496508,,VSH
AIR LEASE CORP,00912X302,56458103,1434038,,
AERCAP HOLDINGS NV,N00985106,56440568,1009596,,
CAVCO INDUSTRIES INC,149568107,56421091,177570,,
AMBARELLA INC,G037AX101,56338561,727700,,AMBA
TECK RESOURCES LTD-CLS B,878742204,56068396,1519735,,
MGE ENERGY INC,55277P104,55929883,720096,,MGEE
SPROUT SOCIAL INC - CLASS A,85209W109,55896810,918147,,
ALBANY INTL CORP-CL A,012348108,55732076,623680,,
WERNER ENTERPRISES INC,950755108,55655984,1223477,,WERN
MICROSTRATEGY INC-CL A,594972408,55518291,189923,,
AMKOR TECHNOLOGY INC,031652100,55469558,2131804,,
WENDY'S CO/THE,95058W100,55301207,2539081,,
BLUE OWL CAPITAL INC,09581B103,55160001,4978337,,OWL
MOOG INC-CLASS A,615394202,55089027,546789,,
LOUISIANA-PACIFIC CORP,546347105,54973133,1014077,,LPX
LUMENTUM HOLDINGS INC,55024U109,54937586,1017174,,LITE
VARONIS SYSTEMS INC,922280102,54841895,2108492,,VRNS
PAGERDUTY INC,69553P100,54837016,1567667,,
PACIFIC BIOSCIENCES OF CALIF,69404D108,54786258,4731109,,
SHIFT4 PAYMENTS INC-CLASS A,82452J109,54781217,722623,,
WARNER MUSIC GROUP CORP-CL A,934550203,54647612,1637626,,
WESTERN ALLIANCE BANCORP,957638109,54571793,1532463,,WAL-PA
SYNEOS HEALTH INC,87166B102,54568048,1531949,,
CALIFORNIA RESOURCES CORP,13057Q305,54553705,1416979,,CRC
WESTLAKE CORP,960413102,54470885,470466,,WLK
PELOTON INTERACTIVE INC-A,70614W100,54422645,4799173,,
PENSKE AUTOMOTIVE GROUP INC,70959W103,54387963,383527,,
HUB GROUP INC-CL A,443320106,54378795,647829,,
COGENT COMMUNICATIONS HOLDIN,19239V302,54136279,849596,,
ROGERS COMMUNICATIONS INC-B,775109200,53920620,1164250,,
ZURN ELKAY WATER SOLUTIONS C,98983L108,53762758,2516982,,
FIRST INTERSTATE BANCSYS-A,32055Y201,53732792,1799490,,
COMMUNITY BANK SYSTEM INC,203607106,53545014,1020099,,
FIRST REPUBLIC BANK/CA,33616C100,53498957,3832677,,
RAPID7 INC,753422104,53118574,1157015,,
CNX RESOURCES CORP,12653C108,52985996,3307489,,CNX
HERC HOLDINGS INC,42704L104,52963272,464998,,HRI
ALBERTSONS COS INC - CLASS A,013091103,52865027,2544033,,
ARROWHEAD PHARMACEUTICALS IN,04280A100,52794603,2078527,,
PLEXUS CORP,729132100,52748815,540625,,PLXS
EVOLENT HEALTH INC - A,30050B101,52679028,1623390,,
AMERICAN EQUITY INVT LIFE HL,025676206,52571447,1440708,,
STEVEN MADDEN LTD,556269108,52533696,1459269,,
GRAND CANYON EDUCATION INC,38526M106,52512382,461039,,
UNIFIRST CORP/MA,904708104,52484994,297821,,
AXONICS INC,05465P101,52480519,961886,,
CLEARWAY ENERGY INC-C,18539C204,52342955,1670700,,
BLUEPRINT MEDICINES CORP,09627Y109,52307189,1162640,,
COUSINS PROPERTIES INC,222795502,52154672,2439413,,CUZ
HAMILTON LANE INC-CLASS A,407497106,52101994,704271,,
RUSH ENTERPRISES INC-CL A,781846209,51990283,952203,,
PROGRESS SOFTWARE CORP,743312100,51876336,902982,,
OMNICELL INC,68213N109,51686530,880970,,
FORMFACTOR INC,346375108,51654766,1621813,,FORM
ALLEGRO MICROSYSTEMS INC,01749D105,51572038,1074641,,
ASSOCIATED BANC-CORP,045487105,51531148,2866025,,ASB-PF
LCI INDUSTRIES,50189K103,51510132,468828,,LCII
REVANCE THERAPEUTICS INC,761330109,51423738,1596514,,
JANUS HENDERSON GROUP PLC,G4474Y214,51346380,1927419,,
OLLIE'S BARGAIN OUTLET HOLDI,681116109,51328602,885892,,
JACKSON FINANCIAL INC-A,46817M107,51311643,1371602,,
INTER PARFUMS INC,458334109,51173115,359766,,
BOISE CASCADE CO,09739D100,51081291,807609,,BCC
UMB FINANCIAL CORP,902788108,51001874,883608,,UMBFO
DYCOM INDUSTRIES INC,267475101,50945913,544003,,DY
SIRIUS XM HOLDINGS INC,82968B103,50816435,12814362,,SIRI
ARCONIC CORP,03966V107,50751789,1934875,,
RESIDEO TECHNOLOGIES INC,76118Y104,50732631,2775307,,
KORN FERRY,500643200,50702631,979950,,KFY
WD-40 CO,929236107,50630476,284361,,
DISH NETWORK CORP-A,25470M109,50562138,5430671,,
QUAKER CHEMICAL CORPORATION,747316107,50525747,255245,,KWR
CONFLUENT INC-CLASS A,20717M103,50465596,2096617,,
SERVISFIRST BANCSHARES INC,81768T108,50449458,923475,,
SELECT MEDICAL HOLDINGS CORP,81619Q105,50336353,1947247,,
COCA-COLA CONSOLIDATED INC,191098102,50301265,94007,,
MOELIS & CO - CLASS A,60786M105,50223680,1306547,,
H WORLD GROUP LTD-ADR,44332N106,50095849,1028073,,
ICU MEDICAL INC,44930G107,50063050,303486,,
INSTALLED BUILDING PRODUCTS,45780R101,50059854,439006,,
SLM CORP,78442P106,49987881,4034533,,SLMBP
COLUMBIA SPORTSWEAR CO,198516106,49957166,553603,,COLM
REATA PHARMACEUTICALS INC-A,75615P103,49943569,549313,,
COMMVAULT SYSTEMS INC,204166102,49920212,879806,,CVLT
ATLANTIC UNION BANKSHARES CO,04911A107,49916574,1424153,,
VAXCYTE INC,92243G108,49823638,1329339,,
INNOSPEC INC,45768S105,49784205,484895,,IOSP
CATHAY GENERAL BANCORP,149150104,49773537,1441875,,CATY
SPIRIT AEROSYSTEMS HOLD-CL A,848574109,49762174,1441128,,
BRADY CORPORATION - CL A,104674106,49749700,925920,,
ALTERYX INC - CLASS A,02156B103,49736590,845285,,
XPO INC,983793100,49704178,1558124,,
ITRON INC,465741106,49684051,896015,,
OUTFRONT MEDIA INC,69007J106,49527355,3051592,,OUT
MAXLINEAR INC,57776J100,49481998,1405339,,
PATTERSON-UTI ENERGY INC,703481101,49468189,4228049,,
DENALI THERAPEUTICS INC,24823R105,49447819,2146172,,DNLI
KADANT INC,48282T104,49422159,237014,,KAI
CREDICORP LTD,G2519Y108,49408828,375184,,BAP
CRACKER BARREL OLD COUNTRY,22410J106,49197774,433079,,
RITCHIE BROS AUCTIONEERS,767744105,49193706,873963,,
GLOBALFOUNDRIES INC,G39387108,49080667,679976,,GFS
SITE CENTERS CORP,82981J109,49062714,3995334,,SITC
INTEGER HOLDINGS CORP,45826H109,48980337,632004,,ITGR
KEMPER CORP,488401100,48919407,894976,,KMPB
CNO FINANCIAL GROUP INC,12621E103,48829709,2200527,,
MAGNA INTERNATIONAL INC,559222401,48820528,905672,,MGA
MACERICH CO/THE,554382101,48807926,4604520,,
CACTUS INC - A,127203107,48801326,1183636,,
INGEVITY CORP,45688C107,48774877,681975,,NGVT
TREEHOUSE FOODS INC,89469A104,48717969,966051,,
MADISON SQUARE GARDEN SPORTS,55825T103,48693989,249905,,
TRI POINTE HOMES INC,87265H109,48634952,1920811,,
WHITE MOUNTAINS INSURANCE GP,G9618E107,48519330,35223,,
SONOS INC,83570H108,48494081,2471665,,SONO
FOUR CORNERS PROPERTY TRUST,35086T109,48277027,1797357,,
ALARM.COM HOLDINGS INC,011642105,48212554,958881,,
PROGYNY INC,74340E103,48182869,1500089,,
PERFICIENT INC,71375U101,48159345,667119,,
PAPA JOHN'S INTL INC,698813102,48119323,642190,,
EXTREME NETWORKS INC,30226D106,48051059,2513130,,EXTR
AMERIS BANCORP,03076K108,48048501,1313518,,ABCB
HANNON ARMSTRONG SUSTAINABLE,41068X100,47944144,1676368,,
YETI HOLDINGS INC,98585X104,47816588,1195414,,
SENTINELONE INC -CLASS A,81730H109,47759345,2919274,,
ARCBEST CORP,03937C105,47732896,516478,,
TEXAS CAPITAL BANCSHARES INC,88224Q107,47698073,974225,,
VERINT SYSTEMS INC,92343X100,47686875,1280528,,
ASML HOLDING NV-NY REG SHS,N07059210,47621110,69958,,
CHOICE HOTELS INTL INC,169905106,47585743,406056,,
DIGITALOCEAN HOLDINGS INC,25402D102,47574642,1214568,,
NATL HEALTH INVESTORS INC,63633D104,47422412,919395,,
VIAVI SOLUTIONS INC,925550105,47381431,4375015,,VIAV
ANTERO MIDSTREAM CORP,03676B102,47354473,4514247,,AM
NEWS CORP - CLASS B,65249B208,47237842,2713356,,
ESCO TECHNOLOGIES INC,296315104,47215616,494663,,ESE
KONTOOR BRANDS INC,50050N103,47184331,975084,,
GENWORTH FINANCIAL INC-CL A,37247D106,46781581,9319037,,
EQUITY COMMONWEALTH,294628102,46736375,2256705,,
EQUITRANS MIDSTREAM CORP,294600101,46675240,8075298,,
LGI HOMES INC,50187T106,46673391,409308,,
APPFOLIO INC - A,03783C100,46662697,374861,,
AZENTA INC,114340102,46650716,1045511,,
EPR PROPERTIES,26884U109,46585569,1222718,,EPR-PG
PERMIAN RESOURCES CORP,71424F105,46569250,4435165,,PR
DORMAN PRODUCTS INC,258278100,46528243,539395,,
SITIME CORP,82982T106,46404386,326263,,SITM
WSFS FINANCIAL CORP,929328102,46374760,1233043,,WSFS
C3.AI INC-A,12468P104,46373722,1381403,,
LIVANOVA PLC,G5509L101,46204838,1060230,,LIVN
VERRA MOBILITY CORP,92511U102,46017629,2719717,,VRRM
JD.COM INC-ADR,47215P106,46017260,1048468,,
INTERNATIONAL BANCSHARES CRP,459044103,46009377,1074483,,
PATTERSON COS INC,703395103,45995054,1718156,,
SEAWORLD ENTERTAINMENT INC,81282V100,45936293,749246,,
RYAN SPECIALTY HOLDINGS INC,78351F107,45860872,1139683,,
FULTON FINANCIAL CORP,360271100,45816783,3315251,,FULTP
CAL-MAINE FOODS INC,128030202,45746495,751297,,CALM
R1 RCM INC,77634L105,45641760,3042783,,
QIAGEN N.V.,N72482123,45535093,991402,,QGEN
TRANSMEDICS GROUP INC,89377M109,45492173,600715,,
PACIFIC PREMIER BANCORP INC,69478X105,45450732,1892203,,
PARK HOTELS & RESORTS INC,700517105,45436193,3676066,,PK
HOWARD HUGHES CORP/THE,44267D107,45229068,565363,,
FRESHPET INC,358039105,45100565,681380,,
BRIGHTHOUSE FINANCIAL INC,10922N103,45063453,1021615,,
GMS INC,36251C103,45010884,777524,,
ACADIA PHARMACEUTICALS INC,004225108,44984844,2390267,,ACAD
CBIZ INC,124805102,44962424,908515,,
FRONTDOOR INC,35905A109,44954809,1612439,,
ENERGIZER HOLDINGS INC,29272W109,44836900,1292129,,
HELEN OF TROY LTD,G4388N106,44768667,470407,,HELE
INSMED INC,457669307,44767776,2625675,,INSM
ARMSTRONG WORLD INDUSTRIES,04247X102,44719225,627726,,
SUNSTONE HOTEL INVESTORS INC,867892101,44654630,4519698,,
NCR CORPORATION,62886E108,44588026,1890123,,
LYFT INC-A,55087P104,44530531,4803723,,
AEROVIRONMENT INC,008073108,44454307,484991,,AVAV
CVB FINANCIAL CORP,126600105,44352587,2659027,,CVBF
MATERION CORP,576690101,44322556,382091,,MTRN
MCGRATH RENTCORP,580589109,44298582,474746,,MGRC
WALKER & DUNLOP INC,93148P102,44186091,580098,,
J & J SNACK FOODS CORP,466032109,44144955,297834,,
ARCH RESOURCES INC,03940R107,44089317,335382,,
BLOOMIN' BRANDS INC,094235108,44054534,1717525,,
TRAVEL LEISURE CO,894164102,44035647,1123358,,
ZILLOW GROUP INC - A,98954M101,43937614,1005436,,
NEOGENOMICS INC,64049M209,43836146,2517871,,NEO
KOHLS CORP,500255104,43785415,1851804,,KSS
SIMMONS FIRST NATL CORP-CL A,828730200,43730650,2500322,,
SAGE THERAPEUTICS INC,78667J108,43648694,1040245,,
GLAUKOS CORP,377322102,43618680,870632,,GKOS
EVERTEC INC,30040P103,43455026,1287556,,
ESAB CORP,29605J106,43338262,733676,,ESAB
RED ROCK RESORTS INC-CLASS A,75700L108,43270978,970854,,
OPEN TEXT CORP,683715106,43094849,1114394,,OTEX
GRAHAM HOLDINGS CO-CLASS B,384637104,43087573,72314,,
ALPHA METALLURGICAL RESOURCE,020764106,43083456,276176,,
MDC HOLDINGS INC,552676108,43046478,1107447,,
BOSTON BEER COMPANY INC-A,100557107,43007765,130842,,
MATSON INC,57686G105,42852150,718152,,
BROOKFIELD INFRASTRUCTURE-A,11275Q107,42711490,927278,,
NETSCOUT SYSTEMS INC,64115T104,42456702,1481909,,NTCT
KENNAMETAL INC,489170100,42452948,1539265,,KMT
MERCURY SYSTEMS INC,589378108,42451088,830420,,MRCY
KYNDRYL HOLDINGS INC,50155Q100,42373146,2870808,,
CHESAPEAKE UTILITIES CORP,165303108,42368145,331027,,CPK
BOOT BARN HOLDINGS INC,099406100,42350064,552584,,
AMERICAN EAGLE OUTFITTERS,02553E106,42198576,3139774,,
CREDIT ACCEPTANCE CORP,225310101,42124080,96606,,CACC
EDGEWELL PERSONAL CARE CO,28035Q102,41988306,989823,,EPC
NUVASIVE INC,670704105,41830561,1012601,,
VORNADO REALTY TRUST,929042109,41814746,2720542,,VNO-PO
CARETRUST REIT INC,14174T107,41812457,2135467,,
ENPRO INDUSTRIES INC,29355X107,41729184,401667,,
ARTISAN PARTNERS ASSET MA -A,04316A108,41728250,1304823,,
SURGERY PARTNERS INC,86881A100,41690236,1209464,,
KENNEDY-WILSON HOLDINGS INC,489398107,41550131,2504528,,
TANGER FACTORY OUTLET CENTER,875465106,41535327,2115910,,
VIPSHOP HOLDINGS LTD - ADR,92763W103,41469417,2743339,,
CYBERARK SOFTWARE LTD/ISRAEL,M2682V108,41431714,280823,,
STEPAN CO,858586100,41368296,401517,,SCL
PIPER SANDLER COS,724078100,41251444,297608,,
BARNES GROUP INC,067806109,41154211,1021703,,
HERTZ GLOBAL HLDGS INC,42806J700,41072922,2521357,,
CARPENTER TECHNOLOGY,144285103,41051918,917156,,
INTERDIGITAL INC,45867G101,41023454,562736,,
MYR GROUP INC/DELAWARE,55405W104,40865421,324303,,
ASSURED GUARANTY LTD,G0585R106,40859038,812791,,AGO
TIDEWATER INC,88642R109,40825677,926172,,TDGMW
ULTRAGENYX PHARMACEUTICAL IN,90400D108,40687092,1014640,,
CSW INDUSTRIALS INC,126402106,40672174,292753,,
STRATEGIC EDUCATION INC,86272C103,40655980,452588,,
FIRST FINANCIAL BANCORP,320209109,40597146,1864820,,
MUELLER WATER PRODUCTS INC-A,624758108,40425819,2899986,,
TG THERAPEUTICS INC,88322Q108,40304207,2679800,,
AXSOME THERAPEUTICS INC,05464T104,40242274,652436,,
ENOVIS CORP,194014502,40107088,749805,,ENOV
MINERALS TECHNOLOGIES INC,603158106,40020537,662372,,MTX
TRANSOCEAN LTD,H8817H100,39987403,6287323,,RIG
EASTERN BANKSHARES INC,27627N105,39843082,3157137,,
SCOTTS MIRACLE-GRO CO,810186106,39774001,570318,,SMG
NORTHERN OIL AND GAS INC,665531307,39770468,1310394,,
HELIOS TECHNOLOGIES INC,42328H109,39650996,606284,,
YELP INC,985817105,39547689,1288198,,YELP
NU SKIN ENTERPRISES INC - A,67018T105,39521147,1005371,,
CERTARA INC,15687V109,39460154,1636671,,
CONSOL ENERGY INC,20854L108,39443333,676906,,
FIRST BANCORP PUERTO RICO,318672706,39318501,3442950,,
MARQETA INC-A,57142B104,39318445,8602549,,
PEBBLEBROOK HOTEL TRUST,70509V100,39244945,2795223,,PEB-PH
HIGHWOODS PROPERTIES INC,431284108,39169062,1689049,,
WASHINGTON FEDERAL INC,938824109,39105348,1298318,,
GENTHERM INC,37253A103,39071883,646671,,THRM
SJW GROUP,784305104,38918291,511208,,
CORCEPT THERAPEUTICS INC,218352102,38856474,1793927,,CORT
AXOS FINANCIAL INC,05465C100,38786651,1050559,,
PRICESMART INC,741511109,38541969,539199,,PSMT
FASTLY INC - CLASS A,31188V100,38535447,2169788,,
VICTORIA'S SECRET & CO,926400102,38516682,1127867,,VSXY
FIRST HAWAIIAN INC,32051X108,38478719,1865182,,
BOK FINANCIAL CORPORATION,05561Q201,38462627,455664,,BOKF
SHAKE SHACK INC - CLASS A,819047101,38428509,692530,,
FIRST MERCHANTS CORP,320817109,38392659,1165179,,FRMEP
CARTER'S INC,146229109,38349207,533220,,
ICF INTERNATIONAL INC,44925C103,38272245,348881,,
WORTHINGTON INDUSTRIES,981811102,38270818,591969,,
BUMBLE INC-A,12047B105,38207595,1953836,,
CHEGG INC,163092109,38178327,2342228,,
CHARGEPOINT HOLDINGS INC,15961R105,38118471,3640731,,
TANDEM DIABETES CARE INC,875372203,38038467,936677,,TNDM
RETAIL OPPORTUNITY INVESTMEN,76131N101,37883987,2713752,,
AVANGRID INC,05351W103,37883356,949933,,
TRINITY INDUSTRIES INC,896522109,37822619,1552652,,TRN
PROTHENA CORP PLC,G72800108,37798086,779824,,
VIASAT INC,92552V100,37652099,1112650,,VSAT
LUMEN TECHNOLOGIES INC,550241103,37588650,13999863,,
SUPERNUS PHARMACEUTICALS INC,868459108,37588384,1037493,,
REVOLUTION MEDICINES INC,76155X100,37560123,1734077,,
GROCERY OUTLET HOLDING CORP,39874R101,37541790,1328442,,GO
DIGITALBRIDGE GROUP INC,25401T603,37456269,3123958,,
CORVEL CORP,221006109,37436067,196742,,CRVL
ATRICURE INC,04963C209,37431229,903045,,
BRIDGEBIO PHARMA INC,10806X102,37357371,2253158,,
DUN & BRADSTREET HOLDINGS IN,26484T106,37325843,3179372,,
MYRIAD GENETICS INC,62855J104,37263421,1604107,,MYGN
MASONITE INTERNATIONAL CORP,575385109,37233218,410193,,
URBAN EDGE PROPERTIES,91704F104,37214113,2471056,,UE
ENDEAVOR GROUP HOLD-CLASS A,29260Y109,37206987,1554825,,
SPECTRUM BRANDS HOLDINGS INC,84790A105,37145403,560939,,
BANNER CORPORATION,06652V208,37032894,681127,,BANR
ARBOR REALTY TRUST INC,038923108,36885416,3210218,,ABR-PF
DANA INC,235825205,36862266,2449319,,DAN
BEAM THERAPEUTICS INC,07373V105,36815324,1202329,,BEAM
SEACOAST BANKING CORP/FL,811707801,36711672,1549015,,
WAYFAIR INC- CLASS A,94419L101,36681347,1068181,,
TOWNE BANK,89214P109,36639025,1374822,,
CRISPR THERAPEUTICS AG,H17182108,36635608,809984,,CRSP
NMI HOLDINGS INC-CLASS A,629209305,36512825,1635146,,
DIAMONDROCK HOSPITALITY CO,252784301,36471256,4486008,,DRH
RLJ LODGING TRUST,74965L101,36271886,3421875,,RLJ-PA
SERVICE PROPERTIES TRUST,81761L102,36210038,3635545,,SVC
BROOKFIELD ASSET MGMT-A,113004105,36174342,1111518,,
SOUTHERN COPPER CORP,84265V105,36144589,476382,,
MP MATERIALS CORP,553368101,36117921,1281231,,
WARRIOR MET COAL INC,93627C101,36113218,983743,,
PACIRA BIOSCIENCES INC,695127100,36026429,882784,,
WESBANCO INC,950810101,36024925,1173450,,WSBCO
COHU INC,192576106,35989064,937459,,COHU
JACK IN THE BOX INC,466367109,35932220,410232,,JACK
AMC ENTERTAINMENT HLDS-CL A,00165C104,35896617,7164990,,
ODP CORP/THE,88337F105,35881776,797727,,
CAMECO CORP,13321L108,35844177,1374942,,CCJ
SPIRIT AIRLINES INC,848577102,35831621,2086873,,
INTERNATIONAL SEAWAYS INC,Y41053102,35782711,858510,,
APPIAN CORP-A,03782L101,35770606,806007,,
TELUS CORP,87971M103,35721742,1728938,,TU
RIOT PLATFORMS INC,767292105,35679021,3570855,,
AZEK CO INC/THE,05478C105,35677899,1515628,,
AMEDISYS INC,023436108,35641326,484586,,
STONEX GROUP INC,861896108,35552098,343399,,SNEX
VIR BIOTECHNOLOGY INC,92764N102,35496493,1525418,,
XEROX HOLDINGS CORP,98421M106,35442839,2301482,,XRXDW
APPLOVIN CORP-CLASS A,03831W108,35407223,2248077,,
BROOKFIELD RENEWABLE COR-A,11284V105,35315146,1012622,,
CARGURUS INC,141788109,35235947,1886292,,
AFFIRM HOLDINGS INC,00827B106,35112309,3115554,,
GREEN PLAINS INC,393222104,35058285,1131277,,GPRE
PJT PARTNERS INC - A,69343T107,34970954,484429,,
ALAMO GROUP INC,011311107,34949516,189778,,ALG
JETBLUE AIRWAYS CORP,477143101,34938587,4799254,,JBLU
DOUGLAS EMMETT INC,25960P109,34894669,2830061,,DEI
CSG SYSTEMS INTL INC,126349109,34833114,648661,,
CUSHMAN & WAKEFIELD PLC,G2717B108,34727034,3294784,,
PROVENTION BIO INC,74374N102,34624222,1436689,,
CLEAR SECURE INC -CLASS A,18467V109,34602218,1322209,,
URBAN OUTFITTERS INC,917047102,34521943,1245380,,URBN
KRYSTAL BIOTECH INC,501147102,34471514,430571,,
GUARDANT HEALTH INC,40131M109,34455832,1469958,,
DOUBLEVERIFY HOLDINGS INC,25862V105,34445943,1142485,,
AAR CORP,000361105,34388830,630409,,AIR
CENTURY COMMUNITIES INC,156504300,34371532,537727,,
CLEARWAY ENERGY INC-A,18539C105,34360416,1144203,,
ELME COMMUNITIES,939653101,34355401,1923594,,ELME
GRANITE CONSTRUCTION INC,387328107,34279959,834468,,GVA
IMPERIAL OIL LTD,453038408,34252226,676331,,IMO
FLYWIRE CORP-VOTING,302492103,34193488,1164628,,
LIBERTY ENERGY INC,53115L104,34072909,2659867,,LBRT
ASTRAZENECA PLC-SPONS ADR,046353108,33980984,489569,,
VECTOR GROUP LTD,92240M108,33723131,2807920,,
INVENTRUST PROPERTIES CORP,46124J201,33671859,1438968,,IVT
KRATOS DEFENSE & SECURITY,50077B207,33649720,2496269,,
RINGCENTRAL INC-CLASS A,76680R206,33633264,1096617,,
WINNEBAGO INDUSTRIES,974637100,33522046,580971,,
RENASANT CORP,75970E107,33515874,1096006,,RNST
ADDUS HOMECARE CORP,006739106,33483245,313631,,ADUS
VERITIV CORP,923454102,33475934,247713,,
ADTALEM GLOBAL EDUCATION INC,00737L103,33429833,865609,,
MONRO INC,610236101,33374856,675194,,
CHEWY INC - CLASS A,16679L109,33337917,893564,,
CELLDEX THERAPEUTICS INC,15117B202,33306986,925708,,
GREIF INC-CL A,397624107,33276623,525116,,
GRAB HOLDINGS LTD - CL A,G4124C109,33230548,11148701,,
INDEPENDENT BANK GROUP INC,45384B106,33165712,715549,,
NEWMARKET CORP,651587107,33006966,90435,,NEU
BGC PARTNERS INC-CL A,05541T101,33000361,6309818,,
NAVIENT CORP,63938C108,32974466,2062192,,JSM
OCEANEERING INTL INC,675232102,32830228,1862179,,
PARK NATIONAL CORP,700658107,32677536,275597,,
CHEESECAKE FACTORY INC/THE,163072101,32650980,931554,,
GETTY REALTY CORP,374297109,32616170,905250,,
REMITLY GLOBAL INC,75960P104,32562063,1921065,,
SHUTTERSTOCK INC,825690100,32546144,448294,,
OSI SYSTEMS INC,671044105,32467056,317185,,OSIS
BANKUNITED INC,06652K103,32440197,1436678,,
ENTERPRISE FINANCIAL SERVICE,293712105,32391573,726431,,
XENCOR INC,98401F105,32343568,1159683,,XNCR
COHEN & STEERS INC,19247A100,32236054,504003,,
FIBROGEN INC,31572Q808,32236002,1727545,,
M/I HOMES INC,55305B101,32200694,510393,,
SEMTECH CORP,816850101,32165713,1332465,,SMTC
WILEY (JOHN) & SONS-CLASS A,968223206,32135948,828887,,
ENOVIX CORP,293594107,31998033,2146078,,ENVX
VERACYTE INC,92337F107,31989759,1434518,,
PENNYMAC FINANCIAL SERVICES,70932M107,31928448,535622,,
HURON CONSULTING GROUP INC,447462102,31886636,396748,,HURN
LAUREATE EDUCATION INC,518613203,31803662,2704392,,
ACUSHNET HOLDINGS CORP,005098108,31792792,624122,,GOLF
PEGASYSTEMS INC,705573103,31786074,655653,,PEGA
NORTHWEST NATURAL HOLDING CO,66765N105,31748171,667539,,NWN
AGILYSYS INC,00847J105,31735656,384628,,AGYS
STOCK YARDS BANCORP INC,861025104,31708276,575050,,
TRONOX HOLDINGS PLC,G9087Q102,31698261,2204329,,TROX
XENIA HOTELS & RESORTS INC,984017103,31695663,2421364,,
HERBALIFE LTD,G4412G101,31681027,1967765,,HLF
BANCFIRST CORP,05945F103,31625699,380574,,
EMBECTA CORP,29082K105,31584618,1123208,,EMBC
RXO INC,74982T103,31545506,1606186,,
PHREESIA INC,71944F106,31514276,975976,,
CTS CORP,126501105,31456330,635995,,CTS
ISHARES MSCI TAIWAN ETF,46434G772,31397416,692641,,
LUMINAR TECHNOLOGIES INC,550424105,31333380,4827946,,
CALLON PETROLEUM CO,13123X508,31309214,936280,,
SALLY BEAUTY HOLDINGS INC,79546E104,31231351,2004579,,
LINDSAY CORP,535555106,31213030,206531,,LNN
TRUPANION INC,898202106,31185934,727114,,
SYLVAMO CORP,871332102,31052318,671256,,SLVM
TRIPADVISOR INC,896945201,30982031,1560021,,
BRINKER INTERNATIONAL INC,109641100,30897205,813084,,
MILLERKNOLL INC,600544100,30871416,1509604,,
QUANTUMSCAPE CORP,74767V109,30817512,3767420,,QS
HAIN CELESTIAL GROUP INC,405217100,30767540,1794025,,HAIN
CATALYST PHARMACEUTICALS INC,14888U101,30743012,1854222,,
SITIO ROYALTIES CORP-A,82983N108,30739338,1360147,,
CEREVEL THERAPEUTICS HOLDING,15678U128,30680677,1257920,,
LAKELAND FINANCIAL CORP,511656100,30664181,489530,,LKFN
BRP GROUP INC-A,05589G102,30628618,1203009,,
HEARTLAND FINANCIAL USA INC,42234Q102,30573777,797022,,
DAVE & BUSTER'S ENTERTAINMEN,238337109,30516950,829490,,
BIOCRYST PHARMACEUTICALS INC,09058V103,30470668,3653556,,BCRX
STRIDE INC,86333M108,30323425,772571,,
BANCORP INC/THE,05969A105,30246557,1086052,,
TFI INTERNATIONAL INC,87241L109,30239898,253106,,TFII
LTC PROPERTIES INC,502175102,30198814,859630,,LTC
SUNNOVA ENERGY INTERNATIONAL,86745K104,30148797,1930140,,
METHODE ELECTRONICS INC,591520200,30062510,685107,,MEI
PRA GROUP INC,69354N106,30028745,770758,,PRAA
UNITED NATURAL FOODS INC,911163103,30024332,1139443,,UNFI
AMERESCO INC-CL A,02361E108,30014422,609801,,
GIBRALTAR INDUSTRIES INC,374689107,29966809,617872,,
TRUSTMARK CORP,898402102,29950759,1212581,,TRMK
WORLD FUEL SERVICES CORP,981475106,29939907,1171816,,
ULTRA CLEAN HOLDINGS INC,90385V107,29857806,900416,,
VISTA OUTDOOR INC,928377100,29703744,1071950,,
NORTHWEST BANCSHARES INC,667340103,29684855,2467568,,
SPHERE ENTERTAINMENT CO,55826T102,29619431,501429,,SPHR
DELEK US HOLDINGS INC,24665A103,29612668,1290312,,
PATRICK INDUSTRIES INC,703343103,29600823,430182,,PATK
OXFORD INDUSTRIES INC,691497309,29588007,280216,,OXM
CINEMARK HOLDINGS INC,17243V102,29543804,1997552,,
ST JOE CO/THE,790148100,29467842,708191,,
ASANA INC - CL A,04342Y104,29454136,1393948,,
ACV AUCTIONS INC-A,00091G104,29449332,2281125,,
KNOWLES CORP,49926D109,29384721,1728512,,KN
SOTERA HEALTH CO,83601L102,29353607,1638950,,SHC
ALEXANDER & BALDWIN INC,014491104,29349505,1552062,,
NATIONAL VISION HOLDINGS INC,63845R107,29261434,1553154,,
INFINERA CORP,45667G103,29243501,3768491,,
BREAD FINANCIAL HOLDINGS INC,018581108,29152663,961381,,
NATIONAL BEVERAGE CORP,635017106,29142632,552781,,FIZZ
GLOBANT SA,L44385109,29113251,177509,,
BANK OF HAWAII CORP,062540109,29048523,557767,,BOH-PB
GAP INC/THE,364760108,29026617,2891096,,
ALLEGIANT TRAVEL CO,01748X102,28926054,314482,,ALGT
HARMONIC INC,413160102,28911379,1981588,,HLIT
RELAY THERAPEUTICS INC,75943R102,28897120,1754530,,
WEIS MARKETS INC,948849104,28890250,341210,,WMK
GLOBAL NET LEASE INC,379378201,28852975,2243621,,
MGP INGREDIENTS INC,55303J106,28754759,297299,,MGPI
APOLLO MEDICAL HOLDINGS INC,03763A207,28712953,787303,,
PRIVIA HEALTH GROUP INC,74276R102,28636797,1037189,,
FIRST BANCORP/NC,318910106,28634105,806140,,
N B T BANCORP INC,628778102,28595463,848278,,
VERADIGM INC,01988P108,28543399,2187233,,
AMPHASTAR PHARMACEUTICALS IN,03209R103,28499300,759981,,
NELNET INC-CL A,64031N108,28425068,309338,,
SILK ROAD MEDICAL INC,82710M100,28382215,725331,,
H&E EQUIPMENT SERVICES INC,404030108,28341007,640764,,
PAR PACIFIC HOLDINGS INC,69888T207,28329996,970205,,
PARSONS CORP,70202L102,28321912,633033,,PSN
EVERI HOLDINGS INC,30034T103,28312929,1650899,,
ACADIA REALTY TRUST,004239109,28302285,2028837,,AKR
STONECO LTD-A,G85158106,28261333,2961819,,
DESCARTES SYSTEMS GRP/THE,249906108,28242127,347047,,
ORION ENGINEERED CARBONS SA,L72967109,28199620,1080859,,
DRIVEN BRANDS HOLDINGS INC,26210V102,28192099,930125,,DRVN
STANDEX INTERNATIONAL CORP,854231107,28137813,229809,,
KAR AUCTION SERVICES INC,48238T109,28099824,2054080,,
SCHRODINGER INC,80810D103,27988957,1063006,,
LIBERTY MEDIA COR-SIRIUSXM A,531229409,27792994,991396,,
IRONWOOD PHARMACEUTICALS INC,46333X108,27707629,2633804,,IRWD
XPEL INC,98379L100,27581720,405912,,
INGLES MARKETS INC-CLASS A,457030104,27531593,310390,,
PGT INNOVATIONS INC,69336V101,27470122,1093991,,
TENCENT MUSIC ENTERTAINM-ADR,88034P109,27465529,3336636,,
GRIFFON CORP,398433102,27454956,857699,,GFF
FTAI AVIATION LTD,G3730V105,27426766,980928,,FTAIM
TTM TECHNOLOGIES,87305R109,27391494,2030503,,
SIX FLAGS ENTERTAINMENT CORP,83001A102,27360985,1024372,,
TRAVERE THERAPEUTICS INC,89422G107,27360765,1216574,,
SABRE CORP,78573M104,27347512,6374709,,SABR
MIRATI THERAPEUTICS INC,60468T105,27338020,735288,,
NCINO INC,63947X101,27292907,1101408,,
EXPRO GROUP HOLDINGS NV,N3144W105,27286399,1486187,,
ALGONQUIN POWER & UTILITIES,015857105,27256459,3036897,,
PROVIDENT FINANCIAL SERVICES,74386T105,27162460,1416186,,
LIVERAMP HOLDINGS INC,53815P108,27061518,1233995,,
CANNAE HOLDINGS INC,13765N107,27048600,1340366,,
TRICO BANCSHARES,896095106,27042123,650207,,
TWO HARBORS INVESTMENT CORP,90187B804,27030424,1837554,,TWOD
CITY HOLDING CO,177835105,27006627,297168,,CHCO
EVERBRIDGE INC,29978A104,26999240,778749,,
EASTERLY GOVERNMENT PROPERTI,27616P103,26965941,1962586,,
ENERPAC TOOL GROUP CORP,292765104,26919670,1055673,,EPAC
PALOMAR HOLDINGS INC,69753M105,26898813,487297,,
HILLTOP HOLDINGS INC,432748101,26826348,904157,,HTH
SUMO LOGIC INC,86646P103,26773870,2234880,,
MIDDLESEX WATER CO,596680108,26711337,341927,,MSEXP
NV5 GLOBAL INC,62945V109,26705110,256854,,
UPWORK INC,91688F104,26619274,2351525,,
WNS HOLDINGS LTD-ADR,92932M101,26525126,284696,,
VERICEL CORP,92346J108,26382087,899798,,VCEL
VIRTUS INVESTMENT PARTNERS,92828Q109,26353783,138420,,
ANDERSONS INC/THE,034164103,26347960,637656,,
HORACE MANN EDUCATORS,440327104,26313015,785932,,
3D SYSTEMS CORP,88554D205,26270250,2450582,,DDD
KFORCE INC,493732101,26252568,415126,,KFRC
ENOVA INTERNATIONAL INC,29357K103,26218514,590108,,
REYNOLDS CONSUMER PRODUCTS I,76171L106,26204209,952880,,
AMYLYX PHARMACEUTICALS INC,03237H101,26141422,890982,,
APARTMENT INVT & MGMT CO -A,03748R747,26137287,3398866,,
LIBERTY GLOBAL PLC-A,G5480U104,26127922,1340240,,
ARVINAS INC,04335A105,26112492,955801,,
AVANOS MEDICAL INC,05350V106,26103998,877740,,
PAYONEER GLOBAL INC,70451X104,25932682,4128795,,PAYO
SYNDAX PHARMACEUTICALS INC,87164F105,25926940,1227601,,SNDX
Q2 HOLDINGS INC,74736L109,25910909,1052433,,
ABERCROMBIE & FITCH CO-CL A,002896207,25861289,931938,,
TRIUMPH FINANCIAL INC,89679E300,25850692,445241,,
EPLUS INC,294268107,25829434,526701,,PLUS
VIRTU FINANCIAL INC-CLASS A,928254101,25788238,1364456,,
UNDER ARMOUR INC-CLASS A,904311107,25682246,2706243,,
FRESHWORKS INC-CL A,358054104,25647022,1669727,,
COMMSCOPE HOLDING CO INC,20337X109,25642660,4025534,,
HANESBRANDS INC,410345102,25606010,4868060,,
PRIMORIS SERVICES CORP,74164F103,25514921,1034668,,PRIM
AKERO THERAPEUTICS INC,00973Y108,25478380,665927,,
NEW FORTRESS ENERGY INC,644393100,25458608,865056,,NFE
LESLIE'S INC,527064109,25447997,2311352,,
SCORPIO TANKERS INC,Y7542C130,25352732,450235,,STNG
LIBERTY LATIN AMERIC-CL C,G9001E128,25339581,3067746,,
VERIS RESIDENTIAL INC,554489104,25260920,1725472,,
NORDSTROM INC,655664100,25212198,1549612,,
JBG SMITH PROPERTIES,46590V100,25097606,1666507,,JBGS
AGIOS PHARMACEUTICALS INC,00847X104,25022584,1089359,,
CHIMERA INVESTMENT CORP,16934Q208,24968282,4426998,,CIMO
STEPSTONE GROUP INC-CLASS A,85914M107,24961218,1028480,,
LIBERTY MEDIA CORP-BRAVES C,531229888,24944547,740414,,
ARCHROCK INC,03957W106,24873326,2545887,,
INTERNATIONAL GAME TECHNOLOG,G4863A108,24831727,926557,,
UNIVERSAL CORP/VA,913456109,24785436,468622,,
NEXTIER OILFIELD SOLUTIONS I,65290C105,24725756,3110157,,
WOLVERINE WORLD WIDE INC,978097103,24719988,1449852,,
ENERGY RECOVERY INC,29270J100,24560313,1065523,,
MALIBU BOATS INC - A,56117J100,24556709,435017,,
PDF SOLUTIONS INC,693282105,24543254,578850,,PDFS
BAIDU INC - SPON ADR,056752108,24511369,162413,,
MARTEN TRANSPORT LTD,573075108,24502100,1169551,,MRTN
TENNANT CO,880345103,24305672,354672,,TNC
FIRST COMMONWEALTH FINL CORP,319829107,24293797,1954448,,
UPBOUND GROUP INC,76009N100,24250423,989409,,
HILLMAN SOLUTIONS CORP,431636109,24245760,2879543,,HLMN
SAFEHOLD INC,78646V107,24215575,824500,,SAFE
RADNET INC,750491102,24150429,964859,,
PRIMO WATER CORP,74167P108,24112374,1570819,,
S & T BANCORP INC,783859101,24094799,766130,,
SL GREEN REALTY CORP,78440X887,24087906,1024145,,SLG-PI
APOLLO COMMERCIAL REAL ESTAT,03762U105,24084585,2586958,,
LA-Z-BOY INC,505336107,23988916,824928,,LZB
AIR TRANSPORT SERVICES GROUP,00922R105,23949174,1149744,,
NEVRO CORP,64157F103,23812487,658713,,
MARAVAI LIFESCIENCES HLDGS-A,56600D107,23789457,1698033,,
CORE & MAIN INC-CLASS A,21874C102,23764233,1028754,,
HASHICORP INC-CL A,418100103,23754796,811020,,
FEDERAL AGRIC MTG CORP-CL C,313148306,23692103,177882,,
NAPCO SECURITY TECHNOLOGIES,630402105,23671279,629890,,
SUNPOWER CORP,867652406,23655268,1709195,,
U.S. PHYSICAL THERAPY INC,90337L108,23503785,240055,,
CARS.COM INC,14575E105,23466876,1215900,,CARS
WESTAMERICA BANCORPORATION,957090103,23403085,528286,,WABC
NOW INC,67011P100,23307432,2090352,,
LIGAND PHARMACEUTICALS,53220K504,23303734,316799,,
FUELCELL ENERGY INC,35952H601,23260058,8161421,,FCELB
ZUORA INC - CLASS A,98983V106,23256858,2353932,,
ENCORE CAPITAL GROUP INC,292554102,23238279,460620,,ECPG
PATHWARD FINANCIAL INC,59100U108,23235202,560019,,
MOMENTIVE GLOBAL INC,60878Y108,23180368,2487163,,
DIGI INTERNATIONAL INC,253798102,23173872,688060,,DGII
TRIMAS CORP,896215209,23154205,831091,,TRS
KYMERA THERAPEUTICS INC,501575104,23135973,780829,,
KAISER ALUMINUM CORP,483007704,23120448,309801,,KALU
CHEFS' WAREHOUSE INC/THE,163086101,23085571,677990,,
PEDIATRIX MEDICAL GROUP INC,58502B106,23084194,1548235,,
AVANTAX INC,095229100,23061014,876178,,
HOPE BANCORP INC,43940T109,23029334,2345145,,HOPE
GITLAB INC-CL A,37637K108,23014397,671169,,
OFG BANCORP,67103X102,22983266,921542,,OFG
SANDY SPRING BANCORP INC,800363103,22965341,883962,,
GOLAR LNG LTD,G9456A100,22931164,1061628,,GLNG
MEDIFAST INC,58470H101,22918741,221074,,MED
MARATHON DIGITAL HOLDINGS IN,565788106,22895656,2625114,,
ZETA GLOBAL HOLDINGS CORP-A,98956A105,22888880,2113469,,
CLAROS MORTGAGE TRUST INC,18270D106,22864372,1962606,,
IROBOT CORP,462726100,22814876,522797,,
MAGNITE INC,55955D100,22803136,2462541,,
KRISPY KREME INC,50101L106,22788256,1465482,,
PAYCOR HCM INC,70435P102,22751172,857887,,
AVID BIOSERVICES INC,05368M106,22735757,1211927,,
BROWN-FORMAN CORP-CLASS A,115637100,22727565,348634,,
RADIUS GLOBAL INFRASTRUCTU-A,750481103,22702392,1547538,,
DYNAVAX TECHNOLOGIES CORP,268158201,22700101,2313975,,
CAE INC,124765108,22698842,1009963,,CAE
ALPHATEC HOLDINGS INC,02081G201,22696263,1454888,,
DILLARDS INC-CL A,254067101,22684015,73726,,
BEAUTY HEALTH CO/THE,88331L108,22661676,1794273,,
FIRSTSERVICE CORP,33767E202,22586019,161018,,FSV
ADTRAN HOLDINGS INC,00486H105,22550726,1421861,,
HIMS & HERS HEALTH INC,433000106,22529061,2271074,,
PAN AMERICAN SILVER CORP,697900108,22487749,1242943,,PAASF
FUTU HOLDINGS LTD-ADR,36118L106,22470879,438384,,
PROG HOLDINGS INC,74319R101,22453414,943817,,
DIAMOND OFFSHORE DRILLING IN,25271C201,22422798,1862358,,
UNDER ARMOUR INC-CLASS C,904311206,22389047,2624739,,
JOBY AVIATION INC,G65163100,22332557,5145748,,
CERENCE INC,156727109,22319537,794572,,CRNC
MATIV HOLDINGS INC,808541106,22311094,1039175,,
MODEL N INC,607525102,22208762,663542,,
SKYWEST INC,830879102,22200890,1001393,,SKYW
STELLAR BANCORP INC,858927106,22060609,896408,,
MODINE MANUFACTURING CO,607828100,22055561,956857,,MOD
CHINOOK THERAPEUTICS INC,16961L106,21958963,948551,,
NETSTREIT CORP,64119V303,21855610,1195602,,NTST
DIGITAL TURBINE INC,25400W102,21852093,1767968,,
EMPLOYERS HOLDINGS INC,292218104,21844532,523975,,
CRYOPORT INC,229050307,21832640,909693,,
WABASH NATIONAL CORP,929566107,21802732,886650,,WNC
STERLING INFRASTRUCTURE INC,859241101,21793627,575333,,
SAFETY INSURANCE GROUP INC,78648T100,21721313,291483,,SAFT
MATTHEWS INTL CORP-CLASS A,577128101,21715561,602206,,
CONSTRUCTION PARTNERS INC-A,21044C107,21685470,804954,,
OCEANFIRST FINANCIAL CORP,675234108,21630661,1170490,,OCFC
AVID TECHNOLOGY INC,05367P100,21582066,674861,,
COMPASS MINERALS INTERNATION,20451N101,21548671,628424,,
PENNYMAC MORTGAGE INVESTMENT,70931T103,21521888,1745489,,
PHOTRONICS INC,719405102,21514794,1297635,,PLAB
ADT INC,00090Q103,21424329,2963253,,ADT
COEUR MINING INC,192108504,21414841,5367126,,
BUCKLE INC/THE,118440106,21402984,599691,,
HNI CORP,404251100,21402455,768766,,HNI
SQUARESPACE INC - CLASS A,85225A107,21397709,673519,,
BCE INC,05534B760,21388540,433175,,BCPPF
MODIVCARE INC,60783X104,21342278,253833,,
SPRINGWORKS THERAPEUTICS INC,85205L107,21324517,828458,,
PROTAGONIST THERAPEUTICS INC,74366E102,21297847,925993,,
QUALTRICS INTERNATIONAL-CL A,747601201,21295148,1194343,,
NATIONAL BANK HOLD-CL A,633707104,21282713,636064,,
TRAVELCENTERS OF AMERICA INC,89421B109,21264554,245833,,
B&G FOODS INC,05508R106,21248514,1368223,,
COURSERA INC,22266M104,21238752,1843641,,
PROS HOLDINGS INC,74346Y103,21199910,773719,,
COLUMBUS MCKINNON CORP/NY,199333105,21164788,569558,,
NEWMARK GROUP INC-CLASS A,65158N102,21152619,2987657,,
MANNKIND CORP,56400P706,21144061,5157086,,MNKD
GOOSEHEAD INSURANCE INC -A,38267D109,21096630,404150,,
DONNELLEY FINANCIAL SOLUTION,25787G100,21086007,516055,,
FIRST BUSEY CORP,319383204,20989483,1031931,,
FB FINANCIAL CORP,30257X104,20931582,673474,,FBK
MIRION TECHNOLOGIES INC,60471A101,20930387,2450864,,
BERKSHIRE HILLS BANCORP INC,084680107,20892380,833694,,
AVIDXCHANGE HOLDINGS INC,05368X102,20880093,2676934,,
OWENS & MINOR INC,690732102,20875622,1434750,,
HELIX ENERGY SOLUTIONS GROUP,42330P107,20850414,2693851,,
EAGLE BANCORP INC,268948106,20809214,621727,,EGBN
NEXPOINT RESIDENTIAL,65341D102,20776148,475753,,
STEWART INFORMATION SERVICES,860372101,20768562,514710,,
VEECO INSTRUMENTS INC,922417100,20759091,982446,,VECO
E2OPEN PARENT HOLDINGS INC,29788T103,20736545,3562979,,
LEMAITRE VASCULAR INC,525558201,20734810,402852,,LMAT
VICOR CORP,925815102,20715107,441310,,VICR
NEW YORK MORTGAGE TRUST INC,649604840,20562271,2064484,,
AMERICAN ASSETS TRUST INC,024013104,20554393,1105669,,
EXP WORLD HOLDINGS INC,30212W100,20544903,1618983,,
MORPHIC HOLDING INC,61775R105,20490965,544393,,
SAMSARA INC-CL A,79589L106,20431590,1036084,,
LADDER CAPITAL CORP-REIT,505743104,20402377,2158981,,
UTZ BRANDS INC,918090101,20401433,1238702,,
STURM RUGER & CO INC,864159108,20384384,354881,,RGR
PERIMETER SOLUTIONS SA,L7579L106,20346927,2518183,,
REDFIN CORP,75737F108,20323144,2243172,,
NABORS INDUSTRIES LTD,G6359F137,20278997,166344,,NBR
CENTRAL GARDEN & PET CO,153527106,20273060,493742,,CENTA
LAKELAND BANCORP INC,511637100,20252028,1294886,,
NEXTRACKER INC-CL A,65290E101,20233709,558017,,
CORECIVIC INC,21871N101,20226289,2198509,,
SCHOLASTIC CORP,807066105,20206237,590480,,SCHL
JELD-WEN HOLDING INC,47580P103,20132827,1590270,,
REVOLVE GROUP INC,76156B107,20025618,761430,,
AVIDITY BIOSCIENCES INC,05370A108,19986211,1302033,,
HEALTHCARE SERVICES GROUP,421906108,19981450,1440623,,
GATES INDUSTRIAL CORP PLC,G39108108,19962417,1437178,,
DICE THERAPEUTICS INC,23345J104,19938490,695933,,
TELEPHONE AND DATA SYSTEMS,879433829,19915298,1894889,,
VERITEX HOLDINGS INC,923451108,19881549,1088803,,
GREENBRIER COMPANIES INC,393657101,19868846,617620,,GBX
ROCKET PHARMACEUTICALS INC,77313F106,19797815,1155739,,
MFA FINANCIAL INC,55272X607,19789458,1994904,,
MONARCH CASINO & RESORT INC,609027107,19776620,266711,,MCRI
VIRIDIAN THERAPEUTICS INC,92790C104,19744298,776112,,
PIEDMONT LITHIUM INC,72016P105,19739636,328720,,
GFL ENVIRONMENTAL INC-SUB VT,36168Q104,19648093,573624,,
FRONTLINE PLC,M46528101,19620172,1184793,,FRO
ADVANSIX INC,00773T101,19584877,511755,,ASIX
ADAPTIVE BIOTECHNOLOGIES,00650F109,19567112,2215980,,
SOUTHSIDE BANCSHARES INC,84470P109,19556073,589038,,SBSI
CENTRAL GARDEN AND PET CO-A,153527205,19549182,500363,,
PIEDMONT OFFICE REALTY TRU-A,720190206,19493380,2670325,,
AZZ INC,002474104,19473872,472208,,AZZ
CCC INTELLIGENT SOLUTIONS HO,12510Q100,19470686,2170644,,
YEXT INC,98585N106,19449877,2023920,,
URANIUM ENERGY CORP,916896103,19388786,6732215,,UEC
TECHTARGET,87874R100,19385038,536684,,
KANZHUN LTD - ADR,48553T106,19379787,1023353,,
PILGRIM'S PRIDE CORP,72147K108,19307464,832936,,
DAQO NEW ENERGY CORP-ADR,23703Q203,19300335,413705,,
NEXTGEN HEALTHCARE INC,65343C102,19286020,1107755,,
FISKER INC,33813J106,19279197,3139933,,
PERDOCEO EDUCATION CORP,71363P106,19264337,1434425,,PRDO
DINE BRANDS GLOBAL INC,254423106,19237018,284403,,
MOBILEYE GLOBAL INC-A,60741F104,19236948,444579,,
PROASSURANCE CORP,74267C106,19135750,1035484,,
ADAPTHEALTH CORP,00653Q102,19003576,1528847,,AHCO
ASTEC INDUSTRIES INC,046224101,18955008,459515,,ASTE
MONEYGRAM INTERNATIONAL INC,60935Y208,18946383,1818271,,
GILDAN ACTIVEWEAR INC,375916103,18930600,573162,,GIL
BEYOND MEAT INC,08862E109,18929119,1166304,,
NECESSITY RETAIL REIT INC/TH,02607T109,18916737,3012218,,
FRANKLIN BSP REALTY TRUST IN,35243J101,18888860,1583307,,
HESKA CORP,42805E306,18878438,193387,,
KINROSS GOLD CORP,496902404,18806602,4022042,,KGCRF
LIONS GATE ENTERTAINMENT-B,535919500,18788738,1810089,,
ACCOLADE INC,00437E102,18788682,1306584,,
HARMONY BIOSCIENCES HOLDINGS,413197104,18728867,573625,,
ADEIA INC,00676P107,18727760,2113742,,ADEA
BROOKLINE BANCORP INC,11373M107,18713096,1782199,,
UNITI GROUP INC,91325V108,18703518,5268595,,UNIT
A10 NETWORKS INC,002121101,18692717,1206760,,
TALOS ENERGY INC,87484T108,18669793,1258072,,TALO
ARGO GROUP INTERNATIONAL,G0464B107,18662778,637172,,
DRIL-QUIP INC,262037104,18589810,647954,,
IOVANCE BIOTHERAPEUTICS INC,462260100,18570944,3039433,,
AMERISAFE INC,03071H100,18561074,379184,,AMSF
COMMUNITY HEALTHCARE TRUST I,20369C106,18559506,507090,,
COMSTOCK RESOURCES INC,205768302,18491521,1713764,,CRK
GERMAN AMERICAN BANCORP,373865104,18486858,553996,,
JOHN B. SANFILIPPO & SON INC,800422107,18434474,190203,,
VIRGIN GALACTIC HOLDINGS INC,92766K106,18426629,4549783,,
INDIE SEMICONDUCTOR INC-A,45569U101,18422223,1746182,,
LIBERTY MEDIA CORP-LIBERTY-A,531229870,18411573,272763,,
SHENANDOAH TELECOMMUNICATION,82312B106,18368248,965733,,
APOGEE ENTERPRISES INC,037598109,18358414,424472,,
CASSAVA SCIENCES INC,14817C107,18306027,758956,,
RECURSION PHARMACEUTICALS-A,75629V104,18299045,2743484,,
EMPIRE STATE REALTY TRUST-A,292104106,18204612,2805024,,
GINKGO BIOWORKS HOLDINGS INC,37611X100,18202916,13686396,,
GOLDEN ENTERTAINMENT INC,381013101,18188137,418022,,
GEO GROUP INC/THE,36162J106,18178644,2304010,,
MONTROSE ENVIRONMENTAL GROUP,615111101,18103607,507530,,
ICHOR HOLDINGS LTD,G4740B105,18093314,552636,,
CONSTELLIUM SE,F21107101,17997181,1177826,,CSTM
VENTYX BIOSCIENCES INC,92332V107,17994268,537142,,
ZIPRECRUITER INC-A,98980B103,17993539,1128829,,
SONIC AUTOMOTIVE INC-CLASS A,83545G102,17988713,331040,,
ATRION CORPORATION,049904105,17960109,28603,,
GREEN BRICK PARTNERS INC,392709101,17925524,511281,,
CVR ENERGY INC,12662P108,17866488,545042,,CVI
ARCUS BIOSCIENCES INC,03969F109,17841772,978167,,
CENTERSPACE,15202L107,17786872,325588,,CSR
BRANDYWINE REALTY TRUST,105368203,17774828,3757889,,BDN
SSR MINING INC,784730103,17655393,1167632,,SSRGF
QIFU TECHNOLOGY INC,88557W101,17599164,910442,,
UNITIL CORP,913259107,17596611,308496,,UTL
GOGO INC,38046C109,17567001,1211517,,GOGO
GERON CORP,374163103,17537620,8081850,,GERN
LIONS GATE ENTERTAINMENT-A,535919401,17521208,1582765,,
CAPITOL FEDERAL FINANCIAL IN,14057J101,17512988,2602226,,
TREACE MEDICAL CONCEPTS INC,89455T109,17488493,694263,,
FRESH DEL MONTE PRODUCE INC,G36738105,17485038,580705,,
MESA LABORATORIES INC,59064R109,17479989,100040,,
WINMARK CORP,974250102,17473047,54530,,WINA
RPT REALTY,74971D101,17465549,1836545,,
ROCKET LAB USA INC,773122106,17455251,4320605,,
GRAFTECH INTERNATIONAL LTD,384313508,17424773,3585343,,EAF
PLYMOUTH INDUSTRIAL REIT INC,729640102,17420932,829173,,
OVERSTOCK.COM INC,690370101,17417937,859296,,
PLAYTIKA HOLDING CORP,72815L107,17413845,1546522,,PLTK
ARMADA HOFFLER PROPERTIES IN,04208T108,17383643,1471942,,
UFP TECHNOLOGIES INC,902673102,17380512,133861,,UFPT
ARCELLX INC,03940C100,17303030,561604,,
PAR TECHNOLOGY CORP/DEL,698884103,17247616,507880,,
SPARTANNASH CO,847215100,17216838,694227,,
PROTO LABS INC,743713109,17215038,519307,,PRLB
CYTEK BIOSCIENCES INC,23285D109,17180435,1869470,,
LEGALZOOMCOM INC,52466B103,17150567,1828418,,
FIRST ADVANTAGE CORP,31846B108,17130618,1227121,,FA
PARAMOUNT GROUP INC,69924R108,17116462,3753608,,
CREDO TECHNOLOGY GROUP HOLDI,G25457105,17083336,1813517,,
INTERNATIONAL MONEY EXPRESS,46005L101,17061187,661799,,
US SILICA HOLDINGS INC,90346E103,17001816,1423937,,
OUTSET MEDICAL INC,690145107,16939064,920601,,
PACWEST BANCORP,695263103,16902408,1737143,,
AMERICAN WOODMARK CORP,030506109,16889425,324360,,
PROCEPT BIOROBOTICS CORP,74276L105,16866145,593878,,PRCT
TOMPKINS FINANCIAL CORP,890110109,16857794,254611,,TMP
COMPASS INC - CLASS A,20464U100,16831142,5210878,,
GULFPORT ENERGY CORP,402635502,16798160,209977,,GPOR
IQIYI INC-ADR,46267X108,16789288,2318172,,
UMH PROPERTIES INC,903002103,16782218,1134700,,
LEVI STRAUSS & CO- CLASS A,52736R102,16759927,919359,,
N-ABLE INC,62878D100,16740038,1268184,,
READY CAPITAL CORP,75574U101,16736501,1645673,,RC-PC
TWIST BIOSCIENCE CORP,90184D100,16693685,1107008,,TWST
COREBRIDGE FINANCIAL INC,21871X109,16661574,1040048,,
PURECYCLE TECHNOLOGIES INC,74623V103,16633645,2376234,,
MARCUS & MILLICHAP INC,566324109,16610867,517311,,
AMERICAN AXLE & MFG HOLDINGS,024061103,16610766,2126858,,
DECIPHERA PHARMACEUTICALS IN,24344T101,16471312,1066104,,
MERCURY GENERAL CORP,589400100,16404988,516855,,MCY
ABCELLERA BIOLOGICS INC,00288U106,16403631,2175548,,ABCL
UPSTART HOLDINGS INC,91680M107,16353707,1029182,,
SMART GLOBAL HOLDINGS INC,G8232Y101,16309356,946018,,
IMMUNOVANT INC,45258J102,16265621,1048718,,
BIOHAVEN LTD,G1110E107,16262152,1190494,,BHVN
HAWKINS INC,420261109,16246232,371088,,HWKN
HAYWARD HOLDINGS INC,421298100,16181073,1380637,,
ORIGIN BANCORP INC,68621T102,16177055,503174,,
ARMOUR RESIDENTIAL REIT INC,042315507,16108346,3068255,,
ICON PLC,G4705A100,16039541,75095,,ICLR
NETEASE INC-ADR,64110W102,16026477,180839,,
BENCHMARK ELECTRONICS INC,08160H101,16017385,676124,,BHE
TOOTSIE ROLL INDS,890516107,16016987,356646,,
ENANTA PHARMACEUTICALS INC,29251M106,15976887,395076,,ENTA
SUMMIT HOTEL PROPERTIES INC,866082100,15955380,2279339,,
POWERSCHOOL HOLDINGS INC-A,73939C106,15952748,804881,,
IONQ INC,46222L108,15934836,2591029,,
CARDIOVASCULAR SYSTEMS INC,141619106,15924232,801824,,
CIMPRESS PLC,G2143T103,15901636,362885,,CMPR
SCHNITZER STEEL INDS INC-A,806882106,15891426,510978,,
ENACT HOLDINGS INC,29249E109,15890245,695111,,
NICE LTD - SPON ADR,653656108,15880388,69380,,
QUINSTREET INC,74874Q100,15856325,999138,,
FLUENCE ENERGY INC,34379V103,15788648,779686,,
JAMF HOLDING CORP,47074L105,15784485,812795,,
ECOVYST INC,27923Q109,15758711,1426127,,ECVT
CROSS COUNTRY HEALTHCARE INC,227483104,15754602,705851,,
KURA ONCOLOGY INC,50127T109,15734392,1286540,,
SCHNEIDER NATIONAL INC-CL B,80689H102,15718897,587622,,
KEROS THERAPEUTICS INC,492327101,15715564,368046,,
THERMON GROUP HOLDINGS INC,88362T103,15699359,629990,,
GREEN DOT CORP-CLASS A,39304D102,15612087,908546,,
NICOLET BANKSHARES INC,65406E102,15608910,247564,,NIC
CORSAIR GAMING INC,22041X102,15535538,846623,,
IMMUNOGEN INC,45253H101,15511287,4039396,,
CAMPING WORLD HOLDINGS INC-A,13462K109,15503085,742840,,
TPG INC,872657101,15488186,528066,,TPGXL
LEGEND BIOTECH CORP-ADR,52490G102,15445451,321968,,
INFOSYS LTD-SP ADR,456788108,15431295,884822,,
COLLEGIUM PHARMACEUTICAL INC,19459J104,15430088,643188,,
ZENTALIS PHARMACEUTICALS INC,98943L107,15409916,895925,,
OLO INC - CLASS A,68134L109,15404995,1887866,,
JAMES RIVER GROUP HOLDINGS L,G5005R107,15398547,745692,,
HEARTLAND EXPRESS INC,422347104,15394937,967018,,HTLD
ZAI LAB LTD-ADR,98887Q104,15356545,464133,,
CRINETICS PHARMACEUTICALS IN,22663K107,15335057,954860,,
FORGEROCK INC-A,34631B101,15330012,744175,,
PORTILLO'S INC-CL A,73642K106,15317061,716755,,
RANGER OIL CORP-A,70788V102,15272771,373966,,
STEM INC,85859N102,15206208,2681870,,
CHASE CORP,16150R104,15150974,144667,,
SCANSOURCE INC,806037107,15035848,493950,,
LIVE OAK BANCSHARES INC,53803X105,15011270,615973,,
GLOBALSTAR INC,378973408,14970803,12905858,,
LIFE TIME GROUP HOLDINGS INC,53190C102,14935118,935784,,
PREMIER FINANCIAL CORP,74052F108,14906971,719101,,
SHYFT GROUP INC/THE,825698103,14899324,654915,,
MRC GLOBAL INC,55345K103,14888373,1531725,,
BP PLC-SPONS ADR,055622104,14874073,392042,,
ELLINGTON FINANCIAL INC,28852N109,14815068,1213355,,EFC-PC
TIMKENSTEEL CORP,887399103,14812600,807666,,
DIME COMMUNITY BANCSHARES IN,25432X102,14771756,650165,,
CLEAN ENERGY FUELS CORP,184499101,14721519,3376494,,CLNE
NATIONAL HEALTHCARE CORP,635906100,14713834,253381,,NHC
JANUS INTERNATIONAL GROUP IN,47103N106,14707380,1491620,,
MYERS INDUSTRIES INC,628464109,14684636,685237,,MYE
HERITAGE FINANCIAL CORP,42722X106,14678096,685892,,
TTEC HOLDINGS INC,89854H102,14662290,393830,,
CRA INTERNATIONAL INC,12618T105,14643788,135817,,
WEST FRASER TIMBER CO LTD,952845105,14636860,199812,,
FIGS INC-CLASS A,30260D103,14635475,2364373,,
CNA FINANCIAL CORP,126117100,14626701,374755,,CNA
REPLIMUNE GROUP INC,76029N106,14609135,827244,,
SIMULATIONS PLUS INC,829214105,14565011,331475,,
AURINIA PHARMACEUTICALS INC,05156V102,14564239,1328854,,AUPH
UBIQUITI INC,90353W103,14562040,53598,,UI
REDWOOD TRUST INC,758075402,14543925,2157851,,RWTS
LENDINGCLUB CORP,52603A208,14534247,2015845,,
STEELCASE INC-CL A,858155203,14522392,1724749,,
VICTORY CAPITAL HOLDING - A,92645B103,14486523,494927,,
ONESPAWORLD HOLDINGS LTD,P73684113,14482965,1207920,,OSW
BIOLIFE SOLUTIONS INC,09062W204,14470630,665316,,BLFS
FRANCHISE GROUP INC,35180X105,14468342,530948,,
OSCAR HEALTH INC - CLASS A,687793109,14467391,2212139,,
OPEN LENDING CORP -  CL A,68373J104,14441276,2051317,,
REGENXBIO INC,75901B107,14386677,760797,,RGNX
VIKING THERAPEUTICS INC,92686J106,14372824,863232,,
ROCKET COS INC-CLASS A,77311W101,14365886,1585638,,
HIBBETT INC,428567101,14365286,243562,,
MASTERBRAND INC,57638P104,14334934,1782951,,
PEOPLES BANCORP INC,709789101,14331660,556569,,PEBO
THRYV HOLDINGS INC,886029206,14307239,620435,,
1ST SOURCE CORP,336901103,14291510,331205,,SRCE
TRIUMPH GROUP INC,896818101,14291053,1233050,,
UNIVERSAL HEALTH RLTY INCOME,91359E105,14240175,295992,,
LIBERTY BROADBAND-A,530307107,14235120,173345,,
COGENT BIOSCIENCES INC,19240Q201,14224550,1318308,,
SUNCOKE ENERGY INC,86722A103,14223114,1583865,,
PREFERRED BANK/LOS ANGELES,740367404,14215631,259362,,
BORR DRILLING LTD,G1466R173,14177131,1870334,,BORR
TEXTAINER GROUP HOLDINGS LTD,G8766E109,14156046,440861,,
NOVAGOLD RESOURCES INC,66987E206,14135843,2273014,,NG
HUDSON PACIFIC PROPERTIES IN,444097109,14130776,2124927,,
USANA HEALTH SCIENCES INC,90328M107,14117213,224439,,USNA
OPENDOOR TECHNOLOGIES INC,683712103,14110423,8017282,,OPENZ
VITAL ENERGY INC,516806205,14086159,309314,,
INTAPP INC,45827U109,14073930,313870,,
DHT HOLDINGS INC,Y2065G121,14061539,1300790,,
INNOVIVA INC,45781M101,14019686,1246194,,
CALERES INC,129500104,14012505,647827,,CAL
VAREX IMAGING CORP,92214X106,14004723,769913,,VREX
RYERSON HOLDING CORP,783754104,13955186,383595,,RYZ
BRIGHTSPHERE INVESTMENT GROU,10948W103,13951846,591681,,
QCR HOLDINGS INC,74727A104,13947133,317630,,QCRH
WARBY PARKER INC-CLASS A,93403J106,13943256,1316643,,
SINCLAIR BROADCAST GROUP -A,829226109,13900755,810067,,
DUCKHORN PORTFOLIO INC/THE,26414D106,13888194,873471,,
DOCGO INC,256086109,13867218,1603146,,DCGO
TRINSEO PLC,G9059U107,13857084,664608,,TSEOQ
ORTHOPEDIATRICS CORP,68752L100,13853823,312798,,KIDS
COLUMBIA FINANCIAL INC,197641103,13799614,754902,,
SIRIUSPOINT LTD,G8192H106,13797171,1697068,,SPNT
WASTE CONNECTIONS INC,94106B101,13781042,95495,,
SUN COUNTRY AIRLINES HOLDING,866683105,13720267,669281,,
STANDARD MOTOR PRODS,853666105,13707488,371376,,
GRAY TELEVISION INC,389375106,13669239,1567573,,
LIFESTANCE HEALTH GROUP INC,53228F101,13613711,1832262,,
ICAHN ENTERPRISES LP,451100101,13612450,263246,,
SEABOARD CORP,811543107,13605966,3609,,
SOVOS BRANDS INC,84612U107,13591120,814815,,
PLANET LABS PBC,72703X106,13586633,3457157,,PL
QUANEX BUILDING PRODUCTS,747619104,13581411,630813,,
KOPPERS HOLDINGS INC,50060P106,13559979,387760,,KOP
DIVERSEY HOLDINGS LTD,G28923103,13544987,1674287,,
ECHOSTAR CORP-A,278768106,13541099,740355,,
DOUGLAS DYNAMICS INC,25960R105,13523635,424071,,
CARVANA CO,146869102,13516168,1380609,,CVNA
FIRST BANCSHARES INC/MS,318916103,13504191,522810,,
CEVA INC,157210105,13493585,443430,,CEVA
PLAYA HOTELS & RESORTS NV,N70544106,13462838,1402378,,
G-III APPAREL GROUP LTD,36237H101,13428736,863584,,
STAGWELL INC,85256A109,13425716,1809395,,STGW
NATIONAL RESEARCH CORP,637372202,13420050,308436,,
OFFICE PROPERTIES INCOME TRU,67623C109,13416910,1090805,,
UNIVEST FINANCIAL CORP,915271100,13404229,564626,,UVSP
ADMA BIOLOGICS INC,000899104,13393093,4046250,,
WISDOMTREE INC,97717P104,13368535,2281319,,
DELUXE CORP,248019101,13357797,834862,,DLX
TAL EDUCATION GROUP- ADR,874080104,13319985,2090332,,
BJ'S RESTAURANTS INC,09180C106,13282517,455817,,
AMPLITUDE INC-CLASS A,03213A104,13280065,1067529,,
SP PLUS CORP,78469C103,13182241,384434,,
SLEEP NUMBER CORP,83125X103,13160778,432778,,SNBRQ
ARKO CORP,041242108,13126352,1546095,,ARKO
HEALTHSTREAM INC,42222N103,13087412,482930,,HSTM
ASSETMARK FINANCIAL HOLDINGS,04546L106,13084594,416044,,
RCI HOSPITALITY HOLDINGS INC,74934Q108,13082296,167357,,
TFS FINANCIAL CORP,87240R107,13057685,1033862,,TFSL
CBL & ASSOCIATES PROPERTIES,124830878,13004463,507194,,
AMBAC FINANCIAL GROUP INC,023139884,12971161,837930,,
ETHAN ALLEN INTERIORS INC,297602104,12918621,470452,,ETD
BARRETT BUSINESS SVCS INC,068463108,12895790,145485,,
ONESPAN INC,68287N100,12880513,736029,,OSPN
BANC OF CALIFORNIA INC,05990K106,12874203,1027470,,
THERAVANCE BIOPHARMA INC,G8807B106,12868205,1186009,,
EVENTBRITE INC-CLASS A,29975E109,12848641,1497510,,
CHICO'S FAS INC,168615102,12840910,2334710,,
CONNECTONE BANCORP INC,20786W107,12792847,723577,,
BANK OF N.T. BUTTERFIELD&SON,G0772R208,12787902,473626,,
VERVE THERAPEUTICS INC,92539P101,12772822,885771,,
CHUY'S HOLDINGS INC,171604101,12763150,356015,,
A-MARK PRECIOUS METALS INC,00181T107,12696730,366428,,
PROPETRO HOLDING CORP,74347M108,12694355,1765556,,PUMP
KKR REAL ESTATE FINANCE TRUS,48251K100,12693980,1114484,,
GOLDEN OCEAN GROUP LTD,G39637205,12669634,1330844,,
FULGENT GENETICS INC,359664109,12633621,404664,,
HEALTH CATALYST INC,42225T107,12618203,1081251,,
KAMAN CORP,483548103,12594816,550954,,
GOPRO INC-CLASS A,38268T103,12590542,2503089,,
SANOFI-ADR,80105N105,12570421,230989,,
ANTERIX INC,03676C100,12543581,379648,,ATEX
NUVALENT INC-A,670703107,12533201,480383,,
BRAZE INC-A,10576N102,12513315,361970,,
XPONENTIAL FITNESS INC-A,98422X101,12472329,410409,,
HEIDRICK & STRUGGLES INTL,422819102,12467648,410660,,
ANAVEX LIFE SCIENCES CORP,032797300,12451170,1452878,,AVXL
BRIGHTSPIRE CAPITAL INC,10949T109,12448286,2109878,,
GLOBAL MEDICAL REIT INC,37954A204,12439347,1365460,,
GRID DYNAMICS HOLDINGS INC,39813G109,12416673,1083479,,
LEMONADE INC,52567D107,12393428,869104,,
HAYNES INTERNATIONAL INC,420877201,12328050,246118,,
UDEMY INC,902685106,12322553,1395532,,
TRANSCAT INC,893529107,12317316,137793,,TRNS
AUTOHOME INC-ADR,05278C107,12281280,368992,,
OPKO HEALTH INC,68375N103,12279549,8410646,,
YORK WATER CO,987184108,12261835,274314,,YORW
MATTERPORT INC,577096100,12230072,4476815,,
23ANDME HOLDING CO -CLASS A,90138Q108,12227188,5362799,,
DENNY'S CORP,24869P104,12186489,1091979,,
DYNEX CAPITAL INC,26817Q886,12159260,1003239,,DX-PC
ANYWHERE REAL ESTATE INC,75605Y106,12130858,2297510,,
TRUSTCO BANK CORP NY,898349204,12126702,379671,,
BROADMARK REALTY CAPITAL INC,11135B100,12122285,2579208,,
SI-BONE INC,825704109,12047960,612504,,
PITNEY BOWES INC,724479100,12010952,3087647,,
TITAN MACHINERY INC,88830R101,12001593,394141,,TITN
INTEGRAL AD SCIENCE HOLDING,45828L108,11991785,840349,,
ROIVANT SCIENCES LTD,G76279101,11966257,1621443,,ROIV
GLADSTONE LAND CORP,376549101,11949561,717691,,LANDO
CONSENSUS CLOUD SOLUTION,20848V105,11935283,350111,,
TELLURIAN INC,87968A104,11927462,9697120,,
LSB INDUSTRIES INC,502160104,11895019,1151502,,
MARINEMAX INC,567908108,11874795,413036,,HZO
PUBMATIC INC-CLASS A,74467Q103,11848996,857380,,
IDEAYA BIOSCIENCES INC,45166A102,11806898,859934,,
CASS INFORMATION SYSTEMS INC,14808P109,11733501,270919,,CASS
BALLY'S CORP,05875B106,11703632,599571,,BALY
GORMAN-RUPP CO,383082104,11652608,466104,,
COMMUNITY HEALTH SYSTEMS INC,203668108,11651935,2377945,,CYH
BRP INC/CA- SUB VOTING,05577W200,11645583,147145,,
ALPHA & OMEGA SEMICONDUCTOR,G6331P104,11637872,431832,,AOSL
IDT CORP-CLASS B,448947507,11636968,341460,,
WASHINGTON TRUST BANCORP,940610108,11631145,335578,,
ENGAGESMART INC,29283F103,11626564,603977,,
SWEETGREEN INC - CLASS A,87043Q108,11610073,1480876,,
DUCOMMUN INC,264147109,11594909,211934,,
ENVIVA INC,29415B103,11558161,400213,,
BLUELINX HOLDINGS INC,09624H208,11548374,169929,,BXC
DORIAN LPG LTD,Y2106R110,11540182,578745,,LPG
KIMBALL ELECTRONICS INC,49428J109,11528845,478375,,
KELLY SERVICES INC -A,488152208,11519819,694383,,
CLEARFIELD INC,18482P103,11516625,247244,,
COMMUNITY TRUST BANCORP INC,204149108,11507502,303228,,
INHIBRX INC,45720L107,11507253,609817,,
POINT BIOPHARMA GLOBAL INC,730541109,11497037,1581435,,
AMERANT BANCORP INC,023576101,11472423,527225,,AMTB
CRH PLC-SPONSORED ADR,12626K203,11462689,225333,,
COPA HOLDINGS SA-CLASS A,P31076105,11459896,124092,,
PLIANT THERAPEUTICS INC,729139105,11443834,430219,,
AMERICAN VANGUARD CORP,030371108,11440840,522890,,AVD
MANITOWOC COMPANY INC,563571405,11422380,668366,,
MERCHANTS BANCORP/IN,58844R108,11421882,438628,,
UNITED FIRE GROUP INC,910340108,11415394,429958,,UFCS
ORTHOFIX MEDICAL INC,68752M108,11409486,681163,,OFIX
KINETIK HOLDINGS INC,02215L209,11408328,364483,,KNTK
LIGHTWAVE LOGIC INC,532275104,11399046,2179549,,
OLD SECOND BANCORP INC,680277100,11393160,810324,,OSBC
PARAGON 28 INC,69913P105,11379499,666637,,
CIRCOR INTERNATIONAL INC,17273K109,11344609,364544,,
RPC INC,749660106,11338349,1474427,,RES
COMPASS DIVERSIFIED HOLDINGS,20451Q104,11328292,593726,,CODI-PA
CVENT HOLDING CORP,126677103,11328195,1355047,,
VIMEO INC,92719V100,11292539,2948442,,
PETCO HEALTH AND WELLNESS CO,71601V105,11288850,1254316,,
NATIONAL WESTERN LIFE GROU-A,638517102,11286439,46519,,
MASTERCRAFT BOAT HOLDINGS IN,57637H103,11278210,370628,,
BIGCOMMERCE HOLDINGS-SER 1,08975P108,11260383,1259550,,
ALIGNMENT HEALTHCARE INC,01625V104,11250863,1769003,,
VERTEX ENERGY INC,92534K107,11242336,1137888,,
ARCTURUS THERAPEUTICS HOLDIN,03969T109,11220740,468116,,
ENNIS INC,293389102,11204871,531288,,
CONDUENT INC,206787103,11186718,3261432,,CNDT
URSTADT BIDDLE - CLASS A,917286205,11183849,636531,,
EVGO INC,30052F100,11183269,1435593,,EVGO
HERITAGE-CRYSTAL CLEAN INC,42726M106,11174168,313793,,
FLEX LTD,Y2573F102,11146412,484416,,FLEX
GUESS INC,401617105,11140175,572465,,
GENCO SHIPPING & TRADING LTD,Y2685T131,11107158,709269,,GNK
HANMI FINANCIAL CORPORATION,410495204,11095098,597474,,HAFC
DESKTOP METAL INC-A,25058X105,11084346,4819279,,
NUVEI CORP-SUBORDINATE VTG,67079A102,11045038,254782,,
I3 VERTICALS INC-CLASS A,46571Y107,11043537,450205,,
BERRY CORP,08579X101,11043019,1406753,,
CASTLE BIOSCIENCES INC,14843C105,11018162,484954,,CSTL
PC CONNECTION INC,69318J100,11002925,244727,,CNXN
GLADSTONE COMMERCIAL CORP,376536108,10967669,868382,,GOODO
SMITH & WESSON BRANDS INC,831754106,10954070,889851,,
TRUEBLUE INC,89785X101,10947077,615004,,
RESOURCES CONNECTION INC,76122Q105,10932958,640853,,
EW SCRIPPS CO/THE-A,811054402,10926870,1161197,,
CUSTOMERS BANCORP INC,23204G100,10897267,588405,,
2U INC,90214J101,10782603,1574102,,
CHATHAM LODGING TRUST,16208T102,10742046,1024027,,CLDT-PA
B. RILEY FINANCIAL INC,05580M108,10735650,378149,,
WIDEOPENWEST INC,96758W101,10720007,1008467,,
AMERICAN WELL CORP-CLASS A,03044L105,10703092,4535206,,
CLEARWATER PAPER CORP,18538R103,10655933,318849,,CLW
LENNAR CORP - B SHS,526057302,10646377,119207,,
HARBORONE BANCORP INC,41165Y100,10619791,870474,,
VODAFONE GROUP PLC-SP ADR,92857W308,10588530,959106,,
REPAY HOLDINGS CORP,76029L100,10562237,1607238,,RPAY
BROOKDALE SENIOR LIVING INC,112463104,10556619,3578513,,BKD
EDITAS MEDICINE INC,28106W103,10521596,1451254,,
VIZIO HOLDING  CORP-A,92858V101,10520990,1146077,,
SAUL CENTERS INC,804395101,10518001,269692,,
BIONTECH SE-ADR,09075V102,10502745,84312,,
BANK FIRST CORP,06211J100,10499792,142699,,BFC
TPI COMPOSITES INC,87266J104,10489203,803770,,
KEARNY FINANCIAL CORP/MD,48716P108,10485559,1291324,,
SFL CORP LTD,G7738W106,10419239,1096762,,SFL
FARMLAND PARTNERS INC,31154R109,10380030,970096,,FPI
HARSCO CORP,415864107,10351586,1515605,,
ARGAN INC,04010E109,10322885,255075,,AGX
ALTICE USA INC- A,02156K103,10314236,3015857,,
NETGEAR INC,64111Q104,10277943,555264,,
SELECT ENERGY SERVICES INC-A,81617J301,10256414,1473622,,
HYSTER-YALE MATERIALS,449172105,10235931,205170,,
CAMDEN NATIONAL CORP,133034108,10235413,282824,,CAC
ACM RESEARCH INC-CLASS A,00108J109,10224563,873894,,
CENTURY ALUMINUM COMPANY,156431108,10167373,1016737,,
TEEKAY TANKERS LTD-CLASS A,Y8565N300,10156465,236582,,
OIL STATES INTERNATIONAL INC,678026105,10147553,1218193,,
DIAMOND HILL INVESTMENT GRP,25264R207,10091551,61317,,
MONTAUK RENEWABLES INC,61218C103,10080523,1280879,,
EAGLE BULK SHIPPING INC,Y2187A150,10072471,221373,,
CERUS CORP,157085101,10057708,3386432,,CERS
MIRUM PHARMACEUTICALS INC,604749101,10045508,418214,,
VITA COCO CO INC/THE,92846Q107,10007521,510067,,
ARLO TECHNOLOGIES INC,04206A101,9995247,1649380,,
BRISTOW GROUP INC,11040G103,9989265,445949,,VTOL
OLYMPIC STEEL INC,68162K106,9978897,191130,,
BOWLERO CORP,10258P102,9976640,588592,,
EARTHSTONE ENERGY INC - A,27032D304,9962021,765720,,
INSTEEL INDUSTRIES INC,45774W108,9951714,357718,,IIIN
FIRST MID BANCSHARES INC,320866106,9949708,365529,,
NORTHFIELD BANCORP INC,66611T108,9942677,844030,,
EUROPEAN WAX CENTER INC-A,29882P106,9941376,523230,,
4D MOLECULAR THERAPEUTICS IN,35104E100,9934485,577922,,
TITAN INTERNATIONAL INC,88830M102,9900952,944747,,TWI
AMC NETWORKS INC-A,00164V103,9900886,563190,,
VISHAY PRECISION GROUP,92835K103,9896869,236994,,
HERITAGE COMMERCE CORP,426927109,9896653,1188073,,
CROSSFIRST BANKSHARES INC,22766M109,9849174,939806,,
RUTH'S HOSPITALITY GROUP INC,783332109,9825356,598377,,
CLEARWATER ANALYTICS HDS-A,185123106,9813011,614850,,
ALLIED MOTION TECHNOLOGIES,019330109,9805079,253689,,
VIEWRAY INC,92672L107,9778155,2826055,,
LI AUTO INC - ADR,50202M102,9750185,390789,,
ANI PHARMACEUTICALS INC,00182C103,9735570,245105,,ANIP
BOSTON OMAHA CORP-CL A,101044105,9702175,409893,,
RAPT THERAPEUTICS INC,75382E109,9698990,528555,,
BEIGENE LTD-ADR,07725L102,9679021,44908,,
CLEAR CHANNEL OUTDOOR HOLDIN,18453H106,9670191,8058489,,
BYLINE BANCORP INC,124411109,9642981,446021,,
CHILDREN'S PLACE INC/THE,168905107,9639875,239500,,
CALAVO GROWERS INC,128246105,9617274,334281,,
ARES COMMERCIAL REAL ESTATE,04013V108,9615114,1057768,,
ARTIVION INC,228903100,9607164,733371,,
PEAPACK GLADSTONE FINL CORP,704699107,9594787,323929,,
ENHABIT INC,29332G102,9518784,684312,,
XOMETRY INC-A,98423F109,9492192,634081,,
GREAT SOUTHERN BANCORP INC,390905107,9487093,187196,,
ACCO BRANDS CORP,00081T108,9478569,1781685,,ACCO
ARDELYX INC,039697107,9475455,1978173,,
CORE LABORATORIES N.V.,N22717107,9451387,428634,,
STONERIDGE INC,86183P102,9395989,502459,,SRI
ACCEL ENTERTAINMENT INC,00436Q106,9384281,1030107,,
ORIGIN MATERIALS INC,68622D106,9365339,2193287,,
CENTRAL PACIFIC FINANCIAL CO,154760409,9352416,522481,,
LUFAX HOLDING LTD-ADR,54975P102,9341225,4597739,,
VSE CORP,918284100,9335832,207925,,VSECU
HAVERTY FURNITURE,419596101,9291585,291181,,
CAREDX INC,14167L103,9291087,1016530,,
EMERGENT BIOSOLUTIONS INC,29089Q105,9287267,896454,,EBS
UNIVERSAL INSURANCE HOLDINGS,91359V107,9278504,509248,,
SERES THERAPEUTICS INC,81750R102,9273342,1635509,,
AVEPOINT INC,053604104,9257281,2246913,,
FRANKLIN COVEY CO,353469109,9246649,240360,,FC
FLEX LNG LTD,G35947202,9239839,275159,,FLNG
MISSION PRODUCE INC,60510V108,9207742,828779,,
HAWAIIAN HOLDINGS INC,419879101,9199037,1004261,,
FATE THERAPEUTICS INC,31189P102,9191763,1612589,,FATE
NERDWALLET INC-CL A,64082B102,9153436,565725,,
AGILITI INC,00848J104,9128500,571245,,
AMERICA'S CAR-MART INC,03062T105,9120793,115147,,
MIDLAND STATES BANCORP INC,597742105,9107770,425199,,
NLIGHT INC,65487K100,9078934,891840,,
ALEXANDER'S INC,014752109,9074668,46837,,
CAMBRIDGE BANCORP,132152109,9066789,139898,,
MISTER CAR WASH INC,60646V105,9059246,1050956,,
FARO TECHNOLOGIES INC,311642102,9056660,368007,,
ARGENX SE - ADR,04016X101,9050340,24291,,
HACKETT GROUP INC/THE,404609109,9040305,489194,,
8X8 INC,282914100,9025794,2164458,,
ACLARIS THERAPEUTICS INC,00461U105,9016890,1114572,,
VAALCO ENERGY INC,91851C201,9015243,1990119,,
XPERI INC,98423J101,9012051,824524,,XPER
TPG RE FINANCE TRUST INC,87266M107,9011068,1241193,,
RUMBLE INC,78137L105,9001017,900101,,
MERCANTILE BANK CORP,587376104,8965363,293177,,MBWM
INTERFACE INC,458665304,8958035,1103206,,TILE
COHERUS BIOSCIENCES INC,19249H103,8949250,1308370,,
THOUGHTWORKS HOLDING INC,88546E105,8945886,1215473,,
ALKAMI TECHNOLOGY INC,01644J108,8938369,706032,,
W&T OFFSHORE INC,92922P106,8936024,1759060,,WTI
SHOE CARNIVAL INC,824889109,8902627,347081,,
ARCUTIS BIOTHERAPEUTICS INC,03969K108,8892040,808367,,
DUTCH BROS INC-CLASS A,26701L100,8881525,280794,,
ROVER GROUP INC,77936F103,8866215,1957221,,
U-HAUL HOLDING CO,023586100,8860470,148541,,
RYANAIR HOLDINGS PLC-SP ADR,783513203,8859111,93956,,
STITCH FIX INC-CLASS A,860897107,8842022,1730337,,
BEAZER HOMES USA INC,07556Q881,8840777,556724,,BZH
KIMBALL INTERNATIONAL-B,494274103,8837955,712738,,
IHEARTMEDIA INC - CLASS A,45174J509,8817237,2260829,,
GENESCO INC,371532102,8793814,238444,,GCO
LUXFER HOLDINGS PLC,G5698W116,8776649,519328,,LXFR
FARMERS NATL BANC CORP,309627107,8746416,691963,,
V2X INC,92242T101,8743801,220136,,
COMPUTER PROGRAMS & SYSTEMS,205306103,8728615,289027,,
HORIZON BANCORP INC/IN,440407104,8715283,788000,,
NOVAVAX INC,670002401,8680897,1252654,,NVAX
INFORMATICA INC - CLASS A,45674M101,8677048,529088,,
EZCORP INC-CL A,302301106,8670935,1008248,,
ANAPTYSBIO INC,032724106,8669322,398406,,
ATN INTERNATIONAL INC,00215F107,8658958,211607,,
ALLOGENE THERAPEUTICS INC,019770106,8641270,1749244,,
MICROVISION INC,594960304,8640998,3236329,,
SHARECARE INC,81948W104,8624232,6073401,,
ARTESIAN RESOURCES CORP-CL A,043113208,8605601,155448,,
MOVADO GROUP INC,624580106,8603668,299050,,MOVAA
WHITESTONE REIT,966084204,8585798,933239,,
AMERICAN SOFTWARE INC-CL A,029683109,8526201,676146,,
CTI BIOPHARMA CORP,12648L601,8525080,2029780,,
ORASURE TECHNOLOGIES INC,68554V108,8516633,1407708,,OSUR
DOMO INC - CLASS B,257554105,8514610,600043,,
EQRX INC,26886C107,8507189,4385148,,
NANOSTRING TECHNOLOGIES INC,63009R109,8483220,856891,,
DESIGNER BRANDS INC-CLASS A,250565108,8482429,970529,,
INSTRUCTURE HOLDINGS INC,457790103,8472261,327114,,
ORION OFFICE REIT INC,68629Y103,8450804,1261313,,
SANDRIDGE ENERGY INC,80007P869,8445513,586087,,SD
RHYTHM PHARMACEUTICALS INC,76243J105,8434062,472761,,
RMR GROUP INC/THE - A,74967R106,8425375,321089,,
REX AMERICAN RESOURCES CORP,761624105,8411159,294199,,REX
PETROLEO BRASIL-SP PREF  ADR,71654V101,8407522,905983,,
MBIA INC,55262C100,8405246,907694,,MBI
VITAL FARMS INC,92847W103,8399439,548983,,
AGENUS INC,00847G705,8399211,5525794,,AGEN
NIKOLA CORP,654110105,8392929,6936302,,
MACROGENICS INC,556099109,8343700,1163696,,MGNX
UNIQURE NV,N90064101,8336174,413911,,
IMAX CORP,45245E109,8330257,434320,,IMAX
CRESCENT ENERGY INC-A,44952J104,8326618,736217,,
ONE LIBERTY PROPERTIES INC,682406103,8323620,363001,,OLP
MAXCYTE INC,57777K106,8312911,1679376,,
NURIX THERAPEUTICS INC,67080M103,8264542,930691,,
DXP ENTERPRISES INC,233377407,8262915,306943,,DXPE
ENERGY FUELS INC,292671708,8242643,1477168,,UUUU
JOYY INC-ADR,46591M109,8217031,264816,,
ANIKA THERAPEUTICS INC,035255108,8175588,284665,,
MITEK SYSTEMS INC,606710200,8175286,852480,,MITK
FRONTIER GROUP HOLDINGS INC,35909R108,8173271,830617,,
CIA DE MINAS BUENAVENTUR-ADR,204448104,8170109,1004800,,
OMEGA FLEX INC,682095104,8170000,73313,,
FLUSHING FINANCIAL CORP,343873105,8169528,548658,,
FIRST FINANCIAL CORP/INDIANA,320218100,8169478,217969,,
VIAD CORP,92552R406,8140729,390630,,
LOVESAC CO/THE,54738L109,8108675,280577,,
TECNOGLASS INC,G87264100,8091692,192843,,
INTERCEPT PHARMACEUTICALS IN,45845P108,8049114,599338,,
FRP HOLDINGS INC,30292L107,7984025,137941,,
DMC GLOBAL INC,23291C103,7954392,362057,,BOOM
BLINK CHARGING CO,09354A100,7939272,917835,,BLNK
ARCHER AVIATION INC-A,03945R102,7913539,2766972,,
CYMABAY THERAPEUTICS INC,23257D103,7891239,904958,,
BUSINESS FIRST BANCSHARES,12326C105,7870789,459474,,
DAY ONE BIOPHARMACEUTICALS I,23954D109,7867924,588476,,
AEHR TEST SYSTEMS,00760J108,7867602,253630,,AEHR
SOLARWINDS CORP,83417Q204,7862882,914288,,
SPRINKLR INC-A,85208T107,7861151,606570,,
REPUBLIC BANCORP INC-CLASS A,760281204,7848404,184973,,
CUSTOM TRUCK ONE SOURCE INC,23204X103,7829132,1153038,,
PULMONX CORP,745848101,7827587,700142,,LUNG
CUTERA INC,232109108,7821125,331123,,
ANGIODYNAMICS INC,03475V101,7770420,751491,,ANGO
POWELL INDUSTRIES INC,739128106,7720715,181280,,POWL
SOMALOGIC INC,83444K105,7710802,3023844,,
NORDIC AMERICAN TANKERS LTD,G65773106,7706508,1946088,,NAT
MARCUS CORPORATION,566330106,7695472,480967,,MCS
IES HOLDINGS INC,44951W106,7685747,178365,,
OCULAR THERAPEUTIX INC,67576A100,7682289,1457740,,
89BIO INC,282559103,7675087,503945,,
ERMENEGILDO ZEGNA NV,N30577105,7613234,558155,,
PACTIV EVERGREEN INC,69526K105,7601786,950223,,
VERTEX INC - CLASS A,92538J106,7596444,367155,,
BABCOCK & WILCOX ENTERPR,05614L209,7595803,1253433,,
CAPITAL CITY BANK GROUP INC,139674105,7593058,259060,,CCBG
SUNOPTA INC,8676EP108,7578285,984193,,
FIRST FOUNDATION INC,32026V104,7576118,1016928,,
LOGITECH INTERNATIONAL-REG,H50430232,7569514,130374,,
GLOBAL INDUSTRIAL CO,37892E102,7566688,281918,,GIC
CARRIAGE SERVICES INC,143905107,7563039,247806,,CSV
2SEVENTY BIO INC,901384107,7563014,741472,,
QUANTERIX CORP,74766Q101,7554528,670322,,QTRX
ALECTOR INC,014442107,7543901,1218724,,
LYELL IMMUNOPHARMA INC,55083R104,7524706,3188435,,
COASTAL FINANCIAL CORP/WA,19046P209,7520256,208838,,
PENNANT GROUP INC/THE,70805E109,7514326,526213,,
OLAPLEX HOLDINGS INC,679369108,7504072,1757394,,
INDUS REALTY TRUST INC,45580R103,7503762,113196,,
FORRESTER RESEARCH INC,346563109,7499085,231811,,
MIMEDX GROUP INC,602496101,7497011,2198537,,
MINISO GROUP HOLDING LTD-ADR,66981J102,7491352,424892,,
RAYONIER ADVANCED MATERIALS,75508B104,7490794,1194704,,
SAPIENS INTERNATIONAL CORP,G7T16G103,7482865,344515,,
WEIBO CORP-SPON ADR,948596101,7460875,373860,,
DASEKE INC,23753F107,7460215,965099,,
ORCHID ISLAND CAPITAL INC,68571X301,7456359,694907,,
AXOGEN INC,05463X106,7436063,786885,,
INVESCO MORTGAGE CAPITAL,46131B704,7421161,669176,,
TEJON RANCH CO,879080109,7413844,405793,,TRC
MERSANA THERAPEUTICS INC,59045L106,7393261,1798847,,
CTO REALTY GROWTH INC,22948Q101,7355849,426179,,
VANDA PHARMACEUTICALS INC,921659108,7350390,1082531,,VNDA
EXCELERATE ENERGY INC-A,30069T101,7329756,331064,,
REV GROUP INC,749527107,7320494,610550,,
AERSALE CORP,00810F106,7317638,424950,,ASLE
AVIAT NETWORKS INC,05366Y201,7299971,211839,,
CNB FINANCIAL CORP/PA,126128107,7284672,379410,,CCNEP
ASPEN AEROGELS INC,04523Y105,7281808,977424,,ASPN
BLUE BIRD CORP,095306106,7268278,355765,,BLBD
MILLER INDUSTRIES INC/TENN,600551204,7250108,205095,,
RE/MAX HOLDINGS INC-CL A,75524W108,7237833,385812,,
COUCHBASE INC,22207T101,7237525,514760,,
ARROW FINANCIAL CORP,042744102,7220521,289864,,AROW
LI-CYCLE HOLDINGS CORP,50202P105,7194492,1277885,,
DIVERSIFIED HEALTHCARE TRUST,25525P107,7187707,5324226,,DHCNL
SOLID POWER INC,83422N105,7182386,2386175,,
PLAINS ALL AMER PIPELINE LP,726503105,7164214,574516,,
INDEPENDENT BANK CORP - MICH,453838609,7163655,403132,,
FIRST COMMUNITY BANKSHARES,31983A103,7161202,285876,,
BIOXCEL THERAPEUTICS INC,09075P105,7149187,383129,,
BAR HARBOR BANKSHARES,066849100,7138282,269878,,BHB
ON24 INC,68339B104,7129308,813848,,
PETMED EXPRESS INC,716382106,7097064,437011,,PETS
NATIONAL PRESTO INDS INC,637215104,7094809,98416,,
EVERCOMMERCE INC,29977X105,7074570,668674,,EVCM
GREAT LAKES DREDGE & DOCK CO,390607109,7069713,1301973,,
JOHNSON OUTDOORS INC-A,479167108,7055166,111969,,
PROFRAC HOLDING CORP-A,74319N100,7054339,556775,,
LIBERTY MEDIA CORP-BRAVES A,531229706,7051496,203918,,
TARGET HOSPITALITY CORP,87615L107,7034538,535353,,TH
PERELLA WEINBERG PARTNERS,71367G102,6977625,766772,,PWP
HOMETRUST BANCSHARES INC,437872104,6956953,282918,,
MERIDIANLINK INC,58985J105,6956260,402096,,
ARBUTUS BIOPHARMA CORP,03879J100,6932376,2287913,,ABUS
CADRE HOLDINGS INC,12763L105,6916300,321091,,
EQUITY BANCSHARES INC - CL A,29460X109,6915816,283784,,
KARYOPHARM THERAPEUTICS INC,48576U106,6892041,1771733,,KPTI
METROPOLITAN BANK HOLDING CO,591774104,6873027,202804,,
HINGHAM INSTITUTION FOR SVGS,433323102,6855432,29367,,
HOMESTREET INC,43785V102,6849410,380734,,
HUDSON TECHNOLOGIES INC,444144109,6836078,783056,,
PREFORMED LINE PRODUCTS CO,740444104,6819026,53257,,PLPC
SPDR PORTFOLIO S&P 500 ETF,78464A854,6816595,141570,,
CENTRUS ENERGY CORP-CLASS A,15643U104,6806436,211380,,
SOUNDTHINKING INC,82536T107,6804955,173066,,
UTAH MEDICAL PRODUCTS INC,917488108,6767620,71411,,UTMD
ASTRONICS CORP,046433108,6735003,504117,,ATROB
SMARTFINANCIAL INC,83190L208,6712945,290101,,SMBK
QURATE RETAIL INC-SERIES A,74915M100,6698900,6781636,,
BANDWIDTH INC-CLASS A,05988J103,6684291,439756,,
MEDIAALPHA INC-CLASS A,58450V104,6681199,446008,,
BLUEBIRD BIO INC,09609G100,6673684,2098642,,
RXSIGHT INC,78349D107,6652634,398839,,
ENTRAVISION COMMUNICATIONS-A,29382R107,6627472,1095450,,
HCI GROUP INC,40416E103,6617884,123468,,
LIQUIDITY SERVICES INC,53635B107,6607705,501724,,LQDT
ATLAS TECHNICAL CONSULTANTS,049430101,6600312,541453,,
BIOMEA FUSION INC,09077A106,6582957,212285,,
NAVITAS SEMICONDUCTOR CORP,63942X106,6571315,898948,,NVTS
TIPTREE INC,88822Q103,6560725,450290,,TIPT
ITEOS THERAPEUTICS INC,46565G104,6549662,481239,,
DYNE THERAPEUTICS INC,26818M108,6549373,568522,,
COMTECH TELECOMMUNICATIONS,205826209,6539669,524012,,
BANK OF MARIN BANCORP/CA,063425102,6534646,298522,,
ALTA EQUIPMENT GROUP INC,02128L106,6532434,412141,,ALTG-PA
GCM GROSVENOR INC - CLASS A,36831E108,6531214,836263,,
MIDWESTONE FINANCIAL GROUP I,598511103,6516135,266836,,
DAILY JOURNAL CORP,233912104,6496518,22798,,DJCO
SOUTHERN MISSOURI BANCORP,843380106,6489924,173481,,
OMNIAB INC,68218J103,6482413,1761524,,
MID PENN BANCORP INC,59540G107,6481993,253104,,MPB
SPORTSMAN'S WAREHOUSE HOLDIN,84920Y106,6481035,764273,,
ALTUS POWER INC,02217A102,6468739,1180427,,
LIQUIDIA CORP,53635D202,6432346,930875,,LQDA
BIONANO GENOMICS INC,09075F107,6431647,5794277,,
GEVO INC,374396406,6397503,4154223,,
UNITED STATES LIME & MINERAL,911922102,6394504,41879,,
EBIX INC,278715206,6392955,484682,,
CANTALOUPE INC,138103106,6366027,1116847,,
CITY OFFICE REIT INC,178587101,6362338,922078,,
HIGHPEAK ENERGY INC,43114Q105,6347632,275984,,
LINDBLAD EXPEDITIONS HOLDING,535219109,6344866,663689,,
DEFINITIVE HEALTHCARE CORP,24477E103,6321836,611988,,DH
PROTERRA INC,74374T109,6307422,4149620,,
CARTER BANKSHARES INC,146103106,6294666,449619,,
TACTILE SYSTEMS TECHNOLOGY I,87357P100,6283539,382676,,
AMER NATL BNKSHS/DANVILLE VA,027745108,6282432,198184,,
LIVEPERSON INC,538146101,6278212,1423631,,LPSN
UWM HOLDINGS CORP,91823B109,6270323,1277051,,UWMC
SENSEONICS HOLDINGS INC,81727U105,6256539,8812027,,
ONEWATER MARINE INC-CL A,68280L101,6235184,222924,,
1-800-FLOWERS.COM INC-CL A,68243Q106,6229975,541737,,
AMALGAMATED FINANCIAL CORP,022671101,6225093,351899,,AMAL
COVENANT LOGISTICS GROUP INC,22284P105,6205336,175193,,
NEWPARK RESOURCES INC,651718504,6185887,1606724,,
MULTIPLAN CORP,62548M100,6172463,5823079,,
WATERSTONE FINANCIAL INC,94188P101,6167537,407636,,
CITIZENS & NORTHERN CORP,172922106,6132767,286846,,CZNC
KINIKSA PHARMACEUTICALS-A,G5269C101,6125980,569329,,
HOVNANIAN ENTERPRISES-A,442487401,6109806,90062,,
ELBIT SYSTEMS LTD,M3760D101,6085688,35754,,ESLT
FUNKO INC-CLASS A,361008105,6080275,644780,,
NORTHWEST PIPE CO,667746101,6072517,194445,,
BIG LOTS INC,089302103,6068285,553675,,
WORLD ACCEPTANCE CORP,981419104,6055099,72699,,WRLD
US CELLULAR CORP,911684108,6038822,291308,,
SURMODICS INC,868873100,6033077,264841,,
EVOLUS INC,30052C107,6030930,712876,,
INVITAE CORP,46185L103,6025175,4463093,,
PEOPLES FINANCIAL SERVICES,711040105,6024392,138971,,
DANIMER SCIENTIFIC INC,236272100,6019001,1744638,,
DESTINATION XL GROUP INC,25065K104,5980730,1085432,,
PHIBRO ANIMAL HEALTH CORP-A,71742Q106,5959954,389031,,
LENDINGTREE INC,52603B107,5954004,223331,,
FORESTAR GROUP INC,346232101,5947483,382229,,FOR
VITESSE ENERGY INC,92852X103,5937302,311997,,
ARDMORE SHIPPING CORP,Y0207T100,5920877,398176,,ASC
AMYRIS INC,03236M200,5917055,4350776,,
PLAYSTUDIOS INC,72815G108,5888099,1595691,,
TURNING POINT BRANDS INC,90041L105,5882436,280116,,
TETRA TECHNOLOGIES INC,88162F105,5866373,2213726,,TTI
SENECA FOODS CORP - CL A,817070501,5840702,111741,,
CLOVER HEALTH INVESTMENTS CO,18914F103,5835669,6905301,,
SMARTRENT INC,83193G107,5825365,2284457,,
SANA BIOTECHNOLOGY INC,799566104,5823755,1780965,,
METROCITY BANKSHARES INC,59165J105,5791595,338888,,
PETIQ INC,71639T106,5782954,505503,,
ENTERPRISE BANCORP INC,293668109,5776559,183616,,
EAGLE PHARMACEUTICALS INC,269796108,5763450,203153,,
STERLING CHECK CORP,85917T109,5756332,516263,,
AARON'S CO INC/THE,00258W108,5752900,595538,,
BUILD-A-BEAR WORKSHOP INC,120076104,5752388,247521,,BBW
ZUMIEZ INC,989817101,5719461,310166,,ZUMZ
QUOTIENT TECHNOLOGY INC,749119103,5690091,1734784,,
CARIBOU BIOSCIENCES INC,142038108,5679703,1069624,,
HARROW HEALTH INC,415858109,5661048,267535,,
INSPIRED ENTERTAINMENT INC,45782N108,5651376,441859,,
FARMERS & MERCHANTS BANCO/OH,30779N105,5649706,232307,,
OPPENHEIMER HOLDINGS-CL A,683797104,5636660,143976,,
FINANCIAL INSTITUTIONS INC,317585404,5624541,291729,,FIISP
INOGEN INC,45780L104,5623350,450589,,INGN
RIBBON COMMUNICATIONS INC,762544104,5598604,1637019,,RBBN
POSTAL REALTY TRUST INC- A,73757R102,5580306,366643,,
IRADIMED CORP,46266A109,5560430,141307,,IRMD
CAPSTAR FINANCIAL HOLDINGS I,14070T102,5559034,366933,,
ATARA BIOTHERAPEUTICS INC,046513107,5552276,1914578,,
ASCENDIS PHARMA A/S - ADR,04351P101,5546812,51733,,
AURORA INNOVATION INC,051774107,5540606,3986044,,
SILVERBOW RESOURCES INC,82836G102,5536006,242276,,
FIRST OF LONG ISLAND CORP,320734106,5534788,409984,,
WEST BANCORPORATION,95123P106,5505902,301363,,
CULLINAN ONCOLOGY INC,230031106,5501929,537823,,
INTREPID POTASH INC,46121Y201,5485582,198753,,
CRESCENT POINT ENERGY CORP,22576C101,5474750,627322,,
CLARUS CORP,18270P109,5434024,575029,,CLAR
KURA SUSHI USA INC-CLASS A,501270102,5429232,82461,,
DREAM FINDERS HOMES INC - A,26154D100,5396658,407295,,
CARPARTS.COM INC,14427M107,5364190,1004530,,
OOMA INC,683416101,5311483,424579,,OOMA
SELECTQUOTE INC,816307300,5269450,2428318,,
SOLARIS OILFIELD INFRAST-A,83418M103,5260899,616030,,
ZYNEX INC,98986M103,5251680,437640,,
LIBERTY LATIN AMERIC-CL A,G9001E102,5249308,631684,,
NEXTDECADE CORP,65342K105,5240994,1054526,,NEXT
IVANHOE ELECTRIC INC / US,46578C108,5228351,430317,,
EVERQUOTE INC - CLASS A,30041R108,5228137,376125,,
HBT FINANCIAL INC/DE,404111106,5201840,263785,,
DIGIMARC CORP,25381B101,5200333,264648,,DMRC
ACNB CORP,000868109,5174733,158978,,ACNB
EDGEWISE THERAPEUTICS INC,28036F105,5172498,775487,,
GRANITE POINT MORTGAGE TRUST,38741L107,5147198,1037741,,
PARK AEROSPACE CORP,70014A104,5140321,382180,,PKE
RILEY EXPLORATION PERMIAN IN,76665T102,5103922,134102,,
GREIF INC-CL B,397624206,5103730,66698,,
MONDAY.COM LTD,M7S64H106,5103169,35749,,MNDY
CODEXIS INC,192005106,5097544,1231291,,
CLEANSPARK INC,18452B209,5081136,1827747,,
HIPPO HOLDINGS INC,433539202,5045452,310872,,HIPO
GANNETT CO INC,36472T109,5033737,2691838,,
TUTOR PERINI CORP,901109108,5007528,811593,,TPC
ESQUIRE FINANCIAL HOLDINGS I,29667J101,5005230,128011,,
ATEA PHARMACEUTICALS INC,04683R106,4991714,1490064,,
EASTMAN KODAK CO,277461406,4989220,1216883,,KODK
HYLIION HOLDINGS CORP,449109107,4966212,2508188,,HYLN
GOODRX HOLDINGS INC-CLASS A,38246G108,4941279,790604,,
COLLIERS INTL GR-SUBORD VOT,194693107,4916821,46580,,
MACATAWA BANK CORP,554225102,4903780,479822,,
UNISYS CORP,909214306,4894433,1261452,,UIS
BUTTERFLY NETWORK INC,124155102,4882149,2596888,,
SUTRO BIOPHARMA INC,869367102,4880170,1056314,,
EVOLV TECHNOLOGIES HOLDINGS,30049H102,4855590,1556279,,
ALERUS FINANCIAL CORP,01446U103,4851256,302259,,ALRS
ALDEYRA THERAPEUTICS INC,01438T106,4849269,488345,,
BLUEGREEN VACATIONS HOLDING,096308101,4828243,176342,,
SCIPLAY CORP-CLASS A,809087109,4805141,283322,,
PARAMOUNT GLOBAL-CLASS A,92556H107,4804457,185931,,
SIGA TECHNOLOGIES INC,826917106,4798777,834570,,SIGA
JOHN MARSHALL BANCORP INC,47805L101,4780209,221306,,
CIVISTA BANCSHARES INC,178867107,4778626,283094,,
DOUGLAS ELLIMAN INC,25961D105,4773738,1534964,,DOUG
HILLEVAX INC,43157M102,4748672,287276,,
EHEALTH INC,28238P109,4746268,507080,,
WW INTERNATIONAL INC,98262P101,4744682,1151622,,
OPTIMIZERX CORP,68401U204,4734121,323590,,OPRX
SHORE BANCSHARES INC,825107105,4732234,331389,,SHBI
BROOKFIELD BUSINESS-CL A,11259V106,4724453,238368,,
COSTAMARE INC,Y1771G102,4724281,502049,,CMRE-PB
XP INC - CLASS A,G98239109,4717232,397408,,
FIVE STAR BANCORP,33830T103,4712810,220844,,FSBC
NVE CORP,629445206,4701632,56653,,
SKYWARD SPECIALTY INSURANCE,830940102,4692733,214574,,
NUSCALE POWER CORP,67079K100,4676250,514439,,SMR
DONEGAL GROUP INC-CL A,257701201,4670912,305688,,
PAYSAFE LTD,G6964L206,4650922,269143,,PSFE
TERNIUM SA-SPONSORED ADR,880890108,4650703,112717,,
UNIVERSAL LOGISTICS HOLDINGS,91388P105,4647676,159440,,
HOME BANCORP INC,43689E107,4635463,140341,,
JOINT CORP/THE,47973J102,4609417,273881,,
GREENLIGHT CAPITAL RE LTD-A,G4095J109,4603081,490211,,
FIRST WATCH RESTAURANT GROUP,33748L101,4600001,286426,,
TYRA BIOSCIENCES INC,90240B106,4597691,286104,,
BLUE FOUNDRY BANCORP,09549B104,4589049,482043,,
ERASCA INC,29479A108,4587330,1524030,,
BRAEMAR HOTELS & RESORTS INC,10482B101,4582657,1187217,,BHR-PD
SOUTH PLAINS FINANCIAL INC,83946P107,4579877,213913,,
TREDEGAR CORP,894650100,4578305,501457,,TG
BRT APARTMENTS CORP,055645303,4563858,231433,,BRT
FIRST BANCORP INC/ME,31866P102,4559798,176122,,
AMPLIFY ENERGY CORP,03212B103,4557393,663376,,AMPY
SANGAMO THERAPEUTICS INC,800677106,4557222,2589331,,
FULL HOUSE RESORTS INC,359678109,4543982,628490,,FLL
MONTE ROSA THERAPEUTICS INC,61225M102,4542263,583089,,
GARRETT MOTION INC,366505105,4510008,588774,,GTX
NERDY INC,64081V109,4499515,1076439,,NRDY
SYMBOTIC INC,87151X101,4491052,196631,,SYM
VUZIX CORP,92921W300,4483963,1083083,,VUZI
DISTRIBUTION SOLUTIONS GROUP,520776105,4480401,98557,,
RADIANT LOGISTICS INC,75025X100,4445147,677614,,
F&G ANNUITIES & LIFE INC,30190A104,4443948,245251,,
MINERALYS THERAPEUTICS INC,603170101,4442005,283653,,
FUBOTV INC,35953D104,4441275,3670476,,FUBO
INDUSTRIAL LOGISTICS PROPERT,456237106,4426789,1441950,,
UNIVERSAL TECHNICAL INSTITUT,913915104,4401712,596438,,
STAR HOLDINGS,85512G106,4399270,252977,,STHO
WORKHORSE GROUP INC,98138J206,4393756,3303576,,WKHS
TARSUS PHARMACEUTICALS INC,87650L103,4388802,349149,,
CARA THERAPEUTICS INC,140755109,4381286,892319,,
SIERRA BANCORP,82620P102,4360500,253223,,BSRR
MICROVAST HOLDINGS INC,59516C106,4356058,3512950,,
RIGEL PHARMACEUTICALS INC,766559603,4322460,3274591,,RIGL
AKOUSTIS TECHNOLOGIES INC,00973N102,4317168,1401678,,
RIMINI STREET INC,76674Q107,4313120,1046874,,
HERSHA HOSPITALITY TRUST-A,427825500,4310866,641498,,
SUMMIT FINANCIAL GROUP INC,86606G101,4300645,207260,,
CONTEXTLOGIC INC,21077C107,4295725,10961278,,
ITAU UNIBANCO H-SPON PRF ADR,465562106,4295189,881969,,
ALPINE IMMUNE SCIENCES INC,02083G100,4293918,556207,,
JANUX THERAPEUTICS INC,47103J105,4290478,354585,,
SOUTHERN FIRST BANCSHARES,842873101,4288360,139686,,
BEL FUSE INC-CL B,077347300,4287765,114097,,
FIRST BUSINESS FINANCIAL SER,319390100,4281041,140316,,
NORTHEAST BANK,66405S100,4280946,127182,,
BRIGHTVIEW HOLDINGS INC,10948C107,4267839,759402,,
AURA BIOSCIENCES INC,05153U107,4249386,457908,,
TEEKAY CORP,Y8564W103,4247038,687223,,TK
INOVIO PHARMACEUTICALS INC,45773H201,4244960,5176781,,
OUSTER INC,68989M103,4242958,5071063,,
METHANEX CORP,59151K108,4238914,91090,,MEOH
GUARANTY BANCSHARES INC,400764106,4224785,151589,,
GLOBAL-E ONLINE LTD,M5216V106,4206981,130530,,GLBE
BRIDGEWATER BANCSHARES INC,108621103,4201302,387574,,BWBBP
VIVID SEATS INC - CLASS A,92854T100,4194508,549739,,
SIGHT SCIENCES INC,82657M105,4193434,479798,,
LEXICON PHARMACEUTICALS INC,528872302,4192743,1725409,,
MVB FINANCIAL CORP,553810102,4150002,201066,,MVBF
MERCER INTERNATIONAL INC,588056101,4142042,423738,,MERC
XERIS BIOPHARMA HOLDINGS INC,98422E103,4125049,2530705,,
RBB BANCORP,74930B105,4120628,265847,,RBB
CANOO INC,13803R102,4109921,6297765,,
REGIONAL MANAGEMENT CORP,75902K106,4086163,156618,,RM
RANPAK HOLDINGS CORP,75321W103,4077754,781179,,PACK
CAMBIUM NETWORKS CORP,G17766109,4072605,229831,,CMBMF
MELCO RESORTS & ENTERT-ADR,585464100,4066611,319451,,
CRICUT INC - CLASS A,22658D100,4059623,398002,,
STOKE THERAPEUTICS INC,86150R107,4054044,486680,,
HIRERIGHT HOLDINGS CORP,433537107,4042887,381045,,
GROWGENERATION CORP,39986L109,4033654,1179431,,GRWG
LEGACY HOUSING CORP,52472M101,4024878,176840,,LEGH
RAMACO RESOURCES INC,75134P303,4024578,456819,,
TUSIMPLE HOLDINGS INC - A,90089L108,4017790,2733191,,
GENERATION BIO CO,37148K100,4015155,933757,,
OCUGEN INC,67577C105,3976583,4661333,,
NUVATION BIO INC,67080N101,3964536,2388275,,NUVB
BCB BANCORP INC,055298103,3960730,301655,,BCBP
FREEDOM HOLDING CORP/NV,356390104,3959557,55101,,
RED RIVER BANCSHARES INC,75686R202,3955411,82216,,RRBI
CECO ENVIRONMENTAL CORP,125141101,3933988,281200,,CECO
P.A.M. TRANSPORTATION SVCS,693149106,3933847,137403,,
PAGSEGURO DIGITAL LTD-CL A,G68707101,3917835,457157,,
KRONOS WORLDWIDE INC,50105F105,3917222,425322,,KRO
INVESTORS TITLE CO,461804106,3911504,25904,,ITIC
ENFUSION INC - CLASS A,292812104,3904257,371834,,
BAYCOM CORP,07272M107,3898510,228250,,BCML
INMODE LTD,M5425M103,3895828,121897,,INMD
ORRSTOWN FINL SERVICES INC,687380105,3884894,195614,,
KODIAK SCIENCES INC,50015M109,3883580,626384,,KOD
TRUECAR INC,89785L107,3844933,1671710,,
CONSOLIDATED COMMUNICATIONS,209034107,3842904,1489498,,
LSI INDUSTRIES INC,50216C108,3831167,275030,,LYTS
908 DEVICES INC,65443P102,3826561,444949,,MASS
BRIDGE INVESTMENT GRP HDS-A,10806B100,3818379,337015,,
P10 INC-A,69376K106,3803732,376234,,
AEROVATE THERAPEUTICS INC,008064107,3781854,187499,,
TASKUS INC-A,87652V109,3770933,261145,,
EL POLLO LOCO HOLDINGS INC,268603107,3760497,392127,,
FARADAY FUTURE INTELLIGENT E,307359109,3754999,10604347,,
PRIMIS FINANCIAL CORP,74167B109,3754470,389872,,FRST
ATLANTICA SUSTAINABLE INFRAS,G0751N103,3730915,126215,,
CENTURY CASINOS INC,156492100,3727708,508555,,
VERA THERAPEUTICS INC,92337R101,3725149,480045,,
ONE GROUP HOSPITALITY INC/TH,88338K103,3705085,457418,,
THIRD COAST BANCSHARES INC,88422P109,3698589,235429,,
SES AI CORP,78397Q109,3688114,1250207,,SES-WT
KALVISTA PHARMACEUTICALS INC,483497103,3674424,467484,,
TUCOWS INC-CLASS A,898697206,3664477,188405,,
SNAP ONE HOLDINGS CORP,83303Y105,3660179,391463,,
DESIGN THERAPEUTICS INC,25056L103,3652456,633008,,
SCULPTOR CAPITAL MANAGEMENT,811246107,3631844,421817,,
TRAEGER INC,89269P103,3631657,883615,,
WILLDAN GROUP INC,96924N100,3626807,232190,,
NOODLES & CO,65540B105,3621291,746658,,NDLS
BRIGHTCOVE,10921T101,3617787,812986,,
TERNS PHARMACEUTICALS INC,880881107,3607837,304716,,
CUE HEALTH INC,229790100,3596117,1975889,,
FUTUREFUEL CORP,36116M106,3595941,487255,,FF
CAREMAX INC,14171W103,3580443,1340990,,
APOLLO ENDOSURGERY INC,03767D108,3575962,360480,,
NEXPOINT DIVERSIFIED REAL ES,65340G205,3555326,342517,,
IMMUNITYBIO INC,45256X103,3541472,1945864,,
AMMO INC,00175J107,3539751,1796828,,
ARIS WATER SOLUTIONS INC-A,04041L106,3522497,452182,,
RED VIOLET INC,75704L104,3516145,199781,,
EXPENSIFY INC - A,30219Q106,3514687,431250,,
CITIZENS FINANCIAL SERVICES,174615104,3512107,42036,,
VERITONE INC,92347M100,3511251,602273,,
TANGO THERAPEUTICS INC,87583X109,3503140,886871,,
PURE CYCLE CORP,746228303,3500979,370474,,PCYO
AVITA MEDICAL INC,05380C102,3493324,250059,,
ADICET BIO INC,007002108,3491648,606189,,
BLADE AIR MOBILITY INC,092667104,3489998,1032544,,
5E ADVANCED MATERIALS INC,33830Q109,3475065,641156,,
SIGMA LITHIUM CORP,826599102,3470068,92240,,SGML
INFORMATION SERVICES GROUP,45675Y104,3456700,679116,,
TOWER SEMICONDUCTOR LTD,M87915274,3453490,81316,,TSEM
RING ENERGY INC,76680V108,3441276,1811198,,
BIG 5 SPORTING GOODS CORP,08915P101,3413199,443848,,
MULLEN AUTOMOTIVE INC,62526P109,3393301,25843874,,
CONCRETE PUMPING HOLDINGS IN,206704108,3389840,498506,,
SEMRUSH HOLDINGS INC-A,81686C104,3376217,335942,,
INNOVAGE HOLDING CORP,45784A104,3375284,422968,,INNV
DAKOTA GOLD CORP,46655E100,3364271,929356,,DC
ALLAKOS INC,01671P100,3362339,755582,,
STANTEC INC,85472N109,3361067,56928,,STN
SKILLZ INC,83067L109,3355929,5657332,,
RESERVOIR MEDIA INC,76119X105,3330872,510870,,
SEER INC,81578P106,3328748,862370,,
RUSH STREET INTERACTIVE INC,782011100,3324450,1068955,,
Y-MABS THERAPEUTICS INC,984241109,3319851,662645,,
PURPLE INNOVATION INC,74640Y106,3302690,1251019,,
PCB BANCORP,69320M109,3277478,226189,,PCB
BLEND LABS INC-A,09352U108,3257461,3269887,,
HUMACYTE INC,44486Q103,3256652,1053933,,
THREDUP INC - CLASS A,88556E102,3255373,1286709,,
EGAIN CORP,28225C806,3249764,428164,,EGAN
VILLAGE SUPER MARKET-CLASS A,927107409,3242035,141697,,
TILLY'S INC-CLASS A SHRS,886885102,3240531,420302,,
KEZAR LIFE SCIENCES INC,49372L100,3239421,1034959,,
SERITAGE GROWTH PROP- A REIT,81752R100,3230060,410427,,
PARKE BANCORP INC,700885106,3226874,181489,,
NGM BIOPHARMACEUTICALS INC,62921N105,3226614,790837,,
ORGANOGENESIS HOLDINGS INC,68621F102,3222125,1512735,,ORGO
FRANKLIN STREET PROPERTIES C,35471R106,3203297,2040317,,
PHATHOM PHARMACEUTICALS INC,71722W107,3203082,448611,,
BENSON HILL INC,082490103,3198240,2781079,,
MCEWEN MINING INC,58039P305,3184067,375923,,
PMV PHARMACEUTICALS INC,69353Y103,3177349,666111,,
AXT INC,00246W103,3175880,797960,,AXTI
SILVERCREST ASSET MANAGEME-A,828359109,3168973,174311,,
ADVANTAGE SOLUTIONS INC,00791N102,3158743,1999205,,ADV
GENEDX HOLDINGS CORP,81663L101,3128795,8572041,,WGS
AST SPACEMOBILE INC,00217D100,3127085,615568,,
CITI TRENDS INC,17306X102,3125917,164349,,CTRN
BANCO BRADESCO-ADR,059460303,3121334,1191349,,
SKILLSOFT CORP,83066P200,3117672,1558836,,SKIL
ALLOVIR INC,019818103,3115247,790672,,
ASTRIA THERAPEUTICS INC,04635X102,3110018,233836,,
FIRST INTERNET BANCORP,320557101,3093786,185813,,INBKZ
TURTLE BEACH CORP,900450206,3088304,308214,,TBCH
MARINUS PHARMACEUTICALS INC,56854Q200,3085838,447223,,
ROCKY BRANDS INC,774515100,3079452,133483,,
CATO CORP-CLASS A,149205106,3068700,347137,,
WEYCO GROUP INC,962149100,3058896,120905,,WEYS
SOUNDHOUND AI INC-A,836100107,3054690,1106772,,
GREENE COUNTY BANCORP INC,394357107,3043247,134182,,GCBC
QUANTUM-SI INC,74765K105,3042404,1728639,,QSI
DZS INC,268211109,3039930,385289,,
FULCRUM THERAPEUTICS INC,359616109,3028506,1062634,,
ARDAGH METAL PACKAGING SA,L02235106,3019163,739991,,
WAVE LIFE SCIENCES LTD,Y95308105,2999832,692802,,WVE
BILIBILI INC-SPONSORED ADR,090040106,2992043,127321,,
SCHOLAR ROCK HOLDING CORP,80706P103,2989064,373633,,SRRK
ZIMVIE INC,98888T107,2988679,413372,,
ALVARIUM TIEDMANN HOLDINGS I,02237A108,2988570,238323,,
COLONY BANKCORP,19623P101,2984061,292555,,
HERON THERAPEUTICS INC,427746102,2982180,1974954,,
BAUSCH HEALTH COS INC,071734107,2981490,309264,,
BLUE RIDGE BANKSHARES INC,095825105,2978909,292050,,
SOLO BRANDS INC - CLASS A,83425V104,2970488,413717,,
FIRST BANK/HAMILTON NJ,31931U102,2967794,293841,,
FOSSIL GROUP INC,34988V106,2964297,926343,,
PRIME MEDICINE INC,74168J101,2956243,240345,,
PEPGEN INC,713317105,2956076,241707,,PEPG
GLOBAL WATER RESOURCES INC,379463102,2955058,237736,,
VALE SA-SP ADR,91912E105,2952690,187116,,
IMMERSION CORPORATION,452521107,2939704,328826,,IMMR
OMEROS CORP,682143102,2938297,631892,,OMER
BRC INC-A,05601U105,2933649,570749,,
ASSERTIO HOLDINGS INC,04546C205,2918109,458102,,
PEARSON PLC-SPONSORED ADR,705015105,2917943,279229,,
THESEUS PHARMACEUTICALS INC,88369M101,2911485,327870,,
ALICO INC,016230104,2902241,119927,,
ENERGY VAULT HOLDINGS INC,29280W109,2900445,1355347,,
CANADIAN SOLAR INC,136635109,2898804,72816,,CSIQ
CANO HEALTH INC,13781Y103,2893752,3179945,,
GATOS SILVER INC,368036109,2891431,442792,,
COMPASS THERAPEUTICS INC,20454B104,2889251,883563,,
BARK INC,68622E104,2879246,1985687,,
CAPITAL BANCORP INC/MD,139737100,2869401,172440,,
FVCBANKCORP INC,36120Q101,2863018,268828,,
TILE SHOP HLDGS INC,88677Q109,2860726,609963,,
DHI GROUP INC,23331S100,2850655,734705,,
LANDS' END INC,51509F105,2835508,291719,,
MOTORCAR PARTS OF AMERICA IN,620071100,2828807,380216,,
NUTEX HEALTH INC,67079U108,2828756,2800749,,NUTX
NANO-X IMAGING LTD,M70700105,2825909,489759,,NNOX
BAKKT HOLDINGS INC,05759B107,2811020,1634314,,
BANKWELL FINANCIAL GROUP INC,06654A103,2799459,112609,,
PRECIGEN INC,74017N105,2795925,2637666,,
BALLARD POWER SYSTEMS INC,058586108,2793061,501192,,BLDP
UNITY BANCORP INC,913290102,2791829,122395,,
KINNATE BIOPHARMA INC,49705R105,2783681,445389,,
STAR BULK CARRIERS CORP,Y8162K204,2778885,131576,,SBLK
OUTBRAIN INC,69002R103,2776702,672325,,
OUTLOOK THERAPEUTICS INC,69012T206,2766065,2537675,,
ATOMERA INC,04965B100,2761369,433496,,ATOM
ACCURAY INC,004397105,2761229,929707,,ARAY
22ND CENTURY GROUP INC,90137F103,2759633,3588600,,
NAUTILUS BIOTECHNOLOGY INC,63909J108,2752510,993686,,
WEWORK INC-CL A,96209A104,2750923,3539076,,
FIRST WESTERN FINANCIAL INC,33751L105,2749032,138840,,MYFW
FTAI INFRASTRUCTURE INC,35953C106,2740869,913623,,FIP
HF FOODS GROUP INC,40417F109,2723588,694793,,HFFG
IGM BIOSCIENCES INC,449585108,2721303,198057,,
GLATFELTER CORP,377320106,2705554,848135,,
NACCO INDUSTRIES-CL A,629579103,2694825,74711,,
NORTHRIM BANCORP INC,666762109,2691052,57038,,NRIM
TILRAY BRANDS INC,88688T100,2682697,920697,,
NEXTDOOR HOLDINGS INC,65345M108,2673980,1243712,,
ENTRADA THERAPEUTICS INC,29384C108,2664955,183790,,
ASURE SOFTWARE INC,04649U102,2663200,183669,,ASUR
HOLLEY INC,43538H103,2653396,968393,,HLLY
C4 THERAPEUTICS INC,12529R107,2640042,840778,,
AKOYA BIOSCIENCES INC,00974H104,2634279,322039,,
ARS PHARMACEUTICALS INC,82835W108,2627462,403604,,
AMNEAL PHARMACEUTICALS INC,03168L105,2607254,1875723,,
TELOS CORPORATION,87969B101,2605216,1029730,,TLS
WEAVE COMMUNICATIONS INC,94724R108,2602883,523719,,
ALGOMA STEEL GROUP INC,015658107,2601438,260977,,ASTLW
ATLANTICUS HOLDINGS CORP,04914Y102,2588120,95397,,ATLCZ
SOHO HOUSE & CO INC,586001109,2586099,395428,,
LUTHER BURBANK CORP,550550107,2576502,271783,,
B2GOLD CORP,11777Q209,2576115,651993,,BTG
IDENTIV INC,45170X205,2563603,417525,,
GENIE ENERGY LTD-B,372284208,2549278,184463,,
SAFE BULKERS INC,Y7388L103,2548291,690594,,
VELO3D INC,92259N104,2546520,1121815,,
RENT THE RUNWAY INC-A,76010Y103,2543815,892567,,
TREAN INSURANCE GROUP INC,89457R101,2539133,414891,,
QUAD GRAPHICS INC,747301109,2537238,591431,,
NATURES SUNSHINE PRODS INC,639027101,2504625,245311,,
REALREAL INC/THE,88339P101,2496768,1981562,,
CS DISCO INC,126327105,2495544,375835,,
CIPHER MINING INC,17253J106,2487058,1067407,,
MILLICOM INTL CELLULAR S.A.,L6388F110,2484309,131306,,
NOVA LTD,M7516K103,2482938,23767,,NVMI
DLOCAL LTD,G29018101,2482276,153038,,DLO
NEXPOINT REAL ESTATE FINANCE,65342V101,2479808,158252,,
NEKTAR THERAPEUTICS,640268108,2472855,3518076,,NKTR
UPLAND SOFTWARE INC,91544A109,2469640,574335,,
MAXEON SOLAR TECHNOLOGIE,Y58473102,2452189,92396,,
ORCHESTRA BIOMED HOLDINGS IN,68572M106,2446367,125006,,
NATIONAL ENERGY SERVICES REU,G6375R107,2439656,463813,,
UNIVERSAL ELECTRONICS INC,913483103,2432153,239857,,UEIC
ICOSAVAX INC,45114M109,2431876,419289,,
HAGERTY INC-A,405166109,2406873,275386,,
LIMONEIRA CO,532746104,2402155,144187,,LMNR
STRATUS PROPERTIES INC,863167201,2394320,119716,,STRS
FOGHORN THERAPEUTICS INC,344174107,2393249,386008,,FHTX
LATHAM GROUP INC,51819L107,2391875,836320,,
CHARGE ENTERPRISES INC,159610104,2381646,2165133,,
SKYWATER TECHNOLOGY INC,83089J108,2375131,208711,,
KINGSOFT CLOUD HOLDINGS-ADR,49639K101,2367086,266264,,
LORDSTOWN MOTORS CORP-CL A,54405Q100,2364997,3566577,,
PORCH GROUP INC,733245104,2352831,1645337,,
BOWMAN CONSULTING GROUP LTD,103002101,2351636,81910,,BWMN
RACKSPACE TECHNOLOGY INC,750102105,2347817,1248839,,
SONDER HOLDINGS INC,83542D102,2341883,3093229,,
RICHARDSON ELEC LTD,763165107,2338310,104763,,
RITE AID CORP,767754872,2314406,1033217,,
DAKTRONICS INC,234264109,2314012,408115,,
RED ROBIN GOURMET BURGERS,75689M101,2306307,161055,,
FS BANCORP INC,30263Y104,2297385,76554,,
EMPIRE PETROLEUM CORP,292034303,2285338,184153,,EP
NKARTA INC,65487U108,2283345,643196,,
ALLBIRDS INC-CL A,01675A109,2282167,1901806,,
VELOCITY FINANCIAL INC,92262D101,2280246,252519,,
HONEST CO INC/THE,438333106,2264889,1258272,,
OVERSEAS SHIPHOLDING GROUP-A,69036R863,2258856,579194,,
TENAYA THERAPEUTICS INC,87990A106,2253751,790790,,
CONSOLIDATED WATER CO-ORD SH,G23773107,2251665,137046,,
COMMERCIAL VEHICLE GROUP INC,202608105,2250341,308266,,
NWTN INC - CLASS B,G6693P106,2248273,182194,,
IBEX LTD,G4690M101,2234552,91580,,IBEX
SILICON MOTION TECHNOL-ADR,82706C108,2231611,34060,,
ACRIVON THERAPEUTICS INC,004890109,2225876,175404,,
PLAINS GP HOLDINGS LP-CL A,72651A207,2225860,169654,,
TORM PLC-A,G89479102,2225328,71485,,
LUNA INNOVATIONS INC,550351100,2224363,309369,,
AEVA TECHNOLOGIES INC,00835Q103,2220507,1865973,,
NATHAN'S FAMOUS INC,632347100,2208200,29209,,
ALLIANCE RESOURCE PARTNERS,01877R108,2196553,108902,,
ACTINIUM PHARMACEUTICALS INC,00507W206,2196482,232432,,
ANGEL OAK MORTGAGE REIT INC,03464Y108,2192649,300363,,
HALLADOR ENERGY CO,40609P105,2183498,237595,,HNRG
COOPER-STANDARD HOLDING,21676P103,2180243,153107,,
PANGAEA LOGISTICS SOLUTIONS,G6891L105,2175093,370544,,PANL
CARDLYTICS INC,14161W105,2168488,638730,,
CONTAINER STORE GROUP INC/TH,210751103,2166541,631644,,
XPENG INC - ADR,98422D105,2156428,194098,,
JFROG LTD,M6191J100,2152875,109283,,FROG
OPORTUN FINANCIAL CORP,68376D104,2141929,554904,,OPRT
ASHFORD HOSPITALITY TRUST,044103869,2133565,664662,,
MARINE PRODUCTS CORP,568427108,2121730,160859,,
UNIFI INC,904677200,2114935,258866,,UFI
CRAWFORD & COMPANY -CL A,224633206,2107062,252041,,
VOYAGER THERAPEUTICS INC,92915B106,2106796,273255,,
ESPERION THERAPEUTICS INC,29664W105,2100099,1320817,,
HOOKER FURNISHINGS CORP,439038100,2099216,115405,,HOFT
CLIMB GLOBAL SOLUTIONS INC,946760105,2097600,39362,,
VERMILION ENERGY INC,923725105,2091860,134524,,VET
SAVARA INC,805111101,2091088,1072353,,SVRA
NEOGAMES SA,L6673X107,2083874,137097,,
RALLYBIO CORP,75120L100,2077069,363760,,RLYB
BIGLARI HOLDINGS INC-B,08986R309,2076083,12270,,
CPI CARD GROUP INC,12634H200,2074690,46094,,PMTS
AMERICAN PUBLIC EDUCATION,02913V103,2073594,382582,,
SPORTRADAR GROUP AG-A,H8088L103,2072175,178175,,
GRITSTONE BIO INC,39868T105,2069932,744580,,
HELLO GROUP INC -SPN ADR,423403104,2068430,227300,,
CHIMERIX INC,16934W106,2064260,1638302,,
EDGIO INC,53261M104,2063599,2608519,,
CENTRAL VALLEY COMM BANCORP,155685100,2058884,100043,,
FRESENIUS MEDICAL CARE-ADR,358029106,2052206,96529,,
NORWOOD FINANCIAL CORP,669549107,2050721,69705,,NWFL
LL FLOORING HOLDINGS INC,55003T107,2050708,539660,,
USCB FINANCIAL HOLDINGS INC,90355N101,2040000,206269,,
ALTO INGREDIENTS INC,021513106,2038930,1359287,,
RENEW ENERGY GLOBAL PLC-A,G7500M104,2037323,362513,,
ALTIMMUNE INC,02155H200,2035563,482361,,
PERFORMANT FINANCIAL CORP,71377E105,2034291,598321,,
PROVIDENT BANCORP INC,74383L105,2021885,295597,,
EOS ENERGY ENTERPRISES INC,29415C101,2021788,786688,,
VAXART INC,92243A200,2014693,2662473,,
TIMBERLAND BANCORP INC,887098101,2011774,74455,,TSBK
VICARIOUS SURGICAL INC,92561V109,1995339,879004,,RBOTW
XENON PHARMACEUTICALS INC,98420N105,1994397,55725,,XENE
ALPINE INCOME PROPERTY TRUST,02083X103,1990012,118242,,
MIDDLEFIELD BANC CORP,596304204,1988644,70985,,
INTEST CORP,461147100,1984216,95671,,INTT
WHEELS UP EXPERIENCE INC,96328L106,1983760,3134894,,UP
UR-ENERGY INC,91688R108,1979830,1867765,,URG
TUPPERWARE BRANDS CORP,899896104,1974590,789836,,
NATURAL GROCERS BY VITAMIN C,63888U108,1972684,167888,,
ZOMEDICA CORP,98980M109,1969436,9302960,,ZOMDF
AADI BIOSCIENCE INC,00032Q104,1967100,271699,,
SPOK HOLDINGS INC,84863T106,1958061,193293,,
NI HOLDINGS INC,65342T106,1942070,149390,,
INNOVID CORP,457679108,1941362,1376853,,
VACASA INC -CL A,91854V107,1938038,2014174,,
JASPER THERAPEUTICS INC,471871103,1937268,1070314,,
PIONEER BANCORP INC/NY,723561106,1931081,195850,,
LINEAGE CELL THERAPEUTICS IN,53566P109,1923000,1282000,,
WHOLE EARTH BRANDS INC,96684W100,1921917,750749,,
FIDELITY D&D BANCORP INC,31609R100,1911647,41867,,
EVOLUTION PETROLEUM CORP,30049A107,1911507,302933,,EPM
NORTHEAST COMMUNITY BANCORP,664121100,1908763,145485,,
SUMMIT THERAPEUTICS INC,86627T108,1905716,1088981,,SMMT
PLAYAGS INC,72814N104,1905196,266461,,
ALX ONCOLOGY HOLDINGS INC,00166B105,1903118,421044,,ALXO
APPLIED DIGITAL CORP,038169207,1900816,848579,,APLD
POTBELLY CORP,73754Y100,1897740,227820,,
CONSUMER PORTFOLIO SERVICES,210502100,1897539,177506,,
WESTROCK COFFEE CO,96145W103,1896061,154907,,WEST
ENETI INC,Y2294C107,1884025,201500,,
OIL-DRI CORP OF AMERICA,677864100,1881312,45213,,ODC
CLEARPOINT NEURO INC,18507C103,1877672,222473,,
MARKFORGED HOLDING CORP,57064N102,1869046,1949360,,
GDS HOLDINGS LTD - ADR,36165L108,1862689,99140,,
LIFECORE BIOMEDICAL INC,514766104,1858772,492390,,
ALAMOS GOLD INC-CLASS A,011532108,1848246,149075,,
JINKOSOLAR HOLDING CO-ADR,47759T100,1845240,36167,,
ARHAUS INC,04035M102,1839269,221866,,
CADIZ INC,127537207,1838672,455117,,CDZIP
INTEVAC INC,461148108,1835219,250371,,
ITERIS INC,46564T107,1833672,390975,,
INNODATA INC,457642205,1830292,214320,,INOD
PONCE FINANCIAL GROUP INC,732344106,1821160,231995,,
CABALETTA BIO INC,12674W109,1818159,219850,,
CORECARD CORP,45816D100,1808764,60032,,
VOXX INTERNATIONAL CORP,91829F104,1808305,146659,,
FIRST GUARANTY BANCSHARES IN,32043P106,1806453,115281,,
OCWEN FINANCIAL CORP,675746606,1802422,66461,,
AMES NATIONAL CORP,031001100,1801807,86625,,ATLO
374WATER INC,88583P104,1800617,381486,,SCWO
PDS BIOTECHNOLOGY CORP,70465T107,1797355,292253,,PDSB
ENERPLUS CORP,292766102,1796058,114254,,
LCNB CORPORATION,50181P100,1794595,109828,,LCNB
NATIONAL BANKSHARES INC/VA,634865109,1793534,57010,,
NEXTNAV INC,65345N106,1789654,881603,,NXNVW
CODORUS VALLEY BANCORP INC,192025104,1782404,85899,,
VIPER ENERGY PARTNERS LP,92763M105,1771140,63255,,
STERLING BANCORP INC/MI,85917W102,1761765,311266,,
ANGI INC,00183L102,1758591,774710,,ANGI
ZEVRA THERAPEUTICS INC,488445206,1754599,319018,,
RUSH ENTERPRISES INC - CL B,781846308,1754259,29291,,
BEYOND AIR INC,08862L103,1753116,259721,,
ORIC PHARMACEUTICALS INC,68622P109,1752305,307422,,
GROUPON INC,399473206,1744485,414367,,
ESS TECH INC,26916J106,1736941,1249598,,
ORANGE COUNTY BANCORP INC,68417L107,1734832,39428,,
PRINCETON BANCORP INC,74179A107,1733529,54651,,
MEIRAGTX HOLDINGS PLC,G59665102,1733433,335287,,MGTX
WESTERN NEW ENGLAND BANCORP,958892101,1732687,211046,,
INOTIV INC,45783Q100,1727964,399068,,
XOMA CORP,98419J206,1724095,81672,,
DULUTH HOLDINGS INC - CL B,26443V101,1718219,269313,,
SECUREWORKS CORP - A,81374A105,1713914,199990,,
TERRAN ORBITAL CORP,88105P103,1702445,925242,,
VOR BIOPHARMA INC,929033108,1699794,315947,,VOR
GOSSAMER BIO INC,38341P102,1696286,1346259,,
CONN'S INC,208242107,1692654,279316,,
LINCOLN EDUCATIONAL SERVICES,533535100,1690353,298649,,
FTC SOLAR INC,30320C103,1688683,750526,,
SELECTA BIOSCIENCES INC,816212104,1687220,1213828,,
US XPRESS ENTERPRISES INC -A,90338N202,1682469,283244,,
GENCOR INDUSTRIES INC,368678108,1664033,108265,,GENC
KHOSLA VENTURES ACQUISITIO-A,482506102,1660980,163724,,
DIEBOLD NIXDORF INC,253651103,1653172,1377644,,
FIESTA RESTAURANT GROUP,31660B101,1650296,200766,,
IMMUNEERING CORP - CLASS A,45254E107,1643116,169219,,
KVH INDUSTRIES INC,482738101,1642429,144326,,
RGC RESOURCES INC,74955L103,1635637,70532,,RGCO
ACACIA RESEARCH CORP,003881307,1635018,423580,,ACTG
SUPERIOR GROUP OF COS INC,868358102,1632371,207417,,
GRINDR INC,39854F101,1630305,262107,,GRND
1STDIBS.COM INC,320551104,1618926,407790,,
RADWARE LTD,M81873107,1617740,75104,,RDWR
CUE BIOPHARMA INC,22978P106,1616381,452768,,
PERMA-FIX ENVIRONMENTAL SVCS,714157203,1615921,137175,,
ERICSSON (LM) TEL-SP ADR,294821608,1606848,274675,,
MERRIMACK PHARMACEUTICALS IN,590328209,1599715,130164,,
ABSCI CORP,00091E109,1595279,911588,,ABSI
ATHIRA PHARMA INC,04746L104,1580870,632348,,
EVANS BANCORP INC,29911Q208,1580609,47091,,
PLUMAS BANCORP,729273102,1576535,46287,,PLBC
C & F FINANCIAL CORP,12466Q104,1573069,30421,,CFFI
CITIZENS INC,174740100,1571912,423696,,
TRANSPHORM INC,89386L100,1570563,393625,,
CITIUS PHARMACEUTICALS INC,17322U207,1566369,1338777,,
ZIM INTEGRATED SHIPPING SERV,M9T951109,1564132,66333,,
PROKIDNEY CORP,G7S53R104,1563235,138095,,PROK
GENMAB A/S -SP ADR,372303206,1559752,41307,,
POSEIDA THERAPEUTICS INC,73730P108,1558757,506090,,
PETROLEO BRASILEIRO-SPON ADR,71654V408,1557699,149348,,
FORGE GLOBAL HOLDINGS INC,34629L103,1555519,888868,,
SCPHARMACEUTICALS INC,810648105,1554997,171444,,
CORMEDIX INC,21900C308,1548277,373980,,CRMD
HYDROFARM HOLDINGS GROUP INC,44888K209,1545305,893240,,
SEACOR MARINE HOLDINGS INC,78413P101,1544616,202972,,SMHI
ESTABLISHMENT LABS HOLDINGS,G31249108,1540136,22736,,
BASSETT FURNITURE INDS,070203104,1538738,86446,,
COMMUNITY FINANCIAL CORP/THE,20368X101,1532295,46251,,
ENTERPRISE PRODUCTS PARTNERS,293792107,1527141,58963,,
MEDALLION FINANCIAL CORP,583928106,1520815,198281,,MBNKO
HYZON MOTORS INC,44951Y102,1510872,1853604,,
CRITEO SA-SPON ADR,226718104,1504206,47745,,
LATCH INC,51818V106,1501894,1970731,,
PLBY GROUP INC,72814P109,1499232,757188,,
TERRITORIAL BANCORP INC,88145X108,1497999,77576,,
ASENSUS SURGICAL INC,04367G103,1491936,2267381,,
ANNEXON INC,03589W102,1490269,387083,,
VERA BRADLEY INC,92335C106,1478577,246841,,
INNOVATIVE INDUSTRIAL PROPER,45781V101,1474661,19406,,
PENNS WOODS BANCORP INC,708430103,1474126,63815,,
REPUBLIC FIRST BANCORP INC,760416107,1474011,1083832,,
CHOICEONE FINANCIAL SVCS INC,170386106,1473258,58370,,
HURCO COMPANIES INC,447324104,1471598,58120,,HURC
BERKSHIRE GREY INC,084656107,1467795,1063620,,
LIMBACH HOLDINGS INC,53263P105,1462870,84559,,
CENTURY THERAPEUTICS INC,15673T100,1461484,421177,,
OAK VALLEY BANCORP,671807105,1455042,61498,,OVLY
ENLIGHT RENEWABLE ENERGY LTD,M4056D110,1454663,85973,,ENLT
TATTOOED CHEF INC,87663X102,1453585,1023652,,
WILLIS LEASE FINANCE CORP,970646105,1451396,26495,,WLFC
ASSOCIATED CAPITAL GROUP - A,045528106,1435470,38849,,
MAKEMYTRIP LTD,V5633W109,1432914,58558,,MMYT
KARAT PACKAGING INC,48563L101,1432108,107435,,KRT
PHENOMEX INC,084310101,1430941,1233570,,
KORU MEDICAL SYSTEMS INC,759910102,1430643,339015,,
AN2 THERAPEUTICS INC,037326105,1430626,144947,,
INFUSYSTEM HOLDINGS INC,45685K102,1429092,184399,,
HUT 8 MINING CORP,44812T102,1427617,771685,,
ABCAM PLC-SPON ADR,000380204,1427419,106049,,
CHEMUNG FINANCIAL CORP,164024101,1427019,34386,,CHMG
HARVARD BIOSCIENCE INC,416906105,1423899,339023,,HBIO
TERAWULF INC,88080T104,1419500,1513649,,WULF
JOUNCE THERAPEUTICS INC,481116101,1419166,767117,,
AMERICAN SUPERCONDUCTOR CORP,030111207,1417767,288751,,
MAIDEN HOLDINGS LTD,G5753U112,1416161,677589,,
EYEPOINT PHARMACEUTICALS INC,30233G209,1415557,481482,,
RAIN ONCOLOGY INC,75082Q105,1414944,161893,,
META MATERIALS INC,59134N104,1414420,3470118,,
SPIRE GLOBAL INC,848560108,1413744,2116384,,
SEMLER SCIENTIFIC INC,81684M104,1405606,52448,,
MATRIX SERVICE CO,576853105,1400911,259428,,MTRX
URBAN ONE INC,91705J105,1400215,185459,,
FISCALNOTE HOLDINGS INC,337655104,1397720,626779,,
MONEYLION INC,60938K106,1395523,2457772,,
INVESTAR HOLDING CORP,46134L105,1394427,99887,,ISTR
OPTINOSE INC,68404V100,1393546,722045,,
SWK HOLDINGS CORP,78501P203,1393133,78003,,SWKHL
TINGO GROUP INC,55328R109,1392716,1326397,,
STANDARD BIOTOOLS INC,34385P108,1392391,714047,,LAB
MAYVILLE ENGINEERING CO INC,578605107,1389454,93127,,
SKYX PLATFORMS CORP,78471E105,1388469,401291,,SKYX
TABULA RASA HEALTHCARE INC,873379101,1386331,248002,,
KORNIT DIGITAL LTD,M6372Q113,1385285,71554,,KRNT
INOZYME PHARMA INC,45790W108,1382121,241208,,
FIRST COMMUNITY CORP,319835104,1380660,69033,,
ZEVIA PBC-A,98955K104,1378584,358074,,
PAYMENTUS HOLDINGS INC-A,70439P108,1376454,155356,,
AEMETIS INC,00770K202,1372957,591792,,
EMAGIN CORPORATION,29076N206,1372250,659736,,
LIFETIME BRANDS INC,53222Q103,1369575,232921,,
INNOVATE CORP,45784J105,1366363,460055,,VATE
JAKKS PACIFIC INC,47012E403,1366077,78964,,JAKK
CELCUITY INC,15102K100,1362102,132888,,CELC
LIVEVOX HOLDINGS INC,53838L100,1361157,440504,,
SACHEM CAPITAL CORP,78590A109,1356643,364689,,SCCE
ENERGY TRANSFER LP,29273V100,1355389,108692,,ET-PI
CLIPPER REALTY INC,18885T306,1349410,235089,,CLPR
ARTERIS INC,04302A104,1347030,318447,,
VIRGINIA NATIONAL BANKSHARES,928031103,1347025,37459,,
ALAUNOS THERAPEUTICS INC,98973P101,1346083,2136640,,
VERU INC,92536C103,1337329,1152870,,VERU
PERION NETWORK LTD,M78673114,1328977,33577,,PERI
KINGSWAY FINANCIAL SERVICES,496904202,1327059,150631,,
BEAM GLOBAL,07373B109,1324077,83223,,BEEM
PEOPLES BANCORP OF NC,710577107,1320043,41550,,
SPECTRUM PHARMACEUTICALS INC,84763A108,1318077,1757437,,
MAINSTREET BANCSHARES INC,56064Y100,1314148,55945,,
BLUEROCK HOMES TRUST INC,09631H100,1311846,66188,,
GREAT AJAX CORP,38983D300,1311130,199260,,
SOUTHERN STATES BANCSHARES,843878307,1309658,58078,,
BYRNA TECHNOLOGIES INC,12448X201,1308865,172446,,BYRN
FOCUS UNIVERSAL INC,34417J104,1308800,523520,,FCUV
PFSWEB INC,717098206,1300094,306626,,
EQUINOR ASA-SPON ADR,29446M102,1299649,45714,,
ESCALADE INC,296056104,1298207,88918,,ESCA
RUMBLEON INC-B,781386305,1296379,213924,,
OVID THERAPEUTICS INC,690469101,1289058,499635,,OVID
AMERICAN OUTDOOR BRANDS INC,02875D109,1287357,130829,,
CALAMP CORP,128126109,1285015,357943,,
KALTURA INC,483467106,1284942,669241,,KLTR
VINCO VENTURES INC,927330100,1280963,3986813,,
KLX ENERGY SERVICES HOLDING,48253L205,1279880,109861,,
LANDSEA HOMES CORP,51509P103,1272684,210014,,
GLOBAL BUSINESS TRAVEL GROUP,37890B100,1252864,188969,,
CYTOSORBENTS CORP,23283X206,1252655,371708,,CTSO
LOOP MEDIA INC,54352F206,1245352,216583,,
INVIVYD INC,00534A102,1244636,1037197,,
HIMAX TECHNOLOGIES INC-ADR,43289P106,1242272,152801,,
LARIMAR THERAPEUTICS INC,517125100,1231996,271964,,
LANTRONIX INC,516548203,1231132,283671,,LTRX
ACHIEVE LIFE SCIENCES INC,004468500,1227284,180483,,
VBI VACCINES INC CDA,91822J103,1226671,3896669,,
WILLIAM PENN BANCORP,96927A105,1224172,108047,,
BLACKBERRY LTD,09228F103,1222749,266476,,BB
AG MORTGAGE INVESTMENT TRUST,001228501,1216194,211512,,
ATYR PHARMA INC,002120202,1215694,578902,,ATYR
SEVEN HILLS REALTY TRUST,81784E101,1214893,121611,,SEVN
OLEMA PHARMACEUTICALS INC,68062P106,1214312,349946,,
ASTRA SPACE INC,04634X103,1212134,2852080,,
SANARA MEDTECH INC,79957L100,1211182,29362,,SMTI
CUMULUS MEDIA INC-CL A,231082801,1210492,328046,,
PUMA BIOTECHNOLOGY INC,74587V107,1210111,391622,,
RANGER ENERGY SERVICES INC,75282U104,1206557,118406,,
HYCROFT MINING HOLDING CORP,44862P109,1203901,2784230,,HYMCW
PERSPECTIVE THERAPEUTICS INC,46489V104,1189331,1864156,,
PARATEK PHARMACEUTICALS INC,699374302,1185659,466795,,
SALISBURY BANCORP INC,795226109,1182828,49080,,
HAWTHORN BANCSHARES INC,420476103,1182330,50581,,
VROOM INC,92918V109,1181039,1314164,,
ANIXA BIOSCIENCES INC,03528H109,1179442,274289,,ANIX
ATERIAN INC,02156U101,1176489,1367852,,
VERRICA PHARMACEUTICALS INC,92511W108,1175739,180883,,VRCA
G1 THERAPEUTICS INC,3621LQ109,1174895,438394,,
SAGA COMMUNICATIONS INC-CL A,786598300,1173455,52787,,
AIRSCULPT TECHNOLOGIES INC,009496100,1169693,232082,,
PRIORITY TECHNOLOGY HOLDINGS,74275G107,1168817,325576,,
CUREVAC NV,N2451R105,1165397,167202,,
DLH HOLDINGS CORP,23335Q100,1162048,101312,,DLHC
CAMTEK LTD,M20791105,1158834,40876,,CAMT
GREENHILL & CO INC,395259104,1158767,130639,,
COMPOSECURE INC,20459V105,1153451,156719,,
GRAHAM CORP,384556106,1151667,88048,,GHM
FRANKLIN FINANCIAL SERVICES,353525108,1150506,38816,,
URBAN ONE INC,91705J204,1146486,208452,,
QUANTUM CORP,747906501,1143837,994641,,
ELLINGTON RESIDENTIAL MORTGA,288578107,1142807,156549,,
REDWIRE CORP,75776W103,1142419,377036,,RDW
ESSA BANCORP INC,29667D104,1135649,72242,,
RELMADA THERAPEUTICS INC,75955J402,1135295,502343,,
DOMA HOLDINGS INC,25703A104,1130561,2774383,,
THORNE HEALTHTECH INC,885260109,1129904,244568,,
BANKFINANCIAL CORP,06643P104,1129832,129123,,
CORE MOLDING TECHNOLOGIES IN,218683100,1129502,62785,,
POWERFLEET INC,73931J109,1124065,327716,,
ADTHEORENT HOLDINGS CO INC,00739D109,1123424,664748,,
KRONOS BIO INC,50107A104,1122154,768599,,
STRATASYS LTD,M85548101,1122105,67883,,SSYS
SINGULAR GENOMICS SYSTEMS IN,82933R100,1117197,923304,,
RICHMOND MUTUAL BANCORPORATI,76525P100,1114183,107443,,
GRIFOLS SA-ADR,398438408,1107578,150282,,
CALIFORNIA BANCORP INC,13005U101,1105904,56684,,
ECB BANCORP INC,26828M106,1105597,79654,,
FTAC ZEUS ACQUISITION C-CL A,30320F106,1105032,107389,,
VIANT TECHNOLOGY INC-A,92557A101,1103438,253664,,
FIRST NORTHWEST BANCORP,335834107,1102578,95876,,FNWB
VIGIL NEUROSCIENCE INC,92673K108,1100317,112392,,
FOSTER (LB) CO-A,350060109,1096466,95511,,
GALECTIN THERAPEUTICS INC,363225202,1095523,521678,,GALT
OMEGA THERAPEUTICS INC,68217N105,1094704,181543,,
MISTRAS GROUP INC,60649T107,1094434,161421,,
BRIDGETOWN HOLDINGS LTD-CL A,G1355U113,1082696,107517,,
MIND MEDICINE MINDMED INC,60255C885,1077974,340055,,
OP BANCORP,67109R109,1071320,120238,,OPBK
AFFIMED NV,N01045108,1068514,1433094,,
VECTOR ACQUISITION CORP II-A,G9460A104,1067155,105659,,
PERSONALIS INC,71535D106,1066742,386501,,
VIEW INC,92671V106,1064377,2128754,,
TRANSALTA CORP,89346D107,1061503,121345,,TRNTF
RIGETTI COMPUTING INC,76655K103,1058277,1462922,,
CVRX INC,126638105,1057437,113459,,
APPHARVEST INC,03783T103,1057401,1726933,,
LAKELAND INDUSTRIES INC,511795106,1052265,72073,,LAKE
EASTERN CO/THE,276317104,1051842,53996,,
GUILD HOLDINGS CO - CLASS A,40172N107,1049006,100866,,
HIREQUEST INC,433535101,1048388,48604,,
MERIDIAN CORP,58958P104,1046656,83068,,MRBK
GENELUX CORP,36870H103,1046047,37709,,GNLX
LAZYDAYS HOLDINGS INC,52110H100,1045029,89548,,
BEACHBODY CO INC/THE,073463101,1043893,2164855,,
AMTECH SYSTEMS INC,032332504,1034889,108479,,ASYS
PAYSIGN INC,70451A104,1033900,284821,,
OSISKO GOLD ROYALTIES LTD,68827L101,1031103,65218,,
NANO DIMENSION LTD - ADR,63008G203,1027984,355704,,
DOCEBO INC,25609L105,1025349,25173,,DCBO
AVEANNA HEALTHCARE HOLDINGS,05356F105,1021069,981798,,
COMSCORE INC,20564W105,1019519,828878,,
EVERSPIN TECHNOLOGIES INC,30041T104,1019518,149709,,MRAM
SHATTUCK LABS INC,82024L103,1017783,346185,,
RIVERVIEW BANCORP INC,769397100,1016853,190422,,RVSB
CENNTRO ELECTRIC GROUP LTD,Q6519V120,1016650,2201495,,
VALUE LINE INC,920437100,1015074,21003,,VALU
MALLINCKRODT PLC,G5890A102,1014468,139157,,
LIGHTSPEED COMMERCE INC,53229C107,1012165,66550,,LSPD
J. JILL INC,46620W201,1012148,38869,,
BIOATLA INC,09077B104,1006163,375434,,
THIRD HARMONIC BIO INC,88427A107,1006071,244192,,
FIRST FINANCIAL NORTHWEST,32022K102,1005488,78738,,
TRICON RESIDENTIAL INC,89612W102,1001546,129126,,
CAESARSTONE LTD,M20598104,999088,241910,,CSTE
GENASYS INC,36872P103,999079,338671,,GNSS
DISC MEDICINE INC,254604101,996735,47038,,
TELA BIO INC,872381108,992233,93255,,
PARK-OHIO HOLDINGS CORP,700666100,991296,82061,,
TORRID HOLDINGS INC,89142B107,990980,227289,,CURV
FORUM ENERGY TECHNOLOGIES IN,34984V209,984547,38716,,
CAPRICOR THERAPEUTICS INC,14070B309,977727,231689,,
DURECT CORPORATION,266605500,977003,215674,,
CHERRY HILL MORTGAGE INVESTM,164651101,975985,176809,,
INNOVATIVE SOLUTIONS & SUPP,45769N105,975419,132891,,
FONAR CORP,344437405,973668,60103,,
AMPRIUS TECHNOLOGIES INC,03214Q108,972157,111614,,
BIOVIE INC,09074F207,971224,120201,,BIVIW
BLACKSKY TECHNOLOGY INC,09263B108,970605,647070,,BKSY-WT
CYTOMX THERAPEUTICS INC,23284F105,969885,642308,,
CRONOS GROUP INC,22717L101,969512,500390,,CRON
FLEXSTEEL INDS,339382103,964579,50082,,
X4 PHARMACEUTICALS INC,98420X103,964555,1108684,,
YANDEX NV-A,N97284108,961318,280281,,
PYXIS ONCOLOGY INC,747324101,959797,239351,,
AGROFRESH SOLUTIONS INC,00856G109,957042,319014,,
EXPRESS INC,30219E103,956607,1213507,,
COMPUTER TASK GROUP INC,205477102,955716,131823,,
EVI INDUSTRIES INC,26929N102,953766,48170,,
TOWNSQUARE MEDIA INC - CL A,892231101,952520,119065,,
ARC DOCUMENT SOLUTIONS INC,00191G103,951079,300025,,
GAMBLING.COM GROUP LTD,G3R239101,945889,95448,,
MEDICINOVA INC,58468P206,944453,437247,,MNOV
DERMTECH INC,24984K105,942885,256219,,
AKEBIA THERAPEUTICS INC,00972D105,942871,1682498,,
PROPHASE LABS INC,74345W108,937488,123030,,
NL INDUSTRIES,629156407,936512,154540,,
KOPIN CORP,500600101,934227,857089,,KOPN
SUPERIOR INDUSTRIES INTL,868168105,933144,188514,,
INMUNE BIO INC,45782T105,928024,143657,,
ARENA GROUP HOLDINGS INC/THE,040044109,926389,217974,,
NATURAL GAS SERVICES GROUP,63886Q109,924655,89685,,
INSEEGO CORP,45782B104,924395,1587218,,INSG
AMBEV SA-ADR,02319V103,924046,327676,,
SCILEX HOLDING CO,80880W106,923894,112670,,SCLXW
BITFARMS LTD/CANADA,09173B107,923848,952421,,
EYENOVIA INC,30234E104,918036,260067,,
POLYMET MINING CORP,731916409,915792,425950,,
SPRUCE POWER HOLDING CORP,9837FR100,914613,1115382,,SPRU
BRAINSTORM CELL THERAPEUTICS,10501E201,909829,275706,,
AMERICAN RESOURCES CORP,02927U208,907572,605048,,AREC
STEREOTAXIS INC,85916J409,907365,444787,,
GRANITE RIDGE RESOURCES INC,387432107,899434,153225,,
RMG ACQUISITION CORP III -A,G76088106,898583,89679,,
HIVE BLOCKCHAIN TECHNOLOGIES,43366H704,898577,273124,,
BRIGHT HEALTH GROUP INC,10920V107,894624,4060938,,
TWIN DISC INC,901476101,890706,92589,,TWIN
VIA RENEWABLES INC,92556D304,889065,48371,,
CEL-SCI CORP,150837607,886474,382101,,
GENIUS BRANDS INTERNATIONAL,37229T509,883919,323780,,
SB FINANCIAL GROUP INC,78408D105,881985,62419,,
GEOSPACE TECHNOLOGIES CORP,37364X109,881478,125032,,GEOS
CB FINANCIAL SERVICES INC,12479G101,878039,40444,,
OHIO VALLEY BANC CORP,677719106,877875,37500,,OVBC
ATOSSA THERAPEUTICS INC,04962H506,877770,1210885,,
FIVERR INTERNATIONAL LTD,M4R82T106,867761,24850,,FVRR
GOLD RESOURCE CORP,38068T105,867347,826043,,
ENZO BIOCHEM INC,294100102,862752,355042,,
VAXXINITY INC-A,92244V104,859853,378790,,
BGSF INC,05601C105,858837,80642,,
CALUMET SPECIALTY PRODUCTS,131476103,855965,49250,,
CHROMADEX CORP,171077407,852875,557435,,
NEW ORIENTAL EDUCATIO-SP ADR,647581206,851466,22053,,
DARE BIOSCIENCE INC,23666P101,850029,817336,,
MAMMOTH ENERGY SERVICES INC,56155L108,848468,201059,,
MATINAS BIOPHARMA HOLDINGS I,576810105,848283,1804858,,
ZIVO BIOSCIENCE INC,98978N200,846466,276623,,
EPSILON ENERGY LTD,294375209,843559,157970,,EPSN
CASA SYSTEMS INC,14713L102,841490,662591,,
LITHIUM AMERICAS CORP,53680Q207,840407,38620,,LAC
BELLUS HEALTH INC,07987C204,838138,116395,,
CIDARA THERAPEUTICS INC,171757107,837777,659667,,
IKENA ONCOLOGY INC,45175G108,837384,242720,,
TRANSCONTINENTAL REALTY INV,893617209,837244,19751,,
PRELUDE THERAPEUTICS INC,74065P101,831652,145904,,PRLD
APYX MEDICAL CORP,03837C106,831424,288689,,APYX
CHINDATA GROUP HOLDINGS-ADR,16955F107,829097,118612,,
AGILETHOUGHT INC,00857F100,826585,262408,,
ALPINE 4 HOLDINGS INC,02083E105,824624,1616910,,
FIRST UNITED CORP,33741H107,822616,48791,,
SOUND FINANCIAL BANCORP INC,83607A100,817921,22100,,
BANK7 CORP,06652N107,816508,33259,,BSVN
PROVIDENT FINANCIAL HLDGS,743868101,811671,59550,,
SARCOS TECHNOLOGY AND ROBOTI,80359A106,809692,1705693,,
CVD EQUIPMENT CORP,126601103,808626,60799,,CVV
RCM TECHNOLOGIES INC,749360400,808460,69936,,
MAUI LAND & PINEAPPLE CO,577345101,807778,67540,,
ASTRONOVA INC,04638F108,807159,57286,,
FIRST CAPITAL INC,31942S104,806666,31449,,FCAP
GOHEALTH INC-CLASS A,38046W204,806641,49548,,
INSTIL BIO INC,45783C101,802898,1215040,,
DARIOHEALTH CORP,23725P209,800907,194395,,DRIO
SCYNEXIS INC,811292200,798084,266028,,SCYX
ANNOVIS BIO,03615A108,795926,51650,,
LOOP INDUSTRIES INC,543518104,794842,231059,,
LOANDEPOT INC -CLASS A,53946R106,792459,492211,,
FIRST SAVINGS FINANCIAL GRP,33621E109,792341,49244,,
UNION BANKSHARES INC /VT,905400107,791847,35814,,
FNCB BANCORP INC,302578109,788580,127190,,
VERASTEM INC,92337C104,787448,1896552,,
SEELOS THERAPEUTICS INC,81577F109,786586,1138001,,
BIRD GLOBAL INC-CLASS A,09077J107,785953,2807980,,
ICICI BANK LTD-SPON ADR,45104G104,785598,36404,,
BED BATH & BEYOND INC,075896100,785263,1837304,,
CONX CORP-CLASS A SHARES,212873103,784508,76687,,
HERITAGE GLOBAL INC,42727E103,779032,271440,,HGBL
EMERALD HOLDING INC,29103W104,778090,209164,,
LUMENT FINANCE TRUST INC,55025L108,777754,385027,,
SYSTEM1 INC,87200P109,776085,180485,,
UNIVERSAL STAINLESS & ALLOY,913837100,775149,82903,,
ENLIVEN THERAPEUTICS INC,29337E102,774997,35388,,
ACCRETION ACQUISITION CORP,00438Y107,774146,75087,,
OFFERPAD SOLUTIONS INC,67623L109,772311,1465487,,OPADW
STRATTEC SECURITY CORP,863111100,772157,33941,,STRT
WESTWOOD HOLDINGS GROUP INC,961765104,770070,68695,,WHG
BAYTEX ENERGY CORP,07317Q105,767760,204592,,BTE
TALARIS THERAPEUTICS INC,87410C104,767246,408110,,
AVALON ACQUISITION INC-A,05338E101,767157,73553,,
INNOVIZ TECHNOLOGIES LTD,M5R635108,765198,218628,,INVZ
SECURITY NATL FINL CORP-CL A,814785309,761348,122600,,
BELLEROPHON THERAPEUTICS INC,078771300,754725,95656,,
NORTHERN TECHNOLOGIES INTL,665809109,753795,63719,,
ABSOLUTE SOFTWARE CORPORATIO,00386B109,753661,83815,,
COMSTOCK HOLDING COMPANIES,205684202,751374,148493,,
MESA AIR GROUP INC,590479135,750633,316723,,
FINWARD BANCORP,31812F109,748422,25719,,FNWD
MALVERN BANCORP INC,561409103,748186,49239,,
OLD POINT FINANCIAL CORP,680194107,747157,31380,,
SOCIETAL CDMO INC,75629F109,746423,627247,,
F45 TRAINING HOLDINGS INC,30322L101,745737,642877,,
NEURONETICS INC,64131A105,744415,255813,,
ACME UNITED CORP,004816104,743613,32331,,ACU
ASCENT INDUSTRIES CO,871565107,739831,80944,,ACNT
HMN FINANCIAL INC,40424G108,739351,38368,,
BROADWIND INC,11161T207,739253,192514,,
PERMA-PIPE INTERNATIONAL HOL,714167103,738753,69497,,
ARLINGTON ASSET INVESTMENT-A,041356205,737951,258025,,
APPLIED OPTOELECTRONICS INC,03823U102,737938,333909,,
VINTAGE WINE ESTATES INC,92747V106,737454,689210,,
SYNCHRONOSS TECHNOLOGIES INC,87157B103,734897,781806,,
AVADEL PHARMACEUTICALS-ADR,05337M104,732827,80003,,
FINANCE OF AMERICA COS INC-A,31738L107,732226,590505,,
UNITED BANCORP INC/OHIO,909911109,731757,50466,,
CELLEBRITE DI LTD,M2197Q107,730739,119990,,CLBT
LIMESTONE BANCORP INC,53262L105,728444,32651,,
PARK CITY GROUP INC,700215304,726088,114706,,
EAGLE BANCORP MONTANA INC,26942G100,723241,51257,,
KORE GROUP HOLDINGS INC,50066V107,723019,592639,,
ROOT INC/OH -CLASS A,77664L207,721379,159951,,
QUEST RESOURCE HOLDING CORP,74836W203,720952,117419,,QRHC
PARDES BIOSCIENCES INC,69945Q105,718551,544357,,
CRAWFORD & CO  -CL B,224633107,718525,93680,,
ELDORADO GOLD CORP,284902509,718409,69329,,
ETON PHARMACEUTICALS INC,29772L108,718340,186582,,
CELULARITY INC,151190105,718314,1159132,,CELU
SMITH-MIDLAND CORP,832156103,716087,38171,,
IMMUNOCORE HOLDINGS PLC-ADR,45258D105,714803,14458,,
PIXELWORKS INC,72581M305,713177,481877,,
UNITED SECURITY BANCSHARE/CA,911460103,711295,111488,,
ONDAS HOLDINGS INC,68236H204,710805,658153,,
ORION GROUP HOLDINGS INC,68628V308,709012,273750,,ORN
EIGER BIOPHARMACEUTICALS INC,28249U105,706519,787735,,
VIRNETX HOLDING CORP,92823T108,706445,539271,,VHC
MANITEX INTERNATIONAL INC,563420108,698733,134114,,
VEON LTD,91822M502,698615,39649,,VEON
MAGIC SOFTWARE ENTERPRISES,559166103,697733,51191,,RMTHF
GREENLIGHT BIOSCIENCES HOLDI,39536G105,695860,1609299,,
WIPRO LTD-ADR,97651M109,694477,154672,,
CARROLS RESTAURANT GROUP INC,14574X104,692325,310460,,
SENSUS HEALTHCARE INC,81728J109,690851,132601,,
HERITAGE INSURANCE HOLDINGS,42727J102,689359,223818,,
VALHI INC,918905209,689227,39588,,
ATLANTIC COASTAL ACQUISITI-A,048453104,686220,68145,,
CARDIFF ONCOLOGY INC,14147L108,682278,413502,,
BIOVENTUS INC - A,09075A108,681700,637103,,
OCUPHIRE PHARMA INC,67577R102,680137,181370,,
TALKSPACE INC,87427V103,679996,978272,,
FRIEDMAN INDUSTRIES,358435105,679855,59952,,
AMERICAN REALTY INVESTORS IN,029174109,679161,25804,,
AQUA METALS INC,03837J101,678546,678546,,
LOCAL BOUNTI CORP,53960E106,677456,849901,,
ACUMEN PHARMACEUTICALS INC,00509G209,677289,166820,,
PRAXIS PRECISION MEDICINES I,74006W108,675980,835576,,
LIVEONE INC,53814X102,675900,592895,,
CURO GROUP HOLDINGS CORP,23131L107,675601,390521,,
CITIZENS COMMUNITY BANCORP I,174903104,675018,63621,,
NEONODE INC,64051M709,673941,88560,,NEON
YELLOW CORP,985510106,672845,331451,,
PHUNWARE INC,71948P100,670925,944966,,
DADA NEXUS LTD-ADR,23344D108,670087,79113,,
KEY TRONIC CORP,493144109,668876,92005,,KTCC
GLOBAL SELF STORAGE INC,37955N106,662725,128935,,
NEOVOLTA INC,640655106,660354,257951,,NEOVW
VERONA PHARMA PLC - ADR,925050106,658423,32790,,
DORCHESTER MINERALS LP,25820R105,657171,21696,,
SONENDO INC,835431107,657086,328543,,
STARRETT (L.S.) CO  -CL A,855668109,656874,58545,,
STREAMLINE HEALTH SOLUTIONS,86323X106,656211,364562,,
FINWISE BANCORP,31813A109,653120,74134,,FINW
BRIGHT GREEN CORP,10920G100,648976,689227,,
NEW MOUNTAIN FINANCE CORP,647551100,648295,53270,,NMFCZ
GRANITE REAL ESTATE INVESTME,387437114,647356,10446,,
ACRES COMMERCIAL REALTY CORP,00489Q102,643745,66229,,ACR-PD
GOGORO INC,G9491K105,643014,158769,,GGROW
AEYE INC,008183105,642874,2042169,,
SMITH MICRO SOFTWARE INC,832154207,642732,554080,,
PHX MINERALS INC,69291A100,642568,245255,,
PARTNERS BANCORP,70213Q108,639037,81614,,
FORIAN INC,34630N106,638220,167512,,
SCREAMING EAGLE ACQ -CLASS A,G79407105,634161,62479,,
FARMER BROS CO,307675108,632650,163899,,
CREATIVE MEDIA & COMMUNITY T,125525584,631786,155230,,
ADAMS RESOURCES & ENERGY INC,006351308,631394,16434,,
LIBERTY TRIPADVISOR HDG-A,531465102,630129,733562,,
MARKETWISE INC,57064P107,619679,334962,,
PRECISION BIOSCIENCES INC,74019P108,618800,821126,,DTIL
MOMENTUS INC,60879E101,618628,1057485,,MNTSW
LEE ENTERPRISES,523768406,617582,49605,,
FIRST MAJESTIC SILVER CORP,32076V103,617318,85541,,AG
PIERIS PHARMACEUTICALS INC,720795103,614845,629965,,
CINEDIGM CORP - A,172406209,614474,1463035,,
PCTEL INC,69325Q105,609805,144162,,
REVIVA PHARMACEUTICALS HOLDI,76152G100,609351,145430,,
HOLLYSYS AUTOMATION TECHNOLO,G45667105,608837,35132,,
PEPPERLIME HEALTH ACQ - A,G70021103,608450,59828,,
QUICKLOGIC CORP,74837P405,606215,101714,,QUIK
GRAPHITE BIO INC,38870X104,606081,247380,,
NINE ENERGY SERVICE INC,65441V101,605222,108853,,
HYPERFINE INC,44916K106,603316,418970,,
MODIV INC - CLASS C,60784B101,590666,55566,,
CANTERBURY PARK HOLDING CORP,13811E101,589892,24092,,CPHC
CHUNGHWA TELECOM LT-SPON ADR,17133Q502,584857,14958,,
DELTA APPAREL INC,247368103,579791,52708,,
RENEO PHARMACEUTICALS INC,75974E103,577733,96611,,
REKOR SYSTEMS INC,759419104,577053,461643,,
FORTRESS BIOTECH INC,34960Q109,572595,698287,,
INTUITIVE MACHINES INC,46125A100,571849,52949,,
UP FINTECH HOLDING LTD - ADR,91531W106,571784,171707,,
UNITED INSURANCE HOLDINGS CO,910710102,568765,201690,,
LANDMARK BANCORP INC,51504L107,567323,27460,,LARK
CORNER GROWTH ACQUISITION-A,G2425N105,566475,56198,,
LULU'S FASHION LOUNGE HOLDIN,55003A108,565418,237571,,
ADVERUM BIOTECHNOLOGIES INC,00773U108,565239,787900,,
NEXGEN ENERGY LTD,65340P106,565005,147079,,NXE
DR. REDDY'S LABORATORIES-ADR,256135203,562063,10179,,
VOLITIONRX LTD,928661107,559106,292726,,VNRX
BARNES & NOBLE EDUCATION INC,06777U101,558137,367196,,
SERA PROGNOSTICS INC-A,81749D107,557211,145486,,
BACKBLAZE INC-A,05637B105,556378,110174,,
EQUINOX GOLD CORP,29446Y502,554293,107909,,EQX
KULR TECHNOLOGY GROUP INC,50125G109,554190,631700,,
SMART SAND INC,83191H107,553974,314757,,
ELECTROMED INC,285409108,551990,53076,,
CLEARSIDE BIOMEDICAL INC,185063104,551300,530097,,
P3 HEALTH PARTNERS INC,744413105,550739,519566,,PIIIW
GREENWICH LIFESCIENCES INC,396879108,550676,39933,,
IMMUNIC INC,4525EP101,549266,368635,,
COGNYTE SOFTWARE LTD,M25133105,546525,161217,,CGNT
HUDSON GLOBAL INC,443787205,546059,24476,,
READING INTERNATIONAL INC-A,755408101,545558,167864,,
ITURAN LOCATION AND CONTROL,M6158M104,542801,24922,,
BIGLARI HOLDINGS INC-A,08986R408,541520,639,,
CELESTICA INC,15101Q108,541366,41135,,CLS
XOS INC,98423B108,541204,1030865,,
HARTE-HANKS INC,416196202,539964,57382,,
HAMILTON BEACH BRAND-A,40701T104,538449,52583,,
CONTANGO ORE INC,21077F100,535126,18776,,
XBIOTECH INC,98400H102,535036,155083,,XBIT
FIFTH WALL ACQUISITION COR-A,G34142102,534812,52330,,
FLUX POWER HOLDINGS INC,344057302,531669,109397,,
WALKME LTD,M97628107,530489,49858,,
ERO COPPER CORP,296006109,526984,29778,,ERO
ORION ENERGY SYSTEMS INC,686275108,526732,259474,,
GAN LTD,G3728V109,525804,407600,,
IDEAL POWER INC,451622203,522489,49999,,IPWR
FERROGLOBE PLC,G33856108,521822,105632,,GSM
CENTERRA GOLD INC,152006102,520826,80603,,CGAU
LINKBANCORP INC,53578P105,520614,79362,,
RLX TECHNOLOGY INC-ADR,74969N103,518607,178830,,
MONDEE HOLDINGS INC,465712107,515179,46163,,
ABEONA THERAPEUTICS INC,00289Y206,514616,182488,,ABEO
FUEL TECH INC,359523107,513440,401125,,
BLUEACACIA LTD - CLASS A,G11728105,513361,50133,,
POLISHED.COM INC,28252C109,512670,985715,,
BLACK DIAMOND THERAPEUTICS I,09203E105,511108,270428,,
GLYCOMIMETICS INC,38000Q102,510722,405335,,
LF CAPITAL ACQUISITION -CLA,50202D102,510394,48609,,
SENIOR CONNECT ACQUISITION-A,81723H108,510278,50774,,
PHARMACYTE BIOTECH INC,71715X203,510018,175264,,
HEPION PHARMACEUTICALS INC,426897104,509736,656453,,
BROADWAY FINANCIAL CORP/DE,111444105,506657,482531,,
VILLAGE BANK AND TRUST FINAN,92705T200,505447,8905,,
CULLMAN BANCORP INC/MD,230153108,504035,46887,,
MPLX LP,55336V100,503314,14610,,MPLXP
GALERA THERAPEUTICS INC,36338D108,502374,196240,,
VNET GROUP INC-ADR,90138A103,501843,154890,,
RANI THERAPEUTICS HOLDINGS-A,753018100,501474,97185,,
FIRST NATIONAL CORP/VA,32106V107,498331,31520,,
MARCHEX INC-CLASS B,56624R108,494071,271468,,
CURIS INC,231269200,491323,824368,,CRIS
SPERO THERAPEUTICS INC,84833T103,489891,337856,,
SONO-TEK CORP,835483108,487505,95216,,
CF ACQUISITION CORP IV-CL A,12520T102,486907,47181,,
SMILEDIRECTCLUB INC,83192H106,483162,1123634,,
TABOOLA.COM LTD,M8744T106,483115,177616,,TBLA
REZOLUTE INC,76200L309,481681,250876,,
ULTRALIFE CORP,903899102,481635,119809,,ULBI
COMPX INTERNATIONAL INC,20563P101,480819,26594,,CIX
PULSE BIOSCIENCES INC,74587B101,478766,142490,,
PRIMEENERGY RESOURCES CORP,74158E104,477015,5672,,PNRG
MYMD PHARMACEUTICALS INC,62856X102,475232,276298,,
HDFC BANK LTD-ADR,40415F101,474690,7120,,
TCR2 THERAPEUTICS INC,87808K106,473065,315377,,
AIRGAIN INC,00938A104,472903,88064,,AIRG
CO-DIAGNOSTICS INC,189763105,472851,319494,,
ISSUER DIRECT CORP,46520M204,471569,22429,,
CITIZENS HOLDING COMPANY,174715102,470882,38980,,
AMRYT PHARMA LTD - SPNR ADR,03217L106,467931,32094,,
PATRIA INVESTMENTS LTD-A,G69451105,464024,31353,,
SUNWORKS INC,86803X204,459580,319153,,
TREVI THERAPEUTICS INC,89532M101,459342,248293,,
NUVECTIS PHARMA INC,67080T108,459138,35022,,
WESTERN ASSET MORTGAGE CAPIT,95790D204,455952,49940,,
MERUS NV,N5749R100,455768,24770,,
GAIN THERAPEUTICS INC,36269B105,454077,94207,,
GREAT ELM GROUP INC,39037G109,453832,199926,,
FAT BRANDS INC-CL B,30258N600,451638,79654,,
WESTWATER RESOURCES INC,961684206,451563,406814,,
TC BANCSHARES INC,87224V108,450933,30992,,
SANDSTORM GOLD LTD,80013R206,450612,77451,,
ENERGOUS CORP,29272C103,450181,833670,,WATT
MAGELLAN MIDSTREAM PARTNERS,559080106,449815,8290,,
WRAP TECHNOLOGIES INC,98212N107,448448,260726,,
AURORA CANNABIS INC,05156X884,446018,639637,,ACB
AQUESTIVE THERAPEUTICS INC,03843E104,441835,387575,,
ALVOTECH SA,L01800108,438690,34007,,
IAMGOLD CORP,450913108,437727,160267,,IAG
LIVE VENTURES INC,538142308,437679,13820,,LIVE
BIODESIX INC,09075X108,437038,234967,,BDSX
ENVELA CORP,29402E102,436819,67203,,ELA
LANDCADIA HOLDINGS IV INC-A,51477A104,436360,43419,,
NAYAX LTD,M7S750159,435353,25609,,NYAX
CULP INC,230215105,435151,83683,,CULP
BUZZFEED INC,12430A102,434411,384435,,
HUDBAY MINERALS INC,443628102,432608,82438,,HBM
ALTISOURCE ASSET MANAGEMENT,02153X108,430891,6624,,
ARAVIVE INC,03890D108,430436,215218,,
VISTAGEN THERAPEUTICS INC,92840H202,430190,3449805,,
NICHOLAS FINANCIAL INC,65373J209,429147,72247,,
NN INC,629337106,427888,399896,,NNBR
KAROOOOO LTD,Y4600W108,427576,18218,,KARO
MANHATTAN BRIDGE CAPITAL INC,562803106,425909,82222,,
ECARX HOLDINGS INC-CL A,G29201103,425187,72806,,
ALTITUDE ACQUISITION CORP-A,02156Y103,423661,41617,,
LIFEVANTAGE CORP,53222K205,423243,117895,,LFVN
TRANSACT TECHNOLOGIES INC,892918103,421749,68134,,TACT
SURGEPAYS INC,86882L204,419738,93483,,
BROOKFIELD INFRASTRUCTURE PA,G16252101,418038,12379,,
BIOTE CORP -A,090683103,416952,67359,,
OCEAN BIOMEDICAL INC,67644C104,416361,62705,,
UNITED HOMES GROUP INC,91060H108,416291,20014,,
OLINK HOLDING AB - ADR,680710100,416061,18467,,
CANAAN INC,134748102,415186,152742,,CAN
ALTISOURCE PORTFOLIO SOL,L0175J104,412620,89700,,
GULF ISLAND FABRICATION INC,402307102,412319,111437,,
OWLET INC,69120X107,411905,1269747,,
NEWEGG COMMERCE INC,G6483G100,410191,306113,,
NOMAD FOODS LTD,G6564A105,409450,21849,,NOMD
FREIGHTCAR AMERICA INC,357023100,409181,131148,,
MAG SILVER CORP,55903Q104,409000,32352,,
QURATE RETAIL GROUP INC-B,74915M209,407138,87181,,
BANK OF SOUTH CAROLINA CORP,065066102,407032,25729,,
GENPREX INC,372446104,406917,447211,,
BANK OF THE JAMES FINANCIAL,470299108,406074,38637,,
IMMUNOME INC,45257U108,405252,81213,,IMNM
CANADA GOOSE HOLDINGS INC,135086106,405180,21063,,GOOS
GAIA INC,36269P104,404359,145978,,
EMCORE CORP,290846203,402305,349831,,
PRO-DEX INC,74265M205,402214,24303,,
FORTUNA SILVER MINES INC,349915108,399456,104793,,
ALPHA PRO TECH LTD,020772109,398989,95911,,APT
GH RESEARCH PLC,G3855L106,398061,49820,,GHRS
HOMOLOGY MEDICINES INC,438083107,397591,386011,,
AUDIOEYE INC,050734201,396300,55817,,AEYE
ODYSSEY MARINE EXPLORATION,676118201,395996,121845,,
TCV ACQUISITION CORP-A,G8704C124,395059,38580,,
ENVVENO MEDICAL CORP,29415J106,392982,83083,,NVNO
HELIOGEN INC,42329E105,392702,1634898,,
GALAPAGOS NV-SPON ADR,36315X101,390070,10095,,
TRAVELZOO,89421Q205,389640,64510,,TZOO
GRUPO AEROPORTUARIO PAC-ADR,400506101,389439,1996,,
JOANN INC,47768J101,388347,244244,,
IRONNET INC,46323Q105,388091,1103788,,
ZEROFOX HOLDINGS INC,98955G103,387922,265700,,
BIOSIG TECHNOLOGIES INC,09073N201,386099,338684,,
LEONARDO DRS INC,52661A108,385987,29760,,
OPPFI INC,68386H103,384955,187783,,OPFI
BAYFIRST FINANCIAL CORP,07279B104,384227,24741,,BAFN
NAUTILUS INC,63910B102,382440,285403,,
DYADIC INTERNATIONAL INC,26745T101,381290,214208,,DYAI
ASSEMBLY BIOSCIENCES INC,045396108,380388,452628,,
WEJO GROUP LTD,G9525W109,379367,769509,,
CATALYST BANCORP INC,14888L101,379362,32988,,
SILVERCREST METALS INC,828363101,378632,53231,,
1895 BANCORP OF WISCONSIN IN,28253R105,377437,46945,,
SPROTT INC,852066208,376001,9821,,SII
XWELL INC,98420U703,375894,1041547,,
ALPHA TEKNOVA INC,02080L102,373173,126072,,
EMBARK TECHNOLOGY INC,29079J202,373007,132743,,
LIGHTBRIDGE CORP,53224K302,372793,91371,,LTBR
COMMUNITY WEST BANCSHARES,204157101,372416,29440,,CWBC
OPAL FUELS INC-A,68347P103,372177,53397,,
VITRU LTD,G9440D103,369963,16255,,
FLOTEK INDUSTRIES INC,343389102,368756,534429,,
ADVENT TECHNOLOGIES HOLDINGS,00788A105,368665,347798,,
FLUENT INC,34380C102,368369,449231,,
CARISMA THERAPEUTICS INC,14216R101,367979,118703,,
INTELLICHECK INC,45817G201,367707,147083,,
ORLA MINING LTD,68634K106,366633,77302,,ORLA
AUGMEDIX INC,05105P107,366306,210521,,
AMERISERV FINANCIAL INC,03074A102,366216,120070,,
MOONLAKE IMMUNOTHERAPEUTICS,61559X104,365961,17109,,MLTX
SPLASH BEVERAGE GROUP INC,84862C203,365916,223120,,
BICYCLE THERAPEUTICS PLC-ADR,088786108,364652,17144,,
BRILLIANT EARTH GROUP INC-A,109504100,363645,93004,,
AIR T INC,009207101,363024,15001,,AIRTP
DELCATH SYSTEMS INC,24661P807,360714,62733,,
ONCOLOGY INSTITUTE INC/THE,68236X100,360688,532067,,
VIRACTA THERAPEUTICS INC,92765F108,356856,224438,,
SOHU.COM LTD-ADR,83410S108,355788,24154,,
CLENE INC,185634102,355446,314554,,CLNN
GRUPO AEROPORTUARIO CEN-ADR,400501102,353922,3954,,
INSPIRATO INC,45791E107,353103,368238,,
GEE GROUP INC,36165A102,351741,847571,,JOB
ONCOCYTE CORP,68235C107,351725,992454,,
TAYLOR DEVICES INC,877163105,351341,17532,,
RVL PHARMACEUTICALS PLC,G6S41R101,350283,307266,,
AKUMIN INC,01021X100,349792,514401,,
DECIBEL THERAPEUTICS INC,24343R106,349012,115567,,
HOME POINT CAPITAL INC,43734L106,348675,180661,,
ACCELERATE DIAGNOSTICS INC,00430H102,348266,497523,,
REGIS CORP,758932107,346248,311936,,RGS
BIOCERES CROP SOLUTIONS CORP,G1117K114,346152,29815,,BIOX
KIRKLAND'S INC,497498105,345742,121313,,
IDAHO STRATEGIC RESOURCES IN,645827205,344859,70813,,
OATLY GROUP AB,67421J108,343927,142119,,OTLY
KATAPULT HOLDINGS INC,485859102,342792,768938,,
MUSCLE MAKER INC,627333107,340034,317789,,
VIRTRA INC,92827K301,338294,83944,,
LIFEMD INC,53216B104,338073,198867,,
MAGYAR BANCORP INC,55977T208,338034,31890,,
NATURAL ALTERNATIVES INTL,638842302,338011,36621,,
7GC & CO HOLDINGS INC -CL A,81786A107,337849,32674,,
WEREWOLF THERAPEUTICS INC,95075A107,337563,129832,,
ENVIROTECH VEHICLES INC,29414V209,336769,108987,,
CERBERUS CYBER SENTINEL CORP,15672X102,333669,987188,,
ASE TECHNOLOGY HOLDING -ADR,00215W100,333664,41865,,
SILVERCORP METALS INC,82835P103,333603,87717,,SVM
NEUROPACE INC,641288105,331829,71515,,NPCE
AVROBIO INC,05455M100,330512,330512,,
SEABRIDGE GOLD INC,811916105,329969,25548,,SA
ADVANCED EMISSIONS SOLUTIONS,00770C101,329654,166492,,
MILESTONE SCIENTIFIC INC,59935P209,329593,366215,,MLSS
BM TECHNOLOGIES INC,05591L107,329556,93624,,
PROFIRE ENERGY INC,74316X101,327006,263715,,
NATURAL HEALTH TRENDS CORP,63888P406,326843,66162,,NHTC
COSMOS HEALTH INC,221413305,326805,92318,,COSM
RESEARCH FRONTIERS INC,760911107,326307,190823,,REFR
ONCTERNAL THERAPEUTICS INC,68236P107,326233,415584,,
CYXTERA TECHNOLOGIES INC,23284C102,325898,1067120,,
MASTECH DIGITAL INC,57633B100,325799,26434,,
IZEA WORLDWIDE INC,46604H105,325250,499694,,
CEPTON INC,15673X101,325120,700087,,
APOLLOMICS INC,G0411D107,324933,13427,,APLMW
BEASLEY BROADCAST GRP INC -A,074014101,324585,394154,,
IF BANCORP INC,44951J105,323144,20794,,
GLIMPSE GROUP INC/THE,37892C106,322630,85806,,
LIGHTPATH TECHNOLOGIES INC-A,532257805,322444,228684,,
LONGBOARD PHARMACEUTICALS IN,54300N103,321890,81906,,
GRUPO FINANCIERO GALICIA-ADR,399909100,321582,29288,,
AMARIN CORP PLC -ADR,023111206,321577,214385,,
AUBURN NATL BANCORPORATION,050473107,320782,14156,,
SCIENCE 37 HOLDINGS INC,808644108,319719,1135366,,
DENISON MINES CORP,248356107,318933,293131,,DNN
GRUPO AEROPORTUARIO SUR-ADR,40051E202,318115,1038,,
PASSAGE BIO INC,702712100,317874,331914,,
ATI PHYSICAL THERAPY INC,00216W109,315730,1242055,,
TONIX PHARMACEUTICALS HOLDIN,890260862,315358,533511,,
FG GROUP HOLDINGS INC,302462106,313925,156182,,
FATHOM HOLDINGS INC,31189V109,312851,73612,,FTHM
BOGOTA FINANCIAL CORP,097235105,312058,30775,,BSBK
GOLDEN MATRIX GROUP INC,381098300,311677,117614,,
PROSPECTOR CAPITAL CORP-CL A,G7273A105,311567,31408,,
POSCO HOLDINGS INC -SPON ADR,693483109,310070,4405,,
ARCA BIOPHARMA INC,00211Y506,309713,155635,,
AGEAGLE AERIAL SYSTEMS INC,00848K101,308192,684873,,UAVS
LYRA THERAPEUTICS INC,55234L105,308098,148840,,
MARBLEGATE ACQUISITION COR-A,56608A105,307185,30505,,
INDEPENDENCE CONTRACT DRILLI,453415606,307043,94185,,
THERAPEUTICSMD INC,88338N206,306678,81781,,
RF INDUSTRIES LTD,749552105,305553,70404,,
ELEDON PHARMACEUTICALS INC,28617K101,304796,129151,,
U.S. GLOBAL INVESTORS INC-A,902952100,302388,114541,,
TKB CRITICAL TECHNOLOGIES -A,G88935112,302078,29046,,
QUANTUM COMPUTING INC,74766W108,301660,230275,,QUBT
TAYSHA GENE THERAPIES INC,877619106,300267,376464,,
ONE STOP SYSTEMS INC,68247W109,299611,120811,,
SLAM CORP-A,G8210L105,299433,29043,,
US GOLD CORP,90291C201,299149,53611,,
DECISIONPOINT SYSTEMS INC/CA,24345A507,298294,44789,,
TESSCO TECHNOLOGIES INC,872386107,298003,62084,,
CURIOSITYSTREAM INC,23130Q107,296998,219999,,CURI
HUTCHMED CHINA-ADR,44842L103,296973,22809,,
CODA OCTOPUS GROUP INC,19188U206,295872,40810,,
TRACON PHARMACEUTICALS INC,89237H209,294511,155826,,
TH INTERNATIONAL LTD/CAYMAN,G8656L106,293813,72190,,
GOAL ACQUISITIONS CORP,38021H107,293324,28701,,
APPLIED THERAPEUTICS INC,03828A101,292870,361078,,
IRIS ACQUISITION CORP,89601Y101,292575,29112,,
DAVE INC,23834J201,292352,48243,,
ENOCHIAN BIOSCIENCES INC,29350E104,291784,318855,,
AFYA LTD-CLASS A,G01125106,291666,26135,,
CARDIO DIAGNOSTICS HOLDINGS,14159C103,290450,74284,,
ENDEAVOUR SILVER CORP,29258Y103,289559,74946,,EXK
SATSUMA PHARMACEUTICALS INC,80405P107,289419,414344,,
HOOKIPA PHARMA INC,43906K100,288422,391879,,
WIRELESS TELECOM GROUP INC,976524108,288416,155901,,
TRIPLE FLAG PRECIOUS MET,89679M104,288075,19341,,
ATLANTIC COAST ACQUISITION-A,04845A108,285652,27493,,
ZYMEWORKS INC,98985Y108,284760,31500,,ZYME
MAGENTA THERAPEUTICS INC,55910K108,284256,357690,,
ATRECA INC - A,04965G109,283837,248980,,
HALL OF FAME RESORT & ENTERT,40619L201,283457,30979,,
CREDIT SUISSE GROUP-SPON ADR,225401108,283355,318448,,
DIAMEDICA THERAPEUTICS INC,25253X207,282851,184870,,DMAC
AQUABOUNTY TECHNOLOGIES,03842K200,282631,475170,,
CF BANKSHARES INC,12520L109,281989,14461,,CFBK
KOSS CORP,500692108,281847,61006,,KOSS
RED CAT HOLDINGS INC,75644T100,281503,270676,,
LIFEWAY FOODS INC,531914109,281331,46578,,
AMREP CORP,032159105,281101,20093,,AXR
GROVE COLLABORATIVE HOLDINGS,39957D102,281089,641756,,
BETTERWARE DE MEXICO SAPI DE,P1666E105,280483,23570,,
RETRACTABLE TECHNOLOGIES INC,76129W105,279478,159702,,RVP
LANTERN PHARMA INC,51654W101,279048,57774,,LTRN
HV BANCORP INC,40441H105,278738,9282,,
VIRCO MFG CORPORATION,927651109,275776,69465,,VIRC
SURFACE ONCOLOGY INC,86877M209,275545,394312,,
ICAD INC,44934S206,275482,222163,,
PAVMED INC,70387R106,274326,734474,,PAVM
CORVUS PHARMACEUTICALS INC,221015100,270998,297800,,
NEW GOLD INC,644535106,270290,248502,,
GORILLA TECHNOLOGY GROUP INC,G4000K100,269558,56158,,GRRRW
XILIO THERAPEUTICS INC,98422T100,269428,84726,,
SELLAS LIFE SCIENCES GROUP I,81642T209,268934,188066,,
SAFEGUARD SCIENTIFICS INC,786449207,268208,155935,,SFES
PATHFINDER BANCORP INC,70319R109,267995,15518,,
PEAR THERAPEUTICS INC,704723105,267974,1050879,,
USIO INC,917313108,267819,153919,,
ACURX PHARMACEUTICALS INC,00510M104,267399,77283,,
AUDACY INC,05070N103,265919,1974162,,
PRECISION DRILLING CORP,74022D407,264375,5143,,PDS
LIPOCINE INC,53630X104,264043,830063,,LPCN
ENERFLEX LTD,29269R105,262776,44117,,EFXT
DUNE ACQUISITION CORP-CL A,265334102,262266,26599,,
REPARE THERAPEUTICS INC,760273102,261192,26544,,
MIDWEST HOLDING INC,59833J206,260898,15812,,
PROTARA THERAPEUTIC INC,74365U107,258602,83420,,
AUDIOCODES LTD,M15342104,257581,17081,,AUDC
CYCLERION THERAPEUTICS INC,23255M105,256971,592237,,
STONEBRIDGE ACQUISITION CORP,G85094103,256681,24330,,
CARECLOUD INC,14167R100,255347,76223,,
AMERICAN LITHIUM CORP,027259209,254123,110010,,AMLIF
S&W SEED CO,785135104,253620,175516,,
OCEAN POWER TECHNOLOGIES INC,674870506,253284,477895,,
SYNLOGIC INC,87166L100,252803,400006,,
CPS TECHNOLOGIES CORP,12619F104,252618,88950,,
KHOSLA VENTURES ACQUISITION,482504107,252597,24911,,
DATA I/O CORP,237690102,252152,50735,,DAIO
CROWN CRAFTS INC,228309100,252031,43604,,CRWS
EDAP TMS SA -ADR,268311107,251997,22764,,
PAGAYA TECHNOLOGIES LTD -A,M7S64L115,251748,246812,,
MAQUIA CAPITAL ACQUISITION-A,56564V101,251744,23638,,
CARVER BANCORP INC,146875604,250041,62667,,CARV
NRX PHARMACEUTICALS INC,629444100,249579,378667,,
NEWAMSTERDAM PHARMA CO NV,N62509109,249432,18559,,
NEXTCURE INC,65343E108,249384,168503,,
AULT ALLIANCE INC,09175M101,248488,2377884,,
ELEVATION ONCOLOGY INC,28623U101,247722,130380,,
BOLT BIOTHERAPEUTICS INC,097702104,247408,177992,,
AMCON DISTRIBUTING CO,02341Q205,246659,1477,,DIT
INTER & CO INC - CL A,G4R20B107,246489,144994,,
UPEXI INC,39959A106,246341,60825,,
CASTELLUM INC,14838T204,246151,225827,,
ORGENESIS INC,68619K204,243969,206754,,
COGNITION THERAPEUTICS INC,19243B102,242744,122598,,CGTX
ARK RESTAURANTS CORP,040712101,242494,14017,,ARKR
EARGO INC,270087208,241885,51685,,
DIGITAL WORLD ACQUISITION-A,25400Q105,240831,17141,,
ALZAMEND NEURO INC,02262M308,239555,563660,,
CORBUS PHARMACEUTICALS HOLDI,21833P301,238928,32865,,
KB FINANCIAL GROUP INC-ADR,48241A105,238731,6485,,
GSI TECHNOLOGY INC,36241U106,238617,138731,,GSIT
FARFETCH LTD-CLASS A,30744W107,236671,48202,,
MOLECULIN BIOTECH INC,60855D200,236592,246451,,
BANCOLOMBIA S.A.-SPONS ADR,05968L102,236372,9406,,
BRIDGFORD FOODS CORP,108763103,236313,17001,,BRID
SENTI BIOSCIENCES INC,81726A100,236220,200187,,
FINSERV ACQUISITION CORP-A,31809Y103,236015,23391,,
FREQUENCY ELECTRONICS INC,358010106,235424,34169,,FEIM
BATTALION OIL CORP,07134L107,235146,35791,,BATL
BK TECHNOLOGIES CORPORATION,05587G104,235017,82462,,BKTI
BROOGE ENERGY LTD,G1611B107,234712,37918,,
KEWAUNEE SCIENTIFIC CP,492854104,234581,14913,,
TASTEMAKER ACQUISITION COR-A,876545104,234541,22661,,
MIROMATRIX MEDICAL INC,60471P108,234496,139581,,
VTV THERAPEUTICS INC- CL A,918385105,233734,289347,,
HENNESSY ADVISORS INC,425885100,232587,30050,,HNNA
AMPCO-PITTSBURGH CORP,032037103,231899,94653,,
CIIG CAPITAL PARTNERS II-A,12561U109,231899,22298,,
PERCEPTION CAPITAL CORP II-A,G7007D102,231369,21910,,
ELECTROCORE INC,28531P202,230642,41935,,
IMMATICS NV,N44445109,230177,33359,,
DRAGONFLY ENERGY HOLDINGS CO,26145B106,230091,76697,,
NETSOL TECHNOLOGIES INC,64115A402,229492,86929,,NTWK
LIGHTNING EMOTORS INC,53228T101,229407,800723,,
SHINHAN FINANCIAL GROUP-ADR,824596100,229170,8416,,
BYTE ACQUISITION CORP - A,G1R25Q105,228592,22411,,
UNITED STATES ANTIMONY CORP,911549103,228390,605169,,UAMY
SUMMIT STATE BANK,866264203,228133,16448,,
NUBURU INC,67021W103,228012,85398,,
SUSTAINABLE DEVELOPMENT AC-A,86934L103,227923,22589,,
DEEP MEDICINE ACQUISITI-CL A,243733102,227645,21476,,
WOORI FINANCIAL-SPON ADR,981064108,227622,8559,,
FINVOLUTION GROUP-ADR,31810T101,227227,54491,,
ASTROTECH CORP,046484309,226994,21294,,ASTC
MUSTANG BIO INC,62818Q104,226406,617584,,
TELESIS BIO INC,192003101,225714,72811,,
CASI PHARMACEUTICALS INC,G1933S101,225705,98133,,
LOGISTICS INNOVATION TECH-A,54141L100,224589,22127,,
WHERE FOOD COMES FROM INC,96327X200,224344,16868,,
KERNEL GROUP HOLDINGS INC-A,G5259L103,222006,21554,,
VINCI PARTNERS INVESTMENTS-A,G9451V109,221900,27294,,
SYROS PHARMACEUTICALS INC,87184Q206,221820,83079,,
RUNWAY GROWTH FINANCE CORP,78163D100,221408,18253,,RWAYI
TIZIANA LIFE SCIENCES LTD,G88912103,220508,200462,,TLSA
ASHFORD INC,044104107,220412,17369,,
MOVANO INC,62459M107,220172,179002,,
D-WAVE QUANTUM INC,26740W109,220031,331323,,QBTS
EDIFY ACQUISITION CORP-CL A,28059Q103,219137,21442,,
MEI PHARMA INC,55279B202,218991,956710,,
ASPIRA WOMENS HEALTH INC,04537Y109,218779,597758,,
JAWS HURRICANE ACQUISITION-A,47201B103,217952,21452,,
NCS MULTISTAGE HOLDINGS INC,628877201,217400,9173,,
GALECTO INC,36322Q107,216810,108950,,
CYTEIR THERAPEUTICS INC,23284P103,216638,119032,,
CHARLES & COLVARD LTD,159765106,216629,232935,,
INUVO INC,46122W204,216562,742415,,
IMPEL PHARMACEUTICALS INC,45258K109,216146,154390,,
IRIDEX CORP,462684101,215700,103702,,IRIX
FRANKLIN WIRELESS CORP,355184102,215678,43309,,FKWL
SOLITARIO ZINC CORP,8342EP107,215216,325150,,
QUINCE THERAPEUTICS INC,22053A107,213854,137086,,
SOPHIA GENETICS SA,H82027105,213541,42966,,SOPH
ATAI LIFE SCIENCES NV,N0731H103,212179,117226,,
VECTIVBIO HOLDING AG,H9060V101,211964,24647,,
ATOUR LIFESTYLE HOLDINGS-ADR,04965M106,211960,8087,,
PREDICTIVE ONCOLOGY INC,74039M200,211187,646028,,
AHREN ACQUISITION CO-CLASS A,G01322109,211010,20270,,
TSCAN THERAPEUTICS INC,89854M101,210928,100442,,
NIGHTHAWK BIOSCIENCES INC,42237K409,210814,241041,,
NEOLEUKIN THERAPEUTICS INC,64049K104,210739,301057,,
FAT PROJECTS ACQUISITION COR,G3400W102,210678,20151,,
LEAP THERAPEUTICS INC,52187K101,210348,618673,,
VOLCON INC,92864V103,209989,139993,,
KNIGHTSCOPE INC-A,49907V102,209252,234878,,
STARTEK INC,85569C107,209093,50628,,
UNITED GUARDIAN INC,910571108,208573,22451,,UG
LEXINFINTECH HOLDINGS L-ADR,528877103,208228,76837,,
GREEN PLAINS PARTNERS LP,393221106,208203,16394,,
OPERA LTD-ADR,68373M107,206756,20330,,
CLEARSIGN TECHNOLOGIES CORP,185064102,206646,258956,,CLIR
ZEDGE INC-CL B,98923T104,206251,105770,,
GOOD TIMES RESTAURANTS INC,382140879,205573,76994,,GTIM
WESTERN MIDSTREAM PARTNERS L,958669103,205369,7788,,
FORUM MERGER IV CORP-A,349875104,205078,20165,,
REAL GOOD FOOD CO INC/THE,75601G109,204868,48547,,
LENSAR INC,52634L108,204426,83100,,
GRAVITY CO LTD-SPONSORED ADR,38911N206,204380,3536,,
BOXLIGHT CORP - CLASS A,103197109,204221,533912,,
CRIXUS BH3 ACQUISITION CO-A,22677T102,203916,19817,,
CHAMPIONS ONCOLOGY INC,15870P307,202819,50452,,
INTERNATIONAL GENERAL INSURA,G4809J106,202574,24436,,
NOAH HOLDINGS LTD-SPON ADS,65487X102,202373,12228,,
MSP RECOVERY INC,553745100,202297,237997,,
UNICYCIVE THERAPEUTICS INC,90466Y103,201385,95898,,
RAVE RESTAURANT GROUP INC,754198109,200620,137411,,
UNITY BIOTECHNOLOGY INC,91381U200,200462,122983,,
EHANG HOLDINGS LTD-SPS ADR,26853E102,200357,18331,,
ESGEN ACQUISITION CORP-A,G3R95N103,200107,19076,,
CAPITAL SOUTHWEST CORP,140501107,200042,11251,,CSWC
URBAN-GRO INC,91704K202,198917,73673,,
SOLID BIOSCIENCES INC,83422E204,198658,41911,,SLDB
VERICITY INC,92347D100,198539,25005,,
MEDALIST DIVERSIFIED REIT IN,58403P105,197316,236307,,
NUTRIBAND INC,67092M208,196825,59464,,NTRBW
AMPLITECH GROUP INC,03211Q200,196564,72533,,
IMMUCELL CORP,452525306,196122,38082,,
HOUSTON AMERICAN ENERGY CORP,44183U209,196094,75712,,
AFFINITY BANCSHARES INC,00832E103,195768,13671,,
SYPRIS SOLUTIONS INC,871655106,195766,99881,,SYPR
NOVAN INC,66988N205,195586,150451,,
WAG! GROUP CO,93042P109,195484,87270,,
FORTE BIOSCIENCES INC,34962G109,195121,193190,,
CRESUD S.A.-SPONS ADR,226406106,194699,30565,,
SOTHERLY HOTELS INC,83600C103,194652,97570,,
ROCKY MOUNTAIN CHOC FACT INC,77467X101,194568,36368,,
MARIADB PLC,G5920M100,193215,140011,,
ANZU SPECIAL ACQUISITION -A,03737A101,191743,19079,,
THUNDER BRIDGE CAPITAL PAR-A,88605T100,191168,19136,,
FIRST SEACOAST BANCORP INC,33631F104,191036,22162,,
NOCTURNE ACQUISITION CORP,G6580S114,190996,17571,,
AGORA INC-ADR,00851L103,190810,52710,,
ALLIED GAMING & ENTERTAINMEN,019170109,189912,157604,,
AEQUI ACQUISITION CORP-CL A,00775W102,189697,19142,,
PB BANKSHARES INC,69318V103,189629,14531,,
OBSIDIAN ENERGY LTD,674482203,189444,29668,,OBE
BIOCARDIA INC,09060U507,189324,96594,,
MAMAMANCINI'S HOLDINGS INC,56146T103,189095,99524,,
BOXED INC,103174108,189092,996274,,
CIA SANEAMENTO BASICO DE-ADR,20441A102,188538,18835,,
SUPER LEAGUE GAMING INC,86804F202,187759,338428,,
VIEMED HEALTHCARE INC,92663R105,187684,19429,,
OXBRIDGE RE HOLDINGS LTD,G6856M106,186655,105455,,OXBRW
LARGO INC,517097101,185801,35869,,LGO
ELIEM THERAPEUTICS INC,28658R106,185640,64014,,
COMSTOCK INC,205750300,185537,550393,,LODE
PSYCHEMEDICS CORP,744375205,184831,35206,,
NUZEE INC,67073S307,184454,15645,,
SUNLIGHT FINANCIAL HOLDINGS,86738J106,184201,589821,,
NEUROONE MEDICAL TECHNOLOGIE,64130M209,183940,114249,,
TRINITY CAPITAL INC,896442308,183859,14443,,TRNZ
GLOBAL PARTNER ACQUISITION-A,G3934P102,183071,17671,,
MOUNTAIN CREST ACQUISITION,62404B107,182835,17855,,
PALATIN TECHNOLOGIES INC,696077502,182267,66279,,PTN
EXAGEN INC,30068X103,182249,75000,,XGN
HCW BIOLOGICS INC,40423R105,180826,131034,,HCWB
PEDEVCO CORP,70532Y303,180809,170575,,PED
TENON MEDICAL INC,88066N105,180501,101978,,
GORES HOLDING IX INC-CL A,38287A101,179917,17849,,
CANDEL THERAPEUTICS INC,137404109,179748,131203,,
SONIDA SENIOR LIVING INC,140475203,179296,26406,,
BIOTRICITY INC,09074H104,178654,384204,,BTCY
EKSO BIONICS HOLDINGS INC,282644301,177922,107832,,
NEWTEKONE INC,652526203,177638,13878,,
BABYLON HOLDINGS LTD- CL A,G07031209,177600,34892,,
JAGUAR GLOBAL GROWTH CORP -A,G5S11A106,177575,17091,,
CLEARONE INC,18506U104,177530,117570,,CLRO
OMNIQ CORP,68217M107,177516,36526,,OMQS
TEAM INC,878155308,177329,32360,,TISI
SIEBERT FINANCIAL CORP,826176109,177160,92512,,SIEB
ARCO PLATFORM LTD - CLASS A,G04553106,177014,16151,,
MEDTECH ACQUISITION CORP-A,58507N105,176354,17239,,
CRESCENT CAPITAL BDC INC,225655109,175466,12883,,
LASER PHOTONICS CORP,51807Q100,175054,37485,,LASE
ALIGOS THERAPEUTICS INC,01626L105,174675,199858,,
AEGLEA BIOTHERAPEUTICS INC,00773J103,174131,600455,,
TUYA INC,90114C107,174118,92126,,TUYA
TROOPS INC,G9094C104,173858,52367,,
CORENERGY INFRASTRUCTURE TRU,21870U502,172654,134886,,
MMTEC INC,G6181K114,171643,143036,,
TIO TECH A- CLASS A,G8T10C106,171441,16841,,
PRECIPIO INC,74019L503,170387,256608,,
BAOZUN INC-SPN ADR,06684L103,170089,28254,,
BIOMERICA INC,09061H307,169827,90817,,BMRA
MICROMOBILITY.COM INC,42309B402,168985,46171,,MCOM
WORKSPORT LTD,98139Q209,168897,115683,,WKSP
GOLDEN MINERALS CO,381119106,168465,829881,,AUMN
FIRST US BANCSHARES INC,33744V103,167225,22356,,
AIRSPAN NETWORKS HOLDINGS IN,00951K104,166867,241033,,
ZYNERBA PHARMACEUTICALS INC,98986X109,166558,387346,,
INCEPTION GROWTH ACQUISITION,45333D104,166249,16315,,
DISRUPTIVE ACQUISITION COR-A,G2770Y102,165076,16328,,
FREQUENCY THERAPEUTICS INC,35803L108,164740,327516,,
WILLAMETTE VALLEY VINEYARDS,969136100,164718,26740,,
BLUE APRON HOLDINGS INC-A,09523Q200,164549,242878,,
FANHUA INC-SPONSORED ADR,30712A103,164321,18931,,
EDUCATIONAL DEVELOPMENT CORP,281479105,164293,55882,,EDUC
SEMANTIX INC-CL A,G6332A106,163839,37321,,
AIM IMMUNOTECH INC,00901B105,163789,380905,,AIM
MELI KASZEK PIONEER CORP-A,G5S74L106,162506,15932,,
AXCELLA HEALTH INC,05454B105,162390,338313,,
FENNEC PHARMACEUTICALS INC,31447P100,162298,19507,,FENC
KENTUCKY FIRST FEDERAL BANCO,491292108,161764,25882,,
FATHOM DIGITAL MANUFACTURING,31189Y103,161376,297139,,
CHECKPOINT THERAPEUTICS INC,162828206,161077,71590,,
HARPOON THERAPEUTICS INC,41358P106,161067,216431,,
HENNESSY CAPITAL INVEST-CL A,42600H108,159602,15376,,
VINCE HOLDING CORP,92719W207,159445,23008,,VNCE
AFC GAMMA INC,00109K105,159283,13099,,
ASIA PACIFIC WIRE & CABLE,G0535E106,159246,107599,,
IBIO INC,451033609,158672,76285,,
CSI COMPRESSCO LP,12637A103,158650,128984,,
PROFESSIONAL DIVERSITY NETWO,74312Y301,157788,35538,,
APPTECH PAYMENTS CORP,03834B309,157761,105174,,APCXW
CHICKEN SOUP FOR THE SOUL EN,16842Q100,157560,78780,,
26 CAPITAL ACQUISITION COR-A,90138P100,156857,15170,,
CSP INC,126389105,156082,11502,,
DALLASNEWS CORP,235050101,155158,35103,,
TEMPEST THERAPEUTICS INC,87978U108,155143,66872,,
VISLINK TECHNOLOGIES INC,92836Y300,155113,449602,,
CAPSTONE GREEN ENERGY CORP,14067D508,154447,116126,,
CREXENDO INC,226552107,154023,95667,,
OZON HOLDINGS PLC - ADR,69269L104,153861,73245,,
PERPETUA RESOURCES CORP,714266103,153805,34563,,PPTA
ADAMIS PHARMACEUTICALS CORP,00547W208,153759,1326654,,
FAZE HOLDINGS INC,31423J102,153671,334142,,
LESAKA TECHNOLOGIES INC,64107N206,152424,31755,,LSAK
9 METERS BIOPHARMA INC,654405208,151265,108824,,
WILLIAMS INDUSTRIAL SERVICES,96951A104,151059,146660,,
MOLECULAR TEMPLATES INC,608550109,150375,395829,,
PRIVETERRA ACQUISITION COR-A,74275N102,149992,14763,,
GOLDEN ARROW MERGER CORP-A,380799106,149931,14830,,
INTRUSION INC,46121E205,148095,125505,,INTZ
LANNETT CO INC,516012200,147959,85034,,
HAMMERHEAD ENERGY INC,408302107,147307,19641,,
SENSEI BIOTHERAPEUTICS INC,81728A108,147009,98006,,
POLESTAR AUTOMOTIVE-CL A ADS,731105201,146866,38751,,
SOBR SAFE INC,833592207,146821,66136,,
RENOVORX INC,75989R107,146718,42100,,
MOLEKULE GROUP INC,007744105,146617,86756,,
APPLIED DNA SCIENCES INC,03815U300,146171,129355,,
CHAIN BRIDGE I-A,G2061X102,145954,13927,,
PHARVARIS NV,N69605108,145788,18643,,
NETWORK-1 TECHNOLOGIES INC,64121N109,145716,67775,,
CUMBERLAND PHARMACEUTICALS,230770109,145436,74583,,
IMMIX BIOPHARMA INC,45258H106,145094,79722,,
LAMF GLOBAL VENTURES CORP I,G5338L108,144910,13867,,
ROSECLIFF ACQUISITION CORP-A,77732R103,143613,14419,,
ARROWROOT ACQUISITION CORP-A,04282M102,143571,14007,,
RAFAEL HOLDINGS INC-CLASS B,75062E106,143148,92354,,
MONTEREY BIO ACQUISITION COR,61240F108,143016,13454,,
FAT BRANDS INC-CL A,30258N105,142961,20307,,
LM FUNDING AMERICA INC,502074404,142465,182555,,
FORAFRIC GLOBAL PLC,X3R81D102,142430,12774,,AFRIW
VINCERX PHARMA INC,92731L106,142353,136878,,
A SPAC II ACQUISITION CORP,G0543H109,142010,13668,,
SHIFT TECHNOLOGIES INC,82452T305,141914,126709,,
DINGDONG CAYMAN LTD -SPN ADR,25445D101,141596,36683,,
ORGANOVO HOLDINGS INC,68620A203,141563,64641,,
POWER & DIGITAL ACQUISITIO-A,73919C100,141511,13806,,
DP CAP ACQUISITION CORP-CL A,G2R05B100,141357,13527,,
CLEAN EARTH ACQUISITIONS -A,184493104,141332,13802,,
COMPASS DIGITAL ACQUISITION,G2476C107,141117,13835,,
PROGRESS ACQUISITION CORP-A,74327P105,140618,13405,,
BRIDGER AEROSPACE GROUP HOLD,96812F102,140567,30894,,
DOMINARI HOLDINGS INC,008875304,139461,43311,,DOMH
SALEM MEDIA GROUP INC,794093104,139249,127752,,
RADCOM LTD,M81865111,137773,13668,,RDCM
CYNGN INC,23257B107,137728,111071,,CYN
ACUTUS MEDICAL INC,005111109,137678,182598,,
COCRYSTAL PHARMA INC,19188J409,137677,69534,,
ENERGY SERVICES OF AMERICA,29271Q103,137448,60021,,
NEWHOLD INVESTMENT CORP II-A,651450108,137353,13519,,
RESEARCH SOLUTIONS INC,761025105,137075,68197,,
TOUGHBUILT INDUSTRIES INC,89157G884,136946,115081,,
INCOME OPP REALTY INVESTORS,452926108,136675,12425,,
VAPOTHERM INC,922107107,136347,207183,,
U S ENERGY CORP - DELAWARE,911805307,136204,77389,,
BARNWELL INDUSTRIES INC,068221100,136184,61902,,BRN
COMPASS PATHWAYS PLC,20451W101,135822,13678,,CMPS
ATLANTIC AMERICAN CORP,048209100,135695,55386,,AAME
BURGERFI INTERNATIONAL INC,12122L101,135100,114492,,
GLEN BURNIE BANCORP,377407101,134022,18511,,GLBZ
DIGITAL TRANSFORMATION OPP-A,25401K107,134017,13139,,
SPRUCE BIOSCIENCES INC,85209E109,133972,60621,,
HEALTHCARE AI ACQUISITION -A,G4373K109,133969,12820,,
SPRINGWATER SPECIAL SITUATIO,85205U107,133746,13177,,
L CATTERTON ASIA ACQ-CLASS A,G5346G125,133691,13075,,
VALOR LATITUDE ACQUISITION-A,G9460N106,133540,13041,,
LEXARIA BIOSCIENCE CORP,52886N406,132836,48837,,LEXX
UROGEN PHARMA LTD,M96088105,132834,14376,,URGN
HEARTBEAM INC,42238H108,132639,58690,,
SAB BIOTHERAPEUTICS INC,78397T103,132232,300529,,
PETVIVO HOLDINGS INC,716817408,131255,47045,,
NIOCORP DEVELOPMENTS LTD,654484609,130837,20572,,NIOBW
NANOVIRICIDES INC,630087302,130446,111293,,
ZIMMER ENERGY TRANSITION -A,989570106,129866,12820,,
EXCELFIN ACQUISITION CORP-A,30069X102,129552,12469,,
TRITIUM DCFC LTD,Q9225T108,129382,101080,,
INFINITY PHARMACEUTICALS INC,45665G303,129202,807517,,
TFF PHARMACEUTICALS INC,87241J104,128752,187878,,
CF ACQUISITION CORP VIII-A,12520C109,128693,11894,,
QUIPT HOME MEDICAL CORP,74880P104,128668,18355,,
JERASH HOLDINGS US INC,47632P101,128148,27150,,
NSTS BANCORP INC,6293JP109,127823,14062,,
UTA ACQUISITION CORPORATIO-A,G9473A109,127355,12234,,
WILHELMINA INTERNATIONAL INC,968235200,127027,31058,,
RAPID MICRO BIOSYSTEMS INC-A,75340L104,126608,96648,,
10X CAPITAL VENTURE ACQUIS-A,G87076108,126101,12375,,
CORNER GROWTH ACQUISITION -A,G2426E104,124867,11847,,
SEACHANGE INTERNATIONAL INC,811699107,124397,341844,,
AMERICAN STRATEGIC INVESTMEN,649439304,124122,14568,,
GILAT SATELLITE NETWORKS LTD,M51474118,124093,24237,,GILT
DHC ACQUISITION CORP-A,G2758T109,124045,12386,,
ELYS GAME TECHNOLOGY CORP,290734102,123991,241087,,
ONCONOVA THERAPEUTICS INC,68232V801,123854,169501,,
CHEMBIO DIAGNOSTICS INC,163572209,123575,279456,,
GT BIOPHARMA INC,36254L209,122894,223444,,
INTERPRIVATE IV INFRATECH-A,46064T102,122725,11915,,
NORTHERN REVIVAL ACQUISITION,G6546R101,122644,11942,,
STABILIS SOLUTIONS INC,85236P101,122578,33219,,
REMARK HOLDINGS INC,75955K300,122194,89193,,
BIORA THERAPEUTICS INC,74319F305,122134,44092,,
PIONEER POWER SOLUTIONS INC,723836300,121464,34507,,
AYRO INC,054748108,121102,220346,,
CANADIAN PAC RY LTD,13645T100,120565,1567,,
BLUE WHALE ACQUISITION COR-A,G1330M103,120433,12116,,
I-MAB-SPONSORED ADR,44975P103,120297,34768,,
TMC THE METALS CO INC,87261Y106,120059,144842,,TMCWW
KAMADA LTD,M6240T109,119815,25878,,KMDA
SO-YOUNG INTERNATIONAL-ADR,83356Q108,119602,55629,,
MEGA MATRIX CORP,007737109,119185,76894,,
SK GROWTH OPPORTUNITIES CO-A,G8192N103,119183,11427,,
KALEYRA INC,483379202,119062,72159,,
PORTAGE FINTECH ACQUISITIO-A,G7185D106,118473,11581,,
MATERIALISE NV-ADR,57667T100,118449,14271,,
CAMBER ENERGY INC,13200M607,118218,74822,,
AURORA ACQUISITION CORP-A,G0698L103,118190,11702,,
MEXCO ENERGY CORP,592770101,118176,10382,,MXC
PATRIOT NATIONAL BANCORP INC,70336F203,117988,13377,,PNBK
DIGITAL ALLY INC/NV,25382T200,117782,25494,,
INVESTCORP EUROPE ACQUISI-A,G4923T105,117643,11247,,
BSQUARE CORP,11776U300,117479,105837,,
MARIN SOFTWARE INC,56804T205,116585,128046,,
TWELVE SEAS INVTMNT CO II -A,90118T106,116367,11364,,
REDWOODS ACQUISITION CORP,758083109,116233,11252,,
LUMOS PHARMA INC,55028X109,116127,34256,,
CONYERS PARK III ACQUISITI-A,21289P102,116083,11482,,
EQUILLIUM INC,29446K106,115907,158777,,
ADAPTIMMUNE THERAPEUTICS-ADR,00653A107,115441,105910,,
ONYX ACQUISITION CO I-CL A,G6755Q109,115299,10960,,
FLEXSHOPPER INC,33939J303,115175,135500,,
GEOVAX LABS INC,373678507,114878,172750,,
WIDEPOINT CORP,967590209,114017,62993,,WYY
GIGACLOUD TECHNOLOGY INC - A,G38644103,113103,17953,,
PHOENIX BIOTECH ACQUISI-CL A,71902K105,113079,10588,,
DSS INC,26253C102,112108,521434,,
ROCKWELL MEDICAL INC,774374300,111334,61511,,
SOCIETY PASS INC,83370P102,110790,108618,,
DOLPHIN ENTERTAINMENT INC,25686H209,110585,61097,,
METAL SKY STAR ACQUISITION C,G6053N105,110484,10593,,
SPAR GROUP INC,784933103,110455,84966,,
MICROBOT MEDICAL INC,59503A204,110077,52922,,MBOT
NIU TECHNOLOGIES-SPONS ADR,65481N100,110057,26584,,
NEWCOURT ACQUISITION CORP-A,G6448C103,110019,10488,,
EVELO BIOSCIENCES INC,299734103,109987,608675,,
TOP FINANCIAL GROUP LTD,G989A6102,109737,19596,,TOP
CANNA-GLOBAL ACQUISITIO-CL A,13767K101,109490,10398,,
SIZZLE ACQUISITION CORP,83014E109,109108,10451,,
GLOBAL TECHNOLOGY ACQUISIT-A,G3934N107,108857,10407,,
KANDI TECHNOLOGIES GROUP INC,483709101,108296,39238,,
PRESIDIO PROPERTY TRUST - A,74102L303,107920,103770,,
APTEVO THERAPEUTICS INC,03835L207,107763,52825,,APVO
EXPION360 INC,30218B100,107481,22207,,XPON
IX ACQUISITION CORP-A,G5000D103,107211,10419,,
CONFORMIS INC,20717E200,107081,66926,,
SIGMATRON INTERNATIONAL INC,82661L101,106778,40600,,
GSR II METEORA ACQUISIT-CL A,36263W105,106739,10323,,
ARTEMIS STRATEGIC INVES-CL A,04303A103,106481,10298,,
SATELLOGIC INC-A,G7823S101,106136,49366,,
DOUYU INTERNATIONAL HOLD-ADR,25985W105,106093,89154,,
FINNOVATE ACQUISITION CORP-A,G3R34K103,105874,10151,,
PANACEA ACQUISITION CORPII-A,G6882C106,105794,10372,,
SURROZEN INC,86889P109,103513,171950,,
CINGULATE INC,17248W105,103445,105021,,CINGW
IGC PHARMA INC,45408X308,102576,302140,,
STEALTHGAS INC,Y81669106,102238,39172,,GASS
CHINA AUTOMOTIVE SYSTEMS INC,16936R105,101012,19314,,
PROFOUND MEDICAL CORP,74319B502,100982,10870,,PROF
ENGLOBAL CORP,293306106,100691,209993,,
VACCINEX INC,918640103,99949,250186,,
NEXTPLAT CORP,68557F209,99818,67218,,NXPL
STRAN & CO INC,86260J102,99762,57335,,
HALLMARK FINL SERVICES INC,40624Q302,99560,15317,,
EXSCIENTIA PLC,30223G102,99465,18767,,
LONGEVERON INC,54303L104,99270,37180,,LGVN
AUTOLUS THERAPEUTICS PLC,05280R100,98874,53736,,AUTL
NUVVE HOLDING CORP,67079Y100,97380,139115,,NVVE
ARBE ROBOTICS LTD,M1R95N100,97314,30506,,ARBEW
ATHERSYS INC,04744L205,97169,79000,,
ANGION BIOMEDICA CORP,03476J107,97093,167403,,
VIVANI MEDICAL INC,92854B109,97047,97047,,
DATA STORAGE CORP,23786R201,96554,52762,,DTST
APTORUM GROUP LTD-CLASS A,G6096M122,96453,36125,,
YIELD10 BIOSCIENCE INC,98585K862,96205,34857,,
PALTALK INC,69764K106,95941,45043,,
PROCAPS GROUP SA,L7756P102,95715,21223,,
INSIGNIA SYSTEMS INC,45765Y204,95549,13234,,
RUBICON TECHNOLOGIES INC,78112J109,95256,145164,,
POLAR POWER INC,73102V105,94950,71932,,
FUSION PHARMACEUTICALS INC,36118A100,94762,25136,,
CREATIVE REALITIES INC,22530J309,94754,42491,,
LOTTERY.COM INC,54570M108,94710,338253,,
NEMAURA MEDICAL INC,640442208,94409,107897,,
ARQIT QUANTUM INC,G0567U101,94185,67275,,ARQQW
AUTHID INC,46264C206,94150,209224,,AUID
ORBITAL INFRASTRUCTURE GROUP,68559A109,93863,643335,,
LILIUM NV,N52586109,93836,144364,,
BIO-PATH HOLDINGS INC,09057N300,93641,67368,,
INDAPTUS THERAPEUTICS INC,45339J105,93463,50521,,
SELINA HOSPITALITY PLC,G8059B101,93458,60296,,
NOKIA CORP-SPON ADR,654902204,93447,19032,,
DIGITAL MEDIA SOLUTIONS-A,25401G106,93429,83419,,
STEEL CONNECT INC,858098106,93286,81830,,
IRIS ENERGY LTD,Q4982L109,93253,30475,,
P & F INDUSTRIES -CL A,692830508,92946,17840,,
STRONGHOLD DIGITAL MINING-A,86337R103,92752,149601,,
WHEELER REAL ESTATE INVESTME,963025705,92663,72963,,
KINGSTONE COS INC,496719105,92455,67486,,
PATRIOT TRANSPORTATION HOLDI,70338W105,91993,11630,,
CPI AEROSTRUCTURES INC,125919308,91883,24180,,CVU
GREENPRO CAPITAL CORP,39540F309,91441,61370,,GRNQ
SILENCE THERAPEUTICS PLC-ADR,82686Q101,91059,14687,,
WALDENCAST ACQUISITION COR-A,G9503X103,91033,11211,,
MARTIN MIDSTREAM PARTNERS LP,573331105,90606,33068,,
AKA BRANDS HOLDING CORP,00152K101,90307,165793,,
KAIVAL BRANDS INNOVATIONS GR,483104204,90119,125183,,
AVALO THERAPEUTICS INC,05338F207,89831,51332,,
SIGILON THERAPEUTICS INC,82657L107,89753,96499,,
APEXIGEN INC,03759B102,89380,178760,,
URANIUM ROYALTY CORP,91702V101,88283,42856,,UROY
BTCS INC,05581M404,88145,64340,,BTCS
ABVC BIOPHARMA INC,00091F106,87775,139282,,
111 INC,68247Q102,87715,33100,,
GREENIDGE GENERATION HOLDING,39531G100,87630,193872,,
CENTESSA PHARMACEUTICALS-ADR,152309100,87341,22686,,
AC IMMUNE SA,H00263105,86856,37118,,ACIU
DIRECT DIGITAL HOLDINGS IN-A,25461T105,85973,26535,,
SUPERIOR DRILLING PRODUCTS I,868153107,85884,96261,,
SIENTRA INC,82621J204,85705,55653,,
LISATA THERAPEUTICS INC,128058302,84412,25973,,
PYROGENESIS CANADA INC,74734T104,84161,105149,,PYRGF
LIXTE BIOTECHNOLOGY HOLDINGS,539319202,84003,101209,,
AWARE INC/MASS,05453N100,83923,49367,,
COFFEE HOLDING CO INC,192176105,83780,45042,,JVA
TOMI ENVIRONMENTAL SOLUTIONS,890023203,83467,124578,,
TSR INC,872885207,83310,10362,,
MOVING IMAGE TECHNOLOGIES IN,62464R109,82975,81349,,
VERB TECHNOLOGY CO INC,92337U104,82867,691132,,
FINCH THERAPEUTICS GROUP INC,31773D101,81869,208320,,
ELECTRAMECCANICA VEHICLES CO,284849205,81822,157533,,
RYVYL INC,39366L208,81267,198795,,
THERIVA BIOLOGICS INC,87164U409,81224,116301,,
NEUROMETRIX INC,641255807,80816,55354,,
TROIKA MEDIA GROUP INC,89689F305,80522,331915,,
RISKIFIED LTD-A,M8216R109,80279,14234,,
MICROALGO INC,G6077Y103,80157,39101,,VENAF
ALIMERA SCIENCES INC,016259202,79202,38262,,
EDESA BIOTECH INC,27966L108,79075,86696,,
HEADHUNTER GROUP PLC-ADR,42207L106,78754,28935,,
FOXO TECHNOLOGIES INC,351471107,78649,187261,,FOXOW
DIXIE GROUP INC,255519100,78588,103406,,DXYN
SAFE & GREEN HOLDINGS CORP,78418A505,78492,77715,,
SOCKET MOBILE INC,83368E200,78063,41523,,
CLEVER LEAVES HOLDINGS INC,186760104,77710,203484,,
OLB GROUP INC,67086U307,77424,73738,,
PROQR THERAPEUTICS NV,N71542109,77304,36293,,
AKILI INC,00974B107,77148,48218,,
SIFCO INDUSTRIES,826546103,76962,25603,,
VYNE THERAPEUTICS INC,92941V308,76830,24945,,
ALPHA TAU MEDICAL LTD,M0740A108,76359,26606,,DRTSW
SQZ BIOTECHNOLOGIES CO,78472W104,75801,135360,,
LIQTECH INTERNATIONAL INC,53632A201,75614,160917,,LIQT
IN8BIO INC,45674E109,75199,57846,,
SONIM TECHNOLOGIES INC,83548F200,74817,74077,,
PUYI INC - ADR,69373Y109,74709,12308,,
UPHEALTH INC,91532B200,74017,49676,,
PLUS THERAPEUTICS INC,72941H400,73993,255148,,
SCIENJOY HOLDING CORP-A,G7864D112,73785,17909,,
PULMATRIX INC,74584P301,73248,24830,,
ACER THERAPEUTICS INC,00444P108,73066,96330,,
ALITHYA GROUP INC-CLASS A,01643B106,72794,36580,,
BURNING ROCK BIOTECH LTD-ADR,12233L107,71936,25600,,
SURGALIGN HOLDINGS INC,86882C204,71516,44698,,
NATIONAL CINEMEDIA INC,635309107,71351,540135,,
DIFFUSION PHARMACEUTICALS IN,253748404,71231,17123,,
TALIS BIOMEDICAL CORP,87424L108,70763,144416,,
IMEDIA BRANDS INC,452465206,70352,138054,,
SOLENO THERAPEUTICS INC,834203309,69669,32556,,
MILESTONE PHARMACEUTICALS IN,59935V107,69249,17576,,
HUMANIGEN INC,444863203,69219,482363,,
WESTPORT FUEL SYSTEMS INC,960908309,68956,72395,,WPRT
VIVOS THERAPEUTICS INC,92859E108,68882,201941,,
LGL GROUP INC/THE,50186A108,68509,16007,,
AILERON THERAPEUTICS INC,00887A204,68498,54799,,
CERAGON NETWORKS LTD,M22013102,68424,40973,,CRNT
MEREO BIOPHARMA GROUP PL-ADR,589492107,68307,96630,,
CELLECTAR BIOSCIENCES INC,15117F807,68029,47243,,
ARRIVAL,L0423Q108,67235,501750,,
ELECTRO-SENSORS INC,285233102,66104,14216,,
TRIVAGO NV - ADR,89686D105,65997,43707,,
MINERVA NEUROSCIENCES INC,603380205,65702,41064,,
DUOS TECHNOLOGIES GROUP INC,266042407,65251,23304,,
AETHLON MEDICAL INC,00808Y307,65229,169427,,AEMD
ISUN INC,465246106,65030,63136,,
AGEX THERAPEUTICS INC,00848H108,64817,97764,,
VILLAGE FARMS INTERNATIONAL,92707Y108,64292,77462,,
MICROCLOUD HOLOGRAM INC,G55032109,64002,28830,,HOLOW
ENTHUSIAST GAMING HOLDINGS I,29385B109,63955,110249,,
CBDMD INC,12482W101,63884,327609,,
VERIFYME INC,92346X206,63267,32952,,
REGULUS THERAPEUTICS INC,75915K309,63200,74573,,
STARBOX GROUP HOLDINGS LTD,G8437S115,63196,17852,,
AIR INDUSTRIES GROUP,00912N403,62990,16533,,AIRI
HIGH TIDE INC,42981E401,62972,46134,,HITI
OPTICAL CABLE CORP,683827208,62736,14556,,OCC
INVESTCORP CREDIT MANAGEMENT,46090R104,62501,16938,,
CREATIVE MEDICAL TECHNOLOGY,22529Y309,62112,124224,,
IMUNON INC,15117N602,61760,49408,,
GRACELL BIOTECHNOLOGIES-ADR,38406L103,61685,33164,,
ART'S-WAY MANUFACTURING CO,043168103,61460,31198,,
KUBIENT INC,50116V107,59771,86626,,
CRYPTYDE INC,22890A104,59487,704824,,
MONOPAR THERAPEUTICS INC,61023L108,59486,41892,,
SILVERSUN TECHNOLOGIES INC,82846H207,59356,19461,,
BIO-KEY INTERNATIONAL INC,09060C408,59292,84703,,
GREEN GIANT INC,16948W209,58947,20468,,
PAXMEDICA INC,70424C104,58791,30781,,
CLEARMIND MEDICINE INC,185053204,58661,51010,,CMND
INHIBIKASE THERAPEUTICS INC,45719W106,58557,89048,,
ONTRAK INC,683373104,58313,110442,,
LUCID DIAGNOSTICS INC,54948X109,58160,41543,,LUCD
CRYO-CELL INTL INC,228895108,57626,19081,,
BLUE WATER BIOTECH INC,09610B108,57501,53740,,
ALLOT LTD,M0854Q105,57194,21262,,ALLT
COEPTIS THERAPEUTICS HOLDING,19207A108,57013,39593,,
D-MARKET ELECTRONIC SERV-ADR,23292B104,56560,42209,,
ESSA PHARMA INC,29668H708,56545,19039,,
BETTER CHOICE CO INC,08771Y303,55978,151292,,
CATALYST BIOSCIENCES INC,14888D208,55896,270033,,
INVO BIOSCIENCE INC,44984F302,55716,87194,,
GREENWAVE TECHNOLOGY SOLUTIO,57630J304,55456,55679,,
SHIFTPIXY INC,82452L302,54803,12399,,
NANTHEALTH INC,630104305,54435,27150,,
CXAPP INC,23248B109,54191,29940,,CXAIW
COMERA LIFE SCIENCES HOLDING,20037C108,53947,60008,,
REAL BROKERAGE INC/THE,75585H206,53616,43591,,
ACERAGEN INC,00445F109,53453,23342,,
AGILE THERAPEUTICS INC,00847L209,53363,238229,,
TITAN PHARMACEUTICALS INC,888314606,52975,63965,,
CBAK ENERGY TECHNOLOGY INC,14986C102,52910,60126,,
MEDAVAIL HOLDINGS INC,58406B103,52708,183909,,
PYXIS TANKERS INC,Y71726130,52242,10640,,PXS
CALYXT INC,13173L107,52100,148856,,
SOL-GEL TECHNOLOGIES LTD,M8694L103,52015,13406,,SLGL
KINTARA THERAPEUTICS INC,49720K200,51652,14036,,
VIRPAX PHARMACEUTICALS INC,928251107,51608,66038,,
TRIO-TECH INTERNATIONAL,896712205,51591,10977,,TRT
SILO PHARMA INC,82711P201,51415,24542,,
ENSERVCO CORP,29358Y201,51373,108155,,
MOOLEC SCIENCE SA,L64875104,51368,12378,,MLECW
VICINITY MOTOR CORP,925654105,51267,64732,,
INFLARX NV,N44821101,51074,26327,,
ELOXX PHARMACEUTICALS INC,29014R202,50802,20240,,
BIOFRONTERA INC,09077D100,50697,83097,,BFRIW
MIND TECHNOLOGY INC,602566101,50309,98012,,
UTSTARCOM HOLDINGS CORP,G9310A122,49922,12236,,UTSI
SYNAPTOGENIX INC,87167T201,49846,62316,,
KAIXIN AUTO HOLDINGS,G5223X100,49519,90645,,
UCLOUDLINK GROUP INC,90354D104,49387,12409,,UCL
ETERNA THERAPEUTICS INC,114082209,48947,13985,,
BARFRESH FOOD GROUP INC,067532200,48770,35341,,BRFH
JUPITER WELLNESS INC,48208F105,48625,109198,,
MINK THERAPEUTICS INC,603693102,48566,25295,,
IMMUNOPRECISE ANTIBODIES LTD,45257F200,48430,17484,,
ADIAL PHARMACEUTICALS INC,00688A106,48112,137464,,
SIGMA ADDITIVE SOLUTIONS INC,826598500,47661,108297,,
STAR EQUITY HOLDINGS INC,85513Q103,47303,50869,,
TAITRON COMPONENTS INC-CL A,874028103,47271,13131,,
APTINYX INC,03836N103,47122,377582,,
QUALTEK SERVICES INC-A,74760R303,47108,119293,,
ONCORUS INC,68236R103,46711,135751,,
BIORESTORATIVE THERAPIES INC,090655606,46573,13698,,
JOURNEY MEDICAL CORP,48115J109,46305,29494,,DERM
TUNIU CORP-SPON ADR,89977P106,46237,24726,,
SONO GROUP NV,N81409109,46212,125272,,
APPLIED MOLECULAR TRANSPORT,03824M109,45954,143609,,
TREVENA INC,89532E208,45616,65167,,
BIOCEPT INC,09072V501,45598,134112,,
CEA INDUSTRIES INC,86887P200,45563,52372,,BNCWW
TREASURE GLOBAL INC,89458T106,45490,27240,,TGL
XUNLEI LTD-ADR,98419E108,45325,24768,,
ARIDIS PHARMACEUTICALS INC,040334104,44926,143034,,
GSE SYSTEMS INC,36227K106,44922,64636,,
STRATA SKIN SCIENCES INC,86272A206,44655,40596,,
TRINITY PLACE HOLDINGS INC,89656D101,44282,92255,,TPHS
CYCLO THERAPEUTICS INC,23254X201,43944,52253,,
PROTAGENIC THERAPEUTICS INC,74365N202,43940,25399,,
NEUBASE THERAPEUTICS INC,64132K102,43285,233973,,
PRENETICS GLOBAL LTD-CL A,G72245106,42953,44743,,
ENDRA LIFE SCIENCES INC,29273B302,42930,18912,,NDRA
SOLIGENIX INC,834223505,42652,21651,,
FG FINANCIAL GROUP INC,30329Y106,42592,16195,,
THERATECHNOLOGIES INC,88338H100,41872,51510,,
ONCOLYTICS BIOTECH INC,682310875,41590,34659,,ONCY
BETTER THERAPEUTICS INC,08773T104,41575,57109,,
INNSUITES HOSPITALITY TRUST,457919108,41283,30134,,IHT
REGIONAL HEALTH PROPERTIES,75903M309,41261,12100,,
MARKER THERAPEUTICS INC,57055L206,41003,57751,,
ORAGENICS INC,684023500,40961,12453,,OGEN
VENUS CONCEPT INC,92332W105,40305,183871,,
DBV TECHNOLOGIES SA-SPON ADR,23306J101,39995,23666,,
PERASO INC,71360T101,39839,73047,,PRSO
EVOKE PHARMA INC,30049G203,39698,20894,,
ORAMED PHARMACEUTICALS INC,68403P203,39523,18130,,ORMP
ACELRX PHARMACEUTICALS INC,00444T209,39494,60022,,
ADS-TEC ENERGY PLC,G0085J117,39420,14709,,
CASTOR MARITIME INC,Y1146L125,39240,49703,,CTRM
HOUR LOOP INC,44170P106,39168,19584,,
ACORDA THERAPEUTICS INC,00484M601,39082,66693,,
MARPAI INC-CLASS A,571354109,38889,40837,,
BRIDGELINE DIGITAL INC,10807Q700,38589,42401,,
UXIN LTD - ADR,91818X207,38561,17215,,
REE AUTOMOTIVE LTD - CLASS A,M8287R103,38556,118453,,
FINGERMOTION INC,31788K108,38391,25594,,
PASITHEA THERAPEUTICS CORP,70261F103,38218,98248,,KTTAW
ENLIVEX THERAPEUTICS LTD,M4130Y106,37928,10420,,
EFFECTOR THERAPEUTICS INC,28202V108,37783,104982,,
XENETIC BIOSCIENCES INC,984015503,37716,91545,,
ARMATA PHARMACEUTICALS INC,04216R102,37513,22463,,
T STAMP INC-CLASS A,873048409,37190,14471,,
EVOGENE LTD,M4119S104,37174,59007,,EVGN
ATHENEX INC,04685N202,36628,27540,,
ACUITYADS HOLDING INC,00510L106,36608,23024,,
PROCESSA PHARMACEUTICALS INC,74275C205,36471,68827,,
STRYVE FOODS INC-CLASS A,863685103,36432,75119,,
NANOVIBRONIX INC,63008J603,36236,10721,,
DATCHAT INC,23816M107,36016,63076,,
SUNLINK HEALTH SYSTEMS INC,86737U102,35699,32602,,
CYCLACEL PHARMACEUTICALS INC,23254L603,35378,61656,,
SONOMA PHARMACEUTICALS INC,83558L204,35355,36214,,
VIRGIN ORBIT HOLDINGS INC,92771A101,35204,176023,,
AUDDIA INC,05072K107,34572,48693,,AUUD
FREIGHTOS LTD,G51405101,34524,10007,,CRGOW
OPTIMUMBANK HOLDINGS INC,68401P403,34519,10429,,
NEAR INTELLIGENCE INC,639494103,34435,13665,,
PINEAPPLE ENERGY INC,72303P107,34307,21577,,
MYOMO INC,62857J201,34148,45531,,
SEASTAR MEDICAL HOLDING CORP,81256L104,34036,18299,,ICUCW
KINETA INC,49461C102,33904,10243,,
AVALON GLOBOCARE CORP,05344R203,33854,17098,,
YATRA ONLINE INC,G98338109,33837,14712,,
TIMBER PHARMACEUTICALS INC,887080208,33658,19799,,
CONTEXT THERAPEUTICS INC,21077P108,33489,59568,,CNTX
NEXTPLAY TECHNOLOGIES INC,65344G201,33209,32881,,
GELESIS HOLDINGS INC,36850R204,33089,203376,,
EBET INC,278700109,32999,80213,,
GLORY STAR NEW MEDIA GROUP H,G39973105,32681,45347,,
CHARAH SOLUTIONS INC,15957P303,32363,15485,,
EASTSIDE DISTILLING INC,277802302,32008,91454,,
AVINGER INC,053734885,31896,39870,,
ENGINE GAMING AND MEDIA INC,29287W102,31803,23558,,
ARTELO BIOSCIENCES INC,04301G508,31800,13707,,
SALARIUS PHARMACEUTICALS INC,79400X305,31724,16523,,
UNIVERSAL SECURITY INSTRUMNT,913821302,31619,13629,,
PRESTO AUTOMATION INC,74113T105,31563,20233,,
MSP RECOVERY INC -27,553745126,31543,1585094,,
IMMUTEP LTD-SP ADR,45257L108,31452,18722,,
RICEBRAN TECHNOLOGIES,762831303,31447,33815,,
WIMI HOLOGRAM CLOUD INC-ADR,97264L100,31307,28988,,
XCEL BRANDS INC,98400M101,31238,51069,,
IMPAC MORTGAGE HOLDINGS INC,45254P508,30985,88453,,
NAUTICUS ROBOTICS INC,63911H108,30940,10399,,
PLX PHARMA INC,72942A107,30897,237491,,
FORWARD INDUSTRIES INC,349862300,30736,27443,,
QILIAN INTERNATIONAL HOLDING,G7307E107,30496,23641,,
HILLSTREAM BIOPHARMA INC,432705101,30328,38313,,
APPLIED UV INC,03828V105,30252,34378,,
LIANBIO-ADR,53000N108,30213,15494,,
WM TECHNOLOGY INC,92971A109,30139,35492,,
SHAPEWAYS HOLDINGS INC,81947T102,29924,87193,,
GAMIDA CELL LTD,M47364100,29497,36417,,
CHINA LIBERAL EDUCATION HOLD,G2161Y109,29215,48266,,
ISPECIMEN INC,45032V108,29154,21596,,ISPC
ANGHAMI INC,G0369L101,29129,17135,,ANGHW
INTERCURE LTD,M549GJ111,28861,14148,,INCR
IMAC HOLDINGS INC,44967K104,28674,200520,,
CHINA INDEX HDS-W/I-ADR,16954W101,28584,30315,,
BIOLINERX LTD-SPONS ADR,09071M205,28131,32026,,
EXELA TECHNOLOGIES INC,30162V706,28022,720370,,
AURORA MOBILE LTD-ADR,051857100,27767,47465,,
COHBAR INC,19249J307,27313,15259,,
LANDOS BIOPHARMA INC,515069102,27278,91538,,
NAVIDEA BIOPHARMACEUTICALS I,63937X202,27200,104619,,
ONCOSEC MEDICAL INC,68234L405,27120,10512,,
LAIRD SUPERFOOD INC,50736T102,27102,33447,,
AYTU BIOPHARMA INC,054754858,27087,12039,,
AVALON HOLDINGS CORP-A,05343P109,27000,10189,,
ALSET INC,02115D208,26341,16778,,AEI
MEDIACO HOLDING INC-CL A,58450D104,26039,22067,,
WAVEDANCER INC,456696103,25959,89671,,
EMERSON RADIO CORP,291087203,25764,47668,,MSN
PLURI INC,72942G104,25672,25169,,PLUR
TRANSCODE THERAPEUTICS INC,89357L105,25641,75683,,
GREENPOWER MOTOR CO INC,39540E302,25601,11083,,GP
CARDIOL THERAPEUTICS INC-A,14161Y200,25551,52435,,
LYTUS TECHNOLOGIES HOLDINGS,G5851A109,25445,40712,,
CONIFER HOLDINGS INC,20731J102,25123,16314,,
IDEANOMICS INC,45166V106,25065,232089,,
MOVELLA HOLDINGS INC,62459N105,24377,17794,,
CYANOTECH CORP,232437301,24373,27270,,CYAN
17 EDUCATION & TECHNOLOGY GR,81807M205,24328,24088,,
OPGEN INC,68373L406,24059,18090,,
BELLICUM PHARMACEUTICALS INC,079481404,24014,72770,,
AGM GROUP HOLDINGS INC,G0132V105,23898,12918,,
IO BIOTECH INC,449778109,23805,12730,,
DIRTT ENVIRONMENTAL SOLUTION,25490H106,23703,44471,,
SEQLL INC,81734C106,23552,58881,,
NEXIMMUNE INC,65344D109,23458,61732,,
ATLIS MOTOR VEHICLES I- CL A,049506108,23401,40585,,
NEW CONCEPT ENERGY INC,643611106,23296,21978,,
BLACKBOXSTOCKS INC,09229E204,23289,30245,,
VISIONARY EDUCATION TECHNOLO,92838F101,23178,22075,,
ARCIMOTO INC,039587209,23148,16535,,
ADDVANTAGE TECHNOLOGIES GRP,006743306,23091,20803,,
DRAGANFLY INC,26142Q205,23043,18003,,DPRO
CARAVELLE INTERNATIONAL GROU,G1901X108,22900,20088,,
SCWORX CORP,78396V109,22759,65028,,WORX
WETRADE GROUP INC,961884103,22675,88233,,
BEYONDSPRING INC,G10830100,22604,20183,,BYSI
VYANT BIO INC,92942V208,22515,38820,,
PURPLE BIOTECH LTD-ADR,74638P109,22292,12666,,
MEDICENNA THERAPEUTICS CORP,58490H107,22193,34144,,MDNAF
VIRIOS THERAPEUTICS INC,92829J104,22155,60286,,
VIOMI TECHNOLOGY CO LTD-ADR,92762J103,22111,21467,,
AGBA GROUP HOLDING LTD,G01212102,22072,13625,,
YS BIOPHARMA CO LTD,G9845F109,21772,13608,,
NLS PHARMACEUTICS LTD,H57830103,21686,14362,,
REWALK ROBOTICS LTD,M8216Q200,21340,29639,,
AZIYO BIOLOGICS INC-CLASS A,05479K106,21309,14112,,
BITNILE METAVERSE INC,27888N307,20944,178710,,
IPOWER INC,46265P107,20812,38641,,IPW
CELLECTIS - ADR,15117K103,20797,10776,,
APTOSE BIOSCIENCES INC,03835T200,20771,32455,,APTOF
ACHILLES THERAPEUTICS PL-ADR,00449L102,20672,21590,,
QUALIGEN THERAPEUTICS INC,74754R202,20658,22329,,
RA MEDICAL SYSTEMS INC,74933X302,20431,13354,,
ENTERA BIO LTD,M40527109,20412,17597,,ENTX
OTONOMO TECHNOLOGIES LTD,M7571L103,20000,42044,,
DATASEA INC,238116206,19524,16136,,
EXICURE INC,30205M200,19359,22229,,
180 LIFE SCIENCES CORP,68236V203,19083,10602,,
COMPUGEN LTD,M25722105,19073,27170,,CGEN
CONNECT BIOPHARMA HOLDINGS L,207523101,19030,19032,,
SOLUNA HOLDINGS INC,583543103,18857,67906,,
NOVA LIFESTYLE INC,66979P201,18684,30991,,
CHEMOMAB THERAPEUTICS LTD,16385C104,18661,11737,,CMMB
TAOPING INC,G8675V119,18552,29444,,TAOP
LAVA THERAPEUTICS NV,N51517105,18465,11124,,
MOTUS GI HOLDINGS INC,62014P405,18450,19021,,
ASCENT SOLAR TECHNOLOGIES,043635606,18354,49608,,
DYNATRONICS CORP,268157500,18048,12032,,
NUCANA PLC-ADR,67022C106,18025,18775,,
RECRUITER.COM GROUP INC,75630B303,17730,66208,,
IMPERIAL PETE INC,Y3894J104,17422,89993,,
SIFY TECHNOLOGIES-SPON ADR,82655M107,17264,13702,,
NYMOX PHARMACEUTICAL CORP,P73398102,17230,50678,,NYMXF
SENSTAR TECHNOLOGIES LTD,M8T77E105,17063,12188,,
YUNJI INC-ADR,98873N107,16754,42417,,
JANONE INC,47089W104,16663,14617,,
YUNHONG CTI LTD,98873Q100,16625,10456,,
T2 BIOSYSTEMS INC,89853L203,16582,36048,,
LUMIRADX LTD,G5709L109,16249,34946,,
ENERGY FOCUS INC,29268T409,16076,28708,,
SPRINGBIG HOLDINGS INC,85021Q108,15695,23342,,
INSPIREMD INC,45779A846,15596,14051,,
BIOLASE INC,090911405,15444,54924,,
GREENBROOK TMS INC,393704309,15274,16163,,
SIDUS SPACE INC-CL A,826165102,15224,27626,,
DOGNESS INTERNATIONAL CORP-A,G2788T103,15205,20518,,
MOXIAN BVI INC,G6S34K105,15167,15637,,
ADDENTAX GROUP CORP,00653L202,15134,14985,,ATXG
XTANT MEDICAL HOLDINGS INC,98420P308,15040,23593,,
MERCURITY FINTECH HOLDING IN,G59467202,15007,10072,,
POLARITYTE INC,731094207,14995,31241,,
IDW MEDIA HOLDINGS INC-B,44951N106,14880,20668,,
MOGO INC,60800C109,14803,22529,,
ADAGENE INC-ADR,005329107,14535,10309,,
SUNSHINE BIOPHARMA INC,867781403,14127,20179,,SBFMW
ANTELOPE ENTERPRISE HOLDINGS,G041JN106,14085,13809,,AEHL
SPI ENERGY CO LTD,G8651P110,13749,11554,,
PAINREFORM LTD,M77798102,13374,19107,,
AVENUE THERAPEUTICS INC,05360L304,13373,11430,,
PARAMOUNT GOLD NEVADA CORP,69924M109,13373,38319,,PZG
KIDPIK CORP,49382L108,13359,20272,,
CROWN ELECTROKINETICS CORP,228339206,13247,92316,,
KNOW LABS INC,499238103,12964,14564,,
GENETRON HOLDINGS LTD-ADR,37186H100,12875,12262,,
HISTOGEN INC,43358Y202,12568,10387,,
TRXADE HEALTH INC,89846A207,12411,42057,,
AGRIFORCE GROWING SYSTEMS LT,C00948106,12244,17646,,
TEMPO AUTOMATION HOLDINGS IN,88024M108,12211,15037,,
VIVOPOWER INTERNATIONAL PLC,G9376R100,12138,27588,,
NEPHROS INC,640671400,12129,11128,,NEPH
BLUEJAY DIAGNOSTICS INC,095633103,11923,29139,,
INVIVO THERAPEUTICS HOLDINGS,46186M605,11839,11169,,
GALMED PHARMACEUTICALS LTD,M47238106,11590,27177,,GLMD
LOGICMARK INC,67091J404,11044,72993,,
TD HOLDINGS INC,87250W202,10853,11672,,
SONNET BIOTHERAPEUTICS HOLDI,83548R204,10409,28916,,
BENITEC BIOPHARMA INC,08205P100,10122,48223,,BNTC
FRESH TRACKS THERAPEUTICS IN,10802T204,9667,14648,,
LIZHI INC,53933L104,9578,12605,,
HELIUS MEDICAL TECHNOLOGIES,42328V603,9159,35364,,
EZFILL HOLDINGS INC,302314208,8749,28590,,
RETO ECO-SOLUTIONS INC,G75271109,8746,22427,,
BIT ORIGIN LTD,G21621100,8444,30160,,BTOG
ACASTI PHARMA INC,00430K873,8436,18348,,
BLUE STAR FOODS CORP,09606H101,8202,64588,,BSFC
ORIENTAL CULTURE HOLDING LTD,G6796W107,8076,19230,,OCG
SPHERE 3D CORP,84841L308,8017,22706,,ANY
SHARPLINK GAMING LTD,M8273L102,7902,20794,,
VALLON PHARMACEUTICALS INC,92023M101,7799,21569,,
SINGULARITY FUTURE TECHNOLOG,82935V208,7650,11251,,
MEIWU TECHNOLOGY CO LTD,G9604C107,7635,41954,,WNW
MINERVA SURGICAL INC,60343F106,7345,33465,,
CENTOGENE NV,N1976T109,7294,11156,,
APPRECIATE HOLDINGS INC,03832J106,6982,12250,,
CHINA NATURAL RESOURCES INC,G2110U109,6796,12136,,CHNR
VASCULAR BIOGENICS LTD,M96883109,6762,40323,,
LEAFLY HOLDINGS INC,52178J105,6227,15572,,
FLORA GROWTH CORP,339764102,5997,20412,,
INPIXON,45790J867,5908,13740,,
POLYPID LTD,M8001Q118,5770,12545,,PYPD
UNIQUE FABRICATING INC,90915J103,5604,30623,,
AKARI THERAPEUTICS PLC-ADR,00972G108,5495,30264,,
NISUN INTERNATIONAL ENTERPRI,G6593L106,5371,11226,,
RECON TECHNOLOGY LTD-CLASS A,G7415M124,5182,15122,,
PARTS ID INC,702141102,4777,20547,,
POWERBRIDGE TECHNOLOGIES CO,G72007100,4130,44173,,
CODIAK BIOSCIENCES INC,192010106,3808,21826,,
LION GROUP HOLDING LTD-S ADR,53620U102,3721,11889,,
NOVO INTEGRATED SCIENCES INC,67011T201,3296,26844,,
AGRIFY CORP,00853E206,3053,17962,,
SIYATA MOBILE INC,83013Q509,2950,19350,,
JOWELL GLOBAL LTD,G5194C101,2624,14581,,JWEL
LIQUID MEDIA GROUP LTD,53634Q204,1992,14232,,
MINIM INC,60365W102,1764,16196,,
POLYMET MINING CORP-RTS,731916144,729,269850,,
PRESIDIO PROPERTY TRST -CW27,74102L113,499,11438,,
