name_of_issuer,cusip,value_usd_thousands,shares,put_call,ticker
NVIDIA CORP,67066G104,91564397340,526796590,,NVDA
APPLE INC,037833100,81852564204,323493099,,AAPL
MICROSOFT CORP,594918104,61129440694,165605989,,MSFT
AMAZON.COM INC,023135106,42082994393,202824008,,
ALPHABET INC-CL A,02079K305,38302068236,133646615,,
BROADCOM INC,11135F101,30752566329,99646111,,AVGO
ALPHABET INC-CL C,02079K107,27682061103,96986033,,
META PLATFORMS INC-CLASS A,30303M102,26979494818,47347632,,
TESLA INC,88160R101,21936768360,59286964,,
BERKSHIRE HATHAWAY INC-CL B,084670702,16851190232,35248284,,
ELI LILLY & CO,532457108,16229517816,17715467,,LLY
JPMORGAN CHASE & CO,46625H100,15789010252,53874620,,JPM-PM
EXXON MOBIL CORP,30231G102,13838835121,81973922,,
JOHNSON & JOHNSON,478160104,12522271949,51389067,,JNJ
VISA INC-CLASS A SHARES,92826C839,11954740811,39630322,,
WALMART INC,931142103,11353802480,91802103,,WMT
MASTERCARD INC - A,57636Q104,9230459968,18533809,,
COSTCO WHOLESALE CORP,22160K105,9195351856,9273425,,
ABBVIE INC,00287Y109,8940623227,41211450,,ABBV
NETFLIX INC,64110L106,8650704167,90349148,,NFLX
PROCTER & GAMBLE CO/THE,742718109,8210672178,56890596,,
MICRON TECHNOLOGY INC,595112103,8017923590,23818316,,MU
CHEVRON CORP,166764100,7751674773,37640244,,CVX
HOME DEPOT INC,437076102,7163932911,21809889,,
PALANTIR TECHNOLOGIES INC-A,69608A108,7110993013,48778058,,
ADVANCED MICRO DEVICES,007903107,7028892491,34648394,,
CISCO SYSTEMS INC,17275R102,6916851672,89329016,,
CATERPILLAR INC,149123101,6832109759,9638210,,CAT
LAM RESEARCH CORP,512807306,6668499044,31278209,,LRCX
BANK OF AMERICA CORP,060505104,6632321732,136674035,,
APPLIED MATERIALS INC,038222105,6614009535,19391932,,
GENERAL ELECTRIC,369604301,6260558351,22102877,,
MERCK & CO. INC.,58933Y105,6177333731,51553320,,
COCA-COLA CO/THE,191216100,6116221221,80634815,,
RTX CORP,75513E101,5566098097,28932247,,RTX
PHILIP MORRIS INTERNATIONAL,718172109,5528476394,33449437,,
UNITEDHEALTH GROUP INC,91324P102,5350673855,19851614,,UNH
GOLDMAN SACHS GROUP INC,38141G104,5195929544,6154880,,GS-PD
LINDE PLC,G54950103,5122437119,10328904,,LIN
WELLS FARGO & CO,949746101,5064751589,63904645,,
ORACLE CORP,68389X105,4926677695,33661254,,ORCL-PD
MCDONALD'S CORP,580135101,4855815174,15658106,,
INTL BUSINESS MACHINES CORP,459200101,4849497813,20059946,,
GE VERNOVA INC,36828A101,4825150418,5544154,,GEV
AMGEN INC,031162100,4815902245,13733719,,AMGN
KLA CORP,482480100,4797143874,3263859,,KLAC
PEPSICO INC,713448108,4681823208,30202275,,PEP
VERIZON COMMUNICATIONS INC,92343V104,4626642750,92532885,,VZ
AT&T INC,00206R102,4397681506,152313032,,T-PC
CITIGROUP INC,172967424,4159183027,36731157,,C-PR
INTEL CORP,458140100,4158862295,94565382,,INTC
TJX COMPANIES INC,872540109,4080791033,25649395,,
TEXAS INSTRUMENTS INC,882508104,4007857464,20704533,,TXN
MORGAN STANLEY,617446448,3909510244,23865375,,MS-PQ
NEXTERA ENERGY INC,65339F101,3850429581,41623675,,NEE-PS
AMERICAN EXPRESS CO,025816109,3753878498,12459746,,AXP
GILEAD SCIENCES INC,375558103,3580985083,25746677,,
SALESFORCE INC,79466L302,3579973268,19222920,,
THERMO FISHER SCIENTIFIC INC,883556102,3519945605,7199294,,TMO
AMPHENOL CORP-CL A,032095101,3459979695,27435408,,
WALT DISNEY CO/THE,254687106,3442790134,35890822,,
ABBOTT LABORATORIES,002824100,3424690289,33531277,,ABT
QUALCOMM INC,747525103,3384353768,26326252,,
UNION PACIFIC CORP,907818108,3382867473,13956362,,UNP
INTUITIVE SURGICAL INC,46120E602,3377626510,7359779,,ISRG
ANALOG DEVICES INC,032654105,3362776003,10599931,,ADI
BOOKING HOLDINGS INC,09857L108,3332729568,790297,,BKNG
CONOCOPHILLIPS,20825C104,3235350213,24633537,,COP
PFIZER INC,717081103,3223372481,115287354,,PFE
HONEYWELL INTERNATIONAL INC,438516106,3212750129,14209286,,HON
SCHWAB (CHARLES) CORP,808513105,3118732687,33336804,,
WELLTOWER INC,95040Q104,3061549190,15481113,,WELL
BOEING CO/THE,097023105,2984211935,15072322,,
UBER TECHNOLOGIES INC,90353T100,2976208024,41474262,,
BRISTOL-MYERS SQUIBB CO,110122108,2949348208,48776745,,
ARISTA NETWORKS INC,040413205,2940044323,24005249,,
LOWE'S COS INC,548661107,2896318252,12309083,,
PROGRESSIVE CORP,743315103,2844203065,14359360,,
ALTRIA GROUP INC,02209S103,2749560040,41623008,,
NEWMONT CORP,651639106,2739811749,24744448,,
DEERE & CO,244199105,2733742961,4878984,,DE
PROLOGIS INC,74340W103,2706681925,20571526,,
EATON CORP PLC,G29183103,2705049122,7602422,,ETN
ACCENTURE PLC-CL A,G1151C101,2684301478,13562774,,
PALO ALTO NETWORKS INC,697435105,2682787903,16797714,,PANW
LOCKHEED MARTIN CORP,539830109,2674868213,4420436,,LMT
BLACKROCK INC,09290D101,2665362915,2786325,,
CHUBB LTD,H1467J104,2580356863,7934292,,CB
APPLOVIN CORP-CLASS A,03831W108,2564588153,6454221,,
INTUIT INC,461202103,2556220332,5921572,,INTU
ADOBE INC,00724F101,2532873979,10442397,,ADBE
S&P GLOBAL INC,78409V104,2513853388,5935538,,SPGI
CORNING INC,219350105,2500651790,18447364,,
VERTIV HOLDINGS CO-A,92537N108,2417962411,9687293,,
SOUTHERN CO/THE,842587107,2402556785,24742846,,
HOWMET AEROSPACE INC,443201108,2379679026,10330213,,HWM
VERTEX PHARMACEUTICALS INC,92532F100,2372936714,5339877,,
SANDISK CORP,80004C200,2367769720,3733543,,SNDK
CME GROUP INC,12572Q105,2353562309,7972902,,CME
DUKE ENERGY CORP,26441C204,2305140851,17491140,,DUK-PA
DANAHER CORP,235851102,2286317017,12123108,,
T-MOBILE US INC,872590104,2276010679,10880991,,
WESTERN DIGITAL CORP,958102105,2262052593,8386870,,WDC
CAPITAL ONE FINANCIAL CORP,14040H105,2240990437,12289260,,COF-PN
PARKER HANNIFIN CORP,701094104,2238380683,2513179,,
SERVICENOW INC,81762P102,2207077984,21145279,,
COMCAST CORP-CLASS A,20030N101,2189347935,76563690,,
AUTOMATIC DATA PROCESSING,053015103,2182141075,10734285,,
STRYKER CORP,863667101,2173493276,6649615,,SYK
STARBUCKS CORP,855244109,2173174903,24369045,,SBUX
MCKESSON CORP,58155Q103,2165278466,2514683,,MCK
AMERICAN TOWER CORP,03027X100,2143506503,12447163,,
MEDTRONIC PLC,G5960L103,2122521132,24614899,,MDT
EQUINIX INC,29444U700,2105386275,2157820,,EQIX
ROYAL BANK OF CANADA,780087102,2096206787,12561362,,RYLBF
MARSH & MCLENNAN COS,571748102,2049634762,11832561,,
QUANTA SERVICES INC,74762E102,2035983312,3723542,,
CROWDSTRIKE HOLDINGS INC - A,22788C105,2024698934,5211725,,
O'REILLY AUTOMOTIVE INC,67103H107,2024525514,21912115,,
BANK OF NEW YORK MELLON CORP,064058100,1949397566,16488805,,BNY-PK
CADENCE DESIGN SYS INC,127387108,1949377566,7025325,,
NORTHROP GRUMMAN CORP,666807102,1888499687,2779236,,
TRANE TECHNOLOGIES PLC,G8994E103,1863983491,4495238,,TT
GENERAL DYNAMICS CORP,369550108,1863023609,5447542,,GD
WILLIAMS COS INC,969457100,1857493997,25646303,,
WASTE MANAGEMENT INC,94106L109,1833631770,8012075,,WM
BLACKSTONE INC,09260D107,1829731044,15984681,,BX
SIMON PROPERTY GROUP INC,828806109,1816087161,9769258,,SPG-PJ
CVS HEALTH CORP,126650100,1813580953,25378157,,CVS
VALERO ENERGY CORP,91913Y100,1798321626,7308840,,
BOSTON SCIENTIFIC CORP,101137107,1780927777,28532256,,BSX
HILTON WORLDWIDE HOLDINGS IN,43300A203,1777037728,5838165,,
CUMMINS INC,231021106,1769247990,3302514,,CMI
REGENERON PHARMACEUTICALS,75886F107,1757289725,2282612,,
CONSTELLATION ENERGY,21037T109,1747738540,6290143,,
COLGATE-PALMOLIVE CO,194162103,1744194190,20305959,,
ROSS STORES INC,778296103,1741983739,8074183,,
SEAGATE TECHNOLOGY HOLDINGS,G7997R103,1741930447,4455552,,
US BANCORP,902973304,1731331702,33439654,,
ROYAL CARIBBEAN CRUISES LTD,V7780T103,1716630452,6263144,,RCL
INTERCONTINENTAL EXCHANGE IN,45866F104,1712710988,10947428,,
PHILLIPS 66,718546104,1698901739,9365711,,PSX
WARNER BROS DISCOVERY INC,934423104,1697298451,62038432,,
REALTY INCOME CORP,756109104,1686576191,27290144,,O
PNC FINANCIAL SERVICES GROUP,693475105,1679953693,8113521,,
MARATHON PETROLEUM CORP,56585A102,1670430875,6870778,,MPC
FASTENAL CO,311900104,1641931197,35322114,,FAST
AMERICAN ELECTRIC POWER,025537101,1628995473,12481154,,
KINDER MORGAN INC,49456B101,1624696633,48653599,,
L3HARRIS TECHNOLOGIES INC,502431109,1620817905,4710150,,
ILLINOIS TOOL WORKS,452308109,1618394985,6213020,,
FREEPORT-MCMORAN INC,35671D857,1617606807,27665668,,FCX
EOG RESOURCES INC,26875P101,1587742710,11036875,,EOG
JOHNSON CONTROLS INTERNATION,G51502105,1584421683,12161630,,
FEDEX CORP,31428X106,1578049675,4452872,,FDX
MOODY'S CORP,615369105,1566855432,3602269,,
SYNOPSYS INC,871607107,1565780544,3963523,,SNPS
COMFORT SYSTEMS USA INC,199908104,1560614721,1129019,,FIX
CENCORA INC,03073E105,1553551931,4943022,,
CSX CORP,126408103,1547250931,37880991,,CSX
SLB LTD,806857108,1541638553,30150763,,
MOTOROLA SOLUTIONS INC,620076307,1539093372,3557917,,
DIGITAL REALTY TRUST INC,253868103,1502214881,8369916,,
MARRIOTT INTERNATIONAL -CL A,571903202,1501826677,4614631,,
HCA HEALTHCARE INC,40412C101,1500881912,3187625,,
UNITED PARCEL SERVICE-CL B,911312106,1482193599,15138379,,
TORONTO-DOMINION BANK,891160509,1481791832,15366374,,
3M CO,88579Y101,1474905854,10209483,,MMM
MONDELEZ INTERNATIONAL INC-A,609207105,1473275128,25688719,,
SHERWIN-WILLIAMS CO/THE,824348106,1470300480,4610509,,
AON PLC-CLASS A,G0403H108,1468286824,4570083,,
TRAVELERS COS INC/THE,89417E109,1449552273,4935456,,
BAKER HUGHES CO,05722G100,1438834037,23668643,,BKR
CINTAS CORP,172908105,1432176695,8457283,,CTAS
GENERAL MOTORS CO,37045V100,1427156465,19119086,,GM
THE CIGNA GROUP,125523100,1420443677,5351985,,
EMERSON ELECTRIC CO,291011104,1399615205,10739528,,EMR
CIENA CORP,171779309,1397763953,3606061,,CIEN
MONOLITHIC POWER SYSTEMS INC,609839105,1395336332,1280967,,
ECOLAB INC,278865100,1392167587,5179256,,ECL
EXELON CORP,30161N101,1389214602,28443043,,EXC
CORTEVA INC,22052L104,1380186157,16555168,,
ELECTRONIC ARTS INC,285512109,1377147960,6774815,,EA
ONEOK INC,682680103,1362000504,15102027,,
IDEXX LABORATORIES INC,45168D104,1357848697,2411983,,
SHOPIFY INC - CLASS A,82509L107,1354966707,11344989,,
CRH PLC,G25508105,1354219697,12950876,,
ALLSTATE CORP,020002101,1335446924,6417491,,ALL-PB
TARGA RESOURCES CORP,87612G101,1333315954,5339536,,TRGP
MONSTER BEVERAGE CORP,61174X109,1331744694,18311863,,MNST
LUMENTUM HOLDINGS INC,55024U109,1330450483,1895790,,LITE
NIKE INC -CL B,654106103,1320836385,25121908,,
ROBINHOOD MARKETS INC - A,770700102,1311843084,18988470,,
ELEVANCE HEALTH INC,036752103,1304710406,4476367,,
PACCAR INC,693718108,1293238418,11147899,,PCAR
TRUIST FINANCIAL CORP,89832Q109,1271629993,27790013,,TFC-PR
FORTINET INC,34959E109,1264909818,15487552,,
TRANSDIGM GROUP INC,893641100,1263969126,1096344,,TDG
FORD MOTOR CO,345370860,1256149126,108440203,,F-PD
NORFOLK SOUTHERN CORP,655844108,1242989016,4353710,,NSC
AIR PRODUCTS & CHEMICALS INC,009158106,1235612762,4276210,,
AUTODESK INC,052769106,1232351332,5158998,,
CARDINAL HEALTH INC,14149Y108,1226250193,5827151,,CAH
AUTOZONE INC,053332102,1221473666,360631,,AZO
SEMPRA,816851109,1216914716,12589869,,SREA
KKR & CO INC,48251W104,1216669670,13219377,,
VISTRA CORP,92840M102,1202683731,8033371,,VST
XCEL ENERGY INC,98389B100,1193371348,15081527,,XELLL
WW GRAINGER INC,384802104,1188317961,1093906,,
TE CONNECTIVITY PLC,G87052109,1182644860,5666433,,TEL
ZOETIS INC,98978V103,1178975437,10017689,,ZTS
ARTHUR J GALLAGHER & CO,363576109,1172951180,5417051,,
ENTERGY CORP,29364G103,1160785732,10376685,,
YUM! BRANDS INC,988498101,1159914944,7427328,,
DOORDASH INC - A,25809K105,1159851421,7763392,,
AIRBNB INC-CLASS A,009066101,1150334832,9081879,,
AMETEK INC,031100100,1149327424,5385120,,
KEYSIGHT TECHNOLOGIES IN,49338L103,1148105042,4074741,,
AMERIPRISE FINANCIAL INC,03076C106,1147905057,2588065,,AMP
TERADYNE INC,880770102,1143659478,3865337,,
DELL TECHNOLOGIES -C,24703L202,1110182746,6765138,,
OCCIDENTAL PETROLEUM CORP,674599105,1104355974,17063341,,
COHERENT CORP,19247G107,1101910944,4632830,,COHR
TARGET CORP,87612E106,1101674585,9136021,,TGT
CARVANA CO,146869102,1088397211,3473782,,CVNA
ENBRIDGE INC,29250N105,1076899457,19411555,,ENBNF
DELTA AIR LINES INC,247361702,1065057947,15881445,,
CLOUDFLARE INC - CLASS A,18915M107,1064261764,5174008,,
UNITED RENTALS INC,911363109,1063576825,1466286,,
PAYPAL HOLDINGS INC,70450Y103,1055546328,23182385,,
TAPESTRY INC,876030107,1050886377,7461895,,
P G & E CORP,69331C108,1049261993,57879624,,
CBRE GROUP INC - A,12504L109,1046785097,7678314,,
CONSOLIDATED EDISON INC,209115104,1028010977,9119778,,ED
FIFTH THIRD BANCORP,316773100,1019502916,22035302,,FITB-PK
KROGER CO,501044101,1012529298,14053392,,KR
MARVELL TECHNOLOGY INC,573874104,1012304975,10263392,,
AFLAC INC,001055102,1005567069,9214907,,AFL
APOLLO GLOBAL MANAGEMENT INC,03769M106,1003675246,9053701,,
DOMINION ENERGY INC,25746U109,1003031348,16310480,,
PUBLIC STORAGE,74460D109,1000175113,3708392,,PSA-PS
WABTEC CORP,929740108,997700820,4009644,,
EBAY INC,278642103,994534340,10972297,,EBAY
HARTFORD INSURANCE GROUP INC,416515104,990336661,7308928,,
AGNICO EAGLE MINES LTD,008474108,983680708,4662141,,AEM
VICI PROPERTIES INC,925652109,982801254,35160610,,VICI
EMCOR GROUP INC,29084Q100,980638353,1332778,,
DATADOG INC - CLASS A,23804L103,978347987,8319902,,
PRUDENTIAL FINANCIAL INC,744320102,975586485,9919671,,PRS
NASDAQ INC,631103108,975032599,11532040,,
VENTAS INC,92276F100,972832404,11943780,,
BECTON DICKINSON AND CO,075887109,969605078,6191386,,
CROWN CASTLE INC,22822V101,967201111,11939625,,CCI
ROCKWELL AUTOMATION INC,773903109,963896606,2697313,,
NXP SEMICONDUCTORS NV,N6596X109,955521245,4878684,,
CHENIERE ENERGY INC,16411R208,955350512,3377844,,
MSCI INC,55354G100,951014161,1767712,,MSCI
COINBASE GLOBAL INC -CLASS A,19260Q107,941645395,5415241,,
EQT CORP,26884L109,935184165,14757523,,EQT
EDISON INTERNATIONAL,281020107,934537284,12227122,,EIX
CANADIAN NATURAL RESOURCES,136385101,932880447,18659349,,CNQ
WEC ENERGY GROUP INC,92939U106,926431513,8034819,,
DIAMONDBACK ENERGY INC,25278X109,925764210,4699500,,
PUBLIC SERVICE ENTERPRISE GP,744573106,924176036,11467353,,
REPUBLIC SERVICES INC,760759100,919898545,4214494,,
NUCOR CORP,670346105,914584965,5431824,,NUE
ARCH CAPITAL GROUP LTD,G0450A105,900693194,9420037,,ACGLO
BANK OF MONTREAL,063671101,897202261,6406366,,
EDWARDS LIFESCIENCES CORP,28176E108,896935922,11259242,,EW
GARMIN LTD,H2906T109,895277628,3875416,,GRMN
OLD DOMINION FREIGHT LINE,679580100,877396377,4509143,,
DR HORTON INC,23331A109,876307981,6413269,,
RESMED INC,761152107,869381838,3887748,,RSMDF
OTIS WORLDWIDE CORP,68902V107,867636168,11201059,,OTIS
ROPER TECHNOLOGIES INC,776696106,863877190,2446866,,ROP
STATE STREET CORP,857477103,862713096,6845034,,STT-PG
PAYCHEX INC,704326107,856618766,9242055,,PAYX
TAKE-TWO INTERACTIVE SOFTWRE,874054109,856007377,4350750,,
EXPEDIA GROUP INC,30212P303,851476906,3658633,,
AXON ENTERPRISE INC,05464C101,850848145,2011275,,
CARRIER GLOBAL CORP,14448C104,846916856,15118320,,CARR
CHIPOTLE MEXICAN GRILL INC,169656105,834265468,26196098,,CMG
ARCHER-DANIELS-MIDLAND CO,039483102,832002066,11494099,,ADM
MICROCHIP TECHNOLOGY INC,595017104,824784838,12820593,,MCHPP
VULCAN MATERIALS CO,929160109,824629296,3041815,,VMC
CAN IMPERIAL BK OF COMMERCE,136069101,820338486,8367663,,
SYSCO CORP,871829107,818388685,11522010,,SYY
MARTIN MARIETTA MATERIALS,573284106,817774308,1395287,,
METLIFE INC,59156R108,816578496,11472218,,MET-PF
COGNIZANT TECH SOLUTIONS-A,192446102,810926949,13218519,,
AMERICAN INTERNATIONAL GROUP,026874784,810021473,10819403,,
M & T BANK CORP,55261F104,808817305,3928170,,
BANK OF NOVA SCOTIA,064149107,807166211,11257959,,BNS
HUNTINGTON BANCSHARES INC,446150104,782411374,50201331,,
HALLIBURTON CO,406216101,780663049,20107360,,HAL
BLOCK INC,852234103,777712997,12978459,,
GE HEALTHCARE TECHNOLOGY,36266G107,774966524,10933903,,
KENVUE INC,49177J102,774468315,45117592,,KVUE
CBOE GLOBAL MARKETS INC,12503M108,772951676,2738870,,
NRG ENERGY INC,629377508,772630391,5307879,,
ALNYLAM PHARMACEUTICALS INC,02043Q107,771864562,2319764,,
UNITED AIRLINES HOLDINGS INC,910047109,769588283,8263715,,
HERSHEY CO/THE,427866108,768876904,3713579,,
IRON MOUNTAIN INC,46284V101,764989131,7519707,,IRM
CARNIVAL CORP,143658300,753062263,28907954,,CCL
AGILENT TECHNOLOGIES INC,00846U101,750330760,6611996,,
HEWLETT PACKARD ENTERPRISE,42824C109,750164369,31641822,,
KEURIG DR PEPPER INC,49271V100,748282865,28554175,,KDP
DTE ENERGY COMPANY,233331107,744497967,5112414,,
BROOKFIELD CORP,11271J107,741799003,17950249,,
AMEREN CORPORATION,023608102,740258643,6761885,,AEE
DEVON ENERGY CORP,25179M103,739880532,14764326,,
VERISK ANALYTICS INC,92345Y106,732567286,3830099,,
KIMBERLY-CLARK CORP,494368103,727911562,7579309,,
SUNCOR ENERGY INC,867224107,727757645,10717972,,SU
COPART INC,217204106,708779987,21441487,,CPRT
FAIR ISAAC CORP,303250104,707007335,663009,,FICO
BIOGEN INC,09062X103,706982292,3871293,,BIIB
EXTRA SPACE STORAGE INC,30225T102,704249189,5392301,,EXR
ATMOS ENERGY CORP,049560105,700260546,3807546,,ATO
SPOTIFY TECHNOLOGY SA,L8681T102,699780586,1456674,,
TELEDYNE TECHNOLOGIES INC,879360105,697861009,1155298,,TDY
DEXCOM INC,252131107,697388238,11144083,,DXCM
EVERSOURCE ENERGY,30040W108,696749881,10095220,,ES
BLOOM ENERGY CORP- A,093712107,694689855,5091247,,
WATERS CORP,941848103,692116391,2334104,,
TEXAS PACIFIC LAND CORP,88262P102,686690380,1452848,,TPL
DOW INC,260557103,683215018,16476430,,DOW
FERGUSON ENTERPRISES INC,31488V107,682936700,2937792,,
METTLER-TOLEDO INTERNATIONAL,592688105,679818711,540307,,
JABIL INC,466313103,677737659,2562177,,JBL
COTERRA ENERGY INC,127097103,675691332,19304000,,
INGERSOLL-RAND INC,45687V106,673531750,8445106,,
XYLEM INC,98419M100,669407286,5626511,,XYL
BARRICK MINING CORP,06849F108,666902216,15654154,,B
IQVIA HOLDINGS INC,46266C105,665254678,3918235,,IQV
TRACTOR SUPPLY COMPANY,892356106,664880053,14714068,,
WILLIS TOWERS WATSON PLC,G96629103,660126531,2280530,,WTW
CF INDUSTRIES HOLDINGS INC,125269100,650700028,4677988,,
DOVER CORP,260003108,648085850,3122909,,DOV
PPL CORP,69351T106,645716557,16977969,,PPLC
CENTERPOINT ENERGY INC,15189T107,645144730,15013125,,CNP
INSMED INC,457669307,643017308,3898126,,INSM
EXPAND ENERGY CORP,165167735,639038923,5844983,,EXE
FISERV INC,337738108,635247615,11438893,,FISV
NORTHERN TRUST CORP,665859104,634751075,4566998,,NTRSO
UNITED THERAPEUTICS CORP,91307C102,631801742,1067562,,UTHR
WILLIAMS-SONOMA INC,969904101,624644679,3398137,,
CITIZENS FINANCIAL GROUP,174610105,623702328,10443610,,
OMNICOM GROUP,681919106,623635903,8303210,,
AVALONBAY COMMUNITIES INC,053484101,621573076,3819531,,AVB
KRAFT HEINZ CO/THE,500754106,620442605,27606813,,
AMERICAN WATER WORKS CO INC,030420103,613707559,4529557,,
CANADIAN PACIFIC KANSAS CITY,13646K108,610830921,7655800,,
FIRSTENERGY CORP,337932107,608852008,12071975,,FE
STEEL DYNAMICS INC,858119100,608610010,3395115,,STLD
SYNCHRONY FINANCIAL,87165B103,607330766,8832063,,SYF-PB
PDD HOLDINGS INC,722304102,606784715,5979271,,PDD
DOLLAR GENERAL CORP,256677105,606703010,5132361,,DG
ROCKET LAB CORP,773121108,604835502,9347336,,RKLB
HUBBELL INC,443510607,604492896,1237214,,HUBB
INTERACTIVE BROKERS GRO-CL A,45841N107,604125607,9021581,,
DARDEN RESTAURANTS INC,237194105,603153021,3084095,,DRI
ROBLOX CORP -CLASS A,771049103,596072543,10568496,,
NETAPP INC,64110D104,595764161,5815349,,
LIVE NATION ENTERTAINMENT IN,538034109,594644022,3915402,,
VERALTO CORP,92338C103,590739495,6706107,,VLTO
ULTA BEAUTY INC,90384S303,589505218,1131101,,
SNOWFLAKE INC,833445109,589038744,3922014,,SNOW
RAYMOND JAMES FINANCIAL INC,754730109,586919168,4072100,,RJF
ON SEMICONDUCTOR,682189105,586874139,9493968,,
WHEATON PRECIOUS METALS CORP,962879102,584519039,4259107,,WPM
WORKDAY INC-CLASS A,98138H101,582376197,4494678,,
CMS ENERGY CORP,125896100,581901163,7531729,,CMS-PC
TC ENERGY CORP,87807B107,579950189,9073559,,TRPRF
CINCINNATI FINANCIAL CORP,172062101,579914119,3701383,,CINF
ANGLOGOLD ASHANTI PLC,G0378L100,575825794,5486862,,AU
ROLLINS INC,775711104,572547766,10749264,,ROL
PPG INDUSTRIES INC,693506107,566401983,5322124,,PPG
FIDELITY NATIONAL INFO SERV,31620M106,559890959,11987859,,
FABRINET,G3323L100,559569326,1068009,,FN
EQUITY RESIDENTIAL,29476L107,554853588,9416243,,EQR
REGIONS FINANCIAL CORP,7591EP100,553933848,21296282,,RF-PF
QNITY ELECTRONICS INC,74743L100,552395303,4808919,,
MANULIFE FINANCIAL CORP,56501R106,549214840,15398237,,MNUFF
ALBEMARLE CORP,012653101,546574255,3049878,,ALB-PA
VERISIGN INC,92343E102,544670104,2193923,,
PULTEGROUP INC,745867101,544545809,4649742,,
FIRST SOLAR INC,336433107,543751994,2760754,,
ARES MANAGEMENT CORP - A,03990B101,541781767,4987580,,
CURTISS-WRIGHT CORP,231561101,541417708,796806,,
SNAP-ON INC,833034101,537515559,1485114,,SNA
C.H. ROBINSON WORLDWIDE INC,12541W209,532679803,3219493,,
QUEST DIAGNOSTICS INC,74834L100,531705996,2724268,,DGX
HP INC,40434L105,521344104,27151960,,HPQ
GENERAL MILLS INC,370334104,520042963,14026018,,GIS
CHURCH & DWIGHT CO INC,171340102,514559330,5538231,,
NISOURCE INC,65473P105,513478632,11053365,,NI
CASEY'S GENERAL STORES INC,147528103,513017544,706679,,
VEEVA SYSTEMS INC-CLASS A,922475108,511385122,2919368,,
LABCORP HOLDINGS INC,504922105,509831233,1919208,,LH
WOODWARD INC,980745103,509424924,1423026,,
HUMANA INC,444859102,508805973,2939029,,HUM
LOEWS CORP,540424108,507329439,4770318,,L
EQUIFAX INC,294429105,504164442,2812162,,EFX
BROADRIDGE FINANCIAL SOLUTIO,11133T103,501795590,3100124,,
T ROWE PRICE GROUP INC,74144T108,501657030,5584636,,
CONSTELLATION BRANDS INC-A,21036P108,501287328,3356570,,
TECHNIPFMC PLC,G87110105,501121669,7247158,,FTI
CORPAY INC,219948106,500991910,1728569,,
SMURFIT WESTROCK PLC,G8267P108,499505195,12587152,,SW
STERIS PLC,G8473T100,498963360,2266441,,STE
LEIDOS HOLDINGS INC,525327102,498280704,3216320,,
LYONDELLBASELL INDU-CL A,N53745100,496087834,6118391,,
WR BERKLEY CORP,084423102,485902080,7274659,,
DOLLAR TREE INC,256746108,485633486,4453760,,
FTAI AVIATION LTD,G3730V105,484114262,1981242,,FTAIM
NATERA INC,632307104,482753949,2420585,,
ECHOSTAR CORP-A,278768106,480457793,4118078,,
SBA COMMUNICATIONS CORP,78410G104,480299151,2801435,,SBAC
AMCOR PLC,G0250X149,477326867,11978131,,AMCCF
STRATEGY INC,594972408,474745430,3817118,,STRD
CANADIAN NATL RAILWAY CO,136375102,473577309,4552388,,
EVERGY INC,30034W106,472756131,5794099,,
PTC INC,69370C100,468024802,3284880,,PTC
CHARTER COMMUNICATIONS INC-A,16119P108,467807846,2174282,,
BROWN & BROWN INC,115236101,466740315,7186804,,
PACKAGING CORP OF AMERICA,695156109,463861470,2194868,,PKG
BEST BUY CO INC,086516101,461587037,7066531,,BBY
ALLIANT ENERGY CORP,018802108,459396908,6427666,,LNT
FORTIVE CORP,34959J108,453664470,8239706,,FTV
EXPEDITORS INTL WASH INC,302130109,450815273,3161097,,
FLEX LTD,Y2573F102,450635815,6903030,,FLEX
PRINCIPAL FINANCIAL GROUP,74251V102,450087454,5016201,,
NEXTPOWER INC-CL A,65290E101,449630970,3729163,,
F5 INC,315616102,449044600,1551391,,
KEYCORP,493267108,447661503,22421389,,
WEYERHAEUSER CO,962166104,447489573,18390098,,WY
DUPONT DE NEMOURS INC,26614N102,447311857,9808848,,
COSTAR GROUP INC,22160N109,444846026,11070287,,
INTL FLAVORS & FRAGRANCES,459506101,443147513,6134075,,
LENNAR CORP-A,526057104,437907045,5064097,,
INTERNATIONAL PAPER CO,460146103,432362721,12163346,,
SOUTHWEST AIRLINES CO,844741108,428026841,11414542,,LUV
FRANCO-NEVADA CORP,351858105,427089426,1684612,,
TYSON FOODS INC-CL A,902494103,427047000,6694166,,
ZIMMER BIOMET HOLDINGS INC,98956P102,427024505,4742646,,
COEUR MINING INC,192108504,426400373,22770073,,
NVR INC,62944T105,424907890,64759,,NVR
LULULEMON ATHLETICA INC,550021109,421756131,2765624,,LULU
MODERNA INC,60770K107,421461921,8312499,,
AKAMAI TECHNOLOGIES INC,00971T101,421289751,3655482,,AKAM
HUNTINGTON INGALLS INDUSTRIE,446413106,420722800,1109207,,
WEST PHARMACEUTICAL SERVICES,955306105,419613124,1681398,,
ESTEE LAUDER COMPANIES-CL A,518439104,418744436,5859650,,
LPL FINANCIAL HOLDINGS INC,50212V100,416254816,1387814,,LPLA
ESSEX PROPERTY TRUST INC,297178105,413223380,1714045,,
EVERPURE INC-A,74624M102,409970262,6960181,,
US FOODS HOLDING CORP,912008109,408120492,4425010,,USFD
CDW CORP/DE,12514G108,408024848,3371517,,
CAMECO CORP,13321L108,406163320,3699340,,CCJ
COUPANG INC,22266T109,404159322,21398535,,
LAS VEGAS SANDS CORP,517834107,402999812,7510418,,LVS
HOLOGIC INC,436440101,400756753,5324081,,
APA CORP,03743Q108,396438748,9356881,,APA
TEXTRON INC,883203101,395846024,4403672,,TXT
RB GLOBAL INC,74935Q107,395659035,4133649,,RBA
BUNGE GLOBAL SA,H11356104,393689039,3108811,,BG
HUNT (JB) TRANSPRT SVCS INC,445658107,392644021,1860665,,
INCYTE CORP,45337C102,389355397,4153612,,INCY
KIMCO REALTY CORP,49446R109,388883401,17375844,,KIM-PN
TYLER TECHNOLOGIES INC,902252105,387511253,1130999,,TYL
INVITATION HOMES INC,46187W107,382359186,15444944,,INVH
GLOBAL PAYMENTS INC,37940X102,381792831,5697324,,GPN
RESTAURANT BRANDS INTERN,76131D103,379418790,4999108,,
MID-AMERICA APARTMENT COMM,59522J103,378898706,3114536,,
VIATRIS INC,92556V106,378753333,28087981,,VTRS
INSULET CORP,45784P101,377563632,1806393,,PODD
CENTENE CORP,15135B101,375283959,11475947,,CNC
KINROSS GOLD CORP,496902404,374093150,11603045,,KGCRF
TRIMBLE INC,896239100,370666663,5706651,,TRMB
LENNOX INTERNATIONAL INC,526107107,370118746,800690,,LII
ZOOM COMMUNICATIONS INC,98980L101,367994453,4549017,,
BALL CORP,058498106,367587386,6244913,,BALL
MASTEC INC,576323109,366618738,1139217,,MTZ
JACOBS SOLUTIONS INC,46982L108,364861397,2878593,,J
FORTIS INC,349553107,363921688,6180003,,FTRSF
ANNALY CAPITAL MANAGEMENT IN,035710839,363669972,17214596,,
NORDSON CORP,655663102,363146942,1370332,,NDSN
ALLEGION PLC,G0176J109,362980539,2507086,,ALLE
HEALTHPEAK PROPERTIES INC,42250P103,362436485,22129252,,
GENUINE PARTS CO,372460105,360930668,3427278,,GPC
ROYAL GOLD INC,780287108,360535324,1416344,,RGLD
CREDO TECHNOLOGY GROUP HOLDI,G25457105,359652991,3818882,,
MARKEL GROUP INC,570535104,359015117,188212,,MKL
SOFI TECHNOLOGIES INC,83406F102,358437243,22566743,,
DECKERS OUTDOOR CORP,243537107,358006615,3591542,,DECK
GRACO INC,384109104,357223675,4228708,,GGG
CARPENTER TECHNOLOGY,144285103,356388803,903971,,
TKO GROUP HOLDINGS INC,87256C101,355517899,1766079,,
ATI INC,01741R102,353431773,2429138,,ATI
RALPH LAUREN CORP,751212101,352925453,1027755,,RL
FOX CORP - CLASS A,35137L105,352193103,6046342,,
IDEX CORP,45167R104,349190995,1849868,,
DOMINO'S PIZZA INC,25754A201,345402287,944786,,
GLOBE LIFE INC,37959E102,343210783,2469797,,GL-PD
NVENT ELECTRIC PLC,G6700G107,342422336,2894305,,NVT
EVEREST GROUP LTD,G3223R108,342316622,1051498,,
AST SPACEMOBILE INC,00217D100,341503313,4129065,,
OMEGA HEALTHCARE INVESTORS,681936100,341085825,7782422,,
XPO INC,983793100,338609306,1739951,,
BURLINGTON STORES INC,122017106,338108444,1042300,,
REGENCY CENTERS CORP,758849103,337558440,4479161,,REGCP
PENTAIR PLC,G7S00T104,337103397,3886375,,PNR
HASBRO INC,418056107,334664158,3581599,,
COOPER COS INC/THE,216648501,333318529,4681772,,
STERLING INFRASTRUCTURE INC,859241101,333199372,799061,,
NUTRIEN LTD,67077M108,332522687,4290357,,NTR
SUN LIFE FINANCIAL INC,866796105,330613051,5077076,,SLFQF
AVERY DENNISON CORP,053611109,329407375,1915482,,AVY
BRIDGEBIO PHARMA INC,10806X102,328813257,4337438,,
ALCOA CORP,013872106,328692812,4953846,,AA
ROYALTY PHARMA PLC- CL A,G7709Q104,327879237,6855555,,
HOST HOTELS & RESORTS INC,44107P104,325592033,17022841,,
JACK HENRY & ASSOCIATES INC,426281101,324884721,2063049,,JKHY
CELESTICA INC,15101Q207,321651580,1090374,,CLS
CENOVUS ENERGY INC,15135U109,320121128,11923468,,CVE
NU HOLDINGS LTD/CAYMAN ISL-A,G6683N103,320007332,22460066,,
MONGODB INC,60937P106,319946123,1311337,,
MEDPACE HOLDINGS INC,58506Q109,318280551,662719,,
GAMING AND LEISURE PROPERTIE,36467J108,317548364,7171711,,
RBC BEARINGS INC,75524B104,317034267,583581,,RBC
UNIVERSAL HEALTH SERVICES-B,913903100,315632917,1769104,,
GARTNER INC,366651107,314204124,1991683,,IT
AES CORP,00130H105,312177801,22187537,,AES
KRATOS DEFENSE & SECURITY,50077B207,311772175,4420790,,
ADVANCED ENERGY INDUSTRIES,007973100,308070772,946663,,
NEW YORK TIMES CO-A,650111107,306858739,3659615,,
ILLUMINA INC,452327109,303993421,2474032,,
SOMNIGROUP INTERNATIONAL INC,88023U101,302163343,4086720,,SGI
TENET HEALTHCARE CORP,88033G407,301091590,1595130,,THC
APTIV PLC,G3265R107,301049722,5139560,,APTV
BWX TECHNOLOGIES INC,05605H100,295944474,1446679,,
MKS INC,55306N104,294915571,1283006,,MKSI
LIBERTY MEDIA CORP-FORMULA-C,531229755,294242344,3471582,,
MCCORMICK & CO-NON VTG SHRS,579780206,293802455,5850676,,
EXELIXIS INC,30161Q104,293081337,6832155,,
CLOROX COMPANY,189054109,293003053,2839760,,
HECLA MINING CO,422704106,293001155,15724299,,
FIRST CITIZENS BCSHS  -CL A,31946M103,291392698,155046,,
FLUTTER ENTERTAINMENT PLC-DI,G3643J108,290535696,2858137,,
LINCOLN ELECTRIC HOLDINGS,533900106,288016792,1156078,,
SKYWORKS SOLUTIONS INC,83088M102,287243046,5345762,,
ENSIGN GROUP INC/THE,29358P101,287031534,1424209,,
REDDIT INC-CL A,75734B100,285915802,2126567,,
AMRIZE LTD,H2927K103,285698531,5125169,,AMRZ
TRADE DESK INC/THE -CLASS A,88339J105,285457050,12616161,,
SUPER MICRO COMPUTER INC,86800U302,284712353,12556269,,
MUELLER INDUSTRIES INC,624756102,284341172,2565741,,MLI
TWILIO INC - A,90138F102,284266789,2266978,,
GUARDANT HEALTH INC,40131M109,282964903,3062767,,
MASCO CORP,574599106,282345256,4697996,,
ENTEGRIS INC,29362U104,280876152,2403567,,ENTG
LAMAR ADVERTISING CO-A,512816109,279930908,2209696,,
SOLVENTUM CORP,83444M101,278383457,4278418,,SOLV
INVESCO LTD,G491BT108,277191578,11432045,,IVZ
WP CAREY INC,92936U109,276274060,4076760,,
REVOLUTION MEDICINES INC,76155X100,276204198,2847386,,
PINNACLE WEST CAPITAL,723484101,275925114,2744025,,
TOLL BROTHERS INC,889478103,275490279,2018257,,
GODADDY INC - CLASS A,380237107,274916279,3339100,,
API GROUP CORP,00187Y100,273866924,6757031,,APG
IONIS PHARMACEUTICALS INC,462222100,273739441,3565401,,IONS
OLD REPUBLIC INTL CORP,680223104,272363012,6816692,,
ASSURANT INC,04621X108,270369996,1243604,,
ALIGN TECHNOLOGY INC,016255101,269661660,1576075,,ALGN
EVERCORE INC - A,29977A105,267764185,896836,,
COCA-COLA CONSOLIDATED INC,191098102,267107263,1392800,,
AMERICAN HEALTHCARE REIT INC,398182303,265646203,5357607,,
TTM TECHNOLOGIES,87305R109,262895857,2677443,,
TEVA PHARMACEUTICAL-SP ADR,881624209,262184176,8769833,,
HEICO CORP-CLASS A,422806208,261046454,1240519,,
UDR INC,902653104,261012802,7758713,,
BJ'S WHOLESALE CLUB HOLDINGS,05550J101,260504647,2646282,,
GENERAC HOLDINGS INC,368736104,259994464,1333742,,GNRC
DT MIDSTREAM INC,23345M107,259043423,1923086,,
EAST WEST BANCORP INC,27579R104,259039646,2406861,,EWBC
SUN COMMUNITIES INC,866674104,258902403,2061959,,SUI
TAIWAN SEMICONDUCTOR-SP ADR,874039100,258658819,765376,,
STANLEY BLACK & DECKER INC,854502101,258574537,3645950,,
GEN DIGITAL INC,668771108,257804199,13741692,,GENVR
JONES LANG LASALLE INC,48020Q107,256697100,843301,,JLL
SEA LTD-ADR,81141R100,256635594,3154040,,
OVINTIV INC,69047Q102,255426244,4301332,,OVV
ZSCALER INC,98980G102,254926734,1822339,,
SERVICE CORP INTERNATIONAL,817565104,254584374,3084858,,SCI
CAMDEN PROPERTY TRUST,133131102,253780144,2603365,,CPT
EQUITY LIFESTYLE PROPERTIES,29472R108,251503040,4028325,,
MACOM TECHNOLOGY SOLUTIONS H,55405Y100,247635554,1114833,,
FIVE BELOW,33829M101,247506218,1079097,,
DYNATRACE INC,268150109,246436681,6662666,,
ZEBRA TECHNOLOGIES CORP-CL A,989207105,245819558,1180840,,
DONALDSON CO INC,257651109,245456194,2891618,,DCI
ITT INC,45073V108,244925520,1285114,,ITT
PERMIAN RESOURCES CORP-CL A,71424F105,243715505,11426884,,
TD SYNNEX CORP,87162W100,241383469,1421936,,SNX
JM SMUCKER CO/THE,832696405,240582433,2499523,,
BIO-TECHNE CORP,09073M104,240202907,4603459,,TECH
MEDLINE INC-CL A,58507V107,239615651,5382599,,
ASTERA LABS INC,04626A103,236629668,2165734,,
NEWS CORP - CLASS A,65249B109,235414842,9470221,,
SMITH (A.O.) CORP,831865209,235196935,3572003,,
DYCOM INDUSTRIES INC,267475101,235066292,693647,,DY
TALEN ENERGY CORP,87422Q109,234931679,735657,,TLN
REINSURANCE GROUP OF AMERICA,759351604,234920580,1150376,,
ROIVANT SCIENCES LTD,G76279101,234773713,8473476,,ROIV
ARROWHEAD PHARMACEUTICALS IN,04280A100,234474336,3640432,,
PEMBINA PIPELINE CORP,706327103,233909625,5125163,,PMBPF
RELIANCE INC,759509102,233302452,770277,,
MODINE MANUFACTURING CO,607828100,232404346,1072173,,MOD
ALLISON TRANSMISSION HOLDING,01973R101,231737720,1979269,,
SS&C TECHNOLOGIES HOLDINGS,78467J100,231638440,3439280,,
NEUROCRINE BIOSCIENCES INC,64125C109,231615111,1763304,,NBIX
RENAISSANCERE HOLDINGS LTD,G7496G103,231295436,777978,,RNR-PF
WATTS WATER TECHNOLOGIES-A,942749102,230159933,792738,,
ROKU INC,77543R102,230062314,2427514,,
RAMBUS INC,750917106,226245852,2629349,,RMBS
REVVITY INC,714046109,224897474,2572245,,
ARGAN INC,04010E109,223936649,411094,,AGX
EMERA INC,290876101,222743658,3960164,,EMRJF
ELANCO ANIMAL HEALTH INC,28414H103,222587963,9299336,,ELAN
INTERDIGITAL INC,45867G101,221696031,733976,,
FACTSET RESEARCH SYSTEMS INC,303075105,221292632,1021536,,FDS
PAN AMERICAN SILVER CORP,697900108,220395043,3866038,,PAASF
LATTICE SEMICONDUCTOR CORP,518415104,220126213,2372440,,LSCC
BORGWARNER INC,099724106,217789122,4012874,,BWA
CARETRUST REIT INC,14174T107,217361408,5929713,,
AFFIRM HOLDINGS INC,00827B106,217296301,4756531,,
CLEAN HARBORS INC,184496107,216294207,754127,,CLH
OKTA INC,679295105,216167717,2755279,,
FEDERAL REALTY INVS TRUST,313745101,215061734,2028477,,
MANHATTAN ASSOCIATES INC,562750109,214167593,1593421,,MANH
PENUMBRA INC,70975L107,214099973,651825,,PEN
JACKSON FINANCIAL INC-A,46817M107,213158736,1932915,,
TRADEWEB MARKETS INC-CLASS A,892672106,212354240,1810834,,
HUBSPOT INC,443573100,211185207,867664,,HUBS
FLUOR CORP,343412102,210678281,4249844,,FLR
RPM INTERNATIONAL INC,749685103,210391427,2123283,,
ONTO INNOVATION INC,683344105,209906382,1023354,,ONTO
TECK RESOURCES LTD-CLS B,878742204,208867421,3944808,,
GUIDEWIRE SOFTWARE INC,40171V100,208847366,1396017,,
NORWEGIAN CRUISE LINE HOLDIN,G66721104,207467238,11115351,,
IONQ INC,46222L108,207434302,7209269,,
BUILDERS FIRSTSOURCE INC,12008R107,207354701,2529760,,
CARLISLE COS INC,142339100,206554768,621253,,
WESCO INTERNATIONAL INC,95082P105,206040125,752791,,WCC
SPX TECHNOLOGIES INC,78473E103,205685688,1028512,,
MADRIGAL PHARMACEUTICALS INC,558868105,205509638,392500,,
TOAST INC-CLASS A,888787108,205074823,7758968,,
WYNN RESORTS LTD,983134107,204534738,2017999,,WYNN
CACI INTERNATIONAL INC -CL A,127190304,204287730,375521,,
BAXTER INTERNATIONAL INC,071813109,203060324,12110549,,BAX
APPLIED INDUSTRIAL TECH INC,03820C105,201252993,758361,,
CARLYLE GROUP INC/THE,14316J108,200659838,4158439,,
IMPERIAL OIL LTD,453038408,200198732,1495840,,IMO
KINSALE CAPITAL GROUP INC,49714P108,200004742,579938,,
ROCKET COS INC-CLASS A,77311W101,199971388,14078693,,
UNUM GROUP,91529Y106,199823432,2735486,,UNMA
VAIL RESORTS INC,91879Q109,199762090,1554352,,MTN
COGNEX CORP,192422103,199134994,4064053,,CGNX
TRANSUNION,89400J107,199003673,2886008,,TRU
ERIE INDEMNITY COMPANY-CL A,29530P102,198294455,791549,,
BXP INC,101121101,197818720,3818327,,
PERFORMANCE FOOD GROUP CO,71377A103,197272594,2302003,,PFGC
CHARLES RIVER LABORATORIES,159864107,197188335,1145377,,
CHART INDUSTRIES INC,16115Q308,196938831,952337,,
REGAL REXNORD CORP,758750103,196865617,1050990,,RRX
ANTERO MIDSTREAM CORP,03676B102,196806570,8630436,,AM
FIDELITY NATIONAL FINANCIAL,31620R303,196651915,4253370,,
RIVIAN AUTOMOTIVE INC-A,76954A103,196468967,13095065,,
MOSAIC CO/THE,61945C103,196405747,7716742,,
DICK'S SPORTING GOODS INC,253393102,195994796,991891,,
COREWEAVE INC-CL A,21873S108,195525749,2535902,,
EPAM SYSTEMS INC,29414B104,194149653,1436440,,
ALAMOS GOLD INC-CLASS A,011532108,194097314,4101124,,
SEI INVESTMENTS COMPANY,784117103,193922232,2470922,,
BROOKFIELD ASSET MGMT-A,113004105,193913827,4208139,,
TEXAS ROADHOUSE INC,882681109,193208379,1169663,,
ANTERO RESOURCES CORP,03674X106,191536369,4511350,,AR
JAZZ PHARMACEUTICALS PLC,G50871105,190424473,1006981,,JAZZ
PINNACLE FINANCIAL PARTNERS,72348N109,190329165,2217466,,
WATSCO INC,942622200,188990032,520820,,WSO-B
CGI INC,12532H104,187826263,2421147,,GIB
PRIMERICA INC,74164M108,187503895,748433,,
POPULAR INC,733174700,187376819,1396268,,
HEICO CORP,422806109,186783369,683537,,HEI-A
FORMFACTOR INC,346375108,185712999,1914422,,FORM
ALEXANDRIA REAL ESTATE EQUIT,015271109,184988002,3992241,,
THOMSON REUTERS CORP,884903808,184804311,2028852,,
FIRSTCASH HOLDINGS INC,33768G107,182967893,973063,,
APTARGROUP INC,038336103,182448632,1447474,,
VIAVI SOLUTIONS INC,925550105,182184392,5473222,,VIAV
UMB FINANCIAL CORP,902788108,182102337,1614210,,UMBFO
DRAFTKINGS INC-CL A,26142V105,181724397,8427504,,
CIRRUS LOGIC INC,172755100,181183766,1252596,,
PRIMORIS SERVICES CORP,74164F103,181169125,1266317,,PRIM
COCA-COLA EUROPACIFIC PARTNE,G25839104,180893316,2012902,,
SITIME CORP,82982T106,180437394,522376,,SITM
NEBIUS GROUP NV,N97284108,180364217,1756454,,
OWENS CORNING,690742101,180335861,1574488,,OC
CROWN HOLDINGS INC,228368106,180319544,1798204,,
PRAXIS PRECISION MEDICINES I,74006W207,180186017,559133,,
AMERICAN FINANCIAL GROUP INC,025932104,180107473,1409961,,AFGE
HENRY SCHEIN INC,806407102,179729206,2443272,,HSIC
AGNC INVESTMENT CORP,00123Q104,179318107,17873206,,AGNCZ
SAMSARA INC-CL A,79589L106,179009609,5665775,,
FOX CORP - CLASS B,35137L204,178882541,3383612,,
EQUITABLE HOLDINGS INC,29452E101,177983855,4810906,,
WEBSTER FINANCIAL CORP,947890109,177697441,2559066,,WBS-PG
AERCAP HOLDINGS NV,N00985106,176870834,1303908,,
CONAGRA BRANDS INC,205887102,176843942,11271669,,CAG
OLD NATIONAL BANCORP,680033107,176160152,7969479,,
AMERICAN HOMES 4 RENT- A,02665T306,175399743,6280819,,
BIOMARIN PHARMACEUTICAL INC,09061G101,174922686,3095657,,BMRN
COMMERCIAL METALS CO,201723103,174814070,2845252,,CMC
CYTOKINETICS INC,23282W605,174750070,2650775,,CYTK
MOLSON COORS BEVERAGE CO - B,60871R209,174079376,4050503,,
MOOG INC-CLASS A,615394202,173996177,594449,,
SANMINA CORP,801056102,173714178,1339723,,SANM
ORMAT TECHNOLOGIES INC,686688102,172317719,1539385,,
AXSOME THERAPEUTICS INC,05464T104,171616873,1015163,,
FEDERAL SIGNAL CORP,313855108,171400603,1584712,,
GENPACT LTD,G3922B107,170338496,4256575,,G
SEMTECH CORP,816850101,169238157,2200605,,SMTC
EASTGROUP PROPERTIES INC,277276101,168967791,912652,,EGP
AGREE REALTY CORP,008492100,168727515,2237799,,ADC-PA
PINTEREST INC- CLASS A,72352L106,168592845,9222286,,
STIFEL FINANCIAL CORP,860630102,167966545,2271611,,SF-PD
BOOZ ALLEN HAMILTON HOLDINGS,099502106,167774143,2149575,,
ALLY FINANCIAL INC,02005N100,167745481,4274730,,ALLY
NUTANIX INC - A,67059N108,167279723,4399649,,
AECOM,00766T100,167036523,1976115,,ACM
ESSENTIAL UTILITIES INC,29670G102,166768876,4140038,,
FIRST HORIZON CORP,320517105,165786768,7281971,,FHN-PH
HOULIHAN LOKEY INC,441593100,164726809,1146717,,
MGM RESORTS INTERNATIONAL,552953101,164507312,4453767,,MGM
DOCUSIGN INC,256163106,163487691,3418278,,
HORMEL FOODS CORP,440452100,162662170,7212236,,
CNH INDUSTRIAL NV,N20944109,162260939,14796726,,
RANGE RESOURCES CORP,75281A109,161774561,3579217,,RRC
FRANKLIN RESOURCES INC,354613101,160929485,6827327,,BEN
CREDICORP LTD,G2519Y108,160863418,478093,,BAP
VAXCYTE INC,92243G108,159784799,2749097,,
INSTALLED BUILDING PRODUCTS,45780R101,159465871,601318,,
POOL CORP,73278L105,159023262,787463,,POOL
BALCHEM CORP,057665200,158130331,932892,,BCPC
TAYLOR MORRISON HOME CORP,87724P106,157642627,2561950,,
HF SINCLAIR CORP,403949100,157577973,2524726,,DINO
ELEMENT SOLUTIONS INC,28618M106,157190343,4603275,,ESI
VIASAT INC,92552V100,156414975,3365266,,VSAT
PLANET LABS PBC,72703X106,156223278,5588079,,PL
HEALTHEQUITY INC,42226A107,156102623,1867536,,
ARAMARK,03852U106,155186697,3826789,,ARMK
MURPHY USA INC,626755102,155062825,313807,,MUSA
QXO INC,82846H405,154409688,7948861,,
PROTAGONIST THERAPEUTICS INC,74366E102,154302317,1463680,,
VALLEY NATIONAL BANCORP,919794107,152574893,12422623,,VLYPN
ESCO TECHNOLOGIES INC,296315104,152563148,542099,,ESE
BRIXMOR PROPERTY GROUP INC,11120U105,152172298,5282357,,BRX
NNN REIT INC,637417106,151934827,3614033,,
OSHKOSH CORP,688239201,151812744,1030979,,OSK
TORO CO,891092108,151672538,1622764,,TTC
SM ENERGY CO,78454L100,151671614,4863003,,SM
AXOS FINANCIAL INC,05465C100,151568410,1759101,,
CORE & MAIN INC-CLASS A,21874C102,150443904,3044548,,
OGE ENERGY CORP,670837103,149667109,3119397,,OGE
CULLEN/FROST BANKERS INC,229899109,149616139,1091165,,
TOPBUILD CORP,89055F103,148987745,423981,,
URANIUM ENERGY CORP,916896103,148772044,11017990,,UEC
NATIONAL FUEL GAS CO,636180101,148577902,1580703,,NFG
WINTRUST FINANCIAL CORP,97650W108,147844923,1063794,,WTFCN
ARMSTRONG WORLD INDUSTRIES,04247X102,147081268,892287,,
ADVANCED DRAINAGE SYSTEMS IN,00790R104,147016096,1071768,,
ENCOMPASS HEALTH CORP,29261A100,146591856,1515007,,EHC
ESSENTIAL PROPERTIES REALTY,29670E107,146464244,4823276,,
SOUTHSTATE BANK CORP,84472E102,146420048,1582133,,SSB
AFFILIATED MANAGERS GROUP,008252108,146387138,528919,,
ROGERS COMMUNICATIONS INC-B,775109200,145923380,3585166,,
TERRENO REALTY CORP,88146M101,145876805,2374598,,TRNO
SILICON LABORATORIES INC,826919102,145781882,700222,,SLAB
WAYFAIR INC- CLASS A,94419L101,145705257,1928495,,
GLOBUS MEDICAL INC - A,379577208,145327302,1686201,,
PAYCOM SOFTWARE INC,70432V102,145115955,1193760,,
SAIA INC,78709Y105,144639623,411630,,SAIA
ATLASSIAN CORP-CL A,049468101,144524059,2125899,,
DARLING INGREDIENTS INC,237266101,144303288,2332401,,DAR
VALMONT INDUSTRIES,920253101,143976747,360242,,
KRYSTAL BIOTECH INC,501147102,143323090,554703,,
ZIONS BANCORP NA,989701107,142412965,2470936,,
CUBESMART,229663109,141941207,3871877,,CUBE
JBT MAREL CORP,477839104,140622857,1099494,,JBTM
STONEX GROUP INC,861896108,140587418,1742859,,SNEX
MASIMO CORP,574795100,140365143,788942,,
FLOWSERVE CORP,34354P105,140109951,1905418,,FLS
ZURN ELKAY WATER SOLUTIONS C,98983L108,140027642,3122152,,
CHORD ENERGY CORP,674215207,139154309,978372,,CHRD
AEROVIRONMENT INC,008073108,139073431,759612,,AVAV
SOLSTICE ADV MATERIALS INC,83443Q103,138896688,1823021,,
GAMESTOP CORP-CLASS A,36467W109,138438329,6006741,,
TEREX CORP,880779103,138383172,2341001,,TEX
ENERSYS,29275Y102,137530820,791511,,ENS
CNX RESOURCES CORP,12653C108,137390033,3563056,,CNX
CLEARWATER ANALYTICS HDS-A,185123106,137211830,5800418,,
DIGITALOCEAN HOLDINGS INC,25402D102,136670240,1592891,,
ESSENT GROUP LTD,G3198U102,136496145,2335226,,ESNT
UNITED BANKSHARES INC,909907107,136400414,3292497,,
BANK OZK,06417N103,136396052,2777511,,OZKAP
TXNM ENERGY INC,69349H107,136377620,2332328,,TXNM
CHEWY INC - CLASS A,16679L109,136302410,5047097,,
LUMEN TECHNOLOGIES INC,550241103,136072604,19530263,,
MAGNA INTERNATIONAL INC,559222401,135854697,2387106,,MGA
KNIGHT-SWIFT TRANSPORTATION,499049104,135359312,2350085,,
VIPER ENERGY INC-CL A,64361Q101,135171908,2875472,,
CHEMED CORP,16359R103,134945321,357181,,CHE
LITTELFUSE INC,537008104,134209466,395376,,
HALOZYME THERAPEUTICS INC,40637H109,134072273,2073937,,
ATMUS FILTRATION TECHNOLOGIE,04956D107,133842326,2357271,,
UGI CORP,902681105,133764534,3671835,,
TRANSOCEAN LTD,H8817H100,132760801,20019885,,RIG
EASTMAN CHEMICAL CO,277432100,132361645,1733599,,EMN
BRIGHTSPRING HEALTH SERVICES,10950A106,132303817,3104400,,
CAVA GROUP INC,148929102,132290881,1634780,,
MATCH GROUP INC,57667L107,131788008,4282979,,
APPLIED DIGITAL CORP,038169207,131715671,5547137,,APLD
FIRST INDUSTRIAL REALTY TR,32054K103,131713498,2276201,,
PTC THERAPEUTICS INC,69366J200,131468497,1929297,,
VALARIS LTD,G9460G101,130856268,1334438,,VAL-WT
REXFORD INDUSTRIAL REALTY IN,76169C100,130718626,3992810,,
BRINKER INTERNATIONAL INC,109641100,130301805,912472,,
RYMAN HOSPITALITY PROPERTIES,78377T107,130241564,1411239,,
BROWN-FORMAN CORP-CLASS B,115637209,130021657,4925868,,
WEATHERFORD INTERNATIONAL PL,G48833118,129976729,1373921,,
AMDOCS LTD,G02602103,129804476,1944969,,DOX
SPIRE INC,84857L101,129776992,1433098,,SRJN
COLUMBIA BANKING SYSTEM INC,197236102,129753607,4729018,,
OKLO INC,02156V109,129508105,2616948,,OKLO
NOBLE CORP PLC,G65431127,129353047,2635532,,NE-WT
WHIRLPOOL CORP,963320106,129331545,2394841,,
PORTLAND GENERAL ELECTRIC CO,736508847,129269560,2448993,,
NEXSTAR MEDIA GROUP INC,65336K103,129157158,713916,,
IDACORP INC,451107106,129055942,902348,,IDA
LANDSTAR SYSTEM INC,515098101,128990733,804484,,LSTR
ACUITY INC,00508Y102,128874385,459766,,
SPROUTS FARMERS MARKET INC,85208M102,128721919,1668455,,
DAVITA INC,23918K108,128079557,834897,,DVA
GATX CORP,361448103,127966660,749317,,GATX
MACY'S INC,55616P104,127452219,6609780,,
ALKERMES PLC,G01767105,127441020,3603370,,ALKS
TETRA TECH INC,88162G103,127369761,4227544,,TTEK
BADGER METER INC,056525108,127195159,834756,,BMI
IES HOLDINGS INC,44951W106,126187349,264796,,
MURPHY OIL CORP,626717102,126081458,3055686,,MUR
CRANE CO,224408104,125980389,736504,,CR
MARKETAXESS HOLDINGS INC,57060D108,125777481,762213,,MKTX
WASTE CONNECTIONS INC,94106B101,125730775,761149,,
KITE REALTY GROUP TRUST,49803T300,124568907,5073169,,KRG
GLAUKOS CORP,377322102,124528323,1156422,,GKOS
ARCHROCK INC,03957W106,123435548,3546181,,
AIR LEASE CORP,00912X302,123138212,1895709,,
MAGNOLIA OIL & GAS CORP - A,559663109,123108143,3898414,,
EAGLE MATERIALS INC,26969P108,122902542,648592,,EXP
HUT 8 CORP,44812J104,122825369,2581841,,HUT
RLI CORP,749607107,122650013,2149824,,RLI
EVERUS CONSTRUCTION GROUP,300426103,122373465,1036306,,
AUTOLIV INC,052800109,122373047,1163373,,ALV
ZILLOW GROUP INC - C,98954M200,122318632,2963971,,
AXIS CAPITAL HOLDINGS LTD,G0692U109,122257184,1205224,,AXS-PE
COGENT BIOSCIENCES INC,19240Q201,122115815,3171875,,
PAYLOCITY HOLDING CORP,70438V106,122013045,1129139,,PCTY
SOUTHWEST GAS HOLDINGS INC,844895102,121964840,1403218,,
WESTERN ALLIANCE BANCORP,957638109,121936277,1720591,,WAL-PA
RYDER SYSTEM INC,783549108,121671517,594183,,R
LKQ CORP,501889208,121492766,4135541,,LKQ
COMMERCE BANCSHARES INC,200525103,120660054,2451839,,
GLACIER BANCORP INC,37637Q105,120588200,2698963,,
SABRA HEALTH CARE REIT INC,78573L106,120543313,6267391,,
MAPLEBEAR INC,565394103,120301185,3210599,,CART
VSE CORP,918284100,119458801,647686,,VSECU
KYMERA THERAPEUTICS INC,501575104,119438232,1433702,,
MATADOR RESOURCES CO,576485205,118962603,1882201,,MTDR
PLEXUS CORP,729132100,118667445,585771,,PLXS
HANCOCK WHITNEY CORP,410120109,118548368,1863989,,HWCPZ
UNITY SOFTWARE INC,91332U101,118320306,5311947,,U
WARRIOR MET COAL INC,93627C101,117982940,1266269,,
APPLIED OPTOELECTRONICS INC,03823U102,117832215,1392656,,
THE CAMPBELL'S COMPANY,134429109,117783837,5297948,,
STAG INDUSTRIAL INC,85254J102,117697060,3263045,,
INGREDION INC,457187102,117689765,1044360,,INGR
VIKING HOLDINGS LTD,G93A5A101,117555214,1599826,,VIK
ARROW ELECTRONICS INC,042735100,117460379,818821,,
UFP INDUSTRIES INC,90278Q108,117313274,1273235,,UFPI
NEW JERSEY RESOURCES CORP,646025106,117148407,2132621,,NJR
SHARKNINJA INC,G8068L108,116748662,1102008,,
CONSTRUCTION PARTNERS INC-A,21044C107,115691242,1040921,,
PHILLIPS EDISON & COMPANY IN,71844V201,115650086,3090032,,
ACI WORLDWIDE INC,004498101,115299415,2811043,,
BOYD GAMING CORP,103304101,114888118,1397747,,BYD
CORE NATURAL RESOURCES INC,218937100,114728095,1095151,,
LAUREATE EDUCATION INC,518613203,114454884,3284548,,
NUVALENT INC-A,670703107,114396659,1116353,,
BLACK HILLS CORP,092113109,114133299,1643874,,
CIRCLE INTERNET GROUP INC,172573107,114027071,1194795,,
CLEAR SECURE INC -CLASS A,18467V109,113865527,2351682,,
CALIFORNIA RESOURCES CORP,13057Q305,113617296,1640913,,CRC
PROCORE TECHNOLOGIES INC,74275K108,113409692,1989095,,
POWELL INDUSTRIES INC,739128106,113360284,209465,,POWL
D-WAVE QUANTUM INC,26740W109,113157415,7742276,,QBTS
ENPRO INC,29355X107,113153373,451347,,NPO
GENTEX CORP,371901109,112998341,5170526,,GNTX
MUELLER WATER PRODUCTS INC-A,624758108,112966537,4108684,,
RUBRIK INC-A,781154109,112864052,2304037,,
ONE GAS INC,68235P108,112274179,1303281,,
PROSPERITY BANCSHARES INC,743606105,112104980,1668279,,PB
MACERICH CO/THE,554382101,112021729,5925949,,
JANUS HENDERSON GROUP PLC,G4474Y214,111819224,2176192,,
LANTHEUS HOLDINGS INC,516544103,110879867,1461521,,
EXLSERVICE HOLDINGS INC,302081104,110816189,3638578,,
CELANESE CORP,150870103,110306607,1676483,,CE
ARCOSA INC,039653100,110022974,1036355,,
GRANITE CONSTRUCTION INC,387328107,109811025,915816,,GVA
AMERICAN AIRLINES GROUP INC,02376R102,109372149,10179857,,AAL
MATSON INC,57686G105,108982418,664593,,
MOELIS & CO - CLASS A,60786M105,108860268,1909510,,
QORVO INC,74736K101,108830266,1389154,,
KIRBY CORP,497266106,108393958,815416,,KEX
AMERIS BANCORP,03076K108,108230978,1387478,,ABCB
SIMPSON MANUFACTURING CO INC,829073105,108119058,629809,,
CHECK POINT SOFTWARE TECH,M22465104,108024177,761185,,
SELECTIVE INSURANCE GROUP,816300107,108010508,1432430,,
AMICUS THERAPEUTICS INC,03152W109,107946622,7463610,,
MYR GROUP INC/DELAWARE,55405W104,107082401,379225,,
TERAWULF INC,88080T104,106687406,7391902,,WULF
PIPER SANDLER COS,724078209,106636527,1392717,,
CELSIUS HOLDINGS INC,15118V207,106635990,3004781,,
ATLANTIC UNION BANKSHARES CO,04911A107,106630444,2982889,,
BENTLEY SYSTEMS INC-CLASS B,08265T208,106595778,3034531,,
AGCO CORP,001084102,106347332,917550,,
PRICESMART INC,741511109,106247464,705851,,PSMT
CASELLA WASTE SYSTEMS INC-A,147448104,105782847,1333006,,
TEXAS CAPITAL BANCSHARES INC,88224Q107,105719158,1114043,,
NOV INC,62955J103,105466177,5605246,,NOV
RHYTHM PHARMACEUTICALS INC,76243J105,105441084,1212104,,
TERNS PHARMACEUTICALS INC,880881107,105293969,1996801,,
HOME BANCSHARES INC,436893200,105098118,3901887,,HOMB
TELEFLEX INC,879369106,104980527,877497,,TFX
ACADEMY SPORTS & OUTDOORS IN,00402L107,104872940,1857394,,
MOLINA HEALTHCARE INC,60855R100,104722902,785387,,
CHURCHILL DOWNS INC,171484108,104662935,1164818,,CHDN
DUTCH BROS INC-CLASS A,26701L100,104531376,2062802,,
FRONTDOOR INC,35905A109,104515961,1976883,,
PLANET FITNESS INC - CL A,72703H101,104439866,1403763,,
VOYA FINANCIAL INC,929089100,103965234,1521331,,
UL SOLUTIONS INC - CLASS A,903731107,103852082,1211312,,
COMPASS INC - CLASS A,20464U100,103504283,14156458,,
CAVCO INDUSTRIES INC,149568107,103277835,213222,,
MERCADOLIBRE INC,58733R102,103224398,62325,,MELI
AMKOR TECHNOLOGY INC,031652100,103213197,2291622,,
HANOVER INSURANCE GROUP INC/,410867105,102825910,593011,,
OSI SYSTEMS INC,671044105,102447769,385783,,OSIS
WYNDHAM HOTELS & RESORTS INC,98311A105,102124197,1256868,,
REPLIGEN CORP,759916109,101696693,862914,,RGEN
MIRUM PHARMACEUTICALS INC,604749101,101619230,1099758,,
QUALYS INC,74758T303,101468164,1154856,,
ALBERTSONS COS INC - CLASS A,013091103,101374170,5947491,,
ARCELLX INC,03940C100,101336848,882360,,
ONEMAIN HOLDINGS INC,68268W103,101321824,1888285,,
CORE SCIENTIFIC INC,21874A106,100863412,6740705,,
HEALTHCARE REALTY TRUST INC,42226K105,100541729,5916078,,HR
JEFFERIES FINANCIAL GROUP IN,47233W109,100228634,2427846,,
TG THERAPEUTICS INC,88322Q108,99990449,3009378,,
NEWMARKET CORP,651587107,99732331,155566,,NEU
CORCEPT THERAPEUTICS INC,218352102,99575229,2469805,,CORT
LEAR CORP,521865204,99480387,821299,,LEA
NEWS CORP - CLASS B,65249B208,99160271,3483349,,
KODIAK GAS SERVICES INC,50012A108,99133163,1699451,,
MIDDLEBY CORP,596278101,99114120,747369,,MIDD
UNIVERSAL DISPLAY CORP,91347P105,99071113,1080659,,
ASML HOLDING NV-NY REG SHS,N07059210,98679209,74710,,
OUTFRONT MEDIA INC,69007J304,98596660,3720016,,OUT
RIGETTI COMPUTING INC,76655K103,97964495,6975994,,
RUSH ENTERPRISES INC-CL A,781846209,97845127,1479684,,
LIGAND PHARMACEUTICALS,53220K504,97669364,489115,,
RAYONIER INC,754907103,97663625,4735138,,RYN
AAON INC,000360206,97458484,1177441,,
MERCURY SYSTEMS INC,589378108,97403182,1335690,,MRCY
RADIAN GROUP INC,750236101,97122573,2935382,,RDN
JOBY AVIATION INC,G65163100,97080424,11749673,,
CRISPR THERAPEUTICS AG,H17182108,97059958,2039926,,CRSP
HA SUSTAINABLE INFRASTRUCTUR,41068X100,97004155,2638954,,
HEXCEL CORP,428291108,96870289,1196622,,
MGIC INVESTMENT CORP,552848103,96688555,3682388,,MTG
TRAVEL LEISURE CO,894164102,96619779,1396163,,
MP MATERIALS CORP,553368101,96585177,2000746,,
RIOT PLATFORMS INC,767292105,96240781,7785021,,
LIBERTY ENERGY INC,53115L104,96209081,3339901,,LBRT
TIMKEN CO,887389104,96009759,954385,,TKR
LIBERTY BROADBAND-C,530307305,95822339,1899550,,
LINCOLN NATIONAL CORP,534187109,95750083,2696418,,LNC-PD
KNIFE RIVER CORP,498894104,95525592,1169670,,KNF
VISTANCE NETWORKS INC,20337X109,95423177,5242014,,
FTI CONSULTING INC,302941109,95171733,538258,,
BELDEN INC,077454106,95154858,828487,,BDC
BLUE OWL CAPITAL INC,09581B103,95003785,10402768,,OWL
PEABODY ENERGY CORP,704551100,94882841,2878856,,BTU
OPTION CARE HEALTH INC,68404L201,94635551,3514754,,
MIRION TECHNOLOGIES INC,60471A101,94527879,5083731,,
LITHIA MOTORS INC,536797103,94367980,377789,,LAD
CIPHER DIGITAL INC,17253J106,94360372,7330520,,CIFR
BITMINE IMMERSION TECHNOLOGI,09175A206,94003316,4749635,,
LEMONADE INC,52567D107,93773667,1495774,,
RESIDEO TECHNOLOGIES INC,76118Y104,93726420,2779747,,
COREBRIDGE FINANCIAL INC,21871X109,93524681,3934040,,
EASTERN BANKSHARES INC,27627N105,93388836,4773511,,
PJT PARTNERS INC - A,69343T107,93266737,667408,,
ASSOCIATED BANC-CORP,045487105,93066049,3598173,,ASB-PF
NORTHWESTERN ENERGY GROUP IN,668074305,92967525,1409502,,
CG ONCOLOGY INC,156944100,92582251,1367562,,
PEGASYSTEMS INC,705573103,92561390,2174435,,PEGA
EXPONENT INC,30214U102,92560274,1418328,,EXPO
SEALED AIR CORP,81211K100,92294632,2194226,,
NATL HEALTH INVESTORS INC,63633D104,92288317,1141113,,
LAZARD INC,52110M109,92203823,2170006,,
DOLBY LABORATORIES INC-CL A,25659T107,92098945,1533165,,
ITRON INC,465741106,91796958,1023976,,
TPG INC,872657101,91682414,2262634,,TPGXL
AAR CORP,000361105,91439276,835201,,AIR
BOOT BARN HOLDINGS INC,099406100,91266908,623442,,
NOVANTA INC,67000B104,91139708,771485,,NOVTU
SCHOLAR ROCK HOLDING CORP,80706P103,90938425,1849409,,SRRK
HYATT HOTELS CORP - CL A,448579102,90924070,634387,,
BRINK'S CO/THE,109696104,90737350,875399,,
OLLIE'S BARGAIN OUTLET HOLDI,681116109,90651708,984641,,
STARWOOD PROPERTY TRUST INC,85571B105,90613350,5260522,,
MSA SAFETY INC,553498106,90602167,552460,,MNESP
FIRST FINL BANKSHARES INC,32020R109,90530122,3073400,,
DANA INC,235825205,90324283,2683513,,DAN
CARMAX INC,143130102,90082405,2165837,,KMX
FIRST BANCORP PUERTO RICO,318672706,89669073,4197324,,
MERIT MEDICAL SYSTEMS INC,589889104,89640663,1300214,,MMSI
FASTLY INC - CLASS A,31188V100,89501483,3079195,,
HAMILTON LANE INC-CLASS A,407497106,89300591,898213,,
AXALTA COATING SYSTEMS LTD,G0750C108,89202243,3219372,,AXTA
ABERCROMBIE & FITCH CO-CL A,002896207,88765077,971269,,
SITEONE LANDSCAPE SUPPLY INC,82982L103,88721935,666325,,
FIRST AMERICAN FINANCIAL,31847R102,88521050,1467815,,
HIMS & HERS HEALTH INC,433000106,88182103,4246707,,
DROPBOX INC-CLASS A,26210C104,88142964,3878799,,
MERITAGE HOMES CORP,59001A102,88046794,1423529,,MTH
TANGER INC,875465106,87706117,2580654,,SKT
APOGEE THERAPEUTICS INC,03770N101,87635863,1040883,,
CELCUITY INC,15102K100,87473215,766146,,CELC
FNB CORP,302520101,87275015,5218286,,
MORNINGSTAR INC,617700109,86989239,514473,,
DIODES INC,254543101,86864891,1272333,,
CSW INDUSTRIALS INC,126402106,86443496,331656,,
TELEPHONE AND DATA SYSTEMS,879433829,86391478,2051599,,
TRI POINTE HOMES INC,87265H109,86338826,1847204,,
GXO LOGISTICS INC,36262G101,86161676,1661215,,
MSC INDUSTRIAL DIRECT CO-A,553530106,86134031,933300,,
URBAN OUTFITTERS INC,917047102,86108698,1359005,,URBN
GATES INDUSTRIAL CORP PLC,G39108108,85994448,3802225,,
SONOCO PRODUCTS CO,835495102,85560954,1581360,,SON
STANTEC INC,85472N109,85521754,973403,,STN
AVNET INC,053807103,85434501,1365422,,AVT
SOUTHERN COPPER CORP,84265V105,85391512,501417,,
ENPHASE ENERGY INC,29355A107,85118622,2250633,,
CNO FINANCIAL GROUP INC,12621E103,85007751,2069927,,
GLOBALSTAR INC,378973507,84756257,1275837,,
CHAMPION HOMES INC,830830105,84517646,1136180,,
COVISTA INC,00737L103,84476443,732819,,CVSA
ERASCA INC,29479A108,84376736,5213714,,
ISHARES MSCI TAIWAN ETF,46434G772,84335723,1189167,,
H&R BLOCK INC,093671105,84286965,2654977,,HRB
MADISON SQUARE GARDEN SPORTS,55825T103,84213946,261939,,
LAMB WESTON HOLDINGS INC,513272104,84147623,1990545,,
CABOT CORP,127055101,84008516,1115256,,CBT
BROADSTONE NET LEASE INC,11135E203,83964734,4594978,,
FLAGSTAR BANK NA,649445400,83714614,6355133,,
COPT DEFENSE PROPERTIES,22002T108,83697078,2734662,,CDP
PBF ENERGY INC-CLASS A,69318G106,83620351,1755485,,
GROUP 1 AUTOMOTIVE INC,398905109,83599315,252792,,GPI
INTERNATIONAL BANCSHARES CRP,459044103,83443369,1239825,,
LIFE TIME GROUP HOLDINGS INC,53190C102,83378693,3094255,,
VF CORP,918204108,83334658,4903474,,
FULTON FINANCIAL CORP,360271100,83217815,4090600,,FULTP
ESAB CORP,29605J106,83161405,860095,,ESAB
IRHYTHM HOLDINGS INC,450056106,83087022,703861,,
FLOOR & DECOR HOLDINGS INC-A,339750101,82804587,1629533,,
INDEPENDENCE REALTY TRUST IN,45378A106,82713690,5553979,,
RADNET INC,750491102,82697342,1479326,,
CAESARS ENTERTAINMENT INC,12769G100,82598887,3124224,,
SKYWEST INC,830879102,82594522,899195,,SKYW
BANKUNITED INC,06652K103,82346338,1823058,,
CACTUS INC - A,127203107,82326498,1737655,,
BIO-RAD LABORATORIES-A,090572207,82308399,295193,,
PATTERSON-UTI ENERGY INC,703481101,82181703,7586680,,
LYFT INC-A,55087P104,81904867,6156441,,
TUTOR PERINI CORP,901109108,81866352,1060390,,TPC
INDEPENDENT BANK CORP/MA,453836108,81725076,1086412,,
FIRSTSERVICE CORP,33767E202,81690875,539206,,FSV
VICTORIA'S SECRET & CO,926400102,81637183,1760571,,VSXY
GFL ENVIRONMENTAL INC-SUB VT,36168Q104,81635098,1967543,,
TIDEWATER INC,88642R109,81506009,975258,,TDGMW
ASBURY AUTOMOTIVE GROUP,043436104,81454821,416747,,
KADANT INC,48282T104,81320341,278103,,KAI
RITHM CAPITAL CORP,64828T201,81248430,8567971,,RITM-PD
GRAB HOLDINGS LTD - CL A,G4124C109,81219237,22508591,,
STEPSTONE GROUP INC-CLASS A,85914M107,81045936,1698012,,
AVANTOR INC,05352A100,80716146,10292306,,
PERIMETER SOLUTIONS INC,71385M107,80490493,3295454,,
WEX INC,96208T104,80371828,525029,,WEX
DOXIMITY INC-CLASS A,26622P107,80371588,3448788,,
GAP INC/THE,364760108,80221960,3313975,,
VICOR CORP,925815102,80200748,498036,,VICR
UNITED COMMUNITY BANKS/GA,90984P303,80149497,2544708,,
OPEN TEXT CORP,683715106,80103613,3298231,,OTEX
MAXIMUS INC,577933104,79964724,1247234,,
OTTER TAIL CORP,689648103,79950142,910647,,OTTR
KARMAN HOLDINGS INC,485924104,79896150,997691,,KRMN
TELUS CORP,87971M103,79802187,5618598,,TU
AURORA INNOVATION INC,051774107,79743533,19349558,,
ENOVA INTERNATIONAL INC,29357K103,79242456,583287,,
CENTURY ALUMINUM COMPANY,156431108,79232002,1349682,,
LIVANOVA PLC,G5509L101,79045850,1243386,,LIVN
MARZETTI COMPANY/THE,513847103,78882863,570155,,
GILDAN ACTIVEWEAR INC,375916103,78868127,1423713,,GIL
STRIDE INC,86333M108,78781542,893324,,
FRANKLIN ELECTRIC CO INC,353514102,78563692,852211,,FELE
AZZ INC,002474104,78539271,627513,,AZZ
GRAND CANYON EDUCATION INC,38526M106,78538861,461784,,
SENSATA TECHNOLOGIES HOLDING,G8060N102,78490460,2227956,,
FEDERATED HERMES INC,314211103,78224927,1379074,,
AUTONATION INC,05329W102,78150834,400122,,
CAL-MAINE FOODS INC,128030202,78077846,986238,,CALM
PATRICK INDUSTRIES INC,703343103,77828812,700571,,PATK
WHITE MOUNTAINS INSURANCE GP,G9618E107,77804421,35403,,
MOHAWK INDUSTRIES INC,608190104,77662522,788547,,MHK
XP INC - CLASS A,G98239109,77494291,4092626,,
COMMVAULT SYSTEMS INC,204166102,77354963,992932,,CVLT
SENSIENT TECHNOLOGIES CORP,81725T100,77163307,892469,,SXT
CRINETICS PHARMACEUTICALS IN,22663K107,77154279,2123793,,
BREAD FINANCIAL HOLDINGS INC,018581108,76882533,1026410,,
BROOKDALE SENIOR LIVING INC,112463104,76797661,5612803,,BKD
PAR PACIFIC HOLDINGS INC,69888T207,76774104,1225334,,
KONTOOR BRANDS INC,50050N103,76760090,1091808,,
UNIFIRST CORP/MA,904708104,76719410,304869,,
VONTIER CORP,928881101,76698320,2161692,,VNT
WSFS FINANCIAL CORP,929328102,76641225,1170583,,WSFS
PRESTIGE CONSUMER HEALTHCARE,74112D101,76545171,1291278,,
VORNADO REALTY TRUST,929042109,76434739,2940217,,VNO-PO
GRAHAM HOLDINGS CO-CLASS B,384637104,76308125,72160,,
SERVISFIRST BANCSHARES INC,81768T108,76275887,1047085,,
SCIENCE APPLICATIONS INTE,808625107,76199771,802558,,
ELASTIC NV,N14506104,76199162,1523859,,
STANDARDAERO INC,85423L103,76060115,2943684,,
INDIVIOR PHARMACEUTICALS INC,45579U109,75885554,2489051,,
TEMPUS AI INC-CL A,88023B103,75809080,1675959,,
POWER INTEGRATIONS INC,739276103,75750049,1479244,,POWI
BGC GROUP INC-A,088929104,75335893,7701359,,
SSR MINING INC,784730103,75095460,2551349,,SSRGF
CATHAY GENERAL BANCORP,149150104,75037030,1504657,,CATY
HELMERICH & PAYNE,423452101,74874912,2077676,,
ETSY INC,29786A106,74727140,1494677,,ETSY
SPYRE THERAPEUTICS INC,00773J202,74689506,1480431,,
SPHERE ENTERTAINMENT CO,55826T102,74468637,634187,,SPHR
WINGSTOP INC,974155103,74220415,478808,,WING
SIGNET JEWELERS LTD,G81276100,73768796,871362,,SIG
LIBERTY LIVE HOLDINGS-C,530909308,73714954,783080,,
SIRIUS XM HOLDINGS INC,829933100,73671321,3191134,,SIRI
FUTU HOLDINGS LTD-ADR,36118L106,73607120,545910,,
SUPERNUS PHARMACEUTICALS INC,868459108,73493024,1421523,,
WD-40 CO,929236107,73458791,360134,,
MARA HOLDINGS INC,565788106,73243011,8974070,,
IDEAYA BIOSCIENCES INC,45166A102,72990861,2190202,,
KULICKE & SOFFA INDUSTRIES,501242101,72908916,1109133,,
SUNRUN INC,86771W105,72817289,5368918,,RUN
APELLIS PHARMACEUTICALS INC,03753U106,72814873,1809418,,
H.B. FULLER CO.,359694106,72634432,1177373,,
MATTEL INC,577081102,72463549,4985795,,
INTERNATIONAL SEAWAYS INC,Y41053102,72326998,992216,,
MILLROSE PROPERTIES,601137102,72138537,2575629,,
WESBANCO INC,950810101,71995016,2086976,,WSBCO
OCEANEERING INTL INC,675232102,71963139,2028417,,
CROCS INC,227046109,71824810,864909,,
BOX INC - CLASS A,10316T104,71745781,3034285,,
TRANSMEDICS GROUP INC,89377M109,71623541,720331,,
NLIGHT INC,65487K100,71562263,1254784,,
SLM CORP,78442P106,71509743,3339120,,SLMBP
SHAKE SHACK INC - CLASS A,819047101,71422001,807107,,
RENASANT CORP,75970E107,71304028,1973129,,RNST
UIPATH INC - CLASS A,90364P105,71302153,6421632,,
KB HOME,48666K109,71295770,1377413,,KBH
AVISTA CORP,05379B107,71211865,1773719,,AVA
GARRETT MOTION INC,366505105,71000808,3907025,,GTX
PHINIA INC,71880K101,70872529,1035356,,PHIN
KORN FERRY,500643200,70634160,1121833,,KFY
PALOMAR HOLDINGS INC,69753M105,70484361,589696,,
ZETA GLOBAL HOLDINGS CORP-A,98956A105,70418037,4422277,,
CRESCENT ENERGY INC-A,44952J104,70388792,5212493,,
AVIENT CORP,05368V106,70193574,1933301,,AVNT
BROOKFIELD RENEWABLE CORP,11285B108,70056985,1766627,,BEPC
CLEVELAND-CLIFFS INC,185899101,70032623,8284390,,CLF
BRUNSWICK CORP,117043109,69530526,955335,,BC-PC
DESCARTES SYSTEMS GRP/THE,249906108,69478486,969009,,
M/I HOMES INC,55305B101,69452019,567067,,
GENWORTH FINANCIAL INC,37247D106,69436823,8549564,,GNW
VALVOLINE INC,92047W101,69420168,2060547,,VVV
HAWKINS INC,420261109,69045625,449412,,HWKN
TARSUS PHARMACEUTICALS INC,87650L103,68933019,982454,,
KBR INC,48242W106,68913559,1869043,,
FORTUNE BRANDS INNOVATIONS I,34964C106,68718521,1762837,,
U-HAUL HOLDING CO-NON VOTING,023586506,68378495,1530313,,
TFI INTERNATIONAL INC,87241L109,68229035,630317,,TFII
GULFPORT ENERGY CORP,402635502,68183251,322175,,GPOR
PRIMO BRANDS CORP,741623102,68170721,3619145,,PRMB
BRIGHT HORIZONS FAMILY SOLUT,109194100,68132706,829318,,
ICU MEDICAL INC,44930G107,67853277,525269,,
CHEMOURS CO/THE,163851108,67746058,3074437,,
PLUG POWER INC,72919P202,67516770,29867716,,PLUG
EPR PROPERTIES,26884U109,67409892,1348948,,EPR-PG
RALLIANT CORP,750940108,67368707,1619319,,RAL
ACADIA PHARMACEUTICALS INC,004225108,67281636,3021932,,ACAD
LOUISIANA-PACIFIC CORP,546347105,67229868,923846,,LPX
ALIGNMENT HEALTHCARE INC,01625V104,66995309,3801478,,
ARTISAN PARTNERS ASSET MA -A,04316A108,66783318,1834924,,
PHOTRONICS INC,719405102,66609270,1648054,,PLAB
DUOLINGO,26603R106,66280849,672233,,
ADVANCE AUTO PARTS INC,00751Y106,66160782,1253942,,AAP
VENTURE GLOBAL INC-CL A,92333F101,66141814,4193873,,
DIANTHUS THERAPEUTICS INC,252828108,66042938,786779,,
APPFOLIO INC - A,03783C100,65859692,417189,,
PERDOCEO EDUCATION CORP,71363P106,65826788,1768780,,PRDO
VICTORY CAPITAL HOLDING - A,92645B103,65707784,1003238,,
CUSHMAN & WAKEFIELD LTD,G2717C106,65421318,5335184,,CWK
NMI HOLDINGS INC,629209305,65409558,1743436,,
GOLAR LNG LTD,G9456A100,65395073,1208558,,GLNG
STANDEX INTERNATIONAL CORP,854231107,65387228,256521,,
AXCELIS TECHNOLOGIES INC,054540208,65354597,701981,,ACLS
NCR ATLEOS CORP,63001N106,65292319,1497891,,NATL
BRUKER CORP,116794108,65104970,1801930,,BRKRP
COMMUNITY FINANCIAL SYSTEM I,203607106,65061409,1109089,,
SENTINELONE INC -CLASS A,81730H109,64861702,5034299,,
BCE INC,05534B760,64724012,2040380,,BCPPF
ARCHER AVIATION INC-A,03945R102,64637250,12499515,,
CAE INC,124765108,64446447,2488605,,CAE
HERC HOLDINGS INC,42704L104,64398144,646760,,HRI
SEACOAST BANKING CORP/FL,811707801,64360472,2124332,,
DORMAN PRODUCTS INC,258278100,64312558,616121,,
OPENLANE INC,48238T109,64168670,2200814,,
ENVISTA HOLDINGS CORP,29415F104,63976300,2520983,,NVST
LEMAITRE VASCULAR INC,525558201,63928856,585491,,LMAT
LIQUIDIA CORP,53635D202,63900862,1692848,,LQDA
ADT INC,00090Q103,63880585,9720716,,ADT
FIRST INTERSTATE BANCSYS-A,32055Y201,63761035,1908637,,
POST HOLDINGS INC,737446104,63668327,643825,,
COUSINS PROPERTIES INC,222795502,63644783,2819171,,CUZ
CATALYST PHARMACEUTICALS INC,14888U101,63613603,2568681,,
BLACKSTONE MORTGAGE TRU-CL A,09257W100,63611624,3321204,,
BANCORP INC/THE,05969A105,63574461,1183010,,
TOWNE BANK,89214P109,63442779,1883853,,
CENTRUS ENERGY CORP-CLASS A,15643U104,63435758,365340,,
THOR INDUSTRIES INC,885160101,63331092,792406,,THO
FIRST FINANCIAL BANCORP,320209109,63306083,2270223,,
POLARIS INC,731068102,63299946,1161229,,PII
LXP INDUSTRIAL TRUST,529043408,63159953,1365013,,LXP-PC
ALASKA AIR GROUP INC,011659109,63104836,1715062,,
INTEGER HOLDINGS CORP,45826H109,62724486,712611,,ITGR
ARCUTIS BIOTHERAPEUTICS INC,03969K108,62624446,2657582,,
ALLEGRO MICROSYSTEMS INC,01749D105,62580964,1984267,,
RYAN SPECIALTY HOLDINGS INC,78351F107,62551594,1853396,,
APPLE HOSPITALITY REIT INC,03784Y200,62469661,5426737,,
WORKIVA INC,98139A105,62360942,1045545,,WK
AMENTUM HOLDINGS INC,023939101,62350357,2389792,,
WESTERN UNION CO,959802109,62300952,7134963,,WU
MATERION CORP,576690101,62225961,430079,,MTRN
LEONARDO DRS INC,52661A108,62070507,1393883,,
TWIST BIOSCIENCE CORP,90184D100,62059086,1305661,,TWST
CARGURUS INC,141788109,61876668,1816878,,
CHESAPEAKE UTILITIES CORP,165303108,61873201,489513,,CPK
MGE ENERGY INC,55277P104,61527639,795829,,MGEE
DENALI THERAPEUTICS INC,24823R105,61512736,3203035,,DNLI
LCI INDUSTRIES,50189K103,61386115,499050,,LCII
TRAVERE THERAPEUTICS INC,89422G107,61376565,2065457,,
SL GREEN REALTY CORP,78440X887,61366601,1660892,,SLG-PI
SIMMONS FIRST NATL CORP-CL A,828730200,61253850,3148608,,
ULTRA CLEAN HOLDINGS INC,90385V107,61021105,981150,,
NORTHERN OIL AND GAS INC,665531307,60920603,2083537,,
MDU RESOURCES GROUP INC,552690109,60895112,2937667,,MDU
BANK OF HAWAII CORP,062540109,60789627,818517,,BOH-PB
GPGI INC,20459V105,60728101,3550494,,
CINEMARK HOLDINGS INC,17243V102,60696899,2127715,,
PROVIDENT FINANCIAL SERVICES,74386T105,60500589,2858646,,
AMERICAN STATES WATER CO,029899101,60371395,798175,,AWR
IMPINJ INC,453204109,60216633,586211,,PI
CSG SYSTEMS INTL INC,126349109,60199658,752932,,
WAYSTAR HOLDING CORP,946784105,60185071,2495734,,WAY
STONECO LTD-A,G85158106,60147113,4272262,,
MINERALS TECHNOLOGIES INC,603158106,60065419,846828,,MTX
MCGRATH RENTCORP,580589109,60003801,543982,,MGRC
STEVEN MADDEN LTD,556269108,59973302,1767733,,
Q2 HOLDINGS INC,74736L109,59962826,1267432,,
CALIX INC,13100M509,59925852,1222959,,
SYNAPTICS INC,87157D109,59792694,853506,,SYNA
KENNAMETAL INC,489170100,59608447,1649456,,KMT
BATH & BODY WORKS INC,070830104,59340333,3177469,,
PARAMOUNT SKYDANCE CL B,69932A204,59169066,6573963,,
ADEIA INC,00676P107,59160902,2461420,,ADEA
FOUR CORNERS PROPERTY TRUST,35086T109,59144282,2500290,,
BOISE CASCADE CO,09739D100,58974931,777364,,BCC
CALUMET INC,131428104,58879741,1639803,,
TERADATA CORP,88076W103,58715998,2290446,,
RED ROCK RESORTS INC-CLASS A,75700L108,58713073,1100112,,
URBAN EDGE PROPERTIES,91704F104,58522234,2928415,,UE
SCORPIO TANKERS INC,Y7542C130,58317672,781110,,STNG
MERCURY GENERAL CORP,589400100,58161062,659670,,MCY
VISTEON CORP,92839U206,57960573,636048,,VC
NICOLET BANKSHARES INC,65406E102,57914054,389575,,NIC
ACADIA REALTY TRUST,004239109,57892398,3027176,,AKR
CURBLINE PROPERTIES CORP,23128Q101,57759450,2239125,,CURB
REMITLY GLOBAL INC,75960P104,57708164,3681971,,
MADISON SQUARE GARDEN ENTERT,558256103,57688192,979060,,
VIKING THERAPEUTICS INC,92686J106,57512315,1766889,,
BROOKFIELD INFRASTRUCTURE-A,11276H106,57461763,1454210,,
GRIFFON CORP,398433102,57263558,787717,,GFF
CALIFORNIA WATER SERVICE GRP,130788102,57258375,1262595,,
XENON PHARMACEUTICALS INC,98420N105,57193126,983699,,XENE
WESTLAKE CORP,960413102,57130328,488913,,WLK
TREX COMPANY INC,89531P105,56998704,1564527,,
UNITED NATURAL FOODS INC,911163103,56759269,1259345,,UNFI
SOUNDHOUND AI INC-A,836100107,56735035,8256559,,
HAEMONETICS CORP/MASS,405024100,56648203,1004897,,
BANC OF CALIFORNIA INC,05990K106,56229830,3197921,,
SEADRILL LIMITED,G7997W102,56058426,1231744,,
USA RARE EARTH INC,91733P107,55946358,3695528,,
VERSANT MEDIA GROUP INC,925283103,55767683,1505533,,
NEWMARK GROUP INC-CLASS A,65158N102,55738808,3717796,,
PATHWARD FINANCIAL INC,59100U108,55583696,622815,,
SUMMIT THERAPEUTICS INC,86627T108,55574051,2930165,,SMMT
AMERICAN EAGLE OUTFITTERS,02553E106,55386612,3315889,,
DIGITALBRIDGE GROUP INC,25401T603,55326104,3587158,,
TRUSTMARK CORP,898402102,55230554,1310410,,TRMK
ST JOE CO/THE,790148100,55157018,878098,,
DIEBOLD NIXDORF INC,253651202,55137012,730690,,
SILGAN HOLDINGS INC,827048109,55060180,1418683,,SLGN
KILROY REALTY CORP,49427F108,55038286,1950519,,KRC
CCC INTELLIGENT SOLUTIONS HO,12510Q100,54937755,9153731,,
CVB FINANCIAL CORP,126600105,54847210,2827997,,CVBF
ACUSHNET HOLDINGS CORP,005098108,54826998,586378,,GOLF
DELEK US HOLDINGS INC,24665A103,54623269,1211594,,
DYNE THERAPEUTICS INC,26818M108,54588259,3010220,,
VITA COCO CO INC/THE,92846Q107,54514686,1137673,,
INVENTRUST PROPERTIES CORP,46124J201,54460047,1787541,,IVT
MILLICOM INTL CELLULAR S.A.,L6388F110,54350136,725394,,
INGEVITY CORP,45688C107,54258294,761557,,NGVT
VERA THERAPEUTICS INC,92337R101,54247329,1348102,,
CHEESECAKE FACTORY INC/THE,163072101,54149579,988842,,
VERACYTE INC,92337F107,54074575,1678468,,
CONCENTRA GROUP HOLDINGS PAR,20603L102,54055210,2519559,,
GITLAB INC-CL A,37637K108,53804439,2485666,,
SOTERA HEALTH CO,83601L102,53780379,3749274,,SHC
IMMUNITYBIO INC,45256X103,53513639,6975488,,
TRINITY INDUSTRIES INC,896522109,53493832,1661950,,TRN
CUSTOMERS BANCORP INC,23204G100,53439140,769737,,
BEL FUSE INC-CL B,077347300,53430742,269825,,
CLEARWAY ENERGY INC-C,18539C204,53425925,1359315,,
AMERICOLD REALTY TRUST INC,03064D108,53394015,4657750,,
PARK NATIONAL CORP,700658107,53240847,325647,,
SOLARIS ENERGY INFRASTRUCTUR,83418M103,53147862,940299,,
CLEANSPARK INC,18452B209,53085355,6236751,,
VARONIS SYSTEMS INC,922280102,53039459,2469863,,VRNS
10X GENOMICS INC-CLASS A,88025U109,52860782,2489311,,
PENNYMAC FINANCIAL SERVICES,70932M107,52848071,604535,,
WAFD INC,938824109,52822573,1681861,,WAFDP
BRIGHTHOUSE FINANCIAL INC,10922N103,52761829,880857,,
ENERGY FUELS INC,292671708,52598827,2829016,,UUUU
BEACON FINANCIAL CORP,084680107,52461258,1748325,,BBT
FIRST MERCHANTS CORP,320817109,52455257,1354060,,FRMEP
H WORLD GROUP LTD-ADR,44332N106,52154355,1048582,,
ELF BEAUTY INC,26856L103,52104743,859396,,
ASTRONICS CORP,046433108,51864345,777034,,ATROB
HAWAIIAN ELECTRIC INDS,419870100,51768096,3487544,,
ANDERSONS INC/THE,034164103,51762283,720964,,
SNAP INC - A,83304A106,51739717,11301730,,
DYNEX CAPITAL INC,26817Q886,51470985,4032696,,DX-PC
PRIVIA HEALTH GROUP INC,74276R102,51246116,2490691,,
SHIFT4 PAYMENTS INC-CLASS A,82452J109,51244518,1171508,,
UBIQUITI INC,90353W103,51022554,64536,,UI
FIRST BANCORP/NC,318910106,50824767,901747,,
FIRST BUSEY CORP,319383204,50757211,2008153,,
NETSCOUT SYSTEMS INC,64115T104,50550663,1589868,,NTCT
ASSURED GUARANTY LTD,G0585R106,50284164,616944,,AGO
DAVE INC,23834J201,50233696,288502,,
VERRA MOBILITY CORP,92511U102,50154310,3508991,,VRRM
VIRTU FINANCIAL INC-CLASS A,928254101,50147428,1139860,,
BANCFIRST CORP,05945F103,49888578,459714,,
RINGCENTRAL INC-CLASS A,76680R206,49855442,1340239,,
RXO INC,74982T103,49837751,3407978,,
OLIN CORP,680665205,49807613,1674627,,OLN
HNI CORP,404251100,49749251,1489618,,HNI
PVH CORP,693656100,49737396,712767,,
WILLSCOT HOLDINGS CORP,971378104,49629597,2857985,,WSC
NATIONAL VISION HOLDINGS INC,63845R107,49606231,1914893,,
ONESPAWORLD HOLDINGS LTD,P73684113,49565002,2159208,,OSW
KYNDRYL HOLDINGS INC,50155Q100,49521176,3716759,,
BEAM THERAPEUTICS INC,07373V105,49519078,2077502,,BEAM
AMNEAL PHARMACEUTICALS INC,03168L105,49440955,3976835,,
ON HOLDING AG-CLASS A,H5919C104,49191831,1445968,,
OSCAR HEALTH INC - CLASS A,687793109,49190581,4287606,,
OPENDOOR TECHNOLOGIES INC,683712103,49106108,10489251,,OPENZ
ROBERT HALF INC,770323103,48957912,1927009,,RHI
SIRIUSPOINT LTD,G8192H106,48924210,2270812,,SPNT
N B T BANCORP INC,628778102,48808634,1146036,,
CENTURI HOLDINGS INC,155923105,48626561,1664379,,
HILTON GRAND VACATIONS INC,43283X105,48622295,1242670,,HGV
DIAMONDROCK HOSPITALITY CO,252784301,48498589,5174952,,DRH
EDGEWISE THERAPEUTICS INC,28036F105,48492234,1539064,,
BILL HOLDINGS INC,090043100,48469230,1265115,,
TANGO THERAPEUTICS INC,87583X109,48356301,2310866,,
ARCBEST CORP,03937C105,48248430,490420,,
SPS COMMERCE INC,78463M107,48201217,865655,,SPSC
IMMUNOME INC,45257U108,48127629,2200120,,IMNM
ABM INDUSTRIES INC,000957100,48054170,1247235,,
IRIDIUM COMMUNICATIONS INC,46269C102,47990759,1729523,,IRDM
GREIF INC-CL A,397624107,47825159,712967,,
ALPHA METALLURGICAL RESOURCE,020764106,47648809,232061,,
HUB GROUP INC-CL A,443320106,47560008,1319346,,
ASGN INC,00191U102,47271055,1220951,,
GRAPHIC PACKAGING HOLDING CO,388689101,47224972,4749584,,GPK
BIOCRYST PHARMACEUTICALS INC,09058V103,47085183,4944741,,BCRX
NORTHWEST NATURAL HOLDING CO,66765N105,47046561,883795,,NWN
FIRST HAWAIIAN INC,32051X108,46955375,1905059,,
ALARM.COM HOLDINGS INC,011642105,46841255,1084332,,
UPSTART HOLDINGS INC,91680M107,46770855,1823038,,
ACM RESEARCH INC-CLASS A,00108J109,46641788,1185049,,
VEECO INSTRUMENTS INC,922417100,46636755,1377049,,VECO
HURON CONSULTING GROUP INC,447462102,46584639,365323,,HURN
HELIOS TECHNOLOGIES INC,42328H109,46566690,719459,,
TURNING POINT BRANDS INC,90041L105,46429674,534848,,
FB FINANCIAL CORP,30257X104,46383247,892862,,FBK
IPG PHOTONICS CORP,44980X109,46350207,404364,,IPGP
CHEFS' WAREHOUSE INC/THE,163086101,46344275,779375,,
DNOW INC,67011P100,46311835,3887587,,DNOW
GEO GROUP INC/THE,36162J106,46213128,2748294,,
VISHAY INTERTECHNOLOGY INC,928298108,46153560,2563462,,VSH
GLOBALFOUNDRIES INC,G39387108,46140749,1037337,,GFS
CELLDEX THERAPEUTICS INC,15117B202,46117760,1453562,,
BRAZE INC-A,10576N102,46039656,1949464,,
KINETIK HOLDINGS INC,02215L209,45991111,949813,,KNTK
NATIONAL STORAGE AFFILIATES,637870106,45927811,1216647,,
INTUITIVE MACHINES INC,46125A100,45667198,2459968,,
KNOWLES CORP,49926D109,45644318,1777084,,KN
INSIGHT ENTERPRISES INC,45765U103,45588861,680179,,NSIT
AMBARELLA INC,G037AX101,45563461,884961,,AMBA
CORVEL CORP,221006109,45407557,830727,,CRVL
FRESHPET INC,358039105,45364688,769177,,
QUANTUMSCAPE CORP,74767V109,45231491,7087302,,QS
H2O AMERICA,784305104,45192222,770090,,HTO
IMMUNOVANT INC,45258J102,45138201,1816771,,
EPLUS INC,294268107,45063468,598720,,PLUS
ADMA BIOLOGICS INC,000899104,45061957,5000340,,
BANNER CORPORATION,06652V208,45055889,742355,,BANR
CECO ENVIRONMENTAL CORP,125141101,44767737,751252,,CECO
CALLAWAY GOLF COMPANY,131193104,44610582,3213400,,
NATIONAL HEALTHCARE CORP,635906100,44549325,278896,,NHC
COHEN & STEERS INC,19247A100,44544998,712012,,
NEOGEN CORP,640491106,44509731,4790076,,NEOG
BOK FINANCIAL CORPORATION,05561Q201,44427489,346819,,BOKF
WARNER MUSIC GROUP CORP-CL A,934550203,44208617,1730062,,
ADAPTIVE BIOTECHNOLOGIES,00650F109,44196574,3183597,,
PARSONS CORP,70202L102,43863899,809517,,PSN
CAPRI HOLDINGS LTD,G1890L107,43828686,2486871,,CPRI
LINEAGE INC,53566V106,43795163,1336619,,
LTC PROPERTIES INC,502175102,43692526,1175556,,LTC
BENCHMARK ELECTRONICS INC,08160H101,43549745,776663,,BHE
LEGENCE CORP-CL A,52476L109,43527339,770721,,
ENTERPRISE FINANCIAL SERVICE,293712105,43476872,803303,,
GETTY REALTY CORP,374297109,43465123,1366561,,
ATKORE INC,047649108,43332486,735406,,ATKR
SYNDAX PHARMACEUTICALS INC,87164F105,43317762,1853919,,SNDX
EXTREME NETWORKS INC,30226D106,43098972,2857453,,EXTR
FIGS INC-CLASS A,30260D103,42919620,2905011,,
GLOBAL NET LEASE INC,379378201,42820773,4573867,,
AGIOS PHARMACEUTICALS INC,00847X104,42753549,1263458,,
WARBY PARKER INC-CLASS A,93403J106,42717964,2026931,,
TENABLE HOLDINGS INC,88025T102,42459473,2509603,,
PENSKE AUTOMOTIVE GROUP INC,70959W103,42441030,283768,,
STRATEGIC EDUCATION INC,86272C103,42276821,509494,,
ARCUS BIOSCIENCES INC,03969F109,42244591,1955386,,
ATLANTA BRAVES HOLDINGS IN-C,047726302,42078803,985264,,
RUSH STREET INTERACTIVE INC,782011100,42011614,1931074,,
BUCKLE INC/THE,118440106,42009571,834043,,
AVIS BUDGET GROUP INC,053774105,41913818,287296,,
KAISER ALUMINUM CORP,483007704,41894546,347565,,KALU
SABLE OFFSHORE CORP,78574H104,41797171,2529431,,SOC
TALOS ENERGY INC,87484T108,41684177,2644149,,TALO
YETI HOLDINGS INC,98585X104,41671789,1138549,,
HIGHWOODS PROPERTIES INC,431284108,41616745,1943345,,
GREEN BRICK PARTNERS INC,392709101,41412280,642401,,
DIGI INTERNATIONAL INC,253798102,41375266,858224,,DGII
UNITED STATES LIME & MINERAL,911922102,41371422,316705,,
NORTHWEST BANCSHARES INC,667340103,41302882,3254018,,
GOODYEAR TIRE & RUBBER CO,382550101,41119330,6200591,,
LIONSGATE STUDIOS CORP,53626N102,41005785,4274840,,LION
DISC MEDICINE INC,254604101,40846348,638673,,
HCI GROUP INC,40416E103,40792257,263795,,
IAC INC,44891N208,40730849,1017191,,
BLUE BIRD CORP,095306106,40698265,716491,,BLBD
BALDWIN INSURANCE GROUP INC/,05589G102,40675892,1853536,,
VIPSHOP HOLDINGS LTD - ADR,92763W103,40610457,2601325,,
DEFINIUM THERAPEUTICS INC,24477V105,40600308,2147617,,
AGILYSYS INC,00847J105,40535676,569676,,AGYS
EURONET WORLDWIDE INC,298736109,40505414,610117,,
PEDIATRIX MEDICAL GROUP INC,58502B106,40401479,1888398,,
CORECIVIC INC,21871N101,40257226,2128243,,
YELP INC,985817105,40193563,1624369,,YELP
AMPRIUS TECHNOLOGIES INC,03214Q108,40099416,2377765,,
ORUKA THERAPEUTICS INC,687604108,40072892,816738,,
LIFE360 INC,532206109,39935302,977957,,
VIRIDIAN THERAPEUTICS INC,92790C104,39911712,2040040,,
FERROVIAL SE,N3168P101,39888269,613194,,
MEDICAL PROPERTIES TRUST INC,58463J304,39883691,8611809,,MPT
INNOSPEC INC,45768S105,39673693,543210,,IOSP
SUNSTONE HOTEL INVESTORS INC,867892101,39523600,4385745,,
NETSTREIT CORP,64119V303,39511169,2098025,,NTST
SCOTTS MIRACLE-GRO CO,810186106,39475152,648949,,SMG
ENERPAC TOOL GROUP CORP,292765104,39409548,1080353,,EPAC
OFG BANCORP,67103X102,39338284,972072,,OFG
BLACKLINE INC,09239B109,39219605,1059755,,
ADDUS HOMECARE CORP,006739106,39103577,417465,,ADUS
INNOVIVA INC,45781M101,39056309,1675884,,
HORACE MANN EDUCATORS,440327104,38943613,912252,,
ROGERS CORP,775133101,38935749,362683,,ROG
ONDAS INC,68236H204,38863127,4296891,,ONDS
DXP ENTERPRISES INC,233377407,38837734,277888,,DXPE
HAYWARD HOLDINGS INC,421298100,38825409,2900895,,
STEWART INFORMATION SERVICES,860372101,38801753,629943,,
NAPCO SECURITY TECHNOLOGIES,630402105,38800681,984873,,
LENDINGCLUB CORP,52603A208,38783232,2707747,,
ARMOUR RESIDENTIAL REIT INC,042315705,38778182,2324314,,
DIVERSIFIED HEALTHCARE TRUST,25525P107,38680110,5824221,,DHCNL
XOMETRY INC-A,98423F109,38423653,940621,,
NELNET INC-CL A,64031N108,38407602,297761,,
NAVITAS SEMICONDUCTOR CORP,63942X106,38392564,4376738,,NVTS
STOCK YARDS BANCORP INC,861025104,38349155,578379,,
GALAXY DIGITAL INC-A,36317J209,38243227,2071914,,
ENCORE CAPITAL GROUP INC,292554102,38172053,544273,,ECPG
MARRIOTT VACATIONS WORLD,57164Y107,38108646,585069,,
ZILLOW GROUP INC - A,98954M101,38085123,920064,,
WERNER ENTERPRISES INC,950755108,38056620,1293712,,WERN
FIRST COMMONWEALTH FINL CORP,319829107,37737840,2146249,,
ALAMO GROUP INC,011311107,37666861,228271,,ALG
SMARTSTOP SELF STORAGE REIT,83192D402,37433346,1236000,,
QIAGEN N.V.,N72482156,37412775,934385,,QGEN
SKYWARD SPECIALTY INSURANCE,830940102,37407642,856179,,
SAREPTA THERAPEUTICS INC,803607100,37406379,1718514,,
ASHLAND INC,044186104,37362710,671641,,ASH
STOKE THERAPEUTICS INC,86150R107,37312144,1145707,,
HARLEY-DAVIDSON INC,412822108,37175739,1838032,,
INGLES MARKETS INC-CLASS A,457030104,37151260,413257,,
EVERTEC INC,30040P103,37093284,1314115,,
BRADY CORPORATION - CL A,104674106,37093196,456399,,
SELECT MEDICAL HOLDINGS CORP,81619Q105,37076785,2275539,,
GRAIL INC,384747101,36998437,715792,,
CREDIT ACCEPTANCE CORP,225310101,36989824,87323,,CACC
SERVICETITAN INC-A,81764X103,36792134,579413,,
PELOTON INTERACTIVE INC-A,70614W100,36746014,8563541,,
SYMBOTIC INC,87151X101,36713851,689803,,SYM
CONSTELLIUM SE,F21107101,36642112,1490898,,CSTM
CITY HOLDING CO,177835105,36567305,305901,,CHCO
INTERPARFUMS INC,458334109,36515278,401883,,IPAR
ZIFF DAVIS INC,48123V102,36371422,866618,,
ALUMIS INC,022307102,36298985,1647206,,ALMS
MAGNITE INC,55955D100,36282408,3053407,,
DOUGLAS EMMETT INC,25960P109,36267849,3849391,,DEI
DAY ONE BIOPHARMACEUTICALS I,23954D109,36219555,1688916,,
THERMON GROUP HOLDINGS INC,88362T103,36139690,716903,,
CHOICE HOTELS INTL INC,169905106,36089628,348598,,
ARTIVION INC,228903100,36014245,983247,,
UNITI GROUP INC,912932100,35985035,3835452,,UNIT
HILLMAN SOLUTIONS CORP,431636109,35969001,4322248,,HLMN
UNIVERSAL TECHNICAL INSTITUT,913915104,35966836,996056,,
ENLIVEN THERAPEUTICS INC,29337E102,35963469,917196,,
QUAKER CHEMICAL CORPORATION,747316107,35754337,287740,,KWR
SPECTRUM BRANDS HOLDINGS INC,84790A105,35715172,484483,,
FRESHWORKS INC-CL A,358054104,35691271,4443764,,
SIX FLAGS ENTERTAINMENT CORP,83001C108,35684668,2009902,,
SOLENO THERAPEUTICS INC,834203309,35653946,1064712,,
ACADIAN ASSET MANAGEMENT INC,10948W103,35626630,654557,,AAMI
DORIAN LPG LTD,Y2106R110,35622538,1041423,,LPG
PITNEY BOWES INC,724479100,35583492,3219531,,
WORTHINGTON ENTERPRISES INC,981811102,35570504,682067,,
V2X INC,92242T101,35500767,518167,,
WISDOMTREE INC,97717P104,35465873,2435421,,
DENTSPLY SIRONA INC,24906P109,35406068,3051285,,XRAY
LOAR HOLDINGS INC,53947R105,35354256,616936,,LOAR
KOHLS CORP,500255104,35306321,2736431,,KSS
STELLAR BANCORP INC,858927106,35225326,962000,,
VERIS RESIDENTIAL INC,554489104,34944492,1851499,,
DUCOMMUN INC,264147109,34920600,286167,,
MONARCH CASINO & RESORT INC,609027107,34918685,365204,,MCRI
ICHOR HOLDINGS LTD,G4740B105,34914510,748905,,
O-I GLASS INC,67098H104,34838775,3314066,,
LIVERAMP HOLDINGS INC,53815P108,34799926,1311908,,
VERICEL CORP,92346J108,34696442,1078265,,VCEL
AXOGEN INC,05463X106,34683723,1046624,,
S & T BANCORP INC,783859101,34588667,826759,,
NUSCALE POWER CORP,67079K100,34527300,3184429,,SMR
DXC TECHNOLOGY CO,23355L106,34430752,2738384,,DXC
PARK HOTELS & RESORTS INC,700517105,34356575,3261910,,PK
SONOS INC,83570H108,34337121,2561860,,SONO
SOLAREDGE TECHNOLOGIES INC,83417M104,34314993,671896,,
AMERICAN SUPERCONDUCTOR CORP,030111207,33979886,1003595,,
A10 NETWORKS INC,002121101,33909261,1466320,,
JBS NV-A,N4732M103,33908635,1911015,,
NATIONAL BANK HOLD-CL A,633707104,33833689,863747,,
GERMAN AMERICAN BANCORP,373865104,33802331,808676,,
PILGRIM'S PRIDE CORP,72147K108,33752759,893680,,
NURIX THERAPEUTICS INC,67080M103,33669264,2171763,,
GREENBRIER COMPANIES INC,393657101,33558317,637237,,GBX
PEBBLEBROOK HOTEL TRUST,70509V100,33542786,2655241,,PEB-PH
REX AMERICAN RESOURCES CORP,761624105,33497751,734990,,REX
ULTRAGENYX PHARMACEUTICAL IN,90400D108,33438455,1595645,,
SILA REALTY TRUST INC,146280508,33392614,1409939,,
HERBALIFE LTD,G4412G101,33382070,2267341,,HLF
HEALTHCARE SERVICES GROUP,421906108,33334230,1796653,,
ELBIT SYSTEMS LTD,M3760D101,33260553,39172,,ESLT
EOS ENERGY ENTERPRISES INC,29415C101,33218209,6695733,,
ADIENT PLC,G0084W101,33202601,1642389,,ADNT
XENIA HOTELS & RESORTS INC,984017103,33200557,2238316,,
COMSTOCK RESOURCES INC,205768302,33163980,1572755,,CRK
BANK FIRST CORP,06211J100,33143843,245341,,BFC
EXPRO GROUP HOLDINGS NV,N3144W105,33062964,1898655,,
OCULAR THERAPEUTIX INC,67576A100,33035348,3899533,,
HARMONY BIOSCIENCES HOLDINGS,413197104,33021651,1178731,,
ACADIA HEALTHCARE CO INC,00404A109,33016659,1411122,,
MARQETA INC-A,57142B104,32861832,8052560,,
KODIAK SCIENCES INC,50015M109,32851611,861600,,KOD
OMNICELL INC,68213N109,32847519,983828,,
TRICO BANCSHARES,896095106,32759020,688967,,
ANI PHARMACEUTICALS INC,00182C103,32705832,425214,,ANIP
SELECT WATER SOLUTIONS INC,81617J301,32630912,2132234,,
HOWARD HUGHES HOLDINGS INC,44267T102,32569219,514713,,HHH
NEXTNAV INC,65345N106,32423928,2023517,,NXNVW
RECURSION PHARMACEUTICALS-A,75629V104,32237709,10498190,,
CIA DE MINAS BUENAVENTUR-ADR,204448104,32198882,902975,,
HILLTOP HOLDINGS INC,432748101,32134490,896957,,HTH
RH,74967X103,32047234,229129,,RH
ENVIRI CORP,415864107,31897045,1625409,,NVRI
BIGBEAR.AI HOLDINGS INC,08975B109,31883393,9055814,,
INTAPP INC,45827U109,31866501,1240182,,
UFP TECHNOLOGIES INC,902673102,31736763,163892,,UFPT
HUNTSMAN CORP,447011107,31728474,2382996,,HUN
INTERFACE INC,458665304,31619972,1268581,,TILE
WILEY (JOHN) & SONS-CLASS A,968223206,31602595,829272,,
ENACT HOLDINGS INC,29249E109,31566781,773376,,
LAKELAND FINANCIAL CORP,511656100,31463983,548261,,LKFN
LIBERTY MEDIA CORP-FORMULA-A,531229771,31391113,401784,,
INTELLIA THERAPEUTICS INC,45826J105,31382565,2447380,,
DILLARDS INC-CL A,254067101,31353911,54790,,
ALBANY INTL CORP-CL A,012348108,31308228,599519,,
WALKER & DUNLOP INC,93148P102,31306783,705280,,
BAUSCH HEALTH COS INC,071734107,31189020,4191820,,
HOPE BANCORP INC,43940T109,31175510,2790440,,HOPE
MAXLINEAR INC,57776J100,31107675,1788439,,
1ST SOURCE CORP,336901103,31067522,448819,,SRCE
BLACKBAUD INC,09227Q100,31034788,803626,,BLKB
ARBOR REALTY TRUST INC,038923108,31023484,4022809,,ABR-PF
COHU INC,192576106,31019482,1012853,,COHU
ARDELYX INC,039697107,30929083,5162273,,
CENTURY COMMUNITIES INC,156504300,30897153,538340,,
SYLVAMO CORP,871332102,30884897,731020,,SLVM
PACS GROUP INC,69380Q107,30855018,960402,,
CRANE NXT CO,224441105,30800791,758618,,
SOUTH BOW CORP,83671M105,30793262,849188,,SOBO
GENEDX HOLDINGS CORP,81663L200,30661797,477344,,WGS
QCR HOLDINGS INC,74727A104,30628394,358354,,QCRH
CTS CORP,126501105,30451760,637486,,CTS
PREFERRED BANK/LOS ANGELES,740367404,30433500,335523,,
CENTRAL GARDEN AND PET CO-A,153527205,30384071,936941,,
SALLY BEAUTY HOLDINGS INC,79546E104,30373192,2192543,,
ECOVYST INC,27923Q109,30366828,2360868,,ECVT
WINMARK CORP,974250102,30285155,70820,,WINA
FLYWIRE CORP-VOTING,302492103,30283924,2601196,,
MINERALYS THERAPEUTICS INC,603170101,30267725,1117046,,
AVEPOINT INC,053604104,30193142,3174241,,
RELAY THERAPEUTICS INC,75943R102,30168786,3031302,,
FMC CORP,302491303,30154610,1750519,,FMC
APOLLO COMMERCIAL REAL ESTAT,03762U105,30133909,2853012,,
ARLO TECHNOLOGIES INC,04206A101,30075788,2113026,,
ATRICURE INC,04963C209,30072644,1053825,,
KOSMOS ENERGY LTD,500688106,30040300,10803061,,KOS
PROGYNY INC,74340E103,30039243,1768693,,
PENN ENTERTAINMENT INC,707569109,30028389,1997300,,
SUNBELT RENTALS HOLDINGS INC,866966104,30016987,401190,,
DIME COMMUNITY BANCSHARES IN,25432X102,29885626,883481,,
KENNEDY-WILSON HOLDINGS INC,489398107,29772908,2751186,,
PAYONEER GLOBAL INC,70451X104,29723150,6152485,,PAYO
UPWORK INC,91688F104,29555003,2695978,,
PHIBRO ANIMAL HEALTH CORP-A,71742Q106,29481747,532912,,
ELLINGTON FINANCIAL INC,28852N109,29429048,2482736,,EFC-PC
KANZHUN LTD - ADR,48553T106,29381680,2216191,,
LIBERTY GLOBAL LTD-A,G61188101,29348850,2427207,,
PROCEPT BIOROBOTICS CORP,74276L105,29299137,1171234,,PRCT
SEZZLE INC,78435P105,29263671,462290,,SEZL
MAREX GROUP PLC,G5S37H101,29245148,656015,,
RED CAT HOLDINGS INC,75644T100,29214120,2231339,,
CAPRICOR THERAPEUTICS INC,14070B309,29204165,960474,,
FEDERAL AGRIC MTG CORP-CL C,313148306,29077545,195962,,
JETBLUE AIRWAYS CORP,477143101,28952657,6548622,,JBLU
TREVI THERAPEUTICS INC,89532M101,28931137,2424586,,
PROPETRO HOLDING CORP,74347M108,28853553,2001797,,PUMP
PERPETUA RESOURCES CORP,714266103,28789672,1023910,,PPTA
CONNECTONE BANCORP INC,20786W107,28771485,1074523,,
TEEKAY TANKERS LTD-CLASS A,G8726X106,28564812,389591,,
NOVAGOLD RESOURCES INC,66987E206,28407647,3158626,,NG
HELIX ENERGY SOLUTIONS GROUP,42330P107,28406727,2871740,,
DHT HOLDINGS INC,Y2065G121,28362640,1552416,,
PROTO LABS INC,743713109,28306275,496309,,PRLB
NPK INTERNATIONAL INC,651718504,28233950,1948129,,NPKI
KLAVIYO INC-A,49845K101,28192469,1448039,,
ZOOMINFO TECHNOLOGIES INC,98980F104,28092187,4696407,,GTM
GIGACLOUD TECHNOLOGY INC - A,G38644103,28025702,617449,,
FRESH DEL MONTE PRODUCE INC,G36738105,28022241,695876,,
TRIUMPH FINANCIAL INC,89679E300,27870061,467037,,
DAUCH CORPORATION,024061103,27775891,4682480,,DCH
BELLRING BRANDS INC,07831C103,27752451,1724277,,
LA-Z-BOY INC,505336107,27700937,861694,,LZB
TANDEM DIABETES CARE INC,875372203,27666318,1442877,,TNDM
QUANTUM COMPUTING INC,74766W108,27542950,4020000,,QUBT
WESTAMERICA BANCORPORATION,957090103,27490493,527071,,WABC
ADAPTHEALTH CORP,00653Q102,27462289,2307250,,AHCO
UNIVERSAL INSURANCE HOLDINGS,91359V107,27379418,801402,,
SIMPLY GOOD FOODS CO/THE,82900L102,27293760,1901571,,
TRIMAS CORP,896215209,27291079,759200,,TRS
NOVAVAX INC,670002401,27237878,3345352,,NVAX
ALPHATEC HOLDINGS INC,02081G201,27231203,2502310,,
DELUXE CORP,248019101,27220889,988243,,DLX
UNIVERSAL CORP/VA,913456109,27214862,516255,,
WOLVERINE WORLD WIDE INC,978097103,27191857,1665772,,
AXT INC,00246W103,27177758,476660,,AXTI
FIVE9 INC,338307101,27147573,1789156,,
LINDSAY CORP,535555106,27134127,227833,,LNN
CARTER'S INC,146229109,27024152,755539,,
REYNOLDS CONSUMER PRODUCTS I,76171L106,26962285,1272750,,
MERCHANTS BANCORP/IN,58844R108,26853860,625674,,
GIBRALTAR INDUSTRIES INC,374689107,26815295,672429,,
LEGGETT & PLATT INC,524660107,26770827,2708922,,LEG
NEXTDECADE CORP,65342K105,26706234,3485792,,NEXT
ORCHID ISLAND CAPITAL INC,68571X301,26686761,3795130,,
UMH PROPERTIES INC,903002103,26612930,1843879,,
ENOVIS CORP,194014502,26569210,1167586,,ENOV
TENNANT CO,880345103,26556728,399869,,TNC
ASTEC INDUSTRIES INC,046224101,26529659,492639,,ASTE
AMYLYX PHARMACEUTICALS INC,03237H101,26521294,1907657,,
CBIZ INC,124805102,26504543,986885,,
WORLD KINECT CORP,981475106,26465216,1146837,,WKC
LIBERTY LIVE HOLDINGS-A,530909100,26453115,288541,,
GORMAN-RUPP CO,383082104,26438388,425454,,
IDT CORP-CLASS B,448947507,26430776,538203,,
MIAMI INTERNATIONAL HOLDINGS,59356Q108,26421680,678716,,
LIBERTY GLOBAL LTD-C,G61188127,26369635,2247109,,
MONDAY.COM LTD,M7S64H106,26276417,382492,,MNDY
BRISTOW GROUP INC,11040G103,26233654,559321,,VTOL
SHOALS TECHNOLOGIES GROUP -A,82489W107,26102179,3966093,,
TENCENT MUSIC ENTERTAINM-ADR,88034P109,26081975,2843425,,
HARROW INC,415858109,26045073,738498,,
FLOWERS FOODS INC,343498101,25986917,3187557,,FLO
BOSTON BEER COMPANY INC-A,100557107,25981867,112732,,
TRIPADVISOR INC,896945201,25980352,2436595,,
LIFESTANCE HEALTH GROUP INC,53228F101,25979426,4077443,,
LINCOLN EDUCATIONAL SERVICES,533535100,25946094,637625,,
IOVANCE BIOTHERAPEUTICS INC,462260100,25928106,7385423,,
NABORS INDUSTRIES LTD,G6359F137,25883830,300684,,NBR
IVANHOE ELECTRIC INC / US,46578C108,25838495,2185512,,
ICF INTERNATIONAL INC,44925C103,25814256,395290,,
CIMPRESS PLC,G2143T103,25802301,353398,,CMPR
INNODATA INC,457642205,25776752,667289,,INOD
NATIONAL BEVERAGE CORP,635017106,25764374,765560,,FIZZ
J & J SNACK FOODS CORP,466032109,25752978,324799,,
PEOPLES BANCORP INC,709789101,25650392,780252,,PEBO
KEMPER CORP,488401100,25595635,837287,,KMPB
PROASSURANCE CORP,74267C106,25481537,1030570,,
TRUMP MEDIA & TECHNOLOGY GRO,25400Q105,25385186,2734687,,
ORIGIN BANCORP INC,68621T102,25304127,610176,,
LIBERTY LATIN AMERIC-CL C,G9001E128,25260360,2863101,,
DONNELLEY FINANCIAL SOLUTION,25787G100,25188062,534193,,
ANAPTYSBIO INC,032724106,25151941,453406,,
ALLEGIANT TRAVEL CO,01748X102,25137986,310116,,ALGT
TIC SOLUTIONS INC,00510N102,25135131,3819027,,
PERELLA WEINBERG PARTNERS,71367G102,25101407,1381889,,PWP
FIGURE TECHNOLOGY SOLUT-CL A,349381103,25046340,737557,,
GREEN PLAINS INC,393222104,24908039,1513723,,GPRE
METHANEX CORP,59151K108,24887101,329343,,MEOH
IRADIMED CORP,46266A109,24870632,258329,,IRMD
ARRAY TECHNOLOGIES INC,04271T100,24815619,3431605,,
ALKAMI TECHNOLOGY INC,01644J108,24728600,1577708,,
SLIDE INSURANCE HOLDINGS INC,831349105,24625994,1367954,,
TRONOX HOLDINGS PLC,G9087Q102,24581366,2515477,,TROX
GREAT LAKES DREDGE & DOCK CO,390607109,24473147,1439290,,
NCINO INC,63947X101,24466715,1632753,,
ORGANON & CO,68622V106,24285283,4053141,,OGN
TAL EDUCATION GROUP- ADR,874080104,24244551,2156284,,
QUIDELORTHO CORP,219798105,24238553,1474944,,QDEL
TECNOGLASS INC,G87264100,24220074,543506,,
BANK OF N.T. BUTTERFIELD&SON,G0772R208,24206872,461259,,
LIVE OAK BANCSHARES INC,53803X105,24125528,729359,,
PROGRESS SOFTWARE CORP,743312100,24089903,938990,,
EASTERLY GOVERNMENT PROPERTI,27616P301,24073134,1123120,,
TWO HARBORS INVESTMENT CORP,90187B804,24072213,2107408,,TWOD
PAGSEGURO DIGITAL LTD-CL A,G68707101,23971377,2392353,,
AMERICAN PUBLIC EDUCATION,02913V103,23940170,420778,,
TOMPKINS FINANCIAL CORP,890110109,23847088,302429,,TMP
SEABOARD CORP,811543107,23844825,4216,,
RLJ LODGING TRUST,74965L101,23808943,3208067,,RLJ-PA
G-III APPAREL GROUP LTD,36237H101,23799177,859003,,
PROG HOLDINGS INC,74319R101,23767412,828235,,
HYCROFT MINING HOLDING CO-A,44862P208,23749972,674308,,
UNIVEST FINANCIAL CORP,915271100,23668490,690757,,UVSP
SAFETY INSURANCE GROUP INC,78648T100,23582496,324576,,SAFT
FREEDOM HOLDING CORP/NV,356390104,23560597,162647,,
XPEL INC,98379L100,23506830,530989,,
LADDER CAPITAL CORP-REIT,505743104,23491465,2404017,,
NOVOCURE LTD,G6674U108,23490290,2154583,,NVCR
COLLEGIUM PHARMACEUTICAL INC,19459J104,23460028,709228,,
U.S. PHYSICAL THERAPY INC,90337L108,23446344,312715,,
WILLDAN GROUP INC,96924N100,23359274,305050,,
PAPA JOHN'S INTL INC,698813102,23354911,720459,,
AEHR TEST SYSTEMS,00760J108,23128298,623633,,AEHR
TETRA TECHNOLOGIES INC,88162F105,23092193,2709788,,TTI
COMMUNITY TRUST BANCORP INC,204149108,23000157,378749,,
OUSTER INC,68989M202,22861782,1244226,,
ALLIENT INC,019330109,22811066,385973,,ALNT
INSPIRE MEDICAL SYSTEMS INC,457730109,22804308,441993,,
EZCORP INC-CL A,302301106,22782228,897371,,
STEPAN CO,858586100,22672381,453537,,SCL
AMER SPORTS INC,G0260P102,22665584,688505,,
REALREAL INC/THE,88339P101,22654289,2494493,,
CLEARWAY ENERGY INC-A,18539C105,22585932,576559,,
PDF SOLUTIONS INC,693282105,22582843,690228,,PDFS
COLUMBIA SPORTSWEAR CO,198516106,22561947,411520,,COLM
PACIRA BIOSCIENCES INC,695127100,22532085,996772,,
CONMED CORP,207410101,22368295,632437,,CNMD
CENTERSPACE,15202L107,22345089,388890,,CSR
WAVE LIFE SCIENCES LTD,Y95308105,22323928,3078444,,WVE
GOOSEHEAD INSURANCE INC -A,38267D109,22313726,522940,,
TRINET GROUP INC,896288107,22202890,609321,,
NEWELL BRANDS INC,651229106,22195932,6469204,,NWL
FORGENT POWER SOLUTIONS INC,34631F102,22175170,757074,,
PENNYMAC MORTGAGE INVESTMENT,70931T103,22168075,1900827,,
OLD SECOND BANCORP INC,680277100,22155282,1098639,,OSBC
CRA INTERNATIONAL INC,12618T105,22154233,136824,,
IREN LTD,Q4982L109,22054435,661741,,IREN
EYEPOINT INC,30233G209,22021620,1708094,,
MASTERBRAND INC,57638P104,22014803,2648585,,
PENNANT GROUP INC/THE,70805E109,21986934,721184,,
DIVERSIFIED ENERGY CO,25520W107,21942996,1257809,,DEC
ONESTREAM INC,68278B107,21938466,913689,,
WORTHINGTON STEEL INC,982104101,21921168,722142,,
TYRA BIOSCIENCES INC,90240B106,21911277,571947,,
ASTRANA HEALTH INC,03763A207,21820015,889688,,
OCEANFIRST FINANCIAL CORP,675234108,21808078,1208675,,OCFC
PALVELLA THERAPEUTICS INC,697947109,21806153,174880,,
MONTE ROSA THERAPEUTICS INC,61225M102,21777607,1323476,,
ENOVIX CORP,293594107,21724178,4192916,,ENVX
UNITED FIRE GROUP INC,910340108,21706008,585579,,UFCS
XERIS BIOPHARMA HOLDINGS INC,98422E103,21571398,3718414,,
ESQUIRE FINANCIAL HOLDINGS I,29667J101,21568516,200600,,
HARMONIC INC,413160102,21552249,2399477,,HLIT
NUVATION BIO INC,67080N101,21512195,5013287,,NUVB
JBG SMITH PROPERTIES,46590V100,21492684,1470801,,JBGS
CORVUS PHARMACEUTICALS INC,221015100,21476136,1467499,,
AMERICAN ASSETS TRUST INC,024013104,21358611,1159964,,
FIRST ADVANTAGE CORP,31846B108,21315834,1812172,,FA
BYLINE BANCORP INC,124411109,21295106,674414,,
MILLERKNOLL INC,600544100,21284742,1471650,,
TAYSHA GENE THERAPIES INC,877619106,21264648,4756220,,
TOOTSIE ROLL INDS,890516107,21187497,495861,,
MFA FINANCIAL INC,55272X607,21176212,2209980,,
SCHOLASTIC CORP,807066105,21167293,541796,,SCHL
LUCID GROUP INC,549498202,21158959,2219546,,
SONIC AUTOMOTIVE INC-CLASS A,83545G102,21148186,308343,,
UPBOUND GROUP INC,76009N100,21128866,1170332,,
HANMI FINANCIAL CORPORATION,410495204,21071604,799205,,HAFC
ENERGIZER HOLDINGS INC,29272W109,21006563,1279045,,
CVR ENERGY INC,12662P108,20999841,623882,,CVI
MIDDLESEX WATER CO,596680108,20989518,403148,,MSEXP
C3.AI INC-A,12468P104,20936164,2485851,,
TWENTY ONE CAPITAL INC-CL A,90138L109,20912527,3265404,,
ATLAS ENERGY SOLUTIONS INC,642045108,20901028,1592719,,AESI
FLUENCE ENERGY INC,34379V103,20872850,1516636,,
COASTAL FINANCIAL CORP/WA,19046P209,20867580,274147,,
IAMGOLD CORP,450913108,20721654,884414,,IAG
SENECA FOODS CORP - CL A,817070501,20720152,137091,,
BURKE & HERBERT FINANCIAL SE,12135Y108,20716089,332541,,
HERITAGE FINANCIAL CORP,42722X106,20688348,795507,,
SURGERY PARTNERS INC,86881A100,20640198,1731212,,
PERRIGO CO PLC,G97822103,20605405,1917905,,PRGO
NEOGENOMICS INC,64049M209,20583533,2773405,,NEO
EDGEWELL PERSONAL CARE CO,28035Q102,20547762,962640,,EPC
AURINIA PHARMACEUTICALS INC,05156V102,20525212,1385181,,AUPH
PC CONNECTION INC,69318J100,20514637,350871,,CNXN
CONCENTRIX CORP,20602D101,20481308,748374,,CNXC
VIR BIOTECHNOLOGY INC,92764N102,20461596,2283044,,
NEKTAR THERAPEUTICS,640268306,20460205,284228,,NKTR
CNB FINANCIAL CORP/PA,126128107,20396674,704115,,CCNEP
APPIAN CORP-A,03782L101,20396129,845789,,
RYERSON HOLDING CORP,783754104,20348983,904914,,RYZ
CHIMERA INVESTMENT CORP,16934Q802,20286882,1616109,,CIMO
NB BANCORP INC,63945M107,20229215,959871,,
DOUBLEVERIFY HOLDINGS INC,25862V105,20203420,2126038,,
MYERS INDUSTRIES INC,628464109,20183602,952743,,MYE
SCHNEIDER NATIONAL INC-CL B,80689H102,20143362,763939,,
UNITED STATES ANTIMONY CORP,911549103,20092535,2301006,,UAMY
ORIC PHARMACEUTICALS INC,68622P109,20032119,1580704,,
BIOHAVEN LTD,G1110E107,20001138,2363640,,BHVN
LEVI STRAUSS & CO- CLASS A,52736R102,19981751,1080194,,
FIRST MID BANCSHARES INC,320866106,19952250,484260,,
OLEMA PHARMACEUTICALS INC,68062P106,19914867,1335392,,
CENTRAL PACIFIC FINANCIAL CO,154760409,19883343,622022,,
DOUGLAS DYNAMICS INC,25960R105,19812117,470585,,
INNOVEX INTERNATIONAL INC,457651107,19629324,804595,,
ADTRAN HOLDINGS INC,00486H105,19626833,1559766,,
EMPLOYERS HOLDINGS INC,292218104,19572050,475627,,
COGENT COMMUNICATIONS HOLDIN,19239V302,19551848,1037553,,
F&G ANNUITIES & LIFE INC,30190A104,19536111,771395,,
NWPX INFRASTRUCTURE INC,667746101,19530345,250781,,
INSPERITY INC,45778Q107,19480192,720256,,
RAPPORT THERAPEUTICS INC,75383L102,19372979,619027,,
TELADOC HEALTH INC,87918A105,19354263,3550388,,
TRUPANION INC,898202106,19342881,755109,,
SOUTHSIDE BANCSHARES INC,84470P109,19309650,621042,,SBSI
UNITIL CORP,913259107,19280613,369030,,UTL
FORTREA HOLDINGS INC,34965K107,19192412,2037018,,FTRE
AMALGAMATED FINANCIAL CORP,022671101,19181645,493353,,AMAL
MANPOWERGROUP INC,56418H100,19067218,647002,,MAN
SKYWATER TECHNOLOGY INC,83089J108,19048579,694834,,
USA TODAY CO INC,36472T109,19045574,2700856,,
TRUSTCO BANK CORP NY,898349204,19045474,434926,,
PENGUIN SOLUTIONS INC,706915105,19018341,1080343,,
CAPITOL FEDERAL FINANCIAL IN,14057J101,18955563,2658205,,
EVOLV TECHNOLOGIES HOLDINGS,30049H102,18955463,3132427,,
SAILPOINT INC,78781J109,18910987,1427887,,
XENCOR INC,98401F105,18853824,1562916,,XNCR
MERCANTILE BANK CORP,587376104,18853560,373248,,MBWM
METROPOLITAN BANK HOLDING CO,591774104,18849490,226268,,
BUSINESS FIRST BANCSHARES,12326C105,18738995,692812,,
BROWN-FORMAN CORP-CLASS A,115637100,18732698,698688,,
REVOLVE GROUP INC,76156B107,18699336,826865,,
CAREDX INC,14167L103,18671050,1075296,,
GENTHERM INC,37253A103,18430706,663322,,THRM
MECHANICS BANCORP-A,43785V102,18410412,1247837,,
HORIZON BANCORP INC/IN,440407104,18369233,1108739,,
SUN COUNTRY AIRLINES HOLDING,866683105,18343871,1110073,,
PIEDMONT REALTY TRUST INC,720190206,18286142,2782796,,
LIMBACH HOLDINGS INC,53263P105,18282934,234193,,
AZENTA INC,114340102,18272092,864545,,
UNITED PARKS & RESORTS INC,81282V100,18238622,558309,,PRKS
T1 ENERGY INC,35834F104,18232693,4152150,,TE
SUPER GROUP SGHC LTD,G8588X103,18215766,1686645,,
BORR DRILLING LTD,G1466R173,18197702,3153848,,BORR
VIRTUS INVESTMENT PARTNERS,92828Q109,18161079,135152,,
NCR VOYIX CORP,62886E108,18088293,2856877,,NCRRP
WINNEBAGO INDUSTRIES,974637100,18079742,583234,,
VERTEX INC - CLASS A,92538J106,18049655,1517705,,
ARM HOLDINGS PLC-ADR,042068205,18000655,118989,,
CADRE HOLDINGS INC,12763L105,17992595,586319,,
LGI HOMES INC,50187T106,17923843,453324,,
BKV CORPORATION,05603J108,17918946,628068,,BKV
GUARDIAN PHRMCY SERVICES-A,40145W101,17899508,475193,,
NATIONAL ENERGY SERVICES REU,G6375R107,17855740,831660,,
PREFORMED LINE PRODUCTS CO,740444104,17748538,65539,,PLPC
NORTHEAST BANK,66405S100,17718230,157652,,
SCANSOURCE INC,806037107,17701656,487551,,
WENDY'S CO/THE,95058W100,17634062,2536547,,
IMAX CORP,45245E109,17574461,462417,,IMAX
GERON CORP,374163103,17555345,11779359,,GERN
CAMDEN NATIONAL CORP,133034108,17481198,368306,,CAC
AMERESCO INC-CL A,02361E108,17400602,682233,,
GCI LIBERTY INC-CL C,36164V800,17376253,466874,,
PEAKSTONE REALTY TRUST,39818P799,17327618,829265,,
DRIVEN BRANDS HOLDINGS INC,26210V102,17315727,1372914,,DRVN
KALVISTA PHARMACEUTICALS INC,483497103,17296156,858944,,
HERITAGE INSURANCE HOLDINGS,42727J102,17277273,658068,,
BRIGHTVIEW HOLDINGS INC,10948C107,17258010,1463432,,
AMERANT BANCORP INC,023576101,17254399,782641,,AMTB
MBX BIOSCIENCES INC,55287L101,17220356,576736,,
ARGENX SE - ADR,04016X101,17211262,23569,,
DAKTRONICS INC,234264109,17058475,872344,,
MATTHEWS INTL CORP-CLASS A,577128101,17001280,658294,,
AMERISAFE INC,03071H100,16957337,508718,,AMSF
SAVARA INC,805111101,16945353,3102730,,SVRA
HERITAGE COMMERCE CORP,426927109,16938959,1356878,,
B2GOLD CORP,11777Q209,16880719,3014746,,BTG
QUANEX BUILDING PRODUCTS,747619104,16837967,936776,,
BITDEER TECHNOLOGIES GROUP-A,G11448100,16818790,1944485,,
CULLINAN THERAPEUTICS INC,230031106,16802575,1182149,,
WEIS MARKETS INC,948849104,16786672,245415,,WMK
ALLIANCE LAUNDRY HOLDINGS IN,01862Q107,16764771,808109,,
LSB INDUSTRIES INC,502160104,16747190,1123635,,
ORRSTOWN FINL SERVICES INC,687380105,16746377,464038,,
SHENANDOAH TELECOMMUNICATION,82312B106,16733913,1085000,,
WHITESTONE REIT,966084204,16731827,1035751,,
GRAHAM CORP,384556106,16717898,211758,,GHM
CBL & ASSOCIATES PROPERTIES,124830878,16705312,434609,,
ASCENDIS PHARMA A/S - ADR,04351P101,16683794,72941,,
EXCELERATE ENERGY INC-A,30069T101,16682714,499070,,
AMPHASTAR PHARMACEUTICALS IN,03209R103,16672328,850896,,
VESTIS CORP,29430C102,16628606,2115105,,VSTS
COURSERA INC,22266M104,16580781,2848247,,
BUTTERFLY NETWORK INC,124155102,16579735,4102577,,
MARTEN TRANSPORT LTD,573075108,16565051,1261470,,MRTN
GENCO SHIPPING & TRADING LTD,Y2685T131,16442822,728960,,GNK
GOLD.COM INC,00181T107,16428657,409793,,
CANTALOUPE INC,138103106,16417028,1518425,,
FIREFLY AEROSPACE INC,31816X106,16395171,575751,,FLY
TOWER SEMICONDUCTOR LTD,M87915274,16344382,93141,,TSEM
NANO NUCLEAR ENERGY INC,63010H108,16341361,797761,,NNE
CORE LABORATORIES INC,21867A105,16323243,971940,,
THERAVANCE BIOPHARMA INC,G8807B106,16321513,1005535,,
WEBULL CORP,G9572D103,16312080,3398350,,BULLW
MISTER CAR WASH INC,60646V105,16285700,2336075,,
FIRST COMMUNITY BANKSHARES,31983A103,16280034,391957,,
JAMES HARDIE IND PLC,G4253H101,16268569,858953,,
EMPIRE STATE REALTY TRUST-A,292104106,16250054,3124286,,
PURSUIT ATTRACTIONS AND HOSP,92552R406,16242096,443316,,
COMPASS THERAPEUTICS INC,20454B104,16183940,3058412,,
STAAR SURGICAL CO,852312305,16123607,861973,,STAA
REDWIRE CORP,75776W103,16111040,1895020,,RDW
ANNEXON INC,03589W102,16089811,2903438,,
RESOLUTE HOLDINGS MANAG,76134H101,16050670,98872,,
ARRIVENT BIOPHARMA INC,04272N102,16021160,694281,,
BLACKSKY TECHNOLOGY INC,09263B207,16020868,636578,,BKSY-WT
FIRST FINANCIAL CORP,320218100,15940359,252142,,
OMEROS CORP,682143102,15912053,1506388,,OMER
SAFEHOLD INC,78646V107,15904041,1175263,,SAFE
BIOLIFE SOLUTIONS INC,09062W204,15869288,831559,,BLFS
FINANCIAL INSTITUTIONS INC,317585404,15848196,499656,,FIISP
MANNKIND CORP,56400P706,15766687,6433912,,MNKD
STAGWELL INC,85256A109,15723580,2499241,,STGW
COMPASS MINERALS INTERNATION,20451N101,15578815,667039,,
APOGEE ENTERPRISES INC,037598109,15557097,463737,,
ENNIS INC,293389102,15551424,725889,,
FARMERS NATL BANC CORP,309627107,15517846,1178835,,
SMITHFIELD FOODS INC,832248207,15479521,553433,,SFD
TALKSPACE INC,87427V103,15472901,2989075,,
MAZE THERAPEUTICS INC,578784100,15465036,517963,,
BARRETT BUSINESS SVCS INC,068463108,15461300,529735,,
PRECIGEN INC,74017N105,15455832,3993044,,
KOPPERS HOLDINGS INC,50060P106,15446823,399296,,KOP
PURECYCLE TECHNOLOGIES INC,74623V103,15413220,2969103,,
NORTHRIM BANCORP INC,666762109,15356922,671069,,NRIM
CASTLE BIOSCIENCES INC,14843C105,15345879,624936,,CSTL
STANDARD MOTOR PRODS,853666105,15329265,441187,,
CLOVER HEALTH INVESTMENTS CO,18914F103,15216819,8643840,,
BRIGHTSPIRE CAPITAL INC,10949T109,15211343,2715720,,
LIQUIDITY SERVICES INC,53635B107,15195666,496978,,LQDT
VOYAGER TECHNOLOGIES INC-A,92892B103,15130242,646798,,
RAYONIER ADVANCED MATERIALS,75508B104,15097965,1363469,,
REDWOOD TRUST INC,758075402,15078110,2687253,,RWTS
BJ'S RESTAURANTS INC,09180C106,15071783,429312,,
LINDBLAD EXPEDITIONS HOLDING,535219109,15064062,870484,,
MONTROSE ENVIRONMENTAL GROUP,615111101,15037984,686831,,
ELDORADO GOLD CORP,284902509,15037849,345746,,
EQUITY BANCSHARES INC - CL A,29460X109,14988405,337406,,
PAYMENTUS HOLDINGS INC-A,70439P108,14956435,588623,,
ZYMEWORKS INC,98985Y108,14944270,596838,,ZYME
CENTRAL BANCOMPANY,152413100,14936878,623426,,
NATIONAL PRESTO INDS INC,637215104,14892466,108619,,
BRIGHTSTAR LOTTERY PLC,G4863A108,14886868,1168514,,BRSL
MARCUS & MILLICHAP INC,566324109,14859536,558753,,
FRANKLIN BSP REALTY TRUST IN,35243J101,14853802,1749174,,
CLARIVATE PLC,G21810109,14851552,5867873,,CLVT
CENTRAL GARDEN & PET CO,153527106,14833245,403382,,CENTA
REPUBLIC BANCORP INC-CLASS A,760281204,14760104,209151,,
EAGLE BANCORP INC,268948106,14717492,591644,,EGBN
ENHABIT INC,29332G102,14710381,1043710,,
ACV AUCTIONS INC-A,00091G104,14658479,3456407,,
GROCERY OUTLET HOLDING CORP,39874R101,14648091,2077277,,GO
FOX FACTORY HOLDING CORP,35138V102,14644163,889458,,FOXF
JANUS INTERNATIONAL GROUP IN,47103N106,14595018,2833306,,
MAKEMYTRIP LTD,V5633W109,14582590,391059,,MMYT
HAMILTON INSURANCE GROU-CL B,G42706104,14559006,488124,,
ARBUTUS BIOPHARMA CORP,03879J100,14554116,3233449,,ABUS
SFL CORP LTD,G7738W106,14541585,1347691,,SFL
TFS FINANCIAL CORP,87240R107,14532323,1034019,,TFSL
AMN HEALTHCARE SERVICES INC,001744101,14452947,787876,,AMN
TRANSCAT INC,893529107,14414785,196212,,TRNS
INSTEEL INDUSTRIES INC,45774W108,14414216,428781,,IIIN
INDEPENDENT BANK CORP - MICH,453838609,14375500,431592,,
CNA FINANCIAL CORP,126117100,14350076,312373,,CNA
UNDER ARMOUR INC-CLASS A,904311107,14316301,2421416,,
BICARA THERAPEUTICS INC,055477103,14301004,718792,,BCAX
ADAMAS TRUST INC,649604840,14279275,1939654,,
ORLA MINING LTD,68634K106,14267118,684803,,ORLA
CHIME FINANCIAL INC-CL A,16935C109,14220897,759036,,
ARVINAS INC,04335A105,14218800,1341035,,
JOHN B. SANFILIPPO & SON INC,800422107,14192326,178851,,
INDIE SEMICONDUCTOR INC-A,45569U101,14143648,4391606,,
PRA GROUP INC,69354N106,14142869,807935,,PRAA
IRONWOOD PHARMACEUTICALS INC,46333X108,14129443,4024647,,IRWD
QUINSTREET INC,74874Q100,14104335,1174160,,
KURA ONCOLOGY INC,50127T109,14098566,1733685,,
WASHINGTON TRUST BANCORP,940610108,14086807,420892,,
LEGALZOOMCOM INC,52466B103,14084983,2483571,,
HALLADOR ENERGY CO,40609P105,14075667,864377,,HNRG
GLOBAL BUSINESS TRAVEL GROUP,37890B100,14061439,2519316,,
SELLAS LIFE SCIENCES GROUP I,81642T209,14018469,3313008,,
ESPERION THERAPEUTICS INC,29664W105,14000527,5108274,,
PORCH GROUP INC,733245104,13923201,1941293,,
MID PENN BANCORP INC,59540G107,13904919,432230,,MPB
CARRIAGE SERVICES INC,143905107,13830314,302793,,CSV
SPRINKLR INC-A,85208T107,13817757,2302339,,
VAALCO ENERGY INC,91851C201,13815756,2178468,,
GEVO INC,374396406,13780231,5046295,,
SMITH & WESSON BRANDS INC,831754106,13677236,954138,,
JANUX THERAPEUTICS INC,47103J105,13674009,983498,,
GLADSTONE COMMERCIAL CORP,376536108,13667985,1195524,,GOODO
SPROTT INC,852066208,13656818,72106,,SII
ADVANSIX INC,00773T101,13612965,557725,,ASIX
SEPTERNA INC,81734D104,13609075,566200,,
KIMBALL ELECTRONICS INC,49428J109,13599299,573899,,
AMPLITUDE INC-CLASS A,03213A104,13581756,1990917,,
LIBERTY BROADBAND-A,530307107,13568177,270154,,
GREAT SOUTHERN BANCORP INC,390905107,13566418,214859,,
MAMA'S CREATIONS INC,56146T103,13565971,884104,,
SIONNA THERAPEUTICS INC,829401108,13534134,337505,,
OIL-DRI CORP OF AMERICA,677864100,13527557,207794,,ODC
OIL STATES INTERNATIONAL INC,678026105,13501916,1159608,,
CTO REALTY GROWTH INC,22948Q101,13498489,729846,,
CRACKER BARREL OLD COUNTRY,22410J106,13486326,479660,,
RAMACO RESOURCES INC-A,75134P600,13450270,869784,,
ARIS MINING CORP,04040Y109,13432176,547892,,ARIS
UNDER ARMOUR INC-CLASS C,904311206,13418712,2317183,,
SUNOPTA INC,8676EP108,13376947,2063916,,
NORDIC AMERICAN TANKERS LTD,G65773106,13367474,2281139,,NAT
RPC INC,749660106,13366201,1887323,,RES
INTEGRA LIFESCIENCES HOLDING,457985208,13363081,1418281,,
INHIBRX BIOSCIENCES INC,45720N103,13322762,198111,,
NEXPOINT RESIDENTIAL,65341D102,13287797,531470,,
CARIS LIFE SCIENCES INC,142152107,13242303,740621,,
EXP WORLD HOLDINGS INC,30212W100,13188856,2201385,,
NETGEAR INC,64111Q104,13112957,600294,,
SCHRODINGER INC,80810D103,13111366,1153901,,
FIVE STAR BANCORP,33830T103,13076493,346592,,FSBC
HEALTHSTREAM INC,42222N103,13069464,630983,,HSTM
AVANOS MEDICAL INC,05350V106,13053878,931643,,
HIPPO HOLDINGS INC,433539202,12941186,496459,,HIPO
SOUTHERN MISSOURI BANCORP,843380106,12926359,202117,,
MITEK SYSTEMS INC,606710200,12925139,957126,,MITK
UWM HOLDINGS CORP,91823B109,12916425,3566760,,UWMC
HOMETRUST BANCSHARES INC,437872104,12890729,302171,,
PHATHOM PHARMACEUTICALS INC,71722W107,12835109,1155074,,
PLAINS ALL AMER PIPELINE LP,726503105,12830974,574607,,
HERTZ GLOBAL HLDGS INC,42806J700,12830296,2782544,,
MISSION PRODUCE INC,60510V108,12756621,926898,,
MONRO INC,610236101,12755419,795025,,
DAILY JOURNAL CORP,233912104,12744804,26419,,DJCO
FORUM ENERGY TECHNOLOGIES IN,34984V209,12706965,216542,,
GCM GROSVENOR INC - CLASS A,36831E108,12636724,1289060,,
METROCITY BANKSHARES INC,59165J105,12600283,439396,,
EASTMAN KODAK CO,277461406,12565030,1387987,,KODK
JSC KASPI.KZ ADR,48581R205,12560864,169581,,
ALERUS FINANCIAL CORP,01446U103,12559453,529581,,ALRS
TACTILE SYSTEMS TECHNOLOGY I,87357P100,12488182,477762,,
AMERICAN WOODMARK CORP,030506109,12476671,313190,,
MOBILEYE GLOBAL INC-A,60741F104,12440529,1810101,,
STURM RUGER & CO INC,864159108,12439037,310173,,RGR
UNIVERSAL HEALTH RLTY INCOME,91359E105,12427721,307014,,
KFORCE INC,493732101,12419683,424690,,KFRC
FORTUNA MINING CORP,349942102,12372286,943206,,FSM
CONSOLIDATED WATER CO-ORD SH,G23773107,12368269,373336,,
SHORE BANCSHARES INC,825107105,12359772,661493,,SHBI
INVESCO MORTGAGE CAPITAL,46131B704,12357786,1528989,,
CAPITAL CITY BANK GROUP INC,139674105,12318951,283388,,CCBG
RUMBLE INC,78137L105,12306825,2412514,,
VISHAY PRECISION GROUP,92835K103,12295838,283111,,
TPG RE FINANCE TRUST INC,87266M107,12292521,1573456,,
METALLUS INC,887399103,12291456,752063,,MTUS
NAVIENT CORP,63938C108,12267617,1499394,,JSM
BIONTECH SE-ADR,09075V102,12213889,137420,,
PAGERDUTY INC,69553P100,12202886,1964591,,
SHARPLINK INC,820014405,12194877,1889462,,
UTZ BRANDS INC,918090101,12187893,1538463,,
ETON PHARMACEUTICALS INC,29772L108,12180616,493384,,
ANTERIX INC,03676C100,12157450,318218,,ATEX
ALEXANDER'S INC,014752109,12127372,51333,,
ROOT INC/OH -CLASS A,77664L207,12078066,273377,,
JEFFERSON CAPITAL INC,47248R103,12002603,624061,,
NAVAN INC-CL A,639193101,11986183,905058,,
ALPHA & OMEGA SEMICONDUCTOR,G6331P104,11963889,539762,,AOSL
ACCEL ENTERTAINMENT INC,00436Q106,11959144,1095811,,
GREEN DOT CORP-CLASS A,39304D102,11940194,1063867,,
INTERNATIONAL MONEY EXPRESS,46005L101,11909266,753586,,
JD.COM INC-ADR,47215P106,11906951,402670,,
SMARTFINANCIAL INC,83190L208,11838794,302851,,SMBK
POSTAL REALTY TRUST INC- A,73757R102,11835291,637499,,
FIRST WATCH RESTAURANT GROUP,33748L101,11822184,1127831,,
REPLIMUNE GROUP INC,76029N106,11806407,1542884,,
PEAPACK GLADSTONE FINL CORP,704699107,11802561,335121,,
FTAI INFRASTRUCTURE INC,35953C106,11730970,2374197,,FIP
SOLID POWER INC,83422N105,11720303,3905888,,
SUNCOKE ENERGY INC,86722A103,11709192,1798310,,
SABRE CORP,78573M104,11692992,8061686,,SABR
FIDELIS INSURANCE HOLDINGS L,G3398L118,11620217,608070,,
HEARTFLOW INC,42238D107,11580980,475877,,
NOVA LTD,M7516K103,11560967,26621,,NVMI
BAR HARBOR BANKSHARES,066849100,11554737,355955,,BHB
COLUMBIA FINANCIAL INC,197641103,11552316,659613,,
LSI INDUSTRIES INC,50216C108,11520048,619182,,LYTS
DIAMOND HILL INVESTMENT GRP,25264R207,11515426,66896,,
SEMRUSH HOLDINGS INC-A,81686C104,11364367,951532,,
GOLDEN ENTERTAINMENT INC,381013101,11306744,423530,,
LOGITECH INTERNATIONAL-REG,H50430232,11304893,124066,,
BIT DIGITAL INC,G1144A105,11270901,8602486,,
VITESSE ENERGY INC,92852X103,11249661,619305,,
SERVE ROBOTICS INC,81758H106,11234142,1330690,,
BIOAGE LABS INC,09077V100,11230209,641871,,
WILLIS LEASE FINANCE CORP,970646105,11203904,65786,,WLFC
ENERGY RECOVERY INC,29270J100,11189049,1110882,,
OPKO HEALTH INC,68375N103,11174450,9799914,,
OXFORD INDUSTRIES INC,691497309,11163551,289818,,OXM
ARTERIS INC,04302A104,11160458,678659,,
BABCOCK & WILCOX ENTERPR,05614L209,11139577,757803,,
FLUSHING FINANCIAL CORP,343873105,11116371,723498,,
EMBECTA CORP,29082K105,11103456,1255779,,EMBC
BRANDYWINE REALTY TRUST,105368203,11102846,4096316,,BDN
SWEETGREEN INC - CLASS A,87043Q108,11065368,2131531,,
BEAZER HOMES USA INC,07556Q881,11034343,573411,,BZH
PAR TECHNOLOGY CORP/DEL,698884103,11028727,827185,,
WIX.COM LTD,M98068105,11017146,122402,,WIX
MARINEMAX INC,567908108,11013926,406906,,HZO
HOVNANIAN ENTERPRISES-A,442487401,11012219,99265,,
ZENAS BIOPHARMA INC,98937L105,10979023,561414,,
ZEVRA THERAPEUTICS INC,488445206,10953390,1174899,,
CASS INFORMATION SYSTEMS INC,14808P109,10946754,248608,,CASS
FORESTAR GROUP INC,346232101,10922969,446817,,FOR
ETHAN ALLEN INTERIORS INC,297602104,10914419,490258,,ETD
SINCLAIR INC,829242106,10907667,842732,,
ASANA INC - CL A,04342Y104,10906420,1703700,,
UNIQURE NV,N90064101,10886801,665542,,
SUMMIT HOTEL PROPERTIES INC,866082100,10885930,2462170,,
NORTHFIELD BANCORP INC,66611T108,10803054,797653,,
LB PHARMACEUTICALS INC,50180M108,10801668,437878,,LBRX
PEOPLES FINANCIAL SERVICES,711040105,10800508,202469,,
VITAL FARMS INC,92847W103,10788481,763882,,
LIGHTWAVE LOGIC INC,532275104,10774994,1531815,,
IDAHO STRATEGIC RESOURCES IN,645827205,10725471,333821,,
SANDRIDGE ENERGY INC,80007P869,10698255,655743,,SD
MILLER INDUSTRIES INC/TENN,600551204,10685826,234513,,
AMC ENTERTAINMENT HLDS-CL A,00165C302,10675846,10891046,,
GLOBAL INDUSTRIAL CO,37892E102,10671941,338516,,GIC
ARROW FINANCIAL CORP,042744102,10662256,317527,,AROW
SHUTTERSTOCK INC,825690100,10655920,641395,,
CYTEK BIOSCIENCES INC,23285D109,10636884,2433384,,
HEARTLAND EXPRESS INC,422347104,10633206,1022186,,HTLD
ICON PLC,G4705A100,10610080,95880,,ICLR
DOLE PLC,G27907107,10606395,742225,,DOLE
CORMEDIX INC,21900C308,10597226,1560261,,CRMD
BANDWIDTH INC-CLASS A,05988J103,10580531,593532,,
RYANAIR HOLDINGS PLC-SP ADR,783513203,10579018,183028,,
REGENCELL BIOSCIENCE HOLDING,G7487R100,10567919,415569,,
BAIDU INC - SPON ADR,056752108,10521056,94427,,
ARS PHARMACEUTICALS INC,82835W108,10496284,1306770,,
COTY INC-CL A,222070203,10495346,5219871,,
SOUTH PLAINS FINANCIAL INC,83946P107,10456091,249488,,
FARMLAND PARTNERS INC,31154R109,10455039,930762,,FPI
COMMUNITY HEALTHCARE TRUST I,20369C106,10454044,657762,,
HINGHAM INSTITUTION FOR SVGS,433323102,10438750,36509,,
STRIVE INC-A,862945300,10405304,1038136,,
ASP ISOTOPES INC,00218A105,10397671,2351717,,ASPI
I3 VERTICALS INC-CLASS A,46571Y107,10390767,464587,,
POWER SOLUTIONS INTERNATIONA,73933G202,10384396,170544,,
TRIP.COM GROUP LTD-ADR,89677Q107,10380020,208476,,
CARDINAL INFRASTRUCTURE GR-A,14154A102,10367008,261344,,
SANA BIOTECHNOLOGY INC,799566104,10364849,3598115,,
FLOWCO HOLDINGS INC-CL A,342909108,10338595,501687,,
SI-BONE INC,825704109,10308068,815969,,
CANNAE HOLDINGS INC,13765N107,10297817,905439,,
TEEKAY CORP LTD,G8726T105,10296021,843245,,TK
CHIRON REAL ESTATE INC,37954A303,10283305,310796,,XRN-PB
MIDLAND STATES BANCORP INC,597742105,10263427,459910,,
GENIUS SPORTS LTD,G3934V109,10260624,2316168,,GENI
SANOFI-ADR,80105N105,10245669,212654,,
LENDINGTREE INC,52603B107,10240931,238773,,
CARTER BANKSHARES INC,146103106,10239105,438952,,
CEVA INC,157210105,10220513,546965,,CEVA
FLEX LNG LTD,G35947202,10219318,343969,,FLNG
RIGEL PHARMACEUTICALS INC,766559702,10216428,377708,,RIGL
CERTARA INC,15687V109,10203696,1789554,,
NIQ GLOBAL INTELLIGENCE PLC,G63755105,10110633,889086,,NIQ
AEVA TECHNOLOGIES INC,00835Q202,10080848,765862,,
ACNB CORP,000868109,10036693,209614,,ACNB
AH REALTY TRUST INC,04208T108,10030724,1823298,,
BULLISH,G16910120,10027624,280650,,BLSH
MALIBU BOATS INC - A,56117J100,10025639,386750,,
COOPER-STANDARD HOLDING,21676P103,10021152,359459,,
MCEWEN INC,58039P305,10012308,490112,,MUX
FULCRUM THERAPEUTICS INC,359616109,9978865,1300751,,
MATIV HOLDINGS INC,808541106,9938128,1141991,,
JADE BIOSCIENCES INC,008064206,9925891,706265,,
NUTEX HEALTH INC,67079U306,9888746,104021,,NUTX
KESTRA MEDICAL TECHNOLOGIES,G52441105,9887087,495937,,
KURA SUSHI USA INC-CLASS A,501270102,9880337,141536,,
PARK AEROSPACE CORP,70014A104,9873515,360492,,PKE
THIRD COAST BANCSHARES INC,88422P109,9864712,260688,,
PATRIA INVESTMENTS LTD-A,G69451105,9837273,780736,,
PHREESIA INC,71944F106,9810891,1170470,,
BURFORD CAPITAL LTD,G17977110,9789743,2166201,,BUR
MIMEDX GROUP INC,602496101,9756192,2469442,,
CERIBELL INC,15678C102,9719486,530111,,
RILEY EXPLORATION PERMIAN IN,76665T102,9645692,264553,,
MESA LABORATORIES INC,59064R109,9642518,109018,,
TEJON RANCH CO,879080109,9641710,511630,,TRC
CONSENSUS CLOUD SOLUTION,20848V105,9637126,405825,,
KEARNY FINANCIAL CORP/MD,48716P108,9618967,1273595,,
COLLIERS INTL GR-SUBORD VOT,194693107,9615756,89300,,
FIRSTSUN CAPITAL BANCORP,33767U107,9614286,268205,,FSUN
ANGIODYNAMICS INC,03475V101,9605528,844533,,ANGO
AVEANNA HEALTHCARE HOLDINGS,05356F105,9568205,1485345,,
INTREPID POTASH INC,46121Y201,9509006,222271,,
GLOBANT SA,L44385109,9499213,206012,,
LENNAR CORP - B SHS,526057302,9480484,112619,,
VAREX IMAGING CORP,92214X106,9473196,892588,,VREX
SAUL CENTERS INC,804395101,9471526,290613,,
CIVISTA BANCSHARES INC,178867107,9459930,414954,,
ONE LIBERTY PROPERTIES INC,682406103,9379717,436986,,OLP
NATURAL GAS SERVICES GROUP,63886Q109,9377541,248395,,
DAKOTA GOLD CORP,46655E100,9354335,1851700,,DC
BETA TECHNOLOGIES INC -CL A,086921103,9323643,634080,,
GREENLIGHT CAPITAL RE LTD-A,G4095J109,9312334,538376,,
BUILD-A-BEAR WORKSHOP INC,120076104,9308595,248528,,BBW
CONTANGO SILVER & GOLD INC,21077F100,9294138,495520,,CTGO
CLEAN ENERGY FUELS CORP,184499101,9282496,3741981,,CLNE
CALAVO GROWERS INC,128246105,9258556,358881,,
PULSE BIOSCIENCES INC,74587B101,9246032,428167,,
CARS.COM INC,14575E105,9212832,1134287,,CARS
FIRST BUSINESS FINANCIAL SER,319390100,9204344,170631,,
PROTHENA CORP PLC,G72800108,9191802,945406,,
BIOVENTUS INC - A,09075A108,9189883,1006209,,
ORTHOFIX MEDICAL INC,68752M108,9162263,798522,,OFIX
ONESPAN INC,68287N100,9160281,869686,,OSPN
EVERQUOTE INC - CLASS A,30041R108,9158936,593848,,
TIPTREE INC,88822Q103,9152294,540775,,TIPT
CABLE ONE INC,12685J105,9120205,99960,,
CHATHAM LODGING TRUST,16208T102,9101805,1156263,,CLDT-PA
EQUIPMENTSHARE.COM INC-A,29445S100,9068163,444975,,
COLUMBUS MCKINNON CORP/NY,199333105,9029339,621240,,
EMERGENT BIOSOLUTIONS INC,29089Q105,9028923,1087508,,EBS
RED VIOLET INC,75704L104,9011136,260362,,
SATELLOGIC INC-A,80401C100,9010941,1655942,,
BLOOMIN' BRANDS INC,094235108,9007886,1667797,,
ARKO CORP,041242108,8995683,1617353,,ARKO
VERADERMICS INC,922967104,8989239,142243,,
RIDGEPOST CAPITAL INC-A,69376K106,8987495,1237698,,
YORK WATER CO,987184108,8955343,294019,,YORW
MYRIAD GENETICS INC,62855J104,8952712,1989000,,MYGN
CRYOPORT INC,229050307,8881786,1072333,,
MEDIAALPHA INC-CLASS A,58450V104,8868566,953437,,
RED RIVER BANCSHARES INC,75686R202,8856205,97895,,RRBI
GRINDR INC,39854F101,8816343,728978,,GRND
UDEMY INC,902685106,8813572,1907265,,
BLUELINX HOLDINGS INC,09624H208,8802947,162448,,BXC
GLADSTONE LAND CORP,376549101,8791429,861716,,LANDO
GLOBAL-E ONLINE LTD,M5216V106,8721100,282846,,GLBE
ATLANTA BRAVES HOLDINGS IN-A,047726104,8714103,184726,,
ANTERIS TECHNOLOGIES GLOBAL,03675P102,8701968,1567438,,
ALLOGENE THERAPEUTICS INC,019770106,8665601,3550504,,
ABSCI CORP,00091E109,8618048,2871925,,ABSI
AQUESTIVE THERAPEUTICS INC,03843E104,8611144,2074406,,
QFIN HOLDINGS INC-ADR,88557W101,8609627,666896,,
BANK OF MARIN BANCORP/CA,063425102,8609540,335825,,
DREAM FINDERS HOMES INC - A,26154D100,8579021,616197,,
BROOKFIELD BUSINESS CORP-A,113006100,8566009,269798,,
ORION GROUP HOLDINGS INC,68628V308,8550909,784247,,ORN
VANDA PHARMACEUTICALS INC,921659108,8547930,1236699,,VNDA
4D MOLECULAR THERAPEUTICS IN,35104E100,8536155,916585,,
BOWMAN CONSULTING GROUP LTD,103002101,8532880,299941,,BWMN
UROGEN PHARMA LTD,M96088105,8502508,472887,,URGN
DONEGAL GROUP INC-CL A,257701201,8500717,494716,,
HOME BANCORP INC,43689E107,8496504,140219,,
CHOICEONE FINANCIAL SVCS INC,170386106,8470799,301164,,
MANITOWOC COMPANY INC,563571405,8469212,726761,,
CALIFORNIA BANCORP,84252A106,8464326,477539,,
CLIMB GLOBAL SOLUTIONS INC,946760105,8430656,425250,,
NORTHEAST COMMUNITY BANCORP,664121100,8424576,353903,,
NVE CORP,629445206,8405756,128304,,
COVENANT LOGISTICS GROUP INC,22284P105,8399693,309290,,
MARCUS CORPORATION,566330106,8384310,488199,,MCS
KOPIN CORP,500600101,8363791,3715745,,KOPN
SOLV ENERGY INC-CL A,78475V103,8356301,278129,,
MAPLIGHT THERAPEUTICS INC,56565P103,8350745,410633,,
SOUTHERN FIRST BANCSHARES,842873101,8329643,152789,,
HYSTER-YALE INC,449172105,8301500,255292,,
COSTAMARE INC,Y1771G102,8276268,489720,,CMRE-PB
CUSTOM TRUCK ONE SOURCE INC,23204X103,8248106,1255077,,
SIERRA BANCORP,82620P102,8242672,242938,,BSRR
LEGEND BIOTECH CORP-ADR,52490G102,8237897,459645,,
CAMPING WORLD HOLDINGS INC-A,13462K109,8236947,1205679,,
PRIME MEDICINE INC,74168J101,8226282,2363153,,
NERDWALLET INC-CL A,64082B102,8220956,791815,,
STITCH FIX INC-CLASS A,860897107,8191084,2473742,,
ALTIMMUNE INC,02155H200,8185746,2656914,,
ENLIGHT RENEWABLE ENERGY LTD,M4056D110,8146557,119346,,ENLT
FULGENT GENETICS INC,359664109,8126950,511033,,
REGENXBIO INC,75901B107,8126526,969442,,RGNX
POWERFLEET INC,73931J109,8119273,2635604,,
BOWHEAD SPECIALTY HOLDINGS I,10240L102,8082632,360263,,
BEONE MEDICINES LTD-ADR,07725L102,8049371,27105,,
ATEA PHARMACEUTICALS INC,04683R106,8045508,1495010,,
YORK SPACE SYSTEMS INC,987084100,8040264,362539,,YSS
SOLID BIOSCIENCES INC,83422E204,8033835,1115541,,SLDB
VILLAGE SUPER MARKET-CLASS A,927107409,7998184,189334,,
JFROG LTD,M6191J100,7983548,170272,,FROG
COLONY BANKCORP,19623P101,7980387,399496,,
BETA BIONICS INC,08659B102,7962864,794460,,
MOVADO GROUP INC,624580106,7962396,325931,,MOVAA
PAGAYA TECHNOLOGIES LTD -A,M7S64L123,7947269,682232,,
ENANTA PHARMACEUTICALS INC,29251M106,7940790,628563,,ENTA
CITIZENS & NORTHERN CORP,172922106,7932542,354989,,CZNC
BIRKENSTOCK HOLDING PLC,M2029K104,7931436,221363,,BIRK
EL POLLO LOCO HOLDINGS INC,268603107,7930140,572010,,
NETEASE INC-ADR,64110W102,7923560,70784,,
FORWARD AIR CORP,34986A104,7922269,474005,,FWRD
WEALTHFRONT CORP,947002101,7897706,853514,,WLTH
YEXT INC,98585N106,7883250,2052515,,
COMMUNITY WEST BANCSHARES,203937107,7868223,337595,,CWBC
GRID DYNAMICS HOLDINGS INC,39813G109,7849066,1376779,,
WORLD ACCEPTANCE CORP,981419104,7846435,58088,,WRLD
PACIFIC BIOSCIENCES OF CALIF,69404D108,7840379,5937745,,
CYTOMX THERAPEUTICS INC,23284F105,7837133,1666372,,
VINFAST AUTO LTD,Y9390M103,7820555,2031313,,VFSWW
ACLARIS THERAPEUTICS INC,00461U105,7813091,2082773,,
OOMA INC,683416101,7794649,535536,,OOMA
VERASTEM INC,92337C203,7770067,1465591,,
B&G FOODS INC,05508R106,7769720,1614887,,
SPIRE GLOBAL INC,848560306,7704683,612279,,
KODIAK AI INC,500081104,7684558,1106571,,
AKEBIA THERAPEUTICS INC,00972D105,7681235,5524408,,
GRAY MEDIA INC,389375106,7680263,1769195,,
IHEARTMEDIA INC - CLASS A,45174J509,7679117,2629083,,
GRANITE RIDGE RESOURCES INC,387432107,7598727,1294009,,
IBOTTA INC-CL A,451051106,7573067,252630,,
AKTIS ONCOLOGY INC,01021M104,7570285,423008,,
NATURES SUNSHINE PRODS INC,639027101,7550611,314650,,
DINE BRANDS GLOBAL INC,254423106,7523928,286642,,
PORTILLO'S INC-CL A,73642K106,7522724,1421608,,
ARHAUS INC,04035M102,7522587,1109151,,
AURA BIOSCIENCES INC,05153U107,7503047,1121466,,
CLEAR CHANNEL OUTDOOR HOLDIN,18453H106,7500829,3163040,,
UNITY BANCORP INC,913290102,7490204,144473,,
AVINO SILVER & GOLD MINES,053906103,7487957,870644,,ASM
UPSTREAM BIO INC,91678A107,7475482,830398,,
FIRST FNDTN INC,32026V104,7460385,1294542,,
LEXEO THERAPEUTICS INC,52886X107,7437297,1295335,,
BRIDGEWATER BANCSHARES INC,108621103,7435637,419965,,BWBBP
TITAN MACHINERY INC,88830R101,7430211,444278,,TITN
NU SKIN ENTERPRISES INC - A,67018T105,7408586,1017372,,
AURA MINERALS INC,G06973112,7395408,90630,,AUGO
WEST BANCORPORATION,95123P106,7391306,310604,,
ATAIBECKLEY INC,04650F101,7350168,2075247,,ATAI
OLAPLEX HOLDINGS INC,679369108,7348785,3619445,,
COMMUNITY HEALTH SYSTEMS INC,203668108,7321372,2489639,,CYH
WABASH NATIONAL CORP,929566107,7319324,848891,,WNC
MCGRAW HILL INC,580907103,7297626,532526,,
ENTRADA THERAPEUTICS INC,29384C108,7257694,574957,,
CERUS CORP,157085101,7230587,3971768,,CERS
CAPITAL BANCORP INC/MD,139737100,7216243,242572,,
AMERICAN BATTERY TECHNOLOGY,02451V309,7203810,2581224,,
TECTONIC THERAPEUTIC INC,878972108,7159830,231580,,
HELEN OF TROY LTD,G4388N106,7159517,496363,,HELE
W&T OFFSHORE INC,92922P106,7132079,2090957,,WTI
CALERES INC,129500104,7118518,675147,,CAL
ZUMIEZ INC,989817101,7106338,320592,,ZUMZ
ORANGE COUNTY BANCORP INC,68417L107,7099100,221934,,
PERSONALIS INC,71535D106,7090926,1112846,,
FRONTVIEW REIT INC,35922N100,7088762,458095,,
TITAN INTERNATIONAL INC,88830M102,7081801,1024546,,TWI
HUDSON PACIFIC PROPERTIES IN,444097406,7039988,1190954,,
ORION SA,L72967109,7030785,1081197,,
INVESTAR HOLDING CORP,46134L105,7002085,256691,,ISTR
NEUROPACE INC,641288105,6987879,531251,,NPCE
HBT FINANCIAL INC/DE,404111106,6973092,260906,,
BLEND LABS INC-A,09352U108,6959849,4093107,,
INVESTORS TITLE CO,461804106,6937406,31911,,ITIC
NETSKOPE INC-CL A,64119N608,6935927,816337,,
RICHTECH ROBOTICS INC-CL B,765504105,6933675,3316592,,
KKR REAL ESTATE FINANCE TRUS,48251K100,6927034,1131625,,
LUXFER HOLDINGS PLC,G5698W116,6926383,568529,,LXFR
ARDAGH METAL PACKAGING SA,L02235106,6900495,1703826,,
RUSH ENTERPRISES INC - CL B,781846308,6888911,107104,,
GROUPON INC,399473206,6866166,576852,,
MARAVAI LIFESCIENCES HLDGS-A,56600D107,6816835,2407958,,
OPTIMUM COMMUNICATIONS INC-A,02156K103,6807106,5234657,,
ERMENEGILDO ZEGNA NV,N30577105,6803228,652901,,
UTAH MEDICAL PRODUCTS INC,917488108,6797927,109639,,UTMD
REZOLVE AI PLC,G75398100,6794286,2654018,,RZLVW
TARGET HOSPITALITY CORP,87615L107,6776311,730017,,TH
FARMERS & MERCHANTS BANCO/OH,30779N105,6769581,263623,,
INDUSTRIAL LOGISTICS PROPERT,456237106,6765921,1190833,,
ROCKET PHARMACEUTICALS INC,77313F106,6739260,1881965,,
MATRIX SERVICE CO,576853105,6729629,585995,,MTRX
GOGO INC,38046C109,6712931,1669510,,GOGO
RAPID7 INC,753422104,6708819,1217287,,
PUBMATIC INC-CLASS A,74467Q103,6695685,818326,,
FIRST BANK/HAMILTON NJ,31931U102,6689859,417993,,
N-ABLE INC,62878D100,6682218,1430498,,
HACKETT GROUP INC/THE,404609109,6649276,510952,,
KEROS THERAPEUTICS INC,492327101,6617467,599271,,
THREDUP INC - CLASS A,88556E102,6592524,2009490,,
RANGER ENERGY SERVICES-CL A,75282U104,6590838,384437,,
STRATTEC SECURITY CORP,863111100,6586904,84054,,STRT
PONCE FINANCIAL GROUP INC,732344106,6565793,392804,,
AMBIQ MICRO INC,023193105,6564656,258302,,
EQUINOX GOLD CORP,29446Y502,6555641,442468,,EQX
LIGHTBRIDGE CORP,53224K302,6553074,614546,,LTBR
ARRAY DIGITAL INFRASTRUCTURE,911684108,6546126,141808,,
CLEARFIELD INC,18482P103,6489804,245098,,
ATLANTICUS HOLDINGS CORP,04914Y102,6488888,123631,,ATLCZ
LIBERTY LATIN AMERIC-CL A,G9001E102,6465391,748541,,
MICROVAST HOLDINGS INC,59516C106,6452347,4300769,,
NEXTDOOR HOLDINGS INC,65345M108,6447331,4604147,,
TSS INC,87288V101,6424830,493647,,
ARDMORE SHIPPING CORP,Y0207T100,6418176,420864,,ASC
BEYOND MEAT INC,08862E109,6416412,9142677,,
DIGITAL TURBINE INC,25400W102,6406468,2223884,,
BANKWELL FINANCIAL GROUP INC,06654A103,6400869,131882,,
CROSS COUNTRY HEALTHCARE INC,227483104,6385479,679099,,
RBB BANCORP,74930B105,6381056,298528,,RBB
BED BATH & BEYOND INC,690370101,6376945,1373811,,
PLUMAS BANCORP,729273102,6374666,130526,,PLBC
SITE CENTERS CORP,82981J851,6370946,1179487,,SITC
OPPENHEIMER HOLDINGS-CL A,683797104,6355359,71222,,
BAYCOM CORP,07272M107,6345446,213406,,BCML
RMR GROUP INC/THE - A,74967R106,6344118,410017,,
DESIGN THERAPEUTICS INC,25056L103,6324570,594201,,
OCUGEN INC,67577C105,6311279,3484829,,
DAVE & BUSTER'S ENTERTAINMEN,238337109,6306193,582164,,
MAGNERA CORP,55939A107,6305544,662834,,MAGN
WEAVE COMMUNICATIONS INC,94724R108,6285228,1359906,,
NIOCORP DEVELOPMENTS LTD,654484609,6281669,1408731,,NIOBW
SHOE CARNIVAL INC,824889109,6272007,402158,,
SIGA TECHNOLOGIES INC,826917106,6261410,1170095,,SIGA
AMC NETWORKS INC-A,00164V103,6260819,921827,,
BILLIONTOONE INC CL A,090168105,6233969,78944,,
PERSPECTIVE THERAPEUTICS INC,46489V302,6220741,1491249,,
MASTERCRAFT BOAT HOLDINGS IN,57637H103,6205145,302438,,
NATURAL GROCERS BY VITAMIN C,63888U108,6182167,239108,,
NEWTEKONE INC,652526203,6178200,564062,,
ON24 INC,68339B104,6156328,760678,,
XOMA ROYALTY CORPORATION,98419J206,6148318,195922,,
NAVIGATOR HOLDINGS LTD,Y62132108,6125928,316913,,NVGS
KRISPY KREME INC,50101L106,6117753,1804102,,
GREIF INC-CL B,397624206,6110306,69750,,
VIEMED HEALTHCARE INC,92663R105,6109096,663136,,
ABACUS GLOBAL MANAGEMENT INC,00258Y104,6086670,772146,,
STRATA CRITICAL MEDICAL INC,092667104,6082047,1454446,,
HYPERLIQUID STRATEGIES,44916Y106,6071856,1192045,,
HONEST CO INC/THE,438333106,6070269,2064129,,
FREQUENCY ELECTRONICS INC,358010106,6048911,136618,,FEIM
JOHNSON OUTDOORS INC-A,479167108,6036613,129762,,
CAMTEK LTD,M20791105,6033623,39797,,CAMT
GENESCO INC,371532102,5990821,206577,,GCO
HAVERTY FURNITURE,419596101,5985307,282524,,
KELLY SERVICES INC -A,488152208,5984705,676069,,
SUMMIT MIDSTREAM CORP,86614G101,5978457,197626,,SMC
NORWOOD FINANCIAL CORP,669549107,5962761,202613,,NWFL
NATIONAL RESEARCH CORP,637372202,5928983,349076,,
OMADA HEALTH INC,68170A108,5919874,470908,,
FERROGLOBE PLC,G33856108,5919583,1436792,,GSM
ORTHOPEDIATRICS CORP,68752L100,5911251,372367,,KIDS
AMERICAN COASTAL INSURANCE C,910710102,5908969,525126,,
ATN INTERNATIONAL INC,00215F107,5898463,216631,,
DISTRIBUTION SOLUTIONS GROUP,520776105,5878667,223999,,
CERENCE INC,156727109,5877643,931200,,CRNC
CADIZ INC,127537207,5871888,1195530,,CDZIP
SPROUT SOCIAL INC - CLASS A,85209W109,5871852,1029857,,
EVERCOMMERCE INC,29977X105,5861266,512672,,EVCM
PETCO HEALTH AND WELLNESS CO,71601V105,5860175,2107477,,
GENIE ENERGY LTD-B,372284208,5848143,413469,,
CITIZENS FINANCIAL SERVICES,174615104,5845769,95571,,
COMPASS DIVERSIFIED HOLDINGS,20451Q104,5839233,742905,,CODI-PA
REGIONAL MANAGEMENT CORP,75902K106,5834845,180866,,RM
BRIGHT MINDS BIOSCIENCES INC,10919W405,5833440,79943,,DRUG
ALIGHT INC - CLASS A,01626W101,5828965,10000831,,
SAVERS VALUE VILLAGE INC,80517M109,5821034,782233,,
CRITICAL METALS CORP,G2662B103,5794373,729770,,CRTMF
ACCO BRANDS CORP,00081T108,5775878,1924687,,ACCO
TIMBERLAND BANCORP INC,887098101,5773769,146364,,TSBK
ANAVEX LIFE SCIENCES CORP,032797300,5761126,1876047,,AVXL
BITFARMS LTD/CANADA,09173B107,5760906,2937993,,
MGP INGREDIENTS INC,55303J106,5757948,313029,,MGPI
FIRST BANCORP INC/ME,31866P102,5752737,205174,,
FIRST MAJESTIC SILVER CORP,32076V103,5733449,260217,,AG
ARES COMMERCIAL REAL ESTATE,04013V108,5733153,1193990,,
CORSAIR GAMING INC,22041X102,5732925,1032754,,
STANDARD BIOTOOLS INC,34385P108,5730648,6232074,,LAB
ABIVAX SA-ADR,00370M103,5713591,51312,,
AVIAT NETWORKS INC,05366Y201,5704204,252216,,
HINGE HEALTH INC-A,433313103,5701797,147807,,
MVB FINANCIAL CORP,553810102,5683483,228818,,MVBF
ROCKY BRANDS INC,774515100,5679507,146642,,
NATHAN'S FAMOUS INC,632347100,5677041,56341,,
U-HAUL HOLDING CO,023586100,5667432,118578,,
WATERSTONE FINANCIAL INC,94188P101,5659835,313855,,
VERMILION ENERGY INC,923725105,5649624,318022,,VET
PRIMIS FINANCIAL CORP,74167B109,5637905,424351,,FRST
RESERVOIR MEDIA INC,76119X105,5636091,575481,,
PUMA BIOTECHNOLOGY INC,74587V107,5583079,873480,,
ONITY GROUP INC,675746606,5533452,140868,,ONIT
CLAROS MORTGAGE TRUST INC,18270D106,5522115,2319278,,
FUBOTV INC -CLASS A,35953D401,5514071,582751,,
CLEARPOINT NEURO INC,18507C103,5508912,605183,,
DELCATH SYSTEMS INC,24661P807,5498072,592266,,
FRONTIER GROUP HOLDINGS INC,35909R108,5495108,1556200,,
INFINITY NATURAL RESOUR-CL A,456941103,5470415,310535,,
PARKE BANCORP INC,700885106,5469420,192516,,
BOSTON OMAHA CORP-CL A,101044105,5424258,464288,,
JAMES RIVER GROUP HOLDINGS I,46990A102,5414168,859140,,
FOSTER (LB) CO-A,350060109,5402257,193564,,
3D SYSTEMS CORP,88554D205,5398196,2870429,,DDD
NORTHPOINTE BANCSHARES INC,66661N886,5386625,312036,,NPB
CITI TRENDS INC,17306X102,5382198,124199,,CTRN
BUMBLE INC-A,12047B105,5373376,1647726,,
CRICUT INC - CLASS A,22658D100,5372392,1436255,,
BEL FUSE INC-CL A,077347201,5372184,29810,,
FRP HOLDINGS INC,30292L107,5356841,244750,,
EW SCRIPPS CO/THE-A,811054402,5354926,1439086,,
MBIA INC,55262C100,5354017,905633,,MBI
LATHAM GROUP INC,51819L107,5347890,995652,,
INFOSYS LTD-SP ADR,456788108,5324588,394122,,
NATIONAL CINEMEDIA INC,635309206,5256607,1722996,,
GINKGO BIOWORKS HOLDINGS INC,37611X209,5255082,857032,,
ANGI INC,00183L201,5254476,766902,,ANGI
ALTO NEUROSCIENCE INC,02157Q109,5238711,232880,,
PROTARA THERAPEUTIC INC,74365U107,5227087,1002984,,
CELLEBRITE DI LTD,M2197Q107,5219567,378918,,CLBT
DAMORA THERAPEUTICS INC,36322Q206,5194008,200429,,
ALPINE INCOME PROPERTY TRUST,02083X103,5187785,288136,,
READY CAPITAL CORP,75574U101,5182689,3198366,,RC-PC
SPOK HOLDINGS INC,84863T106,5170724,474254,,
MAYVILLE ENGINEERING CO INC,578605107,5137607,286125,,
SERVICE PROPERTIES TRUST,81761L102,5135668,3789245,,SVC
REZOLUTE INC,76200L309,5129921,1681325,,
KARAT PACKAGING INC,48563L101,5126633,183578,,KRT
ALICO INC,016230104,5092886,123434,,
JOHN MARSHALL BANCORP INC,47805L101,5084435,250641,,
NIAGEN BIOSCIENCE INC,171077407,5081947,1151904,,
EVOLENT HEALTH INC - A,30050B101,5070283,2223074,,
GBANK FINANCIAL HOLDINGS INC,36166F100,5043830,188437,,GBFH
FS BANCORP INC,30263Y104,5040215,130573,,
LUMEXA IMAGING HOLDINGS INC,550249106,5038860,585740,,
RADIANT LOGISTICS INC,75025X100,5034551,713892,,
XPERI INC,98423J101,5026922,897405,,XPER
FALCON'S BEYOND GLOBAL INC-A,306121104,4994685,354145,,
TPG MORTGAGE INVESTMENT TRUS,001228501,4968111,679378,,
NICE LTD - SPON ADR,653656108,4944499,44844,,
HUDBAY MINERALS INC,443628102,4938629,230140,,HBM
PCB BANCORP,69320M109,4934057,219308,,PCB
VOR BIOPHARMA INC,929033207,4912646,275186,,VOR
LIGHTPATH TECHNOLOGIES INC-A,532257805,4901002,488309,,
RXSIGHT INC,78349D107,4875241,791192,,
SILICON MOTION TECHNOL-ADR,82706C108,4867097,43344,,
BETTER HOME & FINANCE HOLDIN,08774B508,4865821,136561,,
EDITAS MEDICINE INC,28106W103,4843514,1960403,,
NEUROGENE INC,64135M105,4838654,239952,,NGNE
AMES NATIONAL CORP,031001100,4831403,171149,,ATLO
EVOMMUNE INC,30054Y107,4816025,209417,,
PARK-OHIO HOLDINGS CORP,700666100,4798466,199553,,
CLEARWATER PAPER CORP,18538R103,4796697,333421,,CLW
LIMONEIRA CO,532746104,4792546,357027,,LMNR
EVOLUS INC,30052C107,4789587,1164936,,
EVE HOLDING INC,29970N104,4787473,1929920,,
HUDSON TECHNOLOGIES INC,444144109,4775828,812001,,
RELMADA THERAPEUTICS INC,75955J402,4766425,684378,,
PANGAEA LOGISTICS SOLUTIONS,G6891L105,4763791,672629,,PANL
ETORO GROUP LTD-A,G32089107,4741827,157903,,
FB BANCORP INC,31425A109,4729687,344140,,
BLUE FOUNDRY BANCORP,09549B104,4729465,357068,,
BENITEC BIOPHARMA INC,08205P209,4728348,443852,,BNTC
TELOS CORPORATION,87969B101,4722396,1126687,,TLS
ELEDON PHARMACEUTICALS INC,28617K101,4704935,1527135,,
FLOTEK INDUSTRIES INC,343389409,4696565,276658,,
ORASURE TECHNOLOGIES INC,68554V108,4688464,1562385,,OSUR
MONOPAR THERAPEUTICS INC,61023L207,4680170,85392,,
BK TECHNOLOGIES CORP,05587G203,4673511,62597,,BKTI
NATIONAL BANKSHARES INC/VA,634865109,4672071,128246,,
8X8 INC,282914100,4659342,2805856,,
ABEONA THERAPEUTICS INC,00289Y206,4647982,1036952,,ABEO
WEBTOON ENTERTAINMENT INC,94845U105,4638598,504660,,WBTN
HYLIION HOLDINGS CORP,449109107,4628664,2629222,,HYLN
ONCOLOGY INSTITUTE INC/THE,68236X100,4619680,1504378,,
EVGO INC,30052F100,4594176,2670150,,EVGO
AERSALE CORP,00810F106,4565331,733797,,ASLE
MEIRAGTX HOLDINGS PLC,G59665102,4563490,526962,,MGTX
BLUE RIDGE BANKSHARES INC,095825105,4562668,1086126,,
DIAMEDICA THERAPEUTICS INC,25253X207,4532438,669294,,DMAC
PLAYTIKA HOLDING CORP,72815L107,4530163,1629182,,PLTK
AMERICAN INTEGRITY INSURANCE,026948109,4528921,234865,,
SEVEN HILLS REALTY TRUST,81784E101,4500851,547401,,SEVN
UR-ENERGY INC,91688R108,4498722,3016599,,URG
AEBI SCHMIDT HOLDING AG,H00501108,4475031,460997,,AEBI
CITIZENS INC,174740100,4473566,889131,,
C & F FINANCIAL CORP,12466Q104,4454061,61044,,CFFI
COHERUS ONCOLOGY INC,19249H103,4449965,2632303,,
FVCBANKCORP INC,36120Q101,4445742,292606,,
ALGONQUIN POWER & UTILITIES,015857105,4432776,713830,,
MISTRAS GROUP INC,60649T107,4417385,298757,,
RIBBON COMMUNICATIONS INC,762544104,4415891,2082443,,RBBN
ASPEN AEROGELS INC,04523Y105,4407941,1288391,,ASPN
WESTERN NEW ENGLAND BANCORP,958892101,4399441,340192,,
ARCTURUS THERAPEUTICS HOLDIN,03969T109,4393221,568936,,
ICAHN ENTERPRISES LP,451100101,4387478,581123,,
HIGHPEAK ENERGY INC,43114Q105,4374818,633903,,
OR ROYALTIES INC,68390D106,4373324,112133,,OR
SONIDA SENIOR LIVING INC,140475203,4372234,135527,,
NEXGEN ENERGY LTD,65340P106,4369142,367043,,NXE
PROFRAC HOLDING CORP-A,74319N100,4357613,702715,,
CANDEL THERAPEUTICS INC,137404109,4357315,889033,,
FRANKLIN FINANCIAL SERVICES,353525108,4344632,85023,,
FIRST UNITED CORP,33741H107,4343602,118500,,
ASURE SOFTWARE INC,04649U102,4342335,504753,,ASUR
TREDEGAR CORP,894650100,4331451,544681,,TG
LCNB CORPORATION,50181P100,4331368,277731,,LCNB
FIRST COMMUNITY CORP,319835104,4327885,147999,,
SKY HARBOUR GROUP CORP,83085C107,4327414,449135,,SKYH-WT
OUTDOOR HOLDING CO,00175J107,4321105,2149247,,POWWP
PURE CYCLE CORP,746228303,4305597,427835,,PCYO
NACCO INDUSTRIES-CL A,629579103,4301006,82725,,
LOVESAC CO/THE,54738L109,4295170,290736,,
LARIMAR THERAPEUTICS INC,517125100,4292722,953643,,
OAK VALLEY BANCORP,671807105,4286562,132132,,OVLY
WEYCO GROUP INC,962149100,4285653,133688,,WEYS
CENTESSA PHARMACEUTICALS-ADR,152309100,4280942,107778,,
JOYY INC-ADR,46591M109,4270994,73146,,
PATTERN GROUP INC-CL A,70339W104,4251290,341877,,
BRIDGEBIO ONCOLOGY THERAPEUT,107924102,4228057,472122,,
ALECTOR INC,014442107,4214012,1959544,,
VODAFONE GROUP PLC-SP ADR,92857W308,4207597,280133,,
KINGSWAY FINANCIAL SERVICES,496904202,4206969,403169,,
STRATUS PROPERTIES INC,863167201,4206059,137762,,STRS
LOANDEPOT INC -CLASS A,53946R106,4177710,2940772,,
ALMONTY INDUSTRIES INC,020398707,4177414,288028,,ALM
ELECTROMED INC,285409108,4171473,178154,,
PAYSIGN INC,70451A104,4170456,706642,,
LEXICON PHARMACEUTICALS INC,528872302,4170401,2672069,,
FIDELITY D&D BANCORP INC,31609R100,4170123,96317,,
LINKBANCORP INC,53578P105,4166833,499417,,
CALEDONIA MINING CORP PLC,G1757E113,4162162,184248,,CMCL
DESIGNER BRANDS INC-CLASS A,250565108,4146533,728496,,
BLACK ROCK COFFEE BAR INC-A,092244102,4140607,320376,,
CHEMUNG FINANCIAL CORP,164024101,4138144,76871,,CHMG
LENZ THERAPEUTICS INC,52635N103,4116764,449806,,
BIGLARI HOLDINGS INC-B,08986R309,4108052,12461,,
BRP INC/CA- SUB VOTING,05577W200,4096308,56450,,
FORWARD INDUSTRIES INC/NEW,349932103,4092166,923320,,
LEGACY HOUSING CORP,52472M101,4083830,199852,,LEGH
REAL BROKERAGE INC/THE,75585H206,4080800,1632320,,
HOLLEY INC,43538H103,4069582,1325278,,HLLY
ARDENT HEALTH INC,03980N107,4067191,475016,,
ANIKA THERAPEUTICS INC,035255108,4067104,280384,,
FIRST NATIONAL CORP/VA,32106V107,4066653,151012,,
OCTAVE SPECIALTY GROUP INC,023139884,4055321,871861,,OSG
PLAINS GP HOLDINGS LP-CL A,72651A207,4047500,166701,,
PALLADYNE AI CORP,80359A205,4044489,666096,,PDYNW
WOLFSPEED INC,97785W106,4034827,247042,,
HIMALAYA SHIPPING LTD,G4660A103,4033836,303296,,HSHP
ADC THERAPEUTICS SA,H0036K147,4032315,1075284,,ADCT
INNVENTURE INC,45784M108,4032088,1030915,,
US GOLD CORP,90291C201,4030051,265234,,
FERMI INC,314911108,4021278,688575,,FRMI
ATOUR LIFESTYLE HOLDINGS-ADR,04965M106,4018069,109157,,
COASTAL SOUTH BANCSHARES INC,19058X207,4000403,162647,,
NEXPOINT DIVERSIFIED REAL ES,65340G205,4000016,856208,,
USCB FINANCIAL HOLDINGS INC,90355N101,3997946,215558,,
INNOVAGE HOLDING CORP,45784A104,3986173,496886,,INNV
OPPFI INC,68386H103,3978358,515807,,OPFI
PERMA-FIX ENVIRONMENTAL SVCS,714157203,3968384,371091,,
JAKKS PACIFIC INC,47012E403,3966371,199063,,JAKK
USANA HEALTH SCIENCES INC,90328M107,3961782,226713,,USNA
OMNIAB INC,68218J103,3952419,2516782,,
BACKBLAZE INC-A,05637B105,3937714,1140980,,
UNIVERSAL LOGISTICS HOLDINGS,91388P105,3934921,186089,,
ZIM INTEGRATED SHIPPING SERV,M9T951109,3932447,149402,,
HAWTHORN BANCSHARES INC,420476103,3918875,116279,,
ENCORE ENERGY CORP,29259W700,3894535,2163631,,EU
NEPTUNE INSURANCE HOLDI-CL A,64073B103,3893043,160825,,
QUAD GRAPHICS INC,747301109,3892042,588674,,
VIRGINIA NATIONAL BANKSHARES,928031103,3863819,101108,,
KORU MEDICAL SYSTEMS INC,759910102,3848886,890673,,
VELOCITY FINANCIAL INC,92262D101,3835878,211989,,
BAKKT INC,05759B305,3833017,520727,,
TITAN AMERICA SA,B9151N105,3822461,255171,,TTAM
METHODE ELECTRONICS INC,591520200,3791049,686563,,MEI
EVOLUTION METALS & TECHNOLOG,30054B107,3788062,499086,,
MICROVISION INC,594960304,3770829,5878642,,
REPAY HOLDINGS CORP,76029L100,3755859,1444169,,RPAY
FIRST WESTERN FINANCIAL INC,33751L105,3731420,151772,,MYFW
SIMULATIONS PLUS INC,829214105,3729328,315379,,
COMMERCIAL BANCGROUP INC,20112C106,3725458,143129,,
OPORTUN FINANCIAL CORP,68376D104,3724330,807586,,OPRT
RGC RESOURCES INC,74955L103,3722226,168697,,RGCO
FIRST INTERNET BANCORP,320557101,3717603,182358,,INBKZ
LANDBRIDGE CO LLC-A,514952100,3701908,53612,,
MOTORCAR PARTS OF AMERICA IN,620071100,3687590,333314,,
ENTRAVISION COMMUNICATIONS-A,29382R107,3687342,1241010,,
TONIX PHARMACEUTICALS HOLDIN,890260839,3686120,267997,,
EUROPEAN WAX CENTER INC-A,29882P106,3676775,635938,,
WEST FRASER TIMBER CO LTD,952845105,3674667,55459,,
MINIMED GROUP INC,60365F109,3669290,245931,,
RCI HOSPITALITY HOLDINGS INC,74934Q108,3662851,160509,,
908 DEVICES INC,65443P102,3659380,597726,,MASS
UNUSUAL MACHINES INC /US,91532F102,3656448,294677,,
ATRIUM THERAPEUTICS INC,04965N104,3656181,273379,,
ORGANOGENESIS HOLDINGS INC,68621F102,3630753,1531495,,ORGO
NET LEASE OFFICE PROPERTY,64110Y108,3612813,313529,,
VIANT TECHNOLOGY INC-A,92557A101,3586114,320093,,
WESTROCK COFFEE CO,96145W103,3583813,843063,,WEST
PRINCETON BANCORP INC,74179A107,3578441,105926,,
SAFE BULKERS INC,Y7388L103,3577196,565118,,
ACCENDRA HEALTH INC,690732102,3572014,1566135,,
BYRNA TECHNOLOGIES INC,12448X201,3566366,388382,,BYRN
ALTI GLOBAL INC,02157E106,3563393,984012,,
PROFICIENT AUTO LOGISTICS IN,74317M104,3553990,523986,,
ACACIA RESEARCH CORP,003881307,3545263,736876,,ACTG
STAR BULK CARRIERS CORP,Y8162K204,3539837,154107,,SBLK
HAGERTY INC-A,405166109,3526431,334680,,
PEOPLES BANCORP OF NC,710577107,3525946,90000,,
VOX ROYALTY CORP,92919F103,3518644,671497,,VOXR
AVIDIA BANCORP INC,05369T100,3517953,178756,,
RIMINI STREET INC,76674Q107,3511200,1070207,,
FLEXSTEEL INDS,339382103,3494506,77741,,
M-TRON INDUSTRIES INC,55380K109,3490990,52206,,
BCB BANCORP INC,055298103,3477500,387208,,BCBP
CVRX INC,126638105,3471446,366808,,
ALTO INGREDIENTS INC,021513106,3464045,715128,,
INTER & CO INC - CL A,G4R20B107,3463778,435148,,
FOGHORN THERAPEUTICS INC,344174107,3454358,722465,,FHTX
CORE MOLDING TECHNOLOGIES IN,218683100,3448975,153890,,
INSPIRED ENTERTAINMENT INC,45782N108,3442552,482668,,
JACK IN THE BOX INC,466367109,3439538,355547,,JACK
MERIDIAN CORP,58958P104,3429718,180827,,MRBK
SUTRO BIOPHARMA INC,869367201,3414247,136946,,
VOYAGER THERAPEUTICS INC,92915B106,3412408,883649,,
SEAPORT ENTERTAINMENT GROUP,812215200,3408654,158649,,
FIRST CAPITAL INC,31942S104,3404956,68581,,FCAP
CONDUENT INC,206787103,3400020,2655183,,CNDT
REPUBLIC AIRWAYS HOLDINGS IN,590479408,3398339,189912,,
RANPAK HOLDINGS CORP,75321W103,3382095,947016,,PACK
IMMIX BIOPHARMA INC,45258H106,3377136,370455,,
IMMERSION CORPORATION,452521107,3371905,617400,,IMMR
XPONENTIAL FITNESS INC-A,98422X101,3350912,556463,,
SHATTUCK LABS INC,82024L103,3345796,520028,,
NEWAMSTERDAM PHARMA CO NV,N62509109,3339937,104396,,
CITIZENS COMMUNITY BANCORP I,174903104,3335990,168412,,
ENERGY VAULT HOLDINGS INC,29280W109,3329818,1008288,,
ALLIANCE RESOURCE PARTNERS,01877R108,3327345,120338,,
AELUMA INC,00776X109,3321349,253636,,
ESCALADE INC,296056104,3313950,192982,,ESCA
CONCRETE PUMPING HOLDINGS IN,206704108,3303733,462531,,
BANK7 CORP,06652N107,3298969,82688,,BSVN
COMMERCE.COM INC,08975P108,3281350,1228583,,
TURTLE BEACH CORP,900450206,3278488,323232,,TBCH
FRANKLIN COVEY CO,353469109,3275684,207387,,FC
GDS HOLDINGS LTD - ADR,36165L108,3273965,81260,,
INOGEN INC,45780L104,3272692,529411,,INGN
SPORTRADAR GROUP AG-A,H8088L103,3272201,195472,,
STRUCTURE THERAPEUTICS INC,86366E106,3270948,67862,,GPCR
OHIO VALLEY BANC CORP,677719106,3253805,74167,,OVBC
KINGSTONE COS INC,496719105,3239892,222313,,
TERRESTRIAL ENERGY INC,881454102,3236400,538527,,
XEROX HOLDINGS CORP,98421M106,3229016,2502254,,XRXDW
VUZIX CORP,92921W300,3225439,1395960,,VUZI
LI AUTO INC - ADR,50202M102,3225161,180884,,
BARNES & NOBLE EDUCATION INC,06777U200,3215922,364059,,
ENERGY SERVICES OF AMERICA,29271Q103,3202889,243848,,
ATEGRITY SPECIALTY HOLDINGS,04681Y103,3194375,161537,,
GREENWICH LIFESCIENCES INC,396879108,3190595,132787,,
KRONOS WORLDWIDE INC,50105F105,3181112,484102,,KRO
LINEAGE CELL THERAPEUTICS IN,53566P109,3176246,2009024,,
GREENE COUNTY BANCORP INC,394357107,3175128,141655,,GCBC
TRUBRIDGE INC,205306103,3168347,216355,,
LIFEMD INC,53216B104,3165900,876675,,
KLARNA GROUP PLC,G5279N105,3163329,241660,,KLAR
ANDERSEN GROUP INC - A,033853102,3133031,115097,,
X4 PHARMACEUTICALS INC,98420X202,3129442,757197,,
STARZ ENTERTAINMENT CORP,855919106,3109484,270291,,
INHIBIKASE THERAPEUTICS INC,45719W205,3099811,1844602,,
FUELCELL ENERGY INC,35952H700,3099794,474383,,FCELB
BRT APARTMENTS CORP,055645303,3099037,232219,,BRT
SEACOR MARINE HOLDINGS INC,78413P101,3073669,429192,,SMHI
EVOLUTION PETROLEUM CORP,30049A107,3057129,667269,,EPM
SECURITY NATL FINL CORP-CL A,814785309,3056491,322202,,
MEDALLION FINANCIAL CORP,583928106,3044414,355609,,MBNKO
MODIV INDUSTRIAL INC,60784B101,3041821,212361,,
EAGLE FINANCIAL SERVICES INC,26951R104,3041451,86926,,EFSI
CB FINANCIAL SERVICES INC,12479G101,3041078,88949,,
EAGLE BANCORP MONTANA INC,26942G100,3021146,146779,,
IBEX LTD,G4690M101,3019207,112573,,IBEX
OP BANCORP,67109R109,3010163,226296,,OPBK
GENCOR INDUSTRIES INC,368678108,2994292,199546,,GENC
ASSEMBLY BIOSCIENCES INC,045396207,2987665,107603,,
ERICSSON (LM) TEL-SP ADR,294821608,2986944,265035,,
INFORMATION SERVICES GROUP,45675Y104,2979378,775640,,
SIGHT SCIENCES INC,82657M105,2971802,788068,,
EPSILON ENERGY LTD,294375209,2966884,481431,,EPSN
ISABELLA BANK CORP,464214105,2966108,64909,,ISBA
QUANTERIX CORP,74766Q101,2966072,842362,,QTRX
PHOENIX EDUCATION PARTNERS I,718968100,2963695,94179,,
PRIMEENERGY RESOURCES CORP,74158E104,2960373,12707,,PNRG
KYVERNA THERAPEUTICS INC,501976104,2960341,342807,,
CRAWFORD & COMPANY -CL A,224633206,2960072,296826,,
CONTINEUM THERAPEUTICS INC-A,21217B100,2958608,226386,,
ACME UNITED CORP,004816104,2925889,65118,,ACU
TUCOWS INC-CLASS A,898697206,2922498,170247,,
EGAIN CORP,28225C806,2911959,368941,,EGAN
WHITEFIBER INC,G96115103,2910509,244301,,
AVIDBANK HOLDINGS INC,05368J103,2907536,101984,,
HIVE DIGITAL TECHNOLOGIES LT,433921103,2881372,1516512,,
XMAX INC,66979P300,2880303,397579,,XMAX
FULL TRUCK ALLIANCE -SPN ADR,35969L108,2862313,344857,,
VIA TRANSPORTATION INC-CL A,92556W104,2835294,188952,,
BRAEMAR HOTELS & RESORTS INC,10482B101,2834946,1200877,,BHR-PD
CAPSOVISION INC,140935107,2811920,385685,,
BLAIZE HOLDINGS INC,092915107,2800630,1538540,,
MAINSTREET BANCSHARES INC,56064Y100,2781540,125277,,
RESOURCES CONNECTION INC,76122Q105,2775278,743906,,
TWFG INC,87318A101,2767564,150392,,
RICHARDSON ELEC LTD,763165107,2761162,252082,,
FUNKO INC-CLASS A,361008105,2753303,873841,,
NEWSMAX INC,65250K105,2740118,524927,,NMAX
PIONEER BANCORP INC/NY,723561106,2735877,196451,,
PRIORITY TECHNOLOGY HOLDINGS,74275G107,2732375,578676,,
IMMUNEERING CORP - CLASS A,45254E107,2718086,515435,,
ANGEL OAK MORTGAGE REIT INC,03464Y108,2712344,329875,,
SPYGLASS PHARMA INC,85220G109,2710927,104550,,
HERON THERAPEUTICS INC,427746102,2709946,3385801,,
LYELL IMMUNOPHARMA INC,55083R203,2709556,134976,,
TORM PLC-A,G89479102,2697930,96700,,
BV FINANCIAL INC,05603E208,2697702,140918,,
POLIBELI GROUP LTD-A,G71604105,2693556,306086,,
INSEEGO CORP,45782B302,2685217,241381,,INSG
LANDS' END INC,51509F105,2682317,238532,,
UNITED SEC BANCSHARES CALIF,911460103,2678622,254825,,
OPEN LENDING CORP,68373J104,2677356,2141331,,LPRO
FATE THERAPEUTICS INC,31189P102,2675363,2228907,,FATE
FINWISE BANCORP,31813A109,2669888,168289,,FINW
AIRO GROUP HOLDINGS INC,009422106,2648994,348261,,
TRISALUS LIFE SCIENCES INC,89680M101,2646357,661302,,
CLARITEV CORP,62548M209,2636552,161308,,CTEV
ONEWATER MARINE INC-CL A,68280L101,2630401,278279,,
FORTE BIOSCIENCES INC,34962G208,2606962,100590,,
STEREOTAXIS INC,85916J409,2606184,1415945,,
CODEXIS INC,192005106,2600165,1594787,,
INVIVYD INC,00534A102,2588767,1990049,,
LIFECORE BIOMEDICAL INC,514766104,2585377,694778,,
ARTESIAN RESOURCES CORP-CL A,043113208,2579400,80928,,
UNISYS CORP,909214306,2576907,1244472,,UIS
TECHTARGET INC,87874R308,2569502,662097,,
GYRE THERAPEUTICS INC,403783103,2556624,366657,,
ZURA BIO LTD,G9TY5A101,2548834,428108,,ZURA
DOUGLAS ELLIMAN INC,25961D105,2544171,1550910,,DOUG
SENSEONICS HOLDINGS INC,81727U303,2542182,381503,,
SANUWAVE HEALTH INC,80303D305,2531199,146358,,
BITGO HOLDINGS INC-CL A,091947101,2525743,306804,,
NUVECTIS PHARMA INC,67080T108,2521606,326133,,
CF BANKSHARES INC,12520L109,2520163,90264,,CFBK
EVI INDUSTRIES INC,26929N102,2516585,122251,,
ATOMERA INC,04965B100,2508401,658147,,ATOM
RING ENERGY INC,76680V108,2506057,1636845,,
OMEGA FLEX INC,682095104,2505871,80721,,
HAMILTON BEACH BRAND-A,40701T104,2505566,132187,,
SES AI CORP,78397Q109,2505281,2602703,,SES-WT
QUANTUM-SI INC,74765K105,2496060,3223706,,QSI
SB FINANCIAL GROUP INC,78408D105,2483387,118237,,
CABALETTA BIO INC,12674W109,2470226,917748,,
FINWARD BANCORP,31812F109,2467585,67967,,FNWD
NEXXEN INTERNATIONAL LTD,M8T80P204,2441779,374506,,NEXN
QMMM HOLDINGS LTD-A,G7309R114,2438446,40845,,
INNOVATIVE SOLUTIONS & SUPP,45769N105,2431221,118347,,
TRUEBLUE INC,89785X101,2422655,619470,,
PHARVARIS NV,N69605108,2415389,85513,,
EASTERN CO/THE,276317104,2410853,119075,,
FRIEDMAN INDUSTRIES,358435105,2403341,135583,,
SMARTRENT INC,83193G107,2398752,1598135,,
CURIOSITYSTREAM INC,23130Q107,2393925,808597,,CURI
EIKON THERAPEUTICS INC,282564103,2393407,226053,,
SUPERIOR GROUP OF COS INC,868358102,2391552,235321,,
BASSETT FURNITURE INDS,070203104,2390833,168899,,
CENTURY THERAPEUTICS INC,15673T100,2389443,1056610,,
GRUPO FINANCIERO GALICIA-ADR,399909100,2377959,50909,,
CREXENDO INC,226552107,2377916,385232,,
ACRES COMMERCIAL REALTY CORP,00489Q102,2376736,122971,,ACR-PD
KALTURA INC,483467106,2374479,1945938,,KLTR
PETROLEO BRASIL-SP PREF  ADR,71654V101,2367506,126267,,
PAYSAFE LTD,G6964L206,2354591,345755,,PSFE
BILIBILI INC-SPONSORED ADR,090040106,2340825,103760,,
OVID THERAPEUTICS INC,690469101,2329245,1048475,,OVID
REPOSITRAK INC,700215304,2313923,304414,,
NKARTA INC,65487U108,2309514,1094306,,
AMERICAN OUTDOOR BRANDS INC,02875D109,2306815,246919,,
LANDMARK BANCORP INC,51504L107,2301852,92792,,LARK
SHOULDER INNOVATIONS INC,82537J108,2301255,158335,,
SR BANCORP INC,85227J106,2295589,135961,,
VTEX -CLASS A,G9470A102,2279364,569841,,
RE/MAX HOLDINGS INC-CL A,75524W108,2277124,395225,,
RADWARE LTD,M81873107,2267685,86226,,RDWR
THE BOYD GROUP INC,103310108,2264342,17331,,
GLOBAL WATER RESOURCES INC,379463102,2262019,297995,,
SMITH-MIDLAND CORP,832156103,2254379,69282,,
PERMA-PIPE INTERNATIONAL HOL,714167103,2243845,75227,,
LIFEWAY FOODS INC,531914109,2242448,115928,,
STE STR SPDR PT S&P 500 ETF,78464A854,2240172,29268,,
ANGEL STUDIOS INC,034948109,2234121,732006,,
VISTA ENERGY SAB DE CV,92837L109,2230893,29560,,
CARDIFF ONCOLOGY INC,14147L108,2226195,1373792,,
RICHMOND MUTUAL BANCORPORATI,76525P100,2218170,163389,,
WESTWOOD HOLDINGS GROUP INC,961765104,2215464,134426,,WHG
INGRAM MICRO HOLDING CORP,457152106,2214380,94997,,INGM
THRYV HOLDINGS INC,886029206,2206072,804939,,
MEDIFAST INC,58470H101,2201672,215996,,MED
TRANSALTA CORP,89346D107,2200087,163079,,TRNTF
PALISADE BIO INC,696389402,2199999,1256272,,
ZIPRECRUITER INC-A,98980B103,2199960,1195224,,
KYIVSTAR GROUP LTD,G5331N101,2199764,217368,,KYIVW
CENTERRA GOLD INC,152006102,2198505,120759,,CGAU
FUTUREFUEL CORP,36116M106,2194618,569872,,FF
LUCID DIAGNOSTICS INC,54948X109,2194148,1907404,,LUCD
JOINT CORP/THE,47973J102,2181200,246364,,
ALTA EQUIPMENT GROUP INC,02128L106,2178840,405634,,ALTG-PA
GCI LIBERTY INC-CL A,36164V602,2159818,58536,,
AMERICA'S CAR-MART INC,03062T105,2156670,169371,,
RITHM PROPERTY TRUST INC,38983D854,2153505,160786,,RPT-PC
ENVELA CORP,29402E102,2149572,128981,,ELA
ADVANTAGE SOLUTIONS INC,00791N201,2145946,101485,,ADV
ECB BANCORP INC,26828M106,2145408,128211,,
RIVERVIEW BANCORP INC,769397100,2132469,387667,,RVSB
KINIKSA PHARMACEUTICALS INTE,G52694109,2131282,44320,,
NAYAX LTD,M7S750159,2119264,37817,,NYAX
OPTIMIZERX CORP,68401U204,2104582,335042,,OPRX
AMPLIFY ENERGY CORP,03212B103,2103566,336855,,AMPY
FOSSIL GROUP INC,34988V106,2099948,486929,,
BOB'S DISCOUNT FURNITURE,09681N106,2092716,177969,,
DMC GLOBAL INC,23291C103,2088002,400692,,BOOM
NEXPOINT REAL ESTATE FINANCE,65342V101,2080478,154396,,
VNET GROUP INC-ADR,90138A103,2078127,247691,,
RACKSPACE TECHNOLOGY INC,750102105,2073736,2115877,,
CPI CARD GROUP INC,12634H200,2073101,142847,,PMTS
SUNRISE REALTY TRUST INC,867981102,2063459,268963,,
FENNEC PHARMACEUTICALS INC,31447P100,2055188,334177,,FENC
PRO-DEX INC,74265M205,2051261,41752,,
SKYX PLATFORMS CORP,78471E105,2047374,1827548,,SKYX
DLOCAL LTD,G29018101,2045446,157706,,DLO
PATRIOT NATIONAL BANCORP INC,70336F203,2045018,1584778,,PNBK
AVALO THERAPEUTICS INC,05338F306,2044453,136844,,
C4 THERAPEUTICS INC,12529R107,2025391,769671,,
ALLIED GOLD CORP,01921D204,2011020,63433,,AAUC
OPUS GENETICS INC,67577R102,2002826,439810,,
JELD-WEN HOLDING INC,47580P103,1997130,1610153,,
COMSTOCK INC,205750409,1994411,653429,,LODE
SILVERCREST ASSET MANAGEME-A,828359109,1990843,148050,,
CANAAN INC,134748102,1984792,4596555,,CAN
SUNPOWER INC,20460L104,1984601,1562076,,SPWRW
DOMO INC - CLASS B,257554105,1974927,645227,,
ASCENT INDUSTRIES CO,871565107,1973593,148254,,ACNT
MAUI LAND & PINEAPPLE CO,577345101,1962787,127463,,
NEW FORTRESS ENERGY INC,644393100,1942791,3292255,,NFE
MELCO RESORTS & ENTERT-ADR,585464100,1942402,342223,,
NAUTILUS BIOTECHNOLOGY INC,63909J108,1933273,497987,,
KOLIBRI GLOBAL ENERGY INC,50043K406,1928362,351250,,KGEI
GEMINI SPACE STATION INC-A,36866J105,1927788,436037,,
DENISON MINES CORP,248356107,1913952,528142,,DNN
KULR TECHNOLOGY GROUP INC,50125G307,1907572,804635,,
MDA SPACE LTD,55293N109,1895934,72808,,MDA
STUBHUB HOLDINGS INC-CLASS A,86384P109,1892605,303098,,
ARKO PETROLEUM CORP,04124A100,1889604,105541,,APC
AEMETIS INC,00770K202,1887344,591120,,
SELECTQUOTE INC,816307300,1883910,2992023,,
HUMACYTE INC,44486Q103,1879664,3097340,,
SMART SAND INC,83191H107,1878486,366698,,
CHAINCE DIGITAL HOLDINGS INC,G59467202,1852013,465330,,CD
UNION BANKSHARES INC /VT,905400107,1837146,75530,,
RCM TECHNOLOGIES INC,749360400,1835124,95863,,
BAYTEX ENERGY CORP,07317Q105,1830088,398763,,BTE
JOURNEY MEDICAL CORP,48115J109,1824967,389012,,DERM
ALDEYRA THERAPEUTICS INC,01438T106,1824059,1079075,,
NANO-X IMAGING LTD,M70700105,1822362,802803,,NNOX
DIGIMARC CORP,25381B101,1822055,370921,,DMRC
MESABI TRUST,590672101,1811565,57510,,MSB
SOLUNA HOLDINGS INC,583543301,1808579,2558505,,
CLARUS CORP,18270P109,1802127,662422,,CLAR
PROKIDNEY CORP,74291D104,1779792,993689,,PROK
STRAWBERRY FIELDS REIT INC,863182101,1770308,148713,,
AGILON HEALTH INC,00857U206,1768416,223498,,
MEDIWOUND LTD,M68830112,1767395,109708,,MDWD
ARQ INC,00770C101,1766685,689967,,
CLIMB BIO INC,28658R106,1755670,256147,,
WERIDE INC-ADR,950915108,1755335,216976,,
CS DISCO INC,126327105,1753704,458909,,
MONTAUK RENEWABLES INC,61218C103,1752281,1523337,,
AMERICAN RESOURCES CORP,02927U208,1750652,722910,,AREC
GENMAB A/S -SP ADR,372303206,1747437,65130,,
NEUMORA THERAPEUTICS INC,640979100,1729913,886612,,
TMC THE METALS CO INC,87261Y106,1726712,370098,,TMCWW
VIRGIN GALACTIC HOLDINGS INC,92766K403,1721545,708102,,
SIGMA LITHIUM CORP,826599102,1712212,138753,,SGML
BEAUTY HEALTH CO/THE,88331L108,1711118,1922203,,
AIRJOULE TECHNOLOGIES CORP,612160101,1706670,679702,,AIRJW
KORRO BIO INC,500946108,1699613,150114,,
AVITA MEDICAL INC,05380C102,1696507,458377,,
GOODRX HOLDINGS INC-CLASS A,38246G108,1696422,865044,,
LANTRONIX INC,516548203,1690516,322379,,LTRX
ORCHESTRA BIOMED HOLDINGS IN,68572M106,1680551,395165,,
PROTALIX BIOTHERAPEUTICS INC,74365A309,1675131,771950,,
1-800-FLOWERS.COM INC-CL A,68243Q106,1672000,549891,,
J. JILL INC,46620W201,1667683,145494,,
BELITE BIO INC - ADR,07782B104,1662480,10427,,
NI HOLDINGS INC,65342T106,1648908,127884,,
ENDEAVOUR SILVER CORP,29258Y103,1644458,172377,,EXK
TAYLOR DEVICES INC,877163105,1641326,28778,,
VEON LTD,91822M502,1638001,35378,,VEON
TWIN DISC INC,901476101,1637163,108552,,TWIN
KAROOOOO LTD,Y4600W108,1635848,32822,,KARO
MACROGENICS INC,556099109,1633488,564785,,MGNX
EVERSPIN TECHNOLOGIES INC,30041T104,1625987,184883,,MRAM
ATS CORP,00217Y104,1624004,56423,,
NEW ERA ENERGY & DIGITAL INC,64428N109,1621472,399131,,
ONCE UPON A FARM PBC,68237F108,1617593,98865,,
HEALTH CATALYST INC,42225T107,1614711,1271100,,
MARINE PRODUCTS CORP,568427108,1613419,221831,,
ATYR PHARMA INC,002120202,1605162,2057447,,ATYR
CRESCENT BIOPHARMA INC,G2545C104,1600222,87034,,
LAKELAND INDUSTRIES INC,511795106,1597863,195007,,LAKE
ERO COPPER CORP,296006109,1594607,58281,,ERO
BALLY'S CORP,05875B304,1592505,165155,,BALY
INFUSYSTEM HOLDINGS INC,45685K102,1589701,172099,,
ESTABLISHMENT LABS HOLDINGS,G31249108,1587967,27998,,
RIDENOW GROUP INC,781386305,1585736,224492,,
COMMUNITY BANCORP INC/VT,20343A101,1583002,50866,,
HANOVER BANCORP INC,410709109,1582333,73278,,
INMODE LTD,M5425M103,1582108,115755,,INMD
PROCAP FINANCIAL INC,74277P105,1579808,748163,,
EMPERY DIGITAL INC,92864V608,1579612,373182,,EMPD
HF FOODS GROUP INC,40417F109,1573545,850336,,HFFG
FORRESTER RESEARCH INC,346563109,1567343,276883,,
OCULIS HOLDING AG,H5870P102,1566815,58925,,OCSAW
SOUND FINANCIAL BANCORP INC,83607A100,1565939,35819,,
CARIBOU BIOSCIENCES INC,142038108,1562933,822165,,
VERITONE INC,92347M100,1560320,791540,,
FINANCE OF AMERICA COS INC-A,31738L206,1556306,93710,,
CHAIN BRIDGE BANCORP INC-A,15746L100,1555777,44550,,
SURROZEN INC,86889P208,1551725,53242,,
TRIPLE FLAG PRECIOUS MET,89679M104,1549028,43555,,
PRAIRIE OPERATING CO,739650109,1541296,759118,,PROP
INTELLICHECK INC,45817G201,1538978,220009,,
ONE STOP SYSTEMS INC,68247W109,1538337,203089,,
SOUNDTHINKING INC,82536T107,1535981,231996,,
STARFIGHTERS SPACE INC,85529M104,1534595,259033,,
BRC INC-A,05601U105,1527083,1966522,,
CARLSMED INC,14280C105,1523339,168256,,
PEARSON PLC-SPONSORED ADR,705015105,1512300,115179,,
GEOSPACE TECHNOLOGIES CORP,37364X109,1512082,123854,,GEOS
ENERFLEX LTD,29269R105,1507661,70329,,EFXT
TUHURA BIOSCIENCES INC,898920103,1502753,839268,,
SKEENA RESOURCES LTD,83056P715,1486950,48106,,SKE
BRAND ENGAGEMENT NETWORK INC,104932207,1480366,39034,,BNAIW
GENERATE BIOMEDICINES INC,370920100,1478037,118243,,
ACHIEVE LIFE SCIENCES INC,004468500,1474981,501372,,
COSTAMARE BULKERS HOLDING,Y2001C101,1474074,95286,,
MICROBOT MEDICAL INC,59503A204,1463634,606960,,MBOT
GSI TECHNOLOGY INC,36241U106,1460541,283908,,GSIT
VIRCO MFG CORPORATION,927651109,1456632,237970,,VIRC
EIGHTCO HOLDINGS INC,22890A302,1450036,1554589,,ORBS
MINERVA NEUROSCIENCES INC,603380205,1449817,240307,,
COMSTOCK HOLDING COMPANIES,205684202,1445979,76339,,
GOLD RESOURCE CORP,38068T105,1442049,1200943,,
HAIN CELESTIAL GROUP INC,405217100,1440881,2064482,,HAIN
ITURAN LOCATION AND CONTROL,M6158M104,1437931,29357,,
CONSUMER PORTFOLIO SERVICES,210502100,1437843,185982,,
CORBUS PHARMACEUTICALS HOLDI,21833P301,1427911,151980,,
CANADIAN SOLAR INC,136635109,1423129,102753,,CSIQ
KINDERCARE LEARNING COS INC,49456W105,1419537,645022,,
SILVERCORP METALS INC,82835P103,1418148,128739,,SVM
TASEKO MINES LTD,876511106,1417716,213516,,
AMERICAN VANGUARD CORP,030371108,1412127,566949,,AVD
QUICKLOGIC CORP,74837P405,1410556,150297,,QUIK
1STDIBS.COM INC,320551104,1408729,255900,,
MAXCYTE INC,57777K106,1408347,2004183,,
BTCS INC,05581M404,1405963,1011284,,BTCS
SIDUS SPACE INC-CL A,826165201,1404907,605139,,
GOSSAMER BIO INC,38341P102,1398961,4257303,,
CARTESIAN THERAPEUTICS INC,816212302,1393208,226500,,
IMMUNIC INC,4525EP101,1390996,1252495,,
GALECTIN THERAPEUTICS INC,363225202,1390178,497957,,GALT
INTEST CORP,461147100,1386837,101520,,INTT
CAMP4 THERAPEUTICS CORP,13463J101,1386494,314209,,CAMP
SEABRIDGE GOLD INC,811916105,1385604,47613,,SA
OUTSET MEDICAL INC,690145206,1380049,359292,,
LUMENT FINANCE TRUST INC,55025L108,1371385,1088046,,
VIRTUIX HOLDINGS INC-CL A,92835U101,1366073,201645,,
LUCKY STRIKE ENTERTAINMENT C,10258P102,1351201,162302,,
MOONLAKE IMMUNOTHERAPEUTICS,61559X104,1346390,72269,,MLTX
STONERIDGE INC,86183P102,1335211,276281,,SRI
ALT5 SIGMA CORP,47089W104,1332088,1199451,,
DIGI POWER X INC,25380B102,1330488,655413,,DGXX
RENEW ENERGY GLOBAL PLC-A,G7500M104,1329619,290310,,
DOCGO INC,256086109,1326781,2108601,,DCGO
CARECLOUD INC,14167R100,1324216,362628,,
EMERALD HOLDING INC,29103W104,1323960,293436,,
BIGLARI HOLDINGS INC-A,08986R408,1323383,759,,
IMMATICS NV,N44445109,1321285,134277,,
CSP INC,126389105,1318233,152368,,
FRANKLIN STREET PROPERTIES C,35471R106,1314104,1977322,,
CRONOS GROUP INC,22717L101,1313775,523417,,CRON
SAGIMET BIOSCIENCES INC-A,786700104,1309869,250539,,
ETHOS TECHNOLOGIES INC CL-A,29765A101,1300784,116385,,
CONTEXT THERAPEUTICS INC,21077P108,1297881,495057,,CNTX
AUDIOEYE INC,050734201,1296274,203460,,AEYE
KORNIT DIGITAL LTD,M6372Q113,1294284,88347,,KRNT
WW INTERNATIONAL INC-NEW,98262P200,1294233,94132,,
IMMUNOCORE HOLDINGS PLC-ADR,45258D105,1292892,42882,,
DEFINITIVE HEALTHCARE CORP,24477E103,1289367,1047901,,DH
MAMMOTH ENERGY SERVICES INC,56155L108,1287032,525254,,
AMERICAN BITCOIN CORP-A,02462A104,1281612,1385583,,
WHITEHAWK THERAPEUTICS INC,00032Q104,1278677,370440,,
PRECISION BIOSCIENCES INC,74019P207,1278066,232170,,DTIL
SANARA MEDTECH INC,79957L100,1273045,74059,,SMTI
AMTECH SYSTEMS INC,032332504,1266113,108343,,ASYS
HOOKER FURNISHINGS CORP,439038100,1265969,98216,,HOFT
TASKUS INC-A,87652V109,1257544,187313,,
BRC GROUP HOLDINGS INC,05580M108,1248060,170355,,
AUTOHOME INC-ADR,05278C107,1245759,71719,,
CEA INDUSTRIES INC,86887P309,1239937,424366,,BNCWW
EXZEO GROUP INC,30234F101,1239189,84471,,
RAMACO RESOURCES INC,75134P501,1231368,120589,,
PUBLIC POLICY HOLDING CO INC,744430208,1209360,92429,,
ATLANTIC INTERNATIONAL CORP,048592109,1209075,398819,,
HIREQUEST INC,433535101,1208550,121082,,
HELLO GROUP INC -SPN ADR,423403104,1206241,209417,,
NEURONETICS INC,64131A105,1206091,831624,,
JINKOSOLAR HOLDING CO-ADR,47759T100,1203087,47347,,
RHINEBECK BANCORP INC,762093102,1200316,77829,,
ASSERTIO HOLDINGS INC,04546C304,1189561,62386,,
HIMAX TECHNOLOGIES INC-ADR,43289P106,1186977,150823,,
KVH INDUSTRIES INC,482738101,1182624,131890,,
ZENTALIS PHARMACEUTICALS INC,98943L107,1181770,504696,,
TON STRATEGY CO,92337U302,1181211,477976,,TONX
NERDY INC,64081V109,1173514,1437189,,NRDY
APYX MEDICAL CORP,03837C106,1169683,316737,,APYX
ELICIO THERAPEUTICS INC,28657F103,1169419,109341,,
CANTON STRATEGIC HOLDINGS IN,432705309,1169071,357290,,
LENSAR INC,52634L108,1165919,195560,,
TTEC HOLDINGS INC,89854H102,1163108,465154,,
POLESTAR AUTOMOTIVE-CL A ADS,731105409,1161997,63108,,
SERITAGE GROWTH PROP- A,81752R100,1158598,411986,,
RENT THE RUNWAY INC-A,76010Y202,1148263,240052,,
AIRSHIP AI HOLDINGS INC,008940108,1147816,507680,,
TIGO ENERGY INC,88675P103,1147249,304929,,
NL INDUSTRIES,629156407,1133894,194470,,
TREACE MEDICAL CONCEPTS INC,89455T109,1133648,845813,,
SILVACO GROUP INC,82728C102,1132326,159912,,
SMITH DOUGLAS HOMES CORP,83207R107,1130162,88256,,SDHC
LIFEZONE METALS LTD,G5568L109,1129742,336233,,LZM-WT
CRITEO SA-SPON ADR,226718104,1128819,62957,,
OPAL FUELS INC-A,68347P103,1127859,447509,,
NET POWER INC,64107A105,1127843,722741,,NPWR-WT
VELO3D INC,92259N302,1125493,119783,,
BARK INC,68622E104,1119373,2186656,,
ALVOTECH SA,L01800108,1112002,324199,,
BLACKBERRY LTD,09228F103,1110982,334813,,BB
INOVIO PHARMACEUTICALS INC,45773H409,1110547,637630,,
STAR HOLDINGS,85512G106,1110055,146604,,STHO
UNICYCIVE THERAPEUTICS INC,90466Y202,1107712,168187,,
INTERNATIONAL GENERAL INSURA,G4809J106,1094630,45186,,
APARTMENT INVT & MGMT CO -A,03748R747,1092010,269178,,
FARADAY FUTURE INTELLIGENT E,307359885,1091936,3972582,,
ELEMENTAL ROYALTY CORP,28620K106,1091533,57937,,ELE
PLAYSTUDIOS INC,72815G108,1090600,2323717,,
ESPEY MFG & ELECTRONICS CORP,296650104,1089390,19639,,ESP
EMPIRE PETROLEUM CORP,292034303,1081366,365203,,EP
ABCELLERA BIOLOGICS INC,00288U106,1079774,309391,,ABCL
CHERRY HILL MORTGAGE INVESTM,164651101,1074852,429864,,
SBC MEDICAL GROUP HOLDINGS I,73245B107,1073752,256802,,
POLARYX THERAPEUTICS INC,73110F100,1073453,141911,,
KESTREL GROUP,G5260K102,1069913,99025,,KG
CITROTECH INC,369759204,1067173,123576,,CITR
MNTN INC-A,55318A108,1062831,120713,,
FONAR CORP,344437405,1062460,57186,,
VTV THERAPEUTICS INC- CL A,918385204,1058655,26671,,
ZEVIA PBC-A,98955K104,1055946,902263,,
PULMONX CORP,745848101,1050402,814103,,LUNG
ODDITY TECH LTD-CL A,M7518J104,1049777,78512,,
FITLIFE BRANDS INC,33817P405,1048730,73830,,
GAIA INC,36269P104,1042682,376379,,
SWK HOLDINGS CORP,78501P203,1041841,61239,,SWKHL
CLIPPER REALTY INC,18885T306,1040449,344483,,CLPR
FREIGHTCAR AMERICA INC,357023100,1036266,129909,,
ORION PROPERTIES INC,68629Y103,1028730,478092,,ONL
EXPENSIFY INC - A,30219Q106,1021517,1174054,,
PAMT CORP,693149106,1017422,120389,,PAMT
COMMERCIAL VEHICLE GROUP INC,202608105,1007587,295247,,
AARDVARK THERAPEUTICS INC,002942100,1001434,265563,,
TRANSCONTINENTAL REALTY INV,893617209,999818,28661,,
HOYNE BANCORP INC,44326H107,998299,68921,,
SPERO THERAPEUTICS INC,84833T103,981256,419104,,
INTERCORP FINANCIAL SERVICES,P5626F128,977845,19479,,
LIFEVANTAGE CORP,53222K205,974600,225553,,LFVN
PLAYBOY INC,72814P109,971720,638955,,
M3-BRIGADE ACQUISITION V-A,G63212107,971196,90428,,
TORRID HOLDINGS INC,89142B107,952695,535143,,CURV
BROOKFIELD INFRASTRUCTURE PA,G16252101,951613,18964,,
COMTECH TELECOMMUNICATIONS,205826209,948658,285568,,
AFYA LTD-CLASS A,G01125106,944319,63505,,
SANGAMO THERAPEUTICS INC,800677106,938727,3800326,,
GETTY IMAGES HOLDINGS INC,374275105,938296,1182345,,
BLACK DIAMOND THERAPEUTICS I,09203E105,931849,437082,,
KARYOPHARM THERAPEUTICS INC,48576U205,930766,166980,,KPTI
NEOVOLTA INC,640655106,930239,301842,,NEOVW
ARMATA PHARMACEUTICALS INC,04216R102,929768,90707,,
VENU HOLDING CORP,92333E104,928778,280441,,VENU
PARAMOUNT GOLD NEVADA CORP,69924M109,922639,555499,,PZG
GILAT SATELLITE NETWORKS LTD,M51474118,921732,61367,,GILT
SAB BIOTHERAPEUTICS INC,78397T202,916897,239235,,
LEGACY EDUCATION INC,52474R207,916708,73119,,LGCY
AGENUS INC,00847G804,914109,273421,,AGEN
GRAFTECH INTERNATIONAL LTD,384313607,911778,134384,,EAF
TENAX THERAPEUTICS INC,88032L605,911299,56957,,
NAKAMOTO INC,49457M106,909834,4116292,,NAKAW
DHI GROUP INC,23331S100,904262,321628,,
RF INDUSTRIES LTD,749552105,900478,87293,,
AIRSCULPT TECHNOLOGIES INC,009496100,900007,317962,,
GENELUX CORP,36870H103,896823,370350,,GNLX
UP FINTECH HOLDING LTD - ADR,91531W106,890271,141313,,
VALHI INC,918905209,887833,62080,,
IQIYI INC-ADR,46267X108,884916,655494,,
AFFINITY BANCSHARES INC,00832E103,875652,39323,,
K&F GROWTH ACQUISITION COR-A,G52258111,872481,83571,,
DUOS TECHNOLOGIES GROUP INC,266042407,865177,126003,,
OWLET INC,69120X206,861221,167419,,
PRELUDE THERAPEUTICS INC,74065P101,851101,248731,,PRLD
HYPERFINE INC,44916K106,842619,779513,,
VIVID SEATS INC - CLASS A,92854T209,841395,142343,,
REKOR SYSTEMS INC,759419104,840210,1023977,,
BLINK CHARGING CO,09354A100,837569,1477063,,BLNK
BALLARD POWER SYSTEMS INC,058586108,837060,346584,,BLDP
GAMBLING.COM GROUP LTD,G3R239101,836931,215704,,
TRON INC,85237B101,835688,367962,,TRON
NN INC,629337106,834356,575253,,NNBR
ALX ONCOLOGY HOLDINGS INC,00166B105,831703,414607,,ALXO
TENAYA THERAPEUTICS INC,87990A106,830611,1198603,,
FILANA THERAPEUTICS INC,14817C107,829496,490606,,
AMERICAN WELL CORP-CLASS A,03044L204,826131,156979,,
STREAMEX CORP,09073N300,825628,730120,,STEX
TILLY'S INC-CLASS A SHRS,886885102,825198,203559,,
NMP ACQUISITION CORP - A,G6375X104,822502,80955,,
CIA SANEAMENTO BASICO DE-ADR,20441A102,818827,26838,,
EHEALTH INC,28238P109,817864,633862,,
ACUMEN PHARMACEUTICALS INC,00509G209,813473,344508,,
TOWNSQUARE MEDIA INC - CL A,892231101,808499,148789,,
SLEEP NUMBER CORP,83125X103,805371,448551,,SNBRQ
TRAVELZOO,89421Q205,803303,135672,,TZOO
AEYE INC,008183204,798996,441130,,
DORCHESTER MINERALS LP,25820R105,798718,29473,,
MARKETWISE INC,57064P206,794112,42417,,
ACCURAY INC,004397105,790571,2036628,,ARAY
AN2 THERAPEUTICS INC,037326105,789260,230530,,
MOBILE INFRASTRUCTURE CORP,60739N101,786083,350724,,BEEP
ALPHA TEKNOVA INC,02080L102,784084,271225,,
ISPIRE TECHNOLOGY INC,46501C100,782527,425166,,ISPR
PEPGEN INC,713317105,776094,438183,,PEPG
SOLARIUS CAPITAL ACQUIS-CL A,G82617104,774667,76097,,
CIBUS INC,17166A101,764172,385791,,
VALUE LINE INC,920437100,761711,21582,,VALU
GRANITE POINT MORTGAGE TRUST,38741L107,760946,524441,,
ANIXA BIOSCIENCES INC,03528H109,758911,293983,,ANIX
GENASYS INC,36872P103,757268,415794,,GNSS
CANTOR EQUITY PARTNERS-CL A,G1828E100,754875,74080,,
LIFETIME BRANDS INC,53222Q103,754049,131335,,
GOPRO INC-CLASS A,38268T103,749772,973113,,
COYA THERAPEUTICS INC,22407B108,748358,189893,,
CHEGG INC,163092109,746753,1006827,,
LEE ENTERPRISES,523768406,746706,86666,,
CHARGEPOINT HOLDINGS INC,15961R303,746138,153402,,
CRAWFORD & CO  -CL B,224633107,739968,72913,,
HURCO COMPANIES INC,447324104,738524,50188,,HURC
NEONC TECHNOLOGIES HOLDINGS,64051A101,737563,105160,,
LIVEWIRE GROUP INC,53838J105,736183,443346,,
ALTISOURCE PORTFOLIO SOL,L0175J138,734539,115238,,
AMPCO-PITTSBURGH CORP,032037103,731868,108774,,
PROVIDENT FINANCIAL HLDGS,743868101,729633,45247,,
NEWEGG COMMERCE INC,G6483G209,728625,17638,,
IDENTIV INC,45170X205,723273,195414,,
US GOLDMINING INC,90291W108,717836,61715,,
QT IMAGING HOLDINGS INC,746962307,717333,122142,,
AMREP CORP,032159105,715317,25420,,AXR
BIOTE CORP -A,090683103,715121,529588,,
LIGHTSPEED COMMERCE INC,53229C107,715052,78120,,LSPD
ALSET INC,02115D208,714375,388035,,AEI
I-80 GOLD CORP,44955L106,710782,455265,,IAUX-WT
GAIN THERAPEUTICS INC,36269B105,710179,365719,,
MAGYAR BANCORP INC,55977T208,710098,40990,,
PRECISION DRILLING CORP,74022D407,709272,7245,,PDS
PYXIS ONCOLOGY INC,747324101,709097,485300,,
SIEBERT FINANCIAL CORP,826176109,705580,367348,,SIEB
PAYPAY CORP,70450C101,703963,32988,,PAYP
SAGA COMMUNICATIONS INC-CL A,786598300,701880,59935,,
INSIGHT MOLECULAR DIAGNOSTIC,68235C206,700215,213286,,
FULL HOUSE RESORTS INC,359678109,697312,309705,,FLL
DEFI DEVELOPMENT CORP,47100L301,696515,211559,,DFUKF
FIRST US BANCSHARES INC,33744V103,696291,45494,,
WESTWATER RESOURCES INC,961684206,690485,1055289,,
MIND TECHNOLOGY INC,602566309,689614,82542,,
SACHEM CAPITAL CORP,78590A109,688602,681660,,SCCE
VIZSLA SILVER CORP,92859G608,686515,201547,,VZLA
AMERICAS GOLD AND SILVER COR,03062D803,682297,127432,,
SPRUCE BIOSCIENCES INC,85209E208,679551,10392,,
ULTRALIFE CORP,903899102,677335,103801,,ULBI
XTI AEROSPACE INC,98423K405,672907,324910,,
INFLECTION POINT ACQUISITI-A,G47875102,669684,65591,,
KEWAUNEE SCIENTIFIC CP,492854104,669170,19519,,
OPTEX SYSTEMS HOLDINGS INC,68384X209,668398,50492,,OPXS
COMPX INTERNATIONAL INC,20563P101,667939,28589,,CIX
FORTRESS BIOTECH INC,34960Q307,664140,237936,,
DRILLING TOOLS INTERNATIONAL,26205E107,662132,152845,,
ANBIO BIOTECHNOLOGY LTD,G0367B105,661851,25763,,NNNN
SPRUCE POWER HOLDING CORP,9837FR209,661121,161111,,SPRU
VERA BRADLEY INC,92335C106,659155,208396,,
TILRAY BRANDS INC,88688T209,658743,101815,,
BIOMEA FUSION INC,09077A106,656191,428589,,
DRUGS MADE IN AMERICA ACQUIS,G2847J104,653866,62273,,
CARDLYTICS INC,14161W105,652673,621383,,
STEM INC,85859N300,650256,73517,,
LEONABIO INC,04746L203,647137,62903,,
XCF GLOBAL INC-A,98400U103,645487,1765239,,
DLH HOLDINGS CORP,23335Q100,642303,110327,,DLHC
BLUE WATER ACQUISITION C-A,G1368E106,632083,61427,,
RESEARCH SOLUTIONS INC,761025105,629549,278503,,
EQUILLIUM INC,29446K106,618735,309193,,
TEAM INC,878155308,617672,38735,,TISI
NORTHERN TECHNOLOGIES INTL,665809109,617560,74897,,
QUANTUM CORP,747906600,616723,129758,,
CLEANCORE SOLUTIONS INC-CL B,184492106,614613,1723932,,
OCEAN POWER TECHNOLOGIES INC,674870506,613839,1753115,,
GLOBAL SELF STORAGE INC,37955N106,613799,120086,,
Q32 BIO INC,746964105,613559,95538,,QTTB
CODA OCTOPUS GROUP INC,19188U206,606360,53643,,
ASTRONOVA INC,04638F108,605159,65786,,
MEDICINOVA INC,58468P206,600765,438376,,MNOV
SERA PROGNOSTICS INC-A,81749D107,600179,295473,,
WRAP TECHNOLOGIES INC,98212N107,600130,389436,,
BIODESIX INC,09075X207,599517,41303,,BDSX
GROWGENERATION CORP,39986L109,596745,542322,,GRWG
FORAFRIC GLOBAL PLC,X3R81D102,596148,61777,,AFRIW
UNITED BANCORP INC/OHIO,909911109,592971,38970,,
KORE GROUP HOLDINGS INC,50066V305,589783,65360,,
BERTO ACQUISITION CORP,G1051H101,588555,57420,,TACOW
FUEL TECH INC,359523107,588176,482045,,
LANZATECH GLOBAL INC,51655R200,587504,36673,,
VERRICA PHARMACEUTICALS INC,92511W207,582354,110068,,VRCA
GRIFOLS SA-ADR,398438408,581153,72463,,
FIFTH DISTRICT BANCORP INC,316926104,580101,39122,,
GRABAGUN DIGITAL HOLDINGS IN,38387Q105,579955,192515,,
IBIO INC,451033708,579334,304794,,
IMPACT BIOMEDICAL INC,45259L205,578203,962853,,IBO
REALLOYS INC,75606V101,577606,59181,,ALOY
SEER INC,81578P106,574962,342127,,
GRUPO AEROPORTUARIO CEN-ADR,400501102,572961,4994,,
GRUPO AEROPORTUARIO PAC-ADR,400506101,571504,2315,,
GH RESEARCH PLC,G3855L106,569190,40483,,GHRS
COLLECTIVE MINING LTD,19425C100,568546,32513,,CNL
COGNITION THERAPEUTICS INC,19243B102,567457,746703,,CGTX
ADICET BIO INC,007002207,562922,82615,,
BANK OF THE JAMES FINANCIAL,470299108,561995,27270,,
SUMMIT STATE BANK,866264203,561081,41952,,
WALDENCAST PLC-A,G9503X103,557274,586790,,
FIRST NORTHWEST BANCORP,335834107,557020,64147,,FNWB
LIVEONE INC,53814X300,554952,108792,,
GLOO HOLDINGS INC-A,379598105,553804,115136,,
NRX PHARMACEUTICALS INC,629444209,553547,259848,,
BGSF INC,05601C105,553091,85457,,
NEURAXIS INC,64134X201,552585,74637,,
VIRNETX HOLDING CORP,92823T207,550847,39703,,VHC
TRAEGER INC,89269P202,549981,18959,,
FRACTYL HEALTH INC,35168W103,549791,1200246,,
BROOKFIELD WEALTH SOLUTIONS,G17434104,549211,13271,,BNT
TEADS HOLDING CO,69002R103,548171,832243,,TEAD
MERCER INTERNATIONAL INC,588056101,547623,385462,,MERC
ARTIVA BIOTHERAPEUTICS INC,04317A107,547530,84937,,
SPORTSMAN'S WAREHOUSE HOLDIN,84920Y106,546785,387647,,
ACTUATE THERAPEUTICS INC,005083100,544733,198808,,
SYNTEC OPTICS HOLDINGS INC,87169M105,541009,76926,,
SENSUS HEALTHCARE INC,81728J109,540807,135845,,
BRIDGER AEROSPACE GROUP HOLD,96812F102,539898,272551,,
CROWN RESERVE ACQUISITI-CL A,G2574F119,538104,53703,,
RANI THERAPEUTICS HOLDINGS-A,753018100,537291,730776,,
LITHIUM AMERICAS CORP,53681J103,534055,131117,,LAC
SILVER PEGASUS ACQUISITION-A,G8192J102,532765,52386,,
SERES THERAPEUTICS INC,81750R201,532212,59965,,
CINGULATE INC,17248W303,530733,85428,,CINGW
NCS MULTISTAGE HOLDINGS INC,628877201,530027,8569,,
UNIFI INC,904677200,526116,147237,,UFI
BEELINE HOLDINGS INC,277802500,525439,223466,,
TABOOLA.COM LTD,M8744T106,523052,168896,,TBLA
DATACENTREX INC,256918103,522917,243138,,
CHAGEE HOLDINGS LTD-ADR,15743P104,522616,56135,,
ARENA GROUP HOLDINGS INC/THE,040044109,521181,240121,,
MARCHEX INC-CLASS B,56624R108,519886,335313,,
SOLANA CO,42328V876,519688,300207,,HSDT
FIRST GUARANTY BANCSHARES IN,32043P106,519578,63946,,
SURF AIR MOBILITY INC,868927203,519442,451449,,SRFM
MESOBLAST LTD- SPON ADR,590717401,519028,33747,,
REGIS CORP,758932206,518235,20985,,RGS
ACCESS NEWSWIRE INC,46520M204,516066,58239,,ACCS
TSCAN THERAPEUTICS INC,89854M101,514807,509493,,
PMV PHARMACEUTICALS INC,69353Y103,507716,409035,,
TVARDI THERAPEUTICS INC,140755307,498836,156829,,
AIRGAIN INC,00938A104,498536,90618,,AIRG
MYOMO INC,62857J201,497651,736503,,
LIVE OAK ACQUISITION CORP-A,G5509P102,497192,47807,,
SOLARIS RESOURCES INC,83419D201,496866,57759,,SLSR
KNIGHTSCOPE INC-A,49907V201,492847,118034,,
VIVANI MEDICAL INC,92854B109,492229,492148,,
INMUNE BIO INC,45782T105,491125,434492,,
BEYONDSPRING INC,G10830100,490133,298666,,BYSI
OPTICAL CABLE CORP,683827208,490038,59356,,OCC
CENTRAL PLAINS BANCSHARES IN,15486W100,490002,28620,,
CPS TECHNOLOGIES CORP,12619F104,486319,129890,,
DAQO NEW ENERGY CORP-ADR,23703Q203,484509,22779,,
AUBURN NATL BANCORPORATION,050473107,483344,20247,,
COEPTIS THERAPEUTICS HOLDING,19207A207,483105,43020,,
FORUM MARKETS INC,68236V401,482116,166750,,FRMM
RLX TECHNOLOGY INC-ADR,74969N103,480081,218219,,
DULUTH HOLDINGS INC - CL B,26443V101,479056,151539,,
VENDOME ACQUISITION CORP-A,G9580A109,478166,47203,,
XBP GLOBAL HOLDINGS INC,98400V200,478012,108545,,
SANTACRUZ SILVER MINING LTD,80280U205,473903,55298,,SCZM
RED ROBIN GOURMET BURGERS,75689M101,472989,161365,,
GRAY MEDIA INC-A,389375205,471622,37953,,
FLUENT INC,34380C201,471613,149159,,
SAFE PRO GROUP INC,78642D101,468688,122955,,SPAI
MANHATTAN BRIDGE CAPITAL INC,562803106,468062,105158,,
SHARPS TECHNOLOGY INC,82003F309,467656,278165,,
SUI GROUP HOLDINGS LTD,59982U200,465629,384627,,SUIG
YD BIO LTD,G98301107,463817,60236,,YDESW
RAPID MICRO BIOSYSTEMS INC-A,75340L104,463238,203964,,
CASTELLUM INC,14838T204,462217,783860,,
SOLITARIO RESOURCES CORP,8342EP107,460000,560812,,XPL
MERIDIAN HOLDINGS INC,381098409,459828,63680,,
ROMAN DBDR ACQUISITION CORP,G7633M104,457465,43693,,
SOPHIA GENETICS SA,H82027105,456122,92146,,SOPH
NETSOL TECHNOLOGIES INC,64115A402,454872,134146,,NTWK
D-MARKET ELECTRONIC SERV-ADR,23292B104,454598,173511,,
SKILLSOFT CORP,83066P309,454468,105923,,SKIL
STRATASYS LTD,M85548101,451168,57768,,SSYS
ZAI LAB LTD-ADR,98887Q104,449163,23879,,
XBIOTECH INC,98400H102,448722,190828,,XBIT
CATALYST BANCORP INC,14888L101,446346,26940,,
VISIONWAVE HOLDINGS INC,927950105,444978,93830,,
ANNOVIS BIO,03615A108,442337,198239,,
HYPERSCALE DATA INC,09175M804,441770,2935510,,
HESAI GROUP,428050108,440429,23035,,HSIGF
WEIBO CORP-SPON ADR,948596101,439206,50195,,
ICICI BANK LTD-SPON ADR,45104G104,437658,16898,,
GCT SEMICONDUCTOR HOLDING IN,36170N107,436704,382923,,
WHEELS UP EXPERIENCE INC,96328L205,436524,844655,,UP
BROADWAY FINANCIAL CORP/DE,111444709,436522,60113,,
BENEFICIENT - CLASS A,08178Q507,435764,124418,,
CRESUD S.A.-SPONS ADR,226406106,435672,34251,,
RAFAEL HOLDINGS INC-CLASS B,75062E106,435123,348001,,
TUYA INC,90114C107,431676,186873,,TUYA
EXAGEN INC,30068X103,431379,143676,,XGN
TAO SYNERGIES INC,87167T300,431165,75726,,TAOX
BROOKFIELD RENEWABLE PARTNER,G16258108,428886,9451,,
SIFCO INDUSTRIES,826546103,428497,32160,,
SONO-TEK CORP,835483108,428387,105481,,
BROADWIND INC,11161T207,428323,205871,,
ONE GROUP HOSPITALITY INC/TH,88338K103,425166,238787,,
GIGCAPITAL7 CORP-A,G38648104,424274,39838,,
UPEXI INC,39959A205,423875,429772,,
DARIOHEALTH CORP,23725P308,423777,52806,,DRIO
AMERISERV FINANCIAL INC,03074A102,422793,116750,,
KALARIS THERAPEUTICS INC,482929106,421400,72997,,
NORTHERN DYNASTY MINERALS,66510M204,414661,297338,,NAK
EXODUS MOVEMENT INC - A,30209R106,413551,63587,,
NEW MOUNTAIN FINANCE CORP,647551100,413375,53270,,NMFCZ
FLYEXCLUSIVE INC,343928107,412386,182472,,FLYX-WT
TERRA INNOVATUM GLOBAL NV,N85083108,411994,88792,,
LIPOCINE INC,53630X203,411107,51416,,LPCN
ADS-TEC ENERGY PLC,G0085J117,410757,35718,,
ODYSSEY MARINE EXPLORATION,676118201,410580,492039,,
ENERGOUS CORP,29272C301,410477,26132,,WATT
ATOSSA THERAPEUTICS INC,04962H704,409718,77871,,
MAIA BIOTECHNOLOGY INC,552641102,409303,292190,,
METAGENOMI THERAPEUTICS INC,59102M104,408107,304431,,
PETMED EXPRESS INC,716382106,405623,177845,,PETS
CAPITAL CLEAN ENERGY CARRIER,Y00408107,402108,19867,,
FORTRESS VALUE ACQUIS V-CL A,G3645T104,399447,39865,,
GIGCAPITAL9 CORP-CL A,G3865B114,398628,40511,,
UNIVERSAL ELECTRONICS INC,913483103,398420,96650,,UEIC
D. BORAL ARC ACQUISIT - CL A,G2616F101,396481,39178,,
NEUROONE MEDICAL TECHNOLOGIE,64130M209,395743,509576,,
DRUGS MADE IN AMERICA ACQUIS,G2851K104,395697,39649,,
TECOGEN INC/WALTHAM MA,87876P201,394709,154065,,
HENNESSY ADVISORS INC,425885100,394247,40422,,HNNA
ELECTROCORE INC,28531P202,392999,65158,,
NSTS BANCORP INC,6293JP109,391333,33548,,
SOUTHLAND HOLDINGS INC,84445C100,388332,298698,,
PRECIPIO INC,74019L602,388247,15519,,
INNOVATE CORP,45784J303,387924,68223,,VATE
LIVEPERSON INC,538146309,387433,151921,,LPSN
EKSO BIONICS HOLDINGS INC,282644400,386171,36193,,
WIDEPOINT CORP,967590209,385073,77153,,WYY
REIN THERAPEUTICS INC,00887A204,383291,294771,,
CINEVERSE CORP,172406308,383142,159616,,CNVS
CLENE INC,185634201,382912,77592,,CLNN
NEXTNRG INC,652941105,382889,957160,,
NOODLES & CO,65540B303,382466,44720,,NDLS
IZEA WORLDWIDE INC,46604H204,382323,108879,,
PLIANT THERAPEUTICS INC,729139105,382247,303062,,
BLUEROCK HOMES TRUST INC,09631H100,382231,33637,,
NEONODE INC,64051M709,380602,271809,,NEON
FTC SOLAR INC,30320C301,379489,100310,,
COMSCORE INC,20564W204,379358,54652,,
HEARTBEAM INC,42238H108,377569,309425,,
ALPHA TAU MEDICAL LTD,M0740A108,377530,53399,,DRTSW
AMPLITECH GROUP INC,03211Q200,376552,198103,,
KLX ENERGY SERVICES HOLDING,48253L205,374716,144083,,
SPECTRAL AI INC,84757T105,374122,254467,,
SOLESENCE INC,630079101,373563,393748,,
COGNYTE SOFTWARE LTD,M25133105,372948,46043,,CGNT
LITE STRATEGY INC,55279B301,372896,321065,,
ZEDGE INC-CL B,98923T104,372859,127222,,
CHAMPIONS ONCOLOGY INC,15870P307,372087,64694,,
AGEAGLE AERIAL SYSTEMS INC,00848K309,371997,411317,,UAVS
VINCI COMPASS INVESTMENTS LT,G9451V109,370410,35110,,
CYPHERPUNK TECHNOLOGIES INC,52187K200,368441,463490,,CYPH
FG NEXUS INC,30329Y403,368046,73695,,FGNXP
MERLIN INC,590106100,367536,50005,,
SCYNEXIS INC,811292200,367336,400535,,SCYX
SYPRIS SOLUTIONS INC,871655106,366903,128704,,SYPR
PURPLE INNOVATION INC,74640Y106,366180,553656,,
HERITAGE GLOBAL INC,42727E103,365760,268854,,HGBL
CARPARTS.COM INC,14427M107,362085,460637,,
CPI AEROSTRUCTURES INC,125919308,362017,92322,,CVU
OPERA LTD-ADR,68373M107,360649,25291,,
DOCEBO INC,25609L105,356492,20406,,DCBO
NOAH HOLDINGS LTD-SPON ADS,65487X102,354182,35776,,
KEZAR LIFE SCIENCES INC,49372L209,352318,47467,,
CATO CORP-CLASS A,149205106,351971,124327,,
STABLECOIN DEVELOPMENT CORP,66987P508,351432,235710,,SDEV
SWARMER INC,86989Y109,351404,7445,,
PLUM ACQUISITION CORP IV,G7134A104,351098,33248,,
BEACHBODY CO INC/THE,073463309,350750,32290,,
FOLD HOLDINGS INC,29103K100,350579,265554,,
TELESAT CORP,879512309,350198,9674,,TSAT
COMPASS PATHWAYS PLC,20451W101,348179,62962,,CMPS
KARTOON STUDIOS INC,37229T509,347110,556178,,
NEXTTRIP INC,826598609,346511,106619,,
VROOM INC,92918V307,345847,25984,,
SOLOWIN HOLDINGS-CL A,G82759104,345315,98101,,
FRESENIUS MEDICAL CARE-ADR,358029106,345190,15301,,
ONKURE THERAPEUTICS INC-A,68277Q105,344903,83305,,
FRANKLIN WIRELESS CORP,355184102,343925,90245,,FKWL
POET TECHNOLOGIES INC,73044W302,343367,57806,,POET
SOHU.COM LTD-ADR,83410S108,341676,22115,,
CHILDREN'S PLACE INC/THE,168905107,339784,101073,,
PDS BIOTECHNOLOGY CORP,70465T107,338777,559876,,PDSB
VIRTRA INC,92827K301,338757,91278,,
EDESA BIOTECH INC,27966L306,338348,64689,,
FORIAN INC,34630N106,338178,163322,,
INSTIL BIO INC,45783C200,338141,41019,,
EUROSEAS LTD,Y23592135,338127,5058,,ESEA
VERU INC,92536C202,337914,152855,,VERU
CYTOSORBENTS CORP,23283X206,337383,595593,,CTSO
CANTERBURY PARK HOLDING CORP,13811E101,337233,21867,,CPHC
WILEY (JOHN) & SONS-CL B,968223305,335853,8955,,
AMERICAN REALTY INVESTORS IN,029174109,335223,21693,,
CHURCHILL CAPITAL CORP IX,G21301109,334668,31336,,
BOGOTA FINANCIAL CORP,097235105,332903,39153,,BSBK
TAT TECHNOLOGIES LTD,M8740S227,332068,8173,,TATT
VERSABANK,92512J106,331634,23404,,VBNK
IMMUCELL CORP,452525306,330957,52268,,
CENTURY CASINOS INC,156492100,330783,237896,,
PHUNWARE INC,71948P209,329611,186185,,
LOOP INDUSTRIES INC,543518104,328022,229320,,
GRUPO AEROPORTUARIO SUR-ADR,40051E202,327726,975,,
AGRICULTURE & NATURAL SOLUTI,G0131Y100,327007,28990,,
ONE AND ONE GREEN TECH-CL A,G6772F102,326968,23091,,
EON RESOURCES INC,40472A102,326668,393576,,EONR-WT
URANIUM ROYALTY CORP,91702V101,326638,89490,,UROY
HUTCHMED CHINA-ADR,44842L103,326621,21833,,
EHANG HOLDINGS LTD-SPS ADR,26853E102,325741,33547,,
5E ADVANCED MATERIALS INC,33830Q208,322071,230048,,
WIPRO LTD-ADR,97651M109,318563,150266,,
OS THERAPIES INC,68764Y207,318165,225649,,OSTX
PIONEER POWER SOLUTIONS INC,723836300,317675,97726,,
RENOVORX INC,75989R107,317593,314427,,
ROCKWELL MEDICAL INC,774374300,316550,354319,,
CHARMING MEDICAL LTD-A,G20528108,315624,10752,,
KAMADA LTD,M6240T109,312775,37503,,KMDA
CUMBERLAND PHARMACEUTICALS,230770109,309603,95248,,
GOHEALTH INC-CLASS A,38046W204,309345,204851,,
EVA LIVE INC,298892209,308925,82380,,GOAI
GALAPAGOS NV-SPON ADR,36315X101,304500,10150,,
TRANSACT TECHNOLOGIES INC,892918103,303915,92347,,TACT
HENNESSY CAPITAL INVESTMENT,G4405D107,303348,29309,,
FIRST SEACOAST BANCORP INC,33631F104,303026,24113,,
BOLD EAGLE ACQUISITION COR-A,G2003N105,302734,28668,,
ALIGOS THERAPEUTICS INC,01626L204,301282,40528,,
URBAN-GRO INC,91704K301,300791,13622,,
OPTIMUMBANK HOLDINGS INC,68401P403,300121,58838,,
ENVOY MEDICAL INC,29415V109,299169,449783,,
NANO DIMENSION LTD - ADR,63008G203,295439,173788,,
SPACSPHERE ACQUISITION-CL A,G8T088109,293317,29628,,
FIREFLY NEUROSCIENCE INC,317970101,292560,134168,,
COHEN CIRCLE ACQUISIT II - A,G2254C121,290329,28408,,
AUREUS GREENWAY HOLDINGS INC,05156D102,290066,85514,,PUSA
WHERE FOOD COMES FROM INC,96327X200,289478,22089,,
ORION ENERGY SYSTEMS INC,686275207,287463,32882,,
LUFAX HOLDING LTD-ADR,54975P201,287114,153537,,
AIRWA INC,831445507,286195,342149,,YYAI
NIXXY INC,75630B402,286110,268607,,
CHUNGHWA TELECOM LT-SPON ADR,17133Q502,286049,6772,,
SHINHAN FINANCIAL GROUP-ADR,824596100,285935,4663,,
BEAM GLOBAL,07373B109,285717,194329,,BEEM
CENNTRO INC,150964104,284603,2371691,,CENN
BATTALION OIL CORP,07134L107,284566,72909,,BATL
APTERA MOTORS CORP CL B,03835W104,283258,106832,,
AMC ROBOTICS CORP,001661107,283185,51913,,AMCI
PERION NETWORK LTD,M78673114,282836,28312,,PERI
DARE BIOSCIENCE INC,23666P200,282055,154955,,
GROVE COLLABORATIVE HOLDINGS,39957D201,282002,220271,,
LISATA THERAPEUTICS INC,128058302,280344,55943,,
374WATER INC,88583P203,278128,97894,,SCWO
INUVO INC,46122W303,276550,133568,,
BRANCHOUT FOOD INC/OR,105230106,276510,83791,,
PICS NV,N69958101,276109,26422,,
KATAPULT HOLDINGS INC,485859201,274396,38846,,
WEREWOLF THERAPEUTICS INC,95075A107,273619,328540,,
CANADA GOOSE HOLDINGS INC,135086106,273380,24949,,GOOS
ACRIVON THERAPEUTICS INC,004890109,272811,196191,,
DOMINARI HOLDINGS INC,008875304,272204,83743,,DOMH
PLUS THERAPEUTICS INC,72941H509,270307,1661628,,
TOYO CO LTD,G8976D107,269106,36713,,
PIXELWORKS INC,72581M404,268918,49788,,
ACTINIUM PHARMACEUTICALS INC,00507W206,267988,269152,,
PASSAGE BIO INC,702712209,267872,34118,,
GORES HOLDINGS X INC-CL A,G4002F109,267774,26201,,
UPLAND SOFTWARE INC,91544A109,266801,400519,,
A PARADISE ACQUISITION - A,G04819101,266098,26165,,
NEXTCURE INC,65343E207,264532,25141,,
KEY TRONIC CORP,493144109,264415,96827,,KTCC
ENGENE HOLDINGS INC,29286M105,264242,38802,,
TELOMIR PHARMACEUTICALS INC,87975F104,263913,202900,,
SHIMMICK CORP,82455M109,263821,71886,,SHIM
ALGOMA STEEL GROUP INC,015658107,263547,63813,,ASTLW
VERSAMET ROYALTIES CORP,92528V200,262038,27554,,VMET
MOBIX LABS INC,60743G100,261864,783683,,
PELTHOS THERAPEUTICS INC,171126204,261028,12424,,PTHS
ASCENT SOLAR TECHNOLOGIES,043635804,259864,65902,,
RALLYBIO CORP,75120L209,259687,28944,,RLYB
XILIO THERAPEUTICS INC,98422T209,258823,30773,,
PALATIN TECHNOLOGIES INC,696077601,258508,14830,,PTN
SOLARMAX TECHNOLOGY INC,83419H103,257869,367754,,
TALPHERA INC,00444T209,255359,341831,,
ATARA BIOTHERAPEUTICS INC,046513206,255316,53941,,
FINVOLUTION GROUP-ADR,31810T101,255029,53242,,
BIOXCEL THERAPEUTICS INC,09075P204,254640,189806,,
INTRUSION INC,46121E304,253551,308934,,INTZ
EVOLUTION GLOBAL ACQUIS-CL A,G3226F101,252928,25369,,
ELUTIA INC,05479K106,252000,239974,,ELUT
REALPHA TECH CORP,75607T105,250832,1032185,,AIRE
DESTINATION XL GROUP INC,25065K104,249534,489127,,
FARMER BROS CO,307675108,249485,196391,,
KYNTRA BIO INC,31572Q881,248983,36713,,
CAPITAL SOUTHWEST CORP,140501107,248872,11251,,CSWC
GAMESQUARE HOLDINGS INC,36468G103,248485,919824,,
GEE GROUP INC,36165A102,248291,1033816,,JOB
JFB CONSTRUCTION HOLDIN-CL A,46658E107,247999,40493,,
NATURAL HEALTH TRENDS CORP,63888P406,247993,88867,,NHTC
ACORN ENERGY INC,004848206,247057,14514,,
MOUNT LOGAN CAPITAL INC,62188E103,246454,68842,,MLCIL
ALEANNA INC,01444V103,246063,29682,,
IMAGENEBIO INC,45175G207,245672,49129,,
DR. REDDY'S LABORATORIES-ADR,256135203,245671,17738,,
TRIO-TECH INTERNATIONAL,896712205,245550,42464,,TRT
MIRA PHARMACEUTICALS INC,60458C104,243724,227780,,
CVD EQUIPMENT CORP,126601103,243353,58765,,CVV
SENSEI BIOTHERAPEUTICS INC,81728A207,243352,7719,,
TELA BIO INC,872381108,242705,391415,,
ATLASCLEAR HOLDINGS INC,128745205,242454,1218913,,
TEXAS COMMUNITY BANCSHARES,88231Q108,242297,13831,,
PRECISION OPTICS CORP INC,740294400,241626,55028,,
XTANT MEDICAL HOLDINGS INC,98420P308,240261,430440,,
HARVARD BIOSCIENCE INC,416906204,239861,49242,,HBIO
BARFRESH FOOD GROUP INC,067532200,238942,85017,,BRFH
CERVOMED INC,15713L109,237834,60346,,CRVO
INTERGROUP CORP,458685104,237101,6317,,INTG
ONEMEDNET CORP,68270C103,236947,278729,,ONMDW
DAWSON GEOPHYSICAL CO,239360100,236054,68212,,DWSN
SMITH MICRO SOFTWARE INC,832154405,234732,326177,,
CREATIVE REALITIES INC,22530J309,234649,68189,,
JASPER THERAPEUTICS INC,471871202,233660,266622,,
BAYFIRST FINANCIAL CORP,07279B104,233585,36775,,BAFN
SKILLZ INC,83067L208,232671,89798,,
COFFEE HOLDING CO INC,192176105,230696,54280,,JVA
BRILLIANT EARTH GROUP INC-A,109504100,230544,173308,,
IDEAL POWER INC,451622203,230355,81382,,IPWR
PATHFINDER BANCORP INC,70319R109,229611,17988,,
U.S. GLOBAL INVESTORS INC-A,902952100,229607,92548,,
PARK DENTAL PARTNERS INC,700402100,226932,13524,,
KINGSOFT CLOUD HOLDINGS-ADR,49639K101,226505,16954,,
BLEICHROEDER ACQUIS II-CL A,G1170E104,224858,22441,,
PSQ HOLDINGS INC,693691107,224726,423859,,
BTQ TECHNOLOGIES CORP,055869101,224306,84010,,BTQ
RESEARCH FRONTIERS INC,760911107,224216,248490,,REFR
T STAMP INC-CLASS A,873048508,224082,93757,,
CROWN CRAFTS INC,228309100,223172,86552,,CRWS
HEALTH IN TECH INC-CLASS A,42217D102,222828,153675,,
ORIGIN INVESTMENT CORP I,G67751100,222823,21824,,ORIQW
LESAKA TECHNOLOGIES INC,64107N206,222565,43726,,LSAK
TECHPRECISION CORP,878739200,222111,73768,,TPCS
STEALTHGAS INC,Y81669106,222082,24192,,GASS
ARMADA ACQUISITION -CLASS A,G0R38G104,221912,21524,,
AUTHID INC,46264C305,221375,170258,,AUID
MELAR ACQUISITION CORP I-A,G6004G100,221346,20514,,
RAVE RESTAURANT GROUP INC,754198109,220847,83309,,
LGL GROUP INC/THE,50186A108,219278,31536,,
KB FINANCIAL GROUP INC-ADR,48241A105,219106,2197,,
DYADIC INTERNATIONAL INC,26745T101,219056,267084,,DYAI
SNDL INC,83307B101,217668,164900,,SNDL
IGC PHARMA INC,45408X308,217412,826545,,
OBOOK HOLDINGS INC CL A,G67187107,216215,36217,,
FEMASYS INC,31447E105,215444,512675,,FEMY
GREENPRO CAPITAL CORP,39540F309,215261,78277,,GRNQ
ESS TECH INC,26916J205,215134,183863,,
ALPHA PRO TECH LTD,020772109,215125,48337,,APT
AXIL BRANDS INC,76151R206,214935,30705,,
VISTAGEN THERAPEUTICS INC,92840H400,214614,375427,,
DYNAMIX CORP,G2949D104,214341,20472,,DYNCU
VOLITIONRX LTD,928661107,214256,1060506,,VNRX
HYPERION DEFI INC,30234E203,213698,61927,,
CEL-SCI CORP,150837706,213323,66412,,
TRINITY CAPITAL INC,896442308,212456,14443,,TRNZ
CUE BIOPHARMA INC,22978P106,211368,919267,,
BUZZFEED INC,12430A300,210903,346490,,
WOORI FINANCIAL-SPON ADR,981064108,210522,3161,,
CLEARSIGN TECHNOLOGIES CORP,185064201,210103,48178,,CLIR
ANDRETTI ACQUISITION CORP -A,G26745102,209647,19676,,
NUTRIBAND INC,67092M208,209258,59268,,NTRBW
CULP INC,230215105,207415,75590,,CULP
CELULARITY INC-A,151190204,206946,155568,,
LASER PHOTONICS CORP,51807Q100,206805,206779,,LASE
LAKE SHORE BANCORP INC/MD,510704109,206356,13585,,
WEN ACQUISITION CORP-A,G9R39C103,205697,20206,,
MASTECH DIGITAL INC,57633B100,205015,36016,,
UNITED GUARDIAN INC,910571108,204528,30840,,UG
GREENLAND MINES LTD,49876K103,204188,618752,,GRMLW
ECARX HOLDINGS INC-CL A,G29201103,203868,208497,,
BUDA JUICE INC,11882T106,203353,19367,,
ELECTROVAYA INC,28617B606,203022,25962,,ELVA
ELEVRA LITHIUM LTD,805700101,202144,3432,,SYAXF
INNOVIZ TECHNOLOGIES LTD,M5R635108,202030,319416,,INVZ
ADURO CLEAN TECHNOLOGIES INC,007408206,201743,19232,,ADUR
VOYAGER ACQUISITION CORP,G93A7H104,200364,16042,,
REAL ASSET ACQUISITI-CLASS A,G73944103,199572,19025,,
SUPERX AI TECHNOLOGY LTD,G5294K110,199112,24889,,SUPX
SEALSQ CORP,G79483106,197844,75513,,LAES
QUEST RESOURCE HOLDING CORP,74836W203,197780,166163,,QRHC
AYTU BIOPHARMA INC,054754858,196960,72133,,
PHOENIX ASIA HOLDINGS LTD,G7075R108,196882,12645,,PHOE
RYTHM INC,00853E404,196283,11376,,
HOME FEDERAL BANCORP INC/LA,43708L108,195667,11304,,
GIGCAPITAL8 CORP-A,G3864J100,194903,19549,,
OFFERPAD SOLUTIONS INC,67623L307,194405,296684,,OPADW
THERAPEUTICSMD INC,88338N206,193257,95645,,
VILLAGE FARMS INTERNATIONAL,92707Y108,193100,67993,,
GREAT ELM GROUP INC,39037G109,192916,103088,,
PEDEVCO CORP,70532Y402,191458,11963,,PED
ALPHA MODUS HOLDINGS INC,020952107,191249,520125,,
AMCON DISTRIBUTING CO,02341Q205,191166,2149,,DIT
LEXARIA BIOSCIENCE CORP,52886N406,189000,242271,,LEXX
HOTEL101 GLOBAL HOLDINGS C-A,G46127109,188703,24507,,
CITIUS PHARMACEUTICALS INC,17322U306,188048,208926,,
LONGEVERON INC-A,54303L203,187712,180491,,
OXBRIDGE RE HOLDINGS LTD,G6856M106,187008,158482,,OXBRW
LEXINFINTECH HOLDINGS L-ADR,528877103,186028,85334,,
EUPRAXIA PHARMACEUTICALS INC,29842P105,185438,25613,,EPRX
NOMADAR CORP-A,65531Y106,183734,45033,,
REED'S INC,758338404,183035,50423,,
ASHFORD HOSPITALITY TRUST,044103794,182234,66500,,
STAR EQUITY HOLDINGS INC,443787205,182223,17717,,
BRAINSWAY LTD-ADR,10501L106,182139,13705,,
LIGHTWAVE ACQUISITION CORP-A,G5490M100,182125,17873,,
INTELLINETICS INC,45825X204,181971,24419,,
SS INNOVATIONS INTERNATIONAL,05453U203,181380,36276,,
READING INTERNATIONAL INC-A,755408101,181087,160225,,
DATA I/O CORP,237690102,181069,71546,,DAIO
ROYALTY MANAGEMENT HOLDING C,02369M102,180828,60885,,
ALLIANCE ENTERTAINMENT HOLDI,01861F102,180223,27515,,
MARYGOLD COMPANIES INC/THE,57403M104,178555,156628,,
ALLARITY THERAPEUTICS INC,016744500,177490,162835,,
NEPHROS INC,640671400,177212,59447,,NEPH
MYSEUM INC,23816M206,176942,112702,,
AGENCIA COMERCIAL SPIRITS LT,G0206E104,176771,11730,,
LAIRD SUPERFOOD INC,50736T102,176488,82052,,
RENATUS TACTICAL ACQUISITI-A,G7490F101,176178,17138,,
GREENLAND ENERGY CO,70580B106,175971,20111,,GLNDW
FLUX POWER HOLDINGS INC,344057302,175953,164409,,
NEUPHORIA THERAPEUTICS INC,64136E102,175950,43231,,NEUP
SEASTAR MEDICAL HOLDING CORP,81256L302,175435,47159,,ICUCW
AC IMMUNE SA,H00263105,174902,63601,,ACIU
TRANSLATIONAL DEVELOPMENT AC,G9008W105,174810,16554,,
INVENTIVA SA - ADR,46124U107,174725,31482,,
BIONANO GENOMICS INC,09075F404,174306,148978,,
STRAN & CO INC,86260J102,174248,105576,,
CLOUDASTRUCTURE INC-A,18912E207,173346,284968,,
XUNLEI LTD-ADR,98419E108,173038,31122,,
GIFTIFY INC,74940T104,172863,172863,,
SCHMID GROUP NV,N68722102,172218,32494,,
ALLOT LTD,M0854Q105,171947,25818,,ALLT
NEW PROVIDENCE ACQUISITION-A,G6476A102,171926,16757,,
AWARE INC/MASS,05453N100,171611,137241,,
ETOILES CAPITAL GROUP CO LTD,G3139J109,171573,11423,,
ABVC BIOPHARMA INC,00091F304,170960,176186,,
DIGITAL ASSET ACQUISITI-CL A,G2868C103,170823,16682,,
AMARIN CORP PLC -ADR,023111404,170208,11771,,
UNITED HOMES GROUP INC,91060H108,169468,146037,,
NOVABRIDGE BIOSCIENCES,44975P103,169368,68849,,NBP
U S ENERGY CORP - DELAWARE,911805307,169157,191306,,
STABILIS SOLUTIONS INC,85236P101,168575,37782,,
MARKER THERAPEUTICS INC,57055L206,168444,129554,,
ALLBIRDS INC-CL A,01675A208,168077,55826,,
BGIN BLOCKCHAIN LTD CL A,G17429104,167766,56678,,
GREENIDGE GENERATION HOLDING,39531G308,167737,152482,,
LQR HOUSE INC,50215C307,167266,171415,,YHC
RADCOM LTD,M81865111,166883,13724,,RDCM
STARDUST POWER INC,854936200,166271,70446,,SDSTW
APEX TREASURY CORP-CL A,G04104108,165853,16602,,
NANOVIRICIDES INC,630087302,165296,181180,,
DRAGONFLY ENERGY HOLDINGS CO,26145B403,165090,94826,,
HIGH ROLLER TECHNOLOGIES INC,42981K100,164652,47296,,
INFINITE EAGLE CL-A,G4802J103,164490,16482,,
MESHFLOW ACQUISITION CO-CL A,G6032N101,163768,16559,,
OAKTREE ACQUISITION CORP I-A,G6717R104,161880,15243,,
VERDE CLEAN FUELS INC,923372106,159952,94637,,
PODCASTONE INC,22275C105,159443,78140,,
CANTOR EQUITY PARTNERS-CL A,G1827P106,158231,14530,,
NUBURU INC,67021W400,158009,891196,,
AGORA INC-ADR,00851L103,157862,44594,,
VYNE THERAPEUTICS INC,92941V308,157835,264152,,
MINK THERAPEUTICS INC,603693201,157237,14930,,
HARVARD AVE ACQUISITION-CL A,G4330A103,156936,15678,,
T3 DEFENSE INC,67054R203,156740,218457,,DFNSW
CRESCENT CAPITAL BDC INC,225655109,156528,12883,,
BANZAI INTERNATIONAL INC,06682J407,155709,163715,,
SILENCE THERAPEUTICS PLC-ADR,82686Q101,155665,29538,,
TEXAS VENTURES ACQUISITION-A,G8772L105,155309,14948,,
HOTH THERAPEUTICS INC,44148G204,154813,184236,,
SOLIDION TECHNOLOGY INC,834212201,154197,24437,,STI
KOSS CORP,500692108,153355,42827,,KOSS
SEANERGY MARITIME HOLDINGS,Y73760400,152802,11836,,
BRIDGFORD FOODS CORP,108763103,152746,20497,,BRID
AUTOLUS THERAPEUTICS PLC,05280R100,152597,110578,,AUTL
SO-YOUNG INTERNATIONAL-ADR,83356Q108,152489,55857,,
TROOPS INC,G9094C104,151121,74079,,
AUDIOCODES LTD,M15342104,150320,17874,,AUDC
ITHAX ACQUISITION CORP-CL A,G4977S102,150202,15172,,
PHIO PHARMACEUTICALS CORP,71880W501,149524,122561,,PHIO
CISO GLOBAL INC,15672X201,149445,432407,,
BIOAFFINITY TECHNOLOGIES INC,09076W307,149304,38983,,
ESTRELLA IMMUNOPHARMA INC,297584104,149083,140645,,
COINCHECK GROUP NV,N20967118,148327,100221,,
AQUA METALS INC,03837J309,147896,34554,,
VEEA INC,693489122,147877,277838,,VEEAW
OYSTER ENTERPRISES II ACQ-A,G6861F104,147760,14458,,
ROMA GREEN FINANCE LTD-A,G7633Y108,147620,36813,,
BIO-KEY INTERNATIONAL INC,09060C507,147318,277907,,
SKYE BIOSCIENCE INC,83086J200,147055,239195,,
ASIA PACIFIC WIRE & CABLE,G0535E106,146934,108040,,
FUSEMACHINES INC,36118R103,146769,154804,,FUSEW
COHEN & CO INC,19249M102,146222,9690,,COHN
SENTI BIOSCIENCES INC,81726A209,146060,179872,,
MILESTONE SCIENTIFIC INC,59935P209,145877,506364,,MLSS
SURGEPAYS INC,86882L204,145013,193070,,
TRAILBLAZER ACQUISITION-CL A,G9009S103,145001,14428,,
NAUTICUS ROBOTICS INC,63911H306,143322,287382,,
DOGWOOD THERAPEUTICS INC,92829J203,142708,67633,,
A2Z CUST2MATE SOLUTIONS CORP,002205102,142431,21354,,AZ
INTERLINK ELECTRONICS INC,458751302,142003,48285,,LINK
PROCAP ACQUISITION CORP - A,G7257A105,140509,13789,,
REPUBLIC DIGITAL ACQUIS-CL A,G7515A103,139196,13620,,
XOS INC,98423B306,139034,85291,,
AMERICAN STRATEGIC INVESTM-A,649439304,138868,16294,,
LULU'S FASHION LOUNGE HOLDIN,55003A207,138624,10895,,
IRIDEX CORP,462684101,138538,137131,,IRIX
XANADU QUANTUM TECHNOLO-CL B,98390R102,138515,18083,,
PROFOUND MEDICAL CORP,74319B502,138322,21346,,PROF
LIXTE BIOTECHNOLOGY HOLDINGS,539319301,138196,45015,,
JYONG BIOTECH LTD,G83116106,138098,64232,,MENS
CITIUS ONCOLOGY INC,17331Y109,137938,222518,,
EXICURE INC,30205M309,137726,32249,,
PROQR THERAPEUTICS NV,N71542109,137552,84909,,
SPRING VALLEY ACQUISITION-A,G8377R101,137017,13486,,
VENHUB GLOBAL INC,92267L108,136561,221259,,
DIGITAL BRANDS GROUP INC,25401N507,136378,75724,,
CARTESIAN GROWTH CORP I-CL A,G19307100,135361,13206,,
CSLM DIGITAL ASSET ACQU - A,G2584S101,135329,13479,,
Q/C TECHNOLOGIES INC,62856X300,135212,39192,,
CODERE ONLINE LUXEMBOURG SA,L18268109,135167,15902,,
KEEN VISION ACQUISITION CORP,G52443119,135042,11179,,KVACW
DEFI TECHNOLOGIES INC,244916102,134740,243874,,
ZEROSTACK CORP,98956L101,133838,21656,,ZSTK
SIDDHI ACQUISITION CORP-A,G8118C124,133403,12852,,
GORILLA TECHNOLOGY GROUP INC,G4000K175,133088,12639,,GRRRW
WORKHORSE GROUP INC,98138J503,132040,43722,,WKHS
MOTORSPORT GAMES INC-A,62011B201,131704,32123,,
TAOWEAVE INC,674434303,131234,83060,,
ENDAVA PLC- SPON ADR,29260V105,130257,29470,,
ACTIVATE ENERGY ACQUISITIO-A,G0081J103,129826,13127,,
EXOZYMES INC,461874109,129810,17308,,EXOZ
GAXOS.AI INC,62911P300,128816,106460,,GXAI
MACKENZIE REALTY CAPITAL INC,55453W501,128761,36169,,
LANTERN PHARMA INC,51654W101,128614,93857,,LTRN
ARRIVE AI INC,04272H204,127819,160355,,ARAI
CYCLERION THERAPEUTICS INC,23255M204,127518,83063,,
BONK INC,48208F303,127432,48822,,
EAGLE NUCLEAR ENERGY CORP,269710109,127134,16554,,NUCLW
BULLFROG AI HOLDINGS INC,12021E109,126399,75238,,
ROCKY MOUNTAIN CHOC FACT INC,77467X101,126209,56078,,
CRYO-CELL INTL INC,228895108,126000,35481,,
YORKVILLE ACQUISITION CORP-A,G98659116,125950,12458,,
CANTOR EQUITY PARTNERS I-A,G1827K107,125947,11995,,
INTENSITY THERAPEUTICS INC,45828J202,125696,21377,,
RUNWAY GROWTH FINANCE CORP,78163D100,125398,18253,,RWAYI
LOGISTIC PROPERTIES OF THE A,G5557R109,123905,37547,,
ADAGIO MEDICAL HOLDINGS INC,00534B100,123764,107621,,
GP-ACT III ACQUISITION-A,G4035N103,123521,11395,,
MODULAR MEDICAL INC,60785L306,123164,23325,,
TEMPEST THERAPEUTICS INC,87978U207,118435,72215,,
LAKESIDE HOLDING LTD,51216F109,118388,169854,,
BOUNDLESS BIO INC,10170A100,118045,107314,,
GALATA ACQU CORP II - CL A,G3R25N108,117482,11760,,
SOLIGENIX INC,834223604,116781,98967,,
BICYCLE THERAPEUTICS PLC-ADR,088786108,116598,25129,,
CXAPP INC,23248B109,115824,641688,,CXAIW
ARCHIMEDES TECH SPAC PARTNER,G04537109,115571,11102,,
NATURAL ALTERNATIVES INTL,638842302,115541,43918,,
TRAWS PHARMA INC,68232V884,115146,62920,,
DATA STORAGE CORP,23786R201,115051,29720,,DTST
SERINA THERAPEUTICS INC.,81751A108,114446,58992,,
OATLY GROUP AB,67421J207,114440,11286,,OTLY
KARBON CAPITAL PARTNERS-CL A,G5225W100,114285,11366,,
LIVE VENTURES INC,538142308,114062,9745,,LIVE
CANTOR EQUITY PARTNERS III-A,G1828A108,113595,11018,,
WORKSPORT LTD,98139Q308,113504,108096,,WKSP
NETWORK-1 TECHNOLOGIES INC,64121N109,113201,78572,,
MATERIALISE NV-ADR,57667T100,112809,22836,,
BITCOIN DEPOT INC,09174P303,112621,51653,,BTMCQ
CRANE HARBOR ACQUISITIO-CL A,G25014104,112513,11365,,
FATHOM HOLDINGS INC,31189V109,112104,211393,,FTHM
ORIGIN MATERIALS INC,68622D205,112031,49118,,
LZ TECHNOLOGY HDS LTD -CL B,G57Y3D109,111532,76919,,
CELLECTAR BIOSCIENCES INC,15117F880,110809,43623,,
IN8BIO INC,45674E208,110669,74775,,
INOTIV INC,45783Q100,109971,403361,,
AZITRA INC,05479L302,109783,469159,,
M-TRON INDUSTRIES INC,55380K133,109431,52095,,
TENON MEDICAL INC,88066N303,109053,150294,,
A SPAC III ACQUISITION-CL A,G0544A103,108654,10042,,
MASSIMO GROUP,57628N101,107993,108405,,MAMO
ITAU UNIBANCO H-SPON PRF ADR,465562106,107498,12828,,
COMPUGEN LTD,M25722105,107341,50395,,CGEN
ANTALPHA PLATFORM HLDNG CO-A,G0395R106,107257,14301,,
PHARMACYTE BIOTECH INC,71715X203,107188,161075,,
PONY AI INC,732908108,106841,11318,,PYAIF
AURORA CANNABIS INC,05156X850,106664,32619,,ACB
GT BIOPHARMA INC,36254L308,106626,261270,,
NEWBURY STREET II AC-CLASS A,G6439S109,106401,10095,,
VERIFYME INC,92346X206,105704,130468,,
BIOMERICA INC,09061H406,105008,49763,,BMRA
PAVMED INC,70387R502,103913,10237,,PAVM
ARK RESTAURANTS CORP,040712101,103697,15802,,ARKR
SCIENTURE HOLDINGS INC,80880X104,103662,363729,,
HUHUTECH INTERNATIONAL GROUP,G46440114,103660,12124,,
CURRENC GROUP INC,G47862100,103649,39561,,CURR
OUTLOOK THERAPEUTICS INC,69012T305,103392,502324,,
HARTE-HANKS INC,416196202,102897,45314,,
OMS ENERGY TECHNOLOGIES INC,G6755S105,102185,23654,,OMSE
CKX LANDS INC,12562N104,102108,9863,,
ANFIELD ENERGY INC,03464C205,101427,18177,,AEC
AIR INDUSTRIES GROUP,00912N403,100906,31228,,AIRI
MULTISENSOR AI HOLDINGS INC,456948108,100804,436190,,
GSR IV ACQUISITION CORP-CL A,G4R12K107,100450,10010,,
ACLARION INC,655187409,100284,30668,,
THE BRAND HOUSE COLLECTIVE I,497498105,100151,107672,,
CERAGON NETWORKS LTD,M22013102,100131,46357,,CRNT
NIU TECHNOLOGIES-SPONS ADR,65481N100,99520,34436,,
VSEE HEALTH INC,92919Y102,99457,397830,,
WATON FINANCIAL LTD,G9548D104,98790,29578,,WTF
DOLPHIN ENTERTAINMENT INC,25686H308,98540,67016,,
BOLT BIOTHERAPEUTICS INC,097702203,98271,24321,,
OIO GROUP,G3R95P108,97813,33157,,OIOWW
BIOATLA INC,09077B104,97702,606734,,
IMPERIAL PETROLEUM INC,Y3894J187,97271,22727,,
LESLIE'S INC,527064208,96962,86525,,
BIOVIE INC,09074F504,96859,69185,,BIVIW
USIO INC,917313108,96460,84565,,
VIVOS THERAPEUTICS INC,92859E207,96067,81413,,
ENVVENO MEDICAL CORP,29415J205,95914,9468,,NVNO
BEYOND AIR INC,08862L202,95252,138003,,
LIQTECH INTERNATIONAL INC,53632A300,95176,49814,,LIQT
TRANSCODE THERAPEUTICS INC,89357L501,94382,10962,,
RISKIFIED LTD-A,M8216R109,94310,24104,,
URBAN ONE INC,91705J402,94185,17247,,
WINCHESTER BANCORP INC,97269D103,93989,7382,,
CADRENAL THERAPEUTICS INC,127636207,93475,18257,,
TIZIANA LIFE SCIENCES LTD,G88912103,91498,78204,,TLSA
FIVERR INTERNATIONAL LTD,M4R82T106,91314,9149,,FVRR
ALLIED GAMING & ENTERTAINMEN,019170109,91210,333574,,
BIOCARDIA INC,09060U606,90649,74917,,
CHINA AUTOMOTIVE SYSTEMS INC,G2125H101,89796,21380,,
COSMOS HEALTH INC,221413305,89369,281705,,COSM
APREA THERAPEUTICS INC,03836J201,89234,116960,,
KIORA PHARMACEUTICALS INC,49721T507,89055,46143,,KPHMW
EXPION360 INC,30218B209,88842,156056,,XPON
SUNATION ENERGY INC,72303P503,88224,40102,,
AMESITE INC,031094204,87814,47725,,AMST
GEN RESTAURANT GROUP INC,36870C104,87253,44507,,
QVC GROUP INC,74915M605,87088,40097,,
SENESTECH INC,81720R604,85691,52251,,
TEXXON HOLDING LTD,G8772G106,85152,11384,,NPT
RETRACTABLE TECHNOLOGIES INC,76129W105,85033,128523,,RVP
EDAP TMS SA -ADR,268311107,84682,22764,,
BRIDGELINE DIGITAL INC,10807Q700,84517,106000,,
THERIVA BIOLOGICS INC,87164U508,84185,429954,,
CONNECT BIOPHARMA HOLDINGS L,G23549101,84177,32129,,
PERASO INC,71360T200,84122,83290,,PRSO
INTELLIGENT BIO SOLUTIONS IN,36151G709,83999,25112,,
ORAMED PHARMACEUTICALS INC,68403P203,82558,24282,,ORMP
ASTROTECH CORP,046484309,82299,15733,,ASTC
UXIN LTD - ADR,91818X306,81978,26703,,
USBC INC,499238202,81970,212303,,
IQSTEL INC,46265G206,81843,51466,,IQST
ENDRA LIFE SCIENCES INC,29273B500,80933,17405,,NDRA
CURIS INC,231269309,80844,147699,,CRIS
IMUNON INC,15117N701,79899,27175,,
ELAUWIT CONNECTION INC,28417M109,79545,13414,,
NAMIB MINERALS,G63638103,78288,33891,,NAMMW
ZJK INDUSTRIAL CO LTD-A,G98Y9E102,78193,42267,,
BARNWELL INDUSTRIES INC,068221100,77907,72126,,BRN
WILLAMETTE VALLEY VINEYARDS,969136100,77568,30169,,
NEXALIN TECHNOLOGY INC,65345B201,77554,222665,,
NEWTON GOLF COMPANY INC,78577G301,77437,48703,,
TIVIC HEALTH SYSTEMS INC,888705308,77368,87343,,
ADLAI NORTYE LTD-ADR,00704R109,77040,11133,,
JERASH HOLDINGS US INC,47632P101,76718,26445,,
BAOZUN INC-SPN ADR,06684L103,76640,32067,,
XCEL BRANDS INC,98400M200,76637,49441,,
BIOFRONTERA INC,09077D209,76624,94711,,BFRIW
GLIMPSE GROUP INC/THE,37892C106,76453,148138,,
ACURX PHARMACEUTICALS INC,00510M203,75820,20436,,
CREATIVE MEDICAL TECHNOLOGY,22529Y408,75672,36727,,
BLOOMIA HOLDINGS INC,45765Y204,75194,19085,,
CID HOLDCO INC,171756109,75191,437667,,
COCRYSTAL PHARMA INC,19188J409,75059,74302,,
ENLIVEX LTD,M4130Y106,74928,80560,,ENLV
CEMTREX INC,15130G873,74786,119658,,CETXP
BLUE MOON METALS INC,09570Q509,74641,11413,,BMM
RYVYL INC,39366L406,74607,14803,,
AIXCRYPTO HOLDINGS INC,74754R301,74343,59475,,
NEXGEL INC,65344E107,73784,116545,,
NOVA MINERALS LTD-ADR,66982D104,73627,12543,,
MARTIN MIDSTREAM PARTNERS LP,573331105,73101,26486,,
BEASLEY BROADCAST GRP INC -A,074014200,72658,21752,,
GOOD TIMES RESTAURANTS INC,382140879,72540,61974,,GTIM
AINOS INC,00902F402,72348,52049,,
AXE COMPUTE INC,74039M408,72280,44617,,AGPU
UNIVERSAL SAFETY PRODUCTS IN,913821302,71500,13000,,
P3 HEALTH PARTNERS INC,744413204,71488,23209,,PIIIW
ALTISOURCE PORTFOLIO - 30,L0175J112,71208,186132,,
ATERIAN INC,02156U200,71175,124198,,
CARDIOL THERAPEUTICS INC-A,14161Y200,70787,52435,,
TRUGOLF HOLDINGS INC-CL A,243733508,70675,14453,,
MOMENTUS INC,60879E408,69964,19012,,MNTSW
FOXX DEVELOPMENT HOLDINGS IN,351665104,69324,14564,,
IVEDA SOLUTIONS INC,46583A303,69312,269693,,
SYSTEM1 INC,87200P208,67837,22456,,
AUTONOMIX MEDICAL INC,05330T205,67677,173487,,
BINAH CAPITAL GROUP INC,09032H105,67533,33599,,
TEVOGEN BIO HOLDINGS INC,88165K200,67519,14938,,
CLEAN ENERGY TECHNOLOGIES IN,18452H305,67363,70168,,
AUDDIA INC,05072K305,67133,101517,,AUUD
MDXHEALTH,B5950S113,67125,29185,,
SATELLOS BIOSCIENCE INC,80401L803,67036,11907,,MSLE
APIMEDS PHARMACEUTICALS US I,03771D102,66499,37163,,
XWELL INC,98420U802,66175,57527,,
CHEETAH NET SUPPLY CHAIN SER,16307X202,66009,44302,,
POLAR POWER INC,73102V204,65897,33789,,
ALPHA COGNITION INC,02074J501,65836,11992,,ACOG
LUNAI BIOWORKS INC,29350E203,65809,161442,,LNAI
JUPITER NEUROSCIENCES INC,48208B203,65780,174856,,
TRIO PETROLEUM CORP,89669L207,65479,94898,,TPET
LOCAL BOUNTI CORP,53960E205,65406,56374,,
MUSTANG BIO INC,62818Q302,65310,89712,,
ENVIROTECH VEHICLES INC,29414V308,64987,38911,,
VINCE HOLDING CORP,92719W207,64739,26863,,VNCE
REBORN COFFEE INC,75618M305,64584,32784,,
ABUNDIA GLOBAL IMPACT GROUP,44183U308,64451,44755,,
MASTERBEEF GROUP,G6001H101,64397,10878,,MB
INNOVATIVE EYEWEAR INC,45791D208,64342,59576,,LUCYW
INTELLIGENT PROTECTION MANAG,69764K106,64053,41849,,
ATLANTIC AMERICAN CORP,048209100,64006,27451,,AAME
MEDIACO HOLDING INC-CL A,58450D104,63776,96696,,
SPORTS ENTERTAINMENT GAMING,54570M306,63766,101216,,
PASITHEA THERAPEUTICS CORP,70261F202,63696,85863,,KTTAW
BINGEX LTD,090337106,63674,24028,,FLX
MANGOCEUTICALS INC,56270V205,63413,176099,,
SILO PHARMA INC,82711P201,63153,175574,,
LM FUNDING AMERICA INC,502074503,62403,249553,,
RAIN ENHANCEMENT TECHNO-CL A,75080J103,62141,24465,,
ENVERIC BIOSCIENCES INC,29405E505,61905,31910,,
SINTX TECHNOLOGIES INC,829392703,61873,25050,,
NYXOAH SA,B6S7WD106,61860,21185,,NYXH
SPAR GROUP INC,784933103,61559,98380,,
INNO HOLDINGS INC,4576JP307,61169,67138,,INHD
AEON BIOPHARMA INC,00791X209,61043,61973,,
ZEO ENERGY CORP,98944F109,61043,106282,,ZEOWW
OSR HOLDINGS INC,68840D102,60990,101145,,
ALAUNOS THERAPEUTICS INC,98973P309,60357,21100,,
WELLGISTICS HEALTH INC,949503106,60167,624141,,
ATLAS LITHIUM INC,105861306,60077,13811,,
HEARTSCIENCES INC,42254E302,59974,24380,,HSCSW
OPENDOOR TECHNOLOGIES INC-26,683712129,59888,98710,,
BIORESTORATIVE THERAPIES INC,090655606,59821,219852,,
MOLECULIN BIOTECH INC,60855D408,59627,26038,,
SKY QUARRY INC,83087C303,59534,23165,,SKYQ
CALIBERCOS INC-CL A,13000T604,59483,51725,,
SUNCAR TECHNOLOGY GROUP IN-A,G85727108,59270,34865,,
ONFOLIO HOLDINGS INC,68277K207,58907,84576,,
TOMI ENVIRONMENTAL SOLUTIONS,890023203,58869,106401,,
DERMATA THERAPEUTICS INC,249845504,58370,48240,,
ARBE ROBOTICS LTD,M1R95N100,57467,94209,,ARBEW
TREASURE GLOBAL INC,89458T403,57091,16037,,TGL
FREECAST INC-A,35632L303,56865,12750,,
CURANEX PHARMACEUTICALS INC,23126K106,56820,111130,,CURX
ONCOLYTICS BIOTECH INC,682310875,56818,66939,,ONCY
HYDROFARM HOLDINGS GROUP INC,44888K407,56432,55315,,
SOCIETY PASS INC,83370P201,56240,130119,,
CALCIMEDICA INC,38942Q202,56092,103825,,
AETHER HOLDINGS INC,00809R202,56016,23837,,
PICARD MEDICAL INC,71953R108,55802,53656,,
SOLO BRANDS INC - CLASS A,83425V203,55794,14839,,
CN HEALTHY FOOD TECH GROUP C,462837105,55641,10080,,
FST CORP,G3R23E100,55104,41123,,FSTWF
TURN THERAPEUTICS INC,90021W105,54854,17142,,TTRX
CNS PHARMACEUTICALS INC,18978H508,54825,22844,,
GRIDAI TECHNOLOGIES CORP,33749P507,54546,27003,,GRDX
ALGORHYTHM HOLDINGS INC,829322502,54452,49956,,
ENERGY FOCUS INC,29268T508,54240,27959,,
OLB GROUP INC,67086U406,53610,108081,,
FLY-E GROUP INC,343927307,52806,25146,,
OFF THE HOOK YS INC,676206105,52573,26419,,
AETHLON MEDICAL INC,00808Y604,52551,23996,,AEMD
DIGINEX LTD,G28687104,52434,109216,,DGNX
CARDIO DIAGNOSTICS HOLDINGS,14159C202,52341,26842,,
CYBIN INC,23256X407,52320,10900,,HELP
DOUYU INTERNATIONAL HOLD-ADR,25985W204,52268,10412,,
CARING BRANDS INC,14216J109,52092,45695,,
SKYLINE BUILDERS GROUP HOL-A,G8193D104,52081,16855,,
ENVUE MEDICAL INC,63008J884,51834,21779,,
BLUEJAY DIAGNOSTICS INC,095633608,51753,28127,,
BIOHARVEST SCIENCES INC,09076J207,51259,11811,,BHST
REVELATION BIOSCIENCES INC,76135L804,51033,42528,,
ARMLOGI HOLDING CORP,042255109,51009,202260,,BTOC
PROCESSA PHARMACEUTICALS INC,74275C403,50798,20158,,
KENTUCKY FIRST FEDERAL BANCO,491292108,50569,11754,,
DRAGANFLY INC,26142Q304,50558,10297,,DPRO
BANCO BRADESCO-ADR,059460303,50435,13818,,
SUPER LEAGUE ENTERPRISE INC,86804F509,50359,13465,,
HERE GROUP LTD,74767N107,50069,14144,,HERE
MAWSON INFRASTRUCTURE GROUP,57778N406,49932,25603,,
OLENOX INDUSTRIES INC,78418A703,49925,48005,,OLOX
ROADZEN INC,G7606H108,49884,41570,,RDZNW
BAIRD MEDICAL INVESTMENT HOL,G0705H103,49866,25442,,
KAIROS PHARMA LTD,48301N104,49776,89046,,
GENPREX INC,372446302,49629,27419,,
AMBEV SA-ADR,02319V103,49421,16925,,
VESTAND INC,98740Y302,49044,185775,,VSTD
URBAN ONE INC,91705J303,49010,8360,,
ISPECIMEN INC,45032V207,48979,311973,,ISPC
MILESTONE PHARMACEUTICALS IN,59935V107,48538,40789,,
ACTELIS NETWORKS INC,00503R508,48390,131855,,ASNS
MAISON SOLUTIONS INC-A,560667107,48285,333691,,
PULMATRIX INC,74584P301,48211,37359,,
GEOVAX LABS INC,373678705,48028,34803,,
DNA X INC,83548F408,48021,11916,,
INDAPTUS THERAPEUTICS INC,45339J204,47851,26292,,
GREENWAVE TECHNOLOGY SOLUTIO,57630J502,47657,14226,,
SOCKET MOBILE INC,83368E200,47469,54638,,
CATHETER PRECISION INC,74933X708,47408,46939,,
GD CULTURE GROUP LTD,19200A204,47036,17293,,GDC
BNB PLUS CORP,03815U607,47019,73468,,BNBX
SENSTAR TECHNOLOGIES CORP,81728N100,47016,15517,,SNT
AQUABOUNTY TECHNOLOGIES,03842K309,46529,53764,,
XENETIC BIOSCIENCES INC,984015602,46255,17252,,
AMAZE HOLDINGS INC,35804X200,46221,247839,,
JET AI INC,47714H308,45965,566768,,
HEALTHY CHOICE WELLNESS CORP,42227T105,45610,183249,,HCWC
NUWELLIS INC,67113Y702,45576,43406,,
GCL GLOBAL HOLDINGS LTD,G3777K103,45470,77069,,GCLWW
SADOT GROUP INC,627333404,45398,29479,,SDOT
PYXIS TANKERS INC,Y71726130,45113,10640,,PXS
APTEVO THERAPEUTICS INC,03835L702,44758,10482,,APVO
ASPIRE BIOPHARMA HOLDINGS IN,738920206,44215,42928,,
REVIVA PHARMACEUTICALS HOLDI,76152G209,44153,60504,,
DSS INC,26253C201,44099,53122,,
INTERACTIVE STRENGTH INC,45840Y500,44024,32135,,
CBAK ENERGY TECHNOLOGY INC,14986C102,43963,53154,,
ARCADIA BIOSCIENCES INC,039014303,43225,31323,,
TORO CORP,Y8900D108,43101,11890,,TORO
ADIAL PHARMACEUTICALS INC,00688A304,42945,23992,,
CLEARONE INC,18506U203,42912,12460,,CLRO
FREIGHTOS LTD,G51405101,42728,26054,,CRGOW
VIVOSIM LABS INC,68620A302,42450,29684,,
SCWORX CORP,78396V208,42382,336901,,WORX
CYCURION INC,95758L305,42085,41669,,
VYOME HOLDINGS INC,92943X104,42058,19562,,
RELIANCE GLOBAL GROUP INC,75946W405,41759,235928,,
ERNEXA THERAPEUTICS INC,114082308,41511,208602,,ERNAW
KANDI TECHNOLOGIES GROUP INC,G5214E103,41496,49661,,
MOVING IMAGE TECHNOLOGIES IN,62464R109,40595,78369,,
ALZAMEND NEURO INC,02262M605,40564,38268,,
ADAGENE INC-ADR,005329107,40411,10309,,
JAGUAR HEALTH INC,47010C888,40214,108542,,
SONOMA PHARMACEUTICALS INC,83558L303,40101,18827,,
CAPSTONE HOLDING CORP,14068E208,40021,60002,,CAPS
BRERA HOLDINGS PLC-CL B,G13311116,39960,50970,,
ZENATECH INC,98936T208,39889,17419,,
FOCUS UNIVERSAL INC,34417J500,39723,11003,,FCUV
METAVIA INC,64132R503,39698,33082,,MTVA
ENSYSCE BIOSCIENCES INC,293602504,39159,72719,,
ALTISOURCE PORTFOLIO - 29C,L0175J120,39095,186132,,
INFLARX NV,N44821101,39060,43672,,
ZSPACE INC,98980W107,39025,343836,,
BRAG HOUSE HOLDINGS INC,104813209,38604,144803,,
INVO FERTILITY INC,44984F880,38441,14133,,
CYNGN INC,23257B305,38103,22954,,CYN
IPOWER INC,46265P206,37744,27153,,IPW
KALA BIO INC,483119202,37704,217791,,
OUR BOND INC,87338C202,37482,25673,,
TH INTERNATIONAL LTD/CAYMAN,G8656L130,37432,18716,,
AMERICAN SHARED HOSPITAL SER,029595105,36989,25495,,
ART'S-WAY MANUFACTURING CO,043168103,36466,17448,,
DIRECT DIGITAL HOLDINGS IN-A,25461T204,36428,44973,,
PROFESSIONAL DIVERSITY NETWO,74312Y400,36345,31604,,
METALPHA TECHNOLOGY HOLDING,G28365107,36011,31314,,MATH
LARGO INC,517097101,35993,32137,,LGO
SAGTEC GLOBAL LTD-A,G7779D108,35983,16064,,
TEN HOLDINGS INC,880245204,35810,30093,,
NUVVE HOLDING CORP,67079Y407,35777,53825,,NVVE
TIANCI INTERNATIONAL INC,88631G304,35719,21914,,
ORAGENICS INC,684023609,35627,63610,,OGEN
NORTHANN CORP,66373M408,35069,245071,,NCL
AVAX ONE TECHNOLOGY LTD,05353F108,34680,57984,,AVX
SOW GOOD INC,84612H106,34354,85671,,SOWG
AVALON HOLDINGS CORP-A,05343P109,34226,13215,,
AKSO HEALTH GROUP,98422P108,34138,14973,,AHG
SMART DIGITAL GROUP LTD,G5006S104,34123,18445,,
BOXLIGHT CORP - CLASS A,103197406,34117,27737,,
HOUR LOOP INC,44170P106,34076,19584,,
BITFUFU INC-A,G1152A104,33795,17331,,
HEALTHCARE TRIANGLE INC,42227W405,33689,12524,,
FIBROBIOLOGICS INC,31573L204,33670,25500,,
22ND CENTURY GROUP INC,90137F608,33658,15230,,
GRI BIO INC,3622AW502,33500,14629,,
JEWETT-CAMERON TRADING LTD,47733C207,33226,20378,,
SHF HOLDINGS INC,824430300,33018,39755,,
GENERATION INCOME PROPERTIES,37149D204,32307,125796,,
AVALON GLOBOCARE CORP,05344R302,31925,60101,,
VOLATO GROUP INC,74349W302,31511,136646,,
BT BRANDS INC,0557MQ206,31313,17876,,
SRX HEALTH SOLUTIONS INC,08771Y402,31242,242186,,
NEXENTIS TECHNOLOGIES INC,80512Q501,31043,49701,,NXTS
SHUTTLE PHARMACEUTICALS HOLD,825693401,31017,45695,,
HEIDMAR MARITIME HOLDINGS CO,Y3130D101,30912,36626,,
CAESARSTONE LTD,M20598104,30749,28738,,CSTE
MEREO BIOPHARMA GROUP PL-ADR,589492107,30536,92534,,
UTSTARCOM HOLDINGS CORP,G9310A122,30467,12236,,UTSI
GLUCOTRACK INC,45824Q804,30224,46499,,
ASIASTRATEGY,G8946B108,30222,15111,,SORA
FINGERMOTION INC,31788K108,30175,30327,,
INSPIREMD INC,45779A846,29737,18244,,
TRIVAGO NV - ADR,89686D303,29720,10967,,
INNOVATIVE INDUSTRIAL PROPER,45781V101,29306,420,,
SNAIL INC - CLASS A,83301J100,29304,57348,,
NOCERA INC,655186500,29071,142769,,
CHECHE GROUP INC,G20707108,28693,32459,,CCGWW
ZENTEK LTD,98942X102,28424,53854,,ZTEK
FUNCTIONAL BRANDS INC,360948103,28397,178043,,MEHA
YATRA ONLINE INC,G98338109,28343,25535,,
60 DEGREES PHARMA INC,83006G500,28217,16124,,
MARWYNN HOLDINGS INC,573863107,28187,37835,,
INVESTCORP CREDIT MANAGEMENT,46090R104,27439,16938,,
ZHENGYE BIOTECHNOLOGY-A,G989MS101,27172,29068,,
MATINAS BIOPHARMA HOLDINGS I,576810303,26700,53389,,
TOPPOINT HOLDINGS INC,89078D101,26517,37662,,TOPP
EDUCATIONAL DEVELOPMENT CORP,281479105,26182,20746,,EDUC
NEW CONCEPT ENERGY INC,643611106,25465,31404,,
CALLAN JMB INC,131100109,25392,20314,,CJMB
SMART SHARE GLOBAL LTD - ADR,83193E102,25306,22395,,
SOBR SAFE INC,833592405,24890,49682,,
OPENDOOR TECHNOLOGIES INC-26,683712137,24271,98710,,
PRESURANCE HOLDINGS INC,20731J102,23909,46918,,
IP STRATEGY HOLDINGS INC,42727R203,23874,90433,,
VIOMI TECHNOLOGY CO LTD-ADR,92762J103,23828,21467,,
ABOVE FOOD INGREDIENTS INC,00373V100,23698,23464,,ABVEF
ELITE EXPRESS HOLDING INC,28661C104,23682,34273,,ETS
EMERSON RADIO CORP,291087203,23496,62324,,MSN
ENTERA BIO LTD,M40527109,23460,21136,,ENTX
SYNERGY CHC CORP,87165D208,23346,18098,,SNYR
OPENDOOR TECHNOLOGIES INC-26,683712145,23226,98710,,
HWH INTERNATIONAL INC,44852G309,22974,21273,,HWH
ONECONSTRUCTION GROUP LTD,G6826S100,22954,11036,,ONEG
NETCAPITAL INC,64113L202,22346,69271,,NCPLW
K WAVE MEDIA LTD,G53151109,22106,42594,,KWMWW
BLUE GOLD LTD-CL A,G1331C104,21770,17992,,
BIO GREEN MED SOLUTION INC,23254L876,21588,21588,,
MURANO GLOBAL INVESTMENTS PL,G63369105,21561,53608,,
SCIENJOY HOLDING CORP-A,G7864D112,21086,16735,,
SHENGFENG DEVELOPMENT LTD-A,G8117B101,20906,23490,,
KUSTOM ENTERTAINMENT INC,25382T507,20536,35196,,
SPLASH BEVERAGE GROUP INC,84862C302,20355,56659,,
YSX TECH CO LTD,G9877T100,19610,16342,,
LA ROSA HOLDINGS CORP,50172T301,19576,33236,,LRHC
OKYO PHARMA LTD,G6724L116,19464,12090,,OKYO
BRAGG GAMING GROUP INC,104833306,19356,11254,,BRAG
DIGITAL CURRENCY X TECHNOLOG,G4465R137,19113,11243,,
TUNIU CORP-SPON ADR,89977P106,19039,24726,,
TANDY LEATHER FACTORY INC,87538X105,18709,8092,,TLF
TWIN VEE POWERCATS CO,90177C200,18686,72764,,
LIMINATUS PHARMA INC-CL A,53271X108,18639,108414,,
VERSUS SYSTEMS INC,92540Q106,18505,15551,,VS
INNSUITES HOSPITALITY TRUST,457919108,18322,18139,,IHT
MINDWALK HOLDINGS CORP,602687105,18231,16134,,HYFT
SMART LOGISTICS GLOBAL LTD,G82195101,18174,24897,,SLGB
NEO-CONCEPT INTL GROUP HLD-A,G6421C120,18084,10160,,
STABLEX TECHNOLOGIES INC,054748306,18054,9759,,
RUANYUN EDAI TECHNOLOGY INC,G7710T105,17878,20088,,RYET
EDIBLE GARDEN AG INC,28059P501,17814,15491,,EDBLW
POP CULTURE GROUP CO LTD-A,G71700119,17559,58011,,
ONCONETIX INC,68237Q302,17462,11720,,
BIOCERES CROP SOLUTIONS CORP,G1117K114,17389,39087,,BIOX
NEW HORIZON AIRCRAFT LTD,64550A107,16960,12029,,HOVRW
INTERCURE LTD,M549GJ111,16924,22539,,INCR
AIM IMMUNOTECH INC,00901B303,16778,28681,,AIM
UCLOUDLINK GROUP INC,90354D104,15610,11071,,UCL
PROFUSA INC,74319X207,15486,30545,,
CORE AI HOLDINGS INC,83013Q871,15219,15069,,
ZOOZ STRATEGY LTD,M2573A106,15149,50329,,ZOOZW
SINGULARITY FUTURE TECHNOLOG,82935V307,15090,36275,,
REITAR LOGTECH HOLDINGS LTD,G7486B106,14899,29330,,RITR
REDCLOUD HOLDINGS PLC,G71115102,14505,20569,,RCT
CALIDI BIOTHERAPEUTICS INC,320703408,14225,59570,,
BGM GROUP LTD,G7307E123,14205,46961,,BGM
ROBO.AI INC.,G6693P106,13778,159654,,AIIOW
OHMYHOME LTD-A,G6S38M123,12902,10490,,
ENERGYS GROUP LTD,G3040B104,12886,11014,,ENGS
CBL INTERNATIONAL LTD-B,G1991X125,12350,13001,,
ICECURE MEDICAL LTD,M53071136,12176,40453,,ICCM
HCW BIOLOGICS INC,40423R204,11981,33280,,HCWB
NEUROSENSE THERAPEUTICS LTD,M74240108,11981,15870,,NRSNW
LOTUS TECHNOLOGY INC,54572F101,11559,10052,,LOTWW
ADITXT INC,007025877,11471,11719,,
POWERBANK CORP,73933V100,11210,20938,,PBK
PRIMECH HOLDINGS LTD,Y708VV108,10958,16381,,PMEC
CAPTIVISION INC,G18932106,10814,27461,,CPTAF
PLANET IMAGE INTERNATIONAL L,G7122D102,10584,12104,,
TRYHARD HOLDINGS LTD,G9107K101,10520,31127,,THH
GREENLAND TECHNOLOGIES-A,G4095T107,9575,13703,,
TOP FINANCIAL GROUP LTD A,G989A6102,9187,11095,,
TRINITY BIOTECH PLC-SPON ADR,896438504,9023,16642,,
TJGC GROUP LTD,G2588N108,7539,10619,,TJGC
CCH HOLDINGS LTD,G1993F106,7463,11661,,CCHH
ABLE VIEW GLOBAL INC-B,G1149B108,6849,10224,,
BARINTHUS BIOTHERAPEUTICS PL,91864C107,6622,11568,,
IMMUTEP LTD-SP ADR,45257L108,6571,18722,,
AGROZ INC,G0136M101,6527,13349,,AGRZ
FAST TRACK GROUP,G33380109,5565,13506,,FTRK
LIANHE SOWELL INTL-A,G5480C104,5311,34942,,
XEROX HOLDINGS CORP,98421M114,4326,47788,,XRXDW
SEMILUX INTERNATIONAL LTD,G8021C104,4043,16572,,SELXF
AERIES TECHNOLOGY INC,G0136H102,4029,12875,,
MINT INCORPORATION LTD-A,G6146G109,3724,13794,,
CHICAGO ATLANTIC REAL ESTATE,167239102,3621,230,,
TEN-LEAGUE INTERNATIONAL HLD,G8763W102,3168,12859,,
HEARTCORE ENTERPRISES INC,42240Q104,2727,12158,,
IO BIOTECH INC,449778109,1955,33307,,
MEGAN HOLDINGS LTD-CL A,G5980E105,1784,10185,,
707 CAYMAN HLDGS LTD,G8071C103,1283,13807,,
HITEK GLOBAL INC,G45139105,576,14392,,HKIT
WM TECHNOLOGY INC,92971A109,546,597,,
PRESIDIO PROPERTY TRST -CW27,74102L113,227,11438,,
