name_of_issuer,cusip,value_usd_thousands,shares,put_call,ticker
APPLE INC,037833100,46812958,264351901,,AAPL
MICROSOFT CORP,594918104,43313705,129107118,,MSFT
AMAZON.COM INC,023135106,23917115,7193360,,
ALPHABET INC-CL A,02079K305,15381257,5322633,,
TESLA INC,88160R101,14302749,13571554,,
META PLATFORMS INC-CLASS A,30303M102,13629910,40627257,,
ALPHABET INC-CL C,02079K107,13474847,4669682,,
NVIDIA CORP,67066G104,12287340,41888133,,NVDA
BERKSHIRE HATHAWAY INC-CL B,084670702,8945191,29991238,,
UNITEDHEALTH GROUP INC,91324P102,7821210,15618069,,UNH
JOHNSON & JOHNSON,478160104,7576867,44405610,,JNJ
JPMORGAN CHASE & CO,46625H100,7548705,47806506,,JPM-PM
PROCTER & GAMBLE CO/THE,742718109,7090497,43444122,,
HOME DEPOT INC,437076102,7002662,16921581,,
VISA INC-CLASS A SHARES,92826C839,6416486,29682215,,
PFIZER INC,717081103,5952333,101065073,,PFE
MASTERCARD INC - A,57636Q104,5429311,15148167,,
BANK OF AMERICA CORP,060505104,5210264,117441970,,
ADOBE INC,00724F101,4863475,8597416,,ADBE
CISCO SYSTEMS INC,17275R102,4623101,73136734,,
BROADCOM INC,11135F101,4518636,6809021,,AVGO
WALT DISNEY CO,254687106,4448175,28802702,,DIS
ACCENTURE PLC-CL A,G1151C101,4434616,10724559,,
EXXON MOBIL CORP,30231G102,4322078,70815006,,
NETFLIX INC,64110L106,4320858,7192197,,NFLX
THERMO FISHER SCIENTIFIC INC,883556102,4261136,6403805,,TMO
COSTCO WHOLESALE CORP,22160K105,4173133,7372449,,
COCA-COLA CO/THE,191216100,4102043,69443905,,
ELI LILLY & CO,532457108,4059130,14731168,,LLY
INTEL CORP,458140100,4013364,78100727,,INTC
PEPSICO INC,713448108,4008329,23137438,,PEP
COMCAST CORP-CLASS A,20030N101,3992896,79539982,,
ABBOTT LABORATORIES,002824100,3915982,27906282,,ABT
SALESFORCE.COM INC,79466L302,3914460,15448821,,
ABBVIE INC,00287Y109,3850573,28518946,,ABBV
VERIZON COMMUNICATIONS INC,92343V104,3792626,73174424,,VZ
CHEVRON CORP,166764100,3776323,32250237,,CVX
MERCK & CO. INC.,58933Y105,3682009,48153283,,
PAYPAL HOLDINGS INC,70450Y103,3608177,19184985,,
NIKE INC -CL B,654106103,3564786,21444116,,
WALMART INC,931142103,3496676,24239022,,WMT
DANAHER CORP,235851102,3457729,10539950,,
MCDONALD'S CORP,580135101,3435310,12846007,,
QUALCOMM INC,747525103,3410285,18698509,,
TEXAS INSTRUMENTS INC,882508104,3368472,17910932,,TXN
WELLS FARGO & CO,949746101,3167331,66180737,,
INTUIT INC,461202103,3158032,4922658,,INTU
AT&T INC,00206R102,3023357,123218974,,T-PC
NEXTERA ENERGY INC,65339F101,2971390,31922835,,NEE-PS
ADVANCED MICRO DEVICES,007903107,2853395,19885441,,
LINDE PLC,G5494J103,2821287,8167370,,LIN
LOWE'S COS INC,548661107,2816443,10925641,,
APPLIED MATERIALS INC,038222105,2671813,17016315,,
UNION PACIFIC CORP,907818108,2616574,10413195,,UNP
PHILIP MORRIS INTERNATIONAL,718172109,2590702,27333383,,
AMERICAN TOWER CORP,03027X100,2531637,8675143,,
UNITED PARCEL SERVICE-CL B,911312106,2443951,11435714,,
HONEYWELL INTERNATIONAL INC,438516106,2388336,11484615,,HON
STARBUCKS CORP,855244109,2385035,20440456,,SBUX
ORACLE CORP,68389X105,2376988,27324248,,ORCL-PD
BRISTOL-MYERS SQUIBB CO,110122108,2354737,37863099,,
MORGAN STANLEY,617446448,2334943,23850965,,MS-PQ
MEDTRONIC PLC,G5960L103,2320796,22494541,,MDT
PROLOGIS INC,74340W103,2300903,13702145,,
AMGEN INC,031162100,2295704,10227791,,AMGN
INTUITIVE SURGICAL INC,46120E602,2288520,6385862,,ISRG
CVS HEALTH CORP,126650100,2273690,22099200,,CVS
GOLDMAN SACHS GROUP INC,38141G104,2207799,5786188,,GS-PD
ZOETIS INC,98978V103,2120301,8710236,,ZTS
BLACKROCK INC,09247X101,2099650,2300304,,
S&P GLOBAL INC,78409V104,2077459,4412376,,SPGI
SCHWAB (CHARLES) CORP,808513105,2038366,24307246,,
CITIGROUP INC,172967424,2033390,33753519,,C-PR
RAYTHEON TECHNOLOGIES CORP,75513E101,2031633,23677266,,
INTL BUSINESS MACHINES CORP,459200101,2001895,15018006,,
AUTOMATIC DATA PROCESSING,053015103,1999845,8128167,,
SERVICENOW INC,81762P102,1995048,3082765,,
ANTHEM INC,036752103,1929914,4174578,,
3M CO,88579Y101,1910601,10780080,,MMM
TARGET CORP,87612E106,1890357,8187017,,TGT
CATERPILLAR INC,149123101,1776940,8619170,,CAT
MICRON TECHNOLOGY INC,595112103,1774409,19100382,,MU
CROWN CASTLE INTL CORP,22822V101,1758348,8441732,,
BOEING CO/THE,097023105,1729452,8616520,,
LAM RESEARCH CORP,512807108,1671430,2330235,,LRCX
GENERAL ELECTRIC CO,369604301,1664776,17674014,,GE
GILEAD SCIENCES INC,375558103,1647123,22739179,,
CONOCOPHILLIPS,20825C104,1631930,22672355,,COP
AMERICAN EXPRESS CO,025816109,1603735,9833314,,AXP
BOOKING HOLDINGS INC,09857L108,1591171,665085,,BKNG
ANALOG DEVICES INC,032654105,1548089,8832559,,ADI
MONDELEZ INTERNATIONAL INC-A,609207105,1544557,23361172,,
MODERNA INC,60770K107,1527786,6032463,,
DEERE & CO,244199105,1517347,4438733,,DE
EQUINIX INC,29444U700,1509133,1788493,,EQIX
LOCKHEED MARTIN CORP,539830109,1480411,4175390,,LMT
MARSH & MCLENNAN COS,571748102,1478000,8525869,,
TJX COMPANIES INC,872540109,1443489,19071010,,
CME GROUP INC,12572Q105,1443117,6331278,,CME
ALTRIA GROUP INC,02209S103,1437087,30391914,,
EDWARDS LIFESCIENCES CORP,28176E108,1434219,11099842,,EW
CSX CORP,126408103,1407138,37512305,,CSX
CHUBB LTD,H1467J104,1399853,7261364,,CB
STRYKER CORP,863667101,1393901,5227951,,SYK
FORD MOTOR CO,345370860,1387115,66975441,,F-PD
PNC FINANCIAL SERVICES GROUP,693475105,1374503,6874797,,
DUKE ENERGY CORP,26441C204,1364219,13041850,,DUK-PA
ESTEE LAUDER COMPANIES-CL A,518439104,1347667,3651707,,
CHARTER COMMUNICATIONS INC-A,16119P108,1329791,2045440,,
GENERAL MOTORS CO,37045V100,1328077,22718943,,GM
SHERWIN-WILLIAMS CO/THE,824348106,1316576,3750426,,
COLGATE-PALMOLIVE CO,194162103,1306535,15342882,,
US BANCORP,902973304,1305145,23287715,,
INTERCONTINENTAL EXCHANGE IN,45866F104,1296309,9503613,,
REGENERON PHARMACEUTICALS,75886F107,1245725,1977302,,
ILLINOIS TOOL WORKS,452308109,1242988,5048788,,
CIGNA CORP,125523100,1242969,5428675,,
T-MOBILE US INC,872590104,1230269,10635883,,
TRUIST FINANCIAL CORP,89832Q109,1228617,21038980,,TFC-PR
SIMON PROPERTY GROUP INC,828806109,1192310,7468805,,SPG-PJ
PUBLIC STORAGE,74460D109,1189857,3183181,,PSA-PS
IDEXX LABORATORIES INC,45168D104,1182485,1799521,,
NORFOLK SOUTHERN CORP,655844108,1169049,3938677,,NSC
SYNOPSYS INC,871607107,1142651,3107973,,SNPS
SOUTHERN CO/THE,842587107,1133435,16564622,,
BECTON DICKINSON AND CO,075887109,1128262,4499909,,
EATON CORP PLC,G29183103,1126638,6538531,,ETN
AIR PRODUCTS & CHEMICALS INC,009158106,1121472,3695491,,
FISERV INC,337738108,1102968,10654469,,FISV
WASTE MANAGEMENT INC,94106L109,1100331,6612143,,WM
MOODY'S CORP,615369105,1083675,2782039,,
BLACKSTONE INC,09260D107,1080985,8366768,,BX
KLA CORP,482480100,1079897,2517601,,KLAC
XILINX INC,983919101,1079514,5101641,,
FIDELITY NATIONAL INFO SERV,31620M106,1076523,9891046,,
CAPITAL ONE FINANCIAL CORP,14040H105,1070059,7393740,,COF-PN
FORTINET INC,34959E109,1062635,2962568,,
AON PLC-CLASS A,G0403H108,1048456,3498372,,
FEDEX CORP,31428X106,1047785,4062836,,FDX
ACTIVISION BLIZZARD INC,00507V109,1028035,15484291,,
FREEPORT-MCMORAN INC,35671D857,1021538,24550497,,FCX
PROGRESSIVE CORP,743315103,1016007,9922621,,
O'REILLY AUTOMOTIVE INC,67103H107,1007237,1428885,,
NXP SEMICONDUCTORS NV,N6596X109,1004160,4420992,,
DEXCOM INC,252131107,1000773,1868331,,DXCM
AUTODESK INC,052769106,999908,3566451,,
CADENCE DESIGN SYS INC,127387108,993732,5343591,,
DOMINION ENERGY INC,25746U109,993369,12672357,,
IHS MARKIT LTD,G47567105,972198,7332993,,
IQVIA HOLDINGS INC,46266C105,971769,3453382,,IQV
HCA HEALTHCARE INC,40412C101,971719,3793750,,
PAYCHEX INC,704326107,957240,7024975,,PAYX
ILLUMINA INC,452327109,955797,2519426,,
VERTEX PHARMACEUTICALS INC,92532F100,954276,4356220,,
ECOLAB INC,278865100,953262,4075692,,ECL
NORTHROP GRUMMAN CORP,666807102,949972,2461593,,
EXELON CORP,30161N101,949363,16465854,,EXC
BOSTON SCIENTIFIC CORP,101137107,946812,22354168,,BSX
JOHNSON CONTROLS INTERNATION,G51502105,946628,11675879,,
DIGITAL REALTY TRUST INC,253868103,940538,5331398,,
DOLLAR GENERAL CORP,256677105,939948,3996693,,DG
MARVELL TECHNOLOGY INC,573874104,936999,10725727,,
HUMANA INC,444859102,936822,2025676,,HUM
AGILENT TECHNOLOGIES INC,00846U101,934437,5866133,,
SBA COMMUNICATIONS CORP,78410G104,934400,2407162,,SBAC
MSCI INC,55354G100,933388,1527200,,MSCI
AMPHENOL CORP-CL A,032095101,931701,10681931,,
AUTOZONE INC,053332102,927398,443157,,AZO
T ROWE PRICE GROUP INC,74144T108,924658,4712847,,
EMERSON ELECTRIC CO,291011104,921311,9938655,,EMR
TRANE TECHNOLOGIES PLC,G8994E103,917883,4554635,,TT
EOG RESOURCES INC,26875P101,917640,10346154,,EOG
REALTY INCOME CORP,756109104,904757,12664560,,O
MICROCHIP TECHNOLOGY INC,595017104,898949,10352013,,MCHPP
CARRIER GLOBAL CORP,14448C104,894043,16524821,,CARR
CHIPOTLE MEXICAN GRILL INC,169656105,889586,510193,,CMG
HP INC,40434L105,861205,22903476,,HPQ
MOTOROLA SOLUTIONS INC,620076307,844840,3117405,,
ROPER TECHNOLOGIES INC,776696106,812807,1657629,,ROP
COGNIZANT TECH SOLUTIONS-A,192446102,810340,9157919,,
APTIV PLC,G6095L109,806183,4900785,,APTV
NEWMONT CORP,651639106,803531,12994833,,
ALIGN TECHNOLOGY INC,016255101,799668,1220267,,ALGN
KIMBERLY-CLARK CORP,494368103,799062,5605887,,
CENTENE CORP,15135B101,798414,9715889,,CNC
METLIFE INC,59156R108,794955,12755544,,MET-PF
METTLER-TOLEDO INTERNATIONAL,592688105,791240,467100,,
YUM! BRANDS INC,988498101,788024,5686043,,
PIONEER NATURAL RESOURCES CO,723787107,785194,4328150,,
PRUDENTIAL FINANCIAL INC,744320102,785189,7266835,,PRS
WELLTOWER INC,95040Q104,783078,9150392,,WELL
TE CONNECTIVITY LTD,H84989104,779663,4847829,,
VERISK ANALYTICS INC,92345Y106,779419,3415064,,
SVB FINANCIAL GROUP,78486Q101,776681,1147701,,
HILTON WORLDWIDE HOLDINGS IN,43300A203,774043,4975685,,
AMERICAN INTERNATIONAL GROUP,026874784,772068,13618835,,
ROCKWELL AUTOMATION INC,773903109,768798,2207852,,
FASTENAL CO,311900104,765002,11961920,,FAST
OTIS WORLDWIDE CORP,68902V107,762582,8773526,,OTIS
CBRE GROUP INC - A,12504L109,761295,7029959,,
GENERAL DYNAMICS CORP,369550108,757162,3642456,,GD
AMERICAN ELECTRIC POWER,025537101,753951,8498401,,
SNOWFLAKE INC-CLASS A,833445109,749895,2217733,,
BAXTER INTERNATIONAL INC,071813109,746523,8719597,,BAX
PARKER HANNIFIN CORP,701094104,746079,2351599,,
CINTAS CORP,172908105,744960,1685369,,CTAS
PPG INDUSTRIES INC,693506107,738738,4295613,,PPG
DOW INC,260557103,736825,13024276,,DOW
AVALONBAY COMMUNITIES INC,053484101,735258,2917649,,AVB
DISCOVER FINANCIAL SERVICES,254709108,734302,6364472,,
MARRIOTT INTERNATIONAL -CL A,571903202,730760,4435619,,
ARCHER-DANIELS-MIDLAND CO,039483102,729430,10812461,,ADM
RESMED INC,761152107,724125,2786688,,RSMDF
EPAM SYSTEMS INC,29414B104,722658,1083728,,
DUPONT DE NEMOURS INC,26614N102,722327,8967301,,
MARATHON PETROLEUM CORP,56585A102,720386,11288439,,MPC
XCEL ENERGY INC,98389B100,717362,10621372,,XELLL
AFLAC INC,001055102,709307,12177065,,AFL
KEYSIGHT TECHNOLOGIES IN,49338L103,705536,3424293,,
AMERIPRISE FINANCIAL INC,03076C106,701689,2331235,,AMP
DR HORTON INC,23331A109,701101,6480995,,
MCKESSON CORP,58155Q103,699869,2822874,,MCK
FIRST REPUBLIC BANK/CA,33616C100,699392,3394620,,
SCHLUMBERGER LTD,806857108,699052,23408484,,
EBAY INC,278642103,697960,10519375,,EBAY
PALO ALTO NETWORKS INC,697435105,697942,1255426,,PANW
MATCH GROUP INC,57667L107,695597,5272334,,
BANK OF NEW YORK MELLON CORP,064058100,694761,11999772,,BNY-PK
INTL FLAVORS & FRAGRANCES,459506101,688774,4584536,,
SEMPRA ENERGY,816851109,688123,5217435,,
L3HARRIS TECHNOLOGIES INC,502431109,685648,3224878,,
CORTEVA INC,22052L104,685282,14529331,,
OLD DOMINION FREIGHT LINE,679580100,681957,1907518,,
EXTRA SPACE STORAGE INC,30225T102,679643,3004095,,EXR
ARTHUR J GALLAGHER & CO,363576109,678118,4004598,,
AMERICAN WATER WORKS CO INC,030420103,674494,3580170,,
MONSTER BEVERAGE CORP,61174X109,672748,7017465,,MNST
WEYERHAEUSER CO,962166104,670801,16321125,,WY
UBER TECHNOLOGIES INC,90353T100,660733,15780530,,
TRAVELERS COS INC/THE,89417E109,660678,4233724,,
ELECTRONIC ARTS INC,285512109,658845,5007133,,EA
ROSS STORES INC,778296103,657377,5769402,,
BIOGEN INC,09062X103,656969,2745331,,BIIB
ALEXANDRIA REAL ESTATE EQUIT,015271109,654215,2941011,,
ANSYS INC,03662Q105,653901,1634220,,
EQUIFAX INC,294429105,652242,2233579,,EFX
GENERAL MILLS INC,370334104,651804,9702973,,GIS
WEST PHARMACEUTICAL SERVICES,955306105,646546,1382016,,
EQUITY RESIDENTIAL,29476L107,644029,7132900,,EQR
GLOBAL PAYMENTS INC,37940X102,642546,4766200,,GPN
AMETEK INC,031100100,642259,4379126,,
WALGREENS BOOTS ALLIANCE INC,931427108,641900,12332488,,
PUBLIC SERVICE ENTERPRISE GP,744573106,640751,9626846,,
CONSTELLATION BRANDS INC-A,21036P108,638398,2551818,,
NUCOR CORP,670346105,637759,5600933,,NUE
LENNAR CORP-A,526057104,635338,5482388,,
STATE STREET CORP,857477103,632599,6819476,,STT-PG
REPUBLIC SERVICES INC,760759100,620473,4459637,,
TWITTER INC,90184L102,617134,14314021,,
SYSCO CORP,871829107,615028,7854811,,SYY
CUMMINS INC,231021106,614408,2823165,,CMI
COPART INC,217204106,611776,4045233,,CPRT
DOLLAR TREE INC,256746108,610233,4353256,,
BLOCK INC,852234103,608623,3775541,,
WEC ENERGY GROUP INC,92939U106,608590,6280138,,
ZEBRA TECHNOLOGIES CORP-CL A,989207105,604806,1018558,,
LULULEMON ATHLETICA INC,550021109,601108,1537635,,LULU
ARISTA NETWORKS INC,040413106,598493,4174382,,
WILLIAMS COS INC,969457100,598316,23035416,,
EVERSOURCE ENERGY,30040W108,593253,6537050,,ES
TRANSDIGM GROUP INC,893641100,592169,933187,,TDG
DATADOG INC - CLASS A,23804L103,592147,3328280,,
PHILLIPS 66,718546104,591925,8189974,,PSX
LABORATORY CRP OF AMER HLDGS,50540R409,588268,1876827,,
BALL CORP,058498106,587448,6118033,,BALL
KROGER CO,501044101,586082,12978664,,KR
CONSOLIDATED EDISON INC,209115104,585421,6872627,,ED
WILLIS TOWERS WATSON PLC,G96629103,584069,2465386,,WTW
ALLSTATE CORP,020002101,584033,4978006,,ALL-PB
FIFTH THIRD BANCORP,316773100,580122,13353444,,FITB-PK
PACCAR INC,693718108,578406,6568605,,PCAR
HERSHEY CO/THE,427866108,577810,2992510,,
VALERO ENERGY CORP,91913Y100,575161,7675499,,
MID-AMERICA APARTMENT COMM,59522J103,568757,2484415,,
CERNER CORP,156782104,565920,6107670,,
AIRBNB INC-CLASS A,009066101,565612,3401662,,
KINDER MORGAN INC,49456B101,565217,35733418,,
DEVON ENERGY CORP,25179M103,562357,12797427,,
CROWDSTRIKE HOLDINGS INC - A,22788C105,553862,2708467,,
STANLEY BLACK & DECKER INC,854502101,551914,2934065,,
WORKDAY INC-CLASS A,98138H101,546801,2004866,,
SYNCHRONY FINANCIAL,87165B103,541001,11682675,,SYF-PB
KKR & CO INC,48251W104,532716,7160635,,
GARTNER INC,366651107,532179,1595786,,IT
CORNING INC,219350105,531311,14305409,,
VERISIGN INC,92343E102,530418,2093456,,
ETSY INC,29786A106,527854,2416793,,ETSY
VULCAN MATERIALS CO,929160109,522888,2525378,,VMC
TYSON FOODS INC-CL A,902494103,520055,5975278,,
MARTIN MARIETTA MATERIALS,573284106,517730,1178310,,
NASDAQ INC,631103108,516168,2462659,,
CDW CORP/DE,12514G108,514711,2519931,,
TRACTOR SUPPLY COMPANY,892356106,514039,2159527,,
DUKE REALTY CORP,264411505,513484,7841286,,
TRADE DESK INC/THE -CLASS A,88339J105,510603,5579548,,
VEEVA SYSTEMS INC-CLASS A,922475108,501623,1966012,,
ALBEMARLE CORP,012653101,500283,2145611,,ALB-PA
NORTHERN TRUST CORP,665859104,500059,4190579,,NTRSO
EXPEDIA GROUP INC,30212P303,499177,2769044,,
ONEOK INC,682680103,497938,8495672,,
TERADYNE INC,880770102,497808,3051975,,
FORTIVE CORP,34959J108,491693,6461970,,FTV
KRAFT HEINZ CO/THE,500754106,491431,13708881,,
OCCIDENTAL PETROLEUM CORP,674599105,489486,16927794,,
ESSEX PROPERTY TRUST INC,297178105,488302,1389431,,
SKYWORKS SOLUTIONS INC,83088M102,483924,3126997,,
DOVER CORP,260003108,481176,2656593,,DOV
ZIMMER BIOMET HOLDINGS INC,98956P102,474452,3744305,,
CHURCH & DWIGHT CO INC,171340102,473581,4632313,,
LYONDELLBASELL INDU-CL A,N53745100,469192,5092810,,
EXPEDITORS INTL WASH INC,302130109,468177,3494575,,
PERKINELMER INC,714046109,468177,2334412,,
EDISON INTERNATIONAL,281020107,466276,6850574,,EIX
ENPHASE ENERGY INC,29355A107,459596,2518259,,
MONGODB INC,60937P106,456904,864250,,
SOUTHWEST AIRLINES CO,844741108,456702,10680408,,LUV
SNAP INC - A,83304A106,455816,9710964,,
MCCORMICK & CO-NON VTG SHRS,579780206,455636,4728544,,
POOL CORP,73278L105,454829,805479,,POOL
ULTA BEAUTY INC,90384S303,453937,1103552,,
INGERSOLL-RAND INC,45687V106,450904,7307997,,
STERIS PLC,G8473T100,450622,1855821,,STE
CLOUDFLARE INC - CLASS A,18915M107,445623,3393114,,
WW GRAINGER INC,384802104,444380,859371,,
INVITATION HOMES INC,46187W107,442765,9776629,,INVH
HOLOGIC INC,436440101,442486,5790351,,
QUEST DIAGNOSTICS INC,74834L100,442198,2561957,,DGX
GENUINE PARTS CO,372460105,441547,3153401,,GPC
DELTA AIR LINES INC,247361702,441460,11317760,,
WATERS CORP,941848103,439993,1183053,,
BEST BUY CO INC,086516101,439481,4336305,,BBY
REGIONS FINANCIAL CORP,7591EP100,439159,20182959,,RF-PF
UNITED RENTALS INC,911363109,437724,1320719,,
VF CORP,918204108,433744,5937313,,
VENTAS INC,92276F100,431504,8459732,,
HUNTINGTON BANCSHARES INC,446150104,431309,28030043,,
AMEREN CORPORATION,023608102,431135,4855901,,AEE
DOMINO'S PIZZA INC,25754A201,429492,761979,,
HARTFORD FINANCIAL SVCS GRP,416515104,427660,6210689,,
NETAPP INC,64110D104,427514,4656425,,
TWILIO INC - A,90138F102,426785,1623840,,
COSTAR GROUP INC,22160N109,426313,5401624,,
GARMIN LTD,H2906T109,424829,3126835,,GRMN
DTE ENERGY COMPANY,233331107,422391,3542744,,
PPL CORP,69351T106,421814,14041243,,PPLC
MONOLITHIC POWER SYSTEMS INC,609839105,420694,854795,,
SHOPIFY INC - CLASS A,82509L107,420384,306868,,
TYLER TECHNOLOGIES INC,902252105,415761,774761,,TYL
KEYCORP,493267108,415188,17992418,,
TRIMBLE INC,896239100,414203,4762430,,TRMB
GENERAC HOLDINGS INC,368736104,412807,1175929,,GNRC
ZOOM VIDEO COMMUNICATIONS-A,98980L101,411390,2240150,,
ROYAL BANK OF CANADA,780087102,410703,3874547,,RYLBF
WESTERN DIGITAL CORP,958102105,410390,6308135,,WDC
FIRSTENERGY CORP,337932107,406102,9790945,,FE
CLOROX COMPANY,189054109,405639,2331231,,
PAYCOM SOFTWARE INC,70432V102,405562,979129,,
ENTERGY CORP,29364G103,404686,3602280,,
OKTA INC,679295105,404114,1805097,,
HEALTHPEAK PROPERTIES INC,42250P103,403085,11194859,,
FACTSET RESEARCH SYSTEMS INC,303075105,401813,827816,,FDS
BROADRIDGE FINANCIAL SOLUTIO,11133T103,400648,2196892,,
CATALENT INC,148806102,398109,3117570,,
TAKE-TWO INTERACTIVE SOFTWRE,874054109,397335,2240885,,
BAKER HUGHES CO,05722G100,394406,16434054,,BKR
BIO-TECHNE CORP,09073M104,393692,762953,,TECH
CITIZENS FINANCIAL GROUP,174610105,392034,8315920,,
HALLIBURTON CO,406216101,392029,17185063,,HAL
HEWLETT PACKARD ENTERPRISE,42824C109,390943,24839336,,
DOCUSIGN INC,256163106,390330,2566321,,
XYLEM INC,98419M100,389766,3258959,,XYL
ON SEMICONDUCTOR CORP,682189105,389035,5736283,,ON
SEAGATE TECHNOLOGY HOLDINGS,G7997R103,383111,3398966,,
HUBSPOT INC,443573100,382446,581044,,HUBS
HESS CORP,42809H107,380546,5153724,,
CARMAX INC,143130102,379663,2923446,,KMX
AKAMAI TECHNOLOGIES INC,00971T101,378851,3243983,,AKAM
TORONTO-DOMINION BANK,891160509,378717,4945689,,
SIGNATURE BANK,82669G104,375710,1164486,,
COOPER COS INC/THE,216648402,372332,891028,,
RAYMOND JAMES FINANCIAL INC,754730109,371402,3706246,,RJF
DIAMONDBACK ENERGY INC,25278X109,368917,3428928,,
SUN COMMUNITIES INC,866674104,368293,1756281,,SUI
TELEDYNE TECHNOLOGIES INC,879360105,368082,844742,,TDY
CAESARS ENTERTAINMENT INC,12769G100,366610,3930019,,
FLEETCOR TECHNOLOGIES INC,339041105,364358,1631507,,
AMERISOURCEBERGEN CORP,03073E105,362726,2735360,,
INTERNATIONAL PAPER CO,460146103,362084,7725761,,
UDR INC,902653104,361656,6042768,,
PALANTIR TECHNOLOGIES INC-A,69608A108,361379,19873634,,
PRINCIPAL FINANCIAL GROUP,74251V102,360225,4992520,,
VIACOMCBS INC - CLASS B,92556H206,359699,11940801,,
M & T BANK CORP,55261F104,357311,2332709,,
NVR INC,62944T105,356181,60408,,NVR
CF INDUSTRIES HOLDINGS INC,125269100,356069,5040352,,
CMS ENERGY CORP,125896100,354614,5465158,,CMS-PC
DARDEN RESTAURANTS INC,237194105,351518,2339848,,DRI
QORVO INC,74736K101,349524,2240291,,
LKQ CORP,501889208,348150,5812305,,LKQ
CHARLES RIVER LABORATORIES,159864107,347506,924738,,
BATH & BODY WORKS INC,070830104,345713,4966256,,
CELANESE CORP,150870103,344931,2052472,,CE
ROKU INC,77543R102,344897,1513403,,
ZSCALER INC,98980G102,344632,1074070,,
AMCOR PLC,G0250X107,343819,28702606,,AMCCF
BOSTON PROPERTIES INC,101121101,342923,2984126,,
BROWN & BROWN INC,115236101,341895,4873604,,
ABIOMED INC,003654100,341837,953859,,
TEXTRON INC,883203101,341710,4436964,,TXT
IRON MOUNTAIN INC,46284V101,336217,6413135,,IRM
JACOBS ENGINEERING GROUP INC,469814107,332340,2393288,,
MARKETAXESS HOLDINGS INC,57060D108,330724,805955,,MKTX
AVERY DENNISON CORP,053611109,329200,1524097,,AVY
VIATRIS INC,92556V106,326620,24198036,,VTRS
HUNT (JB) TRANSPRT SVCS INC,445658107,324713,1592684,,
IDEX CORP,45167R104,323586,1372961,,
BIO-RAD LABORATORIES-A,090572207,321728,426623,,
OMNICOM GROUP,681919106,319993,4374682,,
CINCINNATI FINANCIAL CORP,172062101,319368,2810464,,CINF
EASTMAN CHEMICAL CO,277432100,317436,2632024,,EMN
MGM RESORTS INTERNATIONAL,552953101,316077,7061418,,MGM
AVANTOR INC,05352A100,313574,7451585,,
CENTERPOINT ENERGY INC,15189T107,313392,11258173,,CNP
HORIZON THERAPEUTICS PLC,G46188101,312637,2905298,,
ROYAL CARIBBEAN CRUISES LTD,V7780T103,311524,4061697,,RCL
KIMCO REALTY CORP,49446R109,310586,12617726,,KIM-PN
MASCO CORP,574599106,308386,4403661,,
LIBERTY BROADBAND-C,530307305,307949,1914345,,
INTERPUBLIC GROUP OF COS INC,460690100,306584,8198539,,
CHENIERE ENERGY INC,16411R208,306428,3026040,,
CONAGRA BRANDS INC,205887102,306024,8984780,,CAG
WHIRLPOOL CORP,963320106,305650,1305295,,
WABTEC CORP,929740108,305423,3324730,,
KEURIG DR PEPPER INC,49271V100,304414,8272583,,KDP
ALLIANT ENERGY CORP,018802108,302438,4932020,,LNT
QUANTA SERVICES INC,74762E102,295845,2584424,,
NORTONLIFELOCK INC,668771108,295347,11390347,,
AES CORP,00130H105,295241,12182321,,AES
EVERGY INC,30034W106,295057,4311435,,
CARNIVAL CORP,143658300,294677,14682847,,CCL
KELLOGG CO,487836108,293594,4570020,,
COTERRA ENERGY INC,127097103,292988,15455100,,
VMWARE INC-CLASS A,928563402,292964,2531728,,
CAMDEN PROPERTY TRUST,133131102,291645,1634169,,CPT
LIVE NATION ENTERTAINMENT IN,538034109,290813,2436776,,
C.H. ROBINSON WORLDWIDE INC,12541W209,288193,2683992,,
JM SMUCKER CO/THE,832696405,287268,2120286,,
FMC CORP,302491303,286878,2616708,,FMC
VICI PROPERTIES INC,925652109,286429,9524991,,VICI
F5 INC,315616102,282608,1157722,,
INCYTE CORP,45337C102,282546,3858142,,INCY
BILL.COM HOLDINGS INC,090043100,281253,1130264,,
MOSAIC CO/THE,61945C103,278902,7115137,,
ADVANCE AUTO PARTS INC,00751Y106,276528,1155870,,AAP
TELEFLEX INC,879369106,276368,843568,,TFX
PULTEGROUP INC,745867101,275664,4834252,,
MARATHON OIL CORP,565849106,275331,16790268,,
CARDINAL HEALTH INC,14149Y108,273086,5314555,,CAH
SS&C TECHNOLOGIES HOLDINGS,78467J100,271473,3315915,,
HOST HOTELS & RESORTS INC,44107P104,270366,15580484,,
TRANSUNION,89400J107,270212,2282419,,TRU
DOORDASH INC - A,25809K105,269991,1815179,,
CBOE GLOBAL MARKETS INC,12503M108,268959,2067788,,
FORTUNE BRANDS HOME & SECURI,34964C106,267838,2512273,,
SEAGEN INC,81181C104,266743,1727900,,
HORMEL FOODS CORP,440452100,266625,5471865,,
BROWN-FORMAN CORP-CLASS B,115637209,265724,3658468,,
UNITED AIRLINES HOLDINGS INC,910047109,263454,6026644,,
ATMOS ENERGY CORP,049560105,261871,2505903,,ATO
MOLINA HEALTHCARE INC,60855R100,261819,824233,,
PINTEREST INC- CLASS A,72352L106,260736,7182363,,
JACK HENRY & ASSOCIATES INC,426281101,260687,1564435,,JKHY
UNITY SOFTWARE INC,91332U101,260437,1822406,,U
WESTROCK CO,96145D105,259642,5865977,,
ROBERT HALF INTL INC,770323103,258007,2318613,,
JUNIPER NETWORKS INC,48203R104,255984,7179264,,
CERIDIAN HCM HOLDING INC,15677J108,255191,2449420,,
ALNYLAM PHARMACEUTICALS INC,02043Q107,254889,1505291,,
REGENCY CENTERS CORP,758849103,254451,3384464,,REGCP
FIDELITY NATIONAL FINANCIAL,31620R303,252440,4843334,,
ARCH CAPITAL GROUP LTD,G0450A105,250014,5628824,,ACGLO
SMITH (A.O.) CORP,831865209,249989,2918458,,
WP CAREY INC,92936U109,249430,3043613,,
WR BERKLEY CORP,084423102,248643,3024856,,
CITRIX SYSTEMS INC,177376100,248031,2627608,,
AMC ENTERTAINMENT HLDS-CL A,00165C104,247909,9121992,,
HASBRO INC,418056107,247249,2434716,,
PACKAGING CORP OF AMERICA,695156109,245285,1806289,,PKG
FOX CORP - CLASS A,35137L105,244686,6640745,,
DENTSPLY SIRONA INC,24906P109,242283,4352885,,XRAY
SNAP-ON INC,833034101,242076,1126555,,SNA
ENTEGRIS INC,29362U104,241021,1741860,,ENTG
EQUITY LIFESTYLE PROPERTIES,29472R108,240527,2747320,,
PTC INC,69370C100,239539,1982267,,PTC
CANADIAN NATL RAILWAY CO,136375102,238687,1946243,,
LUMEN TECHNOLOGIES INC,550241103,238281,19015233,,
SPLUNK INC,848637104,236842,2049835,,
BANK OF NOVA SCOTIA,064149107,236732,3346098,,BNS
LEIDOS HOLDINGS INC,525327102,233733,2635801,,
BROOKFIELD ASSET MANAGE-CL A,112585104,233601,3874046,,
AMERICAN HOMES 4 RENT- A,02665T306,232736,5336766,,
BURLINGTON STORES INC,122017106,232186,797778,,
INSULET CORP,45784P101,230775,868628,,PODD
CARVANA CO,146869102,229243,990470,,CVNA
P G & E CORP,69331C108,229153,18801727,,
SOLAREDGE TECHNOLOGIES INC,83417M104,226980,811454,,
ENBRIDGE INC,29250N105,226482,5794240,,ENBNF
HOWMET AEROSPACE INC,443201108,224619,7075803,,HWM
PENTAIR PLC,G7S00T104,223873,3073555,,PNR
LUCID GROUP INC,549498103,223627,5884660,,
ALLEGION PLC,G0176J109,222195,1682040,,ALLE
LOEWS CORP,540424108,220509,3827677,,L
LINCOLN NATIONAL CORP,534187109,220451,3237785,,LNC-PD
ALLY FINANCIAL INC,02005N100,219168,4605250,,ALLY
AMERICAN AIRLINES GROUP INC,02376R102,218247,12169912,,AAL
MARKEL CORP,570535104,216720,175898,,
COMERICA INC,200340107,216535,2492646,,
NORDSON CORP,655663102,216367,848630,,NDSN
MEDICAL PROPERTIES TRUST INC,58463J304,216255,9163551,,MPT
BUILDERS FIRSTSOURCE INC,12008R107,215229,2511142,,
RIVIAN AUTOMOTIVE INC-A,76954A103,215127,2078098,,
SYNAPTICS INC,87157D109,214493,740819,,SYNA
TAPESTRY INC,876030107,214233,5284345,,
NRG ENERGY INC,629377508,213974,4978532,,
BIOMARIN PHARMACEUTICAL INC,09061G101,211671,2399343,,BMRN
ROYALTY PHARMA PLC- CL A,G7709Q104,211110,5304122,,
HENRY SCHEIN INC,806407102,210243,2718292,,HSIC
GODADDY INC - CLASS A,380237107,208651,2462044,,
JONES LANG LASALLE INC,48020Q107,208028,772100,,JLL
BORGWARNER INC,099724106,206033,4582922,,BWA
CUBESMART,229663109,205422,3609595,,CUBE
NUANCE COMMUNICATIONS INC,67020Y100,204599,3704229,,
LIFE STORAGE INC,53223X107,204562,1335441,,
COGNEX CORP,192422103,203596,2621724,,CGNX
EVEREST RE GROUP LTD,G3223R108,202308,740467,,
BAIDU INC - SPON ADR,056752108,202248,1367435,,
NISOURCE INC,65473P105,202113,7339207,,NI
FEDERAL RLTY INVT TR,313747206,201185,1477819,,
BLACK KNIGHT INC,09215C105,201154,2429463,,
LATTICE SEMICONDUCTOR CORP,518415104,198382,2574385,,LSCC
APA CORP,03743Q108,197596,7358464,,APA
LAS VEGAS SANDS CORP,517834107,196854,5246346,,LVS
MOHAWK INDUSTRIES INC,608190104,194685,1071515,,MHK
MASIMO CORP,574795100,193760,662774,,
REXFORD INDUSTRIAL REALTY IN,76169C100,193291,2383083,,
APOLLO GLOBAL MGMT INC,03768E105,193284,2672033,,
PLUG POWER INC,72919P202,192165,6816478,,PLUG
WILLIAMS-SONOMA INC,969904101,192007,1135263,,
GAMING AND LEISURE PROPERTIE,36467J108,191462,3934755,,
BANK OF MONTREAL,063671101,191421,1779558,,
TREX COMPANY INC,89531P105,190615,1411650,,
GRACO INC,384109104,190041,2356984,,GGG
ZOOMINFO TECHNOLOGIES INC,98980F104,188262,2936245,,GTM
ZIONS BANCORP NA,989701107,187528,2973571,,
EASTGROUP PROPERTIES INC,277276101,186886,820216,,EGP
SEALED AIR CORP,81211K100,186294,2768451,,
CANADIAN PACIFIC RAILWAY LTD,13645T100,186086,2595703,,
NEWS CORP - CLASS A,65249B109,185485,8332450,,
ALCOA CORP,013872106,184747,3100825,,AA
RINGCENTRAL INC-CLASS A,76680R206,183840,982605,,
CYRUSONE INC,23283R100,181939,2027856,,
SERVICE CORP INTERNATIONAL,817565104,181443,2555518,,SCI
SEA LTD-ADR,81141R100,180836,825158,,
REPLIGEN CORP,759916109,180736,682437,,RGEN
UNIVERSAL HEALTH SERVICES-B,913903100,180255,1393670,,
STAG INDUSTRIAL INC,85254J102,180007,3753288,,
YUM CHINA HOLDINGS INC,98850P109,179810,3621040,,
LPL FINANCIAL HOLDINGS INC,50212V100,177110,1106321,,LPLA
TELADOC HEALTH INC,87918A105,175868,1917908,,
WAYFAIR INC- CLASS A,94419L101,175611,925784,,
ASSURANT INC,04621X108,174749,1123985,,
LIBERTY MEDIA CORP-LIBERTY-C,531229854,174690,2766232,,
MOLSON COORS BEVERAGE CO - B,60871R209,174393,3771747,,
NIO INC - ADR,62914V106,174261,5539804,,
CROWN HOLDINGS INC,228368106,173042,1566892,,
10X GENOMICS INC-CLASS A,88025U109,172504,1159455,,
FRANKLIN RESOURCES INC,354613101,171673,5140085,,BEN
STEEL DYNAMICS INC,858119100,171601,2768653,,STLD
BUNGE LTD,G16962105,171312,1837517,,
NEWELL BRANDS INC,651229106,169987,7795294,,NWL
TETRA TECH INC,88162G103,168818,994222,,TTEK
EXACT SCIENCES CORP,30063P105,168782,2171966,,
LAMB WESTON HOLDINGS INC,513272104,167311,2644005,,
LAMAR ADVERTISING CO-A,512816109,166763,1374802,,
WYNN RESORTS LTD,983134107,166296,1960369,,WYNN
DELL TECHNOLOGIES -C,24703L202,166205,2964351,,
FAIR ISAAC CORP,303250104,164782,380192,,FICO
UNITED THERAPEUTICS CORP,91307C102,164425,760948,,UTHR
ORGANON & CO,68622V106,163839,5387307,,OGN
VAIL RESORTS INC,91879Q109,163812,500180,,MTN
FLOOR & DECOR HOLDINGS INC-A,339750101,163775,1259714,,
LYFT INC-A,55087P104,163038,3820320,,
CARLISLE COS INC,142339100,162638,655483,,
SAIA INC,78709Y105,162332,481656,,SAIA
BOOZ ALLEN HAMILTON HOLDINGS,099502106,161946,1912566,,
GLOBE LIFE INC,37959E102,161561,1728388,,GL-PD
RPM INTERNATIONAL INC,749685103,161533,1601983,,
PENN NATIONAL GAMING INC,707569109,161147,3112786,,
WOLFSPEED INC,977852102,160351,1434656,,
TENET HEALTHCARE CORP,88033G407,159558,1953114,,THC
CAMPBELL SOUP CO,134429109,159075,3669997,,
OVINTIV INC,69047Q102,159000,4718128,,OVV
ELANCO ANIMAL HEALTH INC,28414H103,158838,5604908,,ELAN
ESSENTIAL UTILITIES INC,29670G102,158637,2959223,,
DXC TECHNOLOGY CO,23355L106,158156,4918927,,DXC
ARES MANAGEMENT CORP - A,03990B101,157708,1940545,,
TARGA RESOURCES CORP,87612G101,157593,3016712,,TRGP
DISH NETWORK CORP-A,25470M109,156862,4846691,,
DROPBOX INC-CLASS A,26210C104,155968,6361635,,
CIENA CORP,171779309,155435,2019434,,CIEN
AVIS BUDGET GROUP INC,053774105,155034,747491,,
BJ'S WHOLESALE CLUB HOLDINGS,05550J101,154966,2313969,,
ZENDESK INC,98936J101,154247,1481234,,
REGAL REXNORD CORP,758750103,153756,903495,,RRX
WILLSCOT MOBILE MINI HOLDING,971378104,153387,3755826,,
ZILLOW GROUP INC - C,98954M200,152722,2395279,,
PEOPLE'S UNITED FINANCIAL,712704105,152275,8557494,,
LITHIA MOTORS INC,536797103,152066,512096,,LAD
MANHATTAN ASSOCIATES INC,562750109,151977,976425,,MANH
EAST WEST BANCORP INC,27579R104,151722,1928352,,EWBC
LENNOX INTERNATIONAL INC,526107107,151681,468286,,LII
EMCOR GROUP INC,29084Q100,151618,1190191,,
PINNACLE WEST CAPITAL,723484101,151478,2149085,,
WATSCO INC,942622200,151462,484113,,WSO-B
EQUITABLE HOLDINGS INC,29452E101,151425,4625196,,
ROLLINS INC,775711104,151219,4430940,,ROL
INVESCO LTD,G491BT108,150515,6554586,,IVZ
FIVE BELOW,33829M101,150418,727045,,
NATIONAL STORAGE AFFILIATES,637870106,149623,2162185,,
LEAR CORP,521865204,148945,815348,,LEA
VORNADO REALTY TRUST,929042109,148568,3556637,,VNO-PO
FIRST AMERICAN FINANCIAL,31847R102,148103,1893182,,
JEFFERIES FINANCIAL GROUP IN,47233W109,148102,3817082,,
DYNATRACE INC,268150109,147680,2450438,,
MACY'S INC,55616P104,147355,5628390,,
COUPA SOFTWARE INC,22266L106,147300,933311,,
SILICON LABORATORIES INC,826919102,147132,712780,,SLAB
OWENS CORNING,690742101,146779,1623493,,OC
ANNALY CAPITAL MANAGEMENT IN,035710409,146633,18746546,,
PVH CORP,693656100,146446,1375193,,
TORO CO,891092108,145913,1460449,,TTC
INTELLIA THERAPEUTICS INC,45826J105,145729,1232492,,
APARTMENT INCOME REIT CO,03750L109,145330,2658328,,
AFFIRM HOLDINGS INC,00827B106,145168,1445142,,
CAN IMPERIAL BK OF COMMERCE,136069101,144414,1240099,,
RELIANCE STEEL & ALUMINUM,759509102,144131,888493,,
MIDDLEBY CORP,596278101,143987,731793,,MIDD
UGI CORP,902681105,143562,3131188,,
WESTERN ALLIANCE BANCORP,957638109,143426,1331301,,WAL-PA
HUBBELL INC,443510607,142317,683331,,HUBB
TERRENO REALTY CORP,88146M101,141437,1658308,,TRNO
NATIONAL RETAIL PROPERTIES,637417106,141376,2941048,,
HUNTINGTON INGALLS INDUSTRIE,446413106,140890,756411,,
DARLING INGREDIENTS INC,237266101,140707,2030701,,DAR
FIRST INDUSTRIAL REALTY TR,32054K103,140579,2123554,,
NOVAVAX INC,670002401,140511,983170,,NVAX
SYNEOS HEALTH INC,87166B102,140151,1364937,,
NORWEGIAN CRUISE LINE HOLDIN,G66721104,139903,6755620,,
CANADIAN NATURAL RESOURCES,136385101,139692,3295986,,CNQ
CROCS INC,227046109,138108,1077092,,
IAC/INTERACTIVECORP,44891N208,137799,1055667,,
NATIONAL INSTRUMENTS CORP,636518102,137718,3153618,,
SCIENTIFIC GAMES CORP,80874P109,137474,2057071,,
NIELSEN HOLDINGS PLC,G6518L108,137453,6711614,,
AMDOCS LTD,G02602103,137361,1834382,,DOX
KNIGHT-SWIFT TRANSPORTATION,499049104,137293,2256034,,
TRADEWEB MARKETS INC-CLASS A,892672106,136979,1369931,,
AECOM,00766T100,136906,1769961,,ACM
AXON ENTERPRISE INC,05464C101,136798,871327,,
OMNICELL INC,68213N109,136367,755751,,
VISTRA CORP,92840M102,135456,5957915,,VST
ASPEN TECHNOLOGY INC,045327103,135183,887099,,
CABLE ONE INC,12685J105,135131,76725,,
DAVITA INC,23918K108,134555,1186053,,DVA
TOLL BROTHERS INC,889478103,134132,1852077,,
AVALARA INC,05338G106,133979,1039246,,
DISCOVERY INC-C,25470F302,133276,5833276,,
STORE CAPITAL CORP,862121100,132904,3863507,,
BIOHAVEN PHARMACEUTICAL HOLD,G11196105,132447,961090,,
II-VI INC,902104108,132440,1938253,,
MKS INSTRUMENTS INC,55306N104,132151,758747,,
SITEONE LANDSCAPE SUPPLY INC,82982L103,131216,541591,,
JABIL INC,466313103,130970,1861471,,JBL
PELOTON INTERACTIVE INC-A,70614W100,130706,3659934,,
CLEVELAND-CLIFFS INC,185899101,129621,5954145,,CLF
AMERICOLD REALTY TRUST,03064D108,129468,3948414,,COLD
BRIXMOR PROPERTY GROUP INC,11120U105,129346,5090360,,BRX
ATKORE INC,047649108,128991,1160104,,ATKR
AGNC INVESTMENT CORP,00123Q104,128638,8521275,,AGNCZ
BERRY GLOBAL GROUP INC,08579W103,128441,1740877,,
PAYLOCITY HOLDING CORP,70438V106,128131,542561,,PCTY
GENTEX CORP,371901109,127870,3669165,,GNTX
AMBARELLA INC,G037AX101,127377,627815,,AMBA
BRUNSWICK CORP,117043109,127173,1262523,,BC-PC
TC ENERGY CORP,87807B107,126574,2721997,,TRPRF
OMEGA HEALTHCARE INVESTORS,681936100,126115,4242443,,
DECKERS OUTDOOR CORP,243537107,125328,342139,,DECK
DICK'S SPORTING GOODS INC,253393102,125197,1088733,,
GUARDANT HEALTH INC,40131M109,125141,1251161,,
FOX FACTORY HOLDING CORP,35138V102,124776,733545,,FOXF
ATHENE HOLDING LTD,G0684D107,124334,1494715,,ATH-PE
JAZZ PHARMACEUTICALS PLC,G50871105,124232,975874,,JAZZ
SEMTECH CORP,816850101,124091,1395379,,SMTC
TANDEM DIABETES CARE INC,875372203,123998,823798,,TNDM
LIBERTY MEDIA COR-SIRIUSXM C,531229607,123715,2436264,,
ALASKA AIR GROUP INC,011659109,123314,2370469,,
PENUMBRA INC,70975L107,123110,428477,,PEN
ARROW ELECTRONICS INC,042735100,123020,917151,,
FIRST FINL BANKSHARES INC,32020R109,122523,2409991,,
CAPRI HOLDINGS LTD,G1890L107,122077,1880715,,CPRI
IPG PHOTONICS CORP,44980X109,121867,709664,,IPGP
AMERICAN FINANCIAL GROUP INC,025932104,121756,888096,,AFGE
CARLYLE GROUP INC/THE,14316J108,120963,2206418,,
FIRST HORIZON CORP,320517105,120743,7387286,,FHN-PH
SENSATA TECHNOLOGIES HOLDING,G8060N102,120720,1960066,,
GENPACT LTD,G3922B107,120531,2270756,,G
PINDUODUO INC-ADR,722304102,120523,2079978,,
ARROWHEAD PHARMACEUTICALS IN,04280A100,120394,1815900,,
FIVE9 INC,338307101,119864,872888,,
AMERICAN CAMPUS COMMUNITIES,024835100,119568,2087076,,
CHESAPEAKE ENERGY CORP,165167735,119317,1849314,,
NUTRIEN LTD,67077M108,119312,1585552,,NTR
ALLEGHANY CORP,017175100,118892,178361,,
SEI INVESTMENTS COMPANY,784117103,118418,1943809,,
STARWOOD PROPERTY TRUST INC,85571B105,118151,4841564,,
LOUISIANA-PACIFIC CORP,546347105,118146,1482588,,LPX
BRUKER CORP,116794108,117884,1404895,,BRKRP
FIRST SOLAR INC,336433107,117471,1347767,,
BENTLEY SYSTEMS INC-CLASS B,08265T208,116932,2422702,,
CHECK POINT SOFTWARE TECH,M22465104,116897,1004983,,
GUIDEWIRE SOFTWARE INC,40171V100,116894,1031223,,
PERFORMANCE FOOD GROUP CO,71377A103,116826,2545787,,PFGC
MEDPACE HOLDINGS INC,58506Q109,116818,536753,,
SMARTSHEET INC-CLASS A,83200N103,116572,1505138,,
SPOTIFY TECHNOLOGY SA,L8681T102,116093,496064,,
CHEMED CORP,16359R103,115818,218853,,CHE
RAPID7 INC,753422104,115810,984032,,
EXPONENT INC,30214U102,115615,990265,,EXPO
TOPBUILD CORP,89055F103,115547,418786,,
GAMESTOP CORP-CLASS A,36467W109,114839,773880,,
DRAFTKINGS INC - CL A,26142R104,114340,4168008,,
RH,74967X103,113919,212561,,RH
HEICO CORP-CLASS A,422806208,113199,882074,,
GLACIER BANCORP INC,37637Q105,113167,1995906,,
APTARGROUP INC,038336103,112983,920233,,
NUTANIX INC - A,67059N108,112605,3534373,,
ARAMARK,03852U106,112563,3059219,,ARMK
NEW YORK TIMES CO-A,650111107,112509,2329497,,
GOODYEAR TIRE & RUBBER CO,382550101,112238,5264456,,
JD.COM INC-ADR,47215P106,112157,1605889,,
WESTERN UNION CO,959802109,111749,6265183,,WU
KILROY REALTY CORP,49427F108,111641,1679828,,KRC
OLIN CORP,680665205,111353,1935915,,OLN
AGREE REALTY CORP,008492100,111314,1559894,,ADC-PA
KBR INC,48242W106,111196,2335080,,
AGCO CORP,001084102,110944,956255,,
CHURCHILL DOWNS INC,171484108,110802,459952,,CHDN
HEALTHCARE TRUST OF AME-CL A,42225P501,110630,3313271,,
BLUEPRINT MEDICINES CORP,09627Y109,110315,1029931,,
SHOCKWAVE MEDICAL INC,82489T104,109751,615410,,
ITT INC,45073V108,109643,1072937,,ITT
ALIBABA GROUP HOLDING-SP ADR,01609W102,109588,921377,,
LINCOLN ELECTRIC HOLDINGS,533900106,109505,785156,,
SIRIUS XM HOLDINGS INC,82968B103,109333,17231684,,SIRI
REINSURANCE GROUP OF AMERICA,759351604,109243,997745,,
GXO LOGISTICS INC,36262G101,109202,1202274,,
RALPH LAUREN CORP,751212101,109128,919539,,RL
MORNINGSTAR INC,617700109,109108,319041,,
WINGSTOP INC,974155103,109048,629028,,WING
COMMERCE BANCSHARES INC,200525103,108705,1581405,,
TEMPUR SEALY INTERNATIONAL I,88023U101,108705,2311413,,
TEXAS ROADHOUSE INC,882681109,108055,1210296,,
ASGN INC,00191U102,107863,874095,,
NOVANTA INC,67000B104,107803,611373,,NOVTU
ELASTIC NV,N14506104,107793,875733,,
SIMPSON MANUFACTURING CO INC,829073105,107569,773493,,
CLARIVATE PLC,G21810109,107053,4558403,,CLVT
LUMENTUM HOLDINGS INC,55024U109,106520,1007093,,LITE
CIRRUS LOGIC INC,172755100,106332,1155536,,
UNITED STATES STEEL CORP,912909108,106304,4441360,,
PURE STORAGE INC - CLASS A,74624M102,105887,3253085,,
STIFEL FINANCIAL CORP,860630102,105779,1502129,,SF-PD
BOX INC - CLASS A,10316T104,105303,4020758,,
NATERA INC,632307104,105258,1127087,,
NEUROCRINE BIOSCIENCES INC,64125C109,105246,1237548,,NBIX
MANULIFE FINANCIAL CORP,56501R106,105051,5514978,,MNUFF
HELEN OF TROY LTD,G4388N106,105045,429685,,HELE
OLD REPUBLIC INTL CORP,680223104,104871,4266566,,
RBC BEARINGS INC,75524B104,104857,519176,,RBC
PRIMERICA INC,74164M108,104808,683815,,
MDU RESOURCES GROUP INC,552690109,104676,3394172,,MDU
KITE REALTY GROUP TRUST,49803T300,103993,4774715,,KRG
SUNCOR ENERGY INC,867224107,103697,4130188,,SU
VALLEY NATIONAL BANCORP,919794107,103515,7528223,,VLYPN
UFP INDUSTRIES INC,90278Q108,103399,1123789,,UFPI
OSHKOSH CORP,688239201,103341,916878,,OSK
WESCO INTERNATIONAL INC,95082P105,102992,782679,,WCC
INSPIRE MEDICAL SYSTEMS INC,457730109,102969,447576,,
LITTELFUSE INC,537008104,102898,326995,,
HOULIHAN LOKEY INC,441593100,102678,991875,,
CONCENTRIX CORP,20602D101,102662,574756,,CNXC
KOHLS CORP,500255104,102630,2076996,,KSS
WYNDHAM HOTELS & RESORTS INC,98311A105,102480,1143121,,
POWER INTEGRATIONS INC,739276103,101998,1098064,,POWI
SAREPTA THERAPEUTICS INC,803607100,101941,1132056,,
LIBERTY GLOBAL PLC- C,G5480U120,101812,3631126,,
BALCHEM CORP,057665200,101804,603823,,BCPC
DONALDSON CO INC,257651109,101520,1713135,,DCI
LANDSTAR SYSTEM INC,515098101,101424,566553,,LSTR
MARRIOTT VACATIONS WORLD,57164Y107,101246,599165,,
ARENA PHARMACEUTICALS INC,040047607,101187,1088735,,
ZIFF DAVIS INC,48123V102,101153,912294,,
BLACKSTONE MORTGAGE TRU-CL A,09257W100,101113,3299006,,
NEXSTAR MEDIA GROUP INC-CL A,65336K103,100860,667764,,
AMERCO,023586100,100498,138576,,
UPSTART HOLDINGS INC,91680M107,100361,663677,,
AMN HEALTHCARE SERVICES INC,001744101,100027,817682,,AMN
ACUITY BRANDS INC,00508Y102,99943,472054,,
JANUS HENDERSON GROUP PLC,G4474Y214,99727,2377876,,
AZENTA INC,114340102,99623,966186,,
HALOZYME THERAPEUTICS INC,40637H109,99502,2474566,,
SOUTHSTATE CORP,840441109,98870,1234180,,
BLACKLINE INC,09239B109,98554,951850,,
NVENT ELECTRIC PLC,G6700G107,98445,2590665,,NVT
COINBASE GLOBAL INC -CLASS A,19260Q107,98420,390681,,
UNIVERSAL DISPLAY CORP,91347P105,98283,595538,,
MATTEL INC,577081102,98119,4551004,,
WATTS WATER TECHNOLOGIES-A,942749102,97969,504556,,
CADENCE BANK,12740C103,97960,3288365,,
XPO LOGISTICS INC,983793100,97908,1264479,,
NEW YORK COMMUNITY BANCORP,649445103,97857,8014542,,
ASANA INC - CL A,04342Y104,97786,1312879,,
POPULAR INC,733174700,97259,1185518,,
IDACORP INC,451107106,97107,857006,,IDA
HEALTHCARE REALTY TRUST INC,421946104,97079,3068258,,HR
VOYA FINANCIAL INC,929089100,96943,1461979,,
TENABLE HOLDINGS INC,88025T102,96937,1760258,,
RENAISSANCERE HOLDINGS LTD,G7496G103,96900,572260,,RNR-PF
CASEY'S GENERAL STORES INC,147528103,96834,490672,,
WORKIVA INC,98139A105,96570,739971,,WK
CMC MATERIALS INC,12571T100,96327,502518,,
KINSALE CAPITAL GROUP INC,49714P108,96268,404675,,
OGE ENERGY CORP,670837103,96260,2508086,,OGE
RYMAN HOSPITALITY PROPERTIES,78377T107,96088,1044890,,
DOUGLAS EMMETT INC,25960P109,95777,2859025,,DEI
PINNACLE FINANCIAL PARTNERS,72346Q104,95705,1002156,,
NOVOCURE LTD,G6674U108,95691,1276017,,NVCR
CHART INDUSTRIES INC,16115Q308,95527,598959,,
US FOODS HOLDING CORP,912008109,95414,2739444,,USFD
SOFI TECHNOLOGIES INC,83406F102,95207,6031801,,
PORTLAND GENERAL ELECTRIC CO,736508847,95036,1795858,,
DIGITAL TURBINE INC,25400W102,95034,1558196,,
ROYAL GOLD INC,780287108,94893,901946,,RGLD
TEXAS PACIFIC LAND CORP,88262P102,94514,75680,,TPL
SPS COMMERCE INC,78463M107,94432,663382,,SPSC
SUNRUN INC,86771W105,94355,2754378,,RUN
ADVANCED DRAINAGE SYSTEMS IN,00790R104,94198,691972,,
MAXIMUS INC,577933104,94153,1181461,,
HANCOCK WHITNEY CORP,410120109,94147,1882199,,HWCPZ
MAXLINEAR INC,57776J100,93912,1245695,,
ENVISTA HOLDINGS CORP,29415F104,93699,2079444,,NVST
SYNOVUS FINANCIAL CORP,87161C501,93577,1954818,,
CHEMOURS CO/THE,163851108,93350,2781603,,
UIPATH INC - CLASS A,90364P105,93336,2164082,,
SLM CORP,78442P106,93208,4738633,,SLMBP
SELECTIVE INSURANCE GROUP,816300107,93147,1136779,,
IRIDIUM COMMUNICATIONS INC,46269C102,93136,2255676,,IRDM
HUNTSMAN CORP,447011107,93018,2666820,,HUN
BARRICK GOLD CORP,067901108,92784,4881364,,
QUALYS INC,74758T303,92699,675555,,
EAGLE MATERIALS INC,26969P108,92662,551009,,EXP
TAIWAN SEMICONDUCTOR-SP ADR,874039100,92614,769765,,
WOODWARD INC,980745103,92389,844050,,
VONTIER CORP,928881101,92117,2997640,,VNT
VERTIV HOLDINGS CO,92537N108,92099,3688396,,VRT
BRIGHT HORIZONS FAMILY SOLUT,109194100,91912,730157,,
MERITAGE HOMES CORP,59001A102,91587,750346,,MTH
TRUPANION INC,898202106,91541,693336,,
HANESBRANDS INC,410345102,91450,5458410,,
NEOGEN CORP,640491106,91450,2013135,,NEOG
PLANET FITNESS INC - CL A,72703H101,91373,1008764,,
THOR INDUSTRIES INC,885160101,91226,879120,,THO
SPIRIT REALTY CAPITAL INC,84860W300,91201,1892544,,
CIT GROUP INC,125581801,91044,1773356,,
CREDIT ACCEPTANCE CORP,225310101,90940,132243,,CACC
FOX CORP - CLASS B,35137L204,90891,2658296,,
YETI HOLDINGS INC,98585X104,90863,1096991,,
EVOQUA WATER TECHNOLOGIES CO,30057T105,90756,1941308,,
COUSINS PROPERTIES INC,222795502,90518,2247231,,CUZ
MIRATI THERAPEUTICS INC,60468T105,90354,615953,,
VARONIS SYSTEMS INC,922280102,90127,1847632,,VRNS
ANTERO RESOURCES CORP,03674X106,90095,5148331,,AR
SUN LIFE FINANCIAL INC,866796105,89747,1613508,,SLFQF
CULLEN/FROST BANKERS INC,229899109,89706,711563,,
AFFILIATED MANAGERS GROUP,008252108,89541,544293,,
VONAGE HOLDINGS CORP,92886T201,89415,4300912,,
ESSENT GROUP LTD,G3198U102,89242,1960083,,ESNT
DIODES INC,254543101,89105,811451,,
INTERACTIVE BROKERS GRO-CL A,45841N107,88966,1120200,,
POLARIS INC,731068102,88464,804894,,PII
LEXINGTON REALTY TRUST,529043101,88455,5662970,,
UNITED BANKSHARES INC,909907107,88334,2434802,,
RAYONIER INC,754907103,88311,2188106,,RYN
PDC ENERGY INC,69327R101,87585,1795517,,
EXLSERVICE HOLDINGS INC,302081104,87427,603908,,
ROGERS CORP,775133101,87264,319652,,ROG
ZYNGA INC - CL A,98986T108,86940,13582993,,
AVIENT CORP,05368V106,86907,1553310,,AVNT
OPENDOOR TECHNOLOGIES INC,683712103,86853,5944783,,OPENZ
ATLASSIAN CORP PLC-CLASS A,G06242104,86597,227116,,
EQT CORP,26884L109,86187,3951745,,EQT
API GROUP CORP,00187Y100,86122,3341972,,APG
AXALTA COATING SYSTEMS LTD,G0750C108,86078,2598995,,AXTA
ERIE INDEMNITY COMPANY-CL A,29530P102,85835,445251,,
MIMECAST LTD,G14838109,85544,1075080,,
DOLBY LABORATORIES INC-CL A,25659T107,85343,896276,,
VALVOLINE INC,92047W101,85074,2281439,,VVV
INGREDION INC,457187102,85062,880203,,INGR
UMB FINANCIAL CORP,902788108,85045,801488,,UMBFO
COHERENT INC,192479103,84872,318424,,
POTLATCHDELTIC CORP,737630103,83860,1392574,,
WENDY'S CO/THE,95058W100,83758,3511868,,
FATE THERAPEUTICS INC,31189P102,83433,1425968,,FATE
IAA INC,449253103,83287,1645354,,
GLOBUS MEDICAL INC - A,379577208,83281,1153487,,
HIGHWOODS PROPERTIES INC,431284108,83061,1862777,,
POST HOLDINGS INC,737446104,82800,734504,,
ONTO INNOVATION INC,683344105,82649,816452,,ONTO
PROSPERITY BANCSHARES INC,743606105,82605,1142533,,PB
PHYSICIANS REALTY TRUST,71943U104,82562,4384611,,
DIGITALBRIDGE GROUP INC,25401T108,82302,9880259,,
DISCOVERY INC - A,25470F104,82052,3492252,,
LIVANOVA PLC,G5509L101,82050,938469,,LIVN
ONEMAIN HOLDINGS INC,68268W103,81944,1637526,,
COCA-COLA EUROPACIFIC PARTNE,G25839104,81826,1470018,,
PS BUSINESS PARKS INC/MD,69360J107,81611,443131,,
LI AUTO INC - ADR,50202M102,81430,2553993,,
SIGNET JEWELERS LTD,G81276100,81320,934346,,SIG
CACI INTERNATIONAL INC -CL A,127190304,81147,301427,,
GINKGO BIOWORKS HOLDINGS INC,37611X100,81143,9764503,,
MANPOWERGROUP INC,56418H100,81133,833266,,MAN
MURPHY USA INC,626755102,80515,404112,,MUSA
EURONET WORLDWIDE INC,298736109,80513,675623,,
ANAPLAN INC,03272L108,80449,1754620,,
MERCURY SYSTEMS INC,589378108,80421,1460617,,MRCY
SCOTTS MIRACLE-GRO CO,810186106,80409,499435,,SMG
ENCOMPASS HEALTH CORP,29261A100,80211,1229108,,EHC
PAPA JOHN'S INTL INC,698813102,80206,600934,,
PERFICIENT INC,71375U101,80087,619346,,
SUMMIT MATERIALS INC -CL A,86614U100,79978,1992490,,
JOHN BEAN TECHNOLOGIES CORP,477839104,79655,518726,,
SOUTHWESTERN ENERGY CO,845467109,79544,17069592,,
COMMERCIAL METALS CO,201723103,79528,2191476,,CMC
WIX.COM LTD,M98068105,79384,504189,,WIX
SITIME CORP,82982T106,79277,270996,,SITM
LEGGETT & PLATT INC,524660107,79248,1921430,,LEG
XPENG INC - ADR,98422D105,79092,1584405,,
HEICO CORP,422806109,79061,549113,,HEI-A
REDFIN CORP,75737F108,78610,2047689,,
UPWORK INC,91688F104,78578,2300300,,
SONOCO PRODUCTS CO,835495102,78410,1354473,,SON
MICROSTRATEGY INC-CL A,594972408,78401,143991,,
EVERCORE INC - A,29977A105,78094,574856,,
KULICKE & SOFFA INDUSTRIES,501242101,78051,1289257,,
STAAR SURGICAL CO,852312305,77832,852494,,STAA
AUTONATION INC,05329W102,77499,663242,,
WEX INC,96208T104,77452,551695,,WEX
BROADSTONE NET LEASE INC,11135E203,77412,3118959,,
CURTISS-WRIGHT CORP,231561101,77381,558029,,
ENSIGN GROUP INC/THE,29358P101,77315,920866,,
KORN FERRY,500643200,77278,1020441,,KFY
OUTFRONT MEDIA INC,69007J106,77148,2876532,,OUT
RLI CORP,749607107,77054,687372,,RLI
FIRST CITIZENS BCSHS  -CL A,31946M103,76921,92694,,
QUIDEL CORP,74838J101,76640,567341,,
BLACK HILLS CORP,092113109,76535,1084531,,
ADIENT PLC,G0084W101,76478,1597303,,ADNT
OPTION CARE HEALTH INC,68404L201,76466,2688710,,
VIAVI SOLUTIONS INC,925550105,76179,4323482,,VIAV
HARLEY-DAVIDSON INC,412822108,76154,2020547,,
ASHLAND GLOBAL HOLDINGS INC,044186104,75845,704492,,
PACIFIC BIOSCIENCES OF CALIF,69404D108,75783,3703993,,
HAWAIIAN ELECTRIC INDS,419870100,75762,1825596,,
NEW RELIC INC,64829B100,75671,688176,,
CALIX INC,13100M509,75612,945506,,
HILTON GRAND VACATIONS INC,43283X105,75489,1448654,,HGV
EXELIXIS INC,30161Q104,75255,4116834,,
BANK OZK,06417N103,75201,1616195,,OZKAP
SENSIENT TECHNOLOGIES CORP,81725T100,74971,749269,,SXT
SL GREEN RLTY CORP,78440X804,74924,1044966,,
LHC GROUP INC,50187A107,74596,543586,,
UNDER ARMOUR INC-CLASS A,904311107,74556,3524065,,
RANGE RESOURCES CORP,75281A109,74544,4180839,,RRC
WALKER & DUNLOP INC,93148P102,74326,492620,,
ZURN WATER SOLUTIONS CORP,98983L108,74309,2041464,,
COLFAX CORP,194014106,74292,1616117,,
FRANCO-NEVADA CORP,351858105,74205,537220,,
SAILPOINT TECHNOLOGIES HOLDI,78781P105,74044,1531738,,
ULTRAGENYX PHARMACEUTICAL IN,90400D108,73743,876956,,
CASELLA WASTE SYSTEMS INC-A,147448104,73693,862723,,
HANNON ARMSTRONG SUSTAINABLE,41068X100,73185,1377734,,
MACERICH CO/THE,554382101,73131,4232148,,
ZTO EXPRESS CAYMAN INC-ADR,98980A105,72917,2597579,,
Q2 HOLDINGS INC,74736L109,72903,917721,,
UNUM GROUP,91529Y106,72704,2959087,,UNMA
CHAMPIONX CORP,15872M104,72670,3595776,,
DENALI THERAPEUTICS INC,24823R105,72647,1628867,,DNLI
NATIONAL FUEL GAS CO,636180101,72617,1135707,,NFG
STERICYCLE INC,858912108,72544,1216370,,
EQUITRANS MIDSTREAM CORP,294600101,72488,7010489,,
AUTOLIV INC,052800109,72480,700909,,ALV
FABRINET,G3323L100,72420,611298,,FN
SOUTHWEST GAS HOLDINGS INC,844895102,72404,1033608,,
SKECHERS USA INC-CL A,830566105,72357,1667218,,
ALLISON TRANSMISSION HOLDING,01973R101,72309,1989261,,
SILVERGATE CAPITAL CORP-CL A,82837P408,72249,487514,,
MATADOR RESOURCES CO,576485205,72083,1952418,,MTDR
TAYLOR MORRISON HOME CORP,87724P106,71878,2056025,,
ACADIA HEALTHCARE CO INC,00404A109,71840,1183538,,
FTI CONSULTING INC,302941109,71827,468175,,
CHANGE HEALTHCARE INC,15912K100,71771,3356927,,
MURPHY OIL CORP,626717102,71761,2748445,,MUR
ENVESTNET INC,29404K106,71724,904012,,
SPROUT SOCIAL INC - CLASS A,85209W109,71680,790391,,
CDK GLOBAL INC,12508E101,71441,1711580,,
SERVISFIRST BANCSHARES INC,81768T108,71407,840679,,
ESSENTIAL PROPERTIES REALTY,29670E107,71341,2474554,,
ACI WORLDWIDE INC,004498101,71162,2050788,,
ALARM.COM HOLDINGS INC,011642105,70851,835410,,
INSPERITY INC,45778Q107,70796,599409,,
PACWEST BANCORP,695263103,70660,1564316,,
H.B. FULLER CO.,359694106,70652,872252,,
FRANKLIN ELECTRIC CO INC,353514102,70447,745001,,FELE
CHOICE HOTELS INTL INC,169905106,70414,451404,,
SKYLINE CHAMPION CORP,830830105,70324,890410,,
ONE GAS INC,68235P108,70208,904869,,
TERMINIX GLOBAL HOLDINGS INC,88087E100,70170,1551408,,
NEOGENOMICS INC,64049M209,70001,2051612,,NEO
TEGNA INC,87901J105,69992,3771153,,
FORTIS INC,349553107,69984,1432759,,FTRSF
SANDERSON FARMS INC,800013104,69972,366197,,
FLOWERS FOODS INC,343498101,69624,2534571,,FLO
RADIAN GROUP INC,750236101,69558,3291950,,RDN
APPLIED INDUSTRIAL TECH INC,03820C105,69303,674811,,
TRIP.COM GROUP LTD-ADR,89677Q107,69214,2826681,,
TRINET GROUP INC,896288107,69211,726557,,
SM ENERGY CO,78454L100,69173,2346440,,SM
LAZARD LTD-CL A,G54050102,69135,1584593,,
WINTRUST FINANCIAL CORP,97650W108,69113,760992,,WTFCN
ACADEMY SPORTS & OUTDOORS IN,00402L107,68926,1570083,,
COMMUNITY BANK SYSTEM INC,203607106,68845,924346,,
TERADATA CORP,88076W103,68637,1615887,,
MSA SAFETY INC,553498106,68607,454474,,MNESP
PARK HOTELS & RESORTS INC,700517105,68495,3627929,,PK
APPLE HOSPITALITY REIT INC,03784Y200,68465,4239341,,
NCR CORPORATION,62886E108,68432,1702312,,
PERRIGO CO PLC,G97822103,68279,1755251,,PRGO
AMEDISYS INC,023436108,68178,421170,,
ASBURY AUTOMOTIVE GROUP,043436104,68149,394541,,
BOYD GAMING CORP,103304101,67994,1036969,,BYD
GAP INC/THE,364760108,67991,3858043,,
UNDER ARMOUR INC-CLASS C,904311206,67915,3770757,,
HOLLYFRONTIER CORP,436106108,67865,2070338,,
MACOM TECHNOLOGY SOLUTIONS H,55405Y100,67805,865965,,
CONMED CORP,207410101,67744,477883,,CNMD
NATIONAL VISION HOLDINGS INC,63845R107,67648,1409632,,
BEAM THERAPEUTICS INC,07373V105,67624,848589,,BEAM
HANOVER INSURANCE GROUP INC/,410867105,67596,515764,,
TRITON INTERNATIONAL LTD,G9078F107,67507,1120825,,TRTN-PG
INTEGRA LIFESCIENCES HOLDING,457985208,67421,1006447,,
NEW JERSEY RESOURCES CORP,646025106,67303,1639162,,NJR
INTRA-CELLULAR THERAPIES INC,46116X101,67299,1285814,,
EASTERN BANKSHARES INC,27627N105,67294,3336362,,
PACIFIC PREMIER BANCORP INC,69478X105,67289,1680975,,
GRAPHIC PACKAGING HOLDING CO,388689101,67279,3450248,,GPK
ARMSTRONG WORLD INDUSTRIES,04247X102,66921,576313,,
FOOT LOCKER INC,344849104,66912,1532739,,
NOV INC,62955J103,66876,4935539,,NOV
ALKERMES PLC,G01767105,66798,2871803,,ALKS
PNM RESOURCES INC,69349H107,66757,1463652,,
INDEPENDENT BANK CORP/MA,453836108,66460,815167,,
ELEMENT SOLUTIONS INC,28618M106,66429,2735965,,ESI
MSC INDUSTRIAL DIRECT CO-A,553530106,66338,789186,,
SELECT MEDICAL HOLDINGS CORP,81619Q105,66336,2256342,,
PREMIER INC-CLASS A,74051N102,66292,1610212,,
MASTEC INC,576323109,66222,717627,,MTZ
SABRA HEALTH CARE REIT INC,78573L106,66168,4886869,,
TRAVEL LEISURE CO,894164102,66140,1196598,,
INSIGHT ENTERPRISES INC,45765U103,66095,620035,,NSIT
VALMONT INDUSTRIES,920253101,65948,263268,,
TWIST BIOSCIENCE CORP,90184D100,65891,851424,,TWST
RESIDEO TECHNOLOGIES INC,76118Y104,65880,2530943,,
ARVINAS INC,04335A105,65845,801620,,
ALTAIR ENGINEERING INC - A,021369103,65675,849403,,
LIVENT CORP,53814L108,65657,2693089,,
NEW RESIDENTIAL INVESTMENT,64828T201,65655,6130295,,
MOELIS & CO - CLASS A,60786M105,65394,1046142,,
HERC HOLDINGS INC,42704L104,65238,416729,,HRI
CYTOKINETICS INC,23282W605,65116,1428622,,CYTK
GROUP 1 AUTOMOTIVE INC,398905109,65112,333536,,GPI
MANDIANT INC,562662106,64672,3687120,,
CLEAN HARBORS INC,184496107,64542,646909,,CLH
LCI INDUSTRIES,50189K103,64221,412021,,LCII
AMERICAN EAGLE OUTFITTERS,02553E106,64146,2533446,,
HAMILTON LANE INC-CLASS A,407497106,64093,618546,,
FEDERATED HERMES INC,314211103,64082,1705238,,
FOCUS FINANCIAL PARTNERS-A,34417P100,64052,1072551,,
APELLIS PHARMACEUTICALS INC,03753U106,63961,1352829,,
AMERICAN STATES WATER CO,029899101,63868,617443,,AWR
CRANE CO,224399105,63772,626880,,CR
ICU MEDICAL INC,44930G107,63764,268665,,
MERCADOLIBRE INC,58733R102,63720,48068,,MELI
HEALTHEQUITY INC,42226A107,63634,1438390,,
QUANTUMSCAPE CORP,74767V109,63427,2858370,,QS
UNITED COMMUNITY BANKS/GA,90984P303,63391,1763792,,
MATSON INC,57686G105,63319,703320,,
MUELLER INDUSTRIES INC,624756102,63248,1065511,,MLI
HILLENBRAND INC,431571108,63244,1216471,,
WEBSTER FINANCIAL CORP,947890109,63233,1132412,,WBS-PG
CALIFORNIA WATER SERVICE GRP,130788102,63199,879479,,
AZEK CO INC/THE,05478C105,63129,1365263,,
SONOS INC,83570H108,63125,2118303,,SONO
DENBURY INC,24790A101,63000,822570,,
WERNER ENTERPRISES INC,950755108,62916,1320117,,WERN
BANKUNITED INC,06652K103,62869,1485927,,
SCIENCE APPLICATIONS INTE,808625107,62856,751963,,
HOME BANCSHARES INC,436893200,62811,2579511,,HOMB
SIMPLY GOOD FOODS CO/THE,82900L102,62641,1506904,,
STEVEN MADDEN LTD,556269108,62591,1346918,,
HOWARD HUGHES CORP/THE,44267D107,62521,614285,,
MAGNA INTERNATIONAL INC,559222401,62515,776605,,MGA
STERLING BANCORP DEL,85917A100,62297,2415558,,
MGIC INVESTMENT CORP,552848103,62291,4319826,,MTG
KB HOME,48666K109,62234,1391329,,KBH
UNITI GROUP INC,91325V108,62171,4437625,,UNIT
TIMKEN CO,887389104,62088,896074,,TKR
CUSHMAN & WAKEFIELD PLC,G2717B108,62031,2789167,,
PEGASYSTEMS INC,705573103,62018,554628,,PEGA
GATX CORP,361448103,61796,593110,,GATX
FORMFACTOR INC,346375108,61772,1351097,,FORM
JETBLUE AIRWAYS CORP,477143101,61758,4336969,,JBLU
TD SYNNEX CORP,87162W100,61710,539234,,SNX
CORPORATE OFFICE PROPERTIES,22002T108,61641,2203858,,
UNIFIRST CORP/MA,904708104,61480,292208,,
LIBERTY MEDIA COR-SIRIUSXM A,531229409,61436,1209897,,
NAVIENT CORP,63938C108,61276,2887691,,JSM
ORMAT TECHNOLOGIES INC,686688102,61244,772308,,
BLACKBAUD INC,09227Q100,61207,774974,,BLKB
ALTRA INDUSTRIAL MOTION CORP,02208R106,60928,1181463,,
SPROUTS FARMERS MARKET INC,85208M102,60781,2047909,,
SPX FLOW INC,78469X107,60625,701038,,
BEIGENE LTD-ADR,07725L102,60587,225023,,
UNIVAR SOLUTIONS INC,91336L107,60338,2128342,,
CELSIUS HOLDINGS INC,15118V207,60260,808112,,
MP MATERIALS CORP,553368101,60181,1325011,,
INDEPENDENCE REALTY TRUST IN,45378A106,60124,2327698,,
THOMSON REUTERS CORP,884903709,60051,502094,,
CHIMERA INVESTMENT CORP,16934Q208,60030,3980833,,CIMO
INVESTORS BANCORP INC,46146L101,59954,3957372,,
PROGYNY INC,74340E103,59907,1189815,,
VERINT SYSTEMS INC,92343X100,59887,1140499,,
COMFORT SYSTEMS USA INC,199908104,59838,604794,,FIX
BOOT BARN HOLDINGS INC,099406100,59824,486182,,
IRHYTHM TECHNOLOGIES INC,450056106,59786,508000,,
MARAVAI LIFESCIENCES HLDGS-A,56600D107,59761,1426294,,
CATHAY GENERAL BANCORP,149150104,59697,1388627,,CATY
COMMVAULT SYSTEMS INC,204166102,59600,864779,,CVLT
ENERSYS,29275Y102,59588,753718,,ENS
FLUOR CORP,343412102,59544,2403904,,FLR
NEWMARK GROUP INC-CLASS A,65158N102,59458,3179585,,
HYATT HOTELS CORP - CL A,448579102,59419,619594,,
ADVANCED ENERGY INDUSTRIES,007973100,59373,652023,,
WD-40 CO,929236107,59230,242113,,
LANCASTER COLONY CORP,513847103,59098,356874,,
R1 RCM INC,749397105,59015,2315228,,
ALLETE INC,018522300,59000,889237,,
RYDER SYSTEM INC,783549108,58919,714780,,R
AMERIS BANCORP,03076K108,58879,1185179,,ABCB
ARCONIC CORP,03966V107,58797,1781202,,
EQUITY COMMONWEALTH,294628102,58711,2266840,,
PEBBLEBROOK HOTEL TRUST,70509V100,58696,2623913,,PEB-PH
SIMMONS FIRST NATL CORP-CL A,828730200,58648,1982719,,
AIR LEASE CORP,00912X302,58628,1325528,,
ASML HOLDING NV-NY REG SHS,N07059210,58569,73567,,
SEAWORLD ENTERTAINMENT INC,81282V100,58538,902533,,
BOSTON BEER COMPANY INC-A,100557107,58439,115699,,
ZILLOW GROUP INC - A,98954M101,58410,940053,,
LGI HOMES INC,50187T106,58094,376065,,
NETEASE INC-ADR,64110W102,58083,573001,,
INSTALLED BUILDING PRODUCTS,45780R101,58022,415278,,
MOOG INC-CLASS A,615394202,57681,712377,,
MERIT MEDICAL SYSTEMS INC,589889104,57646,925310,,MMSI
INTERNATIONAL GAME TECHNOLOG,G4863A108,57645,1993969,,
TEXAS CAPITAL BANCSHARES INC,88224Q107,57593,955916,,
AAON INC,000360206,57500,723917,,
AEROJET ROCKETDYNE HOLDINGS,007800105,57460,1228841,,
UMPQUA HOLDINGS CORP,904214103,57400,2978240,,
FORWARD AIR CORP,349853101,57117,471697,,FWRD
SITE CENTERS CORP,82981J109,56889,3593777,,SITC
ARCBEST CORP,03937C105,56840,474263,,
ASSOCIATED BANC-CORP,045487105,56665,2508453,,ASB-PF
DT MIDSTREAM INC,23345M107,56633,1180348,,
COGENT COMMUNICATIONS HOLDIN,19239V302,56569,773019,,
BEACON ROOFING SUPPLY INC,073685109,56491,985024,,
ATRICURE INC,04963C209,56461,812048,,
BRIGHTHOUSE FINANCIAL INC,10922N103,56458,1089940,,
SPIRE INC,84857L101,56440,865389,,SRJN
CALIFORNIA RESOURCES CORP,13057Q305,56408,1320730,,CRC
NEWS CORP - CLASS B,65249B208,56312,2506202,,
RAMBUS INC,750917106,56305,1915819,,RMBS
FRONTIER COMMUNICATIONS PARE,35909D109,56238,1907030,,
CGI INC,12532H104,56210,638236,,GIB
HUDSON PACIFIC PROPERTIES IN,444097109,56101,2270382,,
INSMED INC,457669307,56059,2057992,,INSM
HELIOS TECHNOLOGIES INC,42328H109,55916,531679,,
ARTISAN PARTNERS ASSET MA -A,04316A108,55591,1166911,,
AVNET INC,053807103,55590,1348314,,AVT
ZENTALIS PHARMACEUTICALS INC,98943L107,55581,661211,,
IONIS PHARMACEUTICALS INC,462222100,55541,1825226,,IONS
SPIRIT AEROSYSTEMS HOLD-CL A,848574109,55539,1288927,,
DANA INC,235825205,55533,2433538,,DAN
MARATHON DIGITAL HOLDINGS IN,565788106,55486,1688561,,
OTTER TAIL CORP,689648103,55296,774243,,OTTR
AXIS CAPITAL HOLDINGS LTD,G0692U109,55244,1014223,,AXS-PE
MDC HOLDINGS INC,552676108,55235,989350,,
ENSTAR GROUP LTD,G3075P101,55202,222960,,
TRI POINTE HOMES INC,87265H109,54983,1971430,,
LIVERAMP HOLDINGS INC,53815P108,54907,1145092,,
BOISE CASCADE CO,09739D100,54803,769714,,BCC
HEXCEL CORP,428291108,54687,1055738,,
AMICUS THERAPEUTICS INC,03152W109,54593,4726733,,
VISTEON CORP,92839U206,54497,490347,,VC
AMERICAN EQUITY INVT LIFE HL,025676206,54472,1399612,,
CALLAWAY GOLF COMPANY,131193104,54422,1983321,,
BELDEN INC,077454106,54405,827711,,BDC
EPR PROPERTIES,26884U109,54361,1144701,,EPR-PG
WHEATON PRECIOUS METALS CORP,962879102,54210,1263726,,WPM
RED ROCK RESORTS INC-CLASS A,75700L108,54187,985049,,
COCA-COLA CONSOLIDATED INC,191098102,54185,87510,,
INVITAE CORP,46185L103,54012,3537183,,
KENNEDY-WILSON HOLDINGS INC,489398107,53933,2258521,,
DORMAN PRODUCTS INC,258278100,53914,477077,,
H&R BLOCK INC,093671105,53888,2285359,,HRB
ITRON INC,465741106,53749,784432,,
BWX TECHNOLOGIES INC,05605H100,53663,1120789,,
ALLIANCE DATA SYSTEMS CORP,018581108,53534,803676,,
INARI MEDICAL INC,45332Y109,53518,586379,,
NORTHWESTERN CORP,668074305,53507,936102,,
CHEGG INC,163092109,53380,1738791,,
OWENS & MINOR INC,690732102,53341,1226240,,
CARGURUS INC,141788109,53247,1582858,,
ORTHO CLINICAL DIAGNOSTICS H,G6829J107,53225,2488314,,
BLOOM ENERGY CORP- A,093712107,53205,2426156,,
CARTER'S INC,146229109,53168,525278,,
FLOWSERVE CORP,34354P105,53005,1732194,,FLS
FIRSTCASH HOLDINGS INC,33768G107,52959,707923,,
MGE ENERGY INC,55277P104,52835,642371,,MGEE
BRINK'S CO/THE,109696104,52794,805166,,
VISHAY INTERTECHNOLOGY INC,928298108,52762,2412557,,VSH
SPECTRUM BRANDS HOLDINGS INC,84790A105,52758,518664,,
PRESTIGE CONSUMER HEALTHCARE,74112D101,52698,868889,,
FRESHPET INC,358039105,52627,552406,,
BADGER METER INC,056525108,52620,493808,,BMI
AXOS FINANCIAL INC,05465C100,52536,939655,,
MILLERKNOLL INC,600544100,52520,1340145,,
RENT-A-CENTER INC,76009N100,52514,1093139,,
ABM INDUSTRIES INC,000957100,52480,1284713,,
CRACKER BARREL OLD COUNTRY,22410J106,52349,406945,,
OLD NATIONAL BANCORP,680033107,52235,2882757,,
HAIN CELESTIAL GROUP INC,405217100,52138,1223614,,HAIN
CABOT CORP,127055101,52085,926783,,CBT
KENNAMETAL INC,489170100,52010,1448366,,KMT
NATL HEALTH INVESTORS INC,63633D104,51939,903766,,
CONTINENTAL RESOURCES INC/OK,212015101,51935,1160307,,
TEREX CORP,880779103,51859,1179967,,TEX
VIR BIOTECHNOLOGY INC,92764N102,51576,1231820,,
HERBALIFE NUTRITION LTD,G4412G101,51498,1258203,,
HOSTESS BRANDS INC,44109J106,51493,2521721,,
FULTON FINANCIAL CORP,360271100,51485,3028585,,FULTP
HUB GROUP INC-CL A,443320106,51400,610163,,
RUSH ENTERPRISES INC-CL A,781846209,51375,923352,,
SHUTTERSTOCK INC,825690100,51347,463093,,
MR COOPER GROUP INC,62482R107,51314,1233229,,
JBG SMITH PROPERTIES,46590V100,51154,1781769,,JBGS
WELBILT INC,949090104,51148,2151798,,
VERACYTE INC,92337F107,51102,1240348,,
QUAKER HOUGHTON,747316107,51046,221191,,
PATTERSON COS INC,703395103,51045,1739206,,
KODIAK SCIENCES INC,50015M109,50928,600711,,KOD
EXP WORLD HOLDINGS INC,30212W100,50914,1511266,,
ENCORE WIRE CORP,292562105,50870,355488,,
KARUNA THERAPEUTICS INC,48576A100,50812,387878,,
EVERTEC INC,30040P103,50782,1016049,,
CERENCE INC,156727109,50711,661682,,CRNC
PTC THERAPEUTICS INC,69366J200,50668,1272130,,
PROG HOLDINGS INC,74319R101,50660,1123040,,
ACADIA PHARMACEUTICALS INC,004225108,50511,2164152,,ACAD
AVISTA CORP,05379B107,50465,1187698,,AVA
PACIRA BIOSCIENCES INC,695127100,50370,837133,,
ARBOR REALTY TRUST INC,038923108,50342,2747948,,ABR-PF
CAVCO INDUSTRIES INC,149568107,50316,158402,,
GENTHERM INC,37253A103,50248,578231,,THRM
SUNSTONE HOTEL INVESTORS INC,867892101,50244,4283459,,
CANNAE HOLDINGS INC,13765N107,50122,1425957,,
ATLANTIC UNION BANKSHARES CO,04911A107,50089,1343240,,
BEYOND MEAT INC,08862E109,49853,765090,,
CNX RESOURCES CORP,12653C108,49767,3619442,,CNX
VICTORIA'S SECRET & CO,926400102,49479,890883,,VSXY
APOLLO MEDICAL HOLDINGS INC,03763A207,49441,672860,,
CNO FINANCIAL GROUP INC,12621E103,49405,2072366,,
MAGNOLIA OIL & GAS CORP - A,559663109,49392,2617524,,
ROGERS COMMUNICATIONS INC-B,775109200,49285,1023291,,
LIVE OAK BANCSHARES INC,53803X105,49228,563961,,
ALLEGIANT TRAVEL CO,01748X102,49195,263022,,ALGT
STEPAN CO,858586100,49125,395249,,SCL
SANMINA CORP,801056102,49121,1184784,,SANM
RETAIL OPPORTUNITY INVESTMEN,76131N101,49115,2505911,,
VISTA OUTDOOR INC,928377100,49105,1065897,,
PEMBINA PIPELINE CORP,706327103,49099,1610991,,PMBPF
PIPER SANDLER COS,724078100,49082,274957,,
OAK STREET HEALTH INC,67181A107,49015,1480600,,
DYCOM INDUSTRIES INC,267475101,48944,522014,,DY
TRIUMPH BANCORP INC,89679E300,48886,410537,,
GMS INC,36251C103,48841,812541,,
FNB CORP,302520101,48755,4019412,,
FIRST BANCORP PUERTO RICO,318672706,48740,3537011,,
COLUMBIA BANKING SYSTEM INC,197236102,48723,1489091,,
VICOR CORP,925815102,48667,383272,,VICR
AMKOR TECHNOLOGY INC,031652100,48647,1962395,,
INTEGER HOLDINGS CORP,45826H109,48626,568137,,ITGR
COLUMBIA SPORTSWEAR CO,198516106,48569,498456,,COLM
SILGAN HOLDINGS INC,827048109,48464,1131293,,SLGN
RESTAURANT BRANDS INTERN,76131D103,48439,802122,,
CVB FINANCIAL CORP,126600105,48433,2262172,,CVBF
INDEPENDENT BANK GROUP INC,45384B106,48285,669235,,
MEDIFAST INC,58470H101,48000,229196,,MED
SOUTH JERSEY INDUSTRIES,838518108,47961,1836199,,
QIAGEN N.V.,N72482123,47924,862254,,QGEN
PLEXUS CORP,729132100,47905,499588,,PLXS
YELP INC,985817105,47483,1310258,,YELP
OPEN TEXT CORP,683715106,47452,996689,,OTEX
INGEVITY CORP,45688C107,47339,660251,,NGVT
PIEDMONT OFFICE REALTY TRU-A,720190206,47332,2575230,,
TEVA PHARMACEUTICAL-SP ADR,881624209,47320,5929402,,
MOMENTIVE GLOBAL INC,60878Y108,47298,2236346,,
ATLAS AIR WORLDWIDE HOLDINGS,049164205,46923,498554,,
RLJ LODGING TRUST,74965L101,46876,3365166,,RLJ-PA
ALBANY INTL CORP-CL A,012348108,46852,529710,,
HECLA MINING CO,422704106,46715,8949418,,
FASTLY INC - CLASS A,31188V100,46456,1310470,,
FIRST HAWAIIAN INC,32051X108,46416,1698374,,
CHEWY INC - CLASS A,16679L109,46376,788037,,
NEVRO CORP,64157F103,46368,571954,,
GRAND CANYON EDUCATION INC,38526M106,46367,540978,,
TRONOX HOLDINGS PLC- A,G9087Q102,46353,1928995,,
NUVASIVE INC,670704105,46324,882705,,
CARETRUST REIT INC,14174T107,46289,2027589,,
UNITED NATURAL FOODS INC,911163103,46164,940605,,UNFI
MASONITE INTERNATIONAL CORP,575385109,45988,389902,,
FOUR CORNERS PROPERTY TRUST,35086T109,45856,1559228,,
BOK FINANCIAL CORPORATION,05561Q201,45774,433920,,BOKF
KYNDRYL HOLDINGS INC,50155Q100,45771,2528375,,
ARCOSA INC,039653100,45634,865930,,
TECHTARGET,87874R100,45589,476579,,
SHAKE SHACK INC - CLASS A,819047101,45572,631548,,
DIGITALOCEAN HOLDINGS INC,25402D102,45503,566463,,
CRYOPORT INC,229050307,45220,764252,,
AXONICS INC,05465P101,45097,805312,,
SUNNOVA ENERGY INTERNATIONAL,86745K104,45017,1612392,,
HAEMONETICS CORP/MASS,405024100,44996,848356,,
BRANDYWINE REALTY TRUST,105368203,44958,3350084,,BDN
PAGERDUTY INC,69553P100,44873,1291311,,
1LIFE HEALTHCARE INC,68269G107,44764,2547759,,
ULTRA CLEAN HOLDINGS INC,90385V107,44709,779451,,
3D SYSTEMS CORP,88554D205,44650,2072901,,DDD
WINNEBAGO INDUSTRIES,974637100,44641,595850,,
BIOCRYST PHARMACEUTICALS INC,09058V103,44575,3218476,,BCRX
KIRBY CORP,497266106,44533,749472,,KEX
NU SKIN ENTERPRISES INC - A,67018T105,44525,877343,,
LIBERTY GLOBAL PLC-A,G5480U104,44465,1605895,,
INTERNATIONAL BANCSHARES CRP,459044103,44429,1048121,,
COTY INC-CL A,222070203,44286,4217807,,
SPX CORP,784635104,44176,740215,,
CONFLUENT INC-CLASS A,20717M103,44139,578955,,
APPIAN CORP,03782L101,44138,676861,,APPN
HELMERICH & PAYNE,423452101,43982,1855801,,
LIGAND PHARMACEUTICALS,53220K504,43969,284663,,
KEMPER CORP,488401100,43961,747772,,KMPB
CIVITAS RESOURCES INC,17888H103,43945,897387,,
TG THERAPEUTICS INC,88322Q108,43886,2309837,,
KADANT INC,48282T104,43860,190300,,KAI
SWITCH INC - A,87105L104,43807,1529589,,
BRADY CORPORATION - CL A,104674106,43774,812146,,
OVERSTOCK.COM INC,690370101,43764,741652,,
NETSCOUT SYSTEMS INC,64115T104,43691,1320784,,NTCT
CENOVUS ENERGY INC,15135U109,43553,3565027,,CVE
FEDERAL SIGNAL CORP,313855108,43539,1004603,,
CENTURY COMMUNITIES INC,156504300,43537,532311,,
CHESAPEAKE UTILITIES CORP,165303108,43527,298522,,CPK
ALTERYX INC - CLASS A,02156B103,43521,719357,,
GOOSEHEAD INSURANCE INC -A,38267D109,43435,333911,,
AXCELIS TECHNOLOGIES INC,054540208,43405,582150,,ACLS
WILEY (JOHN) & SONS-CLASS A,968223206,43393,757706,,
KORNIT DIGITAL LTD,M6372Q113,43378,285833,,KRNT
COHEN & STEERS INC,19247A100,43360,468713,,
URBAN EDGE PROPERTIES,91704F104,43331,2280597,,UE
VIASAT INC,92552V100,43172,969291,,VSAT
ENERGIZER HOLDINGS INC,29272W109,43155,1076188,,
CLEARWAY ENERGY INC-A,18539C105,43090,1287051,,
TURNING POINT THERAPEUTICS I,90041T108,42995,901383,,
ALTICE USA INC- A,02156K103,42944,2654143,,
ALBERTSONS COS INC - CLASS A,013091103,42844,1419147,,
ALLSCRIPTS HEALTHCARE SOLUTI,01988P108,42831,2321485,,
ASSURED GUARANTY LTD,G0585R106,42830,853206,,AGO
WSFS FINANCIAL CORP,929328102,42670,851361,,WSFS
CYBERARK SOFTWARE LTD/ISRAEL,M2682V108,42657,246910,,
FLAGSTAR BANCORP INC,337930705,42645,889569,,
WARNER MUSIC GROUP CORP-CL A,934550203,42568,985829,,
CHARGEPOINT HOLDINGS INC,15961R105,42485,2230224,,
J & J SNACK FOODS CORP,466032109,42383,268317,,
XEROX HOLDINGS CORP,98421M106,42346,1870446,,XRXDW
GRAHAM HOLDINGS CO-CLASS B,384637104,42337,67221,,
CAREDX INC,14167L103,42290,929873,,
KRATOS DEFENSE & SECURITY,50077B207,42243,2177488,,
IHEARTMEDIA INC - CLASS A,45174J509,42241,2007666,,
OPEN LENDING CORP -  CL A,68373J104,42140,1874558,,
LESLIE'S INC,527064109,42071,1778156,,
MINERALS TECHNOLOGIES INC,603158106,42056,574941,,MTX
PROGRESS SOFTWARE CORP,743312100,42038,870906,,
OLLIE'S BARGAIN OUTLET HOLDI,681116109,42035,821174,,
WASHINGTON REIT,939653101,41981,1624058,,
GLOBANT SA,L44385109,41786,133040,,
BOTTOMLINE TECHNOLOGIES (DE),101388106,41765,739611,,
LENDINGCLUB CORP,52603A208,41746,1726493,,
BANK OF HAWAII CORP,062540109,41732,498238,,BOH-PB
SHAW COMMUNICATIONS INC-B,82028K200,41705,1342321,,
AMERESCO INC-CL A,02361E108,41675,511732,,
KONTOOR BRANDS INC,50050N103,41572,811174,,
WHITING PETROLEUM CORP,966387508,41542,642279,,
EDGEWELL PERSONAL CARE CO,28035Q102,41534,908658,,EPC
WASHINGTON FEDERAL INC,938824109,41484,1242790,,
NCINO INC,63947U107,41477,756060,,
BLUE OWL CAPITAL INC,09581B103,41338,2772510,,OWL
SIX FLAGS ENTERTAINMENT CORP,83001A102,41298,969905,,
OASIS PETROLEUM INC,674215207,41294,327762,,
FIRST MERCHANTS CORP,320817109,41178,983012,,FRMEP
ISHARES MSCI INDIA ETF,46429B598,41155,897818,,
XENIA HOTELS & RESORTS INC,984017103,41119,2270554,,
EASTERLY GOVERNMENT PROPERTI,27616P103,40946,1786485,,
ISHARES CORE MSCI EMERGING,46434G103,40882,682965,,
FIRST MIDWEST BANCORP INC/IL,320867104,40785,1991477,,
AVANGRID INC,05351W103,40740,816762,,
FIRST FINANCIAL BANCORP,320209109,40739,1671010,,
TRINITY INDUSTRIES INC,896522109,40719,1348333,,TRN
PRA GROUP INC,69354N106,40565,807909,,PRAA
XENCOR INC,98401F105,40456,1008397,,XNCR
HILLTOP HOLDINGS INC,432748101,40381,1149150,,HTH
ADAPTIVE BIOTECHNOLOGIES,00650F109,40360,1438362,,
LIVEPERSON INC,538146101,40262,1127170,,LPSN
FRONTDOOR INC,35905A109,40191,1096627,,
RELAY THERAPEUTICS INC,75943R102,40077,1305016,,
PENSKE AUTOMOTIVE GROUP INC,70959W103,40043,373466,,
EXTREME NETWORKS INC,30226D106,40020,2549083,,EXTR
CREDICORP LTD,G2519Y108,39992,329562,,BAP
APPFOLIO INC - A,03783C100,39986,330306,,
WESTLAKE CHEMICAL CORP,960413102,39974,411552,,
JELD-WEN HOLDING INC,47580P103,39855,1511970,,
DIAMONDROCK HOSPITALITY CO,252784301,39831,4144762,,DRH
NIKOLA CORP,654110105,39817,4034182,,
RENEWABLE ENERGY GROUP INC,75972A301,39683,935058,,
MYRIAD GENETICS INC,62855J104,39442,1429078,,MYGN
GRAFTECH INTERNATIONAL LTD,384313508,39411,3331518,,EAF
KYMERA THERAPEUTICS INC,501575104,39366,620042,,
WESBANCO INC,950810101,39349,1124599,,WSBCO
BANNER CORPORATION,06652V208,39305,647856,,BANR
SANDY SPRING BANCORP INC,800363103,39235,816041,,
CERTARA INC,15687V109,39157,1377812,,
MONMOUTH REAL ESTATE INV COR,609720107,39126,1862274,,
WOLVERINE WORLD WIDE INC,978097103,38934,1351407,,
OLAPLEX HOLDINGS INC,679369108,38859,1334010,,
ZUORA INC - CLASS A,98983V106,38816,2077981,,
DUN & BRADSTREET HOLDINGS IN,26484T106,38778,1892535,,
MAGELLAN HEALTH INC,559079207,38717,407589,,
SAGE THERAPEUTICS INC,78667J108,38636,908229,,
TANGER FACTORY OUTLET CENTER,875465106,38584,2001272,,
AMERICAN ASSETS TRUST INC,024013104,38549,1027165,,
ESCO TECHNOLOGIES INC,296315104,38479,427602,,ESE
INNOSPEC INC,45768S105,38433,425427,,IOSP
GIBRALTAR INDUSTRIES INC,374689107,38430,576345,,
SPIRIT AIRLINES INC,848577102,38422,1758481,,
INTERDIGITAL INC,45867G101,38373,535718,,
VIRTUS INVESTMENT PARTNERS,92828Q109,38325,128998,,
ANTERO MIDSTREAM CORP,03676B102,38310,3957738,,AM
BEAUTY HEALTH CO/THE,88331L108,38254,1583398,,
FISKER INC,33813J106,38151,2425369,,
REVOLVE GROUP INC,76156B107,38082,679567,,
STEM INC,85859N102,37944,2000211,,
AMERICAN NATIONAL GROUP INC,02772A109,37912,200763,,ANG-PD
LAKELAND FINANCIAL CORP,511656100,37870,472553,,LKFN
BARNES GROUP INC,067806109,37782,810948,,
REALOGY HOLDINGS CORP,75605Y106,37751,2245774,,
MUELLER WATER PRODUCTS INC-A,624758108,37727,2619991,,
TOWNE BANK,89214P109,37667,1192374,,
CARDLYTICS INC,14161W105,37663,569883,,
FULGENT GENETICS INC,359664109,37641,374211,,
COVETRUS INC,22304C100,37573,1881479,,
CALLON PETROLEUM CO,13123X508,37484,793314,,
RENASANT CORP,75970E107,37367,984664,,RNST
WHITE MOUNTAINS INSURANCE GP,G9618E107,37365,36853,,
ENPRO INDUSTRIES INC,29355X107,37363,339454,,
APPLOVIN CORP-CLASS A,03831W108,37280,395502,,
BILIBILI INC-SPONSORED ADR,090040106,37239,807306,,
ADAPTHEALTH CORP,00653Q102,37191,1520499,,AHCO
NEXPOINT RESIDENTIAL,65341D102,37188,443620,,
OPKO HEALTH INC,68375N103,37183,7730412,,
MAGNITE INC,55955D100,37104,2120233,,
CORVEL CORP,221006109,37055,178152,,CRVL
ACADIA REALTY TRUST,004239109,37054,1697389,,AKR
VOCERA COMMUNICATIONS INC,92857F107,37046,571350,,
PENNYMAC FINANCIAL SERVICES,70932M107,36945,529462,,
EVOLENT HEALTH INC - A,30050B101,36936,1334878,,
HEARTLAND FINANCIAL USA INC,42234Q102,36932,729752,,
BP PLC-SPONS ADR,055622104,36924,1386584,,
MIDDLESEX WATER CO,596680108,36916,306874,,MSEXP
VERRA MOBILITY CORP,92511U102,36896,2391203,,VRRM
CSG SYSTEMS INTL INC,126349109,36881,640079,,
TREEHOUSE FOODS INC,89469A104,36663,904603,,
EMERGENT BIOSOLUTIONS INC,29089Q105,36636,842798,,EBS
STEWART INFORMATION SERVICES,860372101,36596,459001,,
MARQETA INC-A,57142B104,36569,2129871,,
MEDNAX INC,58502B106,36555,1343455,,
ALEXANDER & BALDWIN INC,014491104,36475,1453776,,
VIMEO INC,92719V100,36475,2030904,,
TELEPHONE AND DATA SYSTEMS,879433829,36417,1807325,,
HEALTH CATALYST INC,42225T107,36365,917861,,
TRIPADVISOR INC,896945201,36351,1333498,,
QURATE RETAIL INC-SERIES A,74915M100,36283,4774082,,
TRUSTMARK CORP,898402102,36271,1117419,,TRMK
MANTECH INTERNATIONAL CORP-A,564563104,36245,496993,,
SABRE CORP,78573M104,36137,4206911,,SABR
SALLY BEAUTY HOLDINGS INC,79546E104,36119,1956629,,
TRINSEO PLC,G9059U107,36107,688279,,TSEOQ
SKYWEST INC,830879102,36099,918565,,SKYW
ABERCROMBIE & FITCH CO-CL A,002896207,36094,1036308,,
GLOBALFOUNDRIES INC,G39387108,36091,555506,,GFS
MAXAR TECHNOLOGIES INC,57778K105,36073,1221596,,
ARRAY TECHNOLOGIES INC,04271T100,35954,2291574,,
MYR GROUP INC/DELAWARE,55405W104,35953,325224,,
CACTUS INC - A,127203107,35931,942343,,
MADISON SQUARE GARDEN SPORTS,55825T103,35917,206744,,
SUPER MICRO COMPUTER INC,86800U104,35917,817246,,
VERITIV CORP,923454102,35832,292344,,
E2OPEN PARENT HOLDINGS INC,29788T103,35795,3179030,,
MATTERPORT INC,577096100,35718,1730559,,
KNOWLES CORP,49926D109,35617,1525385,,KN
HOUGHTON MIFFLIN HARCOURT CO,44157R109,35560,2208720,,
AGNICO EAGLE MINES LTD,008474108,35523,670885,,AEM
M/I HOMES INC,55305B101,35432,569839,,
SEACOAST BANKING CORP/FL,811707801,35378,999661,,
XPERI HOLDING CORP,98390M103,35347,1869231,,
NEWMARKET CORP,651587107,35319,103056,,NEU
OUTSET MEDICAL INC,690145107,35281,765490,,
IOVANCE BIOTHERAPEUTICS INC,462260100,35274,1847811,,
STEPSTONE GROUP INC-CLASS A,85914M107,35253,848044,,
TECK RESOURCES LTD-CLS B,878742204,35119,1228591,,
ISTAR INC,45031U101,35036,1356440,,
LUMINAR TECHNOLOGIES INC,550424105,35001,2069890,,
URBAN OUTFITTERS INC,917047102,34998,1192046,,URBN
VERITEX HOLDINGS INC,923451108,34972,879147,,
GREEN DOT CORP-CLASS A,39304D102,34844,961491,,
PHREESIA INC,71944F106,34824,835916,,
NELNET INC-CL A,64031N108,34705,355301,,
LANTHEUS HOLDINGS INC,516544103,34686,1200641,,
MODIVCARE INC,60783X104,34661,233741,,
GLOBAL NET LEASE INC,379378201,34640,2267040,,
FUBOTV INC,35953D104,34328,2211891,,FUBO
AGIOS PHARMACEUTICALS INC,00847X104,34316,1044016,,
INDUSTRIAL LOGISTICS PROPERT,456237106,34304,1369436,,
GENWORTH FINANCIAL INC-CL A,37247D106,34302,8469791,,
LIBERTY LATIN AMERIC-CL C,G9001E128,34301,3008940,,
INTER PARFUMS INC,458334109,34274,320624,,
CORCEPT THERAPEUTICS INC,218352102,34271,1730872,,CORT
CUSTOMERS BANCORP INC,23204G100,34145,522349,,
PARK NATIONAL CORP,700658107,34141,248643,,
MCGRATH RENTCORP,580589109,34135,425316,,MGRC
META FINANCIAL GROUP INC,59100U108,34103,571624,,
AURORA INNOVATION INC,051774107,34041,3023201,,
BROOKFIELD INFRASTRUCTURE-A,11275Q107,34004,498160,,
CHEMOCENTRYX INC,16383L106,33940,932169,,
SURGERY PARTNERS INC,86881A100,33845,633701,,
MONRO INC,610236101,33836,580692,,
NMI HOLDINGS INC-CLASS A,629209305,33827,1548172,,
SJW GROUP,784305104,33722,460684,,
GLAUKOS CORP,377322102,33699,758321,,GKOS
NANOSTRING TECHNOLOGIES INC,63009R109,33678,797494,,
JACK IN THE BOX INC,466367109,33624,384373,,JACK
FUELCELL ENERGY INC,35952H601,33580,6457697,,FCELB
ALLEGHENY TECHNOLOGIES INC,01741R102,33485,2102015,,
SOTERA HEALTH CO,83601L102,33421,1419178,,SHC
BIGCOMMERCE HOLDINGS-SER 1,08975P108,33403,944388,,
GROCERY OUTLET HOLDING CORP,39874R101,33375,1180164,,GO
ST JOE CO/THE,790148100,33180,637472,,
B&G FOODS INC,05508R106,33174,1079541,,
VIRTU FINANCIAL INC-CLASS A,928254101,33152,1149925,,
IVERIC BIO INC,46583P102,33095,1979411,,
INFOSYS LTD-SP ADR,456788108,33066,1303885,,
EVERBRIDGE INC,29978A104,33051,490882,,
CBIZ INC,124805102,33010,843826,,
NORTHWEST BANCSHARES INC,667340103,32993,2330050,,
SHOALS TECHNOLOGIES GROUP -A,82489W107,32983,1357366,,
ASTRAZENECA PLC-SPONS ADR,046353108,32859,573836,,
QUALTRICS INTERNATIONAL-CL A,747601201,32815,926980,,
JACKSON FINANCIAL INC-A,46817M107,32811,784398,,
LIBERTY BROADBAND-A,530307107,32690,203625,,
VEONEER INC,92336X109,32687,921285,,
CODEXIS INC,192005106,32665,1044612,,
INFINERA CORP,45667G103,32618,3401332,,
MFA FINANCIAL INC,55272X102,32545,7137117,,
SHIFT4 PAYMENTS INC-CLASS A,82452J109,32536,561649,,
EDITAS MEDICINE INC,28106W103,32400,1220371,,
TRAVERE THERAPEUTICS INC,89422G107,32383,1043283,,
HESKA CORP,42805E306,32327,177148,,
ICF INTERNATIONAL INC,44925C103,32309,315060,,
ALLEGRO MICROSYSTEMS INC,01749D105,32278,892151,,
KIRKLAND LAKE GOLD LTD,49741E100,32266,768627,,
RIOT BLOCKCHAIN INC,767292105,32226,1443198,,
IRONWOOD PHARMACEUTICALS INC,46333X108,32223,2763568,,IRWD
TWO HARBORS INVESTMENT CORP,90187B408,32223,5584582,,TWOD
ARGO GROUP INTERNATIONAL,G0464B107,32213,554360,,
PRICESMART INC,741511109,32209,440199,,PSMT
AVID BIOSERVICES INC,05368M106,32197,1103395,,
BRIDGEBIO PHARMA INC,10806X102,32149,1927411,,
CHEESECAKE FACTORY INC/THE,163072101,32051,818673,,
COHU INC,192576106,32048,841376,,COHU
EAGLE BANCORP INC,268948106,32021,548878,,EGBN
METHODE ELECTRONICS INC,591520200,31991,650627,,MEI
WORTHINGTON INDUSTRIES,981811102,31946,584453,,
GRID DYNAMICS HOLDINGS INC,39813G109,31914,840524,,
MATERION CORP,576690101,31913,347116,,MTRN
AIR TRANSPORT SERVICES GROUP,00922R105,31903,1085895,,
BLOOMIN' BRANDS INC,094235108,31883,1519724,,
ODP CORP/THE,88337F105,31876,811509,,
VERICEL CORP,92346J108,31871,810974,,VCEL
NEKTAR THERAPEUTICS,640268108,31851,2357653,,NKTR
2U INC,90214J101,31811,1585025,,
BRP GROUP INC-A,05589G102,31795,880520,,
PATRICK INDUSTRIES INC,703343103,31528,390731,,PATK
WORLD FUEL SERVICES CORP,981475106,31510,1190434,,
CSW INDUSTRIALS INC,126402106,31500,260637,,
GLOBAL BLOOD THERAPEUTICS IN,37890U108,31437,1074035,,
GREEN PLAINS INC,393222104,31359,902163,,GPRE
GREAT WESTERN BANCORP INC,391416104,31358,923366,,
CELLDEX THERAPEUTICS INC,15117B202,31314,810420,,
KAR AUCTION SERVICES INC,48238T109,31313,2004724,,
HUAZHU GROUP LTD-ADR,44332N106,31238,842052,,
TTEC HOLDINGS INC,89854H102,31143,343935,,
ARCUS BIOSCIENCES INC,03969F109,31142,769512,,
TUSIMPLE HOLDINGS INC - A,90089L108,31141,868660,,
ENTERPRISE FINANCIAL SERVICE,293712105,31129,661062,,
PROVIDENT FINANCIAL SERVICES,74386T105,31110,1284505,,
HOPE BANCORP INC,43940T109,31102,2114401,,HOPE
SUNPOWER CORP,867652406,31028,1486729,,
O-I GLASS INC,67098H104,30984,2575618,,
8X8 INC,282914100,30979,1848395,,
EVERI HOLDINGS INC,30034T103,30937,1449084,,
CLEARWAY ENERGY INC-C,18539C204,30923,858259,,
DUCK CREEK TECHNOLOGIES INC,264120106,30889,1025883,,
KFORCE INC,493732101,30861,410280,,KFRC
NV5 GLOBAL INC,62945V109,30848,223348,,
ACUSHNET HOLDINGS CORP,005098108,30828,580798,,GOLF
COURSERA INC,22266M104,30820,1261071,,
PROTHENA CORP PLC,G72800108,30804,623574,,
PJT PARTNERS INC - A,69343T107,30789,415568,,
HNI CORP,404251100,30775,731874,,HNI
CENTERSPACE,15202L107,30733,277131,,CSR
NORDSTROM INC,655664100,30721,1358155,,
APOLLO COMMERCIAL REAL ESTAT,03762U105,30717,2334186,,
IROBOT CORP,462726100,30640,465092,,
MADISON SQUARE GARDEN ENTERT,55826T102,30595,434972,,
SPRINGWORKS THERAPEUTICS INC,85205L107,30515,492338,,
SLEEP NUMBER CORP,83125X103,30250,394916,,SNBRQ
SERVICE PROPERTIES TRUST,81761L102,30234,3439663,,SVC
VERIS RESIDENTIAL INC,554489104,30163,1641118,,
CEREVEL THERAPEUTICS HOLDING,15678U128,30110,928773,,
B. RILEY FINANCIAL INC,05580M108,30108,338833,,
MONTROSE ENVIRONMENTAL GROUP,615111101,30098,426863,,
OSI SYSTEMS INC,671044105,30060,322538,,OSIS
GRAY TELEVISION INC,389375106,29896,1482953,,
IMPINJ INC,453204109,29873,336793,,PI
PATTERSON-UTI ENERGY INC,703481101,29857,3533443,,
FERRO CORP,315405100,29830,1366503,,
MESA LABORATORIES INC,59064R109,29617,90272,,
SCHRODINGER INC,80810D103,29574,849116,,
FIRST BANCORP/NC,318910106,29563,646618,,
GRANITE CONSTRUCTION INC,387328107,29535,763179,,GVA
ENCORE CAPITAL GROUP INC,292554102,29343,472449,,ECPG
BANCFIRST CORP,05945F103,29316,415485,,
ALPHA & OMEGA SEMICONDUCTOR,G6331P104,29166,481611,,AOSL
BROOKFIELD RENEWABLE COR-A,11284V105,28991,789970,,
KE HOLDINGS INC-ADR,482497104,28985,1451566,,
ALGONQUIN POWER & UTILITIES,015857105,28977,1964222,,
COMMSCOPE HOLDING CO INC,20337X109,28943,2621652,,
VIRGIN GALACTIC HOLDINGS INC,92766K106,28893,2159431,,
PENNYMAC MORTGAGE INVESTMENT,70931T103,28891,1667145,,
COMPASS MINERALS INTERNATION,20451N101,28885,565495,,
TELUS CORP,87971M103,28832,1226576,,TU
JAMF HOLDING CORP,47074L105,28811,757991,,
SHYFT GROUP INC/THE,825698103,28808,586380,,
BANDWIDTH INC-CLASS A,05988J103,28709,400071,,
AAR CORP,000361105,28646,733956,,AIR
SAFEHOLD INC,78645L100,28615,358365,,SAFE
GREIF INC-CL A,397624107,28599,473738,,
N B T BANCORP INC,628778102,28560,741450,,
MCAFEE CORP - CLASS A,579063108,28367,1099923,,
CINEMARK HOLDINGS INC,17243V102,28362,1759478,,
AVANOS MEDICAL INC,05350V106,28264,815248,,
TRIMAS CORP,896215209,28264,763917,,TRS
ASTEC INDUSTRIES INC,046224101,28243,407725,,ASTE
DRIVEN BRANDS HOLDINGS INC,26210V102,28057,834541,,DRVN
SUPERNUS PHARMACEUTICALS INC,868459108,28043,961708,,
MERITOR INC,59001K100,27986,1129386,,
DAVE & BUSTER'S ENTERTAINMEN,238337109,27937,727542,,
PALOMAR HOLDINGS INC,69753M105,27934,431295,,
CASSAVA SCIENCES INC,14817C107,27811,636424,,
REVOLUTION MEDICINES INC,76155X100,27775,1103497,,
CAMPING WORLD HOLDINGS INC-A,13462K109,27660,684672,,
ISHARES MSCI EMERGING MARKET,464287234,27643,565879,,
PARAMOUNT GROUP INC,69924R108,27612,3310847,,
PLAYTIKA HOLDING CORP,72815L107,27578,1595072,,PLTK
LA-Z-BOY INC,505336107,27560,759040,,LZB
OXFORD INDUSTRIES INC,691497309,27541,271288,,OXM
KOSMOS ENERGY LTD,500688106,27538,7959097,,KOS
ADDUS HOMECARE CORP,006739106,27469,293757,,ADUS
FIRSTSERVICE CORP,33767E202,27441,140197,,FSV
STOCK YARDS BANCORP INC,861025104,27426,429344,,
MARCUS & MILLICHAP INC,566324109,27393,532317,,
FIRST INTERSTATE BANCSYS-A,32055Y201,27366,672886,,
GCP APPLIED TECHNOLOGIES,36164Y101,27351,863921,,
WORLD WRESTLING ENTERTAIN-A,98156Q108,27345,554217,,
WESTAMERICA BANCORPORATION,957090103,27257,472148,,WABC
COMMUNITY HEALTH SYSTEMS INC,203668108,27255,2047724,,CYH
DOMO INC - CLASS B,257554105,27221,548819,,
LINDSAY CORP,535555106,27202,178962,,LNN
GREEN BRICK PARTNERS INC,392709101,27150,895158,,
AVAYA HOLDINGS CORP,05351X101,27133,1370384,,
BRINKER INTERNATIONAL INC,109641100,27128,741416,,
LIONS GATE ENTERTAINMENT-B,535919500,27086,1759999,,
DYNAVAX TECHNOLOGIES CORP,268158201,26938,1914607,,
TTM TECHNOLOGIES,87305R109,26929,1807325,,
PARSONS CORP,70202L102,26901,799457,,PSN
HORACE MANN EDUCATORS,440327104,26838,693514,,
KAISER ALUMINUM CORP,483007704,26756,284825,,KALU
PROTAGONIST THERAPEUTICS INC,74366E102,26610,778081,,
STITCH FIX INC-CLASS A,860897107,26554,1403526,,
REYNOLDS CONSUMER PRODUCTS I,76171L106,26521,844631,,
PROTO LABS INC,743713109,26495,515971,,PRLB
STRIDE INC,86333M108,26479,794451,,
CAPITOL FEDERAL FINANCIAL IN,14057J101,26472,2336519,,
VECTOR GROUP LTD,92240M108,26469,2305704,,
BGC PARTNERS INC-CL A,05541T101,26467,5691973,,
IMMUNOGEN INC,45253H101,26317,3546767,,
FRANCHISE GROUP INC,35180X105,26305,504325,,
LTC PROPERTIES INC,502175102,26290,770071,,LTC
ENOVA INTERNATIONAL INC,29357K103,26167,638844,,
EPLUS INC,294268107,26132,485017,,PLUS
ELF BEAUTY INC,26856L103,26071,785041,,
VEECO INSTRUMENTS INC,922417100,26055,915205,,VECO
FIRST COMMONWEALTH FINL CORP,319829107,26019,1617104,,
C3.AI INC-A,12468P104,25984,831507,,
BED BATH & BEYOND INC,075896100,25946,1779612,,
REPAY HOLDINGS CORP,76029L100,25907,1418016,,RPAY
GETTY REALTY CORP,374297109,25882,806554,,
BIG LOTS INC,089302103,25822,573190,,
FLYWIRE CORP-VOTING,302492103,25809,678120,,
SILK ROAD MEDICAL INC,82710M100,25768,604758,,
FB FINANCIAL CORP,30257X104,25701,586529,,FBK
REDWOOD TRUST INC,758075402,25552,1937285,,RWTS
ATARA BIOTHERAPEUTICS INC,046513107,25538,1620465,,
CAL-MAINE FOODS INC,128030202,25537,690382,,CALM
SMART GLOBAL HOLDINGS INC,G8232Y101,25521,359506,,
CIMPRESS PLC,G2143T103,25513,356290,,CMPR
ENOVIX CORP,293594107,25499,934727,,ENVX
LIONS GATE ENTERTAINMENT-A,535919401,25490,1531907,,
PBF ENERGY INC-CLASS A,69318G106,25395,1958008,,
TENNANT CO,880345103,25282,311971,,TNC
AGILON HEALTH INC,00857U107,25276,936160,,
BANCORP INC/THE,05969A105,25226,996704,,
ISHARES MSCI TAIWAN ETF,46434G772,25225,378704,,
CENTRAL GARDEN & PET CO,153527106,25216,479137,,CENTA
PRIMO WATER CORP,74167P108,25143,1426209,,
ENANTA PHARMACEUTICALS INC,29251M106,25126,336008,,ENTA
ACCOLADE INC,00437E102,25119,952924,,
KRATON CORP,50077C106,25048,540778,,
WEST FRASER TIMBER CO LTD,952845105,25011,262288,,
NORTHWEST NATURAL HOLDING CO,66765N105,24924,510962,,NWN
INGLES MARKETS INC-CLASS A,457030104,24854,287864,,
H&E EQUIPMENT SERVICES INC,404030108,24845,561232,,
PHOTRONICS INC,719405102,24837,1317630,,PLAB
RANPAK HOLDINGS CORP,75321W103,24786,659569,,PACK
MALIBU BOATS INC - A,56117J100,24779,360540,,
ADTALEM GLOBAL EDUCATION INC,00737L103,24769,837929,,
UMH PROPERTIES INC,903002103,24701,903806,,
AMERICAN FINANCE TRUST INC,02607T109,24660,2701072,,
AZZ INC,002474104,24654,445908,,AZZ
SORRENTO THERAPEUTICS INC,83587F202,24650,5301256,,
BUMBLE INC-A,12047B105,24646,727881,,
GREENBRIER COMPANIES INC,393657101,24646,537073,,GBX
TFI INTERNATIONAL INC,87241L109,24612,220236,,TFII
ARCH RESOURCES INC,03940R107,24571,269071,,
NEW YORK MORTGAGE TRUST INC,649604501,24560,6602169,,
BERKSHIRE HILLS BANCORP INC,084680107,24512,862191,,
AEROVIRONMENT INC,008073108,24445,394087,,AVAV
ALAMO GROUP INC,011311107,24264,164860,,ALG
FIRST BUSEY CORP,319383204,24191,892005,,
QUANTERIX CORP,74766Q101,24136,569260,,QTRX
SOUTHERN COPPER CORP,84265V105,24109,393426,,
DILLARDS INC-CL A,254067101,24102,98368,,
HEALTHCARE SERVICES GROUP,421906108,24072,1353175,,
COMMUNITY HEALTHCARE TRUST I,20369C106,24010,507952,,
EMPIRE STATE REALTY TRUST-A,292104106,23987,2695257,,
SANA BIOTECHNOLOGY INC,799566104,23981,1549183,,
LENDINGTREE INC,52603B107,23975,195558,,
SCHNITZER STEEL INDS INC-A,806882106,23940,461096,,
STRATEGIC EDUCATION INC,86272C103,23927,413691,,
IMPERIAL OIL LTD,453038408,23840,666182,,IMO
DONNELLEY FINANCIAL SOLUTION,25787G100,23766,504158,,
CLEAR CHANNEL OUTDOOR HOLDIN,18453H106,23640,7142171,,
LADDER CAPITAL CORP-REIT,505743104,23624,1970378,,
OFFICE PROPERTIES INCOME TRU,67623C109,23604,950258,,
RADNET INC,750491102,23574,782957,,
COLUMBUS MCKINNON CORP/NY,199333105,23526,508569,,
ROCKET COS INC-CLASS A,77311W101,23511,1679424,,
MARTEN TRANSPORT LTD,573075108,23478,1368218,,MRTN
PRIMORIS SERVICES CORP,74164F103,23477,979033,,PRIM
SKILLZ INC,83067L109,23449,3151818,,
CARPENTER TECHNOLOGY,144285103,23444,803175,,
OCEANFIRST FINANCIAL CORP,675234108,23438,1055768,,OCFC
MULTIPLAN CORP,62548M100,23316,5263272,,
GLOBAL MEDICAL REIT INC,37954A204,23240,1309331,,
ICHOR HOLDINGS LTD,G4740B105,23150,502936,,
OFG BANCORP,67103X102,23147,871502,,OFG
PROASSURANCE CORP,74267C106,23111,913495,,
NEXTGEN HEALTHCARE INC,65343C102,23094,1298196,,
KRYSTAL BIOTECH INC,501147102,23078,329926,,
NICE LTD - SPON ADR,653656108,23012,75798,,
CAMECO CORP,13321L108,22963,1059630,,CCJ
INMODE LTD,M5425M103,22943,326050,,INMD
PING IDENTITY HOLDING CORP,72341T103,22928,1002099,,
FIBROGEN INC,31572Q808,22920,1625600,,
CERUS CORP,157085101,22909,3364150,,CERS
DELUXE CORP,248019101,22755,708686,,DLX
UNIVERSAL CORP/VA,913456109,22730,413885,,
SOUTHSIDE BANCSHARES INC,84470P109,22728,543494,,SBSI
RPT REALTY,74971D101,22680,1695084,,
PILGRIM'S PRIDE CORP,72147K108,22604,801563,,
APARTMENT INVT & MGMT CO -A,03748R747,22597,2927114,,
BAUSCH HEALTH COS INC,071734107,22592,818774,,
ICON PLC,G4705A100,22552,72821,,ICLR
PROS HOLDINGS INC,74346Y103,22543,653638,,
UNISYS CORP,909214306,22539,1095753,,UIS
ANAVEX LIFE SCIENCES CORP,032797300,22496,1297371,,AVXL
FARO TECHNOLOGIES INC,311642102,22481,321066,,
STANDEX INTERNATIONAL CORP,854231107,22446,202844,,
GRIFFON CORP,398433102,22434,787744,,GFF
GOPRO INC-CLASS A,38268T103,22404,2173043,,
UBIQUITI INC,90353W103,22386,72991,,UI
ALIGHT INC - CLASS A,01626W101,22372,2069614,,
COEUR MINING INC,192108504,22363,4437180,,
SINCLAIR BROADCAST GROUP -A,829226109,22344,845414,,
WARRIOR MET COAL INC,93627C101,22338,868871,,
GILDAN ACTIVEWEAR INC,375916103,22295,529877,,GIL
ZAI LAB LTD-ADR,98887Q104,22282,356471,,
ADVANSIX INC,00773T101,22269,471305,,ASIX
TECHNIPFMC PLC,G87110105,22223,3753945,,FTI
RECURSION PHARMACEUTICALS-A,75629V104,22182,1294957,,
G-III APPAREL GROUP LTD,36237H101,22166,801961,,
AVID TECHNOLOGY INC,05367P100,22160,680387,,
VAREX IMAGING CORP,92214X106,22141,701784,,VREX
APOGEE ENTERPRISES INC,037598109,22139,459798,,
CITY HOLDING CO,177835105,22131,270589,,CHCO
MARINEMAX INC,567908108,22125,374756,,HZO
HARSCO CORP,415864107,22103,1322746,,
C4 THERAPEUTICS INC,12529R107,22094,686176,,
ANDERSONS INC/THE,034164103,22030,569128,,
ALECTOR INC,014442107,21925,1061761,,
PAR TECHNOLOGY CORP/DEL,698884103,21913,415269,,
PGT INNOVATIONS INC,69336V101,21876,972716,,
REGENXBIO INC,75901B107,21838,667853,,RGNX
NATIONAL BANK HOLD-CL A,633707104,21810,496361,,
EVO PAYMENTS INC-CLASS A,26927E104,21769,850360,,
DIME COMMUNITY BANCSHARES IN,25432X102,21747,618519,,
BROADMARK REALTY CAPITAL INC,11135B100,21714,2302698,,
S & T BANCORP INC,783859101,21709,688739,,
GLADSTONE LAND CORP,376549101,21706,642967,,LANDO
PETCO HEALTH AND WELLNESS CO,71601V105,21687,1095896,,
HIBBETT INC,428567101,21677,301365,,
EVENTBRITE INC-CLASS A,29975E109,21640,1240872,,
BROOKLINE BANCORP INC,11373M107,21591,1333621,,
VODAFONE GROUP PLC-SP ADR,92857W308,21571,1444813,,
TOAST INC-CLASS A,888787108,21564,621278,,
SHENANDOAH TELECOMMUNICATION,82312B106,21562,845569,,
LAUREATE EDUCATION INC-A,518613203,21556,1761120,,
AMERISAFE INC,03071H100,21553,400403,,AMSF
SUMO LOGIC INC,86646P103,21488,1584722,,
DINE BRANDS GLOBAL INC,254423106,21457,283043,,
USANA HEALTH SCIENCES INC,90328M107,21449,211952,,USNA
SAFETY INSURANCE GROUP INC,78648T100,21439,252140,,SAFT
REVANCE THERAPEUTICS INC,761330109,21413,1312080,,
TRICO BANCSHARES,896095106,21338,496709,,
PLYMOUTH INDUSTRIAL REIT INC,729640102,21328,666500,,
LEVI STRAUSS & CO- CLASS A,52736R102,21303,851104,,
CONSTELLIUM SE,F21107101,21272,1187744,,CSTM
CAE INC,124765108,21242,848292,,CAE
FEDERAL AGRIC MTG CORP-CL C,313148306,21210,171147,,
BUCKLE INC/THE,118440106,21203,501141,,
NATIONAL BEVERAGE CORP,635017106,21158,466759,,FIZZ
SCHNEIDER NATIONAL INC-CL B,80689H102,21135,785412,,
XPEL INC,98379L100,21044,308214,,
MORPHIC HOLDING INC,61775R105,21025,443768,,
U.S. PHYSICAL THERAPY INC,90337L108,20905,218795,,
TELLURIAN INC,87968A104,20882,6780088,,
AGILYSYS INC,00847J105,20818,468257,,AGYS
COWEN INC - A,223622606,20815,576598,,
MOBILE TELESYSTEMS-SP ADR,607409109,20804,2631333,,
PREFERRED APARTMENT COMMUNIT,74039L103,20803,1151930,,
SUMMIT HOTEL PROPERTIES INC,866082100,20788,2129953,,
CONNECTONE BANCORP INC,20786W107,20779,635253,,
GEO GROUP INC/THE,36162J106,20776,2680783,,
HERTZ GLOBAL HLDGS INC,42806J700,20736,829808,,
GDS HOLDINGS LTD - ADR,36165L108,20680,441343,,
GOODRX HOLDINGS INC-CLASS A,38246G108,20676,632682,,
PLANTRONICS INC,727493108,20674,704664,,
PREMIER FINANCIAL CORP,74052F108,20621,667145,,
CENTENNIAL RESOURCE DEVELO-A,15136A102,20618,3447951,,
SCHOLASTIC CORP,807066105,20608,515740,,SCHL
ALLOGENE THERAPEUTICS INC,019770106,20573,1378903,,
HARMONIC INC,413160102,20572,1749338,,HLIT
GRAB HOLDINGS LTD - CL A,G4124C109,20569,2884908,,
OCEANEERING INTL INC,675232102,20566,1818435,,
BRIGHTSPHERE INVESTMENT GROU,10948W103,20550,802764,,
GLADSTONE COMMERCIAL CORP,376536108,20532,796741,,GOODO
DOXIMITY INC-CLASS A,26622P107,20507,409080,,
VIPSHOP HOLDINGS LTD - ADR,92763W103,20503,2451862,,
TIVITY HEALTH INC,88870R102,20476,774468,,
CORECIVIC INC,21871N101,20415,2047679,,
CTS CORP,126501105,20411,555859,,CTS
MGP INGREDIENTS INC,55303J106,20402,240061,,MGPI
MATTHEWS INTL CORP-CLASS A,577128101,20356,555134,,
STURM RUGER & CO INC,864159108,20341,299054,,RGR
PORCH GROUP INC,733245104,20324,1303709,,
VALARIS LTD,G9460G101,20316,564353,,VAL-WT
SONIC AUTOMOTIVE INC-CLASS A,83545G102,20256,409641,,
EW SCRIPPS CO/THE-A,811054402,20046,1036002,,
ZUMIEZ INC,989817101,20036,417514,,ZUMZ
ENERPAC TOOL GROUP CORP,292765104,20031,987765,,EPAC
LEMONADE INC,52567D107,19982,474522,,
TRIUMPH GROUP INC,896818101,19977,1078102,,
NORTHERN OIL AND GAS INC,665531307,19960,969909,,
NETSTREIT CORP,64119V303,19951,871265,,NTST
THOUGHTWORKS HOLDING INC,88546E105,19939,743752,,
CRINETICS PHARMACEUTICALS IN,22663K107,19851,698738,,
KAMAN CORP,483548103,19840,459797,,
RYAN SPECIALTY GROUP HLDGS-A,78351F107,19816,491107,,
EMPLOYERS HOLDINGS INC,292218104,19681,475635,,
HURON CONSULTING GROUP INC,447462102,19626,393316,,HURN
BALLY'S CORP,05875B106,19587,514642,,BALY
KINROSS GOLD CORP,496902404,19580,3378116,,KGCRF
WEIS MARKETS INC,948849104,19525,296380,,WMK
AMERICAN WELL CORP-CLASS A,03044L105,19372,3207389,,
CHEFS' WAREHOUSE INC/THE,163086101,19361,581439,,
ARMADA HOFFLER PROPERTIES IN,04208T108,19334,1270332,,
HOMESTREET INC,43785V102,19309,371341,,
ASPEN AEROGELS INC,04523Y105,19300,387644,,ASPN
AMC NETWORKS INC-A,00164V103,19278,559776,,
ADTRAN INC,00738A106,19262,843736,,
ORION ENGINEERED CARBONS SA,L72967109,19251,1048558,,
SELECTQUOTE INC,816307300,19188,2117902,,
AXSOME THERAPEUTICS INC,05464T104,19172,507485,,
FIGS INC-CLASS A,30260D103,19101,693076,,
COHERUS BIOSCIENCES INC,19249H103,19068,1194760,,
ROCKET LAB USA INC,773122106,19066,1552618,,
BCE INC,05534B760,19027,346960,,BCPPF
OPTIMIZERX CORP,68401U204,18985,305683,,OPRX
WORLD ACCEPTANCE CORP,981419104,18985,77358,,WRLD
CHILDREN'S PLACE INC/THE,168905107,18984,239428,,
TOMPKINS FINANCIAL CORP,890110109,18971,226988,,TMP
BROWN-FORMAN CORP-CLASS A,115637100,18900,278806,,
WIDEOPENWEST INC,96758W101,18889,877780,,
BANC OF CALIFORNIA INC,05990K106,18845,960524,,
INHIBRX INC,45720L107,18772,429882,,
YEXT INC,98585N106,18764,1891583,,
AMERICAN WOODMARK CORP,030506109,18754,287639,,
MANNKIND CORP,56400P706,18664,4271058,,MNKD
NICOLET BANKSHARES INC,65406E102,18646,217455,,NIC
MADRIGAL PHARMACEUTICALS INC,558868105,18644,220018,,
PITNEY BOWES INC,724479100,18620,2808523,,
LIBERTY MEDIA CORP-BRAVES C,531229888,18581,661248,,
CENTRAL GARDEN AND PET CO-A,153527205,18499,386610,,
GREAT LAKES DREDGE & DOCK CO,390607109,18474,1175199,,
SCANSOURCE INC,806037107,18413,524913,,
NUVATION BIO INC,67080N101,18339,2157580,,NUVB
INOVIO PHARMACEUTICALS INC,45773H201,18336,3674626,,
ANGIODYNAMICS INC,03475V101,18302,663601,,ANGO
JAMES RIVER GROUP HOLDINGS L,G5005R107,18301,635258,,
BELLRING BRANDS INC-CLASS A,079823100,18281,640777,,
CARS.COM INC,14575E105,18272,1135617,,CARS
RITCHIE BROS AUCTIONEERS,767744105,18261,299376,,
HARMONY BIOSCIENCES HOLDINGS,413197104,18114,424828,,
HYDROFARM HOLDINGS GROUP INC,44888K209,18060,638406,,
TENCENT MUSIC ENTERTAINM-ADR,88034P109,18059,2656573,,
CORNERSTONE BUILDING BRANDS,21925D109,18054,1035248,,
ARCHROCK INC,03957W106,18032,2410760,,
GATES INDUSTRIAL CORP PLC,G39108108,18023,1132838,,
NURIX THERAPEUTICS INC,67080M103,17993,621547,,
A10 NETWORKS INC,002121101,17965,1083571,,
CITY OFFICE REIT INC,178587101,17934,909439,,
AMYRIS INC,03236M200,17919,3312361,,
MONARCH CASINO & RESORT INC,609027107,17908,242175,,MCRI
SENSEONICS HOLDINGS INC,81727U105,17907,6706945,,
NEW ORIENTAL EDUCATIO-SP ADR,647581107,17899,8571826,,
CLEAN ENERGY FUELS CORP,184499101,17884,2917596,,CLNE
VROOM INC,92918V109,17866,1655880,,
SENTINELONE INC -CLASS A,81730H109,17864,353824,,
FIRST ADVANTAGE CORP,31846B108,17861,938097,,FA
NLIGHT INC,65487K100,17826,744332,,
PAN AMERICAN SILVER CORP,697900108,17819,717549,,PAASF
LEMAITRE VASCULAR INC,525558201,17805,354487,,LMAT
FIVERR INTERNATIONAL LTD,M4R82T106,17799,157068,,FVRR
ATRION CORPORATION,049904105,17760,25196,,
ECHOSTAR CORP-A,278768106,17743,673375,,
CRH PLC-SPONSORED ADR,12626K203,17707,335360,,
GERMAN AMERICAN BANCORP,373865104,17638,452490,,
FIRST FOUNDATION INC,32026V104,17634,709363,,
STONEX GROUP INC,861896108,17625,287760,,SNEX
AMERICAN AXLE & MFG HOLDINGS,024061103,17560,1882109,,
MERCURY GENERAL CORP,589400100,17559,330937,,MCY
DELEK US HOLDINGS INC,24665A103,17542,1170296,,
US ECOLOGY INC,91734M103,17534,548982,,
ITEOS THERAPEUTICS INC,46565G104,17403,373788,,
PREFERRED BANK/LOS ANGELES,740367404,17403,242421,,
GORMAN-RUPP CO,383082104,17380,390142,,
DENNY'S CORP,24869P104,17373,1085865,,
METROPOLITAN BANK HOLDING CO,591774104,17349,162856,,
GOLDEN ENTERTAINMENT INC,381013101,17333,343030,,
PULMONX CORP,745848101,17307,539692,,LUNG
NATIONAL HEALTHCARE CORP,635906100,17259,254047,,NHC
CANOO INC,13803R102,17255,2235172,,
INNOVIVA INC,45781M101,17183,996123,,
RADIUS GLOBAL INFRASTRUCTU-A,750481103,17173,1066678,,
CARRIAGE SERVICES INC,143905107,17143,266036,,CSV
BENCHMARK ELECTRONICS INC,08160H101,17117,631630,,BHE
CONSTRUCTION PARTNERS INC-A,21044C107,17087,580999,,
CROSS COUNTRY HEALTHCARE INC,227483104,17076,615146,,
CEVA INC,157210105,17043,394168,,CEVA
KEARNY FINANCIAL CORP/MD,48716P108,17040,1286105,,
WEATHERFORD INTERNATIONAL PL,G48833118,17033,614493,,
BIONTECH SE-ADR,09075V102,16984,65882,,
BLINK CHARGING CO,09354A100,16984,640698,,BLNK
STANDARD MOTOR PRODS,853666105,16982,324147,,
AVIDITY BIOSCIENCES INC,05370A108,16977,714241,,
STATE AUTO FINANCIAL CORP,855707105,16972,328349,,
MODEL N INC,607525102,16957,564697,,
STEELCASE INC-CL A,858155203,16883,1440587,,
WASHINGTON TRUST BANCORP,940610108,16871,299301,,
KURA ONCOLOGY INC,50127T109,16853,1203826,,
UNIVERSAL HEALTH RLTY INCOME,91359E105,16853,283400,,
CLEARFIELD INC,18482P103,16833,199401,,
YANDEX NV-A,N97284108,16812,277891,,
PDF SOLUTIONS INC,693282105,16749,526875,,PDFS
SYNDAX PHARMACEUTICALS INC,87164F105,16737,764627,,SNDX
SANGAMO THERAPEUTICS INC,800677106,16718,2229183,,
LAKELAND BANCORP INC,511637100,16657,877173,,
AMPHASTAR PHARMACEUTICALS IN,03209R103,16649,714873,,
ACV AUCTIONS INC-A,00091G104,16630,882727,,
CONSENSUS CLOUD SOLUTION,20848V105,16619,287182,,
MGM GROWTH PROPERTIES LLC-A,55303A105,16540,404911,,
CASTLE BIOSCIENCES INC,14843C105,16536,385741,,CSTL
ZOGENIX INC,98978L204,16483,1014355,,
ROCKET PHARMACEUTICALS INC,77313F106,16473,754627,,
ORIGIN BANCORP INC,68621T102,16397,382057,,
MYERS INDUSTRIES INC,628464109,16387,818976,,MYE
TRUEBLUE INC,89785X101,16365,591467,,
MACROGENICS INC,556099109,16351,1018761,,MGNX
INTERFACE INC,458665304,16287,1021142,,TILE
EMBARK TECHNOLOGY INC,29079J103,16265,1873951,,
SOMALOGIC INC,83444K105,16249,1396017,,
COLUMBIA FINANCIAL INC,197641103,16235,778308,,
JOBY AVIATION INC,G65163100,16222,2222291,,
VANDA PHARMACEUTICALS INC,921659108,16117,1027258,,VNDA
ENDO INTERNATIONAL PLC,G30401106,16094,4280507,,
GENESCO INC,371532102,16076,250528,,GCO
SCHWEITZER-MAUDUIT INTL INC,808541106,16046,536671,,
1ST SOURCE CORP,336901103,16044,323480,,SRCE
WABASH NATIONAL CORP,929566107,16015,820442,,WNC
UNIVEST FINANCIAL CORP,915271100,15994,534583,,UVSP
ELLINGTON FINANCIAL INC,28852N109,15984,935295,,EFC-PC
READY CAPITAL CORP,75574U101,15982,1022527,,RC-PC
GUESS INC,401617105,15965,674208,,
SEER INC,81578P106,15935,698604,,
JOINT CORP/THE,47973J102,15916,242304,,
LIBERTY OILFIELD SERVICES -A,53115L104,15916,1640888,,
IONQ INC,46222L108,15915,953023,,
PEABODY ENERGY CORP,704551100,15906,1579619,,BTU
QUINSTREET INC,74874Q100,15872,872580,,
REALREAL INC/THE,88339P101,15872,1367152,,
SMITH & WESSON BRANDS INC,831754106,15863,891185,,
HAWAIIAN HOLDINGS INC,419879101,15798,860037,,
BROOKDALE SENIOR LIVING INC,112463104,15793,3060785,,BKD
MERIDIAN BIOSCIENCE INC,589584101,15751,772132,,
CENTURY ALUMINUM COMPANY,156431108,15742,950633,,
NOW INC,67011P100,15737,1842831,,
ANTERIX INC,03676C100,15728,267670,,ATEX
URANIUM ENERGY CORP,916896103,15723,4693718,,UEC
BRIGHAM MINERALS INC-CL A,10918L103,15700,744450,,
ADT INC,00090Q103,15665,1862747,,ADT
HERON THERAPEUTICS INC,427746102,15626,1711608,,
SPARTANNASH CO,847215100,15623,606495,,
VAXCYTE INC,92243G108,15599,655717,,
NETGEAR INC,64111Q104,15539,531999,,
INTERSECT ENT INC,46071F103,15520,568314,,
CONDUENT INC,206787103,15501,2902934,,CNDT
DIVERSIFIED HEALTHCARE TRUST,25525P107,15501,5016704,,DHCNL
FLUENCE ENERGY INC,34379V103,15488,435565,,
UTZ BRANDS INC,918090101,15402,965702,,
INVENTRUST PROPERTIES CORP,46124J201,15401,564992,,IVT
PROCORE TECHNOLOGIES INC,74275K108,15399,192566,,
TFS FINANCIAL CORP,87240R107,15386,861011,,TFSL
BLUELINX HOLDINGS INC,09624H208,15366,160467,,BXC
GOGO INC,38046C109,15348,1134426,,GOGO
BRIGHTSPIRE CAPITAL INC,10949T109,15338,1494977,,
RACKSPACE TECHNOLOGY INC,750102105,15329,1138051,,
CITI TRENDS INC,17306X102,15300,161484,,CTRN
DOUGLAS ELLIMAN INC,25961D105,15291,1329664,,DOUG
ORION OFFICE REIT INC,68629Y103,15250,816840,,
PROTERRA INC,74374T109,15225,1724328,,
AMERANT BANCORP INC,023576101,15224,440659,,AMTB
TRISTATE CAPITAL HLDGS INC,89678F100,15221,503016,,
JOHN B. SANFILIPPO & SON INC,800422107,15219,168810,,
DIGI INTERNATIONAL INC,253798102,15208,619006,,DGII
BRYN MAWR BK CORP,117665109,15207,337866,,
TENNECO INC-CLASS A,880349105,15197,1344907,,
HORIZON BANCORP INC/IN,440407104,15131,725734,,
STONECO LTD-A,G85158106,15126,897206,,
WEWORK INC-CL A,96209A104,15116,1757790,,
BANK OF N.T. BUTTERFIELD&SON,G0772R208,15108,396435,,
SUN COUNTRY AIRLINES HOLDING,866683105,15100,554141,,
HERITAGE FINANCIAL CORP,42722X106,15036,615253,,
IDT CORP-CLASS B,448947507,14991,339473,,
LOVESAC CO/THE,54738L109,14974,225993,,
KEROS THERAPEUTICS INC,492327101,14963,255747,,
PERDOCEO EDUCATION CORP,71363P106,14937,1270214,,PRDO
FRESH DEL MONTE PRODUCE INC,G36738105,14928,540881,,
KKR REAL ESTATE FINANCE TRUS,48251K100,14927,716619,,
BERKELEY LIGHTS INC,084310101,14912,820289,,
WW INTERNATIONAL INC,98262P101,14903,923945,,
ENERGY RECOVERY INC,29270J100,14902,693454,,
OCUGEN INC,67577C105,14898,3274335,,
QCR HOLDINGS INC,74727A104,14897,266018,,QCRH
DESIGNER BRANDS INC-CLASS A,250565108,14881,1047271,,
MELCO RESORTS & ENTERT-ADR,585464100,14784,1478884,,
VIAD CORP,92552R406,14776,345334,,
DESKTOP METAL INC-A,25058X105,14707,2971289,,
SURMODICS INC,868873100,14706,305424,,
LAREDO PETROLEUM INC,516806205,14692,244339,,
ALPHATEC HOLDINGS INC,02081G201,14680,1284360,,
HEIDRICK & STRUGGLES INTL,422819102,14647,334957,,
GFL ENVIRONMENTAL INC-SUB VT,36168Q104,14633,389981,,
ORTHOPEDIATRICS CORP,68752L100,14633,244455,,KIDS
PAYONEER GLOBAL INC,70451X104,14624,1989766,,PAYO
ARMOUR RESIDENTIAL REIT INC,042315507,14574,1485667,,
SAUL CENTERS INC,804395101,14567,274753,,
BLUCORA INC,095229100,14540,839497,,
TRANSOCEAN LTD,H8817H100,14506,5255959,,RIG
PROMETHEUS BIOSCIENCES INC,74349U108,14496,366638,,
ALLEGIANCE BANCSHARES INC,01748H107,14494,343381,,
BUTTERFLY NETWORK INC,124155102,14471,2163133,,
HUTCHMED CHINA-ADR,44842L103,14449,414485,,
DOUGLAS DYNAMICS INC,25960R105,14443,369775,,
JFROG LTD,M6191J100,14443,486329,,FROG
FUTU HOLDINGS LTD-ADR,36118L106,14430,339554,,
MONEYGRAM INTERNATIONAL INC,60935Y208,14403,1825478,,
ARLO TECHNOLOGIES INC,04206A101,14394,1372230,,
NATUS MEDICAL INC,639050103,14383,606152,,
CALERES INC,129500104,14365,633407,,CAL
ALIGNMENT HEALTHCARE INC,01625V104,14327,1019011,,
PAYCOR HCM INC,70435P102,14313,496816,,
CNA FINANCIAL CORP,126117100,14260,323517,,CNA
INVESCO MORTGAGE CAPITAL,46131B100,14259,5129473,,
TRIPLE-S MGMT CORP,896749108,14250,399379,,
FIRST BANCSHARES INC/MS,318916103,14245,368862,,
CORE & MAIN INC-CLASS A,21874C102,14234,469177,,
REPLIMUNE GROUP INC,76029N106,14218,524668,,
GOLAR LNG LTD,G9456A100,14215,1147333,,GLNG
AMERICAN SOFTWARE INC-CL A,029683109,14196,542478,,
QUOTIENT TECHNOLOGY INC,749119103,14186,1911883,,
GEVO INC,374396406,14176,3312293,,
NEW FORTRESS ENERGY INC,644393100,14174,587184,,NFE
BIONANO GENOMICS INC,09075F107,14097,4714883,,
QUANEX BUILDING PRODUCTS,747619104,14044,566756,,
RUSH STREET INTERACTIVE INC,782011100,14041,850995,,
TEXTAINER GROUP HOLDINGS LTD,G8766E109,14034,393003,,
MICROVISION INC,594960304,14003,2795137,,
HEARTLAND EXPRESS INC,422347104,13961,830053,,HTLD
BIOLIFE SOLUTIONS INC,09062W204,13919,373488,,BLFS
CARDIOVASCULAR SYSTEMS INC,141619106,13892,739749,,
HAYWARD HOLDINGS INC,421298100,13885,529383,,
ARCTURUS THERAPEUTICS HOLDIN,03969T109,13882,375113,,
WINMARK CORP,974250102,13880,55906,,WINA
CHATHAM LODGING TRUST,16208T102,13849,1009467,,CLDT-PA
PEOPLES BANCORP INC,709789101,13837,434993,,PEBO
LIBERTY MEDIA CORP-LIBERTY-A,531229870,13819,232895,,
URSTADT BIDDLE - CLASS A,917286205,13782,647061,,
LIGHTWAVE LOGIC INC,532275104,13769,925403,,
PORTILLO'S INC-CL A,73642K106,13760,366555,,
COMSTOCK RESOURCES INC,205768302,13734,1697655,,CRK
DAQO NEW ENERGY CORP-ADR,23703Q203,13722,342025,,
TUCOWS INC-CLASS A,898697206,13664,163020,,
ADVANTAGE SOLUTIONS INC,00791N102,13661,1703398,,ADV
RITE AID CORP,767754872,13613,926727,,
BJ'S RESTAURANTS INC,09180C106,13569,392757,,
EBIX INC,278715206,13566,446280,,
ARKO CORP,041242108,13562,1546430,,ARKO
RR DONNELLEY & SONS CO,257867200,13504,1199325,,
NEOPHOTONICS CORP,64051T100,13496,878109,,
360 DIGITECH INC,88557W101,13491,590967,,
IDEAYA BIOSCIENCES INC,45166A102,13415,567510,,
WNS HOLDINGS LTD-ADR,92932M101,13293,150690,,
BRISTOW GROUP INC,11040G103,13290,419667,,VTOL
CANO HEALTH INC,13781Y103,13254,1487628,,
INFORMATICA INC - CLASS A,45674M101,13246,358217,,
TITAN MACHINERY INC,88830R101,13246,393185,,TITN
VIEWRAY INC,92672L107,13238,2402671,,
MITEK SYSTEMS INC,606710200,13232,745468,,MITK
BLACKBERRY LTD,09228F103,13228,1425104,,BB
PURPLE INNOVATION INC,74640Y106,13218,996090,,
AGENUS INC,00847G705,13201,4099752,,AGEN
HAWKINS INC,420261109,13192,334418,,HWKN
LENNAR CORP - B SHS,526057302,13184,137884,,
ACCO BRANDS CORP,00081T108,13182,1595978,,ACCO
DUCKHORN PORTFOLIO INC/THE,26414D106,13180,564716,,
NEENAH INC,640079109,13173,284639,,
ANAPTYSBIO INC,032724106,13130,377860,,
VAXART INC,92243A200,13125,2093374,,
WISDOMTREE INVESTMENTS INC,97717P104,13098,2140324,,
CENTRAL PACIFIC FINANCIAL CO,154760409,13097,464949,,
MBIA INC,55262C100,13084,828675,,MBI
STERLING CONSTRUCTION CO,859241101,13068,496897,,
DMC GLOBAL INC,23291C103,13047,329398,,BOOM
GREAT SOUTHERN BANCORP INC,390905107,13047,220215,,
SANOFI-ADR,80105N105,13047,260436,,
TPG RE FINANCE TRUST INC,87266M107,13038,1058333,,
HARBORONE BANCORP INC,41165Y100,12993,875585,,
TASKUS INC-A,87652V109,12988,240715,,
CROSSFIRST BANKSHARES INC,22766M109,12956,830042,,
AARON'S CO INC/THE,00258W108,12953,525482,,
SIMULATIONS PLUS INC,829214105,12929,273341,,
COREPOINT LODGING INC,21872L104,12908,822171,,
NAVITAS SEMICONDUCTOR CORP,63942X106,12866,756427,,NVTS
SEABOARD CORP,811543107,12832,3261,,
TRAVELCENTERS OF AMERICA INC,89421B109,12824,248448,,
INSTEEL INDUSTRIES INC,45774W108,12819,322029,,IIIN
ARTIVION INC,228903100,12809,629445,,
FLEX LTD,Y2573F102,12802,698457,,FLEX
GLATFELTER CORP,377320106,12780,743044,,
NAPCO SECURITY TECHNOLOGIES,630402105,12759,255293,,
LATHAM GROUP INC,51819L107,12757,509687,,
CONSOL ENERGY INC,20854L108,12753,561571,,
NOVAGOLD RESOURCES INC,66987E206,12732,1856177,,NG
HANMI FINANCIAL CORPORATION,410495204,12725,537405,,HAFC
CRA INTERNATIONAL INC,12618T105,12714,136190,,
TUPPERWARE BRANDS CORP,899896104,12713,831499,,
MICROVAST HOLDINGS INC,59516C106,12705,2244825,,
FORTERRA INC,34960W106,12704,534263,,
NORTHFIELD BANCORP INC,66611T108,12682,784802,,
CHASE CORP,16150R104,12677,127339,,
RAPT THERAPEUTICS INC,75382E109,12635,344014,,
ONE LIBERTY PROPERTIES INC,682406103,12628,357962,,OLP
FLUSHING FINANCIAL CORP,343873105,12611,518992,,
NUVEI CORP-SUBORDINATE VTG,67079A102,12600,195139,,
AEVA TECHNOLOGIES INC,00835Q103,12588,1665091,,
PAR PACIFIC HOLDINGS INC,69888T207,12531,759941,,
CHANNELADVISOR CORP,159179100,12528,507653,,
JOHNSON OUTDOORS INC-A,479167108,12487,133280,,
SYLVAMO CORP,871332102,12474,447260,,SLVM
HEALTHSTREAM INC,42222N103,12466,472915,,HSTM
TATTOOED CHEF INC,87663X102,12454,801472,,
HERITAGE COMMERCE CORP,426927109,12441,1042022,,
POWERSCHOOL HOLDINGS INC-A,73939C106,12436,755081,,
CALAVO GROWERS INC,128246105,12434,293273,,
ACCEL ENTERTAINMENT INC,00436Q106,12419,953844,,
ALEXANDER'S INC,014752109,12394,47617,,
TELOS CORPORATION,87969B101,12384,803119,,TLS
MERCHANTS BANCORP/IN,58844R108,12381,261600,,
AMPLITUDE INC-CLASS A,03213A104,12368,233640,,
BLUEBIRD BIO INC,09609G100,12363,1237612,,
NGM BIOPHARMACEUTICALS INC,62921N105,12361,697974,,
NOBLE CORP,G6610J209,12341,497453,,
CLARUS CORP,18270P109,12305,443910,,CLAR
DRIL-QUIP INC,262037104,12305,625256,,
SHOE CARNIVAL INC,824889109,12298,314701,,
GLOBAL INDUSTRIAL CO,37892E102,12288,300447,,GIC
CAMDEN NATIONAL CORP,133034108,12255,254474,,CAC
UNITIL CORP,913259107,12246,266284,,UTL
AMBAC FINANCIAL GROUP INC,023139884,12214,761044,,
REATA PHARMACEUTICALS INC-A,75615P103,12198,462581,,
RE/MAX HOLDINGS INC-CL A,75524W108,12184,399609,,
GLOBALSTAR INC,378973408,12169,10490728,,
GROWGENERATION CORP,39986L109,12164,932182,,GRWG
GANNETT CO INC,36472T109,12131,2276140,,
FORRESTER RESEARCH INC,346563109,12130,206544,,
RCI HOSPITALITY HOLDINGS INC,74934Q108,12127,155725,,
CUTERA INC,232109108,12110,293084,,
SIRIUSPOINT LTD,G8192H106,12107,1489266,,SPNT
VERSO CORP - A,92531L207,12045,445782,,
FRANKLIN STREET PROPERTIES C,35471R106,12035,2022704,,
SHARECARE INC,81948W104,12027,2678760,,
CORSAIR GAMING INC,22041X102,12012,571749,,
NABORS INDUSTRIES LTD,G6359F137,12004,148043,,NBR
COMMUNITY TRUST BANCORP INC,204149108,11991,274970,,
CHINOOK THERAPEUTICS INC,16961L106,11965,733657,,
WASTE CONNECTIONS INC,94106B101,11954,88580,,
DANIMER SCIENTIFIC INC,236272100,11912,1398188,,
KIMBALL ELECTRONICS INC,49428J109,11897,546782,,
MANITOWOC COMPANY INC,563571405,11857,637839,,
INOGEN INC,45780L104,11853,348619,,INGN
FIRST MID BANCSHARES INC,320866106,11812,276068,,
TIMKENSTEEL CORP,887399103,11809,715699,,
PRAXIS PRECISION MEDICINES I,74006W108,11768,597383,,
ORCHID ISLAND CAPITAL INC,68571X103,11761,2613636,,
ACLARIS THERAPEUTICS INC,00461U105,11755,808462,,
BEAZER HOMES USA INC,07556Q881,11754,506223,,BZH
BALLARD POWER SYSTEMS INC,058586108,11735,938488,,BLDP
CATALYST PHARMACEUTICALS INC,14888U101,11714,1730313,,
ROIVANT SCIENCES LTD,G76279101,11694,1160137,,ROIV
DIEBOLD NIXDORF INC,253651103,11637,1285925,,
GRANITE POINT MORTGAGE TRUST,38741L107,11629,993113,,
SCHOLAR ROCK HOLDING CORP,80706P103,11621,467866,,SRRK
MOVADO GROUP INC,624580106,11588,277047,,MOVAA
DIVERSEY HOLDINGS LTD,G28923103,11586,870497,,
US SILICA HOLDINGS INC,90346E103,11582,1232217,,
YORK WATER CO,987184108,11573,232488,,YORW
HYLIION HOLDINGS CORP,449109107,11564,1865265,,HYLN
THERAVANCE BIOPHARMA INC,G8807B106,11512,1041832,,
GOSSAMER BIO INC,38341P102,11457,1013083,,
ARES COMMERCIAL REAL ESTATE,04013V108,11422,785620,,
PRIVIA HEALTH GROUP INC,74276R102,11389,440262,,
JOYY INC-ADR,46591M109,11358,251533,,
PEAPACK GLADSTONE FINL CORP,704699107,11349,320619,,
VERITONE INC,92347M100,11344,504665,,
BRIGHTVIEW HOLDINGS INC,10948C107,11332,804892,,
PROPETRO HOLDING CORP,74347M108,11312,1396639,,PUMP
COLLEGIUM PHARMACEUTICAL INC,19459J104,11303,605137,,
YELLOW CORP,985510106,11296,897258,,
SI-BONE INC,825704109,11276,507729,,
ORTHOFIX MEDICAL INC,68752M108,11271,362538,,OFIX
VALE SA-SP ADR,91912E105,11230,801043,,
RUTH'S HOSPITALITY GROUP INC,783332109,11221,563879,,
LIGHTSPEED COMMERCE INC,53229C107,11201,279153,,LSPD
PLBY GROUP INC,72814P109,11199,420403,,
HANGER INC,41043F208,11187,617050,,
INSTIL BIO INC,45783C101,11168,652721,,
GRITSTONE BIO INC,39868T105,11158,867728,,
TRANSCAT INC,893529107,11084,119927,,TRNS
INTERNATIONAL SEAWAYS INC,Y41053102,11076,754532,,
SUTRO BIOPHARMA INC,869367102,11065,743679,,
SP PLUS CORP,78469C103,11060,391950,,
TRUSTCO BANK CORP NY,898349204,11009,330516,,
HINGHAM INSTITUTION FOR SVGS,433323102,10997,26192,,
KOPPERS HOLDINGS INC,50060P106,10997,351372,,KOP
PAE INC,69290Y109,10985,1106331,,
VIVINT SMART HOME INC,928542109,10967,1121377,,
PLAYA HOTELS & RESORTS NV,N70544106,10966,1374262,,
BYLINE BANCORP INC,124411109,10911,398967,,
AMERICA'S CAR-MART INC,03062T105,10906,106507,,
ORASURE TECHNOLOGIES INC,68554V108,10880,1252096,,OSUR
VSE CORP,918284100,10875,178456,,VSECU
HILLMAN SOLUTIONS CORP,431636109,10858,1010081,,HLMN
CHICO'S FAS INC,168615102,10827,2012622,,
1-800-FLOWERS.COM INC-CL A,68243Q106,10811,462602,,
CONSOLIDATED COMMUNICATIONS,209034107,10807,1444890,,
PHILLIPS EDISON & COMPANY IN,71844V201,10805,327037,,
BTRS HOLDINGS INC,11778X104,10787,1379461,,
PACTIV EVERGREEN INC,69526K105,10763,848830,,
EHEALTH INC,28238P109,10758,421885,,
LIFE TIME GROUP HOLDINGS INC,53190C102,10740,624092,,
CAMBRIDGE BANCORP,132152109,10734,114700,,
ACM RESEARCH INC-CLASS A,00108J109,10727,125811,,
ONEWATER MARINE INC-CL A,68280L101,10711,175688,,
VERVE THERAPEUTICS INC,92539P101,10709,290468,,
PURECYCLE TECHNOLOGIES INC,74623V103,10674,1115428,,
SFL CORP LTD,G7738W106,10649,1306657,,SFL
KRISPY KREME INC,50101L106,10640,562395,,
HSBC HOLDINGS PLC-SPONS ADR,404280406,10635,352761,,
RMR GROUP INC/THE - A,74967R106,10592,305428,,
PMV PHARMACEUTICALS INC,69353Y103,10587,458328,,
4D MOLECULAR THERAPEUTICS IN,35104E100,10584,482437,,
DIAMOND HILL INVESTMENT GRP,25264R207,10572,54435,,
NATIONAL RESEARCH CORP,637372202,10549,254087,,
CONTEXTLOGIC INC - A,21077C107,10545,3390773,,
COMTECH TELECOMMUNICATIONS,205826209,10509,443630,,
MISTER CAR WASH INC,60646V105,10489,576029,,
MISSION PRODUCE INC,60510V108,10484,667813,,
ANTARES PHARMA INC,036642106,10481,2935962,,
CHUY'S HOLDINGS INC,171604101,10467,347522,,
RIBBON COMMUNICATIONS INC,762544104,10442,1726048,,RBBN
HOVNANIAN ENTERPRISES-A,442487401,10426,81915,,
EAGLE PHARMACEUTICALS INC,269796108,10408,204402,,
TPI COMPOSITES INC,87266J104,10371,693292,,
CUREVAC NV,N2451R105,10350,301663,,
THRYV HOLDINGS INC,886029206,10340,251402,,
KELLY SERVICES INC -A,488152208,10334,616252,,
KEZAR LIFE SCIENCES INC,49372L100,10334,618065,,
PC CONNECTION INC,69318J100,10332,239573,,CNXN
SERES THERAPEUTICS INC,81750R102,10307,1237362,,
LOGITECH INTERNATIONAL-REG,H50430232,10293,124801,,
DUTCH BROS INC-CLASS A,26701L100,10281,201960,,
PETIQ INC,71639T106,10269,452181,,
OOMA INC,683416101,10266,502260,,OOMA
RANGER OIL CORP-A,70788V102,10258,381058,,
FRANKLIN BSP REALTY TRUST IN,35243J101,10251,686206,,
CARA THERAPEUTICS INC,140755109,10243,841028,,
CLEARWATER PAPER CORP,18538R103,10242,279327,,CLW
PENNANT GROUP INC/THE,70805E109,10235,443473,,
LIQUIDITY SERVICES INC,53635B107,10229,463282,,LQDT
ETHAN ALLEN INTERIORS INC,297602104,10227,389028,,ETD
INOTIV INC,45783Q100,10214,242788,,
TOOTSIE ROLL INDS,890516107,10191,281309,,
MIMEDX GROUP INC,602496101,10184,1686114,,
AERCAP HOLDINGS NV,N00985106,10179,155602,,
2SEVENTY BIO INC,901384107,10164,396578,,
ARCUTIS BIOTHERAPEUTICS INC,03969K108,10148,489344,,
ATLANTIC CAPITAL BANCSHARES,048269203,10148,352761,,
OLO INC - CLASS A,68134L109,10138,487208,,
MONDAY.COM LTD,M7S64H106,10113,32759,,MNDY
KANZHUN LTD,48553T106,10111,291708,,BZ
LEGEND BIOTECH CORP-ADR,52490G102,10099,217822,,
SERITAGE GROWTH PROP- A REIT,81752R100,10084,759981,,
Y-MABS THERAPEUTICS INC,984241109,10066,620977,,
ACCURAY INC,004397105,10054,2107843,,ARAY
PARTY CITY HOLDCO INC,702149105,10036,1801970,,
IDENTIV INC,45170X205,10025,356287,,
BOSTON OMAHA CORP-CL A,101044105,10014,348557,,
ICAHN ENTERPRISES LP,451100101,9990,201459,,
ONESPAN INC,68287N100,9950,587750,,OSPN
KRONOS BIO INC,50107A104,9909,729148,,
BARRETT BUSINESS SVCS INC,068463108,9877,143032,,
ENERGY FUELS INC,292671708,9872,1293896,,UUUU
DYNEX CAPITAL INC,26817Q886,9836,588677,,DX-PC
OPPENHEIMER HOLDINGS-CL A,683797104,9735,209955,,
BERRY CORP,08579X101,9728,1155394,,
ROBINHOOD MARKETS INC - A,770700102,9683,548499,,
WATERSTONE FINANCIAL INC,94188P101,9679,442796,,
RESOURCES CONNECTION INC,76122Q105,9677,542468,,
ATEA PHARMACEUTICALS INC,04683R106,9662,1080793,,
NEXTIER OILFIELD SOLUTIONS I,65290C105,9649,2718252,,
BANK OF MARIN BANCORP/CA,063425102,9615,258268,,
AGILITI INC,00848J104,9614,415141,,
HCI GROUP INC,40416E103,9610,115036,,
RLX TECHNOLOGY INC-ADR,74969N103,9596,2475493,,
FRANKLIN COVEY CO,353469109,9587,206806,,FC
ARGAN INC,04010E109,9574,247464,,AGX
ONESPAWORLD HOLDINGS LTD,P73684113,9564,954536,,OSW
SAPIENS INTERNATIONAL CORP,G7T16G103,9556,277390,,
TITAN INTERNATIONAL INC,88830M102,9490,865961,,TWI
A-MARK PRECIOUS METALS INC,00181T107,9489,155309,,
INTERNATIONAL MONEY EXPRESS,46005L101,9477,593828,,
IMMUNITYBIO INC,45256X103,9464,1556601,,
WORKHORSE GROUP INC,98138J206,9450,2167497,,WKHS
THERMON GROUP HOLDINGS INC,88362T103,9443,557789,,
MODINE MANUFACTURING CO,607828100,9431,934744,,MOD
META MATERIALS INC,59134N104,9403,3822648,,
ANI PHARMACEUTICALS INC,00182C103,9375,203453,,ANIP
PAYSAFE LTD,G6964L107,9366,2395424,,PSFE
LIFESTANCE HEALTH GROUP INC,53228F101,9363,983551,,
WEIBO CORP-SPON ADR,948596101,9348,302957,,
UNIVERSAL ELECTRONICS INC,913483103,9347,229391,,UEIC
FINANCIAL INSTITUTIONS INC,317585404,9334,293536,,FIISP
ANIKA THERAPEUTICS INC,035255108,9294,259393,,
OUSTER INC,68989M103,9291,1786737,,
MIRION TECHNOLOGIES INC,60471A101,9282,886596,,
MASTERCRAFT BOAT HOLDINGS IN,57637H103,9281,327610,,
KARYOPHARM THERAPEUTICS INC,48576U106,9276,1442731,,KPTI
PERSONALIS INC,71535D106,9266,649374,,
FARMERS NATL BANC CORP,309627107,9254,498914,,
CIRCOR INTERNATIONAL INC,17273K109,9231,339656,,
GENCO SHIPPING & TRADING LTD,Y2685T131,9227,576722,,GNK
REGIONAL MANAGEMENT CORP,75902K106,9214,160359,,RM
FRONTIER GROUP HOLDINGS INC,35909R108,9209,678676,,
MIDLAND STATES BANCORP INC,597742105,9190,370727,,
HACKETT GROUP INC/THE,404609109,9186,447491,,
OCULAR THERAPEUTIX INC,67576A100,9181,1317339,,
ALPHA METALLURGICAL RESOURCE,020764106,9162,150082,,
COPA HOLDINGS SA-CLASS A,P31076105,9158,110793,,
PAYA HOLDINGS INC,70434P103,9151,1443519,,
CBTX INC,12481V104,9150,315530,,
SUNCOKE ENERGY INC,86722A103,9135,1386329,,
RYANAIR HOLDINGS PLC-SP ADR,783513203,9128,89211,,
DIGIMARC CORP,25381B101,9125,231131,,DMRC
BUSINESS FIRST BANCSHARES,12326C105,9120,322149,,
CARPARTS.COM INC,14427M107,9114,813804,,
DEFINITIVE HEALTHCARE CORP,24477E103,9101,333018,,DH
UPLAND SOFTWARE INC,91544A109,9094,506921,,
TURNING POINT BRANDS INC,90041L105,9092,240661,,
AUTOHOME INC-ADR,05278C107,9086,310048,,
NATIONAL WESTERN LIFE GROU-A,638517102,9056,42234,,
ORIC PHARMACEUTICALS INC,68622P109,9053,615872,,
STOKE THERAPEUTICS INC,86150R107,9023,376154,,
CHIMERIX INC,16934W106,9014,1401903,,
SANTANDER CONSUMER USA HLDGS,80283M101,9009,214402,,
FIRST COMMUNITY BANKSHARES,31983A103,8997,269236,,
SOLARWINDS CORP,83417Q204,8977,632697,,
MERCANTILE BANK CORP,587376104,8961,255817,,MBWM
TAL EDUCATION GROUP- ADR,874080104,8957,2291677,,
CANTALOUPE INC,138103106,8950,1007976,,
STAGWELL INC,85256A109,8944,1031621,,STGW
CLOVER HEALTH INVESTMENTS CO,18914F103,8942,2403839,,
DUCOMMUN INC,264147109,8919,190709,,
DESCARTES SYSTEMS GRP/THE,249906108,8908,106530,,
DASEKE INC,23753F107,8901,886644,,
CASS INFORMATION SYSTEMS INC,14808P109,8898,226308,,CASS
INDEPENDENT BANK CORP - MICH,453838609,8879,371977,,
HAYNES INTERNATIONAL INC,420877201,8873,220012,,
VECTRUS INC,92242T101,8867,193744,,
KNOWBE4 INC-A,49926T104,8865,386451,,
GROUPON INC,399473206,8850,382144,,
EXPRO GROUP HOLDINGS NV,N3144W105,8844,616352,,
VBI VACCINES INC,91822J103,8821,3769902,,
AKERO THERAPEUTICS INC,00973Y108,8812,416681,,
REX AMERICAN RESOURCES CORP,761624105,8811,91782,,REX
FULCRUM THERAPEUTICS INC,359616109,8809,498005,,
PUBMATIC INC-CLASS A,74467Q103,8800,258444,,
ORGANOGENESIS HOLDINGS INC,68621F102,8795,951947,,ORGO
FIRST FINANCIAL CORP/INDIANA,320218100,8794,194192,,
PETROLEO BRASIL-SP PREF  ADR,71654V101,8787,869214,,
HERITAGE-CRYSTAL CLEAN INC,42726M106,8782,274292,,
STONERIDGE INC,86183P102,8763,443922,,SRI
ECOVYST INC,27923Q109,8747,854279,,ECVT
HIPPO HOLDINGS INC,433539103,8745,3090459,,HIPO
PETMED EXPRESS INC,716382106,8741,346063,,PETS
TRANSMEDICS GROUP INC,89377M109,8726,455440,,
VUZIX CORP,92921W300,8721,1005936,,VUZI
ARROW FINANCIAL CORP,042744102,8708,247176,,AROW
FUNKO INC-CLASS A,361008105,8700,462780,,
LL FLOORING HOLDINGS INC,55003T107,8679,508487,,
REPUBLIC BANCORP INC-CLASS A,760281204,8663,170414,,
FORESTAR GROUP INC,346232101,8641,397329,,FOR
EAGLE BULK SHIPPING INC,Y2187A150,8615,189348,,
INTEGRAL AD SCIENCE HOLDING,45828L108,8605,387477,,
I3 VERTICALS INC-CLASS A,46571Y107,8586,376763,,
22ND CENTURY GROUP INC,90137F103,8580,2776986,,
TUTOR PERINI CORP,901109108,8580,693615,,TPC
SPORTSMAN'S WAREHOUSE HOLDIN,84920Y106,8555,725041,,
XP INC - CLASS A,G98239109,8555,297681,,
FOSSIL GROUP INC,34988V106,8554,831351,,
LOYALTY VENTURES INC,54911Q107,8530,283500,,
BABCOCK & WILCOX ENTERPR,05614L209,8513,943815,,
DATTO HOLDING CORP,23821D100,8509,322931,,
INDUS REALTY TRUST INC,45580R103,8508,104966,,
IES HOLDINGS INC,44951W106,8507,167998,,
UNITED FIRE GROUP INC,910340108,8495,366338,,UFCS
AMNEAL PHARMACEUTICALS INC,03168L105,8435,1761057,,
WEST BANCORPORATION,95123P106,8428,271261,,
LINDBLAD EXPEDITIONS HOLDING,535219109,8419,539712,,
ASTRA SPACE INC,04634X103,8408,1213293,,
AVIDXCHANGE HOLDINGS INC,05368X102,8362,555246,,
HOMETRUST BANCSHARES INC,437872104,8347,269445,,
ENNIS INC,293389102,8329,426482,,
FIRST INTERNET BANCORP,320557101,8326,177009,,INBKZ
GITLAB INC-CL A,37637K108,8303,95439,,
INSEEGO CORP,45782B104,8298,1423420,,INSG
ALERUS FINANCIAL CORP,01446U103,8263,282214,,ALRS
I-MAB-SPONSORED ADR,44975P103,8253,175297,,
XOMETRY INC-A,98423F109,8253,161051,,
US CELLULAR CORP,911684108,8249,261708,,
RIGEL PHARMACEUTICALS INC,766559603,8248,3112660,,RIGL
METROCITY BANKSHARES INC,59165J105,8238,299266,,
MRC GLOBAL INC,55345K103,8237,1197323,,
CENTRUS ENERGY CORP-CLASS A,15643U104,8226,164835,,
HAVERTY FURNITURE,419596101,8218,268857,,
CORE LABORATORIES N.V.,N22717107,8203,367714,,
WHITESTONE REIT,966084204,8201,809629,,
MAXCYTE INC,57777K106,8199,804649,,
ASSETMARK FINANCIAL HOLDINGS,04546L106,8189,312440,,
N-ABLE INC,62878D100,8187,737581,,
CVR ENERGY INC,12662P108,8179,486604,,CVI
UFP TECHNOLOGIES INC,902673102,8175,116361,,UFPT
HELIX ENERGY SOLUTIONS GROUP,42330P107,8171,2618967,,
FRESHWORKS INC-CL A,358054104,8127,309515,,
LORDSTOWN MOTORS CORP-CL A,54405Q100,8081,2342485,,
BLUEGREEN VACATIONS HOLDING,096308101,8072,229981,,
COASTAL FINANCIAL CORP/WA,19046P209,8065,159334,,
UNIVERSAL INSURANCE HOLDINGS,91359V107,8042,473111,,
FIRST OF LONG ISLAND CORP,320734106,8035,372187,,
AMMO INC,00175J107,7996,1467317,,
VAPOTHERM INC,922107107,7966,384692,,
FOGHORN THERAPEUTICS INC,344174107,7944,347395,,FHTX
GLAXOSMITHKLINE PLC-SPON ADR,37733W105,7940,180062,,
MIDWESTONE FINANCIAL GROUP I,598511103,7916,244571,,
BIG 5 SPORTING GOODS CORP,08915P101,7878,414416,,
HYSTER-YALE MATERIALS,449172105,7876,191648,,
FORMA THERAPEUTICS HOLDINGS,34633R104,7874,553776,,
INTERCEPT PHARMACEUTICALS IN,45845P108,7863,482740,,
APRIA INC,03836A101,7859,241083,,
REV GROUP INC,749527107,7855,555188,,
CONN'S INC,208242107,7849,333754,,
BIRD GLOBAL INC-CLASS A,09077J107,7845,1271505,,
DXP ENTERPRISES INC,233377407,7844,305580,,DXPE
GATOS SILVER INC,368036109,7829,754315,,
EQUITY BANCSHARES INC - CL A,29460X109,7819,230446,,
ROVER GROUP INC,77936F103,7813,801398,,
SOUTHERN FIRST BANCSHARES,842873101,7796,124758,,
FARADAY FUTURE INTELLIGENT E,307359109,7783,1463058,,
SCULPTOR CAPITAL MANAGEMENT,811246107,7759,363431,,
OMEGA FLEX INC,682095104,7753,61079,,
RELMADA THERAPEUTICS INC,75955J402,7749,343957,,
VELODYNE LIDAR INC,92259F101,7731,1666230,,
AMERICAN PUBLIC EDUCATION,02913V103,7707,346384,,
CATCHMARK TIMBER TRUST INC-A,14912Y202,7665,880059,,
DECIPHERA PHARMACEUTICALS IN,24344T101,7654,783455,,
BANK FIRST CORP,06211J100,7645,105834,,BFC
TIDEWATER INC,88642R109,7642,713581,,TDGMW
ARGENX SE - ADR,04016X101,7629,21786,,
ROMEO POWER INC,776153108,7624,2089007,,
VOLTA INC,92873V102,7616,1037723,,
VITAL FARMS INC,92847W103,7595,420558,,
VISHAY PRECISION GROUP,92835K103,7579,204179,,
PIEDMONT LITHIUM INC,72016P105,7576,144420,,
SEASPINE HOLDINGS CORP,81255T108,7550,554363,,
UNIQURE NV,N90064101,7546,363851,,
HONEST CO INC/THE,438333106,7537,931691,,
DESIGN THERAPEUTICS INC,25056L103,7524,351441,,
KIMBALL INTERNATIONAL-B,494274103,7511,734285,,
AMERICAN VANGUARD CORP,030371108,7487,456856,,AVD
SMARTRENT INC,83193G107,7463,770982,,
RUBIUS THERAPEUTICS INC,78116T103,7457,770370,,
LIMELIGHT NETWORKS INC,53261M104,7441,2169537,,
ATOMERA INC,04965B100,7414,368509,,ATOM
COMPUTER PROGRAMS & SYSTEMS,205306103,7414,253070,,
VIEW INC,92671V106,7391,1890305,,
51JOB INC-ADR,316827104,7373,151579,,
DOMA HOLDINGS INC,25703A104,7372,1451235,,
GCM GROSVENOR INC - CLASS A,36831E108,7372,702155,,
CNB FINANCIAL CORP/PA,126128107,7369,278112,,CCNEP
SOVOS BRANDS INC,84612U107,7358,488966,,
INTREPID POTASH INC,46121Y201,7331,171588,,
COLLIERS INTERNATIONAL GROUP,194693107,7330,48999,,
SPERO THERAPEUTICS INC,84833T103,7319,457184,,
ALX ONCOLOGY HOLDINGS INC,00166B105,7303,339846,,ALXO
G1 THERAPEUTICS INC,3621LQ109,7303,715373,,
ATHIRA PHARMA INC,04746L104,7290,559500,,
SIERRA BANCORP,82620P102,7280,268159,,BSRR
ALLIED MOTION TECHNOLOGIES,019330109,7271,199287,,
AKEBIA THERAPEUTICS INC,00972D105,7250,3207989,,
RYERSON HOLDING CORP,783754104,7217,277045,,RYZ
PHIBRO ANIMAL HEALTH CORP-A,71742Q106,7207,352949,,
GULFPORT ENERGY CORP,402635502,7201,99984,,GPOR
CURIS INC,231269200,7180,1508447,,CRIS
CRICUT INC - CLASS A,22658D100,7177,324922,,
NATIONAL PRESTO INDS INC,637215104,7172,87436,,
BRIGHTCOVE,10921T101,7169,701511,,
OPORTUN FINANCIAL CORP,68376D104,7156,353417,,OPRT
ATN INTERNATIONAL INC,00215F107,7151,179013,,
MARCUS CORPORATION,566330106,7150,400344,,MCS
908 DEVICES INC,65443P102,7137,275902,,MASS
TEJON RANCH CO,879080109,7131,373771,,TRC
RHYTHM PHARMACEUTICALS INC,76243J105,7125,714028,,
ENTERPRISE BANCORP INC,293668109,7114,158384,,
FRP HOLDINGS INC,30292L107,7104,122908,,
SQUARESPACE INC - CLASS A,85225A107,7094,240489,,
MVB FINANCIAL CORP,553810102,7092,170816,,MVBF
CAPSTAR FINANCIAL HOLDINGS I,14070T102,7079,336631,,
MERSANA THERAPEUTICS INC,59045L106,7072,1137001,,
TALOS ENERGY INC,87484T108,7068,721276,,TALO
EUROPEAN WAX CENTER INC-A,29882P106,7059,232609,,
MARINUS PHARMACEUTICALS INC,56854Q200,7045,593097,,
DEL TACO RESTAURANTS INC,245496104,7036,565145,,
OMEROS CORP,682143102,7026,1092833,,OMER
WHOLE EARTH BRANDS INC,96684W100,6996,651470,,
ATLANTICUS HOLDINGS CORP,04914Y102,6995,98093,,ATLCZ
IMMUNOVANT INC,45258J102,6989,820399,,
BENSON HILL INC,082490103,6985,958200,,
MID PENN BANCORP INC,59540G107,6973,219698,,MPB
WILLDAN GROUP INC,96924N100,6969,197998,,
ALLOVIR INC,019818103,6963,538153,,
BAR HARBOR BANKSHARES,066849100,6962,240650,,BHB
ALBIREO PHARMA INC,01345P106,6947,298292,,
RESOLUTE FOREST PRODUCTS,76117W109,6944,454781,,
EVERCOMMERCE INC,29977X105,6940,440645,,EVCM
GLOBAL-E ONLINE LTD,M5216V106,6896,108787,,GLBE
IMAX CORP,45245E109,6894,386489,,IMAX
BLUE FOUNDRY BANCORP,09549B104,6889,470929,,
GOLDEN NUGGET ONLINE GAMING,38113L107,6858,689276,,
CS DISCO INC,126327105,6854,191723,,
ORIGIN MATERIALS INC,68622D106,6851,1062259,,
WHEELS UP EXPERIENCE INC,96328L106,6851,1476645,,UP
ENFUSION INC - CLASS A,292812104,6835,326426,,
CARTER BANKSHARES INC,146103106,6821,443251,,
FULL HOUSE RESORTS INC,359678109,6810,562374,,FLL
FRONTLINE LTD,G3682E192,6804,962407,,
PRECISION BIOSCIENCES INC,74019P108,6797,918594,,DTIL
COOPER-STANDARD HOLDING,21676P103,6764,301854,,
SELECT ENERGY SERVICES INC-A,81617J301,6761,1085376,,
CITIZENS & NORTHERN CORP,172922106,6736,257893,,CZNC
TRUECAR INC,89785L107,6710,1973651,,
HIMS & HERS HEALTH INC,433000106,6708,1024130,,
ANGI INC,00183L102,6701,727646,,ANGI
HELLO GROUP INC -SPN ADR,423403104,6675,746036,,
ALLAKOS INC,01671P100,6674,681729,,
GERON CORP,374163103,6674,5470619,,GERN
AMER NATL BNKSHS/DANVILLE VA,027745108,6673,177110,,
DHT HOLDINGS INC,Y2065G121,6673,1285907,,
CULLINAN ONCOLOGY INC,230031106,6663,431871,,
TREACE MEDICAL CONCEPTS INC,89455T109,6652,356874,,
SMARTFINANCIAL INC,83190L208,6634,242474,,SMBK
SARCOS TECHNOLOGY AND ROBOTI,80359A106,6624,663748,,
DAILY JOURNAL CORP,233912104,6622,18564,,DJCO
UDEMY INC,902685106,6621,338878,,
DERMTECH INC,24984K105,6620,418994,,
STERLING CHECK CORP,85917T109,6619,322737,,
DOCGO INC,256086109,6617,707804,,DCGO
GAN LTD,G3728V109,6604,718670,,
ARTESIAN RESOURCES CORP-CL A,043113208,6574,141916,,
DORIAN LPG LTD,Y2106R110,6556,516680,,LPG
PRECIGEN INC,74017N105,6520,1757672,,
SOUTHERN MISSOURI BANCORP,843380106,6509,124779,,
CLEARWATER ANALYTICS HDS-A,185123106,6505,283107,,
ARBUTUS BIOPHARMA CORP,03879J100,6494,1669624,,ABUS
BRIDGEWATER BANCSHARES INC,108621103,6479,366257,,BWBBP
AVEPOINT INC,053604104,6477,1029772,,
SPIRIT OF TEXAS BANCSHARES I,84861D103,6472,224905,,
CTO REALTY GROWTH INC,22948Q101,6458,105154,,
ENTRAVISION COMMUNICATIONS-A,29382R107,6453,951789,,
KINNATE BIOPHARMA INC,49705R105,6443,363632,,
EZCORP INC-CL A,302301106,6436,873337,,
LATCH INC,51818V106,6436,850315,,
TANGO THERAPEUTICS INC,87583X109,6423,587177,,
LIBERTY LATIN AMERIC-CL A,G9001E102,6408,549577,,
NOVO-NORDISK A/S-SPONS ADR,670100205,6398,57129,,
APYX MEDICAL CORP,03837C106,6381,497764,,APYX
VERU INC,92536C103,6380,1083324,,VERU
CIVISTA BANCSHARES INC,178867107,6371,261130,,
AXOGEN INC,05463X106,6343,676988,,
BLUEROCK RESIDENTIAL GROWTH,09627J102,6331,239922,,
AXT INC,00246W103,6328,718281,,AXTI
RAYONIER ADVANCED MATERIALS,75508B104,6320,1106910,,
MEIRAGTX HOLDINGS PLC,G59665102,6316,266054,,MGTX
TILLY'S INC-CLASS A SHRS,886885102,6306,391474,,
ASCENDIS PHARMA A/S - ADR,04351P101,6305,46873,,
LAWSON PRODUCTS INC,520776105,6305,115160,,
FARMLAND PARTNERS INC,31154R109,6297,526985,,FPI
CUSTOM TRUCK ONE SOURCE INC,23204X103,6296,787019,,
TACTILE SYSTEMS TECHNOLOGY I,87357P100,6286,330329,,
KINIKSA PHARMACEUTICALS-A,G5269C101,6275,533217,,
W&T OFFSHORE INC,92922P106,6256,1937083,,WTI
HYZON MOTORS INC,44951Y102,6250,963042,,
ARCHER AVIATION INC-A,03945R102,6221,1030115,,
THREDUP INC - CLASS A,88556E102,6212,486860,,
CIA DE MINAS BUENAVENTUR-ADR,204448104,6208,854989,,
ERASCA INC,29479A108,6198,397827,,
DUOLINGO,26603R106,6185,58293,,
VICTORY CAPITAL HOLDING - A,92645B103,6139,168080,,
BIOXCEL THERAPEUTICS INC,09075P105,6125,301297,,
DICE THERAPEUTICS INC,23345J104,6121,241848,,
MILLER INDUSTRIES INC/TENN,600551204,6115,183098,,
EVGO INC,30052F100,6112,614921,,EVGO
ELBIT SYSTEMS LTD,M3760D101,6102,35046,,ESLT
HERSHA HOSPITALITY TRUST,427825500,6096,664832,,
RADIUS HEALTH INC,750469207,6096,880950,,
VIZIO HOLDING  CORP-A,92858V101,6081,312976,,
NOODLES & CO,65540B105,6076,669976,,NDLS
CAPITAL CITY BANK GROUP INC,139674105,6075,230114,,CCBG
BIOVENTUS INC - A,09075A108,6072,419088,,
SIGA TECHNOLOGIES INC,826917106,6069,807067,,SIGA
IQIYI INC-ADR,46267X108,6048,1332606,,
VERASTEM INC,92337C104,6040,2946586,,
POSHMARK INC-CLASS A,73739W104,6035,354411,,
QUANTUM-SI INC,74765K105,6035,766910,,QSI
CCC INTELLIGENT SOLUTIONS HO,12510Q100,6023,528833,,
MONTAUK RENEWABLES INC,61218C103,6007,586097,,
SIGNIFY HEALTH INC -CLASS A,82671G100,6001,422049,,
ASTRONICS CORP,046433108,5997,499776,,ATROB
CLOVIS ONCOLOGY INC,189464100,5996,2212612,,
UWM HOLDINGS CORP,91823B109,5995,1012707,,UWMC
VISTAGEN THERAPEUTICS INC,92840H202,5991,3072661,,
EDGEWISE THERAPEUTICS INC,28036F105,5983,391582,,
VIACOMCBS INC - CLASS A,92556H107,5972,178982,,
LEGALZOOMCOM INC,52466B103,5968,371434,,
CATO CORP-CLASS A,149205106,5956,347142,,
RBB BANCORP,74930B105,5952,227188,,RBB
CRESCENT ENERGY INC-A,44952J104,5911,466215,,
TURTLE BEACH CORP,900450206,5905,265305,,TBCH
AFFIMED NV,N01045108,5904,1069649,,
ALTO INGREDIENTS INC,021513106,5902,1227061,,
CUE BIOPHARMA INC,22978P106,5897,521404,,
INDIE SEMICONDUCTOR INC-A,45569U101,5897,491854,,
EXPENSIFY INC - A,30219Q106,5886,133795,,
AERIE PHARMACEUTICALS INC,00771V108,5884,838313,,
AVEANNA HEALTHCARE HOLDINGS,05356F105,5879,794467,,
SENECA FOODS CORP - CL A,817070501,5878,122588,,
JANUS INTERNATIONAL GROUP IN,47103N106,5861,468166,,
TABULA RASA HEALTHCARE INC,873379101,5858,390584,,
SEMA4 HOLDINGS CORP,81663L101,5849,1311440,,
CENTURY CASINOS INC,156492100,5831,478736,,
DIDI GLOBAL INC,23292E108,5825,1177719,,DIDIY
ALTIMMUNE INC,02155H200,5798,633044,,
CYTEK BIOSCIENCES INC,23285D109,5795,355140,,
HIRERIGHT HOLDINGS CORP,433537107,5770,360665,,
MYOVANT SCIENCES LTD,G637AM102,5770,370606,,
PHATHOM PHARMACEUTICALS INC,71722W107,5767,293198,,
NOVARTIS AG-SPONSORED ADR,66987V109,5745,65680,,
DYNE THERAPEUTICS INC,26818M108,5742,482946,,
AEMETIS INC,00770K202,5734,466257,,
PEOPLES FINANCIAL SERVICES,711040105,5733,108820,,
ALKAMI TECHNOLOGY INC,01644J108,5721,285234,,
GUARANTY BANCSHARES INC,400764106,5716,152107,,
SELECTA BIOSCIENCES INC,816212104,5711,1751879,,
LINEAGE CELL THERAPEUTICS IN,53566P109,5708,2330151,,
SAP SE-SPONSORED ADR,803054204,5693,40625,,
CONTAINER STORE GROUP INC/TH,210751103,5692,570401,,
BIOATLA INC,09077B104,5680,289394,,
UTAH MEDICAL PRODUCTS INC,917488108,5676,56766,,UTMD
SNAP ONE HOLDINGS CORP,83303Y105,5657,268387,,
HOWARD BANCORP INC,442496105,5656,259586,,
KURA SUSHI USA INC-CLASS A,501270102,5651,69912,,
AVIAT NETWORKS INC,05366Y201,5618,175135,,
MOTORCAR PARTS OF AMERICA IN,620071100,5608,328536,,
AKOUSTIS TECHNOLOGIES INC,00973N102,5604,838924,,
OLD SECOND BANCORP INC,680277100,5574,442804,,OSBC
KRONOS WORLDWIDE INC,50105F105,5567,370891,,KRO
CLEANSPARK INC,18452B209,5553,583356,,
TETRA TECHNOLOGIES INC,88162F105,5540,1950870,,TTI
BLUE RIDGE BANKSHARES INC,095825105,5539,309457,,
HOME BANCORP INC,43689E107,5519,132975,,
UNIFI INC,904677200,5518,238362,,UFI
ANNEXON INC,03589W102,5517,480208,,
MEDIAALPHA INC-CLASS A,58450V104,5487,355382,,
NVE CORP,629445206,5482,80276,,
INTAPP INC,45827U109,5472,217498,,
KOPIN CORP,500600101,5469,1337347,,KOPN
DOUBLEVERIFY HOLDINGS INC,25862V105,5458,164032,,
CARIBOU BIOSCIENCES INC,142038108,5457,361632,,
VIKING THERAPEUTICS INC,92686J106,5435,1181655,,
PRIMIS FINANCIAL CORP,74167B109,5426,360803,,FRST
OCWEN FINANCIAL CORP,675746606,5400,135124,,
ADICET BIO INC,007002108,5396,308521,,
PLIANT THERAPEUTICS INC,729139105,5395,399694,,
FLUIDIGM CORP,34385P108,5392,1375762,,
QUANTUM CORP,747906501,5391,976695,,
ZYMERGEN INC,98985X100,5387,805245,,
ESS TECH INC,26916J106,5373,469734,,
PROVENTION BIO INC,74374N102,5368,955334,,
BIODELIVERY SCIENCES INTL,09060J106,5345,1724411,,
CURO GROUP HOLDINGS CORP,23131L107,5328,332849,,
EARTHSTONE ENERGY INC - A,27032D304,5321,486423,,
PLAINS ALL AMER PIPELINE LP,726503105,5316,569218,,
GENERATION BIO CO,37148K100,5304,749216,,
SCORPIO TANKERS INC,Y7542C130,5297,413539,,STNG
EVERQUOTE INC - CLASS A,30041R108,5284,337444,,
COVENANT LOGISTICS GROUP INC,22284P105,5273,199519,,
TIPTREE INC,88822Q103,5260,380396,,TIPT
NORTHWEST PIPE CO,667746101,5239,164773,,
EOS ENERGY ENTERPRISES INC,29415C101,5235,696216,,
COSTAMARE INC,Y1771G102,5226,413169,,CMRE-PB
ICOSAVAX INC,45114M109,5226,228447,,
PURE CYCLE CORP,746228303,5205,356537,,PCYO
JOUNCE THERAPEUTICS INC,481116101,5201,622876,,
OIL STATES INTERNATIONAL INC,678026105,5198,1046054,,
TECNOGLASS INC,G87264100,5195,198380,,
INDEPENDENCE HOLDING CO,453440307,5185,91495,,
SKILLSOFT CORP,83066P200,5183,566477,,SKIL
ALTA EQUIPMENT GROUP INC,02128L106,5178,353735,,ALTG-PA
23ANDME HOLDING CO -CLASS A,90138Q108,5175,777128,,
LANDS' END INC,51509F105,5149,262326,,
AMERICAN OUTDOOR BRANDS INC,02875D109,5145,258175,,
BRT APARTMENTS CORP,055645303,5133,213973,,BRT
LIBERTY MEDIA CORP-BRAVES A,531229706,5127,178361,,
ON24 INC,68339B104,5126,295470,,
LANDEC CORP,514766104,5117,461081,,
SOUTH PLAINS FINANCIAL INC,83946P107,5115,183948,,
APPLIED MOLECULAR TRANSPORT,03824M109,5104,365117,,
SCIENCE 37 HOLDINGS INC,808644108,5100,409051,,
UNITED STATES LIME & MINERAL,911922102,5100,39536,,
INFUSYSTEM HOLDINGS INC,45685K102,5087,298758,,
CYTOMX THERAPEUTICS INC,23284F105,5082,1173847,,
DIAGEO PLC-SPONSORED ADR,25243Q205,5070,23033,,
AMERICAN SUPERCONDUCTOR CORP,030111207,5066,465645,,
AVITA MEDICAL INC,05380C102,5054,421920,,
IRADIMED CORP,46266A109,5041,109095,,IRMD
PROVIDENT BANCORP INC,74383L105,5040,271017,,
CRISPR THERAPEUTICS AG,H17182108,5021,66266,,CRSP
FIRST BANCORP INC/ME,31866P102,5018,159826,,
ROCKY BRANDS INC,774515100,5010,125891,,
KALVISTA PHARMACEUTICALS INC,483497103,5000,377970,,
CAMBIUM NETWORKS CORP,G17766109,4989,194680,,CMBMF
RADIANT LOGISTICS INC,75025X100,4988,684334,,
GENIUS BRANDS INTERNATIONAL,37229T301,4980,4743549,,
HF FOODS GROUP INC,40417F109,4980,588702,,HFFG
COGENT BIOSCIENCES INC,19240Q201,4962,578369,,
SUMMIT FINANCIAL GROUP INC,86606G101,4956,180552,,
AUDACY INC,05070N103,4953,1927252,,
BENEFITFOCUS INC,08180D106,4910,460642,,
MERCER INTERNATIONAL INC,588056101,4910,409548,,MERC
RPC INC,749660106,4887,1076437,,RES
GREAT AJAX CORP,38983D300,4869,369994,,
GTY TECHNOLOGY HOLDINGS INC,362409104,4866,726285,,
PCSB FINANCIAL CORP,69324R104,4858,255194,,
AEHR TEST SYSTEMS,00760J108,4853,200720,,AEHR
TREDEGAR CORP,894650100,4851,410427,,TG
KINGSOFT CLOUD HOLDINGS-ADR,49639K101,4841,309057,,
AEYE INC,008183105,4839,999836,,
COUCHBASE INC,22207T101,4838,193861,,
LUFAX HOLDING LTD-ADR,54975P102,4834,858691,,
STEREOTAXIS INC,85916J409,4826,778537,,
EL POLLO LOCO HOLDINGS INC,268603107,4819,339629,,
AADI BIOSCIENCE INC,00032Q104,4759,197073,,
BARNES & NOBLE EDUCATION INC,06777U101,4744,696710,,
LEXICON PHARMACEUTICALS INC,528872302,4719,1197739,,
P.A.M. TRANSPORTATION SVCS,693149106,4711,66354,,
NEWPARK RESOURCES INC,651718504,4673,1589518,,
ENACT HOLDINGS INC,29249E109,4664,225656,,
SCHWAB EMERGING MARKETS EQUI,808524706,4653,157092,,
CYXTERA TECHNOLOGIES INC,23284C102,4652,368921,,
POSTAL REALTY TRUST INC- A,73757R102,4635,234094,,
NORTHRIM BANCORP INC,666762109,4625,106430,,NRIM
FS BANCORP INC,30263Y104,4624,137521,,
POWELL INDUSTRIES INC,739128106,4618,156615,,POWL
MEI PHARMA INC,55279B202,4604,1724630,,
INVESTORS TITLE CO,461804106,4600,23337,,ITIC
FIVE STAR BANCORP,33830T103,4584,152806,,FSBC
BANCO BRADESCO-ADR,059460303,4561,1333776,,
TAYSHA GENE THERAPIES INC,877619106,4553,390851,,
MERIDIANLINK INC,58985J105,4549,210843,,
ORRSTOWN FINL SERVICES INC,687380105,4548,180482,,
CEL-SCI CORP,150837607,4541,639595,,
BRAEMAR HOTELS & RESORTS INC,10482B101,4532,888726,,BHR-PD
HARVARD BIOSCIENCE INC,416906105,4532,642900,,HBIO
ONE GROUP HOSPITALITY INC/TH,88338K103,4530,359295,,
HOOKER FURNISHINGS CORP,439038100,4524,194369,,HOFT
NEXTDOOR HOLDINGS INC,65345M108,4515,572361,,
AMALGAMATED FINANCIAL CORP,022671101,4512,269070,,AMAL
INFRASTRUCTURE AND ENERGY AL,45686J104,4500,489214,,
REMITLY GLOBAL INC,75960P104,4481,217339,,
ARCIMOTO INC,039587100,4480,575901,,
TOYOTA MOTOR CORP -SPON ADR,892331307,4466,24102,,
DZS INC,268211109,4457,274814,,
LUNA INNOVATIONS INC,550351100,4456,528068,,
IDEANOMICS INC,45166V106,4443,3702682,,
TRAEGER INC,89269P103,4442,365311,,
CAREMAX INC,14171W103,4420,575613,,
BRIDGE INVESTMENT GRP HDS-A,10806B100,4419,176981,,
COMMERCIAL VEHICLE GROUP INC,202608105,4410,547182,,
MONTE ROSA THERAPEUTICS INC,61225M102,4410,216001,,
SSR MINING INC,784730103,4408,249100,,SSRGF
SHOTSPOTTER INC,82536T107,4404,149220,,
KEMPHARM INC,488445206,4403,505527,,
BLUE BIRD CORP,095306106,4382,280189,,BLBD
HUMACYTE INC,44486Q103,4381,604312,,
WARBY PARKER INC-CLASS A,93403J106,4377,94009,,
VICARIOUS SURGICAL INC,92561V109,4369,411478,,RBOTW
CORECARD CORP,45816D100,4358,112325,,
JANUX THERAPEUTICS INC,47103J105,4350,220527,,
TENAYA THERAPEUTICS INC,87990A106,4342,229139,,
RED ROBIN GOURMET BURGERS,75689M101,4329,261922,,
LYELL IMMUNOPHARMA INC,55083R104,4324,558726,,
PREFORMED LINE PRODUCTS CO,740444104,4322,66803,,PLPC
APPHARVEST INC,03783T103,4315,1109334,,
GREENHILL & CO INC,395259104,4312,240492,,
OLEMA PHARMACEUTICALS INC,68062P106,4308,460361,,
RELX PLC - SPON ADR,759530108,4306,131417,,
EYEPOINT PHARMACEUTICALS INC,30233G209,4300,351359,,
COMSCORE INC,20564W105,4296,1286317,,
PERELLA WEINBERG PARTNERS,71367G102,4270,332091,,PWP
PASSAGE BIO INC,702712100,4269,672325,,
ARCHAEA ENERGY INC,03940F103,4262,233204,,
ASENSUS SURGICAL INC,04367G103,4258,3836604,,
IGM BIOSCIENCES INC,449585108,4258,145181,,
SEMLER SCIENTIFIC INC,81684M104,4247,46349,,
EASTMAN KODAK CO,277461406,4244,906930,,KODK
VERTEX INC - CLASS A,92538J106,4243,267384,,
ACACIA RESEARCH CORP,003881307,4217,822192,,ACTG
CITIZENS INC,174740100,4207,792336,,
PARK AEROSPACE CORP,70014A104,4206,318640,,PKE
MARLIN BUSINESS SVCS CORP,571157106,4202,180502,,
LEGACY HOUSING CORP,52472M101,4197,158579,,LEGH
HEALTHCARE SERVICES ACQUI-A,42227K104,4191,429468,,
NOAH HOLDINGS LTD-SPON ADS,65487X102,4160,136626,,
ALIGOS THERAPEUTICS INC,01626L105,4149,349576,,
EPIZYME INC,29428V104,4147,1658936,,
ESPERION THERAPEUTICS INC,29664W105,4140,828196,,
CALAMP CORP,128126109,4134,585585,,
EMCORE CORP,290846203,4134,592391,,
SUPERIOR GROUP OF COS INC,868358102,4133,188411,,
SMITH MICRO SOFTWARE INC,832154207,4128,839204,,
SONY GROUP CORP - SP ADR,835699307,4123,32621,,
HOLLEY INC,43538H103,4120,317204,,HLLY
ITAU UNIBANCO H-SPON PRF ADR,465562106,4085,1089565,,
NKARTA INC,65487U108,4049,263838,,
ARIS WATER SOLUTION INC-A,04041L106,4037,311783,,
VELO3D INC,92259N104,4037,516914,,
SPDR S&P 500 ETF TRUST,78462F103,4020,8465,,SPY
LUXFER HOLDINGS PLC,G5698W116,4013,207871,,LXFR
MIND MEDICINE MINDMED INC,60255C109,4012,2908735,,
VNET GROUP INC-ADR,90138A103,4012,447385,,
PROCEPT BIOROBOTICS CORP,74276L105,4006,160180,,PRCT
RED RIVER BANCSHARES INC,75686R202,4006,74889,,RRBI
CAPITAL BANCORP INC/MD,139737100,4003,152797,,
RIMINI STREET INC,76674Q107,3999,670004,,
GARRETT MOTION INC,366505105,3997,497788,,GTX
OFFERPAD SOLUTIONS INC,67623L109,3993,623967,,OPADW
VIRIDIAN THERAPEUTICS INC,92790C104,3987,201678,,
BYRNA TECHNOLOGIES INC,12448X201,3942,295335,,BYRN
MESA AIR GROUP INC,590479135,3930,701865,,
ALTUS MIDSTREAM CO -A,02215L209,3927,64060,,
BLADE AIR MOBILITY INC,092667104,3917,443638,,
FLEXSTEEL INDS,339382103,3917,145837,,
NATURES SUNSHINE PRODS INC,639027101,3913,211529,,
CORTEXYME INC,22053A107,3907,309601,,
ALAUNOS THERAPEUTICS INC,98973P101,3902,3580427,,
IMAGO BIOSCIENCES INC,45250K107,3902,164613,,
ASHFORD HOSPITALITY TRUST,044103869,3898,406143,,
CYMABAY THERAPEUTICS INC,23257D103,3891,1151205,,
CARDIFF ONCOLOGY INC,14147L108,3876,645084,,
UBS GROUP AG-REG,H42097107,3874,216831,,
BRP INC/CA- SUB VOTING,05577W200,3868,44133,,
PAYMENTUS HOLDINGS INC-A,70439P108,3866,110537,,
FUTUREFUEL CORP,36116M106,3859,505170,,FF
GREIF INC-CL B,397624206,3852,64442,,
DLOCAL LTD,G29018101,3849,107846,,DLO
EGAIN CORP,28225C806,3843,385147,,EGAN
EVOLUS INC,30052C107,3833,588800,,
SHATTUCK LABS INC,82024L103,3831,450189,,
FRESENIUS MEDICAL CARE-ADR,358029106,3804,117210,,
FIRST BANK/HAMILTON NJ,31931U102,3797,261736,,
DURECT CORPORATION,266605104,3795,3850263,,
9 METERS BIOPHARMA INC,654405109,3782,3864762,,
PETROLEO BRASILEIRO-SPON ADR,71654V408,3762,342694,,
TALARIS THERAPEUTICS INC,87410C104,3758,245823,,
INNOVATIVE INDUSTRIAL PROPER,45781V101,3754,14279,,
DONEGAL GROUP INC-CL A,257701201,3743,261959,,
OLYMPIC STEEL INC,68162K106,3739,159110,,
FTS INTERNATIONAL INC-CL A,30283W302,3735,142321,,
QUOTIENT LTD,G73268107,3730,1440365,,
VENTYX BIOSCIENCES INC,92332V107,3724,187539,,
LIMONEIRA CO,532746104,3722,248142,,LMNR
REKOR SYSTEMS INC,759419104,3714,567159,,
NATIONAL ENERGY SERVICES REU,G6375R107,3707,392372,,
NAUTILUS INC,63910B102,3706,604603,,
SECUREWORKS CORP - A,81374A105,3696,231436,,
XL FLEET CORP,9837FR100,3695,1116559,,
FIDELITY D&D BANCORP INC,31609R100,3691,62575,,
CLEAR SECURE INC -CLASS A,18467V109,3687,117552,,
SHIFT TECHNOLOGIES INC,82452T107,3685,1080689,,
OYSTER POINT PHARMA INC,69242L106,3678,201434,,
SESEN BIO INC,817763105,3677,4511761,,
INFINITY PHARMACEUTICALS INC,45665G303,3673,1632561,,
PULSE BIOSCIENCES INC,74587B101,3672,247975,,
AGORA INC-ADR,00851L103,3662,227357,,
VERA BRADLEY INC,92335C106,3649,428904,,
SIENTRA INC,82621J105,3645,993348,,
RED VIOLET INC,75704L104,3643,91798,,
SCIPLAY CORP-CLASS A,809087109,3641,264275,,
DADA NEXUS LTD-ADR,23344D108,3618,276512,,
CONCRETE PUMPING HOLDINGS IN,206704108,3615,440970,,
RUMBLEON INC-B,781386305,3606,86850,,
ARRIVAL SA,L0423Q108,3581,482722,,
IKENA ONCOLOGY INC,45175G108,3567,284454,,
EQUINOR ASA-SPON ADR,29446M102,3559,135192,,
MACATAWA BANK CORP,554225102,3550,402519,,
WEBER INC - CLASS A,94770D102,3537,273580,,
MAIDEN HOLDINGS LTD,G5753U112,3535,1155438,,
DAY ONE BIOPHARMACEUTICALS I,23954D109,3527,209343,,
ELECTRIC LAST MILE SOLUTIONS,28489L104,3527,501759,,
ERICSSON (LM) TEL-SP ADR,294821608,3525,324316,,
SOLARIS OILFIELD INFRAST-A,83418M103,3523,537949,,
F45 TRAINING HOLDINGS INC,30322L101,3505,321911,,
ORAMED PHARMACEUTICALS INC,68403P203,3503,245345,,ORMP
ZYNEX INC,98986M103,3503,351364,,
DREAM FINDERS HOMES INC - A,26154D100,3483,179087,,
MONEYLION INC,60938K106,3479,863334,,
POINT BIOPHARMA GLOBAL INC,730541109,3476,620875,,
GREENLIGHT CAPITAL RE LTD-A,G4095J109,3473,443030,,
TERNIUM SA-SPONSORED ADR,880890108,3470,79741,,
ATLANTICA SUSTAINABLE INFRAS,G0751N103,3463,96842,,
VECTOR ACQUISITION CORP II-A,G9460A104,3459,354137,,
LUTHER BURBANK CORP,550550107,3458,246359,,
XBIOTECH INC,98400H102,3443,309381,,XBIT
TOWER SEMICONDUCTOR LTD,M87915274,3442,86747,,TSEM
FIESTA RESTAURANT GROUP,31660B101,3440,312469,,
METHANEX CORP,59151K108,3439,86970,,MEOH
PEARSON PLC-SPONSORED ADR,705015105,3430,408384,,
PARATEK PHARMACEUTICALS INC,699374302,3416,760816,,
CENTURY THERAPEUTICS INC,15673T100,3415,215324,,
ALDEYRA THERAPEUTICS INC,01438T106,3411,852760,,
HUMANIGEN INC,444863203,3408,916157,,
SHORE BANCSHARES INC,825107105,3407,163415,,SHBI
ATHERSYS INC,04744L106,3406,3773594,,
SIGHT SCIENCES INC,82657M105,3391,193022,,
CECO ENVIRONMENTAL CORP,125141101,3382,542980,,CECO
FORTRESS BIOTECH INC,34960Q109,3369,1347602,,
NOVA LTD,M7516K103,3365,22974,,NVMI
FREEDOM HOLDING CORP/NV,356390104,3359,48451,,
ADVENT TECHNOLOGIES HOLDINGS,00788A105,3358,479060,,
GRAPHITE BIO INC,38870X104,3345,269177,,
POSEIDA THERAPEUTICS INC,73730P108,3340,490599,,
FALCON MINERALS CORP,30607B109,3334,684629,,
KIRKLAND'S INC,497498105,3334,223366,,
CASA SYSTEMS INC,14713L102,3333,588006,,
MATRIX SERVICE CO,576853105,3332,443141,,MTRX
MEMBERSHIP COLLECTIVE GRP -A,586001109,3330,260588,,
INNOVATE CORP,45784J105,3328,899679,,VATE
CASTLIGHT HEALTH INC-B,14862Q100,3304,2145882,,
NUVALENT INC-A,670703107,3301,173404,,
CHROMADEX CORP,171077407,3295,881268,,
CLEARPOINT NEURO INC,18507C103,3292,293492,,
AKOUOS INC,00973J101,3287,386774,,
DULUTH HOLDINGS INC - CL B,26443V101,3281,216158,,
PLAYAGS INC,72814N104,3273,482053,,
SURFACE ONCOLOGY INC,86877M209,3264,682853,,
AEGLEA BIOTHERAPEUTICS INC,00773J103,3257,685745,,
VERA THERAPEUTICS INC,92337R101,3248,121582,,
LIFETIME BRANDS INC,53222Q103,3235,202625,,
GLOBAL WATER RESOURCES INC,379463102,3232,189061,,
CYBEROPTICS CORP,232517102,3226,69387,,
DAKTRONICS INC,234264109,3211,635849,,
FIRST WATCH RESTAURANT GROUP,33748L101,3209,191477,,
ATOSSA THERAPEUTICS INC,04962H506,3207,2004781,,
SPECTRUM PHARMACEUTICALS INC,84763A108,3205,2523635,,
VINTAGE WINE ESTATES INC,92747V106,3203,271044,,
HBT FINANCIAL INC/DE,404111106,3187,170189,,
XPONENTIAL FITNESS INC-A,98422X101,3179,155542,,
EVELO BIOSCIENCES INC,299734103,3178,523575,,
EIGER BIOPHARMACEUTICALS INC,28249U105,3164,609789,,
CITIUS PHARMACEUTICALS INC,17322U207,3155,2049218,,
HARPOON THERAPEUTICS INC,41358P106,3152,417567,,
AST SPACEMOBILE INC,00217D100,3110,391750,,
SYROS PHARMACEUTICALS INC,87184Q107,3107,953200,,
VILLAGE SUPER MARKET-CLASS A,927107409,3105,132759,,
CUE HEALTH INC,229790100,3099,231145,,
CASPER SLEEP INC,147626105,3095,463340,,
SILICON MOTION TECHNOL-ADR,82706C108,3091,32536,,
SOLO BRANDS INC - CLASS A,83425V104,3091,197768,,
MARKFORGED HOLDING CORP,57064N102,3086,574796,,
LAZYDAYS HOLDINGS INC,52110H100,3078,142911,,
CHINDATA GROUP HOLDINGS-ADR,16955F107,3074,470006,,
NATURAL GROCERS BY VITAMIN C,63888U108,3073,215650,,
RADWARE LTD,M81873107,3073,73820,,RDWR
SEMRUSH HOLDINGS INC-A,81686C104,3073,147433,,
AERSALE CORP,00810F106,3066,172840,,ASLE
IMMUNIC INC,4525EP101,3062,320000,,
XOMA CORP,98419J206,3058,146708,,
DARIOHEALTH CORP,23725P209,3055,235575,,DRIO
TREAN INSURANCE GROUP INC,89457R101,3052,342586,,
PAVMED INC,70387R106,3038,1235076,,PAVM
SPIRE GLOBAL INC,848560108,3004,888886,,
FORGEROCK INC-A,34631B101,2994,112212,,
NN INC,629337106,2994,730487,,NNBR
PARK-OHIO HOLDINGS CORP,700666100,2994,141464,,
UNIVERSAL LOGISTICS HOLDINGS,91388P105,2978,157936,,
TELESAT CORP,879512309,2974,103734,,TSAT
SCHULTZE SPECIAL PURPOSE-A,808212104,2970,305269,,
ROOT INC/OH -CLASS A,77664L108,2952,952272,,
ENGAGESMART INC,29283F103,2950,122308,,
FREQUENCY THERAPEUTICS INC,35803L108,2949,574890,,
XERIS BIOPHARMA HOLDINGS INC,98422E103,2944,1005000,,
ARDAGH METAL PACKAGING SA,L02235106,2943,325999,,
ACCELERATE DIAGNOSTICS INC,00430H102,2936,562466,,
METROMILE INC,591697107,2936,1340969,,
REPUBLIC FIRST BANCORP INC,760416107,2931,788158,,
IPSIDY INC,46264C206,2929,208787,,
CORMEDIX INC,21900C308,2927,643458,,CRMD
HOMOLOGY MEDICINES INC,438083107,2924,803399,,
VOR BIOPHARMA INC,929033108,2914,250775,,VOR
TRICIDA INC,89610F101,2912,304654,,
VELOCITY FINANCIAL INC,92262D101,2910,212413,,
FARMERS & MERCHANTS BANCO/OH,30779N105,2908,88598,,
CYTOSORBENTS CORP,23283X206,2907,693915,,CTSO
TYRA BIOSCIENCES INC,90240B106,2903,206381,,
TCR2 THERAPEUTICS INC,87808K106,2895,621452,,
ABCELLERA BIOLOGICS INC,00288U106,2886,201868,,ABCL
NEWEGG COMMERCE INC,G6483G100,2885,278287,,
GOHEALTH INC-CLASS A,38046W105,2868,756986,,
SANDRIDGE ENERGY INC,80007P869,2859,273359,,SD
BARK INC,68622E104,2844,674168,,
CODIAK BIOSCIENCES INC,192010106,2835,254534,,
NEOLEUKIN THERAPEUTICS INC,64049K104,2834,588139,,
LIBERTY TRIPADVISOR HDG-A,531465102,2832,1305509,,
TARSUS PHARMACEUTICALS INC,87650L103,2830,125815,,
VOXX INTERNATIONAL CORP,91829F104,2826,277904,,
NATHAN'S FAMOUS INC,632347100,2818,48267,,
AKOYA BIOSCIENCES INC,00974H104,2805,183215,,
BEAM GLOBAL,07373B109,2805,150828,,BEEM
INTERCONTINENTAL HOTELS-ADR,45857P806,2795,42871,,
NI HOLDINGS INC,65342T106,2793,147730,,
MCEWEN MINING INC,58039P107,2780,3136034,,
ADVERUM BIOTECHNOLOGIES INC,00773U108,2776,1577526,,
ENTRADA THERAPEUTICS INC,29384C108,2776,162187,,
ITERIS INC,46564T107,2772,693066,,
ALLBIRDS INC-CL A,01675A109,2761,183116,,
PLAYSTUDIOS INC,72815G108,2758,698451,,
CURIOSITYSTREAM INC,23130Q107,2757,465048,,CURI
MIRUM PHARMACEUTICALS INC,604749101,2757,172893,,
NEOGAMES SA,L6673X107,2756,99211,,
TILRAY BRANDS INC,88688T100,2756,392162,,
ADAGIO THERAPEUTICS INC,00534A102,2742,377785,,
PRUDENTIAL PLC-ADR,74435K204,2738,79526,,
LSB INDUSTRIES INC,502160104,2729,246988,,
FORIAN INC,34630N106,2726,302300,,
ALPINE IMMUNE SCIENCES INC,02083G100,2723,196666,,
ICAD INC,44934S206,2723,378245,,
APPLIED THERAPEUTICS INC,03828A101,2714,303243,,
SQZ BIOTECHNOLOGIES CO,78472W104,2710,303500,,
BERKSHIRE HATHAWAY INC-CL A,084670108,2703,6,,
P10 INC-A,69376K106,2701,193248,,
SPORTRADAR GROUP AG-A,H8088L103,2695,153421,,
KHOSLA VENTURES ACQUISITIO-A,482506102,2694,276080,,
CEDAR REALTY TRUST INC,150602605,2691,107182,,
GENMAB A/S -SP ADR,372303206,2687,67940,,
CARLOTZ INC,142552108,2685,1182955,,
MOLECULAR TEMPLATES INC,608550109,2680,683792,,
VIRNETX HOLDING CORP,92823T108,2671,1027406,,VHC
EVI INDUSTRIES INC,26929N102,2668,85461,,
PCB BANCORP,69320M109,2661,121183,,PCB
NERDY INC,64081V109,2659,590894,,NRDY
DHI GROUP INC,23331S100,2654,425479,,
ARQIT QUANTUM INC,G0567U101,2648,110586,,ARQQW
PRELUDE THERAPEUTICS INC,74065P101,2647,212636,,PRLD
FTC SOLAR INC,30320C103,2646,350130,,
ONCOCYTE CORP,68235C107,2646,1219404,,
UNILEVER PLC-SPONSORED ADR,904767704,2643,49144,,
STANTEC INC,85472N109,2642,47038,,STN
NORTHEAST BANK,66405S100,2640,73893,,
ROYAL DUTCH SHELL PLC,780259107,2640,60893,,
OIL-DRI CORP OF AMERICA,677864100,2638,80605,,ODC
VIVID SEATS INC - CLASS A,92854T100,2635,242252,,
OSCAR HEALTH INC - CLASS A,687793109,2628,334845,,
ALPINE 4 HOLDINGS INC,02083E105,2626,1367749,,
LOOP INDUSTRIES INC,543518104,2622,213749,,
INSPIRED ENTERTAINMENT INC,45782N108,2612,201580,,
SILVERBACK THERAPEUTICS INC,82835W108,2611,392112,,
NATIONAL CINEMEDIA INC,635309107,2604,926983,,
SINGULAR GENOMICS SYSTEMS IN,82933R100,2604,225333,,
BASSETT FURNITURE INDS,070203104,2601,155103,,
CIPHER MINING INC,17253J106,2591,559703,,
SEELOS THERAPEUTICS INC,81577F109,2583,1584988,,
TONIX PHARMACEUTICALS HOLDIN,890260706,2575,7200611,,
NAUTILUS BIOTECHNOLOGY INC,63909J108,2565,495198,,
RENT THE RUNWAY INC-A,76010Y103,2563,314562,,
WEREWOLF THERAPEUTICS INC,95075A107,2551,214224,,
TOTALENERGIES SE -SPON ADR,89151E109,2545,51460,,
BERKSHIRE GREY INC,084656107,2543,462403,,
INFORMATION SERVICES GROUP,45675Y104,2537,332969,,
CADRE HOLDINGS INC,12763L105,2536,99768,,
NUZEE INC,67073S208,2534,612296,,
PZENA INVESTMENT MANAGM-CL A,74731Q103,2529,267126,,
HURCO COMPANIES INC,447324104,2525,85021,,HURC
HDFC BANK LTD-ADR,40415F101,2519,38718,,
MARINE PRODUCTS CORP,568427108,2518,201484,,
ESCALADE INC,296056104,2506,158727,,ESCA
AVROBIO INC,05455M100,2503,650207,,
VINCERX PHARMA INC,92731L106,2501,245469,,
VEON LTD,91822M106,2473,1446576,,VEON
HERITAGE INSURANCE HOLDINGS,42727J102,2470,420100,,
PIERIS PHARMACEUTICALS INC,720795103,2452,648721,,
LAKELAND INDUSTRIES INC,511795106,2449,112861,,LAKE
MAGENTA THERAPEUTICS INC,55910K108,2445,551938,,
ALPHA TEKNOVA INC,02080L102,2441,119213,,
WAVE LIFE SCIENCES LTD,Y95308105,2439,776963,,WVE
ZIPRECRUITER INC-A,98980B103,2436,97692,,
THESEUS PHARMACEUTICALS INC,88369M101,2435,192047,,
US XPRESS ENTERPRISES INC -A,90338N202,2426,413406,,
B2GOLD CORP,11777Q209,2415,593776,,BTG
ATERIAN INC,02156U101,2403,584904,,
AURINIA PHARMACEUTICALS INC,05156V102,2391,104585,,AUPH
VIA RENEWABLES INC,92556D106,2382,208431,,
STRATUS PROPERTIES INC,863167201,2381,65117,,STRS
ZOMEDICA CORP,98980M109,2376,7753949,,ZOMDF
NEWAGE INC,650194103,2366,2297838,,
ACNB CORP,000868109,2365,75638,,ACNB
BUILD-A-BEAR WORKSHOP INC,120076104,2361,120974,,BBW
LERER HIPPEAU ACQUISITION-A,526749106,2357,239631,,
PARAGON 28 INC,69913P105,2340,132302,,
EVOLV TECHNOLOGIES HOLDINGS,30049H102,2335,523626,,
ABSCI CORP,00091E109,2332,284452,,ABSI
PROFESSIONAL HOLDING CORP-A,743139107,2327,121502,,
RAIN THERAPEUTICS INC,75082Q105,2327,180706,,
BCB BANCORP INC,055298103,2320,150412,,BCBP
EARGO INC,270087109,2319,454706,,
THERAPEUTICSMD INC,88338N107,2316,6517513,,
BLACKSKY TECHNOLOGY INC,09263B108,2308,514033,,BKSY-WT
SAB BIOTHERAPEUTICS INC,78397T103,2291,293406,,
CO-DIAGNOSTICS INC,189763105,2289,256347,,
PROGENITY INC,74319F107,2286,1093907,,
VINCO VENTURES INC,927330100,2282,959236,,
CREDIT SUISSE GROUP-SPON ADR,225401108,2275,236079,,
SMILEDIRECTCLUB INC,83192H106,2274,968012,,
MILLICOM INTL CELLULAR S.A.,L6388F110,2268,79750,,
INSTRUCTURE HOLDINGS INC,457790103,2266,94520,,
BANKWELL FINANCIAL GROUP INC,06654A103,2261,68850,,
MOMENTUS INC,60879E101,2257,540064,,MNTSW
SKYWATER TECHNOLOGY INC,83089J108,2257,139171,,
AVALO THERAPEUTICS INC,05338F108,2256,1327571,,
APOLLO ENDOSURGERY INC,03767D108,2251,267105,,
MISTRAS GROUP INC,60649T107,2235,300899,,
CENTRAL VALLEY COMM BANCORP,155685100,2231,107451,,
KVH INDUSTRIES INC,482738101,2229,242578,,
CAESARSTONE LTD,M20598104,2219,195725,,CSTE
VITA COCO CO INC/THE,92846Q107,2217,198554,,
ESPORTS TECHNOLOGIES INC,29667L106,2212,107624,,
HEMISPHERE MEDIA GROUP INC,42365Q103,2210,304078,,
TEEKAY TANKERS LTD-CLASS A,Y8565N300,2208,202649,,
BAKKT HOLDINGS INC,05759B107,2199,258431,,
1847 GOEDEKER INC,28252C109,2193,913851,,
VIDLER WATER RESOUCES INC,92660E107,2186,181010,,
SPRINKLR INC-A,85208T107,2182,137541,,
OUTBRAIN INC,69002R103,2174,155335,,
NORDIC AMERICAN TANKERS LTD,G65773106,2171,1285040,,NAT
STONEMOR INC,86184W106,2169,951691,,
MUSTANG BIO INC,62818Q104,2168,1306152,,
ATLAS TECHNICAL CONSULTANTS,049430101,2166,257335,,
IMMUNEERING CORP - CLASS A,45254E107,2163,133815,,
MAYVILLE ENGINEERING CO INC,578605107,2162,145024,,
OZON HOLDINGS PLC - ADR,69269L104,2160,72951,,
CLIPPER REALTY INC,18885T306,2159,217303,,CLPR
89BIO INC,282559103,2156,165001,,
XILIO THERAPEUTICS INC,98422T100,2146,134185,,
LOTTERY.COM INC,54570M108,2141,336183,,
LCNB CORPORATION,50181P100,2140,109614,,LCNB
BLACK DIAMOND THERAPEUTICS I,09203E105,2111,396167,,
ARTERIS INC,04302A104,2110,99968,,
DOCEBO INC,25609L105,2095,31147,,DCBO
UNIVERSAL TECHNICAL INSTITUT,913915104,2095,268000,,
TRICON RESIDENTIAL INC,89612W102,2090,122310,,
OUTLOOK THERAPEUTICS INC,69012T206,2086,1533824,,
RESERVOIR MEDIA INC,76119X105,2076,262518,,
IBIO INC,451033203,2070,3771565,,
VIANT TECHNOLOGY INC-A,92557A101,2067,213078,,
JOANN INC,47768J101,2063,198808,,
ASPIRA WOMEN'S HEALTH INC,04537Y109,2062,1165437,,AWHL
ENTERPRISE PRODUCTS PARTNERS,293792107,2056,93670,,
AQUABOUNTY TECHNOLOGIES,03842K200,2055,978722,,
PIONEER BANCORP INC/NY,723561106,2055,181604,,
KORE GROUP HOLDINGS INC,50066V107,2032,301563,,
XPRESSPA GROUP INC,98420U703,2030,1005038,,
WILLIS LEASE FINANCE CORP,970646105,2029,53904,,WLFC
TILE SHOP HLDGS INC,88677Q109,2017,282962,,
CELCUITY INC,15102K100,2010,152436,,CELC
ONDAS HOLDINGS INC,68236H204,2010,299593,,
VERRICA PHARMACEUTICALS INC,92511W108,1995,217828,,VRCA
ADMA BIOLOGICS INC,000899104,1993,1413525,,
FATHOM HOLDINGS INC,31189V109,1993,97422,,FTHM
PYXIS ONCOLOGY INC,747324101,1990,181472,,
HARROW HEALTH INC,415858109,1985,229852,,
HUTTIG BUILDING PRODUCTS INC,448451104,1984,179312,,
NATIONAL GRID PLC-SP ADR,636274409,1984,27437,,
PFSWEB INC,717098206,1984,154084,,
RETAIL VALUE INC,76133Q102,1984,309166,,
BRITISH AMERICAN TOB-SP ADR,110448107,1981,52965,,
NATIONAL BANKSHARES INC/VA,634865109,1976,54509,,
RETRACTABLE TECHNOLOGIES INC,76129W105,1976,285274,,RVP
FIRST NORTHWEST BANCORP,335834107,1973,97569,,FNWB
PIXELWORKS INC,72581M305,1972,448190,,
BEACHBODY CO INC/THE,073463101,1971,831828,,
CRAWFORD & COMPANY -CL A,224633206,1957,261286,,
BROOKLYN IMMUNOTHERAPEUTICS,114082100,1955,468871,,
CADIZ INC,127537207,1950,505340,,CDZIP
CAMTEK LTD,M20791105,1944,42233,,CAMT
RENEW ENERGY GLOBAL PLC-A,G7500M104,1944,249907,,
DESTINATION XL GROUP INC,25065K104,1941,341806,,
PUMA BIOTECHNOLOGY INC,74587V107,1937,637292,,
AMES NATIONAL CORP,031001100,1931,78869,,ATLO
CUMULUS MEDIA INC-CL A,231082801,1924,171091,,
WESTERN NEW ENGLAND BANCORP,958892101,1923,219551,,
BOLT BIOTHERAPEUTICS INC,097702104,1921,392132,,
BAYCOM CORP,07272M107,1920,102352,,BCML
LIQUIDIA CORP,53635D202,1912,392795,,LQDA
RIO TINTO PLC-SPON ADR,767204100,1906,28483,,
BIGLARI HOLDINGS INC-B,08986R309,1898,13317,,
1ST CONSTITUTION BANCORP,31986N102,1895,73758,,
ALPINE INCOME PROPERTY TRUST,02083X103,1882,93913,,
CANON INC-SPONS ADR,138006309,1881,77005,,
EVANS BANCORP INC,29911Q208,1881,46678,,
INVESTAR HOLDING CORP,46134L105,1874,101817,,ISTR
COMMUNITY FINANCIAL CORP/THE,20368X101,1871,47607,,
TEEKAY CORP,Y8564W103,1868,594939,,TK
FLUENT INC,34380C102,1867,938529,,
FVCBANKCORP INC,36120Q101,1866,94216,,
SYNCHRONOSS TECHNOLOGIES INC,87157B103,1864,764335,,
AEROVATE THERAPEUTICS INC,008064107,1859,157730,,
INNOVAGE HOLDING CORP,45784A104,1857,371453,,INNV
CRITEO SA-SPON ADR,226718104,1852,47655,,
HUDSON TECHNOLOGIES INC,444144109,1847,416140,,
CHICKEN SOUP FOR THE SOUL EN,16842Q100,1843,133169,,
OVID THERAPEUTICS INC,690469101,1842,573861,,OVID
DRIVE SHACK INC,262077100,1838,1285688,,
FIRST BUSINESS FINANCIAL SER,319390100,1836,62971,,
TARGET HOSPITALITY CORP,87615L107,1833,515130,,TH
LEAP THERAPEUTICS INC,52187K101,1832,565483,,
SAFE BULKERS INC,Y7388L103,1831,485931,,
CAMBER ENERGY INC,13200M508,1829,2152443,,
ARHAUS INC,04035M102,1827,137932,,
ESQUIRE FINANCIAL HOLDINGS I,29667J101,1822,57645,,
ASSOCIATED CAPITAL GROUP - A,045528106,1813,42174,,
SHARPS COMPLIANCE CORP,820017101,1813,254292,,
ATHENEX INC,04685N103,1791,1317455,,
CANADIAN SOLAR INC,136635109,1791,57255,,CSIQ
TORRID HOLDINGS INC,89142B107,1790,181247,,CURV
VERTEX ENERGY INC,92534K107,1790,395361,,
SILVERBOW RESOURCES INC,82836G102,1789,82194,,
SOLID BIOSCIENCES INC,83422E105,1788,1022075,,SLDB
CARROLS RESTAURANT GROUP INC,14574X104,1787,603814,,
RGC RESOURCES INC,74955L103,1785,77596,,RGCO
TERRITORIAL BANCORP INC,88145X108,1780,70511,,
SPOK HOLDINGS INC,84863T106,1779,190766,,
NEURONETICS INC,64131A105,1767,396256,,
CI FINANCIAL CORP,125491100,1764,79277,,
TIMBERLAND BANCORP INC,887098101,1764,63699,,TSBK
INVACARE CORP,461203101,1762,647964,,
RIVERVIEW BANCORP INC,769397100,1762,229133,,RVSB
EXAGEN INC,30068X103,1754,150824,,XGN
TREVENA INC,89532E109,1754,3012817,,
AMPIO PHARMACEUTICALS INC,03209T109,1753,3075557,,
CODORUS VALLEY BANCORP INC,192025104,1751,81073,,
ATRECA INC - A,04965G109,1746,576347,,
ESTABLISHMENT LABS HOLDINGS,G31249108,1745,25820,,
ONCTERNAL THERAPEUTICS INC,68236P107,1745,768814,,
CHECKPOINT THERAPEUTICS INC,162828107,1741,559964,,
AGEAGLE AERIAL SYSTEMS INC,00848K101,1737,1106657,,UAVS
BEYOND AIR INC,08862L103,1735,183876,,
NEXTNAV INC,65345N106,1735,198173,,NXNVW
AURA BIOSCIENCES INC,05153U107,1733,102075,,
FOCUS UNIVERSAL INC,34417J104,1733,195681,,FCUV
MYMD PHARMACEUTICALS INC,62856X102,1731,285671,,
PLX PHARMA INC,72942A107,1731,216162,,
ATYR PHARMA INC,002120202,1729,231499,,ATYR
MARKETWISE INC,57064P107,1728,229187,,
PHUNWARE INC,71948P100,1721,654425,,
KATAPULT HOLDINGS INC,485859102,1719,510380,,
PARKE BANCORP INC,700885106,1715,80606,,
NORWOOD FINANCIAL CORP,669549107,1708,65753,,NWFL
LEVEL ONE BANCORP INC,52730D208,1701,43144,,
NUVVE HOLDING CORP,67079Y100,1701,127721,,NVVE
STRATASYS LTD,M85548101,1701,69487,,SSYS
TALKSPACE INC,87427V103,1698,861948,,
BIOMEA FUSION INC,09077A106,1697,227794,,
CTI BIOPHARMA CORP,12648L601,1692,682626,,
GAMCO INVESTORS INC-A,361438104,1692,67750,,
OPIANT PHARMACEUTICALS INC,683750103,1689,50244,,
PDS BIOTECHNOLOGY CORP,70465T107,1685,208117,,PDSB
VIRACTA THERAPEUTICS INC,92765F108,1683,461227,,
XOS INC,98423B108,1682,534063,,
SPDR PORTFOLIO S&P 500 ETF,78464A854,1680,30107,,
JUST EAT TAKEAWAY-SPONS ADR,48214T305,1673,155501,,
EMERALD HOLDING INC,29103W104,1669,420614,,
COGNYTE SOFTWARE LTD,M25133105,1666,106337,,CGNT
BHP GROUP LTD-SPON ADR,088606108,1660,27519,,
ANGEL OAK MORTGAGE INC,03464Y108,1659,101335,,
RICHMOND MUTUAL BANCORPORATI,76525P100,1658,102966,,
UR-ENERGY INC,91688R108,1656,1357993,,URG
EXPRESS INC,30219E103,1655,537611,,
FIRST WESTERN FINANCIAL INC,33751L105,1654,54504,,MYFW
CONVEY HEALTH SOLUTIONS HOLD,21258C108,1649,197305,,
ISHARES MSCI USA MIN VOL FAC,46429B697,1647,20361,,
VIPER ENERGY PARTNERS LP,92763M105,1645,77205,,
GREENWICH LIFESCIENCES INC,396879108,1640,67420,,
YAMANA GOLD INC,98462Y100,1621,385582,,
VIEMED HEALTHCARE INC,92663R105,1616,309720,,
STRONGHOLD DIGITAL MINING-A,86337R103,1606,125039,,
MATINAS BIOPHARMA HOLDINGS I,576810105,1602,1586863,,
WEYCO GROUP INC,962149100,1600,66834,,WEYS
SMITH-MIDLAND CORP,832156103,1597,33992,,
PLAINS GP HOLDINGS LP-CL A,72651A207,1596,157413,,
UROGEN PHARMA LTD,M96088105,1595,167757,,URGN
ALICO INC,016230104,1594,43070,,
CLENE INC,185634102,1589,387616,,CLNN
CRESCENT POINT ENERGY CORP,22576C101,1588,274689,,
UNITY BANCORP INC,913290102,1587,60479,,
MERIDIAN CORP,58958P104,1582,43050,,MRBK
HAWTHORN BANCSHARES INC,420476103,1579,61152,,
PRUDENTIAL BANCORP INC,74431A101,1579,116340,,
AMBEV SA-ADR,02319V103,1577,563524,,
HAMILTON BEACH BRAND-A,40701T104,1576,109754,,
THE BANK OF PRINCETON,064520109,1572,53629,,
LSI INDUSTRIES INC,50216C108,1571,229029,,LYTS
CYTEIR THERAPEUTICS INC,23284P103,1570,138160,,
BHP GROUP PLC,05545E209,1568,26232,,
FIRST COMMUNITY CORP,319835104,1564,75341,,
LEE ENTERPRISES,523768406,1564,45308,,
ONCORUS INC,68236R103,1562,296471,,
APPLIED OPTOELECTRONICS INC,03823U102,1561,303757,,
TFF PHARMACEUTICALS INC,87241J104,1560,175969,,
LINCOLN EDUCATIONAL SERVICES,533535100,1553,207940,,
OWLET INC,69120X107,1553,581668,,
MAKEMYTRIP LTD,V5633W109,1550,55962,,MMYT
RAPID MICRO BIOSYSTEMS INC-A,75340L104,1546,145362,,
RAMACO RESOURCES INC,75134P303,1542,113407,,
NEXTDECADE CORP,65342K105,1539,540203,,NEXT
CVRX INC,126638105,1536,125666,,
ZIM INTEGRATED SHIPPING SERV,M9T951109,1532,26035,,
HIREQUEST INC,433535101,1523,75546,,
EVERSPIN TECHNOLOGIES INC,30041T104,1522,134702,,MRAM
ZETA GLOBAL HOLDINGS CORP-A,98956A105,1521,180742,,
DELTA APPAREL INC,247368103,1515,50951,,
BIOTRICITY INC,09074H104,1510,379400,,BTCY
FINCH THERAPEUTICS GROUP INC,31773D101,1507,151162,,
1STDIBS.COM INC,320551104,1503,120148,,
ATI PHYSICAL THERAPY INC,00216W109,1503,443453,,
POWERFLEET INC,73931J109,1503,317206,,
ARDELYX INC,039697107,1500,1363967,,
CHEMUNG FINANCIAL CORP,164024101,1495,32663,,CHMG
LANDSEA HOMES CORP,51509P103,1494,204225,,
BANKFINANCIAL CORP,06643P104,1493,139926,,
CHERRY HILL MORTGAGE INVESTM,164651101,1491,180387,,
CHOICEONE FINANCIAL SVCS INC,170386106,1490,56282,,
IMMERSION CORPORATION,452521107,1489,260945,,IMMR
UNITED INSURANCE HOLDINGS CO,910710102,1489,343169,,
BRILLIANT EARTH GROUP INC-A,109504100,1487,82375,,
SENSEI BIOTHERAPEUTICS INC,81728A108,1487,256518,,
BARCLAYS PLC-SPONS ADR,06738E204,1486,143586,,
SAVARA INC,805111101,1484,1197367,,SVRA
HEADHUNTER GROUP PLC-ADR,42207L106,1470,28788,,
KARAT PACKAGING INC,48563L101,1466,72568,,KRT
CIM COMMERCIAL TRUST CORP,125525584,1465,199414,,
C & F FINANCIAL CORP,12466Q104,1459,28511,,CFFI
CONSUMER PORTFOLIO SERVICES,210502100,1452,122583,,
MALVERN BANCORP INC,561409103,1452,92663,,
GREENBOX POS,39366L208,1450,345474,,
OP BANCORP,67109R109,1450,113675,,OPBK
HYRECAR INC,44916T107,1446,307029,,
HORIZON GLOBAL CORP,44052W104,1442,180805,,
OMEGA THERAPEUTICS INC,68217N105,1442,127355,,
CANOPY GROWTH CORP,138035100,1440,161316,,CGC
LIGHTNING EMOTORS INC,53228T101,1440,239611,,
HALL OF FAME RESORT & ENTERT,40619L102,1437,945966,,
TABOOLA.COM LTD,M8744T106,1433,184202,,TBLA
EVOLUTION PETROLEUM CORP,30049A107,1424,281983,,EPM
THIRD COAST BANCSHARES INC,88422P109,1423,54781,,
RING ENERGY INC,76680V108,1420,622833,,
OASIS MIDSTREAM PARTNERS LP,67420T206,1419,59347,,
BRIGHT HEALTH GROUP INC,10920V107,1413,410977,,
BEL FUSE INC-CL B,077347300,1407,108880,,
FOSTER (LB) CO-A,350060109,1405,102226,,
AGRIFY CORP,00853E107,1403,152551,,
LILIUM NV,N52586109,1401,202300,,
LIVEONE INC,53814X102,1397,1091807,,
UPHEALTH INC,91532B101,1394,622596,,
RXSIGHT INC,78349D107,1372,122032,,
MIDDLEFIELD BANC CORP,596304204,1365,55034,,
AG MORTGAGE INVESTMENT TRUST,001228501,1363,132976,,
SILVERCREST ASSET MANAGEME-A,828359109,1362,79343,,
CINEDIGM CORP - A,172406209,1358,1170792,,
HIGHPEAK ENERGY INC,43114Q105,1358,92793,,
ALLIANCE RESOURCE PARTNERS,01877R108,1356,107329,,
PENNS WOODS BANCORP INC,708430103,1354,57480,,
STMICROELECTRONICS NV-NY SHS,861012102,1354,27716,,
AIRSCULPT TECHNOLOGIES INC,009496100,1353,78739,,
VAALCO ENERGY INC,91851C201,1349,420268,,
CLEARSIDE BIOMEDICAL INC,185063104,1338,486642,,
STAR BULK CARRIERS CORP,Y8162K204,1327,58556,,SBLK
TRECORA RESOURCES,894648104,1327,164279,,
SAFEGUARD SCIENTIFICS INC,786449207,1326,180517,,SFES
CODEX DNA INC,192003101,1319,122148,,
LA JOLLA PHARMACEUTICAL CO,503459604,1319,283870,,
SUNLIGHT FINANCIAL HOLDINGS,86738J106,1318,275858,,
ARLINGTON ASSET INVESTMENT-A,041356205,1304,372851,,
GOLDEN OCEAN GROUP LTD,G39637205,1303,140148,,
ALTISOURCE PORTFOLIO SOL,L0175J104,1302,116116,,
FARFETCH LTD-CLASS A,30744W107,1298,38845,,
OVERSEAS SHIPHOLDING GROUP-A,69036R863,1295,689315,,
VACASA INC -CL A,91854V107,1295,155754,,
REVLON INC-CLASS A,761525609,1294,114119,,
GEMINI THERAPEUTICS INC,36870G105,1289,442967,,
EASTERN CO/THE,276317104,1288,51216,,
NACCO INDUSTRIES-CL A,629579103,1285,35430,,
CRONOS GROUP INC,22717L101,1283,327093,,CRON
SACHEM CAPITAL CORP,78590A109,1283,219711,,SCCE
SECURITY NATL FINL CORP-CL A,814785309,1283,139481,,
TERNS PHARMACEUTICALS INC,880881107,1279,180935,,
WALKME LTD,M97628107,1279,65186,,
USA TRUCK INC,902925106,1271,63982,,
ISHARES CORE S&P 500 ETF,464287200,1267,2657,,
BLEND LABS INC-A,09352U108,1266,172610,,
PEOPLES BANCORP OF NC,710577107,1265,45863,,
SOC TELEMED INC,78472F101,1264,988055,,
NERDWALLET INC-CL A,64082B102,1263,81229,,
LANTRONIX INC,516548203,1258,160695,,LTRX
INOZYME PHARMA INC,45790W108,1255,184019,,
ING GROEP N.V.-SPONSORED ADR,456837103,1254,90121,,
COMPUTER TASK GROUP INC,205477102,1252,125616,,
CHUNGHWA TELECOM LT-SPON ADR,17133Q502,1249,29592,,
SHINHAN FINANCIAL GROUP-ADR,824596100,1249,40433,,
ENERGY TRANSFER LP,29273V100,1241,150881,,ET-PI
IRONNET INC,46323Q105,1241,295605,,
PERPETUA RESOURCES CORP,714266103,1238,260655,,PPTA
MARRONE BIO INNOVATIONS INC,57165B106,1234,1713414,,
TOWNSQUARE MEDIA INC - CL A,892231101,1233,92564,,
LARIMAR THERAPEUTICS INC,517125100,1228,113890,,
ARDAGH GROUP SA,L0223L101,1227,63896,,
ALAMOS GOLD INC-CLASS A,011532108,1225,159270,,
SALISBURY BANCORP INC,795226109,1224,23149,,
FINANCE OF AMERICA COS INC-A,31738L107,1223,308238,,
HIMAX TECHNOLOGIES INC-ADR,43289P106,1219,76267,,
QUAD GRAPHICS INC,747301109,1219,304913,,
RICHARDSON ELEC LTD,763165107,1219,90195,,
WESTERN ASSET MORTGAGE CAPIT,95790D105,1219,578184,,
BLUE APRON HOLDINGS INC-A,09523Q200,1217,180849,,
BBQ HOLDINGS INC,05551A109,1216,76628,,
AVEO PHARMACEUTICALS INC,053588307,1215,259065,,
EXELA TECHNOLOGIES INC,30162V409,1215,1385557,,
MAINSTREET BANCSHARES INC,56064Y100,1214,49394,,
CONFORMIS INC,20717E101,1211,1591704,,
GRIFOLS SA-ADR,398438408,1211,107846,,
ELIEM THERAPEUTICS INC,28658R106,1209,115672,,
MEDICINOVA INC,58468P206,1207,450666,,MNOV
INMUNE BIO INC,45782T105,1206,118270,,
GAIA INC,36269P104,1205,140669,,
WILLIAM PENN BANCORP,96927A105,1203,99628,,
ASSEMBLY BIOSCIENCES INC,045396108,1200,515364,,
NEUROPACE INC,641288105,1198,118856,,NPCE
APPLIED GENETIC TECHNOLOGIES,03820J100,1197,630006,,
NANO DIMENSION LTD - ADR,63008G203,1197,315122,,
ICICI BANK LTD-SPON ADR,45104G104,1193,60289,,
INTRICON CORP,46121H109,1186,73361,,
GT BIOPHARMA INC,36254L209,1183,387948,,
VALUE LINE INC,920437100,1183,25284,,VALU
ELLINGTON RESIDENTIAL MORTGA,288578107,1178,113445,,
KULR TECHNOLOGY GROUP INC,50125G109,1178,426919,,
ABSOLUTE SOFTWARE CORPORATIO,00386B109,1177,104699,,
POTBELLY CORP,73754Y100,1177,211105,,
STARTEK INC,85569C107,1177,225606,,
GREENIDGE GENERATION HOLDING,39531G100,1174,73191,,
ENJOY TECHNOLOGY INC,29335V106,1169,253217,,
INTEVAC INC,461148108,1162,246844,,
ACUMEN PHARMACEUTICALS INC,00509G209,1161,171879,,
STRATTEC SECURITY CORP,863111100,1159,31313,,STRT
GALECTIN THERAPEUTICS INC,363225202,1158,559728,,GALT
GENASYS INC,36872P103,1158,291187,,GNSS
FERGUSON PLC,G3421J106,1156,6447,,
CB FINANCIAL SERVICES INC,12479G101,1147,47611,,
SYNALLOY CORP,871565107,1147,69816,,
DIGITAL WORLD ACQUISITION-A,25400Q105,1145,22279,,
ACUTUS MEDICAL INC,005111109,1143,335385,,
INNODATA INC,457642205,1142,193030,,INOD
ZEDGE INC-CL B,98923T104,1138,133969,,
PRIORITY TECHNOLOGY HOLDINGS,74275G107,1135,160437,,
ROYAL DUTCH SHELL PLC,780259206,1130,26040,,
TALIS BIOMEDICAL CORP,87424L108,1129,281565,,
BANCO SANTANDER SA-SPON ADR,05964H105,1126,342461,,
PIONEER MERGER CORP -CLASS A,G7S24C103,1121,113612,,
MITSUBISHI UFJ FINL-SPON ADR,606822104,1120,205186,,
BRF SA-ADR,10552T107,1119,273694,,
FNCB BANCORP INC,302578109,1119,122849,,
SOLID POWER INC,83422N105,1117,127884,,
WESTWOOD HOLDINGS GROUP INC,961765104,1117,65946,,WHG
ENOCHIAN BIOSCIENCES INC,29350E104,1115,153085,,
FIRST SAVINGS FINANCIAL GRP,33621E109,1115,42237,,
FRANKLIN FINANCIAL SERVICES,353525108,1115,33798,,
BRAINSTORM CELL THERAPEUTICS,10501E201,1112,278101,,
ENZO BIOCHEM INC,294100102,1112,346485,,
WOORI FINANCIAL-SPON ADR,981064108,1112,34620,,
IMPEL NEUROPHARMA INC,45258K109,1111,128800,,
ZEVIA PBC-A,98955K104,1103,156574,,
WIPRO LTD-ADR,97651M109,1102,113002,,
CALIFORNIA BANCORP INC,13005U101,1101,54944,,
ONTRAK INC,683373104,1098,174704,,
AMTECH SYSTEMS INC,032332504,1097,111067,,ASYS
ESSA BANCORP INC,29667D104,1096,63250,,
ASURE SOFTWARE INC,04649U102,1095,139935,,ASUR
LIVEVOX HOLDINGS INC,53838L100,1095,212666,,
LAIRD SUPERFOOD INC,50736T102,1091,83697,,
KB FINANCIAL GROUP INC-ADR,48241A105,1090,23614,,
BM TECHNOLOGIES INC,05591L107,1089,118342,,
RALLYBIO CORP,75120L100,1087,114041,,RLYB
VALHI INC,918905209,1087,37836,,
BRIDGETOWN HOLDINGS LTD-CL A,G1355U113,1078,109819,,
ISOPLEXIS CORP,465005106,1078,117405,,
ADVANCED EMISSIONS SOLUTIONS,00770C101,1071,161896,,
FIRST CAPITAL INC,31942S104,1070,26805,,FCAP
TUESDAY MORNING CORP,89904V101,1069,469090,,
BGSF INC,05601C105,1068,74430,,
EAGLE BANCORP MONTANA INC,26942G100,1068,46508,,
ENI SPA-SPONSORED ADR,26874R108,1068,38641,,
FIRST FINANCIAL NORTHWEST,32022K102,1067,66002,,
DR. REDDY'S LABORATORIES-ADR,256135203,1063,16858,,
ORBITAL ENERGY GROUP INC,68559A109,1063,485434,,
FIRST MAJESTIC SILVER CORP,32076V103,1060,95378,,AG
SVF INVESTMENT CORP-CL A,G8601L102,1060,105626,,
SCYNEXIS INC,811292200,1054,172943,,SCYX
ACRES COMMERCIAL REALTY CORP,00489Q102,1050,84222,,ACR-PD
AMERICAN VIRTUAL CLOUD TECHN,030382105,1050,432339,,
FARMER BROS CO,307675108,1047,140593,,
FAT BRANDS INC-CL B,30258N600,1045,77586,,
GH RESEARCH PLC,G3855L106,1041,44633,,GHRS
ORIX  - SPONSORED ADR,686330101,1037,10197,,
IMMUNOME INC,45257U108,1036,79968,,IMNM
RANI THERAPEUTICS HOLDINGS-A,753018100,1033,63217,,
SCHWAB INTL EQUITY ETF,808524805,1033,26577,,
UNION BANKSHARES INC /VT,905400107,1032,35546,,
AUTOLUS THERAPEUTICS PLC,05280R100,1030,198485,,AUTL
INTEST CORP,461147100,1028,80880,,INTT
NICHOLAS FINANCIAL INC,65373J209,1027,87190,,
ACME UNITED CORP,004816104,1025,30430,,ACU
ZYNERBA PHARMACEUTICALS INC,98986X109,1023,355509,,
MAGIC SOFTWARE ENTERPRISES,559166103,1020,48749,,RMTHF
RENEO PHARMACEUTICALS INC,75974E103,1019,119241,,
KALTURA INC,483467106,1018,302345,,KLTR
HUT 8 MINING CORP,44812T102,1012,128896,,
NRX PHARMACEUTICALS INC,629444100,1010,211500,,
SURROZEN INC,86889P109,1009,156719,,
ACTINIUM PHARMACEUTICALS INC,00507W206,1004,167172,,
CENTERRA GOLD INC,152006102,1002,115138,,CGAU
ORION GROUP HOLDINGS INC,68628V308,1001,265703,,ORN
GRAHAM CORP,384556106,999,80361,,GHM
SUPERIOR INDUSTRIES INTL,868168105,996,222530,,
PLUMAS BANCORP,729273102,995,29460,,PLBC
GENIE ENERGY LTD-B,372284208,993,178450,,
GOLD RESOURCE CORP,38068T105,992,636482,,
SONIDA SENIOR LIVING INC,140475203,991,34815,,
WPP PLC-SPONSORED ADR,92937A102,990,13109,,
AQUESTIVE THERAPEUTICS INC,03843E104,989,254296,,
APTINYX INC,03836N103,988,370094,,
SB FINANCIAL GROUP INC,78408D105,987,50735,,
KALA PHARMACEUTICALS INC,483119103,985,814734,,
STERLING BANCORP INC/MI,85917W102,980,170445,,
ZIVO BIOSCIENCE INC,98978N200,980,341680,,
SAGA COMMUNICATIONS INC-CL A,786598300,979,40804,,
AURORA CANNABIS INC,05156X884,977,180683,,ACB
ARC DOCUMENT SOLUTIONS INC,00191G103,974,278303,,
CYCLERION THERAPEUTICS INC,23255M105,973,565835,,
ALKALINE WATER CO INC/THE,01643A207,970,822665,,
ULTRALIFE CORP,903899102,969,160453,,ULBI
DARE BIOSCIENCE INC,23666P101,965,482618,,
WESTPAC BANKING CORP,961214301,965,62564,,WBKCY
RESONANT INC,76118L102,961,562461,,
WRAP TECHNOLOGIES INC,98212N107,956,243306,,
REDWIRE CORP,75776W103,954,141398,,RDW
VOYAGER THERAPEUTICS INC,92915B106,953,351964,,
AIRGAIN INC,00938A104,952,89601,,AIRG
SWK HOLDINGS CORP,78501P203,952,48527,,SWKHL
REPRO MEDSYSTEMS INC,759910102,948,316324,,
BEYONDSPRING INC,G10830100,946,208883,,BYSI
DYADIC INTERNATIONAL INC,26745T101,946,209427,,DYAI
LULU'S FASHION LOUNGE HOLDIN,55003A108,945,92417,,
NORTHERN TECHNOLOGIES INTL,665809109,943,61636,,
DLH HOLDINGS CORP,23335Q100,940,45396,,DLHC
NATURAL GAS SERVICES GROUP,63886Q109,939,89765,,
ORION ENERGY SYSTEMS INC,686275108,939,259635,,
OTONOMY INC,68906L105,939,451702,,
REGIS CORP,758932107,935,537913,,RGS
COLONY BANKCORP,19623P101,931,54546,,
LIQTECH INTERNATIONAL INC,53632A201,928,162376,,LIQT
BACKBLAZE INC-A,05637B105,924,54749,,
ANHEUSER-BUSCH INBEV-SPN ADR,03524A108,921,15212,,
JASPER THERAPEUTICS INC,471871103,918,117050,,
CASI PHARMACEUTICALS INC,14757U109,912,1141064,,
TRANSALTA CORP,89346D107,912,82192,,TRNTF
UNITED SECURITY BANCSHARE/CA,911460103,906,111584,,
NEXIMMUNE INC,65344D109,903,195961,,
FIRST UNITED CORP,33741H107,902,47813,,
WAYSIDE TECHNOLOGY GROUP INC,946760105,884,25240,,
NEW YORK CITY REIT INC-A,649439205,882,83146,,
AMERICAN RESOURCES CORP,02927U208,881,489833,,AREC
XENON PHARMACEUTICALS INC,98420N105,880,28198,,XENE
E.MERGE TECHNOLOGY ACQUISI-A,26873Y104,878,89234,,
HOOKIPA PHARMA INC,43906K100,877,376476,,
MEDALLION FINANCIAL CORP,583928106,877,151228,,MBNKO
AMPLIFY ENERGY CORP,03212B103,875,281460,,AMPY
REMARK HOLDINGS INC,75955K102,869,876783,,
FONAR CORP,344437405,867,57922,,
ATAI LIFE SCIENCES NV,N0731H103,861,112904,,
POSCO- SPON ADR,693483109,861,14786,,
CORBUS PHARMACEUTICALS HOLDI,21833P103,858,1393897,,
NEXTCURE INC,65343E108,858,143008,,
PALATIN TECHNOLOGIES INC,696077403,853,1667767,,PTN
BIODESIX INC,09075X108,851,160940,,BDSX
ENERGOUS CORP,29272C103,851,680829,,WATT
AGILETHOUGHT INC,00857F100,849,180010,,
VOLITIONRX LTD,928661107,846,269487,,VNRX
MANITEX INTERNATIONAL INC,563420108,845,132889,,
RAFAEL HOLDINGS INC-CLASS B,75062E106,841,165059,,
SRAX INC,78472M106,841,187312,,
TWIN DISC INC,901476101,838,76482,,TWIN
CELLEBRITE DI LTD,M2197Q107,835,104128,,CLBT
ABB LTD-SPON ADR,000375204,832,21798,,
NOKIA CORP-SPON ADR,654902204,832,133840,,
TELA BIO INC,872381108,831,64923,,
LLOYDS BANKING GROUP PLC-ADR,539439109,829,325440,,
UNITED BANCORP INC/OHIO,909911109,827,49694,,
OAK VALLEY BANCORP,671807105,823,47345,,OVLY
RILEY EXPLORATION PERMIAN IN,76665T102,823,42607,,
PERFORMANT FINANCIAL CORP,71377E105,822,341142,,
GEOSPACE TECHNOLOGIES CORP,37364X109,820,122045,,GEOS
JINKOSOLAR HOLDING CO-ADR,47759T100,820,17856,,
LIPOCINE INC,53630X104,817,824434,,LPCN
MANNING & NAPIER INC,56382Q102,817,98333,,
TRANSCONTINENTAL REALTY INV,893617209,816,20885,,
CONTRAFECT CORP,212326300,813,309320,,
ENERPLUS CORP,292766102,811,76995,,
CONCERT PHARMACEUTICALS INC,206022105,810,257143,,
GRANITE REAL ESTATE INVESTME,387437114,809,9714,,
KALEIDO BIOSCIENCES INC,483347100,808,338420,,
HEAT BIOLOGICS INC,42237K409,806,265436,,
LG DISPLAY CO LTD-ADR,50186V102,805,79730,,
THORNBURG INCOME BUILDER OPP,885213108,805,43146,,
LUCIRA HEALTH INC,54948U105,804,93436,,
AIRSPAN NETWORKS HOLDINGS IN,00951K104,801,211556,,
NEXPOINT REAL ESTATE FINANCE,65342V101,801,41656,,
LM FUNDING AMERICA INC,502074404,798,164354,,
SYNLOGIC INC,87166L100,796,328986,,
ASTRONOVA INC,04638F108,793,58783,,
EFFECTOR THERAPEUTICS INC,28202V108,793,95801,,
PRO-DEX INC,74265M205,793,33229,,
ISHARES BIOTECHNOLOGY ETF,464287556,792,5190,,
KIORA PHARMACEUTICALS INC,49721T101,791,523954,,KPHMW
WAITR HOLDINGS INC,930752100,789,1066247,,
180 LIFE SCIENCES CORP,68236V104,787,201944,,
HASHICORP INC-CL A,418100103,785,8630,,
ALCON INC,H01301128,784,9006,,ALC
NEW MOUNTAIN FINANCE CORP,647551100,784,57266,,NMFCZ
PRETIUM RESOURCES INC,74139C102,784,55669,,
ANIXA BIOSCIENCES INC,03528H109,783,263951,,ANIX
ADAMIS PHARMACEUTICALS CORP,00547W208,782,1293316,,
LITHIUM AMERICAS CORP,53680Q207,782,26890,,LAC
T2 BIOSYSTEMS INC,89853L104,782,1516085,,
HOME POINT CAPITAL INC,43734L106,780,173440,,
URBAN ONE INC,91705J204,772,227831,,
MICT INC,55328R109,770,927811,,
PCTEL INC,69325Q105,770,135903,,
HONDA MOTOR CO LTD-SPONS ADR,438128308,767,26971,,
IMEDIA BRANDS INC,452465206,767,127916,,
DECARBONIZATION PLUS ACQU II,242794105,765,76735,,
B RILEY PRINCIPAL 150 MERG-A,05601V103,761,75204,,
PROPHASE LABS INC,74345W108,758,105857,,
SOUND FINANCIAL BANCORP INC,83607A100,756,17202,,
URBAN-GRO INC,91704K202,756,72142,,
ATLAS CORP,Y0436Q109,755,53288,,
ETON PHARMACEUTICALS INC,29772L108,754,175853,,
BEASLEY BROADCAST GRP INC -A,074014101,752,398028,,
ASSERTIO HOLDINGS INC,04546C205,750,344331,,
HEPION PHARMACEUTICALS INC,426897104,750,658110,,
GENCOR INDUSTRIES INC,368678108,749,65042,,GENC
SANARA MEDTECH INC,79957L100,747,24583,,SMTI
CULP INC,230215105,745,78365,,CULP
OHIO VALLEY BANC CORP,677719106,742,25546,,OVBC
LIGHTPATH TECHNOLOGIES INC-A,532257805,741,303772,,
SELLAS LIFE SCIENCES GROUP I,81642T209,739,133801,,
EXTERRAN CORP,30227H106,736,247045,,
TAKEDA PHARMACEUTIC-SP ADR,874060205,732,53740,,
PHASEBIO PHARMACEUTICALS INC,717224109,731,280403,,
F-STAR THERAPEUTICS INC,30315R107,730,145431,,
SUNOPTA INC,8676EP108,729,104961,,
IBEX LTD,G4690M101,727,56418,,IBEX
MILESTONE SCIENTIFIC INC,59935P209,727,353295,,MLSS
SUMITOMO MITSUI-SPONS ADR,86562M209,727,107133,,
SUNWORKS INC,86803X204,726,236762,,
AMARIN CORP PLC -ADR,023111206,722,214385,,
AVALON ACQUISITION INC-A,05338E101,722,73168,,
SEACHANGE INTERNATIONAL INC,811699107,722,451694,,
ANNOVIS BIO,03615A108,719,40945,,
LIFEVANTAGE CORP,53222K205,719,113884,,LFVN
VERMILION ENERGY INC,923725105,719,57215,,VET
ITURAN LOCATION AND CONTROL,M6158M104,717,26908,,
SOLUNA HOLDINGS INC,583543103,715,66473,,
DIGITAL MEDIA SOLUTIONS-A,25401G106,714,149559,,
LIFEMD INC,53216B104,713,184307,,
INTELLICHECK INC,45817G201,711,153945,,
NANO-X IMAGING LTD,M70700105,709,48817,,NNOX
SURGALIGN HOLDINGS INC,86882C105,708,988756,,
AQUA METALS INC,03837J101,707,575498,,
TRANSACT TECHNOLOGIES INC,892918103,704,64676,,TACT
VERB TECHNOLOGY CO INC,92337U104,703,567013,,
NL INDUSTRIES,629156407,702,94929,,
MPLX LP,55336V100,701,23695,,MPLXP
QUEST RESOURCE HOLDING CORP,74836W203,688,99144,,QRHC
CORVUS PHARMACEUTICALS INC,221015100,686,284874,,
ELECTROMED INC,285409108,685,52715,,
NEUBASE THERAPEUTICS INC,64132K102,685,243984,,
IMMATICS NV,N44445109,684,50906,,
TENARIS SA-ADR,88031M109,681,32661,,
AEROCENTURY CORP,007737109,680,11391,,
EMAGIN CORPORATION,29076N206,680,527451,,
READING INTERNATIONAL INC-A,755408101,674,166990,,
GEE GROUP INC,36165A102,673,1182053,,JOB
BANCO BILBAO VIZCAYA-SP ADR,05946K101,672,114516,,
RUSH ENTERPRISES INC - CL B,781846308,671,12434,,
SERVICESOURCE INTERNATIONAL,81763U100,671,678071,,
VANGUARD S&P 500 ETF,922908363,671,1537,,
CHARLES & COLVARD LTD,159765106,670,231989,,
QUANTUM COMPUTING INC,74766W108,669,196196,,QUBT
SUMMIT THERAPEUTICS INC,86627T108,669,248821,,SMMT
MARCHEX INC-CLASS B,56624R108,668,269674,,
AKA BRANDS HOLDING CORP,00152K101,666,72002,,
ACHIEVE LIFE SCIENCES INC,004468500,665,85554,,
PAGSEGURO DIGITAL LTD-CL A,G68707101,662,25264,,
SEVEN HILLS REALTY TRUST,81784E101,661,63712,,SEVN
COMSTOCK HOLDING COMPANIES,205684202,659,135377,,
HILL INTERNATIONAL INC,431466101,659,338381,,
PANGAEA LOGISTICS SOLUTIONS,G6891L105,659,174362,,PANL
REE AUTOMOTIVE LTD - CLASS A,M8287R103,657,118453,,
SENSUS HEALTHCARE INC,81728J109,656,90964,,
IZEA WORLDWIDE INC,46604H105,655,488808,,
ACCRETION ACQUISITION CORP,00438Y107,653,66962,,
ANGION BIOMEDICA CORP,03476J107,651,224653,,
MERUS NV,N5749R100,651,20484,,
CALUMET SPECIALTY PRODUCTS,131476103,650,49250,,
ISSUER DIRECT CORP,46520M204,650,22095,,
EYENOVIA INC,30234E104,648,162160,,
HALLMARK FINL SERVICES INC,40624Q203,647,148861,,
BROOKFIELD INFRASTRUCTURE PA,G16252101,646,10636,,
SIGILON THERAPEUTICS INC,82657L107,646,234153,,
USIO INC,917313108,645,148162,,
PARK CITY GROUP INC,700215304,644,110819,,
CRAWFORD & CO  -CL B,224633107,641,85591,,
MAGELLAN MIDSTREAM PARTNERS,559080106,636,13701,,
NORTHEAST COMMUNITY BANCORP,664121100,636,57205,,
SPRUCE BIOSCIENCES INC,85209E109,635,142469,,
PROVIDENT FINANCIAL HLDGS,743868101,633,38253,,
PDL CMNTY BANCORP,69290X101,632,43148,,
GSI TECHNOLOGY INC,36241U106,631,136341,,GSIT
BURGERFI INTERNATIONAL INC,12122L101,630,111257,,
JAKKS PACIFIC INC,47012E403,628,61867,,JAKK
DIAMEDICA THERAPEUTICS INC,25253X207,625,167763,,DMAC
NANTHEALTH INC,630104107,625,592573,,
HEALTH ASSURANCE ACQUISIT-A,42226W109,624,63913,,
UNIVERSAL STAINLESS & ALLOY,913837100,624,79162,,
RANDOLPH BANCORP INC,752378109,622,26077,,
J. JILL INC,46620W201,617,32193,,
OCEAN POWER TECHNOLOGIES INC,674870506,616,416686,,
BURNING ROCK BIOTECH LTD-ADR,12233L107,612,64229,,
GLOBAL SELF STORAGE INC,37955N106,612,107664,,
KONINKLIJKE PHILIPS NVR- NY,500472303,611,16585,,
GUILD HOLDINGS CO - CLASS A,40172N107,608,43341,,
CANADA GOOSE HOLDINGS INC,135086106,607,16384,,GOOS
LIMBACH HOLDINGS INC,53263P105,605,67258,,
BANCOLOMBIA S.A.-SPONS ADR,05968L102,602,19077,,
CAPRICOR THERAPEUTICS INC,14070B309,602,205572,,
ALGOMA STEEL GROUP INC,015658107,601,55671,,ASTLW
BICYCLE THERAPEUTICS PLC-ADR,088786108,601,9880,,
RECRO PHARMA INC,75629F109,601,351786,,
EQRX INC,26886C107,600,88062,,
IRON SPARK I INC-A,46301G103,600,60509,,
IRIDEX CORP,462684101,599,98199,,IRIX
MAXEON SOLAR TECHNOLOGIE,Y58473102,599,43138,,
AUDIOCODES LTD,M15342104,598,17230,,AUDC
TRAVELZOO,89421Q205,598,63487,,TZOO
ATLANTIC COASTAL ACQUISITI-A,048453104,597,61195,,
INPIXON,45790J800,595,991677,,
KAROOOOO LTD,Y4600W108,592,14527,,KARO
MAUI LAND & PINEAPPLE CO,577345101,592,59489,,
PREDICTIVE ONCOLOGY INC,74039M200,588,618358,,
CPI CARD GROUP INC,12634H200,587,31666,,PMTS
MATERIALISE NV-ADR,57667T100,587,24616,,
ELDORADO GOLD CORP,284902509,586,62511,,
BOXLIGHT CORP - CLASS A,103197109,584,423313,,
ALPHA PRO TECH LTD,020772109,583,97762,,APT
PHX MINERALS INC,69291A100,582,268441,,
BROADWAY FINANCIAL CORP/DE,111444105,581,251645,,
CVENT HOLDING CORP,126677103,581,71172,,
FLOTEK INDUSTRIES INC,343389102,580,513708,,
EQUILLIUM INC,29446K106,578,154185,,
NOMAD FOODS LTD,G6564A105,578,22793,,NOMD
DIXIE GROUP INC,255519100,577,100743,,DXYN
CANAAN INC,134748102,576,111943,,CAN
IDEAL POWER INC,451622203,576,47803,,IPWR
NEXGEN ENERGY LTD,65340P106,574,131076,,NXE
FFBW INC,30260M103,570,48628,,
ORGENESIS INC,68619K204,567,196952,,
INTRUSION INC,46121E205,565,164442,,INTZ
LANNETT CO INC,516012101,565,349097,,
BIOSIG TECHNOLOGIES INC,09073N201,564,253235,,
KOSS CORP,500692108,564,52846,,KOSS
VIRTRA INC,92827K301,564,80712,,
FERROGLOBE PLC,G33856108,562,90623,,GSM
GROM SOCIAL ENTERPRISES INC,39878L308,560,311423,,
OPTINOSE INC,68404V100,560,346202,,
TATA MOTORS LTD-SPON ADR,876568502,560,17477,,
ELEDON PHARMACEUTICALS INC,28617K101,558,126710,,
ELOXX PHARMACEUTICALS INC,29014R103,558,798058,,
HENNESSY CAPITAL INVESTMEN-A,42589T107,558,57321,,
SCION TECH GROWTH I-CLASS A,G31067104,558,57249,,
SIO GENE THERAPIES INC,829399104,556,431208,,
OXBRIDGE RE HOLDINGS LTD,G6856M106,555,98882,,OXBRW
NOVAN INC,66988N205,554,132899,,
RF INDUSTRIES LTD,749552105,552,69052,,
ACELRX PHARMACEUTICALS INC,00444T100,549,980612,,
ONE STOP SYSTEMS INC,68247W109,549,110963,,
HIVE BLOCKCHAIN TECHNOLOGIES,43366H100,548,207813,,
SOCIETY PASS INC,83370P102,548,52685,,
VIRGINIA NATIONAL BANKSHARES,928031103,548,14832,,
CITIZENS HOLDING COMPANY,174715102,547,29180,,
FORTE BIOSCIENCES INC,34962G109,546,255471,,
HALLADOR ENERGY CO,40609P105,546,221960,,HNRG
LANDOS BIOPHARMA INC,515069102,546,113924,,
ADAMS RESOURCES & ENERGY INC,006351308,539,19385,,
CITIZENS COMMUNITY BANCORP I,174903104,539,39214,,
OSISKO GOLD ROYALTIES LTD,68827L101,539,44050,,
BAOZUN INC-SPN ADR,06684L103,538,38761,,
LOANDEPOT INC -CLASS A,53946R106,538,112239,,
GORES HOLDINGS VIII INC-CL A,382863108,537,52712,,
SUPER LEAGUE GAMING INC,86804F202,536,227216,,
SEACOR MARINE HOLDINGS INC,78413P101,535,157571,,SMHI
PROTARA THERAPEUTIC INC,74365U107,533,79017,,
WEAVE COMMUNICATIONS INC,94724R108,533,35162,,
VISLINK TECHNOLOGIES INC,92836Y300,531,450819,,
EROS STX GLOBAL CORPORATION,G3788M114,530,2213005,,
MARKER THERAPEUTICS INC,57055L107,528,555702,,
ENVVENO MEDICAL CORP,29415J106,527,80045,,NVNO
DIGITAL ALLY INC,25382P208,525,490900,,
GLYCOMIMETICS INC,38000Q102,525,365106,,
MIZUHO FINANCIAL GROUP-ADR,60687Y109,523,205111,,
DOLPHIN ENTERTAINMENT INC,25686H209,522,61273,,
VANGUARD S&P 500 GROWTH ETF,921932505,521,1728,,
COCRYSTAL PHARMA INC,19188J300,520,800602,,
FIFTH WALL ACQUISITION COR-A,G34142102,520,52330,,
FRIEDMAN INDUSTRIES,358435105,520,55501,,
SPDR GOLD SHARES,78463V107,519,3037,,
EQUINOX GOLD CORP,29446Y502,517,76510,,EQX
FUEL TECH INC,359523107,517,369292,,
BIOLASE INC,090911207,516,1323471,,
POLYMET MINING CORP,731916409,516,206490,,
STREAMLINE HEALTH SOLUTIONS,86323X106,512,348907,,
DRAGONEER GROWTH OPP III-A,G28315102,511,52306,,
EVOFEM BIOSCIENCES INC,30048L104,511,1362128,,
CLEVER LEAVES HOLDINGS INC,186760104,510,164807,,
MAMMOTH ENERGY SERVICES INC,56155L108,510,280404,,
GREENSKY INC-CLASS A,39572G100,509,44821,,
ELEVATE CREDIT INC,28621V101,507,170876,,
PAYSIGN INC,70451A104,507,317065,,
PENN REAL ESTATE INVEST TST,709102107,506,497057,,
UNITY BIOTECHNOLOGY INC,91381U101,505,346032,,
GORES GUGGENHEIM INC -CL A,38286Q107,504,43100,,
SIERRA WIRELESS INC,826516106,502,28513,,
BROADSCALE ACQUISITION -CL A,11134Y101,501,50414,,
EDUCATIONAL DEVELOPMENT CORP,281479105,499,56020,,EDUC
NIU TECHNOLOGIES-SPONS ADR,65481N100,498,30974,,
NOMURA HOLDINGS INC-SPON ADR,65535H208,498,115122,,
SMART SAND INC,83191H107,498,279863,,
BETTERWARE DE MEXICO SAB DE,P1666E105,494,23570,,
SENIOR CONNECT ACQUISITION-A,81723H108,494,50774,,
BIGLARI HOLDINGS INC-A,08986R408,493,710,,
COMSTOCK MINING INC,205750300,493,382300,,
NEMAURA MEDICAL INC,640442208,493,108203,,
VILLAGE BANK AND TRUST FINAN,92705T200,493,8726,,
WESTWATER RESOURCES INC,961684206,493,229510,,
IRIS ENERGY LTD,Q4982L109,492,30475,,
LIMESTONE BANCORP INC,53262L105,492,26432,,
ALERISLIFE INC,33832D205,491,166658,,
GENPREX INC,372446104,491,375205,,
PORTAGE BIOTECH INC,G7185A128,491,45825,,
TURQUOISE HILL RESOURCES LTD,900435207,491,29866,,
GREENE COUNTY BANCORP INC,394357107,489,13311,,GCBC
INDAPTUS THERAPEUTICS INC,45339J105,489,85914,,
SINGULARITY FUTURE TECHNOLOG,82935V208,489,102634,,
AILERON THERAPEUTICS INC,00887A105,485,862002,,
CIDARA THERAPEUTICS INC,171757107,484,381618,,
LIBERTY MEDIA ACQUISITION -A,53073L104,483,47071,,
BATTALION OIL CORP,07134L107,482,49277,,BATL
NATWEST GROUP PLC -SPON ADR,639057108,482,78989,,
APTORUM GROUP LTD-CLASS A,G6096M106,480,320372,,
U.S. GLOBAL INVESTORS INC-A,902952100,480,109161,,
CF ACQUISITION CORP V,12520R106,479,49366,,
VYNE THERAPEUTICS INC,92941V209,479,470441,,
ARCELORMITTAL-NY REGISTERED,03938L203,477,15013,,
CARVER BANCORP INC,146875604,477,55862,,CARV
ODONATE THERAPEUTICS INC,676079106,476,352814,,
LENSAR INC,52634L108,475,79741,,
LUMENT FINANCE TRUST INC,55025L108,475,123847,,
ENSYSCE BIOSCIENCES INC,293602108,474,100921,,
SATSUMA PHARMACEUTICALS INC,80405P107,474,105486,,
BIOCEPT INC,09072V501,473,130727,,
MAG SILVER CORP,55903Q104,473,30196,,
PATRIA INVESTMENTS LTD-A,G69451105,473,29248,,
UNITED BANCSHARES INC/OHIO,909458101,473,15511,,
IAMGOLD CORP,450913108,472,151858,,IAG
LIVE VENTURES INC,538142308,472,14973,,LIVE
CORE MOLDING TECHNOLOGIES IN,218683100,469,55200,,
BOWMAN CONSULTING GROUP LTD,103002101,468,22046,,BWMN
FREIGHTCAR AMERICA INC,357023100,468,126925,,
OLD POINT FINANCIAL CORP,680194107,467,20532,,
CARECLOUD INC,14167R100,466,73736,,
HUDSON GLOBAL INC,443787205,465,16157,,
INNOVATIVE SOLUTIONS & SUPP,45769N105,465,70974,,
SONNET BIOTHERAPEUTICS HOLDI,83548R105,465,1126509,,
CABALETTA BIO INC,12674W109,464,122606,,
HOLLYSYS AUTOMATION TECHNOLO,G45667105,464,32959,,
RCM TECHNOLOGIES INC,749360400,464,65204,,
LUX HEALTH TECH ACQUIS-CL A,55068A100,463,47276,,
ASPEN GROUP INC,04530L203,462,196023,,
RED CAT HOLDINGS INC,75644T100,461,221732,,
US GOLD CORP,90291C201,461,51524,,
MARIN SOFTWARE INC,56804T205,460,124149,,
TYME TECHNOLOGIES INC,90238J103,460,763831,,
QUICKLOGIC CORP,74837P405,458,89650,,QUIK
BELLUS HEALTH INC,07987C204,457,56818,,
FORUM ENERGY TECHNOLOGIES IN,34984V209,457,28521,,
MOLECULIN BIOTECH INC,60855D200,456,245612,,
CANDEL THERAPEUTICS INC,137404109,455,58285,,
DELCATH SYSTEMS INC,24661P807,455,58722,,
LANTERN PHARMA INC,51654W101,455,57043,,LTRN
ESPORTS ENTERTAINMENT GROUP,29667K306,453,129289,,
BALLANTYNE STRONG INC,058516105,452,156629,,
REPARE THERAPEUTICS INC,760273102,451,21402,,
KHOSLA VENTURES ACQUISITION,482504107,449,46331,,
AMERISERV FINANCIAL INC,03074A102,448,116261,,
PERION NETWORK LTD,M78673114,446,18565,,PERI
ASE TECHNOLOGY HOLDING -ADR,00215W100,445,57095,,
BURGUNDY TECHNOLOGY ACQUIS-A,G1702T116,445,44482,,
NATURAL ALTERNATIVES INTL,638842302,444,35195,,
S&W SEED CO,785135104,443,162481,,
REDBOX ENTERTAINMENT INC,75724T103,440,59452,,
AUBURN NATL BANCORPORATION,050473107,437,13789,,
CELESTICA INC,15101Q108,437,39225,,CLS
HUDBAY MINERALS INC,443628102,437,60374,,HBM
AMPCO-PITTSBURGH CORP,032037103,435,87010,,
EDESA BIOTECH INC,27966L108,434,77249,,
ISORAY INC,46489V104,433,1119070,,
SMITH & NEPHEW PLC -SPON ADR,83175M205,433,12521,,
CONX CORP-CLASS A SHARES,212873103,431,43934,,
AIKIDO PHARMA INC,008875106,430,732780,,
APREA THERAPEUTICS INC,03836J102,430,150143,,
DORCHESTER MINERALS LP,25820R105,429,21696,,
GRUPO AEROPORTUARIO PAC-ADR,400506101,429,3126,,
ORPHAZYME A/S - ADR,687305102,426,177074,,
CORNER GROWTH ACQUISITION-A,G2425N105,425,43389,,
CORENERGY INFRASTRUCTURE TRU,21870U502,424,135469,,
ZOSANO PHARMA CORP,98979H202,423,900316,,
SERA PROGNOSTICS INC-A,81749D107,420,61231,,
VEDANTA LIMITED,92242Y100,420,25451,,
FIRST GUARANTY BANCSHARES IN,32043P106,419,20600,,
RELIANCE GLOBAL GROUP INC,75946W207,419,65181,,
COMPOSECURE INC,20459V105,417,50906,,
NATURAL HEALTH TRENDS CORP,63888P406,416,61585,,NHTC
DATA STORAGE CORP,23786R201,415,135800,,DTST
GREAT ELM GROUP INC,39037G109,415,199017,,
JAMES HARDIE IND PLC-SP ADR,47030M106,415,10219,,
ONCONOVA THERAPEUTICS INC,68232V801,415,162969,,
WILLIAMS INDUSTRIAL SERVICES,96951A104,414,138677,,
AFYA LTD-CLASS A,G01125106,410,26135,,
AGROFRESH SOLUTIONS INC,00856G109,410,206123,,
CELSION CORP,15117N503,408,756885,,
MASTECH DIGITAL INC,57633B100,408,23936,,
NEONODE INC,64051M709,407,46025,,NEON
UP FINTECH HOLDING LTD - ADR,91531W106,407,83002,,
X4 PHARMACEUTICALS INC,98420X103,407,178060,,
ELECTRAMECCANICA VEHICLES CO,284849205,406,178356,,
PRECIPIO INC,74019L503,406,257126,,
SYNAPTOGENIX INC,87167T201,406,47719,,
TOUGHBUILT INDUSTRIES INC,89157G504,405,1111400,,
IG ACQUISITION CORP-CLASS A,449534106,404,41208,,
NANOVIRICIDES INC,630087302,403,108500,,
UNITED MICROELECTRON-SP ADR,910873405,399,34111,,
TRACON PHARMACEUTICALS INC,89237H209,398,143912,,
OATLY GROUP AB,67421J108,397,49894,,OTLY
LIGHTBRIDGE CORP,53224K302,394,59575,,LTBR
LMP AUTOMOTIVE HOLDINGS INC,53952P101,394,56445,,
PRIMEENERGY RESOURCES CORP,74158E104,394,5719,,PNRG
DENISON MINES CORP,248356107,393,286037,,DNN
GULF ISLAND FABRICATION INC,402307102,393,98199,,
SOHU.COM LTD-ADR,83410S108,393,24154,,
BITNILE HOLDINGS INC,09175M101,392,329502,,
TUSCAN HOLDINGS CORP II,90070A103,392,38468,,
AMERICAN REALTY INVESTORS IN,029174109,390,30877,,
INNOVIZ TECHNOLOGIES LTD,M5R635108,389,61501,,INVZ
SPROTT INC,852066208,389,8629,,SII
CALITHERA BIOSCIENCES INC,13089P101,383,576585,,
JAGUAR HEALTH INC,47010C607,383,368961,,
MINERVA NEUROSCIENCES INC,603380106,383,479049,,
NEWTEK BUSINESS SERVICES COR,652526203,383,13878,,
VAXXINITY INC-A,92244V104,382,68096,,
CHAMPIONS ONCOLOGY INC,15870P307,381,47638,,
JOFF FINTECH ACQ CORP-A,46592C100,380,38976,,
TCV ACQUISITION CORP-A,G8704C124,380,38580,,
INUVO INC,46122W204,379,715464,,
NEXTPLAY TECHNOLOGIES INC,65344G102,379,443463,,
HMN FINANCIAL INC,40424G108,378,15522,,
MERRIMACK PHARMACEUTICALS IN,590328209,378,96692,,
MICROBOT MEDICAL INC,59503A204,378,50504,,MBOT
FORTUNA SILVER MINES INC,349915108,376,96469,,
ARMSTRONG FLOORING INC,04238R106,375,189749,,
CROWN ELECTROKINETICS CORP,228339206,375,94078,,
ISHARES CORE DIVIDEND GROWTH,46434V621,374,6724,,
AVINGER INC,053734604,373,830188,,
DYNAMICS SPECIAL PURPOSE C-A,268010105,371,37667,,
PEPPERLIME HEALTH ACQ - A,G70021103,371,37933,,
RESHAPE LIFESCIENCES INC,76090R101,370,225696,,
BITFARMS LTD/CANADA,09173B107,369,73196,,
CF ACQUISITION CORP IV-CL A,12520T102,369,37725,,
GRUPO AEROPORTUARIO SUR-ADR,40051E202,369,1791,,
SEABRIDGE GOLD INC,811916105,368,22302,,SA
SONO GROUP NV,N81409109,367,38128,,
TEAM INC,878155100,367,337343,,TISI
CAPSTONE GREEN ENERGY CORP,14067D508,366,110433,,
DAWSON GEOPHYSICAL CO,239360100,366,158380,,DWSN
SALEM MEDIA GROUP INC,794093104,365,119447,,
AUDIOEYE INC,050734201,364,51983,,AEYE
CIA SANEAMENTO BASICO DE-ADR,20441A102,363,49536,,
POLARITYTE INC,731094108,363,618507,,
SILVERCREST METALS INC,828363101,363,45994,,
SK TELECOM CO LTD-SPON ADR,78440P306,363,13631,,
CELULARITY INC,151190105,361,70511,,CELU
CBDMD INC,12482W101,359,332826,,
FLUX POWER HOLDINGS INC,344057302,359,83736,,
PEAR THERAPEUTICS INC,704723105,359,58053,,
ELECTROCORE INC,28531P103,357,613416,,
SCPHARMACEUTICALS INC,810648105,357,71209,,
OLINK HOLDING AB - ADR,680710100,356,19562,,
TESSCO TECHNOLOGIES INC,872386107,356,57519,,
CLEARSIGN TECHNOLOGIES CORP,185064102,355,257910,,CLIR
DOUYU INTERNATIONAL HOLD-ADR,25985W105,354,134361,,
LANDMARK BANCORP INC,51504L107,354,12422,,LARK
ISHARES CORE S&P SMALL-CAP E,464287804,353,3079,,
OPGEN INC,68373L307,353,353208,,
SVF INVESTMENT CORP 3-CLS A,G8601N108,353,35356,,
ASTRIA THERAPEUTICS INC,04635X102,350,65014,,
ADIAL PHARMACEUTICALS INC,00688A106,349,129327,,
BROOGE ENERGY LTD,G1611B107,348,37918,,
AYTU BIOPHARMA INC,054754874,347,257433,,
CHARAH SOLUTIONS INC,15957P105,345,73083,,
VTV THERAPEUTICS INC- CL A,918385105,345,347630,,
GALERA THERAPEUTICS INC,36338D108,344,75143,,
AIM IMMUNOTECH INC,00901B105,343,372953,,AIM
AGILE THERAPEUTICS INC,00847L100,342,701751,,
AUGMEDIX INC,05105P107,342,108654,,
NETSOL TECHNOLOGIES INC,64115A402,341,86760,,NTWK
WEJO GROUP LTD,G9525W109,341,49881,,
AIR T INC,009207101,339,13498,,AIRTP
OCUPHIRE PHARMA INC,67577R102,339,91068,,
WIRELESS TELECOM GROUP INC,976524108,339,154473,,
KOREA ELEC POWER CORP-SP ADR,500631106,338,37080,,
AEGON N.V.-NY REG SHR,007924103,337,68419,,
GALAPAGOS NV-SPON ADR,36315X101,336,6112,,
ISUN INC,465246106,336,56451,,
TORM PLC-A,G89479102,336,42268,,
BIT DIGITAL INC,G1144A105,335,55160,,
GREENPRO CAPITAL CORP,39540F101,334,539850,,GRNQ
FTAC HERA ACQUISITION CORP-A,G3728Y103,332,34052,,
GOOD TIMES RESTAURANTS INC,382140879,332,76539,,GTIM
ERO COPPER CORP,296006109,331,21743,,ERO
HUMANCO ACQUISITION COR-CL A,44487N109,330,33766,,
ARCO PLATFORM LTD - CLASS A,G04553106,329,15764,,
AYRO INC,054748108,329,204791,,
LONGEVERON INC,54303L104,329,27289,,LGVN
OPPFI INC,68386H103,329,72567,,OPFI
VOLT INFO SCIENCES INC,928703107,329,113215,,
BRAZE INC-A,10576N102,328,4257,,
FREQUENCY ELECTRONICS INC,358010106,328,33303,,FEIM
AVADEL PHARMACEUTICALS-ADR,05337M104,327,40528,,
ORAGENICS INC,684023302,326,731304,,OGEN
AMRYT PHARMA PLC - SPNR ADR,03217L106,325,30128,,
INVESCO DWA SMALLCAP MOMENT,46138E842,324,3600,,
RESEARCH FRONTIERS INC,760911107,324,188702,,REFR
SANDSTORM GOLD LTD,80013R206,324,52264,,
KEY TRONIC CORP,493144109,323,52089,,KTCC
STEEL CONNECT INC,858098106,323,232624,,
ZANITE ACQUISITION CORP-CL A,98907K103,323,31749,,
BUZZFEED INC,12430A102,322,60546,,
DECIBEL THERAPEUTICS INC,24343R106,322,69283,,
CALADRIUS BIOSCIENCES INC,128058203,321,382158,,
RATTLER MIDSTREAM LP,75419T103,321,28222,,
COMPX INTERNATIONAL INC,20563P101,319,14241,,CIX
LAZARD GROWTH ACQUISITION CO,G54035103,319,32863,,
LOGICBIO THERAPEUTICS INC,54142F102,319,138465,,
P3 HEALTH PARTNERS INC,744413105,319,45407,,PIIIW
RANGER ENERGY SERVICES INC,75282U104,319,31080,,
GRUPO AEROPORTUARIO CEN-ADR,400501102,318,5930,,
ODYSSEY MARINE EXPLORATION,676118201,318,61213,,
PROCESSA PHARMACEUTICALS INC,74275C205,318,64902,,
VILLAGE FARMS INTERNATIONAL,92707Y108,316,49233,,
PERMA-FIX ENVIRONMENTAL SVCS,714157203,315,49774,,
JOWELL GLOBAL LTD,G5194C101,314,14581,,JWEL
APTEVO THERAPEUTICS INC,03835L207,313,39807,,APVO
CHEMBIO DIAGNOSTICS INC,163572209,312,274422,,
BIOCERES CROP SOLUTIONS CORP,G1117K114,311,22009,,BIOX
U S ENERGY CORP - WYOMING,911805307,311,95307,,
NEW GOLD INC,644535106,308,206554,,
AETHLON MEDICAL INC,00808Y307,306,164952,,AEMD
PROSPECTOR CAPITAL CORP-CL A,G7273A105,305,31408,,
EVOTEC SE - SPON ADR,30050E105,303,12785,,
KINGSTONE COS INC,496719105,303,60723,,
MYOMO INC,62857J201,303,44358,,
ALTITUDE ACQUISITION CORP-A,02156Y103,302,30598,,
LARGO INC,517097101,302,32652,,LGO
SONENDO INC,835431107,301,52352,,
STATERA BIOPHARMA INC,857561104,300,130774,,
LANDCADIA HOLDINGS IV INC-A,51477A104,299,30833,,
ZOVIO INC,98979V102,299,236044,,
JPMORGAN BETABUILDERS JAPAN,46641Q217,298,5425,,
POWERBRIDGE TECHNOLOGIES CO,G72007100,295,565598,,
CODA OCTOPUS GROUP INC,19188U206,294,36813,,
PHARVARIS NV,N69605108,294,18643,,
AMPLITECH GROUP INC,03211Q200,293,74480,,
AXCELLA HEALTH INC,05454B105,293,140497,,
CELLECTAR BIOSCIENCES INC,15117F500,293,441883,,
VINCI PARTNERS INVESTMENTS-A,G9451V109,292,27294,,
GALECTO INC,36322Q107,291,96136,,
DUNE ACQUISITION CORP-CL A,265334102,290,29372,,
GOAL ACQUISITIONS CORP,38021H107,290,29937,,
PROQR THERAPEUTICS NV,N71542109,290,36293,,
BIOMERICA INC,09061H307,288,74070,,BMRA
BARNWELL INDUSTRIES INC,068221100,287,98857,,BRN
PERASO INC,71360T101,287,68428,,PRSO
EKSO BIONICS HOLDINGS INC,282644301,286,108122,,
ENERGY FOCUS INC,29268T409,286,67168,,
SECOND SIGHT MEDICAL PRODUCT,81362J209,286,175787,,
CALYXT INC,13173L107,285,134078,,
GOLDEN MINERALS CO,381119106,285,818174,,AUMN
INDIA GLOBALIZATION CAPITAL,45408X308,285,292489,,
CAPITAL SOUTHWEST CORP,140501107,284,11251,,CSWC
GORES HOLDINGS VII INC-A,38286T101,284,29062,,
UNITED STATES ANTIMONY CORP,911549103,284,571454,,UAMY
CPS TECHNOLOGIES CORP,12619F104,283,74823,,
EPIPHANY TECHNOLOGY ACQ-CL A,29429X109,283,29000,,
INTERCORP FINANCIAL SERVICES,P5626F128,283,10730,,
MEDALIST DIVERSIFIED REIT IN,58403P105,283,235933,,
ARAVIVE INC,03890D108,282,129120,,
ECP ENVIRONMENTAL GW OPT COR,26829T100,281,28548,,
MANNATECH INC,563771203,281,7357,,MTEX
GORES METROPOULOS II INC,382873107,280,28128,,
INVO BIOSCIENCE INC,44984F302,280,84217,,
RADA ELECTRONIC INDS LTD,M81863124,280,29760,,
THORNE HEALTHTECH INC,885260109,279,44955,,
PYROGENESIS CANADA INC,74734T104,278,105149,,PYRGF
ROCKWELL MEDICAL INC,774374102,278,678440,,
VENUS CONCEPT INC,92332W105,278,163844,,
BANK OF SOUTH CAROLINA CORP,065066102,277,13753,,
GRUPO FINANCIERO GALICIA-ADR,399909100,277,29288,,
ALLIED ESPORTS ENTERTAINMENT,019170109,276,161952,,
COMPUGEN LTD,M25722105,276,64313,,CGEN
ABEONA THERAPEUTICS INC,00289Y107,274,814020,,ABEO
HERITAGE GLOBAL INC,42727E103,274,147325,,HGBL
TROIKA MEDIA GROUP INC,89689F305,274,234515,,
WESTERN MIDSTREAM PARTNERS L,958669103,274,12316,,
ADAPTIMMUNE THERAPEUTICS-ADR,00653A107,272,72769,,
PALISADE BIO INC,696389105,271,208563,,
PLUS THERAPEUTICS INC,72941H400,271,258437,,
ESSA PHARMA INC,29668H708,270,19039,,
INSIGNIA SYSTEMS INC,45765Y204,270,11720,,
COMSOVEREIGN HOLDING CORP,205650203,269,356437,,
JPMORGAN BETABUILDERS EUROPE,46641Q191,267,4470,,
QUMU CORP,749063103,266,125829,,
GREEN PLAINS PARTNERS LP,393221106,265,18721,,
MSD ACQUISITION CORP-A,G5709C109,265,26801,,
SYNTHETIC BIOLOGICS INC,87164U201,265,976316,,
ASHFORD INC,044104107,264,15894,,
ICLICK INTERACTIVE ASIA-ADR,45113Y104,264,57481,,
KINTARA THERAPEUTICS INC,49720K101,264,517966,,
SVF INVESTMENT CORP 2-CLS A,G8601M100,264,26630,,
CHINA LIFE INSURANCE CO-ADR,16939P106,263,31970,,
LUBY'S INC,549282101,263,92147,,
KUBIENT INC,50116V107,262,86859,,
ABCAM PLC-SPON ADR,000380204,261,11087,,
CATALYST BIOSCIENCES INC,14888D208,261,286585,,
DIFFUSION PHARMACEUTICALS IN,253748305,261,858408,,
GLEN BURNIE BANCORP,377407101,260,18661,,GLBZ
PARTNERS BANCORP,70213Q108,260,26654,,
STARRETT (L.S.) CO  -CL A,855668109,258,27635,,
ARBE ROBOTICS LTD,M1R95N100,257,27724,,ARBEW
MARLIN TECHNOLOGY CORP-A,G58411102,257,26389,,
TROOPS INC,G9094C104,257,52367,,
EHANG HOLDINGS LTD-SPS ADR,26853E102,256,17186,,
CARNEY TECHNOLOGY ACQU- CL A,143636108,255,26127,,
SHIFTPIXY INC,82452L203,255,218289,,
REALNETWORKS INC,75605L708,254,259607,,
VYANT BIO INC,92942V109,254,188802,,
WINDTREE THERAPEUTICS INC,97382D303,254,158747,,
TRINITY CAPITAL INC,896442308,253,14443,,TRNZ
ALLOT LTD,M0854Q105,252,21262,,ALLT
WIDEPOINT CORP,967590209,252,64313,,WYY
AMERICA FIRST MULTIFAMILY IN,02364V107,251,39141,,
ASTROTECH CORP,046484200,251,369536,,ASTC
GRAVITY CO LTD-SPONSORED ADR,38911N206,251,3688,,
NEXTERS INC,G6529J100,251,31218,,
ONCOSEC MEDICAL INC,68234L306,251,262478,,
EURODRY LTD,Y23508107,250,13176,,EDRY
SILICOM LTD,M84116108,250,4848,,SILC
VIVOS THERAPEUTICS INC,92859E108,250,111463,,
HTG MOLECULAR DIAGNOSTICS,40434H203,249,46039,,
NCS MULTISTAGE HOLDINGS INC,628877201,249,8612,,
BIO-PATH HOLDINGS INC,09057N300,248,65783,,
OCEAN BIO-CHEM INC,674631106,248,28520,,
PROFIRE ENERGY INC,74316X101,248,234396,,
ENVIRONMENTAL IMPACT ACQU CO,29408N106,244,24592,,
LUCID DIAGNOSTICS INC,54948X109,243,45304,,LUCD
BRIDGETOWN 2 HOLDINGS LTD-A,G1355V103,240,24222,,
CUMBERLAND PHARMACEUTICALS,230770109,240,51493,,
PSYCHEMEDICS CORP,744375205,240,34618,,
GAUCHO GROUP HOLDINGS INC,36809R206,239,112528,,
GENOCEA BIOSCIENCES INC,372427401,239,206880,,
TEKKORP DIGITAL ACQUISITIO-A,G8739H106,239,24069,,
BROADWIND INC,11161T207,238,126646,,
DSS INC,26253C102,238,354382,,
ENGLOBAL CORP,293306106,237,179634,,
MAQUIA CAPITAL ACQUISITION-A,56564V101,237,23638,,
TASTEMAKER ACQUISITION COR-A,876545104,236,23872,,
MULLEN AUTOMOTIVE INC,62526P109,235,45082,,
26 CAPITAL ACQUISITION COR-A,90138P100,234,23758,,
SYPRIS SOLUTIONS INC,871655106,234,95207,,SYPR
AUTOWEB INC,05335B100,232,68506,,
ORGANOVO HOLDINGS INC,68620A203,232,64075,,
PIONEER POWER SOLUTIONS INC,723836300,232,31065,,
NATURAL ORDER ACQUISITION CO,63889L107,231,23611,,
POEMA GLOBAL HOLDINGS CORP-A,G7154B107,231,23438,,
FLEXSHOPPER INC,33939J303,230,98289,,
BROOKFIELD ASSET MANAGEMEN-A,G16169107,229,3568,,
HUADI INTERNATIONAL GROUP CO,G4645E105,229,7169,,
LEXINFINTECH HOLDINGS L-ADR,528877103,229,59374,,
CYCLACEL PHARMACEUTICALS INC,23254L603,228,58934,,
REED'S INC,758338107,228,636150,,
QUALIGEN THERAPEUTICS INC,74754R103,227,212624,,
CRESCENT CAPITAL BDC INC,225655109,226,12883,,
ENTASIS THERAPEUTICS HOLDING,293614103,225,102927,,
FANHUA INC-SPONSORED ADR,30712A103,225,30946,,
CHP MERGER CORP-CLASS A,12558Y106,224,22204,,
REGENCELL BIOSCIENCE HOLDING,G7487R100,224,6816,,
SIGMA LITHIUM CORP,826599102,224,21527,,SGML
TRANSGLOBE ENERGY CORP,893662106,224,74495,,
ENDRA LIFE SCIENCES INC,29273B104,223,323679,,NDRA
IMAC HOLDINGS INC,44967K104,223,195643,,
ROTH CH ACQUISITION III CO,77867Q102,223,22514,,
FIRST US BANCSHARES INC,33744V103,222,21077,,
PINE TECHNOLOGY ACQUISI-CL A,722850104,222,22624,,
WILLAMETTE VALLEY VINEYARDS,969136100,222,25662,,
LUMIRADX LTD,G5709L109,220,24829,,
PULMATRIX INC,74584P202,220,504183,,
SUSTAINABLE DEVELOPMENT AC-A,86934L103,220,22589,,
DALLASNEWS CORP,235050101,219,30474,,
KAIROS ACQUISITION CORP-A,G52110114,219,22423,,
QUEEN'S GAMBIT GROWTH -CL A,G7315C101,219,22172,,
SIERRA ONCOLOGY INC,82640U404,219,10075,,
CORVUS GOLD INC,221013105,218,68732,,
GORES TECHNOLOGY PRTNR II-A,38287L107,217,21966,,
KLX ENERGY SERVICES HOLDING,48253L205,217,70319,,
REVIVA PHARMACEUTICALS HOLDI,76152G100,217,76964,,
HARBOR CUSTOM DEVELOPMENT,41150T108,216,82263,,
APPLIED DNA SCIENCES INC,03815U300,214,53373,,
DATA I/O CORP,237690102,214,46621,,DAIO
YIELD10 BIOSCIENCE INC,98585K862,213,43381,,
CREATD INC,225265107,212,101621,,
IDERA PHARMACEUTICALS INC,45168K405,212,373483,,
SIEBERT FINANCIAL CORP,826176109,212,91654,,SIEB
VECTOIQ ACQUISITION CO-CL A,92244F109,212,21822,,
AUTOSCOPE TECHNOLOGIES CORP,053306106,210,33587,,AATC
DEEP MEDICINE ACQUISITI-CL A,243733102,210,21476,,
KERNEL GROUP HOLDINGS INC-A,G5259L103,210,21554,,
UXIN LTD - ADR,91818X108,210,133417,,
ARK RESTAURANTS CORP,040712101,209,12581,,ARKR
EDIFY ACQUISITION CORP-CL A,28059Q103,209,21442,,
PHARMACYTE BIOTECH INC,71715X203,208,83575,,
POINTS INTL LTD,730843208,208,13419,,
RUNWAY GROWTH FINANCE CORP,78163D100,206,16094,,RWAYI
ARCA BIOPHARMA INC,00211Y506,205,95358,,
COMPASS PATHWAYS PLC,20451W101,205,9295,,CMPS
IMMUNOCORE HOLDINGS PLC-ADR,45258D105,205,5997,,
NANOVIBRONIX INC,63008J108,205,197209,,
OCCIDENTAL PETROLEUM-CW27,674599162,205,16268,,
SUMMIT WIRELESS TECHNOLOGIES,86633R203,204,147049,,
FORTISTAR SUSTAINABLE SOLU-A,34962M106,203,20963,,
7GC & CO HOLDINGS INC -CL A,81786A107,201,20646,,
CRESCENT COVE ACQUISITION-A,G2554Y104,200,20529,,
PROVIDENT ACQUISITION CORP-A,G7282L100,200,20322,,
LIFEWAY FOODS INC,531914109,199,42319,,
SO-YOUNG INTERNATIONAL-ADR,83356Q108,199,62527,,
ATHLON ACQUISITION CORP-A,04748A106,198,20350,,
LEXARIA BIOSCIENCE CORP,52886N406,198,49002,,LEXX
RENOVARE ENVIRONMENTAL INC,09074B107,198,282951,,
SIGMA LABS INC,826598500,198,107850,,
YELLOWSTONE ACQUISITION CO,98566K105,198,19506,,
INTERNATIONAL GENERAL INSURA,G4809J106,197,24436,,
NORTH ATLANTIC ACQUISITION-A,G66139109,197,20192,,
SOLIGENIX INC,834223307,197,299338,,
FAT PROJECTS ACQUISITION COR,G3400W102,196,20151,,
HIGH TIDE INC,42981E401,196,46134,,HITI
LUMOS PHARMA INC,55028X109,196,28348,,
TMC THE METALS CO INC,87261Y106,196,94692,,TMCWW
ALLENA PHARMACEUTICALS INC,018119107,195,330599,,
BETTER CHOICE CO INC,08771Y303,195,60660,,
PETROS PHARMACEUTICALS INC,71678J100,195,58785,,
ACER THERAPEUTICS INC,00444P108,194,84761,,
DIAMONDHEAD HOLDINGS CORP-A,25278L105,194,20014,,
HELBIZ INC,42309B204,194,35463,,
COFFEE HOLDING CO INC,192176105,193,44422,,JVA
SALARIUS PHARMACEUTICALS INC,79400X107,193,390115,,
KINS TECHNOLOGY GROUP INC-A,49714K109,192,19289,,
GEOVAX LABS INC,373678507,191,52824,,
MAWSON INFRASTRUCTURE GROUP,57778N208,191,28809,,
TERAWULF INC,88080T104,191,12740,,WULF
CPI AEROSTRUCTURES INC,125919308,190,69739,,CVU
MUDRICK CAPITAL ACQUISITIO-A,62477L107,190,19128,,
BK TECHNOLOGIES CORP,05587G104,189,78830,,BKTI
NETWORK-1 TECHNOLOGIES INC,64121N109,189,67212,,
SOPHIA GENETICS SA,H82027105,189,13461,,SOPH
YOUDAO INC - ADR,98741T104,189,15189,,
HOUSTON AMERICAN ENERGY CORP,44183U209,188,132108,,
HUDSON EXECUTIVE INVESTMEN-A,44376L107,187,19245,,
HYPERFINE INC,44916K106,187,25802,,
MEDAVAIL HOLDINGS INC,58406B103,187,134032,,
NEXTPLAT CORP,68557F209,187,58192,,NXPL
SOTHERLY HOTELS INC,83600C103,187,89564,,
AEQUI ACQUISITION CORP-CL A,00775W102,186,19142,,
BIO-KEY INTERNATIONAL INC,09060C408,186,85219,,
KEWAUNEE SCIENTIFIC CP,492854104,186,14656,,
FRANKLIN WIRELESS CORP,355184102,185,42522,,FKWL
HYCROFT MINING HOLDING CORP,44862P109,185,303991,,HYMCW
REGULUS THERAPEUTICS INC,75915K200,185,589196,,
AC IMMUNE SA,H00263105,183,37118,,ACIU
FAT BRANDS INC-CL A,30258N105,183,17339,,
ISLEWORTH HEALTHCARE ACQUISI,46468P102,183,18688,,
MEDTECH ACQUISITION CORP-A,58507N105,183,18606,,
BIOFRONTERA INC,09077D100,182,24278,,BFRIW
CREATIVE REALITIES INC,22530J200,182,130062,,
ACE CONVERGENCE ACQU-CLASS A,G0083D120,181,18248,,
TEMPEST THERAPEUTICS INC,87978U108,181,34346,,
THAYER VENTURES ACQUISITIO-A,88332T100,181,17927,,
TRANSCODE THERAPEUTICS INC,89357L105,181,71272,,
BELLEROPHON THERAPEUTICS INC,078771300,180,58350,,
POLAR POWER INC,73102V105,180,50449,,
HENNESSY ADVISORS INC,425885100,179,16535,,HNNA
IMMUCELL CORP,452525306,179,22442,,
RMG ACQUISITION CORP III -A,G76088106,179,18418,,
SINOVAC BIOTECH LTD,P8696W104,179,27717,,SVA
VINCE HOLDING CORP,92719W207,179,22521,,VNCE
KL ACQUISITION CORP/MO-CLS A,49837C109,178,18259,,
RADCOM LTD,M81865111,178,13668,,RDCM
SHAPEWAYS HOLDINGS INC,81947T102,177,47808,,
SLAM CORP-A,G8210L105,177,18242,,
NEUROMETRIX INC,641255807,176,35094,,
SOLENO THERAPEUTICS INC,834203200,176,430253,,
ADTHEORENT HOLDINGS CO INC,00739D109,175,29861,,
ARCADIA BIOSCIENCES INC,039014204,175,168337,,
GROUP NINE ACQUISITION -CL A,39947R104,175,18015,,
VITRU LTD,G9440D103,175,12318,,
CYCLO THERAPEUTICS INC,23254X201,174,46848,,
MOUNTAIN CREST ACQUISITION,62404B107,174,17855,,
THUNDER BRIDGE CAPITAL PAR-A,88605T100,174,17864,,
BRIGHT LIGHTS ACQUISITI-CL A,10920K101,173,17617,,
COHEN & CO INC,19249M102,173,11689,,COHN
PATHFINDER ACQUISITION -CL A,G04119106,172,17794,,
VERICITY INC,92347D100,171,25145,,
WESTPORT FUEL SYSTEMS INC,960908309,171,72395,,WPRT
ARCLIGHT CLEAN TRANSITION -A,G0R21B104,170,17077,,
ION GEOPHYSICAL CORP,462044207,170,193457,,
KAMADA LTD,M6240T109,170,25878,,KMDA
VIRGIN ORBIT HOLDINGS INC,92771A101,170,21251,,
ABVC BIOPHARMA INC,00091F106,169,49915,,
CVD EQUIPMENT CORP,126601103,169,41220,,CVV
SIFCO INDUSTRIES,826546103,169,26099,,
URBAN ONE INC,91705J105,169,36520,,
WILHELMINA INTERNATIONAL INC,968235200,169,32372,,
CENNTRO ELECTRIC GROUP LTD,Q6519V120,168,31347,,
COMMUNICATIONS SYSTEMS INC,203900105,168,70063,,
SONOMA PHARMACEUTICALS INC,83558L204,168,36878,,
EASTSIDE DISTILLING INC,277802302,166,92741,,
RICEBRAN TECHNOLOGIES,762831204,166,476801,,
RESEARCH SOLUTIONS INC,761025105,165,67211,,
DEEP LAKE CAPITAL ACQUIS-CLA,G27029100,164,16837,,
ENDEAVOUR SILVER CORP,29258Y103,163,38654,,EXK
KLUDEIN I ACQUISITION CORP-A,49878L109,163,16700,,
OBSEVA SA,H5861P103,163,82227,,
PERMA-PIPE INTERNATIONAL HOL,714167103,163,19066,,
VIRPAX PHARMACEUTICALS INC,928251107,163,47671,,
BOGOTA FINANCIAL CORP,097235105,162,15960,,BSBK
SOCKET MOBILE INC,83368E200,162,39783,,
BSQUARE CORP,11776U300,161,94410,,
MOTUS GI HOLDINGS INC,62014P108,161,344997,,
REAL BROKERAGE INC/THE,75585H206,160,43591,,
COHBAR INC,19249J109,159,454867,,
MONUMENT CIRCLE ACQUI-CL A,61531M101,158,16211,,
REVOLUTION HEALTHCARE ACQU-A,76155Y108,158,16274,,
GRACELL BIOTECHNOLOGIES-ADR,38406L103,157,26138,,
LYRA THERAPEUTICS INC,55234L105,157,36018,,
TELEFONICA SA-SPON ADR,879382208,157,37111,,
WORKSPORT LTD,98139Q209,157,65150,,WKSP
INSU ACQUISITION CORP III-A,457817104,156,15949,,
SILVERCORP METALS INC,82835P103,156,41930,,SVM
THERATECHNOLOGIES INC,88338H100,156,51510,,
ASIA PACIFIC WIRE & CABLE,G0535E106,155,76311,,
RVL PHARMACEUTICALS PLC,G6S41R101,155,143662,,
SOLITARIO ZINC CORP,8342EP107,155,311982,,
ENVERIC BIOSCIENCES INC,29405E109,154,166537,,
MEREO BIOPHARMA GROUP PL-ADR,589492107,154,96630,,
TRINITY PLACE HOLDINGS INC,89656D101,154,84173,,TPHS
BENITEC BIOPHARMA INC,08205P100,153,58413,,BNTC
EPSILON ENERGY LTD,294375209,152,26856,,EPSN
INDEPENDENCE HDS CORP-CL A,G4761A101,152,15670,,
OPERA LTD-ADR,68373M107,152,21544,,
NET 1 UEPS TECHNOLOGIES INC,64107N206,151,28433,,
BIOCARDIA INC,09060U507,149,76825,,
DUDDELL STREET ACQUISITION-A,G28553108,149,15055,,
SPORTS VENTURES ACQUISITIO-A,G8372A103,149,15350,,
ABG ACQUISITION CORP I - A,G00496102,148,15211,,
AIR INDUSTRIES GROUP,00912N205,148,163800,,AIRI
BAUDAX BIO INC,07160F107,148,677119,,
CF ACQUISITION CORP VI-CLS A,12521J103,148,13758,,
PERFORMANCE SHIPPING INC,Y67305121,148,40265,,PSHG
ORLA MINING LTD,68634K106,147,38591,,ORLA
YUMANITY THERAPEUTICS INC,98872L102,147,49888,,
COMMUNITY WEST BANCSHARES,204157101,146,11022,,CWBC
CREXENDO INC,226552107,146,29253,,
CROWN CRAFTS INC,228309100,146,20088,,CRWS
CLEARONE INC,18506U104,145,113064,,CLRO
LIONHEART ACQUISITION CORP-A,53625R104,145,14587,,
URANIUM ROYALTY CORP,91702V101,144,39652,,UROY
BRICKELL BIOTECH INC,10802T105,143,627294,,
FIRST RESERVE SUSTAINABLE-A,336169107,143,14459,,
GOLDEN ARROW MERGER CORP-A,380799106,143,14830,,
OTONOMO TECHNOLOGIES LTD,M7571L103,143,34999,,
PROTAGENIC THERAPEUTICS INC,74365N103,143,103879,,
ROSECLIFF ACQUISITION CORP-A,77732R103,141,14419,,
GAMBLING.COM GROUP LTD,G3R239101,139,13722,,
AWARE INC/MASS,05453N100,138,44025,,
POPULATION HEALTH INVEST-A,G71716107,138,14087,,
STRAN & CO INC,86260J102,138,22904,,
OBLONG INC,674434105,137,133733,,
EDAP TMS SA -ADR,268311107,136,22764,,
TIZIANA LIFE SCIENCES LTD,G88912103,136,141892,,TLSA
ATLANTIC AMERICAN CORP,048209100,135,55153,,AAME
GWG HOLDINGS INC,36192A109,135,13580,,
SIGMATRON INTERNATIONAL INC,82661L101,135,13156,,
EXICURE INC,30205M101,134,666959,,
VACCINEX INC,918640103,134,128332,,
COMPASS DIGITAL ACQUISITION,G2476C107,133,13835,,
FINTECH ACQUISITION CORP V-A,31810Q107,133,13427,,
GLOBAL SYNERGY ACQUISITION-A,G3934J106,133,13599,,
MAXPRO CAPITAL ACQUISITION-A,57778T106,133,13427,,
MONTEREY BIO ACQUISITION COR,61240F108,133,13454,,
SUMMER INFANT INC,865646301,133,12844,,
ENTHUSIAST GAMING HOLDINGS I,29385B109,132,45081,,
WHEELER REAL ESTATE INVESTME,963025705,132,68518,,
FINVOLUTION GROUP-ADR,31810T101,131,26684,,
US WELL SERVICES INC,91274U200,130,113330,,
FEDNAT HOLDING CO,31431B109,129,91647,,
GILAT SATELLITE NETWORKS LTD,M51474118,129,18319,,GILT
ALIMERA SCIENCES INC,016259202,128,25091,,
CEMTREX INC,15130G600,128,157012,,CETXP
POWER DIGITAL INFRA ACQ CO,739190106,128,11692,,
BIOVIE INC,09074F207,127,28368,,BIVIW
EVOLVING SYSTEMS INC,30049R209,127,56933,,
LUOKUNG TECHNOLOGY CORP,G56981106,127,210130,,
ALLIED HEALTHCARE PRODUCTS,019222207,126,21703,,
ELEVATION ONCOLOGY INC,28623U101,126,21021,,
INVIVO THERAPEUTICS HOLDINGS,46186M506,126,276113,,
MIND TECHNOLOGY INC,602566101,126,76071,,
MONOPAR THERAPEUTICS INC,61023L108,126,39171,,
KANDI TECHNOLOGIES GROUP INC,483709101,125,39238,,
ECOARK HOLDINGS INC,27888N307,124,55828,,
G MEDICAL INNOVATION HOLDING,G39462208,124,74399,,
HEALTH SCIENCES ACQUISITIONS,G4411D109,124,12421,,
EAST STONE ACQUISITION CORP,G2911D108,123,10409,,
IMARA INC,45249V107,123,54777,,
KINGSWAY FINANCIAL SERVICES,496904202,123,22463,,
RAVE RESTAURANT GROUP INC,754198109,123,122754,,
PROFOUND MEDICAL CORP,74319B502,122,10870,,PROF
SG BLOCKS INC,78418A505,121,64686,,
BLUEKNIGHT ENERGY PARTNERS L,09625U109,120,36546,,
NINE ENERGY SERVICE INC,65441V101,120,120782,,
INDEPENDENCE CONTRACT DRILLI,453415606,119,39862,,
PETVIVO HOLDINGS INC,716817408,119,31702,,
PROPTECH INVESTMENT CORP-A,743497109,119,12250,,
AVALON GLOBOCARE CORP,05344R104,118,145086,,
CRESUD S.A.-SPONS ADR,226406106,118,25020,,
SENESTECH INC,81720R208,118,120742,,
VICKERS VANTAGE CORP I,G9440B107,118,11817,,
CSI COMPRESSCO LP,12637A103,117,98725,,
EVOKE PHARMA INC,30049G104,117,210102,,
ITHAX ACQUISITION CORP-A,G49775102,117,11918,,
POWERED BRANDS - CLASS A,G7209M108,117,11978,,
XENETIC BIOSCIENCES INC,984015503,117,90946,,
EJF ACQUISITION CORP-A,G2955B109,116,11713,,
FIRST WAVE BIOPHARMA,33749P101,116,80887,,
INHIBIKASE THERAPEUTICS INC,45719W106,116,79128,,
L CATTERTON ASIA ACQ-CLASS A,G5346G125,116,11998,,
MARPAI INC-CLASS A,571354109,116,26606,,
111 INC,68247Q102,115,33100,,
AURORA ACQUISITION CORP-A,G0698L103,115,11702,,
CHECKMATE PHARMACEUTICALS IN,162818108,115,40260,,
GLOBIS ACQUISITION CORP,379582109,115,11364,,
MILESTONE PHARMACEUTICALS IN,59935V107,115,17576,,
NOBLE ROCK ACQUISITION COR-A,G6546R101,115,11942,,
VENTOUX CCM ACQUISITION CORP,92280L101,115,11540,,
VIRIOS THERAPEUTICS INC,92829J104,115,22564,,
ENVELA CORP,29402E102,114,28135,,ELA
GSE SYSTEMS INC,36227K106,114,66752,,
TSCAN THERAPEUTICS INC,89854M101,114,25421,,
TUATARA CAPITAL ACQUISITIO-A,G9118J101,114,11671,,
ART'S-WAY MANUFACTURING CO,043168103,113,32042,,
VECTIVBIO HOLDING AG,H9060V101,113,23054,,
ACORDA THERAPEUTICS INC,00484M601,111,46721,,
ENLINK MIDSTREAM LLC,29336T100,111,16240,,
GLIMPSE GROUP INC/THE,37892C106,111,11264,,
TDH HOLDINGS INC,G87084102,111,28940,,
PEDEVCO CORP,70532Y303,110,103900,,PED
GUARDION HEALTH SCIENCES INC,40145Q401,109,169865,,
MOTORSPORT GAMES INC-A,62011B102,109,32280,,
P & F INDUSTRIES -CL A,692830508,109,18005,,
BELLICUM PHARMACEUTICALS INC,079481404,108,72925,,
ONCOLOGY INSTITUTE INC/THE,68236X100,108,11147,,
SCOPUS BIOPHARMA INC,809171101,108,66121,,
SPRING VALLEY ACQUIS-CLASS A,G8377A108,108,10813,,
AGEX THERAPEUTICS INC,00848H108,107,98398,,
ARROWROOT ACQUISITION CORP-A,04282M102,107,11073,,
GAIN THERAPEUTICS INC,36269B105,107,20056,,
PHIO PHARMACEUTICALS CORP,71880W303,107,107192,,PHIO
PROCAPS GROUP SA,L7756P102,107,11019,,
VALLON PHARMACEUTICALS INC,92023M101,106,17841,,
CERAGON NETWORKS LTD,M22013102,105,40973,,CRNT
GRAYBUG VISION INC,38942Q103,105,57647,,
GREENPOWER MOTOR CO INC,39540E302,105,11083,,GP
MINK THERAPEUTICS INC,603693102,105,23575,,
MUSCLE MAKER INC,627333107,105,146030,,
ROCKY MOUNTAIN CHOC FACT INC,77467X101,105,13538,,
FUSION PHARMACEUTICALS INC,36118A100,104,25136,,
SPAR GROUP INC,784933103,104,85088,,
ISPECIMEN INC,45032V108,103,13316,,ISPC
RUBICON TECHNOLOGY INC,78112T206,103,11566,,
JACK CREEK INVESTMENT C-CL A,G4989X115,102,10498,,
SILVER CREST ACQUISITION C-A,G81355102,102,10408,,
STAR EQUITY HOLDINGS INC,85513Q103,102,40068,,
STRYVE FOODS INC-CLASS A,863685103,102,25897,,
VERIFYME INC,92346X206,102,32221,,
NXT-ID INC,67091J404,101,33116,,
SCIENJOY HOLDING CORP-A,G7864D112,101,17909,,
GORES TECHNOLOGY PARTNERS-A,382870103,100,10141,,
GROWTH CAPITAL ACQUISITION-A,39986V107,100,10096,,
IMPAC MORTGAGE HOLDINGS INC,45254P508,100,90195,,
PANACEA ACQUISITION CORPII-A,G6882C106,100,10372,,
SINTX TECHNOLOGIES INC,829392307,100,156330,,
ARTEMIS STRATEGIC INVES-CL A,04303A103,99,10298,,
MEIWU TECHNOLOGY CO LTD,G9604C107,99,41954,,WNW
SOL-GEL TECHNOLOGIES LTD,M8694L103,99,13406,,SLGL
BYTE ACQUISITION CORP - A,G1R25Q105,98,10067,,
HCW BIOLOGICS INC,40423R105,98,42476,,HCWB
LEVERE HOLDINGS CORP-A,G5462L106,98,10072,,
ORIENTAL CULTURE HOLDING LTD,G6796W107,98,19230,,OCG
TRXADE HEALTH INC,89846A207,98,42057,,
CARDIOL THERAPEUTICS INC-A,14161Y200,97,52435,,
NAVIDEA BIOPHARMACEUTICALS I,63937X202,97,97206,,
DIRTT ENVIRONMENTAL SOLUTION,25490H106,96,44471,,
EVOGENE LTD,M4119S104,96,59007,,EVGN
TRITERRAS INC-CLASS A,G9103H102,96,40941,,
ADITXT INC,007025109,95,178043,,
TRIVAGO NV - ADR,89686D105,95,43707,,
ADS-TEC ENERGY PLC,G0085J117,94,10369,,
ALITHYA GROUP INC-CLASS A,01643B106,93,36580,,
IMMUNOPRECISE ANTIBODIES LTD,45257F200,93,17484,,
MANHATTAN BRIDGE CAPITAL INC,562803106,93,17010,,
IPOWER INC,46265P107,92,38795,,IPW
CSP INC,126389105,91,10365,,
BRIDGELINE DIGITAL INC,10807Q700,90,39834,,
INFLARX NV,N44821101,90,18991,,
VERONA PHARMA PLC - ADR,925050106,89,13273,,
ACHILLES THERAPEUTICS PL-ADR,00449L102,88,17591,,
ARIDIS PHARMACEUTICALS INC,040334104,88,37974,,
WIMI HOLOGRAM CLOUD INC-ADR,97264L100,88,28988,,
ALJ REGIONAL HOLDINGS INC,001627108,87,47893,,
CELLECTIS - ADR,15117K103,87,10776,,
MARTIN MIDSTREAM PARTNERS LP,573331105,87,33068,,
PATRIOT TRANSPORTATION HOLDI,70338W105,87,10803,,
FENNEC PHARMACEUTICALS INC,31447P100,86,19619,,FENC
SILVERSUN TECHNOLOGIES INC,82846H207,85,19242,,
ARTELO BIOSCIENCES INC,04301G201,84,162750,,
HELIUS MEDICAL TECHNOLOGIES,42328V603,84,16390,,
SCWORX CORP,78396V109,84,65182,,WORX
INVESTCORP CREDIT MANAGEMENT,46090R104,83,16938,,
NUVERRA ENVIRONMENTAL SOLUTI,67091K302,83,27512,,
ALFI INC,00161P109,82,35795,,
STEALTHGAS INC,Y81669106,82,39172,,GASS
TOMI ENVIRONMENTAL SOLUTIONS,890023203,82,50049,,
CYANOTECH CORP,232437301,81,25490,,CYAN
PUYI INC - ADR,69373Y109,81,12308,,
UCLOUDLINK GROUP INC,90354D104,81,12409,,UCL
CHEMOMAB THERAPEUTICS LTD,16385C104,80,11737,,CMMB
ELECTRO-SENSORS INC,285233102,80,12636,,
HOTH THERAPEUTICS INC,44148G105,79,120361,,
KAIXIN AUTO HOLDINGS,G5223X100,79,69320,,
VASCULAR BIOGENICS LTD,M96883109,79,40323,,
APPLIED UV INC,03828V105,78,29111,,
AUDDIA INC,05072K107,78,44142,,AUUD
TIMBER PHARMACEUTICALS INC,887080109,78,205927,,
MOGO INC,60800C109,77,22529,,
QUIPT HOME MEDICAL CORP,74880P104,77,13889,,
MISSFRESH LTD-ADR,60500F105,76,15242,,
OPTICAL CABLE CORP,683827208,76,14263,,OCC
CNS PHARMACEUTICALS INC,18978H102,75,107262,,
MOVING IMAGE TECHNOLOGIES IN,62464R109,75,35978,,
GENETRON HOLDINGS LTD-ADR,37186H100,74,12262,,
IO BIOTECH INC,449778109,73,11173,,
LONGBOARD PHARMACEUTICALS IN,54300N103,73,15177,,
O2MICRO INTERNATIONAL-ADR,67107W100,73,16202,,
MEDIACO HOLDING INC-CL A-WI,58450D104,72,13618,,
MOLECULAR DATA INC - ADR,60852L106,72,333326,,
MOVANO INC,62459M107,72,19097,,
POLYPID LTD,M8001Q118,72,12545,,PYPD
ENGINE GAMING AND MEDIA INC,29287W102,71,23558,,
NEUROBO PHARMACEUTICALS INC,64132R107,71,58490,,
SIYATA MOBILE INC,83013Q509,71,19350,,
AVENUE THERAPEUTICS INC,05360L205,70,77413,,
CASTOR MARITIME INC,Y1146L125,70,49703,,CTRM
SPHERE 3D CORP,84841L308,70,22706,,ANY
HISTOGEN INC,43358Y103,69,207794,,
REDHILL BIOPHARMA LTD-SP ADR,757468103,68,26419,,
SEANERGY MARITIME HOLDINGS,Y73760194,66,72085,,
BIOLINERX LTD-SPONS ADR,09071M205,65,32026,,
CYNERGISTEK INC/DE,23258P105,65,45696,,
ENLIVEX THERAPEUTICS LTD,M4130Y106,65,10420,,
INNSUITES HOSPITALITY TRUST,457919108,65,29833,,IHT
JUPITER WELLNESS INC,48208F105,65,74035,,
NYMOX PHARMACEUTICAL CORP,P73398102,65,50678,,NYMXF
RA MEDICAL SYSTEMS INC,74933X203,65,41797,,
AKUMIN INC,01021F109,64,36627,,
CHINA LIBERAL EDUCATION HOLD,G2161Y109,64,48266,,
SUPERIOR DRILLING PRODUCTS I,868153107,63,87066,,
VIRCO MFG CORPORATION,927651109,63,20825,,VIRC
ALSET EHOME INTERNATIONAL IN,02116A104,62,111169,,
KIROMIC BIOPHARMA INC,497634105,62,40962,,
QILIAN INTERNATIONAL HOLDING,G7307E107,62,23641,,
DYNATRONICS CORP,268157401,61,61159,,
EBANG INTERNATIONAL HLDGS-A,G3R33A106,61,59440,,
FUTURE FINTECH GROUP INC,36117V105,61,46446,,FTFT
IMMUTEP LTD-SP ADR,45257L108,61,18722,,
FG FINANCIAL GROUP INC,30259W104,60,16328,,
UNIQUE FABRICATING INC,90915J103,60,30623,,
JANONE INC,47089W104,59,14671,,
STRATA SKIN SCIENCES INC,86272A206,59,40596,,
NOVA LIFESTYLE INC,66979P201,58,31414,,
VIVEVE MEDICAL INC,92852W501,58,51355,,
CENTOGENE NV,N1976T109,57,11157,,
SONIM TECHNOLOGIES INC,83548F200,57,62758,,
ALZAMEND NEURO INC,02262M308,56,29791,,
DATCHAT INC,23816M107,56,18579,,
HEXO CORP,428304307,56,80723,,
ARMATA PHARMACEUTICALS INC,04216R102,55,10188,,
CBAK ENERGY TECHNOLOGY INC,14986C102,55,35345,,
LAVA THERAPEUTICS NV,N51517105,55,10086,,
NOVABAY PHARMACEUTICALS INC,66987P201,55,147318,,
SHARPLINK GAMING LTD,M8273L102,55,20794,,
MIROMATRIX MEDICAL INC,60471P108,54,11810,,
REGIONAL HEALTH PROPERTIES,75903M309,54,12145,,
TITAN PHARMACEUTICALS INC,888314606,54,53053,,
XCEL BRANDS INC,98400M101,54,50354,,
GLORY STAR NEW MEDIA GROUP H,G39973105,53,45347,,
TENAX THERAPEUTICS INC,88032L209,53,51212,,
UNICYCIVE THERAPEUTICS INC,90466Y103,53,26109,,
AMESITE INC,031094105,52,51005,,AMST
OLB GROUP INC,67086U307,52,19788,,
SURGEPAYS INC,86882L204,52,26205,,
CHINA AUTOMOTIVE SYSTEMS INC,16936R105,51,19314,,
VIOMI TECHNOLOGY CO LTD-ADR,92762J103,51,21467,,
SUNLINK HEALTH SYSTEMS INC,86737U102,50,32987,,
TAITRON COMPONENTS INC-CL A,874028103,50,12619,,
ACUITYADS HOLDING INC,00510L106,49,13269,,
AURORA MOBILE LTD-ADR,051857100,49,47465,,
CIA SIDERURGICA NACL-SP ADR,20440W105,49,11181,,
ENTERA BIO LTD,M40527109,49,17597,,ENTX
GALMED PHARMACEUTICALS LTD,M47238106,49,27177,,GLMD
NUWELLIS INC,67113Y108,49,43819,,
PURPLE BIOTECH LTD-ADR,74638P109,49,12666,,
TAOPING INC,G8675V119,49,26336,,TAOP
XUNLEI LTD-ADR,98419E108,49,24768,,
LIXTE BIOTECHNOLOGY HOLDINGS,539319202,48,40658,,
ONCOLYTICS BIOTECH INC,682310875,48,34659,,ONCY
9F INC - ADR,65442R109,46,42546,,
BORQS TECHNOLOGIES INC,G1466B103,46,125741,,
DERMATA THERAPEUTICS INC,249845108,46,26666,,
HUDSON CAPITAL INC,G4645C208,46,16721,,
IMV INC,44974L103,46,38325,,
UNIVERSAL SECURITY INSTRUMNT,913821302,46,13652,,
AKARI THERAPEUTICS PLC-ADR,00972G108,45,30264,,
MEDICENNA THERAPEUTICS CORP,58490H107,45,27633,,MDNAF
ASLAN PHARMACEUTICALS LT-ADR,04522R101,44,39841,,
MEDIWOUND LTD,M68830104,44,18827,,MDWD
PARTS ID INC,702141102,44,18397,,
PRESIDIO PROPERTY TRUST - A,74102L303,44,11438,,
SIFY TECHNOLOGIES-SPON ADR,82655M107,44,13702,,
APTOSE BIOSCIENCES INC,03835T200,43,32455,,APTOF
BURCON NUTRASCIENCE CORP,120831102,43,37560,,BRCNF
FORWARD INDUSTRIES INC,349862300,43,28142,,
NEW CONCEPT ENERGY INC,643611106,43,18365,,
THERMOGENESIS HOLDINGS INC,88362L100,43,43374,,
UTSTARCOM HOLDINGS CORP,G9310A114,43,48947,,UTSI
INSPIREMD INC,45779A846,42,14051,,
CHINA XIANGTAI FOOD CO LTD,G21621100,41,30160,,
SPI ENERGY CO LTD,G8651P110,41,11554,,
CHECK CAP LTD,M2361E203,39,58636,,
CONIFER HOLDINGS INC,20731J102,38,16708,,
EMERSON RADIO CORP,291087203,38,47668,,MSN
RETO ECO-SOLUTIONS INC,G75271109,38,22427,,
TREVI THERAPEUTICS INC,89532M101,38,49077,,
AVALON HOLDINGS CORP-A,05343P109,37,10366,,
DBV TECHNOLOGIES SA-SPON ADR,23306J101,37,23666,,
AGRIFORCE GROWING SYSTEMS LT,C00948106,36,17646,,
CUENTAS INC,229794201,36,27795,,CUENW
FLORA GROWTH CORP,339764102,36,20412,,
NISUN INTERNATIONAL ENTERPRI,G6593L106,36,11226,,
PLURISTEM THERAPEUTICS INC,72940R300,36,25169,,
REWALK ROBOTICS LTD,M8216Q200,36,29639,,
PINGTAN MARINE ENTERPRISE LT,G7114V102,35,62069,,
SENSTAR TECHNOLOGIES LTD,M8T77E105,35,12188,,
ALTAMIRA THERAPEUTICS LTD,G0360L100,34,18871,,CYTOF
ELYS GAME TECHNOLOGY CORP,290734102,34,11486,,
IRSA PROPIEDADES COMERCI-ADR,463588103,34,15135,,
PROFESSIONAL DIVERSITY NETWO,74312Y202,34,35028,,
NOVO INTEGRATED SCIENCES INC,67011T201,33,24667,,
TITAN MEDICAL INC,88830X819,33,54356,,
TOP SHIPS INC,Y8897Y180,33,40167,,TOPS
AETERNA ZENTARIS INC,007975402,32,91492,,
BIONDVAX PHARMACEUTICALS-ADR,09073Q105,32,13768,,
ENSERVCO CORP,29358Y201,32,37876,,
EVER-GLORY INTERNATIONAL GRO,299766204,32,13112,,
GAMIDA CELL LTD,M47364100,32,12700,,
UCOMMUNE INTERNATIONAL LTD-A,G9449A100,32,47079,,
AGM GROUP HOLDINGS INC,G0132V105,31,12918,,
STAFFING 360 SOLUTIONS INC,852387406,31,34367,,
VERY GOOD FOOD CO INC/THE,88340B109,31,42576,,
CHINA INDEX HDS-ADR,16954W101,29,30315,,
DIGITAL BRANDS GROUP INC,25401N101,29,12863,,
COLOR STAR TECHNOLOGY CO LTD,G2287A100,27,55164,,
E-HOME HOUSEHOLD SERVICE,G2952X104,27,18833,,
GAOTU TECHEDU INC,36257Y109,27,13945,,GOTU
METACRINE INC,59101E103,27,40168,,
MAMAMANCINI'S HOLDINGS INC,56146T103,25,12805,,
NABRIVA THERAPEUTICS PLC,G63637113,25,42738,,
PAINREFORM LTD,M77798102,25,19107,,
YATRA ONLINE INC,G98338109,25,14712,,
EQONEX LTD,Y2074E109,24,13223,,
LIMINAL BIOSCIENCES INC,53272L103,24,22737,,
ACASTI PHARMA INC,00430K873,23,18348,,
FARMMI INC,G33277107,23,104235,,
KAIVAL BRANDS INNOVATIONS GR,483104204,23,31106,,
LIZHI INC,53933L104,23,12605,,
17 EDUCATION & TECHNOLOGY GR,81807M205,22,18055,,
ANTELOPE ENTERPRISE HOLDINGS,G041JN106,21,13809,,AEHL
DATASEA INC,238116206,21,13579,,
PARAMOUNT GOLD NEVADA CORP,69924M109,21,30702,,PZG
ADDVANTAGE TECHNOLOGIES GRP,006743306,20,11928,,
PYXIS TANKERS INC,Y71726106,20,42562,,PXS
BLUECITY HOLDINGS LTD-ADR,09610L106,19,12442,,
FANGDD NETWORK GROUP LTD-ADR,30712L109,19,42320,,
RECON TECHNOLOGY LTD-CLASS A,G7415M124,19,15122,,
STEALTH BIOTHERAPEUTICS CORP,85789A105,19,23317,,
CODE CHAIN NEW CONTINENT LTD,19200A105,18,17695,,
CHINA JO-JO DRUGSTORES HOLDI,G2124G104,17,47150,,
CHINA SXT PHARMACEUTICALS IN,G2161P116,17,26642,,
MINIM INC,60365W102,17,14155,,
PUHUI WEALTH INVESTMENT MANA,G7306H101,17,11943,,
SAFE-T GROUP LTD-ADR,78643B401,17,24878,,
NLS PHARMACEUTICS LTD,H57830103,16,14362,,
SKYLIGHT HEALTH GROUP INC,83086L205,16,12822,,
LION GROUP HOLDING LTD-S ADR,53620U102,15,11889,,
TUNIU CORP-SPON ADR,89977P106,15,16132,,
LIQUID MEDIA GROUP LTD,53634Q204,14,14232,,
SPLASH BEVERAGE GROUP INC,84862C203,14,12298,,
INFOBIRD CO LTD,G47724102,12,11582,,
ITERUM THERAPEUTICS PLC,G6333L101,12,33113,,
NEPTUNE WELLNESS SOLUTIONS I,64079L105,12,31439,,
ZW DATA ACTION TECHNOLOGIES,98880R109,12,12732,,
ONESMART INTL ED GROUP LTD,68276W103,11,26587,,
XTANT MEDICAL HOLDINGS INC,98420P308,11,21204,,
ECMOHO LTD,27888P104,10,25665,,
NEOVASC INC,64065J304,10,21359,,
ALTERITY THERAPEUTICS-ADR,02155X106,8,12128,,
BIT BROTHER LTD,G1144D109,8,15078,,
MMTEC INC,G6181K106,8,12794,,
CHINA NATURAL RESOURCES INC,G2110U109,7,12136,,CHNR
SENMIAO TECHNOLOGY LTD,817225105,6,16727,,AIHS
BLUE HAT INTERACTIVE ENTERTA,G1329V106,5,13117,,
TD HOLDINGS INC,87250W103,5,13130,,
CYREN LTD,M26895108,3,13132,,
