name_of_issuer,cusip,value_usd_thousands,shares,put_call,ticker
TESLA  INC,88160RAG6,512879,74200,,
AMAZON   COM   INC,023135106,423120,134378,,AMZN
MICROSOFT   CORP,594918104,331221,1574770,,MSFT
FACEBOOK        INC,30303M102,316889,1209960,,
SPDR  S&P    500   ETF  TR,78462F103,275692,823232,,
MOMENTA       PHARMACEUTICALS          INC,60877T100,260616,4966005,,
TD   AMERITRADE       HLDG  CORP,87236Y108,240790,6150446,,
QIAGEN   NV,N72482123,238158,4557179,,
APPLE   INC,037833100,202371,1747442,,AAPL
TIFFANY  &    CO   NEW,886547108,184116,1589259,,
KEURIG   DR   PEPPER  INC,49271V100,163051,5907643,,KDP
ALPHABET     INC,02079K305,159479,108815,,GOOGN
CROWN  HLDGS     INC,228368106,133086,1731533,,
BLACKSTONE       GROUP     INC,09260D107,130927,2508185,,
GENERAC   HLDGS      INC,368736104,126213,651793,,
PERSHING     SQUARE     TONTINE     HLDG,71531R109,119711,5275934,,
ALIBABA   GROUP      HLDG   LTD,01609W102,119610,406865,,
VISA   INC,92826C839,115483,577500,CALL,V
NIO   INC,62914V106,114578,5399546,,NIOIF
ENTERGY   CORP     NEW,29364G103,114026,1157270,,
SQUARE   INC,852234AD5,113531,52576,,
PARKER-HANNIFIN         CORP,701094104,110338,545308,,PH
FOLEY   TRASIMENE    ACQUISITION,344328208,107100,10500000,,
TESLA  INC,88160R101,106137,247400,CALL,
BRISTOL-MYERS     SQUIBB     CO,110122108,102963,1707800,PUT,
WILLIAMS   COS     INC,969457100,99514,5064339,,
NATERA   INC,632307104,97305,1346966,,
CHUBB   LIMITED,H1467J104,93986,809385,,
EXACT   SCIENCES    CORP,30063P105,92207,904435,,
BUNGE   LIMITED,G16962105,90763,1986061,,
TESLA  INC,88160RAC5,90602,15200,,
CACI   INTL   INC,127190304,88589,415597,,
BIO   RAD     LABS   INC,090572207,86273,167370,,
PAYPAL    HLDGS  INC,70450Y103,84920,431000,CALL,
MARATHON       PETE  CORP,56585A102,84395,2876450,,
GLOBAL   PMTS     INC,37940X102,83020,467506,,
CARRIER    GLOBAL     CORPORATION,14448C104,78996,2586636,,CARR
DARDEN   RESTAURANTS     INC,237194105,78701,781228,,DRI
AMERICAN  ELEC   PWR     CO   INC,025537101,78390,959131,,
NVIDIA  CORPORATION,67066G104,76529,141400,CALL,NVDA
PPD   INC,69355F102,76520,2068680,,
CATERPILLAR       INC  DEL,149123101,73635,493700,CALL,CAT
SELECT  SECTOR     SPDR  TR,81369Y407,73097,497329,,
ORACLE   CORP,68389X105,72930,1221600,CALL,ORCL-PD
KBR  INC,48242W106,72494,3242127,,
AVIENT   CORPORATION,05368V106,71047,2685087,,AVNT
PULTE   GROUP  INC,745867101,70796,1529392,,
VALE   S  A,91912E105,69724,6590158,,
CISCO   SYS     INC,17275R102,69301,1759349,,
INVESCO  QQQ  TR,46090E103,69136,248834,,
LOUISIANA     PAC    CORP,546347105,68655,2326516,,
TESLA  INC,88160RAD3,68624,10500,,
VARIAN   MED   SYS   INC,92220P105,68559,398600,PUT,
E    TRADE  FINANCIAL   CORP,269246401,67765,1353952,,
COSTAR   GROUP   INC,22160N109,67340,79363,,
NVR   INC,62944T105,67310,16485,,NVR
US   ECOLOGY  INC,91734M111,67023,2051500,CALL,
CATALENT   INC,148806102,67009,782268,,
CARDINAL  HEALTH      INC,14149Y108,66226,1410565,,CAH
DOVER   CORP,260003108,66142,610507,,DOV
FTAC   OLYMPUS   ACQUISITION    COR,G37288118,65000,6500000,,
STEEL  DYNAMICS          INC,858119100,64317,2246502,,STLD
FLYING     EAGLE   ACQUISITION    COR,34407Y103,63847,5250600,,
DECKERS     OUTDOOR    CORP,243537107,63570,288941,,DECK
BHP  GROUP    PLC,05545E209,63380,1485693,,
EOG     RES     INC,26875P101,62701,1744614,,
SELECT  SECTOR     SPDR  TR,81369Y886,62664,1055300,CALL,
ALLIANT   ENERGY    CORP,018802108,62350,1207157,,LNT
DUKE   REALTY     CORP,264411505,62184,1685211,,
AMGEN   INC,031162100,62091,244300,PUT,AMGN
COHN   ROBBINS     HOLDINGS    CORP,G23726121,61751,6120000,,
FIRST  INDL   RLTY  TR   INC,32054K103,61475,1544599,,
COUPA   SOFTWARE      INC,22266LAC0,61182,33568,,
AT&T  INC,00206R102,57710,2024200,CALL,T-PC
FARFETCH     LTD,30744W107,57573,2288262,,
ALPHABET     INC,02079K107,57167,38900,CALL,GOOGN
PG&E   CORP,69331C140,55446,565771,,PCG-PX
TWILIO   INC,90138FAB8,55311,15887,,TWLO
ADOBE   SYSTEMS       INCORPORATED,00724F101,55173,112500,CALL,
TRACTOR     SUPPLY   CO,892356106,54971,383498,,
MERCK   &  CO.   INC,58933Y105,54223,653685,,
INVITATION     HOMES    INC,46187W107,53238,1902027,,INVH
FIREEYE  INC,31816QAD3,53170,54533,,
TAPESTRY     INC,876030107,53154,3400751,,
SCHLUMBERGER         LTD,806857108,53141,3415225,,
POOL   CORP,73278L105,53009,158454,,POOL
RAYTHEON  TECHNOLOGIES          CORP,75513E101,52620,914500,PUT,
ASHLAND   GLOBAL     HLDGS     INC,044186104,52358,738269,,
INTEL  CORP,458140100,52153,1007200,CALL,INTC
UDR   INC,902653104,51942,1592818,,
PINDUODUO     INC,722304AB8,51920,28700,,
AGCO    CORP,001084102,51731,696527,,
FIVE   BELOW   INC,33829M101,51373,404513,,
NUVASIVE     INC,670704105,51221,1054580,,
MID-AMER    APT  CMNTYS      INC,59522J103,51093,440643,,
LUMENTUM        HLDGS      INC,55024U109,51014,679011,,
EATON  VANCE  CORP,278265103,50963,1335861,,
PERFORMANCE     FOOD     GROUP    CO,71377A103,50915,1470678,,PFGC
AEROJET    ROCKETDYNE      HLDGS     INC,007800105,50834,1274366,,
BANK  NEW   YORK  MELLON    CORP,064058100,50725,1477138,,
CARVANA    CO,146869102,50502,226405,,CVNA
EVERGY   INC,30034W106,50485,993409,,
FIDELITY   NATIONAL   FINANCIAL,31620R303,50123,1600868,,
PROCTER   AND   GAMBLE  CO,742718109,50064,360200,CALL,
HUNT   J  B  TRANS     SVCS  INC,445658107,49971,395400,,
SPLUNK   INC,848637AC8,49700,35683,,
BITAUTO   HLDGS      LTD,091727107,49088,3116679,,
HENRY   JACK  &    ASSOC  INC,426281101,48919,300874,,
SBA     COMMUNICATIONS          CORP    NEW,78410G104,48807,153249,,SBAC
PEPSICO   INC,713448108,48773,351900,CALL,PEP
D    R  HORTON   INC,23331A109,48738,644429,,
MAGNA  INTL    INC,559222401,48716,1064839,,
UNITED  THERAPEUTICS           CORP  DEL,91307C102,48404,479246,,UTHR
GS   ACQUISITION         HLDGS     CORP     II,36258Q105,47990,4460000,,
TWC   TECH  HLDGS     II   CORP,90117G204,47817,4725000,,
REDBALL     ACQUISITION        CORP,G7417R121,47565,4500000,,
ZENDESK     INC,98936J101,47401,460557,,
WHIRLPOOL   CORP,963320106,47365,257570,,
CAESARS  ENTERTAINMENT         INC  NE,12769G100,47350,844638,,
CUBESMART,229663109,47327,1464778,,CUBE
WAYFAIR  INC,94419LAD3,46838,18211,,W
WP      CAREY    INC,92936U109,46614,715381,,
CHURCHILL   CAPITAL      CORP    IV,171439102,46553,4760000,,
AMPHENOL   CORP    NEW,032095101,46316,427787,,
VERTIV   HOLDINGS     CO,92537N116,46299,2673155,CALL,VRT
IHS   MARKIT     LTD,G47567105,46164,587998,,
HUNTSMAN     CORP,447011107,46101,2075679,,HUN
VOYA   FINANCIAL       INC,929089100,46035,960470,,
GOLDMAN  SACHS   GROUP    INC,38141G104,45902,228403,,GS-PD
UNITEDHEALTH        GROUP  INC,91324P102,45749,146741,,UNH
HORIZON     THERAPEUTICS     PUB  L,G46188101,45742,588848,,
SENSATA    TECHNOLOGIES         HLDNG  P,G8060N102,45557,1056038,,
CENTERPOINT     ENERGY      INC,15189T107,45247,2338337,,CNP
NATIONAL     GEN   HLDGS  CORP,636220303,45080,1335717,,
NEXTERA     ENERGY     INC,65339F739,44941,947120,,NEE-PS
MORGAN   STANLEY,617446448,44849,927600,CALL,MS-PQ
RELIANCE    STEEL    &  ALUMINUM       CO,759509102,44656,437634,,
SPIRIT   AIRLS    INC,848577102,44604,2770407,,
DUNKIN   BRANDS       GROUP   INC,265504100,44588,544351,,
TELEDYNE    TECHNOLOGIES           INC,879360105,44430,143225,,TDY
ZILLOW   GROUP   INC,98954M200,44390,436952,,
HORIZON     ACQUISITION     CORP,G46049121,44325,4260000,,
KNIGHT   SWIFT     TRANSN    HLDGS  IN,499049104,44249,1087207,,
LANCASTER    COLONY      CORP,513847103,44099,246638,,
BORGWARNER     INC,099724106,44006,1135942,,BWA
CHANGE   HEALTHCARE       INC,15912K100,43557,3001854,,
ISHARES  TR,464287556,42939,317100,CALL,
ARCH   CAP   GROUP    LTD,G0450A105,42895,1466498,,
LIFE  STORAGE    INC,53223X107,41916,398176,,
MONOLITHIC       PWR   SYS  INC,609839105,41689,149098,,
CARETRUST     REIT   INC,14174T107,41112,2310318,,
SOCIAL   CAP  HEDSPIA   HLDG  CO       I,G8251K107,41044,3294079,,
WESTROCK   CO,96145D105,41044,1181471,,
CIMAREX   ENERGY       CO,171798101,40959,1683491,,
EMERSON   ELEC    CO,291011104,40916,624004,,
ISHARES  TR,464287234,40904,927731,,
THOMSON    REUTERS       CORP.,884903709,40150,503317,,
REINVENT    TECHNOLOGY         PARTNERS,G7483N111,39917,3474138,,
CHURCHILL   CAPITAL      CORP    IV,171439201,39843,3976322,,
MARKEL     CORP,570535104,39766,40840,,
CMS   ENERGY     CORP,125896100,39758,647419,,CMS-PC
COPART   INC,217204106,39645,376994,,CPRT
ROYAL   DUTCH     SHELL    PLC,780259107,39516,1631532,,
F    M  C  CORP,302491303,39425,372248,,
SERVICEMASTER       GLOBAL    HLDGS   I,81761R109,38922,975990,,
BIOMARIN   PHARMACEUTICAL       INC,09061G101,38730,509064,,BMRN
APTARGROUP     INC,038336103,38713,341987,,
SYNCHRONY      FINANCIAL,87165B103,38560,1473433,,SYF-PB
DUPONT   DE    NEMOURS   INC,26614N102,38559,695000,CALL,
PERKINELMER   INC,714046109,38182,304212,,
FIRST  SOLAR     INC,336433107,38080,575231,,
COSTCO   WHSL    CORP  NEW,22160K105,37879,106700,CALL,
TANDEM  DIABETES       CARE    INC,875372203,37735,332471,,TNDM
ISHARES  TR,464287465,37696,592233,,
SPECTRUM     BRANDS    HLDGS     INC  NE,84790A105,37383,654010,,
AMERICAN  FINL   GROUP      INC  OHIO,025932104,37268,556404,,
DISCOVER   FINL     SVCS,254709108,37054,641297,,
ONEOK   INC     NEW,682680103,37020,1424939,,
AMERICOLD     RLTY  TR,03064D108,37015,1035390,,
FOLEY   TRASIMENE    ACQUISTN    COR,34431F104,36958,3567409,,
VESPER   HEALTHCARE       ACQSTN  COR,92538T203,36936,3600000,,
LIVONGO     HEALTH   INC,539183103,36580,261192,,
SUN   CMNTYS   INC,866674104,36497,259565,,
VISTEON   CORP,92839U206,36449,526574,,VC
JAZZ   PHARMACEUTICALS           PLC,G50871105,36334,254812,,JAZZ
PRIMO  WATER    CORPORATION,74167P108,36328,2558333,,
OWENS   CORNING       NEW,690742101,36275,527183,,OC
AES     CORP,00130H105,36220,2000000,CALL,AES
ATLASSIAN       CORP  PLC,G06242104,35954,197778,,
MARTIN     MARIETTA     MATLS     INC,573284106,35844,152293,,
GORES   HLDGS      V   INC,382864205,35662,3445609,,
TAL  EDUCATION        GROUP,874080104,35524,467172,,TAL
JAWS   ACQUISITION      CORP,G50744104,35498,3409997,,
SS&C  TECHNOLOGIES      HLDGS  INC,78467J100,35492,586452,,
TAUBMAN     CTRS  INC,876664103,35417,1063893,,
POST   HLDGS   INC,737446104,35278,410204,,
NOBLE   ENERGY     INC,655044105,35252,4123090,,
OMNICOM     GROUP     INC,681919106,35200,711111,,OMC
DISNEY  WALT    CO,254687106,35177,283500,CALL,
GALLAGHER       ARTHUR     J  &    CO,363576109,35166,333075,,
SIBANYE  STILLWATER         LTD,82575P107,34997,3141562,,SBYSF
REPUBLIC   SVCS    INC,760759100,34853,373360,,
GOODRX   HLDGS     INC,38246G108,34838,626577,,
CC   NEUBERGER     PRIN  HLDGS     II,G3166T103,34546,3437400,,
FINTECH   ACQUISITION        CORP  III,31811A119,34358,3332500,CALL,
CONCHO   RES   INC,20605P101,34294,777293,,
NISOURCE     INC,65473P105,34147,1552159,,NI
JPMORGAN        CHASE      &  CO,46625H100,34118,354400,CALL,JPM-PM
MSCI  INC,55354G100,34035,95396,,MSCI
CITIGROUP       INC,172967424,33811,784300,CALL,C-PR
EQUITY   LIFESTYLE       PPTYS  INC,29472R108,33647,548893,,
FTI     CONSULTING        INC,302941109,33642,317464,,
CORELOGIC   INC,21871D103,33556,495880,,
NOVAVAX    INC,670002401,33511,309281,,NVAX
MORNINGSTAR       INC,617700109,33509,208636,,
WALMART       INC,931142103,33411,238800,CALL,WMT
GRAPHIC  PACKAGING       HLDG     CO,388689101,33080,2347742,,
EQUIFAX     INC,294429105,32988,210251,,EFX
ISHARES  TR,464287739,32910,412200,PUT,
CITIC  CAPITAL    ACQUISITION          CO,G21513117,32554,3173890,CALL,
CHURCHILL   CAP    CORP    II,17143G106,32390,3070118,,
CRACKER    BARREL  OLD   CTRY   STOR,22410J106,31900,278212,,
WEC   ENERGY       GROUP    INC,92939U106,31743,327580,,
L3HARRIS         TECHNOLOGIES       INC,502431109,31677,186512,,
CHENIERE     ENERGY     INC,16411R208,31648,683982,,
QORVO     INC,74736K101,31564,244663,,
JANUS   HENDERSON  GROUP     PLC,G4474Y214,31507,1450600,,
PFIZER   INC,717081103,31492,858100,PUT,PFE
CALLAWAY     GOLF   CO,131193104,31488,1645130,,CALY
BUILDERS        FIRSTSOURCE          INC,12008R107,31468,964689,,
QUANTA   SVCS   INC,74762E102,31341,592899,,
KISMET    ACQUISITION    ONE  CORP,G52753129,31287,2450000,,
BILIBILI      INC,090040106,31009,745398,,BLBLF
ITT   INC,45073V108,30990,524808,,ITT
CANNAE   HLDGS     INC,13765N107,30922,829910,,
NIO   INC,62914VAB2,30896,13000,,NIOIF
EQUITY   RESIDENTIAL,29476L107,30882,601635,,EQR
ALTICE   USA   INC,02156K103,30801,1184655,,
RINGCENTRAL       INC,76680R206,30657,111637,,
BLOOMIN   BRANDS       INC,094235108,30621,2005324,,
MCDONALDS      CORP,580135101,30610,139460,,MCD
AGNC    INVT      CORP,00123Q104,30389,2184661,,
EXECUTIVE    NETWORK    PARTNERING,30158L209,30300,1200000,,
DOCUSIGN    INC,256163AB2,30244,10000,,
VICI   PPTYS  INC,925652109,30239,1293910,,
REALPAGE   INC,75606N109,30082,521901,,
QUIDEL   CORP,74838J101,30006,136777,,
IRON   MTN   INC   NEW,46284V101,29892,1115808,,
AMEDISYS    INC,023436108,29568,125061,,
CHURCHILL     DOWNS    INC,171484108,29379,179339,,CHDN
CHINA  BIOLOGIC       PRODS     HLDGS  I,G21515104,29327,263874,,
SELECT  SECTOR     SPDR  TR,81369Y308,29240,456167,,
CLARIVATE PLC,G21810109,29149,940586,,CLVT
AECOM,00766T100,29107,695678,,ACM
THUNDER     BRDG   ACQUISTION    II   L,G8857S116,29089,2851900,,
SPOTIFY     TECHNOLOGY              S  A,L8681T102,29080,119882,,
BK   OF  AMERICA       CORP,060505104,28985,1203200,CALL,
CYRUSONE   INC,23283R100,28956,413478,,
HOME   DEPOT     INC,437076102,28854,103900,CALL,
LIBERTY  MEDIA     CORP  DEL,531229409,28755,866894,,FWONB
LEIDOS   HOLDINGS       INC,525327102,28748,322466,,
ESSEX  PPTY      TR  INC,297178105,28732,143097,,
THE   REALREAL     INC,88339P101,28674,1981648,,
KALEYRA   INC,483379111,28652,3780000,CALL,
BRINKER     INTL  INC,109641100,28646,670559,,
PARSLEY   ENERGY     INC,701877102,28630,3058768,,
ACUITY   BRANDS    INC,00508Y102,28575,279192,,
WESTERN  DIGITAL       CORP.,958102AP0,28572,29890,,WDC
GRACO   INC,384109104,28551,465380,,GGG
AUTONATION     INC,05329W102,28477,538015,,
KINDER   MORGAN    INC   DEL,49456B101,28427,2305476,,
TARGET  CORP,87612E106,28383,180300,CALL,TGT
CURTISS     WRIGHT   CORP,231561101,28192,302290,,CW
CHINA   LODGING    GROUP    LTD,16949NAC3,28152,25000,,
PROSPERITY   BANCSHARES   INC,743606105,28096,542077,,PB
DISH   NETWORK   CORPORATION,25470MAD1,28092,31000,,
FIVE9  INC,338307101,27970,215683,,
UNION   PAC     CORP,907818108,27916,141800,PUT,
AZEK       CO     INC,05478C105,27827,799410,,
NATURA   &CO   HLDG  S   A,63884N108,27786,1525883,,
BOOKING  HOLDINGS        INC,09857L108,27713,16200,CALL,BKNG
BRISTOL-MYERS     SQUIBB     CO,110122157,27706,12313741,,
WESTERN  UN   CO,959802109,27644,1289950,,
SELECT  SECTOR     SPDR  TR,81369Y209,27626,261903,,
CM   LIFE  SCIENCES       INC,18978W208,27560,2632318,,
IDEX   CORP,45167R104,27556,151066,,
SI   BONE   INC,825704109,27510,1159768,,
BLACKLINE   INC,09239BAB5,27407,19900,,
CNH   INDL     N     V,N20944109,27382,3501504,,
KELLOGG    CO,487836108,27342,423309,,
CITIZENS     FINL   GROUP    INC,174610105,27256,1078152,,
MIDDLEBY   CORP,596278101,27137,302497,,MIDD
CONYERS  PK    II   ACQUISITION         CO,212896104,27130,2670310,,
ALLISON   TRANSMISSION     HLDGS     I,01973R101,26812,763000,,
NATIONAL   ENERGY      SERVICES    REU,G6375R115,26637,4175000,CALL,
DOCUSIGN    INC,256163106,26631,123725,,
RAPID7   INC,753422AB0,26617,17053,,
EVERI   HLDGS    INC,30034T103,26266,3183815,,
DOUYU   INTERNATIONAL         HLDNGS     L,25985W105,26158,1980141,,
ROPER   TECHNOLOGIES     INC,776696106,26029,65877,,ROP
ZILLOW   GROUP   INC,98954M101,26009,256149,,
HOSTESS   BRANDS      INC,44109J106,25993,2108084,,
ISHARES  TR,464287242,25928,192473,,
BOWX   ACQUISITION          CORP,103085205,25855,2520000,,
OLD   REP   INTL   CORP,680223104,25783,1749180,,
VANGUARD  WORLD  FDS,92204A603,25713,177616,,
VECTOR     ACQUISITION          CORP,G9442R100,25553,2520000,,
SUNNOVA    ENERGY   INTL     INC.,86745K104,25374,834393,,
21VIANET    GROUP     INC,90138A103,25315,1093056,,
HIGHWOODS    PPTYS     INC,431284108,25200,750673,,
SHOPIFY     INC,82509L107,25189,24623,,SHOP
GRIFOLS   S  A,398438408,25151,1449652,,
QUALCOMM       INC,747525103,25125,213500,CALL,
MASONITE   INTL       CORP,575385109,24983,253897,,
ROKU   INC,77543R102,24843,131586,,
HILLTOP     HOLDINGS   INC,432748101,24790,1204552,,HTH
WILLSCOT    MOBIL  MINI   HLDNG     CO,971378104,24775,1485325,,
LUMINEX         CORP   DEL,55027E102,24768,943558,,
FALCON    CAPITAL     ACQUISITN   COR,30606L207,24696,2400000,,
SELECT  SECTOR     SPDR  TR,81369Y803,24647,211200,CALL,
COPA   HOLDINGS       SA,P31076105,24585,488386,,
SHIFT4     PMTS  INC,82452J109,24546,507563,,
CANADIAN   NATL     RY  CO,136375102,24514,230262,,
GORES   HLDGS      IV  INC,382865103,24453,2371798,,
ACADIA    PHARMACEUTICALS    INC,004225108,24401,591532,,ACAD
BED   BATH  &    BEYOND     INC,075896100,24401,1628927,,
CENTRAL   EUROPEAN        MEDIA  ENTRP,G20045202,24317,5803464,,
PERSPECTA     INC,715347100,24314,1250086,,
BERKSHIRE      HATHAWAY    INC     DEL,084670702,24297,114102,,BRK-A
SSR   MNG   INC,784730103,24287,1300835,,
ACACIA    COMMUNICATIONS     INC,00401C108,24217,359300,CALL,
INFOSYS   LTD,456788108,24174,1750489,,INFY
ISHARES  INC,464286400,24148,873015,,
WESTERN  DIGITAL       CORP.,958102105,24141,660500,PUT,WDC
M    &  T  BK   CORP,55261F104,24066,261330,,
PRIME   IMPACT     ACQUISITION      I,G61074111,24048,2400000,,PRIAF
COUSINS    PPTYS   INC,222795502,24020,840138,,
SUNCOR   ENERGY    INC   NEW,867224107,24013,1963464,,SU
ISHARES  TR,464288513,23978,285787,,
EQUITABLE     HLDGS  INC,29452E101,23958,1313464,,
ZILLOW   GROUP   INC,98954MAG6,23939,10000,,
STARBOARD       VALUE       ACQUISITN    CO,85521J208,23836,2360000,,
AKAMAI   TECHNOLOGIES  INC,00971TAJ0,23833,18500,,AKAM
LINCOLN   NATL   CORP     IND,534187109,23798,759580,,
SUMMIT  MATLS        INC,86614U100,23761,1436573,,
WORKDAY   INC,98138H101,23664,110000,CALL,
CHIPOTLE    MEXICAN    GRILL     INC,169656105,23630,19000,CALL,CMG
PAE     INC,69290Y117,23588,2775000,CALL,
LPL     FINL     HLDGS  INC,50212V100,23560,307287,,
ACADIA    HEALTHCARE  COMPANY     IN,00404A109,23528,798103,,
TAILWIND       ACQUISITION       CORP,87403Q201,23528,2341133,,
US      FOODS  HLDG  CORP,912008109,23470,1056244,,
CHEGG   INC,163092109,23408,327658,,
CINCINNATI     BELL    INC   NEW,171871502,23398,1559864,,
UNITY   SOFTWARE    INC,91332U101,23383,267904,,U
SEMPRA   ENERGY,816851109,23263,196548,,
SMILEDIRECTCLUB         INC,83192H106,23242,1989893,,
TARGA   RES     CORP,87612G101,23041,1642256,,
HASBRO   INC,418056107,22992,277953,,
AGREE   REALTY    CORP,008492100,22983,361139,,ADC-PA
HOLICITY    INC,435063201,22943,2216750,,
GENTEX   CORP,371901109,22836,886824,,GNTX
FLUIDIGM    CORP      DEL,34385P108,22826,3072181,,
WHITING   PETE     CORP   NEW,966387508,22776,1317293,,
MEDTRONIC    PLC,G5960L103,22488,216400,PUT,MDT
GUARDANT    HEALTH       INC,40131M109,22457,200907,,
EVERTEC     INC,30040P103,22426,646106,,
DOMTAR   CORP,257559203,22407,852935,,
WEINGARTEN     RLTY    INVS,948741103,22381,1319650,,
CC   NEUBERGER    PRINCIPAL      HLDNG,G1992Y114,22357,2149719,,
DEVON   ENERGY  CORP    NEW,25179M103,22348,2362363,,
CIRRUS  LOGIC        INC,172755100,22175,328758,,
BJS  WHSL   CLUB    HLDGS  INC,05550J101,22162,533382,,
FORTRESS  VALUE   ACQUISITION       I,349642207,22161,2151500,,
PTC   INC,69370C100,22118,267384,,PTC
ROCKWELL   AUTOMATION        INC,773903109,22108,100179,,
ARMSTRONG    WORLD   INDS   INC,04247X102,22029,320143,,
VIRTU   FINL   INC,928254101,22007,956418,,
TRANSUNION,89400J107,21956,260981,,TRU
APACHE   CORP,037411105,21946,2317459,,
ALLSTATE     CORP,020002101,21905,232688,,ALL-PB
REINSURANCE     GRP     OF   AMERICA    I,759351604,21802,229041,,
ROYAL   DUTCH     SHELL    PLC,780259206,21793,865844,,
ISHARES  TR,464288281,21748,196118,,
KILROY   RLTY   CORP,49427F108,21700,417625,,
SALESFORCE       COM  INC,79466L302,21689,86300,CALL,
AVAYA   HLDGS   CORP,05351XAB7,21674,23000,,
VALMONT      INDS    INC,920253101,21643,174288,,
AMERIPRISE    FINL  INC,03076C106,21598,140144,,
FOX   CORP,35137L105,21568,774981,,FOX
HANNON   ARMSTRONG     SUST   INFR  C,41068X100,21560,510052,,
NETAPP   INC,64110D104,21468,489695,,
ZOETIS   INC,98978V103,21366,129200,PUT,ZTS
PACIFIC  BIOSCIENCES       CALIF  IN,69404D108,21347,2162865,,
UNITED  STS     BRENT     OIL   FD     LP,91167Q100,21337,2003460,,
ALLEGIANT     TRAVEL   CO,01748X102,21315,177918,,ALGT
WINGSTOP    INC,974155103,21268,155636,,WING
DMY     TECHNOLOGY     GROUP       INC  II,233277201,21227,2075000,,
NUANCE     COMMUNICATIONS      INC,67020YAG5,21117,12800,,
BROADSTONE  NET   LEASE      INC,11135E104,21070,1255691,,
AMETEK   INC,031100100,21016,211425,,
SOCIAL   CAP  HEDSPIA   HLDG  CO       I,G8251K123,20961,1520001,,
SEAWORLD   ENTMT     INC,81282V100,20960,1062880,,
I3   VERTICALS     INC,46571Y107,20949,829681,,
NIKE  INC,654106103,20915,166600,CALL,
RLI  CORP,749607107,20784,248227,,RLI
COCA   COLA    CO,191216100,20772,420736,,KO
PACKAGING    CORP     AMER,695156109,20766,190427,,
ALTA   EQUIPMENT       GROUP    INC,02128L114,20750,2650000,CALL,ALTG-PA
ISHARES  TR,464287176,20724,163827,,
VERTIV   HOLDINGS     CO,92537N108,20668,1193330,,VRT
SIRIUS   XM  HOLDINGS   INC,82968B103,20615,3845992,,SIRI
WOODWARD   INC,980745103,20577,256694,,
MATTEL     INC,577081102,20552,1756557,,
INSULET   CORP,45784PAH4,20487,8000,,PODD
PNM   RES   INC,69349H107,20474,495370,,
BLACK   HILLS    CORP,092113109,20417,381706,,
AVID   BIOSERVICES     INC,05368M106,20414,2678984,,
VELODYNE     LIDAR     INC,92259F101,20385,1090680,,
RPM  INTL   INC,749685103,20282,244832,,
IMMUNOVANT    INC,45258J102,20180,573463,,
THERMO     FISHER   SCIENTIFIC   INC,883556102,20177,45700,CALL,TMO
BLUEPRINT    MEDICINES       CORP,09627Y109,20176,217650,,
ONE,G7000X113,20171,1850565,,
GO   ACQUISITION       CORP,362019200,20160,2000000,,
NEWMONT    CORP,651639106,20114,1217000,PUT,
DARLING      INGREDIENTS    INC,237266101,19692,546541,,DAR
BROOKS     AUTOMATION   INC     NEW,114340102,19654,424859,,
SERVICE   CORP   INTL,817565104,19640,465634,,
ELANCO     ANIMAL  HEALTH       INC,28414H103,19629,702780,,ELAN
TORTOISE    ACQUISITION     CORP     II,G89554110,19584,1800000,,
EXPERIENCE       INVT  CORP,30217C109,19564,1946683,,
VIPSHOP  HOLDINGS       LIMITED,92763W103,19507,1247267,,
MICRON    TECHNOLOGY    INC,595112103,19446,414100,CALL,MU
MOSAIC   CO   NEW,61945C103,19257,1054036,,MOS
INMODE      LTD,M5425M103,19193,530484,,INMD
JD.COM     INC,47215P106,19146,246700,CALL,
PINDUODUO     INC,722304102,19135,258053,,
OWENS   &   MINOR     INC   NEW,690732102,19109,760993,,
KONINKLIJKE     PHILIPS      N  V,500472303,19040,403818,,
BOSTON   PROPERTIES       INC,101121101,19019,236844,,
CHEGG   INC,163092AD1,18968,12500,,
STAR   PEAK     ENERGY       TRANSITION,855185203,18963,1850000,,
TC   ENERGY  CORP,87807B107,18952,451035,,TRPRF
IDACORP  INC,451107106,18925,236864,,IDA
ALLEGHENY     TECHNOLOGIES       INC,01741RAG7,18896,18176,,
BERRY  GLOBAL       GROUP  INC,08579W103,18808,389240,,
ASCENDIS     PHARMA    A/S,04351P101,18725,121338,,ASND
KADMON   HLDGS  INC,48283N106,18653,4758388,,
INSU  ACQUISITION       CORP  II,457821304,18643,1800000,,
DROPBOX    INC,26210C104,18568,964088,,
FATE   THERAPEUTICS      INC,31189P102,18544,463946,,FATE
FINTECH   ACQUISITION        CORP  IV,31810N302,18494,1820290,,
MARKETAXESS       HLDGS    INC,57060D108,18482,38378,,
ZOGENIX     INC,98978L204,18479,1030624,,
ALASKA   AIR   GROUP  INC,011659109,18444,503532,,
TELADOC   HEALTH       INC,87918A105,18377,83820,,
CAREDX   INC,14167L103,18340,483397,,
ENVISTA     HOLDINGS    CORPORATION,29415F104,18254,739619,,NVST
CASTLE   BIOSCIENCES     INC,14843C105,18251,354731,,CSTL
KEYCORP,493267108,18247,1529484,,
EVERSOURCE       ENERGY,30040W108,18109,216745,,ES
NAVSIGHT     HLDGS   INC,639358209,18108,1800000,,
FOUR   CORNERS       PPTY     TR  INC,35086T109,17996,703257,,
ISHARES  TR,464287655,17989,120097,,
BOYD   GAMING      CORP,103304101,17926,584096,,BYD
CHAMPIONX     CORPORATION,15872M104,17908,2241353,,
NATIONAL  STORAGE       AFFILIATES,637870106,17827,544991,,
CHEVRON   CORP   NEW,166764100,17803,247264,,CVX
NORWEGIAN  CRUISE      LINE    HLDG  L,G66721104,17802,1040453,,
TREBIA   ACQUISITION     CORP,G9027T109,17733,1741943,,
MASTEC     INC,576323109,17707,419608,,MTZ
YUCAIPA       ACQUISITION        CORP,G9879L121,17646,1730001,,
OAK  STR  HEALTH     INC,67181A107,17643,330138,,
CNX  RES   CORP,12653C108,17634,1867979,,
ARTIUS   ACQUISITION         INC,04316G105,17594,1769997,,
LG   DISPLAY      CO   LTD,50186V102,17591,2693902,,
FINSERV   ACQUISITION        CORP,318085107,17553,1750000,,
SURGERY     PARTNERS        INC,86881A100,17520,799986,,
JOHNSON  &    JOHNSON,478160104,17436,117115,,JNJ
TREX   CO  INC,89531P105,17404,243078,,TREX
HEALTHCARE  TR    AMER    INC,42225P501,17393,668944,,
LKQ   CORP,501889208,17345,625506,,LKQ
NEXTERA     ENERGY     PARTNERS    LP,65341B106,17338,289154,,
GS   ACQUISITION         HLDGS     CORP     II,36258Q204,17294,1540000,,
HELEN   OF  TROY   LTD,G4388N106,17264,89213,,HELE
IAC   INTERACTIVECORP        NEW,44891N109,17254,144047,,
PURPLE     INNOVATION      INC,74640Y106,17155,690079,,
IMMUNOGEN    INC,45253H101,17119,4755374,,
PETIQ   INC,71639T106,17092,519193,,
ASCENDANT       DIGITAL     ACQUISITIO,G05155125,17042,1620000,,
SUNSTONE  HOTEL      INVS  INC   NEW,867892101,17025,2144166,,
HAYMAKER  ACQUISITION         CORP  II,42087L101,17018,1701814,,
SEI     INVTS     CO,784117103,17011,335391,,
MACROGENICS        INC,556099109,16911,671326,,MGNX
VEEVA   SYS   INC,922475108,16857,59950,,
PIONEER   NAT   RES     CO,723787107,16850,195950,,
BERKLEY     W  R    CORP,084423102,16823,275104,,WRB-PH
CC   NEUBERGER       PRIN  HLDGS      II,G3166T129,16822,1628439,,
GODADDY     INC,380237107,16763,220648,,GDDY
CRAFT  BREW    ALLIANCE  INC,224122101,16700,1011501,,
NEW  YORK  TIMES      CO,650111107,16591,387741,,NYT
MONDELEZ     INTL     INC,609207105,16586,288700,CALL,
PAPA  JOHNS    INTL   INC,698813102,16573,201426,,
NUTANIX     INC,67059NAB4,16472,17500,,
VANECK  VECTORS  ETF  TR,92189F403,16403,782961,,
WELLS   FARGO  CO    NEW,949746101,16403,697700,PUT,
DFP   HEALTHCARE    ACQUISITNS   CO,23343Q100,16365,1576600,,
XPENG     INC,98422D105,16344,814343,,XPNGF
RENAISSANCERE       HLDGS      LTD,G7496G103,16341,96273,,
ISHARES  TR,464287184,16304,388201,,
FINSERV   ACQUISITION        CORP,318085115,16299,1625000,CALL,
ARES   MANAGEMENT   CORPORATION,03990B101,16288,402964,,ARES-PB
EQUINIX   INC,29444U700,16267,21400,PUT,EQIX
TEXAS  INSTRS  INC,882508104,16224,113621,,
ACAMAR   PARTNERS   ACQSITION           CO,004285102,16187,1583817,,
NETSTREIT    CORP,64119V303,16119,882729,,NTST
BRINKS   CO,109696104,16038,390321,,BCO
NEW  FRONTIER     HEALTH     CORP,G6461G114,16023,2100000,CALL,
CELANESE     CORP     DEL,150870103,16010,149002,,CE
AIMMUNE    THERAPEUTICS       INC,00900T107,16009,464696,,
VPC   IMPACT      ACQUISITION         HLDNG,G9441E126,16000,1600000,,
SOUTH  ST  CORP,840441109,15991,332105,,
RETROPHIN     INC,761299106,15988,866109,,
CHURCHILL     CAP   CORP    III,17144C104,15902,1551388,,
LIMELIGHT   NETWORKS      INC,53261M104,15748,2734084,,
INGREDION     INC,457187102,15696,207397,,INGR
OAKTREE   ACQUISITION     CORP  II,G6715X129,15680,1523846,,
AMDOCS     LTD,G02602103,15661,272798,,DOX
CHURCH   &  DWIGHT   INC,171340102,15615,166627,,
VANGUARD  SCOTTSDALE    FDS,92206C409,15609,188400,,
DIVERSIFIED       HEALTHCARE    TR,25525P107,15575,4424697,,
UMPQUA   HLDGS     CORP,904214103,15572,1466263,,
ASPIRATIONAL      CONSUMER      LIFEST,G05436129,15500,1550000,,
SCHRODINGER    INC,80810D103,15488,326005,,
EQUITY   DISTR     ACQUISITION  COR,29465E205,15450,1500000,,
LIBERTY  MEDIA     CORP  DEL,531229AB8,15356,14000,,FWONB
ISHARES  TR,464288588,15353,139067,,
NVENT   ELECTRIC     PLC,G6700G107,15277,863590,,NVT
NETFLIX   INC,64110L106,15240,30478,,NFLX
TILRAY   INC,88688TAB6,15225,36250,,
LENNOX   INTL     INC,526107107,15202,55763,,
BROWN   FORMAN    CORP,115637209,15200,201802,,BF-B
SPLUNK   INC,848637104,15182,80700,PUT,
TECHNIPFMC  PLC,G87110105,15002,2377548,,FTI
BOEING  CO,097023105,14986,90679,,BA-PA
INPHI   CORP,45772F107,14967,133335,,
FINTECH   ACQUISITION        CORP  III,31811A101,14950,1450000,,
AMERICAN  EXPRESS     CO,025816109,14937,149000,CALL,AXP
NEW  RESIDENTIAL       INVT     CORP,64828T201,14907,1875036,,
MGIC  INVT    CORP  WIS,552848103,14840,1674927,,
CVS   HEALTH     CORP,126650100,14828,253900,CALL,CVS
BIOLIFE   SOLUTIONS      INC,09062W204,14812,511816,,BLFS
CHP   MERGER     CORP,12558Y106,14762,1448660,,
MGM   GROWTH   PPTYS    LLC,55303A105,14719,526038,,
AXOGEN         INC,05463X106,14662,1260714,,
CANADA   GOOSE    HLDGS     INC,135086106,14606,454036,,
JUNIPER    NETWORKS     INC,48203R104,14593,678760,,
CYTOKINETICS    INC,23282W605,14574,673187,,CYTK
FORTIVE   CORP,34959JAK4,14561,14500,,FTV
MYRIAD     GENETICS    INC,62855J104,14534,1114565,,MYGN
INGERSOLL    RAND      INC,45687V106,14511,407608,,IR
ATLANTIC     UN   BANKSHARES   CORP,04911A107,14467,676999,,
ERICSSON,294821608,14465,1328328,,
DONALDSON     INC,257651109,14450,311286,,
BRIGHT   HORIZONS       FAM   SOL  IN   D,109194100,14408,94767,,
AFFIMED     N     V,N01045108,14395,4246451,,
ENERGIZER     HLDGS   INC     NEW,29272W109,14370,367150,,
FIRSTENERGY    CORP,337932107,14355,500000,CALL,FE
ABBVIE    INC,00287Y109,14349,163824,,ABBV
TE   CONNECTIVITY       LTD,H84989104,14295,146259,,
ADIENT    PLC,G0084W101,14246,822067,,ADNT
NATIONAL  VISION     HLDGS       INC,63845R107,14231,372154,,
E    L  F  BEAUTY          INC,26856L103,14198,772881,,
CUREVAC     N   V,N2451R105,14181,304637,,
ESSENTIAL     UTILS       INC,29670G102,14136,351207,,
ADVANCED      DISP   SVCS  INC  DEL,00790X101,14100,466426,,
AT   HOME   GROUP     INC,04650Y100,14052,945594,,
HARMONY   BIOSCIENCES     HLDGS     IN,413197104,14044,414287,,
JOYY       INC,46591M109,13991,173433,,JOYY
RED  ROCK    RESORTS    INC,75700L108,13955,816071,,
KEMPER     CORP,488401100,13939,208570,,KMPB
CROCS   INC,227046109,13903,325366,,
AMERICAN    AIRLS      GROUP   INC,02376RAF9,13885,15000,,
SOCIEDAD       QUIMICA      Y  MINERA  DE,833635105,13873,427906,,
SILGAN     HOLDINGS     INC,827048109,13794,375141,,SLGN
COHEN   &   STEERS    INC,19247A100,13753,246732,,
TERADYNE    INC,880770AG7,13752,5385,,
COMSTOCK   RES   INC,205768302,13750,3139268,,
CANADIAN     NAT   RES  LTD,136385101,13722,857105,,
PDC     ENERGY     INC,69327R101,13703,1105517,,
MATCH   GROUP   INC  NEW,57667L107,13680,123632,,
EMERGENT     BIOSOLUTIONS          INC,29089Q105,13667,132269,,EBS
NORDSTROM     INC,655664100,13641,1144364,,
SENSIENT   TECHNOLOGIES       CORP,81725T100,13631,236083,,SXT
ALEXION   PHARMACEUTICALS            INC,015351109,13583,118700,PUT,
WIX   COM     LTD,92940WAB5,13526,7200,,
HUDSON   EXECUTIVE      INVT   CORP,443761101,13516,1375000,,
CF   FINANCE     ACQUISITION   CORP,15725Q203,13486,1345600,,
OSHKOSH   CORP,688239201,13480,183398,,OSK
COMMUNITY   HEALTHCARE       TR   INC,20369C106,13453,287712,,
TEXAS  CAP   BANCSHARES    INC,88224Q107,13450,432057,,
TCR2   THERAPEUTICS      INC,87808K106,13434,661101,,
CHARTER  COMMUNICATIONS        INC   N,16119P108,13423,21500,CALL,
CHEMED   CORP    NEW,16359R103,13396,27888,,CHE
LANDSTAR    SYS    INC,515098101,13364,106493,,
PERSHING     SQUARE     TONTINE     HLDG,71531R117,13301,586214,CALL,
INTERNATIONAL    BUSINESS     MACHS,459200101,13299,109300,CALL,
LOWES  COS    INC,548661107,13269,80000,CALL,
WSFS       FINL   CORP,929328102,13258,491566,,
DAQO   NEW  ENERGY  CORP,23703Q203,13252,97987,,DQ
ABBOTT    LABS,002824100,13201,121300,CALL,
REPLIGEN       CORP,759916109,13145,89094,,RGEN
FORTRESS  VALUE   ACQUISITION       C,34962V205,13125,875001,,
GCI   LIBERTY     INC,36164V305,13116,160027,,
GENMARK   DIAGNOSTICS       INC,372309104,13113,923485,,
AUTODESK     INC,052769106,13065,56554,,
BIG   LOTS    INC,089302103,13060,292818,,
T-MOBILE    US   INC,872590104,13014,113800,CALL,
EATON   CORP  PLC,G29183103,12976,127174,,ETN
SHIP   FINANCE    INTERNATIONAL        L,G81075AF3,12932,13150,,
ALLEGION     PLC,G0176J109,12896,130379,,ALLE
AXONICS           MODULATION      TECHNOLOG,05465P101,12891,252559,,
3M   CO,88579Y101,12862,80300,PUT,MMM
AUTOZONE     INC,053332102,12836,10900,CALL,AZO
OKTA   INC,679295105,12831,60000,PUT,
HESKA   CORP,42805E306,12784,129406,,
PRICE  T  ROWE   GROUP    INC,74144T108,12784,99705,,TROW
BAOZUN     INC,06684L103,12773,393649,,BZUN
SONY   CORP,835699307,12764,166311,,
CARLISLE   COS   INC,142339100,12737,104089,,
EQT     CORP,26884L109,12707,982748,,EQT
COTY   INC,222070203,12687,4699036,,COTY
AXON       ENTERPRISE        INC,05464C101,12657,139550,,
DIAMONDROCK     HOSPITALITY       CO,252784301,12646,2494294,,DRH
SAGE   THERAPEUTICS        INC,78667J108,12637,206751,,
SPIRIT   RLTY   CAP    INC  NEW,84860W300,12500,370358,,
WPX   ENERGY     INC,98212B103,12485,2547963,,
CARNIVAL   PLC,14365C103,12443,963103,,
UNILEVER     PLC,904767704,12414,201263,,UNLYF
POTLATCHDELTIC         CORPORATION,737630103,12404,294624,,
ISHARES  TR,464287457,12379,143090,,
OGE  ENERGY    CORP,670837103,12371,412502,,OGE
SWITCHBACK     ENERGY    ACQUISTN   C,87105M102,12345,791364,,
EXXON      MOBIL     CORP,30231G102,12338,359400,CALL,
ARENA   PHARMACEUTICALS      INC,040047607,12327,164818,,
VIVINT   SOLAR   INC,92854Q106,12327,291081,,
GFL   ENVIRONMENTAL      INC,36168Q104,12299,578486,,GFL
GLOBUS  MED   INC,379577208,12287,248121,,
TWILIO     INC,90138F102,12278,49689,,TWLO
CEMEX   SAB  DE     CV,151290889,12266,3227985,,CXMSF
NETEASE   INC,64110W102,12231,26900,PUT,
OWL   ROCK  CAPITAL        CORPORATION,69121K104,12226,1013747,,
SAILPOINT      TECHNLGIES         HLDGS  I,78781P105,12203,308385,,
GREENBRIER      COS   INC,393657101,12181,414331,,
FLYING     EAGLE   ACQUISITION    COR,34407Y111,12162,1000150,CALL,
PENTAIR   PLC,G7S00T104,12146,265368,,PNR
SQUARE   INC,852234103,12142,74700,CALL,
FORUM   MERGER       III   CORP,349885103,12128,1219995,,
AMERIS   BANCORP,03076K108,12113,531734,,ABCB
HONEYWELL  INTL      INC,438516106,12095,73476,,
YANDEX   N   V,N97284108,12089,185275,,
FRONT  YD  RESIDENTIAL      CORP,35904G107,12072,1381238,,
AFLAC        INC,001055102,12054,331613,,AFL
ANNALY   CAPITAL    MANAGEMENT       IN,035710409,12051,1692487,,
CREDIT  ACCEP   CORP  MICH,225310101,12031,35527,,
DICKS   SPORTING    GOODS    INC,253393102,12027,207792,,
HMS   HLDGS   CORP,40425J101,12010,501473,,
GS   ACQUISITION         HLDGS     CORP     II,36258Q113,11997,1115000,CALL,
ON   SEMICONDUCTOR      CORP,682189AK1,11984,10005,,ON
NOVARTIS     AG,66987V109,11970,137648,,NVSEF
SYNDAX   PHARMACEUTICALS      INC,87164F105,11945,809290,,SNDX
RADIAN    GROUP     INC,750236101,11906,814930,,RDN
SUSTAINABLE   OPPORTNTS       ACQ  CO,G8598Y125,11879,1075000,,
AMER  STATES   WTR   CO,029899101,11843,158016,,
HANOVER   INS   GROUP  INC,410867105,11839,127050,,
SOCIAL   CAP  HDOSPHIA  HLDG       CO,G8250T109,11838,623392,,
GDS   HLDGS   LTD,36165LAB4,11837,7000,,
TRIMBLE   INC,896239100,11746,241199,,TRMB
UNITI   GROUP  INC,91325V108,11742,1114532,,UNIT
PLUG   POWER   INC,72919P202,11709,873141,,PLUG
PRUDENTIAL     FINL  INC,744320102,11700,184190,,
CRANE  CO,224399105,11665,232699,,CR
BIOCRYST   PHARMACEUTICALS            INC,09058V103,11658,3393912,,BCRX
STMICROELECTRONICS         N  V,861012102,11648,379528,,
QELL   ACQUISITION       CORP,G7307X121,11609,1142578,,
CHEESECAKE    FACTORY     INC,163072101,11516,415135,,CAKE
GO   ACQUISITION       CORP,362019101,11513,1170000,,
MFA   FINL   INC,55272X102,11459,4275576,,
CLEVELAND-CLIFFS       INC     NEW,185899AA9,11455,11065,,CLF
1LIFE   HEALTHCARE         INC,68269G107,11429,402984,,
SPDR  GOLD    TR,78463V107,11427,64517,,
INSTALLED     BLDG     PRODS   INC,45780R101,11421,112241,,
E    MERGE      TECHNOLOGY         ACQUISITI,26873Y203,11395,1130500,,
GRID   DYNAMICS   HLDGS    INC,39813G117,11367,1470534,CALL,
LIBERTY  BROADBAND       CORP,530307305,11351,79453,,LBRDP
SABRE     CORP,78573M104,11337,1741435,,SABR
ARBOR   REALTY  TRUST  INC,038923108,11335,988230,,ABR-PF
MASTERCARD       INCORPORATED,57636Q104,11275,33341,,
ZYMEWORKS     INC,98985W102,11223,240938,,ZYME
SANOFI,80105N105,11150,222237,,SNYNF
BOOZ   ALLEN   HAMILTON       HLDG   COR,099502106,11142,134275,,
INNOVATIVE     INDL     PPTYS  INC,45781V101,11121,89606,,
AMC   NETWORKS    INC,00164V103,11120,450000,PUT,
PROLOGIS   INC.,74340W103,11044,109758,,
BROADSTONE   ACQUISITION         CORP,G1739V118,11037,1106979,,
PERIDOT     ACQUISITION        CORP,G7008A123,11000,1101698,,
JABIL      INC,466313103,10997,320989,,JBL
NORTHWESTERN     CORP,668074305,10972,225582,,
LEVI  STRAUSS   &  CO    NEW,52736R102,10952,817326,,LEVI
GENPACT     LIMITED,G3922B107,10950,281140,,
BLOOM  ENERGY      CORP,093712107,10930,608253,,BE
HANCOCK   WHITNEY     CORPORATION,410120109,10915,580303,,HWCPZ
NEW  PROVIDENCE       ACQUISITION,64822P106,10908,1083200,,
QTS   RLTY     TR   INC,74736A103,10878,172607,,
FS   KKR  CAP     CORP  II,35952V303,10869,738880,,
Q2   HLDGS     INC,74736L109,10833,118705,,
CYBERARK     SOFTWARE       LTD,M2682V108,10827,104692,,
ARTISAN     PARTNERS    ASSET     MGMT,04316A108,10809,277221,,
BEACON   ROOFING       SUPPLY    INC,073685109,10788,347205,,
CAL  MAINE   FOODS  INC,128030202,10788,281166,,
REXFORD  INDL      RLTY  INC,76169C100,10779,235559,,
SPDR  SER  TR,78468R622,10746,103064,,
COLFAX     CORP,194014106,10685,340715,,
INVITAE     CORP,46185L103,10685,246493,,
LIVE   OAK   ACQUISITION    CORP,53804F103,10685,1060000,,
SKYWORKS     SOLUTIONS      INC,83088M102,10638,73110,,
TRANSLATE   BIO    INC,89374L104,10583,777571,,
CHART   INDS  INC,16115Q308,10572,150449,,
AVIS   BUDGET   GROUP,053774105,10565,401400,,
BRIXMOR   PPTY   GROUP   INC,11120U105,10528,900636,,
PEOPLES   UNITED     FINANCIAL         INC,712704105,10472,1015671,,
CHURCHILL   CAP    CORP    II,17143G114,10469,992313,CALL,
MONMOUTH     REAL     ESTATE     INVT  CO,609720107,10442,753900,,
SINA   CORP,G81477104,10392,243895,,
HEALTHEQUITY    INC,42226A107,10383,202116,,
UNDER   ARMOUR     INC,904311107,10373,923688,,
V    F  CORP,918204108,10370,147618,,VFC
POLARIS   INC,731068102,10359,109804,,PII
UNIVERSAL     DISPLAY   CORP,91347P105,10338,57197,,
GLOBE   LIFE  INC,37959E102,10307,129001,,GL-PD
AUTOHOME     INC,05278C107,10289,107176,,ATHM
SYNAPTICS     INC,87157D109,10285,127888,,SYNA
AMERICA     MOVIL  SAB     DE  CV,02364W105,10265,821851,,
LINX   SA,53619W101,10257,1667883,,
RENEWABLE       ENERGY     GROUP     INC,75972A301,10249,191855,,
INVESTORS    BANCORP    INC  NEW,46146L101,10248,1411503,,
CARDTRONICS      PLC,G1991C105,10246,517454,,
CME   GROUP   INC,12572Q105,10239,61200,PUT,CME
CONCERT   PHARMACEUTICALS       INC,206022105,10231,1041883,,
TERRENO   RLTY     CORP,88146M101,10231,186826,,
KINGSOFT   CLOUD     HLDGS    LTD,49639K101,10214,345895,,
TELEPHONE    &     DATA  SYS       INC,879433829,10210,553705,,
FRONTDOOR   INC,35905A109,10203,262220,,
SPDR  SER  TR,78464A870,10174,91305,,
COVETRUS    INC,22304C100,10172,416896,,
SWITCH   INC,87105L104,10170,651491,,
M    D  C  HLDGS      INC,552676108,10161,215739,,
EMCOR   GROUP   INC,29084Q100,10149,149890,,
OXFORD   IMMUNOTEC     GLOBAL   PLC,G6855A103,10119,864893,,
FRANCO  NEV   CORP,351858105,10114,72460,,
PIEDMONT     OFFICE    REALTY        TR   IN,720190206,10107,744821,,
GROUPON   INC,399473206,10094,494815,,
PEGASYSTEMS       INC,705573103,10085,83323,,PEGA
EHEALTH    INC,28238P109,10076,127550,,
ANALOG   DEVICES    INC,032654105,10051,86100,CALL,ADI
LIGHTSPEED     POS  INC,53227R106,10051,313909,,
ARCLIGHT     CLEAN    TRANSITION          CO,G04561117,10040,1000000,,
TEMPUR   SEALY    INTL  INC,88023U101,10014,112276,,
APPLE   HOSPITALITY     REIT  INC,03784Y200,10010,1041582,,
INVACARE     CORP,461203101,9966,1325249,,
BARCLAYS    BANK    PLC,06746P621,9960,400000,CALL,JJETF
PMV   PHARMACEUTICALS       INC,69353Y103,9955,280425,,
AVNET   INC,053807103,9941,384714,,AVT
CASEYS   GEN      STORES   INC,147528103,9940,55952,,
OVERSTOCK       COM   INC   DEL,690370101,9932,136706,,
YUCAIPA       ACQUISITION        CORP,G9879L105,9930,999999,,
INTERNATIONAL         GAME  TECHNOLOG,G4863A108,9917,890998,,
SCVX   CORP,G79448208,9912,991220,,
TWIST     BIOSCIENCE     CORP,90184D100,9909,130427,,TWST
NRG   ENERGY     INC,629377508,9888,321668,,
CUSHMAN   WAKEFIELD       PLC,G2717B108,9882,940229,,
AURINIA   PHARMACEUTICALS       INC,05156V102,9844,668278,,AUPH
JINKOSOLAR    HLDG   CO  LTD,47759T100,9841,247498,,
DUKE   ENERGY     CORP     NEW,26441C204,9804,110700,PUT,DUK-PA
CITIC  CAPITAL    ACQUISITION          CO,G21513109,9793,996283,,
EXPEDIA     GROUP  INC,30212P303,9793,106807,,
TOLL   BROTHERS    INC,889478103,9783,201046,,
ELECTRONIC     ARTS  INC,285512109,9781,75000,CALL,EA
HUBBELL  INC,443510607,9773,71420,,HUBB
HEALTHCARE  MERGER       CORP,42227L110,9750,960550,CALL,
TFI   INTL  INC,87241L109,9745,232965,,
HUDSON   EXECUTIVE      INVT   CORP,443761119,9732,990000,CALL,
UTZ     BRANDS  INC,918090119,9725,543299,CALL,
BLACKSTONE  MTG      TR   INC,09257W100,9711,441993,,
TEVA   PHARMACEUTICAL    INDS   LTD,881624209,9704,1077050,,
FITBIT  INC,33812L102,9698,1393367,,
FORTIVE   CORP,34959J108,9686,127096,,FTV
WASHINGTON     FED   INC,938824109,9685,464304,,
DYNATRACE      INC,268150109,9665,235618,,
ADVANCED      MICRO  DEVICES    INC,007903107,9658,117800,CALL,AMD
BROOGE  ENERGY   LTD,G1611B107,9658,1067194,,
TAYLOR   MORRISON      HOME   CORP,87724P106,9657,392727,,
CINEMARK     HLDGS     INC,17243V102,9643,964269,,
PALO   ALTO  NETWORKS       INC,697435AD7,9600,8500,,PANW
QUANTERIX     CORP,74766Q101,9600,284533,,QTRX
HEALTHCARE  MERGER       CORP,42227L102,9599,945735,,
JAWS   ACQUISITION      CORP,G50744112,9598,921994,CALL,
STRATASYS        LTD,M85548101,9588,768866,,SSYS
SOCIAL   CAP  HEDSPIA   HLDG  CO       I,G8251K115,9579,768800,CALL,
AGENUS   INC,00847G705,9575,2393799,,AGEN
IMMUNOMEDICS      INC,452907108,9574,112600,CALL,
PHILIP   MORRIS      INTL  INC,718172109,9554,127400,CALL,
VIRTUS   INVT     PARTNERS     INC,92828Q109,9554,68905,,
PENNYMAC     FINL  SVCS    INC     NEW,70932M107,9532,164000,,
PALANTIR     TECHNOLOGIES        INC,69608A108,9530,1003181,,PLTR
ISHARES  TR,464287432,9520,58310,,
ARCELORMITTAL     SA  LUXEMBOURG,03938L203,9512,717883,,
EVOLENT   HEALTH    INC,30050B101,9510,766293,,
CHEWY   INC,16679L109,9480,172900,PUT,
CHIMERA     INVT   CORP,16934Q208,9458,1153356,,
MASIMO     CORP,574795100,9442,40000,CALL,
OLIN   CORP,680665205,9439,762436,,OLN
FOLEY   TRASIMENE    ACQUISTN    COR,34431F203,9427,835002,,
LOCKHEED     MARTIN  CORP,539830109,9390,24500,CALL,LMT
MANPOWERGROUP        INC,56418H100,9378,127893,,MAN
HEWLETT   PACKARD       ENTERPRISE        C,42824C109,9370,1000000,CALL,
DOLLAR   TREE    INC,256746108,9353,102400,PUT,
AVALONBAY     CMNTYS   INC,053484101,9325,62439,,
NEW  JERSEY     RES,646025106,9322,345000,,
ZEBRA   TECHNOLOGIES        CORPORATI,989207105,9313,36890,,
CHURCHILL   CAPITAL      CORP    IV,171439110,9311,952000,CALL,
CONSTELLATION        PHARMCETICLS        I,210373106,9305,459286,,
SAP  SE,803054204,9297,59669,,SAPGF
FIDELITY   NATL  INFORMATION   SV,31620M106,9292,63118,,
INTELLIA   THERAPEUTICS      INC,45826J105,9243,464919,,
CIIG   MERGER     CORP,12559C202,9226,903619,,
AVROBIO  INC,05455M100,9219,708064,,
TAKEDA     PHARMACEUTICAL           CO  LTD,874060205,9195,515404,,TKPHF
QIWI   PLC,74735M108,9185,529416,,
LITHIA   MTRS    INC,536797103,9165,40206,,
MOLECULAR       TEMPLATES     INC,608550109,9155,838354,,
SIMPLY     GOOD  FOODS     CO,82900L102,9148,414893,,SMPL
GERDAU   SA,373737105,9147,2472204,,
CVR   ENERGY     INC,12662P108,9146,738794,,CVI
LONGVIEW     ACQUISITION        CORP,543195200,9135,900000,,
ALBIREO  PHARMA      INC,01345P106,9119,273266,,
VERTEX   PHARMACEUTICALS        INC,92532F100,9116,33500,PUT,
HD      SUPPLY   HLDGS   INC,40416M105,9112,220947,,
SLEEP  NUMBER      CORP,83125X103,9078,185613,,SNBRQ
INTUIT,461202103,9069,27800,CALL,
HANESBRANDS     INC,410345102,9067,575698,,
HUDSON   EXECUTIVE      INVT   CORP,443761200,9065,867431,,
SPDR  S&P  MIDCAP   400   ETF  TR,78467Y107,9044,26692,,
FLYING     EAGLE   ACQUISITION    COR,34407Y202,9037,700000,,
BURLINGTON          STORES      INC,122017106,9015,43743,,
RAYONIER  INC,754907103,8999,340368,,RYN
BRIGHTHOUSE       FINL  INC,10922N103,8997,334342,,
OLLIES     BARGAIN    OUTLET     HLDGS,681116109,8993,102953,,
CIT   GROUP   INC,125581801,8991,507700,,
TEXTRON     INC,883203101,8986,248991,,TXT
JONES   LANG  LASALLE    INC,48020Q107,8973,93802,,JLL
PAYCOM    SOFTWARE    INC,70432V102,8946,28737,,
PUMA   BIOTECHNOLOGY         INC,74587V107,8933,885340,,
EURONET     WORLDWIDE      INC,298736109,8902,97713,,
NATIONAL  RETAIL     PROPERTIES        I,637417106,8887,257513,,
MAGNOLIA   OIL  &    GAS   CORP,559663109,8878,1717220,,MGY
HEXCEL   CORP     NEW,428291108,8851,263811,,
FORTRESS  VALUE   ACQUISITION       C,34962V106,8850,651720,,
TERNIUM   SA,880890108,8838,469368,,
DRAFTKINGS       INC,26142R104,8826,150000,PUT,DKNG
MEDICAL   PPTYS     TRUST  INC,58463J304,8815,500000,CALL,
OAKTREE   ACQUISITION     CORP,G67145105,8813,750000,,
FIRST  HORIZON    NATL   CORP,320517105,8788,931881,,
STEPSTONE     GROUP   INC,85914M107,8766,329423,,STEP
NAVISTAR     INTL    CORP  NEW,63934E108,8756,201100,PUT,
CORE   LABORATORIES                  N  V,N22717107,8746,573157,,
WHEATON   PRECIOUS       METALS   CORP,962879102,8721,177729,,WPM
ARAMARK,03852U106,8705,329119,,ARMK
LEAR  CORP,521865204,8687,79658,,LEA
BANK  OZK,06417N103,8683,407266,,OZKAP
FOLEY   TRASIMENE    ACQUISTN    COR,34431F112,8681,837974,CALL,
SANTANDER   CONSUMER       USA   HDG   I,80283M101,8644,475213,,
CC   NEUBERGER     PRIN  HLDGS     II,G3166T111,8636,859350,CALL,
FOX  FACTORY    HLDG     CORP,35138V102,8628,116076,,
MOBILE   TELESYSTEMS      PJSC,607409109,8613,986597,,
TRILLIUM  THERAPEUTICS         INC,89620X506,8589,604457,,
ACUTUS   MED  INC,005111109,8569,287534,,
FUSION    ACQUISITION        CORP,36118H105,8563,871119,,
REGIONS     FINANCIAL       CORP  NEW,7591EP100,8561,742497,,RF-PF
ISHARES  TR,464287200,8556,25460,,
VISHAY   INTERTECHNOLOGY        INC,928298108,8517,547031,,VSH
CORSAIR     GAMING    INC,22041X102,8503,423042,,
PG&E   CORP,69331C108,8482,903283,,PCG-PX
WHOLE   EARTH     BRANDS     INC,96684W100,8458,1014155,,
MORPHOSYS     AG,617760202,8447,269087,,
EVEREST     RE  GROUP      LTD,G3223R108,8437,42708,,
GLU   MOBILE     INC,379890106,8417,1096644,,
BENTLEY     SYS     INC,08265T208,8410,267819,,
FIRST  MAJESTIC       SILVER    CORP,32076V103,8385,880787,,AG
EQUINOR   ASA,29446M102,8384,596329,,STOHF
ASCENDANT       DIGITAL     ACQUISITIO,G05155109,8350,840000,,
CARNIVAL   CORP,143658300,8349,550000,PUT,CCL
TUSCAN   HLDGS     CORP,90069K104,8324,817700,,
NEW  ORIENTAL     ED   &   TECHNOLOGY,647581107,8307,55567,,
ISHARES  TR,464288414,8303,71624,,
SEA  LTD,81141R100,8302,53894,,SE
PARAMOUNT    GROUP    INC,69924R108,8301,1172478,,
BANK     HAWAII   CORP,062540109,8294,164171,,
BRUKER     CORP,116794108,8276,208197,,BRKRP
HUNTINGTON      INGALLS      INDS  INC,446413106,8275,58789,,
GX   ACQUISITION         CORP,36251A107,8233,784080,,
MACOM     TECH     SOLUTIONS    HLDGS    I,55405Y100,8224,241803,,
NASDAQ   INC,631103108,8212,66926,,
CC   NEUBERGER    PRINCIPAL      HLDNG,G1992Y122,8206,789073,CALL,
MURPHY   USA     INC,626755102,8179,63764,,MUSA
J2   GLOBAL   INC,48123V102,8176,118121,,
RIBBIT   LEAP     LTD,G7552B121,8149,626824,,
CC   NEUBERGER    PRINCIPAL      HLDNG,G1992Y106,8130,750003,,
SONOCO  PRODS   CO,835495102,8127,159130,,
NESCO    HLDGS  INC,64083J112,8124,1957500,CALL,
SCIPLAY   CORP,809087109,8117,500421,,
ARROWHEAD     PHARMACEUTICALS     IN,04280A100,8106,188244,,
ARTIUS   ACQUISITION         INC,04316G204,8104,780002,,
BRADY     CORP,104674106,8104,202489,,BRC
VANGUARD  SCOTTSDALE    FDS,92206C102,8077,130090,,
AAON  INC,000360206,8066,133875,,
PROOFPOINT     INC,743424103,8065,76406,,
BRUNSWICK    CORP,117043109,8062,136859,,BC-PC
AVAYA   HLDGS   CORP,05351X101,8048,529485,,
DTE     ENERGY   CO,233331107,8005,69588,,DTG
ATRECA   INC,04965G109,7986,571633,,
SANDBRIDGE  ACQUISITION          CORP,799793203,7985,800000,,
VIACOMCBS     INC,92556H206,7984,285051,,
SERES   THERAPEUTICS   INC,81750R102,7980,281875,,
SIGNATURE     BK  NEW    YORK    N  Y,82669G104,7978,96132,,
ELEMENT   SOLUTIONS       INC,28618M106,7975,758812,,ESI
CRYOPORT    INC,229050307,7959,167918,,
BANCO  BRADESCO      S  A,059460303,7956,2319416,,
APEX   TECHNOLOGY  ACQUISITION,03768F102,7950,750000,,
MARVELL     TECHNOLOGY       GROUP  LTD,G5876H105,7940,200000,CALL,
STARBUCKS       CORP,855244109,7922,92200,CALL,SBUX
PINNACLE   WEST    CAP      CORP,723484101,7889,105815,,
WEYERHAEUSER     CO  MTN    BE,962166104,7885,276483,,
ISHARES  TR,464288661,7870,58912,,
FEDERAL   SIGNAL    CORP,313855108,7861,268765,,
REPAY     HLDGS     CORP,76029L100,7851,334076,,
DISH   NETWORK   CORPORATION,25470M109,7838,270000,CALL,
FAST  ACQUISITION      CORP,311875207,7834,785744,,
SIXTH   STREET   SPECIALTY    LENDN,83012A109,7825,454677,,
SILICON    LABORATORIES          INC,826919102,7819,79908,,SLAB
COMPASS   MINERALS       INTL  INC,20451N101,7749,130565,,
WESBANCO     INC,950810101,7740,362373,,WSBCO
ASANA   INC,04342Y104,7724,268198,,
OSISKO   GOLD     ROYALTIES        LTD,68827L101,7721,652640,,
WYNDHAM     DESTINATIONS           INC,98310W108,7698,250245,,
UNDER   ARMOUR     INC,904311206,7692,781662,,
ZYNGA  INC,98986T108,7655,839334,,
MAGELLAN   HEALTH    INC,559079207,7645,100884,,
OSPREY   TECHNLGY         AQUISTION     CO,68839R104,7643,750000,,
DENNYS   CORP,24869P104,7641,764111,,
FIRST  MERCHANTS       CORP,320817109,7636,329710,,FRMEP
BALLARD    PWR  SYS     INC   NEW,058586108,7629,505231,,
SUMO   LOGIC   INC,86646P103,7626,349805,,
FORUM   MERGER       III   CORP,349885202,7621,730005,,
ADVANCED      DRAIN  SYS   INC  DEL,00790R104,7607,121827,,
WORKHORSE    GROUP    INC,98138J206,7602,300700,,WKHS
PFENEX   INC,717071104,7600,596049,,
REALTY   INCOME   CORP,756109104,7594,125000,CALL,O
OTTER   TAIL     CORP,689648103,7593,209935,,OTTR
SPRINGWORKS     THERAPEUTICS           INC,85205L107,7589,159205,,
TACTILE    SYS    TECHNOLOGY        INC,87357P100,7587,207362,,
TREEHOUSE    FOODS       INC,89469A104,7553,186364,,
FUTU   HLDGS      LTD,36118L106,7544,263587,,
CRESCENT     ACQUISITION           CORP,22564L105,7534,750370,,
RYMAN        HOSPITALITY      PPTYS     INC,78377T107,7523,204430,,
ACON  S2   ACQUISITION           CORP,G00748122,7515,750000,,
CADENCE     BANCORPORATION,12739A100,7514,874713,,
TOTAL   SE,89151E109,7513,219044,,
JAWS   ACQUISITION      CORP,G50744120,7507,678102,,
NANOSTRING       TECHNOLOGIES    INC,63009R109,7488,167513,,
LULULEMON     ATHLETICA       INC,550021109,7477,22700,CALL,LULU
NICE  LTD,653656108,7468,32894,,NCSYF
EAST   WEST     BANCORP       INC,27579R104,7455,227712,,EWBC
BLACKBAUD   INC,09227Q100,7438,133220,,BLKB
KIMBERLY   CLARK     CORP,494368103,7383,50000,PUT,KMB
PIMCO  ETF  TR,72201R833,7373,72315,,
TREBIA   ACQUISITION     CORP,G9027T117,7368,723729,CALL,
VASTA    PLATFORM   LTD,G9440A109,7358,476847,,
AVALARA   INC,05338G106,7350,57716,,
ANGIODYNAMICS       INC,03475V101,7328,607590,,ANGO
D8   HOLDINGS     CORP,G2614K110,7328,750000,,
LIVEPERSON     INC,538146101,7307,140543,,LPSN
HUB  GROUP    INC,443320106,7302,145468,,
KITE   RLTY   GROUP     TR,49803T300,7302,630538,,
CLIMATE   CHANGE     CRISIS    REAL      I,18716C209,7299,726300,,
VAPOTHERM     INC,922107107,7298,251650,,
MARTEN     TRANS  LTD,573075108,7296,447068,,
REGENERON      PHARMACEUTICALS,75886F107,7296,13034,,
AXSOME         THERAPEUTICS       INC,05464T104,7290,102319,,
GILEAD   SCIENCES      INC,375558103,7282,115237,,
ATHENEX     INC,04685N103,7266,600491,,
ZSCALER   INC,98980G102,7238,51449,,
ISHARES  TR,464288646,7232,131699,,
ROGERS     COMMUNICATIONS      INC,775109200,7205,181704,,RCIAF
VONAGE   HLDGS     CORP,92886T201,7197,703545,,
ENTEGRIS     INC,29362U104,7195,96790,,ENTG
CAPITAL   ONE     FINL  CORP,14040H105,7186,100000,PUT,
PROTHENA    CORP    PLC,G72800108,7184,719139,,
ALAMOS   GOLD  INC    NEW,011532108,7176,814582,,AGI
JOHNSON     CTLS  INTL      PLC,G51502105,7169,175500,PUT,
PAGSEGURO  DIGITAL        LTD,G68707101,7166,190039,,PAGS
ARES   CAPITAL    CORP,04010L103,7129,511044,,ARCC
AMERICAN  AXLE   &  MFG      HLDGS   IN,024061103,7102,1230847,,
BARRICK     GOLD   CORP,067901108,7097,252459,,
LINDE   PLC,G5494J103,7096,29800,CALL,LIN
OAKTREE   SPECIALTY       LENDING    CO,67401P108,7082,1463151,,
LOEWS   CORP,540424108,7079,203699,,L
MUELLER     WTR   PRODS     INC,624758108,7079,681289,,
VANGUARD  BD  INDEX   FDS,921937827,7049,84881,,
GOPRO   INC,38268T103,7043,1554642,,
TENNANT   CO,880345103,7036,116567,,TNC
FIRSTCASH     INC,33767D105,7004,122424,,
KIRKLAND   LAKE    GOLD    LTD,49741E100,6990,143444,,
INCYTE  CORP,45337C102,6958,77532,,INCY
HUMANA   INC,444859102,6953,16800,PUT,HUM
SELECT  SECTOR     SPDR  TR,81369Y605,6952,288824,,
VIASAT   INC,92552V100,6902,200694,,VSAT
NEW  YORK  MTG    TR  INC,649604501,6893,2702970,,
SCOTTS    MIRACLE     GRO   CO,810186106,6884,45021,,
JUNIPER    INDL    HLDGS   INC,48205G205,6852,600000,,
PINNACLE   FINL    PARTNERS         INC,72346Q104,6845,192320,,
YAMANA    GOLD   INC,98462Y100,6816,1200000,CALL,
ZIMMER   BIOMET       HOLDINGS     INC,98956P102,6807,50000,CALL,
FOOT   LOCKER   INC,344849104,6803,205977,,
VANGUARD  CHARLOTTE   FDS,92203J407,6794,116760,,
BRANDYWINE         RLTY     TR,105368203,6783,655965,,
EMPIRE   ST   RLTY    TR   INC,292104106,6768,1105934,,
ISHARES  TR,46429B655,6764,133350,,
10X  GENOMICS     INC,88025U109,6761,54225,,
EXLSERVICE       HOLDINGS    INC,302081104,6753,102368,,
RENASANT    CORP,75970E107,6752,297177,,RNST
RBC   BEARINGS   INC,75524B104,6748,55672,,RBC
VANGUARD     INDEX     FDS,922908553,6746,85431,,
BERKSHIRE      HATHAWAY    INC     DEL,084670108,6720,21,,BRK-A
PERFICIENT     INC,71375U101,6705,156884,,
ECOLAB   INC,278865100,6701,33531,,ECL
DRAGONEER     GROWTH     OPPORTUN      CO,G28302126,6694,546486,,
ISHARES  TR,464287440,6688,54900,,
FLOWSERVE       CORP,34354P105,6676,244642,,FLS
WATSCO   INC,942622200,6673,28655,,WSO-B
SCHWAB  STRATEGIC  TR,808524862,6657,129253,,
ZAI   LAB   LTD,98887Q104,6652,79982,,ZLAB
SERVICE   PPTYS  TR,81761L102,6644,835725,,
NEOGENOMICS    INC,64049M209,6638,179933,,NEO
BANDWIDTH        INC,05988J103,6633,37996,,BAND
SILICON    MOTION     TECHNOLOGY       CO,82706C108,6630,175494,,
XYLEM   INC,98419M100,6627,78775,,XYL
FIRST  FINL   BANCORP    OH,320209109,6623,551647,,
CHP   MERGER     CORP,12558Y205,6620,629300,,
HUNTINGTON      BANCSHARES      INC,446150104,6609,720668,,
LAMAR   ADVERTISING       CO   NEW,512816109,6606,99832,,
TEVA   PHARMACEUTICAL    FIN    LLC,88163VAE9,6574,6700,,
CHEMOURS     CO,163851108,6568,314121,,CC
CHARLES  RIV  LABS     INTL    INC,159864107,6567,29000,PUT,
SORRENTO     THERAPEUTICS       INC,83587F202,6564,588676,,
CAPSTAR   SPL   PURP   ACQUISITION,14070Y101,6557,667000,,
BOISE   CASCADE    CO   DEL,09739D100,6549,164046,,BCC
CAMECO   CORP,13321L108,6546,648131,,CCJ
REDFIN   CORP,75737F108,6533,130840,,
GRAINGER     W   W  INC,384802104,6529,18300,CALL,
CABALETTA     BIO     INC,12674W109,6524,601830,,
REYNOLDS     CONSUMER       PRODS  INC,76171L106,6524,213053,,
SOUTHWESTERN     ENERGY     CO,845467109,6523,2775664,,
SILVER     SPIKE  ACQUISITION    COR,G8136L106,6509,642500,,
ACTIVISION    BLIZZARD      INC,00507V109,6500,80300,CALL,
MEDALLIA     INC,584021109,6493,236809,,
MCCORMICK      &  CO   INC,579780206,6460,33280,,MKC-V
PENNYMAC     MTG   INVT  TR,70931T103,6444,400988,,
XP   INC,G98239109,6438,154427,,XP
PAN   AMERN  SILVER      CORP,697900108,6430,200000,CALL,
L    BRANDS     INC,501797104,6429,202100,PUT,
CHINDATA    GROUP    HLDGS     LTD,16955F107,6427,396022,,
GORES   METROPOULOS         INC,382872109,6423,562400,,
G1   THERAPEUTICS      INC,3621LQ109,6421,555937,,
SPORTSMANS    WHSE      HLDGS     INC,84920Y106,6412,448096,,
ALLETE   INC,018522300,6409,123868,,
TRINITY    INDS     INC,896522109,6393,327843,,
DEERE   &   CO,244199105,6383,28800,CALL,DE
VICTORY  CAP  HLDGS  INC,92645B103,6338,375263,,
VIRTUSA     CORP,92827P102,6338,128925,,
LIVE   OAK   ACQUISITION    CORP,53804F202,6330,600000,,
OPTION   CARE     HEALTH  INC,68404L201,6326,473133,,
MERCADOLIBRE     INC,58733RAD4,6325,2500,,MELI
COLUMBIA  SPORTSWEAR         CO,198516106,6311,72557,,COLM
ENCOMPASS    HEALTH    CORP,29261A100,6302,96990,,EHC
SKYLINE   CHAMPION       CORPORATION,830830105,6282,234655,,
ATHENE     HOLDING    LTD,G0684D107,6273,184059,,ATH-PE
PLYMOUTH     INDL   REIT  INC,729640102,6272,508286,,
PMV   CONSUMER     ACQUISITION     COR,693486201,6244,625000,,
ARTIUS   ACQUISITION         INC,04316G113,6236,627333,CALL,
ATRION   CORP,049904105,6227,9948,,
INSMED   INC,457669307,6210,193213,,INSM
XCEL   ENERGY    INC,98389B100,6209,89968,,XELLL
GROCERY   OUTLET  HLDG     CORP,39874R101,6194,157532,,
ARCOS   DORADOS      HOLDINGS        INC,G0457F107,6192,1510319,,ARCO
TIVITY     HEALTH  INC,88870R102,6191,441582,,
JELD-WEN     HLDG     INC,47580P103,6187,273783,,
FISERV  INC,337738108,6183,60000,CALL,FISV
TWO   HBRS     INVT  CORP,90187B408,6180,1214210,,
XPO   LOGISTICS       INC,983793100,6179,72991,,
IMMUNIC   INC,4525EP101,6177,332613,,
CONOCOPHILLIPS,20825C104,6135,186800,PUT,COP
BOX   INC,10316T104,6130,353096,,BXCAP
UBER    TECHNOLOGIES       INC,90353T100,6129,168000,CALL,
GAMESTOP     CORP    NEW,36467W109,6097,597773,,GME-WT
JETBLUE    AWYS      CORP,477143101,6097,538129,,
TERADATA    CORP    DEL,88076W103,6094,268465,,
INSURANCE    ACQUISITION     CORP,457867117,6081,514899,CALL,
SVB   FINANCIAL       GROUP,78486Q101,6081,25273,,
RMG  ACQUISITION         CORP,749641114,6058,566666,CALL,
ARLO   TECHNOLOGIES    INC,04206A101,6053,1150787,,
LGL   SYS    ACQUISITION    CORP,50201G106,6049,603700,,
KFORCE   INC,493732101,6047,187959,,KFRC
VANECK  VECTORS  ETF  TR,92189F676,6039,34665,,
RENT   A   CTR   INC     NEW,76009N100,6032,201802,,
ETHAN  ALLEN      INTERIORS         INC,297602104,6027,445145,,ETD
AZZ  INC,002474104,6025,176592,,AZZ
GUIDEWIRE        SOFTWARE     INC,40171V100,6014,57681,,
BROADCOM   INC,11135F101,5991,16444,,AVGO
BLACKROCK   INC,09247X101,5974,10600,CALL,
AUTOLIV   INC,052800109,5968,81883,,ALV
DIAGEO   PLC,25243Q205,5968,43352,,DGEAF
CLEVELAND-CLIFFS       INC     NEW,185899101,5961,928539,,CLF
TRITON   INTL  LTD,G9078F107,5955,146423,,
PLANET   FITNESS     INC,72703H101,5953,96601,,
SILVERCREST      METALS      INC,828363101,5947,700462,,
SOUTHERN   COPPER     CORP,84265V105,5932,131046,,
SIGNET     JEWELERS    LIMITED,G81276100,5916,316353,,
OCEANFIRST     FINL  CORP,675234108,5912,431851,,
COOPER   COS   INC,216648402,5911,17535,,
SCVX   CORP,G79448117,5890,588970,CALL,
MOMO   INC,60879BAB3,5879,7500,,
AMCOR   PLC,G0250X107,5866,530832,,AMCCF
ZTO   EXPRESS  CAYMAN    INC,98980A105,5844,195792,,
SELECTIVE     INS  GROUP  INC,816300107,5841,113433,,
REPARE     THERAPEUTICS         INC,760273102,5835,189645,,
MERCURY    SYS   INC,589378108,5833,75305,,
CONSTELLIUM       SE,F21107101,5822,741683,,CSTM
GREAT  LAKES   DREDGE     &   DOCK    CO,390607109,5821,612128,,
HEARTLAND   EXPRESS      INC,422347104,5812,312448,,HTLD
TRI   POINTE     GROUP     INC,87265H109,5812,320405,,
NORTHERN   TR   CORP,665859104,5802,74412,,
TRIPADVISOR        INC,896945201,5788,295432,,
J    P  MORGAN  EXCHANGE-TRADED   F,46641Q837,5783,113843,,
UNITED  PARCEL       SERVICE       INC,911312106,5782,34700,CALL,UPS
ELLINGTON   FINANCIAL       INC,28852N109,5779,471372,,EFC-PC
SERVICENOW     INC,81762P102,5778,11913,,
NETGEAR   INC,64111Q104,5771,187251,,
VISTA   OUTDOOR       INC,928377100,5771,285963,,
SINCLAIR     BROADCAST  GROUP       INC,829226109,5769,300006,,
ENANTA   PHARMACEUTICALS           INC,29251M106,5764,125913,,ENTA
ALIGN   TECHNOLOGY        INC,016255101,5762,17600,CALL,ALGN
CASELLA    WASTE      SYS  INC,147448104,5752,102997,,
LIBERTY   GLOBAL    PLC,G5480U120,5752,280091,,
LIVANOVA     PLC,G5509L101,5750,127189,,LIVN
F    N  B    CORP,302520101,5741,846766,,
RELX   PLC,759530108,5718,255607,,RLXXF
RLJ  LODGING     TR,74965L101,5717,660205,,
PRELUDE     THERAPEUTICS      INC,74065P101,5712,189573,,PRLD
FIRST  COMWLTH     FINL     CORP   PA,319829107,5706,737151,,
JUNIPER    INDL    HLDGS   INC,48205G106,5695,544481,,
COGNEX     CORP,192422103,5687,87353,,CGNX
GLAXOSMITHKLINE        PLC,37733W105,5646,150000,CALL,
MADDEN    STEVEN      LTD,556269108,5633,288862,,
AIR  TRANSPORT      SERVICES    GRP   I,00922R105,5630,224666,,
ADAPTIMMUNE       THERAPEUTICS         PLC,00653A107,5624,704756,,ADAPY
CULLEN   FROST      BANKERS   INC,229899109,5624,87936,,
EVENTBRITE       INC,29975E109,5608,516884,,
PARTY   CITY   HOLDCO     INC,702149105,5608,2157082,,
8X8   INC  NEW,282914100,5606,360491,,
TYLER     TECHNOLOGIES    INC,902252105,5605,16081,,TYL
ICON   PLC,G4705A100,5598,29294,,ICLR
DENTSPLY   SIRONA     INC,24906P109,5586,127748,,XRAY
FIRST  MIDWEST     BANCORP      DEL,320867104,5574,517041,,
GOGO   INC,38046CAD1,5572,3500,,GOGO
PRIMERICA   INC,74164M108,5563,49172,,
EXTREME         NETWORKS   INC,30226D106,5560,1383188,,EXTR
BROOKFIELD  ASSET      MGMT   INC,112585104,5557,168085,,
FORTUNA     SILVER       MINES    INC,349915108,5554,873245,,
ACM     RESEARCH        INC,00108J109,5541,80190,,
AKEBIA   THERAPEUTICS  INC,00972D105,5540,2207278,,
D8   HOLDINGS     CORP,G2614K102,5539,550000,,
HAVERTY   FURNITURE      INC,419596101,5525,263849,,
FBL     FINL    GROUP  INC,30239F106,5511,114344,,
COMMERCE  BANCSHARES         INC,200525103,5507,97838,,
EPIZYME     INC,29428V104,5503,461258,,
INSULET   CORP,45784P101,5503,23260,,PODD
ENCORE  WIRE   CORP,292562105,5496,118408,,
MERCER     INTL  INC,588056101,5485,831123,,
CSG  SYS   INTL  INC,126349109,5484,133921,,
AMERICAN  HOMES     4  RENT,02665T306,5483,192531,,AMH-PH
CONDUENT     INC,206787103,5451,1714270,,CNDT
MCKESSON     CORP,58155Q103,5451,36600,PUT,MCK
CELLECTIS    S   A,15117K103,5436,293843,,
PENN   NATL  GAMING      INC,707569109,5431,74700,PUT,
XILINX   INC,983919101,5431,52100,CALL,
MOODYS   CORP,615369105,5430,18734,,
ON   SEMICONDUCTOR      CORP,682189105,5423,250000,CALL,ON
K12  INC,48273U102,5414,205553,,
KINIKSA   PHARMACEUTICALS      LTD,G5269C101,5408,353029,,
SKECHERS     U  S  A   INC,830566105,5398,178633,,
VBI     VACCINES    INC,91822J103,5386,1883290,,
RMG  ACQUISITION     CORP,749641106,5345,499998,,
LIVE   OAK   ACQUISITION    CORP,53804F111,5342,530000,CALL,
FLOOR  &  DECOR  HLDGS  INC,339750101,5326,71199,,
MATSON     INC,57686G105,5320,132705,,
PROPETRO   HLDG  CORP,74347M108,5310,1307778,,
ORMAT   TECHNOLOGIES          INC,686688102,5306,89764,,
KINROSS   GOLD     CORP,496902404,5301,601016,,KGCRF
NEW  RELIC   INC,64829B100,5295,93952,,
IVERIC     BIO  INC,46583P102,5287,937341,,
ABERCROMBIE     &  FITCH   CO,002896207,5285,379389,,
AMN   HEALTHCARE    SVCS    INC,001744101,5285,90399,,
LILLY  ELI  &   CO,532457108,5284,35700,CALL,
DOLLAR   GEN   CORP     NEW,256677105,5282,25200,CALL,
GLOBAL  BLUE     GROUP     HOLDING    AG,H33700115,5277,759337,CALL,
TREAN  INS   GROUP       INC,89457R101,5276,345993,,
VROOM      INC,92918V109,5265,101679,,
CHP   MERGER     CORP,12558Y114,5247,514900,CALL,
CLOUDERA     INC,18914U100,5213,478656,,
MERCURY    GENL  CORP  NEW,589400100,5212,125978,,
BEST   INC,08653C106,5209,1736387,,
ANGLOGOLD     ASHANTI    LIMITED,035128206,5204,197266,,
SANGAMO  THERAPEUTICS       INC,800677106,5204,550732,,
CARDLYTICS    INC,14161W105,5197,73649,,
ARCUS   BIOSCIENCES     INC,03969F109,5194,303029,,
ZIONS   BANCORPORATION          N  A,989701107,5192,177680,,
TELEFONICA      BRASIL      SA,87936R106,5188,676448,,
LIBERTY   MEDIA  CORP      DEL,531229607,5183,156672,,FWONB
J    &  J  SNACK     FOODS      CORP,466032109,5180,39725,,
IONIS   PHARMACEUTICALS        INC,462222100,5170,108957,,IONS
BEST   BUY     INC,086516101,5159,46356,,
ANTERO   RESOURCES    CORP,03674X106,5150,1872741,,AR
ISHARES  TR,46435G334,5148,201949,,
CONYERS  PK    II   ACQUISITION         CO,212896112,5143,506225,CALL,
HUAZHU   GROUP     LTD,44332N106,5135,118714,,
PHILLIPS     66,718546104,5129,98938,,PSX
VANGUARD  INDEX  FDS,922908652,5129,39537,,
SIENTRA  INC,82621J105,5123,1506711,,
PAGERDUTY    INC,69553P100,5121,188915,,
SUNPOWER   CORP,867652406,5118,409116,,
KENSINGTON     CAP   ACQUISITION     C,490073202,5117,270000,,
IDEXX   LABS  INC,45168D104,5110,13000,CALL,
API   GROUP  CORP,00187Y100,5100,358401,,APG
RALPH   LAUREN     CORP,751212101,5098,75000,CALL,RL
ELDORADO     GOLD  CORP     NEW,284902509,5089,482355,,
HERC   HLDGS  INC,42704L104,5087,128437,,
GORES   HLDGS      IV  INC,382865111,5073,492075,CALL,
MERITAGE     HOMES  CORP,59001A102,5072,45948,,MTH
CERENCE     INC,156727109,5063,103603,,CRNC
NEW  PROVIDENCE       ACQUISITION,64822P114,5059,502400,CALL,
TARGET  HOSPITALITY          CORP,87615L115,5056,4144000,CALL,TH
PACIRA   BIOSCIENCES,695127100,5049,83989,,
CDK     GLOBAL      INC,12508E101,5031,115410,,
FEDERAL   RLTY   INVT    TR,313747206,5018,68323,,
STERLING     CONSTRUCTION        CO  INC,859241101,5004,353371,,
HEARTLAND   FINL  USA     INC,42234Q102,5003,166809,,
KENNEDY-WILSON        HOLDINGS  INC,489398107,4980,342967,,
HONDA   MOTOR   LTD,438128308,4978,210043,,
KENSINGTON       CAP  ACQUISITION     C,490073103,4975,297000,,
UNIFIRST     CORP     MASS,904708104,4965,26220,,
TENARIS   S  A,88031M109,4962,503780,,
WESCO   INTL   INC,95082P105,4953,112510,,
EXP   WORLD  HLDGS     INC,30212W100,4945,122590,,
WINTRUST    FINL   CORP,97650W108,4944,123447,,
TRUSTMARK     CORP,898402102,4942,230834,,TRMK
COGENT     COMMUNICATIONS           HLDGS,19239V302,4937,82223,,
LEXINFINTECH    HLDGS    LTD,528877103,4902,715589,,
PHREESIA     INC,71944F106,4902,152556,,
LONGVIEW     ACQUISITION        CORP,543195101,4899,498849,,
KORNIT      DIGITAL    LTD,M6372Q113,4893,75428,,KRNT
WEST   PHARMACEUTICAL       SVSC    INC,955306105,4888,17781,,
MOLSON     COORS       BEVERAGE    CO,60871R209,4886,145596,,TAP
VANECK  VECTORS  ETF  TR,92189H607,4886,50000,PUT,
BARCLAYS     PLC,06738E204,4878,973715,,BCLYF
BOSTON   SCIENTIFIC       CORP,101137107,4876,127600,PUT,BSX
BAXTER   INTL     INC,071813109,4873,60600,CALL,
SLM   CORP,78442P106,4873,602298,,SLMBP
BROWN   &  BROWN   INC,115236101,4867,107506,,
NAVIENT  CORPORATION,63938C108,4866,575800,,JSM
TEGNA   INC,87901J105,4865,414043,,
INVESCO  EXCHANGE  TRADED  FD   T,46137V357,4864,44994,,
ENDAVA  PLC,29260V105,4861,76973,,DAVA
TRINE   ACQUISITION      CORP,89628U108,4860,450000,,
VALVOLINE       INC,92047W101,4860,255251,,VVV
RAYMOND   JAMES      FINL  INC,754730109,4854,66710,,
HOULIHAN   LOKEY      INC,441593100,4850,82142,,
NCR   CORP   NEW,62886E108,4850,219051,,
IBEX   LTD,G4690M101,4848,315236,,IBEX
LA   Z  BOY      INC,505336107,4841,153038,,
ISHARES  TR,464288687,4838,132720,,
THUNDER     BRDG   ACQUISTION    II   L,G8857S108,4824,472900,CALL,
FAIR       ISAAC    CORP,303250104,4819,11328,,FICO
AKERO   THERAPEUTICS   INC,00973Y108,4813,156314,,
VANGUARD  BD  INDEX   FDS,921937835,4809,54513,,
FLEX   LTD,Y2573F102,4801,430962,,FLEX
SNAP   ON   INC,833034101,4795,32592,,
UNITED  STATES       CELLULAR       CORP,911684108,4793,162321,,
BIOTELEMETRY        INC,090672106,4786,105000,CALL,
ENDURANCE    INTL  GROUP      HLDGS  I,29272B105,4773,831446,,
Q2   HLDGS     INC,74736LAD1,4762,3896,,
ASSURED     GUARANTY   LTD,G0585R106,4756,221407,,AGO
TREBIA   ACQUISITION     CORP,G9027T125,4752,440002,,
SCIENTIFIC      GAMES   CORP,80874P109,4738,135721,,
SPDR  SER  TR,78468R663,4738,51770,,
LANDCADIA    HLDGS    II  INC,51476X204,4734,294962,,
VAXCYTE   INC,92243G108,4724,95660,,
LIBERTY   GLOBAL    PLC,G5480U104,4718,224544,,
WW   INTL   INC,98262P101,4718,250000,CALL,
LAM   RESEARCH     CORP,512807108,4713,14207,,LRCX
APPLIED   INDL    TECHNOLOGIES     IN,03820C105,4706,85404,,
REGENCY    CTRS  CORP,758849103,4696,123513,,
AVANGRID   INC,05351W103,4692,92979,,
DISCOVERY  INC,25470F302,4692,239411,,
NEWHOLD    INVESTMENT      CORP,651448102,4680,480000,,
GILDAN   ACTIVEWEAR         INC,375916103,4674,237614,,GIL
DANAHER     CORPORATION,235851102,4673,21700,CALL,
COMTECH   TELECOMMUNICATIONS          C,205826209,4671,333632,,
FS      DEV   CORP,303020101,4669,416918,,
CRYOLIFE    INC,228903100,4662,252398,,
CLOROX   CO  DEL,189054109,4645,22100,PUT,
AMERICAN  WOODMARK       CORPORATIO,030506109,4639,59062,,
APEX   TECHNOLOGY  ACQUISITION,03768F110,4639,437605,CALL,
EASTMAN     KODAK     CO,277461406,4638,525826,,KODK
PEMBINA    PIPELINE      CORP,706327103,4638,218477,,PMBPF
PERSONALIS    INC,71535D106,4630,213664,,
ISHARES  TR,464288760,4621,29173,,
LIBERTY   MEDIA  CORP      DEL,531229854,4621,127398,,FWONB
SPROUTS  FMRS      MKT   INC,85208M102,4601,219843,,
FIRST  AMERN   FINL      CORP,31847R102,4599,90333,,
NATUS  MED   INC     DEL,639050103,4598,268419,,
STERIS   PLC,G8473T100,4596,26088,,STE
RETAIL   OPPORTUNITY     INVTS      COR,76131N101,4586,440320,,
DENALI   THERAPEUTICS       INC,24823R105,4575,127688,,DNLI
MUSTANG     BIO   INC,62818Q104,4567,1449937,,
REVOLVE  GROUP     INC,76156B107,4553,277110,,
UNITED  STS    OIL  FD     LP,91232N207,4543,160600,CALL,
NEENAH   INC,640079109,4542,121229,,
LOGITECH    INTL     S  A,H50430232,4511,58348,,
UNITED  CMNTY      BKS    BLAIRSVLE     G,90984P303,4508,266286,,
BANCO  MACRO    SA,05961W105,4486,313718,,
AGORA   INC,00851L103,4478,104184,,
AMKOR   TECHNOLOGY      INC,031652100,4459,398167,,
MARINUS    PHARMACEUTICALS           INC,56854Q200,4459,346992,,
SHERWIN     WILLIAMS   CO,824348106,4459,6400,CALL,SHW
OSPREY   TECHNLGY         AQUISTION     CO,68839R120,4453,437000,CALL,
MYLAN   NV,N59465109,4449,300000,CALL,
NUANCE     COMMUNICATIONS      INC,67020Y100,4448,134005,,
GRUPO  FINANCIERO     GALICIA    S.A,399909100,4446,614030,,
MAXIMUS      INC,577933104,4445,64973,,
DYCOM    INDS    INC,267475101,4442,84089,,
GARTNER   INC,366651107,4438,35522,,IT
STEWART   INFORMATION         SVCS   COR,860372101,4432,101355,,
SPDR  SER  TR,78464A797,4418,150000,PUT,
DELEK   US   HLDGS     INC   NEW,24665A103,4414,396545,,
USANA   HEALTH        SCIENCES    INC,90328M107,4412,59899,,USNA
LIVENT   CORP,53814L108,4410,491588,,
WYNN   RESORTS   LTD,983134107,4402,61300,CALL,WYNN
VANECK    VECTORS    ETF      TR,92189F106,4399,112345,,
ATKORE   INTL     GROUP  INC,047649108,4396,193418,,
NOVOCURE   LTD,G6674U108,4390,39443,,NVCR
LENDINGTREE       INC   NEW,52603B107,4385,14288,,
SPDR  SER  TR,78464A698,4375,122620,,
DICERNA   PHARMACEUTICALS         INC,253031108,4369,242864,,
CARGURUS   INC,141788109,4368,201942,,
PATTERSON     UTI  ENERGY      INC,703481101,4368,1532658,,PTEN
ACE   CONVERGENCE        ACQU    CORP,G0083D112,4356,425000,,
NEXTCURE     INC,65343E108,4353,494648,,
MEGALITH   FINL     ACQUISITION    CO,58518F117,4343,421000,CALL,
UNITED  MICROELECTRONICS               CORP,910873405,4341,906211,,UMC
ONEWATER     MARINE       INC,68280L101,4340,211811,,ONEW
POPULAR   INC,733174700,4314,118940,,
NEWELL   BRANDS     INC,651229106,4290,250000,CALL,NWL
OMNICELL     COM,68213N109,4290,57454,,
NIU   TECHNOLOGIES,65481N100,4289,223385,,NIU
TENET   HEALTHCARE      CORP,88033G407,4289,175000,CALL,THC
ISHARES  TR,464288638,4285,70473,,
ASTRONICS     CORP,046433108,4279,554311,,ATROB
FUSION    ACQUISITION        CORP,36118H113,4278,435237,CALL,
ARROW   ELECTRS  INC,042735100,4268,54259,,
HIMAX   TECHNOLOGIES        INC,43289P106,4262,1197140,,
ILLUMINA     INC,452327AK5,4262,4000,,
SAREPTA   THERAPEUTICS           INC,803607100,4262,30352,,
HAYMAKER  ACQUISITION         CORP  II,42087L119,4256,425570,CALL,
STRYKER   CORPORATION,863667101,4251,20400,CALL,SYK
ANAPTYSBIO     INC,032724106,4250,288164,,
JEFFERIES       FINL     GROUP     INC,47233W109,4250,236096,,
RACKSPACE      TECHNOLOGY       INC,750102105,4245,220040,,
ENDEAVOUR    SILVER    CORP,29258Y103,4243,1208851,,EXK
OMEGA   HEALTHCARE         INVS  INC,681936100,4229,141244,,
GENERAL   ELECTRIC        CO,369604103,4220,698400,CALL,GE
BURNING         ROCK  BIOTECH        LTD,12233L107,4219,168223,,BNR
FRANKLIN   RESOURCES       INC,354613101,4212,206985,,BEN
GRAY   TELEVISION   INC,389375106,4208,305560,,
TRUPANION     INC,898202106,4205,53299,,
AKOUOS   INC,00973J101,4185,182987,,
VERITEX   HLDGS    INC,923451108,4185,245733,,
WHOLE   EARTH     BRANDS     INC,96684W126,4183,1003112,CALL,
ASCENDANT       DIGITAL     ACQUISITIO,G05155117,4175,420000,CALL,
ATHIRA     PHARMA     INC,04746L104,4163,225492,,
SM   ENERGY   CO,78454L100,4155,2613319,,SM
BIONTECH     SE,09075V102,4154,60000,PUT,BNTX
ENSTAR   GROUP     LIMITED,G3075P101,4152,25706,,
VERACYTE  INC,92337F107,4152,127808,,
MESA   LABS  INC,59064R109,4143,16262,,
POSEIDA   THERAPEUTICS        INC,73730P108,4137,466459,,
EURONET     WORLDWIDE      INC,298736AL3,4130,4300,,
CROWN  CASTLE    INTL      CORP  NEW,22822V101,4129,24800,PUT,
DFP   HEALTHCARE    ACQUISITNS   CO,23343Q118,4126,397450,CALL,
GDS   HLDGS   LTD,36165L108,4123,50388,,
FIRST  FINL   BANKSHARES,32020R109,4120,147615,,
FORMFACTOR      INC,346375108,4118,165193,,FORM
MODINE     MFG     CO,607828100,4106,656979,,
STITCH   FIX   INC,860897107,4103,151239,,
NEUROCRINE   BIOSCIENCES         INC,64125C109,4100,42636,,NBIX
CATALYST   BIOSCIENCES      INC,14888D208,4085,949935,,
TRONOX   HOLDINGS   PLC,G9087Q102,4084,518911,,TROX
STAG   INDL   INC,85254J102,4077,133707,,
COVENANT    LOGISTICS    GROUP  INC,22284P105,4068,232562,,
ESSENT     GROUP     LTD,G3198U102,4067,109899,,ESNT
MIRUM   PHARMACEUTICALS         INC,604749101,4067,211079,,
WELBILT  INC,949090104,4052,657716,,
FRESENIUS   MED  CARE     AG&CO    KGA,358029106,4051,95360,,
ILLUMINA     INC,452327109,4049,13100,CALL,
IRHYTHM        TECHNOLOGIES   INC,450056106,4048,17000,PUT,
FORUM   MERGER       III   CORP,349885111,4043,406665,CALL,
TRANSOCEAN      LTD,H8817H100,4040,5006658,,RIG
LEGEND   BIOTECH    CORP,52490G102,4038,130802,,LEGN
SEALED    AIR  CORP   NEW,81211K100,4037,104018,,
CHILDRENS     PL   INC,168905107,4036,142372,,
VIELA   BIO   INC,926613100,4035,143703,,
ANTHEM   INC,036752103,4029,15000,CALL,
QUDIAN   INC,747798AB2,4022,5370,,
BRIGHTSPHERE      INVT   GROUP     INC,10948W103,3997,309821,,
II-VI     INC,902104108,3996,98531,,
TUSCAN   HLDGS     CORP    II,90070A103,3992,400000,,
UPWORK   INC,91688F104,3988,228690,,
LIBERTY     LATIN  AMERICA   LTD,G9001E128,3979,488774,,LILAP
BLOCK  H  &   R   INC,093671105,3978,244170,,
ISHARES  TR,464287804,3977,56631,,
LAS  VEGAS    SANDS     CORP,517834107,3966,85000,CALL,LVS
SELECTA   BIOSCIENCES     INC,816212104,3966,1599050,,
LIONS   GATE   ENTMNT      CORP,535919500,3954,453407,,
VANGUARD     INDEX     FDS,922908363,3952,12847,,
FRESHPET   INC,358039105,3945,35337,,
ATARA   BIOTHERAPEUTICS        INC,046513107,3932,303416,,
RAMBUS   INC  DEL,750917106,3925,286725,,RMBS
COMCAST   CORP  NEW,20030N101,3921,84759,,CCZ
GRACE   W  R  &    CO  DEL  NEW,38388F108,3921,97330,,
APOLLO   COML  REAL    EST    FIN  INC,03762U105,3920,435085,,
ASBURY   AUTOMOTIVE     GROUP     INC,043436104,3918,40207,,ABG
DYNE       THERAPEUTICS            INC,26818M108,3918,194065,,
HAWAIIAN  HOLDINGS       INC,419879101,3902,302707,,
FIRST  BANCORP     N  C,318910106,3899,186290,,
TWITTER     INC,90184LAF9,3890,3500,,
TAYSHA   GENE     THERAPIES   INC,877619106,3881,173257,,
MONARCH     CASINO     &   RESORT     INC,609027107,3871,86799,,MCRI
ALTRIA   GROUP     INC,02209S103,3860,99900,PUT,
YETI   HLDGS     INC,98585X104,3853,85024,,
HIBBETT   SPORTS       INC,428567101,3851,98186,,
51JOB     INC,316827104,3847,49321,,
HEADHUNTER  GROUP    PLC,42207L106,3841,156889,,
GO   ACQUISITION       CORP,362019119,3838,390000,CALL,
FLWS/1-800       FLOWERS,68243Q106,3829,153525,,
ARCHROCK  INC,03957W106,3825,710981,,
AMERICAN  EQTY   INVT     LIFE     HLD,025676206,3811,173317,,
UNITED  BANKSHARES          INC   WEST  V,909907107,3793,176660,,
BOTTOMLINE     TECH  DEL      INC,101388106,3782,89715,,
WESTAMERICA       BANCORPORATION,957090103,3773,69417,,WABC
AERCAP     HOLDINGS              NV,N00985106,3767,149536,,
HELIX   ENERGY      SOLUTIONS      GRP   I,42330P107,3745,1554009,,
A10   NETWORKS   INC,002121101,3742,587493,,
HUDBAY   MINERALS       INC,443628102,3733,882432,,HBM
ACCEL   ENTERTAINMENT         INC,00436Q106,3725,347791,,
WESTLAKE   CHEM     CORP,960413102,3720,58848,,
STARWOOD     PPTY       TR   INC,85571B105,3718,246377,,
HUDSON   LTD,G46408103,3713,488614,,
AMERICAN  EAGLE     OUTFITTERS       IN,02553E106,3703,250000,CALL,
Y-MABS    THERAPEUTICS      INC,984241109,3700,96368,,
GAMING   &   LEISURE       PPTYS       INC,36467J108,3693,100000,CALL,
PRIMORIS   SVCS     CORP,74164F103,3690,204548,,
ALTIMMUNE    INC,02155H200,3673,278243,,
D8   HOLDINGS     CORP,G2614K128,3664,375000,CALL,
CF      FIN   ACQUISITION     CORP,12528N115,3662,352100,CALL,
GREEN   PLAINS    INC,393222104,3652,235907,,GPRE
WAYFAIR  INC,94419L101,3638,12500,PUT,W
RADIUS   HEALTH     INC,750469207,3634,320429,,
SIMMONS    1ST   NATL      CORP,828730200,3630,228972,,
FIRST  BANCORP     P  R,318672706,3627,694847,,
VARONIS   SYS   INC,922280102,3627,31427,,
IOVANCE     BIOTHERAPEUTICS    INC,462260100,3621,110000,CALL,
BUCKLE        INC,118440106,3616,177324,,BKE
CONTINENTAL    RES    INC,212015101,3610,293939,,
PHIBRO   ANIMAL      HEALTH  CORP,71742Q106,3606,207269,,PAHC
BIOXCEL   THERAPEUTICS         INC,09075P105,3604,83120,,
FOUNDATION       BLDG     MATLS   INC,350392106,3601,229056,,
TCF  FINL  CORP,872307103,3600,154117,,
BARNES   GROUP     INC,067806109,3597,100652,,
US      BANCORP  DEL,902973304,3585,100000,PUT,
PARK  HOTELS   RESORTS      INC,700517105,3577,358057,,
GENUINE   PARTS    CO,372460105,3573,37546,,GPC
RENALYTIX       AI   PLC,75973T101,3572,292805,,
ISHARES  TR,464287390,3570,169532,,
ADAPTHEALTH       CORP,00653Q102,3568,163614,,AHCO
DESIGNER   BRANDS     INC,250565108,3567,656843,,DBI
REALOGY    HLDGS  CORP,75605Y106,3559,377009,,
FRANKLIN   ELEC   INC,353514102,3554,60409,,
CLEARWATER   PAPER     CORP,18538R103,3553,93635,,CLW
PORTLAND     GEN   ELEC  CO,736508847,3550,100000,CALL,
VANGUARD  SPECIALIZED      FUNDS,921908844,3550,27589,,
ALKERMES     PLC,G01767105,3548,214151,,ALKS
KARUNA   THERAPEUTICS      INC,48576A100,3547,45872,,
INGLES   MKTS    INC,457030104,3539,93037,,
NORTHROP   GRUMMAN     CORP,666807102,3533,11200,CALL,
YELP   INC,985817105,3533,175860,,YELP
EAST   RES   ACQUISITION           CO,274681204,3532,350000,,
BENEFITFOCUS     INC,08180DAB2,3527,4390,,
SHOCKWAVE   MED   INC,82489T104,3526,46516,,
HUDSON   PAC  PPTYS     INC,444097109,3523,160645,,
QUOTIENT    TECHNOLOGY         INC,749119103,3522,477244,,
FORTUNE   BRANDS  HOME     &  SEC   IN,34964C106,3517,40648,,
ECHOSTAR     CORP,278768106,3516,141242,,ECHO
SELECT  SECTOR     SPDR  TR,81369Y852,3514,59154,,
CENTRAL   GARDEN    &  PET    CO,153527106,3507,87834,,CENTA
MCGRATH      RENTCORP,580589109,3507,58847,,MGRC
STAAR   SURGICAL         CO,852312305,3507,62003,,STAA
GENMAB   A/S,372303206,3500,95594,,GNMSF
NORTHERN   GENESIS   ACQUISITION,66516T203,3497,350000,,
ZYNEX   INC,98986M103,3495,200278,,
QEP   RESOURCES       INC,74733V100,3489,3864176,,
SPROUT   SOCIAL     INC,85209W109,3489,90635,,
NEVRO  CORP,64157F103,3483,25000,PUT,
WORLD  WRESTLING      ENTMT  INC,98156Q108,3471,85764,,
GREEN  DOT   CORP,39304D102,3467,68495,,GDOT
WERNER   ENTERPRISES      INC,950755108,3467,82572,,WERN
SOUTHERN   CO,842587107,3464,63883,,SOMN
WABASH     NATL       CORP,929566107,3454,288825,,
URSTADT     BIDDLE  PPTYS   INC,917286205,3453,375312,,
EVERBRIDGE       INC,29978A104,3449,27433,,
SEAGATE    TECHNOLOGY       PLC,G7945M107,3449,70000,CALL,
NEXTGEN      HEALTHCARE    INC,65343C102,3448,270627,,
OYSTER       PT   PHARMA     INC,69242L106,3437,162815,,
GRIFFON   CORP,398433102,3431,175611,,GFF
MSG   NETWORK     INC,553573106,3428,358241,,
SOCIAL   CAP  HDOSPHIA  HLDG       CO,G8250T117,3418,180002,,
INSPERITY     INC,45778Q107,3416,52162,,
NEXSTAR     MEDIA   GROUP    INC,65336K103,3413,37952,,
TURNING     PT  BRANDS     INC,90041L105,3413,122325,,
VERISK   ANALYTICS      INC,92345Y106,3400,18346,,
JUNIPER    INDL    HLDGS   INC,48205G114,3394,324482,CALL,
PHOTRONICS       INC,719405102,3393,340654,,PLAB
MGM   RESORTS     INTERNATIONAL,552953101,3390,155883,,MGM
ALLEGHANY    CORP     DEL,017175100,3374,6482,,
EPR     PPTYS,26884U109,3348,121757,,
RITCHIE    BROS  AUCTIONEERS,767744105,3347,56494,,
FULGENT      GENETICS   INC,359664109,3344,83515,,
DILLARDS    INC,254067101,3337,91373,,
MERIT   MED  SYS    INC,589889104,3327,76480,,
HOLOGIC     INC,436440101,3324,50000,CALL,
DOUGLAS  EMMETT        INC,25960P109,3323,132374,,DEI
VANGUARD  BD  INDEX   FDS,921937819,3322,35535,,
AUTOMATIC     DATA  PROCESSING  IN,053015103,3320,23800,CALL,
THE   TRADE  DESK      INC,88339J105,3320,6400,PUT,
CABOT   OIL   &  GAS   CORP,127097103,3311,190719,,
YUCAIPA       ACQUISITION        CORP,G9879L113,3310,333333,CALL,
FIVERR   INTL     LTD,M4R82T106,3309,23806,,
LYFT       INC,55087P104,3306,120000,CALL,
CUTERA   INC,232109108,3300,173984,,
MEDIFAST   INC,58470H101,3297,20047,,MED
PLAINS   GP   HLDGS   L   P,72651A207,3296,541230,,
GMS  INC,36251C103,3295,136729,,
MERITOR     INC,59001K100,3292,157223,,
BMC   STK   HLDGS   INC,05591B109,3289,76799,,
TTEC   HLDGS   INC,89854H102,3287,60255,,
KONTOOR  BRANDS      INC,50050N103,3284,135713,,
CAPSTAR   SPL   PURP   ACQUISITION,14070Y119,3278,333500,CALL,
LENNAR   CORP,526057104,3268,40006,,
ACAMAR   PARTNERS   ACQSITION           CO,004285110,3253,318333,CALL,
SITEONE   LANDSCAPE     SUPPLY      INC,82982L103,3251,26662,,
NXP   SEMICONDUCTORS            N     V,N6596X109,3245,26000,CALL,
HARLEY   DAVIDSON    INC,412822108,3244,132181,,
EQUITY   COMWLTH,294628102,3228,121225,,
OSPREY   TECHNLGY         AQUISTION     CO,68839R401,3225,300000,,
PENNANT    GROUP   INC,70805E109,3213,83323,,
LAUDER   ESTEE     COS  INC,518439104,3208,14700,CALL,
SUTRO   BIOPHARMA       INC,869367102,3208,319214,,
RESIDEO   TECHNOLOGIES       INC,76118Y104,3202,291125,,
FIRST  CTZNS   BANCSHARES          INC  N,31946M103,3201,10040,,
AXIS   CAP  HLDGS     LTD,G0692U109,3193,72500,,
STEREOTAXIS    INC,85916J409,3188,890641,,
OPEN   TEXT     CORP,683715106,3182,75326,,OTEX
CITIC  CAPITAL    ACQUISITION          CO,G21513125,3180,310000,,
FIRST  TR  EXCHANGE    TRADED  FD,33734X127,3174,566801,,
CENTURY     CMNTYS   INC,156504300,3173,74947,,
TATA   MTRS  LTD,876568502,3171,348793,,
UNUM   GROUP,91529Y106,3165,188049,,UNMA
UBIQUITI       INC,90353W103,3158,18951,,UI
ALLIANCE   DATA     SYSTEMS     CORP,018581108,3155,75166,,
DINE  BRANDS     GLOBAL      INC,254423106,3152,57746,,
KEZAR   LIFE   SCIENCES    INC,49372L100,3151,651129,,
ZOOM   VIDEO   COMMUNICATIONS      IN,98980L101,3150,6700,CALL,
AMICUS   THERAPEUTICS        INC,03152W109,3147,222894,,
MEI   PHARMA   INC,55279B202,3144,1007768,,
ARCHER   DANIELS  MIDLAND    CO,039483102,3138,67500,PUT,
WNS     HLDGS     LTD,92932M101,3130,48939,,
SCRIPPS   E  W    CO  OHIO,811054402,3126,273254,,
ICF   INTL   INC,44925C103,3123,50763,,
SPDR  SER  TR,78468R556,3113,3460600,PUT,
VEDANTA   LIMITED,92242Y100,3111,420957,,
BAUSCH   HEALTH     COS    INC,071734107,3108,200000,CALL,
CARMAX   INC,143130102,3107,33800,PUT,KMX
ARCH   RESOURCES  INC,03940R107,3103,73054,,
OUTFRONT    MEDIA      INC,69007J106,3103,213279,,OUT
PHYSICIANS       RLTY  TR,71943U104,3103,173281,,
ERIE   INDTY   CO,29530P102,3102,14753,,
RYDER        SYS  INC,783549108,3099,73362,,
OLD   DOMINION     FREIGHT       LINE  IN,679580100,3094,17100,CALL,
JERNIGAN     CAP     INC,476405105,3089,180212,,
VANGUARD  INDEX  FDS,922908736,3081,13538,,
GRUPO  AEROPUERTO           DEL     PACIFIC,400506101,3073,38111,,
WD-40      CO,929236107,3072,16225,,
IMAX   CORP,45245E109,3071,256810,,IMAX
SAFETY    INS    GROUP    INC,78648T100,3067,44390,,
WALKER     &     DUNLOP     INC,93148P102,3067,57868,,
SUSTAINABLE   OPPORTNTS       ACQ  CO,G8598Y109,3060,300000,,
GOOSEHEAD     INS      INC,38267D109,3054,35267,,
ALBERTSONS     COS   INC,013091103,3048,220079,,
NEW  FORTRESS     ENERGY     INC,644393100,3048,69261,,NFE
HYATT     HOTELS   CORP,448579102,3047,57096,,H
ISHARES  TR,464288273,3043,51577,,
89BIO   INC,282559103,3042,118543,,
CHUNGHWA    TELECOM    CO   LTD,17133Q502,3036,83791,,CHT
TRIP  COM     GROUP     LTD,89677Q107,3035,97450,,
MANITOWOC     CO   INC,563571405,3031,360402,,MTW
AMERICAN  WTR   WKS   CO  INC    NEW,030420103,3030,20915,,
GROWGENERATION    CORP,39986L109,3028,189479,,GRWG
HERON   THERAPEUTICS      INC,427746102,3027,204238,,
WADDELL       &  REED      FINL  INC,930059100,3024,203658,,
GARMIN  LTD,H2906T109,3021,31845,,GRMN
JAMES   RIV   GROUP    LTD,G5005R107,3019,67792,,
APELLIS  PHARMACEUTICALS           INC,03753U106,3017,100000,CALL,
FUELCELL   ENERGY    INC,35952H601,3013,1407975,,FCELB
NORDSON  CORP,655663102,3009,15687,,NDSN
VANGUARD  INDEX  FDS,922908769,3008,17659,,
CGI     INC,12532H104,3002,44293,,GIB
OREILLY   AUTOMOTIVE        INC,67103H107,2997,6500,PUT,
APPLIED   GENETIC  TECHNOLOGIES,03820J100,2996,616428,,
MEGALITH   FINL     ACQUISITION    CO,58518F109,2991,290000,,
MERIDIAN     BANCORP     INC  MD,58958U103,2987,288577,,
FUTUREFUEL        CORP,36116M106,2980,262100,,FF
CORPORATE   OFFICE     PPTYS  TR,22002T108,2973,125317,,
GRAHAM     HLDGS    CO,384637104,2973,7358,,
ALUSSA    ENERGY      ACQUISITION      CO,G0232J101,2972,299341,,
MAXEON   SOLAR   TECHNOLOGIES           LT,Y58473102,2968,175000,CALL,
ONTO   INNOVATION         INC,683344105,2964,99541,,ONTO
CTS  CORP,126501105,2960,134368,,CTS
LIGAND   PHARMACEUTICALS        INC,53220K504,2955,31002,,LGNZZ
HARTFORD  FINL     SVCS   GROUP     INC,416515104,2949,80000,PUT,
BWX   TECHNOLOGIES       INC,05605H100,2947,52344,,
RIO   TINTO   PLC,767204100,2946,48779,,RTPPF
LGL   SYS    ACQUISITION    CORP,50201G114,2945,293936,CALL,
JACK       IN   THE  BOX      INC,466367109,2942,37099,,JACK
SOFTWARE       ACQUISITION     GROUP   I,83406B101,2935,294678,,
CAMDEN   PPTY   TR,133131102,2933,32958,,
AVADEL   PHARMACEUTICALS         PLC,05337M104,2929,581126,,
GREAT  WESTN   BANCORP       INC,391416104,2923,234744,,
WABTEC,929740108,2923,47243,,
VANGUARD  SCOTTSDALE    FDS,92206C706,2922,41454,,
BELLRING    BRANDS    INC,079823100,2912,140407,,
KOPPERS  HOLDINGS       INC,50060P106,2909,139097,,KOP
ISHARES  INC,46434G780,2901,154943,,
VERIZON   COMMUNICATIONS     INC,92343V104,2899,48727,,VZ
FINSERV   ACQUISITION        CORP,318085206,2898,280000,,
URBAN   EDGE  PPTYS,91704F104,2894,297750,,
OMEROS     CORP,682143102,2889,285940,,OMER
YALLA     GROUP  LTD,98459U103,2882,411651,,YALA
INVESCO  EXCH  TRADED  FD  TR  II,46138G508,2877,132352,,
HERSHEY   CO,427866108,2867,20000,CALL,HSY
ALECTOR  INC,014442107,2863,271767,,
NEWS  CORP  NEW,65249B109,2859,203930,,NWSLL
INTL   GNRL   INSURANCE     HLDNGS     L,G4809J114,2849,398487,CALL,
TALEND  S    A,874224207,2830,72501,,
UNUM    THERAPEUTICS       INC,903214104,2830,1209493,,
ISHARES  INC,46434G772,2824,62897,,
COMERICA  INC,200340107,2823,73804,,
COWEN  INC,223622606,2823,173522,,
CHURCHILL     CAP   CORP    III,17144C203,2822,268500,,
GATX   CORP,361448103,2821,44252,,GATX
GLADSTONE     COMMERCIAL         CORP,376536108,2821,167415,,GOODO
COMMERCIAL     METALS    CO,201723103,2819,141105,,CMC
REDWOOD    TR  INC,758075402,2814,374256,,
IAA   INC,449253103,2812,54004,,
ACCO  BRANDS    CORP,00081T108,2809,484318,,ACCO
ADVANCE   AUTO  PARTS   INC,00751Y106,2809,18300,PUT,AAP
VERRICA     PHARMACEUTICALS       INC,92511W108,2809,362969,,VRCA
REGAL   BELOIT   CORP,758750103,2805,29879,,
TELEFLEX    INCORPORATED,879369106,2803,8234,,
COMPANHIA    DE  SANEAMENTO        BASI,20441A102,2802,337615,,
APTIV   PLC,G6095L109,2791,30448,,APTV
LEXINGTON  REALTY      TRUST,529043101,2782,266201,,
CORNERSTONE      BLDG   BRANDS     INC,21925D109,2777,348032,,
VANGUARD  INTL  EQUITY  INDEX  F,922042874,2774,52903,,
ABIOMED   INC,003654100,2771,10000,CALL,
TEXTAINER   GROUP  HOLDINGS       LTD,G8766E109,2771,195675,,
FEDERATED     HERMES     INC,314211103,2770,128797,,
ISHARES  INC,464286749,2764,67305,,
WARRIOR  MET    COAL  INC,93627C101,2761,161648,,
TOWNEBANK   PORTSMOUTH         VA,89214P109,2757,168107,,
CITRIX  SYS    INC,177376100,2754,20000,CALL,
ACI   WORLDWIDE     INC,004498101,2752,105321,,
FORTRESS  BIOTECH     INC,34960Q109,2748,680113,,
JBG   SMITH     PPTYS,46590V100,2740,102469,,
SPDR  DOW  JONES    INDL  AVERAGE,78467X109,2739,9871,,
TRAVELCENTERS        OF  AMERICA   INC,89421B109,2739,140160,,
SUMMIT  HOTEL        PPTYS  INC,866082100,2738,528631,,
WEX  INC,96208T104,2735,19678,,WEX
PERDOCEO  ED    CORP,71363P106,2733,223325,,
CINCINNATI     FINL    CORP,172062101,2729,35000,CALL,
AGIOS   PHARMACEUTICALS        INC,00847X104,2727,77902,,
MODEL   N     INC,607525102,2719,77062,,
CUE  BIOPHARMA     INC,22978P106,2716,180465,,
FG      NEW   AMER    ACQUISITION   CORP,30259V205,2706,270300,,
PROGYNY   INC,74340E103,2705,91930,,
GSX  TECHEDU    INC,36257Y109,2703,30000,PUT,
HENNESSY     CAP    ACQUSTION      CORP,42589C104,2702,242522,,
OUTSET     MED   INC,690145107,2699,53987,,
SUNCOKE    ENERGY   INC,86722A103,2699,789091,,
MICHAELS    COS  INC,59408Q106,2692,278780,,
EVERCORE    INC,29977A105,2682,40979,,EVR
RADWARE       LTD,M81873107,2681,110591,,RDWR
VEREIT   INC,92339V100,2681,412464,,
ALEXANDERS      INC,014752109,2680,10931,,ALX
HPX   CORP,G32219118,2678,262500,,
LIVE  NATION     ENTERTAINMENT  IN,538034109,2677,49678,,
SCHWAB  CHARLES     CORP,808513105,2677,73900,CALL,SCHW-PJ
YRC   WORLDWIDE       INC,984249607,2672,681639,,
CACTUS   INC,127203107,2658,138493,,
NETFIN     ACQUISITION    CORP,G6455A107,2656,256105,,
STATE  STR      CORP,857477103,2656,44763,,
GORES   METROPOULOS         INC,382872117,2648,231882,CALL,
SMITH  &  NEPHEW       GROUP   PLC,83175M205,2647,67705,,
WINNEBAGO   INDS   INC,974637100,2640,51100,PUT,
SABRA     HEALTH  CARE     REIT  INC,78573L106,2638,191377,,
WESTERN   ALLIANCE       BANCORP,957638109,2634,83300,,WAL-PA
BIOMX   INC,09090D103,2633,415296,,PHGE
BROOKDALE   SR   LIVING   INC,112463104,2632,1036060,,
GRUBHUB   INC,400110102,2626,36300,PUT,
PIPER   SANDLER     COMPANIES,724078100,2623,35925,,PIPR
HOLLYSYS    AUTOMATION      TCHNGY     L,G45667105,2622,237262,,
MOELIS     &  CO,60786M105,2616,74455,,MC
NU   SKIN  ENTERPRISES  INC,67018T105,2610,52102,,
PITNEY   BOWES   INC,724479100,2610,491527,,
AMERICAN  CAMPUS    CMNTYS      INC,024835100,2606,74622,,
COMPASS   PATHWAYS       PLC,20451W101,2606,74657,,CMPS
VIRGIN   GALACTIC       HOLDINGS    INC,92766K106,2603,135343,,
UNIVERSAL     ELECTRS   INC,913483103,2600,68888,,
EXPERIENCE       INVT  CORP,30217C208,2598,250000,,
ROBERT    HALF   INTL   INC,770323103,2598,49082,,
HOPE   BANCORP     INC,43940T109,2586,340887,,HOPE
HPX   CORP,G32219100,2583,262500,,
MACQUARIE       INFRASTRUCTURE        COR,55608B105,2575,95745,,
ALLOGENE     THERAPEUTICS     INC,019770106,2574,68248,,
KOPIN   CORP,500600101,2571,1863300,,KOPN
SPDR  SER  TR,78468R408,2560,98955,,
OTIS   WORLDWIDE     CORP,68902V107,2558,40975,,OTIS
ICHOR   HOLDINGS,G4740B105,2552,118314,,
PARSONS   CORPORATION,70202L102,2552,76076,,PSN
CHURCHILL     CAP   CORP    III,17144C112,2550,248792,CALL,
NORTH  MOUNTAIN     MERGER    CORP,661204206,2550,250000,,
AXCELIS  TECHNOLOGIES       INC,054540208,2547,115766,,ACLS
TEREX  CORP    NEW,880779103,2543,131340,,TEX
CYBEROPTICS      CORP,232517102,2539,79727,,
LLOYDS   BANKING     GROUP  PLC,539439109,2533,1948255,,LLOBF
ARES   COML   REAL  ESTATE   CORP,04013V108,2527,276432,,
DEL   TACO   RESTAURANTS         INC   NEW,245496104,2521,307460,,
GENESCO     INC,371532102,2519,116932,,GCO
SPIRE   INC,84857L101,2512,47222,,SRJN
DXC   TECHNOLOGY    CO,23355L106,2499,140000,CALL,DXC
DEERFIELD       HEALTHCARE       TECH     AC,244413209,2498,235000,,
VIVINT   SMART   HOME      INC,928542109,2497,146166,,
SMUCKER     J  M  CO,832696405,2495,21595,,
GRAFTECH     INTL     LTD,384313508,2493,364521,,
LIONHEART      ACQUISITION       CORP  I,53625R203,2490,250000,,
ATMOS   ENERGY    CORP,049560105,2482,25963,,ATO
ALDEYRA  THERAPEUTICS        INC,01438T106,2479,334614,,
KROGER   CO,501044101,2479,73100,CALL,KR
DOLBY   LABORATORIES         INC,25659T107,2477,37378,,
PROPTECH   ACQUISITION    CORP,74349F101,2476,222484,,
BOSTON   BEER   INC,100557107,2473,2800,PUT,
LADDER       CAP  CORP,505743104,2473,347274,,
TEEKAY     CORPORATION,Y8564W103,2460,1103215,,TK
METHODE     ELECTRS     INC,591520200,2450,85969,,
DBX     ETF  TR,233051879,2449,71022,,
MOLINA     HEALTHCARE         INC,60855R100,2449,13380,,
KIMCO   RLTY   CORP,49446R109,2448,217379,,
ADVANCED   ENERGY    INDS,007973100,2447,38881,,
APTINYX  INC,03836N103,2440,721877,,
NUCOR   CORP,670346105,2439,54369,,NUE
APOGEE   ENTERPRISES    INC,037598109,2436,113970,,
LIVEXLIVE     MEDIA  INC,53839L208,2435,938331,,
TOOTSIE    ROLL    INDS  INC,890516107,2433,78735,,
ASPEN   TECHNOLOGY   INC,045327103,2432,19210,,
TAIWAN     SEMICONDUCTOR         MFG    LTD,874039100,2432,30000,CALL,
SELECT  SECTOR     SPDR  TR,81369Y704,2425,31500,,
KAMAN   CORP,483548103,2424,62204,,
CF      FIN   ACQUISITION     CORP,12528N107,2422,232910,,
TUPPERWARE     BRANDS      CORP,899896104,2421,120096,,
WOLVERINE    WORLD    WIDE   INC,978097103,2419,93616,,
CBRE       GROUP    INC,12504L109,2411,51322,,
GENWORTH     FINL  INC,37247D106,2407,718500,PUT,
MOMO   INC,60879B107,2403,174626,,
CENTURY   CASINOS      INC,156492100,2402,438244,,
BCTG       ACQUISITION       CORP,05492W103,2396,231250,,
LCI   INDS,50189K103,2392,22509,,
AMPHASTAR  PHARMACEUTICALS         IN,03209R103,2390,127465,,
COLONNADE     ACQUISITION      CORP,G2283K128,2390,240000,,
SC   HEALTH  CORP,G78516401,2388,236935,CALL,
COLUMBIA  PPTY  TR      INC,198287203,2387,218811,,
TORO   CO,891092108,2386,28418,,TTC
BRITISH   AMERN   TOB   PLC,110448107,2383,65910,,
EMPLOYERS     HOLDINGS        INC,292218104,2379,78650,,
EXPONENT     INC,30214U102,2379,33028,,EXPO
CAPSTAR   SPL   PURP   ACQUISITION,14070Y200,2377,233000,,
TANGER  FACTORY        OUTLET  CTRS  I,875465106,2376,394107,,
CELESTICA     INC,15101Q108,2374,344056,,CLS
HURON     CONSULTING     GROUP     INC,447462102,2365,60127,,HURN
FORWARD   AIR   CORP,349853101,2364,41201,,FWRD
PANDION   THERAPEUTICS         INC,698340106,2360,205929,,
TENNECO   INC,880349105,2353,339091,,
ISHARES  INC,464286624,2352,37488,,
VIAD   CORP,92552R406,2352,112908,,
ARYA   SCIENCES      ACQUISITION          CO,G3166W106,2346,216958,,
MACERICH       CO,554382101,2342,344912,,MAC
NEWHOLD    INVESTMENT      CORP,651448110,2340,240000,CALL,
DOMINOS     PIZZA  INC,25754A201,2339,5500,PUT,DPZ
ISHARES    INC,464286145,2338,91356,,
CHOICE   HOTELS    INTL    INC,169905106,2337,27183,,
3-D   SYS  CORP     DEL,88554D205,2314,471291,,
INTERNATIONAL    FLAVORS&FRAGRA,459506101,2314,18900,CALL,
REDWOOD    TR  INC,758075AD7,2306,2500,,
ANGI  HOMESERVICES       INC,00183L102,2301,207352,,
HOUGHTON   MIFFLIN    HARCOURT         CO,44157R109,2300,1329480,,
UNITED  NAT     FOODS     INC,911163103,2297,154500,CALL,
CRITEO  S    A,226718104,2296,188345,,
ENERPLUS     CORP,292766102,2295,1234101,,
COMMSCOPE   HLDG   CO   INC,20337X109,2292,254675,,
WENDYS   CO,95058W100,2283,102418,,
ALCON     AG,H01301128,2278,40000,CALL,
TG   THERAPEUTICS       INC,88322Q108,2275,85000,PUT,
COMPANHIA   SIDERURGICA         NACION,20440W105,2272,772956,,
INGEVITY     CORP,45688C107,2272,45953,,NGVT
SANFILIPPO  JOHN    B   &   SON  INC,800422107,2271,30125,,JBSS
ALARM   COM   HLDGS   INC,011642105,2269,41070,,
EBAY   INC.,278642103,2266,43500,CALL,EBAY
SOUTH   JERSEY  INDS    INC,838518108,2265,117518,,
YUM   BRANDS     INC,988498101,2264,24800,CALL,YUM
INTERNATIONAL    BANCSHARES     COR,459044103,2261,86743,,
SJW     GROUP,784305104,2259,37111,,
H    &  E  EQUIPMENT     SERVICES  INC,404030108,2255,114708,,
MILESTONE   PHARMACEUTICALS            IN,59935V107,2253,307754,,
NEW  YORK  CMNTY      BANCORP      INC,649445103,2251,272180,,
INOGEN   INC,45780L104,2246,77438,,INGN
ACCURAY   INC,004397105,2242,934253,,ARAY
TWIN   RIV     WORLDWIDE   HLDGS  INC,90171V204,2229,84860,,
ALAMO   GROUP  INC,011311107,2228,20628,,ALG
HESS   MIDSTREAM       LP,428103105,2228,147538,,HESM
STEELCASE       INC,858155203,2226,220210,,
PROSHARES  TR,74347R107,2224,30268,,
BRIGHTCOVE   INC,10921T101,2222,217004,,
SITE   CTRS  CORP,82981J109,2217,307981,,
NEWS  CORP  NEW,65249B208,2212,158212,,NWSLL
TRUIST   FINL     CORP,89832Q109,2211,58100,CALL,
SCORPIO   TANKERS     INC,Y7542C130,2208,199441,,STNG
ARCBEST   CORP,03937C105,2204,70956,,
SOUTH   MTN   MERGER  CORP,838884203,2201,200100,,
S&P     GLOBAL      INC,78409V104,2200,6100,CALL,SPGI
SCHWEITZER-MAUDUIT          INTL  INC,808541106,2200,72378,,
SANMINA  CORPORATION,801056102,2199,81308,,SANM
FUSION    PHARMACEUTICALS          INC,36118A100,2196,182712,,
VORNADO   RLTY     TR,929042109,2195,65106,,
CORCEPT  THERAPEUTICS          INC,218352102,2191,125895,,CORT
ABB   LTD,000375204,2187,85920,,ABLZF
GRANITE    PT    MTG    TR   INC,38741L107,2184,307999,,
STORE   CAP  CORP,862121100,2179,79428,,
CENTRAL   PAC   FINL   CORP,154760409,2171,159975,,
KALA   PHARMACEUTICALS      INC,483119103,2167,288931,,
RELMADA     THERAPEUTICS       INC,75955J402,2163,57500,CALL,
ASGN  INC,00191U102,2162,34013,,
ISHARES  TR,46429B309,2162,125196,,
PS   BUSINESS     PKS  INC  CALIF,69360J107,2155,17610,,
SKYWEST   INC,830879102,2152,72079,,SKYW
ODONATE     THERAPEUTICS      INC,676079106,2150,160073,,
OTONOMY   INC,68906L105,2146,529873,,
THOR     INDS  INC,885160101,2143,22495,,
LUMBER       LIQUIDATORS         HLDGS  INC,55003T107,2141,97091,,
PACWEST   BANCORP     DEL,695263103,2141,125357,,
DMY     TECHNOLOGY     GROUP       INC,233253202,2137,152657,,
NATWEST   GROUP      PLC,639057108,2134,793252,,RBSPF
FORTERRA  INC,34960W106,2131,180249,,
GRAND   CANYON      ED   INC,38526M106,2131,26659,,
XEROX     HOLDINGS    CORP,98421M106,2131,113524,,XRXDW
MAG  SILVER    CORP,55903Q104,2120,130391,,
SO   YOUNG     INTERNATIONAL   INC,83356Q108,2117,169468,,
MANHATTAN     ASSOCS     INC,562750109,2112,22118,,
EASTGROUP       PPTY     INC,277276101,2110,16316,,
ONECONNECT       FINL     TECHNOLOGY      C,68248T105,2109,99017,,
MIDLAND    STS   BANCORP     INC   ILL,597742105,2104,163751,,
ARISTA  NETWORKS     INC,040413106,2090,10100,CALL,
IAMGOLD        CORP,450913108,2090,545749,,IAG
ATLAS   TECHNICAL       CONSULTANTS,049430119,2088,240000,CALL,
REPRO     MED   SYS   INC,759910102,2088,289184,,
FIRST  BUSEY   CORP,319383204,2087,131345,,
ROSETTA     STONE  INC,777780107,2085,69549,,
METLIFE     INC,59156R108,2082,56000,CALL,MET-PF
GENETRON    HLDGS      LTD,37186H100,2081,174295,,
UTAH   MED   PRODS  INC,917488108,2080,26044,,
HERITAGE   COMM    CORP,426927109,2076,311897,,
LAIRD   SUPERFOOD         INC,50736T102,2074,45213,,
ALPS    ETF   TR,00162Q452,2072,103709,,
HP   INC,40434L105,2072,109100,PUT,HPQ
CORECIVIC   INC,21871N101,2063,257839,,
PETROLEO     BRASILEIRO      SA  PETRO,71654V408,2056,288700,CALL,
MACYS     INC,55616P104,2052,360000,PUT,
CENTENE   CORP      DEL,15135B101,2042,35000,CALL,CNC
CHASE   CORP,16150R104,2042,21406,,
ORPHAZYME     A   S,687305102,2041,197556,,
MARRIOTT   INTL       INC   NEW,571903202,2037,22000,CALL,
EL      POLLO      LOCO    HLDGS       INC,268603107,2034,125552,,
VIACOMCBS     INC,92556H107,2018,66617,,
VANECK  VECTORS  ETF  TR,92189H300,2017,65405,,
HERBALIFE     LTD,42703MAD5,2016,2000,,HLF
VERA   BRADLEY  INC,92335C106,2013,329484,,
THE   ODP   CORP,88337F105,2009,103276,,
SCHNITZER      STL   INDS,806882106,2008,104398,,
VAXART   INC,92243A200,2008,301926,,
PROVENTION     BIO   INC,74374N102,2006,156320,,
AMERICAN  INTL   GROUP      INC,026874784,2000,72647,,
STERLING     BANCORP   DEL,85917A100,1999,190025,,
CBOE       GLOBAL   MARKETS   INC,12503M108,1998,22767,,
FORD   MTR  CO  DEL,345370860,1998,300000,CALL,
MRC   GLOBAL     INC,55345K103,1996,466365,,
ENOVA   INTL  INC,29357K103,1995,121700,,
ONEMAIN     HLDGS     INC,68268W103,1989,63661,,
TURTLE   BEACH     CORP,900450206,1987,109196,,TBCH
HILLENBRAND       INC,431571108,1986,70028,,
PLAYA   HOTELS         &     RESORTS     NV,N70544106,1982,473026,,
GLAUKOS     CORP,377322102,1981,40000,CALL,GKOS
AON   PLC,G0403H108,1980,9600,CALL,AON
TRUSTCO   BK   CORP     N  Y,898349105,1980,379362,,
CVB   FINL   CORP,126600105,1979,119031,,
CYTOMX    THERAPEUTICS  INC,23284F105,1972,296614,,
GALAPAGOS       NV,36315X101,1971,13887,,
BLUCORA   INC,095229100,1968,208892,,
HERSHA  HOSPITALITY       TR,427825500,1964,354534,,
VANGUARD   SCOTTSDALE        FDS,92206C870,1961,20471,,
VISHAY   PRECISION       GROUP  INC,92835K103,1961,77461,,
WATERS   CORP,941848103,1957,10000,CALL,
ENSIGN   GROUP     INC,29358P101,1950,34179,,
OXFORD     INDS  INC,691497309,1947,48248,,
TIM  PARTICIPACOES         S  A,88706P205,1944,168572,,
FREELINE   THERAPEUTICS        HLDGS,35655L107,1942,124431,,
QUOTIENT    LTD,G73268107,1935,376412,,
DELTA   AIR     LINES  INC      DEL,247361702,1930,63100,PUT,
EXPERIENCE       INVT  CORP,30217C117,1929,191966,CALL,
HALLIBURTON     CO,406216101,1928,160000,CALL,HAL
WYNDHAM     HOTELS    &    RESORTS      INC,98311A105,1927,38149,,
ENTERCOM     COMMUNICATIONS         CORP,293639100,1925,1195621,,
SHAKE   SHACK  INC,819047101,1925,29860,,SHAK
GENERAL   MLS   INC,370334104,1924,31200,PUT,
PETMED   EXPRESS     INC,716382106,1920,60711,,PETS
SELECT  SECTOR     SPDR  TR,81369Y100,1920,30171,,
LINCOLN   ELEC   HLDGS    INC,533900106,1919,20846,,
BRIDGE   BANCORP    INC,108035106,1917,109962,,
GENIUS   BRANDS       INTL    INC,37229T301,1914,1608482,,
NORTONLIFELOCK    INC,668771108,1911,91699,,
PILGRIMS     PRIDE     CORP,72147K108,1910,127621,,PPC
COMPANHIA   BRASILEIRA       DE   DIST,20440T300,1905,154339,,
HEICO   CORP       NEW,422806208,1901,21444,,HEI-A
CAPSTEAD  MTG   CORP,14067E506,1900,338049,,
ONE  GAS   INC,68235P108,1897,27495,,
CSX  CORP,126408103,1895,24400,CALL,CSX
APPLIED   MATLS   INC,038222105,1891,31800,CALL,
COMMUNITY   TR  BANCORP      INC,204149108,1890,66885,,
NEWHOLD    INVESTMENT      CORP,651448201,1886,187500,,
MANTECH     INTL     CORP,564563104,1884,27354,,
WHITE     MTNS    INS  GROUP       LTD,G9618E107,1874,2406,,
SYNOVUS   FINL     CORP,87161C501,1872,88408,,
INVESCO  EXCH  TRADED  FD  TR  II,46138E354,1865,34766,,
THUNDER     BRDG   ACQUISTION    II   L,G8857S124,1865,170000,,
ZIOPHARM     ONCOLOGY      INC,98973P101,1864,739667,,
ESPERION    THERAPEUTICS            INC  NE,29664W105,1859,50000,CALL,
UFP     INDUSTRIES       INC,90278Q108,1859,32895,,UFPI
ALPHATEC     HLDGS     INC,02081G201,1858,279761,,
VISTRA   CORP,92840M102,1858,98503,,VST
VERU   INC,92536C103,1856,708342,,VERU
NEKTAR   THERAPEUTICS,640268108,1853,111673,,NKTR
WISDOMTREE  INVTS    INC,97717P104,1852,578686,,
DISH   NETWORK   CORPORATION,25470MAB5,1843,2000,,
GAP  INC,364760108,1843,108200,CALL,GAP
SEASPINE   HLDGS     CORP,81255T108,1843,128882,,
ADVERUM    BIOTECHNOLOGIES        INC,00773U108,1841,178779,,
ISHARES  TR,464287523,1840,6041,,
FIAT   CHRYSLER           AUTOMOBILES        N,N31738102,1833,150000,CALL,
ROYALTY     PHARMA     PLC,G7709Q104,1832,43557,,RPRX
MDC   PARTNERS     INC,552697104,1831,1137312,,
NOW  INC,67011P100,1828,402722,,
KLA  CORP,482480100,1827,9428,,KLAC
EMBRAER   S.A.,29082A107,1822,413197,,EMBJ
TETRA  TECH  INC  NEW,88162G103,1820,19055,,TTEK
SELECTQUOTE     INC,816307300,1818,89772,,
VANGUARD     MUN   BD  FDS,922907746,1814,33321,,
FORTINET  INC,34959E109,1805,15324,,
CIIG   MERGER     CORP,12559C111,1804,180000,CALL,
FLAGSTAR     BANCORP     INC,337930705,1803,60838,,
NUTRIEN   LTD,67077M108,1796,45780,,NTR
OPPENHEIMER       HLDGS   INC,683797104,1795,80416,,
VERINT   SYS  INC,92343X100,1786,37060,,
LIVERAMP     HLDGS   INC,53815P108,1785,34487,,
HUAMI   CORP,44331K103,1782,138642,,
ISHARES  TR,464289123,1780,30935,,
BARRETT     BUSINESS       SVCS  INC,068463108,1777,33884,,
AXALTA     COATING    SYS  LTD,G0750C108,1774,80000,CALL,
MCEWEN    MNG     INC,58039P107,1773,1672496,,
BILIBILI      INC,090040AB2,1769,1000,,BLBLF
FERRO   CORP,315405100,1769,142668,,
RESOLUTE   FST     PRODS   INC,76117W109,1768,394543,,
AFFILIATED     MANAGERS      GROUP      IN,008252108,1767,25838,,
MOVADO   GROUP     INC,624580106,1765,177604,,MOVAA
DOW   INC,260557103,1764,37500,PUT,DOW
BRIGHAM     MINERALS    INC,10918L103,1763,197645,,
FIRST  REP   BK   SAN  FRANCISCO         C,33616C100,1763,16168,,
HENRY     SCHEIN     INC,806407102,1763,30000,CALL,HSIC
MATERION      CORP,576690101,1763,33890,,MTRN
RE   MAX  HLDGS  INC,75524W108,1758,53714,,
LOMA   NEGRA   CORP,54150E104,1757,407738,,
VEECO   INSTRS     INC  DEL,922417100,1753,150216,,
CEDAR   REALTY     TRUST    INC,150602209,1750,2160877,,
UNITED  AIRLS      HLDGS     INC,910047109,1748,50296,,
BGC  PARTNERS      INC,05541T101,1746,727441,,
HAEMONETICS       CORP,405024100,1745,20000,CALL,HAE
MYERS   INDS     INC,628464109,1737,131275,,
CAMDEN   NATL   CORP,133034108,1736,57441,,
KANSAS   CITY   SOUTHERN,485170302,1736,9600,CALL,
SCVX   CORP,G79448109,1735,161360,,
SPARTANNASH     CO,847215100,1730,105811,,
TRICO   BANCSHARES,896095106,1730,70653,,
UROGEN     PHARMA             LTD,M96088105,1730,89708,,URGN
FLEETCOR     TECHNOLOGIES       INC,339041105,1728,7256,,
AUTOLUS   THERAPEUTICS     PLC,05280R100,1726,148320,,AUTL
FLUSHING    FINL      CORP,343873105,1721,163562,,
GRUPO  AEROPORTUARIO             DEL      CENT,400501102,1719,46765,,
CHINA  LIFE   INS   CO   LTD,16939P106,1718,151745,,
KKR  &  CO  INC,48251W104,1717,50000,PUT,
P    T  TELEKOMUNIKASI      INDONESIA,715684106,1715,98752,,
PACCAR     INC,693718108,1714,20100,PUT,PCAR
RESMED   INC,761152107,1714,10000,CALL,RSMDF
GOODYEAR     TIRE  &    RUBR   CO,382550101,1713,223304,,
ALTAIR  ENGR      INC,021369103,1709,40714,,
2U   INC,90214J101,1702,50260,,
NATURAL   GROCERS    BY    VITAMIN        C,63888U108,1701,172541,,
WEBSTER  FINL      CORP   CONN,947890109,1699,64343,,
DOMINION    ENERGY      INC,25746U109,1697,21500,PUT,
ISHARES  TR,46429B408,1695,63780,,
SEMTECH   CORP,816850101,1695,32012,,SMTC
PROS  HOLDINGS      INC,74346Y103,1691,52930,,
PROGRESS   SOFTWARE      CORP,743312100,1688,46014,,
GX   ACQUISITION         CORP,36251A115,1683,160310,CALL,
ISHARES  TR,464287507,1682,9076,,
BANCO  SANTANDER        BRASIL     S    A,05967A107,1681,340336,,
UNIVERSAL     INS   HLDGS   INC,91359V107,1680,121388,,
CALERES  INC,129500104,1679,175624,,CAL
NCINO   INC,63947U107,1678,21065,,
LIVE  NATION     ENTERTAINMENT  IN,538034AQ2,1672,1500,,
PUBLIC  STORAGE,74460D109,1670,7500,PUT,PSA-PS
NATIONAL     BK   HLDGS   CORP,633707104,1664,63386,,
TURNING     POINT     THERAPEUTICS     I,90041T108,1660,19000,,
TRIPLEPOINT        VENTURE     GROWTH    B,89677Y100,1659,150244,,
WATFORD       HLDGS    LTD,G94787101,1659,72308,,
CLEAN   HARBORS     INC,184496107,1656,29554,,CLH
JOHNSON  OUTDOORS      INC,479167108,1655,20205,,JOUT
LINDSAY    CORP,535555106,1651,17079,,LNN
GASLOG   LTD,G37585109,1649,608465,,
KAR   AUCTION    SVCS   INC,48238T109,1643,114090,,
PVH   CORPORATION,693656100,1642,27528,,
WALGREENS        BOOTS      ALLIANCE      INC,931427108,1642,45700,PUT,
IGM   BIOSCIENCES       INC,449585108,1641,22231,,
O-I  GLASS     INC,67098H104,1637,154614,,
REATA   PHARMACEUTICALS        INC,75615P103,1637,16800,CALL,
JACOBS  ENGR    GROUP  INC,469814107,1635,17624,,
ADT     INC   DEL,00090Q103,1634,200000,CALL,ADT
VANGUARD  TAX-MANAGED      INTL  FD,921943858,1629,39834,,
EDWARDS     LIFESCIENCES       CORP,28176E108,1628,20400,CALL,EW
CHICOS   FAS     INC,168615102,1625,1670625,,
GETTY   RLTY   CORP    NEW,374297109,1621,62303,,
VANDA     PHARMACEUTICALS         INC,921659108,1620,167657,,VNDA
PATRICK   INDS     INC,703343103,1617,28119,,
SOFTWARE     ACQUISITN       GRUP  INC,83407F200,1617,162500,,
UMB     FINL   CORP,902788108,1617,32999,,
DUCK   CREEK     TECHNOLOGIES        INC,264120106,1616,35582,,
SCULPTOR     CAP  MGMT,811246107,1613,137424,,
COOPER   STD   HLDGS     INC,21676P103,1612,122013,,
ULTRA   CLEAN     HLDGS     INC,90385V107,1612,75094,,
CABOT   CORP,127055101,1607,44596,,CBT
ORGANIGRAM     HLDGS     INC,68620P101,1606,1529087,,
EAGLE  MATLS      INC,26969P108,1605,18594,,
GORES   HLDGS      IV  INC,382865202,1604,150500,,
ALTRA   INDL   MOTION       CORP,02208R106,1599,43239,,
ALEXANDER    &    BALDWIN      INC   NEW,014491104,1593,142095,,
CONTROLADORA       VUELA   COMP     DE  A,21240E105,1592,220871,,
CRESCENT     ACQUISITION           CORP,22564L113,1590,150000,CALL,
SELECT  SECTOR     SPDR  TR,81369Y506,1590,53100,CALL,
ALUSSA    ENERGY      ACQUISITION      CO,G0232J119,1587,159865,CALL,
ARCO   PLATFORM      LTD,G04553106,1584,38790,,
FLUOR   CORP     NEW,343412102,1584,179808,,FLR
LIBERTY  BROADBAND       CORP,530307107,1581,11151,,LBRDP
CONNS   INC,208242107,1580,149353,,
CIM   COML   TR   CORP,125525584,1576,159853,,
ISHARES  TR,464287192,1576,7920,,
AMALGAMATED     BK   NEW    YORK  N  Y,022663108,1573,148656,,
CONMED   CORP,207410101,1573,20000,PUT,CNMD
PDF     SOLUTIONS       INC,693282105,1572,84027,,PDFS
POSTAL   REALTY     TRUST    INC,73757R102,1566,103457,,
VODAFONE     GROUP     PLC   NEW,92857W308,1566,116706,,
WILLIS     TOWERS      WATSON      PLC  LTD,G96629103,1566,7500,CALL,WTW
FREEPORT-MCMORAN       INC,35671D857,1564,100000,PUT,FCX
BANCORPSOUTH          BK  TUPELO  MISS,05971J102,1554,80168,,
SNAP   INC,83304A106,1554,59500,PUT,SNAP
ENVESTNET    INC,29404K106,1546,20038,,
FUSION    ACQUISITION        CORP,36118H204,1545,150000,,
NELNET   INC,64031N108,1543,25617,,NNI
MICROCHIP   TECHNOLOGY        INC.,595017AF1,1541,1000,,MCHPP
LUMEN   TECHNOLOGIES      INC,156700106,1531,151685,,
SUSTAINABLE   OPPORTNTS       ACQ  CO,G8598Y117,1530,150000,CALL,
CORVUS   PHARMACEUTICALS      INC,221015100,1528,381143,,
MARCUS   CORP       DEL,566330106,1528,197661,,MCS
NEXTIER     OILFIELD     SOLUTIONS,65290C105,1524,823646,,
WPP   PLC     NEW,92937A102,1523,38800,,WPPGF
LINDBLAD    EXPEDITIONS        HLDGS  I,535219109,1522,178837,,
RIGEL   PHARMACEUTICALS          INC,766559603,1521,633842,,RIGL
PANACEA   ACQUISITION         CORP,698102100,1520,135747,,
ORTHOFIX     MED     INC,68752M108,1518,48750,,
VIEWRAY  INC,92672L107,1518,433789,,
MASCO   CORP,574599106,1516,27500,CALL,
ALTERYX   INC,02156B103,1512,13313,,
SYNOPSYS   INC,871607107,1512,7066,,SNPS
TRINE   ACQUISITION      CORP,89628U116,1509,125000,CALL,
AARONS    INC,002535300,1508,26616,,
DBV     TECHNOLOGIES       S    A,23306J101,1506,870333,,
YOUDAO     INC,98741T104,1505,58224,,
SAIA   INC,78709Y105,1501,11896,,SAIA
STANTEC   INC,85472N109,1501,49486,,STN
MELCO   RESORTS     AND  ENTMNT    LTD,585464100,1498,90000,CALL,
PRUDENTIAL     PLC,74435K204,1496,52321,,PUKPF
HARBORONE     BANCORP  INC    NEW,41165Y100,1492,184865,,
ORCHARD   THERAPEUTICS        PLC,68570P101,1492,362998,,
FIREEYE  INC,31816Q101,1490,120737,,
AGILYSYS   INC,00847J105,1489,61613,,AGYS
GOSSAMER      BIO     INC,38341P102,1489,120000,CALL,
REPLAY   ACQUISITION           CORP,G75130115,1489,146300,CALL,
PROPTECH   ACQUISITION    CORP,74349F200,1488,124601,,
LONGVIEW     ACQUISITION        CORP,543195119,1485,151245,CALL,
ISHARES  TR,464287481,1480,8561,,
OAKTREE   ACQUISITION     CORP,G67145113,1480,125999,CALL,
DAVE   &  BUSTERS    ENTMT    INC,238337109,1479,97588,,
IMMERSION    CORP,452521107,1478,209620,,IMMR
MTS   SYS   CORP,553777103,1477,77309,,
AKOUSTIS  TECHNOLOGIES      INC,00973N102,1475,180724,,
ALEXANDRIA      REAL  ESTATE        EQ  IN,015271109,1472,9200,CALL,
R1   RCM   INC,749397105,1471,85785,,
TRINET   GROUP  INC,896288107,1471,24797,,
CITI   TRENDS   INC,17306X102,1470,58841,,CTRN
STURM   RUGER     &  CO   INC,864159108,1468,23999,,RGR
UNITED  STATES      STL    CORP     NEW,912909108,1468,200000,CALL,
WILLIAMS   SONOMA       INC,969904101,1467,16216,,WSM
HEALTHPEAK  PROPERTIES         INC,42250P103,1466,54007,,
ANSYS   INC,03662Q105,1463,4471,,
TWO   HBRS     INVT  CORP,90187BAA9,1463,1500,,
U    S  XPRESS   ENTERPRISES        INC,90338N202,1461,176863,,
BANCFIRST    CORP,05945F103,1458,35709,,
COLGATE     PALMOLIVE      CO,194162103,1458,18900,CALL,CL
GOLD   FIELDS     LTD,38059T106,1457,118591,,GFIOF
SPERO   THERAPEUTICS        INC,84833T103,1457,130574,,
VOCERA   COMMUNICATIONS           INC,92857F107,1454,50000,CALL,
CATHAY   GEN   BANCORP,149150104,1446,66692,,
CERNER   CORP,156782104,1446,20000,CALL,
CENOVUS   ENERGY        INC,15135U109,1445,371339,,CVE
CNA   FINL   CORP,126117100,1445,48192,,
EXELIXIS     INC,30161Q104,1443,59035,,
POWELL   INDS     INC,739128106,1443,59785,,
WORLD  FUEL    SVCS   CORP,981475106,1443,68117,,
ASE   TECHNOLOGY      HLDG  CO  LTD,00215W100,1439,352755,,
ARGO   GROUP    INTL  HLDGS         LTD,G0464B107,1438,41776,,
OCULAR     THERAPEUTIX    INC,67576A100,1438,189007,,
APARTMENT     INVT  &  MGMT    CO,03748R754,1433,42499,,
NGM   BIOPHARMACEUTICALS         INC,62921N105,1429,89803,,
CINTAS  CORP,172908105,1426,4283,,CTAS
AMERISOURCEBERGEN        CORP,03073E105,1419,14642,,
ADTRAN   INC,00738A106,1417,138174,,
ESCO   TECHNOLOGIES         INC,296315104,1417,17587,,ESE
AMERICAN  FIN   TR     INC,02607T109,1415,225670,,
COLONY  CAP  INC      NEW,19626G108,1412,517280,,
HOMESTREET       INC,43785V102,1411,54763,,
ISHARES  INC,464286772,1411,21600,CALL,
XPERI   HOLDING       CORP,98390M103,1411,122776,,
HOMOLOGY    MEDICINES        INC,438083107,1409,131706,,
CHEFS   WHSE     INC,163086101,1407,96770,,
ALPHA   &   OMEGA   SEMICONDUCTOR,G6331P104,1406,109697,,AOSL
ENTERPRISE    FINL      SVCS   CORP,293712105,1403,51463,,
ABEONA    THERAPEUTICS     INC,00289Y107,1400,1372079,,ABEO
INNOSPEC   INC,45768S105,1395,22032,,IOSP
RED  ROBIN     GOURMET  BURGERS   IN,75689M101,1395,106004,,
DIGITAL   RLTY     TR   INC,253868103,1394,9500,CALL,
VERITONE  INC,92347M100,1394,152200,,
LAUREATE    EDUCATION     INC,518613203,1385,104325,,
ISHARES  INC,464286640,1383,57407,,
CAMPING    WORLD    HLDGS     INC,13462K109,1380,46391,,
WELLTOWER     INC,95040Q104,1379,25030,,WELL
MUELLER     INDS   INC,624756102,1378,50942,,
UTZ     BRANDS  INC,918090101,1378,76969,,
CANAAN   INC,134748102,1373,734160,,CAN
REGIS   CORP   MINN,758932107,1373,223537,,
INTEGER   HLDGS   CORP,45826H109,1371,23237,,
SONIC   AUTOMOTIVE    INC,83545G102,1370,34117,,SAH
WASTE   MGMT   INC   DEL,94106L109,1369,12100,CALL,
DELL   TECHNOLOGIES         INC,24703L202,1367,20200,PUT,DELL
EGAIN   CORP,28225C806,1367,96479,,EGAN
STERICYCLE     INC,858912108,1365,21641,,
DONNELLEY     R  R  &   SONS     CO,257867200,1364,933993,,
APPFOLIO     INC,03783C100,1362,9604,,APPF
PANACEA   ACQUISITION         CORP,698102209,1362,113503,,
ULTRAPAR     PARTICIPACOES       SA,90400P101,1362,398264,,
WILEY   JOHN   &   SONS   INC,968223206,1362,42943,,
PUBLIC  SVC    ENTERPRISE       GRP   IN,744573106,1359,24756,,
GATES   INDUSTRIAL      CORPRATIN   P,G39108108,1356,121922,,
ALLY   FINL  INC,02005N100,1354,53994,,
KODIAK   SCIENCES       INC,50015M109,1354,22876,,KOD
NABORS     INDS  INC      NEW,62957HAB1,1350,5000,,
CELSIUS   HLDGS     INC,15118V207,1348,59374,,
MOOG  INC,615394202,1348,21226,,MOG-B
ARCONIC   CORPORATION,03966V107,1347,70718,,
FRP     HLDGS      INC,30292L107,1345,32280,,
MAKEMYTRIP    LIMITED        MAURITIUS,V5633W109,1345,87585,,
HERITAGE   INS     HLDGS  INC,42727J102,1341,132515,,
SVMK   INC,78489X103,1341,60672,,
CREE  INC,225447101,1339,21010,,
PREFERRED    APT      CMNTYS  INC,74039L103,1339,247957,,
CREDIT  SUISSE  GROUP,225401108,1338,134178,,
NOVANTA    INC,67000B104,1336,12680,,NOVTU
SYROS   PHARMACEUTICALS        INC,87184Q107,1335,151026,,
ANHEUSER     BUSCH  INBEV      SA/NV,03524A108,1333,24743,,
CARDIFF   ONCOLOGY     INC,14147L108,1333,93953,,
NEXTERA     ENERGY     INC,65339F101,1332,4800,CALL,NEE-PS
SIERRA   ONCOLOGY      INC,82640U404,1331,124766,,
GUESS  INC,401617105,1330,114460,,
INTERNATIONAL    PAPER  CO,460146103,1330,32796,,
MIRATI   THERAPEUTICS     INC,60468T105,1328,8000,CALL,
ORTHOPEDIATRICS           CORP,68752L100,1328,28925,,KIDS
CNO  FINL  GROUP  INC,12621E103,1322,82448,,
MADISON   SQUARE        GRDN    SPRT  COR,55825T103,1321,8779,,
ISHARES  TR,46432F396,1317,8934,,
WEIS   MKTS   INC,948849104,1316,27414,,
XENON   PHARMACEUTICALS         INC,98420N105,1316,118845,,XENE
INNERWORKINGS      INC,45773Y105,1315,439926,,
FACTSET         RESH    SYS  INC,303075105,1313,3922,,
ACCENTURE   PLC  IRELAND,G1151C101,1311,5800,PUT,
NEW  PROVIDENCE       ACQUISITION,64822P205,1309,124961,,
GOHEALTH     INC,38046W105,1307,100309,,
GERON   CORP,374163103,1305,750274,,GERN
APOLLO   GLOBAL   MGMT  INC,03768E105,1304,29129,,
QURATE     RETAIL    INC,74915M100,1303,181435,,
KOHLS   CORP,500255104,1299,70100,PUT,KSS
SYSTEMAX   INC,871851101,1297,54178,,
APOLLO   MED   HLDGS   INC,03763A207,1295,72211,,
ANDERSONS     INC,034164103,1293,67464,,
HPX   CORP,G32219126,1292,131250,CALL,
ISHARES  INC,464286715,1292,65405,,
MOHAWK     INDS    INC,608190104,1291,13233,,
TWITTER     INC,90184L102,1291,29000,CALL,
DHT  HOLDINGS      INC,Y2065G121,1290,249932,,
CARROLS    RESTAURANT      GROUP      INC,14574X104,1283,198949,,
INTRA   CELLULAR     THERAPIES    INC,46116X101,1283,50000,PUT,
SPARTAN    ENERGY  ACQUISITION          C,846784106,1283,88953,,
CITY   OFFICE     REIT  INC,178587101,1281,170411,,
FIFTH     THIRD  BANCORP,316773100,1281,60076,,FITB-PK
HENNESSY     CAP    ACQUSTION      CORP,42589C112,1280,100000,CALL,
LSB     INDS     INC,502160104,1279,789390,,
ATHERSYS    INC    NEW,04744L106,1278,655493,,
ASSOCIATED     BANC  CORP,045487105,1266,100283,,
MYOVANT    SCIENCES     LTD,G637AM102,1266,90100,CALL,
GOL   LINHAS     AEREAS     INTELIGENT,38045R206,1265,207407,,
HIGHCAPE     CAP  ACQUISITION         COR,42984L204,1265,125000,,
STUDIO  CITY      INTL    HLDGS      LTD,86389T106,1262,77584,,
UNITED  FIRE       GROUP    INC,910340108,1261,62073,,UFCS
FLY   LEASING     LTD,34407D109,1260,173531,,
CHECKMATE     PHARMACEUTICALS       IN,162818108,1255,109069,,
GLATFELTER,377316104,1254,91091,,
IDEAYA   BIOSCIENCES      INC,45166A102,1254,99830,,
LEMAITRE     VASCULAR   INC,525558201,1254,38563,,LMAT
DIGITAL   MEDIA    SOLUTIONS      INC,25401G106,1251,162522,,
GENERAL   DYNAMICS        CORP,369550108,1246,9000,CALL,GD
NABORS     INDUSTRIES   LTD,G6359F137,1244,50916,,NBR
COOPER   TIRE  &    RUBR   CO,216831107,1242,39176,,
TRINSEO     S     A,L9340P101,1242,48435,,
ALPHA   HEALTHCARE     ACQUISTN         CO,020751202,1240,125000,,
BIO-TECHNE     CORP,09073M104,1239,5000,CALL,TECH
ARDELYX   INC,039697107,1237,235548,,
CHUYS   HLDGS     INC,171604101,1237,63192,,
CIENA   CORP,171779309,1237,31171,,CIEN
SIGA   TECHNOLOGIES      INC,826917106,1237,180045,,SIGA
ONESMART     INTL     ED   GROUP     LTD,68276W103,1236,275245,,
BOK  FINL   CORP,05561Q201,1233,23935,,
BOSTON   PRIVATE     FINL     HLDGS  IN,101119105,1232,223112,,
LITHIUM    AMERS    CORP  NEW,53680Q207,1232,108134,,
VIAVI   SOLUTIONS  INC,925550105,1232,105024,,VIAV
CALIFORNIA     WTR  SVC   GROUP,130788102,1230,28316,,
VERASTEM  INC,92337C104,1230,1016838,,
QUALYS    INC,74758T303,1224,12493,,
XPEL   INC,98379L100,1223,46908,,
PEABODY   ENERGY     CORP     NEW,704551100,1222,531458,,BTU
C    H  ROBINSON     WORLDWIDE      INC,12541W209,1220,11937,,
EXTRA      SPACE     STORAGE    INC,30225T102,1220,11400,PUT,EXR
ISHARES  TR,464287614,1220,5623,,
INHIBRX   INC,45720L107,1218,67676,,
ISHARES  INC,464286814,1216,34911,,
VANGUARD  INDEX  FDS,922908744,1216,11633,,
AUDIOCODES           LTD,M15342104,1214,38593,,AUDC
CAE     INC,124765108,1213,82995,,CAE
CLEARWAY     ENERGY    INC,18539C204,1213,44975,,
KULICKE      &  SOFFA       INDS   INC,501242101,1213,54140,,
BECTON   DICKINSON       &  CO,075887109,1210,5200,CALL,BDX
DEERFIELD       HEALTHCARE       TECH     AC,244413100,1208,115000,,
HILTON   GRAND    VACATIONS      INC,43283X105,1207,57514,,HGV
SOFTWARE       ACQUISITION     GROUP   I,83406B119,1207,121182,CALL,
FOMENTO     ECONOMICO     MEXICANO   S,344419106,1206,21468,,
REXNORD  CORP,76169B102,1204,40341,,
DASEKE    INC,23753F107,1200,223517,,
CERUS   CORP,157085101,1199,191488,,CERS
LAREDO   PETROLEUM      INC,516806205,1199,122341,,
ATLAS   AIR   WORLDWIDE   HLDGS  IN,049164205,1197,19652,,
UNIFI   INC,904677200,1196,93110,,UFI
COLLECTORS       UNIVERSE      INC,19421R200,1194,24135,,
BANCORP      INC  DEL,05969A105,1190,137756,,
U    S  SILICA   HLDGS     INC,90346E103,1188,395951,,
EXONE   CO,302104104,1184,96850,,
LENDINGCLUB       CORP,52603A208,1183,251081,,
ARVINAS     INC,04335A105,1181,50000,CALL,
WATTS   WATER  TECHNOLOGIES      INC,942749102,1180,11786,,WTS
FORESTAR    GROUP    INC,346232101,1179,66599,,FOR
HEALTHCARE  RLTY     TR,421946104,1177,39087,,
DFP   HEALTHCARE    ACQUISITNS   CO,23343Q209,1176,107600,,
MAVERIX    METALS    INC,57776F405,1173,228165,,
ROLLINS     INC,775711104,1171,21600,PUT,ROL
DRIL   QUIP   INC,262037104,1167,47148,,
KEYSIGHT     TECHNOLOGIES      INC,49338L103,1166,11800,CALL,
BURGUNDY    TECHNOLOGY   ACQU  COR,G1702T132,1163,116800,,
BLACK   DIAMOND      THERAPEUTICS    I,09203E105,1162,38444,,
LIBERTY     LATIN  AMERICA   LTD,G9001E102,1162,140861,,LILAP
MICRO   FOCUS    INTL   PLC,594837403,1157,359226,,
CARPENTER      TECHNOLOGY       CORP,144285103,1154,63551,,CRS
CAPITOL   FED   FINL   INC,14057J101,1150,124159,,
SONOS   INC,83570H108,1149,75659,,SONO
GRAYBUG  VISION     INC,38942Q103,1148,90314,,
FASTLY    INC,31188V100,1147,12239,,
MGP   INGREDIENTS       INC  NEW,55303J106,1146,28838,,MGPI
TORTOISE    ACQUISITION        CORP,89154L100,1146,23000,,
QUEST   DIAGNOSTICS  INC,74834L100,1145,10000,CALL,DGX
AG      MTG  INVT      TR  INC,001228105,1138,412346,,
STRATEGIC    ED   INC,86272C103,1138,12440,,
FIRST  HAWAIIAN     INC,32051X108,1136,78529,,
SPDR  INDEX   SHS  FDS,78463X202,1136,31242,,
EAGLE  PHARMACEUTICALS             INC,269796108,1135,26710,,
MINERALS   TECHNOLOGIES          INC,603158106,1128,22072,,MTX
SANDY    SPRING  BANCORP    INC,800363103,1124,48713,,
FIRST  FNDTN  INC,32026V104,1122,85818,,
BANK  NOVA  SCOTIA   B  C,064149107,1121,27016,,
GLRY   STR  NW   MDIA   GRUP  HLDG  L,G39973113,1120,400000,CALL,
ISHARES  TR,46432F842,1119,18562,,
MEDPACE   HLDGS     INC,58506Q109,1118,10000,CALL,
WARNER     MUSIC      GROUP      CORP,934550203,1118,38912,,WMG
CALIX   INC,13100M509,1117,62810,,
FIRST    TR  EXCHANGE-TRADED          FD,33738R860,1116,66004,,
BRP   GROUP    INC,05589G102,1115,44758,,
VAIL    RESORTS     INC,91879Q109,1115,5209,,MTN
NORFOLK  SOUTHN        CORP,655844108,1113,5200,PUT,
ALCOA   CORP,013872106,1111,95562,,AA
TJX   COS   INC  NEW,872540109,1107,19900,PUT,
CALLON   PETE  CO   DEL,13123X508,1102,228668,,
SYSCO   CORP,871829107,1101,17700,PUT,SYY
PNC   FINL   SVCS     GROUP   INC,693475105,1099,10000,CALL,
CHEMOCENTRYX     INC,16383L106,1096,20000,CALL,
SOLAREDGE    TECHNOLOGIES          INC,83417M104,1096,4600,PUT,
CORTEVA     INC,22052L104,1095,38000,PUT,
STIFEL   FINL  CORP,860630102,1094,21638,,
SCHWAB  STRATEGIC  TR,808524805,1093,34796,,
JOHN   BEAN   TECHNOLOGIES    CORP,477839104,1090,11866,,
INVESCO     LTD,G491BT108,1088,95389,,IVZ
SOUTH   PLAINS  FINANCIAL       INC,83946P107,1087,87616,,
LYONDELLBASELL               INDUSTRIES      N,N53745100,1086,15413,,
PRINCIPAL   FINANCIAL     GROUP      IN,74251V102,1085,26941,,
ISHARES    SILVER  TR,46428Q109,1082,50000,CALL,
KB   HOME,48666K109,1080,28137,,KBH
TRANE  TECHNOLOGIES     PLC,G8994E103,1079,8900,CALL,TT
AXT  INC,00246W103,1077,175959,,AXTI
FIRST  TR  SR  FLOATING    RATE    20,33740K101,1073,127122,,
UNIVERSAL     HLTH  SVCS    INC,913903100,1070,10000,CALL,
PROGENITY  INC,74319F107,1069,118507,,
CONYERS  PK    II   ACQUISITION         CO,212896203,1065,100000,,
SYNEOS    HEALTH    INC,87166B102,1063,20000,PUT,
VILLAGE  FARMS     INTL     INC,92707Y108,1060,231446,,
ENERSYS,29275Y102,1059,15776,,ENS
PETROLEO     BRASILEIRO      SA  PETRO,71654V101,1058,150332,,
INOZYME   PHARMA     INC,45790W108,1056,40164,,
CSW  INDUSTRIALS      INC,126402106,1055,13654,,
RING   ENERGY     INC,76680V108,1052,1546330,,
KOSMOS  ENERGY        LTD,500688106,1051,1076994,,KOS
TRUECAR    INC,89785L107,1048,209523,,
ADC   THERAPEUTICS          SA,H0036K147,1047,31747,,ADCT
APTOSE   BIOSCIENCES     INC,03835T200,1044,174051,,APTOF
CYTOSORBENTS    CORP,23283X206,1044,130937,,CTSO
INTUITIVE    SURGICAL        INC,46120E602,1043,1470,,ISRG
GULF       ISLAND     FABRICATION  INC,402307102,1042,332918,,
SMTC   CORP,832682207,1036,286305,,
CNB   FINL   CORP     PA,126128107,1034,69557,,
ISHARES  TR,464287622,1034,5523,,
SCHWAB  STRATEGIC  TR,808524854,1034,17617,,
CB      FINL    SVCS  INC,12479G101,1033,54158,,
NATIONAL  WESTN      LIFE    GROUP    IN,638517102,1033,5651,,
CLEARWAY     ENERGY    INC,18539C105,1030,41717,,
TALOS   ENERGY    INC,87484T108,1027,159272,,TALO
CIA  ENERGETICA    DE   MINAS     GERA,204409601,1026,554863,,
TETRA  TECHNOLOGIES    INC    DEL,88162F105,1025,2006713,,TTI
EQUITRANS     MIDSTREAM   CORP,294600101,1024,121079,,
MERSANA     THERAPEUTICS      INC,59045L106,1024,55000,CALL,
LITTELFUSE     INC,537008104,1022,5764,,
BARINGS     BDC  INC,06759L103,1020,127480,,
FEDERAL   AGRIC     MTG  CORP,313148306,1020,16024,,
FIRST  TR  EXCHANGE    TRADED  FD,33734X176,1020,11224,,
HEICO   CORP       NEW,422806109,1015,9698,,HEI-A
PRA   HEALTH     SCIENCES   INC,69354M108,1014,10000,PUT,
CLEAR   CHANNEL     OUTDOOR    HLDGS,18453H106,1013,1012623,,
MILLICOM       INTL        CELLULAR       S  A,L6388F110,1010,33352,,
AGILENT   TECHNOLOGIES         INC,00846U101,1009,10000,CALL,
SOGOU   INC,83409V104,1009,113544,,
INSIGHT   ENTERPRISES     INC,45765U103,1007,17799,,NSIT
FEDEX   CORP,31428X106,1006,4000,CALL,FDX
INDEPENDENT       BANK   CORP   MASS,453836108,1005,19188,,
CENTENNIAL      RESOURCE        DEV     INC,15136A102,1004,1667269,,
B    RILEY  PRIN    MERGER    CORP    II,05600U106,1003,100215,,
HORMEL   FOODS     CORP,440452100,1002,20500,PUT,
NORTHERN   OIL  AND  GAS     INC  MN,665531307,1001,174390,,
COSAN   LTD,G25343107,1000,67311,,
KRATON   CORPORATION,50077C106,1000,56126,,
DOUGLAS  DYNAMICS        INC,25960R105,998,29182,,
VITRU    LTD,G9440D103,995,76662,,
SPDR  SER  TR,78464A763,994,10758,,
SYNNEX   CORP,87162W100,990,7068,,
PRA   GROUP   INC,69354N106,983,24615,,PRAA
SHOTSPOTTER      INC,82536T107,982,31645,,
ROGERS     CORP,775133101,981,10006,,ROG
CASI  PHARMACEUTICALS       INC,14757U109,980,640654,,
CONTAINER    STORE   GROUP      INC,210751103,980,157805,,
JOINT   CORP,47973J102,977,56200,,JYNT
TERADYNE    INC,880770102,977,12300,CALL,
TIMKEN   CO,887389104,977,18017,,TKR
AC   IMMUNE       SA,H00263105,976,200000,CALL,ACIU
AMEREN   CORP,023608102,975,12329,,AEE
BENEFITFOCUS     INC,08180D106,975,87048,,
VANGUARD  INDEX  FDS,922908751,974,6331,,
HOME   BANCSHARES       INC,436893200,973,64167,,HOMB
PENUMBRA  INC,70975L107,972,5000,PUT,PEN
BLUEBIRD     BIO   INC,09609G100,971,18000,CALL,
KIMBALL   ELECTRONICS      INC,49428J109,969,83837,,
BROOKLINE    BANCORP    INC     DEL,11373M107,968,111997,,
OLD   NATL   BANCORP       IND,680033107,968,77031,,
EPAM   SYS   INC,29414B104,967,2992,,
ATLAS   TECHNICAL       CONSULTANTS,049430101,966,111038,,
METTLER     TOLEDO      INTERNATIONAL,592688105,966,1000,CALL,
WASHINGTON     REAL   ESTATE     INVT,939653101,966,47968,,
ABM     INDS      INC,000957100,965,26312,,
CRH  PLC,12626K203,965,26738,,
STATE  AUTO     FINL        CORP,855707105,962,69887,,
VECTRUS   INC,92242T101,961,25293,,
ASTRAZENECA      PLC,046353108,960,17500,PUT,AZN
FREEDOM    HLDG  CORP  NEV,356390104,959,40003,,
PEBBLEBROOK      HOTEL    TR,70509V100,959,76576,,
WORTHINGTON      INDS      INC,981811102,959,23527,,
COMPUGEN     LTD,M25722105,955,58754,,CGEN
GROUP  1  AUTOMOTIVE     INC,398905109,951,10758,,GPI
PPL   CORP,69351T106,950,34897,,PPLC
PRESTIGE    CONSMR     HEALTHCARE         I,74112D101,950,26097,,
TRICIDA   INC,89610F101,950,104823,,
AIR  LEASE   CORP,00912X302,949,32254,,
CONSOLIDATED      EDISON     INC,209115104,948,12185,,ED
PGT   INNOVATIONS       INC,69336V101,948,54115,,
SELECT   MED   HLDGS  CORP,81619Q105,948,45532,,
YUM   CHINA     HLDGS  INC,98850P109,946,17870,,
APEX   TECHNOLOGY  ACQUISITION,03768F201,944,80000,,
LABORATORY        CORP    AMER   HLDGS,50540R409,941,5000,PUT,
MDU     RES     GROUP  INC,552690109,941,41816,,
VENTAS   INC,92276F100,939,22375,,
PROVIDENT    BANCORP      INC,74383L105,937,120244,,
ZOOMINFO     TECHNOLOGIES     INC,98980F104,937,21791,,GTM
ROYAL   CARIBBEAN       GROUP,V7780T103,935,14449,,
LAMB   WESTON   HLDGS     INC,513272104,933,14084,,
KENNAMETAL       INC,489170100,932,32189,,KMT
BANCO  BILBAO   VIZCAYA         ARGENTA,05946K101,931,339891,,
HF   FOODS   GROUP    INC,40417F109,931,140786,,HFFG
HUTCHISON    CHINA     MEDITECH      LTD,44842L103,930,28797,,
PPG   INDS   INC,693506107,928,7600,PUT,
OPTINOSE     INC,68404V100,926,237313,,
NATIONAL  HEALTH     INVS    INC,63633D104,925,15340,,
BIOHAVEN    PHARMACTL   HLDG   CO  L,G11196105,924,14217,,
MOBILEIRON     INC,60739U204,923,131638,,
F5   NETWORKS     INC,315616102,921,7502,,
ISHARES  TR,464287226,919,7787,,
CALLIDITAS     THERAPEUTICS      AB,13124Q106,917,38221,,
EASTMAN     CHEM     CO,277432100,914,11697,,
ICU   MED   INC,44930G107,914,5000,CALL,
LIBERTY   TRIPADVISOR      HLDGS     IN,531465102,914,528596,,
UNIVERSAL     TECHNICAL     INST    INC,913915104,914,179937,,
POLYPID       LTD,M8001Q118,913,82925,,PYPD
BIGLARI       HLDGS   INC,08986R408,910,1865,,
MARSH   &  MCLENNAN      COS    INC,571748102,906,7900,CALL,
SPX   FLOW  INC,78469X107,906,21161,,
MGE   ENERGY   INC,55277P104,905,14442,,MGEE
ISHARES  TR,464288752,904,15959,,
URBAN   OUTFITTERS   INC,917047102,904,43418,,URBN
BADGER      METER   INC,056525108,903,13807,,BMI
HELMERICH       &   PAYNE  INC,423452101,903,61641,,
BIG   5  SPORTING        GOODS     CORP,08915P101,901,120483,,
ARCUTIS   BIOTHERAPEUTICS    INC,03969K108,898,30642,,
ISHARES  TR,46435U853,898,22743,,
CDW     CORP,12514G108,891,7454,,CDW
PROSHARES  TR,74347X823,891,11450,,
UNIVERSAL     CORP  VA,913456109,891,21286,,
FRANKLIN   STR   PPTYS     CORP,35471R106,890,243164,,
RANGE   RES   CORP,75281A109,887,134047,,
HOST   HOTELS   &  RESORTS        INC,44107P104,886,82108,,
HCA     HEALTHCARE       INC,40412C101,885,7100,PUT,
NATURES   SUNSHINE        PRODS  INC,639027101,884,76366,,
SCHWAB  STRATEGIC    TR,808524102,879,11035,,
SCHWAB  STRATEGIC  TR,808524797,879,15894,,
HESS   CORP,42809H107,876,21400,PUT,
LUXFER    HOLDINGS  PLC,G5698W116,873,69599,,LXFR
PACTIV   EVERGREEN       INC,69526K105,872,68633,,
CALAVO   GROWERS    INC,128246105,871,13141,,
CENTRAL   GARDEN    &  PET    CO,153527205,871,24089,,CENTA
FULTON    FINL    CORP  PA,360271100,870,93279,,
HEALTHCARE  MERGER       CORP,42227L201,864,80000,,
CUMULUS     MEDIA   INC,231082801,863,160796,,CMLSQ
OOMA   INC,683416101,862,66022,,OOMA
AEGON   N  V,007924103,859,335592,,
INTERDIGITAL     INC,45867G101,858,15036,,
DELPHI   TECHNOLOGIES     PL,G2709G107,856,51249,,
MBIA       INC,55262C100,853,140725,,MBI
SMITH  &  WESSON       BRANDS    INC,831754106,851,54831,,
IROBOT   CORP,462726100,848,11167,,
EVO  PMTS   INC,26927E104,847,34098,,
NATIONAL     CINEMEDIA    INC,635309107,843,310562,,
WASHINGTON     PRIME  GROUP      NEW,93964W108,842,1300467,,
ETSY   INC,29786A106,839,6900,PUT,ETSY
MANNING    &  NAPIER     INC,56382Q102,839,196577,,
ACCELERON   PHARMA       INC,00434H108,838,7446,,
HORACE   MANN   EDUCATORS         CORP  N,440327104,838,25087,,
PRECISION    BIOSCIENCES         INC,74019P108,837,135852,,DTIL
CHATHAM  LODGING      TR,16208T102,836,109737,,
HILL   ROM   HLDGS     INC,431475102,835,10000,PUT,
TECK   RESOURCES    LTD,878742204,835,60000,CALL,TCKRF
WINDTREE    THERAPEUTICS    INC,97382D303,834,151709,,
CRESCENT     CAP    BDC     INC,225655109,833,65316,,
AKAMAI   TECHNOLOGIES  INC,00971T101,829,7503,,AKAM
COLUMBIA    BKG   SYS     INC,197236102,829,34753,,
ANWORTH   MTG  ASSET     CORP,037347101,828,504903,,
CHOICEONE   FINL     SVCS   INC,170386106,827,31781,,
RETAIL   VALUE     INC,76133Q102,827,65769,,
ADVANSIX      INC,00773T101,826,64104,,ASIX
HECLA   MNG     CO,422704106,826,162529,,
SMITH  A  O     CORP,831865209,826,15641,,AOS
CRA   INTL   INC,12618T105,823,21958,,
INDEPENDENCE      RLTY   TR     INC,45378A106,823,70967,,
GAMIDA      CELL  LTD,M47364100,822,198186,,
AMC   ENTMT  HLDGS     INC,00165C104,819,173793,,
GLADSTONE     LD  CORP,376549101,819,54516,,
VEON    LTD,91822M106,818,649011,,VEON
GREENTREE    HOSPITALITY        GROUP,39579V100,817,60126,,GHG
KIMBALL   INTL  INC,494274103,816,77412,,
ATN   INTL  INC,00215F107,815,16264,,
CHROMADEX   CORP,171077407,814,203046,,
ACUSHNET    HOLDINGS    CORP,005098108,812,24149,,GOLF
MADISON   SQUARE     GRDN  ENTERTNM,55826T102,812,11861,,
ISHARES  TR,46435G425,811,10642,,
INTERCONTINENTAL      EXCHANGE  IN,45866F104,810,8100,CALL,
NUCANA   PLC,67022C106,810,156692,,NCNA
PENNSYLVANIA       REAL  ESTATE      INV,709102107,810,1462510,,
SILVERGATE       CAP  CORP,82837P408,809,56207,,
DISCOVERY  INC,25470F104,808,37103,,
PALO   ALTO  NETWORKS       INC,697435105,808,3300,CALL,PANW
AMBARELLA       INC,G037AX101,807,15467,,AMBA
PLEXUS   CORP,729132100,807,11428,,PLXS
ALBANY   INTL  CORP,012348108,806,16270,,
SANDERSON   FARMS   INC,800013104,805,6825,,
DRDGOLD    LIMITED,26152H301,803,67779,,
EVELO   BIOSCIENCES        INC,299734103,802,152140,,
SPDR  SER  TR,78464A714,800,16100,CALL,
CONFORMIS     INC,20717E101,799,954099,,
NEOLEUKIN     THERAPEUTICS  INC,64049K104,799,66565,,
BLACKROCK   ENHANCD       CAP    &  INM,09256A109,794,51371,,
INOVALON   HLDGS       INC,45781D101,794,30000,PUT,
MKS   INSTRS     INC,55306N104,793,7263,,
KALVISTA  PHARMACEUTICALS        INC,483497103,790,62778,,
AXOS       FINANCIAL         INC,05465C100,789,33860,,
LENNAR   CORP,526057302,789,12010,,
ARGENX  SE,04016X101,788,3000,CALL,ARGX
ING  GROEP   N.V.,456837103,788,111283,,
IQVIA   HLDGS     INC,46266C105,788,5000,PUT,
FORTRESS  VALUE   ACQUISITION       C,34962V114,787,57975,CALL,
MALVERN    BANCORP      INC,561409103,782,66248,,
SAUL   CTRS    INC,804395101,782,29409,,
ASSETMARK   FINL     HLDGS     INC,04546L106,780,35865,,
COMMERCIAL  VEH    GROUP     INC,202608105,780,119415,,
CATCHMARK  TIMBER    TR   INC,14912Y202,779,87220,,
CADENCE     DESIGN     SYSTEM  INC,127387108,778,7300,PUT,
PLDT   INC,69344D408,778,28771,,PHTCF
LANDEC  CORP,514766104,775,79748,,
MEDALLION      FINL    CORP,583928106,775,309909,,
BLUE   APRON     HLDGS     INC,09523Q200,770,107599,,
SUPERIOR  INDS   INTL      INC,868168105,769,615573,,
NEW  SR   INVT   GROUP     INC,648691103,767,191787,,
VIA     OPTRONICS     AG,91823Y109,766,85952,,
METACRINE    INC,59101E103,763,75163,,
POWER   INTEGRATIONS       INC,739276103,763,13768,,POWI
VIRNETX     HLDG   CORP,92823T108,762,144654,,
DIODES   INC,254543101,761,13487,,
LOVESAC   COMPANY,54738L109,760,27420,,
ALNYLAM   PHARMACEUTICALS       INC,02043Q107,757,5200,,
WISDOMTREE  TR,97717W422,757,32090,,
PREFORMED    LINE     PRODS   CO,740444104,754,15475,,
9    METERS  BIOPHARMA     INC,654405109,751,921348,,
BANC     OF  CALIFORNIA      INC,05990K106,751,74203,,
KNOWLES  CORP,49926D109,751,50392,,KN
MILLER     HERMAN  INC,600544100,750,24855,,
REMARK   HLDGS     INC,75955K102,750,641224,,
TEXAS  PAC   LD    TR,882610108,750,1660,,
HAYNES   INTERNATIONAL        INC,420877201,749,43819,,
PASSAGE   BIO   INC,702712100,748,57089,,
INNOVIVA   INC,45781M101,747,71438,,
NOODLES  &    CO,65540B105,747,108696,,NDLS
CIRCOR   INTL     INC,17273K109,743,27182,,
ISHARES  INC,464286756,743,21052,,
PBF     ENERGY     INC,69318G106,743,130618,,PBF
ARCOSA   INC,039653100,742,16820,,
DAKTRONICS    INC,234264109,738,186366,,
SEABOARD   CORP,811543107,738,260,,
HERBALIFE     NUTRITION     LTD,G4412G101,737,15800,PUT,
AIR  PRODS   &  CHEMS    INC,009158106,736,2472,,
HILTON   WORLDWIDE     HLDGS     INC,43300A203,734,8600,CALL,
LAKELAND         BANCORP  INC,511637100,734,73719,,
FIRST  TR  NASDAQ    100   TECH  IND,337345102,732,6252,,
CBIZ       INC,124805102,731,31942,,
ADTALEM     GLOBAL    ED   INC,00737L103,730,29749,,
ITERIS     INC  NEW,46564T107,728,177567,,
THIRD  PT   REINS  LTD,G8827U100,727,104641,,
CO-DIAGNOSTICS         INC,189763105,726,53424,,
EAGLE      BANCORP         INC     MD,268948106,726,27095,,
ACLARIS     THERAPEUTICS      INC,00461U105,724,281798,,
OIL   STS   INTL  INC,678026105,723,264964,,
OPEN   LENDING       CORP,68373J104,722,28309,,LPRO
VANGUARD  WHITEHALL   FDS,921946406,722,8926,,
GCP   APPLIED     TECHNOLOGIES    INC,36164Y101,721,34392,,
UNITIL  CORP,913259107,721,18655,,UTL
360   DIGITECH      INC,88557W101,718,60120,,
ISHARES  TR,464288653,718,4311,,
AVERY   DENNISON    CORP,053611109,717,5611,,AVY
COCA   COLA   EUROPEAN    PARTNERS,G25839104,717,18481,,
FIDUS     INVT   CORP,316500107,717,72810,,
ULTA   BEAUTY     INC,90384S303,717,3200,PUT,
DMY     TECHNOLOGY     GROUP       INC,233253103,715,56020,,
FIESTA    RESTAURANT      GROUP    INC,31660B101,715,76320,,
WIDEOPENWEST       INC,96758W101,713,137439,,
CLOVIS     ONCOLOGY    INC,189464100,708,121492,,
UNIQURE     NV,N90064101,708,19221,,
CORE  MARK  HOLDING     CO    INC,218681104,707,24454,,
PROFOUND   MED  CORP,74319B502,707,40070,,
IRONWOOD   PHARMACEUTICALS    INC,46333X108,704,78286,,IRWD
CAMPBELL   SOUP     CO,134429109,701,14500,PUT,
DEXCOM   INC,252131107,701,1700,CALL,DXCM
SL   GREEN   RLTY  CORP,78440X101,696,15000,CALL,
KIRKLANDS     INC,497498105,695,84635,,
ELEVATE   CREDIT     INC,28621V101,694,270077,,
INTERCORP       FINL   SVCS         INC,P5626F128,694,30044,,
NEWMARK    GROUP    INC,65158N102,691,160033,,
COLUMBIA  FINL  INC,197641103,690,62191,,
YORK   WTR   CO,987184108,690,16316,,
AMERICAN    AIRLS      GROUP   INC,02376R102,689,56054,,
DANA   INCORPORATED,235825205,689,55893,,
AMERICAN  NATIONAL     GROUP     INC,02772A109,686,10163,,ANG-PD
BERRY  CORP,08579X101,686,216329,,
CRAWFORD    &  CO,224633107,686,106535,,CRD-B
PAYLOCITY      HLDG  CORP,70438V106,686,4252,,
CARRIAGE   SVCS     INC,143905107,684,30655,,
JFROG   LTD,M6191J100,684,8076,,FROG
METALLA     RTY  &  STREAMING         LTD,59124U605,683,86579,,
PACIFIC  MERCANTILE    BANCORP,694552100,683,183534,,
PENSKE   AUTOMOTIVE       GRP     INC,70959W103,681,14293,,
MICROSTRATEGY      INC,594972408,680,4514,,
WORKIVA   INC,98139A105,680,12202,,WK
COMMUNITY   HEALTH     SYS   INC   NEW,203668108,679,160846,,
ISTAR     INC,45031U101,679,57496,,
APPLIED  THERAPEUTICS       INC,03828A101,678,32665,,
FIVE   POINT    HOLDINGS   LLC,33833Q106,677,162313,,
PIMCO  ETF  TR,72201R775,677,6022,,
TAKE-TWO       INTERACTIVE       SOFTWAR,874054109,677,4100,CALL,
LORAL  SPACE      &  COMMUNICATNS     I,543881106,676,36916,,
AVANTOR   INC,05352A100,675,30000,PUT,
PROSHARES  TR,74347B243,675,71396,,
VOYA       PRIME     RATE  TR,92913A100,674,152931,,
VEONEER   INC,92336X109,673,45793,,
INDEPENDENT       BK  CORP   MICH,453838609,672,53467,,
PREVAIL   THERAPEUTICS       INC,74140Y101,672,66022,,
SOLARWINDS       CORP,83417Q105,671,32985,,
CIMPRESS    PLC,G2143T103,670,8918,,CMPR
CORVEL   CORP,221006109,670,7847,,CRVL
CORTLAND    BANCORP,220587109,669,45699,,
EZCORP     INC,302301106,669,133033,,EZPW
INDEPENDENCE      HLDG   CO     NEW,453440307,669,17753,,
WASHINGTON     TR   BANCORP,940610108,667,21749,,
LARIMAR   THERAPEUTICS         INC,517125100,666,43886,,
TRANSDIGM   GROUP     INC,893641100,665,1400,CALL,TDG
LTC     PPTYS     INC,502175102,664,19034,,
ORASURE   TECHNOLOGIES        INC,68554V108,662,54400,CALL,OSUR
MATTHEWS      INTL   CORP,577128101,661,29566,,
CLOUDFLARE   INC,18915M107,657,16000,PUT,
INTER  PARFUMS    INC,458334109,657,17580,,
OCCIDENTAL     PETE  CORP,674599162,657,65601,CALL,
TRANSALTA   CORP,89346D107,657,106866,,TRNTF
UNITED  RENTALS       INC,911363109,655,3753,,
INVESCO  CURRENCYSHARES       EURO,46138K103,653,5912,,
AMERISAFE     INC,03071H100,652,11363,,AMSF
NBT   BANCORP     INC,628778102,652,24300,,NBTB
ZYNERBA  PHARMACEUTICALS  INC,98986X109,652,197080,,
INTERPUBLIC   GROUP     COS  INC,460690100,650,39000,CALL,
RAPT   THERAPEUTICS        INC,75382E109,650,20200,CALL,
KEARNY     FINL  CORP  MD,48716P108,649,90054,,
FABRINET,G3323L100,648,10274,,FN
BROADRIDGE  FINL   SOLUTIONS       IN,11133T103,647,4900,PUT,
CORMEDIX    INC,21900C308,645,107046,,CRMD
PARK  CITY   GROUP    INC,700215304,645,130927,,
DIREXION  SHS  ETF  TR,25460G781,644,7600,,
INVENTIVA     SA,46124U107,642,54412,,
PEAPACK-GLADSTONE         FINL     CORP,704699107,641,42283,,
VANGUARD  INTL   EQUITY  INDEX  F,922042742,639,7923,,
PROTARA   THERAPEUTICS    INC,74365U107,638,37928,,
RAYONIER  ADVANCED         MATLS  INC,75508B104,638,199388,,
FLUENT     INC,34380C102,635,256230,,
ATLANTICA       SUSTAINABLE     INFR  P,G0751N103,630,22014,,
REVANCE  THERAPEUTICS          INC,761330109,629,25000,CALL,
WESTERN  ASSET    MTG   CAP   CORP,95790D105,628,307673,,
ASML   HOLDING             N  V,N07059210,627,1699,,
PCSB       FINL   CORP,69324R104,627,51963,,
MEREDITH   CORP,589433101,626,47687,,
FLEXION    THERAPEUTICS        INC,33938J106,625,60039,,
ISHARES  TR,464288240,625,13593,,
HOWMET   AEROSPACE    INC,443201108,624,37300,CALL,HWM
CAPITAL   SOUTHWEST    CORP,140501107,623,44354,,CSWC
NUTANIX     INC,67059N108,623,28098,,
BALCHEM     CORP,057665200,620,6354,,BCPC
LIQUIDITY      SERVICES    INC,53635B107,620,83051,,LQDT
SPX   CORP,784635104,619,13350,,
STANLEY   BLACK       &  DECKER    INC,854502101,616,3800,CALL,
DELUXE   CORP,248019101,615,23912,,DLX
CBTX       INC,12481V104,612,37471,,
ORIC   PHARMACEUTICALS        INC,68622P109,612,24490,,
WIX   COM   LTD,M98068105,612,2400,CALL,
PAYCHEX   INC,704326107,610,7652,,PAYX
HAWAIIAN  ELEC     INDUSTRIES,419870100,608,18301,,
COHERENT    INC,192479103,606,5463,,
GOLAR     LNG     LTD,G9456A100,606,100000,CALL,GLNG
INFUSYSTEM       HLDGS  INC,45685K102,605,47218,,
CALITHERA     BIOSCIENCES      INC,13089P101,603,174902,,
SURO   CAPITAL      CORP,86887Q109,603,55654,,
DIGITAL   TURBINE       INC,25400W102,602,18388,,
KE   HLDGS  INC,482497104,601,9800,,
B.   RILEY  FINANCIAL      INC,05580M108,600,23923,,
AURORA   CANNABIS   INC,05156X884,599,128871,,ACB
REGIONAL    MGMT   CORP,75902K106,597,35863,,
MERUS   N   V,N5749R100,596,49627,,
RUMBLEON    INC,781386305,596,22347,,
ENPHASE   ENERGY    INC,29355A107,595,7200,CALL,
BROOKFIELD       RENEWABLE     CORP,11284V105,594,10136,,BEPC
STEPAN   CO,858586100,594,5453,,SCL
ALLSCRIPTS     HEALTHCARE     SOLUTN,01988P108,593,72799,,
OSI  SYSTEMS     INC,671044105,593,7644,,OSIS
FOCUS   FINL     PARTNERS    INC,34417P100,592,18044,,
EDGEWELL     PERS   CARE   CO,28035Q102,591,21188,,
BRF   SA,10552T107,589,179426,,
W    &  T  OFFSHORE        INC,92922P106,589,327055,,
SYNLOGIC   INC,87166L100,588,291020,,
GLOBAL   NET   LEASE    INC,379378201,587,36895,,
RESEARCH   SOLUTIONS       INC,761025105,584,258367,,
TYSON     FOODS  INC,902494103,583,9800,PUT,
KARYOPHARM     THERAPEUTICS      INC,48576U106,580,39700,PUT,KPTI
GUGGENHEIM    ENHANCED           EQUITY        I,40167B100,579,106283,,
INFINERA     CORP,45667G103,579,94013,,
ROSS   STORES     INC,778296103,579,6200,CALL,
ZAGG   INC,98884U108,578,206465,,
THERMON    GROUP    HLDGS  INC,88362T103,577,51340,,
CECO       ENVIRONMENTAL      CORP,125141101,576,79079,,CECO
ACCOLADE   INC,00437E102,575,14803,,
PQ   GROUP  HLDGS     INC,73943T103,575,55996,,
RESTAURANT    BRANDS     INTL  INC,76131D103,575,10000,CALL,
TUFIN   SOFTWARE              TECHNOLOGIS          L,M8893U102,571,69247,,
AMES   NATL   CORP,031001100,570,33731,,
ENEL   CHILE  S.A.,29278D105,566,164514,,ENIC
HOOKER   FURNITURE       CORP,439038100,565,21886,,
PLAYAGS   INC,72814N104,565,159680,,
AMERCO,023586100,563,1582,,
BANNER     CORP,06652V208,562,17436,,BANR
GLOBAL   WTR   RES     INC,379463102,562,52094,,
FORTIS   INC,349553107,561,13719,,FTRSF
VIEMED   HEALTHCARE      INC,92663R105,560,64817,,
PIMCO   HIGH   INCOME       FD,722014107,556,101699,,
DR   REDDYS     LABS   LTD,256135203,552,7933,,
REX  AMERICAN      RESOURCES   CORP,761624105,552,8417,,REX
CHIMERIX     INC,16934W106,551,221455,,
PERRIGO       CO  PLC,G97822103,551,12000,CALL,PRGO
UNION   BANKSHARES        INC,905400107,550,27098,,UNB
ALLIED   MOTION    TECHNOLOGIES      I,019330109,549,13297,,
ANTERO   MIDSTREAM    CORP,03676B102,547,101808,,AM
DIREXION  SHS  ETF  TR,25460G500,547,25501,,
FLOWERS     FOODS     INC,343498101,547,22483,,FLO
IPG   PHOTONICS       CORP,44980X109,547,3219,,IPGP
CAPSTAR   FINL  HLDGS      INC,14070T102,545,55599,,
ASTEC   INDS     INC,046224101,543,10017,,
BLUELINX     HLDGS     INC,09624H208,539,25029,,
DATADOG      INC,23804L103,537,5257,,
ISHARES  TR,464287291,536,2032,,
NATIONAL     BEVERAGE     CORP,635017106,536,7886,,FIZZ
COGNIZANT       TECHNOLOGY        SOLUTIO,192446102,535,7700,CALL,
TRUEBLUE     INC,89785X101,534,34486,,
GENERAL     MTRS  CO,37045V100,533,18000,PUT,
IBIO      INC,451033203,533,262704,,
AMERICAN  TOWER     CORP  NEW,03027X100,532,2200,CALL,
FFBW       INC  MD,30260M103,531,56756,,
INDEPENDENT     BK  GROUP    INC,45384B106,531,12028,,
LIBERTY   MEDIA  CORP      DEL,531229870,531,15837,,FWONB
S&W   SEED   CO,785135104,530,213510,,
FIRST  TR  EXCHANGE      TRADED  FD,33734X192,529,6741,,
MONSTER    BEVERAGE     CORP      NEW,61174X109,529,6600,CALL,MNST
VULCAN     MATLS       CO,929160109,529,3900,PUT,
SENSEONICS  HLDGS      INC,81727U105,528,1363575,,
FS      KKR   CAPITAL     CORP,302635206,527,33197,,FSK
MAMMOTH    ENERGY     SVCS    INC,56155L108,527,329417,,
STRONGBRIDGE       BIOPHARMA  PLC,G85347105,527,251088,,
MADRIGAL   PHARMACEUTICALS         INC,558868105,526,4434,,
CROSS   CTRY     HEALTHCARE        INC,227483104,524,80755,,
AVID   TECHNOLOGY   INC,05367P100,522,61030,,
TRIUMPH    GROUP     INC     NEW,896818101,521,80000,PUT,
LANDCADIA    HLDGS    II  INC,51476X105,520,36196,,
KADANT   INC,48282T104,519,4730,,KAI
KIRBY   CORP,497266106,519,14343,,KEX
PROTO  LABS  INC,743713109,518,3998,,PRLB
KYMERA   THERAPEUTICS              INC,501575104,517,16008,,
ARDAGH   GROUP          S    A,L0223L101,515,36661,,
COMFORT   SYS   USA  INC,199908104,514,9969,,
ZUORA   INC,98983V106,512,49484,,
FIRST  TR  EXCHANGE-TRADED         FD,33739Q408,510,8498,,
CROWDSTRIKE      HLDGS     INC,22788C105,508,3700,PUT,
TRIMAS   CORP,896215209,508,22302,,TRS
EXPEDITORS       INTL  WASH   INC,302130109,507,5600,PUT,
WRIGHT   MED     GROUP     N     V,N96617118,507,16600,PUT,
1ST  SOURCE   CORP,336901103,506,16417,,SRCE
BROOKFIELD       PPTY   REIT   INC,11282X103,506,41310,,
FULLER    H    B  CO,359694106,506,11053,,FUL
GLOBAL  INDEMNITY    GROUP    LLC,37959R103,506,24358,,
M/I   HOMES   INC,55305B101,504,10937,,
GRID   DYNAMICS   HLDGS    INC,39813G109,503,65042,,
ILLINOIS     TOOL  WKS  INC,452308109,502,2600,PUT,
CONTURA  ENERGY      INC,21241B100,500,68320,,
PHOENIX     TREE  HLDGS      LTD,719156101,498,121088,,
YEXT   INC,98585N106,498,32797,,
ARMSTRONG    FLOORING     INC,04238R106,495,143518,,
CBM     BANCORP       INC,1248XT104,493,40196,,
TRANSPORTADORA     DE   GAS   SUR,893870204,493,118472,,
VANGUARD  INTL  EQUITY  INDEX  F,922042866,493,7238,,
VANECK  VECTORS  ETF  TR,92189F791,492,8894,,
ALEXCO   RESOURCE     CORP,01535P106,491,185945,,
VERRA   MOBILITY   CORP,92511U102,490,50691,,VRRM
MAUI   LD  &    PINEAPPLE  INC,577345101,489,45230,,
ULTRAGENYX     PHARMACEUTICAL        IN,90400D108,489,5953,,
PANACEA   ACQUISITION         CORP,698102118,488,43535,CALL,
ULTRALIFE    CORP,903899102,488,82710,,ULBI
VANGUARD  INTL   EQUITY  INDEX  F,922042775,486,9629,,
APREA   THERAPEUTICS     INC,03836J102,485,20157,,
DIME  CMNTY   BANCSHARES          INC,253922108,485,42899,,
MATADOR    RES    CO,576485205,484,58562,,
B    &  G     FOODS     INC  NEW,05508R106,482,17372,,
METROPOLITAN        BK  HLDG     CORP,591774104,482,17209,,
LEGGETT   &  PLATT    INC,524660107,476,11562,,LEG
OFG  BANCORP,67103X102,476,38239,,OFG
VERICITY  INC,92347D100,476,46714,,
BLACK  KNIGHT      INC,09215C105,475,5451,,
HOLLYFRONTIER         CORP,436106108,475,24100,PUT,
ITAMAR     MED  LTD,465437101,475,23350,,
TELENAV   INC,879455103,475,132081,,
ISHARES  TR,464287689,474,2421,,
GTT  COMMUNICATIONS             INC,362393100,473,91608,,
INTEGRA   LIFESCIENCES       HLDGS  C,457985208,472,10000,PUT,
PROSHARES  TR,74347B425,472,23242,,
BAIDU   INC,056752108,471,3721,,
HEALTH   SCIENCES  ACQ      CORP  2,G4411D109,471,42863,,
VERISIGN  INC,92343E102,471,2300,PUT,
NOMURA   HLDGS     INC,65535H208,470,102657,,
PREFERRED    BK   LOS  ANGELES        CA,740367404,470,14644,,
CASPER   SLEEP  INC,147626105,469,65295,,
ARDMORE  SHIPPING       CORP,Y0207T100,468,131562,,ASC
BANK     MARIN    BANCORP,063425102,468,16159,,
TRILOGY   METALS    INC   NEW,89621C105,467,260738,,TMQ
UBS  GROUP   AG,H42097107,466,41802,,UBS
ESSENTIAL     PPTYS       RLTY   TR   INC,29670E107,464,25353,,
FIRST  TR  EXCHANGE    TRADED  FD,33734X101,457,10736,,
BHP   GROUP    LTD,088606108,456,8809,,BHPLF
GLOBANT     S     A,L44385109,456,2542,,
DONNELLEY     FINL     SOLUTIONS     INC,25787G100,455,34069,,
UGI   CORP  NEW,902681105,455,13800,,
FIRST  NATL   CORP,32106V107,453,32074,,
FIRST  INTST  BANCSYSTEM       INC,32055Y201,452,14198,,
BELDEN   INC,077454106,449,14418,,BDC
SEQUANS   COMMUNICATIONS      S  A,817323207,449,75235,,
ATLANTIC     POWER  CORP,04878Q863,447,228164,,
AXOVANT     SCIENCES   LTD,G0750W203,447,96724,,
FARMLAND     PARTNERS  INC,31154R109,447,67059,,FPI
NIELSEN    HLDGS   PLC,G6518L108,447,31552,,
PROTEOSTASIS     THERAPEUTICS   IN,74373B109,445,404398,,
HARSCO   CORP,415864107,443,31849,,
AMERICAN  SOFTWARE       INC,029683109,442,31511,,
FIVE   PRIME    THERAPEUTICS        INC,33830X104,442,93994,,
NEWPARK    RES   INC,651718504,442,420953,,
CIGNA  CORP      NEW,125523100,440,2600,CALL,
XENIA   HOTELS     &   RESORTS   INC,984017103,440,50140,,
CANTEL   MED   CORP,138098108,439,10000,CALL,
QUAKER    CHEM      CORP,747316107,439,2443,,
CONSTELLATION        BRANDS   INC,21036P108,436,2300,PUT,
ESSA   PHARMA     INC,29668H708,435,62976,,
NIC   INC,62914B100,435,22093,,
READY   CAPITAL   CORP,75574U101,435,38804,,RC-PC
DYNAVAX  TECHNOLOGIES           CORP,268158201,432,100000,CALL,
MICROCHIP   TECHNOLOGY        INC.,595017104,432,4200,CALL,MCHPP
KRYSTAL      BIOTECH        INC,501147102,431,10000,CALL,
AYALA         PHARMACEUTICALS       INC,05465V108,429,36427,,
COCA   COLA    CONS    INC,191098102,429,1783,,
DIEBOLD   NXDF  INC,253651103,424,55445,,
XENCOR   INC,98401F105,424,10939,,XNCR
ACADIA   RLTY   TR,004239109,423,40319,,
IMPERIAL     OIL  LTD,453038408,420,35148,,IMO
ISHARES  TR,46432F834,420,7197,,
HILL   INTL  INC,431466101,418,316625,,
TRISTATE      CAP   HLDGS     INC,89678F100,418,31588,,
VITAL   FARMS    INC,92847W103,417,10295,,
GLOBAL   BLOOD    THERAPEUTICS  IN,37890U108,414,7500,CALL,
BONANZA  CREEK      ENERGY     INC,097793400,413,21965,,
COUPA   SOFTWARE      INC,22266L106,411,1500,PUT,
INTERCONTINENTAL      HOTELS  GROU,45857P806,411,7825,,
MAIDEN     HOLDINGS     LTD,G5753U112,411,336896,,
HUMANIGEN     INC,444863203,407,38214,,
NANO  X    IMAGING      LTD,M70700105,407,17319,,
NATIONAL  OILWELL       VARCO    INC,637071101,407,44968,,
FLIR       SYS  INC,302445101,406,11312,,
PORTMAN   RIDGE     FIN  CORP,73688F102,406,303132,,
ALPINE  IMMUNE      SCIENCES      INC,02083G100,405,46058,,
CREXENDO     INC,226552107,405,72467,,
DULUTH   HLDGS      INC,26443V101,405,33157,,
RIVERVIEW      FINL  CORP    NEW,76940Q105,405,59903,,
EVERQUOTE     INC,30041R108,404,10444,,
MONRO   INC,610236101,404,9948,,
WEYCO  GROUP    INC,962149100,404,24982,,WEYS
SPARK  ENERGY    INC,846511103,401,48237,,
ASSURANT   INC,04621X108,400,3300,,
VALLEY    NATL     BANCORP,919794107,400,58424,,
HNI   CORP,404251100,399,12703,,HNI
MESABI   TR,590672101,399,18796,,
ENLINK   MIDSTREAM       LLC,29336T100,398,169455,,
PROSHARES  TR  II,74347W148,398,20000,,
EDISON   INTL,281020107,397,7800,PUT,
BRAEMAR    HOTELS        &  RESORTS   INC,10482B101,396,158256,,BHR-PD
FINANCIAL       INSTNS  INC,317585404,396,25728,,
GRUPO  AEROPORTUARIO             DEL      SURE,40051E202,396,3412,,
TFS   FINL  CORP,87240R107,395,26886,,
CARDIOVASCULAR       SYS   INC  DEL,141619106,394,10000,CALL,
PUXIN     LTD,74704P108,393,44194,,
INVESCO  EXCHANGE  TRADED  FD   T,46137V803,392,6159,,
ALLIANZGI     CONV  &  INCM     2024    T,01883H102,391,44476,,
SIX   FLAGS  ENTMT     CORP   NEW,83001A102,391,19279,,
GREAT  SOUTHN     BANCORP     INC,390905107,390,10771,,
RIMINI   STR   INC     DEL,76674Q107,390,121217,,
PLIANT   THERAPEUTICS     INC,729139105,388,17148,,
WIPRO  LTD,97651M109,388,82504,,WIT
BEYOND     MEAT     INC,08862E109,387,2329,,
DIAMONDPEAK     HLDGS   COR,25280H118,387,13100,CALL,
DUFF   &   PHELPS     UTIL  CORP     BD   T,26432K108,387,41942,,
AEGLEA     BIOTHERAPEUTICS      INC,00773J103,386,54511,,
ENPRO   INDS  INC,29355X107,386,6839,,
REGENXBIO     INC,75901B107,384,13970,,RGNX
PRECIGEN    INC,74017N105,383,109457,,
TILRAY   INC,88688T100,383,78947,,
CITY   HLDG   CO,177835105,382,6626,,
GOLDEN   ENTMT     INC,381013101,381,27515,,
PRO-DEX   INC   COLO,74265M205,381,13324,,
GREIF   INC,397624107,380,10506,,
NEUROBO    PHARMACEUTICALS        INC,64132R107,380,67616,,
CIVISTA   BANCSHARES      INC,178867107,379,30282,,
TRAVELERS    COMPANIES        INC,89417E109,379,3500,PUT,
CURIS   INC,231269200,378,322986,,CRIS
RAVEN     INDS  INC,754212108,378,17572,,
111   INC,68247Q102,376,60696,,
CAPRI  HOLDINGS       LIMITED,G1890L107,376,20898,,
TPI   COMPOSITES      INC,87266J104,376,12975,,
RPC  INC,749660106,374,141526,,RES
VMWARE   INC,928563402,374,2600,CALL,
BRIGHTVIEW   HLDGS      INC,10948C107,373,32701,,
GENCO   SHIPPING   &     TRADING    LTD,Y2685T131,373,54031,,GNK
AUTOWEB   INC,05335B100,372,118511,,
BLUE   RIDGE     BANKSHARES     INC   VA,095825105,372,27463,,
CENTRAIS     ELETRICAS      BRASILEIR,15234Q207,370,67008,,
OIL   DRI   CORP  AMER,677864100,370,10336,,
PROFESSIONAL    HLDG    CORP,743139107,369,27540,,
FIBROGEN  INC,31572Q808,367,8923,,
ZOVIO   INC,98979V102,367,91705,,
BALL   CORP,058498106,366,4400,CALL,BALL
RUBIUS   THERAPEUTICS         INC,78116T103,366,73143,,
STANDARD     MTR   PRODS     INC,853666105,366,8200,,
CITIZENS     &  NORTHN    CORP,172922106,365,22451,,
SEACOAST   BKG   CORP     FLA,811707801,365,20262,,
EXTERRAN        CORP,30227H106,361,86812,,
SPARTAN   ENERGY     ACQUISITION       C,846784122,361,25018,CALL,
CHECK   POINT     SOFTWARE       TECH  LT,M22465104,360,2989,,
SERVISFIRST    BANCSHARES        INC,81768T108,359,10545,,
HEALTHCARE  SVCS     GROUP     INC,421906108,358,16632,,
TRACON   PHARMACEUTICALS           INC,89237H209,358,69165,,
ALBEMARLE     CORP,012653101,357,4000,CALL,ALB-PA
A-MARK  PRECIOUS       METALS    INC,00181T107,357,10583,,
BNY  MELLON   HIGH     YIELD  STRATE,09660L105,357,131679,,
COLLEGIUM    PHARMACEUTICAL           INC,19459J104,357,17150,,
HIGHPOINT    RES     CORP,43114K108,356,1547986,,
ISHARES  TR,464287721,356,1184,,
PARETEUM    CORP,69946T207,356,526197,,
PLURISTEM     THERAPEUTICS     INC,72940R300,356,33820,,
AEROVIRONMENT      INC,008073108,354,5894,,AVAV
BEL   FUSE  INC,077347300,354,33178,,
PFSWEB   INC,717098206,354,52854,,
AMERICAN  OUTDOOR      BRANDS    INC,02875D109,353,27090,,
AMERICAN  WELL   CORP,03044L105,352,11871,,AMWL
RAPID7   INC,753422104,351,5732,,
SPOK  HLDGS   INC,84863T106,350,36851,,
TILLYS   INC,886885102,350,58077,,
INVESTORS    TITLE  CO  NC,461804106,348,2675,,
FUNKO     INC,361008105,344,59327,,
OPORTUN   FINL    CORP,68376D104,344,29148,,
BLINK  CHARGING        CO,09354A100,343,33253,,BLNK
OFFICE     PPTYS  INCOME     TR,67623C109,343,16575,,
VISTA   OIL   &  GAS  SAB    DE   CV,92837L109,343,152490,,
SOUTHWEST  AIRLS      CO,844741108,341,9100,PUT,
CHINA   ONLINE   ED  GROUP,16954L105,340,17808,,
PINTEREST     INC,72352L106,340,8200,PUT,
DELTA   APPAREL     INC,247368103,339,23798,,
QUDIAN   INC,747798106,339,273558,,
KEROS   THERAPEUTICS      INC,492327101,337,8739,,
BAIN   CAP     SPECIALTY    FIN  INC,05684B107,336,32911,,
ISHARES  INC,464286632,336,6400,,
LANDS   END  INC   NEW,51509F105,335,25711,,
LINEAGE    CELL     THERAPEUTICS       IN,53566P109,335,357528,,
ONTRAK     INC,683373104,335,5581,,
AIRGAIN   INC,00938A104,333,24990,,AIRG
ISHARES  TR,464287309,333,1443,,
ICICI     BANK   LIMITED,45104G104,331,33723,,
TOMPKINS     FINANCIAL       CORPORATI,890110109,331,5828,,
MURPHY   OIL     CORP,626717102,329,36925,,MUR
STANDEX   INTL     CORP,854231107,329,5556,,
TARO  PHARMACEUTICAL            INDS  LTD,M8737E108,329,5991,,
22ND   CENTY    GROUP     INC,90137F103,328,511550,,
SARATOGA       INVT  CORP,80349A208,327,19453,,
LHC   GROUP   INC,50187A107,326,1533,,
MATERIALISE     NV,57667T100,326,8831,,MTLS
ORIGIN   BANCORP    INC,68621T102,326,15255,,
PHUNWARE     INC,71948P100,326,356730,,
AMERICAN  NATL   BANKSHARES       INC,027745108,325,15558,,
INCOME  OPPORTUNITY          RLTY    INVS,452926108,325,27468,,
MERCADOLIBRE     INC,58733R102,325,300,CALL,MELI
BENCHMARK      ELECTRS      INC,08160H101,324,16078,,
ROYAL   GOLD   INC,780287108,324,2700,CALL,RGLD
VERSO   CORP,92531L207,324,41096,,
SCHWAB  STRATEGIC    TR,808524607,323,4727,,
TWIN   DISC     INC,901476101,321,63364,,TWIN
CONSOLIDATED       WATER  CO   INC,G23773107,320,30718,,
EXPRESS     INC,30219E103,320,524655,,
LIQUIDIA       TECHNOLOGIES      INC,53635D202,320,65000,CALL,
INTERFACE   INC,458665304,319,52181,,TILE
HAIN  CELESTIAL       GROUP     INC,405217100,318,9280,,HAIN
NEPHROS   INC,640671400,318,43986,,NEPH
PIVOTAL   INVT   CORP     II,72582K118,317,27503,CALL,
AMYRIS   INC,03236M200,316,108119,,
EPLUS   INC,294268107,316,4319,,PLUS
ZOMEDICA     PHARMACEUTICALS       COR,98979F107,316,2872372,,
MESA   AIR   GROUP  INC,590479135,315,106665,,
NATIONAL     BANKSHARES       INC     VA,634865109,314,12386,,
SP   PLUS   CORP,78469C103,314,17488,,
CANADIAN     SOLAR     INC,136635109,313,8911,,CSIQ
ROCKET    COS   INC,77311W101,313,15686,,
ARK   ETF   TR,00214Q708,312,7880,,
BIOGEN    INC,09062X103,312,1100,CALL,BIIB
DAILY   JOURNAL    CORP,233912104,312,1289,,DJCO
INSPIRE   MED   SYS     INC,457730109,312,2417,,
GOGO   INC,38046C109,311,33701,,GOGO
ALITHYA   GROUP      INC,01643B106,310,149217,,ALYAF
MONTROSE   ENVIRONMENTAL          GROUP,615111101,310,13027,,
AERIE   PHARMACEUTICALS         INC,00771V108,309,26224,,
ALICO   INC,016230104,309,10799,,
BIGCOMMERCE         HLDGS     INC,08975P108,309,3708,,
BANK   OF   NT  BUTTERFIELD&SON       L,G0772R208,308,13813,,
UP   FINTECH  HLDG    LTD,91531W106,308,64973,,
MANULIFE       FINL  CORP,56501R106,307,22071,,
SAPIENS     INTL   CORP     N  V,G7T16G103,307,10044,,
VERICEL   CORP,92346J108,307,16576,,VCEL
RATTLER   MIDSTREAM        LP,75419T103,304,51142,,
PROGRESSIVE     CORP,743315103,303,3200,PUT,
CINCINNATI     BANCORP      INC,17187C102,301,33562,,
CURO   GROUP     HOLDINGS    CORP,23131L107,301,42719,,
MAGNITE   INC,55955D100,301,43342,,
TOWER   SEMICONDUCTOR                   LTD,M87915274,301,16520,,TSEM
CAPITAL   CITY     BK   GROUP     INC,139674105,300,15990,,
DAVITA    INC,23918K108,300,3500,CALL,DVA
FRESH   DEL     MONTE     PRODUCE     INC,G36738105,300,13102,,
GLOBAL  MED  REIT  INC,37954A204,300,22248,,
MARATHON       OIL   CORP,565849106,300,73300,PUT,
MOTOROLA     SOLUTIONS       INC,620076307,298,1900,PUT,
RMR  GROUP     INC,74967R106,298,10845,,RMR
WRAP   TECHNOLOGIES           INC,98212N107,298,43987,,
CENTRAIS     ELETRICAS      BRASILEIR,15234Q108,297,54249,,
ISHARES  TR,464287648,296,1335,,
AKCEA   THERAPEUTICS   INC,00972L107,294,16219,,
KINDRED   BIOSCIENCES       INC,494577109,294,68563,,
LIFETIME  BRANDS      INC,53222Q103,294,31113,,
SMART  SAND     INC,83191H107,294,224461,,
ROCKET    PHARMACEUTICALS         INC,77313F106,293,12800,CALL,
CHECKPOINT    THERAPEUTICS     INC,162828107,292,108904,,
NOVAGOLD   RES   INC,66987E206,292,24562,,
VALHI     INC   NEW,918905209,292,22153,,
SIMON   PPTY     GROUP     INC   NEW,828806109,291,4500,PUT,
INTL   GNRL   INSURANCE     HLDNGS     L,G4809J106,290,40594,,
ITRON   INC,465741106,290,4767,,
SURGALIGN      HOLDINGS      INC,86882C105,290,160356,,
ALKALINE     WTR  CO  INC,01643A207,289,229707,,
ARLINGTON    ASSET   INVST     CORP,041356205,289,101705,,
TEJON  RANCH       CO,879080109,289,20398,,TRC
INNATE   PHARMA     S   A,45781K204,288,72657,,
BANK7   CORP,06652N107,286,30462,,BSVN
CAPITALA  FIN   CORP,14054R502,285,30285,,
KT   CORP,48268K101,285,29634,,KT
MALIBU   BOATS     INC,56117J100,285,5760,,
CHINA  YUCHAI     INTL    LTD,G21082105,284,15796,,
GRANITE    CONSTR       INC,387328107,284,16150,,
RANPAK   HOLDINGS       CORP,75321W103,284,29801,,PACK
CLEAN   ENERGY   FUELS    CORP,184499101,283,113988,,CLNE
MODERNA       INC,60770K107,283,4000,PUT,
HOWARD   HUGHES       CORP,44267D107,282,4902,,
STOCK   YDS   BANCORP  INC,861025104,282,8297,,
CAMTEK   LTD,M20791105,280,18184,,CAMT
LEAF  GROUP  LTD,52177G102,280,55784,,
CATO   CORP   NEW,149205106,278,35525,,CATO
FORUM   MERGER       II   CORP,34986F103,278,11756,,
MONGODB     INC,60937P106,278,1200,CALL,
NVE   CORP,629445206,277,5646,,
ISHARES  TR,464287515,276,887,,
NANTKWEST     INC,63016Q102,276,39865,,
T2   BIOSYSTEMS     INC,89853L104,276,202914,,
LAKELAND     FINL  CORP,511656100,273,6635,,
AMNEAL   PHARMACEUTICALS          INC,03168L105,272,70093,,
FOX   CORP,35137L204,272,9735,,FOX
AMERICAN    ASSETS     TR   INC,024013104,271,11265,,
EXANTAS   CAP   CORP,30068N105,271,129596,,
SILVERBOW     RES     INC,82836G102,269,68556,,
RH,74967X103,268,700,PUT,RH
SIERRA   BANCORP,82620P102,268,15971,,BSRR
BLACKROCK  CAP   INVT    CORP,092533108,267,109507,,
INSEEGO  CORP,45782B104,267,25868,,INSG
JAMF   HLDG     CORP,47074L105,267,7110,,
MARCHEX     INC,56624R108,267,125763,,MCHX
RHINEBECK     BANCORP       INC,762093102,267,42225,,
BAKER   HUGHES      COMPANY,05722G100,266,20000,CALL,
MAXLINEAR       INC,57776J100,266,11434,,
PIVOTAL   INVT   CORP     II,72582K100,266,23096,,
TPG   RE   FIN   TR   INC,87266M107,266,31452,,
WORLD  ACCEP    CORP  DEL,981419104,266,2524,,
J    P  MORGAN  EXCHANGE-TRADED   F,46641Q720,265,11596,,
AVANOS   MED   INC,05350V106,264,7932,,
CF      INDS  HLDGS      INC,125269100,264,8600,PUT,
FIRST  FINANCIAL    NORTHWEST       IN,32022K102,263,28817,,
HUBSPOT  INC,443573100,263,900,PUT,HUBS
NEXTERA     ENERGY     INC,65339F796,263,4833,,NEE-PS
TIMKENSTEEL       CORP,887399103,263,73983,,
BRASKEM    S    A,105532105,262,35009,,
RENESOLA       LTD,75971T301,262,126706,,
SUNRUN   INC,86771W105,262,3400,PUT,RUN
WESTPAC   BANKING    CORP,961214301,262,21777,,WBKCY
CENTOGENE         N     V,N1976T109,261,27612,,
ATLAS   CORP,Y0436Q109,260,29062,,
METHANEX     CORP,59151K108,260,10645,,MEOH
MERCANTILE       BANK  CORP,587376104,259,14378,,MBWM
PAR   TECHNOLOGY      CORP,698884103,259,6390,,PAR
ACELRX   PHARMACEUTICALS           INC,00444T100,258,181732,,
IDT   CORP,448947507,258,39171,,IDT
NEWMARKET     CORP,651587107,258,754,,NEU
NOKIA   CORP,654902204,258,66051,,NOKBF
SMARTFINANCIAL         INC,83190L208,258,19016,,SMBK
ACCELERATE     DIAGNOSTICS         INC,00430H102,257,24111,,
BICYCLE       THERAPEUTICS         PLC,088786108,257,13481,,BCYC
CONAGRA   BRANDS    INC,205887102,257,7200,PUT,CAG
ENTASIS   THERAPEUTICS         HLDGS     I,293614103,257,125848,,
MERIDIAN     BIOSCIENCE       INC,589584101,257,15150,,
RESOURCES     CONNECTION     INC,76122Q105,257,22274,,
BJS  RESTAURANTS       INC,09180C106,256,8697,,BJRI
GABELLI   HLTHCARE           &  WELLNESS,36246K103,256,24786,,
XERIS     PHARMACEUTICALS        INC,98422L107,256,43220,,
MINERVA    NEUROSCIENCES         INC,603380106,255,80217,,
MAGENTA   THERAPEUTICS      INC,55910K108,254,37331,,
NORTHRIM   BANCORP     INC,666762109,254,9966,,NRIM
OCONEE     FED  FINL   CORP,675607105,254,11653,,
PURECYCLE       CORP,746228303,254,28203,,
REPLIMUNE     GROUP   INC,76029N106,254,11046,,
CUMMINS     INC,231021106,253,1200,PUT,CMI
DADA   NEXUS  LTD,23344D108,253,9550,,
SOCIAL   CAP  HDOSPHIA  HLDG       CO,G8250T125,253,13332,CALL,
STREAMLINE     HEALTH    SOLUTIONS,86323X106,253,162395,,
ENEL   AMERICAS    S  A,29274F104,252,38962,,
ESTABLISHMENT      LABS  HLDGS     INC,G31249108,252,13594,,
GALERA   THERAPEUTICS            INC,36338D108,252,27882,,
CORE  MOLDING     TECHNOLOGIES     IN,218683100,251,28319,,
CREDIT  SUISSE  ASSET   MGMT  INC,224916106,251,85475,,
LEGACY   HOUSING    CORP,52472M101,251,18335,,LEGH
SLACK  TECHNOLOGIES         INC,83088V102,250,9300,CALL,
NUVERRA   ENVIRONMENTAL          SOLUTI,67091K302,249,107203,,
CERIDIAN    HCM  HLDG     INC,15677J108,248,3000,CALL,
ISHARES    GOLD  TRUST,464285105,248,13800,,IAU
PELOTON    INTERACTIVE        INC,70614W100,248,2500,CALL,
SPDR  INDEX     SHS  FDS,78463X889,248,8468,,
PROPTECH   ACQUISITION    CORP,74349F119,246,22095,CALL,
THERAVANCE  BIOPHARMA       INC,G8807B106,246,16668,,
BOOT   BARN   HLDGS  INC,099406100,245,8714,,
DIREXION     SHS  ETF   TR,25490K323,245,4568,,
LGL   SYS    ACQUISITION    CORP,50201G205,245,23500,,
BOINGO  WIRELESS       INC,09739C102,244,23953,,
MIX  TELEMATICS     LTD,60688N102,244,27290,,
ECHO   GLOBAL    LOGISTICS     INC,27875T101,243,9434,,
MAXIM   INTEGRATED    PRODS       INC,57772K101,243,3600,PUT,
AUDIOEYE     INC,050734201,242,16600,,AEYE
DEERFIELD       HEALTHCARE       TECH     AC,244413118,242,23000,CALL,
CAVCO   INDS   INC     DEL,149568107,241,1338,,
DELCATH     SYS  INC,24661P807,241,20741,,
NIKOLA    CORP,654110105,241,11775,,
RYERSON       HLDG     CORP,783754104,241,42031,,
APPIAN   CORP,03782L101,240,3711,,APPN
COREPOINT   LODGING     INC,21872L104,240,43973,,
PANGAEA   LOGISTICS       SOLUTION   L,G6891L105,240,92752,,
TOWNSQUARE     MEDIA      INC,892231101,240,51493,,
ECOPETROL     S  A,279158109,239,24238,,
SOUTHSIDE  BANCSHARES        INC,84470P109,239,9795,,SBSI
TRINITY    PL     HLDGS   INC,89656D101,239,169406,,
LI   AUTO    INC,50202M102,237,13600,,LAAOF
VELOCITY     FINL   INC,92262D101,236,47006,,
MACK   CALI     RLTY    CORP,554489104,235,18648,,
NEOGEN   CORP,640491106,235,3000,CALL,NEOG
HYSTER     YALE   MATLS  HANDLING    I,449172105,234,6295,,
SONIM   TECHNOLOGIES       INC,83548F101,234,301437,,
BP   PLC,055622104,233,13359,,BPPFF
CHANNELADVISOR     CORP,159179100,233,16092,,
DIREXION  SHS  ETF  TR,25460G708,233,3529,,
DSP     GROUP    INC,23332B106,233,17659,,
FIRST  FINL   CORP  IND,320218100,233,7433,,
COEUR   MNG    INC,192108504,231,31339,,
COMPANIA   DE    MINAS   BUENAVENTU,204448104,231,18900,,
SELECT  SECTOR     SPDR  TR,81369Y860,230,6521,,
CENTURY   BANCORP      INC  MASS,156432106,229,3484,,
GENOCEA   BIOSCIENCES       INC,372427401,228,99489,,
GLACIER     BANCORP    INC   NEW,37637Q105,228,7112,,
HORIZON  BANCORP        INC,440407104,228,22624,,
J    P  MORGAN  EXCHANGE-TRADED   F,46641Q712,228,9224,,
FANG  HLDGS     LTD,30711Y300,227,19763,,
COHBAR     INC,19249J109,226,237970,,
COLONY  CR   REAL     ESTATE     INC,19625T101,226,46051,,
DIAMONDBACK     ENERGY  INC,25278X109,226,7500,PUT,
CASA  SYS    INC,14713L102,225,55713,,
EXELON   CORP,30161N101,225,6300,PUT,EXC
ISHARES  TR,46429B606,225,13673,,
SUPERNUS  PHARMACEUTICALS        INC,868459108,225,10789,,
COLUMBUS  MCKINNON       CORP     N  Y,199333105,224,6774,,
SABINE     ROYALTY     TR,785688102,224,7695,,
SEMPRA   ENERGY,816851406,224,2267,,
FS      BANCORP     INC,30263Y104,223,5451,,
SOHU   COM   LTD,83410S108,223,11234,,
VANGUARD  WORLD  FDS,92204A306,222,5505,,
PULSE   BIOSCIENCES       INC,74587B101,221,18780,,
COHEN   &   STEERS    QUALITY       INCOM,19247L106,220,19830,,
PREMIER     FINANCIAL      CORP,74052F108,220,14137,,
ISHARES  TR,46434V407,219,4991,,
CITIZENS     CMNTY  BANCORP       INC  M,174903104,218,31620,,
NORTHWEST   NAT   HLDG  CO,66765N105,218,4798,,
CORNING   INC,219350105,217,6700,CALL,
GREENPOWER      MTR   CO   INC,39540E302,217,18067,,
VALERO    ENERGY     CORP,91913Y100,217,5000,PUT,
GENESIS     HEALTHCARE        INC,37185X106,216,397636,,
ATLANTIC     CAP  BANCSHARES   INC,048269203,215,18941,,
VANGUARD  INTL  EQUITY  INDEX  F,922042858,214,4944,,
ISHARES  TR,464287887,213,1206,,
FASTENAL   CO,311900104,212,4700,CALL,FAST
GRUPO  TELEVISA   SA,40049J206,212,34280,,
HAMILTON  BEACH      BRANDS    HLDG     C,40701T104,212,10907,,
AMARIN   CORP   PLC,023111206,211,50000,CALL,
SOUTHERN   MO  BANCORP      INC,843380106,211,8964,,
GANNETT     CO  INC,36472T109,210,161640,,
NORTHERN   DYNASTY   MINERALS       LT,66510M204,210,214332,,
SPDR  SER  TR,78464A375,210,5724,,
XOMA   CORP   DEL,98419J206,209,11096,,
OVID   THERAPEUTICS         INC,690469101,208,36307,,OVID
AMAG  PHARMACEUTICALS         INC,00163U106,206,21888,,
I    MAB,44975P103,206,4376,,
QUMU   CORP,749063103,206,44727,,
RADNET   INC,750491102,206,13452,,
SCHOLASTIC     CORP,807066105,206,9836,,SCHL
BANCO  SANTANDER        S.A.,05964H105,205,110802,,
DECIPHERA       PHARMACEUTICALS    IN,24344T101,205,4000,CALL,
IMMATICS       N.V,N44445109,205,19320,,IMTX
GOLDMAN   SACHS    ETF   TR,381430503,204,3003,,
J    ALEXANDERS          HLDGS     INC,46609J106,204,39224,,
UNIVERSAL     HEALTH    RLTY   INCM   T,91359E105,204,3577,,
VIKING   THERAPEUTICS        INC,92686J106,204,35091,,
BARNES   &  NOBLE     ED  INC,06777U101,203,78566,,
CEL-SCI   CORP,150837607,203,15913,,
HANMI   FINL  CORP,410495204,203,24681,,
LIFEVANTAGE    CORP,53222K205,201,16621,,LFVN
LMP   AUTOMOTIVE     HLDGS  INC,53952P101,201,7389,,
SPDR  SER  TR,78464A847,201,6150,,
TTM  TECHNOLOGIES          INC,87305R109,201,17596,,TTMI
VUZIX      CORP,92921W300,201,44143,,VUZI
AMBAC   FINL   GROUP    INC,023139884,200,15662,,
ANAPLAN   INC,03272L108,200,3200,CALL,
CHINA   INDEX   HLDGS    LTD,16954W101,200,138071,,
HARMONIC   INC,413160102,200,35785,,HLIT
LIVE  OAK    BANCSHARES   INC,53803X105,200,7915,,
MAGIC  SOFTWARE      ENTERPRISES     L,559166103,200,15249,,
CARS  COM    INC,14575E105,199,24609,,
THERAPEUTICSMD         INC,88338N107,199,125888,,
OVINTIV     INC,69047Q102,197,24111,,OVV
BIO-KEY   INTL      INC,09060C309,196,444989,,
AQUABOUNTY     TECHNOLOGIES      INC,03842K200,195,43540,,AQB
FARMERS   NATIONAL     BANC  CORP,309627107,194,17779,,
KELLY   SVCS     INC,488152208,194,11388,,
SHARPSPRING    INC,820054104,194,17421,,
AGEX   THERAPEUTICS       INC,00848H108,192,237525,,
GAIA   INC   NEW,36269P104,192,19533,,
MARLIN     BUSINESS   SVCS      CORP,571157106,191,27058,,
SALLY     BEAUTY   HLDGS      INC,79546E104,191,22000,CALL,
OPKO   HEALTH     INC,68375N103,188,50971,,
JOUNCE     THERAPEUTICS      INC,481116101,187,22929,,
LEXICON  PHARMACEUTICALS       INC,528872302,186,128918,,
B2GOLD        CORP,11777Q209,184,28200,,BTG
ORAMED   PHARMACEUTICALS       INC,68403P203,183,70084,,ORMP
PROSHARES   TR,74347B201,182,11615,,
BLACKROCK   RES   &  COMMODITIES,09257A108,180,30322,,
FIRST  LONG   IS  CORP,320734106,180,12140,,
HARMONY   GOLD   MINING   CO  LTD,413216300,180,34193,,HGMCF
NEXPOINT    REAL    ESTATE    FIN   INC,65342V101,180,12232,,
TITAN   INTL  INC     ILL,88830M102,180,62234,,
COSTAMARE     INC,Y1771G102,179,29489,,CMRE-PB
MICROVISION      INC   DEL,594960304,179,91895,,
NEPTUNE   WELLNESS     SOLUTIONS   I,64079L105,179,84674,,
SATSUMA   PHARMACEUTICALS             INC,80405P107,179,45926,,
INSURANCE    ACQUISITION     CORP,457867109,177,15000,,
CARA  THERAPEUTICS     INC,140755109,176,13833,,
STELLUS   CAP  INVT    CORP,858568108,176,20198,,
CLEARBRIDGE     ENERGY    MIDSTRM     O,18469P209,175,19980,,
FREQUENCY   ELECTRS    INC,358010106,174,17227,,
USA     TRUCK   INC,902925106,174,18379,,
NUZEE   INC,67073S208,173,10500,,
SPIRIT   OF   TEX   BANCSHARES         INC,84861D103,173,15546,,
GIGCAPITAL3       INC,37519D115,172,17242,CALL,
SIERRA   WIRELESS      INC,826516106,172,15441,,
EMAGIN   CORP,29076N206,171,134962,,
GRITSTONE    ONCOLOGY    INC,39868T105,171,64529,,
MOLECULIN       BIOTECH       INC,60855D101,171,210234,,
REVLON   INC,761525609,171,27011,,
VIOMI   TECHNOLOGY      CO   LTD,92762J103,171,28237,,
OCEANEERING    INTL  INC,675232102,169,47938,,
BEYONDSPRING      INC,G10830100,168,12613,,BYSI
CONSOLIDATED      COMM    HLDGS     INC,209034107,168,29496,,
EATON  VANCE  FLOATING       RATE     20,27831H100,168,19000,,
TAIWAN     LIPOSOME       CO   LTD,874038102,167,37488,,
EXTENDED        STAY   AMER   INC,30224P200,165,13832,,
EXICURE     INC,30205M101,164,93883,,
NAVIGATOR  HOLDINGS        LTD,Y62132108,164,19590,,NVGS
BYLINE        BANCORP      INC,124411109,163,14425,,
VERB  TECHNOLOGY    CO  INC,92337U104,162,149588,,
FST  TR  NEW  OPPORT   MLP    &   ENE,33739M100,161,44600,,
NINE  ENERGY      SERVICE    INC,65441V101,161,142684,,
ELECTRAMECCANICA        VEHS     CORP,284849205,159,63711,,
PIERIS   PHARMACEUTICALS             INC,720795103,159,77021,,
CARPARTS     COM   INC,14427M107,158,14641,,
CUSHING     MLP  &  INFRASTRUCT,231631300,158,10200,,
FIRST  EAGLE      ALTR    CAP      BDC  INC,26943B100,158,63643,,
NEW  MTN   FIN   CORP,647551100,158,16596,,
HARVARD   BIOSCIENCE      INC,416906105,157,52116,,HBIO
HALLMARK  FINL      SVCS  INC,40624Q203,156,59458,,
ASTRONOVA     INC,04638F108,155,19329,,
NATURAL   HEALTH     TRENDS      CORP,63888P406,155,27482,,NHTC
MITEK   SYS  INC,606710200,153,11997,,
NATURAL   GAS     SERVICES   GROUP,63886Q109,153,18163,,
SOLENO   THERAPEUTICS        INC,834203200,153,61112,,
OPERA   LTD,68373M107,152,15547,,OPRA
UNITY   BANCORP     INC,913290102,150,12934,,
CLEARPOINT   NEURO     INC,18507C103,149,27304,,
SERVICESOURCE       INTL  INC,81763U100,149,101221,,
GULFPORT         ENERGY  CORP,402635304,147,279481,,GPOR
KAMADA      LTD,M6240T109,147,17607,,KMDA
IMV   INC,44974L103,146,32939,,
MISONIX  INC,604871103,146,12440,,
ON   DECK  CAP   INC,682163100,146,91505,,
RPT  REALTY,74971D101,146,26818,,
SERITAGE   GROWTH    PPTYS,81752R100,146,10821,,
CYMABAY   THERAPEUTICS      INC,23257D103,145,20000,CALL,
FIRST  TR  EXCH  TRD   ALPHDX     FD,33737J133,144,13739,,
ORRSTOWN     FINL    SVCS     INC,687380105,144,11255,,
PDL   BIOPHARMA       INC,69329Y104,144,45861,,
ARMOUR  RESIDENTIAL       REIT   INC,042315507,143,15019,,
CANGO   INC,137586103,142,25583,,CANG
LOGICBIO     THERAPEUTICS       INC,54142F102,141,15578,,
1895   BANCORP     OF  WIS   INC,28252W105,140,15340,,
SAFE   BULKERS   INC,Y7388L103,140,135589,,
VENATOR  MATLS     PLC,G9329Z100,139,72254,,
BRIGHT   SCHOLAR    ED   HLDGS     LTD,109199109,138,21590,,
BEAM  GLOBAL,07373B109,137,11286,,BEEM
DANAOS   CORPORATION,Y1968P121,137,18732,,DAC
LUTHER       BURBANK       CORP,550550107,137,16411,,
MACATAWA       BK  CORP,554225102,137,20969,,
TESSCO     TECHNOLOGIES         INC,872386107,137,25536,,
BLACKBERRY     LTD,09228F103,136,29590,,BB
PREMIER     FINL  BANCORP     INC,74050M105,136,12636,,
RIBBON   COMMUNICATIONS          INC,762544104,136,35091,,RBBN
STAR   GROUP   L   P,85512C105,135,13810,,
KLX  ENERGY  SERVICS     HOLDNGS   I,48253L205,134,32342,,
OBSEVA  SA,H5861P103,134,53998,,
HBT     FINL     INC.,404111106,133,11834,,
SOLID   BIOSCIENCES     INC,83422E105,133,65506,,SLDB
AXCELLA  HEALTH    INC,05454B105,132,28490,,
TUTOR   PERINI     CORP,901109108,131,11807,,TPC
GEOPARK     LTD,G38327105,130,17712,,GPRK
SYNCHRONOSS     TECHNOLOGIES  INC,87157B103,130,43180,,
CODEXIS    INC,192005106,129,11016,,
ENOCHIAN     BIOSCIENCES       INC,29350E104,129,36155,,
PLX   PHARMA   INC,72942A107,128,39550,,
NUVEEN    MUN   VALUE   FD   INC,670928100,127,11949,,
ARAVIVE   INC,03890D108,126,26828,,
CELYAD   SA,151205200,126,12636,,
BROADWIND   INC,11161T207,124,43140,,
CAPSTONE  TURBINE      CORP,14067D508,124,25999,,
INFRA   AND  ENERGY     ALTRNTIVE         I,45686J104,124,20813,,
WAVE  LIFE      SCIENCES   LTD,Y95308105,124,14653,,WVE
BANKFINANCIAL         CORP,06643P104,123,17033,,
VOXX    INTL    CORP,91829F104,123,15982,,
ENERGOUS   CORP,29272C103,122,41351,,WATT
ORANGE,684060106,122,11706,,ORANY
ELLINGTON   RESIDENTIAL           MTG      RE,288578107,121,10887,,
EYENOVIA        INC,30234E104,121,38634,,
KINGSWAY   FINL    SVCS    INC,496904202,121,40861,,
BLACKROCK   CORPOR       HI  YLD    FD    I,09255P107,117,10990,,
EQUINOX   GOLD     CORP,29446Y502,117,10007,,EQX
INOVIO   PHARMACEUTICALS          INC,45773H201,116,10000,PUT,
PHOENIX     NEW   MEDIA     LTD,71910C103,116,93943,,FENG
FVCBANKCORP       INC,36120Q101,115,11479,,
APYX   MEDICAL  CORPORATION,03837C106,114,24110,,APYX
INVESTCORP    CR  MGMT  BDC  INC,46090R104,114,31499,,
CBL     &    ASSOC  PPTYS     INC,124830100,112,694851,,
FRANKS     INTL     N     V,N33462107,112,72994,,
BANK  COMM  HLDGS,06424J103,111,15912,,
GARRISON  CAP    INC,366554103,111,28992,,
PACIFIC  ETHANOL  INC,69423U305,108,14728,,
NET   ELEMENT   INC,64111R300,106,11810,,
OFS  CAP  CORP,67103B100,106,22492,,
BAUDAX   BIO   INC,07160F107,105,38039,,
BG   STAFFING   INC,05544A109,104,12271,,
OCCIDENTAL     PETE  CORP,674599105,103,10266,PUT,
PHASEBIO     PHARMACEUTICALS       INC,717224109,103,29252,,
SEVERN  BANCORP     INC   ANNAPOLIS,81811M100,102,15707,,
SPECTRUM     PHARMACEUTICALS          INC,84763A108,102,25000,CALL,
GASLOG   PARTNERS     LP,Y2687W108,101,29947,,GLOP-PC
CORPORACION             AMER    ARPTS     S  A,L1995B107,100,44677,,
FOSSIL   GROUP       INC,34988V106,100,17477,,
SELECT   INTERIOR     CONCEPTS  INC,816120307,100,14503,,
CERAGON   NETWORKS     LTD,M22013102,98,39281,,CRNT
WIMI   HOLOGRAM    CLOUD  INC,97264L100,98,17560,,WIMI
CHERRY   HILL    MTG    INVT   CORP,164651101,96,10714,,
ERYTECH     PHARMA,29604W108,96,15342,,
HOOKIPA  PHARMA      INC,43906K100,96,10141,,
MOHAWK     GROUP       HLDGS  INC,608189106,96,11687,,
RETAIL   PPTYS     AMER  INC,76131V202,96,16440,,
ENERGY  FOCUS     INC,29268T409,95,13871,,
PIXELWORKS     INC,72581M305,95,46196,,
STONE   HBR  EMERGING    MKTS       INCO,86164T107,95,14666,,
NCS   MULTISTAGE       HLDGS  INC,628877102,94,157736,,
ADVANCED     EMISSIONS  SOLUTS  IN,00770C101,93,22818,,
AMPLIFY   ENERGY   CORP  NEW,03212B103,93,108750,,AMPY
ASHFORD   HOSPITALITY       TR  INC,044103877,93,56655,,
NEXA   RES     S     A,L67359106,93,17490,,
RUHNN   HLDG   LTD,781314109,93,35234,,
FIRST  SEACOAST       BANCORP,33631P102,92,12626,,
ALLOT   LTD,M0854Q105,91,10012,,ALLT
HEPION  PHARMACEUTICALS         INC,426897104,91,29233,,
CATALYST   PHARMACEUTICALS       INC,14888U101,90,30269,,
HIREQUEST     INC,433535101,90,11762,,
AERPIO   PHARMACEUTICALS        INC,00810B105,89,59587,,
IHEARTMEDIA       INC,45174J509,88,10810,,
VOYA       NAT   RES   EQUITY      INCOME     F,92913C106,88,36052,,
EATON  VANCE  TAX-MANAGED         GLOB,27829F108,86,11671,,
ENTRAVISION       COMMUNICATIONS       C,29382R107,86,56287,,
MARRONE    BIO    INNOVATIONS        INC,57165B106,85,69478,,
IDEANOMICS    INC,45166V106,83,91293,,
POLARITYTE     INC,731094108,83,79505,,
REALNETWORKS      INC,75605L708,83,68089,,
WESTERN   ASSET     HIGH  INCOME    FD,95766J102,82,12835,,
ARIDIS  PHARMACEUTICALS         INC,040334104,80,11329,,
DLH     HLDGS    CORP,23335Q100,80,10981,,
ORION   GROUP   HOLDINGS      INC,68628V308,79,28815,,ORN
CATABASIS  PHARMACEUTICALS       IN,14875P206,78,12574,,
ADMA    BIOLOGICS          INC,000899104,76,31747,,
ANTARES   PHARMA    INC,036642106,76,28140,,
O2MICRO   INTERNATIONAL          LIMITE,67107W100,76,21603,,
SECOO   HLDG  LTD,81367P101,75,28108,,
ATYR  PHARMA     INC,002120202,74,22771,,ATYR
HALLADOR     ENERGY     COMPANY,40609P105,74,113258,,
CLIPPER   RLTY    INC,18885T306,72,11904,,
DHI     GROUP    INC,23331S100,72,31648,,
OXFORD       LANE   CAP     CORP,691543102,72,16339,,
TIZIANA    LIFE    SCIENCES   PLC,88875G101,72,21380,,
FULL   HSE     RESORTS  INC,359678109,71,36783,,
JERASH     HLDGS     US   INC,47632P101,71,15555,,
NEW  HOME   CO   INC,645370107,71,13014,,
SALIENT     MIDSTREAM      &   MLP  FD,79471V105,71,20209,,
RISE  ED   CAYMAN    LTD,76761L102,70,11508,,
VYNE   THERAPEUTICS          INC,92941V100,70,42083,,
CASTLIGHT  HEALTH    INC,14862Q100,69,61370,,
PANHANDLE    OIL   &  GAS     INC,698477106,69,48189,,
ITAU   UNIBANCO      HLDG  S    A,465562106,68,17068,,
TONIX   PHARMACEUTICALS       HLDG  C,890260706,68,80706,,
VERONA   PHARMA   PLC,925050106,68,10942,,
ABERDEEN  ASIA-PACIFIC         INCOME,003009107,66,16526,,
CIVEO   CORP   CDA,17878Y108,64,94472,,
IDERA   PHARMACEUTICALS        INC,45168K405,64,30000,CALL,
EMCORE   CORP,290846203,63,19389,,
GREAT  ELM   CAP   CORP,390320109,62,18379,,
LUBYS  INC,549282101,61,21457,,
AVINGER  INC,053734604,60,185924,,
ONCTERNAL    THERAPEUTICS        INC,68236P107,60,35412,,
RANGER   ENERGY     SVCS  INC,75282U104,59,22703,,
GTY  TECHNOLOGY          HOLDINGS        INC,362409104,57,21564,,
NEW  GOLD   INC   CDA,644535106,57,33455,,
ONCOCYTE   CORP,68235C107,56,40331,,
NANTHEALTH       INC,630104107,55,23306,,
ONCOSEC    MED   INC,68234L306,55,16375,,
FINVOLUTION      GROUP,31810T101,54,29210,,FVGPY
PRGX   GLOBAL     INC,69357C503,53,11137,,
SELECT   ENERGY    SVCS   INC,81617J301,52,13460,,
ELECTROCORE     INC,28531P103,51,29588,,
GREAT  PANTHER     MNG   LTD,39115V101,51,57812,,
INUVO   INC,46122W204,51,139028,,
LEJU  HLDGS       LTD,50187J108,51,25930,,
AGEAGLE    AERIAL   SYS  INC    NEW,00848K101,49,21589,,
LEAP  THERAPEUTICS       INC,52187K101,49,24971,,
VAALCO  ENERGY        INC,91851C201,48,47616,,
SEACOR        MARINE     HLDGS     INC,78413P101,47,23088,,
MOGU   INC,608012100,45,18975,,MOGU
RED  LION  HOTELS      CORP,756764106,45,20834,,
CALADRIUS    BIOSCIENCES       INC,128058203,44,24665,,
BANCO  BRADESCO      S  A,059460402,43,13595,,
EVOFEM   BIOSCIENCES      INC,30048L104,43,18403,,
ALASKA   COMMUNICATIONS      SYS  GR,01167P101,42,20992,,
FRANCESCAS    HLDGS      CORP,351793203,42,15546,,
HUNT   COS   FIN   TR  INC,44558T100,41,15012,,
IRSA      INVERSIONES  Y    REP  S  A,450047204,41,14454,,
LIGHTPATH   TECHNOLOGIES       INC,532257805,41,17009,,LPTH
PRECISION    DRILLING      CORP,74022D308,41,63588,,PDS
VTV     THERAPEUTICS       INC,918385105,40,22626,,VTVT
CERECOR     INC,15671L109,39,17337,,
EXELA   TECHNOLOGIES        INC,30162V102,39,102320,,
AIM  IMMUNOTECH     INC,00901B105,38,17715,,AIM
INFINITY     PHARMACEUTICALS          INC,45665G303,38,32154,,
MATINAS    BIOPHARMA       HLDGS  INC,576810105,37,48608,,
YOUNGEVITY       INTL  INC,987537206,37,61622,,
ION   GEOPHYSICAL       CORP,462044207,36,23722,,
TRINITY    BIOTECH       PLC,896438306,35,17280,,TRIB
IMPAC   MTG  HLDGS     INC,45254P508,34,26469,,
AMBEV   SA,02319V103,33,14768,,
AYRO       INC,054748108,33,11071,,
GOLD   STD   VENTURES       CORP,380738104,33,41785,,
BUILD      A    BEAR  WORKSHOP,120076104,32,12913,,
DRIVE     SHACK   INC,262077100,32,28397,,
MECHEL    PAO,583840608,31,20252,,
GREAT  ELM   CAP   GROUP     INC,39036P209,29,12110,,
NOVAN   INC,66988N106,28,57922,,
TANTECH  HLDGS     LTD,G8675X107,28,11357,,
LIZHI   INC,53933L104,27,11837,,
MARATHON       PATENT    GROUP  INC,56585W401,27,14016,,
SUNESIS    PHARMACEUTICALS         INC,867328874,26,20757,,
ARC   DOCUMENT    SOLUTIONS      INC,00191G103,25,27785,,
MILESTONE   SCIENTIFIC        INC,59935P209,25,18052,,MLSS
REGULUS     THERAPEUTICS       INC,75915K200,25,49497,,
FERROGLOBE      PLC,G33856108,24,36207,,GSM
J    JILL      INC,46620W102,24,44149,,
MY   SIZE   INC,62844N208,24,22900,,
NATIONAL  HOLDINGS       CORP,636375206,23,10848,,
SALARIUS      PHARMACEUTICALS       INC,79400X107,23,27163,,
IZEA       WORLDWIDE       INC,46604H105,22,21817,,
MILLENDO   THERAPEUTICS          INC,60040X103,22,13628,,
SINTX   TECHNOLOGIES    INC,829392307,21,11101,,
TARGET  HOSPITALITY          CORP,87615L107,21,17049,,TH
BAYTEX   ENERGY     CORP,07317Q105,20,57483,,BTE
CLEVELAND    BIOLABS   INC,185860202,20,10267,,
NABRIVA    THERAPEUTICS       PLC,G63637105,20,38143,,
OASIS   PETROLEUM    INC,674215108,20,70933,,
SECOND    SIGHT  MED   PRODS   INC,81362J209,20,22810,,
SUPPORT   COM   INC,86858W200,20,11251,,
AILERON    THERAPEUTICS       INC,00887A105,19,14875,,
DESTINATION     XL   GROUP   INC,25065K104,19,73484,,
TASEKO  MINES     LTD,876511106,18,17028,,
UNITED  STATES       ANTIMONY       CORP,911549103,17,59314,,UAMY
ACORDA   THERAPEUTICS       INC,00484M106,16,31691,,
ADAMIS   PHARMACEUTICALS         CORP,00547W208,16,20017,,
VERTEX   ENERGY   INC,92534K107,16,31072,,
CINEDIGM     CORP,172406209,15,27067,,
DIFFUSION     PHARMACEUTICALS          IN,253748305,14,16600,,
TOUGHBUILT     INDS    INC,89157G504,14,20773,,
CASTOR   MARITIME       INC,Y1146L109,13,85063,,CTRM
CRESCENT     PT     ENERGY     CORP,22576C101,13,10310,,
9F   INC,65442R109,12,12850,,JFU
CHF   SOLUTIONS       INC,12542Q706,12,40160,,
DENISON   MINES     CORP,248356107,12,29141,,DNN
SUNDIAL    GROWERS  INC,86730L109,12,51826,,
AIKIDO    PHARMA    INC,008875106,11,17926,,
PACIFIC     DRILLING            SA     LUXEMBOU,L7257P205,11,46862,,
TRANSGLOBE    ENERGY    CORP,893662106,11,25755,,
AMPIO   PHARMACEUTICALS   INC,03209T109,10,10199,,
REEDS   INC,758338107,10,10909,,
HEXO   CORP,428304109,9,13856,,
U    S  WELL  SVCS  INC,91274U101,9,34079,,
BORR   DRILLING  LTD,G1466R207,8,13661,,BORR
GLOBALSTAR     INC,378973408,8,27170,,
NEOS     THERAPEUTICS  INC,64052L106,8,15770,,
BIOLASE   INC,090911207,4,13406,,
ENSERVCO     CORP,29358Y102,3,16882,,
GLOBUS   MARITIME     LIMITED      NEW,Y27265407,1,11184,,
