name_of_issuer,cusip,value_usd_thousands,shares,put_call,ticker
APPLE INC,037833100,5426860,39268161,,AAPL
SPDR S&P 500 ETF TR,78462F103,4447726,12452338,,
MICROSOFT CORP,594918104,4151389,17824769,,MSFT
FLEXSHARES TR,33939L407,3691603,98207052,,
AMAZON COM INC,023135106,2298161,20337707,,AMZN
VANGUARD INDEX FDS,922908769,1612213,8983189,,
FLEXSHARES TR,33939L795,1524475,33380238,,
ALPHABET INC,02079K107,1428906,14861221,,GOOGN
ALPHABET INC,02079K305,1358461,14202414,,GOOGN
UNITEDHEALTH GROUP INC,91324P102,1271380,2517384,,UNH
JOHNSON & JOHNSON,478160104,1258308,7702668,,JNJ
TESLA INC,88160R101,1203640,4537757,,
ISHARES TR,464287465,1118311,19966269,,
PROCTER AND GAMBLE CO,742718109,1058449,8383758,,
VANGUARD TAX-MANAGED FDS,921943858,1047891,28819886,,
HOME DEPOT INC,437076102,1004983,3642036,,
JPMORGAN CHASE & CO,46625H100,975607,9335956,,JPM-PM
BERKSHIRE HATHAWAY INC DEL,084670702,974680,3650212,,BRK-A
ISHARES TR,464287200,960424,2677887,,
EXXON MOBIL CORP,30231G102,938124,10744754,,
FLEXSHARES TR,33939L100,874511,6324206,,
CHEVRON CORP NEW,166764100,858025,5972193,,CVX
ISHARES TR,464288372,811828,19407796,,
ISHARES TR,464287614,793302,3770449,,
VANGUARD INTL EQUITY INDEX F,922042858,764705,20956559,,
ABBVIE INC,00287Y109,757346,5642995,,ABBV
PEPSICO INC,713448108,746057,4569748,,PEP
LILLY ELI & CO,532457108,733965,2269879,,
VANGUARD INTL EQUITY INDEX F,922042775,733887,16543880,,
ABBOTT LABS,002824100,728867,7532726,,
VISA INC,92826C839,690249,3885445,,V
ACCENTURE PLC IRELAND,G1151C101,681389,2648229,,
MERCK & CO INC,58933Y105,678472,7878218,,
META PLATFORMS INC,30303M102,677743,4995155,,
PFIZER INC,717081103,659466,15070075,,PFE
MASTERCARD INCORPORATED,57636Q104,653446,2298116,,
ISHARES TR,464287507,650489,2966748,,
MCDONALDS CORP,580135101,649222,2813652,,MCD
COSTCO WHSL CORP NEW,22160K105,625131,1323673,,
DANAHER CORPORATION,235851102,617662,2391349,,
NVIDIA CORPORATION,67066G104,612629,5046784,,NVDA
FLEXSHARES TR,33939L860,578057,12234001,,
COCA COLA CO,191216100,574429,10253996,,KO
ISHARES TR,464287655,571906,3467778,,
ISHARES TR,464287804,543787,6236809,,
CISCO SYS INC,17275R102,520661,13016536,,
ISHARES TR,464287499,509740,8201764,,
DISNEY WALT CO,254687106,503943,5342337,,
BROADCOM INC,11135F101,491041,1105923,,AVGO
NEXTERA ENERGY INC,65339F101,476768,6080454,,NEE-PS
SALESFORCE INC,79466L302,473786,3293841,,
TEXAS INSTRS INC,882508104,465441,3007114,,
ISHARES TR,464287622,457473,2318316,,
BRISTOL-MYERS SQUIBB CO,110122108,452256,6361738,,
UNITED PARCEL SERVICE INC,911312106,450217,2787030,,UPS
WALMART INC,931142103,445622,3435787,,WMT
STARBUCKS CORP,855244109,444957,5280761,,SBUX
BK OF AMERICA CORP,060505104,439364,14548492,,
ISHARES TR,464287598,434133,3192387,,
NIKE INC,654106103,432659,5205237,,
SPDR INDEX SHS FDS,78463X541,424564,8583993,,
SPDR S&P MIDCAP 400 ETF TR,78467Y107,417529,1039508,,
ISHARES TR,464287234,410038,11755690,,
AMGEN INC,031162100,409034,1814704,,AMGN
AUTOMATIC DATA PROCESSING IN,053015103,390809,1727792,,
AMERICAN TOWER CORP NEW,03027X100,386680,1801023,,
THERMO FISHER SCIENTIFIC INC,883556102,381958,753086,,TMO
CVS HEALTH CORP,126650100,380741,3992248,,CVS
ADOBE SYSTEMS INCORPORATED,00724F101,377493,1371703,,
VERIZON COMMUNICATIONS INC,92343V104,376067,9904328,,VZ
QUALCOMM INC,747525103,368155,3258582,,
LOWES COS INC,548661107,364333,1939901,,
BLACKROCK INC,09247X101,363397,660385,,
MONDELEZ INTL INC,609207105,346067,6311640,,
ORACLE CORP,68389X105,337964,5534038,,ORCL-PD
ISHARES TR,464287168,329056,3068981,,
MEDTRONIC PLC,G5960L103,300114,3716577,,MDT
RAYTHEON TECHNOLOGIES CORP,75513E101,299485,3658508,,
WELLS FARGO CO NEW,949746101,295064,7336248,,
AMERICAN EXPRESS CO,025816109,294990,2186572,,AXP
HONEYWELL INTL INC,438516106,293833,1759795,,
COMCAST CORP NEW,20030N101,293172,9995620,,CCZ
EATON CORP PLC,G29183103,287779,2157913,,ETN
CONOCOPHILLIPS,20825C104,287643,2810656,,COP
UNION PAC CORP,907818108,279413,1434209,,
DEERE & CO,244199105,272850,817185,,DE
INTERNATIONAL BUSINESS MACHS,459200101,267164,2248666,,
LINDE PLC,G5494J103,262406,973352,,LIN
LOCKHEED MARTIN CORP,539830109,262032,678330,,LMT
INTEL CORP,458140100,261500,10147443,,INTC
NETFLIX INC,64110L106,259748,1103243,,NFLX
FLEXSHARES TR,33939L803,259313,5017673,,
US BANCORP DEL,902973304,258249,6404984,,
MARSH & MCLENNAN COS INC,571748102,257861,1727250,,
TJX COS INC NEW,872540109,255444,4112108,,
PAYPAL HLDGS INC,70450Y103,252362,2932061,,
SCHWAB CHARLES CORP,808513105,247177,3439227,,SCHW-PJ
PHILIP MORRIS INTL INC,718172109,244291,2942908,,
ANALOG DEVICES INC,032654105,242388,1739540,,ADI
NORFOLK SOUTHN CORP,655844108,239947,1144512,,
CATERPILLAR INC,149123101,239004,1456633,,CAT
AIR PRODS & CHEMS INC,009158106,237030,1018478,,
PNC FINL SVCS GROUP INC,693475105,234800,1571412,,
INTUIT,461202103,234760,606114,,
TRUIST FINL CORP,89832Q109,230569,5295561,,
INTERCONTINENTAL EXCHANGE IN,45866F104,230522,2551435,,
AT&T INC,00206R102,224878,14659578,,T-PC
MORGAN STANLEY,617446448,224628,2843031,,MS-PQ
GILEAD SCIENCES INC,375558103,223599,3624552,,
BERKSHIRE HATHAWAY INC DEL,084670108,219494,540,,BRK-A
ELEVANCE HEALTH INC,036752103,218594,481231,,
CROWN CASTLE INC,22822V101,213243,1475217,,CCI
GOLDMAN SACHS GROUP INC,38141G104,212058,723625,,GS-PD
S&P GLOBAL INC,78409V104,211448,692478,,SPGI
PROLOGIS INC.,74340W103,209619,2063176,,
ISHARES TR,464287689,209410,1011446,,
ILLINOIS TOOL WKS INC,452308109,207241,1147195,,
TARGET CORP,87612E106,203630,1372261,,TGT
3M CO,88579Y101,203626,1842770,,MMM
EMERSON ELEC CO,291011104,198934,2716941,,
CIGNA CORP NEW,125523100,197760,712725,,
CITIGROUP INC,172967424,194113,4658338,,C-PR
AON PLC,G0403H108,186598,696600,,AON
ZOETIS INC,98978V103,186376,1256833,,ZTS
SPDR SER TR,78464A607,185933,2206654,,
ADVANCED MICRO DEVICES INC,007903107,184068,2905117,,AMD
COLGATE PALMOLIVE CO,194162103,178742,2544368,,CL
APPLIED MATLS INC,038222105,177595,2167648,,
SERVICENOW INC,81762P102,175095,463693,,
ACTIVISION BLIZZARD INC,00507V109,174994,2353972,,
DUKE ENERGY CORP NEW,26441C204,172656,1856120,,DUK-PA
VERTEX PHARMACEUTICALS INC,92532F100,172362,595296,,
SEMPRA,816851109,170884,1139685,,SREA
GRAINGER W W INC,384802104,168589,344629,,
NOVARTIS AG,66987V109,165973,2183569,,NVSEF
PROGRESSIVE CORP,743315103,165969,1428179,,
PAYCHEX INC,704326107,164306,1464272,,PAYX
SOUTHERN CO,842587107,163801,2408835,,SOMN
FLEXSHARES TR,33939L787,161498,3224162,,
CHUBB LIMITED,H1467J104,160669,883379,,
GENERAL MLS INC,370334104,160413,2093892,,
DIMENSIONAL ETF TRUST,25434V724,160391,5416793,,
STRYKER CORPORATION,863667101,159203,786032,,SYK
ASML HOLDING N V,N07059210,157887,380129,,
REGENERON PHARMACEUTICALS,75886F107,156650,227402,,
AUTODESK INC,052769106,155668,833342,,
NOVO-NORDISK A S,670100205,155468,1560455,,
GENERAL DYNAMICS CORP,369550108,153461,723292,,GD
ALTRIA GROUP INC,02209S103,151777,3758707,,
EOG RES INC,26875P101,149416,1337297,,
FLEXSHARES TR,33939L837,148984,8369882,,
T-MOBILE US INC,872590104,148885,1109674,,
BOEING CO,097023105,148139,1223482,,BA-PA
FLEXSHARES TR,33939L845,147473,3210822,,
MICROCHIP TECHNOLOGY INC.,595017104,146924,2407402,,MCHPP
BECTON DICKINSON & CO,075887109,145660,653682,,BDX
DOLLAR GEN CORP NEW,256677105,144640,603017,,
LAUDER ESTEE COS INC,518439104,143581,665033,,
ASTRAZENECA PLC,046353108,143139,2610122,,AZN
SELECT SECTOR SPDR TR,81369Y803,143059,1204407,,
ALLSTATE CORP,020002101,141709,1137952,,ALL-PB
DOMINION ENERGY INC,25746U109,140630,2034871,,
INTUITIVE SURGICAL INC,46120E602,139859,746156,,ISRG
FIDELITY NATL INFORMATION SV,31620M106,138526,1833079,,
REALTY INCOME CORP,756109104,138124,2373266,,O
SCHLUMBERGER LTD,806857108,137836,3839431,,
GENERAL ELECTRIC CO,369604301,136886,2211041,,GE
PRINCIPAL FINANCIAL GROUP IN,74251V102,136552,1892608,,
NORTHROP GRUMMAN CORP,666807102,136524,290280,,
ISHARES TR,46435G425,135786,1709933,,
WEC ENERGY GROUP INC,92939U106,135567,1515898,,
CUMMINS INC,231021106,133242,654721,,CMI
AMERICAN WTR WKS CO INC NEW,030420103,132550,1018364,,
CSX CORP,126408103,132288,4965768,,CSX
CME GROUP INC,12572Q105,129974,733775,,CME
SYSCO CORP,871829107,128718,1820359,,SYY
TRAVELERS COMPANIES INC,89417E109,128484,838669,,
WASTE MGMT INC DEL,94106L109,128465,801853,,
HUMANA INC,444859102,128194,264214,,HUM
ISHARES TR,46435G516,128061,2281515,,
BOOKING HOLDINGS INC,09857L108,127942,77861,,BKNG
FLEXSHARES TR,33939L308,127844,3010209,,
RESMED INC,761152107,127256,582939,,RSMDF
FISERV INC,337738108,127209,1359509,,FISV
METLIFE INC,59156R108,126679,2084229,,MET-PF
CANADIAN PAC RY LTD,13645T100,126115,1890211,,
SELECT SECTOR SPDR TR,81369Y506,124736,1731961,,
KEURIG DR PEPPER INC,49271V100,122392,3416865,,KDP
MCKESSON CORP,58155Q103,121647,357922,,MCK
SYNOPSYS INC,871607107,121645,398169,,SNPS
TAIWAN SEMICONDUCTOR MFG LTD,874039100,120928,1763828,,
MARATHON PETE CORP,56585A102,120024,1208332,,
PALO ALTO NETWORKS INC,697435105,119535,729805,,PANW
DIMENSIONAL ETF TRUST,25434V807,119158,4625692,,
KIMBERLY-CLARK CORP,494368103,117605,1045004,,
OREILLY AUTOMOTIVE INC,67103H107,116493,165626,,
PHILLIPS 66,718546104,116158,1439028,,PSX
KLA CORP,482480100,115347,381147,,KLAC
HERSHEY CO,427866108,114099,517526,,HSY
BIOGEN INC,09062X103,112971,423112,,BIIB
NUCOR CORP,670346105,111966,1046511,,NUE
ARCHER DANIELS MIDLAND CO,039483102,110972,1379397,,
AGILENT TECHNOLOGIES INC,00846U101,108547,893020,,
LAM RESEARCH CORP,512807108,108326,295972,,LRCX
OCCIDENTAL PETE CORP,674599105,108008,1757651,,
CORTEVA INC,22052L104,107047,1873084,,
CHIPOTLE MEXICAN GRILL INC,169656105,106980,71189,,CMG
MICRON TECHNOLOGY INC,595112103,106112,2117995,,MU
WILLIAMS COS INC,969457100,104017,3633164,,
BOSTON SCIENTIFIC CORP,101137107,103482,2671882,,BSX
AUTOZONE INC,053332102,103115,48141,,AZO
SHERWIN WILLIAMS CO,824348106,103082,503454,,SHW
PUBLIC STORAGE,74460D109,102337,349499,,PSA-PS
PIONEER NAT RES CO,723787107,101837,470314,,
AFLAC INC,001055102,101588,1807612,,AFL
CADENCE DESIGN SYSTEM INC,127387108,100851,617088,,
EDWARDS LIFESCIENCES CORP,28176E108,99724,1206872,,EW
ISHARES TR,464287630,98729,765757,,
VANGUARD INDEX FDS,922908363,98575,300258,,
METTLER TOLEDO INTERNATIONAL,592688105,98037,90430,,
ECOLAB INC,278865100,97697,676478,,ECL
SHELL PLC,780259305,97525,1959908,,RYDAF
BAXTER INTL INC,071813109,97369,1807820,,
EPAM SYS INC,29414B104,95611,263981,,
AMERIPRISE FINL INC,03076C106,95087,377403,,
CORNING INC,219350105,94831,3267786,,
ATLASSIAN CORP PLC,G06242104,94557,449010,,
AIRBNB INC,009066101,94033,895216,,
ALCON AG,H01301128,93829,1612740,,
KEYSIGHT TECHNOLOGIES INC,49338L103,93506,594219,,
AMERICAN ELEC PWR CO INC,025537101,91296,1056056,,
UNILEVER PLC,904767704,91260,2081670,,UNLYF
DOW INC,260557103,91178,2075534,,DOW
ISHARES INC,46434G764,90400,2041558,,
CLOROX CO DEL,189054109,90394,704056,,
VALERO ENERGY CORP,91913Y100,89845,840854,,
EQUINIX INC,29444U700,89695,157680,,EQIX
EXELON CORP,30161N101,89349,2385193,,EXC
AMERISOURCEBERGEN CORP,03073E105,88589,654611,,
DEVON ENERGY CORP NEW,25179M103,87871,1461354,,
PRUDENTIAL FINL INC,744320102,86807,1011971,,
AMERICAN INTL GROUP INC,026874784,86800,1828129,,
MOTOROLA SOLUTIONS INC,620076307,86416,385837,,
REPUBLIC SVCS INC,760759100,86416,635228,,
KROGER CO,501044101,86031,1966434,,KR
COGNIZANT TECHNOLOGY SOLUTIO,192446102,84296,1467556,,
FORD MTR CO DEL,345370860,84166,7514856,,
MASCO CORP,574599106,83656,1791736,,
ISHARES TR,464287648,83500,404183,,
GLOBAL PMTS INC,37940X102,83448,772312,,
EVERSOURCE ENERGY,30040W108,83320,1068759,,ES
CBRE GROUP INC,12504L109,83103,1230968,,
CAPITAL ONE FINL CORP,14040H105,82840,898773,,
ZIMMER BIOMET HOLDINGS INC,98956P102,82357,787727,,
DOLLAR TREE INC,256746108,82287,604605,,
KELLOGG CO,487836108,82181,1179752,,
FLEXSHARES TR,33939L688,82092,747936,,
FREEPORT-MCMORAN INC,35671D857,81970,2999280,,FCX
BLACKSTONE INC,09260D107,81697,976074,,BX
COTERRA ENERGY INC,127097103,81399,3116360,,
KINDER MORGAN INC DEL,49456B101,80778,4854451,,
GENERAL MTRS CO,37045V100,80635,2512790,,
MOODYS CORP,615369105,80234,330030,,
FASTENAL CO,311900104,80200,1741958,,FAST
XCEL ENERGY INC,98389B100,79920,1248746,,XELLL
ABB LTD,000375204,79816,3110503,,ABLZF
ALBEMARLE CORP,012653101,79349,300064,,ALB-PA
MARRIOTT INTL INC NEW,571903202,78946,563334,,
AMPHENOL CORP NEW,032095101,78487,1172143,,
KRAFT HEINZ CO,500754106,78484,2353332,,KHC
FEDEX CORP,31428X106,78091,525971,,FDX
CONSOLIDATED EDISON INC,209115104,77862,907901,,ED
LULULEMON ATHLETICA INC,550021109,77831,278407,,LULU
GARTNER INC,366651107,77830,281288,,IT
ELECTRONIC ARTS INC,285512109,77819,672534,,EA
CENTENE CORP DEL,15135B101,77303,993479,,CNC
ROPER TECHNOLOGIES INC,776696106,76681,213217,,ROP
CARRIER GLOBAL CORPORATION,14448C104,76230,2143701,,CARR
DUPONT DE NEMOURS INC,26614N102,76174,1511392,,
ROSS STORES INC,778296103,76081,902824,,
TRANE TECHNOLOGIES PLC,G8994E103,75861,523864,,TT
STERIS PLC,G8473T100,75320,452972,,STE
PARKER-HANNIFIN CORP,701094104,75097,309922,,PH
ISHARES INC,46434G863,75042,2712050,,
HCA HEALTHCARE INC,40412C101,74844,407223,,
SPDR GOLD TR,78463V107,74615,482415,,
D R HORTON INC,23331A109,74177,1101369,,
ILLUMINA INC,452327109,73805,386840,,
INVESCO QQQ TR,46090E103,73093,273492,,
VANGUARD INTL EQUITY INDEX F,922042742,72302,916610,,
CHARTER COMMUNICATIONS INC N,16119P108,72180,237944,,
BEST BUY INC,086516101,72153,1139136,,
YUM BRANDS INC,988498101,72120,678200,,YUM
HESS CORP,42809H107,71851,659241,,
FORTIVE CORP,34959J108,70575,1210541,,FTV
DISCOVER FINL SVCS,254709108,70459,774961,,
FERRARI N V,N3167Y103,70424,380669,,
L3HARRIS TECHNOLOGIES INC,502431109,70237,337953,,
JOHNSON CTLS INTL PLC,G51502105,70000,1422185,,
NEWMONT CORP,651639106,69573,1655320,,
OTIS WORLDWIDE CORP,68902V107,69456,1088650,,OTIS
CINTAS CORP,172908105,69339,178622,,CTAS
ANSYS INC,03662Q105,69160,311953,,
BANK NEW YORK MELLON CORP,064058100,69147,1795099,,
PUBLIC SVC ENTERPRISE GRP IN,744573106,69063,1228219,,
HP INC,40434L105,67796,2720538,,HPQ
DOVER CORP,260003108,67620,580033,,DOV
TE CONNECTIVITY LTD,H84989104,67488,611526,,
MONSTER BEVERAGE CORP NEW,61174X109,67424,775350,,MNST
CONSTELLATION BRANDS INC,21036P108,66941,291452,,
TWITTER INC,90184L102,66839,1524622,,
STATE STR CORP,857477103,66461,1092937,,
SBA COMMUNICATIONS CORP NEW,78410G104,66142,232362,,SBAC
ICON PLC,G4705A100,65285,355235,,ICLR
FLEXSHARES TR,33939L696,65133,758097,,
MODERNA INC,60770K107,64652,546742,,
EBAY INC.,278642103,63550,1726444,,EBAY
PACCAR INC,693718108,63116,754170,,PCAR
EQUITY RESIDENTIAL,29476L107,63097,938657,,EQR
CONSTELLATION ENERGY CORP,21037T109,62850,755499,,CEG
ALIBABA GROUP HLDG LTD,01609W102,62359,779582,,
ISHARES TR,464288273,62235,1275838,,
WELLTOWER INC,95040Q104,61694,959166,,WELL
LENNAR CORP,526057104,61356,823021,,
BHP GROUP LTD,088606108,61061,1220243,,BHPLF
DEXCOM INC,252131107,60219,747688,,DXCM
CARDINAL HEALTH INC,14149Y108,60179,902500,,CAH
V F CORP,918204108,59743,1997431,,VFC
RAYMOND JAMES FINL INC,754730109,59479,601890,,
SMUCKER J M CO,832696405,59433,432520,,
DIAMONDBACK ENERGY INC,25278X109,59250,491862,,
GALLAGHER ARTHUR J & CO,363576109,59045,344851,,
ENPHASE ENERGY INC,29355A107,58960,212491,,
M & T BK CORP,55261F104,58750,333203,,
TOYOTA MOTOR CORP,892331307,58743,450865,,
DIGITAL RLTY TR INC,253868103,58698,591829,,
CONAGRA BRANDS INC,205887102,58629,1796786,,CAG
SIMON PPTY GROUP INC NEW,828806109,58555,652424,,
IQVIA HLDGS INC,46266C105,57946,319894,,
CHURCH & DWIGHT CO INC,171340102,57908,810577,,
IDEXX LABS INC,45168D104,57810,177441,,
SAP SE,803054204,57763,710933,,SAPGF
WATERS CORP,941848103,57659,213925,,
VERISK ANALYTICS INC,92345Y106,56801,333083,,
AVALONBAY CMNTYS INC,053484101,56612,307359,,
DARDEN RESTAURANTS INC,237194105,56324,445880,,DRI
WALGREENS BOOTS ALLIANCE INC,931427108,55720,1774514,,
CONTINENTAL RES INC,212015101,55604,832274,,
TRACTOR SUPPLY CO,892356106,55042,296114,,
TYSON FOODS INC,902494103,54707,829776,,
NORTHERN TR CORP,665859104,54585,637979,,
VICI PPTYS INC,925652109,54423,1823213,,
FORTINET INC,34959E109,54093,1101016,,
HOLOGIC INC,436440101,54093,838384,,
MARATHON OIL CORP,565849106,54007,2391812,,
ONEOK INC NEW,682680103,53703,1048071,,
EDISON INTL,281020107,53567,946740,,
EXPEDITORS INTL WASH INC,302130109,53438,605117,,
XYLEM INC,98419M100,52884,605358,,XYL
GENUINE PARTS CO,372460105,52881,354143,,GPC
ISHARES GOLD TR,464285204,52878,1677063,,
ROCKWELL AUTOMATION INC,773903109,52766,245297,,
TRANSDIGM GROUP INC,893641100,52748,100507,,TDG
SKYWORKS SOLUTIONS INC,83088M102,52503,615732,,
PPG INDS INC,693506107,52176,471374,,
MSCI INC,55354G100,51722,122626,,MSCI
ISHARES TR,46435U663,50800,1656331,,
HILTON WORLDWIDE HLDGS INC,43300A203,50678,420143,,
OLD DOMINION FREIGHT LINE IN,679580100,50677,203710,,
ALEXANDRIA REAL ESTATE EQ IN,015271109,50673,361457,,
ISHARES TR,464287705,50610,562331,,
SELECT SECTOR SPDR TR,81369Y605,50135,1651335,,
LABORATORY CORP AMER HLDGS,50540R409,49838,243337,,
WEYERHAEUSER CO MTN BE,962166104,49718,1740841,,
PRICE T ROWE GROUP INC,74144T108,49579,472138,,TROW
ON SEMICONDUCTOR CORP,682189105,49479,793826,,ON
DTE ENERGY CO,233331107,49471,429995,,DTG
ISHARES TR,464287606,49079,778777,,
ISHARES TR,46429B598,49012,1201875,,
COSTAR GROUP INC,22160N109,48945,702731,,
SELECT SECTOR SPDR TR,81369Y209,48900,403762,,
CMS ENERGY CORP,125896100,48850,838766,,CMS-PC
FLEXSHARES TR,33939L746,48808,1230977,,
CINCINNATI FINL CORP,172062101,48626,542881,,
HALLIBURTON CO,406216101,48544,1971744,,HAL
HARTFORD FINL SVCS GROUP INC,416515104,48426,781827,,
CITIZENS FINL GROUP INC,174610105,48195,1402635,,
SNAP ON INC,833034101,47821,237502,,
AMETEK INC,031100100,47524,419050,,
ENBRIDGE INC,29250N105,47462,1279299,,ENBNF
ARISTA NETWORKS INC,040413106,47328,419237,,
DIAGEO PLC,25243Q205,47225,278106,,DGEAF
MARTIN MARIETTA MATLS INC,573284106,47209,146571,,
NXP SEMICONDUCTORS N V,N6596X109,47206,320016,,
FIFTH THIRD BANCORP,316773100,46917,1467984,,FITB-PK
AMEREN CORP,023608102,46732,580156,,AEE
ENTERGY CORP NEW,29364G103,46675,463832,,
REGIONS FINANCIAL CORP NEW,7591EP100,46587,2321246,,RF-PF
TOTALENERGIES SE,89151E109,46148,991996,,TTE
ROYAL BK CDA,780087102,46028,511197,,
WEST PHARMACEUTICAL SVSC INC,955306105,45610,185345,,
ATMOS ENERGY CORP,049560105,45246,444244,,ATO
VERISIGN INC,92343E102,44612,256836,,
BP PLC,055622104,44314,1552137,,BPPFF
CANADIAN NATL RY CO,136375102,44083,408215,,
AKAMAI TECHNOLOGIES INC,00971T101,44012,547957,,AKAM
UBER TECHNOLOGIES INC,90353T100,43839,1654290,,
WARNER BROS DISCOVERY INC,934423104,43822,3810628,,
SONY GROUP CORPORATION,835699307,43754,683116,,SNEJF
KEYCORP,493267108,43505,2715665,,
LYONDELLBASELL INDUSTRIES N,N53745100,43358,575960,,
BROADRIDGE FINL SOLUTIONS IN,11133T103,43207,299385,,
WILLIS TOWERS WATSON PLC LTD,G96629103,43182,214898,,WTW
ALIGN TECHNOLOGY INC,016255101,42191,203714,,ALGN
CF INDS HLDGS INC,125269100,41750,433770,,
MCCORMICK & CO INC,579780206,41737,585612,,MKC-V
COPART INC,217204106,41555,390550,,CPRT
EVERGY INC,30034W106,40880,688208,,
PPL CORP,69351T106,40831,1610701,,PPLC
TORONTO DOMINION BK ONT,891160509,40824,665643,,
CBOE GLOBAL MKTS INC,12503M108,40586,345792,,
SANOFI,80105N105,40554,1066661,,SNYNF
CDW CORP,12514G108,40263,257967,,CDW
VULCAN MATLS CO,929160109,40203,254915,,
SNOWFLAKE INC,833445109,40193,236484,,SNOW
RIO TINTO PLC,767204100,40099,728272,,RTPPF
CENTERPOINT ENERGY INC,15189T107,40048,1421166,,CNP
MID-AMER APT CMNTYS INC,59522J103,40047,258253,,
ULTA BEAUTY INC,90384S303,40028,99773,,
MOSAIC CO NEW,61945C103,39621,819811,,MOS
FERGUSON PLC NEW,G3421J106,39520,383947,,
DUKE REALTY CORP,264411505,39437,818204,,
ESSEX PPTY TR INC,297178105,39383,162585,,
AES CORP,00130H105,38821,1717734,,AES
INVITATION HOMES INC,46187W107,38494,1139890,,INVH
MOLINA HEALTHCARE INC,60855R100,38304,116129,,
OMNICOM GROUP INC,681919106,38195,605410,,OMC
TAKE-TWO INTERACTIVE SOFTWAR,874054109,38132,349839,,
EQUIFAX INC,294429105,38097,222231,,EFX
FIRST REP BK SAN FRANCISCO C,33616C100,37990,291001,,
HEWLETT PACKARD ENTERPRISE C,42824C109,37968,3169306,,
BRITISH AMERN TOB PLC,110448107,37946,1068904,,
SYNCHRONY FINANCIAL,87165B103,37688,1336929,,SYF-PB
QUEST DIAGNOSTICS INC,74834L100,37141,302725,,DGX
SVB FINANCIAL GROUP,78486Q101,37082,110436,,
BOSTON PROPERTIES INC,101121101,36838,491364,,
INTERNATIONAL FLAVORS&FRAGRA,459506101,36757,404674,,
CITRIX SYS INC,177376100,36744,353651,,
EXTRA SPACE STORAGE INC,30225T102,36635,212119,,EXR
APTIV PLC,G6095L109,36575,467649,,APTV
SELECT SECTOR SPDR TR,81369Y407,36520,256370,,
HENRY JACK & ASSOC INC,426281101,36493,200212,,
INTERPUBLIC GROUP COS INC,460690100,36341,1419553,,
HUNTINGTON BANCSHARES INC,446150104,36286,2753101,,
PACKAGING CORP AMER,695156109,36020,320774,,
KKR & CO INC,48251W104,35847,833662,,
BAKER HUGHES COMPANY,05722G100,35542,1695713,,
UNITED RENTALS INC,911363109,35525,131516,,
HSBC HLDGS PLC,404280406,35369,1356686,,
RELX PLC,759530108,34963,1438226,,RLXXF
HEALTHPEAK PROPERTIES INC,42250P103,34920,1523553,,
VENTAS INC,92276F100,34246,852529,,
NETAPP INC,64110D104,34020,550033,,
GSK PLC,37733W204,33833,1149617,,GLAXF
LKQ CORP,501889208,33204,704216,,LKQ
HOST HOTELS & RESORTS INC,44107P104,33050,2081249,,
LOEWS CORP,540424108,32947,661047,,L
FIRSTENERGY CORP,337932107,32815,886880,,FE
ALLIANT ENERGY CORP,018802108,32628,615736,,LNT
FMC CORP,302491303,32570,308136,,FMC
JACOBS SOLUTIONS INC,46982L108,32397,298617,,J
VANGUARD WORLD FDS,92204A702,32357,105271,,
CROWDSTRIKE HLDGS INC,22788C105,32335,196194,,
QUANTA SVCS INC,74762E102,32322,253728,,
NORTONLIFELOCK INC,668771108,31974,1587579,,
INTERNATIONAL PAPER CO,460146103,31784,1002637,,
PERKINELMER INC,714046109,31559,262271,,
CHENIERE ENERGY INC,16411R208,31523,189998,,
SOUTHWEST AIRLS CO,844741108,31447,1019686,,
MONOLITHIC PWR SYS INC,609839105,31293,86113,,
SEAGATE TECHNOLOGY HLDNGS PL,G7997R103,31201,586148,,
INGERSOLL RAND INC,45687V106,31186,720889,,IR
NASDAQ INC,631103108,30655,540848,,
SEALED AIR CORP NEW,81211K100,30439,683870,,
HORMEL FOODS CORP,440452100,30339,667662,,
IRON MTN INC DEL,46284V101,30303,689184,,
ADVANCE AUTO PARTS INC,00751Y106,30170,192977,,AAP
ROBERT HALF INTL INC,770323103,30112,393616,,
PAYCOM SOFTWARE INC,70432V102,30092,91192,,
BROWN FORMAN CORP,115637209,29653,445448,,BF-B
EXPEDIA GROUP INC,30212P303,29598,315909,,
HUNT J B TRANS SVCS INC,445658107,29467,188382,,
FOX CORP,35137L105,29346,956518,,FOX
BROOKFIELD ASSET MGMT INC,112585104,29305,716671,,
EASTMAN CHEM CO,277432100,29258,411788,,
DELTA AIR LINES INC DEL,247361702,29098,1036991,,
MARVELL TECHNOLOGY INC,573874104,28974,675233,,
APA CORPORATION,03743Q108,28849,843774,,APA
CBIZ INC,124805102,28836,674051,,
COOPER COS INC,216648402,28823,109218,,
FACTSET RESH SYS INC,303075105,28611,71508,,
FLEXSHARES TR,33939L811,28592,1689859,,
GARMIN LTD,H2906T109,28361,353142,,GRMN
IDEX CORP,45167R104,28231,141260,,
INCYTE CORP,45337C102,28187,422975,,INCY
TEGNA INC,87901J105,28102,1358908,,
TERADYNE INC,880770102,28036,373063,,
SELECT SECTOR SPDR TR,81369Y704,27850,336191,,
TYLER TECHNOLOGIES INC,902252105,27761,79887,,TYL
BIO RAD LABS INC,090572207,27651,66286,,
CATALENT INC,148806102,27423,378977,,
DOCUSIGN INC,256163106,27385,512150,,
TEXTRON INC,883203101,27082,464851,,TXT
ZEBRA TECHNOLOGIES CORPORATI,989207105,27030,103164,,
CAMPBELL SOUP CO,134429109,26982,572628,,
THE TRADE DESK INC,88339J105,26672,446387,,
UDR INC,902653104,26525,635936,,
TEXAS PACIFIC LAND CORPORATI,88262P102,26371,14838,,
TRIMBLE INC,896239100,26263,483934,,TRMB
PARAMOUNT GLOBAL,92556H206,26178,1374914,,
ARCH CAP GROUP LTD,G0450A105,26122,573599,,
ABIOMED INC,003654100,26006,105860,,
LANDSTAR SYS INC,515098101,25853,179074,,
JD.COM INC,47215P106,25754,512007,,
TAPESTRY INC,876030107,25571,899436,,
ISHARES TR,464287309,25355,438291,,
WABTEC,929740108,25272,310660,,
SPDR INDEX SHS FDS,78463X863,25082,1040323,,
QORVO INC,74736K101,24782,312072,,
HENRY SCHEIN INC,806407102,24604,374091,,HSIC
NVR INC,62944T105,24580,6165,,NVR
INTER PARFUMS INC,458334109,24526,325015,,
AMCOR PLC,G0250X107,24482,2281641,,AMCCF
REINSURANCE GRP OF AMERICA I,759351604,24435,194224,,
EVEREST RE GROUP LTD,G3223R108,24411,93017,,
NIELSEN HLDGS PLC,G6518L108,24240,874465,,
AVERY DENNISON CORP,053611109,24196,148715,,AVY
TELEDYNE TECHNOLOGIES INC,879360105,24076,71343,,TDY
MITSUBISHI UFJ FINL GROUP IN,606822104,24036,5341272,,
STAG INDL INC,85254J102,24008,844448,,
SUN CMNTYS INC,866674104,23872,176401,,
LINCOLN NATL CORP IND,534187109,23860,543387,,
WORKDAY INC,98138H101,23735,155927,,
EMCOR GROUP INC,29084Q100,23669,204964,,
TAKEDA PHARMACEUTICAL CO LTD,874060205,23663,1824451,,TKPHF
UBS GROUP AG,H42097107,23596,1626159,,UBS
FIRST HAWAIIAN INC,32051X108,23510,954540,,
BALL CORP,058498106,23208,480300,,BALL
VALE S A,91912E105,22908,1719847,,
HOULIHAN LOKEY INC,441593100,22899,303779,,
REGENCY CTRS CORP,758849103,22780,423028,,
DENTSPLY SIRONA INC,24906P109,22764,802965,,XRAY
ENTEGRIS INC,29362U104,22584,272034,,ENTG
F5 INC,315616102,22512,155548,,
BIO-TECHNE CORP,09073M104,22265,78397,,TECH
ETSY INC,29786A106,22232,222031,,ETSY
C H ROBINSON WORLDWIDE INC,12541W209,22205,230559,,
INSIGHT ENTERPRISES INC,45765U103,22176,269096,,NSIT
ING GROEP N.V.,456837103,22058,2595110,,
MERCADOLIBRE INC,58733R102,21975,26547,,MELI
BLACK KNIGHT INC,09215C105,21897,338288,,
VIATRIS INC,92556V106,21758,2553783,,VTRS
MOLSON COORS BEVERAGE CO,60871R209,21730,452796,,TAP
UNIFIRST CORP MASS,904708104,21683,128888,,
WILLIAMS SONOMA INC,969904101,21623,183479,,WSM
WESTERN DIGITAL CORP.,958102105,21366,656396,,WDC
CARMAX INC,143130102,21338,323212,,KMX
VANGUARD SPECIALIZED FUNDS,921908844,21270,157370,,
BERKLEY W R CORP,084423102,21043,325842,,WRB-PH
ASSURANT INC,04621X108,21011,144632,,
COMMERCIAL METALS CO,201723103,20898,588997,,CMC
AMERICAN EQTY INVT LIFE HLD,025676206,20863,559473,,
BLOCK H & R INC,093671105,20850,490134,,
WP CAREY INC,92936U109,20706,296650,,
HOWMET AEROSPACE INC,443201108,20667,668172,,HWM
SELECTIVE INS GROUP INC,816300107,20658,253783,,
BANK MONTREAL QUE,063671101,20657,235698,,
ISHARES TR,46434V803,20657,691113,,
MANULIFE FINL CORP,56501R106,20630,1316541,,
PRUDENTIAL PLC,74435K204,20630,1035644,,PUKPF
STANLEY BLACK & DECKER INC,854502101,20599,273890,,
FLEETCOR TECHNOLOGIES INC,339041105,20533,116552,,
GATX CORP,361448103,20475,240457,,GATX
DOMINOS PIZZA INC,25754A201,20422,65836,,DPZ
BEACON ROOFING SUPPLY INC,073685109,20378,372402,,
GLOBE LIFE INC,37959E102,20335,203962,,GL-PD
ROLLINS INC,775711104,20333,586294,,ROL
VEEVA SYS INC,922475108,20320,123241,,
HORIZON THERAPEUTICS PUB L,G46188101,20295,327914,,
HASBRO INC,418056107,20230,300056,,
LAMB WESTON HLDGS INC,513272104,20174,260707,,
COMERICA INC,200340107,20169,283664,,
BROWN & BROWN INC,115236101,20081,332029,,
CHART INDS INC,16115Q308,20007,108529,,
SIRIUS XM HOLDINGS INC,82968B103,19948,3493510,,SIRI
WESTROCK CO,96145D105,19880,643564,,
POOL CORP,73278L105,19726,61989,,POOL
WHIRLPOOL CORP,963320106,19670,145908,,
ICICI BANK LIMITED,45104G104,19653,937192,,
NISOURCE INC,65473P105,19597,777969,,NI
SPLUNK INC,848637104,19442,258538,,
ALLEGION PLC,G0176J109,19430,216660,,ALLE
CVB FINL CORP,126600105,19349,764196,,
DXC TECHNOLOGY CO,23355L106,19300,788395,,DXC
WORLD WRESTLING ENTMT INC,98156Q108,19047,271440,,
LIBERTY BROADBAND CORP,530307305,19010,257593,,LBRDP
CANADIAN NAT RES LTD,136385101,18959,407097,,
BANCO BILBAO VIZCAYA ARGENTA,05946K101,18946,4257610,,
LIVE NATION ENTERTAINMENT IN,538034109,18933,248991,,
PULTE GROUP INC,745867101,18930,504811,,
MARKEL CORP,570535104,18889,17422,,
BARCLAYS PLC,06738E204,18873,2948943,,BCLYF
ROYAL CARIBBEAN GROUP,V7780T103,18847,497289,,
ARROW ELECTRS INC,042735100,18712,202968,,
FOMENTO ECONOMICO MEXICANO S,344419106,18698,297970,,
AGREE RLTY CORP,008492100,18583,274985,,
SOUTHSTATE CORPORATION,840441109,18557,234540,,
KIMCO RLTY CORP,49446R109,18549,1007573,,
ZIONS BANCORPORATION N A,989701107,18548,364686,,
TELEFLEX INCORPORATED,879369106,18518,91917,,
MOOG INC,615394202,18426,261922,,MOG-B
PERRIGO CO PLC,G97822103,18389,515679,,PRGO
LUMEN TECHNOLOGIES INC,550241103,18383,2525111,,
AMDOCS LTD,G02602103,18361,231106,,DOX
FLEXSHARES TR,33939L654,18294,394344,,
TERRENO RLTY CORP,88146M101,18275,344875,,
IRIDIUM COMMUNICATIONS INC,46269C102,18217,410574,,IRDM
CHARLES RIV LABS INTL INC,159864107,18174,92346,,
BANK NOVA SCOTIA HALIFAX,064149107,18005,378493,,
LEIDOS HOLDINGS INC,525327102,17998,205763,,
HALOZYME THERAPEUTICS INC,40637H109,17973,454563,,
CELANESE CORP DEL,150870103,17868,197788,,CE
NRG ENERGY INC,629377508,17786,464748,,
BLOCK INC,852234103,17762,323008,,
PTC INC,69370C100,17742,169614,,PTC
SUNCOR ENERGY INC NEW,867224107,17711,629160,,SU
STERICYCLE INC,858912108,17710,420554,,
TRITON INTL LTD,G9078F107,17677,322984,,
HUNTINGTON INGALLS INDS INC,446413106,17669,79771,,
MGM RESORTS INTERNATIONAL,552953101,17661,594246,,MGM
SUMITOMO MITSUI FINL GROUP I,86562M209,17647,3208462,,
VANGUARD INDEX FDS,922908553,17616,219728,,
LIVENT CORP,53814L108,17599,574199,,
CAMDEN PPTY TR,133131102,17598,147323,,
WASTE CONNECTIONS INC,94106B101,17522,129671,,
BUNGE LIMITED,G16962105,17473,211620,,
HEXCEL CORP NEW,428291108,17301,334519,,
FORTUNE BRANDS HOME & SEC IN,34964C106,17175,319894,,
PINTEREST INC,72352L106,17125,734996,,
SENSATA TECHNOLOGIES HLDG PL,G8060N102,17118,459176,,
ROYALTY PHARMA PLC,G7709Q104,17031,423877,,RPRX
BORGWARNER INC,099724106,17004,541532,,BWA
RENAISSANCERE HLDGS LTD,G7496G103,16911,120458,,
MATCH GROUP INC NEW,57667L107,16781,351436,,
INFOSYS LTD,456788108,16777,988619,,INFY
UNITED AIRLS HLDGS INC,910047109,16766,515408,,
FLEXSHARES TR,33939L613,16591,406194,,
SELECT SECTOR SPDR TR,81369Y852,16576,346118,,
VMWARE INC,928563402,16466,154667,,
NUTRIEN LTD,67077M108,16442,197190,,NTR
EQUITY LIFESTYLE PPTYS INC,29472R108,16378,260625,,
RPM INTL INC,749685103,16251,195064,,
INDEPENDENT BK CORP MASS,453836108,16248,218003,,
STIFEL FINL CORP,860630102,16202,312108,,
LLOYDS BANKING GROUP PLC,539439109,16143,9018279,,LLOBF
CIVITAS RESOURCES INC,17888H103,16134,281121,,
LUMENTUM HLDGS INC,55024U109,16110,234946,,
HELMERICH & PAYNE INC,423452101,16068,434626,,
LAS VEGAS SANDS CORP,517834107,16028,427194,,LVS
BLACK HILLS CORP,092113109,15938,235321,,
WOODWARD INC,980745103,15910,198230,,
HDFC BANK LTD,40415F101,15909,272328,,HDB
ALNYLAM PHARMACEUTICALS INC,02043Q107,15862,79246,,
BATH & BODY WORKS INC,070830104,15830,485597,,
ARCOSA INC,039653100,15816,276607,,
APOLLO GLOBAL MGMT INC,03769M106,15754,338805,,
SOLAREDGE TECHNOLOGIES INC,83417M104,15662,67664,,
HEALTHEQUITY INC,42226A107,15646,232925,,
UNITED CMNTY BKS BLAIRSVLE G,90984P303,15616,471774,,
HOME BANCSHARES INC,436893200,15590,692561,,HOMB
GENERAC HLDGS INC,368736104,15527,87163,,
KINSALE CAP GROUP INC,49714P108,15421,60377,,
QUALYS INC,74758T303,15406,110524,,
MCGRATH RENTCORP,580589109,15367,183243,,MGRC
ISHARES TR,46434V423,15359,374600,,
QIAGEN NV,N72482123,15293,370469,,
DORMAN PRODS INC,258278100,15262,185848,,
FRANKLIN RESOURCES INC,354613101,15260,709128,,BEN
HANCOCK WHITNEY CORPORATION,410120109,15254,332975,,HWCPZ
ALAMO GROUP INC,011311107,15236,124610,,ALG
OTTER TAIL CORP,689648103,15214,247305,,OTTR
SELECT SECTOR SPDR TR,81369Y886,15203,232064,,
HUBSPOT INC,443573100,15115,55955,,HUBS
AXONICS INC,05465P101,15106,214454,,
CARNIVAL CORP,143658300,15106,2148735,,CCL
LAKELAND FINL CORP,511656100,15070,206974,,
NORDSON CORP,655663102,15055,70922,,NDSN
ANHEUSER BUSCH INBEV SA/NV,03524A108,15038,332998,,
CNO FINL GROUP INC,12621E103,14978,833500,,
STEEL DYNAMICS INC,858119100,14970,210988,,STLD
CHECK POINT SOFTWARE TECH LT,M22465104,14964,133586,,
CERIDIAN HCM HLDG INC,15677J108,14948,267507,,
AMERICOLD REALTY TRUST INC,03064D108,14928,606816,,
COMMUNITY TR BANCORP INC,204149108,14827,365638,,
THOMSON REUTERS CORP.,884903709,14821,144430,,
UNIVERSAL HLTH SVCS INC,913903100,14788,167706,,
BAIDU INC,056752108,14777,125773,,
SMITH A O CORP,831865209,14712,302846,,AOS
FLEXSHARES TR,33939L506,14711,62920147,,
MATERION CORP,576690101,14700,183752,,MTRN
JUNIPER NETWORKS INC,48203R104,14698,562724,,
BCE INC,05534B760,14673,349864,,BCPPF
CRH PLC,12626K203,14652,454611,,
DATADOG INC,23804L103,14618,164652,,
MINERALS TECHNOLOGIES INC,603158106,14612,295723,,MTX
FAIR ISAAC CORP,303250104,14577,35379,,FICO
FIRST BANCORP P R,318672706,14557,1064079,,
TEXAS CAP BANCSHARES INC,88224Q107,14553,246542,,
SPDR DOW JONES INDL AVERAGE,78467X109,14541,50611,,
VANGUARD INDEX FDS,922908629,14515,77218,,
DIODES INC,254543101,14502,223413,,
CULLEN FROST BANKERS INC,229899109,14490,109589,,
ALLY FINL INC,02005N100,14467,519841,,
RALPH LAUREN CORP,751212101,14446,170089,,RL
NATIONAL GRID PLC,636274409,14373,278932,,NMKBP
POTLATCHDELTIC CORPORATION,737630103,14287,348112,,
ICU MED INC,44930G107,14231,94496,,
TARGA RES CORP,87612G101,14181,235026,,
EXPONENT INC,30214U102,14043,160177,,EXPO
JONES LANG LASALLE INC,48020Q107,14036,92908,,JLL
DAVITA INC,23918K108,14007,169231,,DVA
FIRST CTZNS BANCSHARES INC N,31946M103,13872,17396,,
PENTAIR PLC,G7S00T104,13856,341039,,PNR
HEICO CORP NEW,422806208,13848,120819,,HEI-A
CHANGE HEALTHCARE INC,15912K100,13833,503194,,
PNM RES INC,69349H107,13797,301695,,
VANGUARD INDEX FDS,922908744,13797,111735,,
CADENCE BANK,12740C103,13771,541945,,
CANADIAN IMPERIAL BK COMM TO,136069101,13705,313187,,
LANTHEUS HLDGS INC,516544103,13553,192700,,
AMBEV SA,02319V103,13548,4787248,,
EQUITABLE HLDGS INC,29452E101,13544,514006,,
AIR LEASE CORP,00912X302,13539,436594,,
MARKETAXESS HLDGS INC,57060D108,13522,60776,,
JANUS HENDERSON GROUP PLC,G4474Y214,13501,664760,,
PINNACLE WEST CAP CORP,723484101,13487,209062,,
BANCO SANTANDER S.A.,05964H105,13408,5779475,,
POWER INTEGRATIONS INC,739276103,13361,207723,,POWI
VISTEON CORP,92839U206,13341,125791,,VC
ENSTAR GROUP LIMITED,G3075P101,13325,78573,,
SEAGEN INC,81181C104,13261,96918,,
SAIA INC,78709Y105,13251,69742,,SAIA
KBR INC,48242W106,13214,305738,,
FEDERAL RLTY INVT TR NEW,313745101,13188,146340,,
UFP INDUSTRIES INC,90278Q108,13171,182531,,UFPI
ICF INTL INC,44925C103,13129,120425,,
ARCBEST CORP,03937C105,13114,180305,,
PORTLAND GEN ELEC CO,736508847,13092,301244,,
PAYLOCITY HLDG CORP,70438V106,13057,54047,,
ISHARES INC,46434G103,12995,302340,,
SENSIENT TECHNOLOGIES CORP,81725T100,12990,187340,,SXT
PG&E CORP,69331C108,12985,1038810,,PCG-PX
ADDUS HOMECARE CORP,006739106,12983,136322,,ADUS
ZOOMINFO TECHNOLOGIES INC,98980F104,12966,311241,,GTM
NETEASE INC,64110W102,12941,171174,,
ENSIGN GROUP INC,29358P101,12927,162599,,
WYNDHAM HOTELS & RESORTS INC,98311A105,12809,208787,,
EPLUS INC,294268107,12808,308340,,PLUS
INNOSPEC INC,45768S105,12762,148971,,IOSP
COMMERCE BANCSHARES INC,200525103,12726,192354,,
EQUINOR ASA,29446M102,12675,382812,,STOHF
CHAMPIONX CORPORATION,15872M104,12668,647326,,
ENCORE WIRE CORP,292562105,12655,109531,,
ISHARES TR,464288257,12605,161955,,
MATADOR RES CO,576485205,12596,257474,,
WSFS FINL CORP,929328102,12563,270404,,
SIGNATURE BK NEW YORK N Y,82669G104,12560,83180,,
VALLEY NATL BANCORP,919794107,12520,1159255,,
ISHARES TR,46432F842,12517,237652,,
VANGUARD INDEX FDS,922908751,12443,72802,,
SOUTHWEST GAS HLDGS INC,844895102,12441,178362,,
INSPIRE MED SYS INC,457730109,12431,70085,,
FLEXSHARES TR,33939L647,12366,575782,,
NEWS CORP NEW,65249B109,12349,817260,,NWSLL
CASELLA WASTE SYS INC,147448104,12317,161234,,
RAMBUS INC DEL,750917106,12240,481508,,RMBS
TC ENERGY CORP,87807B107,12200,302800,,TRPRF
MONGODB INC,60937P106,12178,61333,,
UMPQUA HLDGS CORP,904214103,12137,710198,,
OPTION CARE HEALTH INC,68404L201,12027,382167,,
BANCFIRST CORP,05945F103,12013,134273,,
AMERICAN AIRLS GROUP INC,02376R102,11965,993754,,
CITY HLDG CO,177835105,11945,134677,,
ANNALY CAPITAL MANAGEMENT IN,035710839,11923,694802,,
ISHARES TR,464287408,11911,92679,,
SPIRIT AEROSYSTEMS HLDGS INC,848574109,11910,543357,,
SANMINA CORPORATION,801056102,11869,257580,,SANM
BOISE CASCADE CO DEL,09739D100,11777,198069,,BCC
P T TELEKOMUNIKASI INDONESIA,715684106,11775,408158,,
PC CONNECTION INC,69318J100,11690,259268,,CNXN
FIDELITY NATIONAL FINANCIAL,31620R303,11636,321425,,
SUMMIT MATLS INC,86614U100,11634,485579,,
CAESARS ENTERTAINMENT INC NE,12769G100,11598,359513,,
SYNEOS HEALTH INC,87166B102,11573,245450,,
CHEMED CORP NEW,16359R103,11555,26469,,CHE
LESLIES INC,527064109,11533,784036,,
UNIVERSAL CORP VA,913456109,11488,249532,,
SHOCKWAVE MED INC,82489T104,11473,41259,,
ROBLOX CORP,771049103,11452,319526,,RBLX
EMPLOYERS HLDGS INC,292218104,11428,331345,,
SOUTHERN COPPER CORP,84265V105,11414,254559,,
VANGUARD WHITEHALL FDS,921946406,11396,120105,,
SOUTH JERSEY INDS INC,838518108,11361,339937,,
INSULET CORP,45784P101,11315,49325,,PODD
ZIFF DAVIS INC,48123V102,11270,164568,,
GLOBANT S A,L44385109,11269,60235,,
PEABODY ENERGY CORP,704551100,11245,453061,,BTU
ORGANON & CO,68622V106,11223,479618,,OGN
GRAND CANYON ED INC,38526M106,11171,135812,,
SPDR SER TR,78464A763,11148,99981,,
NEWELL BRANDS INC,651229106,11136,801711,,NWL
WESTERN UN CO,959802109,11128,824274,,
WESTAMERICA BANCORPORATION,957090103,11110,212465,,WABC
DESCARTES SYS GROUP INC,249906108,11079,174396,,
TRI POINTE HOMES INC,87265H109,11020,729303,,
CATHAY GEN BANCORP,149150104,10949,284691,,
BENCHMARK ELECTRS INC,08160H101,10940,441493,,
RETAIL OPPORTUNITY INVTS COR,76131N101,10935,794659,,
NBT BANCORP INC,628778102,10893,287032,,NBTB
INVESCO LTD,G491BT108,10867,793243,,IVZ
ANDERSONS INC,034164103,10864,350116,,
DYCOM INDS INC,267475101,10858,113656,,
ACUITY BRANDS INC,00508Y102,10839,68835,,
BELDEN INC,077454106,10827,180396,,BDC
IDACORP INC,451107106,10786,108941,,IDA
AGILYSYS INC,00847J105,10770,194587,,AGYS
YUM CHINA HLDGS INC,98850P109,10763,227393,,
FIVE BELOW INC,33829M101,10755,78119,,
AGNC INVT CORP,00123Q104,10754,1277251,,
SPS COMM INC,78463M107,10745,86490,,
PRESTIGE CONSMR HEALTHCARE I,74112D101,10744,215612,,
WORKIVA INC,98139A105,10722,137816,,WK
HONDA MOTOR LTD,438128308,10701,495653,,
AMKOR TECHNOLOGY INC,031652100,10651,624663,,
ISHARES TR,464287150,10643,133809,,
MOHAWK INDS INC,608190104,10624,116499,,
ZOOM VIDEO COMMUNICATIONS IN,98980L101,10619,144306,,
APARTMENT INCOME REIT CORP,03750L109,10564,273540,,
PATTERSON COS INC,703395103,10490,436709,,
SERVISFIRST BANCSHARES INC,81768T108,10465,130810,,
HALEON PLC,405552100,10439,1714106,,HLNCF
BARRICK GOLD CORP,067901108,10408,671500,,
INVESCO EXCH TRADED FD TR II,46138E461,10306,288196,,
HOSTESS BRANDS INC,44109J106,10289,442737,,
BANK HAWAII CORP,062540109,10283,135088,,
FLEXSHARES TR,33939L597,10265,284553,,
PROSPERITY BANCSHARES INC,743606105,10259,153857,,PB
TAYLOR MORRISON HOME CORP,87724P106,10253,439663,,
BIOMARIN PHARMACEUTICAL INC,09061G101,10252,120941,,BMRN
RLI CORP,749607107,10190,99533,,RLI
RADIAN GROUP INC,750236101,10169,527184,,RDN
WYNN RESORTS LTD,983134107,10163,161236,,WYNN
KADANT INC,48282T104,10140,60786,,KAI
ALARM COM HLDGS INC,011642105,10086,155505,,
STANDEX INTL CORP,854231107,10039,122954,,
PETROLEO BRASILEIRO SA PETRO,71654V408,9969,807879,,
FRESHPET INC,358039105,9954,198729,,
TELUS CORPORATION,87971M103,9936,500281,,TU
APPLE HOSPITALITY REIT INC,03784Y200,9918,705401,,
VISHAY INTERTECHNOLOGY INC,928298108,9909,557009,,VSH
SENTINELONE INC,81730H109,9876,386394,,
KITE RLTY GROUP TR,49803T300,9815,569991,,
MIZUHO FINANCIAL GROUP INC,60687Y109,9810,4439011,,MZHOF
FLUOR CORP NEW,343412102,9784,393094,,FLR
CLOUDFLARE INC,18915M107,9713,175602,,
DOORDASH INC,25809K105,9709,196346,,
FTI CONSULTING INC,302941109,9681,58424,,
DICKS SPORTING GOODS INC,253393102,9601,91757,,
FIRST FINL BANCORP OH,320209109,9589,454877,,
NAVIENT CORPORATION,63938C108,9572,651611,,JSM
SPIRE INC,84857L101,9540,153061,,SRJN
CHEMOURS CO,163851108,9532,386692,,CC
ABM INDS INC,000957100,9511,248793,,
AECOM,00766T100,9508,139066,,ACM
NORWEGIAN CRUISE LINE HLDG L,G66721104,9508,836961,,
CENOVUS ENERGY INC,15135U109,9496,617813,,CVE
HILTON GRAND VACATIONS INC,43283X105,9469,287909,,HGV
FRONTLINE LTD,G3682E192,9445,864144,,
SELECT SECTOR SPDR TR,81369Y308,9436,141406,,
SPROUT SOCIAL INC,85209W109,9411,155090,,
EVERTEC INC,30040P103,9381,299248,,
AMN HEALTHCARE SVCS INC,001744101,9378,88503,,
EASTERN BANKSHARES INC,27627N105,9374,477311,,
OWENS CORNING NEW,690742101,9366,119145,,OC
GROUP 1 AUTOMOTIVE INC,398905109,9360,65515,,GPI
VODAFONE GROUP PLC NEW,92857W308,9355,825653,,
ENERSYS,29275Y102,9322,160249,,ENS
GLACIER BANCORP INC NEW,37637Q105,9319,189677,,
FORWARD AIR CORP,349853101,9318,103239,,FWRD
NATIONAL HEALTH INVS INC,63633D104,9299,164489,,
HANOVER INS GROUP INC,410867105,9285,72463,,
CALIFORNIA WTR SVC GROUP,130788102,9273,175994,,
SERVICE CORP INTL,817565104,9265,160458,,
PALANTIR TECHNOLOGIES INC,69608A108,9226,1134851,,PLTR
RIVIAN AUTOMOTIVE INC,76954A103,9212,279903,,
HEICO CORP NEW,422806109,9210,63967,,HEI-A
PETROLEO BRASILEIRO SA PETRO,71654V101,9197,830065,,
MR COOPER GROUP INC,62482R107,9181,226699,,
WESCO INTL INC,95082P105,9180,76897,,
ALASKA AIR GROUP INC,011659109,9177,234403,,
RYANAIR HOLDINGS PLC,783513203,9165,156875,,RYAOF
GODADDY INC,380237107,9162,129258,,GDDY
ISHARES TR,464287226,9158,9506137,,
SHOPIFY INC,82509L107,9150,339643,,SHOP
CRYOPORT INC,229050307,9140,375191,,
NATIONAL INSTRS CORP,636518102,9132,241973,,
AVIENT CORPORATION,05368V106,9072,299390,,AVNT
VANGUARD INDEX FDS,922908736,9058,42335,,
LANCASTER COLONY CORP,513847103,9036,60130,,
SIMPSON MFG INC,829073105,9036,115261,,
INARI MED INC,45332Y109,8967,123447,,
KONINKLIJKE PHILIPS N V,500472303,8967,582628,,
PACIFIC PREMIER BANCORP,69478X105,8926,288303,,
RESIDEO TECHNOLOGIES INC,76118Y104,8908,467360,,
CALIFORNIA RES CORP,13057Q305,8897,231507,,
INTERNATIONAL BANCSHARES COR,459044103,8872,208757,,
ELEMENT SOLUTIONS INC,28618M106,8846,543696,,ESI
LPL FINL HLDGS INC,50212V100,8843,40474,,
MERITAGE HOMES CORP,59001A102,8837,125762,,MTH
PAYCOR HCM INC,70435P102,8834,298833,,
ISHARES TR,464287473,8830,91927,,
GENMAB A/S,372303206,8825,274680,,GNMSF
LAMAR ADVERTISING CO NEW,512816109,8794,106610,,
NELNET INC,64031N108,8765,110684,,NNI
THE ODP CORP,88337F105,8748,248890,,
VERRA MOBILITY CORP,92511U102,8734,568244,,VRRM
MURPHY USA INC,626755102,8701,31650,,MUSA
BIOHAVEN PHARMACTL HLDG CO L,G11196105,8677,57397,,
CYTOKINETICS INC,23282W605,8663,178802,,CYTK
NEXSTAR MEDIA GROUP INC,65336K103,8660,51905,,
BALCHEM CORP,057665200,8651,71158,,BCPC
SELECT SECTOR SPDR TR,81369Y100,8640,127042,,
ALLSCRIPTS HEALTHCARE SOLUTN,01988P108,8631,566692,,
LXP INDUSTRIAL TRUST,529043101,8621,941122,,LXP-PC
STELLANTIS N.V,N82405106,8607,726911,,STLA
BLACKLINE INC,09239B109,8604,143635,,
ISHARES TR,464287101,8581,52808,,
CHOICE HOTELS INTL INC,169905106,8576,78303,,
NOKIA CORP,654902204,8567,2006241,,NOKBF
ALLEGHANY CORP MD,017175100,8556,10193,,
ITAU UNIBANCO HLDG S A,465562106,8547,1653206,,
APPLIED INDL TECHNOLOGIES IN,03820C105,8523,82925,,
BROADSTONE NET LEASE INC,11135E203,8504,547574,,
VORNADO RLTY TR,929042109,8476,365964,,
ZSCALER INC,98980G102,8474,51555,,
AMERICAN FINL GROUP INC OHIO,025932104,8445,68695,,
WALKER & DUNLOP INC,93148P102,8414,100491,,
AXOS FINANCIAL INC,05465C100,8398,245332,,
ENVESTNET INC,29404K106,8385,188844,,
STMICROELECTRONICS N V,861012102,8383,270942,,
ARCELORMITTAL SA LUXEMBOURG,03938L203,8325,418129,,
CARLYLE GROUP INC,14316J108,8318,321915,,CGABL
HERC HLDGS INC,42704L104,8316,80054,,
REXFORD INDL RLTY INC,76169C100,8314,159886,,
WESBANCO INC,950810101,8310,249026,,WSBCO
CHORD ENERGY CORPORATION,674215207,8281,60547,,CHRD
EVOLENT HEALTH INC,30050B101,8279,230407,,
CNX RES CORP,12653C108,8266,532252,,
MYRIAD GENETICS INC,62855J104,8260,432932,,MYGN
ENI S P A,26874R108,8243,389945,,
TRAVEL PLUS LEISURE CO,894164102,8218,240853,,
RITCHIE BROS AUCTIONEERS,767744105,8207,131359,,
SUN LIFE FINANCIAL INC.,866796105,8203,206324,,SLFQF
1LIFE HEALTHCARE INC,68269G107,8188,477416,,
CRANE HLDGS CO,224441105,8186,93510,,
VOYA FINANCIAL INC,929089100,8157,134833,,
ENCORE CAP GROUP INC,292554102,8116,178452,,
GREEN PLAINS INC,393222104,8110,278977,,GPRE
DIGITALOCEAN HLDGS INC,25402D102,8106,224116,,
CHESAPEAKE UTILS CORP,165303108,8072,69955,,
AZEK CO INC,05478C105,8061,485047,,
OSHKOSH CORP,688239201,8058,114638,,OSK
VANGUARD STAR FDS,921909768,8055,175997,,
FIRST SOLAR INC,336433107,8044,60813,,
VAIL RESORTS INC,91879Q109,8034,37257,,MTN
UNUM GROUP,91529Y106,8030,206966,,UNMA
BANCO BRADESCO S A,059460303,8022,2179999,,
AVISTA CORP,05379B107,7995,215792,,AVA
NORTHWEST BANCSHARES INC MD,667340103,7981,590733,,
TERMINIX GLOBAL HOLDINGS INC,88087E100,7979,208373,,
WASHINGTON FED INC,938824109,7963,265605,,
AMEDISYS INC,023436108,7941,82039,,
PINNACLE FINL PARTNERS INC,72346Q104,7931,97797,,
CARPENTER TECHNOLOGY CORP,144285103,7929,254636,,CRS
ONTO INNOVATION INC,683344105,7924,123709,,ONTO
WATSCO INC,942622200,7906,30706,,WSO-B
MEDPACE HLDGS INC,58506Q109,7879,50129,,
PERFICIENT INC,71375U101,7823,120316,,
PHOTRONICS INC,719405102,7810,534194,,PLAB
SITE CTRS CORP,82981J109,7790,727358,,
J & J SNACK FOODS CORP,466032109,7789,60157,,
CORPORATE OFFICE PPTYS TR,22002T108,7770,334497,,
BURLINGTON STORES INC,122017106,7742,69197,,
INTRA-CELLULAR THERAPIES INC,46116X101,7729,166116,,
EMERGENT BIOSOLUTIONS INC,29089Q105,7718,367706,,EBS
OLLIES BARGAIN OUTLET HLDGS,681116109,7697,149170,,
CACI INTL INC,127190304,7675,29399,,
SOUTHWESTERN ENERGY CO,845467109,7665,1252428,,
TRUSTMARK CORP,898402102,7636,249307,,TRMK
NORTHWESTERN CORP,668074305,7611,154437,,
CANON INC,138006309,7610,349087,,CAJFF
HANNON ARMSTRONG SUST INFR C,41068X100,7610,254252,,
AFFILIATED MANAGERS GROUP IN,008252108,7604,67983,,
FULLER H B CO,359694106,7587,126238,,FUL
SLM CORP,78442P106,7584,542073,,SLMBP
MARTEN TRANS LTD,573075108,7580,395595,,
TRANSUNION,89400J107,7570,127241,,TRU
CUBESMART,229663109,7563,188785,,CUBE
PLAINS ALL AMERN PIPELINE L,726503105,7512,714053,,
FOCUS FINL PARTNERS INC,34417P100,7481,237424,,
BILL COM HLDGS INC,090043100,7470,56434,,
TRICO BANCSHARES,896095106,7460,167082,,
NATIONAL BK HLDGS CORP,633707104,7443,201220,,
KENNEDY-WILSON HOLDINGS INC,489398107,7437,481019,,
BROOKFIELD INFRAST PARTNERS,G16252101,7416,206560,,
ISHARES TR,464287481,7381,94106,,
SEI INVTS CO,784117103,7375,150357,,
SCOTTS MIRACLE-GRO CO,810186106,7336,171593,,SMG
ISHARES TR,464288646,7319,14851251,,
RBC BEARINGS INC,75524B104,7301,35134,,RBC
DOUBLEVERIFY HLDGS INC,25862V105,7276,266023,,
SUNSTONE HOTEL INVS INC NEW,867892101,7268,771537,,
GROCERY OUTLET HLDG CORP,39874R101,7252,217853,,
MGE ENERGY INC,55277P104,7239,110293,,MGEE
AMERICA MOVIL SAB DE CV,02364W105,7224,438646,,
ATRICURE INC,04963C209,7222,184709,,
PLUG POWER INC,72919P202,7219,343614,,PLUG
TWILIO INC,90138F102,7208,104255,,TWLO
FIRST FINL BANKSHARES INC,32020R109,7200,172118,,
HAMILTON LANE INC,407497106,7200,120780,,HLNE
PINDUODUO INC,722304102,7191,114911,,
ATLANTIC UN BANKSHARES CORP,04911A107,7178,236271,,
TEXAS ROADHOUSE INC,882681109,7177,82254,,
BOOT BARN HLDGS INC,099406100,7168,122606,,
CHEMOCENTRYX INC,16383L106,7153,138457,,
WATTS WATER TECHNOLOGIES INC,942749102,7153,56888,,WTS
ANGIODYNAMICS INC,03475V101,7143,349111,,ANGO
KIRBY CORP,497266106,7139,117482,,KEX
SUPERNUS PHARMACEUTICALS INC,868459108,7133,210735,,
AVANTOR INC,05352A100,7119,363223,,
FRANCO NEV CORP,351858105,7094,59376,,
EXLSERVICE HOLDINGS INC,302081104,7092,48125,,
CGI INC,12532H104,7065,93898,,GIB
FOOT LOCKER INC,344849104,7062,226851,,
BLACKBAUD INC,09227Q100,7041,159800,,BLKB
DHT HOLDINGS INC,Y2065G121,7029,929740,,
KB HOME,48666K109,7011,270476,,KBH
NATIONAL RETAIL PROPERTIES I,637417106,6984,175223,,
FOX CORP,35137L204,6979,244887,,FOX
ADIENT PLC,G0084W101,6955,250633,,ADNT
SPROUTS FMRS MKT INC,85208M102,6948,250372,,
SPOTIFY TECHNOLOGY S A,L8681T102,6917,80153,,
ORIX CORP,686330101,6914,97841,,ORXCF
WILLSCOT MOBIL MINI HLDNG CO,971378104,6909,171308,,
INTEGRA LIFESCIENCES HLDGS C,457985208,6891,162686,,
ACI WORLDWIDE INC,004498101,6860,328237,,
TEREX CORP NEW,880779103,6832,229740,,TEX
DISH NETWORK CORPORATION,25470M109,6795,491325,,
MONTROSE ENVIRONMENTAL GROUP,615111101,6757,200811,,
ELANCO ANIMAL HEALTH INC,28414H103,6740,543120,,ELAN
SONIC AUTOMOTIVE INC,83545G102,6740,155650,,SAH
BIG LOTS INC,089302103,6738,431637,,
HF SINCLAIR CORP,403949100,6734,125071,,DINO
MATTEL INC,577081102,6732,355438,,
KORN FERRY,500643200,6721,143155,,KFY
OMNICELL COM,68213N109,6707,77067,,
PENNYMAC FINL SVCS INC NEW,70932M107,6690,155953,,
NETSCOUT SYS INC,64115T104,6686,213469,,
ESSENTIAL PPTYS RLTY TR INC,29670E107,6670,342922,,
MATSON INC,57686G105,6668,108395,,
SMITH & NEPHEW PLC,83175M205,6662,286916,,SNNUF
PARK NATL CORP,700658107,6654,53451,,
HERITAGE COMM CORP,426927109,6641,585645,,
BANNER CORP,06652V208,6632,112259,,BANR
ISHARES INC,46434G772,6625,153702,,
KAR AUCTION SVCS INC,48238T109,6605,591336,,
LIBERTY ENERGY INC,53115L104,6598,520355,,LBRT
VANGUARD INDEX FDS,922908512,6595,54156,,
SS&C TECHNOLOGIES HLDGS INC,78467J100,6585,137897,,
VANGUARD INDEX FDS,922908637,6582,40241,,
SCRIPPS E W CO OHIO,811054402,6581,583903,,
RESTAURANT BRANDS INTL INC,76131D103,6580,123729,,
ARCONIC CORPORATION,03966V107,6563,385133,,
HEALTHCARE RLTY TR,42226K105,6560,314632,,
OLD NATL BANCORP IND,680033107,6557,398102,,
ENDEAVOR GROUP HLDGS INC,29260Y109,6555,323534,,
SEA LTD,81141R100,6555,116950,,SE
TECHTARGET INC,87874R100,6546,110581,,
PEMBINA PIPELINE CORP,706327103,6538,215263,,PMBPF
TOPGOLF CALLAWAY BRANDS CORP,131193104,6523,338697,,
AGNICO EAGLE MINES LTD,008474108,6516,154297,,AEM
TANDEM DIABETES CARE INC,875372203,6511,136080,,TNDM
VISTRA CORP,92840M102,6509,309970,,VST
PHYSICIANS RLTY TR,71943U104,6506,432573,,
COLUMBIA BKG SYS INC,197236102,6501,225010,,
PEBBLEBROOK HOTEL TR,70509V100,6501,448051,,
SILGAN HOLDINGS INC,827048109,6496,154528,,SLGN
LITHIA MTRS INC,536797103,6491,30253,,
GRACO INC,384109104,6488,108220,,GGG
JACK IN THE BOX INC,466367109,6483,87532,,JACK
COGNEX CORP,192422103,6465,155967,,CGNX
VANGUARD SCOTTSDALE FDS,92206C730,6464,39566,,
SL GREEN RLTY CORP,78440X887,6394,159221,,
CARLISLE COS INC,142339100,6391,22792,,
KARUNA THERAPEUTICS INC,48576A100,6357,28260,,
APELLIS PHARMACEUTICALS INC,03753U106,6350,92968,,
NCR CORP NEW,62886E108,6327,332823,,
ASHLAND INC,044186104,6317,66516,,ASH
LIFE STORAGE INC,53223X107,6303,56907,,
GENTEX CORP,371901109,6284,263583,,GNTX
ARGENX SE,04016X101,6279,17785,,ARGX
CERTARA INC,15687V109,6279,472796,,
WEIS MKTS INC,948849104,6276,88097,,
DIGI INTL INC,253798102,6268,181313,,
INDEPENDENCE RLTY TR INC,45378A106,6260,374151,,
FULTON FINL CORP PA,360271100,6259,396147,,
HURON CONSULTING GROUP INC,447462102,6252,94376,,HURN
INSPERITY INC,45778Q107,6229,61012,,
LTC PPTYS INC,502175102,6221,166123,,
COVETRUS INC,22304C100,6220,297915,,
MONRO INC,610236101,6216,143018,,
ENTERPRISE FINL SVCS CORP,293712105,6213,141083,,
EQT CORP,26884L109,6210,152388,,EQT
MURPHY OIL CORP,626717102,6149,174845,,MUR
CARETRUST REIT INC,14174T107,6120,337928,,
FIRST MERCHANTS CORP,320817109,6113,158049,,FRMEP
ROGERS CORP,775133101,6091,25181,,ROG
PAR TECHNOLOGY CORP,698884103,6087,206117,,PAR
WERNER ENTERPRISES INC,950755108,6078,161652,,WERN
SM ENERGY CO,78454L100,6077,161567,,SM
LHC GROUP INC,50187A107,6075,37121,,
ONEMAIN HLDGS INC,68268W103,6074,205771,,
COMPASS MINERALS INTL INC,20451N101,6072,157590,,
NEOGEN CORP,640491106,6071,434574,,NEOG
JAZZ PHARMACEUTICALS PLC,G50871105,6069,45531,,JAZZ
DELEK US HLDGS INC NEW,24665A103,6068,223566,,
CUSHMAN WAKEFIELD PLC,G2717B108,6068,529932,,
BANK OZK,06417N103,6062,153245,,OZKAP
BOYD GAMING CORP,103304101,6039,126729,,BYD
HEALTHSTREAM INC,42222N103,6037,283951,,HSTM
SPIRIT RLTY CAP INC NEW,84860W300,6006,166089,,
WHEATON PRECIOUS METALS CORP,962879102,5957,184095,,WPM
RUSH ENTERPRISES INC,781846209,5950,135668,,
SIGNET JEWELERS LIMITED,G81276100,5947,103991,,
ENVISTA HOLDINGS CORPORATION,29415F104,5940,181038,,NVST
AMERISAFE INC,03071H100,5938,127068,,AMSF
SCORPIO TANKERS INC,Y7542C130,5925,140930,,STNG
NATWEST GROUP PLC,639057207,5923,1186890,,RBSPF
TANGER FACTORY OUTLET CTRS I,875465106,5919,432690,,
NEUROCRINE BIOSCIENCES INC,64125C109,5904,55590,,NBIX
ACUSHNET HLDGS CORP,005098108,5901,135685,,
CASEYS GEN STORES INC,147528103,5896,29111,,
ORMAT TECHNOLOGIES INC,686688102,5873,68133,,
SIMPLY GOOD FOODS CO,82900L102,5857,183082,,SMPL
WINGSTOP INC,974155103,5848,46630,,WING
LAKELAND BANCORP INC,511637100,5847,365179,,
ZENDESK INC,98936J101,5844,76793,,
UNITED NAT FOODS INC,911163103,5819,169293,,
PERDOCEO ED CORP,71363P106,5813,564345,,
FOUR CORNERS PPTY TR INC,35086T109,5810,240197,,
ARES MANAGEMENT CORPORATION,03990B101,5808,93757,,ARES-PB
INGLES MKTS INC,457030104,5802,73249,,
GUIDEWIRE SOFTWARE INC,40171V100,5782,93889,,
TECHNIPFMC PLC,G87110105,5778,683018,,FTI
CELSIUS HLDGS INC,15118V207,5748,63383,,
SAGE THERAPEUTICS INC,78667J108,5742,146641,,
HUBBELL INC,443510607,5738,25733,,HUBB
WOLVERINE WORLD WIDE INC,978097103,5711,371062,,
WOLFSPEED INC,977852102,5702,55164,,
ENTERPRISE PRODS PARTNERS L,293792107,5679,238829,,
KFORCE INC,493732101,5679,96824,,KFRC
FLEXSHARES TR,33939L662,5672,14511122,,
SCIENCE APPLICATIONS INTL CO,808625107,5662,64028,,
FLOOR & DECOR HLDGS INC,339750101,5658,80533,,
CABOT CORP,127055101,5653,88484,,CBT
ARCUS BIOSCIENCES INC,03969F109,5641,215637,,
HIGHWOODS PPTYS INC,431284108,5640,209212,,
DANA INC,235825205,5638,493259,,DAN
DEUTSCHE BANK A G,D18190898,5625,760190,,
OVINTIV INC,69047Q102,5618,122141,,OVV
LYELL IMMUNOPHARMA INC,55083R104,5602,764251,,
ENNIS INC,293389102,5573,276852,,
FIRST FINL CORP IND,320218100,5570,123264,,
CATALYST PHARMACEUTICALS INC,14888U101,5544,432119,,
METHANEX CORP,59151K108,5544,173950,,MEOH
ASGN INC,00191U102,5539,61287,,
LIBERTY MEDIA CORP DEL,531229607,5538,146864,,FWONB
RELIANCE STEEL & ALUMINUM CO,759509102,5525,31679,,
EAGLE BANCORP INC MD,268948106,5515,123042,,
ORANGE,684060106,5515,613510,,ORANY
JEFFERIES FINL GROUP INC,47233W109,5503,186533,,
DELL TECHNOLOGIES INC,24703L202,5491,160709,,DELL
OKTA INC,679295105,5491,96549,,
ISHARES TR,464287564,5457,101700,,
STANDARD MTR PRODS INC,853666105,5454,167821,,
KB FINL GROUP INC,48241A105,5453,180920,,
NIO INC,62914V106,5447,345415,,NIOIF
ESSENT GROUP LTD,G3198U102,5431,155750,,ESNT
TECK RESOURCES LTD,878742204,5422,178298,,TCKRF
NOVOCURE LTD,G6674U108,5417,71292,,NVCR
INVENTRUST PPTYS CORP,46124J201,5414,253816,,
ARTISAN PARTNERS ASSET MGMT,04316A108,5413,200989,,
FLEXSHARES TR,33939L886,5412,7275600,,
PROGYNY INC,74340E103,5396,145591,,
SHOE CARNIVAL INC,824889109,5391,251430,,
COMMVAULT SYS INC,204166102,5384,101500,,
CROCS INC,227046109,5382,78385,,
ISHARES TR,464288877,5377,139546,,
VIRTUS INVT PARTNERS INC,92828Q109,5374,33688,,
FIRST COMWLTH FINL CORP PA,319829107,5354,417005,,
PAPA JOHNS INTL INC,698813102,5345,76344,,
AAON INC,000360206,5312,98594,,
FIRST HORIZON CORPORATION,320517105,5310,231870,,FHN-PH
NATIONAL HEALTHCARE CORP,635906100,5308,83795,,NHC
SCHOLASTIC CORP,807066105,5291,172015,,SCHL
NOVANTA INC,67000B104,5284,45692,,NOVTU
UNITED BANKSHARES INC WEST V,909907107,5277,147618,,
MYERS INDS INC,628464109,5260,319379,,
RENASANT CORP,75970E107,5260,168174,,RNST
OGE ENERGY CORP,670837103,5251,144032,,OGE
STEPAN CO,858586100,5251,56056,,SCL
SILICON LABORATORIES INC,826919102,5234,42405,,SLAB
TELEFONICA S A,879382208,5233,1615048,,TELFY
COLUMBIA SPORTSWEAR CO,198516106,5219,77542,,COLM
LENNOX INTL INC,526107107,5213,23410,,
AGIOS PHARMACEUTICALS INC,00847X104,5188,183445,,
BARNES GROUP INC,067806109,5188,179636,,
SANDY SPRING BANCORP INC,800363103,5180,146922,,
ALLISON TRANSMISSION HLDGS I,01973R101,5159,152806,,
ERICSSON,294821608,5145,896353,,
BOOZ ALLEN HAMILTON HLDG COR,099502106,5108,55307,,
ALTRA INDL MOTION CORP,02208R106,5063,150592,,
HILLTOP HOLDINGS INC,432748101,5036,202648,,HTH
FORTIS INC,349553107,5021,132170,,FTRSF
DIAMONDROCK HOSPITALITY CO,252784301,5015,667775,,DRH
GENPACT LIMITED,G3922B107,4996,114147,,
MAGNA INTL INC,559222401,4987,105177,,
KRATOS DEFENSE & SEC SOLUTIO,50077B207,4970,489147,,
ALLOGENE THERAPEUTICS INC,019770106,4968,460005,,
GENESCO INC,371532102,4960,126141,,GCO
PLEXUS CORP,729132100,4950,56531,,PLXS
NATIONAL RESH CORP,637372202,4932,123931,,
SCHWAB STRATEGIC TR,808524201,4925,116294,,
SHINHAN FINANCIAL GROUP CO L,824596100,4924,214066,,
CENTURY CMNTYS INC,156504300,4922,115064,,
HAVERTY FURNITURE COS INC,419596101,4922,197658,,
AMERICAN WOODMARK CORPORATIO,030506109,4920,112177,,
ONE GAS INC,68235P108,4918,69870,,
TERADATA CORP DEL,88076W103,4916,158275,,
READY CAPITAL CORP,75574U101,4914,484650,,RC-PC
DENBURY INC,24790A101,4901,56815,,
FRANKLIN ELEC INC,353514102,4887,59810,,
GMS INC,36251C103,4870,121713,,
INTERNATIONAL GAME TECHNOLOG,G4863A108,4850,306969,,
LEAR CORP,521865204,4846,40491,,LEA
CABLE ONE INC,12685J105,4844,5679,,
GOOSEHEAD INS INC,38267D109,4839,135780,,
BOX INC,10316T104,4791,196445,,BXCAP
ST JOE CO,790148100,4787,149452,,JOE
BROOKFIELD INFRASTRUCTURE CO,11275Q107,4770,117204,,
UGI CORP NEW,902681105,4757,147133,,
COMFORT SYS USA INC,199908104,4755,48857,,
REPLIGEN CORP,759916109,4752,25397,,RGEN
NEWMARK GROUP INC,65158N102,4749,589229,,
CREDICORP LTD,G2519Y108,4739,38591,,BAP
INTEGER HLDGS CORP,45826H109,4732,76038,,
WPP PLC NEW,92937A102,4726,114730,,WPPGF
OFG BANCORP,67103X102,4704,187177,,OFG
MASIMO CORP,574795100,4699,33286,,
MAXIMUS INC,577933104,4699,81202,,
XP INC,G98239109,4671,245708,,XP
ISHARES TR,46429B671,4651,109281,,
ENOVA INTL INC,29357K103,4643,158634,,
KEZAR LIFE SCIENCES INC,49372L100,4604,534777,,
SYNAPTICS INC,87157D109,4603,46493,,SYNA
FIRST BANCORP N C,318910106,4601,125782,,
MESA LABS INC,59064R109,4566,32419,,
DILLARDS INC,254067101,4562,16724,,
MANHATTAN ASSOCIATES INC,562750109,4553,34226,,MANH
LINCOLN ELEC HLDGS INC,533900106,4540,36109,,
SJW GROUP,784305104,4518,78429,,
INTELLIA THERAPEUTICS INC,45826J105,4516,80698,,
FABRINET,G3323L100,4515,47301,,FN
TETRA TECH INC NEW,88162G103,4510,35092,,TTEK
XENIA HOTELS & RESORTS INC,984017103,4506,326724,,
PBF ENERGY INC,69318G106,4494,127827,,PBF
PVH CORPORATION,693656100,4467,99720,,
HNI CORP,404251100,4456,168076,,HNI
ETHAN ALLEN INTERIORS INC,297602104,4452,210575,,ETD
TRIP COM GROUP LTD,89677Q107,4442,162665,,
LUCID GROUP INC,549498103,4438,317680,,
HAEMONETICS CORP MASS,405024100,4437,59941,,
POSCO HOLDINGS INC,693483109,4420,120745,,PKX
BLOOM ENERGY CORP,093712107,4397,219945,,BE
ROGERS COMMUNICATIONS INC,775109200,4390,113897,,RCIAF
GRID DYNAMICS HLDGS INC,39813G109,4385,234139,,
ZURN ELKAY WATER SOLNS CORP,98983L108,4378,178705,,
TIDAL ETF TR,886364876,4369,325097,,
AMERIS BANCORP,03076K108,4359,97493,,ABCB
SHAW COMMUNICATIONS INC,82028K200,4329,177986,,
VANGUARD INDEX FDS,922908538,4327,25375,,
TORO CO,891092108,4326,50021,,TTC
ADVANCED ENERGY INDS,007973100,4324,55860,,
NOV INC,62955J103,4324,267257,,NOV
CLEAN HARBORS INC,184496107,4320,39281,,CLH
WOODSIDE ENERGY GROUP LTD,980228308,4320,214303,,WOPEF
MERIT MED SYS INC,589889104,4318,76408,,
OWENS & MINOR INC NEW,690732102,4317,179136,,
SPX TECHNOLOGIES INC,78473E103,4311,78069,,
STONEX GROUP INC,861896108,4308,51947,,SNEX
SWEETGREEN INC,87043Q108,4296,232239,,
NEW JERSEY RES CORP,646025106,4290,110857,,
MONARCH CASINO & RESORT INC,609027107,4273,76116,,MCRI
OXFORD INDS INC,691497309,4265,47507,,
GLOBAL BLOOD THERAPEUTICS IN,37890U108,4264,62619,,
GLAUKOS CORP,377322102,4262,80061,,GKOS
IMPERIAL OIL LTD,453038408,4256,98362,,IMO
LIBERTY MEDIA CORP DEL,531229854,4248,72617,,FWONB
UMB FINL CORP,902788108,4236,50251,,
EVOQUA WATER TECHNOLOGIES CO,30057T105,4231,127935,,
NORTHWEST NAT HLDG CO,66765N105,4216,97194,,
NEOGENOMICS INC,64049M209,4204,488244,,NEO
SALLY BEAUTY HLDGS INC,79546E104,4199,333262,,
MGIC INVT CORP WIS,552848103,4196,327305,,
CHUNGHWA TELECOM CO LTD,17133Q502,4194,118050,,CHT
WARRIOR MET COAL INC,93627C101,4186,147174,,
LEMAITRE VASCULAR INC,525558201,4183,82542,,LMAT
BWX TECHNOLOGIES INC,05605H100,4181,83012,,
CSW INDUSTRIALS INC,126402106,4180,34890,,
NATIONAL VISION HLDGS INC,63845R107,4175,127882,,
SOCIEDAD QUIMICA Y MINERA DE,833635105,4174,45996,,
ARAMARK,03852U106,4172,133716,,ARMK
OLD SECOND BANCORP INC ILL,680277100,4165,319131,,
DT MIDSTREAM INC,23345M107,4155,80080,,
IAC INC,44891N208,4152,74964,,
KEMPER CORP,488401100,4152,100622,,KMPB
CAMECO CORP,13321L108,4150,156536,,CCJ
ROKU INC,77543R102,4141,73430,,
CROWN HLDGS INC,228368106,4136,51037,,
ALKERMES PLC,G01767105,4123,184658,,ALKS
AMERICAN EAGLE OUTFITTERS IN,02553E106,4120,423467,,
FIVE9 INC,338307101,4118,54923,,
API GROUP CORP,00187Y100,4108,309602,,APG
ANTERO MIDSTREAM CORP,03676B102,4099,446497,,AM
BLACKSTONE MTG TR INC,09257W100,4094,175398,,
NEXTGEN HEALTHCARE INC,65343C102,4088,230984,,
STAAR SURGICAL CO,852312305,4080,57825,,STAA
XENCOR INC,98401F105,4079,157000,,XNCR
KOHLS CORP,500255104,4073,161961,,KSS
TENABLE HLDGS INC,88025T102,4062,116730,,
RYMAN HOSPITALITY PPTYS INC,78377T107,4054,55085,,
FIRST INTST BANCSYSTEM INC,32055Y201,4040,100133,,
INTERNATIONAL SEAWAYS INC,Y41053102,4036,114893,,
FRONTDOOR INC,35905A109,4032,197723,,
RELAY THERAPEUTICS INC,75943R102,4031,180209,,
ESSENTIAL UTILS INC,29670G102,4030,97387,,
LIGHT & WONDER INC,80874P109,4025,93871,,
DECKERS OUTDOOR CORP,243537107,4019,12856,,DECK
SOUTHSIDE BANCSHARES INC,84470P109,4019,113648,,SBSI
VIAVI SOLUTIONS INC,925550105,4010,307260,,VIAV
ENHABIT INC,29332G102,3991,284283,,
MUELLER INDS INC,624756102,3980,66953,,
MERIDIAN BIOSCIENCE INC,589584101,3964,125729,,
AMERICAS CAR-MART INC,03062T105,3961,64919,,
BUILDERS FIRSTSOURCE INC,12008R107,3957,67167,,
CANADIAN SOLAR INC,136635109,3935,105647,,CSIQ
FOX FACTORY HLDG CORP,35138V102,3924,49616,,
KAISER ALUMINUM CORP,483007704,3914,63796,,KALU
COGENT COMMUNICATIONS HLDGS,19239V302,3911,74980,,
SAREPTA THERAPEUTICS INC,803607100,3911,35380,,
JABIL INC,466313103,3906,67683,,JBL
ISHARES TR,464288802,3901,51395,,
ANAPTYSBIO INC,032724106,3895,152704,,
COHU INC,192576106,3887,150763,,COHU
PRIVIA HEALTH GROUP INC,74276R102,3883,114013,,
BLUEPRINT MEDICINES CORP,09627Y109,3878,58854,,
ASSURED GUARANTY LTD,G0585R106,3877,80018,,AGO
TTM TECHNOLOGIES INC,87305R109,3870,293628,,TTMI
GAMING & LEISURE PPTYS INC,36467J108,3861,87275,,
ASPEN TECHNOLOGY INC,29109X106,3858,16195,,
LIONS GATE ENTMNT CORP,535919401,3848,517953,,
U S PHYSICAL THERAPY,90337L108,3837,50474,,
NORTHERN OIL AND GAS INC MN,665531307,3835,139899,,
ATI INC,01741R102,3833,144034,,ATI
VERITEX HLDGS INC,923451108,3832,144130,,
ASBURY AUTOMOTIVE GROUP INC,043436104,3831,25352,,ABG
OLIN CORP,680665205,3830,89330,,OLN
KKR REAL ESTATE FIN TR INC,48251K100,3828,235563,,
COINBASE GLOBAL INC,19260Q107,3822,59269,,
CNH INDL N V,N20944109,3808,340875,,
KULICKE & SOFFA INDS INC,501242101,3807,98799,,
ATKORE INC,047649108,3797,48804,,ATKR
AMERICAN VANGUARD CORP,030371108,3786,202483,,AVD
COCA-COLA EUROPACIFIC PARTNE,G25839104,3775,88578,,
AEROJET ROCKETDYNE HLDGS INC,007800105,3766,94175,,
E2OPEN PARENT HOLDINGS INC,29788T103,3757,618917,,
METHODE ELECTRS INC,591520200,3752,100985,,
MAGNOLIA OIL & GAS CORP,559663109,3750,189294,,MGY
DARLING INGREDIENTS INC,237266101,3747,56646,,DAR
GETTY RLTY CORP NEW,374297109,3732,138800,,
AAR CORP,000361105,3714,103679,,AIR
AMER STATES WTR CO,029899101,3713,47630,,
IRHYTHM TECHNOLOGIES INC,450056106,3709,29602,,
MACYS INC,55616P104,3705,236458,,
LITTELFUSE INC,537008104,3704,18642,,
KNIGHT-SWIFT TRANSN HLDGS IN,499049104,3699,75595,,
PEDIATRIX MEDICAL GROUP INC,58502B106,3669,222213,,
FIRST AMERN FINL CORP,31847R102,3662,79438,,
IOVANCE BIOTHERAPEUTICS INC,462260100,3650,381034,,
INVESCO EXCHANGE TRADED FD T,46137V357,3645,28637,,
CALIX INC,13100M509,3642,59573,,
TRAVERE THERAPEUTICS INC,89422G107,3633,147452,,
PHILLIPS EDISON & CO INC,71844V201,3632,129491,,
EXACT SCIENCES CORP,30063P105,3631,111765,,
SAFETY INS GROUP INC,78648T100,3631,44516,,
UNITED THERAPEUTICS CORP DEL,91307C102,3627,17321,,UTHR
ISHARES TR,46429B697,3625,54846,,
ONE LIBERTY PPTYS INC,682406103,3625,172462,,
R1 RCM INC,77634L105,3622,195464,,
INGEVITY CORP,45688C107,3619,59688,,NGVT
ACADIA HEALTHCARE COMPANY IN,00404A109,3618,46279,,
SELECT SECTOR SPDR TR,81369Y860,3610,100248,,
PERFORMANCE FOOD GROUP CO,71377A103,3602,83866,,PFGC
CENTRAL GARDEN & PET CO,153527106,3601,99905,,CENTA
BUCKLE INC,118440106,3596,113579,,BKE
AUTOLIV INC,052800109,3591,53893,,ALV
MOVADO GROUP INC,624580106,3571,126735,,MOVAA
NEWS CORP NEW,65249B208,3570,231526,,NWSLL
ADTALEM GLOBAL ED INC,00737L103,3569,97916,,
SIMMONS 1ST NATL CORP,828730200,3569,163771,,
SPARTANNASH CO,847215100,3564,122803,,
SCHWAB STRATEGIC TR,808524102,3555,84654,,
QUAKER HOUGHTON,747316107,3548,24575,,
OLD REP INTL CORP,680223104,3545,169386,,
HERCULES CAPITAL INC,427096508,3524,304349,,
VISTA OUTDOOR INC,928377100,3511,144370,,
ALGONQUIN PWR UTILS CORP,015857105,3508,321573,,
JOHN BEAN TECHNOLOGIES CORP,477839104,3508,40788,,
NOMURA HLDGS INC,65535H208,3508,1063064,,
PREFERRED BK LOS ANGELES CA,740367404,3508,53785,,
GRAY TELEVISION INC,389375106,3501,244488,,
LCI INDS,50189K103,3496,34459,,
FEDERATED HERMES INC,314211103,3479,105047,,
JAMES HARDIE INDS PLC,47030M106,3472,175509,,
UNITED MICROELECTRONICS CORP,910873405,3470,622894,,UMC
RAYONIER INC,754907103,3466,115653,,RYN
ACADEMY SPORTS & OUTDOORS IN,00402L107,3462,82077,,
BEAM THERAPEUTICS INC,07373V105,3462,72667,,BEAM
BANCORP INC DEL,05969A105,3456,157247,,
AMICUS THERAPEUTICS INC,03152W109,3444,329868,,
BERKSHIRE HILLS BANCORP INC,084680107,3438,125932,,
PROG HOLDINGS INC,74319R101,3436,229346,,
WIX COM LTD,M98068105,3434,43893,,
SNAP INC,83304A106,3425,348731,,SNAP
COMMUNITY BK SYS INC,203607106,3419,56910,,
AXON ENTERPRISE INC,05464C101,3418,29527,,
ANTERO RESOURCES CORP,03674X106,3416,111880,,AR
MARQETA INC,57142B104,3416,479828,,
PATTERSON-UTI ENERGY INC,703481101,3412,292097,,
EQUITRANS MIDSTREAM CORP,294600101,3397,454206,,
HELEN OF TROY LTD,G4388N106,3390,35153,,HELE
TEEKAY TANKERS LTD,Y8565N300,3390,123107,,TNK
ALLETE INC,018522300,3381,67547,,
ELASTIC N V,N14506104,3376,47054,,
BADGER METER INC,056525108,3370,36473,,BMI
ARROWHEAD PHARMACEUTICALS IN,04280A100,3367,101866,,
TRANSOCEAN LTD,H8817H100,3365,1362299,,RIG
INGREDION INC,457187102,3363,41764,,INGR
BANK OF NT BUTTERFIELD&SON L,G0772R208,3344,103018,,
INTERCONTINENTAL HOTELS GROU,45857P806,3343,68770,,
HILLMAN SOLUTIONS CORP,431636109,3331,441816,,HLMN
VANGUARD INTL EQUITY INDEX F,922042866,3322,57834,,
ALEXANDER & BALDWIN INC NEW,014491104,3315,199967,,
CLEARWAY ENERGY INC,18539C204,3313,104024,,
CTS CORP,126501105,3309,79437,,CTS
BRUNSWICK CORP,117043109,3308,50537,,BC-PC
FIRSTCASH HOLDINGS INC,33768G107,3307,45081,,
GOODYEAR TIRE & RUBR CO,382550101,3307,327729,,
MODEL N INC,607525102,3306,96575,,
BROOKLINE BANCORP INC DEL,11373M107,3285,281971,,
SPDR SER TR,78464A847,3285,85180,,
BANKUNITED INC,06652K103,3283,96066,,
PTC THERAPEUTICS INC,69366J200,3283,65406,,
BRIXMOR PPTY GROUP INC,11120U105,3268,176913,,
SP PLUS CORP,78469C103,3266,104277,,
SKYLINE CHAMPION CORPORATION,830830105,3266,61776,,
EAST WEST BANCORP INC,27579R104,3254,48471,,EWBC
VALARIS LIMITED,G9460G101,3249,66396,,
SABRA HEALTH CARE REIT INC,78573L106,3247,247466,,
COHEN & STEERS INC,19247A100,3235,51659,,
ARMSTRONG WORLD INDS INC NEW,04247X102,3231,40774,,
BARRETT BUSINESS SVCS INC,068463108,3227,41371,,
CHEGG INC,163092109,3224,153021,,
LAUREATE EDUCATION INC,518613203,3218,305063,,
VARONIS SYS INC,922280102,3215,121236,,
BJS WHSL CLUB HLDGS INC,05550J101,3213,44128,,
ATLAS AIR WORLDWIDE HLDGS IN,049164205,3211,33596,,
HILLENBRAND INC,431571108,3207,87330,,
KENNAMETAL INC,489170100,3207,155807,,KMT
XPO LOGISTICS INC,983793100,3197,71813,,
BELLRING BRANDS INC,07831C103,3196,155061,,
MADISON SQUARE GRDN ENTERTNM,55826T102,3186,72266,,
REGAL REXNORD CORPORATION,758750103,3186,22701,,RRX
PEARSON PLC,705015105,3184,333396,,PSORF
RED ROCK RESORTS INC,75700L108,3183,92904,,
INDEPENDENT BANK GROUP INC,45384B106,3173,51680,,
WEBSTER FINL CORP,947890109,3165,70033,,
TRICON RESIDENTIAL INC,89612W102,3164,365734,,
VERACYTE INC,92337F107,3163,190527,,
HERITAGE FINL CORP WASH,42722X106,3156,119224,,
WD 40 CO,929236107,3150,17924,,WDFC
PACIRA BIOSCIENCES INC,695127100,3148,59192,,
GERMAN AMERN BANCORP INC,373865104,3143,88025,,
AVALARA INC,05338G106,3137,34175,,
ISHARES TR,464287556,3135,26804,,
TPG INC,872657101,3135,112605,,TPGXL
MAXLINEAR INC,57776J100,3134,96075,,
FLOWERS FOODS INC,343498101,3133,126895,,FLO
VANGUARD INTL EQUITY INDEX F,922042676,3121,81791,,
ASSOCIATED BANC CORP,045487105,3120,155397,,
AXCELIS TECHNOLOGIES INC,054540208,3117,51466,,ACLS
PACIFIC BIOSCIENCES CALIF IN,69404D108,3116,536804,,
LIVANOVA PLC,G5509L101,3114,61336,,LIVN
CHESAPEAKE ENERGY CORP,165167735,3098,32886,,
VANGUARD WORLD FDS,92204A504,3096,13838,,
ALBANY INTL CORP,012348108,3094,39254,,
ORTHOPEDIATRICS CORP,68752L100,3084,66832,,KIDS
CORCEPT THERAPEUTICS INC,218352102,3083,120240,,CORT
STONECO LTD,G85158106,3066,321757,,STNE
NICE LTD,653656108,3062,16269,,NCSYF
COUPANG INC,22266T109,3059,183526,,
MACOM TECH SOLUTIONS HLDGS I,55405Y100,3057,59033,,
ISHARES TR,464288885,3052,42055,,
FEDERAL SIGNAL CORP,313855108,3044,81552,,
AMERICAN HOMES 4 RENT,02665T306,3038,92580,,AMH-PH
OAK STR HEALTH INC,67181A107,3036,123832,,
EMBECTA CORP,29082K105,3034,105374,,EMBC
PROPETRO HLDG CORP,74347M108,3017,374748,,
BRINKS CO,109696104,3006,62058,,BCO
YELP INC,985817105,3000,88471,,YELP
HEALTHCARE SVCS GROUP INC,421906108,2999,248063,,
OUTFRONT MEDIA INC,69007J106,2999,197417,,OUT
VIR BIOTECHNOLOGY INC,92764N102,2999,155539,,
ENANTA PHARMACEUTICALS INC,29251M106,2996,57762,,ENTA
ENCOMPASS HEALTH CORP,29261A100,2989,66084,,EHC
VANGUARD SCOTTSDALE FDS,92206C664,2987,44829,,
DONNELLEY FINL SOLUTIONS INC,25787G100,2984,80711,,
AXALTA COATING SYS LTD,G0750C108,2984,141703,,
SELECT MED HLDGS CORP,81619Q105,2981,134890,,
ISHARES TR,464288638,2978,6167405,,
MEDICAL PPTYS TRUST INC,58463J304,2970,250407,,
CONMED CORP,207410101,2967,37006,,CNMD
RANGE RES CORP,75281A109,2963,117285,,
DENALI THERAPEUTICS INC,24823R105,2953,96226,,DNLI
POST HLDGS INC,737446104,2951,36027,,
TOPBUILD CORP,89055F103,2931,17785,,
BROOKFIELD RENEWABLE CORP,11284V105,2928,89592,,BEPC
SCHNITZER STEEL INDS INC,806882106,2904,102026,,
ENPRO INDS INC,29355X107,2903,34163,,
PRA GROUP INC,69354N106,2901,88275,,PRAA
AZZ INC,002474104,2893,79244,,AZZ
STEWART INFORMATION SVCS COR,860372101,2885,66109,,
FIDELITY COVINGTON TRUST,316092600,2879,49940,,
EASTGROUP PPTYS INC,277276101,2874,19913,,
INSMED INC,457669307,2870,133240,,INSM
YANDEX N V,N97284108,2861,191852,,
APOGEE ENTERPRISES INC,037598109,2859,74804,,
EVERCORE INC,29977A105,2859,34762,,EVR
ISHARES TR,46435U853,2856,8495353,,
UNITY SOFTWARE INC,91332U101,2852,89529,,U
TREX CO INC,89531P105,2849,64844,,TREX
CLEVELAND-CLIFFS INC NEW,185899101,2844,211115,,CLF
REGENXBIO INC,75901B107,2837,107334,,RGNX
GREAT SOUTHN BANCORP INC,390905107,2833,49635,,
LOGITECH INTL S A,H50430232,2823,61369,,
PURE STORAGE INC,74624M102,2815,102852,,
WORLD ACCEP CORPORATION,981419104,2802,28942,,
PITNEY BOWES INC,724479100,2791,1197695,,
KE HLDGS INC,482497104,2789,159192,,
ADVANCED DRAIN SYS INC DEL,00790R104,2778,22335,,
NUVASIVE INC,670704105,2777,63382,,
SUPER MICRO COMPUTER INC,86800U104,2777,50421,,
VANGUARD WORLD FD,921910733,2769,44011,,
SCHWAB STRATEGIC TR,808524797,2768,41670,,
CAPRI HOLDINGS LIMITED,G1890L107,2763,71877,,
CONSOL ENERGY INC NEW,20854L108,2761,42929,,
RAPID7 INC,753422104,2759,64319,,
SINCLAIR BROADCAST GROUP INC,829226109,2748,151883,,
M/I HOMES INC,55305B101,2743,75703,,
ALPHA METALLURGICAL RESOUR I,020764106,2742,20036,,
KOSMOS ENERGY LTD,500688106,2737,529496,,KOS
BERRY CORP,08579X101,2736,364852,,
ZILLOW GROUP INC,98954M200,2736,95615,,
ADTRAN HOLDINGS INC,00486H105,2733,139601,,
QURATE RETAIL INC,74915M100,2732,1359371,,
SIERRA BANCORP,82620P102,2732,138304,,BSRR
NV5 GLOBAL INC,62945V109,2731,22055,,
SQUARESPACE INC,85225A107,2725,127587,,
CRACKER BARREL OLD CTRY STOR,22410J106,2712,29290,,
HOMESTREET INC,43785V102,2712,94138,,
STORE CAP CORP,862121100,2711,86524,,
PENN ENTERTAINMENT INC,707569109,2694,97932,,
DXP ENTERPRISES INC,233377407,2693,113726,,DXPE
DONALDSON INC,257651109,2683,54747,,
CARA THERAPEUTICS INC,140755109,2682,286536,,
FIDELITY COVINGTON TRUST,316092402,2681,135000,,
GOLAR LNG LTD,G9456A100,2676,107366,,GLNG
FRESH DEL MONTE PRODUCE INC,G36738105,2674,115065,,
CAL MAINE FOODS INC,128030202,2669,48005,,
FLEX LTD,Y2573F102,2669,160231,,FLEX
AGILON HEALTH INC,00857U107,2664,113732,,
CEMEX SAB DE CV,151290889,2660,775466,,CXMSF
ISHARES TR,46436E817,2639,80209,,
AEROVIRONMENT INC,008073108,2636,31627,,AVAV
APPLOVIN CORP,03831W108,2630,134952,,APP
PROTHENA CORP PLC,G72800108,2629,43357,,
MADDEN STEVEN LTD,556269108,2620,98228,,
PEGASYSTEMS INC,705573103,2620,81516,,PEGA
COCA COLA CONS INC,191098102,2618,6358,,
NEW YORK CMNTY BANCORP INC,649445103,2610,306024,,
CACTUS INC,127203107,2609,67883,,
CLARIVATE PLC,G21810109,2596,276435,,CLVT
AUTONATION INC,05329W102,2585,25378,,
VALVOLINE INC,92047W101,2583,101934,,VVV
PRICESMART INC,741511109,2582,44837,,PSMT
VANGUARD MUN BD FDS,922907746,2582,5363563,,
UIPATH INC,90364P105,2581,204656,,
ISHARES TR,464287721,2578,35139,,
FEDERAL AGRIC MTG CORP,313148306,2571,25929,,
MIDDLEBY CORP,596278101,2565,20011,,MIDD
HARLEY DAVIDSON INC,412822108,2564,73498,,
CREDIT SUISSE GROUP,225401108,2559,652705,,
UNIVERSAL DISPLAY CORP,91347P105,2557,27096,,
NVENT ELECTRIC PLC,G6700G107,2556,80850,,NVT
RYDER SYS INC,783549108,2554,33828,,
INNOVATIVE INDL PPTYS INC,45781V101,2547,28781,,
TEXTAINER GROUP HOLDINGS LTD,G8766E109,2546,94780,,
TOLL BROTHERS INC,889478103,2542,60516,,
ALTAIR ENGR INC,021369103,2537,57379,,
ISHARES TR,464287879,2533,30717,,
VANGUARD INDEX FDS,922908611,2533,17667,,
BROOKFIELD RENEWABLE PARTNER,G16258108,2531,80866,,
HANESBRANDS INC,410345102,2528,363288,,
DYNATRACE INC,268150109,2526,72553,,
CRA INTL INC,12618T105,2521,28412,,
TRINET GROUP INC,896288107,2519,35374,,
ZUMIEZ INC,989817101,2518,116950,,ZUMZ
EQUITY COMWLTH,294628102,2511,103075,,
FORMFACTOR INC,346375108,2511,100229,,FORM
ARRAY TECHNOLOGIES INC,04271T100,2510,151385,,
UNITIL CORP,913259107,2508,53989,,UTL
COLUMBUS MCKINNON CORP N Y,199333105,2503,95685,,
SILVERGATE CAP CORP,82837P408,2499,33170,,
TRINITY INDS INC,896522109,2499,117033,,
CLEAN ENERGY FUELS CORP,184499101,2498,467790,,CLNE
TREEHOUSE FOODS INC,89469A104,2491,58725,,
VERINT SYS INC,92343X100,2491,74174,,
OMEGA HEALTHCARE INVS INC,681936100,2480,84105,,
CENTRAL GARDEN & PET CO,153527205,2478,72550,,CENTA
AMERESCO INC,02361E108,2477,37263,,
KONTOOR BRANDS INC,50050N103,2473,73585,,
UNITED FIRE GROUP INC,910340108,2471,86016,,UFCS
BRADY CORP,104674106,2467,59120,,BRC
NMI HLDGS INC,629209305,2467,121130,,
BOK FINL CORP,05561Q201,2466,27751,,
ASE TECHNOLOGY HLDG CO LTD,00215W100,2460,492963,,
COHERENT CORP,19247G107,2460,70575,,COHR
MERIDIANLINK INC,58985J105,2460,151098,,
CARTERS INC,146229109,2456,37485,,CRI
PLANET FITNESS INC,72703H101,2456,42593,,
VANGUARD WORLD FDS,92204A405,2455,32977,,
B & G FOODS INC NEW,05508R106,2451,148635,,
EDGEWELL PERS CARE CO,28035Q102,2451,65534,,
O-I GLASS INC,67098H104,2443,188634,,
AEGON N V,007924103,2439,615982,,
PENUMBRA INC,70975L107,2439,12865,,PEN
UTZ BRANDS INC,918090101,2439,161547,,
GILDAN ACTIVEWEAR INC,375916103,2438,86252,,GIL
IONIS PHARMACEUTICALS INC,462222100,2430,54947,,IONS
ESCO TECHNOLOGIES INC,296315104,2426,33029,,ESE
WHITE MTNS INS GROUP LTD,G9618E107,2426,1862,,
SEMTECH CORP,816850101,2424,82433,,SMTC
ERIE INDTY CO,29530P102,2422,10896,,
MATIV HOLDINGS INC,808541106,2421,109658,,
MOELIS & CO,60786M105,2418,71530,,MC
AGCO CORP,001084102,2407,25025,,
NEXPOINT RESIDENTIAL TR INC,65341D102,2407,52080,,
ITT INC,45073V108,2405,36806,,ITT
ARCHROCK INC,03957W106,2399,373618,,
FLEXSHARES TR,33939L605,2397,10242200,,
ADAPTHEALTH CORP,00653Q102,2390,127286,,AHCO
PDC ENERGY INC,69327R101,2388,41325,,
GOLDMAN SACHS ETF TR,381430503,2385,33587,,
SHUTTERSTOCK INC,825690100,2384,47512,,
TRUSTCO BK CORP N Y,898349204,2378,75700,,
UNIVEST FINANCIAL CORPORATIO,915271100,2374,101115,,
WNS HLDGS LTD,92932M101,2372,28988,,
PALOMAR HLDGS INC,69753M105,2371,28318,,
DIMENSIONAL ETF TRUST,25434V500,2367,5087392,,
FRESENIUS MED CARE AG&CO KGA,358029106,2367,168611,,
VANGUARD INDEX FDS,922908595,2362,12107,,
HAWKINS INC,420261109,2360,60519,,HWKN
WESTERN ALLIANCE BANCORP,957638109,2353,35785,,WAL-PA
LEGGETT & PLATT INC,524660107,2351,70775,,LEG
LOUISIANA PAC CORP,546347105,2351,45933,,
SHOALS TECHNOLOGIES GROUP IN,82489W107,2351,109072,,
MDU RES GROUP INC,552690109,2344,85704,,
PROGRESS SOFTWARE CORP,743312100,2338,54946,,
ABCELLERA BIOLOGICS INC,00288U106,2336,236172,,ABCL
POLARIS INC,731068102,2327,24328,,PII
ISHARES TR,46435U713,2326,72150,,
TEVA PHARMACEUTICAL INDS LTD,881624209,2323,287885,,
GRAHAM HLDGS CO,384637104,2315,4304,,
SCHWAB STRATEGIC TR,808524508,2315,38248,,
TTEC HLDGS INC,89854H102,2315,52253,,
ALIGHT INC,01626W101,2314,315684,,
CENTERSPACE,15202L107,2311,34331,,CSR
THOR INDS INC,885160101,2305,32937,,
DIGITALBRIDGE GROUP INC,25401T603,2302,184052,,
GAMESTOP CORP NEW,36467W109,2302,91615,,GME-WT
IVERIC BIO INC,46583P102,2299,128159,,
AMBARELLA INC,G037AX101,2295,40847,,AMBA
TRUPANION INC,898202106,2290,38527,,
INSTALLED BLDG PRODS INC,45780R101,2287,28244,,
APTARGROUP INC,038336103,2275,23943,,
CAVCO INDS INC DEL,149568107,2273,11049,,
HUB GROUP INC,443320106,2271,32920,,
LATTICE SEMICONDUCTOR CORP,518415104,2271,46156,,LSCC
COCA-COLA FEMSA SAB DE CV,191241108,2270,38878,,
LIBERTY MEDIA CORP DEL,531229409,2265,59491,,FWONB
APPFOLIO INC,03783C100,2248,21471,,APPF
STOCK YDS BANCORP INC,861025104,2247,33035,,
BIOCRYST PHARMACEUTICALS INC,09058V103,2239,177672,,BCRX
ROYAL GOLD INC,780287108,2239,23860,,RGLD
DROPBOX INC,26210C104,2237,107974,,
GRAPHIC PACKAGING HLDG CO,388689101,2237,113311,,
ITRON INC,465741106,2231,52973,,
HECLA MNG CO,422704106,2229,565693,,
MADISON SQUARE GRDN SPRT COR,55825T103,2229,16307,,
CONNECTONE BANCORP INC,20786W107,2223,96405,,
GENTHERM INC,37253A103,2219,44611,,THRM
COMSTOCK RES INC,205768302,2217,128243,,
PRIMORIS SVCS CORP,74164F103,2214,136250,,
COMMSCOPE HLDG CO INC,20337X109,2203,239155,,
CENTRAL PAC FINL CORP,154760409,2197,106196,,
CURTISS WRIGHT CORP,231561101,2196,15780,,CW
UMH PPTYS INC,903002103,2195,135903,,
AVNET INC,053807103,2193,60722,,AVT
VAREX IMAGING CORP,92214X106,2187,103451,,VREX
MICROSTRATEGY INC,594972408,2183,10285,,
TIMKEN CO,887389104,2173,36814,,TKR
NORDSTROM INC,655664100,2164,129352,,
CHURCHILL DOWNS INC,171484108,2162,11741,,CHDN
CSG SYS INTL INC,126349109,2151,40669,,
NEW YORK TIMES CO,650111107,2151,74817,,NYT
NU SKIN ENTERPRISES INC,67018T105,2143,64221,,
IMPINJ INC,453204109,2141,26750,,PI
CIENA CORP,171779309,2140,52933,,CIEN
EDITAS MEDICINE INC,28106W103,2137,174561,,
BEAZER HOMES USA INC,07556Q881,2135,220802,,BZH
SYNOVUS FINL CORP,87161C501,2135,56921,,
ALCOA CORP,013872106,2134,63410,,AA
WEATHERFORD INTL PLC,G48833118,2132,66031,,
NUTANIX INC,67059N108,2129,102207,,
TENET HEALTHCARE CORP,88033G407,2122,41135,,THC
SONOCO PRODS CO,835495102,2119,37361,,
TRADEWEB MKTS INC,892672106,2115,37489,,
SEACOAST BKG CORP FLA,811707801,2113,69901,,
DOLBY LABORATORIES INC,25659T107,2110,32384,,
VALMONT INDS INC,920253101,2100,7819,,
SAMSARA INC,79589L106,2098,173785,,IOT
IAA INC,449253103,2095,65762,,
MORNINGSTAR INC,617700109,2093,9859,,
BRUKER CORP,116794108,2091,39412,,BRKRP
WEX INC,96208T104,2091,16474,,WEX
ENERGIZER HLDGS INC NEW,29272W109,2081,82791,,
LI AUTO INC,50202M102,2078,90298,,LAAOF
LIBERTY GLOBAL PLC,G5480U120,2077,125909,,
WINNEBAGO INDS INC,974637100,2074,38979,,
GENWORTH FINL INC,37247D106,2071,591818,,
SPDR SER TR,78464A508,2070,60012,,
ARVINAS INC,04335A105,2066,46430,,
PIPER SANDLER COMPANIES,724078100,2061,19675,,PIPR
FINANCIAL INSTNS INC,317585404,2058,85511,,
WINTRUST FINL CORP,97650W108,2058,25233,,
UNITED STATES STL CORP NEW,912909108,2054,113377,,
MARCUS & MILLICHAP INC,566324109,2050,62530,,
WORLD FUEL SVCS CORP,981475106,2045,87264,,
DUOLINGO INC,26603R106,2039,21412,,
SUNRUN INC,86771W105,2038,73872,,RUN
ARCH RESOURCES INC,03940R107,2036,17168,,
GIBRALTAR INDS INC,374689107,2035,49714,,
JACKSON FINANCIAL INC,46817M107,2029,73100,,JXN-PA
QCR HOLDINGS INC,74727A104,2027,39799,,QCRH
VONTIER CORPORATION,928881101,2022,120994,,VNT
MIDDLESEX WTR CO,596680108,2020,26165,,
REX AMERICAN RES CORP,761624105,2015,72174,,
PHREESIA INC,71944F106,2010,78899,,
GUARDANT HEALTH INC,40131M109,2007,37280,,
NATERA INC,632307104,2005,45755,,
MASTEC INC,576323109,2003,31550,,MTZ
STRIDE INC,86333M108,1999,47563,,
LIBERTY GLOBAL PLC,G5480U104,1993,127829,,
ISHARES TR,464287242,1991,1943193,,
Q2 HLDGS INC,74736L109,1989,61769,,
SONOS INC,83570H108,1979,142370,,SONO
GERDAU SA,373737105,1977,437339,,
ARMADA HOFFLER PPTYS INC,04208T108,1976,190355,,
M D C HLDGS INC,552676108,1972,71926,,
BENTLEY SYS INC,08265T208,1971,64424,,
WILEY JOHN & SONS INC,968223206,1968,52401,,
GLOBAL NET LEASE INC,379378201,1961,184098,,
FIRST INDL RLTY TR INC,32054K103,1957,43667,,
HESKA CORP,42805E306,1956,26820,,
SHAKE SHACK INC,819047101,1952,43403,,SHAK
MGP INGREDIENTS INC NEW,55303J106,1951,18381,,MGPI
ROBINHOOD MKTS INC,770700102,1943,192355,,
PAGERDUTY INC,69553P100,1941,84116,,
HUNTSMAN CORP,447011107,1939,79030,,HUN
RITHM CAPITAL CORP,64828T201,1938,264779,,RITM-PD
DIME CMNTY BANCSHARES INC,25432X102,1935,66088,,
REVANCE THERAPEUTICS INC,761330109,1933,71590,,
RYERSON HLDG CORP,783754104,1931,75012,,
IROBOT CORP,462726100,1929,34249,,
DIMENSIONAL ETF TRUST,25434V401,1923,49538,,
KINROSS GOLD CORP,496902404,1922,511057,,KGCRF
AVID BIOSERVICES INC,05368M106,1921,100478,,
F N B CORP,302520101,1920,165509,,
HAWAIIAN ELEC INDUSTRIES,419870100,1919,55371,,
JBG SMITH PPTYS,46590V100,1919,103300,,
HORIZON BANCORP INC,440407104,1917,106732,,
CREDIT ACCEP CORP MICH,225310101,1911,4362,,
MARRIOTT VACATIONS WORLDWIDE,57164Y107,1910,15675,,
CORVEL CORP,221006109,1909,13787,,CRVL
TELEPHONE & DATA SYS INC,879433829,1906,137115,,
LINDSAY CORP,535555106,1904,13290,,LNN
MASONITE INTL CORP,575385109,1904,26710,,
BRIGHT HORIZONS FAM SOL IN D,109194100,1903,33018,,
TWIST BIOSCIENCE CORP,90184D100,1898,53850,,TWST
CALLON PETE CO DEL,13123X508,1889,53963,,
VERICEL CORP,92346J108,1889,81405,,VCEL
ADAPTIVE BIOTECHNOLOGIES COR,00650F109,1888,265108,,
IRONWOOD PHARMACEUTICALS INC,46333X108,1887,182126,,IRWD
ACADIA PHARMACEUTICALS INC,004225108,1886,115311,,ACAD
NATIONAL FUEL GAS CO,636180101,1886,30646,,NFG
MUELLER WTR PRODS INC,624758108,1882,183238,,
STARWOOD PPTY TR INC,85571B105,1881,103258,,
ISHARES TR,464288281,1880,23672,,
LYFT INC,55087P104,1878,142593,,
XOMETRY INC,98423F109,1870,32931,,
BRIGHTHOUSE FINL INC,10922N103,1869,43050,,
ARBOR REALTY TRUST INC,038923108,1868,162425,,ABR-PF
PREMIER FINANCIAL CORP,74052F108,1868,72690,,
EXTREME NETWORKS INC,30226D106,1863,142540,,EXTR
STEM INC,85859N102,1862,139564,,
BERRY GLOBAL GROUP INC,08579W103,1861,39991,,
ISHARES TR,464287887,1861,18308,,
VANGUARD INTL EQUITY INDEX F,922042874,1860,40312,,
RH,74967X103,1856,7544,,RH
DRAFTKINGS INC NEW,26142V105,1851,122275,,DKNG
FATE THERAPEUTICS INC,31189P102,1851,82614,,FATE
LIBERTY MEDIA CORP DEL,531229888,1843,67034,,FWONB
HERBALIFE NUTRITION LTD,G4412G101,1842,92622,,
AVIS BUDGET GROUP,053774105,1840,12392,,
ENERGY TRANSFER L P,29273V100,1836,166421,,
PJT PARTNERS INC,69343T107,1836,27482,,PJT
POPULAR INC,733174700,1833,25444,,
TENARIS S A,88031M109,1833,70933,,
SCANSOURCE INC,806037107,1831,69312,,
APOLLO MED HLDGS INC,03763A207,1830,46920,,
ZTO EXPRESS CAYMAN INC,98980A105,1827,76032,,
PEAPACK-GLADSTONE FINL CORP,704699107,1823,54177,,
FLAGSTAR BANCORP INC,337930705,1818,54418,,
ENOVIX CORPORATION,293594107,1812,98843,,ENVX
MAGELLAN MIDSTREAM PRTNRS LP,559080106,1809,38084,,
TOWNEBANK PORTSMOUTH VA,89214P109,1802,67170,,
EXELIXIS INC,30161Q104,1798,114667,,
LUMINAR TECHNOLOGIES INC,550424105,1798,246769,,
SUNNOVA ENERGY INTL INC.,86745K104,1792,81151,,
SUNPOWER CORP,867652406,1782,77326,,
PREMIER INC,74051N102,1779,52429,,
KORNIT DIGITAL LTD,M6372Q113,1779,66862,,KRNT
HEARTLAND FINL USA INC,42234Q102,1772,40869,,
URBAN EDGE PPTYS,91704F104,1772,132858,,
E L F BEAUTY INC,26856L103,1770,47056,,
INTERACTIVE BROKERS GROUP IN,45841N107,1769,27685,,
HELIOS TECHNOLOGIES INC,42328H109,1768,34937,,
DAVE & BUSTERS ENTMT INC,238337109,1764,56836,,
HOPE BANCORP INC,43940T109,1762,139386,,HOPE
GRIFFON CORP,398433102,1760,59619,,GFF
US FOODS HLDG CORP,912008109,1760,66584,,
VICOR CORP,925815102,1757,29714,,VICR
OCEANEERING INTL INC,675232102,1753,220243,,
MACERICH CO,554382101,1751,220533,,MAC
THE AARONS COMPANY INC,00258W108,1741,179156,,
ALBERTSONS COS INC,013091103,1741,70036,,
BLOOMIN BRANDS INC,094235108,1741,94976,,
EVO PMTS INC,26927E104,1741,52269,,
DEFINITIVE HEALTHCARE CORP,24477E103,1740,111955,,DH
BUMBLE INC,12047B105,1738,80884,,BMBL
MEDIFAST INC,58470H101,1738,16035,,MED
FIRST BUSEY CORP,319383204,1737,79005,,
BREAD FINANCIAL HOLDINGS INC,018581108,1735,55160,,
EPR PPTYS,26884U109,1733,48313,,
PROS HOLDINGS INC,74346Y103,1728,69966,,
ISHARES TR,464287739,1724,21178,,
COUPA SOFTWARE INC,22266L106,1719,29242,,
EXP WORLD HLDGS INC,30212W100,1719,153367,,
PRIMERICA INC,74164M108,1711,13862,,
SPIRIT AIRLS INC,848577102,1707,90690,,
NOBLE CORP NEW,G65431127,1705,57638,,
PING IDENTITY HLDG CORP,72341T103,1700,60566,,
MYR GROUP INC DEL,55405W104,1692,19971,,MYRG
RLJ LODGING TR,74965L101,1689,166895,,
ASANA INC,04342Y104,1687,75883,,
STERLING INFRASTRUCTURE INC,859241101,1686,78537,,
AMERCO,023586100,1677,3293,,
SYLVAMO CORP,871332102,1677,49465,,SLVM
ISHARES TR,464287671,1672,20850,,
SEAWORLD ENTMT INC,81282V100,1670,36701,,
EBIX INC,278715206,1663,87650,,
CHEESECAKE FACTORY INC,163072101,1660,56700,,CAKE
EXPRO GROUP HOLDINGS NV,N3144W105,1659,130214,,
PDF SOLUTIONS INC,693282105,1656,67501,,PDFS
1ST SOURCE CORP,336901103,1654,35728,,SRCE
WESTLAKE CORPORATION,960413102,1654,19040,,WLK
TELADOC HEALTH INC,87918A105,1651,65124,,
PARK HOTELS & RESORTS INC,700517105,1649,146421,,PK
CANNAE HLDGS INC,13765N107,1647,79717,,
SWITCH INC,87105L104,1645,48815,,
H WORLD GROUP LTD,44332N106,1644,49008,,HWLDF
PROMETHEUS BIOSCIENCES INC,74349U108,1644,27853,,
FIRST BANCSHARES INC MS,318916103,1642,54959,,
TRANSMEDICS GROUP INC,89377M109,1642,39336,,
SIGNIFY HEALTH INC,82671G100,1634,56069,,
REPUBLIC BANCORP INC KY,760281204,1631,42584,,
RESOURCES CONNECTION INC,76122Q105,1631,90242,,
CYBERARK SOFTWARE LTD,M2682V108,1626,10843,,
GREIF INC,397624107,1624,27260,,
UNITED STATES CELLULAR CORP,911684108,1624,62381,,
WASHINGTON REAL ESTATE INVT,939653101,1614,91934,,
ALTERYX INC,02156B103,1610,28838,,
MERCURY SYS INC,589378108,1608,39599,,
STRATEGIC ED INC,86272C103,1606,26160,,
MSC INDL DIRECT INC,553530106,1601,21983,,
PGT INNOVATIONS INC,69336V101,1597,76181,,
BROWN FORMAN CORP,115637100,1595,23613,,BF-B
CLEARFIELD INC,18482P103,1594,15230,,
LIGAND PHARMACEUTICALS INC,53220K504,1592,18485,,LGNZZ
WISDOMTREE TR,97717W505,1592,42269,,
CARGURUS INC,141788109,1590,112242,,
DNP SELECT INCOME FD INC,23325P104,1585,152959,,
FUBOTV INC,35953D104,1582,445728,,FUBO
TENNECO INC,880349105,1581,90887,,
PRIMO WATER CORPORATION,74167P108,1580,125895,,
XPERI HOLDING CORP,98390M103,1576,111422,,
AMALGAMATED FINANCIAL CORP,022671101,1571,69679,,AMAL
VERITIV CORP,923454102,1571,16069,,
GRANITE CONSTR INC,387328107,1569,61810,,
VICTORIAS SECRET AND CO,926400102,1566,53769,,
WORTHINGTON INDS INC,981811102,1566,41069,,
ACCOLADE INC,00437E102,1562,136754,,
APPIAN CORP,03782L101,1558,38146,,APPN
MODIVCARE INC,60783X104,1556,15614,,
EASTERLY GOVT PPTYS INC,27616P103,1551,98371,,
LGI HOMES INC,50187T106,1550,19051,,
UPWORK INC,91688F104,1550,113792,,
CYTEK BIOSCIENCES INC,23285D109,1546,105041,,
AXSOME THERAPEUTICS INC,05464T104,1545,34618,,
EVERI HLDGS INC,30034T103,1542,95062,,
NEVRO CORP,64157F103,1536,32953,,
AZENTA INC,114340102,1533,35776,,
ACCO BRANDS CORP,00081T108,1528,311822,,ACCO
KILROY RLTY CORP,49427F108,1527,36265,,
MKS INSTRS INC,55306N104,1519,18379,,
GLOBALFOUNDRIES INC,G39387108,1515,31337,,GFS
CASSAVA SCIENCES INC,14817C107,1513,36170,,
UNITI GROUP INC,91325V108,1510,217288,,UNIT
AMPHASTAR PHARMACEUTICALS IN,03209R103,1507,53616,,
DIGITAL TURBINE INC,25400W102,1506,104498,,
INVESCO EXCHANGE TRADED FD T,46137V613,1506,10853,,
XPEL INC,98379L100,1506,23364,,
TEMPUR SEALY INTL INC,88023U101,1505,62327,,
MSA SAFETY INC,553498106,1502,13741,,MNESP
SMARTSHEET INC,83200N103,1498,43606,,
SABRE CORP,78573M104,1497,290758,,SABR
MANPOWERGROUP INC WIS,56418H100,1496,23127,,
ARGO GROUP INTL HLDGS LTD,G0464B107,1496,77672,,
CENTURY CASINOS INC,156492100,1494,227795,,
SILK RD MED INC,82710M100,1491,33130,,
SITEONE LANDSCAPE SUPPLY INC,82982L103,1488,14293,,
APOLLO COML REAL EST FIN INC,03762U105,1483,178619,,
ULTRAGENYX PHARMACEUTICAL IN,90400D108,1483,35804,,
CONCENTRIX CORP,20602D101,1482,13280,,CNXC
NATIONAL STORAGE AFFILIATES,637870106,1482,35653,,
OSI SYSTEMS INC,671044105,1478,20511,,OSIS
VANGUARD BD INDEX FDS,921937827,1477,1974440,,
HAIN CELESTIAL GROUP INC,405217100,1476,87463,,HAIN
XEROX HOLDINGS CORP,98421M106,1474,112675,,XRXDW
BRP GROUP INC,05589G102,1473,55895,,
HORACE MANN EDUCATORS CORP N,440327104,1473,41747,,
AIR TRANSPORT SERVICES GRP I,00922R105,1470,61023,,
ULTRA CLEAN HLDGS INC,90385V107,1460,56681,,
DYNAVAX TECHNOLOGIES CORP,268158201,1453,139136,,
RCI HOSPITALITY HLDGS INC,74934Q108,1453,22235,,
BEIGENE LTD,07725L102,1449,10750,,
TRIPADVISOR INC,896945201,1447,65527,,
KRYSTAL BIOTECH INC,501147102,1446,20743,,
NAPCO SEC TECHNOLOGIES INC,630402105,1443,49622,,
MERCANTILE BK CORP,587376104,1441,48494,,
ZIPRECRUITER INC,98980B103,1440,87264,,
VANGUARD WORLD FD,921910816,1438,8249,,
NEW RELIC INC,64829B100,1437,25044,,
GLOBAL INDUSTRIAL COMPANY,37892E102,1436,53507,,
EAGLE MATLS INC,26969P108,1434,13383,,
KNOWBE4 INC,49926T104,1430,68727,,
MATTHEWS INTL CORP,577128101,1427,63680,,
MAXAR TECHNOLOGIES INC,57778K105,1414,75518,,
AVANGRID INC,05351W103,1412,33867,,
NEXTIER OILFIELD SOLUTIONS,65290C105,1411,190628,,
HOOKER FURNISHINGS CORPORATI,439038100,1410,104513,,
ISHARES S&P GSCI COMMODITY-,46428R107,1410,68525,,
SKECHERS U S A INC,830566105,1405,44287,,
HARMONIC INC,413160102,1404,107427,,HLIT
TRONOX HOLDINGS PLC,G9087Q102,1402,114449,,TROX
HYATT HOTELS CORP,448579102,1401,17311,,H
FLOWSERVE CORP,34354P105,1400,57622,,FLS
AMERICAN ASSETS TR INC,024013104,1398,54355,,
CEREVEL THERAPEUTICS HLDNG I,15678U128,1389,49163,,
FIRST CMNTY BANKSHARES INC V,31983A103,1389,43354,,
PACWEST BANCORP DEL,695263103,1389,61482,,
EURONET WORLDWIDE INC,298736109,1388,18324,,
FRONTIER COMMUNICATIONS PARE,35909D109,1388,59244,,
CONSTELLIUM SE,F21107101,1387,136831,,CSTM
INTERDIGITAL INC,45867G101,1385,34261,,
VANGUARD WORLD FDS,92204A108,1384,5889,,
EVERBRIDGE INC,29978A104,1379,44646,,
METROPOLITAN BK HLDG CORP,591774104,1378,21407,,
GXO LOGISTICS INCORPORATED,36262G101,1377,39275,,
HAYWARD HLDGS INC,421298100,1374,154935,,
BRINKER INTL INC,109641100,1370,54842,,
SHYFT GROUP INC,825698103,1370,67037,,
SITIME CORP,82982T106,1368,17378,,SITM
COSTAMARE INC,Y1771G102,1365,152491,,CMRE-PB
AERCAP HOLDINGS NV,N00985106,1364,32224,,
CHANNELADVISOR CORP,159179100,1361,60048,,
URBAN OUTFITTERS INC,917047102,1357,69040,,URBN
AURORA INNOVATION INC,051774107,1356,613629,,
ENERPAC TOOL GROUP CORP,292765104,1356,76047,,EPAC
INNOVAGE HLDG CORP,45784A104,1355,230359,,
MARAVAI LIFESCIENCES HLDGS I,56600D107,1354,53054,,
VIRTU FINL INC,928254101,1351,65039,,
SYNDAX PHARMACEUTICALS INC,87164F105,1347,56037,,SNDX
GLOBUS MED INC,379577208,1343,22553,,
DIMENSIONAL ETF TRUST,25434V708,1341,60297,,
VAXCYTE INC,92243G108,1337,55723,,
PROTO LABS INC,743713109,1335,36654,,PRLB
PROVIDENT FINL SVCS INC,74386T105,1334,68395,,
SES AI CORPORATION,78397Q109,1333,273087,,SES-WT
CROSS CTRY HEALTHCARE INC,227483104,1329,46842,,
INTEVAC INC,461148108,1322,284318,,
CONSTRUCTION PARTNERS INC,21044C107,1317,50228,,
ALLEGIANT TRAVEL CO,01748X102,1316,18031,,ALGT
FIRST MID ILL BANCSHARES INC,320866106,1316,41162,,
TATA MTRS LTD,876568502,1311,54050,,
CANO HEALTH INC,13781Y103,1310,151066,,
CINEMARK HLDGS INC,17243V102,1309,108064,,
MILLERKNOLL INC,600544100,1300,83335,,
RINGCENTRAL INC,76680R206,1299,32520,,
ALLOVIR INC,019818103,1297,164362,,
LIVERAMP HLDGS INC,53815P108,1296,71381,,
PROASSURANCE CORP,74267C106,1293,66268,,
CORECIVIC INC,21871N101,1292,146118,,
ISHARES TR,464288513,1291,1808818,,
TOAST INC,888787108,1289,77094,,
VERVE THERAPEUTICS INC,92539P101,1289,37540,,
CLEAR SECURE INC,18467V109,1287,56314,,
ACADIA RLTY TR,004239109,1285,101789,,
ARTESIAN RES CORP,043113208,1283,26661,,
VANGUARD INDEX FDS,922908652,1283,10093,,
FB FINL CORP,30257X104,1281,33536,,
PIEDMONT OFFICE REALTY TR IN,720190206,1279,121120,,
AUDIOCODES LTD,M15342104,1277,58544,,AUDC
ISHARES TR,464288521,1276,26867,,
SPRINKLR INC,85208T107,1276,138436,,
EARTHSTONE ENERGY INC,27032D304,1275,103530,,
NETGEAR INC,64111Q104,1275,63644,,
CHARGEPOINT HOLDINGS INC,15961R105,1271,86108,,
SCHRODINGER INC,80810D103,1270,50827,,
COMPUTER PROGRAMS & SYS INC,205306103,1267,45436,,
GRUPO TELEVISA S A B,40049J206,1267,235551,,
BRANDYWINE RLTY TR,105368203,1264,187222,,
ISHARES TR,46432F339,1264,12157,,
FIRSTSERVICE CORP NEW,33767E202,1262,10604,,FSV
VECTOR GROUP LTD,92240M108,1262,143202,,
NABORS INDUSTRIES LTD,G6359F137,1261,12430,,NBR
SPDR SER TR,78464A854,1260,29999,,
TENNANT CO,880345103,1260,22275,,TNC
VANGUARD WHITEHALL FDS,921946810,1258,20300,,
BYLINE BANCORP INC,124411109,1255,61973,,
LAREDO PETROLEUM INC,516806205,1251,19905,,
TELLURIAN INC NEW,87968A104,1250,523159,,
HARMONY BIOSCIENCES HLDGS IN,413197104,1245,28116,,
TWO HBRS INVT CORP,90187B408,1245,374996,,
WENDYS CO,95058W100,1244,66564,,
NOW INC,67011P100,1243,123635,,
DRIVEN BRANDS HLDGS INC,26210V102,1241,44338,,
RECURSION PHARMACEUTICALS IN,75629V104,1241,116608,,
VANGUARD ADMIRAL FDS INC,921932505,1236,5925,,
BRIGHAM MINERALS INC,10918L103,1230,49865,,
NATIONAL BEVERAGE CORP,635017106,1227,31830,,FIZZ
AMC ENTMT HLDGS INC,00165C104,1222,175346,,
FIRST BUSINESS FINL SVCS INC,319390100,1222,37815,,
VERTEX INC,92538J106,1222,89427,,
NEWPARK RES INC,651718504,1221,484625,,
ADVANSIX INC,00773T101,1220,38001,,ASIX
AVANOS MED INC,05350V106,1218,55914,,
LIFESTANCE HEALTH GROUP INC,53228F101,1217,183810,,
STEPSTONE GROUP INC,85914M107,1217,49669,,STEP
CHIMERA INVT CORP,16934Q208,1215,232817,,
CITY OFFICE REIT INC,178587101,1215,121910,,
CALERES INC,129500104,1213,50101,,CAL
UNIVAR SOLUTIONS INC,91336L107,1213,53352,,
RADNET INC,750491102,1209,59398,,
BLUCORA INC,095229100,1207,62404,,
XPONENTIAL FITNESS INC,98422X101,1207,66117,,
DINE BRANDS GLOBAL INC,254423106,1206,18972,,
EXPENSIFY INC,30219Q106,1205,80961,,
FUELCELL ENERGY INC,35952H601,1204,353093,,FCELB
UBIQUITI INC,90353W103,1204,4102,,UI
CELLDEX THERAPEUTICS INC NEW,15117B202,1203,42806,,
KNOWLES CORP,49926D109,1201,98656,,KN
PAYONEER GLOBAL INC,70451X104,1201,198561,,PAYO
MODINE MFG CO,607828100,1194,92265,,
MP MATERIALS CORP,553368101,1192,43656,,
MANCHESTER UTD PLC NEW,G5784H106,1192,89834,,
COUSINS PPTYS INC,222795502,1191,51009,,
REVOLUTION MEDICINES INC,76155X100,1190,60350,,
PREFORMED LINE PRODS CO,740444104,1187,16688,,
TOMPKINS FINL CORP,890110109,1184,16304,,
BANCO DE CHILE,059520106,1182,66879,,
PARAMOUNT GROUP INC,69924R108,1182,189792,,
RENT A CTR INC NEW,76009N100,1181,67455,,
BIOLIFE SOLUTIONS INC,09062W204,1180,51848,,BLFS
CENTRAIS ELETRICAS BRASILEIR,15234Q207,1180,146935,,
CAPITOL FED FINL INC,14057J101,1178,141930,,
FISKER INC,33813J106,1172,155263,,
BLUE OWL CAPITAL INC,09581B103,1168,126513,,OWL
BANK FIRST CORP,06211J100,1165,15232,,BFC
LIBERTY BROADBAND CORP,530307107,1164,15606,,LBRDP
PERMIAN RESOURCES CORP,71424F105,1161,170707,,PR
FLYWIRE CORPORATION,302492103,1155,50304,,FLYW
TRIUMPH BANCORP INC,89679E300,1153,21213,,
LAZARD LTD,G54050102,1153,36217,,
MIRATI THERAPEUTICS INC,60468T105,1151,16474,,
COURSERA INC,22266M104,1144,106110,,
VEECO INSTRS INC DEL,922417100,1143,62389,,
TRIMAS CORP,896215209,1142,45566,,TRS
SERVICE PPTYS TR,81761L102,1137,219118,,
AXIS CAP HLDGS LTD,G0692U109,1136,23121,,
FARMLAND PARTNERS INC,31154R109,1130,89157,,FPI
DESIGNER BRANDS INC,250565108,1126,73524,,DBI
LA Z BOY INC,505336107,1126,49871,,
STEVANATO GROUP S P A,T9224W109,1125,66429,,
ENERGY RECOVERY INC,29270J100,1123,51644,,
XPENG INC,98422D105,1123,94009,,XPNGF
CUTERA INC,232109108,1121,24594,,
KIMBALL ELECTRONICS INC,49428J109,1121,65344,,
SURGERY PARTNERS INC,86881A100,1120,47867,,
AFFIRM HLDGS INC,00827B106,1119,59668,,
PATRICK INDS INC,703343103,1118,25493,,
MALIBU BOATS INC,56117J100,1115,23232,,
VISHAY PRECISION GROUP INC,92835K103,1112,37572,,
SOFI TECHNOLOGIES INC,83406F102,1110,227528,,
ZILLOW GROUP INC,98954M101,1110,38772,,
COPA HOLDINGS SA,P31076105,1108,16542,,
IPG PHOTONICS CORP,44980X109,1107,13122,,IPGP
VERIS RESIDENTIAL INC,554489104,1107,97370,,
LUTHER BURBANK CORP,550550107,1105,95122,,
CLEARWAY ENERGY INC,18539C105,1103,37920,,
AVIDXCHANGE HOLDINGS INC,05368X102,1101,130710,,
BOSTON BEER INC,100557107,1101,3403,,
PARSONS CORP DEL,70202L102,1100,28072,,PSN
S & T BANCORP INC,783859101,1100,37533,,
CAMPING WORLD HLDGS INC,13462K109,1099,43385,,
ANYWHERE REAL ESTATE INC,75605Y106,1095,134988,,
ISHARES TR,464288687,1093,34502,,
PENNYMAC MTG INVT TR,70931T103,1089,92476,,
ISHARES TR,464287523,1086,3407,,
INDEPENDENT BK CORP MICH,453838609,1085,56824,,
CIRRUS LOGIC INC,172755100,1083,15744,,
LADDER CAP CORP,505743104,1082,120732,,
REVOLVE GROUP INC,76156B107,1080,49771,,
ENOVIS CORPORATION,194014502,1077,23367,,ENOV
PROCORE TECHNOLOGIES INC,74275K108,1076,21755,,
SENECA FOODS CORP NEW,817070501,1076,21333,,SENEL
PAYSAFE LIMITED,G6964L107,1075,779300,,
CNB FINL CORP PA,126128107,1074,45557,,
TALOS ENERGY INC,87484T108,1071,64326,,TALO
AURINIA PHARMACEUTICALS INC,05156V102,1070,142230,,AUPH
FIBROGEN INC,31572Q808,1062,81602,,
THE BEAUTY HEALTH COMPANY,88331L108,1056,89555,,
GOSSAMER BIO INC,38341P102,1055,88100,,
OCEANFIRST FINL CORP,675234108,1055,56603,,
IMMUNOGEN INC,45253H101,1054,220412,,
GULFPORT ENERGY CORP,402635502,1053,11923,,GPOR
SOUTHERN MO BANCORP INC,843380106,1053,20641,,
BANCOLOMBIA S A,05968L102,1050,43103,,
SPRINGWORKS THERAPEUTICS INC,85205L107,1050,36799,,
CHEFS WHSE INC,163086101,1049,36196,,
URANIUM ENERGY CORP,916896103,1049,299756,,UEC
LENDINGCLUB CORP,52603A208,1047,94785,,
BGC PARTNERS INC,05541T101,1045,332946,,
KYNDRYL HLDGS INC,50155Q100,1043,126081,,
QUIDELORTHO CORP,219798105,1041,14567,,QDEL
DIMENSIONAL ETF TRUST,25434V609,1040,26675,,
RYAN SPECIALTY HOLDINGS INC,78351F107,1040,25601,,
INNOVIVA INC,45781M101,1033,88944,,
ECOPETROL S A,279158109,1032,115614,,
DR REDDYS LABS LTD,256135203,1029,19660,,
SKYWEST INC,830879102,1025,63067,,SKYW
SFL CORPORATION LTD,G7738W106,1025,112497,,SFL
ISHARES TR,46434V621,1024,23026,,
LIBERTY LATIN AMERICA LTD,G9001E128,1024,166425,,LILAP
GREEN DOT CORP,39304D102,1022,53853,,GDOT
MULTIPLAN CORPORATION,62548M100,1022,357267,,
NOVAGOLD RES INC,66987E206,1020,217389,,
MONTAUK RENEWABLES INC,61218C103,1017,58293,,
WARBY PARKER INC,93403J106,1016,76163,,WRBY
ISHARES INC,464286533,1015,20026,,
STURM RUGER & CO INC,864159108,1015,19989,,RGR
NIKOLA CORP,654110105,1012,287599,,
ZENTALIS PHARMACEUTICALS INC,98943L107,1012,46708,,
CCC INTELLIGENT SOLUTIONS HL,12510Q100,1011,111110,,
CVR ENERGY INC,12662P108,1007,34748,,CVI
NATIONAL ENERGY SERVICES REU,G6375R107,1007,169560,,
THOUGHTWORKS HOLDING INC,88546E105,997,95016,,
CREDO TECHNOLOGY GROUP HOLDI,G25457105,994,90392,,
H & E EQUIPMENT SERVICES INC,404030108,993,35022,,
REMITLY GLOBAL INC,75960P104,993,89270,,
MARATHON DIGITAL HOLDINGS IN,565788106,989,92352,,
SIMULATIONS PLUS INC,829214105,988,20361,,
APARTMENT INVT & MGMT CO,03748R747,986,135099,,
SMART GLOBAL HLDGS INC,G8232Y101,984,62018,,
JOBY AVIATION INC,G65163100,979,226132,,
TD SYNNEX CORPORATION,87162W100,977,12032,,SNX
HEIDRICK & STRUGGLES INTL IN,422819102,976,37545,,
RELMADA THERAPEUTICS INC,75955J402,975,26340,,
RESOLUTE FST PRODS INC,76117W109,974,48677,,
BRIDGEBIO PHARMA INC,10806X102,973,97891,,
NEW YORK MTG TR INC,649604501,973,415858,,
ARIS WATER SOLUTIONS INC,04041L106,965,75611,,
PROTERRA INC,74374T109,965,193843,,
PROSHARES TR,74347B714,964,64590,,
PROSHARES TR,74347B425,962,55668,,
VIPSHOP HOLDINGS LIMITED,92763W103,961,114254,,
FIGS INC,30260D103,959,116260,,
TIDEWATER INC NEW,88642R109,957,44123,,TDGMW
GLOBALSTAR INC,378973408,954,599758,,
PROCEPT BIOROBOTICS CORP,74276L105,951,22945,,PRCT
ALX ONCOLOGY HLDGS INC,00166B105,949,99206,,
CRINETICS PHARMACEUTICALS IN,22663K107,949,48328,,
DOUGLAS EMMETT INC,25960P109,948,52864,,DEI
VIRGIN GALACTIC HOLDINGS INC,92766K106,948,201354,,
ABERCROMBIE & FITCH CO,002896207,945,60774,,
GAP INC,364760108,944,114930,,GAP
U S SILICA HLDGS INC,90346E103,942,86029,,
ACLARIS THERAPEUTICS INC,00461U105,940,59729,,
ARROW FINL CORP,042744102,939,32584,,
OVERSTOCK COM INC DEL,690370101,939,38573,,
COEUR MNG INC,192108504,938,274200,,
B. RILEY FINANCIAL INC,05580M108,936,21031,,
WABASH NATL CORP,929566107,936,60165,,
KURA ONCOLOGY INC,50127T109,932,68216,,
YETI HLDGS INC,98585X104,931,32646,,
HIBBETT INC,428567101,930,18672,,
SCHWAB STRATEGIC TR,808524300,930,16670,,
TOOTSIE ROLL INDS INC,890516107,927,27847,,
SHENANDOAH TELECOMMUNICATION,82312B106,926,54381,,
AKERO THERAPEUTICS INC,00973Y108,924,27139,,
SCHWAB STRATEGIC TR,808524805,922,32764,,
BTRS HOLDINGS INC,11778X104,921,99413,,
PAR PAC HOLDINGS INC,69888T207,920,56038,,
LIVE OAK BANCSHARES INC,53803X105,919,30030,,
UFP TECHNOLOGIES INC,902673102,917,10684,,UFPT
NEWMARKET CORP,651587107,916,3045,,NEU
ALIGNMENT HEALTHCARE INC,01625V104,914,77212,,
PATHWARD FINANCIAL INC,59100U108,914,27722,,
NICOLET BANKSHARES INC,65406E102,913,12959,,NIC
COMMUNITY HEALTHCARE TR INC,20369C106,911,27828,,
GREENBRIER COS INC,393657101,911,37539,,
NATURA &CO HLDG S A,63884N108,911,166788,,
DBX ETF TR,233051200,910,27181,,
HOME BANCORP INC,43689E107,909,23320,,
PENNANT GROUP INC,70805E109,909,87334,,
GRAFTECH INTL LTD,384313508,906,210201,,
FRANKLIN BSP RLTY TR INC,35243J101,901,83618,,
INFINERA CORP,45667G103,901,186241,,
SPECTRUM BRANDS HLDGS INC NE,84790A105,901,23072,,
CONFLUENT INC,20717M103,900,37845,,
SMARTFINANCIAL INC,83190L208,900,36430,,SMBK
3-D SYS CORP DEL,88554D205,899,112696,,
KAMAN CORP,483548103,898,32145,,
REPAY HLDGS CORP,76029L100,898,127213,,
UBS AG LONDON BRANCH,90274D374,898,70922,,
ATRION CORP,049904105,897,1587,,
GEO GROUP INC NEW,36162J106,897,116441,,GEO
MACROGENICS INC,556099109,897,259325,,MGNX
COWEN INC,223622606,893,23114,,
EMPIRE ST RLTY TR INC,292104106,893,136081,,
HANGER INC,41043F208,893,47729,,
DUN & BRADSTREET HLDGS INC,26484T106,888,71699,,
DOXIMITY INC,26622P107,887,29364,,
BLUEROCK RESIDENTIAL GWT REI,09627J102,886,33107,,
CONSENSUS CLOUD SOLUTIONS IN,20848V105,886,18732,,
SEMRUSH HLDGS INC,81686C104,886,79058,,
WAYFAIR INC,94419L101,886,27211,,W
ROIVANT SCIENCES LTD,G76279101,886,275235,,ROIV
SLEEP NUMBER CORP,83125X103,885,26173,,SNBRQ
BIGCOMMERCE HLDGS INC,08975P108,883,59634,,
VANGUARD INTL EQUITY INDEX F,922042718,883,9509,,
DECIPHERA PHARMACEUTICALS IN,24344T101,880,47575,,
IHEARTMEDIA INC,45174J509,874,119253,,
FULGENT GENETICS INC,359664109,872,22879,,
PEOPLES BANCORP INC,709789101,872,30140,,PEBO
PENSKE AUTOMOTIVE GRP INC,70959W103,871,8846,,
ORION ENGINEERED CARBONS S A,L72967109,871,65242,,
ASTEC INDS INC,046224101,870,27891,,
CEVA INC,157210105,868,33096,,CEVA
ARCHAEA ENERGY INC,03940F103,864,47950,,
CAE INC,124765108,863,56294,,CAE
ISHARES TR,46429B655,863,1716832,,
GOLDEN OCEAN GROUP LTD,G39637205,862,115366,,
ALERUS FINL CORP,01446U103,860,38898,,
AVID TECHNOLOGY INC,05367P100,857,36861,,
COHERUS BIOSCIENCES INC,19249H103,856,89043,,
COMPASS DIVERSIFIED,20451Q104,856,47414,,
CUSTOMERS BANCORP INC,23204G100,856,29048,,
ENERGY FUELS INC,292671708,856,139840,,UUUU
USANA HEALTH SCIENCES INC,90328M107,856,15275,,USNA
ALLEGIANCE BANCSHARES INC,01748H107,854,20510,,
TUSIMPLE HLDGS INC,90089L108,854,112353,,
INSTRUCTURE HLDGS INC,457790103,853,38294,,
CARVANA CO,146869102,852,41958,,CVNA
TITAN INTL INC ILL,88830M102,852,70176,,
BANC OF CALIFORNIA INC,05990K106,850,53207,,
NETSTREIT CORP,64119V303,850,47719,,NTST
REKOR SYSTEMS INC,759419104,850,850190,,
MERCURY GENL CORP NEW,589400100,849,29867,,
FIRST FNDTN INC,32026V104,847,46697,,
CAREDX INC,14167L103,845,49659,,
NEW ORIENTAL ED & TECHNOLOGY,647581206,845,35263,,
10X GENOMICS INC,88025U109,844,29640,,
COLUMBIA ETF TR II,19762B509,843,44000,,
PIEDMONT LITHIUM INC,72016P105,842,15744,,
VANGUARD WORLD FD,921910840,841,9359,,
BEYOND MEAT INC,08862E109,840,59279,,
G III APPAREL GROUP LTD,36237H101,840,56217,,
DUCK CREEK TECHNOLOGIES INC,264120106,836,70535,,
HUDSON PAC PPTYS INC,444097109,836,76308,,
PAGSEGURO DIGITAL LTD,G68707101,835,63128,,PAGS
MOMENTIVE GLOBAL INC,60878Y108,834,143574,,
CARS COM INC,14575E105,833,72450,,
DAQO NEW ENERGY CORP,23703Q203,828,15595,,DQ
FIVERR INTL LTD,M4R82T106,826,26996,,
OPKO HEALTH INC,68375N103,825,436543,,
ATI PHYSICAL THERAPY INC,00216W109,824,824407,,
ZUORA INC,98983V106,823,111520,,
WASHINGTON TR BANCORP INC,940610108,822,17690,,
ARCUTIS BIOTHERAPEUTICS INC,03969K108,821,42982,,
FASTLY INC,31188V100,820,89482,,
VERTIV HOLDINGS CO,92537N108,819,84293,,VRT
AMERICAN AXLE & MFG HLDGS IN,024061103,817,119668,,
BROOKDALE SR LIVING INC,112463104,816,191080,,
JAMES RIV GROUP LTD,G5005R107,815,35746,,
CIA ENERGETICA DE MINAS GERA,204409601,811,401244,,
SUNOPTA INC,8676EP108,810,88977,,
CLAROS MTG TR INC,18270D106,808,68855,,
MAGNITE INC,55955D100,807,122812,,
CLEARWATER PAPER CORP,18538R103,806,21431,,CLW
TRANSCAT INC,893529107,806,10644,,TRNS
COLLEGIUM PHARMACEUTICAL INC,19459J104,805,50221,,
LEMONADE INC,52567D107,805,37993,,
ROCKET LAB USA INC,773122106,805,197872,,
AMERICAN WELL CORP,03044L105,804,224071,,AMWL
HAWAIIAN HOLDINGS INC,419879101,804,61141,,
OPEN LENDING CORP,68373J104,801,99647,,LPRO
DELUXE CORP,248019101,800,48052,,DLX
GERON CORP,374163103,800,341762,,GERN
TG THERAPEUTICS INC,88322Q108,796,134503,,
SUMMIT HOTEL PPTYS INC,866082100,795,118355,,
CHASE CORP,16150R104,794,9500,,
ESAB CORPORATION,29605J106,794,23807,,ESAB
NORTHFIELD BANCORP INC DEL,66611T108,792,55353,,
AMPLITUDE INC,03213A104,789,51000,,
ISTAR INC,45031U101,789,85181,,
SANFILIPPO JOHN B & SON INC,800422107,789,10423,,JBSS
TRINSEO PLC,G9059U107,789,43050,,TSEOQ
HANMI FINL CORP,410495204,787,33218,,
HEARTLAND EXPRESS INC,422347104,787,55003,,HTLD
SUMMIT FINL GROUP INC,86606G101,786,29179,,
GLADSTONE LD CORP,376549101,785,43361,,
MORPHIC HLDG INC,61775R105,785,27735,,
AMYLYX PHARMACEUTICALS INC,03237H101,784,27861,,
CIVISTA BANCSHARES INC,178867107,784,37774,,
TRUEBLUE INC,89785X101,784,41088,,
ALPHA & OMEGA SEMICONDUCTOR,G6331P104,784,25497,,AOSL
RIOT BLOCKCHAIN INC,767292105,783,111711,,
UDEMY INC,902685106,782,64683,,
BILIBILI INC,090040106,780,50903,,BLBLF
ARES CAPITAL CORP,04010L103,778,46116,,ARCC
THE NECESSITY RETAIL REIT IN,02607T109,777,132124,,
INSTEEL INDS INC,45774W108,777,29299,,
WISDOMTREE TR,97717X669,777,14409,,
A10 NETWORKS INC,002121101,775,58389,,
MIRION TECHNOLOGIES INC,60471A101,774,103633,,
RANGER OIL CORPORATION,70788V102,773,24571,,
KEARNY FINL CORP MD,48716P108,772,72711,,
COTY INC,222070203,771,122043,,COTY
SSR MNG INC,784730103,771,52406,,
WISDOMTREE TR,97717W208,771,10166,,
AERIE PHARMACEUTICALS INC,00771V108,770,50913,,
ANAVEX LIFE SCIENCES CORP,032797300,770,74626,,AVXL
CALAVO GROWERS INC,128246105,769,24210,,
GINKGO BIOWORKS HOLDINGS INC,37611X100,769,246369,,
CERUS CORP,157085101,767,213044,,CERS
MATTERPORT INC,577096100,766,202153,,
SUMO LOGIC INC,86646P103,765,102023,,
VIAD CORP,92552R406,765,24218,,
DRIL-QUIP INC,262037104,764,39130,,
CRICUT INC,22658D100,763,82393,,
LIGHTWAVE LOGIC INC,532275104,763,103907,,
CHINOOK THERAPEUTICS INC,16961L106,761,38732,,
PLANET LABS PBC,72703X106,761,140122,,PL
COGENT BIOSCIENCES INC,19240Q201,760,50958,,
DONEGAL GROUP INC,257701201,759,56298,,DGICB
JETBLUE AWYS CORP,477143101,759,114454,,
W & T OFFSHORE INC,92922P106,759,129519,,
PERIMETER SOLUTIONS SA,L7579L106,759,94700,,
FISCALNOTE HOLDINGS INC,337655104,756,118719,,
LEGALZOOM COM INC,52466B103,755,88051,,
QUINSTREET INC,74874Q100,754,71779,,
PROSHARES TR,74348A467,753,9415,,
EQRX INC,26886C107,752,151953,,
MADRIGAL PHARMACEUTICALS INC,558868105,750,11540,,
MONEYGRAM INTL INC,60935Y208,747,71832,,
JELD-WEN HLDG INC,47580P103,746,85301,,
RPT REALTY,74971D101,746,98687,,
ANTERIX INC,03676C100,743,20799,,ATEX
HERTZ GLOBAL HLDGS INC,42806J700,742,45584,,
MPLX LP,55336V100,742,24725,,MPLXP
PURECYCLE TECHNOLOGIES INC,74623V103,742,91924,,
ARLO TECHNOLOGIES INC,04206A101,741,159659,,
AVIDITY BIOSCIENCES INC,05370A108,740,45307,,
GLOBAL X FDS,37954Y673,739,32042,,
GRUPO AEROPUERTO DEL PACIFIC,400506101,739,5831,,
DOUGLAS DYNAMICS INC,25960R105,737,26310,,
SPDR INDEX SHS FDS,78463X871,736,28225,,
OUTSET MED INC,690145107,732,45955,,
PARAGON 28 INC,69913P105,732,41071,,
NAVITAS SEMICONDUCTOR CORP,63942X106,730,150589,,NVTS
OPEN TEXT CORP,683715106,729,27590,,OTEX
DOCGO INC,256086109,728,73415,,DCGO
MANNKIND CORP,56400P706,728,235646,,MNKD
ALPHATEC HLDGS INC,02081G201,727,83222,,
FRANKLIN COVEY CO,353469109,724,15959,,FC
HOWARD HUGHES CORP,44267D107,724,13073,,
ACV AUCTIONS INC,00091G104,723,100612,,ACVA
ARKO CORP,041242108,722,76883,,ARKO
GOLDEN ENTMT INC,381013101,722,20701,,
CARDIOVASCULAR SYS INC DEL,141619106,721,51991,,
C3 AI INC,12468P104,720,57579,,
SHIFT4 PMTS INC,82452J109,718,16091,,
SAPIENS INTL CORP N V,G7T16G103,717,37376,,
NCINO INC,63947X101,716,20989,,
PELOTON INTERACTIVE INC,70614W100,715,103165,,
CHICOS FAS INC,168615102,713,147245,,
KEROS THERAPEUTICS INC,492327101,712,18913,,
FORMA THERAPEUTICS HLDGS INC,34633R104,711,35659,,
ISHARES TR,464287762,709,2803,,
REDWOOD TR INC,758075402,709,123463,,
VENTYX BIOSCIENCES INC,92332V107,709,20316,,
WISDOMTREE INVTS INC,97717P104,709,151556,,
SASOL LTD,803866300,708,44963,,SASOF
ARTIVION INC,228903100,703,50786,,
QUANEX BLDG PRODS CORP,747619104,701,38584,,
VERU INC,92536C103,701,60885,,VERU
ADT INC DEL,00090Q103,700,93500,,ADT
AMC NETWORKS INC,00164V103,698,34400,,
IMAX CORP,45245E109,697,49348,,IMAX
REPLIMUNE GROUP INC,76029N106,695,40263,,
BAUSCH HEALTH COS INC,071734107,694,100668,,
HELIX ENERGY SOLUTIONS GRP I,42330P107,694,179786,,
VANGUARD ADMIRAL FDS INC,921932778,694,4864,,
OLAPLEX HLDGS INC,679369108,693,72578,,
TENCENT MUSIC ENTMT GROUP,88034P109,693,170604,,
WINMARK CORP,974250102,692,3197,,WINA
LI-CYCLE HOLDINGS CORP,50202P105,691,129963,,
SPDR INDEX SHS FDS,78463X889,690,26752,,
ATLAS CORP,Y0436Q109,689,49569,,
WIPRO LTD,97651M109,688,146025,,WIT
MRC GLOBAL INC,55345K103,687,95595,,
REATA PHARMACEUTICALS INC,75615P103,687,27354,,
REGIONAL MGMT CORP,75902K106,687,24488,,
TIMKENSTEEL CORPORATION,887399103,686,45738,,
GUESS INC,401617105,685,46706,,
A-MARK PRECIOUS METALS INC,00181T107,681,24002,,
GOLD FIELDS LTD,38059T106,681,84192,,GFIOF
GLADSTONE COMMERCIAL CORP,376536108,680,43851,,GOODO
FLEX LNG LTD,G35947202,678,21407,,FLNG
QUANTUMSCAPE CORP,74767V109,677,80444,,QS
SEABOARD CORP DEL,811543107,674,198,,
AMBAC FINL GROUP INC,023139884,673,52792,,
CROSSFIRST BANKSHARES INC,22766M109,673,51573,,
BANCO SANTANDER CHILE NEW,05965X109,672,47961,,BSAC
INDIE SEMICONDUCTOR INC,45569U101,672,91809,,
NEXTDOOR HOLDINGS INC,65345M108,672,240853,,
CAMDEN NATL CORP,133034108,671,15761,,
JANUS INTERNATIONAL GROUP IN,47103N106,671,75271,,
LIVEPERSON INC,538146101,669,71032,,LPSN
WISDOMTREE TR,97717W307,669,12104,,
MFA FINL INC,55272X607,668,85801,,
ORIGIN BANCORP INC,68621T102,666,17316,,
RUTHS HOSPITALITY GROUP INC,783332109,665,39425,,
INTERNATIONAL MNY EXPRESS IN,46005L101,664,29152,,
KYMERA THERAPEUTICS INC,501575104,664,30519,,
PROSHARES TR,74347R370,664,28050,,
RF INDS LTD,749552105,664,115439,,
KRISPY KREME INC,50101L106,663,57525,,
SI-BONE INC,825704109,663,37971,,
YORK WTR CO,987184108,663,17259,,
DENNYS CORP,24869P104,662,70316,,
TREACE MED CONCEPTS INC,89455T109,662,30005,,
RAPT THERAPEUTICS INC,75382E109,659,27373,,
DHI GROUP INC,23331S100,658,122266,,
ALICO INC,016230104,657,23274,,
DOMO INC,257554105,654,36357,,
BJS RESTAURANTS INC,09180C106,653,27384,,BJRI
VIRIDIAN THERAPEUTICS INC,92790C104,652,31774,,
INTERFACE INC,458665304,651,72455,,TILE
LIONS GATE ENTMNT CORP,535919500,651,93682,,
OFFICE PPTYS INCOME TR,67623C109,651,46315,,
PLAYTIKA HLDG CORP,72815L107,651,69297,,
CLOVER HEALTH INVESTMENTS CO,18914F103,650,382618,,
AXT INC,00246W103,649,96843,,AXTI
INVESCO EXCH TRADED FD TR II,46138E354,648,11204,,
SANGAMO THERAPEUTICS INC,800677106,647,132063,,
ZETA GLOBAL HOLDINGS CORP,98956A105,647,97854,,ZETA
ENGAGESMART INC,29283F103,646,31237,,
FUTU HLDGS LTD,36118L106,645,17294,,
SAUL CTRS INC,804395101,643,17149,,
GRAB HOLDINGS LIMITED,G4124C109,643,244341,,
UWM HOLDINGS CORPORATION,91823B109,642,219137,,UWMC
WISDOMTREE TR,97717Y691,640,24000,,
BRISTOW GROUP INC,11040G103,639,27217,,VTOL
FLEXSHARES TR,33939L670,639,2936591,,
GORMAN RUPP CO,383082104,637,26769,,GRC
NEKTAR THERAPEUTICS,640268108,637,198987,,NKTR
BLUELINX HLDGS INC,09624H208,636,10246,,
LITHIUM AMERS CORP NEW,53680Q207,636,24266,,
BED BATH & BEYOND INC,075896100,634,104119,,
PUBMATIC INC,74467Q103,634,38137,,
PLYMOUTH INDL REIT INC,729640102,633,37629,,
BRIDGE INVT GROUP HLDGS INC,10806B100,630,43467,,
BRT APARTMENTS CORP,055645303,629,30988,,BRT
TAL EDUCATION GROUP,874080104,629,127329,,TAL
ICHOR HOLDINGS,G4740B105,629,26000,,
DIAMOND HILL INVT GROUP INC,25264R207,627,3799,,
SOUNDHOUND AI INC,836100107,627,191208,,
23ANDME HOLDING CO,90138Q108,626,218875,,
CERENCE INC,156727109,625,39666,,CRNC
FIRST TR EXCHANGE-TRADED FD,33738D101,624,25076,,
VIASAT INC,92552V100,623,20595,,VSAT
MIRUM PHARMACEUTICALS INC,604749101,619,29483,,
FORRESTER RESH INC,346563109,617,17127,,
ALECTOR INC,014442107,613,64799,,
FRANCHISE GROUP INC,35180X105,612,25177,,
VANDA PHARMACEUTICALS INC,921659108,612,61923,,VNDA
P10 INC,69376K106,611,58035,,
AEHR TEST SYS,00760J108,610,43238,,
POWERSCHOOL HOLDINGS INC,73939C106,606,36281,,
THERAVANCE BIOPHARMA INC,G8807B106,606,59777,,
HACKETT GROUP INC,404609109,604,34105,,
HIMS & HERS HEALTH INC,433000106,602,107809,,
ACM RESH INC,00108J109,600,48186,,
SURMODICS INC,868873100,600,19726,,
VICTORY CAP HLDGS INC,92645B103,600,25739,,
GOPRO INC,38268T103,597,121122,,
NEW FORTRESS ENERGY INC,644393100,597,13650,,NFE
REDFIN CORP,75737F108,597,102241,,
STEELCASE INC,858155203,594,91110,,
COLUMBIA FINL INC,197641103,593,28065,,
ATLANTICA SUSTAINABLE INFR P,G0751N103,593,22532,,
UNDER ARMOUR INC,904311107,590,88729,,
BRIGHTSPIRE CAPITAL INC,10949T109,589,93376,,
MICROVISION INC DEL,594960304,589,163218,,
CHILDRENS PL INC NEW,168905107,588,19025,,
DESKTOP METAL INC,25058X105,587,226705,,
AMER SOFTWARE INC,029683109,586,38281,,
V2X INC,92242T101,584,16505,,
POSHMARK INC,73739W104,582,37152,,
ROCKET PHARMACEUTICALS INC,77313F106,582,36460,,
INVITAE CORP,46185L103,580,235839,,
KOPPERS HOLDINGS INC,50060P106,580,27897,,KOP
UNIVERSAL HEALTH RLTY INCOME,91359E105,580,13419,,
BLINK CHARGING CO,09354A100,579,32691,,BLNK
FUNKO INC,361008105,579,28617,,
ZAI LAB LTD,98887Q104,579,16928,,ZLAB
COMPASS INC,20464U100,578,249127,,
URSTADT BIDDLE PPTYS INC,917286205,578,37298,,
ELLINGTON FINANCIAL INC,28852N109,575,50553,,EFC-PC
HAGERTY INC,405166109,574,63829,,
SUZANO S A,86959K105,574,69583,,
CONDUENT INC,206787103,573,171536,,CNDT
FIRST ADVANTAGE CORP NEW,31846B108,573,44667,,FA
ARMOUR RESIDENTIAL REIT INC,042315507,572,117539,,
MBIA INC,55262C100,572,62199,,MBI
MERSANA THERAPEUTICS INC,59045L106,572,84601,,
BALLYS CORPORATION,05875B106,569,28794,,
CASTLE BIOSCIENCES INC,14843C105,569,21812,,CSTL
INOGEN INC,45780L104,568,23413,,INGN
SOLID POWER INC,83422N105,568,108038,,
SUNCOKE ENERGY INC,86722A103,568,97762,,
BRF SA,10552T107,567,242293,,
FARO TECHNOLOGIES INC,311642102,567,20649,,
VIEWRAY INC,92672L107,567,155892,,
ALEXANDERS INC,014752109,566,2711,,ALX
VIMEO INC,92719V100,566,141561,,
MARINEMAX INC,567908108,565,18969,,HZO
CORE SCIENTIFIC INC,21873J108,563,432773,,
SENSEONICS HLDGS INC,81727U105,563,426640,,
SIGHT SCIENCES INC,82657M105,558,87806,,
NANOSTRING TECHNOLOGIES INC,63009R109,557,43628,,
ISHARES TR,464287549,556,2013,,
WIDEOPENWEST INC,96758W101,556,45333,,
FLEXSHARES TR,33939L761,555,1216903,,
CHATHAM LODGING TR,16208T102,554,56131,,
OLO INC,68134L109,554,70093,,
RPC INC,749660106,554,79987,,RES
SIBANYE STILLWATER LTD,82575P107,554,59488,,SBYSF
AGENUS INC,00847G705,552,269128,,AGEN
N-ABLE INC,62878D100,552,59842,,
RADIUS GLOBAL INFRASTRCTRE I,750481103,550,58349,,
KALVISTA PHARMACEUTICALS INC,483497103,549,37850,,
EATON VANCE TAX-MANAGED GLOB,27829F108,547,75476,,
BORR DRILLING LTD,G1466R173,547,164626,,BORR
FLUSHING FINL CORP,343873105,546,28176,,
INVESCO EXCHANGE TRADED FD T,46137V241,546,13741,,
INHIBRX INC,45720L107,545,30355,,
TRAVELCENTERS OF AMERICA INC,89421B109,545,10107,,
VANGUARD WORLD FDS,92204A801,544,3663,,
MAIN STR CAP CORP,56035L104,543,16137,,
UTAH MED PRODS INC,917488108,543,6370,,
ENVIVA INC,29415B103,541,9013,,
GOGO INC,38046C109,540,44522,,GOGO
ISHARES TR,46434V738,540,13650,,
CIMPRESS PLC,G2143T103,540,22076,,CMPR
AUTOHOME INC,05278C107,536,18636,,ATHM
GREEN BRICK PARTNERS INC,392709101,536,25057,,
AMERANT BANCORP INC,023576101,535,21544,,AMTB
VIZIO HLDG CORP,92858V101,535,61184,,
CTO RLTY GROWTH INC NEW,22948Q101,533,28462,,
CBL & ASSOC PPTYS INC,124830878,532,20764,,
PROSHARES TR,74347G432,532,8679,,
BRAZE INC,10576N102,531,15235,,
PULMONX CORP,745848101,531,31899,,LUNG
AST SPACEMOBILE INC,00217D100,529,73337,,
BROADMARK RLTY CAP INC,11135B100,529,103595,,
CASS INFORMATION SYS INC,14808P109,528,15207,,
PETMED EXPRESS INC,716382106,528,27036,,PETS
CBTX INC,12481V104,526,17978,,
LENNAR CORP,526057302,526,8844,,
SIX FLAGS ENTMT CORP NEW,83001A102,523,29543,,
UNISYS CORP,909214306,523,69292,,UIS
AXOGEN INC,05463X106,521,43667,,
VIVINT SMART HOME INC,928542109,521,79209,,
OPTIMIZERX CORP,68401U204,519,34987,,OPRX
ISHARES TR,464289875,518,14159,,
GLOBAL MED REIT INC,37954A204,517,60633,,
I3 VERTICALS INC,46571Y107,516,25783,,
FLEXSHARES TR,33939L639,515,24902,,
POINT BIOPHARMA GLOBAL INC,730541109,515,66641,,
SPDR SER TR,78464A409,514,10251,,
OSCAR HEALTH INC,687793109,513,102798,,
REYNOLDS CONSUMER PRODS INC,76171L106,513,19712,,
ONESPAWORLD HOLDINGS LIMITED,P73684113,513,61121,,
ISHARES INC,464286608,512,15998,,
PILGRIMS PRIDE CORP,72147K108,512,22235,,PPC
DIAMOND OFFSHORE DRILLING IN,25271C201,511,77048,,
ISHARES TR,464287663,511,8168,,
VANGUARD ADMIRAL FDS INC,921932828,511,3167,,
VICTORY PORTFOLIOS II,92647N766,511,8387,,
ISHARES TR,464289438,510,4267,,
SORRENTO THERAPEUTICS INC,83587F202,510,324761,,
PORTILLOS INC,73642K106,509,25858,,
MISTER CAR WASH INC,60646V105,508,59171,,
KELLY SVCS INC,488152208,507,37294,,
AMYRIS INC,03236M200,506,173270,,
ATN INTL INC,00215F107,505,13088,,
BUTTERFLY NETWORK INC,124155102,503,106966,,
ALTICE USA INC,02156K103,502,86147,,
CARRIAGE SVCS INC,143905107,501,15590,,
HARBORONE BANCORP INC NEW,41165Y100,501,37335,,
INMODE LTD,M5425M103,501,17217,,INMD
BROOKFIELD BUSINESS CORP,11259V106,500,22611,,BBUC
CINCOR PHARMA INC,17240Y109,500,15233,,
ECOVYST INC,27923Q109,500,59288,,ECVT
ITEOS THERAPEUTICS INC,46565G104,500,26241,,
SAFEHOLD INC,78645L100,500,18893,,SAFE
2U INC,90214J101,498,79671,,
BRIGHTSPHERE INVT GROUP INC,10948W103,497,33303,,
ENACT HLDGS INC,29249E109,496,22367,,
LANDS END INC NEW,51509F105,495,64143,,
LIBERTY MEDIA CORP DEL,531229870,495,9425,,FWONB
Y-MABS THERAPEUTICS INC,984241109,495,34310,,
SIRIUSPOINT LTD,G8192H106,493,99670,,SPNT
BANK MARIN BANCORP,063425102,491,16392,,
CAMBRIDGE BANCORP,132152109,490,6142,,
FULL TRUCK ALLIANCE CO LTD,35969L108,489,74652,,
2SEVENTY BIO INC,901384107,489,33620,,
NURIX THERAPEUTICS INC,67080M103,488,37421,,
WHITESTONE REIT,966084204,488,57677,,
ALKAMI TECHNOLOGY INC,01644J108,487,32352,,
ARGAN INC,04010E109,487,15134,,AGX
THRYV HLDGS INC,886029206,487,21348,,
UPSTART HLDGS INC,91680M107,486,23391,,
BLUEBIRD BIO INC,09609G100,485,76624,,
ECHOSTAR CORP,278768106,484,29387,,ECHO
YEXT INC,98585N106,484,108619,,
ALPS ETF TR,00162Q205,483,5474,,
ORTHOFIX MED INC,68752M108,483,25297,,
EQUITY BANCSHARES INC,29460X109,481,16240,,EQBK
IDEAYA BIOSCIENCES INC,45166A102,481,32245,,
PAYA HOLDINGS INC,70434P103,481,78647,,
DUCOMMUN INC DEL,264147109,480,12103,,
CHUYS HLDGS INC,171604101,478,20639,,
JOHN HANCOCK EXCHANGE TRADED,47804J206,478,11230,,
DLOCAL LTD,G29018101,478,23307,,DLO
ANI PHARMACEUTICALS INC,00182C103,477,14854,,ANIP
EAGLE BULK SHIPPING INC,Y2187A150,477,11056,,
VANECK ETF TRUST,92189F643,476,7935,,
ISHARES TR,46435G334,474,18100,,
TRIUMPH GROUP INC NEW,896818101,474,55127,,
NOMAD FOODS LTD,G6564A105,474,33382,,NOMD
ZIM INTEGRATED SHIPPING SERV,M9T951109,474,20149,,
ENTRADA THERAPEUTICS INC,29384C108,473,29997,,
NLIGHT INC,65487K100,473,50045,,
SOVOS BRANDS INC,84612U107,473,33185,,
NAVIGATOR HLDGS LTD,Y62132108,473,41292,,
FLUENCE ENERGY INC,34379V103,472,32366,,
WORKHORSE GROUP INC,98138J206,472,164312,,WKHS
DUCKHORN PORTFOLIO INC,26414D106,471,32626,,
NATIONAL WESTN LIFE GROUP IN,638517102,469,2747,,
TITAN MACHY INC,88830R101,469,16593,,
VANGUARD WORLD FDS,92204A306,469,4619,,
HAYNES INTL INC,420877201,468,13328,,
AVEPOINT INC,053604104,467,116367,,
CYBEROPTICS CORP,232517102,466,8672,,
IONQ INC,46222L108,466,91957,,
SANDRIDGE ENERGY INC,80007P869,466,28596,,SD
ORION OFFICE REIT INC,68629Y103,465,53162,,
ALLIED MOTION TECHNOLOGIES I,019330109,464,16211,,
ANGLOGOLD ASHANTI LIMITED,035128206,464,33565,,
ISHARES TR,464289446,461,5435,,
ISHARES TR,46429B663,459,5030,,
NOVAVAX INC,670002401,459,25227,,NVAX
ORIGIN MATERIALS INC,68622D106,459,89024,,
NORDIC AMERICAN TANKERS LIMI,G65773106,459,171978,,
ARDMORE SHIPPING CORP,Y0207T100,459,50318,,ASC
SIGA TECHNOLOGIES INC,826917106,458,44490,,SIGA
VSE CORP,918284100,457,12904,,VSECU
HINGHAM INSTN SVGS MASS,433323102,456,1816,,
WOORI FINL GROUP INC,981064108,456,20445,,
MISSION PRODUCE INC,60510V108,455,31462,,
ANIKA THERAPEUTICS INC,035255108,454,19085,,
CARIBOU BIOSCIENCES INC,142038108,454,42998,,
IDT CORP,448947507,454,18291,,IDT
ISHARES TR,464287838,454,4200,,
THERMON GROUP HLDGS INC,88362T103,454,29468,,
ESPERION THERAPEUTICS INC NE,29664W105,453,67616,,
TETRA TECHNOLOGIES INC DEL,88162F105,453,126168,,TTI
STONERIDGE INC,86183P102,452,26640,,SRI
KARYOPHARM THERAPEUTICS INC,48576U106,451,82576,,KPTI
CTI BIOPHARMA CORP,12648L601,450,77347,,
HERON THERAPEUTICS INC,427746102,449,106364,,
ALBIREO PHARMA INC,01345P106,448,23122,,
SERES THERAPEUTICS INC,81750R102,448,69712,,
VANGUARD WORLD FD,921910873,448,3591,,
CAPITAL CITY BK GROUP INC,139674105,447,14358,,
KINETIK HOLDINGS INC,02215L209,446,13701,,KNTK
GLOBAL X FDS,37954Y889,446,10211,,
CRESCENT ENERGY COMPANY,44952J104,446,33102,,
TPI COMPOSITES INC,87266J104,446,39559,,
NANO X IMAGING LTD,M70700105,445,38832,,
DYNEX CAP INC,26817Q886,444,38105,,
MAXCYTE INC,57777K106,444,68263,,
TEJON RANCH CO,879080109,443,30785,,TRC
PLDT INC,69344D408,442,17452,,PHTCF
TELOS CORP MD,87969B101,442,49730,,
KANZHUN LIMITED,48553T106,441,26149,,
NGM BIOPHARMACEUTICALS INC,62921N105,441,33733,,
HEALTH CATALYST INC,42225T107,440,45388,,
EDGIO INC,53261M104,440,158255,,
VANGUARD WORLD FDS,92204A876,440,3096,,
CHEWY INC,16679L109,439,14286,,
SCHWAB STRATEGIC TR,808524847,438,23441,,
FARFETCH LTD,30744W107,437,58674,,
GRANITE REAL ESTATE INVT TR,387437114,437,9000,,
GREAT LAKES DREDGE & DOCK CO,390607109,437,57713,,
ROCKY BRANDS INC,774515100,437,21808,,
VANGUARD WORLD FDS,92204A207,437,2542,,
VANGUARD WORLD FDS,92204A603,437,2773,,
MIDLAND STATES BANCORP INC,597742105,436,18500,,
EVGO INC,30052F100,435,54950,,EVGO
EIGER BIOPHARMACEUTICALS INC,28249U105,431,57216,,
EVENTBRITE INC,29975E109,431,70832,,
GDS HLDGS LTD,36165L108,431,24378,,
DESIGN THERAPEUTICS INC,25056L103,430,25703,,
SOUTHERN FIRST BANCSHARES,842873101,430,10320,,
SUN CTRY AIRLS HLDGS INC,866683105,430,31573,,
DICE THERAPEUTICS INC,23345J104,429,21164,,
LIQUIDITY SVCS INC,53635B107,429,26362,,
ADMA BIOLOGICS INC,000899104,428,176026,,
NKARTA INC,65487U108,428,32514,,
CNA FINL CORP,126117100,425,11521,,
SHARECARE INC,81948W104,425,223930,,
RE MAX HLDGS INC,75524W108,424,22409,,
TFS FINL CORP,87240R107,424,32634,,
ARCELLX INC,03940C100,423,22527,,
BIONANO GENOMICS INC,09075F107,423,231068,,
IGM BIOSCIENCES INC,449585108,423,18615,,
ELBIT SYS LTD,M3760D101,423,2222,,
IRADIMED CORP,46266A109,421,14006,,IRMD
STAGWELL INC,85256A109,421,60639,,STGW
COVENANT LOGISTICS GROUP INC,22284P105,420,14632,,
SANA BIOTECHNOLOGY INC,799566104,420,70017,,
CAREMAX INC,14171W103,419,59098,,
ISHARES TR,46435U549,419,901997,,
OMEGA FLEX INC,682095104,419,4525,,
CLARUS CORP NEW,18270P109,417,30990,,CLAR
DAY ONE BIOPHARMACEUTICALS I,23954D109,417,20838,,
CLEAR CHANNEL OUTDOOR HLDGS,18453H106,415,303214,,
IMAGO BIOSCIENCES INC,45250K107,414,27498,,
INVESCO EXCH TRADED FD TR II,46138E511,414,34865,,
PACER FDS TR,69374H105,414,10993,,
DORIAN LPG LTD,Y2106R110,413,30434,,LPG
8X8 INC NEW,282914100,412,119541,,
ISHARES TR,46432F388,411,5024,,
CODEXIS INC,192005106,410,67613,,
OPENDOOR TECHNOLOGIES INC,683712103,410,131912,,OPENZ
FIDELITY COVINGTON TRUST,316092808,409,4498,,
INVESCO EXCHANGE TRADED FD T,46137V258,409,5860,,
JOHNSON OUTDOORS INC,479167108,408,7955,,JOUT
THE REALREAL INC,88339P101,408,271829,,
LSB INDS INC,502160104,407,28580,,
TPG RE FIN TR INC,87266M107,407,58107,,
NL INDS INC,629156407,406,52518,,
TUCOWS INC,898697206,406,10866,,
WILLDAN GROUP INC,96924N100,406,27393,,
ONESPAN INC,68287N100,405,47087,,OSPN
GRUPO AEROPORTUARIO DEL SURE,40051E202,404,2061,,
STANTEC INC,85472N109,404,9215,,STN
ATEA PHARMACEUTICALS INC,04683R106,403,70799,,
CADRE HLDGS INC,12763L105,403,16764,,
ISHARES TR,464288240,403,10083,,
JOYY INC,46591M109,403,15493,,JOYY
ACCEL ENTERTAINMENT INC,00436Q106,402,51500,,
ARES COML REAL ESTATE CORP,04013V108,402,38508,,
INDUSTRIAL LOGISTICS PPTYS T,456237106,402,73015,,
ISHARES INC,464286525,401,4528,,
360 DIGITECH INC,88557W101,401,31277,,
EUROPEAN WAX CTR INC,29882P106,398,21581,,
INDUS REALTY TRUST INC,45580R103,398,7593,,
PONCE FINANCIAL GROUP INC,732344106,397,43350,,
ERMENEGILDO ZEGNA N V,N30577105,397,36919,,
ERASCA INC,29479A108,396,50769,,
INVESCO MORTGAGE CAPITAL INC,46131B704,396,35664,,IVR-PC
SPORTRADAR GROUP AG,H8088L103,396,44973,,SRAD
NATIONAL PRESTO INDS INC,637215104,395,6076,,
CORSAIR GAMING INC,22041X102,393,34591,,
FIRST TR NASDAQ 100 TECH IND,337345102,393,3748,,
FIRST TR EXCHANGE-TRADED FD,33739Q705,392,8595,,
ISHARES TR,464288182,392,6699,,
PHIBRO ANIMAL HEALTH CORP,71742Q106,390,29311,,PAHC
ALLEGRO MICROSYSTEMS INC,01749D105,389,17821,,
BENSON HILL INC,082490103,389,142069,,
BOSTON OMAHA CORP,101044105,389,16886,,BOC
SELECT ENERGY SVCS INC,81617J301,389,55846,,
NORTHWEST PIPE CO,667746101,387,13784,,
GENCO SHIPPING & TRADING LTD,Y2685T131,386,30795,,GNK
SMITH & WESSON BRANDS INC,831754106,383,36898,,
COASTAL FINL CORP WA,19046P209,377,9476,,
EZCORP INC,302301106,377,48879,,EZPW
INFRA AND ENERGY ALTRNTIVE I,45686J104,376,27784,,
JAMF HLDG CORP,47074L105,375,16919,,
FORGEROCK INC,34631B101,374,25766,,
ALTUS POWER INC,02217A102,373,33869,,
BOWLERO CORP,10258P102,372,30224,,
DMC GLOBAL INC,23291C103,372,23264,,BOOM
FIRST LONG IS CORP,320734106,372,21600,,
NATURES SUNSHINE PRODS INC,639027101,372,45167,,
STERLING CHECK CORP,85917T109,370,20993,,
GRANITE PT MTG TR INC,38741L107,369,57316,,
HERITAGE CRYSTAL CLEAN INC,42726M106,369,12494,,
MEMBERSHIP COLLECTIVE GROUP,586001109,369,78089,,
ISHARES INC,464286426,367,6400,,
MACATAWA BK CORP,554225102,366,39472,,
CORE & MAIN INC,21874C102,365,16054,,
HESS MIDSTREAM LP,428103105,365,14304,,HESM
CIRCOR INTL INC,17273K109,364,22056,,
TRINITY CAP INC,896442308,364,29053,,
DCP MIDSTREAM LP,23311P100,363,9649,,
BAR HBR BANKSHARES,066849100,362,13635,,
KINIKSA PHARMACEUTICALS LTD,G5269C101,361,28104,,
UNDER ARMOUR INC,904311206,360,60345,,
EAGLE PHARMACEUTICALS INC,269796108,358,13543,,
IMMUNITYBIO INC,45256X103,358,71941,,
PORCH GROUP INC,733245104,358,159140,,
AGILITI INC,00848J104,357,24932,,
SNAP ONE HOLDINGS CORP,83303Y105,356,35088,,
BANKWELL FINL GROUP INC,06654A103,355,12178,,
SHOTSPOTTER INC,82536T107,355,12342,,
BANCO BRADESCO S A,059460402,354,117711,,
ZOMEDICA CORP,98980M109,354,1679249,,ZOMDF
BABCOCK & WILCOX ENTERPRISES,05614L209,353,55354,,
UPLAND SOFTWARE INC,91544A109,353,43369,,
COMPANHIA DE SANEAMENTO BASI,20441A102,352,38622,,
MARCUS CORP DEL,566330106,352,25334,,MCS
ARHAUS INC,04035M102,350,49665,,
GEVO INC,374396406,350,153646,,
SELECTA BIOSCIENCES INC,816212104,350,213211,,
P A M TRANSN SVCS INC,693149106,349,11267,,
CONTEXTLOGIC INC,21077C107,348,473566,,
NU HLDGS LTD,G6683N103,348,79043,,
RMR GROUP INC,74967R106,347,14637,,RMR
SOMALOGIC INC,83444K105,347,119654,,
TARGET HOSPITALITY CORP,87615L107,347,27486,,TH
BUSINESS FIRST BANCSHARES IN,12326C105,346,16091,,
OCUGEN INC,67577C105,345,193627,,
PROTAGONIST THERAPEUTICS INC,74366E102,345,40939,,
RITE AID CORP,767754872,345,69712,,
LUFAX HOLDING LTD,54975P102,344,135314,,LU
AMERICAN NATL BANKSHARES INC,027745108,343,10739,,
ISHARES TR,46432F834,343,6736,,
VALHI INC NEW,918905209,343,13640,,
ENERGY VAULT HOLDINGS INC,29280W109,342,64846,,
MITEK SYS INC,606710200,342,37376,,
FRP HLDGS INC,30292L107,341,6264,,
FARMERS NATIONAL BANC CORP,309627107,341,26046,,
SOLARIS OILFIELD INFRASTRUCT,83418M103,341,36440,,
BLEND LABS INC,09352U108,340,153724,,
DIVERSEY HLDGS LTD,G28923103,340,69895,,
FIRST WESTN FINL INC,33751L105,339,13742,,
UNIVERSAL LOGISTICS HLDGS IN,91388P105,339,10694,,
BAIN CAP SPECIALTY FIN INC,05684B107,338,28164,,
COUCHBASE INC,22207T101,338,23705,,
INTREPID POTASH INC,46121Y201,338,8537,,
SUPERIOR GROUP OF CO INC,868358102,337,37952,,
STAR BULK CARRIERS CORP.,Y8162K204,337,19284,,SBLK
ATARA BIOTHERAPEUTICS INC,046513107,335,88500,,
SEACOR MARINE HLDGS INC,78413P101,335,59656,,
INOVIO PHARMACEUTICALS INC,45773H201,334,193561,,
VITAL FARMS INC,92847W103,334,27903,,
INTERCEPT PHARMACEUTICALS IN,45845P108,333,23838,,
PMV PHARMACEUTICALS INC,69353Y103,333,27958,,
CONSOLIDATED COMM HLDGS INC,209034107,332,79722,,
EXCELERATE ENERGY INC,30069T101,332,14171,,
MIDWESTONE FINL GROUP INC NE,598511103,332,12152,,
ORASURE TECHNOLOGIES INC,68554V108,332,87628,,OSUR
UNITED STS LIME & MINERALS I,911922102,329,3215,,
DYNE THERAPEUTICS INC,26818M108,328,25814,,
HERSHA HOSPITALITY TR,427825500,328,41094,,
MOTORCAR PTS AMER INC,620071100,328,21519,,
REV GROUP INC,749527107,328,29767,,
WEST BANCORPORATION INC,95123P106,328,15741,,WTBA
LUXFER HLDGS PLC,G5698W116,328,22625,,
COMTECH TELECOMMUNICATIONS C,205826209,327,32649,,
CENTRUS ENERGY CORP,15643U104,326,7964,,LEU
DORCHESTER MINERALS LP,25820R105,326,13069,,
HIGHPEAK ENERGY INC,43114Q105,323,14895,,
HYRECAR INC,44916T107,322,350001,,
ISHARES SILVER TR,46428Q109,322,18410,,
J P MORGAN EXCHANGE TRADED F,46641Q332,322,6279,,
FRONTIER GROUP HLDGS INC,35909R108,321,33112,,
FIDELITY D & D BANCORP INC,31609R100,320,7942,,FDBC
GOODRX HLDGS INC,38246G108,320,68490,,
PROSPECT CAP CORP,74348T102,320,51627,,
LIBERTY LATIN AMERICA LTD,G9001E102,320,51733,,LILAP
COMPANIA DE MINAS BUENAVENTU,204448104,319,47397,,
PAYMENTUS HOLDINGS INC,70439P108,319,32780,,
SK TELECOM LTD,78440P306,319,16557,,
WESTERN MIDSTREAM PARTNERS L,958669103,319,12672,,
DAILY JOURNAL CORP,233912104,318,1240,,DJCO
ISHARES TR,464288810,318,6730,,
ZEVIA PBC,98955K104,318,73684,,ZVIA
CAPSTAR FINL HLDGS INC,14070T102,317,17090,,
KINNATE BIOPHARMA INC,49705R105,316,26444,,
GRAN TIERRA ENERGY INC,38500T101,315,260537,,GTE
MID PENN BANCORP INC,59540G107,315,10947,,MPB
SEER INC,81578P106,315,40689,,
5E ADVANCED MATERIALS INC,33830Q109,311,30618,,
FORGE GLOBAL HOLDINGS INC,34629L103,311,177852,,
INVESCO EXCHANGE TRADED FD T,46137V837,311,4603,,
ARCTURUS THERAPEUTICS HLDGS,03969T109,310,20938,,
NUVEEN AMT FREE MUN CR INC F,67071L106,310,26590,,
SENSUS HEALTHCARE INC,81728J109,309,24633,,
WATERSTONE FINL INC MD,94188P101,309,19132,,
SERITAGE GROWTH PPTYS,81752R100,308,34157,,
VUZIX CORP,92921W300,308,53200,,VUZI
MEIRAGTX HLDGS PLC,G59665102,308,36568,,
AFFIMED N V,N01045108,308,149557,,
ADICET BIO INC,007002108,307,21569,,
C4 THERAPEUTICS INC,12529R107,307,34972,,
CULLINAN ONCOLOGY INC,230031106,307,23962,,
MASTERCRAFT BOAT HLDGS INC,57637H103,307,16308,,
SPDR INDEX SHS FDS,78463X749,307,7934,,
ZEROFOX HLDGS INC,98955G103,307,50259,,
AVIAT NETWORKS INC,05366Y201,306,11191,,
GATES INDL CORP PLC,G39108108,306,31402,,
LIFE TIME GROUP HOLDINGS INC,53190C102,305,31272,,
XENON PHARMACEUTICALS INC,98420N105,305,8453,,XENE
FIRST INTERNET BANCORP,320557101,303,8936,,INBKZ
GENIUS BRANDS INTL INC,37229T301,303,503997,,
VANGUARD ADMIRAL FDS INC,921932885,303,2037,,
WEIBO CORP,948596101,303,17734,,WEIBF
UNIVERSAL INS HLDGS INC,91359V107,302,30692,,
KURA SUSHI USA INC,501270102,301,4085,,
ASSETMARK FINL HLDGS INC,04546L106,300,16417,,
HILL INTL INC,431466101,300,90222,,
QUANTERIX CORP,74766Q101,300,27244,,QTRX
ASPEN AEROGELS INC,04523Y105,299,32476,,ASPN
AURA BIOSCIENCES INC,05153U107,299,16501,,
VERTEX ENERGY INC,92534K107,299,48046,,
ESS TECH INC,26916J106,298,72858,,
FORESTAR GROUP INC,346232101,297,26510,,FOR
SPDR SER TR,78464A813,297,3925,,
TREDEGAR CORP,894650100,297,31431,,TG
CARTER BANKSHARES INC,146103106,296,18370,,
CITIZENS & NORTHN CORP,172922106,296,12261,,
HOMETRUST BANCSHARES INC,437872104,296,13379,,
NACCO INDS INC,629579103,296,6287,,
BRIGHTVIEW HLDGS INC,10948C107,295,37135,,
FRANKLIN STR PPTYS CORP,35471R106,295,112226,,
MIMEDX GROUP INC,602496101,295,102659,,
OCULAR THERAPEUTIX INC,67576A100,295,71027,,
908 DEVICES INC,65443P102,294,17895,,MASS
DIVERSIFIED HEALTHCARE TR,25525P107,293,295906,,
SHORE BANCSHARES INC,825107105,292,16862,,SHBI
SOLARWINDS CORP,83417Q204,292,37656,,
VAALCO ENERGY INC,91851C201,292,66981,,
HIRERIGHT HOLDINGS CORPORATI,433537107,291,19062,,
PACTIV EVERGREEN INC,69526K105,291,33355,,
TUPPERWARE BRANDS CORP,899896104,291,44421,,
GCM GROSVENOR INC,36831E108,290,36763,,GCMG
HYLIION HOLDINGS CORP,449109107,290,101058,,HYLN
HANCOCK JOHN PFD INCOME FD I,41013X106,288,17500,,
NEXTERA ENERGY PARTNERS LP,65341B106,288,3977,,
NUSCALE PWR CORP,67079K100,288,24694,,
SCHWAB STRATEGIC TR,808524607,287,7587,,
SONDER HOLDINGS INC,83542D102,287,172809,,
TURNING PT BRANDS INC,90041L105,287,13504,,
CENTURY ALUM CO,156431108,285,53975,,
ENFUSION INC,292812104,285,23069,,
METROCITY BANKSHARES INC,59165J105,285,14520,,
ON24 INC,68339B104,285,32382,,
VANGUARD ADMIRAL FDS INC,921932703,285,2293,,
STITCH FIX INC,860897107,284,71846,,
VITA COCO CO INC,92846Q107,284,24942,,
ARCOS DORADOS HOLDINGS INC,G0457F107,284,39026,,ARCO
COMMUNITY HEALTH SYS INC NEW,203668108,282,131292,,
DOUGLAS ELLIMAN INC,25961D105,282,68692,,DOUG
FIVE STAR BANCORP,33830T103,282,9938,,FSBC
INVESCO ACTIVELY MANAGED ETF,46090A705,282,8290,,
PEOPLES FINL SVCS CORP,711040105,282,6017,,
CITI TRENDS INC,17306X102,281,18120,,CTRN
ISHARES TR,464288604,281,8100,,
SMARTRENT INC,83193G107,281,123968,,
BRIGHTCOVE INC,10921T101,280,44523,,
HARSCO CORP,415864107,280,74761,,
ISHARES TR,464287515,280,1120,,
ZIMVIE INC,98888T107,280,28406,,
BARCLAYS BANK PLC,06742A669,279,15230,,JJETF
HUDSON TECHNOLOGIES INC,444144109,279,37979,,
SILVERBOW RES INC,82836G102,279,10396,,
UNIVERSAL ELECTRS INC,913483103,279,14194,,
PROVENTION BIO INC,74374N102,278,61879,,
BANDWIDTH INC,05988J103,277,23258,,BAND
JOINT CORP,47973J102,277,17630,,JYNT
MERCHANTS BANCORP IND,58844R108,277,12019,,
RCM TECHNOLOGIES INC,749360400,277,16611,,
SCIPLAY CORPORATION,809087109,277,23578,,
GREENLIGHT CAPITAL RE LTD,G4095J109,277,37255,,
NOVA LTD,M7516K103,277,3250,,NVMI
CUSTOM TRUCK ONE SOURCE INC,23204X103,276,47302,,
ENTERPRISE BANCORP INC MASS,293668109,276,9239,,
MICROVAST HOLDINGS INC,59516C106,276,152429,,
OLYMPIC STEEL INC,68162K106,275,12053,,
ROVER GROUP INC,77936F103,275,82437,,
SPORTSMANS WHSE HLDGS INC,84920Y106,275,33123,,
ARCHER AVIATION INC,03945R102,274,105120,,ACHR-WT
KOREA ELEC PWR CORP,500631106,274,40283,,
LIBERTY MEDIA CORP DEL,531229706,274,9746,,FWONB
SALISBURY BANCORP INC,795226109,274,11428,,
TRICIDA INC,89610F101,274,26098,,
ESTABLISHMENT LABS HLDGS INC,G31249108,274,5022,,
FIDELITY COVINGTON TRUST,316092709,273,6241,,
BIG 5 SPORTING GOODS CORP,08915P101,272,25350,,
FARMERS & MERCHANTS BANCORP,30779N105,272,10138,,FMCB
LOVESAC COMPANY,54738L109,272,13344,,
TIM S A,88706T108,271,24200,,
POWELL INDS INC,739128106,270,12828,,
AMNEAL PHARMACEUTICALS INC,03168L105,269,133041,,
BLACKBERRY LTD,09228F103,269,57328,,BB
BIOXCEL THERAPEUTICS INC,09075P105,268,22714,,
PROFESSIONAL HLDG CORP,743139107,268,10315,,
ZYNEX INC,98986M103,268,29511,,
RICHARDSON ELECTRS LTD,763165107,267,17687,,
AZUL S A,05501U106,266,32715,,
INSTIL BIO INC,45783C101,266,54946,,
APOLLO ENDOSURGERY INC,03767D108,265,48090,,
BRIDGEWATER BANCSHARES INC,108621103,265,16080,,BWBBP
JAKKS PAC INC,47012E403,265,13696,,
MILLER INDS INC TENN,600551204,265,12456,,
OIL STS INTL INC,678026105,265,68072,,
HCI GROUP INC,40416E103,264,6731,,
BLACKSTONE SECD LENDING FD,09261X102,263,11557,,
FREEDOM HLDG CORP NEV,356390104,262,5339,,
ONEWATER MARINE INC,68280L101,262,8709,,ONEW
VACASA INC,91854V107,262,85496,,
VERA THERAPEUTICS INC,92337R101,261,12234,,
DESTINATION XL GROUP INC,25065K104,260,47886,,
ADS TEC ENERGY PLC,G0085J117,260,35000,,
FULCRUM THERAPEUTICS INC,359616109,259,32018,,
KALTURA INC,483467106,259,117718,,KLTR
ANGI INC,00183L102,258,87337,,ANGI
IES HLDGS INC,44951W106,257,9317,,
EVOLUS INC,30052C107,256,31786,,
TELEFONICA BRASIL SA,87936R205,256,33981,,
DLH HLDGS CORP,23335Q100,255,20788,,
SKILLZ INC,83067L109,255,249659,,
OOMA INC,683416101,254,20623,,OOMA
THREDUP INC,88556E102,254,138201,,TDUP
CARDLYTICS INC,14161W105,253,26868,,
GREIF INC,397624206,253,4161,,
MERUS N V,N5749R100,253,12616,,
LINEAGE CELL THERAPEUTICS IN,53566P109,252,223076,,
FIRST BANCORP INC ME,31866P102,251,9120,,
ISHARES TR,464287754,251,3000,,
LORDSTOWN MOTORS CORP,54405Q100,251,137126,,
BLUE APRON HLDGS INC,09523Q200,250,43232,,
SEASPINE HLDGS CORP,81255T108,250,44084,,
FLEXSHARES TR,33939L852,249,4985,,
LINCOLN EDL SVCS CORP,533535100,249,45739,,
PROPHASE LABS INC,74345W108,249,22109,,
INVESCO EXCHANGE TRADED FD T,46137V142,248,5423,,
RBB BANCORP,74930B105,248,11951,,RBB
SCHNEIDER NATIONAL INC,80689H102,248,12226,,
AMERICAN RES CORP,02927U208,247,92536,,
BRAEMAR HOTELS & RESORTS INC,10482B101,247,57408,,BHR-PD
BRAINSTORM CELL THERAPEUTICS,10501E201,247,55916,,
GAMCO INVS INC,361438104,247,14510,,
ORGANOGENESIS HLDGS INC,68621F102,247,76369,,
ROCKET COS INC,77311W101,247,39146,,
SKYX PLATFORMS CORP,78471E105,247,67019,,SKYX
WILLIAM PENN BANCORPORATION,96927A105,247,21699,,
ALTO INGREDIENTS INC,021513106,245,67220,,
IDENTIV INC,45170X205,245,19535,,
INVESCO ACTVELY MNGD ETC FD,46090F100,245,15112,,
MAINSTREET BANCSHARES INC,56064Y100,245,10732,,
CUE HEALTH INC,229790100,244,80982,,
DISTRIBUTION SOLUTIONS GRP I,520776105,244,8664,,
TARSUS PHARMACEUTICALS INC,87650L103,244,14267,,
GABELLI EQUITY TR INC,362397101,243,44135,,
JINKOSOLAR HLDG CO LTD,47759T100,243,4381,,
MEDALLION FINL CORP,583928106,243,34550,,
RUSH ENTERPRISES INC,781846308,243,5075,,
SENDAS DISTRIBUIDORA S A,81689T104,243,15045,,
HYSTER YALE MATLS HANDLING I,449172105,242,11260,,
ISHARES TR,464287697,242,2982,,
PERELLA WEINBERG PARTNERS,71367G102,242,38202,,PWP
VAXART INC,92243A200,242,110895,,
WEBER INC,94770D102,242,36784,,
LENDINGTREE INC NEW,52603B107,241,10110,,
NUVALENT INC,670703107,241,12408,,
PLUMAS BANCORP,729273102,240,8470,,PLBC
CUREVAC N V,N2451R105,240,30509,,
CANOO INC,13803R102,239,127435,,
INTAPP INC,45827U109,239,12790,,
AFYA LTD,G01125106,239,17646,,AFYA
CARPARTS COM INC,14427M107,238,45940,,
INVESTORS TITLE CO NC,461804106,238,1687,,
KRONOS WORLDWIDE INC,50105F105,238,25438,,KRO
ICL GROUP LTD,M53213100,238,29036,,ICL
PHATHOM PHARMACEUTICALS INC,71722W107,237,21350,,
XPERI INC,98423J101,237,9125,,XPER
LANTRONIX INC,516548203,235,48811,,LTRX
DIGIMARC CORP NEW,25381B101,234,17260,,DMRC
ALLBIRDS INC,01675A109,233,76515,,
DURECT CORP,266605104,233,403936,,
PRIMIS FINANCIAL CORP,74167B109,232,19136,,FRST
CITIZENS CMNTY BANCORP INC M,174903104,231,18943,,
GANNETT CO INC,36472T109,231,150999,,
RHYTHM PHARMACEUTICALS INC,76243J105,231,9440,,
WM TECHNOLOGY INC,92971A109,231,143569,,
ISHARES TR,464288760,230,2526,,
ITERIS INC NEW,46564T107,230,77422,,
SITIO ROYALTIES CORP,82982V101,230,10400,,
ECB BANCORP INC,26828M106,229,15941,,
FIRST SVGS FINL GROUP INC,33621E109,229,9972,,
HIPPO HLDGS INC,433539202,229,12374,,
ISHARES TR,464289420,229,3973,,
TABULA RASA HEALTHCARE INC,873379101,229,47653,,
WHEELS UP EXPERIENCE INC,96328L106,229,199333,,UP
ESQUIRE FINL HLDGS INC,29667J101,228,6080,,
LL FLOORING HOLDINGS INC,55003T107,228,32873,,
MANITOWOC CO INC,563571405,228,29360,,MTW
ORCHID IS CAP INC,68571X301,227,27623,,
PLAYSTUDIOS INC,72815G108,227,65182,,
FIRST TR MID CAP CORE ALPHAD,33735B108,226,2821,,
ISHARES TR,46434V290,225,5024,,
MONEYLION INC,60938K106,225,252106,,
SOUTH PLAINS FINANCIAL INC,83946P107,225,8168,,
STOKE THERAPEUTICS INC,86150R107,225,17537,,
EDGEWISE THERAPEUTICS INC,28036F105,224,22788,,
POSTAL REALTY TRUST INC,73757R102,224,15295,,
SCHWAB STRATEGIC TR,808524763,224,5279,,
SUTRO BIOPHARMA INC,869367102,224,40296,,
EPSILON ENERGY LTD,294375209,223,35324,,EPSN
INOTIV INC,45783Q100,223,13206,,
LIQUIDIA CORPORATION,53635D202,223,40943,,LQDA
KODIAK SCIENCES INC,50015M109,222,28695,,KOD
MERIDIAN CORPORATION,58958P104,222,7626,,MRBK
PARK AEROSPACE CORP,70014A104,221,20013,,PKE
TATTOOED CHEF INC,87663X102,221,44378,,
VANGUARD ADMIRAL FDS INC,921932844,221,1592,,
INTEGRAL AD SCIENCE HLDNG CO,45828L108,220,30388,,
MATINAS BIOPHARMA HLDGS INC,576810105,220,346584,,
PANGAEA LOGISTICS SOLUTION L,G6891L105,220,47720,,
AERSALE CORPORATION,00810F106,219,11789,,ASLE
BANCO SANTANDER BRASIL S A,05967A107,219,38907,,
ETF MANAGERS TR,26924G870,219,5000,,
WW INTL INC,98262P101,219,55822,,
INVESCO EXCHANGE TRADED FD T,46137V282,218,963,,
IQIYI INC,46267X108,218,80323,,
BLUE FOUNDRY BANCORP,09549B104,217,19462,,
FIRST TR ENERGY INFRASTRCTR,33738C103,217,16315,,
INNOVATIVE SOLUTIONS & SUPPO,45769N105,217,25104,,
RXSIGHT INC,78349D107,217,18092,,
PETIQ INC,71639T106,216,31252,,
RANDOLPH BANCORP INC,752378109,216,8017,,
INVESTAR HLDG CORP,46134L105,215,10800,,
RANGER ENERGY SVCS INC,75282U104,214,21899,,
RIGEL PHARMACEUTICALS INC,766559603,214,181226,,RIGL
SARCOS TECHN AND ROBOTICS CO,80359A106,214,96244,,
SCHWAB STRATEGIC TR,808524722,214,6195,,
CAESARSTONE LTD,M20598104,214,22984,,CSTE
GUARANTY BANCSHARES INC TEX,400764106,213,6146,,
SPDR INDEX SHS FDS,78463X848,213,10026,,
UNIQURE NV,N90064101,213,11377,,
GATOS SILVER INC,368036109,212,79166,,
MVB FINL CORP,553810102,212,7618,,
WISDOMTREE TR,97717W406,212,2600,,
BLACKROCK RES & COMMODITIES,09257A108,211,24256,,
EATON VANCE TAX-MANAGED DIVE,27828N102,211,19442,,
ISHARES INC,464286749,211,5625,,
ISHARES TR,46432F396,211,1606,,
DANIMER SCIENTIFIC INC,236272100,210,71351,,
LANDEC CORP,514766104,210,23653,,
CENTRAIS ELETRICAS BRASILEIR,15234Q108,209,24600,,
DASEKE INC,23753F107,209,38564,,
AMERICAN SUPERCONDUCTOR CORP,030111207,208,47395,,
JOHN MARSHALL BANCORP INC,47805L101,208,8488,,
PHX MINERALS INC,69291A100,208,64272,,
SOTERA HEALTH CO,83601L102,208,30485,,SHC
TUTOR PERINI CORP,901109108,208,37604,,TPC
TEEKAY CORPORATION,Y8564W103,207,57782,,TK
BIOVENTUS INC,09075A108,206,29448,,BVS
NERDWALLET INC,64082B102,206,23175,,
QUEST RESOURCE HLDG CORP,74836W203,206,24396,,
DANAOS CORPORATION,Y1968P121,206,3702,,DAC
AMPLIFY ENERGY CORP NEW,03212B103,205,31232,,AMPY
BRC INC,05601U105,205,26527,,BRCC
GENERATION BIO CO,37148K100,205,38548,,
HARROW HEALTH INC,415858109,205,17000,,
HARVARD BIOSCIENCE INC,416906105,204,79816,,HBIO
KIMBALL INTL INC,494274103,204,32383,,
NORTHEAST BK LEWISTON ME,66405S100,204,5556,,
OPPENHEIMER HLDGS INC,683797104,204,6582,,
POWERFLEET INC,73931J109,204,66152,,
VANECK ETF TRUST,92189F676,204,1102,,
EVERCOMMERCE INC,29977X105,202,18471,,EVCM
ISHARES TR,464288729,202,2250,,
PRECIGEN INC,74017N105,202,95310,,
BANK7 CORP,06652N107,201,9046,,BSVN
ENTRAVISION COMMUNICATIONS C,29382R107,201,50737,,
INFINITY PHARMACEUTICALS INC,45665G303,201,168567,,
RIMINI STR INC DEL,76674Q107,201,43048,,
VELO3D INC,92259N104,201,51084,,
ACNB CORP,000868109,200,6671,,ACNB
CHARGE ENTERPRISES INC,159610104,200,113600,,
EASTMAN KODAK CO,277461406,200,43568,,KODK
JERASH HLDGS US INC,47632P101,200,47280,,
RALLYBIO CORP,75120L100,200,13788,,RLYB
RUSH STREET INTERACTIVE INC,782011100,200,54355,,
TIPTREE INC,88822Q103,200,18591,,TIPT
RADWARE LTD,M81873107,200,9170,,RDWR
COMPASS THERAPEUTICS INC,20454B104,199,87367,,
DREAM FINDERS HOMES INC,26154D100,199,18775,,
UR-ENERGY INC,91688R108,199,182491,,URG
DIEBOLD NIXDORF INC,253651103,198,81137,,
1 800 FLOWERS COM INC,68243Q106,197,30292,,FLWS
BGSF INC,05601C105,196,17668,,
CS DISCO INC,126327105,196,19601,,
CHERRY HILL MTG INVT CORP,164651101,195,39674,,
INTEST CORP,461147100,195,25520,,INTT
NUVATION BIO INC,67080N101,195,86849,,NUVB
QIWI PLC,74735M108,195,34408,,
SEVEN HILLS REALTY TRUST,81784E101,195,21397,,SEVN
LAZYDAYS HLDGS INC,52110H100,194,14335,,
MELCO RESORTS AND ENTMNT LTD,585464100,194,29264,,
HOLLYSYS AUTOMATION TCHNGY L,G45667105,194,11361,,
MEDIAALPHA INC,58450V104,193,22024,,
SYSTEM1 INC,87200P109,193,30732,,
GROWGENERATION CORP,39986L109,192,54818,,GRWG
ALTISOURCE PORTFOLIO SOLNS S,L0175J104,192,14669,,
PHUNWARE INC,71948P100,191,161599,,
RAMACO RES INC,75134P303,191,20775,,
AMMO INC,00175J107,190,64795,,
BANKFINANCIAL CORP,06643P104,190,20096,,
KT CORP,48268K101,190,15567,,KT
ORRSTOWN FINL SVCS INC,687380105,190,7948,,
PETCO HEALTH & WELLNESS CO I,71601V105,190,17027,,
QUANTUM SI INC,74765K105,190,69243,,
BCB BANCORP INC,055298103,189,11221,,BCBP
INNOVID CORP,457679108,189,69692,,
PZENA INVT MGMT INC,74731Q103,189,19941,,
SCULPTOR CAP MGMT,811246107,189,21416,,
SEELOS THERAPEUTICS INC,81577F109,189,183651,,
VANECK ETF TRUST,92189F817,189,14216,,
XERIS BIOPHARMA HOLDINGS INC,98422E103,189,121090,,
AADI BIOSCIENCE INC,00032Q104,188,13305,,
ATOMERA INC,04965B100,188,18596,,ATOM
SMITH MICRO SOFTWARE INC,832154207,188,83106,,
AMERICAN PUB ED INC,02913V103,187,20421,,
INFORMATION SVCS GROUP INC,45675Y104,187,39251,,
ASENSUS SURGICAL INC,04367G103,186,415150,,
BAYCOM CORP,07272M107,186,10561,,BCML
DZS INC,268211109,186,16467,,
GENASYS INC,36872P103,186,67193,,GNSS
HOLLEY INC,43538H103,186,45821,,HLLY
RAYONIER ADVANCED MATLS INC,75508B104,186,58982,,
SILICOM LTD,M84116108,186,5262,,SILC
4D MOLECULAR THERAPEUTICS IN,35104E100,185,23022,,
ULTRAPAR PARTICIPACOES SA,90400P101,185,84364,,
ALTIMMUNE INC,02155H200,184,14440,,
LEVI STRAUSS & CO NEW,52736R102,184,12745,,LEVI
RACKSPACE TECHNOLOGY INC,750102105,184,45051,,
SYMBOTIC INC,87151X101,184,15967,,SYM
AFC GAMMA INC,00109K105,183,11970,,
FLEXSHARES TR,33939L571,183,468244,,
FLEXSHARES TR,33939L829,182,9000,,
SOCIETAL CDMO INC,75629F109,182,111711,,
SILICON MOTION TECHNOLOGY CO,82706C108,182,2797,,
ASTRONICS CORP,046433108,181,23084,,ATROB
FUTUREFUEL CORP,36116M106,181,29984,,FF
PERFORMANT FINL CORP,71377E105,181,98091,,
ARDAGH METAL PACKAGING S A,L02235106,181,37400,,
ASHFORD HOSPITALITY TR INC,044103869,180,26408,,
CVENT HOLDING CORP,126677103,180,34300,,
CO-DIAGNOSTICS INC,189763105,180,55987,,
F-STAR THERAPEUTICS INC,30315R107,180,35102,,
INFORMATICA INC,45674M101,180,8964,,
PCSB FINL CORP,69324R104,180,10017,,
CAMBIUM NETWORKS CORP,G17766109,180,10662,,CMBMF
ASSERTIO HOLDINGS INC,04546C205,179,78745,,
IMMUNOVANT INC,45258J102,178,31865,,
LINDBLAD EXPEDITIONS HLDGS I,535219109,178,26353,,
QUOTIENT TECHNOLOGY INC,749119103,178,77123,,
RADIANT LOGISTICS INC,75025X100,178,31313,,
ALTA EQUIPMENT GROUP INC,02128L106,177,16053,,ALTG-PA
ASTRIA THERAPEUTICS INC,04635X102,177,19593,,
EMBARK TECHNOLOGY INC,29079J202,177,23889,,
HONEST CO INC,438333106,177,50451,,
LG DISPLAY CO LTD,50186V102,177,43316,,
POTBELLY CORP,73754Y100,177,39025,,
PROFRAC HLDG CORP,74319N100,177,11610,,
VINCO VENTURES INC,927330100,177,190015,,
ARC DOCUMENT SOLUTIONS INC,00191G103,176,77715,,
ASSOCIATED CAP GROUP INC,045528106,176,4799,,
MONTE ROSA THERAPEUTICS INC,61225M102,176,21598,,
BIOATLA INC,09077B104,175,22702,,
MARKFORGED HOLDING CORPORATI,57064N102,175,88500,,
FVCBANKCORP INC,36120Q101,174,9082,,
JANUX THERAPEUTICS INC,47103J105,174,12818,,
ARBUTUS BIOPHARMA CORP,03879J100,173,90529,,ABUS
GREENE CNTY BANCORP INC,394357107,173,3027,,
HILLEVAX INC,43157M102,173,10142,,
NEXTDECADE CORP,65342K105,173,28798,,NEXT
BENEFITFOCUS INC,08180D106,172,27118,,
PCB BANCORP,69320M109,172,9491,,PCB
PURPLE INNOVATION INC,74640Y106,172,42467,,
CATO CORP NEW,149205106,171,17961,,CATO
MANITEX INTL INC,563420108,171,29882,,
NOODLES & CO,65540B105,171,36300,,NDLS
RILEY EXPLORATION PERMIAN IN,76665T102,171,9031,,
SANDSTORM GOLD LTD,80013R206,171,33000,,
SINGULAR GENOMICS SYSTEMS IN,82933R100,171,68507,,
CANTALOUPE INC,138103106,169,48487,,
LEXICON PHARMACEUTICALS INC,528872302,169,70270,,
NORTHERN TECHNOLOGIES INTL C,665809109,169,12696,,
BARK INC,68622E104,169,93023,,
PROKIDNEY CORP,G7S53R104,169,18702,,PROK
EYEPOINT PHARMACEUTICALS INC,30233G209,168,21243,,
PARKE BANCORP INC,700885106,168,8002,,
SIXTH STREET SPECIALTY LENDI,83012A109,168,10264,,
TALKSPACE INC,87427V103,168,162743,,
ORION GROUP HLDGS INC,68628V308,167,63215,,
SHATTUCK LABS INC,82024L103,167,62023,,
VICARIOUS SURGICAL INC,92561V109,167,49774,,RBOTW
BLADE AIR MOBILITY INC,092667104,166,41192,,
EMBRAER S.A.,29082A107,166,19341,,EMBJ
LOOP INDS INC,543518104,166,38451,,
PARK-OHIO HLDGS CORP,700666100,166,14644,,
RED RIVER BANCSHARES INC,75686R202,166,3352,,RRBI
USERTESTING INC,91734E101,166,42327,,
AKOYA BIOSCIENCES INC,00974H104,165,14040,,
THIRD COAST BANCSHARES INC,88422P109,165,9633,,
DARIOHEALTH CORP,23725P209,164,35521,,DRIO
HOVNANIAN ENTERPRISES INC,442487401,164,4605,,HOVNP
RANI THERAPEUTICS HLDGS INC,753018100,164,17116,,
VERITONE INC,92347M100,164,29109,,
BIGLARI HLDGS INC,08986R309,163,1414,,
BLACKSKY TECHNOLOGY INC,09263B108,163,108974,,BKSY-WT
CYTOMX THERAPEUTICS INC,23284F105,163,112430,,
FIRST BK WILLIAMSTOWN NEW JE,31931U102,163,11899,,
AGILETHOUGHT INC,00857F100,162,41581,,
COMPANHIA SIDERURGICA NACION,20440W105,162,68249,,
DARE BIOSCIENCE INC,23666P101,162,161668,,
INSPIRED ENTMT INC,45782N108,162,18318,,
ADAMS DIVERSIFIED EQUITY FD,006212104,161,11059,,
BLUE RIDGE BANKSHARES INC VA,095825105,161,12689,,
BUILD-A-BEAR WORKSHOP INC,120076104,161,12050,,BBW
SUPERIOR INDS INTL INC,868168105,161,53275,,
UNIFI INC,904677200,161,16937,,UFI
UNIVERSAL TECHNICAL INST INC,913915104,161,29560,,
VANECK ETF TRUST,92189F700,161,2000,,
CONSOLIDATED WATER CO INC,G23773107,161,10483,,
RING ENERGY INC,76680V108,160,68933,,
PROVIDENT BANCORP INC,74383L105,159,11110,,
TFF PHARMACEUTICALS INC,87241J104,159,39108,,
VIRACTA THERAPEUTICS INC,92765F108,159,37320,,
ADVERUM BIOTECHNOLOGIES INC,00773U108,158,165918,,
COLONY BANKCORP INC,19623P101,158,12103,,CBAN
LAKELAND INDS INC,511795106,158,13696,,
PURE CYCLE CORP,746228303,158,18884,,PCYO
SPDR SER TR,78464A870,158,1996,,
BRIGHT HEALTH GROUP INC,10920V107,157,149702,,
COMMUNITY WEST BANCSHARES,204157101,157,11232,,CWBC
FINANCE OF AMERICA COMPAN,31738L107,157,106284,,
FOGHORN THERAPEUTICS INC,344174107,157,18253,,FHTX
HELIOGEN INC,42329E105,157,84499,,
EVERSPIN TECHNOLOGIES INC,30041T104,156,27008,,MRAM
MANNING & NAPIER INC,56382Q102,156,12742,,
XOMA CORP DEL,98419J206,156,8685,,
CAPITAL BANCORP INC MD,139737100,155,6696,,
WAYSIDE TECHNOLOGY GROUP INC,946760105,155,5770,,
WEYCO GROUP INC,962149100,155,7597,,WEYS
NEXTNAV INC,65345N106,154,57278,,NXNVW
BOWMAN CONSULTING GROUP LTD,103002101,153,10468,,BWMN
EL POLLO LOCO HLDGS INC,268603107,153,17111,,
MERCER INTL INC,588056101,153,12441,,
PARTNERS BANCORP,70213Q108,153,17195,,
VIVID SEATS INC,92854T100,153,19945,,SEATW
FOCUS UNVL INC,34417J104,152,16177,,
G1 THERAPEUTICS INC,3621LQ109,152,12147,,
LUMENT FINANCE TRUST INC,55025L108,152,70139,,
VILLAGE SUPER MKT INC,927107409,152,7855,,
NEOGAMES S A,L6673X107,152,11776,,
ASTRONOVA INC,04638F108,151,12866,,
FOSSIL GROUP INC,34988V106,151,44136,,
VELODYNE LIDAR INC,92259F101,151,159502,,
BLUEGREEN VACATIONS HLDG COR,096308101,150,9081,,
EVERQUOTE INC,30041R108,150,21937,,
GLOBAL WTR RES INC,379463102,150,12780,,
INSEEGO CORP,45782B104,150,72684,,INSG
ALPINE 4 HOLDINGS INC,02083E105,149,268625,,
CELULARITY INC,151190105,149,64674,,CELU
KULR TECHNOLOGY GROUP INC,50125G109,149,116670,,
LYRA THERAPEUTICS INC,55234L105,149,29829,,
CENTURY THERAPEUTICS INC,15673T100,148,14971,,
SEMLER SCIENTIFIC INC,81684M104,148,3949,,
RED VIOLET INC,75704L104,147,8484,,
WEAVE COMMUNICATIONS INC,94724R108,147,29200,,
EGAIN CORP,28225C806,146,19861,,EGAN
GREENHILL & CO INC,395259104,146,24565,,
TACTILE SYS TECHNOLOGY INC,87357P100,146,18710,,
X4 PHARMACEUTICALS INC,98420X103,146,85120,,
GOLDMAN SACHS BDC INC,38147U107,145,10000,,
GUILD HLDGS CO,40172N107,145,15686,,
QUICKLOGIC CORP,74837P405,145,22360,,QUIK
INVIVYD INC,00534A102,144,46101,,
ADAMS RES & ENERGY INC,006351308,144,4846,,
FULL HSE RESORTS INC,359678109,144,25683,,
GLATFELTER CORPORATION,377320106,144,46272,,
MYMD PHARMACEUTICALS INC,62856X102,144,55356,,
EVOLV TECHNOLOGIES HLDNGS IN,30049H102,143,67274,,
GROUPON INC,399473206,143,18023,,
PARTY CITY HOLDCO INC,702149105,143,90500,,
CHIMERIX INC,16934W106,142,73824,,
PARK CITY GROUP INC,700215304,142,26601,,
PIXELWORKS INC,72581M305,142,88346,,
KORU MEDICAL SYSTEMS INC,759910102,142,63731,,
SILVERCREST ASSET MGMT GROUP,828359109,142,8689,,
STRATASYS LTD,M85548101,142,9825,,SSYS
CENNTRO ELECTRIC GROUP LIMIT,Q6519V120,142,137792,,
ADVANTAGE SOLUTIONS INC,00791N102,141,66084,,ADV
AEVA TECHNOLOGIES INC,00835Q103,141,75404,,
CVRX INC,126638105,141,15112,,
CAPRICOR THERAPEUTICS INC,14070B309,141,23578,,
RUMBLEON INC,781386305,141,8313,,
STEREOTAXIS INC,85916J409,141,78170,,
DAKOTA GOLD CORP,46655E100,140,45779,,DC
PRELUDE THERAPEUTICS INC,74065P101,140,21121,,PRLD
CONCERT PHARMACEUTICALS INC,206022105,139,20818,,
GALECTIN THERAPEUTICS INC,363225202,139,85096,,GALT
LATHAM GROUP INC,51819L107,139,38801,,
ATYR PHARMA INC,002120202,138,45871,,ATYR
FONAR CORP,344437405,138,9782,,
HBT FINL INC.,404111106,138,7612,,
INTERCORP FINL SVCS INC,P5626F128,138,6866,,
AKOUSTIS TECHNOLOGIES INC,00973N102,137,45991,,
CION INVT CORP,17259U204,137,16156,,
GREENLIGHT BIOSCIENCS HLDS P,39536G105,137,59073,,
THE ONCOLOGY INSTITUTE INC,68236X100,137,29498,,
AEMETIS INC,00770K202,136,22143,,
CYXTERA TECHNOLOGIES INC,23284C102,136,33403,,
PDS BIOTECHNOLOGY CORP,70465T107,136,45754,,PDSB
CAMBER ENERGY INC,13200M508,135,694615,,
22ND CENTY GROUP INC,90137F103,135,145102,,
RVL PHARMACEUTICALS PLC,G6S41R101,135,64472,,
ATLANTICUS HOLDINGS CORP,04914Y102,134,5126,,ATLCZ
BLUE BIRD CORP,095306106,134,16007,,BLBD
MICT INC,55328R109,134,195599,,
UNION BANKSHARES INC,905400107,134,5925,,UNB
PARAMOUNT GLOBAL,92556H107,134,6244,,
GEOPARK LTD,G38327105,134,11409,,GPRK
ABSCI CORPORATION,00091E109,133,42483,,ABSI
HYZON MOTORS INC,44951Y102,133,78179,,
MARINE PRODS CORP,568427108,133,15664,,
TOWNSQUARE MEDIA INC,892231101,133,18351,,
XPRESSPA GROUP INC,98420U703,133,173844,,
SAFE BULKERS INC,Y7388L103,133,53887,,
FINWARD BANCORP,31812F109,132,3894,,FNWD
FIRST UTD CORP,33741H107,132,7988,,
UNITY BANCORP INC,913290102,132,5276,,
NEXA RES S A,L67359106,132,25491,,
EOS ENERGY ENTERPRISES INC,29415C101,131,78603,,
FLOTEK INDS INC DEL,343389102,131,130501,,
THE ONE GROUP HOSPITALITY IN,88338K103,130,19626,,
WESTERN ASSET MTG CAP CORP,95790D204,129,11543,,
TANGO THERAPEUTICS INC,87583X109,128,35225,,
LEGEND BIOTECH CORP,52490G102,127,3109,,LEGN
BYRNA TECHNOLOGIES INC,12448X201,126,26905,,BYRN
COMMUNITY FINL CORP MD,20368X101,126,3685,,
CONVEY HEALTH SOLUTIONS HLDG,21258C108,126,12021,,
OUTLOOK THERAPEUTICS INC,69012T206,126,103555,,
PERMA-PIPE INTL HLDGS INC,714167103,126,13333,,
RIBBON COMMUNICATIONS INC,762544104,126,56598,,RBBN
THE ARENA GROUP HOLDINGS INC,040044109,125,9556,,
CONCRETE PUMPING HLDGS INC,206704108,125,19382,,
MARCHEX INC,56624R108,125,74336,,MCHX
PAYSIGN INC,70451A104,125,52588,,
AIRGAIN INC,00938A104,124,17203,,AIRG
EVOLUTION PETE CORP,30049A107,124,17822,,
GEE GROUP INC,36165A102,124,196344,,JOB
PEAR THERAPEUTICS INC,704723105,124,60961,,
PIERIS PHARMACEUTICALS INC,720795103,124,107717,,
PRIMEENERGY RESOURCES CORP,74158E104,124,1558,,PNRG
STEEL CONNECT INC,858098106,124,90640,,
VAXXINITY INC,92244V104,124,62833,,
BERKELEY LTS INC,084310101,123,42938,,
GLOBAL SELF STORAGE INC,37955N106,123,20907,,
NAUTILUS BIOTECHNOLOGY INC,63909J108,123,57796,,
VBI VACCINES INC CDA,91822J103,123,174324,,
CERBERUS CYBER SENTINEL CORP,15672X102,122,41245,,
COOPER STD HLDGS INC,21676P103,122,20827,,
KRONOS BIO INC,50107A104,122,36551,,
AEROVATE THERAPEUTICS INC,008064107,121,7305,,
CONTAINER STORE GROUP INC,210751103,121,24684,,
ENERGOUS CORP,29272C103,121,117069,,WATT
CHECKPOINT THERAPEUTICS INC,162828107,120,114961,,
CORE MOLDING TECHNOLOGIES IN,218683100,120,12099,,
RLX TECHNOLOGY INC,74969N103,120,114190,,RLX
TILLYS INC,886885102,120,17377,,
FERROGLOBE PLC,G33856108,120,22787,,GSM
BRIGHT GREEN CORP,10920G100,119,110371,,
FIRST WATCH RESTAURANT GROUP,33748L101,119,8225,,
NEOVOLTA INC,640655106,119,23604,,NEOVW
REPUBLIC FIRST BANCORP INC,760416107,119,41998,,
INMUNE BIO INC,45782T105,118,19106,,
OCCIDENTAL PETE CORP,674599162,118,2976,,
ONDAS HLDGS INC,68236H204,118,31965,,
AMERISERV FINL INC,03074A102,117,30849,,
CRESTWOOD EQUITY PARTNERS LP,226344208,117,4201,,
VIEW INC,92671V106,117,87550,,
WHOLE EARTH BRANDS INC,96684W100,117,30469,,
APPHARVEST INC,03783T103,116,58664,,
PFSWEB INC,717098206,116,12476,,
RANPAK HOLDINGS CORP,75321W103,116,33808,,PACK
TELA BIO INC,872381108,116,13576,,
TURKCELL ILETISIM HIZMETLERI,900111204,116,43683,,
ENETI INC,Y2294C107,116,17437,,
EMPIRE PETE CORP,292034303,115,8752,,
AVAYA HLDGS CORP,05351X101,114,71787,,
CLEANSPARK INC,18452B209,114,35801,,
HARTE HANKS INC,416196202,114,10266,,HHS
INTRUSION INC,46121E205,114,23605,,INTZ
GLOBAL BUSINESS TRAVEL GROUP,37890B100,113,19909,,
PRAXIS PRECISION MEDICINES I,74006W108,113,49760,,
RESEARCH FRONTIERS INC,760911107,113,53182,,REFR
CONNS INC,208242107,112,15833,,
NUVEEN REAL ASSET INCOME & G,67074Y105,112,10000,,
SKILLSOFT CORP,83066P200,112,61068,,SKIL
BAKKT HOLDINGS INC,05759B107,111,48529,,
CHROMADEX CORP,171077407,111,90178,,
LEAP THERAPEUTICS INC,52187K101,111,126561,,
PSYCHEMEDICS CORP,744375205,111,17236,,
SARATOGA INVT CORP,80349A208,111,5338,,
ITURAN LOCATION AND CONTROL,M6158M104,111,4761,,
BEYOND AIR INC,08862L103,110,14828,,
BLACKROCK ENHANCED EQUITY DI,09251A104,110,13617,,
INNODATA INC,457642205,110,36496,,INOD
OUSTER INC,68989M103,110,113947,,
VIGIL NEUROSCIENCE INC,92673K108,110,12082,,
VOLTA INC,92873V102,110,90574,,
FTC SOLAR INC,30320C103,109,36973,,
KATAPULT HOLDINGS INC,485859102,109,113434,,
LEGACY HOUSING CORP,52472M101,109,6377,,LEGH
MAUI LD & PINEAPPLE INC,577345101,109,11875,,
OPIANT PHARMACEUTICALS INC,683750103,108,10056,,
1STDIBS COM INC,320551104,107,17090,,
HENNESSY ADVISORS INC,425885100,107,12369,,HNNA
IVANHOE ELECTRIC INC,46578C108,107,12917,,IE
MCEWEN MNG INC,58039P305,107,32867,,
SECUREWORKS CORP,81374A105,107,13287,,
SPOK HLDGS INC,84863T106,107,14047,,
ANGEL OAK MTG INC,03464Y108,106,8879,,
GENPREX INC,372446104,106,75401,,
LIGHTBRIDGE CORP,53224K302,106,23185,,LTBR
PACER FDS TR,69374H303,106,2162,,
STARRETT L S CO,855668109,106,12012,,
ATLAS TECHNICAL CONSULTANTS,049430101,105,15810,,
OUTBRAIN INC,69002R103,105,28659,,
BIORA THERAPEUTICS INC,74319F107,105,217150,,
SPDR SER TR,78464A698,105,1781,,
TRANSPHORM INC,89386L100,105,20904,,
USCB FINANCIAL HOLDINGS INC,90355N101,105,8020,,
CLENE INC,185634102,104,37074,,CLNN
NERDY INC,64081V109,104,49499,,NRDY
PERMA-FIX ENVIRONMENTAL SVCS,714157203,104,23239,,
SPIRE GLOBAL INC,848560108,104,96122,,
HELLO GROUP INC,423403104,103,22379,,MOMO
HERITAGE INSURANCE HLDGS INC,42727J102,103,45709,,
MULLEN AUTOMOTIVE INC,62526P109,103,315432,,
TRUECAR INC,89785L107,103,67927,,
AIRSPAN NETWORKS HOLDINGS IN,00951K104,102,50615,,
FREIGHTCAR AMER INC,357023100,102,27284,,
LIMBACH HLDGS INC,53263P105,102,13409,,
SEMA4 HOLDINGS CORP,81663L101,102,116557,,
IMMATICS N.V,N44445109,102,10233,,IMTX
ARTERIS INC,04302A104,101,15138,,
CLEARSIDE BIOMEDICAL INC,185063104,101,88961,,
DAVE INC,23834J102,101,281675,,
FIRST GTY BANCSHARES INC,32043P106,101,4595,,
FORIAN INC,34630N106,101,30269,,
HF FOODS GROUP INC,40417F109,101,26223,,HFFG
MINISO GROUP HLDG LTD,66981J102,101,18412,,
SCYNEXIS INC,811292200,101,42148,,SCYX
BRILLIANT EARTH GROUP INC,109504100,100,17490,,
CASA SYS INC,14713L102,100,32060,,
POLISHED COM INC,28252C109,100,191500,,
F45 TRAINING HLDGS INC,30322L101,100,32273,,
FLUENT INC,34380C102,100,74303,,
LOCAL BOUNTI CORP,53960E106,100,35304,,
VIRTRA INC,92827K301,100,18502,,
BARCLAYS BANK PLC,06742C723,99,5760,,JJETF
NATHANS FAMOUS INC NEW,632347100,98,1532,,
CYTOSORBENTS CORP,23283X206,97,71105,,CTSO
NVE CORP,629445206,97,2079,,
NORTHRIM BANCORP INC,666762109,97,2340,,NRIM
PALATIN TECHNOLOGIES INC,696077502,97,16453,,PTN
ATHIRA PHARMA INC,04746L104,96,32370,,
CUMULUS MEDIA INC,231082801,96,13710,,CMLSQ
MAMMOTH ENERGY SVCS INC,56155L108,96,28134,,
P3 HEALTH PARTNERS INC,744413105,96,20885,,PIIIW
STRATUS PPTYS INC,863167201,96,4122,,
WESTWATER RES INC,961684206,96,84364,,
AUTHID INC,46264C206,95,32875,,AUID
PLBY GROUP INC,72814P109,95,23551,,
PRO-DEX INC COLO,74265M205,95,5339,,
TILE SHOP HLDGS INC,88677Q109,95,26915,,
AQUA METALS INC,03837J101,94,124242,,
QUANTUM COMPUTING INC,74766W108,94,37281,,QUBT
GLOBAL CORD BLOOD CORPORATIO,G39342103,94,31579,,
IBEX LTD,G4690M101,94,5076,,IBEX
CINEDIGM CORP,172406209,93,236638,,
FINWISE BANCORP,31813A109,93,10303,,FINW
MAYVILLE ENGR CO INC,578605107,93,14221,,
RENT THE RUNWAY INC,76010Y103,93,42071,,
THE BEACHBODY COMPANY INC,073463101,92,90613,,
CELCUITY INC,15102K100,92,9194,,CELC
MESA AIR GROUP INC,590479135,92,55916,,
OPORTUN FINL CORP,68376D104,92,21090,,
RED CAT HLDGS INC,75644T100,92,54888,,
ROMEO POWER INC,776153108,92,230942,,
VOR BIOPHARMA INC,929033108,92,23074,,VOR
ALLIANCEBERNSTEIN GLOBAL HIG,01879R106,91,10285,,
ALPINE IMMUNE SCIENCES INC,02083G100,91,12692,,
TURTLE BEACH CORP,900450206,91,13378,,TBCH
BUZZFEED INC,12430A102,90,58005,,
HARMONY GOLD MINING CO LTD,413216300,90,36843,,HGMCF
NATURAL GROCERS BY VITAMIN C,63888U108,90,8298,,
PHARMACYTE BIOTECH INC,71715X203,90,37619,,
BITNILE HOLDINGS INC,09175M101,89,485069,,
RESERVOIR MEDIA INC,76119X105,89,18188,,
SELECTQUOTE INC,816307300,89,121366,,
SYNLOGIC INC,87166L100,89,93863,,
YAMANA GOLD INC,98462Y100,89,19589,,
BANK SOUTH CAROLINA CORP,065066102,88,5388,,
BROADWIND INC,11161T207,88,29301,,
NI HLDGS INC,65342T106,88,6550,,
SCIENCE 37 HOLDINGS INC,808644108,88,54932,,
ENVVENO MEDICAL CORPORATION,29415J106,87,13906,,NVNO
NAUTILUS INC,63910B102,87,53180,,
NEXPOINT REAL ESTATE FIN INC,65342V101,87,5777,,
STAR GROUP L P,85512C105,87,10681,,
CHINDATA GROUP HLDGS LTD,16955F107,86,10590,,
GSI TECHNOLOGY INC,36241U106,86,30165,,GSIT
GREAT ELM GROUP INC,39037G109,86,43093,,
ICAD INC,44934S206,85,40517,,
NETSOL TECHNOLOGIES INC,64115A402,85,27210,,NTWK
NINE ENERGY SERVICE INC,65441V101,85,32081,,
PLAINS GP HLDGS L P,72651A207,85,7817,,
AMPCO-PITTSBURG CORP,032037103,84,22794,,
APEXIGEN INC,03759B102,84,31041,,
KOSS CORP,500692108,84,13236,,KOSS
LIFEWAY FOODS INC,531914109,84,14714,,
TYRA BIOSCIENCES INC,90240B106,84,9600,,
YPF SOCIEDAD ANONIMA,984245100,84,13460,,YPF
ATAI LIFE SCIENCES NV,N0731H103,84,25330,,
ELEDON PHARMACEUTICALS INC,28617K101,83,30053,,
KINGSWAY FINL SVCS INC,496904202,83,11956,,
LATCH INC,51818V106,83,87080,,
SCPHARMACEUTICALS INC,810648105,83,12775,,
VOLITIONRX LTD,928661107,83,60847,,VNRX
ARMATA PHARMACEUTICALS INC,04216R102,82,19380,,
BACKBLAZE INC,05637B105,82,16401,,
EHEALTH INC,28238P109,82,21074,,
FRIEDMAN INDS INC,358435105,82,11489,,
INUVO INC,46122W204,82,200907,,
IZEA WORLDWIDE INC,46604H105,82,115511,,
MANNATECH INC,563771203,82,3951,,MTEX
ORBITAL INFRASTRUCTURE GRP I,68559A109,82,173510,,
PIONEER BANCORP INC MD,723561106,82,8600,,
TENAYA THERAPEUTICS INC,87990A106,82,28207,,
CEPTON INC,15673X101,81,41376,,
KARAT PACKAGING INC,48563L101,81,5065,,KRT
MANHATTAN BRDG CAP INC,562803106,81,14275,,
AGROFRESH SOLUTIONS INC,00856G109,80,53357,,
HYCROFT MINING HOLDING CORP,44862P109,80,132077,,HYMCW
NICHOLAS FINL INC BC,65373J209,80,14081,,
ONE STOP SYS INC,68247W109,80,25090,,
REEDS INC,758338107,80,670000,,
CURO GROUP HOLDINGS CORP,23131L107,79,19624,,
JOUNCE THERAPEUTICS INC,481116101,79,33878,,
SHIFT TECHNOLOGIES INC,82452T107,79,112478,,
AKUMIN INC,01021F109,78,45671,,
EQUILLIUM INC,29446K106,78,35155,,
NEW YORK CITY REIT INC,649439205,78,24265,,
STERLING BANCORP INC,85917W102,78,12918,,
BEL FUSE INC,077347300,77,3037,,
CLIPPER RLTY INC,18885T306,77,11007,,
DELTA APPAREL INC,247368103,77,5509,,
KIRKLANDS INC,497498105,77,25625,,
TAYSHA GENE THERAPIES INC,877619106,77,39927,,
BRIDGFORD FOODS CORP,108763103,76,5405,,BRID
ISHARES TR,464288414,76,73779,,
ODYSSEY MARINE EXPL INC,676118201,76,24526,,
OIL DRI CORP AMER,677864100,76,3135,,
ORION ENERGY SYS INC,686275108,76,48693,,
SELLAS LIFE SCIENCES GROUP I,81642T209,76,37671,,
SKYWATER TECHNOLOGY INC,83089J108,76,9989,,
BERKSHIRE GREY INC,084656107,75,43980,,
IMMUNOME INC,45257U108,75,16798,,IMNM
OFFERPAD SOLUTIONS INC,67623L109,75,61711,,OPADW
CROWN CRAFTS INC,228309100,74,12857,,CRWS
DULUTH HLDGS INC,26443V101,74,10485,,
FLEXSTEEL INDS INC,339382103,74,4721,,
HERITAGE GLOBAL INC,42727E103,74,46092,,HGBL
VIA RENEWABLES INC,92556D106,74,10744,,
WRAP TECHNOLOGIES INC,98212N107,74,43455,,
AQUESTIVE THERAPEUTICS INC,03843E104,73,62090,,
EMAGIN CORP,29076N206,73,122712,,
INTELLICHECK INC,45817G201,73,29115,,
KNIGHTSCOPE INC,49907V102,73,30349,,
LIFEVANTAGE CORP,53222K205,73,19397,,LFVN
PRIORITY TECHNOLOGY HLDGS IN,74275G107,73,16105,,
ASTRA SPACE INC,04634X103,72,117202,,
FATHOM HOLDINGS INC,31189V109,72,13559,,FTHM
LIPOCINE INC NEW,53630X104,72,160603,,LPCN
SURROZEN INC,86889P109,72,35833,,
FRESHWORKS INC,358054104,71,5483,,FRSH
MOLECULAR TEMPLATES INC,608550109,71,94380,,
SQZ BIOTECHNOLOGIES CO,78472W104,71,31022,,
STONEMOR INC,86184W106,71,20787,,
THESEUS PHARMACEUTICALS INC,88369M101,71,12237,,
TRAEGER INC,89269P103,71,25088,,
ALPS ETF TR,00162Q452,70,1924,,
CRAWFORD & CO,224633107,70,13277,,CRD-B
DECISIONPOINT SYS INC NEW,24345A507,70,11009,,
HALLADOR ENERGY COMPANY,40609P105,70,12466,,
THE REAL GOOD FOOD COMPANY I,75601G109,70,10803,,
TRI CONTL CORP,895436103,70,2736,,
U S GLOBAL INVS INC,902952100,70,24272,,
VELOCITY FINL INC,92262D101,70,6424,,
AIRSCULPT TECHNOLOGIES INC,009496100,69,10808,,
ARCIMOTO INC,039587100,69,49820,,
CYCLERION THERAPEUTICS INC,23255M105,69,80736,,
SIENTRA INC,82621J105,69,107508,,
FINVOLUTION GROUP,31810T101,68,15823,,FVGPY
HYPERFINE INC,44916K106,68,84009,,
KEY TRONIC CORP,493144109,68,16803,,KTCC
LARIMAR THERAPEUTICS INC,517125100,68,21330,,
LIFETIME BRANDS INC,53222Q103,68,10115,,
MILESTONE SCIENTIFIC INC,59935P209,68,85921,,MLSS
PEPGEN INC,713317105,68,7436,,PEPG
QUAD / GRAPHICS INC,747301109,68,26413,,
HEPION PHARMACEUTICALS INC,426897104,67,132059,,
RESEARCH SOLUTIONS INC,761025105,67,33068,,
UPHEALTH INC,91532B101,67,125127,,
BIOMERICA INC,09061H307,66,16746,,BMRA
CIDARA THERAPEUTICS INC,171757107,66,105344,,
LIFEMD INC,53216B104,66,33303,,
MIROMATRIX MED INC,60471P108,66,15169,,
NATURAL GAS SVCS GROUP INC,63886Q109,66,6526,,
PCTEL INC,69325Q105,66,14020,,
US WELL SERVICES INC,91274U309,66,13097,,
VINTAGE WINE ESTATES INC,92747V106,66,23906,,
ADTHEORENT HOLDING COMPANY,00739D109,65,30176,,
ATERIAN INC,02156U101,65,52673,,
CRAWFORD & CO,224633206,65,11327,,CRD-B
CURIOSITYSTREAM INC,23130Q107,65,44252,,CURI
HYDROFARM HLDGS GROUP INC,44888K209,65,33377,,
LULUS FASHION LOUNGE HOLDING,55003A108,65,13880,,
RAIN THERAPEUTICS INC,75082Q105,65,13247,,
SURGEPAYS INC,86882L204,65,14389,,
ROCKLEY PHOTONICS HLDGS LTD,G7614L109,65,92097,,
BALLANTYNE STRONG INC,058516105,64,30723,,
BLACK DIAMOND THERAPEUTICS I,09203E105,64,37884,,
BROADWAY FINL CORP DEL,111444105,64,56841,,
ENVELA CORP,29402E102,64,12674,,ELA
ETON PHARMACEUTICALS INC,29772L108,64,30355,,
SMART SAND INC,83191H107,64,41107,,
SOLO BRANDS INC,83425V104,64,16967,,
STREAMLINE HEALTH SOLUTIONS,86323X106,64,53836,,
WEWORK INC,96209A104,64,24170,,
UROGEN PHARMA LTD,M96088105,64,7737,,URGN
CORE LABORATORIES N V,N22717107,64,4737,,
AXCELLA HEALTH INC,05454B105,63,36833,,
DATA I O CORP,237690102,63,22629,,
IBIO INC,451033203,63,371951,,
WIRELESS TELECOM GROUP INC,976524108,63,48531,,
CONFORMIS INC,20717E101,62,326381,,
HALL OF FAME RESORT & ENTMT,40619L102,62,111664,,
NETWORK-1 TECHNOLOGIES INC,64121N109,62,27445,,
POLYMET MNG CORP,731916409,62,21679,,
SURFACE ONCOLOGY INC,86877M209,62,59762,,
VOYAGER THERAPEUTICS INC,92915B106,62,10460,,
WILLIS LEASE FIN CORP,970646105,62,1903,,
GLIMPSE GROUP INC,37892C106,61,11622,,
MEDICINOVA INC,58468P206,61,28167,,MNOV
NEUROPACE INC,641288105,61,16171,,NPCE
OMNIQ CORP,68217M107,61,10213,,OMQS
SRAX INC,78472M106,61,35686,,
TREAN INS GROUP INC,89457R101,61,17832,,
TREVI THERAPEUTICS INC,89532M101,61,39927,,
BARNWELL INDS INC,068221100,60,22834,,
BURGERFI INTERNATIONAL INC,12122L101,60,23158,,
EXPRESS INC,30219E103,60,54779,,
FIVE POINT HOLDINGS LLC,33833Q106,60,22993,,
LANTERN PHARMA INC,51654W101,60,12629,,LTRN
MOMENTUS INC,60879E101,60,43856,,MNTSW
NATIONAL BANKSHARES INC VA,634865109,60,1782,,
NATURAL HEALTH TRENDS CORP,63888P406,60,16319,,NHTC
AN2 THERAPEUTICS INC,037326105,59,3421,,
CHICAGO ATLANTIC REAL ESTATE,167239102,59,4116,,
EYENOVIA INC,30234E104,59,30103,,
INNOVATE CORP,45784J105,59,84128,,VATE
PROTARA THERAPEUTICS INC,74365U107,59,20019,,
BIOTRICITY INC,09074H104,58,72002,,BTCY
ECOARK HLDGS INC,27888N307,58,44617,,
ENEL CHILE S.A.,29278D105,58,42026,,ENIC
GT BIOPHARMA INC,36254L209,58,32967,,
HOUSTON AMERN ENERGY CORP,44183U209,58,16818,,
KVH INDS INC,482738101,58,6244,,
SPLASH BEVERAGE GROUP INC,84862C203,58,42618,,
XOS INC,98423B108,58,47938,,
GAMBLING COM GROUP LIMITED,G3R239101,58,7592,,
AMES NATL CORP,031001100,57,2558,,
AQUABOUNTY TECHNOLOGIES INC,03842K200,57,73514,,AQB
VOLCON INC,92864V103,57,28699,,
WILLIAMS INDL SVCS GROUP INC,96951A104,57,38341,,
CARECLOUD INC,14167R100,56,13493,,
FARADAY FUTRE INTLGT ELCTR I,307359109,56,88668,,
ISORAY INC,46489V104,56,244360,,
SLR INVESTMENT CORP,83413U100,56,4519,,SLRC
THORNE HEALTHTECH INC,885260109,56,11748,,
AGEAGLE AERIAL SYS INC NEW,00848K101,55,117734,,
BIO-PATH HLDGS INC,09057N300,55,17327,,
CONSUMER PORTFOLIO SVCS INC,210502100,55,7541,,
LIGHTNING EMOTORS INC,53228T101,55,35441,,
NEONODE INC,64051M709,55,15679,,NEON
TRANSCONTINENTAL RLTY INVS,893617209,55,1361,,
ACHIEVE LIFE SCIENCES INC,004468500,54,16444,,
BOXLIGHT CORP,103197109,54,87874,,BOXL
JOANN INC,47768J101,54,8145,,
UNITED STATES ANTIMONY CORP,911549103,54,147026,,UAMY
ZEDGE INC,98923T104,54,22764,,
CRISPR THERAPEUTICS AG,H17182108,54,825,,CRSP
APTEVO THERAPEUTICS INC,03835L207,53,17515,,APVO
SOLID BIOSCIENCES INC,83422E105,53,113394,,SLDB
VIANT TECHNOLOGY INC,92557A101,53,12524,,DSP
ELECTROMED INC,285409108,52,5043,,
ESCALADE INC,296056104,52,5258,,ESCA
GAIA INC NEW,36269P104,52,21488,,
HIMAX TECHNOLOGIES INC,43289P106,52,10815,,
ICOSAVAX INC,45114M109,52,16508,,
NUTEX HEALTH INC,67079U108,52,34773,,NUTX
PYXIS ONCOLOGY INC,747324101,52,26398,,
QUDIAN INC,747798106,52,58020,,
VERB TECHNOLOGY CO INC,92337U104,52,111639,,
ALZAMEND NEURO INC,02262M308,51,42911,,
GALERA THERAPEUTICS INC,36338D108,51,29266,,
HORIZON GLOBAL CORP,44052W104,51,41809,,
HUMACYTE INC,44486Q103,51,15679,,
KINGSOFT CLOUD HLDGS LTD,49639K101,51,25869,,
ORGENESIS INC,68619K204,51,36227,,
TORRID HLDGS INC,89142B107,51,12331,,
AIM IMMUNOTECH INC,00901B105,50,86517,,AIM
KORE GROUP HLDGS INC,50066V107,50,26360,,
MICROBOT MED INC,59503A204,50,10429,,
OMEROS CORP,682143102,50,15918,,OMER
ADAMIS PHARMACEUTICALS CORP,00547W208,49,244634,,
AUDACY INC,05070N103,49,125674,,
AUGMEDIX INC,05105P107,49,33644,,
AVEANNA HEALTHCARE HLDGS INC,05356F105,49,32940,,
HAMILTON BEACH BRANDS HLDG C,40701T104,49,4204,,
MOLECULIN BIOTECH INC,60855D200,49,46327,,
BOLT BIOTHERAPEUTICS INC,097702104,48,32279,,
FLEXSHOPPER INC,33939J303,48,25874,,
KINGSTONE COS INC,496719105,48,18119,,
MOVANO INC,62459M107,48,17518,,
NOVAN INC,66988N205,48,25826,,
PROFIRE ENERGY INC,74316X101,48,56564,,
REPARE THERAPEUTICS INC,760273102,48,3977,,
APPLIED THERAPEUTICS INC,03828A101,47,50960,,
BIRD GLOBAL INC,09077J107,47,132230,,
CHARLES & COLVARD LTD,159765106,47,48496,,
FUEL TECH INC,359523107,47,40157,,
GOLDEN MINERALS CO,381119106,47,182996,,AUMN
LIVEVOX HOLDING INC,53838L100,47,15858,,
PARDES BIOSCIENCES INC,69945Q105,47,25462,,
ACELRX PHARMACEUTICALS INC,00444T100,46,218926,,
AMERICAN RLTY INVS INC,029174109,46,2908,,
DOMA HOLDINGS INC,25703A104,46,104727,,
89BIO INC,282559103,46,7929,,
INDEPENDENCE CONTRACT DRILLI,453415606,46,15243,,
ROOT INC,77664L207,46,5899,,
U S GOLD CORP,90291C201,46,12178,,
BABYLON HLDGS LTD,G07031100,46,97771,,
CANDEL THERAPEUTICS INC,137404109,45,14483,,
CHARAH SOLUTIONS INC,15957P105,45,24344,,
CLEARSIGN TECHNOLOGIES CORP,185064102,45,49522,,CLIR
COMPANHIA BRASILEIRA DE DIST,20440T300,45,12621,,
NEOLEUKIN THERAPEUTICS INC,64049K104,45,69765,,
OCUPHIRE PHARMA INC,67577R102,45,22281,,
RIGETTI COMPUTING INC,76655K103,45,24139,,
USIO INC,917313108,45,34532,,
CPS TECHNOLOGIES CORP,12619F104,44,15694,,
CATALYST BIOSCIENCES INC,14888D208,44,86363,,
COMSTOCK INC,205750300,44,104083,,LODE
EXAGEN INC,30068X103,44,16393,,XGN
IMMERSION CORP,452521107,44,8025,,IMMR
KEWAUNEE SCIENTIFIC CORP,492854104,44,2502,,
LIGHTPATH TECHNOLOGIES INC,532257805,44,41054,,LPTH
NOAH HLDGS LTD,65487X102,44,3364,,
BIOSIG TECHNOLOGIES INC,09073N201,43,67149,,
CORVUS PHARMACEUTICALS INC,221015100,43,52168,,
HALLMARK FINL SVCS INC,40624Q203,43,41317,,
NRX PHARMACEUTICALS INC,629444100,43,58598,,
LESAKA TECHNOLOGIES INC,64107N206,43,12103,,LSAK
PEDEVCO CORP,70532Y303,43,42883,,PED
REMARK HLDGS INC,75955K102,43,160524,,
SWK HLDGS CORP,78501P203,43,2553,,
TALARIS THERAPEUTICS INC,87410C104,43,16505,,
VNET GROUP INC,90138A103,43,7729,,
B2GOLD CORP,11777Q209,42,13000,,BTG
COCRYSTAL PHARMA INC,19188J300,42,143474,,
EARGO INC,270087109,42,40372,,
FINCH THERAPEUTICS GROUP INC,31773D101,42,25259,,
ISOPLEXIS CORP,465005106,42,24672,,
REALNETWORKS INC,75605L708,42,60719,,
RENOVACOR INC,75989E106,42,16861,,
SURGALIGN HOLDINGS INC,86882C204,42,11939,,
VALUE LINE INC,920437100,42,964,,VALU
DIANA SHIPPING INC,Y2066G104,42,11604,,DSX-WT
ASPIRA WOMENS HEALTH INC,04537Y109,41,110760,,
CORENERGY INFRASTRUCTURE TR,21870U502,41,25894,,
DELCATH SYS INC,24661P807,41,12674,,
FLEXSHARES TR,33939L779,41,202000,,
GAIN THERAPEUTICS INC,36269B105,41,12546,,
GRAPHITE BIO INC,38870X104,41,12908,,
ORAGENICS INC,684023302,41,181383,,OGEN
ORAMED PHARMACEUTICALS INC,68403P203,41,6367,,ORMP
PULSE BIOSCIENCES INC,74587B101,41,17697,,
QUALTRICS INTL INC,747601201,41,4018,,
DESPEGAR COM CORP,G27358103,41,7242,,
PLAYA HOTELS & RESORTS NV,N70544106,41,7028,,
CREXENDO INC,226552107,40,16741,,
ELEVATE CREDIT INC,28621V101,40,36125,,
GEOSPACE TECHNOLOGIES CORP,37364X109,40,9097,,GEOS
IRONNET INC,46323Q105,40,58226,,
MARKER THERAPEUTICS INC,57055L107,40,108830,,
SENSEI BIOTHERAPEUTICS INC,81728A108,40,26049,,
ALLAKOS INC,01671P100,39,6327,,
COMPOSECURE INC,20459V105,39,7858,,
FREQUENCY ELECTRS INC,358010106,39,6758,,
GALECTO INC,36322Q107,39,20551,,
GOLDEN MATRIX GROUP INC,381098300,39,13205,,
LONGEVERON INC,54303L104,39,10623,,LGVN
OXFORD SQUARE CAP CORP,69181V107,39,12879,,
SUPER LEAGUE GAMING INC,86804F202,39,57130,,
SYPRIS SOLUTIONS INC,871655106,39,20944,,SYPR
VTV THERAPEUTICS INC,918385105,39,40577,,VTVT
CIPHER MINING INC,17253J106,38,29847,,
HUTCHMED CHINA LTD,44842L103,38,4285,,
LANNET INC,516012101,38,84022,,
SOLITARIO ZINC CORP,8342EP107,38,77569,,
URBAN-GRO INC,91704K202,38,13741,,
XILIO THERAPEUTICS INC,98422T100,38,12900,,
ASTROTECH CORP,046484200,37,83593,,ASTC
BIOCARDIA INC,09060U507,37,19226,,
DADA NEXUS LTD,23344D108,37,7909,,
ELIEM THERAPEUTICS INC,28658R106,37,11494,,
EXTERRAN CORP,30227H106,37,8844,,
FRANKLIN WIRELESS CORP,355184102,37,12762,,FKWL
NEMAURA MED INC,640442208,37,17951,,
SAGA COMMUNICATIONS INC,786598300,37,1396,,SGA
TRINITY PL HLDGS INC,89656D101,37,41721,,
WESTERN NEW ENG BANCORP INC,958892101,37,4523,,
ARCA BIOPHARMA INC,00211Y506,36,17517,,
AEGLEA BIOTHERAPEUTICS INC,00773J103,36,69032,,
ALIGOS THERAPEUTICS INC,01626L105,36,32604,,
ATHENEX INC,04685N103,36,134423,,
COFFEE HLDG CO INC,192176105,36,14324,,
FTAI INFRASTRUCTURE INC,35953C106,36,15000,,FIP
LANDMARK BANCORP INC,51504L107,36,1403,,LARK
U S ENERGY CORP DEL,911805307,36,12304,,
FREYR BATTERY,L4135L100,36,2543,,
BOXED INC,103174108,35,38234,,
CARLOTZ INC,142552108,35,115631,,
DERMTECH INC,24984K105,35,8864,,
DIGITAL ALLY INC,25382T101,35,77524,,
EVI INDS INC,26929N102,35,1918,,
IMARA INC,45249V107,35,15314,,
NORWOOD FINL CORP,669549107,35,1309,,
PROCESSA PHARMACEUTICALS INC,74275C205,35,15401,,
RED ROBIN GOURMET BURGERS IN,75689M101,35,5184,,
REDWIRE CORPORATION,75776W103,35,14723,,RDW
URBAN ONE INC,91705J105,35,6537,,
VINCERX PHARMA INC,92731L106,35,25614,,
VIVANI MEDICAL INC,92854B109,35,15553,,
CANAAN INC,134748102,34,10278,,CAN
ELECTROCORE INC,28531P103,34,84131,,
FLUX PWR HLDGS INC,344057302,34,13186,,
INSPIRATO INCORPORATED,45791E107,34,14242,,
RETRACTABLE TECHNOLOGIES INC,76129W105,34,17052,,RVP
REZOLUTE INC,76200L309,34,12535,,
SIFCO INDS INC,826546103,34,11135,,
URBAN ONE INC,91705J204,34,8103,,
VISLINK TECHNOLOGIES INC,92836Y300,34,79594,,
BSQUARE CORP,11776U300,33,28276,,
CHAMPIONS ONCOLOGY INC,15870P307,33,4406,,
LANDSEA HOMES CORP,51509P103,33,6841,,
MEDAVAIL HOLDINGS INC,58406B103,33,42857,,
OTONOMY INC,68906L105,33,110502,,
RAVE RESTAURANT GROUP INC,754198109,33,23454,,
SALEM MEDIA GROUP INC,794093104,33,18706,,
CARLYLE SECURED LENDING INC,872280102,33,2846,,
AEROCLEAN TECHNOLOGIES INC,007744105,32,11242,,
BATTALION OIL CORP,07134L107,32,2669,,BATL
EKSO BIONICS HLDGS INC,282644301,32,20414,,
HAWTHORN BANCSHARES INC,420476103,32,1486,,
ISUN INC,465246106,32,14705,,
KAIVAL BRNDS INNOVATNS GRP I,483104204,32,31772,,
NANOVIRICIDES INC,630087302,32,18494,,
NEXTPLAY TECHNOLOGIES INC,65344G102,32,148951,,
NUVVE HOLDING CORP,67079Y100,32,22548,,NVVE
PARATEK PHARMACEUTICALS INC,699374302,32,12447,,
SEACHANGE INTL INC,811699107,32,74948,,
TERRAN ORBITAL CORPORATION,88105P103,32,17975,,
WIDEPOINT CORP,967590209,32,14844,,WYY
ACER THERAPEUTICS INC,00444P108,31,22551,,
APTINYX INC,03836N103,31,83270,,
ARAVIVE INC,03890D108,31,38430,,
BELLEROPHON THERAPEUTICS INC,078771300,31,28097,,
DOLPHIN ENTMT INC,25686H209,31,11769,,
DYADIC INTL INC DEL,26745T101,31,16460,,
ESSA BANCORP INC,29667D104,31,1611,,
GSE SYS INC,36227K106,31,34732,,
ITAU CORPBANCA,45033E105,31,10851,,
MARKETWISE INC,57064P107,31,13709,,
NEUROMETRIX INC,641255807,31,11059,,
REGULUS THERAPEUTICS INC,75915K309,31,17978,,
RUBIUS THERAPEUTICS INC,78116T103,31,71292,,
SAB BIOTHERAPEUTICS INC,78397T103,31,44476,,
SENTI BIOSCIENCES INC,81726A100,31,14296,,
STARRY GROUP HOLDINGS INC,85572U102,31,20614,,
AVALON GLOBOCARE CORP,05344R104,30,47277,,
BARFRESH FOOD GROUP INC,067532200,30,10455,,BRFH
EXELA TECHNOLOGIES INC,30162V706,30,65697,,
FARMER BROS CO,307675108,30,6485,,
GREENBOX POS,39366L208,30,30715,,
MARIN SOFTWARE INC,56804T205,30,23227,,
ORGANOVO HLDGS INC,68620A203,30,14461,,
PREDICTIVE ONCOLOGY INC,74039M200,30,83096,,
MAXEON SOLAR TECHNOLOGIES LT,Y58473102,30,1278,,
AYRO INC,054748108,29,49378,,
BETTER THERAPEUTICS INC,08773T104,29,16703,,
BLACKROCK CAP INVT CORP,092533108,29,8584,,
EASTERN CO,276317104,29,1688,,EML
TRACON PHARMACEUTICALS INC,89237H209,29,17337,,
T2 BIOSYSTEMS INC,89853L104,29,257560,,
UNITED INS HLDGS CORP,910710102,29,45631,,
WAITR HLDGS INC,930752100,29,198608,,
ACUTUS MED INC,005111109,28,31438,,
AIR INDS GROUP,00912N205,28,43100,,
BLACKROCK TCP CAPITAL CORP,09259E108,28,2537,,TCPC
DIXIE GROUP INC,255519100,28,25656,,DXYN
GEOVAX LABS INC,373678507,28,25539,,
GREENIDGE GENERATION HLDGS I,39531G100,28,13780,,
GRUPO AVAL ACCIONES Y VALORE,40053W101,28,11579,,
IDERA PHARMACEUTICALS INC,45168K405,28,74267,,
BAOZUN INC,06684L103,27,4354,,BZUN
BETTER CHOICE CO INC,08771Y303,27,34545,,
BIOLASE INC,090911405,27,11230,,
COGNITION THERAPEUTICS INC,19243B102,27,14116,,CGTX
COHEN & STEERS REIT & PFD &,19247X100,27,1379,,
ENOCHIAN BIOSCIENCES INC,29350E104,27,14753,,
GOOD TIMES RESTAURANTS INC,382140879,27,12371,,GTIM
INDIA GLOBALIZATION CAP INC,45408X308,27,63328,,
ISHARES TR,464287176,27,25567,,
MAMAMANCINI S HLDGS INC,56146T103,27,24889,,
ONCONOVA THERAPEUTICS INC,68232V801,27,30783,,
PLX PHARMA INC,72942A107,27,41285,,
SOCIETY PASS INC,83370P102,27,17127,,
STRONGHOLD DIGITAL MINING IN,86337R103,27,25751,,
SUMMIT THERAPEUTICS INC,86627T108,27,22903,,SMMT
TILRAY BRANDS INC,88688T100,27,9786,,
TONIX PHARMACEUTICALS HLDG C,890260862,27,50372,,
AEYE INC,008183105,26,23153,,
ALITHYA GROUP INC,01643B106,26,13471,,ALYAF
ALLIED ESPORTS ENTMT INC,019170109,26,22010,,
ARIDIS PHARMACEUTICALS INC,040334104,26,28104,,
C & F FINL CORP,12466Q104,26,481,,
CODEX DNA INC,192003101,26,15937,,
CONTEXT THERAPEUTICS INC,21077P108,26,23200,,CNTX
DIAMEDICA THERAPEUTICS INC,25253X207,26,21056,,DMAC
GRITSTONE BIO INC,39868T105,26,10255,,
HURCO CO,447324104,26,1176,,
IMMIX BIOPHARMA INC,45258H106,26,19151,,
INHIBIKASE THERAPEUTICS INC,45719W106,26,28872,,
NEUROONE MED TECHNOLOGIES CO,64130M209,26,15376,,
NEW MTN FIN CORP,647551100,26,2263,,
180 LIFE SCIENCES CORP,68236V104,26,39737,,
OVERSEAS SHIPHOLDING GROUP I,69036R863,26,8646,,
PRECIPIO INC,74019L503,26,32047,,
UNITY BIOTECHNOLOGY INC,91381U101,26,66055,,
AMERICAN OUTDOOR BRANDS INC,02875D109,25,2819,,
BEASLEY BROADCAST GROUP INC,074014101,25,22930,,BBGI
BIOCEPT INC,09072V501,25,26818,,
CYNGN INC,23257B107,25,25035,,CYN
CYTEIR THERAPEUTICS INC,23284P103,25,13175,,
IMMUNIC INC,4525EP101,25,7871,,
INPIXON,45790J800,25,203793,,
OAKTREE SPECIALTY LENDING CO,67401P108,25,4231,,
SERA PROGNOSTICS INC,81749D107,25,15826,,
SOLIGENIX INC,834223307,25,58031,,
VISTAGEN THERAPEUTICS INC,92840H202,25,163855,,
XBIOTECH INC,98400H102,25,6970,,XBIT
ZYMERGEN INC,98985X100,25,8815,,
AILERON THERAPEUTICS INC,00887A105,24,113802,,
APPLIED OPTOELECTRONICS INC,03823U102,24,8834,,
CLEVER LEAVES HOLDINGS INC,186760104,24,39475,,
ENSERVCO CORP,29358Y201,24,18920,,
FS KKR CAP CORP,302635206,24,1440,,
ONCORUS INC,68236R103,24,28436,,
PERASO INC,71360T101,24,14077,,PRSO
QUMU CORP,749063103,24,40030,,
SIO GENE THERAPIES INC,829399104,24,87153,,
STRATA SKIN SCIENCES INC,86272A206,24,27170,,
TRAVELZOO,89421Q205,24,5357,,TZOO
VERRICA PHARMACEUTICALS INC,92511W108,24,8059,,VRCA
VYANT BIO INC,92942V109,24,43901,,
QUOTIENT LTD,G73268107,24,159999,,
AMPLITECH GROUP INC,03211Q200,23,12652,,
DSS INC,26253C102,23,91649,,
ENLINK MIDSTREAM LLC,29336T100,23,2596,,
NANO DIMENSION LTD,63008G203,23,9677,,NNDM
NATIONAL CINEMEDIA INC,635309107,23,35017,,
PERSONALIS INC,71535D106,23,7784,,
MEGA MATRIX CORP,007737109,22,13040,,
ALPHA TEKNOVA INC,02080L102,22,6639,,
BANK PRINCETON NEW JERSEY,064520109,22,782,,
BIOFRONTERA INC,09077D100,22,20728,,BFRIW
GRAHAM CORP,384556106,22,2512,,GHM
GULF IS FABRICATION INC,402307102,22,5334,,
JUPITER WELLNESS INC,48208F105,22,28047,,
KALEYRA INC,483379103,22,22222,,
NANOVIBRONIX INC,63008J108,22,46869,,
NEUBASE THERAPEUTICS INC,64132K102,22,54856,,
OHIO VY BANC CORP,677719106,22,791,,
OPPFI INC,68386H103,22,9548,,OPFI
ORIC PHARMACEUTICALS INC,68622P109,22,6894,,
RGC RES INC,74955L103,22,1033,,
SUNLIGHT FINANCIAL HOLDINGS,86738J106,22,17773,,
VANGUARD MALVERN FDS,922020805,22,45342,,
AUDDIA INC,05072K107,21,15712,,AUUD
BTCS INC,05581M404,21,14018,,BTCS
CITIZENS INC,174740100,21,6205,,
COMPX INTL INC,20563P101,21,1316,,
ELOXX PHARMACEUTICALS INC,29014R103,21,123556,,
EMCORE CORP,290846203,21,12695,,
GOHEALTH INC,38046W105,21,58025,,
ISHARES TR,464287457,21,25517,,
LOYALTY VENTURES INC,54911Q107,21,17242,,
OZON HLDGS PLC,69269L104,21,2270,,
S&W SEED CO,785135104,21,28340,,
TERAWULF INC,88080T104,21,16332,,WULF
WARNER MUSIC GROUP CORP,934550203,21,906,,WMG
WEJO GROUP LIMITED,G9525W109,21,19214,,
COGNYTE SOFTWARE LTD,M25133105,21,5095,,CGNT
AMPIO PHARMACEUTICALS INC,03209T109,20,336909,,
APPLIED GENETIC TECHNOLOGIES,03820J100,20,75154,,
APYX MEDICAL CORPORATION,03837C106,20,4394,,APYX
BIODESIX INC,09075X108,20,15689,,BDSX
CADIZ INC,127537207,20,10615,,CDZIP
CALAMP CORP,128126109,20,5206,,
CODIAK BIOSCIENCES INC,192010106,20,26131,,
COMSCORE INC,20564W105,20,11928,,
DIGITAL MEDIA SOLUTIONS INC,25401G106,20,10650,,
EVELO BIOSCIENCES INC,299734103,20,9413,,
HOTH THERAPEUTICS INC,44148G105,20,58398,,
KIMBELL RTY PARTNERS LP,49435R102,20,1150,,
MONOPAR THERAPEUTICS INC,61023L108,20,13197,,
ONCOSEC MED INC,68234L306,20,39996,,
OPGEN INC,68373L307,20,69789,,
PARAMOUNT GOLD NEV CORP,69924M109,20,66068,,
PRESIDIO PPTY TR INC,74102L303,20,15685,,
ROCKWELL MED INC,774374300,20,14812,,
SATSUMA PHARMACEUTICALS INC,80405P107,20,3331,,
SMILEDIRECTCLUB INC,83192H106,20,21760,,
VANGUARD SCOTTSDALE FDS,92206C409,20,26908,,
VIPER ENERGY PARTNERS LP,92763M105,20,706,,
VIRGINIA NATL BANKSHARES COR,928031103,20,605,,
VYNE THERAPEUTICS INC,92941V209,20,89405,,
WORKSPORT LTD,98139Q209,20,11436,,WKSP
APREA THERAPEUTICS INC,03836J102,19,28710,,
ATLANTIC AMERN CORP,048209100,19,6792,,
BURNING ROCK BIOTECH LTD,12233L107,19,8000,,BNR
CABALETTA BIO INC,12674W109,19,29307,,
ENDRA LIFE SCIENCES INC,29273B104,19,63378,,NDRA
IMEDIA BRANDS INC,452465206,19,29596,,
IMMUCELL CORP,452525306,19,2514,,
OYSTER PT PHARMA INC,69242L106,19,3457,,
SPRUCE BIOSCIENCES INC,85209E109,19,14067,,
SUPERIOR DRILLING PRODS INC,868153107,19,28526,,
TALIS BIOMEDICAL CORP,87424L108,19,27687,,
VANGUARD WORLD FD,921910725,19,448,,
VERA BRADLEY INC,92335C106,19,6194,,
VIVOS THERAPEUTICS INC,92859E108,19,29655,,
XL FLEET CORP,9837FR100,19,21286,,
KALERA PUBLIC LIMITED CO,G52251108,19,14260,,
AGEX THERAPEUTICS INC,00848H108,18,31473,,
AMERICAN VRTUAL CLOUD TECH I,030382105,18,86961,,
ANIXA BIOSCIENCES INC,03528H109,18,3567,,ANIX
APPLIED DNA SCIENCES INC,03815U300,18,15793,,
DUTCH BROS INC,26701L100,18,575,,BROS
EBET INC,278700109,18,14935,,
STANDARD BIOTOOLS INC,34385P108,18,16584,,LAB
GOLUB CAP BDC INC,38173M102,18,1439,,
WAVEDANCER INC,456696103,18,18422,,
KALA PHARMACEUTICALS INC,483119103,18,82244,,
LEXINFINTECH HLDGS LTD,528877103,18,10515,,
LUCIRA HEALTH INC,54948U105,18,17414,,
MSP RECOVERY INC,553745100,18,15118,,
MAGNACHIP SEMICONDUCTOR CORP,55933J203,18,1772,,MX
OP BANCORP,67109R109,18,1640,,OPBK
VIRPAX PHARMACEUTICALS INC,928251107,18,15221,,
AGORA INC,00851L103,17,4799,,
AGRIFY CORP,00853E107,17,40171,,
FIRST FINANCIAL NORTHWEST IN,32022K102,17,1116,,
FOSTER L B CO,350060109,17,1738,,FSTR
ISHARES TR,464288158,17,16854,,
JASPER THERAPEUTICS INC,471871103,17,21460,,
NANTHEALTH INC,630104107,17,67628,,
REVIVA PHARMACEUTCLS HLDGS I,76152G100,17,10584,,
STATERA BIOPHARMA INC,857561104,17,131855,,
VOC ENERGY TR,91829B103,17,2500,,
VENUS CONCEPT INC,92332W105,17,39305,,
ABVC BIOPHARMA INC,00091F106,16,18421,,
AGILE THERAPEUTICS INC,00847L209,16,53167,,
AKOUOS INC,00973J101,16,2351,,
ALSET EHOME INTERNATIONAL IN,02116A104,16,62389,,
APPLIED UV INC,03828V105,16,12073,,
BIO-KEY INTL INC,09060C408,16,10727,,
CBDMD INC,12482W101,16,72495,,
QUINCE THERAPEUTICS INC,22053A107,16,12001,,
ENZO BIOCHEM INC,294100102,16,7284,,
FATHOM DIGITAL MFG CORP,31189Y103,16,8000,,
GARRETT MOTION INC,366505105,16,2859,,GTX
GITLAB INC,37637K108,16,303,,GTLB
HARBOR CUSTOM DEVELOPMENT IN,41150T108,16,17978,,
LEAFLY HOLDINGS INC,52178J105,16,23833,,
MATRIX SVC CO,576853105,16,3745,,
SINTX TECHNOLOGIES INC,829392307,16,50624,,
STAR EQUITY HOLDINGS INC,85513Q103,16,16536,,
TROIKA MEDIA GROUP INC,89689F305,16,46314,,
UP FINTECH HLDG LTD,91531W106,16,4898,,
VANGUARD BD INDEX FDS,921937835,16,22453,,
WHEELER REAL ESTATE INVT TR,963025705,16,12511,,
ARCADIA BIOSCIENCES INC,039014204,15,28929,,
ASPEN GROUP INC,04530L203,15,39017,,
BRIDGELINE DIGITAL INC,10807Q700,15,11551,,
GRAYBUG VISION INC,38942Q103,15,16104,,
HASHICORP INC,418100103,15,466,,
HUMANIGEN INC,444863203,15,83539,,
ISHARES TR,464288620,15,30992,,
KOPIN CORP,500600101,15,14407,,KOPN
KUBIENT INC,50116V107,15,15585,,
NORTHEAST CMNTY BANCORP INC,664121100,15,1207,,
OWLET INC,69120X107,15,13986,,
PRECISION BIOSCIENCES INC,74019P108,15,11860,,DTIL
TCR2 THERAPEUTICS INC,87808K106,15,8534,,
TIMBER PHARMACEUTICALS INC,887080109,15,121889,,
WINDTREE THERAPEUTICS INC,97382D303,15,50176,,
EDESA BIOTECH INC,27966L108,14,15349,,
FAST RADIUS INC,31187R100,14,35715,,
GOLD RESOURCE CORP,38068T105,14,8445,,
IMAC HLDGS INC,44967K104,14,38108,,
JAGUAR HEALTH INC,47010C607,14,90582,,
LM FDG AMER INC,502074404,14,14830,,
MAGENTA THERAPEUTICS INC,55910K108,14,10083,,
PLUS THERAPEUTICS INC,72941H400,14,32089,,
READING INTL INC,755408101,14,4252,,
SONENDO INC,835431107,14,13206,,
SPERO THERAPEUTICS INC,84833T103,14,6752,,
VANGUARD SCOTTSDALE FDS,92206C870,14,18835,,
AETHLON MED INC,00808Y307,13,21490,,
BELLICUM PHARMACEUTICALS INC,079481404,13,10981,,
CECO ENVIRONMENTAL CORP,125141101,13,1469,,CECO
CHEMUNG FINL CORP,164024101,13,311,,
ELYS GAME TECHNOLOGY CORP,290734102,13,27474,,
GELESIS HLDGS INC,36850R204,13,11776,,
HOMOLOGY MEDICINES INC,438083107,13,8100,,
HUYA INC,44852D108,13,5898,,HUYA
METACRINE INC,59101E103,13,26163,,
PROTAGENIC THERAPEUTICS INC,74365N103,13,22485,,
QUANERGY SYSTEMS INC,74764U104,13,60645,,
RELIANCE GLOBAL GROUP INC,75946W207,13,17158,,
SALARIUS PHARMACEUTICALS INC,79400X107,13,65022,,
SIGMA ADDITIVE SOLUTIONS INC,826598500,13,15885,,
SILVERBACK THERAPEUTICS INC,82835W108,13,2546,,
TUESDAY MORNING CORP,89904V101,13,103943,,
JFROG LTD,M6191J100,13,602,,FROG
APPLIED MOLECULAR TRANS INC,03824M109,12,12595,,
ARDELYX INC,039697107,12,9680,,
BEAM GLOBAL,07373B109,12,1013,,BEEM
BROOKLYN IMMUNOTHERAPEUTICS,114082100,12,49146,,
CONTRAFECT CORP,212326300,12,69078,,
EMERSON RADIO CORP,291087203,12,20010,,MSN
FS BANCORP INC,30263Y104,12,445,,
INVO BIOSCIENCE INC,44984F302,12,11408,,
LIQTECH INTL INC,53632A201,12,31532,,
OMEGA THERAPEUTICS INC,68217N105,12,2302,,
ONTRAK INC,683373104,12,25903,,
QUALIGEN THERAPEUTICS INC,74754R103,12,43253,,
SHAPEWAYS HOLDINGS INC,81947T102,12,19552,,
SIGILON THERAPEUTICS INC,82657L107,12,24089,,
SPRINGBIG HOLDINGS INC,85021Q108,12,12945,,
VOXX INTL CORP,91829F104,12,1534,,
VACCINEX INC,918640103,12,23369,,
VANGUARD BD INDEX FDS,921937819,12,16996,,
VIVEVE MED INC,92852W501,12,17074,,
VROOM INC,92918V109,12,10271,,
ZYNERBA PHARMACEUTICALS INC,98986X109,12,16629,,
A K A BRANDS HLDG CORP,00152K101,11,7350,,
ACUMEN PHARMACEUTICALS INC,00509G209,11,1062,,
APPLIED BLOCKCHAIN INC,038169207,11,6750,,
CODORUS VY BANCORP INC,192025104,11,592,,
DOUYU INTL HLDGS LTD,25985W105,11,10627,,
ENSYSCE BIOSCIENCES INC,293602108,11,51089,,
FIESTA RESTAURANT GROUP INC,31660B101,11,1673,,
LENSAR INC,52634L108,11,1934,,
NUZEE INC,67073S208,11,34109,,
PLIANT THERAPEUTICS INC,729139105,11,517,,
SPDR SER TR,78468R622,11,12609,,
TOMI ENVIRONMENTAL SOLUTIONS,890023203,11,15835,,
UNIVERSAL STAINLESS & ALLOY,913837100,11,1547,,
ADIAL PHARMACEUTICALS INC,00688A106,10,29705,,
CASI PHARMACEUTICALS INC,14757U208,10,3793,,
CRYPTYDE INC,22890A104,10,15128,,
CUENTAS INC,229794201,10,19534,,CUENW
CORECARD CORPORATION,45816D100,10,466,,
LOANDEPOT INC,53946R106,10,7905,,
MEDALIST DIVERSIFIED REIT IN,58403P105,10,11790,,
MIDDLEFIELD BANC CORP,596304204,10,368,,
NAVIDEA BIOPHARMACEUTICALS I,63937X202,10,39414,,
ONCOCYTE CORP,68235C107,10,14158,,
PHASEBIO PHARMACEUTICALS INC,717224109,10,58119,,
RESHAPE LIFESCIENCES INC,76090R101,10,33426,,
WISA TECHNOLOGIES INC,86633R203,10,17324,,
XENETIC BIOSCIENCES INC,984015503,10,17760,,
BEYONDSPRING INC,G10830100,10,10069,,BYSI
SINOVAC BIOTECH LTD,P8696W104,10,1587,,SVA
ATRECA INC,04965G109,9,5936,,
AYTU BIOPHARMA INC,054754874,9,45953,,
BASSETT FURNITURE INDS INC,070203104,9,578,,
BLUEJAY DIAGNOSTICS INC,095633103,9,11699,,
COMMERCIAL VEH GROUP INC,202608105,9,2081,,
CORMEDIX INC,21900C308,9,3308,,CRMD
FIRST NORTHWEST BANCORP,335834107,9,561,,FNWB
LGL GROUP INC,50186A132,9,22155,,LGL
LOGICMARK INC,67091J404,9,11934,,
NUWELLIS INC,67113Y108,9,16938,,
SONIM TECHNOLOGIES INC,83548F200,9,17176,,
SYNTHETIC BIOLOGICS INC,87164U409,9,9100,,
VANGUARD SCOTTSDALE FDS,92206C847,9,13986,,
VIKING THERAPEUTICS INC,92686J106,9,3148,,
ACORDA THERAPEUTICS INC,00484M601,8,25999,,
AKEBIA THERAPEUTICS INC,00972D105,8,26033,,
ARLINGTON ASSET INVST CORP,041356205,8,2927,,
BM TECHNOLOGIES INC,05591L107,8,1267,,
CREATIVE MED TECHNOLOGY HLDG,22529Y309,8,17060,,
CURIS INC,231269200,8,11480,,CRIS
ENGLOBAL CORP,293306106,8,6201,,
ESSA PHARMA INC,29668H708,8,4375,,
GAOTU TECHEDU INC,36257Y109,8,6674,,GOTU
GUARDION HEALTH SCIENCES INC,40145Q401,8,57649,,
HOME PT CAPITAL INCORPORATED,43734L106,8,5472,,
IMMUNEERING CORP,45254E107,8,567,,IMRX
IMPAC MTG HLDGS INC,45254P508,8,25630,,
LANDOS BIOPHARMA INC,515069102,8,12219,,
LIBERTY TRIPADVISOR HLDGS IN,531465102,8,7666,,
LOGICBIO THERAPEUTICS INC,54142F102,8,29584,,
RAPID MICRO BIOSYSTEMS INC,75340L104,8,2571,,
SPECTRUM PHARMACEUTICALS INC,84763A108,8,18309,,
ALAUNOS THERAPEUTICS INC,98973P101,8,4455,,
ZOVIO INC,98979V102,8,54668,,
ZYMEWORKS INC,98985W102,8,1240,,ZYME
ANGION BIOMEDICA CORP,03476J107,7,7779,,
ANNEXON INC,03589W102,7,1135,,
BARNES & NOBLE ED INC,06777U101,7,2906,,
CEMTREX INC,15130G600,7,35630,,CETXP
DAKTRONICS INC,234264109,7,2707,,
EMERALD HOLDING INC,29103W104,7,2033,,
EVANS BANCORP INC,29911Q208,7,194,,
FORTE BIOSCIENCES INC,34962G109,7,6612,,
INDAPTUS THERAPEUTICS INC,45339J105,7,3311,,
INFUSYSTEM HLDGS INC,45685K102,7,1065,,
INVACARE CORP,461203101,7,8691,,
KAYNE ANDERSON ENERGY INFRST,486606106,7,814,,
MINIM INC,60365W102,7,33455,,
NATURAL ALTERNATIVES INTL IN,638842302,7,729,,
NEXIMMUNE INC,65344D109,7,12668,,
NIU TECHNOLOGIES,65481N100,7,1793,,NIU
OLEMA PHARMACEUTICALS INC,68062P106,7,2653,,
PENNANTPARK INVT CORP,708062104,7,1198,,
PENNANTPARK FLOATING RATE CA,70806A106,7,730,,
SCHWAB STRATEGIC TR,808524870,7,12880,,
VANGUARD SCOTTSDALE FDS,92206C102,7,12540,,
VIRCO MFG CO,927651109,7,1676,,
ACRES COMMERCIAL REALTY CORP,00489Q102,6,750,,ACR-PD
CREATIVE MEDIA & CMNTY TR,125525584,6,982,,
CANOPY GROWTH CORP,138035100,6,2256,,CGC
CAPSTONE GREEN ENERGY CORP,14067D508,6,3143,,
CENTRAL VY CMNTY BANCORP,155685100,6,344,,
CNS PHARMACEUTICALS INC,18978H102,6,32094,,
COMSOVEREIGN HLDG CORP,205650203,6,83136,,
CUE BIOPHARMA INC,22978P106,6,2875,,
DRIVE SHACK INC,262077100,6,10381,,
EASTSIDE DISTILLING INC,277802302,6,22844,,
FRANKLIN FINL SVCS CORP,353525108,6,196,,
GENCOR INDS INC,368678108,6,690,,
HARPOON THERAPEUTICS INC,41358P106,6,5977,,
HELIUS MED TECHNOLOGIES INC,42328V603,6,20812,,
ONECONNECT FINL TECHNOLOGY C,68248T105,6,8285,,
SAVARA INC,805111101,6,3800,,SVRA
STRYVE FOODS INC,863685103,6,10567,,
TESSCO TECHNOLOGIES INC,872386107,6,1435,,
TENAX THERAPEUTICS INC,88032L209,6,34670,,
VIRIOS THERAPEUTICS INC,92829J104,6,15836,,
YELLOW CORP,985510106,6,1092,,
TECNOGLASS INC,G87264100,6,300,,
ATHERSYS INC NEW,04744L205,5,2891,,
BARINGS BDC INC,06759L103,5,605,,
BIOMEA FUSION INC,09077A106,5,555,,
CHEMBIO DIAGNOSTICS INC,163572209,5,13839,,
CHOICEONE FINL SVCS INC,170386106,5,234,,
CROWN ELECTROKINETICS CORP,228339206,5,23816,,
EFFECTOR THERAPEUTICS INC,28202V108,5,9248,,
ELLINGTON RESIDENTIAL MTG RE,288578107,5,875,,
FIDELITY MERRIMACK STR TR,316188408,5,10000,,
FLEXSHARES TR,33939L753,5,13243,,
GUGGENHEIM STRATEGIC OPPORTU,40167F101,5,32353,,
INVESCO EXCH TRADED FD TR II,46138E537,5,20895,,
IRIDEX CORP,462684101,5,2000,,IRIX
KINTARA THERAPEUTICS INC,49720K101,5,44142,,
LIVEONE INC,53814X102,5,7289,,
MISTRAS GROUP INC,60649T107,5,1153,,
NUVEEN AMT FREE QLTY MUN INC,670657105,5,46671,,
PASSAGE BIO INC,702712100,5,3890,,
PEOPLES BANCORP N C INC,710577107,5,207,,
REGIS CORP MINN,758932107,5,4757,,
TENON MEDICAL INC,88066N105,5,3866,,
VAPOTHERM INC,922107107,5,3411,,
WESTWOOD HLDGS GROUP INC,961765104,5,528,,
WISDOMTREE TR,97717W422,5,169,,
ACCURAY INC,004397105,4,1752,,ARAY
ASURE SOFTWARE INC,04649U102,4,736,,ASUR
AVALO THERAPEUTICS INC,05338F207,4,1149,,
BK TECHNOLOGIES CORPORATION,05587G104,4,1835,,BKTI
BENITEC BIOPHARMA INC,08205P100,4,11813,,BNTC
GLYCOMIMETICS INC,38000Q102,4,7438,,
GROM SOCIAL ENTERPRISES INC,39878L308,4,12982,,
INVESCO EXCH TRADED FD TR II,46138E784,4,24684,,
ISHARES INC,464286517,4,11373,,
KEMPHARM INC,488445206,4,629,,
OBLONG INC,674434105,4,26845,,
OCEAN PWR TECHNOLOGIES INC,674870506,4,4890,,
PENNS WOODS BANCORP INC,708430103,4,177,,
SOTHERLY HOTELS INC,83600C103,4,2334,,
TASKUS INC,87652V109,4,233,,
TWIN DISC INC,901476101,4,356,,TWIN
ULTRALIFE CORP,903899102,4,846,,ULBI
UNITED SEC BANCSHARES CALIF,911460103,4,619,,
ACCELERATE DIAGNOSTICS INC,00430H102,3,1873,,
AKERNA CORP,00973W102,3,31306,,
CEL-SCI CORP,150837607,3,886,,
CLEARWATER ANALYTICS HLDGS I,185123106,3,197,,
CYCLACEL PHARMACEUTICALS INC,23254L603,3,2000,,
CYMABAY THERAPEUTICS INC,23257D103,3,728,,
DECIBEL THERAPEUTICS INC,24343R106,3,1000,,
DIGITAL BRANDS GROUP INC,25401N101,3,32051,,
ESPORTS ENTMT GROUP INC,29667K306,3,26755,,
FEDNAT HLDG CO,31431B109,3,24484,,
ALERISLIFE INC,33832D205,3,3444,,
GAUCHO GROUP HLDGS INC,36809R206,3,11656,,
HOOKIPA PHARMA INC,43906K100,3,2207,,
NOVABAY PHARMACEUTICALS INC,66987P201,3,28322,,
PLAYAGS INC,72814N104,3,609,,
RICHMOND MUT BANCORPORATION,76525P100,3,251,,
SAFEGUARD SCIENTIFICS INC,786449207,3,925,,SFES
SCOPUS BIOPHARMA INC,809171101,3,12516,,
STARTEK INC,85569C107,3,835,,
TEAM INC,878155100,3,3051,,TISI
TERRITORIAL BANCORP INC,88145X108,3,158,,
THERMOGENESIS HLDGS INC,88362L100,3,10788,,
TIMBERLAND BANCORP INC,887098101,3,121,,TSBK
U S XPRESS ENTERPRISES INC,90338N202,3,1080,,
WEREWOLF THERAPEUTICS INC,95075A107,3,675,,
YOUDAO INC,98741T104,3,651,,
ACTINIUM PHARMACEUTICALS INC,00507W206,2,305,,
ADVANCED EMISSIONS SOLUTIONS,00770C101,2,838,,
ADVENT TECHNOLOGIES HOLDNG I,00788A105,2,679,,
ALPHA PRO TECH LTD,020772109,2,505,,APT
ALPINE INCOME PPTY TR INC,02083X103,2,132,,
BLACKROCK MUNIYILD QULT FD I,09254F100,2,15285,,
CARROLS RESTAURANT GROUP INC,14574X104,2,1252,,
I MAB,44975P103,2,377,,
INVESCO EXCH TRADED FD TR II,46138G508,2,11057,,
MALVERN BANCORP INC,561409103,2,144,,
SOLUNA HOLDINGS INC,583543103,2,1250,,
MIND TECHNOLOGY INC,602566101,2,3700,,
NEURONETICS INC,64131A105,2,651,,
9 METERS BIOPHARMA INC,654405109,2,10908,,
NUVEEN QUALITY MUNCP INCOME,67066V101,2,20034,,
OCWEN FINL CORP,675746606,2,65,,
OWL ROCK CAPITAL CORPORATION,69121K104,2,157,,
PALISADE BIO INC,696389105,2,23186,,
PAVMED INC,70387R106,2,2045,,PAVM
PIMCO MUN INCOME FD II,72200W106,2,20630,,
PROSHARES TR,74347B201,2,7000,,
PROVIDENT FINL HLDGS INC,743868101,2,170,,
PUMA BIOTECHNOLOGY INC,74587V107,2,923,,
QUANTUM CORP,747906501,2,1618,,
RA MED SYS INC,74933X203,2,19394,,
SPDR SER TR,78468R739,2,4411,,
SACHEM CAP CORP,78590A109,2,653,,
SCHWAB STRATEGIC TR,808524888,2,81,,
SECURITY NATL FINL CORP,814785309,2,333,,
SESEN BIO INC,817763105,2,5103,,
ASCENT INDUSTRIES CO,871565107,2,108,,ACNT
SYNCHRONOSS TECHNOLOGIES INC,87157B103,2,1500,,
TERNS PHARMACEUTICALS INC,880881107,2,291,,
WESTERN ASSET MANAGED MUNS F,95766M105,2,22500,,
WAVE LIFE SCIENCES LTD,Y95308105,2,418,,WVE
AG MTG INVT TR INC,001228501,1,265,,
ACACIA RESH CORP,003881307,1,359,,
ALDEYRA THERAPEUTICS INC,01438T106,1,219,,
ALKALINE WTR CO INC,01643A207,1,2000,,
AMTECH SYS INC,032332504,1,160,,
ASSEMBLY BIOSCIENCES INC,045396108,1,560,,
ATOSSA THERAPEUTICS INC,04962H506,1,1285,,
AVEO PHARMACEUTICALS INC,053588307,1,96,,
AVITA MEDICAL INC,05380C102,1,105,,
AWARE INC MASS,05453N100,1,683,,
AVROBIO INC,05455M100,1,971,,
BLACKROCK MUNICIPAL INCOME,09253X102,1,5529,,
BLACKROCK MUNIYIELD MICH QU,09254V105,1,9101,,
BLACKROCK MUNIHLDGS NY QLTY,09255C106,1,11160,,
CB FINL SVCS INC,12479G101,1,55,,
CALIFORNIA BANCORP INC,13005U101,1,32,,
CALYXT INC,13173L107,1,5877,,
CARDIFF ONCOLOGY INC,14147L108,1,810,,
CHICKEN SOUP FOR THE SOUL EN,16842Q100,1,205,,
CITIUS PHARMACEUTICALS INC,17322U207,1,486,,
CLEARPOINT NEURO INC,18507C103,1,83,,
CLOVIS ONCOLOGY INC,189464100,1,728,,
COMPUTER TASK GROUP INC,205477102,1,140,,
CORBUS PHARMACEUTICALS HLDGS,21833P103,1,5505,,
CULP INC,230215105,1,198,,CULP
CUMBERLAND PHARMACEUTICALS I,230770109,1,232,,
EAGLE BANCORP MONT INC,26942G100,1,50,,
EATON VANCE MUN BD FD,27827X101,1,13633,,
EDUCATIONAL DEV CORP,281479105,1,610,,
FNCB BANCORP INC,302578109,1,73,,
FIRST CMNTY CORP S C,319835104,1,30,,
FORTRESS BIOTECH INC,34960Q109,1,1296,,
FREQUENCY THERAPEUTICS INC,35803L108,1,688,,
GEMINI THERAPEUTICS INC,36870G105,1,560,,
GENIE ENERGY LTD,372284208,1,56,,GNE
GREAT AJAX CORP,38983D300,1,180,,
NIGHTHAWK BIOSCIENCES INC,42237K409,1,485,,
IDEANOMICS INC,45166V106,1,2108,,
IKENA ONCOLOGY INC,45175G108,1,160,,
IMPEL PHARMACEUTICALS INC,45258K109,1,137,,
INOZYME PHARMA INC,45790W108,1,367,,
INVESCO MUN OPPORTUNITY TR,46132C107,1,10663,,
ISHARES TR,46429B267,1,3790,,
KLX ENERGY SERVICS HOLDNGS I,48253L205,1,67,,
LCNB CORP,50181P100,1,62,,LCNB
LSI INDS INC OHIO,50216C108,1,116,,
LIMONEIRA CO,532746104,1,94,,LMNR
LOTTERY COM INC,54570M108,1,3207,,
LUNA INNOVATIONS INC,550351100,1,132,,
MEI PHARMA INC,55279B202,1,3093,,
MARINUS PHARMACEUTICALS INC,56854Q200,1,79,,
MERRIMACK PHARMACEUTICALS IN,590328209,1,261,,
META MATERIALS INC,59134N104,1,1862,,
MUSTANG BIO INC,62818Q104,1,1880,,
NN INC,629337106,1,587,,NNBR
NEXTCURE INC,65343E108,1,379,,
NUVEEN MUNICIPAL CREDIT INC,67070X101,1,7295,,
NUVEEN MUN VALUE FD INC,670928100,1,8300,,
OAK VY BANCORP OAKDALE CALIF,671807105,1,28,,
OLD POINT FINL CORP,680194107,1,30,,
ONCTERNAL THERAPEUTICS INC,68236P107,1,1130,,
OPTINOSE INC,68404V100,1,330,,
OVID THERAPEUTICS INC,690469101,1,431,,OVID
PIMCO CORPORATE & INCOME OPP,72201B101,1,12106,,
POSEIDA THERAPEUTICS INC,73730P108,1,146,,
RAFAEL HLDGS INC,75062E106,1,333,,
RENEO PHARMACEUTICALS INC,75974E103,1,185,,
RIVERVIEW BANCORP INC,769397100,1,87,,RVSB
SB FINL GROUP INC,78408D105,1,30,,
SG BLOCKS INC,78418A505,1,672,,
SCHOLAR ROCK HLDG CORP,80706P103,1,82,,
SIEBERT FINL CORP,826176109,1,949,,
SUNWORKS INC,86803X204,1,455,,
SYROS PHARMACEUTICALS INC,87184Q206,1,130,,
TRANSACT TECHNOLOGIES INC,892918103,1,376,,TACT
TREVENA INC,89532E109,1,3476,,
VERASTEM INC,92337C104,1,1048,,
VIRNETX HLDG CORP,92823T108,1,619,,
ALLSPRING INCOME OPPORTUNIT,94987B105,1,12583,,
GAN LTD,G3728V109,1,338,,
MAIDEN HOLDINGS LTD,G5753U112,1,293,,
MYOVANT SCIENCES LTD,G637AM102,1,77,,
