name_of_issuer,cusip,value_usd_thousands,shares,put_call,ticker
NOVO-NORDISK A S,670100205,1516507,9370988,,
META PLATFORMS INC,30303M102,1300602,4532030,,
APPLE INC,037833100,954678,4921796,,AAPL
NVIDIA CORPORATION,67066G104,785081,1855904,,NVDA
VERISIGN INC,92343E102,690698,3056590,,
AIRBNB INC,009066101,678547,5294527,,
PALANTIR TECHNOLOGIES INC,69608A108,610121,39799157,,PLTR
GILEAD SCIENCES INC,375558103,599714,7781416,,
HERSHEY CO,427866108,573253,2295767,,HSY
FORTINET INC,34959E109,552264,7306045,,
TESLA INC,88160R101,547570,2091807,,
FRANCO NEV CORP,351858105,499201,3500703,,
UNITED THERAPEUTICS CORP DEL,91307C102,482827,2187214,,UTHR
BOEING CO,097023105,466600,2209700,,BA-PA
UBER TECHNOLOGIES INC,90353T100,448575,10390900,,
VERTEX PHARMACEUTICALS INC,92532F100,447686,1272161,,
CROWDSTRIKE HLDGS INC,22788C105,420243,2861329,,
KROGER CO,501044101,394788,8399754,,KR
SNOWFLAKE INC,833445109,386927,2198699,,SNOW
ZOOM VIDEO COMMUNICATIONS IN,98980L101,372394,5486068,,
ATLASSIAN CORPORATION,049468101,369387,2201223,,TEAM
HORIZON THERAPEUTICS PUB L,G46188101,354704,3448749,,
CATERPILLAR INC,149123101,329709,1340010,,CAT
LULULEMON ATHLETICA INC,550021109,328841,868800,,LULU
CHIPOTLE MEXICAN GRILL INC,169656105,328123,153400,,CMG
TAIWAN SEMICONDUCTOR MFG LTD,874039100,322916,3199720,,
BERKSHIRE HATHAWAY INC DEL,084670108,316382,611,,BRK-A
BIOGEN INC,09062X103,316052,1109537,,BIIB
FORD MTR CO DEL,345370860,313509,20721009,,
ALPHABET INC,02079K305,313130,2615960,,GOOGN
PFIZER INC,717081103,308539,8411641,,PFE
AMERICAN AIRLS GROUP INC,02376R102,306906,17107332,,
MOLINA HEALTHCARE INC,60855R100,301763,1001737,,
INCYTE CORP,45337C102,300555,4828189,,INCY
DOMINOS PIZZA INC,25754A201,293628,871325,,DPZ
ROBLOX CORP,771049103,287346,7130182,,RBLX
ASML HOLDING N V,N07059210,283039,390535,,
ULTA BEAUTY INC,90384S303,281745,598700,,
EXELIXIS INC,30161Q104,279915,14647589,,
CBOE GLOBAL MKTS INC,12503M108,276534,2003724,,
MCDONALDS CORP,580135101,276145,925386,,MCD
GENERAL MLS INC,370334104,273391,3564415,,
LI AUTO INC,50202M102,266704,7598400,,LAAOF
GENERAL MTRS CO,37045V100,255642,6629712,,
MONSTER BEVERAGE CORP NEW,61174X109,250910,4368218,,MNST
DROPBOX INC,26210C104,247973,9297833,,
NATIONAL GRID PLC,636274409,245462,3645654,,NMKBP
KEURIG DR PEPPER INC,49271V100,244312,7812970,,KDP
NOVARTIS AG,66987V109,237627,2354845,,NVSEF
HOLOGIC INC,436440101,235507,2908577,,
E L F BEAUTY INC,26856L103,220510,1930400,,
COINBASE GLOBAL INC,19260Q107,218728,3057000,,
INTERNATIONAL BUSINESS MACHS,459200101,216598,1618700,,
NETFLIX INC,64110L106,208939,474333,,NFLX
CAMPBELL SOUP CO,134429109,197997,4331580,,
BANK AMERICA CORP,060505104,197346,6878566,,
AUTOMATIC DATA PROCESSING IN,053015103,195842,891043,,
GENERAL ELECTRIC CO,369604301,195780,1782245,,GE
NIKE INC,654106103,192589,1744938,,
KIMBERLY-CLARK CORP,494368103,189556,1372994,,
VISA INC,92826C839,188961,795693,,V
ALLISON TRANSMISSION HLDGS I,01973R101,188826,3344419,,
CHEVRON CORP NEW,166764100,185087,1176277,,CVX
SPOTIFY TECHNOLOGY S A,L8681T102,182160,1134600,,
SCHWAB CHARLES CORP,808513105,182030,3211541,,SCHW-PJ
COLGATE PALMOLIVE CO,194162103,173778,2255691,,CL
ABBVIE INC,00287Y109,173412,1287108,,ABBV
SALESFORCE INC,79466L302,172753,817728,,
ICON PLC,G4705A100,172427,689158,,ICLR
THERMO FISHER SCIENTIFIC INC,883556102,171419,328546,,TMO
SOUTHWESTERN ENERGY CO,845467109,170948,28443927,,
NATIONAL BEVERAGE CORP,635017106,170768,3531911,,FIZZ
SPROUTS FMRS MKT INC,85208M102,168629,4591032,,
CHENIERE ENERGY INC,16411R208,167679,1100548,,
GOLDMAN SACHS GROUP INC,38141G104,165689,513700,,GS-PD
FIDELITY NATL INFORMATION SV,31620M106,163873,2995842,,
KELLOGG CO,487836108,163506,2425906,,
SEAGEN INC,81181C104,163305,848513,,
ALKERMES PLC,G01767105,161709,5166413,,ALKS
DELTA AIR LINES INC DEL,247361702,161213,3391100,,
JAZZ PHARMACEUTICALS PLC,G50871105,159935,1290109,,JAZZ
BURLINGTON STORES INC,122017106,159420,1012900,,
CME GROUP INC,12572Q105,156142,842689,,CME
NEUROCRINE BIOSCIENCES INC,64125C109,154973,1643402,,NBIX
NU HLDGS LTD,G6683N103,153698,19478229,,
ELEVANCE HEALTH INC,036752103,152246,342673,,
CLOROX CO DEL,189054109,151930,955297,,
MURPHY USA INC,626755102,151199,486000,,MUSA
PINTEREST INC,72352L106,150207,5494055,,
PEPSICO INC,713448108,149134,805172,,PEP
CORCEPT THERAPEUTICS INC,218352102,149074,6699971,,CORT
BARRICK GOLD CORP,067901108,148238,8755911,,
VODAFONE GROUP PLC NEW,92857W308,144959,15339576,,
ALBEMARLE CORP,012653101,144653,648408,,ALB-PA
ALTRIA GROUP INC,02209S103,143200,3161144,,
CORVEL CORP,221006109,142066,734193,,CRVL
MONDAY COM LTD,M7S64H106,141719,827700,,
INTEL CORP,458140100,141428,4229294,,INTC
F5 INC,315616102,139907,956562,,
HUBSPOT INC,443573100,139035,261299,,HUBS
KE HLDGS INC,482497104,136100,9164994,,
COCA COLA CO,191216100,136046,2259152,,KO
DATADOG INC,23804L103,135104,1373292,,
DOCUSIGN INC,256163106,132967,2602600,,
AMERICAN TOWER CORP NEW,03027X100,132313,682239,,
WORLD WRESTLING ENTMT INC,98156Q108,131260,1210100,,
NEW YORK TIMES CO,650111107,130011,3301442,,NYT
NEW ORIENTAL ED & TECHNOLOGY,647581206,129636,3282754,,
FLOWERS FOODS INC,343498101,127701,5132685,,FLO
PACCAR INC,693718108,126906,1517105,,PCAR
ETSY INC,29786A106,126492,1495000,,ETSY
PAYCOM SOFTWARE INC,70432V102,125846,391750,,
COTERRA ENERGY INC,127097103,125344,4954309,,
COGENT COMMUNICATIONS HLDGS,19239V302,122438,1819556,,
DISNEY WALT CO,254687106,120555,1350301,,
BAIDU INC,056752108,118906,868499,,
KINROSS GOLD CORP,496902404,118643,24872689,,KGCRF
SMUCKER J M CO,832696405,117395,794980,,
COMMVAULT SYS INC,204166102,117363,1616129,,
FERRARI N V,N3167Y103,116735,358121,,
CARDINAL HEALTH INC,14149Y108,114023,1205704,,CAH
CHUNGHWA TELECOM CO LTD,17133Q502,113726,3049769,,CHT
BJS WHSL CLUB HLDGS INC,05550J101,113541,1801953,,
DOORDASH INC,25809K105,112027,1465943,,
UNION PAC CORP,907818108,111866,546700,,
MERCK & CO INC,58933Y105,111715,968152,,
TELADOC HEALTH INC,87918A105,111606,4407819,,
ROGERS COMMUNICATIONS INC,775109200,111026,2432569,,RCIAF
ALPHA METALLURGICAL RESOUR I,020764106,110551,672615,,
B2GOLD CORP,11777Q209,110529,30960563,,BTG
CF INDS HLDGS INC,125269100,110041,1585150,,
FEDEX CORP,31428X106,108779,438800,,FDX
APPLIED MATLS INC,038222105,108267,749048,,
NOVA LTD,M7516K103,108161,922086,,NVMI
HOST HOTELS & RESORTS INC,44107P104,108029,6418865,,
RANGE RES CORP,75281A109,107798,3666583,,
GSK PLC,37733W204,107709,3022134,,GLAXF
GRUPO AEROPUERTO DEL PACIFIC,400506101,107432,601117,,
HORMEL FOODS CORP,440452100,107430,2671063,,
HOME DEPOT INC,437076102,106767,343700,,
DEERE & CO,244199105,105471,260300,,DE
ANTERO RESOURCES CORP,03674X106,104780,4549739,,AR
P T TELEKOMUNIKASI INDONESIA,715684106,104568,3920814,,
DR REDDYS LABS LTD,256135203,103956,1647224,,
RYANAIR HOLDINGS PLC,783513203,103538,936151,,RYAOF
ABBOTT LABS,002824100,103031,945069,,
LIVE NATION ENTERTAINMENT IN,538034109,102968,1130152,,
VMWARE INC,928563402,102883,716008,,
FIRSTSERVICE CORP NEW,33767E202,102715,666588,,FSV
ALAMOS GOLD INC NEW,011532108,102566,8604545,,AGI
ALPHABET INC,02079K107,102437,846800,,GOOGN
3M CO,88579Y101,101611,1015200,,MMM
FORTIS INC,349553107,101156,2347561,,FTRSF
NIO INC,62914V106,99967,10316494,,NIOIF
WHEATON PRECIOUS METALS CORP,962879102,99568,2303611,,WPM
ROSS STORES INC,778296103,99054,883386,,
HILTON WORLDWIDE HLDGS INC,43300A203,98683,678000,,
TRIP COM GROUP LTD,89677Q107,98588,2816812,,
CVS HEALTH CORP,126650100,98569,1425853,,CVS
ROYAL CARIBBEAN GROUP,V7780T103,97785,942600,,
MERCADOLIBRE INC,58733R102,94639,79891,,MELI
ROLLINS INC,775711104,93557,2184369,,ROL
VECTOR GROUP LTD,92240M108,93405,7291554,,
AT&T INC,00206R102,92480,5798117,,T-PC
CITIGROUP INC,172967424,91579,1989120,,C-PR
SEA LTD,81141R100,91396,1574700,,SE
BP PLC,055622104,90899,2575782,,BPPFF
ZSCALER INC,98980G102,90808,620700,,
GOLD FIELDS LTD,38059T106,90737,6560884,,GFIOF
YUM BRANDS INC,988498101,90529,653400,,YUM
XYLEM INC,98419M100,90521,803771,,XYL
ALBERTSONS COS INC,013091103,90418,4143805,,
AGNICO EAGLE MINES LTD,008474108,90100,1802763,,AEM
REPUBLIC SVCS INC,760759100,89828,586461,,
UNITED AIRLS HLDGS INC,910047109,89701,1634800,,
QUEST DIAGNOSTICS INC,74834L100,89621,637600,,DGX
INMODE LTD,M5425M103,89452,2394962,,INMD
QUALCOMM INC,747525103,88966,747360,,
ASTRAZENECA PLC,046353108,88887,1241963,,AZN
HELLO GROUP INC,423403104,88572,9216674,,MOMO
KINDER MORGAN INC DEL,49456B101,88084,5115231,,
TRANSDIGM GROUP INC,893641100,87450,97800,,TDG
COUPANG INC,22266T109,87289,5016600,,
STANLEY BLACK & DECKER INC,854502101,87165,930162,,
BLOCK INC,852234103,86561,1300300,,
RESMED INC,761152107,85368,390700,,RSMDF
HERBALIFE LTD,G4412G101,84642,6392864,,HLF
ONEOK INC NEW,682680103,84085,1362361,,
CONAGRA BRANDS INC,205887102,83901,2488181,,CAG
INSPIRE MED SYS INC,457730109,83465,257100,,
ELECTRONIC ARTS INC,285512109,82640,637166,,EA
COPA HOLDINGS SA,P31076105,82286,744128,,
DICKS SPORTING GOODS INC,253393102,81760,618500,,
PIONEER NAT RES CO,723787107,81381,392804,,
BAXTER INTL INC,071813109,81274,1783900,,
UIPATH INC,90364P105,80185,4839187,,
APTIV PLC,G6095L109,79896,782600,,APTV
CANADIAN NATL RY CO,136375102,79813,659100,,
ZOOMINFO TECHNOLOGIES INC,98980F104,78986,3110900,,GTM
PURE STORAGE INC,74624M102,78865,2141900,,
SBA COMMUNICATIONS CORP NEW,78410G104,78856,340249,,SBAC
NUTRIEN LTD,67077M108,78041,1321595,,NTR
BRISTOL-MYERS SQUIBB CO,110122108,77341,1209400,,
NOKIA CORP,654902204,77091,18531480,,NOKBF
SHERWIN WILLIAMS CO,824348106,77080,290300,,SHW
TJX COS INC NEW,872540109,76336,900300,,
USANA HEALTH SCIENCES INC,90328M107,76234,1209297,,USNA
GRAINGER W W INC,384802104,76020,96400,,
CISCO SYS INC,17275R102,75184,1453105,,
HONEYWELL INTL INC,438516106,74991,361400,,
CAL MAINE FOODS INC,128030202,74498,1655520,,
TENCENT MUSIC ENTMT GROUP,88034P109,74384,10079090,,
COSAN S A,22113B103,73572,4931082,,
SAREPTA THERAPEUTICS INC,803607100,73531,642078,,
COCA-COLA FEMSA SAB DE CV,191241108,72722,872904,,
NU SKIN ENTERPRISES INC,67018T105,72595,2186596,,
OREILLY AUTOMOTIVE INC,67103H107,72502,75894,,
NETAPP INC,64110D104,72154,944422,,
EBAY INC.,278642103,72006,1611240,,EBAY
VIRTU FINL INC,928254101,71732,4197323,,
OPENDOOR TECHNOLOGIES INC,683712103,71496,17785000,,OPENZ
NOMAD FOODS LTD,G6564A105,71213,4064679,,NOMD
MARRIOTT INTL INC NEW,571903202,70301,382716,,
CONSOLIDATED EDISON INC,209115104,70229,776864,,ED
SKYWORKS SOLUTIONS INC,83088M102,70043,632783,,
TERADYNE INC,880770102,69938,628200,,
IDEX CORP,45167R104,69707,323825,,
AMBEV SA,02319V103,69334,21803296,,
EQT CORP,26884L109,67661,1645064,,EQT
PAYLOCITY HLDG CORP,70438V106,67649,366600,,
EPAM SYS INC,29414B104,67178,298900,,
HSBC HLDGS PLC,404280406,66801,1686043,,
TARGA RES CORP,87612G101,66351,871886,,
KRAFT HEINZ CO,500754106,65906,1856500,,KHC
LANCASTER COLONY CORP,513847103,65307,324763,,
BATH & BODY WORKS INC,070830104,64809,1728233,,
MANHATTAN ASSOCIATES INC,562750109,64603,323211,,MANH
COLLIERS INTL GROUP INC,194693107,64550,657400,,
LOGITECH INTL S A,H50430232,64278,1082121,,
STMICROELECTRONICS N V,861012102,64238,1285024,,
AMERICAN EXPRESS CO,025816109,64041,367627,,AXP
VALVOLINE INC,92047W101,64001,1706251,,VVV
INTERCONTINENTAL EXCHANGE IN,45866F104,63934,565390,,
LIBERTY GLOBAL PLC,G5480U104,63745,3780823,,
EXTREME NETWORKS,30226D106,63651,2443416,,
BIOMARIN PHARMACEUTICAL INC,09061G101,63505,732638,,BMRN
REGENERON PHARMACEUTICALS,75886F107,63375,88200,,
WORKIVA INC,98139A105,63344,623100,,WK
PACIRA BIOSCIENCES INC,695127100,63098,1574697,,
RELX PLC,759530108,62949,1883000,,RLXXF
MEDIFAST INC,58470H101,62725,680610,,MED
SEMPRA,816851109,62560,429700,,SREA
IQIYI INC,46267X108,62555,11714500,,
UFP TECHNOLOGIES INC,902673102,62395,321873,,UFPT
RIO TINTO PLC,767204100,62110,972900,,RTPPF
SHUTTERSTOCK INC,825690100,61602,1265701,,
MONOLITHIC PWR SYS INC,609839105,61579,113986,,
WARRIOR MET COAL INC,93627C101,61493,1578779,,
PLDT INC,69344D408,61200,2618761,,PHTCF
WASTE CONNECTIONS INC,94106B101,60953,426444,,
RINGCENTRAL INC,76680R206,60799,1857600,,
EOG RES INC,26875P101,60791,531200,,
CHECK POINT SOFTWARE TECH LT,M22465104,60449,481208,,
SAMSARA INC,79589L106,59430,2144717,,IOT
WALMART INC,931142103,59250,376959,,WMT
ALLEGION PLC,G0176J109,59014,491700,,ALLE
MONGODB INC,60937P106,58607,142600,,
DUOLINGO INC,26603R106,58591,409900,,
DANAHER CORPORATION,235851102,58545,243936,,
ICICI BANK LIMITED,45104G104,58328,2527210,,
UBIQUITI INC,90353W103,58223,331282,,UI
PENN ENTERTAINMENT INC,707569109,58150,2419900,,
ROPER TECHNOLOGIES INC,776696106,58099,120838,,ROP
AMGEN INC,031162100,58024,261345,,AMGN
PROGRESS SOFTWARE CORP,743312100,57941,997270,,
SHOCKWAVE MED INC,82489T104,57881,202800,,
NETEASE INC,64110W102,57743,597200,,
MORNINGSTAR INC,617700109,57409,292800,,
TAKEDA PHARMACEUTICAL CO LTD,874060205,57341,3650000,,TKPHF
EXACT SCIENCES CORP,30063P105,57213,609300,,
BRADY CORP,104674106,56843,1194940,,BRC
PETROLEO BRASILEIRO SA PETRO,71654V408,56747,4103200,,
IRONWOOD PHARMACEUTICALS INC,46333X108,56599,5319453,,IRWD
CHURCH & DWIGHT CO INC,171340102,56207,560776,,
V F CORP,918204108,55691,2917300,,VFC
SNAP INC,83304A106,55662,4701200,,SNAP
TENARIS S A,88031M109,54825,1830544,,
PUBLIC STORAGE,74460D109,54796,187734,,PSA-PS
CASELLA WASTE SYS INC,147448104,54673,604459,,
COGNIZANT TECHNOLOGY SOLUTIO,192446102,54186,830052,,
ANHEUSER BUSCH INBEV SA/NV,03524A108,53986,951800,,
MP MATERIALS CORP,553368101,53977,2359149,,
WINMARK CORP,974250102,53879,162056,,WINA
SNAP ON INC,833034101,53229,184700,,
TERADATA CORP DEL,88076W103,52972,991800,,
ACTIVISION BLIZZARD INC,00507V109,52898,627494,,
CHEMED CORP NEW,16359R103,52704,97300,,CHE
INTERDIGITAL INC,45867G101,52694,545767,,
DOMINION ENERGY INC,25746U109,52475,1013236,,
PERDOCEO ED CORP,71363P106,52280,4260787,,
EXTRA SPACE STORAGE INC,30225T102,52157,350400,,EXR
AMERICA MOVIL SAB DE CV,02390A101,52019,2403828,,
TOWER SEMICONDUCTOR LTD,M87915274,51944,1384446,,TSEM
SELECT SECTOR SPDR TR,81369Y506,51897,639361,,
PNM RES INC,69349H107,51860,1149900,,
CABLE ONE INC,12685J105,51712,78700,,
HONDA MOTOR LTD,438128308,51688,1705298,,
RIVIAN AUTOMOTIVE INC,76954A103,51679,3102000,,
PEABODY ENERGY CORP,704551100,51407,2373343,,BTU
SM ENERGY CO,78454L100,51199,1618700,,SM
MCKESSON CORP,58155Q103,51192,119801,,MCK
MEDPACE HLDGS INC,58506Q109,50649,210888,,
PBF ENERGY INC,69318G106,50581,1235500,,PBF
ARISTA NETWORKS INC,040413106,49996,308500,,
WNS HLDGS LTD,92932M101,49761,675000,,
PREMIER INC,74051N102,49494,1789389,,
STURM RUGER & CO INC,864159108,49326,931376,,RGR
TEVA PHARMACEUTICAL INDS LTD,881624209,49247,6540060,,
TFS FINL CORP,87240R107,49196,3913756,,
C H ROBINSON WORLDWIDE INC,12541W209,49171,521154,,
MATCH GROUP INC NEW,57667L107,49122,1173753,,
INNOVIVA INC,45781M101,48996,3848847,,
STERLING INFRASTRUCTURE INC,859241101,48949,877229,,
CLEAN HARBORS INC,184496107,48923,297533,,CLH
STELLANTIS N.V,N82405106,48878,2785795,,STLA
NUTANIX INC,67059N108,48599,1732600,,
BROOKFIELD RENEWABLE CORP,11284V105,48360,1534241,,BEPC
BIONTECH SE,09075V102,48031,445019,,BNTX
U S SILICA HLDGS INC,90346E103,48003,3957408,,
ALCOA CORP,013872106,47281,1393500,,AA
ADVANCE AUTO PARTS INC,00751Y106,47142,670581,,AAP
AXON ENTERPRISE INC,05464C101,46843,240074,,
NASDAQ INC,631103108,46734,937500,,
MARQETA INC,57142B104,46701,9589500,,
DOW INC,260557103,46581,874600,,DOW
NXP SEMICONDUCTORS N V,N6596X109,46296,226188,,
VENTAS INC,92276F100,46072,974661,,
ELDORADO GOLD CORP NEW,284902509,45929,4547429,,
KEYSIGHT TECHNOLOGIES INC,49338L103,45697,272900,,
US BANCORP DEL,902973304,45235,1369100,,
CENTENE CORP DEL,15135B101,45233,670612,,CNC
BOSTON SCIENTIFIC CORP,101137107,45214,835905,,BSX
ZTO EXPRESS CAYMAN INC,98980A105,45116,1798900,,
GARTNER INC,366651107,45088,128709,,IT
BUILDERS FIRSTSOURCE INC,12008R107,45030,331100,,
SUPERNUS PHARMACEUTICALS INC,868459108,44979,1496322,,
QUIDELORTHO CORP,219798105,44973,542755,,QDEL
SUPER MICRO COMPUTER INC,86800U104,44750,179540,,
ARGENX SE,04016X101,44429,114000,,ARGX
DOLLAR TREE INC,256746108,44428,309603,,
ECOLAB INC,278865100,44320,237397,,ECL
ENPHASE ENERGY INC,29355A107,44186,263828,,
KEYCORP,493267108,44073,4769851,,
VALE S A,91912E105,43953,3275163,,
CSG SYS INTL INC,126349109,43881,832016,,
ENOVA INTL INC,29357K103,43754,823675,,
CHEWY INC,16679L109,43662,1106200,,
NOW INC,67011P100,43035,4153992,,
IAMGOLD CORP,450913108,42652,16217500,,IAG
FERGUSON PLC NEW,G3421J106,42631,271000,,
SEAWORLD ENTMT INC,81282V100,42556,759800,,
ROYAL GOLD INC,780287108,42449,369833,,RGLD
ARCELORMITTAL SA LUXEMBOURG,03938L203,42281,1546471,,
SELECT SECTOR SPDR TR,81369Y605,42161,1250708,,
EQUITY RESIDENTIAL,29476L107,42122,638500,,EQR
GENUINE PARTS CO,372460105,41834,247200,,GPC
OKTA INC,679295105,41555,599200,,
NORFOLK SOUTHN CORP,655844108,41474,182900,,
CAMECO CORP,13321L108,41448,1322900,,CCJ
ENBRIDGE INC,29250N105,41151,1107410,,ENBNF
SHELL PLC,780259305,41082,680386,,RYDAF
FRONTLINE PLC,M46528101,41027,2825193,,FRO
BOX INC,10316T104,40976,1394700,,BXCAP
VALERO ENERGY CORP,91913Y100,40502,345288,,
JETBLUE AWYS CORP,477143101,40453,4565783,,
VERIZON COMMUNICATIONS INC,92343V104,40282,1083136,,VZ
NEW RELIC INC,64829B100,40115,613000,,
NEXTERA ENERGY INC,65339F101,40105,540500,,NEE-PS
PATTERSON-UTI ENERGY INC,703481101,39949,3337459,,
AGILENT TECHNOLOGIES INC,00846U101,39899,331800,,
MERCURY GENL CORP NEW,589400100,39651,1309900,,
HEALTHPEAK PROPERTIES INC,42250P103,39501,1965200,,
LYONDELLBASELL INDUSTRIES N,N53745100,39469,429800,,
PERION NETWORK LTD,M78673114,39368,1283609,,PERI
PAPA JOHNS INTL INC,698813102,39359,533100,,
SOCIEDAD QUIMICA Y MINERA DE,833635105,39273,540800,,
LAS VEGAS SANDS CORP,517834107,39202,675900,,LVS
DOLLAR GEN CORP NEW,256677105,38829,228700,,
KANZHUN LIMITED,48553T106,38454,2555100,,
TORO CO,891092108,38139,375200,,TTC
FRONTDOOR INC,35905A109,38099,1194314,,
BUCKLE INC,118440106,37875,1094652,,BKE
TOAST INC,888787108,37769,1673400,,
OLIN CORP,680665205,37510,729900,,OLN
CONFLUENT INC,20717M103,37231,1054400,,
FMC CORP,302491303,37208,356600,,FMC
FLUOR CORP NEW,343412102,37150,1255068,,FLR
AVALONBAY CMNTYS INC,053484101,36948,195214,,
BROOKFIELD CORP,11271J107,36856,1095263,,
PPG INDS INC,693506107,36838,248400,,
A10 NETWORKS INC,002121101,36540,2504425,,
PAGERDUTY INC,69553P100,36424,1620300,,
EXPEDITORS INTL WASH INC,302130109,36402,300516,,
SPLUNK INC,848637104,36007,339400,,
BEST BUY INC,086516101,35984,439100,,
VERISK ANALYTICS INC,92345Y106,35984,159200,,
TRANSOCEAN LTD,H8817H100,35868,5116672,,RIG
LIBERTY GLOBAL PLC,G5480U120,35656,2006520,,
TARGET CORP,87612E106,35634,270156,,TGT
WAYFAIR INC,94419L101,35482,545800,,W
CIRRUS LOGIC INC,172755100,35306,435820,,
PAN AMERN SILVER CORP,697900108,35253,2417941,,
ISHARES TR,46434V860,35206,694800,,
SPDR SER TR,78468R663,35140,382700,,
GOLDMAN SACHS ETF TR,381430529,35085,350600,,
ISHARES TR,464288679,35024,317100,,
WISDOMTREE TR,97717Y527,35008,695700,,
GRUPO AEROPORTUARIO DEL SURE,40051E202,34991,126008,,
HOSTESS BRANDS INC,44109J106,34985,1381710,,
JACOBS SOLUTIONS INC,46982L108,34966,294100,,J
ISHARES TR,46436E718,34959,347400,,
TAL EDUCATION GROUP,874080104,34924,5859700,,TAL
FIRST TR EXCHANGE-TRADED FD,33739Q408,34909,587600,,
UNITED STS LIME & MINERALS I,911922102,34866,166910,,
UNITED MICROELECTRONICS CORP,910873405,34735,4402450,,UMC
MOHAWK INDS INC,608190104,34641,335800,,
TITAN INTL INC ILL,88830M102,34529,3007759,,
EVERTEC INC,30040P103,34408,934226,,
EQUITY COMWLTH,294628102,34375,1696685,,
CINEMARK HLDGS INC,17243V102,34127,2068300,,
LUMENTUM HLDGS INC,55024U109,34117,601400,,
ALEXANDRIA REAL ESTATE EQ IN,015271109,34092,300400,,
CHASE CORP,16150R104,34075,281100,,
DHT HOLDINGS INC,Y2065G121,33831,3966175,,
ABERCROMBIE & FITCH CO,002896207,33803,897100,,
REXFORD INDL RLTY INC,76169C100,33604,643500,,
JFROG LTD,M6191J100,33545,1211000,,FROG
LIBERTY MEDIA CORP DEL,531229854,33498,444979,,FWONB
ISHARES TR,46434V878,33213,660300,,
MAGNA INTL INC,559222401,33018,584984,,
SUNCOR ENERGY INC NEW,867224107,32767,1117566,,SU
SMITH & WESSON BRANDS INC,831754106,32640,2503072,,
BOOKING HOLDINGS INC,09857L108,32401,11999,,BKNG
INARI MED INC,45332Y109,32372,556799,,
SSGA ACTIVE ETF TR,78467V608,32282,771000,,
SPDR SER TR,78468R523,32275,324500,,
ISHARES TR,46429B655,32271,635000,,
PIMCO ETF TR,72201R833,32262,323400,,
INVESCO EXCH TRADED FD TR II,46138G508,32256,1533100,,
SELECT SECTOR SPDR TR,81369Y209,32214,242700,,
PGIM ETF TR,69344A107,32156,650800,,
ISHARES U S ETF TR,46431W507,32149,646600,,
J P MORGAN EXCHANGE TRADED F,46641Q837,32110,640400,,
SSR MINING IN,784730103,32070,2261643,,
EXP WORLD HLDGS INC,30212W100,32037,1579716,,
INVESCO ACTIVELY MANAGED ETF,46090A887,31968,644000,,
GENMAB A/S,372303206,31894,839100,,GNMSF
GLOBALFOUNDRIES INC,G39387108,31819,492700,,GFS
LANTHEUS HLDGS INC,516544103,31750,378331,,
NVR INC,62944T105,31690,4990,,NVR
COMERICA INC,200340107,31675,747747,,
FIVE BELOW INC,33829M101,31525,160400,,
WILLIAMS SONOMA INC,969904101,31498,251700,,WSM
SOUTHWEST AIRLS CO,844741108,31448,868483,,
ASANA INC,04342Y104,31434,1426216,,
ALLSTATE CORP,020002101,31360,287600,,ALL-PB
FIRST SOLAR INC,336433107,31318,164754,,
WD 40 CO,929236107,31217,165476,,WDFC
LEAR CORP,521865204,31208,217400,,LEA
CALIX INC,13100M509,31181,624753,,
VONTIER CORPORATION,928881101,31092,965300,,VNT
REX AMERICAN RES CORP,761624105,31058,892215,,
GEOPARK LTD,G38327105,30958,3123949,,GPRK
SPDR SER TR,78468R200,30920,1007500,,
RADWARE LTD,M81873107,30887,1592923,,RDWR
QUANEX BLDG PRODS CORP,747619104,30824,1148007,,
VANGUARD BD INDEX FDS,92203C303,30816,626857,,
ENNIS INC,293389102,30665,1504649,,
MADISON SQUARE GRDN SPRT COR,55825T103,30615,162800,,
LIQUIDITY SVCS INC,53635B107,30604,1854804,,
WILLSCOT MOBIL MINI HLDNG CO,971378104,30596,640221,,
COTY INC,222070203,30575,2487800,,COTY
MADDEN STEVEN LTD,556269108,30528,933867,,
HELEN OF TROY LTD,G4388N106,30517,282510,,HELE
RBB FD INC,74933W452,30391,606600,,
INTERNATIONAL SEAWAYS INC,Y41053102,30359,793911,,
MARAVAI LIFESCIENCES HLDGS I,56600D107,30344,2441175,,
SCORPIO TANKERS INC,Y7542C130,30280,641115,,STNG
SYSCO CORP,871829107,30170,406600,,SYY
BANCO DE CHILE,059520106,30125,1437249,,
MANULIFE FINL CORP,56501R106,30005,1586414,,
CHIPMOS TECHNOLOGIES INC,16965P202,29909,1262500,,IMOS
HEIDRICK & STRUGGLES INTL IN,422819102,29897,1129477,,
BELDEN INC,077454106,29820,311763,,BDC
SQUARESPACE INC,85225A107,29411,932500,,
PERMIAN RESOURCES CORP,71424F105,29294,2672800,,PR
BERKLEY W R CORP,084423102,29174,489820,,WRB-PH
ROBINHOOD MKTS INC,770700102,29170,2922800,,
AGILON HEALTH INC,00857U107,29123,1679500,,
CRA INTL INC,12618T105,29108,285375,,
ERICSSON,294821608,29025,5325600,,
GETTY RLTY CORP NEW,374297109,28993,857266,,
SMARTSHEET INC,83200N103,28898,755300,,
NATIONAL BK HLDGS CORP,633707104,28883,994600,,
EMCOR GROUP INC,29084Q100,28881,156300,,
IONQ INC,46222L108,28845,2131900,,
WENDYS CO,95058W100,28781,1323282,,
HEICO CORP NEW,422806208,28779,204684,,HEI-A
VIR BIOTECHNOLOGY INC,92764N102,28653,1168100,,
HALEON PLC,405552100,28571,3409421,,HLNCF
SEAGATE TECHNOLOGY HLDNGS PL,G7997R103,28546,461393,,
LAMB WESTON HLDGS INC,513272104,28519,248100,,
HEWLETT PACKARD ENTERPRISE C,42824C109,28456,1693804,,
PELOTON INTERACTIVE INC,70614W100,28348,3686400,,
YELP INC,985817105,28338,778300,,YELP
P A M TRANSN SVCS INC,693149106,28312,1057608,,
AMPHASTAR PHARMACEUTICALS IN,03209R103,28309,492583,,
ECHOSTAR CORP,278768106,28264,1630004,,ECHO
ITAU UNIBANCO HLDG S A,465562106,28107,4763974,,
ENDEAVOR GROUP HLDGS INC,29260Y109,28104,1174904,,
BALCHEM CORP,057665200,28014,207800,,BCPC
AVIS BUDGET GROUP,053774105,27989,122400,,
IRADIMED CORP,46266A109,27804,582412,,IRMD
CHICOS FAS INC,168615102,27796,5195600,,
MODEL N INC,607525102,27596,780426,,
ISHARES TR,464288513,27461,365800,,
COLLEGIUM PHARMACEUTICAL INC,19459J104,27400,1274998,,
BROOKDALE SR LIVING INC,112463104,27358,6482920,,
CLEAR SECURE INC,18467V109,27345,1180200,,
NATIONAL HEALTHCARE CORP,635906100,27267,441067,,NHC
IRIDIUM COMMUNICATIONS INC,46269C102,27264,438899,,IRDM
NATIONAL INSTRS CORP,636518102,27102,472166,,
ROBERT HALF INTL INC,770323103,27049,359600,,
CLEARWAY ENERGY INC,18539C105,26987,999529,,
SPDR SER TR,78468R622,26919,292500,,
CROWN CASTLE INC,22822V101,26902,236103,,CCI
ISHARES INC,464286400,26894,829300,,
METTLER TOLEDO INTERNATIONAL,592688105,26889,20500,,
IMMUNOCORE HLDGS PLC,45258D105,26820,447300,,
WYNN RESORTS LTD,983134107,26719,253000,,WYNN
H WORLD GROUP LTD,44332N106,26708,688700,,HWLDF
CAPITOL FED FINL INC,14057J101,26625,4315292,,
SPARTANNASH CO,847215100,26584,1180978,,
PLAINS GP HLDGS L P,72651A207,26581,1792371,,
EVERCORE INC,29977A105,26411,213700,,EVR
IDT CORP,448947507,26377,1020397,,IDT
ISHARES TR,464288158,26166,251500,,
CENTERSPACE,15202L107,26159,426316,,CSR
NNN REIT INC,637417106,26093,609800,,
REDFIN CORP,75737F108,26080,2099800,,
SYNEOS HEALTH INC,87166B102,26068,618600,,
IMAX CORP,45245E109,26052,1533400,,IMAX
PRIMO WATER CORPORATION,74167P108,26007,2073942,,
HASHICORP INC,418100103,25978,992300,,
INTERNATIONAL GAME TECHNOLOG,G4863A108,25978,814600,,
HENRY SCHEIN INC,806407102,25953,320012,,HSIC
DESCARTES SYS GROUP INC,249906108,25916,323500,,
LPL FINL HLDGS INC,50212V100,25896,119100,,
JANUS DETROIT STR TR,47103U886,25641,536527,,
ITURAN LOCATION AND CONTROL,M6158M104,25592,1096500,,
DYNAVAX TECHNOLOGIES CORP,268158201,25539,1976732,,
GENTEX CORP,371901109,25450,869803,,GNTX
MOTOROLA SOLUTIONS INC,620076307,25432,86715,,
WINGSTOP INC,974155103,25300,126400,,WING
L3HARRIS TECHNOLOGIES INC,502431109,25288,129170,,
ALLEGRO MICROSYSTEMS INC,01749D105,25274,559900,,
ANGLOGOLD ASHANTI LIMITED,035128206,25253,1197400,,
HAVERTY FURNITURE COS INC,419596101,25237,835106,,
HUMANA INC,444859102,25218,56400,,HUM
WEIS MKTS INC,948849104,25096,390836,,
BANK NEW YORK MELLON CORP,064058100,25068,563077,,
POTLATCHDELTIC CORPORATION,737630103,25003,473100,,
PLAYTIKA HLDG CORP,72815L107,24970,2152600,,
CAMTEK LTD,M20791105,24927,699608,,CAMT
AUTOLIV INC,052800109,24917,293000,,ALV
OVERSTOCK COM INC DEL,690370101,24616,755800,,
MARSH & MCLENNAN COS INC,571748102,24582,130700,,
HACKETT GROUP INC,404609109,24568,1099246,,
THE CIGNA GROUP,125523100,24466,87192,,
KEARNY FINL CORP MD,48716P108,24454,3468683,,
LOUISIANA PAC CORP,546347105,24376,325100,,
CANADIAN NAT RES LTD,136385101,24360,433000,,
ALLY FINL INC,02005N100,24258,898100,,
RYMAN HOSPITALITY PPTYS INC,78377T107,24200,260441,,
UNITIL CORP,913259107,24196,477151,,UTL
SIMON PPTY GROUP INC NEW,828806109,24135,208993,,
GITLAB INC,37637K108,24134,472200,,GTLB
TRANE TECHNOLOGIES PLC,G8994E103,24112,126068,,TT
LIVERAMP HLDGS INC,53815P108,23967,839178,,
MODERNA INC,60770K107,23899,196699,,
GAMING & LEISURE PPTYS INC,36467J108,23887,492930,,
TRAVERE THERAPEUTICS INC,89422G107,23885,1555013,,
SCHLUMBERGER LTD,806857108,23814,484804,,
TEXAS ROADHOUSE INC,882681109,23803,212000,,
OSCAR HEALTH INC,687793109,23778,2950100,,
MYERS INDS INC,628464109,23738,1221697,,
QIAGEN NV,N72482123,23731,527008,,
CVR ENERGY INC,12662P108,23698,790984,,CVI
ROYALTY PHARMA PLC,G7709Q104,23691,770700,,RPRX
APPLE HOSPITALITY REIT INC,03784Y200,23567,1559700,,
BRITISH AMERN TOB PLC,110448107,23511,708148,,
LIBERTY MEDIA CORP DEL,531229888,23487,592819,,FWONB
AGILYSYS INC,00847J105,23465,341852,,AGYS
SELECT SECTOR SPDR TR,81369Y886,23414,357800,,
APPLIED INDL TECHNOLOGIES IN,03820C105,23296,160850,,
ROGERS CORP,775133101,23286,143800,,ROG
EMBRAER S.A.,29082A107,23203,1500816,,EMBJ
FLEX LTD,Y2573F102,23150,837554,,FLEX
REALTY INCOME CORP,756109104,23116,386625,,O
GEN DIGITAL INC,668771108,23097,1245100,,GENVR
CENOVUS ENERGY INC,15135U109,23094,1360100,,CVE
UPWORK INC,91688F104,23025,2465182,,
PERRIGO CO PLC,G97822103,23015,677918,,PRGO
GRAB HOLDINGS LIMITED,G4124C109,22992,6703100,,
IMMUNOGEN INC,45253H101,22984,1218040,,
ORION S.A.,L72967109,22977,1082801,,OEC
VISHAY PRECISION GROUP INC,92835K103,22866,615503,,
DUKE ENERGY CORP NEW,26441C204,22719,253162,,DUK-PA
ATLANTICA SUSTAINABLE INFR P,G0751N103,22710,968855,,
INVESCO EXCH TRADED FD TR II,46138G888,22687,215100,,
PGT INNOVATIONS INC,69336V101,22603,775397,,
TARO PHARMACEUTICAL INDS LTD,M8737E108,22565,594900,,
DILLARDS INC,254067101,22546,69100,,
ENERPLUS CORP,292766102,22494,1554207,,
BENTLEY SYS INC,08265T208,22462,414200,,
CONSTELLATION BRANDS INC,21036P108,22398,91000,,
CARRIAGE SVCS INC,143905107,22278,686100,,
COMMERCIAL VEH GROUP INC,202608105,22220,2001804,,
CRH PLC,12626K203,22175,397900,,
OWENS & MINOR INC NEW,690732102,22157,1163700,,
COMMERCE BANCSHARES INC,200525103,22116,454134,,
PROTHENA CORP PLC,G72800108,22109,323800,,
HEXCEL CORP NEW,428291108,22091,290600,,
CAESARS ENTERTAINMENT INC NE,12769G100,22085,433297,,
AGCO CORP,001084102,22065,167900,,
ATRION CORP,049904105,22011,38909,,
NORWEGIAN CRUISE LINE HLDG L,G66721104,21986,1009900,,
POWELL INDS INC,739128106,21851,360635,,
LIBERTY ENERGY INC,53115L104,21728,1625100,,LBRT
DEXCOM INC,252131107,21667,168600,,DXCM
AMETEK INC,031100100,21619,133550,,
JANUS DETROIT STR TR,47103U845,21585,433000,,
LATTICE SEMICONDUCTOR CORP,518415104,21558,224400,,LSCC
KYNDRYL HLDGS INC,50155Q100,21502,1619100,,
POOL CORP,73278L105,21480,57336,,POOL
MODIVCARE INC,60783X104,21428,473959,,
ATKORE INC,047649108,21379,137100,,ATKR
ACUITY BRANDS INC,00508Y102,21249,130300,,
PRESTIGE CONSMR HEALTHCARE I,74112D101,21223,357102,,
DAVE & BUSTERS ENTMT INC,238337109,21153,474700,,
NISOURCE INC,65473P105,21133,772700,,NI
WIX COM LTD,M98068105,21125,270000,,
MARATHON PETE CORP,56585A102,21093,180899,,
ESAB CORPORATION,29605J106,21060,316500,,ESAB
MERITAGE HOMES CORP,59001A102,21028,147800,,MTH
ANTERO MIDSTREAM CORP,03676B102,20943,1805470,,AM
UNIVERSAL DISPLAY CORP,91347P105,20913,145100,,
CARGURUS INC,141788109,20883,922800,,
INTERACTIVE BROKERS GROUP IN,45841N107,20660,248700,,
INGLES MKTS INC,457030104,20659,249958,,
SEABOARD CORP DEL,811543107,20624,5792,,
LENDINGCLUB CORP,52603A208,20569,2109590,,
VANDA PHARMACEUTICALS INC,921659108,20509,3112067,,VNDA
AVANTAX INC,095229100,20507,916300,,
GRAPHIC PACKAGING HLDG CO,388689101,20383,848218,,
CENTERPOINT ENERGY INC,15189T107,20350,698100,,CNP
NOV INC,62955J103,20324,1267104,,NOV
WEATHERFORD INTL PLC,G48833118,20271,305200,,
WATTS WATER TECHNOLOGIES INC,942749102,20229,110100,,WTS
APPFOLIO INC,03783C100,20175,117200,,APPF
NVENT ELECTRIC PLC,G6700G107,20172,390400,,NVT
RUSH ENTERPRISES INC,781846308,20139,295899,,
UBS GROUP AG,H42097107,20136,993412,,UBS
SUNCOKE ENERGY INC,86722A103,20038,2546068,,
RAMBUS INC DEL,750917106,20001,311686,,RMBS
BARRETT BUSINESS SVCS INC,068463108,19978,229100,,
MSC INDL DIRECT INC,553530106,19909,208954,,
MID-AMER APT CMNTYS INC,59522J103,19901,131049,,
OTIS WORLDWIDE CORP,68902V107,19725,221600,,OTIS
TIDEWATER INC NEW,88642R109,19714,355583,,TDGMW
SANFILIPPO JOHN B & SON INC,800422107,19643,167500,,JBSS
SEI INVTS CO,784117103,19640,329426,,
CHUBB LIMITED,H1467J104,19622,101899,,
ALASKA AIR GROUP INC,011659109,19607,368700,,
STRIDE INC,86333M108,19505,523900,,
MALIBU BOATS INC,56117J100,19487,332201,,
SJW GROUP,784305104,19399,276700,,
SANDRIDGE ENERGY INC,80007P869,19289,1264847,,SD
PAYONEER GLOBAL INC,70451X104,19284,4009114,,PAYO
WABASH NATL CORP,929566107,19262,751248,,
ENCORE WIRE CORP,292562105,19258,103578,,
DOXIMITY INC,26622P107,19187,564000,,
TRANSALTA CORP,89346D107,19175,2048471,,TRNTF
BEL FUSE INC,077347300,19120,333051,,
TERRENO RLTY CORP,88146M101,19064,317200,,
VIPSHOP HOLDINGS LIMITED,92763W103,19049,1154500,,
WATERSTONE FINL INC MD,94188P101,19036,1313736,,
GRUPO AEROPORTUARIO DEL CENT,400501102,19030,224300,,
DELL TECHNOLOGIES INC,24703L202,19001,351162,,DELL
REVVITY INC,714046109,18995,159900,,
SOUTHERN CO,842587107,18989,270300,,SOMN
TORONTO DOMINION BK ONT,891160509,18977,305975,,
UTAH MED PRODS INC,917488108,18956,203392,,
HOVNANIAN ENTERPRISES INC,442487401,18941,190915,,HOVNP
STANTEC INC,85472N109,18875,289400,,STN
GRAND CANYON ED INC,38526M106,18846,182602,,
ISHARES TR,46436E882,18813,758300,,
VANGUARD MUN BD FDS,922907746,18777,373900,,
ARMADA HOFFLER PPTYS INC,04208T108,18715,1602309,,
RESTAURANT BRANDS INTL INC,76131D103,18702,241200,,
WESTERN ALLIANCE BANCORP,957638109,18531,508104,,WAL-PA
SURMODICS INC,868873100,18509,591138,,
CLEARWAY ENERGY INC,18539C204,18436,645522,,
AMN HEALTHCARE SVCS INC,001744101,18332,168000,,
SUMITOMO MITSUI FINL GROUP I,86562M209,18303,2128270,,
TIMKENSTEEL CORPORATION,887399103,18288,847846,,
J P MORGAN EXCHANGE TRADED F,46641Q654,18275,360800,,
UNITED STATES STL CORP NEW,912909108,18240,729300,,
FORRESTER RESH INC,346563109,18225,626506,,
EQUITRANS MIDSTREAM CORP,294600101,18215,1905299,,
PEMBINA PIPELINE CORP,706327103,18188,578312,,PMBPF
MADRIGAL PHARMACEUTICALS INC,558868105,18176,78682,,
AXONICS INC,05465P101,18169,360000,,
CALIFORNIA RES CORP,13057Q305,18165,401078,,
HAYNES INTL INC,420877201,18129,356732,,
SPS COMM INC,78463M107,18092,94200,,
VIMEO INC,92719V100,18058,4383000,,
ZIONS BANCORPORATION N A,989701107,18044,671795,,
VISTA ENERGY S.A.B. DE C.V.,92837L109,18042,748000,,
GLADSTONE COMMERCIAL CORP,376536108,18038,1458220,,GOODO
CNX RES CORP,12653C108,18034,1017716,,
TRAVELERS COMPANIES INC,89417E109,17969,103472,,
EZCORP INC,302301106,17911,2137330,,EZPW
FOX CORP,35137L204,17823,558883,,FOX
COREBRIDGE FINL INC,21871X109,17794,1007600,,
QUALYS INC,74758T303,17774,137600,,
EURONAV NV,B38564108,17772,1167902,,
GERDAU SA,373737105,17762,3402666,,
COSTAMARE INC,Y1771G102,17742,1834782,,CMRE-PB
CENTRAL GARDEN & PET CO,153527205,17724,486124,,CENTA
SCIPLAY CORPORATION,809087109,17710,899900,,
ARGAN INC,04010E109,17707,449299,,AGX
SELECT SECTOR SPDR TR,81369Y308,17704,238700,,
DIAMONDROCK HOSPITALITY CO,252784301,17651,2203584,,DRH
PPL CORP,69351T106,17514,661900,,PPLC
LIBERTY MEDIA CORP DEL,531229870,17432,257797,,FWONB
FIVE9 INC,338307101,17389,210898,,
STAR BULK CARRIERS CORP.,Y8162K204,17388,982400,,SBLK
INSULET CORP,45784P101,17300,60000,,PODD
APTARGROUP INC,038336103,17252,148900,,
RE MAX HLDGS INC,75524W108,17130,889400,,
INTEST CORP,461147100,17088,650737,,INTT
INVESCO EXCH TRD SLF IDX FD,46138J866,17065,806088,,
NEW GOLD INC CDA,644535106,17035,15772864,,
HARROW HEALTH INC,415858109,16971,891312,,
TRIMBLE INC,896239100,16970,320544,,TRMB
TEEKAY CORPORATION,Y8564W103,16956,2807275,,TK
EXLSERVICE HOLDINGS INC,302081104,16949,112200,,
MACERICH CO,554382101,16942,1503254,,MAC
CAMDEN PPTY TR,133131102,16853,154800,,
BILL HOLDINGS INC,090043100,16768,143500,,
TOOTSIE ROLL INDS INC,890516107,16761,473343,,
WILLIAMS COS INC,969457100,16690,511485,,
ARCBEST CORP,03937C105,16599,168004,,
TYSON FOODS INC,902494103,16583,324900,,
FERROGLOBE PLC,G33856108,16558,3471194,,GSM
ANIKA THERAPEUTICS INC,035255108,16451,633229,,
TELUS CORPORATION,87971M103,16401,842800,,TU
ABCELLERA BIOLOGICS INC,00288U106,16386,2536603,,ABCL
MAXLINEAR INC,57776J100,16295,516313,,
COMPANHIA DE SANEAMENTO BASI,20441A102,16294,1376195,,
PARK HOTELS & RESORTS INC,700517105,16247,1267352,,PK
J P MORGAN EXCHANGE TRADED F,46641Q332,16184,292500,,
CRISPR THERAPEUTICS AG,H17182108,16157,287800,,CRSP
LYFT INC,55087P104,16151,1684199,,
EPR PPTYS,26884U109,16104,344100,,
NATIONAL RESH CORP,637372202,16081,369584,,
TECHTARGET INC,87874R100,16048,515500,,
MFA FINL INC,55272X607,16043,1427325,,
CINCINNATI FINL CORP,172062101,16029,164700,,
EVERSOURCE ENERGY,30040W108,16005,225680,,ES
BILIBILI INC,090040106,15980,1058266,,BLBLF
BROADRIDGE FINL SOLUTIONS IN,11133T103,15967,96400,,
SPOK HLDGS INC,84863T106,15934,1198917,,
SONOCO PRODS CO,835495102,15927,269852,,
MARKETAXESS HLDGS INC,57060D108,15897,60810,,
MIDDLESEX WTR CO,596680108,15859,196616,,
SYNCHRONY FINANCIAL,87165B103,15773,465000,,SYF-PB
HOLLYSYS AUTOMATION TCHNGY L,G45667105,15771,896570,,
BANK NOVA SCOTIA HALIFAX,064149107,15700,313600,,
DIAMOND HILL INVT GROUP INC,25264R207,15665,91446,,
ATN INTL INC,00215F107,15650,427600,,
VARONIS SYS INC,922280102,15625,586300,,
SPDR SER TR,78468R739,15616,331900,,
CATALYST PHARMACEUTICALS INC,14888U101,15522,1154900,,
STAAR SURGICAL CO,852312305,15503,294900,,STAA
JINKOSOLAR HLDG CO LTD,47759T100,15462,348400,,
SEALED AIR CORP NEW,81211K100,15428,385709,,
GRACO INC,384109104,15422,178600,,GGG
KILROY RLTY CORP,49427F108,15421,512500,,
ALIBABA GROUP HLDG LTD,01609W102,15352,184192,,
ICU MED INC,44930G107,15324,86000,,
HEALTHSTREAM INC,42222N103,15276,622000,,HSTM
LSB INDS INC,502160104,15248,1547989,,
NEXTRACKER INC,65290E101,15235,382700,,
WABTEC,929740108,15233,138895,,
INTRA-CELLULAR THERAPIES INC,46116X101,15228,240500,,
OGE ENERGY CORP,670837103,15227,424043,,OGE
IONIS PHARMACEUTICALS INC,462222100,15202,370500,,IONS
SERVICE CORP INTL,817565104,15185,235100,,
TFI INTL INC,87241L109,15142,132863,,
WATERS CORP,941848103,15139,56800,,
NORTHFIELD BANCORP INC DEL,66611T108,15127,1377699,,
TOWNEBANK PORTSMOUTH VA,89214P109,15107,650041,,
JOHNSON OUTDOORS INC,479167108,15018,244400,,JOUT
SELECT SECTOR SPDR TR,81369Y704,15003,139800,,
COCA COLA CONS INC,191098102,14964,23527,,
MERCANTILE BK CORP,587376104,14962,541713,,
XCEL ENERGY INC,98389B100,14927,240100,,XELLL
OIL DRI CORP AMER,677864100,14915,252846,,
UNUM GROUP,91529Y106,14868,311700,,UNMA
AMER SOFTWARE INC,029683109,14839,1411937,,
AURINIA PHARMACEUTICALS INC,05156V102,14814,1530400,,AUPH
SOHU COM LTD,83410S108,14771,1340395,,
ROCKET COS INC,77311W101,14770,1648400,,
KB HOME,48666K109,14768,285600,,KBH
MICROSOFT CORP,594918104,14745,43299,,MSFT
TEXAS PACIFIC LAND CORPORATI,88262P102,14745,11200,,
TRIPADVISOR INC,896945201,14739,893800,,
RALPH LAUREN CORP,751212101,14722,119400,,RL
FRESHWORKS INC,358054104,14716,837100,,FRSH
EVERI HLDGS INC,30034T103,14600,1009700,,
SMITH A O CORP,831865209,14571,200200,,AOS
HOWMET AEROSPACE INC,443201108,14526,293100,,HWM
RED ROCK RESORTS INC,75700L108,14460,309100,,
TREEHOUSE FOODS INC,89469A104,14459,287005,,
HARMONY BIOSCIENCES HLDGS IN,413197104,14442,410400,,
NVE CORP,629445206,14392,147700,,
VEEVA SYS INC,922475108,14355,72600,,
SOUTHSIDE BANCSHARES INC,84470P109,14288,546185,,SBSI
POTBELLY CORP,73754Y100,14276,1625954,,
RADNET INC,750491102,14266,437329,,
OLD REP INTL CORP,680223104,14221,564985,,
ALEXANDERS INC,014752109,14217,77326,,ALX
FIRST TR EXCH TRADED FD III,33739E108,14171,887329,,
NABORS INDUSTRIES LTD,G6359F137,14152,152125,,NBR
CONSTELLATION ENERGY CORP,21037T109,14071,153700,,CEG
PUBMATIC INC,74467Q103,14048,768500,,
PETMED EXPRESS INC,716382106,14045,1018469,,PETS
ADEIA INC,00676P107,14044,1275543,,ADEA
LIBERTY BROADBAND CORP,530307305,14041,175275,,LBRDP
PARK AEROSPACE CORP,70014A104,14011,1015297,,PKE
MICROCHIP TECHNOLOGY INC.,595017104,13972,155956,,MCHPP
AGREE RLTY CORP,008492100,13967,213600,,
NORTHERN TR CORP,665859104,13931,187898,,
SUZANO S A,86959K105,13892,1506702,,
PORTILLOS INC,73642K106,13890,616500,,
CARTERS INC,146229109,13877,191140,,CRI
QCR HOLDINGS INC,74727A104,13867,337972,,QCRH
DENALI THERAPEUTICS INC,24823R105,13805,467800,,DNLI
CNH INDL N V,N20944109,13791,957635,,
GOODRX HLDGS INC,38246G108,13790,2498122,,
ONE LIBERTY PPTYS INC,682406103,13780,678129,,
ARROWHEAD PHARMACEUTICALS IN,04280A100,13726,384900,,
ARTESIAN RES CORP,043113208,13690,289911,,
SAFETY INS GROUP INC,78648T100,13663,190500,,
LUFAX HOLDING LTD,54975P102,13650,9545800,,LU
SAPIENS INTL CORP N V,G7T16G103,13646,513003,,
NATIONAL FUEL GAS CO,636180101,13626,265300,,NFG
STRATASYS LTD,M85548101,13610,766332,,SSYS
BRIXMOR PPTY GROUP INC,11120U105,13559,616300,,
STAR GROUP L P,85512C105,13553,992145,,
VANECK ETF TRUST,92189F106,13531,449400,,
KIMCO RLTY CORP,49446R109,13528,686014,,
YUM CHINA HLDGS INC,98850P109,13526,239400,,
BUNGE LIMITED,G16962105,13520,143300,,
NATHANS FAMOUS INC NEW,632347100,13513,172057,,
BANCO SANTANDER CHILE NEW,05965X109,13463,714200,,BSAC
REGENCY CTRS CORP,758849103,13359,216269,,
SILVERCORP METALS INC,82835P103,13342,4731295,,SVM
VANECK ETF TRUST,92189F486,13323,527653,,
TG THERAPEUTICS INC,88322Q108,13319,536200,,
JUNIPER NETWORKS INC,48203R104,13306,424691,,
WILLIS TOWERS WATSON PLC LTD,G96629103,13193,56020,,WTW
BROWN FORMAN CORP,115637209,13178,197338,,BF-B
GIBRALTAR INDS INC,374689107,13173,209365,,
ZIPRECRUITER INC,98980B103,13134,739500,,
RUSH ENTERPRISES INC,781846209,13127,216110,,
TELEFONICA BRASIL SA,87936R205,13127,1437753,,
COLUMBIA FINL INC,197641103,13060,755332,,
NATIONAL PRESTO INDS INC,637215104,13037,178100,,
SCIENCE APPLICATIONS INTL CO,808625107,13026,115810,,
EAST WEST BANCORP INC,27579R104,13004,246333,,EWBC
FUTUREFUEL CORP,36116M106,12922,1460094,,FF
UNIVERSAL CORP VA,913456109,12920,258711,,
SENSATA TECHNOLOGIES HLDG PL,G8060N102,12917,287100,,
ELASTIC N V,N14506104,12887,200977,,
CORE MOLDING TECHNOLOGIES IN,218683100,12883,566274,,
BLACK KNIGHT INC,09215C105,12859,215278,,
COLUMBIA SPORTSWEAR CO,198516106,12845,166302,,COLM
VILLAGE SUPER MKT INC,927107409,12827,562084,,
TIM S A,88706T108,12756,834286,,
ACADEMY SPORTS & OUTDOORS IN,00402L107,12713,235200,,
TECNOGLASS INC,G87264100,12662,245100,,
IPG PHOTONICS CORP,44980X109,12658,93200,,IPGP
APELLIS PHARMACEUTICALS INC,03753U106,12619,138513,,
BOWLERO CORP,10258P102,12601,1082541,,
UNIVEST FINANCIAL CORPORATIO,915271100,12556,694469,,
FREEDOM HLDG CORP NEV,356390104,12553,155319,,
LENNOX INTL INC,526107107,12521,38400,,
GALAPAGOS NV,36315X101,12519,307900,,
CHEGG INC,163092109,12491,1406700,,
MANPOWERGROUP INC WIS,56418H100,12470,157052,,
LEGALZOOM COM INC,52466B103,12454,1030942,,
AVISTA CORP,05379B107,12431,316545,,AVA
LANDSTAR SYS INC,515098101,12427,64540,,
EVOLUTION PETE CORP,30049A107,12423,1539384,,
APARTMENT INCOME REIT CORP,03750L109,12422,344200,,
GREAT SOUTHN BANCORP INC,390905107,12388,244200,,
TANGER FACTORY OUTLET CTRS I,875465106,12371,560526,,
INTAPP INC,45827U109,12271,292800,,
YPF SOCIEDAD ANONIMA,984245100,12266,823784,,YPF
TOYOTA MOTOR CORP,892331307,12249,76200,,
BIGCOMMERCE HLDGS INC,08975P108,12234,1229500,,
IOVANCE BIOTHERAPEUTICS INC,462260100,12198,1732700,,
HEICO CORP NEW,422806109,12173,68800,,HEI-A
HUDSON TECHNOLOGIES INC,444144109,12128,1260750,,
UNIVERSAL HEALTH RLTY INCOME,91359E105,12100,254310,,
HIMS & HERS HEALTH INC,433000106,12055,1282400,,
TC ENERGY CORP,87807B107,12037,297713,,TRPRF
STEPSTONE GROUP INC,85914M107,12027,484758,,STEP
RLX TECHNOLOGY INC,74969N103,11997,6778100,,RLX
NICE LTD,653656108,11986,58044,,NCSYF
MASTERBRAND INC,57638P104,11964,1028682,,
BRINKS CO,109696104,11958,176300,,BCO
FIRST TR EXCHANGE-TRADED FD,33738D309,11950,263800,,
REINSURANCE GRP OF AMERICA I,759351604,11858,85500,,
OOMA INC,683416101,11835,790566,,OOMA
TRIUMPH GROUP INC NEW,896818101,11811,954800,,
EMPLOYERS HLDGS INC,292218104,11803,315500,,
STEWART INFORMATION SVCS COR,860372101,11803,286897,,
SPRINKLR INC,85208T107,11754,849900,,
CHUYS HLDGS INC,171604101,11732,287400,,
ALARM COM HLDGS INC,011642105,11659,225600,,
LKQ CORP,501889208,11640,199760,,LKQ
ZURN ELKAY WATER SOLNS CORP,98983L108,11633,432623,,
PETROLEO BRASILEIRO SA PETRO,71654V101,11625,939800,,
EASTMAN CHEM CO,277432100,11615,138740,,
SENTINELONE INC,81730H109,11565,765900,,
HERITAGE CRYSTAL CLEAN INC,42726M106,11477,303716,,
VIATRIS INC,92556V106,11413,1143597,,VTRS
AVADEL PHARMACEUTICALS PLC,05337M104,11406,692106,,
PERFORMANCE FOOD GROUP CO,71377A103,11368,188707,,PFGC
ACCURAY INC,004397105,11354,2933784,,ARAY
AMERICOLD REALTY TRUST INC,03064D108,11330,350762,,
HOMETRUST BANCSHARES INC,437872104,11329,542315,,
COURSERA INC,22266M104,11326,869900,,
SKYLINE CHAMPION CORPORATION,830830105,11270,172200,,
CANADIAN IMPERIAL BK COMM TO,136069101,11264,263928,,
VALMONT INDS INC,920253101,11264,38700,,
PROGYNY INC,74340E103,11259,286200,,
GLOBE LIFE INC,37959E102,11258,102700,,GL-PD
J P MORGAN EXCHANGE TRADED F,46654Q203,11256,232700,,
WEX INC,96208T104,11252,61800,,WEX
SAFE BULKERS INC,Y7388L103,11243,3448886,,
GULFPORT ENERGY CORP,402635502,11232,106900,,GPOR
CIVEO CORP CDA,17878Y207,11184,574148,,
OPEN LENDING CORP,68373J104,11167,1062525,,LPRO
WSFS FINL CORP,929328102,11140,295326,,
FEDERAL AGRIC MTG CORP,313148306,11097,77200,,
CLIMB GLOBAL SOLUTIONS INC,946760105,11054,230959,,
SILK RD MED INC,82710M100,11021,339200,,
RCM TECHNOLOGIES INC,749360400,11005,598073,,
BADGER METER INC,056525108,10978,74400,,BMI
ARLO TECHNOLOGIES INC,04206A101,10921,1001020,,
ENTRAVISION COMMUNICATIONS C,29382R107,10920,2487517,,
ARCELLX INC,03940C100,10898,344667,,
CENTRUS ENERGY CORP,15643U104,10879,334135,,LEU
LABORATORY CORP AMER HLDGS,50540R409,10861,45005,,
GASLOG PARTNERS LP,Y2687W108,10843,1257842,,GLOP-PC
RPM INTL INC,749685103,10812,120500,,
PROTAGONIST THERAPEUTICS INC,74366E102,10779,390267,,
INDEPENDENT BK CORP MASS,453836108,10762,241796,,
VAXCYTE INC,92243G108,10761,215477,,
BANCO BRADESCO S A,059460303,10758,3109272,,
MAGNOLIA OIL & GAS CORP,559663109,10749,514300,,MGY
VISTRA CORP,92840M102,10734,408925,,VST
AXALTA COATING SYS LTD,G0750C108,10647,324500,,
EMERSON ELEC CO,291011104,10630,117600,,
ORTHOFIX MED INC,68752M108,10618,587921,,
TRADEWEB MKTS INC,892672106,10580,154500,,
STONECO LTD,G85158106,10543,827498,,STNE
CIRCOR INTL INC,17273K109,10534,186600,,
HUDBAY MINERALS INC,443628102,10534,2194529,,HBM
HANOVER INS GROUP INC,410867105,10500,92900,,
CARNIVAL CORP,143658300,10475,556300,,CCL
WISDOMTREE INC,97717P104,10425,1519723,,
MAXEON SOLAR TECHNOLOGIES LT,Y58473102,10411,369700,,
FIRST TR EXCHANGE-TRADED FD,33739Q200,10406,218300,,
IES HLDGS INC,44951W106,10386,182598,,
AVIDXCHANGE HOLDINGS INC,05368X102,10384,1000400,,
NEXPOINT RESIDENTIAL TR INC,65341D102,10379,228213,,
HAWAIIAN ELEC INDUSTRIES,419870100,10364,286300,,
CRANE COMPANY,224408104,10338,116000,,
EVENTBRITE INC,29975E109,10330,1081700,,
RBC BEARINGS INC,75524B104,10330,47500,,RBC
ARCOS DORADOS HOLDINGS INC,G0457F107,10317,1006534,,ARCO
PIPER SANDLER COMPANIES,724078100,10301,79695,,PIPR
STRATEGIC ED INC,86272C103,10290,151678,,
TORM PLC,G89479102,10275,425300,,TRMD
RAYONIER ADVANCED MATLS INC,75508B104,10243,2393244,,
PROASSURANCE CORP,74267C106,10230,677900,,
ENANTA PHARMACEUTICALS INC,29251M106,10193,476300,,ENTA
ENDAVA PLC,29260V105,10187,196700,,DAVA
TEEKAY TANKERS LTD,Y8565N300,10185,266412,,TNK
SELECT SECTOR SPDR TR,81369Y100,10168,122700,,
INDEPENDENT BK CORP MICH,453838609,10161,599100,,
MSA SAFETY INC,553498106,10159,58400,,MNESP
WILLIS LEASE FIN CORP,970646105,10146,259297,,
CELSIUS HLDGS INC,15118V207,10108,67750,,
FOX CORP,35137L105,10101,297092,,FOX
CAREDX INC,14167L103,10065,1184100,,
ACLARIS THERAPEUTICS INC,00461U105,10054,969552,,
CVB FINL CORP,126600105,10049,756694,,
DUCOMMUN INC DEL,264147109,10047,230600,,
ENGAGESMART INC,29283F103,10026,525200,,
URBAN OUTFITTERS INC,917047102,10015,302300,,URBN
FASTLY INC,31188V100,10001,634200,,
UNDER ARMOUR INC,904311206,9956,1483800,,
CALAVO GROWERS INC,128246105,9931,342200,,
PROGRESSIVE CORP,743315103,9928,75000,,
PREFORMED LINE PRODS CO,740444104,9912,63500,,
TOPBUILD CORP,89055F103,9896,37200,,
RMR GROUP INC,74967R106,9885,426614,,RMR
AVIAT NETWORKS INC,05366Y201,9878,296006,,
PINNACLE WEST CAP CORP,723484101,9859,121023,,
AXIS CAP HLDGS LTD,G0692U109,9845,182896,,
STIFEL FINL CORP,860630102,9817,164515,,
NORTH AMERN CONSTR GROUP LTD,656811106,9758,510000,,
GLOBAL INDUSTRIAL COMPANY,37892E102,9755,351274,,
GAOTU TECHEDU INC,36257Y109,9741,3370719,,GOTU
ELME COMMUNITIES,939653101,9733,592008,,ELME
VISHAY INTERTECHNOLOGY INC,928298108,9732,331025,,VSH
INTERCEPT PHARMACEUTICALS IN,45845P108,9726,879400,,
BROOKLINE BANCORP INC DEL,11373M107,9705,1110388,,
FABRINET,G3323L100,9702,74700,,FN
BUMBLE INC,12047B105,9670,576288,,BMBL
DRDGOLD LIMITED,26152H301,9636,907313,,
O-I GLASS INC,67098H104,9613,450700,,
CAPRI HOLDINGS LIMITED,G1890L107,9579,266900,,
LSI INDS INC OHIO,50216C108,9555,760762,,
KOHLS CORP,500255104,9536,413700,,KSS
WARNER MUSIC GROUP CORP,934550203,9525,365100,,WMG
IAC INC,44891N208,9516,151527,,
CLEANSPARK INC,18452B209,9452,2203302,,
ADTRAN HOLDINGS INC,00486H105,9420,894573,,
PDD HOLDINGS INC,722304102,9396,135900,,PDD
INNODATA INC,457642205,9362,826290,,INOD
ASSURANT INC,04621X108,9316,74100,,
HARMONIC INC,413160102,9305,575427,,HLIT
LIVENT CORP,53814L108,9299,339000,,
SYLVAMO CORP,871332102,9287,229600,,SLVM
ISHARES TR,464288414,9275,86900,,
RICHARDSON ELECTRS LTD,763165107,9274,562077,,
PHYSICIANS RLTY TR,71943U104,9238,660297,,
AMERISAFE INC,03071H100,9235,173193,,AMSF
CIA ENERGETICA DE MINAS GERA,204409601,9223,3506801,,
BLACKBERRY LTD,09228F103,9222,1667543,,BB
MIDDLEBY CORP,596278101,9220,62370,,MIDD
INVESCO MORTGAGE CAPITAL INC,46131B704,9205,802500,,IVR-PC
PROCORE TECHNOLOGIES INC,74275K108,9194,141300,,
LIBERTY MEDIA CORP DEL,531229706,9166,224000,,FWONB
CORE & MAIN INC,21874C102,9164,292400,,
CHATHAM LODGING TR,16208T102,9066,968575,,
CENTRAL GARDEN & PET CO,153527106,9061,233711,,CENTA
BRT APARTMENTS CORP,055645303,9054,457291,,BRT
RLI CORP,749607107,9048,66300,,RLI
RENAISSANCERE HLDGS LTD,G7496G103,9046,48500,,
BLUEGREEN VACATIONS HLDG COR,096308101,9025,253161,,
IDACORP INC,451107106,9018,87899,,IDA
ARC DOCUMENT SOLUTIONS INC,00191G103,9005,2779196,,
INSPERITY INC,45778Q107,8981,75500,,
ENTERGY CORP NEW,29364G103,8977,92193,,
BGC PARTNERS INC,05541T101,8957,2021848,,
FACTSET RESH SYS INC,303075105,8955,22350,,
ARCH RESOURCES INC,03940R107,8953,79400,,
PHILIP MORRIS INTL INC,718172109,8942,91600,,
ALLIED MOTION TECHNOLOGIES I,019330109,8939,223822,,
STEALTHGAS INC,Y81669106,8930,2096360,,GASS
SFL CORPORATION LTD,G7738W106,8928,956965,,SFL
BECTON DICKINSON & CO,075887109,8921,33791,,BDX
PEBBLEBROOK HOTEL TR,70509V100,8899,638395,,
IMMUNOVANT INC,45258J102,8874,467800,,
BLACKROCK INC,09247X101,8847,12800,,
GRIFFON CORP,398433102,8800,218351,,GFF
DHI GROUP INC,23331S100,8799,2297360,,
VERIS RESIDENTIAL INC,554489104,8789,547612,,
EURONET WORLDWIDE INC,298736109,8785,74845,,
ABCAM PLC,000380204,8736,357000,,
ANGI INC,00183L102,8729,2645235,,ANGI
FIRST MAJESTIC SILVER CORP,32076V103,8728,1544838,,AG
WEIBO CORP,948596101,8725,665508,,WEIBF
VAALCO ENERGY INC,91851C201,8715,2317891,,
IRHYTHM TECHNOLOGIES INC,450056106,8711,83500,,
INFORMATION SVCS GROUP INC,45675Y104,8691,1621410,,
HERTZ GLOBAL HLDGS INC,42806J700,8689,472500,,
STITCH FIX INC,860897107,8656,2248400,,
SANMINA CORPORATION,801056102,8651,143533,,SANM
API GROUP CORP,00187Y100,8611,315900,,APG
CONOCOPHILLIPS,20825C104,8610,83100,,COP
GENIE ENERGY LTD,372284208,8588,607385,,GNE
FIRST AMERN FINL CORP,31847R102,8570,150300,,
DOLE PLC,G27907107,8564,633400,,DOLE
HUB GROUP INC,443320106,8549,106436,,
DEUTSCHE BANK A G,D18190898,8508,808022,,
MGM RESORTS INTERNATIONAL,552953101,8505,193640,,MGM
CAMDEN NATL CORP,133034108,8487,274049,,
ASSERTIO HOLDINGS INC,04546C205,8474,1563435,,
DOLBY LABORATORIES INC,25659T107,8460,101102,,
GREEN BRICK PARTNERS INC,392709101,8452,148809,,
ARCHER DANIELS MIDLAND CO,039483102,8425,111500,,
BOISE CASCADE CO DEL,09739D100,8421,93200,,BCC
MATERION CORP,576690101,8417,73707,,MTRN
SOVOS BRANDS INC,84612U107,8364,427600,,
CHARTER COMMUNICATIONS INC N,16119P108,8334,22686,,
ZUORA INC,98983V106,8298,756400,,
PROG HOLDINGS INC,74319R101,8283,257884,,
HARMONY GOLD MINING CO LTD,413216300,8263,1967420,,HGMCF
EMBOTELLADORA ANDINA S A,29081P303,8260,530181,,
EAGLE BULK SHIPPING INC,Y2187A150,8244,171600,,
GILDAN ACTIVEWEAR INC,375916103,8218,254900,,GIL
RETAIL OPPORTUNITY INVTS COR,76131N101,8217,608200,,
ATI INC,01741R102,8205,185500,,ATI
ZIM INTEGRATED SHIPPING SERV,M9T951109,8189,660942,,
ORASURE TECHNOLOGIES INC,68554V108,8175,1631782,,OSUR
SHENANDOAH TELECOMMUNICATION,82312B106,8172,420571,,
PAR PAC HOLDINGS INC,69888T207,8137,305800,,
MILLERKNOLL INC,600544100,8110,548683,,
MITSUBISHI UFJ FINL GROUP IN,606822104,8106,1099800,,
NEVRO CORP,64157F103,8089,318200,,
UNIVERSAL TECHNICAL INST INC,913915104,8076,1168794,,
KINETIK HOLDINGS INC,02215L209,8049,229062,,KNTK
FLYWIRE CORPORATION,302492103,8039,259000,,FLYW
MACATAWA BK CORP,554225102,8038,866159,,
A-MARK PRECIOUS METALS INC,00181T107,8010,213984,,
BLUE BIRD CORP,095306106,8006,356122,,BLBD
MELCO RESORTS AND ENTMNT LTD,585464100,7999,655100,,
IVERIC BIO INC,46583P102,7986,203000,,
CERIDIAN HCM HLDG INC,15677J108,7970,119000,,
BANDWIDTH INC,05988J103,7966,582300,,BAND
MASTERCRAFT BOAT HLDGS INC,57637H103,7951,259400,,
CLOVER HEALTH INVESTMENTS CO,18914F103,7937,8847780,,
MATTEL INC,577081102,7914,405000,,
JANUS INTERNATIONAL GROUP IN,47103N106,7905,741600,,
ONESPAWORLD HOLDINGS LIMITED,P73684113,7849,648700,,
LIMBACH HLDGS INC,53263P105,7829,316571,,
GRUPO SIMEC SAB DE C V,400491106,7828,223645,,
KIRBY CORP,497266106,7826,101700,,KEX
THE ODP CORP,88337F105,7814,166892,,
XEROX HOLDINGS CORP,98421M106,7752,520624,,XRXDW
GMS INC,36251C103,7709,111400,,
ARDMORE SHIPPING CORP,Y0207T100,7685,622300,,ASC
CENTRAL PAC FINL CORP,154760409,7685,489196,,
COHU INC,192576106,7683,184854,,COHU
INVESCO EXCH TRD SLF IDX FD,46138J619,7680,156800,,
COMPASS INC,20464U100,7674,2192500,,
AAON INC,000360206,7638,80557,,
DOMO INC,257554105,7632,520600,,
ARCTURUS THERAPEUTICS HLDGS,03969T109,7620,265700,,
FIRSTCASH HOLDINGS INC,33768G107,7620,81641,,
BRP INC,05577W200,7614,90000,,DOO
ICL GROUP LTD,M53213100,7574,1382076,,ICL
FORTUNA SILVER MINES INC,349915108,7546,2329100,,
POST HLDGS INC,737446104,7539,87000,,
FIVERR INTL LTD,M4R82T106,7519,289100,,
PLAYAGS INC,72814N104,7501,1327542,,
UDR INC,902653104,7496,174498,,
PREMIER FINANCIAL CORP,74052F108,7484,467140,,
MRC GLOBAL INC,55345K103,7477,742500,,
CULLEN FROST BANKERS INC,229899109,7452,69300,,
BLACK HILLS CORP,092113109,7442,123500,,
HESS MIDSTREAM LP,428103105,7428,242100,,HESM
MINISO GROUP HLDG LTD,66981J102,7423,436900,,
Q2 HLDGS INC,74736L109,7422,240200,,
LINDE PLC,G54950103,7393,19400,,LIN
ASCENDIS PHARMA A/S,04351P101,7381,82699,,ASND
STERICYCLE INC,858912108,7376,158820,,
SAUL CTRS INC,804395101,7358,199774,,
FRANKLIN COVEY CO,353469109,7334,167903,,FC
WESTERN NEW ENG BANCORP INC,958892101,7321,1253654,,
METHANEX CORP,59151K108,7316,176848,,MEOH
OSHKOSH CORP,688239201,7308,84400,,OSK
UWM HOLDINGS CORPORATION,91823B109,7308,1304980,,UWMC
SPDR SER TR,78464A755,7303,143700,,
INVESCO EXCH TRADED FD TR II,46138G870,7278,327100,,
TEJON RANCH CO,879080109,7277,422848,,TRC
DADA NEXUS LTD,23344D108,7247,1364800,,
PAYCHEX INC,704326107,7227,64601,,PAYX
PHIBRO ANIMAL HEALTH CORP,71742Q106,7199,525500,,PAHC
KRONOS WORLDWIDE INC,50105F105,7163,820500,,KRO
NATURES SUNSHINE PRODS INC,639027101,7152,523939,,
TRINET GROUP INC,896288107,7151,75300,,
FIRST BUSEY CORP,319383204,7134,354939,,
CHAMPIONX CORPORATION,15872M104,7121,229416,,
AFFIRM HLDGS INC,00827B106,7112,463900,,
INTEGRAL AD SCIENCE HLDNG CO,45828L108,7100,394900,,
ACCOLADE INC,00437E102,7080,525600,,
TASEKO MINES LTD,876511106,7076,4948470,,
TRICO BANCSHARES,896095106,7076,213143,,
MACOM TECH SOLUTIONS HLDGS I,55405Y100,7059,107715,,
PROTO LABS INC,743713109,7059,201916,,PRLB
SPDR GOLD TR,78463V107,7042,39500,,
CROSS CTRY HEALTHCARE INC,227483104,7018,249918,,
ASSURED GUARANTY LTD,G0585R106,7003,125500,,AGO
LXP INDUSTRIAL TRUST,529043101,7000,717982,,LXP-PC
COMPANIA CERVECERIAS UNIDAS,204429104,6971,429498,,
ADAMS RES & ENERGY INC,006351308,6962,198056,,
LOVESAC COMPANY,54738L109,6956,258100,,
SEMTECH CORP,816850101,6948,272916,,SMTC
OCEANEERING INTL INC,675232102,6945,371400,,
DOUGLAS ELLIMAN INC,25961D105,6927,3120104,,DOUG
SHOPIFY INC,82509L107,6920,107000,,SHOP
OSISKO GOLD ROYALTIES LTD,68827L101,6918,450074,,
XENIA HOTELS & RESORTS INC,984017103,6911,561400,,
VITAL FARMS INC,92847W103,6883,574100,,
LAKELAND INDS INC,511795106,6864,477002,,
LAKELAND BANCORP INC,511637100,6861,512375,,
S&P GLOBAL INC,78409V104,6861,17115,,SPGI
TILLYS INC,886885102,6860,978612,,
SELECT WATER SOLUTIONS INC,81617J301,6849,845533,,
SANDSTORM GOLD LTD,80013R206,6847,1337300,,
SPDR SER TR,78468R721,6846,148300,,
ACACIA RESH CORP,003881307,6844,1645100,,
BLACKBAUD INC,09227Q100,6826,95897,,BLKB
NAVIENT CORPORATION,63938C108,6826,367400,,JSM
SELECT SECTOR SPDR TR,81369Y407,6826,40200,,
SYNAPTICS INC,87157D109,6824,79927,,SYNA
CHINDATA GROUP HLDGS LTD,16955F107,6821,952600,,
ISHARES TR,464287242,6802,62900,,
ORCHID IS CAP INC,68571X301,6801,657115,,
PREFERRED BK LOS ANGELES CA,740367404,6789,123455,,
MASIMO CORP,574795100,6784,41230,,
NACCO INDS INC,629579103,6784,195718,,
ORGANON & CO,68622V106,6774,325500,,OGN
DRAFTKINGS INC NEW,26142V105,6747,253930,,DKNG
CTS CORP,126501105,6744,158200,,CTS
JACKSON FINANCIAL INC,46817M107,6713,219303,,JXN-PA
FIRST LONG IS CORP,320734106,6710,558250,,
URSTADT BIDDLE PPTYS INC,917286205,6685,314417,,
NATURAL GROCERS BY VITAMIN C,63888U108,6681,544909,,
ISHARES INC,46434G772,6667,141800,,
PILGRIMS PRIDE CORP,72147K108,6658,309800,,PPC
CONSOLIDATED WATER CO INC,G23773107,6629,273567,,
CENTURY ALUM CO,156431108,6624,759599,,
BROOKFIELD ASSET MANAGMT LTD,113004105,6599,202200,,
HCI GROUP INC,40416E103,6581,106519,,
REGIONAL MGMT CORP,75902K106,6571,215437,,
COMMSCOPE HLDG CO INC,20337X109,6569,1166800,,
YORK WTR CO,987184108,6568,159136,,
CRAWFORD & CO,224633206,6551,590724,,CRD-B
NORTHWESTERN CORP,668074305,6524,114940,,
TSAKOS ENERGY NAVIGATION LTD,G9108L173,6522,365980,,TEN-PF
BCE INC,05534B760,6515,142898,,BCPPF
BIO-TECHNE CORP,09073M104,6514,79800,,TECH
DASEKE INC,23753F107,6506,912507,,
RYERSON HLDG CORP,783754104,6503,149900,,
VERMILION ENERGY INC,923725105,6471,519661,,VET
PENTAIR PLC,G7S00T104,6464,100058,,PNR
GOGO INC,38046C109,6457,379600,,GOGO
MODINE MFG CO,607828100,6445,195199,,
CRAWFORD & CO,224633107,6435,685310,,CRD-B
1ST SOURCE CORP,336901103,6433,153414,,SRCE
ALPHATEC HLDGS INC,02081G201,6428,357500,,
HUYA INC,44852D108,6409,1790100,,HUYA
UMB FINL CORP,902788108,6407,105200,,
NORTHEAST BK LEWISTON ME,66405S100,6402,153645,,
TIMBERLAND BANCORP INC,887098101,6402,250289,,TSBK
EASTERN BANKSHARES INC,27627N105,6400,521600,,
BANK HAWAII CORP,062540109,6395,155100,,
ENOVIS CORPORATION,194014502,6391,99667,,ENOV
TUCOWS INC,898697206,6379,229951,,
LINCOLN NATL CORP IND,534187109,6370,247274,,
MIZUHO FINANCIAL GROUP INC,60687Y109,6361,2072005,,MZHOF
ALPHA & OMEGA SEMICONDUCTOR,G6331P104,6357,193800,,AOSL
PHILLIPS EDISON & CO INC,71844V201,6356,186500,,
CGI INC,12532H104,6341,60100,,GIB
INTERCONTINENTAL HOTELS GROU,45857P806,6333,89900,,
RENTOKIL INITIAL PLC,760125104,6327,162200,,
KORN FERRY,500643200,6304,127246,,KFY
G WILLI FOOD INTL LTD,M52523103,6300,513452,,
WEST FRASER TIMBER CO LTD,952845105,6294,73200,,
REVOLVE GROUP INC,76156B107,6283,383100,,
CLEARWATER ANALYTICS HLDGS I,185123106,6277,395500,,
ARDELYX INC,039697107,6261,1846993,,
BRASKEM S A,105532105,6260,537300,,
AMCOR PLC,G0250X107,6250,626437,,AMCCF
KINGSOFT CLOUD HLDGS LTD,49639K101,6244,1023600,,
DIANA SHIPPING INC,Y2066G104,6228,1687919,,DSX-WT
PUMA BIOTECHNOLOGY INC,74587V107,6206,1758013,,
CELESTICA INC,15101Q108,6202,427501,,CLS
JELD-WEN HLDG INC,47580P103,6183,352500,,
DOUBLEVERIFY HLDGS INC,25862V105,6165,158400,,
ZETA GLOBAL HOLDINGS CORP,98956A105,6161,721400,,ZETA
JAKKS PAC INC,47012E403,6151,308018,,
CITY OFFICE REIT INC,178587101,6147,1103516,,
ALLIANT ENERGY CORP,018802108,6140,117000,,LNT
TELUS INTL CDA INC,87975H100,6126,403600,,
ULTRA CLEAN HLDGS INC,90385V107,6123,159200,,
CONDUENT INC,206787103,6122,1800600,,CNDT
ROYAL BK CDA,780087102,6116,64000,,
TRANSMEDICS GROUP INC,89377M109,6114,72799,,
INVESCO EXCH TRD SLF IDX FD,46138J841,6104,296741,,
LILLY ELI & CO,532457108,6101,13009,,
DORIAN LPG LTD,Y2106R110,6087,237300,,LPG
PVH CORPORATION,693656100,6081,71570,,
HAEMONETICS CORP MASS,405024100,6079,71400,,
GOLAR LNG LTD,G9456A100,6069,300892,,GLNG
PRICESMART INC,741511109,6041,81565,,PSMT
SPX TECHNOLOGIES INC,78473E103,6041,71100,,
PCTEL INC,69325Q105,6014,1254242,,
JANUS HENDERSON GROUP PLC,G4474Y214,6000,220200,,
AUTOHOME INC,05278C107,5989,205400,,ATHM
VAREX IMAGING CORP,92214X106,5989,254080,,VREX
EVERGY INC,30034W106,5982,102402,,
GREAT LAKES DREDGE & DOCK CO,390607109,5955,729801,,
CARS COM INC,14575E105,5954,300400,,
J JILL INC,46620W201,5952,277756,,
MIMEDX GROUP INC,602496101,5952,900385,,
KNOT OFFSHORE PARTNERS LP,Y48125101,5949,1204217,,KNOP
ENOVIX CORPORATION,293594107,5947,329649,,ENVX
GENCOR INDS INC,368678108,5940,381240,,
ZENTALIS PHARMACEUTICALS INC,98943L107,5936,210437,,
UNITED NAT FOODS INC,911163103,5927,303179,,
ALIGNMENT HEALTHCARE INC,01625V104,5921,1029700,,
HUNTSMAN CORP,447011107,5909,218700,,HUN
DIODES INC,254543101,5906,63851,,
JOYY INC,46591M109,5884,191600,,JOYY
BANKFINANCIAL CORP,06643P104,5870,717638,,
EQUINOR ASA,29446M102,5857,200523,,STOHF
HALLADOR ENERGY COMPANY,40609P105,5851,682755,,
ZILLOW GROUP INC,98954M101,5820,118300,,
PARAMOUNT GROUP INC,69924R108,5816,1312900,,
BASSETT FURNITURE INDS INC,070203104,5811,386387,,
HYATT HOTELS CORP,448579102,5809,50700,,H
ADIENT PLC,G0084W101,5752,150100,,ADNT
ELEMENT SOLUTIONS INC,28618M106,5750,299500,,ESI
ISHARES TR,46434VAX8,5741,227000,,
GILAT SATELLITE NETWORKS LTD,M51474118,5736,920633,,GILT
FIRST FINANCIAL NORTHWEST IN,32022K102,5733,504210,,
ADTALEM GLOBAL ED INC,00737L103,5724,166700,,
THERMON GROUP HLDGS INC,88362T103,5722,215100,,
ENEL CHILE S.A.,29278D105,5721,1717888,,ENIC
HASBRO INC,418056107,5719,88300,,
DAQO NEW ENERGY CORP,23703Q203,5709,143800,,DQ
TERRITORIAL BANCORP INC,88145X108,5703,464373,,
OSI SYSTEMS INC,671044105,5701,48383,,OSIS
COMPUTER TASK GROUP INC,205477102,5693,748057,,
HOULIHAN LOKEY INC,441593100,5692,57900,,
ETHAN ALLEN INTERIORS INC,297602104,5683,200966,,ETD
FIRST TR EXCH TRADED FD III,33739N108,5683,112132,,
CARNIVAL PLC,14365C103,5673,334700,,
PEAPACK-GLADSTONE FINL CORP,704699107,5655,208820,,
HANESBRANDS INC,410345102,5654,1245397,,
FIRST HAWAIIAN INC,32051X108,5653,313900,,
ALAMO GROUP INC,011311107,5646,30700,,ALG
ISHARES TR,46429B598,5637,129000,,
NATIONAL HEALTH INVS INC,63633D104,5635,107500,,
LIGHT & WONDER INC,80874P109,5611,81600,,
FRANKLIN BSP RLTY TR INC,35243J101,5610,396200,,
NEOGAMES S A,L6673X107,5608,214700,,
REGAL REXNORD CORPORATION,758750103,5604,36415,,RRX
VANECK ETF TRUST,92189F643,5601,70200,,
CONSOLIDATED COMM HLDGS INC,209034107,5580,1456843,,
CONTROLADORA VUELA COMP DE A,21240E105,5577,399800,,
BELLRING BRANDS INC,07831C103,5567,152100,,
CORSAIR GAMING INC,22041X102,5558,313300,,
EL POLLO LOCO HLDGS INC,268603107,5552,633025,,
FOSTER L B CO,350060109,5525,386882,,FSTR
WASHINGTON FED INC,938824109,5523,208276,,
ERIE INDTY CO,29530P102,5496,26171,,
WESTWOOD HLDGS GROUP INC,961765104,5482,442117,,
AGENUS INC,00847G705,5480,3425015,,AGEN
MAGIC SOFTWARE ENTERPRISES L,559166103,5475,411677,,
ITEOS THERAPEUTICS INC,46565G104,5471,413200,,
FONAR CORP,344437405,5465,319616,,
TOWNSQUARE MEDIA INC,892231101,5447,457352,,
MASONITE INTL CORP,575385109,5440,53100,,
BLUELINX HLDGS INC,09624H208,5430,57900,,
DUCKHORN PORTFOLIO INC,26414D106,5418,417700,,
VIAVI SOLUTIONS INC,925550105,5390,475688,,VIAV
ARROW FINL CORP,042744102,5371,266697,,
AAR CORP,000361105,5366,92900,,AIR
ULTRAPAR PARTICIPACOES SA,90400P101,5365,1365200,,
VITESSE ENERGY INC,92852X103,5358,239200,,
INSTRUCTURE HLDGS INC,457790103,5354,212800,,
DAKTRONICS INC,234264109,5352,836200,,
VOXX INTL CORP,91829F104,5348,428522,,
ALBANY INTL CORP,012348108,5345,57300,,
REVANCE THERAPEUTICS INC,761330109,5328,210517,,
MURPHY OIL CORP,626717102,5316,138800,,MUR
CONSUMER PORTFOLIO SVCS INC,210502100,5314,455358,,
TERNIUM SA,880890108,5302,133714,,
NAVIGATOR HLDGS LTD,Y62132108,5300,407385,,
CAVCO INDS INC DEL,149568107,5297,17955,,
ARDAGH METAL PACKAGING S A,L02235106,5287,1406029,,
KADANT INC,48282T104,5286,23799,,KAI
AMERICAN FINL GROUP INC OHIO,025932104,5271,44389,,
FINANCIAL INSTNS INC,317585404,5263,334400,,
BROWN FORMAN CORP,115637100,5247,77076,,BF-B
SYMBOTIC INC,87151X101,5234,122262,,SYM
ANGIODYNAMICS INC,03475V101,5233,501714,,ANGO
OLD SECOND BANCORP INC ILL,680277100,5232,400625,,
ISHARES TR,46434V423,5208,126013,,
J & J SNACK FOODS CORP,466032109,5203,32856,,
DONEGAL GROUP INC,257701201,5168,358111,,DGICB
MITEK SYS INC,606710200,5161,476100,,
NATURAL GAS SVCS GROUP INC,63886Q109,5159,521142,,
DYNEX CAP INC,26817Q886,5154,409400,,
GENCO SHIPPING & TRADING LTD,Y2685T131,5150,367100,,GNK
NRG ENERGY INC,629377508,5134,137316,,
ATEA PHARMACEUTICALS INC,04683R106,5099,1363382,,
MARCUS CORP DEL,566330106,5099,343800,,MCS
MOOG INC,615394202,5096,47000,,MOG-B
LEMAITRE VASCULAR INC,525558201,5093,75700,,LMAT
EAGLE PHARMACEUTICALS INC,269796108,5064,260473,,
TACTILE SYS TECHNOLOGY INC,87357P100,5053,202700,,
NEXTDOOR HOLDINGS INC,65345M108,5026,1541600,,
BORR DRILLING LTD,G1466R173,5025,667284,,BORR
CSW INDUSTRIALS INC,126402106,5019,30200,,
SKYWEST INC,830879102,5019,123268,,SKYW
QUANTERIX CORP,74766Q101,4993,221400,,QTRX
W & T OFFSHORE INC,92922P106,4982,1287433,,
ENZO BIOCHEM INC,294100102,4977,2704864,,
BLUE OWL CAPITAL INC,09581B103,4972,426800,,OWL
AMER STATES WTR CO,029899101,4968,57100,,
FULL HSE RESORTS INC,359678109,4961,740390,,
CAPITAL CITY BK GROUP INC,139674105,4941,161271,,
EGAIN CORP,28225C806,4929,658119,,EGAN
ARCHER AVIATION INC,03945R102,4911,1191916,,ACHR-WT
JAMF HLDG CORP,47074L105,4905,251300,,
JAMES HARDIE INDS PLC,47030M106,4900,182227,,
SIMPSON MFG INC,829073105,4889,35300,,
SOUTHWEST GAS HLDGS INC,844895102,4888,76800,,
FRIEDMAN INDS INC,358435105,4858,385582,,
SP PLUS CORP,78469C103,4857,124200,,
ESSA BANCORP INC,29667D104,4844,324018,,
COHEN & STEERS INC,19247A100,4821,83129,,
ORION OFFICE REIT INC,68629Y103,4813,728200,,
TASKUS INC,87652V109,4783,422500,,
ATRICURE INC,04963C209,4778,96800,,
UTZ BRANDS INC,918090101,4774,291801,,
TRUECAR INC,89785L107,4762,2107201,,
VANGUARD INTL EQUITY INDEX F,922042718,4762,43100,,
BUILD-A-BEAR WORKSHOP INC,120076104,4757,222079,,BBW
ISHARES TR,464287432,4746,46100,,
KENNAMETAL INC,489170100,4726,166452,,KMT
CORECARD CORPORATION,45816D100,4719,186097,,
ISHARES TR,464288687,4714,152401,,
FIRST FINL CORP IND,320218100,4684,144247,,
MERIT MED SYS INC,589889104,4660,55712,,
JD.COM INC,47215P106,4659,136500,,
ISHARES TR,464287408,4658,28900,,
ATLANTICUS HOLDINGS CORP,04914Y102,4649,110658,,ATLCZ
UNDER ARMOUR INC,904311107,4646,643552,,
SUN CTRY AIRLS HLDGS INC,866683105,4629,205900,,
TITAN MACHY INC,88830R101,4629,156900,,
ECOVYST INC,27923Q109,4622,403300,,ECVT
GOPRO INC,38268T103,4619,1115800,,
CATO CORP NEW,149205106,4610,574052,,CATO
KAMADA LTD,M6240T109,4597,871505,,KMDA
ITRON INC,465741106,4568,63361,,
GALLAGHER ARTHUR J & CO,363576109,4567,20800,,
US FOODS HLDG CORP,912008109,4567,103800,,
PIMCO ETF TR,72201R866,4562,88000,,
FIRST BUSINESS FINL SVCS INC,319390100,4555,154465,,
ISHARES TR,464288877,4542,92800,,
PROFRAC HLDG CORP,74319N100,4541,406924,,
RESOURCES CONNECTION INC,76122Q105,4528,288201,,
ECOPETROL S A,279158109,4526,441595,,
OVERSEAS SHIPHOLDING GROUP I,69036R863,4525,1085179,,
GRAHAM CORP,384556106,4519,340304,,GHM
FOX FACTORY HLDG CORP,35138V102,4513,41593,,
AMERICAN PUB ED INC,02913V103,4497,948711,,
ADMA BIOLOGICS INC,000899104,4479,1213735,,
C & F FINL CORP,12466Q104,4466,83160,,
CHILDRENS PL INC NEW,168905107,4465,192360,,
VERTEX INC,92538J106,4458,228600,,
FOSSIL GROUP INC,34988V106,4452,1732285,,
BRIGHTCOVE INC,10921T101,4436,1106251,,
HINGHAM INSTN SVGS MASS,433323102,4432,20789,,
SPROUT SOCIAL INC,85209W109,4427,95900,,
DYNATRACE INC,268150109,4406,85600,,
LIONS GATE ENTMNT CORP,535919401,4404,498778,,
VANECK ETF TRUST,92189H607,4397,15290,,
23ANDME HOLDING CO,90138Q108,4390,2508729,,
DLOCAL LTD,G29018101,4384,359200,,DLO
LOEWS CORP,540424108,4376,73700,,L
BOWMAN CONSULTING GROUP LTD,103002101,4371,137100,,BWMN
CUSTOMERS BANCORP INC,23204G100,4358,144020,,
FRESH DEL MONTE PRODUCE INC,G36738105,4350,169200,,
PITNEY BOWES INC,724479100,4344,1227171,,
QURATE RETAIL INC,74915M100,4334,4378461,,
SPDR SER TR,78464A359,4330,61900,,
BCB BANCORP INC,055298103,4326,368448,,BCBP
BANCORP INC DEL,05969A105,4320,132300,,
SPDR SER TR,78464A508,4316,99900,,
PIMCO ETF TR,72201R718,4303,45900,,
HORACE MANN EDUCATORS CORP N,440327104,4298,144900,,
VIZIO HLDG CORP,92858V101,4298,636700,,
NATURA &CO HLDG S A,63884N108,4294,616137,,
ENCORE CAP GROUP INC,292554102,4293,88305,,
LUMEN TECHNOLOGIES INC,550241103,4281,1894303,,
CONNECTONE BANCORP INC,20786W107,4277,257787,,
COMMUNITY HEALTHCARE TR INC,20369C106,4266,129200,,
OLYMPIC STEEL INC,68162K106,4258,86898,,
HNI CORP,404251100,4244,150619,,HNI
CONSTELLIUM SE,F21107101,4240,246500,,CSTM
AMERICAN WELL CORP,03044L105,4238,2018100,,AMWL
ON24 INC,68339B104,4220,519734,,
FULLER H B CO,359694106,4219,59000,,FUL
INTERNATIONAL BANCSHARES COR,459044103,4199,95000,,
SPDR SER TR,78464A284,4198,167851,,
RACKSPACE TECHNOLOGY INC,750102105,4182,1537500,,
NMI HLDGS INC,629209305,4180,161900,,
NEWMARKET CORP,651587107,4174,10380,,NEU
AMPLITUDE INC,03213A104,4171,379200,,
GRAY TELEVISION INC,389375106,4166,528657,,
ESSENT GROUP LTD,G3198U102,4161,88900,,ESNT
HAWKINS INC,420261109,4149,86998,,HWKN
VANGUARD SPECIALIZED FUNDS,921908844,4142,25500,,
INVESCO EXCH TRADED FD TR II,46138E537,4137,175300,,
FUBOTV INC,35953D104,4135,1987751,,FUBO
REPLIMUNE GROUP INC,76029N106,4135,178100,,
COMMUNITY TR BANCORP INC,204149108,4133,116205,,
HARVARD BIOSCIENCE INC,416906105,4130,752207,,HBIO
ALECTOR INC,014442107,4129,687083,,
ARTISAN PARTNERS ASSET MGMT,04316A108,4124,104900,,
BERKSHIRE HILLS BANCORP INC,084680107,4123,198900,,
SENECA FOODS CORP NEW,817070501,4090,125163,,SENEL
SHIFT4 PMTS INC,82452J109,4088,60200,,
GXO LOGISTICS INCORPORATED,36262G101,4083,65000,,
LIBERTY LATIN AMERICA LTD,G9001E128,4080,473300,,LILAP
MUELLER INDS INC,624756102,4067,46600,,
XPERI INC,98423J101,4067,309273,,XPER
DIREXION SHS ETF TR,25460G286,4061,234000,,
DENNYS CORP,24869P104,4059,329500,,
MAGNITE INC,55955D100,4051,296754,,
KULICKE & SOFFA INDS INC,501242101,4050,68128,,
U HAUL HOLDING COMPANY,023586506,4050,79924,,
MACROGENICS INC,556099109,4038,754823,,MGNX
WEST BANCORPORATION INC,95123P106,4035,219152,,WTBA
LEMONADE INC,52567D107,4018,238441,,
BANKUNITED INC,06652K103,4013,186200,,
CONCENTRIX CORP,20602D101,4013,49700,,CNXC
WARBY PARKER INC,93403J106,4012,343200,,WRBY
ALTICE USA INC,02156K103,4004,1325970,,
TRAVELZOO,89421Q205,3998,506701,,TZOO
NEWS CORP NEW,65249B208,3990,202330,,NWSLL
CAPITAL GROUP DIVIDEND VALUE,14020W106,3988,147500,,
SANGAMO THERAPEUTICS INC,800677106,3988,3067496,,
HURON CONSULTING GROUP INC,447462102,3987,46958,,HURN
MGIC INVT CORP WIS,552848103,3984,252289,,
PIEDMONT OFFICE REALTY TR IN,720190206,3983,547900,,
PRA GROUP INC,69354N106,3972,173811,,PRAA
DIGI INTL INC,253798102,3969,100749,,
VANECK ETF TRUST,92189H201,3948,85700,,
VANECK ETF TRUST,92189H409,3943,76800,,
COMFORT SYS USA INC,199908104,3941,24000,,
MILLICOM INTL CELLULAR S A,L6388F110,3925,257476,,
MARCHEX INC,56624R108,3908,1843464,,MCHX
TPI COMPOSITES INC,87266J104,3907,376731,,
WALGREENS BOOTS ALLIANCE INC,931427108,3892,136600,,
WHITE MTNS INS GROUP LTD,G9618E107,3889,2800,,
MINERALS TECHNOLOGIES INC,603158106,3888,67400,,MTX
FLUSHING FINL CORP,343873105,3871,315000,,
AMERICAN AXLE & MFG HLDGS IN,024061103,3843,464699,,
MATERIALISE NV,57667T100,3828,443100,,MTLS
NATURAL HEALTH TRENDS CORP,63888P406,3828,692215,,NHTC
FRONTIER GROUP HLDGS INC,35909R108,3825,395600,,
RESIDEO TECHNOLOGIES INC,76118Y104,3822,216400,,
PAYSAFE LIMITED,G6964L206,3821,378687,,
YETI HLDGS INC,98585X104,3818,98300,,
BOK FINL CORP,05561Q201,3811,47177,,
FUTU HLDGS LTD,36118L106,3811,95900,,
CRESCENT PT ENERGY CORP,22576C101,3810,565587,,
MR COOPER GROUP INC,62482R107,3808,75200,,
INGREDION INC,457187102,3804,35900,,INGR
FEDERAL RLTY INVT TR NEW,313745101,3803,39300,,
STONEX GROUP INC,861896108,3788,45597,,SNEX
CANADIAN SOLAR INC,136635109,3784,97802,,CSIQ
ISHARES TR,464288240,3780,76800,,
BRIDGEWATER BANCSHARES INC,108621103,3774,383159,,BWBBP
AVEPOINT INC,053604104,3759,652600,,
DONALDSON INC,257651109,3757,60100,,
INOGEN INC,45780L104,3745,324224,,INGN
IROBOT CORP,462726100,3738,82600,,
BURFORD CAP LTD,G17977110,3724,305787,,
SIERRA BANCORP,82620P102,3724,219431,,BSRR
INVESCO EXCH TRADED FD TR II,46138E784,3723,191000,,
STARRETT L S CO,855668109,3716,355565,,
U S PHYSICAL THERAPY,90337L108,3708,30549,,
FORGEROCK INC,34631B101,3687,179500,,
DANAOS CORPORATION,Y1968P121,3680,55100,,DAC
LIFEVANTAGE CORP,53222K205,3668,843218,,LFVN
CINTAS CORP,172908105,3662,7368,,CTAS
LINCOLN EDL SVCS CORP,533535100,3643,540478,,
WISDOMTREE TR,97717X669,3633,54500,,
MORPHIC HLDG INC,61775R105,3629,63300,,
ISHARES TR,46434V621,3628,70400,,
HOME BANCORP INC,43689E107,3626,109173,,
NETGEAR INC,64111Q104,3610,254937,,
GLOBAL WTR RES INC,379463102,3599,283847,,
FULGENT GENETICS INC,359664109,3590,96954,,
VOYAGER THERAPEUTICS INC,92915B106,3584,313000,,
WHITESTONE REIT,966084204,3575,368584,,
NOMURA HLDGS INC,65535H208,3566,931190,,
ACCEL ENTERTAINMENT INC,00436Q106,3564,337500,,
COLUMBUS MCKINNON CORP N Y,199333105,3560,87585,,
FIRST NORTHWEST BANCORP,335834107,3555,312405,,FNWB
GRAHAM HLDGS CO,384637104,3543,6200,,
BANKWELL FINL GROUP INC,06654A103,3538,145103,,
GOLDEN OCEAN GROUP LTD,G39637205,3538,468669,,
IMMERSION CORP,452521107,3534,499133,,IMMR
JPMORGAN CHASE & CO,46625H365,3528,154000,,JPM-PM
SUMMIT FINL GROUP INC,86606G101,3527,170735,,
VICOR CORP,925815102,3526,65300,,VICR
TURNING PT BRANDS INC,90041L105,3524,146752,,
ARVINAS INC,04335A105,3515,141600,,
KNOWLES CORP,49926D109,3511,194400,,KN
FIRST TR EXCH TRADED FD III,33739P855,3496,207495,,
DIGITALOCEAN HLDGS INC,25402D102,3484,86800,,
TELOS CORP MD,87969B101,3480,1359400,,
GRANITE REAL ESTATE INVT TR,387437114,3476,58900,,
MERCER INTL INC,588056101,3475,430600,,
LLOYDS BANKING GROUP PLC,539439109,3471,1577900,,LLOBF
SOUTHERN MO BANCORP INC,843380106,3466,90134,,
GRAN TIERRA ENERGY INC,38500T200,3464,705480,,GTE
PRIVIA HEALTH GROUP INC,74276R102,3457,132409,,
TRIMAS CORP,896215209,3452,125570,,TRS
MERSANA THERAPEUTICS INC,59045L106,3448,1047919,,
TWILIO INC,90138F102,3448,54200,,TWLO
ALGOMA STL GROUP INC,015658107,3436,483900,,
BOSTON OMAHA CORP,101044105,3431,182300,,BOC
JOINT CORP,47973J102,3431,254178,,JYNT
LA Z BOY INC,505336107,3425,119600,,
NINE ENERGY SERVICE INC,65441V101,3422,893436,,
WISDOMTREE TR,97717W851,3422,41100,,
COVENANT LOGISTICS GROUP INC,22284P105,3419,78000,,
AMBARELLA INC,G037AX101,3414,40800,,AMBA
SUPERIOR INDS INTL INC,868168105,3411,947452,,
ATARA BIOTHERAPEUTICS INC,046513107,3408,2116900,,
ADDUS HOMECARE CORP,006739106,3402,36700,,ADUS
PROVIDENT FINL HLDGS INC,743868101,3401,266747,,
DIME CMNTY BANCSHARES INC,25432X102,3397,192704,,
VANECK ETF TRUST,92189F791,3395,95200,,
ARCHROCK INC,03957W106,3392,330905,,
CREDO TECHNOLOGY GROUP HOLDI,G25457105,3392,195638,,
OCEANFIRST FINL CORP,675234108,3389,216952,,
PNC FINL SVCS GROUP INC,693475105,3388,26899,,
CULP INC,230215105,3384,680917,,CULP
ASSOCIATED BANC CORP,045487105,3378,208131,,
OMEGA FLEX INC,682095104,3371,32480,,
INFUSYSTEM HLDGS INC,45685K102,3366,349509,,
CARROLS RESTAURANT GROUP INC,14574X104,3364,667496,,
FRANKLIN ELEC INC,353514102,3364,32694,,
WOLVERINE WORLD WIDE INC,978097103,3351,228100,,
GATES INDL CORP PLC,G39108108,3340,247800,,
HYLIION HOLDINGS CORP,449109107,3335,1996800,,HYLN
HEARTLAND EXPRESS INC,422347104,3303,201282,,HTLD
ANI PHARMACEUTICALS INC,00182C103,3300,61302,,ANIP
SMART GLOBAL HLDGS INC,G8232Y101,3292,113472,,
ALPINE IMMUNE SCIENCES INC,02083G100,3282,319294,,
RYAN SPECIALTY HOLDINGS INC,78351F107,3278,73020,,
VANGUARD INTL EQUITY INDEX F,922042775,3275,60200,,
CHINA YUCHAI INTL LTD,G21082105,3272,311580,,
NAPCO SEC TECHNOLOGIES INC,630402105,3261,94100,,
NOVAVAX INC,670002401,3261,438883,,NVAX
HANMI FINL CORP,410495204,3248,217581,,
SILGAN HLDGS INC,827048109,3240,69103,,
AMBAC FINL GROUP INC,023139884,3223,226344,,
RED ROBIN GOURMET BURGERS IN,75689M101,3219,232766,,
DOUGLAS EMMETT INC,25960P109,3218,256000,,DEI
PFSWEB INC,717098206,3210,710110,,
TABOOLA.COM LTD,M8744T106,3206,1030899,,TBLA
RANGER ENERGY SVCS INC,75282U104,3205,312990,,
XENCOR INC,98401F105,3203,128273,,XNCR
HERSHA HOSPITALITY TR,427825500,3201,525562,,
DMC GLOBAL INC,23291C103,3200,180168,,BOOM
FATE THERAPEUTICS INC,31189P102,3200,672316,,FATE
LITMAN GREGORY FDS TR,53700T827,3197,115700,,
TEGNA INC,87901J105,3194,196700,,
GENTHERM INC,37253A103,3191,56464,,THRM
ORRSTOWN FINL SVCS INC,687380105,3190,166599,,
ALLAKOS INC,01671P100,3187,730911,,
ACADIA RLTY TR,004239109,3186,221401,,
ERASCA INC,29479A108,3179,1151700,,
TUTOR PERINI CORP,901109108,3179,444580,,TPC
ELLINGTON RESIDENTIAL MTG RE,288578107,3172,440000,,
REYNOLDS CONSUMER PRODS INC,76171L106,3172,112300,,
GENIUS SPORTS LIMITED,G3934V109,3166,511500,,
PAYSIGN INC,70451A104,3158,1288866,,
FIRST ADVANTAGE CORP NEW,31846B108,3156,204800,,FA
VANGUARD INTL EQUITY INDEX F,922042874,3153,51100,,
BOYD GAMING CORP,103304101,3136,45200,,BYD
ACADIA PHARMACEUTICALS INC,004225108,3133,130800,,ACAD
ACME UTD CORP,004816104,3133,125607,,
AFFILIATED MANAGERS GROUP IN,008252108,3133,20900,,
IHS HOLDING LIMITED,G4701H109,3130,320000,,
FIRST TR EXCHANGE-TRADED FD,33738D408,3123,78807,,
CONCRETE PUMPING HLDGS INC,206704108,3121,388700,,
GLOBAL X FDS,37954Y715,3118,108484,,
AXCELIS TECHNOLOGIES INC,054540208,3117,17000,,ACLS
SKILLZ INC,83067L208,3115,342325,,
SPDR SER TR,78464A474,3115,105800,,
FIGS INC,30260D103,3110,376100,,
NELNET INC,64031N108,3108,32210,,NNI
ISHARES INC,464286871,3106,160700,,
PIEDMONT LITHIUM INC,72016P105,3099,53700,,
PETIQ INC,71639T106,3097,204168,,
SILVERCREST ASSET MGMT GROUP,828359109,3097,152937,,
ISHARES TR,46436E874,3096,130100,,
INNOSPEC INC,45768S105,3094,30800,,IOSP
FS BANCORP INC,30263Y104,3076,102304,,
LENDINGTREE INC NEW,52603B107,3071,138900,,
QUANTUMSCAPE CORP,74767V109,3070,384200,,QS
SITIME CORP,82982T106,3067,26000,,SITM
VERA BRADLEY INC,92335C106,3065,479702,,
OLAPLEX HLDGS INC,679369108,3063,823300,,
DISC MEDICINE INC,254604101,3059,68890,,
LIGAND PHARMACEUTICALS INC,53220K504,3057,42400,,LGNZZ
INVESTORS TITLE CO NC,461804106,3051,20900,,
AKEBIA THERAPEUTICS INC,00972D105,3048,3330727,,
GREIF INC,397624206,3045,39419,,
AIR T INC,009207101,3040,121111,,AIRTP
ISHARES TR,46435U853,3029,85800,,
AURORA CANNABIS INC,05156X884,3018,5645827,,ACB
TRANSACT TECHNOLOGIES INC,892918103,3013,336237,,TACT
GORMAN RUPP CO,383082104,3007,104300,,GRC
SMARTFINANCIAL INC,83190L208,3004,139674,,SMBK
CHERRY HILL MTG INVT CORP,164651101,2994,619884,,
LIVEPERSON INC,538146101,2987,660800,,LPSN
OIL STS INTL INC,678026105,2983,399386,,
DLH HLDGS CORP,23335Q100,2982,290927,,
PLANET FITNESS INC,72703H101,2974,44100,,
GANNETT CO INC,36472T109,2973,1321217,,
CION INVT CORP,17259U204,2970,286088,,
PAGSEGURO DIGITAL LTD,G68707101,2968,314364,,PAGS
CYMABAY THERAPEUTICS INC,23257D103,2957,270020,,
RITE AID CORP,767754872,2957,1957990,,
MESA LABS INC,59064R109,2956,23000,,
ALLOT LTD,M0854Q105,2954,934806,,ALLT
OPPENHEIMER HLDGS INC,683797104,2945,73300,,
MIX TELEMATICS LTD,60688N102,2933,464100,,
BLOOMIN BRANDS INC,094235108,2930,108947,,
INNOVATIVE SOLUTIONS & SUPPO,45769N105,2929,408510,,
GREEN PLAINS INC,393222104,2926,90743,,GPRE
ALTO INGREDIENTS INC,021513106,2925,1012121,,
NERDWALLET INC,64082B102,2925,310866,,
ISHARES SILVER TR,46428Q109,2920,139800,,
NATIONAL STORAGE AFFILIATES,637870106,2915,83700,,
YATSEN HLDG LTD,985194109,2912,2882746,,
CUTERA INC,232109108,2909,192298,,
TESSCO TECHNOLOGIES INC,872386107,2906,324737,,
KONINKLIJKE PHILIPS N V,500472303,2903,133860,,
VANECK ETF TRUST,92189F437,2899,104400,,
COMPX INTL INC,20563P101,2892,132644,,
ZILLOW GROUP INC,98954M200,2890,57500,,
MARCUS & MILLICHAP INC,566324109,2886,91600,,
FLEXSTEEL INDS INC,339382103,2884,150893,,
FIRST BANCORP INC ME,31866P102,2881,118363,,
CAMBIUM NETWORKS CORP,G17766109,2875,188900,,CMBMF
CAPSTAR FINL HLDGS INC,14070T102,2865,233499,,
GSI TECHNOLOGY INC,36241U106,2864,517850,,GSIT
BRIGHTSPHERE INVT GROUP INC,10948W103,2862,136600,,
CODEXIS INC,192005106,2860,1021588,,
RISKIFIED LTD,M8216R109,2860,588454,,RSKD
VISTEON CORP,92839U206,2858,19900,,VC
STEPAN CO,858586100,2857,29900,,SCL
QUAD / GRAPHICS INC,747301109,2851,758300,,
ARROW ELECTRS INC,042735100,2836,19800,,
GLAUKOS CORP,377322102,2834,39792,,GKOS
FARO TECHNOLOGIES INC,311642102,2831,174742,,
KODIAK SCIENCES INC,50015M109,2826,409500,,KOD
MAXIMUS INC,577933104,2823,33400,,
SASOL LTD,803866300,2823,228000,,SASOF
MONARCH CASINO & RESORT INC,609027107,2818,40000,,MCRI
AMERICAN NATL BANKSHARES INC,027745108,2811,96991,,
ENSTAR GROUP LIMITED,G3075P101,2809,11500,,
SHORE BANCSHARES INC,825107105,2803,242495,,SHBI
FIRST TR EXCHANGE TRAD FD VI,33739H101,2801,123000,,
SOLARWINDS CORP,83417Q204,2798,272700,,
AMPLIFY ENERGY CORP NEW,03212B103,2797,413100,,AMPY
TRINSEO PLC,G9059U107,2796,220700,,TSEOQ
ISHARES INC,464286822,2785,44793,,
GLOBAL X FDS,37954Y343,2768,64476,,
AMERICAN VANGUARD CORP,030371108,2765,154752,,AVD
ISHARES TR,464288182,2764,41600,,
MANNKIND CORP,56400P706,2753,676345,,MNKD
KEROS THERAPEUTICS INC,492327101,2748,68400,,
VITA COCO CO INC,92846Q107,2746,102200,,
EVERBRIDGE INC,29978A104,2744,102000,,
GCM GROSVENOR INC,36831E108,2740,363400,,GCMG
ARK ETF TR,00214Q104,2737,62000,,
I3 VERTICALS INC,46571Y107,2730,119415,,
INTEGRA LIFESCIENCES HLDGS C,457985208,2727,66300,,
PROSHARES TR,74347B201,2725,92700,,
F&G ANNUITIES & LIFE INC,30190A104,2716,109600,,
HOWARD HUGHES CORP,44267D107,2715,34400,,
EXPENSIFY INC,30219Q106,2711,339700,,
CLEARWATER PAPER CORP,18538R103,2709,86500,,CLW
QUINSTREET INC,74874Q100,2699,305700,,
UNISYS CORP,909214306,2691,676233,,UIS
GLOBAL X FDS,37954Y475,2685,65400,,
PENNS WOODS BANCORP INC,708430103,2684,107219,,
HIRERIGHT HOLDINGS CORPORATI,433537107,2679,236900,,
PALOMAR HLDGS INC,69753M105,2676,46100,,
ISHARES TR,46432F339,2670,19800,,
ORIC PHARMACEUTICALS INC,68622P109,2667,343700,,
FIRST TR EXCHNG TRADED FD VI,33740F888,2651,109700,,
G III APPAREL GROUP LTD,36237H101,2648,137403,,
OLEMA PHARMACEUTICALS INC,68062P106,2645,292900,,
CULLINAN ONCOLOGY INC,230031106,2643,245600,,
FORMFACTOR INC,346375108,2641,77168,,FORM
FLEX LNG LTD,G35947202,2634,86284,,FLNG
PLYMOUTH INDL REIT INC,729640102,2634,114412,,
ISHARES TR,464287101,2630,12700,,
SUN LIFE FINANCIAL INC.,866796105,2627,50400,,SLFQF
TRAVEL PLUS LEISURE CO,894164102,2622,65000,,
RECURSION PHARMACEUTICALS IN,75629V104,2615,350000,,
AMC NETWORKS INC,00164V103,2604,217900,,
FIRST CMNTY BANKSHARES INC V,31983A103,2595,87294,,
ARMSTRONG WORLD INDS INC NEW,04247X102,2586,35200,,
RENASANT CORP,75970E107,2583,98863,,RNST
DISTRIBUTION SOLUTIONS GRP I,520776105,2579,49538,,
ISHARES TR,464287861,2578,51006,,
ISHARES TR,464288273,2577,43700,,
SIRIUSPOINT LTD,G8192H106,2576,285300,,SPNT
SAGA COMMUNICATIONS INC,786598300,2575,120544,,SGA
1 800 FLOWERS COM INC,68243Q106,2571,329600,,FLWS
MULTIPLAN CORPORATION,62548M100,2563,1214800,,
YALLA GROUP LTD,98459U103,2563,587852,,YALA
ALDEYRA THERAPEUTICS INC,01438T106,2562,305356,,
BENCHMARK ELECTRS INC,08160H101,2558,99024,,
TRICON RESIDENTIAL INC,89612W102,2548,289200,,
AIR TRANSPORT SERVICES GRP I,00922R105,2538,134500,,
NATURAL ALTERNATIVES INTL IN,638842302,2537,352356,,
KINGSWAY FINL SVCS INC,496904202,2533,310815,,
ENACT HLDGS INC,29249E109,2510,99900,,
BRAEMAR HOTELS & RESORTS INC,10482B101,2507,623600,,BHR-PD
CHIMERIX INC,16934W106,2506,2071309,,
ALTISOURCE PORTFOLIO SOLNS S,L0175J104,2501,438722,,
N-ABLE INC,62878D100,2497,173300,,
LAUREATE EDUCATION INC,518613203,2495,206400,,
NEWPARK RES INC,651718504,2486,475376,,
ISHARES INC,464286640,2474,84800,,
TARGET HOSPITALITY CORP,87615L107,2470,184036,,TH
AGORA INC,00851L103,2465,787600,,
LIFEWAY FOODS INC,531914109,2465,376403,,
GEO GROUP INC NEW,36162J106,2454,342791,,GEO
NETSCOUT SYS INC,64115T104,2454,79300,,
INTERNATIONAL MNY EXPRESS IN,46005L101,2443,99600,,
SPDR SER TR,78464A854,2434,46700,,
MCGRATH RENTCORP,580589109,2432,26295,,MGRC
INOVIO PHARMACEUTICALS INC,45773H201,2427,5436281,,
VANGUARD WORLD FD,921910725,2422,45600,,
SCHOLASTIC CORP,807066105,2419,62201,,SCHL
BIG LOTS INC,089302103,2418,273800,,
PIMCO ETF TR,72201R783,2417,26500,,
BWX TECHNOLOGIES INC,05605H100,2412,33700,,
ABM INDS INC,000957100,2410,56500,,
TRUEBLUE INC,89785X101,2410,136061,,
WEAVE COMMUNICATIONS INC,94724R108,2403,216300,,
HAIN CELESTIAL GROUP INC,405217100,2401,191922,,HAIN
RCI HOSPITALITY HLDGS INC,74934Q108,2401,31600,,
JAMES RIV GROUP LTD,G5005R107,2398,131300,,
INHIBRX INC,45720L107,2396,92300,,
LAKELAND FINL CORP,511656100,2395,49351,,
VIEMED HEALTHCARE INC,92663R105,2389,244300,,
H & E EQUIPMENT SERVICES INC,404030108,2388,52200,,
INTER PARFUMS INC,458334109,2380,17600,,
ALPHA PRO TECH LTD,020772109,2378,597486,,APT
HILLMAN SOLUTIONS CORP,431636109,2373,263429,,HLMN
EASTERN CO,276317104,2367,130837,,EML
CASTLE BIOSCIENCES INC,14843C105,2365,172400,,CSTL
INTEVAC INC,461148108,2365,630577,,
BANCO MACRO SA,05961W105,2364,89595,,
PANGAEA LOGISTICS SOLUTION L,G6891L105,2357,348100,,
BARCLAYS PLC,06738E204,2355,299600,,BCLYF
HEALTHEQUITY INC,42226A107,2355,37300,,
NEKTAR THERAPEUTICS,640268108,2354,4091681,,NKTR
MEREO BIOPHARMA GROUP PLC,589492107,2348,1778772,,MREO
LIQUIDIA CORPORATION,53635D202,2346,298800,,LQDA
ORGANOGENESIS HLDGS INC,68621F102,2344,706102,,
INVESCO EXCHANGE TRADED FD T,46137V357,2334,15600,,
RXO INC,74982T103,2333,102900,,
WASHINGTON TR BANCORP INC,940610108,2332,87000,,
VIVID SEATS INC,92854T100,2331,294269,,SEATW
ALTIMMUNE INC,02155H200,2325,658700,,
INVESCO ACTVELY MNGD ETC FD,46090F100,2320,170534,,
KARUNA THERAPEUTICS INC,48576A100,2320,10700,,
KORNIT DIGITAL LTD,M6372Q113,2317,78900,,KRNT
DIMENSIONAL ETF TRUST,25434V708,2316,85300,,
J P MORGAN EXCHANGE TRADED F,46641Q191,2316,42800,,
HERITAGE FINL CORP WASH,42722X106,2311,142889,,
BITFARMS LTD,09173B107,2307,1568900,,
WISDOMTREE TR,97717W422,2307,66300,,
SERVISFIRST BANCSHARES INC,81768T108,2305,56320,,
SCHWAB STRATEGIC TR,808524755,2301,71261,,
NERDY INC,64081V109,2299,551300,,NRDY
PROS HOLDINGS INC,74346Y103,2298,74600,,
GLOBAL NET LEASE INC,379378201,2297,223398,,
FORTUNE BRANDS INNOVATIONS I,34964C106,2295,31900,,
CANNAE HLDGS INC,13765N107,2292,113405,,
CCC INTELLIGENT SOLUTIONS HL,12510Q100,2282,203600,,
COMPANHIA PARANAENSE ENERG C,20441B605,2281,264900,,
REV GROUP INC,749527107,2281,172026,,
INVITAE CORP,46185L103,2279,2017082,,
PERFORMANT FINL CORP,71377E105,2277,843463,,
ADAPTIVE BIOTECHNOLOGIES COR,00650F109,2271,338500,,
ALIGHT INC,01626W101,2268,245500,,
ZYMEWORKS INC,98985Y108,2265,262137,,ZYME
AFC GAMMA INC,00109K105,2260,181500,,
MILLER INDS INC TENN,600551204,2256,63600,,
COMMUNITY HEALTH SYS INC NEW,203668108,2251,511493,,
DATA I O CORP,237690102,2250,524543,,
XERIS BIOPHARMA HOLDINGS INC,98422E103,2250,858694,,
PALO ALTO NETWORKS INC,697435105,2248,8800,,PANW
ALLETE INC,018522300,2238,38599,,
LTC PPTYS INC,502175102,2229,67500,,
BANC OF CALIFORNIA INC,05990K106,2225,192113,,
CHINA AUTOMOTIVE SYS INC,16936R105,2225,452294,,
TPG INC,872657101,2224,76000,,TPGXL
VERACYTE INC,92337F107,2224,87299,,
AEROVIRONMENT INC,008073108,2213,21636,,AVAV
LANDSEA HOMES CORP,51509P103,2210,236600,,
BOOZ ALLEN HAMILTON HLDG COR,099502106,2209,19794,,
CAESARSTONE LTD,M20598104,2197,419211,,CSTE
MIRION TECHNOLOGIES INC,60471A101,2184,258496,,
APOGEE ENTERPRISES INC,037598109,2183,45983,,
PROPHASE LABS INC,74345W108,2182,300510,,
AMPLIFY ETF TR,032108409,2180,60561,,
GARRETT MOTION INC,366505105,2177,287532,,GTX
EMEREN GROUP LTD,75971T301,2171,572800,,
AMERICAN WOODMARK CORPORATIO,030506109,2167,28371,,
TRUIST FINL CORP,89832Q109,2164,71317,,
SENDAS DISTRIBUIDORA S A,81689T104,2157,149700,,
INDEPENDENT BANK GROUP INC,45384B106,2156,62443,,
ASSETMARK FINL HLDGS INC,04546L106,2153,72600,,
ARCOSA INC,039653100,2144,28300,,
MONTAUK RENEWABLES INC,61218C103,2143,288010,,
PRIMIS FINANCIAL CORP,74167B109,2143,254470,,FRST
CONTEXTLOGIC INC,21077C305,2142,325477,,
ALPS ETF TR,00162Q452,2141,54600,,
COMPANIA DE MINAS BUENAVENTU,204448104,2141,291297,,
FIRST FINL BANKSHARES INC,32020R109,2140,75108,,
EVERSPIN TECHNOLOGIES INC,30041T104,2139,232206,,MRAM
RF INDS LTD,749552105,2138,515108,,
AIRGAIN INC,00938A104,2137,395653,,AIRG
HOMESTREET INC,43785V102,2137,360900,,
THE NECESSITY RETAIL REIT IN,02607T109,2130,315100,,
ISHARES TR,464287663,2129,27200,,
ACCO BRANDS CORP,00081T108,2128,408500,,ACCO
FIRST TR EXCHANGE-TRADED FD,33738D101,2114,78300,,
HELIX ENERGY SOLUTIONS GRP I,42330P107,2112,286126,,
NEWMONT CORP,651639106,2107,49400,,
TINGO GROUP INC,55328R109,2107,1741234,,
CBL & ASSOC PPTYS INC,124830878,2100,95300,,
WW INTL INC,98262P101,2097,312012,,
NORTHEAST CMNTY BANCORP INC,664121100,2095,140800,,
FTI CONSULTING INC,302941109,2092,11000,,
BRF SA,10552T107,2086,1098060,,
ALTA EQUIPMENT GROUP INC,02128L106,2085,120300,,ALTG-PA
AMERICAN OUTDOOR BRANDS INC,02875D109,2074,238968,,
ORION ENERGY SYS INC,686275108,2073,1272007,,
TARSUS PHARMACEUTICALS INC,87650L103,2069,114500,,
BIOATLA INC,09077B104,2062,687472,,
TTEC HLDGS INC,89854H102,2062,60922,,
KRONOS BIO INC,50107A104,2059,1197300,,
IHEARTMEDIA INC,45174J509,2054,564327,,
UNIVERSAL ELECTRS INC,913483103,2049,213023,,
RAYONIER INC,754907103,2048,65215,,RYN
TEXTAINER GROUP HOLDINGS LTD,G8766E109,2048,52000,,
COUSINS PPTYS INC,222795502,2044,89631,,
DXP ENTERPRISES INC,233377407,2043,56100,,DXPE
TRIPLE FLAG PRECIOUS METAL,89679M104,2042,148200,,
RIGEL PHARMACEUTICALS INC,766559603,2040,1581126,,RIGL
ARS PHARMACEUTICALS INC,82835W108,2039,304300,,
AQUESTIVE THERAPEUTICS INC,03843E104,2030,1230196,,
TRUSTMARK CORP,898402102,2030,96103,,TRMK
ISHARES TR,464288356,2027,35600,,
GULF IS FABRICATION INC,402307102,2026,623424,,
HAWAIIAN HOLDINGS INC,419879101,2026,188100,,
AMERICAN CENTY ETF TR,025072885,2023,26900,,
AMREP CORP,032159105,2023,112800,,AXR
AMERICAN EQTY INVT LIFE HLD,025676206,2022,38800,,
BANK MARIN BANCORP,063425102,2017,114168,,
OTTER TAIL CORP,689648103,2014,25504,,OTTR
ISHARES TR,464287689,2010,7900,,
HAMILTON LANE INC,407497106,2002,25031,,HLNE
EVERQUOTE INC,30041R108,1993,306628,,
EAGLE BANCORP INC MD,268948106,1991,94080,,
KURA ONCOLOGY INC,50127T109,1990,188100,,
AMCON DISTRG CO,02341Q205,1989,9796,,
ISHARES INC,464286145,1987,76800,,
SOUTHERN FIRST BANCSHARES,842873101,1980,80007,,
FIRST WATCH RESTAURANT GROUP,33748L101,1979,117100,,
NORTHWEST NAT HLDG CO,66765N105,1978,45946,,
WEC ENERGY GROUP INC,92939U106,1968,22302,,
LUTHER BURBANK CORP,550550107,1967,220568,,
HF SINCLAIR CORP,403949100,1966,44082,,DINO
JACK IN THE BOX INC,466367109,1951,20000,,JACK
ISHARES TR,46432F396,1947,13500,,
SPDR SER TR,78468R606,1946,85200,,
SPDR SER TR,78464A409,1940,31800,,
ADVERUM BIOTECHNOLOGIES INC,00773U108,1934,1216641,,
HEALTH CATALYST INC,42225T107,1933,154600,,
GOODYEAR TIRE & RUBR CO,382550101,1932,141254,,
CYTOMX THERAPEUTICS INC,23284F105,1931,1122400,,
VANGUARD ADMIRAL FDS INC,921932505,1931,7600,,
EQUITY BANCSHARES INC,29460X109,1925,84500,,EQBK
HARBORONE BANCORP INC NEW,41165Y100,1923,221546,,
CSP INC,126389105,1921,161263,,
LENNAR CORP,526057302,1921,17000,,
FOUR CORNERS PPTY TR INC,35086T109,1920,75600,,
VERRA MOBILITY CORP,92511U102,1919,97300,,VRRM
INTREPID POTASH INC,46121Y201,1917,84471,,
ENVELA CORP,29402E102,1914,260004,,ELA
GRUPO AVAL ACCIONES Y VALORE,40053W101,1908,822253,,
UNIVERSAL STAINLESS & ALLOY,913837100,1907,136100,,
ROCKWELL MED INC,774374300,1906,349115,,
SPDR INDEX SHS FDS,78463X202,1904,41400,,
AFYA LTD,G01125106,1902,135500,,AFYA
ANDERSONS INC,034164103,1897,41100,,
AVANGRID INC,05351W103,1895,50300,,
BAR HBR BANKSHARES,066849100,1889,76684,,
PROSHARES TR,74348A467,1886,20000,,
RUSH STREET INTERACTIVE INC,782011100,1883,603600,,
FORWARD AIR CORP,349853101,1882,17739,,FWRD
PETCO HEALTH & WELLNESS CO I,71601V105,1882,211500,,
ROCKY MTN CHOCOLATE FACTORY,77467X101,1882,351763,,
VALHI INC NEW,918905209,1875,145885,,
CARPARTS COM INC,14427M107,1873,440809,,
APPLIED DIGITAL CORP,038169207,1870,200000,,APLD
ISHARES TR,46435G334,1867,57700,,
VALENS SEMICONDUCTOR LTD,M9607U115,1866,737600,,VLNWF
WESTLAKE CORPORATION,960413102,1864,15600,,WLK
VROOM INC,92918V109,1861,1292600,,
DORMAN PRODS INC,258278100,1860,23600,,
GRUPO TELEVISA S A B,40049J206,1848,360200,,
COOPER STD HLDGS INC,21676P103,1847,129500,,
NICHOLAS FINL INC BC,65373J209,1844,368751,,
TETRA TECHNOLOGIES INC DEL,88162F105,1843,545222,,TTI
VANECK ETF TRUST,92189F817,1843,138600,,
FIDELITY NATIONAL FINANCIAL,31620R303,1840,51099,,
ISHARES INC,464286665,1837,43500,,
SCHWAB STRATEGIC TR,808524771,1836,31900,,
VERADIGM INC,01988P108,1832,145365,,
DBX ETF TR,233051200,1829,51700,,
GERMAN AMERN BANCORP INC,373865104,1829,67299,,
LIBERTY LATIN AMERICA LTD,G9001E102,1824,208500,,LILAP
PARKE BANCORP INC,700885106,1824,107347,,
CECO ENVIRONMENTAL CORP,125141101,1819,136183,,CECO
ISHARES INC,46434G764,1819,35000,,
BLUEBIRD BIO INC,09609G100,1810,550200,,
BICYCLE THERAPEUTICS PLC,088786108,1809,70900,,BCYC
HUDSON GLOBAL INC,443787205,1809,84002,,
VIRIDIAN THERAPEUTICS INC,92790C104,1808,76000,,
OPERA LTD,68373M107,1796,90400,,OPRA
DURECT CORP,266605500,1795,362526,,
MONTROSE ENVIRONMENTAL GROUP,615111101,1795,42616,,
ASPEN AEROGELS INC,04523Y105,1794,227400,,ASPN
NATWEST GROUP PLC,639057207,1792,292800,,RBSPF
EHEALTH INC,28238P109,1791,222728,,
LINDSAY CORP,535555106,1790,15000,,LNN
VERITIV CORP,923454102,1785,14207,,
BRP GROUP INC,05589G102,1784,72000,,
DUN & BRADSTREET HLDGS INC,26484T106,1779,153800,,
COMPASS MINERALS INTL INC,20451N101,1775,52200,,
TRANSCAT INC,893529107,1774,20800,,TRNS
HYSTER YALE MATLS HANDLING I,449172105,1770,31700,,
SKYWARD SPECIALTY INS GROUP,830940102,1770,69693,,
GALIANO GOLD INC,36352H100,1761,2984577,,GAU
ABRDN PLATINUM ETF TRUST,003260106,1753,20958,,PPLT
WIRELESS TELECOM GROUP INC,976524108,1752,834244,,
CIDARA THERAPEUTICS INC,171757107,1751,1549573,,
THE AARONS COMPANY INC,00258W108,1745,123400,,
SECURITY NATL FINL CORP,814785309,1744,196659,,
TEXAS CAP BANCSHARES INC,88224Q107,1741,33800,,
POINT BIOPHARMA GLOBAL INC,730541109,1730,190975,,
UPBOUND GROUP INC,76009N100,1728,55512,,
PDF SOLUTIONS INC,693282105,1723,38200,,PDFS
PINNACLE FINL PARTNERS INC,72346Q104,1716,30296,,
DOCEBO INC,25609L105,1711,43400,,DCBO
EASTMAN KODAK CO,277461406,1710,370049,,KODK
MATTERPORT INC,577096100,1710,542700,,
INTERFACE INC,458665304,1707,194200,,TILE
PRECIGEN INC,74017N105,1706,1483590,,
AVITA MEDICAL INC,05380C102,1701,100000,,
DOUYU INTL HLDGS LTD,25985W105,1701,1620426,,
DECIPHERA PHARMACEUTICALS IN,24344T101,1698,120600,,
CAPITAL GROUP GBL GROWTH EQT,14020X104,1695,69800,,
GENERATION BIO CO,37148K100,1695,308100,,
LANTRONIX INC,516548203,1695,402694,,LTRX
EMBECTA CORP,29082K105,1689,78200,,EMBC
BREAD FINANCIAL HOLDINGS INC,018581108,1687,53742,,
PERMA-PIPE INTL HLDGS INC,714167103,1685,177193,,
WISDOMTREE TR,97717X594,1683,41900,,
ISHARES INC,464286533,1682,30600,,
CREDICORP LTD,G2519Y108,1681,11385,,BAP
ISHARES INC,464286509,1680,48000,,
ISHARES TR,46434V738,1674,31803,,
LOMA NEGRA C I A S A MTN,54150E104,1671,245801,,
ESPEY MFG & ELECTRS CORP,296650104,1670,99712,,
YEXT INC,98585N106,1670,147700,,
APPLIED OPTOELECTRONICS INC,03823U102,1669,280100,,
BROOKFIELD REINS LTD,G16250105,1669,49300,,
PROFIRE ENERGY INC,74316X101,1668,1356195,,
DAY ONE BIOPHARMACEUTICALS I,23954D109,1662,139164,,
ISHARES TR,464289867,1662,32300,,
TPG RE FIN TR INC,87266M107,1661,224194,,
BEIGENE LTD,07725L102,1658,9300,,
STEEL CONNECT INC,858098205,1649,196779,,
TENNANT CO,880345103,1646,20290,,TNC
HILLTOP HOLDINGS INC,432748101,1645,52284,,HTH
HURCO CO,447324104,1643,75894,,
ONESPAN INC,68287N100,1642,110670,,OSPN
MADISON SQUARE GARDEN ENTMT,558256103,1641,48800,,
HIVE BLOCKCHAIN TECHNLGIES L,43366H704,1637,353500,,
BAYTEX ENERGY CORP,07317Q105,1635,501097,,BTE
QUEST RESOURCE HLDG CORP,74836W203,1633,250392,,
POSTAL REALTY TRUST INC,73757R102,1631,110850,,
CODORUS VY BANCORP INC,192025104,1630,83138,,
INFINERA CORP,45667G103,1630,337500,,
IGM BIOSCIENCES INC,449585108,1624,176000,,
INVESCO EXCH TRADED FD TR II,46138E511,1624,142852,,
BK TECHNOLOGIES CORPORATION,05587G203,1621,97870,,BKTI
ROOT INC,77664L207,1621,181316,,
ARES MANAGEMENT CORPORATION,03990B101,1619,16800,,ARES-PB
LUXFER HLDGS PLC,G5698W116,1614,113400,,
CROWN CRAFTS INC,228309100,1611,321516,,CRWS
GREENTREE HOSPITALITY GROUP,39579V100,1610,310804,,GHG
NEXA RES S A,L67359106,1608,330920,,
KEZAR LIFE SCIENCES INC,49372L100,1607,655982,,
KITE RLTY GROUP TR,49803T300,1606,71903,,
FARMERS NATIONAL BANC CORP,309627107,1602,129484,,
BEL FUSE INC,077347201,1601,27600,,
CENTRAL PUERTO S A,155038201,1596,230236,,
NCINO INC,63947X101,1596,53000,,
SYPRIS SOLUTIONS INC,871655106,1593,780821,,SYPR
AMERISERV FINL INC,03074A102,1592,626929,,
VANGUARD SCOTTSDALE FDS,92206C680,1592,22500,,
STARTEK INC,85569C107,1587,543500,,
BANCO BBVA ARGENTINA S A,058934100,1580,257746,,
SOLO BRANDS INC,83425V104,1579,278926,,
AMERICAN CENTY ETF TR,025072802,1577,27400,,
ATLAS ENERGY SOLUTIONS INC,04930R107,1575,90700,,AESI
ADVANSIX INC,00773T101,1574,45000,,ASIX
ISHARES TR,46434V803,1572,50700,,
TURTLE BEACH CORP,900450206,1571,134870,,TBCH
SOUNDTHINKING INC,82536T107,1566,71632,,
SPDR SER TR,78468R408,1564,63300,,
HERITAGE GLOBAL INC,42727E103,1562,431617,,HGBL
D MARKET ELECTR SVCS & TRADI,23292B104,1560,928510,,
READING INTL INC,755408101,1556,587290,,
ISHARES INC,464286707,1553,40318,,
DREAM FINDERS HOMES INC,26154D100,1547,62900,,
KEMPER CORP,488401100,1545,32010,,KMPB
UNITED GUARDIAN INC,910571108,1545,186963,,UG
REPARE THERAPEUTICS INC,760273102,1544,145900,,
KAMAN CORP,483548103,1540,63310,,
GAMBLING COM GROUP LIMITED,G3R239101,1537,150139,,
SINOVAC BIOTECH LTD,P8696W104,1537,2375841,,SVA
EPSILON ENERGY LTD,294375209,1536,287664,,EPSN
FLANIGANS ENTERPRISES INC,338517105,1536,50099,,BDL
ISHARES TR,464287234,1535,38800,,
AMPCO-PITTSBURG CORP,032037103,1534,482419,,
PAYMENTUS HOLDINGS INC,70439P108,1534,145300,,
PROSHARES TR,74347G440,1533,90300,,
HORIZON BANCORP INC,440407104,1531,147116,,
LANDMARK BANCORP INC,51504L107,1526,70024,,LARK
HIMAX TECHNOLOGIES INC,43289P106,1525,225900,,
LCNB CORP,50181P100,1525,103316,,LCNB
DIMENSIONAL ETF TRUST,25434V807,1524,46400,,
MAUI LD & PINEAPPLE INC,577345101,1520,106749,,
KLX ENERGY SERVICS HOLDNGS I,48253L205,1513,155500,,
PATRIA INVESTMENTS LIMITED,G69451105,1513,105800,,
ASTRONOVA INC,04638F108,1510,104142,,
CHICAGO ATLANTIC REAL ESTATE,167239102,1510,99700,,
ARKO CORP,041242108,1506,189400,,ARKO
DIGIMARC CORP NEW,25381B101,1504,51100,,DMRC
GREAT ELM GROUP INC,39037G109,1502,732876,,
HIGHPEAK ENERGY INC,43114Q105,1496,137500,,
COMPOSECURE INC,20459V105,1493,217597,,
URBAN ONE INC,91705J204,1493,248800,,
AVID TECHNOLOGY INC,05367P100,1492,58500,,
REPUBLIC BANCORP INC KY,760281204,1492,35100,,
ANNEXON INC,03589W102,1486,422200,,
ADVANCED ENERGY INDS,007973100,1485,13322,,
RADCOM LTD,M81865111,1483,156733,,RDCM
SEMRUSH HLDGS INC,81686C104,1480,154600,,
HMN FINL INC,40424G108,1475,78725,,
Y-MABS THERAPEUTICS INC,984241109,1468,216200,,
ISHARES TR,46434VBG4,1465,59500,,
TAPESTRY INC,876030107,1464,34200,,
SELECTQUOTE INC,816307300,1462,749786,,
APPLOVIN CORP,03831W108,1456,56600,,APP
SUMMIT HOTEL PPTYS INC,866082100,1449,222600,,
P10 INC,69376K106,1445,127900,,
THOUGHTWORKS HOLDING INC,88546E105,1444,191200,,
INVESCO EXCHANGE TRADED FD T,46137V241,1438,28500,,
CNA FINL CORP,126117100,1437,37200,,
APYX MEDICAL CORPORATION,03837C106,1436,285495,,APYX
BRINKER INTL INC,109641100,1435,39200,,
FORUM ENERGY TECHNOLOGIES IN,34984V209,1435,56063,,
IDENTIV INC,45170X205,1432,170282,,
ISHARES INC,464286392,1432,11500,,
GLOBALSTAR INC,378973408,1429,1323374,,
G1 THERAPEUTICS INC,3621LQ109,1424,571791,,
ESQUIRE FINL HLDGS INC,29667J101,1423,31100,,
C4 THERAPEUTICS INC,12529R107,1421,516898,,
CELLEBRITE DI LTD,M2197Q107,1421,197300,,CLBT
LENNAR CORP,526057104,1420,11333,,
FARMER BROS CO,307675108,1419,512300,,
CONSENSUS CLOUD SOLUTIONS IN,20848V105,1417,45695,,
NIU TECHNOLOGIES,65481N100,1409,354100,,NIU
EXCELERATE ENERGY INC,30069T101,1407,69200,,
PROSHARES TR,74347G648,1401,58700,,
ZYNEX INC,98986M103,1401,146135,,
ABRDN ETFS,003261104,1399,69400,,
LUMINAR TECHNOLOGIES INC,550424105,1398,203255,,
AADI BIOSCIENCE INC,00032Q104,1396,204122,,
ENVIVA INC,29415B103,1396,128700,,
SILVERCREST METALS INC,828363101,1396,238141,,
CURIS INC,231269200,1395,1681235,,CRIS
ISHARES TR,464289875,1394,34500,,
ADAPTIMMUNE THERAPEUTICS PLC,00653A107,1393,1506375,,ADAPY
SUNOPTA INC,8676EP108,1392,208138,,
CITIZENS & NORTHN CORP,172922106,1390,72041,,
GOLDMAN SACHS ETF TR,381430503,1388,15900,,
ISHARES TR,464288224,1386,75304,,
VANGUARD ADMIRAL FDS INC,921932703,1386,8900,,
ISHARES INC,464286608,1384,30200,,
WORTHINGTON INDS INC,981811102,1382,19900,,
SITE CTRS CORP,82981J109,1381,104500,,
CORPORACION AMER ARPTS S A,L1995B107,1379,118961,,
INVESCO EXCHANGE TRADED FD T,46137V100,1377,16300,,
ALX ONCOLOGY HLDGS INC,00166B105,1373,182800,,
8X8 INC NEW,282914100,1370,323788,,
SINCLAIR INC,829242106,1370,99155,,
STRUCTURE THERAPEUTICS INC,86366E106,1368,32900,,GPCR
HOPE BANCORP INC,43940T109,1364,162000,,HOPE
PERELLA WEINBERG PARTNERS,71367G102,1364,163800,,PWP
PERMA-FIX ENVIRONMENTAL SVCS,714157203,1364,124196,,
VICTORY CAP HLDGS INC,92645B103,1363,43200,,
HESAI GROUP,428050108,1362,129371,,HSIGF
SPECTRUM PHARMACEUTICALS INC,84763A108,1361,1417567,,
VANGUARD SCOTTSDALE FDS,92206C664,1361,18000,,
SEER INC,81578P106,1359,318300,,
SENSEONICS HLDGS INC,81727U105,1358,1779445,,
CLAROS MTG TR INC,18270D106,1356,119600,,
GOLD ROYALTY CORP,38071H106,1356,766200,,GROY-WT
BANNER CORP,06652V208,1354,30999,,BANR
CADRE HLDGS INC,12763L105,1354,62100,,
ATOSSA THERAPEUTICS INC,04962H506,1353,1074070,,
ISHARES INC,46434G830,1346,42300,,
HIPPO HLDGS INC,433539202,1344,81304,,
HOOKER FURNISHINGS CORPORATI,439038100,1344,72000,,
YATRA ONLINE INC,G98338109,1343,678136,,
OCUGEN INC,67577C105,1342,2471156,,
CAPITAL GROUP INTL FOCUS EQT,14019W109,1341,57000,,
TALARIS THERAPEUTICS INC,87410C104,1340,440800,,
ERMENEGILDO ZEGNA N V,N30577105,1338,105556,,
INOZYME PHARMA INC,45790W108,1332,239200,,
EUROPEAN WAX CTR INC,29882P106,1330,71400,,
LENSAR INC,52634L108,1330,312895,,
CIVISTA BANCSHARES INC,178867107,1327,76265,,
AKOYA BIOSCIENCES INC,00974H104,1326,179400,,
GRID DYNAMICS HLDGS INC,39813G109,1323,142994,,
MOVADO GROUP INC,624580106,1323,49300,,MOVAA
TAITRON COMPONENTS INC,874028103,1321,319629,,TAIT
TREDEGAR CORP,894650100,1321,198000,,TG
FREQUENCY ELECTRS INC,358010106,1320,199461,,
PROTALIX BIOTHERAPEUTICS INC,74365A309,1319,659300,,
VICTORY PORTFOLIOS II,92647N824,1319,22900,,
VANGUARD INDEX FDS,922908637,1318,6500,,
INVESCO EXCH TRADED FD TR II,46138E297,1312,55800,,
SONIC AUTOMOTIVE INC,83545G102,1312,27526,,SAH
ISHARES INC,46434G780,1311,70800,,
SPDR INDEX SHS FDS,78463X848,1309,50100,,
UPLAND SOFTWARE INC,91544A109,1307,363047,,
VTEX,G9470A102,1307,272263,,VTEX
EXCHANGE TRADED CONCEPTS TR,301505707,1306,22299,,
ISHARES TR,46435G425,1306,13400,,
TRINITY BIOTECH PLC,896438306,1306,1372798,,TRIB
MASTECH DIGITAL INC,57633B100,1302,131827,,
ISHARES TR,464287325,1301,15312,,
ISHARES TR,464289180,1300,67800,,
NORWOOD FINL CORP,669549107,1299,43975,,
BARK INC,68622E104,1298,976300,,
J P MORGAN EXCHANGE TRADED F,46641Q225,1297,21170,,
MANITOWOC CO INC,563571405,1297,68900,,MTW
ROCKY BRANDS INC,774515100,1296,61735,,
ATHIRA PHARMA INC,04746L104,1294,438800,,
HERITAGE INSURANCE HLDGS INC,42727J102,1294,336129,,
ARLINGTON ASSET INVST CORP,041356205,1291,278788,,
WESTAMERICA BANCORPORATION,957090103,1291,33701,,WABC
ISHARES TR,46435G102,1290,16900,,
SO YOUNG INTERNATIONAL INC,83356Q108,1287,699585,,
EDITAS MEDICINE INC,28106W103,1286,156300,,
KALVISTA PHARMACEUTICALS INC,483497103,1286,142928,,
CHEMUNG FINL CORP,164024101,1280,33322,,
NETWORK-1 TECHNOLOGIES INC,64121N109,1278,553244,,
PACTIV EVERGREEN INC,69526K105,1278,168800,,
MAGNACHIP SEMICONDUCTOR CORP,55933J203,1277,114188,,MX
PARK CITY GROUP INC,700215304,1277,126563,,
INOTIV INC,45783Q100,1276,267565,,
CPI CARD GROUP INC,12634H200,1272,54700,,PMTS
AXT INC,00246W103,1269,369012,,AXTI
PSYCHEMEDICS CORP,744375205,1268,277963,,
ORIGIN BANCORP INC,68621T102,1266,43200,,
TABULA RASA HEALTHCARE INC,873379101,1264,153200,,
XPONENTIAL FITNESS INC,98422X101,1263,73200,,
KVH INDS INC,482738101,1261,138000,,
EMBOTELLADORA ANDINA S A,29081P204,1260,102400,,
LATHAM GROUP INC,51819L107,1255,338400,,
TAT TECHNOLOGIES LTD,M8740S227,1255,168430,,TATT
COOL CO LTD,G2415A113,1254,91894,,
SUTRO BIOPHARMA INC,869367102,1253,269497,,
ALLOGENE THERAPEUTICS INC,019770106,1252,251900,,
NORTHRIM BANCORP INC,666762109,1251,31800,,NRIM
TRANSPORTADORA DE GAS SUR,893870204,1245,90361,,
VERITEX HLDGS INC,923451108,1241,69225,,
STRATTEC SEC CORP,863111100,1237,68206,,
SPDR SER TR,78464A805,1236,22700,,
AC IMMUNE SA,H00263105,1235,417979,,ACIU
CENTURY CASINOS INC,156492100,1234,173849,,
HALOZYME THERAPEUTICS INC,40637H109,1229,34080,,
HERON THERAPEUTICS INC,427746102,1229,1059100,,
CARA THERAPEUTICS INC,140755109,1228,434050,,
LIGHTINTHEBOX HLDG CO LTD,53225G102,1227,1040131,,
HIBBETT INC,428567101,1226,33788,,
TAYLOR DEVICES INC,877163105,1218,47662,,
BJS RESTAURANTS INC,09180C106,1216,38229,,BJRI
CBIZ INC,124805102,1216,22826,,
COASTAL FINL CORP WA,19046P209,1213,32207,,
ISHARES TR,464287150,1213,12400,,
PAMPA ENERGIA S A,697660207,1211,27953,,
PULMONX CORP,745848101,1211,92400,,LUNG
ABRDN SILVER ETF TRUST,003264108,1208,55300,,SIVR
STANDARD BIOTOOLS INC,34385P108,1207,625309,,LAB
ISHARES TR,464288448,1206,45800,,
BERRY CORP,08579X101,1203,174900,,
FRANKLIN STR PPTYS CORP,35471R106,1203,829879,,
KEWAUNEE SCIENTIFIC CORP,492854104,1203,79411,,
NEXTGEN HEALTHCARE INC,65343C102,1202,74076,,
ASHFORD HOSPITALITY TR INC,044103869,1200,321800,,
POWERFLEET INC,73931J109,1200,400002,,
FIRST TR NAS100 EQ WEIGHTED,337344105,1197,11200,,
ISHARES TR,464288372,1197,25500,,
ISHARES TR,46435G409,1195,46964,,
KARYOPHARM THERAPEUTICS INC,48576U106,1195,667400,,KPTI
SCHWAB STRATEGIC TR,808524300,1192,15900,,
LIFETIME BRANDS INC,53222Q103,1190,210700,,
KINIKSA PHARMACEUTICALS LTD,G5269C101,1189,84447,,
STERLING BANCORP INC,85917W102,1188,217174,,
LOANDEPOT INC,53946R106,1187,559979,,
DIVERSEY HLDGS LTD,G28923103,1186,141400,,
MALVERN BANCORP INC,561409103,1186,75302,,
COMPUGEN LTD,M25722105,1184,1038400,,CGEN
EVOLUS INC,30052C107,1184,162900,,
ANAPTYSBIO INC,032724106,1180,58000,,
MEDIAALPHA INC,58450V104,1180,114500,,
NETSOL TECHNOLOGIES INC,64115A402,1176,498401,,NTWK
BOSTON PROPERTIES INC,101121101,1175,20400,,
ISHARES TR,464289438,1173,7400,,
KELLY SVCS INC,488152208,1171,66508,,
GLADSTONE LD CORP,376549101,1170,71900,,
CHARLES & COLVARD LTD,159765106,1166,1221210,,
TRONOX HOLDINGS PLC,G9087Q102,1164,91600,,TROX
AMES NATL CORP,031001100,1161,64384,,
SENSUS HEALTHCARE INC,81728J109,1159,367934,,
GRUPO SUPERVIELLE S.A.,40054A108,1157,372069,,SUPV
FIRST CMNTY CORP S C,319835104,1156,66569,,
GRANITE PT MTG TR INC,38741L107,1154,217700,,
STELLAR BANCORP INC,858927106,1154,50396,,
IBEX LTD,G4690M101,1147,54016,,IBEX
COMMUNITY FINL CORP MD,20368X101,1145,42268,,
URSTADT BIDDLE PPTYS INC,917286106,1145,54400,,
MATRIX SVC CO,576853105,1143,194044,,
FULCRUM THERAPEUTICS INC,359616109,1138,344810,,
ATYR PHARMA INC,002120202,1137,526355,,ATYR
SECUREWORKS CORP,81374A105,1136,157140,,
TALKSPACE INC,87427V103,1132,891715,,
VANECK ETF TRUST,92189H300,1130,44200,,
RIVERVIEW BANCORP INC,769397100,1123,222804,,RVSB
SELECTA BIOSCIENCES INC,816212104,1123,1002502,,
SEMLER SCIENTIFIC INC,81684M104,1123,42800,,
NATIONAL WESTN LIFE GROUP IN,638517102,1122,2700,,
CORVUS PHARMACEUTICALS INC,221015100,1121,489673,,
CS DISCO INC,126327105,1121,136400,,
HUDSON PAC PPTYS INC,444097109,1120,265397,,
RXSIGHT INC,78349D107,1120,38900,,
ALITHYA GROUP INC,01643B106,1119,686233,,ALYAF
LIVE VENTURES INC,538142308,1117,42599,,LIVE
BLACK DIAMOND THERAPEUTICS I,09203E105,1115,220700,,
PENNANT GROUP INC,70805E109,1115,90800,,
ISHARES TR,464287713,1112,50300,,
GUARANTY BANCSHARES INC TEX,400764106,1111,41029,,
ISHARES INC,464286103,1109,49200,,
SI-BONE INC,825704109,1109,41100,,
NEXTIER OILFIELD SOLUTIONS,65290C105,1107,123868,,
PEOPLES FINL SVCS CORP,711040105,1107,25281,,
RGC RES INC,74955L103,1104,55104,,
AMERICAN CENTY ETF TR,025072877,1102,14200,,
COMPUTER PROGRAMS & SYS INC,205306103,1101,44600,,
ARK ETF TR,00214Q708,1100,52600,,
FIESTA RESTAURANT GROUP INC,31660B101,1095,137900,,
CERUS CORP,157085101,1091,443300,,CERS
EUROSEAS LTD,Y23592135,1087,50134,,ESEA
NORDSTROM INC,655664100,1087,53100,,
FIRST TR EXCHNG TRADED FD VI,33740F755,1085,43323,,
EVOLV TECHNOLOGIES HLDNGS IN,30049H102,1082,180400,,
VANGUARD WORLD FD,921910816,1082,4600,,
SPDR SER TR,78464A292,1081,32300,,
KBR INC,48242W106,1080,16600,,
CAMBRIDGE BANCORP,132152109,1078,19841,,
INVESCO EXCHANGE TRADED FD T,46137V621,1076,75009,,
FUEL TECH INC,359523107,1073,809488,,
BAIJIAYUN GROUP LTD,G0704V103,1069,130395,,RTCJF
GLOBAL X FDS,37954Y673,1065,33900,,
MIDDLEFIELD BANC CORP,596304204,1064,39712,,
VANGUARD WORLD FDS,92204A884,1063,10000,,
AWARE INC MASS,05453N100,1060,670840,,
OAK VY BANCORP OAKDALE CALIF,671807105,1060,42073,,
COGNYTE SOFTWARE LTD,M25133105,1057,173500,,CGNT
LIFECORE BIOMEDICAL INC,514766104,1056,109251,,
MARKEL GROUP INC,570535104,1053,761,,MKL
GOOD TIMES RESTAURANTS INC,382140879,1050,308868,,GTIM
SMITH & NEPHEW PLC,83175M205,1050,32550,,SNNUF
FG GROUP HOLDINGS INC,302462106,1049,546430,,
FLEXIBLE SOLUTIONS INTL INC,33938T104,1049,393045,,
MARINE PRODS CORP,568427108,1047,62102,,
FIDELITY COVINGTON TRUST,316092808,1045,8000,,
ALLOVIR INC,019818103,1044,307105,,
PROPETRO HLDG CORP,74347M108,1041,126300,,
CANTALOUPE INC,138103106,1040,130600,,
STRATA SKIN SCIENCES INC,86272A206,1038,1093153,,
ZEDGE INC,98923T104,1035,462154,,
ISHARES TR,464287481,1034,10700,,
HUT 8 MNG CORP,44812T102,1033,310700,,
PRINCETON BANCORP INC,74179A107,1031,37723,,
ASCENT INDUSTRIES CO,871565107,1030,113300,,ACNT
MICROVAST HOLDINGS INC,59516C106,1028,642460,,
NORTHERN TECHNOLOGIES INTL C,665809109,1025,95677,,
KINNATE BIOPHARMA INC,49705R105,1024,337800,,
CB FINL SVCS INC,12479G101,1023,49399,,
GOL LINHAS AEREAS INTELIGENT,38045R206,1023,187400,,
HERITAGE COMM CORP,426927109,1017,122800,,
REPAY HLDGS CORP,76029L100,1016,129800,,
TREMOR INTL LTD,89484T104,1016,141100,,
EYENOVIA INC,30234E104,1012,426810,,
PROSHARES TR,74347R131,1011,55200,,
CARTER BANKSHARES INC,146103106,1009,68200,,
VANGUARD INDEX FDS,922908538,1008,4900,,
MAIDEN HOLDINGS LTD,G5753U112,1007,479321,,
SPDR SER TR,78464A391,1007,47586,,
BAOZUN INC,06684L103,1005,251917,,BZUN
CABALETTA BIO INC,12674W109,1003,77700,,
CENTRAL VY CMNTY BANCORP,155685100,996,64456,,
LIGHTPATH TECHNOLOGIES INC,532257805,995,737200,,LPTH
PIXELWORKS INC,72581M305,995,574900,,
DIGITALBRIDGE GROUP INC,25401T603,994,67576,,
ASURE SOFTWARE INC,04649U102,992,81573,,ASUR
GLOBAL X FDS,37954Y483,992,55864,,
SOUTHERN COPPER CORP,84265V105,990,13800,,
BYLINE BANCORP INC,124411109,982,54271,,
SPDR SER TR,78468R556,979,7600,,
ARK ETF TR,00214Q401,973,16600,,
LEGEND BIOTECH CORP,52490G102,973,14100,,LEGN
MGE ENERGY INC,55277P104,973,12300,,MGEE
BROADSTONE NET LEASE INC,11135E203,971,62900,,
CEVA INC,157210105,971,38000,,CEVA
CHICAGO RIVET & MACH CO,168088102,970,37710,,
COMTECH TELECOMMUNICATIONS C,205826209,967,105817,,
VANGUARD WORLD FDS,92204A603,966,4700,,
SCHWAB STRATEGIC TR,808524888,965,28581,,
CVRX INC,126638105,963,62400,,
ASTRONICS CORP,046433108,959,48300,,ATROB
RAPT THERAPEUTICS INC,75382E109,959,51300,,
VIA RENEWABLES INC,92556D304,959,137801,,
1STDIBS COM INC,320551104,954,255200,,
SOCIETAL CDMO INC,75629F109,954,867217,,
AERSALE CORPORATION,00810F106,953,64800,,ASLE
MEI PHARMA INC,55279B301,952,144746,,
POSEIDA THERAPEUTICS INC,73730P108,950,540024,,
SEACOR MARINE HLDGS INC,78413P101,948,82900,,
ARTERIS INC,04302A104,947,138800,,
ISHARES INC,464286749,947,20500,,
CNB FINL CORP PA,126128107,946,53601,,
KFORCE INC,493732101,943,15049,,KFRC
HONEST CO INC,438333106,940,559666,,
INTL GNRL INSURANCE HLDNGS L,G4809J106,940,105134,,
ULTRALIFE CORP,903899102,937,193690,,ULBI
GOLD RESOURCE CORP,38068T105,935,1484321,,
ISHARES TR,464288760,933,8000,,
EAGLE BANCORP MONT INC,26942G100,932,70410,,
LGL GROUP INC,50186A108,932,195834,,LGL
THOR INDS INC,885160101,932,9000,,
FIDELITY COMWLTH TR,315912808,930,17200,,
SIMULATIONS PLUS INC,829214105,927,21400,,
WISDOMTREE TR,97717W281,926,19900,,
J P MORGAN EXCHANGE TRADED F,46641Q233,925,19345,,
VIKING THERAPEUTICS INC,92686J106,924,57000,,
AG MTG INVT TR INC,001228501,922,150600,,
PASSAGE BIO INC,702712100,922,979095,,
UNITED BANKSHARES INC WEST V,909907107,921,31033,,
VERRICA PHARMACEUTICALS INC,92511W108,919,159300,,VRCA
INNOVID CORP,457679108,914,838512,,
MAMMOTH ENERGY SVCS INC,56155L108,913,188972,,
INNOVAGE HLDG CORP,45784A104,912,121600,,
ISHARES TR,46434V381,912,16400,,
NEXTDECADE CORP,65342K105,911,111000,,NEXT
OPORTUN FINL CORP,68376D104,911,152669,,
IRIDEX CORP,462684101,910,419160,,IRIX
JOHNSON & JOHNSON,478160104,910,5500,,JNJ
INVESCO EXCHANGE TRADED FD T,46137V233,909,2600,,
BARNWELL INDS INC,068221100,908,356222,,
OPTIMIZERX CORP,68401U204,907,63500,,OPRX
SCHWAB STRATEGIC TR,808524201,906,17300,,
FIRST US BANCSHARES INC,33744V103,905,105821,,
EQUITY LIFESTYLE PPTYS INC,29472R108,904,13519,,
ULTRAGENYX PHARMACEUTICAL IN,90400D108,904,19600,,
PRECISION BIOSCIENCES INC,74019P108,903,1716663,,DTIL
ITERIS INC NEW,46564T107,902,227685,,
VANGUARD INTL EQUITY INDEX F,922042866,899,12900,,
FOCUS FINL PARTNERS INC,34417P100,898,17100,,
MINERVA NEUROSCIENCES INC,603380205,898,98300,,
VANGUARD SCOTTSDALE FDS,92206C813,895,11400,,
CARISMA THERAPEUTICS INC,14216R101,892,101760,,
SKYWATER TECHNOLOGY INC,83089J108,892,94700,,
DIREXION SHS ETF TR,25460G849,891,7700,,
PONCE FINANCIAL GROUP INC,732344106,891,102494,,
SPRUCE POWER HOLDING CORP,9837FR100,891,1097800,,SPRU
VIRCO MFG CO,927651109,890,213364,,
XOMA CORP DEL,98419J206,890,47100,,
ZIMVIE INC,98888T107,885,78800,,
AVINO SILVER & GOLD MINES LT,053906103,884,1339500,,
BAKKT HOLDINGS INC,05759B107,884,719100,,
LARIMAR THERAPEUTICS INC,517125100,881,281574,,
TRIO TECH INTL,896712205,880,182863,,
FIRST UTD CORP,33741H107,879,61615,,
OLO INC,68134L109,879,136000,,
EMCORE CORP,290846203,875,1162080,,
ENERFLEX LTD,29269R105,870,127700,,EFXT
ROVER GROUP INC,77936F103,870,177200,,
ALLBIRDS INC,01675A109,866,687600,,
WHOLE EARTH BRANDS INC,96684W100,866,215500,,
FTAI INFRASTRUCTURE INC,35953C106,865,234300,,FIP
EMPRESA DIST Y COMERCIAL NOR,29244A102,862,55899,,
ENTERPRISE FINL SVCS CORP,293712105,860,22000,,
SPERO THERAPEUTICS INC,84833T103,860,593431,,
ASTRA SPACE INC,04634X103,859,2330081,,
AVNET INC,053807103,858,17000,,AVT
FIRST TR EXCHANGE TRADED FD,33734X846,858,18900,,
BEAZER HOMES USA INC,07556Q881,855,30228,,BZH
WILEY JOHN & SONS INC,968223206,854,25100,,
DIMENSIONAL ETF TRUST,25434V500,850,15506,,
PERSONALIS INC,71535D106,850,452200,,
NI HLDGS INC,65342T106,848,57091,,
SUPERIOR GROUP OF CO INC,868358102,847,90698,,
UNITED STATES CELLULAR CORP,911684108,847,48062,,
SCHWAB STRATEGIC TR,808524102,843,16300,,
BAUSCH PLUS LOMB CORP,071705107,837,41700,,
BAYCOM CORP,07272M107,837,50200,,BCML
VECTIVBIO HLDG AG,H9060V101,837,49600,,
MARKFORGED HOLDING CORPORATI,57064N102,836,690911,,
EDGEWISE THERAPEUTICS INC,28036F105,833,107500,,
J P MORGAN EXCHANGE TRADED F,46641Q761,832,18800,,
QUIPT HOME MEDICAL CORP,74880P104,830,155500,,
ISHARES TR,464287622,829,3400,,
PROSHARES TR,74347B235,828,25600,,
VIRTRA INC,92827K301,826,108500,,
PRELUDE THERAPEUTICS INC,74065P101,825,183300,,PRLD
CUMBERLAND PHARMACEUTICALS I,230770109,824,560743,,
CALIFORNIA WTR SVC GROUP,130788102,822,15914,,
ISHARES TR,464289883,821,23300,,
BLADE AIR MOBILITY INC,092667104,818,207500,,
NANOSTRING TECHNOLOGIES INC,63009R109,813,200861,,
ARK ETF TR,00214Q203,812,14400,,
GLOBAL MED REIT INC,37954A204,812,88900,,
INVESCO LTD,G491BT108,809,48100,,IVZ
NATIONAL BANKSHARES INC VA,634865109,808,27670,,
PC CONNECTION INC,69318J100,807,17900,,CNXN
HELIOS TECHNOLOGIES INC,42328H109,805,12175,,
ASSEMBLY BIOSCIENCES INC,045396108,803,698000,,
NEURONETICS INC,64131A105,803,373300,,
NOAH HLDGS LTD,65487X102,803,57000,,
SPORTRADAR GROUP AG,H8088L103,802,62166,,SRAD
HOOKIPA PHARMA INC,43906K100,801,909836,,
COCA-COLA EUROPACIFIC PARTNE,G25839104,800,12428,,
COLONY BANKCORP INC,19623P101,800,84878,,CBAN
CROSSFIRST BANKSHARES INC,22766M109,798,79800,,
HELMERICH & PAYNE INC,423452101,798,22500,,
CHAMPIONS ONCOLOGY INC,15870P307,797,124891,,
DIMENSIONAL ETF TRUST,25434V724,797,23100,,
FLEXSHARES TR,33939L795,796,15202,,
INVESCO CURRENCYSHARES EURO,46138K103,796,7900,,
TWIN DISC INC,901476101,794,70493,,TWIN
BANCO ITAU CHILE,45033E105,793,226701,,
CERAGON NETWORKS LTD,M22013102,793,377835,,CRNT
MOONLAKE IMMUNOTHERAPEUTICS,61559X104,791,15500,,MLTX
GATOS SILVER INC,368036109,790,209000,,
DESTINATION XL GROUP INC,25065K104,789,161000,,
908 DEVICES INC,65443P102,787,114700,,MASS
CLIPPER RLTY INC,18885T306,787,138857,,
ISHARES INC,464286806,786,27500,,
VANGUARD SCOTTSDALE FDS,92206C730,786,3900,,
FLEXSHARES TR,33939L662,785,19400,,
NL INDS INC,629156407,785,141914,,
STERLING CHECK CORP,85917T109,785,64066,,
U S XPRESS ENTERPRISES INC,90338N202,785,127800,,
FB FINL CORP,30257X104,779,27755,,
NEOLEUKIN THERAPEUTICS INC,64049K104,778,937223,,
ALPINE INCOME PPTY TR INC,02083X103,777,47800,,
PRECISION DRILLING CORP,74022D407,776,15895,,PDS
DIMENSIONAL ETF TRUST,25434V831,775,29200,,
PURPLE INNOVATION INC,74640Y106,775,278743,,
OLINK HLDG AB,680710100,774,41300,,
SAVARA INC,805111101,774,242300,,SVRA
THREDUP INC,88556E102,772,316512,,TDUP
THE ONE GROUP HOSPITALITY IN,88338K103,771,105300,,
TAYLOR MORRISON HOME CORP,87724P106,768,15753,,
BURNING ROCK BIOTECH LTD,12233L107,766,356100,,BNR
PROSHARES TR,74347R206,766,11900,,
UROGEN PHARMA LTD,M96088105,766,74000,,URGN
GREENWICH LIFESCIENCES INC,396879108,764,79200,,
CVD EQUIP CORP,126601103,763,103582,,
LUMOS PHARMA INC,55028X109,763,231159,,
THIRD COAST BANCSHARES INC,88422P109,763,48100,,
TUYA INC,90114C107,762,403300,,TUYA
VIANT TECHNOLOGY INC,92557A101,760,164900,,DSP
ASTRIA THERAPEUTICS INC,04635X102,759,91061,,
CLEAN ENERGY FUELS CORP,184499101,759,153000,,CLNE
SILICOM LTD,M84116108,759,20600,,SILC
PHENOMEX INC,084310101,758,1546663,,
DIREXION SHS ETF TR,25460E232,757,28800,,
PEDIATRIX MEDICAL GROUP INC,58502B106,757,53300,,
VALLEY NATL BANCORP,919794107,756,97509,,
BANCOLOMBIA S A,05968L102,755,28300,,
MATIV HOLDINGS INC,808541106,755,49922,,
OPENLANE INC,48238T109,755,49600,,
ISHARES TR,46436E338,754,22500,,
PRAXIS PRECISION MEDICINES I,74006W108,754,655800,,
DIMENSIONAL ETF TRUST,25434V104,753,24300,,
SCHWAB STRATEGIC TR,808524748,753,22700,,
EVEREST RE GROUP LTD,G3223R108,752,2200,,
MERCHANTS BANCORP IND,58844R108,752,29400,,
ORION GROUP HLDGS INC,68628V308,751,267139,,
SCHNEIDER NATIONAL INC,80689H102,749,26080,,
AZURE PWR GLOBAL LTD,V0393H103,744,420316,,
ISHARES TR,464287341,744,20000,,
AMTECH SYS INC,032332504,742,77661,,
SPDR SER TR,78464A516,742,32900,,
ARBUTUS BIOPHARMA CORP,03879J100,739,321128,,ABUS
ENLIVEN THERAPEUTICS INC,29337E102,738,36150,,
I MAB,44975P103,736,246308,,
PROVIDENT BANCORP INC,74383L105,736,88880,,
VANGUARD INDEX FDS,922908595,735,3200,,
NAVIOS MARITIME HOLDINGS INC,Y62197119,733,446770,,NMPRY
AVIDITY BIOSCIENCES INC,05370A108,731,65900,,
EFFECTOR THERAPEUTICS INC,28202V108,731,880908,,
SENSTAR TECHNOLOGIES LTD,M8T77E105,731,603846,,
PORCH GROUP INC,733245104,730,529000,,
CO-DIAGNOSTICS INC,189763105,726,653700,,
IMPERIAL OIL LTD,453038408,726,14195,,IMO
STEELCASE INC,858155203,726,94100,,
KOPIN CORP,500600101,725,337164,,KOPN
AMERICAN CENTY ETF TR,025072703,723,12600,,
CHROMADEX CORP,171077407,723,460539,,
GOLDEN ENTMT INC,381013101,723,17296,,
STONERIDGE INC,86183P102,719,38119,,SRI
NLIGHT INC,65487K100,715,46400,,
MARTEN TRANS LTD,573075108,714,33200,,
SEVEN HILLS REALTY TRUST,81784E101,713,69492,,SEVN
PATRICK INDS INC,703343103,712,8902,,
SHATTUCK LABS INC,82024L103,711,227800,,
NKARTA INC,65487U108,710,324000,,
DALLASNEWS CORPORATION,235050101,709,182251,,
ADVISORSHARES TR,00768Y453,708,127762,,
BIO RAD LABS INC,090572108,705,1900,,
DIMENSIONAL ETF TRUST,25434V815,704,27400,,
EASTERLY GOVT PPTYS INC,27616P103,703,48517,,
LIANBIO,53000N108,703,308500,,LIANY
OMNIAB INC,68218J103,703,139859,,
SCHOLAR ROCK HLDG CORP,80706P103,700,92900,,
INSTIL BIO INC,45783C101,699,1268016,,
BARCLAYS BANK PLC,06738C778,697,22800,,JJETF
OPKO HEALTH INC,68375N103,697,321353,,
VANGUARD WORLD FDS,92204A876,697,4900,,
CLEARONE INC,18506U104,694,838072,,CLRO
UTSTARCOM HOLDINGS CORP,G9310A122,692,195926,,UTSI
BLEND LABS INC,09352U108,690,728860,,
GREENHILL & CO INC,395259104,689,47000,,
USIO INC,917313108,688,369941,,
COUCHBASE INC,22207T101,687,43400,,
INVESCO EXCHANGE TRADED FD T,46137V613,687,4200,,
CONTAINER STORE GROUP INC,210751103,682,217212,,
GALERA THERAPEUTICS INC,36338D108,680,217900,,
MARINUS PHARMACEUTICALS INC,56854Q200,680,62600,,
VANGUARD WHITEHALL FDS,921946794,677,10705,,
AMERIS BANCORP,03076K108,676,19769,,ABCB
ZEVRA THERAPEUTICS INC,488445206,673,131900,,
ENERPAC TOOL GROUP CORP,292765104,670,24800,,EPAC
PROSHARES TR,74347B425,670,48300,,
SMITH MICRO SOFTWARE INC,832154207,669,602500,,
COMSTOCK HLDG COS INC,205684202,668,159464,,
ISHARES TR,464287606,668,8900,,
S & T BANCORP INC,783859101,666,24500,,
HUTCHMED CHINA LTD,44842L103,665,55452,,
WESBANCO INC,950810101,662,25862,,WSBCO
PHOTRONICS INC,719405102,660,25595,,PLAB
AUDIOCODES LTD,M15342104,659,72197,,AUDC
ISHARES TR,464287291,659,10600,,
MANHATTAN BRDG CAP INC,562803106,658,130327,,
NEXPOINT REAL ESTATE FIN INC,65342V101,658,42200,,
VANGUARD WORLD FD,921910873,657,4200,,
DIREXION SHS ETF TR,25460G500,656,5400,,
DARE BIOSCIENCE INC,23666P101,654,718821,,
GAN LTD,G3728V109,654,399017,,
NGM BIOPHARMACEUTICALS INC,62921N105,654,252600,,
ISSUER DIRECT CORP,46520M204,653,34738,,
ORCHARD THERAPEUTICS PLC,68570P200,652,125218,,
ABRDN PALLADIUM ETF TRUST,003262102,649,5700,,PALL
ISHARES TR,46435G326,648,10600,,
PYXIS ONCOLOGY INC,747324101,648,253229,,
RIMINI STR INC DEL,76674Q107,646,134930,,
ABSCI CORPORATION,00091E109,644,423375,,ABSI
PLAYSTUDIOS INC,72815G108,643,130900,,
CALERES INC,129500104,637,26600,,CAL
GRAPHITE BIO INC,38870X104,635,244100,,
MISSION PRODUCE INC,60510V108,633,52200,,
TDCX INC,87190U100,632,79918,,
ISHARES TR,464287648,631,2600,,
KIMBALL ELECTRONICS INC,49428J109,631,22825,,
SCHWAB STRATEGIC TR,808524409,631,9400,,
EXPRO GROUP HOLDINGS NV,N3144W105,630,35527,,
LEXINFINTECH HLDGS LTD,528877103,627,273897,,
OP BANCORP,67109R109,624,74000,,OPBK
VANGUARD WORLD FD,921910840,623,6000,,
LIONS GATE ENTMNT CORP,535919500,621,74339,,
BOLT BIOTHERAPEUTICS INC,097702104,619,483939,,
VANGUARD WORLD FD,921910733,619,7900,,
WIPRO LTD,97651M109,617,130794,,WIT
ISHARES U S ETF TR,46431W853,616,23700,,
CIMPRESS PLC,G2143T103,613,10300,,CMPR
IMMUCELL CORP,452525306,612,122389,,
CITIZENS INC,174740100,611,253494,,
MOOG INC,615394301,611,5800,,MOG-B
LATCH INC,51818V106,608,437700,,
HENNESSY ADVISORS INC,425885100,606,85825,,HNNA
REMITLY GLOBAL INC,75960P104,604,32100,,
ZHIHU INC,98955N108,604,534900,,ZHIHF
MISTRAS GROUP INC,60649T107,600,77700,,
WAVE LIFE SCIENCES LTD,Y95308105,600,164820,,WVE
DESIGN THERAPEUTICS INC,25056L103,599,95108,,
ISHARES INC,464286624,599,9100,,
VSE CORP,918284100,596,10900,,VSECU
CANOO INC,13803R102,595,1240700,,
YIREN DIGITAL LTD,98585L100,595,261465,,YRD
ACORDA THERAPEUTICS INC,00484M700,593,45561,,
ISHARES TR,464287572,593,7800,,
MEDIWOUND LTD,M68830112,593,55644,,MDWD
ISHARES TR,464287309,592,8400,,
TRUSTCO BK CORP N Y,898349204,592,20676,,
CONNS INC,208242107,591,159812,,
ELECTROMED INC,285409108,591,55204,,
RLJ LODGING TR,74965L101,591,57532,,
ARK RESTAURANTS CORP,040712101,590,31911,,ARKR
ISHARES TR,464289859,590,8900,,
COMPANHIA BRASILEIRA DE DIST,20440T300,589,153100,,
VANGUARD STAR FDS,921909768,589,10500,,
WORLD ACCEP CORPORATION,981419104,589,4398,,
ISHARES TR,464289420,587,8700,,
ORGANIGRAM HLDGS INC,68620P101,587,1505500,,
STOCK YDS BANCORP INC,861025104,587,12940,,
NAUTILUS INC,63910B102,583,477500,,
EMERALD HOLDING INC,29103W104,581,141657,,
INSPIRED ENTMT INC,45782N108,581,39500,,
NUVECTIS PHARMA INC,67080T108,581,36400,,
TIPTREE INC,88822Q103,581,38700,,TIPT
BRIGHT HEALTH GROUP INC,10920V404,580,47463,,
SPDR SER TR,78468R853,579,14900,,
VAXART INC,92243A200,578,792005,,
CITI TRENDS INC,17306X102,577,32657,,CTRN
FRP HLDGS INC,30292L107,576,10000,,
ISHARES TR,46435G474,576,22700,,
OHIO VY BANC CORP,677719106,576,23275,,
KALTURA INC,483467106,575,271100,,KLTR
SPIRE GLOBAL INC,848560108,575,1115947,,
ROCKET PHARMACEUTICALS INC,77313F106,574,28874,,
JEFFERIES FINL GROUP INC,47233W109,573,17289,,
WISDOMTREE TR,97717W307,572,9000,,
SCPHARMACEUTICALS INC,810648105,569,55886,,
ORMAT TECHNOLOGIES INC,686688102,568,7056,,
SCHWAB STRATEGIC TR,808524847,568,29100,,
VEECO INSTRS INC DEL,922417100,568,22110,,
ELTEK LTD,M40184208,567,60623,,ELTK
CUE BIOPHARMA INC,22978P106,566,155000,,
BIGLARI HLDGS INC,08986R309,563,2856,,
BABCOCK & WILCOX ENTERPRISES,05614L209,562,95308,,
SCYNEXIS INC,811292200,562,190580,,SCYX
NUVATION BIO INC,67080N101,561,311900,,NUVB
MONTE ROSA THERAPEUTICS INC,61225M102,560,81800,,
PEARSON PLC,705015105,560,53400,,PSORF
BETTERWARE DE MEXC S A P I D,P1666E105,559,43200,,
GOLDMAN SACHS ETF TR,381430107,558,17800,,
ISHARES TR,464287671,557,5700,,
CUSTOM TRUCK ONE SOURCE INC,23204X103,556,82500,,
GLOBAL SELF STORAGE INC,37955N106,556,110056,,
ASHFORD INC,044104107,555,57053,,
XTANT MED HLDGS INC,98420P308,555,597010,,
AFFINITY BANCSHARES INC,00832E103,554,47400,,
REGENXBIO INC,75901B107,554,27700,,RGNX
VANGUARD INDEX FDS,922908512,554,4000,,
DIMENSIONAL ETF TRUST,25434V799,551,22700,,
TENAYA THERAPEUTICS INC,87990A106,551,93800,,
WESCO INTL INC,95082P105,550,3074,,
INVESCO EXCH TRD SLF IDX FD,46138J833,549,24400,,
WESTERN ASSET MTG CAP CORP,95790D204,549,61928,,
CREDIT SUISSE NASSAU BRANCH,22539U602,547,7400,,
LESAKA TECHNOLOGIES INC,64107N206,544,142900,,LSAK
PERIMETER SOLUTIONS SA,L7579L106,544,88500,,
ARIS WATER SOLUTIONS INC,04041L106,543,52600,,
VERASTEM INC,92337C203,541,72665,,
INVESCO EXCH TRADED FD TR II,46138G805,539,20300,,
VS TRUST,92891H101,539,19200,,SVIX
FLEXSHARES TR,33939L407,537,13400,,
INSEEGO CORP,45782B104,537,833694,,INSG
CAE INC,124765108,535,23917,,CAE
AVROBIO INC,05455M100,534,562567,,
PACER FDS TR,69374H709,534,16100,,
MOLSON COORS BEVERAGE CO,60871R209,533,8100,,TAP
FORWARD INDS INC N Y,349862300,532,553689,,
PROSHARES TR,74347X849,531,24500,,
BRISTOW GROUP INC,11040G103,526,18300,,VTOL
NORTHWEST BANCSHARES INC MD,667340103,525,49514,,
SPDR SER TR,78464A300,525,6800,,
NORTECH SYS INC,656553104,524,54059,,
APPLIED THERAPEUTICS INC,03828A101,521,407378,,
LIBERTY TRIPADVISOR HLDGS IN,531465102,521,801600,,
FIRST TR EXCHANGE TRADED FD,33734X127,519,33200,,
KOPPERS HOLDINGS INC,50060P106,518,15200,,KOP
RILEY EXPLORATION PERMIAN IN,76665T102,517,14466,,
PARAMOUNT GLOBAL,92556H107,516,27803,,
PENUMBRA INC,70975L107,516,1500,,PEN
TURKCELL ILETISIM HIZMETLERI,900111204,515,144256,,
CASA SYS INC,14713L102,514,421400,,
SPRUCE BIOSCIENCES INC,85209E109,514,239099,,
ADICET BIO INC,007002108,511,210403,,
MATTHEWS INTL CORP,577128101,511,12000,,
BOS BETTER ONLINE SOLUTIONS,M20115180,510,151499,,BOSC
ANNALY CAPITAL MANAGEMENT IN,035710839,509,25415,,
I-80 GOLD CORP,44955L106,508,225500,,IAUX-WT
ACNB CORP,000868109,506,15256,,ACNB
CUSHMAN WAKEFIELD PLC,G2717B108,504,61603,,
ISHARES TR,464287879,504,5300,,
ASSOCIATED CAP GROUP INC,045528106,503,14200,,
PCB BANCORP,69320M109,503,34201,,PCB
SPDR SER TR,78464A821,502,7000,,
HIGHWAY HLDGS LTD,G4481U106,501,198940,,
TRITIUM DCFC LIMITED,Q9225T108,501,460080,,
AUTOZONE INC,053332102,499,200,,AZO
EMBARK TECHNOLOGY INC,29079J202,499,174630,,
SUPERIOR DRILLING PRODS INC,868153107,496,403184,,
GULF RES INC,40251W408,494,197292,,
SURFACE ONCOLOGY INC,86877M209,493,567400,,
WILLAMETTE VY VINEYARD INC,969136100,489,85752,,
KENON HLDGS LTD,Y46717107,488,21000,,
VANGUARD BD INDEX FDS,921937793,487,6500,,
FIDELITY COVINGTON TRUST,316092600,486,7700,,
MANITEX INTL INC,563420108,486,89252,,
VANGUARD WORLD FDS,92204A207,486,2500,,
WP CAREY INC,92936U109,486,7200,,
X FINL,98372W202,486,110691,,
REE AUTOMOTIVE LTD,M8287R103,485,1275500,,REEAF
BROADWIND INC,11161T207,484,126700,,
JEWETT CAMERON TRADING LTD,47733C207,484,110128,,
PACER FDS TR,69374H857,484,11900,,
HYDROFARM HLDGS GROUP INC,44888K209,483,617800,,
VITRU LTD,G9440D103,482,30068,,
UNITED INS HLDGS CORP,910710102,480,107726,,
BIOTE CORP,090683103,476,70421,,BTMD
ENDEAVOUR SILVER CORP,29258Y103,476,164700,,EXK
TELA BIO INC,872381108,476,47000,,
DESPEGAR COM CORP,G27358103,475,67436,,
KANDI TECHNOLOGIES GROUP INC,483709101,475,119900,,
UNIFI INC,904677200,475,58881,,UFI
ATS CORPORATION,00217Y104,474,10300,,
LIFESTANCE HEALTH GROUP INC,53228F101,473,51822,,
VALUE LINE INC,920437100,473,10300,,VALU
HARTE HANKS INC,416196202,471,86000,,HHS
OLD POINT FINL CORP,680194107,471,27135,,
VICARIOUS SURGICAL INC,92561V109,471,257323,,RBOTW
51TALK ONLINE EDUCATION GROU,16954L204,468,52575,,
MAINSTREET BANCSHARES INC,56064Y100,468,20649,,
ONEWATER MARINE INC,68280L101,467,12900,,ONEW
MBIA INC,55262C100,466,53974,,MBI
RUMBLEON INC,781386305,466,37700,,
TERNS PHARMACEUTICALS INC,880881107,466,53200,,
AVANOS MED INC,05350V106,465,18200,,
EXPRESS INC,30219E103,465,783300,,
EMX RTY CORP,26873J107,464,244126,,
22ND CENTY GROUP INC,90137F103,463,1209600,,
VANGUARD WORLD FDS,92204A306,463,4100,,
ADVANTAGE SOLUTIONS INC,00791N102,460,196766,,ADV
FIRST TR EXCHANGE-TRADED FD,33733E203,459,3000,,
CARDIFF ONCOLOGY INC,14147L108,458,311290,,
COFFEE HLDG CO INC,192176105,458,329164,,
NEONODE INC,64051M709,457,56600,,NEON
EPLUS INC,294268107,456,8108,,PLUS
METALLA RTY & STREAMING LTD,59124U605,456,105100,,
GLATFELTER CORPORATION,377320106,455,150700,,
EMERSON RADIO CORP,291087203,453,767888,,MSN
SONIDA SENIOR LIVING INC,140475203,453,51991,,
FIDELITY COVINGTON TRUST,316092865,452,10700,,
TECK RESOURCES LTD,878742204,451,10708,,TCKRF
INVESCO EXCH TRADED FD TR II,46138E743,450,10000,,
MANNATECH INC,563771203,450,37499,,MTEX
NAUTILUS BIOTECHNOLOGY INC,63909J108,450,116400,,
STOKE THERAPEUTICS INC,86150R107,450,42300,,
RAVE RESTAURANT GROUP INC,754198109,449,222100,,
SURGEPAYS INC,86882L204,447,61100,,
BACKBLAZE INC,05637B105,446,103100,,
RADIANT LOGISTICS INC,75025X100,446,66300,,
SCULLY ROYALTY LTD,G7T96K107,446,61214,,SRL
UFP INDUSTRIES INC,90278Q108,446,4600,,UFPI
FINVOLUTION GROUP,31810T101,445,96800,,FVGPY
NEXTCURE INC,65343E108,445,247200,,
AMERICAN RLTY INVS INC,029174109,444,20399,,
TSR INC,872885207,444,67064,,
GLOBAL X FDS,37954Y293,441,10600,,
LUNA INNOVATIONS INC,550351100,441,48301,,
TRX GOLD CORPORATION,87283P109,441,995158,,TRX
FIRST FNDTN INC,32026V104,437,109985,,
PIMCO ETF TR,72201R817,436,4600,,
AMERICAN SUPERCONDUCTOR CORP,030111207,435,69489,,
EDGEWELL PERS CARE CO,28035Q102,434,10500,,
ELECTRO-SENSORS INC,285233102,434,97800,,
QUINCE THERAPEUTICS INC,22053A107,434,288700,,
SMART SAND INC,83191H107,434,264600,,
DIREXION SHS ETF TR,25460G336,433,43900,,
OCUPHIRE PHARMA INC,67577R102,432,99600,,
SHIFT TECHNOLOGIES INC,82452T305,432,198972,,
VANGUARD INDEX FDS,922908652,432,2900,,
RENEW ENERGY GLOBAL PLC,G7500M104,430,78500,,RNWWW
FARMLAND PARTNERS INC,31154R109,429,35100,,FPI
SOLITARIO ZINC CORP,8342EP107,428,744171,,
VANECK ETF TRUST,92189F700,428,5239,,
CYTOSORBENTS CORP,23283X206,427,118900,,CTSO
DOUGLAS DYNAMICS INC,25960R105,427,14300,,
BRAINSTORM CELL THERAPEUTICS,10501E201,426,206800,,
SCHWAB STRATEGIC TR,808524508,426,6000,,
ACHILLES THERAPEUTICS PLC,00449L102,425,449733,,
HAGERTY INC,405166109,425,45400,,
REKOR SYSTEMS INC,759419104,424,238371,,
RENT THE RUNWAY INC,76010Y103,424,214300,,
DIMENSIONAL ETF TRUST,25434V203,423,15500,,
SYNCHRONOSS TECHNOLOGIES INC,87157B103,422,454327,,
M-TRON INDS INC,55380K109,421,37911,,
PROSHARES TR,74347R107,419,7200,,
ALIGOS THERAPEUTICS INC,01626L105,418,430555,,
GALECTO INC,36322Q107,418,165861,,
BIO RAD LABS INC,090572207,417,1100,,
SPDR SER TR,78464A763,417,3400,,
SES AI CORPORATION,78397Q109,416,170395,,SES-WT
VACASA INC,91854V107,414,610899,,
PEOPLES BANCORP N C INC,710577107,413,22712,,
ISHARES TR,464288802,412,4400,,
SIGMATRON INTL INC,82661L101,412,127287,,
WEYCO GROUP INC,962149100,412,15426,,WEYS
GENASYS INC,36872P103,410,157736,,GNSS
SOLID POWER INC,83422N105,410,161581,,
PLAYA HOTELS & RESORTS NV,N70544106,408,50083,,
STEREOTAXIS INC,85916J409,405,265000,,
ISHARES TR,464288570,404,4800,,
FIDELITY D & D BANCORP INC,31609R100,403,8300,,FDBC
RENEO PHARMACEUTICALS INC,75974E103,401,61114,,
PYXIS TANKERS INC,Y71726130,400,105707,,PXS
QUANTUM SI INC,74765K105,400,223256,,
UNITED SEC BANCSHARES CALIF,911460103,400,60041,,
KINGSTONE COS INC,496719105,397,339689,,
LATTICE STRATEGIES TR,518416102,397,15100,,
FIDELITY MERRIMACK STR TR,316188309,395,8697,,
ISHARES TR,46434V407,394,9500,,
COMSTOCK INC,205750300,393,538206,,LODE
ISHARES INC,464286764,393,13600,,
DINGDONG CAYMAN LTD,25445D101,392,126700,,
ALEXANDER & BALDWIN INC NEW,014491104,391,21031,,
CITIUS PHARMACEUTICALS INC,17322U207,391,326170,,
BANK MONTREAL MEDIUM,063679583,390,11100,,
CHOICEONE FINL SVCS INC,170386106,389,16900,,
IMMUNIC INC,4525EP101,389,154900,,
RVL PHARMACEUTICALS PLC,G6S41R101,389,694915,,
CARRIER GLOBAL CORPORATION,14448C104,388,7805,,CARR
VANGUARD SCOTTSDALE FDS,92206C714,388,5600,,
GEE GROUP INC,36165A102,387,755200,,JOB
AKOUSTIS TECHNOLOGIES INC,00973N102,385,121000,,
CONFORMIS INC,20717E200,384,175302,,
OPTICAL CABLE CORP,683827208,384,95003,,OCC
THESEUS PHARMACEUTICALS INC,88369M101,384,41200,,
CAPITAL GROUP GROWTH ETF,14020G101,383,15200,,
STREAMLINE HEALTH SOLUTIONS,86323X106,383,301869,,
ENVIRI CORP,415864107,382,38734,,NVRI
INVESCO EXCHANGE TRADED FD T,46137V282,382,1300,,
BUSINESS FIRST BANCSHARES IN,12326C105,381,25300,,
TELEDYNE TECHNOLOGIES INC,879360105,381,927,,TDY
WIMI HOLOGRAM CLOUD INC,97264L100,380,345900,,WIMI
ALIMERA SCIENCES INC,016259202,379,129716,,
INVESCO EXCHANGE TRADED FD T,46137V597,378,2200,,
CLEARSIDE BIOMEDICAL INC,185063104,377,336689,,
GLOBAL INDEMNITY GROUP LLC,37959R103,377,11214,,
OVID THERAPEUTICS INC,690469101,376,114700,,OVID
LIVEONE INC,53814X102,373,211700,,
111 INC,68247Q102,372,151347,,
DIMENSIONAL ETF TRUST,25434V609,371,8000,,
EVERCOMMERCE INC,29977X105,371,31300,,EVCM
MAMAMANCINI S HLDGS INC,56146T103,371,122951,,
OUTBRAIN INC,69002R103,371,75500,,
BLOOM ENERGY CORP,093712107,370,22600,,BE
OFFERPAD SOLUTIONS INC,67623L307,370,28553,,OPADW
MERUS N V,N5749R100,369,14021,,
TSCAN THERAPEUTICS INC,89854M101,369,147462,,
UNIVERSAL INS HLDGS INC,91359V107,369,23888,,
ISHARES GOLD TR,464285204,368,10100,,
OPPFI INC,68386H103,368,180606,,OPFI
CASS INFORMATION SYS INC,14808P109,367,9460,,
ISHARES TR,464287564,367,6600,,
MAGENTA THERAPEUTICS INC,55910K108,365,481700,,
5E ADVANCED MATERIALS INC,33830Q109,363,110691,,
CYTEIR THERAPEUTICS INC,23284P103,363,139800,,
RANI THERAPEUTICS HLDGS INC,753018100,363,88201,,
VANECK ETF TRUST,92189F692,362,4600,,
EURODRY LTD,Y23508107,361,25600,,EDRY
AUTOLUS THERAPEUTICS PLC,05280R100,360,151200,,AUTL
FIRST COMWLTH FINL CORP PA,319829107,359,28400,,
INVENTRUST PPTYS CORP,46124J201,359,15500,,
ISHARES TR,464288752,359,4200,,
ACTINIUM PHARMACEUTICALS INC,00507W206,358,48302,,
VINCE HLDG CORP,92719W207,357,122550,,
ABRDN PRECIOUS METALS BASKET,003263100,356,4100,,
J P MORGAN EXCHANGE TRADED F,46641Q217,356,6900,,
PACER FDS TR,69374H741,356,12200,,
WM TECHNOLOGY INC,92971A109,356,425300,,
LIBERTY MEDIA CORP DEL,531229409,354,10800,,FWONB
PAGAYA TECHNOLOGIES LTD,M7S64L115,354,253174,,PGYWW
AFFIMED N V,N01045108,353,589597,,
BLUE FOUNDRY BANCORP,09549B104,353,34900,,
EDGIO INC,53261M104,353,523231,,
IMMUNOME INC,45257U108,352,44500,,IMNM
PEOPLES BANCORP INC,709789101,352,13240,,PEBO
VANGUARD INDEX FDS,922908629,352,1600,,
ZAI LAB LTD,98887Q104,352,12700,,ZLAB
BANCO SANTANDER BRASIL S A,05967A107,351,55200,,
GLOBAL X FDS,37954Y855,351,5400,,
WISDOMTREE TR,97717X511,349,8099,,
LIFEMD INC,53216B104,348,79971,,
BRASILAGRO COMPANHIA BRASILE,10554B104,347,66912,,
FVCBANKCORP INC,36120Q101,347,32175,,
MAXCYTE INC,57777K106,347,75700,,
DBX ETF TR,233051143,345,8500,,
LISATA THERAPEUTICS INC,128058302,345,93322,,
PHX MINERALS INC,69291A100,343,110032,,
COMSCORE INC,20564W105,342,421934,,
RIBBON COMMUNICATIONS INC,762544104,342,122412,,RBBN
CELCUITY INC,15102K100,341,31056,,CELC
MESA AIR GROUP INC,590479135,341,133567,,
AUGMEDIX INC,05105P107,340,70600,,
MEDICINOVA INC,58468P206,338,146900,,MNOV
ENFUSION INC,292812104,337,30000,,
VANECK ETF TRUST,92189F429,336,19000,,
INVESCO EXCHANGE TRADED FD T,46137V365,335,4900,,
UNITY BANCORP INC,913290102,335,14200,,
TONIX PHARMACEUTICALS HLDG C,890260854,334,211421,,
J P MORGAN EXCHANGE TRADED F,46641Q209,333,6410,,
SHOE CARNIVAL INC,824889109,333,14168,,
AGF INVTS TR,00110G408,332,17701,,
GRUPO FINANCIERO GALICIA S.A,399909100,330,19166,,
FIRST GTY BANCSHARES INC,32043P106,329,29283,,
ACUTUS MED INC,005111109,328,369900,,
BRILLIANT EARTH GROUP INC,109504100,327,84200,,
RELMADA THERAPEUTICS INC,75955J402,327,132772,,
ADVENT TECHNOLOGIES HOLDNG I,00788A105,326,554100,,
BYRNA TECHNOLOGIES INC,12448X201,326,65070,,BYRN
RECON TECHNOLOGY LTD,G7415M124,326,946600,,
ATRENEW INC,00138L108,325,111300,,RERE
PIMCO ETF TR,72201R775,325,3551,,
PROQR THRAPEUTICS N V,N71542109,325,200499,,
URBAN ONE INC,91705J105,325,54300,,
ISHARES TR,46434VBD1,324,13300,,
QIWI PLC,74735M108,324,571151,,
BOGOTA FINL CORP,097235105,323,39600,,
MIND TECHNOLOGY INC,602566101,320,524436,,
MERIDIAN CORPORATION,58958P104,319,32500,,MRBK
ISHARES TR,464288307,317,5200,,
IQVIA HLDGS INC,46266C105,315,1400,,
ISHARES TR,464287549,314,800,,
GOHEALTH INC,38046W204,313,15872,,
JERASH HLDGS US INC,47632P101,313,84048,,
FIRST WESTN FINL INC,33751L105,312,16800,,
NORTHERN DYNASTY MINERALS LT,66510M204,312,1300770,,
MILESTONE PHARMACEUTICALS IN,59935V107,310,108766,,
ATRECA INC,04965G109,309,315624,,
ISHARES INC,46434G863,308,9722,,
KATAPULT HOLDINGS INC,485859102,307,340900,,
MINK THERAPEUTICS INC,603693102,306,145528,,
YUNHONG CTI LTD,98873Q100,305,154966,,
ENERGY SVCS ACQUISITION CORP,29271Q103,303,104600,,
GH RESEARCH PLC,G3855L106,303,25500,,GHRS
WHEELS UP EXPERIENCE INC,96328L205,302,258170,,UP
INVESTMENT MANAGERS SER TR I,46144X487,300,4066,,
MIRUM PHARMACEUTICALS INC,604749101,300,11600,,
WOORI FINL GROUP INC,981064108,300,11132,,
COCRYSTAL PHARMA INC,19188J409,298,124528,,
PEDEVCO CORP,70532Y303,298,325625,,PED
CITIZENS HLDG CO MISS,174715102,297,24235,,
EBANG INTL HLDGS INC,G3R33A205,297,43013,,
BGSF INC,05601C105,295,30938,,
BIGLARI HLDGS INC,08986R408,295,310,,
GENESCO INC,371532102,295,11800,,GCO
ICAD INC,44934S206,295,180990,,
EDUCATIONAL DEV CORP,281479105,294,247145,,
EQUILLIUM INC,29446K106,294,392231,,
FLUX PWR HLDGS INC,344057302,294,68211,,
ISHARES TR,464288778,294,8700,,
GUARDION HEALTH SCIENCES INC,40145Q500,293,37620,,
LYRA THERAPEUTICS INC,55234L105,292,71000,,
PERSPECTIVE THERAPEUTICS INC,46489V104,292,436926,,
PULMATRIX INC,74584P301,292,109012,,
TUNIU CORP,89977P106,291,176130,,TOUR
NUCANA PLC,67022C106,290,367433,,NCNA
CONSTRUCTION PARTNERS INC,21044C107,289,9200,,
DAILY JOURNAL CORP,233912104,289,1000,,DJCO
CALIFORNIA BANCORP INC,13005U101,288,19185,,
INVESCO EXCH TRD SLF IDX FD,46138J858,287,12200,,
URANIUM RTY CORP,91702V101,287,143400,,
CHORD ENERGY CORPORATION,674215207,286,1860,,CHRD
PARATEK PHARMACEUTICALS INC,699374302,286,129524,,
SAFEHOLD INC,78646V107,286,12062,,SAFE
PRIMEENERGY RESOURCES CORP,74158E104,285,3095,,PNRG
VANGUARD WHITEHALL FDS,921946810,285,3800,,
VINCI PARTNERS INVTS LTD,G9451V109,285,30532,,
RAFAEL HLDGS INC,75062E106,283,135315,,
SIGA TECHNOLOGIES INC,826917106,283,56136,,SIGA
SOLENO THERAPEUTICS INC,834203309,283,66054,,
CAPSTONE GREEN ENERGY CORP,14067D508,282,235044,,
BIRKS GROUP INC,09088U109,281,53000,,BGI
SCHRODINGER INC,80810D103,280,5600,,
HOME PT CAPITAL INCORPORATED,43734L106,279,120101,,
FIRST TR EXCHANGE-TRADED FD,33733E104,278,3700,,
ONCONOVA THERAPEUTICS INC,68232V801,277,234674,,
GSE SYS INC,36227K106,276,766038,,
ISHARES TR,464287887,276,2400,,
MUSTANG BIO INC,62818Q203,276,44390,,
FIVE STAR BANCORP,33830T103,275,12300,,FSBC
CREATIVE MEDIA & CMNTY TR,125525584,274,55000,,
MARKETWISE INC,57064P107,273,136400,,
ASP ISOTOPES INC,00218A105,272,479000,,ASPI
CATALYST BIOSCIENCES INC,14888D208,272,774386,,
GLOBAL X FDS,37954Y657,272,14020,,
PIMCO ETF TR,72201R205,272,5400,,
SCHWAB STRATEGIC TR,808524763,272,5400,,
INNSUITES HOSPITALITY TR,457919108,271,113300,,
KIRKLANDS INC,497498105,271,97300,,
PLUMAS BANCORP,729273102,271,7600,,PLBC
ARAVIVE INC,03890D108,270,214245,,
GRANITESHARES ETF TR,38747R827,270,3200,,
ISHARES TR,46429B689,270,4000,,
URBAN EDGE PPTYS,91704F104,270,17500,,
SPDR SER TR,78464A631,267,2200,,
SILVERBOW RES INC,82836G102,266,9121,,
FIRST TR NASDAQ 100 TECH IND,337345102,265,1800,,
HOMOLOGY MEDICINES INC,438083107,265,299100,,
NEW JERSEY RES CORP,646025106,264,5600,,
ONECONNECT FINL TECHNOLOGY C,68248T204,264,79960,,
TOMPKINS FINL CORP,890110109,263,4730,,
UNION BANKSHARES INC,905400107,263,11332,,UNB
DARIOHEALTH CORP,23725P209,261,65000,,DRIO
TANGO THERAPEUTICS INC,87583X109,261,78700,,
WAG GROUP CO,93042P109,261,124265,,
SIMPLIFY EXCHANGE TRADED FUN,82889N855,258,4116,,
DAKOTA GOLD CORP,46655E100,257,88100,,DC
ALAUNOS THERAPEUTICS INC,98973P101,256,502600,,
WISDOMTREE TR,97717W315,256,6697,,
ISHARES TR,46435G516,255,3500,,
LINDBLAD EXPEDITIONS HLDGS I,535219109,255,23400,,
PATRIOT TRANSN HLDG INC,70338W105,255,30209,,
FARMERS & MERCHANTS BANCORP,30779N105,254,11281,,FMCB
HELIOGEN INC,42329E105,254,1038717,,
U S GLOBAL INVS INC,902952100,254,82915,,
DERMTECH INC,24984K105,253,97269,,
FINANCE OF AMERICA COMPAN,31738L107,253,132400,,
LANTERN PHARMA INC,51654W101,253,44900,,LTRN
VILLAGE FARMS INTL INC,92707Y108,253,421966,,
CREATIVE REALITIES INC,22530J309,251,82203,,
AMAZON COM INC,023135106,250,1925,,AMZN
PROSHARES TR,74347G374,250,6200,,
AXOGEN INC,05463X106,249,27300,,
FATHOM HOLDINGS INC,31189V109,249,34900,,FTHM
ISHARES TR,464287846,249,2300,,
ISHARES TR,464287374,248,6400,,
ASTEC INDS INC,046224101,247,5445,,
SUNLINK HEALTH SYS INC,86737U102,246,270878,,
GIGACLOUD TECHNOLOGY INC,G38644103,245,36300,,GCT
EXSCIENTIA PLC,30223G102,244,41200,,
FORESTAR GROUP INC,346232101,244,10800,,FOR
CURIOSITYSTREAM INC,23130Q107,243,260800,,CURI
HARLEY DAVIDSON INC,412822108,243,6900,,
HAWTHORN BANCSHARES INC,420476103,243,13543,,
MOMENTUS INC,60879E101,243,770119,,MNTSW
UP FINTECH HLDG LTD,91531W106,243,85400,,
BROADWAY FINL CORP DEL,111444105,242,249109,,
STARBOX GROUP HLDGS LTD.,G8437S115,242,72377,,
AURA BIOSCIENCES INC,05153U107,241,19500,,
RED RIVER BANCSHARES INC,75686R202,241,4900,,RRBI
SCHWAB STRATEGIC TR,808524607,241,5500,,
CPI AEROSTRUCTURES INC,125919308,240,61800,,CVU
MICROBOT MED INC,59503A204,239,87695,,
NBT BANCORP INC,628778102,239,7500,,NBTB
CPS TECHNOLOGIES CORP,12619F104,238,85000,,
THE BEACHBODY COMPANY INC,073463101,238,568300,,
WISDOMTREE TR,97717W760,238,4000,,
SEADRILL 2021 LTD,G7997W102,236,5717,,
BALLYS CORPORATION,05875B106,235,15097,,
ISHARES TR,464289446,235,2200,,
SIMILARWEB LTD,M84137104,234,35600,,SMWB
GREENE CNTY BANCORP INC,394357107,232,7800,,
PARAGON 28 INC,69913P105,232,13066,,
COGNEX CORP,192422103,230,4100,,CGNX
GLOBAL X FDS,37954Y830,230,6100,,
INVESTMENT MANAGERS SER TR I,46144X842,230,27200,,
LOCKHEED MARTIN CORP,539830109,230,500,,LMT
ORLA MNG LTD NEW,68634K106,230,54700,,
REDWIRE CORPORATION,75776W103,230,90069,,RDW
EARGO INC,270087208,229,46480,,
2U INC,90214J101,228,56610,,
SOTHERLY HOTELS INC,83600C103,228,120876,,
GAIA INC NEW,36269P104,227,98400,,
INTELLICHECK INC,45817G201,227,92100,,
MONEYLION INC,60938K304,227,18863,,
OBSIDIAN ENERGY LTD,674482203,227,38772,,OBE
YOUDAO INC,98741T104,226,46800,,
LEGACY HOUSING CORP,52472M101,225,9700,,LEGH
VISTA GOLD CORP,927926303,225,433600,,VGZ
ZYNERBA PHARMACEUTICALS INC,98986X109,225,689713,,
INVESTAR HLDG CORP,46134L105,224,18475,,
RETRACTABLE TECHNOLOGIES INC,76129W105,224,195171,,RVP
SWK HLDGS CORP,78501P203,224,13400,,
BROOKFIELD RENEWABLE PARTNER,G16258108,223,7552,,
AMPLITECH GROUP INC,03211Q200,222,96279,,
CAPRICOR THERAPEUTICS INC,14070B309,222,46421,,
VANGUARD ADMIRAL FDS INC,921932778,222,2700,,
ORGANOVO HLDGS INC,68620A203,221,130646,,
AVALON HLDGS CORP,05343P109,220,86210,,
VANGUARD WORLD FDS,92204A504,220,900,,
JOHN HANCOCK EXCHANGE TRADED,47804J206,219,4400,,
SELECT SECTOR SPDR TR,81369Y860,219,5800,,
ALERUS FINL CORP,01446U103,218,12100,,
DOMA HOLDINGS INC,25703A203,218,44107,,
INVESCO EXCHANGE TRADED FD T,46137V373,218,1300,,
TERRAN ORBITAL CORPORATION,88105P103,217,144500,,
AUBURN NATL BANCORP,050473107,216,10141,,
VIZSLA SILVER CORP,92859G202,216,176800,,VZLA
ACUMEN PHARMACEUTICALS INC,00509G209,215,44800,,
SOUTH PLAINS FINANCIAL INC,83946P107,214,9500,,
AZZ INC,002474104,213,4900,,AZZ
CENTURY THERAPEUTICS INC,15673T100,213,67300,,
FORTE BIOSCIENCES INC,34962G109,213,204800,,
GAIN THERAPEUTICS INC,36269B105,213,47600,,
MIDLAND STATES BANCORP INC,597742105,213,10700,,
TREVI THERAPEUTICS INC,89532M101,213,89300,,
CENTESSA PHARMACEUTICALS PLC,152309100,212,34300,,
ENTEGRIS INC,29362U104,212,1910,,ENTG
FIRST TR EXCHANGE-TRADED FD,33738R605,211,4500,,
SPDR SER TR,78464A847,211,4600,,
SCHWAB STRATEGIC TR,808524722,210,4900,,
CRICUT INC,22658D100,209,17100,,
FIRST INTERNET BANCORP,320557101,209,14100,,INBKZ
JIANPU TECHNOLOGY INC,47738D309,209,189669,,AIJTY
SKILLFUL CRAFTSMAN ED TECH L,G8211A108,209,155100,,
WESTERN COPPER & GOLD CORP,95805V108,208,135700,,WRN
DIRECT DIGITAL HOLDINGS INC,25461T105,207,72700,,
REVIVA PHARMACEUTCLS HLDGS I,76152G100,207,35300,,
VINCERX PHARMA INC,92731L106,207,159100,,
ACHIEVE LIFE SCIENCES INC,004468500,206,39600,,
HUMACYTE INC,44486Q103,205,71600,,
SMILEDIRECTCLUB INC,83192H106,205,386412,,
BANK7 CORP,06652N107,204,8300,,BSVN
FIVE POINT HOLDINGS LLC,33833Q106,204,70700,,
FLEXSHOPPER INC,33939J303,204,159480,,
DOGNESS INTERNATIONAL CORP,G2788T103,203,278600,,
ISHARES TR,46435U713,203,5200,,
AQUABOUNTY TECHNOLOGIES INC,03842K200,202,569400,,AQB
GLYCOMIMETICS INC,38000Q102,202,116100,,
HF FOODS GROUP INC,40417F109,201,42900,,HFFG
PROTARA THERAPEUTICS INC,74365U107,200,83600,,
P3 HEALTH PARTNERS INC,744413105,199,66543,,PIIIW
BEAM GLOBAL,07373B109,198,19100,,BEEM
MAYVILLE ENGR CO INC,578605107,198,15900,,
ELECTROCORE INC,28531P202,197,40305,,
INDEPENDENCE CONTRACT DRILLI,453415606,196,71844,,
OSISKO DEVELOPMENT CORP,68828E809,196,42700,,
A K A BRANDS HLDG CORP,00152K101,191,444000,,
AMERICAN SHARED HOSPITAL SVC,029595105,191,74795,,
COMPANHIA SIDERURGICA NACION,20440W105,191,73700,,
WALKME LTD,M97628107,191,19900,,
ANIXA BIOSCIENCES INC,03528H109,190,59300,,ANIX
VIRACTA THERAPEUTICS INC,92765F108,190,134799,,
KORE GROUP HLDGS INC,50066V107,189,155300,,
SARCOS TECHN AND ROBOTICS CO,80359A106,188,583438,,
TRILOGY METALS INC NEW,89621C105,188,317300,,TMQ
GDS HLDGS LTD,36165L108,187,17000,,
GRACELL BIOTECHNOLOGIES INC,38406L103,187,49100,,
RICHMOND MUT BANCORPORATION,76525P100,184,16642,,
ENETI INC,Y2294C107,182,15000,,
HEARTCORE ENTERPRISES INC,42240Q104,182,127560,,
INMUNE BIO INC,45782T105,182,20000,,
USCB FINANCIAL HOLDINGS INC,90355N101,180,17600,,
FIRST SVGS FINL GROUP INC,33621E109,178,13400,,
AEGLEA BIOTHERAPEUTICS INC,00773J103,177,393000,,
CTO RLTY GROWTH INC NEW,22948Q101,177,10301,,
JANUX THERAPEUTICS INC,47103J105,176,14800,,
AEGON N V,007924103,168,33167,,
XBIOTECH INC,98400H102,168,28335,,XBIT
AEYE INC,008183105,167,924100,,
TERAWULF INC,88080T104,167,95200,,WULF
SCIENJOY HOLDING CORP,G7864D112,164,59700,,SJ
OPTINOSE INC,68404V100,163,132300,,
INSPIRATO INCORPORATED,45791E107,162,165500,,
SOHO HOUSE & CO INC,586001109,162,29800,,
TREVENA INC,89532E208,160,182152,,
ALPHA TEKNOVA INC,02080L102,159,59700,,
ESPERION THERAPEUTICS INC NE,29664W105,159,114300,,
FNCB BANCORP INC,302578109,159,26598,,
NEXGEN ENERGY LTD,65340P106,159,33800,,NXE
RUBICON TECHNOLOGIES INC,78112J109,159,428800,,
SIFCO INDS INC,826546103,159,64434,,
ESS TECH INC,26916J106,158,107400,,
LIZHI INC,53933L104,158,173600,,
BEASLEY BROADCAST GROUP INC,074014101,157,154321,,BBGI
BIOLINERX LTD,09071M205,157,98710,,BLRX
FTC SOLAR INC,30320C103,156,48600,,
ESCALADE INC,296056104,155,11630,,ESCA
ENLINK MIDSTREAM LLC,29336T100,154,14547,,
ICOSAVAX INC,45114M109,153,15400,,
AMMO INC,00175J107,152,71500,,
DIXIE GROUP INC,255519100,152,114000,,DXYN
HARPOON THERAPEUTICS INC,41358P106,152,213600,,
SEACHANGE INTL INC,811699404,152,18592,,
ONE STOP SYS INC,68247W109,151,52600,,
ADVANCED EMISSIONS SOLUTIONS,00770C101,150,80399,,
ENLIVEX THERAPEUTICS LTD,M4130Y106,149,56689,,
BLUE RIDGE BANKSHARES INC VA,095825105,148,16700,,
PARDES BIOSCIENCES INC,69945Q105,148,81689,,
TAYSHA GENE THERAPIES INC,877619106,148,224400,,
VYNE THERAPEUTICS INC,92941V308,148,36076,,
DAXOR CORP,239467103,147,15321,,DXR
OCEANPAL INC,Y6430L202,147,89341,,SVRN
TANTECH HLDGS LTD,G8675X149,147,55623,,
TORRID HLDGS INC,89142B107,147,52428,,
TRIVAGO N V,89686D105,147,111137,,
CELULARITY INC,151190105,146,274406,,CELU
NWTN INC,G6693P106,146,13700,,
TELESIS BIO INC,192003101,146,92300,,
SOLID BIOSCIENCES INC,83422E204,145,27670,,SLDB
SYROS PHARMACEUTICALS INC,87184Q206,145,46135,,
THE REALREAL INC,88339P101,145,65300,,
UCLOUDLINK GROUP INC,90354D104,145,57205,,UCL
ALSET INC,02115D208,144,93066,,AEI
SONNET BIOTHERAPEUTC HLDNG I,83548R204,144,293893,,
AZIYO BIOLOGICS INC,05479K106,143,60416,,
CLEVER LEAVES HOLDINGS INC,186760104,143,707634,,
PHATHOM PHARMACEUTICALS INC,71722W107,143,10000,,
CUE HEALTH INC,229790100,142,384900,,
FREQUENCY THERAPEUTICS INC,35803L108,142,409200,,
GENETRON HLDGS LTD,37186H100,142,152500,,
KEY TRONIC CORP,493144109,142,25060,,KTCC
RESEARCH SOLUTIONS INC,761025105,142,69400,,
EZGO TECHNOLOGIES LTD,G5279F102,141,85800,,EZGO
180 LIFE SCIENCES CORP,68236V203,140,119995,,
CARECLOUD INC,14167R100,140,47600,,
HECLA MNG CO,422704106,140,27200,,
HEPION PHARMACEUTICALS INC,426897302,140,13359,,
MAGYAR BANCORP INC,55977T208,139,13400,,
SIENTRA INC,82621J204,139,47270,,
SCIENCE 37 HOLDINGS INC,808644108,137,645300,,
VS TRUST,92891H408,137,30700,,SVIX
ABEONA THERAPEUTICS INC,00289Y206,135,33537,,ABEO
DIFFUSION PHARMACEUTICALS IN,253748404,135,40309,,
GRAY TELEVISION INC,389375205,135,14900,,
IO BIOTECH INC,449778109,135,69100,,
BENSON HILL INC,082490103,134,102901,,
EYEPOINT PHARMACEUTICALS INC,30233G209,134,15400,,
LEJU HLDGS LTD,50187J207,134,58199,,
REWALK ROBOTICS LTD,M8216Q200,134,222500,,
CLEAR CHANNEL OUTDOOR HLDGS,18453H106,133,97092,,
CYANOTECH CORP,232437301,133,154509,,CYAN
DECIBEL THERAPEUTICS INC,24343R106,132,34400,,
TEMPEST THERAPEUTICS INC,87978U108,131,103401,,
WEREWOLF THERAPEUTICS INC,95075A107,131,42900,,
ARTS WAY MFG INC,043168103,130,55674,,
MIND MEDICINE MINDMED INC,60255C885,130,36519,,
FINWISE BANCORP,31813A109,128,14300,,FINW
OCULAR THERAPEUTIX INC,67576A100,128,24893,,
REPUBLIC FIRST BANCORP INC,760416107,128,142246,,
ASIA PACIFIC WIRE & CABLE CO,G0535E106,127,72700,,
PURE CYCLE CORP,746228303,127,11500,,PCYO
SIGHT SCIENCES INC,82657M105,127,15300,,
FORTRESS BIOTECH INC,34960Q109,126,228427,,
MOLECULAR TEMPLATES INC,608550109,126,263328,,
ZEROFOX HLDGS INC,98955G103,126,126400,,
CELLECTAR BIOSCIENCES INC,15117F807,125,63990,,
DELCATH SYS INC,24661P807,125,21500,,
GUILD HLDGS CO,40172N107,125,11000,,
UPHEALTH INC,91532B200,125,66456,,
ATA CREATIVITY GLOBAL,00211V106,124,86644,,AACG
PERASO INC,71360T101,124,250512,,PRSO
FOCUS UNVL INC,34417J104,123,80709,,
MEXCO ENERGY CORP,592770101,123,10200,,MXC
ORAMED PHARMACEUTICALS INC,68403P203,121,33700,,ORMP
PERPETUA RESOURCES CORP,714266103,121,32886,,PPTA
AIM IMMUNOTECH INC,00901B105,120,178808,,AIM
ANTELOPE ENTERPRISE HLDGS LT,G041JN106,119,138508,,
OPTIMUMBANK HLDGS INC,68401P403,119,41300,,
FSD PHARMA INC,35954B206,118,102600,,
APTEVO THERAPEUTICS INC,03835L207,117,80186,,APVO
DATA STORAGE CORP,23786R201,117,50401,,DTST
GEOSPACE TECHNOLOGIES CORP,37364X109,117,15100,,GEOS
BOXLIGHT CORP,103197208,116,52344,,BOXL
CARVER BANCORP INC,146875604,116,43568,,CARV
CHINA LIBERAL ED HLDGS LTD,G2161Y109,116,100580,,
DSS INC,26253C102,115,319769,,
LONGBOARD PHARMACEUTICALS IN,54300N103,115,15700,,
PDS BIOTECHNOLOGY CORP,70465T107,115,22862,,PDSB
VOR BIOPHARMA INC,929033108,112,36400,,VOR
ZEPP HEALTH CORPORATION,98945L105,112,98200,,ZEPP
BRIDGELINE DIGITAL INC,10807Q700,111,94188,,
IZEA WORLDWIDE INC,46604H204,111,46025,,
SKEENA RES LTD NEW,83056P715,111,23003,,
DOMINARI HOLDINGS INC,008875304,109,37326,,DOMH
CONNECT BIOPHARMA HLDGS LTD,207523101,108,95500,,
FRANKLIN WIRELESS CORP,355184102,108,29000,,FKWL
POWER REIT,73933H101,108,65991,,PW-PA
UNITY BIOTECHNOLOGY INC,91381U200,108,42471,,
FIRST BK WILLIAMSTOWN NEW JE,31931U102,107,10270,,
INTEGRA RES CORP,45826T509,107,97193,,
XOS INC,98423B108,107,491854,,
ASLAN PHARMACEUTICALS LTD,04522R200,105,28760,,
CREXENDO INC,226552107,105,59700,,
MICROCLOUD HOLOGRAM INC,G55032109,104,33243,,HOLOW
SKILLSOFT CORP,83066P200,104,83800,,SKIL
UNITED STATES ANTIMONY CORP,911549103,104,329700,,UAMY
ADTHEORENT HOLDING COMPANY,00739D109,103,73746,,
DYNATRONICS CORP,268157500,103,137718,,
AEVA TECHNOLOGIES INC,00835Q103,102,81900,,
SENSEI BIOTHERAPEUTICS INC,81728A108,102,89500,,
CYCLACEL PHARMACEUTICALS INC,23254L603,101,170700,,
MDXHEALTH SA,58286E102,101,29700,,MDXH
NUTEX HEALTH INC,67079U108,101,238514,,NUTX
TELESAT CORP,879512309,101,10700,,TSAT
BRAINSWAY LTD,10501L106,100,43971,,BRSYF
CHEETAH MOBILE INC,163075203,100,42823,,CMCM
CONCORD MED SVCS HLDGS LTD,206277105,100,72800,,
HYCROFT MINING HOLDING CORP,44862P109,100,339000,,HYMCW
TH INTERNATIONAL LIMITED,G8656L106,100,34800,,
VAPOTHERM INC,922107107,100,225131,,
17 ED & TECHNOLOGY GROUP INC,81807M205,99,107056,,
MARKER THERAPEUTICS INC,57055L206,99,31950,,
NISUN INTL ENT DVPMT GP CO L,G6593L122,99,26768,,
ONCTERNAL THERAPEUTICS INC,68236P107,99,287000,,
RYVYL INC,39366L208,99,131907,,
LULUS FASHION LOUNGE HOLDING,55003A108,98,38600,,
CALAMP CORP,128126109,97,91094,,
SOPHIA GENETICS SA,H82027105,97,21600,,SOPH
VIRPAX PHARMACEUTICALS INC,928251107,97,89354,,
ETON PHARMACEUTICALS INC,29772L108,96,27600,,
ACER THERAPEUTICS INC,00444P108,95,102552,,
IMUNON INC,15117N602,95,74011,,
QUICKLOGIC CORP,74837P405,95,10300,,QUIK
AVEANNA HEALTHCARE HLDGS INC,05356F105,94,55400,,
ENGLOBAL CORP,293306106,94,248100,,
HYWIN HLDG LTD,44951X104,94,13600,,
REGIS CORP MINN,758932107,94,85017,,
TEAM INC,878155308,94,11369,,TISI
SALEM MEDIA GROUP INC,794093104,93,97200,,
AYTU BIOPHARMA INC,054754858,92,57323,,
IKENA ONCOLOGY INC,45175G108,92,14094,,
PREDICTIVE ONCOLOGY INC,74039M309,92,18876,,
SYNLOGIC INC,87166L100,92,214300,,
SILVERSUN TECHNOLOGIES INC,82846H207,91,27100,,
SINGULAR GENOMICS SYSTEMS IN,82933R100,91,109700,,
ARCA BIOPHARMA INC,00211Y506,90,44500,,
NANOVIRICIDES INC,630087302,90,78600,,
SONIM TECHNOLOGIES INC,83548F200,89,77234,,
ORCHESTRA BIOMED HLDGS INC,68572M106,88,12600,,
TITAN PHARMACEUTICALS INC DE,888314606,88,135610,,
AURORA INNOVATION INC,051774107,86,29400,,
OWLET INC,69120X107,86,251500,,
ALMADEN MINERALS LTD,020283305,85,658396,,AAUAF
CUMULUS MEDIA INC,231082801,85,20700,,CMLSQ
XENETIC BIOSCIENCES INC,984015602,85,25782,,
FG FINANCIAL GROUP INC,30329Y106,84,45167,,
PLURI INC,72942G104,84,105200,,PLUR
ELEDON PHARMACEUTICALS INC,28617K101,83,60373,,
EKSO BIONICS HLDGS INC,282644301,82,57606,,
EXICURE INC,30205M200,82,62900,,
OTONOMO TECHNOLOGIES LTD,M7571L103,82,204200,,
TORO CORP,Y8900D108,82,21600,,TORO
WISEKEY INTERNATIONAL HLDS L,97727L309,81,45750,,
JASPER THERAPEUTICS INC,471871103,80,58100,,
LINEAGE CELL THERAPEUTICS IN,53566P109,79,55900,,
BANK MONTREAL MEDIUM,063679591,78,10500,,
ICLICK INTERACTIVE ASIA GROU,45113Y203,78,55603,,
INDUSTRIAL LOGISTICS PPTYS T,456237106,78,23510,,
ISUN INC,465246106,78,195500,,
NEUROPACE INC,641288105,78,17300,,NPCE
SELINA HOSPITALITY PLC,G8059B101,78,76416,,
ELECTRAMECCANICA VEHS CORP,284849205,77,124175,,
REGIONAL HEALTH PPTYS INC,75903M309,76,21200,,
WILHELMINA INTL INC,968235200,76,19900,,
AKSO HEALTH GROUP,98422P108,75,214398,,AHG
INFINITY PHARMACEUTICALS INC,45665G303,75,358200,,
INTEGRATED MEDIA TECHNLOGY L,Q49376108,75,210030,,
BSQUARE CORP,11776U300,74,57000,,
MOLECULIN BIOTECH INC,60855D200,74,127400,,
PHARMACYTE BIOTECH INC,71715X203,74,25874,,
STUDIO CITY INTL HLDGS LTD,86389T106,74,10700,,
AGEAGLE AERIAL SYS INC NEW,00848K101,73,316700,,
ARRIVAL,L0423Q124,73,28216,,
FUSION FUEL GREEN PLC,G3R25D118,73,28600,,HTOO
GREENPOWER MTR CO INC,39540E302,73,28000,,
LIQTECH INTL INC,53632A300,73,22628,,
SPI ENERGY CO LTD,G8651P110,73,51976,,
STAR EQUITY HOLDINGS INC,85513Q103,73,69368,,
LAIRD SUPERFOOD INC,50736T102,72,90100,,
SHAPEWAYS HOLDINGS INC,81947T201,72,19033,,
VIOMI TECHNOLOGY CO LTD,92762J103,72,80064,,
APPLIED MOLECULAR TRANS INC,03824M109,71,273287,,
ARMATA PHARMACEUTICALS INC,04216R102,71,62396,,
BIOMX INC,09090D103,70,195495,,PHGE
VACCITECH PLC,91864C107,70,34000,,
KINETA INC,49461C102,69,26916,,
ONDAS HLDGS INC,68236H204,69,80000,,
SENTAGE HOLDINGS INC,G8062B114,69,27200,,SNTG
PRECISION OPTICS CORP INC MA,740294400,68,11000,,
REGULUS THERAPEUTICS INC,75915K309,68,46100,,
SIFY TECHNOLOGIES LTD,82655M107,68,36100,,SIFY
STABILIS SOLUTIONS INC,85236P101,68,13541,,
VASTA PLATFORM LTD,G9440A109,68,20300,,
THORNE HEALTHTECH INC,885260109,67,14200,,
ATHERSYS INC NEW,04744L205,66,76136,,
S&W SEED CO,785135104,66,54420,,
MOGU INC,608012308,65,27057,,MOGU
NEXGEL INC,65344E107,65,26031,,
AMARIN CORP PLC,023111206,64,53900,,
CAZOO GROUP LTD,G2007L204,64,54143,,
DOLPHIN ENTMT INC,25686H209,64,37400,,
METALPHA TECHN HOLDING LTD,G28365107,64,51800,,
ORGENESIS INC,68619K204,64,45899,,
ORIENTAL CULTURE HOLDING LTD,G6796W107,64,106500,,OCG
VERIFYME INC,92346X206,64,46200,,
VIRIOS THERAPEUTICS INC,92829J104,64,46400,,
CASTOR MARITIME INC,Y1146L125,63,140800,,CTRM
EQRX INC,26886C107,63,34000,,
SURROZEN INC,86889P109,63,113698,,
WHEELER REAL ESTATE INVT TR,963025705,62,101346,,
ATLANTIC AMERN CORP,048209100,61,31700,,
INTERNATIONAL TOWER HILL MIN,46050R102,61,145189,,
PHOENIX NEW MEDIA LTD,71910C202,61,31131,,FENG
PIERIS PHARMACEUTICALS INC,720795103,61,369491,,
FURY GOLD MINES LIMITED,36117T100,60,142988,,
NLS PHARMACEUTICS LTD,H57830103,60,54700,,
SHINECO INC,824567309,60,176594,,
SUNLIGHT FINANCIAL HOLDINGS,86738J106,60,206600,,
AUDIOEYE INC,050734201,59,12000,,AEYE
DATCHAT INC,23816M107,59,108900,,
ENVERIC BIOSCIENCES INC,29405E208,58,17170,,
PINEAPPLE ENERGY INC,72303P107,58,41990,,
SIDUS SPACE INC,826165102,58,320791,,SIDU
CODERE ONLINE LUXEMBOURG S A,L18268109,57,15814,,
IDAHO STRATEGIC RESOURCES,645827205,57,10600,,
PARANOVUS ENTERTNMNT TECH LT,G4289N205,57,20989,,
FREELINE THERAPEUTICS HLDGS,35655L206,56,21860,,
BM TECHNOLOGIES INC,05591L107,55,18500,,
BURGERFI INTERNATIONAL INC,12122L101,55,34800,,
FLORA GROWTH CORP,339764201,55,23013,,
ICZOOM GROUP INC.,G4760B100,55,11572,,IZM
INUVO INC,46122W204,55,248100,,
MARIADB PLC,G5920M100,55,64429,,
YOSHITSU CO LTD,98741L101,55,44600,,
ADDVANTAGE TECHNOLOGIES GROU,006743306,54,87864,,
AKARI THERAPEUTICS PLC,00972G108,54,318250,,AKTX
FARMMI INC,G33277123,54,131183,,
SPLASH BEVERAGE GROUP INC,84862C203,54,48400,,
BELLEROPHON THERAPEUTICS INC,078771300,53,77299,,
GOLDMINING INC,38149E101,53,59231,,GLDG
MATINAS BIOPHARMA HLDGS INC,576810105,53,146100,,
SHF HOLDINGS INC,824430102,53,100700,,
XILIO THERAPEUTICS INC,98422T100,53,20300,,
LIPOCINE INC NEW,53630X203,52,10397,,LPCN
MEGA MATRIX CORP,007737109,52,39663,,
MICROALGO INC,G6077Y103,52,22300,,VENAF
WORKSPORT LTD,98139Q209,52,21500,,WKSP
BONSO ELECTRS INTL INC,098529308,51,45400,,
IGC PHARMA INC,45408X308,51,162709,,
BRAGG GAMING GROUP INC,104833306,50,16400,,BRAG
BRIGHT SCHOLAR ED HLDGS LTD,109199208,50,44325,,
EIGER BIOPHARMACEUTICALS INC,28249U105,50,71700,,
PRENETICS GLOBAL LTD,G72245106,50,55800,,PRENW
RICEBRAN TECHNOLOGIES,762831303,50,45168,,
DIGIHOST TECHNOLOGY INC,25381D206,49,27100,,
EVOGENE LTD,M4119S104,49,45400,,EVGN
LUMENT FINANCE TRUST INC,55025L108,48,25497,,
NIGHTHAWK BIOSCIENCES INC,42237K409,48,71073,,
SPAR GROUP INC,784933103,48,38200,,
WIDEPOINT CORP,967590209,48,25900,,WYY
ARCIMOTO INC,039587209,47,32529,,
BIOCARDIA INC,09060U507,47,17700,,
PARAMOUNT GOLD NEV CORP,69924M109,47,149400,,
TFF PHARMACEUTICALS INC,87241J104,47,100500,,
XUNLEI LTD,98419E108,47,23925,,XNET
INHIBIKASE THERAPEUTICS INC,45719W205,46,12722,,
ITERUM THERAPEUTICS PLC,G6333L200,46,42784,,
PRESIDIO PPTY TR INC,74102L303,46,51052,,
RESEARCH FRONTIERS INC,760911107,46,29000,,REFR
CONTEXT THERAPEUTICS INC,21077P108,45,28300,,CNTX
MYOMO INC,62857J201,45,86898,,
SAB BIOTHERAPEUTICS INC,78397T103,45,54400,,
HELIUS MED TECHNOLOGIES INC,42328V603,44,227600,,
IHUMAN INC,45175B109,44,14860,,IH
MEDICENNA THERAPEUTICS CORP,58490H107,44,90400,,MDNAF
AMERICAN RES CORP,02927U208,43,21924,,
ELYS GAME TECHNOLOGY CORP,290734102,43,112008,,
REZOLUTE INC,76200L309,43,21900,,
BEST INC,08653C601,42,19900,,
BIODESIX INC,09075X108,42,34100,,BDSX
LIVEVOX HOLDING INC,53838L100,42,15400,,
ORAGENICS INC,684023500,42,12722,,OGEN
THE ONCOLOGY INSTITUTE INC,68236X100,42,75642,,
TRACON PHARMACEUTICALS INC,89237H209,42,143484,,
FORIAN INC,34630N106,41,16915,,
LUXURBAN HOTELS INC,21985R105,41,13000,,
CBL INTL LTD,G1991X109,40,12691,,
INDAPTUS THERAPEUTICS INC,45339J105,40,20800,,
NOVAN INC,66988N205,40,94100,,
SPRINGBIG HOLDINGS INC,85021Q108,40,89671,,
GREENLIGHT BIOSCIENCS HLDS P,39536G105,39,131049,,
NOCERA INC,655186500,39,15796,,
SUNWORKS INC,86803X204,39,34899,,
TC BIOPHARM HOLDINGS PLC,87807D202,39,71900,,
THERIVA BIOLOGICS INC,87164U409,39,38710,,
BIO-PATH HLDGS INC,09057N300,38,21400,,
BOQII HLDG LTD,09950L203,38,22586,,
CASI PHARMACEUTICALS INC,G1933S101,38,15100,,
CLEARSIGN TECHNOLOGIES CORP,185064102,38,29250,,CLIR
NEW PAC METALS CORP,64782A107,38,17399,,
SUNLANDS TECHNOLOGY GROUP,86740P207,38,10325,,STG
COHBAR INC,19249J307,37,13360,,
PORTAGE BIOTECH INC,G7185A128,37,10700,,
ZENVIA INC,G9889V101,37,49200,,
AMBOW ED HLDG LTD,02322P200,36,160644,,
ENVVENO MEDICAL CORPORATION,29415J106,36,11745,,NVNO
ILLUMIN HLDGS INC,45232V106,36,21159,,
INSPIREMD INC,45779A846,36,14200,,
SINTX TECHNOLOGIES INC,829392604,36,29643,,
ACASTI PHARMA INC,00430K873,35,67600,,
LOOP INDS INC,543518104,35,11000,,
NABRIVA THERAPEUTICS PLC,G63637139,35,22861,,
ONTRAK INC,683373104,35,74846,,
TIAN RUIXIANG HLDGS LTD,G8884K110,35,26102,,
ALARUM TECHNOLOGIES LTD,78643B500,34,14261,,ALAR
ATENTO S A,L0427L204,34,34112,,
NN INC,629337106,34,14300,,NNBR
NOVABAY PHARMACEUTICALS INC,66987P300,34,44923,,
PETROS PHARMACEUTICALS INC,71678J209,34,16779,,
ALLIED GAMING & ENTRTNMNT IN,019170109,33,31700,,
CHINA GREEN AGRICULTURE INC,16943W204,33,13051,,
IN8BIO INC,45674E109,33,21700,,
RA MED SYS INC,74933X302,33,36100,,
WAH FU EDUCATION GROUP LIMIT,G94184101,33,14700,,
AURORA MOBILE LTD,051857100,32,114506,,JG
HEART TEST LABORATORIES INC,42254E104,32,35350,,
INTELLIGENT LIVING APPLICATI,G4804S101,32,28700,,
ONCOCYTE CORP,68235C107,32,138100,,
PHIO PHARMACEUTICALS CORP,71880W402,32,11280,,PHIO
VOX ROYALTY CORP,92919F103,32,13200,,VOXR
WESTWATER RES INC,961684206,32,38400,,
AGILETHOUGHT INC,00857F100,31,41814,,
SALARIUS PHARMACEUTICALS INC,79400X305,31,20542,,
AVINGER INC,053734885,30,40970,,
CBDMD INC,12482W309,30,21211,,
CORENERGY INFRASTRUCTURE TR,21870U502,30,26400,,
FATHOM DIGITAL MFG CORP,31189Y103,30,73070,,
MOVING IMAGE TECHNOLOGIES IN,62464R109,30,26052,,
U S ENERGY CORP DEL,911805307,30,21400,,
EZFILL HOLDINGS INC,302314307,29,12406,,
FANGDD NETWORK GROUP LTD,30712L208,29,33066,,DUO
GT BIOPHARMA INC,36254L209,29,92181,,
HIGH TIDE INC,42981E401,29,23613,,HITI
IMMIX BIOPHARMA INC,45258H106,29,10600,,
NOGIN INC,65528N204,29,22500,,
TUANCHE LTD,89856T203,29,58198,,
ZENTEK LTD,98942X102,29,18400,,ZTEK
AILERON THERAPEUTICS INC,00887A204,28,15864,,
BLUE HAT INTERACTIVE ENTMT T,G1329V205,28,23600,,
CN ENERGY GROUP INC,G2181K105,28,138990,,
CYCLO THERAPEUTICS INC,23254X201,28,17800,,
FORESIGHT AUTONOMOUS HLDGS L,345523203,28,13083,,
IBIO INC,451033609,28,46100,,
JX LUXVENTURE LIMITED,Y46002302,28,13010,,
PARTS ID INC,702141102,28,67600,,
PLATINUM GROUP METALS LTD,72765Q882,28,19386,,PLG
RAPID MICRO BIOSYSTEMS INC,75340L104,28,27766,,
ADAGENE INC,005329107,27,18402,,ADAG
ASENSUS SURGICAL INC,04367G103,27,54400,,
CEPTON INC,15673X101,27,56156,,
MOVANO INC,62459M107,27,24740,,
SATELLOGIC INC,G7823S101,27,13740,,SATLW
BIOFRONTERA INC,09077D100,26,50434,,BFRIW
ELEVATION ONCOLOGY INC,28623U101,26,16800,,
TALIS BIOMEDICAL CORP,87424L108,26,54900,,
ZK INTL GROUP CO LTD,G9892K100,26,34869,,
INVIVYD INC,00534A102,25,24200,,
KUBIENT INC,50116V107,25,44896,,
MINGZHU LOGISTICS HLDGS LTD,G6180C105,25,28100,,
SMART POWERR CORP,168913309,25,15600,,CREG
SOCKET MOBILE INC,83368E200,25,17500,,
CLPS INCORPORATION,G31642104,24,20232,,
F45 TRAINING HLDGS INC,30322L101,24,47600,,
MAIA BIOTECHNOLOGY INC,552641102,24,10800,,
MIND C T I LTD,M70240102,24,12105,,
NEUBASE THERAPEUTICS INC,64132K201,24,12601,,
NEUROMETRIX INC,641255807,24,24119,,
RAIL VISION LTD,M8186D106,24,46171,,RVSNW
RETO ECO SOLUTIONS INC,G75271117,24,21127,,
SONOMA PHARMACEUTICALS INC,83558L204,24,22206,,
ENERGOUS CORP,29272C103,23,96878,,WATT
ENTHUSIAST GAMING HLDGS INC,29385B109,23,44800,,
INVIVO THERAPEUTICS HLDGS CO,46186M605,23,17266,,
PROCESSA PHARMACEUTICALS INC,74275C205,23,45400,,
SQZ BIOTECHNOLOGIES CO,78472W104,23,83603,,
STAFFING 360 SOLUTIONS INC,852387505,23,35700,,
TOMI ENVIRONMENTAL SOLUTIONS,890023203,23,34744,,
UPEXI INC,39959A106,23,10000,,
ACLARION INC,655187102,22,32332,,
ADIAL PHARMACEUTICALS INC,00688A106,22,107100,,
CHINA PHARMA HLDGS INC,16941T203,22,63850,,
CINEVERSE CORP,172406308,22,11363,,CNVS
FLUENT INC,34380C102,22,34500,,
ICECURE MEDICAL LTD CAESAREA,M53071136,22,18900,,
PALATIN TECHNOLOGIES INC,696077502,22,10564,,PTN
TWIN VEE POWERCATS CO,90177C101,22,10600,,
ANGHAMI INC,G0369L101,21,18296,,ANGHW
FGI INDUSTRIES LTD,G3302D103,21,12100,,FGIWW
ISPECIMEN INC,45032V108,21,14904,,ISPC
NEPHROS INC,640671400,21,13705,,NEPH
OSTIN TECHNOLOGY GROUP CO LT,G67927106,21,25900,,
SMART SH GLOBAL LTD,83193E102,21,22000,,
LEAFLY HOLDINGS INC,52178J105,20,68600,,
MEIWU TECHNOLOGY COMPANY LTD,G9604C107,20,114400,,
SAFEGUARD SCIENTIFICS INC,786449207,20,12000,,SFES
1847 HLDGS LLC,28252B804,19,51573,,
APEXIGEN INC,03759B102,19,44150,,
IM CANNABIS CORP,44969Q307,19,20300,,IMCC
INTERCURE LTD,M549GJ111,19,11200,,INCR
MEDAVAIL HOLDINGS INC,58406B103,19,79500,,
NEW CONCEPT ENERGY INC,643611106,19,15500,,
NEWEGG COMMERCE INC,G6483G100,19,15919,,
PRECIPIO INC,74019L503,19,49044,,
STEAKHOLDER FOODS LTD,583435102,19,22100,,MTTCF
TAKUNG ART LTD,87407Q207,19,54100,,
THERATECHNOLOGIES INC,88338H100,19,22543,,
YUNJI INC,98873N206,19,12099,,YJ
ZHONGCHAO INC,G9897X107,19,15700,,ZCMD
JOURNEY MED CORP,48115J109,18,11500,,
MILESTONE SCIENTIFIC INC,59935P209,18,21197,,MLSS
MOGO INC,60800C109,18,26700,,
THE9 LTD,88337K302,18,23888,,NCTY
36KR HOLDINGS INC,88429K103,17,19500,,KRKR
AERWINS TECHNOLOGIES INC,00810J108,17,40300,,
FLOTEK INDS INC DEL,343389102,17,22801,,
GREENLANE HLDGS INC,395330301,17,17597,,
PAINREFORM LTD,M77798102,17,31000,,
PASITHEA THERAPEUTICS CORP,70261F103,17,34727,,KTTAW
VIVOS THERAPEUTICS INC,92859E108,17,33551,,
CANDEL THERAPEUTICS INC,137404109,16,12800,,
CONNEXA SPORTS TECHNOLOGIES,831445200,16,71100,,
JUPITER WELLNESS INC,48208F105,16,38700,,
LICHEN CHINA LTD,G5479G108,16,11800,,
NEXIMMUNE INC,65344D109,16,56600,,
NRX PHARMACEUTICALS INC,629444100,16,33500,,
SIYATA MOBILE INC,83013Q509,16,298630,,
VACCINEX INC,918640103,16,46276,,
ENDRA LIFE SCIENCES INC,29273B302,15,10994,,NDRA
HEMPACCO CO INC,42371L106,15,39200,,
SONENDO INC,835431107,15,11200,,
AESTHETIC MED INTL HLDG GR L,00809M104,14,13000,,
BETTER THERAPEUTICS INC,08773T104,14,13400,,
ENTERA BIO LTD,M40527109,14,16100,,ENTX
IT TECH PACKAGING INC,46527C209,14,29818,,
SYNAPTOGENIX INC,87167T201,14,15400,,
XWELL INC,98420U703,14,71300,,
AUTHID INC,46264C206,13,14800,,AUID
BEYONDSPRING INC,G10830100,13,10776,,BYSI
BLUEJAY DIAGNOSTICS INC,095633103,13,49100,,
EBET INC,278700109,13,111507,,
KIDPIK CORP,49382L108,13,16000,,
NUVVE HOLDING CORP,67079Y100,13,21400,,NVVE
LGL GROUP INC,50186A132,12,81964,,LGL
LYTUS TECHNOLOGS HLDGS PTV L,G5851A109,12,25300,,
MULTI WAYS HOLDINGS LIMITED,G6362F108,12,20500,,
NYMOX PHARMACEUTICAL CORP,P73398102,12,60800,,NYMXF
ZOMEDICA CORP,98980M109,12,58822,,ZOMDF
MOXIAN BVI INC,G6S34K105,11,11800,,
POLYPID LTD,M8001Q118,11,28810,,PYPD
SENTI BIOSCIENCES INC,81726A100,11,17300,,
SOLUNA HOLDINGS INC,583543103,11,51800,,
9 METERS BIOPHARMA INC,654405208,10,15180,,
AUSTIN GOLD CORP,05223F106,10,11328,,AUST
VIRAX BIOLABS GROUP LTD,G9495L109,10,24600,,VRAX
YOSHIHARU GLOBAL CO,98740Y104,10,13676,,
DIGITAL MEDIA SOLUTIONS INC,25401G106,9,28800,,
UNIVERSE PHARMACEUTICALS INC,G9442G104,9,24020,,UPC
VIEW INC,92671V106,9,73700,,
LEXARIA BIOSCIENCE CORP,52886N406,8,10700,,LEXX
STRYVE FOODS INC,863685103,8,12761,,
AETHLON MED INC,00808Y307,7,19769,,
AMPIO PHARMACEUTICALS INC,03209T208,7,28500,,
CASTELLUM INC,14838T204,7,14600,,
DIGITAL BRANDS GROUP INC,25401N309,7,10800,,
FLJ GROUP LIMITED,74738J201,7,24800,,
FRESH VINE WINE INC,35804X101,7,31893,,
JE CLEANTECH HOLDINGS LIMITE,G50875106,7,13040,,
LUMIRADX LTD,G5709L109,7,13700,,
WILLIAMS INDL SVCS GROUP INC,96951A104,7,17300,,
AMERICAS GOLD AND SILVER COR,03062D100,6,18403,,
BRIGHT MINDS BIOSCIENCES INC,10919W108,6,11200,,DRUG
FEMASYS INC,31447E105,6,11500,,FEMY
MOBIQUITY TECHNOLOGIES INC,60743F508,6,56000,,
UCOMMUNE INTERNATIONAL LTD,G9449A209,6,10220,,UK
AIRSPAN NETWORKS HOLDINGS IN,00951K104,5,31900,,
CARAVELLE INTERNATIONAL GROU,G1901X108,5,10500,,
UNIQUE FABRICATING INC,90915J103,5,25277,,
G MED INNOVATIONS HLDGS LTD,G39462141,4,10916,,
INVO BIOSCIENCE INC,44984F302,4,20200,,
TOUGHBUILT INDS INC,89157G884,4,13200,,
WAVEDANCER INC,456696103,4,12525,,
AKUMIN INC,01021X100,3,16100,,
AXCELLA HEALTH INC,05454B105,3,13000,,
BETTER CHOICE CO INC,08771Y303,3,12200,,
HUMANIGEN INC,444863203,3,18200,,
JOWELL GLOBAL LTD,G5194C101,3,12797,,JWEL
CHINA SXT PHARMACEUTICALS IN,G2161P132,2,10540,,
LIQUID MEDIA GROUP LTD NEW,53634Q204,2,13300,,
MICROMOBILITY.COM INC,42309B402,2,14901,,MCOM
