name_of_issuer,cusip,value_usd_thousands,shares,put_call,ticker
NOVO-NORDISK A S,670100205,1525223,15308871,,
MICROSOFT CORP,594918104,890676,3824284,,MSFT
AIRBNB INC,009066101,764589,7279027,,
HERSHEY CO,427866108,670376,3040667,,HSY
ADVANCED MICRO DEVICES INC,007903107,638026,10069857,,AMD
VERTEX PHARMACEUTICALS INC,92532F100,619293,2138885,,
GILEAD SCIENCES INC,375558103,618292,10022568,,
VERISIGN INC,92343E102,606715,3492890,,
ZOOM VIDEO COMMUNICATIONS IN,98980L101,574032,7800404,,
KROGER CO,501044101,565500,12925710,,KR
UNITED THERAPEUTICS CORP DEL,91307C102,533964,2550214,,UTHR
FRANCO NEV CORP,351858105,501888,4200703,,
ALPHABET INC,02079K305,498189,5208460,,GOOGN
MOLINA HEALTHCARE INC,60855R100,482693,1463415,,
ATLASSIAN CORP PLC,G06242104,465745,2211620,,
HOME DEPOT INC,437076102,441062,1598400,,
MERCK & CO INC,58933Y105,392986,4563234,,
EXXON MOBIL CORP,30231G102,392446,4494854,,
COCA COLA CO,191216100,382865,6834434,,KO
ROBLOX CORP,771049103,380681,10621682,,RBLX
MICRON TECHNOLOGY INC,595112103,374114,7467336,,MU
AMAZON COM INC,023135106,356029,3150700,,AMZN
MONSTER BEVERAGE CORP NEW,61174X109,353358,4063460,,MNST
COSTCO WHSL CORP NEW,22160K105,341730,723591,,
JPMORGAN CHASE & CO,46625H100,334555,3201486,,JPM-PM
CHEVRON CORP NEW,166764100,334089,2325393,,CVX
LILLY ELI & CO,532457108,328086,1014647,,
INCYTE CORP,45337C102,323020,4847233,,INCY
ACCENTURE PLC IRELAND,G1151C101,318306,1237100,,
ASTRAZENECA PLC,046353108,318049,5799572,,AZN
NIKE INC,654106103,314277,3781000,,
ABIOMED INC,003654100,310956,1265800,,
BIOGEN INC,09062X103,308253,1154507,,BIIB
COLGATE PALMOLIVE CO,194162103,288684,4109386,,CL
LI AUTO INC,50202M102,285775,12419600,,LAAOF
GENERAL MLS INC,370334104,281916,3679888,,
VISA INC,92826C839,276352,1555600,,V
CSX CORP,126408103,276217,10368500,,CSX
GSK PLC,37733W204,275290,9354057,,GLAXF
PALANTIR TECHNOLOGIES INC,69608A108,269347,33130047,,PLTR
BROADCOM INC,11135F101,264184,594996,,AVGO
ASML HOLDING N V,N07059210,255683,612681,,
CBOE GLOBAL MKTS INC,12503M108,252524,2151524,,
EXELIXIS INC,30161Q104,251364,16030844,,
PETROLEO BRASILEIRO SA PETRO,71654V408,249923,20253100,,
DELTA AIR LINES INC DEL,247361702,247374,8815900,,
VODAFONE GROUP PLC NEW,92857W308,246890,21790832,,
ABBOTT LABS,002824100,244247,2524258,,
NOVARTIS AG,66987V109,241854,3181870,,NVSEF
ULTA BEAUTY INC,90384S303,236903,590500,,
AMERICAN EXPRESS CO,025816109,233084,1727700,,AXP
MEDTRONIC PLC,G5960L103,232265,2876341,,MDT
FORTINET INC,34959E109,226644,4613145,,
BLOCK INC,852234103,225374,4098462,,
APPLIED MATLS INC,038222105,225157,2748165,,
PINTEREST INC,72352L106,221380,9501275,,
THE TRADE DESK INC,88339J105,216803,3628500,,
NATIONAL GRID PLC,636274409,215378,4179654,,NMKBP
US BANCORP DEL,902973304,212188,5262600,,
HUMANA INC,444859102,210378,433600,,HUM
SOUTHERN CO,842587107,208223,3062100,,SOMN
MERCADOLIBRE INC,58733R102,200737,242500,,MELI
NIO INC,62914V106,199990,12681700,,NIOIF
KEURIG DR PEPPER INC,49271V100,199627,5573061,,KDP
SNOWFLAKE INC,833445109,197442,1161699,,SNOW
CISCO SYS INC,17275R102,196400,4910005,,
COINBASE GLOBAL INC,19260Q107,189730,2942000,,
BARRICK GOLD CORP,067901108,188334,12150576,,
NETFLIX INC,64110L106,187599,796800,,NFLX
CITIGROUP INC,172967424,185270,4446120,,C-PR
CORCEPT THERAPEUTICS INC,218352102,184543,7197471,,CORT
F5 INC,315616102,183450,1267536,,
COMCAST CORP NEW,20030N101,182188,6211676,,CCZ
PHILIP MORRIS INTL INC,718172109,182099,2193700,,
ICON PLC,G4705A100,181365,986858,,ICLR
ENPHASE ENERGY INC,29355A107,178809,644428,,
AMERICAN ELEC PWR CO INC,025537101,177197,2049700,,
CARRIER GLOBAL CORPORATION,14448C104,176859,4973531,,CARR
CVS HEALTH CORP,126650100,176039,1845853,,CVS
DROPBOX INC,26210C104,175768,8483033,,
JAZZ PHARMACEUTICALS PLC,G50871105,173078,1298509,,JAZZ
DOMINOS PIZZA INC,25754A201,170742,550425,,DPZ
APPLE INC,037833100,169927,1229570,,AAPL
VERIZON COMMUNICATIONS INC,92343V104,167892,4421693,,VZ
ALPHABET INC,02079K107,166291,1729500,,GOOGN
CF INDS HLDGS INC,125269100,165208,1716450,,
AGNICO EAGLE MINES LTD,008474108,164750,3901162,,AEM
SPROUTS FMRS MKT INC,85208M102,164353,5922632,,
MARATHON PETE CORP,56585A102,162832,1639299,,
SOUTHWESTERN ENERGY CO,845467109,161870,26449325,,
LOWES COS INC,548661107,161085,857700,,
KELLOGG CO,487836108,158993,2282411,,
CAMPBELL SOUP CO,134429109,158505,3363868,,
GOLDMAN SACHS GROUP INC,38141G104,155991,532300,,GS-PD
LINDE PLC,G5494J103,154448,572900,,LIN
ALTRIA GROUP INC,02209S103,153919,3811755,,
MONOLITHIC PWR SYS INC,609839105,153842,423341,,
CHUBB LIMITED,H1467J104,153325,842999,,
NEUROCRINE BIOSCIENCES INC,64125C109,153204,1442464,,NBIX
BAIDU INC,056752108,152537,1298299,,
PROLOGIS INC.,74340W103,152462,1500614,,
AT&T INC,00206R102,152357,9931986,,T-PC
CROWDSTRIKE HLDGS INC,22788C105,148329,900000,,
NATIONAL BEVERAGE CORP,635017106,147918,3838044,,FIZZ
AUTOMATIC DATA PROCESSING IN,053015103,147822,653529,,
CHENIERE ENERGY INC,16411R208,145428,876548,,
HOLOGIC INC,436440101,144232,2235461,,
REGENERON PHARMACEUTICALS,75886F107,143561,208400,,
AMGEN INC,031162100,142733,633245,,AMGN
MURPHY USA INC,626755102,142019,516600,,MUSA
HERBALIFE NUTRITION LTD,G4412G101,141401,7109164,,
ALCOA CORP,013872106,140577,4176396,,AA
DATADOG INC,23804L103,139207,1568000,,
EQT CORP,26884L109,137216,3367264,,EQT
ELEVANCE HEALTH INC,036752103,135760,298873,,
FORTIS INC,349553107,134726,3546456,,FTRSF
ROKU INC,77543R102,134288,2380995,,
FLOWERS FOODS INC,343498101,132847,5380585,,FLO
CONSTELLATION ENERGY CORP,21037T109,128720,1547300,,CEG
BERKSHIRE HATHAWAY INC DEL,084670702,128089,479700,,BRK-A
VALERO ENERGY CORP,91913Y100,124629,1166388,,
ADOBE SYSTEMS INCORPORATED,00724F101,124069,450833,,
ALKERMES PLC,G01767105,124068,5556113,,ALKS
FEDEX CORP,31428X106,122633,825979,,FDX
P T TELEKOMUNIKASI INDONESIA,715684106,120902,4190714,,
CHUNGHWA TELECOM CO LTD,17133Q502,120435,3389669,,CHT
ROGERS COMMUNICATIONS INC,775109200,120085,3116069,,RCIAF
CENTENE CORP DEL,15135B101,118792,1526693,,CNC
TRANSDIGM GROUP INC,893641100,116667,222300,,TDG
ZSCALER INC,98980G102,115700,703900,,
ALLISON TRANSMISSION HLDGS I,01973R101,114741,3398719,,
META PLATFORMS INC,30303M102,114650,845000,,
B2GOLD CORP,11777Q209,114385,35523329,,BTG
SMUCKER J M CO,832696405,114267,831576,,
MODERNA INC,60770K107,113880,963041,,
SOCIEDAD QUIMICA Y MINERA DE,833635105,113011,1245300,,
MCDONALDS CORP,580135101,112924,489400,,MCD
CORVEL CORP,221006109,112919,815710,,CRVL
ALPHA METALLURGICAL RESOUR I,020764106,112197,819915,,
AMERICAN AIRLS GROUP INC,02376R102,112095,9310200,,
UBIQUITI INC,90353W103,111313,379182,,UI
MONDELEZ INTL INC,609207105,110137,2008698,,
CLOROX CO DEL,189054109,109944,856330,,
KE HLDGS INC,482497104,107545,6138394,,
QUEST DIAGNOSTICS INC,74834L100,106973,871900,,DGX
HORMEL FOODS CORP,440452100,106378,2341063,,
KINROSS GOLD CORP,496902404,106018,28196158,,KGCRF
GRAINGER W W INC,384802104,105616,215900,,
CADENCE DESIGN SYSTEM INC,127387108,104922,642000,,
COGENT COMMUNICATIONS HLDGS,19239V302,101950,1954556,,
BJS WHSL CLUB HLDGS INC,05550J101,101941,1400099,,
CHESAPEAKE ENERGY CORP,165167735,100976,1071820,,
GENERAL ELECTRIC CO,369604301,100155,1617757,,GE
DOCUSIGN INC,256163106,98914,1849900,,
NORFOLK SOUTHN CORP,655844108,98808,471300,,
NEW ORIENTAL ED & TECHNOLOGY,647581206,98678,4116746,,
SAREPTA THERAPEUTICS INC,803607100,97737,884178,,
VIRTU FINL INC,928254101,97247,4682107,,
SYSCO CORP,871829107,97191,1374500,,SYY
PETROLEO BRASILEIRO SA PETRO,71654V101,97184,8771100,,
AVANTOR INC,05352A100,97104,4954300,,
HORIZON THERAPEUTICS PUB L,G46188101,96639,1561466,,
UNION PAC CORP,907818108,95773,491599,,
TERADYNE INC,880770102,95328,1268500,,
PACIRA BIOSCIENCES INC,695127100,93269,1753497,,
COMMVAULT SYS INC,204166102,92992,1753250,,
DR REDDYS LABS LTD,256135203,92843,1773838,,
YUM BRANDS INC,988498101,92737,872077,,YUM
NEW YORK TIMES CO,650111107,92424,3214742,,NYT
OTIS WORLDWIDE CORP,68902V107,92351,1447500,,OTIS
CINTAS CORP,172908105,92105,237268,,CTAS
YAMANA GOLD INC,98462Y100,91794,20263506,,
CME GROUP INC,12572Q105,91503,516589,,CME
CONAGRA BRANDS INC,205887102,90864,2784680,,CAG
PUBLIC STORAGE,74460D109,90675,309671,,PSA-PS
NETAPP INC,64110D104,90614,1465054,,
BANK NOVA SCOTIA HALIFAX,064149107,90467,1902200,,
EMERSON ELEC CO,291011104,90046,1229800,,
RH,74967X103,89816,365000,,RH
FIRSTSERVICE CORP NEW,33767E202,89768,754288,,FSV
SHOCKWAVE MED INC,82489T104,89733,322700,,
UBER TECHNOLOGIES INC,90353T100,89644,3382800,,
EQUINIX INC,29444U700,88438,155470,,EQIX
EXPEDIA GROUP INC,30212P303,88166,941043,,
TELADOC HEALTH INC,87918A105,87430,3448919,,
PFIZER INC,717081103,87084,1990041,,PFE
DIGITAL RLTY TR INC,253868103,86384,870983,,
WHEATON PRECIOUS METALS CORP,962879102,86222,2664357,,WPM
COCA-COLA FEMSA SAB DE CV,191241108,85734,1468305,,
GOLD FIELDS LTD,38059T106,85704,10593784,,GFIOF
WELLTOWER INC,95040Q104,85035,1322063,,WELL
NU SKIN ENTERPRISES INC,67018T105,84876,2543496,,
PREMIER INC,74051N102,84721,2496189,,
SNAP INC,83304A106,84651,8620304,,SNAP
VEEVA SYS INC,922475108,84517,512600,,
TARGA RES CORP,87612G101,84005,1392186,,
ZOETIS INC,98978V103,83398,562400,,ZTS
NXP SEMICONDUCTORS N V,N6596X109,82928,562188,,
PINDUODUO INC,722304102,82662,1320900,,
INTERCONTINENTAL EXCHANGE IN,45866F104,82651,914790,,
GRUPO AEROPUERTO DEL PACIFIC,400506101,82623,651700,,
WAYFAIR INC,94419L101,82107,2522500,,W
CAPITAL ONE FINL CORP,14040H105,81616,885499,,
ACADEMY SPORTS & OUTDOORS IN,00402L107,81547,1933300,,
XCEL ENERGY INC,98389B100,81216,1269000,,XELLL
NOKIA CORP,654902204,81088,18990180,,NOKBF
CAL MAINE FOODS INC,128030202,80639,1450607,,
RINGCENTRAL INC,76680R206,80619,2017500,,
ACTIVISION BLIZZARD INC,00507V109,80577,1083898,,
WALGREENS BOOTS ALLIANCE INC,931427108,80447,2562000,,
NOVA LTD,M7516K103,80283,941186,,NVMI
EQUINOR ASA,29446M102,80024,2416923,,STOHF
OLD DOMINION FREIGHT LINE IN,679580100,79915,321241,,
TYSON FOODS INC,902494103,79604,1207400,,
BLACKSTONE INC,09260D107,79046,944400,,BX
QORVO INC,74736K101,78910,993706,,
KARUNA THERAPEUTICS INC,48576A100,78726,350000,,
COPART INC,217204106,78704,739700,,CPRT
MORNINGSTAR INC,617700109,78361,369070,,
WORLD WRESTLING ENTMT INC,98156Q108,78029,1112000,,
BIO-TECHNE CORP,09073M104,76948,270944,,TECH
LAM RESEARCH CORP,512807108,75892,207356,,LRCX
OKTA INC,679295105,75677,1330700,,
XPENG INC,98422D105,75487,6316939,,XPNGF
FIRST REP BK SAN FRANCISCO C,33616C100,75069,575019,,
AMN HEALTHCARE SVCS INC,001744101,74511,703200,,
INTEL CORP,458140100,74411,2887494,,INTC
MEDIFAST INC,58470H101,74098,683810,,MED
DUKE ENERGY CORP NEW,26441C204,73561,790812,,DUK-PA
PARKER-HANNIFIN CORP,701094104,73464,303180,,PH
USANA HEALTH SCIENCES INC,90328M107,73302,1307797,,USNA
CMS ENERGY CORP,125896100,73071,1254649,,CMS-PC
HOST HOTELS & RESORTS INC,44107P104,72395,4558865,,
CDW CORP,12514G108,72015,461398,,CDW
MP MATERIALS CORP,553368101,71673,2625400,,
MACYS INC,55616P104,71426,4558164,,
PLDT INC,69344D408,71305,2818361,,PHTCF
ZIM INTEGRATED SHIPPING SERV,M9T951109,70792,3012438,,
ARISTA NETWORKS INC,040413106,70511,624600,,
COSAN S A,22113B103,70339,5461082,,
PEPSICO INC,713448108,70199,429980,,PEP
COLLIERS INTL GROUP INC,194693107,70028,764000,,
MID-AMER APT CMNTYS INC,59522J103,69913,450849,,
ANTERO RESOURCES CORP,03674X106,69666,2281900,,AR
CONSOLIDATED EDISON INC,209115104,69360,808764,,ED
CABLE ONE INC,12685J105,69012,80900,,
VECTOR GROUP LTD,92240M108,68922,7823163,,
PHILLIPS 66,718546104,68112,843802,,PSX
TELUS CORPORATION,87971M103,67928,3420466,,TU
INTERNATIONAL FLAVORS&FRAGRA,459506101,67732,745700,,
PACCAR INC,693718108,67603,807778,,PCAR
AMETEK INC,031100100,67598,596050,,
SEAGATE TECHNOLOGY HLDNGS PL,G7997R103,67409,1266366,,
INMODE LTD,M5425M103,66885,2297662,,INMD
WASTE CONNECTIONS INC,94106B101,66625,493044,,
NEWMONT CORP,651639106,66583,1584291,,
SPOTIFY TECHNOLOGY S A,L8681T102,66322,768500,,
ALAMOS GOLD INC NEW,011532108,66260,8942031,,AGI
EBAY INC.,278642103,65612,1782440,,EBAY
ALIBABA GROUP HLDG LTD,01609W102,64672,808504,,
PENN ENTERTAINMENT INC,707569109,64524,2345461,,
STELLANTIS N.V,N82405106,64361,5399526,,STLA
ROPER TECHNOLOGIES INC,776696106,64196,178500,,ROP
CELANESE CORP DEL,150870103,63980,708209,,CE
WNS HLDGS LTD,92932M101,63827,779900,,
STANLEY BLACK & DECKER INC,854502101,63211,840462,,
BIOMARIN PHARMACEUTICAL INC,09061G101,63109,744471,,BMRN
METTLER TOLEDO INTERNATIONAL,592688105,63096,58200,,
VALVOLINE INC,92047W101,63065,2488751,,VVV
HUBSPOT INC,443573100,62830,232600,,HUBS
KLA CORP,482480100,62798,207509,,KLAC
SELECT SECTOR SPDR TR,81369Y886,62195,949400,,
MERIDIAN BIOSCIENCE INC,589584101,61972,1965487,,
HSBC HLDGS PLC,404280406,61889,2373943,,
NOMAD FOODS LTD,G6564A105,61865,4356679,,NOMD
LABORATORY CORP AMER HLDGS,50540R409,60317,294504,,
MICROSTRATEGY INC,594972408,60112,283200,,
ALBERTSONS COS INC,013091103,58255,2343305,,
CHEMED CORP NEW,16359R103,58193,133300,,CHE
PAPA JOHNS INTL INC,698813102,58192,831200,,
AMPHENOL CORP NEW,032095101,57887,864500,,
DISNEY WALT CO,254687106,57413,608638,,
SM ENERGY CO,78454L100,57351,1524900,,SM
TFS FINL CORP,87240R107,57181,4398502,,
INTUIT,461202103,56877,146848,,
COUPA SOFTWARE INC,22266L106,56860,967000,,
UNITED AIRLS HLDGS INC,910047109,56429,1734663,,
CHURCH & DWIGHT CO INC,171340102,56243,787276,,
BROOKFIELD RENEWABLE CORP,11284V105,56197,1719641,,BEPC
EXELON CORP,30161N101,55981,1494424,,EXC
RYANAIR HOLDINGS PLC,783513203,55877,956462,,RYAOF
IRONWOOD PHARMACEUTICALS INC,46333X108,55666,5373153,,IRWD
WEC ENERGY GROUP INC,92939U106,55561,621277,,
SVB FINANCIAL GROUP,78486Q101,55414,165030,,
DOORDASH INC,25809K105,55181,1115900,,
MARQETA INC,57142B104,54930,7714856,,
HILTON WORLDWIDE HLDGS INC,43300A203,54351,450600,,
MODIVCARE INC,60783X104,53857,540299,,
HARTFORD FINL SVCS GROUP INC,416515104,53714,867200,,
EXPEDITORS INTL WASH INC,302130109,53543,606309,,
LIBERTY GLOBAL PLC,G5480U104,53002,3399752,,
WORKIVA INC,98139A105,52974,680900,,WK
ADVANCED DRAIN SYS INC DEL,00790R104,52812,424637,,
PBF ENERGY INC,69318G106,52694,1498700,,PBF
BRADY CORP,104674106,52523,1258640,,BRC
CASELLA WASTE SYS INC,147448104,52477,686959,,
PURE STORAGE INC,74624M102,52216,1907800,,
AUTOZONE INC,053332102,51835,24200,,AZO
CARLISLE COS INC,142339100,51708,184400,,
KIMBERLY-CLARK CORP,494368103,51476,457400,,
CHIPOTLE MEXICAN GRILL INC,169656105,51394,34200,,CMG
SYNOPSYS INC,871607107,51153,167434,,SNPS
ZOOMINFO TECHNOLOGIES INC,98980F104,50854,1220700,,GTM
BROOKFIELD ASSET MGMT INC,112585104,50672,1239063,,
RELX PLC,759530108,50650,2083500,,RLXXF
BERKLEY W R CORP,084423102,50408,780548,,WRB-PH
STURM RUGER & CO INC,864159108,50113,986676,,RGR
ROYAL GOLD INC,780287108,50065,533633,,RGLD
NOW INC,67011P100,49843,4959522,,
FRONTLINE LTD,G3682E192,49796,4535940,,
BLOCK H & R INC,093671105,49716,1168700,,
UIPATH INC,90364P105,49681,3939800,,
INNOVIVA INC,45781M101,49524,4265673,,
DELL TECHNOLOGIES INC,24703L202,49474,1447877,,DELL
PROGRESS SOFTWARE CORP,743312100,49378,1160470,,
WEST PHARMACEUTICAL SVSC INC,955306105,49139,199689,,
ABBVIE INC,00287Y109,49041,365402,,ABBV
DAQO NEW ENERGY CORP,23703Q203,48999,923117,,DQ
CHECK POINT SOFTWARE TECH LT,M22465104,48919,436700,,
LOUISIANA PAC CORP,546347105,48805,953400,,
CALIX INC,13100M509,48771,797700,,
C H ROBINSON WORLDWIDE INC,12541W209,48676,505408,,
PPL CORP,69351T106,48365,1907900,,PPLC
CLEAN HARBORS INC,184496107,48351,439635,,CLH
MARSH & MCLENNAN COS INC,571748102,48221,323001,,
CSG SYS INTL INC,126349109,48115,909894,,
SCHLUMBERGER LTD,806857108,47916,1334707,,
RANGE RES CORP,75281A109,47867,1894983,,
AMERICA MOVIL SAB DE CV,02364W105,47667,2894175,,
SHAW COMMUNICATIONS INC,82028K200,47643,1959000,,
SSR MNG INC,784730103,47556,3233043,,
CLEVELAND-CLIFFS INC NEW,185899101,47225,3505941,,CLF
HELLO GROUP INC,423403104,46716,10111698,,MOMO
ELECTRONIC ARTS INC,285512109,46550,402300,,EA
MANHATTAN ASSOCIATES INC,562750109,46369,348560,,MANH
LANCASTER COLONY CORP,513847103,46206,307463,,
PERDOCEO ED CORP,71363P106,45959,4462087,,
UNIVERSAL DISPLAY CORP,91347P105,45820,485639,,
PROGRESSIVE CORP,743315103,45740,393600,,
EQUITY COMWLTH,294628102,45701,1876085,,
SHUTTERSTOCK INC,825690100,45494,906801,,
BUILDERS FIRSTSOURCE INC,12008R107,45442,771241,,
ALLY FINL INC,02005N100,45380,1630600,,
WARRIOR MET COAL INC,93627C101,45316,1593379,,
PENTAIR PLC,G7S00T104,45248,1113664,,PNR
LOGITECH INTL S A,H50430232,45138,981263,,
U S SILICA HLDGS INC,90346E103,44761,4087808,,
ANNALY CAPITAL MANAGEMENT IN,035710839,44755,2608115,,
FOMENTO ECONOMICO MEXICANO S,344419106,44609,710900,,
SIMON PPTY GROUP INC NEW,828806109,44462,495400,,
CROWN CASTLE INC,22822V101,44189,305703,,CCI
ARRAY TECHNOLOGIES INC,04271T100,43889,2647100,,
LAUDER ESTEE COS INC,518439104,43677,202300,,
SUPERNUS PHARMACEUTICALS INC,868459108,43336,1280222,,
WATSCO INC,942622200,43125,167500,,WSO-B
MASTERCARD INCORPORATED,57636Q104,42878,150800,,
ALLIANT ENERGY CORP,018802108,42787,807451,,LNT
CBRE GROUP INC,12504L109,42626,631400,,
LAMB WESTON HLDGS INC,513272104,42296,546600,,
WEYERHAEUSER CO MTN BE,962166104,42004,1470721,,
MEDPACE HLDGS INC,58506Q109,41837,266188,,
UNITED STATES STL CORP NEW,912909108,41701,2301400,,
E L F BEAUTY INC,26856L103,41484,1102700,,
KEARNY FINL CORP MD,48716P108,41427,3900885,,
LIBERTY GLOBAL PLC,G5480U120,41372,2507420,,
TECHTARGET INC,87874R100,41322,698000,,
SEALED AIR CORP NEW,81211K100,41035,921921,,
TITAN INTL INC ILL,88830M102,41017,3378640,,
CAPITOL FED FINL INC,14057J101,40999,4939676,,
NATIONAL BK HLDGS CORP,633707104,40789,1102700,,
TENARIS S A,88031M109,40699,1575028,,
CANADIAN NATL RY CO,136375102,40452,374600,,
PEABODY ENERGY CORP,704551100,40348,1625643,,BTU
NVR INC,62944T105,40270,10100,,NVR
HONEYWELL INTL INC,438516106,40140,240400,,
ZILLOW GROUP INC,98954M200,39960,1396714,,
MARRIOTT INTL INC NEW,571903202,39396,281116,,
JETBLUE AWYS CORP,477143101,39329,5931983,,
WASTE MGMT INC DEL,94106L109,39316,245400,,
PNM RES INC,69349H107,39303,859456,,
REVOLVE GROUP INC,76156B107,39140,1804500,,
BECTON DICKINSON & CO,075887109,39119,175556,,BDX
TELEDYNE TECHNOLOGIES INC,879360105,39021,115627,,TDY
L3HARRIS TECHNOLOGIES INC,502431109,38920,187270,,
ATMOS ENERGY CORP,049560105,38876,381700,,ATO
MARAVAI LIFESCIENCES HLDGS I,56600D107,38875,1522700,,
SEAWORLD ENTMT INC,81282V100,38797,852500,,
PG&E CORP,69331C108,38785,3102800,,PCG-PX
CRISPR THERAPEUTICS AG,H17182108,38772,593300,,CRSP
BATH & BODY WORKS INC,070830104,38704,1187233,,
OREILLY AUTOMOTIVE INC,67103H107,38684,55000,,
GARMIN LTD,H2906T109,38673,481542,,GRMN
TETRA TECH INC NEW,88162G103,38664,300820,,TTEK
SEMPRA,816851109,38640,257700,,SREA
PROTHENA CORP PLC,G72800108,38615,636900,,
SOUTHWEST AIRLS CO,844741108,38497,1248280,,
GEOPARK LTD,G38327105,38465,3279231,,GPRK
IONIS PHARMACEUTICALS INC,462222100,38379,867714,,IONS
TEXAS INSTRS INC,882508104,38350,247771,,
PERRIGO CO PLC,G97822103,38288,1073708,,PRGO
RADWARE LTD,M81873107,37883,1738539,,RDWR
DTE ENERGY CO,233331107,37506,326000,,DTG
APA CORPORATION,03743Q108,37345,1092291,,APA
TRAVERE THERAPEUTICS INC,89422G107,37143,1507422,,
C3 AI INC,12468P104,37046,2963700,,
HOSTESS BRANDS INC,44109J106,36996,1591910,,
TAKEDA PHARMACEUTICAL CO LTD,874060205,36953,2849100,,TKPHF
MONDAY COM LTD,M7S64H106,36926,325800,,
EVERSOURCE ENERGY,30040W108,36663,470280,,ES
ALLEGION PLC,G0176J109,36634,408500,,ALLE
MERCURY GENL CORP NEW,589400100,36517,1284900,,
POOL CORP,73278L105,36478,114636,,POOL
ISHARES TR,464287432,36467,355946,,
SCORPIO TANKERS INC,Y7542C130,36445,866915,,STNG
P A M TRANSN SVCS INC,693149106,36240,1170534,,
ENNIS INC,293389102,35615,1769258,,
A10 NETWORKS INC,002121101,35571,2680533,,
LEIDOS HOLDINGS INC,525327102,35515,406027,,
AVIS BUDGET GROUP,053774105,35363,238200,,
WD 40 CO,929236107,35310,200923,,WDFC
RITCHIE BROS AUCTIONEERS,767744105,35302,565008,,
SKYLINE CHAMPION CORPORATION,830830105,35291,667500,,
FOX CORP,35137L105,35282,1149992,,FOX
CUBESMART,229663109,35133,877000,,CUBE
EVERTEC INC,30040P103,35047,1117926,,
TEVA PHARMACEUTICAL INDS LTD,881624209,35024,4340000,,
TE CONNECTIVITY LTD,H84989104,34995,317100,,
HENRY SCHEIN INC,806407102,34714,527804,,HSIC
DENTSPLY SIRONA INC,24906P109,34504,1217058,,XRAY
UFP TECHNOLOGIES INC,902673102,34171,398073,,UFPT
PERFORMANCE FOOD GROUP CO,71377A103,34115,794307,,PFGC
CAMDEN PPTY TR,133131102,33972,284400,,
BALCHEM CORP,057665200,33921,279000,,BCPC
TAKE-TWO INTERACTIVE SOFTWAR,874054109,33860,310639,,
PAN AMERN SILVER CORP,697900108,33787,2127404,,
PAYCOM SOFTWARE INC,70432V102,33147,100450,,
NETEASE INC,64110W102,33075,437500,,
BROWN FORMAN CORP,115637209,32921,494538,,BF-B
TRANSUNION,89400J107,32911,553212,,TRU
CENTERSPACE,15202L107,32806,487316,,CSR
WYNDHAM HOTELS & RESORTS INC,98311A105,32755,533900,,
COPA HOLDINGS SA,P31076105,32696,487928,,
SELECT SECTOR SPDR TR,81369Y308,32684,489800,,
MADDEN STEVEN LTD,556269108,32670,1224967,,
REPUBLIC SVCS INC,760759100,32644,239961,,
VENTAS INC,92276F100,32584,811161,,
VANDA PHARMACEUTICALS INC,921659108,32557,3295233,,VNDA
EDISON INTL,281020107,32517,574700,,
SPARTANNASH CO,847215100,32517,1120512,,
QUALYS INC,74758T303,32436,232700,,
KKR & CO INC,48251W104,32433,754264,,
PRIMO WATER CORPORATION,74167P108,32312,2574742,,
LIQUIDITY SVCS INC,53635B107,31986,1967164,,
SEAGEN INC,81181C104,31897,233113,,
ECHOSTAR CORP,278768106,31862,1934573,,ECHO
NATIONAL HEALTHCARE CORP,635906100,31859,502987,,NHC
EVERCORE INC,29977A105,31749,386000,,EVR
GLADSTONE COMMERCIAL CORP,376536108,31693,2044720,,GOODO
LANTHEUS HLDGS INC,516544103,31679,450431,,
ELDORADO GOLD CORP NEW,284902509,31647,5248333,,
CINEMARK HLDGS INC,17243V102,31571,2607000,,
UFP INDUSTRIES INC,90278Q108,31455,435909,,UFPI
WINMARK CORP,974250102,31419,145231,,WINA
HONDA MOTOR LTD,438128308,31359,1452498,,
OWENS & MINOR INC NEW,690732102,31340,1300400,,
AMERICAN INTL GROUP INC,026874784,30789,648460,,
NEOGEN CORP,640491106,30789,2203936,,NEOG
MONGODB INC,60937P106,30737,154800,,
AMBEV SA,02319V103,30593,10810400,,
CLEARWAY ENERGY INC,18539C105,30588,1051129,,
PAYCHEX INC,704326107,30476,271601,,PAYX
HEIDRICK & STRUGGLES INTL IN,422819102,30401,1169702,,
MARKETAXESS HLDGS INC,57060D108,30388,136583,,
ANSYS INC,03662Q105,30357,136929,,
PAYLOCITY HLDG CORP,70438V106,30236,125159,,
SIERRA WIRELESS INC,826516106,30196,992000,,
UNITED MICROELECTRONICS CORP,910873405,30095,5403034,,UMC
GETTY RLTY CORP NEW,374297109,30066,1118112,,
BUNGE LIMITED,G16962105,30059,364041,,
CARLYLE GROUP INC,14316J108,29990,1160600,,CGABL
BROOKDALE SR LIVING INC,112463104,29933,7010102,,
V F CORP,918204108,29611,990000,,VFC
INTERDIGITAL INC,45867G101,29590,732067,,
TRADEWEB MKTS INC,892672106,29547,523700,,
ENDEAVOR GROUP HLDGS INC,29260Y109,29539,1458000,,
ENTERGY CORP NEW,29364G103,29525,293400,,
ABCELLERA BIOLOGICS INC,00288U106,29480,2980803,,ABCL
GENMAB A/S,372303206,29444,916400,,GNMSF
OGE ENERGY CORP,670837103,29181,800343,,OGE
VIR BIOTECHNOLOGY INC,92764N102,29161,1512494,,
KEYSIGHT TECHNOLOGIES INC,49338L103,29080,184800,,
US FOODS HLDG CORP,912008109,28960,1095300,,
CVR ENERGY INC,12662P108,28820,994484,,CVI
CATALYST PHARMACEUTICALS INC,14888U101,28566,2226512,,
NISOURCE INC,65473P105,28311,1123904,,NI
WATTS WATER TECHNOLOGIES INC,942749102,28239,224600,,WTS
IDT CORP,448947507,28142,1133406,,IDT
GRUPO TELEVISA S A B,40049J206,28120,5226757,,
SMITH & WESSON BRANDS INC,831754106,28108,2710477,,
GOLAR LNG LTD,G9456A100,28052,1125692,,GLNG
JFROG LTD,M6191J100,28038,1268100,,FROG
CLEARWAY ENERGY INC,18539C204,27908,876222,,
TC ENERGY CORP,87807B107,27846,691413,,TRPRF
JACKSON FINANCIAL INC,46817M107,27836,1003100,,JXN-PA
MODEL N INC,607525102,27789,811826,,
MARKEL CORP,570535104,27779,25621,,
CANON INC,138006309,27762,1273507,,CAJFF
VIATRIS INC,92556V106,27730,3254700,,VTRS
DIAGEO PLC,25243Q205,27713,163200,,DGEAF
MKS INSTRS INC,55306N104,27683,334978,,
ITURAN LOCATION AND CONTROL,M6158M104,27326,1170800,,
INDUSTRIAS BACHOCO SAB,456463108,27305,593132,,
CONSOL ENERGY INC NEW,20854L108,27079,421003,,
SONOCO PRODS CO,835495102,27072,477200,,
SBA COMMUNICATIONS CORP NEW,78410G104,27056,95049,,SBAC
QUIDELORTHO CORP,219798105,27027,378112,,QDEL
SYNAPTICS INC,87157D109,26933,272027,,SYNA
FIRSTENERGY CORP,337932107,26879,726467,,FE
WEIS MKTS INC,948849104,26782,375936,,
LENNOX INTL INC,526107107,26743,120100,,
SIGNATURE BK NEW YORK N Y,82669G104,26678,176674,,
HOWMET AEROSPACE INC,443201108,26578,859300,,HWM
BANCO DE CHILE,059520106,26552,1502654,,
OWENS CORNING NEW,690742101,26531,337500,,OC
SOHU COM LTD,83410S108,26510,1649655,,
MAGNA INTL INC,559222401,26505,558884,,
FORRESTER RESH INC,346563109,26420,733675,,
BUCKLE INC,118440106,26371,832952,,BKE
PERION NETWORK LTD,M78673114,26334,1365143,,PERI
SONY GROUP CORPORATION,835699307,26312,410800,,SNEJF
ARCBEST CORP,03937C105,26295,361539,,
FRONTDOOR INC,35905A109,26291,1289414,,
CONSTELLATION BRANDS INC,21036P108,26275,114400,,
NUTRIEN LTD,67077M108,26231,314595,,NTR
STMICROELECTRONICS N V,861012102,26195,846624,,
CHASE CORP,16150R104,26174,313200,,
BIO RAD LABS INC,090572207,26155,62700,,
CRA INTL INC,12618T105,26040,293444,,
EXTREME NETWORKS INC,30226D106,25926,1983616,,EXTR
CHICOS FAS INC,168615102,25901,5351400,,
PENUMBRA INC,70975L107,25861,136400,,PEN
ENOVA INTL INC,29357K103,25856,883375,,
REX AMERICAN RES CORP,761624105,25796,923915,,
POWER INTEGRATIONS INC,739276103,25760,400500,,POWI
TENCENT MUSIC ENTMT GROUP,88034P109,25689,6327290,,
PATTERSON-UTI ENERGY INC,703481101,25655,2196521,,
MANULIFE FINL CORP,56501R106,25608,1634224,,
AFLAC INC,001055102,25565,454900,,AFL
KANZHUN LIMITED,48553T106,25480,1509500,,
NEWS CORP NEW,65249B109,25410,1681700,,NWSLL
WINNEBAGO INDS INC,974637100,25408,477500,,
BOX INC,10316T104,25407,1041708,,BXCAP
FERRARI N V,N3167Y103,25335,136702,,
POTLATCHDELTIC CORPORATION,737630103,25293,616299,,
CHIPMOS TECHNOLOGIES INC,16965P202,25266,1363500,,IMOS
BOSTON PROPERTIES INC,101121101,25257,336900,,
NORTONLIFELOCK INC,668771108,25215,1252000,,
WIX COM LTD,M98068105,25190,322000,,
GRUPO AEROPORTUARIO DEL SURE,40051E202,25106,127983,,
ALCON AG,H01301128,25105,431500,,
ARROWHEAD PHARMACEUTICALS IN,04280A100,24966,755400,,
INDEPENDENCE RLTY TR INC,45378A106,24811,1483046,,
QIAGEN NV,N72482123,24797,600708,,
CENOVUS ENERGY INC,15135U109,24755,1610894,,CVE
APARTMENT INCOME REIT CORP,03750L109,24670,638800,,
HUNT J B TRANS SVCS INC,445658107,24514,156721,,
INDEPENDENT BK CORP MASS,453836108,24509,328852,,
BLOOMIN BRANDS INC,094235108,24425,1332500,,
BURLINGTON STORES INC,122017106,24381,217900,,
UDR INC,902653104,24363,584098,,
ENCORE WIRE CORP,292562105,24342,210678,,
ENANTA PHARMACEUTICALS INC,29251M106,24275,468000,,ENTA
SIGA TECHNOLOGIES INC,826917106,24238,2353247,,SIGA
OLIN CORP,680665205,24197,564300,,OLN
UNITIL CORP,913259107,24180,520551,,UTL
ATKORE INC,047649108,24106,309800,,ATKR
CASEYS GEN STORES INC,147528103,24074,118872,,
KRAFT HEINZ CO,500754106,24045,721000,,KHC
BK OF AMERICA CORP,060505104,24011,795066,,
COMSTOCK RES INC,205768302,23986,1387300,,
DHT HOLDINGS INC,Y2065G121,23706,3135670,,
ROBERT HALF INTL INC,770323103,23669,309400,,
NATIONAL RETAIL PROPERTIES I,637417106,23617,592500,,
CHEGG INC,163092109,23594,1119800,,
AMER SOFTWARE INC,029683109,23593,1540000,,
APELLIS PHARMACEUTICALS INC,03753U106,23571,345113,,
ALEXANDRIA REAL ESTATE EQ IN,015271109,23566,168100,,
ISHARES TR,46434V860,23472,464800,,
INTUITIVE SURGICAL INC,46120E602,23361,124630,,ISRG
QUANEX BLDG PRODS CORP,747619104,23347,1285607,,
ANGLOGOLD ASHANTI LIMITED,035128206,23320,1687400,,
AON PLC,G0403H108,23305,87000,,AON
LIVENT CORP,53814L108,23269,759200,,
JOHNSON CTLS INTL PLC,G51502105,23254,472444,,
WATERSTONE FINL INC MD,94188P101,23211,1436336,,
ZEBRA TECHNOLOGIES CORPORATI,989207105,23196,88531,,
ATRION CORP,049904105,22944,40609,,
CARRIAGE SVCS INC,143905107,22937,713200,,
COSTAMARE INC,Y1771G102,22901,2558782,,CMRE-PB
CENTRAL GARDEN & PET CO,153527205,22881,669824,,CENTA
PTC INC,69370C100,22876,218700,,PTC
RELIANCE STEEL & ALUMINUM CO,759509102,22780,130612,,
WISDOMTREE TR,97717Y527,22762,452700,,
CANADIAN IMPERIAL BK COMM TO,136069101,22739,519628,,
BUMBLE INC,12047B105,22732,1057800,,BMBL
NATIONAL STORAGE AFFILIATES,637870106,22719,546402,,
FOX CORP,35137L204,22694,796287,,FOX
ONEMAIN HLDGS INC,68268W103,22692,768700,,
STORE CAP CORP,862121100,22674,723700,,
SAIA INC,78709Y105,22667,119298,,SAIA
MYERS INDS INC,628464109,22592,1371697,,
HAVERTY FURNITURE COS INC,419596101,22535,905006,,
LSB INDS INC,502160104,22514,1579902,,
LIVE NATION ENTERTAINMENT IN,538034109,22428,294947,,
HEICO CORP NEW,422806208,22419,195595,,HEI-A
LINCOLN NATL CORP IND,534187109,22358,509174,,
SPDR SER TR,78468R663,22259,243000,,
GAMING & LEISURE PPTYS INC,36467J108,22219,502230,,
TRANSOCEAN LTD,H8817H100,22167,8974428,,RIG
ISHARES TR,464288679,22143,201300,,
PERKINELMER INC,714046109,22141,184000,,
RALPH LAUREN CORP,751212101,22116,260400,,RL
ATLANTICA SUSTAINABLE INFR P,G0751N103,22043,838155,,
UNDER ARMOUR INC,904311107,21860,3287205,,
VANECK ETF TRUST,92189F676,21829,117917,,
VAIL RESORTS INC,91879Q109,21801,101100,,MTN
NORTHFIELD BANCORP INC DEL,66611T108,21550,1505951,,
HUNTSMAN CORP,447011107,21487,875600,,HUN
JACOBS SOLUTIONS INC,46982L108,21458,197786,,J
JANUS HENDERSON GROUP PLC,G4474Y214,21366,1052000,,
LYONDELLBASELL INDUSTRIES N,N53745100,21304,283000,,
HACKETT GROUP INC,404609109,21277,1200744,,
YELP INC,985817105,21180,624600,,YELP
TREX CO INC,89531P105,21091,480000,,TREX
VANGUARD MALVERN FDS,922020805,21058,437700,,
TRANSALTA CORP,89346D107,21056,2384341,,TRNTF
SOUTHSIDE BANCSHARES INC,84470P109,20869,590185,,SBSI
NEW RELIC INC,64829B100,20823,362900,,
ANHEUSER BUSCH INBEV SA/NV,03524A108,20756,459600,,
PGT INNOVATIONS INC,69336V101,20731,989097,,
QUALTRICS INTL INC,747601201,20723,2035700,,
FORTUNE BRANDS HOME & SEC IN,34964C106,20660,384800,,
IMAX CORP,45245E109,20624,1460600,,IMAX
SUPER MICRO COMPUTER INC,86800U104,20564,373415,,
SANDRIDGE ENERGY INC,80007P869,20526,1258465,,SD
STEWART INFORMATION SVCS COR,860372101,20498,469697,,
POST HLDGS INC,737446104,20486,250099,,
INGLES MKTS INC,457030104,20475,258484,,
AMERICAN EAGLE OUTFITTERS IN,02553E106,20454,2102163,,
SEABOARD CORP DEL,811543107,20413,5999,,
ATLAS AIR WORLDWIDE HLDGS IN,049164205,20395,213400,,
VISHAY PRECISION GROUP INC,92835K103,20351,687773,,
MACERICH CO,554382101,20347,2562562,,MAC
ACUITY BRANDS INC,00508Y102,20298,128900,,
ASANA INC,04342Y104,20280,912300,,
BROADRIDGE FINL SOLUTIONS IN,11133T103,20277,140500,,
TYLER TECHNOLOGIES INC,902252105,20259,58300,,TYL
OPEN TEXT CORP,683715106,20217,764916,,OTEX
ORGANON & CO,68622V106,20138,860600,,OGN
SJW GROUP,784305104,20125,349400,,
SITIME CORP,82982T106,20123,255600,,SITM
PAYONEER GLOBAL INC,70451X104,20121,3325800,,PAYO
LYFT INC,55087P104,20118,1527600,,
ISHARES TR,46429B747,20116,209300,,
CNH INDL N V,N20944109,20007,1791100,,
TOWNEBANK PORTSMOUTH VA,89214P109,20001,745482,,
ERICSSON,294821608,19965,3478300,,
DARDEN RESTAURANTS INC,237194105,19895,157500,,DRI
COLLEGIUM PHARMACEUTICAL INC,19459J104,19878,1240818,,
FIRST TR EXCHANGE-TRADED FD,33739Q408,19859,334772,,
SEI INVTS CO,784117103,19773,403126,,
PLAINS GP HLDGS L P,72651A207,19729,1808329,,
SPS COMM INC,78463M107,19654,158203,,
AFFIRM HLDGS INC,00827B106,19642,1047000,,
VERMILION ENERGY INC,923725105,19570,913622,,VET
PUBLIC SVC ENTERPRISE GRP IN,744573106,19557,347803,,
PERMIAN RESOURCES CORP,71424F105,19532,2872300,,PR
STERLING INFRASTRUCTURE INC,859241101,19468,906772,,
SURMODICS INC,868873100,19463,640238,,
TARO PHARMACEUTICAL INDS LTD,M8737E108,19394,646900,,
GLOBAL BLOOD THERAPEUTICS IN,37890U108,19320,283700,,
VONTIER CORPORATION,928881101,19238,1151300,,VNT
WP CAREY INC,92936U109,19223,275400,,
SERVICE CORP INTL,817565104,19147,331600,,
ALEXANDERS INC,014752109,19102,91414,,ALX
POSHMARK INC,73739W104,19022,1213900,,
BCE INC,05534B760,18982,452598,,BCPPF
PETMED EXPRESS INC,716382106,18949,970769,,PETS
IDEX CORP,45167R104,18946,94800,,
KNOWBE4 INC,49926T104,18945,910400,,
LANDSTAR SYS INC,515098101,18918,131040,,
UNIVAR SOLUTIONS INC,91336L107,18917,831902,,
IDEXX LABS INC,45168D104,18898,58004,,
IAMGOLD CORP,450913108,18895,17658596,,IAG
INTERACTIVE BROKERS GROUP IN,45841N107,18841,294800,,
IRADIMED CORP,46266A109,18833,626512,,IRMD
XPO LOGISTICS INC,983793100,18815,422620,,
CREDIT SUISSE GROUP,225401108,18779,4790619,,
ONEOK INC NEW,682680103,18718,365300,,
CAMTEK LTD,M20791105,18711,807540,,CAMT
TRINET GROUP INC,896288107,18702,262600,,
ORION ENGINEERED CARBONS S A,L72967109,18701,1400801,,
SUZANO S A,86959K105,18691,2265538,,
TERADATA CORP DEL,88076W103,18670,601100,,
ACLARIS THERAPEUTICS INC,00461U105,18655,1185178,,
ADTRAN HOLDINGS INC,00486H105,18631,951533,,
DOXIMITY INC,26622P107,18567,614400,,
MERCANTILE BK CORP,587376104,18504,622813,,
AVISTA CORP,05379B107,18474,498622,,AVA
UTAH MED PRODS INC,917488108,18471,216514,,
SELECT SECTOR SPDR TR,81369Y209,18469,152500,,
COLUMBIA FINL INC,197641103,18348,868332,,
PARTNER COMMUNICATIONS CO LT,70211M109,18313,2532850,,
MOSAIC CO NEW,61945C103,18268,377985,,MOS
QCR HOLDINGS INC,74727A104,18230,357871,,QCRH
ARCH RESOURCES INC,03940R107,18170,153200,,
UNITED STS LIME & MINERALS I,911922102,18162,177710,,
RE MAX HLDGS INC,75524W108,18125,958500,,
PILGRIMS PRIDE CORP,72147K108,18027,783113,,PPC
ARMADA HOFFLER PPTYS INC,04208T108,17960,1730281,,
AMBARELLA INC,G037AX101,17892,318478,,AMBA
CAESARS ENTERTAINMENT INC NE,12769G100,17846,553197,,
HAIN CELESTIAL GROUP INC,405217100,17724,1050022,,HAIN
GARTNER INC,366651107,17653,63800,,IT
UNIVEST FINANCIAL CORPORATIO,915271100,17607,749869,,
HILTON GRAND VACATIONS INC,43283X105,17590,534800,,HGV
BLUCORA INC,095229100,17582,909100,,
NEXPOINT RESIDENTIAL TR INC,65341D102,17574,380313,,
FIRST SOLAR INC,336433107,17524,132489,,
MALIBU BOATS INC,56117J100,17507,364801,,
KULICKE & SOFFA INDS INC,501242101,17491,453957,,
PRESTIGE CONSMR HEALTHCARE I,74112D101,17475,350702,,
ATN INTL INC,00215F107,17437,452100,,
XPERI HOLDING CORP,98390M103,17406,1230943,,
AMERICAN WTR WKS CO INC NEW,030420103,17376,133500,,
SUNRUN INC,86771W105,17270,625945,,RUN
EXP WORLD HLDGS INC,30212W100,17220,1536149,,
IRIDIUM COMMUNICATIONS INC,46269C102,17184,387299,,IRDM
VIMEO INC,92719V100,17184,4295890,,
HECLA MNG CO,422704106,17080,4335083,,
CANADIAN PAC RY LTD,13645T100,17046,255400,,
SUMITOMO MITSUI FINL GROUP I,86562M209,17009,3092570,,
COMPANHIA DE SANEAMENTO BASI,20441A102,16984,1864295,,
GILDAN ACTIVEWEAR INC,375916103,16959,599900,,GIL
FTI CONSULTING INC,302941109,16936,102200,,
HOLLYSYS AUTOMATION TCHNGY L,G45667105,16874,986770,,
ISHARES INC,46434G772,16869,391400,,
LIBERTY MEDIA CORP DEL,531229888,16842,612419,,FWONB
LIVERAMP HLDGS INC,53815P108,16838,927178,,
MIRATI THERAPEUTICS INC,60468T105,16826,240927,,
NEW YORK CMNTY BANCORP INC,649445103,16767,1965625,,
HEXCEL CORP NEW,428291108,16664,322200,,
INTERNATIONAL GAME TECHNOLOG,G4863A108,16618,1051800,,
DIGITALOCEAN HLDGS INC,25402D102,16598,458900,,
GOLDEN OCEAN GROUP LTD,G39637205,16589,2220666,,
CONFLUENT INC,20717M103,16563,696800,,
SEMTECH CORP,816850101,16529,562016,,SMTC
DICKS SPORTING GOODS INC,253393102,16439,157100,,
SUNCOKE ENERGY INC,86722A103,16346,2813468,,
FIRST MAJESTIC SILVER CORP,32076V103,16337,2143938,,AG
UNIVERSAL CORP VA,913456109,16322,354511,,
EDWARDS LIFESCIENCES CORP,28176E108,16286,197100,,EW
UNITED NAT FOODS INC,911163103,16281,473709,,
KORN FERRY,500643200,16268,346500,,KFY
TAL EDUCATION GROUP,874080104,16237,3286800,,TAL
CITY OFFICE REIT INC,178587101,16186,1623516,,
FERROGLOBE PLC,G33856108,16186,3065594,,GSM
PROCORE TECHNOLOGIES INC,74275K108,16175,326900,,
STAR BULK CARRIERS CORP.,Y8162K204,16167,924900,,SBLK
WEST FRASER TIMBER CO LTD,952845105,16157,223100,,
NICE LTD,653656108,16132,85700,,NCSYF
PINNACLE FINL PARTNERS INC,72346Q104,16106,198596,,
LATTICE SEMICONDUCTOR CORP,518415104,16042,326000,,LSCC
GUIDEWIRE SOFTWARE INC,40171V100,16035,260400,,
KNOT OFFSHORE PARTNERS LP,Y48125101,16034,1146956,,KNOP
NOVAVAX INC,670002401,16027,880583,,NVAX
SIMPSON MFG INC,829073105,16009,204200,,
EVERI HLDGS INC,30034T103,15988,985700,,
CAPRI HOLDINGS LIMITED,G1890L107,15922,414200,,
JINKOSOLAR HLDG CO LTD,47759T100,15902,287100,,
DIAMOND HILL INVT GROUP INC,25264R207,15881,96246,,
MADISON SQUARE GRDN SPRT COR,55825T103,15853,116000,,
DOVER CORP,260003108,15843,135900,,DOV
OXFORD INDS INC,691497309,15722,175121,,
GULFPORT ENERGY CORP,402635502,15689,177700,,GPOR
HALEON PLC,405552100,15670,2573121,,HLNCF
NATIONAL RESH CORP,637372202,15645,393084,,
GEO GROUP INC NEW,36162J106,15639,2030991,,GEO
RUSH ENTERPRISES INC,781846308,15638,326399,,
BARRETT BUSINESS SVCS INC,068463108,15616,200200,,
CLEAR SECURE INC,18467V109,15543,679900,,
ONE LIBERTY PPTYS INC,682406103,15528,738729,,
STANTEC INC,85472N109,15516,354000,,STN
SITEONE LANDSCAPE SUPPLY INC,82982L103,15486,148700,,
ENBRIDGE INC,29250N105,15478,417200,,ENBNF
CLEARFIELD INC,18482P103,15357,146758,,
ARTESIAN RES CORP,043113208,15356,319111,,
ZIPRECRUITER INC,98980B103,15352,930400,,
ARGAN INC,04010E109,15348,477099,,AGX
KORNIT DIGITAL LTD,M6372Q113,15346,576700,,KRNT
ATI INC,01741R102,15293,574692,,ATI
ROCKET COS INC,77311W101,15253,2413400,,
SUMO LOGIC INC,86646P103,15209,2027900,,
HAYNES INTL INC,420877201,15191,432546,,
ANIKA THERAPEUTICS INC,035255108,15149,636517,,
BRITISH AMERN TOB PLC,110448107,15141,426499,,
AGILYSYS INC,00847J105,15019,271352,,AGYS
AZENTA INC,114340102,14997,349906,,
LIBERTY BROADBAND CORP,530307305,14980,202975,,LBRDP
WSFS FINL CORP,929328102,14963,322055,,
CIVEO CORP CDA,17878Y207,14961,595348,,
VMWARE INC,928563402,14937,140308,,
HAWAIIAN ELEC INDUSTRIES,419870100,14852,428500,,
CHARTER COMMUNICATIONS INC N,16119P108,14834,48900,,
SANDSTORM GOLD LTD,80013R206,14719,2846600,,
ENERPLUS CORP,292766102,14669,1035200,,
SILICON LABORATORIES INC,826919102,14664,118798,,SLAB
STONECO LTD,G85158106,14634,1535540,,STNE
SFL CORPORATION LTD,G7738W106,14562,1598497,,SFL
GOLDMAN SACHS ETF TR,381430529,14558,145800,,
EVO PMTS INC,26927E104,14532,436400,,
AVALONBAY CMNTYS INC,053484101,14517,78814,,
ENCOMPASS HEALTH CORP,29261A100,14514,320900,,EHC
BRUKER CORP,116794108,14512,273510,,BRKRP
HF SINCLAIR CORP,403949100,14509,269482,,DINO
WARNER MUSIC GROUP CORP,934550203,14499,624700,,WMG
GREAT SOUTHN BANCORP INC,390905107,14484,253800,,
CHURCHILL DOWNS INC,171484108,14479,78625,,CHDN
STERIS PLC,G8473T100,14468,87008,,STE
DELEK US HLDGS INC NEW,24665A103,14443,532169,,
HARMONY BIOSCIENCES HLDGS IN,413197104,14394,325000,,
OLD REP INTL CORP,680223104,14282,682385,,
AMEREN CORP,023608102,14275,177218,,AEE
DESCARTES SYS GROUP INC,249906108,14233,224042,,
EZCORP INC,302301106,14207,1842666,,EZPW
RESTAURANT BRANDS INTL INC,76131D103,14178,266600,,
DOUGLAS ELLIMAN INC,25961D105,14172,3456523,,DOUG
HALOZYME THERAPEUTICS INC,40637H109,14167,358300,,
OPENDOOR TECHNOLOGIES INC,683712103,14112,4537700,,OPENZ
OTTER TAIL CORP,689648103,14107,229314,,OTTR
PROASSURANCE CORP,74267C106,14102,722800,,
DAVE & BUSTERS ENTMT INC,238337109,14101,454447,,
IRONSOURCE LTD,M5R75Y101,14077,4092200,,
PLAYTIKA HLDG CORP,72815L107,14072,1498600,,
INTEGRA LIFESCIENCES HLDGS C,457985208,14012,330773,,
GRANITE REAL ESTATE INVT TR,387437114,14007,289900,,
FORMA THERAPEUTICS HLDGS INC,34633R104,13967,700100,,
CANADIAN SOLAR INC,136635109,13935,374102,,CSIQ
MOHAWK INDS INC,608190104,13906,152500,,
AGREE RLTY CORP,008492100,13874,205300,,
HOMETRUST BANCSHARES INC,437872104,13868,627515,,
PIEDMONT OFFICE REALTY TR IN,720190206,13864,1312900,,
SAPIENS INTL CORP N V,G7T16G103,13835,721303,,
MATSON INC,57686G105,13719,222994,,
TOOTSIE ROLL INDS INC,890516107,13694,411476,,
JUNIPER NETWORKS INC,48203R104,13682,523800,,
BEST BUY INC,086516101,13637,215300,,
QUANTUMSCAPE CORP,74767V109,13625,1620100,,QS
BRIDGEBIO PHARMA INC,10806X102,13585,1366746,,
NEW GOLD INC CDA,644535106,13552,15400364,,
BAXTER INTL INC,071813109,13530,251200,,
HARROW HEALTH INC,415858109,13429,1112612,,
TREEHOUSE FOODS INC,89469A104,13384,315505,,
PACWEST BANCORP DEL,695263103,13367,591479,,
CNX RES CORP,12653C108,13354,859895,,
BANK OZK,06417N103,13347,337397,,OZKAP
STRIDE INC,86333M108,13340,317391,,
SINCLAIR BROADCAST GROUP INC,829226109,13337,737271,,
OSISKO GOLD ROYALTIES LTD,68827L101,13323,1308474,,
RADNET INC,750491102,13290,653070,,
PAGSEGURO DIGITAL LTD,G68707101,13283,1004000,,PAGS
CELSIUS HLDGS INC,15118V207,13266,146300,,
APPLIED INDL TECHNOLOGIES IN,03820C105,13212,128550,,
DILLARDS INC,254067101,13202,48400,,
SAFETY INS GROUP INC,78648T100,13181,161614,,
HEALTHSTREAM INC,42222N103,13139,618000,,HSTM
GRUPO AEROPORTUARIO DEL CENT,400501102,13117,261600,,
MIDDLESEX WTR CO,596680108,13093,169600,,
PIEDMONT LITHIUM INC,72016P105,12977,242600,,
SIRIUS XM HOLDINGS INC,82968B103,12969,2271303,,SIRI
HERITAGE CRYSTAL CLEAN INC,42726M106,12949,437900,,
CAREDX INC,14167L103,12942,760400,,
BIGCOMMERCE HLDGS INC,08975P108,12880,870300,,
DHI GROUP INC,23331S100,12841,2386860,,
MAXLINEAR INC,57776J100,12784,391913,,
CGI INC,12532H104,12763,169600,,GIB
ALTIMMUNE INC,02155H200,12747,998200,,
GALAPAGOS NV,36315X101,12732,298600,,
INVESCO LTD,G491BT108,12667,924600,,IVZ
CENTRUS ENERGY CORP,15643U104,12656,308835,,LEU
PREMIER FINANCIAL CORP,74052F108,12635,491620,,
TRIMBLE INC,896239100,12604,232244,,TRMB
AVIENT CORPORATION,05368V106,12582,415258,,AVNT
PUBMATIC INC,74467Q103,12541,754100,,
PARK AEROSPACE CORP,70014A104,12537,1135597,,PKE
TORM PLC,G89479102,12511,611989,,TRMD
HUDBAY MINERALS INC,443628102,12507,3103929,,HBM
ALARM COM HLDGS INC,011642105,12492,192600,,
PROCTER AND GAMBLE CO,742718109,12492,98950,,
PVH CORPORATION,693656100,12462,278170,,
PEBBLEBROOK HOTEL TR,70509V100,12393,854100,,
CAMDEN NATL CORP,133034108,12384,290700,,
MANNING & NAPIER INC,56382Q102,12379,1008868,,
NATIONAL PRESTO INDS INC,637215104,12346,189800,,
CHEMOURS CO,163851108,12343,500711,,CC
BRT APARTMENTS CORP,055645303,12342,607691,,BRT
BANCO SANTANDER CHILE NEW,05965X109,12277,876300,,BSAC
EAST WEST BANCORP INC,27579R104,12269,182733,,EWBC
STATE STR CORP,857477103,12253,201500,,
UMB FINL CORP,902788108,12247,145300,,
SYNOVUS FINL CORP,87161C501,12225,325918,,
CARDIOVASCULAR SYS INC DEL,141619106,12218,881531,,
SILVERCORP METALS INC,82835P103,12211,5239322,,SVM
SANFILIPPO JOHN B & SON INC,800422107,12193,161000,,JBSS
AMPHASTAR PHARMACEUTICALS IN,03209R103,12190,433800,,
ALGOMA STL GROUP INC,015658107,12183,1891817,,
PIPER SANDLER COMPANIES,724078100,12181,116295,,PIPR
RICHARDSON ELECTRS LTD,763165107,12175,806277,,
SENTINELONE INC,81730H109,12138,474900,,
FATE THERAPEUTICS INC,31189P102,12046,537519,,FATE
CALAVO GROWERS INC,128246105,12040,379200,,
DENALI THERAPEUTICS INC,24823R105,12037,392200,,DNLI
AERIE PHARMACEUTICALS INC,00771V108,12036,795473,,
LUFAX HOLDING LTD,54975P102,11991,4720976,,LU
EVOLUTION PETE CORP,30049A107,11883,1707313,,
EQUITABLE HLDGS INC,29452E101,11871,450500,,
RYAN SPECIALTY HOLDINGS INC,78351F107,11857,291900,,
WABASH NATL CORP,929566107,11851,761648,,
VILLAGE SUPER MKT INC,927107409,11847,612884,,
ICL GROUP LTD,M53213100,11826,1445776,,ICL
WYNN RESORTS LTD,983134107,11799,187200,,WYNN
JOHNSON OUTDOORS INC,479167108,11755,229100,,JOUT
INDEPENDENT BK CORP MICH,453838609,11748,615100,,
STEPSTONE GROUP INC,85914M107,11740,479000,,STEP
TUCOWS INC,898697206,11718,312675,,
WENDYS CO,95058W100,11698,625882,,
STIFEL FINL CORP,860630102,11665,224715,,
DUKE REALTY CORP,264411505,11655,241800,,
MAXIMUS INC,577933104,11615,200700,,
SNAP ON INC,833034101,11578,57500,,
DORMAN PRODS INC,258278100,11562,140800,,
EMPLOYERS HLDGS INC,292218104,11558,335100,,
GERDAU SA,373737105,11545,2554300,,
IMPINJ INC,453204109,11540,144200,,PI
GFL ENVIRONMENTAL INC,36168Q104,11539,456270,,GFL
SPDR GOLD TR,78463V107,11507,74400,,
LIBERTY MEDIA CORP DEL,531229870,11470,218397,,FWONB
TOYOTA MOTOR CORP,892331307,11466,88000,,
AMERISOURCEBERGEN CORP,03073E105,11449,84600,,
MUELLER INDS INC,624756102,11442,192500,,
BEL FUSE INC,077347300,11427,452551,,
GIBRALTAR INDS INC,374689107,11406,278665,,
NEWELL BRANDS INC,651229106,11405,821127,,NWL
TWILIO INC,90138F102,11387,164700,,TWLO
CALIFORNIA RES CORP,13057Q305,11381,296136,,
TERRENO RLTY CORP,88146M101,11366,214500,,
LIFE STORAGE INC,53223X107,11320,102200,,
NATIONAL FUEL GAS CO,636180101,11282,183300,,NFG
ALASKA AIR GROUP INC,011659109,11271,287900,,
EMCOR GROUP INC,29084Q100,11271,97600,,
RED ROCK RESORTS INC,75700L108,11258,328600,,
NATHANS FAMOUS INC NEW,632347100,11251,176707,,
MURPHY OIL CORP,626717102,11223,319100,,MUR
MATERION CORP,576690101,11209,140107,,MTRN
FIDELITY NATIONAL FINANCIAL,31620R303,11168,308500,,
CVB FINL CORP,126600105,11158,440694,,
SUN LIFE FINANCIAL INC.,866796105,11157,280600,,SLFQF
ZUORA INC,98983V106,11149,1510700,,
DYNAVAX TECHNOLOGIES CORP,268158201,11122,1065351,,
UNIVERSAL HEALTH RLTY INCOME,91359E105,11114,257210,,
RCM TECHNOLOGIES INC,749360400,11080,663873,,
WESTERN NEW ENG BANCORP INC,958892101,11080,1362844,,
LENDINGCLUB CORP,52603A208,10993,994820,,
ECOPETROL S A,279158109,10970,1228430,,
CANADIAN NAT RES LTD,136385101,10942,235100,,
MSCI INC,55354G100,10933,25921,,MSCI
RLX TECHNOLOGY INC,74969N103,10909,10389800,,RLX
TWITTER INC,90184L102,10863,247796,,
GOODYEAR TIRE & RUBR CO,382550101,10857,1076054,,
BREAD FINANCIAL HOLDINGS INC,018581108,10826,344242,,
ZTO EXPRESS CAYMAN INC,98980A105,10811,449900,,
FORWARD AIR CORP,349853101,10810,119764,,FWRD
RAYONIER INC,754907103,10761,359071,,RYN
PACKAGING CORP AMER,695156109,10735,95600,,
TIMKENSTEEL CORPORATION,887399103,10723,715346,,
TELEFONICA BRASIL SA,87936R205,10697,1422500,,
STRATASYS LTD,M85548101,10634,737932,,SSYS
LUMENTUM HLDGS INC,55024U109,10628,155000,,
CENTRAL PAC FINL CORP,154760409,10608,512700,,
RMR GROUP INC,74967R106,10604,447616,,RMR
RUSH ENTERPRISES INC,781846209,10593,241510,,
VERITIV CORP,923454102,10588,108300,,
ARDAGH METAL PACKAGING S A,L02235106,10543,2178329,,
NACCO INDS INC,629579103,10531,223917,,
AGENUS INC,00847G705,10517,5130415,,AGEN
AVIAT NETWORKS INC,05366Y201,10510,383870,,
APPLE HOSPITALITY REIT INC,03784Y200,10462,744100,,
OOMA INC,683416101,10404,845839,,OOMA
RLJ LODGING TR,74965L101,10379,1025632,,
GOODRX HLDGS INC,38246G108,10375,2221622,,
ROLLINS INC,775711104,10373,299100,,ROL
KYNDRYL HLDGS INC,50155Q100,10361,1252900,,
KRONOS WORLDWIDE INC,50105F105,10351,1108200,,KRO
FIBROGEN INC,31572Q808,10343,795000,,
INTERCEPT PHARMACEUTICALS IN,45845P108,10312,739200,,
FRANKLIN COVEY CO,353469109,10299,226903,,FC
OPEN LENDING CORP,68373J104,10278,1278325,,LPRO
AXIS CAP HLDGS LTD,G0692U109,10262,208796,,
FIRST FINL BANKSHARES INC,32020R109,10256,245182,,
JEFFERIES FINL GROUP INC,47233W109,10198,345689,,
MFA FINL INC,55272X607,10179,1308325,,
GENCO SHIPPING & TRADING LTD,Y2685T131,10159,810808,,GNK
RESMED INC,761152107,10146,46556,,RSMDF
CAE INC,124765108,10102,658746,,CAE
ISHARES TR,46429B267,10101,443800,,
TORO CO,891092108,10084,116600,,TTC
ENTRAVISION COMMUNICATIONS C,29382R107,10060,2533995,,
DOLBY LABORATORIES INC,25659T107,10059,154402,,
APPFOLIO INC,03783C100,10053,96000,,APPF
SANMINA CORPORATION,801056102,10052,218133,,SANM
FIRST LONG IS CORP,320734106,10048,582850,,
NABORS INDUSTRIES LTD,G6359F137,10013,98700,,NBR
SUN CMNTYS INC,866674104,9947,73500,,
PINNACLE WEST CAP CORP,723484101,9942,154123,,
POPULAR INC,733174700,9939,137925,,
TERNIUM SA,880890108,9934,362700,,
AMERICAN PUB ED INC,02913V103,9928,1086193,,
COLUMBIA BKG SYS INC,197236102,9920,343386,,
TERRITORIAL BANCORP INC,88145X108,9909,534441,,
SHENANDOAH TELECOMMUNICATION,82312B106,9900,581694,,
TRAVEL PLUS LEISURE CO,894164102,9896,290026,,
TATA MTRS LTD,876568502,9886,407500,,
SKYWORKS SOLUTIONS INC,83088M102,9849,115500,,
ALPHA & OMEGA SEMICONDUCTOR,G6331P104,9834,319700,,AOSL
DIAMONDROCK HOSPITALITY CO,252784301,9834,1309484,,DRH
EAGLE BULK SHIPPING INC,Y2187A150,9819,227400,,
NEW FORTRESS ENERGY INC,644393100,9804,224300,,NFE
TRICO BANCSHARES,896095106,9783,219114,,
FIRST AMERN FINL CORP,31847R102,9756,211625,,
BELDEN INC,077454106,9709,161763,,BDC
GREAT LAKES DREDGE & DOCK CO,390607109,9708,1280801,,
CENTRAL GARDEN & PET CO,153527106,9623,267011,,CENTA
ESSENTIAL UTILS INC,29670G102,9575,231390,,
HARMONY GOLD MINING CO LTD,413216300,9567,3937020,,HGMCF
SAFE BULKERS INC,Y7388L103,9565,3872486,,
SYLVAMO CORP,871332102,9533,281200,,SLVM
ASHLAND INC,044186104,9523,100275,,ASH
DIODES INC,254543101,9506,146451,,
ORTHOFIX MED INC,68752M108,9501,497190,,
PROSPERITY BANCSHARES INC,743606105,9453,141772,,PB
BADGER METER INC,056525108,9451,102300,,BMI
AEROVIRONMENT INC,008073108,9448,113336,,AVAV
BENTLEY SYS INC,08265T208,9431,308300,,
SKYWEST INC,830879102,9430,579968,,SKYW
AVNET INC,053807103,9419,260780,,AVT
KONINKLIJKE PHILIPS N V,500472303,9407,611267,,
FUTUREFUEL CORP,36116M106,9406,1557300,,FF
LIBERTY ENERGY INC,53115L104,9401,741400,,LBRT
EURONET WORLDWIDE INC,298736109,9398,124045,,
ASGN INC,00191U102,9389,103894,,
WEIBO CORP,948596101,9369,547908,,WEIBF
IDACORP INC,451107106,9346,94399,,IDA
WILLIS LEASE FIN CORP,970646105,9288,283703,,
STAR GROUP L P,85512C105,9287,1142345,,
SIX FLAGS ENTMT CORP NEW,83001A102,9278,524200,,
ANGIODYNAMICS INC,03475V101,9269,453014,,ANGO
BROOKLINE BANCORP INC DEL,11373M107,9254,794303,,
KIMBALL INTL INC,494274103,9205,1463485,,
TEXAS ROADHOUSE INC,882681109,9169,105072,,
HANCOCK WHITNEY CORPORATION,410120109,9147,199673,,HWCPZ
MAGNOLIA OIL & GAS CORP,559663109,9138,461300,,MGY
BRINKER INTL INC,109641100,9113,364800,,
ELEMENT SOLUTIONS INC,28618M106,9098,559200,,ESI
DUCOMMUN INC DEL,264147109,9094,229300,,
GLOBAL SHIP LEASE INC NEW,Y27183600,9085,575728,,
FORTUNA SILVER MINES INC,349915108,9073,3600571,,
IQIYI INC,46267X108,9056,3341800,,
HEICO CORP NEW,422806109,9042,62800,,HEI-A
COCA COLA CONS INC,191098102,8987,21827,,
BRIGHAM MINERALS INC,10918L103,8970,363600,,
TECHNIPFMC PLC,G87110105,8952,1058100,,FTI
GXO LOGISTICS INCORPORATED,36262G101,8940,255000,,
CUTERA INC,232109108,8930,195832,,
STRATEGIC ED INC,86272C103,8909,145081,,
COTY INC,222070203,8887,1406130,,COTY
CARMAX INC,143130102,8840,133900,,KMX
AMERISAFE INC,03071H100,8832,188993,,AMSF
CAVCO INDS INC DEL,149568107,8797,42755,,
UNITED STATES CELLULAR CORP,911684108,8784,337462,,
TIM S A,88706T108,8757,783248,,
UPWORK INC,91688F104,8755,642800,,
JELD-WEN HLDG INC,47580P103,8749,999900,,
VISTA ENERGY S.A.B. DE C.V.,92837L109,8735,927300,,
CONTEXTLOGIC INC,21077C107,8701,11855639,,
MILLERKNOLL INC,600544100,8669,555683,,
KNIGHT-SWIFT TRANSN HLDGS IN,499049104,8657,176927,,
SPOK HLDGS INC,84863T106,8649,1132030,,
PAGERDUTY INC,69553P100,8647,374800,,
ISHARES TR,464287739,8639,106100,,
CEMEX SAB DE CV,151290889,8635,2517393,,CXMSF
VANECK ETF TRUST,92189F106,8635,358000,,
MACATAWA BK CORP,554225102,8633,932317,,
CHATHAM LODGING TR,16208T102,8624,873759,,
COUSINS PPTYS INC,222795502,8624,369331,,
COMMERCIAL VEH GROUP INC,202608105,8618,1915004,,
WASHINGTON FED INC,938824109,8613,287276,,
INFORMATION SVCS GROUP INC,45675Y104,8566,1799610,,
NEXTIER OILFIELD SOLUTIONS,65290C105,8554,1155906,,
ISHARES GOLD TR,464285204,8529,270500,,
FIRST BUSEY CORP,319383204,8527,387931,,
ALTERYX INC,02156B103,8510,152400,,
ESSENT GROUP LTD,G3198U102,8498,243700,,ESNT
NEWS CORP NEW,65249B208,8461,548730,,NWSLL
LAKELAND BANCORP INC,511637100,8454,528075,,
HIMS & HERS HEALTH INC,433000106,8453,1514800,,
ARROW FINL CORP,042744102,8441,292882,,
TORONTO DOMINION BK ONT,891160509,8418,137275,,
CORNING INC,219350105,8381,288800,,
ALLEGRO MICROSYSTEMS INC,01749D105,8376,383332,,
GRAFTECH INTL LTD,384313508,8352,1937900,,
VIAVI SOLUTIONS INC,925550105,8326,638000,,VIAV
HESS MIDSTREAM LP,428103105,8289,324800,,HESM
GLOBAL INDUSTRIAL COMPANY,37892E102,8263,307974,,
EASTERN BANKSHARES INC,27627N105,8225,418800,,
VOYA FINANCIAL INC,929089100,8186,135300,,
SOUTHERN COPPER CORP,84265V105,8181,182456,,
ISHARES TR,464287440,8169,85100,,
SANGAMO THERAPEUTICS INC,800677106,8164,1666096,,
ACADIA RLTY TR,004239109,8153,646001,,
IMMUNOGEN INC,45253H101,8151,1705140,,
METHANEX CORP,59151K108,8143,255550,,MEOH
FIRST FINANCIAL NORTHWEST IN,32022K102,8139,548482,,
GRAN TIERRA ENERGY INC,38500T101,8135,6722775,,GTE
HOVNANIAN ENTERPRISES INC,442487401,8129,227715,,HOVNP
HUDSON TECHNOLOGIES INC,444144109,8117,1104350,,
TRANSGLOBE ENERGY CORP,893662106,8060,3007301,,
DOMO INC,257554105,8056,447800,,
PREFERRED BK LOS ANGELES CA,740367404,8040,123255,,
EMBRAER S.A.,29082A107,8032,933900,,EMBJ
SAUL CTRS INC,804395101,8009,213574,,
SIGNIFY HEALTH INC,82671G100,7993,274200,,
BCB BANCORP INC,055298103,7991,474778,,BCBP
JABIL INC,466313103,7964,138000,,JBL
SABRE CORP,78573M104,7952,1544000,,SABR
BLACK HILLS CORP,092113109,7931,117100,,
RAYONIER ADVANCED MATLS INC,75508B104,7928,2516786,,
HUB GROUP INC,443320106,7914,114736,,
TOWER SEMICONDUCTOR LTD,M87915274,7907,179960,,TSEM
TRINSEO PLC,G9059U107,7903,431400,,TSEOQ
FIGS INC,30260D103,7889,956300,,
BANCO BRADESCO S A,059460303,7837,2129595,,
THOR INDS INC,885160101,7831,111900,,
EXTRA SPACE STORAGE INC,30225T102,7806,45200,,EXR
A-MARK PRECIOUS METALS INC,00181T107,7784,274184,,
ACCURAY INC,004397105,7763,3732175,,ARAY
IOVANCE BIOTHERAPEUTICS INC,462260100,7746,808600,,
TILLYS INC,886885102,7735,1117812,,
CHINDATA GROUP HLDGS LTD,16955F107,7701,953100,,
POWELL INDS INC,739128106,7697,365135,,
AMERICAN WELL CORP,03044L105,7679,2139000,,AMWL
ROCKET PHARMACEUTICALS INC,77313F106,7658,479800,,
KINETIK HOLDINGS INC,02215L209,7655,234962,,KNTK
COMPANIA CERVECERIAS UNIDAS,204429104,7650,709665,,
PHILLIPS EDISON & CO INC,71844V201,7635,272200,,
WW INTL INC,98262P101,7588,1930912,,
HILLTOP HOLDINGS INC,432748101,7586,305254,,HTH
ISHARES TR,464287184,7577,293000,,
MITSUBISHI UFJ FINL GROUP IN,606822104,7560,1679900,,
INFRA AND ENERGY ALTRNTIVE I,45686J104,7557,558100,,
LAREDO PETROLEUM INC,516806205,7556,120230,,
VIPER ENERGY PARTNERS LP,92763M105,7552,263500,,
SCIENCE APPLICATIONS INTL CO,808625107,7548,85350,,
RESOLUTE FST PRODS INC,76117W109,7540,377000,,
SCIPLAY CORPORATION,809087109,7533,640600,,
PEAPACK-GLADSTONE FINL CORP,704699107,7532,223820,,
NEXSTAR MEDIA GROUP INC,65336K103,7526,45105,,
MERCER INTL INC,588056101,7524,611700,,
TRAVELCENTERS OF AMERICA INC,89421B109,7511,139280,,
CUSHMAN WAKEFIELD PLC,G2717B108,7507,655600,,
ITEOS THERAPEUTICS INC,46565G104,7485,392900,,
INOGEN INC,45780L104,7473,307800,,INGN
ISHARES TR,46429B655,7470,148600,,
G WILLI FOOD INTL LTD,M52523103,7455,554652,,
ALTISOURCE PORTFOLIO SOLNS S,L0175J104,7453,568522,,
VORNADO RLTY TR,929042109,7413,320099,,
APTARGROUP INC,038336103,7412,78000,,
INSTALLED BLDG PRODS INC,45780R101,7370,91000,,
CONCENTRIX CORP,20602D101,7345,65800,,CNXC
BRIGHTCOVE INC,10921T101,7340,1165051,,
OWL ROCK CAPITAL CORPORATION,69121K104,7336,707471,,
TEEKAY CORPORATION,Y8564W103,7327,2040875,,TK
ESSEX PPTY TR INC,297178105,7322,30226,,
INSPERITY INC,45778Q107,7310,71600,,
FINANCIAL INSTNS INC,317585404,7300,303300,,
MDU RES GROUP INC,552690109,7298,266850,,
BANKFINANCIAL CORP,06643P104,7286,770206,,
FLEX LTD,Y2573F102,7281,437054,,FLEX
BLUE OWL CAPITAL INC,09581B103,7268,787400,,OWL
J & J SNACK FOODS CORP,466032109,7258,56056,,
EAGLE PHARMACEUTICALS INC,269796108,7246,274279,,
BRIDGEWATER BANCSHARES INC,108621103,7238,439447,,BWBBP
MANPOWERGROUP INC WIS,56418H100,7236,111852,,
PHIBRO ANIMAL HEALTH CORP,71742Q106,7197,541500,,PAHC
GRINDROD SHIPPING HOLDINGS L,Y28895103,7181,300095,,
FOX FACTORY HLDG CORP,35138V102,7180,90793,,
NATURAL GROCERS BY VITAMIN C,63888U108,7175,665009,,
BIOCRYST PHARMACEUTICALS INC,09058V103,7124,565380,,BCRX
1ST SOURCE CORP,336901103,7123,153840,,SRCE
MOELIS & CO,60786M105,7118,210544,,MC
ICU MED INC,44930G107,7108,47200,,
FUTU HLDGS LTD,36118L106,7100,190400,,
TEJON RANCH CO,879080109,7100,493048,,TRC
CONNECTONE BANCORP INC,20786W107,7061,306189,,
SELECT SECTOR SPDR TR,81369Y407,7051,49500,,
TIMBERLAND BANCORP INC,887098101,7042,254689,,TSBK
UNIVERSAL TECHNICAL INST INC,913915104,7034,1293094,,
ACACIA RESH CORP,003881307,7033,1740800,,
ESSA BANCORP INC,29667D104,7029,362518,,
GLOBAL CORD BLOOD CORPORATIO,G39342103,7017,2348549,,
INVESCO EXCH TRD SLF IDX FD,46138J882,6996,330300,,
NORTHEAST BK LEWISTON ME,66405S100,6987,190545,,
W & T OFFSHORE INC,92922P106,6971,1189529,,
TITAN MACHY INC,88830R101,6969,246600,,
HUYA INC,44852D108,6936,3124124,,HUYA
PURECYCLE TECHNOLOGIES INC,74623V103,6927,858400,,
POTBELLY CORP,73754Y100,6922,1528054,,
STITCH FIX INC,860897107,6911,1749500,,
MACOM TECH SOLUTIONS HLDGS I,55405Y100,6910,133415,,
LINCOLN ELEC HLDGS INC,533900106,6894,54838,,
ORASURE TECHNOLOGIES INC,68554V108,6883,1816043,,OSUR
ANGI INC,00183L102,6878,2331496,,ANGI
MSA SAFETY INC,553498106,6863,62800,,MNESP
AGCO CORP,001084102,6857,71300,,
SMART GLOBAL HLDGS INC,G8232Y101,6854,431872,,
ISHARES TR,464287176,6853,65330,,
BGC PARTNERS INC,05541T101,6842,2178948,,
KILROY RLTY CORP,49427F108,6822,162000,,
ALECTOR INC,014442107,6817,720583,,
RESOURCES CONNECTION INC,76122Q105,6815,377143,,
FREEPORT-MCMORAN INC,35671D857,6800,248800,,FCX
PZENA INVT MGMT INC,74731Q103,6798,717050,,
DIME CMNTY BANCSHARES INC,25432X102,6787,231804,,
ISHARES INC,464286772,6782,143200,,
PLAYAGS INC,72814N104,6781,1279342,,
PRICESMART INC,741511109,6776,117665,,PSMT
CLOVER HEALTH INVESTMENTS CO,18914F103,6767,3980700,,
APARTMENT INVT & MGMT CO,03748R747,6763,926440,,
IPG PHOTONICS CORP,44980X109,6748,80000,,IPGP
MASIMO CORP,574795100,6747,47800,,
ACCOLADE INC,00437E102,6740,590200,,
TASEKO MINES LTD,876511106,6740,5912017,,
TOAST INC,888787108,6738,403000,,
REGIONAL MGMT CORP,75902K106,6733,240137,,
WESTLAKE CORPORATION,960413102,6733,77500,,WLK
ITT INC,45073V108,6723,102900,,ITT
ST JOE CO,790148100,6717,209700,,JOE
OIL DRI CORP AMER,677864100,6714,277446,,
RIO TINTO PLC,767204100,6701,121700,,RTPPF
GRUPO SIMEC SAB DE C V,400491106,6686,227045,,
NVE CORP,629445206,6685,143300,,
ADAMS RES & ENERGY INC,006351308,6674,223956,,
JAKKS PAC INC,47012E403,6671,345118,,
OLD SECOND BANCORP INC ILL,680277100,6671,511225,,
ARC DOCUMENT SOLUTIONS INC,00191G103,6664,2948477,,
CONSOLIDATED COMM HLDGS INC,209034107,6659,1600603,,
MANCHESTER UTD PLC NEW,G5784H106,6623,499100,,
IROBOT CORP,462726100,6602,117200,,
CHORD ENERGY CORPORATION,674215207,6601,48265,,CHRD
FLUSHING FINL CORP,343873105,6563,338800,,
GENTEX CORP,371901109,6540,274335,,GNTX
CHUYS HLDGS INC,171604101,6525,281500,,
CENTERPOINT ENERGY INC,15189T107,6518,231300,,CNP
GRANITE CONSTR INC,387328107,6517,256665,,
LSI INDS INC OHIO,50216C108,6517,847471,,
MAGIC SOFTWARE ENTERPRISES L,559166103,6516,418764,,
PROMETHEUS BIOSCIENCES INC,74349U108,6507,110275,,
PCSB FINL CORP,69324R104,6506,362882,,
ALLIED MOTION TECHNOLOGIES I,019330109,6503,227222,,
AMERCO,023586100,6501,12766,,
ENZO BIOCHEM INC,294100102,6489,2909664,,
COURSERA INC,22266M104,6467,599900,,
FULGENT GENETICS INC,359664109,6465,169600,,
DOUBLEVERIFY HLDGS INC,25862V105,6460,236200,,
LIBERTY MEDIA CORP DEL,531229706,6441,228800,,FWONB
DT MIDSTREAM INC,23345M107,6408,123500,,
MARCUS & MILLICHAP INC,566324109,6402,195300,,
FEDERAL RLTY INVT TR NEW,313745101,6399,71000,,
BASSETT FURNITURE INDS INC,070203104,6389,407461,,
INOTIV INC,45783Q100,6362,377565,,
LITTELFUSE INC,537008104,6305,31734,,
OSCAR HEALTH INC,687793109,6304,1263400,,
QUALCOMM INC,747525103,6277,55560,,
SELECT SECTOR SPDR TR,81369Y605,6260,206200,,
SOUTHSTATE CORPORATION,840441109,6245,78937,,
EPR PPTYS,26884U109,6232,173800,,
AEROJET ROCKETDYNE HLDGS INC,007800105,6226,155700,,
PARK HOTELS & RESORTS INC,700517105,6185,549300,,PK
HINGHAM INSTN SVGS MASS,433323102,6179,24608,,
DESIGNER BRANDS INC,250565108,6143,401230,,DBI
IMPERIAL OIL LTD,453038408,6129,141609,,IMO
INVESCO ACTVELY MNGD ETC FD,46090F100,6116,378000,,
ISHARES TR,464287242,6086,59400,,
LEVI STRAUSS & CO NEW,52736R102,6086,420600,,LEVI
SUMMIT FINL GROUP INC,86606G101,6073,225435,,
LAKELAND INDS INC,511795106,6071,526502,,
SKILLZ INC,83067L109,6060,5941607,,
VIA RENEWABLES INC,92556D106,6060,876948,,
DIANA SHIPPING INC,Y2066G104,6040,1673219,,DSX-WT
DOUGLAS EMMETT INC,25960P109,6030,336300,,DEI
GOGO INC,38046C109,6026,497200,,GOGO
LCI INDS,50189K103,6006,59200,,
O2MICRO INTERNATIONAL LIMITE,67107W100,5955,1407749,,
SILVERBOW RES INC,82836G102,5953,221476,,
GENIE ENERGY LTD,372284208,5944,635685,,GNE
IRON MTN INC DEL,46284V101,5914,134500,,
SUNOPTA INC,8676EP108,5893,647596,,
FIRST NORTHWEST BANCORP,335834107,5885,365499,,FNWB
CONDUENT INC,206787103,5877,1759600,,CNDT
LIGHTSPEED COMMERCE INC,53229C107,5866,333400,,LSPD
GRAHAM HLDGS CO,384637104,5863,10898,,
COMMUNITY TR BANCORP INC,204149108,5834,143882,,
BROWN FORMAN CORP,115637100,5815,86076,,BF-B
ISHARES TR,464288646,5810,117900,,
LENDINGTREE INC NEW,52603B107,5808,243400,,
KFORCE INC,493732101,5803,98949,,KFRC
FOSSIL GROUP INC,34988V106,5795,1694485,,
CONSTELLIUM SE,F21107101,5794,571421,,CSTM
PCTEL INC,69325Q105,5789,1226586,,
FUNKO INC,361008105,5752,284468,,
SCHRODINGER INC,80810D103,5743,229900,,
EMBOTELLADORA ANDINA S A,29081P303,5728,565415,,
WAYSIDE TECHNOLOGY GROUP INC,946760105,5712,212496,,
AVID TECHNOLOGY INC,05367P100,5710,245500,,
CATO CORP NEW,149205106,5697,597202,,CATO
TRIP COM GROUP LTD,89677Q107,5691,208400,,
GENERAL MTRS CO,37045V100,5690,177300,,
ISHARES TR,46429B671,5669,133200,,
GRAPHIC PACKAGING HLDG CO,388689101,5660,286718,,
WASHINGTON REAL ESTATE INVT,939653101,5656,322100,,
PFSWEB INC,717098206,5655,606810,,
EVOQUA WATER TECHNOLOGIES CO,30057T105,5652,170900,,
DIGITAL TURBINE INC,25400W102,5631,390800,,
JAMES HARDIE INDS PLC,47030M106,5622,284227,,
EXPONENT INC,30214U102,5620,64100,,EXPO
RUTHS HOSPITALITY GROUP INC,783332109,5598,332000,,
BRASKEM S A,105532105,5579,572756,,
SITE CTRS CORP,82981J109,5574,520456,,
BLACKSTONE SECD LENDING FD,09261X102,5562,244600,,
RESIDEO TECHNOLOGIES INC,76118Y104,5558,291600,,
PAYSAFE LIMITED,G6964L107,5551,4022400,,
FIRST BANCORP P R,318672706,5549,405613,,
ABB LTD,000375204,5548,216200,,ABLZF
GRAND CANYON ED INC,38526M106,5544,67402,,
SHAKE SHACK INC,819047101,5542,123200,,SHAK
GAOTU TECHEDU INC,36257Y109,5541,4579689,,GOTU
MRC GLOBAL INC,55345K103,5538,770200,,
AURINIA PHARMACEUTICALS INC,05156V102,5518,733800,,AUPH
COMPUTER TASK GROUP INC,205477102,5513,822900,,
BANKWELL FINL GROUP INC,06654A103,5511,189303,,
NORTH AMERN CONSTR GROUP LTD,656811106,5501,575300,,
GLAUKOS CORP,377322102,5494,103200,,GKOS
CRH PLC,12626K203,5482,170100,,
EASTGROUP PPTYS INC,277276101,5470,37900,,
TECK RESOURCES LTD,878742204,5469,179861,,TCKRF
BROADSTONE NET LEASE INC,11135E203,5463,351800,,
INGEVITY CORP,45688C107,5463,90100,,NGVT
TEEKAY TANKERS LTD,Y8565N300,5462,198312,,TNK
FIRST BUSINESS FINL SVCS INC,319390100,5458,168917,,
ULTRA CLEAN HLDGS INC,90385V107,5456,211900,,
ALIGNMENT HEALTHCARE INC,01625V104,5433,458900,,
EVENTBRITE INC,29975E109,5427,892600,,
TRIUMPH GROUP INC NEW,896818101,5421,631115,,
VISTA OUTDOOR INC,928377100,5416,222700,,
EVEREST RE GROUP LTD,G3223R108,5406,20600,,
RETAIL OPPORTUNITY INVTS COR,76131N101,5405,392800,,
YORK WTR CO,987184108,5405,140636,,
KNOWLES CORP,49926D109,5403,444000,,KN
TELOS CORP MD,87969B101,5402,607600,,
WEST BANCORPORATION INC,95123P106,5401,259552,,WTBA
SMITH A O CORP,831865209,5397,111100,,AOS
ATLANTIC UN BANKSHARES CORP,04911A107,5386,177281,,
CTS CORP,126501105,5385,129300,,CTS
GENPACT LIMITED,G3922B107,5366,122600,,
FRESHWORKS INC,358054104,5361,413300,,FRSH
OPKO HEALTH INC,68375N103,5361,2836343,,
EQUITY LIFESTYLE PPTYS INC,29472R108,5358,85264,,
FRONTIER GROUP HLDGS INC,35909R108,5351,551700,,
MELCO RESORTS AND ENTMNT LTD,585464100,5350,806900,,
HYLIION HOLDINGS CORP,449109107,5344,1862053,,HYLN
ARCOSA INC,039653100,5335,93300,,
INVESCO MORTGAGE CAPITAL INC,46131B704,5330,480200,,IVR-PC
CORECARD CORPORATION,45816D100,5320,244395,,
SPDR SER TR,78468R622,5316,60513,,
ENTEGRIS INC,29362U104,5302,63870,,ENTG
VAALCO ENERGY INC,91851C201,5298,1215098,,
DONEGAL GROUP INC,257701201,5273,390911,,DGICB
VANGUARD BD INDEX FDS,921937827,5260,70300,,
LIVE OAK BANCSHARES INC,53803X105,5254,171700,,
IES HLDGS INC,44951W106,5243,189832,,
HIBBETT INC,428567101,5234,105088,,
CAPITAL CITY BK GROUP INC,139674105,5207,167371,,
PACIFIC PREMIER BANCORP,69478X105,5199,167928,,
STEALTHGAS INC,Y81669106,5194,2028761,,GASS
AURORA CANNABIS INC,05156X884,5186,4250800,,ACB
DRDGOLD LIMITED,26152H301,5184,949514,,
MYOVANT SCIENCES LTD,G637AM102,5181,288500,,
NOVANTA INC,67000B104,5181,44800,,NOVTU
BENCHMARK ELECTRS INC,08160H101,5178,208950,,
MASONITE INTL CORP,575385109,5176,72600,,
PROSHARES TR,74347B201,5166,162400,,
CHINA SOUTHERN AIRLINES CO L,169409109,5165,193900,,
INTEST CORP,461147100,5164,676816,,INTT
3-D SYS CORP DEL,88554D205,5157,646251,,
NAVIENT CORPORATION,63938C108,5155,350900,,JSM
QURATE RETAIL INC,74915M100,5141,2557861,,
TPI COMPOSITES INC,87266J104,5123,454200,,
DASEKE INC,23753F107,5109,944439,,
SCHWAB STRATEGIC TR,808524870,5082,98100,,
MR COOPER GROUP INC,62482R107,5079,125400,,
HORIZON BANCORP INC,440407104,5070,282316,,
DOW INC,260557103,5048,114900,,DOW
NATURAL GAS SVCS GROUP INC,63886Q109,5042,502210,,
PROTO LABS INC,743713109,5042,138400,,PRLB
GILAT SATELLITE NETWORKS LTD,M51474118,5038,945233,,GILT
PROSHARES TR,74347G432,5033,82080,,
KAISER ALUMINUM CORP,483007704,5031,82000,,KALU
SENECA FOODS CORP NEW,817070501,5027,99663,,SENEL
SIERRA BANCORP,82620P102,5018,254062,,BSRR
PRIVIA HEALTH GROUP INC,74276R102,5014,147200,,
HEARTLAND EXPRESS INC,422347104,5008,349949,,HTLD
BRP INC,05577W200,5005,81300,,DOO
NEWMARKET CORP,651587107,4994,16600,,NEU
NATURES SUNSHINE PRODS INC,639027101,4984,604796,,
WISDOMTREE INVTS INC,97717P104,4982,1064579,,
INTER PARFUMS INC,458334109,4974,65913,,
PATTERSON COS INC,703395103,4972,207004,,
ALBANY INTL CORP,012348108,4966,63000,,
PHYSICIANS RLTY TR,71943U104,4965,330100,,
GAP INC,364760108,4957,603800,,GAP
QUINSTREET INC,74874Q100,4952,471600,,
PROVIDENT FINL SVCS INC,74386T105,4951,253900,,
AZZ INC,002474104,4933,135100,,AZZ
MARATHON OIL CORP,565849106,4927,218200,,
ALTAIR ENGR INC,021369103,4922,111300,,
LINDSAY CORP,535555106,4915,34300,,LNN
SANA BIOTECHNOLOGY INC,799566104,4908,818000,,
LIONS GATE ENTMNT CORP,535919401,4898,659178,,
FONAR CORP,344437405,4890,345616,,
SILICON MOTION TECHNOLOGY CO,82706C108,4889,75000,,
VERIS RESIDENTIAL INC,554489104,4887,429812,,
URSTADT BIDDLE PPTYS INC,917286205,4886,315017,,
RENAISSANCERE HLDGS LTD,G7496G103,4872,34700,,
XENIA HOTELS & RESORTS INC,984017103,4872,353300,,
CORE MOLDING TECHNOLOGIES IN,218683100,4867,490164,,
ARDMORE SHIPPING CORP,Y0207T100,4859,532200,,ASC
SOUTHERN MO BANCORP INC,843380106,4855,95134,,
DENBURY INC,24790A101,4848,56200,,
BTRS HOLDINGS INC,11778X104,4826,521200,,
WHITESTONE REIT,966084204,4825,570284,,
FUBOTV INC,35953D104,4815,1356200,,FUBO
NAVIGATOR HLDGS LTD,Y62132108,4803,419500,,
BANC OF CALIFORNIA INC,05990K106,4793,300113,,
BLUEBIRD BIO INC,09609G100,4793,757110,,
GMS INC,36251C103,4761,119000,,
COMMUNITY BK SYS INC,203607106,4753,79108,,
CONSOLIDATED WATER CO INC,G23773107,4750,308867,,
EGAIN CORP,28225C806,4750,646219,,EGAN
VANGUARD INDEX FDS,922908553,4738,59100,,
CAPSTAR FINL HLDGS INC,14070T102,4725,254999,,
MERSANA THERAPEUTICS INC,59045L106,4724,698819,,
FULL HSE RESORTS INC,359678109,4715,838890,,
WASHINGTON TR BANCORP INC,940610108,4708,101300,,
NCINO INC,63947X101,4704,137900,,
CATHAY GEN BANCORP,149150104,4703,122271,,
FRESH DEL MONTE PRODUCE INC,G36738105,4701,202300,,
HAMILTON LANE INC,407497106,4693,78731,,HLNE
VERU INC,92536C103,4690,407139,,VERU
DUPONT DE NEMOURS INC,26614N102,4685,92963,,
C & F FINL CORP,12466Q104,4676,87400,,
INTERCONTINENTAL HOTELS GROU,45857P806,4676,96200,,
J JILL INC,46620W201,4673,281356,,
GOPRO INC,38268T103,4665,946200,,
PREFORMED LINE PRODS CO,740444104,4632,65100,,
HOME BANCORP INC,43689E107,4631,118773,,
SITIO ROYALTIES CORP,82982V101,4630,209399,,
API GROUP CORP,00187Y100,4618,348000,,APG
STEPAN CO,858586100,4618,49300,,SCL
MAKEMYTRIP LIMITED MAURITIUS,V5633W109,4595,149667,,
ORRSTOWN FINL SVCS INC,687380105,4593,191999,,
FRANKLIN BSP RLTY TR INC,35243J101,4586,425800,,
WESTWOOD HLDGS GROUP INC,961765104,4577,475316,,
SENDAS DISTRIBUIDORA S A,81689T104,4553,282300,,
VOXX INTL CORP,91829F104,4538,596322,,
SHORE BANCSHARES INC,825107105,4537,261924,,SHBI
BLUEGREEN VACATIONS HLDG COR,096308101,4534,274461,,
FIRST CTZNS BANCSHARES INC N,31946M103,4534,5686,,
TECNOGLASS INC,G87264100,4532,215900,,
ISHARES TR,464287234,4527,129800,,
MOOG INC,615394202,4495,63900,,MOG-B
HIGHWOODS PPTYS INC,431284108,4478,166100,,
UWM HOLDINGS CORPORATION,91823B109,4462,1522900,,UWMC
IMMUNOCORE HLDGS PLC,45258D105,4450,94800,,
MATTEL INC,577081102,4445,234700,,
AIR PRODS & CHEMS INC,009158106,4399,18900,,
SPLUNK INC,848637104,4399,58500,,
ROGERS CORP,775133101,4378,18100,,ROG
LA Z BOY INC,505336107,4376,193907,,
MODINE MFG CO,607828100,4371,337809,,
SP PLUS CORP,78469C103,4369,139500,,
COHEN & STEERS INC,19247A100,4366,69712,,
BIOATLA INC,09077B104,4355,565600,,
ISHARES INC,464286871,4337,237800,,
BANDWIDTH INC,05988J103,4334,364200,,BAND
AFFILIATED MANAGERS GROUP IN,008252108,4329,38700,,
MANNKIND CORP,56400P706,4315,1396346,,MNKD
CHINOOK THERAPEUTICS INC,16961L106,4312,219342,,
FIVE9 INC,338307101,4311,57500,,
CONCERT PHARMACEUTICALS INC,206022105,4305,642605,,
TRANSMEDICS GROUP INC,89377M109,4299,102999,,
ATRICURE INC,04963C209,4293,109800,,
AGORA INC,00851L103,4281,1179349,,
COHU INC,192576106,4278,165954,,COHU
PUMA BIOTECHNOLOGY INC,74587V107,4265,1799662,,
GLOBAL MED REIT INC,37954A204,4251,499000,,
PROPHASE LABS INC,74345W108,4250,376810,,
TOPGOLF CALLAWAY BRANDS CORP,131193104,4247,220500,,
DYCOM INDS INC,267475101,4242,44400,,
PROSHARES TR,74347X849,4233,189800,,
DOLE PLC,G27907107,4231,579576,,DOLE
PROVIDENT FINL HLDGS INC,743868101,4225,297547,,
GORMAN RUPP CO,383082104,4221,177415,,GRC
GRIFFON CORP,398433102,4210,142600,,GFF
ATLANTICUS HOLDINGS CORP,04914Y102,4206,160358,,ATLCZ
SELECT SECTOR SPDR TR,81369Y803,4205,35400,,
8X8 INC NEW,282914100,4182,1212030,,
VISHAY INTERTECHNOLOGY INC,928298108,4180,234949,,VSH
TRONOX HOLDINGS PLC,G9087Q102,4176,340900,,TROX
VALHI INC NEW,918905209,4176,165987,,
TRIPADVISOR INC,896945201,4171,188900,,
HCI GROUP INC,40416E103,4156,106019,,
ALLOT LTD,M0854Q105,4154,1059606,,ALLT
SPDR SER TR,78468R200,4152,137014,,
CHANNELADVISOR CORP,159179100,4151,183200,,
1 800 FLOWERS COM INC,68243Q106,4138,637669,,FLWS
ENSTAR GROUP LIMITED,G3075P101,4138,24400,,
AZEK CO INC,05478C105,4137,248900,,
OSI SYSTEMS INC,671044105,4135,57383,,OSIS
BANCFIRST CORP,05945F103,4132,46188,,
VANGUARD WORLD FDS,92204A702,4119,13400,,
NEW JERSEY RES CORP,646025106,4118,106400,,
SMARTFINANCIAL INC,83190L208,4079,165074,,SMBK
CYBEROPTICS CORP,232517102,4077,75800,,
PRIMIS FINANCIAL CORP,74167B109,4072,335713,,FRST
MITEK SYS INC,606710200,4069,444200,,
KURA SUSHI USA INC,501270102,4062,55200,,
TTM TECHNOLOGIES INC,87305R109,4062,308169,,TTMI
BANKUNITED INC,06652K103,4056,118700,,
MIZUHO FINANCIAL GROUP INC,60687Y109,4053,1834003,,MZHOF
CONTROLADORA VUELA COMP DE A,21240E105,4050,579400,,
SOUTHERN FIRST BANCSHARES,842873101,4050,97207,,
FIRST FINL CORP IND,320218100,4043,89459,,
HALLADOR ENERGY COMPANY,40609P105,4039,718655,,
ASTRA SPACE INC,04634X103,4012,6567100,,
STONEX GROUP INC,861896108,4011,48358,,SNEX
INOVIO PHARMACEUTICALS INC,45773H201,4008,2323700,,
TRIMAS CORP,896215209,4008,159870,,TRS
BRIXMOR PPTY GROUP INC,11120U105,4002,216700,,
COVETRUS INC,22304C100,3982,190702,,
KAMADA LTD,M6240T109,3970,880345,,KMDA
MORPHIC HLDG INC,61775R105,3962,140000,,
LITMAN GREGORY FDS TR,53700T827,3960,116690,,
GASLOG PARTNERS LP,Y2687W108,3959,767211,,GLOP-PC
AVADEL PHARMACEUTICALS PLC,05337M104,3952,788906,,
WILLIAMS SONOMA INC,969904101,3948,33500,,WSM
ESAB CORPORATION,29605J106,3946,118300,,ESAB
ARCHROCK INC,03957W106,3931,612328,,
TERMINIX GLOBAL HOLDINGS INC,88087E100,3917,102297,,
TEXTAINER GROUP HOLDINGS LTD,G8766E109,3914,145700,,
FIRST ADVANTAGE CORP NEW,31846B108,3911,304800,,FA
SQUARESPACE INC,85225A107,3900,182600,,
AMERICAN ASSETS TR INC,024013104,3899,151600,,
PEMBINA PIPELINE CORP,706327103,3898,128364,,PMBPF
ALLAKOS INC,01671P100,3892,636000,,
NUTANIX INC,67059N108,3891,186800,,
PRA GROUP INC,69354N106,3891,118411,,PRAA
CULLINAN ONCOLOGY INC,230031106,3874,302195,,
BRINKS CO,109696104,3861,79700,,BCO
NEOGAMES S A,L6673X107,3847,298200,,
MIX TELEMATICS LTD,60688N102,3846,506052,,
CHILDRENS PL INC NEW,168905107,3833,124100,,
ORGANOGENESIS HLDGS INC,68621F102,3833,1183000,,
TOWNSQUARE MEDIA INC,892231101,3833,527952,,
RENT A CTR INC NEW,76009N100,3824,218412,,
DEFINITIVE HEALTHCARE CORP,24477E103,3820,245800,,DH
SS&C TECHNOLOGIES HLDGS INC,78467J100,3820,80000,,
GENCOR INDS INC,368678108,3817,423640,,
CRAWFORD & CO,224633107,3814,726510,,CRD-B
CONSUMER PORTFOLIO SVCS INC,210502100,3792,521658,,
ANAVEX LIFE SCIENCES CORP,032797300,3788,367100,,AVXL
STANDEX INTL CORP,854231107,3780,46300,,
FOSTER L B CO,350060109,3779,387232,,FSTR
HANMI FINL CORP,410495204,3776,159452,,
M/I HOMES INC,55305B101,3775,104200,,
HOULIHAN LOKEY INC,441593100,3769,50000,,
SERVISFIRST BANCSHARES INC,81768T108,3768,47100,,
HAWKINS INC,420261109,3759,96398,,HWKN
INNOVATIVE SOLUTIONS & SUPPO,45769N105,3755,435110,,
U S PHYSICAL THERAPY,90337L108,3750,49323,,
ARGENX SE,04016X101,3742,10600,,ARGX
ESSENTIAL PPTYS RLTY TR INC,29670E107,3734,192000,,
BUILD-A-BEAR WORKSHOP INC,120076104,3723,279279,,BBW
CLEARWATER PAPER CORP,18538R103,3722,99000,,CLW
WESTERN DIGITAL CORP.,958102105,3713,114082,,WDC
CHERRY HILL MTG INVT CORP,164651101,3710,755584,,
CALIFORNIA WTR SVC GROUP,130788102,3709,70400,,
FLEXSHARES TR,33939L407,3706,98600,,
COMMERCE BANCSHARES INC,200525103,3697,55886,,
ON24 INC,68339B104,3678,418000,,
ATLAS CORP,Y0436Q109,3674,264307,,
RYERSON HLDG CORP,783754104,3671,142600,,
DLH HLDGS CORP,23335Q100,3666,298811,,
FARMERS NATIONAL BANC CORP,309627107,3660,279633,,
CAESARSTONE LTD,M20598104,3659,393018,,CSTE
KEROS THERAPEUTICS INC,492327101,3657,97200,,
NATURAL ALTERNATIVES INTL IN,638842302,3651,393898,,
KENNAMETAL INC,489170100,3647,177200,,KMT
BARK INC,68622E104,3644,2001972,,
CIA ENERGETICA DE MINAS GERA,204409601,3638,1800801,,
EL POLLO LOCO HLDGS INC,268603107,3630,406900,,
FLEXSHARES TR,33939L506,3624,155000,,
VIZIO HLDG CORP,92858V101,3610,413100,,
DUCK CREEK TECHNOLOGIES INC,264120106,3607,304400,,
AMPLIFY ENERGY CORP NEW,03212B103,3604,548600,,AMPY
MONRO INC,610236101,3598,82779,,
NGM BIOPHARMACEUTICALS INC,62921N105,3587,274200,,
HIGHPEAK ENERGY INC,43114Q105,3585,165500,,
SELECT ENERGY SVCS INC,81617J301,3583,514076,,
AEHR TEST SYS,00760J108,3574,253500,,
KINGSOFT CLOUD HLDGS LTD,49639K101,3563,1790400,,
CORSAIR GAMING INC,22041X102,3546,312400,,
BERRY GLOBAL GROUP INC,08579W103,3543,76137,,
CENTURY ALUM CO,156431108,3543,671099,,
REPLIGEN CORP,759916109,3539,18912,,RGEN
SPDR SER TR,78464A664,3539,119400,,
ISHARES TR,46436E882,3538,142840,,
AAR CORP,000361105,3534,98660,,AIR
TIDEWATER INC NEW,88642R109,3531,162700,,TDGMW
THOUGHTWORKS HOLDING INC,88546E105,3521,335700,,
SOUTH JERSEY INDS INC,838518108,3519,105300,,
ALLEGIANT TRAVEL CO,01748X102,3503,48000,,ALGT
FIRSTCASH HOLDINGS INC,33768G107,3494,47641,,
SCHWAB STRATEGIC TR,808524847,3476,186000,,
FIRST CMNTY BANKSHARES INC V,31983A103,3475,108494,,
MSC INDL DIRECT INC,553530106,3466,47600,,
OLAPLEX HLDGS INC,679369108,3466,362900,,
CARNIVAL PLC,14365C103,3462,559328,,
SERES THERAPEUTICS INC,81750R102,3460,538900,,
23ANDME HOLDING CO,90138Q108,3453,1207300,,
MAGNITE INC,55955D100,3453,525554,,
ULTRAPAR PARTICIPACOES SA,90400P101,3453,1576800,,
AADI BIOSCIENCE INC,00032Q104,3447,243922,,
UPLAND SOFTWARE INC,91544A109,3445,423686,,
TRUECAR INC,89785L107,3440,2278301,,
BANK MARIN BANCORP,063425102,3435,114692,,
BERKSHIRE HILLS BANCORP INC,084680107,3434,125800,,
AMERICAN AXLE & MFG HLDGS IN,024061103,3432,502500,,
SCHWAB STRATEGIC TR,808524755,3430,136400,,
EXCELERATE ENERGY INC,30069T101,3426,146400,,
GERMAN AMERN BANCORP INC,373865104,3407,95399,,
EASTERLY GOVT PPTYS INC,27616P103,3406,216000,,
AVIDXCHANGE HOLDINGS INC,05368X102,3403,404100,,
CARETRUST REIT INC,14174T107,3401,187800,,
ATEA PHARMACEUTICALS INC,04683R106,3399,597400,,
STARRETT L S CO,855668109,3398,384866,,
BEAM THERAPEUTICS INC,07373V105,3397,71300,,BEAM
FIRST BANCORP INC ME,31866P102,3396,123278,,
LIFEVANTAGE CORP,53222K205,3394,905118,,LFVN
CARPARTS COM INC,14427M107,3383,654300,,
ENPRO INDS INC,29355X107,3382,39800,,
PROTAGONIST THERAPEUTICS INC,74366E102,3370,399767,,
KRANESHARES TR,500767306,3363,136500,,
VALMONT INDS INC,920253101,3358,12500,,
JANUS INTERNATIONAL GROUP IN,47103N106,3353,375919,,
STAAR SURGICAL CO,852312305,3351,47500,,STAA
YATSEN HLDG LTD,985194109,3340,3063846,,
PLYMOUTH INDL REIT INC,729640102,3334,198312,,
SENSUS HEALTHCARE INC,81728J109,3333,266034,,
H & E EQUIPMENT SERVICES INC,404030108,3331,117532,,
FS BANCORP INC,30263Y104,3323,121900,,
ISHARES TR,46435G334,3313,126400,,
MILLICOM INTL CELLULAR S A,L6388F110,3313,290347,,
ACME UTD CORP,004816104,3306,143607,,
VITAL FARMS INC,92847W103,3304,276000,,
MATERIALISE NV,57667T100,3295,307700,,MTLS
CNA FINL CORP,126117100,3288,89100,,
DOCEBO INC,25609L105,3287,121700,,DCBO
INARI MED INC,45332Y109,3276,45099,,
OCEANFIRST FINL CORP,675234108,3270,175443,,
ADAPTIVE BIOTECHNOLOGIES COR,00650F109,3260,457800,,
ISHARES TR,464287523,3251,10200,,
MINISO GROUP HLDG LTD,66981J102,3247,591500,,
CIVITAS RESOURCES INC,17888H103,3243,56507,,
MYRIAD GENETICS INC,62855J104,3239,169774,,MYGN
PROGYNY INC,74340E103,3231,87193,,
BORR DRILLING LTD,G1466R173,3229,966422,,BORR
TANDEM DIABETES CARE INC,875372203,3225,67400,,TNDM
CAMBIUM NETWORKS CORP,G17766109,3220,190300,,CMBMF
SYNEOS HEALTH INC,87166B102,3220,68300,,
MOVADO GROUP INC,624580106,3218,114200,,MOVAA
TSAKOS ENERGY NAVIGATION LTD,G9108L173,3211,210280,,TEN-PF
CRAWFORD & CO,224633206,3208,558824,,CRD-B
MARCHEX INC,56624R108,3208,1909365,,MCHX
AMERICAN NATL BANKSHARES INC,027745108,3207,100391,,
CELESTICA INC,15101Q108,3204,380888,,CLS
DBX ETF TR,233051879,3199,118100,,
MAXEON SOLAR TECHNOLOGIES LT,Y58473102,3199,134600,,
CULP INC,230215105,3188,731117,,CULP
TALOS ENERGY INC,87484T108,3175,190700,,TALO
RF INDS LTD,749552105,3173,551808,,
CSW INDUSTRIALS INC,126402106,3163,26400,,
ORION OFFICE REIT INC,68629Y103,3154,360500,,
VERITEX HLDGS INC,923451108,3154,118609,,
PERIMETER SOLUTIONS SA,L7579L106,3148,393000,,
ALTRA INDL MOTION CORP,02208R106,3127,93009,,
LINCOLN EDL SVCS CORP,533535100,3120,573578,,
CYTEK BIOSCIENCES INC,23285D109,3119,211900,,
FOCUS FINL PARTNERS INC,34417P100,3113,98800,,
GLOBAL X FDS,37954Y855,3113,47100,,
INVESTORS TITLE CO NC,461804106,3102,22000,,
GLOBAL WTR RES INC,379463102,3101,264347,,
EMBECTA CORP,29082K105,3095,107500,,EMBC
ENCORE CAP GROUP INC,292554102,3093,68000,,
SAGA COMMUNICATIONS INC,786598300,3093,118278,,SGA
ISHARES TR,46434VBA7,3091,123500,,
NATURA &CO HLDG S A,63884N108,3083,564637,,
SEASPINE HLDGS CORP,81255T108,3083,542700,,
AIRGAIN INC,00938A104,3077,426836,,AIRG
WELLS FARGO CO NEW,949746101,3073,76411,,
ITRON INC,465741106,3064,72761,,
BRAEMAR HOTELS & RESORTS INC,10482B101,3052,709800,,BHR-PD
MANITOWOC CO INC,563571405,3049,393449,,MTW
GRANITESHARES GOLD TR,38748G101,3040,184600,,
LUTHER BURBANK CORP,550550107,3012,259250,,
LXP INDUSTRIAL TRUST,529043101,3011,328682,,LXP-PC
COSTAR GROUP INC,22160N109,3009,43200,,
DADA NEXUS LTD,23344D108,3004,635000,,
REGENCY CTRS CORP,758849103,3003,55769,,
DYNATRACE INC,268150109,3001,86200,,
MGP INGREDIENTS INC NEW,55303J106,2994,28200,,MGPI
RBC BEARINGS INC,75524B104,2992,14400,,RBC
ADAPTHEALTH CORP,00653Q102,2985,158965,,AHCO
ARTISAN PARTNERS ASSET MGMT,04316A108,2981,110700,,
CUSTOMERS BANCORP INC,23204G100,2975,100920,,
AMICUS THERAPEUTICS INC,03152W109,2973,284800,,
MATTHEWS INTL CORP,577128101,2973,132653,,
VANGUARD WHITEHALL FDS,921946406,2970,31300,,
BLUELINX HLDGS INC,09624H208,2968,47800,,
F N B CORP,302520101,2965,255600,,
XENCOR INC,98401F105,2962,114000,,XNCR
WILEY JOHN & SONS INC,968223206,2958,78742,,
DENNYS CORP,24869P104,2956,314111,,
J P MORGAN EXCHANGE TRADED F,46654Q203,2945,70700,,
BERKELEY LTS INC,084310101,2943,1029000,,
PIMCO ETF TR,72201R205,2940,59500,,
DAKTRONICS INC,234264109,2936,1083448,,
NEXTGEN HEALTHCARE INC,65343C102,2933,165700,,
INSPIRE MED SYS INC,457730109,2927,16500,,
HUDSON GLOBAL INC,443787205,2919,86819,,
WATERS CORP,941848103,2911,10800,,
SCHWAB STRATEGIC TR,808524797,2910,43800,,
ELLINGTON RESIDENTIAL MTG RE,288578107,2907,471100,,
ALPHATEC HLDGS INC,02081G201,2900,331800,,
SELECT SECTOR SPDR TR,81369Y704,2899,35000,,
PENNS WOODS BANCORP INC,708430103,2896,126423,,
STEEL CONNECT INC,858098106,2896,2113996,,
COMMUNITY HEALTH SYS INC NEW,203668108,2891,1344486,,
ERIE INDTY CO,29530P102,2884,12971,,
VANECK MERK GOLD TR,921078101,2878,178400,,
NKARTA INC,65487U108,2869,218000,,
NORDSON CORP,655663102,2869,13514,,NDSN
LEGEND BIOTECH CORP,52490G102,2864,70200,,LEGN
CHOICE HOTELS INTL INC,169905106,2858,26100,,
VIKING THERAPEUTICS INC,92686J106,2846,1046400,,
STANDARD MTR PRODS INC,853666105,2841,87400,,
BLACKBERRY LTD,09228F103,2839,603843,,BB
ISHARES INC,464286103,2835,144500,,
INTERNATIONAL BANCSHARES COR,459044103,2831,66600,,
UMPQUA HLDGS CORP,904214103,2828,165478,,
PRECISION BIOSCIENCES INC,74019P108,2824,2172666,,DTIL
CHINA YUCHAI INTL LTD,G21082105,2823,387293,,
UTZ BRANDS INC,918090101,2819,186700,,
TUTOR PERINI CORP,901109108,2806,508380,,TPC
LAUREATE EDUCATION INC,518613203,2805,265900,,
VANGUARD INDEX FDS,922908629,2801,14900,,
FRIEDMAN INDS INC,358435105,2800,393782,,
FEDERAL AGRIC MTG CORP,313148306,2796,28200,,
SASOL LTD,803866300,2792,177300,,SASOF
MATIV HOLDINGS INC,808541106,2777,125772,,
GRAHAM CORP,384556106,2776,315768,,GHM
AVALARA INC,05338G106,2772,30200,,
INVESCO EXCH TRADED FD TR II,46138G649,2771,25200,,
VAREX IMAGING CORP,92214X106,2769,131000,,VREX
MONTAUK RENEWABLES INC,61218C103,2761,158300,,
NATURAL HEALTH TRENDS CORP,63888P406,2761,752241,,NHTC
CIRRUS LOGIC INC,172755100,2760,40120,,
TELUS INTL CDA INC,87975H100,2747,105000,,
908 DEVICES INC,65443P102,2742,166700,,MASS
KKR REAL ESTATE FIN TR INC,48251K100,2740,168600,,
SIRIUSPOINT LTD,G8192H106,2738,553087,,SPNT
EXPENSIFY INC,30219Q106,2735,183800,,
TRICON RESIDENTIAL INC,89612W102,2735,316200,,
DONALDSON INC,257651109,2730,55700,,
UNDER ARMOUR INC,904311206,2730,458100,,
EVERQUOTE INC,30041R108,2729,400208,,
HERSHA HOSPITALITY TR,427825500,2722,341162,,
NEXTDOOR HOLDINGS INC,65345M108,2722,975500,,
SUPERIOR INDS INTL INC,868168105,2722,901409,,
APPLOVIN CORP,03831W108,2721,139600,,APP
OIL STS INTL INC,678026105,2714,697586,,
INNODATA INC,457642205,2713,898490,,INOD
PAYSIGN INC,70451A104,2713,1144833,,
ALBIREO PHARMA INC,01345P106,2704,139683,,
BELLRING BRANDS INC,07831C103,2700,130987,,
FIRST HAWAIIAN INC,32051X108,2699,109600,,
TURNING PT BRANDS INC,90041L105,2697,127052,,
ISHARES INC,464286509,2695,87600,,
EQUITY BANCSHARES INC,29460X109,2690,90800,,EQBK
LAMAR ADVERTISING CO NEW,512816109,2690,32612,,
GULF IS FABRICATION INC,402307102,2689,644924,,
LEMAITRE VASCULAR INC,525558201,2681,52900,,LMAT
FLEXSTEEL INDS INC,339382103,2680,170693,,
BRP GROUP INC,05589G102,2677,101600,,
LGL GROUP INC,50186A108,2670,235829,,LGL
INVESCO EXCH TRADED FD TR II,46138E362,2656,67900,,
QUEST RESOURCE HLDG CORP,74836W203,2653,314392,,
INNOSPEC INC,45768S105,2647,30900,,IOSP
PARKE BANCORP INC,700885106,2644,126166,,
ARCOS DORADOS HOLDINGS INC,G0457F107,2642,362348,,ARCO
INSULET CORP,45784P101,2638,11500,,PODD
CLOVIS ONCOLOGY INC,189464100,2630,2209700,,
AXCELIS TECHNOLOGIES INC,054540208,2627,43372,,ACLS
LENNAR CORP,526057302,2627,44152,,
AXOS FINANCIAL INC,05465C100,2622,76600,,
CYTOMX THERAPEUTICS INC,23284F105,2618,1805600,,
DISTRIBUTION SOLUTIONS GRP I,520776105,2602,92380,,
COASTAL FINL CORP WA,19046P209,2598,65374,,
SILVERCREST ASSET MGMT GROUP,828359109,2591,158487,,
TRINITY INDS INC,896522109,2590,121300,,
ICHOR HOLDINGS,G4740B105,2586,106800,,
ALPINE IMMUNE SCIENCES INC,02083G100,2583,358694,,
BIONANO GENOMICS INC,09075F107,2579,1409494,,
PATRIA INVESTMENTS LIMITED,G69451105,2576,197400,,
VIRTUS INVT PARTNERS INC,92828Q109,2573,16129,,
GOLDEN ENTMT INC,381013101,2561,73396,,
INFUSYSTEM HLDGS INC,45685K102,2560,366309,,
YPF SOCIEDAD ANONIMA,984245100,2557,411721,,YPF
INTEGRAL AD SCIENCE HLDNG CO,45828L108,2554,352700,,
KODIAK SCIENCES INC,50015M109,2554,329960,,KOD
PORTLAND GEN ELEC CO,736508847,2554,58765,,
BOISE CASCADE CO DEL,09739D100,2551,42900,,BCC
NEXA RES S A,L67359106,2551,494424,,
DIGITALBRIDGE GROUP INC,25401T603,2546,203501,,
RADIAN GROUP INC,750236101,2539,131600,,RDN
RENASANT CORP,75970E107,2522,80628,,RNST
YETI HLDGS INC,98585X104,2504,87800,,
AMERISERV FINL INC,03074A102,2503,658684,,
HELIX ENERGY SOLUTIONS GRP I,42330P107,2501,647832,,
WINTRUST FINL CORP,97650W108,2495,30600,,
ISHARES TR,464288448,2494,110700,,
OBSIDIAN ENERGY LTD,674482203,2491,346572,,OBE
COMPANHIA PARANAENSE ENERG C,20441B605,2486,419280,,
ENACT HLDGS INC,29249E109,2485,112100,,
COCA-COLA EUROPACIFIC PARTNE,G25839104,2480,58200,,
KINGSWAY FINL SVCS INC,496904202,2480,357386,,
WESTERN UN CO,959802109,2480,183700,,
ALGONQUIN PWR UTILS CORP,015857105,2479,227192,,
HELIOS TECHNOLOGIES INC,42328H109,2473,48875,,
FRANKLIN STR PPTYS CORP,35471R106,2472,939937,,
ISHARES INC,464286665,2465,65700,,
SENSEONICS HLDGS INC,81727U105,2465,1867588,,
MARCUS CORP DEL,566330106,2463,177300,,MCS
SOLARWINDS CORP,83417Q204,2457,317013,,
BEACON ROOFING SUPPLY INC,073685109,2455,44857,,
COMPX INTL INC,20563P101,2448,150744,,
THE LION ELECTRIC COMPANY,536221104,2436,855000,,
BOWLERO CORP,10258P102,2435,197800,,
ASHFORD HOSPITALITY TR INC,044103869,2434,357367,,
BRANDYWINE RLTY TR,105368203,2429,359898,,
FARMER BROS CO,307675108,2423,516700,,
PEOPLES BANCORP INC,709789101,2420,83665,,PEBO
VANGUARD SPECIALIZED FUNDS,921908844,2419,17900,,
REPLIMUNE GROUP INC,76029N106,2418,140000,,
VANGUARD SCOTTSDALE FDS,92206C847,2417,38400,,
ALPHA PRO TECH LTD,020772109,2402,593163,,APT
AMERICAN EQTY INVT LIFE HLD,025676206,2401,64400,,
GRUPO AVAL ACCIONES Y VALORE,40053W101,2400,975772,,
OMEGA FLEX INC,682095104,2397,25880,,
EMCORE CORP,290846203,2393,1432810,,
UNITY SOFTWARE INC,91332U101,2393,75100,,U
TACTILE SYS TECHNOLOGY INC,87357P100,2384,306000,,
NICHOLAS FINL INC BC,65373J209,2372,416831,,
EASTERN CO,276317104,2371,136637,,EML
EXPRESS INC,30219E103,2365,2169435,,
EHEALTH INC,28238P109,2354,602000,,
PERFICIENT INC,71375U101,2353,36193,,
SPDR SER TR,78468R788,2352,66300,,
ENGAGESMART INC,29283F103,2350,113600,,
COLUMBUS MCKINNON CORP N Y,199333105,2349,89785,,
ENEL CHILE S.A.,29278D105,2344,1698788,,ENIC
UNITED GUARDIAN INC,910571108,2335,205563,,UG
COMPASS PATHWAYS PLC,20451W101,2332,217368,,CMPS
DUN & BRADSTREET HLDGS INC,26484T106,2332,188200,,
KRONOS BIO INC,50107A104,2332,696002,,
BANK HAWAII CORP,062540109,2329,30600,,
SPECTRUM BRANDS HLDGS INC NE,84790A105,2306,59084,,
NORTHWESTERN CORP,668074305,2303,46726,,
LANTRONIX INC,516548203,2298,477794,,LTRX
ALLOVIR INC,019818103,2293,290600,,
IMMERSION CORP,452521107,2289,417013,,IMMR
HARBORONE BANCORP INC NEW,41165Y100,2288,170505,,
CONSTELLATION BRANDS INC,21036P207,2280,7500,,
HURON CONSULTING GROUP INC,447462102,2279,34400,,HURN
ISHARES INC,46434G103,2278,53000,,
CANNAE HLDGS INC,13765N107,2262,109500,,
CO-DIAGNOSTICS INC,189763105,2262,704800,,
ARLO TECHNOLOGIES INC,04206A101,2261,487200,,
SHOTSPOTTER INC,82536T107,2259,78532,,
ON HLDG AG,H5919C104,2255,140500,,
AIR T INC,009207101,2253,131611,,AIRTP
EAGLE BANCORP INC MD,268948106,2249,50180,,
FLAGSTAR BANCORP INC,337930705,2248,67309,,
LIFEWAY FOODS INC,531914109,2241,391760,,
SPRINKLR INC,85208T107,2241,243100,,
VAXCYTE INC,92243G108,2237,93200,,
ROCKY MTN CHOCOLATE FACTORY,77467X101,2232,371463,,
QUAD / GRAPHICS INC,747301109,2221,867700,,
WORTHINGTON INDS INC,981811102,2220,58200,,
LUMOS PHARMA INC,55028X109,2217,250513,,
ETHAN ALLEN INTERIORS INC,297602104,2211,104600,,ETD
TPG RE FIN TR INC,87266M107,2204,314794,,
ABRDN GOLD ETF TRUST,00326A104,2202,138307,,SGOL
OLO INC,68134L109,2202,278700,,
MICRO FOCUS INTL PLC,594837403,2196,385200,,
KADANT INC,48282T104,2185,13100,,KAI
AKERO THERAPEUTICS INC,00973Y108,2183,64100,,
OFG BANCORP,67103X102,2181,86800,,OFG
HARVARD BIOSCIENCE INC,416906105,2180,851466,,HBIO
CALERES INC,129500104,2176,89850,,CAL
CLAROS MTG TR INC,18270D106,2171,184900,,
AMERICAN OUTDOOR BRANDS INC,02875D109,2170,247468,,
AMCON DISTRG CO,02341Q205,2164,10306,,
BAR HBR BANKSHARES,066849100,2164,81584,,
MGE ENERGY INC,55277P104,2162,32944,,MGEE
CODORUS VY BANCORP INC,192025104,2156,114438,,
GLOBALFOUNDRIES INC,G39387108,2147,44400,,GFS
ORION ENERGY SYS INC,686275108,2147,1376107,,
VERONA PHARMA PLC,925050106,2147,210100,,
WORKDAY INC,98138H101,2146,14100,,
CARDLYTICS INC,14161W105,2141,227735,,
READING INTL INC,755408101,2111,641490,,
SCHWAB STRATEGIC TR,808524730,2103,89700,,
CIVISTA BANCSHARES INC,178867107,2102,101265,,
SUMMIT HOTEL PPTYS INC,866082100,2100,312532,,
ALPS ETF TR,00162Q452,2088,57100,,
WHEELS UP EXPERIENCE INC,96328L106,2088,1816006,,UP
VIRIDIAN THERAPEUTICS INC,92790C104,2084,101600,,
HMN FINL INC,40424G108,2077,92725,,
TANGER FACTORY OUTLET CTRS I,875465106,2075,151715,,
THRYV HLDGS INC,886029206,2073,90800,,
GENTHERM INC,37253A103,2067,41564,,THRM
GLACIER BANCORP INC NEW,37637Q105,2058,41892,,
NERDY INC,64081V109,2058,975297,,NRDY
YEXT INC,98585N106,2056,461000,,
ALEXANDER & BALDWIN INC NEW,014491104,2051,123700,,
INTERNATIONAL MNY EXPRESS IN,46005L101,2047,89800,,
SMITH & NEPHEW PLC,83175M205,2045,88050,,SNNUF
ANTERO MIDSTREAM CORP,03676B102,2044,222670,,AM
BANCORP INC DEL,05969A105,2044,93000,,
PERSONALIS INC,71535D106,2044,688335,,
ANNEXON INC,03589W102,2041,330200,,
SPDR SER TR,78464A763,2040,18300,,
EQUIFAX INC,294429105,2039,11895,,EFX
ISHARES TR,464288372,2037,48700,,
PAYCOR HCM INC,70435P102,2031,68700,,
JOINT CORP,47973J102,2028,129078,,JYNT
AVIDITY BIOSCIENCES INC,05370A108,2025,124000,,
HARTE HANKS INC,416196202,2021,181274,,HHS
ALDEYRA THERAPEUTICS INC,01438T106,2020,378300,,
YALLA GROUP LTD,98459U103,2016,622253,,YALA
SLM CORP,78442P106,2009,143600,,SLMBP
PRUDENTIAL PLC,74435K204,2008,100800,,PUKPF
FIVERR INTL LTD,M4R82T106,2004,65500,,
ASBURY AUTOMOTIVE GROUP INC,043436104,1995,13200,,ABG
DURECT CORP,266605104,1993,3447243,,
VACASA INC,91854V107,1993,649249,,
IDENTIV INC,45170X205,1989,158652,,
ARIS WATER SOLUTIONS INC,04041L106,1988,155794,,
CEVA INC,157210105,1988,75800,,CEVA
EXACT SCIENCES CORP,30063P105,1988,61200,,
YELLOW CORP,985510106,1986,391800,,
GREIF INC,397624107,1984,33300,,
VANECK ETF TRUST,92189F486,1982,79772,,
FIRST BANCORP N C,318910106,1980,54131,,
REMITLY GLOBAL INC,75960P104,1979,178000,,
ASCENT INDUSTRIES CO,871565107,1977,141101,,ACNT
PSYCHEMEDICS CORP,744375205,1975,306163,,
MULTIPLAN CORPORATION,62548M100,1973,689700,,
HONEST CO INC,438333106,1972,563300,,
PLIANT THERAPEUTICS INC,729139105,1970,94300,,
IMMUNOVANT INC,45258J102,1967,352500,,
ISHARES TR,464287408,1966,15300,,
REDFIN CORP,75737F108,1964,336300,,
DAY ONE BIOPHARMACEUTICALS I,23954D109,1961,97900,,
LANDMARK BANCORP INC,51504L107,1960,76642,,LARK
CROSS CTRY HEALTHCARE INC,227483104,1958,69018,,
NETGEAR INC,64111Q104,1958,97700,,
PAR PAC HOLDINGS INC,69888T207,1956,119200,,
BILIBILI INC,090040106,1955,127600,,BLBLF
JAMF HLDG CORP,47074L105,1950,88000,,
DLOCAL LTD,G29018101,1949,95000,,DLO
SILVERCREST METALS INC,828363101,1948,351315,,
ICICI BANK LIMITED,45104G104,1944,92700,,
ADVANSIX INC,00773T101,1942,60500,,ASIX
MONARCH CASINO & RESORT INC,609027107,1942,34600,,MCRI
BROOKFIELD INFRASTRUCTURE CO,11275Q107,1941,47700,,
CECO ENVIRONMENTAL CORP,125141101,1939,219083,,CECO
GSI TECHNOLOGY INC,36241U106,1930,677150,,GSIT
URBAN EDGE PPTYS,91704F104,1930,144700,,
INNOVIZ TECHNOLOGIES LTD,M5R635108,1929,370200,,INVZ
CENTRAL VY CMNTY BANCORP,155685100,1927,108836,,
APYX MEDICAL CORPORATION,03837C106,1922,428095,,APYX
ESPERION THERAPEUTICS INC NE,29664W105,1921,286700,,
OPIANT PHARMACEUTICALS INC,683750103,1902,176915,,
ROCKY BRANDS INC,774515100,1902,94812,,
PAYA HOLDINGS INC,70434P103,1901,311200,,
ACADIA HEALTHCARE COMPANY IN,00404A109,1900,24300,,
ENDEAVOUR SILVER CORP,29258Y103,1898,628600,,EXK
ARCELORMITTAL SA LUXEMBOURG,03938L203,1895,95171,,
SENSATA TECHNOLOGIES HLDG PL,G8060N102,1890,50700,,
COMMUNITY FINL CORP MD,20368X101,1889,55068,,
ROYAL CARIBBEAN GROUP,V7780T103,1887,49800,,
PACTIV EVERGREEN INC,69526K105,1880,215300,,
NIU TECHNOLOGIES,65481N100,1870,456218,,NIU
GCM GROSVENOR INC,36831E108,1864,236200,,GCMG
TRAVELZOO,89421Q205,1857,419091,,TZOO
CROWN CRAFTS INC,228309100,1856,321118,,CRWS
EPSILON ENERGY LTD,294375209,1856,293700,,EPSN
LCNB CORP,50181P100,1852,116797,,LCNB
MERCHANTS BANCORP IND,58844R108,1850,80200,,
LIBERTY LATIN AMERICA LTD,G9001E128,1849,300725,,LILAP
AMPCO-PITTSBURG CORP,032037103,1847,502001,,
PERMA-PIPE INTL HLDGS INC,714167103,1847,195431,,
Y-MABS THERAPEUTICS INC,984241109,1844,127900,,
RADCOM LTD,M81865111,1843,161833,,RDCM
EASTMAN KODAK CO,277461406,1842,401300,,KODK
PALOMAR HLDGS INC,69753M105,1842,22000,,
LENSAR INC,52634L108,1840,331495,,
TAIWAN SEMICONDUCTOR MFG LTD,874039100,1831,26700,,
CITIZENS & NORTHN CORP,172922106,1827,75541,,
NETSCOUT SYS INC,64115T104,1826,58300,,
INTEVAC INC,461148108,1823,391992,,
NORTHRIM BANCORP INC,666762109,1821,43810,,NRIM
SCHNITZER STEEL INDS INC,806882106,1819,63911,,
CHEMUNG FINL CORP,164024101,1818,43422,,
ARGO GROUP INTL HLDGS LTD,G0464B107,1816,94265,,
ORIGIN BANCORP INC,68621T102,1816,47200,,
JBG SMITH PPTYS,46590V100,1815,97700,,
DIREXION SHS ETF TR,25460G849,1804,13500,,
GEVO INC,374396406,1803,790600,,
ALTO INGREDIENTS INC,021513106,1801,494800,,
KALVISTA PHARMACEUTICALS INC,483497103,1801,124100,,
LIBERTY MEDIA CORP DEL,531229409,1801,47300,,FWONB
LIMBACH HLDGS INC,53263P105,1800,236871,,
HIMAX TECHNOLOGIES INC,43289P106,1799,371600,,
VANGUARD INTL EQUITY INDEX F,922042858,1798,49266,,
FLUENCE ENERGY INC,34379V103,1795,123000,,
NEWPARK RES INC,651718504,1792,711141,,
VANGUARD WORLD FDS,92204A876,1792,12600,,
JD.COM INC,47215P106,1791,35600,,
THERMON GROUP HLDGS INC,88362T103,1790,116149,,
DOUYU INTL HLDGS LTD,25985W105,1779,1778583,,
STARTEK INC,85569C107,1776,592100,,
SKECHERS U S A INC,830566105,1773,55900,,
VANECK ETF TRUST,92189F791,1773,60200,,
PRECIGEN INC,74017N105,1771,835499,,
COLUMBIA SPORTSWEAR CO,198516106,1770,26300,,COLM
FARADAY FUTRE INTLGT ELCTR I,307359109,1768,2779100,,
MACROGENICS INC,556099109,1762,509223,,MGNX
CNB FINL CORP PA,126128107,1758,74601,,
CTO RLTY GROWTH INC NEW,22948Q101,1756,93701,,
UNITI GROUP INC,91325V108,1755,252586,,UNIT
ALICO INC,016230104,1754,62096,,
NAPCO SEC TECHNOLOGIES INC,630402105,1754,60300,,
BYLINE BANCORP INC,124411109,1745,86171,,
REPAY HLDGS CORP,76029L100,1745,247200,,
LOEWS CORP,540424108,1739,34900,,L
PROSHARES TR,74347R131,1739,86900,,
G III APPAREL GROUP LTD,36237H101,1736,116140,,
WABTEC,929740108,1733,21307,,
CACTUS INC,127203107,1729,45000,,
ESCO TECHNOLOGIES INC,296315104,1726,23500,,ESE
SELECT SECTOR SPDR TR,81369Y860,1725,47900,,
CONTAINER STORE GROUP INC,210751103,1721,351190,,
YATRA ONLINE INC,G98338109,1719,770836,,
CYMABAY THERAPEUTICS INC,23257D103,1718,490800,,
VANGUARD INDEX FDS,922908512,1717,14100,,
DIMENSIONAL ETF TRUST,25434V880,1711,90600,,
NETSOL TECHNOLOGIES INC,64115A402,1706,543301,,NTWK
PCB BANCORP,69320M109,1704,94301,,PCB
S & T BANCORP INC,783859101,1704,58136,,
TRUEBLUE INC,89785X101,1704,89300,,
BJS RESTAURANTS INC,09180C106,1701,71329,,BJRI
KURA ONCOLOGY INC,50127T109,1701,124500,,
RCI HOSPITALITY HLDGS INC,74934Q108,1699,26000,,
GOLD RESOURCE CORP,38068T105,1698,1028790,,
KRANESHARES TR,500767736,1697,76600,,
MONEYGRAM INTL INC,60935Y208,1693,162749,,
PANGAEA LOGISTICS SOLUTION L,G6891L105,1691,366000,,
TARGET HOSPITALITY CORP,87615L107,1690,133890,,TH
MARINEMAX INC,567908108,1686,56600,,HZO
SEMRUSH HLDGS INC,81686C104,1685,150300,,
PLAYA HOTELS & RESORTS NV,N70544106,1684,289300,,
KARYOPHARM THERAPEUTICS INC,48576U106,1683,308300,,KPTI
CLARUS CORP NEW,18270P109,1681,124790,,CLAR
KENON HLDGS LTD,Y46717107,1680,49013,,
B. RILEY FINANCIAL INC,05580M108,1676,37639,,
PAMPA ENERGIA S A,697660207,1673,73460,,
COMPUTER PROGRAMS & SYS INC,205306103,1670,59900,,
ISHARES TR,464288224,1668,87400,,
FIRST TR EXCHANGE TRAD FD VI,33739H101,1667,65800,,
SEMLER SCIENTIFIC INC,81684M104,1667,44400,,
ONESPAN INC,68287N100,1665,193360,,OSPN
ACCEL ENTERTAINMENT INC,00436Q106,1663,212900,,
AIR TRANSPORT SERVICES GRP I,00922R105,1660,68900,,
SILVERBACK THERAPEUTICS INC,82835W108,1660,314400,,
SOTERA HEALTH CO,83601L102,1659,243300,,SHC
INSTEEL INDS INC,45774W108,1657,62440,,
PERFORMANT FINL CORP,71377E105,1657,895863,,
FIRST WATCH RESTAURANT GROUP,33748L101,1655,114300,,
GRAPHITE BIO INC,38870X104,1655,521969,,
METROPOLITAN BK HLDG CORP,591774104,1654,25700,,
MADISON SQUARE GRDN ENTERTNM,55826T102,1649,37400,,
ARHAUS INC,04035M102,1646,233500,,
IHEARTMEDIA INC,45174J509,1646,224527,,
HARMONIC INC,413160102,1641,125527,,HLIT
GRID DYNAMICS HLDGS INC,39813G109,1639,87500,,
REPARE THERAPEUTICS INC,760273102,1639,135121,,
COMPASS INC,20464U100,1636,705100,,
ISHARES U S ETF TR,46431W853,1636,45800,,
ALX ONCOLOGY HLDGS INC,00166B105,1633,170600,,
SOVOS BRANDS INC,84612U107,1632,114600,,
AMES NATL CORP,031001100,1629,73429,,
STOKE THERAPEUTICS INC,86150R107,1628,126800,,
ZETA GLOBAL HOLDINGS CORP,98956A105,1627,246200,,ZETA
ENVELA CORP,29402E102,1626,321304,,ELA
BRIGHTSPHERE INVT GROUP INC,10948W103,1623,108837,,
HILLENBRAND INC,431571108,1623,44200,,
ISHARES INC,46434G822,1622,33200,,
RVL PHARMACEUTICALS PLC,G6S41R101,1621,772007,,
MILLER INDS INC TENN,600551204,1620,76100,,
FIRST COMWLTH FINL CORP PA,319829107,1617,125900,,
HOMESTREET INC,43785V102,1616,56100,,
LHC GROUP INC,50187A107,1615,9869,,
KEWAUNEE SCIENTIFIC CORP,492854104,1611,91511,,
VANGUARD SCOTTSDALE FDS,92206C813,1611,22000,,
TETRA TECHNOLOGIES INC DEL,88162F105,1609,448164,,TTI
EAGLE BANCORP MONT INC,26942G100,1608,84610,,
AVEPOINT INC,053604104,1605,400300,,
XPONENTIAL FITNESS INC,98422X101,1605,87900,,
ASSERTIO HOLDINGS INC,04546C205,1604,706535,,
ABSOLUTE SOFTWARE CORP,00386B109,1600,137800,,
FORMFACTOR INC,346375108,1600,63868,,FORM
MIMEDX GROUP INC,602496101,1597,556385,,
VIVINT SMART HOME INC,928542109,1596,242600,,
GUARANTY BANCSHARES INC TEX,400764106,1587,45869,,
VIEMED HEALTHCARE INC,92663R105,1587,264400,,
PLANET LABS PBC,72703X106,1586,292100,,PL
ZEDGE INC,98923T104,1586,672192,,
LLOYDS BANKING GROUP PLC,539439109,1585,885500,,LLOBF
TRI POINTE HOMES INC,87265H109,1584,104836,,
PASSAGE BIO INC,702712100,1577,1261400,,
MARTIN MARIETTA MATLS INC,573284106,1576,4894,,
HORACE MANN EDUCATORS CORP N,440327104,1574,44600,,
RED ROBIN GOURMET BURGERS IN,75689M101,1573,233666,,
SCHWAB STRATEGIC TR,808524706,1568,70000,,
KRANESHARES TR,500767678,1566,42100,,
KINIKSA PHARMACEUTICALS LTD,G5269C101,1564,121800,,
SOCIETAL CDMO INC,75629F109,1561,957932,,
VANGUARD STAR FDS,921909768,1561,34100,,
COMPUGEN LTD,M25722105,1559,2372648,,CGEN
ORIGIN MATERIALS INC,68622D106,1558,301979,,
ADMA BIOLOGICS INC,000899104,1551,638400,,
ARRIVAL GROUP,L0423Q108,1551,1921400,,
MIDDLEBY CORP,596278101,1551,12100,,MIDD
DATA I O CORP,237690102,1550,555443,,
SYPRIS SOLUTIONS INC,871655106,1549,833029,,SYPR
VANGUARD INDEX FDS,922908744,1544,12500,,
AERSALE CORPORATION,00810F106,1543,83200,,ASLE
THERAVANCE BIOPHARMA INC,G8807B106,1543,152177,,
SCHWAB STRATEGIC TR,808524805,1542,54800,,
GENERATION BIO CO,37148K100,1541,290200,,
RIGEL PHARMACEUTICALS INC,766559603,1540,1305226,,RIGL
TRINITY BIOTECH PLC,896438306,1540,1438238,,TRIB
BOOT BARN HLDGS INC,099406100,1537,26300,,
SINOVAC BIOTECH LTD,P8696W104,1537,2375841,,SVA
OP BANCORP,67109R109,1533,137895,,OPBK
PC CONNECTION INC,69318J100,1532,33979,,CNXN
WALKER & DUNLOP INC,93148P102,1532,18300,,
TREMOR INTL LTD,89484T104,1530,220800,,
ECOVYST INC,27923Q109,1528,181100,,ECVT
INTAPP INC,45827U109,1527,81800,,
AEMETIS INC,00770K202,1525,249215,,
PITNEY BOWES INC,724479100,1524,653871,,
SPDR SER TR,78464A656,1524,60100,,
GENIUS SPORTS LIMITED,G3934V109,1522,414700,,
HEALTH CATALYST INC,42225T107,1522,156873,,
OMEGA HEALTHCARE INVS INC,681936100,1518,51478,,
MASTECH DIGITAL INC,57633B100,1516,102627,,
TREACE MED CONCEPTS INC,89455T109,1514,68600,,
BROOKFIELD ASSET MGMT REINS,G16169107,1513,37000,,
AMERICAN CENTY ETF TR,025072877,1508,22800,,
RITE AID CORP,767754872,1503,303700,,
DEUTSCHE BANK A G,D18190898,1502,203038,,
STRATTEC SEC CORP,863111100,1500,72106,,
CHARLES & COLVARD LTD,159765106,1498,1546568,,
THE NECESSITY RETAIL REIT IN,02607T109,1494,254100,,
SCHWAB STRATEGIC TR,808524771,1490,31200,,
CBTX INC,12481V104,1486,50810,,
SELECTA BIOSCIENCES INC,816212104,1484,905100,,
PDF SOLUTIONS INC,693282105,1482,60400,,PDFS
LIONS GATE ENTMNT CORP,535919500,1480,212939,,
STERLING BANCORP INC,85917W102,1478,245074,,
ASPEN AEROGELS INC,04523Y105,1477,160200,,ASPN
VERTEX INC,92538J106,1476,108000,,
BRIDGE INVT GROUP HLDGS INC,10806B100,1470,101400,,
SPDR INDEX SHS FDS,78463X889,1470,56995,,
SOMALOGIC INC,83444K105,1466,505364,,
MIDDLEFIELD BANC CORP,596304204,1464,54013,,
AFC GAMMA INC,00109K105,1463,95600,,
PIMCO ETF TR,72201R882,1462,15700,,
ROOT INC,77664L207,1462,185593,,
BERRY CORP,08579X101,1457,194300,,
POSTAL REALTY TRUST INC,73757R102,1456,99250,,
COGNEX CORP,192422103,1451,35000,,CGNX
AVERY DENNISON CORP,053611109,1448,8900,,AVY
CURIS INC,231269200,1448,2068700,,CRIS
MERUS N V,N5749R100,1446,72200,,
HYDROFARM HLDGS GROUP INC,44888K209,1442,743209,,
SIMULATIONS PLUS INC,829214105,1442,29700,,
CANO HEALTH INC,13781Y103,1441,166200,,
MOMENTIVE GLOBAL INC,60878Y108,1441,248100,,
RIVERVIEW BANCORP INC,769397100,1440,226807,,RVSB
UNIVERSAL LOGISTICS HLDGS IN,91388P105,1440,45400,,
CUMBERLAND PHARMACEUTICALS I,230770109,1438,596863,,
GREAT ELM GROUP INC,39037G109,1438,718876,,
LIGAND PHARMACEUTICALS INC,53220K504,1438,16700,,LGNZZ
LIQUIDIA CORPORATION,53635D202,1438,264288,,LQDA
PLANET FITNESS INC,72703H101,1436,24900,,
CHINA AUTOMOTIVE SYS INC,16936R105,1433,360094,,
PROVIDENT BANCORP INC,74383L105,1429,99880,,
NORWOOD FINL CORP,669549107,1428,53737,,
RAMBUS INC DEL,750917106,1426,56100,,RMBS
FLANIGANS ENTERPRISES INC,338517105,1419,55599,,BDL
CAMBRIDGE BANCORP,132152109,1415,17741,,
EVERSPIN TECHNOLOGIES INC,30041T104,1409,243273,,MRAM
UGI CORP NEW,902681105,1409,43583,,
FUWEI FILMS HLDGS CO LTD,G3704F110,1403,156195,,
ALITHYA GROUP INC,01643B106,1400,725132,,ALYAF
ORIX CORP,686330101,1399,19800,,ORXCF
SEACOAST BKG CORP FLA,811707801,1394,46100,,
HIPPO HLDGS INC,433539202,1392,75104,,
SANDY SPRING BANCORP INC,800363103,1387,39337,,
GREEN BRICK PARTNERS INC,392709101,1386,64809,,
NEVRO CORP,64157F103,1384,29700,,
COVENANT LOGISTICS GROUP INC,22284P105,1383,48200,,
GREIF INC,397624206,1381,22710,,
ROYAL BK CDA,780087102,1379,15310,,
KIMBALL ELECTRONICS INC,49428J109,1377,80275,,
MONTROSE ENVIRONMENTAL GROUP,615111101,1376,40900,,
ONEWATER MARINE INC,68280L101,1376,45700,,ONEW
PHX MINERALS INC,69291A100,1375,424500,,
AC IMMUNE SA,H00263105,1374,434879,,ACIU
TESSCO TECHNOLOGIES INC,872386107,1374,331804,,
ISHARES INC,46434G863,1364,49300,,
SKYWATER TECHNOLOGY INC,83089J108,1363,178200,,
TREDEGAR CORP,894650100,1362,144300,,TG
INSTRUCTURE HLDGS INC,457790103,1359,61000,,
REVOLUTION MEDICINES INC,76155X100,1359,68900,,
ROBINHOOD MKTS INC,770700102,1358,134500,,
RISKIFIED LTD,M8216R109,1357,344500,,RSKD
VANGUARD SCOTTSDALE FDS,92206C680,1355,25000,,
89BIO INC,282559103,1354,233767,,
TRIUMPH BANCORP INC,89679E300,1353,24900,,
HYCROFT MINING HOLDING CORP,44862P109,1352,2235800,,HYMCW
CREDICORP LTD,G2519Y108,1351,11000,,BAP
SECURITY NATL FINL CORP,814785309,1351,212802,,
ABCAM PLC,000380204,1350,90049,,
AMERICAS CAR-MART INC,03062T105,1346,22054,,
PROSHARES TR,74347G440,1344,112100,,
OVERSEAS SHIPHOLDING GROUP I,69036R863,1343,452279,,
ISHARES TR,464288182,1340,22900,,
NATIONAL BANKSHARES INC VA,634865109,1336,39568,,
CLEARWATER ANALYTICS HLDGS I,185123106,1333,79400,,
NETWORK-1 TECHNOLOGIES INC,64121N109,1333,592444,,
DYNE THERAPEUTICS INC,26818M108,1332,104900,,
AFYA LTD,G01125106,1328,97900,,AFYA
SCHWAB STRATEGIC TR,808524300,1328,23800,,
AVEO PHARMACEUTICALS INC,053588307,1322,160600,,
TENNECO INC,880349105,1320,75900,,
PEOPLES FINL SVCS CORP,711040105,1319,28155,,
XL FLEET CORP,9837FR100,1318,1481199,,
KVH INDS INC,482738101,1317,142800,,
2U INC,90214J101,1314,210200,,
PROFIRE ENERGY INC,74316X101,1313,1544495,,
AWARE INC MASS,05453N100,1311,736573,,
WORLD FUEL SVCS CORP,981475106,1310,55900,,
GLADSTONE LD CORP,376549101,1309,72300,,
TRUSTCO BK CORP N Y,898349204,1309,41676,,
HURCO CO,447324104,1306,58097,,
ASTRONOVA INC,04638F108,1305,111542,,
VANGUARD INDEX FDS,922908736,1305,6100,,
AMREP CORP,032159105,1299,115200,,AXR
BANK PRINCETON NEW JERSEY,064520109,1299,45823,,
FIRST UTD CORP,33741H107,1299,78495,,
ITERIS INC NEW,46564T107,1297,436785,,
TAITRON COMPONENTS INC,874028103,1295,335466,,TAIT
BK TECHNOLOGIES CORPORATION,05587G104,1294,537136,,BKTI
CREDO TECHNOLOGY GROUP HOLDI,G25457105,1294,117638,,
BURNING ROCK BIOTECH LTD,12233L107,1293,540800,,BNR
GREENTREE HOSPITALITY GROUP,39579V100,1287,379504,,GHG
MARINUS PHARMACEUTICALS INC,56854Q200,1286,193325,,
OLYMPIC STEEL INC,68162K106,1286,56398,,
DIMENSIONAL ETF TRUST,25434V708,1285,57800,,
INVACARE CORP,461203101,1285,1647269,,
ORIC PHARMACEUTICALS INC,68622P109,1284,401400,,
ITAU UNIBANCO HLDG S A,465562106,1283,248074,,
H WORLD GROUP LTD,44332N106,1281,38200,,HWLDF
PRECISION DRILLING CORP,74022D407,1281,25295,,PDS
G1 THERAPEUTICS INC,3621LQ109,1279,102400,,
FIRST CMNTY CORP S C,319835104,1276,72925,,
CB FINL SVCS INC,12479G101,1272,58469,,
TCR2 THERAPEUTICS INC,87808K106,1272,706900,,
ATARA BIOTHERAPEUTICS INC,046513107,1270,336100,,
RADIUS GLOBAL INFRASTRCTRE I,750481103,1270,134800,,
AMERICAN CENTY ETF TR,025072604,1268,27600,,
ORCHARD THERAPEUTICS PLC,68570P101,1268,2535439,,
RGC RES INC,74955L103,1264,60033,,
NORTHERN TECHNOLOGIES INTL C,665809109,1263,94877,,
LOANDEPOT INC,53946R106,1259,953906,,
LIGHTINTHEBOX HLDG CO LTD,53225G102,1258,1175367,,
AVITA MEDICAL INC,05380C102,1257,238580,,
FREQUENCY ELECTRS INC,358010106,1254,218061,,
MCCORMICK & CO INC,579780206,1254,17600,,MKC-V
BALLANTYNE STRONG INC,058516105,1246,602001,,
CASA SYS INC,14713L102,1246,398200,,
ARCUTIS BIOTHERAPEUTICS INC,03969K108,1242,65000,,
THE ONE GROUP HOSPITALITY IN,88338K103,1241,186961,,
ISHARES TR,464287556,1240,10600,,
ESPEY MFG & ELECTRS CORP,296650104,1239,89812,,
HAWAIIAN HOLDINGS INC,419879101,1227,93300,,
CSP INC,126389105,1224,170177,,
SEER INC,81578P106,1224,158200,,
TRANSACT TECHNOLOGIES INC,892918103,1221,334537,,TACT
DUCKHORN PORTFOLIO INC,26414D106,1215,84200,,
TABOOLA.COM LTD,M8744T106,1215,671444,,TBLA
INVESCO EXCH TRADED FD TR II,46138E727,1212,74900,,
POSEIDA THERAPEUTICS INC,73730P108,1212,343300,,
TDCX INC,87190U100,1212,129300,,
PONCE FINANCIAL GROUP INC,732344106,1208,131894,,
REPUBLIC BANCORP INC KY,760281204,1208,31534,,
MESA AIR GROUP INC,590479135,1207,731414,,
SIMPLIFY EXCHANGE TRADED FUN,82889N855,1206,17690,,
ELEVATE CREDIT INC,28621V101,1202,1092855,,
KINNATE BIOPHARMA INC,49705R105,1201,100500,,
SOUTHWEST GAS HLDGS INC,844895102,1200,17200,,
CI FINL CORP,125491100,1198,125151,,
SUTRO BIOPHARMA INC,869367102,1198,215900,,
AZURE PWR GLOBAL LTD,V0393H103,1197,216096,,
RACKSPACE TECHNOLOGY INC,750102105,1191,292000,,
TARSUS PHARMACEUTICALS INC,87650L103,1190,69500,,
ISHARES TR,46435G342,1189,56800,,
AAON INC,000360206,1188,22057,,
REPUBLIC FIRST BANCORP INC,760416107,1185,418746,,
RIMINI STR INC DEL,76674Q107,1184,254030,,
GAN LTD,G3728V109,1178,530810,,
SCPHARMACEUTICALS INC,810648105,1175,180286,,
WHITE MTNS INS GROUP LTD,G9618E107,1173,900,,
VS TRUST,92891H101,1166,113100,,SVIX
LIVE VENTURES INC,538142308,1165,46499,,LIVE
SELECT SECTOR SPDR TR,81369Y506,1160,16100,,
CONSENSUS CLOUD SOLUTIONS IN,20848V105,1159,24500,,
ALTICE USA INC,02156K103,1157,198500,,
EMERGENT BIOSOLUTIONS INC,29089Q105,1157,55100,,EBS
LEXICON PHARMACEUTICALS INC,528872302,1155,481375,,
MESA LABS INC,59064R109,1155,8200,,
GALIANO GOLD INC,36352H100,1154,2379653,,GAU
NMI HLDGS INC,629209305,1147,56300,,
OPPENHEIMER HLDGS INC,683797104,1143,36900,,
BARNWELL INDS INC,068221100,1141,432135,,
AMPLITUDE INC,03213A104,1140,73691,,
GEOVAX LABS INC,373678507,1140,1045526,,
NL INDS INC,629156407,1138,147214,,
ALAMO GROUP INC,011311107,1137,9300,,ALG
GLOBE LIFE INC,37959E102,1137,11400,,GL-PD
URBAN ONE INC,91705J204,1137,267500,,
EUROSEAS LTD,Y23592135,1136,54578,,ESEA
F-STAR THERAPEUTICS INC,30315R107,1134,221511,,
ELANCO ANIMAL HEALTH INC,28414H103,1131,91144,,ELAN
BLUE BIRD CORP,095306106,1121,134218,,BLBD
TAT TECHNOLOGIES LTD,M8740S227,1121,187702,,TATT
ABRDN PRECIOUS METALS BASKET,003263100,1120,13800,,
THOMSON REUTERS CORP.,884903709,1119,10906,,
ADT INC DEL,00090Q103,1115,148900,,ADT
CHEFS WHSE INC,163086101,1110,38300,,
ARK ETF TR,00214Q203,1109,24600,,
EARGO INC,270087109,1106,1053241,,
QUANTERIX CORP,74766Q101,1106,100400,,QTRX
CAPITAL GROUP GROWTH ETF,14020G101,1105,56600,,
UNIVERSAL ELECTRS INC,913483103,1105,56200,,
ONTO INNOVATION INC,683344105,1102,17209,,ONTO
LEGACY HOUSING CORP,52472M101,1098,64042,,LEGH
KITE RLTY GROUP TR,49803T300,1097,63700,,
MAXAR TECHNOLOGIES INC,57778K105,1093,58400,,
IRIDEX CORP,462684101,1092,453060,,IRIX
INVESCO EXCHANGE TRADED FD T,46137V720,1091,31500,,
INDEPENDENT BANK GROUP INC,45384B106,1089,17743,,
ADVENT TECHNOLOGIES HOLDNG I,00788A105,1087,355300,,
EVERCOMMERCE INC,29977X105,1086,99400,,EVCM
GROUP 1 AUTOMOTIVE INC,398905109,1086,7600,,GPI
HOOKER FURNISHINGS CORPORATI,439038100,1085,80465,,
ONESPAWORLD HOLDINGS LIMITED,P73684113,1085,129200,,
CHICAGO RIVET & MACH CO,168088102,1083,42010,,
ISHARES TR,464289180,1080,77665,,
VANECK ETF TRUST,92189F643,1080,18000,,
ACV AUCTIONS INC,00091G104,1079,150000,,ACVA
SENSTAR TECHNOLOGIES LTD,M8T77E105,1078,623355,,
FARO TECHNOLOGIES INC,311642102,1077,39242,,
NAVIOS MARITIME HOLDINGS INC,Y62197119,1077,566814,,NMPRY
ENERGY RECOVERY INC,29270J100,1076,49500,,
AMERICAN WOODMARK CORPORATIO,030506109,1075,24501,,
ACCO BRANDS CORP,00081T108,1074,219247,,ACCO
OPORTUN FINL CORP,68376D104,1074,245700,,
CHAMPIONS ONCOLOGY INC,15870P307,1072,142949,,
COLONY BANKCORP INC,19623P101,1071,82178,,CBAN
MAUI LD & PINEAPPLE INC,577345101,1070,116149,,
THE AARONS COMPANY INC,00258W108,1066,109700,,
INTERFACE INC,458665304,1065,118484,,TILE
NEXPOINT REAL ESTATE FIN INC,65342V101,1064,71000,,
ADVERUM BIOTECHNOLOGIES INC,00773U108,1063,1118441,,
MEREO BIOPHARMA GROUP PLC,589492107,1062,1233614,,MREO
TG THERAPEUTICS INC,88322Q108,1061,179200,,
WIRELESS TELECOM GROUP INC,976524108,1060,815357,,
FARMERS & MERCHANTS BANCORP,30779N105,1058,39381,,FMCB
MAIDEN HOLDINGS LTD,G5753U112,1058,492098,,
LANDEC CORP,514766104,1057,118900,,
AQUESTIVE THERAPEUTICS INC,03843E104,1054,900800,,
ENI S P A,26874R108,1053,49800,,
MEI PHARMA INC,55279B202,1050,2716157,,
OLEMA PHARMACEUTICALS INC,68062P106,1050,380500,,
VANGUARD WORLD FDS,92204A306,1046,10300,,
CERUS CORP,157085101,1045,290400,,CERS
CLIPPER RLTY INC,18885T306,1040,149157,,
ENHABIT INC,29332G102,1039,74000,,
ISHARES TR,464287309,1036,17900,,
ENTERPRISE FINL SVCS CORP,293712105,1035,23500,,
CENTURY CASINOS INC,156492100,1034,157649,,
REALNETWORKS INC,75605L708,1032,1486164,,
CBL & ASSOC PPTYS INC,124830878,1030,40200,,
IMMUCELL CORP,452525306,1029,137586,,
MINERALS TECHNOLOGIES INC,603158106,1028,20800,,MTX
INVESCO EXCHANGE TRADED FD T,46137V613,1027,7400,,
SURFACE ONCOLOGY INC,86877M209,1025,985343,,
BRIGHTSPIRE CAPITAL INC,10949T109,1024,162300,,
KAMAN CORP,483548103,1022,36600,,
REYNOLDS CONSUMER PRODS INC,76171L106,1022,39300,,
TTEC HLDGS INC,89854H102,1020,23022,,
PRAXIS PRECISION MEDICINES I,74006W108,1019,449116,,
MALVERN BANCORP INC,561409103,1018,70864,,
SCHWAB STRATEGIC TR,808524763,1016,23900,,
TRIO TECH INTL,896712205,1016,219013,,
AMC NETWORKS INC,00164V103,1015,50000,,
EMBOTELLADORA ANDINA S A,29081P204,1014,115400,,
BANK OF MONTREAL,063679617,1013,388100,,
PIXELWORKS INC,72581M305,1013,629300,,
SENSIENT TECHNOLOGIES CORP,81725T100,1005,14500,,SXT
STEREOTAXIS INC,85916J409,1004,557500,,
TONIX PHARMACEUTICALS HLDG C,890260862,1004,1879137,,
ISHARES TR,464288877,1002,26000,,
ARKO CORP,041242108,999,106400,,ARKO
SPDR INDEX SHS FDS,78463X848,999,47100,,
CHEESECAKE FACTORY INC,163072101,997,34045,,CAKE
MASTERCRAFT BOAT HLDGS INC,57637H103,993,52700,,
SCHWAB STRATEGIC TR,808524508,993,16400,,
BAOZUN INC,06684L103,992,158016,,BZUN
STRATA SKIN SCIENCES INC,86272A206,992,1139053,,
O-I GLASS INC,67098H104,988,76300,,
VANGUARD SCOTTSDALE FDS,92206C714,985,16500,,
OPTINOSE INC,68404V100,984,268900,,
UTSTARCOM HOLDINGS CORP,G9310A122,984,270263,,UTSI
NOODLES & CO,65540B105,983,209080,,NDLS
ZAI LAB LTD,98887Q104,982,28700,,ZLAB
KINGSTONE COS INC,496719105,981,368789,,
ASHFORD INC,044104107,979,72653,,
M D C HLDGS INC,552676108,979,35720,,
ESQUIRE FINL HLDGS INC,29667J101,973,25900,,
FIDELITY COVINGTON TRUST,316092808,973,10700,,
FIRST US BANCSHARES INC,33744V103,973,122179,,
PAR TECHNOLOGY CORP,698884103,968,32767,,PAR
TEXAS CAP BANCSHARES INC,88224Q107,968,16400,,
BURFORD CAP LTD,G17977110,966,128800,,
RPT REALTY,74971D101,966,127801,,
GLOBAL X FDS,37954Y343,965,24462,,
BAYCOM CORP,07272M107,963,54800,,BCML
POWER REIT,73933H101,960,90002,,PW-PA
PDS BIOTECHNOLOGY CORP,70465T107,957,322324,,PDSB
NURIX THERAPEUTICS INC,67080M103,955,73300,,
AKEBIA THERAPEUTICS INC,00972D105,954,3016427,,
NLIGHT INC,65487K100,954,101000,,
CUE BIOPHARMA INC,22978P106,950,426147,,
SONIDA SENIOR LIVING INC,140475203,950,58491,,
BOSTON OMAHA CORP,101044105,949,41200,,BOC
LARIMAR THERAPEUTICS INC,517125100,948,296367,,
PRELUDE THERAPEUTICS INC,74065P101,948,143400,,PRLD
CROSSFIRST BANKSHARES INC,22766M109,945,72400,,
AFFINITY BANCSHARES INC,00832E103,942,64504,,
CARS COM INC,14575E105,942,81900,,
WESTAMERICA BANCORPORATION,957090103,941,18000,,WABC
MINERVA NEUROSCIENCES INC,603380205,940,101800,,
VANGUARD BD INDEX FDS,92203C303,940,19200,,
CODEXIS INC,192005106,939,154992,,
JONES LANG LASALLE INC,48020Q107,937,6200,,JLL
IHS HOLDING LIMITED,G4701H109,936,167800,,
SCHOLASTIC CORP,807066105,935,30401,,SCHL
INGREDION INC,457187102,934,11600,,INGR
ALPINE INCOME PPTY TR INC,02083X103,926,57078,,
PROFESSIONAL HLDG CORP,743139107,926,35700,,
DALLASNEWS CORPORATION,235050101,924,199051,,
NEOLEUKIN THERAPEUTICS INC,64049K104,923,1442067,,
CITIZENS INC,174740100,920,275594,,
RANPAK HOLDINGS CORP,75321W103,920,269113,,PACK
POWERFLEET INC,73931J109,918,298149,,
LANNET INC,516012101,916,2035174,,
EVERBRIDGE INC,29978A104,914,29600,,
ATOSSA THERAPEUTICS INC,04962H506,913,1095710,,
MAVERIX METALS INC,57776F405,912,272582,,
CONFORMIS INC,20717E101,911,4763691,,
FUEL TECH INC,359523107,908,776416,,
ISHARES TR,464287663,908,14500,,
CADRE HLDGS INC,12763L105,905,37600,,
COFFEE HLDG CO INC,192176105,905,362064,,
SCHWAB STRATEGIC TR,808524201,902,21300,,
AUTOSCOPE TECHNOLOGIES CORP,053306106,899,197549,,AATC
SELECT SECTOR SPDR TR,81369Y100,898,13200,,
TERNS PHARMACEUTICALS INC,880881107,896,152200,,
TABULA RASA HEALTHCARE INC,873379101,895,186400,,
CHIMERIX INC,16934W106,894,463109,,
FIESTA RESTAURANT GROUP INC,31660B101,893,140900,,
ISHARES INC,464286640,893,37200,,
PARAMOUNT GLOBAL,92556H107,893,41454,,
PLEXUS CORP,729132100,892,10193,,PLXS
VERA BRADLEY INC,92335C106,890,295800,,
VROOM INC,92918V109,884,761700,,
BIO RAD LABS INC,090572108,879,2100,,
AGIOS PHARMACEUTICALS INC,00847X104,877,31000,,
WISDOMTREE TR,97717W851,876,14200,,
DIMENSIONAL ETF TRUST,25434V104,875,34800,,
VINCE HLDG CORP,92719W207,875,139950,,
ONCTERNAL THERAPEUTICS INC,68236P107,874,979800,,
SEABRIDGE GOLD INC,811916105,872,73400,,SA
ABRDN SILVER ETF TRUST,003264108,871,47700,,SIVR
DRIVEN BRANDS HLDGS INC,26210V102,870,31100,,
INVESCO CURRENCYSHARES EURO,46138K103,868,9600,,
CONCRETE PUMPING HLDGS INC,206704108,866,134200,,
ULTRALIFE CORP,903899102,865,179890,,ULBI
RADA ELECTR INDS LTD,M81863124,862,89500,,
ABERCROMBIE & FITCH CO,002896207,861,55400,,
V2X INC,92242T101,860,24300,,
RANGER ENERGY SVCS INC,75282U104,859,87818,,
XERIS BIOPHARMA HOLDINGS INC,98422E103,858,549694,,
TRANSPORTADORA DE GAS SUR,893870204,857,116100,,
CANADA GOOSE HLDGS INC,135086106,856,56200,,
OCEANEERING INTL INC,675232102,856,107500,,
INSIGHT ENTERPRISES INC,45765U103,855,10373,,NSIT
INDUSTRIAL LOGISTICS PPTYS T,456237106,853,155000,,
FIRST TR EXCHANGE TRADED FD,33734X846,851,22100,,
ISHARES TR,46429B309,851,36500,,
URSTADT BIDDLE PPTYS INC,917286106,851,53900,,
DANAOS CORPORATION,Y1968P121,849,15250,,DAC
NI HLDGS INC,65342T106,848,63491,,
INDUS REALTY TRUST INC,45580R103,846,16160,,
MANNATECH INC,563771203,844,40599,,MTEX
REV GROUP INC,749527107,842,76300,,
PIERIS PHARMACEUTICALS INC,720795103,841,731100,,
FABRINET,G3323L100,840,8800,,FN
CARTER BANKSHARES INC,146103106,837,52000,,
DIVERSIFIED HEALTHCARE TR,25525P107,837,845700,,
FORGE GLOBAL HOLDINGS INC,34629L103,837,478381,,
CIMPRESS PLC,G2143T103,835,34100,,CMPR
REE AUTOMOTIVE LTD,M8287R103,834,1224300,,REEAF
INVESCO EXCHANGE TRADED FD T,46137V258,831,11900,,
RING ENERGY INC,76680V108,829,357539,,
WISDOMTREE TR,97717W281,828,20800,,
VANGUARD SCOTTSDALE FDS,92206C623,827,5500,,
GLOBAL NET LEASE INC,379378201,826,77600,,
ATAI LIFE SCIENCES NV,N0731H103,822,248300,,
ISHARES TR,46434V647,821,38600,,
EUROPEAN WAX CTR INC,29882P106,820,44427,,
ISHARES INC,464286392,820,8200,,
CION INVT CORP,17259U204,819,96300,,
ORGANIGRAM HLDGS INC,68620P101,817,937600,,
GLOBAL SELF STORAGE INC,37955N106,816,139200,,
HUTCHMED CHINA LTD,44842L103,815,91952,,
ZYNERBA PHARMACEUTICALS INC,98986X109,813,1110035,,
CIDARA THERAPEUTICS INC,171757107,812,1293273,,
BANK OF MONTREAL,063679658,811,275700,,
NORTHEAST CMNTY BANCORP INC,664121100,809,65241,,
TAYSHA GENE THERAPIES INC,877619106,808,418500,,
VANECK ETF TRUST,92189F700,807,10000,,
Q2 HLDGS INC,74736L109,805,25000,,
ALIGOS THERAPEUTICS INC,01626L105,804,730598,,
COMMUNITY HEALTHCARE TR INC,20369C106,802,24500,,
NOAH HLDGS LTD,65487X102,799,60500,,
CORVUS PHARMACEUTICALS INC,221015100,798,975519,,
INFINITY PHARMACEUTICALS INC,45665G303,798,670612,,
OUTSET MED INC,690145107,795,49900,,
LIGHTPATH TECHNOLOGIES INC,532257805,794,741700,,LPTH
VANGUARD INTL EQUITY INDEX F,922042676,794,20800,,
IAC INC,44891N208,793,14327,,
KOPIN CORP,500600101,793,755675,,KOPN
BANCO MACRO SA,05961W105,792,55472,,
HENNESSY ADVISORS INC,425885100,789,90975,,HNNA
ISHARES TR,464289867,788,17595,,
STONERIDGE INC,86183P102,788,46519,,SRI
SCANSOURCE INC,806037107,787,29810,,
AVROBIO INC,05455M100,785,1222141,,
MARTEN TRANS LTD,573075108,784,40900,,
CUREVAC N V,N2451R105,783,99348,,
MANHATTAN BRDG CAP INC,562803106,781,138428,,
NAUTILUS INC,63910B102,781,479100,,
DIGI INTL INC,253798102,778,22500,,
AMBAC FINL GROUP INC,023139884,776,60900,,
OHIO VY BANC CORP,677719106,775,27875,,
OLD POINT FINL CORP,680194107,773,27883,,
SPDR SER TR,78464A409,772,15400,,
FB FINL CORP,30257X104,768,20100,,
MAG SILVER CORP,55903Q104,768,61400,,
SPDR S&P MIDCAP 400 ETF TR,78467Y107,763,1900,,
CAPITAL BANCORP INC MD,139737100,762,33000,,
D MARKET ELECTR SVCS & TRADI,23292B104,761,789600,,
CHROMADEX CORP,171077407,760,618210,,
MUSTANG BIO INC,62818Q104,760,1619837,,
NOMURA HLDGS INC,65535H208,759,229990,,
RENEW ENERGY GLOBAL PLC,G7500M104,759,126000,,RNWWW
GSE SYS INC,36227K106,758,842649,,
ISHARES SILVER TR,46428Q109,754,43100,,
BROADMARK RLTY CAP INC,11135B100,751,146900,,
DXP ENTERPRISES INC,233377407,751,31700,,DXPE
IMARA INC,45249V107,751,329324,,
FORWARD INDS INC N Y,349862300,750,564040,,
MBIA INC,55262C100,749,81374,,MBI
SCHWAB STRATEGIC TR,808524409,749,12800,,
VANGUARD WORLD FD,921910816,749,4300,,
BARCLAYS BANK PLC,06738C778,747,22700,,JJETF
INVESCO EXCH TRD SLF IDX FD,46138J833,746,34484,,
1STDIBS COM INC,320551104,745,118500,,
CLEARSIDE BIOMEDICAL INC,185063104,744,658489,,
DUOLINGO INC,26603R106,743,7800,,
DIREXION SHS ETF TR,25460G781,741,29259,,
TOUGHBUILT INDS INC,89157G884,740,362900,,
ORTHOPEDIATRICS CORP,68752L100,738,16000,,KIDS
APOGEE ENTERPRISES INC,037598109,737,19283,,
GOOD TIMES RESTAURANTS INC,382140879,737,339683,,GTIM
ANTERIX INC,03676C100,736,20600,,ATEX
PEOPLES BANCORP N C INC,710577107,736,29692,,
RUMBLEON INC,781386305,736,43495,,
ISHARES TR,464287630,735,5700,,
ALTA EQUIPMENT GROUP INC,02128L106,734,66700,,ALTG-PA
SECUREWORKS CORP,81374A105,734,91240,,
ROIVANT SCIENCES LTD,G76279101,732,227400,,ROIV
PROSHARES TR,74347G887,730,9600,,
SONO GROUP N V,N81409109,729,287168,,
CELLDEX THERAPEUTICS INC NEW,15117B202,728,25888,,
DESPEGAR COM CORP,G27358103,726,127318,,
FIDELITY COVINGTON TRUST,316092402,725,36500,,
VIRNETX HLDG CORP,92823T108,725,619400,,
GULF RES INC,40251W408,723,215070,,
PATHWARD FINANCIAL INC,59100U108,722,21900,,
INNOVAGE HLDG CORP,45784A104,721,122600,,
ISSUER DIRECT CORP,46520M204,721,35538,,
VANGUARD SCOTTSDALE FDS,92206C730,719,4400,,
ZILLOW GROUP INC,98954M101,719,25100,,
SHATTUCK LABS INC,82024L103,716,265100,,
INFINERA CORP,45667G103,715,147800,,
PARK CITY GROUP INC,700215304,715,133608,,
RAPT THERAPEUTICS INC,75382E109,715,29700,,
AIRSCULPT TECHNOLOGIES INC,009496100,714,111000,,
CLEANSPARK INC,18452B209,714,224616,,
COMPANHIA BRASILEIRA DE DIST,20440T300,714,201700,,
SPDR INDEX SHS FDS,78463X541,712,14400,,
BANCO BBVA ARGENTINA S A,058934100,711,236166,,
AXT INC,00246W103,708,105700,,AXTI
MEIRAGTX HLDGS PLC,G59665102,706,83972,,
WESTPORT FUEL SYSTEMS INC,960908309,705,808512,,WPRT
RIGETTI COMPUTING INC,76655K103,703,373700,,
GEE GROUP INC,36165A102,702,1112600,,JOB
FLEXIBLE SOLUTIONS INTL INC,33938T104,701,424645,,
INVESCO EXCH TRADED FD TR II,46138E370,700,12200,,
ATHIRA PHARMA INC,04746L104,698,235003,,
PAYMENTUS HOLDINGS INC,70439P108,695,71506,,
DIREXION SHS ETF TR,25460G856,694,33600,,
VIRCO MFG CO,927651109,693,162728,,
VOYAGER THERAPEUTICS INC,92915B106,691,116800,,
BEAZER HOMES USA INC,07556Q881,690,71328,,BZH
DIMENSIONAL ETF TRUST,25434V724,687,23200,,
ISHARES TR,464287168,686,6400,,
COMSCORE INC,20564W105,683,413934,,
NATIONAL WESTN LIFE GROUP IN,638517102,683,4000,,
MAMMOTH ENERGY SVCS INC,56155L108,680,199472,,
SAFEHOLD INC,78645L100,680,25695,,SAFE
HUMACYTE INC,44486Q103,678,208000,,
CANTALOUPE INC,138103106,673,193300,,
VANGUARD TAX-MANAGED FDS,921943858,673,18500,,
SCHWAB STRATEGIC TR,808524888,672,24200,,
VERRICA PHARMACEUTICALS INC,92511W108,672,230300,,VRCA
PROTERRA INC,74374T109,671,134700,,
FRANKLIN ELEC INC,353514102,670,8200,,
COGNYTE SOFTWARE LTD,M25133105,669,165700,,CGNT
AKOUOS INC,00973J101,668,98800,,
VIANT TECHNOLOGY INC,92557A101,668,158600,,DSP
VICTORY CAP HLDGS INC,92645B103,667,28600,,
P10 INC,69376K106,665,63200,,
ISHARES INC,46434G848,664,19500,,
APPLIED MOLECULAR TRANS INC,03824M109,661,679300,,
CURIOSITYSTREAM INC,23130Q107,661,452934,,CURI
DOUGLAS DYNAMICS INC,25960R105,661,23600,,
FREQUENCY THERAPEUTICS INC,35803L108,661,369443,,
ITAU CORPBANCA,45033E105,658,229299,,
CVD EQUIP CORP,126601103,657,126382,,
ZIMVIE INC,98888T107,655,66400,,
EDUCATIONAL DEV CORP,281479105,653,270945,,
GLOBAL X FDS,37954Y830,653,23100,,
GOLDMAN SACHS ETF TR,381430503,653,9200,,
HOPE BANCORP INC,43940T109,653,51700,,HOPE
COMSTOCK HLDG COS INC,205684202,652,164264,,
RPC INC,749660106,651,94000,,RES
ARLINGTON ASSET INVST CORP,041356205,650,239049,,
CARDIFF ONCOLOGY INC,14147L108,650,421988,,
DARE BIOSCIENCE INC,23666P101,650,650000,,
VERASTEM INC,92337C104,650,764375,,
JEWETT CAMERON TRADING LTD,47733C207,649,122528,,
BARCLAYS BANK PLC,06747R477,647,30499,,JJETF
VBI VACCINES INC CDA,91822J103,647,915990,,
I MAB,44975P103,646,161100,,
NERDWALLET INC,64082B102,646,72800,,
ORION GROUP HLDGS INC,68628V308,646,244797,,
TREVI THERAPEUTICS INC,89532M101,646,419187,,
GARRETT MOTION INC,366505105,642,113700,,GTX
INVESCO EXCHANGE TRADED FD T,46137V597,641,4400,,
WOORI FINL GROUP INC,981064108,641,28700,,
NU HLDGS LTD,G6683N103,640,145400,,
WILLAMETTE VY VINEYARD INC,969136100,640,103752,,
SIGMATRON INTL INC,82661L101,638,134287,,
SPDR SER TR,78464A854,638,15200,,
ATRECA INC,04965G109,637,405877,,
CS DISCO INC,126327105,635,63500,,
NUVEI CORPORATION,67079A102,635,23500,,
N-ABLE INC,62878D100,634,68700,,
TWIN DISC INC,901476101,634,55293,,TWIN
NEXTCURE INC,65343E108,633,230000,,
LIGHT & WONDER INC,80874P109,632,14728,,
SPDR SER TR,78464A607,632,7500,,
HERITAGE COMM CORP,426927109,631,55600,,
RIBBON COMMUNICATIONS INC,762544104,631,284124,,RBBN
LIANBIO,53000N108,630,315000,,LIANY
TUPPERWARE BRANDS CORP,899896104,630,96200,,
SO YOUNG INTERNATIONAL INC,83356Q108,627,870161,,
AQUABOUNTY TECHNOLOGIES INC,03842K200,626,801400,,AQB
VANGUARD ADMIRAL FDS INC,921932505,626,3000,,
UNITY BIOTECHNOLOGY INC,91381U101,625,1582369,,
AGROFRESH SOLUTIONS INC,00856G109,624,416111,,
HAYWARD HLDGS INC,421298100,624,70300,,
MERIDIAN CORPORATION,58958P104,624,21395,,MRBK
BEL FUSE INC,077347201,623,22300,,
MARKFORGED HOLDING CORPORATI,57064N102,623,314829,,
ISHARES TR,464287564,622,11600,,
VANGUARD INDEX FDS,922908637,622,3800,,
SPDR SER TR,78464A847,621,16100,,
EQUINOX GOLD CORP,29446Y502,620,169800,,EQX
GREENIDGE GENERATION HLDGS I,39531G100,618,308800,,
ACADIA PHARMACEUTICALS INC,004225108,617,37700,,ACAD
BRASILAGRO COMPANHIA BRASILE,10554B104,617,110200,,
INSEEGO CORP,45782B104,616,297676,,INSG
NINE ENERGY SERVICE INC,65441V101,616,233391,,
AMKOR TECHNOLOGY INC,031652100,614,36000,,
VANGUARD ADMIRAL FDS INC,921932828,614,3800,,
VANGUARD INTL EQUITY INDEX F,922042718,613,6600,,
LIBERTY LATIN AMERICA LTD,G9001E102,612,98859,,LILAP
HOMOLOGY MEDICINES INC,438083107,610,379100,,
ADAPTIMMUNE THERAPEUTICS PLC,00653A107,609,566232,,ADAPY
LUNA INNOVATIONS INC,550351100,607,136801,,
SMITH MICRO SOFTWARE INC,832154207,607,268400,,
BIOMEA FUSION INC,09077A106,604,61800,,
CUE HEALTH INC,229790100,604,200600,,
ASSETMARK FINL HLDGS INC,04546L106,602,32900,,
ISHARES TR,464287101,601,3700,,
AMERICAN SUPERCONDUCTOR CORP,030111207,600,136889,,
DIREXION SHS ETF TR,25460G419,600,8900,,
ISHARES TR,46434V621,600,13500,,
UNIFI INC,904677200,600,63134,,UFI
GOLDMAN SACHS ETF TR,381430206,597,23100,,
TELA BIO INC,872381108,596,70000,,
CVRX INC,126638105,595,63800,,
PERELLA WEINBERG PARTNERS,71367G102,595,94000,,PWP
ROMEO POWER INC,776153108,595,1487836,,
MEDIWOUND LTD,M68830104,594,427041,,MDWD
AUDIOCODES LTD,M15342104,593,27200,,AUDC
ETF MANAGERS TR,26924G102,590,64700,,
ZUMIEZ INC,989817101,590,27400,,ZUMZ
FIRST BK WILLIAMSTOWN NEW JE,31931U102,589,43070,,
NORTECH SYS INC,656553104,589,55859,,
PARATEK PHARMACEUTICALS INC,699374302,588,228824,,
GLOBAL INDEMNITY GROUP LLC,37959R103,587,26612,,
ARK ETF TR,00214Q302,585,17800,,
ELECTRO-SENSORS INC,285233102,585,115700,,
ISHARES TR,464287598,585,4300,,
GREENPOWER MTR CO INC,39540E302,584,250718,,
NUVATION BIO INC,67080N101,584,260515,,NUVB
BOLT BIOTHERAPEUTICS INC,097702104,583,393858,,
THIRD COAST BANCSHARES INC,88422P109,583,34100,,
SPRINGWORKS THERAPEUTICS INC,85205L107,582,20400,,
FIRST TR EXCHANGE-TRADED FD,33733E500,581,10200,,
FIDELITY COMWLTH TR,315912808,580,14000,,
INVESTMENT MANAGERS SER TR I,46144X883,580,42000,,
ONECONNECT FINL TECHNOLOGY C,68248T105,580,803700,,
ACTINIUM PHARMACEUTICALS INC,00507W206,578,78300,,
EDGEWISE THERAPEUTICS INC,28036F105,574,58300,,
MATCH GROUP INC NEW,57667L107,573,12000,,
ALIMERA SCIENCES INC,016259202,572,112694,,
VISTAGEN THERAPEUTICS INC,92840H202,572,3762374,,
ARK RESTAURANTS CORP,040712101,571,30711,,ARKR
MAGENTA THERAPEUTICS INC,55910K108,571,404851,,
TUYA INC,90114C107,569,612241,,TUYA
CELCUITY INC,15102K100,568,56556,,CELC
FIRST FNDTN INC,32026V104,568,31300,,
GRUPO FINANCIERO GALICIA S.A,399909100,568,76150,,
DIREXION SHS ETF TR,25460E364,565,79500,,
EQUITY RESIDENTIAL,29476L107,565,8400,,EQR
PEDEVCO CORP,70532Y303,565,559200,,PED
SERVICE PPTYS TR,81761L102,565,108800,,
ATYR PHARMA INC,002120202,563,187525,,ATYR
RENREN INC,759892300,563,19010,,
XBIOTECH INC,98400H102,563,155468,,XBIT
REDWOOD TR INC,758075402,561,97764,,
INVESTMENT MANAGERS SER TR I,46144X867,560,13200,,
BRIGHTHOUSE FINL INC,10922N103,559,12873,,
SCHWAB STRATEGIC TR,808524607,559,14800,,
APPLIED OPTOELECTRONICS INC,03823U102,557,204900,,
OAK VY BANCORP OAKDALE CALIF,671807105,557,31156,,
4D MOLECULAR THERAPEUTICS IN,35104E100,556,69100,,
BAKKT HOLDINGS INC,05759B107,556,243900,,
CANAAN INC,134748102,555,169241,,CAN
CATALYST BIOSCIENCES INC,14888D208,555,1101270,,
FIRST TR EXCHANGE-TRADED FD,33733E302,555,4400,,
HILL INTL INC,431466101,554,166890,,
UNION BANKSHARES INC,905400107,553,24432,,UNB
UNITED SEC BANCSHARES CALIF,911460103,553,84759,,
C4 THERAPEUTICS INC,12529R107,551,62800,,
CRICUT INC,22658D100,550,59400,,
XEROX HOLDINGS CORP,98421M106,548,41900,,XRXDW
GERON CORP,374163103,547,233700,,GERN
LATHAM GROUP INC,51819L107,545,151800,,
VANGUARD INDEX FDS,922908611,545,3800,,
HOWARD HUGHES CORP,44267D107,543,9800,,
BENEFITFOCUS INC,08180D106,542,85300,,
WHOLE EARTH BRANDS INC,96684W100,542,141100,,
HERITAGE INSURANCE HLDGS INC,42727J102,540,238899,,
ISHARES TR,464288430,539,10800,,
RED RIVER BANCSHARES INC,75686R202,539,10900,,RRBI
BUTTERFLY NETWORK INC,124155102,538,114500,,
SHIFT TECHNOLOGIES INC,82452T107,538,768200,,
SCHOLAR ROCK HLDG CORP,80706P103,536,77400,,
FLEXSHOPPER INC,33939J303,535,287780,,
LIBERTY TRIPADVISOR HLDGS IN,531465102,535,490609,,
ISHARES TR,464287481,533,6800,,
TSR INC,872885207,533,73950,,
BOWMAN CONSULTING GROUP LTD,103002101,531,36400,,BWMN
NEURONETICS INC,64131A105,531,167021,,
BLACKBAUD INC,09227Q100,529,11997,,BLKB
DIVERSEY HLDGS LTD,G28923103,529,108800,,
VANGUARD INDEX FDS,922908538,529,3100,,
METALLA RTY & STREAMING LTD,59124U605,527,135700,,
APOLLO ENDOSURGERY INC,03767D108,525,95300,,
CCC INTELLIGENT SOLUTIONS HL,12510Q100,525,57700,,
APPIAN CORP,03782L101,523,12800,,APPN
ASTRIA THERAPEUTICS INC,04635X102,523,57861,,
SACHEM CAP CORP,78590A109,523,156943,,
STAGWELL INC,85256A109,523,75300,,STGW
ABRDN PALLADIUM ETF TRUST,003262102,522,2600,,PALL
ASSOCIATED CAP GROUP INC,045528106,522,14200,,
PERMA-FIX ENVIRONMENTAL SVCS,714157203,521,116363,,
SPDR SER TR,78468R853,521,15300,,
22ND CENTY GROUP INC,90137F103,520,561291,,
INVESCO EXCH TRADED FD TR II,46138G664,519,5400,,
FIRST WESTN FINL INC,33751L105,518,21000,,
RAFAEL HLDGS INC,75062E106,517,287031,,
EYENOVIA INC,30234E104,516,264100,,
GREENWICH LIFESCIENCES INC,396879108,516,56701,,
TALKSPACE INC,87427V103,516,500600,,
NOVAN INC,66988N205,514,274952,,
CYTEIR THERAPEUTICS INC,23284P103,512,266821,,
DIMENSIONAL ETF TRUST,25434V609,511,13100,,
DMC GLOBAL INC,23291C103,511,31997,,BOOM
ISHARES TR,46434V803,511,17100,,
MOODYS CORP,615369105,511,2100,,
CHINA ONLINE ED GROUP,16954L105,510,265400,,
UNIVERSAL STAINLESS & ALLOY,913837100,508,71400,,
VEECO INSTRS INC DEL,922417100,508,27710,,
COHERUS BIOSCIENCES INC,19249H103,507,52800,,
HANNON ARMSTRONG SUST INFR C,41068X100,506,16900,,
GENASYS INC,36872P103,500,180542,,GNSS
KALTURA INC,483467106,500,227100,,KLTR
VANGUARD WORLD FDS,92204A405,499,6700,,
SPDR SER TR,78464A805,498,11300,,
WAVE LIFE SCIENCES LTD,Y95308105,498,137900,,WVE
SAGE THERAPEUTICS INC,78667J108,497,12700,,
LILIUM N V,N52586109,496,217600,,
FFBW INC MD,30260M103,495,41626,,
PURE CYCLE CORP,746228303,493,59000,,PCYO
ELECTROMED INC,285409108,491,47904,,
GANNETT CO INC,36472T109,491,320924,,
LEGALZOOM COM INC,52466B103,490,57142,,
INVESCO EXCHANGE TRADED FD T,46137V530,489,4300,,
DRIL-QUIP INC,262037104,485,24859,,
TENAYA THERAPEUTICS INC,87990A106,482,166200,,
CALIFORNIA BANCORP INC,13005U101,479,23685,,
PATRICK INDS INC,703343103,478,10902,,
OPTIMIZERX CORP,68401U204,477,32200,,OPRX
SPDR SER TR,78464A698,477,8100,,
VILLAGE FARMS INTL INC,92707Y108,477,249661,,
DEXCOM INC,252131107,475,5900,,DXCM
FORTE BIOSCIENCES INC,34962G109,475,444129,,
GODADDY INC,380237107,475,6700,,GDDY
LESAKA TECHNOLOGIES INC,64107N206,475,135000,,LSAK
CITIUS PHARMACEUTICALS INC,17322U207,473,390770,,
ALSET EHOME INTERNATIONAL IN,02116A104,472,1843021,,
SOLID BIOSCIENCES INC,83422E105,472,1012270,,SLDB
STERICYCLE INC,858912108,472,11220,,
ORCHID IS CAP INC,68571X301,470,57360,,
VALUE LINE INC,920437100,470,10700,,VALU
ACNB CORP,000868109,467,15556,,ACNB
BRIGHT HORIZONS FAM SOL IN D,109194100,467,8100,,
COCRYSTAL PHARMA INC,19188J300,467,1604425,,
HARPOON THERAPEUTICS INC,41358P106,467,481041,,
LISATA THERAPEUTICS INC,128058302,467,100922,,
SCULLY ROYALTY LTD,G7T96K107,467,63114,,SRL
FVCBANKCORP INC,36120Q101,466,24300,,
TIPTREE INC,88822Q103,466,43300,,TIPT
BROOKFIELD BUSINESS PARTNERS,G16234109,465,23900,,
EMERSON RADIO CORP,291087203,465,808188,,MSN
AMERIS BANCORP,03076K108,464,10369,,ABCB
BANK MONTREAL QUE,063671101,464,5300,,
LIFETIME BRANDS INC,53222Q103,464,68500,,
ASSEMBLY BIOSCIENCES INC,045396108,463,282200,,
BACKBLAZE INC,05637B105,463,93200,,
AEVA TECHNOLOGIES INC,00835Q103,460,246047,,
SALISBURY BANCORP INC,795226109,460,19199,,
EMERALD HOLDING INC,29103W104,458,135637,,
SYNCHRONOSS TECHNOLOGIES INC,87157B103,457,401227,,
WIMI HOLOGRAM CLOUD INC,97264L100,454,295000,,WIMI
URBAN ONE INC,91705J105,453,85692,,
WEYCO GROUP INC,962149100,452,22226,,WEYS
FIRST TR EXCHANGE TRADED FD,33734X168,451,8700,,
XTANT MED HLDGS INC,98420P308,451,627210,,
MISSION PRODUCE INC,60510V108,450,31100,,
SHOE CARNIVAL INC,824889109,450,20979,,
KEMPHARM INC,488445206,449,71900,,
SESEN BIO INC,817763105,449,1055791,,
VANGUARD WHITEHALL FDS,921946794,448,8600,,
WISDOMTREE TR,97717W505,448,11900,,
CABALETTA BIO INC,12674W109,447,687461,,
ISHARES TR,464288521,447,9400,,
MARINE PRODS CORP,568427108,447,52802,,
USIO INC,917313108,446,343041,,
ZHIHU INC,98955N108,446,420300,,ZHIHF
ICAD INC,44934S206,445,211690,,
QUINCE THERAPEUTICS INC,22053A107,445,334225,,
CASTLE BIOSCIENCES INC,14843C105,443,17000,,CSTL
HIGHWAY HLDGS LTD,G4481U106,443,209115,,
360 DIGITECH INC,88557W101,442,34500,,
VELODYNE LIDAR INC,92259F101,441,466000,,
MAYVILLE ENGR CO INC,578605107,439,67397,,
PROQR THRAPEUTICS N V,N71542109,439,590568,,
OUTBRAIN INC,69002R103,438,120100,,
CHOICEONE FINL SVCS INC,170386106,437,20100,,
COMPANHIA SIDERURGICA NACION,20440W105,437,183600,,
MOLECULAR TEMPLATES INC,608550109,437,582671,,
SPDR INDEX SHS FDS,78463X749,437,11300,,
TEXTRON INC,883203101,437,7500,,TXT
MOOG INC,615394301,436,6100,,MOG-B
SCOTTS MIRACLE-GRO CO,810186106,436,10200,,SMG
FIDELITY D & D BANCORP INC,31609R100,435,10790,,FDBC
DOCGO INC,256086109,434,43700,,DCGO
ISHARES TR,464288653,431,3960,,
CYANOTECH CORP,232437301,430,199079,,CYAN
SPDR SER TR,78464A300,430,6400,,
DOGNESS INTERNATIONAL CORP,G2788T103,429,366800,,
GOSSAMER BIO INC,38341P102,429,35800,,
SPECTRUM PHARMACEUTICALS INC,84763A108,429,997400,,
SPERO THERAPEUTICS INC,84833T103,429,214700,,
INVESCO EXCHANGE TRADED FD T,46137V480,428,10400,,
KEZAR LIFE SCIENCES INC,49372L100,427,49648,,
VINCERX PHARMA INC,92731L106,426,308700,,
ISHARES TR,464287515,425,1700,,
TASKUS INC,87652V109,425,26400,,
FRANCHISE GROUP INC,35180X105,424,17469,,
INVESCO EXCH TRADED FD TR II,46138E297,422,20100,,
BIOXCEL THERAPEUTICS INC,09075P105,420,35500,,
WISDOMTREE TR,97717Y691,419,15700,,
HIREQUEST INC,433535101,418,32400,,
AG MTG INVT TR INC,001228501,417,101400,,
GENESCO INC,371532102,417,10600,,GCO
URBAN OUTFITTERS INC,917047102,417,21200,,URBN
EBANG INTL HLDGS INC,G3R33A106,416,1015100,,
INOZYME PHARMA INC,45790W108,416,155400,,
ISHARES TR,464287499,416,6700,,
OCUPHIRE PHARMA INC,67577R102,416,206901,,
DOMA HOLDINGS INC,25703A104,415,943700,,
QUMU CORP,749063103,414,678856,,
VSE CORP,918284100,414,11700,,VSECU
WISDOMTREE TR,97717W604,414,16100,,
X4 PHARMACEUTICALS INC,98420X103,414,242194,,
IMMUNIC INC,4525EP101,413,130665,,
MAINSTREET BANCSHARES INC,56064Y100,412,18056,,
RIVIAN AUTOMOTIVE INC,76954A103,411,12500,,
VANGUARD INDEX FDS,922908595,410,2100,,
VIRACTA THERAPEUTICS INC,92765F108,409,95899,,
BONSO ELECTRS INTL INC,098529308,408,138400,,
ALERISLIFE INC,33832D205,407,428500,,
LEXINFINTECH HLDGS LTD,528877103,407,240600,,
EURODRY LTD,Y23508107,406,31200,,EDRY
ISHARES TR,464287150,406,5100,,
GLOBAL X FDS,37954Y848,405,16800,,
DIREXION SHS ETF TR,25460G815,403,65626,,
CORE SCIENTIFIC INC,21873J108,402,309488,,
CAPSTONE GREEN ENERGY CORP,14067D508,401,226341,,
PULMATRIX INC,74584P301,401,112220,,
SEACOR MARINE HLDGS INC,78413P101,400,71100,,
AMERICAN CENTY ETF TR,025072802,399,8400,,
AMTECH SYS INC,032332504,398,46796,,
OUSTER INC,68989M103,398,412755,,
JIANPU TECHNOLOGY INC,47738D309,397,245169,,AIJTY
SOLITARIO ZINC CORP,8342EP107,394,796950,,
CITIZENS HLDG CO MISS,174715102,392,25635,,
BUSINESS FIRST BANCSHARES IN,12326C105,391,18183,,
MEDIAALPHA INC,58450V104,391,44700,,
ISHARES INC,464286624,390,6000,,
REINSURANCE GRP OF AMERICA I,759351604,390,3100,,
FORUM ENERGY TECHNOLOGIES IN,34984V209,389,18300,,
ISHARES TR,46435G425,389,4900,,
VAPOTHERM INC,922107107,388,247388,,
SHARECARE INC,81948W104,387,203900,,
ASSURANT INC,04621X108,386,2660,,
FIRST TR NAS100 EQ WEIGHTED,337344105,385,4600,,
HEXO CORP,428304307,383,2215900,,
ISHARES INC,464286806,383,19400,,
AN2 THERAPEUTICS INC,037326105,382,22000,,
CAMECO CORP,13321L108,382,14400,,CCJ
LIBERTY MEDIA CORP DEL,531229607,381,10100,,FWONB
MANITEX INTL INC,563420108,381,66540,,
WISDOMTREE TR,97717W315,381,11700,,
FIDELITY COVINGTON TRUST,316092865,380,9000,,
FORTRESS BIOTECH INC,34960Q109,379,440589,,
STANDARD BIOTOOLS INC,34385P108,379,344100,,LAB
COUCHBASE INC,22207T101,378,26500,,
DONNELLEY FINL SOLUTIONS INC,25787G100,377,10200,,
MCEWEN MNG INC,58039P305,376,115219,,
CUMULUS MEDIA INC,231082801,373,53100,,CMLSQ
DYNATRONICS CORP,268157401,373,753265,,
CHECKPOINT THERAPEUTICS INC,162828107,372,357500,,
GREENE CNTY BANCORP INC,394357107,372,6500,,
LEGGETT & PLATT INC,524660107,372,11200,,LEG
PETIQ INC,71639T106,372,53900,,
ISHARES TR,464287879,371,4500,,
KIRKLANDS INC,497498105,371,123400,,
TESLA INC,88160R101,371,1400,,
FIRST TR EXCHANGE TRADED FD,33734X127,370,23700,,
MATRIX SVC CO,576853105,370,89300,,
CERTARA INC,15687V109,369,27800,,
BLACK DIAMOND THERAPEUTICS I,09203E105,368,217700,,
JERASH HLDGS US INC,47632P101,368,86740,,
NUCANA PLC,67022C106,368,352133,,NCNA
FIRST TR EXCHANGE-TRADED FD,33738R506,365,9400,,
HOLLEY INC,43538H103,364,89800,,HLLY
VAXXINITY INC,92244V104,364,183635,,
DIREXION SHS ETF TR,25459W540,363,42300,,
OPERA LTD,68373M107,363,83600,,OPRA
OPTICAL CABLE CORP,683827208,363,105103,,OCC
SOTHERLY HOTELS INC,83600C103,363,193014,,
INVESTAR HLDG CORP,46134L105,362,18175,,
AMERICAN RLTY INVS INC,029174109,361,22699,,
CASTOR MARITIME INC,Y1146L125,361,322398,,CTRM
BROOKLYN IMMUNOTHERAPEUTICS,114082100,360,1459626,,
ISHARES TR,464287812,360,2000,,
PIMCO ETF TR,72201R304,359,6400,,
UROGEN PHARMA LTD,M96088105,359,43100,,URGN
9 METERS BIOPHARMA INC,654405109,357,1662200,,
CARLOTZ INC,142552108,357,1189839,,
INVESCO EXCH TRADED FD TR II,46138G631,357,16100,,
TAYLOR DEVICES INC,877163105,356,34962,,
LULUS FASHION LOUNGE HOLDING,55003A108,355,76200,,
ZYMEWORKS INC,98985W102,355,57777,,ZYME
ACUTUS MED INC,005111109,354,402700,,
BOS BETTER ONLINE SOLUTIONS,M20115180,354,160095,,BOSC
BROADWAY FINL CORP DEL,111444105,352,311110,,
ISHARES TR,46434VAX8,352,14100,,
UNITY BANCORP INC,913290102,352,14000,,
BETTERWARE DE MEXC S A P I D,P1666E105,351,47200,,
DARLING INGREDIENTS INC,237266101,351,5300,,DAR
NAAS TECHNOLOGY INC,62955X102,351,81867,,NAAS
CHEWY INC,16679L109,350,11400,,
MECHEL PAO,583840608,348,1545087,,
NOVAGOLD RES INC,66987E206,348,74303,,
BRIDGELINE DIGITAL INC,10807Q700,347,264950,,
BROADWIND INC,11161T207,345,114300,,
INVESCO EXCH TRADED FD TR II,46138E800,345,9500,,
LUXFER HLDGS PLC,G5698W116,345,23800,,
CLEVER LEAVES HOLDINGS INC,186760104,344,571800,,
INVESCO EXCH TRD SLF IDX FD,46138J866,344,16500,,
ISHARES TR,464289859,344,6200,,
LEAP THERAPEUTICS INC,52187K101,344,391300,,
ADC THERAPEUTICS SA,H0036K147,343,71100,,ADCT
AMERICAN VANGUARD CORP,030371108,342,18300,,AVD
ASTRONICS CORP,046433108,342,43500,,ATROB
FIDELITY COVINGTON TRUST,316092857,342,14300,,
GOLD ROYALTY CORP,38071H106,342,134836,,GROY-WT
KIMCO RLTY CORP,49446R109,342,18600,,
PYXIS TANKERS INC,Y71726130,342,88901,,PXS
BRILLIANT EARTH GROUP INC,109504100,341,59500,,
RAVE RESTAURANT GROUP INC,754198109,341,243800,,
THE BEACHBODY COMPANY INC,073463101,341,337200,,
VIRTRA INC,92827K301,341,63100,,
FINVOLUTION GROUP,31810T101,340,79400,,FVGPY
GALECTO INC,36322Q107,339,179300,,
ESSA PHARMA INC,29668H708,338,185910,,
CALITHERA BIOSCIENCES INC,13089P507,337,114555,,
LIBERTY BROADBAND CORP,530307107,336,4500,,LBRDP
CLOOPEN GROUP HOLDING LIMITE,18900M104,335,478654,,
FIRST INTST BANCSYSTEM INC,32055Y201,335,8298,,
IDEANOMICS INC,45166V106,335,1216513,,
REKOR SYSTEMS INC,759419104,335,335299,,
HNI CORP,404251100,334,12600,,HNI
ORBITAL INFRASTRUCTURE GRP I,68559A109,334,702926,,
SCHNEIDER NATIONAL INC,80689H102,333,16400,,
PIMCO ETF TR,72201R783,332,3800,,
AMRYT PHARMA PLC,03217L106,330,47700,,
ALTUS POWER INC,02217A102,329,29900,,
AVINO SILVER & GOLD MINES LT,053906103,329,644430,,
HBT FINL INC.,404111106,329,18100,,
MEXCO ENERGY CORP,592770101,328,20235,,MXC
ELEVATION ONCOLOGY INC,28623U101,326,288657,,
PENNYMAC FINL SVCS INC NEW,70932M107,326,7600,,
PLAYSTUDIOS INC,72815G108,326,93400,,
SPORTRADAR GROUP AG,H8088L103,326,37100,,SRAD
EXCHANGE TRADED CONCEPTS TR,301505889,325,12200,,
ISHARES TR,464287333,325,5300,,
ISHARES TR,464287770,325,2300,,
MEDICINOVA INC,58468P206,325,149800,,MNOV
SPDR SER TR,78464A870,325,4100,,
BOGOTA FINL CORP,097235105,324,29414,,
FIRST SVGS FINL GROUP INC,33621E109,324,14100,,
QIWI PLC,74735M108,324,571151,,
AYTU BIOPHARMA INC,054754874,323,1747520,,
INVESCO CURRENCYSHARES JAPAN,46138W107,319,4930,,
SENSEI BIOTHERAPEUTICS INC,81728A108,319,205800,,
STOCK YDS BANCORP INC,861025104,319,4690,,
UPHEALTH INC,91532B101,319,599046,,
DORCHESTER MINERALS LP,25820R105,317,12700,,
RETRACTABLE TECHNOLOGIES INC,76129W105,317,160211,,RVP
WISDOMTREE TR,97717W307,315,5700,,
SOUTHERN STS BANCSHARES INC,843878307,313,11493,,
VARONIS SYS INC,922280102,313,11800,,
AMERICAN CENTY ETF TR,025072885,312,5000,,
APPLIED THERAPEUTICS INC,03828A101,311,334289,,
BEIGENE LTD,07725L102,310,2300,,
CENTRAIS ELETRICAS BRASILEIR,15234Q108,310,36600,,
APPLIED GENETIC TECHNOLOGIES,03820J100,309,1137508,,
FIRST GTY BANCSHARES INC,32043P106,309,14106,,
ISHARES INC,464286715,309,14000,,
ISHARES TR,464287457,309,3800,,
MIND TECHNOLOGY INC,602566101,309,482495,,
DBX ETF TR,233051200,308,9200,,
INVESCO EXCHANGE TRADED FD T,46137V431,307,4100,,
POINT BIOPHARMA GLOBAL INC,730541109,307,39700,,
YIREN DIGITAL LTD,98585L100,307,286965,,YRD
ISHARES TR,464287762,304,1200,,
AKSO HEALTH GROUP,98422P108,303,334298,,AHG
ARDELYX INC,039697107,303,254249,,
PIMCO ETF TR,72201R718,303,3200,,
ARAVIVE INC,03890D108,302,369829,,
MIDLAND STATES BANCORP INC,597742105,302,12800,,
BROOKFIELD BUSINESS CORP,11259V106,301,13600,,BBUC
STERLING CHECK CORP,85917T109,300,17000,,
UDEMY INC,902685106,300,24800,,
SCHWAB STRATEGIC TR,808524748,299,10980,,
SMART SAND INC,83191H107,299,191767,,
111 INC,68247Q102,298,111347,,
LYELL IMMUNOPHARMA INC,55083R104,298,40700,,
APTOSE BIOSCIENCES INC,03835T200,296,496709,,APTOF
ARMATA PHARMACEUTICALS INC,04216R102,295,69796,,
GEMINI THERAPEUTICS INC,36870G105,295,179858,,
FRP HLDGS INC,30292L107,294,5400,,
INVESCO EXCHANGE TRADED FD T,46137V282,294,1300,,
LATCH INC,51818V106,294,308100,,
TPG INC,872657101,292,10500,,TPGXL
GLYCOMIMETICS INC,38000Q102,290,526300,,
BRIGHT HEALTH GROUP INC,10920V107,289,275400,,
MARIN SOFTWARE INC,56804T205,289,225700,,
AFFIMED N V,N01045108,287,139476,,
AMNEAL PHARMACEUTICALS INC,03168L105,287,141900,,
IGM BIOSCIENCES INC,449585108,287,12600,,
ONE STOP SYS INC,68247W109,286,89372,,
STREAMLINE HEALTH SOLUTIONS,86323X106,286,240269,,
TRIVAGO N V,89686D105,286,246163,,
BLUE FOUNDRY BANCORP,09549B104,285,25600,,
BRISTOW GROUP INC,11040G103,284,12100,,VTOL
BANK FIRST CORP,06211J100,283,3700,,BFC
FREIGHTCAR AMER INC,357023100,283,75835,,
FLUENT INC,34380C102,282,209000,,
SYROS PHARMACEUTICALS INC,87184Q206,282,43735,,
ANIXA BIOSCIENCES INC,03528H109,281,57200,,ANIX
METACRINE INC,59101E103,281,579536,,
OPTIMUMBANK HLDGS INC,68401P403,281,69000,,
PTC THERAPEUTICS INC,69366J200,281,5600,,
PROSHARES TR,74348A467,280,3500,,
COHERENT CORP,19247G107,279,8000,,COHR
ISHARES TR,464287473,279,2900,,
AMERANT BANCORP INC,023576101,277,11135,,AMTB
FIDELITY COVINGTON TRUST,316092840,277,8400,,
POLISHED COM INC,28252C109,277,532133,,
KLX ENERGY SERVICS HOLDNGS I,48253L205,276,33500,,
NEW YORK MTG TR INC,649604501,276,118100,,
GALERA THERAPEUTICS INC,36338D108,275,157768,,
SUNLINK HEALTH SYS INC,86737U102,274,285378,,
DISCOVER FINL SVCS,254709108,273,3000,,
GREAT AJAX CORP,38983D300,270,35900,,
CYTOSORBENTS CORP,23283X206,269,197796,,CTSO
ISHARES TR,464288869,269,2600,,
INVESCO EXCHANGE TRADED FD T,46137V621,268,17798,,
SHIFT4 PMTS INC,82452J109,268,6000,,
VANGUARD WORLD FDS,92204A504,268,1200,,
X FINL,98372W202,268,120375,,
ISHARES TR,464289875,266,7259,,
ISHARES TR,464288695,265,3900,,
OPPFI INC,68386H103,265,115000,,OPFI
DELUXE CORP,248019101,263,15800,,DLX
PRIMEENERGY RESOURCES CORP,74158E104,263,3300,,PNRG
SOLUNA HOLDINGS INC,583543103,263,153900,,
ELTEK LTD,M40184208,262,73715,,ELTK
AVALON HLDGS CORP,05343P109,261,98310,,
OFFERPAD SOLUTIONS INC,67623L109,261,215700,,OPADW
SPDR INDEX SHS FDS,78463X202,261,8500,,
SMITH MIDLAND CORP,832156103,259,9700,,SMID
VANGUARD ADMIRAL FDS INC,921932778,257,1800,,
ACORDA THERAPEUTICS INC,00484M601,256,855792,,
WESTERN ASSET MTG CAP CORP,95790D204,256,22910,,
ATI PHYSICAL THERAPY INC,00216W109,254,253900,,
PYXIS ONCOLOGY INC,747324101,254,128802,,
BANK7 CORP,06652N107,252,11380,,BSVN
CARROLS RESTAURANT GROUP INC,14574X104,252,154900,,
VANGUARD WORLD FDS,92204A801,252,1700,,
ENLIVEX THERAPEUTICS LTD,M4130Y106,250,58889,,
SALEM MEDIA GROUP INC,794093104,250,143400,,
ISHARES TR,464287861,249,6600,,
KATAPULT HOLDINGS INC,485859102,249,259100,,
UNITED CMNTY BKS BLAIRSVLE G,90984P303,249,7509,,
MARKETWISE INC,57064P107,248,108900,,
RANDOLPH BANCORP INC,752378109,248,9200,,
NORTHERN OIL AND GAS INC MN,665531307,247,9000,,
BRAINSTORM CELL THERAPEUTICS,10501E201,246,55700,,
INNSUITES HOSPITALITY TR,457919108,246,128200,,
ORGANOVO HLDGS INC,68620A203,246,119887,,
RICHMOND MUT BANCORPORATION,76525P100,246,18342,,
CYCLACEL PHARMACEUTICALS INC,23254L603,245,167600,,
HORIZON GLOBAL CORP,44052W104,245,199201,,
TILE SHOP HLDGS INC,88677Q109,245,69700,,
CYCLERION THERAPEUTICS INC,23255M105,244,283388,,
TELESAT CORP,879512309,244,31200,,TSAT
TREAN INS GROUP INC,89457R101,244,71900,,
CLOUDFLARE INC,18915M107,243,4400,,
SPDR SER TR,78464A862,243,1600,,
CODEX DNA INC,192003101,241,145200,,
INVESCO EXCH TRADED FD TR II,46138E594,241,12700,,
GOLDMAN SACHS ETF TR,381430107,240,9700,,
NVENT ELECTRIC PLC,G6700G107,240,7600,,NVT
CERIDIAN HCM HLDG INC,15677J108,238,4237,,
GUARDION HEALTH SCIENCES INC,40145Q401,238,1723950,,
SUPERIOR DRILLING PRODS INC,868153107,238,355541,,
MEGA MATRIX CORP,007737109,237,140026,,
WM TECHNOLOGY INC,92971A109,237,147300,,
PARTNERS BANCORP,70213Q108,236,26500,,
SELECTQUOTE INC,816307300,236,323200,,
SWK HLDGS CORP,78501P203,236,13900,,
DIFFUSION PHARMACEUTICALS IN,253748404,235,44009,,
ISHARES TR,464288620,235,4900,,
RLI CORP,749607107,235,2300,,RLI
TANTECH HLDGS LTD,G8675X123,235,1327634,,
CAPITAL GROUP INTL FOCUS EQT,14019W109,234,12528,,
PELOTON INTERACTIVE INC,70614W100,234,33800,,
PROTARA THERAPEUTICS INC,74365U107,234,79200,,
AMERICA MOVIL SAB DE CV,02364W204,233,14253,,
ISHARES INC,46434G780,233,13600,,
ATHENEX INC,04685N103,232,861563,,
DAILY JOURNAL CORP,233912104,231,900,,DJCO
CINCOR PHARMA INC,17240Y109,230,7000,,
INFLARX NV,N44821101,230,87102,,
INVESCO EXCHANGE TRADED FD T,46137V241,230,5800,,
ISHARES INC,464286426,230,4000,,
MERIDIANLINK INC,58985J105,230,14100,,
CITIZENS CMNTY BANCORP INC M,174903104,229,18815,,
DIMENSIONAL ETF TRUST,25434V732,229,11200,,
EBIX INC,278715206,229,12080,,
PIMCO ETF TR,72201R817,228,2500,,
SEMA4 HOLDINGS CORP,81663L101,228,260300,,
VANECK ETF TRUST,92189F353,228,13539,,
CF BANKSHARES INC,12520L109,227,11000,,CFBK
ETF MANAGERS TR,26924G508,227,49400,,
PHOENIX NEW MEDIA LTD,71910C202,227,48131,,FENG
COGENT BIOSCIENCES INC,19240Q201,226,15168,,
GAIA INC NEW,36269P104,226,92900,,
PROG HOLDINGS INC,74319R101,226,15056,,
PROSHARES TR,74347B680,226,3500,,
AIKIDO PHARMA INC,008875304,225,32926,,
DAXOR CORP,239467103,224,16921,,DXR
VANGUARD ADMIRAL FDS INC,921932885,223,1500,,
LL FLOORING HOLDINGS INC,55003T107,222,32000,,
GRAY TELEVISION INC,389375205,221,17000,,
FINANCE OF AMERICA COMPAN,31738L107,220,148600,,
WAITR HLDGS INC,930752100,220,1505004,,
ASLAN PHARMACEUTICALS LTD,04522R101,219,365800,,
FIRST TR EXCHANGE-TRADED FD,33738R118,219,5000,,
IBIO INC,451033203,219,1287827,,
OVID THERAPEUTICS INC,690469101,219,118800,,OVID
AUBURN NATL BANCORP,050473107,217,9441,,
BELLEROPHON THERAPEUTICS INC,078771300,214,196191,,
GOHEALTH INC,38046W105,214,603356,,
ZOMEDICA CORP,98980M109,214,1015500,,ZOMDF
MONEYLION INC,60938K106,212,237600,,
VANGUARD WORLD FD,921910873,212,1700,,
SIFCO INDS INC,826546103,211,68634,,
FIVE STAR BANCORP,33830T103,210,7400,,FSBC
NEWMARK GROUP INC,65158N102,210,26000,,
CVENT HOLDING CORP,126677103,209,39800,,
ORIENTAL CULTURE HOLDING LTD,G6796W107,209,246099,,OCG
APTEVO THERAPEUTICS INC,03835L207,208,68386,,APVO
CARVER BANCORP INC,146875604,208,51887,,CARV
CONCORD MED SVCS HLDGS LTD,206277105,208,112600,,
FIRST TR EXCHANGE TRADED FD,33734X176,208,2400,,
IMEDIA BRANDS INC,452465206,208,325348,,
ABEONA THERAPEUTICS INC,00289Y206,207,68137,,ABEO
EXTERRAN CORP,30227H106,207,49800,,
VYNE THERAPEUTICS INC,92941V209,207,929004,,
SEELOS THERAPEUTICS INC,81577F109,206,200135,,
HAWTHORN BANCSHARES INC,420476103,205,9356,,
NEXTDECADE CORP,65342K105,205,34073,,NEXT
SILICOM LTD,M84116108,205,5800,,SILC
GRITSTONE BIO INC,39868T105,204,79500,,
SURGALIGN HOLDINGS INC,86882C204,204,58670,,
KENNEDY-WILSON HOLDINGS INC,489398107,203,13100,,
SIDUS SPACE INC,826165102,203,96100,,SIDU
BEASLEY BROADCAST GROUP INC,074014101,202,186828,,BBGI
VENTYX BIOSCIENCES INC,92332V107,202,5800,,
VERITONE INC,92347M100,202,35900,,
BERKSHIRE GREY INC,084656107,201,118300,,
SIGHT SCIENCES INC,82657M105,201,31586,,
LYRA THERAPEUTICS INC,55234L105,200,40000,,
WISDOMTREE TR,97717X594,200,5575,,
ADVANTAGE SOLUTIONS INC,00791N102,199,93500,,ADV
APTINYX INC,03836N103,199,541026,,
SEANERGY MARITIME HLDGS CORP,Y73760194,199,420600,,
USCB FINANCIAL HOLDINGS INC,90355N101,199,15200,,
CLEARONE INC,18506U104,198,367360,,CLRO
FLORA GROWTH CORP,339764102,198,281000,,
NEPTUNE WELLNESS SOLUTIONS I,64079L204,196,128684,,
SPRUCE BIOSCIENCES INC,85209E109,196,143100,,
BRIGHT SCHOLAR ED HLDGS LTD,109199208,194,65799,,
RUBICON TECHNOLOGY INC,78112T206,194,90671,,
BABYLON HLDGS LTD,G07031100,193,407800,,
ANGION BIOMEDICA CORP,03476J107,192,208977,,
BLADE AIR MOBILITY INC,092667104,192,47600,,
HOOKIPA PHARMA INC,43906K100,191,142200,,
TUNIU CORP,89977P106,190,286630,,TOUR
GRAYBUG VISION INC,38942Q103,189,200492,,
INDEPENDENCE CONTRACT DRILLI,453415606,189,62900,,
NAUTILUS BIOTECHNOLOGY INC,63909J108,189,89100,,
LANDSEA HOMES CORP,51509P103,188,39390,,
VIRPAX PHARMACEUTICALS INC,928251107,188,158322,,
ANYWHERE REAL ESTATE INC,75605Y106,186,22900,,
JOUNCE THERAPEUTICS INC,481116101,186,79700,,
PATRIOT TRANSN HLDG INC,70338W105,186,23709,,
APREA THERAPEUTICS INC,03836J102,184,282541,,
ACHILLES THERAPEUTICS PLC,00449L102,183,81033,,
CBAK ENERGY TECHNOLOGY INC,14986C102,183,158787,,
CIRCOR INTL INC,17273K109,183,11100,,
FOUR SEASONS ED CAYMAN INC,35101A309,183,13127,,
ONCONOVA THERAPEUTICS INC,68232V801,181,205094,,
ZOVIO INC,98979V102,180,1259487,,
ARCIMOTO INC,039587100,178,128700,,
ONCORUS INC,68236R103,178,209533,,
TRICIDA INC,89610F101,178,17026,,
TUANCHE LTD,89856T203,178,49698,,
MISTRAS GROUP INC,60649T107,177,39700,,
STEELCASE INC,858155203,177,27202,,
FATHOM HOLDINGS INC,31189V109,176,33200,,FTHM
STATERA BIOPHARMA INC,857561104,176,1356946,,
FULTON FINL CORP PA,360271100,175,11105,,
FNCB BANCORP INC,302578109,174,23200,,
VINCI PARTNERS INVTS LTD,G9451V109,173,16832,,
ARTERIS INC,04302A104,172,25800,,
WESTWATER RES INC,961684206,170,149394,,
BEYONDSPRING INC,G10830100,169,170996,,BYSI
INTEGRA RES CORP,45826T301,169,317900,,
FRANKLIN WIRELESS CORP,355184102,168,57596,,FKWL
LANDOS BIOPHARMA INC,515069102,168,258701,,
LIQTECH INTL INC,53632A201,168,441600,,
LM FDG AMER INC,502074404,168,173100,,
SUNLIGHT FINANCIAL HOLDINGS,86738J106,168,135500,,
THE9 LTD,88337K302,168,172491,,NCTY
TREVENA INC,89532E109,168,1096100,,
CENTRAL PUERTO S A,155038201,167,37950,,
LEJU HLDGS LTD,50187J207,167,93499,,
NN INC,629337106,167,97800,,NNBR
MAGYAR BANCORP INC,55977T208,166,13357,,
WILHELMINA INTL INC,968235200,164,40012,,
DATCHAT INC,23816M107,163,225946,,
THREDUP INC,88556E102,163,88500,,TDUP
GRACELL BIOTECHNOLOGIES INC,38406L103,162,50300,,
OTONOMO TECHNOLOGIES LTD,M7571L103,162,573526,,
RECURSION PHARMACEUTICALS IN,75629V104,162,15200,,
SKILLFUL CRAFTSMAN ED TECH L,G8211A108,162,170300,,
UXIN LTD,91818X108,162,269498,,UXIN
VIRGIN GALACTIC HOLDINGS INC,92766K106,162,34400,,
ENERGY SVCS ACQUISITION CORP,29271Q103,161,56300,,
RENALYTIX PLC,75973T101,161,126002,,RENXF
SCIENCE 37 HOLDINGS INC,808644108,161,100300,,
SONOMA PHARMACEUTICALS INC,83558L204,161,75367,,
ATA CREATIVITY GLOBAL,00211V106,160,93344,,AACG
SCIENJOY HOLDING CORP,G7864D112,159,71900,,SJ
ZYNEX INC,98986M103,157,17362,,
CRESCENT ENERGY COMPANY,44952J104,156,11600,,
HUMANIGEN INC,444863203,156,865700,,
SHARPLINK GAMING LTD,M8273L102,156,174100,,
TITAN PHARMACEUTICALS INC DE,888314606,156,144710,,
XUNLEI LTD,98419E108,156,112025,,XNET
BIOCEPT INC,09072V501,155,168400,,
BIRKS GROUP INC,09088U109,155,29600,,BGI
DRIVE SHACK INC,262077100,155,249415,,
CHINA JO-JO DRUGSTORES INC,G2124G112,154,78599,,
CTI BIOPHARMA CORP,12648L601,154,26520,,
HERITAGE GLOBAL INC,42727E103,154,95671,,HGBL
ASURE SOFTWARE INC,04649U102,153,26800,,ASUR
QUOTIENT LTD,G73268107,153,1016756,,
AMCOR PLC,G0250X107,152,14200,,AMCCF
CERAGON NETWORKS LTD,M22013102,152,83200,,CRNT
CPS TECHNOLOGIES CORP,12619F104,151,53833,,
17 ED & TECHNOLOGY GROUP INC,81807M205,150,110756,,
BLUE WATER VACCINES INC,09610B108,150,87710,,
CARECLOUD INC,14167R100,150,35900,,
EMBARK TECHNOLOGY INC,29079J202,150,20185,,
FREELINE THERAPEUTICS HLDGS,35655L107,150,214000,,
HF FOODS GROUP INC,40417F109,150,38700,,HFFG
TEAM INC,878155100,150,141290,,TISI
LAIRD SUPERFOOD INC,50736T102,149,81800,,
ADVANCED EMISSIONS SOLUTIONS,00770C101,148,54045,,
LOYALTY VENTURES INC,54911Q107,148,122000,,
NISUN INTL ENT DVPMT GP CO L,G6593L106,148,284586,,
CAZOO GROUP LTD,G2007L105,147,319576,,
COMPASS THERAPEUTICS INC,20454B104,146,64215,,
CONTEXT THERAPEUTICS INC,21077P108,145,130588,,CNTX
RENEO PHARMACEUTICALS INC,75974E103,144,43000,,
WHEELER REAL ESTATE INVT TR,963025705,144,110546,,
TRILOGY METALS INC NEW,89621C105,143,236021,,TMQ
COOPER STD HLDGS INC,21676P103,142,24300,,
FASTLY INC,31188V100,142,15500,,
PERASO INC,71360T101,141,83200,,PRSO
PROVENTION BIO INC,74374N102,141,31321,,
ZEPP HEALTH CORPORATION,98945L105,140,102100,,ZEPP
INTELLICHECK INC,45817G201,139,55300,,
HEADHUNTER GROUP PLC,42207L106,138,92100,,
INDIA GLOBALIZATION CAP INC,45408X308,138,320900,,
PINEAPPLE ENERGY INC,72303P107,138,158776,,
ICLICK INTERACTIVE ASIA GROU,45113Y104,137,390831,,
TRIPLE FLAG PRECIOUS METAL,89679M104,137,10800,,
ADDVANTAGE TECHNOLOGIES GROU,006743306,134,76196,,
SONDER HOLDINGS INC,83542D102,134,80900,,
SQZ BIOTECHNOLOGIES CO,78472W104,134,58603,,
AEGLEA BIOTHERAPEUTICS INC,00773J103,131,249800,,
MICT INC,55328R109,131,191421,,
BLUE RIDGE BANKSHARES INC VA,095825105,130,10200,,
CORBUS PHARMACEUTICALS HLDGS,21833P103,130,790531,,
CREATIVE MEDIA & CMNTY TR,125525584,130,20288,,
CURO GROUP HOLDINGS CORP,23131L107,130,32300,,
SHAPEWAYS HOLDINGS INC,81947T102,130,208500,,
VENATOR MATLS PLC,G9329Z100,130,147338,,
ACHIEVE LIFE SCIENCES INC,004468500,128,38700,,
ATENTO S A,L0427L204,128,31612,,
DIXIE GROUP INC,255519100,128,118800,,DXYN
VOR BIOPHARMA INC,929033108,127,31900,,VOR
INTEGRATED MEDIA TECHNLOGY L,Q49376108,126,198466,,
ASIA PACIFIC WIRE & CABLE CO,G0535E106,125,79000,,
EXICURE INC,30205M200,125,79800,,
FULL TRUCK ALLIANCE CO LTD,35969L108,124,18900,,
SALARIUS PHARMACEUTICALS INC,79400X107,124,634261,,
ADAGENE INC,005329107,123,95800,,ADAG
A K A BRANDS HLDG CORP,00152K101,123,85100,,
FATHOM DIGITAL MFG CORP,31189Y103,123,60400,,
GENETRON HLDGS LTD,37186H100,123,157000,,
JX LUXVENTURE LIMITED,Y46002203,123,141401,,
NANOVIRICIDES INC,630087302,123,71066,,
DESTINATION XL GROUP INC,25065K104,122,22600,,
PHIO PHARMACEUTICALS CORP,71880W303,122,213600,,PHIO
PROTALIX BIOTHERAPEUTICS INC,74365A309,122,117200,,
RETO ECO SOLUTIONS INC,G75271109,121,287203,,
UNITED STATES ANTIMONY CORP,911549103,121,329099,,UAMY
EVOTEC AG,30050E105,120,13699,,
TMC THE METALS COMPANY INC,87261Y106,120,114000,,
AXOGEN INC,05463X106,119,10000,,
INVIVO THERAPEUTICS HLDGS CO,46186M605,119,27725,,
RESEARCH SOLUTIONS INC,761025105,118,57700,,
ARTS WAY MFG INC,043168103,117,64003,,
AURORA MOBILE LTD,051857100,117,118106,,JG
HEPION PHARMACEUTICALS INC,426897104,117,232100,,
YOUDAO INC,98741T104,117,29700,,
TUSIMPLE HLDGS INC,90089L108,116,15300,,
RENESOLA LTD,75971T301,115,22900,,
USERTESTING INC,91734E101,115,29307,,
BOXLIGHT CORP,103197109,114,183800,,BOXL
JAGUAR HEALTH INC,47010C607,114,730047,,
NEUBASE THERAPEUTICS INC,64132K102,114,287386,,
PUYI INC,69373Y109,114,15517,,
SPIRE GLOBAL INC,848560108,114,105160,,
INHIBIKASE THERAPEUTICS INC,45719W106,113,124683,,
TRACON PHARMACEUTICALS INC,89237H209,113,67900,,
TRX GOLD CORPORATION,87283P109,113,289893,,TRX
U S GLOBAL INVS INC,902952100,113,39315,,
DECIBEL THERAPEUTICS INC,24343R106,112,32300,,
EFFECTOR THERAPEUTICS INC,28202V108,112,195399,,
QUANTUM CORP,747906501,112,104056,,
ALPHA TAU MEDICAL LTD,M0740A108,111,19016,,DRTSW
ATHERSYS INC NEW,04744L205,111,59736,,
E-HOME HOUSEHOLD SVC HLDGS L,G2952X104,111,1169542,,
EQUITRANS MIDSTREAM CORP,294600101,111,14800,,
SHINECO INC,824567309,111,128994,,
SYNAPTOGENIX INC,87167T201,111,16500,,
SYNLOGIC INC,87166L100,110,115600,,
GAIN THERAPEUTICS INC,36269B105,109,33400,,
SAVARA INC,805111101,109,70000,,SVRA
UP FINTECH HLDG LTD,91531W106,109,33000,,
ALPHA TEKNOVA INC,02080L102,108,32300,,
FINWISE BANCORP,31813A109,108,12000,,FINW
GOLDMINING INC,38149E101,108,127700,,GLDG
MECHEL PAO,583840509,108,898438,,
SERA PROGNOSTICS INC,81749D107,108,67340,,
VTEX,G9470A102,108,29300,,VTEX
YUMANITY THERAPEUTICS INC,98872L102,108,68722,,
CONNECT BIOPHARMA HLDGS LTD,207523101,107,83300,,
ESCALADE INC,296056104,107,10730,,ESCA
GRAVITAS EDUCATION HLDGS INC,74979W101,107,191373,,
RAIN THERAPEUTICS INC,75082Q105,107,22000,,
SPI ENERGY CO LTD,G8651P110,107,81382,,
FUSION FUEL GREEN PLC,G3R25D118,106,21200,,HTOO
MEDALIST DIVERSIFIED REIT IN,58403P105,106,130000,,
VIOMI TECHNOLOGY CO LTD,92762J103,106,85364,,
DOLPHIN ENTMT INC,25686H209,105,39800,,
ELECTROCORE INC,28531P103,105,259660,,
FORESIGHT AUTONOMOUS HLDGS L,345523104,105,199649,,
VASTA PLATFORM LTD,G9440A109,105,20000,,
GENPREX INC,372446104,104,73556,,
PEAR THERAPEUTICS INC,704723105,104,51100,,
SONIM TECHNOLOGIES INC,83548F200,103,205900,,
WALKME LTD,M97628107,103,12100,,
YUNJI INC,98873N107,103,125957,,YJ
CINEDIGM CORP,172406209,102,259100,,
LANTERN PHARMA INC,51654W101,102,21300,,LTRN
OTONOMY INC,68906L105,102,344726,,
YUNHONG CTI LTD,98873Q100,102,155866,,
LINDBLAD EXPEDITIONS HLDGS I,535219109,101,15000,,
SIO GENE THERAPIES INC,829399104,101,362000,,
ALLBIRDS INC,01675A109,100,32900,,
BSQUARE CORP,11776U300,100,86318,,
MOGO INC,60800C109,99,107209,,
NUWELLIS INC,67113Y108,99,183200,,
SEACHANGE INTL INC,811699107,99,229200,,
LIZHI INC,53933L104,98,165700,,
MUSCLE MAKER INC,627333107,98,259500,,
EZFILL HOLDINGS INC,302314208,97,157430,,
KALA PHARMACEUTICALS INC,483119103,97,436800,,
NEUROSENSE THERAPEUTICS LTD,M74240108,97,54300,,NRSNW
REWALK ROBOTICS LTD,M8216Q200,97,109600,,
ARGO BLOCKCHAIN PLC,040126104,96,24900,,ARBK
CALYXT INC,13173L107,96,555257,,
IRIS ENERGY LTD,Q4982L109,96,23200,,
DSS INC,26253C102,95,370919,,
IMMUNOME INC,45257U108,95,21500,,IMNM
ACER THERAPEUTICS INC,00444P108,94,67600,,
BLACKSKY TECHNOLOGY INC,09263B108,94,62400,,BKSY-WT
CYCLO THERAPEUTICS INC,23254X201,94,48494,,
HYWIN HLDG LTD,44951X104,94,14400,,
KANDI TECHNOLOGIES GROUP INC,483709101,94,44600,,
SIMILARWEB LTD,M84137104,94,16000,,SMWB
WINDTREE THERAPEUTICS INC,97382D303,94,311600,,
AXCELLA HEALTH INC,05454B105,92,53800,,
MINGZHU LOGISTICS HLDGS LTD,G6180C105,92,44600,,
MICROBOT MED INC,59503A204,91,19095,,
SINGULAR GENOMICS SYSTEMS IN,82933R100,91,36200,,
ATLANTIC AMERN CORP,048209100,90,31600,,
IMUNON INC,15117N602,90,53511,,
LIPOCINE INC NEW,53630X104,90,199400,,LPCN
MOLECULIN BIOTECH INC,60855D200,90,84500,,
RECRUITER COM GROUP INC,75630B303,90,73700,,
SILVERSUN TECHNOLOGIES INC,82846H207,90,31927,,
SPAR GROUP INC,784933103,90,62000,,
SUNWORKS INC,86803X204,90,32228,,
ELEDON PHARMACEUTICALS INC,28617K101,88,31873,,
GOLDEN MINERALS CO,381119106,88,341788,,AUMN
RICEBRAN TECHNOLOGIES,762831303,88,48968,,
RUSH STREET INTERACTIVE INC,782011100,88,23800,,
ARBUTUS BIOPHARMA CORP,03879J100,87,45660,,ABUS
VISTA GOLD CORP,927926303,87,165541,,VGZ
ENDRA LIFE SCIENCES INC,29273B104,86,282473,,NDRA
ISORAY INC,46489V104,86,372126,,
PREDICTIVE ONCOLOGY INC,74039M200,86,238463,,
RECON TECHNOLOGY LTD,G7415M124,86,151500,,
BURGERFI INTERNATIONAL INC,12122L101,85,32720,,
HAPPINESS DEVELOPMENT GRP LT,G4289N114,85,551612,,
IMPEL PHARMACEUTICALS INC,45258K109,85,17400,,
FARMMI INC,G33277123,84,150683,,
HELIUS MED TECHNOLOGIES INC,42328V603,84,304564,,
180 LIFE SCIENCES CORP,68236V104,83,124100,,
CREATIVE REALITIES INC,22530J200,83,139000,,
WEREWOLF THERAPEUTICS INC,95075A107,83,18300,,
XILIO THERAPEUTICS INC,98422T100,83,28500,,
FG FINANCIAL GROUP INC,30259W104,82,50367,,
PLURI INC,72942G104,81,104400,,PLUR
PALATIN TECHNOLOGIES INC,696077502,80,13464,,PTN
CHINA LIBERAL ED HLDGS LTD,G2161Y109,79,98080,,
KORE GROUP HLDGS INC,50066V107,79,41500,,
NEUROMETRIX INC,641255807,79,28200,,
SIGILON THERAPEUTICS INC,82657L107,79,156316,,
WISEKEY INTERNATIONAL HLDS L,97727L309,79,50850,,
EVOGENE LTD,M4119S104,78,93918,,EVGN
IZEA WORLDWIDE INC,46604H105,77,108100,,
LOGICBIO THERAPEUTICS INC,54142F102,77,282877,,
OWLET INC,69120X107,77,72100,,
REDWIRE CORPORATION,75776W103,77,32200,,RDW
INPIXON,45790J800,76,617233,,
STONEMOR INC,86184W106,76,22300,,
JANONE INC,47089W104,75,35200,,
SOLENO THERAPEUTICS INC,834203309,75,44954,,
EKSO BIONICS HLDGS INC,282644301,74,47406,,
UPEXI INC,39959A106,74,19100,,
AIM IMMUNOTECH INC,00901B105,73,124908,,AIM
YOSHITSU CO LTD,98741L101,73,51600,,
BIODESIX INC,09075X108,72,56900,,BDSX
ORGENESIS INC,68619K204,72,50999,,
SIENTRA INC,82621J105,72,112600,,
CHEETAH MOBILE INC,163075203,71,35245,,CMCM
ARCADIA BIOSCIENCES INC,039014204,70,133500,,
ASTROTECH CORP,046484200,70,158589,,ASTC
AUDDIA INC,05072K107,70,52279,,AUUD
MIDATECH PHARMA PLC,59564R500,70,37567,,
OXBRIDGE RE HLDGS LTD,G6856M106,70,32900,,
AMBRX BIOPHARMA INC,02290A102,69,64000,,
ARCA BIOPHARMA INC,00211Y506,69,33500,,
CHINA GREEN AGRICULTURE INC,16943W204,69,12051,,
LOMA NEGRA C I A S A MTN,54150E104,69,11000,,
QUALTEK SERVICES INC,74760R303,69,34300,,
FINCH THERAPEUTICS GROUP INC,31773D101,68,40600,,
INUVO INC,46122W204,68,167100,,
KEY TRONIC CORP,493144109,68,16827,,KTCC
MEIWU TECHNOLOGY COMPANY LTD,G9604C107,68,83300,,
MOGU INC,608012308,68,28957,,MOGU
INTERNATIONAL TOWER HILL MIN,46050R102,67,129300,,
MOXIAN BVI INC,G6S34K105,67,71118,,
VIRIOS THERAPEUTICS INC,92829J104,67,176600,,
CHARAH SOLUTIONS INC,15957P105,66,36000,,
FEDNAT HLDG CO,31431B109,66,578049,,
MYOMO INC,62857J201,66,40800,,
TORRID HLDGS INC,89142B107,66,15900,,
TATTOOED CHEF INC,87663X102,65,13100,,
BIT MINING LIMITED,055474100,64,227400,,
TERRAN ORBITAL CORPORATION,88105P103,64,36200,,
BIOLINERX LTD,09071M205,63,68222,,BLRX
VALENS SEMICONDUCTOR LTD,M9607U115,62,14900,,VLNWF
XENETIC BIOSCIENCES INC,984015503,62,115100,,
CAPRICOR THERAPEUTICS INC,14070B309,61,10200,,
COHBAR INC,19249J307,61,21123,,
OCULAR THERAPEUTIX INC,67576A100,61,14793,,
OUTLOOK THERAPEUTICS INC,69012T206,61,50300,,
SATSUMA PHARMACEUTICALS INC,80405P107,60,10000,,
ALLIED HEALTHCARE PRODS INC,019222207,59,44300,,
BAUDAX BIO INC,07160F206,59,241523,,
BIO-PATH HLDGS INC,09057N300,59,18600,,
BIOVIE INC,09074F207,59,23500,,BIVIW
CELLECTAR BIOSCIENCES INC,15117F807,59,17690,,
WATERDROP INC,94132V105,59,54100,,WDH
IRSA INVERSIONES Y REP S A,450047204,58,14349,,
POLARITYTE INC,731094207,58,67222,,
POLESTAR AUTOMOTIVE HLDG UK,731105201,58,11400,,
TELECOM ARGENTINA SA,879273209,58,14500,,TCMFF
THORNE HEALTHTECH INC,885260109,58,12300,,
TIAN RUIXIANG HLDGS LTD,G8884K102,57,91900,,
VERIFYME INC,92346X206,57,44400,,
AMBOW ED HLDG LTD,02322P200,56,179344,,
ITERUM THERAPEUTICS PLC,G6333L200,56,34684,,
KASPIEN HOLDINGS INC,485837108,56,36653,,
LOGICMARK INC,67091J404,56,74592,,
MARKER THERAPEUTICS INC,57055L107,56,151500,,
MOVING IMAGE TECHNOLOGIES IN,62464R109,56,51000,,
PRESIDIO PPTY TR INC,74102L303,56,45052,,
RUBIUS THERAPEUTICS INC,78116T103,56,128590,,
VIVOPOWER INTERNATIONAL PLC,G9376R100,56,78063,,
DIGITAL MEDIA SOLUTIONS INC,25401G106,55,28600,,
FREIGHT TECHNOLOGIES INC,G51413105,55,107344,,
NAM TAI PPTY INC,G63907102,55,131600,,
REGULUS THERAPEUTICS INC,75915K309,55,32400,,
RENT THE RUNWAY INC,76010Y103,55,24800,,
SAFEGUARD SCIENTIFICS INC,786449207,55,14717,,SFES
AUTOLUS THERAPEUTICS PLC,05280R100,54,25200,,AUTL
ELYS GAME TECHNOLOGY CORP,290734102,54,113300,,
WAVEDANCER INC,456696103,54,56821,,
CODIAK BIOSCIENCES INC,192010106,53,68300,,
COLOR STAR TECHNOLOGY CO LTD,G2287A209,53,44656,,
HTG MOLECULAR DIAGNOSTICS IN,40434H203,53,86402,,
IMV INC,44974L103,53,102213,,
LIVEONE INC,53814X102,53,75000,,
ORAGENICS INC,684023302,53,231900,,OGEN
AKERNA CORP,00973W102,52,580823,,
VASCULAR BIOGENICS LTD,M96883109,52,332600,,
BEST INC,08653C502,51,74400,,
ENERGY FOCUS INC,29268T409,51,97236,,
FUSION PHARMACEUTICALS INC,36118A100,51,16800,,
LIXTE BIOTECHNOLOGY HLDGS IN,539319202,51,90664,,
NOVABAY PHARMACEUTICALS INC,66987P201,51,464644,,
PALISADE BIO INC,696389105,51,512070,,
ADIAL PHARMACEUTICALS INC,00688A106,50,144230,,
AMERICAN SHARED HOSPITAL SVC,029595105,50,19321,,
IO BIOTECH INC,449778109,50,18423,,
LUMIRADX LTD,G5709L109,50,49000,,
MEDIACO HLDG INC,58450D104,50,27600,,
NEUROPACE INC,641288105,50,13200,,NPCE
SOPHIA GENETICS SA,H82027105,50,19000,,SOPH
UCLOUDLINK GROUP INC,90354D104,50,88324,,UCL
FSD PHARMA INC,35954B206,49,59700,,
IRONNET INC,46323Q105,49,70613,,
LGL GROUP INC,50186A132,49,114359,,LGL
ROCKWELL MED INC,774374300,49,37215,,
SHARPS TECHNOLOGY INC,82003F101,49,42684,,
AYALA PHARMACEUTICALS INC,05465V108,48,48000,,
HEARTBEAM INC,42238H108,48,12200,,
ICOSAVAX INC,45114M109,48,15100,,
XPRESSPA GROUP INC,98420U703,48,62800,,
CEMENTOS PACASMAYO S A A,15126Q208,47,10133,,
CHINA PHARMA HLDGS INC,16941T104,47,364459,,
GLORY STAR NEW MED GP HLDG L,G39973105,47,31778,,
HOTH THERAPEUTICS INC,44148G105,47,136045,,
REZOLUTE INC,76200L309,47,17200,,
TEMPEST THERAPEUTICS INC,87978U108,47,27000,,
XINYUAN REAL ESTATE CO LTD,98417P105,47,88800,,
BIOLASE INC,090911405,46,18848,,
SECOO HLDG LTD,81367P101,46,145900,,
AGILE THERAPEUTICS INC,00847L209,45,151719,,
BENITEC BIOPHARMA INC,08205P100,45,120429,,BNTC
GBS INC,36151G105,45,107000,,
PINGTAN MARINE ENTERPRISE LT,G7114V102,45,53700,,
SELLAS LIFE SCIENCES GROUP I,81642T209,45,22400,,
UNIQUE FABRICATING INC,90915J103,45,86477,,
CIPHER MINING INC,17253J106,44,35100,,
OSTIN TECHNOLOGY GROUP CO LT,G67927106,44,38000,,
ASENSUS SURGICAL INC,04367G103,43,96173,,
FIRST HIGH SCH ED GROUP CO L,320505100,43,71700,,
FORIAN INC,34630N106,43,12800,,
INDAPTUS THERAPEUTICS INC,45339J105,43,19700,,
MIND C T I LTD,M70240102,43,20500,,
NABRIVA THERAPEUTICS PLC,G63637139,43,20561,,
STRYVE FOODS INC,863685103,43,80680,,
SWVL HOLDINGS CORP,G86302109,43,50931,,SWVLW
CBDMD INC,12482W101,42,186975,,
S&W SEED CO,785135104,42,57020,,
UNITED INS HLDGS CORP,910710102,42,65126,,
AUSTIN GOLD CORP,05223F106,41,41692,,AUST
CEL-SCI CORP,150837607,41,13183,,
CHEMBIO DIAGNOSTICS INC,163572209,41,113600,,
EQONEX LIMITED,Y2074E109,41,102759,,
HOME PT CAPITAL INCORPORATED,43734L106,41,26800,,
KUBIENT INC,50116V107,41,42196,,
TANGO THERAPEUTICS INC,87583X109,41,11200,,
TC BIOPHARM HOLDINGS PLC,87807D103,41,146400,,
ATRENEW INC,00138L108,40,17500,,RERE
FLJ GROUP LIMITED,74738J201,40,21426,,
REGIONAL HEALTH PPTYS INC,75903M309,40,16345,,
AILERON THERAPEUTICS INC,00887A105,39,190691,,
BLUEJAY DIAGNOSTICS INC,095633103,39,49600,,
NORTHERN DYNASTY MINERALS LT,66510M204,39,161550,,
THERMOGENESIS HLDGS INC,88362L100,39,156000,,
APPLIED BLOCKCHAIN INC,038169207,38,22400,,
AVINGER INC,053734885,38,32870,,
CORMEDIX INC,21900C308,38,13600,,CRMD
EQUILLIUM INC,29446K106,38,17200,,
GREENBOX POS,39366L208,38,38800,,
MEDICENNA THERAPEUTICS CORP,58490H107,38,45400,,MDNAF
PERPETUA RESOURCES CORP,714266103,38,18800,,PPTA
SAFE T GROUP LTD,78643B401,38,86316,,
SOCKET MOBILE INC,83368E200,38,17700,,
BIT ORIGIN LTD,G21621100,37,94400,,BTOG
IMMIX BIOPHARMA INC,45258H106,37,27050,,
AETHLON MED INC,00808Y307,36,62336,,
CORENERGY INFRASTRUCTURE TR,21870U502,36,22900,,
NIGHTHAWK BIOSCIENCES INC,42237K409,35,20373,,
36KR HOLDINGS INC,88429K103,34,36600,,KRKR
OPGEN INC,68373L307,34,117500,,
JE CLEANTECH HOLDINGS LIMITE,G50875106,33,38200,,
ONCOSEC MED INC,68234L306,33,67398,,
WIDEPOINT CORP,967590209,33,15300,,WYY
DRAGON VICTORY INTL LTD,G28365107,32,38500,,
JIAYIN GROUP INC,47737C104,32,14700,,JFIN
PLUS THERAPEUTICS INC,72941H400,32,70900,,
SIFY TECHNOLOGIES LTD,82655M107,32,19000,,SIFY
EASTSIDE DISTILLING INC,277802302,31,111570,,
HYRECAR INC,44916T107,31,33198,,
INSPIRA TECHNOLOGIES OXY BHN,M53637100,31,21900,,
MEDAVAIL HOLDINGS INC,58406B103,31,39792,,
NEXGEL INC,65344E107,31,20831,,
SMILEDIRECTCLUB INC,83192H106,31,34600,,
SYNTHETIC BIOLOGICS INC,87164U409,31,31710,,
DIRECT DIGITAL HOLDINGS INC,25461T105,30,13200,,
KINTARA THERAPEUTICS INC,49720K101,30,274300,,
ONCOLYTICS BIOTECH INC,682310875,30,24600,,ONCY
STEALTH BIOTHERAPEUTICS CORP,85789A105,30,96944,,
LEXARIA BIOSCIENCE CORP,52886N406,29,11900,,LEXX
SOLIGENIX INC,834223307,29,66800,,
SUPER LEAGUE GAMING INC,86804F202,29,43000,,
TAKUNG ART LTD,87407Q207,29,28300,,
ALLARITY THERAPEUTICS INC,016744104,28,25286,,
BIOCARDIA INC,09060U507,28,14300,,
EVER-GLORY INTL GROUP INC,299766204,28,32800,,
SINTX TECHNOLOGIES INC,829392307,28,88300,,
TRAEGER INC,89269P103,28,10097,,
ALLIED ESPORTS ENTMT INC,019170109,27,23000,,
CASI PHARMACEUTICALS INC,14757U208,27,10400,,
ISUN INC,465246106,27,12200,,
METEN HOLDING GROUP LTD,G6055H148,27,73800,,
MYMD PHARMACEUTICALS INC,62856X102,27,10492,,
BOQII HLDG LTD,09950L203,26,21786,,
IMPAC MTG HLDGS INC,45254P508,26,85471,,
PROCESSA PHARMACEUTICALS INC,74275C205,26,11700,,
UNICO AMERN CORP,904607108,26,21637,,
WILLIAMS INDL SVCS GROUP INC,96951A104,26,17609,,
AKARI THERAPEUTICS PLC,00972G108,25,40050,,AKTX
MOTUS GI HLDGS INC,62014P405,25,10115,,
SINGULARITY FUTURE TECH LTD,82935V208,25,10100,,
ADDEX THERAPEUTICS LTD,00654J107,24,29547,,ADXN
AESTHETIC MED INTL HLDG GR L,00809M104,24,13300,,
EURO TECH HOLDINGS CO LTD,G32030127,24,19900,,CLWT
FANGDD NETWORK GROUP LTD,30712L208,24,26066,,DUO
FURY GOLD MINES LIMITED,36117T100,24,61224,,
MMTEC INC,G6181K114,24,16900,,
NUZEE INC,67073S208,24,72430,,
TENAX THERAPEUTICS INC,88032L209,24,141630,,
ADVANCED HUMAN IMAGING LTD,00777C104,23,43093,,
EBET INC,278700109,23,18711,,
ELOXX PHARMACEUTICALS INC,29014R103,23,133500,,
IT TECH PACKAGING INC,46527C209,23,29618,,
JASPER THERAPEUTICS INC,471871103,23,28600,,
VENUS CONCEPT INC,92332W105,23,52400,,
ENTERA BIO LTD,M40527109,22,21300,,ENTX
SKILLSOFT CORP,83066P200,22,12100,,SKIL
TALIS BIOMEDICAL CORP,87424L108,22,32200,,
VIVEVE MED INC,92852W501,22,32400,,
CONTRAFECT CORP,212326300,21,126700,,
JIUZI HOLDINGS INC,G51400102,21,68863,,
MATINAS BIOPHARMA HLDGS INC,576810105,21,33800,,
OBSEVA SA,H5861P103,21,146900,,
SPHERE 3D CORP NEW,84841L308,21,46675,,ANY
ZW DATA ACTION TECHNOLOGS IN,98880R109,21,23100,,
CEMTREX INC,15130G600,20,93988,,CETXP
CHINA NATURAL RESOURCES INC,G2110U109,20,39700,,CHNR
EMAGIN CORP,29076N206,20,34549,,
LIMINAL BIOSCIENCES INC,53272L103,20,48392,,
NEPHROS INC,640671400,20,22300,,NEPH
PARAMOUNT GOLD NEV CORP,69924M109,20,65500,,
TOMI ENVIRONMENTAL SOLUTIONS,890023203,20,27600,,
COMSTOCK INC,205750300,19,45146,,LODE
GLOBUS MARITIME LIMITED NEW,Y27265126,19,14795,,
NOVA LIFESTYLE INC,66979P201,19,25446,,
XCEL BRANDS INC,98400M101,19,20170,,
ZENVIA INC,G9889V101,19,11900,,
ZHONGCHAO INC,G9897X107,19,16200,,ZCMD
CLPS INCORPORATION,G31642104,18,13832,,
HEART TEST LABORATORIES INC,42254E104,18,15600,,
LOTTERY COM INC,54570M108,18,78600,,
PRECIPIO INC,74019L503,18,23000,,
CHINA SXT PHARMACEUTICALS IN,G2161P132,17,21572,,
NEW CONCEPT ENERGY INC,643611106,17,15142,,
PAINREFORM LTD,M77798102,17,24900,,
QUTOUTIAO INC,74915J206,17,33180,,
REEDS INC,758338107,17,144300,,
BAOSHENG MEDIA GROUP HLDNG L,G08908116,16,17657,,
BELLICUM PHARMACEUTICALS INC,079481404,16,13700,,
GALMED PHARMACEUTICALS LTD,M47238106,16,50789,,GLMD
HEALTHCARE TRIANGLE INC,42227W108,16,42527,,
HEARTCORE ENTERPRISES INC,42240Q104,16,13602,,
NLS PHARMACEUTICS LTD,H57830103,16,25800,,
ZK INTL GROUP CO LTD,G9892K100,16,19316,,
AIR INDS GROUP,00912N205,15,22200,,
AMESITE INC,031094105,15,61000,,AMST
ASPEN GROUP INC,04530L203,15,40050,,
BIOFRONTERA INC,09077D100,15,13934,,BFRIW
SCOPUS BIOPHARMA INC,809171101,15,61104,,
SIERRA METALS INC,82639W106,15,30759,,
TROOPS INC,G9094C104,15,14400,,
NANOVIBRONIX INC,63008J108,14,31129,,
PUHUI WEALTH INVT MGMT CO LT,G7306H101,14,29600,,
SIYATA MOBILE INC,83013Q509,14,46403,,
TD HLDGS INC,87250W202,14,11180,,
AKANDA CORP,00971M106,13,28000,,AKAN
BIONDVAX PHARMACEUTICALS LTD,09073Q105,13,18400,,
CODE CHAIN NEW CONTINENT LTD,19200A105,12,73400,,
HALLMARK FINL SVCS INC,40624Q203,12,11400,,
IDERA PHARMACEUTICALS INC,45168K405,12,31300,,
PROTAGENIC THERAPEUTICS INC,74365N103,12,21025,,
UNIVERSE PHARMACEUTICALS INC,G9442G104,12,21910,,UPC
VYANT BIO INC,92942V109,12,20800,,
ESPORTS ENTMT GROUP INC,29667K306,11,87722,,
NRX PHARMACEUTICALS INC,629444100,11,14445,,
OBLONG INC,674434105,11,72331,,
SENESTECH INC,81720R208,11,30982,,
ASPIRA WOMENS HEALTH INC,04537Y109,10,28107,,
BIOMX INC,09090D103,10,30300,,PHGE
CNS PHARMACEUTICALS INC,18978H102,10,56800,,
EZGO TECHNOLOGIES LTD,G5279F102,10,25100,,EZGO
HALL OF FAME RESORT & ENTMT,40619L102,10,18776,,
RESHAPE LIFESCIENCES INC,76090R101,10,32883,,
BIRD GLOBAL INC,09077J107,9,24500,,
BORQS TECHNOLOGIES INC,G1466B202,9,12507,,
CHINA INDEX HLDGS LTD,16954W101,9,10400,,
NANTHEALTH INC,630104107,9,37600,,
RAIL VISION LTD,M8186D106,9,14100,,RVSNW
BITNILE HOLDINGS INC,09175M101,8,41880,,
LUOKUNG TECHNOLOGY CORP,G56981106,8,43200,,
UNICYCIVE THERAPEUTICS INC,90466Y103,8,12900,,
VIVOS THERAPEUTICS INC,92859E108,8,12900,,
ANTELOPE ENTERPRISE HLDGS LT,G041JN106,7,10900,,
GAUCHO GROUP HLDGS INC,36809R206,7,30200,,
NAVIDEA BIOPHARMACEUTICALS I,63937X202,7,25833,,
NEXIMMUNE INC,65344D109,7,12700,,
ALTAMIRA THERAPEUTICS LTD,G0360L100,6,19946,,CYTOF
BIMI INTERNATIONAL MEDICAL I,05552Q202,6,21100,,
COMSOVEREIGN HLDG CORP,205650203,6,78084,,
CROWN ELECTROKINETICS CORP,228339206,6,28000,,
MEDIGUS LTD,58471G300,6,10728,,
9F INC,65442R109,4,18712,,JFU
OCEANPAL INC,Y6430L103,4,11700,,SVRN
ONION GLOBAL LTD,68277G107,4,11246,,
QUALIGEN THERAPEUTICS INC,74754R103,4,14500,,
REVELATION BIOSCIENCES INC,76135L101,3,11942,,
BIT BROTHER LIMITED,G1144D109,2,11455,,
