name_of_issuer,cusip,value_usd_thousands,shares,put_call,ticker
NVIDIA CORPORATION,67066G104,1959252328,11234245,,NVDA
APPLE INC,037833100,1508640189,5944443,,AAPL
AMAZON COM INC,023135106,1319425231,6335167,,AMZN
ALPHABET INC,02079K305,1274358948,4431628,,GOOGN
TESLA INC,88160R101,1082870203,2912899,,
JPMORGAN CHASE & CO,46625H100,973930814,3310888,,JPM-PM
PALANTIR TECHNOLOGIES INC,69608A108,940653833,6430502,,PLTR
COSTCO WHOLESALE CORPORATION,22160K105,871669989,874793,,
TJX COS INC NEW,872540109,837349900,5243268,,
MASTERCARD INCORPORATED,57636Q104,836979467,1675098,,
T-MOBILE US INC,872590104,817325024,3891468,,
LOCKHEED MARTIN CORP,539830109,815426065,1349172,,LMT
BERKSHIRE HATHAWAY INC DEL,084670702,777065928,1621590,,BRK-A
MICRON TECHNOLOGY INC,595112103,773803601,2290444,,MU
ADOBE INC,00724F101,760606557,3129038,,ADBE
BRISTOL-MYERS SQUIBB CO,110122108,699604179,11535106,,
PROGRESSIVE CORP,743315103,699352658,3527808,,
BROADCOM INC,11135F101,688738056,2225253,,AVGO
ROBLOX CORP,771049103,681206830,12043968,,RBLX
ALNYLAM PHARMACEUTICALS INC,02043Q107,659283952,1992577,,
ABBOTT LABORATORIES,002824100,655940971,6388828,,ABT
INTUITIVE SURGICAL INC,46120E602,647844921,1405334,,ISRG
WESTERN DIGITAL CORP,958102AT2,638697553,89226000,,WDC
REGENERON PHARMACEUTICALS,75886F107,627566023,812236,,
MORGAN STANLEY,617446448,615427947,3739612,,MS-PQ
ROSS STORES INC,778296103,609226383,2812290,,
BOSTON SCIENTIFIC CORP,101137107,590554745,9411231,,BSX
CLOUDFLARE INC,18915M107,581845167,2819837,,
WASTE CONNECTIONS INC,94106B101,559451807,3444052,,
INTERACTIVE BROKERS GROUP IN,45841N107,557550965,8312971,,
MICROSOFT CORP,594918104,511144432,1380837,,MSFT
SCHWAB CHARLES CORP,808513105,503760900,5360299,,SCHW-PJ
ASML HLDG NV,N07059210,500528528,378950,,
KIMBERLY-CLARK CORP,494368103,499205817,5174726,,
DELL TECHNOLOGIES INC,24703L202,497860945,3033333,,DELL
CITIGROUP INC,172967424,487874736,4301867,,C-PR
AERCAP HOLDINGS NV,N00985106,485013471,3535599,,
SERVICENOW INC,81762P102,484716696,4636219,,
SANDISK CORP,80004C200,484590337,762726,,SNDK
BLOOM ENERGY CORP,093712107,480696571,3547838,,BE
WASTE MGMT INC DEL,94106L109,468586389,2039194,,
MODERNA INC,60770K107,461589323,9086404,,
ARISTA NETWORKS INC,040413205,461441496,3758279,,
UNITEDHEALTH GROUP INC,91324P102,460056036,1700196,,UNH
META PLATFORMS INC,30303M102,448106519,783225,,
EQUINIX INC,29444U700,443330204,452267,,EQIX
GENERAL MTRS CO,37045V100,442124795,5934561,,
IONIS PHARMACEUTICALS INC,462222100,439849362,5857629,,IONS
AIRBNB INC,009066101,436773602,3458771,,
ALBEMARLE CORP,012653101,416667766,2320881,,ALB-PA
HERSHEY CO,427866108,410625367,1975205,,HSY
NEUROCRINE BIOSCIENCES INC,64125C109,403199492,3060570,,NBIX
CINTAS CORP,172908105,399116444,2359681,,CTAS
CHENIERE ENERGY INC,16411R208,393564053,1386961,,
HONEYWELL INTL INC,438516106,392681015,1737296,,
GUARDANT HEALTH INC,40131M109,390681778,4229531,,
VANGUARD INDEX FDS,922908736,382575625,875880,,
ILLINOIS TOOL WKS INC,452308109,382125242,1468075,,
INVESCO QQQ TR,46090E103,378297624,655424,,
STATE STR SPDR S&P 500 ETF T,78462F103,377387750,580293,,
RTX CORPORATION,75513E101,377347701,1956183,,RTX
REPUBLIC SVCS INC,760759100,374330367,1709115,,
MARATHON PETE CORP,56585A102,372200155,1524286,,
FREEPORT MCMORAN INC,35671D857,367460290,6251451,,
COPART INC,217204106,355506762,10708035,,CPRT
TE CONNECTIVITY PLC,G87052109,353845778,1692880,,TEL
DANAHER CORP DEL,235851102,352425067,1858782,,
AMETEK INC,031100100,349640881,1631092,,
CME GROUP INC,12572Q105,340083120,1151458,,CME
MOTOROLA SOLUTIONS INC,620076307,340037194,783550,,
VIKING HOLDINGS LTD,G93A5A101,336005670,4572750,,VIK
HUBSPOT INC,443573100,328221986,1344621,,HUBS
FIVE BELOW INC,33829M101,327696298,1434245,,
VENTAS INC,92276F100,326588839,3993505,,
VANGUARD INDEX FDS,922908553,324695220,3660600,,
THE TRADE DESK INC,88339J105,321320373,14161321,,
LAM RESEARCH CORP,512807306,320965821,1502227,,LRCX
VEEVA SYS INC,922475108,320403664,1823999,,
FRANCO NEV CORP,351858105,319494201,1293237,,
ATLASSIAN CORPORATION,049468101,317202113,4647650,,TEAM
MSCI INC,55354G100,313613266,581832,,MSCI
GOLDMAN SACHS GROUP INC,38141G104,309402231,365728,,GS-PD
RALPH LAUREN CORP,751212101,308464089,896724,,RL
TRANSOCEAN LTD,H8817H100,308054570,46463736,,RIG
BANK AMERICA CORP,060505104,305876708,6274394,,
AGREE RLTY CORP,008492100,304662818,4041693,,
INVESCO EXCH TRADED FD TR II,46138E354,304013724,4156600,,
ECHOSTAR CORP,278768AB2,300470764,84116000,,ECHO
VERISK ANALYTICS INC,92345Y106,298934617,1575413,,
BARRICK MNG CORP,06849F108,298739270,7323836,,
ISHARES TR,464287614,295989824,694160,,
CONAGRA BRANDS INC,205887102,293935673,18698198,,CAG
GODADDY INC,380237107,290985751,3519847,,GDDY
GE VERNOVA INC,36828A101,290140612,332387,,GEV
NEBIUS GROUP N.V.,N97284108,290017812,2795083,,NBIS
ADVANCED MICRO DEVICES INC,007903107,279106774,1372004,,AMD
LUMENTUM HLDGS INC,55024U109,278839005,396777,,
ON SEMICONDUCTOR CORP,682189105,275780225,4453815,,ON
SEA LTD,81141R100,273575091,3303648,,SE
CHEVRON CORPORATION,166764100,272603164,1317560,,CVX
ISHARES TR,464287200,271918259,416280,,
HORMEL FOODS CORP,440452100,271499389,11986728,,
UNION PAC CORP,907818108,266141281,1096947,,
OREILLY AUTOMOTIVE INC,67103H107,263192426,2851180,,
CHIPOTLE MEXICAN GRILL INC,169656105,262975178,8215407,,CMG
AUTOMATIC DATA PROCESSING IN,053015103,260524914,1282237,,
SCHWAB STRATEGIC TR,808524847,258390108,12023737,,
SELECT SECTOR SPDR TR,81369Y605,254834906,5161736,,
ISHARES TR,464287101,253978895,798500,,
HEWLETT PACKARD ENTERPRISE C,42824C109,252280926,10595587,,
CROWN HLDGS INC,228368106,249624204,2490017,,
TERADYNE INC,880770102,248857714,839431,,
BRITISH AMERN TOB PLC,110448107,246987103,4224168,,
CROWDSTRIKE HLDGS INC,22788C105,238440565,610744,,
LINDE PLC,G54950103,236304004,476650,,LIN
FIGMA INC,316841105,235887498,11158349,,
BRIDGEBIO PHARMA INC,10806X102,231738058,3120631,,
NOVO-NORDISK A S,670100205,231028912,6286501,,
OCCIDENTAL PETE CORP,674599105,230660625,3548625,,
CONOCOPHILLIPS,20825C104,230127744,1743392,,COP
LENNAR CORP,526057104,226125889,2603937,,
LAS VEGAS SANDS CORP,517834107,224779871,4171861,,LVS
ISHARES TR,464287309,222898072,1970631,,
CARMAX INC,143130102,222332293,5347097,,KMX
CENTENE CORP DEL,15135B101,220796792,6743946,,CNC
PINNACLE WEST CAP CORP,723484101,220495607,2188542,,
HEICO CORP NEW,422806109,219670120,801131,,HEI-A
NORTHROP GRUMMAN CORP,666807102,215738615,316221,,
ENCOMPASS HEALTH CORP,29261A100,214943830,2222101,,EHC
PAYCOM SOFTWARE INC,70432V102,212411326,1747666,,
BCE INC,05534B760,212331651,8412506,,BCPPF
AMERICAN TOWER CORP,03027X100,211736504,1226889,,
L3HARRIS TECHNOLOGIES INC,502431109,209294473,606387,,
AKAMAI TECHNOLOGIES INC,00971T101,208062145,1811599,,AKAM
CLEAN HARBORS INC,184496107,207600548,724028,,CLH
ENPHASE ENERGY INC,29355A107,207056634,5476240,,
TAIWAN SEMICONDUCTOR MANUFAC,874039100,205584786,608329,,
HILTON WORLDWIDE HLDGS INC,43300A203,205464119,675691,,
NASDAQ INC,631103108,198239118,2335247,,
KINDER MORGAN INC DEL,49456B101,196389703,5857134,,
B2GOLD CORP,11777Q209,195079467,43063900,,BTG
ROBINHOOD MKTS INC,770700102,194278323,2803439,,
BLOOM ENERGY CORP,093712AK3,194237644,27027000,,BE
SELECT SECTOR SPDR TR,81369Y407,193423589,1774854,,
NEW YORK TIMES CO MTN BE,650111107,193315573,2308797,,
IDACORP INC,451107106,193078126,1350480,,IDA
GRACO INC,384109104,189681604,2240775,,GGG
PLANET LABS PBC,72703X106,188937668,6759845,,PL
WAYFAIR INC,94419L101,188325464,2503995,,W
DOW HLDGS INC,260557103,187648952,4505377,,
SOLSTICE ADVANCED MATLS INC,83443Q103,186597255,2450069,,
SKYWORKS SOLUTIONS INC,83088M102,185979311,3473003,,
BLACKROCK INC,09290D101,185630226,193021,,
AUTOZONE INC,053332102,185328655,54867,,AZO
PBF ENERGY INC,69318G106,183618244,3855906,,PBF
MOLINA HEALTHCARE INC,60855R100,180047644,1350695,,
FORD MTR CO,345370860,179290748,15536460,,
GARTNER INC,366651107,178472139,1127145,,IT
ALBEMARLE CORP,012653200,178419429,2483221,,ALB-PA
VANGUARD INDEX FDS,922908769,177227956,552439,,
THE CAMPBELLS COMPANY,134429109,177080128,7951510,,
PLAINS GP HLDGS L P,72651A207,174578712,7190227,,
UNITY SOFTWARE INC,91332U101,173516856,7908699,,U
BANCO BRADESCO S A,059460303,172627900,47295315,,
SELECT SECTOR SPDR TR,81369Y803,172108955,1295026,,
THE CIGNA GROUP,125523100,171079579,641348,,
VALERO ENERGY CORP,91913Y100,170771813,691160,,
VERTEX PHARMACEUTICALS INC,92532F100,168857315,378146,,
VALE S A,91912E105,168826053,10611317,,
ITAU UNIBANCO HLDG S A,465562106,168338957,20088181,,
CHEWY INC,16679L109,167748084,6212892,,
ISHARES TR,464287721,166928896,920124,,
EDISON INTL,281020107,166474767,2274867,,
ZSCALER INC,98980G102,164994368,1176095,,
QNITY ELECTRONICS INC,74743L100,164792062,1428255,,
SPDR SERIES TRUST,78464A698,163839220,2514800,,
WIX COM LTD,M98068105,163479932,1815032,,
FASTLY INC,31188V100,163150018,5614247,,
ACCENTURE PLC IRELAND,G1151C101,162320987,818604,,
PORTLAND GEN ELEC CO,736508847,160469296,3040919,,
INSULET CORP,45784P101,159971314,762349,,PODD
SMUCKER J M CO,832696405,158809966,1646723,,
TEXTRON INC,883203101,157619033,1800126,,TXT
ESSENTIAL PPTYS RLTY TR INC,29670E107,157446596,5185988,,
TELEDYNE TECHNOLOGIES INC,879360105,155198375,256522,,TDY
RBC BEARINGS INC,75524B104,154836451,285087,,RBC
STRYKER CORPORATION,863667101,154179357,469215,,SYK
BLACK HILLS CORP,092113109,153812768,2216003,,
AMERICAN AIRLINES GROUP INC,02376R102,152294467,14180118,,AAL
APPLIED MATLS INC,038222105,151635134,443650,,
REVOLUTION MEDICINES INC,76155X100,151593981,1558807,,
CUMMINS INC,231021106,149548577,277961,,CMI
OTIS WORLDWIDE CORP,68902V107,149337567,1937436,,OTIS
SUNCOR ENERGY INC NEW,867224107,148411397,2244916,,SU
DECKERS OUTDOOR CORP,243537107,146899691,1467676,,DECK
CADENCE DESIGN SYSTEM INC,127387108,145427433,523365,,
MORNINGSTAR INC,617700109,145291544,859459,,
SOUTHERN COPPER CORP,84265V105,144833226,841760,,
VIKING THERAPEUTICS INC,92686J106,144221901,4432142,,
RIVIAN AUTOMOTIVE INC,76954A103,143779001,9553422,,
CATERPILLAR INC,149123101,143016820,201870,,CAT
SPDR SERIES TRUST,78464A854,140221280,1832000,,
FORTIS INC,349553107,139904639,2507701,,FTRSF
MONDAY COM LTD,M7S64H106,137645696,1991690,,
POST HLDGS INC,737446104,137617865,1392048,,
DUOLINGO INC,26603R106,137558772,1395544,,
DEUTSCHE BK AG,D18190898,137102236,4603836,,
MONSTER BEVERAGE CORP NEW,61174X109,134834003,1860806,,MNST
LUMENTUM HLDGS INC,55024UAH2,133658228,13215000,,
DYNATRACE INC,268150109,132916363,3594277,,
NU HLDGS LTD,G6683N103,131843701,9174927,,
TYSON FOODS INC,902494103,131719783,2055873,,
ARES CAPITAL CORP,04010L103,131660319,7306344,,ARCC
APPLIED INDL TECHNOLOGIES IN,03820C105,130047394,490153,,
D R HORTON INC,23331A109,129999072,947377,,
ARMSTRONG WORLD INDS INC NEW,04247X102,129164142,783763,,
WELLS FARGO & CO,949746101,126037517,1583187,,
ZIONS BANCORPORATION NATL AS,989701107,125919464,2185343,,
F N B CORP,302520101,124910739,7470738,,
TRIP COM GROUP LTD,89677Q107,124020567,2490873,,
PG&E CORP,69331C108,123994530,7057173,,PCG-PX
CDW CORP,12514G108,123279927,1018674,,CDW
PPL CORP,69351T106,122840886,3215730,,PPLC
GENERAL DYNAMICS CORP,369550108,122673349,357419,,GD
PAYLOCITY HLDG CORP,70438V106,122373991,1132673,,
ARCH CAP GROUP LTD,G0450A105,122261599,1273691,,
GLOBALFOUNDRIES INC,G39387108,118952731,2674297,,GFS
ROYAL BK CDA,780087102,118356792,731591,,
SMITHFIELD FOODS INC,832248207,117947532,4216930,,SFD
CLEVELAND-CLIFFS INC NEW,185899101,117640866,13921996,,CLF
MARSH & MCLENNAN COS INC,571748102,117359566,676619,,
JEFFERIES FINANCIAL GROUP IN,47233W109,116589937,2825053,,
SNOWFLAKE INC,833445109,116146331,770099,,SNOW
ISHARES TR,46429B697,115980644,1250600,,
GENERAL MILLS INC,370334104,114049003,3064186,,GIS
SOLAREDGE TECHNOLOGIES INC,83417M104,113938444,2231899,,
CHEMED CORP NEW,16359R103,113921473,301587,,CHE
VERISIGN INC,92343E102,113868590,458482,,
RUBRIK INC.,781154109,113279559,2313244,,
SHERWIN WILLIAMS CO,824348106,113240378,353269,,SHW
TERAWULF INC,88080T104,113089310,7837097,,WULF
EXLSERVICE HLDGS INC,302081104,112958294,3709632,,
BWX TECHNOLOGIES INC,05605H100,112831856,551772,,
BANK AMERICA CORP,060505682,112464199,94384,,
ROKU INC,77543R102,112411493,1188031,,
VISA INC,92826C839,111728456,369668,,V
SELECT SECTOR SPDR TR,81369Y860,111527145,2731500,,
UNUM GROUP,91529Y106,111350886,1524728,,UNMA
BRIGHT HORIZONS FAM SOL IN D,109194100,111176424,1353664,,
HOWMET AEROSPACE INC,443201108,111167451,482372,,HWM
TC ENERGY CORP,87807B107,110337758,1762584,,TRPRF
FRONTLINE PLC,M46528101,110113432,3158733,,FRO
CAMDEN PPTY TR,133131102,110089286,1127271,,
SOLARIS ENERGY INFRAS INC,83418M103,109716764,1941546,,
AMRIZE LTD,H2927K103,109638367,1957129,,AMRZ
KEYCORP,493267108,109249924,5448874,,
WATSCO INC,942622200,109171924,300096,,WSO-B
EASTMAN CHEM CO,277432100,108438509,1420840,,
KT CORP,48268K101,108341076,5050866,,KT
ROYALTY PHARMA PLC,G7709Q104,108005654,2251525,,RPRX
STERIS PLC,G8473T100,105953555,479146,,STE
SUNRUN INC,86771W105,105670504,7792810,,RUN
OWENS CORNING NEW,690742101,105245032,972510,,OC
KODIAK GAS SVCS INC,50012A108,104800340,1796988,,
BROOKFIELD INFRASTRUCTURE PA,G16252101,104669114,2897816,,
JACOBS SOLUTIONS INC,46982L108,104171425,818443,,J
SCORPIO TANKERS INC,Y7542C130,103703487,1389010,,STNG
LIFE TIME GROUP HOLDINGS INC,53190C102,103455096,3840204,,
HDFC BANK LTD,40415F101,103265410,4150539,,HDB
TRUIST FINL CORP,89832Q109,102481243,2229307,,
HALOZYME THERAPEUTICS INC,40637H109,102436029,1584961,,
TRAVELERS COMPANIES INC,89417E109,101025118,346356,,
SAREPTA THERAPEUTICS INC,803607100,99947923,4593195,,
3M CO,88579Y101,98969307,681466,,MMM
DROPBOX INC,26210C104,98778404,4347641,,
FIRST TR EXCHANGE-TRADED FD,33733E104,98307048,1059800,,
TIMKEN CO,887389104,98299029,977419,,TKR
IREN LIMITED,Q4982L109,98208155,2864882,,
CENTERPOINT ENERGY INC,15189T107,97866250,2267522,,CNP
EVERPURE INC,74624M102,97476221,1651020,,
GAP INC,364760108,96665230,3994431,,GAP
OMEGA HEALTHCARE INVS INC,681936100,95857521,2187529,,
EVERGY INC,30034WAD8,95104500,70500000,,
ALLSTATE CORP,020002101,94933729,457865,,ALL-PB
CHOICE HOTELS INTL INC,169905106,94838085,916310,,
STMICROELECTRONICS N V,861012102,94760976,2742720,,
CENTERPOINT ENERGY INC,15189TBD8,94736310,79980000,,CNP
EXELIXIS INC,30161Q104,94624433,2206212,,
IDEX CORP,45167R104,94333728,497672,,
ISHARES TR,464287556,94185712,557807,,
VANGUARD ADMIRAL FDS INC,921932505,93695316,229820,,
VANGUARD WORLD FD,921910816,93638410,254840,,
GERDAU SA,373737105,93281389,25839720,,
ISHARES TR,464287739,93066236,984203,,
CARDINAL HEALTH INC,14149Y108,92951677,439883,,CAH
COEUR MNG INC,192108504,92880792,4948364,,
ROLLINS INC,775711104,92509485,1732063,,ROL
THERMO FISHER SCIENTIFIC INC,883556102,92355046,187893,,TMO
INVESCO EXCH TRADED FD TR II,46138G649,91887654,386700,,
FORTINET INC,34959E109,91885886,1124399,,
APOLLO GLOBAL MGMT INC,03769M304,91806052,1570408,,
DT MIDSTREAM INC,23345M107,91119203,676611,,
OR ROYALTIES INC.,68390D106,90965702,2392575,,OR
CULLEN FROST BANKERS INC,229899109,90464438,659939,,
KB HOME,48666K109,90373302,1746344,,KBH
PRICE T ROWE GROUP INC,74144T108,89087886,988328,,TROW
ARM HOLDINGS PLC,042068205,87748149,580038,,
DUKE ENERGY CORP NEW,26441C204,87618239,669148,,DUK-PA
COMMVAULT SYS INC,204166102,87538079,1123868,,
UNITED MICROELECTRONICS CORP,910873405,86705510,9655402,,UMC
MERITAGE HOMES CORP,59001A102,86639633,1401029,,MTH
MARKETAXESS HLDGS INC,57060D108,86453480,524024,,
HEWLETT PACKARD ENTERPRISE C,42824C208,86294059,1337685,,
DELEK US HLDGS INC NEW,24665A103,85631423,1899965,,
INVESCO EXCH TRADED FD TR II,46138E628,85492958,1080548,,
PAN AMERN SILVER CORP,697900108,85153802,1558737,,
MEDPACE HLDGS INC,58506Q109,84780906,176557,,
VENTAS RLTY LTD PARTNERSHIP,92277GAZ0,84748839,56997000,,
BROOKDALE SR LIVING INC,112463104,84279552,6160786,,
EDWARDS LIFESCIENCES CORP,28176E108,84206923,1051535,,EW
CONSOLIDATED EDISON INC,209115104,84200714,743954,,ED
MILLROSE PPTYS INC,601137102,84027664,3000988,,
DOCUSIGN INC,256163106,83935043,1770408,,
PG&E CORP,69331CAL2,83902873,81028000,,PCG-PX
CORE SCIENTIFIC INC NEW,21874A106,83566111,5585970,,
FERRARI N V,N3167Y103,83193718,245808,,
SBA COMMUNICATIONS CORP,78410G104,83067859,482644,,SBAC
TAPESTRY INC,876030107,82941495,587779,,
SPHERE ENTERTAINMENT CO,55826T102,82824056,705486,,SPHR
HECLA MINING COMPANY,422704106,82218754,4413245,,
TORONTO DOMINION BK ONT,891160509,82123251,880112,,
ASTERA LABS INC,04626A103,81576266,744309,,
HALLIBURTON CO,406216101,81167627,2081755,,HAL
DESCARTES SYS GROUP INC,249906108,81053078,1132659,,
VANGUARD WORLD FD,92204A405,80833971,669100,,
NIO INC,62914V106,80385098,13330862,,NIOIF
QUANTUMSCAPE CORP,74767V109,80263775,12580529,,QS
SEAGATE HDD CAYMAN,81180WBL4,80094758,16872000,,
ARGENX SE,04016X101,79685610,109121,,ARGX
SUNOCOCORP LLC,86765Q106,79588855,1290979,,SUNC
CENTURI HOLDINGS INC,155923105,79291129,2714520,,
SPDR SERIES TRUST,78468R556,79118597,435124,,
REGIONS FINANCIAL CORP NEW,7591EP100,78908024,3020981,,RF-PF
FLUENCE ENERGY INC,34379V103,78366860,5695266,,
STATE STR CORP,857477103,78319758,618835,,
WABTEC,929740108,77948428,311906,,
VANECK ETF TRUST,92189F106,77917135,849048,,
NNN REIT INC,637417106,77700357,1848688,,
SIBANYE STILLWATER LTD,82575P107,77664861,6303966,,SBYSF
FOUR CORNERS PPTY TR INC,35086T109,77453064,3274971,,
AGILENT TECHNOLOGIES INC,00846U101,77204011,677347,,
PNC FINL SVCS GROUP INC,693475105,76360082,366957,,
SAP SE,803054204,76263098,445436,,SAPGF
ENDEAVOUR SILVER CORP,29258Y103,76002222,8163504,,EXK
BROWN & BROWN INC,115236101,75988170,1165284,,
TELUS CORPORATION,87971M103,75589844,5891648,,TU
ISHARES TR,464289438,75149680,302000,,
CELESTICA INC,15101Q207,75130535,266723,,CLS
MAREX GROUP PLC,G5S37H101,74963945,1681560,,
SPROTT INC,852066208,74873027,523954,,SII
FACTSET RESH SYS INC,303075105,74837464,344889,,
NETSTREIT CORP,64119V303,73840546,3921431,,NTST
INTERDIGITAL INC,45867G101,73517974,243437,,
MOLSON COORS BEVERAGE CO,60871R209,73327563,1702916,,TAP
BALCHEM CORP,057665200,72911991,430210,,BCPC
MP MATERIALS CORP,553368101,72803733,1508573,,
OVINTIV INC,69047Q102,72599951,1223045,,OVV
EXPONENT INC,30214U102,71860217,1101306,,EXPO
MIRUM PHARMACEUTICALS INC,604749101,71579812,774841,,
ISHARES TR,464287598,70777333,331246,,
GITLAB INC,37637K108,70675699,3265975,,GTLB
CRISPR THERAPEUTICS AG,H17182108,70548736,1483051,,CRSP
INGREDION INC,457187102,70355945,624498,,INGR
PPL CAP FDG INC,69352PAS2,70290000,60000000,,
MONGODB INC,60937P106,70288643,287162,,
RESMED INC,761152107,70142817,312468,,RSMDF
LISTED FDS TR,53656G498,70124782,1210300,,
DEXCOM INC,252131107,70018734,1114948,,DXCM
EOS ENERGY ENTERPRISES INC,29415C101,69807045,14074001,,
CUBESMART,229663109,69738060,1902812,,CUBE
MAGNA INTL INC,559222401,69484789,1245024,,
STAR BULK CARRIERS CORP.,Y8162K204,69207760,3012963,,SBLK
COPT DEFENSE PROPERTIES,22002T108,68671908,2244180,,CDP
MOBILEYE GLOBAL INC,60741F104,67946979,9890390,,MBLY
IONQ INC,46222L108,67576107,2343951,,
NEKTAR THERAPEUTICS,640268306,66966815,930741,,NKTR
MICROCHIP TECHNOLOGY INC.,595017104,66956958,1036325,,MCHPP
LATAM AIRLINES GROUP SA,51817R205,66655502,1348210,,
DONALDSON INC,257651109,66132317,779219,,
STANTEC INC,85472N109,65976509,763617,,STN
ISHARES TR,464287788,65771940,559000,,
HEXCEL CORP NEW,428291108,65517529,809558,,
CHARTER COMMUNICATIONS INC,16119P108,65236777,302190,,
GLOBAL X FDS,37954Y848,64794544,719300,,
BLUE OWL CAPITAL INC,09581B103,64793830,7096805,,OWL
JAZZ INVESTMENTS I LTD,472145AF8,64449116,53132000,,
ICICI BANK LIMITED,45104G104,64364168,2485103,,
JBS N.V.,N4732M103,64222428,3575859,,JBS
ONTO INNOVATION INC,683344105,64117596,312662,,ONTO
NETAPP INC,64110D104,64061123,625658,,
MKS INC.,55306N104,64045059,278687,,MKSI
EZCORP INC,302301106,64013309,2522195,,EZPW
GENMAB A/S,372303206,62766961,2339432,,GNMSF
ISHARES TR,464287655,62463760,251870,,
STARWOOD PPTY TR INC,85571B105,61963794,3598362,,
PLUG PWR INC,72919P202,61914815,27395936,,
MOHAWK INDS INC,608190104,61707639,626728,,
HARLEY DAVIDSON INC,412822108,61518339,3042450,,
TOLL BROTHERS INC,889478103,61442342,450226,,
STAG INDUSTRIAL INC,85254J102,61024663,1692309,,
BIOCRYST PHARMACEUTICALS INC,09058V103,60857819,6392628,,BCRX
PRUDENTIAL FINL INC,744320102,60595153,620280,,
J P MORGAN EXCHANGE TRADED F,46654Q203,60444624,1088700,,
INTELLIA THERAPEUTICS INC,45826J105,60329651,4705901,,
ISHARES INC,464286772,60287201,490100,,
AMERICAN HEALTHCARE REIT INC,398182303,60155127,1275554,,
NEXTERA ENERGY INC,65339F655,60011037,1194725,,NEE-PS
SNAP INC,83304A106,59833350,13007250,,SNAP
DOLLAR GEN CORP,256677105,59744105,503193,,
ISHARES TR,464288810,59591950,1117000,,
ROCKET COS INC,77311W101,59471164,4173415,,
LEMONADE INC,52567D107,59455365,948554,,
ELI LILLY & CO,532457108,59371154,64550,,LLY
ESSENT GROUP LTD,G3198U102,59151098,1012168,,ESNT
AMPRIUS TECHNOLOGIES INC,03214Q108,59112425,3506075,,
BROADRIDGE FINL SOLUTIONS IN,11133T103,58914761,362597,,
BLACKSTONE INC,09260D107,58801631,511363,,BX
LEVI STRAUSS & CO NEW,52736R102,58780265,3179030,,LEVI
ECOLAB INC,278865100,58464545,219775,,ECL
VIAVI SOLUTIONS INC,925550105,58220631,1749418,,VIAV
OTTER TAIL CORP,689648103,58185717,662934,,OTTR
MANULIFE FINL CORP,56501R106,58095803,1686870,,
SPDR SERIES TRUST,78464A797,58027902,974440,,
FIRST TR EXCHANGE TRADED FD,33738R506,57655632,844400,,
TEXAS ROADHOUSE INC,882681109,57332645,347176,,
CECO ENVIRONMENTAL CORP,125141101,57178807,959698,,CECO
COVISTA INC,00737L103,56994698,494531,,CVSA
VISTANCE NETWORKS INC,20337X109,56927634,3127892,,
CNX RES CORP,12653CAG3,56686945,18550000,,
WEST PHARMACEUTICAL SVSC INC,955306105,56552154,225631,,
AURA MINERALS INC,G06973112,56458632,691895,,AUGO
KLAVIYO INC,49845K101,56276179,2891890,,
WESTERN ALLIANCE BANCORP,957638109,56196307,793173,,WAL-PA
BRP INC,05577W200,56143284,781831,,DOO
TERRENO RLTY CORP,88146M101,56122034,913742,,
UNITED RENTALS INC,911363109,56057592,76943,,
TRANSOCEAN INC,893830BW8,55843850,27550000,,
RUSH STREET INTERACTIVE INC,782011100,55782377,2564707,,
ALIBABA GROUP HLDG LTD,01609WBG6,55618700,40100000,,
MARTIN MARIETTA MATLS INC,573284106,55461309,94213,,
S&P GLOBAL INC,78409V104,55313766,130046,,SPGI
ARCHROCK INC,03957W106,55183369,1585729,,
EQUITY LIFESTYLE PROPERTIES,29472R108,55122727,883094,,
STARWOOD PPTY TR INC,85571BBA2,54766987,53878000,,
WEC ENERGY GROUP INC,92939UAR7,54732302,44246000,,
AMKOR TECHNOLOGY INC,031652100,54661647,1213894,,
CHURCH & DWIGHT CO INC,171340102,54647165,585589,,
AXSOME THERAPEUTICS INC.,05464T104,54555938,322778,,
AT&T INC,00206R102,54527610,1880911,,T-PC
RADIAN GROUP INC,750236101,54516138,1648009,,RDN
WP CAREY INC,92936U109,54483804,801704,,
FORTUNA MNG CORP,349942102,54300924,5468371,,
COPA HOLDINGS SA,P31076105,54003718,475343,,
WALMART INC,931142103,54003016,434527,,WMT
DARLING INGREDIENTS INC,237266101,53733734,868775,,DAR
NATIONAL STORAGE AFFILIATES,637870106,53672545,1422166,,
XCEL ENERGY INC,98389B100,53494737,673398,,XELLL
MAGNOLIA OIL & GAS CORP,559663109,53473108,1693795,,MGY
RLI CORP,749607107,53418188,936504,,RLI
BOK FINL CORP,05561Q201,53418052,417133,,
SPIRIT AEROSYSTEMS INC,85205TAQ3,53275322,36353000,,
TREX INC,89531P105,53261519,1462425,,
RIVIAN AUTOMOTIVE INC,76954AAD5,53202150,55552000,,
BELLRING BRANDS INC,07831C103,52649682,3272199,,
PACKAGING CORP AMER,695156109,52646052,248073,,
NORWEGIAN CRUISE LINE HLDGS,G66721104,52598519,2812755,,
AFLAC INC,001055102,52522017,478735,,AFL
MEDTRONIC PLC,G5960L103,52472467,605568,,MDT
JETBLUE AIRWAYS CORP,477143101,52346511,11843102,,JBLU
GRUPO CIBEST SA,40090E106,52276779,717989,,
GLOBAL SHIP LEASE INC,Y27183600,52034361,1397646,,
CAPITAL SOUTHWEST CORP,140501107,51974214,2349648,,CSWC
SERVICE CORP INTL,817565104,51969831,629861,,
WOODWARD INC,980745103,51956383,145162,,
KOSMOS ENERGY LTD,500688106,51931312,18680328,,KOS
GETTY RLTY CORP NEW,374297109,51561601,1621434,,
TG THERAPEUTICS INC,88322Q108,51235605,1542312,,
KANZHUN LIMITED,48553T106,50968714,3806476,,
ALLIED GOLD CORP,01921D204,50848052,1638146,,AAUC
AURINIA PHARMACEUTICALS INC,05156V102,50813408,3428705,,AUPH
MEDLINE INC,58507V107,50665386,1138548,,MDLN
EQUINOX GOLD CORP,29446Y502,50575817,3497636,,EQX
ASCENDIS PHARMA A/S,04351P101,50398597,220341,,ASND
TASEKO MINES LTD,876511106,50248235,7790424,,
GENERAC HLDGS INC,368736104,50027920,256120,,
SYMBOTIC INC,87151X101,50006298,939968,,SYM
M & T BK CORP,55261F104,49857556,241184,,
MERCADOLIBRE INC,58733R102,49823440,28816,,MELI
CLEARWAY ENERGY INC,18539C204,49713008,1265284,,
SIMMONS FIRST NATL CORP,828730200,49599737,2550115,,
FLAGSTAR BANK NATIONAL ASSOC,649445400,49425272,3752868,,
Q2 HLDGS INC,74736L109,49112158,1038312,,
T1 ENERGY INC,35834F104,48736762,11101768,,TE
FRANKLIN ELEC INC,353514102,48379296,524892,,
SABRA HEALTH CARE REIT INC,78573L106,48235801,2508362,,
ROGERS COMMUNICATIONS INC,775109200,48115100,1251368,,RCIAF
IOVANCE BIOTHERAPEUTICS INC,462260100,48042890,13687433,,
ISHARES TR,464288794,47956978,292100,,
SILVERCORP METALS INC,82835P103,47628120,4434648,,SVM
LIBERTY MEDIA CORP DEL,531229AP7,47621266,45881000,,FWONB
HUNTSMAN CORP,447011107,47565335,3573654,,HUN
CBOE GLOBAL MKTS INC,12503M108,47525283,169087,,
VANGUARD WORLD FD,921910873,47317270,200200,,
NOVANTA INC,67000B203,47073981,877591,,NOVTU
ACUSHNET HLDGS CORP,005098108,47037079,503178,,
OLD DOMINION FREIGHT LINE IN,679580100,46816472,239593,,
AVNET INC,053807103,46706481,757976,,AVT
LTC PPTYS INC,502175102,46548734,1252657,,
SOUTH BOW CORP,83671M105,46294408,1389388,,SOBO
ULTRAGENYX PHARMACEUTICAL IN,90400D108,46211929,2205820,,
VARONIS SYS INC,922280102,46096498,2147019,,
STRATEGY INC,594972AU5,46060619,52774000,,STRD
WHEATON PRECIOUS METALS CORP,962879102,45852452,349992,,WPM
PINTEREST INC,72352L106,45789478,2496700,,
TETRA TECH INC NEW,88162GAB9,45782248,43794000,,TTEK
CRA INTL INC,12618T105,45651617,282009,,
NORDSON CORP,655663102,45493067,170988,,NDSN
CNX RES CORP,12653C108,45390890,1177455,,
SHIFT4 PMTS INC,82452J307,45014152,839190,,
GE AEROSPACE,369604301,44948600,158398,,
TRAVERE THERAPEUTICS INC,89422G107,44810375,1508259,,
MANPOWERGROUP INC WIS,56418H100,44738310,1518612,,
TURNING PT BRANDS INC,90041L105,44692771,514953,,
WYNN RESORTS LTD,983134107,44181562,435072,,WYNN
ALCON AG,H01301128,44124960,585600,,
RELX PLC,759530108,43884335,1323811,,RLXXF
WESTERN UN CO,959802109,43815573,5018966,,
SCHWAB STRATEGIC TR,808524300,43785973,1503123,,
UNIQURE NV,N90064101,43750491,2675871,,
SPDR SERIES TRUST,78464A870,43577516,341169,,
ISHARES TR,464287622,43543107,122120,,
CANADIAN NATL RY CO,136375102,43531830,423585,,
VIPER ENERGY INC,64361Q101,43315852,921810,,
INNOSPEC INC,45768S105,43303708,593039,,IOSP
GOLAR LNG LTD,G9456A100,43297361,800173,,GLNG
GRANITE CONSTR INC,387328107,43024572,358897,,
AECOM,00766T100,42969049,506591,,ACM
RIVIAN AUTOMOTIVE INC,76954AAB9,42810700,40010000,,
ASSURED GUARANTY LTD,G0585R106,42645084,523381,,AGO
KINROSS GOLD CORP,496902404,42541523,1393890,,KGCRF
BROADSTONE NET LEASE INC,11135E203,42441411,2323011,,
ISHARES TR,464288521,42249822,713800,,
TECK RESOURCES LTD,878742204,42170713,814893,,TCKRF
FIGS INC,30260D103,41977581,2842084,,
SYNOPSYS INC,871607107,41965029,105844,,SNPS
FIRST TR EXCHANGE-TRADED FD,33734X192,41961432,383700,,
LEIDOS HOLDINGS INC,525327102,41535971,267078,,
FIRST HAWAIIAN INC,32051X108,41512782,1684772,,
PROSPECT CAP CORP,74348T102,41366952,15849407,,
AMERICAN FINANCIAL GROUP INC,025932104,41316739,323520,,AFGE
TEREX CORP NEW,880779103,41172429,696657,,TEX
SIRIUSXM HOLDINGS INC,829933100,41018215,1777219,,
FMC CORP,302491303,41014872,2381816,,FMC
JABIL INC,466313103,41000787,154353,,JBL
KBR INC,48242W106,40931666,1110463,,
AVISTA CORP,05379B107,40769435,1015681,,AVA
TRIPLE FLAG PRECIOUS METAL,89679M104,40750651,1174032,,
LUMEN TECHNOLOGIES INC,550241103,40621853,5844871,,
THE REALREAL INC,88339P101,40581671,4469347,,
BANK OZK LITTLE ROCK ARK,06417N103,40512931,882827,,
CNA FINL CORP,126117100,40503047,882035,,
DOMINOS PIZZA INC,25754A201,40386838,112564,,DPZ
NUSCALE PWR CORP,67079K100,40360290,3723274,,
LAZARD INC,52110M109,40332254,949441,,
PG&E CORP,69331C306,40293409,937274,,PCG-PX
VISHAY INTERTECHNOLOGY INC,928298108,40243356,2235742,,VSH
LAMAR ADVERTISING CO,512816109,40194664,317343,,
HP INC,40434L105,40189356,2092106,,HPQ
SEAGATE TECHNOLOGY HLDNGS PL,G7997R103,40165194,102525,,
PDD HOLDINGS INC,722304102,40063552,392088,,PDD
CNH INDL N V,N20944109,40046325,3640575,,
ASTRAZENECA PLC,G0593M107,40040788,203026,,AZN
ISHARES TR,464287176,40027572,362700,,
DENISON MINES CORP,248356107,39903967,11304240,,DNN
ORACLE CORP,68389X204,39720695,882486,,ORCL-PD
NORFOLK SOUTHN CORP,655844108,39669427,138221,,
ADT INC DEL,00090Q103,39587528,6025499,,ADT
UIPATH INC,90364P105,39509218,3559389,,
QORVO INC,74736K101,39273457,507409,,
ELECTRONIC ARTS INC,285512109,39229481,192424,,EA
INCYTE CORP,45337C102,39145826,415914,,INCY
RIGETTI COMPUTING INC,76655K103,39122390,2786495,,
MEDICAL PROPERTIES TRUST INC,58463J304,38895343,8400722,,MPT
PATTERSON-UTI ENERGY INC,703481101,38817471,3584254,,
ABBVIE INC,00287Y109,38804131,178418,,ABBV
INSMED INC,457669307,38757020,237017,,INSM
CIPHER DIGITAL INC,17253J106,38703462,3007262,,CIFR
RH,74967X103,38695465,276752,,RH
GREEN PLAINS INC,393222104,38634717,2348615,,GPRE
TRANSMEDICS GROUP INC,89377MAB5,38457825,29750000,,
CORCEPT THERAPEUTICS INC,218352102,38128584,945884,,CORT
DOVER CORP,260003108,38093821,182748,,DOV
ISHARES INC,464286400,37979227,989300,,
CARETRUST REIT INC,14174T107,37812208,1031711,,
APPLIED DIGITAL CORP,038169207,37808371,1592602,,APLD
LANDBRIDGE COMPANY LLC,514952100,37665187,545477,,
BENTLEY SYS INC,08265T208,37647586,1071970,,
SPDR SERIES TRUST,78464A409,37538694,383400,,
IQVIA HLDGS INC,46266C105,37516071,219984,,
AMPLIFY ETF TR,032108649,37408564,1258700,,
ISHARES TR,464287671,37071290,239000,,
NATIONAL FUEL GAS CO,636180101,37049086,394307,,NFG
CROWN CASTLE INC,22822V101,37044999,455602,,CCI
ACUITY INC,00508Y102,36980353,131969,,
ENERGY FUELS INC,292671708,36926046,2023345,,UUUU
SYNDAX PHARMACEUTICALS INC,87164F105,36899363,1579596,,SNDX
ABCELLERA BIOLOGICS INC,00288U106,36861607,10562065,,ABCL
THOMSON REUTERS CORP,884903808,36731276,408216,,
AMPHENOL CORP,032095101,36718447,290609,,
XPO INC,983793100,36696410,188622,,
POLARIS INC,731068102,36424149,668333,,PII
TTM TECHNOLOGIES INC,87305R109,36421539,373861,,TTMI
TEMPUS AI INC,88023B103,36148778,799398,,
ULTRA CLEAN HLDGS INC,90385V107,36134726,581131,,
ISHARES INC,46434G822,36106544,427600,,
EVOLV TECHNOLOGIES HLDNGS IN,30049H102,36101687,5967221,,
FIRST AMERN FINL CORP,31847R102,36059871,598107,,
PAR PAC HOLDINGS INC,69888T207,36055772,575603,,
CAMTEK LTD,M20791105,36032391,237665,,CAMT
WILLDAN GROUP INC,96924N100,35831764,468022,,
TANDEM DIABETES CARE INC,875372203,35736599,1864194,,TNDM
O-I GLASS INC,67098H104,35713579,3398057,,
TECHNIPFMC PLC,G87110105,35661540,515862,,FTI
OLIN CORP,680665205,35545902,1195624,,OLN
TRADEWEB MKTS INC,892672106,35442369,301227,,
VANECK ETF TRUST,92189F676,35388203,92301,,
VENTURE GLOBAL INC,92333F101,35309539,2240453,,
XENON PHARMACEUTICALS INC,98420N105,35243843,606085,,XENE
VANGUARD INDEX FDS,922908637,35192576,117760,,
GLOBAL X FDS,37954Y293,35151076,475400,,
OMNICELL COM,68213N109,35109117,1051801,,
PPL CORP,69351T866,34877200,680000,,PPLC
MIAMI INTL HLDGS INC,59356Q108,34783505,893718,,
SUN LIFE FINANCIAL INC.,866796105,34721613,555013,,SLFQF
NEXTERA ENERGY CAP HLDGS INC,65339KCY4,34711088,25017000,,
WELLTOWER INC,95040Q104,34589562,174951,,WELL
INNOVIVA INC,45781M101,34583351,1484264,,
GOLD COM INC,00181T107,34424311,858890,,
HERCULES CAPITAL INC,427096508,34338167,2324859,,
FRANKLIN RESOURCES INC,354613101,34232277,1449292,,BEN
LEGEND BIOTECH CORP,52490G102,34197264,1890396,,LEGN
STRATEGY INC,594972408,34195200,274000,PUT,STRD
DOLE PLC,G27907107,34030578,2381426,,DOLE
NATIONAL HEALTH INVS INC,63633D104,33967184,420074,,
SPDR SERIES TRUST,78464A607,33915823,335900,,
CREDO TECHNOLOGY GROUP HOLDI,G25457105,33864541,360760,,
NABORS INDUSTRIES LTD,G6359F137,33839480,393208,,NBR
GREAT LAKES DREDGE & DOCK CO,390607109,33821857,1989521,,
IMMUNITYBIO INC,45256X103,33636785,4385500,,
COHU INC,192576106,33511477,1094431,,COHU
MGM RESORTS INTERNATIONAL,552953101,33487499,904823,,MGM
MURPHY USA INC,626755102,33373107,67561,,MUSA
COUSINS PPTYS INC,222795502,33255812,1473452,,
WORKDAY INC,98138H101,33083868,254648,,
HERBALIFE LTD,G4412G101,33065021,2246265,,HLF
TUTOR PERINI CORP,901109108,33043958,428086,,TPC
INTERCONTINENTAL HOTELS GROU,45857P806,32895221,246480,,
HUB GROUP INC,443320106,32747097,908632,,
HOPE BANCORP INC,43940T109,32630050,2921222,,HOPE
SCOTTS MIRACLE-GRO CO,810186106,32476432,534064,,SMG
GFL ENVIRONMENTAL INC,36168Q104,32434880,777442,,GFL
EXPAND ENERGY CORPORATION,165167735,32363473,294803,,EXE
TRANSMEDICS GROUP INC,89377M109,32322167,325140,,
MASTEC INC,576323109,32278887,100326,,MTZ
STRATEGY INC,594972AQ4,32098150,29300000,,STRD
NUTANIX INC,67059N108,31981006,841384,,
ROYAL GOLD INC,780287108,31969797,125623,,RGLD
FIDELITY COMWLTH TR,315912808,31943142,376200,,
DOXIMITY INC,26622P107,31924565,1370153,,
OPENDOOR TECHNOLOGIES INC,683712103,31702470,6774032,,OPENZ
BRUNSWICK CORP,117043109,31677448,435369,,BC-PC
BLUE BIRD CORP,095306106,31665990,557598,,BLBD
SLM CORP,78442P106,31626231,1477171,,SLMBP
COCA COLA CONS INC,191098102,31620419,164913,,
BUCKLE INC,118440106,31588260,627249,,BKE
BANK HAWAII CORP,062540109,31549568,424910,,
WORLD KINECT CORPORATION,98149GAB6,31455000,30000000,,WKC
CELANESE CORP DEL,150870103,31422078,477757,,CE
DIMENSIONAL ETF TRUST,25434V823,31359900,1326000,,
NETFLIX INC.,64110L106,31324709,325790,,NFLX
PEBBLEBROOK HOTEL TR,70509V100,31230454,2472720,,
RAMACO RES INC,75134P600,31183237,2017027,,
AVALONBAY CMNTYS INC,053484101,31009547,189835,,
DEVON ENERGY CORP NEW,25179M103,30964462,615351,,
EVERGY INC,30034W106,30927094,377528,,
SILICON MOTION TECHNOLOGY CO,82706C108,30832251,274577,,
IMMUNOCORE HLDGS PLC,45258D105,30791140,1021265,,
LEMAITRE VASCULAR INC,525558201,30783538,281978,,LMAT
ESCO TECHNOLOGIES INC,296315104,30771186,109362,,ESE
MOODYS CORP,615369105,30738175,70460,,
FIRST SOLAR INC,336433107,30670379,155482,,
A10 NETWORKS INC,002121101,30518146,1319989,,
CANADIAN SOLAR INC,136635109,30446497,2198303,,CSIQ
MANHATTAN ASSOCIATES INC,562750109,30420449,228519,,MANH
BLACKROCK ETF TRUST,09290C103,30404868,522600,,
DORIAN LPG LTD,Y2106R110,30396789,888795,,LPG
FORTUNA MNG CORP,349915AE8,30336250,17500000,,
EVERCORE INC,29977A105,30294287,101485,,EVR
FLOWSERVE CORP,34354P105,30264141,411701,,FLS
RPM INTL INC,749685103,30134502,303164,,
ISHARES TR,46432F396,30046508,125199,,
VANECK ETF TRUST,92189F791,29913968,249200,,
CITY HLDG CO,177835105,29886574,250055,,
BALLARD PWR SYS INC NEW,058586108,29870428,12343152,,
WESBANCO INC,950810101,29823917,864712,,WSBCO
BOX INC,10316T104,29803634,1260729,,BXCAP
TRANE TECHNOLOGIES PLC,G8994E103,29729815,71339,,TT
FEDERAL SIGNAL CORP,313855108,29635875,274051,,
NABORS INDS INC,62957HAL9,29508310,32660000,,
STRATEGIC ED INC,86272C103,29453455,355032,,
ALARM COM HLDGS INC,011642105,29424613,681283,,
EASTERLY GOVT PPTYS INC,27616P301,29149236,1360207,,
OLLIES BARGAIN OUTLET HLDGS,681116109,29148976,316699,,
AMN HEALTHCARE SVCS INC,001744101,29118070,1587681,,
FIRSTCASH HOLDINGS INC,33768G107,28901804,153733,,
APPLIED OPTOELECTRONICS INC,03823U102,28860585,341182,,
BEAM THERAPEUTICS INC,07373V105,28854627,1210853,,BEAM
FIRST INDL RLTY TR INC,32054K103,28625048,494815,,
CINCINNATI FINL CORP,172062101,28486172,181037,,
GRAPHIC PACKAGING HLDG CO,388689101,28468160,2864000,,
CLOUDFLARE INC,18915MAC1,28394274,24257000,,
OCEANFIRST FINL CORP,675234108,28368062,1572509,,
AZZ INC,002474104,28361215,226654,,AZZ
WILLIS LEASE FIN CORP,970646105,28316111,166311,,
ENERFLEX LTD,29269R105,28192838,1347650,,EFXT
CURTISS WRIGHT CORP,231561101,28137748,41311,,CW
AXIS CAP HLDGS LTD,G0692U109,28038040,276482,,
PPG INDS INC,693506107,27935974,261377,,
UNIVERSAL HLTH SVCS INC,913903100,27886926,155819,,
VEECO INSTRS INC DEL,922417100,27857062,822713,,
UWM HOLDINGS CORPORATION,91823B109,27850340,7693464,,UWMC
WARRIOR MET COAL INC,93627C101,27786645,298300,,
ECOPETROL S A,279158109,27780817,1853290,,
MAIN STR CAP CORP,56035L104,27753052,524038,,
TEXAS CAP BANCSHARES INC,88224Q107,27730483,292269,,
NEWMONT CORP,651639106,27713299,256012,,
CONMED CORP,207410101,27670614,782540,,CNMD
CENTERRA GOLD INC,152006102,27615043,1552279,,CGAU
ALKERMES PLC,G01767105,27604951,780683,,ALKS
ROBERT HALF INC.,770323103,27560041,1085041,,RHI
SHELL PLC,780259305,27500100,295700,,RYDAF
LADDER CAP CORP,505743104,27473269,2812003,,
AVEPOINT INC,053604104,27464747,2887986,,
PRINCIPAL FINANCIAL GROUP IN,74251V102,27464357,304787,,
CF INDUSTRIES HOLD,125269100,27262115,209967,,
VANECK ETF TRUST,92189F411,27160320,2121900,,
XPLR INFRASTRUCTURE LP,65341B106,27083528,2550238,,
STIFEL FINL CORP,860630102,27078448,366321,,
BOISE CASCADE CO DEL,09739D100,26991829,355858,,BCC
PACCAR INC,693718108,26964515,233459,,PCAR
OSCAR HEALTH INC,687793109,26949052,2349525,,
V2X INC,92242T101,26921596,393016,,
FORGENT POWER SOLUTIONS INC,34631F102,26759483,914229,,
LAUDER ESTEE COS INC,518439104,26676120,371689,,
MCEWEN INC.,58039P305,26620288,1303638,,MUX
ARTIVION INC,228903100,26580700,725852,,
SNOWFLAKE INC,833445AB5,26572500,22500000,,SNOW
STRATEGY INC,594972AN1,26507000,26000000,,STRD
COHEN & STEERS INC,19247A100,26332862,420989,,
WENDYS CO,95058W100,26305646,3784985,,
IMAX CORP,45245E109,26282927,691474,,IMAX
AUTOLIV INC,052800109,26275067,249858,,ALV
CITIZENS FINL GROUP INC,174610105,26267760,438015,,
EAGLE MATLS INC,26969P108,26237499,138493,,
MICROCHIP TECHNOLOGY INC.,595017302,26217081,460191,,MCHPP
ACADIAN ASSET MANAGEMENT INC,10948W103,26057058,478814,,AAMI
EDGEWELL PERSONAL CARE CO,28035Q102,25949269,1215992,,EPC
GENCO SHIPPING & TRADING LTD,Y2685T131,25948556,1150712,,GNK
FIFTH THIRD BANCORP,316773100,25936527,558255,,FITB-PK
REDWIRE CORPORATION,75776W103,25933866,3051043,,RDW
ESPERION THERAPEUTICS INC NE,29664W105,25917054,9458779,,
CSG SYS INTL INC,126349AH2,25913883,21302000,,
ANAPTYSBIO INC,032724106,25793503,465083,,
OPENLANE INC,48238T109,25687359,881213,,
GREENBRIER COS INC,393657AM3,25633162,22224000,,
ARDELYX INC,039697107,25601518,4274043,,
EAST WEST BANCORP INC,27579R104,25542971,239256,,EWBC
ELASTIC N V,N14506104,25505398,510210,,
MERCURY GENL CORP NEW,589400100,25479493,289047,,
SK TELECOM CO LTD,78440P306,25231812,861448,,SKM
AMGEN INC,031162100,25220608,71680,,AMGN
TRANSFORCE INC,87241L109,25178805,231785,,
FEDERATED HERMES INC,314211103,25171414,443862,,
NEW JERSEY RES CORP,646025106,25124307,457471,,
CHUBB LTD SWITZ,H1467J104,25120729,77074,,
ACI WORLDWIDE INC,004498101,25067486,611253,,
TEXAS INSTRS INC,882508104,25063474,129100,,
BANNER CORP,06652V208,25018364,412300,,BANR
SENSIENT TECHNOLOGIES CORP,81725T100,24911835,288198,,SXT
SEABOARD CORP DEL,811543107,24905958,4405,,
DYNEX CAP INC,26817Q886,24877891,1949678,,
VICTORY CAP HLDGS INC DEL,92645B103,24861905,379687,,
ERO COPPER CORP,296006109,24853320,931883,,ERO
WD 40 CO,929236107,24841931,121810,,WDFC
HOLOGIC INC,436440101,24831617,328504,,
VIZSLA SILVER CORP,92859G608,24792883,7512995,,VZLA
FEDERAL RLTY INVT TR NEW,313745101,24741407,232948,,
FLUOR CORP,343412AJ1,24630000,20000000,,FLR
SOCIEDAD QUIMICA Y MINERA DE,833635105,24628990,304287,,
MUELLER WTR PRODS INC,624758108,24611165,895277,,
VIRTU FINL INC,928254101,24581697,558929,,
ESTABLISHMENT LABS HLDGS INC,G31249108,24499718,431485,,
BP PLC,055622104,24389475,518925,,BPPFF
WISDOMTREE INC,97717P104,24380633,1674494,,
KURA SUSHI USA INC,501270102,24149364,346029,,
CRESCENT ENERGY COMPANY,44952J104,24136961,1787923,,
PATHWARD FINANCIAL INC,59100U108,24088620,269961,,
COMMERCE BANCSHARES INC,200525103,24012946,488068,,
DUPONT DE NEMOURS INC,26614N102,23990086,523801,,
AMERICAS GOLD AND SILVER COR,03062D803,23919935,4582363,,
TRUMP MEDIA & TECHNOLOGY GRO,25400Q105,23899712,2575400,PUT,
MCDONALDS CORP,580135101,23887630,76861,,MCD
BROOKFIELD CORP,11271J107,23874103,589921,,
MCCORMICK & CO INC,579780206,23851058,472860,,MKC-V
RELIANCE INC,759509102,23831887,78415,,
GLOBAL NET LEASE INC,379378201,23788683,2541526,,
NMI HLDGS INC,629209305,23776876,633881,,
SMITH & WESSON BRANDS INC,831754106,23758653,1657966,,
ARIS MINING CORPORATION,04040Y109,23747985,1278836,,ARIS
APOGEE THERAPEUTICS INC,03770N101,23684260,281386,,
DRAFTKINGS INC NEW,26142V105,23681618,1095357,,DKNG
SOFI TECHNOLOGIES INC,83406F102,23634045,1488290,,
AMERICAN ELEC PWR CO INC,025537101,23559271,179732,,
INVESCO EXCHANGE TRADED FD T,46137V282,23553304,520400,,
HOME BANCSHARES INC,436893200,23551497,874545,,HOMB
VITAL FARMS INC,92847W103,23502387,1664475,,
AMENTUM HOLDINGS INC,023939101,23476616,900177,,
SELECT SECTOR SPDR TR,81369Y852,23428598,211335,,
CENTRUS ENERGY CORP,15643U104,23395419,134774,,LEU
CHURCHILL DOWNS INC,171484108,23245848,258776,,CHDN
GCI LIBERTY INC,36164V800,23232398,624359,,
FTAI AVIATION LTD,G3730V105,23218160,94768,,FTAIM
FIDELITY COVINGTON TRUST,316092113,23172903,638900,,
AAON INC,000360206,23171159,280014,,
COCA COLA CO,191216100,23149164,304394,,KO
NOV INC,62955J103,23117170,1228983,,NOV
BATH & BODY WORKS INC,070830104,23105040,1237549,,
FIRST BANCORP CORPORATION,318672706,23059167,1079549,,
JFROG LTD,M6191J100,23000909,490111,,FROG
BENCHMARK ELECTRS INC,08160H101,22999063,410258,,
BANK NEW YORK MELLON CORP,064058100,22938415,193361,,
UNIVERSAL DISPLAY CORP,91347P105,22927282,250134,,
JOHNSON CONTROLS INTERNATION,G51502105,22916774,175004,,
UNIVERSAL CORP VA MTNS BK EN,913456109,22842920,433452,,
KEMPER CORP,488401100,22728083,743720,,KMPB
BOFA FIN LLC,09709UV70,22724000,19000000,,
DEFINIUM THERAPEUTICS INC,24477V105,22710429,1201610,,
ALBANY INTL CORP,012348108,22663630,434086,,
AXOGEN INC,05463X106,22598106,682104,,
SYNCHRONY FINANCIAL,87165B103,22580055,331962,,SYF-PB
CAMECO CORP,13321L108,22574914,207853,,CCJ
UNIVERSAL INS HLDGS INC,91359V107,22526914,659453,,
NATIONAL BK HLDGS CORP,633707104,22428224,572733,,
FRESHPET INC,358039AB1,22393800,19500000,,
INVENTRUST PPTYS CORP,46124J201,22333729,733215,,
BOOKING HOLDINGS INC,09857L108,22314696,5300,,BKNG
FISERV INC,337738108,22310068,399822,,FISV
BRUKER CORP,116794108,22249631,615992,,BRKRP
CSG SYS INTL INC,126349109,22247302,278300,,
ALPHATEC HLDGS INC,02081G201,22226132,2042843,,
ASANA INC,04342Y104,22174995,3464843,,
TOAST INC,888787108,22052715,831864,,
LITHIUM AMERS CORP NEW,53681J103,21949613,5556864,,
SUPER MICRO COMPUTER INC,86800UAB0,21927400,27500000,,
CHEMOURS CO,163851108,21913307,994703,,CC
ENCORE CAP GROUP INC,292554AP7,21899363,17415000,,
BRINKS CO,109696104,21801472,210378,,BCO
DAQO NEW ENERGY CORP,23703Q203,21784436,1024186,,DQ
VITA COCO CO INC,92846Q107,21664183,452185,,
SS&C TECH HLDGS,78467J100,21648347,320384,,
FLEX LNG LTD,G35947202,21644478,728525,,FLNG
PAGAYA TECHNOLOGIES LTD,M7S64L123,21637032,1857256,,PGYWW
BANC OF CALIFORNIA INC,05990K106,21459045,1220651,,
ATRICURE INC,04963C209,21426116,751003,,
KYMERA THERAPEUTICS INC,501575104,21363968,256501,,
SELECT SECTOR SPDR TR,81369Y209,21326184,145462,,
LIQUIDIA CORPORATION,53635D202,21256413,563233,,LQDA
TENABLE HLDGS INC,88025T102,21215402,1254236,,
ENTERGY CORP NEW,29364G103,21196826,188651,,
V F CORP,918204108,21183642,1246830,,VFC
WEIBO CORP,948596AJ0,21070000,20000000,,WEIBF
APELLIS PHARMACEUTICALS INC,03753U106,20998652,521965,,
ZOOM COMMUNICATIONS INC,98980L101,20962577,260761,,
MOONLAKE IMMUNOTHERAPEUTICS,61559X104,20919896,1122312,,MLTX
CLEAR SECURE INC,18467V109,20914572,432030,,
WEST FRASER TIMBER LTD,952845105,20866553,319598,,
ISHARES INC,46434G772,20822112,293600,,
JACKSON FINANCIAL INC,46817M107,20820497,196940,,JXN-PA
ATKORE INC,047649108,20795230,353000,,ATKR
FOX CORP,35137L105,20793904,356060,,FOX
OFG BANCORP,67103X102,20713821,511958,,OFG
FORMFACTOR INC,346375108,20703097,213456,,FORM
FEDEX CORP,31428X106,20698332,58112,,FDX
SUPER MICRO COMPUTER INC,86800U302,20650842,906932,,
POPULAR INC,733174700,20592948,153484,,
ENACT HLDGS INC,29249E109,20588604,504499,,
HARMONY BIOSCIENCES HLDGS IN,413197104,20543738,733443,,
IRONWOOD PHARMACEUTICALS INC,46333X108,20527449,5848276,,IRWD
LAKELAND FINL CORP,511656100,20464061,356641,,
THERAVANCE BIOPHARMA INC,G8807B106,20425406,1258497,,
JUMIA TECHNOLOGIES AG,48138M105,20407440,2957600,,JMIA
MONDELEZ INTL INC,609207105,20281556,351866,,
KINIKSA PHARMACEUTICALS INTL,G52694109,20267009,420914,,
PERDOCEO ED CORP,71363P106,20242426,544005,,
PELOTON INTERACTIVE INC,70614W100,20220876,4713491,,
NOMAD FOODS LTD,G6564A105,20220161,2104075,,NOMD
JETBLUE AIRWAYS CORP,477143AR2,20202000,21000000,,JBLU
ALLEGRO MICROSYSTEMS INC,01749D105,20174187,639841,,
VANGUARD WORLD FD,92204A108,20170305,56180,,
IHS HOLDING LIMITED,G4701H109,20159023,2449456,,
CYTOKINETICS INC,23282WAC4,20121413,13770000,,CYTK
NATIONAL BEVERAGE CORP,635017106,20074210,596559,,FIZZ
BARCLAYS PLC,06738E204,20041313,947132,,BCLYF
SOUTHERN CO,842587DZ7,19994220,18000000,,SOMN
STURM RUGER & CO INC,864159108,19957724,497823,,RGR
ENCORE CAP GROUP INC,292554102,19842487,282979,,
KB FINL GROUP INC,48241A105,19793413,198470,,
PROSPERITY BANCSHARES INC,743606105,19701341,293262,,PB
APPFOLIO INC,03783C100,19619235,124314,,APPF
LEGGETT & PLATT INC,524660107,19556185,1979371,,LEG
UL SOLUTIONS INC,903731107,19535280,227923,,ULS
COCA-COLA EUROPACIFIC PARTNE,G25839104,19527235,215366,,
COLLEGIUM PHARMACEUTICAL INC,19459J104,19515136,590116,,
CHEESECAKE FACTORY INC,163072101,19486018,355909,,CAKE
ARVINAS INC,04335A105,19420408,1832114,,
AKAMAI TECHNOLOGIES INC,00971TAN1,19291607,16881000,,AKAM
ACADIA RLTY TR,004239109,19265618,1007616,,
ORMAT TECHNOLOGIES INC,686688AB8,19256513,14765000,,
TXNM ENERGY INC,69349H107,19243804,329179,,TXNM
TRONOX HOLDINGS PLC,G9087Q102,19219212,1967166,,TROX
SPDR SERIES TRUST,78464A789,19217000,349400,,
CRACKER BARREL OLD CTRY STOR,22410J106,19215040,683566,,
PRECISION DRILLING CORP,74022D407,19212206,195246,,PDS
REYNOLDS CONSUMER PRODS INC,76171L106,19144327,903887,,
FORUM ENERGY TECHNOLOGIES IN,34984V209,19130903,326132,,
SANFILIPPO JOHN B & SON INC,800422107,19130271,241148,,JBSS
PENUMBRA INC,70975L107,19117373,58219,,PEN
FIRST COMWLTH FINL CORP PA,319829107,19037013,1082879,,
APOGEE ENTERPRISES INC,037598109,18981426,565934,,
BEACON FINANCIAL CORP.,084680107,18861150,628705,,BBT
JOBY AVIATION INC,47775AAA9,18851360,22000000,,
ADMA BIOLOGICS INC,000899104,18850118,2092133,,
DLOCAL LTD,G29018101,18837641,1452401,,DLO
ORGANON & CO,68622V106,18790750,3137020,,OGN
BAIN CAP SPECIALTY FIN INC,05684B107,18785442,1514955,,
CYTOKINETICS INC,23282W605,18784877,285008,,CYTK
MARTEN TRANS LTD,573075108,18769086,1429481,,
MYR GROUP INC,55405W104,18634249,66004,,MYRG
LIVE NATION ENTERTAINMENT IN,538034BA6,18607750,12250000,,
SUMMIT THERAPEUTICS INC,86627T108,18603268,981185,,SMMT
DHT HOLDINGS INC,Y2065G121,18504715,1012847,,
FLUSHING FINL CORP,343873105,18464993,1202148,,
WESTAMERICA BANCORPORATION,957090103,18410619,353032,,WABC
CRANE NXT CO,224441105,18393846,453162,,
AXCELIS TECHNOLOGIES INC,054540208,18389443,197566,,ACLS
VORNADO RLTY TR,929042109,18349096,706006,,
FIRST MAJESTIC SILVER CORP,32076V103,18306287,852248,,AG
IRON MTN INC DEL,46284V101,18303692,179202,,
KIRBY CORP,497266106,18282029,137583,,KEX
HORACE MANN EDUCATORS CORP N,440327104,18235371,427258,,
BANKUNITED INC,06652K103,18204312,403107,,
ELBIT SYS LTD,M3760D101,18196848,21431,,
BERKLEY W R CORP,084423102,18093711,272989,,WRB-PH
EXXON MOBIL CORP,30231G102,18085756,106600,CALL,
DANA INC,235825205,18046798,536309,,DAN
THERMON GROUP HLDGS INC,88362T103,17956411,356278,,
BRIGHTVIEW HLDGS INC,10948C107,17902643,1518460,,
INVESCO MORTGAGE CAPITAL INC,46131B704,17888433,2213915,,IVR-PC
VERMILION ENERGY INC,923725105,17866363,1296543,,VET
HANOVER INS GROUP INC,410867105,17829221,102851,,
VERIS RESIDENTIAL INC,554489104,17810940,943876,,
POSTAL REALTY TRUST INC,73757R102,17808301,959499,,
GARMIN LTD,H2906T109,17790991,76682,,GRMN
ISHARES TR,464287291,17754672,177600,,
SPROUTS FMRS MKT INC,85208M102,17736506,229956,,
RPC INC,749660106,17711420,2501613,,RES
UNITED PARCEL SVCS INC,911312106,17569684,178590,,
W & T OFFSHORE INC,92922P106,17520938,5138105,,
ISHARES TR,46432F339,17512253,91300,,
HEALTHSTREAM INC,42222N103,17487938,844420,,HSTM
INSPERITY INC,45778Q107,17436365,644836,,
OLEMA PHARMACEUTICALS INC,68062P106,17436067,1169421,,
HERTZ CORP,428040DE6,17424826,17826638,,
FIRST TR EXCHANGE-TRADED FD,33734X184,17341623,349700,,
WAFD INC,938824109,17323411,551701,,WAFDP
SKYWARD SPECIALTY INS GROUP,830940102,17260895,395167,,
ACADIA PHARMACEUTICALS INC,004225108,17254193,775121,,ACAD
CHEESECAKE FACTORY INC,163072AC5,17178850,16900000,,CAKE
TENCENT MUSIC ENTMT GROUP,88034P109,17165216,1849700,,
TELEFONICA BRASIL SA,87936R205,17120051,1076056,,
ON SEMICONDUCTOR CORP,682189AU9,17106250,17500000,,ON
AMERICAN CENTY ETF TR,025072307,17067375,162500,,
CVR ENERGY INC,12662P108,17057589,506912,,CVI
CVB FINL CORP,126600105,17049782,879308,,
LOGITECH INTL S A,H50430232,17018209,186767,,
NEOS ETF TRUST,78433H303,16988217,344100,,
ICF INTL INC,44925C103,16915856,259088,,
XYLEM INC,98419M100,16915345,141551,,XYL
TRIMAS CORP,896215209,16905853,470391,,TRS
VANGUARD SCOTTSDALE FDS,92206C680,16881291,153900,,
ZOETIS INC,98978V103,16821283,142300,,ZTS
TRIMBLE INC,896239100,16819229,257845,,TRMB
INTUITIVE MACHINES INC,46125A100,16807101,905555,,
AMDOCS LTD,G02602103,16794922,257354,,DOX
PREFERRED BK LOS ANGELES CA,740367404,16752710,184725,,
ANTERO RESOURCES CORP,03674X106,16675949,392930,,AR
TRUSTMARK CORP,898402102,16674882,395702,,TRMK
EVEREST GROUP LTD,G3223R108,16674580,51016,,
GOLD ROYALTY CORP,38071H106,16673871,4657506,,GROY-WT
RLJ LODGING TR,74965L101,16656364,2244793,,
CARRIAGE SVCS INC,143905107,16654713,364755,,
AMERIPRISE FINL INC,03076C106,16652112,37471,,
ADECOAGRO S A,L00849106,16645119,1108197,,
ATMOS ENERGY CORP,049560105,16622029,89985,,ATO
PETCO HEALTH & WELLNESS CO I,71601V105,16595416,5969574,,
DIGITAL RLTY TR INC,253868103,16577698,91991,,
WSFS FINL CORP,929328102,16574734,253204,,
UBER TECHNOLOGIES INC,90353T100,16500742,229400,,
S & T BANCORP INC,783859101,16494406,394320,,
UNITED THERAPEUTICS CORP DEL,91307C102,16470612,27776,,UTHR
IAMGOLD CORP,450913108,16467782,875015,,IAG
CAVA GROUP INC,148929102,16458458,203442,,
TRI POINTE HOMES INC,87265H109,16428352,351559,,
STEPAN CO,858586100,16384544,327822,,SCL
ICHOR HOLDINGS,G4740B105,16309631,349917,,
CTO RLTY GROWTH INC NEW,22948Q101,16301320,881629,,
SONIC AUTOMOTIVE INC,83545G102,16273924,237333,,SAH
FARMLAND PARTNERS INC,31154R109,16257199,1447658,,FPI
DIGITALOCEAN HLDGS INC,25402D102,16241757,189342,,
JINKOSOLAR HLDG CO LTD,47759T100,16219432,638309,,
NEXA RES S A,L67359106,16206925,1530399,,
CENTRAL GARDEN & PET CO,153527205,16166849,498669,,CENTA
CUSTOMERS BANCORP INC,23204G100,16152818,232716,,
KOPPERS HOLDINGS INC,50060P106,16150292,417536,,KOP
UBS GROUP AG,H42097107,16122431,412655,,UBS
DIAMONDBACK ENERGY INC,25278X109,16111182,81456,,
BRIXMOR PPTY GROUP INC,11120U105,16076938,558227,,
FERROVIAL SE,N3168P101,16047315,246692,,
KOHLS CORP,500255104,16047213,1243970,,KSS
PLEXUS CORP,729132100,16042788,79208,,PLXS
PEPSICO INC,713448108,16041146,103298,,PEP
HILLTOP HLDGS INC,432748101,15991158,446431,,
CARPENTER TECHNOLOGY CORP,144285103,15972535,40524,,CRS
MARA HOLDINGS INC,565788106,15951984,1954900,PUT,
IRADIMED CORP,46266A109,15947298,165669,,IRMD
BRUKER CORP,116794207,15934706,56456,,BRKRP
HERBALIFE LTD,42703MAF0,15879330,13316000,,HLF
AMERISAFE INC,03071H100,15839716,475239,,AMSF
BLUE OWL CAPITAL CORPORATION,69121K104,15810580,1429528,,OBDC
GCM GROSVENOR INC,36831E108,15807812,1613042,,GCMG
BLUE OWL TECHNOLOGY FIN CORP,095924106,15786681,1274147,,
ISHARES TR,464288828,15770001,376822,,
FIRST MERCHANTS CORP,320817109,15707029,405552,,FRMEP
CGI INC,12532H104,15654219,214148,,GIB
WEIS MKTS INC,948849104,15628346,228518,,
MCGRATH RENTCORP,580589109,15608590,141536,,MGRC
VERICEL CORP,92346J108,15602836,485012,,VCEL
INTEL CORP,458140100,15527141,351850,,INTC
VICTORY PORTFOLIOS II,92647X830,15523536,393200,,
ZURN ELKAY WATER SOLNS CORP,98983L108,15522397,346173,,
OCULAR THERAPEUTIX INC,67576A100,15501447,1830159,,
B & G FOODS INC,05508R106,15493919,3221189,,
EVERTEC INC,30040P103,15490212,548909,,
ISHARES TR,464287770,15482796,186900,,
FIDELITY COVINGTON TRUST,316092857,15473250,575000,,
ELDORADO GOLD CORP NEW,284902509,15451315,450082,,
OKEANIS ECO TANKERS COR,Y64177101,15398179,304372,,
SPX TECHNOLOGIES INC,78473E103,15383184,76939,,
RILEY EXPLORATION PERMIAN IN,76665T102,15375339,421820,,
NPK INTERNATIONAL INC,651718504,15372499,1060904,,NPKI
HCI GROUP INC,40416E103,15358494,99337,,
ISHARES INC,464286822,15339397,203900,,
SKYWEST INC,830879102,15316601,166793,,SKYW
CMB.TECH NV,B38564108,15304198,1209818,,CMBT
HOULIHAN LOKEY INC,441593100,15264221,106282,,
OBSIDIAN ENERGY LTD,674482203,15220137,1607195,,OBE
EQV VENTURES AC CORP. II,G3106Q102,15208243,1507259,,
GLADSTONE LD CORP,376549101,15201570,1490350,,
DIVERSIFIED ENERGY CO,25520W107,15111045,866459,,DEC
DIODES INC,254543101,15086484,221015,,
SOUTHERN CO,842587107,15054997,155978,,SOMN
CHIMERA INVT CORP,16934Q802,15003261,1195479,,
HEARTLAND EXPRESS INC,422347104,14977394,1440134,,HTLD
ADVANSIX INC,00773T101,14949734,612694,,ASIX
ANALOG DEVICES INC,032654105,14901996,46841,,ADI
BLACKSTONE SECD LENDING FD,09261X102,14858676,627213,,
DIAMONDROCK HOSPITALITY CO,252784301,14820894,1581739,,DRH
NVENT ELEC PLC,G6700G107,14820011,125296,,
HINGE HEALTH INC,433313103,14802374,383879,,
BIONTECH SE,09075V102,14769990,166179,,BNTX
LOUISIANA PAC CORP,546347105,14766213,202972,,
SHOPIFY INC,82509L107,14729045,124170,,SHOP
H2O AMERICA,784305104,14686978,250332,,HTO
TURKCELL ILETISIM,900111204,14649837,2429492,,
TPG RE FIN TR INC,87266M107,14644757,1875129,,
HF SINCLAIR CORP,403949100,14606747,234120,,DINO
DATADOG INC,23804L103,14596056,123643,,
NORTHWEST NAT HLDG CO,66765N105,14540183,273209,,
KAISER ALUMINIUM CORPORATION,483007704,14537242,120631,,
SHINHAN FINANCIAL GROUP CO L,824596100,14528302,236926,,
ALUMIS INC,022307102,14498273,658115,,ALMS
TRIP COM GROUP LTD,89677QAB3,14485605,13999000,,
ADIENT PLC,G0084W101,14477009,716329,,ADNT
GLOBE LIFE INC,37959E102,14467139,103953,,GL-PD
ASTRONICS CORP,046433108,14462193,216727,,ATROB
FB FINL CORP,30257X104,14400105,277245,,
CANTOR EQUITY PARTNERS IV IN,G1828E100,14381748,1411359,,
LIVE OAK BANCSHARES INC,53803X105,14357936,434168,,
BOOZ ALLEN HAMILTON HLDG COR,099502106,14355257,183971,,
LINCOLN EDL SVCS CORP,533535100,14333883,352357,,
COMPASS PATHWAYS PLC,20451W101,14286749,2583499,,CMPS
ISHARES TR,464287564,14260508,230417,,
ASSOCIATED BANC-CORP,045487105,14257135,551320,,ASB-PF
CINEMARK HLDGS INC,17243V102,14233847,499083,,
WORKIVA INC,98139A105,14218237,238441,,WK
UNITIL CORP,913259107,14208705,271989,,UTL
TABOOLA.COM LTD,M8744T106,14138093,4560675,,TBLA
ADTRAN HOLDINGS INC,00486H105,14133932,1123524,,
TSAKOS ENERGY NAVIGATION LTD,G9108L173,14087812,357015,,TEN-PF
INTERDIGITAL INC,45867GAD3,14080220,3608000,,
INNOVIVA INC,45781MAD3,14023750,13000000,,
SUPERNUS PHARMACEUTICALS,868459108,14019775,271228,,
VODAFONE GROUP PLC,92857W308,13984822,931080,,
CORECIVIC INC,21871N101,13953160,737872,,
BLOOMIN BRANDS INC,094235108,13916783,2577182,,
WALKER & DUNLOP INC,93148P102,13912331,313482,,
NETSCOUT SYS INC,64115T104,13879737,436607,,
PILGRIMS PRIDE CORP,72147K108,13830053,366262,,PPC
MSC INCOME FUND INC,55374X208,13815421,1134271,,
QXO INC,82846H504,13783353,250652,,
NATURAL GAS SVCS GROUP INC,63886Q109,13782988,365209,,
NORTHERN DYNASTY MINERALS LT,66510M204,13693133,9780809,,
APA CORPORATION,03743Q108,13676332,322251,,APA
UTZ BRANDS INC,918090101,13669635,1725964,,
NUCOR CORP,670346105,13659053,80775,,NUE
RELAY THERAPEUTICS INC,75943R102,13623033,1369149,,
QUALYS INC,74758T303,13619913,155036,,
PROPETRO HLDG CORP,74347M108,13617882,945030,,
WAVE LIFE SCIENCES LTD,Y95308105,13616334,1878115,,WVE
FIDELITY NATL FINL INC,31620R303,13588783,292988,,
INVESCO EXCHANGE TRADED FD T,46137V134,13584358,430157,,
BROOKFIELD RENEWABLE CORP,11285B108,13516788,339362,,BEPC
FIRST TR EXCHANGE TRADED FD,33738R860,13473325,372500,,
ISHARES BITCOIN TRUST ETF,46438F101,13447000,350000,PUT,IBIT
WASHINGTON TR BANCORP INC,940610108,13406318,400667,,
JANUS HENDERSON GROUP PLC,G4474Y214,13386714,260594,,
CAPITOL FED FINL INC,14057J101,13377014,1876159,,
ALIGNMENT HEALTHCARE INC,01625VAB0,13353485,9500000,,
ANDERSONS INC,034164103,13317918,185538,,
KARMAN HLDGS INC,485924104,13315597,166341,,
TYLER TECHNOLOGIES INC,902252105,13308995,38872,,TYL
EATON CORP PLC,G29183103,13291017,37160,,ETN
NATIONAL HEALTHCARE CORP,635906100,13222681,82797,,NHC
LINDSAY CORP,535555106,13213555,110973,,LNN
ARGAN INC,04010E109,13181075,24201,,AGX
AUTODESK INC,052769106,13169394,55010,,
MONOLITHIC PWR SYS INC,609839105,13139880,12018,,
INNODATA INC,457642205,13129680,339971,,INOD
ALLOGENE THERAPEUTICS INC,019770106,13116113,5375456,,
GEO GROUP INC,36162J106,13109077,779838,,GEO
RALLIANT CORP,750940108,13106756,315142,,RAL
ISHARES TR,464287630,13076970,68975,,
VERTIV HOLDINGS CO,92537N108,13073009,52171,,VRT
MGE ENERGY INC,55277P104,13067729,169074,,MGEE
FULTON FINL CORP PA,360271100,13062673,642216,,
TRICO BANCSHARES,896095106,13035848,274208,,
JOHNSON & JOHNSON,478160104,13017163,53253,,JNJ
KENNAMETAL INC,489170100,12997515,359743,,KMT
HERTZ GLOBAL HLDGS INC,42806J700,12943331,2807664,,
GLOBAL PMTS INC,37940XAU6,12925004,14670000,,
HORIZON BANCORP IND,440407104,12922694,779885,,
EURONET WORLDWIDE INC,298736109,12902925,194409,,
VIR BIOTECHNOLOGY INC,92764N102,12897866,1439494,,
CLOROX CO DEL,189054109,12844939,123950,,
EPR PPTYS,26884U109,12825831,256722,,
DIME CMNTY BANCSHARES INC,25432X102,12815244,378925,,
HERITAGE FINL CORP WASH,42722X106,12750660,490410,,
CYTOMX THERAPEUTICS INC.,23284F105,12737733,2710156,,
SUNRUN INC,86771WAD7,12700237,10667000,,RUN
ALIGHT INC,01626W101,12680479,21761591,,
KNIGHT-SWIFT TRANSN HLDGS IN,499049104,12674164,220114,,
LGI HOMES INC,50187T106,12671816,320562,,
SHIFT4 PMTS INC,82452JAD1,12656250,13500000,,
CAPITAL ONE FINL CORP,14040H105,12644953,69314,,
LULULEMON ATHLETICA INC,550021109,12637180,82542,,LULU
ZEBRA TECHNOLOGIES CORPORATI,989207105,12636795,60440,,
MGIC INVT CORP WIS,552848103,12616984,480647,,
AUTONATION INC,05329W102,12565957,64355,,
BANK OF N T BUTTERFIELD & SO,G0772R208,12506614,238312,,
OXFORD INDS INC,691497309,12501578,324632,,
OIL STS INTL INC,678026105,12493259,1073304,,
XP INC,G98239109,12490526,656015,,XP
ALCOA CORP,013872106,12490072,188302,,AA
RECURSION PHARMACEUTICALS IN,75629V104,12483587,4066315,,
SAFE BULKERS INC,Y7388L103,12443311,1965768,,
URBAN EDGE PPTYS,91704F104,12434633,622354,,
MORGAN STANLEY DIRECT LENDIN,61774A103,12415312,889349,,
DUCOMMUN INC DEL,264147109,12344082,101181,,
RAPID7 INC,753422104,12308943,2233928,,
SOUTHSIDE BANCSHARES INC,84470P109,12274954,394820,,SBSI
KEARNY FINL CORP MD,48716P108,12273922,1625685,,
ALPHA & OMEGA SEMICONDUCTOR,G6331P104,12254724,553011,,AOSL
HSBC HLDGS PLC,404280406,12233185,148299,,
COSTAR GROUP INC,22160N109,12223181,303004,,
CENTRAIS ELET BRAS SA,15234Q207,12098093,1072526,,
TENNANT CO,880345103,12085331,182008,,TNC
RINGCENTRAL INC,76680R206,12009432,322921,,
T ROWE PRICE ETF INC,87283Q107,11999288,271600,,
FIRST TR EXCHANGE TRADED FD,33738R308,11995965,522700,,
BABCOCK & WILCOX ENTERPRISES,05614L209,11970132,814849,,
ALEXANDERS INC,014752109,11924793,50486,,ALX
ROGERS CORP,775133101,11907190,110940,,ROG
PACIRA BIOSCIENCES INC,695127100,11906833,526851,,
PLAYTIKA HLDG CORP,72815L107,11902956,4281639,,
PAGSEGURO DIGITAL LTD,G68707101,11882337,1185862,,PAGS
PJT PARTNERS INC,69343T107,11868795,84947,,PJT
EASTGROUP PPTYS INC,277276101,11850757,64027,,
MERCURY SYS INC,589378108,11816451,162069,,
VNET GROUP INC,90138A103,11815637,1408300,,
GUARDIAN PHARMACY SVCS INC,40145W101,11775340,312675,,
UMH PPTYS INC,903002103,11734707,813216,,
ITT INC,45073V108,11730361,61567,,ITT
SHAKE SHACK INC,819047101,11729441,132581,,SHAK
PROTHENA CORP PLC,G72800108,11722106,1205978,,
CAPITAL SOUTHWEST CORP,140501AE7,11718500,11500000,,CSWC
SNAP ON INC,833034101,11700043,32212,,
THE REALREAL INC,88339PAJ0,11695904,9812000,,
GOLD FIELDS LTD,38059T106,11690909,257509,,GFIOF
INDEPENDENT BK CORP MICH,453838609,11667354,350371,,
GUIDEWIRE SOFTWARE INC,40171V100,11645340,77864,,
INVESCO EXCHANGE TRADED FD T,46137V233,11643698,213450,,
M/I HOMES INC,55305B101,11641811,95074,,
BOWHEAD SPECIALTY HLDGS INC,10240L102,11634979,518724,,
VIRTUS INVT PARTNERS INC,92828Q109,11628396,86553,,
GALIANO GOLD INC,36352H100,11626350,4632012,,GAU
ENNIS INC,293389102,11613131,542163,,
CENTURY COMMUNITIES INC,156504300,11594490,202065,,
ISHARES TR,464287838,11575536,65800,,
COMFORT SYS USA INC,199908104,11575242,8394,,
HIVE DIGITAL TECHNOLOGIES LT,433921103,11572533,6090807,,
ENOVA INTL INC,29357K103,11563480,85132,,
PARK HOTELS & RESORTS INC,700517105,11526654,1094649,,PK
NUVATION BIO INC,67080N101,11514742,2684089,,NUVB
FIRST TR EXCHANGE-TRADED FD,33734X135,11468379,204100,,
ENTEGRIS INC,29362U104,11460444,97752,,ENTG
FIRSTSUN CAP BANCORP,33767U107,11442752,313844,,
GLADSTONE INVT CORP,376546107,11420535,804263,,
AGCO CORP,001084102,11418873,98549,,
FRESHWORKS INC,358054104,11415962,1421664,,FRSH
FIDELITY COVINGTON TRUST,316092808,11398643,54788,,
AMERICAN EAGLE OUTFITTERS IN,02553E106,11366638,680637,,
INTERNATIONAL BANCSHARES COR,459044103,11343883,168582,,
SPECTRUM BRANDS HOLDINGS INC,84790A105,11315087,153529,,
AMICUS THERAPEUTIC,03152W109,11303975,781741,,
STATE STR SPDR DOW JONES IND,78467X109,11301836,24400,,
MARCUS & MILLICHAP INC,566324109,11283121,424337,,
ISHARES TR,464287523,11212565,34116,,
IRIDIUM COMMUNICATIONS INC,46269C102,11163353,402428,,IRDM
POWELL INDS INC,739128106,11160857,20627,,
XERIS BIOPHARMA HOLDINGS INC,98422E103,11160372,1924202,,
C3 AI INC,12468P104,11113726,1319920,,
PAYONEER GLOBAL INC,70451X104,11108106,2299815,,PAYO
MACYS INC,55616P104,11068005,611830,,
CENTRAL PAC FINL CORP,154760409,11049978,345744,,
TEVA PHARMACEUTICAL INDS LTD,881624209,11047745,366791,,
GLOBANT S A,L44385109,11046204,239562,,
3D SYS CORP DEL,88554D205,11012299,5857606,,
INVESTORS TITLE CO NC,461804106,11007836,50648,,
FIRST TR EXCHANGE-TRADED FD,33734X846,11000340,175500,,
PROVIDENT FINL SVCS INC,74386T105,10982611,519027,,
RIGEL PHARMACEUTICALS INC,766559702,10973021,405807,,RIGL
UNIVEST FINANCIAL CORPORATIO,915271100,10956451,319803,,
SILGAN HLDGS INC,827048109,10944238,282068,,
HIMALAYA SHIPPING LTD,G4660A103,10941617,822678,,HSHP
TAYLOR MORRISON HOME CORP,87724P106,10910565,187338,,
DANAOS CORPORATION,Y1968P121,10906593,96827,,DAC
ORRSTOWN FINL SVCS INC,687380105,10858998,300970,,
ALPINE INCOME PPTY TR INC,02083X103,10844460,602470,,
SUPER MICRO COMPUTER INC,86800UAD6,10833125,12500000,,
NORTHWEST BANCSHARES INC,667340103,10823644,852927,,
CONNECTONE BANCORP INC,20786W107,10741141,401238,,
PC CONNECTION INC,69318J100,10740154,183718,,CNXN
MARZETTI COMPANY,513847103,10672574,77153,,
MFA FINL INC,55272X607,10662645,1113011,,
BGC GROUP INC,088929104,10595476,1083382,,
WORTHINGTON ENTERPRISES INC,981811102,10594483,203193,,
CURBLINE PPTYS CORP,23128Q101,10589451,410603,,
FIRST TR EXCHANGE-TRADED FD,33734H106,10562938,224600,,
ATOUR LIFESTYLE HLDGS LTD,04965M106,10557108,286800,,
NATURAL GROCERS BY VITAMIN,63888U108,10547110,408012,,
ALLY FINL INC,02005N100,10543926,268772,,
ST JOE CO,790148100,10532314,167712,,JOE
STAAR SURGICAL CO,852312305,10464258,559586,,STAA
NUVALENT INC,670703107,10461989,102118,,
FIDELITY COVINGTON TRUST,316092501,10459800,149000,,
BKV CORP,05603J108,10440915,366091,,BKV
T1 ENERGY INC,35834FAB0,10421600,10000000,,TE
HACKETT GROUP INC,404609109,10394027,798926,,
VEON LTD,91822M502,10389998,224406,,VEON
NORTHPOINTE BANCSHARES INC.,66661N886,10367305,600655,,NPB
BREAD FINANCIAL HOLDINGS INC,018581108,10352644,138238,,
MATSON INC,57686G105,10302481,62843,,
SELECT SECTOR SPDR TR,81369Y308,10288490,125500,,
IBEX LTD,G4690M101,10285604,383505,,IBEX
ISHARES TR,464289446,10270630,64000,,
INTER & CO INC,G4R20B107,10242832,1286788,,
PENNYMAC CORP,70932AAH6,10225187,9850000,,
CALIFORNIA RES CORP,13057Q305,10205728,147439,,
ISHARES TR,464287119,10187716,106700,,
HUMANA INC,444859102,10177993,58700,,HUM
PIEDMONT REALTY TRUST INC,720190206,10110054,1538821,,
GEN DIGITAL INC,668771108,10075877,535097,,GENVR
BIOHAVEN LTD,G1110E107,10039600,1186714,,BHVN
ATEA PHARMACEUTICALS INC,04683R106,10029202,1864164,,
SPROUT SOCIAL INC,85209W109,10026682,1759067,,
RUSH ENTERPRISES INC,781846209,10018376,151541,,
U HAUL HOLDING COMPANY,023586100,9999590,209284,,
MDU RES GROUP INC,552690109,9998975,482576,,
M3-BRIGADE ACQUISITION VI CO,G63221108,9992886,994317,,
AMERICAN ASSETS TR INC,024013104,9991696,542732,,
OAKTREE SPECIALTY LENDING,67401P405,9980849,883261,,
ANAVEX LIFE SCIENCES CORP,032797300,9971016,3247888,,AVXL
TELEFONAKTIEBOLAGET LM ERICS,294821608,9961553,883900,,
BEONE MEDICINES LTD,07725L102,9961265,33543,,BEIGF
COSTAMARE INC,Y1771G102,9948675,588679,,CMRE-PB
BEYOND MEAT INC,08862EAD1,9900826,15549000,,
ALAMOS GOLD INC,011532108,9866792,222075,,AGI
EQUIFAX INC,294429105,9819217,54530,,EFX
ZIFF DAVIS INC,48123VAH5,9800000,10000000,,
TRINITY INDS INC,896522109,9755464,303153,,
REPUBLIC DIGITAL ACQUISITION,G7515A103,9714715,949630,,
XENCOR INC,98401F105,9713377,805421,,XNCR
ALTO INGREDIENTS INC,021513106,9712718,2006760,,
AMERANT BANCORP INC,023576101,9709656,440547,,AMTB
J & J SNACK FOODS CORP,466032109,9698526,122348,,
ROCKWELL AUTOMATION INC,773903109,9685095,26987,,
ABM INDS INC,000957100,9679883,251295,,
VANDA PHARMACEUTICALS INC,921659108,9661569,1398201,,VNDA
TRUSTCO BK CORP N Y,898349204,9646091,220331,,
TOOTSIE ROLL INDS INC,890516107,9645663,225788,,
PENSKE AUTOMOTIVE GRP INC,70959W103,9634471,64436,,
ISHARES TR,46435G425,9588276,67800,,
ORACLE CORP,68389X105,9570388,65056,,ORCL-PD
UNILEVER PLC,904767803,9561788,167839,,UNLYF
ARCBEST CORP,03937C105,9532264,96912,,
CIRRUS LOGIC INC,172755100,9510500,65762,,
CANADIAN NAT RES LTD MED TER,136385101,9475159,194442,,
NORTHERN TR CORP,665859104,9461729,67792,,
ARMOUR RESIDENTIAL REIT INC,042315705,9461213,567219,,
PAYMENTUS HOLDINGS INC,70439P108,9436100,371500,,
INVESCO LTD,G491BT108,9403752,387145,,IVZ
BLACKBERRY LTD,09228FAM5,9401700,8140000,,BB
ENTREPRENEURSHARES SERIES TR,293828877,9351993,553700,,
FIRST TR EXCHANGE-TRADED FD,337345102,9311762,43114,,
ARTISAN PARTNERS ASSET MGMT,04316A108,9278431,254972,,
RING ENERGY INC,76680V108,9265103,6055623,,
GRIFFON CORP,398433102,9259723,127404,,GFF
APPLE HOSPITALITY REIT INC,03784Y200,9220235,801063,,
HANMI FINL CORP,410495204,9190335,348647,,
NEXTERA ENERGY INC,65339F663,9188165,164133,,NEE-PS
MERCANTILE BK CORP,587376104,9173174,181647,,
K&F GROWTH ACQUISITION CORP,G52258111,9145921,876886,,
CTS CORP,126501105,9089062,190307,,CTS
ILLUMINA INC,452327109,9086357,73717,,
TEEKAY CORPORATION LTD,G8726T105,9079368,743601,,TK
FIRST TR EXCHANGE-TRADED FD,33733E807,9044326,285400,,
PRIMERICA INC,74164M108,9042578,36101,,
FIVE9 INC,338307101,9017685,594442,,
METALLUS INC,887399103,9001265,550873,,MTUS
COMMUNITY TR BANCORP INC,204149108,8984981,147974,,
NLIGHT INC,65487K100,8970386,157320,,
ALLISON TRANSMISSION HLDGS I,01973R101,8968669,76616,,
D. BORAL ARC ACQ I CORP.,G2616F101,8962039,885577,,
ORIGIN BANCORP INC,68621T102,8961040,216137,,
ADDUS HOMECARE CORP,006739106,8953783,95609,,ADUS
EL POLLO LOCO HLDGS INC,268603107,8899617,642108,,
ALMONTY INDS INC,020398707,8888476,613845,,
CBIZ INC,124805102,8878892,330685,,
DINE BRANDS GLOBAL INC,254423106,8869828,338027,,
MARVELL TECHNOLOGY INC,573874104,8855070,89400,,
ETFIS SER TR I,26923G806,8844930,110700,,
DRUGS MADE IN AMER ACQ II CO,G2851K104,8838844,886544,,
COMMUNITY HEALTH SYS INC NEW,203668108,8821194,3000406,,
IDT CORP,448947507,8813303,179497,,IDT
COMMUNITY HEALTHCARE TR INC,20369C106,8811625,554539,,
CHINA YUCHAI INTL LTD,G21082105,8808723,228798,,
AVEANNA HEALTHCARE HLDGS INC,05356F105,8806301,1367438,,
BANDWIDTH INC,05988J103,8801868,493932,,BAND
COREWEAVE INC,21873S108,8801832,113616,,
TITAN ACQUISITION CORP,G8901A103,8788792,854110,,TACHW
SCHOLAR ROCK HLDG CORP,80706P103,8783516,178672,,
FIRST TR EXCHANGE-TRADED FD,33733E203,8775834,43700,,
KULICKE & SOFFA INDS INC,501242101,8755218,133220,,
DOUGLAS DYNAMICS INC,25960R105,8744534,207758,,
STRUCTURE THERAPEUTICS INC,86366E106,8744203,181415,,GPCR
TRAILBLAZER ACQUISITION CORP,G9009S103,8743490,869999,,BLZRW
ONEMAIN HLDGS INC,68268W103,8741229,163418,,
MACOM TECH SOLUTIONS HLDGS I,55405Y100,8731126,39317,,
DIREXION SHARES ETF TRUST,25459Y207,8729758,88600,,
INVESCO EXCHANGE TRADED FD T,46137V746,8714356,69200,,
FINANCIAL INSTITUTIONS INC,317585404,8712005,274740,,FIISP
PURECYCLE TECHNOLOGIES INC,74623VAB9,8711000,10000000,,
BRANDYWINE RLTY TR,105368203,8701393,3210846,,
ALARM COM HLDGS INC,011642AD7,8699954,9450000,,
RICE ACQUISITION CORP 3,G7553X106,8697650,843613,,KRSP-UN
ABSCI CORPORATION,00091E109,8696298,2898766,,ABSI
NEXGEN ENERGY LTD,65340P106,8690720,749200,,NXE
XOMETRY INC,98423F109,8687362,212717,,
ISHARES U S ETF TR,46431W648,8661240,98000,,
EPAM SYS INC,29414B104,8646915,63862,,
BAIN CAP GSS INVT CORP,G0R78B106,8643122,854756,,
INTERFACE INC,458665304,8643004,346830,,TILE
GEOPARK LTD,G38327105,8603466,905628,,GPRK
GRAN TIERRA ENERGY INC,38500T200,8601459,958914,,GTE
PAGERDUTY INC,69553P100,8580338,1381697,,
SOLAREDGE TECHNOLOGIES INC,83417MAE4,8570000,5000000,,
TORM PLC,G89479102,8569513,307151,,TRMD
BUMBLE INC,12047B105,8563974,2626986,,BMBL
BOEING CO,097023105,8543761,42927,,BA-PA
10X GENOMICS INC,88025U109,8543525,402427,,
GREIF INC,397624107,8542773,127371,,
GERMAN AMERN BANCORP INC,373865104,8541124,204382,,
DESIGNER BRANDS INC,250565108,8536297,1500228,,DBI
BAUSCH HEALTH COS INC,071734107,8522069,1578161,,
STRIDE INC,86333M108,8516164,96588,,
AGIOS PHARMACEUTICALS INC,00847X104,8512846,251636,,
NAVIGATOR HLDGS LTD,Y62132108,8491534,439293,,
WEN ACQUISITION CORP,G9R39C103,8487005,833694,,WENNU
FLUENCE ENERGY INC,34379VAB9,8468740,8435000,,
VERA THERAPEUTICS INC,92337R101,8454375,210151,,
OPPFI INC,68386H103,8452226,1096268,,OPFI
PHINIA INC,71880K101,8438652,123300,,PHIN
MINERALYS THERAPEUTICS INC,603170101,8438210,311488,,
EPLUS INC,294268107,8432741,112063,,PLUS
NATIONAL ENERGY SERVICES REU,G6375R107,8399751,391232,,
UPWORK INC,91688F104,8398747,766309,,
EMCOR GROUP INC,29084Q100,8368006,11334,,
PACS GROUP INC,69380Q107,8367710,260514,,
FUELCELL ENERGY INC,35952H700,8366340,1281216,,FCELB
INTEGRA RES CORP,45826T509,8360633,3062503,,
COMPASS INC,20464U100,8359935,1143630,,
ARCTURUS THERAPEUTICS HLDGS,03969T109,8351372,1081784,,
SLIDE INS HLDGS INC,831349105,8347230,463735,,
CLEANSPARK INC,18452BAC4,8328024,8648000,,
TALON CAP CORP,G86652107,8319375,815625,,
RANGE RES CORP,75281A109,8317322,184093,,
GOLDMAN SACHS ETF TR,381430123,8296034,92600,,
DEERE & CO,244199105,8278820,14697,,DE
ONDAS INC,68236H204,8276952,915592,,ONDS
TRINITY CAP INC,896442308,8229465,559447,,
GRANITE CONSTR INC,387328AF4,8225000,5000000,,
COGNEX CORP,192422103,8218562,167760,,CGNX
NAVIENT CORPORATION,63938C108,8211984,1003910,,JSM
MGP INGREDIENTS INC NEW,55303J106,8205894,446215,,MGPI
UNITED STATES ANTIMONY CORP,911549103,8202612,939589,,UAMY
ALIGNMENT HEALTHCARE INC,01625V104,8195538,465127,,
PAYPAL HLDGS INC,70450Y103,8195314,181192,,
BAR HBR BANKSHARES,066849100,8194079,252514,,
DIAMOND HILL INVT GROUP INC,25264R207,8192648,47604,,
BERTO ACQUISITION CORP,G1051H101,8192292,799248,,TACOW
BLUE WTR ACQUISITION CORP. I,G1368E106,8174375,797500,,
KOCHAV DEFENSE ACQUI CO,G5304D106,8174375,797500,,
ROPER TECHNOLOGIES INC,776696106,8159658,23059,,ROP
EASTMAN KODAK CO,277461406,8154077,901003,,KODK
FIDELIS INSURANCE HOLDINGS L,G3398L118,8117450,424775,,
OYSTER ENTERPRISES II ACQUIS,G6861F104,8110655,797500,,
PIONEER ACQUISITION I CORP,G7117W107,8078675,797500,,PACHW
ISHARES TR,464288760,8071875,36900,,
SANDRIDGE ENERGY INC,80007P869,8066926,494600,,SD
BARINGS BDC INC,06759L103,8059911,979333,,
GREAT SOUTHN BANCORP INC,390905107,8050969,127530,,
METROPOLITAN BK HLDG CORP,591774104,8047397,96619,,
NATERA INC,632307104,8039598,40200,,
HCM III ACQUISITION CORP,G4365E103,8038800,797500,,HCMAW
NUVEEN CHURCHILL DIRECT LEND,67090S108,8023102,630747,,
RXSIGHT INC,78349D107,8009602,1300260,,
FRONTIER GROUP HLDGS INC,35909R108,8006238,2268056,,
ISHARES TR,464287549,7999425,67500,,
AMERICAN EXCEPTIONALISM ACQU,G0273J101,7998009,738505,,
C4 THERAPEUTICS INC,12529R107,7983717,3035634,,
LSB INDS INC,502160104,7975896,535295,,
CIRCLE INTERNET GROUP INC,172573107,7966258,83495,,
HESS MIDSTREAM LP,428103105,7964696,204906,,HESM
VIPSHOP HLDGS LTD,92763W103,7960624,506401,,
OKLO INC,02156V109,7950120,160317,,OKLO
AEHR TEST SYS,00760J108,7948914,214372,,
HEALTHPEAK PROPERTIES INC,42250P103,7945285,483584,,
SPDR SERIES TRUST,78468R549,7932543,68190,,
EXPEDIA GROUP INC,30212P303,7919527,34300,,
CALIX INC,13100M509,7909680,161455,,
CORVUS PHARMACEUTICALS INC,221015100,7898283,539869,,
DRIVEN BRANDS HLDGS INC,26210V102,7897769,626310,,
HANCOCK WHITNEY CORPORATION,410120109,7892155,124110,,HWCPZ
CENTRAL BANCOMPANY,152413100,7877658,328921,,
APTARGROUP INC,038336103,7875746,62496,,
NCR ATLEOS CORPORATION,63001N106,7873337,180664,,NATL
EMPLOYERS HLDGS INC,292218104,7858193,191011,,
KILROY REALTY CORP,49427F108,7851520,278324,,KRC
NB BANCORP INC,63945M107,7833973,371807,,
HARMONY GOLD MNG LTD,413216300,7830108,509441,,
SITE CTRS CORP,82981J851,7817623,1447708,,
COINBASE GLOBAL INC,19260Q107,7817290,44770,,
RYANAIR HOLDINGS PLC,783513203,7804040,135018,,RYAOF
HOVNANIAN ENTERPRISES INC,442487401,7802297,70348,,HOVNP
SAIA INC,78709Y105,7776285,22137,,SAIA
MERCK & CO INC,58933Y105,7737654,64325,,
NORTHFIELD BANCORP INC DEL,66611T108,7734278,571217,,
FTI CONSULTING INC,302941109,7706818,43598,,
ALNYLAM PHARMACEUTICALS INC,02043QAB3,7689000,6000000,,
U S PHYSICAL THERAPY,90337L108,7688422,102567,,
VALLEY NATL BANCORP,919794107,7668000,624430,,
ASSURANT INC,04621X108,7665387,35193,,
SOLV ENERGY INC,78475V103,7655968,254944,,
MERIT MED SYS INC,589889104,7655848,111067,,
TAMBORAN RES CORP,87507T101,7647570,152982,,
TENET HEALTHCARE CORP,88033G407,7643887,40506,,THC
SENECA FOODS CORP NEW,817070501,7642743,50574,,SENEL
ALTIMMUNE INC,02155H200,7635012,2478900,,
RB GLOBAL INC,74935Q107,7610107,79396,,RBA
WERNER ENTERPRISES INC,950755108,7599015,258382,,WERN
ROMAN DBDR ACQUISITION CORP,G7633M104,7590750,725000,,
SIXTH STREET SPECIALTY LENDI,83012A109,7590370,412969,,
ISHARES TR,464288786,7581939,59100,,
LINCOLN NATL CORP IND,534187109,7578931,213491,,
DAVITA INC,23918K108,7550021,49125,,DVA
ARCHIMEDES TECH SPAC PARTNER,G04537109,7547250,725000,,
RITHM ACQUISITION CORP,G75751100,7540000,725000,,RAC-WT
TEXAS VENTURES ACQUISITION I,G8772L105,7532750,725000,,
WATERBRIDGE INFRASTRUCTURE L,940923105,7519123,280669,,
ARTIUS II ACQUISITION INC,G0509J115,7496500,725000,,AACBU
I-80 GOLD CORP,44955L106,7494010,4930270,,IAUX-WT
ALIGN TECHNOLOGY INC,016255101,7493205,43710,,ALGN
COHEN CIRCLE ACQUISIT CORP I,G2254C121,7471239,731041,,
FIFTH ERA ACQUISITION CORP I,G3415K101,7460250,725000,,FERAU
PENNANTPARK INVT CORP,708062104,7455829,1660541,,
GAMING & LEISURE P,36467J108,7455402,168028,,
ENPRO INC,29355X107,7445057,29703,,NPO
ANI PHARMACEUTICALS INC,00182C103,7444612,96809,,ANIP
RBB FD INC,74933W601,7434819,112700,,
CULLINAN THERAPEUTICS INC,230031106,7418288,522047,,
FIRST TR EXCHANGE-TRADED FD,337344105,7415252,58400,,
JENA ACQUISITION CORP II,G5093B105,7409500,725000,,JENA-RI
HOST HOTELS & RESORTS INC,44107P104,7393346,385874,,
BILIBILI INC,090040106,7382264,327228,,BLBLF
NU SKIN ENTERPRISES INC,67018T105,7368328,1012133,,
CAL REDWOOD ACQUISITION CORP,G17564108,7366000,725000,,CRAQU
UNITED AIRLS HLDGS INC,910047109,7337979,79700,,
POST HLDGS INC,737446AT1,7337185,6778000,,
CERENCE INC,156727109,7330882,1161788,,CRNC
MATRIX SVC CO,576853105,7320693,637691,,
VENDOME ACQUISITION CORP I,G9580A109,7308000,725000,,VNMEU
MACROGENICS INC,556099109,7305426,2527829,,MGNX
THREDUP INC,88556E102,7293103,2223507,,TDUP
PEAPACK-GLADSTONE FINL CORP,704699107,7290054,207045,,
GLOBAL X FDS,37950E291,7272720,384800,,
GSR IV ACQUISITION CORP,G4R12K107,7271750,725000,,GSRFU
SOUTH PLAINS FINANCIAL INC,83946P107,7264831,173385,,
TEXAS PACIFIC LAND CORPORATI,88262P102,7249379,15276,,
PEOPLES BANCORP INC,709789101,7248394,220517,,PEBO
CENCORA INC,03073E105,7240927,23050,,
AMERICAN INTL GROUP INC,026874784,7237545,96180,,
FLUOR CORP,343412102,7230750,155000,,FLR
HERITAGE INSURANCE HLDGS INC,42727J102,7206728,274542,,
OTG ACQUISITION CORP. I,G6791A100,7198121,715519,,OTGAU
SEANERGY MARITIME HLDGS CORP,Y73760400,7183847,556456,,
CMS ENERGY CORP,125896100,7181193,92565,,CMS-PC
SILVERCORP METALS INC,82835PAB9,7178080,2800000,,SVM
ISHARES TR,464287762,7149439,115987,,
ISHARES TR,464287515,7148465,89300,,
MANITOWOC CO INC,563571405,7131419,612139,,MTW
CONSTELLIUM SE,F21107101,7101162,288900,,CSTM
MANNKIND CORP,56400P706,7094891,2895874,,MNKD
FLOWERS FOODS INC,343498101,7076702,868307,,FLO
CREDICORP LTD,G2519Y108,7074956,20859,,BAP
SLB LIMITED,806857108,7052301,137231,,
METALLA RTY & STREAMING LTD,59124U605,7045184,1062622,,
TEEKAY TANKERS LTD,G8726X106,7037913,95989,,TNK
BARCLAYS BANK PLC,06748M196,7021762,196688,,JJETF
ORLA MNG LTD NEW,68634K106,7014792,434891,,
OXLEY BRIDGE ACQ LTD,G6858G107,7003517,691364,,
ATAIBECKLEY INC,04650F101,6993454,1975552,,ATAI
KYNDRYL HLDGS INC,50155Q100,6983776,532300,,
ARROW ELECTRS INC,042735100,6980052,48672,,
UMB FINL CORP,902788108,6974370,61835,,
AMERICAN EXPRESS CO,025816109,6971862,23049,,AXP
AMER STATES WTR CO,029899101,6968610,92153,,
WEATHERFORD INTL PLC,G48833118,6951252,73496,,
BJS WHSL CLUB HLDGS INC,05550J101,6949633,70612,,
COINBASE GLOBAL INC,19260QAF4,6948750,7500000,,
SCHWAB STRATEGIC TR,808524201,6931415,270336,,
ZENTALIS PHARMACEUTICALS INC,98943L107,6918271,2956526,,
PYROPHYTE ACQUISITION CORP.,G7309T102,6905344,684375,,
CARLYLE SECURED LENDING INC,872280102,6902243,630918,,
LIGHTWAVE ACQUISITION CORP,G5490M100,6885229,679687,,LWACW
NUTRIEN LTD,67077M108,6881952,91200,,NTR
BRISTOW GROUP INC,11040G103,6874262,146604,,VTOL
CARNIVAL CORP,143658300,6863376,265200,,CCL
GRAB HOLDINGS LIMITED,G4124C109,6841543,1869274,,
BANK OF MARIN BANCORP,063425102,6832369,266577,,BMRC
GLAUKOS CORP,377322102,6828874,63430,,GKOS
BRIGHTSPIRE CAPITAL INC,10949T109,6822430,1218291,,
ONE GAS INC,68235P108,6818568,79166,,
GREENLIGHT CAP RE LTD,G4095J109,6810842,393918,,
INVESCO EXCHANGE TRADED FD T,46137V266,6797398,145430,,
XEROX HOLDINGS CORP,98421M106,6777776,5254090,,XRXDW
GP-ACT III ACQUISITION CORP,G4035N103,6775000,625000,,GPATW
STEWART INFORMATION SVCS COR,860372101,6772507,109979,,
INGLES MKTS INC,457030104,6769436,75308,,
NEWMARK GROUP INC,65158N102,6757792,450820,,
INSTALLED BLDG PRODS INC,45780R101,6756022,25480,,
ARCUS BIOSCIENCES INC,03969F109,6754104,312690,,
1ST SOURCE CORP,336901103,6745345,97462,,SRCE
KFORCE INC,493732101,6737101,230407,,KFRC
CENTURION ACQUISITION CORP,G20315100,6725000,625000,,ALFUW
SHARKNINJA INC,G8068L108,6724650,63500,,
PHILIP MORRIS INTL INC,718172109,6720244,40645,,
CABALETTA BIO INC,12674W109,6719397,2497917,,
FIVERR INTL LTD,M4R82T106,6701867,668849,,
CARTESIAN GROWTH CORP III,G19307100,6699171,653259,,
ARCHER DANIELS MIDLAND CO,039483102,6688643,92016,,
RAMBUS INC DEL,750917106,6659582,77410,,RMBS
SMARTFINANCIAL INC,83190L208,6639067,169884,,SMBK
NBT BANCORP INC,628778102,6633794,155796,,NBTB
RAYMOND JAMES FINL INC,754730109,6630079,45791,,
CHURCHILL CAP CORP XI,G2131A108,6629400,652500,,
BOBS DISC FURNITURE INC,09681N106,6628434,564122,,
BOLD EAGLE ACQUISITION CORP,G2003N105,6596875,625000,,BEAGR
BRIGHTSPRING HEALTH SVCS INC,10950A106,6587975,154611,,
NEWHOLD INVT CORP III,G6486E102,6578469,634375,,
CRANE COMPANY,224408104,6578199,38469,,
SIZZLE ACQUISITION CORP. II,G8193F109,6569187,639026,,SZZLR
FIRST TR EXCHANGE-TRADED ALP,33737M300,6565546,67700,,
AMERICAN INTEGRITY INS GROUP,026948109,6538099,339113,,
OIL DRI CORP AMER,677864100,6536924,100429,,
BILLIONTOONE INC,090168105,6534337,82776,,
BYLINE BANCORP INC,124411109,6533538,206954,,
AIR LEASE CORP,00912X302,6527899,100522,,
LOWES COS INC,548661107,6502662,27521,,
NEW MTN FIN CORP,647551100,6490906,836457,,
INVESCO EXCH TRADED FD TR II,46138E362,6474105,130500,,
SLR INVESTMENT CORP,83413U100,6473343,452365,,SLRC
VAXCYTE INC,92243G108,6468224,111310,,
THAYER VENTURES ACQ CORP II,G87890102,6464281,634375,,
CATHAY GEN BANCORP,149150104,6451784,129398,,
PROCTER & GAMBLE CO,742718109,6427869,44502,,PG
AXIOM INTELLIGENCE AC CORP 1,G0750N104,6426219,634375,,
GLOBAL INDUSTRIAL COMPANY,37892E102,6389703,202719,,
NIKE INC,654106103,6384089,120865,,
HIGHVIEW MERGER CORP,G4569C101,6360173,632853,,HVMCW
ALTRIA GROUP INC,02209S103,6357675,96343,,
AMERICAN COASTAL INS CORP,910710102,6353483,564754,,
KRISPY KREME INC,50101L106,6348663,1872762,,
BALL CORP,058498106,6345695,107354,,BALL
THOR INDS INC,885160101,6341029,79372,,
AON PLC,G0403H108,6306153,19537,,AON
SPOTIFY TECHNOLOGY S A,L8681T102,6290253,12972,,
SELECT MED HLDGS CORP,81619Q105,6284747,385804,,
HAMILTON LANE INC,407497106,6271544,63094,,HLNE
ORCHID IS CAP INC,68571X301,6257909,890172,,
BLACKBAUD INC,09227Q100,6256712,162049,,BLKB
PITNEY BOWES INC,724479100,6241272,564821,,
TWILIO INC,90138F102,6229600,49512,,TWLO
FIRST FNDTN INC,32026V104,6225415,1055155,,
CARVANA CO,146869102,6213406,19764,,CVNA
LSI INDS INC OHIO,50216C108,6208048,333766,,
IRHYTHM HOLDINGS INC,450056106,6207852,52600,,
RAYONIER INC,754907103,6197960,300580,,RYN
KLA CORP,482480100,6184122,4200,,KLAC
VAREX IMAGING CORP,92214X106,6165174,581072,,VREX
GREEN DOT CORP,39304D102,6159410,548967,,GDOT
FIDELITY COVINGTON TRUST,316092527,6157944,137700,,
KROGER CO,501044101,6148429,84970,,KR
INSTEEL INDS INC,45774W108,6139808,182678,,
CORVEL CORP,221006109,6134462,112250,,CRVL
TD SYNNEX CORPORATION,87162W100,6124004,36299,,SNX
HUNT J B TRANS SVCS INC,445658107,6123910,28900,,
RENAISSANCERE HLDGS LTD,G7496G103,6120857,20593,,
CASTLE BIOSCIENCES INC,14843C105,6109022,248840,,CSTL
JEFFERSON CAPITAL INC,47248R103,6057738,315015,,
ISHARES TR,464288562,6041046,72600,,
RYERSON HLDG CORP,783754104,6036802,268541,,
ARK ETF TR,00214Q401,6021695,49927,,
NETEASE COM INC,64110W102,6011178,53700,,
CERIBELL INC,15678C102,5976167,326032,,
MONRO INC,610236101,5975285,372524,,
ENERPAC TOOL GROUP CORP,292765104,5969264,163676,,EPAC
MARQETA INC,57142B104,5965417,1462112,,
VISTRA CORP,92840M102,5958179,39634,,VST
PFIZER INC,717081103,5955768,212100,,PFE
SONOS INC,83570H108,5954236,444346,,SONO
KNOT OFFSHORE PARTNERS LP,Y48125101,5952290,590505,,KNOP
SAFETY INS GROUP INC,78648T100,5931201,81652,,
DISNEY WALT CO,254687106,5917250,61395,,
BEST BUY INC,086516101,5916993,92165,,
NANO NUCLEAR ENERGY INC,63010H108,5914788,288808,,NNE
GLACIER BANCORP INC NEW,37637Q105,5899656,132072,,
WINNEBAGO INDS INC,974637100,5897986,190319,,
AMBEV SA,02319V103,5891988,2017804,,
RENATUS TACTICAL ACQUIS,G7490F101,5869232,570937,,
VULCAN MATLS CO,929160109,5865342,21540,,
FOSSIL GROUP INC,34988V106,5860462,1359736,,
SPDR SERIES TRUST,78464A805,5842534,73900,,
WISDOMTREE TR,97717Y691,5837902,213686,,
ALLEGIANT TRAVEL CO,01748X102,5832530,71971,,ALGT
KARAT PACKAGING INC,48563L101,5828495,208757,,KRT
ZAI LAB LTD,98887Q104,5825890,309723,,ZLAB
TAL ED GROUP,874080104,5812344,511200,,
BW LPG LTD,Y10230103,5811707,334583,,BWLP
US FOODS HLDG CORP,912008109,5795122,62847,,
IDEA ACQUISITION CORP,G4727U126,5783407,583593,,IACOW
MYRIAD GENETICS INC,62855J104,5778225,1284050,,MYGN
TAKEDA PHARMACEUTICAL CO LTD,874060205,5772684,311700,,TKPHF
KKR REAL ESTATE FIN TR INC,48251K100,5766270,942201,,
JOHNSON OUTDOORS INC,479167108,5765752,123968,,JOUT
MOSAIC CO,61945C103,5764173,226046,,MOS
TELEKOMUNIKASI IND,715684106,5761902,308453,,
ANGLOGOLD ASHANTI PLC,G0378L100,5752418,59084,,AU
BECTON DICKINSON & CO,075887109,5748172,36559,,BDX
SUNCOKE ENERGY INC,86722A103,5733097,880660,,
AMERICAN SUPERCONDUCTOR CORP,030111207,5721192,169016,,
AMC NETWORKS INC,00164V103,5719543,842348,,
PROCEPT BIOROBOTICS CORP,74276L105,5715060,228511,,PRCT
REAL ASSET ACQUISITION CORP,G73944103,5709375,543750,,
EXTREME NETWORKS INC,30226D106,5687181,377134,,EXTR
STELLAR V CAP CORP,G8475V103,5682188,543750,,
PRAXIS PRECISION MEDICINES I,74006W207,5669900,17598,,
SOUTHSTATE BK CORP,84472E102,5664259,61222,,
TELOS CORP MD,87969B101,5663099,1351575,,
CEVA INC,157210105,5656939,302834,,CEVA
COMMUNITY FINANCIAL SYSTEM I,203607106,5651807,96365,,
CORTEVA INC,22052L104,5650425,67500,,
GULFPORT ENERGY CORP,402635502,5642572,26670,,GPOR
ELME COMMUNITIES,939653101,5631039,2801512,,ELME
SPRING VY ACQUISITION CORP I,G8377R101,5629351,554070,,
PEABODY ENGR CORP,704551100,5621402,170604,,
GLOBA TERRA ACQUISITION COR,G3933N116,5620967,551616,,
GORES HLDGS X INC,G4002F109,5615811,548419,,
QCR HLDGS INC,74727A104,5614834,65709,,
EUROSEAS LTD,Y23592135,5613194,83967,,ESEA
VILLAGE FARMS INTL INC,92707Y108,5609151,1975053,,
SPDR GOLD TR,78463V107,5593770,13000,CALL,
PACER FDS TR,69374H857,5586315,124500,,
WW GRAINGER INC,384802104,5584947,5120,,
MOUNTAIN LAKE ACQUISIT CORP,G6301L109,5580245,567675,,
OSISKO DEVELOPMENT CORP,68828E809,5574491,1715228,,
CAMDEN NATL CORP,133034108,5569112,117368,,
DIGITAL ASSET ACQUISITION CO,G2868C103,5568000,543750,,
TITAN INTL INC ILL,88830M102,5564754,805319,,
PRIMIS FINANCIAL CORP,74167B109,5556033,418376,,FRST
EGH ACQUISITION CORP.,G2946P100,5551688,543750,,EGHAU
LIVE OAK ACQUISITION CORP V,G5509P102,5547360,533400,,
EYEPOINT INC,30233G209,5546760,430315,,
FIRST FINL BANKSHARES INC,32020R109,5546672,188342,,
GARRETT MOTION INC,366505105,5545429,305197,,GTX
TETRA TECH INC NEW,88162G103,5535002,183765,,TTEK
INVESCO EXCHANGE TRADED FD T,46137V563,5526050,258000,,
ARCUTIS BIOTHERAPEUTICS INC,03969K108,5520273,234307,,
PERIMETER ACQUISITION CORP I,G7010A129,5512790,537309,,
ISHARES TR,464287390,5512704,155200,,
ANNALY CAPITAL MANAGEMENT IN,035710839,5490540,259600,,
DAVE INC,23834J201,5490276,31537,,
GILAT SATELLITE NETWORKS LTD,M51474118,5486010,365247,,GILT
HELMERICH & PAYNE INC,423452101,5479298,152076,,
PRIME MEDICINE INC,74168J101,5473382,1572811,,
AVINO SILVER & GOLD MINES LT,053906103,5457244,863488,,
MCKINLEY ACQUISITION CORP,G6005T101,5453813,543750,,MKLYR
WHITESTONE REIT,966084204,5452159,337595,,
NEW AMER ACQUISITION I CORP,023634108,5442938,543750,,
TARGET CORP,87612E106,5441880,44900,CALL,TGT
STANDARD MTR PRODS INC,853666105,5441326,156630,,
INFINITE EAGLE ACQUISITION C,G4802J103,5437500,543750,,
GALATA ACQUISITION CORP II,G3R25N108,5432063,543750,,
CARDINAL INFRASTRUCTURE GROU,14154A102,5427183,136860,,
KARBON CAP PARTNERS CORP,G5225W100,5424211,539186,,
NORTHRIM BANCORP INC,666762109,5412607,236565,,NRIM
NUTANIX INC,67059NAK4,5409060,6000000,,
APEX TREAS CORP,G04104108,5404875,543750,,
CRANE HBR ACQUISITION CORP I,G25014104,5388563,543750,,
FIRSTENERGY CORP,337932107,5387590,106348,,FE
LIONHEART HOLDINGS,G5501C109,5380000,500000,,CUBWW
MESHFLOW ACQUISITION CORP,G6032N101,5377688,543750,,MESHW
ZENAS BIOPHARMA INC,98937L105,5377345,275056,,
ASGN INC,00191U102,5369000,138698,,
MCKESSON CORP,58155Q103,5363501,6198,,MCK
KRAKACQUISITION CORPORATION,G5315G106,5361375,543750,,KRAQW
SIM ACQUISITION CORP. I,G8431T101,5360000,500000,,SIMAW
CENTURY THERAPEUTICS INC,15673T100,5359432,2371430,,
INDIVIOR PHARMACEUTICALS INC,45579U109,5357378,175767,,
PHATHOM PHARMACEUTICALS INC,71722W107,5356531,482136,,
GRAF GLOBAL CORP,G4036C106,5355000,500000,,TONT-WT
DXC TECHNOLOGY CO,23355L106,5345682,425273,,DXC
CSLM DIGITA ASSET ACQ CORP I,G2584S101,5343780,532249,,
CORNING INC,219350105,5341853,39287,,
ARTESIAN RES CORP,043113208,5333760,167465,,
HAWAIIAN ELEC INDS INC MTN B,419870100,5316890,358281,,
LAUNCH TWO ACQUISITION CORP.,G5S87A105,5310000,500000,,LPBBU
CORPAY INC,219948106,5301547,18219,,
VINE HILL CAP INVT CORP.,G93Y09107,5296962,481542,,
ISHARES TR,464287697,5294616,45600,,
DOUBLEVERIFY HLDGS INC,25862V105,5285905,556411,,
ALDEL FINL II INC,G01558108,5280000,500000,,
CLEAR CHANNEL OUTDOOR HLDGS,18453H106,5266958,2222345,,
PLUM ACQUISITION CORP IV,G7134A104,5263495,498437,,
N-ABLE INC,62878D100,5243747,1122858,,
IMPERIAL OIL LTD,453038408,5232800,40000,,IMO
HYATT HOTELS CORP,448579102,5230936,36379,,H
INVESCO EXCH TRADED FD TR II,46138E586,5223297,43900,,
DARDEN RESTAURANTS INC,237194105,5215056,26602,,DRI
NVE CORP,629445206,5214455,79610,,
ULTRAPAR PARTICIPACOES SA,90400P101,5213127,946121,,
AMPLIFY ETF TR,032108409,5207085,116100,,
UNIVERSAL HEALTH RLTY INCOME,91359E105,5205858,128635,,
STERLING INFRASTRUCTURE INC,859241101,5204096,12778,,
NORTHEAST BK PORTLAND ME,66405S100,5201045,46285,,
WORLD ACCEP CORPORATION,981419104,5168656,38275,,
REDDIT INC,75734B100,5143630,38200,,
OGE ENERGY CORP,670837103,5140736,107188,,OGE
DAUCH CORP,024061103,5132694,865547,,DCH
LEXINFINTECH HLDGS LTD,528877103,5125592,2351189,,
FULGENT GENETICS INC,359664109,5122805,322189,,
MAXLINEAR INC,57776J100,5122329,294556,,
GORMAN RUPP CO,383082104,5117710,82371,,GRC
ENERGIZER HLDGS INC,29272W109,5099888,310590,,
BANCORP INC DEL,05969A105,5078237,94514,,
CHIME FINL INC,16935C109,5065697,270459,,
SOLARIUS CAPITAL ACQU CORP,G82617104,5056127,497161,,
INVESCO EXCHANGE TRADED FD T,46137V308,5051519,38488,,
CACI INTL INC,127190304,5043307,9273,,
HOME DEPOT INC,437076102,5032017,15300,CALL,
JACKSON ACQUISITION CO II,G4992A110,5028354,474821,,JACS-RI
LUCID GROUP INC,549498202,5015639,526300,PUT,
NOVAVAX INC,670002401,5004464,614799,,NVAX
CERUS CORP,157085101,4995938,2745021,,CERS
HARTFORD INSURANCE GROUP INC,416515104,4978898,36818,,
UFP INDUSTRIES INC,90278Q108,4972730,53981,,UFPI
GLOBAL X FDS,37954Y442,4947150,253700,,
ALLIANT ENERGY CORP,018802108,4946991,68938,,LNT
OPTION CARE HEALTH INC,68404L201,4946146,183735,,
ACADIA HEALTHCARE COMPANY IN,00404A109,4940342,211216,,
ALASKA AIR GROUP INC,011659109,4924768,133898,,
PINNACLE WEST CAP CORP,723484AK7,4923500,4300000,,
VICTORY PORTFOLIOS II,92647N568,4923308,52000,,
RIOT PLATFORMS INC,767292105,4896154,396129,,
INDEPENDENT BK CORP MASS,453836108,4895043,65085,,
ATMUS FILTRATION TECHNOLOGIE,04956D107,4880403,85968,,
FACT II ACQUISITION CORP,G32901103,4879644,464728,,FACTW
UPSTART HLDGS INC,91680MAD9,4873000,5000000,,
PROASSURANCE CORP,74267C106,4862375,196698,,
NWPX INFRASTRUCTURE INC,667746101,4858698,62403,,
ALTO NEUROSCIENCE INC,02157Q109,4857906,216099,,
FREQUENCY ELECTRS INC,358010106,4846160,109493,,
FRESENIUS MEDICAL CARE AG,358029106,4836277,214374,,FMCQF
BANK FIRST CORP,06211J100,4825289,35727,,BFC
KELLY SVCS INC,488152208,4821170,544765,,
M EVO GBL ACQUISITION CORP I,G6071J102,4815440,489374,,
COLONY BANKCORP INC,19623P101,4807837,240753,,CBAN
KONTOOR BRANDS INC,50050N103,4807695,68398,,
MOOG INC,615394202,4801344,16407,,MOG-B
FIGX CAP ACQUISITION CORP.,G3473K100,4800976,474874,,
DOORDASH INC,25809K105,4796842,31947,,
COUPANG INC,22266T109,4795520,254000,,
ADVISORS INNER CIRCLE FD III,00775Y645,4794867,122100,,
INTERNATIONAL BUSINESS MACHS,459200101,4794717,19781,,
AFYA LTD,G01125106,4792393,322286,,AFYA
EMERGENT BIOSOLUTIONS INC,29089Q105,4790162,577128,,EBS
DOCEBO INC,25609L105,4785592,273932,,DCBO
BLUELINX HLDGS INC,09624H208,4783335,88286,,
SHENANDOAH TELECOMMUNICATION,82312B106,4782883,310174,,
NAVIOS MARITIME PARTNERS LP,Y62267409,4779001,70821,,
FIRST CTZNS BANCSHARES INC D,31946M103,4768190,2530,,
FIDUS INVT CORP,316500107,4768011,273709,,
ELECTROMED INC,285409108,4766276,203600,,
AXON ENTERPRISE INC,05464C101,4756528,11200,CALL,
HENRY JACK & ASSOC INC,426281101,4741200,30000,,
COLOMBIER ACQUISITION CORP I,G2284A103,4740765,471249,,
CNO FINL GROUP INC,12621E103,4729332,115181,,
AQUESTIVE THERAPEUTICS INC,03843E104,4728527,1139404,,
BADGER METER INC,056525108,4721784,30993,,BMI
AMPLITUDE INC,03213A104,4717128,691661,,
MOZAYYX ACQUISITION CORP,G63113123,4702236,473062,,MZYX-UN
GESHER ACQUISITION CORP. II,G3852D107,4694365,453124,,GSHRW
WEIBO CORP,948596101,4691645,536188,,WEIBF
MAGNITE INC,55955D100,4690889,394856,,
WISDOMTREE TR,97717W604,4682982,130300,,
DUNE ACQUISITION CORP II,G2867S109,4680771,453124,,
RICHTECH ROBOTICS INC,765504105,4677380,2237981,,RR
CROCS INC,227046109,4669626,56247,,
FRONTDOOR INC,35905A109,4662516,88205,,
ATLANTIC UN BANKSHARES CORP,04911A107,4657923,130328,,
REGENXBIO INC,75901B107,4649995,554892,,RGNX
ALDABRA 4 LQDTY OPP VEH INC,G01900102,4645469,473062,,
WARBY PARKER INC,93403J106,4639804,220209,,WRBY
PACIFIC BIOSCIENCES CALIF IN,69404D108,4632689,3509613,,
OAKTREE ACQUISITION CORP III,G6717R104,4628750,437500,,
REALTY INCOME CORP,756109104,4616276,75454,,O
TAKE-TWO INTERACTIVE SOFTWAR,874054109,4608465,23334,,
UNDER ARMOUR INC,904311107,4598861,778149,,
PAYCHEX INC,704326107,4585918,49782,,PAYX
SYNAPTICS INC,87157D109,4585519,65470,,SYNA
LENZ THERAPEUTICS INC,52635N103,4584123,500997,,
FIRST CMNTY CORP S C,319835104,4578236,156628,,
ACV AUCTIONS INC,00091G104,4575660,1079165,,ACVA
FIRST BUSEY CORP,319383204,4568589,180791,,
WEYERHAEUSER CO,962166104,4556684,186520,,WY
FORTRESS VALUE ACQU CORP V,G3645T104,4544834,453124,,
HCM IV ACQUISITION CORP,G4365S128,4544834,453124,,HACQU
BLEICHROEDER ACQUISITI CORP,G1170E104,4540302,453124,,
AVERIN CAP ACQUISITION CORP,G0679A126,4531240,453124,,
TFS FINL CORP,87240R107,4529495,322384,,
EA SERIES TRUST,02072L532,4523471,178300,,
ALUSSA ENERGY ACQUISIT CORP,G0233J100,4522178,453124,,
PANGAEA LOGISTICS SOLUTION L,G6891L105,4509096,636878,,
DIGITAL TURBINE INC,25400W102,4471459,1552590,,
MARAVAI LIFESCIENCES HLDGS I,56600D107,4470947,1579840,,
LAFAYETTE DIGITAL ACQUISITIO,G5345D107,4467803,453124,,
RUNWAY GROWTH FINANCE CORP,78163D100,4434441,645479,,RWAYI
OPORTUN FINL CORP,68376D104,4433165,961641,,
PROSHARES TR,74347B680,4432833,51300,,
MINERALS TECHNOLOGIES INC,603158106,4416047,62268,,MTX
FORESTAR GROUP INC,346232101,4409978,180441,,FOR
LIBERTY LATIN AMERICA LTD,G9001E128,4402556,499156,,LILAP
ZOOMINFO TECHNOLOGIES INC,98980F104,4397196,735317,,GTM
PEMBINA PIPELINE CORP,706327103,4390016,98079,,PMBPF
INSPIRE MED SYS INC,457730109,4389252,85096,,
F5 INC,315616102,4376695,15127,,
LENNOX INTL INC,526107107,4375354,9427,,
PUBMATIC INC,74467Q103,4371793,534449,,
EXCELERATE ENERGY INC,30069T101,4362714,130542,,
ARRAY TECHNOLOGIES INC,04271T100,4356502,602559,,
FIDELITY COVINGTON TRUST,316092204,4355242,46700,,
LUXFER HLDGS PLC,G5698W116,4349880,357133,,
CELLDEX THERAPEUTICS INC NEW,15117B202,4346116,137015,,
J P MORGAN EXCHANGE TRADED F,46641Q738,4344326,45400,,
ASTEC INDS INC,046224101,4341927,80645,,
TERADATA CORP DEL,88076W103,4336160,169183,,
TRUPANION INC,898202106,4335107,169274,,
SWEETGREEN INC,87043Q108,4334984,835257,,
COGNYTE SOFTWARE LTD,M25133105,4332358,534859,,CGNT
SEALED AIR CORP NEW,81211K100,4326945,102900,,
VAIL RESORTS INC,91879Q109,4323999,33697,,MTN
NKARTA INC,65487U108,4319963,2047376,,
SILVERBOX CORP V,G8148S107,4315190,434999,,SBXE-WT
ACCO BRANDS CORP,00081T108,4304808,1434936,,ACCO
AMALGAMATED FINANCIAL CORP,022671101,4300110,110628,,AMAL
APPLOVIN CORP,03831W108,4298400,10800,CALL,APP
CARTERS INC,146229109,4298388,120201,,CRI
NANO DIMENSION LTD,63008G203,4297413,2527890,,NNDM
SIDDHI ACQUISITION CORP,G8118C124,4284619,415579,,
EQUIPMENTSHARE COM INC,29445S100,4278922,210060,,
BARRETT BUSINESS SVCS INC,068463108,4266729,146221,,
PORCH GROUP INC,733245104,4256062,593593,,
FORTREA HLDGS INC,34965K107,4253300,451518,,
TRIPLEPOINT VENTURE GROWTH B,89677Y100,4246186,850939,,
CONSTELLATION ENERGY CORP,21037T109,4244600,15200,CALL,CEG
DOUGLAS EMMETT INC,25960P109,4225284,448544,,DEI
ORIX CORP,686330101,4221272,140756,,ORXCF
NORTH AMERN CONSTR GROUP LTD,656811106,4217528,312873,,
CNB FINL CORP PA,126128107,4210755,145399,,
NOVARTIS AG,66987V109,4204902,27528,,NVSEF
ZETA GLOBAL HOLDINGS CORP,98956A105,4204010,264071,,ZETA
CANADIAN IMPERIAL BANK OF CO,136069101,4187950,44200,,
PERSPECTIVE THERAPEUTICS INC,46489V302,4184487,1003474,,
PENNYMAC FINL SVCS INC NEW,70932M107,4179818,47824,,
ARKO PETE CORP,04124A100,4176206,233438,,
M-TRON INDS INC,55380K109,4175652,62463,,
DIEBOLD NIXDORF INC,253651202,4162553,55177,,
FATE THERAPEUTICS INC,31189P102,4160143,3466786,,FATE
AVIDIA BANCORP INC,05369T100,4152770,211122,,
PROSHARES TR II,74347Y680,4151836,79385,,
GENPACT LIMITED,G3922B107,4142759,111215,,
STOCK YDS BANCORP INC,861025104,4140341,62458,,
ONEIM ACQUISITION CORP,G6S74K106,4137015,415363,,OIMAU
CALEDONIA MNG CORP,G1757E113,4133383,182974,,
BANKWELL FINL GROUP INC,06654A103,4127596,85070,,
COMMERCIAL VEH GROUP INC,202608105,4126195,1210028,,
CHOICEONE FINANCIA,170386106,4124613,146679,,
SSR MINING IN,784730103,4118411,140082,,
BLOCK INC,852234103,4116312,68400,,
VANGUARD SCOTTSDALE FDS,92206C649,4113612,24600,,
IQIYI INC,46267X108,4112505,3046300,,
ERIE INDTY CO,29530P102,4096102,16299,,
D BORAL ACQUISITION I CORP,G2616T101,4095479,415363,,
GILDAN ACTIVEWEAR INC,375916103,4085712,73418,,GIL
OCUGEN INC,67577C105,4074820,2251282,,
ORION S.A.,L72967109,4048122,622788,,OEC
DAEDALUS SPL ACQUISITION COR,G2616C108,4041417,407812,,
SIMPSON MFG INC,829073105,4037017,23523,,
CANTOR EQUITY PARTNERS V INC,G1828S109,4027375,398750,,
LINDBLAD EXPEDITIONS HLDGS I,535219109,4022008,232486,,
ARMADA ACQUISITION CORP III,G0R38M101,4021026,407812,,
CAREDX INC,14167L103,4020576,231600,,
NVR INC,62944T105,4019796,610,,NVR
CHENGHE ACQUISITION III CO,G2086N105,4019400,398750,,CHECU
LOEWS CORP,540424108,4018548,37648,,L
KEROS THERAPEUTICS INC,492327101,4016738,363835,,
PREFORMED LINE PRODS CO,740444104,4011703,14817,,
HERITAGE COMM CORP,426927109,3989968,319709,,
SOLARIS RES INC,83419D201,3982184,464124,,
REPUBLIC BANCORP INC KY,760281204,3977962,56385,,
GIGCAPITAL8 CORP,G3864J100,3975538,398750,,GIWWR
NEUMORA THERAPEUTICS INC.,640979100,3971549,2036692,,
FRP HLDGS INC,30292L107,3971286,181503,,
IDEAYA BIOSCIENCES INC,45166A102,3968945,119116,,
TRANSALTA CORP,89346D107,3960654,302340,,TRNTF
BTC DEV CORP,G0701G109,3960426,396439,,
WEALTHFRONT CORP,947002101,3956419,427721,,WLTH
NIO INC,62914VAK2,3955000,4000000,,NIOIF
SEMPRA,816851109,3943644,40585,,SREA
NEWBURY STR II ACQUISITION C,G6439S109,3941250,375000,,
SOREN ACQUISITION CORP,G8274J103,3939650,398750,,SORNU
NEXTERA ENERGY INC,65339F101,3937090,42389,,NEE-PS
SIMON PPTY GROUP INC NEW,828806109,3936156,21102,,
ROCKET PHARMACEUTICALS INC,77313F106,3929490,1097623,,
TRINET GROUP INC,896288107,3927154,107800,,
WATERS CORP,941848103,3923217,13174,,
GIGCAPITAL9 CORP,G3865B114,3919713,398750,,GIXXR
ART TECHNOLOGY ACQUISITION C,G0579E103,3907750,398750,,
PRAETORIAN ACQUISITION CORP,G7S17G103,3907750,398750,,PTORW
NATHANS FAMOUS INC,632347100,3904194,38759,,
KOSMOS ENERGY LTD,500688AH9,3897700,5000000,,KOS
STEALTHGAS INC,Y81669106,3896304,424434,,GASS
TYRA BIOSCIENCES INC,90240B106,3891969,101618,,
COHERUS ONCOLOGY INC,19249H103,3890382,2302001,,
MIDLAND STATES BANCORP INC,597742105,3883903,174088,,
AEGON LTD,0076CA104,3866589,532588,,AEFC
FIRST INTST BANCSYSTEM INC,32055Y201,3864848,115714,,
METHODE ELECTRS INC,591520200,3863718,699949,,
METLIFE INC,59156R108,3862231,54613,,MET-PF
PENNANT GROUP INC,70805E109,3861267,126682,,
MILLER INDS INC TENN,600551204,3850387,84531,,
LEGENCE CORP,52476L109,3837869,67975,,LGN
KRAFT HEINZ CO,500754106,3830047,170300,,KHC
TAVIA ACQUISITION CORP,G86880104,3828000,362500,,TAVIR
EDITAS MEDICINE INC,28106W103,3826186,1549063,,
D-WAVE QUANTUM INC,26740W109,3825581,265113,,QBTS
VIEMED HEALTHCARE INC,92663R105,3807359,413394,,
HENNESSY CAP INVTS CORP VIII,G44055112,3806250,380625,,
CAPITAL CITY BANK,139674105,3802142,87486,,
SCHNEIDER NATIONAL INC,80689H102,3801217,144204,,
EVOLUTION GLOBAL ACQUISITION,G3226F101,3794831,380625,,
KODIAK SCIENCES INC,50015M109,3791720,99468,,KOD
QUALCOMM INC,747525103,3791283,29440,,
TRAVERE THERAPEUTICS INC,89422GAA5,3782400,3000000,,
TWFG INC,87318A101,3773867,205213,,
BITFARMS LTD,09173B107,3766909,1931748,,
VICI PPTYS INC,925652109,3760980,137664,,
SEMTECH CORP,816850101,3760613,48909,,SMTC
NAVITAS SEMICONDUCTOR CORP,63942X106,3754104,428062,,NVTS
NATURES SUNSHINE PRODS INC,639027101,3750501,156336,,
INGRAM MICRO HLDG CORP,457152106,3740929,160486,,
ALPS ETF TR,00162Q395,3726648,85200,,
SABINE RTY TR,785688102,3718858,49361,,
LIQUIDITY SVCS INC,53635B107,3712115,121430,,
KENNEDY-WILSON HOLDINGS INC,489398107,3711574,343029,,
AXT INC,00246W103,3709398,65100,,AXTI
J P MORGAN EXCHANGE TRADED F,46641Q126,3706197,77100,,
PUBLIC STORAGE OPER CO,74460D109,3705638,13680,,
JAZZ PHARMACEUTICALS PLC,G50871105,3705380,19600,,JAZZ
AH RLTY TR INC,04208T108,3698272,672413,,
ODDITY TECH LTD,M7518J104,3697951,276379,,ODD
SILVER PEGASUS ACQUISITION C,G8192J102,3690250,362500,,
CRESCENT CAP BDC INC,225655109,3688181,303554,,
LG DISPLAY CO LTD,50186V102,3651130,941013,,
WAYSTAR HLDG CORP,946784105,3641333,151030,,
KENSINGTON CAP ACQUIST CORP,G5235S123,3639500,362500,,
G III APPAREL GROUP LTD,36237H101,3634905,131224,,
HOMEBANCORP INC,43689E107,3634800,60000,,
ARKO CORP,041242108,3633416,653492,,ARKO
MILLERKNOLL INC,600544100,3632858,251235,,
RANGE CAP ACQUISITION CORP I,G7375J103,3625000,362500,,
OPPENHEIMER HLDGS INC,683797104,3623879,40631,,
TANGO THERAPEUTICS INC,87583X109,3621921,173132,,
LEGATO MERGER CORP IV,G7318R121,3617750,362500,,
TELEPHONE & DATA SYS INC,879433829,3616390,85900,,
SAFEGUARD ACQUISITION CORP,G77676107,3610500,362500,,SAC-WT
SPACE ASSET ACQUISITION CORP,G8375S101,3610500,362500,,SAAQU
TRG LATIN AMER ACQUIS CORP,G9037S125,3606875,362500,,
WISDOMTREE INC,97717PAD6,3603434,2712000,,
ABONY ACQUISITION CORP I,G00582125,3599625,362500,,
VIKING ACQUISITION CORP I,G9582G104,3599625,362500,,VACI-WT
TIDAL TRUST I,886364801,3597552,74700,,
BITCOIN INFRASTRUCTURE ACQUI,G1143H101,3596000,362500,,
ILLUMINATION ACQUISITIO CORP,G470AU126,3596000,362500,,
HASBRO INC,418056107,3594240,38400,,
GENERAL PURP ACQUISITION COR,G3810N106,3592375,362500,,
PVH CORPORATION,693656100,3591454,51483,,
AMERICAN DRIVE ACQUISITION C,G0R91M105,3588750,362500,,
ITHAX ACQUISITION CORP III,G4977S102,3588750,362500,,ITHAW
LAUNCHPAD CADENZA ACQU CORP,G6001S107,3588750,362500,,
VINE HILL CAP INVTS CORP II,G9709D109,3588750,362500,,
ACTIVATE ENERGY ACQUISIT COR,G0081J103,3585125,362500,,
SILICON VY ACQUISITION CORP,G81306121,3585125,362500,,
CAMBRIDGE ACQUISITION CORP,G1871M108,3577875,362500,,CAQUW
SPRING VY ACQUISITION CORP I,G8377G105,3577875,362500,,
FG IMPERII ACQUISITION CORP,G3R41C102,3574250,362500,,FGIIU
IRON HORSE ACQUISIT II CORP,46283H103,3574250,362500,,
MADISON SQUARE GRDN SPRT COR,55825T103,3569790,11107,,
NETSKOPE INC,64119N608,3568092,420270,,NTSK
X3 ACQUISITION CORP LTD,G9831H101,3567000,362500,,
XSOLLA SPAC 1,G9833K102,3563375,362500,,XSLLW
UNITED FIRE GROUP INC,910340108,3563171,96146,,UFCS
PHARVARIS N V,N69605108,3561647,126076,,
CHARLES RIV LABS INTL INC,159864107,3557468,20623,,
ANDRETTI ACQUISITION CORP II,G26745102,3547712,333275,,
ABERCROMBIE & FITCH CO,002896207,3547440,38825,,
NORDIC AMERICAN TANKERS LIMI,G65773106,3545980,605116,,
VERASTEM INC,92337C203,3535153,667010,,
GATX CORP,361448103,3530050,20675,,GATX
ONE LIBERTY PPTYS INC,682406103,3526028,164307,,
FIRST TR EXCHANGE-TRADED FD,33733E500,3522426,75800,,
PLATINUM GROUP METALS LTD,72765Q882,3515158,1985965,,PLG
AMNEAL PHARMACEUTICALS INC,03168L105,3513675,282677,,
INDUSTRIAL LOGISTICS PPTYS T,456237106,3508360,617669,,
RANGE CAP ACQUISITION CORP,G7375C108,3492378,332291,,
CALIFORNIA WTR SVC GROUP,130788102,3490092,76976,,
GOLDEN ENTMT INC,381013101,3486435,130627,,
US BANCORP,902973304,3484826,67003,,
HUNTINGTON INGALLS INDS INC,446413106,3474186,9145,,
ASHLAND INC,044186104,3467951,62362,,ASH
ARDAGH METAL PACKAGING S A,L02235106,3460984,854564,,
BIO-TECHNE CORP,09073M104,3454386,66100,,TECH
SANA BIOTECHNOLOGY INC,799566104,3451908,1198579,,
EMPIRE ST RLTY TR INC,292104106,3447408,662963,,
MEDIFAST INC,58470H101,3445830,338158,,MED
MBX BIOSCIENCES INC,55287L101,3434989,115075,,
FARMERS NATIONAL BANC CORP,309627107,3426022,260336,,
VANGUARD WELLINGTON FD,921935409,3424011,25700,,
ANIKA THERAPEUTICS INC,035255108,3423740,236120,,
LIBERTY ALL STAR EQUITY FD,530158104,3422152,616604,,
ETSY INC,29786A106,3420331,68434,,ETSY
MISTRAS GROUP INC,60649T107,3418983,231325,,
ALLIENT INC,019330109,3416288,57815,,ALNT
CAMPING WORLD HLDGS INC,13462K109,3416175,500172,,
MIDDLESEX WTR CO,596680108,3410160,65517,,
YORK WTR CO,987184108,3404523,111807,,
QDRO ACQUISITION CORP,G7310E128,3396236,342708,,QADRU
NAPCO SEC TECHNOLOGIES INC,630402105,3395418,86200,,
WISDOMTREE TR,97717W851,3393612,21400,,
WATTS WATER TECHNOLOGIES INC,942749102,3392039,11685,,WTS
DILLARDS INC,254067101,3384031,5915,,
MAPLEBEAR INC,565394103,3382638,90300,,CART
A PARADISE ACQUISITION CORP,G04819101,3380701,332419,,
ENANTA PHARMACEUTICALS INC,29251M106,3376807,267364,,ENTA
NMP ACQUISITION CORP,G6375X104,3376077,332291,,NMPAR
SPARTACUS ACQUISITION CORP I,G8303R126,3374674,336458,,
INVESCO EXCH TRADED FD TR II,46138G615,3367080,56400,,
INDIGO ACQUISITION CORP,G4791J106,3366108,332291,,INACR
GENTEX CORP,371901109,3365621,154033,,GNTX
FILANA THERAPEUTICS INC,14817C107,3361096,1988814,,
CARIBOU BIOSCIENCES INC,142038108,3343875,1759934,,
GRAIL INC,384747101,3343024,64687,,
YUM BRANDS INC,988498101,3342354,21497,,YUM
USA TODAY CO INC,36472T109,3341023,473904,,
VOYA FINANCIAL INC,929089100,3340848,48900,,
DICKS SPORTING GOODS INC,253393102,3331272,16800,CALL,
ENBRIDGE INC,29250N105,3327715,61465,,ENBNF
TKO GROUP HOLDINGS INC,87256C101,3327225,16500,,
FERMI INC,314911108,3323252,569050,,FRMI
GENWORTH FINL INC,37247D106,3317832,408600,,
TAYSHA GENE THERAPIES INC,877619106,3317102,742081,,
DRDGOLD LIMITED,26152H301,3307062,112600,,
CAPITAL GROUP GROWTH ETF,14020G101,3283523,81700,,
TILLYS INC,886885102,3282561,810509,,
BROOKFIELD ASSET MANAGMT LTD,113004105,3279254,73774,,
PENGUIN SOLUTIONS INC,706915105,3277736,186235,,
NET LEASE OFFICE PROPERTIES,64110Y108,3277693,284522,,NLOP
APARTMENT INVT & MGMT CO,03748R747,3275878,804884,,
LINEAGE INC,53566V106,3274002,99939,,
E L F BEAUTY INC,26856L103,3272273,53989,,
COLUMBUS CIRCLE CAP CORP II,G2296M103,3266421,332291,,
ENERGY SERVICES OF AMER CORP,29271Q103,3264919,248661,,
EMBRAER S.A.,29082A107,3251832,54800,,EMBJ
SONOCO PRODS CO,835495102,3250376,60092,,
PALO ALTO NETWORKS INC,697435105,3241991,20222,,PANW
HALL CHADWICK ACQUISITION CO,G42386105,3239663,326250,,
SATELLOGIC INC,80401C100,3234755,594624,,SATLW
WHITEHORSE FIN INC,96524V106,3223233,435572,,
MSC INDL DIRECT INC,553530106,3218193,34878,,
BORGWARNER INC,099724106,3216587,59281,,BWA
SPDR SERIES TRUST,78464A771,3206080,23300,,
ICON PLC,G4705A100,3201836,28934,,ICLR
ENVISTA HOLDINGS CORPORATION,29415F104,3199157,126100,,NVST
UROGEN PHARMA LTD,M96088105,3198660,177901,,URGN
CELLEBRITE DI LTD,M2197Q107,3195885,231922,,CLBT
FUTUREFUEL CORP,36116M106,3188089,828075,,FF
ALX ONCOLOGY HLDGS INC,00166B105,3183605,1587833,,
HOLLEY INC,43538H103,3180529,1036003,,HLLY
BILL HOLDINGS INC,090043100,3178287,82984,,
CRINETICS PHARMACEUTICALS IN,22663K107,3170700,87299,,
BLACKLINE INC,09239B109,3168125,85625,,
TOWNEBANK PORTSMOUTH VA,89214P109,3166495,94045,,
PAYSIGN INC,70451A104,3160406,535662,,
PRELUDE THERAPEUTICS INC,74065P101,3158801,923626,,PRLD
XEROX HOLDINGS CORP,98421MAE6,3154678,11833000,,XRXDW
MITEK SYS INC,606710200,3147768,233168,,
DYNAMIX CORP III,G2949T109,3146495,317187,,DNMXW
FIRST TR EXCHANGE TRADED FD,33741X102,3138628,79600,,
PHOTRONICS INC,719405102,3133270,77537,,PLAB
MUZERO ACQUISITION CORP,G8775A106,3127464,317187,,MUZEU
ATEGRITY SPECIALTY IN CO HO,04681Y103,3125459,158091,,
HARBOR ETF TRUST,41151J406,3119400,112500,,
AMTECH SYS INC,032332504,3116878,266856,,
INVESCO EXCHANGE TRADED FD T,46137V274,3114624,38400,,
INFLECTION PT ACQUISIT CORP,G4790S123,3111900,307500,,
BETA TECHNOLOGIES INC,086921103,3101509,210987,,
KALVISTA PHARMACEUTICALS INC,483497103,3089130,153459,,
TALEN ENERGY CORP,87422Q109,3086635,9669,,TLN
UNUSUAL MACHS INC,91532F102,3085207,248807,,
CIVEO CORP CDA,17878Y207,3084495,116572,,
CHIRON REAL ESTATE INC,37954A303,3080873,93134,,XRN-PB
BRIDGEWATER BANCSHARES INC,108621103,3074667,173710,,BWBBP
LENDINGTREE INC,52603B107,3063476,71443,,
BIO RAD LABS INC,090572207,3062905,10988,,
ECOVYST INC,27923Q109,3060719,238003,,ECVT
BUTTERFLY NETWORK INC,124155102,3059112,757206,,
VALMONT INDS INC,920253101,3052715,7640,,
DONEGAL GROUP INC,257701201,3051890,177642,,DGICB
HELIX ENERGY SOLUTIONS GRP I,42330P107,3049512,308343,,
RADWARE LTD,M81873107,3048751,115834,,RDWR
BLACKSTONE MORTGAGE TRUST IN,09257W100,3045348,159026,,
ISHARES TR,464287879,3044165,25700,,
SPS COMM INC,78463M107,3043813,54676,,
DOLLAR TREE INC,256746108,3039998,27760,,
PALMER SQUARE CAPITAL BDC IN,69702V107,3038001,310952,,
NEXTPOWER INC,65290E101,3037860,25200,CALL,NXT
LIVANOVA PLC,G5509L101,3033528,47727,,LIVN
OMEROS CORP,682143102,3025165,286474,,OMER
H WORLD GROUP LTD,44332N106,3020820,60068,,HWLDF
FIRST FINANCIAL CORPORATION,320218100,3018748,47765,,
CALERES INC,129500104,3010224,285600,,CAL
MICROVAST HOLDINGS INC,59516C106,3010032,2006688,,
GOGO INC,38046C109,3003262,747080,,GOGO
WABASH NATL CORP,929566107,2996088,347574,,
COVENANT LOGISTICS GROUP INC,22284P105,2987233,110027,,
VANECK ETF TRUST,92189F205,2983825,32500,,
EGAIN CORP,28225C806,2983359,378119,,EGAN
COTY INC,222070203,2979996,1482585,,COTY
LINCOLN ELEC HLDGS INC,533900106,2954587,11862,,
BANK MONTREAL MEDIUM,063671101,2950412,21800,,
BURKE HERBERT FINL SVCS CORP,12135Y108,2945383,47285,,
PROG HOLDINGS INC,74319R101,2933495,102248,,
NISOURCE INC,65473P105,2924789,62683,,NI
KITE REALTY GROUP TRUST,49803T300,2914085,118700,,KRG
FIRST HORIZON CORPORATION,320517105,2912665,127973,,FHN-PH
EXZEO GROUP INC,30234F101,2910953,198429,,
KURA ONCOLOGY INC,50127T109,2910174,357955,,
ARROW FINL CORP,042744102,2904376,86517,,
ZIMMER BIOMET HOLDINGS INC,98956P102,2889823,31960,,
BLUE RIDGE BANKSHARES INC VA,095825105,2887345,687463,,
BEL FUSE INC,077347300,2887340,14584,,
APPIAN CORP,03782L101,2870681,119066,,APPN
LIVE NATION ENTERTAINMENT IN,538034109,2867188,18800,,
TERNS PHARMACEUTICALS INC,880881107,2866176,54366,,
COMMERCIAL BANCGROUP INC,20112C106,2855279,109734,,
NATWEST GROUP PLC,639057207,2852143,191419,,RBSPF
VANGUARD INDEX FDS,922908363,2847326,4765,,
ONESPAN INC,68287N100,2841615,269859,,OSPN
RELMADA THERAPEUTICS INC,75955J402,2840341,408095,,
PLIANT THERAPEUTICS INC,729139105,2838954,2253138,,
BIGLARI HLDGS INC,08986R309,2832826,8595,,
CASS INFORMATION SYS INC,14808P109,2831719,64328,,
SOUTHERN MO BANCORP INC,843380106,2827874,44227,,
ALEXANDRIA REAL ESTATE EQ IN,015271109,2825585,60870,,
POWER SOLUTIONS INTL INC,73933G202,2823066,46371,,
GERON CORP,374163103,2815307,1889468,,GERN
YUM CHINA HLDGS INC,98850P109,2812167,57650,,
MIDCAP FINANCIAL INVSTMNT CO,03761U502,2793376,248521,,
OVID THERAPEUTICS INC,690469101,2790249,1256869,,OVID
BANCO DE CHILE,059520106,2787445,75255,,
MATIV HOLDINGS INC,808541106,2785905,320219,,
CASEYS GEN STORES INC,147528103,2780425,3820,,
SPDR SERIES TRUST,78468R804,2778360,15600,,
NEW FOUND GOLD CORP,64440N103,2768832,1427233,,NFGC
HELIX ACQUISITION CORP III,G4444S107,2762250,271875,,
INTAPP INC,45827U109,2758952,107394,,
MILESTONE PHARMACEUTICALS IN,59935V107,2757439,2317176,,
ONEOK INC NEW,682680103,2751472,30440,,
ALECTOR INC,014442107,2750508,1279306,,
SMITH A O CORP,831865209,2749698,41700,,AOS
GRANITE RIDGE RESOURCES INC,387432107,2748246,468185,,
LANTRONIX INC,516548203,2747866,524402,,LTRX
HIGHPEAK ENERGY INC,43114Q105,2746407,398030,,
AMERIS BANCORP,03076K108,2746028,35210,,ABCB
SPDR SERIES TRUST,78464A722,2742363,50700,,
ACCENDRA HEALTH INC,690732102,2738893,1201269,,
INTERPARFUMS INC,458334109,2738008,30141,,IPAR
ENSIGN GROUP INC,29358P101,2727101,13534,,
GSI TECHNOLOGY INC,36241U106,2725249,530204,,GSIT
SUMA ACQUISITION CORP,G8557R129,2724188,271875,,SUMAR
1ST FINL BANCORP,320209109,2723709,97694,,
DXP ENTERPRISES INC,233377407,2723338,19490,,DXPE
LITHIA MTRS INC,536797103,2721948,10900,,
CROWN RESV ACQUISITION CORP,G2574F119,2721469,271875,,
KPET ULTRA PACELINE CORP,G53157122,2718750,271875,,KPET-WT
ISHARES TR,464288281,2714577,28900,,
DOMINION ENERGY INC,25746U109,2713898,43900,CALL,
PALOMA ACQUISITION CORP I,G6881J128,2713313,271875,,PALOU
SC II ACQUISITION CORP,G7866D102,2710594,271875,,SCIIR
VIATRIS INC,92556V106,2710106,200600,,VTRS
INSIGHT DIGITAL PARTNERS II,G4814G105,2706516,271875,,DYORU
AMPHASTAR PHARMACEUTICALS IN,03209R103,2706319,138148,,
CAPITAL BANCORP INC MD,139737100,2702741,90879,,
TAILWIND 2.0 ACQUISITION COR,G8662J111,2697000,271875,,
ARCHIMEDES TECH SPAC PTNRS I,G0453R105,2696841,273791,,
PULTE GROUP INC,745867101,2694092,22907,,
BLUEROCK ACQUISITION CORP,G1352R105,2691563,271875,,BLRKU
INVEST GREEN ACQUISITION COR,G4924G102,2691563,271875,,
SPACSPHERE ACQUISITION CORP,G8T088109,2691563,271875,,SSACW
AXOS FINANCIAL INC,05465C100,2686887,31577,,
TGE VALUE CREATIVE SOLUTIONS,G8773E100,2686125,271875,,
ENTERPRISE FINL SVCS CORP,293712105,2685533,49631,,
TWELVE SEAS INVT CO III,G9145D101,2683406,271875,,
JBG SMITH PPTYS,46590V100,2676596,183203,,
IRIS ACQUISITION CORP II,G4940M109,2669813,271875,,IRAB-WT
FASTENAL CO,311900104,2668093,57502,,FAST
AVIENT CORPORATION,05368V106,2658939,73249,,AVNT
OLD REP INTL CORP,680223104,2651315,66449,,
JONES LANG LASALLE INC,48020Q107,2647280,8699,,JLL
METHANEX CORP,59151K108,2637443,44297,,MEOH
REPLIMUNE GROUP INC,76029N106,2637345,344751,,
QUANTUM COMPUTING INC,74766W108,2632126,384252,,QUBT
CISCO SYS INC,17275R102,2630301,33900,,
HARVARD AVE ACQUISITION CORP,G4330A103,2628120,262812,,HAVAR
ETON PHARMACEUTICALS INC,29772L108,2625779,106393,,
LATTICE SEMICONDUCTOR CORP,518415104,2625108,28300,,LSCC
LIGHTSPEED COMMERCE INC,53229C107,2620818,292502,,LSPD
ANGIODYNAMICS INC,03475V101,2620228,230451,,ANGO
NEWTEKONE INC,652526203,2618780,239158,,
WEAVE COMMUNICATIONS INC,94724R108,2613668,565729,,
ANNEXON INC,03589W102,2611506,471391,,
GLADSTONE CAP CORP,376535878,2607427,150284,,
UGI CORP NEW,902681105,2595326,71261,,
ASE TECHNOLOGY HLDG CO LTD,00215W100,2595096,119700,,
ATI INC,01741R102,2585552,17775,,ATI
FIRST MID BANCSHARES INC,320866106,2572068,62444,,
ANTERO MIDSTREAM CORP,03676B102,2570746,112752,,AM
WESTERN COPPER & GOLD CORP,95805V108,2570685,1016081,,WRN
INVESCO EXCH TRADED FD TR II,46138E594,2569286,168147,,
MASCO CORP,574599106,2561861,42436,,
INVIVYD INC,00534A102,2560557,1969659,,
PROGRESS SOFTWARE CORP,743312100,2560460,99823,,
ESAB CORPORATION,29605J106,2556850,26452,,ESAB
INVESCO EXCHANGE TRADED FD T,46137V662,2542120,24500,,
WINMARK CORP,974250102,2537082,5934,,WINA
REZOLUTE INC,76200L309,2533293,830588,,
USANA HEALTH SCIENCES INC,90328M107,2526686,144630,,USNA
AXALTA COATING SYS LTD,G0750C108,2520700,91000,,
EMERA INC,290876101,2516836,48522,,EMRJF
COLUMBIA FINL INC,197641103,2516082,143694,,
SELECT WATER SOLUTIONS INC,81617J301,2515213,164393,,
SPDR SERIES TRUST,78468R655,2514255,27837,,
1STDIBS COM INC,320551104,2513517,457003,,
BIOMARIN PHARMACEUTICAL INC,09061G101,2512393,44475,,BMRN
ADC THERAPEUTICS SA,H0036K147,2505083,668022,,ADCT
INVESCO EXCH TRADED FD TR II,46138G656,2504700,45000,,
ORANGE CNTY BANCORP INC,68417L107,2504194,78305,,
BLACKROCK TCP CAPITAL CORP,09259E108,2494329,690950,,TCPC
NEXTDECADE CORP,65342K105,2491721,325290,,NEXT
BIGBEAR AI HLDGS INC,08975B109,2488112,706850,,
CSX CORP,126408103,2473919,60266,,CSX
SENSATA TECHNOLOGIES HLDG PL,G8060N102,2471211,70165,,
COASTALSOUTH BANCSHARES INC,19058X207,2460352,100055,,
J P MORGAN EXCHANGE TRADED F,46654Q609,2442628,28900,,
AA MISSION ACQUISITION CORP,G1000S109,2423920,241667,,
BROWN FORMAN CORP,115637209,2417753,91443,,BF-B
FUTURECREST ACQUISITION CORP,G3730U107,2417509,240309,,FCRS-WT
INVESCO EXCHANGE TRADED FD T,46137Y872,2415473,58280,,
CHAMPIONSGATE ACQUISITION CO,G2124S108,2415146,235624,,
AAR CORP,000361105,2408011,21999,,AIR
ALAMO GROUP INC,011311107,2406417,14587,,ALG
SUN CTRY AIRLS HLDGS INC,866683105,2398440,145184,,
METTLER TOLEDO INTERNATIONAL,592688105,2396280,1900,,
MOELIS & CO,60786M105,2394000,42000,,MC
MILLICOM INTL CELLULAR S A,L6388F110,2390586,31900,,
ATRIUM THERAPEUTICS INC,04965N104,2387347,178560,,
GAMESTOP CORP,36467W109,2383949,103470,,GME-WT
CENTESSA PHARMACEUTICALS PLC,152309100,2377004,59844,,
VOYAGER THERAPEUTICS INC,92915B106,2376448,615660,,
SOLARIS ENERGY INFRAS INC,83419XAA6,2373000,1000000,,
POOL CORP,73278L105,2367261,11700,,POOL
BIOVENTUS INC,09075A108,2365218,259060,,BVS
PENNANTPARK FLOATING RATE CA,70806A106,2361195,293681,,
EQUITABLE HLDGS INC,29452E101,2356485,63500,,
PROEM ACQUISITION CORP I,G7341A129,2351528,235624,,
SASOL LTD,803866300,2337984,180400,,SASOF
PMV PHARMACEUTICALS INC,69353Y103,2336817,1884530,,
VOX ROYALTY CORP,92919F103,2327629,444204,,VOXR
EAGLE BANCORPORATION INC,268948106,2320819,93318,,EGBN
SIGA TECHNOLOGIES INC,826917106,2320086,433661,,SIGA
AMERICAN RES CORP,02927U208,2316197,957106,,
LIFEWAY FOODS INC,531914109,2313625,119629,,
METALS ACQUISITION CORP II,G60420125,2312295,229167,,
BAOZUN INC,06684L103,2302801,963515,,BZUN
INVESCO EXCH TRADED FD TR II,46138E198,2298405,36500,,
AEVA TECHNOLOGIES INC,00835Q202,2297775,174603,,
8X8 INC NEW,282914100,2297173,1383839,,
JAMES RIV GROUP HOLDINGS INC,46990A102,2294454,364199,,
WILLOW LANE ACQUISITION CRP,G9675K129,2288276,226562,,
BORR DRILLING LTD,G1466R173,2287384,396427,,BORR
VANGUARD WELLINGTON FD,921935706,2283262,15300,,
DAKTRONICS INC,234264109,2281465,116699,,
ESQUIRE FINL HLDGS INC,29667J101,2277388,21185,,
NUVEEN S&P 500 DYNAMIC OVERW,6706EW100,2274001,141506,,
GENTHERM INC,37253A103,2267626,81628,,THRM
CLEARTHINK 1 ACQUISITION COR,G2294A127,2261089,226562,,
CO2 ENERGY TRANSITION CORP,12664M103,2255465,217499,,NOEMR
AMYLYX PHARMACEUTICALS INC,03237H101,2251036,161945,,
LEAPFROG ACQUISITION CORP,G5414D103,2248628,226562,,LFACW
BEAZER HOMES USA INC,07556Q881,2247771,116828,,BZH
BLUE WTR ACQUISITION CORP IV,G1368A120,2247495,226562,,
ARROWHEAD PHARMACEUTICALS IN,04280A100,2244660,35800,,
LAKESHORE ACQUISITION III CO,G5353S103,2238065,217499,,
ISHARES TR,46436E411,2232780,33700,,
FLYWIRE CORPORATION,302492103,2231388,191700,,FLYW
MUELLER INDS INC,624756102,2224753,20079,,
ORIGIN INVT CORP I,G67751100,2211965,217499,,
SILA REALTY TRUST INC,146280508,2206976,93200,,
MECHANICS BANCORP,43785V102,2205966,149557,,MCHB
RANGER ENERGY SVCS INC,75282U104,2205592,128681,,
ATRENEW INC,00138L108,2203188,469763,,RERE
KEURIG DR PEPPER INC,49271V100,2188155,83105,,KDP
AI INFRASTRUCTURE ACQUISI,G01336109,2181515,217499,,
UNITY BANCORP INC,913290102,2180540,42071,,
HINGHAM INSTN SVGS MASS,433323102,2179816,7626,,
CAVCO INDS INC DEL,149568107,2179305,4500,,
KOREA ELEC PWR CORP,500631106,2178526,152879,,
SHOALS TECHNOLOGIES GROUP IN,82489W107,2177243,330888,,
BUSINESS FIRST BANCSHARES IN,12326C105,2173259,80372,,
AVIS BUDGET GROUP INC,053774105,2172582,14896,,
TTEC HLDGS INC,89854H102,2170823,868329,,
PONO CAP FOUR INC,G71702123,2170640,217499,,
FIRST BK WILLIAMSTOWN NEW JE,31931U102,2163376,135211,,
ANDERSEN GROUP INC,033853102,2158864,79370,,ANDG
INVESCO EXCH TRADED FD TR II,46138G102,2147395,45500,,
K2 CAP ACQUISITION CORP,G5226B105,2146715,217499,,
LARIMAR THERAPEUTICS INC,517125100,2140254,475612,,
QUANTA SVCS INC,74762E102,2129100,3878,,
CHECK POINT SOFTWARE TECH LT,M22465104,2128465,14900,,
CRESCENT BIOPHARMA INC.,G2545C104,2127760,115828,,
CLIMB BIO INC,28658R106,2127651,310606,,
WILLIAMS COS INC,969457100,2117825,29099,,
VISTA GOLD CORP,927926303,2113388,1078259,,VGZ
ARDENT HEALTH INC,03980N107,2108388,246307,,
FIRST TR EXCHANGE-TRADED FD,336920103,2107409,13270,,
APOLLO COML REAL ESTATE FIN,03762U105,2104291,199270,,
MERIDIAN CORP,58958P104,2103593,110949,,MRBK
BELDEN INC,077454106,2101848,18304,,BDC
PENNYMAC MTG INVT TR,70931T103,2093553,179550,,
SOUTHWEST AIRLS CO,844741108,2092724,55702,,
OPEN LENDING CORP,68373J104,2082674,1666139,,LPRO
VILLAGE SUPER MKT INC,927107409,2080799,49273,,
GOLD RESOURCE CORP,38068T105,2077622,1731352,,
LAUREATE ED INC,518613203,2076464,59600,,
TORO CO,891092108,2074368,22200,,TTC
LLOYDS BANKING GROUP PLC,539439109,2072863,412100,,LLOBF
TANGER INC,875465106,2072746,60999,,SKT
SPERO THERAPEUTICS INC,84833T103,2072377,885631,,
CONSENSUS CLOUD SOLUTIONS IN,20848V105,2070484,87215,,
COSAN S A,22113B103,2068462,502054,,
LYFT INC,55087P104,2063003,155113,,
ACM RESH INC,00108J109,2062570,52416,,
KAYNE ANDERSON ENERGY INFRST,486606106,2060604,144300,,
ALBERTSONS COS INC,013091103,2059437,120859,,
DONNELLEY FINL SOLUTIONS INC,25787G100,2055021,43594,,
WEST BANCORPORATION INC,95123P106,2045440,85979,,WTBA
COGENT BIOSCIENCES INC,19240Q201,2043434,53090,,
DIANA SHIPPING INC,Y2066G104,2034555,813822,,DSX-WT
SHATTUCK LABS INC,82024L103,2031957,316012,,
FB BANCORP INC,31425A109,2030882,147808,,
GLOBAL X FDS,37954Y574,2025865,41900,,
VIA TRANSN INC,92556W104,2021025,134735,,
ATOMERA INC,04965B100,2019300,530000,,ATOM
CIVISTA BANCSHARES INC,178867107,2017143,88510,,
PERMIAN RESOURCES CORP,71424F105,2011158,94332,,PR
NEWS CORP NEW,65249B109,2004372,80400,,NWSLL
INTEGRA LIFESCIENCES HLDGS C,457985208,2003728,212710,,
ACCEL ENTERTAINMENT INC,00436Q106,2001003,183410,,
KADANT INC,48282T104,1998797,6837,,KAI
ENERGY VAULT HOLDINGS INC,29280W109,1998645,605650,,
SPDR INDEX SHS FDS,78463X202,1992768,32100,,
EVOLENT HEALTH INC,30050B101,1987004,871493,,
ISHARES TR,46436E569,1983566,40300,,
BLACK SPADE ACQUISITION III,G1154S103,1982927,201517,,
CHARLTON ARIA ACQUISITION CO,G9877L107,1981875,187500,,
BK TECHNOLOGIES CORPORATION,05587G203,1974113,26452,,BKTI
HAIN CELESTIAL GROUP INC,405217100,1960200,2809115,,HAIN
TRILOGY METALS INC NEW,89621C105,1956801,545070,,TMQ
CAL MAINE FOODS INC,128030202,1955005,24700,,
LITHIUM ARGENTINA AG,H5012F103,1954648,292612,,LAR
MARINEMAX INC,567908108,1952704,72162,,HZO
UNIFIRST CORP MASS,904708104,1952590,7761,,
MURPHY OIL CORP,626717102,1949599,47263,,MUR
MATCH GROUP INC NEW,57667L107,1947014,63400,,
CARGURUS INC,141788109,1940850,57000,,
TOMPKINS FINL CORP,890110109,1938991,24594,,
QUAD / GRAPHICS INC,747301109,1928798,291800,,
TELECOM ARGENTINA SA,879273209,1921696,164388,,TCMFF
CLEARPOINT NEURO INC,18507C103,1918098,210780,,
AST SPACEMOBILE INC,00217D100,1917032,23133,,
FINANCE OF AMERICA COMPAN,31738L206,1916370,115444,,
SES AI CORPORATION,78397Q109,1914398,1990019,,SES-WT
J P MORGAN EXCHANGE TRADED F,46641Q845,1908452,36400,,
SEMRUSH HLDGS INC,81686C104,1906245,159652,,
ZURA BIO LTD,G9TY5A101,1893207,318186,,ZURA
VICOR CORP,925815102,1892072,11752,,VICR
HIMAX TECHNOLOGIES INC,43289P106,1887950,239892,,
GILEAD SCIENCES INC,375558103,1881495,13500,,
MANCHESTER UTD PLC NEW,G5784H106,1880072,111776,,
OOMA INC,683416101,1874607,128839,,OOMA
STONERIDGE INC,86183P102,1874253,388044,,SRI
KORRO BIO INC,500946108,1873143,165472,,
LEXICON PHARMACEUTICALS INC,528872302,1871426,1199632,,
NATIONAL GRID PLC,636274409,1869660,22100,,NMKBP
NORTHEAST CMNTY BANCORP INC,664121100,1869609,78555,,
WORTHINGTON STL INC,982104101,1860455,61300,,
CANADA GOOSE HLDGS INC,135086106,1859711,169527,,
AMERICAN VANGUARD CORP,030371108,1858011,746189,,AVD
SAUL CTRS INC,804395101,1857809,57023,,
LEGG MASON ETF INVT,52468L406,1855616,43600,,
ACNB CORP,000868109,1847495,38594,,ACNB
VANECK ETF TRUST,92189H839,1847034,64200,,
PTC THERAPEUTICS INC,69366J200,1847004,27110,,
FULLER H B CO,359694106,1846206,29932,,FUL
GREENBRIER COS INC,393657101,1841802,34982,,
ERMENEGILDO ZEGNA N V,N30577105,1840505,176632,,
PEGASYSTEMS INC,705573103,1840294,43240,,PEGA
PROSHARES TR,74347B698,1836682,26700,,
STARRY SEA ACQUISITION CORP,G8559L112,1836063,181250,,SSEAR
CANTOR EQUITY PARTNERS VI IN,G1828R101,1830625,181250,,
PARKER-HANNIFIN CORP,701094104,1826290,2040,,PH
EMMIS ACQUISITION CORP.,G3037D105,1821563,181250,,EMISR
NEW ORIENTAL ED & TECHNOLOGY,647581206,1818899,32119,,
LAKE SUPERIOR ACQUISITION CO,G5354C107,1817938,181250,,
STELLUS CAP INVT CORP,858568108,1816636,197246,,
APEX TECH ACQUISITION INC,G0R21F121,1812500,181250,,TRAD-UN
SEPTERNA INC,81734D104,1811069,75367,,
BHAV ACQUISITION CORP,G1R59W127,1808875,181250,,BHAVR
GALAXYEDGE ACQUISITION CORP,G3710B129,1808875,181250,,GLED-UN
LAFAYETTE ACQUISITION CORP,G53426105,1807063,181250,,LAFAR
LIBERTY GLOBAL LTD,G61188101,1805871,149369,,LBTYK
AKEBIA THREAPEUTICS INC,00972D105,1803943,1297801,,
GOLUB CAP BDC INC,38173M102,1803544,142460,,
CHATHAM LODGING TR,16208T102,1800774,228815,,
GLADSTONE COMMERCIAL CORP,376536108,1795893,157121,,GOODO
XFLH CAP CORP,G9834D107,1788937,181250,,
BICARA THERAPEUTICS INC,055477103,1787733,89881,,BCAX
WHITE PEARL ACQUISITION CORP,G96193100,1787125,181250,,WPAC-UN
MERCHANTS BANCORP IND,58844R108,1785957,41621,,
UNITED ACQUISITION CORP I,G92ALM108,1776250,181250,,
RF ACQUISITION CORP III,G7537X107,1774437,181250,,RFAMU
SCHRODINGER INC,80810D103,1771024,155900,,
TWIST BIOSCIENCE CORP,90184D100,1767744,37200,,TWST
ASCENT INDUSTRIES CO,871565107,1763482,132493,,ACNT
TIGO ENERGY INC,88675P103,1752570,466109,,
VICTORY PORTFOLIOS II,92647P126,1751848,39200,,
NORTHERN LTS FD TR IV,66538H534,1744550,37000,,
MCGRAW HILL INC,580907103,1744270,127319,,
FIRST CMNTY BANKSHARES INC V,31983A103,1737114,41838,,
VISHAY PRECISION GROUP INC,92835K103,1735454,39969,,
LEGACY HOUSING CORP,52472M101,1732076,84781,,LEGH
BIOGEN INC,09062X103,1731369,9444,,BIIB
ACHIEVE LIFE SCIENCE INC,004468500,1730340,588551,,
INTUIT,461202103,1729520,4000,CALL,
BOSTON BEER INC,100557107,1728000,7500,,
VIASAT INC,92552V100,1720935,37575,,VSAT
PARK-OHIO HLDGS CORP,700666100,1720014,71548,,
LITHIUM ARGENTINA AG,53680QAA6,1717200,1800000,,LAR
CBL & ASSOC PPTYS INC,124830878,1712095,44551,,
INFUSYSTEM HLDGS INC,45685K102,1711344,185411,,
SIGMA LITHIUM CORPORATION,826599102,1709633,138544,,SGML
FIRST BUSINESS FINL SVCS INC,319390100,1709365,31696,,
HUDBAY MINERALS INC,443628102,1705482,81602,,HBM
SELLAS LIFE SCIENCES GROUP I,81642T209,1705388,403165,,
BRAINSWAY LTD,10501L106,1703605,128187,,BRSYF
QIAGEN NV,N72482156,1699218,42438,,
GROUPON INC,399473206,1695334,142465,,
PRECISION BIOSCIENCES INC,74019P207,1692845,307790,,DTIL
OMEGA FLEX INC,682095104,1686683,54339,,
NET POWER INC,64107A105,1685238,1080281,,NPWR-WT
TOWER SEMICONDUCTOR LTD,M87915274,1684608,9600,,TSEM
NACCO INDS INC,629579103,1682633,32377,,
EVERSOURCE ENERGY,30040W108,1676576,24200,,ES
MOVADO GROUP INC,624580106,1675285,68603,,MOVAA
BOSTON OMAHA CORP,101044105,1672366,143182,,BOC
STELLAR BANCORP INC,858927106,1670917,45641,,
SUI GROUP HOLDINGS LIMITED,59982U200,1670165,1380302,,
USA RARE EARTH INC,91733P107,1667877,110200,CALL,
BROOKFIELD BUSINESS CORP,113006100,1659360,52445,,BBUC
FUTURE MONEY ACQUISITION COR,G3700S124,1659141,166145,,
PICS NV,N69958101,1658457,158704,,
KEYSIGHT TECHNOLOGIES INC,49338L103,1653276,5855,,
FIDELITY COVINGTON TRUST,316092865,1648053,27900,,
FRANKLIN COVEY CO,353469109,1646708,104288,,FC
MAXIMUS INC,577933104,1642498,25624,,
INGERSOLL RAND INC,45687V106,1642460,20500,,IR
ADAPTIVE BIOTECHNOLOGIES COR,00650F109,1640616,118200,,
SOTERA HEALTH CO,83601L102,1636194,114100,,SHC
LANDSTAR SYS INC,515098101,1635162,10200,,
VERITONE INC,92347M100,1632992,828930,,
MEDIAALPHA INC,58450V104,1630188,175289,,
SUTRO BIOPHARMA INC,869367201,1623534,65176,,
NYLI CBRE GBL INFR MEGTRNDS,56064Q107,1623480,110516,,
KAMADA LTD,M6240T109,1620003,194245,,KMDA
SCHOLASTIC CORP,807066105,1619037,41450,,SCHL
ALGONQUIN POWER & UTILITIES,015857105,1618129,263539,,
JANUX THERAPEUTICS INC,47103J105,1613776,116099,,
BLOCK H & R INC,093671105,1610424,50738,,
SOLENO THERAPEUTICS INC,834203309,1610120,48092,,
CREDIT ACCEP CORP MICH,225310101,1609148,3800,,
WEC ENERGY GROUP INC,92939U106,1605614,13869,,
HUDSON TECHNOLOGIES INC,444144109,1604799,272925,,
EDGEWISE THERAPEUTICS INC,28036F105,1601712,50848,,
MAGNACHIP SEMICONDUCTOR CORP,55933J203,1601135,571834,,MX
ISHARES TR,46435G433,1596386,36600,,
NEXTDOOR HOLDINGS INC,65345M108,1588125,1134375,,
RED ROCK RESORTS INC,75700L108,1584792,29700,,
TMC THE METALS COMPANY INC,87261Y106,1582929,338957,,
FIDELITY COVINGTON TRUST,316092782,1582320,22800,,
ADVANCE AUTO PARTS INC,00751Y106,1581340,29978,,AAP
PERRIGO CO PLC,G97822103,1575268,146673,,PRGO
GOSSAMER BIO INC,38341P102,1570510,4780851,,
TACTILE SYS TECHNOLOGY INC,87357P100,1568976,60045,,
KYVERNA THERAPEUTICS INC,501976104,1567337,181615,,
IPG PHOTONICS CORP,44980X109,1565070,13658,,IPGP
STRAWBERRY FIELDS REIT INC,863182101,1561161,131190,,
OUTDOOR HOLDING CO,00175J107,1560801,776518,,POWWP
INTELLICHECK MOBILISA INC,45817G201,1559874,223158,,
AMARIN CORP PLC,023111404,1555057,107542,,
QFIN HOLDINGS INC,88557W101,1553073,120300,,
STEM INC,85859N300,1550439,175389,,
AVERY DENNISON CORP,053611109,1549803,8975,,AVY
WATERSTONE FINL INC MD,94188P101,1549228,85925,,
SANGAMO THERAPEUTICS INC,800677106,1548172,6270441,,
WISDOMTREE TR,97717X651,1541072,29100,,
IES HOLDINGS INC,44951W106,1534233,3220,,
FUTU HLDGS LTD,36118L106,1531712,11200,,
ENHABIT INC,29332G102,1527356,108400,,
1RT ACQUISITION CORP.,G6757R105,1527327,150624,,ONCHW
HARMONIC INC,413160102,1525801,169911,,HLIT
LIGHTBRIDGE CORP,53224K302,1520500,142636,,LTBR
UFP TECHNOLOGIES INC,902673102,1518405,7843,,UFPT
CAPITAL GROUP CORE EQUITY ET,14020V108,1517590,39500,,
MVB FINL CORP,553810102,1514158,60981,,
SPDR SERIES TRUST,78464A300,1511388,15980,,
ATN INTL INC,00215F107,1510166,55480,,
ASPEN AEROGELS INC,04523Y105,1509711,441436,,ASPN
SEI INVTS CO,784117103,1506624,19200,,
FONAR CORP,344437405,1497978,80710,,
THRYV HLDGS INC,886029206,1495624,545848,,
ULTA BEAUTY INC,90384S303,1494951,2860,,
PEAKSTONE REALTY TRUST,39818P799,1494533,71543,,
INVESCO EXCH TRADED FD TR II,46138G599,1490086,51400,,
TIM S A,88706T108,1488738,56200,,
PROQR THRAPEUTICS N V,N71542109,1488548,918857,,
TITAN MACHY INC,88830R101,1486659,88915,,
ACLARIS THERAPEUTICS INC,00461U105,1483639,395637,,
AVIDBANK HLDGS INC,05368J103,1483311,52046,,
CITIZENS CMNTY BANCORP INC M,174903104,1473338,74411,,
ETHAN ALLEN INTERIORS INC,297602104,1472054,66130,,ETD
ANHEUSER BUSCH INBEV SA NV,03524A108,1470228,21194,,
APOLLO GLOBAL MGMT INC,03769M106,1469296,13187,,
SKYWATER TECHNOLOGY INC,83089J108,1467806,53550,,
TRANSUNION,89400J107,1460601,21110,,TRU
YELP INC,985817105,1447290,58500,,YELP
MESA LABS INC,59064R109,1446463,16359,,
ESPEY MFG & ELECTRS CORP,296650104,1444966,26073,,
HBT FINL INC.,404111106,1444109,54046,,
LARGO INC,517097101,1436291,1282403,,LGO
ARCOSA INC,039653100,1432890,13500,,
INHIBIKASE THERAPEUTICS INC,45719W205,1423986,847611,,
COLUMBIA ETF TR I,19761L706,1422770,36500,,
CARECLOUD INC,14167R100,1422135,389626,,
ROCKY BRANDS INC,774515100,1420830,36695,,
HURON CONSULTING GROUP INC,447462102,1414629,11096,,HURN
AFFILIATED MANAGERS GROUP,008252108,1411170,5100,,
TRANSLATIONAL DEV ACQUISITIO,G9008W105,1407912,133325,,
BRINKER INTL INC,109641100,1400574,9810,,
ANNOVIS BIO INC,03615A108,1399680,627659,,
FS BANCORP INC,30263Y104,1396958,36200,,
GRAND CANYON ED INC,38526M106,1394076,8199,,
THIRD COAST BANCSHARES INC,88422P109,1389118,36720,,
VICTORY PORTFOLIOS II,92647N691,1386974,24519,,
MID PENN BANCORP INC,59540G107,1385581,43084,,MPB
COLUMBIA SPORTSWEAR CO,198516106,1385268,25274,,COLM
FIRST UTD CORP,33741H107,1383416,37757,,
RLX TECHNOLOGY INC,74969N103,1381211,627823,,RLX
ETF SER SOLUTIONS,26922A446,1372512,34800,,
NOVANTA INC,67000B104,1372202,11618,,NOVTU
RYDER SYS INC,783549108,1371557,6700,,
MODIV INDUSTRIAL INC,60784B101,1366601,95433,,
CF BANKSHARES INC,12520L109,1364827,48901,,CFBK
ETHOS TECHNOLOGIES INC,29765A101,1360405,121791,,LIFE
OLD SECOND BANCORP INC DEL,680277100,1357917,67357,,OSBC
EATON VANCE TAX-MANAGED BUY-,27828Y108,1357554,99309,,
NEPTUNE INS HLDGS INC,64073B103,1354084,55977,,
CIENA CORP,171779309,1353370,3486,,CIEN
WORLD KINECT CORPORATION,981475106,1352433,58623,,WKC
SERVISFIRST BANCSHARES INC,81768T108,1345680,18477,,
FIRST TR EXCH TRADED FD III,33739P889,1344808,35071,,
ROOT INC,77664L207,1344314,30435,,
TARSUS PHARMACEUTICALS INC,87650L103,1338322,19078,,
TRACTOR SUPPLY CO,892356106,1338026,29537,,
HORIZON SPACE ACQUISITION II,G4627B103,1337058,207299,,
PALOMAR HLDGS INC,69753M105,1335293,11174,,
SLEEP NUMBER CORP,83125X103,1333987,743168,,SNBRQ
SYSCO CORP,871829107,1326738,18600,CALL,SYY
FIRST TR EXCHANGE-TRADED FD,33734G108,1326236,46600,,
PARK AEROSPACE CORP,70014A104,1321605,48269,,PKE
ITRON INC,465741106,1319891,14726,,
EVGO INC,30052F100,1318843,766769,,EVGO
UR-ENERGY INC,91688R108,1310094,879258,,URG
ISHARES TR,46436E536,1304528,36300,,
GALECTIN THERAPEUTICS INC,363225202,1303106,467063,,GALT
OSI SYSTEMS INC,671044105,1300999,4900,,OSIS
IMMUNEERING CORP,45254E107,1289943,244771,,IMRX
RBB BANCORP,74930B105,1289380,60336,,RBB
ITURAN LOCATION AND CONTROL,M6158M104,1282935,26177,,
SPIRE GLOBAL INC,848560306,1281889,101899,,
REPOSITRAK INC,700215304,1280608,168501,,
SOULPOWER ACQUISITION CORP,G82745103,1279702,124849,,SOUL-UN
FIDELITY COVINGTON TRUST,316092303,1276852,24400,,
METROCITY BANKSHARES INC,59165J105,1274812,44465,,
PETROLEO BRASILEIRO S A,71654V408,1274050,61400,CALL,
SCANSOURCE INC,806037107,1271153,35018,,
CIA ENERGETICA DE MINAS GERA,204409601,1269936,531354,,
MOTORCAR PTS AMER INC,620071100,1268914,114730,,
ARK ETF TR,00214Q302,1262876,47800,,
SUNSTONE HOTEL INVS INC NEW,867892101,1258562,139685,,
INVENTIVA SA,46124U107,1256553,226406,,
HIGH TIDE INC,42981E401,1253166,547234,,HITI
ACUMEN PHARMACEUTICALS INC,00509G209,1252716,530812,,
AVANOS MED INC,05350V106,1248977,89149,,
COMTECH TELECOMMUNICATIONS C,205826209,1248622,376091,,
SEABRIDGE GOLD INC,811916105,1248377,44050,,SA
VERTEX INC,92538J106,1247118,104888,,
NEW YORK LIFE INVESTMENTS ET,45409B461,1244362,24300,,
QUICKLOGIC CORP,74837P405,1244051,132628,,QUIK
NORTHERN LTS FD TR IV,66538H641,1243067,31100,,
ZIPRECRUITER INC,98980B103,1239203,673480,,
EATON VANCE TAX ADVT DIV INC,27828G107,1235233,50315,,
ZACKS TRUST,98888G105,1234795,36500,,
XMAX INC,66979P300,1232791,170275,,XMAX
ADAMAS TRUST INC.,649604840,1226978,166709,,
PERPETUA RESOURCES CORP,714266103,1226904,43631,,PPTA
ZIM INTEGRATED SHIPPING SERV,M9T951109,1223114,46418,,
INVESCO EXCH TRADED FD TR II,46138G540,1222333,30900,,
TSCAN THERAPEUTICS INC,89854M101,1221099,1209009,,
INVESCO EXCHANGE TRADED FD T,46137V340,1213630,17000,,
MARA HOLDINGS INC,565788AD8,1213579,1433000,,
BLACKSKY TECHNOLOGY INC,09263B207,1213190,48219,,BKSY-WT
AEMETIS INC,00770K202,1212991,380248,,
SIMULATIONS PLUS INC,829214105,1212720,102599,,
ARES COML REAL ESTATE CORP,04013V108,1209979,252079,,
DIGI INTL INC,253798102,1209483,25093,,
WISDOMTREE TR,97717Y659,1207348,48400,,
COMMERCIAL METALS CO,201723103,1204028,19600,,CMC
SARATOGA INVT CORP,80349A208,1197295,54746,,
CARS COM INC,14575E105,1195970,147287,,
TILRAY BRANDS INC,88688T209,1195934,184843,,
ARHAUS INC,04035M102,1190968,175659,,
PHIBRO ANIMAL HEALTH CORP,71742Q106,1182694,21383,,PAHC
HIPPO HLDGS INC,433539202,1182525,45377,,
CRITEO S A,226718104,1181121,65874,,
WINGSTOP INC,974155103,1177772,7600,CALL,WING
LAMB WESTON HLDGS INC,513272104,1174743,27798,,
LIGHTPATH TECHNOLOGIES INC,532257805,1174142,117063,,LPTH
PEOPLES FINL SVCS CORP,711040105,1169794,21935,,
NEUBERGER NEXT GENERATION,64133Q108,1168146,90765,,
POWER INTEGRATIONS INC,739276103,1167360,22800,,POWI
MAKEMYTRIP LIMITED MAURITIUS,V5633W109,1163448,31200,,
MARCUS CORP DEL,566330106,1162237,67690,,MCS
AIR PRODUCTS AND CHEMICALS I,009158106,1161960,4000,,
SOCIAL COMM PARTNERS CORP,G8254P103,1160561,117704,,
4D MOLECULAR THERAPEUTICS IN,35104E100,1157391,124317,,
XENIA HOTELS & RESORTS INC,984017103,1155257,77900,,
DENTSPLY SIRONA INC,24906P109,1152286,99335,,XRAY
INTERNATIONAL MONEY EXPRESS,46005L101,1152231,72926,,
COMCAST CORP NEW,20030N101,1151271,40100,CALL,CCZ
SURROZEN INC,86889P208,1150111,39482,,
ISHARES TR,464288851,1149080,9200,,
VANECK ETF TRUST,92189F726,1146946,6100,,
LEAR CORP,521865204,1138152,9400,,LEA
HYSTER-YALE INC,449172105,1136322,34953,,
JOYY INC,46591M109,1132766,19400,,JOYY
SELECTIVE INS GROUP INC,816300107,1130850,15000,,
LENDINGCLUB ISSUANCE TR SER,52603A208,1130764,78964,,
BLACKBERRY LTD,09228F103,1130180,348821,,BB
AERSALE CORPORATION,00810F106,1125266,180911,,ASLE
ARRIVENT BIOPHARMA INC,04272N102,1123094,48682,,
MISSION PRODUCE INC,60510V108,1120064,81400,,
NATIONAL VISION HLDGS INC,63845R107,1118880,43200,,
ENCORE ENERGY CORP,29259W700,1115759,619866,,EU
SIRIUSPOINT LTD,G8192H106,1115406,51783,,SPNT
ALGOMA STL GROUP INC,015658107,1114687,269900,,
CALIFORNIA BANCORP,84252A106,1114127,62874,,
COMPUGEN LTD,M25722105,1110980,521587,,CGEN
VANGUARD WELLINGTON FD,921935805,1103802,8200,,
HILTON GRAND VACATIONS INC,43283X105,1103106,28198,,HGV
TAT TECHNOLOGIES LTD,M8740S227,1098107,27027,,TATT
CONSOLIDATED WATER CO INC,G23773107,1097597,33140,,
ALPHA METALLURGICAL RESOUR I,020764106,1097579,5347,,
IAC INC,44891N208,1097503,27417,,
TENAX THERAPEUTICS INC,88032L605,1096722,68588,,
ENTRAVISION COMMUNICATIONS C,29382R107,1091733,367587,,
INVESCO EXCHANGE TRADED FD T,46137V480,1090706,18100,,
MILUNA ACQUISITION CORP,G6180J100,1088577,108749,,MMTXW
EATON VANCE RISK-MANAGED DIV,27829G106,1088048,133176,,
VINCI COMPASS INVESTMENTS LT,G9451V109,1087051,103038,,
SUMMIT HOTEL PPTYS,866082100,1086600,245837,,
CALISA ACQUISITION CORP,G1771C101,1085315,108749,,ALISR
LIGHTWAVE LOGIC INC,532275104,1084785,154308,,
NATIONAL RESH CORP,637372202,1083494,63810,,
ENGENE HOLDINGS INC,29286M105,1083260,159069,,
ZILLOW GROUP INC,98954M101,1081479,26129,,
CHIPMOS TECHNOLOGIES INC,16965P202,1081307,30221,,IMOS
CVRX INC,126638105,1080020,114167,,
GAMCO GLOBAL GOLD NAT RES &,36465A109,1077396,202518,,
AUDIOCODES LTD,M15342104,1076455,127997,,AUDC
STARBUCKS CORP,855244109,1075080,12000,CALL,SBUX
WISDOMTREE TR,97717W562,1073901,18500,,
GEVO INC,374396406,1072262,392770,,
MADISON SQUARE GARDEN ENTMT,558256103,1072162,18200,,
COMPANHIA SIDERURGICA NACION,20440W105,1068129,861394,,
FULCRUM THERAPEUTICS INC,359616109,1066130,139000,,
SPDR SERIES TRUST,78464A573,1061378,10600,,
RADIANT LOGISTICS INC,75025X100,1059615,150300,,
EQUITY BANCSHARES INC,29460X109,1059312,23853,,EQBK
LIMBACH HLDGS INC,53263P105,1056563,13537,,
MIMEDX GROUP INC,602496101,1055823,267297,,
MONARCH CASINO & RESORT INC,609027107,1054946,11035,,MCRI
RMR GROUP INC,74967R106,1054915,68191,,RMR
CELSIUS HLDGS INC,15118V207,1054608,29724,,
BANCO SANTANDER CHILE NEW,05965X109,1050497,31452,,BSAC
BEYOND MEAT INC,08862E109,1050118,1496748,,
CVS HEALTH CORP,126650100,1048572,14600,CALL,CVS
RENASANT CORP,75970E107,1047156,28983,,RNST
NOVAGOLD RESOURCES INC,66987E206,1045981,116479,,NG
EQT CORP,26884L109,1045223,16424,,EQT
LEXEO THERAPEUTICS INC,52886X107,1042820,181676,,
MALIBU BOATS INC,56117J100,1035945,39967,,
PEDIATRIX MEDICAL GROUP INC,58502B106,1034677,48372,,
CARTESIAN THERAPEUTICS INC,816212302,1028975,167313,,
CITIZENS & NORTHN CORP,172922106,1017632,45552,,
VIRTUS ETF TR II,92790A504,1012759,25300,,
KIMBALL ELECTRONICS INC,49428J109,1012274,42730,,
ARLO TECHNOLOGIES INC,04206A101,1012123,71126,,
ETORO GROUP LTD,G32089107,1011711,33690,,ETOR
KAROOOOO LTD,Y4600W108,1011154,20288,,KARO
FIRST TR EXCHANGE-TRADED FD,33733E401,1005534,10300,,
NUTEX HEALTH INC,67079U306,1004478,10569,,NUTX
UBIQUITI INC,90353W103,999717,1265,,UI
CASELLA WASTE SYS INC,147448104,997383,12571,,
HYCROFT MINING HOLDING CORP,44862P208,990774,28147,,HYMCW
GRINDR INC,39854F101,990244,81906,,GRND
SHORE BANCSHARES INC,825107105,982773,52611,,SHBI
DAKOTA GOLD CORP,46655E100,980175,194094,,DC
FABRINET,G3323L100,978372,1876,,FN
BRIGHTHOUSE FINL INC,10922N103,977960,16332,,
BAYCOM CORP,07272M107,977447,32883,,BCML
RF INDS LTD,749552105,976687,94732,,
FIRST INTERNET BANCORP,320557101,975305,47856,,INBKZ
NEUROPACE INC,641288105,974310,74092,,NPCE
VERIZON COMMUNICATIONS INC,92343V104,973880,19400,CALL,VZ
REGIONAL MGMT CORP,75902K106,972757,30163,,
CALAVO GROWERS INC,128246105,969704,37600,,
VERA BRADLEY INC,92335C106,969415,306777,,
GALAXY DIGITAL INC.,36317J209,966134,52365,,GLXY
FIRST TR EXCHANGE-TRADED FD,33734X168,965352,12667,,
HAGERTY INC,405166109,964358,91582,,
SMART SAND INC,83191H107,963359,188156,,
AVALO THERAPEUTICS INC,05338F306,961865,64425,,
ORION PROPERTIES INC,68629Y103,958737,445924,,ONL
FIRST TR EXCHANGE-TRADED ALP,33737M409,956228,15475,,
FIRST TR EXCHANGE-TRADED FD,33734X119,955800,15000,,
TIPTREE INC,88822Q103,952376,56287,,TIPT
ELECTROVAYA INC,28617B606,952257,121772,,ELVA
HOMETRUST BANCSHARES INC,437872104,951649,22313,,
ORUKA THERAPEUTICS INC,687604108,949804,19364,,
ING GROEP N.V.,456837103,947439,36370,,
THE ONCOLOGY INSTITUTE INC,68236X100,944805,307754,,
WHITEHAWK THERAPEUTICS INC,00032Q104,943513,273482,,
CAPRICOR THERAPEUTICS INC,14070B309,940333,30932,,
MID-AMER APT CMNTYS INC,59522J103,940324,7700,,
DEFI DEVELOPMENT CORP,47100L301,940282,285800,,DFUKF
PINNACLE FINL PARTNERS INC,72348N109,938495,10895,,
AES CORP,00130H105,935731,66411,,AES
AMBIQ MICRO INC,023193105,934936,36794,,
UNITED NAT FOODS INC,911163103,928236,20600,,
UPSTART HLDGS INC,91680M107,923169,35991,,
FRESH DEL MONTE PRODUCE INC,G36738105,921954,22900,,
LISTED FDS TR,53656F417,915975,57500,,
SALESFORCE INC,79466L302,915616,4905,,
COLUMBIA BKG SYS INC,197236102,914928,33355,,
EMBECTA CORP,29082K105,914136,103409,,EMBC
ETFIS SER TR I,26923G202,913688,11000,,
PRUDENTIAL PLC,74435K204,909760,32000,,PUKPF
NEWBRIDGE ACQUISITION LTD,G6464L110,908969,90625,,NBRGU
STONEBRIDGE ACQUISITION II C,G85096108,908969,90625,,
VANECK ETF TRUST,92189H870,907170,7700,,
BLUEPORT ACQUISITION LTD,G1196A102,907156,90625,,BPACU
WESTIN ACQUISITION CORP,G9584S106,905344,90625,,WSTNU
EMERSON ELEC CO,291011104,904038,6900,CALL,
BLUE FOUNDRY BANCORP,09549B104,903220,68219,,
GEOSPACE TECHNOLOGIES CORP,37364X109,901665,73907,,GEOS
FIVE STAR BANCORP,33830T103,900829,23882,,FSBC
MYERS INDS INC,628464109,898604,42427,,
ENERGY RECOVERY INC,29270J100,895213,88899,,
ATYR PHARMA INC,002120202,892761,1144565,,ATYR
WHIRLPOOL CORP,963320106,892268,16548,,
CHEGG INC,163092109,890564,1201354,,
DAY ONE BIOPHARMACEUTICALS I,23954D109,889760,41500,,
LATHAM GROUP INC,51819L107,889347,165614,,
GATES INDL CORP PLC,G39108108,888573,39300,,
FIRST TR EXCHANGE-TRADED FD,33734X127,888113,39542,,
TENAYA THERAPEUTICS INC,87990A106,886542,1280390,,
RAPPORT THERAPEUTICS INC,75383L102,879343,28103,,
FIRST TR EXCHANGE-TRADED FD,33718M105,878315,10700,,
INVESCO EXCHANGE TRADED FD T,46137V225,874902,7400,,
FIDELITY COVINGTON TRUST,316092816,873090,10900,,
LKQ CORP,501889208,872289,29700,,LKQ
EVERSPIN TECHNOLOGIES INC,30041T104,869041,98867,,MRAM
PHOENIX ED PARTNERS INC,718968100,868768,27615,,
AMEREN CORP,023608102,868368,7900,,AEE
CANTALOUPE INC,138103106,868043,80300,,
MATERION CORP,576690101,867900,6000,,MTRN
TARGET HOSPITALITY CORP,87615L107,867142,93442,,TH
CENOVUS ENERGY INC,15135U109,861801,32484,,CVE
NOBLE CORP PLC,G65431127,860442,17535,,NE-WT
SEER INC,81578P106,859485,511598,,
CALLAWAY GOLF CO,131193104,857784,61800,,CALY
VICTORY PORTFOLIOS II,92647N873,852186,13800,,
YORK SPACE SYSTEMS INC,987084100,850353,38356,,YSS
TALOS ENERGY INC,87484T108,849196,53883,,TALO
AGNICO EAGLE MINES LTD,008474108,846833,4172,,AEM
MEDALLION FINANCIAL CORP,583928106,845317,98752,,MBNKO
DORMAN PRODS INC,258278100,845316,8100,,
FIRST TR EXCHANGE-TRADED FD,33736Q104,844541,14500,,
KARYOPHARM THERAPEUTICS INC,48576U205,842362,151232,,KPTI
CUSHMAN AND WAKEFIELD LTD,G2717C106,842262,68700,,
RIO TINTO PLC,767204100,839610,9000,CALL,RTPPF
COMPASS MINERALS INTL INC,20451N101,837658,35874,,
URBAN OUTFITTERS INC,917047102,836220,13200,,URBN
SIERRA BANCORP,82620P102,835043,24618,,BSRR
ALERUS FINL CORP,01446U103,834948,35215,,
FIDELITY COVINGTON TRUST,316092329,834768,26400,,
INFORMATION SVCS GROUP INC,45675Y104,833261,216995,,
NATIONAL PRESTO INDS INC,637215104,831817,6069,,
EQUINOR ASA,29446M102,830158,19672,,STOHF
SPRINKLR INC,85208T107,822600,137100,,
BIOAGE LABS INC,09077V100,821173,46951,,
NRG ENERGY INC,629377508,818822,5603,,
XOMA ROYALTY CORPORATION,98419J206,817973,26075,,
SPDR SERIES TRUST,78468R630,815572,8200,,
AVIAT NETWORKS INC,05366Y201,814163,36009,,
WILLIS TOWERS WATSON PLC LTD,G96629103,813960,2800,,WTW
AUNA S A,L0415A103,813827,147700,,
CABLE ONE INC,12685J105,808303,8862,,
LUFAX HOLDING LTD,54975P201,805364,430676,,LU
OMNIAB INC,68218J103,805003,512741,,
HELIOS TECHNOLOGIES INC,42328H109,804798,12437,,
ENERSYS,29275Y102,799112,4600,,ENS
MELCO RESORTS AND ENTMNT LTD,585464100,798040,140500,,
FRANKLIN BSP RLTY TR INC,35243J101,797075,93884,,
SR BANCORP INC,85227J106,795166,47107,,
ON24 INC,68339B104,793921,98015,,
CION INVT CORP,17259U204,791354,115695,,
ETF SER SOLUTIONS,26922B840,790077,87884,,
LCI INDS,50189K103,787072,6400,,
INVESCO EXCHANGE TRADED FD T,46137V290,786425,23700,,
AGILON HEALTH INC,00857U206,785874,99352,,
VOYAGER TECHNOLOGIES INC,92892B103,783191,33484,,
VALVOLINE INC,92047W101,781376,23200,,VVV
IBIO INC,451033708,776830,408858,,
GALAPAGOS NV,36315X101,775800,25860,,
EATON VANCE ENHANCED EQUITY,278277108,771710,37718,,
LIBERTY ALL-STAR GROWTH FD I,529900102,771647,162452,,
CPI CARD GROUP INC,12634H200,766389,52818,,PMTS
INNOVAGE HLDG CORP,45784A104,766119,95526,,
PROFRAC HLDG CORP,74319N100,764727,123343,,
BICYCLE THERAPEUTICS PLC,088786108,764672,164800,,BCYC
FLOOR & DECOR HLDGS INC,339750101,762000,15000,CALL,
MODINE MFG CO,607828100,758485,3500,,
TELADOC HEALTH INC,87918A105,757539,138998,,
SPORTSMANS WHSE HLDGS INC,84920Y106,756973,536860,,
BRASKEM SA,105532105,742453,202856,,BAK
BOYD GROUP SERVICES INC,103310108,741077,5796,,BGSI
ARTIVA BIOTHERAPEUTICS INC,04317A107,740864,115041,,
CARLISLE COS INC,142339100,740636,2220,,
NELNET INC,64031N108,739972,5738,,NNI
HAWKINS INC,420261109,737280,4800,,HWKN
VERALTO CORP,92338C103,736715,8332,,VLTO
CHUNGHWA TELECOM CO LTD,17133Q502,734976,17400,,CHT
SI BONE INC,825704109,734397,58147,,
SPDR SERIES TRUST,78468R887,726510,5300,,
COURSERA INC,22266M104,726097,124759,,
LYONDELLBASELL INDUSTRIES NV,N53745100,725040,9000,CALL,
EBAY INC.,278642103,722426,7937,,EBAY
CRICUT INC,22658D100,721588,192938,,
CARDIOL THERAPEUTICS INC,14161Y200,721185,534211,,CRDL
REGENCY CTRS CORP,758849103,717408,9482,,
LITE STRATEGY INC,55279B301,712753,614442,,
EATON VANCE TAX-MANAGED GLOB,27829C105,710706,80946,,
CARTER BANKSHARES INC,146103106,706689,30304,,
X FINL,98372W202,706621,171510,,
GRUPO FINANCIERO GALICIA S.A,399909100,700650,15000,CALL,
AMERICAN WELL CORP,03044L204,699627,133009,,AMWL
WESTWATER RES INC,961684206,698482,1068179,,
BAYTEX ENERGY CORP,07317Q105,697767,156100,,BTE
PROTO LABS INC,743713109,695644,12200,,PRLB
SAB BIOTHERAPEUTICS INC,78397T202,693939,181185,,
FLEXTRONICS INTL LTD,Y2573F102,693876,10600,CALL,
TALKSPACE INC,87427V103,689812,133297,,
INTERNATIONAL PAPER CO,460146103,689010,19300,CALL,
VIRIDIAN THERAPEUTICS INC,92790C104,686830,35114,,
AMERESCO INC,02361E108,684752,26853,,
CHERRY HILL MTG INVT CORP,164651101,684730,273892,,
PLDT INC,69344D408,684052,32512,,PHTCF
PLAYBOY INC,72814P109,682054,448720,,
INOVIO PHARMACEUTICALS INC,45773H409,679268,390384,,
PROSHARES TR,74347G606,677670,8000,,
INVESTAR HOLDING CORP,46134L105,674551,24736,,ISTR
SFL CORPORATION LTD,G7738W106,672217,62300,,SFL
TRX GOLD CORPORATION,87283P109,671003,447335,,TRX
GENEDX HOLDINGS CORP,81663L200,670906,10447,,WGS
GRANITE PT MTG TR INC,38741L107,669118,461461,,
FIRST TR EXCHANGE-TRADED ALP,33734Y109,668386,5600,,
KINGSTONE COS INC,496719105,668268,45866,,
METAGENOMI THERAPEUTICS INC,59102M104,665668,496767,,
INVESCO EXCHANGE TRADED FD T,46137V860,665650,12500,,
COMMERCE.COM INC,08975P108,664563,248900,,
SOLID BIOSCIENCES INC,83422E204,663890,92207,,SLDB
SPRUCE POWER HOLDING CORP,9837FR209,663327,161787,,SPRU
INVESCO EXCHANGE TRADED FD T,46137V696,663326,13000,,
DAILY JOURNAL CORP,233912104,660806,1370,,DJCO
HAEMONETICS CORP MASS,405024100,659412,11700,,
AMBARELLA INC,G037AX101,657233,12768,,AMBA
BETA BIONICS INC,08659B102,656260,65495,,
BIODESIX INC,09075X207,655850,45231,,BDSX
MATTHEWS INTL CORP,577128101,654666,25355,,
RISKIFIED LTD,M8216R109,651504,166200,,RSKD
FS KKR CAP CORP,302635206,649372,63789,,
HNI CORP,404251100,647299,19386,,HNI
CITI TRENDS INC,17306X102,647201,14940,,CTRN
INNOVATIVE INDL PPTYS INC,45781V101,647064,12900,,
FIDELITY COVINGTON TRUST,316092840,646308,11700,,
GROCERY OUTLET HLDG CORP,39874R101,644976,91486,,
TSS INC DEL,87288V101,644229,49518,,
ASSERTIO HOLDINGS INC,04546C304,639978,33577,,
INVESCO EXCH TRADED FD TR II,46138E131,639192,48710,,
FORWARD INDUSTRIES INC,349932103,636804,143748,,
VESTIS CORPORATION,29430C102,634302,80700,,VSTS
DUTCH BROS INC,26701L100,633250,12500,CALL,BROS
WEBULL CORP,G9572D103,633120,131900,CALL,BULLW
EASTERN BANKSHARES INC,27627N105,632257,32324,,
HORIZON TECHNOLOGY FIN CORP,44045A102,632254,150179,,
LITTELFUSE INC,537008104,631191,1860,,
GRAY MEDIA INC,389375106,630884,145365,,
FREIGHTCAR AMER INC,357023100,630132,79063,,
INNOVIZ TECHNOLOGIES LTD,M5R635108,628046,992958,,INVZ
INTL GNRL INSURANCE HLDNGS L,G4809J106,625708,25829,,
SUZANO S A,86959K105,625625,62500,,
MAYVILLE ENGR CO INC,578605107,623009,34708,,
PANTAGES CAPITAL ACQUISITION,G8089R100,622187,59369,,
BANCFIRST CORP,05945F103,621488,5728,,
ISHARES TR,46436E502,621376,11200,,
PROKIDNEY CORP,74291D104,620024,346382,,PROK
HONDA MOTOR CO LTD,438128308,617790,25413,,HNDAF
AARDVARK THERAPEUTICS INC,002942100,615848,163355,,
NEWMARKET CORP,651587107,615312,960,,NEU
ISHARES INC,464286806,614885,15500,,
QUARTZSEA ACQUISITION CORP,G7314B104,614817,59288,,QSEAU
ANGEL OAK MORTGAGE REIT INC,03464Y108,614642,74774,,
SCHWAB STRATEGIC TR,808524763,612927,18900,,
VITESSE ENERGY INC,92852X103,612573,33732,,
MESOBLAST LTD,590717401,612155,39802,,MEOBF
GRAHAM CORP,384556106,609973,7729,,GHM
PALVELLA THERAPEUTICS INC NE,697947109,609539,4890,,
SHOE CARNIVAL INC,824889109,606560,38907,,
ROCKET LAB CORP,773121108,605980,9436,,RKLB
IDAHO STRATEGIC RESOURCES,645827205,605751,18859,,
ARAMARK,03852U106,604330,14907,,ARMK
EOG RES INC,26875P101,603291,4173,,
CLEARWATER PAPER CORP,18538R103,602810,41920,,CLW
VERACYTE INC,92337F107,602327,18700,,
HUYA INC,44852D108,599610,181700,,HUYA
CRONOS GROUP INC,22717L101,597651,238108,,CRON
CORE NATURAL RESOURCES INC,218937100,596961,5700,PUT,
BIOMEA FUSION INC,09077A106,594705,388696,,
EATON VANCE TAX MNGED BUY WR,27828X100,593138,41133,,
FIRSTSERVICE CORP NEW,33767E202,592857,4267,,FSV
T ROWE PRICE ETF INC,87283Q305,592606,14633,,
SABLE OFFSHORE CORP,78574H104,592027,35837,,SOC
PRIMEENERGY RESOURCES CORP,74158E104,591672,2541,,PNRG
OUSTER INC,68989M202,590926,32168,,
POSCO HOLDINGS INC,693483109,590281,10092,,PKX
STONECO LTD,G85158106,585048,41434,,STNE
UNITED STS LIME & MINERALS I,911922102,583304,4466,,
OPTICAL CABLE CORP,683827208,583019,70669,,OCC
SELECT SECTOR SPDR TR,81369Y704,582228,3600,CALL,
SURO CAPITAL CORP,86887Q109,579357,54095,,
AMERICAN BATTERY TECHNOLOGY,02451V309,579318,207641,,
HCA HEALTHCARE INC,40412C101,578299,1222,,
PERSONALIS INC,71535D106,577829,90711,,
FIVE POINT HOLDINGS LLC,33833Q106,577175,119251,,
HEALTHCARE SVCS GROUP INC,421906108,575143,31005,,
FORRESTER RESH INC,346563109,575062,101601,,
WESCO INTL INC,95082P105,574602,2100,CALL,
INDIE SEMICONDUCTOR INC,45569U101,574480,178410,,
EAGLE FINL SVCS INC,26951R104,574127,16413,,
TECNOGLASS INC,G87264100,573804,12880,,
AGENUS INC,00847G804,570879,170922,,AGEN
ASSEMBLY BIOSCIENCES INC,045396207,570263,20550,,
JBT MAREL CORPORATION,477839104,569661,4455,,JBTM
NEW PAC METALS CORP,64782A107,567594,137100,,
ORION GROUP HLDGS INC,68628V308,566342,51958,,
PERFORMANCE FOOD GROUP CO,71377A103,565356,6600,CALL,PFGC
INFOSYS LTD,456788108,563367,41700,,INFY
ENTRADA THERAPEUTICS INC,29384C108,562877,44602,,
CANNAE HLDGS INC,13765N107,562815,49500,,
BANCO SANTANDER BRASIL S A,05967A107,560237,94475,,
EXELON CORP,30161N101,559514,11414,,EXC
HARVARD BIOSCIENCE INC,416906204,555750,114117,,HBIO
AMERICAN BITCOIN CORP.,02462A104,555681,601126,,ABTC
JACK IN THE BOX INC,466367109,555039,57398,,JACK
TREDEGAR CORP,894650100,553861,69668,,TG
AFFIRM HLDGS INC,00827B106,549840,12000,CALL,
FORTRESS BIOTECH INC,34960Q307,549142,196825,,
ENVIRI CORP,415864107,547398,27900,,NVRI
PHILLIPS 66,718546104,546540,3000,,PSX
AMERICAN PUB ED INC,02913V103,546048,9600,,
FIRST TR EXCHANGE TRADED FD,33738R753,545631,15500,,
BUILDERS FIRSTSOURCE INC,12008R107,541484,6577,,
ACRIVON THERAPEUTICS INC,004890109,541259,389395,,
ISHARES TR,464287150,541234,3800,,
BAKER HUGHES COMPANY,05722G100,540964,8861,,
STANDARDAERO INC,85423L103,537264,20800,,
HIGH TEMPLAR TECHNOLOGY LTD,747798106,537058,276834,,
MONOPAR THERAPEUTICS INC,61023L207,535024,9765,,
MATERIALISE NV,57667T100,533436,107983,,MTLS
FIRST NATL CORP VA,32106V107,533043,19801,,
WESTERN DIGITAL CORP,958102105,532865,1970,,WDC
SPORTRADAR GROUP AG,H8088L103,532332,31800,,SRAD
PROSHARES TR,74347R248,531222,7100,,
INNOVATIVE SOLUTIONS & SUPPO,45769N105,530865,25858,,
NIOCORP DEVS LTD,654484609,528929,118594,,
IDEXX LABS INC,45168D104,528738,941,,
SILICOM LTD,M84116108,527774,25013,,SILC
HALLADOR ENERGY COMPANY,40609P105,527472,32400,,
TRUEBLUE INC,89785X101,526536,134664,,
CRH PLC,G25508105,525600,5000,CALL,
GAOTU TECHEDU INC,36257Y109,525280,268000,,GOTU
NETGEAR INC,64111Q104,524160,24000,,
SUPERIOR GROUP OF CO INC,868358102,523982,51573,,
ADVANCED DRAIN SYS INC DEL,00790R104,522877,3813,,
UNITED CMNTY BKS BLAIRSVLE G,90984P303,522734,16600,,
COMSTOCK RES INC,205768302,521519,24740,,
FIREFLY AEROSPACE INC,31816X106,520175,18271,,FLY
PARSONS CORP DEL,70202L102,517594,9555,,PSN
APTIV PLC,G3265R107,513856,7400,,APTV
NEONODE INC,64051M709,512415,366011,,NEON
PLUMAS BANCORP,729273102,511487,10477,,PLBC
INTEST CORP,461147100,510920,37430,,INTT
CAE INC,124765108,510736,19606,,CAE
YPF SOCIEDAD ANONIMA,984245100,508420,11000,,YPF
SCRIPPS E W CO OHIO,811054402,507962,136549,,
BRC GROUP HOLDINGS INC,05580M108,506163,69148,,
LEGALZOOM COM INC,52466B103,505764,89200,,
HUNTINGTON BANCSHARES INC,446150104,505495,32300,CALL,
BANK7 CORP,06652N107,503166,12617,,BSVN
C & F FINL CORP,12466Q104,502848,6894,,
REVOLVE GROUP INC,76156B107,499138,22076,,
URANIUM RTY CORP,91702V101,497747,136369,,
BRAZIL POTASH CORP,10586A108,496980,153389,,GRO
CONTINEUM THERAPEUTICS INC,21217B100,495183,37916,,
VISTEON CORP,92839U206,495001,5433,,VC
OPUS GENETICS INC,67577R102,494317,108641,,
NOVOCURE LTD,G6674U108,493966,45318,,NVCR
PERION NETWORK LTD,M78673114,493506,49400,,PERI
CROSS CTRY HEALTHCARE INC,227483104,493039,52451,,
EQUILLIUM INC,29446K106,492346,246173,,
RCM TECHNOLOGIES INC,749360400,492147,25713,,
ZEVRA THERAPEUTICS INC,488445206,488704,52436,,
KRATOS DEFENSE & SEC SOLUTIO,50077B207,483840,6862,,
SIGNET JEWELERS LIMITED,G81276100,482448,5700,,
CAMP4 THERAPEUTICS CORP,13463J101,480139,108875,,CAMP
SIGHT SCIENCES INC,82657M105,479201,127109,,
EXAGEN INC,30068X103,473463,157821,,XGN
MAZE THERAPEUTICS INC,578784100,472973,15845,,
TPG MTG INVTS TR INC,001228501,470976,64429,,
PACER FDS TR,69374H717,465149,10600,,
KNOWLES CORP,49926D109,464808,18100,,KN
EUROPEAN WAX CTR INC,29882P106,463909,80261,,
RAYONIER ADVANCED MATLS INC,75508B104,462649,41793,,
ENLIGHT RENEWABLE ENERGY LTD,M4056D110,461984,6768,,ENLT
VERRA MOBILITY CORP,92511U102,461567,32300,,VRRM
PERIMETER SOLUTIONS INC,71385M107,461538,18900,,
TREVI THERAPEUTICS INC,89532M101,458291,38415,,
CANDEL THERAPEUTICS INC,137404109,458150,93500,,
DOUGLAS ELLIMAN INC,25961D105,458016,279278,,DOUG
ETF SER SOLUTIONS,26922A248,456756,18500,,
IMPERIAL PETE INC,Y3894J187,456312,106615,,
PTC INC,69370C100,453403,3182,,PTC
TORRID HLDGS INC,89142B107,448008,251690,,
LEGG MASON ETF INVT,524682200,447590,5952,,
TITAN MNG CORP,88831L202,444505,149665,,
SCHWAB STRATEGIC TR,808524102,444270,17700,,
TENARIS S A,88031M109,441819,7594,,
SOLID POWER INC,83422N105,441600,147200,,
SPIRE INC,84857L101,440930,4870,,SRJN
SERVE ROBOTICS INC,81758H106,440121,52147,,
GREENE CNTY BANCORP INC,394357107,438698,19576,,
KINDERCARE LEARNING COMPANIE,49456W105,437820,199009,,
SILICON LABORATORIES INC,826919102,437115,2100,,SLAB
RE/MAX HLDGS INC,75524W108,436527,75786,,
QUINSTREET INC,74874Q100,436515,36346,,
FIRST TR EXCHANGE TRADED FD,33741L108,435923,12609,,
TRIPADVISOR INC,896945201,434928,40800,,
PROGYNY INC,74340E103,433958,25557,,
FLEXSTEEL INDS INC,339382103,433941,9656,,
VIANT TECHNOLOGY INC,92557A101,433586,38713,,DSP
COSTAMARE BULKERS HLDGS LTD,Y2001C101,433005,27990,,
GRAFTECH INTL LTD SR NT,384313607,429947,63414,,
BAKKT INC,05759B305,428043,58158,,
MITSUBISHI UFJ FINANCIAL GRO,606822104,427644,25200,,
MAXCYTE INC,57777K106,427234,608162,,
API GROUP CORP,00187Y100,427081,10540,,APG
DIMENSIONAL ETF TRUST,25434V401,425460,6000,,
GRAHAM HLDGS CO,384637104,422904,400,,
AGORA INC,00851L103,421717,119129,,
DIVERSIFIED HEALTHCARE TR,25525P107,420976,63400,,
INFLECTION POINT ACQU CORP V,G6001J107,418787,40268,,
MADRIGAL PHARMACEUTICALS INC,558868105,418776,800,PUT,
HANCOCK JOHN PREM DIVID FD,41013T105,418676,31960,,
BROOKFIELD WEALTH SOL LTD,G17434104,417809,10092,,
SILVERCREST ASSET MGMT GROUP,828359109,417621,31073,,
COLUMBUS MCKINNON CORP N Y,199333105,416735,28681,,
TWIN DISC INC,901476101,416053,27608,,TWIN
GENESCO INC,371532102,415021,14316,,GCO
INTEGER HLDGS CORP,45826H109,413600,4700,,
VAALCO ENERGY INC,91851C201,413381,65202,,
PAYSAFE LIMITED,G6964L206,412536,60578,,
HIGHWOODS PPTYS INC,431284108,411072,19200,,
JANUS INTERNATIONAL GROUP IN,47103N106,410970,79800,,
UNITED STS OIL FD LP,91232N207,409618,3219,,
OP BANCORP,67109R109,409361,30779,,OPBK
CAPRI HOLDINGS LIMITED,G1890L107,407903,23150,,
RCI HOSPITALITY HLDGS INC,74934Q108,406018,17800,,
ULTRALIFE CORP,903899102,405707,62225,,ULBI
PRESTIGE CONSMR HEALTHCARE I,74112D101,403036,6800,,
SAFEHOLD INC,78646V107,402612,29757,,SAFE
FRANKLIN FINL SVCS CORP,353525108,402561,7881,,
NEXSTAR MEDIA GROUP INC,65336K103,402347,2225,,
FORTE BIOSCIENCES INC,34962G208,401683,15509,,
AMER SPORTS INC,G0260P102,401624,12200,,
COLGATE PALMOLIVE CO,194162103,400581,4700,,CL
INVESCO EXCHANGE TRADED FD T,46137V795,398797,8483,,
NERDWALLET INC,64082B102,396516,38200,,
TRON INC,85237B101,396372,174613,,TRON
KORU MEDICAL SYSTEMS INC,759910102,395906,91645,,
CODEXIS INC,192005106,394387,241955,,
THE BEACHBODY COMPANY INC,073463309,393414,36226,,
VINCE HLDG CORP,92719W207,393273,163184,,
PRICESMART INC,741511109,391300,2600,,PSMT
LPL FINL HLDGS INC,50212V100,391079,1300,CALL,
GINKGO BIOWORKS HOLDINGS INC,37611X209,389966,63616,,
ELLINGTON FINANCIAL INC,28852N109,387495,32700,,EFC-PC
ISHARES TR,464287234,386172,6800,CALL,
SONIDA SENIOR LIVING INC,140475203,384517,11923,,
SALLY BEAUTY HLDGS INC,79546E104,383645,27700,,
PAPA JOHNS INTL INC,698813102,381952,11785,,
RENT THE RUNWAY INC,76010Y202,380727,79650,,
ALDEYRA THERAPEUTICS INC,01438T106,377778,223537,,
SERITAGE GROWTH PPTYS,81752R100,377622,134385,,
RHYTHM PHARMACEUTICALS INC,76243J105,373971,4300,,
COOPER-STANDARD HOLDINGS INC,21676P103,370671,13300,,CPS
GDS HLDGS LTD,36165L108,370668,9200,,
SYLVAMO CORP,871332102,369600,8750,,SLVM
INTREPID POTASH INC,46121Y201,369576,8641,,
GOODRX HLDGS INC,38246G108,369207,188371,,
ELEVANCE HEALTH INC FORMERLY,036752103,368865,1260,,
CORPORACION AMER ARPTS S A,L1995B107,368576,14574,,
BJS RESTAURANTS INC,09180C106,368550,10500,,BJRI
ADVISORSHARES TR,00768Y206,367335,4500,,
FRANKLIN TEMPLETON ETF TR,35473P876,367048,8600,,
CRESUD S A C I F Y A,226406106,366768,28834,,
POET TECHNOLOGIES INC,73044W302,366326,61671,,POET
RIMINI STR INC DEL,76674Q107,366051,111601,,
PRA GROUP INC,69354N106,365890,20908,,PRAA
WOLFSPEED INC,97785W106,365650,22405,,
HEALTHCARE RLTY TR,42226K105,365285,21500,,
INVESCO EXCHANGE TRADED FD T,46137V100,364540,2200,,
OMADA HEALTH INC,68170A108,363273,28900,,
WISDOMTREE TR,97717W505,362526,6900,,
BIRKENSTOCK HOLDING PLC,M2029K104,361883,10100,CALL,BIRK
U S GOLD CORP,90291C201,361416,23793,,
RADCOM LTD,M81865111,360848,29675,,RDCM
VANECK ETF TRUST,92189F304,360103,9300,,
AUTOHOME INC,05278C107,359559,20700,,ATHM
CERTARA INC,15687V109,357578,62733,,
QUANTUMSPHERE ACQUISITION CO,G7387B106,357145,35291,,
GE HEALTHCARE TECHNOLOGIES I,36266G107,355900,5000,CALL,
CABOT CORP,127055101,354559,4708,,CBT
RESOURCES CONNECTION INC,76122Q105,352776,94578,,
MAGNUM ICE CREAM CO NV,N5505D105,352386,23571,,
WEX INC,96208T104,351992,2300,,WEX
WOORI FINL GROUP INC,981064108,350249,5259,,
SAMSARA INC,79589L106,348590,11000,PUT,IOT
NUSHARES ETF TR,67092P797,345312,9600,,
SHIFT4 PMTS INC,82452J109,344417,7876,,
ZUMIEZ INC,989817101,343480,15500,,ZUMZ
AMERICAN CENTY ETF TR,025072752,342651,4648,,
INVESCO EXCH TRADED FD TR II,46138E578,342350,5000,,
AGILYSYS INC,00847J105,341543,4801,,AGYS
ON HLDG AG,H5919C104,341425,10036,,
TOWNSQUARE MEDIA INC,892231101,340819,62766,,
XPEL INC,98379L100,340802,7700,,
BOOT BARN HLDGS INC,099406100,336628,2300,CALL,
KRONOS WORLDWIDE INC,50105F105,335832,51116,,KRO
KYNTRA BIO INC,31572Q881,335685,49511,,
ACTINIUM PHARMACEUTICALS INC,00507W206,335583,337168,,
CARDIFF ONCOLOGY INC,14147L108,335324,206990,,
STITCH FIX INC,860897107,334972,101200,,
TAYLOR DEVICES INC,877163105,334305,5865,,
AGI INC,G0118C105,333271,45842,,AGBK
AYTU BIOPHARMA INC,054754858,332986,121973,,
EXCHANGE TRADED CONCEPTS TRU,301505673,332480,6400,,
ALLOT LTD,M0854Q105,332281,49892,,ALLT
KORE GROUP HLDGS INC,50066V305,330962,36692,,
SMARTSTOP SELF STORAG REIT I,83192D402,330052,10900,,
GLOBALSTAR INC,378973507,329111,4955,,
FIDELITY NATL INFORMATION SV,31620M106,328370,7000,PUT,
LA Z BOY INC,505336107,327828,10200,,
ARCHER AVIATION INC,03945R102,325193,62900,CALL,ACHR-WT
RED VIOLET INC,75704L104,324617,9382,,
CS DISCO INC,126327105,324142,84854,,
INNOVATOR ETFS TRUST,45782C102,323542,9684,,
PENTAIR PLC,G7S00T104,322307,3700,CALL,PNR
PEPGEN INC,713317105,321618,181705,,PEPG
EVERQUOTE INC,30041R108,320736,20800,,
STAGWELL INC,85256A109,320620,50973,,STGW
COMPASS DIVERSIFIED,20451Q104,319273,40620,,
HAFNIA LTD,Y2990R101,318888,41959,,HAFN
PARK NATL CORP,700658107,318401,1948,,
ARRAY DIGITAL INFRASTRUCTURE,911684108,318366,6900,,
GOPRO INC,38268T103,317858,412803,,
MONTE ROSA THERAPEUTICS INC,61225M102,317485,19300,,
EXPENSIFY INC,30219Q106,316838,364223,,
GRAVITY CO LTD,38911N206,315996,5100,,
BUILD-A-BEAR WORKSHOP INC,120076104,314580,8400,,BBW
ALPS ETF TR,00162Q445,314474,11500,,
LB PHARMACEUTICALS INC,50180M108,313675,12720,,LBRX
CARRIER GLOBAL CORPORATION,14448C104,312971,5558,,CARR
SPDR SERIES TRUST,78468R796,312877,5900,,
ADURO CLEAN TECHNOLOGIES INC,007408206,312203,29762,,ADUR
TEJON RANCH CO,879080109,311237,16520,,TRC
WISDOMTREE TR,97717Y857,311094,6300,,
VELOCITY FINL INC,92262D101,310135,17144,,
OMNICOM GROUP INC,681919106,308771,4100,CALL,OMC
HOOKER FURNISHINGS CORPORATI,439038100,308656,23964,,
STRATTEC SEC CORP,863111100,307485,3925,,
AMERICAS CAR-MART INC,03062T105,307086,24123,,
ALICO INC,016230104,302436,7330,,
DR REDDYS LABS LTD,256135203,301930,21800,,
XAI MADISON EQUITY PREMIUM I,557437100,301463,51709,,
VIRCO MFG CO,927651109,300712,49136,,
ARDMORE SHIPPING CORP,Y0207T100,300425,19700,,ASC
INVESCO EXCHANGE TRADED FD T,46137V548,300322,13500,,
PHREESIA INC,71944F106,300004,35800,,
CONSTELLATION BRANDS INC,21036P108,300000,2000,CALL,
OPERA LTD,68373M107,298034,20900,,OPRA
SILVACO GROUP INC,82728C102,296886,41933,,
INVESCO EXCHANGE TRADED FD T,46137V639,296126,5100,,
ECHOSTAR CORP,278768106,294665,2517,,ECHO
HUBBELL INC,443510607,294444,600,CALL,HUBB
ADICET BIO INC,007002207,293552,43106,,
GLOBAL BUSINESS TRAVEL GROUP,37890B100,292950,52500,,
DINGDONG CAYMAN LTD,25445D101,292461,113798,,
JAKKS PAC INC,47012E403,291529,14635,,
FIRST WESTN FINL INC,33751L105,290929,11836,,
FUEL TECH INC,359523107,290456,238079,,
TRUBRIDGE INC,205306103,289374,19766,,
COASTAL FINL CORP WA,19046P209,289180,3800,,
RIVERVIEW BANCORP INC,769397100,288145,52390,,RVSB
ETF SER SOLUTIONS,26922A297,288139,5100,,
DEFINITIVE HEALTHCARE CORP,24477E103,287305,233581,,DH
MAPLIGHT THERAPEUTICS INC,56565P103,286612,14098,,
GOOSEHEAD INS INC,38267D109,285907,6702,,
FRANKLIN STR PPTYS CORP,35471R106,284242,427753,,
BUNGE GLOBAL SA,H11356104,283147,2226,,BG
IHEARTMEDIA INC,45174J509,281900,96541,,
PRECIGEN INC,74017N105,281736,72800,,
TERNIUM SA,880890108,281050,7000,,
ENVELA CORP,29402E102,280638,16845,,ELA
NEUROGENE INC,64135M105,280043,13891,,NGNE
NUVEEN CORE EQUITY ALPHA FD,67090X107,279652,18921,,
CODA OCTOPUS GROUP INC,19188U206,277969,24599,,
KKR & CO INC,48251W104,277500,3000,CALL,
TIDAL TRUST I,886364405,275454,5400,,
ALPS ETF TR,00162Q528,274489,4380,,
UPLAND SOFTWARE INC,91544A109,274468,412114,,
Q32 BIO INC,746964105,271861,42346,,QTTB
RADNET INC,750491102,271402,4856,,
CBRE GROUP INC,12504L109,270920,2000,CALL,
908 DEVICES INC,65443P102,270057,44127,,MASS
LIPOCINE INC NEW,53630X203,269663,33750,,LPCN
VIOMI TECHNOLOGY CO LTD,92762J103,268806,242168,,
INVESCO ACTIVELY MANAGED EXC,46090A101,268539,2900,,
VISTAGEN THERAPEUTICS INC,92840H400,268387,469619,,
VERRICA PHARMACEUTICALS INC,92511W207,268002,50662,,VRCA
UNIVERSAL ELECTRS INC,913483103,264092,64100,,
YETI HLDGS INC,98585X104,263777,7209,,
WIPRO LTD,97651M109,262282,123718,,WIT
C H ROBINSON WORLDWIDE IN,12541W209,262225,1579,,
SMARTRENT INC,83193G107,262085,174723,,
ENEL CHILE SA,29278D105,259725,65920,,
COHERENT CORP,19247G107,259649,1090,,COHR
OMS ENERGY TECHNOLOGIES INC,G6755S105,259215,60883,,OMSE
SAN JUAN BASIN RTY TR,798241105,258970,53840,,
CONCRETE PUMPING HLDGS INC,206704108,258511,36206,,
TWO HARBORS INVENTMENT CORPO,90187B804,258092,22600,,
INVESCO EXCH TRADED FD TR II,46138E339,257853,2300,,
LOANDEPOT INC,53946R106,256597,180702,,
JADE BIOSCIENCES INC,008064206,256427,18251,,
ERASCA INC,29479A108,255644,15800,,
ORCHESTRA BIOMED HLDGS INC,68572M106,255455,60107,,
VYNE THERAPEUTICS INC,92941V308,254781,426412,,
HERON THERAPEUTICS INC,427746102,253952,317400,,
BULLISH,G16910120,253683,7100,,BLSH
HAVERTY FURNITURE COS INC,419596101,252868,11939,,
STRATASYS LTD,M85548101,252716,32358,,SSYS
VANGUARD WORLD FD,92204A702,251179,360,,
VANECK ETF TRUST,92189F684,250892,1000,,
TARGA RES CORP,87612G101,250730,1000,CALL,
PEARSON PLC,705015105,246844,18800,,PSORF
VICTORIAS SECRET AND CO,926400102,245801,5302,,
AMERICAN WTR WKS CO INC NEW,030420103,244826,1799,,
VERTICAL AEROSPACE LTD,G9471C206,244497,110632,,EVTWF
UPBOUND GROUP INC,76009N100,243675,13500,,
TASKUS INC,87652V109,243076,36226,,
MINIMED GROUP INC,60365F109,242674,16265,,
FIRST BANCORP N C,318910106,242361,4301,,
ENOVIX CORPORATION,293594107,238990,46137,,ENVX
PUBLIC POL HLDG CO INC,744430208,238710,18250,,
KIMCO REALTY CORP,49446R109,238182,10600,,KIM-PN
SUMITOMO MITSUI FIN GRP INC,86562M209,237000,12000,,
ZEPP HEALTH CORPORATION,98945L204,236013,19750,,ZEPP
BRADY CORP,104674106,235596,2900,,BRC
SUPER GROUP SGHC LIMITED,G8588X103,235440,21800,,
FIRST TR ENHANCED EQUITY,337318109,234233,11482,,
HYLIION HOLDINGS CORP,449109107,232848,132300,,HYLN
LYELL IMMUNOPHARMA INC,55083R203,232395,11585,,
GIBRALTAR INDS INC,374689107,231246,5800,,
GRUPO SUPERVIELLE S.A.,40054A108,231035,24500,,SUPV
FTAI INFRASTRUCTURE INC,35953C106,227734,46100,,FIP
SOUTHWEST GAS HLDGS INC,844895102,225940,2600,,
ETF SER SOLUTIONS,26922A511,225835,7500,,
ADVISORS INNER CIRCLE FD III,00774Q346,225131,5600,,
CLEAN ENERGY FUELS CORP,184499101,224440,90500,,CLNE
LIVE VENTURES INC,538142308,224278,18768,,LIVE
ADAPTHEALTH CORP,00653Q102,223815,18808,,AHCO
ONITY GROUP INC,675746606,223407,5689,,ONIT
LOVESAC COMPANY,54738L109,223396,15125,,
MAGNERA CORP,55939A107,223304,23481,,MAGN
BAUSCH PLUS LOMB CORP,071705107,222600,14000,,
GSK PLC,37733W204,220760,4000,PUT,GLAXF
SIONNA THERAPEUTICS INC,829401108,220495,5500,,
FRACTYL HEALTH INC,35168W103,219624,479737,,
JOBY AVIATION INC,G65163100,218064,26400,CALL,
SPOK HLDGS INC,84863T106,216910,19900,,
GALLAGHER ARTHUR J & CO,363576109,216580,1000,CALL,
EXP WORLD HLDGS INC,30212W100,216239,36100,,
LIMONEIRA CO,532746104,215834,16083,,LMNR
STAR HLDGS,85512G106,214564,28344,,
STANLEY BLACK & DECKER INC,854502101,213180,3000,CALL,
MISTER CAR WASH INC,60646V105,211888,30400,,
SOUNDTHINKING INC,82536T107,211105,31889,,
SAGIMET BIOSCIENCES INC,786700104,209690,40132,,SGMT
ARBOR REALTY TRUST INC,038923108,208941,27100,,ABR-PF
AMERICAN WOODMARK CORP,030506109,207713,5215,,
VALENS SEMICONDUCTOR LTD,M9607U115,207604,183720,,VLNWF
VELO3D INC,92259N302,206946,22039,,
GOLDMINING INC,38149E101,206614,173625,,GLDG
MIZUHO FINANCIAL GROUP INC,60687Y109,206440,26000,,MZHOF
SIMILARWEB LTD,M84137104,206388,79076,,SMWB
BITDEER TECHNOLOGIES GROUP,G11448100,198950,23000,CALL,BTDR
CUSTOM TRUCK ONE SOURCE INC,23204X103,198099,30152,,
CATO CORP NEW,149205106,197859,69915,,CATO
PROTARA THERAPEUTICS INC,74365U107,197136,37838,,
BOS BETTER ONLINE SOLUTIONS,M20115180,195104,43453,,BOSC
LINKBANCORP INC,53578P105,194739,23350,,
CLARUS CORP NEW,18270P109,193996,71322,,CLAR
OPKO HEALTH INC,68375N103,193800,170000,,
PRAIRIE OPER CO,739650109,192280,94719,,
BCP INVESTMENT CORPORATION,73688F201,190587,25344,,BCIC
RIDENOW GROUP INC,781386305,189003,26771,,
GENIE ENERGY LTD,372284208,187864,13286,,GNE
UNIFI INC,904677200,187339,52476,,UFI
AIRSCULPT TECHNOLOGIES INC,009496100,186981,66071,,
1 800 FLOWERS COM INC,68243Q106,185963,61172,,FLWS
MASTERBRAND INC,57638P104,182820,22000,,
XOS INC,98423B306,179364,110039,,
PALLADYNE AI CORP,80359A205,177202,29193,,PDYNW
KALARIS THERAPEUTICS INC,482929106,176850,30650,,
COHEN & CO INC NEW,19249M102,176719,11711,,COHN
YALLA GROUP LTD,98459U103,175686,28200,,YALA
COMPASS THERAPEUTICS INC,20454B104,175099,33100,,
DESIGN THERAPEUTICS INC,25056L103,173432,16300,,
DAVE & BUSTERS ENTMT INC,238337109,173280,16000,CALL,
TECOGEN INC NEW,87876P201,172590,67418,,TGEN
ALIGOS THERAPEUTICS INC,01626L204,171581,23093,,
CIBUS INC,17166A101,170688,86206,,
INFLARX NV,N44821101,169109,189075,,
ORASURE TECHNOLOGIES INC,68554V108,168300,56100,,OSUR
VTEX,G9470A102,166800,41700,,VTEX
SERES THERAPEUTICS INC,81750R201,166703,18794,,
IMMERSION CORP,452521107,164515,30131,,IMMR
PATTERN GROUP INC,70339W104,163442,13149,,PTRN
ZEVIA PBC,98955K104,162045,138500,,ZVIA
VERSAMET ROYALTIES CORP,92528V200,161670,17000,,VMET
NEXPOINT REAL ESTATE FIN INC,65342V101,161519,11991,,
AURORA CANNABIS INC,05156X850,161175,49289,,ACB
CURIOSITYSTREAM INC,23130Q107,157804,53312,,CURI
SERVICE PPTYS TR,81761L102,157722,116400,,
OFS CAP CORP,67103B100,156221,44006,,
CURRENC GROUP INC,G47862100,155984,59536,,CURR
CONDUENT INC,206787103,155264,121300,,CNDT
STANDARD LITHIUM LTD,853606101,155053,45470,,SLI
BLEND LABS INC,09352U108,154433,90843,,
ENDAVA PLC,29260V105,152194,34433,,DAVA
URANIUM ENERGY CORP,916896103,151200,11200,CALL,UEC
AGOMAB THERAPEUTICS NV,00860C102,149388,14241,,AGMB
YATSEN HLDG LTD,985194208,146670,47620,,
WAH FU EDUCATION GROUP LIMIT,G94184101,146433,94473,,
LUMEXA IMAGING HOLDINGS INC,550249106,145288,16894,,
J JILL INC,46620W201,144980,12651,,
BRILLIANT EARTH GROUP INC,109504100,144394,108567,,
MOTORSPORT GAMES INC,62011B201,142930,34861,,MSGM
LINEAGE CELL THERAPEUTICS IN,53566P109,139964,88585,,
CORMEDIX INC,21900C308,139793,20588,,CRMD
TEADS HLDG CO,69002R103,139254,211439,,
FIRST WATCH RESTAURANT GROUP,33748L101,138336,13200,,
HELLO GROUP INC,423403104,137664,23900,,MOMO
UNIVERSAL SAFETY PRODS INC,913821302,137566,25012,,
LEONABIO INC,04746L203,136477,13276,,
ENLIVEX LTD,M4130Y106,136178,146412,,ENLV
NEWELL BRANDS INC,651229106,130340,38000,,NWL
BITGO HOLDINGS INC,091947101,129252,15705,,
MINERVA NEUROSCIENCES INC,603380205,128899,21394,,
BLINK CHARGING CO,09354A100,128783,227171,,BLNK
OXFORD SQUARE CAP CORP,69181V107,128576,72642,,
SUNPOWER INC,20460L104,127875,100689,,SPWRW
AMC ENTMT HLDGS INC,00165C302,124768,127314,,
CONNECT BIOPHARMA HLDGS LTD,G23549101,124358,47465,,
ICL GROUP LTD,M53213100,124320,24000,,ICL
QUANTERIX CORP,74766Q101,123851,35185,,QTRX
KOPIN CORP,500600101,123507,54892,,KOPN
CREXENDO INC,226552107,123141,19958,,
M-TRON INDS INC,55380K133,121502,57858,,
DAWSON GEOPHYSICAL CO NEW,239360100,119771,34616,,DWSN
CRAWFORD & CO,224633206,119480,11984,,CRD-B
ORGANIGRAM GLOBAL INC,68617J100,116540,86970,,OGI
GROWGENERATION CORP,39986L109,115448,104953,,GRWG
ELECTROCORE INC,28531P202,115300,19121,,
YEXT INC,98585N106,113153,29467,,
CYTEK BIOSCIENCES INC,23285D109,111872,25600,,
RENEW ENERGY GLOBAL PLC,G7500M104,111752,24400,,RNWWW
CERAGON NETWORKS LTD,M22013102,111091,51431,,CRNT
GULF RES INC,40251W507,109894,17583,,
CCC INTELLIGENT SOLUTIONS HL,12510Q100,109800,18300,,
HUMACYTE INC,44486Q103,107711,177536,,
AC IMMUNE SA,H00263105,107500,39091,,ACIU
PYXIS ONCOLOGY INC,747324101,107018,73300,,
D MARKET ELECTR SVCS & TRADI,23292B104,104114,39738,,
ABACUS GLOBAL MGMT INC,00258Y104,104048,13204,,
HONEST CO INC,438333106,102018,34700,,
ONKURE THERAPEUTICS INC,68277Q105,100445,24262,,
MBIA INC,55262C100,99719,16873,,MBI
BTQ TECHNOLOGIES CORP,055869101,97546,36534,,BTQ
MIND TECHNOLOGY INC,602566309,96309,11534,,
ANTERIS TECHNOLOGIES GLOBAL,03675P102,96209,17335,,
INSPIRED ENTMT INC,45782N108,95913,13452,,
AMPLITECH GROUP INC,03211Q200,93174,49039,,
DMC GLOBAL INC,23291C103,92550,17764,,BOOM
BLACK DIAMOND THERAPEUTICS I,09203E105,92229,43300,,
BAIRD MED INVT HLDGS LTD,G0705H103,91311,46587,,
OLAPLEX HLDGS INC,679369108,90741,44700,,
PRIORITY TECHNOLOGY HLDGS IN,74275G107,90412,19155,,
UP FINTECH HLDG LTD,91531W106,89460,14200,,
PULMONX CORP,745848101,88509,68612,,LUNG
EON RESOURCES INC,40472A102,87375,105271,,EONR-WT
ALPHA COGNITION INC,02074J501,87214,15886,,ACOG
XPERI INC,98423J101,86240,15400,,XPER
SKILLZ INC,83067L208,85408,32976,,
SILENCE THERAPEUTICS PLC,82686Q101,85390,16203,,SLNCF
PLAYSTUDIOS INC,72815G108,84972,181100,,
PUMA BIOTECHNOLOGY INC,74587V107,83070,13000,,
EVOLUTION PETE CORP,30049A107,82591,18033,,
MONROE CAP CORP,610335101,82303,17892,,
AQUABOUNTY TECHNOLOGIES INC,03842K309,80301,92801,,AQB
MARKER THERAPEUTICS INC,57055L206,79301,61001,,
NOMURA HLDGS INC,65535H208,78900,10000,,
AIRO GROUP HLDGS INC,009422106,78332,10300,,
EUPRAXIA PHARMACEUTICALS INC,29842P105,78192,10800,,EPRX
TON STRATEGY CO,92337U302,77309,31299,,TONX
ODYSSEY MARINE EXPL INC,676118201,77245,92620,,
ALT5 SIGMA CORP,47089W104,77166,69519,,
HEALTH IN TECH INC,42217D102,75844,52306,,
IMMUNIC INC,4525EP101,74576,67186,,
ARQ INC,00770C101,73472,28700,,
MILLENNIUM GROUP INTL HLDGS,G6169A104,72946,53245,,
SAVARA INC,805111101,72154,13215,,SVRA
BATTALION OIL CORP,07134L107,72134,18496,,BATL
COMSTOCK INC,205750409,71767,23530,,LODE
INOGEN INC,45780L104,71187,11519,,INGN
UDEMY INC,902685106,71148,15400,,
SNDL INC,83307B101,70884,53700,,SNDL
FOREMOST CLEAN ENERGY LTD,34547F105,69624,39559,,FMSTW
AEYE INC,008183204,68813,38018,,
MOBILICOM LTD,Q6297L120,65329,12710,,MOBBW
ORGANOGENESIS HLDGS INC,68621F102,63983,26997,,
QVC GROUP INC,74915M605,62635,28864,,
MEREO BIOPHARMA GROUP PLC,589492107,61987,187839,,MREO
FLEXIBLE SOLUTIONS INTL INC,33938T104,59946,11100,,
REPAY HLDGS CORP,76029L100,59540,22900,,
INTELLIGENT PROTECTION MANAG,69764K106,59023,38577,,
HOUR LOOP INC,44170P106,57276,32451,,
X4 PHARMACEUTICALS INC,98420X202,57275,13868,,
IT TECH PACKAGING INC,46527C209,56074,308100,,
EIGHTCO HOLDINGS INC,22890A302,55839,59900,,ORBS
ALPHA TEKNOVA INC,02080L102,55248,19117,,
DIGI PWR X INC,25380B102,55092,27139,,
ALTA EQUIPMENT GROUP INC,02128L106,55032,10248,,ALTG-PA
BINAH CAP GROUP INC,09032H105,53671,26702,,
CYPHERPUNK TECHNOLOGIES INC,52187K200,52898,66572,,CYPH
BITCOIN DEPOT INC,09174P303,52797,24219,,BTMCQ
BACKBLAZE INC,05637B105,52785,15300,,
COFFEE HLDG CO INC,192176105,51425,12100,,
SOPHIA GENETICS SA,H82027105,50480,10198,,SOPH
LESLIES INC,527064208,49095,43835,,
MDXHEALTH SA,B5950S113,48723,21184,,MDXH
PALISADE BIO INC,696389402,48370,27640,,
FORUM MARKETS INC,68236V401,47153,16316,,FRMM
BRIDGER AEROSPACE GRP HLDGS,96812F102,46578,23524,,
FERROGLOBE PLC,G33856108,46556,11300,,GSM
RACKSPACE TECHNOLOGY INC,750102105,45660,46601,,
SERA PROGNOSTICS INC,81749D107,44587,21964,,
IMMUTEP LTD,45257L108,43791,124760,,PRRUF
SOLARMAX TECHNOLOGY INC,83419H103,43354,61828,,
ARMADA ACQUISITION CORP III,G0R38M119,42902,203906,,
NOUVEAU MONDE GRAPHITE INC,66979W842,42784,19100,,NMG
BIOCERES CROP SOLUTIONS CORP,G1117K114,42404,95312,,BIOX
QUANTUM SI INC,74765K105,40963,52924,,
MEDICINOVA INC,58468P206,40838,29809,,MNOV
ZHIHU INC,98955N207,40805,14368,,ZHIHF
THE REAL BROKERAGE INC,75585H206,40500,16200,,
ALSET INC,02115D208,40432,21974,,AEI
PHIO PHARMACEUTICALS CORP,71880W501,39644,32495,,PHIO
COLOMBIER ACQUISITION CORP I,G2284A111,39467,58906,,
PROTALIX BIOTHERAPEUTICS INC,74365A309,39340,18129,,
GALMED PHARMACEUTICALS LTD,M47238148,39287,80177,,GLMD
374WATER INC,88583P203,38701,13627,,SCWO
FLUX PWR HLDGS INC,344057302,38409,35896,,
INDONESIA ENERGY CORP LTD,G4760X102,37654,10946,,INDO
DOGNESS INTERNATIONAL CORP,G2788T111,37479,26209,,
ANIXA BIOSCIENCES INC,03528H109,37389,14492,,ANIX
OS THERAPIES INCORPORATED,68764Y207,37196,26380,,
E-POWER INC,G3932F114,37186,48131,,EPOW
NOVABAY PHARMACEUTICALS INC,66987P508,36945,24795,,
CUMBERLAND PHARMACEUTICALS I,230770109,36026,11085,,
INTERNATIONAL TOWER HILL MIN,46050R102,35429,15404,,
SO YOUNG INTERNATIONAL INC,83356Q108,35217,12900,,
TRAWS PHARMA INC,68232V884,35217,19244,,
MEGA MATRIX INC,G6005C108,34338,45181,,MPU
GEE GROUP INC,36165A102,33734,140500,,JOB
NEUROSENSE THERAPEUTICS LTD,M74240108,33556,44445,,NRSNW
SENTAGE HOLDINGS INC,G8062B114,33554,18957,,SNTG
INTERLINK ELECTRS INC,458751302,33025,11233,,
VERIFYME INC,92346X206,32914,40634,,
FUNKO INC,361008105,31815,10100,,
VUZIX CORP,92921W300,31726,13734,,VUZI
ALAUNOS THERAPEUTICS INC,98973P309,31000,10839,,
CAMBRIDGE ACQUISITION CORP,G1871M116,30208,120833,,CAQUW
ALLARITY THERAPEUTICS INC,016744500,29966,27492,,
TROOPS INC,G9094C104,28797,14116,,
HUIZE HLDG LTD,44473E204,28210,23314,,
AMBER INTL HLDG LTD,45113Y203,27145,11502,,
BRAEMAR HOTELS & RESORTS INC,10482B101,27001,11441,,BHR-PD
SMART SH GLOBAL LTD,83193E102,26764,23685,,
XCEL BRANDS INC,98400M200,26513,17105,,
DARE BIOSCIENCE INC,23666P200,24168,13279,,
IMPACT BIOMEDICAL INC,45259L205,22456,37427,,IBO
KAIROS PHARMA LTD,48301N104,22105,39543,,
XEROX HOLDINGS CORP,98421M114,21320,235585,,XRXDW
5E ADVANCED MATERIALS INC,33830Q208,20959,14971,,
NEW FORTRESS ENERGY INC,644393100,20805,35262,,NFE
BT BRANDS INC,0557MQ206,19845,11340,,
QUEST RESOURCE HLDG CORP,74836W203,19517,16401,,
HUADI INTERNATIONAL GRP CO L,G4645E105,16498,13305,,
PRESURANCE HOLDINGS INC,20731J102,16088,31569,,
WHEELS UP EXPERIENCE INC,96328L205,16056,31087,,UP
GAXOS.AI INC,62911P300,16019,13239,,GXAI
EDUCATIONAL DEV CORP,281479105,15942,12652,,
SKYE BIOSCIENCE INC,83086J200,15785,25684,,
PASITHEA THERAPEUTICS CORP,70261F202,15618,21054,,KTTAW
NN INC,629337106,14790,10200,,NNBR
COGNITION THERAPEUTICS INC,19243B102,14604,19229,,CGTX
ECARX HOLDINGS INC,G29201103,14080,14400,,ECXWW
SELECTQUOTE INC,816307300,13508,21458,,
MUSTANG BIO INC,62818Q302,12197,16754,,
CITIUS PHARMACEUTICALS INC,17322U306,11824,13138,,
AGEAGLE AERIAL SYS INC NEW,00848K309,11662,12900,,
MICROVISION INC DEL,594960304,11182,17439,,
MAGIC EMPIRE GLOBAL LTD,G5865E121,11100,10571,,MEGL
INTRUSION INC,46121E304,11064,13483,,INTZ
CURANEX PHARMACEUTICALS INC,23126K106,10356,20254,,CURX
WING YIP FOOD CHINA HLDGS GR,973921109,10143,23589,,
FATHOM HOLDINGS INC,31189V109,10125,19100,,FTHM
DELIXY HLDGS LTD,G2703G103,9346,17969,,
BOQII HLDG LTD,G1311F119,9247,12097,,
ACCURAY INC DEL,004397105,9082,23400,,ARAY
GAUZY LTD,M4757U106,7988,10455,,GAUZ
REVIVA PHARMACEUTCLS HLDGS I,76152G209,7819,10715,,
QUINCE THERAPEUTICS INC,22053A107,7222,71223,,
GELTEQ LIMITED,Q3978B109,6644,10052,,
INOTIV INC,45783Q100,6623,24304,,
CELLYAN BIOTECHNOLOGY CO LTD,G6365B104,6158,10832,,
DESTINATION XL GROUP INC,25065K104,6075,11912,,
POP CULTURE GROUP CO LTD,G71700119,5794,19141,,
KANDAL M VENTURE LTD,G5225N100,5478,13590,,FMFC
SOCIETY PASS INC,83370P201,5198,12026,,
THERIVA BIOLOGICS INC,87164U508,3023,15441,,
LINKERS INDS LTD,G5496W102,769,32308,,
