date,open,high,low,close,volume,source
2019-01-02,10.71684347,10.74688364,10.58917254,10.64925289,5577700,yfinance
2019-01-03,10.65676339,10.79194456,10.49154276,10.64174366,7934700,yfinance
2019-01-04,10.67178232,11.11487544,10.6642721,10.99471474,6141100,yfinance
2019-01-07,10.9947159,11.15242701,10.9196151,11.04728603,4918900,yfinance
2019-01-08,11.16744641,11.33266774,11.0848361,11.30262756,4443700,yfinance
2019-01-09,11.30262983,11.45283074,11.25005897,11.28009987,5003500,yfinance
2019-01-10,11.25005867,11.54295099,11.20499876,11.52042103,3948900,yfinance
2019-01-11,11.52041964,11.58801023,11.44531884,11.55797005,3292400,yfinance
2019-01-14,11.45282849,11.45282849,11.09985587,11.29511738,7846600,yfinance
2019-01-15,11.30262659,11.62555829,11.30262659,11.59551811,4604400,yfinance
2019-01-16,11.55796888,11.68563981,11.51290826,11.64808941,6021400,yfinance
2019-01-17,11.64057831,11.760739,11.58049796,11.63306808,6409300,yfinance
2019-01-18,11.61053862,11.7231891,11.49788815,11.6781292,4663200,yfinance
2019-01-22,11.69314918,11.8208201,11.59551843,11.72318935,3378000,yfinance
2019-01-23,11.75322904,11.92596058,11.74571953,11.91845036,6438400,yfinance
2019-01-24,11.94097996,11.9560004,11.81330904,11.94097996,4708000,yfinance
2019-01-25,11.94098122,12.0836726,11.86588114,11.92596149,4711700,yfinance
2019-01-28,11.88841018,11.98604093,11.82081961,11.91845036,4603600,yfinance
2019-01-29,11.9785332,12.09118441,11.92596306,12.03861427,5614100,yfinance
2019-01-30,12.09118671,12.28644828,12.04612679,12.23387814,5809200,yfinance
2019-01-31,12.23917713,12.43609476,12.08012839,12.41337299,8579600,yfinance
2019-02-01,12.42094354,12.65572927,12.39822323,12.63300896,5875600,yfinance
2019-02-04,12.61028774,12.76933717,12.39822376,12.74661541,7062100,yfinance
2019-02-05,12.73904295,12.92081272,12.70117479,12.83750248,5185600,yfinance
2019-02-06,12.79963384,12.92838762,12.76176568,12.86022377,3914400,yfinance
2019-02-07,12.84507753,12.97383132,12.7693412,12.95868492,4121900,yfinance
2019-02-08,12.93595924,13.04956515,12.91323748,13.04199123,3836100,yfinance
2019-02-11,13.06471536,13.22376338,12.98140367,12.99655151,4830800,yfinance
2019-02-12,13.02684561,13.05713985,12.92838609,13.01169777,6210500,yfinance
2019-02-13,12.96625723,13.02684716,12.83750346,12.9056673,4903400,yfinance
2019-02-14,12.89051742,13.04199149,12.86022174,12.92081165,4180700,yfinance
2019-02-15,13.00412295,13.07228678,12.80720536,12.81477928,7201100,yfinance
2019-02-19,12.79963233,13.01927169,12.76933809,13.01169777,6778500,yfinance
2019-02-20,12.9965504,13.07986208,12.93596048,12.98897648,4653100,yfinance
2019-02-21,12.93596226,13.13287989,12.91324049,13.11773205,4167800,yfinance
2019-02-22,13.17832155,13.32979709,13.1101577,13.27678108,3323200,yfinance
2019-02-25,13.26163191,13.32222183,13.0116983,13.12530422,5480700,yfinance
2019-02-26,13.1480258,13.1480258,12.95868212,13.0950098,5170400,yfinance
2019-02-27,12.92838767,13.17832129,12.88294558,12.99655151,6029100,yfinance
2019-02-28,13.07228516,13.09500692,12.77690955,13.04956341,6014400,yfinance
2019-03-01,13.09501083,13.28435452,13.09501083,13.25405884,6068500,yfinance
2019-03-04,13.2767826,13.32979861,12.78448775,12.966259,9289400,yfinance
2019-03-05,12.98140077,13.2540561,12.92081086,13.19346619,7573100,yfinance
2019-03-06,13.21619149,13.4055352,13.14802764,13.31464958,8832400,yfinance
2019-03-07,13.42068066,13.59487796,13.3297965,13.3828125,8028500,yfinance
2019-03-08,13.39795701,13.42825124,13.30707142,13.40553093,5000500,yfinance
2019-03-11,13.45097738,13.61002541,13.43582954,13.61002541,5676500,yfinance
2019-03-12,13.63274341,13.73877539,13.55700565,13.723629,3995400,yfinance
2019-03-13,13.76149715,13.82966098,13.70090724,13.723629,3735100,yfinance
2019-03-14,13.7539266,13.79179476,13.64032066,13.76907444,4302200,yfinance
2019-03-15,13.73877612,13.92811979,13.58730205,13.86752987,7845800,yfinance
2019-03-18,13.87510308,13.90539876,13.67061158,13.74634933,6730500,yfinance
2019-03-19,13.73877802,13.82966363,13.4358284,13.51156616,11346700,yfinance
2019-03-20,13.54186328,13.68576492,13.41310948,13.57973289,7786900,yfinance
2019-03-21,13.62517112,13.8675308,13.58730296,13.84481049,4984600,yfinance
2019-03-22,13.85995327,13.95083885,13.67060964,13.67818356,5223300,yfinance
2019-03-25,13.69333622,13.89782776,13.64032021,13.81451607,5060700,yfinance
2019-03-26,13.85995709,13.94326878,13.82966285,13.94326878,5177100,yfinance
2019-03-27,13.91297288,14.02657879,13.72362922,13.82208729,4920100,yfinance
2019-03-28,13.83723666,13.9205469,13.6554669,13.71605682,4272100,yfinance
2019-03-29,13.72363217,13.7842221,13.67061472,13.69333649,7653100,yfinance
2019-04-01,13.731203,13.75392476,13.519139,13.572155,8350000,yfinance
2019-04-02,13.60244546,13.69333104,13.54942948,13.64031506,9343500,yfinance
2019-04-03,13.73119954,13.86752719,13.62516757,13.67818356,9269200,yfinance
2019-04-04,13.67818878,13.67818878,13.50399292,13.6327467,4134200,yfinance
2019-04-05,13.66304057,13.85238425,13.6403188,13.8372364,5314900,yfinance
2019-04-08,13.81451632,13.81451632,13.56458269,13.62517262,4111100,yfinance
2019-04-09,13.58730306,13.71605682,13.57972914,13.71605682,4410800,yfinance
2019-04-10,13.74634738,13.83723296,13.64031541,13.67818356,3554100,yfinance
2019-04-11,13.66304225,13.72363217,13.60245087,13.69333649,2622500,yfinance
2019-04-12,13.6857592,13.71605488,13.57215329,13.64789104,3333400,yfinance
2019-04-15,13.67818404,13.72362756,13.6024463,13.7009058,3875500,yfinance
2019-04-16,13.66304346,13.76150156,13.48127222,13.50399399,4353000,yfinance
2019-04-17,13.54185714,13.55700498,13.34494102,13.40553093,3893500,yfinance
2019-04-18,13.36766784,13.47370132,13.27678366,13.42068386,4256600,yfinance
2019-04-22,13.38281377,13.47369939,13.33737169,13.39796162,3326200,yfinance
2019-04-23,13.42068053,13.56458214,13.3449442,13.44340229,6153300,yfinance
2019-04-24,13.45855268,13.52671654,13.37524098,13.42825699,5098600,yfinance
2019-04-25,13.35251599,13.43582768,13.26163183,13.32222176,4845300,yfinance
2019-04-26,13.39038395,13.48884202,13.15559822,13.2237606,7674700,yfinance
2019-04-29,13.2313349,13.26163058,13.011697,13.04199123,5803900,yfinance
2019-04-30,13.03970423,13.1160494,12.89464857,13.07024288,10823400,yfinance
2019-05-01,13.06260866,13.16185636,12.90228367,12.90228367,6113800,yfinance
2019-05-02,12.87174289,13.10841153,12.7648591,13.01679707,12720700,yfinance
2019-05-03,13.07023988,13.16948755,12.92518425,12.92518425,7534300,yfinance
2019-05-06,12.84120419,12.88701069,12.71141788,12.83356953,7146200,yfinance
2019-05-07,12.75722678,12.91755176,12.44421294,12.61980724,8430400,yfinance
2019-05-08,12.65797771,12.70378422,12.177005,12.19990826,9000200,yfinance
2019-05-09,12.1770071,12.42131118,12.11593126,12.30679417,12445700,yfinance
2019-05-10,12.29152319,12.43657884,12.1541022,12.40604019,6019400,yfinance
2019-05-13,12.28388973,12.32969624,12.12356547,12.29915905,5597600,yfinance
2019-05-14,12.46711489,12.52055605,12.26861809,12.27625275,6664300,yfinance
2019-05-15,12.19990925,12.41367539,12.13883341,12.38313675,6849400,yfinance
2019-05-16,12.35259836,12.55872983,12.32205972,12.48238468,7046100,yfinance
2019-05-17,12.3907707,12.49001984,12.38313604,12.47475052,6037800,yfinance
2019-05-20,12.39077232,12.53582798,12.375503,12.39840698,6653400,yfinance
2019-05-21,12.42894442,12.61980658,12.4136751,12.49765491,7310800,yfinance
2019-05-22,12.59690277,12.67324792,12.55109625,12.63507462,6908800,yfinance
2019-05-23,12.55873233,12.84884221,12.53582834,12.81830502,7848500,yfinance
2019-05-24,12.86410822,12.87937754,12.58163162,12.59690094,5521000,yfinance
2019-05-28,12.59690218,12.70378452,12.47475052,12.47475052,8771800,yfinance
2019-05-29,12.42894308,12.45948027,12.25334881,12.26098347,7667300,yfinance
2019-05-30,12.2686201,12.3373306,12.0853926,12.13119984,3985100,yfinance
2019-05-31,12.0777562,12.16936994,11.99377711,12.0624876,5239600,yfinance
2019-06-03,12.1159302,12.16937138,12.03195111,12.16173744,5563800,yfinance
2019-06-04,12.16936969,12.30679139,12.0395841,12.27625275,7018800,yfinance
2019-06-05,12.35259719,12.59690048,12.35259719,12.58926582,7267100,yfinance
2019-06-06,12.58163178,12.97099072,12.52819062,12.94808674,9597200,yfinance
2019-06-07,13.02443622,13.06260954,12.73432632,12.74959564,3810200,yfinance
2019-06-10,12.74195669,12.74195669,12.47474941,12.54345989,3534500,yfinance
2019-06-11,12.5739967,12.68088048,12.39840389,12.50528622,6020600,yfinance
2019-06-12,12.50528836,12.81066899,12.50528836,12.79539967,3860100,yfinance
2019-06-13,12.83357275,12.92518724,12.78013157,12.87174606,3035800,yfinance
2019-06-14,12.87937841,13.13131639,12.87937841,13.04733658,3837500,yfinance
2019-06-17,13.04733463,13.09314113,12.74195553,12.84883785,4251600,yfinance
2019-06-18,12.98626216,13.00153149,12.78776533,12.85647583,4057100,yfinance
2019-06-19,12.79540051,12.85647635,12.42131082,12.65034485,7217000,yfinance
2019-06-20,12.78012862,12.97862542,12.67324629,12.92518425,6072100,yfinance
2019-06-21,12.91755133,12.91755133,12.71905451,12.79539967,5048000,yfinance
2019-06-24,12.85647383,12.87937781,12.58926654,12.69614887,3864200,yfinance
2019-06-25,12.72669129,12.78776714,12.61217427,12.71142197,4843600,yfinance
2019-06-26,12.70378456,12.70378456,12.42894405,12.45948124,4009800,yfinance
2019-06-27,12.44421245,12.62744141,12.42894458,12.62744141,4797000,yfinance
2019-06-28,12.63507469,12.81830365,12.61980682,12.79539967,6924600,yfinance
2019-07-01,12.84120472,12.88701123,12.71905307,12.80303288,3894300,yfinance
2019-07-02,12.85647467,13.0702408,12.8030335,12.94045448,5548100,yfinance
2019-07-03,13.01679712,13.30690839,13.00152926,13.1923914,5265100,yfinance
2019-07-05,13.10841474,13.1160494,12.90991789,13.07024288,3812200,yfinance
2019-07-08,13.01679926,13.13895093,13.00153139,13.09314442,3363100,yfinance
2019-07-09,13.06260548,13.12368131,12.94808703,13.02443218,3769400,yfinance
2019-07-10,13.04733628,13.09314279,12.95572181,12.97099113,3433900,yfinance
2019-07-11,12.97862538,13.00152936,12.81066722,12.94808674,3450400,yfinance
2019-07-12,12.96335821,13.04733803,12.86411052,13.03970337,2863000,yfinance
2019-07-15,13.03970324,13.10841374,12.94808876,13.09314442,3370400,yfinance
2019-07-16,13.07787435,13.20766067,13.06260648,13.20002747,6047500,yfinance
2019-07-17,13.23819728,13.5893829,13.23056262,13.47486591,11336300,yfinance
2019-07-18,13.45959966,13.46723432,13.14658582,13.38325596,4861700,yfinance
2019-07-19,13.38325366,13.39852152,13.1389489,13.14658356,3367400,yfinance
2019-07-22,13.17712248,13.20002646,12.87174334,13.02443218,5520900,yfinance
2019-07-23,13.00916279,13.02443065,12.79539669,12.84883785,2965600,yfinance
2019-07-24,12.85647814,12.91755399,12.78776764,12.87938213,2357900,yfinance
2019-07-25,12.82593611,12.95572243,12.81066825,12.90991592,2750600,yfinance
2019-07-26,12.93282127,13.00916643,12.85647611,12.93282127,3677800,yfinance
2019-07-29,12.98626034,13.04733616,12.90991519,13.02443218,3365700,yfinance
2019-07-30,12.91755157,13.13131772,12.87937972,13.09314442,3871200,yfinance
2019-07-31,13.11392314,13.16779466,12.85995493,12.92152405,12159300,yfinance
2019-08-01,12.90613306,13.36789124,12.89843692,13.31401825,5299500,yfinance
2019-08-02,13.25244886,13.30632184,12.93691447,12.95230675,5935300,yfinance
2019-08-05,12.86765275,12.92152574,12.45976756,12.55981445,4466700,yfinance
2019-08-06,12.32124069,12.4597683,11.82869865,12.08266544,12373600,yfinance
2019-08-07,12.0441828,12.09035891,11.79021606,12.05957508,9128000,yfinance
2019-08-08,12.05188111,12.26736793,12.01340114,12.19810486,5104400,yfinance
2019-08-09,12.15962109,12.22888487,11.96722202,11.98261356,3548200,yfinance
2019-08-12,11.94413763,11.94413763,11.65938629,11.72865009,4513100,yfinance
2019-08-13,11.66708089,11.79791233,11.62860093,11.67477703,3489800,yfinance
2019-08-14,11.6055148,11.62860249,11.32076419,11.38233185,6614400,yfinance
2019-08-15,11.49777123,11.51316351,11.25919673,11.3669405,5641100,yfinance
2019-08-16,11.382332,11.73634641,11.35924431,11.69786644,5172500,yfinance
2019-08-19,11.69786763,11.91335446,11.68247608,11.82100296,4586600,yfinance
2019-08-20,11.81330827,11.83639596,11.62090912,11.6901722,6022700,yfinance
2019-08-21,11.72864784,11.85947928,11.69016788,11.79021549,3385700,yfinance
2019-08-22,11.7594341,11.79021793,11.55933957,11.69786644,3598300,yfinance
2019-08-23,11.69786629,11.73634626,11.32846033,11.38233185,3937600,yfinance
2019-08-26,11.42850875,11.50546796,11.37463649,11.42081261,2276100,yfinance
2019-08-27,11.46698692,11.54394686,11.23610857,11.24380398,5481900,yfinance
2019-08-28,11.24380483,11.48238007,11.23610942,11.43620396,5050200,yfinance
2019-08-29,11.49007235,11.69016682,11.49007235,11.63629532,4897500,yfinance
2019-08-30,11.69786592,11.85948121,11.6670821,11.79791355,5103600,yfinance
2019-09-03,11.71325727,11.89026409,11.6747773,11.80560875,5740400,yfinance
2019-09-04,11.8671756,11.91335097,11.71325648,11.76712799,3373200,yfinance
2019-09-05,11.70556154,11.95183215,11.70556154,11.88256836,5652100,yfinance
2019-09-06,11.95183193,11.98261575,11.75943283,11.78252125,3491100,yfinance
2019-09-09,11.7594319,11.83639183,11.42850597,11.56703281,4366500,yfinance
2019-09-10,11.5516408,11.69016763,11.53624852,11.68247223,3254000,yfinance
2019-09-11,11.69786602,12.02109659,11.63629836,11.96722507,5890600,yfinance
2019-09-12,12.00570357,12.13653501,11.87487213,12.05957508,6214100,yfinance
2019-09-13,12.05957646,12.2827594,12.03648877,12.15192795,5643200,yfinance
2019-09-16,12.19040706,12.32123851,12.02109565,12.31354237,4362400,yfinance
2019-09-17,12.31354194,12.3443265,12.19040664,12.2288866,4324900,yfinance
2019-09-18,12.26736493,12.3597164,12.15962192,12.35202026,3859500,yfinance
2019-09-19,12.36741692,12.39820149,12.24428159,12.27506542,4635400,yfinance
2019-09-20,12.29045624,12.45976767,12.24428013,12.38280773,7443100,yfinance
2019-09-23,12.37511372,12.53672978,12.27506607,12.50594521,3675800,yfinance
2019-09-24,12.5444229,12.5829036,12.35202376,12.44437599,4858000,yfinance
2019-09-25,12.42128605,12.52133441,12.37511067,12.40589523,4336400,yfinance
2019-09-26,12.45976694,12.54442155,12.35202243,12.48285389,3612100,yfinance
2019-09-27,12.51363811,12.7214295,12.44437432,12.55211735,4431100,yfinance
2019-09-30,12.59829327,12.65986092,12.48285264,12.57520485,3559100,yfinance
2019-10-01,12.48285201,12.63677186,12.42128436,12.49824429,3743000,yfinance
2019-10-02,12.50594368,12.50594368,12.08266544,12.08266544,4670900,yfinance
2019-10-03,12.1057528,12.22119272,12.02109745,12.15962505,4055000,yfinance
2019-10-04,12.20580053,12.33663273,12.05957751,12.33663273,3923500,yfinance
2019-10-07,12.31354404,12.35971942,12.19040872,12.19810486,3266400,yfinance
2019-10-08,12.15962437,12.21349589,11.92104914,11.93644142,4203400,yfinance
2019-10-09,11.9749212,12.05957655,11.87487358,11.95952892,4693900,yfinance
2019-10-10,11.9441371,12.19810387,11.92104868,12.17501545,3050400,yfinance
2019-10-11,12.21349759,12.42898443,12.20580145,12.32124138,3461400,yfinance
2019-10-14,12.33663173,12.34432787,12.21349568,12.30584717,2969700,yfinance
2019-10-15,12.25967088,12.45976612,12.19040708,12.32893467,4768100,yfinance
2019-10-16,12.29045301,12.42128371,12.27506074,12.41358757,4117100,yfinance
2019-10-17,12.39050127,12.54441965,12.36741285,12.49824429,3028400,yfinance
2019-10-18,12.45976907,12.68295132,12.40589754,12.60599136,4070200,yfinance
2019-10-21,12.62138085,12.69834079,12.56750934,12.65216541,4114300,yfinance
2019-10-22,12.68294831,13.02157114,12.57520528,13.00617886,5380000,yfinance
2019-10-23,12.97539379,13.19857595,12.96000151,13.18318367,6329900,yfinance
2019-10-24,13.23706155,13.24475622,12.96770246,12.99078941,5099800,yfinance
2019-10-25,12.94461344,13.02157338,12.82147811,12.92922115,3455300,yfinance
2019-10-28,12.92922047,13.2293641,12.89074123,13.06774807,5094100,yfinance
2019-10-29,13.02926757,13.20627439,12.99848301,13.15240288,5620100,yfinance
2019-10-30,13.144706,13.26014516,13.05235379,13.24475288,6598000,yfinance
2019-10-31,13.25794218,13.27345797,13.1648489,13.22691059,5335300,yfinance
2019-11-01,13.25794359,13.60704158,13.25794359,13.58376789,5284800,yfinance
2019-11-04,13.58376708,13.66910247,13.44412789,13.51394749,6026000,yfinance
2019-11-05,13.47515897,13.57600867,13.28121599,13.33551979,5836900,yfinance
2019-11-06,13.66910275,13.83977205,13.53722145,13.71564865,5706200,yfinance
2019-11-07,13.75443824,13.80874205,13.45188761,13.63031483,6037900,yfinance
2019-11-08,13.56824682,13.69237017,13.48291146,13.68461227,4905500,yfinance
2019-11-11,13.69237781,13.98717204,13.6225582,13.90959454,6040100,yfinance
2019-11-12,13.85528544,14.07250061,13.82425386,14.01043892,8803300,yfinance
2019-11-13,14.04147227,14.12680618,13.94837899,14.08026028,5824400,yfinance
2019-11-14,14.08801751,14.30523418,14.08025962,14.28196049,7964200,yfinance
2019-11-15,14.27420166,14.33626335,14.21989787,14.31299114,6745200,yfinance
2019-11-18,14.2897218,14.35178351,14.2199022,14.34402561,5863900,yfinance
2019-11-19,14.32850576,14.37505314,14.27420197,14.33626366,5954800,yfinance
2019-11-20,14.32075035,14.44487523,14.20438485,14.42935944,14625700,yfinance
2019-11-21,14.42935934,14.46038945,14.21990055,14.35178185,7280800,yfinance
2019-11-22,14.41384413,14.63106083,14.34402453,14.60778713,6909600,yfinance
2019-11-25,14.56899834,14.60778634,14.46814715,14.56899834,5648700,yfinance
2019-11-26,14.54572487,14.56124066,14.41384357,14.54572487,9390100,yfinance
2019-11-27,14.54572361,14.669847,14.50693561,14.65433121,3455400,yfinance
2019-11-29,14.60778769,14.76294269,14.56899968,14.6698494,2357100,yfinance
2019-12-02,14.66209174,14.72415345,14.61554583,14.67760754,5518400,yfinance
2019-12-03,14.64657061,14.71639019,14.58450892,14.6155405,5816700,yfinance
2019-12-04,14.57675923,14.73191277,14.56124344,14.66209316,5882200,yfinance
2019-12-05,14.693123,14.70863732,14.55348379,14.5922718,5927400,yfinance
2019-12-06,14.56124089,14.63106049,14.49917919,14.5224514,6558800,yfinance
2019-12-09,14.54572679,14.6233043,14.46039139,14.57675838,5287400,yfinance
2019-12-10,14.62330184,14.91809454,14.60002815,14.84051704,3757300,yfinance
2019-12-11,14.87155031,14.91809622,14.6620915,14.6698494,4766900,yfinance
2019-12-12,14.64657714,14.85603597,14.63106282,14.68536663,4581900,yfinance
2019-12-13,14.72415345,14.75518504,14.64657594,14.67760754,4867400,yfinance
2019-12-16,14.71639293,15.0344593,14.69312072,15.02670288,4945600,yfinance
2019-12-17,15.04221987,15.04221987,14.64657594,14.67760754,8284300,yfinance
2019-12-18,14.64657313,15.02670267,14.59226934,14.8715477,11938900,yfinance
2019-12-19,14.9103399,15.19737624,14.84827819,15.16634464,8291600,yfinance
2019-12-20,15.15858281,15.48440557,15.11979333,15.36804008,9091600,yfinance
2019-12-23,15.46113456,15.46113456,15.26719158,15.37579918,2614900,yfinance
2019-12-24,15.38356082,15.43010673,15.31374121,15.32925701,986200,yfinance
2019-12-26,15.39907416,15.49992387,15.35252826,15.46113586,2224000,yfinance
2019-12-27,15.445618,15.5076797,15.36028262,15.4999218,2250400,yfinance
2019-12-30,15.43785872,15.57749788,15.41458651,15.54646778,2491600,yfinance
2019-12-31,15.55422502,15.60853029,15.32925195,15.43785954,6044800,yfinance
2020-01-02,15.49216607,15.59301726,15.42234647,15.53871346,3069900,yfinance
2020-01-03,15.4301044,15.54647138,15.3137389,15.36028481,5349500,yfinance
2020-01-06,15.32149677,15.54647135,15.31373887,15.53871346,4348400,yfinance
2020-01-07,15.53095683,15.60853433,15.42234773,15.59301853,3240600,yfinance
2020-01-08,15.62404671,15.7093821,15.43010372,15.56198502,4476400,yfinance
2020-01-09,15.56973933,15.84125975,15.56973933,15.71713638,4163200,yfinance
2020-01-10,15.69386594,15.77144343,15.62404635,15.65507793,2555000,yfinance
2020-01-13,15.62404486,15.84126151,15.62404486,15.75592613,3143700,yfinance
2020-01-14,15.74817474,15.83351016,15.67059871,15.82575226,3893400,yfinance
2020-01-15,15.78696146,15.96538868,15.71714186,15.87229538,3099200,yfinance
2020-01-16,15.8645336,15.96538328,15.78695613,15.95762539,2819500,yfinance
2020-01-17,15.91108012,15.9808997,15.70162137,15.90332222,5006100,yfinance
2020-01-21,15.8024756,15.94987121,15.70938231,15.88005161,6399900,yfinance
2020-01-22,15.86454176,16.06624122,15.81023646,15.82575226,3833100,yfinance
2020-01-23,15.81023282,15.96538781,15.75592902,15.94987202,3144900,yfinance
2020-01-24,15.9421173,15.9498752,15.76369006,15.81023598,2052400,yfinance
2020-01-27,15.7559285,15.8102323,15.53095539,15.5775013,3593900,yfinance
2020-01-28,15.63956214,15.77144343,15.57750044,15.65507793,3129500,yfinance
2020-01-29,15.63956089,15.81798807,15.55422551,15.76368427,3345300,yfinance
2020-01-30,15.68790111,15.78165416,15.57852379,15.7660284,2355500,yfinance
2020-01-31,15.6722806,15.76603369,15.46133877,15.51602745,3644200,yfinance
2020-02-03,15.60195996,15.92228051,15.54727131,15.86759186,3843300,yfinance
2020-02-04,15.93009414,16.16447603,15.89884412,16.10197449,4225300,yfinance
2020-02-05,16.15666806,16.33635985,16.10979226,16.21916962,3629100,yfinance
2020-02-06,16.27385835,16.30510988,16.06291504,16.0785408,3116000,yfinance
2020-02-07,16.05509798,16.10197526,15.95353354,16.01603508,2206300,yfinance
2020-02-10,16.01603623,16.06291201,15.92228317,16.03166199,2505700,yfinance
2020-02-11,16.10197825,16.32073294,16.09416537,16.24260712,3166000,yfinance
2020-02-12,16.21135362,16.41448401,16.16447783,16.37541962,3134300,yfinance
2020-02-13,16.33635867,16.37542158,16.20354268,16.27385712,3407700,yfinance
2020-02-14,16.28947297,16.3832245,16.26603435,16.35197449,3469300,yfinance
2020-02-18,16.3597965,16.58636406,16.28166919,16.43011093,2535800,yfinance
2020-02-19,16.51604888,16.52386176,16.33635712,16.33635712,2224400,yfinance
2020-02-20,16.30510787,16.35979654,16.14104037,16.25041771,2819000,yfinance
2020-02-21,16.25041621,16.32854351,16.1722904,16.2113533,3949000,yfinance
2020-02-24,15.88322223,16.00822533,15.7269676,15.82072067,3922000,yfinance
2020-02-25,15.86759654,15.87540942,15.12539078,15.14101505,5871000,yfinance
2020-02-26,15.22695073,15.25820225,14.59412251,14.60193539,4952800,yfinance
2020-02-27,14.50036854,14.89100348,14.25817529,14.2894268,8442900,yfinance
2020-02-28,12.50032321,13.58628831,12.30500566,13.0706501,12558200,yfinance
2020-03-02,13.1019013,14.25036793,12.87533223,14.23474216,8987900,yfinance
2020-03-03,14.07067605,14.39880958,13.60191364,13.61753941,11037900,yfinance
2020-03-04,13.81285492,13.99254667,13.51597146,13.93004513,5851300,yfinance
2020-03-05,13.69566716,13.70348004,12.95345987,13.0706501,6056400,yfinance
2020-03-06,12.60188491,13.22690183,12.41438103,13.14096165,9374100,yfinance
2020-03-09,12.22687551,12.34406646,11.3206024,11.39091682,6968000,yfinance
2020-03-10,11.79717918,11.9378073,11.16435005,11.88311863,7209200,yfinance
2020-03-11,11.53154952,11.68780343,10.96903471,11.06278706,7915400,yfinance
2020-03-12,10.20338583,10.26588737,9.14085823,9.51586819,7510200,yfinance
2020-03-13,10.14869843,10.33620307,9.35961545,10.15651131,7406400,yfinance
2020-03-16,9.02367036,9.92213074,8.58615875,8.58615875,6959300,yfinance
2020-03-17,8.82835322,9.15648676,7.68769873,9.03148365,7799000,yfinance
2020-03-18,8.71116261,8.71116261,6.33610119,7.4689436,9184300,yfinance
2020-03-19,7.42206641,8.80491493,7.03143134,8.58615875,8728900,yfinance
2020-03-20,8.75803688,9.47680535,8.46896706,9.27367496,12070600,yfinance
2020-03-23,9.3596144,10.14869729,9.00804304,9.27367496,10708200,yfinance
2020-03-24,9.8830677,10.48464611,9.49243261,9.89088058,7597200,yfinance
2020-03-25,9.96119477,10.61746184,9.22680113,10.01588345,7160900,yfinance
2020-03-26,10.10182306,10.68777566,9.92213054,10.5471468,7775900,yfinance
2020-03-27,10.03931897,10.80496315,9.90650302,10.50808048,5612400,yfinance
2020-03-30,10.74246313,10.90652987,10.375266,10.6721487,7614500,yfinance
2020-03-31,10.54714545,10.8830918,10.29713928,10.62527275,6793600,yfinance
2020-04-01,10.15651233,10.36745564,9.64087413,10.00025845,7036000,yfinance
2020-04-02,9.89088138,10.6018372,9.75025249,10.18776417,6683700,yfinance
2020-04-03,9.96119299,10.21901205,9.47680566,9.56274509,6542600,yfinance
2020-04-06,10.07838402,10.7659018,10.00025746,10.6408987,5157900,yfinance
2020-04-07,11.19559999,11.4143554,10.31276473,10.33620262,6269800,yfinance
2020-04-08,10.32057814,11.14872478,10.28151448,11.03934669,4545500,yfinance
2020-04-09,11.28935049,11.71123623,11.25028684,11.50029373,7452900,yfinance
2020-04-13,11.42997995,11.42997995,10.87527823,11.08622074,3747500,yfinance
2020-04-14,11.2580996,11.32060114,10.75027444,10.94559193,5190000,yfinance
2020-04-15,10.39870724,10.6643385,9.89088114,9.91431904,10034200,yfinance
2020-04-16,9.92212797,10.06275679,9.38305204,9.50024223,10028000,yfinance
2020-04-17,9.83619212,10.3049538,9.75025192,10.25026512,7584500,yfinance
2020-04-20,10.0549456,10.2346381,9.8127523,9.92212963,4971500,yfinance
2020-04-21,9.68774928,9.82837814,9.57055906,9.73462582,5763800,yfinance
2020-04-22,9.99244503,10.0471337,9.6486865,9.90650558,4492000,yfinance
2020-04-23,10.01588426,10.26589124,9.88306826,9.91431904,4019300,yfinance
2020-04-24,9.95337923,10.17213536,9.78931251,10.04713154,5041000,yfinance
2020-04-27,10.1565116,10.50808301,10.07057216,10.37526703,3550600,yfinance
2020-04-28,10.70339987,10.94559392,10.4690187,10.6487112,4307100,yfinance
2020-04-29,10.92215512,11.31279015,10.83621568,11.18778706,5761100,yfinance
2020-04-30,11.07178369,11.07967538,10.43257207,10.45624638,5606800,yfinance
2020-05-01,10.25895921,10.39311489,9.94329923,10.21160984,3957400,yfinance
2020-05-04,10.15636502,10.1642567,9.89594546,10.10901642,3618800,yfinance
2020-05-05,10.27474278,10.42468109,10.18004403,10.29841709,5684900,yfinance
2020-05-06,10.34576504,10.34576504,9.82492572,9.88805771,7499000,yfinance
2020-05-07,9.88805524,10.29841385,9.525046,9.56450367,7777500,yfinance
2020-05-08,9.79335711,10.21949832,9.67498484,10.15636635,7502100,yfinance
2020-05-11,10.05377553,10.05377553,9.72233232,9.78546429,5335000,yfinance
2020-05-12,9.78546578,9.95118741,9.74600886,9.84070683,6686900,yfinance
2020-05-13,9.75390281,9.77757787,9.08312513,9.16203976,9049000,yfinance
2020-05-14,9.01998965,9.33564952,8.68065472,9.32775784,7523100,yfinance
2020-05-15,9.24884481,9.3356511,9.12258084,9.27251911,7669600,yfinance
2020-05-18,9.64342119,10.36154816,9.62763781,10.29052448,5725300,yfinance
2020-05-19,10.37732691,10.46413393,10.10901642,10.10901642,5433300,yfinance
2020-05-20,10.32997991,10.49570154,10.1800409,10.23528194,5266600,yfinance
2020-05-21,10.18003938,10.25895472,9.69865793,9.7144413,7769100,yfinance
2020-05-22,9.70655386,9.73811985,9.44613418,9.65920448,5943600,yfinance
2020-05-26,10.12480128,10.39311258,10.05377761,10.16425896,5538100,yfinance
2020-05-27,10.3773292,10.44046118,9.91962195,10.07745266,7715800,yfinance
2020-05-28,10.21160754,10.37732918,9.95907961,10.17215061,8437500,yfinance
2020-05-29,10.1090198,10.12480242,9.7065528,9.85649109,8117900,yfinance
2020-06-01,9.84070618,10.06955978,9.73022485,9.90383816,6523200,yfinance
2020-06-02,9.9985373,10.36154658,9.83281566,10.34576321,5416500,yfinance
2020-06-03,10.52726895,10.85082057,10.51937726,10.75612259,5804000,yfinance
2020-06-04,10.6929899,11.0165415,10.58250856,10.92184353,9202300,yfinance
2020-06-05,11.42690053,11.88460858,11.22172195,11.28485394,8321300,yfinance
2020-06-08,11.44268335,11.90039062,11.40322567,11.81358433,5488500,yfinance
2020-06-09,11.45057445,11.51370643,10.82714555,10.92184353,6287500,yfinance
2020-06-10,10.87449671,10.8823884,10.38522336,10.39311504,7941300,yfinance
2020-06-11,9.86438223,9.94329759,9.46980694,9.62763691,8830900,yfinance
2020-06-12,10.04588663,10.22739166,9.66709471,9.99853802,6952800,yfinance
2020-06-15,9.65131066,10.24317356,9.4934807,10.16425896,5975900,yfinance
2020-06-16,10.71666367,10.96919158,10.54305035,10.77979565,7945200,yfinance
2020-06-17,10.86660373,10.95341002,10.48781106,10.58250904,6822400,yfinance
2020-06-18,10.41678616,10.66142314,10.35365419,10.6061821,4560800,yfinance
2020-06-19,10.81925598,10.97708597,10.51148694,10.52727032,11402400,yfinance
2020-06-22,10.54305243,11.15859048,10.40100583,11.03232574,9029900,yfinance
2020-06-23,11.15069715,11.34798479,10.86660323,10.92184353,7689800,yfinance
2020-06-24,10.79557956,11.05599918,10.63774885,10.92184353,8331500,yfinance
2020-06-25,10.8429288,11.01654213,10.70877314,10.95341015,9719400,yfinance
2020-06-26,10.9060618,11.03232578,10.67720814,10.8508215,13077500,yfinance
2020-06-29,11.01654043,11.39533229,10.8271445,11.31641769,9840400,yfinance
2020-06-30,11.2532873,11.48214093,11.11913164,11.43479156,9237100,yfinance
2020-07-01,11.52159734,11.59262025,11.26906867,11.37165833,5702400,yfinance
2020-07-02,11.52948957,11.68732029,11.39533392,11.42689991,4701800,yfinance
2020-07-06,11.67153911,11.87671847,11.31642143,11.41901112,5526900,yfinance
2020-07-07,11.23750301,11.24539469,11.07178137,11.15858841,4165200,yfinance
2020-07-08,11.1112403,11.4190093,11.01654232,11.39533424,6383700,yfinance
2020-07-09,11.27696241,11.34798609,10.86660448,10.98497677,5579300,yfinance
2020-07-10,10.98497696,11.38744397,10.96130265,11.33220291,5158000,yfinance
2020-07-13,11.39533377,11.74256044,11.36376778,11.55316448,6735900,yfinance
2020-07-14,11.52160035,11.82936864,11.48214267,11.64786434,6563500,yfinance
2020-07-15,11.79780099,11.99508864,11.734669,11.89249897,4961900,yfinance
2020-07-16,11.88460869,11.97141499,11.69521197,11.74256134,3706000,yfinance
2020-07-17,11.73466757,12.40544578,11.65575297,12.33442211,8238800,yfinance
2020-07-20,12.24761785,12.25550878,11.95563146,12.04243851,5591900,yfinance
2020-07-21,12.15291685,12.47646917,12.08189394,12.16870022,5172800,yfinance
2020-07-22,12.02665344,12.40544607,11.75045122,12.3107481,6716500,yfinance
2020-07-23,12.35020628,12.54749393,12.29496598,12.37388134,4130400,yfinance
2020-07-24,12.40544752,12.5001455,12.08189589,12.15291882,4226600,yfinance
2020-07-27,12.14502821,12.16081083,11.85304257,12.03454685,5329200,yfinance
2020-07-28,11.93984923,12.13713689,11.93984923,11.99508953,3344000,yfinance
2020-07-29,12.05032975,12.33442369,12.018763,12.27918339,4142500,yfinance
2020-07-30,12.13713423,12.21604882,11.9477383,12.16870022,3175300,yfinance
2020-07-31,12.13126373,12.1551604,11.81264909,12.13126373,4080000,yfinance
2020-08-03,12.12329703,12.12329703,11.90823161,12.043643,3457000,yfinance
2020-08-04,12.03567953,12.37022529,11.93212958,12.32243347,5566600,yfinance
2020-08-05,12.42598211,12.48173948,12.11533229,12.26667404,6045100,yfinance
2020-08-06,12.22685039,13.38979436,12.14719634,13.18269444,9526700,yfinance
2020-08-07,13.08710819,13.78009479,13.03931637,13.66858006,8627800,yfinance
2020-08-10,13.80399041,14.11463945,13.47741026,14.01109028,5848600,yfinance
2020-08-11,14.1226087,14.22615942,13.5092745,13.52520561,5873700,yfinance
2020-08-12,13.53316836,14.04295174,13.35793071,13.7482338,5144100,yfinance
2020-08-13,13.77212915,14.32970429,13.66857846,14.17039776,7945700,yfinance
2020-08-14,14.10667964,14.10667964,13.89161566,13.99516487,4269300,yfinance
2020-08-17,14.01905933,14.1783659,13.93143972,14.0748167,4249500,yfinance
2020-08-18,14.01109486,14.2500555,13.9314408,14.13057518,4635000,yfinance
2020-08-19,14.13057395,14.3137772,14.00312808,14.03499031,2614800,yfinance
2020-08-20,13.85974939,14.39342947,13.74823465,14.29784584,5172300,yfinance
2020-08-21,14.33767416,14.46512003,14.19429717,14.35360527,5183400,yfinance
2020-08-24,14.43325849,14.48105031,14.26598485,14.39343071,3912300,yfinance
2020-08-25,14.47308442,14.47308442,14.05888461,14.25005341,2839400,yfinance
2020-08-26,14.25005405,14.26598516,14.00312787,14.12260818,3181300,yfinance
2020-08-27,14.1624344,14.34563762,14.09871147,14.26598358,3515400,yfinance
2020-08-28,14.25005389,14.30581127,13.99516216,14.25801945,4775000,yfinance
2020-08-31,14.28191437,14.32970618,14.07481448,14.13853741,4074700,yfinance
2020-09-01,14.05888369,14.2978458,13.98719521,14.26598358,3914300,yfinance
2020-09-02,14.2739487,14.53680595,14.12260619,14.48104858,4967300,yfinance
2020-09-03,14.53680346,14.60849193,13.96329724,14.09074306,4419100,yfinance
2020-09-04,14.13854188,14.17836815,13.64468791,13.99516487,4318200,yfinance
2020-09-08,13.93940145,13.96329811,13.70840492,13.86771297,4264800,yfinance
2020-09-09,13.97922983,14.13057235,13.80399216,13.97126579,2988900,yfinance
2020-09-10,13.97126545,14.05888352,13.78806071,13.82788849,2737000,yfinance
2020-09-11,13.85974824,14.21819062,13.74823351,14.17836285,7266200,yfinance
2020-09-14,14.25005251,14.40139503,14.1146411,14.29784584,4413900,yfinance
2020-09-15,14.40935831,14.44918457,14.03498637,14.17039776,3703300,yfinance
2020-09-16,14.18633032,14.44122204,14.12260739,14.38546467,4346300,yfinance
2020-09-17,14.24208696,14.80762926,14.02702304,14.68018341,6893600,yfinance
2020-09-18,14.71204572,15.22979626,14.69611613,14.96693897,11655500,yfinance
2020-09-21,14.67221962,14.75983922,14.32174272,14.6244278,4674800,yfinance
2020-09-22,14.62442713,14.70407965,14.33767318,14.52884197,4816300,yfinance
2020-09-23,14.63238974,14.69611266,14.14650154,14.14650154,5635800,yfinance
2020-09-24,14.2181938,14.44122331,13.87568245,14.30581188,7458000,yfinance
2020-09-25,14.34564017,14.39343199,14.11464357,14.32970905,3652700,yfinance
2020-09-28,14.56070147,14.69611287,14.21819021,14.23412132,5012600,yfinance
2020-09-29,14.38546118,14.52087256,14.19429244,14.33766937,4226900,yfinance
2020-09-30,14.36953274,14.55273595,14.3058083,14.42529011,6615400,yfinance
2020-10-01,14.52884037,14.58459773,14.0827799,14.27394867,4895900,yfinance
2020-10-02,13.96330029,14.77576723,13.9075414,14.76780319,6500200,yfinance
2020-10-05,14.85542091,14.95897162,14.77576688,14.79966354,3444800,yfinance
2020-10-06,14.80762974,15.00676408,14.67221832,14.86338711,3555500,yfinance
2020-10-07,14.94304132,15.07845273,14.8076299,14.93507576,3546900,yfinance
2020-10-08,15.03065802,15.51654469,14.95896955,15.48468399,8813800,yfinance
2020-10-09,15.5324751,15.58823246,15.1182754,15.38909817,7942800,yfinance
2020-10-12,15.38910138,15.62009795,15.30148179,15.54840946,5156600,yfinance
2020-10-13,15.38113877,15.62010093,15.34927806,15.57230759,5105700,yfinance
2020-10-14,15.57230536,15.72364789,15.50858243,15.63602829,3657800,yfinance
2020-10-15,15.40503592,15.8909243,15.3572441,15.8192358,3941700,yfinance
2020-10-16,15.87499378,15.95464784,15.65196272,15.85109711,3838900,yfinance
2020-10-19,15.85109711,16.01040523,15.67585939,15.85109711,8025400,yfinance
2020-10-20,16.06615844,16.24139611,15.89092077,15.93074703,4668200,yfinance
2020-10-21,15.90685175,16.14581389,15.87499105,16.09802055,5450700,yfinance
2020-10-22,16.09005591,16.28919026,15.96261005,16.25732803,4140900,yfinance
2020-10-23,16.36884183,16.53611546,16.1856386,16.44849586,3881500,yfinance
2020-10-26,16.24139582,16.44849571,15.97057301,16.39273834,5676100,yfinance
2020-10-27,16.38477182,16.46442585,16.14581124,16.2015686,3719000,yfinance
2020-10-28,15.93074701,16.06615842,15.42096359,15.53247833,6373700,yfinance
2020-10-29,15.50279149,15.83178436,15.22996791,15.67130089,4772900,yfinance
2020-10-30,15.64722347,15.89597378,15.49476292,15.64722347,5949800,yfinance
2020-11-02,15.87992171,16.16076801,15.78363046,16.04842949,5621600,yfinance
2020-11-03,16.32928463,16.60210817,16.18484845,16.26509094,4908200,yfinance
2020-11-04,16.2570685,16.38545589,15.96017172,16.00029373,6436200,yfinance
2020-11-05,16.2249678,17.07553599,16.12867804,16.82678413,5604300,yfinance
2020-11-06,16.77864089,17.11565813,16.33730948,16.37742996,4317800,yfinance
2020-11-09,17.59710984,17.91005384,16.77863926,16.82678413,7284000,yfinance
2020-11-10,16.81073658,16.90702634,16.46569498,16.7064209,6543700,yfinance
2020-11-11,16.85085789,17.33231127,16.7545666,17.08356094,6060800,yfinance
2020-11-12,16.93912691,16.93912691,16.27311679,16.48174667,5706800,yfinance
2020-11-13,16.6261756,16.85887861,16.55395753,16.74654007,4756600,yfinance
2020-11-16,17.08356554,17.19590413,16.90703171,17.11566162,5490200,yfinance
2020-11-17,16.95517246,17.26811801,16.95517246,17.13170624,4546300,yfinance
2020-11-18,17.13973217,17.29219123,16.99529599,17.14775658,11401900,yfinance
2020-11-19,17.07553613,17.0915834,16.70642131,16.75456619,6364300,yfinance
2020-11-20,16.63420452,16.73049582,16.35335657,16.38545418,6956400,yfinance
2020-11-23,16.53791363,16.61013171,16.33730818,16.41754913,5700700,yfinance
2020-11-24,16.62618215,17.03541753,16.48977036,16.97122383,5722200,yfinance
2020-11-25,16.97121627,17.07553193,16.7144416,16.83480453,4538700,yfinance
2020-11-27,16.91504781,16.94714541,16.78666047,16.88295174,1924100,yfinance
2020-11-30,16.82678129,16.87492769,16.35335239,16.40149879,8001700,yfinance
2020-12-01,16.57803685,16.78666674,16.48174708,16.52989197,5935400,yfinance
2020-12-02,16.43359535,17.16379894,16.26508753,16.97924232,6780500,yfinance
2020-12-03,16.93912185,17.28416341,16.85887938,16.97924232,5008800,yfinance
2020-12-04,17.04343613,17.16379907,16.76258824,16.90702438,4094300,yfinance
2020-12-07,16.84282981,16.97924155,16.56198193,16.74654007,4225000,yfinance
2020-12-08,16.70642017,17.13170423,16.65827529,17.00331688,4626100,yfinance
2020-12-09,16.99529266,17.05948634,16.60210619,16.73049355,4848400,yfinance
2020-12-10,16.61815346,16.8267833,16.56198418,16.73049355,4779400,yfinance
2020-12-11,16.58606166,17.03541753,16.46569868,16.97122383,4495300,yfinance
2020-12-14,17.12367895,17.30823557,16.9872672,17.09158134,4869900,yfinance
2020-12-15,17.17985066,17.89400557,17.09158377,17.8779583,5431700,yfinance
2020-12-16,17.98226757,18.03843684,17.54093631,17.57303238,6493400,yfinance
2020-12-17,17.63723321,18.02239536,17.63723321,17.72550011,6010000,yfinance
2020-12-18,17.76562171,18.20695471,17.67735634,18.08659172,13712900,yfinance
2020-12-21,17.91808046,18.57606615,17.71747499,18.15078354,6095800,yfinance
2020-12-22,18.22299716,18.58408755,18.1267074,18.31126404,4832900,yfinance
2020-12-23,18.56804045,18.90505768,18.45570189,18.8488884,5114100,yfinance
2020-12-24,18.85691615,18.88098936,18.53594767,18.67235947,2859700,yfinance
2020-12-28,18.84086255,18.94517824,18.64828151,18.69642639,3892600,yfinance
2020-12-29,18.7606218,18.95320439,18.51989586,18.70445251,2818800,yfinance
2020-12-30,18.4396506,18.55199068,18.1828759,18.27916718,8226300,yfinance
2020-12-31,18.3834799,18.90505367,18.31928623,18.8569088,4316400,yfinance
2021-01-04,19.02542071,19.25009937,18.47175075,18.648283,6523400,yfinance
2021-01-05,18.62420723,19.41058167,18.61618436,19.27416992,6392600,yfinance
2021-01-06,19.48280404,20.23707951,19.33836785,20.04449844,6504300,yfinance
2021-01-07,20.22103232,20.30127329,19.84389305,19.84389305,6068300,yfinance
2021-01-08,19.97227419,20.42163141,19.85993565,20.39755821,4479300,yfinance
2021-01-11,20.13276743,20.5018808,20.07659814,20.4296627,6026000,yfinance
2021-01-12,20.48583035,20.95925937,20.43768394,20.87901688,5220000,yfinance
2021-01-13,20.95123389,21.71353369,20.89506461,21.56909752,8193500,yfinance
2021-01-14,21.56909799,22.13079388,21.56909799,22.02647972,5924700,yfinance
2021-01-15,21.88204193,22.32337329,21.79377504,22.14684105,5220400,yfinance
2021-01-19,22.50792866,22.79680097,22.26720276,22.51595306,6587000,yfinance
2021-01-20,22.45978872,23.01346025,22.37152182,22.48386192,6807900,yfinance
2021-01-21,22.49188835,22.53200883,21.80180496,21.89007187,7104900,yfinance
2021-01-22,21.77772825,21.89006835,21.6092204,21.74563217,5784600,yfinance
2021-01-25,21.553054,21.83390045,20.79075253,21.04752731,10717100,yfinance
2021-01-26,21.05554634,21.15183762,19.62723509,19.70747757,10506600,yfinance
2021-01-27,19.22602881,19.25812642,18.31126829,18.42360687,14199900,yfinance
2021-01-28,18.868666,20.0156483,18.61019138,19.82986832,12017000,yfinance
2021-01-29,19.61986183,20.1206561,19.5794742,19.700634,7250300,yfinance
2021-02-01,19.91872096,20.32258797,19.61986023,20.03988075,10704400,yfinance
2021-02-02,20.2822012,21.14647633,20.14488636,20.79915047,11209600,yfinance
2021-02-03,20.83953334,20.96877064,20.52451762,20.87992096,5264400,yfinance
2021-02-04,20.79915078,21.17878521,20.70222202,21.13839912,4831800,yfinance
2021-02-05,21.34033254,21.88959191,21.21109522,21.69573593,4324400,yfinance
2021-02-08,21.92997655,22.58424062,21.76843068,22.3580761,8431900,yfinance
2021-02-09,22.28537915,22.55193128,22.06729062,22.54385376,5275100,yfinance
2021-02-10,22.68116897,22.72155506,21.87343503,22.32576561,7563500,yfinance
2021-02-11,22.45500304,22.77809785,22.33384326,22.61655045,5576500,yfinance
2021-02-12,22.61655521,23.05273237,22.57616912,23.04465485,4984200,yfinance
2021-02-16,23.10119399,23.48082843,22.97195666,23.35159111,7370000,yfinance
2021-02-17,23.26273725,23.43236218,23.04465026,23.2304287,4720300,yfinance
2021-02-18,23.10926554,23.2788889,22.10767577,22.46307755,7613800,yfinance
2021-02-19,22.62462761,23.10119075,22.56000896,22.86694717,4352100,yfinance
2021-02-22,22.7134836,22.72155958,21.78458815,21.80882072,9607600,yfinance
2021-02-23,21.71188729,22.0834457,20.62952525,21.98651695,9793400,yfinance
2021-02-24,21.99459494,22.8427165,21.96228638,22.61655045,8672000,yfinance
2021-02-25,22.35807271,22.52769607,21.15454948,21.28378677,8306200,yfinance
2021-02-26,21.3241776,21.92190058,21.09801306,21.45341492,5892200,yfinance
2021-03-01,21.86536187,22.05114034,21.48572739,21.80882072,6045600,yfinance
2021-03-02,21.79266458,21.88959335,21.51803488,21.65534973,5638100,yfinance
2021-03-03,21.61496594,21.76035833,21.28379507,21.7199707,6996900,yfinance
2021-03-04,21.10608924,21.38879645,20.66183614,20.90415573,18935500,yfinance
2021-03-05,21.00108709,21.1949431,20.05603811,20.99300957,10636900,yfinance
2021-03-08,21.09801373,21.46149312,20.79915146,21.22725105,8455700,yfinance
2021-03-09,21.70381318,22.58424182,21.56649834,22.2369175,6344100,yfinance
2021-03-10,22.35807882,22.77002337,22.13191273,22.20460892,6912000,yfinance
2021-03-11,22.47116097,22.875028,22.38230974,22.76194572,4632800,yfinance
2021-03-12,22.64885552,23.02848984,22.40653447,22.98002625,3393000,yfinance
2021-03-15,22.92349131,23.23043111,22.84271914,23.02042007,4334700,yfinance
2021-03-16,22.89117746,22.98002868,22.5115431,22.52769661,4547300,yfinance
2021-03-17,22.4469287,22.4469287,21.29994636,21.68765831,11942900,yfinance
2021-03-18,21.68766347,21.79266824,20.98493404,21.0010891,8796100,yfinance
2021-03-19,21.00915864,21.44533414,20.92030742,21.2514782,11160700,yfinance
2021-03-22,21.2999491,21.37264376,20.91223556,20.9687767,7979800,yfinance
2021-03-23,20.97685047,21.01723809,20.52451988,20.66183472,6874200,yfinance
2021-03-24,20.64568378,21.33225809,20.64568378,20.71837997,5497100,yfinance
2021-03-25,20.50029026,21.20301958,20.33066684,21.09801483,5455900,yfinance
2021-03-26,21.13839604,21.30801942,20.92030752,21.25955582,5056700,yfinance
2021-03-29,21.15455549,21.25956024,20.98493054,21.05762672,3794900,yfinance
2021-03-30,21.0899334,21.71188736,21.04146826,21.71188736,4603100,yfinance
2021-03-31,21.8734383,22.05921676,21.62304117,21.65534973,5728000,yfinance
2021-04-01,21.84112922,22.06729377,21.72804541,21.86536026,6138300,yfinance
2021-04-05,22.15614268,22.23691639,21.77650674,22.0834465,6462500,yfinance
2021-04-06,22.01882652,22.63270447,21.91382025,22.47115707,5735800,yfinance
2021-04-07,22.44693191,22.50347305,21.74420255,21.88151741,6073200,yfinance
2021-04-08,22.01882777,22.41461723,22.01882777,22.3580761,4565800,yfinance
2021-04-09,22.21268754,22.43885364,21.76843441,22.39038849,5970800,yfinance
2021-04-12,22.36615362,22.49539093,22.25306982,22.3580761,3761100,yfinance
2021-04-13,22.39846125,22.8346383,22.18845024,22.81040573,4947500,yfinance
2021-04-14,22.7215554,23.09311382,22.71347941,22.9154129,3954600,yfinance
2021-04-15,23.02042227,23.19004569,22.90733999,23.04465485,4727800,yfinance
2021-04-16,23.24658476,23.3031259,23.02849622,23.12542343,5055200,yfinance
2021-04-19,23.07696424,23.18197055,22.68925222,22.89118576,5036800,yfinance
2021-04-20,22.78617707,23.06080677,22.64078623,22.81848717,5736900,yfinance
2021-04-21,22.64078307,22.96387634,22.48731318,22.93156624,3878000,yfinance
2021-04-22,23.15773391,23.3112038,22.85887165,22.8750267,4960600,yfinance
2021-04-23,22.80233223,23.0204208,22.75386862,22.85887337,3297100,yfinance
2021-04-26,22.97195668,22.97195668,22.60847575,22.78617668,3420100,yfinance
2021-04-27,22.83463969,22.85079474,22.38230756,22.45500374,2982300,yfinance
2021-04-28,22.43077551,22.63270902,22.39038788,22.5923214,3352200,yfinance
2021-04-29,22.71494625,22.99106657,22.5606449,22.65809822,5413800,yfinance
2021-04-30,22.45506805,22.69058307,22.3657361,22.5931282,5369000,yfinance
2021-05-03,22.73931384,22.80428325,22.20331586,22.21143723,5982100,yfinance
2021-05-04,22.13022168,22.13022168,21.56985967,21.69167709,8082200,yfinance
2021-05-05,21.84598198,22.07337566,21.35871069,21.49677086,8271700,yfinance
2021-05-06,21.09883491,21.41556213,20.16489909,20.66841316,16043700,yfinance
2021-05-07,20.76586537,21.1150765,20.24611014,20.94453239,10752300,yfinance
2021-05-10,20.72526124,21.24501651,20.50598891,20.89580536,7076800,yfinance
2021-05-11,20.53035201,20.67653201,20.22986754,20.57907867,5083900,yfinance
2021-05-12,20.44914204,20.73338379,19.94562793,19.99435616,4838700,yfinance
2021-05-13,20.16489687,20.33544251,19.59641345,19.84817123,5307700,yfinance
2021-05-14,20.0187188,20.87144407,20.0187188,20.60344505,4893000,yfinance
2021-05-17,20.41665114,20.65216616,20.1973804,20.44101524,5523100,yfinance
2021-05-18,20.51410942,20.51410942,20.1892624,20.21362495,4574900,yfinance
2021-05-19,19.90502126,20.27859497,19.76696108,20.25423241,7925100,yfinance
2021-05-20,20.30296032,20.76586757,20.26235502,20.58720207,8464600,yfinance
2021-05-21,20.70090211,20.86332644,20.51411521,20.59532738,7333900,yfinance
2021-05-24,20.79835202,21.00138161,20.66029183,20.87144279,6359100,yfinance
2021-05-25,20.99325921,20.99325921,20.53035201,20.57907867,7455900,yfinance
2021-05-26,20.66840911,20.83083182,20.41665135,20.67652893,5827700,yfinance
2021-05-27,20.81459219,20.83895629,20.56283594,20.57907867,5363900,yfinance
2021-05-28,20.6602894,20.74150154,20.5303506,20.63592529,3574900,yfinance
2021-06-01,20.76586569,20.95265254,20.64404825,20.81459236,4035200,yfinance
2021-06-02,20.78210908,20.78210908,20.39229263,20.45726204,5187700,yfinance
2021-06-03,20.25423326,20.57908031,20.04308229,20.35980797,3555000,yfinance
2021-06-04,20.42477064,20.53846823,20.00246884,20.27046776,6034500,yfinance
2021-06-07,20.42477362,20.57907652,20.2379868,20.56283379,3692600,yfinance
2021-06-08,20.61968182,20.77398472,20.44913773,20.56283379,3198800,yfinance
2021-06-09,20.66841312,20.70901842,20.44101942,20.46538353,3357200,yfinance
2021-06-10,20.5141056,20.69277104,20.36792408,20.61155891,3485400,yfinance
2021-06-11,20.74150318,21.03386473,20.67653223,21.01762199,3660800,yfinance
2021-06-14,21.09070986,21.31810352,20.70089348,20.90392303,2618700,yfinance
2021-06-15,20.96077541,21.35059342,20.84707933,21.16380501,4043100,yfinance
2021-06-16,21.18816847,21.28562181,20.87956262,20.89580536,4970000,yfinance
2021-06-17,20.83895432,21.22877071,20.68465142,21.17192268,4101000,yfinance
2021-06-18,20.79834926,20.95265061,20.40041149,20.41665268,6538300,yfinance
2021-06-21,20.61968262,21.28561936,20.50598656,21.2368927,4941300,yfinance
2021-06-22,21.14755943,21.20440746,20.87955893,20.90392303,3566600,yfinance
2021-06-23,20.96077217,21.16380174,20.822712,21.00137901,3178200,yfinance
2021-06-24,21.13132226,21.15568482,20.93641402,21.09071541,2949800,yfinance
2021-06-25,21.13943797,21.32622479,21.12319523,21.29373932,3341300,yfinance
2021-06-28,21.29374012,21.62670848,21.18816543,21.54549789,3359800,yfinance
2021-06-29,21.51301501,21.92719556,21.39931894,21.41556168,4447600,yfinance
2021-06-30,21.40743772,21.48052849,20.96889312,21.17192268,6329100,yfinance
2021-07-01,21.38307953,21.48053443,21.18817128,21.38307953,4103100,yfinance
2021-07-02,21.51301316,21.51301316,21.18004479,21.24501419,3312800,yfinance
2021-07-06,21.3099862,21.34247168,20.85520034,21.11507797,3579200,yfinance
2021-07-07,21.05011035,21.25313996,20.97701956,21.10695839,2948500,yfinance
2021-07-08,20.74150215,21.0582278,20.40853223,20.70089531,5596600,yfinance
2021-07-09,20.93641221,21.00950298,20.72526124,20.89580536,6073200,yfinance
2021-07-12,20.83895924,21.09071553,20.62780826,21.07447433,6083600,yfinance
2021-07-13,21.0501058,21.09883246,20.20550204,20.23798752,6107600,yfinance
2021-07-14,20.31920385,20.62780817,20.25423443,20.2623558,3645300,yfinance
2021-07-15,20.08368189,20.22174204,19.80756159,19.96186447,5489000,yfinance
2021-07-16,20.03495937,20.16489818,19.66138414,19.78320312,6356800,yfinance
2021-07-19,19.41775067,19.53144675,19.02793421,19.14975166,7643800,yfinance
2021-07-20,19.22284275,19.71823547,19.17411608,19.57205391,6737400,yfinance
2021-07-21,19.71823372,19.91314193,19.65326432,19.78320312,4619000,yfinance
2021-07-22,19.88065566,19.88877703,19.44211258,19.50708199,5477000,yfinance
2021-07-23,19.59641476,19.70199101,19.2147197,19.40962791,5729500,yfinance
2021-07-26,19.41775203,19.63702439,19.36090399,19.49084282,4904300,yfinance
2021-07-27,19.3852666,19.74259758,19.23096368,19.74259758,5488400,yfinance
2021-07-28,19.85629062,19.88877454,19.50707955,19.66950226,2984300,yfinance
2021-07-29,19.76696348,19.8725382,19.66138721,19.71011543,3328000,yfinance
2021-07-30,19.5229737,19.79265056,19.32684523,19.3677063,5208900,yfinance
2021-08-02,19.54749017,19.54749017,19.22060937,19.26146889,5567500,yfinance
2021-08-03,19.32684029,19.71092649,19.22060464,19.54748535,10843600,yfinance
2021-08-04,19.40039085,19.53114315,19.16340289,19.31867027,4894500,yfinance
2021-08-05,19.8580232,20.64253853,19.47393853,20.30748558,10640800,yfinance
2021-08-06,20.53630206,20.82232331,20.0704968,20.10318565,7489800,yfinance
2021-08-09,20.06232349,20.09501234,19.74361497,19.75178719,5950600,yfinance
2021-08-10,19.78447552,20.21759349,19.69458429,19.89071274,4612800,yfinance
2021-08-11,19.91522952,20.37286258,19.91522952,20.34017372,4700600,yfinance
2021-08-12,20.25028734,20.5935126,20.25028734,20.51996422,4353900,yfinance
2021-08-13,20.43006517,20.5853341,20.22576452,20.25845337,3286100,yfinance
2021-08-16,20.15221891,20.25028392,19.90705872,19.90705872,2679900,yfinance
2021-08-17,19.75996118,19.8089929,19.40039156,19.68641281,3452300,yfinance
2021-08-18,19.74361738,19.77630623,19.40039217,19.4167366,4970600,yfinance
2021-08-19,19.28598298,19.563832,19.22060683,19.31867027,5192600,yfinance
2021-08-20,19.26963888,19.90705752,19.22877937,19.87436867,5292600,yfinance
2021-08-23,19.93974547,20.00512162,19.6128647,19.81716537,5704300,yfinance
2021-08-24,19.96426048,19.96426048,19.62920752,19.77630424,5848600,yfinance
2021-08-25,19.75995841,20.0378074,19.67823784,19.82533455,6158300,yfinance
2021-08-26,19.77630678,19.82533851,19.49845773,19.50662994,3919800,yfinance
2021-08-27,19.41673576,19.76813316,19.37587469,19.76813316,4578700,yfinance
2021-08-30,19.85802541,19.88254205,19.67824137,19.6945858,2120000,yfinance
2021-08-31,19.74361793,19.80082187,19.42490936,19.50662994,6436300,yfinance
2021-09-01,19.67823911,19.97243255,19.6373796,19.71092796,3941600,yfinance
2021-09-02,19.71910192,20.05415648,19.70275905,20.04598427,3283600,yfinance
2021-09-03,20.00511959,20.20942025,19.93974345,20.13587189,7178600,yfinance
2021-09-07,19.99695086,20.09501587,19.84168346,19.98060799,7112100,yfinance
2021-09-08,19.97243456,20.07049801,19.71092994,19.73544502,4804900,yfinance
2021-09-09,19.76813105,19.84985162,19.60468991,19.66189384,4377700,yfinance
2021-09-10,19.75178844,19.76813287,19.41673547,19.42490768,3686800,yfinance
2021-09-13,19.61286561,19.64555447,19.37587607,19.50662994,5941400,yfinance
2021-09-14,19.63738027,19.72727151,19.36770346,19.46576691,4703200,yfinance
2021-09-15,19.43307818,19.75995891,19.33501318,19.70275497,4909500,yfinance
2021-09-16,19.73544521,19.90705859,19.62103733,19.84168243,5230700,yfinance
2021-09-17,20.0378095,20.30748632,20.00512065,20.10318565,10357800,yfinance
2021-09-20,19.77630263,19.96425885,19.22877685,19.54748535,5734000,yfinance
2021-09-21,19.67006542,19.74361378,19.49028142,19.54748535,4272000,yfinance
2021-09-22,19.63738273,19.75179062,19.30232973,19.34318924,3426600,yfinance
2021-09-23,19.47394173,19.66189799,19.17974823,19.23695374,3411200,yfinance
2021-09-24,19.23695206,19.35953215,19.09802754,19.15523148,5970300,yfinance
2021-09-27,19.0898561,19.5556614,19.06533945,19.16340446,3741900,yfinance
2021-09-28,19.22060625,19.39221806,18.82017715,18.84469223,5135500,yfinance
2021-09-29,18.90189902,18.92641567,18.65673882,18.74663162,3551000,yfinance
2021-09-30,18.78748867,18.82017753,18.46878014,18.65673637,5642000,yfinance
2021-10-01,18.82835485,18.96727784,18.55867641,18.71394539,4779600,yfinance
2021-10-04,18.64039082,18.80383196,18.52598295,18.66490746,4485700,yfinance
2021-10-05,18.73846084,19.15523446,18.55050457,19.10620117,5162200,yfinance
2021-10-06,18.9264164,19.15523374,18.65673954,19.13888931,4515300,yfinance
2021-10-07,19.21243532,19.89071348,19.14705916,19.68641281,10589200,yfinance
2021-10-08,19.65372241,19.98877536,19.54748675,19.67006683,9921100,yfinance
2021-10-11,19.62920988,19.7681344,19.48211314,19.61286545,7662500,yfinance
2021-10-12,19.62921143,19.77630818,19.5311464,19.62921143,6733400,yfinance
2021-10-13,19.68641603,19.79265171,19.46577089,19.57200813,5890200,yfinance
2021-10-14,19.71910078,19.86619752,19.54748896,19.84168243,3200600,yfinance
2021-10-15,20.01329027,20.15221476,19.86619356,19.94791412,3537800,yfinance
2021-10-18,19.68641242,19.80082029,19.4494229,19.49028397,3269100,yfinance
2021-10-19,19.64555378,19.84985446,19.54748877,19.73544502,3291600,yfinance
2021-10-20,19.75996336,20.50361776,19.75996336,20.45458603,6982600,yfinance
2021-10-21,20.36468902,20.46275402,20.05415272,20.25845337,4068600,yfinance
2021-10-22,20.38103789,20.5363053,20.26662844,20.37286568,3740200,yfinance
2021-10-25,20.33200119,20.64253907,20.2993139,20.56899071,3834200,yfinance
2021-10-26,20.71608889,21.00211015,20.56899215,20.73243332,6284900,yfinance
2021-10-27,20.76512071,21.17372206,20.70791677,20.96942139,5546200,yfinance
2021-10-28,21.05113914,21.49242773,20.81414964,20.89587021,5746400,yfinance
2021-10-29,20.7814643,20.88769997,20.37286297,20.53630257,5021400,yfinance
2021-11-01,20.59467816,21.01397121,20.50424351,20.8577652,3070500,yfinance
2021-11-02,20.8577652,20.95642146,20.66044953,20.8577652,4968700,yfinance
2021-11-03,20.89886877,20.99752659,20.53712552,20.80021095,5918100,yfinance
2021-11-04,21.25239126,21.33460585,20.32336903,20.6522274,5778400,yfinance
2021-11-05,20.75088098,20.86598045,20.5042388,20.54534531,6858600,yfinance
2021-11-08,20.56178588,20.63577884,19.54232928,19.65742874,7360300,yfinance
2021-11-09,19.75609035,19.83830337,19.46011847,19.6409893,5107700,yfinance
2021-11-10,19.58344006,19.93696169,19.58344006,19.81364059,3500000,yfinance
2021-11-11,19.94518267,20.57001133,19.89585454,20.45491028,7503900,yfinance
2021-11-12,20.42202781,20.43847104,20.03562125,20.32336998,4154500,yfinance
2021-11-15,20.55357078,20.62756376,20.28226371,20.57823563,3207600,yfinance
2021-11-16,20.55357142,20.61112117,20.33981409,20.60289955,2730000,yfinance
2021-11-17,20.30692549,20.47135309,20.05206012,20.348032,4116100,yfinance
2021-11-18,20.31514433,20.41380214,19.8300816,20.11783028,2918700,yfinance
2021-11-19,20.01917288,20.24937181,19.94517992,20.2082653,4313600,yfinance
2021-11-22,20.29870247,20.67688733,20.15893815,20.50423813,4611800,yfinance
2021-11-23,20.53712498,20.54534659,20.20004658,20.23293304,2536800,yfinance
2021-11-24,20.16716397,20.48779917,19.94518503,20.32336998,4134900,yfinance
2021-11-26,19.92052405,19.95341053,19.5258958,19.59166718,2500100,yfinance
2021-11-29,19.81364021,19.82186182,19.35324071,19.41901207,4307000,yfinance
2021-11-30,19.40257311,19.61633046,18.99150166,19.22170067,10330900,yfinance
2021-12-01,19.50122696,20.10961246,19.34502096,19.38612747,9058000,yfinance
2021-12-02,19.32857623,19.96162652,19.03260433,19.79719734,5494800,yfinance
2021-12-03,19.8958562,20.01095569,19.35324208,19.53411293,6167800,yfinance
2021-12-06,19.77253178,20.27403934,19.60810418,20.02739716,5585100,yfinance
2021-12-07,20.24937108,20.58645098,20.20004297,20.40557861,3693500,yfinance
2021-12-08,20.430247,20.5946746,20.26581783,20.45491028,3044100,yfinance
2021-12-09,20.44669028,20.53712491,20.16716162,20.18360329,4454000,yfinance
2021-12-10,20.31514365,20.38913661,19.95340202,20.0767231,3414800,yfinance
2021-12-13,20.0191729,20.0191729,19.55055186,19.66565132,5358800,yfinance
2021-12-14,19.56699355,19.76430916,19.32857301,19.41078758,5302500,yfinance
2021-12-15,19.36145805,19.86296555,19.31212993,19.8383007,3671000,yfinance
2021-12-16,19.85474515,20.30692456,19.78075218,19.78075218,4556000,yfinance
2021-12-17,19.62454529,19.98628692,19.39434479,19.80541611,6214300,yfinance
2021-12-20,19.48478048,19.5341086,18.69552276,19.09015083,5578900,yfinance
2021-12-21,19.24636165,19.731426,19.2216968,19.49300385,4944800,yfinance
2021-12-22,19.38612842,19.53411438,19.2956922,19.3779068,3587000,yfinance
2021-12-23,19.45189593,19.50944567,19.32857484,19.36145973,3790700,yfinance
2021-12-27,19.35324138,19.51766899,19.27102679,19.46011925,2798500,yfinance
2021-12-28,19.5258932,19.73965054,19.4436786,19.51767159,1908700,yfinance
2021-12-29,19.46834159,19.65743406,19.41901346,19.55055618,2611100,yfinance
2021-12-30,19.64921021,19.96984693,19.58343886,19.87118912,3201700,yfinance
2021-12-31,19.79719656,20.08494683,19.73964683,19.9780674,2491100,yfinance
2022-01-03,20.06850335,20.30692548,19.76431142,20.0438385,2741200,yfinance
2022-01-04,20.08494951,20.27404199,19.95340679,20.10139275,4105000,yfinance
2022-01-05,20.01917762,20.1260555,19.17236997,19.18059158,6392500,yfinance
2022-01-06,19.18881058,19.48478245,19.04082464,19.10659599,6035900,yfinance
2022-01-07,19.10659844,19.2956909,18.89284112,18.99149895,4655400,yfinance
2022-01-10,19.03260758,19.16415032,18.64620099,18.87639999,7277100,yfinance
2022-01-11,18.90928547,19.22992068,18.90928547,19.18881416,3959500,yfinance
2022-01-12,19.27102374,19.48478101,19.1148162,19.26280212,3596600,yfinance
2022-01-13,19.27102807,19.46834216,19.09015565,19.13126373,3049000,yfinance
2022-01-14,19.05726835,19.11481809,18.76951809,18.95861053,4467700,yfinance
2022-01-18,18.74485189,18.86817454,18.46532326,18.57220268,4523800,yfinance
2022-01-19,18.58042845,19.10659937,18.5557636,18.96683502,5725900,yfinance
2022-01-20,19.12304156,19.77253355,19.07371343,19.22991943,7856900,yfinance
2022-01-21,19.16414775,19.30391208,18.81884772,18.86817741,5997300,yfinance
2022-01-24,18.49820972,18.60508757,17.70895352,18.57220268,10357800,yfinance
2022-01-25,18.17757579,18.35022501,17.89804715,18.22690392,9369900,yfinance
2022-01-26,18.53109762,18.97505387,18.24334736,18.4324398,7061000,yfinance
2022-01-27,18.75307498,18.93394739,18.12002628,18.14468956,6652600,yfinance
2022-01-28,18.00492499,18.22690389,17.77472603,18.21046066,4187800,yfinance
2022-01-31,18.0100713,18.39925389,17.88586423,18.36613274,9913700,yfinance
2022-02-01,18.39925565,18.4820609,18.1425608,18.34957314,6924800,yfinance
2022-02-02,18.29161506,18.51518883,18.09288336,18.4737854,5703500,yfinance
2022-02-03,18.25020881,18.4323791,17.976951,18.01835442,5251400,yfinance
2022-02-04,17.91070469,18.29160817,17.81133967,18.14255905,6201000,yfinance
2022-02-07,18.10115962,18.27504923,17.8858666,18.05147552,5478400,yfinance
2022-02-08,18.13428206,18.68079455,18.06803817,18.62283134,8517400,yfinance
2022-02-09,18.85468249,19.10309664,18.81327908,19.02857208,4202100,yfinance
2022-02-10,18.74703618,19.09481696,18.3992554,18.50690269,7026300,yfinance
2022-02-11,18.50690182,18.7387546,17.81962097,17.84446144,8335400,yfinance
2022-02-14,17.92726733,17.96867074,17.50496199,17.76993752,7996200,yfinance
2022-02-15,18.01007296,18.11771868,17.819622,17.85274315,6016400,yfinance
2022-02-16,17.84446067,18.28332734,17.82790089,18.12599754,5071100,yfinance
2022-02-17,18.0183543,18.06803682,17.66229282,17.77821922,4914400,yfinance
2022-02-18,17.74509852,17.9355495,17.50496344,17.60433006,3115500,yfinance
2022-02-22,17.57948626,17.67057218,17.20686502,17.39731598,5021200,yfinance
2022-02-23,17.42215829,17.60432857,16.93360907,17.01641273,6087900,yfinance
2022-02-24,16.58582865,17.41387798,16.36225496,17.32279205,10375600,yfinance
2022-02-25,17.4884023,17.61260938,16.85080394,17.48012161,5580600,yfinance
2022-02-28,17.38903777,17.81134316,17.29795183,17.57948875,8264600,yfinance
2022-03-01,17.50496445,17.59605039,16.97501332,17.11578178,5071600,yfinance
2022-03-02,17.21514874,17.83618583,17.09094006,17.72853851,6606400,yfinance
2022-03-03,17.7782182,18.00179189,17.69541453,17.76993752,12627400,yfinance
2022-03-04,17.61261423,18.11772338,17.55465101,18.06804085,8911400,yfinance
2022-03-07,18.24192762,18.40753654,17.98523118,18.10943985,7689600,yfinance
2022-03-08,18.2170853,18.37441511,17.85274315,17.85274315,8533300,yfinance
2022-03-09,18.18396187,18.40753556,18.01007227,18.18396187,6540500,yfinance
2022-03-10,18.06803598,18.55658521,17.96867095,18.50690269,3953100,yfinance
2022-03-11,18.54002247,18.82984002,18.37441356,18.38269424,4679500,yfinance
2022-03-14,18.48206329,18.63939312,17.87758757,17.98523331,5516900,yfinance
2022-03-15,18.12600192,18.56486869,18.08460008,18.4986248,4247700,yfinance
2022-03-16,18.54830535,18.98717208,18.52346488,18.75531769,5490400,yfinance
2022-03-17,18.70563568,19.53368507,18.64767248,19.38463593,5810700,yfinance
2022-03-18,19.38463503,19.71585445,19.28526999,19.61648941,8964900,yfinance
2022-03-21,19.56680351,19.74069468,19.27698753,19.44259644,6253600,yfinance
2022-03-22,19.60820766,19.83178135,19.5336831,19.64132881,4527200,yfinance
2022-03-23,19.57508587,19.6661718,19.33495238,19.37635422,5353100,yfinance
2022-03-24,19.50884646,20.08020108,19.35979729,20.07192039,6925100,yfinance
2022-03-25,20.17956543,20.2044059,19.94771102,20.17956543,5146800,yfinance
2022-03-28,20.1050415,20.42798028,20.08019945,20.41141891,3714200,yfinance
2022-03-29,20.73435813,21.15666194,20.51906509,21.07385826,5255100,yfinance
2022-03-30,21.01589348,21.15666194,20.91652843,21.07385826,6506800,yfinance
2022-03-31,21.05729566,21.53756423,20.97449041,21.30570984,5997800,yfinance
2022-04-01,21.36367546,21.73629835,21.2725911,21.7114563,4588900,yfinance
2022-04-04,21.61208545,21.73629252,21.35539063,21.66176796,3804000,yfinance
2022-04-05,21.69489393,21.95986947,21.36367292,21.47960091,4404200,yfinance
2022-04-06,21.15665704,21.38023071,20.94136563,21.09869385,6107100,yfinance
2022-04-07,21.07386121,21.18150695,20.85028746,20.8916893,6435900,yfinance
2022-04-08,20.9579301,20.99933352,20.49422288,20.56046677,6107300,yfinance
2022-04-11,20.5687452,20.66811023,20.12987849,20.44453812,9024500,yfinance
2022-04-12,20.61842309,20.65154581,20.17127738,20.24580193,5878800,yfinance
2022-04-13,20.19612526,20.34517442,20.06363748,20.26236916,4850800,yfinance
2022-04-14,20.32861487,20.51906746,20.17956729,20.21268845,4368800,yfinance
2022-04-18,20.18784458,20.3534551,19.84834443,19.95599174,3880700,yfinance
2022-04-19,20.02223278,20.27064695,19.99739074,20.22096443,5368700,yfinance
2022-04-20,20.48594432,21.03245686,20.22924942,20.6267128,7459100,yfinance
2022-04-21,20.67639123,20.7509158,19.02857325,19.0534153,7223600,yfinance
2022-04-22,19.05341742,19.21902636,18.61455066,18.62283134,7457000,yfinance
2022-04-25,18.56486591,18.61454842,17.97695007,18.28332901,5962500,yfinance
2022-04-26,18.01007431,18.17568482,17.63745145,17.67057419,7094900,yfinance
2022-04-27,17.69541552,17.87758581,17.40559793,17.47184181,6770200,yfinance
2022-04-28,17.66205816,17.75383129,17.27828092,17.55360031,4263700,yfinance
2022-04-29,17.51188767,17.6286887,16.99462461,17.03633881,5822800,yfinance
2022-05-02,17.16982568,17.37005669,16.76936365,17.18651199,5730300,yfinance
2022-05-03,17.11976843,17.6537178,17.10308212,17.28662682,7434500,yfinance
2022-05-04,17.36171288,18.40458369,17.336685,18.28778267,9105800,yfinance
2022-05-05,18.05417513,18.45463865,17.56194009,17.79554367,7265800,yfinance
2022-05-06,17.50354583,17.78720686,16.76102222,17.47017479,6054100,yfinance
2022-05-09,17.32834198,17.4868572,16.6191895,16.73599052,7248600,yfinance
2022-05-10,16.96959288,17.13645283,16.16866732,16.65255928,7188600,yfinance
2022-05-11,16.67758875,17.32834067,16.59415877,16.65255928,5472900,yfinance
2022-05-12,16.57748034,16.79439614,15.96844239,16.22707558,8280400,yfinance
2022-05-13,16.54410222,17.05302368,16.46067224,16.88616371,5685300,yfinance
2022-05-16,16.85279314,16.98628048,16.66924686,16.73599052,4846000,yfinance
2022-05-17,17.02799741,17.32834476,16.90285321,17.3200016,3971200,yfinance
2022-05-18,17.22822563,17.27828298,16.77770626,16.87782097,3547100,yfinance
2022-05-19,16.82776475,17.41177308,16.82776475,17.2449131,5312600,yfinance
2022-05-20,17.36171293,17.43679976,16.78604938,17.12811089,5709400,yfinance
2022-05-23,17.42845779,17.65371829,17.20319889,17.62868881,3943400,yfinance
2022-05-24,17.53691431,17.77051633,17.06970709,17.72045898,4420100,yfinance
2022-05-25,17.67040078,17.97074804,17.65371447,17.87897491,4470000,yfinance
2022-05-26,17.9957787,18.54641437,17.96240766,18.35452652,4105200,yfinance
2022-05-27,18.39623851,18.80504523,18.36286748,18.71327209,3025000,yfinance
2022-05-31,18.57144409,18.66321724,18.34618361,18.3878994,5242300,yfinance
2022-06-01,18.40458536,18.48801535,18.02080963,18.2544117,3550900,yfinance
2022-06-02,18.32949823,18.47967189,18.08755301,18.47132874,3458400,yfinance
2022-06-03,18.34618267,18.67155785,18.30446848,18.5797863,2780500,yfinance
2022-06-06,19.34734014,19.76448847,18.91350549,18.94687653,5583100,yfinance
2022-06-07,18.77167613,18.95522083,18.72161877,18.93019295,4689900,yfinance
2022-06-08,18.69658941,18.88847727,18.50470154,18.53807259,4644500,yfinance
2022-06-09,18.43795574,18.4880131,17.97075008,17.97909164,4708800,yfinance
2022-06-10,17.60365815,17.62034446,17.09473673,17.26159668,5348500,yfinance
2022-06-13,16.80273758,16.89451074,16.06021392,16.15198708,6406400,yfinance
2022-06-14,16.16866526,16.24375207,15.53460132,15.77654648,7640600,yfinance
2022-06-15,16.0268382,16.61918966,15.95175296,16.31049919,8139500,yfinance
2022-06-16,15.85163492,16.07689537,15.60134658,15.80157757,11495900,yfinance
2022-06-17,15.76820515,16.18535344,15.74317727,16.06020927,11788000,yfinance
2022-06-21,16.26878676,16.64422094,16.22707256,16.59416199,6041500,yfinance
2022-06-22,16.40226947,16.98627767,16.37724,16.89450455,6987200,yfinance
2022-06-23,16.91954041,17.32834567,16.89451093,17.26994514,4685100,yfinance
2022-06-24,17.42011313,17.92069143,17.36171262,17.87063408,8178800,yfinance
2022-06-27,17.78720097,17.97908878,17.63702734,17.8956604,3791600,yfinance
2022-06-28,18.10424063,18.23772799,17.63703329,17.67874908,4235100,yfinance
2022-06-29,17.60365978,17.60365978,16.81107732,16.98628044,8174200,yfinance
2022-06-30,16.75267598,17.61200206,16.71096178,17.52857208,7777600,yfinance
2022-07-01,17.52857357,17.96240823,17.51188726,17.92069244,4741900,yfinance
2022-07-05,17.65371812,17.70377547,17.19485557,17.67040443,4844800,yfinance
2022-07-06,17.76217445,18.02914909,17.47017034,17.55360031,4473900,yfinance
2022-07-07,17.71211579,18.03749254,17.63702897,17.86228943,5086500,yfinance
2022-07-08,17.77886112,18.05417895,17.67040326,17.93737793,4849500,yfinance
2022-07-11,17.82057629,17.93737731,17.67040265,17.77051735,3747200,yfinance
2022-07-12,17.57862854,17.88731897,17.44514122,17.57862854,2781200,yfinance
2022-07-13,17.27828278,17.71211742,17.04468074,17.44514275,3798200,yfinance
2022-07-14,17.11977005,17.16982741,16.73599271,17.11977005,4974400,yfinance
2022-07-15,16.93622191,17.09473872,15.76820688,16.9779377,6335500,yfinance
2022-07-18,17.1948583,17.33668882,16.87782461,16.91954041,3688800,yfinance
2022-07-19,17.16147979,17.2782808,17.04467878,17.20319557,6212700,yfinance
2022-07-20,17.10308327,17.18651326,16.6442207,16.66924858,7499300,yfinance
2022-07-21,16.64422011,16.79439218,16.49404644,16.61084747,4754300,yfinance
2022-07-22,16.71930161,16.91118941,16.19369395,16.46066856,5321800,yfinance
2022-07-25,16.47735801,16.69427532,16.16866756,16.68593216,4736900,yfinance
2022-07-26,16.70262346,16.92788399,16.67759398,16.80273819,3061300,yfinance
2022-07-27,16.91119403,17.05302453,16.75267721,16.9779377,4546200,yfinance
2022-07-28,18.54641516,18.64653147,17.67874743,18.58813095,9046200,yfinance
2022-07-29,18.56964336,18.77970719,18.56124061,18.6704731,4829000,yfinance
2022-08-01,18.61165627,18.80491462,18.46041005,18.78811073,3796200,yfinance
2022-08-02,18.76290082,19.04018501,18.67047222,18.67887497,4830600,yfinance
2022-08-03,18.89734855,18.97297169,18.53603838,18.94776344,3138100,yfinance
2022-08-04,18.93935948,19.49392797,18.83012537,19.32587624,5486900,yfinance
2022-08-05,19.92245414,20.52743904,19.6199633,20.35098457,8553400,yfinance
2022-08-08,20.55264735,20.67028421,19.98967775,20.05689812,6019100,yfinance
2022-08-09,20.09890714,20.24175061,19.95606368,20.03168678,3756000,yfinance
2022-08-10,20.33418077,20.53584186,20.14932356,20.52743912,4228900,yfinance
2022-08-11,20.62827046,20.72069908,20.4182066,20.46022034,4379200,yfinance
2022-08-12,20.68708984,21.01478895,20.51063537,20.9139576,4125200,yfinance
2022-08-15,20.83833298,21.18283756,20.81312634,21.15763092,3456000,yfinance
2022-08-16,21.04839619,21.25846003,20.99798132,21.05679893,3748700,yfinance
2022-08-17,20.82993206,21.12402017,20.76271009,21.01478767,3101400,yfinance
2022-08-18,21.12401781,21.88024887,21.12401781,21.86344337,6184100,yfinance
2022-08-19,21.82983235,21.85504058,21.26686123,21.49373055,7786000,yfinance
2022-08-22,21.14082535,21.25005945,20.84673564,20.98117638,4855500,yfinance
2022-08-23,21.04839609,21.14922744,20.73750251,20.846735,3614900,yfinance
2022-08-24,20.84673628,21.48533058,20.77111316,21.48533058,3986000,yfinance
2022-08-25,21.67858816,22.12392409,21.61977054,22.07350922,4942700,yfinance
2022-08-26,21.98948626,22.157538,21.52734638,21.53574753,4253100,yfinance
2022-08-29,21.31727912,21.69539307,21.25005875,21.40970612,2985800,yfinance
2022-08-30,21.59456331,21.61976995,21.07360428,21.37609673,4932900,yfinance
2022-08-31,21.39290356,21.51054041,21.25846281,21.38450241,5223100,yfinance
2022-09-01,21.15763272,21.74581058,21.15763272,21.72060394,4118800,yfinance
2022-09-02,21.90545687,22.41801315,21.77101614,21.97267723,7663400,yfinance
2022-09-06,22.00629348,22.115526,21.66178883,21.88865662,6786000,yfinance
2022-09-07,22.00628973,22.86334903,22.00628973,22.8381424,7019800,yfinance
2022-09-08,22.80453133,23.35069863,22.68689608,22.99779129,7397600,yfinance
2022-09-09,23.10702204,23.19945064,22.92216644,23.04820442,4636900,yfinance
2022-09-12,23.04820507,23.23306067,22.7793236,23.1826458,4271500,yfinance
2022-09-13,22.67849286,23.03980293,22.36759926,22.54405212,4038100,yfinance
2022-09-14,22.53565032,22.78772791,22.46002721,22.7121048,4343900,yfinance
2022-09-15,22.36759878,22.71210335,22.25836468,22.4264164,4884400,yfinance
2022-09-16,22.33398931,22.37600144,21.51894212,21.77942085,11416500,yfinance
2022-09-19,21.62817369,22.36759933,21.62817369,22.35079384,3406900,yfinance
2022-09-20,22.17433912,22.24996223,21.72900479,21.75421143,3652400,yfinance
2022-09-21,21.93066481,22.02309181,21.33408268,21.34248543,3180400,yfinance
2022-09-22,21.31728222,21.35089161,20.99798424,21.03159523,2708200,yfinance
2022-09-23,20.62826837,20.69548874,19.80481851,20.40980339,5154800,yfinance
2022-09-26,20.28376666,20.34258428,19.27546105,19.29226494,6714700,yfinance
2022-09-27,19.60315921,19.64517134,18.66207241,18.68728065,7457800,yfinance
2022-09-28,18.88894415,19.45191543,18.56964775,19.35108566,7129700,yfinance
2022-09-29,19.04859193,19.31747343,18.80491707,19.1158123,8189200,yfinance
2022-09-30,19.16622567,19.34268014,18.95616181,18.9897728,8481500,yfinance
2022-10-03,19.37628766,20.01488191,19.14101719,19.79641533,5741200,yfinance
2022-10-04,20.09891022,21.26686477,20.09050747,21.23325539,7743900,yfinance
2022-10-05,20.82153374,21.51894581,20.72070237,21.3592968,4867700,yfinance
2022-10-06,21.28366781,21.41810854,20.68708728,21.34248543,6672500,yfinance
2022-10-07,21.16603446,21.3172807,20.67868638,20.93916512,4444000,yfinance
2022-10-10,20.97277522,21.23325556,20.79632235,20.9139576,4360100,yfinance
2022-10-11,20.81312616,21.00638452,20.51063371,20.73750305,4794200,yfinance
2022-10-12,20.66187839,20.67028113,20.14932213,20.27536011,4230600,yfinance
2022-10-13,19.84683341,20.64507508,19.52753545,20.5022316,5199900,yfinance
2022-10-14,20.69549019,20.93076229,19.53593843,19.5863533,4402900,yfinance
2022-10-17,20.07370273,20.45181834,20.01488511,20.06529999,3994700,yfinance
2022-10-18,20.51063434,20.72910094,20.36779086,20.5022316,3353800,yfinance
2022-10-19,20.22494524,20.51063217,20.10731001,20.27536011,3103100,yfinance
2022-10-20,20.25015365,20.30056852,19.56114454,19.72919464,2936400,yfinance
2022-10-21,19.99807834,20.57785503,19.75440511,20.56945229,4534200,yfinance
2022-10-24,20.7459093,20.81312968,20.32578154,20.67028618,2757800,yfinance
2022-10-25,20.73750797,21.34249142,20.67028759,21.16603851,4641900,yfinance
2022-10-26,21.25846281,21.62817566,21.13242481,21.38450241,3305400,yfinance
2022-10-27,21.65338326,21.98948511,21.5525519,21.65338326,3732300,yfinance
2022-10-28,21.77101453,22.24995979,21.64497655,22.2331543,5180300,yfinance
2022-10-31,22.18920224,22.29909091,21.96097006,22.11312485,4763400,yfinance
2022-11-01,22.33290585,22.62030901,22.22301717,22.26528168,4851400,yfinance
2022-11-02,22.19765758,22.60340264,21.74964639,21.83417702,3976100,yfinance
2022-11-03,21.6482093,22.38362197,21.55522546,22.13848495,4106100,yfinance
2022-11-04,22.82317883,22.96688039,21.75809696,22.36671448,4356000,yfinance
2022-11-07,22.44279186,22.84008526,22.07931296,22.63721275,5138600,yfinance
2022-11-08,22.67102642,22.68793287,22.13003301,22.39207649,4160000,yfinance
2022-11-09,22.18075004,22.57804186,22.06240814,22.18920326,4489000,yfinance
2022-11-10,22.96688272,23.87135667,22.78936825,23.85445023,6382200,yfinance
2022-11-11,23.93052809,24.15030707,23.60931365,23.73610878,4518400,yfinance
2022-11-14,23.68538889,23.68538889,23.26273742,23.27119064,3022700,yfinance
2022-11-15,23.51633234,23.65158071,23.16130497,23.48252106,3895400,yfinance
2022-11-16,23.38107624,23.72765027,23.33881174,23.63466644,3190500,yfinance
2022-11-17,23.27118976,23.36417199,22.89925603,23.22047043,3238200,yfinance
2022-11-18,23.583957,23.71920537,23.05141674,23.38108444,6902300,yfinance
2022-11-21,23.30500016,23.78682254,23.26273566,23.7276516,4659200,yfinance
2022-11-22,23.84599746,24.09958934,23.57550075,23.73610878,3461600,yfinance
2022-11-23,23.67693835,24.09113664,23.57550127,24.07423019,2486400,yfinance
2022-11-25,24.26864536,24.60676781,24.14185025,24.18411636,1896600,yfinance
2022-11-28,23.86290362,24.0826826,23.64312465,23.70229721,3330900,yfinance
2022-11-29,23.736107,23.98124564,23.56704577,23.8882618,3672800,yfinance
2022-11-30,23.86289992,24.50533031,23.71919837,24.44615936,5484700,yfinance
2022-12-01,24.78428169,25.02942031,24.21792866,24.27709961,3003600,yfinance
2022-12-02,23.8882606,24.36162979,23.82908966,24.23483467,3320300,yfinance
2022-12-05,23.99814797,24.17566241,23.83754158,23.98124313,2910800,yfinance
2022-12-06,23.97279272,24.10804107,23.55859446,23.77837181,2594800,yfinance
2022-12-07,23.71074795,23.87135596,23.56704638,23.651577,3048700,yfinance
2022-12-08,24.00660266,24.48842506,23.7445592,23.95588493,4091400,yfinance
2022-12-09,23.86290312,24.30246106,23.78682572,24.10804176,3861500,yfinance
2022-12-12,24.26864897,24.63212953,24.10804256,24.60677147,2450500,yfinance
2022-12-13,25.17311856,25.26610078,24.38698668,24.74201393,6077700,yfinance
2022-12-14,24.77582667,24.96179434,24.37853491,24.71665573,4156700,yfinance
2022-12-15,24.49687649,24.51378294,24.09113151,24.26864433,3491800,yfinance
2022-12-16,24.09113327,24.15030422,23.68538826,23.95588493,6868400,yfinance
2022-12-19,23.98124505,24.06577406,23.66002903,23.83754349,2463300,yfinance
2022-12-20,23.81218366,24.14185129,23.81218366,23.97279167,2891800,yfinance
2022-12-21,24.12494483,24.38698827,23.87980622,24.29400444,2610600,yfinance
2022-12-22,24.13339733,24.2010215,23.52477982,23.93052483,1916800,yfinance
2022-12-23,23.88826075,24.2686461,23.79527691,24.24328804,1532500,yfinance
2022-12-27,24.31936499,24.4461601,24.20102148,24.36162949,1605000,yfinance
2022-12-28,24.50533316,24.50533316,23.80373175,23.9389801,3244900,yfinance
2022-12-29,24.10803911,24.57295506,24.09958589,24.35317612,1421200,yfinance
2022-12-30,24.26864507,24.37008212,23.98124357,24.31091118,2233000,yfinance
2023-01-03,24.34472096,24.606766,23.72765028,23.76146317,4295300,yfinance
2023-01-04,23.89671571,24.11649468,22.76400959,23.05986595,8624200,yfinance
2023-01-05,22.81472701,22.95842858,21.71583379,21.86798859,8116400,yfinance
2023-01-06,22.0708596,22.52732234,21.99478221,22.34135628,4184300,yfinance
2023-01-09,22.32445122,23.08522357,22.21456255,23.03450584,4583600,yfinance
2023-01-10,23.00914779,23.13594453,22.49351404,23.01760101,2932500,yfinance
2023-01-11,23.06831451,23.4486998,23.03450162,23.44024658,3086700,yfinance
2023-01-12,23.46560978,23.58395167,23.24583082,23.40643883,6403400,yfinance
2023-01-13,23.17820851,23.59240679,23.06831983,23.55014229,4944800,yfinance
2023-01-17,23.61776546,23.82063798,23.3219091,23.33036232,3161800,yfinance
2023-01-18,23.45715751,23.59240586,22.73019644,22.75555611,4381700,yfinance
2023-01-19,22.66256712,22.76400417,22.31599311,22.51886559,5246000,yfinance
2023-01-20,22.59494634,22.77246079,22.34980934,22.76400757,2983000,yfinance
2023-01-23,22.73864761,23.04295717,22.569588,22.74710083,2716100,yfinance
2023-01-24,22.73864848,22.87389682,22.43434052,22.81472588,3774700,yfinance
2023-01-25,22.57804076,22.91616323,22.3159973,22.83163261,8757300,yfinance
2023-01-26,22.89080841,23.35572449,22.71329553,23.34727287,3864100,yfinance
2023-01-27,23.33036283,23.42334506,22.78936782,22.79782104,4816600,yfinance
2023-01-30,22.60340003,22.75555481,22.3159969,22.35826302,4121100,yfinance
2023-01-31,22.39739296,23.32459243,22.26129044,23.31608582,5743000,yfinance
2023-02-01,23.14595838,23.18849143,22.38038122,22.79719543,4940400,yfinance
2023-02-02,22.88225836,23.01836089,22.49096401,22.55901527,5524400,yfinance
2023-02-03,22.39739299,22.48245747,22.15070777,22.32083511,3681400,yfinance
2023-02-06,22.23577204,22.31232992,21.93804876,22.2953167,2821700,yfinance
2023-02-07,22.14219975,22.60154534,21.99759063,22.47394943,3462800,yfinance
2023-02-08,22.36336713,22.44842999,22.1166803,22.25278282,4631700,yfinance
2023-02-09,22.34635594,22.43142043,21.74239954,21.75941277,3745400,yfinance
2023-02-10,21.77642348,22.28680872,21.64882757,22.21025085,3454500,yfinance
2023-02-13,22.21024826,22.44842682,22.18472843,22.41440201,2368500,yfinance
2023-02-14,22.33784725,22.60154568,22.15070669,22.36336708,2019700,yfinance
2023-02-15,22.21025266,22.77167599,22.18473283,22.70362473,3449000,yfinance
2023-02-16,22.34635299,22.6100514,22.2527819,22.43141747,3325500,yfinance
2023-02-17,22.41440604,22.43992425,22.09966794,22.31232834,3229400,yfinance
2023-02-21,22.16772213,22.19324197,21.70837646,21.7509079,2634000,yfinance
2023-02-22,21.80194355,21.85298322,21.55525833,21.59778976,2901000,yfinance
2023-02-23,21.7423989,21.86148983,21.48720707,21.59778976,7165100,yfinance
2023-02-24,21.52123103,21.69135999,21.18948133,21.53824425,3863100,yfinance
2023-02-27,21.85298028,22.46544156,20.95980574,21.1639595,9350500,yfinance
2023-02-28,21.08740271,21.66583755,20.98532503,20.99383163,7601600,yfinance
2023-03-01,20.99383463,21.41064881,20.90026353,20.95130157,4371200,yfinance
2023-03-02,20.87474359,21.14694861,20.62805677,20.95980644,3317300,yfinance
2023-03-03,21.04487136,21.37662104,20.94279528,21.35110283,3246500,yfinance
2023-03-06,21.39363288,21.52973539,21.20649234,21.26603699,4768200,yfinance
2023-03-07,21.39363611,21.47019398,20.7556549,20.849226,2799900,yfinance
2023-03-08,20.90026093,21.30006346,20.84922289,21.02785683,4575800,yfinance
2023-03-09,20.97682105,21.32558397,20.60253831,20.66208458,3208300,yfinance
2023-03-10,20.61955135,20.63656457,19.71787174,19.785923,5486000,yfinance
2023-03-13,19.64982143,20.40689194,19.47118585,19.47969246,5837200,yfinance
2023-03-14,19.92202678,20.19423184,19.58177046,19.75189781,5635800,yfinance
2023-03-15,19.51371699,19.73488398,19.24151196,19.60728645,4902900,yfinance
2023-03-16,19.47118475,19.93053197,19.37761528,19.77741623,4643700,yfinance
2023-03-17,19.60728741,19.65832707,18.96080125,19.04586411,8431200,yfinance
2023-03-20,19.1309282,19.47118449,19.04586372,19.26703072,5717700,yfinance
2023-03-21,19.47118101,19.78591904,19.3180653,19.53923225,5516700,yfinance
2023-03-22,19.3946249,19.57326045,18.90125291,18.90975952,2989700,yfinance
2023-03-23,18.88424152,19.09690189,18.48443898,18.68008614,3238200,yfinance
2023-03-24,18.51846677,18.9097611,18.31431299,18.89274788,3925000,yfinance
2023-03-27,19.13943617,19.24151388,18.93528238,19.22450066,5489200,yfinance
2023-03-28,19.3010571,19.66683322,19.24151245,19.50521088,3687500,yfinance
2023-03-29,19.70086093,19.973066,19.56475839,19.95605278,4271000,yfinance
2023-03-30,20.14319267,20.38137128,20.03260836,20.04962158,5041500,yfinance
2023-03-31,20.1942279,20.53448415,20.16870807,20.48344612,4311000,yfinance
2023-04-03,20.41539716,20.5940311,20.14319212,20.26228142,3467700,yfinance
2023-04-04,20.33033268,20.36435912,20.06663425,20.26228142,2781400,yfinance
2023-04-05,20.22826031,20.61955471,20.22826031,20.50046539,3539500,yfinance
2023-04-06,20.61954897,20.75565147,20.44942165,20.75565147,4738900,yfinance
2023-04-10,20.63656301,21.24902431,20.59402996,21.18097305,5365700,yfinance
2023-04-11,21.20649129,21.64882523,21.15545326,21.56376076,5145000,yfinance
2023-04-12,21.68285129,21.89551166,21.37661984,21.52973557,4044000,yfinance
2023-04-13,21.43617118,21.78493414,21.15545948,21.72538948,3830700,yfinance
2023-04-14,21.60629537,21.69135985,21.03636546,21.14694977,3869200,yfinance
2023-04-17,20.65357834,20.92578339,20.2878022,20.69610977,7225000,yfinance
2023-04-18,20.71312228,20.89175623,20.56000654,20.77266693,4386500,yfinance
2023-04-19,20.69610819,20.87474376,20.58552551,20.84071732,2833500,yfinance
2023-04-20,20.64506966,20.6961077,20.15169765,20.30481339,4972100,yfinance
2023-04-21,20.3643577,20.64506933,20.30481306,20.41539574,4430500,yfinance
2023-04-24,20.39838458,20.58552676,20.21975063,20.55150032,3268800,yfinance
2023-04-25,20.48344732,20.48344732,20.24526712,20.30481339,2764100,yfinance
2023-04-26,20.1091633,20.21974759,19.58176651,19.61579132,3910800,yfinance
2023-04-27,19.82845458,20.15169928,19.80293637,20.04962158,4640300,yfinance
2023-04-28,19.9776608,20.39743136,19.96909386,20.26893044,3752900,yfinance
2023-05-01,20.20896192,20.35459672,19.82345754,19.84059143,3848900,yfinance
2023-05-02,19.82345679,19.84059068,19.12098363,19.3608532,5597100,yfinance
2023-05-03,19.4636542,19.64355679,19.18095154,19.23235321,4575700,yfinance
2023-05-04,19.18951699,19.2923187,18.82114653,19.25805092,9565600,yfinance
2023-05-05,19.35228821,19.51505692,18.95821686,19.42082214,8358700,yfinance
2023-05-08,19.71208993,19.76348996,18.32427585,18.59841156,10712700,yfinance
2023-05-09,18.52131331,19.11241785,18.19577591,19.0781517,12860300,yfinance
2023-05-10,19.30945253,19.58358823,19.17238305,19.39511871,7297700,yfinance
2023-05-11,19.27518958,19.32658962,18.80401893,18.87255287,4653900,yfinance
2023-05-12,19.05245285,19.19808768,18.88111882,18.94108582,5058700,yfinance
2023-05-15,19.05244844,19.1295493,18.78687969,18.83827972,4990300,yfinance
2023-05-16,18.8211484,18.87255008,17.78457248,17.86167336,5993100,yfinance
2023-05-17,17.90450719,18.17007598,17.76743932,17.94734192,5808800,yfinance
2023-05-18,17.78457144,17.88737151,17.52756798,17.87023926,5175700,yfinance
2023-05-19,18.01587547,18.11010861,17.79313978,17.82740593,5907500,yfinance
2023-05-22,17.88736969,18.13580617,17.8445366,18.12723923,3653100,yfinance
2023-05-23,17.87880929,18.11867726,17.69033973,17.78457451,3169100,yfinance
2023-05-24,17.69033628,17.73317101,17.27056578,17.3562336,5220400,yfinance
2023-05-25,17.30483648,17.35623653,16.91933206,17.09066772,5551800,yfinance
2023-05-26,17.09066681,17.09066681,16.7222963,17.02213287,4689900,yfinance
2023-05-30,17.11636642,17.42476995,17.03926554,17.04783249,7773100,yfinance
2023-05-31,16.97929672,17.09066537,16.72229489,16.91076279,7029700,yfinance
2023-06-01,17.03069687,17.22773334,16.86792981,17.03069687,4703200,yfinance
2023-06-02,17.20203369,17.43333633,17.13349976,17.29626846,7185000,yfinance
2023-06-05,17.35623576,17.53613672,17.11636617,17.202034,6366800,yfinance
2023-06-06,17.18489843,17.50186887,17.15063229,17.24486542,12934800,yfinance
2023-06-07,17.46760124,17.73317164,17.16776632,17.71603775,14685100,yfinance
2023-06-08,17.75030233,17.75030233,17.20203095,17.48473358,14641500,yfinance
2023-06-09,17.54470261,17.58753734,16.99643116,17.2105999,7058900,yfinance
2023-06-12,17.28770225,17.48473711,17.04783266,17.38193703,5614100,yfinance
2023-06-13,17.33053433,17.87024048,17.31340044,17.84453964,8249600,yfinance
2023-06-14,17.99017265,18.05870657,17.66463691,17.76743698,4741800,yfinance
2023-06-15,17.79313916,18.46134457,17.76743832,18.40994453,6267800,yfinance
2023-06-16,18.46134551,18.56414723,18.23861145,18.28144455,12279000,yfinance
2023-06-20,18.20434487,18.20434487,17.89594133,17.99874306,3434600,yfinance
2023-06-21,17.91307645,18.12724522,17.74174077,17.97304344,3938400,yfinance
2023-06-22,17.51900477,17.92164144,17.03069864,17.91307449,13166800,yfinance
2023-06-23,17.81883801,17.85310579,17.45903447,17.5018692,13059500,yfinance
2023-06-26,17.52757051,17.79314095,17.48473741,17.74173927,5520300,yfinance
2023-06-27,17.8959406,17.99874232,17.46760309,17.91307449,7256300,yfinance
2023-06-28,17.81027271,17.82740497,17.23630044,17.30483437,5914700,yfinance
2023-06-29,17.18489876,17.57040313,17.13349872,17.5018692,3254000,yfinance
2023-06-30,17.63893522,17.80170389,17.51043432,17.75886917,3843600,yfinance
2023-07-03,17.63893867,18.09297702,17.63893867,18.05014229,2361000,yfinance
2023-07-05,17.98160767,18.49561299,17.91307374,18.37567902,4642200,yfinance
2023-07-06,18.11010805,18.13580889,17.79313923,18.0758419,3372200,yfinance
2023-07-07,17.99874207,18.2900117,17.95590734,18.067276,4315900,yfinance
2023-07-10,17.98160431,18.18720607,17.84453647,18.00730515,6638300,yfinance
2023-07-11,18.067275,18.34141073,18.00730802,18.33284378,2250400,yfinance
2023-07-12,18.50417814,18.70121297,18.37567723,18.49561119,3217700,yfinance
2023-07-13,18.52131288,18.72691467,18.52131288,18.70121384,4292700,yfinance
2023-07-14,18.65838267,18.65838267,18.34997914,18.50418091,2752900,yfinance
2023-07-17,18.3585448,18.48704571,18.12724216,18.31571007,2656000,yfinance
2023-07-18,18.17007562,18.65838173,18.11867558,18.63268089,4113200,yfinance
2023-07-19,18.67551452,19.02675115,18.67551452,18.93251801,4282900,yfinance
2023-07-20,18.94965035,19.00105039,18.65838074,18.70121384,4261200,yfinance
2023-07-21,18.78687937,19.3265838,18.71834545,19.26661682,3811600,yfinance
2023-07-24,19.34372584,19.36085973,18.48705064,18.52131844,7193000,yfinance
2023-07-25,18.40137693,18.82114745,18.3071438,18.73548126,6787100,yfinance
2023-07-26,18.66694964,18.9239515,18.62411491,18.76118279,4084600,yfinance
2023-07-27,18.76118144,18.86398316,18.1957761,18.31571007,4733900,yfinance
2023-07-28,18.62411562,18.75261656,18.40137991,18.58984947,4272700,yfinance
2023-07-31,18.77631414,18.90580563,18.58639339,18.67271996,3825200,yfinance
2023-08-01,18.50006846,18.58639668,18.051163,18.13749123,4716200,yfinance
2023-08-02,17.91303377,18.23244762,17.80943959,18.16338539,4754800,yfinance
2023-08-03,17.95620318,18.09432769,17.80944568,17.82671165,6175400,yfinance
2023-08-04,17.8612396,17.8612396,16.91163255,16.95479584,7884000,yfinance
2023-08-07,17.0929241,17.42097106,16.9461666,17.00659752,4290500,yfinance
2023-08-08,16.85983719,16.98069571,16.56632224,16.93753242,5062300,yfinance
2023-08-09,17.18788471,17.41233745,16.87710375,16.92890167,6259900,yfinance
2023-08-10,17.04976021,17.27421294,16.80804149,16.92890167,4916100,yfinance
2023-08-11,16.93753026,16.95479459,16.66991266,16.79940414,3865400,yfinance
2023-08-14,16.73034449,16.74761046,16.24690876,16.4195652,4722400,yfinance
2023-08-15,16.21237869,16.22101167,15.47859128,15.53902054,9257400,yfinance
2023-08-16,15.5476522,16.04835387,15.48722294,15.89296341,11081300,yfinance
2023-08-17,15.96202605,16.0224553,15.55628557,15.58218288,5883400,yfinance
2023-08-18,15.51312125,15.63398142,15.45269199,15.5476532,6197900,yfinance
2023-08-21,15.45269266,15.52175491,15.34046712,15.46132565,3849900,yfinance
2023-08-22,15.46132471,15.5649189,15.32320022,15.50448799,5206300,yfinance
2023-08-23,15.7634713,15.86706383,15.59081487,15.81526756,7279300,yfinance
2023-08-24,15.72030873,15.93612847,15.23687298,15.29730225,5114100,yfinance
2023-08-25,15.45269106,15.7116757,15.45269106,15.59081554,3195400,yfinance
2023-08-28,15.65988004,15.74620827,15.41816298,15.46995926,2336000,yfinance
2023-08-29,15.56491665,15.80663365,15.46132247,15.72030544,4705600,yfinance
2023-08-30,15.65124573,15.85843412,15.60808244,15.72894096,3083400,yfinance
2023-08-31,15.82390025,15.82390025,15.42679279,15.47858906,5258000,yfinance
2023-09-01,15.53902058,15.63398179,15.14191307,15.44405937,5346800,yfinance
2023-09-05,15.40089712,15.4526934,14.98652361,15.05558586,5297900,yfinance
2023-09-06,15.03831735,15.05558333,14.86566093,15.04695034,10449000,yfinance
2023-09-07,15.16780827,15.17644125,14.58077842,14.66710663,9263400,yfinance
2023-09-08,14.66710815,15.01241937,14.64984217,14.90882683,6048900,yfinance
2023-09-11,14.9778891,15.14191255,14.83976461,14.88292789,4543800,yfinance
2023-09-12,14.73617043,14.90882687,14.67574117,14.70164013,8104700,yfinance
2023-09-13,14.77933379,14.87429334,14.65847364,14.66710663,6629100,yfinance
2023-09-14,14.83112909,15.11601101,14.74480089,15.01241684,11388300,yfinance
2023-09-15,15.04695135,15.17644285,14.8483976,14.88292789,10176800,yfinance
2023-09-18,14.85702992,14.90882784,14.68437512,14.74480438,5241700,yfinance
2023-09-19,14.71890355,14.76206848,14.45128757,14.46855354,6291500,yfinance
2023-09-20,14.58077712,14.75343353,14.4771846,14.49445057,5185100,yfinance
2023-09-21,14.33042846,14.47718592,14.17503801,14.183671,5510700,yfinance
2023-09-22,14.10597827,14.16640753,13.74340104,13.77793217,6984700,yfinance
2023-09-25,13.68297218,14.04554942,13.61390993,14.01965046,7299600,yfinance
2023-09-26,13.95921952,14.00238281,13.59664233,13.69160271,6904400,yfinance
2023-09-27,13.6916022,13.7865634,13.49304846,13.75203228,6600800,yfinance
2023-09-28,13.88152308,13.93331935,12.81969055,12.84558868,10088100,yfinance
2023-09-29,13.04414429,13.32902627,12.96644988,13.12183952,9409600,yfinance
2023-10-02,13.01824419,13.0614083,12.17223137,12.22402763,9800200,yfinance
2023-10-03,11.9995781,12.08590633,11.42981408,11.68879795,16112300,yfinance
2023-10-04,11.74922602,11.79239014,11.15356392,11.39528179,10910000,yfinance
2023-10-05,11.34348268,11.34348268,10.67012469,10.88594437,16193800,yfinance
2023-10-06,10.44567284,10.790984,9.86727603,10.7478199,27880000,yfinance
2023-10-09,10.74782222,11.01543905,10.68739296,10.9463768,12585200,yfinance
2023-10-10,11.10176545,11.43844449,10.96364097,11.22262478,10449600,yfinance
2023-10-11,11.30032135,11.58520333,11.11903274,11.55930519,9173400,yfinance
2023-10-12,11.38665043,11.42118156,11.1104014,11.26579189,13743600,yfinance
2023-10-13,11.38664738,11.5593038,11.25715588,11.36074924,9307300,yfinance
2023-10-16,11.447076,11.93051162,11.36938079,11.83555126,10671300,yfinance
2023-10-17,11.58520186,12.00820829,11.52477261,11.87008381,8952700,yfinance
2023-10-18,11.80965407,11.99957481,11.71469288,11.97367668,11462800,yfinance
2023-10-19,11.89598256,12.18949751,11.8873504,11.94777966,10553100,yfinance
2023-10-20,11.8700838,12.03410642,11.74059231,11.93914604,12450700,yfinance
2023-10-23,11.75785805,12.33625496,11.6974288,12.08590412,8186800,yfinance
2023-10-24,12.22402776,12.57797194,12.21539477,12.54344082,8650500,yfinance
2023-10-25,12.37941864,12.69019873,12.37078566,12.67293358,7998400,yfinance
2023-10-26,12.71609748,12.92328504,12.64703524,12.86285496,6991000,yfinance
2023-10-27,12.7851612,12.91465271,12.54344251,12.73336411,18329700,yfinance
2023-10-30,12.86285415,13.0182446,12.70746452,12.90601826,9187600,yfinance
2023-10-31,13.00728416,13.03347393,12.80650098,13.00728416,8905100,yfinance
2023-11-01,13.03347314,13.05093215,12.83268914,12.96363544,15484100,yfinance
2023-11-02,13.12077072,13.54852769,13.09458179,13.53106785,12379500,yfinance
2023-11-03,13.96755122,14.70084779,13.6445517,14.65719986,12325300,yfinance
2023-11-06,14.51752334,14.77068602,14.2469025,14.26436234,9131900,yfinance
2023-11-07,14.31674037,14.34293013,14.05484944,14.08976746,5877500,yfinance
2023-11-08,14.29055408,14.31674218,14.03739137,14.15960693,6343200,yfinance
2023-11-09,14.22944468,14.26436437,13.60963529,13.64455414,6536000,yfinance
2023-11-10,13.77549947,13.89771587,13.60090522,13.70566177,4816000,yfinance
2023-11-13,13.74057992,13.88025532,13.53979675,13.56598568,5024900,yfinance
2023-11-14,14.11595901,14.8056061,14.09849916,14.78814793,7531900,yfinance
2023-11-15,14.70084929,15.07622754,14.64847144,14.84925461,7047100,yfinance
2023-11-16,14.90163449,15.00639188,14.62228366,14.76195908,4826900,yfinance
2023-11-17,14.91036238,14.94528207,14.70084929,14.84925461,4858200,yfinance
2023-11-20,14.77941742,15.06749814,14.55244448,15.02384853,4738200,yfinance
2023-11-21,14.94528338,15.00639117,14.51752558,14.61355305,5930500,yfinance
2023-11-22,14.71831113,14.770689,14.51752627,14.76195908,4408200,yfinance
2023-11-24,14.72703918,14.91036251,14.71830926,14.77941704,2055800,yfinance
2023-11-27,14.74449923,14.81433694,14.56117588,14.76195908,4581000,yfinance
2023-11-28,14.78814752,15.07622824,14.6397422,14.9889307,3751000,yfinance
2023-11-29,15.09368887,15.25955237,14.84052615,15.03257942,5351400,yfinance
2023-11-30,15.0936879,15.29447107,14.87544488,15.02384853,8903800,yfinance
2023-12-01,14.95400955,15.83571146,14.95400955,15.82698154,5483700,yfinance
2023-12-04,15.62619959,15.83571269,15.46033444,15.69603729,7498900,yfinance
2023-12-05,15.68730947,15.77460702,15.49525619,15.66112137,4779200,yfinance
2023-12-06,15.82698488,15.88809433,15.59128366,15.66112137,10153300,yfinance
2023-12-07,15.76587573,16.00157859,15.66112001,15.86190319,4040500,yfinance
2023-12-08,15.84444318,15.94047064,15.73968746,15.90555096,6169900,yfinance
2023-12-11,15.79206461,16.05395556,15.62619945,15.75714493,5257200,yfinance
2023-12-12,15.82698332,15.94920055,15.59128212,15.89682102,4472200,yfinance
2023-12-13,15.99284608,16.95311557,15.80079284,16.87454796,10544600,yfinance
2023-12-14,17.24119765,17.66895375,16.97930671,17.13644028,10522500,yfinance
2023-12-15,17.11025082,17.2499262,16.72614269,16.89200783,10852600,yfinance
2023-12-18,16.96184794,16.97057786,16.5253619,16.60392952,4448500,yfinance
2023-12-19,16.82217395,17.02295715,16.7348764,16.90074158,5259700,yfinance
2023-12-20,16.84835972,16.87454948,16.01903728,16.03649712,6999800,yfinance
2023-12-21,16.23728142,16.60392977,16.20236174,16.45552444,4595400,yfinance
2023-12-22,16.55154797,16.86581842,16.46425211,16.67376518,2907700,yfinance
2023-12-26,16.69995671,16.97057928,16.61266083,16.90074158,2204900,yfinance
2023-12-27,16.87455004,16.93565782,16.74360456,16.8309021,2940900,yfinance
2023-12-28,16.69995293,17.02295329,16.69995293,16.89200783,3077500,yfinance
2023-12-29,16.74360262,16.94438577,16.70868294,16.80471039,3749600,yfinance
2024-01-02,16.70868472,17.04914496,16.58646917,16.8832798,4785300,yfinance
2024-01-03,16.68249341,16.72614134,16.21108779,16.5253582,7540700,yfinance
2024-01-04,16.66503951,16.69995753,16.36822882,16.47298622,4501400,yfinance
2024-01-05,16.41187286,16.89200846,16.26346756,16.41187286,12185600,yfinance
2024-01-08,16.31584489,16.79597876,16.31584489,16.64757347,4824200,yfinance
2024-01-09,16.41187295,16.69995365,16.37695494,16.46425247,3265800,yfinance
2024-01-10,16.42060456,16.63011766,16.35076686,16.48171234,2884900,yfinance
2024-01-11,16.34203748,16.38568709,15.51271497,15.73968792,4921000,yfinance
2024-01-12,15.8706337,16.18490421,15.8706337,16.09760666,4861300,yfinance
2024-01-16,15.83571474,15.99285,15.53890407,15.61747169,4828800,yfinance
2024-01-17,15.32938887,15.54763189,14.97147046,15.18971348,7030900,yfinance
2024-01-18,15.08495868,15.20717425,14.92782344,15.17225456,4630800,yfinance
2024-01-19,15.27701276,15.28574268,14.6484734,14.74449921,6380700,yfinance
2024-01-22,14.84052605,15.17225473,14.63101294,14.64847279,7773200,yfinance
2024-01-23,14.78814895,14.82306697,14.50879812,14.67466164,5105200,yfinance
2024-01-24,14.92782297,14.98020083,14.38657954,14.40403938,5300400,yfinance
2024-01-25,14.71831071,15.20717464,14.59609348,14.95401192,7909200,yfinance
2024-01-26,15.04130949,15.19844474,14.95401194,14.97147179,5193100,yfinance
2024-01-29,14.97147077,15.15479578,14.69211998,15.08495808,4556000,yfinance
2024-01-30,14.98893187,15.05003966,14.65720319,14.81433678,4965900,yfinance
2024-01-31,14.94045796,15.01101495,14.62295065,14.71114731,7354800,yfinance
2024-02-01,14.7552446,15.13448906,14.57885296,15.13448906,4543300,yfinance
2024-02-02,14.78170617,15.25796551,14.42010133,15.01101685,10426900,yfinance
2024-02-05,14.71996522,14.7905222,14.3142613,14.56121159,5550500,yfinance
2024-02-06,14.48183692,14.68468807,14.43773943,14.55239391,5464400,yfinance
2024-02-07,14.65822954,14.73760468,14.24370575,14.39363956,8234000,yfinance
2024-02-08,14.33190209,14.40245908,14.08495263,14.2878046,6388900,yfinance
2024-02-09,14.2789849,14.53475335,14.22606589,14.51711369,5498400,yfinance
2024-02-12,14.57003048,14.90517571,14.47301401,14.88753605,6294100,yfinance
2024-02-13,14.49065456,14.58767104,13.84682103,14.11141014,7946300,yfinance
2024-02-14,14.22606634,14.42891916,14.0143962,14.23488617,7907900,yfinance
2024-02-15,14.42891943,14.92281838,14.37600042,14.79934406,6395700,yfinance
2024-02-16,14.57003366,14.86108148,14.47301717,14.79052448,5774000,yfinance
2024-02-20,14.6494098,14.89635843,14.46419665,14.48183632,5732400,yfinance
2024-02-21,14.50829493,14.67586673,14.39363878,14.59648991,4480900,yfinance
2024-02-22,14.46419506,14.60530902,14.10259031,14.11141014,6579900,yfinance
2024-02-23,14.13786964,14.29662159,14.03203332,14.11141014,5890600,yfinance
2024-02-26,14.00557588,14.0584932,13.59105293,13.71452808,10295600,yfinance
2024-02-27,13.92620033,14.12905232,12.95604037,13.31764603,14453800,yfinance
2024-02-28,13.24708731,13.56459375,13.10597249,13.2823658,11942400,yfinance
2024-02-29,13.45875904,13.71452834,13.35292355,13.40584087,8748100,yfinance
2024-03-01,13.40584003,13.67924898,13.08833359,13.64397049,7914100,yfinance
2024-03-04,13.65278974,14.32308196,13.60869225,14.17314816,7255000,yfinance
2024-03-05,14.19960921,15.15212949,14.12905222,14.2437067,16423200,yfinance
2024-03-06,14.64940961,14.74642442,14.19078833,14.30544281,13567000,yfinance
2024-03-07,14.55239393,14.57885343,14.24370645,14.25252628,6692600,yfinance
2024-03-08,14.41127933,14.46419665,14.18196869,14.3319025,17778700,yfinance
2024-03-11,14.35836276,14.7023279,14.26134626,14.45537758,10349400,yfinance
2024-03-12,14.39363877,14.4289181,13.93501835,14.05849266,6213800,yfinance
2024-03-13,14.12023225,14.28780574,13.8556431,13.89092159,12248400,yfinance
2024-03-14,13.80272416,13.94383898,13.10597324,13.25590706,14105300,yfinance
2024-03-15,13.28236718,13.45875967,13.16771186,13.23826885,16883900,yfinance
2024-03-18,13.22944981,13.28236798,13.00013914,13.12361431,9107000,yfinance
2024-03-19,13.20298973,13.82918366,13.10597324,13.7057085,8790800,yfinance
2024-03-20,13.62633168,13.76744566,13.46757887,13.7057085,9195200,yfinance
2024-03-21,13.71452791,14.02321453,13.67042959,13.89974022,34627800,yfinance
2024-03-22,14.08495328,14.41127958,13.95265829,14.32308292,11787400,yfinance
2024-03-25,14.32308192,14.57885205,14.26134476,14.50829506,10622700,yfinance
2024-03-26,14.63176959,14.88753805,14.54357294,14.67586708,14859300,yfinance
2024-03-27,14.88753815,15.24914462,14.68468702,15.21386528,10702700,yfinance
2024-03-28,15.28442136,15.85769707,15.19622471,15.81359959,11908100,yfinance
2024-04-01,15.93707466,15.972354,15.52255257,15.93707466,8752600,yfinance
2024-04-02,15.83124133,15.97235531,15.58429101,15.71658516,7593100,yfinance
2024-04-03,15.64602781,15.86651863,15.58429066,15.7871418,6434400,yfinance
2024-04-04,16.06936775,16.44861217,15.93707362,15.99881077,9475600,yfinance
2024-04-05,15.8753363,16.12228659,15.67248519,15.94589329,7587100,yfinance
2024-04-08,16.13110876,16.2104839,15.9194361,16.13992691,7052000,yfinance
2024-04-09,16.20166815,16.35160199,15.95471779,16.13111115,7804200,yfinance
2024-04-10,15.69894473,15.7165844,15.30206229,15.59311008,6844500,yfinance
2024-04-11,15.79596199,15.80478182,15.40789768,15.71658516,8324800,yfinance
2024-04-12,15.62838921,15.84888004,14.84344241,14.86108208,7682500,yfinance
2024-04-15,14.9051789,15.16976889,14.0408553,14.25252628,10443200,yfinance
2024-04-16,14.19960836,14.31426284,13.95265805,14.03203487,12295200,yfinance
2024-04-17,14.12023169,14.40245966,13.87328138,14.23488617,7886800,yfinance
2024-04-18,14.41127978,14.5612136,14.24370629,14.34954262,5497500,yfinance
2024-04-19,14.31426239,14.54357303,14.28780457,14.46419621,7100700,yfinance
2024-04-22,14.48183616,14.78170379,14.27016519,14.72878647,6514900,yfinance
2024-04-23,14.68468742,15.28442268,14.64940977,15.10802937,5742400,yfinance
2024-04-24,14.94045583,15.38143739,14.87871868,15.31970024,5290100,yfinance
2024-04-25,15.15212854,15.31088219,15.03747237,15.10802937,4465600,yfinance
2024-04-26,15.20504646,15.40789761,15.1168498,15.17858696,4772200,yfinance
2024-04-29,15.34616046,15.84005941,15.23150597,15.75186443,8094100,yfinance
2024-04-30,15.45173507,15.97718325,15.41611066,15.94155884,8122400,yfinance
2024-05-01,15.94156048,16.52044364,15.79906622,16.18202019,8971500,yfinance
2024-05-02,16.41357268,16.93011477,16.29779504,16.85886765,11059100,yfinance
2024-05-03,16.67184434,17.52681163,16.34232699,16.62731552,11127600,yfinance
2024-05-06,16.79652436,16.9301125,16.55606471,16.81433487,9578100,yfinance
2024-05-07,16.97464432,17.1883857,16.6896558,16.77871513,8983200,yfinance
2024-05-08,16.56497392,17.40212897,16.43138576,17.25072861,11959500,yfinance
2024-05-09,17.24182177,17.85632761,17.15276244,17.80289268,7898300,yfinance
2024-05-10,17.85632938,18.21256675,17.59805915,17.75836563,8197900,yfinance
2024-05-13,17.81179705,17.9988201,17.74945603,17.77617264,7010100,yfinance
2024-05-14,17.98101245,18.21256606,17.8563287,18.09678841,9218400,yfinance
2024-05-15,18.51536581,18.96066078,18.47974139,18.81816483,10406800,yfinance
2024-05-16,18.88941002,19.23674122,18.71129307,18.88941002,12829200,yfinance
2024-05-17,18.79144716,19.14768278,18.68457563,18.95175362,9083200,yfinance
2024-05-20,19.01409464,19.12096447,18.83597598,18.95175362,5920300,yfinance
2024-05-21,18.7112921,18.96956226,18.56879787,18.73801041,8788700,yfinance
2024-05-22,18.55989195,18.96956245,18.54207974,18.64004517,6937800,yfinance
2024-05-23,18.64004681,18.70238783,18.23037457,18.3105278,6524600,yfinance
2024-05-24,18.44411569,18.72910588,18.33724585,18.62223434,7006000,yfinance
2024-05-28,18.72910719,19.16549606,18.69348278,18.81816483,6978500,yfinance
2024-05-29,18.52427075,18.84488369,18.43521311,18.76473045,5329200,yfinance
2024-05-30,18.85378738,19.44157655,18.77363415,19.38814163,7466400,yfinance
2024-05-31,19.51282511,19.78000141,18.99628302,19.22783661,11403100,yfinance
2024-06-03,19.43267032,19.43267032,18.36396352,18.48864555,7078200,yfinance
2024-06-04,18.39958646,18.56879901,17.96319763,18.24818611,7232900,yfinance
2024-06-05,18.3016213,18.80925896,18.28381079,18.57770538,6247500,yfinance
2024-06-06,18.34615334,18.61332965,18.02554042,18.13241196,6630900,yfinance
2024-06-07,17.8296121,18.15022334,17.66930563,17.69602394,5768500,yfinance
2024-06-10,17.68711729,18.25709432,17.58915185,18.15022278,5453900,yfinance
2024-06-11,17.90085818,18.06116464,17.50009202,17.66039848,6538600,yfinance
2024-06-12,18.29271701,18.37286854,17.40212713,17.50899696,6665400,yfinance
2024-06-13,17.41103398,17.74945913,17.29525803,17.4555645,5093500,yfinance
2024-06-14,17.31306789,17.47337434,17.09932652,17.22400856,3960500,yfinance
2024-06-17,17.08151586,17.10823247,16.4491961,16.77871513,8519300,yfinance
2024-06-18,16.68965471,17.01917372,16.54716046,16.88558388,5872000,yfinance
2024-06-20,16.8766811,16.92120992,16.6540336,16.79652786,4682100,yfinance
2024-06-21,16.44919777,16.76981073,16.38685674,16.44919777,17808600,yfinance
2024-06-24,16.53825606,17.04589209,16.50263334,16.91230392,4883000,yfinance
2024-06-25,17.05479699,17.13495022,16.76980848,16.83214951,3922600,yfinance
2024-06-26,16.69855878,17.19728859,16.68965267,16.84105301,8909500,yfinance
2024-06-27,16.73418367,17.07260706,16.68074706,17.00135994,4599700,yfinance
2024-06-28,17.10823303,17.10823303,15.45173679,15.64766598,28445300,yfinance
2024-07-01,15.87921947,15.93265439,15.273618,15.53188992,9712200,yfinance
2024-07-02,15.60313632,15.8079716,15.35377053,15.61204243,8387000,yfinance
2024-07-03,15.78124929,16.06623943,15.69219168,15.93264961,3243100,yfinance
2024-07-05,16.03952449,16.0751472,15.62985225,15.7723465,6928000,yfinance
2024-07-08,15.79906445,15.968277,15.74562953,15.89702988,3802800,yfinance
2024-07-09,15.83468864,16.0395239,15.718911,15.74562931,4176200,yfinance
2024-07-10,15.95046451,16.02171163,15.69219433,15.95937061,3388200,yfinance
2024-07-11,16.3334185,16.6718419,16.27107748,16.60950089,5480700,yfinance
2024-07-12,16.71637046,17.03698162,16.63621724,16.82324028,6349800,yfinance
2024-07-15,16.25326535,16.31560637,15.10440359,15.140028,13899300,yfinance
2024-07-16,15.31814488,15.76343977,15.25580217,15.71890926,7590000,yfinance
2024-07-17,15.5586068,15.64766614,14.93519482,15.04206467,8844200,yfinance
2024-07-18,15.18455774,15.3359581,14.93519365,15.21127605,9984100,yfinance
2024-07-19,15.31814812,15.38939525,15.19346437,15.22908878,4641800,yfinance
2024-07-22,15.49626452,15.64766488,15.28252314,15.60313606,8080300,yfinance
2024-07-23,15.4339215,15.92374522,15.4161093,15.63875675,4993000,yfinance
2024-07-24,15.74562904,15.9504643,15.38939343,15.41611004,10045500,yfinance
2024-07-25,15.4339213,15.59422774,15.26470877,15.34486198,11284600,yfinance
2024-07-26,15.60313606,15.73672421,15.46954791,15.60313606,5224700,yfinance
2024-07-29,15.68328805,15.78125178,15.43392228,15.66547585,5334500,yfinance
2024-07-30,15.68328891,15.77234655,15.47845194,15.62985229,7028800,yfinance
2024-07-31,15.9326541,16.09296056,15.72781881,15.84359646,18534600,yfinance
2024-08-01,15.84629124,16.15206371,15.82830412,16.10709763,9614600,yfinance
2024-08-02,15.55850483,15.88226619,15.15380485,15.40561771,10660600,yfinance
2024-08-05,15.06386955,15.24373734,14.38936793,14.65017605,8794300,yfinance
2024-08-06,14.64118292,15.23474423,14.63218936,14.85702324,6182900,yfinance
2024-08-07,15.10883591,15.29769726,14.65916816,14.74010849,7055500,yfinance
2024-08-08,14.74011052,15.12682511,14.65917017,14.97393799,11742500,yfinance
2024-08-09,14.89299534,15.08185668,14.56923572,14.98292923,7689200,yfinance
2024-08-12,14.97393533,15.05487566,14.7850757,15.02789497,6237000,yfinance
2024-08-13,15.19876807,15.24373587,14.96494066,15.18977451,6322000,yfinance
2024-08-14,15.23474503,15.37863858,14.95594976,15.23474503,5670200,yfinance
2024-08-15,15.23474588,15.7023991,15.19877163,15.53152657,7799600,yfinance
2024-08-16,15.52253151,15.63045081,15.43259761,15.52253151,6108300,yfinance
2024-08-19,15.50454537,15.72937927,15.45957928,15.62145996,5804400,yfinance
2024-08-20,15.54951353,15.7113925,15.50454572,15.63045216,7780300,yfinance
2024-08-21,15.67541605,15.97219665,15.58548216,15.89125633,5766400,yfinance
2024-08-22,15.88226608,16.04414676,15.77434677,15.98119354,6082900,yfinance
2024-08-23,16.07112535,16.39488495,15.96320434,16.25998497,6788500,yfinance
2024-08-26,16.34092546,16.37689799,16.08911092,16.09810448,4255700,yfinance
2024-08-27,16.00817282,16.09810673,15.59447928,15.62145996,5240900,yfinance
2024-08-28,15.63045062,15.69340554,15.39662489,15.46857166,4646100,yfinance
2024-08-29,15.51353795,15.63944437,15.27071694,15.52253151,5947700,yfinance
2024-08-30,15.65743229,15.69340654,15.28870484,15.40561771,5713800,yfinance
2024-09-03,15.40561718,15.41461074,14.97393653,15.06387043,7982100,yfinance
2024-09-04,15.07286435,15.37863858,15.0368901,15.23474503,8667000,yfinance
2024-09-05,15.38763214,15.45058536,15.13581756,15.23474503,7326600,yfinance
2024-09-06,15.28870395,15.32467819,14.55124909,14.56024265,8732000,yfinance
2024-09-09,14.5782286,14.67715606,14.48829642,14.56923676,7817700,yfinance
2024-09-10,14.60520835,15.01890358,14.58722123,14.78507614,6992100,yfinance
2024-09-11,15.09085144,16.0801192,15.06387076,16.06213379,13642600,yfinance
2024-09-12,16.14307426,16.57475493,15.90924681,16.29596138,9276000,yfinance
2024-09-13,16.49381347,16.772607,16.37689889,16.67368126,7082900,yfinance
2024-09-16,16.70965423,17.29422199,16.70965423,17.09636879,10000500,yfinance
2024-09-17,17.2672406,17.61798086,17.15931959,17.30321312,12312200,yfinance
2024-09-18,17.35717767,17.6719455,17.14133732,17.32120514,10658500,yfinance
2024-09-19,17.5910036,17.67194394,16.95247615,16.99744225,13604000,yfinance
2024-09-20,17.2312697,17.2312697,16.85354869,16.99744225,19704200,yfinance
2024-09-23,17.02442369,17.39315116,17.01543012,17.37516403,10068500,yfinance
2024-09-24,17.40214443,17.66295087,17.17731053,17.18630409,9284400,yfinance
2024-09-25,17.23126906,17.65395615,17.23126906,17.56402397,8380700,yfinance
2024-09-26,17.71691189,18.004699,17.55503121,17.66295052,6737500,yfinance
2024-09-27,17.85181035,18.148591,17.85181035,18.04966354,6670300,yfinance
2024-09-30,18.06765108,18.16657854,17.85181076,18.04067039,7123800,yfinance
2024-10-01,17.96872344,18.25651054,17.64496382,18.20255089,6086000,yfinance
2024-10-02,17.99570407,18.21154439,17.77986375,17.88778305,6538500,yfinance
2024-10-03,17.9147644,17.99570473,17.17730951,17.20428848,8837100,yfinance
2024-10-04,17.15932443,17.34818582,16.88053086,17.0064373,10667600,yfinance
2024-10-07,16.94348121,17.08737475,16.61971987,16.7905941,7919000,yfinance
2024-10-08,16.60173438,16.70965541,16.29596186,16.32294083,4914400,yfinance
2024-10-09,16.18803902,16.322939,15.82830516,15.90924549,7439000,yfinance
2024-10-10,15.90025228,15.90025228,15.5854845,15.5854845,7463400,yfinance
2024-10-11,15.49555292,15.65743361,15.36065291,15.57649326,7075000,yfinance
2024-10-14,15.57649281,15.75636063,15.55850569,15.70239925,5815300,yfinance
2024-10-15,16.25098995,16.46683024,15.62145622,15.65742874,10491900,yfinance
2024-10-16,15.81931137,16.14307269,15.75635816,16.08911133,10226900,yfinance
2024-10-17,16.08911059,16.17005092,15.45058325,15.51353645,8137500,yfinance
2024-10-18,15.63045206,15.7113924,15.45957953,15.7113924,4422400,yfinance
2024-10-21,15.75635814,15.89125812,15.36964361,15.4775629,7460900,yfinance
2024-10-22,15.30669391,15.41461323,15.04588573,15.28870678,11199300,yfinance
2024-10-23,15.21675936,15.58548684,15.13581901,15.36065292,9463600,yfinance
2024-10-24,15.3426644,15.44159186,15.15380475,15.27071762,6478700,yfinance
2024-10-25,15.36964303,15.48655589,15.19876882,15.25272846,6809000,yfinance
2024-10-28,15.35165678,15.62145846,15.31568426,15.33366966,5239100,yfinance
2024-10-29,15.15380389,15.16279745,14.72212325,14.85702324,11215700,yfinance
2024-10-30,14.92897148,14.97393758,14.7221247,14.7670908,11624000,yfinance
2024-10-31,14.76708963,14.93796386,14.70413641,14.83004284,14759600,yfinance
2024-11-01,14.62373045,14.72370679,13.34222284,13.36948872,30895200,yfinance
2024-11-04,13.54217102,14.24200177,13.50581623,13.84209824,15466000,yfinance
2024-11-05,13.69668074,14.10567323,13.46037502,14.09658432,14503200,yfinance
2024-11-06,13.34222327,13.36948916,12.5878606,12.90596485,30290800,yfinance
2024-11-07,12.8696083,12.93322897,12.37881818,12.40608406,25879800,yfinance
2024-11-08,12.32428669,12.56968132,12.0879801,12.36064148,19844700,yfinance
2024-11-11,12.59694648,12.66965606,12.11524529,12.62421322,21883800,yfinance
2024-11-12,12.69692307,12.83325332,12.0607138,12.22430992,14508400,yfinance
2024-11-13,12.38790743,12.40608439,12.16068976,12.37881851,11706100,yfinance
2024-11-14,12.44243946,13.0513829,12.342464,12.72418976,13488300,yfinance
2024-11-15,12.84234242,12.87869721,12.49697147,12.69692326,11948600,yfinance
2024-11-18,12.59694699,12.66056852,12.4787937,12.48788261,8499600,yfinance
2024-11-19,12.36064088,12.56968071,12.23339868,12.49697113,11811200,yfinance
2024-11-20,12.49697273,12.56059341,11.96073885,12.06980324,17947500,yfinance
2024-11-21,12.05162565,12.16069003,11.85167385,12.04253674,21346600,yfinance
2024-11-22,12.07889273,12.29702151,11.78805436,11.85167503,29753100,yfinance
2024-11-25,11.9334723,12.16068998,11.86076272,11.96073818,17646800,yfinance
2024-11-26,11.81531953,11.86076324,11.38815004,11.43359375,20868700,yfinance
2024-11-27,11.49721343,11.98800355,11.49721343,11.80622959,16716300,yfinance
2024-11-29,11.81532024,11.96073942,11.77896544,11.85167503,7963500,yfinance
2024-12-02,11.86985224,12.06980318,11.70625523,11.82440853,11820600,yfinance
2024-12-03,11.91529339,12.16068887,11.84258381,11.86076164,13176900,yfinance
2024-12-04,11.824409,12.67874715,11.824409,12.2061348,24649700,yfinance
2024-12-05,12.26975464,12.4060849,11.99709325,12.07889175,13809100,yfinance
2024-12-06,12.16977779,12.26066433,11.82440685,11.86076164,8687500,yfinance
2024-12-09,12.09706902,12.67874569,12.01527052,12.36064148,18021600,yfinance
2024-12-10,12.22431152,12.51515075,12.18795673,12.39699745,13348900,yfinance
2024-12-11,12.42426159,12.53332596,12.27884243,12.35155201,14140300,yfinance
2024-12-12,12.37881895,12.53332704,12.27884348,12.2879324,12058100,yfinance
2024-12-13,12.26975309,12.36972855,11.89711629,12.13342285,10761000,yfinance
2024-12-16,11.97891641,12.09706971,11.91529487,11.95164967,11369200,yfinance
2024-12-17,11.8880274,12.04253547,11.63354387,11.69716454,10465700,yfinance
2024-12-18,11.72443164,11.91529453,11.3517948,11.36088371,12404900,yfinance
2024-12-19,11.31544058,11.43359388,11.12457769,11.30635166,15220600,yfinance
2024-12-20,11.23364241,11.91529549,11.23364241,11.81532001,25105700,yfinance
2024-12-23,11.71534397,11.89711795,11.61536764,11.86985207,10108300,yfinance
2024-12-24,11.81531731,11.86076101,11.70625295,11.83349514,3967400,yfinance
2024-12-26,11.77896432,11.8062302,11.59719035,11.66989994,7272100,yfinance
2024-12-27,11.58810043,11.66081001,11.43359236,11.58810043,9280700,yfinance
2024-12-30,11.51539215,11.55174694,11.21546488,11.49721432,10800300,yfinance
2024-12-31,11.54265646,11.90620522,11.50630167,11.69716454,9508000,yfinance
2025-01-02,11.86076164,12.0061808,11.77896315,11.86076164,8670100,yfinance
2025-01-03,11.95164822,12.16068891,11.8334958,12.0243578,8762900,yfinance
2025-01-06,12.08798101,12.21522236,11.81531962,11.82440853,12320300,yfinance
2025-01-07,12.01527006,12.05162485,11.66989911,11.76987457,12871800,yfinance
2025-01-08,11.64263437,11.64263437,10.9882472,11.26999664,17785700,yfinance
2025-01-10,11.17910991,11.18819882,10.87009373,10.92462635,16108800,yfinance
2025-01-13,10.90644895,10.97915854,10.51563425,10.62469864,14181400,yfinance
2025-01-14,10.70649622,10.90644801,10.64287555,10.77011776,11151300,yfinance
2025-01-15,11.07004553,11.20637579,10.67923085,10.69740868,9278300,yfinance
2025-01-16,10.67014178,11.01551274,10.6428759,10.90644836,14563000,yfinance
2025-01-17,10.9337122,11.00642177,10.6428739,10.74284935,12469700,yfinance
2025-01-21,10.86100466,10.88827053,10.62469807,10.67923069,13194000,yfinance
2025-01-22,10.58834157,10.64287418,10.07937454,10.11572933,17876100,yfinance
2025-01-23,10.13390761,10.52472227,10.07028694,10.47927856,14042700,yfinance
2025-01-24,10.52472226,10.76102884,10.51563334,10.54290009,12143900,yfinance
2025-01-27,10.49745826,10.65196637,10.16117616,10.39748192,15476500,yfinance
2025-01-28,10.38839292,10.43383576,9.82489316,10.00666714,22668100,yfinance
2025-01-29,10.10664239,10.23388461,10.06119868,10.13390827,14872400,yfinance
2025-01-30,10.26115029,10.37930359,10.09755329,10.24297333,13074100,yfinance
2025-01-31,10.32237658,10.38700656,10.08232111,10.1561842,21783800,yfinance
2025-02-03,9.98075894,10.01769048,9.59297731,9.88842964,19129300,yfinance
2025-02-04,9.78686839,9.92536145,9.53757982,9.79610062,15267800,yfinance
2025-02-05,9.81456605,9.90689446,9.61144215,9.67607212,14480200,yfinance
2025-02-06,9.73146947,10.07308641,9.68530483,9.98999023,11712800,yfinance
2025-02-07,9.98075972,10.00845816,9.73147114,9.75916958,9380100,yfinance
2025-02-10,9.78686857,10.00845783,9.71300548,9.92536163,10232700,yfinance
2025-02-11,9.64837346,9.6945381,9.23289343,9.44524956,26357200,yfinance
2025-02-12,9.31599045,9.38062043,9.23289426,9.31599045,14970500,yfinance
2025-02-13,9.37138623,9.41755087,9.1405639,9.36215401,13016500,yfinance
2025-02-14,9.38061859,9.47294786,9.14979627,9.16826248,18458200,yfinance
2025-02-18,9.21442653,9.53757813,9.12209813,9.50064659,16920900,yfinance
2025-02-19,9.49141447,9.62990841,9.46371604,9.60220909,10035800,yfinance
2025-02-20,9.65760778,9.99922478,9.62067624,9.8514986,13167600,yfinance
2025-02-21,9.95305921,10.10078537,9.74070308,9.77763462,19723000,yfinance
2025-02-24,9.75916917,9.90689534,9.56527835,9.89766312,10345900,yfinance
2025-02-25,9.89766228,10.12848462,9.78686766,10.02692223,12792000,yfinance
2025-02-26,10.11001769,10.19311387,9.87919537,10.08231926,12192600,yfinance
2025-02-27,10.12848393,10.12848393,9.5837431,9.5837431,16285600,yfinance
2025-02-28,10.20234861,11.07947341,9.92536159,10.70092487,71508400,yfinance
2025-03-03,10.29467628,10.72862254,10.13771701,10.33160782,25025200,yfinance
2025-03-04,10.39623803,10.47010111,9.91612716,9.98999023,20308000,yfinance
2025-03-05,9.97152604,10.17464996,9.83303209,10.1192522,13399300,yfinance
2025-03-06,10.0269226,10.06385414,9.7591687,10.0361557,10358800,yfinance
2025-03-07,10.04538791,10.59936097,9.99922327,10.38700485,20483000,yfinance
2025-03-10,10.30390919,11.00560932,10.29467609,10.8763485,20807600,yfinance
2025-03-11,10.94098006,11.15333621,10.82095233,11.07024002,16320000,yfinance
2025-03-12,10.79325218,10.98714298,10.64552603,10.92251301,11100100,yfinance
2025-03-13,10.95944603,11.47648853,10.95944603,11.33799458,16779800,yfinance
2025-03-14,11.45802054,11.6057467,11.14410203,11.36569214,13828200,yfinance
2025-03-17,11.48571837,12.16895311,11.32876,12.0489254,18247100,yfinance
2025-03-18,11.86426979,12.01199596,11.71654273,11.92889977,13361900,yfinance
2025-03-19,11.89196743,12.0489267,11.81810435,11.98429585,10427200,yfinance
2025-03-20,12.00276174,12.22435098,11.91966556,12.1504879,10160200,yfinance
2025-03-21,12.10432226,12.15972001,11.77193844,12.0489254,23655300,yfinance
2025-03-24,11.96583086,12.06739237,11.77194004,11.89196777,10513700,yfinance
2025-03-25,11.910432,11.92889821,11.52265041,11.68884277,11417600,yfinance
2025-03-26,11.70731064,11.82733837,11.46725517,11.53188515,10499700,yfinance
2025-03-27,11.53188403,11.66114486,11.41185631,11.47648716,6917000,yfinance
2025-03-28,11.55958356,11.75347349,11.44878806,11.45802116,11105600,yfinance
2025-03-31,11.25489668,11.5688152,11.10717053,11.46725368,10863300,yfinance
2025-04-01,11.60574784,11.60574784,11.30106239,11.42109013,7998200,yfinance
2025-04-02,11.40262388,11.55958314,11.3287608,11.52265072,9354400,yfinance
2025-04-03,11.07947281,11.33799359,10.95021198,10.98714352,19800900,yfinance
2025-04-04,10.57166315,10.57166315,9.71300463,9.9530592,19561200,yfinance
2025-04-07,9.70377121,10.16541588,9.36215426,9.86996269,17012000,yfinance
2025-04-08,10.0915528,10.15618277,9.37138648,9.44524956,16248600,yfinance
2025-04-09,9.31599021,10.36853957,9.14979784,10.28544426,19457000,yfinance
2025-04-10,9.78686802,9.90689486,9.27905867,9.50988102,17437700,yfinance
2025-04-11,9.53757946,9.59297721,9.22366092,9.50988102,12487100,yfinance
2025-04-14,9.6668399,9.83303138,9.51911374,9.67607212,13416200,yfinance
2025-04-15,9.65760807,9.8514989,9.4267857,9.48218346,12446000,yfinance
2025-04-16,9.43601739,9.53757891,9.10363267,9.19596195,15587000,yfinance
2025-04-17,9.25135984,9.47294908,9.18672899,9.399086,10475700,yfinance
2025-04-21,9.28829232,9.41755228,8.83587981,9.04823685,13719100,yfinance
2025-04-22,9.16826323,9.28829095,9.04823552,9.21442699,9778600,yfinance
2025-04-23,9.49141513,9.65760751,9.27905899,9.34368896,10423400,yfinance
2025-04-24,9.43601826,9.52834668,9.28829209,9.34368896,13945100,yfinance
2025-04-25,9.30675593,9.34368747,9.14979669,9.2790575,13192100,yfinance
2025-04-28,9.31599011,9.47294938,9.28829167,9.40831852,13953800,yfinance
2025-04-29,9.38062071,9.66684083,9.36215538,9.57451153,13877400,yfinance
2025-04-30,9.50988094,9.50988094,9.15903086,9.23289394,18034800,yfinance
2025-05-01,9.30432094,9.64266047,9.30432094,9.35131264,17623700,yfinance
2025-05-02,9.49228705,9.76483782,9.31371878,9.56747341,17920100,yfinance
2025-05-05,9.60506601,9.66145533,9.36070992,9.64265919,16502400,yfinance
2025-05-06,9.6144642,9.96220222,9.58626954,9.81182861,12178400,yfinance
2025-05-07,9.64265985,9.85882041,9.57687111,9.68025303,10993400,yfinance
2025-05-08,9.76483793,10.28174392,9.66145602,10.16896439,14049100,yfinance
2025-05-09,10.26294754,10.57309148,10.14076948,10.45091343,14690100,yfinance
2025-05-12,10.81744882,11.18398213,10.68587224,11.15578747,24137700,yfinance
2025-05-13,11.23097366,11.87945717,11.23097366,11.79487228,23720200,yfinance
2025-05-14,11.71028669,11.79487156,11.55051545,11.7666769,23330800,yfinance
2025-05-15,11.67269337,11.90765096,11.57870997,11.65389633,14632400,yfinance
2025-05-16,11.75727675,11.75727675,11.40953966,11.47532749,13460500,yfinance
2025-05-19,11.29676183,11.33435501,10.67647301,11.00541401,19366800,yfinance
2025-05-20,10.60128623,10.81744767,10.48850669,10.56369305,25909700,yfinance
2025-05-21,10.58248946,10.58248946,9.51108259,9.52048111,44831900,yfinance
2025-05-22,9.25733058,9.29492377,8.89079637,9.05056763,40712700,yfinance
2025-05-23,8.96598202,9.46409189,8.9565835,9.38890553,22740500,yfinance
2025-05-27,9.4640913,9.50168448,9.26672689,9.4640913,13960900,yfinance
2025-05-28,9.39830425,9.44529595,9.0035754,9.11635494,17583000,yfinance
2025-05-29,9.21033867,9.48288947,9.16334697,9.44529629,11828100,yfinance
2025-05-30,9.40770281,9.59566872,9.32311793,9.48288918,11261000,yfinance
2025-06-02,9.4171007,9.66145591,9.36071048,9.56747341,12773400,yfinance
2025-06-03,9.68965274,9.72724592,9.45469512,9.65205956,10549000,yfinance
2025-06-04,9.70844767,9.70844767,9.48288859,9.55807495,9996900,yfinance
2025-06-05,9.60506705,9.98099886,9.43589729,9.87761784,16978500,yfinance
2025-06-06,9.97160045,10.29114293,9.88701646,10.23475361,17205200,yfinance
2025-06-09,10.32873521,10.41332008,10.02798979,10.22535419,11537500,yfinance
2025-06-10,10.40392334,10.71406733,10.2535506,10.6106863,18812700,yfinance
2025-06-11,10.74226243,10.82684731,10.62008436,10.78925323,11586100,yfinance
2025-06-12,10.78925188,11.06180353,10.77045573,10.84564209,18362600,yfinance
2025-06-13,10.71406621,10.82684665,10.41332077,10.75165939,16793900,yfinance
2025-06-16,10.83624415,11.02421005,10.62008359,10.77045631,11948600,yfinance
2025-06-17,10.75165932,10.75165932,9.77423574,9.8964138,28143100,yfinance
2025-06-18,9.86821926,10.15956708,9.82122756,9.8870163,18232800,yfinance
2025-06-20,9.96220246,10.05618496,9.77423567,9.78363419,18140300,yfinance
2025-06-23,9.80243118,9.8588205,9.46409167,9.53927803,13611700,yfinance
2025-06-24,9.5862703,9.85882109,9.54867712,9.84002495,17165100,yfinance
2025-06-25,9.80243248,10.01859307,9.73664374,9.86822033,9776000,yfinance
2025-06-26,9.94340636,10.26294886,9.90581317,10.15956783,11127100,yfinance
2025-06-27,10.19716071,10.23475389,9.97160072,10.07498264,13078300,yfinance
2025-06-30,9.58626996,9.94340562,9.41710109,9.8870163,24219300,yfinance
2025-07-01,9.91521012,10.3945238,9.73664185,10.12197304,27268100,yfinance
2025-07-02,10.19716057,10.73286363,10.14077035,10.46031284,20482100,yfinance
2025-07-03,10.67647251,10.93022714,10.60128616,10.82684612,13837900,yfinance
2025-07-07,10.71406569,10.94902328,10.63887933,10.82684612,11717000,yfinance
2025-07-08,10.4603123,10.6012865,10.3193372,10.40392208,19675200,yfinance
2025-07-09,11.99223632,12.53733789,11.7478802,12.46215153,70142200,yfinance
2025-07-10,12.30237973,12.32117587,11.61630309,11.66329479,35389100,yfinance
2025-07-11,11.53171972,11.9828379,11.41893928,11.83246517,20994400,yfinance
2025-07-14,11.80427057,12.03922818,11.67269399,11.82306671,15830000,yfinance
2025-07-15,12.00163477,12.41515975,11.89825285,12.34937191,20842500,yfinance
2025-07-16,12.48094752,12.64071876,12.01103231,12.23659229,12922400,yfinance
2025-07-17,12.3493715,12.57493058,12.29298129,12.3963623,12464500,yfinance
2025-07-18,12.4527522,12.62192195,12.4057605,12.56553173,9223800,yfinance
2025-07-21,12.69710977,13.04484694,12.59372785,12.86627865,18075400,yfinance
2025-07-22,12.95086176,13.06364129,12.78169291,12.97905731,10987900,yfinance
2025-07-23,13.07304073,13.15762561,12.84748165,13.10123539,9254400,yfinance
2025-07-24,13.06364135,13.0918369,12.73470127,12.96965885,8090800,yfinance
2025-07-25,12.98845499,13.04484521,12.8474808,12.96965885,7837600,yfinance
2025-07-28,12.97905853,13.01665171,12.63132048,12.69710922,10307000,yfinance
2025-07-29,12.67831277,12.77229618,12.43395664,12.62192345,11333500,yfinance
2025-07-30,12.57493044,12.59372658,12.14260843,12.29298115,9419600,yfinance
2025-07-31,12.31177956,12.44335526,12.18960149,12.35877037,15200000,yfinance
2025-08-01,12.53594937,13.10749758,12.38353676,12.60262966,19650900,yfinance
2025-08-04,12.70741476,12.91698257,12.54547612,12.79314709,9850700,yfinance
2025-08-05,12.83124963,12.84077473,12.06918564,12.12633991,9892100,yfinance
2025-08-06,12.16444458,12.48832095,12.08823736,12.23112488,8651300,yfinance
2025-08-07,12.47879512,12.62168171,12.21207213,12.24065018,6860200,yfinance
2025-08-08,12.25017471,12.50737166,12.19302043,12.49784565,6522000,yfinance
2025-08-11,12.52642318,12.65025866,12.1072885,12.19302082,6236900,yfinance
2025-08-12,12.25970073,12.44069138,12.15491729,12.29780388,5914900,yfinance
2025-08-13,12.31685529,12.65025763,12.23112298,12.43116474,6164500,yfinance
2025-08-14,12.22159824,12.41211401,12.03108247,12.32638168,5770600,yfinance
2025-08-15,12.36448467,12.89792973,12.20254695,12.67883682,13878400,yfinance
2025-08-18,12.71694012,12.85982672,12.65978493,12.72646523,9581000,yfinance
2025-08-19,12.78362003,12.93603264,12.64073343,12.66931057,12492300,yfinance
2025-08-20,12.72646543,12.81219775,12.39306305,12.57405281,6568600,yfinance
2025-08-21,12.53594924,12.56452638,12.27875318,12.35495949,6464600,yfinance
2025-08-22,12.45021722,12.87887884,12.41211406,12.85030079,6481500,yfinance
2025-08-25,12.77409448,12.97413627,12.67883705,12.85030079,6339600,yfinance
2025-08-26,12.85030123,12.8979304,12.70741463,12.70741463,6535900,yfinance
2025-08-27,12.65978493,12.84077469,12.59310464,12.72646523,7315000,yfinance
2025-08-28,12.80267138,12.91698175,12.6693108,12.84077454,7638700,yfinance
2025-08-29,12.82172384,13.01223961,12.7931467,12.89793015,8383900,yfinance
2025-09-02,12.71693935,12.78361964,12.5359487,12.77409363,7490700,yfinance
2025-09-03,12.71694003,12.80267145,12.56452651,12.60262966,6474600,yfinance
2025-09-04,12.68836206,12.68836206,11.75483433,12.20254707,14742500,yfinance
2025-09-05,12.26922817,12.47879598,12.06918637,12.31685734,12318500,yfinance
2025-09-08,12.37401067,12.37401067,12.03108229,12.11681461,7808200,yfinance
2025-09-09,12.15491777,12.20254694,11.964402,12.11681461,6095100,yfinance
2025-09-10,12.15491796,12.26922742,12.0501336,12.12633991,8260800,yfinance
2025-09-11,12.19302101,12.37401076,12.17396898,12.24065018,10472000,yfinance
2025-09-12,12.19302072,12.3930625,12.09776239,12.26922703,12349600,yfinance
2025-09-15,12.31685671,12.57405278,12.25970153,12.41211414,14860600,yfinance
2025-09-16,12.39306319,12.42164033,12.08823705,12.09776306,8826000,yfinance
2025-09-17,12.11681463,12.2406501,11.7453082,11.91677284,12631800,yfinance
2025-09-18,12.01202974,12.36448412,11.92629833,12.33590698,7340100,yfinance
2025-09-19,12.41211271,12.46926789,12.14539066,12.43116474,13127500,yfinance
2025-09-22,12.45974273,12.55500107,12.28827809,12.5073719,6105000,yfinance
2025-09-23,12.56452642,12.85982654,12.49784612,12.51689816,7183300,yfinance
2025-09-24,12.53594946,12.81219755,12.45021713,12.72646523,10851800,yfinance
2025-09-25,12.68836224,12.72646539,12.35495987,12.41211414,7644900,yfinance
2025-09-26,12.48832138,12.78362153,12.48832138,12.61215687,5898400,yfinance
2025-09-29,12.6693112,12.7359915,12.47879543,12.53594971,9288700,yfinance
2025-09-30,12.49784655,12.64073406,12.35495995,12.53594971,6187500,yfinance
2025-10-01,14.2124907,14.77451293,14.04102604,14.64115143,58988500,yfinance
2025-10-02,14.60304666,14.60304666,13.45042519,13.61236382,29422700,yfinance
2025-10-03,13.81240739,13.94576889,13.57426243,13.8886137,14296000,yfinance
2025-10-06,13.90766543,13.98387174,13.48852981,13.59331417,14574500,yfinance
2025-10-07,13.59331326,13.88861247,13.57426123,13.71714783,10747400,yfinance
2025-10-08,13.82193296,14.14581024,13.64094229,14.03149986,13480200,yfinance
2025-10-09,14.09818128,14.1839136,13.83145918,13.87908745,8210800,yfinance
2025-10-10,13.95529293,14.06960329,13.38374562,13.40279675,9074500,yfinance
2025-10-13,13.75525093,13.9457676,13.56473517,13.75525093,11563700,yfinance
2025-10-14,13.62188926,13.84098214,13.58378611,13.70762157,7653000,yfinance
2025-10-15,13.99339623,14.28869635,13.92671594,14.05055141,11038300,yfinance
2025-10-16,14.15533548,14.28869698,14.00292286,14.11723232,6478000,yfinance
2025-10-17,13.99339715,14.01244919,13.77430423,13.8886137,8815100,yfinance
2025-10-20,14.00292193,14.08865425,13.68857069,13.71714783,6856300,yfinance
2025-10-21,13.79335423,13.81240626,13.51710614,13.64094162,4900900,yfinance
2025-10-22,13.669519,13.7457253,13.31706371,13.61236382,9979700,yfinance
2025-10-23,13.74572612,13.76477725,13.45995202,13.52663231,5771900,yfinance
2025-10-24,13.80288071,14.03149964,13.68857125,13.8600359,7043600,yfinance
2025-10-27,13.91719071,13.96481988,13.7076238,13.80288124,7837400,yfinance
2025-10-28,13.83145766,13.87908592,13.55520868,13.77430248,6781600,yfinance
2025-10-29,13.86003562,13.87908675,13.60283865,13.68857098,5900100,yfinance
2025-10-30,13.60283936,13.71714882,13.32659125,13.3551693,7956700,yfinance
2025-10-31,13.28378248,13.46707318,13.07155041,13.38025093,14090300,yfinance
2025-11-03,13.39954489,13.39954489,12.96543364,13.13907814,9559400,yfinance
2025-11-04,12.81108381,13.25484128,12.7435558,12.96543407,10859400,yfinance
2025-11-05,13.00402132,13.92047759,12.89790574,13.71789265,15497800,yfinance
2025-11-06,13.84330171,14.08447421,13.42848472,13.68895054,11561800,yfinance
2025-11-07,13.50566127,13.65036441,13.2355483,13.63107109,12468900,yfinance
2025-11-10,13.82400701,13.83365413,13.39954383,13.70824432,6632800,yfinance
2025-11-11,13.84330272,13.86259604,13.52495507,13.76612759,7805000,yfinance
2025-11-12,13.76612656,13.76612656,13.46707226,13.57318783,7859200,yfinance
2025-11-13,13.51530687,13.64071668,13.13907744,13.18731213,9732800,yfinance
2025-11-14,13.00402123,13.53460094,12.88825854,13.33201599,7612600,yfinance
2025-11-17,13.35130979,13.67930454,13.31272223,13.42848492,7689500,yfinance
2025-11-18,13.55389469,13.64071694,13.12943058,13.23554707,7941600,yfinance
2025-11-19,13.31272245,13.49601315,13.20660596,13.28378201,9155100,yfinance
2025-11-20,13.49601358,13.61177628,12.97508099,13.0329628,10222500,yfinance
2025-11-21,13.04260901,13.27413439,12.81108272,13.26448727,9306300,yfinance
2025-11-24,13.3030751,13.49601292,13.23554709,13.38989735,5428400,yfinance
2025-11-25,13.44777751,13.53459975,13.28378106,13.32236862,4853900,yfinance
2025-11-26,13.37060381,13.524955,13.34166337,13.4188385,4373200,yfinance
2025-11-28,13.47671917,13.58283473,13.41883736,13.56354141,2200700,yfinance
2025-12-01,13.49601173,13.56354065,13.36095573,13.49601173,7534600,yfinance
2025-12-02,13.56354186,13.64071698,13.44777825,13.46707249,4755400,yfinance
2025-12-03,13.524954,13.61177532,13.21625258,13.2258997,8534500,yfinance
2025-12-04,13.2162531,13.54424786,13.2162531,13.43813229,10009200,yfinance
2025-12-05,13.59248229,13.66965742,13.40919068,13.42848492,5815800,yfinance
2025-12-08,13.47672005,13.61177607,13.332016,13.37060356,4816400,yfinance
2025-12-09,13.42848492,13.69859787,13.39954448,13.46707249,7054000,yfinance
2025-12-10,13.4960129,13.60212939,13.26448752,13.31272221,11788000,yfinance
2025-12-11,13.31272224,13.62142275,13.17766531,13.50566006,7595500,yfinance
2025-12-12,13.58283587,13.62142344,13.27413535,13.34166336,7114500,yfinance
2025-12-15,13.332016,13.40919113,13.16801862,13.37060356,7835200,yfinance
2025-12-16,13.36095733,13.36095733,13.04260969,13.13907814,5183500,yfinance
2025-12-17,13.18731231,13.27413455,12.888258,13.00402069,6537200,yfinance
2025-12-18,13.11978437,13.2644875,13.06190256,13.1969595,6758200,yfinance
2025-12-19,13.23554725,13.39954462,13.02331519,13.05225563,11204100,yfinance
2025-12-22,13.10049061,13.3898978,13.04260972,13.37060356,7903900,yfinance
2025-12-23,13.42848442,13.52495378,13.32236885,13.40919018,4812100,yfinance
2025-12-24,13.38025024,13.49601293,13.33201556,13.46707249,2488300,yfinance
2025-12-26,13.51530694,13.58283495,13.4284847,13.57318783,3090600,yfinance
2025-12-29,13.56354308,13.6985991,13.51530839,13.63107109,5289300,yfinance
2025-12-30,13.68895039,14.04588649,13.60212906,13.98800468,8104100,yfinance
2025-12-31,14.01694509,14.04588646,13.81436016,13.8336544,5820800,yfinance
2026-01-02,13.9976528,14.34494089,13.87224298,14.2967062,7290500,yfinance
2026-01-05,14.44141,14.48964468,13.94941786,14.20988369,7642300,yfinance
2026-01-06,14.2484715,14.46070263,14.17129545,14.37388039,6892900,yfinance
2026-01-07,14.32564726,14.39317527,13.92047738,13.9397707,7656500,yfinance
2026-01-08,13.89153623,14.04588741,13.6985984,13.71789265,7339400,yfinance
2026-01-09,13.82400774,14.20988337,13.78542018,13.81436062,7743800,yfinance
2026-01-12,13.74683257,13.74683257,13.4091907,13.54424763,8247800,yfinance
2026-01-13,13.55389498,13.66001056,13.41883805,13.47671986,8807100,yfinance
2026-01-14,13.40919069,13.69859787,13.39954449,13.50566006,9524200,yfinance
2026-01-15,13.58283526,14.10376783,13.53460057,13.93012333,14606000,yfinance
2026-01-16,13.81436035,14.27741202,13.64071678,13.68895054,10519600,yfinance
2026-01-20,13.45742558,13.52495451,13.14872507,13.28378201,14383000,yfinance
2026-01-21,13.54424766,13.90118285,13.49601298,13.73718548,10919100,yfinance
2026-01-22,13.91082934,14.14235471,13.63106929,14.09412003,8078500,yfinance
2026-01-23,14.05553239,14.10376707,13.65036253,13.74683189,6835800,yfinance
2026-01-26,13.79506783,14.35458798,13.76612738,14.10376835,8526100,yfinance
2026-01-27,14.21953063,14.46070313,14.00729949,14.39317513,6171500,yfinance
2026-01-28,14.46070293,14.74046299,14.32564692,14.65364075,10909900,yfinance
2026-01-29,14.66328713,14.80799117,14.09411991,14.50893688,10778100,yfinance
2026-01-30,14.47574939,14.57336102,14.14387097,14.30004883,12058200,yfinance
2026-02-02,14.22196067,14.52455599,14.1829162,14.37813854,10207500,yfinance
2026-02-03,15.3542511,15.80326387,15.08093982,15.70565224,24686500,yfinance
2026-02-04,15.50066833,15.56899591,15.16878989,15.37377357,11717600,yfinance
2026-02-05,15.13950617,15.38353431,14.98332831,15.2175951,9630000,yfinance
2026-02-06,15.53971308,15.76421854,15.33472939,15.6666069,6637600,yfinance
2026-02-09,15.59827883,15.88135237,15.47138501,15.67636776,7516200,yfinance
2026-02-10,15.70565189,15.95944139,15.43234062,15.86182976,8666200,yfinance
2026-02-11,16.0277681,16.19370731,15.88135159,16.0472908,8033300,yfinance
2026-02-12,16.02776958,16.37917073,15.74469603,15.81302547,11018000,yfinance
2026-02-13,15.65684743,16.20346998,15.59827933,15.89111423,10151700,yfinance
2026-02-17,15.90087484,16.10585759,15.77397916,15.99848461,8085600,yfinance
2026-02-18,16.02776795,16.08633418,15.8325447,15.90087414,6417300,yfinance
2026-02-19,15.85206961,15.99848614,15.78374202,15.96920395,4505400,yfinance
2026-02-20,15.86182828,16.15466128,15.67636638,16.11561775,12358900,yfinance
2026-02-23,15.9692032,16.09609703,15.65684746,15.87159157,8357600,yfinance
2026-02-24,15.93991866,16.06681248,15.74469539,15.88135242,10082100,yfinance
2026-02-25,16.02776778,16.07657266,15.87158992,15.9789629,7415000,yfinance
2026-02-26,15.97896409,15.98872358,15.53971267,15.86182976,9300900,yfinance
2026-02-27,16.65248158,17.2283882,16.4963037,16.86722755,26333000,yfinance
2026-03-02,14.00721579,14.00721579,13.85103699,13.87055969,80209600,yfinance
2026-03-03,13.85103754,13.91936606,13.77294861,13.84127712,49900000,yfinance
2026-03-04,13.84127641,13.9584098,13.82175371,13.94864845,21344300,yfinance
2026-03-05,13.89008192,13.9779322,13.8803215,13.8803215,22575600,yfinance
2026-03-06,13.88032116,13.90960428,13.81199265,13.81199265,16551600,yfinance
2026-03-09,13.81199256,13.89008149,13.78270944,13.85103703,14669200,yfinance
2026-03-10,13.85103699,13.93888727,13.83151523,13.87055969,12121800,yfinance
2026-03-11,13.89008236,13.90960506,13.87056059,13.89008236,11230000,yfinance
2026-03-12,13.89008192,13.91936597,13.8803215,13.8803215,8685500,yfinance
2026-03-13,13.91936554,13.91936554,13.85103703,13.85103703,12086200,yfinance
2026-03-16,13.90960465,13.90960465,13.82175437,13.86079884,13970600,yfinance
2026-03-17,13.86079884,13.89008195,13.85103749,13.86079884,13134500,yfinance
2026-03-18,13.86079889,13.88032159,13.84127712,13.84127712,16737500,yfinance
2026-03-19,13.83151534,13.84127669,13.78270953,13.81199265,15320500,yfinance
2026-03-20,13.81199229,13.83151499,13.73390336,13.76318741,22339600,yfinance
2026-03-23,13.76318839,13.82175463,13.7436657,13.7436657,11124500,yfinance
2026-03-24,13.74366607,13.81199365,13.7241443,13.79247189,15316900,yfinance
2026-03-25,13.79247061,13.80223196,13.72414303,13.72414303,13746100,yfinance
2026-03-26,13.70462091,13.74366538,13.67533779,13.67533779,18815800,yfinance
2026-03-27,13.6948591,13.77294803,13.66557598,13.66557598,20270100,yfinance
2026-03-30,13.75342719,13.77294896,13.65581555,13.6850996,10392300,yfinance
2026-03-31,13.72414343,13.79247102,13.70462074,13.75342655,8452300,yfinance
2026-04-01,13.73390409,13.89008195,13.73390409,13.86079884,10275900,yfinance
2026-04-02,13.85103728,13.96817161,13.83151551,13.95841026,7484900,yfinance
2026-04-06,13.92912755,13.98769379,13.8998435,13.98769379,7303800,yfinance
2026-04-07,13.92912735,14.08530521,13.919366,14.08530521,7104400,yfinance
2026-04-08,14.05602074,14.1145879,14.00721585,14.05602074,6534400,yfinance
2026-04-09,14.03649943,14.10482701,14.02673808,14.06578255,10314700,yfinance
2026-04-10,14.06578165,14.09506476,14.02673718,14.04625988,6078500,yfinance
2026-04-13,14.03649897,14.05602074,14.00721585,14.05602074,7221500,yfinance
2026-04-14,14.03649897,14.0950652,14.01697627,14.05602074,7555900,yfinance
2026-04-15,14.05602111,14.11458828,14.05602111,14.10482693,8840500,yfinance
2026-04-16,14.10482635,14.17315486,14.10482635,14.15363216,9216500,yfinance
2026-04-17,14.16339406,14.16339406,14.11458824,14.12434959,9376900,yfinance
2026-04-20,14.11458868,14.1438718,14.10482733,14.13411045,5376700,yfinance
2026-04-21,14.15363228,14.17315498,14.09506512,14.09506512,8402300,yfinance
2026-04-22,14.15363274,14.16339409,14.10482693,14.10482693,7434100,yfinance
2026-04-23,14.15363216,14.16339351,14.10482635,14.15363216,9849900,yfinance
2026-04-24,14.14387131,14.16339401,14.12434954,14.14387131,18137800,yfinance
2026-04-27,14.15363266,14.17315536,14.12434954,14.14387131,6971800,yfinance
2026-04-28,14.13411045,14.15363315,14.11458868,14.13411045,12721900,yfinance
2026-04-29,14.12434963,14.13411004,14.08530516,14.10482693,19334300,yfinance
2026-04-30,14.14387139,14.14387139,14.10482693,14.10482693,8588100,yfinance
2026-05-01,14.15028085,14.17992598,14.09099249,14.11075497,19430100,yfinance
2026-05-04,14.1008742,14.13051838,14.09099249,14.11075497,5980200,yfinance
2026-05-05,14.12063713,14.19968891,14.12063713,14.19968891,8245400,yfinance
2026-05-06,14.25897839,14.27874086,14.13051901,14.1700449,14268100,yfinance
2026-05-07,14.17004454,14.19968872,14.07122934,14.12063694,24319400,yfinance
2026-05-08,14.20957052,14.20957052,14.08111115,14.16016293,11247900,yfinance
2026-05-11,14.18980668,14.2095701,14.13051832,14.17992592,23288300,yfinance
2026-05-12,14.1799268,14.27874105,14.16016338,14.24909687,9436800,yfinance
2026-05-13,14.25897789,14.27874036,14.23921447,14.25897789,11676900,yfinance
2026-05-14,14.26885849,14.29850361,14.24909602,14.2886219,9125700,yfinance
2026-05-15,14.25897799,14.31826635,14.24909628,14.29850388,9629200,yfinance
2026-05-18,14.30838526,14.38743798,14.28862278,14.35779285,13522400,yfinance
2026-05-19,14.33802953,14.40719959,14.33802953,14.39731789,6357000,yfinance
2026-05-20,14.39731828,14.55542183,14.39731828,14.55542183,14813600,yfinance
2026-05-21,14.50601508,14.52577755,14.46648919,14.51589584,13611800,yfinance
2026-05-22,14.55542148,14.56530318,14.4763697,14.50601482,8781100,yfinance
2026-05-26,14.52577799,14.5455414,14.4862521,14.4961338,5989900,yfinance
2026-05-27,14.49613312,14.51589559,14.49613312,14.50601482,8298400,yfinance
2026-05-28,14.53565926,14.53565926,14.49613337,14.51589584,5621200,yfinance
2026-05-29,14.52577799,14.52577799,14.4961338,14.4961338,8421900,yfinance
2026-06-01,14.51589611,14.56530371,14.48625193,14.52577782,10223300,yfinance
2026-06-02,14.51589559,14.54554071,14.50601482,14.50601482,9525300,yfinance
2026-06-03,14.51589637,14.5455415,14.51589637,14.53565979,11298500,yfinance
2026-06-04,14.52577765,14.56530354,14.52577765,14.55542183,5942100,yfinance
2026-06-05,14.5455414,14.55542217,14.4961338,14.4961338,5353400,yfinance
2026-06-08,14.53565979,14.5455415,14.46648972,14.53565979,13781500,yfinance
2026-06-09,14.52577772,14.54554114,14.44672594,14.48625183,11579500,yfinance
2026-06-10,14.47637029,14.50601542,14.45660782,14.45660782,9308900,yfinance
2026-06-11,14.47637039,14.51589628,14.47637039,14.4961338,6715300,yfinance
2026-06-12,14.50601482,14.535659,14.48625141,14.50601482,5948400,yfinance
2026-06-15,14.50601482,14.5257773,14.4763697,14.50601482,5581400,yfinance
2026-06-16,14.48625131,14.50601473,14.45660713,14.46648884,5226100,yfinance
2026-06-17,14.45660729,14.50601488,14.39731798,14.43684387,8644600,yfinance
2026-06-18,14.44672585,14.47637003,14.43684414,14.44672585,10322300,yfinance
2026-06-22,14.45660739,14.48625157,14.44672568,14.47636986,4200200,yfinance
2026-06-23,14.45660775,14.52577782,14.45660775,14.52577782,8684400,yfinance
2026-06-24,14.49613312,14.5257773,14.49613312,14.50601482,5960900,yfinance
2026-06-25,14.51589601,14.53565943,14.44672594,14.48625183,8216700,yfinance
2026-06-26,14.47637039,14.50601551,14.45660792,14.4961338,8585700,yfinance
2026-06-29,14.47637029,14.486252,14.4368444,14.45660782,7459000,yfinance
2026-06-30,14.44672594,14.49613354,14.44672594,14.48625183,6036500,yfinance
2026-07-01,14.46648884,14.51589549,14.45660713,14.46648884,8637300,yfinance
2026-07-02,14.50601505,14.50601505,14.37755568,14.40719986,15086300,yfinance
2026-07-06,14.4664889,14.4664889,14.357792,14.39731789,8785500,yfinance
2026-07-07,14.41708166,14.46648926,14.40719996,14.44672585,7934100,yfinance
2026-07-08,14.44672542,14.50601473,14.43684372,14.46648884,9094600,yfinance
2026-07-09,14.47637005,14.64435531,14.44672587,14.55542183,26447700,yfinance
2026-07-10,14.60482979,14.6147115,14.58506731,14.60482979,5233000,yfinance
2026-07-13,14.61471098,14.62459268,14.5850668,14.5850668,8231500,yfinance
2026-07-14,14.61471107,14.62459278,14.60482937,14.62459278,5561500,yfinance
2026-07-15,14.64435552,14.65423723,14.60482963,14.63447475,8620300,yfinance
2026-07-16,14.62459278,14.64435525,14.5949486,14.62459278,8952100,yfinance
2026-07-17,14.62459295,14.64435542,14.59494877,14.59494877,6652000,yfinance
2026-07-20,14.62459278,14.65423696,14.5949486,14.62459278,6242300,yfinance
2026-07-21,14.63447501,14.66411919,14.6245933,14.64435577,5762200,yfinance
2026-07-22,14.65423663,14.69376251,14.64435492,14.68388081,5818200,yfinance
2026-07-23,14.68388097,14.70364439,14.64435509,14.65423679,5008500,yfinance
2026-07-24,14.67400047,14.67400047,14.63447459,14.66411877,6997900,yfinance
2026-07-27,14.65423679,14.67400021,14.65423679,14.65423679,4319800,yfinance
2026-07-28,14.6641185,14.67400021,14.65423679,14.65423679,6503500,yfinance
2026-07-29,14.6740009,14.6740009,14.64435577,14.64435577,4746900,yfinance
2026-07-30,14.67400074,14.67400074,14.59494896,14.67400074,8417500,yfinance
2026-07-31,14.69999981,14.72000027,14.64999962,14.68000031,10358300,yfinance
2026-08-03,14.67000008,14.72000027,14.67000008,14.71000004,7474500,yfinance
2026-08-04,14.71000004,14.72000027,14.67000008,14.68000031,7275900,yfinance
2026-08-05,14.68000031,14.71000004,14.68000031,14.69999981,7966100,yfinance
2026-08-06,14.69999981,14.77000046,14.68000031,14.69999981,8066800,yfinance
2026-08-07,14.72000027,14.72999954,14.68999958,14.72999954,6795800,yfinance
