date,open,high,low,close,volume,source
2019-01-02,71.47187827,73.67101128,71.16290533,73.65283966,864300,yfinance
2019-01-03,73.28025054,73.5528733,71.36282278,72.40786743,1050800,yfinance
2019-01-04,73.44383634,73.70736986,72.01712511,72.24430847,1036400,yfinance
2019-01-07,72.45331937,73.61649705,72.05347445,72.99855804,610900,yfinance
2019-01-08,73.73462514,74.35256411,73.26208684,74.00724792,853500,yfinance
2019-01-09,74.09809591,75.3157949,73.38019594,74.83416748,589900,yfinance
2019-01-10,74.65244347,75.43395468,74.20716609,74.69787598,792700,yfinance
2019-01-11,74.09809973,74.69785998,73.94361676,74.57972717,435800,yfinance
2019-01-14,74.21623409,75.12496723,73.7891284,74.30710602,555100,yfinance
2019-01-15,74.51612373,74.87961841,73.41655737,74.28894043,611300,yfinance
2019-01-16,74.10723312,74.77060482,73.59833756,73.61651611,710800,yfinance
2019-01-17,73.50741912,74.85234715,73.50741912,74.29801941,663400,yfinance
2019-01-18,74.95233425,76.37904542,74.83419448,75.88832855,813500,yfinance
2019-01-22,75.47030322,75.47030322,74.18898595,74.67970276,518600,yfinance
2019-01-23,74.9068985,75.54300914,74.28895948,74.9068985,526200,yfinance
2019-01-24,75.14314541,75.62477286,74.85235108,75.42485046,422300,yfinance
2019-01-25,76.33360979,77.11512111,76.06098698,76.50627136,569900,yfinance
2019-01-28,75.79744211,76.86974067,75.45211904,76.58803558,402500,yfinance
2019-01-29,76.78796474,77.64217627,76.26089776,77.26959229,413300,yfinance
2019-01-30,77.68760168,78.37824087,76.82430788,78.0692749,353300,yfinance
2019-01-31,77.86935886,78.52364795,77.61491465,78.02384186,723100,yfinance
2019-02-01,78.15105357,78.93256466,77.4422428,78.83260345,650300,yfinance
2019-02-04,78.6599353,79.33240279,78.15104698,79.31422424,420600,yfinance
2019-02-05,79.56868197,81.18622606,79.56868197,80.96813202,688300,yfinance
2019-02-06,80.82272898,81.61332239,80.44105579,81.45883942,735700,yfinance
2019-02-07,81.34980221,82.46754722,80.5501194,82.45845795,541000,yfinance
2019-02-08,82.19492936,83.04914093,81.72239106,83.04914093,696200,yfinance
2019-02-11,83.1309346,83.62164454,82.87648343,83.1581955,445100,yfinance
2019-02-12,83.82154887,84.66667103,83.67615516,84.54853821,540400,yfinance
2019-02-13,84.73029413,85.28462202,84.2395773,85.21192169,594000,yfinance
2019-02-14,84.98474933,84.98474933,83.30359383,83.31268311,1042400,yfinance
2019-02-15,83.92152107,84.01239301,82.51298858,83.20362091,2165800,yfinance
2019-02-19,80.0775732,82.39483874,79.22336177,79.98669434,2002100,yfinance
2019-02-20,79.7140833,80.1230105,78.11471081,79.92308807,1271200,yfinance
2019-02-21,79.48689681,80.59555246,79.48689681,80.17753601,770000,yfinance
2019-02-22,80.39563625,81.65877498,80.16845293,81.51337433,799800,yfinance
2019-02-25,81.50428806,81.69512121,80.22297084,80.60463715,734000,yfinance
2019-02-26,80.58649055,81.42252375,80.49561859,80.55014038,634000,yfinance
2019-02-27,80.33202275,82.24945051,79.92308861,82.17675018,640300,yfinance
2019-02-28,82.04952505,82.14948626,81.38614674,81.74964142,720700,yfinance
2019-03-01,82.59477498,83.36719695,82.2221979,82.8764801,732400,yfinance
2019-03-04,82.98552242,83.15818396,81.65877267,81.95865631,618100,yfinance
2019-03-05,81.96774915,82.54025562,81.72239418,81.73148346,674700,yfinance
2019-03-06,81.931404,82.35850286,81.2407647,81.27711487,731000,yfinance
2019-03-07,81.15894497,81.15894497,79.35965745,79.94124603,620000,yfinance
2019-03-08,79.43239301,80.03215347,79.29608161,79.95037079,450000,yfinance
2019-03-11,80.09575297,80.80456384,80.07758135,80.49559784,518400,yfinance
2019-03-12,80.64098642,81.00448111,80.33202045,80.70459747,597500,yfinance
2019-03-13,81.1862167,81.71328359,81.03173372,81.45883942,656300,yfinance
2019-03-14,81.14895849,81.55001139,80.84816881,80.91197205,625800,yfinance
2019-03-15,80.90284027,81.29477633,80.41975774,80.58382416,1411700,yfinance
2019-03-18,80.65675454,81.13983717,80.46534483,81.03046417,745800,yfinance
2019-03-19,81.31303162,81.63204785,80.67499918,80.85729218,743800,yfinance
2019-03-20,80.85727233,80.88461558,79.38979111,79.9731369,974200,yfinance
2019-03-21,79.79085249,81.38594034,79.62678603,81.03046417,480800,yfinance
2019-03-22,80.76610765,80.96663403,79.44446665,79.49915314,704600,yfinance
2019-03-25,79.55385919,80.04605852,79.39890948,79.7088089,359000,yfinance
2019-03-26,80.17366953,80.6840954,79.84553662,80.59294891,458000,yfinance
2019-03-27,80.59292904,81.02132505,79.57207754,80.39240265,397000,yfinance
2019-03-28,80.68408592,81.91458764,80.42887301,81.86901093,609600,yfinance
2019-03-29,82.2518331,82.86252909,82.00573692,82.68022919,827400,yfinance
2019-04-01,83.09038489,84.62166212,83.09038489,84.4393692,666900,yfinance
2019-04-02,84.55787724,84.75840367,83.94718817,84.23886108,519300,yfinance
2019-04-03,84.76753441,86.26235919,84.49408797,85.2141571,748100,yfinance
2019-04-04,85.21417015,85.82486637,85.07744691,85.78840637,581000,yfinance
2019-04-05,86.1620943,86.8365867,85.79750137,86.5175705,746000,yfinance
2019-04-08,86.46288141,86.51756792,85.84307554,86.04360199,442300,yfinance
2019-04-09,85.61521003,86.04360621,85.0683241,85.2141571,724700,yfinance
2019-04-10,85.21415423,85.36911091,84.07480568,85.06832123,786300,yfinance
2019-04-11,85.29618412,85.53316359,84.84044474,85.46936035,461000,yfinance
2019-04-12,85.8977577,86.59048351,85.87953118,86.19854736,438200,yfinance
2019-04-15,86.19854485,86.58136426,85.58785576,85.74280548,462100,yfinance
2019-04-16,85.97978094,86.0527009,85.35085846,85.58784485,1047000,yfinance
2019-04-17,85.76102106,85.80659777,85.07741209,85.58784485,1088400,yfinance
2019-04-18,85.76104083,86.28059044,85.24149816,85.45114136,1373500,yfinance
2019-04-22,85.29619576,85.87954169,84.97717954,85.64255524,948700,yfinance
2019-04-23,85.75193778,88.02151833,85.75193778,87.49285889,526900,yfinance
2019-04-24,87.49283383,87.55663706,86.80922485,87.04621124,933200,yfinance
2019-04-25,87.073553,88.86916702,84.8495429,88.01237488,1548400,yfinance
2019-04-26,88.14911065,89.60747528,86.99153567,89.60747528,553100,yfinance
2019-04-29,89.69863129,90.12702048,89.37960815,89.69863129,592200,yfinance
2019-04-30,89.77153045,90.74681233,89.61658075,90.44602966,589400,yfinance
2019-05-01,90.5554062,91.51246161,90.25461657,90.27285004,619500,yfinance
2019-05-02,90.28196408,90.94733961,89.63480812,90.16346741,738700,yfinance
2019-05-03,90.79238082,93.32629012,90.79238082,93.14399719,675200,yfinance
2019-05-06,91.7585416,92.83408654,91.45775202,92.2689743,629900,yfinance
2019-05-07,91.11141528,91.82236759,89.57101396,90.56452942,1031100,yfinance
2019-05-08,90.23638677,91.52157501,89.81710743,90.80150604,972400,yfinance
2019-05-09,90.3001842,91.42130593,89.80798493,91.23900604,861200,yfinance
2019-05-10,90.63743746,91.69474906,89.54365893,91.40307617,758400,yfinance
2019-05-13,89.45251077,90.99291185,89.2064146,90.30018616,1131300,yfinance
2019-05-14,90.51893835,91.42130717,90.24549894,90.60097504,829300,yfinance
2019-05-15,90.35489257,91.77680425,90.23640282,91.53981781,1189500,yfinance
2019-05-16,92.09581168,93.46302978,92.04112519,92.8523407,1094900,yfinance
2019-05-17,91.92262282,92.80675825,91.57626343,91.57626343,2120000,yfinance
2019-05-20,91.42131156,91.52157477,90.4642562,91.12963867,817800,yfinance
2019-05-21,91.53980132,92.58800316,91.35750837,92.49685669,600700,yfinance
2019-05-22,92.08670121,92.97083675,90.74682627,91.08407593,1192500,yfinance
2019-05-23,90.12702634,90.46427601,89.41607394,90.3275528,839300,yfinance
2019-05-24,90.97468261,91.01114259,90.20904388,90.49160004,934800,yfinance
2019-05-28,90.90179103,91.82237969,90.07234192,90.07234192,1182900,yfinance
2019-05-29,89.60747266,89.68039263,88.62308091,89.13350677,614800,yfinance
2019-05-30,89.34312436,90.75591889,89.31578111,90.67388916,527900,yfinance
2019-05-31,88.59571586,88.88738873,86.33525286,88.45899963,1586400,yfinance
2019-06-03,88.63218908,90.97468912,88.63218908,90.78327942,677900,yfinance
2019-06-04,91.29370598,91.90439501,90.28196411,91.53068542,1563900,yfinance
2019-06-05,92.12316068,94.39274091,91.55804133,94.16487122,591100,yfinance
2019-06-06,94.00991411,94.75732638,93.56329149,94.52033997,506500,yfinance
2019-06-07,95.1674975,95.24952725,94.30158853,94.92139435,445700,yfinance
2019-06-10,95.32246794,96.27951664,95.20397123,96.19748688,406300,yfinance
2019-06-11,96.53472556,96.60763858,95.03078411,95.70527649,534400,yfinance
2019-06-12,95.80553813,96.11543758,95.0763523,95.28599548,497000,yfinance
2019-06-13,95.98051534,96.46484893,95.55100987,96.23638916,571700,yfinance
2019-06-14,96.12672706,97.10453451,95.33168461,96.88520813,621300,yfinance
2019-06-17,96.9126001,97.20502822,95.41390514,95.63322449,1305100,yfinance
2019-06-18,96.41002389,97.73508778,95.87086217,97.00402069,621000,yfinance
2019-06-19,97.11365604,98.03663527,96.1358487,97.92697906,386800,yfinance
2019-06-20,98.61237057,100.00140279,97.83560184,98.93221283,517400,yfinance
2019-06-21,99.05098448,99.18806169,98.07317727,98.54837036,723600,yfinance
2019-06-24,98.87735824,99.52618994,98.32905634,98.59407043,389100,yfinance
2019-06-25,98.83168691,99.069287,98.10061294,98.30165863,582800,yfinance
2019-06-26,98.52096907,99.11496575,97.70765301,98.3199234,532100,yfinance
2019-06-27,98.53925057,99.47136318,98.11888551,99.39825439,369500,yfinance
2019-06-28,99.72724569,101.07973045,99.00531206,101.02490234,935300,yfinance
2019-07-01,101.87476087,102.34081368,100.90608692,101.91130829,680900,yfinance
2019-07-02,102.00268609,102.00268609,100.06534539,100.75986481,825100,yfinance
2019-07-03,100.93349958,101.25334876,100.6959065,100.98833466,541000,yfinance
2019-07-05,100.27554705,101.50922819,99.42567659,101.42697906,436500,yfinance
2019-07-08,100.30295976,101.38128994,99.62671395,100.50400543,481100,yfinance
2019-07-09,100.39432453,100.8695176,99.60842265,100.6776123,625400,yfinance
2019-07-10,101.2167861,101.80164237,99.84602792,99.90085602,538700,yfinance
2019-07-11,100.05622452,100.51314399,99.33429091,99.85517883,398300,yfinance
2019-07-12,100.06535902,100.92436981,99.57188518,100.92436981,427800,yfinance
2019-07-15,100.97921204,101.39043681,100.0470993,101.21681213,340600,yfinance
2019-07-16,101.32645177,101.63716061,100.69590769,101.23506927,627900,yfinance
2019-07-17,101.3630071,101.57319311,99.33428366,99.44394684,785500,yfinance
2019-07-18,99.35255588,100.04707532,99.12409618,100.01052094,772800,yfinance
2019-07-19,100.52227849,100.71418382,98.28337598,98.3199234,538100,yfinance
2019-07-22,98.37476704,99.15152877,98.2011354,98.712883,623700,yfinance
2019-07-23,99.17894762,99.54448462,98.58495086,99.45310211,415100,yfinance
2019-07-24,99.35256458,99.68154714,98.62149069,98.89564514,765800,yfinance
2019-07-25,93.22070482,96.06274425,89.77552838,95.77944946,1800600,yfinance
2019-07-26,95.77946498,96.50139863,94.75596974,96.19069672,858000,yfinance
2019-07-29,96.25466056,96.25466056,94.29904572,94.76509857,683100,yfinance
2019-07-30,94.46353078,95.45961185,94.18937632,95.28598022,776700,yfinance
2019-07-31,95.20373757,96.09930276,94.0157442,94.61888123,752800,yfinance
2019-08-01,94.57317973,95.65150984,93.44002152,93.65020752,1082100,yfinance
2019-08-02,93.33036851,94.31731624,92.25203828,93.05622101,645000,yfinance
2019-08-05,91.36563094,92.25204896,90.58886218,91.09147644,967600,yfinance
2019-08-06,91.502686,91.65804391,90.11365395,91.22853851,614300,yfinance
2019-08-07,90.15936428,90.38782404,89.12672168,89.85779572,637000,yfinance
2019-08-08,90.25072773,90.99093498,89.76639425,90.60712433,874600,yfinance
2019-08-09,90.35127218,90.57059161,89.24552773,90.22333527,811300,yfinance
2019-08-12,89.83035134,89.98570225,88.20371251,88.62408447,536200,yfinance
2019-08-13,88.28598242,89.74812336,88.00269457,89.06274414,962600,yfinance
2019-08-14,88.60582212,88.70634496,85.6906737,85.97396851,770900,yfinance
2019-08-15,86.17501196,86.7964227,85.43479771,86.55882263,747900,yfinance
2019-08-16,87.07970472,87.68283474,86.69589408,87.2076416,2424600,yfinance
2019-08-19,88.21287471,88.6697942,87.47266738,88.2311554,679800,yfinance
2019-08-20,87.79249691,88.10320574,86.70502647,86.81468964,683900,yfinance
2019-08-21,87.73767584,87.88388644,86.62279125,87.23506165,594700,yfinance
2019-08-22,87.66457851,88.09408397,86.54969378,87.44525909,528900,yfinance
2019-08-23,87.00660693,87.55490892,85.01443771,85.37083435,586000,yfinance
2019-08-26,86.01049497,86.35775114,85.29769498,85.91910553,391600,yfinance
2019-08-27,86.41259973,86.65019978,85.09667652,85.6906662,447600,yfinance
2019-08-28,85.28857861,86.22069114,84.92304169,86.16586304,398600,yfinance
2019-08-29,86.86952294,87.76508812,86.10190161,87.54576874,445300,yfinance
2019-08-30,88.26770897,88.47789502,87.40870502,87.97528076,620900,yfinance
2019-09-03,87.48180896,88.02097061,86.55882963,87.11627197,650300,yfinance
2019-09-04,87.8564749,88.50529971,87.36300104,88.42305756,595300,yfinance
2019-09-05,89.19067552,90.22331794,88.94394208,90.1227951,641100,yfinance
2019-09-06,90.26901123,91.37475554,90.11366028,90.42436218,629000,yfinance
2019-09-09,90.70764795,90.97266205,89.03532115,89.50138092,670800,yfinance
2019-09-10,89.31860028,89.96742498,87.89301402,89.79380035,702500,yfinance
2019-09-11,90.16849948,91.33821237,89.67502554,91.31993866,497800,yfinance
2019-09-12,91.53010439,91.95046943,90.32383039,91.68545532,440200,yfinance
2019-09-13,92.29938347,93.89375183,92.23524242,93.68299866,1069600,yfinance
2019-09-16,93.12404673,93.68299318,92.44598319,93.5821991,667000,yfinance
2019-09-17,93.34397288,94.12283056,92.69339731,93.05991364,627600,yfinance
2019-09-18,92.24440722,93.97622282,91.6854607,93.74714661,536900,yfinance
2019-09-19,93.7104812,94.31524567,92.38184214,93.5821991,489700,yfinance
2019-09-20,93.72882478,94.10450614,92.85833097,93.06908417,605900,yfinance
2019-09-23,92.52846238,93.19736097,92.51013237,92.69339752,376300,yfinance
2019-09-24,93.12404011,93.79294559,92.72087081,93.08738708,591500,yfinance
2019-09-25,93.03240536,93.35311058,92.53760004,93.32562256,490900,yfinance
2019-09-26,93.29814102,94.46184487,92.89496473,94.06784058,568200,yfinance
2019-09-27,94.4801729,94.69091905,93.38061011,93.9212265,340300,yfinance
2019-09-30,94.25112438,95.93712207,94.07702421,94.9750061,712400,yfinance
2019-10-01,95.52477395,96.03790239,92.20774811,92.63841248,603700,yfinance
2019-10-02,91.91451336,92.21689556,90.63169249,91.85037231,466400,yfinance
2019-10-03,91.47470847,92.68423051,90.16439235,92.63841248,624100,yfinance
2019-10-04,92.6292522,94.75508612,92.6292522,94.67261505,519500,yfinance
2019-10-07,94.19613315,94.57181447,93.81127983,93.99454498,428600,yfinance
2019-10-08,92.99578031,94.50768476,92.21692256,93.76548004,888600,yfinance
2019-10-09,94.41605238,94.68178163,92.04281919,92.58344269,1063600,yfinance
2019-10-10,92.48264191,93.37145867,92.20774768,92.27188873,1146500,yfinance
2019-10-11,93.49056272,94.27858528,92.9041283,92.96826935,877900,yfinance
2019-10-14,92.67504568,93.14236298,91.9328412,92.04279327,494500,yfinance
2019-10-15,92.51014092,93.57305795,92.15278257,93.27067566,1113400,yfinance
2019-10-16,93.2523349,94.79172722,93.06907674,94.75508118,551200,yfinance
2019-10-17,95.09411252,95.8546472,94.34274285,95.41481781,511100,yfinance
2019-10-18,94.99332893,96.04708098,94.99332893,95.24989319,608000,yfinance
2019-10-21,95.81800254,96.67016637,95.61641435,96.23950195,566200,yfinance
2019-10-22,96.55102964,97.21076316,95.77216504,96.44107056,549200,yfinance
2019-10-23,96.27615336,96.98170504,95.46064257,95.63474274,808300,yfinance
2019-10-24,99.69396718,104.55954354,99.09836765,104.14720917,2049900,yfinance
2019-10-25,104.50455097,106.27301927,103.38665815,103.84481049,1025500,yfinance
2019-10-28,104.21136011,106.79533967,104.21136011,105.66828156,807400,yfinance
2019-10-29,105.25592221,105.97063875,104.67864578,105.7690506,737700,yfinance
2019-10-30,105.57663304,107.34510147,105.51249199,106.75866699,670700,yfinance
2019-10-31,106.64870819,107.22597766,105.69575042,106.32800293,595200,yfinance
2019-11-01,107.29928177,108.61876281,107.2076527,108.29805756,554800,yfinance
2019-11-04,108.6187608,109.4067834,107.61082702,108.24307251,485200,yfinance
2019-11-05,108.17892223,108.60042152,106.85028332,107.29927063,593300,yfinance
2019-11-06,106.90526375,107.07936387,106.33715933,106.82279968,790900,yfinance
2019-11-07,107.42758113,107.64749933,105.12766093,105.62245941,528600,yfinance
2019-11-08,105.75074614,106.19973356,105.19179962,105.97065735,991800,yfinance
2019-11-11,105.42085857,106.61205048,105.42085857,105.97980499,388100,yfinance
2019-11-12,105.69575054,105.93399173,104.63284068,105.10015106,530700,yfinance
2019-11-13,104.52289396,107.12520337,104.42209987,106.95110321,580100,yfinance
2019-11-14,107.18934409,107.72079559,106.7586797,107.38176727,404700,yfinance
2019-11-15,108.18810757,109.28767054,108.07814848,109.15023041,677500,yfinance
2019-11-18,109.02193481,109.55338622,108.21558221,108.49964142,419500,yfinance
2019-11-19,108.52713732,109.39762404,107.85823177,109.2326889,668200,yfinance
2019-11-20,109.06777026,109.41597059,107.50088973,107.66582489,887300,yfinance
2019-11-21,107.48254745,109.05858571,106.6578718,108.60043335,717000,yfinance
2019-11-22,108.45382236,109.50757414,107.8307349,109.08607483,583200,yfinance
2019-11-25,109.03110108,109.99322387,107.75743803,109.7824707,562300,yfinance
2019-11-26,109.88327833,112.05492339,109.83746728,111.93580627,672400,yfinance
2019-11-27,111.79835057,112.12822086,110.96450985,111.38600922,463900,yfinance
2019-11-29,111.09280556,111.38602285,109.76416623,109.98407745,316000,yfinance
2019-12-02,110.15814826,110.60713559,109.64501989,110.28643036,602100,yfinance
2019-12-03,109.26933447,110.22229218,109.25101145,110.12149811,529700,yfinance
2019-12-04,110.87287439,112.54971376,110.87287439,111.59675598,714800,yfinance
2019-12-05,111.60592689,112.16487337,111.48680279,112.06407928,602300,yfinance
2019-12-06,113.03535486,113.4476892,112.3572913,112.69631958,512400,yfinance
2019-12-09,112.238183,113.77757548,111.88998966,113.70426941,726600,yfinance
2019-12-10,113.77757548,114.14409883,113.35607607,113.70426941,1142100,yfinance
2019-12-11,113.59429627,115.22531754,113.41103113,115.17034149,566600,yfinance
2019-12-12,113.55763909,115.11535425,113.39270397,114.05244446,978100,yfinance
2019-12-13,113.92416733,113.92416733,112.10988092,112.71464539,557100,yfinance
2019-12-16,113.27481121,113.44010915,111.52082302,111.72285461,726400,yfinance
2019-12-17,111.74124059,113.5044143,111.41982981,113.44013214,717200,yfinance
2019-12-18,113.44012826,113.96357066,112.20039701,113.51359558,484700,yfinance
2019-12-19,113.440139,113.94521812,112.17285914,113.57788849,516000,yfinance
2019-12-20,114.39517047,114.90942765,113.96355877,114.0553894,1065200,yfinance
2019-12-23,114.25740873,114.25740873,112.99012925,113.33908844,458000,yfinance
2019-12-24,113.31155298,114.10130908,113.06360956,113.75234985,179500,yfinance
2019-12-26,113.79825798,114.48699826,113.4401136,114.45944977,229100,yfinance
2019-12-27,114.67067167,114.81759929,114.08294717,114.41353607,219500,yfinance
2019-12-30,114.33088518,114.58801376,113.40337965,113.98192596,304100,yfinance
2019-12-31,113.9268179,114.52372752,113.74315664,114.36761475,278900,yfinance
2020-01-02,114.59721012,115.14820099,113.36665707,115.14820099,572400,yfinance
2020-01-03,113.71559906,114.69820146,112.79727881,113.72477722,480500,yfinance
2020-01-06,112.18203368,113.53195891,111.00657758,113.51359558,627400,yfinance
2020-01-07,113.22890488,113.46766314,112.09018258,112.15446472,588400,yfinance
2020-01-08,112.26468181,113.4493161,111.89735221,112.63201141,938700,yfinance
2020-01-09,113.09115874,113.61460109,112.23712049,112.83403015,458500,yfinance
2020-01-10,113.14624265,113.76151556,112.53096973,113.34827423,525300,yfinance
2020-01-13,113.8717411,114.47783598,112.37488122,114.46865082,945600,yfinance
2020-01-14,114.29415557,115.24920962,113.77071323,114.53292084,703100,yfinance
2020-01-15,114.63394826,115.4604381,113.72480593,115.08392334,884100,yfinance
2020-01-16,115.82775886,118.06847007,115.74511338,118.01335907,784700,yfinance
2020-01-17,118.4082317,119.33573024,117.26033123,117.59092712,975700,yfinance
2020-01-21,117.26950618,117.67356938,116.30527401,116.75524902,669000,yfinance
2020-01-22,117.18685798,119.28980537,117.12257584,118.87656403,786300,yfinance
2020-01-23,118.38989429,119.33576342,118.06849048,119.19802094,729200,yfinance
2020-01-24,119.38166976,119.91429735,117.37054554,117.54502869,682100,yfinance
2020-01-27,116.2226149,118.07762582,116.08487246,117.24195099,675300,yfinance
2020-01-28,117.74706417,119.07862619,117.13179107,118.86741638,380800,yfinance
2020-01-29,119.38165983,120.95199398,118.66537099,120.13468933,555200,yfinance
2020-01-30,119.38165995,120.53873869,118.81230575,119.98775482,524200,yfinance
2020-01-31,119.81328041,120.5571178,118.18784915,118.75721741,607400,yfinance
2020-02-03,119.42757766,122.15499053,119.32656185,121.3835907,722300,yfinance
2020-02-04,122.87128839,124.38651164,122.70598341,124.20285034,641000,yfinance
2020-02-05,125.41505093,125.85584089,122.02644568,122.39376831,765000,yfinance
2020-02-06,122.72435608,122.80700157,120.87853685,121.59482574,649900,yfinance
2020-02-07,121.55806617,123.87223749,121.23666244,123.09165955,782600,yfinance
2020-02-10,122.79781891,125.25891113,122.79781891,125.24055481,631300,yfinance
2020-02-11,125.65376476,126.74656813,124.74462264,126.62718201,460600,yfinance
2020-02-12,126.53537559,127.38942094,125.62624726,127.25167847,604300,yfinance
2020-02-13,125.36912384,126.39763836,125.09362488,125.65380096,808800,yfinance
2020-02-14,125.58031943,127.86694236,125.46093329,127.55470276,748100,yfinance
2020-02-18,122.08151529,123.64265715,119.94182709,123.38552856,1034900,yfinance
2020-02-19,123.02739292,123.68858477,119.739804,120.44691467,766700,yfinance
2020-02-20,118.25210888,121.18155288,116.34200098,119.24389648,1245900,yfinance
2020-02-21,118.67453936,118.68373154,116.94809956,118.07763672,638700,yfinance
2020-02-24,115.03800137,117.44400351,114.79005793,116.58078003,677100,yfinance
2020-02-25,117.01240452,117.25116983,113.68808857,113.87174988,782900,yfinance
2020-02-26,114.45027422,115.50634413,112.27385926,113.55950928,809900,yfinance
2020-02-27,111.75956846,114.12883632,108.46280222,108.52708435,1206900,yfinance
2020-02-28,105.48747753,107.16799871,102.81516154,105.59767151,1246500,yfinance
2020-03-02,105.93744272,110.98820496,105.35890338,110.98820496,912700,yfinance
2020-03-03,110.89638184,114.33089844,108.57303217,109.59236145,848900,yfinance
2020-03-04,111.73204668,114.31253189,110.80454808,114.19314575,772600,yfinance
2020-03-05,112.27386698,114.53293458,111.53920777,112.63201141,961500,yfinance
2020-03-06,109.62907827,110.45556797,106.09354641,110.01477814,970100,yfinance
2020-03-09,103.09982436,110.20762903,93.77887825,105.60684204,1126900,yfinance
2020-03-10,107.94856964,108.96790588,101.60297209,108.71995544,1277700,yfinance
2020-03-11,106.46090096,107.10372254,104.23856692,105.40483093,1220100,yfinance
2020-03-12,99.53673861,102.91615766,94.67882329,94.94513702,1598800,yfinance
2020-03-13,100.28978202,103.44880681,95.7440983,102.67741394,1081300,yfinance
2020-03-16,91.65356185,96.18467188,87.15929793,89.9866333,1040000,yfinance
2020-03-17,91.69041179,98.01738443,89.38802092,94.49011993,1290300,yfinance
2020-03-18,87.77633524,93.42180137,76.06177097,89.03804779,1547200,yfinance
2020-03-19,88.15392105,91.61671803,85.60286866,86.71723175,1280900,yfinance
2020-03-20,88.67887242,88.83543329,75.15923527,76.29200745,1202700,yfinance
2020-03-23,75.76706109,76.99193448,71.25438147,72.38715363,1262400,yfinance
2020-03-24,74.40404214,80.23369578,73.72253661,78.2075882,948200,yfinance
2020-03-25,78.06025915,84.88454179,76.10782924,82.37953949,830700,yfinance
2020-03-26,82.31503657,89.72873444,82.31503657,89.13011169,745400,yfinance
2020-03-27,88.14472925,88.78019136,83.40180276,84.37802124,764300,yfinance
2020-03-30,84.94900071,88.17234752,83.80701695,87.50005341,849700,yfinance
2020-03-31,86.35806474,88.07104393,83.97279142,84.7463913,1142700,yfinance
2020-04-01,81.55067949,81.55067949,76.34727522,77.90368652,1061000,yfinance
2020-04-02,77.50768016,80.12319249,76.08940671,77.74712372,1059200,yfinance
2020-04-03,77.37874796,79.0825228,75.70260772,77.39717102,830700,yfinance
2020-04-06,80.48233289,87.61052936,80.19683882,87.02111816,843300,yfinance
2020-04-07,90.30893679,91.0272813,84.35956229,85.41866302,1064500,yfinance
2020-04-08,84.46090421,88.77098011,83.69650877,87.16851807,856100,yfinance
2020-04-09,87.232999,90.07875115,86.71726562,87.82241058,816700,yfinance
2020-04-13,87.3803387,88.9183412,85.00427659,88.19998932,816500,yfinance
2020-04-14,90.02347757,91.27597869,89.22224307,90.18003845,615100,yfinance
2020-04-15,88.76175688,89.21303048,85.69497804,86.99352264,623600,yfinance
2020-04-16,86.91062493,87.92367518,84.86610138,86.55145264,754900,yfinance
2020-04-17,88.75254889,90.48394396,87.41715822,89.91294861,767500,yfinance
2020-04-20,88.08024473,88.69728365,85.94362676,86.5238266,571500,yfinance
2020-04-21,84.93978221,85.61207621,83.12549761,83.58597565,603300,yfinance
2020-04-22,85.03190349,85.79629896,83.89912406,85.621315,699900,yfinance
2020-04-23,87.10404347,90.5207903,84.83849194,87.61056519,1311100,yfinance
2020-04-24,87.26982361,89.13936384,85.98969488,88.93675232,691500,yfinance
2020-04-27,89.85768633,91.69959853,89.71033701,91.23912048,717700,yfinance
2020-04-28,93.0441948,94.88610702,92.68502248,93.58756256,564400,yfinance
2020-04-29,96.08335825,96.33201333,93.63361148,94.26907349,810200,yfinance
2020-04-30,92.87842016,93.5507212,90.81548049,92.59292603,1215200,yfinance
2020-05-01,91.10097516,92.02193125,89.13012968,89.77480316,705900,yfinance
2020-05-04,88.76175036,88.76175036,86.93826114,87.26980591,666600,yfinance
2020-05-05,88.01578281,90.17082395,87.38953232,89.09329987,751900,yfinance
2020-05-06,89.83926805,91.73643532,89.14855099,90.24448395,838900,yfinance
2020-05-07,91.3036073,93.20998656,91.3036073,92.2245636,908800,yfinance
2020-05-08,93.88227754,95.58604511,93.49547059,94.18618774,409900,yfinance
2020-05-11,93.55992494,94.57298225,92.11402417,93.64281464,530400,yfinance
2020-05-12,94.11251623,95.37422173,91.79170268,91.8377533,538700,yfinance
2020-05-13,90.89836459,91.95746552,85.42789012,86.25675201,908700,yfinance
2020-05-14,85.05950265,86.21990926,82.72948493,86.17385864,1442700,yfinance
2020-05-15,85.44630972,87.01193938,84.76480414,85.59366608,766100,yfinance
2020-05-18,88.61439826,89.9866209,88.18154777,88.30126953,726800,yfinance
2020-05-19,88.0157716,89.75637801,86.67117658,86.80010986,712900,yfinance
2020-05-20,88.19076105,90.10634446,87.84079322,89.64586639,814700,yfinance
2020-05-21,86.54225769,87.96973563,86.12782317,86.56988525,972800,yfinance
2020-05-22,86.91063038,87.12244635,85.57523981,86.83695221,497600,yfinance
2020-05-26,89.29590683,90.76023075,88.74333455,89.92215729,746100,yfinance
2020-05-27,91.72723049,92.47320974,89.95899638,91.20228577,853600,yfinance
2020-05-28,92.68501984,93.55992531,90.61286865,92.01272583,645400,yfinance
2020-05-29,91.00888184,92.2613827,90.11555329,91.81932068,917200,yfinance
2020-06-01,92.44558988,93.94675313,91.57068422,92.69425201,480400,yfinance
2020-06-02,93.35732109,93.92830937,91.50619739,92.10482025,664100,yfinance
2020-06-03,92.91525922,97.05956162,92.64818111,96.73722839,714800,yfinance
2020-06-04,95.6044375,97.8423608,95.05186533,97.704216,774900,yfinance
2020-06-05,101.15781448,108.20313003,100.65129284,106.23228455,1535500,yfinance
2020-06-08,105.85469248,107.47557009,105.28369718,106.40726471,707900,yfinance
2020-06-09,104.5929998,104.65746646,102.94448729,103.41417694,612100,yfinance
2020-06-10,103.04578811,103.53389376,100.16319774,100.4026413,663200,yfinance
2020-06-11,96.93985268,97.15166867,93.36653809,93.53231049,734400,yfinance
2020-06-12,96.6083034,96.61751493,91.51541692,94.31512451,732000,yfinance
2020-06-15,91.58977588,95.36829665,90.97080289,94.83246613,540700,yfinance
2020-06-16,98.56479406,98.67565069,94.28739724,96.56929016,472600,yfinance
2020-06-17,97.51162177,97.95506242,95.74707843,96.31062317,481300,yfinance
2020-06-18,95.59925635,97.24369541,94.38901748,95.1465683,563400,yfinance
2020-06-19,96.99426545,96.99426545,94.14883464,94.9156189,969000,yfinance
2020-06-22,94.43522147,95.02648036,92.76306809,94.87866211,709800,yfinance
2020-06-23,96.29213049,96.92034383,94.61997036,94.84169769,466700,yfinance
2020-06-24,93.86245531,94.20427979,90.2687063,90.37957001,560200,yfinance
2020-06-25,89.68667204,90.76756656,87.83898621,90.53660583,716200,yfinance
2020-06-26,90.25948142,91.01703259,89.00305405,89.65898895,837500,yfinance
2020-06-29,90.65670962,92.20876612,89.61276958,92.19029236,515200,yfinance
2020-06-30,91.82075665,94.91562934,91.82075665,94.43523407,805900,yfinance
2020-07-01,94.49066167,95.48841381,93.33585791,94.13036346,804500,yfinance
2020-07-02,95.52536086,96.63396957,94.50913505,94.59227753,453000,yfinance
2020-07-06,96.44920128,97.04046018,95.52535837,96.05194855,397800,yfinance
2020-07-07,95.27592809,95.86718706,94.24122842,94.27818298,514800,yfinance
2020-07-08,95.06342554,95.59001565,93.98253115,94.68464661,700000,yfinance
2020-07-09,94.74009862,95.32211714,92.43972456,92.87393188,473700,yfinance
2020-07-10,92.63373411,93.99178445,91.93161851,93.7793045,436600,yfinance
2020-07-13,94.25045684,95.6547021,93.7700616,94.00102234,499900,yfinance
2020-07-14,93.81626618,96.4307367,93.44672754,96.30139923,548900,yfinance
2020-07-15,97.88115548,99.57178974,97.50238355,98.66642761,722900,yfinance
2020-07-16,98.59251896,99.70112766,98.05668837,99.22997284,586100,yfinance
2020-07-17,99.34082944,99.34082944,96.92959882,98.71261597,750300,yfinance
2020-07-20,98.85119232,100.26467086,98.52784871,99.34082794,635500,yfinance
2020-07-21,100.77278675,101.78901254,100.17228744,101.45642853,774300,yfinance
2020-07-22,101.02221418,103.83993769,101.02221418,103.1008606,1117100,yfinance
2020-07-23,100.42173981,101.62273863,94.55533767,94.74934387,1622500,yfinance
2020-07-24,94.92485031,95.41448588,92.75382108,93.32659912,873700,yfinance
2020-07-27,93.93632649,94.30586498,92.92933427,93.66841125,732500,yfinance
2020-07-28,93.12336783,93.47442559,90.97081216,91.00776672,658000,yfinance
2020-07-29,91.15557174,92.05170042,90.36106633,90.73984528,570900,yfinance
2020-07-30,89.57581254,90.42574638,88.16233394,90.14859772,721800,yfinance
2020-07-31,90.33334277,91.93159382,89.18777973,91.88539886,896500,yfinance
2020-08-03,92.4951555,93.22499226,91.4696893,92.80001831,703500,yfinance
2020-08-04,92.01474348,92.43971033,90.79527124,91.83921814,700800,yfinance
2020-08-05,92.32885768,93.33584302,92.08865657,92.79077911,748200,yfinance
2020-08-06,92.19027355,93.02173348,90.73984064,91.64520264,810500,yfinance
2020-08-07,92.01476186,92.48592377,91.11863302,92.48592377,693000,yfinance
2020-08-10,92.81851021,94.59228714,92.55059489,94.52761841,449700,yfinance
2020-08-11,95.37754478,98.12135949,94.82324042,96.22748566,759400,yfinance
2020-08-12,96.80948703,97.01273358,95.64544314,96.23670197,407000,yfinance
2020-08-13,96.01499378,96.70787596,94.56456069,94.86943054,453800,yfinance
2020-08-14,94.62923881,95.02649158,93.39128552,93.82549286,490900,yfinance
2020-08-17,93.73309847,95.04495368,93.30813159,94.4721756,638500,yfinance
2020-08-18,94.60152774,94.99878053,92.77231544,92.92936707,959000,yfinance
2020-08-19,93.09566576,93.57606811,91.92238813,93.04023743,565900,yfinance
2020-08-20,92.0702032,92.54135809,91.31264512,91.77456665,376300,yfinance
2020-08-21,91.78380178,92.91089138,91.69141889,92.63373566,584800,yfinance
2020-08-24,92.80002647,95.14658853,92.77231231,95.06344604,522300,yfinance
2020-08-25,95.45144854,95.74707799,93.08641296,94.30588531,534700,yfinance
2020-08-26,94.2874057,95.20201526,93.68691344,94.65694427,471300,yfinance
2020-08-27,95.04497178,95.98729565,94.72162812,95.37755585,591500,yfinance
2020-08-28,95.46069306,96.88341204,94.38903186,96.07966614,622800,yfinance
2020-08-31,95.86718635,96.43997155,95.39603149,95.51612854,866900,yfinance
2020-09-01,95.12811731,95.16507187,92.94784721,94.32437134,593700,yfinance
2020-09-02,94.55533636,97.39153429,94.2319927,96.8187561,635100,yfinance
2020-09-03,96.94809045,97.31762202,92.24572573,92.77231598,591200,yfinance
2020-09-04,93.69616263,94.27818828,91.36808119,92.07943726,583200,yfinance
2020-09-08,91.41425379,91.65445492,89.96382069,90.53660583,775600,yfinance
2020-09-09,91.40501773,92.4212435,91.02623876,91.17405701,584700,yfinance
2020-09-10,91.46044704,91.78379065,89.26170348,89.62200165,537900,yfinance
2020-09-11,89.98231325,91.349597,89.88068996,90.5089035,649200,yfinance
2020-09-14,91.60825589,91.8761641,90.41649782,91.58977509,590500,yfinance
2020-09-15,92.4424754,93.76784908,91.87710576,93.53614044,684400,yfinance
2020-09-16,94.06442666,97.46591448,93.76783992,96.23322296,885300,yfinance
2020-09-17,94.98201672,97.71617607,94.42591028,96.37226868,1244000,yfinance
2020-09-18,96.43713389,97.93860128,95.287854,95.69566345,1464900,yfinance
2020-09-21,93.99954715,94.05516203,88.71659368,90.61660004,984900,yfinance
2020-09-22,90.51465873,91.65466118,89.25416327,91.03368378,845800,yfinance
2020-09-23,91.74735632,91.94199074,88.11416633,88.39221954,781700,yfinance
2020-09-24,88.04926796,89.55074223,87.13170388,88.63317108,716100,yfinance
2020-09-25,88.30878677,90.89465577,87.70634295,90.12538147,637300,yfinance
2020-09-28,91.70100597,93.35077022,91.25612231,91.95124817,614500,yfinance
2020-09-29,91.77515035,93.13759822,91.36734797,91.91417694,482400,yfinance
2020-09-30,92.62785632,94.27762085,90.73711281,91.67321777,1442800,yfinance
2020-10-01,92.62784157,94.2405316,90.98734055,91.29319763,872400,yfinance
2020-10-02,89.46733091,92.39613126,89.27269652,91.58978271,1666000,yfinance
2020-10-05,92.58148879,93.81418025,92.25709816,93.4249115,970900,yfinance
2020-10-06,93.61956402,95.24152455,93.09126858,93.48053741,669600,yfinance
2020-10-07,94.27762281,94.90787066,93.35078815,94.12932587,684100,yfinance
2020-10-08,95.18592129,96.17763414,94.58348439,96.10349274,517500,yfinance
2020-10-09,97.01178627,97.66983806,96.30739699,96.38153839,484700,yfinance
2020-10-12,97.02104954,100.18155196,97.02104954,99.8757019,570200,yfinance
2020-10-13,98.91179595,99.34740937,97.12300478,97.35471344,700300,yfinance
2020-10-14,97.31762129,98.27225969,96.31663835,96.83567047,473100,yfinance
2020-10-15,95.41759688,97.1693133,95.40833363,97.15077972,357200,yfinance
2020-10-16,97.53078733,98.49468888,97.25273418,97.30834198,386500,yfinance
2020-10-19,97.45664401,98.09615497,96.15907436,96.32590485,569500,yfinance
2020-10-20,97.39179073,99.73668136,97.03032577,97.5956955,576800,yfinance
2020-10-21,97.46591675,99.27324115,95.6122478,96.29810333,1155400,yfinance
2020-10-22,97.31761505,97.78103226,92.52588275,94.50930786,1536900,yfinance
2020-10-23,95.60298672,96.40006501,94.29614659,95.35273743,764500,yfinance
2020-10-26,94.1756569,94.65760775,92.59077071,93.46199036,715400,yfinance
2020-10-27,93.46196666,93.58245964,91.75659496,91.99757385,683600,yfinance
2020-10-28,89.88441626,91.72881501,89.05026377,89.30977631,994100,yfinance
2020-10-29,88.77220612,91.63612837,88.67025376,90.93173218,776500,yfinance
2020-10-30,90.00489825,91.35807576,88.79074733,91.29319763,912200,yfinance
2020-11-02,92.58150278,94.34248984,92.31271991,94.08297729,901900,yfinance
2020-11-03,95.28785154,97.002501,94.71321868,96.4649353,726100,yfinance
2020-11-04,96.64104032,97.23422096,93.83273262,94.12005615,814000,yfinance
2020-11-05,95.33419951,97.05811229,95.33419951,96.51127625,741000,yfinance
2020-11-06,96.39078347,97.08590931,94.97272788,95.30638885,749700,yfinance
2020-11-09,98.47616965,106.3449929,97.73469919,103.6849823,1144200,yfinance
2020-11-10,104.34302653,108.0410941,103.18448345,106.72499084,971000,yfinance
2020-11-11,109.68159624,109.68159624,103.240099,104.13912964,980600,yfinance
2020-11-12,103.45327587,103.45327587,100.42252291,102.09082794,906000,yfinance
2020-11-13,102.87863039,106.52109029,102.87863039,105.65913391,611600,yfinance
2020-11-16,107.92986959,109.71866037,107.11425781,109.60744476,548700,yfinance
2020-11-17,108.32840173,108.56011033,105.99278216,107.01229858,813300,yfinance
2020-11-18,107.4015752,107.90206666,106.13181651,106.17815399,691900,yfinance
2020-11-19,105.56647218,106.27086852,103.6849989,105.7796402,584100,yfinance
2020-11-20,105.61280515,106.28012723,103.75913586,104.73231506,490100,yfinance
2020-11-23,105.49231427,106.37280431,104.45425697,105.80744171,780100,yfinance
2020-11-24,107.44792451,109.09768879,106.44694154,108.24500275,668500,yfinance
2020-11-25,108.16158292,108.16158292,105.43669431,106.7806015,547300,yfinance
2020-11-27,107.15133937,108.43036847,105.76108759,105.91864777,326500,yfinance
2020-11-30,105.47377446,105.79816513,104.36156876,105.69621277,956800,yfinance
2020-12-01,107.41083478,108.02254886,106.35424417,106.58595276,734500,yfinance
2020-12-02,106.01132566,107.48499616,104.3059536,105.23278809,553900,yfinance
2020-12-03,105.64060247,106.91036125,105.19571879,105.445961,575600,yfinance
2020-12-04,105.92791357,107.54060359,105.53864479,106.15962219,840300,yfinance
2020-12-07,106.32646357,106.32646357,103.65717547,104.00010681,654200,yfinance
2020-12-08,103.39766954,105.26060913,102.01668791,104.84353638,693300,yfinance
2020-12-09,105.53866002,106.91037129,103.00839842,103.21230316,1154200,yfinance
2020-12-10,102.43375198,104.28742109,100.99716266,102.554245,674700,yfinance
2020-12-11,101.72936866,102.40595396,100.8952161,101.56253815,518700,yfinance
2020-12-14,102.10009548,102.82302528,100.85813353,101.66448212,822500,yfinance
2020-12-15,102.24079889,104.65761793,101.89687129,103.83032227,562500,yfinance
2020-12-16,103.85820502,104.26720054,102.94724658,103.36553955,674700,yfinance
2020-12-17,104.15565907,104.93647451,103.25399808,104.87140656,1232900,yfinance
2020-12-18,105.6150624,106.31222219,104.65762367,105.73590088,1351200,yfinance
2020-12-21,103.8768073,105.61506157,103.02162633,104.84353638,595000,yfinance
2020-12-22,104.66690644,105.93108991,104.19283586,104.47170258,479900,yfinance
2020-12-23,104.83420822,105.44771206,103.83029673,104.81562042,564900,yfinance
2020-12-24,105.07591732,105.24323594,104.25791911,105.06661987,138800,yfinance
2020-12-28,105.49419817,107.3161079,105.49419817,106.45162964,428500,yfinance
2020-12-29,107.07443263,107.07443263,104.75056705,105.54067993,324000,yfinance
2020-12-30,105.47562958,107.13022101,105.43844687,106.8420639,390300,yfinance
2020-12-31,107.09303549,108.43158452,106.00546794,108.18060303,375900,yfinance
2021-01-04,108.21778191,108.57101406,105.69871221,106.41446686,770800,yfinance
2021-01-05,106.10770372,107.72511217,105.78236396,106.61894989,686400,yfinance
2021-01-06,107.65076254,111.82443084,107.65076254,109.04508209,942800,yfinance
2021-01-07,110.11406662,112.48441279,109.50986003,111.91738892,839500,yfinance
2021-01-08,111.87088985,112.7818483,109.77011334,111.52696228,530100,yfinance
2021-01-11,110.16054368,112.46581473,110.06759046,111.85231781,509100,yfinance
2021-01-12,111.79652822,112.75396685,110.86698194,111.43400574,684500,yfinance
2021-01-13,111.01572055,111.57344694,108.72903739,108.76622009,435600,yfinance
2021-01-14,109.09154283,109.39829477,107.54849273,108.08763123,556600,yfinance
2021-01-15,107.17670677,107.40909338,105.09451765,106.34941101,504300,yfinance
2021-01-19,106.83275908,108.22707856,106.53530454,106.62825775,377800,yfinance
2021-01-20,106.94430787,106.96289568,105.19675623,106.14489746,718300,yfinance
2021-01-21,106.12628223,107.82735338,105.73587454,106.93498993,928100,yfinance
2021-01-22,106.20066775,106.39587163,104.3601629,105.60575867,582000,yfinance
2021-01-25,104.85284004,104.96438107,103.29120176,104.19285583,615800,yfinance
2021-01-26,104.82492779,105.54068238,102.73344872,103.42131805,551700,yfinance
2021-01-27,102.20361296,105.67082379,100.54902168,104.24861908,855400,yfinance
2021-01-28,105.18747369,106.74910483,102.35235434,102.69628906,1184700,yfinance
2021-01-29,101.49716785,101.66448648,99.09893657,99.47075653,772500,yfinance
2021-02-01,100.47465504,102.97513683,100.47465504,102.54754639,565800,yfinance
2021-02-02,102.97511905,104.22071455,102.11993831,103.07736969,648400,yfinance
2021-02-03,102.68697453,103.99763105,102.26867447,103.57933807,425400,yfinance
2021-02-04,103.70018573,105.31760144,103.19822986,103.98834991,428300,yfinance
2021-02-05,104.43452992,106.40517071,104.43452992,105.77307892,1395700,yfinance
2021-02-08,106.76768399,108.93352847,105.71729927,108.78479767,682100,yfinance
2021-02-09,108.34791226,109.06366687,107.85525386,108.49664307,447500,yfinance
2021-02-10,109.38901494,110.21631062,107.79949153,109.60281372,448100,yfinance
2021-02-11,109.80728808,111.07147146,109.50054323,110.71824646,522300,yfinance
2021-02-12,110.09546498,112.11257873,109.09155328,109.92814636,668800,yfinance
2021-02-16,108.70114035,109.47265834,101.8596794,102.07347107,1336300,yfinance
2021-02-17,101.21830123,102.48248483,100.62339214,101.59941864,838700,yfinance
2021-02-18,101.1996965,102.43598755,100.45605671,100.67914581,713700,yfinance
2021-02-19,100.72564788,101.62730901,100.00060282,101.37632751,914000,yfinance
2021-02-22,100.78140767,101.56223025,99.01526829,101.31124878,620500,yfinance
2021-02-23,101.339135,101.89686846,99.32202122,101.12534332,496200,yfinance
2021-02-24,100.96731944,102.99373061,100.40029564,101.62729645,569800,yfinance
2021-02-25,101.19041552,102.24080034,99.51722927,100.0098877,574300,yfinance
2021-02-26,100.0191782,101.82250025,99.38708644,101.11604309,1288600,yfinance
2021-03-01,102.01770976,105.08521549,100.39100368,103.83032227,928200,yfinance
2021-03-02,104.47171641,106.01476679,103.17964752,104.84353638,763400,yfinance
2021-03-03,104.23932163,105.56857313,103.61652731,104.24861908,894800,yfinance
2021-03-04,103.70947753,103.75595768,100.15861105,102.6219101,1101500,yfinance
2021-03-05,103.7559531,105.84743212,102.88217737,105.32688141,1082800,yfinance
2021-03-08,106.23786053,111.10868175,105.49422056,108.2828598,1233900,yfinance
2021-03-09,108.07834553,108.88705337,106.14489461,106.37728119,721900,yfinance
2021-03-10,106.31221364,108.26425947,105.903211,107.78089142,636700,yfinance
2021-03-11,108.13412546,108.34791714,106.59107516,106.89782715,527700,yfinance
2021-03-12,108.0969278,109.03577145,107.45553866,109.026474,437700,yfinance
2021-03-15,108.31072671,109.8351891,108.2177735,109.80729675,1375100,yfinance
2021-03-16,110.86090724,114.44127286,110.50659533,113.1266098,859800,yfinance
2021-03-17,112.99607087,115.20582523,112.84688542,114.2734375,1109500,yfinance
2021-03-18,113.65807329,115.0752996,113.31308724,113.73266602,678400,yfinance
2021-03-19,113.50885758,113.50885758,111.62543787,111.81191254,1024600,yfinance
2021-03-22,111.30844435,112.76297405,110.23620416,112.30609894,719400,yfinance
2021-03-23,111.30843693,112.88417436,110.9727768,111.22452545,612300,yfinance
2021-03-24,112.28745077,114.97272478,111.7466642,113.4249649,1272800,yfinance
2021-03-25,113.78859269,115.3177079,112.37135944,115.13123322,718400,yfinance
2021-03-26,116.13820635,118.24540449,115.38297461,118.18013763,471000,yfinance
2021-03-29,118.17082563,119.72791863,117.20114148,117.7419281,812800,yfinance
2021-03-30,117.3223455,117.76056885,116.02632717,116.81885529,578300,yfinance
2021-03-31,116.31536888,118.08690699,115.69998957,117.12654877,592900,yfinance
2021-04-01,117.34098793,119.34562286,116.19415507,119.11252594,735800,yfinance
2021-04-05,120.23139993,121.26635093,119.76520605,121.23838043,631400,yfinance
2021-04-06,124.59499957,125.35023149,122.1521336,122.60900879,1515400,yfinance
2021-04-07,121.90968231,123.00989288,120.9213537,122.47843933,534700,yfinance
2021-04-08,122.35724262,122.6369618,120.78150502,122.00294495,544400,yfinance
2021-04-09,122.8607408,123.80244733,121.84442732,122.78614807,558500,yfinance
2021-04-12,123.22435628,123.4760907,122.04021997,122.71154022,478000,yfinance
2021-04-13,121.83510148,121.97496818,120.22207471,120.59502411,490900,yfinance
2021-04-14,120.6230018,122.34792488,120.56706081,121.43418884,310900,yfinance
2021-04-15,121.30363946,122.01224896,120.72554944,121.70455933,559400,yfinance
2021-04-16,123.07516982,124.12877241,122.65559822,124.01687622,636100,yfinance
2021-04-19,124.21271014,124.35256263,122.98195136,123.39220428,488300,yfinance
2021-04-20,123.72785555,124.28729391,122.65561529,123.49475861,675600,yfinance
2021-04-21,123.71854226,125.71385163,123.60666028,124.0914917,700600,yfinance
2021-04-22,125.55532491,130.28252292,125.55532491,126.32920837,1119300,yfinance
2021-04-23,125.66721855,129.44339174,125.21967641,128.99584961,938100,yfinance
2021-04-26,129.84431624,130.73009601,126.47839581,127.03783417,932800,yfinance
2021-04-27,127.07510713,129.25690505,125.87233331,128.34315491,817100,yfinance
2021-04-28,128.51102025,128.51102025,126.78609702,127.27094269,519000,yfinance
2021-04-29,127.98887535,128.88395965,127.49471096,127.94225311,840300,yfinance
2021-04-30,127.06582766,127.29892465,124.87471031,125.29429626,893200,yfinance
2021-05-03,126.62758807,127.85834682,126.04017918,126.87001801,985500,yfinance
2021-05-04,126.46905471,128.45504487,126.45040298,128.11938477,917600,yfinance
2021-05-05,128.40841007,128.40841007,125.66718849,127.02848053,917200,yfinance
2021-05-06,127.41075179,130.81397485,127.09374344,130.68344116,799100,yfinance
2021-05-07,130.63683148,132.58551821,130.44102382,131.69975281,674800,yfinance
2021-05-10,132.36177512,134.97244951,132.36177512,132.91188049,872700,yfinance
2021-05-11,132.07267352,132.42698529,129.66712647,130.29182434,605100,yfinance
2021-05-12,130.11469004,130.20792027,125.79773098,126.23595428,796200,yfinance
2021-05-13,126.61825348,130.52496025,126.4224458,129.79769897,660200,yfinance
2021-05-14,130.15198525,131.86757507,130.06807378,130.7673645,500500,yfinance
2021-05-17,130.09605943,130.79535023,129.24758317,129.53662109,360900,yfinance
2021-05-18,129.58322073,129.9748218,127.83966052,127.91425323,506500,yfinance
2021-05-19,126.36651797,128.66019823,126.23598425,128.35250854,549200,yfinance
2021-05-20,128.89325034,129.30348888,127.91424064,128.32449341,427500,yfinance
2021-05-21,128.89325383,130.05873821,127.69979896,128.21260071,471900,yfinance
2021-05-24,128.66951956,129.50866291,128.04482143,129.35015869,660100,yfinance
2021-05-25,129.4154611,130.65553889,128.90264484,129.82571411,640100,yfinance
2021-05-26,129.57390033,130.46898442,129.26621073,129.66714478,410600,yfinance
2021-05-27,130.45967175,131.01911,129.61119561,130.7020874,813300,yfinance
2021-05-28,130.67415234,131.68113293,130.64618184,130.98184204,450700,yfinance
2021-06-01,132.08205577,133.1915995,129.77905682,129.93756104,630000,yfinance
2021-06-02,130.08672073,130.08672073,128.50166467,128.98649597,692000,yfinance
2021-06-03,128.16604423,129.12640261,127.7184878,128.61358643,718400,yfinance
2021-06-04,129.54598365,129.98420713,128.82804095,129.44342041,432400,yfinance
2021-06-07,129.7790382,129.7790382,128.38045674,128.66949463,388600,yfinance
2021-06-08,128.82798431,130.20791388,128.00747873,129.60186768,574700,yfinance
2021-06-09,129.48066391,129.92822021,128.72543222,128.75340271,570100,yfinance
2021-06-10,129.44340107,130.18931416,128.14738259,129.28489685,791900,yfinance
2021-06-11,129.79770092,130.17996907,128.56694229,129.32217407,601600,yfinance
2021-06-14,129.34080894,129.34080894,127.79304211,128.95852661,609800,yfinance
2021-06-15,129.06136331,129.71573505,128.03306895,129.47268677,724900,yfinance
2021-06-16,129.68769335,130.27663505,128.8183168,130.06163025,878300,yfinance
2021-06-17,129.77183042,130.13640996,126.06993377,127.65912628,662500,yfinance
2021-06-18,125.90168546,126.82716338,125.07905268,125.87364197,885700,yfinance
2021-06-21,127.17303273,129.08007541,127.10760268,128.7902832,1017300,yfinance
2021-06-22,129.15484519,129.9961782,128.09849312,129.65029907,589600,yfinance
2021-06-23,129.97749788,130.17381656,128.72484124,129.14550781,910500,yfinance
2021-06-24,130.18315701,130.18315701,128.28547167,129.67835999,621500,yfinance
2021-06-25,130.17380362,131.08058098,129.19223887,129.79988098,785200,yfinance
2021-06-28,130.22991104,130.65993497,129.08942828,130.24861145,401300,yfinance
2021-06-29,130.9403685,131.7817016,130.0335911,130.11772156,395200,yfinance
2021-06-30,129.59423745,130.48231453,129.59423745,130.2205658,509800,yfinance
2021-07-01,131.04320079,131.73497347,130.6692781,131.07125854,430100,yfinance
2021-07-02,131.0058108,131.55735175,130.25795117,130.912323,362400,yfinance
2021-07-06,130.35142501,131.37037634,127.77131027,129.52877808,379700,yfinance
2021-07-07,128.79959693,130.98707398,128.79959693,130.89360046,516500,yfinance
2021-07-08,129.21095139,129.62227489,127.87415003,128.55657959,441000,yfinance
2021-07-09,130.39817307,130.93101357,129.08941525,129.25769043,853400,yfinance
2021-07-12,128.96790165,129.57552955,128.332216,129.11746216,506900,yfinance
2021-07-13,128.65004329,128.95853589,125.28469673,125.30338287,780200,yfinance
2021-07-14,125.77083106,127.65917377,125.28473433,127.0141449,758500,yfinance
2021-07-15,126.29434012,128.55660554,126.22889579,128.36964417,1088400,yfinance
2021-07-16,129.18289459,129.85596674,128.92114589,129.47268677,1083200,yfinance
2021-07-19,127.1356594,128.00503611,125.92974655,127.05152893,1012800,yfinance
2021-07-20,127.75266458,132.9783115,127.57504627,132.13697815,1070500,yfinance
2021-07-21,131.34234402,132.1275902,128.95854774,131.31430054,1212500,yfinance
2021-07-22,130.30467526,130.86557346,125.94840675,127.10758972,1260700,yfinance
2021-07-23,128.88376992,130.53840713,128.15461066,130.10838318,710200,yfinance
2021-07-26,129.95879455,130.99644623,128.95852942,129.05201721,1442400,yfinance
2021-07-27,128.00502863,129.58487836,126.42519317,127.7900238,676900,yfinance
2021-07-28,127.89282468,128.54719635,126.70559833,126.75234222,702900,yfinance
2021-07-29,127.7245803,128.84636249,126.4906099,126.66822815,576900,yfinance
2021-07-30,126.47191347,128.1359078,126.47191347,127.69654083,571800,yfinance
2021-08-02,128.11724127,129.53817341,126.85522701,127.0141449,747500,yfinance
2021-08-03,127.58436883,128.91181296,126.46258646,128.8276825,424600,yfinance
2021-08-04,127.81804394,128.79960863,126.61213138,126.64017487,564000,yfinance
2021-08-05,127.42542859,128.40699334,126.25690252,128.35090637,612400,yfinance
2021-08-06,129.22964237,129.99618807,128.2013337,128.57525635,487400,yfinance
2021-08-09,128.00502374,128.46309114,126.46257491,127.47218323,439600,yfinance
2021-08-10,127.33197445,129.02399817,127.2758732,127.58436584,447400,yfinance
2021-08-11,127.7432441,128.82763954,127.33193497,128.22935486,364300,yfinance
2021-08-12,128.3882883,129.01461654,127.88349133,128.16394043,346000,yfinance
2021-08-13,127.96765342,129.22966755,127.90222337,129.01464844,370300,yfinance
2021-08-16,129.08941026,131.11796983,127.93958458,130.84687805,427000,yfinance
2021-08-17,130.29536098,131.01516291,129.11747734,130.95907593,903800,yfinance
2021-08-18,130.57579193,132.98763184,130.57579193,130.83755493,822000,yfinance
2021-08-19,129.48203172,131.57603558,129.33247123,131.08058167,431800,yfinance
2021-08-20,131.16475245,131.38911466,129.45402805,129.54751587,657500,yfinance
2021-08-23,130.25795146,130.62253107,129.62228004,130.02424622,1083600,yfinance
2021-08-24,130.45425118,131.34232812,130.00554117,131.24884033,546000,yfinance
2021-08-25,131.64147754,132.59498453,130.88426068,131.94061279,395200,yfinance
2021-08-26,131.95933219,131.99671875,130.38882553,130.912323,589900,yfinance
2021-08-27,131.73498267,132.89416593,131.73498267,132.26783752,355200,yfinance
2021-08-30,132.68848561,134.47399702,131.9686695,133.75418091,658500,yfinance
2021-08-31,133.67938063,135.30597403,133.58589284,134.6048584,1046700,yfinance
2021-09-01,135.40882133,135.82013057,134.44595689,135.12837219,529800,yfinance
2021-09-02,135.6705579,138.22261489,135.44619575,138.08239746,575100,yfinance
2021-09-03,137.68046342,139.0079078,137.23175325,138.47506714,1141500,yfinance
2021-09-07,138.14783607,138.3815413,133.35220013,133.8196106,1496500,yfinance
2021-09-08,133.3802546,135.57708967,132.06216781,135.40882874,844700,yfinance
2021-09-09,135.58639572,136.12859347,133.54849333,133.94111633,1017300,yfinance
2021-09-10,137.87671216,138.66195814,134.98810532,135.13768005,1018300,yfinance
2021-09-13,136.21273381,136.21273381,132.42670703,132.99694824,857100,yfinance
2021-09-14,133.22134228,133.22134228,129.95882596,130.46362305,1120800,yfinance
2021-09-15,129.92942572,133.52841946,129.83569612,132.34750366,998100,yfinance
2021-09-16,132.71296241,133.36902643,132.01003361,132.33805847,602100,yfinance
2021-09-17,132.34748271,133.05977897,129.45140427,129.75132751,1796700,yfinance
2021-09-20,127.53943575,129.2358354,127.05206766,128.64537048,559600,yfinance
2021-09-21,129.27330951,129.27330951,126.27414893,126.81774902,569100,yfinance
2021-09-22,127.80185102,128.82343763,127.21138615,127.81121826,501400,yfinance
2021-09-23,128.46727483,130.79162206,128.46727483,129.91998291,523100,yfinance
2021-09-24,129.62949017,130.74480658,128.53292254,128.72036743,409100,yfinance
2021-09-27,128.4016808,129.49824818,128.09239036,128.29858398,539000,yfinance
2021-09-28,127.47378293,128.93588677,125.47747497,126.14290619,509200,yfinance
2021-09-29,126.53656443,127.59564851,126.20853954,126.73339081,484900,yfinance
2021-09-30,127.53942475,128.03616004,123.78110328,123.88418579,916300,yfinance
2021-10-01,124.05289379,125.05573159,121.20369492,124.1559906,1031100,yfinance
2021-10-04,123.33121525,124.69020826,121.08184848,122.08468628,1058100,yfinance
2021-10-05,121.93473202,123.90292425,121.30676966,121.55046082,952100,yfinance
2021-10-06,119.71349925,121.43802213,119.16052471,121.20371246,727200,yfinance
2021-10-07,122.30025854,124.47464445,121.65356168,123.28434753,694800,yfinance
2021-10-08,123.09690014,123.81857779,122.16904319,123.19999695,655100,yfinance
2021-10-11,122.75012126,123.69672695,120.96937392,120.99748993,510500,yfinance
2021-10-12,121.27865392,122.40335154,119.95715138,120.30393219,534000,yfinance
2021-10-13,120.62259514,121.88787287,119.83531821,120.82878876,590700,yfinance
2021-10-14,121.92540408,124.26850131,120.64139137,124.05294037,472200,yfinance
2021-10-15,125.16822408,126.04923069,124.69022321,125.68370819,519900,yfinance
2021-10-18,124.52152811,126.6584311,124.31533446,126.3678894,421800,yfinance
2021-10-19,127.32386996,127.32386996,125.29943115,126.26478577,707400,yfinance
2021-10-20,126.761536,129.00153595,126.59283989,128.26112366,625400,yfinance
2021-10-21,122.15968357,125.81492293,121.09123207,123.26563263,1246300,yfinance
2021-10-22,123.81857365,126.52719223,123.81857365,125.14008331,865500,yfinance
2021-10-25,125.15884602,125.15884602,122.5158404,122.88136292,794400,yfinance
2021-10-26,122.96569945,123.65926115,121.3442807,121.36302948,750400,yfinance
2021-10-27,121.47549194,122.90009858,119.12302112,119.39482117,788200,yfinance
2021-10-28,120.06963171,120.95063823,119.36670279,119.9196701,813700,yfinance
2021-10-29,119.46042707,121.04435538,119.30109823,120.24771118,1244500,yfinance
2021-11-01,120.74444022,122.66578205,120.39766654,121.71916199,678000,yfinance
2021-11-02,122.17840611,123.54678055,121.9722125,122.96568298,732500,yfinance
2021-11-03,122.31898964,124.03413778,120.8850159,121.26928711,1190800,yfinance
2021-11-04,122.14091442,123.67798481,122.14091442,122.85321045,455800,yfinance
2021-11-05,123.68740331,124.33410036,122.81576381,123.16255188,519100,yfinance
2021-11-08,124.11851757,125.09325385,122.9563507,123.73426056,892500,yfinance
2021-11-09,123.34997345,124.81206339,122.90010293,124.62461853,414200,yfinance
2021-11-10,123.89359714,125.59936429,123.89359714,124.3059845,483100,yfinance
2021-11-11,124.30598616,125.12137934,123.38748184,124.09979248,336200,yfinance
2021-11-12,124.88705147,127.19266487,124.68085782,126.69591522,544500,yfinance
2021-11-15,127.07077354,127.17387033,125.23378014,125.62741852,388000,yfinance
2021-11-16,125.46809491,127.97990115,125.39311412,127.14575958,461000,yfinance
2021-11-17,126.77088044,128.16737102,126.21791313,127.90494537,510400,yfinance
2021-11-18,128.35481955,128.42043311,126.09607116,126.46159363,438400,yfinance
2021-11-19,126.72405213,128.09241263,125.34631008,125.40254211,466400,yfinance
2021-11-22,125.58060409,125.90862901,124.18411343,124.25909424,393400,yfinance
2021-11-23,123.94043462,124.58711723,122.3471176,123.75297546,473500,yfinance
2021-11-24,123.02194997,124.39032481,122.13157605,123.73426056,311700,yfinance
2021-11-26,121.70980136,123.34996886,120.13523313,121.25054932,351500,yfinance
2021-11-29,122.93758826,123.54680195,120.54762692,120.60385895,550300,yfinance
2021-11-30,119.71348208,119.71348208,115.49590865,115.88017273,1415300,yfinance
2021-12-01,117.62342672,120.36952854,115.06476258,115.08351135,756400,yfinance
2021-12-02,115.76770723,120.6694682,115.76770723,120.36954498,900400,yfinance
2021-12-03,120.8850353,121.82227394,119.59164856,121.10997772,699400,yfinance
2021-12-06,122.44085133,124.77458062,121.02562618,123.34060669,854800,yfinance
2021-12-07,124.00603558,125.3462942,122.70327451,123.47181702,528200,yfinance
2021-12-08,119.53541325,124.29657996,119.53541325,124.16536713,765800,yfinance
2021-12-09,123.75297427,124.10912951,122.64703963,122.67515564,397000,yfinance
2021-12-10,123.04068155,123.8185913,121.93474687,122.83448792,392800,yfinance
2021-12-13,123.15312499,123.15312499,121.39112645,122.27213287,411700,yfinance
2021-12-14,121.66292824,123.068786,120.66945772,121.49423218,440300,yfinance
2021-12-15,121.71915377,122.33773458,120.00400568,122.17840576,665800,yfinance
2021-12-16,122.90948154,124.07166267,122.07533968,123.35935211,597300,yfinance
2021-12-17,124.08300928,124.08300928,120.02303376,120.19219971,1063100,yfinance
2021-12-20,118.48172288,118.89524115,115.58710938,116.77127075,568900,yfinance
2021-12-21,117.833264,119.25237777,117.3069732,118.75428009,428900,yfinance
2021-12-22,118.64149407,119.80686247,118.4065418,118.65089417,327200,yfinance
2021-12-23,119.00801157,120.27675946,119.00801157,119.61888885,364100,yfinance
2021-12-27,120.27677106,121.83685042,119.62830049,121.78046417,532600,yfinance
2021-12-28,121.65827832,123.34993747,121.65827832,123.17137146,284300,yfinance
2021-12-29,123.15255636,124.59987015,123.15255636,124.40250397,319700,yfinance
2021-12-30,124.90061416,125.04159411,123.46270749,123.6412735,360100,yfinance
2021-12-31,123.14317335,125.0321843,123.14317335,124.4683075,280400,yfinance
2022-01-03,124.22393844,124.33672526,120.08878485,121.57368469,608900,yfinance
2022-01-04,122.51353577,124.84425873,122.46654244,124.43074036,457000,yfinance
2022-01-05,124.75026313,125.48331307,121.44213113,121.52671051,624600,yfinance
2022-01-06,121.55490588,121.92143085,120.14519222,120.36135864,476800,yfinance
2022-01-07,120.04181419,121.05680253,118.81065945,119.00801849,838200,yfinance
2022-01-10,118.02123399,118.46294544,114.95745418,117.56072235,898100,yfinance
2022-01-11,118.0588134,120.11699031,116.78067254,119.92903137,548500,yfinance
2022-01-12,120.68087632,121.58308492,119.46852185,119.90083313,531000,yfinance
2022-01-13,120.41773519,122.10937997,118.28436469,118.52871704,449800,yfinance
2022-01-14,117.0626303,118.04943282,114.4499619,116.96865082,658300,yfinance
2022-01-18,115.83145284,117.02500705,114.76947131,116.43292999,635500,yfinance
2022-01-19,116.86525066,117.673487,115.35215756,115.53072357,577700,yfinance
2022-01-20,115.84086391,117.156598,113.32217541,113.48194122,591900,yfinance
2022-01-21,113.62292425,115.23939708,112.44816285,113.98004913,629500,yfinance
2022-01-24,112.05343614,116.57391538,111.17941344,116.11341095,1124100,yfinance
2022-01-25,113.89546522,114.59092194,111.60232876,113.41616058,688200,yfinance
2022-01-26,114.17741199,116.79948038,112.46695961,113.14362335,955700,yfinance
2022-01-27,114.37477676,115.94426358,112.15682648,113.25640869,700300,yfinance
2022-01-28,112.57032602,113.96124656,110.59672846,113.91425323,765100,yfinance
2022-01-31,113.11541582,115.4649384,112.56092476,115.34276581,649100,yfinance
2022-02-01,115.24876394,116.13218661,111.80906706,112.77706909,720600,yfinance
2022-02-02,113.06843878,114.65671857,111.91247752,112.94626617,729900,yfinance
2022-02-03,112.12861722,112.92746066,108.91447194,109.12123108,1116200,yfinance
2022-02-04,109.14941337,112.77707658,108.63251557,112.07221985,1293900,yfinance
2022-02-07,113.00262199,114.94802616,112.07221318,113.2093811,1114600,yfinance
2022-02-08,113.45375324,115.17360557,112.76768945,114.39356232,497200,yfinance
2022-02-09,116.20739506,117.84266087,115.13601328,117.64530182,970400,yfinance
2022-02-10,115.27699278,116.23559495,112.80529015,113.42556763,854800,yfinance
2022-02-11,113.59473674,114.83528456,110.87868882,111.71511841,570200,yfinance
2022-02-14,112.01583979,112.7770828,109.64751703,111.20760345,727500,yfinance
2022-02-15,106.76229741,112.89924882,106.76229741,110.0422287,1449000,yfinance
2022-02-16,109.04605421,110.2960021,106.4051928,108.30360413,1991400,yfinance
2022-02-17,107.48596653,109.80728893,106.97846877,107.69271851,956200,yfinance
2022-02-18,107.53295963,108.73591418,106.48977092,107.26041412,539700,yfinance
2022-02-22,106.89390175,108.28482259,105.73794039,106.67774963,592000,yfinance
2022-02-23,107.05365208,107.53294954,102.43918622,102.96547699,997100,yfinance
2022-02-24,100.94490942,105.19284384,100.39981836,104.97668457,1108000,yfinance
2022-02-25,105.0518468,108.40696457,104.61953553,108.17201233,754700,yfinance
2022-02-28,107.46716442,108.19082141,106.07625103,107.62693024,995100,yfinance
2022-03-01,107.11944597,108.89568463,105.38079338,107.73031616,926500,yfinance
2022-03-02,108.88628328,111.27339926,108.29420613,110.30539703,772800,yfinance
2022-03-03,111.39558221,112.08164608,110.46517312,110.62493896,1074800,yfinance
2022-03-04,109.47835921,110.85987972,109.15882756,110.23020935,1040600,yfinance
2022-03-07,110.39938545,111.45196714,107.8149102,107.8243103,853700,yfinance
2022-03-08,108.31299358,109.70391414,104.62894381,104.72292328,1080100,yfinance
2022-03-09,106.5461542,109.17761523,106.5461542,107.64572906,652700,yfinance
2022-03-10,106.27360469,107.41077273,105.08004323,106.10443878,526400,yfinance
2022-03-11,106.92208282,107.12884198,104.58196007,104.6101532,432800,yfinance
2022-03-14,105.39959026,106.79050369,103.3883994,105.21162415,629900,yfinance
2022-03-15,105.97566611,108.40928797,105.58893177,107.97538757,611500,yfinance
2022-03-16,108.73000937,111.03157522,107.67355857,109.83363342,633400,yfinance
2022-03-17,108.95640016,111.93710993,108.27724909,111.10704041,575300,yfinance
2022-03-18,111.14474728,111.66353792,109.5600642,111.43715668,936300,yfinance
2022-03-21,110.95610913,112.18235485,109.50348214,110.59767151,599300,yfinance
2022-03-22,110.77687902,111.48432672,110.26751582,110.80517578,490200,yfinance
2022-03-23,110.26752022,110.26752022,106.53219709,106.768013,501900,yfinance
2022-03-24,107.17360915,107.17360915,105.34367552,106.20204163,607600,yfinance
2022-03-25,106.23979177,106.38128276,104.88149688,105.9285202,521400,yfinance
2022-03-28,105.64551648,107.30566232,105.18331936,107.04154968,432900,yfinance
2022-03-29,108.48473716,109.15445338,106.86232279,108.52246857,704400,yfinance
2022-03-30,108.07915519,109.29596621,106.44730584,106.91893768,742800,yfinance
2022-03-31,106.54161937,106.73027641,103.53261342,103.55147552,814100,yfinance
2022-04-01,104.50416308,105.35310166,102.86288662,105.19274139,602700,yfinance
2022-04-04,104.96638308,105.38142141,103.49489401,104.98525238,389900,yfinance
2022-04-05,104.42872462,105.42858185,103.45716415,103.88162994,468000,yfinance
2022-04-06,102.3157971,102.94778194,100.42927003,100.90090179,1026600,yfinance
2022-04-07,100.08970263,102.87232742,99.98594306,102.29693604,1006900,yfinance
2022-04-08,102.17431462,102.23090814,99.99537797,100.64622498,673000,yfinance
2022-04-11,100.27835593,101.67438929,100.184031,100.47644043,570300,yfinance
2022-04-12,101.05182205,102.31579895,99.09926678,99.79728699,643600,yfinance
2022-04-13,99.7972823,102.41011906,99.7972823,102.05168152,826700,yfinance
2022-04-14,102.65539428,103.61752013,101.09900767,101.33482361,739800,yfinance
2022-04-18,100.82545774,102.05170345,100.12744461,100.5519104,343600,yfinance
2022-04-19,101.02351465,103.20245812,101.02351465,103.08926392,398100,yfinance
2022-04-20,104.13629931,106.74913622,104.13629931,106.20204163,626900,yfinance
2022-04-21,107.38114992,108.18292992,105.11732251,105.73043823,513900,yfinance
2022-04-22,107.83388493,109.71097731,106.64537088,108.0131073,1760200,yfinance
2022-04-25,107.56977739,108.23949365,105.06069286,108.2111969,1058200,yfinance
2022-04-26,107.83389845,110.29581711,105.93793653,107.74900818,1169000,yfinance
2022-04-27,107.65467135,109.97509893,106.61708283,109.43743896,1863400,yfinance
2022-04-28,110.2580902,113.5689477,108.70170369,112.43702698,1222500,yfinance
2022-04-29,111.50318808,112.14460761,107.54148389,107.75843048,891400,yfinance
2022-05-02,107.89991953,110.4655976,105.90019816,108.26779175,1064100,yfinance
2022-05-03,108.2017612,109.7581475,107.72069478,108.85261536,739600,yfinance
2022-05-04,109.2487907,111.84276561,106.2963782,111.73900604,1096100,yfinance
2022-05-05,110.61652969,111.1541897,106.46617521,107.30567932,630800,yfinance
2022-05-06,106.58879305,106.58879305,103.86276166,106.18318939,795400,yfinance
2022-05-09,105.15502627,109.03183294,104.41927464,107.39055634,923600,yfinance
2022-05-10,108.40928443,109.06956606,104.23062645,104.42871094,763800,yfinance
2022-05-11,103.88164623,106.28697195,102.22150702,102.43845367,707500,yfinance
2022-05-12,101.88191095,104.94751787,101.41027911,104.87205505,800900,yfinance
2022-05-13,105.64553446,106.57936351,104.74943682,106.38127899,627300,yfinance
2022-05-16,105.71155018,106.35296971,103.47601288,105.40970612,458600,yfinance
2022-05-17,106.73029061,107.22078457,104.91922601,107.21135712,716900,yfinance
2022-05-18,105.73984968,105.73984968,102.60821477,102.96665955,511200,yfinance
2022-05-19,102.30637193,103.76843342,101.27821803,102.63651276,560100,yfinance
2022-05-20,103.55147886,103.55147886,100.721688,102.8911972,696000,yfinance
2022-05-23,104.23062335,104.48530135,101.35366662,102.35353088,497600,yfinance
2022-05-24,101.95735259,102.57047533,99.09926521,101.88189697,622800,yfinance
2022-05-25,101.10843828,102.55163059,100.59907502,101.9668045,538700,yfinance
2022-05-26,103.11757932,105.23048782,102.97608833,104.49474335,583800,yfinance
2022-05-27,105.54175823,107.55090701,105.09842321,107.09814453,453200,yfinance
2022-05-31,105.61723563,106.37184226,104.1646087,105.31539154,1230500,yfinance
2022-06-01,106.08886674,106.2963859,104.21177404,105.49460602,513900,yfinance
2022-06-02,106.23036515,107.8810767,105.65497369,107.63582611,574700,yfinance
2022-06-03,106.37183711,107.27737653,104.69282899,105.11730194,1287000,yfinance
2022-06-06,105.64553785,106.45674523,104.8060337,105.72100067,1274700,yfinance
2022-06-07,104.82490147,107.04157712,103.96653517,106.92838287,638100,yfinance
2022-06-08,106.22091989,106.23035454,103.975955,104.19290161,624300,yfinance
2022-06-09,103.87219126,104.81545487,102.35353627,102.37239838,383000,yfinance
2022-06-10,100.72169079,102.24978049,99.56148054,101.04240417,876100,yfinance
2022-06-13,98.93889832,98.98606437,96.59017445,97.26932526,845000,yfinance
2022-06-14,97.21274229,97.99565279,94.06224539,95.52429962,819800,yfinance
2022-06-15,95.96945398,96.83130951,94.1889049,95.36331177,726200,yfinance
2022-06-16,93.65853473,93.91425527,90.64676234,91.27185059,725800,yfinance
2022-06-17,91.47073418,91.84957486,89.29240571,90.60887146,1507600,yfinance
2022-06-21,91.46126884,92.02952629,88.39267283,90.0500946,1136700,yfinance
2022-06-22,88.72413723,90.83616886,88.12746811,90.40049744,816500,yfinance
2022-06-23,90.24897462,91.94428101,89.87960696,91.68856049,655600,yfinance
2022-06-24,92.48410989,94.59613413,91.87796782,94.33094788,967300,yfinance
2022-06-27,94.90869173,95.14546623,93.80058878,93.99000549,833900,yfinance
2022-06-28,94.05630585,95.0412887,92.91979107,93.19445038,529400,yfinance
2022-06-29,93.22287472,93.63960024,91.59386469,93.18498993,538200,yfinance
2022-06-30,92.37046501,93.57328349,91.77379588,92.72089386,845600,yfinance
2022-07-01,92.89137996,94.7476913,92.08634805,94.34043884,591000,yfinance
2022-07-05,93.33652612,95.20230342,92.40836675,95.09812927,578600,yfinance
2022-07-06,95.66637753,96.08309577,93.94265934,95.37277222,538900,yfinance
2022-07-07,95.60954341,95.97891107,94.18889636,95.66637421,378700,yfinance
2022-07-08,94.85187005,95.35383085,92.73037246,93.32704163,617800,yfinance
2022-07-11,91.95375203,93.47858057,91.7548623,92.71143341,455300,yfinance
2022-07-12,92.37046793,94.02788945,90.88352434,91.78327179,774300,yfinance
2022-07-13,89.89855454,91.26237818,88.45896853,90.4099884,731300,yfinance
2022-07-14,88.86621165,90.63728038,88.66732193,90.54257202,516800,yfinance
2022-07-15,92.18104652,92.47464458,90.98770107,91.87797546,388300,yfinance
2022-07-18,92.04845175,92.25681445,90.10689807,90.58992004,654300,yfinance
2022-07-19,92.02951628,95.43906783,91.82115355,95.17388153,536000,yfinance
2022-07-20,95.44853371,96.53769784,94.71927144,96.23462677,458900,yfinance
2022-07-21,96.20622127,98.07200558,95.55272131,97.986763,692300,yfinance
2022-07-22,98.48873628,99.27482949,97.27645178,97.92047882,448800,yfinance
2022-07-25,97.74997119,98.14775056,96.85969687,97.5605545,398600,yfinance
2022-07-26,97.15332595,97.42798527,95.78002936,97.25750732,532300,yfinance
2022-07-27,97.92045747,99.19903828,96.97335952,98.67813873,743100,yfinance
2022-07-28,98.07201209,99.35059309,94.66245312,98.79180145,1093100,yfinance
2022-07-29,99.13274372,100.79963818,97.03965805,100.10825348,999900,yfinance
2022-08-01,99.14223058,101.86040476,98.35613742,99.79573059,1046800,yfinance
2022-08-02,99.36005589,99.84307068,97.29538194,97.30484772,529900,yfinance
2022-08-03,97.48480504,98.70656242,97.12491037,98.05306244,504700,yfinance
2022-08-04,97.67420763,98.61183979,97.53214872,97.77838898,592300,yfinance
2022-08-05,96.67030414,97.24803457,95.65690945,96.8123703,557900,yfinance
2022-08-08,97.39009373,98.56449328,97.01125306,97.42797852,506200,yfinance
2022-08-09,97.02072045,97.02072045,93.66799269,93.89529419,808400,yfinance
2022-08-10,95.74212305,97.01123799,95.39170145,96.48086548,791100,yfinance
2022-08-11,97.28590958,98.35612774,96.85024536,97.39009094,632300,yfinance
2022-08-12,98.44136749,100.85646303,97.47532349,100.78070068,619800,yfinance
2022-08-15,100.30716519,101.75622416,99.82414313,101.52891541,612100,yfinance
2022-08-16,100.82804085,103.51780262,100.7333325,102.72223663,673800,yfinance
2022-08-17,101.55733094,103.41364232,100.79017657,102.8264389,972800,yfinance
2022-08-18,102.85484571,103.39469131,102.69384078,103.33786774,466100,yfinance
2022-08-19,102.57071773,102.57071773,100.45868598,100.81858063,565700,yfinance
2022-08-22,99.43583066,99.43583066,97.56058041,97.68370056,316900,yfinance
2022-08-23,97.35219895,97.90151749,96.47139757,96.52822113,369600,yfinance
2022-08-24,96.215672,96.8028753,95.61900292,96.48086548,460300,yfinance
2022-08-25,96.42405165,98.00571091,96.42405165,97.85417175,528100,yfinance
2022-08-26,97.81628535,98.29930738,92.49359894,92.49359894,742000,yfinance
2022-08-29,91.79274161,92.29470242,91.15818765,91.60332489,532000,yfinance
2022-08-30,92.25682478,92.53147686,90.38156746,91.57491302,503200,yfinance
2022-08-31,92.28524414,92.62620005,89.83225623,90.06903076,979100,yfinance
2022-09-01,89.87960968,90.86459255,88.76203365,90.66570282,664400,yfinance
2022-09-02,92.43675942,92.43675942,89.40604884,89.87012482,402300,yfinance
2022-09-06,89.89853282,90.39102778,88.70519464,89.63334656,569900,yfinance
2022-09-07,89.97430373,92.83453631,89.52916655,92.81559753,706500,yfinance
2022-09-08,91.81169945,93.61118021,91.13926062,92.95768738,535600,yfinance
2022-09-09,93.36493394,94.65298796,93.36493394,94.35938263,553100,yfinance
2022-09-12,95.0696961,96.76500241,94.65297789,95.85578918,889600,yfinance
2022-09-13,92.80613466,93.09026696,90.59940172,90.81723022,756900,yfinance
2022-09-14,90.55205068,90.84564878,88.8567442,90.11638641,908400,yfinance
2022-09-15,90.06882492,91.79048876,88.43276531,88.60398102,759400,yfinance
2022-09-16,87.56717509,87.61473784,85.18918309,85.31284332,2627200,yfinance
2022-09-19,84.76113819,87.7193605,84.66601997,87.7098465,546100,yfinance
2022-09-20,86.75865444,86.93938414,84.67553124,86.65402222,1139200,yfinance
2022-09-21,87.22473033,89.54565249,86.68254852,86.68254852,1252700,yfinance
2022-09-22,86.34011427,87.07253974,85.48404312,86.20694733,1316200,yfinance
2022-09-23,85.59819288,87.78594829,85.13210851,87.54814911,1166500,yfinance
2022-09-26,87.68130859,88.31860861,85.38892115,85.78842926,895500,yfinance
2022-09-27,86.78719602,86.96792574,84.21896751,84.64700317,952300,yfinance
2022-09-28,85.65528306,87.71937858,85.01797563,87.31987762,763500,yfinance
2022-09-29,86.16890949,86.16890949,84.08579356,84.91333008,919500,yfinance
2022-09-30,85.03698792,87.03449957,83.98115898,85.30332184,837400,yfinance
2022-10-03,85.86452411,88.97494143,85.69330842,87.93813324,908500,yfinance
2022-10-04,88.95592058,91.22928758,88.95592058,91.16269684,958700,yfinance
2022-10-05,89.85955907,92.21852297,89.57419714,91.27684021,808200,yfinance
2022-10-06,91.17222414,91.68587135,89.40299727,89.80250549,532600,yfinance
2022-10-07,88.55642874,89.10812467,87.01549442,87.90961456,615600,yfinance
2022-10-10,88.5849409,88.92737227,86.5779154,87.31034088,389800,yfinance
2022-10-11,86.83475539,88.29959931,86.15940655,87.11060333,609600,yfinance
2022-10-12,86.76819125,86.96794174,85.54114625,86.08332825,730000,yfinance
2022-10-13,84.65650611,88.10934751,83.06800937,87.70033264,831600,yfinance
2022-10-14,88.31860713,89.31736651,85.26526677,85.55062866,684500,yfinance
2022-10-17,87.31986489,89.31737662,87.31986489,88.96543121,713400,yfinance
2022-10-18,91.15317612,91.91412908,89.87856884,90.53489685,897000,yfinance
2022-10-19,89.56468702,89.93565316,87.47204987,87.61473083,767700,yfinance
2022-10-20,87.36742967,87.36742967,85.21772274,85.41748047,795400,yfinance
2022-10-21,85.62673914,88.66105948,84.48530579,88.26155853,681300,yfinance
2022-10-24,89.051045,90.20199224,87.64327058,89.75492859,486900,yfinance
2022-10-25,89.79298192,93.20777505,89.79298192,92.77973938,994000,yfinance
2022-10-26,93.30289861,93.94971278,91.86659654,92.5799942,898100,yfinance
2022-10-27,99.94223969,99.94223969,95.59527094,98.41081238,1575800,yfinance
2022-10-28,98.41082077,101.52123839,96.87939333,101.00759125,860300,yfinance
2022-10-31,100.14201096,101.03613839,98.65814608,99.6568985,864300,yfinance
2022-11-01,102.0063417,102.6531558,100.57003977,101.35952759,790100,yfinance
2022-11-02,101.05512812,101.2453718,96.87937549,97.03157043,1118400,yfinance
2022-11-03,95.80454012,98.14448331,95.30040699,97.34547424,1076400,yfinance
2022-11-04,99.01957101,99.65687103,95.9567166,98.08740234,804200,yfinance
2022-11-07,98.44884818,102.11095364,97.74496472,101.84461975,775800,yfinance
2022-11-08,102.30120449,103.90872192,100.57002685,101.56877899,610100,yfinance
2022-11-09,100.75076365,101.511724,98.90544679,99.27641296,530100,yfinance
2022-11-10,103.48070549,108.65521864,102.52950865,108.41741943,1323100,yfinance
2022-11-11,108.74080996,111.27099675,107.64693227,108.02741241,993700,yfinance
2022-11-14,107.36158163,108.41741062,105.38309061,105.53527832,567600,yfinance
2022-11-15,107.32351379,108.20812692,106.09646931,107.14278412,506700,yfinance
2022-11-16,106.90499405,107.31400891,104.79333626,105.63039398,467400,yfinance
2022-11-17,104.07993023,105.38307219,102.46289891,105.36404419,591900,yfinance
2022-11-18,106.92403545,107.5993843,105.75406019,107.44718933,681600,yfinance
2022-11-21,107.18084783,107.90375938,106.54354776,107.16182709,550800,yfinance
2022-11-22,107.76107707,108.77885726,107.39011093,108.37935638,440800,yfinance
2022-11-23,108.71226467,109.36859267,108.01788793,108.42690277,300100,yfinance
2022-11-25,107.88473567,108.78837695,107.08573386,108.74081421,192400,yfinance
2022-11-28,107.87522704,108.25569994,106.16306999,106.77183533,502500,yfinance
2022-11-29,106.36280352,107.35204886,105.33550945,105.36404419,349500,yfinance
2022-11-30,104.96454853,108.12252111,103.45214934,108.10350037,896700,yfinance
2022-12-01,109.50175785,110.51002395,108.43641502,108.4934845,521200,yfinance
2022-12-02,107.13329931,109.40665922,106.95257685,108.93106079,286300,yfinance
2022-12-05,106.79084055,107.00010497,104.34626555,105.60184479,752400,yfinance
2022-12-06,105.94429957,105.94429957,102.2441445,103.84215546,423400,yfinance
2022-12-07,103.9087167,104.46992648,102.7863044,103.82311249,575800,yfinance
2022-12-08,104.6316467,106.82890895,104.41286824,105.44967651,463100,yfinance
2022-12-09,104.81237354,106.02990423,103.72800981,103.80410004,383700,yfinance
2022-12-12,103.75653975,105.40210601,102.919482,104.86943817,692100,yfinance
2022-12-13,109.14030053,109.19737727,105.84916103,106.37232208,559900,yfinance
2022-12-14,106.61014192,106.77184363,103.68045395,104.41287231,690600,yfinance
2022-12-15,102.77066331,103.009354,100.50787294,100.92797089,760100,yfinance
2022-12-16,99.77272217,100.63201023,98.51243544,99.1616745,1163600,yfinance
2022-12-19,98.65563483,101.5294654,98.65563483,99.83953857,835400,yfinance
2022-12-20,99.42900081,100.85159539,99.26669288,99.75362396,530000,yfinance
2022-12-21,100.49834194,102.03551075,100.17371878,101.92093658,504800,yfinance
2022-12-22,100.40286687,100.59381653,98.62700735,100.42195892,426100,yfinance
2022-12-23,100.1450661,100.80385474,99.56266022,100.2787323,390500,yfinance
2022-12-27,100.18327935,101.29080061,99.52449056,101.18578339,443000,yfinance
2022-12-28,101.53902025,101.96866787,99.41944571,99.60085297,269200,yfinance
2022-12-29,100.33602442,101.99731703,99.69633506,101.91138458,302700,yfinance
2022-12-30,100.9088851,101.21440891,99.76316534,100.49833679,292300,yfinance
2023-01-03,102.87568294,103.66813775,101.71087126,102.82794189,656400,yfinance
2023-01-04,103.94501366,104.34601223,102.55106104,104.29827118,532000,yfinance
2023-01-05,103.84953375,104.53696404,101.97819976,102.87567902,712400,yfinance
2023-01-06,104.03095358,107.21031545,103.76362116,106.37966919,528300,yfinance
2023-01-09,107.29624764,108.78568266,105.98822718,107.19122314,632700,yfinance
2023-01-10,106.45606108,107.44901535,106.1696293,106.97163391,557900,yfinance
2023-01-11,107.54448785,109.23442219,107.13393953,108.94799042,556000,yfinance
2023-01-12,109.1580426,109.1580426,107.75454,108.37513733,488100,yfinance
2023-01-13,107.85000975,109.19622885,106.60882243,108.61382294,559300,yfinance
2023-01-17,108.69020265,108.88115959,107.3726325,107.68770599,485600,yfinance
2023-01-18,108.01231669,108.89070404,105.51084273,105.94048309,760000,yfinance
2023-01-19,105.39626731,105.39626731,103.18121785,103.36262512,573800,yfinance
2023-01-20,103.81138092,106.44652147,103.68725707,106.26512146,674300,yfinance
2023-01-23,106.67567069,107.620884,106.14099847,107.01937866,482200,yfinance
2023-01-24,106.58017442,108.59472462,105.80681885,108.26055908,382800,yfinance
2023-01-25,107.03845491,108.30829114,106.82840593,108.2223587,296100,yfinance
2023-01-26,108.84295654,109.64495378,107.85000238,108.12688446,396600,yfinance
2023-01-27,107.62085538,109.66404703,107.62085538,109.1102829,531700,yfinance
2023-01-30,108.24146755,110.05551115,107.97412783,109.2726059,554400,yfinance
2023-01-31,109.90274494,112.26101019,108.97662387,112.23236847,691200,yfinance
2023-02-01,111.25850139,115.17302718,110.56152866,114.61927032,634800,yfinance
2023-02-02,115.74591003,117.87502722,115.01073851,116.23283386,988300,yfinance
2023-02-03,114.963004,117.73181057,114.8961636,117.3690033,673500,yfinance
2023-02-06,116.45242887,117.62678312,115.22078389,115.40219116,475900,yfinance
2023-02-07,114.29465598,115.18258569,111.86955755,114.81977844,507200,yfinance
2023-02-08,114.22782113,115.68860705,113.87455627,114.7147522,470000,yfinance
2023-02-09,115.79365459,115.88912943,112.77660732,113.21579742,687500,yfinance
2023-02-10,113.24442648,114.00823971,112.40423777,112.73840332,462800,yfinance
2023-02-13,113.13939388,114.70520432,112.69065419,114.49515533,671900,yfinance
2023-02-14,113.64542652,114.97254636,112.90071262,114.43788147,375000,yfinance
2023-02-15,113.46400009,116.27100487,113.19666769,116.08005524,437300,yfinance
2023-02-16,113.84592167,114.63837659,112.83387536,113.3780899,656600,yfinance
2023-02-17,113.12985404,113.51176066,111.19168652,113.23487854,839000,yfinance
2023-02-21,112.05095725,112.70974588,108.47059692,109.80726624,1217800,yfinance
2023-02-22,112.73838859,112.73838859,106.99071269,108.02185822,1645000,yfinance
2023-02-23,109.75954751,110.78114357,107.21988186,108.63292694,1453400,yfinance
2023-02-24,107.17213663,108.66156444,106.33194789,107.89775848,1048900,yfinance
2023-02-27,108.98618526,109.65451637,106.96208531,107.88820648,1025300,yfinance
2023-02-28,107.74499435,108.30830826,107.12439699,107.61132812,1292800,yfinance
2023-03-01,107.02890871,107.88819669,106.75202663,107.32489014,841600,yfinance
2023-03-02,106.63746675,107.53493889,106.36058465,107.42037201,924700,yfinance
2023-03-03,108.11734463,109.67361275,107.17213143,109.56858826,659100,yfinance
2023-03-06,109.63541611,110.54243787,109.11029364,109.25350952,691400,yfinance
2023-03-07,109.41582661,109.90275773,107.96459021,108.25101471,675000,yfinance
2023-03-08,108.54698437,109.43491406,107.66859706,109.17712402,650600,yfinance
2023-03-09,109.53994966,110.16053971,106.18872987,106.45606232,898700,yfinance
2023-03-10,106.59926569,106.59926569,102.36011662,102.62744904,883100,yfinance
2023-03-13,101.42447413,102.6370199,100.41242042,101.18578339,874000,yfinance
2023-03-14,103.06507467,104.34991616,101.78983088,103.18972778,938200,yfinance
2023-03-15,101.0323451,101.16658128,97.72436328,99.56532288,1065900,yfinance
2023-03-16,98.9516843,102.02954845,97.8777947,101.80901337,1128300,yfinance
2023-03-17,101.6364177,101.69394541,98.86538765,99.06674194,1994100,yfinance
2023-03-20,99.71873643,101.70352252,99.35438214,101.45422363,938600,yfinance
2023-03-21,102.91165726,103.09383075,101.62681587,102.5185318,873100,yfinance
2023-03-22,102.20211599,102.51853297,99.3831489,99.58450317,730300,yfinance
2023-03-23,99.77627331,101.00357978,97.07236147,98.05995941,957300,yfinance
2023-03-24,97.06277989,97.38877997,95.47111176,96.45870972,877500,yfinance
2023-03-27,97.78189991,98.36678196,96.88059356,98.18460846,851100,yfinance
2023-03-28,98.52019273,100.16938837,98.17501191,99.92967987,987900,yfinance
2023-03-29,101.06111908,101.26247337,100.07352109,101.06111908,625500,yfinance
2023-03-30,101.90487927,101.90487927,100.41869092,100.71592712,460000,yfinance
2023-03-31,101.43507349,102.45143543,101.0035937,102.33638,726500,yfinance
2023-04-03,101.81858468,102.34593899,100.42827099,101.69393158,859900,yfinance
2023-04-04,101.61723968,101.61723968,94.99169263,95.85464478,1311700,yfinance
2023-04-05,95.16428582,95.74917522,93.97533357,95.10675812,1318900,yfinance
2023-04-06,94.93416045,95.6436956,94.01368065,95.53822327,836800,yfinance
2023-04-10,94.65609628,96.29570159,94.65609628,96.24775696,526000,yfinance
2023-04-11,96.89977159,98.07914074,96.22859064,97.15866089,643600,yfinance
2023-04-12,97.79149571,98.4722671,97.1970232,97.36961365,548000,yfinance
2023-04-13,97.44631054,98.4530893,95.87382314,97.93531799,661400,yfinance
2023-04-14,97.95449427,99.68039125,97.46548684,98.51061249,1008900,yfinance
2023-04-17,98.89415318,100.40911289,98.53938192,100.13105011,1016900,yfinance
2023-04-18,100.91730538,101.90490349,99.22975504,100.01599884,765300,yfinance
2023-04-19,99.52698022,100.24610578,99.14344512,99.89133453,527000,yfinance
2023-04-20,99.33521636,100.36116861,98.93250777,99.90093231,765400,yfinance
2023-04-21,100.14063425,100.15021732,98.5202023,98.75032043,672300,yfinance
2023-04-24,99.11469249,99.4406926,98.04079557,98.89415741,861300,yfinance
2023-04-25,99.0187887,99.83380349,97.7243642,97.75312805,1365800,yfinance
2023-04-26,104.4170461,105.98953361,102.65278737,103.06508636,2946600,yfinance
2023-04-27,105.98952585,107.4565409,104.18692031,106.85247803,1409300,yfinance
2023-04-28,106.71824291,107.29354193,104.58962994,105.93199921,1233000,yfinance
2023-05-01,106.06624396,106.93877929,105.0594651,106.12377167,973400,yfinance
2023-05-02,106.40181611,106.4689342,104.37867567,105.09780121,597500,yfinance
2023-05-03,105.86488518,106.66071198,104.27321693,104.47457123,644800,yfinance
2023-05-04,104.24444008,104.94438485,102.56648048,102.62400818,527700,yfinance
2023-05-05,103.63078253,104.19649109,102.72947621,103.6403656,813800,yfinance
2023-05-08,103.91843643,104.45538849,102.89248424,103.18972778,381800,yfinance
2023-05-09,102.76783835,103.812964,102.24047667,103.41025543,668200,yfinance
2023-05-10,104.21568765,104.73345898,102.65278328,103.85132599,605700,yfinance
2023-05-11,102.96918988,104.54167716,102.28841857,104.38826752,658600,yfinance
2023-05-12,104.98274485,105.31833532,102.93084043,104.2444458,601400,yfinance
2023-05-15,103.86091173,104.9156278,103.26643194,104.87727356,327400,yfinance
2023-05-16,103.985553,104.43620618,102.06788484,102.11582947,512500,yfinance
2023-05-17,102.55688516,104.69508823,102.55688516,104.56085205,497900,yfinance
2023-05-18,104.26362199,106.31552645,103.97597613,105.94158173,575900,yfinance
2023-05-19,107.11135395,107.11135395,104.57044218,104.80056763,572200,yfinance
2023-05-22,104.77181178,105.74982678,104.03351265,105.24164581,403600,yfinance
2023-05-23,104.19649885,105.16492333,103.14178282,103.41984558,452800,yfinance
2023-05-24,103.40066315,103.40066315,101.482995,101.90488434,490800,yfinance
2023-05-25,102.18294274,102.38429701,100.13103849,100.9172821,598200,yfinance
2023-05-26,100.96524209,102.86372967,100.9556517,102.69113922,727100,yfinance
2023-05-30,102.9787932,103.33355717,101.98160477,102.67196655,478400,yfinance
2023-05-31,102.30759769,102.86372323,99.61327615,100.42828369,1533000,yfinance
2023-06-01,100.12145659,101.03235338,99.28727559,100.44746399,668100,yfinance
2023-06-02,101.60766389,105.0786391,100.89812861,104.77181244,765300,yfinance
2023-06-05,104.76221,105.04027275,103.15136851,104.00473022,573000,yfinance
2023-06-06,104.37869512,106.16212738,104.37869512,105.63476562,663800,yfinance
2023-06-07,105.61557319,109.07696473,105.52927432,108.42495728,708100,yfinance
2023-06-08,107.93594907,109.00984584,107.49488628,108.44412994,636600,yfinance
2023-06-09,108.60712959,109.03860931,107.56200399,108.01265717,407400,yfinance
2023-06-12,108.38660665,110.48645565,107.82089073,109.8727951,808600,yfinance
2023-06-13,109.87279006,113.18077192,109.87279006,112.92188263,928200,yfinance
2023-06-14,113.43202406,114.24053786,111.95938205,112.39250946,1023900,yfinance
2023-06-15,112.22887397,114.84690723,111.69949689,114.4811554,857300,yfinance
2023-06-16,115.38591169,115.4629144,113.13363761,113.99027252,2882000,yfinance
2023-06-20,112.85451691,114.54853986,112.80638838,113.7881546,800400,yfinance
2023-06-21,113.16251559,115.48217263,112.97001616,114.94316101,729100,yfinance
2023-06-22,114.96242827,115.48218559,111.82463729,112.02676392,898700,yfinance
2023-06-23,111.2759895,112.19037277,110.38085323,111.17011261,1110500,yfinance
2023-06-26,111.48774924,113.1625178,111.24712128,112.7775116,613400,yfinance
2023-06-27,113.20102546,114.84691994,112.86414777,114.52928925,481200,yfinance
2023-06-28,114.16354278,114.6062974,112.70052051,113.73041534,514700,yfinance
2023-06-29,113.57640502,115.14529679,113.57640502,115.0971756,544900,yfinance
2023-06-30,115.50142102,116.30992745,115.03941211,115.52066803,738200,yfinance
2023-07-03,114.65441083,115.45329006,113.03739067,114.29827881,483200,yfinance
2023-07-05,113.10477575,113.3742779,111.68988207,112.20001221,666200,yfinance
2023-07-06,110.79474043,111.3433719,110.05360219,111.09311676,743400,yfinance
2023-07-07,111.01611939,113.44165349,110.92949684,112.41176605,493600,yfinance
2023-07-10,112.44062615,114.4715266,112.44062615,114.11539459,512000,yfinance
2023-07-11,114.76030406,117.10882824,114.38491764,116.84895325,832500,yfinance
2023-07-12,118.36970808,118.57183468,117.04143705,117.76332092,689500,yfinance
2023-07-13,117.54195392,118.31195902,116.84894419,118.17720795,482300,yfinance
2023-07-14,118.05207985,118.42745888,117.23394625,118.13870239,386900,yfinance
2023-07-17,117.9077077,119.90973422,117.30132785,119.53435516,632200,yfinance
2023-07-18,119.27448197,121.32463717,119.12048387,120.89150238,789900,yfinance
2023-07-19,120.3332266,121.62299628,120.32360677,121.083992,935300,yfinance
2023-07-20,121.62298772,121.62298772,119.40920772,119.9482193,871100,yfinance
2023-07-21,120.25623635,120.96849308,119.91935132,120.49686432,752900,yfinance
2023-07-24,120.75675298,121.75776633,120.32362552,121.61338806,793200,yfinance
2023-07-25,120.86261344,123.5480224,120.67973384,122.30638123,1216500,yfinance
2023-07-26,115.92492787,118.80283621,111.21824558,112.9026413,2476200,yfinance
2023-07-27,113.75928846,115.71318652,110.63112465,111.17975616,1389300,yfinance
2023-07-28,112.58501409,112.6620168,110.10173172,110.67923737,986100,yfinance
2023-07-31,113.96141044,114.3367895,111.92088257,112.47914124,1076000,yfinance
2023-08-01,111.86313441,112.73901642,111.08350212,111.77650452,761000,yfinance
2023-08-02,111.06425948,111.45889293,109.76486975,110.18837738,615700,yfinance
2023-08-03,108.91785088,109.1199775,107.16607216,107.40670013,1171000,yfinance
2023-08-04,108.60983541,109.13921987,107.35857439,107.71470642,626600,yfinance
2023-08-07,107.83983683,109.01410255,107.65695722,108.9756012,602000,yfinance
2023-08-08,107.59919934,107.87832866,106.40568672,107.61844635,710800,yfinance
2023-08-09,107.1756975,107.78208469,106.2998155,106.75219727,762400,yfinance
2023-08-10,106.93506209,107.57994325,105.80892502,107.10831451,772000,yfinance
2023-08-11,106.85806545,108.84084492,106.84844562,107.23345184,700900,yfinance
2023-08-14,107.38744535,108.21520611,106.54043757,108.10932922,698300,yfinance
2023-08-15,107.23344805,107.78207951,104.66353585,105.15441895,906000,yfinance
2023-08-16,105.45280136,106.51157032,103.64328163,103.72990417,739100,yfinance
2023-08-17,103.61440833,104.55766588,101.54500626,101.90113831,870700,yfinance
2023-08-18,101.58350745,103.82616195,101.16962704,103.59515381,907000,yfinance
2023-08-21,103.56628294,104.03791174,102.11288786,103.41228485,784700,yfinance
2023-08-22,103.71065941,104.37479498,103.43153007,103.74916077,671400,yfinance
2023-08-23,104.30741944,107.0313226,104.30741944,106.29019165,943500,yfinance
2023-08-24,105.55867303,106.72331149,104.28815768,104.31703186,712600,yfinance
2023-08-25,105.23142951,106.05919034,104.26891759,105.7223053,769400,yfinance
2023-08-28,106.32867908,107.42594194,106.07842396,106.65592957,575100,yfinance
2023-08-29,106.56931188,108.92746295,106.56931188,108.53283691,716600,yfinance
2023-08-30,108.53283724,110.45786092,108.53283724,109.31246948,776100,yfinance
2023-08-31,109.75521843,110.79473293,109.11996447,109.54346466,1014100,yfinance
2023-09-01,110.28462454,111.34338625,110.10174492,110.44824982,528000,yfinance
2023-09-05,110.21723166,110.64073187,106.91581579,106.97356415,681400,yfinance
2023-09-06,105.16404121,107.30081858,103.77802187,104.40365601,1301100,yfinance
2023-09-07,104.12452655,104.54803409,103.23901746,103.98014832,893600,yfinance
2023-09-08,104.24966538,104.81755124,103.37378334,104.04753876,614500,yfinance
2023-09-11,104.86566713,104.86566713,103.73952998,104.21115875,628500,yfinance
2023-09-12,103.1812746,104.17266805,102.6326431,102.75777435,586700,yfinance
2023-09-13,102.49788904,103.32564985,101.16962527,101.60275269,465600,yfinance
2023-09-14,102.44976961,102.97914676,101.50650472,102.32463837,343000,yfinance
2023-09-15,101.59968637,102.96259336,101.27103737,102.15065002,1423500,yfinance
2023-09-18,102.20865401,102.64363002,101.13572351,101.6673584,545500,yfinance
2023-09-19,101.42570018,102.38263553,100.78773836,102.30530548,685300,yfinance
2023-09-20,103.1172486,103.77453919,100.69107206,100.7684021,648200,yfinance
2023-09-21,100.19811002,101.24203606,99.40548816,100.38175964,736200,yfinance
2023-09-22,100.60407925,101.34836059,99.90812366,100.35276031,513200,yfinance
2023-09-25,99.65680581,101.010052,99.65680581,100.51708221,414700,yfinance
2023-09-26,99.65681353,100.26577842,98.52588928,98.68054199,545400,yfinance
2023-09-27,99.64713663,100.55574615,99.15417423,99.84046173,571200,yfinance
2023-09-28,99.47314795,101.7349961,99.41514674,100.77806091,548700,yfinance
2023-09-29,101.64801563,101.78333951,100.43976139,100.72006989,653200,yfinance
2023-10-02,100.5267462,101.09703862,99.09617002,99.68579865,674800,yfinance
2023-10-03,99.23151597,100.59442303,98.54522101,99.34750366,606900,yfinance
2023-10-04,99.68581088,100.81674252,99.05752454,100.6427536,615500,yfinance
2023-10-05,100.4784178,100.60408096,98.67087421,99.3184967,611100,yfinance
2023-10-06,98.58388156,100.91339937,98.0329179,100.22711182,680700,yfinance
2023-10-09,99.31850048,101.45469313,98.75786873,100.96172333,371400,yfinance
2023-10-10,101.49336517,103.01093233,101.03906035,101.94766998,471700,yfinance
2023-10-11,102.01532946,102.81761209,101.68668045,102.43096924,330400,yfinance
2023-10-12,102.41162511,102.42129321,99.68580388,100.46875763,467700,yfinance
2023-10-13,100.45909273,101.55135193,98.8448668,100.02412415,546300,yfinance
2023-10-16,101.30969873,102.12164941,100.2947696,101.74467468,470500,yfinance
2023-10-17,101.15504983,103.18491555,100.43976537,102.06365204,443300,yfinance
2023-10-18,100.60409419,100.60409419,96.54435506,96.72801208,691500,yfinance
2023-10-19,95.83873248,97.50129158,94.75613397,95.26843262,566100,yfinance
2023-10-20,95.26844299,95.4037669,93.17091507,93.76054382,1194900,yfinance
2023-10-23,93.31589915,94.62081235,93.31589915,93.63488007,694000,yfinance
2023-10-24,94.49515314,95.49075349,93.54787854,93.86685944,588500,yfinance
2023-10-25,93.33521959,94.69813388,92.73593021,93.29655457,1030300,yfinance
2023-10-26,94.27283743,94.96879313,93.48989097,94.00218964,812400,yfinance
2023-10-27,93.87652565,95.15244186,93.66387172,94.17617035,748000,yfinance
2023-10-30,94.94945338,95.46175199,93.24822936,94.44681549,1148800,yfinance
2023-10-31,98.71919505,101.48368116,92.7649224,95.07510376,2026900,yfinance
2023-11-01,95.2974208,96.9019859,93.85718387,95.61640167,1169700,yfinance
2023-11-02,97.02763583,97.82025023,94.93010845,95.81938171,776300,yfinance
2023-11-03,97.47227668,98.91252096,96.94064927,98.48721313,686900,yfinance
2023-11-06,98.49689375,98.93186236,98.05225705,98.33257294,813900,yfinance
2023-11-07,97.78159593,98.49688033,96.87298645,98.02324677,461400,yfinance
2023-11-08,98.48722781,99.3088393,98.12958187,98.66121674,813800,yfinance
2023-11-09,99.0188494,99.42482103,97.73326517,97.75259399,669900,yfinance
2023-11-10,98.64187909,100.20777186,98.05225043,100.03378296,599700,yfinance
2023-11-13,99.31849783,99.95645961,98.73853728,99.7824707,666500,yfinance
2023-11-14,101.77367785,102.75961012,100.7974063,102.39230347,1016200,yfinance
2023-11-15,102.82726622,103.79386962,102.12164988,103.10758209,661700,yfinance
2023-11-16,103.04959052,103.76487498,102.22797909,102.41162872,428100,yfinance
2023-11-17,103.38789985,103.38789985,101.98632785,102.79827118,411900,yfinance
2023-11-20,102.720932,102.91425709,101.12604242,102.20863342,441800,yfinance
2023-11-21,101.99598556,102.0926518,100.38175968,100.68141174,712100,yfinance
2023-11-22,101.17436218,101.8413208,100.75872248,101.17436218,439000,yfinance
2023-11-24,101.40635716,101.68666563,100.90371931,101.53201294,196400,yfinance
2023-11-27,100.98106575,101.14538657,100.09179232,100.67175293,636700,yfinance
2023-11-28,100.43976776,101.5416951,99.7438121,100.6427536,604500,yfinance
2023-11-29,101.60933656,102.69192748,101.01003989,101.09703064,476600,yfinance
2023-11-30,101.31936822,102.79827024,100.11111397,102.54695129,1287900,yfinance
2023-12-01,102.78859587,105.15677849,101.80266371,105.06011963,689300,yfinance
2023-12-04,103.03992333,104.83780628,102.4019689,103.47489929,661000,yfinance
2023-12-05,102.54695058,103.2429062,101.72533917,101.99598694,509600,yfinance
2023-12-06,102.62427933,102.98192523,101.37736008,101.61901093,969600,yfinance
2023-12-07,101.81233527,102.23763574,100.76840186,101.58034515,729900,yfinance
2023-12-08,103.42656967,108.60756478,103.09792803,106.65502167,2081100,yfinance
2023-12-11,106.37470316,106.95466371,105.36943478,106.11371613,756100,yfinance
2023-12-12,105.45643073,106.62601998,104.57682546,106.08472443,699100,yfinance
2023-12-13,105.67875304,108.07592537,104.31583868,107.53462982,870200,yfinance
2023-12-14,108.6172358,114.96782037,108.51090883,114.61984253,1939900,yfinance
2023-12-15,114.35784739,115.10496395,113.39726683,114.02794647,1580900,yfinance
2023-12-18,114.78479633,114.78479633,113.45550232,114.44519043,744200,yfinance
2023-12-19,115.31843919,116.01704599,114.80418902,115.96852875,873000,yfinance
2023-12-20,115.73565202,118.95699955,115.62892002,116.95821381,1634200,yfinance
2023-12-21,117.78295509,119.53916946,117.59859848,119.35482025,1212600,yfinance
2023-12-22,120.4027353,122.38211879,119.78175311,122.37242126,1683600,yfinance
2023-12-26,122.53737432,123.827856,121.73203546,123.6920166,778400,yfinance
2023-12-27,123.73080925,124.61376525,122.84785326,123.79872894,1011100,yfinance
2023-12-28,123.42031711,123.75021804,122.68290544,123.09042358,714100,yfinance
2023-12-29,122.39180848,123.39120132,121.74171899,122.92546844,672700,yfinance
2024-01-02,122.17834308,122.72170797,119.81085159,120.55796814,1003700,yfinance
2024-01-03,119.38394996,119.38394996,117.07467272,117.89941406,825800,yfinance
2024-01-04,117.94790845,119.27720232,117.49187306,118.6368103,751000,yfinance
2024-01-05,118.64651008,119.63620544,118.30691164,119.13165283,660100,yfinance
2024-01-08,119.38392928,120.40272462,119.01522346,120.05342865,697500,yfinance
2024-01-09,119.00552091,120.3930295,119.00552091,120.36392212,519000,yfinance
2024-01-10,119.77204155,120.67440734,118.25839117,118.47185516,868400,yfinance
2024-01-11,118.22929549,118.5494915,116.26932189,117.08435822,863000,yfinance
2024-01-12,118.36512472,118.36512472,115.62891994,116.22079468,550900,yfinance
2024-01-16,115.28932882,115.90060606,113.68835618,115.86180115,900400,yfinance
2024-01-17,114.99823734,116.07525487,114.43547736,115.19229889,922200,yfinance
2024-01-18,115.71624713,117.65681807,115.71624713,117.56948853,599700,yfinance
2024-01-19,117.65683059,118.86968756,116.59921547,118.55919647,673700,yfinance
2024-01-22,119.50037558,121.68351813,119.3354214,121.66410828,795000,yfinance
2024-01-23,121.7417221,122.3918116,119.10254437,120.63559723,521400,yfinance
2024-01-24,121.70291258,121.70291258,118.85997572,119.27719879,487400,yfinance
2024-01-25,121.08194644,122.07163454,119.89819677,122.02312469,577400,yfinance
2024-01-26,121.98430241,122.49855257,121.01401684,121.15956116,510900,yfinance
2024-01-29,120.95579837,123.11953097,120.41243343,123.09042358,638200,yfinance
2024-01-30,122.27538396,123.54646309,121.89697318,122.44033813,479700,yfinance
2024-01-31,122.02310814,122.64409028,120.03401988,120.20867157,619400,yfinance
2024-02-01,121.23717513,123.48823728,120.32511175,123.44943237,774300,yfinance
2024-02-02,122.54706554,124.60406613,121.36331601,123.83753967,585300,yfinance
2024-02-05,122.45004534,122.98370541,120.20868788,122.02312469,598100,yfinance
2024-02-06,121.33421946,122.6926134,121.33421946,122.28509521,338800,yfinance
2024-02-07,123.15834012,123.7987247,122.32389399,123.16804504,548700,yfinance
2024-02-08,124.93395824,126.70958251,124.03159981,126.64167023,755700,yfinance
2024-02-09,126.32147936,128.99946217,126.32147936,127.9903717,780400,yfinance
2024-02-12,127.75750738,129.95034757,127.67988275,129.60105896,766100,yfinance
2024-02-13,125.16683106,126.78720609,124.41000955,125.73929596,840700,yfinance
2024-02-14,127.17534151,127.40820058,125.20564811,127.28205872,694500,yfinance
2024-02-15,128.10680577,129.68837602,127.4955211,129.34877014,680700,yfinance
2024-02-16,128.64046348,130.88182079,128.02917883,128.48521423,1005600,yfinance
2024-02-20,124.3808948,132.84178515,124.24505543,128.13589478,1527700,yfinance
2024-02-21,127.68957945,128.59193787,124.92425981,127.21413422,1072700,yfinance
2024-02-22,128.53372812,129.35847676,123.48823881,125.80722809,1321600,yfinance
2024-02-23,123.95399404,126.00129739,123.72112755,125.25417328,931600,yfinance
2024-02-26,124.9436682,125.76840199,124.41000821,124.67198944,877500,yfinance
2024-02-27,127.78661893,127.78661893,124.86606441,125.44822693,950000,yfinance
2024-02-28,125.05039812,125.96246884,124.15772984,124.35179138,819900,yfinance
2024-02-29,124.77873104,125.74901662,123.99279469,124.07041931,1731600,yfinance
2024-03-01,123.75992547,124.19655101,122.72172022,123.0322113,1435600,yfinance
2024-03-04,122.67319908,126.0303861,122.042512,124.9630661,1176300,yfinance
2024-03-05,124.41001607,125.58405331,122.80904341,123.74051666,764800,yfinance
2024-03-06,124.46822612,125.53554613,123.3912086,124.59436798,588800,yfinance
2024-03-07,125.51611823,128.02915383,125.2056198,127.9806366,1376200,yfinance
2024-03-08,128.58226653,130.5034281,126.76782219,126.96189117,803000,yfinance
2024-03-11,126.60285219,127.48581558,125.5064396,127.14620972,720500,yfinance
2024-03-12,127.38879082,129.63016301,126.49612984,129.12561035,806400,yfinance
2024-03-13,129.07707522,130.40636158,128.35905864,128.81509399,959200,yfinance
2024-03-14,128.92222223,129.21436711,125.2899287,126.65325165,920400,yfinance
2024-03-15,125.62103424,128.152937,125.62103424,126.97462463,1538700,yfinance
2024-03-18,128.00684616,128.42559064,127.09146579,127.89972687,505400,yfinance
2024-03-19,127.86078507,129.79865032,127.86078507,129.52598572,540900,yfinance
2024-03-20,129.74995297,131.8046848,129.21435655,131.73651123,610400,yfinance
2024-03-21,132.26239266,132.50584426,131.2593584,131.7462616,670400,yfinance
2024-03-22,131.92154759,131.92154759,130.22711919,130.60690308,352600,yfinance
2024-03-25,130.24661324,130.73351647,129.05856818,129.42861938,355400,yfinance
2024-03-26,129.70127081,130.43162557,129.57467122,129.84733582,431300,yfinance
2024-03-27,130.63611628,131.46385762,129.96420238,130.72377014,511900,yfinance
2024-03-28,131.29829425,131.51253281,130.33422075,131.18144226,341200,yfinance
2024-04-01,130.88930117,130.88930117,128.71770254,128.85404968,300300,yfinance
2024-04-02,128.70801093,128.70801093,126.69223908,128.13346863,423200,yfinance
2024-04-03,127.89972422,129.18515575,127.70496592,128.03605652,482500,yfinance
2024-04-04,128.90273382,130.41213654,127.05250782,127.58810425,372800,yfinance
2024-04-05,128.06529686,129.29230265,127.03306428,128.84434509,351900,yfinance
2024-04-08,129.5649542,130.01289685,129.03909038,129.37992859,471400,yfinance
2024-04-09,129.93498992,130.82115738,128.01660485,130.37321472,336700,yfinance
2024-04-10,127.59783802,128.29897975,125.65995814,125.747612,547500,yfinance
2024-04-11,125.76709721,126.42929332,124.65695845,126.35138702,471500,yfinance
2024-04-12,125.23151203,126.50719606,123.44943706,124.08241272,600000,yfinance
2024-04-15,125.47495633,125.94237923,122.51457666,123.6149826,471000,yfinance
2024-04-16,123.03068797,123.74156986,121.7647442,123.06964111,520000,yfinance
2024-04-17,124.2674343,124.30638745,122.31008137,122.48536682,576900,yfinance
2024-04-18,122.6996034,123.50786447,121.34601313,121.56998444,421300,yfinance
2024-04-19,121.76475255,122.74829909,121.3460155,121.93029785,328300,yfinance
2024-04-22,122.53406033,123.48838644,121.63816023,122.13479614,704900,yfinance
2024-04-23,122.40746486,124.24795842,122.40746486,123.64420319,612300,yfinance
2024-04-24,123.28389751,124.29665713,121.81344766,123.2254715,871200,yfinance
2024-04-25,123.22545988,124.42323757,119.933997,121.59920502,932000,yfinance
2024-04-26,121.803704,122.68013123,120.19692199,120.60591888,975500,yfinance
2024-04-29,120.70330498,122.03742248,120.70330498,121.54077911,705700,yfinance
2024-04-30,121.11230123,121.47260483,118.06428253,118.37590027,665200,yfinance
2024-05-01,118.67777281,120.43061964,117.13915712,117.88898468,691400,yfinance
2024-05-02,118.8141122,119.38865437,116.87623226,119.05756378,503100,yfinance
2024-05-03,120.91753465,122.0471536,119.3983991,119.66132355,603800,yfinance
2024-05-06,120.60592829,121.71606706,119.80740729,121.60894775,374200,yfinance
2024-05-07,122.02766996,122.64117271,120.89805847,121.11229706,612400,yfinance
2024-05-08,120.75200128,121.39471711,120.29431105,120.87859344,591600,yfinance
2024-05-09,121.23888329,122.60221358,120.683814,122.37823486,670400,yfinance
2024-05-10,122.7385584,123.53707935,122.04715676,122.68986511,590000,yfinance
2024-05-13,123.27414511,123.65393643,122.17374659,122.41719818,591600,yfinance
2024-05-14,123.42995914,124.26743323,122.9041028,124.00450134,490600,yfinance
2024-05-15,124.95884207,125.60154299,124.52062474,124.58879089,420400,yfinance
2024-05-16,124.20901633,124.71539985,122.02768452,122.10559082,533000,yfinance
2024-05-17,122.69961407,122.94306568,120.77147401,121.17073822,507600,yfinance
2024-05-20,121.35575948,121.35575948,119.8366164,120.01190186,731700,yfinance
2024-05-21,119.77817766,120.89805642,118.50249375,120.31377411,628300,yfinance
2024-05-22,119.99243171,120.40142863,119.03809812,119.84635925,519900,yfinance
2024-05-23,120.177448,120.21639372,117.24628874,118.37590027,503500,yfinance
2024-05-24,119.05757363,120.36247065,118.57067043,119.38866425,407800,yfinance
2024-05-28,119.21337509,119.65159241,116.66200713,117.26576233,536900,yfinance
2024-05-29,116.16536194,116.65226512,115.40579416,116.26274109,397900,yfinance
2024-05-30,116.76913397,118.04481803,116.72044068,117.29498291,632200,yfinance
2024-05-31,117.37287827,118.8043748,116.63278336,118.62908936,1117000,yfinance
2024-06-03,119.30101118,119.30101118,115.64923758,117.34365845,545500,yfinance
2024-06-04,114.36382019,115.98033487,112.93232367,114.55857849,719900,yfinance
2024-06-05,114.69492315,115.42527799,114.18854706,115.16235352,517800,yfinance
2024-06-06,115.06496195,115.90242858,113.3218477,114.44171906,507800,yfinance
2024-06-07,113.43869509,114.46119469,112.47462892,113.86717224,372600,yfinance
2024-06-10,113.56529933,114.96757543,113.33158046,114.4125061,533700,yfinance
2024-06-11,114.08142323,114.78256504,112.68887976,114.23722839,566900,yfinance
2024-06-12,116.50619227,119.17441962,115.90242965,116.84702301,437100,yfinance
2024-06-13,116.51593563,116.80807309,114.70465516,116.03877258,461000,yfinance
2024-06-14,114.38638529,114.71882247,112.44067484,113.77040863,480100,yfinance
2024-06-17,113.44774944,114.61126836,112.90021464,113.64330292,785700,yfinance
2024-06-18,113.6237397,114.17127449,113.17397792,114.01483917,884100,yfinance
2024-06-20,113.08597962,114.5721486,112.45044394,113.17397308,720700,yfinance
2024-06-21,112.98820811,114.01484333,111.05227721,113.64330292,1495400,yfinance
2024-06-24,114.47438261,117.38805844,113.95617898,115.75522614,825400,yfinance
2024-06-25,114.98280322,115.67700123,112.56777203,113.54551697,780800,yfinance
2024-06-26,112.32332685,112.56776306,111.09137369,112.09844971,749500,yfinance
2024-06-27,112.95887332,113.79973457,112.03001859,113.73129272,545500,yfinance
2024-06-28,114.09305456,115.93121229,114.05394387,115.52056122,2983300,yfinance
2024-07-01,115.90188871,116.15610449,112.80243897,113.16419983,635800,yfinance
2024-07-02,113.25220306,113.89751087,112.76333057,113.52597046,632800,yfinance
2024-07-03,113.72151541,114.36683067,112.81221228,113.1153183,247400,yfinance
2024-07-05,112.96864276,112.96864276,110.74915774,112.39176941,682100,yfinance
2024-07-08,112.92953624,113.61395468,111.94201179,112.47977448,442700,yfinance
2024-07-09,112.11801147,112.80243741,111.50203484,112.11801147,277100,yfinance
2024-07-10,112.11800884,114.60148185,111.756248,114.39615631,1027300,yfinance
2024-07-11,115.84321577,119.07954892,115.61833117,117.16316986,732900,yfinance
2024-07-12,117.71071036,121.02526504,117.71071036,120.19418335,612600,yfinance
2024-07-15,120.38972498,121.97367438,119.5390917,119.98885345,381100,yfinance
2024-07-16,120.91771716,125.43489409,120.06708382,125.1709137,622400,yfinance
2024-07-17,124.72114651,126.06065235,123.22519789,124.09539032,578800,yfinance
2024-07-18,123.48918074,127.2339454,123.33273798,124.57447815,838900,yfinance
2024-07-19,125.1220179,125.1220179,121.2990317,121.3381424,594200,yfinance
2024-07-22,121.88569015,123.96828423,120.31152017,123.85095215,602000,yfinance
2024-07-23,123.16652371,124.8091354,122.5603192,124.34959412,796500,yfinance
2024-07-24,127.43926854,128.85699568,121.83679436,125.01446533,1551500,yfinance
2024-07-25,126.15840617,130.97869563,124.51579466,129.92272949,1312100,yfinance
2024-07-26,131.16447912,134.45948974,130.46050156,133.72618103,1089900,yfinance
2024-07-29,133.59907048,135.59366363,133.38396539,134.59637451,757700,yfinance
2024-07-30,135.87720706,137.95980843,134.93856542,136.2389679,991100,yfinance
2024-07-31,138.60512401,138.8300161,133.54041214,133.76528931,925300,yfinance
2024-08-01,133.55996418,136.10209206,129.0036692,129.34587097,1156100,yfinance
2024-08-02,127.1850646,127.654378,124.98513847,126.65707397,1312900,yfinance
2024-08-05,124.12472242,127.380615,123.08831512,124.90692139,875800,yfinance
2024-08-06,124.12472445,126.81352319,124.0562826,124.75048065,587800,yfinance
2024-08-07,125.53267036,128.09435729,123.64562236,123.70428467,813100,yfinance
2024-08-08,124.42782923,126.97973679,124.42782923,126.57887268,943700,yfinance
2024-08-09,126.51041022,127.65436995,125.49356211,126.02153778,537200,yfinance
2024-08-12,125.82599006,126.99928092,124.97534933,125.89442444,536100,yfinance
2024-08-13,126.52020065,127.81083125,125.86511327,127.19484711,412300,yfinance
2024-08-14,127.5859541,128.51480889,126.78419601,128.17259216,389600,yfinance
2024-08-15,129.89339963,130.98846901,128.36810525,129.99116516,443100,yfinance
2024-08-16,129.62943057,130.15740629,128.21170334,128.34858704,332500,yfinance
2024-08-19,129.07211546,130.07919164,128.75924481,129.89343262,413600,yfinance
2024-08-20,130.04983837,130.35295181,128.55388993,129.26765442,342100,yfinance
2024-08-21,129.92275015,131.71202515,129.296994,131.51646423,509800,yfinance
2024-08-22,131.24270071,132.50400005,131.07648586,132.00534058,511700,yfinance
2024-08-23,133.12976284,134.90925099,132.19112108,133.95106506,502900,yfinance
2024-08-26,134.74302922,135.52522816,133.89239588,134.64526367,596500,yfinance
2024-08-27,133.95106957,134.43017,132.9342213,134.15640259,479500,yfinance
2024-08-28,134.15638828,135.45677591,133.41329259,133.58929443,599500,yfinance
2024-08-29,134.79189775,135.82830485,133.22750012,134.25413513,375900,yfinance
2024-08-30,134.91903255,136.35631883,133.14930163,135.75010681,682100,yfinance
2024-09-03,135.61322858,136.66919497,132.84620844,133.95106506,539300,yfinance
2024-09-04,134.04885292,134.78216171,133.6968641,134.29328918,603400,yfinance
2024-09-05,134.43992773,134.43992773,131.34047809,132.67021179,461000,yfinance
2024-09-06,133.21773685,134.37146862,130.99825185,131.50668335,478600,yfinance
2024-09-09,132.29866208,132.96353638,130.98848747,131.56535339,691000,yfinance
2024-09-10,132.49420236,133.17863571,131.3893608,133.12974548,691600,yfinance
2024-09-11,132.76799098,134.08795274,130.50940235,134.0390625,695600,yfinance
2024-09-12,133.69684205,136.15097636,133.11018914,136.02386475,559600,yfinance
2024-09-13,136.6789513,138.78111176,136.20963793,138.02824402,520700,yfinance
2024-09-16,138.62467956,139.9544133,137.27538673,139.54376221,467400,yfinance
2024-09-17,140.18907777,141.27437528,139.31888535,140.17929077,418300,yfinance
2024-09-18,140.64861802,143.15164272,139.08422012,140.22817993,485200,yfinance
2024-09-19,143.12231638,143.12231638,139.86642378,140.55084229,867800,yfinance
2024-09-20,140.03090569,140.07013994,137.3723329,137.73530579,1847700,yfinance
2024-09-23,138.56917345,140.16824197,138.56917345,139.94259644,817500,yfinance
2024-09-24,140.07015145,141.28662266,140.00148778,141.11003113,442700,yfinance
2024-09-25,141.39450924,142.0812207,140.22709229,140.66854858,500400,yfinance
2024-09-26,141.81634991,142.29705544,140.42330231,140.97267151,776600,yfinance
2024-09-27,142.2283626,143.68028387,140.73722207,141.04133606,589500,yfinance
2024-09-30,140.7274076,143.38598012,140.28595131,142.97395325,813600,yfinance
2024-10-01,143.06222992,143.97457185,142.02235052,142.21855164,912300,yfinance
2024-10-02,141.61035588,143.36637649,140.29577665,143.07206726,794500,yfinance
2024-10-03,142.62079384,143.22902188,141.16887243,143.12110901,657200,yfinance
2024-10-04,143.85688575,143.92556439,141.49262209,142.84643555,691500,yfinance
2024-10-07,141.84578293,143.58219381,141.45338063,143.23883057,488000,yfinance
2024-10-08,143.79801219,144.32775677,142.06160141,142.60116577,1168300,yfinance
2024-10-09,143.03281789,144.34738201,141.79672226,143.78820801,900000,yfinance
2024-10-10,142.08123276,142.50306448,140.93344031,141.89483643,763000,yfinance
2024-10-11,141.88504033,144.60245711,141.88504033,144.50436401,768100,yfinance
2024-10-14,144.33757215,146.81955319,143.32712209,146.62335205,688400,yfinance
2024-10-15,146.95691165,148.36958393,145.53443456,146.69203186,1149400,yfinance
2024-10-16,147.00597093,149.09553503,146.76071573,148.06546021,551800,yfinance
2024-10-17,148.06544401,150.03730515,147.37873252,149.58602905,780800,yfinance
2024-10-18,152.48986575,153.13734303,150.0176893,150.44934082,820300,yfinance
2024-10-21,150.45912761,151.16546365,148.59519442,149.12493896,722300,yfinance
2024-10-22,148.13411675,148.79139878,147.17272071,147.74171448,982200,yfinance
2024-10-23,147.07461856,149.7233714,147.07461856,147.9967804,987000,yfinance
2024-10-24,139.63848004,143.62142161,139.19702373,142.51287842,1861100,yfinance
2024-10-25,143.17994936,143.35654085,139.89353943,139.89353943,1156000,yfinance
2024-10-28,140.41349692,141.55146955,139.47171046,139.62867737,1372700,yfinance
2024-10-29,137.89227016,138.02961246,136.1754839,137.1270752,1278600,yfinance
2024-10-30,136.70522837,137.94130895,135.73401257,136.41091919,1089400,yfinance
2024-10-31,136.08718704,137.59795227,135.90079072,136.97991943,1206700,yfinance
2024-11-01,137.72550142,138.78500562,136.0970034,137.1761322,646900,yfinance
2024-11-04,136.84258166,138.27486348,136.10681614,136.85238647,597800,yfinance
2024-11-05,136.45998948,138.22581482,136.09700163,138.22581482,645800,yfinance
2024-11-06,139.37361168,140.07012796,134.51754746,138.25523376,1587800,yfinance
2024-11-07,138.51030925,140.07012851,137.9903695,140.00146484,834400,yfinance
2024-11-08,140.55083232,142.41476556,139.60904591,141.05114746,650900,yfinance
2024-11-11,142.45400939,143.17015024,140.3840553,140.70777893,574900,yfinance
2024-11-12,140.29576165,141.11001061,139.0793056,139.17739868,855400,yfinance
2024-11-13,140.03088798,141.57108256,137.80396699,138.15713501,777600,yfinance
2024-11-14,138.67708214,139.69733705,138.19637662,138.6378479,790600,yfinance
2024-11-15,137.76471916,138.63784188,136.59731719,137.10743713,921600,yfinance
2024-11-18,136.59731587,137.00934273,135.72420812,136.00869751,619700,yfinance
2024-11-19,135.13559283,136.1852921,134.24286046,135.49856567,522400,yfinance
2024-11-20,135.57705542,136.83276069,134.52737107,136.78370667,638900,yfinance
2024-11-21,137.14670648,139.08912341,136.51885378,138.72615051,783900,yfinance
2024-11-22,139.5894338,139.96222647,138.29449421,138.69671631,639100,yfinance
2024-11-25,139.59924638,141.2081197,139.31474199,139.96221924,1658800,yfinance
2024-11-26,139.05966772,139.77580855,136.85237141,137.72547913,916400,yfinance
2024-11-27,138.5691836,139.14798226,137.12708187,138.72615051,861700,yfinance
2024-11-29,138.94196112,139.80524912,137.80397356,138.16694641,363700,yfinance
2024-12-02,138.12772306,138.71632653,136.77390965,137.73530579,825100,yfinance
2024-12-03,137.83339796,138.843848,137.27420901,137.82359314,797900,yfinance
2024-12-04,137.13688827,138.54956059,137.04859999,138.39260864,536000,yfinance
2024-12-05,140.99229418,141.67900566,137.33309121,137.65682983,1293800,yfinance
2024-12-06,138.83404319,139.17739142,137.06820307,137.82359314,760500,yfinance
2024-12-09,137.99036768,139.07930119,137.46060815,138.7457428,955000,yfinance
2024-12-10,138.17676025,139.13815627,136.21471901,137.91188049,690500,yfinance
2024-12-11,138.86348498,139.19702843,137.50967161,137.77455139,638900,yfinance
2024-12-12,137.57834784,137.90208646,136.3716816,136.60713196,692900,yfinance
2024-12-13,135.74382279,137.01915263,135.08654075,136.19509888,484100,yfinance
2024-12-16,136.05778098,136.69543853,134.74321666,134.9099884,602600,yfinance
2024-12-17,134.15193011,135.17575856,133.48249169,134.51617432,856400,yfinance
2024-12-18,134.90013479,136.25869019,130.30272263,130.42085266,900700,yfinance
2024-12-19,130.59805568,131.50375422,128.47162517,128.59960938,1192800,yfinance
2024-12-20,128.12705727,130.65711867,128.12705727,130.12550354,2061300,yfinance
2024-12-23,129.43638795,130.48976404,128.85556199,130.07629395,588900,yfinance
2024-12-24,129.69235552,131.06074999,129.35762876,130.97213745,248800,yfinance
2024-12-26,130.50945776,131.91722391,129.97784263,130.92292786,386700,yfinance
2024-12-27,129.94829471,131.25762403,129.38714713,129.91876221,429000,yfinance
2024-12-30,129.29857043,129.52500634,127.59546414,128.93432617,298200,yfinance
2024-12-31,128.90478737,130.16489099,128.44209144,128.64881897,385900,yfinance
2025-01-02,129.42653366,129.83016454,126.36487248,126.59129333,523400,yfinance
2025-01-03,127.06383788,128.4125388,126.10891365,128.15657043,597300,yfinance
2025-01-06,128.38301771,129.2493295,126.64052493,127.11306,778200,yfinance
2025-01-07,127.04416076,127.4970025,124.91773034,125.43949127,902900,yfinance
2025-01-08,124.65192665,126.76851034,124.36643327,126.4042511,1077100,yfinance
2025-01-10,125.1441503,126.01046958,124.07108849,124.24829102,741500,yfinance
2025-01-13,123.76591986,126.3058204,123.31307059,126.26643372,828000,yfinance
2025-01-14,126.86694195,128.09751294,126.47316525,127.73326874,469500,yfinance
2025-01-15,130.45035616,130.86382618,127.90061683,128.89491272,641100,yfinance
2025-01-16,128.66849955,130.78509066,128.5897412,130.55865479,552500,yfinance
2025-01-17,131.5037259,131.99595425,130.52910838,131.51356506,592900,yfinance
2025-01-21,132.57678934,134.16176532,132.37990099,132.97058105,610100,yfinance
2025-01-22,132.38975737,133.18716505,129.68250095,130.12550354,898800,yfinance
2025-01-23,130.33224527,131.34623465,129.32809505,131.17887878,704300,yfinance
2025-01-24,131.33638907,131.67110079,130.1451897,130.47006226,603800,yfinance
2025-01-27,130.76539265,133.47264872,130.52911762,133.39389038,962400,yfinance
2025-01-28,132.73431868,133.3545313,130.01722318,130.05659485,640100,yfinance
2025-01-29,129.85969593,130.56850601,128.84570666,128.96383667,624600,yfinance
2025-01-30,129.68250066,132.29132041,129.55453148,131.44468689,565800,yfinance
2025-01-31,131.44467569,132.84260254,130.32239555,130.66694641,862600,yfinance
2025-02-03,127.40840361,127.95969704,125.02601983,126.72912598,1033400,yfinance
2025-02-04,126.82756294,127.92031052,126.36486707,126.49285126,877400,yfinance
2025-02-05,127.50685297,127.50685297,125.82342518,127.0638504,990600,yfinance
2025-02-06,127.44779228,127.86126236,126.38457706,127.29027557,967700,yfinance
2025-02-07,127.34933494,127.69390083,125.92187555,126.68975067,939100,yfinance
2025-02-10,127.49700272,128.53068542,127.00477429,128.53068542,1190000,yfinance
2025-02-11,128.4125373,129.8203032,127.51667807,129.68247986,1000200,yfinance
2025-02-12,127.08352544,129.49544161,126.84726542,129.45606995,993500,yfinance
2025-02-13,129.96798788,131.10994632,129.18041945,131.08041382,1257300,yfinance
2025-02-14,131.47419759,132.16331429,130.69646837,131.31668091,1354600,yfinance
2025-02-18,128.90477552,131.09027081,123.66746566,123.93326569,1917900,yfinance
2025-02-19,123.9332712,125.30166561,122.25969758,124.61254883,1503700,yfinance
2025-02-20,124.29751348,125.4788586,123.64776841,125.13430023,1207100,yfinance
2025-02-21,125.93171449,125.93171449,124.0415592,125.18353271,871100,yfinance
2025-02-24,125.56746796,127.74310908,124.56331781,125.94155884,883700,yfinance
2025-02-25,126.71927353,128.98352705,126.29594932,127.87108612,968100,yfinance
2025-02-26,127.68404055,128.25502729,127.063843,127.40839386,690400,yfinance
2025-02-27,126.66022229,127.93016503,125.34104621,125.40995789,1026000,yfinance
2025-02-28,126.10891529,127.00475952,124.96694186,126.70943451,1212000,yfinance
2025-03-03,126.88663981,127.99908083,124.09078603,124.55347443,922400,yfinance
2025-03-04,122.98818589,123.88403766,121.35398403,121.86590576,1165000,yfinance
2025-03-05,122.91928394,125.52809611,122.65347638,124.51410675,754400,yfinance
2025-03-06,124.48456231,126.04000589,123.51979883,125.37057495,815900,yfinance
2025-03-07,125.37056198,130.06641723,125.25243198,129.25917053,942700,yfinance
2025-03-10,129.04259859,133.27576582,128.70788689,130.24363708,1117600,yfinance
2025-03-11,129.7317125,130.45036174,123.98248855,124.00217438,1178500,yfinance
2025-03-12,122.52549456,124.54363404,121.09803518,122.01358032,1048300,yfinance
2025-03-13,121.78715294,124.60270006,121.78715294,123.04725647,1069400,yfinance
2025-03-14,124.30264921,125.44930152,123.5513945,125.20217896,1084900,yfinance
2025-03-17,125.12309875,126.87273073,124.9748237,125.90400696,982200,yfinance
2025-03-18,125.67665277,127.09020171,125.58769227,126.50698853,1027800,yfinance
2025-03-19,126.03250798,127.76236594,125.17251874,127.16926575,1255000,yfinance
2025-03-20,126.04239506,127.66351094,125.50860942,126.24997711,996700,yfinance
2025-03-21,124.79689003,126.00284931,124.18402338,125.5975647,2502900,yfinance
2025-03-24,126.97156093,129.33405187,126.78374539,129.08692932,1057200,yfinance
2025-03-25,129.0276176,130.20392329,127.09018536,128.09843445,1063300,yfinance
2025-03-26,127.68328417,129.11659202,127.68328417,128.87936401,978100,yfinance
2025-03-27,128.94856089,130.1248668,127.83157707,128.69155884,825300,yfinance
2025-03-28,128.91888921,129.54164286,126.53662422,126.81340027,1190400,yfinance
2025-03-31,126.23020745,130.00624762,125.36033871,128.95845032,1384800,yfinance
2025-04-01,128.59267315,130.17426334,127.71291757,129.49220276,1074700,yfinance
2025-04-02,128.13798297,131.59769849,127.98970039,130.62896729,909900,yfinance
2025-04-03,128.02925955,129.30440532,124.20379963,125.74584198,1646400,yfinance
2025-04-04,122.01923917,126.41801778,121.4063725,122.2169342,2382800,yfinance
2025-04-07,120.07189979,123.62057581,117.48205288,119.38983917,1604000,yfinance
2025-04-08,121.61394611,122.27623273,115.22830043,117.15585327,1543200,yfinance
2025-04-09,116.07840126,124.92538529,115.30738013,123.21530151,1348900,yfinance
2025-04-10,121.82153335,121.82153335,116.80000873,120.67488861,1494200,yfinance
2025-04-11,120.50684284,124.32240804,118.97468003,123.70954895,1115100,yfinance
2025-04-14,124.73757827,125.52836589,123.40311049,124.83642578,758000,yfinance
2025-04-15,124.93527524,126.51685804,124.47068364,125.43940735,753400,yfinance
2025-04-16,125.01435432,125.75572196,122.92863944,123.68977356,708100,yfinance
2025-04-17,124.07528043,125.80513819,124.07528043,124.89572906,798400,yfinance
2025-04-21,123.2153023,123.8380484,120.73418984,121.85118103,992400,yfinance
2025-04-22,122.7408281,125.58768474,122.7408281,125.36032867,890800,yfinance
2025-04-23,126.57617418,129.33405522,124.70792829,125.00447083,1466600,yfinance
2025-04-24,138.00312141,140.36561246,132.64550618,137.90426636,2617900,yfinance
2025-04-25,136.5401448,136.89600184,134.5829235,134.91902161,1052900,yfinance
2025-04-28,135.48248073,137.09372478,135.04754258,135.68017578,918600,yfinance
2025-04-29,135.42315924,137.15301712,135.08707619,136.60934448,968100,yfinance
2025-04-30,136.94543217,137.93392242,134.62248914,137.59783936,842700,yfinance
2025-05-01,137.76588563,138.65553594,136.99486442,137.09371948,631500,yfinance
2025-05-02,138.84334583,139.92079657,138.61598221,139.30792236,819700,yfinance
2025-05-05,138.88287626,140.23710304,138.74448823,139.26838684,664600,yfinance
2025-05-06,138.05255166,139.74286153,137.64726704,138.28977966,908600,yfinance
2025-05-07,138.20081797,139.50563232,137.50887781,138.61598206,898900,yfinance
2025-05-08,139.87136785,140.88951158,139.18930717,139.28816223,882800,yfinance
2025-05-09,140.50400172,140.56330872,139.53528551,140.21734619,593200,yfinance
2025-05-12,143.33106733,144.26025045,141.00810951,142.1448822,1109400,yfinance
2025-05-13,142.40189046,143.15315263,141.13662425,141.20582581,916400,yfinance
2025-05-14,140.58308557,141.37388079,138.91253462,139.45620728,925000,yfinance
2025-05-15,139.89115107,141.38376599,139.27827683,141.26515198,677400,yfinance
2025-05-16,141.44306153,144.07244913,140.71158842,143.9637146,764300,yfinance
2025-05-19,142.49086718,143.4002915,141.77915297,142.82696533,695600,yfinance
2025-05-20,142.63913454,143.03452457,141.57156334,142.02626038,706800,yfinance
2025-05-21,140.84008438,142.08559173,140.20745124,140.32608032,1054600,yfinance
2025-05-22,139.78240887,140.66216458,138.76426513,139.99987793,861500,yfinance
2025-05-23,138.91252682,140.05917908,138.54679028,139.68354797,617200,yfinance
2025-05-27,140.84997225,143.04442167,139.39689047,142.8664856,1178600,yfinance
2025-05-28,142.54028735,143.13338752,140.84997751,141.45295715,1152900,yfinance
2025-05-29,141.83846126,142.3524653,140.46446052,141.70007324,875300,yfinance
2025-05-30,141.15639594,141.43317198,139.99986428,141.05754089,1088300,yfinance
2025-06-02,140.13825736,141.41340305,137.18266628,137.80541992,1146500,yfinance
2025-06-03,137.66703444,138.26011951,135.77901454,137.49899292,1492800,yfinance
2025-06-04,137.6769175,138.28977661,136.27326319,136.52038574,949700,yfinance
2025-06-05,136.84659716,137.27164075,136.05580192,136.63900757,766200,yfinance
2025-06-06,137.57805438,138.32931656,137.14313137,137.54840088,737700,yfinance
2025-06-09,138.04266807,138.8433579,136.63901361,137.99325562,659400,yfinance
2025-06-10,137.56817861,138.43805481,137.36060411,138.06242371,643500,yfinance
2025-06-11,138.2996676,138.2996676,135.89762857,136.3523407,643800,yfinance
2025-06-12,135.77902425,137.32106666,135.05743058,137.07394409,649300,yfinance
2025-06-13,135.6055613,137.20290582,133.61136722,134.23641968,556600,yfinance
2025-06-16,135.3376968,135.45674865,134.10743888,135.03013611,608800,yfinance
2025-06-17,134.03799889,135.46666649,133.62128715,135.16903687,1199400,yfinance
2025-06-18,135.36746919,136.91520385,134.89124663,135.72463989,942800,yfinance
2025-06-20,136.72668874,137.76843783,135.46666782,136.54811096,2000400,yfinance
2025-06-23,136.63738688,141.48894607,136.24053732,141.3302002,1397600,yfinance
2025-06-24,142.98707984,142.98707984,140.95320683,142.48109436,902500,yfinance
2025-06-25,142.41163761,143.17558895,140.81429308,141.6973114,793500,yfinance
2025-06-26,141.44927124,142.51085214,141.3698983,142.26281738,628600,yfinance
2025-06-27,142.51084586,143.5823578,141.96516638,142.75888062,699900,yfinance
2025-06-30,142.9176492,143.116074,141.51872934,142.98709106,597300,yfinance
2025-07-01,142.49099985,147.57076187,142.18343918,146.48931885,832500,yfinance
2025-07-02,146.36035951,147.52116041,145.39798341,146.78697205,765100,yfinance
2025-07-03,147.17391224,147.34257408,146.03295832,146.94572449,411800,yfinance
2025-07-07,147.20366915,148.47360595,145.86429048,146.98539734,697300,yfinance
2025-07-08,147.23343085,148.87046939,146.51908951,147.37232971,960800,yfinance
2025-07-09,148.55297864,149.16811516,147.02509114,148.88038635,711000,yfinance
2025-07-10,149.11849468,151.95601283,148.6124941,150.33882141,867400,yfinance
2025-07-11,148.59268854,148.81096037,146.67785206,147.64022827,876100,yfinance
2025-07-14,147.15408086,148.16605186,146.28099359,147.14414978,725300,yfinance
2025-07-15,147.7691887,148.49344595,144.18756622,144.40583801,950400,yfinance
2025-07-16,144.31656272,145.01105708,142.47118336,144.92176819,1075700,yfinance
2025-07-17,146.88618718,152.56122368,146.73735725,152.32310486,1394800,yfinance
2025-07-18,152.94817622,153.17636398,151.06310273,151.61871338,934500,yfinance
2025-07-21,152.01555215,152.36280689,148.39425054,148.43392944,1106200,yfinance
2025-07-22,148.50337189,151.95602682,148.50337189,151.50956726,1114400,yfinance
2025-07-23,151.47978964,153.35494706,151.47978964,153.14659119,1665600,yfinance
2025-07-24,156.62899768,162.77034124,154.77370238,162.38340759,1895600,yfinance
2025-07-25,162.75048052,164.91335148,160.44872583,164.08987427,1446800,yfinance
2025-07-28,163.72280146,164.33792287,161.7186762,162.38340759,1066100,yfinance
2025-07-29,164.02044125,164.34783382,162.01631605,162.81994629,1109400,yfinance
2025-07-30,162.18497449,164.38752443,161.93693972,163.52436829,1191000,yfinance
2025-07-31,162.73064928,165.06216694,162.62151338,164.6157074,1322700,yfinance
2025-08-01,163.81207742,164.47680876,162.12544408,163.83192444,1366400,yfinance
2025-08-04,163.7724027,165.92534265,162.71080663,165.41934204,878300,yfinance
2025-08-05,165.64755751,165.8955923,163.1076686,164.09980774,1162000,yfinance
2025-08-06,164.60579611,164.60579611,162.43300913,163.19696045,863900,yfinance
2025-08-07,164.0502102,164.29824498,161.7881342,162.4528656,953900,yfinance
2025-08-08,163.02830343,163.64342482,162.08575918,162.43301392,576600,yfinance
2025-08-11,162.07582919,163.26639298,161.77818446,163.15725708,793500,yfinance
2025-08-12,163.56405358,165.42927994,162.17506489,165.1217041,749800,yfinance
2025-08-13,165.71699961,168.77278998,164.92328527,168.28663635,988300,yfinance
2025-08-14,167.25479958,168.09810867,165.98486283,167.22503662,958700,yfinance
2025-08-15,167.93937877,168.14771949,165.60784598,165.85588074,549900,yfinance
2025-08-18,166.19321133,166.82817973,165.54832698,165.88565063,563300,yfinance
2025-08-19,166.00470805,168.95134701,166.00470805,168.5247345,844000,yfinance
2025-08-20,167.88979163,169.1696445,166.68929658,167.19529724,671300,yfinance
2025-08-21,166.30234963,166.74882433,165.38958348,165.89558411,483300,yfinance
2025-08-22,166.50077941,171.31264462,165.81620105,170.8860321,754400,yfinance
2025-08-25,170.32050981,170.55862864,168.46521463,168.48506165,626900,yfinance
2025-08-26,168.63389073,170.76698383,168.01876931,170.18162537,1278900,yfinance
2025-08-27,170.08239217,171.09437825,169.70538962,170.6479187,552800,yfinance
2025-08-28,171.11423098,171.59045351,169.21924168,169.62602234,848300,yfinance
2025-08-29,169.49702789,170.5387769,167.68141165,168.46520996,952300,yfinance
2025-09-02,165.93527568,167.14568667,165.59795199,166.66946411,810000,yfinance
2025-09-03,166.66945568,167.14567821,165.52848661,166.37181091,635900,yfinance
2025-09-04,166.8579407,169.47720236,166.50078517,169.40774536,660400,yfinance
2025-09-05,170.01294842,171.88809062,169.47719999,170.50901794,596800,yfinance
2025-09-08,170.18162264,171.88810314,169.35814535,171.73928833,578200,yfinance
2025-09-09,170.79673654,171.7293497,167.1853509,168.63388062,556600,yfinance
2025-09-10,168.74301614,170.30066662,168.27670957,169.09025574,545500,yfinance
2025-09-11,170.41972503,176.35271218,169.14978829,175.78718567,1364700,yfinance
2025-09-12,174.90418599,176.30310568,173.08858485,173.6441803,1100200,yfinance
2025-09-15,173.69380397,176.23367771,173.02905743,174.81491089,865300,yfinance
2025-09-16,174.70577105,176.28326859,174.05095561,175.64830017,905300,yfinance
2025-09-17,176.48170053,178.18818092,174.23945657,175.22167969,967400,yfinance
2025-09-18,175.06293272,178.50565644,174.31882843,177.37461853,1241500,yfinance
2025-09-19,177.40438678,178.92235837,176.02531407,177.92030334,3246000,yfinance
2025-09-22,176.53129855,177.86077642,175.95587121,176.4122467,783300,yfinance
2025-09-23,176.7098974,178.29732603,174.70577216,176.04516602,592000,yfinance
2025-09-24,174.88436718,176.3824918,173.57473627,173.96166992,601800,yfinance
2025-09-25,172.83063267,173.46560111,171.31266102,171.61030579,928100,yfinance
2025-09-26,172.19566339,174.02119574,172.13613746,173.63426208,617400,yfinance
2025-09-29,175.02325755,176.61067098,173.0786583,173.66401672,553300,yfinance
2025-09-30,174.28907006,176.51146704,174.08072933,175.95587158,929300,yfinance
2025-10-01,175.43996399,176.51147606,173.88229829,175.34074402,843300,yfinance
2025-10-02,174.93396829,176.3527199,174.51725656,176.34280396,885500,yfinance
2025-10-03,176.40233241,178.14849175,175.81697398,175.89633179,689400,yfinance
2025-10-06,176.13445162,176.82894596,175.33082138,175.96578979,451000,yfinance
2025-10-07,176.4023333,176.62060511,175.11254945,175.63838196,808200,yfinance
2025-10-08,176.02531282,177.20596074,175.10263074,176.86863708,505700,yfinance
2025-10-09,176.61067444,176.81903031,173.24732352,174.07080078,714400,yfinance
2025-10-10,174.58672085,175.38043516,171.61030351,171.92778015,985000,yfinance
2025-10-13,172.62229076,174.30892423,172.324646,172.324646,812800,yfinance
2025-10-14,170.72730108,175.31097896,170.69753812,174.21963501,1068800,yfinance
2025-10-15,174.4676771,176.31305654,173.83270865,175.88642883,581200,yfinance
2025-10-16,175.88641874,176.74957491,174.52719301,176.10469055,919500,yfinance
2025-10-17,175.36058396,177.09682737,175.19192213,176.09477234,568800,yfinance
2025-10-20,176.77933988,177.04722168,172.60244269,176.57099915,591800,yfinance
2025-10-21,176.35272365,179.25968393,176.00546891,178.0592041,797900,yfinance
2025-10-22,177.69212939,178.33701379,174.07081238,174.12042236,966700,yfinance
2025-10-23,170.35027647,172.01707799,164.85383265,169.87405396,1454700,yfinance
2025-10-24,172.36432584,172.36432584,165.32014714,165.98487854,1078200,yfinance
2025-10-27,166.87778598,170.43956155,166.11383467,169.59625244,1057800,yfinance
2025-10-28,169.61609598,170.12208144,167.50283499,167.75086975,778400,yfinance
2025-10-29,167.59213994,167.84017472,162.90924203,164.28831482,1146600,yfinance
2025-10-30,164.07996564,166.34204153,162.97869066,163.99066162,636400,yfinance
2025-10-31,163.70295234,164.96297324,163.53429051,164.46690369,830600,yfinance
2025-11-03,164.09980893,164.09980893,162.23459762,163.38546753,679800,yfinance
2025-11-04,163.0977569,164.31808384,162.06593883,164.24864197,797400,yfinance
2025-11-05,163.88152408,165.59793557,162.66119726,164.50657654,578600,yfinance
2025-11-06,164.42720017,165.41933922,163.64341698,163.7723999,655500,yfinance
2025-11-07,163.88152969,166.3122826,163.39539122,166.03448486,613500,yfinance
2025-11-10,165.58800815,166.5305524,163.7327129,165.56817627,547900,yfinance
2025-11-11,165.49872177,166.72897971,164.92327927,166.23291016,387800,yfinance
2025-11-12,166.84802536,168.0881992,165.75668147,167.05638123,743100,yfinance
2025-11-13,167.04645683,168.11796888,162.66120379,163.22673035,757300,yfinance
2025-11-14,162.04607292,162.84970313,159.20855463,159.98242188,888600,yfinance
2025-11-17,160.30983846,160.30983846,158.12713546,158.7124939,752600,yfinance
2025-11-18,158.69264221,160.17093488,157.48223132,159.80384827,1043500,yfinance
2025-11-19,159.97251124,160.5677856,159.04981402,159.41690063,586300,yfinance
2025-11-20,160.75629971,162.29411837,157.49216869,158.19657898,923300,yfinance
2025-11-21,158.57359494,163.22672977,157.82949062,161.58969116,1145900,yfinance
2025-11-24,161.22259231,162.17505244,159.76414672,161.01423645,1524300,yfinance
2025-11-25,162.34372436,165.13163279,161.38134824,164.78437805,699800,yfinance
2025-11-26,164.4272017,165.94517325,163.91130029,164.36767578,677700,yfinance
2025-11-28,165.21100712,165.40943192,164.1593421,164.72485352,267900,yfinance
2025-12-01,162.83977939,165.69712942,162.02621814,163.87159729,652800,yfinance
2025-12-02,164.8141367,164.94311963,161.98654945,162.86955261,754300,yfinance
2025-12-03,163.43506439,164.67523822,162.67112821,162.74057007,553400,yfinance
2025-12-04,162.81993912,163.62356933,159.44667243,159.58557129,1073100,yfinance
2025-12-05,160.53801842,161.81788628,157.57153233,157.82948303,1160500,yfinance
2025-12-08,157.56161133,158.25610569,155.92458784,157.61122131,1029600,yfinance
2025-12-09,157.57153039,158.63311129,155.85511894,156.25198364,1013400,yfinance
2025-12-10,156.41072402,159.54588723,155.93450149,159.03990173,891000,yfinance
2025-12-11,159.476444,163.46483227,158.62320377,163.41523743,1009000,yfinance
2025-12-12,163.62358019,163.71286908,158.59344277,159.56573486,741900,yfinance
2025-12-15,159.74431007,161.92702819,159.11927274,161.77819824,1068800,yfinance
2025-12-16,160.3197613,161.36151044,156.84727429,158.41485596,777100,yfinance
2025-12-17,157.31357758,160.54796083,156.95640689,159.44668579,993900,yfinance
2025-12-18,160.77614876,163.26641252,158.0576821,158.66288757,976200,yfinance
2025-12-19,157.94853426,159.30777506,157.4822277,158.74224854,2751900,yfinance
2025-12-22,158.57359713,161.40118454,158.57359713,159.50621033,857000,yfinance
2025-12-23,159.67486787,160.5281081,158.82162765,159.3573761,424900,yfinance
2025-12-24,159.71453907,160.57771033,159.41689433,159.58557129,252100,yfinance
2025-12-26,159.08950303,160.1808469,158.64302834,159.52603149,255000,yfinance
2025-12-29,159.48634506,160.36934817,159.02995446,160.08163452,493200,yfinance
2025-12-30,159.60540696,160.22054347,158.32555422,159.8633728,354200,yfinance
2025-12-31,159.38713539,159.86337304,157.88901085,157.96838379,358800,yfinance
2026-01-02,157.97829437,160.29991122,157.38302004,159.64509583,394000,yfinance
2026-01-05,158.67279955,162.40325227,158.44461179,160.60748291,628700,yfinance
2026-01-06,159.32760573,161.15313794,156.7877322,160.56777954,783200,yfinance
2026-01-07,161.16307228,161.87741362,157.20443196,157.7699585,1186800,yfinance
2026-01-08,156.65876219,163.87161789,156.56947331,162.97869873,1324500,yfinance
2026-01-09,164.68516414,165.47886326,161.31188234,161.41110229,812800,yfinance
2026-01-12,161.04402084,162.54214539,159.80384701,160.19078064,773000,yfinance
2026-01-13,160.40902949,161.17298078,158.74224321,160.41896057,1039000,yfinance
2026-01-14,160.49834777,163.08783145,159.34746277,160.34951782,676200,yfinance
2026-01-15,161.38135668,163.67319568,160.74638823,162.20483398,841700,yfinance
2026-01-16,162.32388211,164.79431397,161.25237004,163.69303894,987700,yfinance
2026-01-20,161.23250715,163.59380287,160.94479349,161.72857666,1574100,yfinance
2026-01-21,162.78026524,165.45903772,161.92702503,164.57603455,681700,yfinance
2026-01-22,165.45903432,166.37180043,163.08782258,165.60784912,484200,yfinance
2026-01-23,165.1316446,167.47309363,165.00266167,165.48881531,1255500,yfinance
2026-01-26,165.52848084,166.52061992,164.45696882,165.62770081,521900,yfinance
2026-01-27,165.09192566,167.25479658,164.62561911,165.57807922,658600,yfinance
2026-01-28,165.09193788,165.9451781,162.73065715,163.60372925,806600,yfinance
2026-01-29,164.83399226,165.51857067,161.65915011,163.16720581,995400,yfinance
2026-01-30,162.12544322,164.25853609,161.14322012,164.08987427,1149400,yfinance
2026-02-02,163.72280251,164.90345049,161.68891428,164.21887207,894900,yfinance
2026-02-03,163.85177317,166.97702055,163.54421246,166.52062988,635600,yfinance
2026-02-04,168.17748367,173.06873702,166.6495962,171.67973328,1095200,yfinance
2026-02-05,173.61442175,175.37049701,171.39202478,174.44781494,801000,yfinance
2026-02-06,175.68798556,178.85291157,175.52923968,178.35684204,985400,yfinance
2026-02-09,177.98974382,179.24976468,176.29319448,176.54122925,797600,yfinance
2026-02-10,176.89840256,178.17825532,176.33287601,177.53337097,721700,yfinance
2026-02-11,177.2952495,179.18032282,175.54909018,177.97982788,611600,yfinance
2026-02-12,179.52756152,181.67058554,176.58090727,176.79917908,854700,yfinance
2026-02-13,176.6007653,178.81323133,175.78720395,178.088974,1112700,yfinance
2026-02-17,168.6636473,172.60244075,159.80385239,161.39126587,2285500,yfinance
2026-02-18,161.02417598,163.37554075,160.65707422,161.31188965,1322500,yfinance
2026-02-19,161.32182633,163.34578347,159.42683699,159.96258545,1046900,yfinance
2026-02-20,160.35944725,163.15727163,160.12132842,160.86543274,890700,yfinance
2026-02-23,160.93489524,162.55207173,157.26396834,157.42271423,875900,yfinance
2026-02-24,157.80964611,160.35945092,157.44255948,157.61122131,811700,yfinance
2026-02-25,157.6806632,157.948545,152.33303394,154.40661621,934300,yfinance
2026-02-26,155.63685179,159.64510213,154.82330562,159.14903259,1014900,yfinance
2026-02-27,158.09737097,160.53802467,156.4801794,159.88320923,784100,yfinance
2026-03-02,159.60540372,161.93693654,156.9762413,161.22259521,921300,yfinance
2026-03-03,159.49627052,159.49627052,155.94441085,157.11514282,830200,yfinance
2026-03-04,157.75012515,158.50414546,155.30945618,155.40867615,1030800,yfinance
2026-03-05,153.59305285,154.47605605,150.75553439,151.06309509,1055400,yfinance
2026-03-06,148.91014478,149.60463908,146.30082941,149.1879425,1041600,yfinance
2026-03-09,147.10447055,149.53520835,144.91183645,149.03913879,805900,yfinance
2026-03-10,148.65220807,149.19788762,146.18177618,146.37028503,1300000,yfinance
2026-03-11,148.56291138,148.86054099,145.07057757,145.48727417,782800,yfinance
2026-03-12,143.96930284,146.53893943,143.89984584,144.70349121,990300,yfinance
2026-03-13,146.02802446,146.68530332,143.74741741,144.75328064,693700,yfinance
2026-03-16,146.23716081,147.26293105,144.98233908,145.22135925,790400,yfinance
2026-03-17,146.49610642,146.61560892,144.00636984,145.31098938,601800,yfinance
2026-03-18,144.01631856,146.24712794,143.79722054,144.06611633,579100,yfinance
2026-03-19,143.12001473,143.81713788,141.63612635,143.23951721,748000,yfinance
2026-03-20,143.21960229,143.6378762,140.68006798,141.9050293,1290800,yfinance
2026-03-23,144.91261573,145.97823023,142.98059299,143.04034424,958700,yfinance
2026-03-24,141.32740445,145.90851043,141.3074823,145.13171387,657300,yfinance
2026-03-25,146.68530458,147.72104344,144.0262679,146.87452698,901200,yfinance
2026-03-26,146.13757931,148.27874663,144.23541698,145.19146729,1033000,yfinance
2026-03-27,144.92258554,145.65953781,143.64784168,143.9067688,573800,yfinance
2026-03-30,146.06785552,146.06785552,142.15399714,142.30337524,695900,yfinance
2026-03-31,144.42464661,146.47618716,141.40708703,144.69352722,858300,yfinance
2026-04-01,145.17156726,146.08778852,143.11005804,143.56817627,884200,yfinance
2026-04-02,141.89506457,143.72752226,138.71815822,140.480896,816600,yfinance
2026-04-06,139.54474095,140.52072856,138.74803745,139.60449219,603600,yfinance
2026-04-07,139.33561371,140.4410573,137.79197408,138.82769775,927800,yfinance
2026-04-08,142.65195179,144.28521836,141.43695912,143.89682007,956900,yfinance
2026-04-09,142.80133418,146.67536379,142.3631381,145.68942261,730700,yfinance
2026-04-10,145.77906175,146.2272113,143.30923211,144.21549988,1327100,yfinance
2026-04-13,144.14579096,146.71520087,142.55235351,146.60565186,962300,yfinance
2026-04-14,146.17740744,147.86047174,145.310984,146.41642761,523200,yfinance
2026-04-15,145.6097633,145.86869043,139.64434888,141.05851746,1365200,yfinance
2026-04-16,141.66600944,142.75153092,140.36138992,140.93901062,1031600,yfinance
2026-04-17,141.92494171,146.5060632,141.92494171,143.7275238,904100,yfinance
2026-04-20,143.20964276,145.24126101,142.96066912,144.5242157,829600,yfinance
2026-04-21,145.03213265,146.16745186,142.41292504,142.8809967,698600,yfinance
2026-04-22,143.99639095,144.7333584,143.02041854,144.33499146,858200,yfinance
2026-04-23,145.33090031,147.68121231,145.33090031,146.81478882,741800,yfinance
2026-04-24,146.31683933,147.11355808,144.98234415,145.50021362,767100,yfinance
2026-04-27,145.55996199,148.64722621,145.55996199,147.79075623,1423100,yfinance
2026-04-28,135.44167221,140.77966814,134.76447114,137.29403687,2765500,yfinance
2026-04-29,138.09074276,139.09659079,134.97358794,136.80603027,1581700,yfinance
2026-04-30,137.98120292,138.75799951,136.07904054,136.91558838,1248700,yfinance
2026-05-01,137.50317143,137.50317143,134.9337616,134.9337616,856900,yfinance
2026-05-04,134.58518994,135.33211086,130.6812851,131.94607544,1131500,yfinance
2026-05-05,132.12533201,133.48970272,130.86054164,131.74688721,1590700,yfinance
2026-05-06,133.64904833,136.73632758,132.90212741,134.77441406,1241000,yfinance
2026-05-07,136.06908306,136.89567739,134.3760501,136.24833679,1485400,yfinance
2026-05-08,136.17864003,136.62678958,133.60923001,133.81835938,996000,yfinance
2026-05-11,133.53950276,133.88807194,131.51783794,131.80665588,1017300,yfinance
2026-05-12,131.7269901,132.3543934,129.5360249,130.76097107,1127200,yfinance
2026-05-13,130.50201997,132.60335816,130.09371474,130.10366821,1205700,yfinance
2026-05-14,131.15932211,132.06558988,130.07380059,130.60162354,681400,yfinance
2026-05-15,128.51023752,128.56003529,125.05448951,125.1341629,1236500,yfinance
2026-05-18,125.48272029,129.29699845,125.03457075,127.94258118,1119500,yfinance
2026-05-19,127.42471161,128.25130596,125.50263472,125.64206696,1277700,yfinance
2026-05-20,125.58230614,128.74925123,124.48682361,128.71937561,836400,yfinance
2026-05-21,127.77328066,130.7509958,126.13005305,130.16342163,701500,yfinance
2026-05-22,130.16342706,130.99002144,128.40068928,129.89453125,642800,yfinance
2026-05-26,129.87461643,131.73693444,129.01814648,131.06968689,613300,yfinance
2026-05-27,131.94608006,133.05152367,130.60161628,130.68128967,537500,yfinance
2026-05-28,129.79494948,131.38837178,128.11188512,130.83067322,545400,yfinance
2026-05-29,130.17339798,131.52781533,128.64966516,129.536026,1491400,yfinance
2026-06-01,128.3210329,129.73520149,126.67779759,129.66548157,771200,yfinance
2026-06-02,130.00407959,130.91034735,127.95253906,129.31692505,865500,yfinance
2026-06-03,128.94843296,129.77502733,126.33919388,129.57585144,1220000,yfinance
2026-06-04,131.48796072,131.51783634,128.32102324,129.81486511,788400,yfinance
2026-06-05,129.36669856,130.55181553,128.91854904,129.62564087,772200,yfinance
2026-06-08,129.46629864,130.28293952,126.8371375,127.1060257,1230700,yfinance
2026-06-09,128.59987756,130.73109144,128.41065515,130.51199341,1373300,yfinance
2026-06-10,130.55181657,132.56352787,128.51022964,128.81896973,1196500,yfinance
2026-06-11,131.25890947,133.74864594,129.58579866,133.16107178,1484100,yfinance
2026-06-12,134.67481987,134.83416665,132.77267277,133.41999817,797800,yfinance
2026-06-15,134.8500061,136.91999817,133.66000366,133.69999695,702700,yfinance
2026-06-16,134.72999573,136.63999939,134.58000183,134.86999512,729800,yfinance
2026-06-17,134.52000427,136.17999268,129.55000305,130.17999268,1189500,yfinance
2026-06-18,131.33000183,135.96000671,131.33000183,133.57000732,1853700,yfinance
2026-06-22,132.33000183,133.47000122,130.16999817,130.92999268,1236800,yfinance
2026-06-23,130.44999695,131.50999451,128.74000549,128.75999451,781900,yfinance
2026-06-24,129.58999634,135.22999573,128.69000244,134.0,1109900,yfinance
2026-06-25,135.30000305,139.00999451,134.83000183,137.0,1629500,yfinance
2026-06-26,136.50999451,140.42999268,135.88999939,139.71000671,1917800,yfinance
2026-06-29,139.3999939,141.94000244,138.75999451,139.6499939,2314000,yfinance
2026-06-30,140.83000183,141.22000122,138.36999512,140.49000549,1105200,yfinance
2026-07-01,139.61000061,142.00999451,138.41000366,139.92999268,1079100,yfinance
2026-07-02,140.86999512,141.88999939,137.94999695,140.58000183,954600,yfinance
2026-07-06,140.55999756,140.75,138.57000732,140.13999939,1336500,yfinance
2026-07-07,140.61000061,141.02000427,138.25999451,139.32000732,1285200,yfinance
2026-07-08,138.19999695,139.5,134.25999451,134.99000549,1343000,yfinance
2026-07-09,134.82000732,135.22000122,132.83999634,135.07000732,1958900,yfinance
2026-07-10,135.80999756,138.63000488,135.08000183,136.63000488,1149700,yfinance
2026-07-13,136.55999756,138.08999634,135.49000549,136.36000061,844000,yfinance
2026-07-14,136.97999573,138.16999817,134.8500061,136.50999451,693100,yfinance
2026-07-15,136.11999512,136.72000122,134.86999512,135.82000732,704000,yfinance
2026-07-16,135.74000549,141.6499939,135.41999817,139.47999573,1502300,yfinance
2026-07-17,139.05000305,141.72999573,136.47999573,137.24000549,1564900,yfinance
2026-07-20,137.61000061,139.13000488,134.63000488,138.13000488,1267700,yfinance
2026-07-21,137.72000122,138.80000305,136.97000122,137.30000305,959400,yfinance
2026-07-22,138.82000732,140.47000122,137.8999939,139.94999695,1848300,yfinance
2026-07-23,151.57000732,159.36999512,148.72000122,154.57000732,3968900,yfinance
2026-07-24,152.25,156.46000671,151.55999756,153.36000061,1711000,yfinance
2026-07-27,154.25,158.3999939,153.66000366,158.13999939,1803100,yfinance
2026-07-28,160.0,164.25,158.94000244,161.22999573,1806000,yfinance
2026-07-29,159.25999451,160.1000061,156.83000183,158.47000122,1341400,yfinance
2026-07-30,158.97999573,159.16999817,153.38999939,157.05999756,1222900,yfinance
2026-07-31,156.8500061,157.94999695,155.5,157.3999939,933800,yfinance
2026-08-03,158.69999695,162.13999939,158.69999695,161.27999878,1345400,yfinance
2026-08-04,161.21000671,165.49000549,159.86999512,165.36000061,1012200,yfinance
2026-08-05,164.74000549,168.6000061,164.3999939,168.58000183,1271100,yfinance
2026-08-06,169.3999939,169.75999451,167.61999512,168.69999695,1117500,yfinance
2026-08-07,166.92999268,170.86999512,166.83000183,168.94000244,1066100,yfinance
