date,open,high,low,close,volume,source
2019-01-02,34.65000153,34.86000061,34.06000137,34.45999908,6336900,yfinance
2019-01-03,34.24000168,34.31999969,32.72999954,32.90999985,10488900,yfinance
2019-01-04,33.41999817,34.40000153,33.41999817,34.20999908,8072500,yfinance
2019-01-07,34.34000015,34.95999908,34.18999863,34.41999817,6473900,yfinance
2019-01-08,34.90000153,35.50999832,34.56999969,35.38000107,10263700,yfinance
2019-01-09,35.66999817,36.33000183,35.52000046,35.88000107,7518100,yfinance
2019-01-10,35.68000031,35.99000168,35.36999893,35.95000076,5123600,yfinance
2019-01-11,35.63999939,35.77000046,35.18999863,35.56000137,5494500,yfinance
2019-01-14,35.27000046,35.56999969,35.08000183,35.31000137,3817400,yfinance
2019-01-15,35.41999817,36.88999939,35.40999985,36.72000122,10873900,yfinance
2019-01-16,36.74000168,36.86999893,36.47000122,36.61999893,5535800,yfinance
2019-01-17,36.54999924,37.24000168,36.41999817,36.81000137,6405200,yfinance
2019-01-18,37.13000107,37.77000046,36.66999817,37.68999863,9464800,yfinance
2019-01-22,37.13999939,37.52000046,36.91999817,37.25999832,5865900,yfinance
2019-01-23,37.45999908,37.61000061,36.68999863,37.18999863,3862700,yfinance
2019-01-24,37.27000046,37.54000092,37.15000153,37.22999954,5939700,yfinance
2019-01-25,37.40999985,37.70000076,37.29999924,37.45000076,3919200,yfinance
2019-01-28,37.20000076,37.20000076,36.68000031,36.84999847,5259000,yfinance
2019-01-29,36.83000183,37.11000061,36.59000015,37.00999832,8032700,yfinance
2019-01-30,37.15000153,37.61999893,37.0,37.41999817,13212500,yfinance
2019-01-31,37.47000122,38.24000168,37.40000153,38.15000153,10807100,yfinance
2019-02-01,38.15000153,38.38000107,37.70999908,37.93000031,6005200,yfinance
2019-02-04,37.84000015,38.04999924,37.59000015,37.93000031,6794000,yfinance
2019-02-05,38.06999969,38.13999939,37.58000183,37.75,11034200,yfinance
2019-02-06,37.29999924,39.02000046,37.25,38.77000046,11376600,yfinance
2019-02-07,38.38999939,39.09000015,38.15000153,38.84999847,9183500,yfinance
2019-02-08,38.43999863,39.22999954,38.38999939,39.18999863,6419700,yfinance
2019-02-11,39.31000137,39.59000015,39.09999847,39.31000137,5842000,yfinance
2019-02-12,39.5,40.33000183,39.41999817,40.04000092,7507300,yfinance
2019-02-13,40.11000061,40.24000168,39.38999939,39.59999847,6236600,yfinance
2019-02-14,39.5,40.06999969,39.36000061,39.91999817,5203300,yfinance
2019-02-15,40.31999969,40.31999969,39.70000076,40.00999832,10376200,yfinance
2019-02-19,40.02999878,40.18999863,39.79000092,39.86000061,4050700,yfinance
2019-02-20,39.86000061,40.29999924,39.61000061,40.11000061,7687500,yfinance
2019-02-21,39.93999863,40.22000122,39.84000015,40.11999893,8418000,yfinance
2019-02-22,40.27000046,40.81000137,40.16999817,40.52000046,9321500,yfinance
2019-02-25,40.65000153,40.75,39.99000168,39.99000168,12139000,yfinance
2019-02-26,40.0,40.0,39.54999924,39.86000061,4397300,yfinance
2019-02-27,39.63999939,40.11999893,39.59999847,39.93000031,5260200,yfinance
2019-02-28,39.88000107,40.31999969,39.75999832,40.11999893,5797300,yfinance
2019-03-01,40.47999954,40.90000153,40.13999939,40.75,5828000,yfinance
2019-03-04,40.93000031,41.0,39.66999817,40.29999924,7911500,yfinance
2019-03-05,40.31000137,40.47999954,40.02000046,40.18999863,4268700,yfinance
2019-03-06,40.25,40.27000046,39.65999985,39.77999878,3914200,yfinance
2019-03-07,39.75,39.90999985,39.36000061,39.59000015,4793400,yfinance
2019-03-08,39.33000183,39.56000137,38.99000168,39.50999832,4583100,yfinance
2019-03-11,39.72000122,39.97999954,39.50999832,39.90000153,4580100,yfinance
2019-03-12,39.99000168,40.38999939,39.84999847,40.25999832,3474200,yfinance
2019-03-13,40.41999817,40.77000046,40.13000107,40.22999954,6060500,yfinance
2019-03-14,40.18999863,40.22999954,39.88000107,40.04999924,6345700,yfinance
2019-03-15,40.11000061,40.66999817,40.06999969,40.20999908,9811700,yfinance
2019-03-18,39.97999954,40.0,37.68999863,37.97000122,19132300,yfinance
2019-03-19,38.11999893,38.52999878,37.61000061,38.16999817,10570100,yfinance
2019-03-20,38.11000061,38.27000046,37.63999939,37.86000061,9626800,yfinance
2019-03-21,37.70999908,38.25999832,37.61999893,38.15000153,8094300,yfinance
2019-03-22,38.09999847,38.13000107,37.27999878,37.29999924,6679900,yfinance
2019-03-25,37.29999924,37.81999969,37.09999847,37.63999939,8377900,yfinance
2019-03-26,38.06999969,38.59999847,37.74000168,37.84000015,7302500,yfinance
2019-03-27,37.84999847,38.09999847,37.31000137,37.49000168,4763600,yfinance
2019-03-28,37.63999939,37.95000076,37.40999985,37.91999817,4708800,yfinance
2019-03-29,38.15000153,38.65000153,37.99000168,38.38000107,7767900,yfinance
2019-04-01,38.81999969,39.0,38.5,38.65999985,11464900,yfinance
2019-04-02,38.70000076,38.70000076,38.34000015,38.52000046,5725200,yfinance
2019-04-03,38.70000076,38.74000168,38.15000153,38.33000183,6895800,yfinance
2019-04-04,38.45000076,38.45000076,37.79999924,38.15999985,4049900,yfinance
2019-04-05,38.22999954,38.31000137,37.93000031,38.15999985,4630100,yfinance
2019-04-08,38.09999847,38.20999908,37.70000076,38.15000153,4870800,yfinance
2019-04-09,38.06000137,38.34999847,37.93999863,38.20999908,4627500,yfinance
2019-04-10,38.24000168,38.58000183,38.18999863,38.36000061,5896200,yfinance
2019-04-11,38.5,38.50999832,37.86999893,37.91999817,4887600,yfinance
2019-04-12,37.95000076,38.04999924,37.56999969,37.72999954,4800100,yfinance
2019-04-15,37.81000137,37.90999985,37.49000168,37.81000137,5124100,yfinance
2019-04-16,38.09999847,38.25,35.59999847,36.16999817,32945500,yfinance
2019-04-17,35.79999924,36.33000183,34.84999847,34.90999985,16029700,yfinance
2019-04-18,35.08000183,35.52000046,34.34999847,35.11000061,10281000,yfinance
2019-04-22,34.90000153,35.41999817,34.63000107,34.93000031,7824200,yfinance
2019-04-23,35.11000061,35.90000153,34.95999908,35.88999939,13874000,yfinance
2019-04-24,35.0,36.13999939,34.77999878,35.43999863,19865500,yfinance
2019-04-25,35.47000122,37.15000153,35.43000031,36.93000031,13209900,yfinance
2019-04-26,37.16999817,37.49000168,36.79999924,37.38000107,9621600,yfinance
2019-04-29,37.27000046,37.56000137,36.65000153,36.72999954,6018000,yfinance
2019-04-30,36.77999878,37.18999863,36.59000015,37.11999893,7938900,yfinance
2019-05-01,37.11000061,37.13999939,36.34000015,36.38000107,6081000,yfinance
2019-05-02,36.25,36.88999939,36.11000061,36.88999939,10698600,yfinance
2019-05-03,37.04999924,37.29999924,36.84000015,37.20000076,7869300,yfinance
2019-05-06,36.56999969,37.47000122,36.50999832,37.36999893,7742300,yfinance
2019-05-07,37.08000183,37.25,36.47000122,36.77000046,6403000,yfinance
2019-05-08,36.75,37.20999908,36.36999893,36.70000076,7128900,yfinance
2019-05-09,36.34000015,37.11000061,36.06999969,37.06999969,8510500,yfinance
2019-05-10,36.81999969,36.90000153,35.88000107,36.58000183,7458700,yfinance
2019-05-13,36.29999924,36.36999893,35.88000107,35.97000122,5476000,yfinance
2019-05-14,36.20000076,37.11999893,36.09999847,36.75999832,6567200,yfinance
2019-05-15,36.63999939,37.38000107,36.59999847,37.06999969,8536900,yfinance
2019-05-16,37.20999908,38.31000137,37.20999908,37.61999893,7498800,yfinance
2019-05-17,37.08000183,37.88000107,37.06999969,37.31999969,5482100,yfinance
2019-05-20,37.15000153,37.38999939,36.81000137,37.29000092,5053300,yfinance
2019-05-21,37.63000107,37.88000107,37.40999985,37.70000076,7933000,yfinance
2019-05-22,37.65000153,37.88999939,37.45000076,37.72999954,3714200,yfinance
2019-05-23,37.68000031,37.81000137,37.29000092,37.79000092,6282500,yfinance
2019-05-24,37.70000076,38.65000153,37.66999817,38.47000122,8232400,yfinance
2019-05-28,38.54000092,39.15999985,38.34000015,38.45000076,14470400,yfinance
2019-05-29,38.40000153,38.5,37.70000076,38.06999969,6052500,yfinance
2019-05-30,38.20999908,38.68000031,38.02000046,38.43999863,6964500,yfinance
2019-05-31,38.15999985,38.59000015,37.61999893,38.40999985,6825900,yfinance
2019-06-03,38.47999954,38.66999817,38.08000183,38.29000092,5730800,yfinance
2019-06-04,38.75999832,39.13999939,38.20999908,39.04999924,6981900,yfinance
2019-06-05,39.18999863,40.15999985,39.18000031,40.00999832,11081400,yfinance
2019-06-06,40.11999893,40.93999863,39.63000107,40.54000092,12114700,yfinance
2019-06-07,40.83000183,41.63999939,40.75,41.27999878,17415500,yfinance
2019-06-10,41.18000031,41.79000092,41.18000031,41.45000076,8012400,yfinance
2019-06-11,41.68000031,42.0,40.81999969,41.16999817,8341700,yfinance
2019-06-12,41.13999939,41.47999954,40.45000076,40.79999924,7019100,yfinance
2019-06-13,40.81000137,40.95999908,40.38000107,40.65999985,7260900,yfinance
2019-06-14,40.75999832,40.95000076,40.33000183,40.41999817,5410000,yfinance
2019-06-17,40.45999908,40.74000168,40.31999969,40.68000031,3746000,yfinance
2019-06-18,41.04000092,41.68999863,40.88000107,40.93999863,5983000,yfinance
2019-06-19,40.79999924,41.77000046,40.58000183,41.65999985,6328700,yfinance
2019-06-20,41.99000168,42.40000153,41.49000168,41.86000061,6131600,yfinance
2019-06-21,41.79999924,41.86000061,41.31999969,41.68999863,8605800,yfinance
2019-06-24,41.56999969,42.02999878,41.52000046,42.00999832,5407000,yfinance
2019-06-25,42.06000137,42.31999969,41.70000076,41.72000122,5624400,yfinance
2019-06-26,41.68999863,41.70999908,40.66999817,41.38999939,6176900,yfinance
2019-06-27,41.77000046,42.27000046,41.52000046,41.93000031,8356900,yfinance
2019-06-28,41.95000076,43.02000046,41.86999893,42.97999954,12753800,yfinance
2019-07-01,43.40999985,43.65999985,42.63000107,42.90000153,7508200,yfinance
2019-07-02,43.04999924,43.27000046,42.36000061,42.68999863,7757300,yfinance
2019-07-03,42.72999954,42.81999969,42.36999893,42.63000107,3683600,yfinance
2019-07-05,42.41999817,42.70000076,42.29999924,42.61999893,4121700,yfinance
2019-07-08,42.34000015,42.72000122,42.22000122,42.61000061,6206500,yfinance
2019-07-09,42.45000076,43.09999847,42.43000031,43.06000137,5833900,yfinance
2019-07-10,43.06999969,43.27000046,42.61999893,42.88999939,6689500,yfinance
2019-07-11,43.15999985,43.20999908,42.63999939,43.20000076,4745300,yfinance
2019-07-12,43.13999939,43.20999908,42.09000015,42.25,8970600,yfinance
2019-07-15,42.27000046,42.66999817,42.09999847,42.45000076,4466100,yfinance
2019-07-16,42.56999969,42.68000031,41.83000183,41.86000061,4966300,yfinance
2019-07-17,42.11999893,42.45000076,42.02999878,42.24000168,6087700,yfinance
2019-07-18,42.13000107,42.93999863,42.04000092,42.63999939,6095900,yfinance
2019-07-19,42.84999847,42.95000076,42.18000031,42.25,6840100,yfinance
2019-07-22,42.47000122,42.75,42.31000137,42.5,5291000,yfinance
2019-07-23,42.70000076,42.88000107,42.34000015,42.88000107,6836400,yfinance
2019-07-24,42.06000137,42.91999817,41.52999878,42.86999893,8422000,yfinance
2019-07-25,42.88000107,43.0,41.97000122,42.00999832,6209400,yfinance
2019-07-26,42.38999939,42.56000137,41.86999893,42.08000183,4943200,yfinance
2019-07-29,42.0,42.40000153,41.88000107,42.29000092,3951600,yfinance
2019-07-30,42.11000061,42.86999893,41.86999893,42.86000061,4635200,yfinance
2019-07-31,42.84000015,43.16999817,42.06000137,42.45999908,6861500,yfinance
2019-08-01,42.47999954,43.52999878,41.90999985,42.61000061,7800400,yfinance
2019-08-02,42.65999985,42.83000183,42.15999985,42.75,5341300,yfinance
2019-08-05,42.18999863,42.31999969,40.90999985,41.36000061,7200100,yfinance
2019-08-06,41.63000107,42.33000183,41.40000153,42.33000183,4301500,yfinance
2019-08-07,42.0,42.40999985,41.09999847,42.18000031,5671900,yfinance
2019-08-08,42.25,42.86000061,42.24000168,42.75999832,5057700,yfinance
2019-08-09,42.70999908,43.45999908,42.65000153,43.20000076,4827200,yfinance
2019-08-12,43.09999847,43.15000153,42.25999832,42.33000183,3874200,yfinance
2019-08-13,42.27999878,43.11000061,42.16999817,42.86000061,3449000,yfinance
2019-08-14,42.43000031,42.52000046,41.40999985,41.43000031,5677000,yfinance
2019-08-15,41.47999954,42.09000015,41.34999847,41.86999893,4467300,yfinance
2019-08-16,42.18000031,42.41999817,41.86999893,42.15000153,3274900,yfinance
2019-08-19,43.06999969,43.06999969,42.45000076,42.74000168,2755400,yfinance
2019-08-20,42.74000168,43.20000076,42.47000122,42.5,4168900,yfinance
2019-08-21,42.77999878,42.86000061,42.31999969,42.54999924,3742700,yfinance
2019-08-22,42.68999863,42.93999863,42.31999969,42.68999863,3333700,yfinance
2019-08-23,42.68999863,42.72000122,41.0,41.16999817,5308100,yfinance
2019-08-26,41.52999878,41.86999893,41.27999878,41.84999847,3434800,yfinance
2019-08-27,42.02999878,42.34000015,41.93999863,42.22000122,5996700,yfinance
2019-08-28,42.0,42.72000122,41.95999908,42.49000168,4208100,yfinance
2019-08-29,42.83000183,43.40999985,42.49000168,42.84000015,5804900,yfinance
2019-08-30,43.02999878,43.22999954,42.5,42.72999954,3234400,yfinance
2019-09-03,42.5,42.65000153,41.31000137,41.66999817,4695500,yfinance
2019-09-04,42.04000092,42.09000015,41.36999893,42.04999924,3490900,yfinance
2019-09-05,42.54000092,42.68000031,42.13999939,42.61000061,4867000,yfinance
2019-09-06,42.95000076,43.84000015,42.63000107,43.45000076,6349400,yfinance
2019-09-09,43.49000168,43.54999924,41.63000107,41.74000168,6171300,yfinance
2019-09-10,41.27999878,41.36000061,39.83000183,41.29999924,10912200,yfinance
2019-09-11,41.56000137,42.38000107,41.22999954,42.29999924,6370400,yfinance
2019-09-12,42.66999817,43.04999924,42.20000076,42.24000168,5676800,yfinance
2019-09-13,42.11000061,42.45000076,41.56000137,41.81000137,4535400,yfinance
2019-09-16,41.72999954,42.02000046,41.45000076,41.93999863,3097000,yfinance
2019-09-17,42.02999878,42.63999939,41.95999908,42.31999969,3935900,yfinance
2019-09-18,42.41999817,42.93999863,42.27999878,42.90000153,3971300,yfinance
2019-09-19,42.97000122,43.15000153,42.79000092,43.06000137,6465900,yfinance
2019-09-20,43.29000092,43.40000153,42.84999847,43.29000092,7963700,yfinance
2019-09-23,43.09999847,43.38000107,42.88999939,43.15000153,4025100,yfinance
2019-09-24,43.45000076,43.65000153,42.04999924,42.33000183,6496200,yfinance
2019-09-25,42.34000015,42.54999924,41.93999863,42.20000076,4364300,yfinance
2019-09-26,42.43999863,42.75999832,42.02000046,42.34999847,5157500,yfinance
2019-09-27,42.45000076,42.45999908,39.75,40.31000137,10846000,yfinance
2019-09-30,40.40999985,41.06000137,40.22000122,40.68999863,8016300,yfinance
2019-10-01,40.93000031,41.38000107,40.09999847,40.24000168,6121400,yfinance
2019-10-02,39.77000046,39.90999985,38.90000153,39.15000153,8009800,yfinance
2019-10-03,39.09000015,39.83000183,38.90000153,39.75,5459000,yfinance
2019-10-04,40.04000092,40.72000122,39.88999939,40.52999878,6229600,yfinance
2019-10-07,40.34999847,40.50999832,40.09999847,40.34999847,3601500,yfinance
2019-10-08,40.04999924,40.22999954,37.77999878,37.86999893,19410700,yfinance
2019-10-09,38.29999924,38.88000107,38.22999954,38.61000061,8593300,yfinance
2019-10-10,38.29000092,38.56999969,37.65000153,37.97999954,17235800,yfinance
2019-10-11,38.31999969,38.95000076,38.11000061,38.22999954,16058100,yfinance
2019-10-14,38.27999878,38.52000046,37.95000076,37.97000122,5479900,yfinance
2019-10-15,38.38000107,38.65999985,37.75999832,38.45999908,10241400,yfinance
2019-10-16,38.22000122,38.40000153,37.86999893,38.18000031,14814100,yfinance
2019-10-17,38.43000031,38.56000137,38.13000107,38.16999817,6319400,yfinance
2019-10-18,38.25,38.65999985,38.00999832,38.47000122,10584800,yfinance
2019-10-21,38.66999817,38.95000076,38.5,38.65000153,8590100,yfinance
2019-10-22,38.90000153,38.93999863,38.09000015,38.18000031,9707000,yfinance
2019-10-23,40.75,41.24000168,39.77000046,40.09000015,21256800,yfinance
2019-10-24,40.22000122,40.72000122,39.88999939,40.54000092,10727900,yfinance
2019-10-25,40.47999954,41.24000168,40.25999832,40.84999847,6549000,yfinance
2019-10-28,40.84999847,41.68000031,40.81000137,41.56999969,6527800,yfinance
2019-10-29,41.36000061,42.11000061,41.25,41.75,4831300,yfinance
2019-10-30,41.86000061,42.04000092,41.36999893,42.00999832,4275000,yfinance
2019-10-31,41.91999817,42.06999969,41.61000061,41.70000076,5321700,yfinance
2019-11-01,42.04999924,42.41999817,41.40999985,41.50999832,7382400,yfinance
2019-11-04,41.70999908,41.70999908,40.81999969,40.97999954,6187200,yfinance
2019-11-05,40.90000153,40.95999908,40.15999985,40.59000015,5801200,yfinance
2019-11-06,40.75,40.97000122,40.18999863,40.72000122,4296000,yfinance
2019-11-07,40.75999832,41.02999878,40.33000183,40.72000122,4586100,yfinance
2019-11-08,40.61000061,40.86000061,40.40999985,40.50999832,3235600,yfinance
2019-11-11,40.31999969,40.79000092,40.04000092,40.16999817,5199700,yfinance
2019-11-12,40.22000122,41.29000092,40.16999817,41.22000122,7076700,yfinance
2019-11-13,41.27999878,41.54999924,41.00999832,41.41999817,5097400,yfinance
2019-11-14,41.45000076,41.65999985,41.25999832,41.56999969,4674500,yfinance
2019-11-15,41.88999939,42.31999969,41.56000137,42.31000137,7513700,yfinance
2019-11-18,42.36000061,43.49000168,42.16999817,42.29000092,11969800,yfinance
2019-11-19,42.36000061,42.72999954,42.06999969,42.63000107,5389200,yfinance
2019-11-20,42.59000015,42.84000015,42.31000137,42.61000061,5274400,yfinance
2019-11-21,42.49000168,42.56000137,41.86999893,42.36000061,3935700,yfinance
2019-11-22,42.47999954,42.54999924,41.65000153,41.84999847,5655500,yfinance
2019-11-25,42.09999847,42.88999939,41.99000168,42.84999847,5029900,yfinance
2019-11-26,42.86000061,42.88000107,42.59999847,42.83000183,5847900,yfinance
2019-11-27,43.0,43.33000183,42.86999893,43.20999908,4736000,yfinance
2019-11-29,43.15000153,43.34999847,42.86999893,43.25,2375500,yfinance
2019-12-02,43.33000183,43.40000153,42.34999847,42.72000122,4920700,yfinance
2019-12-03,42.31000137,42.79000092,42.22000122,42.61000061,3176200,yfinance
2019-12-04,42.81999969,43.11999893,42.70999908,43.00999832,3657700,yfinance
2019-12-05,43.06000137,43.40999985,42.56999969,43.25999832,5409200,yfinance
2019-12-06,43.5,44.22000122,43.36000061,44.08000183,7951400,yfinance
2019-12-09,44.06999969,44.16999817,43.65999985,43.70999908,9749900,yfinance
2019-12-10,43.72999954,44.31000137,43.5,44.00999832,5704800,yfinance
2019-12-11,44.0,44.04000092,43.77000046,43.81999969,5844200,yfinance
2019-12-12,43.81000137,44.84999847,43.77999878,44.66999817,7023100,yfinance
2019-12-13,44.45000076,45.27000046,44.40000153,45.09000015,7539000,yfinance
2019-12-16,45.45000076,45.68000031,45.13999939,45.20000076,8569200,yfinance
2019-12-17,45.11000061,45.20999908,44.49000168,44.75,9109500,yfinance
2019-12-18,44.86999893,44.90999985,44.63999939,44.74000168,4932600,yfinance
2019-12-19,44.18000031,44.95999908,44.13000107,44.83000183,6883100,yfinance
2019-12-20,45.25999832,46.61999893,45.08000183,45.36999893,14231800,yfinance
2019-12-23,45.47999954,45.47999954,44.81000137,45.22000122,5062100,yfinance
2019-12-24,45.22000122,45.40999985,45.13999939,45.31000137,1036800,yfinance
2019-12-26,45.34000015,45.34000015,45.00999832,45.25999832,2009000,yfinance
2019-12-27,45.40000153,45.41999817,45.11000061,45.22000122,2123400,yfinance
2019-12-30,45.31000137,45.36999893,44.93999863,44.99000168,3868200,yfinance
2019-12-31,44.95000076,45.22999954,44.72000122,45.22000122,3725800,yfinance
2020-01-02,45.5,45.59000015,44.93999863,45.33000183,6092400,yfinance
2020-01-03,44.52000046,45.20999908,44.34999847,44.97999954,4704100,yfinance
2020-01-06,44.84999847,45.56999969,44.68000031,45.34999847,5768900,yfinance
2020-01-07,45.11999893,45.58000183,44.97000122,45.40000153,4298400,yfinance
2020-01-08,45.59999847,46.06000137,45.47000122,45.63999939,5071800,yfinance
2020-01-09,45.95999908,46.13000107,45.49000168,45.70999908,7225800,yfinance
2020-01-10,45.95000076,46.11000061,45.54999924,45.66999817,5491700,yfinance
2020-01-13,45.65000153,45.72999954,45.36000061,45.47000122,4877600,yfinance
2020-01-14,42.40999985,42.81999969,41.65000153,42.65999985,27589000,yfinance
2020-01-15,42.81000137,42.83000183,42.34000015,42.56999969,12805500,yfinance
2020-01-16,42.70999908,43.33000183,42.65999985,43.20000076,11654300,yfinance
2020-01-17,43.20000076,44.31000137,43.13999939,44.27999878,15909800,yfinance
2020-01-21,44.18000031,44.38999939,43.75999832,44.06999969,8590000,yfinance
2020-01-22,44.40999985,44.43999863,43.95999908,44.04999924,6515200,yfinance
2020-01-23,43.91999817,44.02999878,43.18999863,43.56999969,6366700,yfinance
2020-01-24,43.59999847,43.70000076,43.04000092,43.20999908,4022300,yfinance
2020-01-27,42.5,43.13000107,42.34999847,42.65000153,5672400,yfinance
2020-01-28,42.75,43.59000015,42.63000107,43.45000076,7223100,yfinance
2020-01-29,43.63000107,44.20000076,43.41999817,43.95000076,6629600,yfinance
2020-01-30,43.5,43.77000046,43.11999893,43.40999985,8792500,yfinance
2020-01-31,43.29000092,43.29999924,41.79000092,41.86999893,12425000,yfinance
2020-02-03,42.16999817,42.56000137,42.09999847,42.22999954,8763400,yfinance
2020-02-04,42.83000183,43.20000076,42.70000076,42.88000107,9126100,yfinance
2020-02-05,43.04999924,43.33000183,42.43999863,42.61999893,13227100,yfinance
2020-02-06,42.59999847,43.24000168,42.24000168,43.00999832,6994200,yfinance
2020-02-07,42.75,42.95000076,41.95000076,42.18999863,8381700,yfinance
2020-02-10,42.02000046,42.52999878,41.88000107,42.22000122,6151700,yfinance
2020-02-11,42.31999969,42.66999817,42.11000061,42.56999969,4861100,yfinance
2020-02-12,42.61000061,42.75,42.22999954,42.22999954,8374100,yfinance
2020-02-13,42.16999817,42.47000122,41.81000137,42.18000031,6406700,yfinance
2020-02-14,42.27000046,42.40999985,42.08000183,42.31000137,7289900,yfinance
2020-02-18,42.25,42.36999893,41.65000153,42.15999985,8024500,yfinance
2020-02-19,42.31000137,43.43999863,42.27999878,43.02000046,7412000,yfinance
2020-02-20,43.02000046,43.15999985,42.02999878,42.5,6123500,yfinance
2020-02-21,42.25999832,42.84999847,42.04000092,42.61999893,7282400,yfinance
2020-02-24,41.47999954,41.90000153,40.91999817,41.08000183,6536700,yfinance
2020-02-25,41.15000153,41.31999969,39.70999908,39.90999985,8745400,yfinance
2020-02-26,40.36999893,40.59999847,39.36999893,39.38999939,10062300,yfinance
2020-02-27,38.61999893,39.58000183,37.88999939,37.91999817,15338000,yfinance
2020-02-28,37.09000015,37.54000092,36.25999832,37.38999939,19870200,yfinance
2020-03-02,37.59999847,38.27000046,36.70999908,38.27000046,14333700,yfinance
2020-03-03,38.29999924,39.36000061,36.56000137,37.22999954,13875500,yfinance
2020-03-04,38.04999924,38.77999878,37.22999954,38.75,10112500,yfinance
2020-03-05,37.99000168,37.99000168,36.34999847,37.45999908,20434800,yfinance
2020-03-06,36.13999939,37.70000076,35.88000107,37.59999847,17949100,yfinance
2020-03-09,34.91999817,35.09999847,33.66999817,34.09000015,15378700,yfinance
2020-03-10,35.91999817,35.91999817,33.72999954,35.18000031,13372200,yfinance
2020-03-11,34.16999817,34.79000092,33.47000122,33.86000061,20113200,yfinance
2020-03-12,31.62999916,33.52999878,30.56999969,31.0,23545300,yfinance
2020-03-13,32.54000092,32.70999908,29.35000038,32.33000183,17420900,yfinance
2020-03-16,28.71999931,29.22999954,27.15999985,27.54999924,17232100,yfinance
2020-03-17,28.10000038,29.04000092,26.34000015,28.79000092,18097200,yfinance
2020-03-18,26.97999954,27.70000076,25.40999985,27.23999977,18167500,yfinance
2020-03-19,26.73999977,28.87000084,25.51000023,28.27000046,12088500,yfinance
2020-03-20,28.62999916,28.78000069,27.10000038,27.23999977,11222900,yfinance
2020-03-23,26.89999962,27.19000053,24.10000038,25.82999992,17190500,yfinance
2020-03-24,26.80999947,28.62999916,26.77000046,28.21999931,16752800,yfinance
2020-03-25,28.12000084,31.23999977,27.28000069,29.92000008,19681700,yfinance
2020-03-26,30.30999947,31.81999969,30.05999947,31.42000008,13137400,yfinance
2020-03-27,30.31999969,31.38999939,29.46999931,30.61000061,11232700,yfinance
2020-03-30,30.77000046,31.85000038,29.55999947,31.63999939,12192900,yfinance
2020-03-31,31.54000092,33.25,31.03000069,32.63000107,14174100,yfinance
2020-04-01,31.62000084,31.87999916,29.93000031,30.19000053,9990600,yfinance
2020-04-02,30.01000023,31.45999908,29.64999962,31.04999924,12401900,yfinance
2020-04-03,30.81999969,31.52000046,30.62999916,31.17000008,10895500,yfinance
2020-04-06,32.90999985,33.18999863,32.49000168,32.88000107,13647100,yfinance
2020-04-07,34.33000183,35.72000122,33.38000107,33.68999863,21342400,yfinance
2020-04-08,33.99000168,35.70000076,33.70000076,35.13000107,13608500,yfinance
2020-04-09,35.25,37.24000168,34.99000168,36.83000183,19098700,yfinance
2020-04-13,36.58000183,36.75,34.40000153,35.20999908,11990400,yfinance
2020-04-14,35.81000137,36.45000076,35.43000031,35.91999817,12337200,yfinance
2020-04-15,35.18999863,35.24000168,34.18999863,34.79000092,9994300,yfinance
2020-04-16,35.02999878,35.58000183,34.81999969,35.45000076,8086400,yfinance
2020-04-17,36.65000153,38.47000122,36.65000153,38.29000092,19998000,yfinance
2020-04-20,37.81999969,38.47999954,37.25,37.25,10392400,yfinance
2020-04-21,36.18999863,36.63000107,35.0,35.04999924,11514900,yfinance
2020-04-22,35.52999878,35.88999939,34.36999893,35.49000168,10398000,yfinance
2020-04-23,35.88999939,36.75999832,35.81000137,36.40000153,8425200,yfinance
2020-04-24,36.77999878,37.27000046,36.45999908,36.90000153,8100900,yfinance
2020-04-27,37.18000031,37.43999863,36.63999939,37.0,10040400,yfinance
2020-04-28,37.41999817,37.5,35.84999847,35.93000031,8984200,yfinance
2020-04-29,36.79999924,37.88000107,36.29000092,37.43000031,12659900,yfinance
2020-04-30,36.88000107,37.77000046,36.68999863,37.47999954,11143100,yfinance
2020-05-01,36.95000076,36.97000122,35.75999832,35.99000168,7484800,yfinance
2020-05-04,35.70999908,36.06000137,35.43999863,35.83000183,5631400,yfinance
2020-05-05,36.06000137,37.36999893,36.06000137,36.81000137,7002200,yfinance
2020-05-06,37.0,37.11999893,35.86999893,35.88999939,6826300,yfinance
2020-05-07,36.54999924,37.09000015,36.38000107,37.0,8829200,yfinance
2020-05-08,37.5,38.36000061,37.15000153,38.18000031,10191900,yfinance
2020-05-11,37.86000061,38.33000183,37.00999832,37.77999878,7992300,yfinance
2020-05-12,37.90999985,37.95000076,36.97000122,36.97999954,8027300,yfinance
2020-05-13,36.84999847,36.93999863,35.47999954,35.77000046,8053500,yfinance
2020-05-14,35.31999969,35.83000183,34.52999878,35.5,6564800,yfinance
2020-05-15,35.27999878,35.31999969,34.22000122,34.83000183,10291500,yfinance
2020-05-18,35.75999832,36.86999893,35.75999832,36.41999817,13687100,yfinance
2020-05-19,36.38999939,36.56999969,35.40000153,35.43000031,11366700,yfinance
2020-05-20,35.91999817,37.49000168,35.77000046,37.18000031,10708500,yfinance
2020-05-21,35.52000046,36.13000107,34.45000076,34.79000092,24248300,yfinance
2020-05-22,35.56999969,36.31999969,35.27000046,35.90999985,28426100,yfinance
2020-05-26,37.02999878,37.02999878,35.86000061,36.18999863,12272300,yfinance
2020-05-27,36.36000061,37.18000031,36.00999832,37.13999939,9472800,yfinance
2020-05-28,37.45000076,37.99000168,37.11000061,37.47000122,8924300,yfinance
2020-05-29,37.68000031,38.04000092,36.70000076,37.99000168,10062600,yfinance
2020-06-01,37.70999908,38.18000031,37.41999817,37.5,6174600,yfinance
2020-06-02,37.61999893,37.93000031,37.45999908,37.54000092,10371200,yfinance
2020-06-03,37.75,38.02999878,37.24000168,37.90999985,12471900,yfinance
2020-06-04,37.84000015,37.84000015,37.22999954,37.41999817,6797000,yfinance
2020-06-05,38.15000153,39.33000183,38.0,38.83000183,12623000,yfinance
2020-06-08,38.68000031,39.29999924,38.66999817,39.11000061,8499800,yfinance
2020-06-09,38.86000061,38.86000061,38.13000107,38.25999832,11969600,yfinance
2020-06-10,38.36000061,38.36000061,36.99000168,37.49000168,10655100,yfinance
2020-06-11,36.43999863,36.70000076,34.68999863,35.04999924,16345600,yfinance
2020-06-12,35.95000076,36.40000153,34.65999985,35.34999847,13770400,yfinance
2020-06-15,34.70000076,36.13999939,34.09999847,35.86999893,11279700,yfinance
2020-06-16,37.06999969,37.43999863,36.43000031,36.70000076,11106100,yfinance
2020-06-17,36.68000031,37.20999908,36.43999863,36.88999939,7938700,yfinance
2020-06-18,36.65000153,36.91999817,36.40000153,36.68000031,6465400,yfinance
2020-06-19,37.31999969,37.34999847,36.47999954,36.59000015,20440300,yfinance
2020-06-22,36.43999863,36.52999878,35.59000015,35.97000122,9613300,yfinance
2020-06-23,36.31000137,36.70000076,36.20000076,36.25,7283200,yfinance
2020-06-24,35.97000122,35.97000122,33.31999969,33.84999847,21114700,yfinance
2020-06-25,33.72000122,33.99000168,33.13999939,33.88999939,12503100,yfinance
2020-06-26,33.77000046,33.90999985,33.09000015,33.27999878,35515700,yfinance
2020-06-29,33.56000137,34.65000153,33.0,34.65000153,13311000,yfinance
2020-06-30,34.61000061,35.31000137,34.22999954,35.11000061,12027300,yfinance
2020-07-01,35.16999817,35.52999878,34.75999832,35.27999878,7642700,yfinance
2020-07-02,35.65000153,36.04999924,35.27999878,35.38000107,4738200,yfinance
2020-07-06,35.86999893,35.95999908,35.34000015,35.59000015,6481400,yfinance
2020-07-07,35.22999954,35.52000046,34.58000183,34.63999939,9826400,yfinance
2020-07-08,34.66999817,34.72999954,34.20000076,34.54999924,13840400,yfinance
2020-07-09,34.56999969,34.75,33.77000046,34.5,12329300,yfinance
2020-07-10,34.43000031,34.75,34.27999878,34.68000031,9757300,yfinance
2020-07-13,35.09000015,35.24000168,34.27000046,34.43999863,10120900,yfinance
2020-07-14,34.38000107,35.27000046,34.24000168,35.22000122,10133200,yfinance
2020-07-15,35.93999863,36.84000015,35.86000061,36.70000076,9442600,yfinance
2020-07-16,36.86999893,37.04999924,36.18999863,36.36999893,9383300,yfinance
2020-07-17,36.5,37.91999817,36.27999878,37.70999908,8714200,yfinance
2020-07-20,37.56999969,37.90000153,36.79999924,37.16999817,8015100,yfinance
2020-07-21,37.25999832,37.84999847,37.16999817,37.47999954,5777300,yfinance
2020-07-22,37.56999969,38.75999832,37.50999832,38.38999939,7846200,yfinance
2020-07-23,38.29000092,38.81999969,38.13999939,38.43000031,6623900,yfinance
2020-07-24,38.52999878,38.65999985,38.11000061,38.59999847,6673300,yfinance
2020-07-27,38.61000061,38.68000031,38.15999985,38.34999847,9552700,yfinance
2020-07-28,38.22999954,38.68000031,37.95999908,38.27000046,8617300,yfinance
2020-07-29,40.0,40.5,39.15000153,39.81000137,15966300,yfinance
2020-07-30,39.15999985,39.33000183,38.38000107,38.93999863,7300800,yfinance
2020-07-31,38.84000015,38.90000153,37.95000076,38.56999969,7060400,yfinance
2020-08-03,38.68999863,38.88000107,37.99000168,38.0,6145500,yfinance
2020-08-04,37.77999878,37.99000168,37.08000183,37.15000153,7749600,yfinance
2020-08-05,37.29999924,38.02000046,37.16999817,37.72999954,6395800,yfinance
2020-08-06,37.72000122,37.93999863,37.34999847,37.88999939,4367800,yfinance
2020-08-07,37.77000046,38.99000168,37.63000107,38.97000122,8645400,yfinance
2020-08-10,38.99000168,39.15000153,38.77999878,38.97999954,4329200,yfinance
2020-08-11,39.45999908,39.86999893,39.24000168,39.31000137,7954900,yfinance
2020-08-12,39.45999908,40.22999954,39.36000061,39.95999908,6500100,yfinance
2020-08-13,39.74000168,39.91999817,39.31999969,39.75,4636600,yfinance
2020-08-14,39.36999893,39.50999832,38.95000076,39.15999985,5708900,yfinance
2020-08-17,39.11999893,39.75,39.11999893,39.34999847,4785900,yfinance
2020-08-18,39.5,39.59999847,39.15000153,39.33000183,5267300,yfinance
2020-08-19,39.40999985,39.74000168,39.25999832,39.34999847,5697500,yfinance
2020-08-20,39.0,39.31999969,38.81000137,38.86000061,4661200,yfinance
2020-08-21,38.70999908,38.72000122,37.95000076,38.43000031,8239400,yfinance
2020-08-24,38.59999847,38.97000122,38.41999817,38.93999863,7824900,yfinance
2020-08-25,39.31999969,39.74000168,39.11000061,39.63999939,8218200,yfinance
2020-08-26,39.68999863,39.68999863,38.70999908,39.34999847,4574200,yfinance
2020-08-27,39.40000153,41.00999832,39.40000153,40.77999878,8959500,yfinance
2020-08-28,40.70999908,41.04999924,40.43000031,41.02999878,4542200,yfinance
2020-08-31,40.93000031,41.24000168,40.74000168,41.02000046,7473600,yfinance
2020-09-01,40.70000076,41.49000168,40.70000076,41.47000122,7997300,yfinance
2020-09-02,41.5,42.29000092,41.47000122,42.22999954,9847100,yfinance
2020-09-03,42.15000153,42.36999893,41.13999939,41.49000168,9762800,yfinance
2020-09-04,41.59000015,41.95999908,40.84999847,41.47999954,9232500,yfinance
2020-09-08,41.06000137,41.29999924,40.61000061,40.91999817,7104900,yfinance
2020-09-09,41.27000046,41.93999863,41.13999939,41.52999878,5876900,yfinance
2020-09-10,41.58000183,41.86000061,40.84999847,40.97000122,5182700,yfinance
2020-09-11,40.95000076,41.04999924,39.97999954,40.29000092,7142900,yfinance
2020-09-14,40.65999985,41.34000015,40.59000015,41.11999893,4797600,yfinance
2020-09-15,41.33000183,41.56000137,40.88000107,41.02000046,3644800,yfinance
2020-09-16,41.24000168,41.27999878,39.93999863,40.18999863,8530000,yfinance
2020-09-17,39.91999817,39.91999817,39.09000015,39.66999817,10884000,yfinance
2020-09-18,39.59999847,39.99000168,38.38999939,38.47999954,10720400,yfinance
2020-09-21,37.83000183,38.54999924,37.52000046,38.54999924,10625600,yfinance
2020-09-22,38.50999832,38.63999939,37.90000153,38.59999847,7024700,yfinance
2020-09-23,38.65999985,38.75999832,37.63999939,37.72000122,7462000,yfinance
2020-09-24,37.43000031,37.54000092,36.86000061,37.11999893,9270500,yfinance
2020-09-25,36.88999939,37.65000153,36.79999924,37.34000015,7749100,yfinance
2020-09-28,38.06999969,38.45000076,37.97999954,38.0,6436500,yfinance
2020-09-29,38.18000031,38.25999832,37.54000092,37.75999832,5951300,yfinance
2020-09-30,37.83000183,38.70999908,37.72999954,38.20999908,7711800,yfinance
2020-10-01,38.56000137,38.93999863,38.18999863,38.41999817,6098400,yfinance
2020-10-02,37.79999924,38.65999985,37.75999832,38.47999954,6270900,yfinance
2020-10-05,38.75,39.34000015,38.65999985,39.24000168,4448900,yfinance
2020-10-06,39.79999924,40.40000153,39.25,39.33000183,7833500,yfinance
2020-10-07,39.58000183,40.43999863,39.58000183,40.18000031,5785100,yfinance
2020-10-08,40.25,40.56999969,40.18999863,40.49000168,4484000,yfinance
2020-10-09,41.04000092,41.25,40.70000076,41.13999939,6020200,yfinance
2020-10-12,41.43999863,42.13000107,41.22000122,41.97000122,7690300,yfinance
2020-10-13,41.81999969,41.91999817,40.70000076,40.91999817,7399700,yfinance
2020-10-14,40.77000046,40.90999985,40.20000076,40.61999893,12537900,yfinance
2020-10-15,40.11999893,40.66999817,38.5,39.0,15111200,yfinance
2020-10-16,39.0,39.18000031,38.41999817,38.43999863,18559000,yfinance
2020-10-19,38.50999832,38.63999939,37.70999908,37.77000046,11197200,yfinance
2020-10-20,37.97999954,38.11999893,37.54000092,37.54000092,8140400,yfinance
2020-10-21,37.50999832,37.72000122,37.11999893,37.15000153,11644000,yfinance
2020-10-22,37.18999863,37.54000092,36.74000168,36.86000061,15047900,yfinance
2020-10-23,37.0,37.40999985,36.70999908,37.16999817,12412600,yfinance
2020-10-26,36.68999863,37.25999832,36.27999878,36.86000061,9594500,yfinance
2020-10-27,36.86000061,36.99000168,35.99000168,36.04999924,12082100,yfinance
2020-10-28,35.75,35.99000168,33.90000153,34.06999969,17957200,yfinance
2020-10-29,33.97999954,34.25,33.13999939,33.5,27743300,yfinance
2020-10-30,33.31000137,34.65999985,33.31000137,34.27000046,20324500,yfinance
2020-11-02,34.65999985,34.90999985,34.34000015,34.54999924,14351800,yfinance
2020-11-03,35.06000137,35.63999939,34.79999924,35.15000153,9313500,yfinance
2020-11-04,35.5,35.75,34.24000168,35.29000092,14830800,yfinance
2020-11-05,36.0,36.09000015,35.09999847,35.20999908,11132700,yfinance
2020-11-06,35.31000137,35.86999893,35.09000015,35.70000076,11142400,yfinance
2020-11-09,38.49000168,39.5,38.15999985,38.20999908,21384700,yfinance
2020-11-10,38.25,38.52999878,37.91999817,38.20000076,10274700,yfinance
2020-11-11,38.15000153,38.34999847,37.18000031,37.40000153,9712900,yfinance
2020-11-12,37.16999817,37.38999939,36.52999878,36.74000168,15709500,yfinance
2020-11-13,36.95000076,38.15000153,36.75,37.97999954,18920800,yfinance
2020-11-16,38.66999817,38.77000046,37.70000076,38.02999878,7849600,yfinance
2020-11-17,35.49000168,35.5,33.97999954,35.02999878,34678300,yfinance
2020-11-18,35.20999908,35.20999908,33.86000061,34.25999832,22512300,yfinance
2020-11-19,34.33000183,34.5,33.95999908,34.20999908,14816300,yfinance
2020-11-20,34.08000183,34.31999969,33.63999939,33.70000076,15401400,yfinance
2020-11-23,33.70000076,33.88999939,32.99000168,33.33000183,18822000,yfinance
2020-11-24,33.68999863,34.08000183,33.61000061,33.79000092,18848000,yfinance
2020-11-25,33.86999893,33.99000168,33.5,33.54999924,9814100,yfinance
2020-11-27,33.90000153,33.90000153,33.43999863,33.59999847,6363600,yfinance
2020-11-30,33.61000061,33.61999893,33.00999832,33.15000153,15588200,yfinance
2020-12-01,33.5,33.95000076,33.36999893,33.65000153,14410600,yfinance
2020-12-02,33.59999847,34.27000046,33.25999832,34.15000153,19584300,yfinance
2020-12-03,34.15000153,34.20999908,33.70000076,33.81000137,21070900,yfinance
2020-12-04,33.79999924,34.41999817,33.56999969,34.40999985,26383200,yfinance
2020-12-07,34.36000061,34.49000168,33.90999985,34.25,18398500,yfinance
2020-12-08,34.04999924,34.15999985,33.68000031,33.97000122,20816200,yfinance
2020-12-09,34.02999878,34.34000015,33.72000122,34.13000107,14858300,yfinance
2020-12-10,34.04999924,34.27000046,33.95000076,34.0,11029000,yfinance
2020-12-11,33.75999832,34.13999939,33.43000031,33.59999847,14827300,yfinance
2020-12-14,33.93000031,34.25999832,33.41999817,33.45000076,8712900,yfinance
2020-12-15,33.81999969,34.97000122,33.75,34.66999817,16700400,yfinance
2020-12-16,34.75999832,35.65000153,34.58000183,35.13000107,13985100,yfinance
2020-12-17,35.18999863,35.40999985,35.02000046,35.38999939,10502700,yfinance
2020-12-18,35.54999924,36.13000107,35.31000137,35.45000076,23166400,yfinance
2020-12-21,34.93000031,35.0,34.15999985,34.81999969,10484600,yfinance
2020-12-22,34.79000092,34.93999863,34.18999863,34.36000061,9424000,yfinance
2020-12-23,34.50999832,34.90999985,34.36000061,34.36999893,7381100,yfinance
2020-12-24,34.45000076,34.63000107,34.22000122,34.59000015,2608800,yfinance
2020-12-28,34.75999832,35.06999969,34.70000076,34.91999817,4842000,yfinance
2020-12-29,35.20000076,35.72999954,35.08000183,35.5,8787200,yfinance
2020-12-30,35.5,35.72999954,35.38000107,35.54999924,6814000,yfinance
2020-12-31,35.59999847,36.00999832,35.36999893,35.95000076,6214500,yfinance
2021-01-04,36.08000183,36.09999847,35.02999878,35.27000046,14068700,yfinance
2021-01-05,35.38999939,36.47000122,35.13000107,36.24000168,14812600,yfinance
2021-01-06,35.97000122,36.93000031,35.86999893,36.75999832,13236500,yfinance
2021-01-07,36.75999832,36.81000137,36.34999847,36.56000137,7267400,yfinance
2021-01-08,36.58000183,37.04000092,36.52000046,36.75,7288700,yfinance
2021-01-11,36.38000107,36.54000092,36.16999817,36.43999863,7228300,yfinance
2021-01-12,36.29999924,36.36999893,34.58000183,35.33000183,19636300,yfinance
2021-01-13,35.25,36.18000031,35.20000076,36.06000137,9942200,yfinance
2021-01-14,36.09999847,36.45999908,35.90000153,36.15999985,10213200,yfinance
2021-01-15,36.15999985,36.56999969,35.88000107,36.33000183,15109400,yfinance
2021-01-19,36.88999939,36.88999939,35.93999863,36.27000046,8081100,yfinance
2021-01-20,36.27999878,36.81999969,36.06999969,36.65999985,7617800,yfinance
2021-01-21,36.70000076,37.74000168,36.5,37.52000046,12188100,yfinance
2021-01-22,37.52999878,37.59000015,37.0,37.02999878,7405600,yfinance
2021-01-25,36.88999939,37.13999939,36.43999863,36.77999878,6157800,yfinance
2021-01-26,36.75,36.88999939,36.49000168,36.63999939,5869600,yfinance
2021-01-27,36.25,36.38000107,35.65999985,35.81999969,15133800,yfinance
2021-01-28,35.93000031,36.56999969,35.59999847,36.34000015,16495200,yfinance
2021-01-29,36.11999893,36.68999863,35.04999924,35.43999863,18873500,yfinance
2021-02-01,35.83000183,36.15000153,35.22000122,35.95000076,12285400,yfinance
2021-02-02,36.04999924,37.06999969,35.97000122,36.63999939,12475900,yfinance
2021-02-03,36.45000076,37.58000183,36.29999924,37.45000076,16681600,yfinance
2021-02-04,37.5,39.06000137,37.40999985,38.75999832,16035400,yfinance
2021-02-05,39.0,39.40000153,38.81000137,38.95999908,19216700,yfinance
2021-02-08,38.91999817,39.68000031,38.91999817,39.56999969,10354700,yfinance
2021-02-09,39.50999832,39.59999847,38.68000031,39.25,11600400,yfinance
2021-02-10,39.25,39.5,38.52000046,38.84999847,8847400,yfinance
2021-02-11,39.00999832,39.15000153,38.59999847,38.86999893,5546600,yfinance
2021-02-12,38.75,38.81999969,38.18000031,38.38999939,12443900,yfinance
2021-02-16,38.27999878,38.45999908,37.68999863,37.93000031,8842800,yfinance
2021-02-17,37.61999893,37.77000046,37.36999893,37.5,6047100,yfinance
2021-02-18,37.27999878,37.74000168,36.88000107,37.52000046,6390200,yfinance
2021-02-19,37.59999847,38.06999969,37.18999863,38.02999878,9408000,yfinance
2021-02-22,37.91999817,39.34000015,37.84999847,39.20000076,10922100,yfinance
2021-02-23,39.20000076,39.61999893,38.72999954,38.75,10173800,yfinance
2021-02-24,38.75,39.86000061,38.66999817,39.52999878,9267100,yfinance
2021-02-25,39.54000092,39.95999908,39.31000137,39.66999817,11652200,yfinance
2021-02-26,39.50999832,39.68999863,38.72999954,38.77999878,13454400,yfinance
2021-03-01,39.11999893,39.18000031,38.47000122,38.90000153,7790600,yfinance
2021-03-02,38.90000153,38.99000168,38.56999969,38.75999832,6064500,yfinance
2021-03-03,38.68999863,39.00999832,38.31000137,38.81999969,6666900,yfinance
2021-03-04,39.02000046,39.08000183,37.52999878,37.93000031,8514200,yfinance
2021-03-05,38.36000061,39.70999908,38.18999863,39.54000092,12809200,yfinance
2021-03-08,39.52999878,39.99000168,39.13000107,39.52000046,9616400,yfinance
2021-03-09,39.5,40.13000107,39.43000031,39.54999924,13646600,yfinance
2021-03-10,39.79000092,39.81000137,39.24000168,39.34000015,7697000,yfinance
2021-03-11,39.29000092,39.34000015,38.61999893,38.65000153,6470600,yfinance
2021-03-12,38.61999893,39.04000092,38.50999832,38.84999847,5276300,yfinance
2021-03-15,39.0,39.47999954,38.56000137,39.40000153,7045800,yfinance
2021-03-16,39.33000183,39.52000046,38.59999847,38.86000061,6172500,yfinance
2021-03-17,38.95000076,39.24000168,38.66999817,38.88000107,6665600,yfinance
2021-03-18,38.84999847,38.97000122,38.15999985,38.18999863,8349700,yfinance
2021-03-19,38.18999863,38.63000107,37.61000061,38.16999817,12334400,yfinance
2021-03-22,38.16999817,38.63000107,37.95000076,38.22999954,5845500,yfinance
2021-03-23,38.22000122,38.22000122,37.15000153,37.24000168,6119600,yfinance
2021-03-24,37.22999954,38.00999832,37.20000076,37.58000183,7334500,yfinance
2021-03-25,37.68000031,37.97999954,37.13000107,37.91999817,5708600,yfinance
2021-03-26,37.95000076,38.25,37.52999878,38.22000122,7624400,yfinance
2021-03-29,38.04000092,38.81999969,38.0,38.59000015,6090900,yfinance
2021-03-30,38.40000153,39.06000137,38.25999832,38.95999908,5900600,yfinance
2021-03-31,39.0,39.09999847,38.52999878,38.65000153,5811100,yfinance
2021-04-01,38.61000061,38.77999878,38.0,38.58000183,5615300,yfinance
2021-04-05,38.86999893,39.13000107,38.72999954,39.04000092,4954600,yfinance
2021-04-06,39.20000076,39.25,38.84999847,38.95000076,7676500,yfinance
2021-04-07,38.95999908,39.22000122,38.74000168,38.84999847,4861400,yfinance
2021-04-08,38.93000031,39.11999893,38.65000153,38.72000122,3992100,yfinance
2021-04-09,38.77000046,39.33000183,38.54999924,39.31999969,5426100,yfinance
2021-04-12,39.25999832,39.47000122,38.88000107,39.34000015,4140700,yfinance
2021-04-13,39.22000122,39.47999954,39.09999847,39.40999985,6582100,yfinance
2021-04-14,39.34000015,39.97999954,39.33000183,39.66999817,4093900,yfinance
2021-04-15,39.88000107,41.06000137,39.84000015,40.86000061,8608100,yfinance
2021-04-16,41.13999939,41.18000031,40.59000015,40.90999985,7527600,yfinance
2021-04-19,40.79000092,40.97000122,40.52000046,40.88000107,6539400,yfinance
2021-04-20,40.81999969,41.72999954,40.70999908,41.13000107,10522600,yfinance
2021-04-21,41.24000168,42.54000092,41.0,42.31000137,14811400,yfinance
2021-04-22,42.31000137,42.79999924,42.02999878,42.56999969,12019300,yfinance
2021-04-23,42.59999847,42.93999863,42.58000183,42.72999954,9905800,yfinance
2021-04-26,42.81000137,42.90999985,42.22999954,42.27000046,11175800,yfinance
2021-04-27,41.99000168,42.75999832,41.59000015,42.40999985,8400800,yfinance
2021-04-28,43.86000061,44.63000107,43.75,44.24000168,16088200,yfinance
2021-04-29,44.27999878,44.29999924,43.63000107,44.09999847,8810700,yfinance
2021-04-30,43.84000015,43.95999908,43.36000061,43.59999847,12645600,yfinance
2021-05-03,43.59999847,43.79000092,43.43999863,43.63000107,7610600,yfinance
2021-05-04,43.5,43.5,43.09000015,43.33000183,9076400,yfinance
2021-05-05,43.47000122,43.66999817,43.04999924,43.09000015,6829900,yfinance
2021-05-06,43.02999878,43.11000061,42.61999893,43.04000092,8257500,yfinance
2021-05-07,43.09999847,43.83000183,42.99000168,43.13000107,6089300,yfinance
2021-05-10,43.15999985,43.61000061,43.08000183,43.25,6078400,yfinance
2021-05-11,43.15000153,43.38000107,42.36999893,42.52999878,10858500,yfinance
2021-05-12,42.34000015,42.34000015,41.22999954,41.34999847,9882700,yfinance
2021-05-13,41.50999832,41.88000107,41.33000183,41.61000061,5005900,yfinance
2021-05-14,41.84000015,42.04000092,41.54000092,41.54999924,4447600,yfinance
2021-05-17,41.5,41.81999969,41.22999954,41.72000122,5552100,yfinance
2021-05-18,41.72999954,42.18999863,41.65999985,41.77000046,5212300,yfinance
2021-05-19,41.25999832,41.5,41.04000092,41.43000031,5900600,yfinance
2021-05-20,41.36000061,42.27999878,41.22999954,41.91999817,4427500,yfinance
2021-05-21,42.13999939,42.63999939,42.06999969,42.11000061,5203600,yfinance
2021-05-24,42.36999893,42.97999954,42.20000076,42.79999924,7790600,yfinance
2021-05-25,43.00999832,43.34000015,42.68000031,43.02999878,5891500,yfinance
2021-05-26,41.52000046,42.34999847,41.04999924,41.83000183,10531800,yfinance
2021-05-27,42.04999924,42.22999954,41.77999878,41.95999908,8004500,yfinance
2021-05-28,42.36000061,42.86000061,42.08000183,42.54999924,5720700,yfinance
2021-06-01,42.81999969,43.20000076,42.5,42.93000031,8166500,yfinance
2021-06-02,43.0,43.06000137,41.54999924,41.61000061,11253700,yfinance
2021-06-03,41.36000061,41.54000092,40.86999893,41.34999847,5658900,yfinance
2021-06-04,41.77999878,42.11999893,41.40000153,42.02999878,5465300,yfinance
2021-06-07,42.20999908,42.70000076,42.00999832,42.13999939,7467400,yfinance
2021-06-08,42.36999893,42.38999939,41.43000031,42.02000046,4840000,yfinance
2021-06-09,42.04999924,42.40000153,42.02000046,42.33000183,3863500,yfinance
2021-06-10,42.49000168,42.90999985,42.38999939,42.84000015,3992000,yfinance
2021-06-11,42.75999832,42.93000031,42.38000107,42.90999985,5352800,yfinance
2021-06-14,42.93999863,42.93999863,42.36999893,42.54000092,5034100,yfinance
2021-06-15,42.70000076,42.93000031,42.38999939,42.75,6396200,yfinance
2021-06-16,42.81000137,43.02999878,42.52999878,42.77999878,4910600,yfinance
2021-06-17,42.72000122,43.5,42.70000076,43.34999847,6578600,yfinance
2021-06-18,43.11000061,43.36000061,42.81000137,43.02000046,8845300,yfinance
2021-06-21,43.29999924,43.81999969,43.16999817,43.59999847,6706000,yfinance
2021-06-22,43.52999878,43.91999817,43.29000092,43.83000183,5623300,yfinance
2021-06-23,43.79000092,43.97000122,43.61999893,43.79000092,3760400,yfinance
2021-06-24,43.99000168,44.20000076,43.70999908,43.70999908,6324800,yfinance
2021-06-25,43.86999893,44.27000046,43.84000015,44.09999847,6884200,yfinance
2021-06-28,44.0,44.22000122,43.04000092,43.33000183,6762800,yfinance
2021-06-29,43.36999893,43.5,42.97999954,43.22999954,5370200,yfinance
2021-06-30,43.29999924,43.29999924,42.43999863,42.75999832,8902400,yfinance
2021-07-01,42.77999878,43.50999832,42.68999863,43.36000061,5756400,yfinance
2021-07-02,43.40000153,44.0,43.20999908,43.91999817,4997800,yfinance
2021-07-06,43.79000092,43.79999924,43.25,43.61999893,6659700,yfinance
2021-07-07,43.72000122,43.99000168,43.54000092,43.93000031,5358000,yfinance
2021-07-08,43.45999908,43.54000092,42.79000092,43.34000015,6035200,yfinance
2021-07-09,43.66999817,43.83000183,43.38999939,43.59000015,4137100,yfinance
2021-07-12,43.36000061,43.61999893,43.36000061,43.49000168,3772600,yfinance
2021-07-13,43.38999939,43.52000046,43.0,43.06000137,4137100,yfinance
2021-07-14,43.24000168,43.34000015,42.65000153,42.74000168,4174500,yfinance
2021-07-15,42.41999817,42.54999924,41.86000061,42.15999985,6079700,yfinance
2021-07-16,42.31000137,42.43000031,41.97999954,42.09999847,5539700,yfinance
2021-07-19,41.65999985,41.83000183,40.93000031,41.22999954,6268200,yfinance
2021-07-20,41.31999969,43.0,41.31000137,42.79000092,8007700,yfinance
2021-07-21,43.18999863,43.83000183,43.02000046,43.58000183,7571100,yfinance
2021-07-22,43.63000107,43.91999817,43.18000031,43.54999924,4793700,yfinance
2021-07-23,43.84999847,44.27000046,43.68999863,44.11999893,5204200,yfinance
2021-07-26,43.86999893,44.08000183,43.68000031,43.97000122,5899300,yfinance
2021-07-27,44.63000107,46.02999878,43.77999878,45.50999832,14100200,yfinance
2021-07-28,45.40999985,45.79999924,44.83000183,45.43000031,8168100,yfinance
2021-07-29,45.52000046,45.56999969,44.91999817,45.31999969,5214500,yfinance
2021-07-30,45.18999863,45.93000031,45.00999832,45.59999847,9108200,yfinance
2021-08-02,45.77000046,46.29000092,45.34000015,45.88000107,10041100,yfinance
2021-08-03,45.90000153,45.93000031,45.15999985,45.54000092,7721500,yfinance
2021-08-04,45.38000107,45.59999847,44.24000168,44.25999832,8099900,yfinance
2021-08-05,44.45000076,44.65999985,44.06000137,44.65000153,6471000,yfinance
2021-08-06,44.70999908,44.74000168,44.29000092,44.70000076,5607500,yfinance
2021-08-09,44.70000076,44.86999893,43.68000031,43.81000137,5918500,yfinance
2021-08-10,43.84000015,43.97999954,42.13000107,42.65000153,14862700,yfinance
2021-08-11,42.81000137,43.95000076,42.70999908,43.63000107,7582800,yfinance
2021-08-12,43.65999985,44.25999832,43.47999954,44.06999969,5013700,yfinance
2021-08-13,44.0,44.36999893,43.84999847,44.33000183,3137400,yfinance
2021-08-16,44.29999924,44.70999908,44.09000015,44.65999985,5261700,yfinance
2021-08-17,44.63000107,45.38000107,44.36999893,45.15000153,8536400,yfinance
2021-08-18,45.08000183,45.09999847,44.06000137,44.09000015,10536400,yfinance
2021-08-19,43.99000168,44.56999969,43.79999924,44.27000046,4606900,yfinance
2021-08-20,44.20000076,44.50999832,43.93999863,44.43999863,5214800,yfinance
2021-08-23,44.5,44.59999847,43.81999969,43.99000168,10137900,yfinance
2021-08-24,44.15999985,45.68000031,44.00999832,44.84999847,7916700,yfinance
2021-08-25,44.68000031,45.31000137,44.45999908,44.81000137,4271400,yfinance
2021-08-26,44.70999908,44.88999939,44.52000046,44.65999985,4011300,yfinance
2021-08-27,44.84999847,45.04000092,44.59000015,44.79999924,4027500,yfinance
2021-08-30,44.88000107,45.09000015,44.63000107,44.83000183,3659900,yfinance
2021-08-31,44.88999939,45.27000046,44.68000031,45.15000153,6770000,yfinance
2021-09-01,45.33000183,45.70000076,44.90999985,45.58000183,5408500,yfinance
2021-09-02,45.79999924,45.86999893,44.95000076,45.06000137,7294900,yfinance
2021-09-03,45.0,45.11999893,44.45999908,44.91999817,8243800,yfinance
2021-09-07,44.65999985,45.15999985,44.27000046,45.09999847,3609900,yfinance
2021-09-08,45.02999878,45.79999924,44.86000061,45.50999832,5470400,yfinance
2021-09-09,45.5,45.95000076,45.27000046,45.40999985,4944400,yfinance
2021-09-10,45.40999985,45.56000137,44.25,44.45999908,5105700,yfinance
2021-09-13,44.72000122,44.88000107,43.81999969,44.20999908,5816100,yfinance
2021-09-14,44.54000092,45.00999832,44.09999847,44.84999847,4638100,yfinance
2021-09-15,44.88000107,45.36999893,44.61999893,45.00999832,5266700,yfinance
2021-09-16,45.00999832,45.11999893,44.63999939,44.90000153,5313500,yfinance
2021-09-17,44.52999878,44.70999908,43.91999817,44.36999893,8419600,yfinance
2021-09-20,43.79999924,44.08000183,43.24000168,43.63999939,7566100,yfinance
2021-09-21,44.02000046,44.36000061,43.34000015,43.36000061,6336200,yfinance
2021-09-22,43.43000031,44.93999863,43.22999954,44.31000137,8946300,yfinance
2021-09-23,44.50999832,45.40000153,44.31999969,45.0,8199300,yfinance
2021-09-24,44.90000153,45.09999847,44.38999939,44.70000076,4332900,yfinance
2021-09-27,44.50999832,44.81000137,44.22999954,44.45999908,4844900,yfinance
2021-09-28,44.22000122,44.31999969,43.47000122,43.66999817,4867700,yfinance
2021-09-29,43.84000015,44.20000076,43.72000122,43.88999939,5096900,yfinance
2021-09-30,43.90999985,44.27999878,43.38000107,43.38999939,6738400,yfinance
2021-10-01,43.49000168,44.02999878,43.20000076,43.79999924,4782100,yfinance
2021-10-04,43.52999878,43.77999878,42.00999832,42.40999985,8878100,yfinance
2021-10-05,42.52000046,43.22999954,42.43000031,42.43999863,5396300,yfinance
2021-10-06,42.18000031,42.90999985,41.86000061,42.86000061,5274300,yfinance
2021-10-07,43.20000076,44.25,43.20000076,43.61999893,6783000,yfinance
2021-10-08,43.63000107,44.02000046,43.09999847,43.15999985,4163600,yfinance
2021-10-11,42.97999954,43.24000168,42.09999847,42.13999939,3752000,yfinance
2021-10-12,42.29000092,42.49000168,41.95000076,42.09000015,4114700,yfinance
2021-10-13,42.15000153,42.33000183,41.75,41.79000092,5622400,yfinance
2021-10-14,42.06000137,43.36999893,42.06000137,43.25,6771600,yfinance
2021-10-15,43.58000183,43.68000031,43.04999924,43.40000153,5503500,yfinance
2021-10-18,43.00999832,43.04999924,42.25999832,42.79999924,4144200,yfinance
2021-10-19,43.22999954,44.47000122,43.11000061,44.13000107,6098000,yfinance
2021-10-20,44.45999908,45.0,44.22999954,44.47000122,7840300,yfinance
2021-10-21,44.29999924,44.93000031,44.04999924,44.86999893,5942900,yfinance
2021-10-22,44.79999924,45.11999893,44.59000015,44.84000015,3715100,yfinance
2021-10-25,44.99000168,45.02000046,44.43999863,44.49000168,5238900,yfinance
2021-10-26,44.65999985,44.75999832,44.27999878,44.31999969,5314600,yfinance
2021-10-27,45.11999893,45.43000031,43.58000183,43.72999954,6993000,yfinance
2021-10-28,43.52999878,43.84000015,43.06999969,43.24000168,5732200,yfinance
2021-10-29,43.08000183,43.27999878,42.58000183,43.13000107,7157700,yfinance
2021-11-01,43.29999924,43.41999817,42.75999832,42.79999924,8231300,yfinance
2021-11-02,43.06000137,43.5,42.56000137,43.20999908,12976800,yfinance
2021-11-03,43.11000061,43.31000137,42.31999969,42.90999985,10404700,yfinance
2021-11-04,42.97999954,43.18999863,42.08000183,42.5,7241400,yfinance
2021-11-05,42.54999924,44.56999969,42.5,43.15999985,14638300,yfinance
2021-11-08,43.29999924,43.52999878,42.72000122,43.34999847,7059300,yfinance
2021-11-09,43.34000015,43.38999939,42.56000137,42.79000092,4935600,yfinance
2021-11-10,42.61999893,43.02000046,42.34000015,42.45000076,4813200,yfinance
2021-11-11,42.45999908,42.61999893,41.66999817,41.95999908,9437700,yfinance
2021-11-12,42.11999893,42.27000046,41.61999893,42.06999969,9924300,yfinance
2021-11-15,42.18000031,42.27000046,41.15999985,41.34000015,9649400,yfinance
2021-11-16,41.31000137,41.63999939,40.88000107,41.41999817,9553800,yfinance
2021-11-17,41.81999969,42.02000046,41.38999939,41.61000061,6719300,yfinance
2021-11-18,41.65000153,41.65000153,40.81999969,41.20999908,7224500,yfinance
2021-11-19,41.15000153,41.16999817,40.5,41.02999878,7955600,yfinance
2021-11-22,41.11999893,41.20999908,40.45000076,40.70000076,6639200,yfinance
2021-11-23,40.54999924,41.08000183,39.77999878,40.22999954,11577700,yfinance
2021-11-24,40.22000122,40.77999878,40.13000107,40.70000076,7812200,yfinance
2021-11-26,40.0,40.16999817,38.43999863,38.56999969,9260600,yfinance
2021-11-29,38.84999847,39.20000076,38.43999863,38.59000015,9533500,yfinance
2021-11-30,38.41999817,39.06999969,37.95999908,38.06999969,14717300,yfinance
2021-12-01,38.70999908,39.41999817,38.11000061,38.13999939,10355800,yfinance
2021-12-02,38.27000046,39.66999817,38.18000031,39.59999847,11094200,yfinance
2021-12-03,39.83000183,40.09000015,38.97999954,39.45999908,8704000,yfinance
2021-12-06,39.88000107,41.27999878,39.75999832,40.70000076,8951800,yfinance
2021-12-07,41.24000168,42.06000137,41.04999924,41.40000153,10139200,yfinance
2021-12-08,41.41999817,41.86999893,41.31999969,41.65999985,4620000,yfinance
2021-12-09,41.38000107,41.86999893,40.95000076,41.27999878,5870500,yfinance
2021-12-10,41.38000107,41.52999878,40.90000153,41.16999817,4602700,yfinance
2021-12-13,41.04999924,41.74000168,41.0,41.43000031,5891200,yfinance
2021-12-14,41.29000092,41.49000168,40.70000076,40.84999847,6571200,yfinance
2021-12-15,40.83000183,41.09000015,39.77999878,40.24000168,14235000,yfinance
2021-12-16,40.27999878,41.16999817,40.22999954,40.43000031,13248900,yfinance
2021-12-17,40.38000107,41.47999954,40.13000107,40.86000061,11236100,yfinance
2021-12-20,40.31000137,40.31000137,39.27000046,39.5,11673200,yfinance
2021-12-21,39.97000122,41.15000153,39.83000183,41.11000061,9391500,yfinance
2021-12-22,41.06000137,42.20000076,41.0,42.15999985,7722800,yfinance
2021-12-23,42.52999878,43.04000092,42.24000168,42.72000122,6414900,yfinance
2021-12-27,42.70999908,43.18000031,42.52000046,43.11999893,4105400,yfinance
2021-12-28,43.11000061,43.59000015,43.02000046,43.24000168,5515000,yfinance
2021-12-29,43.31000137,43.41999817,43.02000046,43.16999817,3398400,yfinance
2021-12-30,43.16999817,43.41999817,42.95000076,42.99000168,3530500,yfinance
2021-12-31,42.81000137,43.06999969,42.47000122,42.47999954,4174400,yfinance
2022-01-03,42.59000015,43.15000153,42.09999847,43.11999893,5093500,yfinance
2022-01-04,43.31999969,44.63000107,43.20999908,43.63999939,9135000,yfinance
2022-01-05,43.5,44.13999939,43.04000092,43.04999924,6601200,yfinance
2022-01-06,43.09999847,43.36000061,42.54000092,42.59000015,5510700,yfinance
2022-01-07,42.40999985,42.75999832,42.06999969,42.11000061,5341300,yfinance
2022-01-10,41.90000153,42.43000031,41.43999863,42.40999985,6454500,yfinance
2022-01-11,42.65000153,43.65000153,42.38999939,43.40000153,6208600,yfinance
2022-01-12,43.58000183,44.65000153,43.41999817,44.40999985,13543700,yfinance
2022-01-13,44.24000168,45.31999969,44.06999969,44.56999969,11883600,yfinance
2022-01-14,44.16999817,44.95000076,43.84000015,44.86000061,8675000,yfinance
2022-01-18,44.29000092,44.5,43.93000031,44.22000122,10721500,yfinance
2022-01-19,44.16999817,44.72000122,44.0,44.04999924,8721800,yfinance
2022-01-20,44.08000183,45.04000092,43.38000107,43.45000076,9562500,yfinance
2022-01-21,43.47000122,43.54999924,42.68999863,42.97000122,11278000,yfinance
2022-01-24,42.18000031,42.75,41.08000183,42.65999985,8974600,yfinance
2022-01-25,41.90999985,42.75,41.29000092,42.50999832,10837400,yfinance
2022-01-26,42.81000137,43.68000031,42.47000122,43.04000092,16803600,yfinance
2022-01-27,43.33000183,43.95000076,42.86000061,43.22999954,12172800,yfinance
2022-01-28,43.13999939,43.43999863,41.75,42.74000168,12258200,yfinance
2022-01-31,42.65000153,43.13999939,42.29000092,42.90000153,13622500,yfinance
2022-02-01,42.88000107,43.56999969,42.61999893,43.5,10452000,yfinance
2022-02-02,41.79000092,42.49000168,40.90999985,41.43999863,26586200,yfinance
2022-02-03,41.29999924,42.86999893,41.27000046,42.61000061,16121800,yfinance
2022-02-04,42.31999969,43.18999863,42.29000092,42.77000046,8924500,yfinance
2022-02-07,42.63999939,43.50999832,42.54000092,42.90999985,7259500,yfinance
2022-02-08,43.20000076,44.25999832,42.97999954,44.15999985,8020000,yfinance
2022-02-09,44.61999893,45.0,44.27000046,44.75,9732100,yfinance
2022-02-10,44.25999832,44.54000092,43.56000137,43.75,8719400,yfinance
2022-02-11,43.84000015,44.0,42.90000153,43.11000061,6616100,yfinance
2022-02-14,43.0,43.22999954,42.43999863,42.72999954,7963600,yfinance
2022-02-15,43.38000107,44.00999832,43.27999878,44.00999832,8015000,yfinance
2022-02-16,43.81000137,44.25999832,43.24000168,44.18999863,6510200,yfinance
2022-02-17,43.79999924,44.04000092,42.59999847,42.83000183,7785500,yfinance
2022-02-18,42.88000107,43.09999847,42.18999863,42.54999924,6878300,yfinance
2022-02-22,42.54999924,43.36999893,42.45999908,42.97999954,7835900,yfinance
2022-02-23,43.27999878,44.38000107,43.13999939,43.70999908,12624500,yfinance
2022-02-24,42.75,44.02999878,42.29000092,43.95000076,8259000,yfinance
2022-02-25,44.0,45.16999817,43.77000046,45.09999847,10716000,yfinance
2022-02-28,44.49000168,44.68999863,43.65999985,44.16999817,10610900,yfinance
2022-03-01,44.08000183,44.33000183,42.97999954,43.36000061,9789800,yfinance
2022-03-02,43.95999908,44.43999863,43.63999939,43.90000153,11859600,yfinance
2022-03-03,44.16999817,44.31000137,43.54000092,43.95999908,6980500,yfinance
2022-03-04,43.29000092,44.06999969,43.08000183,43.95999908,7015700,yfinance
2022-03-07,43.72000122,43.79999924,42.49000168,42.54999924,8479700,yfinance
2022-03-08,42.45999908,42.52999878,40.79999924,40.90000153,11351200,yfinance
2022-03-09,41.75999832,42.29999924,41.29999924,42.06999969,10484500,yfinance
2022-03-10,41.45000076,41.86000061,41.27000046,41.74000168,9237500,yfinance
2022-03-11,42.0,42.56000137,41.65999985,41.70000076,6175600,yfinance
2022-03-14,42.18999863,42.38999939,41.63999939,41.90000153,8307500,yfinance
2022-03-15,42.49000168,42.84999847,42.11999893,42.65999985,6925900,yfinance
2022-03-16,43.11999893,44.00999832,43.0,43.84000015,7726700,yfinance
2022-03-17,43.61999893,44.25,43.61999893,44.20999908,8114400,yfinance
2022-03-18,44.18999863,44.33000183,43.63000107,44.22000122,10662300,yfinance
2022-03-21,43.86999893,44.47000122,43.79999924,44.31999969,5302400,yfinance
2022-03-22,44.33000183,44.59000015,43.68000031,43.74000168,6584300,yfinance
2022-03-23,43.54000092,43.56000137,41.99000168,42.29999924,11794000,yfinance
2022-03-24,42.36000061,43.0,42.11000061,42.86999893,5653400,yfinance
2022-03-25,43.04999924,43.52000046,42.90999985,43.5,6033900,yfinance
2022-03-28,43.68000031,44.29999924,43.5,44.27000046,4498400,yfinance
2022-03-29,44.86999893,45.08000183,44.43000031,44.84999847,6133400,yfinance
2022-03-30,44.65000153,45.08000183,44.41999817,44.70000076,6862600,yfinance
2022-03-31,44.61999893,45.13999939,44.27000046,44.29000092,10142200,yfinance
2022-04-01,44.54999924,45.02999878,44.20999908,44.99000168,5188900,yfinance
2022-04-04,44.83000183,45.08000183,43.72999954,44.15999985,10642400,yfinance
2022-04-05,44.04999924,44.63999939,44.02000046,44.34999847,11425900,yfinance
2022-04-06,43.97000122,44.65999985,43.56000137,44.58000183,7256600,yfinance
2022-04-07,44.43999863,45.16999817,44.31999969,44.95999908,5758700,yfinance
2022-04-08,44.95000076,45.24000168,44.65999985,44.84000015,9615600,yfinance
2022-04-11,44.70000076,44.90999985,44.15000153,44.22000122,6497900,yfinance
2022-04-12,44.22000122,44.54000092,43.61999893,43.75999832,4156100,yfinance
2022-04-13,43.86000061,44.54000092,43.65000153,44.43000031,4151800,yfinance
2022-04-14,44.50999832,44.70999908,44.02999878,44.25,5172300,yfinance
2022-04-18,44.13000107,44.56999969,43.54999924,43.74000168,4082700,yfinance
2022-04-19,43.91999817,45.95000076,43.83000183,45.72000122,9196700,yfinance
2022-04-20,45.93000031,47.5,45.61999893,47.09999847,14255700,yfinance
2022-04-21,47.33000183,47.38000107,46.25999832,46.31000137,8062400,yfinance
2022-04-22,45.79999924,45.97000122,43.72999954,43.90000153,11485500,yfinance
2022-04-25,43.75999832,44.77999878,43.59000015,44.59000015,10329300,yfinance
2022-04-26,43.84999847,44.16999817,42.54000092,42.59999847,14253400,yfinance
2022-04-27,43.54999924,44.84999847,42.86000061,43.06000137,14686400,yfinance
2022-04-28,43.43999863,43.61000061,42.0,42.72999954,8550000,yfinance
2022-04-29,42.52000046,42.97999954,41.95000076,42.11000061,15072900,yfinance
2022-05-02,42.36000061,42.65000153,40.77999878,41.63000107,9896200,yfinance
2022-05-03,41.5,42.27000046,41.5,41.77000046,7410100,yfinance
2022-05-04,41.77999878,42.90000153,41.40000153,42.75,6111500,yfinance
2022-05-05,42.47000122,42.93000031,41.58000183,42.02999878,9579500,yfinance
2022-05-06,41.84000015,41.90999985,40.61999893,40.84999847,9138300,yfinance
2022-05-09,40.25999832,40.31000137,37.99000168,38.29000092,13411700,yfinance
2022-05-10,38.68999863,39.24000168,37.99000168,38.65000153,10993800,yfinance
2022-05-11,38.54999924,39.65000153,38.34999847,38.74000168,11574600,yfinance
2022-05-12,38.56999969,39.0,38.02000046,38.79000092,9925100,yfinance
2022-05-13,39.15999985,39.91999817,39.11999893,39.65999985,7768200,yfinance
2022-05-16,39.43000031,40.06000137,39.34000015,39.81999969,5833700,yfinance
2022-05-17,40.50999832,41.5,40.25,41.31999969,9315300,yfinance
2022-05-18,40.84999847,41.11999893,40.11999893,40.22999954,10495400,yfinance
2022-05-19,39.72999954,40.25,39.08000183,39.49000168,9556000,yfinance
2022-05-20,39.25,39.56999969,38.24000168,39.22000122,12397600,yfinance
2022-05-23,39.61999893,40.02000046,39.02999878,39.88999939,6662600,yfinance
2022-05-24,39.77000046,40.34000015,39.29000092,40.15000153,5959600,yfinance
2022-05-25,39.77999878,40.43999863,39.54999924,40.09000015,7417400,yfinance
2022-05-26,40.11999893,40.36999893,39.56999969,40.13999939,6171100,yfinance
2022-05-27,41.61000061,41.61000061,40.95000076,41.20000076,6968700,yfinance
2022-05-31,40.75,41.31999969,40.56999969,41.00999832,7925300,yfinance
2022-06-01,41.13999939,41.25,39.52999878,39.91999817,6546400,yfinance
2022-06-02,39.91999817,40.70999908,39.04000092,40.66999817,4443900,yfinance
2022-06-03,40.49000168,40.54000092,39.84000015,39.90999985,5823400,yfinance
2022-06-06,40.16999817,40.36000061,39.22000122,39.38000107,6548500,yfinance
2022-06-07,39.18999863,39.59000015,38.90999985,39.58000183,6725400,yfinance
2022-06-08,39.40000153,39.47999954,39.00999832,39.11000061,6378400,yfinance
2022-06-09,38.79999924,38.95000076,37.95000076,37.97000122,5868800,yfinance
2022-06-10,37.29000092,37.59999847,36.90999985,37.22999954,11071300,yfinance
2022-06-13,36.41999817,36.88999939,36.22000122,36.40999985,15115200,yfinance
2022-06-14,36.31000137,36.41999817,35.09000015,35.24000168,12615100,yfinance
2022-06-15,36.09999847,36.68000031,35.52000046,36.02999878,13548200,yfinance
2022-06-16,35.16999817,35.63999939,34.97999954,35.50999832,9199900,yfinance
2022-06-17,35.59000015,36.34999847,35.33000183,36.00999832,17432800,yfinance
2022-06-21,36.47999954,36.66999817,36.02000046,36.29999924,10277400,yfinance
2022-06-22,36.02000046,37.33000183,35.90999985,37.02999878,9569100,yfinance
2022-06-23,37.15999985,37.5,36.72000122,36.93999863,6656700,yfinance
2022-06-24,37.20000076,38.09999847,36.99000168,38.02000046,10453800,yfinance
2022-06-27,37.97999954,38.09999847,37.56000137,37.81999969,4699000,yfinance
2022-06-28,38.04000092,38.27000046,37.40000153,37.5,9890600,yfinance
2022-06-29,37.54999924,37.90000153,37.27000046,37.79999924,5749600,yfinance
2022-06-30,37.47000122,37.75999832,36.97999954,37.27000046,8127100,yfinance
2022-07-01,37.22000122,38.11999893,37.09000015,38.00999832,5870000,yfinance
2022-07-05,37.59000015,37.83000183,37.18000031,37.75999832,5790100,yfinance
2022-07-06,38.02000046,38.04999924,37.38000107,37.65999985,5502900,yfinance
2022-07-07,37.59999847,37.97000122,37.31999969,37.84999847,6992100,yfinance
2022-07-08,37.79000092,38.63999939,37.79000092,37.84000015,6189200,yfinance
2022-07-11,37.34000015,37.66999817,37.18999863,37.50999832,4102000,yfinance
2022-07-12,37.38999939,37.81000137,36.70000076,36.88000107,6163200,yfinance
2022-07-13,36.34999847,37.0,36.34999847,36.77000046,5890700,yfinance
2022-07-14,36.29999924,36.75999832,36.15000153,36.70999908,5843500,yfinance
2022-07-15,37.27999878,37.59999847,37.09999847,37.54999924,7124900,yfinance
2022-07-18,37.66999817,38.00999832,37.11999893,37.16999817,5403700,yfinance
2022-07-19,37.65000153,37.81000137,37.50999832,37.70999908,9995600,yfinance
2022-07-20,37.56000137,37.81000137,37.04000092,37.27999878,10868100,yfinance
2022-07-21,37.45999908,38.11999893,37.24000168,38.11999893,11814700,yfinance
2022-07-22,38.18000031,38.61000061,37.84000015,38.11999893,4946800,yfinance
2022-07-25,38.11000061,38.24000168,37.72000122,38.0,6280000,yfinance
2022-07-26,38.18000031,38.22999954,37.70000076,37.95999908,10689900,yfinance
2022-07-27,40.63000107,41.34000015,39.74000168,40.31000137,18838600,yfinance
2022-07-28,40.25999832,41.43000031,40.04000092,41.15999985,9068800,yfinance
2022-07-29,40.84999847,41.25,40.61000061,41.04999924,8816000,yfinance
2022-08-01,40.65000153,41.25999832,40.61000061,41.04999924,5186800,yfinance
2022-08-02,41.09999847,41.79000092,41.02999878,41.45999908,6411400,yfinance
2022-08-03,41.63000107,41.83000183,41.29000092,41.61999893,5676800,yfinance
2022-08-04,41.65999985,41.77999878,41.13999939,41.22999954,6390500,yfinance
2022-08-05,40.93999863,41.18999863,40.84999847,40.93999863,5328900,yfinance
2022-08-08,41.00999832,41.24000168,40.72000122,40.97000122,6010600,yfinance
2022-08-09,40.90000153,41.15999985,40.79999924,41.02999878,5084500,yfinance
2022-08-10,41.77999878,41.90000153,41.49000168,41.86000061,7066000,yfinance
2022-08-11,41.99000168,42.18999863,41.61999893,41.75999832,3981300,yfinance
2022-08-12,41.95000076,42.34999847,41.68999863,42.33000183,4019700,yfinance
2022-08-15,42.09999847,42.38000107,41.91999817,42.15000153,2475400,yfinance
2022-08-16,41.77999878,42.40999985,41.75999832,42.34999847,4231000,yfinance
2022-08-17,42.09999847,42.5,41.95999908,42.43000031,6091600,yfinance
2022-08-18,42.52999878,42.65999985,42.20000076,42.63000107,6058600,yfinance
2022-08-19,42.68999863,42.79999924,41.86000061,42.02000046,5396800,yfinance
2022-08-22,41.61999893,41.81999969,41.13999939,41.25999832,5436900,yfinance
2022-08-23,41.20999908,41.22999954,40.58000183,40.86000061,6864900,yfinance
2022-08-24,40.90000153,41.34000015,40.68000031,41.15000153,4552900,yfinance
2022-08-25,41.38000107,41.81999969,41.06999969,41.77999878,8953000,yfinance
2022-08-26,41.77000046,41.93999863,40.45000076,40.52000046,3921500,yfinance
2022-08-29,40.22000122,40.52000046,40.04999924,40.38999939,8609100,yfinance
2022-08-30,40.50999832,40.56999969,39.90999985,40.04000092,5274700,yfinance
2022-08-31,40.38999939,40.95999908,40.27999878,40.31000137,6723900,yfinance
2022-09-01,40.31999969,41.02000046,40.13000107,40.99000168,6870700,yfinance
2022-09-02,41.41999817,41.43000031,40.27000046,40.49000168,5919600,yfinance
2022-09-06,40.68000031,40.70000076,40.22999954,40.38000107,5416100,yfinance
2022-09-07,40.31000137,41.59000015,40.27999878,41.47000122,5012000,yfinance
2022-09-08,41.18999863,42.72999954,41.06999969,42.70999908,9980900,yfinance
2022-09-09,42.79999924,43.15999985,42.63999939,42.93999863,4423500,yfinance
2022-09-12,43.11999893,43.52000046,42.90000153,43.45999908,7514700,yfinance
2022-09-13,42.56000137,42.79999924,42.13999939,42.18000031,6253300,yfinance
2022-09-14,42.20000076,42.40999985,41.72999954,42.06999969,5768500,yfinance
2022-09-15,42.22000122,42.75,42.11000061,42.20000076,6684500,yfinance
2022-09-16,42.02000046,42.02000046,41.06999969,41.70000076,10650800,yfinance
2022-09-19,41.38999939,41.43000031,40.52999878,41.18000031,7854100,yfinance
2022-09-20,40.88999939,41.02999878,40.00999832,40.43000031,6257100,yfinance
2022-09-21,40.56000137,40.86000061,39.75,39.75999832,6253200,yfinance
2022-09-22,39.54999924,39.70000076,39.13000107,39.29999924,4690700,yfinance
2022-09-23,38.88000107,39.08000183,38.24000168,38.90000153,6221900,yfinance
2022-09-26,38.70000076,38.88999939,38.02999878,38.36000061,5123500,yfinance
2022-09-27,38.70999908,38.79999924,37.74000168,38.13999939,6491900,yfinance
2022-09-28,38.45999908,39.41999817,38.22000122,39.13000107,7736100,yfinance
2022-09-29,38.91999817,39.49000168,38.54000092,39.34000015,7292100,yfinance
2022-09-30,39.40000153,39.99000168,38.70000076,38.72999954,10030400,yfinance
2022-10-03,39.20999908,39.97999954,38.93999863,39.88000107,6290600,yfinance
2022-10-04,40.36999893,41.04000092,40.02999878,41.02999878,5953800,yfinance
2022-10-05,40.59999847,41.56999969,40.56999969,41.29999924,4868500,yfinance
2022-10-06,41.18000031,41.29999924,40.59000015,40.65000153,4657500,yfinance
2022-10-07,40.27000046,40.43000031,39.59999847,39.75999832,9642900,yfinance
2022-10-10,40.02999878,40.24000168,39.52000046,39.63999939,5682900,yfinance
2022-10-11,39.68000031,40.09000015,38.95999908,39.56000137,6475900,yfinance
2022-10-12,39.70999908,39.84999847,39.29000092,39.59999847,5625600,yfinance
2022-10-13,38.97000122,40.79000092,38.79000092,40.34999847,9527500,yfinance
2022-10-14,40.65000153,40.93000031,39.68999863,39.97999954,7765300,yfinance
2022-10-17,40.36999893,41.00999832,40.31000137,40.86000061,6901200,yfinance
2022-10-18,42.20999908,42.36999893,40.81000137,41.08000183,7189800,yfinance
2022-10-19,40.72999954,41.0,40.34999847,40.95999908,7064600,yfinance
2022-10-20,41.02999878,41.11999893,40.15000153,40.22999954,4851800,yfinance
2022-10-21,40.22999954,40.65999985,39.52000046,40.56999969,8690800,yfinance
2022-10-24,40.95999908,41.11999893,40.58000183,40.97999954,12287200,yfinance
2022-10-25,40.99000168,41.54999924,40.88999939,41.29999924,12578200,yfinance
2022-10-26,41.95999908,42.68000031,41.31999969,41.79000092,22187900,yfinance
2022-10-27,41.81000137,41.91999817,41.09999847,41.58000183,7599800,yfinance
2022-10-28,41.70000076,43.16999817,41.54000092,43.15999985,11131100,yfinance
2022-10-31,43.09000015,43.33000183,42.72000122,43.11000061,8635800,yfinance
2022-11-01,42.66999817,43.16999817,41.90000153,42.75999832,7741800,yfinance
2022-11-02,42.52999878,43.72999954,41.91999817,41.93000031,12423900,yfinance
2022-11-03,41.59999847,41.68999863,40.93000031,41.52999878,5802400,yfinance
2022-11-04,42.04000092,42.29000092,40.95999908,41.59000015,5918100,yfinance
2022-11-07,41.83000183,42.24000168,41.77999878,41.95999908,6261500,yfinance
2022-11-08,41.84000015,42.25999832,41.27999878,41.91999817,4950900,yfinance
2022-11-09,41.99000168,42.81000137,41.70000076,42.06000137,6168700,yfinance
2022-11-10,43.43000031,43.86999893,43.11999893,43.75999832,7615700,yfinance
2022-11-11,43.75,43.93000031,40.95000076,42.52000046,10478700,yfinance
2022-11-14,42.43999863,42.84999847,42.22999954,42.24000168,7574900,yfinance
2022-11-15,42.59999847,42.88000107,41.88999939,42.41999817,4696500,yfinance
2022-11-16,42.50999832,43.15000153,42.50999832,42.97999954,5250700,yfinance
2022-11-17,42.5,42.56999969,41.93000031,42.20000076,3875100,yfinance
2022-11-18,42.63999939,43.18000031,42.49000168,42.95999908,4943700,yfinance
2022-11-21,42.95000076,43.34000015,42.90000153,42.93999863,4082200,yfinance
2022-11-22,43.04000092,43.65999985,42.72999954,43.54000092,5299300,yfinance
2022-11-23,43.70999908,43.97000122,43.43999863,43.88999939,3264300,yfinance
2022-11-25,44.08000183,44.29000092,44.0,44.15000153,1313200,yfinance
2022-11-28,44.0,44.41999817,43.61999893,43.79000092,3661300,yfinance
2022-11-29,43.86999893,44.65000153,43.84000015,44.5,5548500,yfinance
2022-11-30,44.54000092,45.31999969,44.25999832,45.27000046,9665300,yfinance
2022-12-01,45.5,46.22000122,45.33000183,46.11999893,6277900,yfinance
2022-12-02,45.79999924,46.75999832,45.65000153,46.59999847,7148100,yfinance
2022-12-05,46.13000107,46.34999847,45.36999893,45.41999817,5236100,yfinance
2022-12-06,45.31000137,45.54000092,44.81000137,45.15999985,4515400,yfinance
2022-12-07,45.52999878,45.90999985,45.34000015,45.63000107,5077100,yfinance
2022-12-08,45.72000122,46.38999939,45.52000046,46.31999969,5930100,yfinance
2022-12-09,46.11999893,46.56000137,45.95000076,46.22999954,7863600,yfinance
2022-12-12,46.29999924,47.16999817,46.18000031,47.13000107,6350500,yfinance
2022-12-13,47.77999878,47.95000076,47.02000046,47.20000076,8670700,yfinance
2022-12-14,47.20000076,47.61000061,46.77999878,47.18000031,7322100,yfinance
2022-12-15,46.5,46.79999924,46.02000046,46.31999969,8374400,yfinance
2022-12-16,45.81999969,46.11000061,45.29000092,45.81000137,12154700,yfinance
2022-12-19,45.77000046,46.04000092,45.47000122,45.79999924,6134700,yfinance
2022-12-20,45.79000092,46.02999878,45.56999969,45.84000015,4403200,yfinance
2022-12-21,46.04999924,46.63000107,45.93999863,46.08000183,6220000,yfinance
2022-12-22,45.84000015,46.15999985,45.38000107,46.15000153,4236600,yfinance
2022-12-23,46.0,46.18000031,45.77999878,46.06000137,4026200,yfinance
2022-12-27,46.18999863,46.45999908,45.88999939,46.24000168,2836500,yfinance
2022-12-28,46.40999985,46.77999878,45.75999832,45.77999878,3662700,yfinance
2022-12-29,46.04999924,46.70000076,45.86000061,46.34999847,3282400,yfinance
2022-12-30,46.18999863,46.41999817,45.86999893,46.27000046,3223800,yfinance
2023-01-03,46.47999954,46.74000168,45.75999832,46.00999832,6282700,yfinance
2023-01-04,46.40999985,46.68000031,46.04999924,46.5,6197600,yfinance
2023-01-05,46.31000137,46.54999924,45.68000031,45.75999832,6346200,yfinance
2023-01-06,46.15000153,46.36999893,45.47000122,46.33000183,8980900,yfinance
2023-01-09,46.43000031,46.47000122,45.56999969,45.59000015,7688400,yfinance
2023-01-10,45.70000076,46.18999863,45.59000015,46.06000137,5892300,yfinance
2023-01-11,46.18999863,46.18999863,44.34999847,45.81000137,11767200,yfinance
2023-01-12,45.84999847,46.72999954,45.75999832,46.70999908,10165500,yfinance
2023-01-13,46.75,46.79000092,46.27000046,46.52999878,6060100,yfinance
2023-01-17,46.47000122,46.54999924,45.99000168,46.04000092,6707500,yfinance
2023-01-18,46.04999924,46.16999817,45.00999832,45.09000015,6572500,yfinance
2023-01-19,44.79000092,45.81000137,44.79000092,45.45999908,7546100,yfinance
2023-01-20,45.54000092,45.70999908,45.00999832,45.61999893,5414400,yfinance
2023-01-23,45.61999893,46.06999969,45.56000137,45.84999847,5085100,yfinance
2023-01-24,45.84000015,45.95000076,45.43999863,45.84000015,6100900,yfinance
2023-01-25,45.50999832,46.13000107,45.43999863,46.11999893,5050300,yfinance
2023-01-26,46.25999832,46.38000107,45.83000183,46.34999847,4858300,yfinance
2023-01-27,46.20999908,46.34999847,45.74000168,45.90999985,7336500,yfinance
2023-01-30,45.84000015,45.97000122,45.63999939,45.81000137,7455800,yfinance
2023-01-31,45.88000107,46.36000061,45.56999969,46.25,10902500,yfinance
2023-02-01,46.61999893,47.70999908,46.5,47.54000092,15305000,yfinance
2023-02-02,47.65000153,48.18999863,47.09999847,48.06999969,12435000,yfinance
2023-02-03,48.0,48.86999893,47.86999893,48.5,13028800,yfinance
2023-02-06,48.22999954,48.22999954,47.54999924,47.65999985,6015500,yfinance
2023-02-07,47.06999969,48.27000046,47.04999924,48.09000015,5284000,yfinance
2023-02-08,47.93999863,48.25,47.38999939,47.59000015,6169500,yfinance
2023-02-09,47.77000046,47.95000076,46.97000122,47.06000137,4633100,yfinance
2023-02-10,47.09000015,47.34000015,46.86000061,47.22999954,5400500,yfinance
2023-02-13,47.36999893,47.97000122,47.36999893,47.68999863,6177100,yfinance
2023-02-14,47.63999939,47.97000122,46.97999954,47.27999878,5390000,yfinance
2023-02-15,47.08000183,47.41999817,46.95999908,47.29000092,4057000,yfinance
2023-02-16,46.79000092,46.97999954,46.43000031,46.47999954,6152200,yfinance
2023-02-17,46.34999847,46.79000092,46.24000168,46.54000092,7973300,yfinance
2023-02-21,46.15000153,46.36999893,45.93000031,46.22999954,8177300,yfinance
2023-02-22,46.06999969,46.99000168,46.06999969,46.61000061,10653600,yfinance
2023-02-23,46.61000061,47.27000046,46.38999939,47.18000031,7734000,yfinance
2023-02-24,46.79000092,47.20000076,46.47000122,47.00999832,8910900,yfinance
2023-02-27,47.29000092,47.49000168,46.68999863,46.81999969,7524600,yfinance
2023-02-28,46.79999924,47.02999878,46.70999908,46.72000122,7207200,yfinance
2023-03-01,46.75999832,46.88000107,46.43999863,46.81999969,7522400,yfinance
2023-03-02,46.68999863,47.40000153,46.56000137,47.25,4591800,yfinance
2023-03-03,47.38000107,47.95000076,47.22000122,47.81999969,8236800,yfinance
2023-03-06,47.79000092,48.11000061,47.56000137,47.74000168,6288900,yfinance
2023-03-07,47.77000046,47.95000076,46.79999924,47.02000046,7311500,yfinance
2023-03-08,46.84000015,47.06999969,46.68000031,46.88999939,5738600,yfinance
2023-03-09,47.18999863,47.52000046,46.72000122,47.06000137,6083600,yfinance
2023-03-10,47.06000137,47.38999939,46.20000076,46.47999954,7840300,yfinance
2023-03-13,46.33000183,48.04999924,46.20999908,47.59999847,10575700,yfinance
2023-03-14,47.99000168,48.40999985,47.77000046,48.31000137,10208300,yfinance
2023-03-15,47.70000076,48.0,47.40999985,47.97000122,10654300,yfinance
2023-03-16,47.54999924,48.40000153,47.31999969,48.29999924,7845500,yfinance
2023-03-17,48.18000031,48.29000092,47.79999924,47.95000076,10689300,yfinance
2023-03-20,48.04999924,48.84999847,47.93000031,48.83000183,9053900,yfinance
2023-03-21,48.83000183,48.95000076,48.38000107,48.84000015,6580500,yfinance
2023-03-22,48.83000183,49.22000122,48.06000137,48.06999969,10461900,yfinance
2023-03-23,47.97000122,48.40000153,47.63999939,47.93999863,7203600,yfinance
2023-03-24,47.90000153,48.31000137,47.52000046,48.22000122,10069300,yfinance
2023-03-27,48.41999817,48.61000061,48.15000153,48.33000183,5754200,yfinance
2023-03-28,48.49000168,48.86999893,48.09999847,48.59999847,7820000,yfinance
2023-03-29,49.0,49.45999908,48.91999817,49.08000183,9333100,yfinance
2023-03-30,49.31000137,49.65999985,49.09999847,49.59999847,8146400,yfinance
2023-03-31,49.79999924,50.20999908,49.68999863,50.02999878,11585700,yfinance
2023-04-03,49.97999954,49.97999954,49.38000107,49.72000122,11372800,yfinance
2023-04-04,49.77000046,50.38999939,49.66999817,50.06999969,9726900,yfinance
2023-04-05,50.18000031,50.86999893,50.13999939,50.74000168,7175400,yfinance
2023-04-06,50.79999924,50.79999924,49.74000168,50.08000183,9622900,yfinance
2023-04-10,49.90000153,50.34999847,49.66999817,50.34000015,5185700,yfinance
2023-04-11,50.45999908,50.86000061,50.43999863,50.72999954,5832800,yfinance
2023-04-12,51.04000092,51.68999863,50.95000076,51.11000061,9666700,yfinance
2023-04-13,51.29999924,51.75999832,51.20000076,51.5,6397700,yfinance
2023-04-14,51.38999939,51.83000183,51.38999939,51.77000046,9464900,yfinance
2023-04-17,51.97999954,52.20999908,51.50999832,51.74000168,5930700,yfinance
2023-04-18,51.95999908,52.04999924,51.40999985,51.61000061,7082800,yfinance
2023-04-19,52.25,52.91999817,52.06000137,52.88999939,10602300,yfinance
2023-04-20,52.84999847,53.20000076,52.47000122,52.61999893,11486800,yfinance
2023-04-21,53.04999924,53.20999908,50.59000015,51.11000061,24525000,yfinance
2023-04-24,51.20000076,51.54000092,50.43000031,51.34000015,11731700,yfinance
2023-04-25,51.45000076,51.77999878,50.97999954,51.11000061,14788100,yfinance
2023-04-26,52.70000076,52.70000076,50.0,51.09999847,20199000,yfinance
2023-04-27,50.90000153,52.06999969,50.63999939,52.02999878,9057200,yfinance
2023-04-28,51.88000107,52.86000061,51.72000122,52.11999893,13505100,yfinance
2023-05-01,52.20000076,52.86000061,52.09000015,52.79999924,7483500,yfinance
2023-05-02,52.81999969,53.47000122,52.24000168,52.90000153,8739200,yfinance
2023-05-03,53.13000107,53.47999954,52.58000183,52.68999863,7358700,yfinance
2023-05-04,52.43000031,52.77000046,51.90999985,51.93999863,8878400,yfinance
2023-05-05,52.04999924,52.11999893,51.11999893,51.54000092,9163100,yfinance
2023-05-08,51.24000168,53.41999817,51.16999817,53.11999893,14045400,yfinance
2023-05-09,53.13999939,53.52000046,52.75,53.09000015,11125100,yfinance
2023-05-10,53.34000015,53.66999817,52.81999969,53.22000122,6123000,yfinance
2023-05-11,53.15999985,53.65000153,53.0,53.38999939,9018400,yfinance
2023-05-12,53.40999985,53.47000122,52.93999863,53.34000015,8251100,yfinance
2023-05-15,53.36999893,54.0,53.36999893,53.68000031,11013700,yfinance
2023-05-16,53.70999908,54.08000183,53.36000061,53.77000046,5515300,yfinance
2023-05-17,53.93000031,54.04000092,52.86000061,53.40999985,7134400,yfinance
2023-05-18,53.40999985,53.58000183,53.20999908,53.43999863,8038700,yfinance
2023-05-19,53.52999878,53.77999878,53.18000031,53.63999939,8495900,yfinance
2023-05-22,53.63999939,54.16999817,53.59999847,53.68000031,7007800,yfinance
2023-05-23,53.25999832,53.58000183,51.38000107,51.5,12851300,yfinance
2023-05-24,51.40000153,52.31000137,51.22999954,51.93000031,10569000,yfinance
2023-05-25,51.95999908,51.95999908,51.34000015,51.54000092,8922600,yfinance
2023-05-26,51.50999832,51.91999817,50.93000031,51.06000137,8497500,yfinance
2023-05-30,51.22000122,51.52999878,50.40999985,50.49000168,9862900,yfinance
2023-05-31,50.45999908,51.75,50.09000015,51.47999954,15443900,yfinance
2023-06-01,51.29999924,51.84999847,50.97999954,51.5,8584100,yfinance
2023-06-02,51.59000015,51.93999863,51.47999954,51.81999969,5608100,yfinance
2023-06-05,51.95999908,52.04999924,51.24000168,51.40000153,6616800,yfinance
2023-06-06,51.33000183,51.52000046,50.34000015,50.66999817,12634000,yfinance
2023-06-07,50.58000183,50.84000015,50.43000031,50.70000076,6631400,yfinance
2023-06-08,50.63000107,51.11999893,50.40000153,51.06999969,4288200,yfinance
2023-06-09,51.13000107,51.54000092,50.90999985,51.27999878,5210600,yfinance
2023-06-12,51.22000122,51.49000168,50.84000015,51.20000076,5694500,yfinance
2023-06-13,51.04999924,51.45000076,50.93000031,51.15999985,5802000,yfinance
2023-06-14,53.59999847,53.90000153,52.68999863,53.31000137,11002700,yfinance
2023-06-15,53.22999954,54.09000015,52.90999985,53.97999954,7403000,yfinance
2023-06-16,54.50999832,54.68999863,54.04999924,54.31999969,13022800,yfinance
2023-06-20,53.79000092,54.22999954,53.54999924,54.04000092,7100900,yfinance
2023-06-21,53.93999863,54.09999847,53.59000015,53.95999908,5770000,yfinance
2023-06-22,54.13000107,54.65999985,54.0,54.63999939,4083400,yfinance
2023-06-23,54.5,54.75,53.84999847,53.97000122,9538100,yfinance
2023-06-26,53.91999817,53.97000122,53.20000076,53.5,6553100,yfinance
2023-06-27,53.5,53.68999863,53.04000092,53.49000168,6084900,yfinance
2023-06-28,53.58000183,53.91999817,53.34000015,53.45000076,5305900,yfinance
2023-06-29,53.31999969,53.72000122,53.13999939,53.29000092,6896500,yfinance
2023-06-30,53.79000092,54.45000076,53.65000153,54.09000015,7238600,yfinance
2023-07-03,53.72000122,53.81000137,53.08000183,53.54000092,3017800,yfinance
2023-07-05,53.09999847,53.27999878,52.68000031,53.25,9640300,yfinance
2023-07-06,52.97999954,53.09999847,52.65999985,52.88000107,4460800,yfinance
2023-07-07,52.65000153,52.91999817,52.16999817,52.29000092,6370300,yfinance
2023-07-10,52.43999863,52.84000015,52.24000168,52.70000076,6054600,yfinance
2023-07-11,52.63000107,53.11999893,52.13000107,52.45000076,5115900,yfinance
2023-07-12,52.59000015,52.97999954,52.36000061,52.45999908,5522100,yfinance
2023-07-13,52.36999893,53.00999832,52.06999969,52.79000092,5174100,yfinance
2023-07-14,52.81000137,53.15000153,52.72000122,53.02999878,3515500,yfinance
2023-07-17,52.97999954,53.24000168,52.43000031,52.61000061,4713700,yfinance
2023-07-18,52.27999878,52.86000061,51.90999985,52.81000137,5491700,yfinance
2023-07-19,52.97999954,53.20000076,52.20999908,52.34000015,7254000,yfinance
2023-07-20,52.63000107,53.66999817,52.52999878,53.45999908,7127000,yfinance
2023-07-21,53.58000183,53.77999878,53.15000153,53.15999985,6207400,yfinance
2023-07-24,53.15000153,53.25,51.88999939,52.16999817,9391500,yfinance
2023-07-25,51.70000076,53.15000153,51.50999832,52.40999985,7327400,yfinance
2023-07-26,52.09999847,52.47000122,51.75999832,52.40000153,8374800,yfinance
2023-07-27,53.20000076,53.95999908,52.02999878,52.63999939,11333800,yfinance
2023-07-28,53.04999924,53.11000061,51.15999985,51.68999863,10509400,yfinance
2023-07-31,51.86999893,52.27000046,51.59999847,51.84999847,6513700,yfinance
2023-08-01,51.56999969,51.97000122,51.40999985,51.88999939,4859600,yfinance
2023-08-02,51.72999954,51.84000015,50.56000137,50.61999893,8031700,yfinance
2023-08-03,50.54000092,51.24000168,50.45999908,50.88000107,6174900,yfinance
2023-08-04,50.79999924,51.40999985,50.65000153,50.72000122,6327400,yfinance
2023-08-07,50.91999817,51.24000168,50.38999939,50.72999954,8710400,yfinance
2023-08-08,50.02999878,50.68999863,49.68999863,50.58000183,10957100,yfinance
2023-08-09,50.66999817,51.43000031,50.65999985,51.06000137,5878400,yfinance
2023-08-10,51.09999847,51.54000092,50.83000183,50.86000061,4508100,yfinance
2023-08-11,50.81999969,51.13999939,50.77000046,51.02999878,4816600,yfinance
2023-08-14,51.08000183,51.66999817,50.97000122,51.33000183,4907400,yfinance
2023-08-15,51.27999878,51.88000107,51.16999817,51.68000031,5613600,yfinance
2023-08-16,51.70000076,52.04999924,51.43999863,51.45999908,5995800,yfinance
2023-08-17,51.63000107,51.88999939,50.90000153,50.93999863,7076300,yfinance
2023-08-18,50.90999985,50.97000122,50.02999878,50.18999863,7174700,yfinance
2023-08-21,50.25999832,50.56999969,50.04999924,50.41999817,6199800,yfinance
2023-08-22,50.43999863,50.61999893,50.18000031,50.40999985,6010600,yfinance
2023-08-23,50.70000076,50.81000137,50.02000046,50.34999847,7908900,yfinance
2023-08-24,50.31999969,51.15000153,50.11999893,50.43000031,7946300,yfinance
2023-08-25,50.56999969,50.81999969,50.09000015,50.75999832,6581700,yfinance
2023-08-28,53.20000076,53.97000122,52.90999985,53.79000092,21042900,yfinance
2023-08-29,53.79999924,54.86999893,53.54999924,54.68000031,12856400,yfinance
2023-08-30,54.75,54.99000168,54.20000076,54.27000046,9036800,yfinance
2023-08-31,54.56000137,54.75999832,53.93999863,53.93999863,8083200,yfinance
2023-09-01,54.25999832,54.25999832,53.34000015,53.61999893,6879800,yfinance
2023-09-05,53.79000092,53.84999847,52.77000046,53.29999924,6330600,yfinance
2023-09-06,53.11999893,54.20000076,52.81999969,53.86000061,7705000,yfinance
2023-09-07,54.45999908,54.75999832,53.77999878,53.88999939,7994200,yfinance
2023-09-08,53.59000015,54.40999985,53.54000092,53.86999893,4419300,yfinance
2023-09-11,54.06000137,54.83000183,53.81000137,54.56000137,6415800,yfinance
2023-09-12,54.47000122,54.56999969,53.34999847,53.41999817,5643800,yfinance
2023-09-13,53.38000107,53.61999893,53.04999924,53.20000076,5710200,yfinance
2023-09-14,53.38000107,53.45999908,52.66999817,52.91999817,5574900,yfinance
2023-09-15,52.99000168,53.22999954,52.47999954,52.90000153,14535200,yfinance
2023-09-18,52.84999847,53.70999908,52.79999924,53.0,8139700,yfinance
2023-09-19,53.00999832,53.20999908,52.58000183,53.02999878,7549100,yfinance
2023-09-20,54.70000076,55.38000107,53.52999878,54.09999847,15133500,yfinance
2023-09-21,54.02000046,54.63999939,53.95000076,53.97000122,10507300,yfinance
2023-09-22,54.0,54.11000061,53.47000122,53.59999847,9439800,yfinance
2023-09-25,53.45000076,53.83000183,53.41999817,53.79999924,6747200,yfinance
2023-09-26,53.47999954,53.88999939,52.70000076,52.83000183,7656000,yfinance
2023-09-27,52.77999878,53.15999985,51.54000092,52.09999847,8483300,yfinance
2023-09-28,52.41999817,53.5,52.13999939,53.36999893,6579600,yfinance
2023-09-29,53.45999908,53.45999908,52.70000076,52.79999924,11501700,yfinance
2023-10-02,52.49000168,52.81000137,52.27000046,52.81000137,5259800,yfinance
2023-10-03,52.65999985,52.79999924,51.25,51.54000092,8414800,yfinance
2023-10-04,51.70000076,51.90000153,51.0,51.54999924,10035700,yfinance
2023-10-05,51.66999817,51.93999863,51.27999878,51.68000031,5477100,yfinance
2023-10-06,51.5,52.5,51.25,52.11999893,6319000,yfinance
2023-10-09,51.83000183,52.45999908,51.79999924,52.40000153,5006600,yfinance
2023-10-10,52.45999908,53.97999954,52.29999924,53.79999924,10592700,yfinance
2023-10-11,53.56000137,53.77999878,50.25,50.90999985,17763600,yfinance
2023-10-12,50.90000153,51.04000092,48.56999969,48.63999939,19234700,yfinance
2023-10-13,48.45999908,49.72000122,48.34999847,49.52000046,11188400,yfinance
2023-10-16,49.81000137,50.61999893,49.50999832,50.09999847,7146900,yfinance
2023-10-17,49.72999954,51.04000092,49.49000168,50.45999908,7423900,yfinance
2023-10-18,51.34999847,51.38000107,50.11999893,50.70999908,7164700,yfinance
2023-10-19,50.70000076,51.43000031,50.49000168,50.54999924,8528300,yfinance
2023-10-20,50.54999924,50.79999924,50.02999878,50.04999924,6090900,yfinance
2023-10-23,50.02999878,50.63999939,49.99000168,50.13000107,5745300,yfinance
2023-10-24,50.04000092,51.22999954,49.97000122,50.95999908,10162400,yfinance
2023-10-25,50.86000061,51.11999893,49.95000076,49.99000168,9612200,yfinance
2023-10-26,50.75,51.90000153,49.77000046,49.77999878,12274200,yfinance
2023-10-27,50.27000046,50.84000015,49.15000153,49.52000046,7452100,yfinance
2023-10-30,49.81999969,50.36000061,49.56000137,50.04999924,8448100,yfinance
2023-10-31,50.40000153,51.45999908,50.25999832,51.18999863,10120600,yfinance
2023-11-01,51.29000092,51.84999847,51.02999878,51.65999985,7156100,yfinance
2023-11-02,51.95999908,52.65999985,51.79999924,52.52000046,9901300,yfinance
2023-11-03,53.0,53.09999847,52.09000015,52.52999878,9440500,yfinance
2023-11-06,52.61000061,52.83000183,52.16999817,52.81000137,6061800,yfinance
2023-11-07,52.77000046,52.91999817,52.08000183,52.16999817,6559500,yfinance
2023-11-08,52.43999863,52.52000046,51.72999954,52.11000061,6989900,yfinance
2023-11-09,52.04999924,52.15999985,51.31999969,51.43000031,7135200,yfinance
2023-11-10,51.65000153,51.86000061,50.84000015,51.56000137,7496300,yfinance
2023-11-13,53.5,54.70000076,52.99000168,53.70999908,12619400,yfinance
2023-11-14,54.11000061,54.36999893,53.66999817,54.02000046,6031400,yfinance
2023-11-15,54.00999832,54.56000137,53.84000015,53.84999847,5759900,yfinance
2023-11-16,53.95000076,54.90000153,53.56000137,54.66999817,10875800,yfinance
2023-11-17,54.70000076,55.02000046,54.20000076,54.34000015,5200200,yfinance
2023-11-20,54.06000137,54.58000183,54.04999924,54.45999908,4708700,yfinance
2023-11-21,54.65999985,55.34999847,54.47999954,55.31999969,7228500,yfinance
2023-11-22,55.58000183,55.83000183,55.31999969,55.43000031,5601100,yfinance
2023-11-24,55.5,55.68000031,55.20000076,55.63000107,2476800,yfinance
2023-11-27,55.33000183,55.81999969,55.25999832,55.68999863,5313700,yfinance
2023-11-28,55.56000137,55.74000168,54.90999985,54.93000031,6450700,yfinance
2023-11-29,55.18000031,55.63999939,55.09999847,55.43999863,4780400,yfinance
2023-11-30,55.45999908,55.95000076,54.93999863,55.88999939,8346200,yfinance
2023-12-01,55.91999817,56.22000122,55.56999969,56.13999939,4730400,yfinance
2023-12-04,55.84999847,55.84999847,54.52000046,54.77000046,9420900,yfinance
2023-12-05,54.59000015,55.00999832,53.93000031,54.88000107,5393200,yfinance
2023-12-06,55.02999878,55.22000122,54.31000137,54.81999969,4837500,yfinance
2023-12-07,54.97999954,55.13000107,54.66999817,55.02999878,4027700,yfinance
2023-12-08,54.86999893,55.04999924,54.52000046,54.95000076,4300400,yfinance
2023-12-11,54.86000061,55.33000183,54.86000061,55.25999832,3653400,yfinance
2023-12-12,55.40999985,55.97999954,55.13999939,55.95000076,4625500,yfinance
2023-12-13,56.04000092,56.54999924,55.93999863,56.47999954,6764400,yfinance
2023-12-14,56.88999939,56.90000153,55.79000092,56.18000031,8267800,yfinance
2023-12-15,55.79000092,56.04000092,55.09999847,55.81000137,10461100,yfinance
2023-12-18,55.79999924,56.02999878,55.45000076,55.50999832,6317600,yfinance
2023-12-19,55.40000153,55.86999893,55.20000076,55.81999969,5898200,yfinance
2023-12-20,55.56000137,55.72999954,54.95000076,54.97999954,5844000,yfinance
2023-12-21,55.20000076,55.70000076,54.95999908,55.65000153,5138600,yfinance
2023-12-22,55.84999847,56.02999878,55.59999847,55.90000153,5404300,yfinance
2023-12-26,55.81999969,56.18000031,55.68999863,55.99000168,2834200,yfinance
2023-12-27,55.86000061,56.09000015,55.75,56.02000046,3186600,yfinance
2023-12-28,55.97999954,56.47000122,55.84999847,56.27999878,3382400,yfinance
2023-12-29,57.0,58.34000015,56.77000046,57.81000137,10667400,yfinance
2024-01-02,57.45999908,57.99000168,57.11000061,57.84000015,6775400,yfinance
2024-01-03,57.90000153,58.13999939,57.33000183,57.59999847,6594000,yfinance
2024-01-04,57.65999985,58.52000046,57.58000183,58.16999817,6083500,yfinance
2024-01-05,57.99000168,58.47999954,57.79000092,58.15999985,6020500,yfinance
2024-01-08,58.40000153,58.56999969,57.77000046,58.41999817,4699300,yfinance
2024-01-09,58.20000076,59.40000153,58.09000015,59.22999954,8180700,yfinance
2024-01-10,59.34000015,59.63000107,59.08000183,59.50999832,4853600,yfinance
2024-01-11,59.61000061,59.95000076,59.38999939,59.61000061,4995900,yfinance
2024-01-12,59.93999863,60.63999939,59.86000061,59.93999863,6386200,yfinance
2024-01-16,59.81000137,60.49000168,59.61000061,60.25,5780000,yfinance
2024-01-17,60.04000092,61.00999832,60.00999832,60.95999908,9442400,yfinance
2024-01-18,60.93999863,61.45999908,60.34999847,61.04999924,8712200,yfinance
2024-01-19,61.08000183,61.15999985,60.61000061,60.93999863,6584100,yfinance
2024-01-22,61.29999924,61.40000153,60.54999924,60.74000168,6417800,yfinance
2024-01-23,60.79999924,60.95000076,60.13999939,60.61999893,5119200,yfinance
2024-01-24,60.50999832,60.81000137,59.84999847,59.91999817,11290500,yfinance
2024-01-25,60.27000046,60.86000061,59.97000122,60.83000183,6908100,yfinance
2024-01-26,61.08000183,61.31000137,60.72000122,61.13000107,5748400,yfinance
2024-01-29,60.90999985,61.34000015,60.77999878,61.31000137,5560100,yfinance
2024-01-30,61.31999969,61.47000122,61.09000015,61.41999817,7257100,yfinance
2024-01-31,64.0,64.48999786,62.63999939,63.25999832,13910800,yfinance
2024-02-01,64.47000122,64.91000366,63.38999939,64.81999969,10527000,yfinance
2024-02-02,65.0,65.0,64.11000061,64.37000275,10866000,yfinance
2024-02-05,64.43000031,65.0,64.13999939,64.45999908,7197500,yfinance
2024-02-06,64.68000031,64.83000183,64.08000183,64.79000092,5522100,yfinance
2024-02-07,64.84999847,65.43000031,64.79000092,65.23000336,6807900,yfinance
2024-02-08,65.05000305,65.13999939,64.38999939,65.01999664,6823600,yfinance
2024-02-09,65.05999756,65.61000061,64.84999847,65.5,7161800,yfinance
2024-02-12,65.38999939,65.44000244,64.55999756,64.98999786,4659200,yfinance
2024-02-13,64.80999756,65.41000366,64.55000305,64.97000122,6911500,yfinance
2024-02-14,65.29000092,66.0,65.01000214,65.94999695,5498100,yfinance
2024-02-15,66.12000275,66.23000336,65.48999786,66.08999634,5718500,yfinance
2024-02-16,66.34999847,66.86000061,65.76000214,65.81999969,7300300,yfinance
2024-02-20,65.86000061,66.66000366,65.79000092,66.22000122,7580300,yfinance
2024-02-21,66.15000153,66.34999847,65.33000183,65.75,6759800,yfinance
2024-02-22,65.76000214,66.91000366,65.75,66.73999786,4872300,yfinance
2024-02-23,66.88999939,67.31999969,66.65000153,67.0,4599900,yfinance
2024-02-26,67.06999969,67.31999969,66.63999939,66.66999817,4368700,yfinance
2024-02-27,66.26000214,66.70999908,66.15000153,66.43000031,4021000,yfinance
2024-02-28,66.45999908,67.0,66.30000305,66.98999786,4740500,yfinance
2024-02-29,66.83000183,66.83000183,66.0,66.20999908,9710700,yfinance
2024-03-01,66.34999847,67.40000153,66.30000305,67.12999725,5664200,yfinance
2024-03-04,67.11000061,67.44999695,66.80000305,67.43000031,7853500,yfinance
2024-03-05,67.59999847,67.66999817,66.76999664,67.01999664,7039200,yfinance
2024-03-06,67.09999847,67.44000244,66.83999634,67.41999817,6400900,yfinance
2024-03-07,67.69999695,68.0,67.41999817,67.81999969,5283000,yfinance
2024-03-08,67.77999878,68.06999969,67.33000183,67.66000366,6257600,yfinance
2024-03-11,67.52999878,67.69000244,66.04000092,66.12000275,7995800,yfinance
2024-03-12,66.05000305,67.68000031,66.04000092,67.48999786,6462500,yfinance
2024-03-13,67.59999847,67.59999847,65.98000336,66.04000092,9236100,yfinance
2024-03-14,65.94000244,66.91000366,65.51999664,66.86000061,7327600,yfinance
2024-03-15,66.05999756,66.91000366,65.87000275,66.23000336,8850800,yfinance
2024-03-18,66.19000244,67.43000031,66.16000366,67.23999786,5833700,yfinance
2024-03-19,67.44000244,67.83999634,67.02999878,67.79000092,5417100,yfinance
2024-03-20,67.72000122,67.83000183,67.04000092,67.44000244,3882400,yfinance
2024-03-21,67.43000031,67.83999634,67.30999756,67.55999756,4165700,yfinance
2024-03-22,67.20999908,67.86000061,66.91000366,67.62000275,4463400,yfinance
2024-03-25,67.65000153,67.84999847,67.27999878,67.29000092,3321800,yfinance
2024-03-26,67.37000275,68.12999725,67.37000275,67.94000244,5308800,yfinance
2024-03-27,68.26000214,68.66000366,67.90000153,68.62000275,4069700,yfinance
2024-03-28,68.72000122,68.91999817,68.33000183,68.48999786,6533500,yfinance
2024-04-01,68.41999817,68.54000092,67.90000153,68.09999847,2970100,yfinance
2024-04-02,67.69000244,67.91999817,67.08999634,67.44999695,4895400,yfinance
2024-04-03,67.69999695,68.56999969,67.56999969,68.12999725,6590900,yfinance
2024-04-04,68.69999695,69.19999695,67.69000244,67.75,5834100,yfinance
2024-04-05,67.98000336,68.79000092,67.83000183,68.55999756,5342300,yfinance
2024-04-08,68.51999664,68.80000305,68.02999878,68.69000244,4912600,yfinance
2024-04-09,68.94000244,68.94000244,67.94999695,68.66000366,4917400,yfinance
2024-04-10,68.01999664,68.80000305,67.94000244,68.65000153,5199800,yfinance
2024-04-11,68.93000031,69.20999908,68.54000092,68.83999634,6439200,yfinance
2024-04-12,68.26999664,68.52999878,67.76000214,68.06999969,4995100,yfinance
2024-04-15,68.73000336,68.95999908,67.40000153,67.44000244,6527000,yfinance
2024-04-16,67.70999908,68.66999817,67.37000275,68.12000275,6622900,yfinance
2024-04-17,68.16999817,68.33000183,67.45999908,67.95999908,6177600,yfinance
2024-04-18,68.05000305,68.19999695,67.22000122,67.41999817,5946600,yfinance
2024-04-19,67.87000275,68.08000183,66.91000366,67.33000183,6966300,yfinance
2024-04-22,67.62999725,68.61000061,66.80000305,68.01999664,7659800,yfinance
2024-04-23,68.31999969,69.0,67.80000305,68.98999786,9075700,yfinance
2024-04-24,73.13999939,74.38999939,72.55000305,72.91000366,15276500,yfinance
2024-04-25,73.12999725,73.63999939,72.91000366,73.26000214,8172200,yfinance
2024-04-26,72.87999725,73.61000061,72.63999939,73.16999817,8786200,yfinance
2024-04-29,73.08000183,73.12999725,71.75,72.5,9463900,yfinance
2024-04-30,72.33999634,72.79000092,71.73999786,71.87000275,8718100,yfinance
2024-05-01,71.61000061,72.98999786,71.13999939,72.20999908,6021100,yfinance
2024-05-02,72.47000122,72.55999756,70.97000122,72.02999878,7610500,yfinance
2024-05-03,72.22000122,73.08000183,71.81999969,72.84999847,7452100,yfinance
2024-05-06,73.04000092,73.26999664,72.41999817,72.55000305,4922800,yfinance
2024-05-07,72.69999695,73.5,72.62000275,73.43000031,4151500,yfinance
2024-05-08,73.51000214,73.66000366,72.61000061,72.72000122,5054000,yfinance
2024-05-09,72.73999786,74.15000153,72.73999786,74.09999847,6134800,yfinance
2024-05-10,74.19999695,74.30000305,73.54000092,73.69000244,3790500,yfinance
2024-05-13,73.68000031,73.83000183,72.66000366,72.80999756,6182000,yfinance
2024-05-14,72.59999847,73.63999939,72.30999756,73.48999786,5848500,yfinance
2024-05-15,73.86000061,74.66999817,73.86000061,74.44999695,4492500,yfinance
2024-05-16,74.43000031,74.76999664,74.18000031,74.55000305,5636700,yfinance
2024-05-17,74.94000244,74.94000244,74.05999756,74.65000153,6978200,yfinance
2024-05-20,74.80999756,76.06999969,74.80999756,75.36000061,6534100,yfinance
2024-05-21,75.55999756,76.11000061,75.44999695,75.66999817,5801500,yfinance
2024-05-22,75.94999695,76.25,75.15000153,75.37000275,6390200,yfinance
2024-05-23,75.47000122,75.51999664,74.29000092,74.37999725,5581300,yfinance
2024-05-24,74.54000092,76.12999725,74.54000092,75.62999725,4786600,yfinance
2024-05-28,75.58999634,75.81999969,74.86000061,75.16999817,4252400,yfinance
2024-05-29,74.77999878,75.37999725,74.77999878,74.98000336,6809400,yfinance
2024-05-30,75.11000061,75.5,74.62000275,75.0,5150700,yfinance
2024-05-31,75.18000031,75.68000031,74.43000031,75.56999969,8825200,yfinance
2024-06-03,75.36000061,75.91999817,74.83999634,75.5,3217200,yfinance
2024-06-04,75.37999725,76.11000061,75.16000366,75.91999817,3245800,yfinance
2024-06-05,76.0,76.04000092,75.48000336,75.88999939,5193800,yfinance
2024-06-06,75.75,76.30999756,75.34999847,76.12000275,5979000,yfinance
2024-06-07,76.59999847,77.55999756,76.34999847,77.11000061,6918900,yfinance
2024-06-10,76.94999695,77.52999878,76.69999695,77.41999817,3471600,yfinance
2024-06-11,77.44000244,77.47000122,76.75,77.15000153,3754700,yfinance
2024-06-12,77.19999695,77.63999939,76.68000031,77.41000366,3219700,yfinance
2024-06-13,77.11000061,77.30000305,76.25,76.95999908,4054200,yfinance
2024-06-14,76.84999847,77.02999878,76.43000031,76.76000214,3540300,yfinance
2024-06-17,76.37999725,76.72000122,75.95999908,76.19000244,6443600,yfinance
2024-06-18,76.12999725,76.48999786,75.37999725,76.30999756,5365900,yfinance
2024-06-20,76.59999847,77.26000214,76.40000153,77.0,8725700,yfinance
2024-06-21,77.09999847,77.80999756,76.90000153,77.70999908,9933900,yfinance
2024-06-24,77.69999695,77.98999786,76.54000092,76.70999908,5594600,yfinance
2024-06-25,76.90000153,77.59999847,76.63999939,77.51000214,6231800,yfinance
2024-06-26,77.16999817,77.43000031,76.76000214,77.09999847,6013200,yfinance
2024-06-27,77.15000153,77.5,76.65000153,77.0,4196100,yfinance
2024-06-28,77.01000214,77.44000244,76.69999695,77.01000214,7714800,yfinance
2024-07-01,77.30000305,77.94999695,76.23999786,76.41000366,4234500,yfinance
2024-07-02,76.38999939,76.73000336,75.91000366,76.55000305,3321800,yfinance
2024-07-03,76.80000305,77.0,75.70999908,76.11000061,2144400,yfinance
2024-07-05,76.55999756,76.68000031,75.76999664,76.40000153,4641100,yfinance
2024-07-08,76.37000275,76.43000031,75.98999786,76.11000061,4537500,yfinance
2024-07-09,76.44999695,76.75,76.06999969,76.51000214,3954700,yfinance
2024-07-10,76.55000305,77.15000153,76.02999878,77.11000061,3334900,yfinance
2024-07-11,77.08000183,77.23999786,76.61000061,76.88999939,5818300,yfinance
2024-07-12,76.87999725,77.87999725,76.66999817,77.69000244,4430800,yfinance
2024-07-15,78.0,78.98000336,77.70999908,78.01999664,6481600,yfinance
2024-07-16,78.01000214,78.45999908,77.63999939,78.13999939,4243300,yfinance
2024-07-17,78.06999969,78.38999939,77.08000183,77.41000366,5215200,yfinance
2024-07-18,77.19999695,77.65000153,74.15000153,75.55000305,9579800,yfinance
2024-07-19,76.90000153,77.69000244,76.22000122,77.55999756,7913000,yfinance
2024-07-22,77.66999817,78.63999939,77.47000122,78.26999664,6471000,yfinance
2024-07-23,78.55999756,79.43000031,78.19000244,78.58999634,6719000,yfinance
2024-07-24,76.59999847,78.08999634,75.41000366,77.76000214,15546900,yfinance
2024-07-25,78.25,78.76000214,74.12999725,74.26000214,10960800,yfinance
2024-07-26,74.5,75.66999817,74.41999817,74.91999817,7973400,yfinance
2024-07-29,75.22000122,75.70999908,74.45999908,75.58999634,6993200,yfinance
2024-07-30,75.30000305,75.48999786,73.43000031,74.02999878,9997500,yfinance
2024-07-31,74.5,74.56999969,73.47000122,73.87999725,8446700,yfinance
2024-08-01,74.12000275,75.18000031,73.86000061,75.16000366,5946200,yfinance
2024-08-02,75.12000275,75.36000061,73.33999634,74.5,5500500,yfinance
2024-08-05,73.45999908,73.58000183,71.87999725,72.95999908,7241500,yfinance
2024-08-06,73.58000183,74.76999664,73.01999664,73.76000214,5107300,yfinance
2024-08-07,73.80000305,74.73999786,73.61000061,73.77999878,4624100,yfinance
2024-08-08,74.27999878,75.77999878,74.01000214,75.55000305,4505000,yfinance
2024-08-09,75.52999878,76.33000183,75.0,76.19000244,3835000,yfinance
2024-08-12,75.95999908,76.25,75.44000244,75.94000244,4043000,yfinance
2024-08-13,76.09999847,76.22000122,75.59999847,75.91999817,4011600,yfinance
2024-08-14,75.94000244,76.55000305,75.52999878,76.41999817,3623200,yfinance
2024-08-15,76.75,77.81999969,76.59999847,77.58000183,4730200,yfinance
2024-08-16,77.68000031,78.30999756,77.29000092,78.25,4414400,yfinance
2024-08-19,78.09999847,78.98999786,77.70999908,78.68000031,4277700,yfinance
2024-08-20,78.90000153,79.05000305,78.08000183,78.48000336,3154000,yfinance
2024-08-21,78.52999878,78.94999695,78.30000305,78.80999756,3232600,yfinance
2024-08-22,79.36000061,79.91999817,79.0,79.58000183,3874300,yfinance
2024-08-23,79.80000305,79.90000153,78.52999878,79.16999817,4006200,yfinance
2024-08-26,79.08999634,79.94000244,78.90000153,79.47000122,2792100,yfinance
2024-08-27,79.5,79.98999786,79.44999695,79.83000183,3240500,yfinance
2024-08-28,80.0,80.01999664,79.02999878,79.51999664,4196100,yfinance
2024-08-29,79.66999817,80.95999908,79.52999878,80.66999817,5519600,yfinance
2024-08-30,80.83000183,82.09999847,80.69999695,81.79000092,7639700,yfinance
2024-09-03,81.69999695,82.08000183,80.79000092,81.13999939,5456500,yfinance
2024-09-04,81.34999847,82.47000122,81.18000031,81.95999908,4711700,yfinance
2024-09-05,81.76999664,81.87999725,80.5,81.37000275,4462200,yfinance
2024-09-06,81.40000153,81.98000336,80.79000092,81.59999847,4619000,yfinance
2024-09-09,82.30000305,82.80000305,81.79000092,82.65000153,5436400,yfinance
2024-09-10,82.90000153,83.23000336,82.47000122,83.05999756,5088600,yfinance
2024-09-11,82.87999725,83.26999664,81.5,82.94000244,4832300,yfinance
2024-09-12,82.94999695,83.83999634,82.45999908,83.83000183,3661200,yfinance
2024-09-13,83.80000305,84.12000275,83.16999817,83.30999756,3602500,yfinance
2024-09-16,83.80000305,84.01000214,82.86000061,83.51000214,4908200,yfinance
2024-09-17,83.33000183,83.45999908,81.54000092,82.51999664,7092200,yfinance
2024-09-18,82.5,83.37999725,81.81999969,82.56999969,7749500,yfinance
2024-09-19,83.41000366,84.88999939,83.33000183,83.70999908,7860700,yfinance
2024-09-20,83.55999756,84.05000305,83.09999847,83.91999817,6968200,yfinance
2024-09-23,84.26999664,84.70999908,83.62999725,84.0,5657800,yfinance
2024-09-24,83.45999908,83.73000336,83.05000305,83.51000214,5115200,yfinance
2024-09-25,83.95999908,84.06999969,83.08000183,83.5,3239800,yfinance
2024-09-26,83.56999969,83.69000244,82.58999634,83.08000183,4066900,yfinance
2024-09-27,83.01000214,83.72000122,82.76000214,83.34999847,4915600,yfinance
2024-09-30,83.31999969,83.86000061,82.91999817,83.80000305,3961800,yfinance
2024-10-01,83.86000061,84.25,83.41000366,84.13999939,5537700,yfinance
2024-10-02,84.0,84.58000183,83.16000366,84.48999786,4518100,yfinance
2024-10-03,84.41999817,84.44999695,83.44000244,83.81999969,4580800,yfinance
2024-10-04,84.04000092,84.66000366,83.19999695,84.54000092,4243600,yfinance
2024-10-07,84.37999725,85.26000214,83.73000336,84.41000366,5806300,yfinance
2024-10-08,85.12000275,86.08999634,84.70999908,85.83999634,5347700,yfinance
2024-10-09,84.62999725,86.98999786,84.26999664,86.69999695,7038900,yfinance
2024-10-10,86.76999664,86.76999664,85.76999664,86.19999695,4921000,yfinance
2024-10-11,86.52999878,87.27999878,86.19000244,87.09999847,5960500,yfinance
2024-10-14,87.59999847,87.79000092,86.91999817,87.55000305,5361600,yfinance
2024-10-15,87.80000305,88.08999634,86.51000214,86.76999664,6087400,yfinance
2024-10-16,86.54000092,87.43000031,86.44000244,87.0,4134600,yfinance
2024-10-17,87.30999756,87.44000244,86.41999817,86.41999817,4560100,yfinance
2024-10-18,86.12000275,88.70999908,85.5,88.06999969,6349600,yfinance
2024-10-21,88.08000183,88.79000092,87.87000275,88.05000305,5616700,yfinance
2024-10-22,87.30999756,88.43000031,87.12000275,88.01000214,5822500,yfinance
2024-10-23,85.27999878,87.58000183,83.26999664,87.44999695,19619300,yfinance
2024-10-24,88.37000275,88.69999695,85.02999878,85.09999847,10848600,yfinance
2024-10-25,85.25,85.56999969,83.58999634,84.73000336,6297000,yfinance
2024-10-28,85.0,85.56999969,84.66000366,84.76000214,8882500,yfinance
2024-10-29,84.75,85.12999725,84.37000275,84.55999756,7465600,yfinance
2024-10-30,84.51000214,84.66000366,80.63999939,83.98999786,12004200,yfinance
2024-10-31,83.70999908,85.25,83.37999725,84.01999664,7444300,yfinance
2024-11-01,84.33000183,84.76999664,83.5,83.62000275,7051500,yfinance
2024-11-04,83.65000153,85.23999786,83.55000305,84.72000122,5853100,yfinance
2024-11-05,84.54000092,85.69000244,84.12999725,85.54000092,5400700,yfinance
2024-11-06,88.0,88.01999664,85.02999878,86.44000244,6203800,yfinance
2024-11-07,86.83000183,87.33999634,86.11000061,86.87999725,4836500,yfinance
2024-11-08,87.56999969,88.94000244,87.18000031,88.25,5242200,yfinance
2024-11-11,88.65000153,88.90000153,88.20999908,88.48000336,4067100,yfinance
2024-11-12,88.62999725,89.01000214,88.01000214,88.72000122,4989300,yfinance
2024-11-13,88.75,89.30000305,88.66000366,88.76999664,4176500,yfinance
2024-11-14,88.65000153,89.08999634,87.48000336,87.58999634,5120200,yfinance
2024-11-15,87.12000275,87.80000305,86.01000214,86.98999786,10230100,yfinance
2024-11-18,88.75,91.08000183,88.5,90.44999695,9011400,yfinance
2024-11-19,90.02999878,90.75,89.37000275,90.33000183,5586200,yfinance
2024-11-20,90.80999756,90.80999756,89.47000122,90.16999817,4786800,yfinance
2024-11-21,90.65000153,91.72000122,90.23000336,91.5,4195100,yfinance
2024-11-22,91.79000092,91.93000031,89.01999664,90.0,5571700,yfinance
2024-11-25,89.69000244,90.30000305,87.94999695,89.25,10227300,yfinance
2024-11-26,89.77999878,90.38999939,89.09999847,90.20999908,4284200,yfinance
2024-11-27,90.40000153,91.02999878,90.05000305,90.75,3788400,yfinance
2024-11-29,90.51000214,91.31999969,89.88999939,90.66000366,3447000,yfinance
2024-12-02,90.77999878,91.33999634,90.19999695,90.43000031,3388000,yfinance
2024-12-03,90.0,90.79000092,89.62000275,90.47000122,3191900,yfinance
2024-12-04,90.37999725,91.30999756,90.05000305,90.83999634,3507300,yfinance
2024-12-05,90.0,91.05999756,89.76000214,90.52999878,4173500,yfinance
2024-12-06,90.36000061,90.80000305,89.95999908,90.06999969,3302000,yfinance
2024-12-09,90.12000275,90.66999817,88.51000214,88.72000122,4877300,yfinance
2024-12-10,89.29000092,90.47000122,88.73000336,90.19999695,4612100,yfinance
2024-12-11,90.61000061,90.97000122,90.15000153,90.55999756,3168400,yfinance
2024-12-12,90.70999908,91.37000275,90.31999969,90.41999817,4050800,yfinance
2024-12-13,90.54000092,91.02999878,90.05000305,90.11000061,3181500,yfinance
2024-12-16,90.77999878,91.58999634,89.48999786,90.45999908,5664900,yfinance
2024-12-17,90.5,90.91000366,89.70999908,90.43000031,4903800,yfinance
2024-12-18,90.13999939,90.20999908,87.94999695,88.02999878,5167700,yfinance
2024-12-19,88.04000092,89.23999786,87.72000122,88.66000366,5620600,yfinance
2024-12-20,88.0,89.66999817,87.25,88.94999695,15909900,yfinance
2024-12-23,89.26999664,89.98999786,88.36000061,89.86000061,3833800,yfinance
2024-12-24,89.86000061,91.08999634,89.66000366,91.06999969,1880000,yfinance
2024-12-26,90.68000031,91.55000305,90.58999634,91.44999695,2601600,yfinance
2024-12-27,90.90000153,91.5,90.23000336,90.66000366,3177600,yfinance
2024-12-30,89.66000366,90.08999634,89.06999969,89.68000031,3411400,yfinance
2024-12-31,89.77999878,90.20999908,89.01000214,89.31999969,3973000,yfinance
2025-01-02,90.01999664,90.16000366,88.80999756,89.37999725,3369000,yfinance
2025-01-03,89.79000092,90.95999908,89.51000214,90.69000244,3439000,yfinance
2025-01-06,90.68000031,91.33999634,90.43000031,91.29000092,4981400,yfinance
2025-01-07,91.69999695,92.41999817,90.51999664,91.98999786,4812200,yfinance
2025-01-08,96.68000031,97.12999725,94.75,95.94999695,10747700,yfinance
2025-01-10,95.48000336,96.69000244,94.55999756,94.87999725,5944400,yfinance
2025-01-13,93.81999969,95.08000183,93.19999695,94.61000061,4219100,yfinance
2025-01-14,95.08000183,96.25,94.83000183,95.65000153,5415800,yfinance
2025-01-15,95.73000336,97.36000061,95.37000275,96.88999939,5328800,yfinance
2025-01-16,97.04000092,98.30999756,96.97000122,98.16999817,5020800,yfinance
2025-01-17,97.93000031,99.13999939,97.68000031,98.66000366,7064000,yfinance
2025-01-21,100.20999908,101.13999939,99.76999664,100.91000366,6010200,yfinance
2025-01-22,100.91000366,101.65000153,100.13999939,100.30999756,8170900,yfinance
2025-01-23,100.5,101.75,99.75,101.63999939,7223600,yfinance
2025-01-24,101.01000214,102.15000153,100.87000275,101.94000244,4324600,yfinance
2025-01-27,101.59999847,102.31999969,100.5,102.26999664,6799300,yfinance
2025-01-28,102.27999878,102.93000031,101.63999939,102.31999969,7905000,yfinance
2025-01-29,102.73999786,103.16999817,102.33000183,102.70999908,4556700,yfinance
2025-01-30,103.59999847,104.25,102.83000183,103.04000092,6344200,yfinance
2025-01-31,103.40000153,103.59999847,102.31999969,102.36000061,6187000,yfinance
2025-02-03,101.41000366,103.86000061,100.69999695,103.06999969,6263400,yfinance
2025-02-04,103.27999878,103.98999786,102.84999847,103.54000092,9761200,yfinance
2025-02-05,102.94000244,107.16999817,102.44000244,104.97000122,10668100,yfinance
2025-02-06,105.72000122,105.90000153,104.73000336,105.01999664,6383400,yfinance
2025-02-07,104.75,105.91999817,104.29000092,105.25,5537900,yfinance
2025-02-10,105.72000122,106.31999969,105.26999664,106.18000031,5849300,yfinance
2025-02-11,105.88999939,106.15000153,105.25,105.98000336,4830100,yfinance
2025-02-12,105.23999786,106.19999695,104.75,105.76999664,5456300,yfinance
2025-02-13,105.98000336,106.26999664,104.94000244,106.13999939,6268600,yfinance
2025-02-14,106.09999847,106.72000122,105.76999664,106.11000061,3966400,yfinance
2025-02-18,103.69000244,105.72000122,102.91999817,105.34999847,6505300,yfinance
2025-02-19,105.34999847,105.69999695,104.76000214,105.66999817,4305800,yfinance
2025-02-20,105.43000031,105.48000336,104.34999847,105.36000061,5977500,yfinance
2025-02-21,104.63999939,105.65000153,103.98000336,104.48999786,5513300,yfinance
2025-02-24,104.25,104.94999695,103.87000275,104.38999939,5214600,yfinance
2025-02-25,104.0,104.5,97.08000183,100.72000122,18821600,yfinance
2025-02-26,100.43000031,102.81999969,99.84999847,101.55999756,8148700,yfinance
2025-02-27,101.63999939,103.98999786,100.55000305,100.80000305,9010500,yfinance
2025-02-28,101.12999725,104.09999847,101.01000214,103.79000092,8833200,yfinance
2025-03-03,104.84999847,105.56999969,103.83000183,104.87000275,6348900,yfinance
2025-03-04,104.62999725,105.13999939,102.52999878,103.61000061,8374400,yfinance
2025-03-05,103.23999786,105.20999908,103.06999969,104.70999908,6716300,yfinance
2025-03-06,103.30999756,103.51000214,100.54000092,100.80000305,9722800,yfinance
2025-03-07,100.61000061,100.61000061,97.04000092,99.12999725,12987100,yfinance
2025-03-10,97.76999664,97.76999664,93.29000092,94.12999725,17009300,yfinance
2025-03-11,94.12999725,96.26999664,93.91000366,95.51999664,11910400,yfinance
2025-03-12,98.04000092,98.56999969,96.01000214,96.41999817,8790900,yfinance
2025-03-13,96.63999939,96.63999939,94.84999847,95.37000275,8056900,yfinance
2025-03-14,96.06999969,97.38999939,95.55999756,97.16000366,4924600,yfinance
2025-03-17,96.76000214,99.41000366,96.51999664,98.90000153,5703000,yfinance
2025-03-18,98.36000061,99.41000366,97.93000031,99.22000122,5370000,yfinance
2025-03-19,99.93000031,101.48999786,98.94000244,100.73000336,5504500,yfinance
2025-03-20,100.41000366,102.01000214,100.09999847,101.51000214,6282300,yfinance
2025-03-21,100.84999847,101.0,99.30000305,100.69000244,8617100,yfinance
2025-03-24,101.72000122,102.91999817,101.23000336,102.66999817,5831200,yfinance
2025-03-25,102.86000061,104.34999847,102.59999847,103.08000183,9346700,yfinance
2025-03-26,103.12000275,103.48000336,101.01999664,102.33999634,6645800,yfinance
2025-03-27,102.23000336,102.23999786,100.26000214,100.80000305,7610500,yfinance
2025-03-28,99.94000244,100.41999817,98.01999664,99.36000061,7404100,yfinance
2025-03-31,98.55999756,101.25,97.84999847,100.87999725,8522400,yfinance
2025-04-01,100.40000153,101.27999878,99.45999908,101.23999786,5958000,yfinance
2025-04-02,99.70999908,101.01999664,98.44000244,100.05000305,11755600,yfinance
2025-04-03,96.94000244,99.86000061,96.65000153,98.5,10996700,yfinance
2025-04-04,94.73000336,95.88999939,89.65000153,89.69999695,22572300,yfinance
2025-04-07,87.04000092,93.88999939,85.98000336,91.54000092,14290000,yfinance
2025-04-08,94.5,95.05000305,89.05000305,90.63999939,10816100,yfinance
2025-04-09,90.22000122,97.65000153,86.76999664,96.76999664,23603300,yfinance
2025-04-10,95.23000336,95.56999969,91.01000214,92.63999939,11631900,yfinance
2025-04-11,93.05999756,94.48000336,91.88999939,93.66999817,8303600,yfinance
2025-04-14,95.27999878,95.62999725,93.65000153,94.26999664,7876900,yfinance
2025-04-15,94.66000366,95.12000275,93.69000244,94.23000336,6615600,yfinance
2025-04-16,94.77999878,96.69000244,94.04000092,95.25,7874200,yfinance
2025-04-17,95.59999847,96.05999756,94.66999817,95.12000275,6673000,yfinance
2025-04-21,95.05000305,95.18000031,92.69999695,93.58000183,9990400,yfinance
2025-04-22,93.90000153,95.61000061,93.34999847,95.05000305,8611000,yfinance
2025-04-23,100.0,102.37000275,98.43000031,98.91999817,12865200,yfinance
2025-04-24,99.02999878,101.68000031,98.93000031,101.13999939,8984500,yfinance
2025-04-25,101.38999939,102.15000153,100.81999969,101.90000153,5413000,yfinance
2025-04-28,102.5,102.94999695,101.5,102.18000031,7816000,yfinance
2025-04-29,102.40000153,103.19999695,101.62000275,102.73999786,5478700,yfinance
2025-04-30,102.33999634,103.12000275,101.45999908,102.87000275,6702600,yfinance
2025-05-01,102.76000214,103.83000183,101.51000214,103.19000244,8206100,yfinance
2025-05-02,105.0,105.54000092,104.27999878,104.93000031,7363300,yfinance
2025-05-05,104.54000092,104.80999756,103.54000092,104.23999786,4822600,yfinance
2025-05-06,103.31999969,104.47000122,103.09999847,104.12000275,6123100,yfinance
2025-05-07,104.48999786,105.05000305,103.83000183,104.80000305,4392600,yfinance
2025-05-08,105.12999725,105.73999786,103.22000122,103.29000092,5274900,yfinance
2025-05-09,102.97000122,103.66000366,102.52999878,102.86000061,3609500,yfinance
2025-05-12,104.55000305,104.55000305,101.81999969,102.87000275,6974200,yfinance
2025-05-13,103.19000244,103.68000031,102.26000214,102.94999695,7066900,yfinance
2025-05-14,102.98999786,103.48000336,102.56999969,102.94999695,5738400,yfinance
2025-05-15,103.20999908,105.05999756,102.77999878,104.86000061,6941100,yfinance
2025-05-16,105.44000244,106.23999786,104.72000122,106.04000092,7292800,yfinance
2025-05-19,105.69000244,106.72000122,105.51999664,106.66000366,7933900,yfinance
2025-05-20,106.30000305,106.66999817,105.30000305,106.54000092,7906900,yfinance
2025-05-21,106.41999817,107.05999756,104.37000275,104.63999939,8076000,yfinance
2025-05-22,104.19999695,105.0,103.56999969,104.5,7715900,yfinance
2025-05-23,103.86000061,104.87000275,103.58000183,104.5,5205900,yfinance
2025-05-27,105.36000061,106.66999817,105.22000122,106.16999817,6910700,yfinance
2025-05-28,104.26000214,105.72000122,103.5,104.51000214,6364700,yfinance
2025-05-29,104.5,105.0,103.87000275,104.5,7128900,yfinance
2025-05-30,104.51999664,105.37000275,104.08999634,105.26000214,10524900,yfinance
2025-06-02,104.52999878,105.26000214,102.81999969,104.16999817,5005100,yfinance
2025-06-03,104.0,104.19999695,102.31999969,103.09999847,8429800,yfinance
2025-06-04,103.16999817,103.48999786,102.40000153,102.43000031,5682000,yfinance
2025-06-05,102.95999908,103.23999786,102.12999725,102.83000183,8242700,yfinance
2025-06-06,103.05000305,105.77999878,100.95999908,102.08999634,9114400,yfinance
2025-06-09,101.45999908,101.54000092,99.62000275,100.04000092,8560600,yfinance
2025-06-10,100.23999786,100.45999908,98.98999786,99.33999634,8711400,yfinance
2025-06-11,99.16000366,100.08000183,98.77999878,99.40000153,8453700,yfinance
2025-06-12,99.48999786,99.58000183,98.05999756,98.55999756,9101200,yfinance
2025-06-13,98.19000244,100.87999725,98.0,99.73999786,10330800,yfinance
2025-06-16,100.68000031,102.40000153,100.33999634,101.48999786,9288200,yfinance
2025-06-17,101.31999969,102.41000366,101.19999695,101.73000336,6858000,yfinance
2025-06-18,101.80999756,102.26999664,100.83999634,101.37000275,5188700,yfinance
2025-06-20,101.62000275,102.29000092,101.23999786,101.30000305,11349500,yfinance
2025-06-23,101.44999695,102.40000153,100.90000153,102.36000061,6203300,yfinance
2025-06-24,102.73999786,104.30000305,102.05000305,104.12000275,7160500,yfinance
2025-06-25,104.13999939,105.08999634,104.01000214,104.29000092,5691700,yfinance
2025-06-26,104.56999969,105.19999695,104.16000366,104.58000183,5071500,yfinance
2025-06-27,104.73000336,107.05000305,104.62000275,106.52999878,15637200,yfinance
2025-06-30,106.5,107.52999878,106.25,107.41000366,7006500,yfinance
2025-07-01,107.36000061,107.5,103.94999695,104.77999878,8531000,yfinance
2025-07-02,104.73000336,105.38999939,102.66999817,103.62999725,6514700,yfinance
2025-07-03,104.47000122,104.5,103.48000336,104.31999969,2931100,yfinance
2025-07-07,104.62000275,104.69999695,103.29000092,103.83000183,5892100,yfinance
2025-07-08,103.51999664,104.16000366,101.55999756,102.41000366,7750900,yfinance
2025-07-09,102.94999695,103.20999908,101.59999847,102.95999908,6241000,yfinance
2025-07-10,103.11000061,104.41000366,102.45999908,103.86000061,7225100,yfinance
2025-07-11,104.08000183,104.08000183,102.84999847,103.19999695,5890200,yfinance
2025-07-14,102.66000366,105.19000244,102.48999786,104.33000183,9819500,yfinance
2025-07-15,104.37999725,104.55000305,102.91000366,103.48000336,7361600,yfinance
2025-07-16,104.19000244,104.29000092,102.58999634,103.19000244,9259100,yfinance
2025-07-17,102.98000336,104.73999786,102.69000244,104.65000153,9489100,yfinance
2025-07-18,105.12999725,105.40000153,102.26000214,103.63999939,8571100,yfinance
2025-07-21,103.01999664,104.95999908,103.01000214,103.77999878,5528700,yfinance
2025-07-22,104.23000336,104.55999756,103.16000366,103.16000366,7924300,yfinance
2025-07-23,107.05999756,108.94000244,105.75,107.76000214,15115200,yfinance
2025-07-24,108.34999847,108.52999878,104.69000244,106.20999908,10261500,yfinance
2025-07-25,106.18000031,107.25,105.94000244,106.13999939,5875100,yfinance
2025-07-28,106.33000183,107.37999725,105.55999756,105.83999634,6624800,yfinance
2025-07-29,106.68000031,107.25,106.09999847,106.47000122,6352600,yfinance
2025-07-30,106.45999908,107.23000336,105.87999725,106.76000214,7165700,yfinance
2025-07-31,106.12999725,106.43000031,104.58000183,104.91999817,6714600,yfinance
2025-08-01,104.75,106.41000366,104.05999756,105.41000366,6339000,yfinance
2025-08-04,105.63999939,106.80000305,105.33000183,106.79000092,4623900,yfinance
2025-08-05,106.66000366,106.75,104.52999878,104.83000183,4834900,yfinance
2025-08-06,105.0,105.37999725,101.59999847,102.94999695,9105300,yfinance
2025-08-07,103.34999847,103.76000214,101.95999908,102.95999908,5406400,yfinance
2025-08-08,103.26999664,104.45999908,103.11000061,103.13999939,5076200,yfinance
2025-08-11,102.76999664,103.83999634,102.51999664,102.75,4166100,yfinance
2025-08-12,102.90000153,103.58000183,101.62000275,102.63999939,6446700,yfinance
2025-08-13,102.80000305,103.06999969,101.62000275,102.5,5859200,yfinance
2025-08-14,102.63999939,104.33000183,102.11000061,104.15000153,7246100,yfinance
2025-08-15,104.41999817,104.65000153,102.58999634,103.16999817,5342300,yfinance
2025-08-18,103.0,103.36000061,102.18000031,103.05000305,8516900,yfinance
2025-08-19,102.31999969,103.79000092,102.05000305,103.75,5229700,yfinance
2025-08-20,103.90000153,106.33000183,103.87999725,106.05000305,6062400,yfinance
2025-08-21,105.83000183,105.98999786,104.90000153,105.20999908,5926800,yfinance
2025-08-22,105.70999908,106.69000244,105.41999817,106.16999817,9397500,yfinance
2025-08-25,106.16000366,106.19999695,105.09999847,105.11000061,4507500,yfinance
2025-08-26,105.05000305,106.45999908,104.66999817,106.38999939,5613700,yfinance
2025-08-27,106.43000031,107.01000214,105.81999969,105.87000275,5706500,yfinance
2025-08-28,105.69999695,105.90000153,104.80000305,105.75,3936200,yfinance
2025-08-29,105.63999939,105.72000122,104.88999939,105.5,4066900,yfinance
2025-09-02,105.47000122,106.87000275,104.23999786,106.66000366,7768100,yfinance
2025-09-03,107.0,107.69000244,105.16999817,107.52999878,7518700,yfinance
2025-09-04,107.58999634,108.47000122,106.59999847,107.29000092,7355300,yfinance
2025-09-05,107.11000061,108.25,106.72000122,107.22000122,4063400,yfinance
2025-09-08,107.45999908,108.68000031,106.80000305,108.13999939,7455500,yfinance
2025-09-09,107.88999939,109.5,107.87999725,108.08999634,5241100,yfinance
2025-09-10,108.0,108.06999969,103.69000244,105.23000336,10385000,yfinance
2025-09-11,105.41000366,105.72000122,103.51999664,104.33999634,8283200,yfinance
2025-09-12,103.76000214,104.43000031,102.48000336,102.70999908,10541800,yfinance
2025-09-15,102.80999756,103.11000061,99.68000031,99.87000275,12020500,yfinance
2025-09-16,99.56999969,99.86000061,98.19999695,98.98000336,20889900,yfinance
2025-09-17,98.98000336,99.33999634,97.47000122,98.5,12061900,yfinance
2025-09-18,98.81999969,98.81999969,97.15000153,98.23000336,13867100,yfinance
2025-09-19,98.90000153,98.90000153,96.84999847,97.83000183,16833800,yfinance
2025-09-22,97.84999847,97.88999939,96.37999725,97.02999878,11013300,yfinance
2025-09-23,96.16999817,98.30000305,96.01999664,97.69000244,14592800,yfinance
2025-09-24,97.77999878,98.80000305,96.97000122,98.05999756,14130300,yfinance
2025-09-25,98.05999756,98.30000305,96.01999664,98.13999939,9434100,yfinance
2025-09-26,98.94999695,100.0,98.11000061,98.18000031,8188400,yfinance
2025-09-29,98.11000061,98.48000336,96.80000305,97.04000092,12025300,yfinance
2025-09-30,97.34999847,98.88999939,95.83999634,97.62999725,13273700,yfinance
2025-10-01,97.94999695,99.01000214,90.69000244,95.84999847,22363700,yfinance
2025-10-02,95.73000336,97.25,94.88999939,96.22000122,11943300,yfinance
2025-10-03,96.16000366,98.48000336,96.09999847,97.31999969,10768100,yfinance
2025-10-06,97.5,97.58000183,96.06999969,96.69999695,7797300,yfinance
2025-10-07,96.55999756,96.73000336,95.37999725,95.90000153,8180400,yfinance
2025-10-08,96.29000092,96.81999969,95.5,96.79000092,7135900,yfinance
2025-10-09,97.18000031,97.66000366,96.68000031,97.27999878,7724300,yfinance
2025-10-10,97.30000305,97.77999878,95.37000275,95.41000366,8056000,yfinance
2025-10-13,95.12999725,95.80000305,94.55999756,94.94999695,7105500,yfinance
2025-10-14,94.70999908,96.41000366,94.52999878,96.23999786,6098000,yfinance
2025-10-15,95.93000031,99.61000061,95.58999634,97.70999908,9149300,yfinance
2025-10-16,98.01000214,99.30000305,97.25,97.77999878,8221000,yfinance
2025-10-17,97.83999634,99.37999725,97.52999878,99.23999786,6499600,yfinance
2025-10-20,99.69999695,101.01999664,99.58999634,100.52999878,9309700,yfinance
2025-10-21,99.83000183,100.33000183,99.29000092,99.90000153,8955900,yfinance
2025-10-22,103.09999847,105.0,101.51999664,103.84999847,17749300,yfinance
2025-10-23,104.29000092,105.48999786,102.33999634,102.38999939,11114500,yfinance
2025-10-24,102.84999847,102.98999786,101.02999878,101.11000061,6798400,yfinance
2025-10-27,101.38999939,102.56999969,100.55000305,102.43000031,6857600,yfinance
2025-10-28,102.30999756,102.86000061,100.91999817,100.97000122,5612200,yfinance
2025-10-29,100.62000275,100.94000244,99.72000122,100.30000305,6969100,yfinance
2025-10-30,100.76000214,102.26999664,100.48999786,100.56999969,6834600,yfinance
2025-10-31,100.41000366,101.15000153,99.94000244,100.72000122,7273900,yfinance
2025-11-03,100.75,100.80000305,98.05999756,98.58999634,8031600,yfinance
2025-11-04,98.98000336,99.33000183,98.25,98.83999634,6945600,yfinance
2025-11-05,98.37999725,99.22000122,97.73000336,98.90000153,6443300,yfinance
2025-11-06,98.41000366,99.11000061,97.44999695,99.05000305,6809700,yfinance
2025-11-07,99.0,100.30999756,98.70999908,100.01999664,7046500,yfinance
2025-11-10,99.33999634,101.30000305,98.83999634,100.91000366,8236200,yfinance
2025-11-11,101.40000153,102.61000061,101.33000183,102.5,6006800,yfinance
2025-11-12,102.5,104.62999725,102.30000305,104.12999725,7530700,yfinance
2025-11-13,103.30000305,105.65000153,102.61000061,104.98000336,10338000,yfinance
2025-11-14,104.40000153,104.62000275,102.62999725,102.69000244,9709100,yfinance
2025-11-17,102.26999664,102.70999908,101.26000214,101.76000214,6765400,yfinance
2025-11-18,101.5,101.90000153,99.13999939,99.22000122,10109400,yfinance
2025-11-19,99.33999634,99.44000244,95.98999786,97.01000214,16170100,yfinance
2025-11-20,97.33999634,98.36000061,96.33999634,96.59999847,7939000,yfinance
2025-11-21,96.44999695,98.34999847,96.06999969,96.87999725,13388300,yfinance
2025-11-24,96.29000092,98.29000092,96.12999725,98.04000092,17698500,yfinance
2025-11-25,98.84999847,101.76999664,98.73999786,101.36000061,8827500,yfinance
2025-11-26,100.91999817,101.69000244,100.90000153,100.95999908,5310100,yfinance
2025-11-28,101.55000305,101.73000336,100.5,101.58000183,2819000,yfinance
2025-12-01,101.62999725,101.91000366,100.87999725,101.01000214,5614200,yfinance
2025-12-02,101.05999756,101.81999969,98.98999786,99.01999664,7977800,yfinance
2025-12-03,99.0,99.33999634,97.63999939,98.56999969,9868900,yfinance
2025-12-04,98.65000153,99.26999664,97.15000153,97.72000122,9407600,yfinance
2025-12-05,98.05000305,98.69000244,97.01999664,97.51999664,8145400,yfinance
2025-12-08,96.91000366,97.06999969,92.73000336,93.83999634,14721300,yfinance
2025-12-09,94.44999695,94.83999634,92.26000214,92.52999878,12670400,yfinance
2025-12-10,92.34999847,93.55000305,91.86000061,92.69999695,11593600,yfinance
2025-12-11,92.95999908,93.88999939,91.44999695,91.75,11749700,yfinance
2025-12-12,92.20999908,93.37999725,91.52999878,92.58000183,7775100,yfinance
2025-12-15,92.80000305,93.12000275,91.76999664,92.19000244,11765300,yfinance
2025-12-16,91.58999634,93.16999817,90.41999817,92.94999695,14569600,yfinance
2025-12-17,93.76999664,95.98999786,93.58000183,94.48000336,12335900,yfinance
2025-12-18,95.0,97.05000305,94.66000366,96.11000061,15706900,yfinance
2025-12-19,96.84999847,97.26999664,95.45999908,95.61000061,16423000,yfinance
2025-12-22,95.76000214,96.56999969,95.19999695,96.43000031,8969200,yfinance
2025-12-23,95.80999756,96.25,95.69000244,96.08999634,5824700,yfinance
2025-12-24,95.91999817,96.25,95.55000305,96.12999725,2079600,yfinance
2025-12-26,96.13999939,96.30999756,95.80999756,96.05999756,3295100,yfinance
2025-12-29,96.45999908,96.63999939,95.52999878,95.76000214,5579400,yfinance
2025-12-30,95.55999756,96.16999817,95.5,96.01000214,3991700,yfinance
2025-12-31,96.12000275,96.33000183,95.26999664,95.34999847,4219600,yfinance
2026-01-02,95.72000122,95.83999634,94.23000336,94.70999908,6030600,yfinance
2026-01-05,94.27999878,95.77999878,93.86000061,95.48000336,7533300,yfinance
2026-01-06,95.84999847,98.08999634,95.09999847,97.79000092,6651100,yfinance
2026-01-07,98.27999878,99.15000153,98.12000275,98.65000153,9701000,yfinance
2026-01-08,98.90000153,100.90000153,98.33999634,98.37999725,9736300,yfinance
2026-01-09,98.94999695,99.08999634,97.23999786,97.63999939,9795700,yfinance
2026-01-12,97.90000153,97.90000153,95.33999634,95.72000122,7209600,yfinance
2026-01-13,95.34999847,95.44999695,92.69000244,94.13999939,11108200,yfinance
2026-01-14,93.91999817,93.98999786,92.79000092,93.73999786,7270300,yfinance
2026-01-15,88.26000214,90.91000366,87.22000122,90.02999878,27909100,yfinance
2026-01-16,90.01999664,90.01999664,88.04000092,88.06999969,17377000,yfinance
2026-01-20,88.20999908,91.54000092,87.02999878,91.19999695,20605200,yfinance
2026-01-21,91.69999695,92.29000092,90.44000244,91.70999908,14160900,yfinance
2026-01-22,91.91999817,93.06999969,90.91999817,91.29000092,11698700,yfinance
2026-01-23,91.5,92.59999847,90.88999939,92.51000214,13613100,yfinance
2026-01-26,92.15000153,94.75,91.91999817,93.55000305,14662500,yfinance
2026-01-27,93.23000336,93.91999817,92.69999695,93.61000061,9610600,yfinance
2026-01-28,93.31999969,94.45999908,92.94000244,93.79000092,8507000,yfinance
2026-01-29,93.05999756,93.31999969,91.44999695,92.33000183,19051100,yfinance
2026-01-30,93.05000305,94.25,92.01999664,93.52999878,14303200,yfinance
2026-02-02,93.15000153,94.18000031,91.65000153,91.87000275,15424000,yfinance
2026-02-03,91.54000092,93.12999725,90.83000183,91.62000275,20357400,yfinance
2026-02-04,81.37999725,81.77999878,75.0,75.5,78234500,yfinance
2026-02-05,77.34999847,78.62999725,74.86000061,77.63999939,38316900,yfinance
2026-02-06,77.23999786,79.16999817,75.12000275,76.26999664,34885700,yfinance
2026-02-09,75.61000061,75.79000092,74.08000183,74.12000275,21133700,yfinance
2026-02-10,74.65000153,75.41999817,73.91999817,74.25,21080700,yfinance
2026-02-11,74.12000275,74.5,72.69000244,73.47000122,20102900,yfinance
2026-02-12,73.37999725,75.29000092,73.16000366,74.12000275,16871900,yfinance
2026-02-13,74.81999969,76.37000275,74.43000031,74.73000336,13452400,yfinance
2026-02-17,75.02999878,76.81999969,75.0,76.29000092,14259300,yfinance
2026-02-18,76.22000122,76.36000061,75.30999756,76.27999878,9344900,yfinance
2026-02-19,76.09999847,76.87000275,75.51999664,75.72000122,10979900,yfinance
2026-02-20,75.45999908,75.58000183,74.45999908,74.58000183,12592400,yfinance
2026-02-23,74.26999664,75.31999969,74.26000214,74.37000275,10224400,yfinance
2026-02-24,74.5,75.69999695,73.80999756,75.15000153,14189000,yfinance
2026-02-25,74.80999756,74.91000366,73.44000244,73.48000336,15587900,yfinance
2026-02-26,74.0,75.87000275,73.66000366,75.75,13022400,yfinance
2026-02-27,75.26999664,76.87000275,75.26999664,76.84999847,21487600,yfinance
2026-03-02,76.27999878,76.68000031,75.33000183,76.22000122,11111900,yfinance
2026-03-03,75.51999664,76.37000275,72.88999939,73.84999847,16684600,yfinance
2026-03-04,73.52999878,73.76999664,71.83000183,72.20999908,15541700,yfinance
2026-03-05,71.80000305,73.12999725,70.75,72.98999786,12819200,yfinance
2026-03-06,72.90000153,72.94000244,71.08000183,71.34999847,10031300,yfinance
2026-03-09,70.31999969,72.37000275,69.51999664,71.90000153,11651100,yfinance
2026-03-10,71.38999939,71.70999908,69.77999878,69.95999908,14271200,yfinance
2026-03-11,70.13999939,70.40000153,68.19000244,69.62999725,12530700,yfinance
2026-03-12,69.62999725,69.87000275,67.55999756,68.55000305,12436600,yfinance
2026-03-13,68.95999908,69.59999847,68.41000366,69.12999725,11660800,yfinance
2026-03-16,69.22000122,70.02999878,69.01999664,69.79000092,8681500,yfinance
2026-03-17,70.12999725,71.91000366,70.09999847,71.19999695,12770000,yfinance
2026-03-18,70.73000336,71.94000244,70.12000275,71.27999878,8988300,yfinance
2026-03-19,71.12999725,71.77999878,69.05999756,69.88999939,13040000,yfinance
2026-03-20,69.76999664,70.65000153,69.37999725,69.48000336,20129800,yfinance
2026-03-23,70.04000092,70.54000092,68.84999847,69.54000092,10959400,yfinance
2026-03-24,69.12000275,69.25,68.02999878,68.15000153,11772000,yfinance
2026-03-25,69.0,70.09999847,68.59999847,69.77999878,9440600,yfinance
2026-03-26,69.40000153,71.19999695,69.34999847,70.16999817,12968400,yfinance
2026-03-27,70.02999878,70.12999725,68.84999847,69.16999817,16012500,yfinance
2026-03-30,64.19999695,65.70999908,61.25,62.93000031,43461800,yfinance
2026-03-31,63.47999954,63.90999985,61.43999863,62.75,29867300,yfinance
2026-04-01,63.72000122,64.23000336,61.95999908,62.0,19486600,yfinance
2026-04-02,62.04999924,63.20000076,61.79999924,62.81999969,13895600,yfinance
2026-04-06,62.31999969,63.29999924,62.18000031,62.59000015,11189700,yfinance
2026-04-07,62.15000153,62.25999832,60.90000153,61.86000061,18325200,yfinance
2026-04-08,62.84000015,63.54999924,62.13000107,62.56000137,14972400,yfinance
2026-04-09,62.15000153,62.36000061,60.59000015,61.27999878,12702100,yfinance
2026-04-10,61.52000046,61.79000092,60.84000015,61.79000092,14774200,yfinance
2026-04-13,61.5,63.18000031,61.43999863,63.18000031,12228000,yfinance
2026-04-14,63.5,64.48000336,63.13999939,63.81999969,12354700,yfinance
2026-04-15,64.04000092,65.15000153,63.70000076,64.61000061,12030700,yfinance
2026-04-16,64.76999664,65.55999756,63.34999847,63.41999817,10656900,yfinance
2026-04-17,64.08000183,64.88999939,63.90000153,64.23000336,12090100,yfinance
2026-04-20,63.15999985,63.65999985,60.59999847,60.99000168,16505600,yfinance
2026-04-21,60.74000168,61.68000031,59.38999939,59.52000046,26846600,yfinance
2026-04-22,62.50999832,65.31999969,61.77999878,64.87000275,40404700,yfinance
2026-04-23,65.56999969,66.87999725,64.93000031,65.69000244,31271600,yfinance
2026-04-24,65.80000305,65.97000122,61.95999908,62.06999969,17691300,yfinance
2026-04-27,61.20999908,61.72999954,59.93000031,59.95000076,17643100,yfinance
2026-04-28,60.20999908,60.52000046,58.02000046,58.45000076,16900200,yfinance
2026-04-29,57.70999908,57.83000183,56.16999817,57.15000153,20669100,yfinance
2026-04-30,57.08000183,57.90000153,56.04999924,57.61000061,21709400,yfinance
2026-05-01,57.93000031,58.16999817,56.5,56.5,18311900,yfinance
2026-05-04,56.65000153,57.68999863,56.52999878,56.84999847,13975300,yfinance
2026-05-05,57.00999832,57.00999832,55.88000107,55.97999954,12544100,yfinance
2026-05-06,55.81000137,56.09999847,54.97999954,56.0,18680200,yfinance
2026-05-07,56.84000015,58.18000031,56.40000153,56.56999969,25541300,yfinance
2026-05-08,56.33000183,56.61999893,53.63000107,53.93000031,20841300,yfinance
2026-05-11,53.77000046,54.20000076,53.15000153,53.36999893,21607600,yfinance
2026-05-12,53.95000076,54.47999954,53.49000168,54.09999847,15917800,yfinance
2026-05-13,53.27000046,54.29000092,52.81000137,53.06000137,17994200,yfinance
2026-05-14,53.27000046,53.68999863,52.75,53.54999924,14595100,yfinance
2026-05-15,54.18999863,54.40000153,52.52000046,52.68000031,14843300,yfinance
2026-05-18,53.56000137,56.33000183,53.45000076,55.91999817,16769100,yfinance
2026-05-19,56.47000122,57.59000015,56.24000168,56.81000137,22605200,yfinance
2026-05-20,56.68000031,56.93999863,55.33000183,56.66999817,15398800,yfinance
2026-05-21,56.02999878,57.16999817,55.81999969,57.15000153,12841400,yfinance
2026-05-22,57.59999847,58.50999832,57.38999939,57.77999878,11738100,yfinance
2026-05-26,57.75,58.13999939,57.25999832,57.63999939,15258000,yfinance
2026-05-27,53.13000107,53.20000076,50.04000092,50.45999908,52740500,yfinance
2026-05-28,50.13999939,50.43999863,48.40999985,49.11000061,44935200,yfinance
2026-05-29,48.72000122,49.29999924,48.13000107,48.31000137,37280100,yfinance
2026-06-01,48.31000137,48.65999985,47.34999847,47.97999954,29188500,yfinance
2026-06-02,48.0,48.43000031,47.36999893,47.68000031,21665400,yfinance
2026-06-03,47.81000137,48.59000015,47.16999817,47.68999863,24677000,yfinance
2026-06-04,48.56000137,49.47000122,48.27000046,48.84999847,22783700,yfinance
2026-06-05,49.45000076,50.13999939,48.27999878,48.54999924,20257900,yfinance
2026-06-08,48.04999924,49.06999969,47.88000107,48.70000076,15381600,yfinance
2026-06-09,48.75999832,49.86000061,48.65999985,48.95999908,18210800,yfinance
2026-06-10,48.88000107,48.91999817,47.81000137,48.34000015,22676600,yfinance
2026-06-11,48.25999832,48.65000153,46.90999985,47.16999817,18903200,yfinance
2026-06-12,47.59999847,47.79999924,45.99000168,46.90999985,16762400,yfinance
2026-06-15,47.15999985,47.72999954,46.18999863,46.75999832,16285200,yfinance
2026-06-16,47.25,47.25,46.20000076,46.91999817,11144100,yfinance
2026-06-17,46.59999847,46.70000076,44.79000092,44.95000076,20824300,yfinance
2026-06-18,45.06000137,45.47999954,44.43999863,45.29000092,30855000,yfinance
2026-06-22,44.95000076,45.22000122,44.04999924,44.33000183,16784700,yfinance
2026-06-23,44.63000107,45.68999863,44.40000153,45.59999847,18696100,yfinance
2026-06-24,45.47999954,45.83000183,44.11999893,44.45999908,20964000,yfinance
2026-06-25,44.20999908,45.27999878,43.88999939,44.20000076,19819900,yfinance
2026-06-26,44.40000153,45.22000122,44.02000046,44.22999954,30011500,yfinance
2026-06-29,44.74000168,44.91999817,43.36999893,43.47999954,21895400,yfinance
2026-06-30,43.31000137,43.40999985,42.25,42.68000031,42986700,yfinance
2026-07-01,43.20999908,43.75999832,42.70999908,43.06000137,25515500,yfinance
2026-07-02,43.72999954,45.79999924,43.45000076,45.13999939,26345000,yfinance
2026-07-06,44.81000137,45.29999924,43.84000015,44.59999847,17118500,yfinance
2026-07-07,45.40000153,46.36999893,45.09000015,45.29999924,13000700,yfinance
2026-07-08,44.70000076,44.97999954,44.00999832,44.81000137,13549500,yfinance
2026-07-09,44.52999878,45.11000061,44.09999847,44.99000168,12400300,yfinance
2026-07-10,45.47000122,45.50999832,44.22999954,44.77000046,12043100,yfinance
2026-07-13,45.34000015,45.43000031,44.36000061,44.65000153,13165900,yfinance
2026-07-14,43.5,43.5,42.27999878,42.63000107,20088300,yfinance
2026-07-15,42.65000153,43.61000061,42.20000076,43.04000092,14531500,yfinance
2026-07-16,44.18000031,45.45000076,43.75999832,44.61999893,18783100,yfinance
2026-07-17,45.22000122,45.25,43.75999832,44.02999878,15522200,yfinance
2026-07-20,43.79000092,44.34999847,43.45999908,43.77000046,13129900,yfinance
2026-07-21,43.06000137,43.72000122,42.88000107,43.18999863,25009800,yfinance
2026-07-22,43.77000046,43.77000046,42.68999863,42.97000122,11201200,yfinance
2026-07-23,42.72999954,43.68999863,42.5,43.58000183,16535700,yfinance
2026-07-24,43.97000122,44.70999908,43.72000122,44.25,20689900,yfinance
2026-07-27,44.59999847,46.31999969,44.59000015,45.50999832,20039000,yfinance
2026-07-28,46.41999817,47.15999985,45.81000137,46.06000137,26905700,yfinance
2026-07-29,42.66999817,46.88000107,42.54999924,46.04000092,51286700,yfinance
2026-07-30,45.27000046,46.20000076,44.54999924,46.0,25889300,yfinance
2026-07-31,45.84000015,46.79999924,44.43000031,46.72999954,18691900,yfinance
2026-08-03,47.81999969,48.91999817,47.5,48.43000031,20380000,yfinance
2026-08-04,48.11000061,49.20999908,47.97999954,49.09000015,21565100,yfinance
2026-08-05,49.47000122,49.49000168,47.09999847,47.74000168,16512100,yfinance
2026-08-06,49.22999954,50.15999985,48.88000107,49.29999924,21399000,yfinance
2026-08-07,49.5,50.11999893,49.06000137,49.31000137,11447000,yfinance
