date,open,high,low,close,volume,source
2019-01-02,105.81862302,109.10332463,104.93985939,107.82357025,4783200,yfinance
2019-01-03,106.91066498,107.07276927,102.7557338,103.66862488,6165800,yfinance
2019-01-04,105.93805305,109.7090606,105.53706235,109.33366394,5456600,yfinance
2019-01-07,109.70907333,110.57078294,108.09658334,109.40193176,4653400,yfinance
2019-01-08,110.82671587,112.19179231,109.40192433,110.71581268,4202600,yfinance
2019-01-09,111.84199492,112.80608069,110.83526109,111.14240265,4865600,yfinance
2019-01-10,109.72612375,113.5739133,108.56581278,113.43741608,3418500,yfinance
2019-01-11,111.83345309,112.8913879,110.9546896,112.70368958,2908600,yfinance
2019-01-14,111.17651899,112.95111317,110.1697852,112.44774628,4482300,yfinance
2019-01-15,112.71221622,113.56538566,110.53663152,111.50071716,3224100,yfinance
2019-01-16,111.56046284,113.06204981,111.11682398,112.32832336,3636900,yfinance
2019-01-17,111.31303005,115.94573436,110.19538004,114.78542328,6878500,yfinance
2019-01-18,116.00473721,118.25441768,114.76826721,117.29272461,6122400,yfinance
2019-01-22,115.85877615,115.86737112,112.63022516,113.54899597,5188700,yfinance
2019-01-23,114.23586717,114.62227379,111.7543458,113.18831635,3123600,yfinance
2019-01-24,112.83629673,114.19297849,112.65597271,113.96971893,3943600,yfinance
2019-01-25,115.72138324,117.54173465,114.96575974,117.51597595,6417400,yfinance
2019-01-28,109.04102442,109.73654216,105.74377943,106.79134369,17421400,yfinance
2019-01-29,107.85608532,110.24315469,107.85608532,108.6460495,8550800,yfinance
2019-01-30,109.84815639,112.78477275,108.45712758,111.72003174,7181600,yfinance
2019-01-31,111.90032716,114.49346513,110.80123277,114.33891296,6643300,yfinance
2019-02-01,114.22728765,114.93997546,111.72000754,112.40693665,5646700,yfinance
2019-02-04,112.38119507,112.75041182,111.71144269,112.38119507,4541700,yfinance
2019-02-05,112.16654538,113.42877421,112.14078668,113.34290314,3614500,yfinance
2019-02-06,112.71610167,113.42878977,111.93471931,112.08927155,3098200,yfinance
2019-02-07,111.01592922,112.00339415,109.35872494,110.57801819,3682100,yfinance
2019-02-08,109.46176983,110.42346954,108.6632173,110.42346954,3135000,yfinance
2019-02-11,110.72397157,111.68567766,110.50072516,110.70679474,2648100,yfinance
2019-02-12,111.84882045,114.68239533,111.62557402,113.91819,4505600,yfinance
2019-02-13,115.2319615,115.32641446,113.72930921,114.28744507,3189600,yfinance
2019-02-14,113.1540199,114.41624898,112.71610876,113.87528992,2877500,yfinance
2019-02-15,115.14606732,116.99217717,114.78541935,116.94924164,5217500,yfinance
2019-02-19,116.21939561,117.6189996,115.91885999,116.60578918,3881300,yfinance
2019-02-20,117.11237163,120.80460388,117.0694361,120.47830963,6199000,yfinance
2019-02-21,119.99753229,121.05367863,118.84693297,119.25050354,4051100,yfinance
2019-02-22,119.16456825,119.94595026,118.43470364,119.0786972,3485000,yfinance
2019-02-25,121.06224714,122.40175209,120.36672286,121.42288208,4444100,yfinance
2019-02-26,117.2325791,119.37922416,116.1506747,118.47763062,7275600,yfinance
2019-02-27,118.37461599,119.90302649,117.75638106,119.85150909,3441000,yfinance
2019-02-28,118.96712114,119.35351479,117.75640968,117.92813873,4024000,yfinance
2019-03-01,119.23329899,119.78283981,117.58467653,118.0397644,3811000,yfinance
2019-03-04,119.18179621,120.01469596,117.72207946,118.79540253,3859800,yfinance
2019-03-05,118.54636514,118.88983633,117.63618942,117.75640106,3122900,yfinance
2019-03-06,118.09986795,118.20291586,115.68703999,115.77291107,3886000,yfinance
2019-03-07,115.38647409,115.75569077,113.01656946,114.02979279,4290800,yfinance
2019-03-08,112.05490239,113.45451954,111.82306099,112.78476715,4238000,yfinance
2019-03-11,113.26561036,114.54500274,112.99942841,114.29599762,3914800,yfinance
2019-03-12,114.40766239,114.52787405,113.27422689,113.75507355,4208800,yfinance
2019-03-13,115.04301926,115.32637803,113.93535598,114.630867,4285200,yfinance
2019-03-14,114.06417961,115.12033888,113.36008653,114.79404449,3742200,yfinance
2019-03-15,114.9485773,115.51529489,113.32571371,113.91819,7049900,yfinance
2019-03-18,113.94397322,115.23196089,113.79800286,115.14610291,4095400,yfinance
2019-03-19,116.2194188,116.52853635,114.6394774,115.18901825,3315900,yfinance
2019-03-20,114.91422716,115.18899097,113.39439849,114.21012115,3522100,yfinance
2019-03-21,113.48027939,115.57540765,113.35147279,115.11172485,2635700,yfinance
2019-03-22,114.19297377,114.45915575,111.18766968,111.42809296,5745800,yfinance
2019-03-25,111.27353345,113.34290323,110.96441591,112.81053925,3199800,yfinance
2019-03-26,113.93536248,114.68239094,112.59585774,113.20549774,2638200,yfinance
2019-03-27,113.5747307,113.74645973,111.84023736,112.65596008,2378300,yfinance
2019-03-28,113.25702829,114.02982865,112.62162951,113.66059875,2487200,yfinance
2019-03-29,115.06020177,117.01794147,114.73390745,116.33960724,4681600,yfinance
2019-04-01,118.22864086,120.52983837,117.0522834,120.42680359,5081500,yfinance
2019-04-02,120.34098202,120.80466494,119.55101778,120.37533569,2529000,yfinance
2019-04-03,120.08334709,120.68440517,118.84687726,119.57672882,4821800,yfinance
2019-04-04,119.47369235,120.95916725,119.35348073,120.32376862,2988900,yfinance
2019-04-05,121.15669023,121.19961267,120.14346664,120.52127838,2812300,yfinance
2019-04-08,120.2121694,120.31520421,119.01863482,120.05761719,2497300,yfinance
2019-04-09,119.05298308,119.27624265,116.83765592,117.07807922,3316500,yfinance
2019-04-10,117.77357869,118.67517255,117.01795517,118.09127808,3310600,yfinance
2019-04-11,118.14277799,119.86009439,117.61899597,119.24185944,2762900,yfinance
2019-04-12,121.0708399,121.86080409,120.04903426,121.24256897,4383000,yfinance
2019-04-15,121.64609657,122.29867204,119.9287803,120.42680359,3030200,yfinance
2019-04-16,120.69299448,122.10978837,119.86009498,121.95522308,2672800,yfinance
2019-04-17,122.78814208,124.07612958,122.32447234,122.56489563,3469400,yfinance
2019-04-18,123.35963788,125.06144903,123.03136573,123.84339905,4504500,yfinance
2019-04-22,123.4892136,123.6878984,122.17613814,122.99681854,3637500,yfinance
2019-04-23,122.66854317,123.64471256,122.18478201,122.69445801,5930500,yfinance
2019-04-24,120.72486551,121.19999284,117.96914018,118.9798584,8694400,yfinance
2019-04-25,118.39243155,118.74661856,115.83539117,117.59767914,5094700,yfinance
2019-04-26,117.96912455,120.10286713,117.39033794,120.10286713,5119200,yfinance
2019-04-29,120.50890414,121.32957146,119.92148355,120.09425354,3374300,yfinance
2019-04-30,120.93218944,120.94082332,118.85027639,120.43978119,3862000,yfinance
2019-05-01,120.5780438,120.88038806,118.90214685,119.3427124,3652000,yfinance
2019-05-02,119.66230255,119.67957032,116.08591038,116.76835632,5405700,yfinance
2019-05-03,117.58903237,120.24973211,117.31260305,120.12879181,4154800,yfinance
2019-05-06,116.43143902,118.77251325,116.02542241,118.14188385,4866500,yfinance
2019-05-07,116.79429717,117.48539034,114.08176736,115.47258759,5622900,yfinance
2019-05-08,114.91106463,116.1204676,113.8485036,113.98672485,4140500,yfinance
2019-05-09,112.49225452,113.75348727,110.7299664,113.33883667,5906200,yfinance
2019-05-10,112.76003566,113.79666861,110.50535271,113.45976257,5240600,yfinance
2019-05-13,110.15115579,110.15978968,107.1881059,108.24201965,8580700,yfinance
2019-05-14,109.27868986,111.05824587,108.5875967,110.11663818,4019100,yfinance
2019-05-15,108.7689881,110.5399032,107.96559528,109.96975708,2875900,yfinance
2019-05-16,110.94592692,111.0323185,109.20956691,109.373703,4316600,yfinance
2019-05-17,107.44728258,108.4407264,105.66772683,106.04782867,6122600,yfinance
2019-05-20,105.0111931,106.28107287,104.79522733,105.76275635,6312500,yfinance
2019-05-21,106.54025072,108.04337085,106.01329364,107.9397049,5492900,yfinance
2019-05-22,107.33498209,108.36298121,106.70435918,106.73891449,4620400,yfinance
2019-05-23,105.4776845,106.91170043,104.88162344,105.61590576,4964900,yfinance
2019-05-24,106.70434537,107.18811309,105.57268705,106.16875458,3802500,yfinance
2019-05-28,106.16876679,106.65252797,104.96799771,105.03710175,4889400,yfinance
2019-05-29,104.09549658,106.10829905,103.8881713,104.94208527,5330000,yfinance
2019-05-30,105.05438221,105.97871538,104.76930584,105.25306702,2878300,yfinance
2019-05-31,103.48214581,104.31145347,102.57508705,103.49942017,4711500,yfinance
2019-06-03,103.58582556,105.1235008,103.45624478,104.2250824,4161800,yfinance
2019-06-04,105.22714911,106.0564568,104.31145645,105.46039581,4060400,yfinance
2019-06-05,106.600691,106.80801627,105.35672622,106.35881042,3598400,yfinance
2019-06-06,106.34155043,107.07583278,105.58999373,106.59207153,3295700,yfinance
2019-06-07,107.44727732,108.52710607,107.18812237,107.51638794,2547500,yfinance
2019-06-10,108.38889124,109.95248115,108.19019985,108.62213135,3705000,yfinance
2019-06-11,111.43832958,111.95665266,109.67604823,109.95248413,4516200,yfinance
2019-06-12,109.49464631,110.15981799,108.91585962,109.79699707,3034600,yfinance
2019-06-13,110.01294035,110.91999245,109.5032644,109.85744476,3495200,yfinance
2019-06-14,109.37371187,110.27213032,108.41482327,109.90930939,2530100,yfinance
2019-06-17,109.8920122,110.77314957,109.43416586,109.98703766,2607900,yfinance
2019-06-18,110.92001011,113.46841664,110.7558872,112.58727264,4756100,yfinance
2019-06-19,112.57863287,113.6325336,112.18988397,112.82914734,3847200,yfinance
2019-06-20,114.80738931,115.58487393,113.60662025,115.4380188,3803600,yfinance
2019-06-21,115.19612511,116.83745938,114.50503214,115.66260529,5742500,yfinance
2019-06-24,115.44665419,116.57831264,115.36890968,116.07727051,3197700,yfinance
2019-06-25,116.25869011,116.5437665,114.57415981,115.50713348,3751800,yfinance
2019-06-26,115.9822458,117.18301489,115.91313518,116.75108337,3343700,yfinance
2019-06-27,117.2261986,117.49399401,115.7317194,117.05342865,3594400,yfinance
2019-06-28,117.48539398,118.58250393,117.48539398,117.73590851,10469400,yfinance
2019-07-01,120.33611234,121.08766889,116.59558416,118.003685,4834800,yfinance
2019-07-02,118.0037171,118.34062321,116.68200747,117.3558197,3204900,yfinance
2019-07-03,117.86546095,117.90000966,116.04270963,117.13117218,2538600,yfinance
2019-07-05,116.1290864,117.13117056,115.08381965,117.04479218,3071800,yfinance
2019-07-08,116.75106412,117.59765925,116.12908179,116.48326874,2742100,yfinance
2019-07-09,115.85268205,116.13775846,115.19615083,116.00817108,2618700,yfinance
2019-07-10,116.38825705,117.04480136,114.50504205,114.58278656,3933300,yfinance
2019-07-11,115.06654682,115.76627373,114.53958987,115.72309113,3164200,yfinance
2019-07-12,116.37098387,119.54135932,116.27595842,119.52407837,4149800,yfinance
2019-07-15,119.54135165,120.93217143,119.43767913,120.62981415,4498700,yfinance
2019-07-16,120.43112843,121.47639514,119.35129982,120.15468597,4051600,yfinance
2019-07-17,119.38585586,119.65365126,117.25211334,117.25211334,3750200,yfinance
2019-07-18,116.50919305,117.42488568,115.79218521,116.526474,3548200,yfinance
2019-07-19,116.83990897,119.30345504,116.83990897,118.58963013,4837100,yfinance
2019-07-22,118.71146591,118.96392129,117.17067249,117.72779846,3267800,yfinance
2019-07-23,118.32844937,120.33062556,117.98025059,120.21746826,4122200,yfinance
2019-07-24,114.01941342,116.91821376,111.81702385,114.82899475,12664900,yfinance
2019-07-25,114.10646262,117.43180421,114.04552054,117.26641846,4823200,yfinance
2019-07-26,117.04007791,117.28381967,115.45575647,115.70819855,4238000,yfinance
2019-07-29,116.20442444,117.21420629,115.64729838,117.0488205,2715600,yfinance
2019-07-30,116.05640408,116.27403159,114.46336912,115.73430634,3257200,yfinance
2019-07-31,115.69078749,116.97043841,114.04552393,114.62006378,4322000,yfinance
2019-08-01,114.59395943,115.94325286,110.04989523,110.37198639,5530100,yfinance
2019-08-02,110.16306501,110.38069256,107.50800633,108.41333771,5968600,yfinance
2019-08-05,106.29798633,106.90734073,104.74847945,105.89755249,5482500,yfinance
2019-08-06,106.88123555,107.63858178,105.01834436,106.2718811,3713900,yfinance
2019-08-07,104.46120859,105.50581802,103.28602132,105.14020538,5048700,yfinance
2019-08-08,105.33171767,106.28927741,104.78329872,106.21963501,3734800,yfinance
2019-08-09,105.77570759,105.94110003,103.42532582,103.92151642,3805600,yfinance
2019-08-12,103.54716006,103.61680245,101.0400937,101.60592651,4321500,yfinance
2019-08-13,101.79743284,106.20221094,101.66685502,103.59938812,4331900,yfinance
2019-08-14,101.48406696,101.76262992,100.14348064,100.29146576,5543100,yfinance
2019-08-15,100.17830882,100.63097117,99.21204203,100.32629395,4171900,yfinance
2019-08-16,101.19680065,102.60702942,100.90953072,101.35349274,3551900,yfinance
2019-08-19,102.91170225,103.14673704,101.59723017,102.16306305,2630900,yfinance
2019-08-20,102.36326843,102.53737442,101.38830147,101.56240082,2402000,yfinance
2019-08-21,102.72019047,103.86926352,102.31975662,102.4416275,2783000,yfinance
2019-08-22,103.00747731,103.53848908,102.04121042,102.62445068,2118200,yfinance
2019-08-23,101.19680168,101.76263459,98.64620675,99.29038239,6102000,yfinance
2019-08-26,100.16088567,100.69189734,99.09886234,99.60375977,5200400,yfinance
2019-08-27,100.24793873,100.50908776,98.4982117,98.69842529,3160700,yfinance
2019-08-28,98.24577327,100.06513624,97.2795065,99.98679352,3187900,yfinance
2019-08-29,101.51889999,102.83336558,101.40572941,102.51998138,3442900,yfinance
2019-08-30,103.60809789,104.10428833,103.11190745,103.59069061,2912000,yfinance
2019-09-03,102.63315499,102.63315499,100.45687947,101.87580872,3780600,yfinance
2019-09-04,103.08580251,103.79962051,102.94652435,103.67774963,3688400,yfinance
2019-09-05,104.89647273,108.15217882,104.89647273,107.06404114,5355100,yfinance
2019-09-06,107.69080152,108.23922048,106.60266391,106.81158447,3315700,yfinance
2019-09-09,107.4122381,110.89427841,107.24683906,110.77240753,4433300,yfinance
2019-09-10,110.78111669,113.41875458,110.74629549,113.41875458,8479700,yfinance
2019-09-11,113.90626679,115.94325751,112.70495845,115.85620117,7592600,yfinance
2019-09-12,114.90732477,115.50797882,113.22724678,114.68969727,5594600,yfinance
2019-09-13,115.60375191,116.63966112,114.15000153,116.45684814,3704900,yfinance
2019-09-16,115.76917571,116.47428696,114.89866536,115.90844727,2876500,yfinance
2019-09-17,115.4209334,115.56891852,114.20222454,115.05532074,2888900,yfinance
2019-09-18,114.58524658,115.09884434,112.92256914,114.09776306,3005700,yfinance
2019-09-19,114.44596884,114.93345239,113.05314731,113.27077484,2725700,yfinance
2019-09-20,113.17501088,114.02812032,111.31212647,111.5645752,6412300,yfinance
2019-09-23,110.85074115,112.191334,109.98023115,111.79089355,2723500,yfinance
2019-09-24,112.06950047,112.29582837,109.30997778,109.67559052,3370700,yfinance
2019-09-25,109.55367396,110.39806966,108.83114912,110.21526337,2354100,yfinance
2019-09-26,110.37199388,110.48515782,109.37961274,110.02378845,2227400,yfinance
2019-09-27,110.55478832,110.88557979,109.38830792,110.19787598,2214300,yfinance
2019-09-30,109.98023106,110.64182052,109.57979725,109.95411682,2795300,yfinance
2019-10-01,110.90297927,111.86053898,106.46337944,106.52431488,3718200,yfinance
2019-10-02,105.46230846,106.07166292,103.88668053,104.42639923,4255800,yfinance
2019-10-03,103.88665649,104.51342473,102.06729385,104.49601746,3110200,yfinance
2019-10-04,104.21745844,105.462288,103.89536734,105.36653137,2442300,yfinance
2019-10-07,105.20116071,105.94109308,104.24360078,104.6788559,2334500,yfinance
2019-10-08,103.40788686,103.76479252,102.45032716,102.69406891,3530000,yfinance
2019-10-09,104.01725352,104.51344402,102.72019528,103.97373199,2557300,yfinance
2019-10-10,104.49605625,107.09888016,104.25231443,106.80290985,3242900,yfinance
2019-10-11,109.34477358,113.49711046,109.16196726,111.77349091,6747800,yfinance
2019-10-14,110.38939613,111.91278898,109.69299195,111.75610352,2851500,yfinance
2019-10-15,111.41658343,114.62876112,111.12061319,114.06293488,3289000,yfinance
2019-10-16,114.03682954,115.61245079,113.26207604,113.33171844,3038300,yfinance
2019-10-17,114.01071054,115.65597412,113.32300011,114.96827698,3418300,yfinance
2019-10-18,114.18742045,115.8368474,114.04705422,114.67874908,4329200,yfinance
2019-10-21,115.76667145,117.08270033,115.37186546,116.0123291,4225200,yfinance
2019-10-22,116.32813529,117.79331199,114.88050939,117.29322815,4681600,yfinance
2019-10-23,117.76705134,119.31120069,114.66999732,118.74091339,11295900,yfinance
2019-10-24,118.52154808,118.6970159,116.14393026,117.43363953,3916200,yfinance
2019-10-25,118.44260918,122.81182169,118.31101164,122.59248352,8319500,yfinance
2019-10-28,122.80303001,124.25943837,121.83793691,122.88198853,6174000,yfinance
2019-10-29,122.28536628,124.10147855,121.75018084,123.99620056,4427900,yfinance
2019-10-30,123.70670327,123.70670327,122.48718382,123.1276474,3948100,yfinance
2019-10-31,122.27661402,123.12764702,119.66210731,120.89917755,4037600,yfinance
2019-11-01,122.27662989,126.87396242,122.15380106,126.76868439,6220200,yfinance
2019-11-04,127.52316804,128.97079404,127.23364016,128.90060425,5437800,yfinance
2019-11-05,128.84798309,129.84816436,127.80393152,128.41807556,4516700,yfinance
2019-11-06,128.50584372,128.50584372,126.91783756,127.64604187,3736600,yfinance
2019-11-07,129.31296667,130.20786985,128.75146168,128.97956848,3816700,yfinance
2019-11-08,128.67251199,130.00607806,127.91798836,129.98854065,2776600,yfinance
2019-11-11,128.74271568,129.97977257,128.62865556,129.84817505,2205100,yfinance
2019-11-12,129.94467173,130.26051915,128.11100833,128.39175415,2843100,yfinance
2019-11-13,126.65462426,127.97065319,126.06679962,126.76868439,3194400,yfinance
2019-11-14,126.52300779,127.51440699,125.6456553,125.84744263,2581700,yfinance
2019-11-15,126.83005337,127.98816489,126.78618307,127.48806763,2827400,yfinance
2019-11-18,126.54935987,127.02312444,125.47898849,125.97907257,2638600,yfinance
2019-11-19,126.64584562,127.00554999,125.2508449,125.61933136,2085100,yfinance
2019-11-20,124.97888781,125.19822598,122.91711703,124.16295624,3484700,yfinance
2019-11-21,124.18923882,126.28611058,123.662822,125.77724457,3297700,yfinance
2019-11-22,126.2685782,126.74235608,125.48773496,126.23348999,2258300,yfinance
2019-11-25,126.99675251,128.59354021,126.16327045,128.46192932,3085200,yfinance
2019-11-26,128.44440145,128.66373958,127.64602085,128.17242432,2468100,yfinance
2019-11-27,127.23364767,127.84779167,126.07553609,127.82147217,2660200,yfinance
2019-11-29,126.50543789,127.61967913,126.15448892,126.97920227,1652500,yfinance
2019-12-02,127.39157628,128.12854914,125.32102391,125.42631531,2896200,yfinance
2019-12-03,122.87321982,123.20660467,121.56595978,122.88198853,3839600,yfinance
2019-12-04,123.68916273,124.82972376,122.82936095,122.93463898,2484600,yfinance
2019-12-05,123.33820025,123.81196465,122.41697757,123.75055695,2277700,yfinance
2019-12-06,125.38245841,125.8299034,124.73321269,125.21575928,2271400,yfinance
2019-12-09,125.4350694,125.70704649,124.90865262,125.3122406,1585100,yfinance
2019-12-10,125.18947976,125.97909197,124.36476595,125.34739685,1888900,yfinance
2019-12-11,126.13697305,126.88271464,125.71583421,126.33876038,2265700,yfinance
2019-12-12,125.93515961,129.32174047,125.4613952,128.77778625,3714100,yfinance
2019-12-13,128.7953095,130.19906503,127.34767029,127.68106842,3311700,yfinance
2019-12-16,129.59372,130.11135467,127.41787656,127.53193665,2414800,yfinance
2019-12-17,127.6547832,128.96204319,127.619695,128.41807556,2850800,yfinance
2019-12-18,128.53214131,129.23402599,127.74252942,129.07609558,2629500,yfinance
2019-12-19,128.9532921,128.9532921,126.60199336,127.23368835,3576800,yfinance
2019-12-20,129.30420239,129.64636929,127.42666877,129.47090149,6805400,yfinance
2019-12-23,129.5673993,130.31315422,128.77778748,130.28683472,2346500,yfinance
2019-12-24,130.46235448,130.55009512,129.22528386,129.39198303,966200,yfinance
2019-12-26,129.76042426,130.04995218,128.96204369,130.04118347,1576900,yfinance
2019-12-27,130.40967373,130.66410006,129.83939996,130.09382629,1544500,yfinance
2019-12-30,130.21669035,130.26056066,128.97961979,129.42707825,1789200,yfinance
2019-12-31,129.34804473,130.04992926,128.78653979,129.56738281,1952500,yfinance
2020-01-02,130.72552284,132.08542189,129.83061954,132.06787109,3311900,yfinance
2020-01-03,130.52371979,131.56777129,129.3656082,130.23419189,3100600,yfinance
2020-01-06,129.20770888,130.33948774,128.56723191,130.14646912,2549600,yfinance
2020-01-07,129.27788227,129.47090087,127.66354367,128.42684937,2841900,yfinance
2020-01-08,128.82164138,130.34823922,128.49702531,129.56738281,2153200,yfinance
2020-01-09,129.68147411,129.82185373,128.54091316,129.24279785,2272500,yfinance
2020-01-10,129.36567941,129.60256843,127.94437203,128.20758057,2393700,yfinance
2020-01-13,128.55847224,128.82168069,127.69867046,128.81291199,3355200,yfinance
2020-01-14,129.36561334,129.83060906,128.3654321,128.69004822,2742200,yfinance
2020-01-15,128.28646019,128.74268715,127.39155705,127.71618652,2640500,yfinance
2020-01-16,128.47071069,129.78673935,128.30402498,129.73410034,3070900,yfinance
2020-01-17,130.06104436,130.99755942,129.52210466,130.56463623,3331500,yfinance
2020-01-21,130.05220799,130.64415597,128.71811748,128.85948181,2476700,yfinance
2020-01-22,129.21282315,129.486708,125.91734774,126.014534,3602400,yfinance
2020-01-23,125.29008412,126.5270016,123.51424049,126.12058258,3182700,yfinance
2020-01-24,125.94388799,126.07640861,123.03714328,124.02667999,2526200,yfinance
2020-01-27,120.95204366,121.75603787,119.77699179,119.91834259,2920500,yfinance
2020-01-28,121.05806495,121.57050034,119.82114775,120.8106842,2763800,yfinance
2020-01-29,121.56167693,121.71187144,119.86534577,119.96253204,2620000,yfinance
2020-01-30,119.06134881,120.13039776,117.42686963,119.60028839,3862600,yfinance
2020-01-31,118.23088498,119.2645863,115.33297031,116.04862213,6785700,yfinance
2020-02-03,116.1281187,117.64775125,114.23741497,114.65266418,4385300,yfinance
2020-02-04,117.50639427,119.07903516,117.22366565,117.95697784,3501600,yfinance
2020-02-05,119.75931893,121.45564993,119.66213266,121.42914581,4448100,yfinance
2020-02-06,122.10065088,122.21551109,120.27179861,121.26132202,2283800,yfinance
2020-02-07,120.19221258,120.58980127,117.50635888,117.83325195,3812300,yfinance
2020-02-10,117.54169907,118.68143,117.31199223,118.67259979,2331600,yfinance
2020-02-11,119.70633131,121.24362439,119.32641641,120.32478333,2381900,yfinance
2020-02-12,122.27729938,123.637907,122.00341451,123.32867432,3222000,yfinance
2020-02-13,123.69093854,124.13269189,122.30382654,123.44355774,3318800,yfinance
2020-02-14,123.24033707,123.35518376,120.94321458,121.91507721,2813400,yfinance
2020-02-18,121.44682454,122.42751742,119.3440745,120.66933441,3869700,yfinance
2020-02-19,120.8548961,121.22598084,120.20993987,120.91674805,2134900,yfinance
2020-02-20,120.38660596,122.71023266,120.33359772,120.97855377,2678200,yfinance
2020-02-21,120.59864132,121.42913962,119.37056778,121.22593689,2855600,yfinance
2020-02-24,117.09114187,118.2662074,116.66706243,116.77307892,4964800,yfinance
2020-02-25,117.47987334,117.63006785,113.30972113,113.97235107,4840200,yfinance
2020-02-26,114.54662676,115.73053587,112.69127097,113.3097229,3902500,yfinance
2020-02-27,110.96843853,113.55711339,108.86569504,108.90986633,7369000,yfinance
2020-02-28,105.64087196,109.7668457,105.16377765,109.7668457,8300700,yfinance
2020-03-02,110.48249033,112.9828086,108.68013626,112.73542786,6100200,yfinance
2020-03-03,112.20533064,114.46710523,109.3604385,109.89054108,6358100,yfinance
2020-03-04,111.38368845,112.59409504,109.82871478,112.55875397,5074700,yfinance
2020-03-05,108.80382947,110.30578786,107.11632878,107.7612915,6015300,yfinance
2020-03-06,105.13727889,107.65527119,104.98708439,107.2665329,5767900,yfinance
2020-03-09,99.82741888,99.82741888,91.91119976,91.94654083,8636200,yfinance
2020-03-10,95.98415819,96.35522935,87.56434122,94.08461761,8293200,yfinance
2020-03-11,91.70798743,92.547316,88.41250486,88.96028137,6543600,yfinance
2020-03-12,82.60787551,83.29700965,77.30683537,81.5123291,10285900,yfinance
2020-03-13,86.92821711,88.27115097,79.63928739,88.0326004,8718600,yfinance
2020-03-16,78.6320764,93.51915918,78.19032317,82.5283432,9899000,yfinance
2020-03-17,84.82546361,88.7393978,82.13960296,88.52735138,7206100,yfinance
2020-03-18,83.04079503,90.95701446,82.26331154,88.45669556,6995100,yfinance
2020-03-19,87.6703488,92.23807557,85.92100305,91.01000214,6870800,yfinance
2020-03-20,91.10721694,91.87586348,83.1909974,84.37489319,7650300,yfinance
2020-03-23,82.961269,85.02867116,80.08103567,81.15007782,6737500,yfinance
2020-03-24,84.86963987,90.14417522,84.08331955,89.53455353,7417100,yfinance
2020-03-25,89.38436554,95.86047086,87.02540442,92.47663879,6578100,yfinance
2020-03-26,92.6356659,98.04272873,90.90399377,97.62747955,6059600,yfinance
2020-03-27,92.26458555,96.86765368,91.35457492,93.15692902,5746500,yfinance
2020-03-30,93.94325503,99.69487794,92.70634449,98.69651794,5725600,yfinance
2020-03-31,97.83070651,103.29077855,97.41545725,102.52212524,8970800,yfinance
2020-04-01,99.03225678,103.14940098,96.7439778,98.37846375,6847000,yfinance
2020-04-02,98.27245447,104.71321246,98.1840984,103.14057159,8106500,yfinance
2020-04-03,102.04502637,103.22892214,99.05877608,101.31171417,5036400,yfinance
2020-04-06,106.05613638,107.54926474,104.36863549,106.40070343,5785600,yfinance
2020-04-07,108.57414281,113.79567089,106.4713992,107.7171402,8489900,yfinance
2020-04-08,108.66248622,113.24788137,106.93965086,112.55875397,4686100,yfinance
2020-04-09,113.66311805,114.5024601,108.80383852,110.46482849,4752100,yfinance
2020-04-13,105.97661612,106.06497217,100.34868328,100.84344482,10519600,yfinance
2020-04-14,102.92853295,104.11242872,101.17035647,102.91086578,7166300,yfinance
2020-04-15,99.80089011,99.92458048,97.00901317,98.53747559,5652800,yfinance
2020-04-16,98.82021031,100.25149341,96.17852751,100.03061676,5926400,yfinance
2020-04-17,102.04567644,103.90916158,101.51070701,103.69517517,4132300,yfinance
2020-04-20,102.03676513,104.381718,99.96821166,102.17942047,4083800,yfinance
2020-04-21,99.00524894,99.00524894,96.82969916,97.9442215,5743300,yfinance
2020-04-22,99.88796143,99.95037441,97.37359899,98.64861298,3794000,yfinance
2020-04-23,99.26382656,102.74113788,98.92500739,100.67258453,3545400,yfinance
2020-04-24,101.63553113,101.98326159,99.15683424,101.68011475,3045300,yfinance
2020-04-27,98.83584923,103.54359096,97.83724147,102.71438599,5344800,yfinance
2020-04-28,105.08608174,105.2109077,101.08271944,102.94619751,5604600,yfinance
2020-04-29,104.28364624,107.72529245,103.9002502,107.04766083,4261100,yfinance
2020-04-30,105.21091055,105.43381502,102.83029242,103.76648712,4040500,yfinance
2020-05-01,101.64445287,102.17050423,98.58620283,98.86260223,3960400,yfinance
2020-05-04,98.0957992,98.32762176,95.02863822,96.04508209,4500700,yfinance
2020-05-05,97.40033836,99.04983013,96.9545294,97.10610962,3477400,yfinance
2020-05-06,98.10474585,98.29198485,95.13565572,96.00052643,4465300,yfinance
2020-05-07,97.20419274,98.12256501,95.2069703,95.66169739,4377900,yfinance
2020-05-08,97.1596023,100.03952427,96.56221995,99.95928192,3911300,yfinance
2020-05-11,98.22062581,98.76450644,96.45521947,96.83861542,4207300,yfinance
2020-05-12,97.28443084,97.48058786,93.61988068,93.61988068,3874100,yfinance
2020-05-13,93.74470665,93.8784507,91.43541953,93.15624237,5376100,yfinance
2020-05-14,91.39083593,94.76115055,89.35794818,94.6809082,5542400,yfinance
2020-05-15,93.78040249,96.28584745,92.97794475,96.22343445,6583100,yfinance
2020-05-18,100.0573753,103.12454346,99.87013633,102.55390167,5603500,yfinance
2020-05-19,102.49147222,102.92836987,99.87012028,99.93253326,3404900,yfinance
2020-05-20,101.02921324,104.74726472,100.7973975,103.15126801,3735700,yfinance
2020-05-21,102.49150717,103.14239143,101.48398107,101.69796753,2342300,yfinance
2020-05-22,101.76034024,101.78709448,99.38864035,100.28025818,2735100,yfinance
2020-05-26,103.40986898,105.71023848,103.40986898,104.68488312,4185100,yfinance
2020-05-27,106.74449,109.21426845,106.57508043,109.15185547,4462700,yfinance
2020-05-28,111.22932781,111.30065887,107.24379489,107.65393829,3743700,yfinance
2020-05-29,106.66426787,107.62721702,104.82753681,107.1100769,4219000,yfinance
2020-06-01,106.86935211,108.06411717,104.86321127,107.43998718,2131300,yfinance
2020-06-02,108.63472529,110.40013178,108.13542142,109.95432281,2977500,yfinance
2020-06-03,111.85345168,113.54752688,111.46114447,113.31570435,3712600,yfinance
2020-06-04,111.81780872,115.0454613,111.22041953,114.98305511,3076700,yfinance
2020-06-05,122.90956834,124.26481814,118.93294538,120.47544098,5591900,yfinance
2020-06-08,120.65373975,124.77301006,120.65373975,122.79361725,4139200,yfinance
2020-06-09,120.38626189,120.73399236,118.77243555,119.64621735,3819600,yfinance
2020-06-10,119.22712318,120.70721186,116.4096079,118.08585358,4018700,yfinance
2020-06-11,112.70940739,113.0927965,108.34939016,108.37614441,5969300,yfinance
2020-06-12,110.91727976,111.60382262,106.41460617,109.80275726,4492700,yfinance
2020-06-15,105.66564795,110.8994411,105.21983896,110.21289825,4093100,yfinance
2020-06-16,117.13183357,118.0858712,112.69158045,116.00839996,6892400,yfinance
2020-06-17,116.05299834,116.32939773,113.91311385,114.33216858,3228100,yfinance
2020-06-18,113.36030267,115.00087639,112.9679886,113.76152802,2467700,yfinance
2020-06-19,115.91033265,115.91033265,112.10312702,113.64562225,6488000,yfinance
2020-06-22,112.66486113,112.77185775,111.09561141,112.1566391,2806300,yfinance
2020-06-23,113.58322413,113.74371566,112.19230214,112.56678009,2357100,yfinance
2020-06-24,111.26502248,111.30959931,108.62583375,108.8309021,3766500,yfinance
2020-06-25,108.42966537,111.30067642,107.70745697,111.19367981,2903400,yfinance
2020-06-26,110.85485535,110.95293386,108.28699144,109.12511444,3645800,yfinance
2020-06-29,110.3109661,112.37951933,109.91865205,111.67514038,2798700,yfinance
2020-06-30,110.5695535,113.2889844,110.5695535,112.78968048,2778800,yfinance
2020-07-01,115.35752435,115.37534692,112.23685501,112.3973465,2807800,yfinance
2020-07-02,114.35000547,116.21348378,113.4048926,113.87744904,2527500,yfinance
2020-07-06,116.02624303,116.3561373,114.27866594,115.40209961,2491900,yfinance
2020-07-07,113.89528528,114.7958214,113.05716896,113.41381073,2018100,yfinance
2020-07-08,115.31295029,115.31295029,112.76292242,114.24301147,2279500,yfinance
2020-07-09,113.7169683,114.43918355,111.55925422,112.10314178,2663500,yfinance
2020-07-10,112.31711458,114.33216625,112.18337053,114.13600922,2691400,yfinance
2020-07-13,115.39319502,117.77381335,114.88497986,116.41856384,3708400,yfinance
2020-07-14,116.19565849,122.4280593,115.22378458,122.0446701,6540800,yfinance
2020-07-15,124.97809182,124.97809182,122.24974296,123.36426544,4915200,yfinance
2020-07-16,123.31072581,125.7091795,122.68659616,123.5425415,3621500,yfinance
2020-07-17,123.84800951,124.35105285,122.6442967,122.97666168,2458200,yfinance
2020-07-20,121.95261052,123.02158452,120.60516707,120.93754578,2478000,yfinance
2020-07-21,121.06328245,123.22816409,120.75785158,122.05139923,3221100,yfinance
2020-07-22,121.49443779,123.84796706,121.44054227,123.0484848,2156800,yfinance
2020-07-23,122.97663861,123.5335911,121.90767857,122.70716095,1613700,yfinance
2020-07-24,123.24615244,124.58461781,122.93175721,123.58750916,2036300,yfinance
2020-07-27,123.20121737,126.0667821,123.12037407,125.66255188,2506900,yfinance
2020-07-28,124.80917427,125.75238725,123.89290906,123.99172211,2029900,yfinance
2020-07-29,124.48579143,126.73153017,123.78512204,126.2374649,2338300,yfinance
2020-07-30,124.93494407,124.95291382,122.14124442,122.82394409,3063500,yfinance
2020-07-31,118.96124229,121.40460665,116.96703929,119.36548615,6780900,yfinance
2020-08-03,118.84451319,119.47331738,117.76656119,118.37739563,2851100,yfinance
2020-08-04,118.00908442,118.97026725,117.38028026,118.14383698,2301800,yfinance
2020-08-05,119.275666,122.11428284,119.12295742,121.24293518,2767800,yfinance
2020-08-06,120.83871426,121.45854035,120.10210537,120.72193146,2446400,yfinance
2020-08-07,120.37162865,121.36873747,119.0421548,121.19805908,2223700,yfinance
2020-08-10,121.92566337,127.70171146,121.88074585,127.57595062,5181600,yfinance
2020-08-11,129.37253828,131.33081614,127.81847699,128.03407288,4206000,yfinance
2020-08-12,129.3096459,129.50727203,126.95611587,128.07000732,2541200,yfinance
2020-08-13,127.19865748,128.22271387,125.55477495,126.36323547,2939900,yfinance
2020-08-14,125.26730151,126.56084919,124.65646717,125.72544098,2038500,yfinance
2020-08-17,125.89609762,126.30034152,124.23425932,124.61154175,2284000,yfinance
2020-08-18,124.81816272,125.86018883,124.03664998,124.29714966,1563200,yfinance
2020-08-19,124.41395091,125.68952913,123.47972944,123.98277283,1849500,yfinance
2020-08-20,122.18615406,123.94680551,121.85377542,123.49765778,2279700,yfinance
2020-08-21,122.88685393,124.86310172,122.88685393,124.35106659,2524600,yfinance
2020-08-24,125.54578952,127.78255052,124.93495508,127.27051544,2921700,yfinance
2020-08-25,128.15980835,130.1899511,126.24643468,126.79439545,2467500,yfinance
2020-08-26,126.1925386,127.95320368,125.59068231,127.40524292,2379900,yfinance
2020-08-27,127.67475749,129.65998308,126.91120075,128.78863525,3010300,yfinance
2020-08-28,129.6060882,131.01641887,128.17780148,129.02220154,3698700,yfinance
2020-08-31,128.90543035,128.9952654,127.8005305,127.8364563,2886500,yfinance
2020-09-01,127.26155112,131.25896427,126.57885131,131.1960907,2673900,yfinance
2020-09-02,131.93267479,134.34011421,131.51047475,134.08859253,4515500,yfinance
2020-09-03,133.47774496,135.82229711,130.52235835,131.8338623,4479100,yfinance
2020-09-04,133.57653827,135.44499456,131.18706895,133.10942078,5129400,yfinance
2020-09-08,132.04944291,135.42702917,130.89962573,133.41485596,4775200,yfinance
2020-09-09,134.56467772,139.66698993,134.03468663,137.16075134,5345100,yfinance
2020-09-10,136.54987511,137.66376631,133.62143712,134.61854553,4387000,yfinance
2020-09-11,135.17548884,138.69680519,134.95990672,138.18478394,3237100,yfinance
2020-09-14,138.33752391,139.05616314,136.7295808,137.89735413,2569300,yfinance
2020-09-15,138.51717173,138.75971537,133.27112899,133.48672485,4092400,yfinance
2020-09-16,134.74433122,136.52295255,133.2801051,135.74143982,3302000,yfinance
2020-09-17,134.60956563,140.35865048,133.98074791,138.22070312,4487000,yfinance
2020-09-18,138.050015,140.32271471,136.594781,136.89122009,5113500,yfinance
2020-09-21,133.4507609,134.29516076,129.23775333,130.54927063,4278200,yfinance
2020-09-22,130.26182182,132.49858248,129.80369606,132.18417358,2579500,yfinance
2020-09-23,132.48063098,133.76520081,128.99525338,129.69592285,2420100,yfinance
2020-09-24,129.37249942,132.44466785,128.21369074,130.37858582,2138800,yfinance
2020-09-25,129.25578167,131.77999067,128.46527698,131.07034302,1848900,yfinance
2020-09-28,132.94772418,135.02278444,132.41773316,132.66026306,2212700,yfinance
2020-09-29,133.28008049,133.8190632,131.3397729,132.41772461,1605600,yfinance
2020-09-30,132.94775468,135.59772408,132.71420275,133.98078918,3642800,yfinance
2020-10-01,134.67246134,135.02279604,130.83673567,131.78894043,2157400,yfinance
2020-10-02,129.59706648,135.86716382,129.12994908,134.69039917,3220500,yfinance
2020-10-05,136.69362265,138.74173526,136.19955739,137.87937927,2597700,yfinance
2020-10-06,138.33750432,139.64003003,135.89413951,136.11871338,2559800,yfinance
2020-10-07,137.69074003,140.18800054,137.61887474,139.02920532,2334200,yfinance
2020-10-08,139.90953747,140.78986331,138.55311607,140.72698975,1842900,yfinance
2020-10-09,141.81388755,143.17930037,141.39168763,142.77507019,4084200,yfinance
2020-10-12,143.70030868,146.60179883,143.29607851,146.07180786,4279800,yfinance
2020-10-13,145.27234014,146.58384381,144.73335739,145.63165283,3319000,yfinance
2020-10-14,146.11677567,148.05709759,145.97304508,146.97015381,4087100,yfinance
2020-10-15,143.96979511,148.9193974,143.86199035,148.25465393,2958500,yfinance
2020-10-16,150.23992852,153.16836704,149.67399795,151.58737183,5569000,yfinance
2020-10-19,151.57835264,152.72816952,149.83565758,150.4914093,2757700,yfinance
2020-10-20,151.09331732,153.84209966,150.83281762,151.80297852,3007100,yfinance
2020-10-21,152.53957527,153.17737119,149.78181488,150.37467957,2502000,yfinance
2020-10-22,150.89570234,152.57552456,149.91656336,152.40484619,2356800,yfinance
2020-10-23,153.07360142,154.23044165,151.43775769,152.36865234,2857300,yfinance
2020-10-26,150.606282,150.606282,145.35530904,147.49726868,4506600,yfinance
2020-10-27,145.47284818,146.27721412,141.90289601,142.71630859,4857900,yfinance
2020-10-28,139.0017382,140.47489416,136.03733298,136.61575317,5645100,yfinance
2020-10-29,136.10962278,140.54718348,135.23295282,139.78800964,3867200,yfinance
2020-10-30,139.14635659,142.15594011,138.31486457,141.93904114,4373500,yfinance
2020-11-02,143.88213124,148.08472698,142.481266,147.56053162,4072400,yfinance
2020-11-03,149.12409056,152.73922003,147.37979721,151.55526733,4843600,yfinance
2020-11-04,143.86408154,146.75619637,140.29414368,140.29414368,9081700,yfinance
2020-11-05,142.49932956,149.08790914,142.43607198,147.39782715,4821600,yfinance
2020-11-06,148.16608876,149.61213233,145.29205356,145.77105713,2983000,yfinance
2020-11-09,157.28530533,159.40015359,153.7515116,154.38417053,5969600,yfinance
2020-11-10,155.36018897,158.15288707,154.33892424,155.72171021,3499100,yfinance
2020-11-11,155.79399564,156.11935781,151.35642128,153.154953,2345500,yfinance
2020-11-12,152.58555203,154.63714151,151.51908185,152.85668945,2185500,yfinance
2020-11-13,153.91417038,155.64943121,152.9109712,155.18850708,2120200,yfinance
2020-11-16,158.16192122,158.16192122,155.29693265,156.52607727,3902400,yfinance
2020-11-17,155.6042412,155.88441158,153.81475559,155.3692627,2110800,yfinance
2020-11-18,155.48669563,158.50533889,155.48669563,156.11935425,3165100,yfinance
2020-11-19,155.90242392,156.58026055,154.28465991,156.26393127,2012100,yfinance
2020-11-20,155.85726523,156.46279776,154.82695389,155.65843201,2449800,yfinance
2020-11-23,157.0412119,158.61379811,156.57125502,157.96307373,2403500,yfinance
2020-11-24,159.29165156,161.16248779,158.40594865,159.87910461,3447000,yfinance
2020-11-25,159.48142257,159.49948828,156.1554967,157.82749939,2506400,yfinance
2020-11-27,157.62865947,158.99336565,157.14965599,158.23419189,976900,yfinance
2020-11-30,156.90563749,158.05344481,155.83916726,156.88755798,2382600,yfinance
2020-12-01,158.51440122,159.58087166,156.300137,156.58934021,2710200,yfinance
2020-12-02,156.58930204,157.63769272,155.70359933,157.14060974,1971000,yfinance
2020-12-03,157.14061605,158.23419865,156.60738783,157.82749939,2903900,yfinance
2020-12-04,158.99339329,166.12423566,158.72225582,164.67819214,6086200,yfinance
2020-12-07,163.03331678,163.03331678,159.57182832,161.51496887,4587400,yfinance
2020-12-08,160.56597448,163.34962576,160.421366,161.63243103,2001600,yfinance
2020-12-09,162.33738176,163.11463513,159.96947641,162.74409485,2915500,yfinance
2020-12-10,161.99396935,162.25606019,160.09602071,161.64149475,3109400,yfinance
2020-12-11,159.96040514,162.48195123,159.27352189,162.03909302,2673400,yfinance
2020-12-14,163.22310488,165.69042694,160.67443192,160.91845703,2533600,yfinance
2020-12-15,162.61754514,165.17525074,161.79511371,164.25340271,2360300,yfinance
2020-12-16,163.44903927,163.82862619,161.19861631,162.22892761,2031800,yfinance
2020-12-17,163.28635282,163.34057756,161.39745105,161.93067932,2296500,yfinance
2020-12-18,162.74408098,163.85572932,160.39424155,163.54844666,5262700,yfinance
2020-12-21,159.91528901,163.48522738,159.35494824,162.82546997,2071000,yfinance
2020-12-22,162.03914747,162.82544757,159.49952102,159.58990479,2493300,yfinance
2020-12-23,160.37619854,162.039155,159.97853204,161.25286865,1862500,yfinance
2020-12-24,162.18377124,162.54529252,161.18961873,162.28318787,585700,yfinance
2020-12-28,163.11463821,163.69305838,161.15343212,161.20765686,1508800,yfinance
2020-12-29,161.93070341,162.1205038,158.26134879,159.65316772,1490300,yfinance
2020-12-30,162.47295342,164.69625023,161.49686685,162.71696472,2720600,yfinance
2020-12-31,162.90677108,164.57877397,161.55109754,164.50646973,1717800,yfinance
2021-01-04,165.39218298,168.08545073,162.90678132,164.6239624,4078300,yfinance
2021-01-05,163.77441174,167.92276957,163.77441174,165.97059631,2933700,yfinance
2021-01-06,169.14287404,178.29819435,168.23909162,175.20726013,8034700,yfinance
2021-01-07,177.90957582,178.37953276,173.70697928,175.54165649,5297500,yfinance
2021-01-08,175.19823104,176.4725538,172.91166258,175.56877136,3186600,yfinance
2021-01-11,173.12855781,176.65331752,171.99882979,175.20726013,2540800,yfinance
2021-01-12,175.94830923,178.9488727,174.71013205,178.53312683,2466100,yfinance
2021-01-13,179.66289456,180.91011866,176.96059405,177.04193115,3154700,yfinance
2021-01-14,177.23172544,178.8675693,176.56292153,178.40663147,2486600,yfinance
2021-01-15,176.8340453,176.87923718,172.51396708,175.894104,3317100,yfinance
2021-01-19,176.53013904,178.18378131,175.75784501,176.32116699,2361200,yfinance
2021-01-20,175.04913283,176.17577672,173.01388414,174.75837708,2501100,yfinance
2021-01-21,174.76747871,176.01224391,172.67771671,174.62210083,1951200,yfinance
2021-01-22,173.40458246,175.19450768,172.00534468,174.39494324,2027000,yfinance
2021-01-25,173.141072,173.87702838,169.87923414,170.21540833,3837100,yfinance
2021-01-26,170.45168577,172.09623334,169.75206678,170.09733582,2506000,yfinance
2021-01-27,167.36242107,168.58902419,162.94666927,164.11875916,4095300,yfinance
2021-01-28,165.59981385,170.46078193,164.73665505,167.48968506,3445400,yfinance
2021-01-29,166.72644339,171.56015402,164.20964251,166.12677002,4541400,yfinance
2021-02-01,168.96161897,169.72483222,165.38176757,167.83496094,2738200,yfinance
2021-02-02,169.45221696,175.15816718,168.67082817,174.90376282,5265400,yfinance
2021-02-03,173.45908931,174.02241122,171.77819063,173.94972229,2979000,yfinance
2021-02-04,174.44942099,175.0036619,172.8139549,174.13140869,2253800,yfinance
2021-02-05,174.92194295,176.56649044,172.64137067,175.35806274,2240000,yfinance
2021-02-08,177.1752005,179.48301496,176.87536388,179.40124512,2725700,yfinance
2021-02-09,179.48310067,180.50073225,177.07533952,179.24687195,2331600,yfinance
2021-02-10,180.35526033,181.45466122,178.3200121,179.64656067,2816400,yfinance
2021-02-11,179.52847145,180.28260355,176.62098336,180.2190094,2178200,yfinance
2021-02-12,179.88282721,180.59152703,178.77434518,179.891922,1804200,yfinance
2021-02-16,181.49104705,186.42468939,181.02767065,183.88064575,3722700,yfinance
2021-02-17,183.88972274,184.35309914,181.52738071,183.80795288,2290400,yfinance
2021-02-18,183.12653094,184.33495871,180.42801438,181.64552307,2345800,yfinance
2021-02-19,184.67113134,192.13066998,184.17140349,190.72235107,4937300,yfinance
2021-02-22,190.46791976,198.86329102,190.20442063,198.12733459,4578300,yfinance
2021-02-23,199.46294932,200.56235036,193.78425648,200.05352783,4125100,yfinance
2021-02-24,200.26255153,205.95032637,199.78099939,202.13424683,4925000,yfinance
2021-02-25,203.17910805,203.8878079,199.63560882,201.5436554,4313000,yfinance
2021-02-26,200.57143966,202.07060909,196.09209321,196.14660645,4461300,yfinance
2021-03-01,199.26307289,202.23416909,198.89054729,199.67193604,2871200,yfinance
2021-03-02,198.6997536,199.29033216,195.35613175,196.09210205,2854300,yfinance
2021-03-03,192.74847337,197.66395347,192.63035211,195.26527405,2664000,yfinance
2021-03-04,194.87459041,196.86440689,189.41396359,193.32090759,3568400,yfinance
2021-03-05,194.74739405,200.59872238,192.1669989,200.03540039,3602300,yfinance
2021-03-08,200.7713662,203.79697607,198.26365989,201.3256073,3048700,yfinance
2021-03-09,201.14384591,202.00700444,196.38282488,196.98249817,2902400,yfinance
2021-03-10,197.82752431,201.75264428,197.33689125,200.85313416,2435800,yfinance
2021-03-11,202.61577561,203.16093571,199.11769502,199.67193604,2960000,yfinance
2021-03-12,198.98142712,208.08551274,198.18186261,208.06733704,4756500,yfinance
2021-03-15,207.9491801,210.61135846,205.18707006,209.64825439,4215300,yfinance
2021-03-16,206.9043258,210.0753131,204.22398535,205.75950623,3539200,yfinance
2021-03-17,207.27685864,212.88286316,206.36826769,212.27410889,3518500,yfinance
2021-03-18,212.6102476,216.04471972,208.73965577,209.59371948,4336200,yfinance
2021-03-19,207.84015683,208.65788305,203.56978261,204.69642639,7485100,yfinance
2021-03-22,205.90487219,206.41368089,203.13368095,205.35972595,2211600,yfinance
2021-03-23,201.7617018,204.65102819,196.84622149,198.29997253,4017600,yfinance
2021-03-24,200.3534122,206.35011881,200.3534122,201.00759888,4258000,yfinance
2021-03-25,199.19042514,204.4057431,196.29201728,203.7515564,2901800,yfinance
2021-03-26,205.65956578,208.8305393,204.62377265,208.5216217,3040100,yfinance
2021-03-29,207.24957313,210.65678873,206.89522327,209.17578125,3003200,yfinance
2021-03-30,210.06621296,213.26445681,210.01169972,211.77436829,3139100,yfinance
2021-03-31,212.928288,215.34512932,207.93103793,210.67497253,4512300,yfinance
2021-04-01,210.15712646,213.51891079,206.78624734,211.46549988,3787100,yfinance
2021-04-05,213.5189087,214.11858215,211.12930966,212.34683228,2323400,yfinance
2021-04-06,211.24739857,215.04530213,209.1848932,209.55741882,2614500,yfinance
2021-04-07,210.75672241,212.78287595,208.38529993,209.34840393,2449600,yfinance
2021-04-08,209.09404981,209.92995186,206.40461437,209.41204834,2158900,yfinance
2021-04-09,210.1570764,210.97480266,206.74076577,209.65734863,2482900,yfinance
2021-04-12,209.2485047,210.15709568,208.00372564,209.82090759,1688200,yfinance
2021-04-13,212.07423812,212.15600799,207.20418959,208.38536072,2286400,yfinance
2021-04-14,208.61250155,212.81018758,208.56706922,211.32009888,2491000,yfinance
2021-04-15,211.83799742,212.10149658,209.64830353,211.26559448,1860200,yfinance
2021-04-16,213.17362833,214.37297517,211.03844767,212.02880859,2128400,yfinance
2021-04-19,211.61083735,211.79256664,208.89415915,211.14746094,1712600,yfinance
2021-04-20,209.79362239,210.15706705,204.97810196,206.82254028,2815800,yfinance
2021-04-21,206.54091754,211.34735794,205.35974644,211.21107483,1977700,yfinance
2021-04-22,211.92881816,212.09235786,207.85833498,207.96736145,2410700,yfinance
2021-04-23,209.33642678,211.4264992,207.98563755,210.02095032,3458300,yfinance
2021-04-26,210.44083756,212.52178841,209.88409108,210.43170166,1864800,yfinance
2021-04-27,210.18524305,210.70548766,208.16818801,210.23088074,1959300,yfinance
2021-04-28,209.96617441,213.31577434,209.35466843,212.01974487,2965300,yfinance
2021-04-29,214.48408194,214.6666188,203.71424015,207.61146545,5442400,yfinance
2021-04-30,205.83170216,208.45114154,205.24757587,208.19558716,3953500,yfinance
2021-05-03,209.9205596,210.76936214,207.37413807,208.25032043,3182900,yfinance
2021-05-04,207.18242473,213.57131008,205.67647876,213.03282166,4040700,yfinance
2021-05-05,214.13725055,218.43606526,211.60908652,217.11265564,3690600,yfinance
2021-05-06,217.22213931,219.94197564,215.39674318,216.37333679,4527000,yfinance
2021-05-07,215.06815572,220.77251821,212.80466858,219.95109558,3327900,yfinance
2021-05-10,222.24197294,224.32292336,221.41141438,221.42967224,3752900,yfinance
2021-05-11,217.93409965,221.77656563,215.88965044,218.40870667,3163100,yfinance
2021-05-12,220.20670241,221.99558311,215.79836835,216.60154724,3668500,yfinance
2021-05-13,215.43324886,219.9511155,214.09159549,219.11143494,2228100,yfinance
2021-05-14,220.87292332,222.10507123,219.12054477,221.08283997,2041600,yfinance
2021-05-17,221.54833737,224.02174138,220.06975701,223.4193573,1998400,yfinance
2021-05-18,223.41932765,224.10385112,218.50902209,218.56378174,2436200,yfinance
2021-05-19,215.48799797,216.38243808,211.69117104,216.19076538,3143100,yfinance
2021-05-20,216.74752373,216.85705696,212.28443093,214.47491455,3339200,yfinance
2021-05-21,215.94439241,218.49993614,214.49319173,216.52851868,2479100,yfinance
2021-05-24,216.93922617,218.78288034,215.59755877,218.18049622,2372700,yfinance
2021-05-25,218.60030975,220.77253561,216.07214612,216.46459961,2265700,yfinance
2021-05-26,216.6836463,218.59118187,215.96260704,216.9574585,2070000,yfinance
2021-05-27,220.41655394,222.12329464,218.07091353,220.21575928,3594700,yfinance
2021-05-28,220.79077465,221.11021059,217.94314744,220.03323364,2290700,yfinance
2021-06-01,222.70743132,223.5471118,220.69949853,221.56655884,2476000,yfinance
2021-06-02,221.84950793,223.70228375,219.68640422,222.20545959,2348500,yfinance
2021-06-03,221.2654146,224.92534324,219.84160766,222.55232239,1923200,yfinance
2021-06-04,223.72052743,225.15346996,221.16498419,222.71656799,1837900,yfinance
2021-06-07,222.74394279,222.99949711,217.78798556,218.82846069,2330700,yfinance
2021-06-08,218.49992876,220.15192409,215.45152032,219.19358826,2212300,yfinance
2021-06-09,218.13485427,218.30826915,213.98207497,214.16461182,2919600,yfinance
2021-06-10,215.52453687,215.9900079,205.8864468,206.02334595,6281800,yfinance
2021-06-11,206.54357945,208.02214589,200.82095855,201.4324646,8734900,yfinance
2021-06-14,200.85745571,202.59157634,196.77769453,199.88998413,7213300,yfinance
2021-06-15,200.69318898,201.50548975,197.38009035,200.30073547,5055900,yfinance
2021-06-16,199.89002135,200.23685111,197.7816908,198.20153809,4156900,yfinance
2021-06-17,198.02812115,199.21463154,189.7316982,191.16462708,7995300,yfinance
2021-06-18,188.18009096,193.31858581,187.55946292,190.62612915,7156400,yfinance
2021-06-21,193.08129227,196.44001471,192.9443792,194.59637451,5633900,yfinance
2021-06-22,194.85190253,196.07491452,192.74355843,194.52333069,3776400,yfinance
2021-06-23,194.95231623,197.84556748,194.02136028,195.12571716,3283400,yfinance
2021-06-24,197.63565029,202.55509274,196.53129334,200.19120789,6827600,yfinance
2021-06-25,201.87053982,202.39078437,196.47650515,197.42570496,11274200,yfinance
2021-06-28,197.55348489,197.85467691,194.91578816,197.38920593,3172000,yfinance
2021-06-29,199.00468605,199.60707013,195.85588042,196.32136536,3443400,yfinance
2021-06-30,195.88324791,198.92253403,195.37213923,198.63047791,3249500,yfinance
2021-07-01,200.02695575,200.60194619,197.27972505,197.79084778,2426300,yfinance
2021-07-02,198.65788405,199.30589194,196.75947021,198.74914551,2433600,yfinance
2021-07-06,198.42968251,198.56658164,192.88959877,194.87928772,4348100,yfinance
2021-07-07,194.12179283,196.28488323,192.72536563,195.94718933,2707700,yfinance
2021-07-08,191.66659845,195.22611542,191.60270289,193.59239197,3723800,yfinance
2021-07-09,197.05147699,199.50663664,195.6824301,198.43878174,3163800,yfinance
2021-07-12,197.16105361,199.83525244,196.09319847,199.49755859,2509000,yfinance
2021-07-13,199.8443791,199.92651859,195.95627634,196.40350342,2373300,yfinance
2021-07-14,196.46736871,196.81419841,192.78007488,193.16340637,3185200,yfinance
2021-07-15,191.92213799,194.76062939,191.77610297,192.95349121,2737500,yfinance
2021-07-16,193.91185558,194.13089423,188.93763951,189.795578,4368800,yfinance
2021-07-19,185.60216263,186.9602009,182.81266271,186.34541321,5391100,yfinance
2021-07-20,186.30868801,191.43806035,185.63884684,190.82327271,3934300,yfinance
2021-07-21,191.52064253,193.57606266,190.47458363,193.36500549,3407300,yfinance
2021-07-22,193.61276607,193.96145705,191.35547363,191.9243927,1931500,yfinance
2021-07-23,192.23638925,193.0346934,190.73153216,192.26391602,2302600,yfinance
2021-07-26,192.54834779,194.59459702,192.2363685,193.64028931,2157600,yfinance
2021-07-27,190.42866536,193.66777758,189.94234068,192.60336304,2472000,yfinance
2021-07-28,192.69513915,195.16347437,190.95171254,194.01647949,3246900,yfinance
2021-07-29,196.36552984,196.83349872,192.4106936,195.04418945,3419700,yfinance
2021-07-30,190.76818134,191.4747341,186.40960083,189.71295166,5834900,yfinance
2021-08-02,190.8599516,193.52097417,188.06128124,188.25398254,3977100,yfinance
2021-08-03,188.3916378,192.04366606,186.66655279,191.31877136,3580500,yfinance
2021-08-04,191.06185063,192.31895274,187.52910024,187.66674805,2948700,yfinance
2021-08-05,188.33654579,190.54795512,187.83186528,190.11668396,2685800,yfinance
2021-08-06,191.78677043,193.05305763,190.53883908,191.1811676,2677100,yfinance
2021-08-09,190.20849162,192.58507619,189.13490585,191.676651,2747200,yfinance
2021-08-10,192.69515668,197.1913714,191.74086301,196.42977905,4193600,yfinance
2021-08-11,197.95299617,204.22936393,196.88859537,203.39434814,7794100,yfinance
2021-08-12,203.92653103,205.32126681,200.46719034,202.09133911,4444500,yfinance
2021-08-13,201.7610545,202.37584227,199.7882143,200.55900574,2049400,yfinance
2021-08-16,199.44867222,200.03593311,196.67752831,199.76983643,3132500,yfinance
2021-08-17,198.40260023,198.55858986,193.22735956,195.85168457,4022800,yfinance
2021-08-18,194.98913299,195.95261151,192.43821746,192.52079773,2947700,yfinance
2021-08-19,191.01596695,191.74087567,186.46469841,187.60250854,4788100,yfinance
2021-08-20,188.49259677,190.1809703,186.81339416,188.05215454,2765500,yfinance
2021-08-23,190.17175017,192.46573992,188.86876567,191.90600586,2827400,yfinance
2021-08-24,192.46576227,195.69570413,192.26389003,195.07173157,2485900,yfinance
2021-08-25,195.60395285,197.92546979,194.66800094,197.06292725,2599800,yfinance
2021-08-26,196.83355251,196.83355251,193.13564101,193.83302307,2513900,yfinance
2021-08-27,194.76894044,196.39308943,194.73224276,195.29197693,2511400,yfinance
2021-08-30,195.64981407,196.1269679,193.4292335,194.02566528,1922100,yfinance
2021-08-31,193.86968697,194.80563883,193.08055383,193.49346924,2857900,yfinance
2021-09-01,193.49346646,193.6035875,189.58451249,190.82327271,4122900,yfinance
2021-09-02,191.70415088,195.40206157,191.70415088,194.32847595,2921600,yfinance
2021-09-03,193.75039174,195.26443355,192.69516193,193.03466797,2512000,yfinance
2021-09-07,192.73187634,193.00715797,190.72235267,191.07102966,2641100,yfinance
2021-09-08,190.052504,190.97010012,187.89616152,189.73135376,2603100,yfinance
2021-09-09,189.48360501,190.99763306,188.01544557,188.49259949,2777900,yfinance
2021-09-10,190.03414993,190.74987374,187.94203203,188.11636353,2551200,yfinance
2021-09-13,190.08922673,190.73154126,187.12538101,189.20832825,2699100,yfinance
2021-09-14,189.06148482,189.11655235,185.02406779,185.6572113,3757600,yfinance
2021-09-15,185.51036876,189.56614112,185.23508718,188.77700806,3342700,yfinance
2021-09-16,188.52009978,189.38264228,186.10683177,186.82255554,3120100,yfinance
2021-09-17,185.93249127,186.51975218,183.01452857,183.28981018,6351100,yfinance
2021-09-20,177.15109409,178.00446571,172.94850243,175.09568787,9151100,yfinance
2021-09-21,176.17840631,176.82990553,171.57207114,174.19639587,5699900,yfinance
2021-09-22,176.17844784,178.47243805,175.4076705,175.58201599,3924400,yfinance
2021-09-23,177.01348116,181.31700946,176.95842763,180.41775513,3367800,yfinance
2021-09-24,179.52767282,181.49132793,178.8670025,180.60127258,2199500,yfinance
2021-09-27,181.31700096,185.34524741,181.31700096,183.51922607,3033100,yfinance
2021-09-28,183.70273104,185.25347064,182.37221953,184.02389526,3247500,yfinance
2021-09-29,183.95965406,184.58362666,181.40873813,181.56472778,2954700,yfinance
2021-09-30,182.25296473,182.4823638,175.83897583,176.1509552,4978100,yfinance
2021-10-01,177.00429747,179.72955924,175.48109845,178.31646729,3695500,yfinance
2021-10-04,178.69267764,179.76626344,176.55467695,177.21534729,2864600,yfinance
2021-10-05,176.87580748,178.38066442,175.01308864,176.63723755,3074600,yfinance
2021-10-06,174.34322827,176.536282,172.32452001,176.04995728,3777700,yfinance
2021-10-07,177.76585236,180.20666085,177.65574533,179.61940002,3510500,yfinance
2021-10-08,179.66532493,180.38104879,178.69267527,179.07806396,2713200,yfinance
2021-10-11,180.16080551,180.92241191,176.8024006,176.99510193,2015200,yfinance
2021-10-12,176.47212165,177.62828792,173.95790283,174.2698822,4706700,yfinance
2021-10-13,174.80203773,175.49023473,172.25112197,173.37059021,3253200,yfinance
2021-10-14,177.60074339,178.74773861,176.73820074,178.31646729,5212900,yfinance
2021-10-15,179.81215306,183.01455475,179.20653622,182.61999512,4736300,yfinance
2021-10-18,181.11508608,182.30794957,179.43588388,181.84915161,2809400,yfinance
2021-10-19,182.23457412,184.87724113,182.10611124,184.56526184,2626900,yfinance
2021-10-20,184.58365257,188.27237916,184.00556249,187.3639679,2936000,yfinance
2021-10-21,184.98741433,185.62972892,183.2806847,185.48291016,3071300,yfinance
2021-10-22,185.12304163,186.70080102,183.7944051,185.13226318,2632400,yfinance
2021-10-25,185.71354115,187.58654525,185.00308695,186.57162476,3294700,yfinance
2021-10-26,187.06987544,187.10677575,184.0435427,184.20039368,2933600,yfinance
2021-10-27,184.76317238,184.92924488,180.76804192,180.96180725,3406700,yfinance
2021-10-28,182.09668305,188.68449315,181.81065991,188.30619812,4462700,yfinance
2021-10-29,191.90461419,193.52849542,187.5219665,188.23240662,4292200,yfinance
2021-11-01,188.49076215,190.88046931,188.04788798,189.49647522,3215200,yfinance
2021-11-02,189.83785477,191.73853772,187.30053229,191.10189819,3429600,yfinance
2021-11-03,190.30836035,190.6036191,186.21175071,187.80795288,3137000,yfinance
2021-11-04,188.22315891,189.04432801,186.94065854,187.84486389,2543500,yfinance
2021-11-05,189.58870545,192.72576671,189.3580398,189.95777893,2591300,yfinance
2021-11-08,199.19361645,199.72876242,194.9124628,197.68045044,5944700,yfinance
2021-11-09,198.53852529,198.89837721,192.79957705,193.58383179,3310300,yfinance
2021-11-10,193.08560439,193.7130082,190.46523194,190.68667603,3261800,yfinance
2021-11-11,191.80313739,194.16515178,191.80313739,192.40286255,4819800,yfinance
2021-11-12,193.1594623,194.39582707,192.19066354,193.08564758,2018000,yfinance
2021-11-15,193.75914666,194.39578611,190.76971476,191.64625549,2392600,yfinance
2021-11-16,191.91382167,192.07989418,189.38572107,189.54257202,2138000,yfinance
2021-11-17,189.14584119,189.32114934,185.31679687,187.28205872,3135700,yfinance
2021-11-18,187.54961317,187.95558693,185.14146344,185.84268188,2119900,yfinance
2021-11-19,185.38138122,187.22670655,184.21883133,184.93850708,2980100,yfinance
2021-11-22,185.90731585,188.71220432,184.6155796,186.72848511,2596500,yfinance
2021-11-23,187.34666283,189.67177676,185.9995691,189.45033264,3127100,yfinance
2021-11-24,187.90945769,192.15369696,187.37431173,191.05574036,3880500,yfinance
2021-11-26,185.45519649,185.87039188,181.40470794,183.36074829,3496000,yfinance
2021-11-29,185.66737153,185.91649434,178.33220744,180.76803589,4559900,yfinance
2021-11-30,178.84890044,181.56153051,176.73600945,178.39680481,6358000,yfinance
2021-12-01,182.29968546,183.08394025,176.56072273,176.66221619,3425300,yfinance
2021-12-02,177.4372755,182.33661257,176.97594412,181.57080078,3445700,yfinance
2021-12-03,182.38271964,183.96970048,180.60198753,182.50267029,3250900,yfinance
2021-12-06,184.14503811,187.54043036,183.0009312,185.71356201,2838400,yfinance
2021-12-07,187.56807134,190.26225849,187.36509852,188.67527771,2818000,yfinance
2021-12-08,188.60150073,190.2530609,187.8633677,188.39851379,2341200,yfinance
2021-12-09,187.3927982,189.11817293,185.3444859,188.34313965,1646600,yfinance
2021-12-10,189.51488334,189.97621462,186.47932973,187.72492981,3315200,yfinance
2021-12-13,188.05711719,188.45385539,184.94773434,185.68586731,1868500,yfinance
2021-12-14,184.53251872,188.2047119,184.34798902,186.04568481,2248800,yfinance
2021-12-15,185.45518508,186.93145089,183.27770075,186.88531494,2193700,yfinance
2021-12-16,189.14584344,192.12603986,188.82290588,190.22535706,2856800,yfinance
2021-12-17,189.09970374,189.37650534,185.66739762,185.79656982,6079600,yfinance
2021-12-20,182.27197386,182.27197386,178.12921429,180.34361267,3605100,yfinance
2021-12-21,181.76453505,183.62831748,181.52464784,182.97322083,2303400,yfinance
2021-12-22,185.43672182,187.66956358,185.29832806,186.51623535,3558700,yfinance
2021-12-23,187.68803545,191.26797105,187.5680848,190.2530365,2669600,yfinance
2021-12-27,190.01315459,190.89890287,189.27502163,190.41912842,1711200,yfinance
2021-12-28,190.23459012,192.15373024,190.19768981,190.64056396,1393000,yfinance
2021-12-29,190.31761893,192.42128854,190.14231079,191.29563904,1334900,yfinance
2021-12-30,191.29563168,192.75344022,190.00389563,190.14230347,1465900,yfinance
2021-12-31,190.2530208,191.67392906,189.76401076,190.75126648,1374500,yfinance
2022-01-03,191.29567609,192.46746176,189.88400316,190.99119568,2055600,yfinance
2022-01-04,192.17218208,201.98931245,191.85848015,201.21427917,5242300,yfinance
2022-01-05,201.30655492,206.08595535,201.30655492,202.75514221,5378200,yfinance
2022-01-06,204.36053761,205.48618707,201.19579768,204.8218689,3913200,yfinance
2022-01-07,205.29241316,208.49405327,205.04329033,206.85171509,3673400,yfinance
2022-01-10,207.55295823,208.29109116,203.54860575,204.49894714,3734900,yfinance
2022-01-11,204.83108198,204.91411823,199.8394743,202.93962097,2944300,yfinance
2022-01-12,204.94180514,206.39039213,203.05035814,205.20014954,2506900,yfinance
2022-01-13,205.65225336,210.25634451,205.42158773,209.44439697,5002300,yfinance
2022-01-14,207.34075273,211.8802513,206.28891787,211.23439026,3970600,yfinance
2022-01-18,210.09951243,212.60914182,209.31524357,212.092453,5411900,yfinance
2022-01-19,212.92688237,213.06594765,204.83294354,205.50976562,4991700,yfinance
2022-01-20,204.97203633,205.70447043,200.29924455,200.8462677,3545600,yfinance
2022-01-21,201.66213355,201.66213355,196.94299628,198.49131775,3754700,yfinance
2022-01-24,195.77480577,199.30720546,191.60267747,198.71383667,5107300,yfinance
2022-01-25,196.62774957,201.03166226,192.01059876,198.69526672,4554300,yfinance
2022-01-26,199.3350026,202.93230857,196.77610254,198.67672729,3558500,yfinance
2022-01-27,199.52970906,202.02370257,194.83837104,196.7111969,3678100,yfinance
2022-01-28,190.61060869,192.84501831,182.46105862,186.50338745,10747300,yfinance
2022-01-31,184.91798723,186.91134583,180.49552745,186.87425232,6179000,yfinance
2022-02-01,186.16963455,190.7960521,185.9285692,190.38812256,4026400,yfinance
2022-02-02,188.39476758,190.80533624,186.72591343,190.00799561,3492300,yfinance
2022-02-03,190.06363445,190.87024145,185.51137523,185.97494507,2748200,yfinance
2022-02-04,185.62260453,186.36430481,182.17364448,183.95375061,3930800,yfinance
2022-02-07,184.35240997,186.84641743,183.60142926,185.26101685,2402000,yfinance
2022-02-08,185.66897581,187.56961486,184.71402313,186.81863403,2407100,yfinance
2022-02-09,187.87556477,189.22919479,187.36563517,188.765625,2743700,yfinance
2022-02-10,187.81069163,191.6861287,186.8742715,188.27426147,3538500,yfinance
2022-02-11,188.59874862,189.73912644,185.54846535,186.57759094,3826700,yfinance
2022-02-14,186.30867807,187.00403269,183.67560531,185.32591248,2730500,yfinance
2022-02-15,186.07693795,189.55371188,185.43720928,188.5894928,2752600,yfinance
2022-02-16,188.31127535,190.452965,188.20928946,188.80265808,2253900,yfinance
2022-02-17,186.35509851,187.05971966,180.27306373,180.5512085,4699600,yfinance
2022-02-18,179.27171728,181.36704773,177.25054555,177.96444702,4385200,yfinance
2022-02-22,177.96447096,180.69953038,176.66648098,177.27839661,3488000,yfinance
2022-02-23,177.75119512,178.3074845,172.79099288,173.06913757,3550400,yfinance
2022-02-24,168.76720394,171.77114105,166.57915413,171.23339844,5919500,yfinance
2022-02-25,171.46514849,174.237286,170.70488745,173.43067932,3594600,yfinance
2022-02-28,170.9089345,175.01617086,170.28775257,173.91287231,5168500,yfinance
2022-03-01,174.08901372,174.50622373,167.47850358,169.50894165,5110600,yfinance
2022-03-02,171.70627664,179.45716542,171.52085153,178.5763855,5849900,yfinance
2022-03-03,179.23459977,182.25706919,178.32599295,180.65312195,4429700,yfinance
2022-03-04,177.17637491,181.72861938,176.44392674,181.40412903,4334700,yfinance
2022-03-07,180.59752234,188.67291474,179.51277067,182.36836243,6912300,yfinance
2022-03-08,189.01596982,199.23305348,188.20936279,194.69934082,9318600,yfinance
2022-03-09,197.0820735,198.03702617,192.33510908,194.49534607,4798300,yfinance
2022-03-10,194.13377246,201.6714224,193.01192725,196.35890198,4886300,yfinance
2022-03-11,196.83176682,201.90322226,196.83176682,199.1774292,4045500,yfinance
2022-03-14,200.54030635,202.56146397,197.41583615,199.7429657,3530700,yfinance
2022-03-15,200.37340619,201.54161115,195.17215246,200.68864441,4364200,yfinance
2022-03-16,201.6528401,203.49785278,196.8502643,200.33630371,4378700,yfinance
2022-03-17,199.63168869,205.62100208,198.72308177,205.54682922,3600400,yfinance
2022-03-18,203.48860556,205.5468567,202.11644284,204.81442261,4105100,yfinance
2022-03-21,204.89789114,210.50708963,204.88862484,207.41044617,2902200,yfinance
2022-03-22,208.10573999,209.39446334,205.2130551,206.48324585,2461500,yfinance
2022-03-23,205.53761238,208.4024708,205.53761238,205.9826355,2001700,yfinance
2022-03-24,206.32562744,208.60639694,205.37067484,206.01968384,2110900,yfinance
2022-03-25,205.90842053,207.49383539,205.02764078,207.08589172,1581100,yfinance
2022-03-28,206.14023299,206.45545709,203.08066922,205.6859436,3072500,yfinance
2022-03-29,204.71243207,205.29652041,200.76280821,204.93493652,3667800,yfinance
2022-03-30,205.82502708,209.42233388,204.61974256,206.82633972,2507400,yfinance
2022-03-31,206.94685002,208.78258258,206.22366806,206.58526611,3152100,yfinance
2022-04-01,208.00377793,209.08852958,202.27404777,203.75747681,2618300,yfinance
2022-04-04,203.1919051,205.22234296,200.81843014,204.72167969,2181300,yfinance
2022-04-05,203.97071234,206.16802867,199.46481331,200.28070068,3582100,yfinance
2022-04-06,199.44628565,201.30984548,197.99068369,200.45687866,2783300,yfinance
2022-04-07,199.76153451,200.5495948,197.99996052,200.16946411,2253600,yfinance
2022-04-08,200.06742871,202.00516103,198.43566826,201.21708679,2450200,yfinance
2022-04-11,201.21711032,202.8210579,200.03037274,200.30851746,2494700,yfinance
2022-04-12,199.75222357,203.48859502,199.31646683,200.91114807,2508200,yfinance
2022-04-13,201.1243673,203.67400095,200.63298449,202.366745,1898900,yfinance
2022-04-14,203.88727274,212.51894015,202.68198843,211.21166992,5337900,yfinance
2022-04-18,211.38781674,217.30297158,211.38781674,213.16792297,3644000,yfinance
2022-04-19,213.47389566,215.96790348,210.98916829,215.24473572,2689400,yfinance
2022-04-20,216.53344296,219.14796912,215.63411648,217.95196533,2907700,yfinance
2022-04-21,219.95460289,220.56650427,214.77188179,215.62486267,3571400,yfinance
2022-04-22,212.7742423,214.06914631,200.84995256,201.50205994,5053700,yfinance
2022-04-25,200.57976046,202.15414292,195.23246642,201.87466431,4145500,yfinance
2022-04-26,201.34366897,203.27204443,195.02751758,195.91252136,4176700,yfinance
2022-04-27,196.66711781,200.80336186,193.11777748,199.32214355,3358300,yfinance
2022-04-28,193.23887307,198.39055662,188.18036802,197.90612793,6092800,yfinance
2022-04-29,198.14830672,202.34976799,195.78208493,196.13607788,3404000,yfinance
2022-05-02,195.633012,198.21350856,193.4531047,197.56140137,2639500,yfinance
2022-05-03,197.40304224,200.62633564,196.36898135,199.00537109,2121100,yfinance
2022-05-04,200.24437889,208.0138016,199.20100727,207.36169434,3023700,yfinance
2022-05-05,207.18466376,207.88335306,199.14508845,201.15730286,3005600,yfinance
2022-05-06,202.16343262,202.16343262,195.95908189,199.96488953,2268400,yfinance
2022-05-09,197.52412619,197.54276189,191.38497949,192.17681885,2929900,yfinance
2022-05-10,193.99345668,195.18588552,187.61208746,189.10263062,3040400,yfinance
2022-05-11,191.4967771,195.36286674,189.66155191,191.17073059,2552400,yfinance
2022-05-12,189.68018353,191.29182296,185.66505104,189.13986206,3282000,yfinance
2022-05-13,191.11484521,192.3352347,189.03741259,190.35095215,2323800,yfinance
2022-05-16,190.99374956,194.89709685,189.74541363,193.01528931,2540800,yfinance
2022-05-17,198.24147355,199.14511297,194.8318659,198.5116272,2275900,yfinance
2022-05-18,199.21032511,202.99256159,193.32270963,193.713974,4723300,yfinance
2022-05-19,191.77626348,194.96228538,187.91018789,192.61468506,2887700,yfinance
2022-05-20,192.32593975,192.49363263,180.7649533,184.28636169,5404500,yfinance
2022-05-23,186.25193449,191.43156326,185.53462369,190.18322754,3246600,yfinance
2022-05-24,188.18968544,191.6272401,187.51894237,191.58065796,2467800,yfinance
2022-05-25,190.97510159,195.71687021,190.80742295,194.99023438,3080200,yfinance
2022-05-26,197.07698641,199.0239974,196.00565417,198.41847229,2016000,yfinance
2022-05-27,200.2909528,202.74102807,199.50842411,202.2845459,2020400,yfinance
2022-05-31,200.09528615,203.1695218,198.88423611,201.08277893,3773500,yfinance
2022-06-01,203.5142457,204.0172958,199.63884526,202.68513489,2314000,yfinance
2022-06-02,204.56692945,205.73141174,202.38702202,204.94888306,1784100,yfinance
2022-06-03,203.31859868,208.76838124,203.31859868,207.65046692,2222500,yfinance
2022-06-06,207.65046802,209.38321817,207.04494294,208.33053589,1565400,yfinance
2022-06-07,206.8120476,211.72150875,206.48598689,211.56314087,1799000,yfinance
2022-06-08,209.87695396,216.4539615,209.25279319,214.07841492,4171300,yfinance
2022-06-09,211.87057092,212.59722099,208.32123097,208.36781311,3045700,yfinance
2022-06-10,204.48309106,205.153834,200.30026554,200.45863342,2604100,yfinance
2022-06-13,195.24174971,195.51190334,190.88192087,192.72647095,3559400,yfinance
2022-06-14,193.82575234,195.38149902,191.22663403,192.54948425,2359000,yfinance
2022-06-15,193.28543564,194.37538942,189.23304556,191.9066925,2343100,yfinance
2022-06-16,187.31396446,187.48164308,180.02895665,181.46359253,4789900,yfinance
2022-06-17,182.29272352,184.21180243,177.81179758,179.46070862,7226100,yfinance
2022-06-21,183.61556898,184.84525485,180.60653657,182.9355011,2755400,yfinance
2022-06-22,177.00132181,179.60044023,174.86799634,174.9797821,4008700,yfinance
2022-06-23,173.81530505,174.42083022,163.97775987,166.44645691,6667900,yfinance
2022-06-24,168.93376097,172.90232547,167.09853586,172.79985046,4868900,yfinance
2022-06-27,175.21267728,177.07584907,173.10729826,174.75619507,3061100,yfinance
2022-06-28,176.97336616,179.88923443,174.60713012,174.61645508,3327200,yfinance
2022-06-29,174.50466864,174.7375651,169.66973579,170.92736816,2436900,yfinance
2022-06-30,167.92765215,169.67903801,165.00247329,166.53027344,4197100,yfinance
2022-07-01,167.04264396,168.91514048,161.83508286,166.09242249,3423100,yfinance
2022-07-05,161.88168519,162.48721033,158.9285596,161.87236023,3724900,yfinance
2022-07-06,161.61151444,162.72010391,157.70816733,160.52156067,3190600,yfinance
2022-07-07,170.01439526,170.01439526,164.26651302,167.9462738,4677600,yfinance
2022-07-08,167.89971298,168.84062378,164.32242674,166.84703064,2491100,yfinance
2022-07-11,165.27266289,167.47120625,162.6735302,163.0461731,2773300,yfinance
2022-07-12,162.78532567,165.11429043,160.79173241,162.5524292,2718400,yfinance
2022-07-13,160.46565851,163.26041599,160.10234061,161.974823,2389000,yfinance
2022-07-14,158.13670185,159.02170559,155.64936928,158.31370544,2531200,yfinance
2022-07-15,160.46565978,161.51835632,157.62432015,161.51835632,2282100,yfinance
2022-07-18,164.08020494,164.61120143,160.89418333,161.62081909,2476400,yfinance
2022-07-19,163.13112301,168.57195708,162.17429748,168.37496948,2671400,yfinance
2022-07-20,167.70894549,169.60385984,166.10484623,168.82525635,2175900,yfinance
2022-07-21,167.37123118,169.8571369,165.55136457,169.78208923,2214500,yfinance
2022-07-22,170.25112104,171.47999617,166.35810385,167.55883789,1961500,yfinance
2022-07-25,168.07478427,171.29238682,166.76148587,170.55130005,1845600,yfinance
2022-07-26,169.94154439,172.27734025,169.39745958,170.00720215,1767700,yfinance
2022-07-27,171.5925445,174.65066148,169.15355998,173.77825928,1856500,yfinance
2022-07-28,175.27923164,177.78388891,172.79332554,176.20791626,2229200,yfinance
2022-07-29,177.47427038,187.13643805,177.40859831,185.97322083,5188100,yfinance
2022-08-01,182.99954461,184.97888205,181.42357227,182.79316711,3185100,yfinance
2022-08-02,176.35801705,177.7369878,171.81773962,172.14605713,8193100,yfinance
2022-08-03,171.96781451,173.95652776,170.35432531,171.54566956,4155900,yfinance
2022-08-04,171.5362628,174.41614339,169.90400841,172.26795959,2478900,yfinance
2022-08-05,172.21172483,174.57567667,171.88339302,173.90963745,1908500,yfinance
2022-08-08,175.20414652,176.35797394,172.75577195,174.30358887,2655000,yfinance
2022-08-09,174.43491633,176.2454072,173.69384391,174.50996399,2460000,yfinance
2022-08-10,177.04277274,179.66000826,175.84203869,178.9095459,2304300,yfinance
2022-08-11,180.8888441,183.46854807,180.02581758,181.98638916,2538900,yfinance
2022-08-12,182.82128607,184.77248218,181.79878859,184.65052795,1864800,yfinance
2022-08-15,181.42356621,184.3316023,181.11401428,183.81565857,1752400,yfinance
2022-08-16,183.22469141,186.11394785,182.87759417,185.28845215,1959300,yfinance
2022-08-17,182.92450322,184.70683881,181.86447459,183.79690552,1576200,yfinance
2022-08-18,184.84757261,185.3916575,183.15903574,185.1289978,1750900,yfinance
2022-08-19,183.17778421,185.00702635,181.80818934,183.48735046,2003600,yfinance
2022-08-22,181.15153793,181.92075145,179.68814424,179.88513184,2008900,yfinance
2022-08-23,180.81383222,185.87005243,180.56054813,184.99765015,2444900,yfinance
2022-08-24,185.32595194,186.37659055,181.47046609,182.13650513,2503200,yfinance
2022-08-25,183.38419789,186.59241111,182.52117102,186.56427002,1888700,yfinance
2022-08-26,187.05199316,187.9619263,179.85696563,180.03520203,2560400,yfinance
2022-08-29,178.23412893,181.20782294,177.29605456,179.90390015,1996600,yfinance
2022-08-30,179.64126485,180.07278541,173.15916668,175.36364746,2691200,yfinance
2022-08-31,175.07279881,176.41423809,173.07469611,173.271698,2656600,yfinance
2022-09-01,170.98286302,171.86465544,168.94724283,171.14233398,2686200,yfinance
2022-09-02,173.40303587,174.2379214,168.71266448,169.63197327,2185400,yfinance
2022-09-06,171.57379635,172.28674203,168.46877248,169.47251892,2141700,yfinance
2022-09-07,168.0184503,170.57938855,167.15542386,169.66007996,2166900,yfinance
2022-09-08,168.55321478,171.93028861,167.05230421,171.80833435,2245700,yfinance
2022-09-09,175.93585543,178.00899183,175.62628916,177.75572205,2279600,yfinance
2022-09-12,179.03150032,180.76692933,178.80635732,180.48550415,1937200,yfinance
2022-09-13,176.2172601,178.28102066,172.13663124,172.89646912,2207500,yfinance
2022-09-14,172.53060292,173.67505457,170.60754797,173.21539307,2295000,yfinance
2022-09-15,173.23420438,174.988399,170.42935667,171.18920898,1933100,yfinance
2022-09-16,168.85339473,169.17233659,166.76149279,168.35621643,5088300,yfinance
2022-09-19,166.27367605,171.4143194,165.85154546,170.8327179,2923700,yfinance
2022-09-20,169.4068498,169.52880405,165.39189258,166.96786499,2512400,yfinance
2022-09-21,168.17798242,169.31305878,161.23623737,161.30189514,4061900,yfinance
2022-09-22,162.00544059,163.80654166,159.74467793,159.98858643,2508400,yfinance
2022-09-23,158.21560717,158.94730394,151.71474514,154.06932068,4047200,yfinance
2022-09-26,153.84416856,155.57961155,152.17439763,152.54962158,3213400,yfinance
2022-09-27,154.27571252,154.37890127,150.65474499,152.38079834,2753500,yfinance
2022-09-28,154.31323582,158.04676785,153.41267811,157.37135315,3694800,yfinance
2022-09-29,155.43892912,156.27381478,153.41268493,155.62654114,3518100,yfinance
2022-09-30,155.61716288,157.39012293,153.74101406,153.91925049,2963000,yfinance
2022-10-03,157.0617795,162.63394335,155.76724664,160.62646484,3444700,yfinance
2022-10-04,163.50633421,169.03159062,163.42191097,168.50627136,4008200,yfinance
2022-10-05,166.17985279,169.09726437,165.74834664,167.33369446,3067400,yfinance
2022-10-06,166.42377741,169.77269547,165.93597473,167.73707581,2415000,yfinance
2022-10-07,165.77649608,167.87778772,164.29433693,166.55509949,2759200,yfinance
2022-10-10,168.6751476,169.94155371,165.16675867,167.60574341,2633900,yfinance
2022-10-11,165.87032998,171.74267084,165.72961022,168.61888123,2542400,yfinance
2022-10-12,168.36558814,169.90402957,167.70893893,168.38435364,2260800,yfinance
2022-10-13,162.99041741,173.49684721,162.01482639,171.79893494,3745900,yfinance
2022-10-14,172.3711472,172.91523199,166.53632409,167.15545654,2830200,yfinance
2022-10-17,171.01093212,172.89645614,168.10289633,169.6038208,2940000,yfinance
2022-10-18,173.44993974,174.04093116,169.70703229,172.18354797,2674000,yfinance
2022-10-19,171.61132496,174.20040503,170.72953278,172.99029541,2088700,yfinance
2022-10-20,173.11223704,174.23793772,169.28490622,169.35993958,2953900,yfinance
2022-10-21,169.72819819,179.81387418,169.23714605,179.63444519,3483800,yfinance
2022-10-24,178.15186414,181.44765531,177.96299676,180.65440369,2919500,yfinance
2022-10-25,179.70058976,184.781204,178.40683318,183.99739075,2545000,yfinance
2022-10-26,187.26484733,188.47361572,183.74242136,185.99942017,3546000,yfinance
2022-10-27,198.45540687,205.04698888,195.83011158,200.33467102,7872200,yfinance
2022-10-28,200.6746435,207.28510235,199.45643671,207.13400269,5161000,yfinance
2022-10-31,203.35660811,206.69016709,203.04497045,204.41429138,3786100,yfinance
2022-11-01,206.46351429,207.25676587,204.65036165,206.34074402,2717500,yfinance
2022-11-02,205.4908161,209.36264717,202.0250347,202.60108948,3150000,yfinance
2022-11-03,199.76804867,209.44764857,199.59807237,207.05844116,3570400,yfinance
2022-11-04,211.55357361,216.94581125,211.15694781,215.17044067,4973800,yfinance
2022-11-07,215.3120982,216.37921979,210.278704,215.88815308,3405600,yfinance
2022-11-08,215.88812849,219.68442435,214.05608485,217.02134705,3676600,yfinance
2022-11-09,213.48950259,216.38865355,212.53569857,212.98898315,6248300,yfinance
2022-11-10,219.29726856,219.64667394,213.73503976,219.51446533,4590800,yfinance
2022-11-11,220.03384452,225.13333558,219.08949326,223.32963562,3585400,yfinance
2022-11-14,222.86687471,226.50263246,221.45034796,223.33905029,3217700,yfinance
2022-11-15,223.90568546,226.07768179,219.79775179,221.53535461,3371000,yfinance
2022-11-16,220.97820656,221.60148188,217.99405296,219.48612976,3062000,yfinance
2022-11-17,215.07598026,217.70127538,212.96062844,217.61628723,3256900,yfinance
2022-11-18,218.00351266,218.93841126,214.96270019,218.55122375,2868700,yfinance
2022-11-21,218.66452213,220.66654205,215.56705136,219.25001526,2522600,yfinance
2022-11-22,220.97819799,224.26453639,220.37381375,224.05677795,2523300,yfinance
2022-11-23,224.40618296,226.29488538,222.49858947,223.73568726,2311300,yfinance
2022-11-25,223.81123182,224.27396909,222.10195847,222.58357239,1034800,yfinance
2022-11-28,220.92152287,221.88476514,218.68341513,219.37278748,2862100,yfinance
2022-11-29,220.31713126,222.61189769,218.66451671,222.0358429,2277900,yfinance
2022-11-30,222.77244576,223.58458838,217.94681047,223.2540741,3850000,yfinance
2022-12-01,223.71683004,223.81127094,219.0328554,222.57417297,2504700,yfinance
2022-12-02,220.87428754,225.19941749,220.59097932,222.98963928,2218300,yfinance
2022-12-05,221.73369176,222.78192229,219.33503135,219.62779236,2064500,yfinance
2022-12-06,219.6466507,220.08105861,213.00786266,215.5859375,3633800,yfinance
2022-12-07,214.36773736,217.04969149,213.21562766,216.23754883,3044000,yfinance
2022-12-08,218.06015701,219.56167208,216.76638596,218.06959534,2189400,yfinance
2022-12-09,219.08950254,219.8544248,214.54717508,214.64160156,2257000,yfinance
2022-12-12,214.88709989,220.41154528,214.38659495,220.09046936,2709200,yfinance
2022-12-13,224.58560919,224.68003566,219.21224856,222.38526917,2945200,yfinance
2022-12-14,222.92354945,224.96335157,220.14715453,221.43147278,3513800,yfinance
2022-12-15,219.24059306,219.96773316,215.04767114,217.82406616,2953200,yfinance
2022-12-16,215.9070013,220.24156948,215.35927592,219.76939392,7610700,yfinance
2022-12-19,220.88377908,223.74516257,218.07905437,219.3633728,2622400,yfinance
2022-12-20,219.504988,222.60245868,218.9572626,222.05473328,2649900,yfinance
2022-12-21,224.43448318,228.44797531,224.43448318,228.27798462,4143600,yfinance
2022-12-22,226.78592408,227.39976098,220.0715868,224.32116699,3129900,yfinance
2022-12-23,223.76399608,227.15421316,223.33904096,226.52149963,1959900,yfinance
2022-12-27,227.29594578,231.41331855,226.37992375,229.60960388,3381500,yfinance
2022-12-28,229.60959389,230.25176032,225.02004561,226.05883789,2270000,yfinance
2022-12-29,227.78696436,228.16469908,225.01056946,226.8331604,1652500,yfinance
2022-12-30,226.06826754,226.79542211,224.47231147,226.22880554,1521100,yfinance
2023-01-03,227.28642944,227.28642944,223.05574029,225.58660889,2651900,yfinance
2023-01-04,226.6443011,228.65577389,225.27499466,227.92861938,2387900,yfinance
2023-01-05,227.14480974,228.09859934,224.34008532,226.90872192,2355900,yfinance
2023-01-06,229.37349756,236.00284804,228.75967495,235.01127625,3945100,yfinance
2023-01-09,235.15290349,237.00383831,232.31041137,232.89590454,3417100,yfinance
2023-01-10,233.20750925,236.88103458,232.73533368,236.56939697,3011900,yfinance
2023-01-11,237.49489205,237.87262677,233.37752018,236.7771759,2402400,yfinance
2023-01-12,237.97646101,243.0570742,237.0415483,240.87562561,3881500,yfinance
2023-01-13,242.50941493,244.19035918,241.0267908,244.07704163,3067800,yfinance
2023-01-17,244.45470995,246.00345958,241.6972209,241.99942017,4100100,yfinance
2023-01-18,242.9626679,244.50196492,238.04260637,238.75086975,3361400,yfinance
2023-01-19,237.66917092,238.39979325,231.8052546,233.18109131,4885200,yfinance
2023-01-20,234.24383931,237.13785008,232.2417546,236.93859863,2964100,yfinance
2023-01-23,237.92538571,240.70552385,236.5210844,239.77565002,2610200,yfinance
2023-01-24,239.94639897,245.80081669,236.9764789,244.4344635,3505100,yfinance
2023-01-25,241.51203505,245.93370233,241.31278363,245.22206116,2424900,yfinance
2023-01-26,246.70228409,248.84670552,243.75135913,248.71385193,2677200,yfinance
2023-01-27,249.03648191,252.43339912,248.71387467,251.01011658,2783000,yfinance
2023-01-30,249.87142344,251.44652591,247.94524933,248.12553406,3426900,yfinance
2023-01-31,243.85567855,244.22574581,233.8073099,239.38656616,10992100,yfinance
2023-02-01,238.87422796,239.77563724,232.76359991,236.7772522,6022000,yfinance
2023-02-02,236.5779922,236.76776028,229.43311601,232.3745575,6130300,yfinance
2023-02-03,231.52058308,238.11512138,230.69508399,235.08827209,4134700,yfinance
2023-02-06,235.42041892,239.24430348,235.31604429,238.56112671,3528800,yfinance
2023-02-07,237.73559355,239.11143023,232.80155106,236.89111328,3467900,yfinance
2023-02-08,235.41090217,238.69393196,234.44306614,236.14151001,2300300,yfinance
2023-02-09,237.21373197,239.08297733,232.92490364,233.68399048,2464900,yfinance
2023-02-10,233.68399139,235.91380627,232.12786989,235.00289917,2820300,yfinance
2023-02-13,231.04615893,235.67657529,230.23962651,235.45832825,3068100,yfinance
2023-02-14,234.37665772,234.6613171,229.29079457,231.86219788,2512900,yfinance
2023-02-15,231.71034734,236.04662088,230.789957,235.98019409,2398200,yfinance
2023-02-16,233.89271624,235.81889039,232.01398772,233.91169739,1934900,yfinance
2023-02-17,235.18318705,238.02975188,233.06724458,235.11676025,3759300,yfinance
2023-02-21,231.99501837,235.31601046,227.48795769,228.39886475,3105900,yfinance
2023-02-22,228.85430745,229.84111014,224.32826568,225.7230835,3145200,yfinance
2023-02-23,228.36091588,228.51273615,223.55022888,225.7800293,3219000,yfinance
2023-02-24,223.19912331,224.58445777,221.10216219,224.09104919,2105500,yfinance
2023-02-27,226.87122476,228.91125712,226.51065525,227.70620728,1720900,yfinance
2023-02-28,228.6170796,228.76889984,226.50113743,227.298172,2647700,yfinance
2023-03-01,229.63240415,236.92910176,229.2149201,235.95178223,4117700,yfinance
2023-03-02,233.90222091,239.57638375,233.54166588,239.28222656,2676500,yfinance
2023-03-03,239.48149681,242.33754496,237.12834062,242.25215149,2314700,yfinance
2023-03-06,242.57474399,242.62218963,238.71291216,240.99015808,2317100,yfinance
2023-03-07,241.05659329,241.72078883,233.37086271,233.55114746,3018400,yfinance
2023-03-08,235.30654648,238.26696932,234.12996112,235.99920654,2068600,yfinance
2023-03-09,236.21740333,237.33705954,228.30395765,228.63606262,2518800,yfinance
2023-03-10,224.22384156,225.95076398,214.25138433,215.39949036,5767500,yfinance
2023-03-13,211.19611968,216.65203521,210.2093025,213.20768738,4885100,yfinance
2023-03-14,217.27828747,217.84759172,210.83555463,214.12808228,3754900,yfinance
2023-03-15,208.17877292,209.86773359,201.69810627,206.14822388,5471700,yfinance
2023-03-16,204.63952104,208.56777949,202.40972086,207.52404785,3555000,yfinance
2023-03-17,206.28103765,206.28103765,200.61637306,204.01327515,7203000,yfinance
2023-03-20,206.23361867,210.5224324,205.40810506,209.04222107,3464200,yfinance
2023-03-21,212.60039668,214.44117724,212.17341493,213.41641235,3074600,yfinance
2023-03-22,213.65366168,215.00103394,208.61524435,208.70063782,2930200,yfinance
2023-03-23,209.23195712,213.77697952,206.47080079,208.21669006,2957400,yfinance
2023-03-24,205.75917446,206.30949751,202.23891669,205.91098022,2976800,yfinance
2023-03-27,203.93736572,207.76126408,202.97902753,206.85035706,3209500,yfinance
2023-03-28,206.99270981,209.27945381,206.57522578,208.8999176,1802000,yfinance
2023-03-29,211.34792272,211.80336896,210.17133756,211.59461975,1857300,yfinance
2023-03-30,213.53977237,214.76378868,212.53398862,213.05584717,1921100,yfinance
2023-03-31,214.80175063,217.3446745,213.39743513,217.13592529,2746700,yfinance
2023-04-03,218.24610509,221.88971883,217.15492778,218.11326599,2242500,yfinance
2023-04-04,217.19290884,217.75274431,205.1898986,206.32852173,4282100,yfinance
2023-04-05,205.14243447,206.7365183,200.73026481,202.60899353,4265300,yfinance
2023-04-06,201.79297713,202.106101,198.25375228,198.47198486,4180100,yfinance
2023-04-10,199.46829621,205.03807034,198.61433252,204.50671387,3839000,yfinance
2023-04-11,205.11394836,211.49973735,205.11394836,209.31738281,3882000,yfinance
2023-04-12,210.78810844,211.80339013,208.6437016,209.22250366,2385100,yfinance
2023-04-13,208.69112685,210.81655234,205.57888427,210.3326416,2909100,yfinance
2023-04-14,211.58517041,214.27991499,210.11444234,212.23986816,2246900,yfinance
2023-04-17,213.50184571,215.31416213,212.82816681,213.72009277,1751800,yfinance
2023-04-18,214.0236867,215.86446733,212.60040449,213.68209839,2567100,yfinance
2023-04-19,213.30256946,213.63465996,211.03480698,213.16023254,2078400,yfinance
2023-04-20,211.04433052,212.75227244,209.63053133,210.90200806,2826800,yfinance
2023-04-21,210.52039032,210.82567906,207.49619465,210.13879395,2712500,yfinance
2023-04-24,210.38677201,213.40143202,210.38677201,213.15338135,2790700,yfinance
2023-04-25,212.13265505,212.96263514,208.2307762,208.57421875,2505600,yfinance
2023-04-26,207.71554525,210.25320254,206.17959632,206.24638367,3254700,yfinance
2023-04-27,200.79902818,206.14146359,194.65523182,204.47195435,7711100,yfinance
2023-04-28,203.43210647,210.41541808,203.20313995,208.7363739,4669500,yfinance
2023-05-01,209.25154759,211.75105171,206.57079466,207.27676392,2876400,yfinance
2023-05-02,207.1240988,207.1240988,200.90397995,205.25424194,2858000,yfinance
2023-05-03,205.72174072,209.0893789,204.97761761,205.72174072,2635100,yfinance
2023-05-04,206.11291489,206.95242993,199.70199603,200.70370483,3211000,yfinance
2023-05-05,203.76599821,205.75986589,202.63072952,205.19700623,2716600,yfinance
2023-05-08,206.48494539,208.07813277,203.80419236,204.91082764,2414100,yfinance
2023-05-09,203.90912514,205.48322827,202.20144727,203.67062378,4111900,yfinance
2023-05-10,205.52135743,206.05561264,200.52237891,203.36531067,2446100,yfinance
2023-05-11,199.38711141,200.60823705,198.83378657,200.36973572,3263300,yfinance
2023-05-12,201.97250263,202.77386373,198.3663486,199.90229797,2172600,yfinance
2023-05-15,200.63688658,203.49890297,199.53023675,201.57180786,1925600,yfinance
2023-05-16,200.3888277,200.59871004,197.52681164,197.66990662,2771500,yfinance
2023-05-17,199.65422629,204.00448809,199.0531983,202.3445282,2897400,yfinance
2023-05-18,201.29515367,205.74082264,200.56056539,204.84405518,2643600,yfinance
2023-05-19,209.366044,209.77625936,203.15545916,204.90129089,4402100,yfinance
2023-05-22,204.39566233,207.17182161,202.14420894,204.40519714,2540600,yfinance
2023-05-23,203.39395175,205.35920058,201.62905047,202.92649841,2298300,yfinance
2023-05-24,202.06788364,202.70706552,199.59701312,200.05493164,2964000,yfinance
2023-05-25,200.04541208,202.04881486,199.00554959,200.32206726,2243600,yfinance
2023-05-26,202.00114212,203.47030428,200.54151478,202.05838013,1973900,yfinance
2023-05-30,201.46682258,203.09817797,198.67159417,200.24569702,2885900,yfinance
2023-05-31,199.51114866,201.0852517,196.14351085,196.28660583,5937000,yfinance
2023-06-01,198.12783696,200.88492657,196.56326867,199.45391846,2989100,yfinance
2023-06-02,205.06343323,217.30332279,204.16666593,216.20622253,8358200,yfinance
2023-06-05,216.54965663,216.54965663,210.59665864,212.23754883,3438400,yfinance
2023-06-06,211.65565325,217.77083178,211.26450752,216.25395203,3230100,yfinance
2023-06-07,217.33198069,225.48873025,215.8723535,224.71598816,5586400,yfinance
2023-06-08,223.75240667,225.41238121,221.08120336,223.66654968,3546800,yfinance
2023-06-09,224.8590763,224.96401748,220.78546905,224.21989441,2488500,yfinance
2023-06-12,224.41067791,227.90234104,222.58853872,226.95787048,3644200,yfinance
2023-06-13,229.03763782,235.33406527,228.6560269,234.15110779,4335100,yfinance
2023-06-14,235.44855127,236.89864365,230.45910677,232.12861633,3122400,yfinance
2023-06-15,232.77730553,236.95585362,232.28121867,236.27850342,2743900,yfinance
2023-06-16,237.92893924,239.35041251,233.70270233,233.98890686,5261200,yfinance
2023-06-20,231.18411399,232.03317815,229.48598566,230.05838013,2979800,yfinance
2023-06-21,227.8546562,233.97936939,227.08191412,230.37322998,2892500,yfinance
2023-06-22,229.18072013,229.8962242,225.09757806,226.42364502,2421600,yfinance
2023-06-23,223.6570282,225.01171412,220.64236764,223.6570282,3354000,yfinance
2023-06-26,224.63010083,228.59875193,224.31527732,226.05155945,1748300,yfinance
2023-06-27,226.55720405,229.76266286,224.4965634,229.61956787,2283000,yfinance
2023-06-28,228.28391912,230.91698304,226.91969855,230.74525452,2200100,yfinance
2023-06-29,230.81208638,235.50579156,230.26829627,233.00630188,2070000,yfinance
2023-06-30,235.2291344,235.5725624,232.67239219,234.73304749,2377900,yfinance
2023-07-03,234.63763046,236.96540602,233.98891376,235.9541626,1045700,yfinance
2023-07-05,233.73130147,236.11631475,232.89177214,233.56912231,1820600,yfinance
2023-07-06,231.58480786,232.65328924,227.8546433,229.51461792,3079700,yfinance
2023-07-07,229.1425529,236.40253437,229.06623072,233.9030304,2903900,yfinance
2023-07-10,233.2638776,237.89081006,232.86319704,237.36610413,2771900,yfinance
2023-07-11,238.34869518,242.76574464,238.34869518,241.22026062,3293300,yfinance
2023-07-12,243.73884538,245.78996573,239.87512059,241.93577576,2986200,yfinance
2023-07-13,242.85161743,244.66422191,241.11533514,244.09182739,1949400,yfinance
2023-07-14,244.68329847,244.68329847,241.27749244,243.86283875,1936800,yfinance
2023-07-17,242.57496006,246.94430659,240.41889852,245.6182251,2674500,yfinance
2023-07-18,245.78038652,252.01003988,245.11257118,251.6761322,3832400,yfinance
2023-07-19,249.40399442,252.06926221,248.98215095,251.90626526,2771900,yfinance
2023-07-20,253.26769333,254.44691239,249.69162023,250.31478882,2102300,yfinance
2023-07-21,250.94753711,250.95713377,246.88253193,247.01673889,2249900,yfinance
2023-07-24,247.63989307,251.60904844,247.44816467,248.66574097,2195300,yfinance
2023-07-25,249.36561831,252.98961566,248.73285315,251.24472046,2016600,yfinance
2023-07-26,249.77790357,251.70496006,246.63327062,247.65911865,2622800,yfinance
2023-07-27,248.28228501,250.32438439,246.22102156,247.6399231,2284400,yfinance
2023-07-28,249.20262668,252.12677009,248.30141834,249.68199158,2101200,yfinance
2023-07-31,251.90624054,254.26470752,250.86122863,254.22637939,3568700,yfinance
2023-08-01,261.4935381,276.86197475,259.33639617,276.73733521,11823200,yfinance
2023-08-02,275.87456023,281.75157987,274.2830649,275.70199585,6288300,yfinance
2023-08-03,273.75573535,276.05668119,269.45101834,269.83453369,4743500,yfinance
2023-08-04,271.51233489,271.79994218,263.9958663,265.03131104,3888200,yfinance
2023-08-07,265.68320025,270.32344902,264.50398131,270.02624512,2438200,yfinance
2023-08-08,266.5269151,272.23136977,263.43980362,271.21511841,2519500,yfinance
2023-08-09,272.91199305,275.27045987,272.16418508,272.78735352,3088600,yfinance
2023-08-10,272.7490526,275.78823918,269.58525572,272.10671997,2647100,yfinance
2023-08-11,272.22180137,274.23514024,270.94667407,273.44897461,1874100,yfinance
2023-08-14,272.33682668,273.81327899,269.66196193,272.79702759,2194000,yfinance
2023-08-15,270.86036582,270.97543799,265.616112,265.9229126,2593600,yfinance
2023-08-16,265.56813587,270.08374472,262.76863218,263.1809082,2831300,yfinance
2023-08-17,265.5873169,268.0129021,263.32472863,263.81369019,2534700,yfinance
2023-08-18,261.7428077,264.3121963,259.92119784,262.50018311,2533000,yfinance
2023-08-21,263.41098971,264.83948762,257.70653619,261.49353027,2207400,yfinance
2023-08-22,262.63437573,262.81653669,258.54061108,259.04873657,1668800,yfinance
2023-08-23,259.14462034,262.46184609,258.00372968,261.76196289,1677800,yfinance
2023-08-24,260.39100909,263.35348054,258.09006352,258.18591309,1433600,yfinance
2023-08-25,260.31431415,262.32765265,257.73532855,261.31140137,1291700,yfinance
2023-08-28,262.21263207,265.56818678,261.7716245,263.44940186,1550700,yfinance
2023-08-29,263.65070412,268.56899285,262.14549126,268.47311401,2065800,yfinance
2023-08-30,268.47309487,272.09709221,268.26217315,270.67816162,1431000,yfinance
2023-08-31,271.93413109,273.05582856,269.24967013,269.52770996,2579000,yfinance
2023-09-01,273.04626184,275.22259742,271.94372831,274.43643188,2336600,yfinance
2023-09-05,274.5227203,277.46602816,269.76742812,270.0071106,2515600,yfinance
2023-09-06,268.84700884,272.72985262,267.52395711,271.22463989,1688900,yfinance
2023-09-07,269.33594274,271.78072117,266.19131032,269.81530762,1593200,yfinance
2023-09-08,269.94958949,271.69448496,267.6006895,270.63027954,1240100,yfinance
2023-09-11,272.81618096,273.23802446,268.39645012,270.40975952,1515300,yfinance
2023-09-12,268.69363742,272.9599677,268.27179394,270.17965698,1587300,yfinance
2023-09-13,268.64567523,271.07126051,261.76200213,264.53274536,2119300,yfinance
2023-09-14,267.48563613,271.49312,266.3639093,270.89871216,2660500,yfinance
2023-09-15,270.23720216,270.23720216,265.88456006,267.62945557,4940900,yfinance
2023-09-18,267.54313384,271.08084912,267.34180878,269.34555054,1363200,yfinance
2023-09-19,268.52104422,271.79991318,266.1913377,268.12799072,2313500,yfinance
2023-09-20,269.88240666,274.77193391,266.60353826,267.11166382,2380300,yfinance
2023-09-21,264.8107675,264.8107675,260.39103687,260.80328369,2277600,yfinance
2023-09-22,260.78408644,263.74655783,260.40057114,261.79074097,1707800,yfinance
2023-09-25,259.57608738,263.487692,258.92415815,262.95080566,1257400,yfinance
2023-09-26,259.95958487,262.13592029,258.04212523,258.39685059,1756400,yfinance
2023-09-27,259.81571975,262.91242687,258.09001818,261.45513916,1991600,yfinance
2023-09-28,262.20303135,266.76659504,260.9854549,264.83953857,1994700,yfinance
2023-09-29,267.56231039,268.01291459,260.16091487,261.73324585,2257800,yfinance
2023-10-02,261.38817857,265.38606655,259.08720301,260.50613403,1778200,yfinance
2023-10-03,260.01711336,262.28929842,256.49859121,257.86956787,2187900,yfinance
2023-10-04,256.46022691,256.76702748,251.93502099,254.09216309,2970100,yfinance
2023-10-05,253.00878079,254.96459771,249.68198731,250.03671265,2639300,yfinance
2023-10-06,250.77499244,257.34229825,247.61116615,255.06051636,2293400,yfinance
2023-10-09,255.06052442,260.40062802,253.72787575,260.10342407,1640800,yfinance
2023-10-10,261.39768394,263.74658375,260.61151846,261.93457031,2009000,yfinance
2023-10-11,262.24137406,263.08506101,258.76118003,261.57025146,1538200,yfinance
2023-10-12,262.50023492,262.50023492,255.20431442,258.4831543,1910500,yfinance
2023-10-13,259.3267987,262.63442802,255.11799035,256.88204956,1918300,yfinance
2023-10-16,260.8895693,262.66322542,258.45438722,259.61447144,1678600,yfinance
2023-10-17,257.49566731,264.18761264,257.49566731,261.39770508,2110100,yfinance
2023-10-18,257.41893779,257.89830266,248.07132273,248.52192688,4257100,yfinance
2023-10-19,247.26602944,249.2697714,241.36983184,242.45320129,3850000,yfinance
2023-10-20,242.18336725,244.28420553,239.14776924,240.1499939,3103500,yfinance
2023-10-23,238.6370117,242.47246891,237.60586303,238.33827209,3193200,yfinance
2023-10-24,241.16184983,242.57846607,238.27079868,240.48727417,2304600,yfinance
2023-10-25,240.79564668,241.66297085,235.6206698,236.04469299,2542400,yfinance
2023-10-26,236.61328013,237.76969774,231.67922382,233.62585449,3859200,yfinance
2023-10-27,234.22333815,235.06173831,229.22181714,229.89639282,3229900,yfinance
2023-10-30,232.18998145,234.75338393,230.49388852,233.36567688,4478300,yfinance
2023-10-31,219.3825833,222.16762854,215.63385439,217.84069824,12093300,yfinance
2023-11-01,216.9348562,224.20102543,215.78807015,223.41081238,4932800,yfinance
2023-11-02,227.23662806,230.88898295,224.42267331,230.43605042,7749900,yfinance
2023-11-03,232.73926082,235.37012809,229.53019212,232.00686646,3929500,yfinance
2023-11-06,232.73926617,234.09806384,227.77630055,229.62657166,2891500,yfinance
2023-11-07,226.06094662,228.52797478,225.08763128,226.38859558,4074000,yfinance
2023-11-08,227.42934548,229.15433277,225.93563285,226.29220581,2532500,yfinance
2023-11-09,228.8170732,230.59024778,225.32854271,225.64654541,2708800,yfinance
2023-11-10,226.79332417,231.42864053,226.09947072,230.97570801,2525200,yfinance
2023-11-13,230.20477671,234.47388862,230.20477671,232.89344788,3035700,yfinance
2023-11-14,237.78893789,240.48725502,235.80375195,238.85862732,3441800,yfinance
2023-11-15,240.45838335,243.7445339,239.57179603,241.97135925,3739900,yfinance
2023-11-16,241.40275192,243.73486456,237.6443916,239.19592285,2625000,yfinance
2023-11-17,241.00768246,245.02624222,240.92095445,243.87947083,2792500,yfinance
2023-11-20,243.43615949,243.71562131,239.62961151,241.354599,2661400,yfinance
2023-11-21,240.38128055,240.77639442,239.30195944,240.35237122,1765500,yfinance
2023-11-22,233.05726167,238.63699851,233.02835234,237.07582092,3593700,yfinance
2023-11-24,237.78896811,239.86088232,237.74078098,238.3768158,982200,yfinance
2023-11-27,237.99135423,239.20559051,237.3745972,238.4057312,1743300,yfinance
2023-11-28,238.74300813,239.83196073,237.07582473,238.51171875,2149900,yfinance
2023-11-29,240.61255807,242.44356606,239.292316,240.39091492,2224700,yfinance
2023-11-30,241.9231783,242.36647933,238.83939304,241.61480713,3210500,yfinance
2023-12-01,242.76158313,248.09075323,241.89425891,247.43545532,3731500,yfinance
2023-12-04,244.36131899,246.25013108,243.25307374,245.49845886,3028700,yfinance
2023-12-05,244.56368759,247.85949931,244.56368759,245.92248535,2682200,yfinance
2023-12-06,247.47399319,251.53112325,246.28868091,246.67414856,3632600,yfinance
2023-12-07,247.86912585,249.96033283,246.51997428,248.06187439,2162500,yfinance
2023-12-08,248.03289267,252.13819426,247.66668819,250.07589722,3258200,yfinance
2023-12-11,250.40357158,252.7164066,250.07592265,251.44436646,2898300,yfinance
2023-12-12,250.54811466,252.9573239,249.70971455,251.93582153,2375700,yfinance
2023-12-13,251.90693283,258.48890948,249.86392793,258.23834229,3708300,yfinance
2023-12-14,262.55569081,275.09319838,260.72466787,274.81375122,6464100,yfinance
2023-12-15,269.9278152,276.43268029,269.81217786,275.36297607,7321200,yfinance
2023-12-18,276.32673027,278.38902807,274.23555254,275.33413696,2691700,yfinance
2023-12-19,276.38450498,282.38826571,275.76776264,282.32080078,3659600,yfinance
2023-12-20,281.32819137,287.43794284,279.00570999,279.18881226,3818400,yfinance
2023-12-21,279.37186642,280.17174026,276.19172234,279.53570557,3209300,yfinance
2023-12-22,279.76707415,282.19554702,278.41792256,279.81524658,2833800,yfinance
2023-12-26,281.00050869,286.30076871,280.43193888,284.89379883,2019000,yfinance
2023-12-27,284.89377233,288.28592784,284.02646302,287.29333496,1876500,yfinance
2023-12-28,286.31043078,288.33417241,285.28892842,286.09841919,2267400,yfinance
2023-12-29,286.0695434,287.40904859,282.55210339,284.93240356,2300600,yfinance
2024-01-02,282.77374858,285.86719495,280.76929908,282.07989502,2433100,yfinance
2024-01-03,277.91677321,278.43714127,273.0308895,273.97528076,3043400,yfinance
2024-01-04,274.08127217,277.75290455,273.48379301,275.7098999,2995400,yfinance
2024-01-05,275.85446844,280.43196617,275.10279631,278.43713379,2684800,yfinance
2024-01-08,277.11688718,282.0509431,274.8811339,281.63656616,2369100,yfinance
2024-01-09,278.72620997,281.74251484,277.54086859,281.67507935,1974500,yfinance
2024-01-10,281.54019253,283.85302757,280.87524841,282.69662476,2048000,yfinance
2024-01-11,283.90122554,284.86490925,278.89970476,281.45346069,1941400,yfinance
2024-01-12,284.54689226,285.08655281,278.43714077,279.86340332,1955600,yfinance
2024-01-16,278.38893074,279.67061703,275.22804963,276.79885864,3140100,yfinance
2024-01-17,268.70391905,271.77807247,266.88257211,268.51119995,3789200,yfinance
2024-01-18,269.85077553,272.26963171,267.57649547,271.6625061,2479300,yfinance
2024-01-19,273.32761834,276.96783563,270.0649635,276.19332886,3116000,yfinance
2024-01-22,276.98725443,281.33423116,276.98725443,279.47540283,2072200,yfinance
2024-01-23,281.24710031,283.55129815,278.36200755,279.63027954,1866300,yfinance
2024-01-24,281.57632455,283.28993687,279.15595314,281.42141724,2765900,yfinance
2024-01-25,284.63564799,293.64910781,283.79336355,291.19000244,4647100,yfinance
2024-01-26,291.41263909,293.32958336,289.1471756,289.89263916,2920500,yfinance
2024-01-29,289.49572503,294.02668202,287.97575449,293.59100342,2101400,yfinance
2024-01-30,290.93825667,295.991992,290.93825667,295.05288696,2150200,yfinance
2024-01-31,295.83709869,296.0113583,290.37672781,290.74462891,2813000,yfinance
2024-02-01,293.58131515,298.25748853,292.32273403,297.8895874,3196300,yfinance
2024-02-02,297.2216063,307.26130208,296.25345774,305.05392456,4661500,yfinance
2024-02-05,324.20379991,324.20379991,305.84771736,311.1628418,6557500,yfinance
2024-02-06,312.89588787,317.00082768,308.90712114,312.44085693,2825700,yfinance
2024-02-07,312.65385153,317.37842052,310.87246199,313.28314209,3203000,yfinance
2024-02-08,314.32874356,316.03266459,311.18226136,311.74377441,1986100,yfinance
2024-02-09,311.74378763,312.06326361,305.51860046,307.05795288,2823000,yfinance
2024-02-12,307.10633037,312.7990474,306.42864425,311.38555908,2483600,yfinance
2024-02-13,305.73159898,305.93490188,300.89085687,302.87554932,2923200,yfinance
2024-02-14,305.94462821,307.72601797,303.96959692,306.62231445,1887100,yfinance
2024-02-15,305.88651194,312.91524954,305.41209912,312.77972412,2362900,yfinance
2024-02-16,313.4090543,317.84316172,311.20167676,311.65670776,2513200,yfinance
2024-02-20,307.15478868,308.83935754,302.77873875,303.74688721,2701600,yfinance
2024-02-21,302.93366545,307.69696916,302.93366545,307.03863525,1779700,yfinance
2024-02-22,310.77568476,313.0701921,310.13670317,311.83096313,1875800,yfinance
2024-02-23,312.71195894,314.72569477,311.79220606,313.56393433,1575000,yfinance
2024-02-26,313.34123636,316.81688571,311.98583446,315.0161438,1650000,yfinance
2024-02-27,316.56513701,317.50424203,313.45735974,317.19442749,1640900,yfinance
2024-02-28,316.96218341,321.11551962,316.57490033,319.06304932,1471000,yfinance
2024-02-29,320.45716459,324.22327657,319.58583682,323.32287598,2699800,yfinance
2024-03-01,323.36160365,327.01151291,322.97435015,325.97561646,1815500,yfinance
2024-03-04,324.91056294,329.42213739,324.12636521,327.86340332,1551000,yfinance
2024-03-05,324.73636995,328.1926375,321.17356116,322.90655518,2030000,yfinance
2024-03-06,325.53994463,326.9728151,323.51651774,324.93969727,1542300,yfinance
2024-03-07,327.72792786,331.43592327,327.65045944,329.38345337,1732500,yfinance
2024-03-08,331.17453313,333.52712667,327.33098277,328.38626099,2307400,yfinance
2024-03-11,326.26599918,327.43745043,320.97022644,324.30065918,1868000,yfinance
2024-03-12,324.60081983,327.61177695,322.14171443,326.49838257,1645900,yfinance
2024-03-13,327.36971206,332.17171982,326.64360076,330.64202881,1818800,yfinance
2024-03-14,333.57550222,335.79257021,328.14420416,331.02929688,2110200,yfinance
2024-03-15,332.04589353,336.22830216,330.28385617,335.91848755,4406000,yfinance
2024-03-18,336.99304219,342.08551163,336.78004839,340.69137573,2528200,yfinance
2024-03-19,340.40098654,342.72453681,338.48404206,342.62771606,2207600,yfinance
2024-03-20,339.93624925,346.77137434,337.05118603,345.09649658,2563900,yfinance
2024-03-21,346.27768393,353.56784089,345.35793104,352.94821167,2616300,yfinance
2024-03-22,352.98694763,353.8776277,346.46160667,346.7036438,2052000,yfinance
2024-03-25,345.59026713,347.43943424,343.72174769,344.61245728,1774800,yfinance
2024-03-26,345.10616956,348.13647878,344.66082957,345.03842163,1637200,yfinance
2024-03-27,347.29419591,353.19021613,346.48095479,353.03530884,2262800,yfinance
2024-03-28,353.00632048,355.52351262,351.9510421,354.75866699,2028600,yfinance
2024-04-01,355.77516123,356.21081025,351.08932682,352.15426636,1953800,yfinance
2024-04-02,350.7698409,353.3644715,349.96629074,353.20956421,1968900,yfinance
2024-04-03,353.84854936,364.09157598,352.98691264,363.82049561,2623700,yfinance
2024-04-04,365.35021067,368.89363788,357.130639,358.01165771,2492200,yfinance
2024-04-05,360.63529144,368.86455312,359.94791432,367.21868896,2068300,yfinance
2024-04-08,367.03471276,369.84236665,361.01285829,361.57437134,2690000,yfinance
2024-04-09,363.08466075,365.14682139,353.86789945,360.05435181,2042700,yfinance
2024-04-10,354.53599761,360.75149452,352.78365116,360.21902466,2148500,yfinance
2024-04-11,360.76115703,361.47757742,355.21365585,360.13186646,2535700,yfinance
2024-04-12,356.89829799,360.9645042,351.12811132,353.98416138,2072900,yfinance
2024-04-15,361.09030007,362.5328317,350.57619337,352.31887817,2171000,yfinance
2024-04-16,351.4572376,351.88322528,345.80325423,348.41726685,2513900,yfinance
2024-04-17,351.09899071,351.35071874,341.64019204,346.90692139,2313800,yfinance
2024-04-18,349.6468586,351.90266137,344.82549751,346.52941895,2380700,yfinance
2024-04-19,348.14233686,350.72700255,342.16652622,344.61514282,2929600,yfinance
2024-04-22,346.01438495,351.74727662,343.23537171,347.4815979,2085400,yfinance
2024-04-23,349.80396163,355.1676117,348.87115937,352.96191406,1810700,yfinance
2024-04-24,353.64205653,357.74253698,348.73506711,353.22421265,3032700,yfinance
2024-04-25,321.08112227,332.25541376,320.96452571,328.42700195,6459600,yfinance
2024-04-26,328.85454323,335.71458417,328.74764329,333.65463257,3324600,yfinance
2024-04-29,334.23768101,341.01027526,334.23768101,339.89282227,2171400,yfinance
2024-04-30,337.19154541,337.9203036,323.68523288,325.09417725,4201700,yfinance
2024-05-01,323.93790187,328.91288673,321.37265862,321.69332886,3520600,yfinance
2024-05-02,324.07384991,326.63909259,319.9247979,325.93948364,2492000,yfinance
2024-05-03,328.51447729,331.93477178,325.49257418,327.21243286,1977100,yfinance
2024-05-06,331.21571464,332.84812577,330.07886853,332.41088867,1653900,yfinance
2024-05-07,334.71374137,338.66847582,333.67403936,335.22872925,1965600,yfinance
2024-05-08,330.3703709,336.46277853,329.14604768,334.74291992,2260300,yfinance
2024-05-09,336.12269548,342.88556261,335.64655334,341.81671143,3208900,yfinance
2024-05-10,344.94556011,347.38448046,343.50746654,344.74151611,2210600,yfinance
2024-05-13,344.75118335,348.39497417,344.33336912,346.57794189,2051200,yfinance
2024-05-14,347.58852853,350.39666151,346.91806858,348.03549194,1563400,yfinance
2024-05-15,351.23226514,353.02014817,347.9771396,349.84277344,1913900,yfinance
2024-05-16,346.64595746,348.60873539,339.70816569,340.78674316,2821700,yfinance
2024-05-17,342.97304123,346.31561453,341.60297227,346.17956543,2104300,yfinance
2024-05-20,346.30585513,354.10842427,344.72201606,352.47601318,2247900,yfinance
2024-05-21,351.99992234,352.95214737,347.37472767,348.90026855,1841100,yfinance
2024-05-22,348.34634797,349.02653401,342.57458184,345.8588562,2104200,yfinance
2024-05-23,350.19261994,351.1059993,338.91145663,340.7673645,2749200,yfinance
2024-05-24,342.65240495,343.88642484,336.86118508,339.01831055,2635200,yfinance
2024-05-28,338.14376988,339.33894388,334.64572495,336.65710449,2264900,yfinance
2024-05-29,335.22880919,335.5300269,328.15499666,328.53393555,3040000,yfinance
2024-05-30,328.88369428,334.7914806,328.88369428,329.64160156,2745800,yfinance
2024-05-31,329.72909481,331.23521298,325.5703156,328.93231201,8319400,yfinance
2024-06-03,331.21573037,331.7307183,316.52397017,321.97506714,3878600,yfinance
2024-06-04,319.40011641,320.97422928,315.30936226,318.29241943,3706600,yfinance
2024-06-05,320.14832028,321.88760169,317.44705796,320.11917114,2616300,yfinance
2024-06-06,320.86733479,321.65439117,317.82597957,318.99200439,2452100,yfinance
2024-06-07,316.96123962,323.45203876,314.55146854,319.62362671,2499100,yfinance
2024-06-10,319.40012381,322.50950388,319.13778154,320.27462769,2640500,yfinance
2024-06-11,318.47706171,319.33214274,314.56120214,318.03979492,3247000,yfinance
2024-06-12,323.71435361,325.67716114,316.76686541,319.41955566,4817300,yfinance
2024-06-13,318.22439533,318.60336381,312.34575806,317.1166687,3183900,yfinance
2024-06-14,312.2874827,313.54092547,306.90438041,312.36520386,4195300,yfinance
2024-06-17,312.36517636,314.66804736,309.84853512,313.26882935,3198900,yfinance
2024-06-18,313.9004421,316.37823781,311.90851485,315.93127441,3275300,yfinance
2024-06-20,315.85349291,321.72243344,315.38707702,319.80822754,4463300,yfinance
2024-06-21,321.16856339,321.18798626,316.94176032,318.55474854,8265100,yfinance
2024-06-24,320.0317071,324.21966467,316.83490927,320.65359497,2447300,yfinance
2024-06-25,318.71996652,320.13860745,315.18304596,318.12722778,2990400,yfinance
2024-06-26,317.00984137,318.42848247,314.60979632,317.47625732,2198600,yfinance
2024-06-27,316.7960246,319.90540457,315.47455739,318.18551636,1995100,yfinance
2024-06-28,319.20577545,324.72489637,319.02115436,323.66577148,8891500,yfinance
2024-07-01,325.61885815,325.79378265,316.15472805,319.75964355,2950200,yfinance
2024-07-02,318.71021337,320.74101574,316.35874082,318.47702026,2119800,yfinance
2024-07-03,318.9628888,322.02366722,318.9628888,321.24630737,1352200,yfinance
2024-07-05,322.17912632,323.99615856,317.37903695,319.05032349,2280900,yfinance
2024-07-08,321.00337278,323.82126132,317.87459962,319.74020386,1913400,yfinance
2024-07-09,319.23493568,320.77017309,316.60166829,316.82516479,1896100,yfinance
2024-07-10,316.86406885,319.17666626,312.53039509,319.17666626,2904400,yfinance
2024-07-11,320.65361697,324.95814174,319.97343077,321.75161743,3016400,yfinance
2024-07-12,325.46334698,328.65044757,323.9863784,326.08520508,2451300,yfinance
2024-07-15,329.49582627,338.04657589,328.2715032,335.97689819,3394300,yfinance
2024-07-16,337.00695515,352.0193871,335.48144374,350.36752319,4637000,yfinance
2024-07-17,348.80307446,352.41771595,346.11153845,347.66619873,3061000,yfinance
2024-07-18,346.40307028,358.77253701,345.67431207,345.94638062,3876300,yfinance
2024-07-19,345.28562311,346.39332009,336.87089197,337.78427124,3462700,yfinance
2024-07-22,339.52091077,340.2331349,333.06221316,339.39407349,2659600,yfinance
2024-07-23,337.30625928,340.16486234,333.06224158,335.78427124,2027800,yfinance
2024-07-24,334.59390317,336.41833513,327.27664355,327.8522644,2835800,yfinance
2024-07-25,327.33523302,339.7160407,325.81324515,335.91104126,3291300,yfinance
2024-07-26,340.14529593,344.34051323,338.42816933,341.94046021,1894900,yfinance
2024-07-29,341.64776736,342.81854096,334.76955433,336.13543701,2190300,yfinance
2024-07-30,335.28662408,337.29642918,330.36941686,333.39389038,1970800,yfinance
2024-07-31,336.93550544,342.43807058,332.54514856,337.76480103,2568100,yfinance
2024-08-01,337.86232525,341.30631497,320.08625769,323.44244385,3747900,yfinance
2024-08-02,314.88613915,315.52029583,309.92016147,313.05194092,4246700,yfinance
2024-08-05,301.47111609,312.76895259,299.56861656,309.08105469,4681300,yfinance
2024-08-06,306.39807737,324.07660382,302.93458596,318.48620605,5071700,yfinance
2024-08-07,325.38395116,327.0132445,316.54470281,317.86178589,3011700,yfinance
2024-08-08,321.9594471,328.232771,319.6276659,327.96936035,2268300,yfinance
2024-08-09,327.81327494,330.25236181,324.37905135,330.01821899,1668100,yfinance
2024-08-12,330.01823613,331.56949189,325.4717744,327.84255981,2127600,yfinance
2024-08-13,328.96455077,331.24753274,325.59862841,330.54507446,1503800,yfinance
2024-08-14,331.32559855,333.46224124,326.44742434,329.36456299,1610900,yfinance
2024-08-15,336.10617638,339.16968384,332.48657974,337.21841431,3232600,yfinance
2024-08-16,336.83788568,337.41350659,332.45729533,335.11102295,2483800,yfinance
2024-08-19,335.306166,337.66721535,334.93542,336.25253296,2252600,yfinance
2024-08-20,336.59395459,337.73546023,333.49144354,334.93536377,1479500,yfinance
2024-08-21,336.18419141,337.17935786,333.52072774,334.61343384,1433200,yfinance
2024-08-22,334.64276168,336.7306346,333.44272006,334.01834106,2021400,yfinance
2024-08-23,336.56474281,341.02340106,334.71104262,339.92092896,2183900,yfinance
2024-08-26,341.28676905,345.77469458,340.43797163,342.60388184,1718100,yfinance
2024-08-27,341.81362186,343.15023663,338.64280909,342.56484985,1210800,yfinance
2024-08-28,342.04778552,345.79421941,337.41352043,339.71603394,1514500,yfinance
2024-08-29,342.66248587,347.77480315,339.02335703,343.07226562,1664500,yfinance
2024-08-30,343.99897519,347.56003527,341.30621436,347.42346191,2974100,yfinance
2024-09-03,343.62833168,344.0381114,330.15481719,331.94998169,3107200,yfinance
2024-09-04,330.34017786,332.545122,327.12059498,328.54501343,2782500,yfinance
2024-09-05,327.83282326,328.29137284,322.50586512,325.43276978,2525500,yfinance
2024-09-06,326.05718193,330.36947133,320.12530531,321.33508301,2676600,yfinance
2024-09-09,325.77422472,328.16451215,324.85712561,325.90106201,2355800,yfinance
2024-09-10,326.94496263,327.5693832,321.36436018,326.01812744,1869200,yfinance
2024-09-11,324.88640729,327.30599245,318.16426883,326.837677,1934700,yfinance
2024-09-12,327.11081282,332.73047842,325.54979129,331.30603027,1747000,yfinance
2024-09-13,334.07685448,338.75988923,332.05728346,336.89642334,2518600,yfinance
2024-09-16,339.86238442,342.89659432,335.90130956,339.48187256,1648200,yfinance
2024-09-17,341.47217093,345.94056509,340.73067897,345.07226562,2088400,yfinance
2024-09-18,346.35033582,352.81879897,343.73564184,346.46740723,1990700,yfinance
2024-09-19,354.15541108,365.56058359,352.46755226,364.21420288,4066600,yfinance
2024-09-20,361.37513863,362.39957307,356.92624614,359.83364868,5440500,yfinance
2024-09-23,359.99943651,363.88247331,358.03843102,362.12634277,2442700,yfinance
2024-09-24,370.74116605,379.94139363,370.25334873,376.52667236,4024300,yfinance
2024-09-25,377.57064805,379.17070333,368.71189763,369.03384399,2661500,yfinance
2024-09-26,380.50733839,387.54165697,376.79017218,381.43417358,3906800,yfinance
2024-09-27,381.47317082,385.92206271,379.65850455,381.5512085,2683700,yfinance
2024-09-30,379.89270639,383.19035697,377.39508353,381.59030151,2251300,yfinance
2024-10-01,381.73664017,385.85382046,377.20970991,382.82937622,2091400,yfinance
2024-10-02,382.42931128,386.01963993,379.17069486,384.44885254,1767900,yfinance
2024-10-03,382.78054812,384.40010544,379.24875496,381.56100464,1866100,yfinance
2024-10-04,387.05381483,387.77577501,382.30247842,387.41479492,1675100,yfinance
2024-10-07,386.79043905,391.39543662,386.48799463,388.54656982,2224500,yfinance
2024-10-08,384.6537802,385.37574041,375.47305329,378.50726318,2438800,yfinance
2024-10-09,378.712163,386.93675699,378.0584746,386.53674316,1757900,yfinance
2024-10-10,385.55135132,387.28798007,380.98538762,386.97579956,1331700,yfinance
2024-10-11,386.97581059,393.76622062,386.97581059,392.22470093,2110400,yfinance
2024-10-14,383.80496529,386.63430008,377.44380772,384.35131836,3006100,yfinance
2024-10-15,381.11221966,382.90738408,378.14628158,378.53652954,2715100,yfinance
2024-10-16,377.96087834,384.98546012,377.50232884,384.02932739,1551600,yfinance
2024-10-17,385.52209639,387.44409819,383.58059261,384.87817383,1561500,yfinance
2024-10-18,386.59527012,386.79040898,380.22437638,384.26348877,3024100,yfinance
2024-10-21,384.10680506,384.94885104,381.1204104,382.33456421,2375900,yfinance
2024-10-22,381.60024691,383.12770293,377.68368687,380.35671997,1523900,yfinance
2024-10-23,378.87826792,381.89400623,374.70712159,377.68371582,1500900,yfinance
2024-10-24,378.87824034,380.25880146,374.24689731,378.9859314,1844100,yfinance
2024-10-25,381.48275556,383.85228772,376.29332504,377.91870117,1606800,yfinance
2024-10-28,380.2882213,383.40187951,379.28947932,382.46188354,3213900,yfinance
2024-10-29,381.37502319,381.47294317,377.50740831,379.42654419,2186400,yfinance
2024-10-30,366.19835654,380.16090237,359.54021655,371.32904053,4037500,yfinance
2024-10-31,369.47848305,371.00593905,364.97443309,368.35247803,2394500,yfinance
2024-11-01,370.18351182,375.27502251,369.07707871,371.71096802,1633300,yfinance
2024-11-04,370.21289066,373.53216018,367.47128036,368.66583252,1793600,yfinance
2024-11-05,369.26313034,378.01664569,367.81399215,375.37295532,1724100,yfinance
2024-11-06,396.71820725,409.57429165,395.58240114,408.18392944,4720000,yfinance
2024-11-07,406.26481463,409.77012296,399.03875606,399.69476318,3211100,yfinance
2024-11-08,392.59597584,394.65217587,384.21453962,385.16430664,3345900,yfinance
2024-11-11,389.60963613,393.69263357,386.77013585,388.26821899,1858900,yfinance
2024-11-12,389.4921476,390.41254168,382.99064301,384.81185913,1737100,yfinance
2024-11-13,380.83651552,383.03958053,377.62493751,378.99572754,2001900,yfinance
2024-11-14,380.39592766,382.04087585,378.15368847,379.2796936,1372500,yfinance
2024-11-15,377.93828189,380.38613217,374.22736238,376.05834961,2165500,yfinance
2024-11-18,377.94806963,378.2417997,374.93233134,376.44018555,1626200,yfinance
2024-11-19,370.14432386,375.25543628,370.14432386,374.35461426,1793200,yfinance
2024-11-20,375.99958225,378.14390137,370.57513798,373.54193115,1859600,yfinance
2024-11-21,375.91145798,383.84246841,371.09407583,381.46316528,1833500,yfinance
2024-11-22,382.21706103,389.85437066,379.79861401,389.19833374,1893000,yfinance
2024-11-25,391.65603586,398.65688152,391.65603586,397.18817139,4398000,yfinance
2024-11-26,395.22989443,399.89061086,393.37933519,399.32269287,1796600,yfinance
2024-11-27,399.88074842,403.52315021,394.8283827,395.27880859,1371900,yfinance
2024-11-29,398.83310186,402.61259797,396.5517187,397.6385498,1962100,yfinance
2024-12-02,398.96040338,399.63601242,392.42955587,394.11367798,1548500,yfinance
2024-12-03,395.10257372,397.07065474,388.32694146,390.93145752,1716200,yfinance
2024-12-04,390.25587545,393.09537575,387.86677122,391.17626953,1193800,yfinance
2024-12-05,392.14556463,393.05615764,385.98676574,386.74072266,1291400,yfinance
2024-12-06,389.84458487,391.40141388,384.54743389,386.78967285,1331000,yfinance
2024-12-09,394.14303562,401.16345289,390.12855552,390.93145752,1739800,yfinance
2024-12-10,382.56962182,387.2205373,377.56620036,380.28823853,2251000,yfinance
2024-12-11,382.33464034,383.18648745,379.34824508,380.75820923,1651600,yfinance
2024-12-12,380.93442198,381.73732399,372.22008157,372.83694458,1804600,yfinance
2024-12-13,372.66072034,374.90295949,370.98639917,372.57260132,2034800,yfinance
2024-12-16,373.8062722,374.34481714,369.87994107,371.01574707,1311100,yfinance
2024-12-17,368.1860284,370.98638445,366.03190835,367.96081543,2138700,yfinance
2024-12-18,370.80034759,373.20902374,355.45720991,356.29928589,2820700,yfinance
2024-12-19,360.75439015,361.86082327,352.50024607,352.85272217,2616700,yfinance
2024-12-20,351.02175465,363.74077603,349.78802846,358.40447998,5142000,yfinance
2024-12-23,357.25883341,358.70797147,353.95913615,357.76800537,1804900,yfinance
2024-12-24,356.84761458,359.90252686,355.09494547,359.90252686,886000,yfinance
2024-12-26,357.43505651,359.82416058,356.27967844,359.46188354,1097900,yfinance
2024-12-27,355.80974665,359.73607826,354.20394249,357.24905396,1245800,yfinance
2024-12-30,352.91145443,357.20989376,351.25670529,355.43765259,1422200,yfinance
2024-12-31,355.91739462,358.1400317,354.25284465,355.19284058,1168100,yfinance
2025-01-02,357.88548184,361.15580596,350.62024968,352.26519775,1802600,yfinance
2025-01-03,354.04726532,356.87699456,351.99106514,356.2013855,1390800,yfinance
2025-01-06,359.34442463,363.10431911,355.01661214,356.60284424,1590700,yfinance
2025-01-07,356.53428954,358.45339577,353.55769527,355.42785645,1607400,yfinance
2025-01-08,354.88933455,355.31035761,350.23841916,353.53811646,1828800,yfinance
2025-01-10,350.36570621,352.34358843,342.50321201,343.67819214,2773900,yfinance
2025-01-13,345.59722892,355.62364234,344.46142299,354.93823242,2746000,yfinance
2025-01-14,357.86587328,364.24008431,357.56234226,363.81906128,2331700,yfinance
2025-01-15,371.23120026,372.0145004,366.52150878,367.06985474,1984500,yfinance
2025-01-16,368.46021088,373.46363236,366.9033817,372.61175537,1974700,yfinance
2025-01-17,376.67520914,378.78035439,374.03151891,377.96765137,2605900,yfinance
2025-01-21,384.24728785,395.62728384,384.05072992,391.48016357,3144500,yfinance
2025-01-22,391.7946309,393.56356218,388.28627902,390.74310303,1994800,yfinance
2025-01-23,390.50726975,402.51622707,390.40899078,399.38131714,2587400,yfinance
2025-01-24,398.72290757,402.32950856,398.28066724,400.59008789,1938200,yfinance
2025-01-27,390.3303321,392.63975242,383.18589944,388.1585083,2964400,yfinance
2025-01-28,387.23479671,390.02574529,379.80536301,383.54956055,1788900,yfinance
2025-01-29,385.17102171,392.46285816,384.36517628,386.43875122,2675800,yfinance
2025-01-30,367.04951664,374.23326783,366.71539216,368.50396729,4234600,yfinance
2025-01-31,370.94110685,371.47178923,364.86784511,365.02508545,2858000,yfinance
2025-02-03,357.8512045,362.18501605,353.47804537,355.3059082,3079300,yfinance
2025-02-04,363.27584225,363.27584225,353.20286344,355.69900513,2709800,yfinance
2025-02-05,356.60311995,356.73087961,351.03105937,352.65255737,2134200,yfinance
2025-02-06,357.61530091,361.1924511,356.25912924,359.1385498,3007000,yfinance
2025-02-07,362.87292607,363.14808917,356.31810606,357.59567261,1804800,yfinance
2025-02-10,359.02059709,359.91488464,355.30588035,356.947052,1944400,yfinance
2025-02-11,355.49259372,358.12633182,354.74573962,355.97415161,1516900,yfinance
2025-02-12,350.83450551,352.73116665,345.37053074,345.96017456,2833100,yfinance
2025-02-13,346.48100239,351.41429447,344.36813962,347.5914917,3547200,yfinance
2025-02-14,350.44140016,352.68202257,346.70700948,347.2180481,2045300,yfinance
2025-02-18,349.33087463,350.76565137,345.04615819,347.88626099,3120200,yfinance
2025-02-19,345.79307516,347.73889065,343.55245277,346.90356445,2211000,yfinance
2025-02-20,348.86906171,350.68711775,341.44946409,343.12008667,2174100,yfinance
2025-02-21,344.47621305,345.92082679,331.76952624,334.16738892,3225200,yfinance
2025-02-24,337.45954462,339.48396528,330.42319682,333.06674194,2513300,yfinance
2025-02-25,335.11079826,338.28502571,330.57059225,336.44729614,3323500,yfinance
2025-02-26,339.4839725,342.75644906,334.24600662,336.66351318,2397800,yfinance
2025-02-27,337.71503951,340.92858468,332.61467021,334.12808228,1971000,yfinance
2025-02-28,336.07387867,338.9434323,332.88981438,338.00985718,3210300,yfinance
2025-03-03,341.62629273,342.13730132,324.33024592,326.30554199,2569700,yfinance
2025-03-04,321.73586443,326.1876284,313.17626785,321.10690308,3500200,yfinance
2025-03-05,323.43599259,333.64656852,322.97410843,332.64416504,3189100,yfinance
2025-03-06,329.4797476,336.00508664,326.77724115,335.12063599,2234100,yfinance
2025-03-07,333.53840639,346.03872758,333.53840639,344.25015259,3063800,yfinance
2025-03-10,339.04168207,346.32371137,335.94609011,339.24804688,2809100,yfinance
2025-03-11,337.98039057,339.18912883,330.5607638,333.90203857,3190900,yfinance
2025-03-12,337.10574395,338.95328045,329.65666654,332.29037476,1816700,yfinance
2025-03-13,330.22664525,334.76685146,325.94195834,327.55361938,2490300,yfinance
2025-03-14,331.88746833,336.08371326,331.13077727,333.77432251,1936100,yfinance
2025-03-17,333.87256367,338.41276988,333.14535332,336.72250366,1683800,yfinance
2025-03-18,336.09351479,336.09351479,329.55836912,330.89486694,3310000,yfinance
2025-03-19,331.11106574,336.09351184,330.85557644,332.7718811,2407200,yfinance
2025-03-20,328.79189235,333.91190583,327.84845022,330.44287109,2782900,yfinance
2025-03-21,325.48987538,330.14803427,323.5244161,329.98095703,6766100,yfinance
2025-03-24,334.66851334,337.223616,333.43029459,335.76919556,2277200,yfinance
2025-03-25,337.64623187,338.85500011,334.9437254,336.70281982,1678000,yfinance
2025-03-26,337.43004434,341.27252094,332.93899255,335.21890259,1703200,yfinance
2025-03-27,335.18941259,336.09353705,330.81628368,333.44015503,1481100,yfinance
2025-03-28,331.17990644,332.40831856,322.38446369,323.99615479,1965200,yfinance
2025-03-31,320.0062518,326.2465909,316.43893847,324.10421753,2837500,yfinance
2025-04-01,321.36241642,326.47259235,318.29630486,324.8609314,1955300,yfinance
2025-04-02,320.49759756,330.5410949,320.46811687,328.88027954,1747600,yfinance
2025-04-03,314.14920435,319.09233336,299.73254701,300.47943115,4638700,yfinance
2025-04-04,280.07794229,289.20750887,276.63838861,283.10473633,7216800,yfinance
2025-04-07,271.23332642,289.26641771,262.68356827,275.22320557,7824700,yfinance
2025-04-08,284.88350326,286.74084664,263.63686373,269.20895386,4989000,yfinance
2025-04-09,266.08391785,296.64678922,264.48206356,295.81149292,6457300,yfinance
2025-04-10,291.55619199,293.11872835,274.96771259,284.16607666,4116800,yfinance
2025-04-11,283.95973575,290.3081607,279.23280868,288.38201904,3197900,yfinance
2025-04-14,293.51186327,297.25606065,290.60296206,292.97134399,2758400,yfinance
2025-04-15,291.70364067,296.51904014,287.34034844,288.36236572,3611300,yfinance
2025-04-16,287.6547424,290.62260467,282.64281597,285.12915039,3017200,yfinance
2025-04-17,287.12411802,292.55861146,286.85876183,289.16818237,2717600,yfinance
2025-04-21,285.70218281,287.35125654,278.91832807,281.16973877,2978300,yfinance
2025-04-22,283.89513811,289.55330249,283.40140743,287.51913452,2231200,yfinance
2025-04-23,297.56162991,301.5312141,291.47886376,292.0614624,2458300,yfinance
2025-04-24,293.70066597,304.3454997,293.34519429,303.01242065,2874400,yfinance
2025-04-25,301.27446509,304.12821273,300.09938367,302.60754395,2162400,yfinance
2025-04-28,302.6075629,307.52510147,300.0401572,303.2098999,2189600,yfinance
2025-04-29,301.17575276,304.79974967,299.11196187,303.5456543,2651000,yfinance
2025-04-30,311.25770462,312.08716859,298.39108357,305.3921814,5124800,yfinance
2025-05-01,307.47570901,314.89155313,307.12020727,310.02334595,2961000,yfinance
2025-05-02,314.48673944,320.59912834,314.48673944,319.621521,3765200,yfinance
2025-05-05,315.3754127,322.37651009,315.3754127,319.05862427,1829100,yfinance
2025-05-06,317.51818356,320.03622808,315.83951736,316.8664856,1724200,yfinance
2025-05-07,318.69331041,318.75255569,314.12135891,316.27404785,1555500,yfinance
2025-05-08,320.80649277,324.74645446,318.85130817,320.18438721,2553400,yfinance
2025-05-09,321.56676253,323.630553,319.25610673,321.53713989,1646200,yfinance
2025-05-12,338.80785877,346.59894351,335.47026463,338.25488281,4592000,yfinance
2025-05-13,344.55490801,350.8746551,343.70570565,348.11965942,4132500,yfinance
2025-05-14,347.30992491,348.01101407,344.40678598,345.27575684,2052200,yfinance
2025-05-15,345.05853324,346.93470398,344.13031706,345.42388916,1580400,yfinance
2025-05-16,347.13220678,349.77859624,343.87356592,349.14660645,2561700,yfinance
2025-05-19,345.31525217,348.53435574,344.16979337,348.14926147,2277700,yfinance
2025-05-20,346.44095857,348.04064124,343.13295681,345.10787964,2266000,yfinance
2025-05-21,342.29364411,344.05132424,337.36619109,338.21542358,2093400,yfinance
2025-05-22,337.71178177,343.0144444,336.31945765,340.86178589,2174100,yfinance
2025-05-23,333.39659386,340.6149342,332.02400806,339.0843811,1936600,yfinance
2025-05-27,345.56213219,348.9096107,342.27386882,347.10256958,2240100,yfinance
2025-05-28,348.07026388,348.37637451,344.48577413,345.10787964,1924400,yfinance
2025-05-29,347.78392163,348.66274662,344.36728345,347.37905884,2290300,yfinance
2025-05-30,347.41857094,348.81089529,342.66888348,343.66622925,4867100,yfinance
2025-06-02,342.12577675,342.12577675,335.24316909,340.34835815,2552700,yfinance
2025-06-03,341.66164967,346.4409593,340.5952046,345.01901245,2614300,yfinance
2025-06-04,345.90772893,347.31982169,344.94989014,344.94989014,1616300,yfinance
2025-06-05,346.59890206,347.10251695,341.5134826,344.58447266,1753300,yfinance
2025-06-06,349.13673734,352.95820817,347.84316531,348.91949463,1608000,yfinance
2025-06-09,350.76602088,355.9403087,349.49218731,353.58029175,2147100,yfinance
2025-06-10,354.93309164,355.84153915,351.62509026,354.07400513,1894300,yfinance
2025-06-11,356.41430392,359.72230549,353.26429979,358.58673096,2551700,yfinance
2025-06-12,355.33798385,357.46101979,353.38279946,356.43405151,1571800,yfinance
2025-06-13,352.75085556,355.86135302,351.24004078,352.5730896,1609600,yfinance
2025-06-16,356.4735914,360.03831285,355.68363428,357.89553833,1579800,yfinance
2025-06-17,356.19708156,357.84615537,352.55334654,353.19519043,1560100,yfinance
2025-06-18,352.65209964,359.6630817,352.48421794,355.28860474,2000500,yfinance
2025-06-20,358.39912686,359.68281462,354.63690134,355.99957275,6268300,yfinance
2025-06-23,355.40709145,362.4970565,353.24454875,361.63796997,2927400,yfinance
2025-06-24,365.25210566,369.41916376,363.30680552,368.34283447,3841800,yfinance
2025-06-25,368.32313754,369.49821913,364.87690656,366.92092896,1737700,yfinance
2025-06-26,369.31053577,377.53607536,368.36258134,377.09173584,2575100,yfinance
2025-06-27,378.21744883,382.63140243,377.95084511,379.88626099,4455000,yfinance
2025-06-30,381.46623647,384.27062342,379.98504427,383.34240723,2791400,yfinance
2025-07-01,381.74270778,388.95119425,379.43205167,386.01843262,2393600,yfinance
2025-07-02,387.77607006,393.64159267,384.53719815,393.4342041,2713700,yfinance
2025-07-03,393.91810519,397.37422,392.60476469,392.87136841,1737800,yfinance
2025-07-07,393.06887315,393.06887315,383.22388202,386.60101318,3012900,yfinance
2025-07-08,387.50946703,390.98535042,386.61087355,389.34616089,2003600,yfinance
2025-07-09,394.7080605,398.69741287,391.90367382,397.13720703,3101000,yfinance
2025-07-10,399.5861167,406.83407945,398.38141264,403.21008301,3382800,yfinance
2025-07-11,400.36624471,401.77830731,396.66326439,400.83035278,2072600,yfinance
2025-07-14,398.93439416,401.68941983,397.18659838,400.68218994,2497500,yfinance
2025-07-15,401.16602766,403.62479659,397.96663263,399.56634521,2167000,yfinance
2025-07-16,399.92186338,407.89068404,398.26293548,407.70306396,3242100,yfinance
2025-07-17,409.65823008,414.63504407,407.70307575,412.82800293,2444700,yfinance
2025-07-18,413.45012777,414.63506344,406.99212134,408.52267456,2526600,yfinance
2025-07-21,413.4978583,413.70597636,406.18369262,406.41165161,1833300,yfinance
2025-07-22,406.71886587,414.78623044,406.71886587,413.46810913,2185000,yfinance
2025-07-23,416.25304603,424.3402517,415.70796485,423.77532959,3254900,yfinance
2025-07-24,423.23028489,426.3224458,420.71293635,425.68814087,2511400,yfinance
2025-07-25,425.85662436,430.99040496,424.79616286,429.88040161,2218400,yfinance
2025-07-28,427.40268081,432.50672997,427.27383574,429.0776062,2550300,yfinance
2025-07-29,430.67323302,431.32734858,421.01021578,426.21337891,2383700,yfinance
2025-07-30,426.163831,432.93288506,422.62567287,430.24707031,3172600,yfinance
2025-07-31,430.25699382,437.21435529,429.81099631,434.11227417,4116400,yfinance
2025-08-01,423.16088294,427.01616344,417.53156306,424.86553955,4027300,yfinance
2025-08-04,427.01612064,432.99235377,426.15388708,429.83081055,4059500,yfinance
2025-08-05,423.83482497,435.81696353,422.76447322,430.35614014,4329900,yfinance
2025-08-06,429.47406307,430.83183613,421.7436609,423.90420532,2630800,yfinance
2025-08-07,423.03202885,423.51764774,406.30261555,413.39874268,4261100,yfinance
2025-08-08,416.76842264,418.13611615,412.05090839,412.80410767,2965200,yfinance
2025-08-11,413.26003185,414.55834261,403.1708271,404.89532471,3416000,yfinance
2025-08-12,407.33334009,414.45919826,405.98548759,409.02807617,2765100,yfinance
2025-08-13,411.47605449,411.83285855,406.87746497,410.00927734,4403000,yfinance
2025-08-14,405.64850261,415.49982738,403.36903369,413.77536011,3676000,yfinance
2025-08-15,412.01125521,412.84375772,403.46816131,404.15200806,3107400,yfinance
2025-08-18,403.3690116,409.45424904,401.842742,408.95870972,3185200,yfinance
2025-08-19,415.56923504,418.11631473,410.36607152,412.37796021,3543600,yfinance
2025-08-20,411.09941466,418.15592011,408.37394836,416.83776855,4060200,yfinance
2025-08-21,416.18370521,416.82790036,410.46519153,414.16192627,2504300,yfinance
2025-08-22,417.84867002,433.93388797,416.30258969,431.78326416,3785100,yfinance
2025-08-25,431.11925356,433.00229713,428.31451403,428.44332886,1857900,yfinance
2025-08-26,427.55133294,428.33429356,423.42844204,427.41259766,2792200,yfinance
2025-08-27,425.89628463,431.17872109,425.12324441,428.81005859,1970900,yfinance
2025-08-28,431.03005981,432.09052133,428.77040149,431.03005981,1651700,yfinance
2025-08-29,421.61480236,424.28080654,410.67328481,415.30163574,3673800,yfinance
2025-09-02,410.21739463,413.48794229,406.85762327,412.33828735,2329500,yfinance
2025-09-03,414.3997521,414.3997521,407.70005024,411.41659546,1496700,yfinance
2025-09-04,412.10046928,417.03605254,410.5940404,416.47113037,1634600,yfinance
2025-09-05,417.08556585,421.10934304,414.18171245,419.30557251,1843200,yfinance
2025-09-08,418.8794557,420.12822468,413.06182788,419.00830078,1876700,yfinance
2025-09-09,419.3848839,419.77138888,412.72483355,414.36010742,1710700,yfinance
2025-09-10,416.07465549,422.69505377,415.75750306,419.13708496,2221000,yfinance
2025-09-11,420.13811618,431.90221608,419.54346289,427.53155518,2737900,yfinance
2025-09-12,425.2322125,428.75052969,423.93390186,427.67025757,2341800,yfinance
2025-09-15,429.95968091,434.83580167,426.76840613,432.0508728,2255800,yfinance
2025-09-16,432.23917207,436.86749281,430.40567037,436.73867798,2366300,yfinance
2025-09-17,441.03001735,448.30453131,439.04785997,446.63952637,4512200,yfinance
2025-09-18,446.93683882,463.53740692,444.86548798,462.7940979,4331900,yfinance
2025-09-19,466.06468265,467.90807453,458.58202027,462.37786865,5069300,yfinance
2025-09-22,463.14099955,469.01808917,455.50968122,467.88827515,3180000,yfinance
2025-09-23,469.03791301,481.01013034,464.01313676,467.05575562,3856600,yfinance
2025-09-24,468.48291964,472.26881733,464.44922202,465.59887695,2776700,yfinance
2025-09-25,460.56416603,463.82482336,455.47992755,459.58300781,2979200,yfinance
2025-09-26,461.32735755,464.27086271,458.25500731,461.6048584,2329000,yfinance
2025-09-29,463.90411175,468.27477252,463.28964779,467.40261841,2892100,yfinance
2025-09-30,467.41255472,473.1806403,466.04486121,472.89321899,2315300,yfinance
2025-10-01,469.78121317,479.61269671,466.93682221,476.53045654,2964700,yfinance
2025-10-02,482.51658801,491.55525166,479.87042467,486.19351196,2648600,yfinance
2025-10-03,488.84957073,499.97939546,488.13599285,493.40853882,2996500,yfinance
2025-10-06,495.95564723,501.07950749,488.64148113,490.96060181,2629200,yfinance
2025-10-07,493.48782448,493.933822,479.23610751,482.36791992,2135400,yfinance
2025-10-08,486.60973091,504.934797,484.97445707,497.64044189,3959400,yfinance
2025-10-09,499.56315215,502.01111788,492.70490414,495.89614868,3113900,yfinance
2025-10-10,498.63148811,506.93673208,486.91693115,486.91693115,3889100,yfinance
2025-10-13,497.67019618,501.86247025,491.0299866,500.25692749,2618400,yfinance
2025-10-14,496.11419021,526.81782095,494.55821955,522.76428223,5459800,yfinance
2025-10-15,529.43420845,533.64629256,522.50657861,529.28552246,3447100,yfinance
2025-10-16,533.25981965,540.127988,529.92980963,536.13397217,3463100,yfinance
2025-10-17,532.58584448,537.37277125,522.26868196,522.37774658,2814700,yfinance
2025-10-20,526.34351884,530.95535064,523.73943723,527.95367432,2170800,yfinance
2025-10-21,521.88074982,530.14027273,518.86912482,521.46331787,2259100,yfinance
2025-10-22,522.53678889,522.60637101,507.11106557,510.78857422,4149000,yfinance
2025-10-23,515.18175925,519.71406007,509.89406484,517.33856201,2619400,yfinance
2025-10-24,519.68420793,524.02766031,517.8554178,519.55499268,2392000,yfinance
2025-10-27,523.84875441,526.25403866,518.26289441,523.86865234,2493800,yfinance
2025-10-28,522.76542476,527.06908136,518.50144271,521.28442383,2775400,yfinance
2025-10-29,554.78965776,592.58869609,554.61075834,581.93377686,6948500,yfinance
2025-10-30,574.37997121,590.16352261,572.27285272,579.60803223,2574800,yfinance
2025-10-31,580.48268322,583.48429876,567.87964702,573.75378418,2974800,yfinance
2025-11-03,572.4319217,572.72013847,561.95596116,567.12438965,2439400,yfinance
2025-11-04,561.5683286,563.05921797,541.88860107,544.25415039,3440700,yfinance
2025-11-05,548.58762367,570.52358196,547.0172033,565.69311523,2701300,yfinance
2025-11-06,569.71848537,580.44292677,560.8029362,566.3192749,2245800,yfinance
2025-11-07,560.12708849,562.14478776,546.98741346,559.67980957,2320100,yfinance
2025-11-10,566.53793845,570.69254272,558.09951466,567.38275146,1829900,yfinance
2025-11-11,565.26564857,566.98518205,556.8570722,564.48046875,1517400,yfinance
2025-11-12,567.03489837,577.73950298,567.03489837,569.53961182,2645100,yfinance
2025-11-13,569.29103406,573.31642237,541.3219409,550.18774414,3458700,yfinance
2025-11-14,545.62576476,554.91895074,537.71409014,550.66497803,2764500,yfinance
2025-11-17,549.23365834,558.17899337,544.24412983,548.69689941,1941100,yfinance
2025-11-18,540.0497611,548.21986578,534.78196453,543.55834961,1918600,yfinance
2025-11-19,546.65939246,557.50310026,544.31374126,549.75048828,1880900,yfinance
2025-11-20,562.51255206,565.41479961,537.71408092,542.81292725,3195000,yfinance
2025-11-21,542.50474624,551.61903151,533.81784191,547.08673096,2921600,yfinance
2025-11-24,548.77645058,562.30377093,547.32529656,556.2010498,4653500,yfinance
2025-11-25,561.16082836,563.69532808,544.22428684,563.16851807,3105100,yfinance
2025-11-26,563.16848982,571.38827861,562.58210735,570.24523926,1995100,yfinance
2025-11-28,570.30487336,573.85319705,568.92336209,572.26293945,1019500,yfinance
2025-12-01,566.94538234,572.09397312,563.55612089,564.60968018,1764500,yfinance
2025-12-02,567.85983783,582.00338737,565.60360608,578.93212891,2749500,yfinance
2025-12-03,577.8686585,589.63670954,558.79521422,587.89733887,2545700,yfinance
2025-12-04,586.59531534,599.05912715,583.43463753,595.51086426,2313600,yfinance
2025-12-05,600.33138437,603.31316277,594.10939707,599.50640869,2177300,yfinance
2025-12-08,600.98736388,601.17621228,588.3347033,592.87695312,1822500,yfinance
2025-12-09,589.44783722,596.3456865,588.63281057,590.74987793,1755300,yfinance
2025-12-10,596.48495953,613.48107398,595.05370332,611.61248779,2797900,yfinance
2025-12-11,606.74216644,623.00278198,600.58976179,621.81005859,2779500,yfinance
2025-12-12,622.19779559,623.68868488,592.16137522,594.25854492,4581100,yfinance
2025-12-15,598.8703743,600.48052986,584.31928036,586.17791748,3968600,yfinance
2025-12-16,587.11223515,595.0238491,582.7190982,585.35296631,2319400,yfinance
2025-12-17,584.02108676,587.4103482,554.07408734,558.47717285,3753300,yfinance
2025-12-18,565.04701534,571.16957372,558.49701533,562.39324951,2193000,yfinance
2025-12-19,569.2116257,578.19669714,566.86597431,572.72015381,5355600,yfinance
2025-12-22,580.93988092,582.23197277,572.193343,578.87249756,2387700,yfinance
2025-12-23,576.97412508,585.13428054,576.97412508,578.88244629,1731000,yfinance
2025-12-24,579.12100027,583.56388184,577.47110951,580.21435547,947000,yfinance
2025-12-26,579.66766966,580.283899,575.13536902,579.45892334,954400,yfinance
2025-12-29,576.56669416,580.42307213,571.14978407,575.09564209,2585700,yfinance
2025-12-30,576.48707709,577.45115627,572.01440972,573.88299561,1216700,yfinance
2025-12-31,573.79358876,575.4236423,568.57547616,569.39050293,1163900,yfinance
2026-01-02,574.08189913,595.96811428,571.81571813,594.77539062,2761600,yfinance
2026-01-05,604.18780566,617.97355588,602.53785435,612.35784912,3444800,yfinance
2026-01-06,612.25857809,622.96318336,605.20172589,619.30554199,2706800,yfinance
2026-01-07,619.21599581,621.20384812,592.16135494,592.89685059,3312400,yfinance
2026-01-08,592.8968718,605.87754544,590.56110884,604.43634033,2075400,yfinance
2026-01-09,606.26509317,615.38938844,604.50588517,613.86865234,1822000,yfinance
2026-01-12,610.91672685,627.14749706,609.23698925,625.94488525,1856800,yfinance
2026-01-13,629.35408813,640.67492222,629.15529076,632.66387939,1959100,yfinance
2026-01-14,630.24858022,635.84438959,619.28560577,634.87036133,2105700,yfinance
2026-01-15,641.02276054,648.3976759,640.12820271,643.24914551,2052800,yfinance
2026-01-16,648.01003894,651.69752701,637.11664656,642.9609375,2554900,yfinance
2026-01-20,639.59354409,641.68564818,622.77681177,626.64227295,2659000,yfinance
2026-01-21,631.29480801,644.77412292,624.96863394,642.9609375,2490700,yfinance
2026-01-22,646.67694159,653.32198437,638.49775386,645.97955322,1565700,yfinance
2026-01-23,641.70564512,644.07672905,621.23268469,624.27124023,2267800,yfinance
2026-01-26,625.64608035,636.60484928,616.93885005,633.53637695,2532900,yfinance
2026-01-27,637.60107781,641.71560213,630.85643445,636.51513672,1827500,yfinance
2026-01-28,635.57861991,644.85378091,626.62232753,640.86877441,2720700,yfinance
2026-01-29,652.71419821,677.44117229,640.32082484,662.74645996,4441900,yfinance
2026-01-30,653.19238374,675.28923686,647.87237346,654.89593506,3300100,yfinance
2026-02-02,657.34676115,688.78846032,654.96570515,688.32019043,4450000,yfinance
2026-02-03,691.75731492,707.36862282,688.8084488,700.25537109,3524700,yfinance
2026-02-04,704.34996139,720.44936232,672.46990656,689.22686768,7146700,yfinance
2026-02-05,678.98532943,683.92675952,662.5770939,675.76745605,2792800,yfinance
2026-02-06,689.97401818,724.67348046,687.93171444,723.47796631,3359700,yfinance
2026-02-09,721.78430793,740.71308895,718.90512612,739.33825684,2496800,yfinance
2026-02-10,739.9659218,749.18124968,734.90494634,739.58734131,4008700,yfinance
2026-02-11,755.83619745,772.63298574,753.26585116,772.09503174,3926300,yfinance
2026-02-12,773.77868628,786.84950289,753.17620972,755.44763184,4893400,yfinance
2026-02-13,762.13250739,781.06128861,744.61838646,771.29803467,3232800,yfinance
2026-02-17,762.13252329,771.51719694,747.18874832,761.89343262,3450300,yfinance
2026-02-18,762.24206711,769.80364371,747.56730012,749.15130615,2563700,yfinance
2026-02-19,749.1812049,759.14372092,741.36065414,757.67926025,2908000,yfinance
2026-02-20,752.16998887,769.07635002,749.29080703,756.89221191,2095100,yfinance
2026-02-23,756.1052059,765.10132673,749.95835022,753.63446045,2289600,yfinance
2026-02-24,752.17001266,771.03902177,748.87242206,765.35040283,2615300,yfinance
2026-02-25,769.60438691,774.68524592,753.90345144,763.7364502,2606500,yfinance
2026-02-26,767.72151091,767.72151091,725.66976541,750.10778809,3350900,yfinance
2026-02-27,742.42658837,748.67310537,728.29974798,740.04559326,3441900,yfinance
2026-03-02,730.74062513,752.89725246,722.34223088,749.50006104,2473100,yfinance
2026-03-03,725.54022188,728.92744106,703.95140444,719.47302246,3332700,yfinance
2026-03-04,734.32718294,743.21373097,728.10060989,729.22631836,2823700,yfinance
2026-03-05,717.30115491,725.34091265,690.98020456,703.43334961,3713200,yfinance
2026-03-06,679.91183991,693.71993411,672.53961413,678.34777832,3564400,yfinance
2026-03-09,662.72649846,705.97381697,660.3653869,702.17810059,3584400,yfinance
2026-03-10,710.10824654,728.05068683,707.61761754,713.99359131,3089100,yfinance
2026-03-11,710.82556474,717.71960925,700.99256565,704.93774414,1947500,yfinance
2026-03-12,690.40242071,701.13207086,677.21205807,698.06359863,3231800,yfinance
2026-03-13,701.69991292,704.28017064,684.60420058,691.38867188,2042200,yfinance
2026-03-16,702.72599488,707.33864471,691.99634556,697.15698242,2145500,yfinance
2026-03-17,704.70854655,706.34241383,692.30520145,699.36865234,1824900,yfinance
2026-03-18,698.68125836,709.17181767,690.10354605,691.02008057,1796200,yfinance
2026-03-19,673.95427143,690.89054954,666.49235627,686.06872559,2240200,yfinance
2026-03-20,684.05632829,691.45847133,667.9270104,678.32788086,5131100,yfinance
2026-03-23,696.37993249,709.33120448,691.95657255,699.06982422,2981000,yfinance
2026-03-24,691.19940473,718.44692472,690.43233229,713.94384766,2098300,yfinance
2026-03-25,724.5240358,726.61614001,714.31245606,716.3447876,1591500,yfinance
2026-03-26,707.40841543,715.27876697,693.81952835,700.55419922,2428700,yfinance
2026-03-27,691.86682849,705.70477798,689.73489625,692.793396,2059800,yfinance
2026-03-30,699.57794799,700.35499272,662.07901834,664.92828369,2610000,yfinance
2026-03-31,677.45110041,706.23282426,669.48108747,705.80444336,3002200,yfinance
2026-04-01,719.29369842,737.23620055,717.04215994,727.58251953,2435800,yfinance
2026-04-02,702.92526033,732.65337451,702.805715,714.53155518,1764300,yfinance
2026-04-06,714.05336679,719.86153069,701.63013845,718.53649902,1246500,yfinance
2026-04-07,716.89275216,723.00969108,706.27267551,721.72454834,1549100,yfinance
2026-04-08,761.75393283,771.49730316,750.27709434,768.68786621,3014000,yfinance
2026-04-09,770.10254367,792.53815081,770.09257142,784.11981201,2801900,yfinance
2026-04-10,787.70626131,794.85934073,783.29287387,787.69628906,1872000,yfinance
2026-04-13,785.46473845,795.54680066,782.38635479,788.7623291,1820100,yfinance
2026-04-14,793.0163286,795.00883194,779.10863341,791.27288818,1866300,yfinance
2026-04-15,784.1496758,787.00891326,753.81386068,767.28314209,2764700,yfinance
2026-04-16,765.12122722,769.91319497,751.62203023,769.76373291,2005100,yfinance
2026-04-17,777.58437399,798.7646935,773.09126939,791.67138672,2818800,yfinance
2026-04-20,789.43551857,798.14933378,785.37304766,796.92163086,1454100,yfinance
2026-04-21,803.38962422,818.68126378,796.31272583,798.96783447,2293500,yfinance
2026-04-22,810.99553681,816.33560613,803.98851588,807.37225342,1628400,yfinance
2026-04-23,815.5969859,843.70487763,813.95007767,833.69342041,2601800,yfinance
2026-04-24,837.70599618,837.94554203,825.11936007,829.25164795,2253900,yfinance
2026-04-27,828.22354559,834.47196372,815.20765273,827.25531006,1986700,yfinance
2026-04-28,812.84208911,823.47239347,803.50942636,816.35559082,1875600,yfinance
2026-04-29,821.40620429,821.68571507,807.60179572,808.55004883,2566300,yfinance
2026-04-30,855.04380553,895.31906612,849.22458373,888.46179199,5203300,yfinance
2026-05-01,895.1793502,903.32421354,877.95130075,888.02258301,2376500,yfinance
2026-05-04,885.63707129,891.18677352,867.97982506,873.16021729,2669900,yfinance
2026-05-05,886.45552166,907.217056,886.45552166,902.91503906,2581100,yfinance
2026-05-06,911.8084983,928.81692389,903.67356505,925.21362305,3010600,yfinance
2026-05-07,928.23805744,929.62543734,885.23780965,894.03149414,2957300,yfinance
2026-05-08,909.31310535,913.07614395,892.19483756,895.78820801,2030300,yfinance
2026-05-11,901.93678197,927.27978224,893.40262608,925.07385254,2811700,yfinance
2026-05-12,910.31129441,913.39559962,892.85368954,910.4510498,2348900,yfinance
2026-05-13,910.81033641,921.28090248,895.71833878,900.62921143,1957100,yfinance
2026-05-14,908.31494492,918.64575536,900.82883273,918.51599121,2095600,yfinance
2026-05-15,897.08583238,898.06399827,878.57019261,886.66516113,2907900,yfinance
2026-05-18,891.66589298,891.66589298,849.25457926,862.35028076,2720500,yfinance
2026-05-19,859.99464805,868.24929332,843.98430981,858.55731201,3239700,yfinance
2026-05-20,869.60672938,876.13465823,855.47297631,870.9442749,2415600,yfinance
2026-05-21,863.29851406,871.05408514,857.01013085,864.34655762,1860700,yfinance
2026-05-22,876.37422724,892.18492347,859.46559221,878.26074219,1987600,yfinance
2026-05-26,883.31139897,907.87581537,876.39423818,906.86767578,2255700,yfinance
2026-05-27,903.50391254,909.98188556,888.1823598,908.24511719,2463400,yfinance
2026-05-28,896.89615603,903.32423367,878.83962603,886.02630615,2750600,yfinance
2026-05-29,885.04814114,889.16050736,864.58610047,874.24816895,5195400,yfinance
2026-06-01,858.56724586,872.15209102,851.78984059,863.75762939,2675000,yfinance
2026-06-02,875.04665579,910.2713484,871.5032415,908.12530518,2822600,yfinance
2026-06-03,912.7367838,934.97555817,910.70058311,924.46502686,2511200,yfinance
2026-06-04,912.29758578,945.07680386,901.32794534,938.73852539,3077000,yfinance
2026-06-05,928.20805864,932.3005033,899.83070925,902.60559082,2780500,yfinance
2026-06-08,915.3019861,925.62286627,901.06838167,913.94451904,2550600,yfinance
2026-06-09,925.77258179,936.44278984,875.36609129,913.00628662,3007300,yfinance
2026-06-10,900.07026386,904.32238549,853.1473012,854.574646,3611200,yfinance
2026-06-11,870.78463249,898.98232298,868.41902581,895.96789551,3463300,yfinance
2026-06-12,903.5637636,917.27831159,897.53496976,908.88391113,2097200,yfinance
2026-06-15,933.26870964,944.34813199,926.78074535,932.20068359,2449600,yfinance
2026-06-16,941.05424189,959.54995985,937.43095854,943.70935059,2834400,yfinance
2026-06-17,955.2079371,973.83341843,951.23532638,954.14990234,2743900,yfinance
2026-06-18,977.18718913,992.6484966,974.52215022,983.99456787,6175000,yfinance
2026-06-22,997.4296738,1021.39516358,997.15016303,1020.38708496,4033500,yfinance
2026-06-23,983.42562001,992.75828231,970.8489757,982.41748047,4286900,yfinance
2026-06-24,979.79233066,1003.00926969,968.25373884,992.60858154,3526000,yfinance
2026-06-25,1022.74267908,1055.11255991,1013.12051494,1055.05273438,4642100,yfinance
2026-06-26,1029.93933031,1029.93933031,987.80752828,995.62298584,13948500,yfinance
2026-06-29,996.56128685,1037.14597276,990.27296431,1031.27685547,3146900,yfinance
2026-06-30,1043.06504574,1071.47230934,1035.28943096,1062.92822266,3287500,yfinance
2026-07-01,1032.00557534,1039.33195004,983.22600993,989.57421875,3914100,yfinance
2026-07-02,999.42601092,999.42601092,947.02322246,961.74591064,3568600,yfinance
2026-07-06,977.2770876,989.16500756,961.53626874,968.12402344,2441700,yfinance
2026-07-07,944.7474027,948.24092189,907.84588786,938.37921143,3810200,yfinance
2026-07-08,935.77402799,953.23163211,923.54671124,946.32446289,2741500,yfinance
2026-07-09,973.27446862,981.33946308,932.64982033,936.65240479,3521200,yfinance
2026-07-10,928.95667964,956.21610807,926.7807236,950.64642334,1959400,yfinance
2026-07-13,937.47089733,944.99691366,922.66834081,929.74517822,1991000,yfinance
2026-07-14,956.22606549,962.84379355,923.78624594,931.61175537,2028600,yfinance
2026-07-15,936.84206502,936.84206502,888.75128639,912.60699463,2703600,yfinance
2026-07-16,890.11877892,900.3298171,867.27114843,875.54577637,3586600,yfinance
2026-07-17,840.17135829,891.5360923,836.77769058,878.65002441,3377200,yfinance
2026-07-20,890.0,894.36999512,861.27001953,864.29998779,2770000,yfinance
2026-07-21,887.48999023,898.0,876.01000977,889.9699707,3219600,yfinance
2026-07-22,877.28997803,902.57000732,872.94000244,889.30999756,1976900,yfinance
2026-07-23,886.55999756,909.59997559,881.95001221,894.53997803,2677100,yfinance
2026-07-24,895.0,902.82000732,881.19000244,888.72998047,1982100,yfinance
2026-07-27,887.5,894.02001953,839.58001709,873.2800293,3150000,yfinance
2026-07-28,855.76000977,855.82000732,824.0,840.84997559,3808600,yfinance
2026-07-29,810.22998047,822.79998779,776.0,782.71002197,5966400,yfinance
2026-07-30,810.75,822.76000977,801.67999268,809.14001465,3505200,yfinance
2026-07-31,843.39001465,845.0,807.30999756,814.80999756,2423600,yfinance
2026-08-03,811.58001709,835.34002686,804.57000732,830.0300293,3314300,yfinance
2026-08-04,922.0,935.0,866.84997559,876.53997803,6230100,yfinance
2026-08-05,874.90002441,905.7199707,870.0,871.08001709,3363200,yfinance
2026-08-06,862.0,879.33001709,856.96002197,856.96002197,2896500,yfinance
2026-08-07,865.63000488,868.0,836.01000977,842.19000244,2443800,yfinance
