date,open,high,low,close,volume,source
2019-01-02,67.63550117,67.63550117,64.85287784,65.32569122,489500,yfinance
2019-01-03,65.25595176,66.61238259,65.04667054,65.80627441,534700,yfinance
2019-01-04,66.39530947,66.99988871,65.71321521,65.8372345,459500,yfinance
2019-01-07,66.02328907,66.7751401,65.51947082,66.00778961,292700,yfinance
2019-01-08,66.37206363,67.74399917,66.0930261,67.61997986,528900,yfinance
2019-01-09,67.8990403,67.96104998,66.92240859,67.75952148,387200,yfinance
2019-01-10,67.39520778,68.75163812,67.39520778,68.58886719,319400,yfinance
2019-01-11,68.55011101,68.96091465,68.08504448,68.82139587,363500,yfinance
2019-01-14,68.79039127,69.06167614,68.36408226,68.64311981,334100,yfinance
2019-01-15,69.17795537,70.06932517,68.76715165,69.73603058,561700,yfinance
2019-01-16,69.69724902,70.97616994,69.27869276,70.82115173,358200,yfinance
2019-01-17,70.41810933,71.37148866,70.41810933,71.1312027,362200,yfinance
2019-01-18,71.26297882,71.41024439,70.68165151,71.25522614,415800,yfinance
2019-01-22,71.25521732,71.45674575,70.41810468,71.12345123,320600,yfinance
2019-01-23,71.45676115,71.79780252,71.13121334,71.74354553,431900,yfinance
2019-01-24,71.54976532,71.85980774,71.07695195,71.55751801,501800,yfinance
2019-01-25,71.78229962,72.49539307,71.78229962,72.48764038,522400,yfinance
2019-01-28,72.23186574,73.5727909,72.22411305,73.44102478,629700,yfinance
2019-01-29,73.54953828,74.50291777,73.54953828,74.41765594,858400,yfinance
2019-01-30,74.25487309,75.09197988,74.25487309,74.85169983,427100,yfinance
2019-01-31,74.7586887,75.24700742,73.81306792,75.14624023,836700,yfinance
2019-02-01,75.85158658,76.68094662,73.70454777,74.94471741,891800,yfinance
2019-02-04,75.20824741,75.34776619,74.30913095,75.3012619,453000,yfinance
2019-02-05,75.31676253,76.00660378,74.88270671,75.9523468,469900,yfinance
2019-02-06,75.87482534,76.27012949,75.53377816,76.08410645,333000,yfinance
2019-02-07,75.75858782,76.92124266,75.55706524,76.85148621,413800,yfinance
2019-02-08,76.69645466,77.386296,76.39416491,76.67320251,519800,yfinance
2019-02-11,76.95999043,77.47930811,76.7429625,76.9289856,470100,yfinance
2019-02-12,76.95224786,77.05301506,75.5028086,75.91361237,613800,yfinance
2019-02-13,75.71985387,76.58021913,75.48732048,76.55696106,398600,yfinance
2019-02-14,76.58794827,76.94449505,76.1848972,76.43292999,504300,yfinance
2019-02-15,76.67319391,76.99873578,76.30889452,76.50267029,522500,yfinance
2019-02-19,76.47168622,76.78172277,75.95236257,76.5802002,653600,yfinance
2019-02-20,75.38651182,75.59578701,74.59590353,74.79743195,2412500,yfinance
2019-02-21,74.94471001,75.58029423,74.44864457,75.42527008,1519400,yfinance
2019-02-22,75.6655426,75.96007956,75.35550028,75.6655426,1015200,yfinance
2019-02-25,75.80509097,75.9291044,75.02223513,75.49504852,1087700,yfinance
2019-02-26,75.66556902,75.7663303,75.30902229,75.54154968,582100,yfinance
2019-02-27,75.31674277,75.71204688,74.92144457,75.6655426,651100,yfinance
2019-02-28,75.72755651,77.02972972,75.44851897,76.02984619,919100,yfinance
2019-03-01,76.0531334,76.13839523,74.94473551,75.69658661,573800,yfinance
2019-03-04,75.94463457,76.75073691,75.16177847,76.55696106,580300,yfinance
2019-03-05,76.48717053,77.16151233,76.16162867,76.82046509,438200,yfinance
2019-03-06,76.92122651,77.06849798,76.39415619,76.40190887,485900,yfinance
2019-03-07,76.61119072,77.19251807,76.14613003,76.37091064,790000,yfinance
2019-03-08,76.37090268,77.09174875,76.37090268,76.82821655,551300,yfinance
2019-03-11,77.06849855,77.73508767,76.85147064,77.68858337,611900,yfinance
2019-03-12,77.86686468,78.40168776,77.68859426,78.12265015,528700,yfinance
2019-03-13,78.28541994,78.71947582,78.26992048,78.37068176,683200,yfinance
2019-03-14,78.46369531,78.63421304,78.08389051,78.57995605,517900,yfinance
2019-03-15,78.41717436,79.05275863,77.83584707,78.10713196,1486200,yfinance
2019-03-18,78.22340635,78.36292515,77.09950918,77.44830322,625700,yfinance
2019-03-19,79.40931326,79.40931326,76.95223775,77.30878448,555400,yfinance
2019-03-20,77.18476988,77.65758326,76.51042804,76.79721832,943400,yfinance
2019-03-21,76.54144342,77.75060255,76.54144342,77.40956116,815900,yfinance
2019-03-22,77.56457322,78.31642423,77.25453077,77.36304474,574300,yfinance
2019-03-25,77.52580242,77.82809804,77.00648481,77.56455994,371000,yfinance
2019-03-26,77.89786701,78.703975,77.81260519,78.6574707,543400,yfinance
2019-03-27,78.85899327,79.22329269,78.09939549,78.6574707,495500,yfinance
2019-03-28,78.96994952,79.44651973,78.73556858,79.43870544,425000,yfinance
2019-03-29,79.64965357,79.81372382,79.02464758,79.29808807,468800,yfinance
2019-04-01,79.32152032,79.32152032,77.8449358,79.02464294,363900,yfinance
2019-04-02,79.14184609,79.86842001,78.50121146,79.79810333,341400,yfinance
2019-04-03,79.79030853,79.99343838,79.0481118,79.64968109,334700,yfinance
2019-04-04,79.80591479,79.80591479,79.0168385,79.5168457,257500,yfinance
2019-04-05,79.30590057,79.57934106,78.71213983,79.46215057,493100,yfinance
2019-04-08,79.21214699,79.50121605,78.76682793,79.46215057,407300,yfinance
2019-04-09,79.61842545,79.61842545,79.17310032,79.29029083,444700,yfinance
2019-04-10,79.57152427,80.1340338,79.2199588,80.0793457,348400,yfinance
2019-04-11,80.19654562,80.36842422,79.65747293,79.99341583,402800,yfinance
2019-04-12,79.89187136,80.25906554,79.31373306,80.17312622,386700,yfinance
2019-04-15,80.39186398,80.79030928,79.89966509,80.11842346,373700,yfinance
2019-04-16,80.29029333,80.30592191,77.96995019,78.06369781,453100,yfinance
2019-04-17,78.08713586,78.23557755,76.32929633,76.50117493,579300,yfinance
2019-04-18,76.73556333,77.376198,76.4543085,77.05587769,445700,yfinance
2019-04-22,76.6105582,76.99338091,75.54023295,76.39962006,400800,yfinance
2019-04-23,76.7589855,77.72774864,76.43085692,77.39962006,460300,yfinance
2019-04-24,77.79025493,78.86839431,77.45431204,78.12619781,545500,yfinance
2019-04-25,77.84496008,78.34496738,77.30588729,77.88402557,649000,yfinance
2019-04-26,78.25900436,78.79807699,77.95431269,78.64963531,269200,yfinance
2019-04-29,78.68089388,78.72776769,77.4543128,77.51681519,363800,yfinance
2019-04-30,77.5715012,78.91527273,77.31368332,78.63401794,448100,yfinance
2019-05-01,78.90746325,79.47778714,78.21214053,78.43089294,242400,yfinance
2019-05-02,78.53244135,79.36839133,77.88399853,78.11056519,475400,yfinance
2019-05-03,79.71215489,81.37624664,77.70431194,78.77464294,439200,yfinance
2019-05-06,78.25902353,79.07153684,78.07933659,78.8215332,483800,yfinance
2019-05-07,78.62620106,78.71995464,77.07149147,77.39962006,401000,yfinance
2019-05-08,77.24337364,78.11057491,77.07930934,77.14962006,320000,yfinance
2019-05-09,76.78243671,78.04026914,76.62618668,78.00901794,279300,yfinance
2019-05-10,77.94651336,79.05591002,77.75901214,78.8918457,223200,yfinance
2019-05-13,78.02465086,78.78247011,78.02465086,78.7590332,216800,yfinance
2019-05-14,78.68091154,79.17310456,78.53246982,79.06372833,266100,yfinance
2019-05-15,79.09495948,79.64184643,78.91527257,79.34496307,336000,yfinance
2019-05-16,79.09495816,79.9934106,79.09495816,79.6965332,263400,yfinance
2019-05-17,79.41526721,80.58715997,79.25120294,80.4230957,399700,yfinance
2019-05-20,80.37623863,80.64187083,78.98559312,79.44654083,250500,yfinance
2019-05-21,79.65748628,80.36062339,79.46217075,80.23561859,289600,yfinance
2019-05-22,80.06372298,80.64185512,79.8918444,80.63404083,237300,yfinance
2019-05-23,80.40748279,81.21218169,80.1574792,81.15749359,514600,yfinance
2019-05-24,81.36062906,81.68094936,81.11062545,81.48563385,363800,yfinance
2019-05-28,81.95437405,82.25906571,81.18873477,81.21998596,1072200,yfinance
2019-05-29,81.22000528,81.25907077,79.71216923,80.01686096,577500,yfinance
2019-05-30,79.92310931,80.56374394,79.62622591,79.84497833,496800,yfinance
2019-05-31,79.52466245,81.15749722,79.40747195,80.75124359,552200,yfinance
2019-06-03,80.99343051,81.18874601,79.94654228,80.89186859,468800,yfinance
2019-06-04,80.78249499,80.81374619,79.14965425,80.11842346,427100,yfinance
2019-06-05,80.53249296,82.32939208,80.23560957,82.27470398,261300,yfinance
2019-06-06,82.4778464,83.06379302,82.05596412,82.81378937,371800,yfinance
2019-06-07,83.18878069,83.53253192,82.7590842,82.97783661,279500,yfinance
2019-06-10,82.96221945,82.96221945,82.10282642,82.40752411,366400,yfinance
2019-06-11,82.6418957,82.727835,81.73563486,82.25907898,468900,yfinance
2019-06-12,82.23563831,83.28252651,82.05594543,83.06377411,571200,yfinance
2019-06-13,83.08721984,83.36066038,82.60284118,83.03253174,375200,yfinance
2019-06-14,82.99347748,83.35285734,82.57159522,82.93878937,400000,yfinance
2019-06-17,83.27471191,84.12629057,83.17315,83.93878937,429100,yfinance
2019-06-18,84.27472773,84.48566583,83.00908124,83.34502411,531300,yfinance
2019-06-19,83.14971905,84.01692039,82.85284162,83.62628937,487700,yfinance
2019-06-20,84.07940209,84.54815801,83.90752353,84.11846161,376700,yfinance
2019-06-21,81.95438647,83.42315691,81.86063289,82.94658661,1162800,yfinance
2019-06-24,83.14971762,83.47003195,82.47001751,82.75908661,342100,yfinance
2019-06-25,83.03252307,84.04035175,82.62626946,82.66532898,651100,yfinance
2019-06-26,82.65752463,82.77470916,80.74342909,81.46218872,642500,yfinance
2019-06-27,81.94244504,82.61952566,81.44644062,81.60390472,485400,yfinance
2019-06-28,81.68263506,83.03679633,81.68263506,82.18650818,1033500,yfinance
2019-07-01,82.97380048,82.97380048,81.35195944,82.49354553,664800,yfinance
2019-07-02,82.80059235,84.40668998,82.80059235,83.83196259,687300,yfinance
2019-07-03,84.16263215,85.05228174,84.01304276,84.80821991,150500,yfinance
2019-07-05,84.25710576,84.78460297,83.2729777,84.57990265,220300,yfinance
2019-07-08,84.47756713,85.39870968,84.47756713,85.26486969,290400,yfinance
2019-07-09,85.30423625,85.97344226,85.00506342,85.79236603,402000,yfinance
2019-07-10,86.56388989,86.93392295,85.83169848,86.70560455,485500,yfinance
2019-07-11,86.64265042,86.71350477,85.47743997,85.84747314,507200,yfinance
2019-07-12,85.83170066,86.01278285,85.28846612,85.58763885,427200,yfinance
2019-07-15,85.84745157,86.28046427,85.46167509,85.76872253,368100,yfinance
2019-07-16,85.76872368,85.88681423,85.24122651,85.43018341,378100,yfinance
2019-07-17,85.50104508,86.08364721,84.50904231,85.13101196,310800,yfinance
2019-07-18,85.30423356,85.47744109,84.42245851,85.24912262,449100,yfinance
2019-07-19,85.36721514,85.57978418,83.35959125,83.53279877,485300,yfinance
2019-07-22,83.95794142,84.16264176,83.00530608,83.13127136,478300,yfinance
2019-07-23,83.25724052,84.48543051,82.84784585,84.32797241,322500,yfinance
2019-07-24,84.6035156,84.6035156,83.65088042,84.27285004,330400,yfinance
2019-07-25,84.41457117,84.94993709,84.03666335,84.72161865,538000,yfinance
2019-07-26,83.27296612,85.36719323,82.94230057,83.38319397,734800,yfinance
2019-07-29,83.77684767,84.55627533,83.39106519,83.6272583,535100,yfinance
2019-07-30,83.65088888,84.71374603,83.17063389,83.5249176,408500,yfinance
2019-07-31,83.56429135,84.02880298,81.54092406,81.65114594,713000,yfinance
2019-08-01,81.8479676,82.07628605,80.72999949,81.55666351,1151500,yfinance
2019-08-02,81.65899164,82.47778671,81.36768764,81.8321991,384600,yfinance
2019-08-05,81.34410589,81.40709154,79.51756407,80.10016632,665100,yfinance
2019-08-06,80.02142014,82.14713434,80.00567673,81.66688538,661700,yfinance
2019-08-07,81.35983802,82.69825588,80.73787433,81.81647491,323500,yfinance
2019-08-08,81.87159115,82.98956535,81.233878,82.86359406,552400,yfinance
2019-08-09,82.55652889,83.37532409,82.1707524,83.28084564,355900,yfinance
2019-08-12,83.10765325,83.91070519,82.85571668,83.13127136,275400,yfinance
2019-08-13,82.98955638,83.1942507,81.87945701,83.05253601,328800,yfinance
2019-08-14,82.73764184,83.07618226,80.96621068,81.10792542,735100,yfinance
2019-08-15,81.44644577,82.91870369,81.28898766,82.72187805,842600,yfinance
2019-08-16,82.82422033,83.97368726,81.28898286,83.59577942,448300,yfinance
2019-08-19,83.95793927,84.64289462,83.3910805,84.32797241,296500,yfinance
2019-08-20,84.43818532,84.52478906,83.87920131,84.18624878,374600,yfinance
2019-08-21,84.34371316,84.85546098,84.0839079,84.70587158,436600,yfinance
2019-08-22,84.88694014,85.16249477,84.10751249,84.81608582,200000,yfinance
2019-08-23,84.63501862,85.20187738,83.54854333,83.74536896,357100,yfinance
2019-08-26,84.50904877,84.57990911,83.43832287,84.47756195,338300,yfinance
2019-08-27,85.01292509,85.30422316,84.43031692,84.48542786,519400,yfinance
2019-08-28,84.33585231,85.04441981,84.24924855,85.00505829,363900,yfinance
2019-08-29,85.43020251,85.53254968,84.83185088,85.26486969,353800,yfinance
2019-08-30,85.36720907,85.52466717,84.72162127,85.22549438,440500,yfinance
2019-09-03,85.00503564,85.87106703,84.9184319,85.70573425,635100,yfinance
2019-09-04,86.35133362,86.65050639,85.88682204,86.57177734,422900,yfinance
2019-09-05,86.46155416,86.70561599,85.81596639,86.20961761,452400,yfinance
2019-09-06,86.46942902,87.39057144,86.46942902,87.35120392,503400,yfinance
2019-09-09,86.67412318,87.07564911,86.22536103,86.87094879,525600,yfinance
2019-09-10,86.46154521,86.50878143,84.65074738,86.50878143,418800,yfinance
2019-09-11,86.24112176,86.28835799,85.37509015,86.00492859,408500,yfinance
2019-09-12,86.68201581,87.20950712,85.60341508,85.79236603,422800,yfinance
2019-09-13,85.48530551,86.32771893,84.29647708,84.85546112,485500,yfinance
2019-09-16,85.12313879,86.25685017,84.91843848,86.19387054,369400,yfinance
2019-09-17,86.43006165,87.17012787,86.04428513,87.17012787,499700,yfinance
2019-09-18,87.57164864,87.57164864,86.21748755,87.19374084,554400,yfinance
2019-09-19,87.44569404,87.44569404,86.6662662,86.89458466,258900,yfinance
2019-09-20,87.03628258,87.24885158,86.35920203,86.60326385,1159100,yfinance
2019-09-23,86.17813119,87.57165998,86.10727685,87.20949554,382400,yfinance
2019-09-24,87.38270323,87.87870765,86.65051166,86.91819763,534500,yfinance
2019-09-25,86.58751438,87.60312912,86.58751438,87.22522736,475800,yfinance
2019-09-26,87.56378932,88.17000963,87.35121427,88.00467682,369400,yfinance
2019-09-27,88.1236105,88.47252263,87.2592677,87.89364624,422000,yfinance
2019-09-30,87.75092426,88.48838779,87.75092426,88.02846527,329500,yfinance
2019-10-01,88.02053085,88.46459645,87.01345176,87.67955017,362400,yfinance
2019-10-02,87.70335929,88.02848316,87.18792242,87.92539215,376000,yfinance
2019-10-03,87.67163201,89.25758776,87.48131901,88.74215698,319000,yfinance
2019-10-04,88.8214471,89.54305376,88.8214471,89.43203735,226100,yfinance
2019-10-07,89.05932694,89.55890678,88.71042085,89.24171448,319600,yfinance
2019-10-08,89.11484802,90.07435048,88.55976595,89.41618347,384900,yfinance
2019-10-09,89.9157585,90.67701652,89.24966001,89.71751404,347300,yfinance
2019-10-10,89.71750191,90.34395506,89.22585353,90.11399078,310200,yfinance
2019-10-11,90.25672283,90.25672283,89.27343216,89.46374512,403200,yfinance
2019-10-14,89.47960318,89.61441399,89.14655398,89.37651825,215900,yfinance
2019-10-15,89.40823252,89.66991661,88.66283158,88.76592255,469200,yfinance
2019-10-16,88.77386638,89.97919607,88.03639675,89.96333313,422900,yfinance
2019-10-17,89.86024259,90.66907727,89.66199814,90.47083282,485900,yfinance
2019-10-18,90.32810621,91.01006157,89.74922974,90.97834778,417500,yfinance
2019-10-21,91.08142426,91.31138853,90.55013062,91.16072083,269800,yfinance
2019-10-22,91.3668977,91.3668977,90.55013158,90.63735962,201400,yfinance
2019-10-23,90.81182535,90.87526503,89.8761112,90.75631714,311200,yfinance
2019-10-24,90.99418447,90.99418447,89.97124258,90.53425598,259400,yfinance
2019-10-25,90.34397554,90.81976108,89.76509899,90.26467896,204400,yfinance
2019-10-28,90.24087811,90.47083636,89.60649344,89.82059479,273800,yfinance
2019-10-29,89.63821536,90.39154189,89.48754764,89.96333313,304200,yfinance
2019-10-30,90.16950203,90.93869144,89.74922478,90.87525177,350300,yfinance
2019-10-31,91.08935232,91.88233004,90.49461904,90.69286346,523500,yfinance
2019-11-01,91.34313713,92.51674118,89.79682641,90.67703247,639000,yfinance
2019-11-04,90.72458044,90.72458044,89.74128374,90.00296783,482800,yfinance
2019-11-05,89.62234967,89.66200098,88.34566096,88.88488007,679400,yfinance
2019-11-06,88.98797926,89.86025372,88.85317447,89.0196991,637900,yfinance
2019-11-07,88.43288026,88.60733634,86.76762811,87.44165802,592700,yfinance
2019-11-08,87.47338507,88.3298026,87.23549534,87.32272339,328600,yfinance
2019-11-11,87.29892679,88.02053952,87.25135005,87.54475403,312700,yfinance
2019-11-12,87.65577327,88.21085536,86.64076258,86.71212769,365100,yfinance
2019-11-13,86.79934944,88.33772831,86.49008858,87.80643463,316000,yfinance
2019-11-14,87.88573346,88.48839225,87.78264247,88.38530731,387900,yfinance
2019-11-15,88.52011166,89.06726829,88.17120553,89.04347992,393500,yfinance
2019-11-18,88.98795133,89.88401388,88.98795133,89.28134918,288200,yfinance
2019-11-19,89.40030536,89.78093732,88.98795961,89.43995667,321900,yfinance
2019-11-20,89.42410706,90.00298354,89.13070913,89.34481049,407800,yfinance
2019-11-21,89.00382838,89.00382838,87.40994733,87.44959259,369800,yfinance
2019-11-22,87.5843824,87.82227813,86.73589653,86.79140472,568700,yfinance
2019-11-25,87.06895832,87.95708952,86.70418324,86.90242767,460400,yfinance
2019-11-26,88.21878161,88.90867448,87.54475168,88.88488007,1218300,yfinance
2019-11-27,88.66282944,89.20205449,88.09188457,88.98795319,399900,yfinance
2019-11-29,89.01176236,89.59856427,88.43288588,88.4566803,344000,yfinance
2019-12-02,88.2980834,88.4011744,86.71212769,86.71212769,428600,yfinance
2019-12-03,86.5456089,87.80644692,86.5456089,87.43374634,444300,yfinance
2019-12-04,87.17205256,88.17913174,86.86279169,87.70334625,435000,yfinance
2019-12-05,87.37823032,87.91745549,87.19584275,87.77471924,326700,yfinance
2019-12-06,87.73505047,88.54389109,87.56059441,87.60817719,651900,yfinance
2019-12-09,87.77472623,87.82230296,87.04518195,87.61612701,274100,yfinance
2019-12-10,87.5606143,87.89366355,86.98174385,87.23549652,278500,yfinance
2019-12-11,87.32273126,87.32273126,85.72091246,85.80020905,321500,yfinance
2019-12-12,85.72882079,86.22839457,84.67415898,84.97549438,520800,yfinance
2019-12-13,84.89560217,85.40692471,83.64126313,84.08866882,696100,yfinance
2019-12-16,84.41624634,84.65592537,83.54539606,84.39227295,977800,yfinance
2019-12-17,84.75978337,85.02343578,83.22581566,83.51343536,591400,yfinance
2019-12-18,83.5773584,84.08868101,83.02608624,83.856987,635900,yfinance
2019-12-19,83.96883364,84.27243562,83.5693625,84.22449493,823900,yfinance
2019-12-20,84.28841576,85.90227658,84.06471288,84.5041275,1491000,yfinance
2019-12-23,84.91959313,84.91959313,83.6332953,83.81705475,457000,yfinance
2019-12-24,83.81704125,84.27243812,83.73714214,84.03275299,139100,yfinance
2019-12-26,84.1206338,84.48015539,83.63327852,83.93687439,456500,yfinance
2019-12-27,84.28841429,84.50412603,83.81704125,84.03275299,372900,yfinance
2019-12-30,83.86497448,84.40825549,83.82502493,84.13661194,475800,yfinance
2019-12-31,84.21651045,84.87962792,84.07270059,84.76777649,683800,yfinance
2020-01-02,85.20719579,85.20719579,83.64126965,83.93687439,585600,yfinance
2020-01-03,83.6812105,84.83968044,83.50544223,84.60798645,473800,yfinance
2020-01-06,84.72785578,85.27113693,84.19255966,85.00748444,835100,yfinance
2020-01-07,84.62394647,84.77574742,83.82500436,83.96082306,556000,yfinance
2020-01-08,83.92889133,84.40825549,83.61730432,84.13661194,614200,yfinance
2020-01-09,84.06469165,84.3762786,83.71315517,84.26442719,475400,yfinance
2020-01-10,84.29641435,84.95154687,84.24048862,84.86366272,513100,yfinance
2020-01-13,84.91157704,85.54274212,84.79972562,85.48681641,491200,yfinance
2020-01-14,85.38295163,85.65458904,84.55205104,85.59866333,825100,yfinance
2020-01-15,86.03010735,86.43756963,85.67857079,86.24581909,655200,yfinance
2020-01-16,86.4375732,87.19656598,86.14196234,87.14064026,681900,yfinance
2020-01-17,87.19656422,88.21920941,87.02878706,87.85968781,962800,yfinance
2020-01-21,88.11534017,89.17793481,88.05142332,89.0181427,997600,yfinance
2020-01-22,89.21788611,89.52947312,87.89963008,88.06741333,410000,yfinance
2020-01-23,88.12333376,88.97021061,87.90761594,88.82640076,387600,yfinance
2020-01-24,88.95422522,89.51348844,88.49084335,88.7145462,424800,yfinance
2020-01-27,88.36300232,89.09004262,88.09136491,88.33903503,506600,yfinance
2020-01-28,88.41893316,89.16994079,88.13930461,88.65062714,656100,yfinance
2020-01-29,88.91428341,89.2019031,88.21920146,88.23518372,1188600,yfinance
2020-01-30,87.93956261,88.83438001,87.7478182,88.56273651,566700,yfinance
2020-01-31,88.73851134,90.47221448,88.57073421,89.82507324,1124900,yfinance
2020-02-03,90.24852649,90.70392339,89.02614568,89.16196442,644800,yfinance
2020-02-04,88.87433785,90.1047097,88.87433785,89.68926239,494300,yfinance
2020-02-05,89.48951791,90.38432927,89.28179123,89.55342865,381300,yfinance
2020-02-06,89.83305851,90.68792638,89.35368834,90.28046417,311300,yfinance
2020-02-07,90.48021187,91.0075167,90.00883886,90.16862488,297500,yfinance
2020-02-10,90.60003952,91.10337088,90.32041099,91.08739471,302000,yfinance
2020-02-11,91.07940424,92.03014734,90.99951125,91.63067627,413400,yfinance
2020-02-12,91.87836039,93.37238462,91.31910324,92.66931152,737400,yfinance
2020-02-13,92.46957484,93.95560792,92.46957484,93.93164062,677900,yfinance
2020-02-14,94.10740138,94.98623657,94.06745183,94.98623657,453700,yfinance
2020-02-18,95.11407364,95.36174378,94.09941361,94.84243011,504100,yfinance
2020-02-19,94.91433977,94.99423277,94.05947182,94.12338257,756700,yfinance
2020-02-20,94.16332638,95.83311262,93.84374829,95.63337708,684900,yfinance
2020-02-21,95.64936865,96.32047722,95.56148451,96.20862579,554200,yfinance
2020-02-24,95.12204874,96.45628674,95.03416462,95.25787354,606600,yfinance
2020-02-25,95.38573081,95.60144867,93.05282051,93.11673737,792400,yfinance
2020-02-26,93.31644983,94.23522847,93.0128479,93.0128479,746700,yfinance
2020-02-27,92.22188764,92.53347458,88.49082947,88.49082947,987500,yfinance
2020-02-28,86.90892458,87.08469283,82.61860921,84.67189026,1484400,yfinance
2020-03-02,85.27111612,88.58672186,84.76777856,88.11534882,1297800,yfinance
2020-03-03,88.52280853,90.17661883,86.90095056,87.49217224,1376200,yfinance
2020-03-04,89.19391033,91.89433289,88.81840651,91.89433289,1005600,yfinance
2020-03-05,90.32839557,91.90231254,89.7931058,91.71855927,554100,yfinance
2020-03-06,89.75317687,91.7105892,88.00349734,91.03947449,753600,yfinance
2020-03-09,86.26979425,86.26979425,80.98878504,81.78772736,1326100,yfinance
2020-03-10,81.98745171,83.58533612,78.35226222,81.82765961,1860200,yfinance
2020-03-11,79.70248891,80.94084587,75.41216638,76.18714142,1955800,yfinance
2020-03-12,70.82621717,74.10986964,64.56250805,69.90743256,2511000,yfinance
2020-03-13,73.50267542,77.29765051,68.94071662,76.67447662,1587300,yfinance
2020-03-16,69.82755593,69.93940736,62.94866247,62.95665359,1321100,yfinance
2020-03-17,64.08315777,69.07654688,61.54252115,68.86882019,1660000,yfinance
2020-03-18,64.65838532,66.49595461,56.52515438,61.63039398,1425400,yfinance
2020-03-19,61.49457617,64.27489134,60.0005522,62.03785706,1641600,yfinance
2020-03-20,62.10178032,62.64506126,55.42262299,56.75685501,998100,yfinance
2020-03-23,56.53315345,56.53315345,49.91790977,53.76881409,1175300,yfinance
2020-03-24,55.82209862,57.26019105,53.37733113,56.10971832,1213900,yfinance
2020-03-25,55.94991993,62.38140692,55.21489459,59.32145691,1226000,yfinance
2020-03-26,60.07247997,65.44935882,58.41866947,65.24163818,1187800,yfinance
2020-03-27,62.73295106,71.32957251,62.02988398,68.46137238,1190100,yfinance
2020-03-30,69.36491951,70.52664457,62.7172422,67.2350769,1462700,yfinance
2020-03-31,66.83978685,66.83978685,61.99924698,63.92739487,1597900,yfinance
2020-04-01,61.13601868,61.49099358,57.50561372,60.48254776,1077400,yfinance
2020-04-02,59.04650508,62.64463802,57.57820862,58.33655548,924100,yfinance
2020-04-03,57.67502386,59.86133337,56.77146047,58.04613113,1497500,yfinance
2020-04-06,61.74109073,65.532851,60.44221192,64.49213409,1724700,yfinance
2020-04-07,68.38069091,69.26812194,64.66961179,64.93583679,1080900,yfinance
2020-04-08,65.33116653,69.74412093,64.30658197,69.13905334,919900,yfinance
2020-04-09,70.83323648,73.47939731,70.70415246,71.87394714,766200,yfinance
2020-04-13,71.30114688,72.42253808,68.58238105,68.7195282,595900,yfinance
2020-04-14,70.97845492,71.67226,69.15518311,70.19589996,813000,yfinance
2020-04-15,67.11408818,69.92159789,66.96887173,68.81634521,889000,yfinance
2020-04-16,69.16323758,69.16323758,66.31538196,67.62232971,812400,yfinance
2020-04-17,70.13135234,71.38182755,69.76024504,70.84936523,709700,yfinance
2020-04-20,69.47786492,69.65534616,67.0333878,67.2350769,972900,yfinance
2020-04-21,65.4360068,66.6461413,64.58891018,66.03300476,932300,yfinance
2020-04-22,67.50131303,68.38874392,66.15403119,67.97730255,752900,yfinance
2020-04-23,68.13865771,68.42909056,66.27505204,66.99306488,852000,yfinance
2020-04-24,67.49324672,68.09831405,66.07335366,67.51744843,653800,yfinance
2020-04-27,68.28388117,70.32497448,67.95311415,69.65536499,512100,yfinance
2020-04-28,71.76907234,72.60003072,68.58238597,69.71990967,654900,yfinance
2020-04-29,71.6722578,72.76138421,69.90546493,71.70452881,942600,yfinance
2020-04-30,70.7122196,71.3979615,69.22778421,71.05105591,1622200,yfinance
2020-05-01,69.10676243,70.13134044,68.31613838,68.67917633,583700,yfinance
2020-05-04,67.64653738,69.35686353,67.15441538,69.26811981,640200,yfinance
2020-05-05,70.260422,70.75254396,69.21971151,69.38912964,453400,yfinance
2020-05-06,69.64728786,70.55892046,67.7030018,67.84014893,539900,yfinance
2020-05-07,68.87281352,72.15631265,68.50170622,70.39758301,659800,yfinance
2020-05-08,71.47861465,73.66492372,70.04258927,71.36566925,707800,yfinance
2020-05-11,70.92196949,72.40639855,70.06680338,70.40563965,888800,yfinance
2020-05-12,70.54277769,70.6153828,67.40449596,67.91275024,910800,yfinance
2020-05-13,67.13828468,68.33228099,66.3880008,67.67881012,824200,yfinance
2020-05-14,66.53320779,67.36416598,65.17785666,67.13827515,975200,yfinance
2020-05-15,66.48481757,67.80789796,65.50863662,67.6062088,992900,yfinance
2020-05-18,70.5911904,73.88275824,70.49437741,73.35029602,798700,yfinance
2020-05-19,72.9469064,74.06829721,71.5996248,71.71257019,1252200,yfinance
2020-05-20,72.27731698,72.64843042,71.22046786,72.14823914,860900,yfinance
2020-05-21,71.68838996,73.34224341,71.40602639,71.62384796,886900,yfinance
2020-05-22,71.45441698,71.7367805,70.96229506,71.46248627,438700,yfinance
2020-05-26,74.47169106,75.71409682,73.89889468,74.34261322,846500,yfinance
2020-05-27,76.11748741,76.32724586,72.40640811,73.7698288,955400,yfinance
2020-05-28,74.64110586,75.00414996,72.8259038,74.66531372,766100,yfinance
2020-05-29,74.0199036,75.66568748,73.35836356,73.87468719,2171100,yfinance
2020-06-01,73.73756318,76.23043842,73.73756318,75.27846527,663500,yfinance
2020-06-02,75.98839779,76.39177605,74.37488477,74.79439545,613000,yfinance
2020-06-03,75.65762406,78.48127183,75.65762406,78.126297,855900,yfinance
2020-06-04,77.57770858,78.01335167,76.53699195,77.14205933,861200,yfinance
2020-06-05,80.465906,81.90193184,78.73137798,78.76364899,947500,yfinance
2020-06-08,80.07058328,82.05520355,79.97377029,81.93418884,886000,yfinance
2020-06-09,80.13512856,81.46627808,79.69947929,80.51430511,480600,yfinance
2020-06-10,80.09479397,80.09479397,77.3195493,78.10210419,704400,yfinance
2020-06-11,74.64113166,76.52087636,73.97152823,75.01224518,1214000,yfinance
2020-06-12,77.79554508,78.00530353,75.27846208,76.8919754,1913600,yfinance
2020-06-15,74.12477233,76.7225288,74.12477233,75.66567993,898700,yfinance
2020-06-16,78.65070289,79.7882327,77.42443551,78.14244843,642600,yfinance
2020-06-17,78.65875821,79.02986546,75.94805589,76.38370514,741400,yfinance
2020-06-18,75.3349163,76.62573157,75.31878388,76.09326935,605500,yfinance
2020-06-19,77.10173614,77.23082016,75.43981934,75.43981934,1936000,yfinance
2020-06-22,75.16551536,75.57696297,73.61654407,74.72986603,823900,yfinance
2020-06-23,75.27844187,75.60921496,73.14054221,73.14860535,654700,yfinance
2020-06-24,72.05948851,73.09213582,69.91351948,71.81745911,885300,yfinance
2020-06-25,71.51090098,72.47900639,71.06718241,72.37413025,462400,yfinance
2020-06-26,71.7852068,72.64036685,71.05912461,71.55124664,925500,yfinance
2020-06-29,72.19459524,73.34286474,70.88344644,73.204422,555800,yfinance
2020-06-30,73.17184442,74.98790966,73.17184442,74.28754425,721700,yfinance
2020-07-01,74.52373153,76.70626479,73.70120802,76.39679718,481800,yfinance
2020-07-02,77.66720687,77.88708613,75.80228111,76.20132446,782300,yfinance
2020-07-06,77.85452,77.85452,74.77617277,74.89833069,444300,yfinance
2020-07-07,73.78264196,74.46672267,72.96011848,73.05784607,666700,yfinance
2020-07-08,73.08225528,73.66046272,72.54476921,72.87052155,415500,yfinance
2020-07-09,72.4633618,72.74024736,71.83628722,72.18647003,384200,yfinance
2020-07-10,72.26787527,73.41615081,72.12128703,72.78093719,387300,yfinance
2020-07-13,73.14740855,74.22238692,72.15386671,73.12297821,547500,yfinance
2020-07-14,73.11484096,74.18981945,72.72394308,73.86406708,540400,yfinance
2020-07-15,74.77616664,75.21593138,73.94550405,74.46670532,775300,yfinance
2020-07-16,74.22239763,74.39341624,73.17999496,73.26957703,569000,yfinance
2020-07-17,73.53832358,74.0513794,72.61807262,73.87221527,715900,yfinance
2020-07-20,73.3265947,73.95366302,71.96658496,72.35748291,682600,yfinance
2020-07-21,71.901409,72.96824181,71.51050496,71.7792511,506300,yfinance
2020-07-22,71.45351818,73.75820923,71.2987906,73.75820923,597800,yfinance
2020-07-23,73.35914215,74.07579226,72.33302454,73.23698425,502700,yfinance
2020-07-24,73.42432464,73.42432464,72.46335833,72.91126251,616200,yfinance
2020-07-27,72.61807582,72.82167029,71.4128,72.68322754,503600,yfinance
2020-07-28,72.56921455,74.21425516,72.27603802,73.77449036,466300,yfinance
2020-07-29,74.2712691,74.62145188,73.1311449,74.34456635,653700,yfinance
2020-07-30,73.26958142,75.92445514,73.03341108,75.71271515,803000,yfinance
2020-07-31,75.10193494,75.28923839,71.66525902,73.95365906,2176100,yfinance
2020-08-03,73.74192233,73.85593474,71.20106101,72.65879822,702700,yfinance
2020-08-04,72.29232568,73.0415581,71.06261949,72.77281189,656900,yfinance
2020-08-05,73.19628313,73.19628313,71.85256457,72.43891144,630400,yfinance
2020-08-06,71.95843908,73.39174607,71.86885701,73.00898743,434700,yfinance
2020-08-07,72.73207739,72.91124149,71.87698445,72.39818573,935200,yfinance
2020-08-10,72.43890317,73.31028717,71.79555017,72.38189697,564500,yfinance
2020-08-11,73.00081644,73.88849136,72.5366214,72.78093719,794400,yfinance
2020-08-12,73.10668901,73.75004819,72.41446915,73.61975098,584800,yfinance
2020-08-13,73.10669308,74.100235,71.45350712,71.61638641,795900,yfinance
2020-08-14,71.33135768,72.67508246,71.16033906,71.81184387,382600,yfinance
2020-08-17,71.86886228,72.38191821,71.39652153,72.34934235,458900,yfinance
2020-08-18,72.40633172,72.59363513,71.44536569,71.99099731,362800,yfinance
2020-08-19,72.06430364,72.06430364,70.27267463,70.73686981,828900,yfinance
2020-08-20,70.41110915,72.41447794,70.36224847,71.46980286,423400,yfinance
2020-08-21,71.49424123,71.98286675,69.8573398,71.38837433,452900,yfinance
2020-08-24,71.39652825,71.86072353,69.82477823,71.795578,402600,yfinance
2020-08-25,71.90958387,72.67509501,71.35580655,72.59365845,599600,yfinance
2020-08-26,72.2760373,72.2760373,70.23194707,70.6309967,385500,yfinance
2020-08-27,71.03003766,73.09855816,71.03003766,73.02526093,547400,yfinance
2020-08-28,73.24514793,74.19796855,72.02358112,74.17353821,961200,yfinance
2020-08-31,73.78263283,74.25497348,73.38358942,74.05952454,900300,yfinance
2020-09-01,73.53832875,74.12467563,72.77281151,74.10839081,714500,yfinance
2020-09-02,73.98622993,74.82503816,73.48131961,74.75174713,837600,yfinance
2020-09-03,75.06119907,76.38863884,74.13280889,75.04491425,695200,yfinance
2020-09-04,75.6638362,76.71437798,74.77616126,75.89186096,889200,yfinance
2020-09-08,75.0775042,75.72900282,73.37545107,74.14096832,945800,yfinance
2020-09-09,74.55628737,75.8837209,73.89663715,74.46670532,906000,yfinance
2020-09-10,74.40970778,74.63773259,73.35101407,73.65233612,702600,yfinance
2020-09-11,73.65234202,73.66048132,72.02358616,73.04969788,731700,yfinance
2020-09-14,73.60347139,76.49451538,73.60347139,75.90001678,712900,yfinance
2020-09-15,75.63125825,76.33162356,74.57256477,74.93089294,782800,yfinance
2020-09-16,75.3869573,76.47008133,74.89018632,75.33809662,607800,yfinance
2020-09-17,74.67844442,75.28922779,73.73376937,74.3771286,879600,yfinance
2020-09-18,74.00251939,74.16539248,72.31675745,72.4552002,1392800,yfinance
2020-09-21,71.26621816,71.76298922,70.19123949,70.52513123,1289600,yfinance
2020-09-22,70.61470883,72.78909639,70.61470883,72.17017365,804700,yfinance
2020-09-23,72.21089602,73.26958991,71.66526425,71.68154907,1080400,yfinance
2020-09-24,71.66524203,72.47147426,71.09518009,71.84440613,1152500,yfinance
2020-09-25,71.89326849,73.58717574,71.57566165,73.5708847,740500,yfinance
2020-09-28,74.75174344,75.32995097,74.02694766,74.08395386,627000,yfinance
2020-09-29,73.55793912,74.20722224,72.6456558,73.4921875,623700,yfinance
2020-09-30,74.06751584,74.32229556,72.40732172,73.13057709,782100,yfinance
2020-10-01,73.27028969,75.62907118,73.04016528,75.60441589,590700,yfinance
2020-10-02,74.57707708,78.26730734,73.77985582,77.94676971,816600,yfinance
2020-10-05,78.56317609,79.40149367,77.64267837,79.36039734,812600,yfinance
2020-10-06,79.78778193,80.55212742,78.62071866,79.6151886,1001900,yfinance
2020-10-07,80.01788752,80.24801191,78.72754181,79.3110733,584800,yfinance
2020-10-08,79.73845599,80.65895994,79.19602076,80.59320831,415300,yfinance
2020-10-09,81.00415645,81.35756364,78.99878179,79.1631546,544600,yfinance
2020-10-12,79.36861361,80.27267651,78.92479954,79.82064819,770500,yfinance
2020-10-13,79.29464797,80.19049035,78.47277146,79.26177216,617300,yfinance
2020-10-14,79.02342141,79.21244948,78.07826225,78.23442078,744200,yfinance
2020-10-15,77.43720817,78.67002298,77.15776689,77.64267731,435900,yfinance
2020-10-16,77.39612237,77.39612237,75.47293403,75.7605896,640400,yfinance
2020-10-19,76.27833875,76.27833875,74.70033773,74.78252411,628000,yfinance
2020-10-20,75.35786167,75.88386215,74.63460631,75.02088928,569500,yfinance
2020-10-21,75.07019806,75.94961195,74.52776282,75.07019806,690100,yfinance
2020-10-22,75.16060827,76.46739525,75.16060827,75.77701569,426900,yfinance
2020-10-23,76.22906551,76.56603798,75.60443745,75.93318939,340900,yfinance
2020-10-26,75.43183065,75.43183065,73.69767058,74.6428299,471400,yfinance
2020-10-27,74.52774945,75.44825324,73.39356232,73.39356232,775600,yfinance
2020-10-28,72.32513783,72.65388971,71.58544767,72.47307587,1431100,yfinance
2020-10-29,72.25118117,73.66480377,71.32245651,72.16077423,1131000,yfinance
2020-10-30,72.8757844,76.49204209,72.59634941,75.80988312,1202000,yfinance
2020-11-02,76.27015175,77.81527752,75.5140205,77.67556,672700,yfinance
2020-11-03,78.62071738,81.37400269,78.02074471,80.85621643,418500,yfinance
2020-11-04,80.76579417,81.32467039,79.70557909,80.03432465,799500,yfinance
2020-11-05,80.60144292,81.10278817,79.75491097,80.10009766,503800,yfinance
2020-11-06,80.0014593,80.35486646,78.15223708,78.57139587,977600,yfinance
2020-11-09,84.56287655,90.40641925,80.7411494,81.03702545,1344300,yfinance
2020-11-10,80.12474688,84.72725452,80.12474688,83.33828735,1096000,yfinance
2020-11-11,83.68348315,83.68348315,81.85891592,82.18766785,970800,yfinance
2020-11-12,81.47261666,82.35202428,80.63430537,82.11368561,626900,yfinance
2020-11-13,82.71366464,83.36294794,82.12191246,82.44244385,1224400,yfinance
2020-11-16,84.40673033,85.37654504,82.39313502,83.63417053,623700,yfinance
2020-11-17,83.37114169,84.18479754,82.09723079,83.67523193,799800,yfinance
2020-11-18,83.77389993,83.88896217,80.453517,80.4781723,677100,yfinance
2020-11-19,80.03433318,80.8562097,79.13027027,80.42061615,841200,yfinance
2020-11-20,80.40418075,82.30271349,79.65627011,81.94108582,1156000,yfinance
2020-11-23,82.63969547,82.63969547,80.95484592,81.06990814,745200,yfinance
2020-11-24,81.97395524,82.87801808,81.60411335,82.34380341,774100,yfinance
2020-11-25,82.25342128,82.60682851,80.38775767,81.05348206,759500,yfinance
2020-11-27,81.10276604,81.34933148,79.22888879,80.3302002,478500,yfinance
2020-11-30,79.85354916,81.26717192,79.64807997,81.22608185,3660100,yfinance
2020-12-01,82.36846541,82.36846541,80.8151193,81.13565063,512300,yfinance
2020-12-02,81.12741479,84.02042309,80.20691101,81.53835297,568600,yfinance
2020-12-03,81.54658448,82.84515081,81.39864646,82.24517822,615800,yfinance
2020-12-04,82.68900333,83.28075548,81.7109682,82.79584503,642800,yfinance
2020-12-07,82.2944993,83.53553468,82.2944993,83.09172058,424300,yfinance
2020-12-08,82.804055,83.15746213,81.70274353,81.70274353,460100,yfinance
2020-12-09,82.08080712,82.74652507,79.59873662,80.79867554,544100,yfinance
2020-12-10,80.19047542,81.143855,78.78506761,78.8097229,618400,yfinance
2020-12-11,78.16044198,79.20422849,78.16044198,78.86725616,480000,yfinance
2020-12-14,79.32750807,80.46170153,78.60425909,79.3110733,737500,yfinance
2020-12-15,79.91624636,81.33384705,78.9628874,81.33384705,656800,yfinance
2020-12-16,81.75665021,82.58565698,81.36701601,81.74006653,729100,yfinance
2020-12-17,82.12140506,83.0001565,81.14317686,82.70999908,726300,yfinance
2020-12-18,83.46441623,83.93694991,79.51834155,79.98258972,943800,yfinance
2020-12-21,78.64787162,80.66235825,78.53181118,80.57945251,702600,yfinance
2020-12-22,80.50485416,81.59085109,80.18983384,81.32556915,513300,yfinance
2020-12-23,81.7898226,82.35354121,80.54631227,80.70381927,566400,yfinance
2020-12-24,80.89449152,81.88929723,80.56288751,81.82297516,229300,yfinance
2020-12-28,82.08824947,82.88410156,81.46649438,82.15457153,496400,yfinance
2020-12-29,82.39498369,83.09963819,81.19292639,81.68203735,372600,yfinance
2020-12-30,81.64058767,82.69342346,81.22608429,81.84783936,499700,yfinance
2020-12-31,81.95562058,83.08307044,80.77843233,82.83436584,386000,yfinance
2021-01-04,82.71832265,83.02505754,79.68416013,79.83338165,523900,yfinance
2021-01-05,79.83337041,80.43025009,78.41576298,79.20332336,851100,yfinance
2021-01-06,79.53491253,81.57426845,79.04579524,81.2758255,860900,yfinance
2021-01-07,81.26754503,81.41676652,79.66756146,80.23957825,530200,yfinance
2021-01-08,80.23957825,80.62092066,79.46860158,80.23957825,371700,yfinance
2021-01-11,79.66754886,80.45510908,79.4934582,79.59294128,722600,yfinance
2021-01-12,79.34424616,80.30589716,78.7722294,80.08206177,822400,yfinance
2021-01-13,80.07376259,81.20121233,79.59294346,80.47998047,886900,yfinance
2021-01-14,81.15148187,82.56908286,80.43024362,82.22090149,444900,yfinance
2021-01-15,81.97219998,83.99497884,81.46650526,83.3815155,521700,yfinance
2021-01-19,83.55561022,83.64680149,82.58567362,82.75147247,538000,yfinance
2021-01-20,82.79291026,85.31309166,82.27892378,85.08925629,593800,yfinance
2021-01-21,84.5338243,85.17215675,83.48098212,85.03122711,369500,yfinance
2021-01-22,84.64989102,85.27164617,83.829176,85.01465607,422000,yfinance
2021-01-25,84.69962863,85.55350468,83.93694384,85.14729309,380000,yfinance
2021-01-26,85.06440149,86.24988165,84.84056608,85.88511658,382400,yfinance
2021-01-27,85.44572993,86.87162262,83.89548495,84.22708893,524800,yfinance
2021-01-28,84.32656194,86.15866597,84.08614923,85.20530701,486100,yfinance
2021-01-29,84.71619783,86.24156714,83.05818441,84.6830368,549600,yfinance
2021-02-01,85.26334658,87.04571243,83.95351434,86.95452118,541100,yfinance
2021-02-02,87.269551,87.94933638,86.04262436,86.43225861,656200,yfinance
2021-02-03,85.66128538,86.3162016,85.01466101,86.00117493,738700,yfinance
2021-02-04,85.98458704,86.87991591,85.13899655,85.90168762,1082300,yfinance
2021-02-05,86.29131085,86.51514622,83.2322802,84.39289093,1321200,yfinance
2021-02-08,84.2934299,84.53384268,83.23230198,84.52555084,1370700,yfinance
2021-02-09,84.94002992,85.87680526,83.81258024,83.84574127,769100,yfinance
2021-02-10,83.61363014,85.86023791,83.00845237,85.73588562,821000,yfinance
2021-02-11,86.16698075,88.01566263,85.73589361,87.87473297,851600,yfinance
2021-02-12,87.82498487,89.56589793,87.57628029,88.3223877,1084400,yfinance
2021-02-16,88.25606773,88.48818864,87.09545689,88.20632935,581200,yfinance
2021-02-17,88.21462331,88.91098604,87.0457206,87.09545898,527000,yfinance
2021-02-18,86.79701973,87.65918766,85.96801283,86.05091858,564100,yfinance
2021-02-19,86.44054933,87.26955625,85.90169989,87.15349579,546800,yfinance
2021-02-22,85.30478964,87.47678312,85.30478964,86.99596405,1027900,yfinance
2021-02-23,87.369058,89.4498676,86.29963808,89.19287109,963900,yfinance
2021-02-24,89.38353668,89.69027155,87.8581668,88.50479126,1066800,yfinance
2021-02-25,88.91099379,89.44155772,86.85505381,87.42707062,652900,yfinance
2021-02-26,87.6426127,87.83328075,86.24158898,86.34107208,626600,yfinance
2021-03-01,87.87471245,88.47989014,86.12550776,86.22499084,771500,yfinance
2021-03-02,85.83538762,86.77216328,84.99808876,86.03434753,689600,yfinance
2021-03-03,85.0146443,86.38250037,84.5669799,85.57836914,798900,yfinance
2021-03-04,85.82706842,85.82706842,82.65197103,83.25714874,1142300,yfinance
2021-03-05,83.73799018,85.43745056,83.14110419,85.13072205,981100,yfinance
2021-03-08,85.58667967,86.97112615,84.89860868,85.4706192,477600,yfinance
2021-03-09,85.9265557,87.21151244,84.83226699,84.96490479,836700,yfinance
2021-03-10,84.91517063,86.70582211,84.33486837,86.06748962,582400,yfinance
2021-03-11,86.15868036,87.04571741,85.64469384,86.25816345,830300,yfinance
2021-03-12,86.20841674,88.51305467,86.20841674,88.38041687,692600,yfinance
2021-03-15,88.97730805,91.67158035,88.22290877,91.4311676,757100,yfinance
2021-03-16,91.63011662,91.91198221,90.06329434,90.94203949,727900,yfinance
2021-03-17,90.94204632,91.07469045,89.99697905,90.73479462,851600,yfinance
2021-03-18,90.20424474,91.85397314,90.10476796,91.78765106,977100,yfinance
2021-03-19,92.01977212,92.061225,88.72032166,88.72032166,1273700,yfinance
2021-03-22,88.43842199,90.05498229,88.43842199,89.69022369,375900,yfinance
2021-03-23,89.35864994,91.0581102,88.78663318,90.28713989,494400,yfinance
2021-03-24,90.99179156,91.72960713,90.15449289,90.86743927,776400,yfinance
2021-03-25,90.41148196,92.06121009,89.3420624,91.26535797,569700,yfinance
2021-03-26,91.97832611,93.86017559,91.7047586,93.71924591,530500,yfinance
2021-03-29,93.44566545,93.71923926,91.4145946,92.26018524,495200,yfinance
2021-03-30,92.06808096,93.00354135,91.95114204,92.7780304,691600,yfinance
2021-03-31,92.8531739,93.36266831,91.75901691,91.80078125,807400,yfinance
2021-04-01,92.12654175,92.97847974,91.58363702,92.92836761,649400,yfinance
2021-04-05,93.39609688,93.72183844,91.23283852,92.53580475,790800,yfinance
2021-04-06,92.33535726,93.02859841,91.67551995,92.96178436,972700,yfinance
2021-04-07,93.12046859,94.46519918,92.9033118,94.35662079,647700,yfinance
2021-04-08,94.10604371,94.79929115,93.17893119,93.22904968,507300,yfinance
2021-04-09,93.45456896,94.13110818,93.27081599,93.82207489,524200,yfinance
2021-04-12,94.1060248,94.15614329,93.05363218,93.7301712,544400,yfinance
2021-04-13,93.45456505,95.12503722,93.18728976,94.95799255,540800,yfinance
2021-04-14,95.16678955,95.55935148,94.74917156,94.85774994,676900,yfinance
2021-04-15,95.28373439,96.20249281,94.8577622,96.16072845,430200,yfinance
2021-04-16,96.61175204,97.1463026,96.02708935,96.92914581,513700,yfinance
2021-04-19,97.22982865,97.84790152,96.69527173,97.82284546,699500,yfinance
2021-04-20,97.82285504,100.02787785,97.82285504,99.80236053,761700,yfinance
2021-04-21,100.02788059,101.25567872,99.78566135,100.77124023,682900,yfinance
2021-04-22,100.97169109,101.4143652,99.76894907,100.03622437,991800,yfinance
2021-04-23,100.22832655,100.5206579,99.06734895,99.15087128,852000,yfinance
2021-04-26,99.18427584,100.80463574,99.18427584,99.73553467,717900,yfinance
2021-04-27,100.15313832,100.52063777,99.51835726,99.902565,632700,yfinance
2021-04-28,100.21997783,100.44549515,98.80007901,99.20098877,589700,yfinance
2021-04-29,99.39308025,100.37865895,99.29284964,100.27008057,515300,yfinance
2021-04-30,99.55178668,100.83805096,98.69149457,100.62924194,1015100,yfinance
2021-05-03,101.36423094,101.41434306,99.8858598,100.21995544,528300,yfinance
2021-05-04,100.13645415,101.25567382,99.19263966,99.65201569,450100,yfinance
2021-05-05,99.43485292,99.43485292,97.78108276,98.57455444,506000,yfinance
2021-05-06,99.20932155,101.35587761,99.20932155,101.03013611,489000,yfinance
2021-05-07,100.80464082,102.56698939,100.80464082,102.47511292,534800,yfinance
2021-05-10,103.00132094,104.14559675,102.86768647,102.95955658,749700,yfinance
2021-05-11,102.40828055,102.78413418,101.66492106,102.38322449,866300,yfinance
2021-05-12,102.50851661,102.83425813,99.76893719,99.95269012,791200,yfinance
2021-05-13,100.06127936,102.90107677,99.76894165,101.89879608,745200,yfinance
2021-05-14,102.10758855,103.04305505,101.84031332,102.12429047,453400,yfinance
2021-05-17,102.66720792,103.39386554,101.7818598,102.81755066,452000,yfinance
2021-05-18,102.47512491,102.96791118,102.04915269,102.34148407,369400,yfinance
2021-05-19,101.68997843,101.85702307,100.33689387,101.71503448,723300,yfinance
2021-05-20,100.95497156,103.24351628,100.77121863,102.7924881,1024600,yfinance
2021-05-21,102.74238921,103.17670916,102.11596217,102.65886688,715000,yfinance
2021-05-24,103.24353621,104.44627825,103.16001388,104.09547424,527400,yfinance
2021-05-25,104.10380866,105.20631986,103.2017523,104.65506744,897900,yfinance
2021-05-26,104.65508355,105.84111726,104.52144272,105.03929138,654700,yfinance
2021-05-27,105.139514,105.74088499,103.85324969,104.05371094,903600,yfinance
2021-05-28,104.42954675,105.0893839,103.74465355,104.72187805,674900,yfinance
2021-06-01,105.00587382,106.70140193,104.49637934,106.68470001,865400,yfinance
2021-06-02,107.21925922,108.56398992,106.91022593,108.49716949,2093500,yfinance
2021-06-03,108.22153788,108.53057114,107.1941884,107.87072754,1008500,yfinance
2021-06-04,108.29671259,108.29671259,107.28607133,107.8957901,1130100,yfinance
2021-06-07,108.4303392,109.35743889,108.02106899,108.54727173,1000100,yfinance
2021-06-08,108.99828938,110.44324398,108.61407524,110.27619934,1557900,yfinance
2021-06-09,110.75231911,111.93835292,110.17600413,110.94441986,1490500,yfinance
2021-06-10,110.88592331,113.09930629,110.87757554,112.79026031,792900,yfinance
2021-06-11,113.09933788,113.29143864,112.16386466,112.9740448,891500,yfinance
2021-06-14,112.08869235,112.97404065,111.8798833,112.91558075,831600,yfinance
2021-06-15,112.56476823,112.91556584,111.96339724,112.28913879,507100,yfinance
2021-06-16,112.77360063,113.12439832,111.61262277,111.64602661,447100,yfinance
2021-06-17,111.39542784,112.58982202,110.96946205,112.33924866,517500,yfinance
2021-06-18,112.25570979,112.93226164,110.67711431,110.76064301,1271900,yfinance
2021-06-21,111.37874159,113.31648276,110.88594259,113.12438202,828100,yfinance
2021-06-22,113.27471631,113.35824502,112.36431201,112.74016571,512000,yfinance
2021-06-23,112.43111487,113.60044013,112.08031729,112.99906921,638600,yfinance
2021-06-24,113.28307682,113.56705404,111.98011054,112.74016571,519700,yfinance
2021-06-25,112.28912973,113.24129826,112.16383669,112.94061279,726200,yfinance
2021-06-28,112.98237508,113.07425155,111.31190311,112.57310486,444000,yfinance
2021-06-29,112.53108935,113.36310131,112.32939881,112.57311249,319900,yfinance
2021-06-30,112.7159617,113.32105888,111.33768766,111.49736786,513000,yfinance
2021-07-01,111.4217384,113.07734979,111.15280061,112.18651581,546300,yfinance
2021-07-02,112.56470461,113.66564149,111.62344795,112.80841827,536600,yfinance
2021-07-06,112.78322057,115.1952103,111.62346143,114.98510742,544300,yfinance
2021-07-07,114.75819542,116.09444666,114.0438405,115.4389267,617100,yfinance
2021-07-08,114.50605345,116.80037299,114.39679587,116.67431641,448900,yfinance
2021-07-09,117.5567446,118.66608092,116.74994406,118.6492691,779700,yfinance
2021-07-12,118.42238315,119.79224513,118.26270292,119.46448517,475400,yfinance
2021-07-13,119.17873602,120.21243843,117.83408551,118.42237091,338600,yfinance
2021-07-14,118.54844769,119.69140788,118.01058483,119.32162476,437900,yfinance
2021-07-15,119.31320696,120.30488626,118.5148187,120.21244049,538500,yfinance
2021-07-16,120.86796156,121.48145823,120.20402944,121.03604126,818600,yfinance
2021-07-19,120.44778271,121.14531297,118.84259366,120.11161041,604000,yfinance
2021-07-20,120.81756007,124.25485306,120.12001694,123.36400604,754300,yfinance
2021-07-21,123.1202859,123.95229791,122.77571411,123.03623962,499900,yfinance
2021-07-22,122.95219968,123.33038227,122.18742217,122.65805054,335700,yfinance
2021-07-23,122.53199008,123.91866382,122.53199008,123.73377228,328800,yfinance
2021-07-26,123.58246783,124.18756491,122.49833022,122.96897125,318200,yfinance
2021-07-27,122.79253191,124.32207426,121.98573118,123.40602875,555500,yfinance
2021-07-28,123.25474364,124.04473243,122.45635534,122.76730347,695800,yfinance
2021-07-29,122.69164656,125.28851432,122.58238899,125.01117706,713100,yfinance
2021-07-30,127.44838213,128.27199453,123.59089693,125.54905701,704600,yfinance
2021-08-02,126.27183237,127.30553496,125.67513454,126.16257477,458900,yfinance
2021-08-03,126.06170816,126.54074881,123.73376503,124.6918335,724500,yfinance
2021-08-04,125.18769771,125.22130852,123.78419927,124.37249756,588600,yfinance
2021-08-05,124.9439258,125.62465679,123.64128594,125.28009796,506700,yfinance
2021-08-06,125.85162232,126.0533257,124.04474272,124.27164459,560700,yfinance
2021-08-09,123.79260304,123.79260304,122.33028258,122.75048828,697700,yfinance
2021-08-10,122.89336961,123.17911926,119.96034169,120.29650116,1023300,yfinance
2021-08-11,120.69147352,121.64114245,120.30487866,121.26294708,527200,yfinance
2021-08-12,121.62433886,122.06975588,120.64945856,121.87646484,263400,yfinance
2021-08-13,122.01931166,122.85972291,121.43942585,122.70004272,337400,yfinance
2021-08-16,122.59921721,123.91865642,121.76720532,123.4396286,304600,yfinance
2021-08-17,123.33037227,123.60770957,121.75880706,123.26313782,446200,yfinance
2021-08-18,122.91016388,123.53207291,122.16219827,122.91016388,479900,yfinance
2021-08-19,122.4143215,123.64972722,121.9857035,123.50685883,292300,yfinance
2021-08-20,123.01099282,124.0615069,122.20420519,123.28833008,546700,yfinance
2021-08-23,123.43125131,123.91869159,121.43947986,121.51511383,706900,yfinance
2021-08-24,121.59071186,121.97730674,119.08628955,119.75862122,923900,yfinance
2021-08-25,119.61576259,122.26305351,119.17034555,121.20413971,668000,yfinance
2021-08-26,121.41424503,123.17911423,121.22095399,122.45635986,503000,yfinance
2021-08-27,123.08668531,124.1624111,122.55722191,123.33879852,509400,yfinance
2021-08-30,123.88507109,125.24653371,122.85135564,125.04483032,909900,yfinance
2021-08-31,124.96077395,126.29702501,124.68343665,126.09532166,1113300,yfinance
2021-09-01,126.8517184,128.5829641,126.64161552,128.17115784,1585100,yfinance
2021-09-02,128.46528969,128.8854954,127.38116461,128.58294678,1063800,yfinance
2021-09-03,128.24675542,129.28885711,127.36432108,128.95269775,608600,yfinance
2021-09-07,128.95276495,128.95276495,125.45664942,126.45674133,723000,yfinance
2021-09-08,125.74234053,129.46536944,125.24650092,128.70059204,871500,yfinance
2021-09-09,128.2888089,128.57455856,126.35587274,126.49874115,945000,yfinance
2021-09-10,126.45669361,127.66688797,125.90201905,125.91883087,1106200,yfinance
2021-09-13,126.32225376,127.36436866,126.08693956,126.38948822,404400,yfinance
2021-09-14,126.89372597,127.65009112,126.11213667,127.01138306,564200,yfinance
2021-09-15,127.19627122,128.37284206,126.68361975,126.99456787,573900,yfinance
2021-09-16,126.70044318,127.36437549,125.57429475,126.52396393,405400,yfinance
2021-09-17,126.95254123,127.01977568,124.65822175,124.67503357,1308600,yfinance
2021-09-20,123.5320955,125.70875829,122.80092875,124.96079254,698500,yfinance
2021-09-21,125.82637346,127.5744304,125.79274983,126.18774414,837500,yfinance
2021-09-22,126.96099263,127.65012351,126.52397499,126.69205475,976400,yfinance
2021-09-23,127.65849444,128.38966112,126.61639245,126.98617554,433100,yfinance
2021-09-24,126.7256305,127.75934576,125.81799746,125.85160828,399200,yfinance
2021-09-27,127.04499539,127.28030957,123.68334964,123.73377228,557100,yfinance
2021-09-28,122.83455438,124.92717092,122.20424572,124.44814301,739100,yfinance
2021-09-29,125.14957637,127.38076762,125.10731637,126.84832001,797300,yfinance
2021-09-30,127.43997374,127.66816751,124.60027344,124.63408661,529900,yfinance
2021-10-01,125.54682555,127.22866299,124.00864893,126.3835144,327600,yfinance
2021-10-04,126.0877144,128.0822655,125.71584698,127.89633179,492900,yfinance
2021-10-05,128.62317238,128.62317238,126.94132196,127.95549774,747700,yfinance
2021-10-06,127.37232134,129.1809384,124.40584219,129.14712524,545100,yfinance
2021-10-07,129.14715215,130.10217417,128.25974356,128.54710388,423700,yfinance
2021-10-08,128.30201204,128.74149294,127.2371294,127.4568634,298900,yfinance
2021-10-11,127.19485673,128.28509269,126.38350845,127.6765976,231700,yfinance
2021-10-12,128.76683786,130.73603559,127.6427887,130.3134613,903900,yfinance
2021-10-13,130.5247294,132.61224711,129.81480779,132.47702026,680800,yfinance
2021-10-14,133.21231963,134.23495512,132.61227134,133.93914795,494200,yfinance
2021-10-15,134.06593084,134.74203943,131.9784127,132.61227417,398300,yfinance
2021-10-18,132.31645999,134.41242487,131.792472,134.31945801,629600,yfinance
2021-10-19,134.74200783,134.74200783,131.75863491,131.84315491,415800,yfinance
2021-10-20,131.96992604,133.525009,131.9192192,133.50810242,328100,yfinance
2021-10-21,133.31375856,133.88845348,132.7306039,133.81239319,244900,yfinance
2021-10-22,134.21804288,135.07165119,133.66870146,134.42088318,324600,yfinance
2021-10-25,134.725142,134.725142,132.95032477,133.44895935,332600,yfinance
2021-10-26,133.61799576,135.16460631,132.24039944,134.61526489,428400,yfinance
2021-10-27,134.92797754,135.0209444,133.92226147,134.75050354,580400,yfinance
2021-10-28,135.25758303,137.75078184,135.25758303,137.63246155,545500,yfinance
2021-10-29,137.63241713,138.80717285,135.30825912,137.84370422,783200,yfinance
2021-11-01,138.02967544,138.30011629,133.18696468,136.52529907,534800,yfinance
2021-11-02,136.87180686,137.5901883,135.23221659,136.55065918,524500,yfinance
2021-11-03,137.20139308,138.77336968,136.79572544,138.02964783,749100,yfinance
2021-11-04,138.02968791,138.02968791,134.97870068,135.66326904,532500,yfinance
2021-11-05,135.84073659,136.78731183,135.18152169,136.39009094,275500,yfinance
2021-11-08,136.71970082,137.17607542,135.13081723,136.79576111,326500,yfinance
2021-11-09,137.20988329,137.8521916,136.34782809,137.71696472,279000,yfinance
2021-11-10,137.42116825,139.39881288,137.42116825,139.11146545,554400,yfinance
2021-11-11,139.28894627,140.62428268,138.09728359,140.6073761,595800,yfinance
2021-11-12,140.86937294,141.41028047,139.45797622,139.99887085,460600,yfinance
2021-11-15,139.70306449,141.94270309,139.1621699,141.92579651,359300,yfinance
2021-11-16,141.92578577,141.92578577,139.01848567,139.50021362,474100,yfinance
2021-11-17,139.33965817,140.75951465,135.67171601,140.71725464,602400,yfinance
2021-11-18,141.19896751,141.19896751,139.30583021,140.09181213,555300,yfinance
2021-11-19,139.79601404,140.83554306,138.92551213,140.50593567,525200,yfinance
2021-11-22,140.49751396,141.71451716,139.23823784,140.69189453,485200,yfinance
2021-11-23,140.37918856,142.75405408,139.8044808,141.63000488,563800,yfinance
2021-11-24,141.31729426,144.66407528,141.30038768,144.25840759,469400,yfinance
2021-11-26,142.6441796,144.01331621,140.40454097,141.12290955,612300,yfinance
2021-11-29,141.99337367,144.99365298,141.58770606,142.70330811,838600,yfinance
2021-11-30,142.17089142,143.52313427,139.6269989,139.6269989,1537100,yfinance
2021-12-01,140.62427375,142.20469749,137.31973966,137.37890625,674600,yfinance
2021-12-02,138.32549122,143.17664958,137.4042822,142.21318054,692100,yfinance
2021-12-03,142.88927272,143.80202182,140.07492648,141.37644958,737200,yfinance
2021-12-06,142.3398993,145.27256543,142.3398993,143.54000854,732000,yfinance
2021-12-07,145.49229214,145.80500582,143.53155456,144.807724,694800,yfinance
2021-12-08,144.80777272,147.00516446,144.24997149,146.73471069,480100,yfinance
2021-12-09,146.61638019,147.68127572,145.05286297,145.06130981,1356800,yfinance
2021-12-10,145.40782577,147.56295737,144.69790401,146.79386902,607100,yfinance
2021-12-13,146.37127295,149.6504533,145.61909129,148.53485107,648000,yfinance
2021-12-14,148.27286915,148.66163028,145.39935624,146.60792542,630800,yfinance
2021-12-15,146.82022441,150.69262806,146.82022441,150.21707153,834900,yfinance
2021-12-16,150.05570569,150.39539815,147.24481702,148.17895508,472200,yfinance
2021-12-17,147.94968929,149.41033471,144.98593528,145.73324585,1696000,yfinance
2021-12-20,144.39999003,146.62493408,143.79705682,146.02198792,416700,yfinance
2021-12-21,147.00706394,147.8138126,145.54641852,146.48904419,668000,yfinance
2021-12-22,146.11538723,148.37429383,146.11538723,148.15350342,960700,yfinance
2021-12-23,149.04515617,149.04515617,146.16632873,147.32975769,372300,yfinance
2021-12-27,147.21933855,150.00475184,146.82869547,149.93681335,274700,yfinance
2021-12-28,149.93682604,150.6501608,149.54619588,150.13214111,414700,yfinance
2021-12-29,150.45480758,151.2275932,148.79884766,150.8709259,630100,yfinance
2021-12-30,151.03230207,152.05984094,150.41236821,151.31253052,394700,yfinance
2021-12-31,151.30407398,153.17233746,151.30407398,151.73716736,434700,yfinance
2022-01-03,151.83906715,152.30613622,148.23840458,149.84341431,525900,yfinance
2022-01-04,149.74151968,152.28066765,149.60564268,149.73303223,809800,yfinance
2022-01-05,149.73306008,150.19162884,146.51453947,146.80326843,537100,yfinance
2022-01-06,146.58243808,148.09403393,144.91797737,145.1812439,331400,yfinance
2022-01-07,144.39148493,144.56982511,141.50416992,141.72496033,934200,yfinance
2022-01-10,140.9096835,142.8628729,139.93309528,140.53604126,1004300,yfinance
2022-01-11,140.71436743,140.91818289,138.14974462,140.68040466,1478800,yfinance
2022-01-12,140.6804463,144.22165837,140.6804463,143.29602051,811400,yfinance
2022-01-13,143.63568402,144.55283433,143.12615176,143.24504089,582300,yfinance
2022-01-14,143.23654545,143.23654545,139.21977746,140.62097168,548700,yfinance
2022-01-18,140.00107401,140.52758124,137.58931533,139.83972168,780500,yfinance
2022-01-19,140.37471336,141.61455533,137.93746668,137.99691772,539800,yfinance
2022-01-20,138.03940874,139.27076351,134.55763447,134.60009766,656500,yfinance
2022-01-21,135.3218968,136.3409483,133.75084989,133.90370178,693100,yfinance
2022-01-24,133.12243709,134.35380456,129.33495971,134.16697693,846200,yfinance
2022-01-25,132.73182081,133.48761887,130.09077132,132.27323914,844700,yfinance
2022-01-26,132.42609563,134.4557114,130.41346773,131.16926575,979300,yfinance
2022-01-27,131.96751823,133.01205815,127.63654551,127.81487274,1504800,yfinance
2022-01-28,128.15456838,134.48968177,127.08455311,134.45571899,1615400,yfinance
2022-01-31,133.98864015,136.16262034,133.28379278,135.95031738,1073700,yfinance
2022-02-01,136.91841255,137.69119838,134.09903616,135.44927979,784500,yfinance
2022-02-02,135.8314374,139.70384149,135.8314374,138.5234375,816300,yfinance
2022-02-03,137.37697338,141.26636432,137.06275625,140.29826355,1155400,yfinance
2022-02-04,138.42152275,142.86289681,137.57231095,141.17297363,992900,yfinance
2022-02-07,141.0455905,142.55718653,137.57231721,137.74215698,1083200,yfinance
2022-02-08,137.69118983,138.74421704,136.451335,137.75064087,1046500,yfinance
2022-02-09,139.72929123,142.63360672,139.22825942,142.5316925,773100,yfinance
2022-02-10,140.35774467,143.16014659,138.86313636,139.40663147,2085900,yfinance
2022-02-11,140.44265634,142.16655532,139.74629642,140.91821289,1224300,yfinance
2022-02-14,141.15599327,142.09013148,137.07977384,137.59779358,1122600,yfinance
2022-02-15,138.26866737,139.38962018,137.76762258,138.10731506,693300,yfinance
2022-02-16,138.141286,139.61891924,136.94389422,139.07542419,658700,yfinance
2022-02-17,138.85461761,139.05843311,137.02881741,137.427948,538700,yfinance
2022-02-18,137.12221092,138.64229413,136.36641304,137.48736572,551000,yfinance
2022-02-22,136.62966326,139.62737938,135.62759973,138.77816772,772500,yfinance
2022-02-23,139.20282425,140.4766422,136.73161431,137.67424011,1190300,yfinance
2022-02-24,135.20303342,138.79519616,134.76992706,138.37059021,561300,yfinance
2022-02-25,138.56588294,142.75250371,138.14127706,142.7440033,720500,yfinance
2022-02-28,140.65497273,142.22600699,138.84614721,140.21337891,951000,yfinance
2022-03-01,140.06050697,141.64004156,138.20074387,139.10090637,973500,yfinance
2022-03-02,139.78028695,142.20053314,138.21772717,141.9118042,877600,yfinance
2022-03-03,142.66757735,143.79703056,141.08804294,142.7440033,550700,yfinance
2022-03-04,141.20697908,146.59948079,140.91825009,146.37867737,587300,yfinance
2022-03-07,145.90306386,147.63546303,144.32352954,144.5188446,760100,yfinance
2022-03-08,144.41697331,144.81610394,141.10505209,142.20903015,792800,yfinance
2022-03-09,144.27260153,145.39356739,143.11767289,143.50831604,973300,yfinance
2022-03-10,143.20258682,143.84798311,142.39582527,143.44885254,888900,yfinance
2022-03-11,144.42545924,145.35958446,140.63796885,141.11352539,371400,yfinance
2022-03-14,141.86082564,142.56567295,138.59135522,139.77175903,797600,yfinance
2022-03-15,141.31733408,141.47018597,138.67628495,140.7568512,525200,yfinance
2022-03-16,141.86082463,142.81193764,138.32810066,141.52963257,762700,yfinance
2022-03-17,141.24088994,143.0072388,141.24088994,142.47224426,882500,yfinance
2022-03-18,140.99458244,142.76943134,139.80569154,139.90759277,1593500,yfinance
2022-03-21,140.35768328,140.91816601,139.20275506,140.06895447,1836600,yfinance
2022-03-22,140.06899553,141.14749814,137.63176183,138.14128113,1148500,yfinance
2022-03-23,138.84612847,139.5255005,137.06277852,138.14128113,708800,yfinance
2022-03-24,138.22620048,139.26223985,137.5723038,139.109375,640500,yfinance
2022-03-25,139.57640081,140.27274749,139.10084445,139.90759277,770700,yfinance
2022-03-28,140.98618334,145.11335428,139.95014363,143.37246704,2579300,yfinance
2022-03-29,144.36601482,145.7077711,143.21108618,145.49546814,902900,yfinance
2022-03-30,144.12920525,144.98310188,141.82368698,144.82940674,1673500,yfinance
2022-03-31,145.74310241,145.78579985,141.88349818,141.91764832,1645700,yfinance
2022-04-01,142.34456984,146.96415387,142.04571382,146.52867126,22117100,yfinance
2022-04-04,146.84464254,149.05623226,142.75446932,144.30003357,1538800,yfinance
2022-04-05,144.31707173,148.27915176,144.22314257,145.08558655,1232500,yfinance
2022-04-06,145.76016924,150.02111861,144.41101084,149.61125183,1080800,yfinance
2022-04-07,149.07330629,149.07330629,146.79340338,147.39112854,1265500,yfinance
2022-04-08,144.9404331,145.11120984,142.60075141,143.63397217,2070500,yfinance
2022-04-11,143.50590579,144.76966951,140.850286,141.52487183,1174600,yfinance
2022-04-12,141.41382973,142.6007456,140.63678062,141.08081055,903000,yfinance
2022-04-13,141.41381845,141.95177748,139.74017535,140.93563843,591300,yfinance
2022-04-14,141.38821273,142.05425109,140.17568101,140.56846619,675500,yfinance
2022-04-18,140.27815246,141.21744407,138.54474316,139.253479,737500,yfinance
2022-04-19,140.15863162,141.83227522,139.84269395,141.52487183,770000,yfinance
2022-04-20,141.96032054,144.69278726,141.5333722,144.33415222,770800,yfinance
2022-04-21,145.20510163,147.16051887,144.22311284,145.70036316,1241500,yfinance
2022-04-22,145.70892679,145.70892679,142.57512758,142.66052246,919500,yfinance
2022-04-25,142.37019653,142.48120727,138.28857125,140.20983887,874100,yfinance
2022-04-26,140.0475761,141.46504758,138.9545895,139.12536621,986600,yfinance
2022-04-27,139.26198655,141.06370881,137.98968902,138.08361816,1087900,yfinance
2022-04-28,138.41663566,139.3302982,136.31604442,138.45932007,1187900,yfinance
2022-04-29,137.3834521,140.3806251,133.89101741,133.96786499,1363700,yfinance
2022-05-02,134.6082416,135.40237211,126.04366088,128.39187622,872600,yfinance
2022-05-03,129.12625554,130.98774402,127.7429471,130.31317139,943900,yfinance
2022-05-04,130.03136012,130.66324823,126.54746078,130.46684265,1126800,yfinance
2022-05-05,130.46687375,131.03044871,127.50386413,128.55415344,978100,yfinance
2022-05-06,127.78562944,128.3235885,125.52280851,127.06835938,707000,yfinance
2022-05-09,126.20595708,126.78660068,121.91939124,122.42318726,851200,yfinance
2022-05-10,123.08063313,124.19070111,120.26277225,120.87757874,766400,yfinance
2022-05-11,121.24480788,124.4298392,121.0740181,122.53418732,751200,yfinance
2022-05-12,122.88428853,123.84918303,121.39850344,123.14899445,786000,yfinance
2022-05-13,123.02944682,124.72870607,121.31311902,124.66039276,792300,yfinance
2022-05-16,124.65183731,125.43742071,122.8757306,123.14044952,566500,yfinance
2022-05-17,123.52470647,124.41275336,121.36434875,122.25239563,1136900,yfinance
2022-05-18,122.09868796,122.31216213,117.71819393,118.04267883,909300,yfinance
2022-05-19,117.21438195,119.01610418,117.10337123,117.83772278,664200,yfinance
2022-05-20,119.05883488,119.05883488,116.73624737,118.38426208,1789500,yfinance
2022-05-23,119.24666302,120.81784277,117.24854797,120.26280212,616600,yfinance
2022-05-24,120.05789433,120.8520121,117.84629174,120.59584045,842500,yfinance
2022-05-25,120.51044881,121.24480051,119.09297712,120.91178131,856900,yfinance
2022-05-26,121.55220218,122.67080478,120.68122388,121.16793823,553600,yfinance
2022-05-27,121.55218861,124.08826261,121.01422958,123.79792786,538000,yfinance
2022-05-31,122.85864629,123.61006643,121.58633567,122.52562714,1665000,yfinance
2022-06-01,122.79034333,123.25998911,120.1176426,122.58540344,917200,yfinance
2022-06-02,122.35484149,123.58445471,120.16886821,123.52468872,1088200,yfinance
2022-06-03,122.73911162,123.66132158,121.41556918,122.58540344,616300,yfinance
2022-06-06,123.2343478,123.2343478,119.24663972,119.40888214,869700,yfinance
2022-06-07,119.08443185,121.9449778,118.52939122,121.79128265,738100,yfinance
2022-06-08,121.2533409,121.58636012,118.82827721,118.99905396,509900,yfinance
2022-06-09,118.5037716,118.94780149,115.03695342,115.19919586,855000,yfinance
2022-06-10,114.25138442,114.91742282,113.2010951,113.7305069,726500,yfinance
2022-06-13,111.59575822,112.10808841,107.45435415,108.01792908,721100,yfinance
2022-06-14,108.34241494,108.93160577,106.88225231,107.59098816,746400,yfinance
2022-06-15,108.4021775,111.16880735,107.10425746,109.76841736,1572300,yfinance
2022-06-16,107.53974974,109.78550217,107.53974974,108.94013977,1366000,yfinance
2022-06-17,109.61472045,111.33106123,108.78644608,109.79404449,2945300,yfinance
2022-06-21,110.22953058,113.08154265,110.22953058,111.3225174,1303000,yfinance
2022-06-22,110.69915501,114.28551813,110.69915501,112.62042236,792000,yfinance
2022-06-23,113.14984309,115.09672646,113.14984309,114.94303131,535700,yfinance
2022-06-24,115.14797903,115.68592511,113.96959737,115.36998749,1216100,yfinance
2022-06-27,115.05405038,117.74381988,114.35384881,115.74570465,824700,yfinance
2022-06-28,116.57394983,117.79501553,114.84054104,115.08816528,514600,yfinance
2022-06-29,114.52066384,115.65573009,113.9015523,115.15699005,549600,yfinance
2022-06-30,114.69265151,117.08315548,113.68657723,115.63852692,769900,yfinance
2022-07-01,115.60414549,117.3239334,114.78724885,116.99716949,447300,yfinance
2022-07-05,116.38663329,117.16912669,112.68908725,115.14838409,701100,yfinance
2022-07-06,116.04267043,116.66179504,114.78723278,115.85349274,457600,yfinance
2022-07-07,116.18885594,117.03156139,114.83022205,115.36336517,435600,yfinance
2022-07-08,115.13978566,115.61272992,113.8327564,114.14231873,411800,yfinance
2022-07-11,113.96172743,114.80441971,112.96424745,114.1852951,386300,yfinance
2022-07-12,113.6349435,115.33754241,113.2566013,113.98750305,696800,yfinance
2022-07-13,113.4113965,114.29708609,112.06996422,113.80695343,489300,yfinance
2022-07-14,111.65723021,113.06745571,111.65723021,112.21615601,766100,yfinance
2022-07-15,113.78115493,114.40887374,112.59449728,113.5747757,487700,yfinance
2022-07-18,114.05631256,114.49485367,112.25913767,112.76647186,431300,yfinance
2022-07-19,113.65218558,115.24299469,112.84388314,115.07961273,507500,yfinance
2022-07-20,115.13979261,116.28345312,114.3572991,115.16558838,489700,yfinance
2022-07-21,115.13979835,115.81912194,114.50348521,115.72453308,394400,yfinance
2022-07-22,116.37802885,117.45289615,115.59552231,116.80797577,436600,yfinance
2022-07-25,116.85097934,117.96023667,116.35223931,116.81658936,422100,yfinance
2022-07-26,116.85955433,117.72805541,115.70729987,116.08565521,540500,yfinance
2022-07-27,116.05130922,116.90259595,115.30319246,116.7822113,742900,yfinance
2022-07-28,117.68509652,121.78679468,117.53030877,121.52882385,862700,yfinance
2022-07-29,120.51411454,122.30269527,119.27587845,121.33102417,1062800,yfinance
2022-08-01,120.80649877,121.08165799,118.42458899,119.45645905,1075500,yfinance
2022-08-02,119.59405136,120.19597449,117.73667729,117.86566925,1063500,yfinance
2022-08-03,118.01182396,119.00929075,116.94555098,117.20352173,1400400,yfinance
2022-08-04,117.13475745,118.58798036,115.00222409,117.90006256,992800,yfinance
2022-08-05,117.18636295,118.17523588,116.1630869,118.04625702,765700,yfinance
2022-08-08,118.97491771,120.29914851,118.34719885,118.65676117,886100,yfinance
2022-08-09,119.00932129,121.46861859,118.61377741,121.16766357,828200,yfinance
2022-08-10,122.4574905,123.41197323,121.69218547,123.26579285,508700,yfinance
2022-08-11,123.63552209,124.84797542,123.10239216,123.27436829,528000,yfinance
2022-08-12,123.99670659,125.3123433,123.99670659,125.30374908,458500,yfinance
2022-08-15,125.39831153,126.04323187,124.59860349,125.74226379,426600,yfinance
2022-08-16,125.24353839,127.02352502,125.16615109,126.15503693,457300,yfinance
2022-08-17,125.46710578,126.3012038,124.70180083,126.02603149,595900,yfinance
2022-08-18,125.76807482,126.54198719,123.55815436,123.66994476,671200,yfinance
2022-08-19,123.3259844,123.43777481,122.09634239,122.36290741,688500,yfinance
2022-08-22,121.52021146,121.72657759,119.61124596,119.69722748,527900,yfinance
2022-08-23,119.19846204,119.3446424,115.9222691,116.97993469,578700,yfinance
2022-08-24,117.01437328,118.0376492,116.64461205,117.5647049,638600,yfinance
2022-08-25,118.29561295,118.85453875,117.17774823,118.82874298,709100,yfinance
2022-08-26,118.82873981,118.82873981,115.7933154,115.82770538,696200,yfinance
2022-08-29,115.54394459,115.54394459,113.90155714,113.92735291,511700,yfinance
2022-08-30,114.06492229,114.39168618,111.78620867,112.12156677,952700,yfinance
2022-08-31,112.4053459,112.8352929,110.0836347,110.50497437,1339100,yfinance
2022-09-01,109.95462629,111.12407586,108.17464632,111.01229858,962800,yfinance
2022-09-02,111.69161443,112.35373638,108.69918743,108.93995667,856300,yfinance
2022-09-06,109.49888584,112.19035794,109.49888584,111.86359406,1320900,yfinance
2022-09-07,111.98396108,112.60308564,111.2272635,112.58588409,690600,yfinance
2022-09-08,112.32794573,115.01940475,112.07856915,114.48627472,993900,yfinance
2022-09-09,114.75282251,116.53280894,113.93592604,115.94807434,728700,yfinance
2022-09-12,116.25766032,116.96277967,115.64714296,116.1372757,503600,yfinance
2022-09-13,114.20250569,115.07100691,113.13624566,113.78116608,763700,yfinance
2022-09-14,113.23940524,113.7553336,111.0294721,112.43969727,911200,yfinance
2022-09-15,112.53431589,113.22223366,110.9177242,111.03810883,757900,yfinance
2022-09-16,111.32186463,111.32186463,109.28390726,110.92630768,1160300,yfinance
2022-09-19,109.65366156,110.48776621,108.03706347,109.97182465,775200,yfinance
2022-09-20,109.06893449,109.19791988,105.59496906,106.72142792,824500,yfinance
2022-09-21,107.28036574,108.2348485,105.29400635,105.29400635,670100,yfinance
2022-09-22,105.15641511,106.07650122,103.97835822,105.56916046,885100,yfinance
2022-09-23,104.84687208,107.51254208,104.20195161,104.86406708,1035600,yfinance
2022-09-26,104.27932669,104.43410785,101.51906815,102.08660126,1498700,yfinance
2022-09-27,102.80891195,103.60861354,100.64198222,100.88275146,761700,yfinance
2022-09-28,102.18118961,103.89237656,100.79675996,103.49682617,943200,yfinance
2022-09-29,102.91616291,103.47082634,101.2001684,102.45683289,736300,yfinance
2022-09-30,103.56614002,104.103473,102.55214676,103.52280426,1310700,yfinance
2022-10-03,105.1174835,106.97214051,104.00815668,105.83681488,1133400,yfinance
2022-10-04,106.46080095,107.76946297,105.80214232,106.72080231,925100,yfinance
2022-10-05,105.35149102,105.86282533,102.71683623,103.4968338,723600,yfinance
2022-10-06,103.2801588,103.99082172,100.76683646,100.853508,818000,yfinance
2022-10-07,99.83083874,100.22950263,97.41284998,97.93284607,816700,yfinance
2022-10-10,98.36617485,99.00750313,96.77151933,97.04885101,2083400,yfinance
2022-10-11,96.78019351,98.83418588,96.4075284,98.33152008,731900,yfinance
2022-10-12,97.91551507,97.91551507,96.06085156,97.18751526,501000,yfinance
2022-10-13,95.76620048,99.5361808,95.03820719,99.15485382,560200,yfinance
2022-10-14,100.29018273,100.47218106,95.72286779,95.92220306,608700,yfinance
2022-10-17,97.91551744,100.32483777,97.37818439,100.02150726,721500,yfinance
2022-10-18,101.20882864,102.66482166,99.66617071,100.06483459,1141100,yfinance
2022-10-19,99.26752483,99.44085468,96.84953563,97.6988678,521300,yfinance
2022-10-20,98.21886051,99.16351944,96.71953151,97.30019379,766900,yfinance
2022-10-21,97.59485861,98.73885278,96.00019627,98.70418549,698800,yfinance
2022-10-24,99.80483993,99.91750365,97.4648476,97.93284607,750600,yfinance
2022-10-25,98.49618978,101.80684011,97.8895221,101.20017242,2174300,yfinance
2022-10-26,101.17418643,101.78951606,99.12020038,99.71819305,914200,yfinance
2022-10-27,100.27285488,101.65085178,99.18086483,99.57952881,831800,yfinance
2022-10-28,96.17353128,99.97817883,95.98286449,99.64884949,1126600,yfinance
2022-10-31,99.12885265,100.67151743,98.28819559,100.14285278,1085400,yfinance
2022-11-01,101.11349087,101.11349087,99.51883539,100.01283264,664900,yfinance
2022-11-02,99.57950356,100.46349623,96.76285097,96.97084808,815300,yfinance
2022-11-03,95.98286869,96.69353165,93.63421419,95.40220642,1252200,yfinance
2022-11-04,95.99153753,96.96219527,93.51288232,96.63286591,1211100,yfinance
2022-11-07,97.16153141,97.50819773,94.00688051,95.02087402,984600,yfinance
2022-11-08,95.54953189,95.99153158,94.37953895,95.2028656,596500,yfinance
2022-11-09,94.99487764,95.89620744,94.31888195,94.78688049,575400,yfinance
2022-11-10,98.92084668,101.01816812,98.14951767,100.70616913,736100,yfinance
2022-11-11,100.70617368,101.39950628,99.16351558,99.86551666,725800,yfinance
2022-11-14,99.57951549,100.16017773,96.91019359,96.95352936,868300,yfinance
2022-11-15,98.41818385,99.64884953,97.932855,99.34551239,954600,yfinance
2022-11-16,99.06819153,100.60218791,98.65219722,99.06819153,1650000,yfinance
2022-11-17,97.98485049,99.25017682,97.58618657,98.3835144,1213700,yfinance
2022-11-18,99.59684253,100.229509,98.6435152,99.51017761,769800,yfinance
2022-11-21,99.0421781,100.92283392,98.83418098,100.74950409,880400,yfinance
2022-11-22,101.0615152,101.49484645,100.33351526,101.25218201,633500,yfinance
2022-11-23,101.04415677,101.78082504,100.3768297,101.7288208,598200,yfinance
2022-11-25,101.84149589,102.5694891,101.48616115,102.37882233,302500,yfinance
2022-11-28,101.8761763,102.17950685,99.61418672,99.84818268,1293000,yfinance
2022-11-29,99.83950771,102.1795002,99.38017768,102.04949951,889700,yfinance
2022-11-30,101.26949636,104.31148313,100.48949891,104.28548431,1105300,yfinance
2022-12-01,105.14348125,105.96680788,102.45682916,103.55748749,568400,yfinance
2022-12-02,102.40484621,104.35483687,102.14484481,103.89550018,619400,yfinance
2022-12-05,102.93348844,102.93348844,100.31617095,100.87083435,1164900,yfinance
2022-12-06,101.39083626,101.45150237,98.73018286,99.34551239,987200,yfinance
2022-12-07,99.18084445,100.04750682,98.43551427,99.04217529,1205400,yfinance
2022-12-08,99.23284422,101.14816732,99.12018049,100.71483612,990800,yfinance
2022-12-09,100.66285287,101.59884998,100.1688555,100.53285217,799100,yfinance
2022-12-12,100.35084845,100.8448458,98.62619198,100.78417969,703600,yfinance
2022-12-13,103.72215863,103.99949034,100.87950696,102.64749908,892900,yfinance
2022-12-14,102.46548848,103.78281229,100.76682453,101.20882416,820100,yfinance
2022-12-15,101.20011519,101.86411874,99.48767342,100.23905182,1445800,yfinance
2022-12-16,98.8323919,98.8323919,96.51709855,98.02858734,1596600,yfinance
2022-12-19,97.83638331,97.83638331,95.87056927,96.44720459,669700,yfinance
2022-12-20,95.72202531,96.75298571,94.97938587,95.93171692,918000,yfinance
2022-12-21,96.4122492,97.43447082,96.11519607,96.56077576,578000,yfinance
2022-12-22,95.94044775,96.57824804,94.87453876,96.24624634,713200,yfinance
2022-12-23,96.21130681,97.25099945,95.64340367,97.25099945,472100,yfinance
2022-12-27,97.29467988,97.55679106,96.32487786,97.42573547,311100,yfinance
2022-12-28,97.73152858,98.04605933,95.9229801,95.98413849,438400,yfinance
2022-12-29,96.60446537,99.19060202,96.06277202,98.67512512,946300,yfinance
2022-12-30,98.15089181,98.69258511,96.60445462,97.74899292,555500,yfinance
2023-01-03,98.39553193,98.91100878,96.0889777,96.70056152,556600,yfinance
2023-01-04,97.51311285,99.05955028,97.21605305,98.50912476,2109500,yfinance
2023-01-05,97.73154027,98.02859342,94.88329221,95.81814575,935700,yfinance
2023-01-06,96.09771546,99.90702637,96.03655708,99.60123444,578700,yfinance
2023-01-09,99.12942715,100.09049025,98.45668498,98.73626709,1114800,yfinance
2023-01-10,99.56630434,99.56630434,98.29071014,99.06829834,613200,yfinance
2023-01-11,99.95944941,103.41928085,99.67986061,103.34064484,856600,yfinance
2023-01-12,103.8473957,104.49392818,102.76401568,103.38433838,804500,yfinance
2023-01-13,102.39704356,103.46295244,101.77672096,103.05231476,795300,yfinance
2023-01-17,103.33191567,104.45025099,102.74654156,102.86885834,706500,yfinance
2023-01-18,103.02611263,103.13969725,100.6321902,100.7020874,549100,yfinance
2023-01-19,100.2477649,101.82041861,99.93323416,100.07302856,576400,yfinance
2023-01-20,100.17787205,100.42250558,98.77995472,100.19534302,872800,yfinance
2023-01-23,100.1254344,100.9991293,99.3653241,100.36133575,506000,yfinance
2023-01-24,100.63220085,103.20086655,99.69734737,103.12223053,898700,yfinance
2023-01-25,102.79896167,104.25803079,102.36211415,104.20560455,1782500,yfinance
2023-01-26,104.75603636,105.26278108,103.9434997,104.71234894,623200,yfinance
2023-01-27,104.68614013,106.78300957,104.58129432,106.28500366,639400,yfinance
2023-01-30,105.57731403,106.61701334,104.60751858,104.65119934,564700,yfinance
2023-01-31,104.61624905,107.65671092,104.29298613,107.64797211,1092800,yfinance
2023-02-01,107.0014225,109.12450151,105.8743552,108.11975098,915400,yfinance
2023-02-02,108.97598928,111.48348987,108.97598928,110.35642242,1401900,yfinance
2023-02-03,107.0276423,108.03239293,105.04435749,106.3636322,1328700,yfinance
2023-02-06,104.89583629,107.26354932,104.45025657,106.97523499,860800,yfinance
2023-02-07,106.31995731,108.70514116,105.82195137,108.0411377,1097700,yfinance
2023-02-08,107.30723331,108.76630254,107.20238749,108.28577423,794600,yfinance
2023-02-09,108.73134683,109.16819435,106.42479242,106.66942596,805800,yfinance
2023-02-10,106.1364648,107.4382684,105.79571764,107.30721283,581600,yfinance
2023-02-13,107.56059596,108.73134411,107.40333059,107.63049316,777900,yfinance
2023-02-14,107.35092036,107.90134588,105.86563467,106.80922699,1009100,yfinance
2023-02-15,106.29375843,106.29375843,105.0181576,106.12775421,691700,yfinance
2023-02-16,104.79099322,106.11900685,104.17940265,104.88710022,766300,yfinance
2023-02-17,104.79099322,105.41131595,102.85138902,104.88710022,2437900,yfinance
2023-02-21,104.61624192,104.61624192,102.44074315,103.13970184,739100,yfinance
2023-02-22,103.65517823,104.25802994,102.29221612,102.711586,573500,yfinance
2023-02-23,103.00863898,103.96970212,102.11746637,103.15716553,487500,yfinance
2023-02-24,102.15243585,102.27475263,100.73705396,101.72432709,454500,yfinance
2023-02-27,102.94750147,102.99992105,99.54008904,100.32641602,1280100,yfinance
2023-02-28,100.32640955,101.61947456,100.0206176,100.26525116,1061000,yfinance
2023-03-01,99.30417122,99.55753689,97.25098275,97.8188858,622400,yfinance
2023-03-02,97.36457727,99.78470959,97.21604405,99.60123444,863600,yfinance
2023-03-03,100.40502622,102.16989382,100.18660247,101.46219635,753200,yfinance
2023-03-06,102.16989717,102.95621735,101.8728374,102.38832092,577200,yfinance
2023-03-07,102.33589717,102.42327201,97.67910769,97.871315,1402100,yfinance
2023-03-08,97.7402651,100.31766277,97.7402651,99.05953979,997200,yfinance
2023-03-09,99.29543722,99.3565956,96.54329666,96.79666901,861400,yfinance
2023-03-10,96.84910006,96.97141684,92.41946619,93.40674591,815600,yfinance
2023-03-13,92.93494011,95.94044639,92.62914152,94.84832764,727100,yfinance
2023-03-14,96.13266135,96.42972112,93.90474306,94.5163269,1062200,yfinance
2023-03-15,93.70380071,94.69981261,92.34083847,93.6339035,992100,yfinance
2023-03-16,92.86505652,93.06600267,90.74197708,91.86030579,1059500,yfinance
2023-03-17,91.70302325,91.70302325,88.54024506,88.87225342,2214200,yfinance
2023-03-20,89.03825838,90.48858858,88.38298715,90.2876358,990800,yfinance
2023-03-21,90.76816133,90.88173927,88.05970851,89.28288269,1396600,yfinance
2023-03-22,88.70625568,89.34405599,86.74044186,87.02876282,1243900,yfinance
2023-03-23,87.36951241,88.06847118,85.71822916,86.19002533,800600,yfinance
2023-03-24,85.76191812,87.32582656,85.3949611,87.27340698,979200,yfinance
2023-03-27,87.8325795,88.5752191,87.1860469,87.36952209,791500,yfinance
2023-03-28,86.53949998,88.20825411,86.36475697,87.81509399,684500,yfinance
2023-03-29,88.69751509,89.78090171,88.12087985,89.67605591,885300,yfinance
2023-03-30,90.78774074,91.41416651,90.43482301,91.06124878,672300,yfinance
2023-03-31,91.5553385,92.5964422,90.93773747,92.49938965,902100,yfinance
2023-04-03,92.46411642,93.56698037,91.14067968,91.58182526,984600,yfinance
2023-04-04,91.99647915,91.99647915,90.69951704,91.38770294,608500,yfinance
2023-04-05,91.09654824,92.08471661,91.08772345,91.3082962,503200,yfinance
2023-04-06,91.65238409,92.32292712,91.05242596,92.25234222,342100,yfinance
2023-04-10,91.59062317,92.52585617,90.69068934,92.46409607,479000,yfinance
2023-04-11,92.49057834,92.87878185,91.71415785,92.2435379,864800,yfinance
2023-04-12,93.3199264,93.58461642,91.52005849,91.67887115,1150500,yfinance
2023-04-13,91.77592693,92.21707253,90.47013973,91.84651184,560700,yfinance
2023-04-14,92.23470951,92.79055046,90.82304514,91.26419067,841800,yfinance
2023-04-17,91.52004606,94.05221686,91.46710403,94.02574921,854200,yfinance
2023-04-18,93.89339177,94.29924476,92.98463326,93.47871399,605400,yfinance
2023-04-19,92.70231801,94.89922078,92.53468056,94.325737,508100,yfinance
2023-04-20,94.0875137,94.27279401,93.45226309,93.85811615,1056100,yfinance
2023-04-21,94.29044879,94.33455931,92.79937473,94.21986389,557800,yfinance
2023-04-24,94.59925082,94.70512144,93.31992471,93.76107025,369600,yfinance
2023-04-25,93.3640427,93.63755079,92.30529609,92.51704407,519300,yfinance
2023-04-26,92.32292704,93.32873821,91.63474115,91.784729,774400,yfinance
2023-04-27,92.0405934,94.49336121,92.0405934,93.99045563,927200,yfinance
2023-04-28,94.36985501,97.44023099,94.36985501,97.096138,764500,yfinance
2023-05-01,97.00789957,99.00187925,97.00789957,98.1725235,859800,yfinance
2023-05-02,97.74903109,98.20781949,95.27861333,96.4432373,974200,yfinance
2023-05-03,97.18434742,97.96076102,95.93149592,96.33734894,1147700,yfinance
2023-05-04,95.96678403,97.05200487,95.43741081,95.97560883,370200,yfinance
2023-05-05,96.24031781,97.82843781,96.05503749,97.36082458,643100,yfinance
2023-05-08,96.76084737,98.25192123,96.76084737,97.81077576,522100,yfinance
2023-05-09,97.21081583,98.22545175,96.00207482,97.55490875,641000,yfinance
2023-05-10,98.43720366,98.57837344,96.47851662,97.57255554,844600,yfinance
2023-05-11,96.79613854,97.89017743,96.30205777,97.83724213,571000,yfinance
2023-05-12,97.9519448,98.11075745,96.58439777,97.49315643,504000,yfinance
2023-05-15,95.4462558,98.81660769,94.85512235,96.02856445,982300,yfinance
2023-05-16,96.01973381,96.37265157,93.53167339,93.61107635,769200,yfinance
2023-05-17,93.87576851,94.39631699,93.09053002,94.21103668,784600,yfinance
2023-05-18,93.97282707,94.83746858,93.05524352,94.36103058,562500,yfinance
2023-05-19,94.89039748,95.54329092,93.93752161,93.96398926,514600,yfinance
2023-05-22,93.91988292,94.67865378,93.49638697,93.76107025,543700,yfinance
2023-05-23,93.91105532,94.81098917,92.95817943,93.40814972,530500,yfinance
2023-05-24,93.24934249,93.25816055,91.36124019,91.50240326,818200,yfinance
2023-05-25,91.95235985,92.01411995,90.01131581,90.82302856,1115800,yfinance
2023-05-26,90.68185677,91.91706536,89.76427343,91.68766785,498500,yfinance
2023-05-30,92.07588634,92.85229997,91.68767616,91.9082489,593700,yfinance
2023-05-31,92.17294312,92.86995382,91.40534751,92.17294312,1584800,yfinance
2023-06-01,92.05825069,92.41999327,90.5671833,92.30529785,939600,yfinance
2023-06-02,93.3199049,95.3138842,93.23167716,94.95214844,754700,yfinance
2023-06-05,94.59042638,96.90203145,94.45808137,95.87857056,1048600,yfinance
2023-06-06,96.18735178,97.10493513,95.15507303,96.91965485,838300,yfinance
2023-06-07,97.3961111,100.44883741,96.99025802,99.91946411,825600,yfinance
2023-06-08,99.69890528,100.12240802,97.74021775,99.94594574,785700,yfinance
2023-06-09,100.23709467,100.61648012,99.36362834,99.91064453,569200,yfinance
2023-06-12,99.69005196,99.7341692,98.04899026,98.77246857,614900,yfinance
2023-06-13,98.41073639,99.54006777,98.05781866,99.28420258,526500,yfinance
2023-06-14,99.53125234,100.20179543,98.09312034,98.60485077,720700,yfinance
2023-06-15,98.52543142,99.12538955,97.61667279,98.94010925,553100,yfinance
2023-06-16,99.46067603,100.01651698,98.931296,99.79594421,1259400,yfinance
2023-06-20,99.46067335,99.46067335,97.99606697,98.44603729,1060300,yfinance
2023-06-21,97.75785947,98.40192822,96.99026377,97.89019775,465200,yfinance
2023-06-22,98.26076018,98.26076018,94.98746107,95.53447723,600300,yfinance
2023-06-23,95.19037988,95.53447284,93.21404983,93.39933014,1705700,yfinance
2023-06-26,93.46110215,95.98445538,93.46110215,95.94033813,563700,yfinance
2023-06-27,96.16089072,96.8490766,95.33154179,96.82260895,791300,yfinance
2023-06-28,96.89320319,96.89320319,94.6698327,95.3050766,1360500,yfinance
2023-06-29,95.29616867,97.38001767,94.47687117,96.72102356,664800,yfinance
2023-06-30,97.43346554,97.82529643,95.50099887,96.95257568,1125600,yfinance
2023-07-03,96.68541768,99.15219749,96.50731334,98.06575012,338400,yfinance
2023-07-05,97.56704395,99.04533579,96.58745649,97.54032898,518600,yfinance
2023-07-06,96.3113849,98.30618188,94.77075598,97.94996643,535300,yfinance
2023-07-07,97.39783291,97.82528598,96.8189837,96.87241364,402700,yfinance
2023-07-10,96.33809105,97.4067305,95.96406793,97.21971893,539500,yfinance
2023-07-11,97.67389851,98.85831192,97.03271209,98.79597473,608400,yfinance
2023-07-12,99.93585432,100.38112189,98.92954526,99.00969696,647300,yfinance
2023-07-13,98.8850289,99.72213415,98.31508691,99.67760468,415200,yfinance
2023-07-14,99.54401471,99.69540405,98.68019456,99.69540405,284600,yfinance
2023-07-17,99.26795643,99.47277571,98.36851401,98.62677002,552300,yfinance
2023-07-18,99.45497438,99.48168935,97.72733387,98.51100922,651300,yfinance
2023-07-19,99.32137542,99.54400918,98.18149161,99.19670105,570100,yfinance
2023-07-20,99.48167909,99.88242398,98.10135371,99.84680176,577800,yfinance
2023-07-21,99.82898914,100.81748371,99.82008189,100.54141998,501900,yfinance
2023-07-24,100.54142502,101.5566346,100.18520958,100.47908783,770700,yfinance
2023-07-25,100.45237629,100.79077723,97.56703727,98.6802063,868200,yfinance
2023-07-26,98.82269285,99.94476912,98.32399531,99.60636139,724700,yfinance
2023-07-27,99.8557012,99.96256786,96.40042736,96.88131714,1010100,yfinance
2023-07-28,97.97667648,98.19931028,96.59635104,96.63197327,884800,yfinance
2023-07-31,96.90804937,97.90545133,96.32920007,97.14849091,1407500,yfinance
2023-08-01,96.82790927,97.22864745,95.99971114,96.54293823,1476700,yfinance
2023-08-02,96.1154608,96.53401341,95.20711792,95.45646667,744600,yfinance
2023-08-03,95.24273711,95.24273711,92.98968414,94.83309174,988000,yfinance
2023-08-04,95.28728143,99.13439382,95.05574033,96.65870667,1495500,yfinance
2023-08-07,96.97036207,98.15477533,96.44494965,97.86980438,906500,yfinance
2023-08-08,96.86351718,97.26426212,95.52771429,96.72994232,693700,yfinance
2023-08-09,96.46277832,96.90804595,95.82159185,96.74774933,751000,yfinance
2023-08-10,96.9436764,97.78968225,95.4653845,95.91065216,801900,yfinance
2023-08-11,95.37633,96.33810976,95.28727783,96.05313873,614800,yfinance
2023-08-14,95.85721997,95.92846442,94.10286432,94.46798706,730900,yfinance
2023-08-15,93.53290005,94.74402832,93.39931843,94.41452789,810200,yfinance
2023-08-16,94.3967298,94.8419974,93.68429894,94.34329987,806000,yfinance
2023-08-17,94.48579735,96.09767092,94.307693,94.69952393,562100,yfinance
2023-08-18,93.92475439,95.24274276,93.92475439,94.56594086,510400,yfinance
2023-08-21,94.32547637,94.61044733,93.11434809,93.61305237,527300,yfinance
2023-08-22,93.98709457,94.16519891,93.39933802,93.60416412,485500,yfinance
2023-08-23,94.16519233,95.29617586,93.78226191,94.93105316,475400,yfinance
2023-08-24,95.04681958,96.53401165,94.8419935,94.94886017,448300,yfinance
2023-08-25,95.15367802,96.03530591,95.06462587,95.42974854,440100,yfinance
2023-08-28,95.77706665,96.86351392,95.77706665,96.07093811,350000,yfinance
2023-08-29,96.3381025,96.59635854,95.59895662,96.44496918,318400,yfinance
2023-08-30,96.96148141,97.16630752,95.59896348,96.46278381,644700,yfinance
2023-08-31,96.51618774,96.67648433,95.51879282,95.83938599,773800,yfinance
2023-09-01,96.17779363,96.24903807,94.54811272,95.05571747,471400,yfinance
2023-09-05,94.90433389,95.21601984,93.67539779,93.74663544,460400,yfinance
2023-09-06,93.2746507,93.96036658,92.84719763,93.29246521,528400,yfinance
2023-09-07,93.07874071,93.35481126,92.32178711,92.60675812,842800,yfinance
2023-09-08,92.7937638,92.93625269,90.84349636,91.71621704,838300,yfinance
2023-09-11,91.79635942,91.92103379,90.38931233,90.61194611,578000,yfinance
2023-09-12,90.62975905,92.25053275,90.10434657,92.13476562,689700,yfinance
2023-09-13,92.0991403,92.6156523,90.69209318,90.89691925,607900,yfinance
2023-09-14,91.67169851,92.35740764,91.50249464,92.09915161,608400,yfinance
2023-09-15,91.60044486,92.4108283,91.30656663,91.60935211,1043000,yfinance
2023-09-18,91.56483003,91.57373728,90.04201564,90.79006195,521400,yfinance
2023-09-19,90.95926594,91.23532968,90.47837611,90.80787659,434900,yfinance
2023-09-20,91.54702187,92.11696386,90.87021321,91.01269531,321400,yfinance
2023-09-21,90.43384662,90.48727655,88.30546816,88.34999084,769400,yfinance
2023-09-22,88.52810791,88.83088662,87.1121534,87.22792053,553500,yfinance
2023-09-25,86.71140811,87.08543124,86.38190767,87.00527954,569000,yfinance
2023-09-26,86.16819609,86.73813813,85.5270096,85.84760284,570600,yfinance
2023-09-27,85.98117165,86.45315419,84.36039794,84.49397278,825300,yfinance
2023-09-28,84.75499002,85.83501952,84.69198882,85.16000366,485800,yfinance
2023-09-29,86.4920219,86.86103383,84.70998406,85.12399292,807100,yfinance
2023-10-02,84.72799089,85.32200815,83.31495796,83.74697113,488400,yfinance
2023-10-03,83.49494871,83.7919573,82.63993147,83.26094818,1304700,yfinance
2023-10-04,83.73798316,84.39499487,82.79295804,84.34099579,638300,yfinance
2023-10-05,84.22397485,84.81798519,83.7289605,84.79998779,609500,yfinance
2023-10-06,84.04397366,86.48303018,83.66596642,86.21302795,741200,yfinance
2023-10-09,85.61000931,88.40907547,85.61000931,87.68005371,843300,yfinance
2023-10-10,87.58103596,88.47206164,86.60001643,86.68101501,645700,yfinance
2023-10-11,87.27504696,88.19306546,86.73503568,87.68005371,944000,yfinance
2023-10-12,87.41904903,87.68005598,86.55502958,86.9330368,683200,yfinance
2023-10-13,87.39203055,87.50903766,86.06000342,86.82501984,441600,yfinance
2023-10-16,87.39204378,87.63505331,85.95201146,87.17604065,1316700,yfinance
2023-10-17,86.67204018,88.14807433,86.67204018,87.82406616,775800,yfinance
2023-10-18,87.41004957,87.50905244,85.66400648,85.80800629,1055200,yfinance
2023-10-19,85.04299964,86.51003857,84.57499165,84.63799286,742600,yfinance
2023-10-20,85.01600557,85.25901515,83.48597221,83.56697083,674400,yfinance
2023-10-23,82.86494419,83.64796503,82.26193168,82.64894104,896400,yfinance
2023-10-24,82.80193737,84.37697422,82.80193737,84.32297516,792800,yfinance
2023-10-25,83.70195201,84.17896204,82.29792147,82.3429184,700100,yfinance
2023-10-26,82.72994219,83.04494821,80.40788598,80.88490295,1341500,yfinance
2023-10-27,80.10188148,80.10188148,75.05276234,75.58377838,3526800,yfinance
2023-10-30,76.36679808,77.14081686,74.53075399,75.53878021,1421800,yfinance
2023-10-31,74.80075682,76.4567924,74.6117532,76.3937912,1068700,yfinance
2023-11-01,76.2317883,76.56479859,75.01676112,76.21379089,1420300,yfinance
2023-11-02,77.86981793,79.03984804,77.50981501,78.82384491,1045200,yfinance
2023-11-03,79.99387752,83.24295443,79.94888058,81.51491547,1377700,yfinance
2023-11-06,80.80389558,81.00190132,78.84184925,79.21086121,792200,yfinance
2023-11-07,79.22885003,79.22885003,77.6268137,77.97782135,573600,yfinance
2023-11-08,78.4008511,79.36387356,78.14884625,79.09386444,470600,yfinance
2023-11-09,79.33685583,79.48085563,78.02282594,78.40083313,907300,yfinance
2023-11-10,79.1208522,79.87686657,78.08582664,79.59786224,968500,yfinance
2023-11-13,79.0308526,79.0308526,76.77180452,77.98683167,1052400,yfinance
2023-11-14,80.6958955,82.88294019,80.10187827,80.98390198,1351600,yfinance
2023-11-15,80.56987943,81.55990805,79.94886959,80.00286865,1413800,yfinance
2023-11-16,80.43488284,80.56088524,78.76983843,78.81484222,1356700,yfinance
2023-11-17,79.51686531,79.76887012,78.10383241,78.61684418,1306400,yfinance
2023-11-20,78.3828408,79.99387953,77.8518316,79.74187469,1760200,yfinance
2023-11-21,79.48986985,79.82288015,78.76085489,78.93185425,1040900,yfinance
2023-11-22,79.88587525,80.01187765,79.11185655,79.5798645,503600,yfinance
2023-11-24,79.20186063,79.87687649,79.1748611,79.85887909,186100,yfinance
2023-11-27,79.80485922,80.24587445,79.3098518,79.50785065,848300,yfinance
2023-11-28,79.29186095,80.72289813,78.85085251,80.46189117,1255100,yfinance
2023-11-29,81.31689722,82.45092562,80.59688453,80.77688599,1881200,yfinance
2023-11-30,80.68689507,81.30790498,80.1108821,81.23590851,1913700,yfinance
2023-12-01,81.29891318,83.86397212,81.29891318,83.35996246,795600,yfinance
2023-12-04,82.64893615,83.90896702,82.39693135,83.73796082,804100,yfinance
2023-12-05,83.35095148,83.79195988,82.27092895,83.73796082,1087300,yfinance
2023-12-06,84.14295635,85.07897896,83.62994468,84.05295563,939200,yfinance
2023-12-07,84.06197357,84.67398821,83.44995894,84.06197357,667400,yfinance
2023-12-08,83.7109667,84.91699172,83.56696003,84.28697968,1075400,yfinance
2023-12-11,83.92696937,84.54798614,83.50395835,84.07997131,698000,yfinance
2023-12-12,84.24197552,85.11499711,83.53095801,84.69198608,753900,yfinance
2023-12-13,84.79998962,88.95808273,84.72798628,88.30107117,1136500,yfinance
2023-12-14,90.38333992,93.11120728,90.37424509,92.39286804,1430500,yfinance
2023-12-15,91.11077841,91.82002984,89.11034487,89.97416687,2253300,yfinance
2023-12-18,90.44699345,90.89254319,89.63772665,90.41971588,1202000,yfinance
2023-12-19,90.81071068,91.11077083,89.17398742,89.53770447,1901300,yfinance
2023-12-20,89.3376627,90.00144686,88.00100648,88.01010132,940600,yfinance
2023-12-21,88.97394798,89.21036512,87.64638656,88.41928101,855000,yfinance
2023-12-22,88.98304542,89.62863994,88.70116797,88.91939545,1602700,yfinance
2023-12-26,89.19217834,89.91961251,88.89211816,89.52861786,693300,yfinance
2023-12-27,89.58317016,90.51064904,89.17399279,89.91051483,762200,yfinance
2023-12-28,89.6013672,91.39266821,89.51952756,91.3199234,810900,yfinance
2023-12-29,90.92891969,91.20170923,90.21967523,90.2833252,753500,yfinance
2024-01-02,90.16512515,91.47449695,89.75594083,91.27445221,960300,yfinance
2024-01-03,90.71068665,90.71068665,88.78299118,88.93756866,657300,yfinance
2024-01-04,88.54657406,90.0287198,88.364719,88.93756866,840200,yfinance
2024-01-05,88.2192379,89.73775619,87.56455549,89.28311157,998600,yfinance
2024-01-08,88.87392719,90.31970067,88.59204975,90.24695587,872900,yfinance
2024-01-09,89.11034352,89.85596041,88.82846608,89.20127106,770100,yfinance
2024-01-10,89.59225464,90.03780436,89.14670492,89.59225464,740500,yfinance
2024-01-11,89.28309132,90.58337489,88.47382464,90.2196579,1131500,yfinance
2024-01-12,91.21987443,91.55631387,89.81047368,90.2196579,694900,yfinance
2024-01-16,90.0196285,91.07440727,89.69228384,90.48336792,1332500,yfinance
2024-01-17,89.03759703,90.2378585,87.2008359,87.81915283,1093300,yfinance
2024-01-18,87.56453374,88.0555437,86.52794483,87.07351685,1180400,yfinance
2024-01-19,87.48271026,90.17420538,87.05534324,89.78321075,1708400,yfinance
2024-01-22,90.00144877,90.81071561,89.57408173,90.18330383,888900,yfinance
2024-01-23,90.3560594,90.67430919,88.81026378,89.43767548,825800,yfinance
2024-01-24,90.37425052,90.37425052,88.53748944,88.72843933,1107800,yfinance
2024-01-25,89.54679932,89.69228198,87.13718166,87.16445923,960700,yfinance
2024-01-26,87.52816961,87.71002466,86.18241871,87.06443024,976800,yfinance
2024-01-29,87.1099083,87.7918752,86.8462136,87.55545807,1355600,yfinance
2024-01-30,87.08261377,87.08261377,86.20060918,86.43701935,1087100,yfinance
2024-01-31,86.9916987,87.10991074,84.78212561,85.32769775,2795000,yfinance
2024-02-01,84.69120081,86.92805155,84.11835107,86.88259125,2641400,yfinance
2024-02-02,87.96462845,89.69227919,86.20061226,87.81005096,3131800,yfinance
2024-02-05,86.88257754,86.9462275,85.32768705,85.36405945,1189500,yfinance
2024-02-06,85.41863005,86.89167412,85.09128538,86.67344666,1341800,yfinance
2024-02-07,86.87348797,87.00988274,85.154932,86.10059357,1339400,yfinance
2024-02-08,85.87327583,86.30973077,84.45477993,85.42771912,1193800,yfinance
2024-02-09,85.07309,85.56410697,84.79121259,84.98216248,713400,yfinance
2024-02-12,85.17310847,85.86417013,84.84576384,85.64594269,715800,yfinance
2024-02-13,83.79100546,83.79100546,82.29067682,83.55458832,734400,yfinance
2024-02-14,83.90011394,85.95510954,83.60914167,85.32769775,1347100,yfinance
2024-02-15,86.2551656,88.84663818,85.99147093,88.53748322,1332900,yfinance
2024-02-16,87.67365841,88.32834771,87.3554086,87.43724823,966700,yfinance
2024-02-20,86.61888054,87.12808021,85.75505175,85.91872406,768100,yfinance
2024-02-21,85.86418824,87.11900497,85.70961073,86.7552948,782700,yfinance
2024-02-22,87.1280745,87.1280745,86.0278356,86.16423035,971900,yfinance
2024-02-23,85.84598837,86.66434302,85.5459213,86.24607086,801500,yfinance
2024-02-26,86.08241818,86.26428021,83.89103453,84.18200684,765500,yfinance
2024-02-27,84.89123824,85.65503782,84.28201615,84.77303314,983800,yfinance
2024-02-28,84.10015664,85.90055232,84.06378424,85.26404572,876800,yfinance
2024-02-29,86.14603997,86.33698983,85.15491827,85.90962982,1595000,yfinance
2024-03-01,85.45501046,87.17356666,84.59118147,87.10991669,885500,yfinance
2024-03-04,86.38247645,88.01010499,84.55480316,87.96463776,1639900,yfinance
2024-03-05,87.59182953,88.46474632,87.56455196,87.91917419,1273700,yfinance
2024-03-06,88.61933572,89.7650422,88.07376352,89.35585785,1644900,yfinance
2024-03-07,89.55588846,90.19239504,89.17398868,89.78321075,936300,yfinance
2024-03-08,90.72887122,92.07462222,90.12874398,91.99278259,2252500,yfinance
2024-03-11,91.99279322,92.74750498,90.86527648,90.91074371,1020900,yfinance
2024-03-12,90.85617805,91.05622279,89.09216167,89.28311157,1189300,yfinance
2024-03-13,89.51950096,90.99255167,89.43766828,90.04689026,1080300,yfinance
2024-03-14,89.58316212,89.8468568,88.0555561,89.03759003,1296700,yfinance
2024-03-15,88.06465919,89.94688758,88.06465919,89.55589294,1664700,yfinance
2024-03-18,89.51951038,89.81048262,88.49201618,88.6193161,982300,yfinance
2024-03-19,88.51021393,89.33767049,87.50090922,88.27380371,1193800,yfinance
2024-03-20,87.95553676,89.61044262,87.76457994,89.43767548,862300,yfinance
2024-03-21,89.91051108,91.72000154,89.62863366,90.65612793,1084100,yfinance
2024-03-22,90.81981089,90.99257807,89.01032716,89.31039429,819100,yfinance
2024-03-25,89.63772701,90.05599919,88.51929829,88.65569305,1001200,yfinance
2024-03-26,88.65568884,88.80117843,87.54635501,87.56454468,853100,yfinance
2024-03-27,88.41014931,89.59581488,88.41014931,89.30169678,1577800,yfinance
2024-03-28,89.77043802,90.74470987,89.77043802,90.44139862,1216700,yfinance
2024-04-01,90.45058985,90.68955596,88.51124636,88.62153625,874800,yfinance
2024-04-02,88.05168774,88.43771641,87.13256786,87.91381836,585300,yfinance
2024-04-03,87.61050872,88.38257309,87.09580382,88.12521362,814100,yfinance
2024-04-04,89.09027726,89.64174771,87.73917011,88.11601257,861300,yfinance
2024-04-05,87.72080476,88.97999453,87.16014107,88.80536652,673900,yfinance
2024-04-08,90.17486125,94.07192798,89.36603819,93.86972046,1805000,yfinance
2024-04-09,94.46713208,96.40647542,94.43955961,95.20243073,1684400,yfinance
2024-04-10,93.23550626,93.44689987,91.85682669,92.6472702,1020000,yfinance
2024-04-11,93.44692325,93.44692325,90.72632905,91.85684967,1233400,yfinance
2024-04-12,91.64543951,91.64543951,89.83477229,90.01860046,1018500,yfinance
2024-04-15,90.5516887,90.78146867,88.20793718,88.80536652,540800,yfinance
2024-04-16,88.19873824,88.35498692,87.08660408,87.36234283,606700,yfinance
2024-04-17,87.56453773,88.4193194,87.16931594,87.61049652,843000,yfinance
2024-04-18,87.80352597,88.29065841,87.20609661,87.58293915,562500,yfinance
2024-04-19,87.96895352,89.08108762,87.91380858,88.50204468,668400,yfinance
2024-04-22,88.60316343,90.24838896,88.22632089,90.13809204,537300,yfinance
2024-04-23,90.41381999,91.13073233,90.08293629,90.62521362,820100,yfinance
2024-04-24,89.87152293,91.38807184,89.26490758,90.86417389,1088900,yfinance
2024-04-25,90.26676178,90.93772237,89.41198002,90.26676178,596300,yfinance
2024-04-26,90.71711811,92.10499092,90.54249012,91.56271362,873100,yfinance
2024-04-29,92.30721907,92.95060024,91.55354097,92.16934967,646600,yfinance
2024-04-30,91.80168004,92.41749561,91.31454768,91.61785889,950800,yfinance
2024-05-01,90.84580036,91.97632083,90.07374307,90.57926178,1258500,yfinance
2024-05-02,91.30536166,93.0884564,90.24837945,92.39911652,1173500,yfinance
2024-05-03,93.77778996,96.83846051,92.61051093,96.58110809,2124800,yfinance
2024-05-06,98.04252081,99.42120069,96.63626844,97.40833282,1675200,yfinance
2024-05-07,98.35500946,98.53883061,96.80169479,97.41750336,844200,yfinance
2024-05-08,97.30723629,97.48186432,95.27598194,95.74472809,823000,yfinance
2024-05-09,96.14913548,98.29068658,95.97450045,98.18958282,767200,yfinance
2024-05-10,98.69509275,98.77781719,97.74840037,98.01494598,629900,yfinance
2024-05-13,98.40096009,98.97081687,97.46346101,98.10684204,684800,yfinance
2024-05-14,98.63074963,99.0167853,97.78516105,98.2631073,606500,yfinance
2024-05-15,99.82560225,99.82560225,98.7226613,99.27413177,842300,yfinance
2024-05-16,99.39361683,99.63258995,97.9046402,97.9046402,774900,yfinance
2024-05-17,98.39177969,98.50206958,97.58294976,97.88626099,833800,yfinance
2024-05-20,97.78517223,97.99657291,96.8568591,97.03149414,1269500,yfinance
2024-05-21,96.92118485,97.63810422,96.87523307,97.3531723,895500,yfinance
2024-05-22,97.1601457,98.11603106,96.69139268,96.8384552,901000,yfinance
2024-05-23,96.54435627,96.67303249,95.38626321,95.59766388,674000,yfinance
2024-05-24,95.78148125,96.17670308,94.9910376,95.22081757,573200,yfinance
2024-05-28,95.5333118,95.85500232,93.18036041,93.29985046,794600,yfinance
2024-05-29,91.96712722,91.99469969,90.39543316,91.36051178,987200,yfinance
2024-05-30,92.07741519,92.92300366,91.9671183,92.84028625,779000,yfinance
2024-05-31,93.5663982,94.47632483,92.51860219,94.34764862,1447500,yfinance
2024-06-03,95.22081798,96.83847093,94.27412563,95.25758362,1042500,yfinance
2024-06-04,95.36787342,98.18957095,95.2391972,97.77596283,1005700,yfinance
2024-06-05,97.63810029,98.77780689,96.63625606,98.56640625,816800,yfinance
2024-06-06,98.13441703,98.64912888,97.52780161,98.32743835,470300,yfinance
2024-06-07,97.04067425,98.16200157,97.04067425,98.06089783,407200,yfinance
2024-06-10,97.89545526,100.07376478,97.71162709,98.83295441,859100,yfinance
2024-06-11,98.24472199,98.76862003,97.57376841,97.61052704,617000,yfinance
2024-06-12,99.48552774,100.16568146,98.64913235,98.71347046,718700,yfinance
2024-06-13,98.59398421,99.46715229,98.05170686,98.33663177,750800,yfinance
2024-06-14,98.11604656,99.57744379,97.54618971,99.30171204,441500,yfinance
2024-06-17,98.68589967,100.23002128,97.69324856,99.72450256,652400,yfinance
2024-06-18,100.12891214,100.89177624,99.66935225,100.75391388,745800,yfinance
2024-06-20,100.40465696,100.78149949,99.66936524,100.52414703,782800,yfinance
2024-06-21,101.56273699,102.20611804,99.77964235,100.82743835,1255600,yfinance
2024-06-24,100.9009666,102.87707549,100.61604172,102.11420441,609500,yfinance
2024-06-25,101.99473413,102.04987908,100.73553738,101.02965546,572600,yfinance
2024-06-26,99.85317272,101.08479688,99.66935157,99.88993835,734500,yfinance
2024-06-27,99.97266464,100.89178451,99.59582915,100.86421204,491000,yfinance
2024-06-28,101.1611236,102.11678566,100.604428,101.23535156,1338800,yfinance
2024-07-01,100.91986946,101.62502087,100.00132153,101.30956268,591500,yfinance
2024-07-02,101.90338337,102.20028814,100.70648402,101.06833649,479300,yfinance
2024-07-03,101.13328914,101.13328914,99.6858792,99.74154663,494000,yfinance
2024-07-05,100.04771749,100.59513274,99.59307657,99.94565582,508700,yfinance
2024-07-08,100.07555489,100.52090849,99.63947449,100.233284,403800,yfinance
2024-07-09,99.99205305,100.63225684,99.17556669,100.21473694,868900,yfinance
2024-07-10,100.79925793,101.22605806,99.93637739,101.11472321,576600,yfinance
2024-07-11,102.79408638,103.62913317,101.04049166,101.30956268,723100,yfinance
2024-07-12,102.00543963,102.1446082,100.46524134,100.80854034,742900,yfinance
2024-07-15,101.43019273,102.58997814,100.91988431,101.40235901,709700,yfinance
2024-07-16,102.0332736,103.43429623,101.05905111,103.20233917,596400,yfinance
2024-07-17,103.06318778,105.07657385,103.06318778,104.80750275,726700,yfinance
2024-07-18,104.45490476,107.31261743,104.35284308,104.8167572,903900,yfinance
2024-07-19,105.35489851,105.35489851,103.98170961,104.51985168,550900,yfinance
2024-07-22,104.87243108,105.92088158,104.40851693,105.2806778,766300,yfinance
2024-07-23,105.0208865,105.73531117,104.45491068,104.84459686,459800,yfinance
2024-07-24,105.03945365,106.18068571,104.08379151,104.9188385,845100,yfinance
2024-07-25,104.91882702,106.17139382,101.68998138,102.90544128,783600,yfinance
2024-07-26,103.38790385,105.29922781,103.03533166,104.85387421,756300,yfinance
2024-07-29,105.00233577,105.54047793,103.96317252,105.25285339,800700,yfinance
2024-07-30,105.55901985,106.04149452,102.99821891,103.72192383,1150700,yfinance
2024-07-31,103.71265058,104.13017758,102.53431171,102.75698853,1849000,yfinance
2024-08-01,104.26005683,107.60951718,104.10232066,106.76519012,1985300,yfinance
2024-08-02,107.59096297,112.53628924,107.5816827,109.66929626,2342900,yfinance
2024-08-05,108.1940497,109.98475845,106.33839325,106.66313171,1284200,yfinance
2024-08-06,106.60747132,109.38167591,106.47757592,108.76003265,861300,yfinance
2024-08-07,108.6486952,111.46929415,108.37962414,109.39096069,960000,yfinance
2024-08-08,109.4837354,110.41156367,108.95487357,110.21672058,634700,yfinance
2024-08-09,110.34661782,110.99609479,109.27033362,110.71775055,458800,yfinance
2024-08-12,111.9610411,112.16516447,110.5785789,110.91259766,1079900,yfinance
2024-08-13,111.62702539,112.23939549,110.73631103,110.94971466,827100,yfinance
2024-08-14,111.01466468,111.6641417,110.50435625,111.1723938,574400,yfinance
2024-08-15,111.01465998,111.95176856,110.00332342,111.16310883,821000,yfinance
2024-08-16,111.1074404,111.62702199,110.16105864,111.00537872,464100,yfinance
2024-08-19,111.39505964,111.85897377,110.04971148,110.79197693,517500,yfinance
2024-08-20,111.11670943,111.5342293,110.1981544,111.20021057,531700,yfinance
2024-08-21,111.33939941,111.76619959,110.5693002,111.55280304,531100,yfinance
2024-08-22,112.04454566,112.53629352,111.47856984,112.2579422,556400,yfinance
2024-08-23,112.74969088,114.63318826,112.40639894,113.75174713,817900,yfinance
2024-08-26,115.087811,115.45894369,113.71462214,114.03936768,749000,yfinance
2024-08-27,113.27854361,115.31048967,112.76824234,114.97647095,633000,yfinance
2024-08-28,115.06925543,116.30326869,115.05070198,115.72801971,714200,yfinance
2024-08-29,115.5517483,115.97854851,114.41979653,115.00432587,651000,yfinance
2024-08-30,115.56101791,116.20121463,114.55896165,116.16410065,938900,yfinance
2024-09-03,115.90431421,118.04760248,115.85792704,117.4630661,733100,yfinance
2024-09-04,117.50944933,117.97336346,115.65379283,116.36821747,980000,yfinance
2024-09-05,117.29604559,117.42594098,114.29916431,115.17131805,1154400,yfinance
2024-09-06,115.37545697,115.44968494,112.02599597,113.35279083,2652900,yfinance
2024-09-09,113.18577597,113.9837089,112.34145587,112.56413269,2291600,yfinance
2024-09-10,113.13009648,114.49400511,112.85174518,114.2806015,1849400,yfinance
2024-09-11,112.82391751,114.03009711,112.57340699,113.6867981,1708700,yfinance
2024-09-12,113.66824481,114.55895911,113.38061323,114.2156601,1195800,yfinance
2024-09-13,114.70740967,116.64657449,114.61462825,116.53523254,1131000,yfinance
2024-09-16,117.29605938,117.36100708,115.32906779,115.91359711,1916000,yfinance
2024-09-17,115.78369308,116.08987811,114.49401232,115.04142761,1140300,yfinance
2024-09-18,115.14349103,117.28677922,114.77235829,116.210495,1922600,yfinance
2024-09-19,116.81358629,118.18676823,115.83936373,117.51873779,1676600,yfinance
2024-09-20,116.89708292,117.1568737,115.6259627,116.17337799,1551700,yfinance
2024-09-23,117.19397757,118.09397205,116.77645771,117.72283936,1311300,yfinance
2024-09-24,117.10120344,118.47439237,116.61873586,117.37955475,911300,yfinance
2024-09-25,117.71358209,118.10326829,116.6465781,117.05482483,680000,yfinance
2024-09-26,116.98059032,117.37955676,115.21771518,115.39400482,845800,yfinance
2024-09-27,116.26616298,116.45173288,114.67029715,114.7816391,636300,yfinance
2024-09-30,114.36062013,116.09151244,114.0518644,115.57691956,1141200,yfinance
2024-10-01,116.24120035,116.24120035,113.79923634,114.70678711,759800,yfinance
2024-10-02,113.6308262,114.49160035,112.96653814,114.44481659,778700,yfinance
2024-10-03,114.45417065,114.83777038,112.59228538,113.00395966,463000,yfinance
2024-10-04,112.4425986,113.46241904,111.62860817,113.07881927,710000,yfinance
2024-10-07,112.36773397,112.36773397,111.39469028,111.94670868,541200,yfinance
2024-10-08,112.60165468,112.77006625,110.68364156,112.26483154,653100,yfinance
2024-10-09,112.48937062,112.7606936,111.89056845,112.46129608,730100,yfinance
2024-10-10,112.14320106,112.92911694,110.65556437,111.14208984,767300,yfinance
2024-10-11,111.67539247,112.04028301,110.88946945,111.6286087,766000,yfinance
2024-10-14,111.16078575,112.49871994,110.79589526,111.94670868,566000,yfinance
2024-10-15,112.39580708,113.43434381,111.927998,111.96542358,1093900,yfinance
2024-10-16,112.02156263,113.75245476,112.02156263,113.06945038,1106900,yfinance
2024-10-17,112.7326385,112.77006409,111.46019714,111.6286087,679900,yfinance
2024-10-18,112.17126345,113.27529319,111.86250773,112.96653748,682700,yfinance
2024-10-21,112.50807732,112.50807732,110.1222483,110.46842957,1161000,yfinance
2024-10-22,110.27196737,112.0964201,109.6544559,111.56311798,678100,yfinance
2024-10-23,111.89993894,113.89281034,111.89993894,112.86362457,1503600,yfinance
2024-10-24,113.30336006,113.80859473,112.56422084,112.60164642,684900,yfinance
2024-10-25,113.42499806,113.42499806,110.49650852,110.67427826,474600,yfinance
2024-10-28,111.41342372,112.25548158,110.59007509,111.05788422,547700,yfinance
2024-10-29,110.67428095,111.25436683,109.52346739,109.86029053,824900,yfinance
2024-10-30,109.77607841,110.79589876,109.47668089,109.80414581,666800,yfinance
2024-10-31,108.87788055,109.98191019,108.11067399,108.33522034,1843100,yfinance
2024-11-01,102.72152922,107.06279736,102.20693632,106.40786743,2430500,yfinance
2024-11-04,106.72596105,108.52234616,106.66046806,108.44750214,979200,yfinance
2024-11-05,107.82063827,110.40294647,107.63351749,110.40294647,662100,yfinance
2024-11-06,111.67539069,111.90929525,107.0347252,109.87900543,1471700,yfinance
2024-11-07,110.2158164,111.18885295,109.73864916,110.95494843,633700,yfinance
2024-11-08,111.60989885,114.91263004,111.42277092,113.90216064,1111500,yfinance
2024-11-11,113.68697327,115.21202842,113.68697327,114.09864044,756400,yfinance
2024-11-12,113.82731442,114.94069523,112.96654024,113.02268219,1106600,yfinance
2024-11-13,113.20043594,115.79210216,113.20043594,115.34300232,923700,yfinance
2024-11-14,115.04361044,115.25880576,112.49872785,112.60164642,877900,yfinance
2024-11-15,112.0215644,113.06945217,111.14208106,112.05898285,864400,yfinance
2024-11-18,111.31049005,112.44258713,111.31049005,112.17125702,749600,yfinance
2024-11-19,111.78766585,113.78988823,111.05787765,113.48113251,746600,yfinance
2024-11-20,112.74198379,113.64953451,112.24610733,112.79811859,537600,yfinance
2024-11-21,112.82618817,114.58515484,112.62970921,114.13605499,477500,yfinance
2024-11-22,114.47287969,115.39913967,114.36996113,114.98747253,452800,yfinance
2024-11-25,116.01664651,116.57801595,115.49270265,115.94179535,941600,yfinance
2024-11-26,115.94180416,118.03759404,115.64240662,117.66334534,881500,yfinance
2024-11-27,118.36505944,119.43166361,118.28085009,118.85157776,581300,yfinance
2024-11-29,118.85158156,119.10420248,117.5230054,117.70077515,428800,yfinance
2024-12-02,116.96162396,117.04582616,115.41785262,115.96986389,651200,yfinance
2024-12-03,116.10085932,116.23185243,114.64129721,114.71614838,494400,yfinance
2024-12-04,114.72550521,114.80034924,113.73374507,114.27640533,505100,yfinance
2024-12-05,113.65889431,114.07991962,112.50808086,113.64953613,562800,yfinance
2024-12-06,114.04249119,114.3418887,113.04138009,114.05184937,493000,yfinance
2024-12-09,113.69632196,115.03425629,113.2565874,114.86584473,643200,yfinance
2024-12-10,115.29623203,115.35236684,113.50919787,114.07992554,668400,yfinance
2024-12-11,114.66936374,115.08103803,112.36774383,112.70456696,1169100,yfinance
2024-12-12,112.72327512,114.39802529,112.19932411,113.16300964,760500,yfinance
2024-12-13,112.81683439,113.22850151,111.82507433,112.43322754,611500,yfinance
2024-12-16,112.18997475,114.22026441,111.93735386,112.61100006,445900,yfinance
2024-12-17,111.49760864,112.48001052,110.49649755,110.95494843,1042100,yfinance
2024-12-18,110.7189998,112.38011718,106.91542429,106.98149109,694000,yfinance
2024-12-19,106.96263096,108.59542803,106.09432228,106.19813538,696000,yfinance
2024-12-20,106.72665808,109.1239503,106.72665808,108.45384216,1757100,yfinance
2024-12-23,107.89700851,108.92577135,107.46285416,108.77475739,507400,yfinance
2024-12-24,108.76530775,109.9639576,108.53879403,109.88845062,225300,yfinance
2024-12-26,109.2277908,110.13385298,109.2277908,109.86014557,295900,yfinance
2024-12-27,109.4071025,110.13384454,108.45385393,108.75587463,301600,yfinance
2024-12-30,107.90644233,108.54823724,106.83992606,108.32171631,359100,yfinance
2024-12-31,109.22777471,109.60529517,108.15181838,109.52035522,502800,yfinance
2025-01-02,109.16171306,109.63362085,107.83092964,108.23677063,547400,yfinance
2025-01-03,108.11408052,110.61518611,107.84037313,110.49249268,540500,yfinance
2025-01-06,110.23765958,110.44529296,106.63228446,107.08531189,862000,yfinance
2025-01-07,107.66104575,108.53879455,103.8291567,104.11229706,1619700,yfinance
2025-01-08,104.03678889,104.93341076,102.89476576,104.80127716,882100,yfinance
2025-01-10,103.20623658,104.62196,102.36624125,103.0269165,1106900,yfinance
2025-01-13,102.80039927,105.53746611,102.80039927,105.38645935,537800,yfinance
2025-01-14,105.38646053,106.67004321,105.38646053,106.19813538,491300,yfinance
2025-01-15,109.10507631,109.10507631,105.49026102,105.55632782,642900,yfinance
2025-01-16,105.89610995,106.37745793,104.58420681,106.3208313,973000,yfinance
2025-01-17,106.24532255,106.5662236,105.45252089,106.27363586,1064900,yfinance
2025-01-21,106.66061061,107.68936623,105.49971417,106.43408966,861400,yfinance
2025-01-22,105.54690125,105.79228812,104.39544506,104.74465942,1066500,yfinance
2025-01-23,104.57476246,104.71632903,102.68713142,103.82914734,914700,yfinance
2025-01-24,103.7725168,105.42419401,103.36667582,104.42375183,543100,yfinance
2025-01-27,105.08442345,107.93475054,104.99004333,107.57610321,662600,yfinance
2025-01-28,107.67991402,108.19901546,105.99992347,106.26419067,660600,yfinance
2025-01-29,106.65116619,106.80218015,103.97073326,104.36713409,756200,yfinance
2025-01-30,105.8394854,107.73655685,105.21657082,106.83992767,1101200,yfinance
2025-01-31,106.82104508,108.3405887,106.69835165,107.32126617,916800,yfinance
2025-02-03,106.83992221,107.70823802,105.1599316,107.12306976,762600,yfinance
2025-02-04,106.42464681,108.33115111,105.38645111,107.84037018,886600,yfinance
2025-02-05,108.75588008,110.14328303,107.91587753,109.73744202,708900,yfinance
2025-02-06,110.41698135,111.37023709,109.74687316,111.08708954,1192300,yfinance
2025-02-07,111.08709549,114.31495038,110.69069466,112.46507263,1580700,yfinance
2025-02-10,112.2102422,113.0691179,110.67182528,112.63495636,854500,yfinance
2025-02-11,111.65339062,113.37113476,111.52125701,113.09742737,1571900,yfinance
2025-02-12,110.28485511,112.42732062,110.13384835,111.74777222,1147300,yfinance
2025-02-13,111.87046418,113.52214152,111.52125701,112.46507263,817700,yfinance
2025-02-14,113.05023519,113.98461065,112.33293329,112.38012695,604300,yfinance
2025-02-18,112.28574137,113.19180347,112.01203398,112.66326904,936300,yfinance
2025-02-19,112.39899322,113.00304181,110.95495654,112.21967316,1012600,yfinance
2025-02-20,112.26686352,114.6735962,111.63450879,114.05067444,835500,yfinance
2025-02-21,114.05067468,114.27719561,111.5778824,113.15405273,805400,yfinance
2025-02-24,113.32394607,114.65472961,112.82372492,114.37158203,936300,yfinance
2025-02-25,114.65472362,115.9477464,114.46595618,115.18325806,1155000,yfinance
2025-02-26,115.39090353,115.5702236,113.97518005,114.29607391,669500,yfinance
2025-02-27,114.02235732,117.09919811,113.76753028,116.30639648,1140000,yfinance
2025-02-28,118.02414245,118.26952931,115.74954342,117.08975983,1539700,yfinance
2025-03-03,116.9010025,118.93020751,116.61785494,118.47717285,1130000,yfinance
2025-03-04,118.97739378,119.43986862,116.11763363,116.31583405,866200,yfinance
2025-03-05,114.83405694,117.60887746,114.69248314,117.42955017,1589000,yfinance
2025-03-06,116.43852579,117.13694728,114.03179329,114.97560883,694500,yfinance
2025-03-07,115.46639586,116.55178523,114.13561963,114.66415405,731200,yfinance
2025-03-10,115.89111472,117.59941859,114.78685223,115.17381287,1451300,yfinance
2025-03-11,115.34371168,115.44753198,112.73877843,113.71091461,939000,yfinance
2025-03-12,113.77697726,114.23944491,111.25698406,111.74777222,797000,yfinance
2025-03-13,112.01203993,112.50282089,109.58643403,110.19047546,898000,yfinance
2025-03-14,110.67182343,112.01203991,109.84126106,111.45518494,1018400,yfinance
2025-03-17,110.96439627,113.67314955,110.96439627,113.38056183,705900,yfinance
2025-03-18,113.17293857,113.87136013,112.24799606,112.87091064,632600,yfinance
2025-03-19,112.946418,113.99405395,111.8421554,113.10686493,1051000,yfinance
2025-03-20,113.26731548,113.88079708,112.11585926,113.30506897,789200,yfinance
2025-03-21,112.8142888,113.09743639,110.81340414,112.51226807,1697200,yfinance
2025-03-24,113.12574463,115.03224908,112.76709727,114.79629517,717700,yfinance
2025-03-25,116.0893203,116.1931406,113.56933435,114.41876984,745600,yfinance
2025-03-26,114.91898248,115.41920357,114.25830728,115.34369659,971400,yfinance
2025-03-27,115.65516273,116.8726857,114.98505453,115.08887482,643700,yfinance
2025-03-28,116.61784466,116.61784466,113.89021835,115.42864227,1151100,yfinance
2025-03-31,116.1807264,118.35125993,115.64761494,116.42824554,1480300,yfinance
2025-04-01,116.42823531,116.58054975,114.50521383,116.06647491,1350900,yfinance
2025-04-02,116.09503949,117.22790857,115.42865019,116.90423584,844500,yfinance
2025-04-03,115.6952112,117.3897503,112.97252234,113.18196106,1079800,yfinance
2025-04-04,111.9824448,111.9824448,104.97580635,105.12812805,1960400,yfinance
2025-04-07,103.30031789,106.71795457,100.04451033,102.86240387,1920500,yfinance
2025-04-08,105.36613008,105.79452217,100.42530544,101.41537476,1749000,yfinance
2025-04-09,99.95882784,107.33674132,97.43605597,106.34667206,2350300,yfinance
2025-04-10,105.40421167,106.83219502,100.75850121,102.87191772,1832100,yfinance
2025-04-11,101.68192359,103.15750917,99.95882615,102.74815369,1358700,yfinance
2025-04-14,103.70965691,106.34666256,103.47165972,105.84210968,1094400,yfinance
2025-04-15,106.44187411,107.13682918,105.50892907,105.99443817,979000,yfinance
2025-04-16,106.061085,107.08922747,104.41414103,104.90917206,851100,yfinance
2025-04-17,105.39469046,108.03170378,105.39469046,106.88931274,581700,yfinance
2025-04-21,105.76595341,106.83218348,104.26180938,105.48987579,785100,yfinance
2025-04-22,107.06066188,108.78375932,106.61322597,107.72705841,862500,yfinance
2025-04-23,108.61240723,110.44023139,107.97457643,108.55529022,815300,yfinance
2025-04-24,108.94560959,109.7643206,108.00313537,108.54576874,684700,yfinance
2025-04-25,108.60288662,109.17407846,107.84129265,108.52672577,950800,yfinance
2025-04-28,108.22209306,109.21216233,107.40338206,108.73616791,960100,yfinance
2025-04-29,108.23161984,108.64097536,106.97499479,107.57474518,1243700,yfinance
2025-04-30,107.6889891,108.76473397,105.99444273,108.33634186,1061900,yfinance
2025-05-01,108.63145373,110.32599281,107.54618697,109.3168869,1089500,yfinance
2025-05-02,112.62979814,115.45720618,111.82060908,115.06689453,1793700,yfinance
2025-05-05,114.75273441,115.50480646,113.18195139,113.48658752,975300,yfinance
2025-05-06,113.22955793,113.97210808,112.52508094,113.27715302,753500,yfinance
2025-05-07,113.22955793,114.38146358,112.97251687,113.27715302,931400,yfinance
2025-05-08,113.65794712,113.85786391,111.59213308,111.84916687,1418700,yfinance
2025-05-09,111.69685672,112.82971854,111.44933758,112.31565094,763500,yfinance
2025-05-12,113.34378643,113.49610813,112.23948318,113.23906708,562500,yfinance
2025-05-13,113.02012311,113.23907649,110.82103108,111.60166168,949900,yfinance
2025-05-14,111.1256636,111.40173398,109.47871966,110.18318939,684500,yfinance
2025-05-15,110.90670341,112.46796458,110.90670341,112.32516479,796100,yfinance
2025-05-16,112.78212549,114.13394798,112.11572891,113.88642883,1922100,yfinance
2025-05-19,112.56316517,113.99114852,112.13477307,113.34379578,692900,yfinance
2025-05-20,112.28708492,113.60083422,112.28708492,113.12483978,574900,yfinance
2025-05-21,112.48701182,112.76308221,109.78335957,109.98327637,522900,yfinance
2025-05-22,110.06895165,110.06895165,108.24112757,108.90752411,1234400,yfinance
2025-05-23,108.73617109,108.96464639,106.52755718,107.603302,1289400,yfinance
2025-05-27,108.7552114,109.8500001,107.59378376,109.55488586,801400,yfinance
2025-05-28,109.85951707,110.50686979,108.95512328,110.04039001,631300,yfinance
2025-05-29,109.96423412,111.77301438,109.86903668,111.29701996,790100,yfinance
2025-05-30,110.82102444,112.17284685,110.20223024,111.84916687,1314400,yfinance
2025-06-02,110.92574119,112.30612942,110.15463252,112.17285156,528600,yfinance
2025-06-03,111.62068784,112.677396,110.04990485,112.0490799,1774300,yfinance
2025-06-04,112.17284982,112.58220532,111.00190032,111.9348526,662100,yfinance
2025-06-05,111.94436734,111.94436734,109.88807517,110.18318939,674100,yfinance
2025-06-06,110.99237377,111.55405096,109.20263739,110.26886749,595100,yfinance
2025-06-09,110.15463289,112.68692681,109.69768229,111.89677429,1409200,yfinance
2025-06-10,112.59172179,113.28667687,111.68733526,112.43940735,1003000,yfinance
2025-06-11,112.69644018,112.80115954,111.17325944,111.78253174,767800,yfinance
2025-06-12,111.84917382,112.89636016,111.42078172,112.80116272,594500,yfinance
2025-06-13,111.94436223,112.59171492,109.55487552,110.54494476,696900,yfinance
2025-06-16,110.97334236,111.83965572,110.30695306,110.5830307,470200,yfinance
2025-06-17,110.47831004,110.72582191,109.79287689,110.33551025,635900,yfinance
2025-06-18,110.1355934,111.24941862,109.67863555,110.06895447,759100,yfinance
2025-06-20,110.07847044,110.78294743,109.43111772,110.04039001,1585800,yfinance
2025-06-23,110.41166695,111.85868676,109.14552007,110.67822266,857700,yfinance
2025-06-24,110.82103125,111.24942335,109.49775999,109.98327637,941200,yfinance
2025-06-25,109.15503908,109.66910664,107.4224125,107.6318512,1629900,yfinance
2025-06-26,107.98409754,108.92656449,107.15586461,108.84088898,954200,yfinance
2025-06-27,108.81232312,109.63103407,107.89840747,108.29824829,1151200,yfinance
2025-06-30,108.30786203,108.97085607,106.47262063,108.27903748,2825500,yfinance
2025-07-01,108.06764407,109.83561834,106.82813701,108.54807281,1693900,yfinance
2025-07-02,108.46159267,109.20145705,107.1644365,108.96124268,1025200,yfinance
2025-07-03,108.9035832,110.16231148,108.5865058,109.54736328,610700,yfinance
2025-07-07,109.21107362,111.00787256,108.38473553,108.92281342,880300,yfinance
2025-07-08,108.19255553,109.7203228,107.92351659,108.87476349,947000,yfinance
2025-07-09,109.0669308,109.82600906,108.48080717,108.58650208,713600,yfinance
2025-07-10,108.43277051,110.0181869,108.3174723,108.97085571,866500,yfinance
2025-07-11,107.84664428,109.75875599,107.52956688,109.30715179,599400,yfinance
2025-07-14,109.30716203,110.56588314,109.18224586,109.6338501,753300,yfinance
2025-07-15,109.72993174,109.72993174,107.76017812,108.07726288,587100,yfinance
2025-07-16,108.18295308,109.80680476,108.08686878,109.6338501,595900,yfinance
2025-07-17,109.96054197,110.47940593,109.20146361,109.6818924,619300,yfinance
2025-07-18,109.6818946,110.44097297,109.09577089,109.47050476,654900,yfinance
2025-07-21,109.69150492,111.02709637,108.70181546,108.80751038,693100,yfinance
2025-07-22,108.9708594,111.29613294,108.76907286,111.16161346,525200,yfinance
2025-07-23,111.20004894,111.37300359,110.07584002,110.69078827,841700,yfinance
2025-07-24,110.71962978,110.71962978,109.10538864,109.15342712,874800,yfinance
2025-07-25,109.30715399,110.22957633,108.19255574,109.09576416,804700,yfinance
2025-07-28,109.04772669,109.11498642,107.77939495,107.83705139,712700,yfinance
2025-07-29,108.47120509,110.34487432,107.80821105,110.22957611,962300,yfinance
2025-07-30,109.7971839,109.91248944,106.90500809,107.73134613,1162400,yfinance
2025-07-31,106.96265683,107.86586523,104.38755844,104.92563629,1855900,yfinance
2025-08-01,106.09788683,106.24201692,102.30250251,102.76371002,2037600,yfinance
2025-08-04,102.95588616,103.49396403,101.4953786,101.62989807,847800,yfinance
2025-08-05,102.0718984,103.74378845,101.40890436,103.45552826,1549800,yfinance
2025-08-06,103.63808918,104.08969338,102.02384831,102.30249786,1020700,yfinance
2025-08-07,102.67723355,103.23453267,101.99502561,102.78292847,753600,yfinance
2025-08-08,102.95588135,103.05196564,101.15907521,101.38967896,646300,yfinance
2025-08-11,101.37047444,101.51460454,99.9387987,99.97723389,782700,yfinance
2025-08-12,99.94839713,100.81317038,99.3334489,100.74591064,786900,yfinance
2025-08-13,100.97651098,102.96549304,100.25586786,102.81175232,1113400,yfinance
2025-08-14,101.81246045,102.30249983,101.16868768,101.87010956,892700,yfinance
2025-08-15,102.18719736,103.04235998,101.67794404,102.63880157,789500,yfinance
2025-08-18,102.89822972,103.11923018,101.62029477,101.62989807,1086800,yfinance
2025-08-19,102.30250664,104.08009168,102.27368208,104.04165649,988500,yfinance
2025-08-20,104.69503671,105.16585485,103.77261435,104.18578339,877500,yfinance
2025-08-21,103.71496131,104.54129935,103.25374648,103.79182434,577700,yfinance
2025-08-22,104.65659998,105.69432787,104.29147676,105.15625,864800,yfinance
2025-08-25,105.10820133,105.36763696,104.11851928,104.60855865,581600,yfinance
2025-08-26,105.21389647,105.6847146,104.59894826,104.92563629,1549900,yfinance
2025-08-27,105.2235106,106.53988073,104.94486104,106.23240662,705300,yfinance
2025-08-28,106.37654044,106.50144928,105.3388125,106.40536499,604200,yfinance
2025-08-29,106.37653153,107.80820714,105.7423694,107.59682465,714400,yfinance
2025-09-02,106.7128328,107.06835272,104.12813108,104.32991028,890500,yfinance
2025-09-03,103.72457523,105.23312137,103.72457523,105.12743378,774700,yfinance
2025-09-04,105.60785727,106.15554578,104.8968174,106.02101898,644200,yfinance
2025-09-05,106.65518932,107.8754752,106.42458556,107.00109863,995300,yfinance
2025-09-08,105.69432856,106.6551861,105.69432856,106.57831573,651200,yfinance
2025-09-09,105.55981388,107.42387992,105.55981388,107.26052856,1062100,yfinance
2025-09-10,107.05874376,107.86586789,104.40678226,104.58934021,1091600,yfinance
2025-09-11,104.58933451,106.64556892,104.58933451,106.42457581,607400,yfinance
2025-09-12,106.38615519,106.45341493,104.96408271,105.22351837,514800,yfinance
2025-09-15,105.53098683,105.60785719,103.90713522,104.12813568,756900,yfinance
2025-09-16,104.29147894,104.68542673,102.71567316,102.92706299,935700,yfinance
2025-09-17,102.29288724,104.32990775,102.02384831,102.30249786,1182100,yfinance
2025-09-18,102.14875644,103.53239356,102.08149671,103.11922455,913600,yfinance
2025-09-19,103.10001968,104.57013058,102.72528581,103.72457123,1770800,yfinance
2025-09-22,103.63809016,104.13773284,102.75410303,103.94556427,687200,yfinance
2025-09-23,104.03204355,104.3491283,103.15766699,103.81105042,762400,yfinance
2025-09-24,103.89752698,104.32030666,102.83097448,103.00392914,676900,yfinance
2025-09-25,103.27296756,103.61886952,101.74520032,101.89894104,785500,yfinance
2025-09-26,102.54271339,103.42670053,101.99502491,102.81175232,790900,yfinance
2025-09-29,102.52349441,102.59075414,101.81246189,102.37937164,762000,yfinance
2025-09-30,102.56375844,103.66033108,101.91357099,103.62151337,969400,yfinance
2025-10-01,103.46625244,103.94175649,101.98150263,102.46671295,980400,yfinance
2025-10-02,102.08824863,102.37937779,101.05960512,101.33132172,675000,yfinance
2025-10-03,101.68067412,102.185297,101.0596055,101.11782837,769100,yfinance
2025-10-06,101.59333592,101.8650525,99.739829,99.914505,807700,yfinance
2025-10-07,99.95332725,101.04989992,99.33225863,100.31238556,778300,yfinance
2025-10-08,99.76893813,100.48705469,99.50692783,100.01154327,597600,yfinance
2025-10-09,100.32208331,100.66173645,98.63355346,98.92468262,842600,yfinance
2025-10-10,98.97319298,99.47781583,97.62430897,98.66265869,836100,yfinance
2025-10-13,98.55591018,99.25461417,98.40064674,98.79851532,1112500,yfinance
2025-10-14,98.68206693,99.40017606,97.64371725,99.10904694,1478300,yfinance
2025-10-15,99.04112447,100.40942108,98.235681,98.69177246,927000,yfinance
2025-10-16,99.07024019,99.6524985,98.40065498,98.83734131,871700,yfinance
2025-10-17,98.95378971,99.96302802,98.691772,99.37107086,898000,yfinance
2025-10-20,99.50692256,100.37059625,99.47781113,100.04064941,541400,yfinance
2025-10-21,100.37060716,101.21487578,99.7689437,100.36090088,546500,yfinance
2025-10-22,100.69085152,101.85535338,99.86599543,101.31192017,705800,yfinance
2025-10-23,101.36042673,102.04943186,100.24444899,101.87475586,1249400,yfinance
2025-10-24,102.37937238,102.82576496,101.8844558,101.95238495,1804300,yfinance
2025-10-27,101.6903723,101.82623059,100.45793403,101.07901001,838600,yfinance
2025-10-28,100.46764734,100.7102525,98.11923118,98.4200592,1164400,yfinance
2025-10-29,97.69223769,97.8183971,94.29576567,94.69364166,2364500,yfinance
2025-10-30,95.12061669,96.64417662,94.50925443,96.41127777,2434900,yfinance
2025-10-31,96.32395896,97.55638997,95.85815378,96.5374527,1067400,yfinance
2025-11-03,95.40204181,97.0905789,94.98476068,97.03234863,1300500,yfinance
2025-11-04,95.99400369,98.46857917,95.97459853,98.40065002,2318700,yfinance
2025-11-05,98.49770084,99.13818206,97.79899675,98.80823517,1960400,yfinance
2025-11-06,98.24537498,98.87614983,96.31424015,96.35305786,2260800,yfinance
2025-11-07,96.5568439,99.30313581,96.49862104,98.76940155,2274300,yfinance
2025-11-10,98.30360968,99.42929373,98.05129825,99.37107086,1295400,yfinance
2025-11-11,99.8562781,100.8558101,98.79851583,100.61320496,1415500,yfinance
2025-11-12,100.01154723,100.57439297,99.20610374,99.65249634,1402200,yfinance
2025-11-13,99.21579773,99.8853903,98.55591144,98.75,1031100,yfinance
2025-11-14,99.07994958,99.76894738,98.26479977,99.6233902,1363800,yfinance
2025-11-17,100.04065406,100.71024663,98.76940547,99.12846375,1294000,yfinance
2025-11-18,99.17697839,99.53603666,98.46857552,99.01200867,1160700,yfinance
2025-11-19,99.25461406,99.61367234,98.59472778,99.13816833,1057400,yfinance
2025-11-20,99.73982625,101.23427483,99.71071481,100.69084167,1492500,yfinance
2025-11-21,100.80728924,102.67050242,100.71024866,102.11736298,1600000,yfinance
2025-11-24,101.87476193,102.13677225,101.00138187,101.54481506,8295900,yfinance
2025-11-25,101.63215394,103.7767826,101.41866022,103.03926086,1141600,yfinance
2025-11-26,102.63168172,103.815596,102.63168172,102.89369202,830400,yfinance
2025-11-28,102.82576189,103.66032417,102.55404532,103.19451904,382300,yfinance
2025-12-01,102.83547911,103.80589977,102.58316766,102.92281342,626100,yfinance
2025-12-02,103.05866704,103.40801906,102.35026413,102.86458588,920300,yfinance
2025-12-03,102.99073864,103.61180725,102.19499402,102.43759918,939500,yfinance
2025-12-04,102.37936968,103.2818611,101.31190854,101.4186554,928500,yfinance
2025-12-05,100.92374226,101.90386914,100.39971425,100.80728912,764300,yfinance
2025-12-08,100.47735239,100.81699813,99.43900262,99.65249634,1264000,yfinance
2025-12-09,100.05035699,100.71994954,98.58501989,98.68206787,1031700,yfinance
2025-12-10,98.80822677,100.700544,98.80822677,100.0794754,1050000,yfinance
2025-12-11,100.34150155,101.41866912,99.91451407,101.08872223,867200,yfinance
2025-12-12,101.50599302,102.13676789,100.632613,101.14694214,979900,yfinance
2025-12-15,101.65156023,101.89416539,100.34149387,101.55451965,2086700,yfinance
2025-12-16,101.86505054,102.55404827,100.90433622,102.29203796,1827200,yfinance
2025-12-17,102.45866504,105.91871447,102.45866504,105.65406799,2204700,yfinance
2025-12-18,106.0167397,106.63425313,105.536444,105.97753143,2830000,yfinance
2025-12-19,105.54625004,105.95792566,104.86012399,105.1541748,3025200,yfinance
2025-12-22,104.9875424,106.61464447,104.3994333,106.36959839,1499100,yfinance
2025-12-23,106.6244559,106.6244559,104.93853757,105.66387939,1051500,yfinance
2025-12-24,106.06574267,107.01652264,105.63445918,106.41860962,405700,yfinance
2025-12-26,106.14416777,107.10474427,105.8795138,107.09494781,701700,yfinance
2025-12-29,107.48701544,108.01630839,106.90870281,107.81047058,914700,yfinance
2025-12-30,107.83007864,108.66323381,107.20276128,108.52600861,927700,yfinance
2025-12-31,108.51621036,108.66323951,107.85948863,107.8986969,763500,yfinance
2026-01-02,107.44781105,108.50640447,106.69306492,107.98690796,1081800,yfinance
2026-01-05,107.81047382,108.72204556,106.84009341,106.93811035,1433900,yfinance
2026-01-06,105.98732813,108.4083846,105.98732813,108.12413025,1121500,yfinance
2026-01-07,108.69263638,109.12391987,106.01673743,106.08535004,2212700,yfinance
2026-01-08,105.75208695,109.36896953,105.27179872,109.16313171,1607800,yfinance
2026-01-09,109.01610251,109.39837381,106.26178694,106.64405823,2005000,yfinance
2026-01-12,106.84989486,107.04592874,104.54646321,105.25218964,1334000,yfinance
2026-01-13,105.43843014,106.01674279,103.59568625,105.46783447,2239000,yfinance
2026-01-14,105.52665322,106.77148408,105.10517364,105.70307922,1571800,yfinance
2026-01-15,106.52643504,106.77148113,105.37962115,106.20297241,1180300,yfinance
2026-01-16,105.23259105,107.95750231,104.95814063,107.33018494,802900,yfinance
2026-01-20,106.44801849,106.73227285,104.71309549,105.12477112,1077800,yfinance
2026-01-21,105.3698156,106.54603381,105.18357819,106.28138733,784500,yfinance
2026-01-22,105.18357307,107.01652037,104.21319272,104.36022186,1153100,yfinance
2026-01-23,104.01716806,105.74228716,104.01716806,105.72268677,711900,yfinance
2026-01-26,105.91871724,106.17356727,104.99734905,105.87950897,1044800,yfinance
2026-01-27,105.7422804,107.06553519,105.72268,106.76167297,1233100,yfinance
2026-01-28,107.2027575,107.25176223,104.50725073,105.0953598,1014900,yfinance
2026-01-29,105.83050682,106.85969592,104.74250158,106.84009552,2103600,yfinance
2026-01-30,106.00693934,107.37919893,105.13457586,106.88910675,1470800,yfinance
2026-02-02,106.80088446,107.20276363,105.13457408,105.17378235,1607900,yfinance
2026-02-03,105.00714549,106.11475858,104.06616942,104.80130768,1247400,yfinance
2026-02-04,105.45803038,108.02611606,104.67388739,106.55583954,1561100,yfinance
2026-02-05,106.75187956,106.75187956,102.77232607,104.45824432,1910600,yfinance
2026-02-06,105.00714386,106.93810817,102.99777048,104.5170517,2418900,yfinance
2026-02-09,104.60526916,105.98732513,104.06616481,105.74227905,1817800,yfinance
2026-02-10,105.7128758,108.55541178,105.33060452,108.22215271,936100,yfinance
2026-02-11,108.47699559,110.27073467,107.33018174,108.56521606,1122700,yfinance
2026-02-12,109.66301704,109.66301704,103.87993564,105.3502121,1786900,yfinance
2026-02-13,105.83050134,107.183153,105.42862218,106.37940216,1388700,yfinance
2026-02-17,107.2713769,107.46741078,105.00714599,106.22257996,1127800,yfinance
2026-02-18,106.42841356,106.95771398,105.85990486,106.41860962,611300,yfinance
2026-02-19,105.66387809,106.93811329,104.99735242,106.43821716,696500,yfinance
2026-02-20,106.67346517,106.9969278,104.99735082,105.07575989,1080500,yfinance
2026-02-23,105.73249119,107.43800991,105.27180334,106.05594635,1209500,yfinance
2026-02-24,105.79129614,106.84009308,105.75208787,106.595047,1069800,yfinance
2026-02-25,106.59504506,107.69285419,105.62466467,106.68325806,821300,yfinance
2026-02-26,107.1047391,108.70244436,107.05573437,108.0555191,729400,yfinance
2026-02-27,107.33018607,107.82027825,105.59526307,106.19316864,1098700,yfinance
2026-03-02,106.1147554,107.31058145,105.88930971,107.1145401,1412700,yfinance
2026-03-03,106.04615021,106.64406328,104.67389058,106.04615021,873400,yfinance
2026-03-04,105.50704178,106.72246827,104.88952834,106.595047,610600,yfinance
2026-03-05,105.64426924,106.79108315,105.60506097,106.48722839,637100,yfinance
2026-03-06,105.49723815,105.7814925,103.5466734,104.41903687,914100,yfinance
2026-03-09,103.19380545,103.81132636,101.06680724,103.0271759,1045000,yfinance
2026-03-10,102.44886388,102.82133872,100.65513223,101.55690002,864800,yfinance
2026-03-11,100.74334374,100.83156422,98.68495815,99.82196808,815300,yfinance
2026-03-12,99.43969889,100.90017895,99.1064398,99.72395325,1171200,yfinance
2026-03-13,101.12561782,101.71372693,98.40070651,98.61634827,721900,yfinance
2026-03-16,99.47890421,99.91999164,98.74376597,98.78297424,960200,yfinance
2026-03-17,98.8907966,100.2924605,98.8907966,99.79256439,827900,yfinance
2026-03-18,99.05742595,99.36128818,98.11644989,98.36149597,803000,yfinance
2026-03-19,99.61613715,99.61613715,96.98924268,97.70478058,982600,yfinance
2026-03-20,97.27349185,97.8714049,94.79362667,95.43074799,2117700,yfinance
2026-03-23,97.03824857,97.70477421,96.0482603,96.20509338,2538000,yfinance
2026-03-24,95.50916841,96.79320755,95.04848055,95.96985626,927200,yfinance
2026-03-25,96.66578268,96.66578268,95.20530263,95.41114044,810700,yfinance
2026-03-26,95.21510737,96.60696736,95.21510737,95.73460388,1021900,yfinance
2026-03-27,95.13669034,96.03846562,94.61719383,95.0386734,1366200,yfinance
2026-03-30,95.96984994,96.85200984,95.02886642,95.90122986,1361300,yfinance
2026-03-31,97.26871441,97.77407819,96.15888125,96.77325439,1695100,yfinance
2026-04-01,97.41734614,98.06144568,96.66425236,97.37770844,1475700,yfinance
2026-04-02,96.62461043,100.0234663,96.51560863,99.8451004,1414500,yfinance
2026-04-06,99.84509841,101.08374837,99.44872891,100.17209625,1169300,yfinance
2026-04-07,100.16219686,101.15311688,99.54782373,99.91446686,1377600,yfinance
2026-04-08,100.96483801,101.77739211,100.5684685,101.34138489,1298700,yfinance
2026-04-09,100.89547474,101.29184426,99.58746064,99.92436981,1277800,yfinance
2026-04-10,100.0432833,101.41075019,99.81537593,101.02429199,928800,yfinance
2026-04-13,100.69729532,100.69729532,98.82445708,99.90455627,838900,yfinance
2026-04-14,100.26128448,101.20265544,99.1316363,100.85583496,1053900,yfinance
2026-04-15,100.75674405,101.00447404,99.54782046,100.45946503,951100,yfinance
2026-04-16,100.27119414,101.01438412,98.78481419,99.27036285,1380100,yfinance
2026-04-17,99.60727383,102.90703921,99.60727383,102.46112823,1372000,yfinance
2026-04-20,102.03503672,103.99705415,101.64857852,103.80878448,945000,yfinance
2026-04-21,103.5808657,103.74932029,101.46029752,101.54948425,946800,yfinance
2026-04-22,101.91611877,102.06475828,100.16219373,100.55856323,1110200,yfinance
2026-04-23,99.80546662,102.0053103,99.80546662,101.49993896,737900,yfinance
2026-04-24,101.50984806,101.98548544,100.36037723,100.82611084,859300,yfinance
2026-04-27,100.83602581,101.46030272,100.18201495,100.67747498,1049200,yfinance
2026-04-28,101.49993494,105.19606983,100.98465987,104.96815491,1455300,yfinance
2026-04-29,104.58169685,105.92934864,104.06641422,104.36369324,1544600,yfinance
2026-04-30,105.08706782,105.51316372,103.53132374,104.06641388,1396300,yfinance
2026-05-01,105.0969764,105.34470641,101.86658254,103.50159454,1792000,yfinance
2026-05-04,102.98631711,105.07715894,102.58994759,103.43222809,834800,yfinance
2026-05-05,103.46195864,104.7996991,102.74849505,103.77905273,900000,yfinance
2026-05-06,104.12587478,104.91860623,103.60068839,103.85832214,1501100,yfinance
2026-05-07,103.13495709,104.11596579,102.96650251,103.12504578,2001100,yfinance
2026-05-08,103.11513413,103.56105267,102.14403675,102.82776642,1084900,yfinance
2026-05-11,103.69977823,104.49250969,103.18449561,103.9673233,1047600,yfinance
2026-05-12,104.42314519,104.52224324,103.05567834,104.27451324,756000,yfinance
2026-05-13,103.65023496,104.58170222,103.08541083,104.39342499,710600,yfinance
2026-05-14,103.74932103,104.02678498,102.39176547,103.04576874,1385800,yfinance
2026-05-15,103.26377088,103.68986678,101.57920993,101.65847778,1694300,yfinance
2026-05-18,102.00530642,103.77905411,101.84675559,103.66014099,834400,yfinance
2026-05-19,103.55114341,104.44297296,102.75840436,104.10605621,1354800,yfinance
2026-05-20,104.3636965,106.31581016,103.56105371,105.32489014,1129700,yfinance
2026-05-21,105.04743512,105.5924366,103.1448629,105.20597839,754700,yfinance
2026-05-22,105.49333985,107.01935752,104.98796854,106.49417114,1251800,yfinance
2026-05-26,107.11845056,107.49500499,106.03835138,106.76171875,855100,yfinance
2026-05-27,107.02927554,108.11928607,106.89054734,107.1085434,1228700,yfinance
2026-05-28,107.08872597,107.8121009,106.49417547,107.03917694,819000,yfinance
2026-05-29,106.6229878,106.92026681,105.06724374,105.59243011,1696400,yfinance
2026-06-01,105.03752298,107.16800256,104.78979298,105.1167984,1007300,yfinance
2026-06-02,105.28525145,105.49334375,104.01687504,105.13661194,1117300,yfinance
2026-06-03,104.76997244,108.35709792,104.67087439,107.90127563,1042600,yfinance
2026-06-04,109.00119914,111.02267683,107.95082637,110.99295044,1345700,yfinance
2026-06-05,110.58667094,112.53878456,110.14075996,111.57759094,1606800,yfinance
2026-06-08,111.68659543,112.69733809,111.10195624,111.94423676,1998300,yfinance
2026-06-09,112.40005918,114.48098973,111.79559736,114.35217285,1785100,yfinance
2026-06-10,113.61889326,115.51154657,113.25225013,114.26298523,1030200,yfinance
2026-06-11,114.26298209,115.53135847,112.9153303,113.40088654,1091500,yfinance
2026-06-12,113.61889527,115.10527533,113.35134263,113.93598938,989000,yfinance
2026-06-15,113.62879599,114.43144634,112.22169138,112.46942139,1221300,yfinance
2026-06-16,112.459512,113.35134154,110.54703604,111.33977509,1308800,yfinance
2026-06-17,111.1713182,111.42895196,107.55445865,108.35710144,1616200,yfinance
2026-06-18,110.24975879,110.24975879,107.91118704,108.00036621,2828900,yfinance
2026-06-22,108.98138324,108.98138324,106.98963196,107.99046326,1182300,yfinance
2026-06-23,108.76337965,109.61557145,108.14900654,109.49665833,936400,yfinance
2026-06-24,109.53629987,110.93349316,109.26874723,110.24976349,876700,yfinance
2026-06-25,110.47767085,112.79642763,110.47767085,112.55860138,938900,yfinance
2026-06-26,113.27206619,115.31336659,113.19279833,115.25390625,1370400,yfinance
2026-06-29,114.9070839,115.68991162,114.33234848,115.68000031,745600,yfinance
2026-06-30,114.76000214,115.62999725,113.87999725,114.48999786,847000,yfinance
2026-07-01,114.90000153,117.55999756,114.90000153,115.66000366,1147600,yfinance
2026-07-02,115.97000122,117.33000183,115.29000092,117.25,808400,yfinance
2026-07-06,116.93000031,117.15000153,116.12000275,116.94999695,571900,yfinance
2026-07-07,118.0,119.80999756,117.48000336,117.58000183,776200,yfinance
2026-07-08,117.0,117.0,113.87999725,113.98000336,943800,yfinance
2026-07-09,114.44000244,114.80000305,113.09999847,113.29000092,706700,yfinance
2026-07-10,113.83000183,114.16000366,112.55999756,112.95999908,670500,yfinance
2026-07-13,113.55000305,114.59999847,112.76000214,114.19000244,712700,yfinance
2026-07-14,114.23999786,114.41999817,112.79000092,112.98000336,1234900,yfinance
2026-07-15,113.65000153,113.69999695,111.47000122,111.87000275,1076200,yfinance
2026-07-16,112.69999695,114.86000061,112.19000244,114.56999969,2115800,yfinance
2026-07-17,115.0,115.63999939,111.94000244,112.97000122,1047100,yfinance
2026-07-20,113.20999908,113.81999969,112.48999786,112.86000061,782900,yfinance
2026-07-21,112.69000244,112.94999695,111.87999725,112.08999634,836900,yfinance
2026-07-22,112.31999969,112.5,111.48999786,112.01000214,730000,yfinance
2026-07-23,112.05999756,113.83000183,112.05999756,112.83999634,713800,yfinance
2026-07-24,113.62999725,113.91000366,112.68000031,113.73000336,792900,yfinance
2026-07-27,113.55000305,113.91999817,112.61000061,112.83999634,614100,yfinance
2026-07-28,113.91999817,115.75,113.88999939,115.04000092,1315000,yfinance
2026-07-29,115.58999634,116.83999634,115.05000305,116.37000275,1071400,yfinance
2026-07-30,115.16999817,115.34999847,112.65000153,113.29000092,1806900,yfinance
2026-07-31,111.66999817,113.23999786,108.95999908,110.80999756,1874000,yfinance
2026-08-03,110.73999786,111.91999817,109.86000061,110.72000122,1213100,yfinance
2026-08-04,109.68000031,111.22000122,109.23000336,111.02999878,1067700,yfinance
2026-08-05,111.51000214,111.98999786,110.38999939,111.91000366,695600,yfinance
2026-08-06,113.15000153,113.15000153,110.19999695,110.73999786,613600,yfinance
2026-08-07,111.23999786,112.15000153,110.44000244,111.93000031,767700,yfinance
