date,open,high,low,close,volume,source
2019-01-02,22.44327161,23.75840671,22.35731467,23.4661541,7805400,yfinance
2019-01-03,23.51772591,23.75840334,22.70973343,23.32002449,11693600,yfinance
2019-01-04,23.80138637,24.52342205,23.5950907,24.42886925,15701000,yfinance
2019-01-07,24.60937373,25.03056251,24.16240066,24.77269173,10997300,yfinance
2019-01-08,25.13371842,25.4259711,24.80708395,25.09933662,8621700,yfinance
2019-01-09,25.47754105,25.89872828,25.1766942,25.7869854,10328500,yfinance
2019-01-10,25.57209609,26.5520011,25.53771266,26.53481102,10433500,yfinance
2019-01-11,26.20816599,26.4574409,25.82136229,26.38867569,11392400,yfinance
2019-01-14,25.95889803,26.33710595,25.84715351,26.10502434,8247100,yfinance
2019-01-15,26.30272302,26.44025347,25.92451348,26.0878315,7746100,yfinance
2019-01-16,25.9846853,26.31991723,25.81277305,26.09642982,10084300,yfinance
2019-01-17,25.90732407,26.62076393,25.64945487,26.56059456,12746500,yfinance
2019-01-18,26.99896889,27.82415149,26.9044161,27.72100449,16457300,yfinance
2019-01-22,27.07633852,27.26544251,25.86435016,26.8700428,16986900,yfinance
2019-01-23,26.92161076,27.01616356,26.2167668,26.68952751,12503900,yfinance
2019-01-24,26.64655069,27.39437396,26.50902023,26.82705879,11264500,yfinance
2019-01-25,27.11930894,27.82415286,27.09352301,27.59206963,10357300,yfinance
2019-01-28,27.1622957,27.17948742,26.37149463,26.84425545,10076500,yfinance
2019-01-29,27.0763281,27.11930575,26.48322712,26.51761055,6375500,yfinance
2019-01-30,26.74109982,27.32560498,26.46603895,27.1364994,7975800,yfinance
2019-01-31,27.10212187,27.3943745,26.79267753,26.95599556,7494700,yfinance
2019-02-01,27.07633427,27.86713357,26.96459139,27.60926437,7776100,yfinance
2019-02-04,27.35139083,27.72100449,27.12790347,27.72100449,6164700,yfinance
2019-02-05,27.6866217,27.78117449,27.46313597,27.76398277,6061500,yfinance
2019-02-06,27.67803026,27.80696321,27.49752052,27.53190231,5471400,yfinance
2019-02-07,27.26543444,27.49751766,25.97608537,26.21676445,9466200,yfinance
2019-02-08,25.98468275,26.16519249,25.27124296,25.52911377,9856100,yfinance
2019-02-11,25.37439143,26.15659644,25.27124278,25.95889664,7912200,yfinance
2019-02-12,26.35430148,26.94740266,26.35430148,26.50902367,9440900,yfinance
2019-02-13,26.66374489,27.23105847,26.48323513,26.99037933,7146400,yfinance
2019-02-14,26.86143832,27.52330456,26.7410996,27.16228676,8271100,yfinance
2019-02-15,27.55769559,27.73820372,27.10212488,27.37718582,8249100,yfinance
2019-02-19,27.11930902,27.56628377,27.07633137,27.24824524,5434300,yfinance
2019-02-20,27.24824978,28.11641022,27.24824978,27.75539398,14461700,yfinance
2019-02-21,27.60926723,27.69522583,26.75829684,26.9731884,7680800,yfinance
2019-02-22,27.16228705,27.2568382,26.68093053,26.92160797,6207800,yfinance
2019-02-25,26.80986885,27.54909462,26.73250776,27.29122543,9977300,yfinance
2019-02-26,27.29122012,27.65223626,27.08492448,27.11071205,7107800,yfinance
2019-02-27,27.22245655,27.47172985,26.80986525,26.86143875,8237600,yfinance
2019-02-28,26.94740045,26.96459217,26.08783426,26.3800869,8639200,yfinance
2019-03-01,26.55199848,26.90442048,26.45744731,26.58638191,10827800,yfinance
2019-03-04,26.80986995,27.05914329,26.30272577,26.6293602,11119500,yfinance
2019-03-05,26.62935858,26.68123514,25.99820858,26.18841934,11444600,yfinance
2019-03-06,25.98955963,26.0933111,24.85694786,24.93476105,13930200,yfinance
2019-03-07,24.8396623,24.9174755,24.05288578,24.14799118,13403200,yfinance
2019-03-08,23.71569384,23.92319515,23.35256613,23.75027657,13408400,yfinance
2019-03-11,24.10475913,24.39871975,23.74163141,24.11340523,11469800,yfinance
2019-03-12,24.20850654,24.49382102,24.09611063,24.28631973,10351000,yfinance
2019-03-13,24.45923937,24.77049049,24.45059327,24.64080238,10434700,yfinance
2019-03-14,24.64080072,24.96069956,24.48517435,24.61486244,11150500,yfinance
2019-03-15,24.51111446,24.61486429,24.09611187,24.1825695,12211800,yfinance
2019-03-18,24.32090513,25.07309882,24.2949685,24.9607029,8630300,yfinance
2019-03-19,25.1768496,25.54862174,25.15091132,25.29789162,13381300,yfinance
2019-03-20,25.28924555,26.24029443,25.14226525,26.02414703,13823600,yfinance
2019-03-21,25.80800417,26.06738044,25.67831604,25.97227669,9167300,yfinance
2019-03-22,25.73883073,25.84258055,24.77048973,24.83965683,10438000,yfinance
2019-03-25,24.64080147,24.78778176,24.17392233,24.416008,9254700,yfinance
2019-03-26,24.70996781,25.05580328,24.48517435,24.61486244,6093500,yfinance
2019-03-27,24.56298844,24.78778192,24.39006988,24.69267654,6746400,yfinance
2019-03-28,24.49382014,25.29788863,24.42465305,25.23736763,8155900,yfinance
2019-03-29,25.49674432,25.68695341,25.02122075,25.33247185,7680600,yfinance
2019-04-01,25.61779767,26.084677,25.37571355,26.05873871,11365500,yfinance
2019-04-02,26.03279497,26.56019354,25.87716857,25.88581467,11866500,yfinance
2019-04-03,26.05007984,26.33539429,25.72153657,25.87716293,8063000,yfinance
2019-04-04,25.86851891,26.40456514,25.58320443,26.30081367,9072200,yfinance
2019-04-05,26.4218551,26.93196305,26.27487482,26.77633667,8285800,yfinance
2019-04-08,26.88008477,27.1740453,26.81956378,27.05300331,6805200,yfinance
2019-04-09,26.85415554,26.88009383,26.43915288,26.63800812,7704200,yfinance
2019-04-10,26.76769571,27.08759462,26.71582079,26.83686447,4913400,yfinance
2019-04-11,26.80228015,27.19134617,26.64665374,26.97519875,5744500,yfinance
2019-04-12,27.32102883,27.50259183,26.86279579,27.08758926,7024200,yfinance
2019-04-15,27.02706504,27.41612928,26.78497941,27.05300331,6961100,yfinance
2019-04-16,27.25186198,27.61498965,27.08758951,27.50259209,5614300,yfinance
2019-04-17,27.73603398,27.84842824,27.28644537,27.31238365,10626300,yfinance
2019-04-18,27.4074903,27.92624272,26.88009013,26.91467285,9759200,yfinance
2019-04-22,27.51123682,27.74467637,26.46508435,26.8800869,22164600,yfinance
2019-04-23,26.95790506,27.26915786,26.56883907,26.93196678,13363800,yfinance
2019-04-24,26.7676968,26.80228118,25.94633756,26.03279686,11444000,yfinance
2019-04-25,26.07602226,26.09331445,25.23737094,25.26330757,8840400,yfinance
2019-04-26,25.01257606,25.04715879,24.45923928,24.94340897,9934500,yfinance
2019-04-29,25.02986917,25.25466101,24.8483045,24.87424278,6507100,yfinance
2019-04-30,24.95206099,24.97799762,24.39007632,24.49382782,10142700,yfinance
2019-05-01,24.52840334,24.70132024,23.8367308,23.85402298,8826500,yfinance
2019-05-02,23.72434261,24.1220531,23.52548572,23.98371887,10142700,yfinance
2019-05-03,24.04423773,24.36413662,23.87996688,24.009655,8127700,yfinance
2019-05-06,23.77621871,24.11340819,23.57736346,23.88861465,7067800,yfinance
2019-05-07,23.53412579,23.66381553,22.98943512,23.29204178,10469600,yfinance
2019-05-08,23.21422774,23.48225002,22.69547372,22.91162109,11995500,yfinance
2019-05-09,22.63495462,22.66953734,22.02974128,22.47068214,12767700,yfinance
2019-05-10,22.34964556,22.3755822,21.56286902,21.92599678,14085600,yfinance
2019-05-13,21.49370424,21.77037273,21.03547102,21.31213951,17946700,yfinance
2019-05-14,21.51098415,22.1767184,21.40723434,21.98650932,9745500,yfinance
2019-05-15,21.66661995,22.24589518,21.53693181,22.12485313,8288200,yfinance
2019-05-16,22.31506072,22.64360575,22.19401869,22.37558174,8362800,yfinance
2019-05-17,22.07297336,22.3064113,21.68390738,21.77036667,7923900,yfinance
2019-05-20,21.61473755,21.96057302,21.56286265,21.68390465,7073000,yfinance
2019-05-21,21.78766364,22.26318737,21.75307926,22.12485313,8764900,yfinance
2019-05-22,21.9778652,22.02974011,21.26025598,21.38994408,13154000,yfinance
2019-05-23,20.90577303,20.96629402,19.91149549,20.32649803,23565700,yfinance
2019-05-24,20.53399754,20.61181071,19.77315962,19.85961723,10217300,yfinance
2019-05-28,19.94608208,20.09306238,19.62618485,19.87691498,11673400,yfinance
2019-05-29,19.55701571,19.99795491,19.34951277,19.89420509,12559400,yfinance
2019-05-30,19.85962458,19.93743779,19.04691146,19.16795349,12157000,yfinance
2019-05-31,18.74430151,18.84805134,18.27742237,18.40711212,16450300,yfinance
2019-06-03,18.45899104,18.899932,18.33794736,18.67513847,10669300,yfinance
2019-06-04,18.94541447,19.34646875,18.89310362,19.14594078,9992700,yfinance
2019-06-05,19.11978193,19.21568652,18.29151895,18.47460938,21224800,yfinance
2019-06-06,18.63153875,18.87565704,18.49204044,18.78847122,16250700,yfinance
2019-06-07,18.87566428,19.17209517,18.68385674,18.85822678,15266500,yfinance
2019-06-10,19.00643858,19.45980359,18.97156525,18.97156525,10838300,yfinance
2019-06-11,19.20696677,19.55570844,19.04131385,19.25055885,10124300,yfinance
2019-06-12,19.00643739,19.10234197,18.34382909,18.36998367,18406400,yfinance
2019-06-13,18.86694093,18.98900176,18.50948053,18.88437843,23940000,yfinance
2019-06-14,18.83206602,18.92796893,18.4484494,18.64025688,10687900,yfinance
2019-06-17,18.52691671,19.39877161,18.47460588,19.15465164,12372800,yfinance
2019-06-18,19.26799226,19.63417136,19.13721436,19.37261391,12887800,yfinance
2019-06-19,19.38133299,19.47723756,18.98028056,19.01515388,11726500,yfinance
2019-06-20,19.60801899,20.026509,19.54698941,19.94804192,14720600,yfinance
2019-06-21,20.04394587,20.27934711,19.71264171,19.91316795,19469700,yfinance
2019-06-24,19.97419752,20.0875396,19.57314502,19.62545586,17465300,yfinance
2019-06-25,19.58186427,19.80854679,19.31158966,19.61673927,8246600,yfinance
2019-06-26,19.90445034,20.52346827,19.799827,20.22703743,14331500,yfinance
2019-06-27,20.22703554,20.34037595,19.78238932,19.81726265,9923000,yfinance
2019-06-28,19.90445396,20.19216611,19.70392767,19.82598686,36268900,yfinance
2019-07-01,20.27934398,20.52346394,19.92188363,20.00906944,11586900,yfinance
2019-07-02,19.90445081,19.91316956,19.37261869,19.74751663,14286700,yfinance
2019-07-03,19.73879629,19.9218867,19.58186213,19.91316795,6255300,yfinance
2019-07-05,19.75623598,20.13113393,19.72136264,20.07882309,8454700,yfinance
2019-07-08,20.02651175,20.48859557,19.90445257,20.27063179,14363000,yfinance
2019-07-09,20.1485747,20.5496273,19.83470629,20.5496273,13350800,yfinance
2019-07-10,20.67167997,20.79374079,20.36653207,20.57577705,15516200,yfinance
2019-07-11,20.5757756,20.79373932,20.47987103,20.79373932,12268800,yfinance
2019-07-12,20.83733808,20.95939893,20.65424929,20.70656013,11853900,yfinance
2019-07-15,20.80246347,20.9332414,20.410128,20.45372009,13114400,yfinance
2019-07-16,20.41012567,20.54090359,19.90444983,19.94804192,9675800,yfinance
2019-07-17,19.89573055,19.95676013,18.98028348,18.98900223,12759600,yfinance
2019-07-18,18.91053798,18.98900507,18.50076501,18.90181923,12674400,yfinance
2019-07-19,18.91925848,19.05875517,18.67513842,18.96285057,17145600,yfinance
2019-07-22,19.92188924,20.76758808,19.56442878,20.69783974,28286300,yfinance
2019-07-23,20.63680922,20.96811341,20.24447378,20.78502464,18363400,yfinance
2019-07-24,20.71527594,20.99426929,20.55834177,20.74143219,12981900,yfinance
2019-07-25,20.91579928,20.95067428,20.07881936,20.2444706,12426200,yfinance
2019-07-26,20.27934936,20.41012729,19.99163725,20.07882309,6551500,yfinance
2019-07-29,20.04394385,20.0526626,19.10234063,19.33774185,12261500,yfinance
2019-07-30,19.18081073,20.25319202,19.0151578,20.22703743,17794400,yfinance
2019-07-31,20.28806697,20.45371823,19.83470195,20.05266571,13557400,yfinance
2019-08-01,19.79982548,19.84341923,18.62282261,18.88437843,16509400,yfinance
2019-08-02,18.93668527,19.04130857,18.16945379,18.30895042,14128600,yfinance
2019-08-05,17.83815441,17.90790442,17.40222686,17.70737648,13777200,yfinance
2019-08-06,17.80328019,17.96021436,17.00117347,17.39350891,14552800,yfinance
2019-08-07,16.94014288,17.32375954,16.66114954,17.13195038,16661000,yfinance
2019-08-08,17.21041522,17.46325394,17.009889,17.37606812,17492900,yfinance
2019-08-09,17.37607042,17.46325625,16.92270542,17.01861,13613200,yfinance
2019-08-12,16.93142726,17.05348645,16.65243388,16.92270851,10673200,yfinance
2019-08-13,16.87039561,17.76840525,16.72218019,16.98373604,12404600,yfinance
2019-08-14,16.5390926,16.56524886,15.79801701,15.9811058,18264700,yfinance
2019-08-15,15.81544853,15.95494519,15.22258689,15.91135311,21154700,yfinance
2019-08-16,15.99854487,16.50422087,15.86776691,16.45191002,14359600,yfinance
2019-08-19,16.85295486,16.99245151,16.62627239,16.85295486,13001000,yfinance
2019-08-20,16.66114554,16.73089386,16.40830685,16.6175518,8284200,yfinance
2019-08-21,16.82680262,16.87911512,16.2077863,16.21650505,10964700,yfinance
2019-08-22,16.43447059,16.73962024,16.26881764,16.27753639,13271100,yfinance
2019-08-23,15.95494707,16.19906709,15.39696036,15.4492712,14091600,yfinance
2019-08-26,15.70210875,15.81544917,15.13540333,15.2574625,12999100,yfinance
2019-08-27,15.43183482,15.50158316,15.00462439,15.09181023,10316700,yfinance
2019-08-28,15.07437548,15.92007433,14.79538045,15.6933918,14771300,yfinance
2019-08-29,15.85904288,16.38215621,15.85032413,16.15547371,13070400,yfinance
2019-08-30,16.22522257,16.67858592,16.13803673,16.42574883,12154600,yfinance
2019-09-03,16.02082684,16.57539317,15.95920687,16.51377487,13125600,yfinance
2019-09-04,16.75144687,16.86588061,16.46976061,16.51377487,12794000,yfinance
2019-09-05,16.68102214,17.19157576,16.67221928,16.72503471,12560800,yfinance
2019-09-06,16.64581038,16.83946807,16.32011329,16.80425835,10921200,yfinance
2019-09-09,16.97151117,17.7813551,16.91869406,17.56128883,13565300,yfinance
2019-09-10,17.78136095,18.23029481,17.52608319,17.63171577,16748500,yfinance
2019-09-11,17.71973985,18.13346562,17.39404263,17.6493187,14736400,yfinance
2019-09-12,17.1299628,17.60530689,16.81306842,17.38524055,13410400,yfinance
2019-09-13,17.71973924,18.00142554,17.40284489,17.84297752,10717200,yfinance
2019-09-16,18.89048566,20.02602829,18.82006453,19.79715919,36553100,yfinance
2019-09-17,19.61230967,19.61230967,18.32712158,18.51197815,19353900,yfinance
2019-09-18,18.37993379,18.61760576,18.09824924,18.31831551,15049000,yfinance
2019-09-19,18.61760837,18.76725352,18.37993637,18.41514778,12901700,yfinance
2019-09-20,18.40634254,18.53838197,17.85177628,17.99261856,15934600,yfinance
2019-09-23,17.8869895,18.35353068,17.80776549,18.14226723,11085400,yfinance
2019-09-24,17.95740944,18.04543629,17.07714425,17.15636826,18536300,yfinance
2019-09-25,16.83947088,17.14756401,16.80426115,17.11235428,10550700,yfinance
2019-09-26,16.94510182,17.03312865,16.60179899,16.96270752,10841000,yfinance
2019-09-27,16.76024913,17.14756458,16.36412914,16.48736572,14587700,yfinance
2019-09-30,16.3817313,16.7426398,16.3289142,16.59299469,9884200,yfinance
2019-10-01,16.72503321,16.86587546,16.16166421,16.35532188,12198100,yfinance
2019-10-02,16.35532478,16.63700933,15.93279795,15.99441624,12056800,yfinance
2019-10-03,15.89759021,16.42574971,15.87118333,16.408144,10074200,yfinance
2019-10-04,16.43455102,16.66342017,16.08244528,16.32891846,7944900,yfinance
2019-10-07,16.39934296,16.54898814,16.13526403,16.16167259,8287800,yfinance
2019-10-08,15.9680106,16.37293348,15.87998543,16.06484032,11337600,yfinance
2019-10-09,16.18807795,16.28490766,15.86238073,16.08244705,11083800,yfinance
2019-10-10,16.17046834,16.38173173,16.03842725,16.22328377,9799100,yfinance
2019-10-11,16.39934206,16.82187068,16.37293517,16.68102837,10477700,yfinance
2019-10-14,16.39053828,16.57539317,15.88878572,16.51377487,9185800,yfinance
2019-10-15,16.47856442,16.88348729,16.35532782,16.46096039,11120800,yfinance
2019-10-16,16.42575228,16.64581863,16.10005502,16.1088562,9417800,yfinance
2019-10-17,16.2144867,16.42575017,16.07364439,16.29371071,13595800,yfinance
2019-10-18,16.34652033,16.90988937,16.22328377,16.22328377,26677300,yfinance
2019-10-21,15.97681474,17.60530587,15.93280215,17.26200294,27859700,yfinance
2019-10-22,17.43805276,17.69333047,16.90109214,17.51727676,14548100,yfinance
2019-10-23,17.35002662,17.95741009,17.09475058,17.79015923,11784100,yfinance
2019-10-24,17.869384,17.92220112,17.19158103,17.52608109,9416900,yfinance
2019-10-25,17.5084754,18.06304345,17.42045021,18.02783203,13148300,yfinance
2019-10-28,18.13346343,18.16867316,17.79896171,17.86938286,12464800,yfinance
2019-10-29,17.64931475,18.07184328,17.54368388,17.93980217,11592000,yfinance
2019-10-30,17.95740798,18.00142224,17.09474857,17.11235428,13151500,yfinance
2019-10-31,17.00672481,17.11235738,16.60180359,16.94510651,10693300,yfinance
2019-11-01,17.09475243,17.71974,17.03313413,17.68453026,11548200,yfinance
2019-11-04,18.04544061,18.56479733,18.0278349,18.54719162,16301100,yfinance
2019-11-05,18.62641269,18.84647901,18.35353093,18.52958298,14116000,yfinance
2019-11-06,18.40634851,18.56479654,17.97501869,18.13346672,11389800,yfinance
2019-11-07,18.45035934,18.83767654,18.36233416,18.45035934,8367700,yfinance
2019-11-08,18.22149047,18.74964825,18.00142416,18.73204422,9603400,yfinance
2019-11-11,18.4591621,18.73204554,18.18628033,18.70563698,6712900,yfinance
2019-11-12,18.73204445,18.87288675,18.37993702,18.51197815,6971200,yfinance
2019-11-13,18.40634568,18.40634568,18.05423993,18.15106964,7355600,yfinance
2019-11-14,18.15106199,18.41514078,17.85177181,17.89578438,6247700,yfinance
2019-11-15,17.99262229,18.30951664,17.90459543,18.02783203,9152100,yfinance
2019-11-18,17.8605845,17.8605845,17.35002899,17.74614906,8836400,yfinance
2019-11-19,17.62290932,17.66692191,17.23559217,17.51727676,10244400,yfinance
2019-11-20,17.61410396,18.38873647,17.42924743,18.07184219,12520300,yfinance
2019-11-21,18.24789656,18.66162226,18.08944856,18.60000229,10522600,yfinance
2019-11-22,18.46796373,18.70563574,18.31831858,18.47676659,7404000,yfinance
2019-11-25,18.42395012,18.80246441,18.26550212,18.7848587,7804800,yfinance
2019-11-26,18.64401925,18.73204611,18.21268945,18.33592606,10678100,yfinance
2019-11-27,18.34472291,18.94330338,18.26549892,18.84647369,9061900,yfinance
2019-11-29,18.52958203,18.64401745,18.36233285,18.47676659,6437400,yfinance
2019-12-02,18.57359956,18.91690251,18.52958528,18.74085045,10234100,yfinance
2019-12-03,18.34472708,18.51197794,18.00142419,18.30071449,13049600,yfinance
2019-12-04,18.51382393,19.2774625,18.49606446,19.06435394,12904400,yfinance
2019-12-05,19.17979227,19.3041052,18.86012853,19.0199604,10274500,yfinance
2019-12-06,19.00219305,19.83686931,18.96667581,19.82798958,13910800,yfinance
2019-12-09,19.57936357,20.19205163,19.57936357,20.04109955,12210900,yfinance
2019-12-10,20.14765455,20.35188334,20.00558221,20.2364502,13220800,yfinance
2019-12-11,20.25420681,20.82249787,20.24532708,20.76033974,13972800,yfinance
2019-12-12,20.87578071,21.76373394,20.81362425,21.57726288,16237100,yfinance
2019-12-13,21.64829549,21.91468243,21.28423486,21.30199432,14103500,yfinance
2019-12-16,21.53286458,21.99460064,21.53286458,21.62166023,13360600,yfinance
2019-12-17,21.62166069,22.03899808,21.56838397,21.92356491,24723100,yfinance
2019-12-18,21.79037285,21.99460168,21.61278153,21.79037285,14949200,yfinance
2019-12-19,21.7193316,22.02123578,21.62165791,21.73709106,13319500,yfinance
2019-12-20,21.84364706,22.03011641,21.62165878,21.74597168,16971100,yfinance
2019-12-23,21.73709178,22.15443083,21.72821205,22.10115242,11847800,yfinance
2019-12-24,22.11891328,22.50073341,22.00348011,22.0745163,5828500,yfinance
2019-12-26,22.13667406,22.18995078,21.68381772,21.79037285,10144900,yfinance
2019-12-27,21.79924831,21.9235629,21.5950195,21.66605568,8452600,yfinance
2019-12-30,21.81700618,22.18994653,21.76372947,21.80812645,9078400,yfinance
2019-12-31,21.62165893,21.76373129,21.42630816,21.72821236,10702100,yfinance
2020-01-02,21.92356403,22.05675667,21.68381627,21.9146843,9125500,yfinance
2020-01-03,22.45633155,22.59840389,21.82588406,21.98571587,11562600,yfinance
2020-01-06,22.19883047,22.61616787,21.97684217,22.54513168,14422600,yfinance
2020-01-07,22.5096062,22.5096062,21.50621848,21.90579796,12406300,yfinance
2020-01-08,21.72821462,21.86140896,21.09776865,21.3552742,14021100,yfinance
2020-01-09,21.39079,21.57725934,20.84025834,21.47958565,13480200,yfinance
2020-01-10,21.43518895,21.51510487,21.24871959,21.38191223,8385000,yfinance
2020-01-13,21.26647564,21.28423341,20.94681201,21.08888435,11442700,yfinance
2020-01-14,20.9468093,21.34638878,20.75146027,21.25759315,13325200,yfinance
2020-01-15,21.09777159,21.20432504,20.85802378,20.92905998,9940800,yfinance
2020-01-16,21.06224641,21.31975362,21.0089697,21.14216232,10188100,yfinance
2020-01-17,21.31087714,21.51510597,21.15992503,21.2753582,14378500,yfinance
2020-01-21,21.1155215,21.77260647,20.96456943,21.10664177,21047800,yfinance
2020-01-22,21.14216884,21.44407311,21.00897617,21.24872398,12042500,yfinance
2020-01-23,21.02673244,21.04449191,20.56499636,20.93793678,12567900,yfinance
2020-01-24,20.86690162,20.86690162,20.27197287,20.51172066,11684500,yfinance
2020-01-27,19.8901528,19.99670794,19.15315166,19.22418785,18996600,yfinance
2020-01-28,19.35737723,19.63264392,19.03771526,19.60600471,8773600,yfinance
2020-01-29,19.82799846,19.91679414,19.19755239,19.20643044,10328600,yfinance
2020-01-30,18.85124095,19.50832593,18.82460344,19.49056816,10652100,yfinance
2020-01-31,19.07323038,19.43729098,18.85124212,19.36625481,12501900,yfinance
2020-02-03,19.36625697,19.47281208,19.02883553,19.09099197,11481700,yfinance
2020-02-04,19.50832861,19.67704017,19.18866665,19.24194336,11941000,yfinance
2020-02-05,19.70367901,20.30748737,19.60600363,20.04998016,12034200,yfinance
2020-02-06,20.13878098,20.15654045,19.56161168,19.76584053,8205500,yfinance
2020-02-07,19.48168876,19.6237611,19.25082078,19.35737419,10241400,yfinance
2020-02-10,19.09987457,19.1797905,18.90452547,19.00219917,10099000,yfinance
2020-02-11,19.33074218,19.4106581,19.0909944,19.29522324,12984000,yfinance
2020-02-12,19.77471843,20.03222398,19.446175,19.84575462,9893900,yfinance
2020-02-13,19.65928137,19.89014938,19.44617282,19.70368004,10072300,yfinance
2020-02-14,19.74806911,19.84574446,19.39288835,19.64151573,8415500,yfinance
2020-02-18,19.37513513,19.51720748,18.99331505,19.41065407,8500200,yfinance
2020-02-19,19.51721097,19.8457544,19.49057346,19.78359795,7035300,yfinance
2020-02-20,19.99670108,20.04997778,19.48168843,19.49056816,7202300,yfinance
2020-02-21,19.21529953,19.24193873,18.54933488,18.87787819,11631000,yfinance
2020-02-24,17.98105276,18.00769196,17.52819641,17.60811234,12540100,yfinance
2020-02-25,17.71466806,17.76794478,16.65800322,16.87999153,13040400,yfinance
2020-02-26,17.07533796,17.1108569,16.2761805,16.33833694,16143400,yfinance
2020-02-27,15.70788949,16.36497453,15.33494916,15.44150257,20069300,yfinance
2020-02-28,14.88209702,15.22839826,14.47363764,15.05968666,27295500,yfinance
2020-03-02,15.31719421,15.33495368,14.53579606,15.290555,20530300,yfinance
2020-03-03,15.02135192,15.32644523,14.09709931,14.31245899,26031300,yfinance
2020-03-04,14.52782119,14.52782119,13.57664787,13.80995464,30188600,yfinance
2020-03-05,13.4599942,13.49588749,12.93954116,13.22668743,28694400,yfinance
2020-03-06,12.79596539,12.99337798,11.44099271,11.72813892,30003000,yfinance
2020-03-09,8.74002128,8.74002128,7.08892921,7.31326199,74704100,yfinance
2020-03-10,8.51569199,8.58747858,6.89151893,7.77090549,62821800,yfinance
2020-03-11,7.29531641,7.47478281,6.97227645,7.02611637,35888800,yfinance
2020-03-12,6.41592962,6.63128928,5.76087666,5.76087666,38621400,yfinance
2020-03-13,6.56847644,6.59539619,5.67114362,6.41592979,43906600,yfinance
2020-03-16,5.3481044,6.12878396,5.20453126,5.33015776,37973700,yfinance
2020-03-17,5.5006509,5.74293077,5.00711762,5.509624,36224500,yfinance
2020-03-18,5.01609237,5.28529205,3.81366583,4.13670588,45137200,yfinance
2020-03-19,4.28925188,4.7917583,4.03799846,4.30719852,39826500,yfinance
2020-03-20,4.60331693,4.80970347,4.09183713,4.53153038,49166700,yfinance
2020-03-23,4.66613165,4.82765187,4.39693199,4.70202494,27219200,yfinance
2020-03-24,5.31221146,6.23646422,5.21350471,5.94931793,48419800,yfinance
2020-03-25,6.7479432,6.7479432,5.41989053,6.07494354,51372200,yfinance
2020-03-26,6.17365002,6.97227612,6.05699665,6.32619667,32866100,yfinance
2020-03-27,5.89547749,6.11083719,5.54551734,5.73395729,33438800,yfinance
2020-03-30,5.65319848,5.98521161,5.41091857,5.71601152,28100100,yfinance
2020-03-31,6.10186403,6.27235691,5.86855727,6.14673042,34498500,yfinance
2020-04-01,5.93137115,6.01213083,5.59038451,5.92239761,27200600,yfinance
2020-04-02,6.11083658,7.3581291,6.06597019,6.74794292,51270900,yfinance
2020-04-03,7.02611694,7.20558336,6.586424,6.82870388,35876800,yfinance
2020-04-06,7.02611621,7.17866287,6.82870317,7.09790277,28269000,yfinance
2020-04-07,7.67219821,7.92345124,6.98125174,7.21455812,40153500,yfinance
2020-04-08,7.44786347,7.8875564,7.42094372,7.85166311,27550400,yfinance
2020-04-09,8.6323429,8.73104922,7.15174345,7.36710358,62286900,yfinance
2020-04-13,7.67219637,7.67219637,6.89151643,7.04406309,46429300,yfinance
2020-04-14,7.05303671,7.31326279,6.72999674,6.84665012,37407700,yfinance
2020-04-15,6.41593039,6.46079677,6.10186395,6.23646355,34865300,yfinance
2020-04-16,6.26338356,6.26338356,5.85958393,5.98521042,26960600,yfinance
2020-04-17,6.19159862,6.80178499,6.18262509,6.80178499,34351200,yfinance
2020-04-20,6.19159709,7.19661026,6.01213025,6.84665012,41649500,yfinance
2020-04-21,6.55950276,6.96330278,6.42490275,6.69410276,34791200,yfinance
2020-04-22,7.04406408,7.44786419,7.00817079,7.3850503,39590700,yfinance
2020-04-23,7.71706235,8.09394219,7.54656864,8.00420856,43765500,yfinance
2020-04-24,8.24648717,8.59644724,7.82474142,7.95036745,46122800,yfinance
2020-04-27,7.62732866,8.16572867,7.411969,7.99523497,27910700,yfinance
2020-04-28,8.33622407,8.6143977,8.11189081,8.54261112,28508700,yfinance
2020-04-29,9.11690209,9.93347489,9.0630626,9.88860893,37511600,yfinance
2020-04-30,9.96039825,9.96937093,9.1886912,9.42199802,45404700,yfinance
2020-05-01,9.13484877,9.33226138,8.70412855,8.7579689,28085800,yfinance
2020-05-04,8.2823824,9.00922244,8.12086306,9.00024891,25440100,yfinance
2020-05-05,9.52967729,9.65530423,8.7489976,8.84770393,30398500,yfinance
2020-05-06,8.7759182,8.97333174,8.56953198,8.57850552,19837800,yfinance
2020-05-07,8.78488919,9.08100898,8.75796944,8.98230267,20163200,yfinance
2020-05-08,9.22458154,9.61043494,9.05408868,9.60146141,21288400,yfinance
2020-05-11,9.40404747,9.61043446,9.25150168,9.49378109,17674300,yfinance
2020-05-12,9.60146004,9.76298021,9.2873941,9.41302013,21854000,yfinance
2020-05-13,9.28739649,9.31431624,8.44390302,8.56055641,24155200,yfinance
2020-05-14,8.30032563,9.09895187,8.18367231,8.92845821,22312000,yfinance
2020-05-15,8.85667444,9.18868747,8.75796814,8.81180763,22989200,yfinance
2020-05-18,9.45788744,10.42700677,9.4309677,10.32830048,40033000,yfinance
2020-05-19,10.22959659,10.32830378,9.92450407,10.00526333,26264000,yfinance
2020-05-20,10.25651747,10.75902352,10.2026771,10.72313023,28188200,yfinance
2020-05-21,10.75004768,10.95643469,10.54366153,10.75004768,22874800,yfinance
2020-05-22,10.64236872,10.72312883,10.29240941,10.40008926,19319100,yfinance
2020-05-26,10.803891,10.86670405,10.57058418,10.6513443,23319700,yfinance
2020-05-27,10.72312737,10.98335387,10.3283013,10.93848705,20093700,yfinance
2020-05-28,10.92951693,11.27947627,10.71415634,10.86670303,19018700,yfinance
2020-05-29,10.66031546,10.72312849,10.2295952,10.54366207,28707100,yfinance
2020-06-01,10.57955602,10.9295162,10.39111606,10.80388927,20750000,yfinance
2020-06-02,11.0245608,11.43888257,10.90746977,11.42987537,21763900,yfinance
2020-06-03,11.79015611,11.89823994,11.58299479,11.78114891,24102100,yfinance
2020-06-04,11.70008359,12.09639176,11.41186009,11.88022327,22497000,yfinance
2020-06-05,12.80794646,13.519499,12.79893926,13.07815647,27776900,yfinance
2020-06-08,13.96084094,14.81650607,13.68162374,14.77147007,36372000,yfinance
2020-06-09,14.06892147,14.06892147,13.36637633,13.897789,23805800,yfinance
2020-06-10,13.61857338,13.72665719,12.79893715,13.06914711,26440800,yfinance
2020-06-11,11.34881128,11.93426547,11.01555179,11.06058693,27855000,yfinance
2020-06-12,11.86221075,11.98830897,11.08760961,11.51093769,20073300,yfinance
2020-06-15,10.76335647,11.96128647,10.54718884,11.73611164,19678100,yfinance
2020-06-16,12.69986263,12.73589057,11.76313523,12.18646336,23520500,yfinance
2020-06-17,12.11440673,12.12341393,11.64604349,11.67306423,15676200,yfinance
2020-06-18,11.46590157,12.00632148,11.39384569,11.88022327,14375100,yfinance
2020-06-19,12.41163739,12.42965179,11.66405697,11.74512005,29721000,yfinance
2020-06-22,11.64604396,11.82618368,11.44788985,11.72710705,12853300,yfinance
2020-06-23,11.87121734,11.93426602,11.67306325,11.70909119,13303300,yfinance
2020-06-24,11.41186176,11.4388825,10.45711999,10.68229485,18726000,yfinance
2020-06-25,10.43009557,11.19569016,10.36704691,11.19569016,12866700,yfinance
2020-06-26,11.08760807,11.08760807,10.64626479,10.74534225,16419700,yfinance
2020-06-29,10.81739898,11.31278378,10.66428003,11.18668556,16714300,yfinance
2020-06-30,11.04257341,11.85320242,10.9164752,11.69107628,21171100,yfinance
2020-07-01,11.88022383,11.9883085,11.16867139,11.23172092,15603200,yfinance
2020-07-02,11.5199448,11.80816832,11.3217907,11.3217907,15125100,yfinance
2020-07-06,11.66405577,11.89823779,11.45689534,11.73611164,13644000,yfinance
2020-07-07,11.51093871,11.57398825,11.17768002,11.17768002,10967300,yfinance
2020-07-08,11.18668579,11.41186062,10.97952449,11.23172092,13122400,yfinance
2020-07-09,11.23172111,11.33079773,10.5381822,10.61023808,16112800,yfinance
2020-07-10,10.57421094,10.88945608,10.51116226,10.86243534,12895000,yfinance
2020-07-13,11.02456106,11.04257546,10.59222574,10.61924648,13306800,yfinance
2020-07-14,10.58321552,11.29476785,10.47513172,11.24072552,15884100,yfinance
2020-07-15,11.70008399,11.87121734,11.46590196,11.70909119,18202100,yfinance
2020-07-16,11.55597242,12.05135723,11.42987421,11.79015446,12747200,yfinance
2020-07-17,11.8441976,12.10540041,11.65505068,11.78114891,16463500,yfinance
2020-07-20,12.34858867,12.73588968,12.05135794,12.07837868,28342500,yfinance
2020-07-21,12.65482383,13.43843202,12.5917743,12.89801216,32616200,yfinance
2020-07-22,12.73589035,12.96106521,12.50170829,12.7719183,17933100,yfinance
2020-07-23,12.56475856,13.30333278,12.55575136,13.28531837,19508600,yfinance
2020-07-24,13.20425152,13.42942634,13.12318844,13.24928665,21901700,yfinance
2020-07-27,13.24028188,13.4474432,13.04212776,13.4204216,15134100,yfinance
2020-07-28,13.33035117,13.50148367,13.13219706,13.19524574,14961000,yfinance
2020-07-29,13.17723145,13.60956672,13.16822425,13.57353878,13723700,yfinance
2020-07-30,13.31233632,13.36637866,13.15021102,13.2132597,14688100,yfinance
2020-07-31,12.9700702,13.14120356,12.69986109,12.90702152,18013100,yfinance
2020-08-03,12.90702325,13.22226841,12.83496736,13.08716297,11183500,yfinance
2020-08-04,13.06014132,13.73566587,13.02411338,13.60956764,15746200,yfinance
2020-08-05,13.98786155,14.18601566,13.74467315,13.79871464,13469000,yfinance
2020-08-06,13.81672794,13.90679736,13.33035034,13.34836388,11389600,yfinance
2020-08-07,13.19524658,13.4114151,12.98808612,13.4114151,12918500,yfinance
2020-08-10,13.49247764,14.10495355,13.44744335,14.0599184,10490600,yfinance
2020-08-11,14.41119035,15.04168061,14.39317595,14.53728771,25789800,yfinance
2020-08-12,14.82551292,15.14976528,14.75345702,15.05068779,20495500,yfinance
2020-08-13,14.98763587,15.12274214,14.72643396,14.99664307,13456900,yfinance
2020-08-14,14.69040467,15.00564976,14.54629292,14.97862816,12244200,yfinance
2020-08-17,14.87955291,15.17678361,14.86153851,14.99664307,12312500,yfinance
2020-08-18,14.96061719,15.21281192,14.71742795,14.81650543,10542900,yfinance
2020-08-19,14.8165034,15.19479716,14.75345301,14.85253048,11929100,yfinance
2020-08-20,14.65437954,14.67239394,14.36615515,14.42019749,13361200,yfinance
2020-08-21,14.30310782,14.40218445,14.05991855,14.17700958,9806400,yfinance
2020-08-24,14.30310633,14.98763721,14.20402971,14.6723938,14722400,yfinance
2020-08-25,14.96962499,15.03267367,14.46523208,14.54629517,10201200,yfinance
2020-08-26,14.51026794,14.6453725,14.21303634,14.24005795,8954800,yfinance
2020-08-27,14.24906249,14.46523011,14.03289486,14.42920303,8343400,yfinance
2020-08-28,14.49225273,14.79849065,14.42920405,14.65437889,8505200,yfinance
2020-08-31,14.59133002,14.71742738,14.37516152,14.57331562,9810500,yfinance
2020-09-01,14.38815689,14.76750572,14.29783542,14.65911961,11040300,yfinance
2020-09-02,14.60492727,14.71331339,14.48751055,14.6771841,10415400,yfinance
2020-09-03,14.57783064,15.0655656,14.2978356,14.55976772,15884500,yfinance
2020-09-04,14.71331485,14.76750705,13.99074468,14.44235039,12968800,yfinance
2020-09-08,13.99074333,14.07203249,13.34043179,13.37656021,15783600,yfinance
2020-09-09,13.51204211,13.84623021,13.45784904,13.60236359,12272500,yfinance
2020-09-10,13.59333081,13.70171607,12.81656851,12.89785767,15727100,yfinance
2020-09-11,12.97914891,12.97914891,12.63592844,12.88882828,10846300,yfinance
2020-09-14,12.92495418,13.09656395,12.72624745,12.94301796,10765000,yfinance
2020-09-15,13.05140216,13.22301278,12.92495314,13.04236984,7930400,yfinance
2020-09-16,13.21398319,13.86429565,13.03334108,13.61139584,14990800,yfinance
2020-09-17,13.30430235,13.52107372,13.15978868,13.38559151,12584200,yfinance
2020-09-18,13.28623916,13.512042,12.96108338,13.051404,12507600,yfinance
2020-09-21,12.39206017,12.48238079,11.6423948,11.94045448,19709700,yfinance
2020-09-22,12.13916026,12.35593164,11.83206912,12.03980732,10214600,yfinance
2020-09-23,12.06690402,12.19335393,11.41659243,11.42562389,15910300,yfinance
2020-09-24,11.1275636,11.5340094,10.84756856,11.30820656,24020300,yfinance
2020-09-25,11.11853347,11.3533678,11.02821198,11.17272568,18480300,yfinance
2020-09-28,11.47078367,11.6694904,11.33530232,11.52497673,16598400,yfinance
2020-09-29,11.48884796,11.54304016,10.83853559,10.9017601,13391900,yfinance
2020-09-30,11.0011122,11.2630434,10.79337319,10.88369465,12139900,yfinance
2020-10-01,10.71208748,10.7482159,9.93532594,10.08887196,27032500,yfinance
2020-10-02,9.61919859,10.2875755,9.57403872,10.21531868,17883400,yfinance
2020-10-05,10.43209198,10.81144085,10.30564208,10.77531242,13796400,yfinance
2020-10-06,11.04627495,11.34433551,10.63983,10.70305538,20036300,yfinance
2020-10-07,10.72111936,10.87466537,10.56757335,10.77531242,13292300,yfinance
2020-10-08,10.94692255,11.57013893,10.88369803,11.57013893,13712800,yfinance
2020-10-09,11.66045977,11.70562051,11.23595014,11.36240005,13564600,yfinance
2020-10-12,11.36239768,11.55207208,11.16369096,11.49787903,10810700,yfinance
2020-10-13,11.34433761,11.55207586,11.19982304,11.32627296,9264000,yfinance
2020-10-14,11.37143205,11.90432693,11.34433595,11.48884964,12221800,yfinance
2020-10-15,11.19982004,11.82303633,11.08240333,11.80497169,12268200,yfinance
2020-10-16,11.72368456,11.80497373,11.02821217,11.06434059,18401100,yfinance
2020-10-19,11.04627384,11.49787949,10.7030543,10.99208164,20524100,yfinance
2020-10-20,11.23595052,11.86819925,11.19079064,11.50691414,18730800,yfinance
2020-10-21,11.38949723,11.65142854,11.29014427,11.4436903,11946900,yfinance
2020-10-22,11.45272105,11.84110138,11.41659263,11.77787685,10765500,yfinance
2020-10-23,11.94045461,12.19335356,11.77787629,12.02174377,17743500,yfinance
2020-10-26,11.77787535,11.80497145,11.48884801,11.55207253,16611700,yfinance
2020-10-27,11.47981738,11.5159458,11.18175767,11.29917526,11873100,yfinance
2020-10-28,10.8024085,10.93788987,10.31467438,10.31467438,18266900,yfinance
2020-10-29,10.16112469,10.76627619,9.9262896,10.49531269,15084800,yfinance
2020-10-30,10.45918784,10.91982586,10.36886636,10.89272976,16135900,yfinance
2020-11-02,11.15466078,11.73271551,10.82047182,11.56110573,15822600,yfinance
2020-11-03,11.85916358,11.97658115,11.52497553,11.7327137,13231800,yfinance
2020-11-04,11.70561636,11.96754755,11.17272165,11.47981358,19084400,yfinance
2020-11-05,11.46175115,11.76884314,11.33530212,11.3533659,11946800,yfinance
2020-11-06,11.29014121,11.55207245,11.08240302,11.09143448,10871300,yfinance
2020-11-09,12.82560277,13.6565574,12.73528214,12.98818111,25174500,yfinance
2020-11-10,12.85269888,13.26817619,12.50947927,12.98818111,14627600,yfinance
2020-11-11,13.15978993,13.17785457,12.52754212,12.80753803,8998400,yfinance
2020-11-12,12.55463777,12.92495515,12.44625251,12.57270241,9915500,yfinance
2020-11-13,12.66302294,13.03333943,12.52754072,12.94301796,9683900,yfinance
2020-11-16,13.58430178,14.06300366,13.36753121,13.9636507,12832200,yfinance
2020-11-17,13.6294603,14.30686886,13.51204272,14.27977276,10451700,yfinance
2020-11-18,14.31590031,14.70428147,13.89139073,13.90042305,12951400,yfinance
2020-11-19,13.73784565,14.52363948,13.58429964,14.45138264,12055800,yfinance
2020-11-20,14.37912478,14.51460614,14.06300047,14.36106014,7826600,yfinance
2020-11-23,14.68622051,15.79717034,14.58686669,15.64362431,17849200,yfinance
2020-11-24,16.25780474,16.51070455,16.00490494,16.17651558,15620900,yfinance
2020-11-25,15.80619491,16.21264061,15.71587345,16.13135147,11051000,yfinance
2020-11-27,15.95071502,16.2307101,15.77910435,15.86039352,4548200,yfinance
2020-11-30,15.67974794,15.85135684,14.95717791,14.98427486,15727300,yfinance
2020-12-01,15.57136496,15.6797511,15.19201609,15.42685127,9603700,yfinance
2020-12-02,15.30459026,16.37319508,15.19591957,15.94756508,9738700,yfinance
2020-12-03,16.11057784,16.58148716,15.85700996,16.31886482,11624700,yfinance
2020-12-04,16.85316334,17.68631278,16.6810994,17.59575272,14895800,yfinance
2020-12-07,17.57764539,17.7406532,17.07956751,17.17918205,12267800,yfinance
2020-12-08,16.79883004,17.93988291,16.78071941,17.89460373,12226800,yfinance
2020-12-09,17.95799809,18.43796538,17.45086398,17.66820717,16962300,yfinance
2020-12-10,17.20634707,18.39267894,17.13389936,18.10288811,11667800,yfinance
2020-12-11,17.88555055,18.11194992,17.56859108,17.95799828,10482700,yfinance
2020-12-14,18.22966892,18.32928515,17.05239338,17.17012024,11775700,yfinance
2020-12-15,17.52331111,18.24778838,17.42369483,18.17534065,15665700,yfinance
2020-12-16,18.1209988,18.6009659,17.99421575,18.23872566,13388100,yfinance
2020-12-17,18.41984842,18.56474385,17.92177062,18.18439293,9508600,yfinance
2020-12-18,18.11194779,18.37457187,17.71348446,17.82215691,15807500,yfinance
2020-12-21,17.04334247,17.74970905,16.82599931,17.52330971,8714800,yfinance
2020-12-22,17.53235887,17.67725426,17.26973491,17.31501579,6426000,yfinance
2020-12-23,17.45991099,18.09382786,17.41463011,17.64102936,9276600,yfinance
2020-12-24,17.72254003,17.74065239,17.19729363,17.39652443,2895500,yfinance
2020-12-28,17.43274503,17.7406482,17.07050652,17.10672951,6525700,yfinance
2020-12-29,17.20634852,17.2516277,16.59959827,16.88033295,9828800,yfinance
2020-12-30,16.88032791,17.36935113,16.80788022,17.31501579,7746500,yfinance
2020-12-31,17.23352188,17.31502579,17.05240168,17.11579323,6940500,yfinance
2021-01-04,17.40557916,17.63197848,16.81694127,17.05239677,8898700,yfinance
2021-01-05,17.36029972,19.00848647,17.2154043,18.48324013,15912300,yfinance
2021-01-06,18.95415232,19.05376857,18.57380137,18.85453606,16165100,yfinance
2021-01-07,18.99037485,19.20771799,18.29306624,18.42890549,13680500,yfinance
2021-01-08,18.72775519,18.72775519,17.99422175,18.22062111,8343300,yfinance
2021-01-11,17.55047085,18.73680428,17.45085634,18.62813187,11405600,yfinance
2021-01-12,18.91793004,20.13143076,18.71869923,20.04087067,15816300,yfinance
2021-01-13,19.89597,19.91408236,19.37072369,19.53373146,10586600,yfinance
2021-01-14,19.58806668,20.09520236,19.52467516,19.70579529,10215400,yfinance
2021-01-15,19.28016099,19.42505637,18.51040319,18.7820816,12252400,yfinance
2021-01-19,19.11715166,19.33449471,18.3836169,18.60096169,16808900,yfinance
2021-01-20,19.37072486,19.37072486,17.93988125,18.18439293,13376100,yfinance
2021-01-21,18.08477249,18.46512332,17.41463088,17.57763863,12080300,yfinance
2021-01-22,17.11579134,17.46897552,16.70827353,17.42369461,14149600,yfinance
2021-01-25,17.19729632,17.3331356,16.5180982,16.87128067,12581800,yfinance
2021-01-26,17.09767533,17.31502019,16.48187065,16.48187065,9965600,yfinance
2021-01-27,16.04718619,16.5090411,15.60344365,15.64872456,16088400,yfinance
2021-01-28,15.84794747,16.75354446,15.84794747,16.54525757,11646800,yfinance
2021-01-29,16.40942041,16.58148262,15.85700562,15.96567631,11373200,yfinance
2021-02-01,16.31885893,16.46375432,15.91133958,16.17396355,8551800,yfinance
2021-02-02,16.74449496,16.87127804,16.31886482,16.31886482,8862800,yfinance
2021-02-03,16.4365942,17.06145695,16.39131501,17.03428841,9751500,yfinance
2021-02-04,17.1882387,17.33313415,16.78977708,17.30596733,8881400,yfinance
2021-02-05,17.70442838,17.81310083,17.17012578,17.18823814,12027500,yfinance
2021-02-08,17.4418058,18.21156392,17.34218953,18.14817238,9163400,yfinance
2021-02-09,17.94893882,18.19345051,17.46897334,17.921772,14852700,yfinance
2021-02-10,18.03949933,18.39268175,17.74065228,18.34740257,9761000,yfinance
2021-02-11,18.16627815,18.17533433,17.23351421,17.59575272,9644300,yfinance
2021-02-12,17.4418007,18.35645399,17.34218446,18.26589394,9487900,yfinance
2021-02-16,18.64625159,18.92698631,18.43796459,18.65530777,10700400,yfinance
2021-02-17,18.92698289,18.97226379,18.12100186,18.6100235,9239900,yfinance
2021-02-18,18.41984631,18.44701485,17.55952832,17.72253609,11379800,yfinance
2021-02-19,17.72253876,18.38362437,17.65914723,18.29306602,7533400,yfinance
2021-02-22,18.293067,19.66051746,17.56858809,19.13527107,12612300,yfinance
2021-02-23,19.25300003,19.31639157,17.90366017,18.96320915,10620100,yfinance
2021-02-24,19.07187851,20.42121827,18.95415162,20.16765213,14926400,yfinance
2021-02-25,20.4212171,20.58422488,19.66957146,19.95030785,13896200,yfinance
2021-02-26,19.76013175,20.04086641,18.8998154,19.76918793,12612800,yfinance
2021-03-01,20.22198878,20.85590762,20.06803716,20.83779526,12624000,yfinance
2021-03-02,20.75159519,21.25972294,20.1980978,20.21624565,9704600,yfinance
2021-03-03,20.41586684,20.76974131,20.10736027,20.21624565,12317100,yfinance
2021-03-04,20.40678941,20.86047526,19.12739545,20.03476715,17516100,yfinance
2021-03-05,20.73344649,21.68618621,20.00754799,21.63174438,16439000,yfinance
2021-03-08,21.73155625,22.44837911,21.55008119,22.10357857,14469600,yfinance
2021-03-09,21.84043819,22.07635506,21.27786867,21.29601479,11555600,yfinance
2021-03-10,21.25064651,22.03098677,21.15990899,21.90395355,8827100,yfinance
2021-03-11,21.93117702,22.41208471,21.58637649,21.63174438,9177800,yfinance
2021-03-12,21.64082116,22.01284352,21.48656786,21.79507446,7245300,yfinance
2021-03-15,21.85858784,22.1670944,21.47749159,21.74970245,8136400,yfinance
2021-03-16,21.35045981,21.35045981,20.53382378,20.75159454,11014000,yfinance
2021-03-17,20.51567696,21.25972156,20.47030733,21.18713188,11645300,yfinance
2021-03-18,20.98751423,21.23250509,19.99848031,20.11643791,11327100,yfinance
2021-03-19,19.98940218,20.34327664,19.69904174,19.77163315,23241100,yfinance
2021-03-22,19.73534138,19.79885714,19.30887715,19.54479408,11003900,yfinance
2021-03-23,19.05480736,19.46312535,18.66463722,18.88240623,11882500,yfinance
2021-03-24,19.31794845,19.71719084,19.19998913,19.32702065,9751800,yfinance
2021-03-25,18.79167425,19.29072991,18.17466271,19.23628807,11137300,yfinance
2021-03-26,19.69904174,19.78977927,19.26350367,19.77163315,9763500,yfinance
2021-03-29,19.553864,19.58108578,18.94592475,19.27257919,6864200,yfinance
2021-03-30,19.05481312,19.67182639,19.01851741,19.50849915,7878500,yfinance
2021-03-31,19.58108195,19.78070311,19.30887112,19.47219658,6526800,yfinance
2021-04-01,19.65367244,19.91681109,19.29072408,19.88958931,7419000,yfinance
2021-04-05,19.8895906,19.91681238,19.15461991,19.34516716,7572700,yfinance
2021-04-06,19.49034496,19.96217869,19.26350202,19.2907238,7135900,yfinance
2021-04-07,19.3723897,19.59923267,19.18184071,19.43590546,5875500,yfinance
2021-04-08,19.18184174,19.49942226,18.75537757,19.37239075,7057700,yfinance
2021-04-09,19.41775692,19.61737983,18.99129278,19.11832428,4708100,yfinance
2021-04-12,19.30887683,19.50849805,18.87333695,19.0729599,4839800,yfinance
2021-04-13,19.036659,19.10017475,18.63741667,18.76444817,5474800,yfinance
2021-04-14,19.03666007,19.9531058,18.97314432,19.65367317,9667000,yfinance
2021-04-15,19.81700032,19.83514817,19.00943996,19.12739754,6516600,yfinance
2021-04-16,19.29072107,19.37238465,18.64648631,18.77351952,8430600,yfinance
2021-04-19,18.71000511,19.10017348,18.67370941,18.755373,6721100,yfinance
2021-04-20,18.60112568,18.69186323,17.76634339,17.97503853,10589300,yfinance
2021-04-21,16.79545338,17.63930949,16.65027402,17.33080292,19098900,yfinance
2021-04-22,17.48505163,17.72096846,17.15839729,17.43968201,11119100,yfinance
2021-04-23,17.48505698,17.56672059,17.14025469,17.29450798,12328900,yfinance
2021-04-26,17.27635933,17.85707671,17.2672854,17.63023376,9396600,yfinance
2021-04-27,17.60301188,17.71189726,16.91340913,17.53042221,9372500,yfinance
2021-04-28,17.69375007,18.36520499,17.63023432,18.27446747,9161600,yfinance
2021-04-29,18.50131062,18.70093353,18.05669864,18.47409058,9489100,yfinance
2021-04-30,18.20187773,18.50131035,17.70282394,17.74819183,8428300,yfinance
2021-05-03,18.26539396,18.86426096,18.11114069,18.74630165,9550500,yfinance
2021-05-04,18.84611521,19.14554788,18.53760862,19.01851463,9996200,yfinance
2021-05-05,19.28164851,19.9712512,19.28164851,19.96217728,12368400,yfinance
2021-05-06,19.87144705,20.12551184,19.33609741,20.11643791,10781400,yfinance
2021-05-07,19.70811213,20.86047457,19.66274424,20.8241806,12249400,yfinance
2021-05-10,20.97843488,21.43212074,20.62455874,20.63363266,9825800,yfinance
2021-05-11,20.13457841,20.76973756,19.998473,20.51567459,9101600,yfinance
2021-05-12,20.53382111,21.33230918,20.41586354,20.53382111,11139700,yfinance
2021-05-13,20.24346142,20.69714726,19.77162947,20.29790497,8773600,yfinance
2021-05-14,20.56104193,21.10546528,20.551968,20.92399025,7659000,yfinance
2021-05-17,20.76974082,21.61359691,20.65178324,21.57730293,8384000,yfinance
2021-05-18,21.57730241,21.75877574,21.1236165,21.13269043,8574200,yfinance
2021-05-19,20.59733922,20.74251856,20.13457943,20.45215988,9944500,yfinance
2021-05-20,20.37956981,20.47938126,19.87144208,20.30698013,8067700,yfinance
2021-05-21,20.57012091,20.70622635,20.26161433,20.37957191,6088400,yfinance
2021-05-24,20.49752787,20.57011754,20.13457952,20.4249382,4422400,yfinance
2021-05-25,20.35234776,20.55196891,19.88051405,19.90773582,7403700,yfinance
2021-05-26,19.90773908,20.43401469,19.8805173,20.21624565,6775900,yfinance
2021-05-27,20.30698203,20.71530007,20.30698203,20.43401527,7733100,yfinance
2021-05-28,20.60641381,20.62456167,20.2253193,20.37049866,4709500,yfinance
2021-06-01,20.91146822,21.38424965,20.87509961,21.22059441,7880700,yfinance
2021-06-02,21.45698411,22.42982165,21.07512246,22.13887978,14759400,yfinance
2021-06-03,22.11160323,22.72985558,21.94794799,22.45709801,12619800,yfinance
2021-06-04,22.5752946,22.7298577,22.06614627,22.47528267,10380000,yfinance
2021-06-07,22.43891288,22.69348615,21.98431579,22.09341812,5643600,yfinance
2021-06-08,21.92067427,22.29344378,21.62064023,22.19343185,6459300,yfinance
2021-06-09,22.27525902,22.41163781,21.99340929,22.05705261,5067900,yfinance
2021-06-10,22.30253949,22.45710261,21.51153959,21.7388382,5863600,yfinance
2021-06-11,21.92067209,22.10250989,21.7024657,21.84793663,4832100,yfinance
2021-06-14,21.97522399,22.14797137,21.31151263,21.45698357,5402300,yfinance
2021-06-15,21.36606187,22.12069292,21.36606187,21.9934063,10108100,yfinance
2021-06-16,21.84793582,22.22070528,21.53880967,21.91157913,8582500,yfinance
2021-06-17,21.88430536,22.11160393,20.2295721,20.65689278,12237900,yfinance
2021-06-18,20.20229934,20.4568744,19.92954171,19.99318504,11542200,yfinance
2021-06-21,20.23866302,21.35697146,20.20229442,21.22968483,9360000,yfinance
2021-06-22,21.09330444,21.44788959,20.83872946,21.35696983,5495400,yfinance
2021-06-23,21.65700999,22.18434267,21.36606807,21.37516022,8914400,yfinance
2021-06-24,21.51153781,21.72065209,21.19331945,21.63882446,7406100,yfinance
2021-06-25,21.6751954,21.90249401,21.64791894,21.76611519,7052200,yfinance
2021-06-28,21.65701061,21.67519492,20.58416093,20.64780426,8073800,yfinance
2021-06-29,20.79327257,21.14785776,20.59324873,20.61143303,6486300,yfinance
2021-06-30,20.75690549,21.04784738,20.61143454,21.02057266,6027600,yfinance
2021-07-01,21.775205,21.97522713,21.42971018,21.63882446,8785800,yfinance
2021-07-02,21.53881028,21.76610882,21.39333935,21.62063789,5886300,yfinance
2021-07-06,21.47517489,21.54791038,20.11138314,20.21139336,11093800,yfinance
2021-07-07,20.03864189,20.42050181,19.39311308,19.65678024,11298900,yfinance
2021-07-08,19.20218108,19.81134123,19.12035347,19.647686,8139700,yfinance
2021-07-09,20.01136597,20.4295945,19.73860665,20.34776688,7624600,yfinance
2021-07-12,20.03864126,20.59324855,19.71133078,20.38413429,6528000,yfinance
2021-07-13,20.22956974,20.42049968,19.94772004,20.08409882,5851900,yfinance
2021-07-14,20.31140061,20.60234251,19.3567473,19.50221825,8623800,yfinance
2021-07-15,19.22036608,19.53858442,18.76576895,18.81122971,10354700,yfinance
2021-07-16,19.09307681,19.14762797,18.19297482,18.23843384,9972900,yfinance
2021-07-19,17.39288331,17.85657253,17.17467692,17.60199928,15725000,yfinance
2021-07-20,17.82020927,18.62029952,17.50199091,18.24752998,14655300,yfinance
2021-07-21,19.02034525,19.22945952,18.64757571,18.88396645,14650800,yfinance
2021-07-22,18.89306074,18.92033546,18.34754374,18.6839447,8388000,yfinance
2021-07-23,18.74758278,18.78394964,18.02022647,18.28389359,12404500,yfinance
2021-07-26,18.2475285,18.90214948,18.2475285,18.81122971,8904700,yfinance
2021-07-27,18.52937735,18.92942329,18.37481426,18.76576805,10540600,yfinance
2021-07-28,18.84759719,19.44766528,18.70212624,19.17490768,12236800,yfinance
2021-07-29,19.42039119,19.55676999,19.12944928,19.32037926,6322700,yfinance
2021-07-30,19.17490493,19.34765231,18.67484884,18.80213547,8744200,yfinance
2021-08-02,18.82032487,19.42948519,18.31117475,18.32935905,10261800,yfinance
2021-08-03,18.18388769,18.52938079,17.7474748,18.52029037,11351700,yfinance
2021-08-04,18.05659569,18.21115876,17.41106696,17.45652771,15275900,yfinance
2021-08-05,17.64745822,17.93840007,17.49289515,17.71110153,8275900,yfinance
2021-08-06,17.93840082,18.28389558,17.82020634,18.18388367,7102600,yfinance
2021-08-09,17.80202094,18.03841162,17.5110791,17.90203285,7579400,yfinance
2021-08-10,18.01113763,18.51119551,17.93840216,18.37481499,6891200,yfinance
2021-08-11,18.22934686,18.8203246,18.04750902,18.75667953,5926900,yfinance
2021-08-12,18.77486093,18.89305715,18.20206931,18.58393097,6859100,yfinance
2021-08-13,18.52028252,18.59301797,18.22933898,18.30207443,6133600,yfinance
2021-08-16,17.94749688,18.00204806,17.57472733,17.86566925,6993700,yfinance
2021-08-17,17.69291804,17.96567733,17.19286193,17.42925262,6375200,yfinance
2021-08-18,17.54745239,17.72019982,17.14740807,17.18377495,7223300,yfinance
2021-08-19,16.86555617,16.99284457,16.23821325,16.50187874,12278900,yfinance
2021-08-20,16.24730816,16.64735253,16.20184739,16.55643272,6870500,yfinance
2021-08-23,17.11103485,17.58381626,17.02920723,17.46562004,8109900,yfinance
2021-08-24,17.73838315,18.40209465,17.72019884,18.22934723,9608500,yfinance
2021-08-25,18.22933781,18.44754588,18.00203933,18.33844185,6311700,yfinance
2021-08-26,18.13842675,18.35663317,17.92021859,17.9747715,4930500,yfinance
2021-08-27,18.23843964,18.86578428,18.20207277,18.6839447,6450700,yfinance
2021-08-30,19.03853131,19.07489819,18.32935905,18.32935905,5833000,yfinance
2021-08-31,18.22456577,18.57994425,18.1334426,18.20634079,8305000,yfinance
2021-09-01,18.19722227,18.27923293,17.87829386,17.94207954,5499900,yfinance
2021-09-02,18.17899968,18.73484759,18.17899968,18.64372444,6887000,yfinance
2021-09-03,18.56172099,18.82597629,18.28835146,18.37947464,4740500,yfinance
2021-09-07,18.18811404,18.56171921,18.10610511,18.14255333,6024700,yfinance
2021-09-08,18.33391119,18.54349324,17.57759189,17.63226509,6859800,yfinance
2021-09-09,17.57759514,18.05143255,17.39534878,17.60493088,7402800,yfinance
2021-09-10,17.86918764,18.01498403,17.5958181,17.79628944,5719500,yfinance
2021-09-13,18.07876631,18.7166267,18.07876631,18.62550354,7631600,yfinance
2021-09-14,18.86242387,18.8988721,18.20633848,18.28834915,6438900,yfinance
2021-09-15,18.56171611,19.19046221,18.47059296,18.95354271,9577400,yfinance
2021-09-16,18.84420246,18.91710066,18.49793472,18.76219177,5919400,yfinance
2021-09-17,18.67106589,18.99910861,18.38858564,18.47059631,12225900,yfinance
2021-09-20,17.82361932,18.15166196,17.42268025,17.86006927,7875800,yfinance
2021-09-21,18.1334407,18.27012458,17.57759269,17.75072479,6127000,yfinance
2021-09-22,18.08788068,18.45237162,17.97853253,17.99675751,8456500,yfinance
2021-09-23,18.14255109,19.09933989,18.00586722,18.96265602,7937100,yfinance
2021-09-24,18.85331529,19.30892947,18.8350903,19.13579559,6122100,yfinance
2021-09-27,19.655195,20.32950377,19.60963428,20.17459488,10981700,yfinance
2021-09-28,20.61198287,21.14960592,20.32038839,20.40239906,10461200,yfinance
2021-09-29,20.39328342,20.4115084,19.89210868,20.19281387,7058100,yfinance
2021-09-30,20.11991635,20.16547706,19.54584341,19.70075226,9729800,yfinance
2021-10-01,19.9012232,20.38417475,19.69164114,20.30216408,7394900,yfinance
2021-10-04,20.83979277,21.35008015,20.75778208,20.97647667,14845100,yfinance
2021-10-05,21.39564148,21.67812352,21.04026298,21.33185577,11167200,yfinance
2021-10-06,20.90357982,21.15872266,20.43885314,20.94914055,12047100,yfinance
2021-10-07,21.00381058,21.48676218,20.91268915,21.30451584,9325200,yfinance
2021-10-08,21.57788642,21.97882736,21.45942577,21.81480598,8003300,yfinance
2021-10-11,22.30686651,23.23631972,22.15195765,22.48911285,14863900,yfinance
2021-10-12,22.38888102,23.05407732,22.1155132,22.31598282,15736100,yfinance
2021-10-13,22.08817572,22.4891167,21.69634724,22.31598282,9252700,yfinance
2021-10-14,22.63490921,22.72603238,22.37976468,22.59845924,7297100,yfinance
2021-10-15,22.96295347,23.7648336,22.86271781,23.7010479,17449600,yfinance
2021-10-18,23.81039432,24.31157092,23.53702653,23.7010479,15290300,yfinance
2021-10-19,23.8286208,24.27512247,22.89916747,23.78306007,14843700,yfinance
2021-10-20,23.72838504,24.12021173,23.59169941,24.11109924,10692000,yfinance
2021-10-21,23.88329512,23.9106326,22.91739352,23.09963989,12488000,yfinance
2021-10-22,23.1543067,23.69193144,22.99939785,23.59169579,8899900,yfinance
2021-10-25,23.9470795,24.37535616,23.74660817,23.89240456,9246800,yfinance
2021-10-26,24.04731248,24.23867132,23.7830572,23.83773041,6875100,yfinance
2021-10-27,23.45501134,24.04730927,22.86271342,22.89005089,12535100,yfinance
2021-10-28,22.73514685,23.34566988,22.62579869,23.33655739,8239900,yfinance
2021-10-29,23.24543219,23.30921788,22.65313419,22.77159309,9670300,yfinance
2021-11-01,23.04496406,23.40945503,23.04496406,23.30921936,10798600,yfinance
2021-11-02,23.09963265,23.28187723,22.97205954,23.12696838,5936300,yfinance
2021-11-03,22.62579604,23.05407266,22.31597831,22.52556038,9905600,yfinance
2021-11-04,23.04496123,23.32744148,21.98793496,22.34331512,10025800,yfinance
2021-11-05,22.75336318,22.9720577,22.43443476,22.49822044,7423300,yfinance
2021-11-08,22.60756892,23.09052045,22.5711207,22.89005089,5664900,yfinance
2021-11-09,22.78070518,22.93561404,22.21574292,22.85360336,7214200,yfinance
2021-11-10,22.76248523,22.85360842,21.6507872,21.71457291,10645400,yfinance
2021-11-11,21.67811772,21.9150355,21.50498389,21.61433029,8241500,yfinance
2021-11-12,21.48676218,21.63255856,21.18605693,21.47764969,7195700,yfinance
2021-11-15,21.36830683,21.56877646,21.09493727,21.32274437,5997500,yfinance
2021-11-16,21.43209034,21.8148063,21.27718146,21.51410103,7794700,yfinance
2021-11-17,21.14049583,21.47764931,20.77600315,20.93091202,8582700,yfinance
2021-11-18,20.88535174,21.04937311,20.39328765,20.73955536,8167600,yfinance
2021-11-19,20.23837843,20.35683908,19.75542857,20.0834713,14475900,yfinance
2021-11-22,20.00146342,20.62109725,19.94678847,20.3112812,10262000,yfinance
2021-11-23,20.73044243,21.22250651,20.67576922,20.93091202,11722800,yfinance
2021-11-24,20.67577014,21.54143596,20.65754516,21.15872002,6717300,yfinance
2021-11-26,19.61874198,19.81009905,19.3453725,19.72808838,10950300,yfinance
2021-11-29,20.40239935,20.55730822,19.95589773,20.27482796,9665400,yfinance
2021-11-30,19.68252863,20.02879456,19.4456091,19.67341614,16082000,yfinance
2021-12-01,20.27482556,20.48440761,19.2633618,19.27247429,10210000,yfinance
2021-12-02,19.18135589,20.1290342,18.92621306,20.06524849,11238400,yfinance
2021-12-03,20.38417515,20.55730725,19.76453971,20.04701996,9155300,yfinance
2021-12-06,20.37506522,20.94002579,20.12903316,20.57553482,9493500,yfinance
2021-12-07,20.95825335,21.63256217,20.91269263,21.32274437,7886300,yfinance
2021-12-08,21.34555805,21.85683017,21.29990956,21.71988297,7290700,yfinance
2021-12-09,21.36382853,21.50990585,21.12645244,21.44599724,7036600,yfinance
2021-12-10,21.80205941,21.89335816,21.22688019,21.84770966,9503400,yfinance
2021-12-13,21.50076452,21.56467484,20.58778086,20.73385811,9398800,yfinance
2021-12-14,20.57865839,21.08992889,20.42345105,20.5238781,11354300,yfinance
2021-12-15,20.43258037,20.53300917,19.6382853,20.33215332,9060500,yfinance
2021-12-16,20.66082671,21.14470884,20.52387946,20.59691811,6603300,yfinance
2021-12-17,20.35954283,20.54214033,19.83914222,20.18607712,14672800,yfinance
2021-12-20,19.52872619,19.95782976,19.2365716,19.90304947,8292600,yfinance
2021-12-21,20.14042456,20.77951399,20.14042456,20.68821526,7126600,yfinance
2021-12-22,20.64257148,20.98037463,20.35954515,20.7521286,5262100,yfinance
2021-12-23,20.86167701,21.06253278,20.7247298,20.73385811,3455600,yfinance
2021-12-27,20.6882208,21.17210303,20.35954595,21.15384293,6267200,yfinance
2021-12-28,21.11731774,21.42773242,20.92559195,21.0442791,4107600,yfinance
2021-12-29,20.97124178,21.21774788,20.70647733,20.94385338,7203600,yfinance
2021-12-30,20.90733342,21.15383952,20.72473767,20.77951622,5751300,yfinance
2021-12-31,20.66082994,21.01689493,20.64257158,20.87994766,4953600,yfinance
2022-01-03,21.12644818,21.95726344,21.00776103,21.90248489,9199200,yfinance
2022-01-04,22.68765154,23.58237539,22.56896265,23.21718216,17741700,yfinance
2022-01-05,23.49107593,23.69193351,22.96154533,22.98893547,11741400,yfinance
2022-01-06,23.71932434,23.92018193,23.22631387,23.38152122,8984600,yfinance
2022-01-07,23.43629937,23.96583002,23.22631347,23.75584412,8115100,yfinance
2022-01-10,23.81062334,23.99322085,23.15327547,23.60063744,10612600,yfinance
2022-01-11,23.85627141,24.87881427,23.60976705,24.86968422,13232400,yfinance
2022-01-12,24.98837183,25.16183753,24.76012584,25.05228043,12482900,yfinance
2022-01-13,25.28965742,25.82831812,25.17096853,25.49964333,14906400,yfinance
2022-01-14,25.54528876,26.33958551,25.51790036,26.23915672,13120200,yfinance
2022-01-18,26.47653664,26.65913415,25.83744713,26.11134338,12294200,yfinance
2022-01-19,26.39436645,26.43088664,25.52703098,25.91048431,10423300,yfinance
2022-01-20,25.78266493,26.42175436,25.60919751,25.6913662,12387500,yfinance
2022-01-21,25.37182933,25.63659381,24.78751831,25.1435833,14362800,yfinance
2022-01-24,24.31276157,26.17524964,23.97495849,26.102211,18874000,yfinance
2022-01-25,25.95613539,28.39380274,25.53616185,27.92818069,25380400,yfinance
2022-01-26,28.25685638,28.83203555,27.66341536,28.11990738,18761200,yfinance
2022-01-27,28.53988224,29.33417915,27.68167673,28.14729881,16949000,yfinance
2022-01-28,28.11990375,29.1059263,27.91904792,28.63117599,14485000,yfinance
2022-01-31,28.29337433,28.59465898,27.72732522,28.06512833,12508000,yfinance
2022-02-01,27.80949135,28.79551573,27.66341405,28.64030838,14072700,yfinance
2022-02-02,28.63117797,28.79551537,28.25685468,28.67682648,12755900,yfinance
2022-02-03,28.65857002,28.70422027,28.0194822,28.50336266,16588200,yfinance
2022-02-04,28.72247386,29.5898093,28.59465667,29.16070747,16881900,yfinance
2022-02-07,28.84116301,29.99152125,28.53074833,29.68110657,12434900,yfinance
2022-02-08,29.48938074,29.68110653,28.65856549,28.99637032,10958100,yfinance
2022-02-09,29.17896824,30.00978356,28.99637249,29.80892944,10080800,yfinance
2022-02-10,29.65371993,30.57583572,29.37069363,29.58981133,10066700,yfinance
2022-02-11,29.76327115,30.70364686,29.56241708,30.60321808,12741000,yfinance
2022-02-14,30.58496395,30.58496395,29.31591675,29.54416275,9479100,yfinance
2022-02-15,28.68595256,29.77240382,28.34814777,29.69023514,10817000,yfinance
2022-02-16,30.03717851,31.33361427,29.98239821,30.64887619,13077800,yfinance
2022-02-17,30.32019797,30.67626117,29.84544587,30.10108376,11197900,yfinance
2022-02-18,29.53503431,29.81806063,29.16071271,29.4528656,12592500,yfinance
2022-02-22,30.26541819,30.34758688,28.36640997,28.72247314,14712800,yfinance
2022-02-23,28.86855366,29.2154868,28.60378748,28.92333221,7237100,yfinance
2022-02-24,29.58068266,29.64459126,28.00121903,28.73160553,18274800,yfinance
2022-02-25,28.64943998,29.73589154,28.49423262,29.69937134,13779600,yfinance
2022-02-28,29.52590267,30.62148416,29.23374807,30.61235237,16550700,yfinance
2022-03-01,31.13462241,31.18043487,28.4133214,29.42121124,19567300,yfinance
2022-03-02,30.15422261,30.5207293,29.59530148,30.17254829,19015000,yfinance
2022-03-03,29.85185353,30.63067577,29.74189945,30.55737305,11668400,yfinance
2022-03-04,30.22752287,31.29954908,30.17254582,31.2720623,14759500,yfinance
2022-03-07,31.42783027,34.33238673,31.38201781,33.2053833,28036700,yfinance
2022-03-08,34.07583637,36.08245555,32.90302027,33.6818428,34358000,yfinance
2022-03-09,32.3257658,32.54567052,30.55737748,31.92261124,26474500,yfinance
2022-03-10,32.59148621,34.86381884,32.22497949,34.77219391,22872500,yfinance
2022-03-11,33.94754949,34.85465156,33.64518446,34.27740479,17629200,yfinance
2022-03-14,33.21453719,33.59936601,32.13334646,33.31532669,12967700,yfinance
2022-03-15,31.60191837,32.5731551,31.18043466,31.88595772,13809100,yfinance
2022-03-16,31.83098273,32.34408784,30.51156158,31.15294647,14868500,yfinance
2022-03-17,32.02339937,32.98547503,31.61108023,32.88468552,13939500,yfinance
2022-03-18,32.81138893,33.20538241,32.24330318,33.02212906,17078400,yfinance
2022-03-21,33.78262458,34.89130575,33.69099965,34.43317413,12884800,yfinance
2022-03-22,34.11247197,34.32321205,33.64517937,33.98419571,10002400,yfinance
2022-03-23,34.63474962,35.27613458,34.44233518,34.88214111,10499600,yfinance
2022-03-24,34.72637454,35.46854545,34.39651925,34.52479553,10037600,yfinance
2022-03-25,34.49730649,35.73426026,34.35986563,35.64263535,10793000,yfinance
2022-03-28,34.60726161,34.64391298,33.87425175,34.19494247,9451300,yfinance
2022-03-29,33.0129623,34.88214009,32.29827812,34.68056107,10126800,yfinance
2022-03-30,35.00126012,35.35860227,34.57061524,35.29446411,8930100,yfinance
2022-03-31,34.83633158,35.83505873,34.58894007,34.69889069,9123900,yfinance
2022-04-01,34.79967767,35.83505612,34.72637843,35.34943771,7676200,yfinance
2022-04-04,35.52352524,35.72510426,34.87297919,35.52352524,9924300,yfinance
2022-04-05,35.43189919,36.25653754,34.35987284,34.38735962,8857400,yfinance
2022-04-06,34.98292746,35.23031893,33.90173666,34.22242737,9379100,yfinance
2022-04-07,34.35070896,34.82716275,33.50774499,34.58893585,7681600,yfinance
2022-04-08,34.99209725,36.65053523,34.95544937,36.59555817,11838800,yfinance
2022-04-11,36.26570294,36.28402513,35.59682766,35.78924561,14079700,yfinance
2022-04-12,36.3573315,37.34689414,36.03664071,36.21989059,10348800,yfinance
2022-04-13,36.696343,37.12698785,36.14658644,36.82461929,7568200,yfinance
2022-04-14,36.91624813,37.594281,36.53141574,37.3468895,7579000,yfinance
2022-04-18,37.75005125,38.71212708,37.3927091,38.15320587,13188000,yfinance
2022-04-19,37.74087219,39.03280289,37.36520449,37.85082626,16778100,yfinance
2022-04-20,37.5484636,37.63092742,35.94500308,36.28401947,19888400,yfinance
2022-04-21,37.16363407,37.16363407,35.35859457,35.68844986,14413400,yfinance
2022-04-22,35.41356593,36.28401298,34.40567455,34.53395081,13347500,yfinance
2022-04-25,33.18704403,33.2969946,30.95136027,32.37157059,19492300,yfinance
2022-04-26,32.59148405,33.67267499,31.96842475,32.17916489,11378600,yfinance
2022-04-27,32.6006482,33.41612193,31.98675,32.93050003,11122600,yfinance
2022-04-28,33.22370363,34.08499331,32.17916409,33.64518738,9165000,yfinance
2022-04-29,33.75513307,33.9200607,32.35325163,32.63729095,9381900,yfinance
2022-05-02,32.31659422,33.34280773,32.15166662,32.94881439,8988100,yfinance
2022-05-03,33.07709181,33.87424311,32.85719065,33.59936142,7055400,yfinance
2022-05-04,34.35986593,35.01041189,33.21453707,34.8913002,10352600,yfinance
2022-05-05,35.23032401,35.37692599,32.91217552,33.61769867,12199800,yfinance
2022-05-06,34.19494059,34.32321687,33.24202607,34.22242737,9853200,yfinance
2022-05-09,33.27867582,33.37946532,30.51156081,30.56653786,13821400,yfinance
2022-05-10,31.15295335,32.16084162,30.58487106,31.42783165,9371600,yfinance
2022-05-11,32.08754584,33.21454944,31.70271338,31.78517723,9595100,yfinance
2022-05-12,31.50112993,31.68438327,30.76812007,31.66605759,10336800,yfinance
2022-05-13,32.30743765,33.30616464,32.27078978,33.07709885,10121800,yfinance
2022-05-16,33.18704984,34.61641801,33.17788525,34.4240036,12427800,yfinance
2022-05-17,34.91879372,35.14785954,34.39652394,34.70805359,12765400,yfinance
2022-05-18,35.04705763,35.12952143,32.42654505,32.985466,9556300,yfinance
2022-05-19,32.06921083,33.63602001,31.84014504,33.04045105,8485600,yfinance
2022-05-20,33.59936368,34.32321231,32.8205415,33.62685394,9703100,yfinance
2022-05-23,33.93839232,35.26697476,33.78262574,35.12037277,9574200,yfinance
2022-05-24,34.51563048,35.50519634,34.23159114,35.25780487,7852200,yfinance
2022-05-25,35.30361475,35.89918714,34.9554373,35.53268051,8889900,yfinance
2022-05-26,35.94500551,37.19112405,35.87170628,36.79713058,10446700,yfinance
2022-05-27,36.42146036,37.97910842,36.27485839,37.89664459,9138800,yfinance
2022-05-31,38.31015341,38.67772646,36.5458112,37.21662903,30406800,yfinance
2022-06-01,37.6301669,38.5031507,37.24421466,38.04368591,10391100,yfinance
2022-06-02,37.78637263,38.108,37.18907068,37.71286011,9015800,yfinance
2022-06-03,37.74042497,38.686921,37.44636788,38.54908371,6737600,yfinance
2022-06-06,38.68692523,38.9717946,37.79556612,37.97016144,7125900,yfinance
2022-06-07,37.80475061,39.21990256,37.63934306,39.08206177,8768800,yfinance
2022-06-08,39.11881985,40.42370128,38.85232952,39.48639297,10255100,yfinance
2022-06-09,38.75125163,39.36693615,38.38368196,38.78800964,9186400,yfinance
2022-06-10,37.63015367,38.05286028,36.51825011,37.20744705,9898100,yfinance
2022-06-13,35.66365114,35.81986745,33.77984307,34.48741913,12311100,yfinance
2022-06-14,35.13985816,35.47066976,33.09983398,33.69713593,10376300,yfinance
2022-06-15,34.00038318,34.00957093,32.23604066,32.72307205,12875000,yfinance
2022-06-16,31.54684682,31.87765844,30.59115944,30.756567,19974800,yfinance
2022-06-17,30.73818841,31.05981229,28.89114015,29.1208725,21819800,yfinance
2022-06-21,30.05817177,31.25277897,29.81006048,30.8300724,14023000,yfinance
2022-06-22,28.85438162,29.97547481,28.56032451,29.48844337,15917000,yfinance
2022-06-23,29.50682053,29.69979484,27.27382204,27.60463715,14893300,yfinance
2022-06-24,28.02734377,28.8819483,27.58625812,28.44086266,22959700,yfinance
2022-06-27,28.90032837,29.68141691,28.62464852,29.61709213,11575700,yfinance
2022-06-28,30.37980547,30.87602466,30.01223233,30.49926376,11890300,yfinance
2022-06-29,30.94954,31.15170557,29.44249647,29.57114601,9285300,yfinance
2022-06-30,28.87275841,29.89276873,28.5419433,28.81762314,10977100,yfinance
2022-07-01,28.983037,29.15763234,27.60464276,28.88195419,8517500,yfinance
2022-07-05,27.85275049,28.09167236,26.03327065,26.54787064,17819200,yfinance
2022-07-06,26.13435142,26.8419257,25.11433928,26.10678291,14351300,yfinance
2022-07-07,27.07166263,27.75167201,27.01652735,27.4668026,9223500,yfinance
2022-07-08,28.03653151,28.10085628,27.20030604,27.42084885,6284000,yfinance
2022-07-11,26.98895444,27.36571532,26.67651834,26.97976494,7612600,yfinance
2022-07-12,25.91381019,26.50192446,25.69326559,26.28138161,10269900,yfinance
2022-07-13,25.83110764,26.97976946,25.73921434,26.00570297,8662100,yfinance
2022-07-14,24.95812187,25.19704371,24.18622104,25.12352943,11050500,yfinance
2022-07-15,25.66569845,25.75759174,24.9856909,25.60137367,10278700,yfinance
2022-07-18,26.31813803,26.87868554,26.16191996,26.51111412,12646600,yfinance
2022-07-19,26.547864,27.54949697,26.32732121,27.07165337,16731900,yfinance
2022-07-20,26.58462608,27.34733737,26.35489375,26.8878727,13300300,yfinance
2022-07-21,25.97813298,26.11597204,25.0959599,25.85867119,11546500,yfinance
2022-07-22,26.10677861,26.55705371,25.1602809,25.23379517,10616400,yfinance
2022-07-25,25.64731646,26.21705339,25.18785181,26.11597061,9141700,yfinance
2022-07-26,26.47435515,26.73165601,25.45434472,25.76678085,8695000,yfinance
2022-07-27,26.14354295,26.71327821,25.51867066,26.54787064,7809800,yfinance
2022-07-28,26.78678651,26.98895207,25.6840725,26.3181324,8007800,yfinance
2022-07-29,26.82354627,27.0532786,26.34570263,26.9246273,9664200,yfinance
2022-08-01,26.23543066,26.29056768,25.35325938,25.90461731,11263300,yfinance
2022-08-02,25.95056646,26.68571104,25.7116446,26.28138161,7424000,yfinance
2022-08-03,26.77760113,26.79598014,25.84029451,26.12516212,11012700,yfinance
2022-08-04,25.91381263,26.06084121,24.9397461,25.05920792,11034300,yfinance
2022-08-05,24.68244374,25.91380925,24.52622567,25.53704834,8575900,yfinance
2022-08-08,25.62894344,26.08840819,25.59218717,25.73002625,5707100,yfinance
2022-08-09,26.23542967,26.63975903,25.75758779,26.01488686,6534300,yfinance
2022-08-10,25.97813336,26.40084003,25.22461157,26.10678291,7760100,yfinance
2022-08-11,26.69489725,27.3381485,26.65814098,27.17274094,8372000,yfinance
2022-08-12,26.96138551,27.20949684,26.46516285,27.15435982,8558300,yfinance
2022-08-15,26.0516481,26.3181367,25.55542539,26.16191864,8387700,yfinance
2022-08-16,26.42841067,26.74084681,25.55542701,25.92299843,9049900,yfinance
2022-08-17,25.66570125,26.07003072,25.24299277,25.91381264,12248100,yfinance
2022-08-18,26.52948985,27.42085065,26.41002806,27.41166115,11030400,yfinance
2022-08-19,27.15436423,27.31977181,26.88787561,27.00733566,8623200,yfinance
2022-08-22,26.6581417,27.08084838,25.8311056,26.82354927,9124200,yfinance
2022-08-23,27.41166311,29.24033235,27.37490685,28.68897438,18146900,yfinance
2022-08-24,28.62464949,29.27709026,28.50518945,29.09330368,10129100,yfinance
2022-08-25,29.35979396,29.71817585,29.01059982,29.28627968,8741700,yfinance
2022-08-26,29.21276466,29.59871331,28.55113442,28.57870293,5724400,yfinance
2022-08-29,28.6430267,29.69060731,28.41329438,29.31384468,9402700,yfinance
2022-08-30,28.66140812,28.82681569,27.60463967,27.88950729,9635300,yfinance
2022-08-31,27.17273985,28.47761956,27.0165218,27.68733978,11257000,yfinance
2022-09-01,27.06247095,27.31058055,26.35489491,26.59381676,8294800,yfinance
2022-09-02,27.56788455,27.99059127,27.12679881,27.57707405,9110400,yfinance
2022-09-06,27.8815306,27.99224559,26.9496857,27.2356987,7688700,yfinance
2022-09-07,26.54373871,26.82975,26.16546521,26.4607029,9500100,yfinance
2022-09-08,26.66367846,26.8297501,26.16546531,26.21159554,7873100,yfinance
2022-09-09,26.93123617,27.50325869,26.76516455,27.36486626,7863200,yfinance
2022-09-12,27.77082182,28.10296334,27.42022575,27.93689346,11434200,yfinance
2022-09-13,27.39254391,28.22290021,26.73748385,26.89432907,7105700,yfinance
2022-09-14,27.25415656,28.28748849,27.15266794,28.04760742,7892400,yfinance
2022-09-15,27.28183188,27.71546375,26.96814142,27.12498665,6846800,yfinance
2022-09-16,26.68213048,26.77439269,25.52885721,26.00861931,16844900,yfinance
2022-09-19,25.14135298,26.29462606,25.05831718,26.17468643,7382800,yfinance
2022-09-20,25.92557774,25.96248157,25.11367256,25.48272133,8066200,yfinance
2022-09-21,25.9163534,26.18391184,24.95682933,24.98450851,6740100,yfinance
2022-09-22,25.48272486,25.74105692,24.73540257,24.83689117,6881700,yfinance
2022-09-23,23.78510819,23.78510819,22.22588226,22.67796516,15514000,yfinance
2022-09-26,22.67796296,22.68718936,21.49701063,21.50623703,11477600,yfinance
2022-09-27,22.06903415,22.4934378,21.7092135,21.92141533,12769100,yfinance
2022-09-28,22.26278277,22.9916522,21.99522433,22.8255806,11711400,yfinance
2022-09-29,22.48421645,22.78868053,21.96754876,22.73332214,9360800,yfinance
2022-09-30,22.4657649,23.01933645,22.13362161,22.71487236,9344900,yfinance
2022-10-03,23.9788539,24.46784233,23.85891428,24.33867455,10265100,yfinance
2022-10-04,24.87379543,26.02706863,24.56010674,25.94403458,17512000,yfinance
2022-10-05,25.83332056,27.18956925,25.70415452,26.9773674,14897500,yfinance
2022-10-06,26.68212968,27.72468791,26.68212968,27.50325966,13545400,yfinance
2022-10-07,27.67856164,28.71189538,27.09731262,28.05683517,17472200,yfinance
2022-10-10,27.99224374,28.51813598,27.09730449,27.26337433,9532600,yfinance
2022-10-11,26.68213054,28.1214151,26.46992868,27.2726059,10885500,yfinance
2022-10-12,27.06962822,27.71546191,26.66367557,27.49403191,8909200,yfinance
2022-10-13,27.22647521,29.09016521,27.1249866,28.70266533,14018900,yfinance
2022-10-14,28.20444991,28.59194979,27.1157597,27.13421249,11190100,yfinance
2022-10-17,27.81694943,28.32439069,27.30028352,27.6693306,7869200,yfinance
2022-10-18,28.03837567,28.49968492,27.31873436,28.10295868,8804700,yfinance
2022-10-19,28.56427031,29.58837749,28.37974765,29.48688889,12343400,yfinance
2022-10-20,29.99432445,30.01277725,28.85950593,29.21010017,11097400,yfinance
2022-10-21,29.50533947,31.50742346,29.44998285,31.25831604,17571100,yfinance
2022-10-24,31.44283887,32.06099155,31.15682588,31.9041481,17108500,yfinance
2022-10-25,32.15325577,33.31575714,31.45206721,32.27319717,21453900,yfinance
2022-10-26,32.92825781,34.24760274,32.63302013,33.65712738,17036000,yfinance
2022-10-27,34.27528821,34.56129777,33.28808642,33.46338272,14543000,yfinance
2022-10-28,33.63867436,33.81397416,32.37468783,33.16814041,10736500,yfinance
2022-10-31,32.87289873,33.93390791,32.65146873,33.60176468,9793700,yfinance
2022-11-01,34.32140891,34.36753913,33.62021688,33.67557526,9626600,yfinance
2022-11-02,33.45414759,34.1830171,32.89135322,33.02051926,10202400,yfinance
2022-11-03,32.71605722,34.08153243,32.53153278,34.00772476,8436500,yfinance
2022-11-04,34.8749879,35.8252876,34.68123881,35.50236893,12184700,yfinance
2022-11-07,35.71457142,36.60028458,35.71457142,36.48034668,9744300,yfinance
2022-11-08,36.42498639,36.89552391,35.9359996,36.32349777,9019000,yfinance
2022-11-09,35.81605556,35.82528372,33.82319942,33.96159363,9982200,yfinance
2022-11-10,34.71813706,35.13331611,34.03539778,34.88420868,7807000,yfinance
2022-11-11,35.97289936,36.77557653,35.44700354,35.74224472,8436700,yfinance
2022-11-14,35.43777985,35.88986451,34.85652916,35.1056366,8572900,yfinance
2022-11-15,35.46546171,36.1482011,34.81963143,35.89909363,8484700,yfinance
2022-11-16,35.44700437,35.74224556,34.71813836,34.92111206,5940900,yfinance
2022-11-17,34.13688665,34.59819592,33.60176619,34.57051849,7607200,yfinance
2022-11-18,33.66635385,33.91545777,32.6145657,33.86932755,9446600,yfinance
2022-11-21,32.85444737,33.36188687,30.8154612,33.33420944,14297100,yfinance
2022-11-22,34.32140837,34.92110827,33.82319354,34.55206299,14076500,yfinance
2022-11-23,33.68480421,34.40444913,33.25117585,33.73093796,7527400,yfinance
2022-11-25,33.55564187,33.94314357,33.32498719,33.54641724,2930400,yfinance
2022-11-28,32.18093895,33.70325759,31.98718636,33.10355759,8653200,yfinance
2022-11-29,33.61099658,34.46903218,33.51873613,34.28450775,8222100,yfinance
2022-11-30,34.82885701,34.99492867,34.06308178,34.95802307,13149100,yfinance
2022-12-01,35.47469083,35.862189,34.93957027,34.95802307,6426200,yfinance
2022-12-02,34.63509807,36.22199944,34.59819249,35.8621788,7488500,yfinance
2022-12-05,36.44343168,36.71099189,33.53718192,33.97081375,10768400,yfinance
2022-12-06,33.92468843,34.81962966,33.15891326,33.39879608,10399600,yfinance
2022-12-07,33.55615678,33.93568834,32.26019345,32.44533157,15603700,yfinance
2022-12-08,33.48210989,33.62096441,32.0472952,32.27871704,8834000,yfinance
2022-12-09,32.38053734,32.80635259,30.51990765,30.55693245,12705900,yfinance
2022-12-12,30.62173221,32.07506073,30.54767554,31.75106812,11083600,yfinance
2022-12-13,32.65823682,34.41704356,32.59343901,34.25041962,14566200,yfinance
2022-12-14,34.43556421,34.57441517,33.23217156,33.83386612,9942200,yfinance
2022-12-15,33.63021462,34.03751568,33.05628606,33.96345901,7296900,yfinance
2022-12-16,33.02852504,33.42657089,32.64899337,33.1858902,12321000,yfinance
2022-12-19,33.42656701,33.95420846,33.01000704,33.38028336,5394100,yfinance
2022-12-20,33.47284924,34.95394735,33.38028193,34.63921356,9059000,yfinance
2022-12-21,35.13908418,35.85186372,34.68549944,35.75929642,7662700,yfinance
2022-12-22,35.86111893,35.9166579,33.95420228,34.75029373,8713200,yfinance
2022-12-23,35.42605253,36.22214415,35.00949255,36.18511581,6041500,yfinance
2022-12-27,36.39801781,36.7775494,35.99071674,36.35173416,6278200,yfinance
2022-12-28,36.20363622,36.27768938,34.93544542,35.25017929,6178600,yfinance
2022-12-29,35.17610624,36.19436053,34.88914199,35.98145294,4544400,yfinance
2022-12-30,35.66671821,36.49057906,35.5371226,36.42578125,5227000,yfinance
2023-01-03,36.0647703,36.60167054,34.24116902,34.86137772,6941200,yfinance
2023-01-04,34.31521894,35.70374952,34.14859498,35.5741539,7446900,yfinance
2023-01-05,35.5186188,36.42579189,35.33348065,36.0555191,8773400,yfinance
2023-01-06,36.49058438,37.86985974,36.45355958,37.22187805,8136800,yfinance
2023-01-09,37.86986185,38.56412722,37.27742263,37.43478775,13191700,yfinance
2023-01-10,37.53661894,38.0272356,36.88863713,37.89763641,7755900,yfinance
2023-01-11,38.41601519,38.58263916,37.41627142,37.94391632,9881200,yfinance
2023-01-12,38.41601569,39.79529106,38.30493422,39.03622437,10369600,yfinance
2023-01-13,38.94366295,39.56387525,38.43453566,39.48981857,6660300,yfinance
2023-01-17,39.43426268,39.80453887,38.88810724,39.36946487,9622100,yfinance
2023-01-18,39.80455182,40.19333877,37.48107837,37.582901,11739800,yfinance
2023-01-19,37.40701763,37.76803505,36.55538715,37.20336533,9945900,yfinance
2023-01-20,37.40701511,38.2401349,36.96268573,37.66620636,8615200,yfinance
2023-01-23,38.03649164,38.20311564,37.30519782,37.55513382,10789900,yfinance
2023-01-24,37.02748526,37.95317239,36.26842209,36.87937546,11912100,yfinance
2023-01-25,36.7497734,37.28667,35.56489167,37.05524826,10474700,yfinance
2023-01-26,37.490331,38.00871709,36.56464381,37.95317459,8879700,yfinance
2023-01-27,37.86060841,38.10128553,37.18485364,37.50884628,10399200,yfinance
2023-01-30,37.21262087,37.92540033,37.05525223,37.34221649,8922400,yfinance
2023-01-31,37.31444338,38.17533255,37.11079112,38.15681839,7549600,yfinance
2023-02-01,37.80505753,38.1105324,36.84234219,37.80505753,13876700,yfinance
2023-02-02,37.53661553,37.57364387,35.43530515,35.69449997,13518000,yfinance
2023-02-03,35.45381467,36.5368704,35.10205259,35.70375061,12724000,yfinance
2023-02-06,35.60192851,35.96294594,34.74103914,35.46307755,7887400,yfinance
2023-02-07,35.84260545,36.27767599,35.28719108,36.12956619,6368300,yfinance
2023-02-08,36.19436086,36.65720436,35.79631516,36.3609848,6181500,yfinance
2023-02-09,36.15734113,36.27767792,34.5929276,34.86137772,13780700,yfinance
2023-02-10,35.25016712,36.19436487,35.24090827,36.12031174,8129400,yfinance
2023-02-13,35.73152195,36.76829408,35.32422088,36.35173416,6827500,yfinance
2023-02-14,35.87963541,36.67572699,35.5278768,36.06477356,5844500,yfinance
2023-02-15,35.4908507,35.4908507,34.53739392,35.12983322,7489500,yfinance
2023-02-16,35.08354514,36.21288108,34.8428645,35.7130127,8013200,yfinance
2023-02-17,34.98171577,35.06502775,33.40804702,33.78757858,9565100,yfinance
2023-02-21,33.64872396,34.09305687,33.46358937,33.69501114,6049000,yfinance
2023-02-22,33.56541306,33.84312202,32.7970946,33.05628586,7377700,yfinance
2023-02-23,33.77832406,34.04677063,33.13034238,33.53764343,5403300,yfinance
2023-02-24,33.26919465,34.32448096,32.65824128,34.24116898,8757500,yfinance
2023-02-27,34.11156716,34.63920851,33.94494321,34.41704559,7597200,yfinance
2023-02-28,34.79822056,34.80751588,33.60822111,33.6825943,11298100,yfinance
2023-03-01,33.73837975,35.01205136,33.664003,34.87259674,6128600,yfinance
2023-03-02,34.73314216,35.8766579,34.50072017,35.6907196,6917400,yfinance
2023-03-03,35.28166541,36.31361981,35.09572708,36.15557098,5885800,yfinance
2023-03-06,35.8208716,36.18344929,35.53267063,36.12767029,5164100,yfinance
2023-03-07,35.84877138,35.94173876,35.10501812,35.18869019,5195800,yfinance
2023-03-08,35.14220665,35.50478441,34.19392444,34.54720688,5565200,yfinance
2023-03-09,34.77962622,35.01204821,33.04111074,33.06900024,7695600,yfinance
2023-03-10,33.00392954,33.43158524,31.93478674,32.10213089,8529500,yfinance
2023-03-13,31.34907974,32.16720261,30.36360921,31.03298569,11090100,yfinance
2023-03-14,31.32118562,32.08352945,30.40079654,31.07016945,8145700,yfinance
2023-03-15,29.5826744,29.75931385,27.39790706,28.27181435,23463100,yfinance
2023-03-16,27.48157655,28.92259401,27.05392093,28.82032776,15457400,yfinance
2023-03-17,28.47634457,28.61579919,27.58384488,27.84415817,17666200,yfinance
2023-03-20,28.05798438,28.94118692,27.94642103,28.53212547,12240900,yfinance
2023-03-21,29.61985988,29.93595394,28.93189098,29.69423485,12423000,yfinance
2023-03-22,29.92665025,29.92665025,28.29040121,28.31829071,9846700,yfinance
2023-03-23,28.42056221,28.76454756,27.05392148,27.35142136,9860600,yfinance
2023-03-24,26.58907836,27.77907792,26.57048417,27.5187664,11349900,yfinance
2023-03-27,28.07657662,28.57860718,27.3328252,28.42985725,9123100,yfinance
2023-03-28,28.36477996,29.21079587,28.29970209,29.08993721,6983900,yfinance
2023-03-29,29.48040601,29.48040601,28.93189171,29.14571953,9118500,yfinance
2023-03-30,29.64774912,29.6756404,28.67157745,28.87610817,8661400,yfinance
2023-03-31,28.97837436,29.47110963,28.59720243,29.41532707,10579600,yfinance
2023-04-03,31.14455251,32.25088011,31.14455251,31.70236397,23958200,yfinance
2023-04-04,31.84180809,31.98126268,30.56813676,30.89352608,13291500,yfinance
2023-04-05,30.92142175,31.05158105,30.16837673,30.73548698,7919400,yfinance
2023-04-06,30.77267106,30.86564198,30.224155,30.41009331,5832700,yfinance
2023-04-10,30.59602832,31.31188842,30.4472784,30.76337242,6514000,yfinance
2023-04-11,30.95860943,31.81392423,30.7633758,31.35837555,7355700,yfinance
2023-04-12,31.46994115,31.63728529,30.94001921,31.2282238,7510500,yfinance
2023-04-13,31.25611341,31.71166215,31.11666232,31.43275642,5582700,yfinance
2023-04-14,31.55361049,31.69306511,30.94001653,31.26540947,6845800,yfinance
2023-04-17,31.21892348,31.53501399,30.90282944,31.08876419,6513900,yfinance
2023-04-18,30.98649801,31.56290349,30.88423178,31.49782562,8243600,yfinance
2023-04-19,31.26540866,31.81392473,30.98650297,31.71165848,8736600,yfinance
2023-04-20,31.14454944,31.5536109,31.01439368,31.48853302,7708800,yfinance
2023-04-21,31.63727743,31.65587161,30.71688841,31.05157661,10337000,yfinance
2023-04-24,31.19103,32.37173412,31.15384163,32.04634476,10320400,yfinance
2023-04-25,31.67446652,32.35313826,30.51235665,30.91212273,15761500,yfinance
2023-04-26,30.5681439,30.96791004,29.2851734,29.48970413,10696500,yfinance
2023-04-27,29.00626559,29.81509313,28.62509366,29.75001526,11327500,yfinance
2023-04-28,29.5361834,30.61462117,29.35954221,30.44727707,8328500,yfinance
2023-05-01,29.95454593,30.54024676,29.82439018,30.26134109,9324900,yfinance
2023-05-02,29.69423162,29.7407153,27.69540301,27.76048088,12164500,yfinance
2023-05-03,27.23985567,27.7790746,27.04462205,27.10040283,9849200,yfinance
2023-05-04,27.02602928,27.36071752,26.46821614,26.97954559,10565800,yfinance
2023-05-05,28.06727824,28.1695427,27.69540344,27.77907372,8595100,yfinance
2023-05-08,28.43915796,28.66228289,27.84415817,27.84415817,5887700,yfinance
2023-05-09,27.44438929,28.2997023,27.32352887,27.98360825,8923600,yfinance
2023-05-10,28.18814002,28.23462548,27.15618576,27.48157692,9392300,yfinance
2023-05-11,26.96095177,27.13759299,26.10563875,26.48681068,10903600,yfinance
2023-05-12,26.79360511,27.12829333,26.42173031,26.59837151,9589400,yfinance
2023-05-15,26.80290456,27.4072014,26.64485754,27.05392075,7121300,yfinance
2023-05-16,26.87727792,27.01673076,25.88251212,25.91969872,8574300,yfinance
2023-05-17,26.34735917,27.11900017,25.92899884,26.90517235,9419100,yfinance
2023-05-18,26.66345191,27.83485899,26.4682165,27.76978111,10857800,yfinance
2023-05-19,28.12306195,28.4484531,27.7976708,28.04868698,9637400,yfinance
2023-05-22,28.0300931,28.38337553,27.70470194,28.09517097,8872700,yfinance
2023-05-23,28.21602945,28.60649846,27.92782669,28.42985725,9699400,yfinance
2023-05-24,28.62509321,29.08993719,28.38337412,28.65298271,11404700,yfinance
2023-05-25,28.12305918,28.42985612,27.85344884,28.18813705,10320000,yfinance
2023-05-26,28.45775008,28.59720292,27.7325928,28.07657814,9841800,yfinance
2023-05-30,27.43509292,27.7232957,27.07251517,27.63962364,11485800,yfinance
2023-05-31,27.05391936,27.28634135,26.44032547,26.63555908,23229500,yfinance
2023-06-01,26.70993241,28.12305841,26.70993241,27.89063644,10855300,yfinance
2023-06-02,28.4484525,29.87087574,28.37407753,29.41532707,12556200,yfinance
2023-06-05,30.07540551,30.07540551,28.72735897,28.96907806,11175400,yfinance
2023-06-06,28.36166046,29.34287039,28.36166046,29.18400764,8636500,yfinance
2023-06-07,29.40828303,30.55770252,29.25876536,30.41752815,12005700,yfinance
2023-06-08,30.54835733,30.66049826,29.54845901,30.04373741,7361400,yfinance
2023-06-09,29.9970085,30.62311616,29.84749261,30.22128677,6962400,yfinance
2023-06-12,29.53911348,30.21194478,29.45500957,29.65125084,6719800,yfinance
2023-06-13,30.19325581,31.41743067,30.09046174,30.55770493,10079200,yfinance
2023-06-14,30.82870435,31.07166922,29.69797501,29.95028496,7689100,yfinance
2023-06-15,30.0250469,30.78197855,30.01570004,30.56704712,7427000,yfinance
2023-06-16,30.61376468,30.76328232,30.20259206,30.44556046,10393800,yfinance
2023-06-20,30.09980384,30.16521759,29.21204289,29.41762924,8474300,yfinance
2023-06-21,29.22138825,30.32408242,29.05318043,29.82880402,8443200,yfinance
2023-06-22,29.43631737,29.4643526,28.84759181,29.22138596,6098000,yfinance
2023-06-23,28.24952255,28.9130088,28.07197143,28.86628342,14259300,yfinance
2023-06-26,29.04383721,29.90356477,29.04383721,29.59518433,6366100,yfinance
2023-06-27,29.51108028,30.38949799,29.30549391,30.29604721,8213000,yfinance
2023-06-28,30.14652543,30.66049573,29.669939,30.42687416,6937100,yfinance
2023-06-29,30.50163531,31.04363913,30.15587634,31.01560211,7678400,yfinance
2023-06-30,31.23987946,31.29594992,30.80066973,30.82870674,7597200,yfinance
2023-07-03,31.02494935,31.77253776,30.80067105,31.42677879,3888000,yfinance
2023-07-05,31.64171093,31.70712469,30.83805203,31.02495003,6503500,yfinance
2023-07-06,30.68853396,31.16512047,30.23063405,30.84739494,5064100,yfinance
2023-07-07,30.60442556,33.42657455,30.58573541,33.24902344,13874300,yfinance
2023-07-10,33.0154021,33.79102386,32.92195133,33.6415062,10005100,yfinance
2023-07-11,33.84709995,35.27686306,33.8284098,35.06193161,14227900,yfinance
2023-07-12,35.3983456,35.80017504,35.1740673,35.43572235,10014900,yfinance
2023-07-13,35.51048471,36.04314169,35.02455133,35.2768631,11088500,yfinance
2023-07-14,34.74419981,34.87502732,34.25826652,34.47319794,10054700,yfinance
2023-07-17,34.41713035,35.21144224,34.25826583,34.91240692,7165300,yfinance
2023-07-18,34.94979294,35.95903641,34.85634216,35.61327744,10090600,yfinance
2023-07-19,34.68812884,35.60392494,34.29564632,34.58533478,15315700,yfinance
2023-07-20,34.58533703,34.66944094,33.23033473,34.06202698,16801600,yfinance
2023-07-21,33.90315957,34.66009471,33.84709268,34.51992035,10798200,yfinance
2023-07-24,34.77223476,35.90296234,34.7535446,35.75344467,9980600,yfinance
2023-07-25,35.92164807,36.25806367,35.43571482,35.90295792,8579900,yfinance
2023-07-26,35.62261454,36.01510062,35.37964969,35.70671844,7207200,yfinance
2023-07-27,35.92165097,36.12723909,35.28620002,35.44506454,8023100,yfinance
2023-07-28,35.51048217,35.6880333,35.24882713,35.65999985,6448100,yfinance
2023-07-31,36.04313956,36.65990043,35.90296518,36.51972961,8726200,yfinance
2023-08-01,36.25806737,36.71596722,35.76279078,36.69727707,6478600,yfinance
2023-08-02,36.31413481,36.74399762,35.84689171,36.47299576,6003300,yfinance
2023-08-03,36.47300276,37.37011241,36.407589,37.08976364,8055200,yfinance
2023-08-04,37.29535044,37.47290157,36.80007381,36.95893478,8516400,yfinance
2023-08-07,37.04304243,37.37011482,36.83745427,36.99631882,5471600,yfinance
2023-08-08,36.09920539,37.27665652,35.75344291,37.17386246,6971800,yfinance
2023-08-09,37.37945566,38.38870267,37.24862813,37.80931854,9005800,yfinance
2023-08-10,37.72520938,38.24852297,37.43552092,37.71586609,6919500,yfinance
2023-08-11,37.62241975,38.17376686,37.58504301,38.03359604,6466000,yfinance
2023-08-14,37.9214554,38.06162621,37.42617524,37.66914368,5140100,yfinance
2023-08-15,37.36076266,37.46355673,36.63186448,36.90286636,5698200,yfinance
2023-08-16,36.97762028,37.37010635,36.62251451,36.71596527,7092200,yfinance
2023-08-17,37.42617524,37.69717712,36.57579285,36.69727707,4501500,yfinance
2023-08-18,36.25807354,36.98697539,36.16462632,36.81876755,6631500,yfinance
2023-08-21,36.92154794,37.17385964,36.1646164,36.44496155,6803600,yfinance
2023-08-22,36.54776306,36.55710636,35.87493173,36.05248642,7403800,yfinance
2023-08-23,35.52917033,36.37955273,35.22078813,36.18331146,6202600,yfinance
2023-08-24,35.97772517,36.35152114,35.63196621,35.73476028,4365000,yfinance
2023-08-25,35.99640892,36.12723642,35.36095802,35.65065002,5922600,yfinance
2023-08-28,35.91231421,36.52907511,35.73476307,36.17396927,4747900,yfinance
2023-08-29,36.29545723,36.3702143,35.89362774,36.2113533,3945200,yfinance
2023-08-30,36.44496664,36.77203543,36.24872537,36.36086273,7221600,yfinance
2023-08-31,36.49168839,36.5290687,35.98706495,36.08985901,8361600,yfinance
2023-09-01,36.80006732,37.27665371,36.51972217,37.20189667,8629600,yfinance
2023-09-05,37.49276452,38.36534418,37.41770579,38.18707657,8428300,yfinance
2023-09-06,37.99003728,38.4591659,37.90559398,38.35595703,5467800,yfinance
2023-09-07,38.27151416,38.71249263,38.19645186,38.54360962,7347200,yfinance
2023-09-08,38.57174878,39.06902388,38.51545207,38.73125076,9033800,yfinance
2023-09-11,39.06903709,39.57569694,38.5905274,38.76879501,6512500,yfinance
2023-09-12,39.22853476,40.10111424,39.12532589,39.7445755,8072900,yfinance
2023-09-13,39.86655258,40.0260546,39.15347506,39.31298065,6227900,yfinance
2023-09-14,39.81963862,39.90408192,39.51939657,39.60383987,5731900,yfinance
2023-09-15,39.40680851,39.89470276,39.13471303,39.5100174,11078600,yfinance
2023-09-18,39.84778787,40.17617648,39.55692682,40.00728989,5135200,yfinance
2023-09-19,40.34505746,40.48579746,38.53422087,38.87199402,7511600,yfinance
2023-09-20,38.64682229,39.53816756,38.63744129,38.74065018,4928300,yfinance
2023-09-21,38.86261592,38.93767822,38.01818649,38.24336624,5243200,yfinance
2023-09-22,38.47791876,38.7781643,38.1026181,38.12138367,4673800,yfinance
2023-09-25,38.04632863,38.50607623,37.9055922,38.44977951,4243700,yfinance
2023-09-26,38.018185,38.69373138,37.96188828,38.27151489,5599300,yfinance
2023-09-27,38.87199509,39.75395555,38.59051866,39.43494797,5787200,yfinance
2023-09-28,39.28483274,39.80087355,39.05026841,39.20977402,5174100,yfinance
2023-09-29,39.07841356,39.14409127,37.70855533,37.99941635,8529800,yfinance
2023-10-02,37.92436021,38.1026314,36.89227857,37.31449509,6581200,yfinance
2023-10-03,36.95795179,37.62411357,36.90165865,37.586586,7272700,yfinance
2023-10-04,36.92042436,37.14560769,35.7288407,35.90710831,8684600,yfinance
2023-10-05,35.68192141,36.27302447,35.5224194,35.71007156,5538000,yfinance
2023-10-06,35.80389517,36.69524024,35.59747744,36.30117035,5605800,yfinance
2023-10-09,37.53029618,38.97521345,37.40832172,38.75941467,9903000,yfinance
2023-10-10,38.6843498,39.14409748,38.56237535,38.60929108,6024000,yfinance
2023-10-11,38.32781043,39.11594673,38.10263067,39.06903458,6052100,yfinance
2023-10-12,39.47248434,39.75396081,38.74064479,39.15347672,5969200,yfinance
2023-10-13,39.87593468,40.60777422,39.48186834,39.81025696,7413300,yfinance
2023-10-16,40.2230851,40.23246967,39.39742134,39.7445755,5982300,yfinance
2023-10-17,39.66951002,40.74850714,39.6038323,40.38258743,6340900,yfinance
2023-10-18,40.68283978,41.14258388,40.16679895,40.46704102,8251100,yfinance
2023-10-19,40.06358278,41.12381441,39.69766305,40.58900452,7749700,yfinance
2023-10-20,40.28876913,40.6640735,38.65620335,39.5100174,9437200,yfinance
2023-10-23,39.51001624,39.54754739,38.80632325,39.07841873,7764500,yfinance
2023-10-24,38.49669504,39.03150141,37.38955117,37.74608994,10122100,yfinance
2023-10-25,37.89621419,38.14016311,36.74215807,37.88683319,9022800,yfinance
2023-10-26,37.35202106,37.44584535,36.48882256,37.01424789,8470700,yfinance
2023-10-27,37.20189542,37.35201642,36.51696459,37.15497971,7357400,yfinance
2023-10-30,37.333257,37.51152459,36.45129289,36.98609924,6783100,yfinance
2023-10-31,36.91103363,37.33325003,36.5169638,36.91103363,6359800,yfinance
2023-11-01,37.14560484,37.60535247,36.77968508,36.98609924,4995200,yfinance
2023-11-02,37.04238875,38.14015139,36.95794547,38.08385468,5385800,yfinance
2023-11-03,37.92435428,38.53422289,37.72732113,37.80238342,4748200,yfinance
2023-11-06,38.06509881,38.13077654,36.98610147,37.07992935,5415900,yfinance
2023-11-07,36.29179621,36.49821398,35.48489428,35.60686874,6552300,yfinance
2023-11-08,35.37229804,36.03845981,35.32538589,35.45674133,7036100,yfinance
2023-11-09,35.59747711,35.94463485,35.33476624,35.46612167,4658400,yfinance
2023-11-10,35.87896446,36.15105639,35.54119123,35.92587662,4292000,yfinance
2023-11-13,36.01031463,36.51697083,35.81327788,36.27302551,3605400,yfinance
2023-11-14,36.479445,36.97672023,36.1416718,36.76092148,5498700,yfinance
2023-11-15,36.74215481,36.91104141,35.91648741,36.06660843,6696800,yfinance
2023-11-16,35.55056887,35.90710765,34.21824521,34.88440704,8186800,yfinance
2023-11-17,35.36291767,35.91648964,35.22218122,35.64439774,6189300,yfinance
2023-11-20,35.90710075,36.19796175,35.70068303,35.84142303,6056300,yfinance
2023-11-21,35.4942758,36.07599433,35.38168235,35.850811,4322300,yfinance
2023-11-22,34.84687467,35.61624535,34.52786705,35.55056763,4816800,yfinance
2023-11-24,35.58809712,36.1698156,35.56933155,35.71007156,2266100,yfinance
2023-11-27,35.62562951,35.73821938,34.96884871,35.36291504,7736600,yfinance
2023-11-28,35.4473564,35.54118427,35.02514352,35.2034111,6057500,yfinance
2023-11-29,35.3723022,35.43797993,34.69675577,34.99699783,5812100,yfinance
2023-11-30,35.43797182,36.01030923,34.43403699,34.74365997,13769000,yfinance
2023-12-01,34.78119923,35.80389987,34.53725389,35.38168335,6670500,yfinance
2023-12-04,34.97822837,35.38167926,34.5466309,35.06267166,6133900,yfinance
2023-12-05,34.92193964,34.99699837,33.96491672,34.08689117,7064800,yfinance
2023-12-06,33.82301578,34.13401208,32.78636862,32.85233688,10186300,yfinance
2023-12-07,33.01254482,33.22929819,32.04186592,32.43767548,11219300,yfinance
2023-12-08,32.74866696,33.13505396,32.41882571,32.91830063,6459800,yfinance
2023-12-11,32.8523301,33.39892465,32.7392422,32.76751328,6837600,yfinance
2023-12-12,32.23034424,32.58846018,31.84395723,32.45652008,8380000,yfinance
2023-12-13,32.61673266,32.79578884,32.06071195,32.69212341,6337200,yfinance
2023-12-14,33.27642244,33.88898538,33.10678874,33.82301712,8861700,yfinance
2023-12-15,33.42720069,33.9172531,33.02196511,33.75704193,15661200,yfinance
2023-12-18,34.54866455,34.89735437,34.11515789,34.12458038,6800700,yfinance
2023-12-19,34.33191302,34.82196545,34.18112793,34.69945145,5810100,yfinance
2023-12-20,34.7748454,35.37798575,34.30364155,34.36018372,6653800,yfinance
2023-12-21,34.39787538,34.63347726,34.14342491,34.52981186,4252800,yfinance
2023-12-22,34.73715088,34.97275282,34.407306,34.48270035,3627000,yfinance
2023-12-26,34.98217461,35.24605123,34.72772409,34.91620636,3594500,yfinance
2023-12-27,34.85023425,35.06698758,34.47327335,34.54866409,4267500,yfinance
2023-12-28,34.3507598,34.52981596,34.05861213,34.12458038,4179200,yfinance
2023-12-29,34.25652144,34.35076437,33.91725765,34.06804276,4759000,yfinance
2024-01-02,34.37903945,34.6617611,33.94553268,34.03977203,5503400,yfinance
2024-01-03,34.04919003,34.71829862,33.9737957,34.46384811,6926000,yfinance
2024-01-04,34.72772101,34.84081251,33.67222543,33.71934509,7153300,yfinance
2024-01-05,34.06803299,34.21881805,33.73818821,33.89839935,4473700,yfinance
2024-01-08,32.99369621,33.20102709,32.2020735,33.1821785,8938300,yfinance
2024-01-09,33.06909746,33.16333682,32.27747458,32.52249908,7036000,yfinance
2024-01-10,32.38112914,32.52248814,31.9004992,32.10783005,5756600,yfinance
2024-01-11,32.38112409,32.49421199,32.00415963,32.22091293,5973900,yfinance
2024-01-12,32.80522089,32.93715742,32.17380571,32.49422455,6783400,yfinance
2024-01-16,32.34343351,32.46594752,31.52353978,31.58008194,6656000,yfinance
2024-01-17,31.0523349,31.81568285,30.94866948,31.325634,6985400,yfinance
2024-01-18,31.29736054,31.54238857,31.09003328,31.39160347,6635600,yfinance
2024-01-19,31.50468697,32.02301045,31.40102156,32.01358795,8909000,yfinance
2024-01-22,31.92877426,32.65442863,31.83453133,32.44709778,11147100,yfinance
2024-01-23,32.49422037,33.63453294,31.9853193,33.26699448,15096900,yfinance
2024-01-24,33.62510357,34.82196165,33.43662133,34.70887375,14417400,yfinance
2024-01-25,34.94448157,35.10468916,33.92667946,34.86908722,11492100,yfinance
2024-01-26,34.74657184,35.67955707,34.64290641,35.36856079,8835500,yfinance
2024-01-29,35.10468342,35.20834883,34.65232819,35.04813766,5857600,yfinance
2024-01-30,33.87955794,34.87850781,33.1162064,34.69002914,18937100,yfinance
2024-01-31,34.78427217,34.80312075,33.56856523,33.5968399,12417800,yfinance
2024-02-01,33.80416541,34.05861594,32.89003233,33.38950729,7803800,yfinance
2024-02-02,33.37065357,33.41777324,32.74866469,32.76751328,7243700,yfinance
2024-02-05,32.53191356,32.79578656,32.11725548,32.54133606,7251300,yfinance
2024-02-06,32.82406614,33.06909059,32.5601895,32.81464005,5298100,yfinance
2024-02-07,32.9277212,33.11620345,32.35285557,32.73924255,7588000,yfinance
2024-02-08,32.73924342,33.21044725,32.68269767,33.01253891,5445500,yfinance
2024-02-09,33.01255168,33.12564324,32.44710831,32.52249908,4668400,yfinance
2024-02-12,32.77693798,33.12563141,32.45651922,32.54133606,8691200,yfinance
2024-02-13,32.51306198,32.63557597,31.84395345,32.09840393,7038000,yfinance
2024-02-14,32.37170569,32.61673372,32.07956158,32.23034668,6578700,yfinance
2024-02-15,32.26804049,33.54971191,32.23034332,33.3046875,9206700,yfinance
2024-02-16,33.39892719,33.6439552,32.89945227,33.27641678,7266700,yfinance
2024-02-20,33.1350559,33.53086902,32.94657364,33.10678482,7906400,yfinance
2024-02-21,33.23872133,33.52144293,32.76751746,33.10678482,6190800,yfinance
2024-02-22,32.9183046,33.5402936,32.84291025,33.26699448,6449600,yfinance
2024-02-23,32.89003437,33.26699534,32.51306981,33.1821785,6489900,yfinance
2024-02-26,32.98427287,33.27642058,32.66385408,32.89945602,5076500,yfinance
2024-02-27,33.29526092,33.39892273,32.79578247,32.94656754,5954600,yfinance
2024-02-28,32.89002938,33.29526497,32.62615279,32.93714905,5557900,yfinance
2024-02-29,33.09736305,33.30469393,32.6732788,33.05024338,9270300,yfinance
2024-03-01,33.43662488,34.16227925,33.4083538,33.58740997,5703500,yfinance
2024-03-04,33.52143854,33.71934328,33.12562907,33.15390015,5974300,yfinance
2024-03-05,33.13496239,33.54216207,33.02132174,33.314888,4846700,yfinance
2024-03-06,33.84519486,33.96830012,33.24859419,33.47586823,7840600,yfinance
2024-03-07,33.54216525,34.44180061,33.50428865,34.27134323,6568000,yfinance
2024-03-08,34.27133928,34.50808521,33.8830761,34.29027939,5601800,yfinance
2024-03-11,34.11035403,34.82059182,33.7315591,34.71642303,6561200,yfinance
2024-03-12,34.87741143,35.05733703,34.57437332,34.801651,6193800,yfinance
2024-03-13,35.20885989,35.69182006,33.75050389,34.59331894,13037200,yfinance
2024-03-14,34.75430703,35.66341063,34.70695856,35.61606216,10038100,yfinance
2024-03-15,35.41719541,36.12743325,35.41719541,35.72969818,14419300,yfinance
2024-03-18,35.79597925,36.08954546,35.60658181,35.71075058,5540100,yfinance
2024-03-19,35.70129152,36.43993776,35.69181966,36.43046951,5649100,yfinance
2024-03-20,36.16530599,36.41152377,35.81492303,36.19371796,5711200,yfinance
2024-03-21,36.25054404,36.60093069,36.10849861,36.42100143,5623600,yfinance
2024-03-22,36.4588746,36.81872944,36.10849162,36.35470581,5011600,yfinance
2024-03-25,36.64826864,37.15016883,36.44940294,36.76190567,6020200,yfinance
2024-03-26,36.84713856,36.98918757,36.25053777,36.27894974,4408900,yfinance
2024-03-27,36.20319271,36.79032169,36.12743588,36.77138519,3537700,yfinance
2024-03-28,37.05547466,37.50055456,37.05547466,37.3300972,5828600,yfinance
2024-04-01,37.51950207,37.93617731,37.01760175,37.81306839,5012900,yfinance
2024-04-02,38.14451146,38.29602874,37.42480526,37.79412842,5715200,yfinance
2024-04-03,38.0592715,38.76950924,37.93616623,38.67481232,5700700,yfinance
2024-04-04,38.82633115,39.02519686,38.35283931,38.49488831,5672000,yfinance
2024-04-05,38.68428506,39.24300562,38.48541933,39.05361176,4629900,yfinance
2024-04-08,39.25247576,39.35664455,38.78845215,38.78845215,5982100,yfinance
2024-04-09,39.01572969,39.15777508,38.4475373,38.80739212,4204100,yfinance
2024-04-10,38.68428983,39.18619374,38.40019539,38.93050766,5466100,yfinance
2024-04-11,39.06307843,39.09148679,38.15397493,38.76951218,4353500,yfinance
2024-04-12,39.03466873,39.34717147,37.46267595,37.56684113,7875700,yfinance
2024-04-15,37.81305967,38.04033374,37.01759321,37.02706146,5376600,yfinance
2024-04-16,36.82819724,37.01759471,36.08007922,36.40205383,6349600,yfinance
2024-04-17,36.35470873,36.77138393,35.86227671,36.02326584,4702900,yfinance
2024-04-18,36.5062287,37.20699838,36.41153176,36.60092926,6806200,yfinance
2024-04-19,36.19372246,37.14070628,36.02326509,37.00812912,6634500,yfinance
2024-04-22,36.68615355,37.16911369,36.12743297,36.66721344,6650000,yfinance
2024-04-23,37.1691147,37.28275175,36.00432504,36.54410553,9378300,yfinance
2024-04-24,36.26947837,37.16911369,35.9948522,36.66721344,7778100,yfinance
2024-04-25,36.61986136,36.84713906,36.15584133,36.66721344,6082900,yfinance
2024-04-26,36.58199002,36.818736,36.26948359,36.49676132,5056600,yfinance
2024-04-29,36.45887456,36.82819765,36.27894895,36.8187294,3936700,yfinance
2024-04-30,36.63880008,36.74296887,35.44560214,35.48348236,7441100,yfinance
2024-05-01,35.41719541,35.70128982,34.18611358,34.40392303,7796400,yfinance
2024-05-02,34.71642276,35.07627759,34.5270253,34.75430298,5034200,yfinance
2024-05-03,34.79218289,34.93422828,34.31869104,34.78271103,3899000,yfinance
2024-05-06,35.12362414,35.49294719,34.85846987,34.96263504,5528500,yfinance
2024-05-07,34.93423218,35.56871321,34.93423218,35.22779846,4533700,yfinance
2024-05-08,34.89635326,35.43613376,34.82059643,35.0762825,4167200,yfinance
2024-05-09,35.11415911,35.56871087,34.99105021,35.49295044,5883900,yfinance
2024-05-10,35.65394679,35.81493232,35.00052556,35.10469437,4942300,yfinance
2024-05-13,35.30355412,35.38878281,35.01945971,35.36037445,4721200,yfinance
2024-05-14,35.43612957,35.77704429,35.21832374,35.56871033,5502800,yfinance
2024-05-15,35.50242332,35.55924004,34.48914736,35.37931442,4578300,yfinance
2024-05-16,35.19938418,35.57817912,35.12362736,35.49295044,3612800,yfinance
2024-05-17,35.71074922,35.9096149,35.41718663,35.89067841,3639400,yfinance
2024-05-20,35.86227345,36.02326257,35.5497707,35.94750214,5844300,yfinance
2024-05-21,35.86227239,36.31682414,35.60658635,35.63499832,4093900,yfinance
2024-05-22,35.41719884,35.50242753,34.30922581,34.44180298,7000400,yfinance
2024-05-23,34.58384366,34.88687814,33.92095438,34.07247162,7214400,yfinance
2024-05-24,34.22399934,34.48915369,34.00619346,34.19559097,4022000,yfinance
2024-05-28,34.46073435,35.10468351,34.29974886,34.58384323,4840200,yfinance
2024-05-29,34.31869472,34.5270287,33.88307942,33.91149139,6275500,yfinance
2024-05-30,33.80731748,34.23346085,33.78837738,34.05353165,4293600,yfinance
2024-05-31,33.99671673,34.83953166,33.94936466,34.75430298,9384200,yfinance
2024-06-03,34.75429945,34.7637677,32.63305456,32.89821243,7969000,yfinance
2024-06-04,32.5194205,32.61411743,31.86600305,32.07433701,8608900,yfinance
2024-06-05,32.1790349,32.32179685,31.65556354,31.86495209,7989900,yfinance
2024-06-06,31.7983235,32.26468782,31.60797064,32.18854523,9083200,yfinance
2024-06-07,32.02675857,32.702508,31.84592166,32.43601608,7534800,yfinance
2024-06-10,32.53118525,33.13079559,32.14096346,32.84526443,6262400,yfinance
2024-06-11,32.50263225,32.84526309,32.23613677,32.81671143,4872400,yfinance
2024-06-12,33.14030898,33.34969751,32.72153556,32.89285278,6997400,yfinance
2024-06-13,32.62636095,32.81671384,31.70315539,32.14096451,5759600,yfinance
2024-06-14,32.02675114,32.02675114,31.02739943,31.33196259,7004200,yfinance
2024-06-17,31.34148553,31.96964755,31.2177556,31.79833031,8363800,yfinance
2024-06-18,31.99819747,32.28372499,31.29389651,31.35099983,11520200,yfinance
2024-06-20,31.53183796,31.91254012,31.26534245,31.72219086,12583700,yfinance
2024-06-21,31.8554334,32.20758386,31.455692,32.01723099,43586100,yfinance
2024-06-24,32.20758368,32.9499559,32.09337341,32.68346405,10900000,yfinance
2024-06-25,32.5216657,33.04513706,32.44552672,32.9499588,6827800,yfinance
2024-06-26,32.81671707,32.9023757,32.25517797,32.38842392,7334400,yfinance
2024-06-27,32.42648703,32.55021694,31.87446771,31.98867798,9507000,yfinance
2024-06-28,32.26469227,32.48359682,32.06481975,32.15047836,19130600,yfinance
2024-07-01,32.3217958,32.36938311,31.68411781,31.81736374,6184400,yfinance
2024-07-02,32.02675476,32.30276265,31.76977889,31.99819946,7591800,yfinance
2024-07-03,32.17903366,32.47407718,31.98868077,32.15047836,3917100,yfinance
2024-07-05,32.07434512,32.18855542,31.28438178,31.50328636,6890400,yfinance
2024-07-08,31.40810801,31.71267119,31.3319654,31.60797691,4909100,yfinance
2024-07-09,31.34148391,31.70315404,31.05595639,31.24630928,6681300,yfinance
2024-07-10,31.15113158,31.61749599,31.02740166,31.4271431,5927600,yfinance
2024-07-11,31.40810874,32.12192939,31.25582715,31.99819946,8381100,yfinance
2024-07-12,32.3503482,32.3503482,31.93157117,32.30275726,6790800,yfinance
2024-07-15,32.69298603,33.9683458,32.34083551,33.53053665,11872900,yfinance
2024-07-16,33.44487531,34.52988209,32.94044323,34.22531891,12012500,yfinance
2024-07-17,34.42518881,34.96769584,34.33953381,34.6060257,9098200,yfinance
2024-07-18,34.60602045,35.29128934,34.5489135,34.68215942,11484300,yfinance
2024-07-19,32.59780451,33.53052957,32.07433684,32.74057007,18696900,yfinance
2024-07-22,32.19807208,32.53118693,31.76025931,31.77929497,13880800,yfinance
2024-07-23,31.76977929,31.96964821,31.42714479,31.87447357,10264500,yfinance
2024-07-24,31.97916501,32.03627197,31.30341563,31.3985939,10136200,yfinance
2024-07-25,31.38907174,32.75960603,31.15113153,32.51214981,10808400,yfinance
2024-07-26,32.65491146,32.86429635,32.15999545,32.74057007,6737800,yfinance
2024-07-29,32.65491633,32.78816227,32.08385764,32.24565887,4742300,yfinance
2024-07-30,32.14096509,32.81671443,32.14096509,32.64539719,7215400,yfinance
2024-07-31,32.94996548,33.28308402,32.86430684,33.00707245,8096800,yfinance
2024-08-01,32.78816553,32.94996314,31.46521838,31.63653564,8402800,yfinance
2024-08-02,31.17016826,31.22727522,29.90432638,30.28503036,11237000,yfinance
2024-08-05,29.50458341,29.59024203,28.84786798,29.39037132,9560200,yfinance
2024-08-06,29.38086025,29.8186694,29.20954299,29.43796539,7760500,yfinance
2024-08-07,29.91384324,29.95191273,29.19050479,29.25712776,8365200,yfinance
2024-08-08,29.31423232,29.77107889,29.27616283,29.72348976,6142400,yfinance
2024-08-09,29.70445417,29.88528923,29.49506744,29.50458527,4846600,yfinance
2024-08-12,29.73300697,30.16130005,29.67590183,29.8662529,5072700,yfinance
2024-08-13,29.57120864,29.76156153,29.37133974,29.59024429,6076200,yfinance
2024-08-14,29.74252578,29.8281844,29.34278616,29.38085747,8870900,yfinance
2024-08-15,29.78059784,30.18033566,29.65686792,29.77108002,10671800,yfinance
2024-08-16,29.5045846,29.95191152,29.41892598,29.8662529,6481400,yfinance
2024-08-19,29.9328794,30.62766438,29.9328794,30.31358337,6224100,yfinance
2024-08-20,30.15178349,30.22792428,29.55217315,29.58072662,6250100,yfinance
2024-08-21,29.91384296,30.06612455,29.45699821,29.70445442,6201800,yfinance
2024-08-22,29.77107832,29.80914781,29.53313813,29.6473484,4860200,yfinance
2024-08-23,29.91384523,30.40876133,29.84722226,30.22792625,5391700,yfinance
2024-08-26,30.75139206,30.88463798,30.14226392,30.33261681,4848700,yfinance
2024-08-27,30.30406561,30.39924206,29.76156222,30.09467888,5710500,yfinance
2024-08-28,29.71397199,29.77107895,29.33326803,29.50458527,6303400,yfinance
2024-08-29,29.85673689,30.02805231,29.34278519,29.8662529,5204400,yfinance
2024-08-30,29.58072647,29.76156153,29.26664547,29.59024429,11287300,yfinance
2024-09-03,29.04773876,29.20002033,28.34343601,28.41005898,11025300,yfinance
2024-09-04,28.62064575,28.91738103,27.96016879,28.16118431,9277600,yfinance
2024-09-05,28.46749468,28.47706702,27.74958542,27.82616234,7792600,yfinance
2024-09-06,27.81659027,28.13247027,27.2135473,27.36670113,9271200,yfinance
2024-09-09,27.37627343,27.80701789,27.32841171,27.45285034,8090300,yfinance
2024-09-10,27.48156119,27.58685512,26.76365205,27.09867668,7294300,yfinance
2024-09-11,27.17525694,27.17525694,26.35205559,26.77322769,11045200,yfinance
2024-09-12,26.86894868,26.9933873,26.36162733,26.82108879,14506700,yfinance
2024-09-13,26.8210908,27.22312006,26.48606611,26.67750931,9063900,yfinance
2024-09-16,26.98381474,27.25183301,26.8019439,27.19440079,10182100,yfinance
2024-09-17,27.2709785,28.14204156,27.21354627,28.04631996,9993200,yfinance
2024-09-18,28.04632075,28.33348555,27.70172555,27.85487938,6342800,yfinance
2024-09-19,28.58235947,28.74508564,28.13246853,28.26647949,9759800,yfinance
2024-09-20,28.06546393,28.38134391,27.73043927,28.20904541,14496200,yfinance
2024-09-23,28.31433918,28.86952223,28.21861759,28.66850853,6835700,yfinance
2024-09-24,29.26198035,29.39598949,28.60150333,28.68765259,6292400,yfinance
2024-09-25,28.53450006,28.58236178,27.43370621,27.63472176,14353300,yfinance
2024-09-26,27.07953855,27.36670152,26.48606608,26.62007523,19291600,yfinance
2024-09-27,26.77322489,27.43370183,26.69664799,27.42412949,14732500,yfinance
2024-09-30,27.28054847,27.88359137,27.1656822,27.80701447,10730300,yfinance
2024-10-01,27.58685823,28.96524446,27.50070898,28.64936447,18446400,yfinance
2024-10-02,29.08967937,29.10882405,28.32391031,28.59193039,11321400,yfinance
2024-10-03,28.62065013,29.58743486,28.37177469,29.41513634,16453700,yfinance
2024-10-04,29.68315628,29.95117641,29.38642095,29.7597332,9164700,yfinance
2024-10-07,29.91288704,30.08518556,29.67358394,29.7597332,7498500,yfinance
2024-10-08,29.22369405,29.27155394,28.45792306,28.76423073,9479800,yfinance
2024-10-09,28.49620921,29.14711383,28.46749218,29.06096458,6988500,yfinance
2024-10-10,29.31941473,29.64486709,28.91738546,29.41513634,5679800,yfinance
2024-10-11,29.21412257,29.66401173,29.18540554,29.50128555,4921900,yfinance
2024-10-14,29.1662591,29.45342389,29.03224996,29.27155304,5665100,yfinance
2024-10-15,28.36219936,28.5440702,27.93145492,27.9793148,9345300,yfinance
2024-10-16,28.06546465,28.23776315,27.96974305,28.04631996,6688300,yfinance
2024-10-17,27.66343564,27.75915723,27.29012342,27.70172501,11655200,yfinance
2024-10-18,27.40498944,27.59643265,27.04124954,27.11782646,12660600,yfinance
2024-10-21,27.37627365,27.46242291,26.87852279,27.0508213,9489100,yfinance
2024-10-22,27.18482724,27.24225947,26.96466887,27.03167343,6389100,yfinance
2024-10-23,26.90724003,27.07953855,26.45734905,26.62007523,7436500,yfinance
2024-10-24,26.67750803,26.79237248,26.33291101,26.65836334,8633100,yfinance
2024-10-25,26.90723918,27.17525746,26.74451301,27.04124832,9251900,yfinance
2024-10-28,26.24676419,26.74451508,26.09361035,26.69665337,7333800,yfinance
2024-10-29,26.79237265,26.81151734,26.22761724,26.34248352,8494500,yfinance
2024-10-30,26.38077035,26.89766586,26.38077035,26.50520897,7158000,yfinance
2024-10-31,26.72536858,26.84023487,26.54349773,26.55307007,7114300,yfinance
2024-11-01,26.76365618,26.93595469,26.41906098,26.49563789,8203400,yfinance
2024-11-04,26.71579412,27.0795358,26.62007253,26.92638016,8110000,yfinance
2024-11-05,27.00295758,27.45284852,26.90723781,27.30926704,9488100,yfinance
2024-11-06,28.71636875,29.44385031,28.39091643,29.1949749,22611800,yfinance
2024-11-07,28.563216,28.71636983,27.57728665,28.28562355,15920700,yfinance
2024-11-08,28.32391181,28.48663798,27.64429014,27.9793148,9742000,yfinance
2024-11-11,27.88359278,28.93652665,27.7400113,28.84080505,9789100,yfinance
2024-11-12,29.02267784,29.34813019,28.80251944,28.89824104,8953000,yfinance
2024-11-13,28.86952402,29.43427944,28.19947465,28.89824104,11280300,yfinance
2024-11-14,29.04182322,29.22369408,28.73551555,28.82166481,9113200,yfinance
2024-11-15,28.9078143,29.45342506,28.3526312,28.41963577,8990300,yfinance
2024-11-18,28.85037858,29.35770176,28.72594178,29.14711571,9278300,yfinance
2024-11-19,28.75465623,29.43427603,28.69722218,29.16625595,9375700,yfinance
2024-11-20,29.21412052,29.92245742,29.14711595,29.84588051,9639700,yfinance
2024-11-21,30.10432795,30.90838644,29.96074464,30.50635719,11476300,yfinance
2024-11-22,30.46806651,31.01367904,30.30534035,30.57336044,9522500,yfinance
2024-11-25,30.99453558,31.17640461,30.20961996,30.62122154,15280500,yfinance
2024-11-26,30.65950916,30.71694322,30.12347078,30.44892311,11141900,yfinance
2024-11-27,30.47764072,31.16683477,30.45849604,30.51592827,7877100,yfinance
2024-11-29,30.7169426,30.79351768,30.31491336,30.49678421,3484100,yfinance
2024-12-02,30.5637908,30.70737412,29.91288611,30.20962143,6996800,yfinance
2024-12-03,30.58293411,30.64036452,29.97031699,30.3627739,7442000,yfinance
2024-12-04,30.39164473,30.4397625,29.28491959,29.44852257,7616700,yfinance
2024-12-05,29.47739095,29.69873744,28.86147477,28.89034653,7722300,yfinance
2024-12-06,28.77486542,28.86147888,27.66814018,27.69701195,10347200,yfinance
2024-12-09,27.96647375,28.3321754,27.62964385,27.98572159,8137900,yfinance
2024-12-10,27.99534686,28.38991846,27.47566611,27.97609901,6596300,yfinance
2024-12-11,28.14932359,28.42841179,27.63926681,28.10120583,10506100,yfinance
2024-12-12,27.99534454,28.16857144,27.55265337,27.8028698,6485900,yfinance
2024-12-13,27.76437584,27.97609658,27.42754596,27.60077286,6643500,yfinance
2024-12-16,27.39867531,27.53340836,26.77313513,26.82125473,8770000,yfinance
2024-12-17,26.45555178,26.59990692,26.02248637,26.16684151,12767200,yfinance
2024-12-18,26.04173411,26.27270271,25.13710755,25.16597748,11454800,yfinance
2024-12-19,25.56054913,25.61829266,24.69441641,24.80027771,14175900,yfinance
2024-12-20,24.55005894,25.29108428,24.55005894,24.99274826,18035900,yfinance
2024-12-23,24.98312512,25.38732061,24.89651351,25.27183723,7714300,yfinance
2024-12-24,25.31995834,25.84926303,25.09861364,25.83001518,4461700,yfinance
2024-12-26,25.77227125,25.94549632,25.44506528,25.79151726,5562500,yfinance
2024-12-27,25.73377508,26.19571227,25.64716163,25.78189468,5379400,yfinance
2024-12-30,25.79151654,26.15721819,25.54130195,25.94549561,10335300,yfinance
2024-12-31,26.0513563,26.37856225,25.99361461,26.16684151,7647900,yfinance
2025-01-02,26.77313307,27.08109118,26.4844228,26.68651962,6249300,yfinance
2025-01-03,26.80200592,26.83087585,26.36893867,26.63840294,6703700,yfinance
2025-01-06,26.6287779,27.2254481,26.51329269,26.61915398,7956500,yfinance
2025-01-07,26.75388635,27.24469529,26.49404784,26.70576859,12090500,yfinance
2025-01-08,26.4266788,26.46517448,25.86850429,26.01286125,11272400,yfinance
2025-01-10,26.44592904,26.76351109,25.83963671,25.95512009,12320000,yfinance
2025-01-13,26.10909916,26.95598585,26.05135747,26.75388718,11632900,yfinance
2025-01-14,26.65765089,27.15808191,26.55178959,27.13883591,6624800,yfinance
2025-01-15,27.36017969,28.01459159,27.19657671,27.82211685,9668700,yfinance
2025-01-16,27.62002084,28.20706532,27.61039692,28.16857147,8388900,yfinance
2025-01-17,28.28405525,29.25604922,28.1974418,28.7748642,14157500,yfinance
2025-01-21,29.06357888,29.12132058,28.38029513,28.41879082,14680100,yfinance
2025-01-22,27.90873136,28.23593732,27.10996429,27.40829849,17921200,yfinance
2025-01-23,27.81249446,27.86061406,26.85012439,26.91749001,16720700,yfinance
2025-01-24,27.13883667,27.31206174,26.43630513,26.75388718,13047000,yfinance
2025-01-27,26.83087497,27.04259754,26.18608699,26.22458267,14329800,yfinance
2025-01-28,26.31119733,26.48442424,25.56054803,25.64716148,12717000,yfinance
2025-01-29,25.62791349,25.85888392,25.23334192,25.3776989,16515700,yfinance
2025-01-30,25.55092381,25.68565687,25.25258961,25.54130173,9818400,yfinance
2025-01-31,25.57979546,25.63753715,24.84839402,25.04086876,11606000,yfinance
2025-02-03,24.72328525,24.96387775,24.31908979,24.55005836,11227300,yfinance
2025-02-04,24.31909353,25.38732312,24.26135,25.34882927,12147300,yfinance
2025-02-05,25.46430991,25.54130128,25.11785795,25.30070877,8266800,yfinance
2025-02-06,25.46431096,25.46431096,24.3190919,24.52118874,10466600,yfinance
2025-02-07,24.62704932,24.77140445,24.21322991,24.24210167,8121000,yfinance
2025-02-10,24.58855334,25.14672788,24.54043557,25.00237274,6922800,yfinance
2025-02-11,25.14672932,25.7530235,25.06973979,25.49318314,10983000,yfinance
2025-02-12,25.19484692,25.53167678,24.95425441,24.99274826,7306300,yfinance
2025-02-13,24.93500658,25.4258155,24.77140361,25.29108429,7560100,yfinance
2025-02-14,25.49318402,25.77227224,25.15635412,25.17560196,8293000,yfinance
2025-02-18,25.23334265,26.14759496,25.11785927,25.72415161,9929400,yfinance
2025-02-19,25.66640858,26.0417323,25.61829081,25.73377419,10899300,yfinance
2025-02-20,25.78189424,26.35931479,25.72415071,25.97436714,8290700,yfinance
2025-02-21,25.91662523,26.0128626,25.19484771,25.27183723,10112100,yfinance
2025-02-24,25.31033086,25.95511885,25.21409533,25.73377419,13747000,yfinance
2025-02-25,25.74339856,26.11872229,25.22371786,25.2429657,9374800,yfinance
2025-02-26,25.33920315,25.47393437,24.77140468,24.94463158,7658800,yfinance
2025-02-27,25.11785889,25.47393478,24.9061363,25.11785889,7292400,yfinance
2025-02-28,25.02162117,25.38732098,24.70403913,25.3776989,9966600,yfinance
2025-03-03,25.52205128,25.72414809,23.81865605,24.06887245,16727100,yfinance
2025-03-04,23.58768953,23.75129251,22.89478377,23.24123573,17262500,yfinance
2025-03-05,22.9795532,23.5901455,22.69848833,23.444767,12951000,yfinance
2025-03-06,23.32846219,23.86151915,23.26061902,23.69675636,8927400,yfinance
2025-03-07,23.84213787,24.71441082,23.82275357,24.22981453,17214800,yfinance
2025-03-10,24.24919743,24.64656622,23.93905612,24.12320137,10793800,yfinance
2025-03-11,24.16197005,24.28796427,23.72583268,23.90028763,12843300,yfinance
2025-03-12,23.92936328,24.23950459,23.7258319,23.94874573,7737200,yfinance
2025-03-13,23.92936285,24.44303368,23.46414905,23.59014511,9997100,yfinance
2025-03-14,23.84213531,24.37519043,23.65798822,24.29765511,10480300,yfinance
2025-03-17,24.38488409,24.60779793,24.29765661,24.44303513,8334600,yfinance
2025-03-18,24.5981069,24.69502652,23.87121246,24.22981453,12605500,yfinance
2025-03-19,24.31704231,24.64656794,24.25889127,24.30735016,9792100,yfinance
2025-03-20,24.12319986,24.55933721,23.95843707,24.22011948,16371400,yfinance
2025-03-21,24.05535667,24.23950376,23.76459967,23.97782135,56967300,yfinance
2025-03-24,24.3364229,24.8888623,24.18135226,24.81132698,16666300,yfinance
2025-03-25,24.96639702,25.26684616,24.75317535,24.89855385,9032600,yfinance
2025-03-26,25.16023733,25.43161191,24.85009602,24.9082489,8553300,yfinance
2025-03-27,24.84040247,24.99547497,24.49149444,24.55933762,9956600,yfinance
2025-03-28,24.56902966,24.7725592,24.16196875,24.29765511,6911100,yfinance
2025-03-31,24.12320133,24.72410151,24.0650503,24.58841515,11031400,yfinance
2025-04-01,24.47210997,24.85978659,24.29765503,24.76286697,7745100,yfinance
2025-04-02,24.40426834,24.94701564,24.23950553,24.9082489,6703400,yfinance
2025-04-03,23.36723039,23.43507356,21.66145146,21.7002182,20916700,yfinance
2025-04-04,20.69226025,21.09932118,18.98648123,19.36446571,21921300,yfinance
2025-04-07,18.68603304,20.18828075,18.14328388,19.37415886,19064700,yfinance
2025-04-08,20.03321022,20.3045848,18.30804681,18.66664886,19438700,yfinance
2025-04-09,18.27897227,21.85529148,18.1723605,21.3900795,20574100,yfinance
2025-04-10,20.52749764,20.55657224,19.19001095,19.64553261,16097900,yfinance
2025-04-11,19.76183576,20.54688306,19.44200228,20.42088699,13608700,yfinance
2025-04-14,20.92486633,20.92486633,20.32396616,20.59534073,10059600,yfinance
2025-04-15,20.56626429,21.00240165,20.50811326,20.59534073,8528200,yfinance
2025-04-16,20.72133564,21.21562405,20.53719038,20.76979637,10744600,yfinance
2025-04-17,21.2059304,21.98128548,21.09932048,21.83590698,18170400,yfinance
2025-04-21,21.37069561,21.42884849,20.9733268,21.24470139,14165300,yfinance
2025-04-22,19.49046263,20.3530434,19.14155272,20.06228638,29370100,yfinance
2025-04-23,20.38212046,20.91517564,19.63584174,19.97505951,22493800,yfinance
2025-04-24,20.17858935,20.68256994,20.00413439,20.55657387,14237400,yfinance
2025-04-25,20.17858995,20.44996455,19.9362918,20.2076664,11009100,yfinance
2025-04-28,20.13982052,20.39181079,19.84906167,20.01382446,9449500,yfinance
2025-04-29,19.86844544,20.01382394,19.55830415,19.87813759,11024600,yfinance
2025-04-30,19.47107687,19.53892004,18.98648063,19.20939445,15072400,yfinance
2025-05-01,19.22877824,19.72306661,19.08339974,19.31600571,20489400,yfinance
2025-05-02,19.62614861,20.01382525,19.24816412,19.96536636,11330200,yfinance
2025-05-05,19.55830646,19.8006046,19.22878084,19.24816513,16604700,yfinance
2025-05-06,19.38384792,19.49045967,18.76356538,18.84110069,16541700,yfinance
2025-05-07,18.94771221,19.02524754,18.62787877,18.76356697,19330700,yfinance
2025-05-08,19.04463138,19.82967675,18.97678821,19.61645508,20541300,yfinance
2025-05-09,19.93628901,20.05259292,19.56799668,19.73275948,11808300,yfinance
2025-05-12,21.04116839,21.51607435,20.39181119,20.59534073,15483500,yfinance
2025-05-13,20.64379983,20.85702336,20.58564879,20.65349197,10569200,yfinance
2025-05-14,20.49842102,20.81825447,20.43057784,20.57595634,8352800,yfinance
2025-05-15,20.04290147,20.42088596,19.77152691,20.39181137,14689400,yfinance
2025-05-16,20.50811326,20.62441717,20.19797195,20.59534073,13167800,yfinance
2025-05-19,20.44027056,20.44027056,20.08166852,20.22704887,10086900,yfinance
2025-05-20,20.25612289,20.32396607,19.80060308,19.84906197,9841400,yfinance
2025-05-21,19.7133753,19.82967736,19.24816335,19.28693008,14240900,yfinance
2025-05-22,19.14155179,19.4516931,18.78294976,19.34508133,10709000,yfinance
2025-05-23,18.87017613,19.34508021,18.82171725,19.29662132,8119900,yfinance
2025-05-27,19.4516941,19.48077054,19.10278419,19.35477448,18412300,yfinance
2025-05-28,19.5970732,19.71337712,19.20939654,19.24816513,20233400,yfinance
2025-05-29,19.43230929,19.50015432,19.13186012,19.46138573,14722900,yfinance
2025-05-30,19.25785721,19.30631609,18.8411041,18.98648262,34033600,yfinance
2025-06-02,19.49046287,19.51953746,18.91863911,19.39354324,16272700,yfinance
2025-06-03,19.37415863,20.03320985,19.03494087,19.80060387,16984100,yfinance
2025-06-04,19.79083027,20.13289438,19.39012719,19.55627251,13250300,yfinance
2025-06-05,19.73219074,19.78105624,19.44876562,19.49763298,11479800,yfinance
2025-06-06,19.78105682,20.21108032,19.78105682,20.05470848,9137900,yfinance
2025-06-09,20.21107912,20.68019462,20.05470728,20.52382278,15052300,yfinance
2025-06-10,20.71928705,21.55001166,20.71928705,21.25681496,17767100,yfinance
2025-06-11,21.39364147,21.77479945,21.11999169,21.68684006,11920200,yfinance
2025-06-12,21.52069561,21.54024255,21.18840498,21.48160172,9118500,yfinance
2025-06-13,22.00935587,22.7423495,21.90184954,22.66416359,22834000,yfinance
2025-06-16,22.67393757,22.84985448,21.93117045,22.39051247,23032400,yfinance
2025-06-17,22.7521251,22.96713591,22.43937955,22.48824692,20210400,yfinance
2025-06-18,22.43938068,22.68371192,21.68684186,21.77480125,15908600,yfinance
2025-06-20,21.86276065,22.0191325,21.53047001,21.77480125,22548000,yfinance
2025-06-23,21.86276015,21.94094607,20.23062739,20.29903984,22918200,yfinance
2025-06-24,20.03515956,20.6020079,19.83969384,20.30881119,19642700,yfinance
2025-06-25,20.21108042,20.28926635,19.702871,19.80060387,14342600,yfinance
2025-06-26,19.94720323,20.37722675,19.82992527,20.17198753,9830400,yfinance
2025-06-27,20.26971815,20.34790407,19.91788059,20.10357285,12372000,yfinance
2025-06-30,20.10357134,20.26971664,19.86901361,19.9178791,13516800,yfinance
2025-07-01,19.83969558,21.12976607,19.63445824,20.72906113,15684200,yfinance
2025-07-02,21.10044779,21.25681965,20.58246485,21.21772575,14625800,yfinance
2025-07-03,21.26659169,21.28613864,20.97339308,21.03203392,7314300,yfinance
2025-07-07,20.85611395,21.02225926,20.1426672,20.41631699,12302000,yfinance
2025-07-08,20.47495802,21.89207805,20.47495802,21.65752029,21966800,yfinance
2025-07-09,21.56955979,21.74547857,21.38386755,21.54024124,12352400,yfinance
2025-07-10,21.41318906,21.92139847,21.16885783,21.65752029,11248400,yfinance
2025-07-11,21.60865517,22.5566597,21.50114883,22.5566597,20174000,yfinance
2025-07-14,22.44915227,22.44915227,21.38386798,21.52069473,19229400,yfinance
2025-07-15,21.55001401,21.60865485,20.86588768,20.90497971,13031500,yfinance
2025-07-16,20.86588723,21.13953701,20.51404966,20.75838089,12816200,yfinance
2025-07-17,20.62155693,21.1102194,20.57268956,21.05158043,9927300,yfinance
2025-07-18,21.25681727,21.34477666,20.52382357,20.73883438,14977000,yfinance
2025-07-21,20.88543361,20.99293808,20.553143,20.69974136,16555400,yfinance
2025-07-22,20.23062684,21.05157994,19.71264396,20.90497971,24674400,yfinance
2025-07-23,21.12976434,21.6575188,20.96361904,21.47182655,15590600,yfinance
2025-07-24,21.46205447,21.98981083,21.25681713,21.91162491,20364700,yfinance
2025-07-25,21.98003861,22.16573088,21.57933552,21.94094658,15844800,yfinance
2025-07-28,22.03867647,22.49802038,22.00935791,22.32210159,13123400,yfinance
2025-07-29,22.23414254,22.64461909,22.08754417,22.5566597,18971000,yfinance
2025-07-30,22.43937789,22.47847178,21.67706569,21.89207649,22446500,yfinance
2025-07-31,21.71615772,22.23414057,21.67706569,21.89207649,14022000,yfinance
2025-08-01,21.63797448,21.73570735,20.76815584,21.11021996,18960200,yfinance
2025-08-04,21.04180783,21.36432501,20.99294047,21.17863274,12082800,yfinance
2025-08-05,21.37409634,21.45228225,20.78770102,21.18840408,10790100,yfinance
2025-08-06,21.46205461,21.71615931,20.64110338,20.73883438,15919300,yfinance
2025-08-07,21.0515799,21.29591113,20.37722518,20.40654373,10942300,yfinance
2025-08-08,20.51404963,20.8658872,20.20130596,20.42609024,11782700,yfinance
2025-08-11,20.54336945,20.62155537,19.92765373,20.03516006,9050300,yfinance
2025-08-12,20.16221052,20.65087294,20.06447953,20.49450111,10978000,yfinance
2025-08-13,20.41631958,20.7290633,20.29904162,20.71929169,9061400,yfinance
2025-08-14,20.52382261,20.90497871,20.10357261,20.86588669,8824300,yfinance
2025-08-15,20.78770211,21.02225988,20.64110374,20.64110374,7571000,yfinance
2025-08-18,20.57268853,21.06135099,20.47495754,20.84634018,7962000,yfinance
2025-08-19,20.83656784,21.09067255,20.44563823,20.63133049,7300700,yfinance
2025-08-20,20.6313288,20.82679266,20.31858514,20.62155533,10718600,yfinance
2025-08-21,20.50427533,20.8952049,20.36745044,20.79747391,8431600,yfinance
2025-08-22,20.92452791,21.92139985,20.91475444,21.765028,12629800,yfinance
2025-08-25,21.68684051,21.98003724,21.51092172,21.83343887,8647000,yfinance
2025-08-26,21.51092246,21.78457412,21.26659122,21.38386917,15318300,yfinance
2025-08-27,21.3447754,21.97026272,21.2959099,21.79434395,8433700,yfinance
2025-08-28,21.86275851,22.18527565,21.56955993,22.11686134,11982400,yfinance
2025-08-29,22.10709132,22.34164908,22.00935845,22.21459579,8064700,yfinance
2025-09-02,22.15595393,22.26346025,21.7552509,22.17550087,11560000,yfinance
2025-09-03,21.95886733,22.18535036,21.24003488,21.25972939,12590100,yfinance
2025-09-04,21.31881066,22.13611373,21.07263501,22.12626648,10583800,yfinance
2025-09-05,21.76193047,22.21489281,21.62407081,21.76193047,11270300,yfinance
2025-09-08,21.74223469,21.81116357,21.14156546,21.43697739,13427900,yfinance
2025-09-09,21.59452695,21.88993696,21.3975857,21.4172802,10324500,yfinance
2025-09-10,21.41728063,22.26412543,21.27942288,22.25427818,13918000,yfinance
2025-09-11,22.1065734,22.36259441,21.94902114,21.96871376,9071600,yfinance
2025-09-12,22.15580851,22.35274978,21.86039848,21.88993835,6732300,yfinance
2025-09-15,22.09672708,22.13611421,21.39758725,21.45667076,8711400,yfinance
2025-09-16,21.66345693,22.19519723,21.27942352,22.07703209,12890400,yfinance
2025-09-17,21.90963364,22.50045559,21.63391622,21.90963364,8858000,yfinance
2025-09-18,22.19519874,22.34290377,21.70284742,22.01795197,10035100,yfinance
2025-09-19,22.09672626,22.25427852,21.72253823,22.16565514,24469800,yfinance
2025-09-22,21.90963417,22.30351486,21.66345851,22.26412773,13445100,yfinance
2025-09-23,22.58907872,24.49940046,22.57923147,23.89873314,36005600,yfinance
2025-09-24,24.23353111,24.65695352,23.95781371,24.06613159,19818300,yfinance
2025-09-25,23.78056778,24.37138973,23.7313334,24.28276634,14335000,yfinance
2025-09-26,24.44031882,25.28716368,24.44031882,24.72588348,16390100,yfinance
2025-09-29,24.57817615,24.79481192,24.08582485,24.61756516,14035500,yfinance
2025-09-30,24.09567192,24.38123658,23.66240413,24.22368431,14345300,yfinance
2025-10-01,24.21383719,24.71603574,24.0858248,24.51909447,10240700,yfinance
2025-10-02,24.46001181,24.70618745,23.84949539,24.00704765,11492600,yfinance
2025-10-03,24.34184781,24.41077857,23.88888551,23.93811989,9609100,yfinance
2025-10-06,23.99720344,24.24337909,23.76087316,23.98735619,7899000,yfinance
2025-10-07,24.10551826,24.26307052,23.30790971,23.90857887,12180800,yfinance
2025-10-08,23.85934397,23.92827285,23.38668717,23.55408669,10032800,yfinance
2025-10-09,23.642711,23.99720456,22.77617161,23.04204178,8171300,yfinance
2025-10-10,22.86479317,22.9829583,21.63391495,21.63391495,11857500,yfinance
2025-10-13,21.97856263,22.26412729,21.47636405,22.1558094,9793600,yfinance
2025-10-14,21.67330494,22.31336127,21.57483431,22.09672737,10007300,yfinance
2025-10-15,22.55953884,22.62846773,21.74223567,22.04749298,18225900,yfinance
2025-10-16,22.2050423,22.27397306,21.13171634,21.48620987,22870500,yfinance
2025-10-17,21.39758857,22.09672845,21.18095466,21.92932892,19104300,yfinance
2025-10-20,21.95886706,22.38228947,21.88009093,22.27397346,18902600,yfinance
2025-10-21,24.19414247,25.08037443,23.75102743,24.85389328,39857100,yfinance
2025-10-22,25.78936275,26.23247781,25.31670405,25.90752602,25418200,yfinance
2025-10-23,26.39003084,26.97100556,26.21278593,26.80360603,20225000,yfinance
2025-10-24,26.78391235,26.79375773,26.14385414,26.14385414,12314400,yfinance
2025-10-27,26.53773489,26.92176829,26.390028,26.390028,9648400,yfinance
2025-10-28,26.35064158,26.53773559,26.0453843,26.21278381,8571600,yfinance
2025-10-29,26.21278271,27.13840175,26.21278271,27.05962563,11791200,yfinance
2025-10-30,26.73467666,27.22702798,26.52789,26.54758263,9772900,yfinance
2025-10-31,26.67559422,26.82329924,26.06507777,26.42941856,9175500,yfinance
2025-11-03,26.36048945,27.10886367,26.3112532,26.76421738,8681200,yfinance
2025-11-04,26.39987564,27.01039207,26.28171238,26.39987564,9532600,yfinance
2025-11-05,26.44911356,27.01039377,26.27186679,26.68544197,7909200,yfinance
2025-11-06,26.91192436,27.69968576,26.73467758,26.91192436,10367700,yfinance
2025-11-07,27.05962719,27.26641572,26.54758139,27.14825058,6677100,yfinance
2025-11-10,27.35503878,27.49289654,26.73467509,27.28610802,8446500,yfinance
2025-11-11,27.34519169,28.22157641,27.29595544,27.63075447,11807600,yfinance
2025-11-12,27.34519392,27.75876912,26.40972562,26.51804352,11730300,yfinance
2025-11-13,26.51804127,27.25656822,26.47865227,26.60666466,11483200,yfinance
2025-11-14,26.53773513,27.38457807,26.15369985,26.88237953,9703700,yfinance
2025-11-17,26.77406399,27.02023964,26.00599529,26.21278381,8263600,yfinance
2025-11-18,25.86813836,26.56727632,25.72043334,26.38018417,8400000,yfinance
2025-11-19,25.85829169,26.25217237,25.61211603,26.05523109,8311300,yfinance
2025-11-20,26.23247595,26.6657456,25.08037386,25.22808075,12537600,yfinance
2025-11-21,24.98190519,25.46440922,24.53878827,25.42502022,13324400,yfinance
2025-11-24,25.35609318,25.54318721,24.87358911,25.27731705,13998200,yfinance
2025-11-25,25.35609205,25.38563381,24.5978706,25.29701042,10284000,yfinance
2025-11-26,25.39548111,25.72043289,25.19853984,25.39548111,7935700,yfinance
2025-11-28,25.24777364,26.01584233,25.23792639,25.81890106,3968300,yfinance
2025-12-01,25.81890163,26.58697034,25.7795145,26.22262955,10471300,yfinance
2025-12-02,26.1832418,26.59681696,25.64165613,26.49834633,11259200,yfinance
2025-12-03,26.6668122,27.17220352,26.65690234,27.1523838,10464200,yfinance
2025-12-04,27.01365026,27.70732319,27.0037404,27.57849884,9450800,yfinance
2025-12-05,27.63795529,28.39108734,27.62804544,28.19289589,13609700,yfinance
2025-12-08,28.05415965,28.30190038,27.63795515,27.82623863,10455200,yfinance
2025-12-09,27.81632881,28.45054447,27.69741432,28.32172012,11941800,yfinance
2025-12-10,28.2721718,29.12439859,28.12352585,28.7775631,11399700,yfinance
2025-12-11,28.51000274,29.40186897,28.51000274,28.85684013,9680000,yfinance
2025-12-12,29.1541282,29.28295254,27.74696082,28.36135864,12144400,yfinance
2025-12-15,28.31181129,28.43072768,27.85596924,28.15325737,10022500,yfinance
2025-12-16,27.75686987,27.89560406,26.54789586,26.94428062,15971100,yfinance
2025-12-17,27.09292643,27.58840789,27.07310672,27.48931122,12114900,yfinance
2025-12-18,27.41003301,27.51903953,27.07310548,27.21183968,8327700,yfinance
2025-12-19,27.29112022,27.6676853,27.22175122,27.46949196,26395800,yfinance
2025-12-22,27.75687188,28.36135988,27.69741464,27.93524551,7142900,yfinance
2025-12-23,27.93524406,28.24244202,27.70732116,27.91542435,4505200,yfinance
2025-12-24,27.91542564,27.9947026,27.7172323,27.77669144,2341100,yfinance
2025-12-26,27.79650798,27.99470131,27.55867711,27.70732117,3005600,yfinance
2025-12-29,27.73705118,27.9847919,27.67759393,27.89560509,4424200,yfinance
2025-12-30,28.07397859,28.51000279,28.04424902,28.2325325,6200300,yfinance
2025-12-31,28.2523527,28.31180994,27.93524487,28.00461197,4086000,yfinance
2026-01-02,28.08388888,29.61988062,27.95506264,29.33250237,7818800,yfinance
2026-01-05,31.71081153,32.73150207,30.90813214,31.63153458,47339000,yfinance
2026-01-06,31.47298167,31.81981906,30.3631024,30.55138588,24490600,yfinance
2026-01-07,30.75948883,30.83876578,29.89735029,30.10545158,17100300,yfinance
2026-01-08,30.5811154,32.0081006,30.46219902,31.87927437,19696300,yfinance
2026-01-09,32.00810158,32.46394361,31.84954766,32.33512115,11457500,yfinance
2026-01-12,32.56304262,32.73150451,31.15587518,31.61171722,13374900,yfinance
2026-01-13,32.02791985,32.66213548,31.81981855,32.31529999,13266100,yfinance
2026-01-14,32.49367619,33.41527204,32.40448938,32.74141693,15856100,yfinance
2026-01-15,32.39457403,32.6026791,31.95855174,32.48376083,9753900,yfinance
2026-01-16,32.38466799,32.64231668,32.04774045,32.27566147,10404900,yfinance
2026-01-20,32.10719883,32.5531291,31.57207797,31.7702713,19391000,yfinance
2026-01-21,32.20629262,33.49454356,32.20629262,33.05852127,26694700,yfinance
2026-01-22,33.05852072,33.61345749,32.25583946,33.41526794,16173900,yfinance
2026-01-23,34.41613827,35.22872748,33.60354906,33.64318848,16070500,yfinance
2026-01-26,34.18821919,34.18821919,33.55400355,33.85129166,13985800,yfinance
2026-01-27,34.06930814,34.63415673,33.63328201,33.95038986,9721700,yfinance
2026-01-28,34.20803803,34.24767745,32.53331217,33.05852127,16317700,yfinance
2026-01-29,33.94047787,34.72333943,33.05852153,33.08824921,18945000,yfinance
2026-01-30,33.03870553,33.57382644,32.52340433,33.21707916,13557300,yfinance
2026-02-02,32.41439548,32.99906374,32.21620215,32.53331375,15073500,yfinance
2026-02-03,32.59277198,33.63328236,32.32521152,33.56391525,11104600,yfinance
2026-02-04,33.65309993,34.45578126,33.62337225,34.0296669,17463700,yfinance
2026-02-05,33.4648164,33.79183218,32.66213512,33.5341835,12449100,yfinance
2026-02-06,33.5936452,34.85216481,33.54409403,34.66388321,12640900,yfinance
2026-02-09,34.62424181,34.81252718,34.26749835,34.58460617,7481200,yfinance
2026-02-10,34.74316108,34.89180325,33.47472598,33.71255875,11722900,yfinance
2026-02-11,34.31704561,34.97108096,34.24767851,34.7134285,13765400,yfinance
2026-02-12,34.81253067,35.07017938,33.31617445,33.98012161,14968500,yfinance
2026-02-13,33.83147268,34.22785935,33.51436486,33.65309906,11533900,yfinance
2026-02-17,33.92066238,34.14858341,32.80087315,33.40536118,9323500,yfinance
2026-02-18,34.02966569,34.56478655,33.88101974,34.45578003,9986500,yfinance
2026-02-19,34.83234854,35.28819059,34.60442374,35.05035782,9132400,yfinance
2026-02-20,35.04044624,35.52601591,34.27740441,34.79270554,11384200,yfinance
2026-02-23,34.72334215,35.3872855,34.56478823,34.92153549,10502800,yfinance
2026-02-24,35.04044982,35.64493781,34.57469603,35.46656418,10966800,yfinance
2026-02-25,35.57557114,35.85303955,34.35668339,34.95126343,12005700,yfinance
2026-02-26,34.48550726,35.7341226,34.24767829,35.38728333,10052700,yfinance
2026-02-27,35.69448325,35.86294513,35.09990326,35.67466354,10172700,yfinance
2026-03-02,36.69535383,36.69535383,34.67379245,35.64493561,15554400,yfinance
2026-03-03,35.25846447,35.76385393,34.3368686,34.94135284,14537900,yfinance
2026-03-04,34.94134926,35.20024616,33.92566981,34.28414536,15401000,yfinance
2026-03-05,34.25427428,34.38372083,33.37800112,34.01528931,20745700,yfinance
2026-03-06,34.24431391,34.35384853,33.56719427,33.90575409,18535000,yfinance
2026-03-09,33.63689858,34.61274661,33.34812998,34.50321579,17753100,yfinance
2026-03-10,34.34389466,35.34961441,34.10490968,35.19029236,20512300,yfinance
2026-03-11,34.57292059,35.98690337,34.50321743,35.77779388,14622300,yfinance
2026-03-12,35.07080081,35.87736702,34.68245355,34.69240952,17702100,yfinance
2026-03-13,34.38372106,34.58287457,33.51740766,33.54727936,19817700,yfinance
2026-03-16,33.67672948,34.3040617,33.60702632,34.01528931,20262100,yfinance
2026-03-17,34.22440082,35.70809055,34.22440082,35.4890213,20035300,yfinance
2026-03-18,35.36953104,36.23584449,35.12059009,36.06656647,16287800,yfinance
2026-03-19,36.13626756,37.11211558,35.62842592,36.77355576,18154800,yfinance
2026-03-20,37.08224309,37.20173368,36.0765196,36.37524796,58782200,yfinance
2026-03-23,36.40512457,37.62991354,36.20597106,37.35109711,12959500,yfinance
2026-03-24,37.34114229,38.28711865,37.05236987,37.94855881,11196800,yfinance
2026-03-25,37.83902215,38.66550788,37.80915045,38.46635437,9290800,yfinance
2026-03-26,38.70533815,39.70110195,38.44644123,38.62567902,21483200,yfinance
2026-03-27,38.81487314,40.25873143,38.77504167,40.24877167,15304700,yfinance
2026-03-30,40.73669694,41.00555362,39.06381345,39.09368515,15986800,yfinance
2026-03-31,39.28288336,40.25873145,38.42652587,38.82483292,18474400,yfinance
2026-04-01,38.30703378,38.63563385,37.48054802,37.83902359,17541600,yfinance
2026-04-02,38.4364795,39.19326208,37.69961645,38.00830078,13607700,yfinance
2026-04-06,38.09792092,38.33690591,37.4905082,37.65978622,11811700,yfinance
2026-04-07,37.90872511,38.59580072,37.29135265,38.55597305,15288900,yfinance
2026-04-08,36.24580269,37.90872636,35.8972831,37.63986969,25766800,yfinance
2026-04-09,37.69961629,38.27715729,37.11211552,37.53033447,12503500,yfinance
2026-04-10,37.47059089,37.93859727,37.05236814,37.43075943,11347700,yfinance
2026-04-13,37.96847547,38.50618505,37.74940622,38.44644165,13797400,yfinance
2026-04-14,38.12779543,38.23733005,37.15194739,37.35109711,9596600,yfinance
2026-04-15,37.49050844,38.00830227,37.20173603,37.38097382,8812900,yfinance
2026-04-16,37.38097157,38.14771011,37.25152123,37.98838806,9988100,yfinance
2026-04-17,35.87736801,37.29135457,35.35957039,36.99262619,15328000,yfinance
2026-04-20,36.81338865,37.58012723,36.07652177,36.52461624,23299600,yfinance
2026-04-21,37.86889368,38.52609759,37.48054643,37.98838806,20598000,yfinance
2026-04-22,38.84474203,39.36253963,38.61571682,38.94432068,16573800,yfinance
2026-04-23,38.94432322,40.13924055,38.7451697,39.48203659,14121300,yfinance
2026-04-24,39.63139681,40.19898185,38.91444948,40.18902588,14361500,yfinance
2026-04-27,40.21889982,40.5773754,39.870384,39.9600029,14331800,yfinance
2026-04-28,40.39813433,40.89601619,39.98987135,40.63711929,11335700,yfinance
2026-04-29,40.92588981,41.65280071,40.6968646,41.63288498,11840800,yfinance
2026-04-30,41.22462251,42.21042654,41.04538473,42.12080765,13242800,yfinance
2026-05-01,42.2801308,42.2801308,41.19474809,41.48352051,9614300,yfinance
2026-05-04,41.55322123,41.92165276,41.09517081,41.80216217,7266600,yfinance
2026-05-05,41.66275689,42.01127269,41.41381594,41.5432663,6559200,yfinance
2026-05-06,40.28860234,40.60724646,39.62144242,40.22885895,11972500,yfinance
2026-05-07,39.78076278,39.82059424,38.66550844,38.95427704,12617500,yfinance
2026-05-08,38.98415427,40.16911182,38.9741945,39.66127396,9047500,yfinance
2026-05-11,39.98987217,40.34834772,39.53182175,40.08944702,7402400,yfinance
2026-05-12,40.43796711,41.54326549,40.24876956,41.52334976,13150000,yfinance
2026-05-13,41.5830926,41.9017405,40.52758546,40.84622955,7656200,yfinance
2026-05-14,40.86614467,41.39389823,40.71677859,41.1150856,6824000,yfinance
2026-05-15,41.03542621,41.58309555,40.89601988,41.58309555,9228900,yfinance
2026-05-18,41.36402898,42.74814005,40.90597854,42.59877396,12099000,yfinance
2026-05-19,42.81784359,43.18627513,42.39962461,42.79792786,9072400,yfinance
2026-05-20,42.81784306,43.40534385,41.86191073,42.12080765,12885600,yfinance
2026-05-21,42.52906844,42.80788487,41.23457634,41.78224564,11767200,yfinance
2026-05-22,41.78224893,41.78224893,40.83627254,41.29432678,9325000,yfinance
2026-05-26,41.21466351,41.66275798,40.62716271,40.90597916,15202100,yfinance
2026-05-27,40.27864482,40.27864482,38.61571737,39.43224335,14196000,yfinance
2026-05-28,39.41233206,39.79071956,38.44643998,39.16339111,10917000,yfinance
2026-05-29,39.09368398,39.15343118,38.39665238,38.68542099,20831900,yfinance
2026-06-01,39.17334787,39.77080462,38.78500059,39.18330383,8708100,yfinance
2026-06-02,39.39241783,40.04962179,39.32271467,39.9600029,8198400,yfinance
2026-06-03,40.11999893,41.25999832,40.11999893,41.02999878,10678600,yfinance
2026-06-04,40.70999908,41.45999908,40.52000046,41.22000122,9380900,yfinance
2026-06-05,41.04000092,41.15000153,39.04999924,39.18000031,7483700,yfinance
2026-06-08,39.54999924,40.59000015,39.54999924,40.5,12982400,yfinance
2026-06-09,40.5,40.66999817,39.02999878,39.61999893,11112300,yfinance
2026-06-10,39.72000122,40.47999954,39.59999847,39.72999954,7894500,yfinance
2026-06-11,40.31000137,40.40999985,39.38999939,39.75999832,20808600,yfinance
2026-06-12,39.36000061,40.13999939,39.31000137,39.59999847,10683800,yfinance
2026-06-15,38.75,38.90000153,38.04999924,38.18000031,14416900,yfinance
2026-06-16,37.88999939,38.11999893,37.13000107,37.20000076,10633500,yfinance
2026-06-17,37.0,37.25999832,36.11999893,36.22999954,12278400,yfinance
2026-06-18,36.02000046,36.02000046,34.54000092,34.93000031,24608800,yfinance
2026-06-22,34.88000107,35.16999817,34.36000061,35.16999817,12803900,yfinance
2026-06-23,34.90000153,35.40999985,34.61000061,35.11000061,13682000,yfinance
2026-06-24,34.59000015,34.59999847,33.54000092,33.90000153,22144900,yfinance
2026-06-25,34.04999924,34.88999939,33.72999954,34.66999817,13130400,yfinance
2026-06-26,34.09999847,34.5,33.79999924,34.20999908,12232600,yfinance
2026-06-29,34.24000168,34.56999969,34.0,34.09000015,8144700,yfinance
2026-06-30,34.40000153,34.79000092,33.88000107,33.95000076,11637500,yfinance
2026-07-01,33.81999969,34.06999969,32.97999954,33.00999832,9791800,yfinance
2026-07-02,33.56999969,33.63000107,32.59000015,32.95999908,9431200,yfinance
2026-07-06,32.95000076,33.59999847,32.86000061,33.0,8687000,yfinance
2026-07-07,33.29999924,34.06999969,33.15999985,33.79000092,9726700,yfinance
2026-07-08,34.0,35.11000061,33.79999924,34.97000122,17339900,yfinance
2026-07-09,34.50999832,34.75,34.06000137,34.11999893,7133800,yfinance
2026-07-10,34.24000168,34.54000092,34.13000107,34.38999939,6604300,yfinance
2026-07-13,34.90000153,35.61999893,34.75,35.20999908,8217300,yfinance
2026-07-14,36.11000061,36.20000076,34.90999985,35.41999817,8653700,yfinance
2026-07-15,35.52000046,35.72999954,34.47999954,35.25,8138400,yfinance
2026-07-16,35.18999863,35.54000092,34.81999969,35.04000092,8763400,yfinance
2026-07-17,35.29000092,35.36000061,34.77999878,35.22000122,8618000,yfinance
2026-07-20,35.25,35.93000031,35.09000015,35.11000061,14948600,yfinance
2026-07-21,33.33000183,33.84000015,32.38000107,33.18999863,34081300,yfinance
2026-07-22,33.56000137,33.81999969,32.66999817,33.02999878,19471700,yfinance
2026-07-23,33.5,33.81000137,32.59000015,32.70999908,14422700,yfinance
2026-07-24,32.99000168,33.74000168,32.90000153,33.36000061,12702300,yfinance
2026-07-27,32.59999847,33.31000137,32.0,32.13000107,12372500,yfinance
2026-07-28,32.16999817,32.22999954,31.20000076,31.22999954,13398800,yfinance
2026-07-29,32.0,32.02999878,31.12000084,31.19000053,12568500,yfinance
2026-07-30,31.20999908,31.70000076,30.97999954,31.63999939,8230800,yfinance
2026-07-31,32.0,32.36000061,31.51000023,32.25,9285500,yfinance
2026-08-03,31.75,32.13999939,31.20000076,31.88999939,10271300,yfinance
2026-08-04,31.48999977,32.43000031,31.44000053,32.36000061,13958700,yfinance
2026-08-05,32.59000015,32.65999985,31.71999931,31.81999969,12502300,yfinance
2026-08-06,32.29000092,32.86000061,31.96999931,32.50999832,12873300,yfinance
2026-08-07,32.18999863,32.49000168,31.77000046,31.88999939,8263200,yfinance
