date,open,high,low,close,volume,source
2019-01-02,18.5163486,19.44124112,18.22038328,19.42274284,1602200,yfinance
2019-01-03,19.24700555,19.5337234,18.59033296,19.03428078,1246300,yfinance
2019-01-04,19.42273776,19.66320997,19.08052685,19.36724472,2041900,yfinance
2019-01-07,19.55222084,20.38462524,19.27475388,19.98692131,2296100,yfinance
2019-01-08,20.2921386,20.66209518,19.94992765,20.21814728,1387600,yfinance
2019-01-09,20.48636424,21.01355258,20.32913248,20.69908905,1224000,yfinance
2019-01-10,20.44012335,20.88869499,20.36613203,20.80083084,1007700,yfinance
2019-01-11,20.60660826,21.03205802,20.50486951,21.00431061,679600,yfinance
2019-01-14,20.80082654,20.81007567,20.31063301,20.34762955,1200200,yfinance
2019-01-15,20.44011673,20.61584673,20.12565326,20.27363586,1721100,yfinance
2019-01-16,20.20889895,20.57885555,20.1534059,20.19964981,1185000,yfinance
2019-01-17,20.07016992,20.65747516,20.04242251,20.56036186,840100,yfinance
2019-01-18,20.73608665,21.51299637,20.47711616,21.47599983,2099500,yfinance
2019-01-22,20.94881283,21.36038968,20.82672706,21.06904984,2240500,yfinance
2019-01-23,21.18003921,21.42051149,20.50486807,20.74534035,1039900,yfinance
2019-01-24,20.7915826,21.19853579,20.70001915,20.94881439,745100,yfinance
2019-01-25,21.17078896,22.45639074,21.13379417,22.36390114,2219800,yfinance
2019-01-28,22.04018573,22.24828688,21.75346959,22.1696701,1828500,yfinance
2019-01-29,22.37314702,23.02057063,22.2714083,22.60437012,2079300,yfinance
2019-01-30,22.97432627,23.10381064,22.42863964,22.78009796,1604100,yfinance
2019-01-31,22.82634585,23.1778042,22.5257551,22.81709671,1637300,yfinance
2019-02-01,22.92808151,23.1778011,22.54425035,22.92808151,1231200,yfinance
2019-02-04,22.86334047,23.13156013,22.62286823,23.0298214,1009400,yfinance
2019-02-05,23.02981755,23.32578279,22.9743245,23.15930367,953300,yfinance
2019-02-06,23.07606423,23.44602081,23.01132029,23.26104164,1146600,yfinance
2019-02-07,23.02057146,23.25179456,22.51188134,23.04831886,1801500,yfinance
2019-02-08,22.88184013,22.92808581,22.15117597,22.53963089,1073400,yfinance
2019-02-11,22.5303792,22.73385489,22.39164393,22.59512138,1284400,yfinance
2019-02-12,22.90958409,23.13155804,22.75235232,22.78009796,1457100,yfinance
2019-02-13,23.00207047,23.59400093,23.00207047,23.39977264,2274500,yfinance
2019-02-14,23.28879175,23.76048711,23.21480043,23.45527267,1654300,yfinance
2019-02-15,23.68649484,24.19426057,23.67077149,24.14894104,1428200,yfinance
2019-02-19,24.00096061,24.95822418,23.21480164,23.9732132,2895800,yfinance
2019-02-20,24.68538211,25.14782837,24.38016764,24.57439423,2435700,yfinance
2019-02-21,24.64837879,25.09232665,24.5373927,25.01833534,1459000,yfinance
2019-02-22,25.04609012,25.24031847,24.66688431,24.73162651,1350500,yfinance
2019-02-25,24.8241122,25.11082835,24.72237347,25.02758789,1709700,yfinance
2019-02-26,24.92585056,24.98596729,24.5836396,24.65763092,1396600,yfinance
2019-02-27,24.65763132,24.83336137,24.44490649,24.64838219,973800,yfinance
2019-02-28,24.61138671,24.90735199,24.31542143,24.83336067,1331300,yfinance
2019-03-01,24.93509241,25.48077894,24.7871098,25.28655243,1068600,yfinance
2019-03-04,25.3975421,25.54552649,24.86110462,24.95359421,1085700,yfinance
2019-03-05,24.96284318,25.10157668,24.81486056,24.91659927,864700,yfinance
2019-03-06,24.80561294,24.98134298,24.26917543,24.33391762,973000,yfinance
2019-03-07,24.77755656,24.83419047,24.33392096,24.6265316,1670600,yfinance
2019-03-08,24.10737794,24.78226957,24.10737794,24.73035622,1119300,yfinance
2019-03-11,24.78699256,25.61762974,24.78699256,25.59875298,1513900,yfinance
2019-03-12,25.62706983,25.71202159,25.39109313,25.54211807,1379400,yfinance
2019-03-13,25.76864971,26.29723871,25.65538193,26.16509056,1656600,yfinance
2019-03-14,26.04238637,26.31611838,25.33445633,25.48548126,1734300,yfinance
2019-03-15,25.48548351,26.43882959,25.42884961,26.34443855,2031600,yfinance
2019-03-18,26.42938962,26.67480559,26.05182727,26.61817169,1505900,yfinance
2019-03-19,26.52378419,26.71256449,26.04239145,26.18397713,2120300,yfinance
2019-03-20,26.02350667,26.58041175,25.76865144,26.25948334,1631000,yfinance
2019-03-21,26.19341307,26.52378081,26.12733989,26.41995049,1205500,yfinance
2019-03-22,26.27836669,26.27836669,25.16455633,25.25894737,1126800,yfinance
2019-03-25,25.26838676,25.68370448,25.07016538,25.57987595,1198800,yfinance
2019-03-26,25.84417263,26.06599135,25.56100125,25.796978,859500,yfinance
2019-03-27,25.73089805,25.95743545,25.33445714,25.5326767,1057500,yfinance
2019-03-28,25.51380357,25.96687844,25.45716786,25.73090172,1026400,yfinance
2019-03-29,25.95744274,26.32556589,25.92912488,26.25005341,1581300,yfinance
2019-04-01,26.42938921,26.77863551,26.23116966,26.39163208,863900,yfinance
2019-04-02,26.42939085,26.52378189,26.11790167,26.26892662,501100,yfinance
2019-04-03,26.33499873,26.57097543,26.28308357,26.41995049,1215800,yfinance
2019-04-04,26.39163165,26.59929229,26.38219417,26.46714592,553700,yfinance
2019-04-05,26.6181765,26.67481041,26.46715153,26.67481041,804900,yfinance
2019-04-08,26.55210077,26.77864001,26.37275975,26.74088287,634400,yfinance
2019-04-09,26.57097863,26.57097863,26.16509838,26.278368,899100,yfinance
2019-04-10,26.39163681,26.58041892,26.16981991,26.43883324,633100,yfinance
2019-04-11,26.42938835,26.71255965,26.33499732,26.65592575,937100,yfinance
2019-04-12,26.90134444,26.90134444,26.00463224,26.17453575,1878200,yfinance
2019-04-15,26.17453361,26.43882815,25.6978615,25.74033737,1444600,yfinance
2019-04-16,25.99519328,26.20285212,25.82528977,25.88192368,1259200,yfinance
2019-04-17,26.09902613,26.25005109,25.35334059,25.38165665,1152900,yfinance
2019-04-18,25.48547883,25.68369836,25.26838074,25.56099129,1302600,yfinance
2019-04-22,25.86304528,26.0801434,25.53267755,25.78753281,1219200,yfinance
2019-04-23,25.78753713,26.38691825,25.75922108,26.24061203,1073200,yfinance
2019-04-24,26.3916297,26.75975452,26.23116729,26.25948334,1470000,yfinance
2019-04-25,25.69314209,26.34443828,25.69314209,26.22173119,1544000,yfinance
2019-04-26,26.20285146,26.49546205,25.92911764,26.47658348,2633300,yfinance
2019-04-29,29.26110654,31.30938227,29.26110654,30.72416115,9869800,yfinance
2019-04-30,30.63921839,32.70637689,30.25221669,31.85685921,7293300,yfinance
2019-05-01,31.97012085,32.95178474,31.8851691,32.66861343,4704000,yfinance
2019-05-02,32.05507124,34.13166673,32.0173141,33.00841904,4847200,yfinance
2019-05-03,33.16887671,33.44261049,32.54589851,32.75355911,2637600,yfinance
2019-05-06,31.69638939,32.76300139,30.81855585,32.18721771,2183700,yfinance
2019-05-07,31.63031091,32.20609456,31.34713963,32.08338928,1875300,yfinance
2019-05-08,31.98900397,32.08339681,31.32826842,31.45097733,1438000,yfinance
2019-05-09,31.18667324,31.9229192,30.72415745,31.55479622,2166400,yfinance
2019-05-10,31.3282664,32.38544464,31.1489254,32.38544464,1306200,yfinance
2019-05-13,31.5831201,31.95124317,31.42265768,31.88516998,1666500,yfinance
2019-05-14,31.97012198,32.64029854,31.97012198,32.52702713,1693700,yfinance
2019-05-15,32.16835837,33.59365662,31.83326815,33.28216553,2176400,yfinance
2019-05-16,33.20664398,33.45205818,32.91403155,33.09337616,1766300,yfinance
2019-05-17,32.78189087,33.7257979,32.64502392,32.78189087,2737600,yfinance
2019-05-20,32.36656522,33.35766665,32.2627349,33.17832565,2102400,yfinance
2019-05-21,33.26327102,34.08446878,33.22551389,33.87680817,1724500,yfinance
2019-05-22,33.61252682,34.18831063,33.45300776,33.66915894,1741500,yfinance
2019-05-23,33.31047541,33.3199129,32.46095776,32.94235229,1589600,yfinance
2019-05-24,33.38598088,33.56532547,33.21607738,33.29159164,1278300,yfinance
2019-05-28,33.30101814,33.59363043,33.14055577,33.3198967,915800,yfinance
2019-05-29,33.16887311,33.26326592,32.81018764,32.98009109,1451600,yfinance
2019-05-30,33.00843007,33.25384431,32.69221847,32.77245331,1268000,yfinance
2019-05-31,32.21554676,32.64030563,31.69639864,32.06452179,1659700,yfinance
2019-06-03,32.05507504,32.83851944,31.76246623,31.86629295,2627200,yfinance
2019-06-04,32.40432099,32.55534593,32.02675685,32.27217102,1209000,yfinance
2019-06-05,32.3571241,32.58366331,31.61144046,31.71526718,1733600,yfinance
2019-06-06,32.09888763,32.42975206,31.66732135,32.41536713,1541400,yfinance
2019-06-07,32.60716866,32.68389316,32.04133823,32.25232697,1039400,yfinance
2019-06-10,32.38659098,32.90447042,32.27150788,32.6455307,822300,yfinance
2019-06-11,32.93323916,33.15381661,32.33863889,32.36740875,1238800,yfinance
2019-06-12,32.28110648,32.44414427,31.60978149,31.73445702,1105000,yfinance
2019-06-13,31.78240663,32.13724841,31.78240663,32.10847855,821900,yfinance
2019-06-14,32.19478282,32.19478282,31.52345805,32.05092621,789600,yfinance
2019-06-17,32.06052481,32.37221176,31.93584929,32.21397018,922600,yfinance
2019-06-18,32.43454713,33.2593174,32.23315076,33.17300415,1159900,yfinance
2019-06-19,33.32644927,33.54702677,33.1154605,33.39358139,762300,yfinance
2019-06-20,33.56620681,33.94982207,33.21136508,33.46071243,1491100,yfinance
2019-06-21,33.36480378,33.36480378,32.60716581,32.70306778,1622100,yfinance
2019-06-24,32.74143072,32.95241944,32.32904567,32.38658905,750500,yfinance
2019-06-25,32.34821955,32.80855547,32.15641199,32.46330261,742900,yfinance
2019-06-26,32.48249592,32.83734131,32.10847307,32.31946182,727200,yfinance
2019-06-27,32.39617805,32.70306874,32.35302326,32.5112648,1081500,yfinance
2019-06-28,32.62634866,33.29767342,32.52085429,33.18258667,1481600,yfinance
2019-07-01,33.61415279,33.93639058,33.10586576,33.40316772,681100,yfinance
2019-07-02,33.35521605,33.53743493,32.60717037,33.07709885,993100,yfinance
2019-07-03,33.14422808,33.50865849,32.81815626,33.18258667,593300,yfinance
2019-07-05,32.88529123,33.37919337,32.78938559,33.07709885,2283100,yfinance
2019-07-08,33.03873198,33.5662001,32.40576949,32.70306778,965200,yfinance
2019-07-09,32.37700239,32.71266666,31.63854906,31.69608879,1793600,yfinance
2019-07-10,31.68649781,32.01064898,31.10148624,31.70567894,1624300,yfinance
2019-07-11,31.63854899,31.89460955,30.554839,30.96722412,3126100,yfinance
2019-07-12,31.02476449,32.04134237,30.97681349,31.89748573,790900,yfinance
2019-07-15,31.82076871,32.05093496,31.12067388,31.16862488,981600,yfinance
2019-07-16,31.05353768,32.16601754,31.05353768,31.99339104,1347400,yfinance
2019-07-17,31.99339021,32.18519783,31.56182397,31.5810051,1634400,yfinance
2019-07-18,31.50428499,31.72006997,31.360432,31.43715286,656800,yfinance
2019-07-19,31.57141385,32.17560661,31.45633073,32.15642548,1115400,yfinance
2019-07-22,32.07970047,32.49208554,32.03174948,32.07970047,795000,yfinance
2019-07-23,32.28108745,32.50166485,31.97419683,32.46330261,729500,yfinance
2019-07-24,32.28109966,32.78938675,32.22355627,32.61676025,756600,yfinance
2019-07-25,32.6071684,32.65511938,31.83034924,32.12765121,907400,yfinance
2019-07-26,32.13723773,32.31945659,31.47550538,31.74403381,1161400,yfinance
2019-07-29,31.74403971,31.99339072,30.91927313,30.96722412,1293000,yfinance
2019-07-30,30.76582911,31.86871661,30.68910459,31.83994675,1658500,yfinance
2019-07-31,31.71527341,32.22356057,31.45633363,31.61937141,2816100,yfinance
2019-08-01,29.96982741,31.46592251,29.20260056,29.93146515,4026300,yfinance
2019-08-02,29.69170761,30.535659,29.5286735,29.77802086,2714800,yfinance
2019-08-05,28.83816446,29.18341743,28.57922473,28.94365883,4331700,yfinance
2019-08-06,29.2505518,29.79720116,29.08751586,29.62457466,1379000,yfinance
2019-08-07,29.11628468,29.58621132,28.7278751,29.43276596,1517500,yfinance
2019-08-08,29.94105923,30.28631226,29.44236263,29.68212128,1339300,yfinance
2019-08-09,29.68211747,29.75404395,28.99161148,29.16423798,942900,yfinance
2019-08-12,28.91488821,29.2601412,28.78062398,28.96284103,815000,yfinance
2019-08-13,28.75185181,29.68211637,28.655948,29.31768227,1505000,yfinance
2019-08-14,28.73267504,28.95325438,28.08053306,28.18602562,1727200,yfinance
2019-08-15,28.28192163,28.46413866,28.02298192,28.23397064,1107200,yfinance
2019-08-16,28.34906126,28.84775967,28.17643474,28.75185585,1195300,yfinance
2019-08-19,29.20260132,29.38481656,28.7134935,29.01079369,1265800,yfinance
2019-08-20,28.90529764,29.10669583,28.30110675,28.5312748,686800,yfinance
2019-08-21,28.9148893,28.9148893,28.17643231,28.37783051,867700,yfinance
2019-08-22,28.52168381,28.67512917,28.22438365,28.2819252,449100,yfinance
2019-08-23,28.01339297,28.1284779,26.93927551,27.07353973,1473200,yfinance
2019-08-26,27.34207043,27.52428748,26.78583057,27.06394958,1084200,yfinance
2019-08-27,27.25575894,27.4092043,26.51730198,26.59402466,858000,yfinance
2019-08-28,26.64197896,27.2173982,26.48853359,26.86255646,1493100,yfinance
2019-08-29,27.17903454,27.49551581,27.04477031,27.32288933,721200,yfinance
2019-08-30,27.53387774,27.67773437,27.27493983,27.50510788,830500,yfinance
2019-09-03,27.13108526,27.31330049,26.31590562,26.33508492,1171100,yfinance
2019-09-04,26.49811963,26.58922907,25.25137564,25.67335129,3811000,yfinance
2019-09-05,26.47564737,27.9628239,26.44140333,27.6497345,2558300,yfinance
2019-09-06,27.48340136,28.00195677,26.96484594,27.55188942,1343500,yfinance
2019-09-09,27.80627569,28.3835349,27.62527125,28.14871788,1693200,yfinance
2019-09-10,28.21720783,29.76797927,28.01174176,29.71416855,1973400,yfinance
2019-09-11,29.74352086,29.83157749,29.09777351,29.56740761,1663100,yfinance
2019-09-12,29.34237365,30.33056319,29.02928426,30.0761776,1434400,yfinance
2019-09-13,30.27185696,30.80019479,30.27185696,30.55559349,1281800,yfinance
2019-09-16,30.55559272,31.42637272,30.42840087,31.16220474,2385300,yfinance
2019-09-17,30.87846572,31.02522612,30.1789059,30.38926315,1184500,yfinance
2019-09-18,30.29142843,30.30121271,29.75330624,30.0859642,1016000,yfinance
2019-09-19,30.06639037,30.0957432,29.34237077,29.38150787,1087700,yfinance
2019-09-20,29.4010753,29.42064385,28.80033606,28.86295319,1424500,yfinance
2019-09-23,28.63792351,28.86295628,28.25634418,28.66727448,1317200,yfinance
2019-09-24,28.65749,28.7651133,27.96282132,28.30526352,983600,yfinance
2019-09-25,28.16828796,28.73576292,27.7475734,28.67705727,597700,yfinance
2019-09-26,28.53029526,28.75532801,28.19763735,28.54986382,1192300,yfinance
2019-09-27,28.64770675,28.90209235,27.96282232,28.06066322,935000,yfinance
2019-09-30,28.10958173,28.10958173,27.51275581,27.67908478,1756300,yfinance
2019-10-01,27.81605905,27.96281945,26.14298525,26.47564316,1882800,yfinance
2019-10-02,26.1821211,26.64197083,25.91795127,26.53434753,1861300,yfinance
2019-10-03,26.30931214,27.42469521,26.30931214,27.22901344,1514600,yfinance
2019-10-04,27.21923397,27.63016426,27.02355404,27.6105957,972200,yfinance
2019-10-07,27.42470158,27.45405255,26.97463417,26.97463417,1024900,yfinance
2019-10-08,26.60284055,26.73981669,26.13320459,26.42672729,2736800,yfinance
2019-10-09,26.70068142,26.86700853,26.44629582,26.73981667,604300,yfinance
2019-10-10,26.79851761,27.60080957,26.56370059,27.52253723,1474100,yfinance
2019-10-11,27.82584151,29.29344915,27.81116416,28.93143845,2271800,yfinance
2019-10-14,28.63791963,28.8923052,28.35418124,28.44223785,826000,yfinance
2019-10-15,28.45202592,29.10755754,28.29548122,28.75533104,1417400,yfinance
2019-10-16,28.76511403,29.21518142,28.64770645,28.81403542,831600,yfinance
2019-10-17,29.03906547,29.25431393,28.44223772,29.01949692,1189500,yfinance
2019-10-18,28.99014608,30.43818723,28.88252277,30.18380165,2546200,yfinance
2019-10-21,30.33056148,31.04479683,30.23272058,30.43818665,2451900,yfinance
2019-10-22,30.57516843,31.7394695,29.97834054,31.28940392,4127700,yfinance
2019-10-23,31.19155303,32.02319772,30.49199512,31.85687065,3299000,yfinance
2019-10-24,31.85687138,32.0819041,31.2502594,31.56334686,1517200,yfinance
2019-10-25,31.61227886,32.22867156,31.4068109,32.08191299,3739200,yfinance
2019-10-28,32.28737672,32.57111516,31.62206078,31.62206078,2321800,yfinance
2019-10-29,31.19155504,32.59067656,30.18379894,32.30693817,4255100,yfinance
2019-10-30,32.10147603,32.23845216,30.63386636,31.41659164,2745900,yfinance
2019-10-31,30.46753715,31.16709701,30.41861763,31.14263725,1643700,yfinance
2019-11-01,31.42636692,32.14060211,31.19154995,32.14060211,1306400,yfinance
2019-11-04,32.48306122,32.9380199,32.34608506,32.71787643,2329600,yfinance
2019-11-05,32.81571254,33.07009626,31.89600923,31.93514633,1165900,yfinance
2019-11-06,31.77859969,32.25801987,31.63184116,32.02320099,691600,yfinance
2019-11-07,32.35586307,32.94290476,32.31672596,32.52219391,1027700,yfinance
2019-11-08,32.49283109,33.02606379,32.11125372,33.00160217,893700,yfinance
2019-11-11,32.66894991,33.14837012,32.55154233,33.08966446,841200,yfinance
2019-11-12,33.05052134,33.27555405,32.85484331,32.90376282,849800,yfinance
2019-11-13,32.54175313,32.75700345,32.15039331,32.65916443,666300,yfinance
2019-11-14,32.56132101,32.66894617,32.16996121,32.28736877,876400,yfinance
2019-11-15,32.49282783,33.04073595,32.43412592,32.9233284,833500,yfinance
2019-11-18,32.85484981,33.06031402,32.47326863,33.0113945,806800,yfinance
2019-11-19,33.11901255,33.47123899,32.79614079,32.93311691,2363500,yfinance
2019-11-20,32.83528603,33.34405728,32.62003565,32.85485458,766700,yfinance
2019-11-21,32.86463643,32.86463643,32.34608278,32.48305893,976700,yfinance
2019-11-22,32.59067661,32.98203642,32.43413193,32.93311691,573200,yfinance
2019-11-25,32.94290569,33.40275739,32.6689534,33.21686172,1081100,yfinance
2019-11-26,33.18750466,33.26577887,32.6396001,33.20707321,963400,yfinance
2019-11-27,33.22664165,33.49081152,32.85485034,33.38318634,815600,yfinance
2019-11-29,33.34405591,33.55930255,33.1190194,33.13858795,383700,yfinance
2019-12-02,33.27555989,33.51037879,32.81571198,32.81571198,952000,yfinance
2019-12-03,32.37543094,32.67873792,32.16996673,32.55154419,642300,yfinance
2019-12-04,32.71786635,33.12879845,32.59067637,32.65916443,890200,yfinance
2019-12-05,33.31533139,33.65335641,33.13638054,33.32527542,672800,yfinance
2019-12-06,33.58375967,33.93172868,33.5638754,33.89196014,530700,yfinance
2019-12-09,33.78259667,33.89195825,33.59370182,33.65335083,618100,yfinance
2019-12-10,32.85800895,33.57382762,32.85800895,33.2457428,1121400,yfinance
2019-12-11,33.65335112,34.22003947,33.55393358,34.09079742,699300,yfinance
2019-12-12,34.04109503,34.86627143,33.98144222,34.81656265,1253200,yfinance
2019-12-13,34.72708113,35.68150328,34.72708113,35.33353806,2092700,yfinance
2019-12-16,35.62184913,35.97975454,35.30370466,35.9698143,1340300,yfinance
2019-12-17,36.00958173,36.15870803,35.5224267,35.87039566,1779500,yfinance
2019-12-18,35.99964469,36.44703127,35.62185495,35.94993591,1757500,yfinance
2019-12-19,36.27801514,36.62598032,35.9996392,36.27801514,816000,yfinance
2019-12-20,36.3376734,36.82482857,36.12889424,36.42715073,1967500,yfinance
2019-12-23,36.51662989,36.83477067,36.1388363,36.66576004,749600,yfinance
2019-12-24,36.78506078,37.02366825,36.49674453,36.56633759,268500,yfinance
2019-12-26,36.6657547,36.94412689,36.49674031,36.73534775,494400,yfinance
2019-12-27,36.78505653,36.91430238,36.70551945,36.73534775,714300,yfinance
2019-12-30,36.75522615,36.77511042,36.19847807,36.27801514,1058400,yfinance
2019-12-31,36.24819955,36.745295,36.04936061,36.46692276,1035500,yfinance
2020-01-02,36.66576004,36.81488639,36.19848912,36.66576004,917100,yfinance
2020-01-03,36.29790422,36.625989,36.07918482,36.50668716,694500,yfinance
2020-01-06,36.28796376,36.38738132,35.90022996,36.06924057,807300,yfinance
2020-01-07,35.95987832,36.18854554,35.69641838,35.80080795,839500,yfinance
2020-01-08,35.86046485,36.31779174,35.47273101,35.54232407,1131700,yfinance
2020-01-09,35.76104781,35.85052514,35.38822622,35.59203339,648800,yfinance
2020-01-10,35.52242845,35.67155855,34.66742396,34.93585587,985700,yfinance
2020-01-13,35.08498928,35.34347718,34.92591892,35.2341156,508800,yfinance
2020-01-14,35.14465115,35.31863762,34.57597528,34.72709274,911100,yfinance
2020-01-15,34.65748888,34.93586107,34.0659442,34.29957962,2567000,yfinance
2020-01-16,34.5381831,35.05515888,34.5381831,34.90603256,762400,yfinance
2020-01-17,34.99551165,35.51745947,34.76684826,35.27388382,578900,yfinance
2020-01-21,34.89609011,35.25399935,34.34928601,34.35923004,1096400,yfinance
2020-01-22,34.58789584,34.77679071,34.26975511,34.29957962,443600,yfinance
2020-01-23,33.97148911,34.85632188,33.7328855,34.66742325,884200,yfinance
2020-01-24,34.69724459,34.69724459,34.07090361,34.45863724,773800,yfinance
2020-01-27,33.86213503,35.13469786,33.73288919,34.31946182,1406200,yfinance
2020-01-28,34.49841741,35.56220114,34.39899607,35.37330627,1319400,yfinance
2020-01-29,35.54232024,36.12889295,35.26394803,35.89028549,906400,yfinance
2020-01-30,35.59203096,36.31778981,35.39319203,35.99964905,740500,yfinance
2020-01-31,35.68151002,35.88034896,34.8911301,35.10488129,936000,yfinance
2020-02-03,35.36336734,36.21837206,35.18441269,35.56220627,583700,yfinance
2020-02-04,36.2978941,37.00377225,36.09408702,36.34760666,1085500,yfinance
2020-02-05,36.86459139,36.86459139,36.25813448,36.53650665,842200,yfinance
2020-02-06,36.57628724,36.86460354,36.08913199,36.80495071,1152000,yfinance
2020-02-07,36.99382878,37.40144675,36.41720024,36.87452698,2812100,yfinance
2020-02-10,36.7452878,37.36168877,36.64587025,37.3418045,1764600,yfinance
2020-02-11,37.5804086,37.98802664,37.32192068,37.52075958,1272000,yfinance
2020-02-12,37.77925096,38.65413994,37.73948242,38.2564621,1770800,yfinance
2020-02-13,38.05761834,38.34593455,37.24238227,37.33185959,1065200,yfinance
2020-02-14,37.43128691,37.49093594,36.52657339,36.61605072,2220300,yfinance
2020-02-18,36.25813562,37.69970908,35.9399949,37.33185959,3619600,yfinance
2020-02-19,37.48099168,37.98802729,36.99383655,37.44122314,1948400,yfinance
2020-02-20,37.23244266,38.46523701,37.15290558,38.42547226,1834100,yfinance
2020-02-21,38.15704442,38.73367312,38.05762307,38.38570786,2869900,yfinance
2020-02-24,37.06342125,37.20260732,36.34760666,36.34760666,2042300,yfinance
2020-02-25,36.61605024,36.67569927,35.19435705,35.52243805,3193200,yfinance
2020-02-26,35.86046485,36.08415628,35.24406756,35.54232407,2791500,yfinance
2020-02-27,34.39899579,35.40313049,33.39486488,33.41474915,3235300,yfinance
2020-02-28,32.7287599,33.39486972,30.86962413,32.59951782,9109500,yfinance
2020-03-02,32.86794682,34.54812779,32.39073573,32.60945511,38314900,yfinance
2020-03-03,32.41061562,32.70887586,30.49182914,31.51584625,18033500,yfinance
2020-03-04,31.63514944,31.81410408,29.61694342,30.77020454,25202700,yfinance
2020-03-05,29.73624448,29.96490789,26.62442834,26.67413712,15758700,yfinance
2020-03-06,25.20273687,28.62275372,24.53662897,27.62856293,17039700,yfinance
2020-03-09,25.40156799,26.00802484,22.73713889,23.19446564,11306200,yfinance
2020-03-10,24.1091274,24.36761724,21.73301194,23.72139359,10318500,yfinance
2020-03-11,23.04533994,23.99976207,22.32952144,23.35353851,10683700,yfinance
2020-03-12,20.84818059,22.69737611,19.7744546,21.21603203,10578900,yfinance
2020-03-13,22.30964201,23.42313464,20.08762497,22.86638832,8556200,yfinance
2020-03-16,20.22183554,21.9119602,19.57561207,21.12654877,6441600,yfinance
2020-03-17,21.37509887,22.47865109,20.62945588,21.4148674,7718300,yfinance
2020-03-18,19.71479804,20.29142847,16.91118107,19.10834122,8292600,yfinance
2020-03-19,18.80015028,22.2201676,18.71067295,19.89376068,5737500,yfinance
2020-03-20,20.10253741,21.26574073,19.25747674,19.49608231,5900000,yfinance
2020-03-23,19.37677662,20.09259324,18.17380677,19.38671875,6477500,yfinance
2020-03-24,20.47038522,22.43888221,19.67503347,22.27981186,4696900,yfinance
2020-03-25,22.56812774,25.08342879,21.39498251,23.14475822,5175600,yfinance
2020-03-26,22.45876792,23.9898206,22.39911701,23.27400398,5518500,yfinance
2020-03-27,22.24998936,22.92603941,21.56399907,22.49853706,4304400,yfinance
2020-03-30,22.60789898,23.79098659,22.05115266,23.61203194,3760200,yfinance
2020-03-31,23.39331058,24.9939565,23.39331058,24.65593147,6458500,yfinance
2020-04-01,23.80092456,24.95418555,23.46289959,23.65179634,7902900,yfinance
2020-04-02,23.3933059,24.54656686,22.45876619,22.90615273,6383200,yfinance
2020-04-03,22.91609409,23.7512144,22.43888302,23.35353851,3826800,yfinance
2020-04-06,24.50680098,25.88872738,24.40738153,25.28227043,5045100,yfinance
2020-04-07,26.3062879,26.6641972,24.49189081,24.67581558,4253100,yfinance
2020-04-08,24.75534931,25.69983128,24.28310832,25.55070305,3268900,yfinance
2020-04-09,25.99808695,27.35018693,25.71971476,26.34605408,3299800,yfinance
2020-04-13,26.32617018,26.7834989,25.48110767,26.06768036,3164100,yfinance
2020-04-14,26.72384794,27.30047853,25.94838032,26.19692802,2551400,yfinance
2020-04-15,25.37174588,25.42145466,24.00970386,24.21848488,2597100,yfinance
2020-04-16,24.04947424,24.63604692,23.07516588,24.45709229,3761900,yfinance
2020-04-17,25.26238998,26.83321148,25.16297051,26.65425682,3811400,yfinance
2020-04-20,26.09750412,26.9644381,25.4811051,26.27645874,4002900,yfinance
2020-04-21,25.55070321,26.38582359,25.45128375,26.22675133,3174100,yfinance
2020-04-22,26.65425579,26.94257204,25.79925296,26.66419792,2641900,yfinance
2020-04-23,26.84315195,27.92682009,26.67413944,27.20106125,2991100,yfinance
2020-04-24,27.46948756,27.9367584,27.08175381,27.65838432,3126100,yfinance
2020-04-27,27.91687501,29.25903284,27.69815373,28.60286713,3505500,yfinance
2020-04-28,29.21926406,29.82572099,28.56309835,29.09996223,2800800,yfinance
2020-04-29,29.82572105,30.30293213,29.54237685,30.14386177,2132600,yfinance
2020-04-30,29.73624428,29.77601282,28.70228691,28.91106606,2507200,yfinance
2020-05-01,28.48356481,28.58795438,27.44960741,27.96658516,1507800,yfinance
2020-05-04,27.58878821,27.59873034,26.62442404,27.21099663,1763500,yfinance
2020-05-05,27.35019045,28.21513543,27.35019045,27.42972565,2074000,yfinance
2020-05-06,27.57885165,27.62856233,26.93262803,27.12152481,1515600,yfinance
2020-05-07,27.57885028,28.10080003,27.41977992,27.51919937,1705700,yfinance
2020-05-08,28.04611951,29.02440434,27.78763159,29.00054359,1869500,yfinance
2020-05-11,28.72216637,29.15961077,27.98646554,28.92100525,2878100,yfinance
2020-05-12,27.35018675,29.22920659,27.24082516,27.30047607,5602100,yfinance
2020-05-13,26.87298076,26.90280527,25.22063483,25.76942825,4952200,yfinance
2020-05-14,25.27233108,26.98233864,24.66587407,26.55483627,3223900,yfinance
2020-05-15,26.2864,26.7238425,26.06767685,26.26651573,3029200,yfinance
2020-05-18,27.15134734,28.79176161,27.15134734,28.5332737,2445800,yfinance
2020-05-19,28.35431894,28.95083373,27.9168745,28.3145504,4322000,yfinance
2020-05-20,28.7022874,29.4876971,28.51836075,28.85141563,2766600,yfinance
2020-05-21,28.78181851,29.23914528,28.4835602,29.23914528,2218200,yfinance
2020-05-22,29.28886223,29.28886223,28.26484685,28.37420845,2312000,yfinance
2020-05-26,29.32862407,30.67078182,29.11984494,30.2333374,3931800,yfinance
2020-05-27,30.82985263,31.50590258,29.72630039,29.82571983,3437200,yfinance
2020-05-28,27.83734184,29.19938404,27.76774879,28.58298492,6700100,yfinance
2020-05-29,28.39408595,28.51338967,27.58879201,28.03617859,5718600,yfinance
2020-06-01,28.02624321,28.71720562,27.55400214,28.59293175,2916700,yfinance
2020-06-02,28.87129842,29.179497,28.42391185,28.68240166,2427800,yfinance
2020-06-03,29.1596123,30.68072471,28.95083317,30.61113167,3020200,yfinance
2020-06-04,30.45206316,31.09828869,30.25322614,30.50177383,3246100,yfinance
2020-06-05,31.89363692,33.77265659,31.81409985,33.04689789,6281700,yfinance
2020-06-08,34.64753392,34.89608152,33.22584134,34.82648849,6190800,yfinance
2020-06-09,34.11069564,34.28965033,32.81824427,32.89778137,3333300,yfinance
2020-06-10,32.73871454,33.0817117,32.37086488,32.58958435,3277800,yfinance
2020-06-11,31.07840286,31.34683482,30.48188804,30.57136536,5547600,yfinance
2020-06-12,31.78427638,31.97317315,30.34270099,31.03863335,3081900,yfinance
2020-06-15,29.86549148,31.03863499,29.41810488,30.83979797,4265500,yfinance
2020-06-16,32.45038595,32.87788828,30.93921743,31.18776512,4575600,yfinance
2020-06-17,30.32281793,30.78014476,29.3087429,29.37833595,11689000,yfinance
2020-06-18,29.2391522,30.08421478,29.14967487,29.20932579,5166200,yfinance
2020-06-19,29.6567084,29.67659267,28.62275107,28.64263344,6945900,yfinance
2020-06-22,28.44379732,29.27891768,28.26484268,29.00054359,4126000,yfinance
2020-06-23,29.33856725,29.46781121,28.69234369,28.81164551,4871200,yfinance
2020-06-24,28.52332778,28.52332778,26.56477116,27.34024048,10711200,yfinance
2020-06-25,27.20106237,27.51920314,26.65425626,27.40984154,6608200,yfinance
2020-06-26,27.3501896,27.60867944,26.92268725,27.07181549,9657300,yfinance
2020-06-29,27.33030012,28.135594,27.11157886,27.94669914,3721700,yfinance
2020-06-30,27.74786491,28.20519366,27.38995562,27.95664597,3384400,yfinance
2020-07-01,28.01629563,28.4835646,27.74786367,27.87710953,3287100,yfinance
2020-07-02,28.44380025,29.05025536,28.1853104,28.2946701,3861400,yfinance
2020-07-06,28.75200043,29.2292116,28.44877191,29.13973427,2797600,yfinance
2020-07-07,28.94089084,28.97071535,27.90693164,27.93675804,2380700,yfinance
2020-07-08,27.91687742,28.24496031,27.55896813,27.95664597,2630400,yfinance
2020-07-09,27.83733863,27.94670021,27.00221832,27.69815254,2904900,yfinance
2020-07-10,27.65838699,28.24495969,27.61862034,28.14554024,3594500,yfinance
2020-07-13,28.38414318,29.13972833,28.23501496,28.46367836,3655000,yfinance
2020-07-14,28.51339332,29.58711935,28.26484562,29.55729294,3045400,yfinance
2020-07-15,29.99473406,30.86962105,29.99473406,30.78014374,3462000,yfinance
2020-07-16,30.71055299,31.13805533,30.27311041,30.50177383,2676800,yfinance
2020-07-17,30.63101709,30.95909997,30.23334116,30.47194672,2905600,yfinance
2020-07-20,30.43217767,31.19770306,30.23333877,31.11816788,3138600,yfinance
2020-07-21,31.3170087,31.81410407,31.21758924,31.46613693,3143700,yfinance
2020-07-22,31.53573459,31.96323888,31.32695541,31.71468925,2453500,yfinance
2020-07-23,31.61526341,31.92346389,31.22752964,31.44625092,2109800,yfinance
2020-07-24,31.49596471,31.6053263,31.09828877,31.41642952,2427600,yfinance
2020-07-27,31.59538236,31.76936498,31.23747309,31.635149,1862200,yfinance
2020-07-28,31.68485873,31.78427628,30.99886661,31.1678791,3074800,yfinance
2020-07-29,31.44625138,31.97317314,31.21758797,31.97317314,1957800,yfinance
2020-07-30,31.486018,31.72462353,31.05851572,31.62520409,1930000,yfinance
2020-07-31,31.47607765,31.89363972,30.82985407,31.4064846,2658200,yfinance
2020-08-03,31.6550408,32.47027709,31.46614398,32.44045258,2969600,yfinance
2020-08-04,32.74863571,33.31532403,31.90357525,32.46032333,5173500,yfinance
2020-08-05,32.74864231,33.40480806,32.59454396,32.70887756,2362900,yfinance
2020-08-06,32.6492293,32.99222637,32.35097279,32.84806824,1847800,yfinance
2020-08-07,32.74863808,33.72294444,32.56968346,33.70306396,2916200,yfinance
2020-08-10,33.76270507,34.83643252,33.61357879,34.82648849,3477500,yfinance
2020-08-11,35.15458839,36.03245832,35.15458839,35.65168381,3626000,yfinance
2020-08-12,35.86046023,35.97976206,35.17446997,35.40313339,1977300,yfinance
2020-08-13,35.16453284,35.25401018,34.84142003,34.91598511,1710000,yfinance
2020-08-14,34.64754705,35.39319013,34.31946607,35.19435501,1572700,yfinance
2020-08-17,35.24406968,35.33354702,34.4785422,34.60778809,1595500,yfinance
2020-08-18,34.52824204,34.80661422,34.39899619,34.41888046,1917900,yfinance
2020-08-19,34.47853579,34.77679226,34.10074224,34.2299881,1363000,yfinance
2020-08-20,33.80248417,34.49841842,33.63347357,34.42882538,1647600,yfinance
2020-08-21,34.39900402,34.71714481,34.22999339,34.50836563,1364700,yfinance
2020-08-24,34.73702027,35.24405963,34.50835687,35.2341156,1304500,yfinance
2020-08-25,35.35342286,35.43295614,34.73702189,35.03528214,1303300,yfinance
2020-08-26,34.96568975,35.18441295,34.68731753,34.95574951,1202800,yfinance
2020-08-27,35.18441284,35.29874645,34.87621611,35.08499527,1421600,yfinance
2020-08-28,35.18440804,35.63179461,35.00048519,35.55225754,2421100,yfinance
2020-08-31,35.63177509,35.63177509,34.85630798,34.85630798,1779900,yfinance
2020-09-01,34.71714197,36.01953332,34.3990012,35.99964905,1895400,yfinance
2020-09-02,36.04935586,36.1438052,35.47272719,35.89028549,2314700,yfinance
2020-09-03,35.89028073,36.12888815,34.82649704,35.18440628,2030600,yfinance
2020-09-04,35.68151002,35.98971056,34.98557565,35.10488129,2199100,yfinance
2020-09-08,34.86626537,34.9060339,33.85219046,34.2697525,3055700,yfinance
2020-09-09,34.65749278,35.46278492,34.45865385,35.21423721,2028000,yfinance
2020-09-10,35.21422214,35.55423811,34.75689547,34.82648849,2172200,yfinance
2020-09-11,35.02534902,35.89526616,34.82651006,35.77099228,2233100,yfinance
2020-09-14,35.80080828,36.17860184,35.6119134,36.10900879,1947400,yfinance
2020-09-15,36.15871845,36.38738188,35.78092868,36.1189537,1992800,yfinance
2020-09-16,36.34760847,37.17278467,36.24818714,36.71545792,2970600,yfinance
2020-09-17,36.28795924,37.41139575,35.89028146,36.97394943,3151600,yfinance
2020-09-18,36.84471323,37.12308544,35.61191494,35.69145203,8420100,yfinance
2020-09-21,34.93584815,35.23410449,33.82235602,34.45863724,2536000,yfinance
2020-09-22,34.32940683,35.00048865,34.27969805,34.89609528,2757000,yfinance
2020-09-23,35.02532733,35.5790906,34.80660423,34.82648849,2097200,yfinance
2020-09-24,34.98557324,35.76104465,34.00132647,35.16452789,2025200,yfinance
2020-09-25,34.8364469,35.40810737,34.63760798,35.16452789,1787200,yfinance
2020-09-28,35.8206919,36.55639473,35.67156556,35.84057617,2406100,yfinance
2020-09-29,35.96982159,36.33767111,35.46278219,35.66162109,1470000,yfinance
2020-09-30,35.70138512,36.21339268,35.00545093,35.39318466,2069400,yfinance
2020-10-01,35.68150207,35.88034096,34.92591883,35.36336136,1420800,yfinance
2020-10-02,34.78672785,36.36749092,34.65748202,35.87039566,1920700,yfinance
2020-10-05,36.3774388,36.89441843,36.23825271,36.69557953,2247500,yfinance
2020-10-06,36.79500283,37.21256497,36.1686653,36.23825836,2281000,yfinance
2020-10-07,36.70552086,36.93418807,36.22830975,36.44703293,4214800,yfinance
2020-10-08,36.68564805,37.09326619,36.27802991,37.0137291,2165800,yfinance
2020-10-09,37.36169713,37.56053229,36.88448215,36.91431046,1914900,yfinance
2020-10-12,37.08331276,37.19267435,36.69060698,36.99383545,2034800,yfinance
2020-10-13,36.87453859,37.4213428,36.84471408,37.3119812,2597600,yfinance
2020-10-14,37.3517434,37.87866325,37.08331147,37.15290451,2631900,yfinance
2020-10-15,36.34760548,36.93417802,36.09905786,36.85464096,2636400,yfinance
2020-10-16,37.2423917,37.75937144,36.98887574,37.00378799,1611800,yfinance
2020-10-19,36.94413073,37.24238722,36.30784921,36.38738251,2084100,yfinance
2020-10-20,36.72540611,37.57444513,36.72043789,37.02366638,1932800,yfinance
2020-10-21,37.06342904,37.68977026,37.02863252,37.04354477,1648900,yfinance
2020-10-22,36.95406492,37.82398175,36.85464737,37.70965195,1392500,yfinance
2020-10-23,37.95821019,38.15704914,37.24239151,38.04768753,1827400,yfinance
2020-10-26,37.53069201,37.53069201,35.81571488,36.34760666,2390300,yfinance
2020-10-27,36.28796332,36.58621979,35.73121512,35.89028549,1882000,yfinance
2020-10-28,35.14463993,35.69144785,34.94580482,35.03528214,1918000,yfinance
2020-10-29,34.8563288,35.25400283,34.4884755,34.87621307,1865300,yfinance
2020-10-30,34.74696262,35.07504354,34.17033024,34.73701859,2369300,yfinance
2020-11-02,35.35343387,35.92012245,35.15459491,35.77099228,2145500,yfinance
2020-11-03,36.10900712,38.76349834,35.83063492,38.5248909,3722000,yfinance
2020-11-04,38.4652476,38.4950759,36.78506621,37.84885025,3710900,yfinance
2020-11-05,38.34593259,39.97640463,37.93831458,39.56878662,2432600,yfinance
2020-11-06,39.43955319,40.22993697,39.41470069,40.01618576,1899000,yfinance
2020-11-09,41.7659553,45.26550749,41.7659553,42.5314827,4984900,yfinance
2020-11-10,42.25311547,43.60024376,42.22329095,42.50166321,3268400,yfinance
2020-11-11,42.89933264,42.91921312,41.95485066,42.36246872,1440600,yfinance
2020-11-12,41.90513237,42.62094697,41.77588653,42.25309753,1609700,yfinance
2020-11-13,42.73031987,43.51573151,42.27299301,42.51159668,2822900,yfinance
2020-11-16,43.35666097,44.73858556,42.97886741,44.72864532,3257500,yfinance
2020-11-17,44.30114679,44.70876489,43.49585081,44.38068008,1725200,yfinance
2020-11-18,44.7087584,44.72864267,43.63503059,43.65491486,1458700,yfinance
2020-11-19,43.45607456,44.05259126,43.17770238,43.94322968,1525800,yfinance
2020-11-20,44.01282413,44.19177876,43.65392121,44.0028801,1433400,yfinance
2020-11-23,44.52980389,44.81812011,44.20171912,44.22160339,1773800,yfinance
2020-11-24,45.02690548,45.31522174,44.6789364,45.20586014,2076300,yfinance
2020-11-25,45.06666605,45.06666605,44.47014936,44.54968643,1006400,yfinance
2020-11-27,44.92747527,44.92747527,44.37073092,44.53974152,594900,yfinance
2020-11-30,44.32102551,44.62922222,43.77421756,44.01282501,2517300,yfinance
2020-12-01,44.76840492,45.37486184,44.49997298,44.53974152,2909300,yfinance
2020-12-02,44.18182175,44.63915224,43.76823817,44.07246399,1760500,yfinance
2020-12-03,43.95318108,44.71870857,43.75434213,44.20172882,1720600,yfinance
2020-12-04,44.53974122,45.18596667,44.53974122,44.92747498,1578800,yfinance
2020-12-07,44.83798729,44.98711737,43.91338988,44.07246399,1992700,yfinance
2020-12-08,43.78415847,44.32102235,43.75433018,44.28125381,2148800,yfinance
2020-12-09,44.53974665,44.81812265,44.41050078,44.72864532,2161900,yfinance
2020-12-10,44.45025953,44.66898267,44.17188739,44.5297966,2208200,yfinance
2020-12-11,44.04265387,44.37073868,43.82393447,44.06253815,2631600,yfinance
2020-12-14,44.98713003,45.19590917,43.49584395,43.60520554,2269800,yfinance
2020-12-15,44.24149297,44.66899534,43.61018345,44.49998093,1716700,yfinance
2020-12-16,44.5695776,44.5944301,43.57538675,44.06253815,1526500,yfinance
2020-12-17,44.18183466,45.31024326,43.70462357,45.17602539,2312200,yfinance
2020-12-18,45.27545048,45.62341575,44.63916897,44.95730972,5238800,yfinance
2020-12-21,44.02277181,45.43452486,43.75433982,45.39475632,1579300,yfinance
2020-12-22,45.5438854,45.71289602,45.23568486,45.29533768,1523400,yfinance
2020-12-23,45.51404778,45.72283071,45.06666501,45.49416351,859600,yfinance
2020-12-24,45.51404846,45.77254016,44.9274758,45.76259613,609700,yfinance
2020-12-28,46.02109458,46.54900816,44.78829628,44.83800507,1106000,yfinance
2020-12-29,44.9274779,45.16608535,43.89352242,44.22160339,1010300,yfinance
2020-12-30,44.24148158,45.11637037,44.24148158,44.9771843,1439800,yfinance
2020-12-31,44.98713714,45.37487097,44.17190093,45.29533768,1506100,yfinance
2021-01-04,45.41463349,45.49416678,43.58532237,44.05259323,2232100,yfinance
2021-01-05,44.11224729,45.15117871,44.11224729,44.93742752,1797500,yfinance
2021-01-06,45.59358131,47.37318338,45.52895649,46.40881729,1968300,yfinance
2021-01-07,46.73690503,47.13458284,46.3094065,46.74684906,990800,yfinance
2021-01-08,46.85620998,47.18429094,45.56376279,46.1304512,1659000,yfinance
2021-01-11,45.6432963,46.40882361,45.32515557,46.21992874,739800,yfinance
2021-01-12,46.71701661,47.50242428,46.2696301,46.78660965,1245200,yfinance
2021-01-13,46.59771316,46.89596958,45.81230545,45.81230545,1577100,yfinance
2021-01-14,46.12050956,46.50824336,45.66318271,46.07080078,1799100,yfinance
2021-01-15,46.89596999,47.02521584,45.275442,45.64329147,4578000,yfinance
2021-01-19,46.09068069,46.31934409,45.66317839,46.02108765,1642900,yfinance
2021-01-20,46.18017009,46.43865807,45.55780711,45.72284317,1367100,yfinance
2021-01-21,45.6631779,45.96143434,45.44445474,45.49416351,1101900,yfinance
2021-01-22,45.16608592,45.44943013,44.74852383,44.96724701,1319600,yfinance
2021-01-25,44.73857796,44.95730111,43.90345768,44.25142288,1826100,yfinance
2021-01-26,44.63917196,44.98216524,43.32684031,43.33678055,1485600,yfinance
2021-01-27,42.31276335,42.3525281,40.40391497,40.57292938,2178400,yfinance
2021-01-28,41.23903093,42.74026105,40.97059898,42.39229202,2174600,yfinance
2021-01-29,42.12387053,42.40224659,41.15950787,41.59695053,3165200,yfinance
2021-02-01,42.14374466,42.46188539,41.43787015,42.3525238,3118900,yfinance
2021-02-02,42.87945065,43.41134258,42.37241121,43.12799835,1257200,yfinance
2021-02-03,42.86950327,43.49087247,42.59113108,43.30694962,1255900,yfinance
2021-02-04,43.52567276,43.78416449,42.60107499,42.74026489,4587700,yfinance
2021-02-05,43.29700948,43.8537577,42.93910018,43.52567291,1357100,yfinance
2021-02-08,43.58532257,43.94323184,43.43619244,43.79410172,1275400,yfinance
2021-02-09,43.5256677,44.27131073,43.42625015,43.81398392,1339100,yfinance
2021-02-10,43.95318108,44.3806835,43.54556294,44.20172882,1534000,yfinance
2021-02-11,44.18182604,45.007006,43.2472883,43.77420807,1743700,yfinance
2021-02-12,43.63503907,44.11225026,43.15782788,43.66486359,1683300,yfinance
2021-02-16,44.012825,44.24148842,43.04845876,43.31689072,1338600,yfinance
2021-02-17,43.18764773,43.32683763,42.58119451,42.74026489,1001600,yfinance
2021-02-18,42.45194854,42.76014527,41.75601421,42.5215416,1250200,yfinance
2021-02-19,42.79991973,44.05260246,42.79991973,43.63504028,1610100,yfinance
2021-02-22,43.23734823,44.55961968,43.0782779,43.51572037,3412600,yfinance
2021-02-23,44.42044661,46.7170288,43.70065342,45.31521988,4562700,yfinance
2021-02-24,45.57371346,47.97965374,45.19591983,47.82058334,4067000,yfinance
2021-02-25,47.73109845,48.63581192,45.93161554,46.08074188,3534000,yfinance
2021-02-26,46.10062529,46.66134807,45.45141883,46.07080078,2381200,yfinance
2021-03-01,46.7667222,47.69131968,46.71701344,47.1842804,1978400,yfinance
2021-03-02,46.99539277,47.22405617,46.47841317,46.52812195,1548500,yfinance
2021-03-03,46.43865694,47.22406868,46.32929533,46.53807831,2813300,yfinance
2021-03-04,46.36904764,47.46265954,45.73276628,46.78660965,3444900,yfinance
2021-03-05,47.34336372,49.39139809,46.53807162,49.2025032,3619300,yfinance
2021-03-08,49.53058502,51.31018745,49.20250403,50.25634384,6393300,yfinance
2021-03-09,50.23645874,50.25634301,47.80069437,47.81063461,2216300,yfinance
2021-03-10,48.4369725,49.15278723,47.63167666,48.68552017,1454000,yfinance
2021-03-11,48.73523712,49.65983494,48.44890815,48.73523712,1405000,yfinance
2021-03-12,48.84459584,49.42122454,48.57616387,49.31186295,2124900,yfinance
2021-03-15,49.24226802,50.49495053,48.89430277,50.46512222,2007000,yfinance
2021-03-16,50.01774885,50.21658401,48.6557045,48.6557045,1398700,yfinance
2021-03-17,48.80482772,49.72942549,48.2779078,49.49081802,1286300,yfinance
2021-03-18,49.49081455,50.60431093,49.17267381,49.4510498,2024600,yfinance
2021-03-19,49.34168963,49.69959892,48.22819322,49.16273499,6270400,yfinance
2021-03-22,49.11301994,49.11301994,47.74103577,48.5264473,1880400,yfinance
2021-03-23,47.95976587,48.43995794,46.6673148,46.86615372,1574900,yfinance
2021-03-24,47.26383687,48.66564591,47.26383687,48.05918884,1788200,yfinance
2021-03-25,47.6117868,48.70042671,46.66730498,48.44690704,1630300,yfinance
2021-03-26,48.97383608,49.66977038,48.50656899,49.42122269,970700,yfinance
2021-03-29,49.30191803,49.67971157,49.08319486,49.30191803,1149300,yfinance
2021-03-30,49.4609895,50.09528368,49.13290473,49.74930573,2069000,yfinance
2021-03-31,49.80893929,50.62417515,48.88434188,48.92411041,2105100,yfinance
2021-04-01,49.12296894,49.43116946,48.64575779,49.32180786,1857300,yfinance
2021-04-05,49.729422,50.27523251,49.57035163,49.79901505,1839800,yfinance
2021-04-06,50.06744394,50.47506197,49.62005737,49.93819809,1249000,yfinance
2021-04-07,49.78906392,50.05749202,49.23231585,49.84871292,1494200,yfinance
2021-04-08,49.75923989,50.10720888,49.04342522,50.02767181,1515800,yfinance
2021-04-09,50.27622693,50.4352973,49.44110653,50.28617096,1296100,yfinance
2021-04-12,51.14116468,51.19087725,49.62999447,49.85866165,2920100,yfinance
2021-04-13,49.58030091,49.6300097,48.34750627,48.94401932,2750000,yfinance
2021-04-14,49.07325712,49.82387222,49.03348858,49.11302567,1989800,yfinance
2021-04-15,49.23233372,49.45105694,48.73523827,49.05337906,2174100,yfinance
2021-04-16,49.52064448,50.08733292,49.23232824,49.94814682,2722900,yfinance
2021-04-19,49.78907384,50.66395896,49.719477,50.61425018,2344800,yfinance
2021-04-20,50.56454128,50.60430982,49.19255701,50.04756165,3009000,yfinance
2021-04-21,49.82884203,50.83297686,49.52064531,50.65402222,2139100,yfinance
2021-04-22,50.66396104,51.81225397,50.29611151,50.94233704,2674900,yfinance
2021-04-23,51.21076018,51.5885537,50.78326168,51.32012177,1873100,yfinance
2021-04-26,51.28036884,51.6979272,50.91251548,50.93239975,2059700,yfinance
2021-04-27,51.16106528,51.16106528,50.35577304,50.91251755,1330000,yfinance
2021-04-28,50.75344208,51.81722599,50.67390879,51.63827133,3508000,yfinance
2021-04-29,50.01773931,51.39966388,49.48087538,50.94233704,3276100,yfinance
2021-04-30,50.4253659,50.68882589,49.00367254,49.1229744,3399200,yfinance
2021-05-03,49.24227109,49.50076283,47.96970803,48.01941681,2870300,yfinance
2021-05-04,47.81061819,48.9837632,47.33837925,48.92411041,1974400,yfinance
2021-05-05,49.18262722,49.37649415,48.29779788,49.1229744,1431400,yfinance
2021-05-06,49.13290982,49.40134181,48.70541125,49.24227142,1355500,yfinance
2021-05-07,48.98378286,50.39553202,48.58113678,50.23646164,1704400,yfinance
2021-05-10,50.56453729,51.30023625,49.8188943,49.82883453,1495400,yfinance
2021-05-11,47.61178659,48.63580168,46.93573669,47.88021851,6767300,yfinance
2021-05-12,48.00946986,48.22818924,46.75678746,46.8562088,2345700,yfinance
2021-05-13,46.79656,47.6813892,46.79656,47.2936554,1474700,yfinance
2021-05-14,47.66149425,48.47673021,47.47259941,48.25801086,2554000,yfinance
2021-05-17,48.07907153,48.67558454,47.55215158,48.47674561,2894100,yfinance
2021-05-18,48.4667986,48.49165489,47.75098005,48.13871384,3407600,yfinance
2021-05-19,47.46266556,47.63167616,46.48835534,47.46266556,3195300,yfinance
2021-05-20,47.92993688,48.17848458,47.31353965,47.98958969,4055500,yfinance
2021-05-21,48.47673614,49.1229616,48.25801676,48.58609772,2453400,yfinance
2021-05-24,48.84459121,49.4908129,48.57615926,49.30191803,2018000,yfinance
2021-05-25,49.26215411,49.60515116,48.38726514,48.39720917,1642400,yfinance
2021-05-26,48.48667586,48.90423409,48.35743002,48.88434982,1228000,yfinance
2021-05-27,49.36155874,49.68963962,49.04341809,49.38143921,3278600,yfinance
2021-05-28,49.51070154,49.51070154,48.94401308,49.35163116,1423400,yfinance
2021-06-01,50.03762106,50.31599325,49.72942057,49.73936081,1421100,yfinance
2021-06-02,49.74930154,49.96802091,49.22734993,49.44110107,1467700,yfinance
2021-06-03,49.17267489,49.24226795,48.73523232,48.85453415,1226600,yfinance
2021-06-04,49.07324049,49.40132137,48.76504009,48.92411041,1268000,yfinance
2021-06-07,49.10308085,49.13290536,47.84543015,47.92993546,1569100,yfinance
2021-06-08,47.7907593,48.43698494,47.3930814,48.21826172,1323300,yfinance
2021-06-09,48.05917611,48.05917611,47.3632419,47.39306641,1334700,yfinance
2021-06-10,47.76092706,47.78081133,47.06499274,47.08487701,1292000,yfinance
2021-06-11,47.39307176,47.68138799,47.25388566,47.67144775,1394200,yfinance
2021-06-14,47.691322,47.71617449,47.08486516,47.25387573,1652100,yfinance
2021-06-15,47.38312614,47.48254369,46.92579935,47.04510117,2345000,yfinance
2021-06-16,46.88603313,47.66150066,46.48835534,47.46266556,4026400,yfinance
2021-06-17,48.00948158,48.22522008,45.68307462,45.72284317,5377400,yfinance
2021-06-18,44.89766219,46.13046061,44.74853203,45.23568726,4236600,yfinance
2021-06-21,45.68306419,46.72696368,45.68306419,46.64742661,2250100,yfinance
2021-06-22,46.77667894,46.77667894,45.9515025,46.3292923,1342900,yfinance
2021-06-23,46.35912364,46.76674176,46.05092309,46.53807831,1670000,yfinance
2021-06-24,46.87609935,47.6267107,46.49333375,47.36325073,2688600,yfinance
2021-06-25,47.70127428,48.84459523,47.61179696,48.69546509,4384400,yfinance
2021-06-28,48.81476616,48.85453471,47.83151305,48.55627823,1941100,yfinance
2021-06-29,48.74516212,49.02353805,48.22321435,48.25801086,1443000,yfinance
2021-06-30,48.13870975,48.74516666,48.13870975,48.5264473,1635300,yfinance
2021-07-01,48.85452601,49.10307366,48.24806913,48.3276062,2471900,yfinance
2021-07-02,48.39720131,48.550306,48.11882914,48.307724,1451300,yfinance
2021-07-06,48.89430225,48.93903902,47.55214623,47.97964478,1674800,yfinance
2021-07-07,47.80068617,49.13985724,47.74103337,49.0633049,5212800,yfinance
2021-07-08,48.32761382,48.60598602,47.80069393,47.97964478,3432000,yfinance
2021-07-09,48.71534232,49.28203069,48.56621221,49.09313583,2387800,yfinance
2021-07-12,49.21243765,49.41127654,48.86447244,49.09313583,1382900,yfinance
2021-07-13,48.93407589,49.01360919,48.16357645,48.29779434,1358300,yfinance
2021-07-14,48.33755275,48.72528653,47.63167823,47.7907486,1616400,yfinance
2021-07-15,47.57202304,48.38725911,47.37318794,47.85039902,2133100,yfinance
2021-07-16,48.03928885,48.61592121,47.81559748,47.88021851,1987500,yfinance
2021-07-19,46.40882558,46.7766751,45.57867719,45.98132324,2869400,yfinance
2021-07-20,46.2298725,47.95976617,46.06086188,47.87028885,2019600,yfinance
2021-07-21,48.1685414,48.68552103,48.05917981,48.34749603,1470800,yfinance
2021-07-22,48.50657801,48.68553269,48.05919132,48.21826172,1927200,yfinance
2021-07-23,48.57615385,48.77499273,47.84045113,48.3276062,1902400,yfinance
2021-07-26,48.46680557,48.77500611,48.27791067,48.56622314,961400,yfinance
2021-07-27,48.00947254,48.65569425,47.80069339,47.92993546,1464800,yfinance
2021-07-28,47.84046234,48.0492453,47.07493494,47.19424057,2343300,yfinance
2021-07-29,46.97551442,48.33755473,46.97551442,47.90011215,2535700,yfinance
2021-07-30,47.95976032,48.63580649,47.72115288,48.58609772,2133400,yfinance
2021-08-02,48.6755772,49.57035037,48.0293555,48.08900452,1876900,yfinance
2021-08-03,48.41707702,49.51565705,47.64160587,49.38143921,2547900,yfinance
2021-08-04,49.43115896,50.72360601,49.08318996,50.02767181,10410400,yfinance
2021-08-05,50.42535329,51.09145924,49.60514521,49.80895233,6823600,yfinance
2021-08-06,50.11715512,50.5893942,49.49081389,49.53058243,4598800,yfinance
2021-08-09,49.31185597,49.50075463,48.75511162,49.23232269,2136400,yfinance
2021-08-10,49.27209581,50.81309074,49.18261849,50.76338196,2676100,yfinance
2021-08-11,50.90257086,51.23065186,50.37564714,51.23065186,2295900,yfinance
2021-08-12,51.3002372,51.76750803,51.15111088,51.70785522,2286000,yfinance
2021-08-13,51.6979173,52.34911101,51.54878718,52.12541962,2799100,yfinance
2021-08-16,51.93652103,52.16518443,51.36982887,51.99617004,1677300,yfinance
2021-08-17,51.66809617,51.787398,50.37564512,50.55459976,2778100,yfinance
2021-08-18,50.42535595,50.79320547,50.11715546,50.1867485,1544500,yfinance
2021-08-19,49.70953773,49.91831688,49.02354748,49.4510498,2231600,yfinance
2021-08-20,49.46098539,49.84871914,49.16272895,49.78907013,1489300,yfinance
2021-08-23,50.28617268,50.97216297,50.19669536,50.65402222,1637600,yfinance
2021-08-24,50.79320237,51.69791574,50.79320237,51.49907684,1540500,yfinance
2021-08-25,51.68797031,52.0955883,51.35988559,51.78738785,2112900,yfinance
2021-08-26,51.6879696,51.89674871,51.03180397,51.51895523,2154800,yfinance
2021-08-27,51.7774604,53.07984797,51.45931585,52.54298401,3400700,yfinance
2021-08-30,52.58274928,53.2289748,52.14530671,52.94065857,2042900,yfinance
2021-08-31,52.91082542,53.10966051,52.34413708,52.71198654,2159100,yfinance
2021-09-01,53.00031657,53.00031657,52.07571876,52.43362808,1991900,yfinance
2021-09-02,53.11960693,54.13865387,52.5926871,53.47751617,3856500,yfinance
2021-09-03,53.56700336,53.89011614,52.32426482,52.63246155,3760300,yfinance
2021-09-07,52.43361884,52.77164383,51.18093644,51.45930862,2502300,yfinance
2021-09-08,51.26048085,52.55292818,51.11135071,52.41374207,2777900,yfinance
2021-09-09,52.41374101,53.83543418,52.41374101,53.57694244,3864200,yfinance
2021-09-10,54.13369138,54.91910305,53.80560659,54.4120636,3696100,yfinance
2021-09-13,54.98868566,55.29688233,53.09474991,53.68629456,3969100,yfinance
2021-09-14,53.99450159,54.00444183,52.56286447,53.23891449,2652900,yfinance
2021-09-15,53.12955174,54.70037492,52.92077259,54.66060638,3058900,yfinance
2021-09-16,54.43195302,54.85945542,53.88514877,54.25299835,2961300,yfinance
2021-09-17,53.6465293,54.39217233,53.49740297,53.98455429,8807300,yfinance
2021-09-20,52.82135314,53.21902715,52.04588182,52.68216705,2795100,yfinance
2021-09-21,53.02018971,53.10966323,51.85698467,52.6125679,2089700,yfinance
2021-09-22,53.13949749,53.4178697,52.53304052,52.59269333,2314600,yfinance
2021-09-23,52.8511847,53.46758195,52.72193883,53.32839584,2461000,yfinance
2021-09-24,53.28861977,53.65647306,52.90088601,53.19914246,1516000,yfinance
2021-09-27,53.31844819,54.42200047,53.02019174,53.06990051,2819000,yfinance
2021-09-28,52.53303807,52.86111904,51.02186772,51.26047516,2336900,yfinance
2021-09-29,51.44937221,51.6979199,50.94233659,51.1113472,1972400,yfinance
2021-09-30,51.27042204,51.34001509,50.08733629,50.1171608,2892700,yfinance
2021-10-01,50.33587831,50.87273843,49.72942135,50.57448196,1209300,yfinance
2021-10-04,50.6739111,51.06164494,50.24640871,50.44524765,1620600,yfinance
2021-10-05,50.56455223,51.45435359,50.20664288,50.91251755,1613200,yfinance
2021-10-06,50.14697535,51.01192395,49.7592416,50.87273407,3167400,yfinance
2021-10-07,51.4990834,52.14530894,51.36983753,51.39966583,2244900,yfinance
2021-10-08,51.11134875,51.46428603,50.40547419,50.69379044,1342700,yfinance
2021-10-11,50.53471997,50.8727412,49.7691926,49.77913284,1379300,yfinance
2021-10-12,49.88849784,50.2861757,49.42619894,49.60018158,1563300,yfinance
2021-10-13,49.82884656,50.54963724,49.460997,50.44524765,1651600,yfinance
2021-10-14,50.89262647,51.99617888,50.60431402,51.96635437,1756700,yfinance
2021-10-15,52.35905438,52.77164443,52.16518749,52.20495224,1229900,yfinance
2021-10-18,51.75756712,52.77164205,51.60346499,52.6125679,1640300,yfinance
2021-10-19,53.05000615,53.58686994,52.99035336,53.25878525,1691800,yfinance
2021-10-20,53.4476907,53.75787847,53.1643465,53.24885559,1412800,yfinance
2021-10-21,52.75175866,54.02432151,52.75175866,53.79565811,2410100,yfinance
2021-10-22,54.02433321,54.33253375,53.41787616,53.88514709,1050100,yfinance
2021-10-25,53.72606909,54.72025984,53.53717042,54.23310471,1625900,yfinance
2021-10-26,54.4518281,54.48165261,53.5799239,53.62664795,1348600,yfinance
2021-10-27,53.55705701,54.12871747,52.86609471,52.91083527,1511100,yfinance
2021-10-28,52.94065365,54.02432165,52.59268843,54.01438141,1561900,yfinance
2021-10-29,53.69624056,54.16351142,53.18920495,53.44769287,2133800,yfinance
2021-11-01,53.60676963,54.47668664,53.56700488,54.17346191,1614000,yfinance
2021-11-02,54.18340112,55.9232351,53.6863057,55.90335083,2100200,yfinance
2021-11-03,55.69456831,56.00276882,54.95886546,55.73433685,2096300,yfinance
2021-11-04,56.70863921,58.09056369,56.20159982,56.81800079,2183000,yfinance
2021-11-05,57.35485815,57.71276739,56.35072724,56.91741562,2939100,yfinance
2021-11-08,57.49404841,57.93149094,57.25544098,57.5735817,2282800,yfinance
2021-11-09,57.49403157,59.23446667,57.47414043,59.17479324,3092700,yfinance
2021-11-10,58.77697259,59.16484414,57.97140228,58.07085419,1820900,yfinance
2021-11-11,58.23992854,58.34435419,57.61834462,57.93162155,1083900,yfinance
2021-11-12,58.21009208,58.27672722,57.56364706,58.13053131,1369400,yfinance
2021-11-15,58.26976428,59.07533842,58.229982,58.72724915,2400700,yfinance
2021-11-16,58.89631821,60.65664425,58.83664479,59.97041321,2147000,yfinance
2021-11-17,59.85107208,59.85604581,58.23992764,59.01566315,1913000,yfinance
2021-11-18,59.67205255,60.92516399,59.49303609,60.56713486,3510100,yfinance
2021-11-19,61.54178581,61.72080229,59.96047606,61.11413574,2734700,yfinance
2021-11-22,61.402547,61.71085019,59.55271266,59.59249115,1954500,yfinance
2021-11-23,59.38363711,60.42789727,59.12505988,60.35828018,1908500,yfinance
2021-11-24,59.69194346,60.7063688,59.67205232,60.68647766,1370700,yfinance
2021-11-26,58.17030628,59.582543,57.87194299,58.61784363,1882400,yfinance
2021-11-29,59.55271291,60.22899651,58.95599007,59.47314835,1999400,yfinance
2021-11-30,58.92615177,59.81128661,57.70287515,58.02112579,2563700,yfinance
2021-12-01,59.1051694,59.51292828,56.75806802,56.78790283,1463700,yfinance
2021-12-02,57.17577525,59.25435197,57.07631955,58.91621017,2415500,yfinance
2021-12-03,59.28418956,59.28418956,57.2553387,58.18025589,2174100,yfinance
2021-12-06,59.00570528,59.38362547,58.39903892,58.41893005,2623700,yfinance
2021-12-07,59.00572249,60.08976124,58.89632311,59.40353394,2201800,yfinance
2021-12-08,59.18472679,59.88090146,58.59795147,59.82123184,2614800,yfinance
2021-12-09,59.46320443,60.09473201,59.234462,59.59249115,1162100,yfinance
2021-12-10,59.67206407,59.86102424,58.92616327,59.26430511,1676500,yfinance
2021-12-13,59.23445749,59.97041066,59.1499192,59.31401825,1983300,yfinance
2021-12-14,58.90626245,59.25435171,57.12107532,57.76255035,3232400,yfinance
2021-12-15,58.16036519,59.27424254,57.5039727,59.21457291,2478300,yfinance
2021-12-16,59.39358578,60.34833773,58.4487775,59.09522247,1976200,yfinance
2021-12-17,58.8565388,59.16484579,57.84211338,57.9017868,3680200,yfinance
2021-12-20,57.10615072,57.62330895,56.58899629,57.55369186,2193300,yfinance
2021-12-21,58.21009061,59.2046249,57.78244057,58.84659195,1711500,yfinance
2021-12-22,58.89630593,59.16483057,58.01117126,58.41893005,1148200,yfinance
2021-12-23,58.71730787,59.72178588,58.63774331,59.41348267,1140200,yfinance
2021-12-27,59.55271388,61.10418493,59.46320565,60.8754425,1197400,yfinance
2021-12-28,60.94505674,61.36276309,60.56713646,61.03456497,1244100,yfinance
2021-12-29,60.94505669,61.25336367,60.74615288,61.06440353,754500,yfinance
2021-12-30,61.08429117,61.66112285,60.91522217,60.91522217,757300,yfinance
2021-12-31,60.81576402,61.88985892,60.81576402,61.53182602,966200,yfinance
2022-01-03,61.86002583,62.2976195,58.99576638,59.30407333,1892100,yfinance
2022-01-04,59.82123703,60.73620672,59.40353067,60.40801239,1837800,yfinance
2022-01-05,60.41794743,61.01466638,58.82669436,58.88636398,2537700,yfinance
2022-01-06,59.403529,60.16932081,58.78592485,59.97041321,1367400,yfinance
2022-01-07,60.00023699,60.53728246,58.92613847,58.97586441,1917900,yfinance
2022-01-10,58.16036882,58.76703538,57.6432105,58.66758347,2101600,yfinance
2022-01-11,58.99577454,59.76156641,58.06091366,59.64222336,1543500,yfinance
2022-01-12,59.89085818,60.32845192,59.47315179,59.65216827,1085800,yfinance
2022-01-13,59.52286976,60.11959255,58.98085044,59.19467545,1370600,yfinance
2022-01-14,58.43883016,59.17478716,57.97140165,59.03555298,1947700,yfinance
2022-01-18,58.22003668,58.79686458,57.8421126,58.28965378,1756300,yfinance
2022-01-19,58.68745925,59.10516557,57.94155863,58.06090546,1429600,yfinance
2022-01-20,57.93161892,59.05544367,57.19566192,57.3348999,1650700,yfinance
2022-01-21,56.8376386,57.58353935,56.30058915,56.95698166,1983700,yfinance
2022-01-24,55.93261398,56.94703569,54.12255796,56.84758377,2971100,yfinance
2022-01-25,55.90276844,56.32047479,54.2021158,55.2762146,2617300,yfinance
2022-01-26,55.81325565,57.0216148,55.02757655,55.6342392,2665300,yfinance
2022-01-27,56.38014988,56.90725566,54.31152045,54.53031921,2858800,yfinance
2022-01-28,54.30155977,54.83860909,53.04347476,54.81871796,2409000,yfinance
2022-01-31,54.77895373,56.05195648,54.43086443,55.90277481,1855500,yfinance
2022-02-01,55.93260842,56.75806988,55.30107704,56.49949265,1465200,yfinance
2022-02-02,56.65861426,56.92713895,56.12156488,56.43981552,1425000,yfinance
2022-02-03,55.98233394,56.2309675,54.61981929,54.79883575,2492900,yfinance
2022-02-04,54.32146072,54.78391931,53.13796631,54.32146072,2240500,yfinance
2022-02-07,54.39108302,54.749116,54.11261461,54.27173996,1796400,yfinance
2022-02-08,54.44081147,55.28119041,53.96741139,54.89829636,2988500,yfinance
2022-02-09,55.71380937,56.25582871,55.62430113,56.01216888,2468300,yfinance
2022-02-10,55.0574125,56.32047136,54.70932326,55.03752136,1872800,yfinance
2022-02-11,55.20659304,55.27621392,52.67053153,53.02856445,3235600,yfinance
2022-02-14,52.99872871,53.89380722,52.90922048,53.50593948,3217800,yfinance
2022-02-15,54.40102558,55.02758324,54.20211797,54.80878448,2739800,yfinance
2022-02-16,54.52036393,54.87839684,53.88883638,54.61981583,1769000,yfinance
2022-02-17,54.14243656,54.20210997,52.98877712,53.01861572,1578400,yfinance
2022-02-18,52.8694307,53.6650572,52.4915067,52.77992249,1827600,yfinance
2022-02-22,52.83960222,53.52582944,52.41195222,52.79981995,2016000,yfinance
2022-02-23,53.12801509,53.12801509,51.52681822,51.71577835,2683700,yfinance
2022-02-24,50.19413528,50.95992697,48.732169,50.05490112,4031900,yfinance
2022-02-25,50.01513059,51.31796809,49.34879064,51.14889908,2025700,yfinance
2022-02-28,50.17424507,51.1190532,49.64216949,50.24386215,3193000,yfinance
2022-03-01,49.96539876,50.04495952,48.58299307,48.98080826,3589300,yfinance
2022-03-02,49.51785788,50.63173511,49.3487851,50.16430283,2231700,yfinance
2022-03-03,50.31348982,50.61184935,49.27917325,49.41840744,1859600,yfinance
2022-03-04,48.49348136,48.76200602,45.99222869,46.07676697,5095000,yfinance
2022-03-07,46.35524331,46.76300221,44.60486086,44.65459061,4854400,yfinance
2022-03-08,45.10232226,47.34102116,45.04262226,45.70925522,6545800,yfinance
2022-03-09,47.20172433,49.2265031,46.83358377,48.3260498,6328200,yfinance
2022-03-10,47.36092056,48.58474604,47.28132434,48.3260498,5216500,yfinance
2022-03-11,48.88324116,49.17178172,47.30122693,47.35097504,2740400,yfinance
2022-03-14,48.02756061,48.02756061,47.16193132,47.42062378,2372500,yfinance
2022-03-15,47.81860988,48.39569474,47.54996556,48.15690231,2128400,yfinance
2022-03-16,48.73399838,50.65430529,48.73399838,49.94787216,3148400,yfinance
2022-03-17,49.14194011,50.60455831,49.14194011,50.5647583,2438200,yfinance
2022-03-18,50.55480882,51.29109005,49.70907565,51.1418457,3274000,yfinance
2022-03-21,51.02244384,51.50003257,50.01751826,50.63440323,2068800,yfinance
2022-03-22,50.86324762,51.24134012,50.20656263,50.51500702,2210200,yfinance
2022-03-23,50.10706989,50.34586237,49.04741637,49.07229233,2444000,yfinance
2022-03-24,49.37077012,49.48519418,48.81358529,49.14192581,2124700,yfinance
2022-03-25,49.11207712,49.78866195,48.6245366,49.72896194,2214700,yfinance
2022-03-28,49.64937337,49.88816582,49.07228466,49.54987335,2354700,yfinance
2022-03-29,50.44535063,51.21148362,50.22645441,50.50504684,1424700,yfinance
2022-03-30,50.17672019,50.76375712,50.08717206,50.54486084,2749200,yfinance
2022-03-31,50.17671076,50.65429946,49.91801451,50.09711075,3593000,yfinance
2022-04-01,50.72394888,51.13188948,49.9279677,49.99761581,3672300,yfinance
2022-04-04,49.33098097,49.66429749,48.56484792,48.71409225,3118200,yfinance
2022-04-05,48.52503837,49.07227506,47.94794977,48.20664597,3241600,yfinance
2022-04-06,46.9131882,47.68926939,46.46544759,47.61962128,3498400,yfinance
2022-04-07,47.44051806,47.73901049,46.8335813,47.51016617,2376500,yfinance
2022-04-08,47.55992465,47.68927279,46.455499,46.59479904,2521000,yfinance
2022-04-11,46.39579965,46.7888162,46.01770716,46.1868515,3263600,yfinance
2022-04-12,46.47538499,47.1121698,45.72915208,46.01769638,1938200,yfinance
2022-04-13,45.84855961,47.16690161,45.84855961,47.09228134,1955000,yfinance
2022-04-14,47.07237814,47.31117057,46.17689704,46.20674515,1583600,yfinance
2022-04-18,45.84855273,46.93307427,45.7082583,46.38583755,1568900,yfinance
2022-04-19,46.28635318,47.91313971,46.28635318,47.7091713,1670800,yfinance
2022-04-20,48.06735796,49.51504805,47.80866172,49.11208344,2400000,yfinance
2022-04-21,49.59962628,49.84837065,47.38082693,47.53007507,1974300,yfinance
2022-04-22,46.97287683,47.22162115,45.56995901,45.70925522,2305800,yfinance
2022-04-25,45.27147607,45.46052043,44.24167451,45.44062042,2258800,yfinance
2022-04-26,45.03267228,45.38091663,43.49543413,43.58995819,2311000,yfinance
2022-04-27,43.65960817,44.70433365,43.51036005,44.03769684,1771000,yfinance
2022-04-28,44.4456399,45.11227675,43.33126624,44.85358429,2746000,yfinance
2022-04-29,44.74412978,45.45056274,43.59990438,43.73920059,2136100,yfinance
2022-05-02,43.55015941,44.57498488,43.07754289,44.32624054,2782400,yfinance
2022-05-03,44.20684804,45.24659764,43.93322773,44.98292923,2554100,yfinance
2022-05-04,45.22172036,47.0524788,44.81875196,46.75398636,3178700,yfinance
2022-05-05,46.56494086,48.55489563,44.70433421,45.30131912,3485800,yfinance
2022-05-06,45.02272745,45.12222367,42.87357642,43.58000946,2856800,yfinance
2022-05-09,42.91338345,43.64966472,42.69448717,43.03277969,2607100,yfinance
2022-05-10,43.56010959,43.88845396,41.39105855,42.1472435,3823600,yfinance
2022-05-11,42.05769661,43.98795147,41.65970412,42.46563721,3639500,yfinance
2022-05-12,42.17708967,43.6098595,41.78904911,42.71437836,3328800,yfinance
2022-05-13,43.07257457,44.17202419,42.92332644,43.43076706,2592900,yfinance
2022-05-16,43.05268346,43.58499635,42.68454279,43.21187973,2260000,yfinance
2022-05-17,44.25661071,44.66455144,43.58997743,44.61480331,1678500,yfinance
2022-05-18,44.10735073,44.70433567,43.13226953,43.41086578,2440400,yfinance
2022-05-19,43.08237829,44.60539475,42.96292728,44.07781219,2516900,yfinance
2022-05-20,44.50584139,44.91396907,43.36109488,44.74474716,3338000,yfinance
2022-05-23,45.29223433,45.54109276,44.76465567,45.13296509,3879000,yfinance
2022-05-24,44.93386953,45.06327696,44.02802516,44.8343277,3615600,yfinance
2022-05-25,44.53570412,45.81981067,44.33661662,45.67049789,4066800,yfinance
2022-05-26,46.18813011,47.54191689,45.85963513,47.12383652,3769100,yfinance
2022-05-27,47.7111447,48.30840349,47.29306051,48.26858902,2672400,yfinance
2022-05-31,47.48219936,47.86046532,46.62612557,46.93471146,9592400,yfinance
2022-06-01,46.79533497,47.4622775,46.12839624,47.03424072,1625000,yfinance
2022-06-02,47.48219071,48.44775887,47.13378662,48.34821701,1343000,yfinance
2022-06-03,47.76091155,48.69164349,47.51205311,48.62693787,2275200,yfinance
2022-06-06,48.96538386,49.40337713,48.72648189,49.10474777,2907700,yfinance
2022-06-07,48.73643756,50.35401748,48.47762645,50.16986465,3085000,yfinance
2022-06-08,49.5925088,50.45853509,49.40337775,50.05040741,3557400,yfinance
2022-06-09,49.79160028,49.90109861,48.34822048,48.37808228,3393500,yfinance
2022-06-10,47.41250814,47.41250814,46.0288559,46.22793961,2464500,yfinance
2022-06-13,44.98862461,45.07323556,43.59999418,43.97826004,3599400,yfinance
2022-06-14,44.12757744,44.48593038,43.09729993,43.57013321,3001800,yfinance
2022-06-15,43.98821601,45.01351536,43.59004479,44.35652924,2754600,yfinance
2022-06-16,43.34118795,43.35114061,41.64397152,41.88785553,3153200,yfinance
2022-06-17,41.84803538,42.24123216,40.96707439,41.05168915,5401600,yfinance
2022-06-21,41.71862468,42.25615977,41.11140954,41.66885376,1922300,yfinance
2022-06-22,40.89241782,41.82812412,40.8127813,41.56930923,1634900,yfinance
2022-06-23,41.40008879,41.5394489,40.21552402,40.77296448,2629400,yfinance
2022-06-24,41.31050305,43.2615524,41.21096119,43.13214874,3161400,yfinance
2022-06-27,43.43078126,43.5701414,42.68420585,43.19187546,1800200,yfinance
2022-06-28,43.57013653,43.83890411,42.5647463,42.61452103,1871100,yfinance
2022-06-29,42.62447208,42.62447208,41.35031812,42.08693695,1714900,yfinance
2022-06-30,41.37022951,42.27109587,41.34036391,41.88785553,2838900,yfinance
2022-07-01,41.82812184,42.61948976,41.2806341,42.10684204,3883200,yfinance
2022-07-05,41.20099583,41.35031239,40.37478793,41.25076675,3185600,yfinance
2022-07-06,41.14127573,41.54940338,40.59378417,41.28063583,2643300,yfinance
2022-07-07,41.62904356,43.01269601,41.62904356,42.95297241,2368000,yfinance
2022-07-08,42.9927873,42.9927873,41.9177207,42.25616837,1518600,yfinance
2022-07-11,41.8978018,42.4851078,41.55935422,41.77835083,1929500,yfinance
2022-07-12,41.58922635,42.4751619,41.46977535,41.53945541,2980000,yfinance
2022-07-13,40.76300565,40.98199846,40.07615406,40.64355469,3077900,yfinance
2022-07-14,39.74765866,39.92683698,39.10560361,39.66802216,4739300,yfinance
2022-07-15,40.51415672,41.06164455,40.01643982,40.8127861,3678100,yfinance
2022-07-18,41.31050816,41.9674944,40.73315466,41.03178787,3052700,yfinance
2022-07-19,41.638995,43.60995334,41.638995,43.07241821,4499400,yfinance
2022-07-20,43.0923259,44.03798867,42.94300932,43.86876297,2715700,yfinance
2022-07-21,43.86876055,44.78456148,43.53031296,44.75469589,1633400,yfinance
2022-07-22,44.7945228,44.98365386,43.97826736,44.33662415,2200200,yfinance
2022-07-25,44.28684763,44.55561139,43.79908344,44.15744019,1401900,yfinance
2022-07-26,44.07779995,44.56556409,43.86875979,44.48592758,1693700,yfinance
2022-07-27,44.93387565,46.74556465,44.6651081,46.6460228,4165300,yfinance
2022-07-28,47.04419452,48.21880658,46.77543077,47.94008636,2729400,yfinance
2022-07-29,47.93013787,49.7219179,47.8604578,49.57260132,2896400,yfinance
2022-08-01,48.96538995,49.20728041,48.54233132,48.90566635,2451100,yfinance
2022-08-02,48.64684872,49.51287886,48.42785587,48.4776268,2478200,yfinance
2022-08-03,49.03506515,49.67214595,48.67671219,49.66218948,3062000,yfinance
2022-08-04,47.95003973,49.73186697,47.79077049,49.5526886,4849000,yfinance
2022-08-05,48.7961568,49.62236473,48.60702577,49.56264114,3524300,yfinance
2022-08-08,49.77168274,50.51825798,49.66218443,49.77168274,2728900,yfinance
2022-08-09,49.57260035,49.57260035,48.97534162,49.32374191,2255700,yfinance
2022-08-10,50.46849129,51.28474666,50.22958553,51.07570648,2565600,yfinance
2022-08-11,51.66301773,52.31004744,51.38429367,51.62319946,2735500,yfinance
2022-08-12,51.69287865,53.38511691,51.55351853,53.35525131,3699700,yfinance
2022-08-15,52.74803723,53.42492871,52.63356068,53.25570679,2434200,yfinance
2022-08-16,52.90717138,53.91293372,52.8075885,53.74364853,2806000,yfinance
2022-08-17,52.89721418,52.91713076,51.92132475,52.34952164,3117600,yfinance
2022-08-18,52.45906471,52.57856038,52.04082419,52.35948563,2196800,yfinance
2022-08-19,51.79187054,51.8317037,51.01514305,51.60266876,3849200,yfinance
2022-08-22,50.59690747,50.75623629,49.15298792,49.38202286,6503900,yfinance
2022-08-23,49.37205917,50.07908046,49.0434414,49.22268677,2796500,yfinance
2022-08-24,48.95382201,49.86000531,48.86419932,49.45172501,2301600,yfinance
2022-08-25,49.79030052,50.88568561,49.71561431,50.59690475,3244600,yfinance
2022-08-26,50.76619172,50.85083432,48.05759806,48.08747482,2813900,yfinance
2022-08-29,47.61944573,47.85844086,46.86263479,47.6493187,4018800,yfinance
2022-08-30,47.79868379,47.9480562,47.06178575,47.49994278,4777400,yfinance
2022-08-31,47.74889881,47.76881538,47.00702439,47.1713295,6680100,yfinance
2022-09-01,46.97216912,48.21692668,46.4742661,48.17709732,3937800,yfinance
2022-09-02,48.89407262,49.22269042,47.33065752,47.53977966,3518000,yfinance
2022-09-06,47.80864407,47.8683938,47.11158292,47.47006989,3307600,yfinance
2022-09-07,47.44019096,48.6799682,47.31073513,48.52561951,3564900,yfinance
2022-09-08,48.11734184,49.14302073,47.64931184,49.10319138,3094300,yfinance
2022-09-09,49.44177495,50.14680586,49.31231909,50.01934052,1780500,yfinance
2022-09-12,50.41766527,51.49313391,50.41766527,51.33380508,2232900,yfinance
2022-09-13,49.74051372,50.4574915,49.13307141,49.35214996,1966300,yfinance
2022-09-14,49.44177638,49.45173277,48.45592663,49.39198303,2203600,yfinance
2022-09-15,49.44176554,50.31807202,48.91398582,49.10319138,3242000,yfinance
2022-09-16,48.28663144,48.33642098,46.21535328,46.99208069,6046200,yfinance
2022-09-19,46.53401566,48.41608846,46.53401566,48.25675964,2655200,yfinance
2022-09-20,47.79868486,47.88830755,46.44438818,46.99208069,2852700,yfinance
2022-09-21,47.33065712,47.94805957,45.94648741,45.9564476,4115500,yfinance
2022-09-22,45.88673268,46.17551347,44.59218211,44.62205887,4080600,yfinance
2022-09-23,44.02457839,44.27850996,42.87940387,43.88516617,2907300,yfinance
2022-09-26,43.5665063,44.36315023,43.10843652,43.13830948,2831300,yfinance
2022-09-27,43.78558562,43.93495422,42.02300876,42.74994659,2765000,yfinance
2022-09-28,43.12834403,44.32828787,42.76985339,43.92498779,2275000,yfinance
2022-09-29,43.12836369,43.55656062,42.40142569,43.50676727,2517200,yfinance
2022-09-30,43.57647052,44.18391281,42.98894481,43.0785675,2220600,yfinance
2022-10-03,43.91504464,45.54318964,43.33747912,44.84114456,2948100,yfinance
2022-10-04,45.96640204,46.93233502,45.82698982,46.8725853,1852400,yfinance
2022-10-05,46.0659889,46.9771524,45.89670369,46.74313736,2082600,yfinance
2022-10-06,46.55393541,47.58957467,46.53401883,46.81284332,1987800,yfinance
2022-10-07,46.09586479,46.27511019,45.12993167,45.4585495,1638400,yfinance
2022-10-10,45.91661272,45.96640226,44.55733593,44.97059631,2065600,yfinance
2022-10-11,44.73160444,45.93653261,44.36315728,45.22950745,2279500,yfinance
2022-10-12,45.37887667,45.71745084,44.10424627,44.94072342,1730800,yfinance
2022-10-13,43.84533848,46.95225604,43.38726861,46.59376526,2283200,yfinance
2022-10-14,46.98213287,47.31074691,44.8411482,44.92081451,2282300,yfinance
2022-10-17,46.24523099,46.99208552,45.8070777,46.53401566,2226000,yfinance
2022-10-18,47.72897912,48.27667163,46.39459901,46.82279587,3752500,yfinance
2022-10-19,45.90665772,46.74313496,45.42369497,46.11577988,3048000,yfinance
2022-10-20,46.23527024,46.64454578,44.95067966,45.01042938,1874800,yfinance
2022-10-21,45.2793016,46.63359841,44.95068378,46.59376526,3317600,yfinance
2022-10-24,47.06178933,47.61944206,46.68338579,47.58956909,1384900,yfinance
2022-10-25,47.57961404,48.79947878,47.55969746,48.68495941,2518400,yfinance
2022-10-26,48.99365359,49.40193388,48.08747033,48.40612793,2368000,yfinance
2022-10-27,48.87416945,49.33223939,48.28664365,48.42605591,2656600,yfinance
2022-10-28,48.62521376,50.32804128,48.26672295,50.23841858,2289900,yfinance
2022-10-31,49.95958638,50.7861072,49.83013433,50.28820419,2373600,yfinance
2022-11-01,50.88569061,51.42342682,49.92971765,50.08904648,2054000,yfinance
2022-11-02,49.59114244,50.90560617,48.63516951,48.84428787,3045100,yfinance
2022-11-03,49.2127337,52.01095009,47.43024373,51.15455627,4467300,yfinance
2022-11-04,52.48893311,53.36524344,51.45329396,52.69805145,2539000,yfinance
2022-11-07,52.96691885,53.45486545,52.32960363,53.01671219,2640500,yfinance
2022-11-08,53.33536418,53.37519353,51.73211611,52.02090073,4688400,yfinance
2022-11-09,51.58274856,52.24994054,51.26907105,51.51304245,2039100,yfinance
2022-11-10,53.61419669,54.10214332,53.08642071,53.65402985,4798600,yfinance
2022-11-11,53.77352617,55.49627016,53.55942772,55.07803345,6675600,yfinance
2022-11-14,54.94857785,56.03400659,54.89878831,54.95853424,2762800,yfinance
2022-11-15,55.78534943,56.49262706,54.83400817,55.29722595,2065300,yfinance
2022-11-16,55.07807373,55.66581241,54.55508454,54.7792244,1970300,yfinance
2022-11-17,53.86274203,54.16159133,52.58764966,53.58381653,1909500,yfinance
2022-11-18,54.29110789,54.50030207,52.9462838,53.49417496,2725700,yfinance
2022-11-21,53.30489514,53.74321106,53.13554857,53.39455032,1902800,yfinance
2022-11-22,53.79301066,54.04205237,53.15546447,53.58381653,2734900,yfinance
2022-11-23,53.66351661,53.99225355,53.30489587,53.43439865,1968000,yfinance
2022-11-25,53.59378885,53.82290683,53.1455129,53.21524429,1213100,yfinance
2022-11-28,52.75700363,53.31984042,52.59761706,52.95623779,2490000,yfinance
2022-11-29,53.03593055,53.55393403,52.4183043,52.61753845,1796000,yfinance
2022-11-30,52.776927,53.93746247,52.10451504,53.763134,5157500,yfinance
2022-12-01,54.13172059,54.91869351,53.51409805,54.08191299,2856400,yfinance
2022-12-02,53.28498096,54.62980506,53.10567058,54.34091568,2476900,yfinance
2022-12-05,53.65355841,53.7332498,52.84666173,53.11562729,2717000,yfinance
2022-12-06,53.10566412,53.60374762,52.17922851,52.52788544,1715500,yfinance
2022-12-07,52.48803551,53.3347797,52.48803551,52.60757828,2460600,yfinance
2022-12-08,52.85662443,53.54397832,52.70719785,53.0558548,2339200,yfinance
2022-12-09,53.29493638,53.42443916,52.93631564,53.04589462,2313100,yfinance
2022-12-12,53.39455059,54.05202067,52.89646709,54.03210068,2701400,yfinance
2022-12-13,55.86505269,56.03439927,54.7593066,55.31715775,3686500,yfinance
2022-12-14,55.40680589,55.83515799,54.061982,54.5202179,3028800,yfinance
2022-12-15,53.70336427,53.81294325,52.3386165,52.39838409,3079100,yfinance
2022-12-16,51.73095465,52.12942299,51.07348456,51.60145187,3750100,yfinance
2022-12-19,51.71103282,52.06965357,50.70490574,50.87425232,2479800,yfinance
2022-12-20,50.89417224,51.92022303,50.76466947,51.70106888,1873500,yfinance
2022-12-21,52.2688949,52.86659371,51.9999293,52.51793671,1703100,yfinance
2022-12-22,52.07961144,52.07961144,50.55547709,51.80068588,1572800,yfinance
2022-12-23,51.83057097,52.19915552,51.44206642,52.07961273,2037000,yfinance
2022-12-27,52.21906594,52.6822837,51.80067768,52.38841629,1717700,yfinance
2022-12-28,52.48804659,52.58268369,51.53172703,51.54169083,1045600,yfinance
2022-12-29,51.97002787,52.93631103,51.91026028,52.58765411,1732000,yfinance
2022-12-30,52.2688787,52.47807284,51.66121628,52.04972076,1518200,yfinance
2023-01-03,52.46811896,52.89647112,51.77578314,52.79685593,2099500,yfinance
2023-01-04,53.19531709,53.62366918,52.77692499,53.44435883,2564500,yfinance
2023-01-05,53.16543234,53.54397687,52.70719643,53.18535614,2092000,yfinance
2023-01-06,53.96236255,55.07807228,53.36466389,54.90872192,2983600,yfinance
2023-01-09,55.42672986,56.31331786,55.2374595,55.56619263,2042300,yfinance
2023-01-10,55.44666165,56.43286877,55.39685405,56.21371078,1577800,yfinance
2023-01-11,56.65201786,57.0006786,56.03439536,56.56236267,1683100,yfinance
2023-01-12,56.71178138,57.37921138,56.23362173,57.17001724,2091400,yfinance
2023-01-13,56.96082946,57.45891296,56.79147909,57.30948639,1260600,yfinance
2023-01-17,57.27960452,57.54857007,56.36313267,56.58228683,1754100,yfinance
2023-01-18,56.82137518,57.09034077,55.57616624,55.68574524,1659300,yfinance
2023-01-19,55.41677724,55.54627623,53.57386581,53.6734848,1885700,yfinance
2023-01-20,53.92252288,55.15776788,53.69340492,55.13784409,1801300,yfinance
2023-01-23,55.2673453,55.99454676,55.04818734,55.67577362,2648200,yfinance
2023-01-24,55.28727792,56.39302409,54.69953914,56.1639061,1705000,yfinance
2023-01-25,55.50643195,55.85508891,54.67961143,55.73554993,1429500,yfinance
2023-01-26,56.02443927,56.07424687,53.63861862,55.31715775,3741500,yfinance
2023-01-27,55.10795076,55.81522832,54.73937008,55.44664764,2107900,yfinance
2023-01-30,55.12788337,55.5163879,54.9186892,55.09799957,1718700,yfinance
2023-01-31,55.32712247,56.01148955,55.01830929,55.78535843,2633100,yfinance
2023-02-01,55.53630281,55.95469107,54.63975111,55.44664764,3451000,yfinance
2023-02-02,55.90488613,56.37308579,55.2972237,55.79530716,2822200,yfinance
2023-02-03,55.23746095,57.19990736,55.16772957,56.89109802,3437400,yfinance
2023-02-06,56.22366242,56.56235934,55.77539032,56.17385483,1690000,yfinance
2023-02-07,55.81523923,57.27960603,55.65585265,57.08037186,2152500,yfinance
2023-02-08,56.77156017,57.64818441,56.77156017,57.1600647,2167500,yfinance
2023-02-09,57.73783761,57.87730038,55.93477779,56.22366333,2125100,yfinance
2023-02-10,56.07424132,56.63707431,55.87500716,56.47270584,1263000,yfinance
2023-02-13,56.73171329,57.58841755,56.39301635,57.19990921,1830800,yfinance
2023-02-14,56.90105626,57.46887112,56.43286036,57.20986938,1204500,yfinance
2023-02-15,56.96082421,58.18112716,56.96082421,58.05660629,2029400,yfinance
2023-02-16,57.33936759,57.76771966,56.89109173,57.17001724,1606700,yfinance
2023-02-17,56.89110278,57.60834429,56.7018286,57.35930252,1935100,yfinance
2023-02-21,57.82750345,58.34551083,55.57616732,56.1639061,3334300,yfinance
2023-02-22,56.62213881,57.75776871,56.37309703,57.23976135,3178400,yfinance
2023-02-23,58.09646587,58.09646587,56.5424438,57.66811371,1907600,yfinance
2023-02-24,57.04052736,57.65815371,56.45278861,57.45891953,1480300,yfinance
2023-02-27,57.77769019,58.5048917,57.58841981,58.15623474,1976100,yfinance
2023-02-28,58.1462582,58.7202472,57.85727368,57.86723709,3272700,yfinance
2023-03-01,57.74765922,58.31566867,57.39887902,57.83734512,2076400,yfinance
2023-03-02,57.5284293,58.36549651,57.19958351,58.08647537,1727900,yfinance
2023-03-03,58.54487231,59.44173145,58.28578178,59.26235962,1908900,yfinance
2023-03-06,59.16270313,60.14426452,59.16270313,59.66095734,2133900,yfinance
2023-03-07,59.70082378,60.17516356,58.98632813,59.16270828,2556000,yfinance
2023-03-08,59.20255953,59.56130314,58.63455009,59.25238419,2792700,yfinance
2023-03-09,59.38193828,59.56031414,57.7177672,57.93700027,4290900,yfinance
2023-03-10,57.9967854,58.23594527,55.3460734,55.54537582,4381100,yfinance
2023-03-13,54.61863889,55.21654254,53.88122084,54.51898575,3391100,yfinance
2023-03-14,55.74467593,56.4123385,54.78802882,55.50551605,3038700,yfinance
2023-03-15,54.20009101,54.23995226,51.95794712,52.74518967,4200900,yfinance
2023-03-16,52.22202508,53.74668562,51.65899917,53.3331337,4558200,yfinance
2023-03-17,52.89965036,53.05411176,51.6589984,52.27683258,4162300,yfinance
2023-03-20,52.67543811,53.93602071,52.34658849,53.72177124,3032100,yfinance
2023-03-21,54.82790157,55.89316947,54.78804032,55.70483017,3367300,yfinance
2023-03-22,55.70481331,56.71128498,54.7581297,54.76809311,2189000,yfinance
2023-03-23,54.80796141,56.15822982,54.22998472,54.75813675,2469600,yfinance
2023-03-24,54.08050782,55.00726087,53.19361601,54.83785248,1982400,yfinance
2023-03-27,55.60517444,55.68489695,54.90761772,55.59521103,1893700,yfinance
2023-03-28,55.58524227,56.10342714,55.42580107,55.76461411,1886800,yfinance
2023-03-29,56.44224517,56.69137231,55.90412962,56.50203705,4620100,yfinance
2023-03-30,57.06006651,57.5732715,56.81592303,57.12982559,2278700,yfinance
2023-03-31,57.39888334,58.0167213,57.28927061,57.97686005,2175900,yfinance
2023-04-03,57.89215654,58.39539054,57.16470587,58.08647537,2038500,yfinance
2023-04-04,57.96689416,57.96689416,54.69336408,55.06705475,3569000,yfinance
2023-04-05,54.52894438,54.78803491,53.93103703,54.698349,6584900,yfinance
2023-04-06,54.40935844,55.14677635,54.17518215,54.26984787,1887500,yfinance
2023-04-10,54.08051432,55.44572984,53.94100374,55.27632523,1839400,yfinance
2023-04-11,55.58524418,56.06356782,55.31618643,55.40587234,1233900,yfinance
2023-04-12,56.2329706,56.51199174,55.62509985,56.22300339,1957000,yfinance
2023-04-13,56.00377133,56.26286183,54.05061583,55.78453827,2984300,yfinance
2023-04-14,55.82439842,56.82589038,55.24642175,55.50551605,2110400,yfinance
2023-04-17,55.78453268,56.00874933,55.37596444,55.88418579,1519700,yfinance
2023-04-18,56.32265449,56.80097806,55.70482035,56.12335205,1622400,yfinance
2023-04-19,55.68489024,55.84433143,54.84782304,55.41583252,2524800,yfinance
2023-04-20,54.90761557,55.52545356,54.81294985,55.1667099,2179300,yfinance
2023-04-21,55.40587247,55.40587247,54.63856425,55.14678192,1878100,yfinance
2023-04-24,55.0371557,55.49554863,54.93750638,55.17666626,1232500,yfinance
2023-04-25,54.87771743,55.38593885,54.23995267,54.24991608,1748500,yfinance
2023-04-26,53.70183814,54.21005957,53.05410995,53.22351456,1721100,yfinance
2023-04-27,54.35953324,56.86077149,54.34956983,56.80097961,6102700,yfinance
2023-04-28,56.68139703,57.40884768,56.66146641,56.82090759,2479800,yfinance
2023-05-01,56.64154538,57.40885741,56.64154538,56.92056656,1807000,yfinance
2023-05-02,56.74118975,57.00028408,55.6649626,56.90063095,2297000,yfinance
2023-05-03,57.26933336,57.53839106,56.14327792,56.43226624,2454200,yfinance
2023-05-04,57.79748174,59.06304774,56.60167101,56.89065933,4120900,yfinance
2023-05-05,58.04661587,59.44172918,57.79748876,58.96340179,3022100,yfinance
2023-05-08,59.62110675,59.69086204,58.17616863,58.73421097,1793300,yfinance
2023-05-09,59.35204691,59.68089273,58.54487367,58.76410675,2063000,yfinance
2023-05-10,59.0530853,59.10789356,57.46863681,58.20605469,1575100,yfinance
2023-05-11,57.757625,58.08647459,57.1696849,57.74766159,1572200,yfinance
2023-05-12,58.11636707,58.49504131,57.58821885,58.04661179,1446800,yfinance
2023-05-15,57.84730715,58.86374609,57.84730715,58.72423553,1143300,yfinance
2023-05-16,58.20606548,58.51498451,57.94697493,58.32564545,1527000,yfinance
2023-05-17,58.95343784,59.31218148,58.09644,58.82389069,1876400,yfinance
2023-05-18,58.66445237,59.88019392,58.66445237,59.72075272,1438700,yfinance
2023-05-19,60.4382377,60.84680601,59.09294905,59.55134201,1647000,yfinance
2023-05-22,59.72074926,60.21900347,58.99329858,59.53141403,1917100,yfinance
2023-05-23,59.06290261,59.07286936,57.6573552,57.82681656,2445400,yfinance
2023-05-24,57.50782129,57.76700238,56.48107511,56.73028564,1854600,yfinance
2023-05-25,57.12903024,57.93647002,56.87981968,57.3981781,1972600,yfinance
2023-05-26,57.74706911,58.90340591,57.20877341,58.70403671,2068000,yfinance
2023-05-30,59.05293179,59.34500582,58.07104165,58.25545502,1565300,yfinance
2023-05-31,57.91652659,58.14580363,56.31161395,56.48107529,3338900,yfinance
2023-06-01,56.74025423,58.07602289,56.4312356,57.96637344,2153100,yfinance
2023-06-02,58.81368872,61.4004954,58.48971425,61.16623688,3217200,yfinance
2023-06-05,61.3057868,61.3057868,59.9102064,60.48837662,2281700,yfinance
2023-06-06,60.2890095,61.78427264,60.2890095,61.29582214,1486300,yfinance
2023-06-07,61.55500087,62.61165489,61.02667577,62.4920311,1724300,yfinance
2023-06-08,62.42225225,62.72130413,62.02351769,62.56180954,1270900,yfinance
2023-06-09,62.80105199,62.80105199,61.7842726,62.26275635,1215700,yfinance
2023-06-12,62.07336263,62.92067695,61.73443613,62.63159561,1696300,yfinance
2023-06-13,62.6913899,63.99725042,62.6913899,63.89756775,1765400,yfinance
2023-06-14,64.17669209,64.24647073,63.51878025,63.91751862,1915700,yfinance
2023-06-15,63.66830584,64.65518122,63.5187818,64.50565338,1961600,yfinance
2023-06-16,64.79474894,65.03798174,63.83778125,64.31626129,4462600,yfinance
2023-06-20,63.61846294,64.18666264,63.28950702,63.91751862,2438700,yfinance
2023-06-21,63.57858559,64.50564901,63.23965914,63.92747879,2810700,yfinance
2023-06-22,63.86767849,63.86767849,62.96055225,63.31941605,2803900,yfinance
2023-06-23,62.51197563,63.32938596,61.82415586,63.16989136,5020500,yfinance
2023-06-26,63.10010825,63.81783202,62.96055096,63.02036285,2882100,yfinance
2023-06-27,63.31941377,63.80786809,62.95058324,63.7281189,3152300,yfinance
2023-06-28,64.09695127,64.38602879,63.34931587,63.45896912,2829800,yfinance
2023-06-29,63.24963164,64.38602721,62.80105193,64.19663239,2852100,yfinance
2023-06-30,64.95425243,65.52245227,64.44685698,65.15361786,1880700,yfinance
2023-07-03,64.70502159,65.11372288,64.2963127,65.03397369,702300,yfinance
2023-07-05,64.41593967,64.84458208,63.79789483,63.91751862,1450400,yfinance
2023-07-06,63.36926164,63.48390017,62.72131266,63.35929489,1796100,yfinance
2023-07-07,63.21973171,64.71998412,63.13001956,64.05708313,1271700,yfinance
2023-07-10,64.76482918,65.68690351,64.44584003,65.60217285,1395200,yfinance
2023-07-11,65.80154678,66.52923723,65.6619895,66.04078674,1701200,yfinance
2023-07-12,66.66880262,66.80835992,65.85139234,65.90123749,1333800,yfinance
2023-07-13,66.01088258,66.69870604,65.64204828,66.46942902,1069900,yfinance
2023-07-14,66.41958547,66.45946006,65.691895,65.91120148,1475800,yfinance
2023-07-17,65.82147691,66.5142818,65.74172772,66.08065796,1985200,yfinance
2023-07-18,65.83144116,66.96784034,65.75169198,66.80834198,2535600,yfinance
2023-07-19,66.15045249,66.16042305,64.65518911,65.51247406,2943300,yfinance
2023-07-20,65.81150061,65.86134575,65.02400218,65.38285828,2048700,yfinance
2023-07-21,65.48255933,65.60217552,64.87448505,65.05391693,1483700,yfinance
2023-07-24,65.2233946,65.74174927,64.76484804,65.06389618,1546000,yfinance
2023-07-25,64.68508532,65.65202341,64.54552803,64.86451721,1791700,yfinance
2023-07-26,64.63525052,65.12869019,63.85771475,64.31626129,2205600,yfinance
2023-07-27,64.66515426,64.8146745,63.66830829,63.84774399,2450700,yfinance
2023-07-28,64.50564881,64.64520609,63.77795457,63.99725723,2456800,yfinance
2023-07-31,64.42591769,65.11872281,64.14680305,65.06389618,2150900,yfinance
2023-08-01,64.56546209,65.85138936,64.50565399,65.80155182,2872000,yfinance
2023-08-02,65.41278985,65.69190446,64.86452358,65.2831955,3487800,yfinance
2023-08-03,66.30993158,67.17718692,65.03397494,66.90804291,3897000,yfinance
2023-08-04,67.18717344,67.52609618,66.3597925,66.69872284,2857600,yfinance
2023-08-07,67.3067736,67.78526115,66.9180058,67.69554901,1669600,yfinance
2023-08-08,67.19713457,68.70236077,66.76849213,68.40331268,2451000,yfinance
2023-08-09,68.41326276,68.66247326,67.70550586,67.92481232,2853300,yfinance
2023-08-10,68.16407481,68.52293865,67.17720305,67.70552826,2419900,yfinance
2023-08-11,67.54603258,68.1042618,67.44634988,67.87498474,1522900,yfinance
2023-08-14,67.69555557,67.98463311,67.4313854,67.68558502,1723900,yfinance
2023-08-15,67.29682093,67.62079161,66.54918926,66.78842926,1638600,yfinance
2023-08-16,66.71862741,67.16720322,66.41957181,66.49932098,1505000,yfinance
2023-08-17,66.82829994,67.15725968,65.87133237,65.89126587,1814600,yfinance
2023-08-18,65.19348256,66.94792699,64.79474415,66.28003693,3796400,yfinance
2023-08-21,66.58906256,66.75852391,65.901239,66.48937225,1553700,yfinance
2023-08-22,67.10760789,67.5064583,66.55917717,66.65888977,1408300,yfinance
2023-08-23,66.80845698,68.48365441,66.7386574,68.3041687,1880900,yfinance
2023-08-24,68.2842183,68.95230094,67.97509942,68.04489899,3185100,yfinance
2023-08-25,68.38395615,69.10688211,67.88538547,68.70304108,2648200,yfinance
2023-08-28,68.65316528,69.2414825,68.40388,68.90245056,1993300,yfinance
2023-08-29,68.75288543,70.11897167,68.54348668,69.76997375,1993200,yfinance
2023-08-30,69.92951257,70.44803028,69.47082852,69.69020081,1978100,yfinance
2023-08-31,69.66028077,70.00927865,69.12182364,69.41099548,3960900,yfinance
2023-09-01,69.78991708,70.31840075,69.36114602,69.75003052,2936200,yfinance
2023-09-05,69.75998231,69.79986886,68.10473223,68.24433136,3946200,yfinance
2023-09-06,68.10474962,69.84974679,68.05488952,69.80986023,3655300,yfinance
2023-09-07,69.42095771,70.02921431,68.54346878,69.35115814,2989500,yfinance
2023-09-08,69.32124732,69.77993893,69.12182214,69.22153473,2458600,yfinance
2023-09-11,69.62039633,70.03919379,67.86044277,68.45374298,2885900,yfinance
2023-09-12,68.09477988,68.97226148,67.75774868,68.13466644,2752300,yfinance
2023-09-13,67.82554581,68.28423749,65.01360774,65.542099,3511000,yfinance
2023-09-14,66.24008722,66.79848383,65.54209145,66.36971283,2405900,yfinance
2023-09-15,66.10049336,66.42955179,65.29779436,65.71160889,2848100,yfinance
2023-09-18,65.69166638,66.30989672,65.43241511,66.20021057,2039900,yfinance
2023-09-19,65.98082341,66.55916706,65.09336845,66.04065704,4075000,yfinance
2023-09-20,66.45945901,66.81343986,64.7643145,64.83411407,2642200,yfinance
2023-09-21,64.60477418,64.60477418,63.55278999,63.85691833,2343300,yfinance
2023-09-22,63.87686062,64.75434971,63.62757913,64.31560516,1473800,yfinance
2023-09-25,63.99651688,64.19594206,63.09908836,64.13611603,2701500,yfinance
2023-09-26,63.40821258,64.03142206,62.42104106,62.61050034,2125500,yfinance
2023-09-27,63.22872575,63.60764049,62.76006815,63.08912659,2107100,yfinance
2023-09-28,63.17887097,64.59480974,62.99439847,64.08626556,2109800,yfinance
2023-09-29,64.59480521,64.95875962,63.24866612,63.53783798,3366600,yfinance
2023-10-02,63.38826173,64.07629155,63.09908988,63.41817474,2576900,yfinance
2023-10-03,63.06918042,63.23370963,61.96235308,62.67032242,3038200,yfinance
2023-10-04,62.62046332,63.25863305,62.16177931,63.07914734,1797700,yfinance
2023-10-05,63.19880798,63.39823698,62.02218111,62.64040756,3373000,yfinance
2023-10-06,62.28144235,63.73726768,61.96235745,63.23869705,1825000,yfinance
2023-10-09,63.08911532,64.07628664,62.33128598,63.91674042,1572200,yfinance
2023-10-10,63.96660876,65.08340203,63.60763733,64.50506592,1644800,yfinance
2023-10-11,64.68455255,65.88610191,64.64466599,65.80134583,2251100,yfinance
2023-10-12,65.95092028,66.5990636,65.25790743,65.87114716,2763900,yfinance
2023-10-13,66.02071628,66.26002803,63.19880873,64.03640747,2504000,yfinance
2023-10-16,64.71446788,65.39750719,64.28569684,64.76432037,1342800,yfinance
2023-10-17,64.4950959,66.15034641,64.25578413,65.47229767,1500400,yfinance
2023-10-18,64.59480628,64.59480628,62.10195326,62.2116394,3784900,yfinance
2023-10-19,62.23158341,63.14396854,60.80068439,61.04498672,3395500,yfinance
2023-10-20,61.02503753,61.26434926,60.0278964,60.24726486,3182800,yfinance
2023-10-23,60.16749992,60.59627094,59.10055915,59.14044571,3409200,yfinance
2023-10-24,60.35696035,60.48658978,59.28004975,59.50939178,3476500,yfinance
2023-10-25,59.18032263,60.30709314,59.08061004,59.19029617,4150400,yfinance
2023-10-26,59.56921356,60.59626772,59.27006818,59.70881271,2972500,yfinance
2023-10-27,59.82846583,60.11763766,59.03075371,59.21023941,2497100,yfinance
2023-10-30,59.84841605,60.61621524,59.33688212,60.39684296,4833600,yfinance
2023-10-31,60.05781266,60.78572526,60.00795636,60.50652695,3751100,yfinance
2023-11-01,60.57632557,61.84269531,60.16749785,61.81278229,5497300,yfinance
2023-11-02,62.0720407,66.07057911,61.94241128,65.40248871,5300500,yfinance
2023-11-03,66.68878476,66.9879301,65.11330783,65.17313385,3155500,yfinance
2023-11-06,65.15321564,65.34267494,64.50507981,65.06347656,3379700,yfinance
2023-11-07,64.72444102,65.82129486,64.41532207,65.79138184,2530500,yfinance
2023-11-08,66.12043442,66.38966682,65.31275243,65.86118317,2593100,yfinance
2023-11-09,66.57910484,67.62610599,66.11045494,66.83836365,4077500,yfinance
2023-11-10,66.79847629,68.16456225,66.79847629,68.14461517,2537300,yfinance
2023-11-13,67.9551625,69.14175515,67.86541585,68.66313171,4608500,yfinance
2023-11-14,69.5705321,69.91953758,69.12182164,69.46085358,2643900,yfinance
2023-11-15,69.46085155,70.01924812,69.09190661,69.51070404,2574000,yfinance
2023-11-16,69.68021327,70.40812957,69.56056121,69.9992981,1820000,yfinance
2023-11-17,70.46810637,70.46810637,69.66418174,70.13895416,1943000,yfinance
2023-11-20,70.23869324,70.43818288,69.77987848,70.23869324,2069300,yfinance
2023-11-21,70.06912132,70.63765339,70.06413694,70.35837555,1573900,yfinance
2023-11-22,70.47807215,70.78727154,70.24866099,70.52793884,1698300,yfinance
2023-11-24,70.64763441,71.14634705,70.41822324,71.14634705,674900,yfinance
2023-11-27,71.11644386,71.11644386,70.46811574,70.59777832,1807000,yfinance
2023-11-28,70.6775592,71.05657809,69.46069909,69.48065186,2904600,yfinance
2023-11-29,70.0292293,70.21874254,69.28116032,69.42079926,2064700,yfinance
2023-11-30,69.75993956,71.33586602,69.33104631,71.24610138,3532500,yfinance
2023-12-01,71.17627687,72.54275241,71.17627687,72.05400848,2451500,yfinance
2023-12-04,71.38573347,71.97421839,71.10645558,71.83457184,2320600,yfinance
2023-12-05,71.605174,72.25350206,71.35581763,71.7747345,1748300,yfinance
2023-12-06,72.08392065,72.79209928,71.0266523,71.19621277,1905600,yfinance
2023-12-07,71.5453241,72.37318136,71.35082646,72.36321259,2302600,yfinance
2023-12-08,72.30336544,73.23097137,72.20860881,73.12125397,2723600,yfinance
2023-12-11,73.19107419,74.298217,73.19107419,73.78953552,2004300,yfinance
2023-12-12,74.01894282,74.65729451,73.87531636,74.06881714,2094800,yfinance
2023-12-13,74.02891941,74.56753008,73.33071702,73.51025391,2115600,yfinance
2023-12-14,73.93912683,75.37841218,73.89922891,75.11608887,2590300,yfinance
2023-12-15,74.66726875,75.4302986,74.50767703,74.64731598,4784500,yfinance
2023-12-18,74.99643057,75.08420146,74.27828295,74.62738037,1751900,yfinance
2023-12-19,74.93656131,76.20329573,74.63733828,76.13347626,2263200,yfinance
2023-12-20,75.80432637,76.61223846,74.64730931,74.67723846,2029100,yfinance
2023-12-21,75.44525143,75.66468622,74.85677414,75.60484314,1392700,yfinance
2023-12-22,75.88412464,76.66709961,75.71456415,76.28309631,1433700,yfinance
2023-12-26,76.29307612,77.23065855,76.26315457,77.200737,1346300,yfinance
2023-12-27,77.28053171,77.66952705,77.03615972,77.64957428,1823000,yfinance
2023-12-28,77.53985213,77.9587766,77.37029163,77.57975006,1110000,yfinance
2023-12-29,77.72935403,77.81911865,77.08102606,77.14086914,1618100,yfinance
2024-01-02,76.8017493,77.41017935,76.0636567,76.53244781,1790100,yfinance
2024-01-03,76.01377995,76.27311265,74.4777441,74.52761841,2629500,yfinance
2024-01-04,74.70716475,75.57491999,74.52762788,74.74706268,1475700,yfinance
2024-01-05,74.60740662,75.09614282,74.39794063,74.60740662,2066600,yfinance
2024-01-08,74.61739414,75.54500009,73.81945836,75.52505493,1882800,yfinance
2024-01-09,74.7769792,75.71456146,74.38798393,75.71456146,2100100,yfinance
2024-01-10,75.6946029,76.18833114,75.54498758,76.09357452,1386100,yfinance
2024-01-11,76.13347594,77.53984168,75.34451215,77.48997498,3222000,yfinance
2024-01-12,77.88893041,77.96872625,76.53243913,77.22065735,2961900,yfinance
2024-01-16,76.93141721,77.80915642,76.44268091,77.74930573,2610700,yfinance
2024-01-17,76.96134082,77.5498181,76.77182757,77.25058746,2589500,yfinance
2024-01-18,77.55980476,78.16823489,76.96234789,77.97872162,1579200,yfinance
2024-01-19,78.36770337,78.7168007,77.66950872,78.67690277,2149400,yfinance
2024-01-22,78.81654351,79.24643357,78.62703788,79.1357193,1820300,yfinance
2024-01-23,79.31526481,79.31526481,78.1582553,79.00606537,2153100,yfinance
2024-01-24,79.54465393,79.62444976,78.41257428,78.63699341,4113100,yfinance
2024-01-25,79.1357241,79.54467215,78.48740371,79.04595947,2688400,yfinance
2024-01-26,79.15567591,79.42897252,78.82652372,79.09583282,2170200,yfinance
2024-01-29,78.8763996,80.3426161,78.83650167,80.27279663,2658200,yfinance
2024-01-30,79.94365103,80.62190064,79.91372948,80.40246582,2156000,yfinance
2024-01-31,80.1531011,80.64183739,79.52472587,79.65438843,2470900,yfinance
2024-02-01,80.15309213,82.01828005,80.15309213,81.77889252,4281300,yfinance
2024-02-02,81.65921822,83.79370792,81.37993272,83.5243988,2395600,yfinance
2024-02-05,82.74640754,83.30496331,82.29756916,82.69654083,2464700,yfinance
2024-02-06,82.64666926,83.18527989,81.99834123,83.02568817,7467000,yfinance
2024-02-07,83.34484756,84.75122075,83.16032633,84.35224915,2846300,yfinance
2024-02-08,84.45199288,85.27985765,84.19266779,85.16016388,2500800,yfinance
2024-02-09,85.4294843,86.28727072,85.05045779,85.67884064,4011700,yfinance
2024-02-12,85.5192634,86.01797617,85.11032289,85.24996185,1683500,yfinance
2024-02-13,83.94331814,85.16017063,83.52439372,84.89086914,2129400,yfinance
2024-02-14,85.76860604,86.61641609,85.36963436,86.26731873,2309800,yfinance
2024-02-15,86.70617095,87.67865898,86.29722298,87.56395721,2854600,yfinance
2024-02-16,91.4838383,92.08229188,89.12991427,89.23963165,5024800,yfinance
2024-02-20,88.04272199,88.26215676,86.37203929,86.5166626,3452800,yfinance
2024-02-21,87.17497033,88.78082563,87.00540986,88.71100616,3305100,yfinance
2024-02-22,90.04755486,90.68590645,89.62863806,90.5562439,2486000,yfinance
2024-02-23,90.80560219,90.87542166,89.44910315,90.29691315,2064900,yfinance
2024-02-26,90.09743583,90.90534794,89.96776566,90.52632904,2037100,yfinance
2024-02-27,90.71584054,90.87543227,89.30947463,90.14730835,2167300,yfinance
2024-02-28,90.09742746,90.54626579,89.51891897,89.61865997,2105400,yfinance
2024-02-29,89.82812937,91.21455007,89.53887509,91.09486389,4062400,yfinance
2024-03-01,90.70587038,92.20101163,90.53131789,91.39408875,2726200,yfinance
2024-03-04,91.43397621,92.12220211,91.10482403,91.30431366,1913300,yfinance
2024-03-05,90.92531157,91.0250526,89.29950315,89.7383728,4325500,yfinance
2024-03-06,90.46664664,90.95549163,89.86805985,90.02767944,2578900,yfinance
2024-03-07,90.69611431,91.18495933,90.05262758,90.94552612,2339300,yfinance
2024-03-08,91.06521102,91.45429271,89.47895604,90.15735626,1962000,yfinance
2024-03-11,89.24952318,89.6485836,88.62100814,89.30937958,2126900,yfinance
2024-03-12,89.13976807,90.80583693,88.50127453,90.64621735,1810200,yfinance
2024-03-13,90.8557164,90.9056018,89.88799755,90.31698608,2311300,yfinance
2024-03-14,90.73599629,91.18494203,90.01769681,90.79586029,2036900,yfinance
2024-03-15,89.88800892,91.04528329,89.88800892,90.25714111,2658100,yfinance
2024-03-18,90.84574326,91.5441008,90.24715651,90.99539185,1472800,yfinance
2024-03-19,91.05525538,91.55407897,90.49657539,91.34457397,1626900,yfinance
2024-03-20,91.46429276,93.4994939,91.16499556,93.4595871,2647400,yfinance
2024-03-21,93.87860398,95.06082114,93.60924257,94.87625122,2453000,yfinance
2024-03-22,94.72659483,94.86626483,93.76885447,94.51708984,1574500,yfinance
2024-03-25,95.02589833,95.94373196,94.13799291,94.25771332,2405000,yfinance
2024-03-26,94.09808418,94.82636999,93.96839278,94.22777557,1945400,yfinance
2024-03-27,94.57695662,95.18552201,93.57930943,95.03587341,2460800,yfinance
2024-03-28,94.94606131,95.18550207,94.27763966,94.72657776,2557100,yfinance
2024-04-01,94.70663443,94.71661304,93.18023567,93.39971924,1331100,yfinance
2024-04-02,93.59926111,93.59926111,92.16264669,92.3322525,3435400,yfinance
2024-04-03,92.33225282,93.73893144,92.12274021,93.17027283,2720800,yfinance
2024-04-04,94.17788977,94.54202884,92.06287513,92.08283234,2866500,yfinance
2024-04-05,92.66146991,94.82637013,92.4968572,94.58692932,2125600,yfinance
2024-04-08,94.83632796,95.19049601,93.68903992,93.7888031,1878200,yfinance
2024-04-09,94.26769035,94.34750396,92.12274716,93.28002167,2259500,yfinance
2024-04-10,91.94316078,93.57930142,91.23482463,92.77120209,1628600,yfinance
2024-04-11,92.49185082,93.63914637,92.1526545,92.95076752,1542200,yfinance
2024-04-12,91.66382855,92.50185621,91.25479712,91.70373535,1509200,yfinance
2024-04-15,93.16029664,93.29996664,90.71606394,91.06523895,1562100,yfinance
2024-04-16,90.97545165,91.51218025,90.25515025,90.66617584,1836800,yfinance
2024-04-17,91.2647626,91.29069479,88.61101758,89.35925293,1836200,yfinance
2024-04-18,90.08754614,90.54646294,88.64095312,88.76067352,1195300,yfinance
2024-04-19,89.05997252,89.78825841,87.25423332,88.19202423,2490000,yfinance
2024-04-22,88.6708748,89.11982058,87.89271125,88.42146301,2250400,yfinance
2024-04-23,89.11983025,90.401803,88.98016025,90.35691071,1530000,yfinance
2024-04-24,91.72367632,93.00066339,90.67614383,92.28235626,4269100,yfinance
2024-04-25,91.07520458,92.42202664,90.28706246,91.8134613,2567400,yfinance
2024-04-26,92.25244618,93.73893851,92.09281896,93.28002167,1973900,yfinance
2024-04-29,93.25008643,93.98335774,92.23248201,93.17027283,2663200,yfinance
2024-04-30,92.99069155,93.89855413,92.13271438,93.10043335,3619500,yfinance
2024-05-01,92.96076576,94.04819755,92.00302537,92.78118896,3435100,yfinance
2024-05-02,93.06051931,93.62917785,91.3944505,92.63153076,4134500,yfinance
2024-05-03,87.79294781,89.28941851,85.69988455,86.51596069,6849000,yfinance
2024-05-06,87.8627811,89.32433808,87.45374974,88.27182007,4549400,yfinance
2024-05-07,88.46137163,90.04763457,87.71313626,89.63859558,2983300,yfinance
2024-05-08,89.43906583,90.57139744,88.75068688,90.53647614,3647900,yfinance
2024-05-09,90.64621868,91.11511405,89.98278243,90.78588867,2390600,yfinance
2024-05-10,91.67378773,91.98305589,90.71604747,91.04527283,1844400,yfinance
2024-05-13,90.92556368,90.99539868,89.723397,90.62626648,3208000,yfinance
2024-05-14,90.57638773,91.4692786,90.07656704,91.32462311,1886600,yfinance
2024-05-15,91.81358526,92.74160026,91.52420342,92.59191895,1430400,yfinance
2024-05-16,92.26261442,92.5719502,90.46646165,91.20487976,4941800,yfinance
2024-05-17,91.79362238,92.5021058,91.41443633,92.4522171,3170900,yfinance
2024-05-20,92.74159073,94.32819268,92.54201313,93.93902588,2741600,yfinance
2024-05-21,93.63966032,95.10652328,93.60972558,94.99675751,3793600,yfinance
2024-05-22,95.19634423,96.15429394,94.88700083,96.07446289,3007800,yfinance
2024-05-23,96.05449987,96.46362061,94.5377406,94.89697266,5266600,yfinance
2024-05-24,95.26618495,95.76511752,94.93688763,95.29611969,3633000,yfinance
2024-05-28,95.46576402,95.46576402,92.89126992,93.26048279,5145200,yfinance
2024-05-29,92.65177545,92.65177545,90.81570728,90.8955307,2629700,yfinance
2024-05-30,90.66603834,91.88343517,90.44152017,91.80360413,1658400,yfinance
2024-05-31,91.88342608,92.93117993,90.58619832,92.85135651,3551400,yfinance
2024-06-03,93.1606982,93.56981898,88.8100052,89.84778595,3608200,yfinance
2024-06-04,89.72804716,90.06732532,86.76438596,87.77223206,4105900,yfinance
2024-06-05,88.07158901,89.68812585,87.40301351,89.53845215,2221500,yfinance
2024-06-06,89.1991683,89.45861538,87.62253948,88.19132233,3528800,yfinance
2024-06-07,88.45076835,89.75796929,87.43294922,88.93972015,2142000,yfinance
2024-06-10,88.83994575,91.04522714,88.83994575,90.99533844,2296600,yfinance
2024-06-11,90.67601548,91.86346992,89.80288341,91.18492126,3293900,yfinance
2024-06-12,91.88342526,95.09655228,91.56410872,94.53774261,3601800,yfinance
2024-06-13,94.12861312,94.7872001,93.0608978,94.24835205,2979600,yfinance
2024-06-14,92.80146865,93.10083128,89.80787289,91.26475525,2804100,yfinance
2024-06-17,90.91550276,93.58978191,90.24693488,93.10083008,1907000,yfinance
2024-06-18,93.1008237,94.58764068,92.82141506,94.3780899,2305400,yfinance
2024-06-20,94.15856034,94.84708976,92.30253046,92.9810791,2799400,yfinance
2024-06-21,93.15071324,93.15071324,91.72376572,92.69169617,3619700,yfinance
2024-06-24,92.92120388,93.7294722,92.54201025,92.72162628,2070700,yfinance
2024-06-25,92.4821466,92.4821466,89.13929971,89.71806335,3975500,yfinance
2024-06-26,89.21914762,89.95756588,88.26119016,89.60831451,2786500,yfinance
2024-06-27,90.03737689,90.80572972,89.64820248,90.77579498,1951700,yfinance
2024-06-28,90.80573448,91.72876284,89.98748531,90.64607239,2875800,yfinance
2024-07-01,91.86347111,92.10296425,88.84992145,89.34885406,1338400,yfinance
2024-07-02,89.29895313,90.50636909,88.85989763,90.46646118,1111900,yfinance
2024-07-03,90.62612423,91.58407399,90.00744502,90.8556366,651700,yfinance
2024-07-05,90.74586574,91.25976572,89.80787,91.18492126,1378100,yfinance
2024-07-08,91.43437438,92.54200522,91.30964124,91.91335297,1359900,yfinance
2024-07-09,92.12291651,92.70168016,91.49426417,91.53417969,1668000,yfinance
2024-07-10,92.41229169,94.22840595,92.08299436,94.09868622,1486300,yfinance
2024-07-11,94.49782454,96.79291738,94.41300692,95.29611969,2005700,yfinance
2024-07-12,96.10439619,98.07019187,95.79506041,97.07232666,2807600,yfinance
2024-07-15,97.89056931,99.22771256,97.70098011,98.44937897,2817100,yfinance
2024-07-16,99.0680512,100.4351292,98.73875387,100.12578583,3024300,yfinance
2024-07-17,99.64681343,99.64681343,97.81073761,97.81073761,2623000,yfinance
2024-07-18,97.53133828,99.37738729,97.13219069,97.70098114,2313600,yfinance
2024-07-19,98.04026085,98.33962347,96.5833785,96.65322876,1549000,yfinance
2024-07-22,97.69100654,99.9262225,96.87275736,99.73662567,2042900,yfinance
2024-07-23,99.43726266,101.08374167,99.29756215,100.03598022,1419400,yfinance
2024-07-24,99.17781407,99.57696165,95.36596961,95.54558563,3511200,yfinance
2024-07-25,95.89483682,98.55913487,94.75727119,96.73304749,2901600,yfinance
2024-07-26,97.88059756,99.39735698,97.63113125,98.48929596,1803600,yfinance
2024-07-29,98.51923978,99.30754663,97.87561243,98.52921295,2290900,yfinance
2024-07-30,99.33749187,100.45010953,98.16001054,98.65894318,2526400,yfinance
2024-07-31,100.0060529,100.95402181,98.64396902,100.18566895,3310700,yfinance
2024-08-01,91.80361606,95.17639835,90.20203876,91.03526306,7445600,yfinance
2024-08-02,89.30893703,89.50850703,86.49495742,87.23337555,6031700,yfinance
2024-08-05,84.55910146,88.3809273,83.54128223,86.85419464,4558000,yfinance
2024-08-06,87.12361175,89.83780642,86.87414544,87.96182251,2968200,yfinance
2024-08-07,88.98961598,89.48854856,86.84420434,87.1136322,2845200,yfinance
2024-08-08,88.51064346,90.41158313,87.82212162,90.28684998,2580800,yfinance
2024-08-09,89.86274955,90.55626555,88.41085388,89.27899933,2674900,yfinance
2024-08-12,89.49852643,89.76794666,87.77221639,88.07157898,2064800,yfinance
2024-08-13,88.76010607,89.85276967,87.89196822,89.71806335,2074700,yfinance
2024-08-14,89.77792068,90.92546703,89.5384352,90.83565521,1463600,yfinance
2024-08-15,92.36273694,92.67214069,91.07021939,92.04335022,1859200,yfinance
2024-08-16,92.03336107,92.33777711,90.81569689,90.83566284,2260400,yfinance
2024-08-19,91.19498865,91.664082,90.4963249,90.77578735,1676800,yfinance
2024-08-20,90.72588787,91.06024529,89.90745884,90.32665253,1305200,yfinance
2024-08-21,90.50629819,91.28480285,90.34660103,90.98538208,1079200,yfinance
2024-08-22,91.14507088,91.5343232,89.80764138,89.96733093,1201400,yfinance
2024-08-23,90.52626042,91.82876099,90.14699105,91.46446228,1824800,yfinance
2024-08-26,91.82378183,92.06332,90.55621776,90.62608337,1677600,yfinance
2024-08-27,89.85754882,90.7258851,89.59804471,90.45639801,1136900,yfinance
2024-08-28,90.82569351,91.13509729,88.82952443,89.22875977,1853100,yfinance
2024-08-29,90.10707513,91.91360579,89.5082259,90.62608337,2024500,yfinance
2024-08-30,90.95543171,91.38460832,89.77769177,91.27481842,2153600,yfinance
2024-09-03,90.41647804,90.82569637,87.36234167,88.16081238,2557200,yfinance
2024-09-04,87.83143777,88.54007687,86.83335325,87.09285736,1619400,yfinance
2024-09-05,86.95311758,87.5170301,85.3262351,87.44217682,2919900,yfinance
2024-09-06,87.25253579,88.62989713,86.21452711,86.67364502,2539700,yfinance
2024-09-09,87.8214525,88.44026763,87.19266201,87.28248596,2439300,yfinance
2024-09-10,87.78153294,87.89132285,86.73354873,87.86138153,2492400,yfinance
2024-09-11,87.79149869,89.69784346,86.19955293,89.45829773,2259100,yfinance
2024-09-12,89.57807632,90.54621942,87.94121848,89.68786621,2468800,yfinance
2024-09-13,90.10706561,91.64311908,89.33854391,90.85562897,2523300,yfinance
2024-09-16,91.63412906,91.99344006,90.3615775,90.76580048,2293800,yfinance
2024-09-17,91.50438652,93.85487884,91.01033195,93.79000092,2156200,yfinance
2024-09-18,93.99959969,95.7412599,93.05641013,93.56044006,2213600,yfinance
2024-09-19,95.81611823,97.5328249,94.6932731,97.46295929,2253400,yfinance
2024-09-20,96.9239779,97.81227242,95.80612062,96.58462524,3738400,yfinance
2024-09-23,97.15353898,98.07178248,96.65449674,97.30325317,1479100,yfinance
2024-09-24,98.01189651,99.37927503,97.40306434,97.82226562,1775300,yfinance
2024-09-25,98.2713992,98.2713992,94.32896846,94.84796906,3078500,yfinance
2024-09-26,96.68444448,97.35315924,94.83798213,96.22532654,2765500,yfinance
2024-09-27,96.40497663,98.96007808,96.05564858,97.89212799,3873200,yfinance
2024-09-30,97.45296903,98.0917425,96.72437162,97.97197723,3253600,yfinance
2024-10-01,98.16161445,98.49098418,96.64452928,97.81228638,2761600,yfinance
2024-10-02,97.31324454,100.54703638,97.01381613,99.7485733,3412300,yfinance
2024-10-03,99.25949433,99.57888105,97.99193045,98.74049377,2118800,yfinance
2024-10-04,99.80843905,100.9662206,98.99999313,100.93627167,2268600,yfinance
2024-10-07,100.04799474,101.21575947,99.37927991,99.82841492,2466800,yfinance
2024-10-08,100.1178548,100.1178548,97.47293694,98.68061829,2051800,yfinance
2024-10-09,98.68061523,99.56890981,98.04184177,99.2395401,1350300,yfinance
2024-10-10,98.8203508,99.57888955,98.14165301,98.37120819,1827500,yfinance
2024-10-11,98.33127901,100.67678361,98.33127901,100.56699371,2254400,yfinance
2024-10-14,100.9462691,102.4833202,100.58695806,102.24378204,1361100,yfinance
2024-10-15,102.30366169,102.54319984,100.31747566,100.47716522,1932400,yfinance
2024-10-16,100.31746574,100.81650794,100.02802035,100.19769287,1556700,yfinance
2024-10-17,100.76660595,101.70480778,100.76660595,100.83647156,1257500,yfinance
2024-10-18,101.25567156,101.25567156,99.87831766,100.20768738,1536300,yfinance
2024-10-21,100.29751213,100.88638597,99.54894874,99.83839417,1842500,yfinance
2024-10-22,99.38925785,99.83839284,98.26141747,98.27140045,1611200,yfinance
2024-10-23,97.45297371,97.85220905,95.79615734,96.20536804,2986600,yfinance
2024-10-24,96.4948174,96.4948174,95.25719466,95.74625397,1841900,yfinance
2024-10-25,96.71438724,97.07369826,95.48673999,95.93588257,1904900,yfinance
2024-10-28,96.82417379,97.86218252,96.39998486,96.92398071,2803200,yfinance
2024-10-29,96.3550779,97.59270054,95.67638014,97.07369995,1424000,yfinance
2024-10-30,96.84412971,97.62762964,96.55468432,97.09365082,1659600,yfinance
2024-10-31,96.30516029,97.21342074,95.76619381,95.81610107,3327400,yfinance
2024-11-01,93.81994223,97.627637,93.32189752,93.79000092,3880800,yfinance
2024-11-04,93.81993984,96.03069328,93.62032599,94.42877197,2520300,yfinance
2024-11-05,94.62838444,97.60766714,94.45871191,97.5128479,2082100,yfinance
2024-11-06,101.8046192,103.05222483,100.8065347,102.78274536,3745600,yfinance
2024-11-07,102.73283116,103.76085691,102.34357884,103.3316803,2009600,yfinance
2024-11-08,102.77277084,103.69100683,102.22881657,102.41345978,3035300,yfinance
2024-11-11,103.21191405,105.12823432,102.4334018,104.59925079,2766100,yfinance
2024-11-12,104.51940133,105.42765419,103.84070363,104.0303421,1707300,yfinance
2024-11-13,104.19004789,104.9885186,103.94551443,104.1501236,1720000,yfinance
2024-11-14,103.94048025,104.60932321,102.61277159,102.81242371,1594800,yfinance
2024-11-15,102.51294893,103.491255,101.874053,102.25339508,1937400,yfinance
2024-11-18,101.52465593,102.28334775,101.03550287,101.4747467,1829200,yfinance
2024-11-19,99.80762007,102.26337768,99.66785445,102.20347595,1975800,yfinance
2024-11-20,102.60279522,103.01209199,101.32500329,102.93222809,1990000,yfinance
2024-11-21,103.15184374,103.68991588,102.2334318,102.86234283,2180900,yfinance
2024-11-22,103.17179795,104.77902252,102.38315918,103.82067871,2163700,yfinance
2024-11-25,104.52946192,105.84718572,104.37473039,105.16835785,3004100,yfinance
2024-11-26,104.77902435,104.99365761,104.05527594,104.55940247,1426700,yfinance
2024-11-27,104.49951651,104.99865444,103.39142971,103.87060547,1170900,yfinance
2024-11-29,103.87061398,104.37474059,103.41140035,103.99040222,907100,yfinance
2024-12-02,104.56939405,105.18832781,103.85063423,104.93875885,1777200,yfinance
2024-12-03,105.01862382,105.46785255,103.59108894,104.06027985,1775400,yfinance
2024-12-04,104.15012455,104.54943643,103.4313647,103.77077484,1588000,yfinance
2024-12-05,103.69091299,104.00037606,102.43308332,102.78247833,1632100,yfinance
2024-12-06,103.32155071,103.39641835,101.97886847,102.10365295,1557200,yfinance
2024-12-09,102.74254703,103.01707441,101.26510306,102.36320496,2296700,yfinance
2024-12-10,102.21346057,102.99211449,100.70107331,101.66440582,1416800,yfinance
2024-12-11,102.69264282,102.80245377,101.14531215,101.50469208,1748400,yfinance
2024-12-12,101.50468629,101.8640662,100.84582059,101.24513245,1217200,yfinance
2024-12-13,101.15528885,101.8690524,100.5563249,100.92568207,1441900,yfinance
2024-12-16,100.92567826,100.94564804,99.5780075,99.67783356,1956100,yfinance
2024-12-17,98.88920411,99.498153,97.1122743,97.38181305,3065600,yfinance
2024-12-18,97.40177026,97.50159632,92.63999801,92.70987701,2789500,yfinance
2024-12-19,93.84791987,94.55669485,91.03278212,91.10266113,3183200,yfinance
2024-12-20,90.73328503,93.62828632,90.25411692,92.12088776,5175400,yfinance
2024-12-23,91.79145692,92.15083682,90.72330212,91.63173676,1571400,yfinance
2024-12-24,91.36220223,92.41139264,91.10265599,92.19077301,592100,yfinance
2024-12-26,91.97114487,92.50522606,91.42209776,92.12088776,850000,yfinance
2024-12-27,91.42209426,92.47027922,90.83810387,91.41210938,1153300,yfinance
2024-12-30,90.34395995,90.90299197,89.29576732,90.36392212,1113300,yfinance
2024-12-31,90.95290451,91.24240539,90.00454559,90.30402374,1257900,yfinance
2025-01-02,91.14258364,91.5219257,90.07442884,90.36392212,2149100,yfinance
2025-01-03,90.68337913,92.55015781,90.37391604,92.33053589,2473200,yfinance
2025-01-06,92.91950942,93.42862458,90.82313185,91.11262512,1833700,yfinance
2025-01-07,90.96289876,91.12261893,88.15773842,89.00627899,3893100,yfinance
2025-01-08,88.39732117,89.29576326,87.34413994,89.07614899,2441300,yfinance
2025-01-10,88.0978473,88.23261667,86.59044857,86.8699646,2452200,yfinance
2025-01-13,85.98148581,88.23759109,85.85171271,88.0279541,2969300,yfinance
2025-01-14,88.7666891,90.07443567,88.67185167,89.24586487,1919100,yfinance
2025-01-15,90.50368973,91.59180672,90.28406783,90.373909,2139200,yfinance
2025-01-16,90.67340028,91.09267432,90.12934175,90.59353638,2132200,yfinance
2025-01-17,91.57183761,92.47027969,91.07269973,91.72157288,2556800,yfinance
2025-01-21,92.66993341,94.48679485,92.45031154,93.91777802,2989100,yfinance
2025-01-22,94.33706653,94.50677159,93.48853359,94.0675354,2400400,yfinance
2025-01-23,94.03758516,94.62657189,92.71487266,93.89782715,2067300,yfinance
2025-01-24,93.82794288,93.92078484,92.68990904,92.94946289,1691500,yfinance
2025-01-27,91.77150726,92.7697832,90.9529213,91.77150726,2127600,yfinance
2025-01-28,91.65169819,91.65169819,90.41383834,90.78320312,2561600,yfinance
2025-01-29,90.79317095,92.09093239,90.71331468,91.04273987,1667000,yfinance
2025-01-30,92.16082701,94.21727284,91.32227894,93.84791565,2534900,yfinance
2025-01-31,94.11744328,95.68473601,93.33380072,93.63827515,2857300,yfinance
2025-02-03,91.24240766,92.78973055,90.1542831,92.35049438,1830700,yfinance
2025-02-04,93.52845934,93.93774844,92.42037262,92.50023651,1388000,yfinance
2025-02-05,92.84964532,93.0992143,91.23243559,92.30059052,1669100,yfinance
2025-02-06,92.89954426,93.48853095,91.62175245,92.21073914,2277100,yfinance
2025-02-07,92.580097,92.580097,90.44378736,90.79318237,2379700,yfinance
2025-02-10,91.44207054,92.29060353,90.33398369,92.02107239,2253900,yfinance
2025-02-11,91.44206098,92.12088883,90.94292309,92.01107788,1953900,yfinance
2025-02-12,90.47373742,91.39215699,90.15428946,91.19249725,2054700,yfinance
2025-02-13,91.00283142,92.5801015,90.69336073,92.39043427,2619000,yfinance
2025-02-14,87.84827224,89.06616996,85.42246169,85.57220459,7442400,yfinance
2025-02-18,85.85171131,86.94981307,85.54224827,86.60041809,3974800,yfinance
2025-02-19,86.10129125,87.0197032,85.24277342,85.54225922,2217600,yfinance
2025-02-20,85.42246388,87.03967349,85.20284197,86.62039185,3180000,yfinance
2025-02-21,86.72022519,86.74018735,83.11644879,83.5457077,2647900,yfinance
2025-02-24,83.79527858,84.10474166,82.25793283,82.78701782,2744900,yfinance
2025-02-25,82.63727457,83.55568653,81.56612652,83.24622345,2369700,yfinance
2025-02-26,83.93504562,84.72368456,83.08651257,83.21628571,2033500,yfinance
2025-02-27,83.25620224,84.52400914,82.67720046,82.94673157,2466000,yfinance
2025-02-28,83.46584627,84.85344912,82.93676127,84.63382721,3844800,yfinance
2025-03-03,85.31264211,85.82176485,81.76876787,82.45757294,2886800,yfinance
2025-03-04,81.24967619,82.70715812,79.82712997,81.30957031,3079200,yfinance
2025-03-05,81.72895134,84.46489705,81.37448061,84.30513763,3466400,yfinance
2025-03-06,83.3465585,85.38354249,82.53775884,84.62466431,3910600,yfinance
2025-03-07,84.10542947,85.27369725,82.17828359,85.1039505,4479400,yfinance
2025-03-10,83.57621084,85.01907349,82.23819626,83.39647675,4090500,yfinance
2025-03-11,83.08692905,83.95564504,81.70897286,82.76740265,2482900,yfinance
2025-03-12,83.40646013,83.7509511,80.97006638,81.36947632,2542800,yfinance
2025-03-13,81.12983465,81.93863426,79.67199484,79.88168335,2181200,yfinance
2025-03-14,81.21968652,82.13833154,80.34099087,81.748909,1923900,yfinance
2025-03-17,81.71896394,83.43642147,81.48930835,82.84729767,1968500,yfinance
2025-03-18,82.48783236,82.67755382,80.97007596,81.48931122,1849600,yfinance
2025-03-19,81.82879557,82.41792694,80.81030747,82.00852966,2361000,yfinance
2025-03-20,80.96009343,82.19426558,80.76438414,81.54921722,1473100,yfinance
2025-03-21,80.52073694,81.00003039,79.73190439,80.84026337,2946300,yfinance
2025-03-24,81.85876054,82.76741075,81.20972032,82.10839081,3134500,yfinance
2025-03-25,82.57768271,82.92717115,81.26962265,82.24817657,1984000,yfinance
2025-03-26,82.1982481,83.0370097,81.03397225,81.25963593,1782000,yfinance
2025-03-27,80.96008795,81.47432567,79.73190371,81.17976379,1963500,yfinance
2025-03-28,80.88020785,81.64906573,78.91312009,79.3225174,1769100,yfinance
2025-03-31,78.08434105,80.43586141,77.06585296,79.91163635,2928000,yfinance
2025-04-01,79.59211321,80.76038103,78.84322241,80.49078369,2016700,yfinance
2025-04-02,79.30254335,81.94862577,79.30254335,81.57917023,1683600,yfinance
2025-04-03,77.82473124,78.24410824,72.89702479,73.41126251,4805000,yfinance
2025-04-04,70.63537129,70.65534598,67.09062642,69.59690857,6552900,yfinance
2025-04-07,68.15904975,71.90350373,65.54292183,67.83952332,6227400,yfinance
2025-04-08,70.53552972,71.55402551,65.51296982,66.65128326,4638500,yfinance
2025-04-09,65.79254454,74.03034235,65.60282313,73.21155548,7395500,yfinance
2025-04-10,71.27443475,73.05180874,69.30735454,70.83509064,7486400,yfinance
2025-04-11,70.84505783,73.33138046,69.01777029,72.89202881,4559400,yfinance
2025-04-14,73.91053783,74.02037577,72.57252304,73.26150513,1751800,yfinance
2025-04-15,73.22155057,74.25002603,72.57251036,72.72229004,1727500,yfinance
2025-04-16,71.78367814,72.58249803,70.65535209,71.2544632,1353700,yfinance
2025-04-17,71.76371728,72.87207636,71.5939629,71.93346405,1891000,yfinance
2025-04-21,70.78515777,71.15461331,68.86799915,69.61688995,2308000,yfinance
2025-04-22,70.66533573,72.51260588,70.21101442,72.14315033,2011000,yfinance
2025-04-23,75.08879318,76.46675735,73.09674821,73.26150513,2032800,yfinance
2025-04-24,73.24151836,76.02739304,72.95394229,75.62798309,1802000,yfinance
2025-04-25,75.16866185,75.93552374,74.49965458,74.86911011,3403600,yfinance
2025-04-28,75.10876151,76.00743206,74.03534671,74.68938446,7044300,yfinance
2025-04-29,73.99041229,75.24855102,73.78072378,74.74929047,7168700,yfinance
2025-04-30,73.86060348,75.51814446,72.6224395,75.3184433,4848400,yfinance
2025-05-01,75.93752302,77.2705476,75.23855376,76.09728241,4644700,yfinance
2025-05-02,75.87760512,78.27405693,75.08877266,76.61651611,4538900,yfinance
2025-05-05,76.19713643,77.86467232,75.87262014,76.83618927,3667200,yfinance
2025-05-06,75.98745811,76.79126794,75.51815195,75.807724,3216700,yfinance
2025-05-07,76.31695725,78.03441452,76.14721052,77.74484253,5279800,yfinance
2025-05-08,78.74336037,79.76184836,77.76480652,79.11281586,3707500,yfinance
2025-05-09,79.50224949,80.20121118,78.95106391,79.20269012,3023700,yfinance
2025-05-12,82.93714813,84.54476748,82.55771291,84.0954361,7019400,yfinance
2025-05-13,84.37503815,85.2437543,83.91571933,84.37503815,2783700,yfinance
2025-05-14,83.98560601,84.42495771,83.04699378,83.11688995,2857600,yfinance
2025-05-15,82.89716339,83.43649525,82.56757043,82.89716339,2732400,yfinance
2025-05-16,82.80727872,83.97582727,82.54759873,83.90591431,2206500,yfinance
2025-05-19,82.73736039,83.84598574,82.6075242,83.44648743,2818300,yfinance
2025-05-20,82.92712506,83.38655421,82.47768566,82.81726074,2362200,yfinance
2025-05-21,81.91836701,82.52761178,80.96455613,81.08940125,3765800,yfinance
2025-05-22,80.67991034,81.67867132,80.48016119,81.09938812,3892500,yfinance
2025-05-23,79.62122487,80.85968632,79.36154488,80.28040314,3790800,yfinance
2025-05-27,81.50888934,82.61751471,80.70987746,82.4876709,3025700,yfinance
2025-05-28,82.60751884,82.86719883,81.48890381,81.73859406,2367200,yfinance
2025-05-29,82.46769557,82.46769557,81.33909838,82.04821777,2455700,yfinance
2025-05-30,81.62874133,81.79852888,80.85969108,81.53884888,5060200,yfinance
2025-06-02,81.30913665,81.48890632,79.52634461,80.95956421,2418400,yfinance
2025-06-03,81.14934284,82.11814237,80.7098855,81.8484726,1970600,yfinance
2025-06-04,82.3278708,82.46769673,81.50389601,81.77854919,1762900,yfinance
2025-06-05,82.13809133,82.16805294,81.13933047,81.76855469,1961200,yfinance
2025-06-06,83.09691627,83.43649899,82.74735143,83.01702118,2139400,yfinance
2025-06-09,83.59629842,83.89592979,83.11689738,83.3565979,1689800,yfinance
2025-06-10,83.67620387,84.79481905,83.14686171,84.59506226,2804100,yfinance
2025-06-11,84.79480677,84.79480677,82.78230405,83.09690857,2777100,yfinance
2025-06-12,82.19803411,82.66744538,81.50888657,82.41775513,1820300,yfinance
2025-06-13,81.27916787,81.82848947,80.11761443,80.40026093,2209700,yfinance
2025-06-16,81.38903418,82.18804605,80.87967154,81.50888824,1564100,yfinance
2025-06-17,80.72985186,81.67368069,80.3203562,80.54008484,1655900,yfinance
2025-06-18,80.87967029,81.55882808,80.54008758,80.68990326,1778000,yfinance
2025-06-20,81.59877214,81.62874137,79.95581362,80.29039764,2896000,yfinance
2025-06-23,80.30037309,81.96830186,79.64118727,81.82847595,1707100,yfinance
2025-06-24,82.54759898,83.99579939,82.04821847,83.58631134,2657800,yfinance
2025-06-25,83.85598436,84.05574116,83.14686486,83.17682648,1650300,yfinance
2025-06-26,83.54635996,85.05449121,83.22675674,84.83476257,1679000,yfinance
2025-06-27,84.78481527,85.34411896,83.65621816,84.16558075,2878100,yfinance
2025-06-30,83.86596457,83.86596457,82.97706787,83.07694244,2641700,yfinance
2025-07-01,82.75734128,86.06323792,82.4776894,85.19432068,2776100,yfinance
2025-07-02,85.3541184,86.48271565,84.96460221,86.44277191,2594500,yfinance
2025-07-03,86.92217164,87.32167758,86.78733677,86.87223816,1240600,yfinance
2025-07-07,86.53265745,87.41356849,85.75861611,86.73240662,5127200,yfinance
2025-07-08,86.96212965,87.66125938,86.62255453,86.90220642,2050000,yfinance
2025-07-09,87.71118554,88.00082713,86.94214297,87.59133148,1783700,yfinance
2025-07-10,87.74115306,90.32794804,87.39158823,88.58011627,3712500,yfinance
2025-07-11,87.63127814,89.04452571,87.60131653,88.90969086,2286800,yfinance
2025-07-14,87.9608854,88.39035296,86.63253138,87.53141785,2635500,yfinance
2025-07-15,88.0108218,88.13066824,86.1730976,86.19307709,2182800,yfinance
2025-07-16,86.16311085,86.4128011,84.32040314,86.02328491,2654300,yfinance
2025-07-17,86.22304979,87.7231879,85.97835057,87.64128876,2493900,yfinance
2025-07-18,86.22304025,87.27173474,84.58507279,85.44400787,4273700,yfinance
2025-07-21,86.27296918,86.27296918,83.78605652,83.78605652,2569500,yfinance
2025-07-22,83.73612085,85.41403968,83.46645873,85.33414459,2593400,yfinance
2025-07-23,86.2929522,87.15188727,85.65374577,86.72241974,2834600,yfinance
2025-07-24,86.21304755,87.3616242,85.91341621,86.782341,2749500,yfinance
2025-07-25,87.1518937,88.25052936,86.73240826,88.1606369,2081200,yfinance
2025-07-28,88.16062578,88.55514063,87.54139887,87.72117615,1947600,yfinance
2025-07-29,88.22056879,88.36039473,86.59258334,86.96212769,2309200,yfinance
2025-07-30,87.19184045,87.39158961,85.22428001,85.65374756,2826100,yfinance
2025-07-31,85.26422747,86.59257378,84.30541784,84.52513885,4827900,yfinance
2025-08-01,79.10186508,79.25168074,73.77847494,74.88710022,12246100,yfinance
2025-08-04,75.5862291,78.93207677,75.28659777,78.50260925,6799300,yfinance
2025-08-05,78.34280928,78.41272224,76.65490088,77.55378723,4172600,yfinance
2025-08-06,77.51384349,77.753544,76.29535382,76.38524628,4007100,yfinance
2025-08-07,77.32408048,77.33407023,76.01570592,76.18549347,2403500,yfinance
2025-08-08,76.42518375,76.76476643,75.59621796,75.7959671,1773600,yfinance
2025-08-11,76.1155699,76.64491197,75.53129566,76.35527039,2539000,yfinance
2025-08-12,77.00447826,79.14182638,76.70485451,78.33283234,2759900,yfinance
2025-08-13,78.62246642,80.70987323,77.79349296,80.66992188,3312100,yfinance
2025-08-14,79.80078577,80.2603287,79.14144421,80.12046814,3142200,yfinance
2025-08-15,80.32027162,80.35523295,77.63792906,78.24233246,2918000,yfinance
2025-08-18,78.14244138,79.0515351,77.73284426,78.81177521,2316000,yfinance
2025-08-19,78.78179462,80.49009789,78.64193407,79.76081848,1754600,yfinance
2025-08-20,79.46112066,79.53105094,78.56201167,78.96161652,2989500,yfinance
2025-08-21,78.83175847,79.04154933,77.19337764,77.37319946,1849000,yfinance
2025-08-22,78.37220267,81.33925872,77.91265974,80.5500412,2184400,yfinance
2025-08-25,80.67991347,80.91967333,79.60098267,79.60098267,1437600,yfinance
2025-08-26,79.62096303,81.18940585,79.34124191,81.04954529,4712800,yfinance
2025-08-27,80.75983433,81.40919131,80.36023708,80.56003571,1693200,yfinance
2025-08-28,80.789808,80.789808,79.61597014,80.18041229,1431300,yfinance
2025-08-29,79.87071543,80.4301653,78.9815986,79.35123444,1923000,yfinance
2025-09-02,78.52205825,78.84674055,77.15342163,77.86271667,2228700,yfinance
2025-09-03,77.50306704,78.02754793,76.79377205,77.3032608,1567300,yfinance
2025-09-04,77.3132647,79.62097182,77.0735048,79.12146759,2898000,yfinance
2025-09-05,79.85074286,81.41918576,79.44414875,80.86972809,3149700,yfinance
2025-09-08,80.86972746,81.19940206,79.13145496,80.30029297,4536500,yfinance
2025-09-09,79.97062156,80.4501413,78.94163655,79.58100891,3291700,yfinance
2025-09-10,79.60098865,81.03956317,79.29129849,80.16043091,2742800,yfinance
2025-09-11,79.97062735,82.27833437,79.87072041,80.93965912,4317800,yfinance
2025-09-12,80.72986179,81.21938136,78.68189926,78.71186829,3643400,yfinance
2025-09-15,79.17141729,80.0105807,78.3722075,78.97161865,3002800,yfinance
2025-09-16,78.86173132,79.3212743,77.41816438,77.62295532,3499700,yfinance
2025-09-17,78.15242073,80.12046063,77.77279271,78.92165375,5521200,yfinance
2025-09-18,79.68090865,81.50908815,79.26631927,81.44915009,4119700,yfinance
2025-09-19,81.688913,82.14846357,80.29030735,81.52907562,13598000,yfinance
2025-09-22,80.55004175,81.84875567,79.74084741,81.71888733,3649800,yfinance
2025-09-23,82.1085047,82.30830333,80.67992235,81.23936462,4315100,yfinance
2025-09-24,80.98961033,81.74885884,80.5450519,80.82977295,3747500,yfinance
2025-09-25,80.06053002,80.65993352,79.29129693,80.42017365,3363400,yfinance
2025-09-26,81.08950709,82.49711408,80.30028957,82.21839142,3010400,yfinance
2025-09-29,82.83778318,82.94767472,81.56904573,82.46815491,3073100,yfinance
2025-09-30,82.27833399,82.91769876,81.28931778,82.53807831,3569800,yfinance
2025-10-01,81.77883256,83.71191147,81.54905726,83.41720581,3552800,yfinance
2025-10-02,83.38723205,84.49613198,82.46814616,84.0965271,2870500,yfinance
2025-10-03,83.74686888,84.51610192,83.29731056,83.866745,2801600,yfinance
2025-10-06,83.91670469,84.53609263,83.27733993,83.3272934,3621900,yfinance
2025-10-07,83.71690807,84.21641228,80.87972021,81.26933289,3699400,yfinance
2025-10-08,81.43915643,81.79880004,80.17041919,80.90968323,3190100,yfinance
2025-10-09,81.18940239,81.32927057,78.18239285,78.4021759,2556600,yfinance
2025-10-10,78.86171598,79.38618923,75.84470671,76.0245285,2238600,yfinance
2025-10-13,76.81374596,77.71285493,76.00455169,76.0245285,2754600,yfinance
2025-10-14,74.70584663,77.51305779,74.346203,77.16340637,4094600,yfinance
2025-10-15,77.62294094,78.18239076,75.90465309,76.59396362,2629700,yfinance
2025-10-16,76.89367855,77.53304332,74.90565395,75.73482513,2549600,yfinance
2025-10-17,74.53600525,77.25330887,74.53600525,77.14341736,2923000,yfinance
2025-10-20,77.89268483,78.77180947,77.71785532,78.39218903,1826300,yfinance
2025-10-21,77.70286089,80.53005608,77.68288407,79.48109436,1848800,yfinance
2025-10-22,79.5510333,80.4901036,78.02255172,78.05252075,3114000,yfinance
2025-10-23,78.84172963,80.55003283,78.42214799,80.28030396,1800100,yfinance
2025-10-24,81.10948734,81.10948734,79.62095946,79.70088196,1724400,yfinance
2025-10-27,80.9096872,81.21938498,79.88070978,80.16043091,3377300,yfinance
2025-10-28,80.66992215,80.66992215,78.36221536,78.77180481,3927000,yfinance
2025-10-29,79.24134361,81.32427515,78.75183165,79.62096405,4414600,yfinance
2025-10-30,79.27131207,80.99959989,78.45212552,78.65193176,5546600,yfinance
2025-10-31,76.35420992,79.13145197,74.92562765,76.25431061,6946200,yfinance
2025-11-03,75.92462921,76.68387764,74.6259154,75.92462921,5061000,yfinance
2025-11-04,75.3452114,77.54303444,75.21534305,77.16340637,4103200,yfinance
2025-11-05,76.85372195,79.75584034,76.85372195,78.32226562,4141000,yfinance
2025-11-06,78.36221476,79.4711146,77.24332271,77.60296631,3060500,yfinance
2025-11-07,76.79377658,77.81276177,75.96959009,77.42314911,2576900,yfinance
2025-11-10,77.86271143,78.03254102,75.93462506,77.17339325,2764800,yfinance
2025-11-11,77.07349698,77.4331406,76.51904703,77.25331879,2784000,yfinance
2025-11-12,77.4830818,78.84173371,77.34322125,77.63293457,2857000,yfinance
2025-11-13,77.17328531,78.16255611,75.68937529,76.14403534,2396900,yfinance
2025-11-14,74.9249281,75.8442505,74.58517387,75.41456604,2165900,yfinance
2025-11-17,74.94492327,75.09481464,73.30612822,73.61589813,2939000,yfinance
2025-11-18,73.13625043,74.17548755,72.39678841,73.50597382,1928100,yfinance
2025-11-19,73.67585048,73.87570054,72.83646348,73.6558609,4479300,yfinance
2025-11-20,73.25615995,75.49851528,73.25615995,74.48526001,4222900,yfinance
2025-11-21,74.32537406,79.33669053,74.32537406,78.48232269,3894100,yfinance
2025-11-24,78.53227364,78.70714816,76.73360028,77.68289948,5826200,yfinance
2025-11-25,78.39238148,79.81134439,77.74286495,79.40164185,2269700,yfinance
2025-11-26,79.19179296,80.37092659,79.02691323,79.81134033,2230100,yfinance
2025-11-28,79.74139391,80.66071639,79.69142759,80.2809906,1043900,yfinance
2025-12-01,79.62148157,80.81061004,79.07188245,79.13184357,2145600,yfinance
2025-12-02,79.23176124,79.68142766,78.11258116,79.12184143,2103100,yfinance
2025-12-03,79.42163079,80.10113168,78.95197475,79.69142914,1525000,yfinance
2025-12-04,79.75138342,80.19106271,79.38166003,79.93125153,2120300,yfinance
2025-12-05,79.79135104,80.05615579,79.30670664,79.80134583,1621000,yfinance
2025-12-08,79.71140836,80.16108243,78.83205744,79.25174713,2839100,yfinance
2025-12-09,79.20179206,79.65145852,78.26247998,78.32243347,2324900,yfinance
2025-12-10,78.48232171,81.01545606,78.42236821,80.92053223,2243000,yfinance
2025-12-11,81.41016872,83.47864818,80.5507997,83.37872314,2535800,yfinance
2025-12-12,83.70846938,84.40795982,81.35520335,81.69995117,3541900,yfinance
2025-12-15,82.06967058,82.30949978,80.92052138,81.57003784,3538900,yfinance
2025-12-16,81.81985831,81.84984268,79.43161432,79.55152893,2411300,yfinance
2025-12-17,79.33169363,80.31097725,77.62295041,78.0626297,3235300,yfinance
2025-12-18,79.00192858,79.91126385,78.54226736,78.79208374,3291700,yfinance
2025-12-19,78.75211521,79.49157721,78.25248244,79.22177124,6617900,yfinance
2025-12-22,79.93124984,81.34021794,79.09187044,81.0604248,1901100,yfinance
2025-12-23,80.710674,81.41016445,80.2410256,81.39017487,1514800,yfinance
2025-12-24,81.38019191,81.64499668,81.21631089,81.51009369,633000,yfinance
2025-12-26,81.16034528,81.65997803,80.82059104,81.22029877,900200,yfinance
2025-12-29,81.30024504,81.75990627,80.75064594,80.8405838,1452400,yfinance
2025-12-30,80.72066868,81.09539326,80.43088076,80.59076691,1182100,yfinance
2025-12-31,80.61075148,80.71567772,79.08187638,79.16181946,1306700,yfinance
2026-01-02,79.77137193,80.07114703,78.59223826,79.70142365,1647600,yfinance
2026-01-05,79.09186991,82.69921916,78.90200701,82.14962006,2348700,yfinance
2026-01-06,82.01972161,83.40870018,81.03244825,83.36872864,2625700,yfinance
2026-01-07,83.39870424,83.7384585,80.83059201,81.2702713,2059100,yfinance
2026-01-08,81.24029924,84.48291135,80.84059146,84.30804443,2432400,yfinance
2026-01-09,84.65778384,85.79694603,84.32802436,85.44720459,2502300,yfinance
2026-01-12,85.23735229,86.3565248,84.88760325,85.97680664,2134300,yfinance
2026-01-13,86.18665749,87.1159748,84.88860789,85.76696777,2403000,yfinance
2026-01-14,85.4671805,86.0167796,84.19811662,85.92684174,2764100,yfinance
2026-01-15,86.33654453,87.60560842,86.33654453,87.255867,1858000,yfinance
2026-01-16,86.96608559,88.37505377,86.96608559,88.09526062,2535900,yfinance
2026-01-20,86.98606917,87.0859942,84.59782511,85.09745789,5000900,yfinance
2026-01-21,86.29657055,90.78327058,85.86688607,89.75402832,3672900,yfinance
2026-01-22,90.2836415,90.73331557,87.14594826,87.48570251,5614600,yfinance
2026-01-23,87.58562194,87.86541506,86.74623497,87.14594269,2290200,yfinance
2026-01-26,87.18591856,87.30083196,86.15667627,86.72625732,2423800,yfinance
2026-01-27,86.72625687,87.28584313,86.14668103,86.20663452,3504200,yfinance
2026-01-28,85.80693293,86.46145062,84.8676209,85.18738556,2932000,yfinance
2026-01-29,86.25661045,88.80474091,85.34728268,88.80474091,8478000,yfinance
2026-01-30,88.11524061,88.16020573,85.12743861,86.02677155,3674300,yfinance
2026-02-02,86.02676668,89.0945192,85.97680797,88.87467957,3417000,yfinance
2026-02-03,89.18445058,93.95094391,88.83470916,93.65116882,6447900,yfinance
2026-02-04,94.93022915,99.36697072,94.57049293,97.33846283,13512500,yfinance
2026-02-05,96.58900803,97.92802016,95.0001719,95.92948914,5365300,yfinance
2026-02-06,97.33846228,99.23706075,96.86880624,98.42765808,6260100,yfinance
2026-02-09,97.83809059,99.46189705,97.57827942,98.31773376,4794500,yfinance
2026-02-10,98.61752572,99.43692321,97.49834549,97.72817993,6858500,yfinance
2026-02-11,98.35770621,99.92655278,96.60899154,96.67893982,9183100,yfinance
2026-02-12,97.79812374,99.34698079,93.9009865,94.14080811,8677100,yfinance
2026-02-13,96.38914738,100.88584205,94.64043279,98.44763184,6975400,yfinance
2026-02-17,97.03867227,99.66673776,97.03867227,98.68746185,4708000,yfinance
2026-02-18,99.56681909,99.9265553,96.86880515,97.1286087,2957600,yfinance
2026-02-19,96.59899715,97.36843587,95.06512852,96.12934113,2846200,yfinance
2026-02-20,95.78959633,97.58827738,94.82030753,95.52978516,3696100,yfinance
2026-02-23,95.28995736,96.13433791,93.6861329,93.8710022,2916700,yfinance
2026-02-24,93.99091215,95.34891514,93.75109056,94.57048798,2507900,yfinance
2026-02-25,94.86027622,95.25998395,92.11229604,92.95167542,4850900,yfinance
2026-02-26,93.42134175,94.4805685,92.42007868,94.46057892,2929800,yfinance
2026-02-27,93.14154451,94.10083856,92.222222,94.07086182,3201000,yfinance
2026-03-02,92.68188052,94.48056157,91.5327236,93.90098572,2856300,yfinance
2026-03-03,91.24293626,92.59694445,89.72405595,91.47277069,2567900,yfinance
2026-03-04,91.82259346,92.1474227,90.40332046,91.79260254,2608900,yfinance
2026-03-05,91.1629307,91.90254669,89.23392636,90.46329498,3231800,yfinance
2026-03-06,88.47430886,89.3338656,85.99059846,86.38539124,2660000,yfinance
2026-03-09,84.51635782,86.97508735,82.9071881,86.61528015,2748400,yfinance
2026-03-10,86.55531178,88.07453171,85.47586724,86.37540436,2824700,yfinance
2026-03-11,85.46587373,85.78570829,84.17653854,85.12604523,2170200,yfinance
2026-03-12,83.84671044,84.416416,80.97818867,81.12811279,3345500,yfinance
2026-03-13,81.9476812,82.16756888,79.71883642,82.08760834,8087000,yfinance
2026-03-16,82.9671715,84.76623818,82.94717755,83.76675415,4302700,yfinance
2026-03-17,84.61631328,84.6662829,82.02764593,84.01661682,2360700,yfinance
2026-03-18,83.80673146,84.52636116,81.897721,81.9876709,2822700,yfinance
2026-03-19,80.63836748,82.96716697,80.06866192,82.11760712,4070600,yfinance
2026-03-20,81.85773085,82.77725419,80.61837299,81.34799194,4280300,yfinance
2026-03-23,83.90667511,84.686279,82.22754176,82.24753571,2072500,yfinance
2026-03-24,81.08813192,83.61683277,80.52342866,83.10709381,2776900,yfinance
2026-03-25,84.25649282,84.7362408,82.44742184,83.60682678,2052900,yfinance
2026-03-26,82.61734073,84.05659233,81.19307316,81.34799194,1731800,yfinance
2026-03-27,80.89823315,81.01816635,78.74934114,79.40899658,3016000,yfinance
2026-03-30,79.2690712,79.61889669,76.66541973,76.90029907,3951700,yfinance
2026-03-31,78.48947557,80.58938933,77.51997489,80.07865906,2975800,yfinance
2026-04-01,80.20858068,81.6728209,79.92872642,79.95870972,2395900,yfinance
2026-04-02,77.70987566,79.44897557,75.97077576,77.86979675,3190800,yfinance
2026-04-06,77.41003071,78.65938568,76.76037223,78.65938568,2044700,yfinance
2026-04-07,78.35954124,79.5589189,77.98972944,79.50894928,3055500,yfinance
2026-04-08,81.88772073,85.17602385,81.88772073,84.62630463,3156700,yfinance
2026-04-09,83.93666315,87.57478401,83.93666315,86.98508453,2984000,yfinance
2026-04-10,87.27493882,87.27493882,85.11605743,85.3359375,3172300,yfinance
2026-04-13,84.93615184,88.13349858,84.88617459,87.6447525,2966300,yfinance
2026-04-14,86.21548721,89.05401795,86.21548721,88.27442169,3668000,yfinance
2026-04-15,87.65473515,88.02454694,82.46741889,83.34696198,5978100,yfinance
2026-04-16,83.45691298,84.69127631,83.01214291,83.62682343,3300900,yfinance
2026-04-17,84.79621833,87.19498144,84.48638073,85.75572968,6630800,yfinance
2026-04-20,85.28596495,86.09554448,85.12604386,85.96561432,2107000,yfinance
2026-04-21,86.17551145,87.47483607,84.73125738,84.76623535,2406800,yfinance
2026-04-22,85.7257385,86.100545,83.07711203,83.65680695,2608600,yfinance
2026-04-23,84.21651971,85.50585492,83.3869462,84.90615845,3898100,yfinance
2026-04-24,84.04660846,85.2659802,83.16706526,83.76675415,4511000,yfinance
2026-04-27,83.10708753,85.0160978,83.09709055,83.96664429,5005000,yfinance
2026-04-28,83.41693479,83.41693479,80.4384767,81.14810944,5395200,yfinance
2026-04-29,79.52894051,80.20858992,76.77036257,77.42002869,6022200,yfinance
2026-04-30,76.92028907,79.96871838,76.92028907,79.81879425,3752200,yfinance
2026-05-01,80.04865979,80.35850497,77.20013227,77.94974518,3472700,yfinance
2026-05-04,77.48999612,78.20463118,75.27114034,75.52101135,4421400,yfinance
2026-05-05,76.37057568,76.83533208,75.64094901,75.78087616,2650500,yfinance
2026-05-06,78.05969393,80.0886451,77.54496031,78.60941315,4848700,yfinance
2026-05-07,79.09915979,79.83877579,76.95026776,77.46000671,3832900,yfinance
2026-05-08,78.01972026,78.09968081,75.44105728,75.71091461,2808200,yfinance
2026-05-11,75.70090981,75.74388688,74.611476,74.66144562,2855900,yfinance
2026-05-12,75.08123631,75.1711862,72.15274806,73.17221832,3693500,yfinance
2026-05-13,73.10226173,73.11225871,70.93338321,71.35316467,5484500,yfinance
2026-05-14,72.14297856,72.4429032,70.24342531,71.80305481,3520500,yfinance
2026-05-15,70.74330382,71.10821555,70.21343011,70.33339691,2870700,yfinance
2026-05-18,70.51335663,71.10821746,69.61356747,69.95349121,3167600,yfinance
2026-05-19,69.50359106,69.57357424,68.05393629,68.5238266,2380800,yfinance
2026-05-20,68.93372292,70.63832232,68.39385708,70.35339355,5200800,yfinance
2026-05-21,69.59357243,70.3533952,68.26388448,70.26341248,5171500,yfinance
2026-05-22,70.68331524,71.51312123,69.62356779,70.8932724,4447800,yfinance
2026-05-26,71.54311299,72.49289342,71.09322222,72.41291046,4309500,yfinance
2026-05-27,72.66284786,72.93278079,70.87326939,70.94325256,3810100,yfinance
2026-05-28,70.59333614,71.09321814,69.1436814,70.97324371,4192200,yfinance
2026-05-29,70.5433457,72.65284836,69.70354759,71.62309265,5366800,yfinance
2026-06-01,70.55334521,71.46313412,69.69354756,70.94325256,3493400,yfinance
2026-06-02,71.53312046,72.23295224,70.94825178,71.60310364,3235600,yfinance
2026-06-03,71.19319721,72.14297763,69.88350874,70.0534668,4248400,yfinance
2026-06-04,71.27318014,72.54287713,70.5533488,71.99301147,3430300,yfinance
2026-06-05,71.62309166,72.35292273,71.27317579,72.2329483,3923100,yfinance
2026-06-08,71.66308688,74.01253085,71.6530871,72.44290161,4379200,yfinance
2026-06-09,73.06275689,74.4424285,72.23295092,73.89256287,3491000,yfinance
2026-06-10,73.41267208,74.03252851,70.24342197,70.46337128,3120400,yfinance
2026-06-11,70.96325426,73.26270695,69.82351625,73.182724,4296400,yfinance
2026-06-12,73.94254484,74.66237614,72.97777624,73.98253632,2322400,yfinance
2026-06-15,75.8820946,77.88661882,75.8820946,76.75188446,5643900,yfinance
2026-06-16,77.22176816,79.40125396,76.39196985,78.50146484,5520400,yfinance
2026-06-17,78.11155862,80.8409177,76.84186169,77.05181122,8720400,yfinance
2026-06-18,78.30151609,79.39126282,77.79163432,77.89161682,5707400,yfinance
2026-06-22,77.46172379,78.69142933,77.15179174,77.85163116,2678700,yfinance
2026-06-23,76.71190046,78.22153871,76.09204399,76.62191772,2337800,yfinance
2026-06-24,77.11179962,79.40126025,76.89185794,78.3015213,5478500,yfinance
2026-06-25,79.45124797,82.59050639,79.09632839,81.68071747,5279400,yfinance
2026-06-26,81.58074101,81.90566889,80.31104408,81.35079956,8240800,yfinance
2026-06-29,80.64096755,81.12085,79.73117865,80.96089172,2957800,yfinance
2026-06-30,81.59074214,83.18036327,80.13108759,81.97064972,4421600,yfinance
2026-07-01,81.61073444,82.71048096,80.27105431,80.84091949,2899800,yfinance
2026-07-02,81.35079858,81.76570155,79.37126252,80.57097626,3077000,yfinance
2026-07-06,80.83091885,81.07086007,79.79116336,80.61096954,2241000,yfinance
2026-07-07,80.02111718,80.15108377,77.36174109,78.69142914,3425000,yfinance
2026-07-08,77.68165874,77.93660344,75.38220615,76.69189453,5607300,yfinance
2026-07-09,77.6316791,78.50647264,76.58192381,77.0318222,2861700,yfinance
2026-07-10,77.4517188,79.61120509,77.21677365,78.83139038,3122700,yfinance
2026-07-13,78.89138164,80.70095205,78.01158443,78.54145813,3338600,yfinance
2026-07-14,80.23106112,80.43601457,78.4914739,78.9913559,3511500,yfinance
2026-07-15,79.03134753,79.43625073,78.06157523,79.12132263,2335100,yfinance
2026-07-16,80.98088764,85.0799187,80.98088764,84.75999451,8291400,yfinance
2026-07-17,83.46030153,85.02792464,81.79569356,82.22058868,4279000,yfinance
2026-07-20,82.09062427,82.59550235,79.83615915,80.16107941,4390200,yfinance
2026-07-21,80.72094687,81.21083675,78.78140981,80.88091278,3413900,yfinance
2026-07-22,81.0908597,83.98017709,81.0908597,83.52028656,5814200,yfinance
2026-07-23,83.38031883,84.949948,82.89543268,84.2901001,6477100,yfinance
2026-07-24,84.05016483,85.719769,83.84021529,84.38008881,3159100,yfinance
2026-07-27,84.7499893,85.48982014,83.78022464,84.64002228,2537300,yfinance
2026-07-28,83.8202153,87.61932179,83.8202153,86.47959137,4154000,yfinance
2026-07-29,85.34985728,86.20965495,84.0801527,84.59003448,5138100,yfinance
2026-07-30,85.72976509,86.60455862,82.82044812,84.30010223,4555600,yfinance
2026-07-31,79.92113801,84.15013553,79.53123065,83.36032104,6473700,yfinance
2026-08-03,85.10990878,87.82926815,84.86996755,87.75928497,5741200,yfinance
2026-08-04,88.37914113,89.46888025,86.79951214,89.43888855,4590300,yfinance
2026-08-05,88.98899554,90.33867541,88.55409302,89.97875977,4190100,yfinance
2026-08-06,91.75834288,91.75834288,87.98923579,88.21917725,5226500,yfinance
2026-08-07,87.78927627,89.24893082,86.76952032,86.94947815,5377100,yfinance
