date,open,high,low,close,volume,source
2019-01-02,24.93557897,25.45524931,24.76235443,25.27336502,3792300,yfinance
2019-01-03,25.14344722,25.28202619,24.58912967,24.64109802,4278600,yfinance
2019-01-04,25.19541274,26.45994623,25.17808995,26.32136726,4019500,yfinance
2019-01-07,26.34735573,26.92765587,26.04421357,26.52058029,3211400,yfinance
2019-01-08,26.86702591,27.26544006,26.68513996,27.16150665,3121600,yfinance
2019-01-09,27.36071578,27.47331059,26.92765602,27.15284729,3049100,yfinance
2019-01-10,26.84969797,27.3433857,26.58986284,27.3433857,2534100,yfinance
2019-01-11,27.17882715,27.41267979,26.63317263,27.4040184,3577800,yfinance
2019-01-14,26.93631679,27.43866603,26.72844831,27.17882919,2572700,yfinance
2019-01-15,27.1528388,27.36070722,26.78040726,27.1961441,2271800,yfinance
2019-01-16,27.16150456,27.68983626,26.93631332,27.27409935,2526200,yfinance
2019-01-17,27.17882605,27.97565596,27.16150491,27.68117523,2285500,yfinance
2019-01-18,27.81975077,28.20084537,27.55125425,27.8890419,3763300,yfinance
2019-01-22,27.63786981,27.73314347,26.70246093,26.82371712,4191300,yfinance
2019-01-23,26.82371999,27.18749024,26.45129,26.98828316,3463100,yfinance
2019-01-24,26.93631499,27.22213434,26.78041322,26.85836411,2637500,yfinance
2019-01-25,27.49928636,28.04494242,27.34338463,27.62054253,3355700,yfinance
2019-01-28,27.23945586,27.46464545,26.7630892,27.36071205,3836500,yfinance
2019-01-29,27.53393758,27.87172363,27.30874633,27.52527618,3083500,yfinance
2019-01-30,27.6985008,27.7591289,27.12686207,27.6378727,1844700,yfinance
2019-01-31,27.37803928,27.99298336,27.04891292,27.95833778,2801800,yfinance
2019-02-01,28.00164336,28.2961208,27.83707855,28.23549271,2867700,yfinance
2019-02-04,28.14022308,28.20085118,27.50795461,27.67251778,4630500,yfinance
2019-02-05,27.68983321,27.89770164,27.51661034,27.8890419,3108100,yfinance
2019-02-06,27.66385972,28.14888622,27.60323162,28.11424065,2814800,yfinance
2019-02-07,27.78510711,27.81974937,26.85835813,27.1961441,4198600,yfinance
2019-02-08,26.88435127,27.23079876,26.54656353,27.01426888,4450400,yfinance
2019-02-11,27.11819679,27.20480906,26.26940021,26.78041077,4371600,yfinance
2019-02-12,27.11819342,27.81974956,26.98827587,27.62054253,4936400,yfinance
2019-02-13,27.71582339,28.25281654,27.71582339,27.76779175,3979500,yfinance
2019-02-14,27.62921093,28.20951105,27.47330916,27.66385651,3144600,yfinance
2019-02-15,27.98431882,28.03628387,27.4733066,27.81109428,4556800,yfinance
2019-02-19,27.49929548,28.1402254,27.06623571,27.95833778,3519400,yfinance
2019-02-20,27.97565202,29.21420285,27.97565202,28.99767303,3961500,yfinance
2019-02-21,29.33546363,29.35278642,28.58194067,28.72917938,3452700,yfinance
2019-02-22,28.36541284,28.51265157,27.83707943,27.97565842,4813600,yfinance
2019-02-25,28.44335857,28.78114458,28.14887787,28.38273048,5904200,yfinance
2019-02-26,28.59926151,29.37010721,26.8670228,27.230793,10162200,yfinance
2019-02-27,27.18749536,28.14022896,27.06623913,27.86306763,6092800,yfinance
2019-02-28,27.72448176,27.7937729,26.81505701,27.08355522,5143300,yfinance
2019-03-01,27.20480781,27.38669373,26.66781476,26.84969902,4901700,yfinance
2019-03-04,26.94497347,27.06622965,26.21743308,26.69379807,5028700,yfinance
2019-03-05,26.64182823,26.9449703,25.82767567,25.88830376,6366800,yfinance
2019-03-06,25.87530823,26.01400322,25.27718507,25.33786392,4113300,yfinance
2019-03-07,24.93911533,24.9651196,24.10694379,24.20229721,7962600,yfinance
2019-03-08,23.97691597,24.59237635,23.87289557,24.28898048,5647100,yfinance
2019-03-11,24.46235232,24.91311187,24.34966325,24.88710594,4026300,yfinance
2019-03-12,24.91310919,25.19916779,24.82642442,24.85243034,3499200,yfinance
2019-03-13,25.11248291,25.27718381,24.84376159,24.92177773,3813400,yfinance
2019-03-14,24.79175437,24.89577479,24.45368388,24.60104752,3686700,yfinance
2019-03-15,24.58371168,25.1471603,24.5490371,24.88710594,6043600,yfinance
2019-03-18,24.98245974,25.12115474,24.72240704,24.82642746,3341900,yfinance
2019-03-19,25.02579897,25.12981937,24.67905988,24.74840736,2885300,yfinance
2019-03-20,24.60104505,24.69639847,24.2543076,24.42767715,3261000,yfinance
2019-03-21,24.34966357,24.80042314,24.34099493,24.53170013,3122100,yfinance
2019-03-22,24.23696881,24.37566544,23.24009807,23.27477264,3796400,yfinance
2019-03-25,23.17942481,23.5608369,23.08407137,23.34412575,2494300,yfinance
2019-03-26,23.49147762,23.63017256,22.49460715,22.90202332,6458800,yfinance
2019-03-27,22.98871601,23.3007789,22.98871601,23.05806351,3874800,yfinance
2019-03-28,23.43080259,24.01158835,23.32678054,23.55216026,5906700,yfinance
2019-03-29,23.7342018,23.99425614,23.50015504,23.67352295,3913200,yfinance
2019-04-01,23.7515378,24.21963461,23.69085896,24.13294983,3181600,yfinance
2019-04-02,24.11561465,24.23697236,23.75153988,23.84689331,2925800,yfinance
2019-04-03,24.08960893,24.24563955,23.62151212,23.71686554,3661300,yfinance
2019-04-04,23.65618701,24.0375974,23.51749037,24.02892876,2294700,yfinance
2019-04-05,24.07227087,24.28031334,23.91623861,24.20229721,3509000,yfinance
2019-04-08,24.21096622,24.21963486,23.89023304,24.14161873,2275800,yfinance
2019-04-09,24.00292212,24.17629001,23.71686353,23.78621101,2449400,yfinance
2019-04-10,23.83822324,23.9422453,23.59550619,23.71686554,4568500,yfinance
2019-04-11,23.65618417,23.72553166,23.28344082,23.40479851,2770500,yfinance
2019-04-12,23.24009679,23.49148245,22.90202802,23.23142815,6289200,yfinance
2019-04-15,23.27477707,23.60417728,23.06673457,23.08407021,3459800,yfinance
2019-04-16,23.11874013,23.34411987,23.11874013,23.26610374,3146400,yfinance
2019-04-17,23.37879408,23.56950092,23.2400991,23.31811523,3801600,yfinance
2019-04-18,23.24009914,23.55216367,23.04072532,23.4654789,3989200,yfinance
2019-04-22,23.39613535,23.71686857,23.29211492,23.54349899,3243300,yfinance
2019-04-23,23.4221415,23.59550943,22.71999619,23.25744057,4685900,yfinance
2019-04-24,23.22276372,23.31811548,22.69398807,22.81534576,5112600,yfinance
2019-04-25,22.73733495,23.04073091,22.56396701,22.58130264,4825500,yfinance
2019-04-26,22.56395677,23.10139929,22.42526182,22.69398308,8929200,yfinance
2019-04-29,22.56395928,22.798006,22.45993723,22.6506424,5078000,yfinance
2019-04-30,22.65931269,22.76333474,22.45127022,22.63330841,3478800,yfinance
2019-05-01,22.64197582,22.7633335,22.37325287,22.37325287,2875000,yfinance
2019-05-02,21.91383094,22.31257865,21.55842481,21.88782501,4500500,yfinance
2019-05-03,22.05252675,22.28657353,21.84448424,22.20855904,3412600,yfinance
2019-05-06,21.48907033,22.20855101,21.47173305,21.90515518,3760300,yfinance
2019-05-07,21.45440557,21.69712267,19.79873238,20.15413857,11184800,yfinance
2019-05-08,20.87360999,21.34170669,20.63956164,20.74358368,8424700,yfinance
2019-05-09,20.3448356,20.63089416,20.00676685,20.50086784,5498700,yfinance
2019-05-10,20.57888772,20.88228362,20.30149775,20.7175827,6097300,yfinance
2019-05-13,20.31883756,20.3275062,19.67737276,19.85940933,3807600,yfinance
2019-05-14,19.95475852,20.04144329,19.64269401,19.77272034,4639100,yfinance
2019-05-15,19.58201919,20.07612034,19.54734462,19.78139305,3957300,yfinance
2019-05-16,19.90274702,20.76092444,19.71204184,20.07611656,10722700,yfinance
2019-05-17,19.9374229,20.18013995,19.74671771,19.76405334,3609800,yfinance
2019-05-20,19.70337301,19.80739507,19.46065764,19.48666191,3738100,yfinance
2019-05-21,19.61668532,19.80739212,19.54733784,19.80739212,2951300,yfinance
2019-05-22,19.59068663,19.6860384,19.35663821,19.36530685,3252000,yfinance
2019-05-23,19.01856848,19.02723713,18.64582509,18.74117851,3101800,yfinance
2019-05-24,18.97522088,19.07057428,18.59381059,18.7238369,3136400,yfinance
2019-05-28,18.87121142,19.00990645,18.45512631,18.4811306,5713800,yfinance
2019-05-29,18.2730804,18.70650261,18.03903201,18.55047035,4211400,yfinance
2019-05-30,18.52446898,18.70650555,18.31642483,18.43778419,2766800,yfinance
2019-05-31,18.14305557,18.70650417,18.05637079,18.61115074,5974500,yfinance
2019-06-03,18.63715802,19.32196601,18.59381645,19.09658623,6022200,yfinance
2019-06-04,19.35663715,19.69470596,19.27862101,19.69470596,6081500,yfinance
2019-06-05,20.05089397,20.16383155,18.97363643,19.32982635,5731800,yfinance
2019-06-06,19.26032957,19.51226807,19.10395315,19.51226807,5728200,yfinance
2019-06-07,19.61652172,19.61652172,18.98232987,19.24295616,4246800,yfinance
2019-06-10,19.41670231,19.5730787,19.12132506,19.32982635,6420400,yfinance
2019-06-11,19.52964045,19.61651641,19.34720243,19.45145226,5146600,yfinance
2019-06-12,19.36458283,19.851086,19.25164356,19.6860218,4503100,yfinance
2019-06-13,19.79027277,19.99877412,19.63389634,19.84239769,3492500,yfinance
2019-06-14,19.72076556,19.81632762,19.42538834,19.42538834,4258700,yfinance
2019-06-17,19.95533187,20.40708555,19.72945503,20.22464752,7113300,yfinance
2019-06-18,20.33758571,21.04127787,20.28546079,20.90227699,11039100,yfinance
2019-06-19,20.93703078,21.05865615,20.33758836,20.38971329,5442600,yfinance
2019-06-20,20.75458623,20.78064952,20.28545872,20.52870941,3100400,yfinance
2019-06-21,20.57214641,20.6503346,20.32889409,20.34626961,5626700,yfinance
2019-06-24,20.35495567,20.53739366,20.18120379,20.35495567,2913900,yfinance
2019-06-25,20.88490308,21.07602887,20.45921101,20.98915291,8235800,yfinance
2019-06-26,21.02390545,21.27584394,20.68508933,20.97177887,7814000,yfinance
2019-06-27,21.11946631,21.56253225,21.00652871,21.18896675,6800200,yfinance
2019-06-28,21.30190442,21.77103195,21.2845289,21.74497032,8098800,yfinance
2019-07-01,22.07509365,22.14459408,21.76234091,21.95346832,9980100,yfinance
2019-07-02,21.81447525,21.83184912,21.29322105,21.41484642,6404400,yfinance
2019-07-03,21.38009527,21.52778393,21.18028005,21.5104084,1897400,yfinance
2019-07-05,21.38008829,21.60596508,21.21502417,21.54515076,2737900,yfinance
2019-07-08,21.44090839,21.49303331,20.85015377,20.89359093,4742700,yfinance
2019-07-09,20.44183741,20.59821216,20.05089639,20.26808548,6177100,yfinance
2019-07-10,20.36365431,20.46790417,19.98140095,20.05090141,3058900,yfinance
2019-07-11,19.99877349,20.05958618,19.45145601,19.53833199,4930300,yfinance
2019-07-12,19.6078321,20.04221031,19.55570718,19.98139763,3963100,yfinance
2019-07-15,19.9813949,20.31152157,19.83370627,20.30283546,3499500,yfinance
2019-07-16,20.33758694,20.91096603,20.17252276,20.5982132,5458300,yfinance
2019-07-17,20.52002574,20.89358958,20.28546113,20.72852707,6008600,yfinance
2019-07-18,20.56346227,20.7459003,20.34627319,20.70246315,2557700,yfinance
2019-07-19,20.70246251,21.1715917,20.66771312,21.04127693,2816700,yfinance
2019-07-22,21.20633789,21.24108893,20.87621128,21.06733704,1933500,yfinance
2019-07-23,21.24109877,21.73628975,21.18897218,21.53647614,3344600,yfinance
2019-07-24,21.47565667,21.7536601,21.1629055,21.5712204,3205400,yfinance
2019-07-25,21.49302736,21.49302736,20.99783661,21.06733704,2459300,yfinance
2019-07-26,21.06734186,21.19765499,20.87621606,21.11946678,2547200,yfinance
2019-07-29,21.0152123,21.06733721,20.70245955,20.71114731,2264600,yfinance
2019-07-30,20.50265044,21.94478586,20.39839894,21.9360981,5194900,yfinance
2019-07-31,22.20541108,22.3357242,21.62334428,21.88397217,5213400,yfinance
2019-08-01,21.79709604,22.20541091,21.51909429,21.78840828,7452200,yfinance
2019-08-02,21.59728329,21.62334492,20.98046543,21.18896675,3494700,yfinance
2019-08-05,20.79802852,20.87621673,20.1290857,20.50265121,5054900,yfinance
2019-08-06,21.31058872,21.31927648,17.41855995,19.1300106,22442100,yfinance
2019-08-07,18.98232681,19.80764436,18.86938756,19.73814392,10329200,yfinance
2019-08-08,19.7989589,20.16383499,19.46883054,20.04220963,7636000,yfinance
2019-08-09,19.72945412,19.80764232,19.33851479,19.63389206,4796100,yfinance
2019-08-12,19.46013909,19.50357789,18.02669165,18.03537941,5468100,yfinance
2019-08-13,17.98325947,18.64351293,17.66181885,17.90507126,7321300,yfinance
2019-08-14,17.60100181,17.6357512,17.0102473,17.06237221,6030600,yfinance
2019-08-15,17.175311,17.21006039,16.67143246,16.75830841,4654300,yfinance
2019-08-16,16.8625605,17.25350152,16.61062203,17.14925003,3418000,yfinance
2019-08-19,17.33169022,17.48806497,17.2100632,17.35775185,2585200,yfinance
2019-08-20,17.25349677,17.32299719,16.75830605,16.82780647,3882200,yfinance
2019-08-21,16.99286902,17.0189323,16.54980321,16.56717873,3748300,yfinance
2019-08-22,16.61061753,16.93205636,16.4976783,16.56717873,4175100,yfinance
2019-08-23,16.63668496,16.63668496,15.59417826,15.64630318,7547900,yfinance
2019-08-26,15.8026766,15.84611375,15.43779891,15.6028614,9935600,yfinance
2019-08-27,15.63761477,15.7679279,15.33354971,15.34223747,4635300,yfinance
2019-08-28,15.35092702,15.68974151,15.08161297,15.51599121,5239400,yfinance
2019-08-29,15.75923502,16.35867719,15.75923502,15.95905018,4350300,yfinance
2019-08-30,16.03724454,16.18493321,15.85480646,15.97643185,4491600,yfinance
2019-09-03,15.72449358,15.74186911,15.39436517,15.56811714,4012500,yfinance
2019-09-04,15.80333087,15.96885685,15.5942462,15.820755,2863200,yfinance
2019-09-05,16.08211373,17.04913198,16.07340332,16.88360596,4914600,yfinance
2019-09-06,16.88360544,17.11011428,16.70065694,17.0229969,3869600,yfinance
2019-09-09,17.10140294,17.66767592,17.00557349,17.58055687,4864400,yfinance
2019-09-10,17.80706201,18.7392318,17.77221374,18.62597656,7733200,yfinance
2019-09-11,18.52143408,19.19224841,17.96387498,19.15740013,7976200,yfinance
2019-09-12,19.22709815,19.45360698,18.74794593,19.14869118,5719200,yfinance
2019-09-13,19.27937171,20.17669511,19.07028699,19.73238945,5689400,yfinance
2019-09-16,19.75852413,20.19411769,19.62784639,20.01116753,4481200,yfinance
2019-09-17,19.6801139,19.87177444,18.97445292,19.00058746,6825900,yfinance
2019-09-18,18.92218355,19.0354388,18.57370903,18.79150581,6366900,yfinance
2019-09-19,18.80021725,18.91347084,18.22523391,18.28621674,6100100,yfinance
2019-09-20,18.225233,18.50401259,17.95516549,18.02486038,6185700,yfinance
2019-09-23,17.80705978,18.25136527,17.64153381,18.19909286,4782200,yfinance
2019-09-24,18.13812081,18.20781574,17.35405251,17.46730614,6331400,yfinance
2019-09-25,17.54570838,17.96387947,17.44987893,17.90289497,3923500,yfinance
2019-09-26,17.84190446,17.89417687,17.2407868,17.38017654,2931100,yfinance
2019-09-27,17.43245461,17.75479291,17.34533556,17.65025139,3160500,yfinance
2019-09-30,17.62411027,17.96387429,17.38017901,17.85933113,3342800,yfinance
2019-10-01,17.99001027,18.39075713,17.60668755,17.60668755,4312700,yfinance
2019-10-02,17.38017874,17.72865315,17.075263,17.48472023,3931000,yfinance
2019-10-03,17.3976032,17.40631527,16.78777332,17.18851852,4360300,yfinance
2019-10-04,17.17980655,17.31919633,16.70065437,16.89231491,4309900,yfinance
2019-10-07,16.87489709,17.19723543,16.622252,16.7267952,6486700,yfinance
2019-10-08,16.53512543,16.75292213,16.15180443,16.16051483,7273600,yfinance
2019-10-09,16.36089389,16.56126652,16.25635071,16.39574051,4902400,yfinance
2019-10-10,16.59611364,17.00557264,16.56126702,16.8487587,5489000,yfinance
2019-10-11,17.22336818,18.16425012,17.11882501,18.05099487,4795400,yfinance
2019-10-14,17.772215,17.85062196,17.4585888,17.47601128,3159400,yfinance
2019-10-15,17.4585924,17.85062565,17.16238862,17.57184601,3051400,yfinance
2019-10-16,17.49343542,17.96387721,17.40631638,17.47601128,2647500,yfinance
2019-10-17,17.58055103,17.65024591,17.10139726,17.11010933,2481100,yfinance
2019-10-18,17.16238908,17.31920139,16.97072683,17.03170967,2810300,yfinance
2019-10-21,17.17109217,17.43244922,16.94458505,16.96200752,3029400,yfinance
2019-10-22,16.90102557,17.3017724,16.56126321,17.1449585,2950300,yfinance
2019-10-23,17.18852317,17.58055808,16.83133655,17.57184601,3319800,yfinance
2019-10-24,17.69380828,17.91160504,17.00557138,17.35404587,3338700,yfinance
2019-10-25,17.34533345,18.05970654,17.25821442,17.89418221,3432800,yfinance
2019-10-28,18.02486249,18.20781099,17.83320025,17.92903137,1990200,yfinance
2019-10-29,17.82448647,17.99872455,17.61540178,17.95516586,3377800,yfinance
2019-10-30,17.85933649,17.87676063,17.38889463,17.58055687,2158800,yfinance
2019-10-31,17.4324577,17.55442339,17.04042276,17.31920242,3132100,yfinance
2019-11-01,17.47600958,18.03357035,17.44116297,17.99872208,5366400,yfinance
2019-11-04,18.19909825,18.68696423,18.16425163,18.59113312,6134200,yfinance
2019-11-05,18.50401376,19.6017097,18.49530169,18.86120033,8861300,yfinance
2019-11-06,18.39076024,18.48658969,17.98130124,18.01614952,5127000,yfinance
2019-11-07,18.19038223,18.53014626,18.05970453,18.0684166,4791600,yfinance
2019-11-08,18.01615047,18.24265933,17.65896387,18.12940407,3992500,yfinance
2019-11-11,17.92031984,18.29493059,17.65896435,18.23394775,3492600,yfinance
2019-11-12,18.18167699,18.62598098,18.17296492,18.23394775,3986100,yfinance
2019-11-13,17.78092454,17.79834867,17.08397568,17.1449585,6395600,yfinance
2019-11-14,16.9184506,17.71123059,16.79648496,17.67638397,5459500,yfinance
2019-11-15,17.80706358,17.83319813,17.19723199,17.20594406,3528600,yfinance
2019-11-18,17.15367525,17.22337015,16.41316585,16.50899696,4714800,yfinance
2019-11-19,16.56997981,16.68323341,16.12567417,16.38702965,3343300,yfinance
2019-11-20,16.27377832,16.33476116,15.77720185,15.79462433,4139900,yfinance
2019-11-21,15.82075812,15.96886,15.63780962,15.69879246,3401800,yfinance
2019-11-22,15.75106011,16.16051739,15.75106011,15.820755,2914800,yfinance
2019-11-25,15.87302917,16.34347103,15.82947048,16.23892784,4147900,yfinance
2019-11-26,16.19536706,16.41316382,15.96014616,16.33475685,5914500,yfinance
2019-11-27,16.34347226,16.58740528,16.21279451,16.55255699,3043400,yfinance
2019-11-29,16.44800944,16.65709578,16.41316283,16.5961113,1774600,yfinance
2019-12-02,16.75292701,16.94458923,16.54384232,16.54384232,4565900,yfinance
2019-12-03,16.29990429,16.31732843,16.02112478,16.05597305,3335800,yfinance
2019-12-04,16.27436648,16.5014915,16.04724312,16.04724312,4374000,yfinance
2019-12-05,16.20448112,16.44907768,16.11712676,16.20448112,3047300,yfinance
2019-12-06,16.31804839,16.75482698,16.31804839,16.66747093,3907900,yfinance
2019-12-09,16.66746813,16.80723712,16.33551719,16.3704586,4554600,yfinance
2019-12-10,16.31804404,16.34424968,15.92494274,15.94241428,3289700,yfinance
2019-12-11,15.92494022,16.14332942,15.85505574,15.91620445,3001700,yfinance
2019-12-12,15.7939153,16.59758805,15.42702118,16.56264496,5305700,yfinance
2019-12-13,16.6150528,16.94700369,16.23942306,16.27436447,4928000,yfinance
2019-12-16,16.51022844,17.36631398,16.51022844,17.01689148,5078700,yfinance
2019-12-17,17.06930608,17.82056403,16.97321426,17.60217476,7706300,yfinance
2019-12-18,17.68952848,18.30975312,17.5497595,18.22239876,8927700,yfinance
2019-12-19,17.9952774,18.46699739,17.80309377,17.9952774,5663100,yfinance
2019-12-20,18.21366955,18.99113499,18.004016,18.96492767,12626600,yfinance
2019-12-23,18.98239232,19.04354104,18.31848883,18.81641769,5231800,yfinance
2019-12-24,18.81642087,19.02607438,18.65044455,18.7378006,1922800,yfinance
2019-12-26,18.78147469,18.96492085,18.69411866,18.92124367,2458100,yfinance
2019-12-27,18.97365903,19.04354353,18.48446754,18.53688049,2173800,yfinance
2019-12-30,18.61549403,18.63296556,18.3184846,18.3708992,2756900,yfinance
2019-12-31,18.37090373,18.92997966,18.34469642,18.90377235,2509800,yfinance
2020-01-02,19.14836817,19.34928587,18.57182072,18.72032547,4173100,yfinance
2020-01-03,18.55435107,18.77274033,18.11757256,18.1350441,4112400,yfinance
2020-01-06,18.01274665,18.3097545,17.78562162,18.1350441,4134100,yfinance
2020-01-07,18.11757028,18.41457976,17.98653707,18.27481079,4618900,yfinance
2020-01-08,18.28354586,18.55434802,18.16998253,18.44078636,3837200,yfinance
2020-01-09,18.45826017,18.6155007,18.12630921,18.43205452,2755100,yfinance
2020-01-10,18.40584258,18.47572706,17.89917967,18.012743,2978700,yfinance
2020-01-13,18.08262508,18.50193192,17.82055706,18.38836861,4009700,yfinance
2020-01-14,18.43205487,18.86883342,18.37090614,18.64170837,4663300,yfinance
2020-01-15,18.42331475,19.02606946,18.39710744,18.79894447,2693800,yfinance
2020-01-16,18.84262409,19.38423016,18.7727396,19.2357254,5895400,yfinance
2020-01-17,19.27066517,19.34054965,18.81641684,19.10469055,4348400,yfinance
2020-01-21,18.88630182,18.92124323,18.46699322,18.47572899,3651700,yfinance
2020-01-22,18.42332083,18.44952814,17.42746619,17.49735069,6915600,yfinance
2020-01-23,17.29643054,17.52355559,16.7810317,17.42746544,3837100,yfinance
2020-01-24,17.39252037,17.54102513,16.61505515,16.71988106,6210900,yfinance
2020-01-27,16.2132206,16.43160989,15.93368257,16.2132206,5218000,yfinance
2020-01-28,16.41413835,16.9295355,16.35298796,16.90332985,5749300,yfinance
2020-01-29,16.86838531,17.11298188,16.68493914,16.86838531,2667200,yfinance
2020-01-30,16.64125962,17.65458558,16.55390526,17.61964417,6835000,yfinance
2020-01-31,17.44493107,17.75067632,17.25274914,17.3313694,6418100,yfinance
2020-02-03,17.38378242,17.5235514,17.06930307,17.43619537,4382900,yfinance
2020-02-04,17.82056026,18.40584345,17.62837835,18.18745422,5751400,yfinance
2020-02-05,18.51067303,18.86883126,18.26607647,18.65917778,5799500,yfinance
2020-02-06,18.80768581,18.81642158,18.22240246,18.23113823,4562000,yfinance
2020-02-07,17.89918483,17.99527665,17.36631447,17.68953133,3914400,yfinance
2020-02-10,17.63711477,17.81182515,17.26148503,17.32263374,3084400,yfinance
2020-02-11,17.46240599,17.94286338,17.29642967,17.58470345,3700000,yfinance
2020-02-12,17.79435371,18.03894856,17.69826192,17.77688217,2526200,yfinance
2020-02-13,17.58470325,17.65458775,16.95574275,17.01689148,5452500,yfinance
2020-02-14,16.68493567,16.93826628,16.29183443,16.37919044,8316700,yfinance
2020-02-18,16.16080352,16.3005725,15.62793325,15.94241428,9032300,yfinance
2020-02-19,16.00356358,16.27436577,15.95115062,16.08218384,5129400,yfinance
2020-02-20,16.48402192,16.85091594,15.84632402,16.13459778,10674000,yfinance
2020-02-21,16.02977133,16.89459256,15.95115106,16.76355934,10289100,yfinance
2020-02-24,16.36171547,17.00814718,15.83758115,16.95573425,6743900,yfinance
2020-02-25,17.03436178,17.15665923,15.76770344,15.81138229,8160100,yfinance
2020-02-26,15.89873609,16.14333095,15.19115381,15.24356842,7583500,yfinance
2020-02-27,14.86793978,15.37460275,14.4311613,14.45736694,8435500,yfinance
2020-02-28,14.06426917,14.88541328,13.99438467,14.87667751,10253300,yfinance
2020-03-02,14.98150385,15.42701817,14.76311457,15.42701817,6259700,yfinance
2020-03-03,15.26977743,15.59299428,14.6495527,14.8592062,6850700,yfinance
2020-03-04,15.07823656,15.07823656,14.56132002,14.97310162,4980000,yfinance
2020-03-05,14.42113717,14.66645482,14.11449219,14.18458271,5986500,yfinance
2020-03-06,13.89545924,13.89545924,12.37975063,12.5286932,12326700,yfinance
2020-03-09,11.36343575,12.08186395,10.43473518,10.4434967,11130800,yfinance
2020-03-10,11.36343873,11.45105148,10.07552372,11.07431507,10123100,yfinance
2020-03-11,10.70633746,10.75890493,9.84772733,10.0492382,6191900,yfinance
2020-03-12,9.32204762,9.40966035,8.42839231,8.4897213,9966000,yfinance
2020-03-13,9.1818666,9.66373956,7.89395265,9.64621735,8048400,yfinance
2020-03-16,8.2619276,8.89274223,8.1480303,8.71751595,5974300,yfinance
2020-03-17,8.84893759,9.26071922,8.21812203,8.47220039,9859900,yfinance
2020-03-18,7.83262271,7.88519102,5.69486018,6.14168787,11140100,yfinance
2020-03-19,6.15044975,7.56978462,6.06283658,7.20180893,9692700,yfinance
2020-03-20,7.50845292,8.62114125,7.03534155,8.40210819,10596100,yfinance
2020-03-23,8.1305065,8.87521919,8.04289378,8.07793903,5976500,yfinance
2020-03-24,8.76132678,9.7513568,8.55105513,9.37461948,6575400,yfinance
2020-03-25,9.58488761,9.9002958,8.63866474,9.52355862,7359200,yfinance
2020-03-26,9.60241003,10.23322552,9.17310541,9.39213848,7391300,yfinance
2020-03-27,8.85769575,9.10301335,8.34077848,8.67370796,6190400,yfinance
2020-03-30,8.59485821,8.93654927,8.19183732,8.76132298,4505800,yfinance
2020-03-31,9.44470633,9.68126246,9.10301525,9.47975159,7845900,yfinance
2020-04-01,8.87522245,9.18186832,8.76132512,8.85769939,5447500,yfinance
2020-04-02,9.0066385,9.78639644,8.46343665,8.60361767,6169500,yfinance
2020-04-03,8.66495049,9.00664162,8.46343959,8.70875645,5030400,yfinance
2020-04-06,9.32204942,10.18942033,9.22567431,9.92658043,7121700,yfinance
2020-04-07,10.55739677,10.90784944,10.10180747,10.22446632,8002300,yfinance
2020-04-08,10.06676221,10.52235151,10.02295541,10.33836365,4607700,yfinance
2020-04-09,10.7413836,11.74893555,10.65377003,11.36343765,7787300,yfinance
2020-04-13,11.2320151,11.43352595,10.54863218,10.68881321,3659300,yfinance
2020-04-14,10.68881356,11.08307292,10.38216777,10.67129135,4580700,yfinance
2020-04-15,10.04047619,10.1105667,9.75135259,9.96162415,3392700,yfinance
2020-04-16,9.90905694,10.01419272,9.29576365,9.48851299,3279000,yfinance
2020-04-17,9.99667108,10.51358936,9.9441036,10.03171635,4603000,yfinance
2020-04-20,9.72506941,10.27703205,9.47975175,9.76011467,3984700,yfinance
2020-04-21,9.37461675,9.73383091,9.08549312,9.54108238,4879100,yfinance
2020-04-22,9.96162519,10.04923876,9.46222999,9.67250156,4681900,yfinance
2020-04-23,9.89153372,10.19818036,9.76011421,9.83896542,3342700,yfinance
2020-04-24,10.00543248,10.11056827,9.60241153,9.92658043,4938000,yfinance
2020-04-27,9.90029682,10.39969205,9.83020629,10.14561367,4018800,yfinance
2020-04-28,10.43473608,10.68881442,9.76011461,10.10180569,5275300,yfinance
2020-04-29,10.55739378,10.61872277,10.27703089,10.513587,5174900,yfinance
2020-04-30,10.25951208,10.28579582,9.82144581,10.08428574,6580400,yfinance
2020-05-01,9.83020591,9.88277339,9.54984297,9.76887608,4479100,yfinance
2020-05-04,9.53232134,9.69002545,9.25195921,9.61993408,5773400,yfinance
2020-05-05,10.24198499,11.01298142,10.12808854,10.32083702,8106000,yfinance
2020-05-06,10.46978162,10.60120197,9.4534682,9.46222973,5726900,yfinance
2020-05-07,9.70754505,10.14561116,9.69002284,9.72506809,4704100,yfinance
2020-05-08,9.9441026,10.48730456,9.9441026,10.43473625,5016100,yfinance
2020-05-11,9.7075452,9.87401079,9.31328585,9.83020401,6005000,yfinance
2020-05-12,9.86525028,10.12809015,9.4709909,9.47975159,4125700,yfinance
2020-05-13,9.40090007,9.40966159,8.85769809,8.93655014,5277300,yfinance
2020-05-14,8.71751695,9.31328723,8.38458655,9.11177635,3917800,yfinance
2020-05-15,8.98912123,9.19063134,8.77884959,8.83141708,4915900,yfinance
2020-05-18,9.31328672,9.66373931,9.30452519,9.60241032,6026600,yfinance
2020-05-19,9.6286949,9.95286378,9.20815174,9.66374016,3779700,yfinance
2020-05-20,9.87401022,10.320837,9.79515819,10.26826954,4553600,yfinance
2020-05-21,10.29455577,10.44349834,9.99667061,10.11932945,3864400,yfinance
2020-05-22,10.04923786,10.24198637,10.0141926,10.1280899,3444800,yfinance
2020-05-26,10.5836753,10.89908254,10.5836753,10.64500427,6120800,yfinance
2020-05-27,11.0480298,11.38096022,10.80271295,11.33715343,5808100,yfinance
2020-05-28,11.50361646,11.53866172,10.60120049,10.68881321,3869600,yfinance
2020-05-29,10.59243965,10.76766594,10.47854235,10.59243965,5495500,yfinance
2020-06-01,10.5573939,11.17944783,10.45225813,10.96917629,3253300,yfinance
2020-06-02,11.17068935,11.33715415,11.00422454,11.07431507,3243000,yfinance
2020-06-03,11.32940132,12.20901322,11.28542056,12.06827545,5264700,yfinance
2020-06-04,11.98031203,12.2353994,11.73402097,12.19141865,5324200,yfinance
2020-06-05,12.73677861,12.92149712,11.79559424,12.40252686,6223400,yfinance
2020-06-08,12.92149686,13.26454576,12.73677835,13.17658424,4547400,yfinance
2020-06-09,12.7015946,13.00945908,12.40252728,12.97427464,4625300,yfinance
2020-06-10,12.93029504,13.00946025,12.35854763,12.39373207,4440000,yfinance
2020-06-11,11.57569076,11.81318634,10.81922494,11.00394344,5015700,yfinance
2020-06-12,11.56689616,12.00670211,11.20625541,11.6812458,3935100,yfinance
2020-06-15,11.0743151,11.85716923,10.8544121,11.76041222,4112400,yfinance
2020-06-16,12.4904859,12.54326297,11.54050534,11.99790382,3913100,yfinance
2020-06-17,12.00670032,12.06827371,11.64605962,11.70763302,2619100,yfinance
2020-06-18,11.54050727,11.88355619,11.45254659,11.51411915,2933900,yfinance
2020-06-19,11.8571663,11.88355526,11.25023455,11.34699154,6301500,yfinance
2020-06-22,11.34699201,11.56689497,11.11829358,11.47893429,2918300,yfinance
2020-06-23,11.69883654,11.69883654,11.2942151,11.36458397,3212400,yfinance
2020-06-24,11.1007029,11.15347999,10.5025665,10.52895546,3658900,yfinance
2020-06-25,10.42340053,10.8456138,10.27386645,10.828022,3398000,yfinance
2020-06-26,10.66969412,10.81043191,10.34423776,10.62571335,6424800,yfinance
2020-06-29,11.09190411,11.38217593,10.82802125,11.12708855,3820300,yfinance
2020-06-30,10.99514712,11.13588487,10.87200117,11.00394344,5417300,yfinance
2020-07-01,10.96876082,11.31180893,10.72246888,10.88079929,5153400,yfinance
2020-07-02,11.21505133,11.74281878,11.17986688,11.30301285,4938000,yfinance
2020-07-06,11.54930533,11.7428202,11.27662525,11.55810165,3686000,yfinance
2020-07-07,11.37338045,11.55809895,11.22384638,11.32060337,3389700,yfinance
2020-07-08,11.22384683,11.27662307,10.47617646,10.65209866,5703500,yfinance
2020-07-09,10.65209918,10.67848814,10.12433257,10.27386665,4208100,yfinance
2020-07-10,10.22988444,10.81922436,10.2122918,10.81922436,3666100,yfinance
2020-07-13,11.21505183,11.67245043,11.06551774,11.39097404,5069600,yfinance
2020-07-14,11.33819638,11.60207924,11.03033191,11.52291489,3294500,yfinance
2020-07-15,12.00670279,12.2178103,11.74281988,11.79559612,6747900,yfinance
2020-07-16,11.6988376,11.9715168,11.57569164,11.61087608,3545000,yfinance
2020-07-17,11.68124647,12.02429543,11.62847022,11.79559612,3818300,yfinance
2020-07-20,11.74281878,11.85716759,11.29421653,11.30301285,3639100,yfinance
2020-07-21,11.44375265,11.72522822,11.42616,11.67245197,3148200,yfinance
2020-07-22,11.56689681,11.86596501,11.49652793,11.79559612,2792000,yfinance
2020-07-23,11.73402139,12.08586577,11.52291476,11.90994358,2942600,yfinance
2020-07-24,11.94513059,12.20901436,11.81318913,12.02429581,2812500,yfinance
2020-07-27,12.03309014,12.38493454,11.96272126,12.31456566,2666900,yfinance
2020-07-28,12.17382783,12.31456559,11.84837155,11.87475967,2090100,yfinance
2020-07-29,11.91874255,12.34975222,11.91874255,12.29697514,2685100,yfinance
2020-07-30,11.96272119,12.02429375,11.71642928,11.87475967,3046200,yfinance
2020-07-31,11.83957614,11.91874134,11.69883837,11.84837246,2506300,yfinance
2020-08-03,11.77800318,12.288178,11.6284691,12.03309059,4419800,yfinance
2020-08-04,13.12380885,13.96823626,13.08862441,13.66037178,13703700,yfinance
2020-08-05,14.0649934,14.66312973,13.91545932,14.34646893,9646900,yfinance
2020-08-06,14.32887878,14.42563495,13.94184907,14.19693565,4537800,yfinance
2020-08-07,14.07378965,15.1469155,14.06499333,15.12052822,8039300,yfinance
2020-08-10,15.35802449,16.33439433,15.35802449,16.18486023,9951400,yfinance
2020-08-11,16.5279056,16.61586543,15.48996347,15.51635075,6319400,yfinance
2020-08-12,15.84180953,15.96495466,15.27006217,15.31404209,5023200,yfinance
2020-08-13,15.20848934,15.56913005,15.00617734,15.35802174,4939600,yfinance
2020-08-14,15.27006048,15.92097298,15.12052642,15.6834774,4312900,yfinance
2020-08-17,15.91218031,16.14087962,15.61311212,15.70107365,4091800,yfinance
2020-08-18,15.73625588,16.22883973,15.66588699,16.07930565,3805600,yfinance
2020-08-19,16.08810422,16.1848604,15.72746176,15.77144337,3102200,yfinance
2020-08-20,15.49876372,15.72746136,15.31404433,15.66588879,2384100,yfinance
2020-08-21,15.56033293,15.58672021,15.30524471,15.3844099,3072800,yfinance
2020-08-24,15.65709421,16.42235745,15.59552164,16.27282333,3877000,yfinance
2020-08-25,16.3695776,16.4487428,15.87699374,16.13208199,3678000,yfinance
2020-08-26,16.00894117,16.38717297,16.00894117,16.24643517,3582000,yfinance
2020-08-27,16.26402427,16.3519858,16.04412129,16.20245171,3017800,yfinance
2020-08-28,16.14967697,16.73901708,16.07051176,16.63346291,3670700,yfinance
2020-08-31,16.6158678,16.6158678,16.02652778,16.0353241,3348300,yfinance
2020-09-01,15.97375072,16.44874191,15.78023672,16.44874191,3879800,yfinance
2020-09-02,16.23707038,16.67805546,16.16651283,16.66041565,3874300,yfinance
2020-09-03,16.71333613,16.78389368,16.0871364,16.29880905,3469000,yfinance
2020-09-04,16.46638031,16.56339755,15.99893559,16.34290504,3852700,yfinance
2020-09-08,15.76962216,15.80490176,15.18752212,15.42565441,4636100,yfinance
2020-09-09,15.54031557,15.95484096,15.4168386,15.84900379,3551300,yfinance
2020-09-10,15.91955764,16.06949261,15.58440979,15.62850761,2722200,yfinance
2020-09-11,15.83136241,16.26352751,15.60205,16.14887047,3549300,yfinance
2020-09-14,16.26353095,16.27235086,15.76962643,15.99011898,3329100,yfinance
2020-09-15,16.00775578,16.11359292,15.69906593,15.90192032,3664000,yfinance
2020-09-16,15.95484129,16.2547113,15.64615138,15.96366119,4477700,yfinance
2020-09-17,15.92837558,17.13667506,15.72552291,16.98674011,8280700,yfinance
2020-09-18,17.08375734,17.66585732,16.81916536,16.98674011,18798500,yfinance
2020-09-21,16.58985678,16.58985678,15.16106619,15.7078867,7586100,yfinance
2020-09-22,15.66378997,15.98129976,15.47857536,15.91956043,4216200,yfinance
2020-09-23,16.20179556,16.99556852,16.00776102,16.10477829,7171900,yfinance
2020-09-24,16.10477576,16.91618839,15.64615086,16.59867859,5953000,yfinance
2020-09-25,16.36054292,16.54575749,15.93719772,16.39582253,4086800,yfinance
2020-09-28,16.64277696,17.01320448,16.27234944,16.28998756,4104400,yfinance
2020-09-29,16.20178801,16.43109871,15.77844118,15.8578186,2439400,yfinance
2020-09-30,15.91955579,16.43991816,15.87545797,16.11359024,3800000,yfinance
2020-10-01,16.18415323,16.28998871,15.61969117,15.6902504,3581500,yfinance
2020-10-02,15.30218006,16.38700278,15.25808055,16.14887047,3507200,yfinance
2020-10-05,16.36936358,17.15431806,16.28998614,17.00438309,7047000,yfinance
2020-10-06,17.19841825,17.40127098,16.55458043,16.60749817,3457800,yfinance
2020-10-07,16.92500847,17.52474847,16.92500847,17.4100914,6102300,yfinance
2020-10-08,17.48946375,17.81579337,17.01320086,17.39244652,3830400,yfinance
2020-10-09,17.56884536,17.70114054,17.10140058,17.38363075,2996300,yfinance
2020-10-12,17.41009019,17.41891009,16.96028522,17.05730247,2315400,yfinance
2020-10-13,17.03084111,17.14549816,16.69569323,17.00438309,2980300,yfinance
2020-10-14,17.20723459,17.43654699,16.96028239,17.03083992,3612100,yfinance
2020-10-15,16.75743663,17.27779927,16.51048433,17.1896019,3568900,yfinance
2020-10-16,17.30425398,17.35717172,16.87208716,16.88090706,3190000,yfinance
2020-10-19,16.95146134,17.17195382,16.73978876,16.81916618,4306700,yfinance
2020-10-20,16.92501152,17.11022449,16.51048438,16.61632156,3902800,yfinance
2020-10-21,16.4046483,16.93383082,16.32527083,16.67805862,3733700,yfinance
2020-10-22,16.36053864,16.54575317,16.10476828,16.50165367,4184700,yfinance
2020-10-23,16.68687454,16.90736707,16.45756211,16.49284172,3157100,yfinance
2020-10-26,16.23706768,16.41346236,15.84900041,16.00775528,3936000,yfinance
2020-10-27,15.99893988,16.43992501,15.88428449,16.18415451,3617400,yfinance
2020-10-28,15.74316583,16.14005135,15.65496849,15.93719864,3851100,yfinance
2020-10-29,15.76080333,16.36054146,15.75198342,16.14004898,3890700,yfinance
2020-10-30,16.03421803,16.35172783,15.78726577,16.31644821,4930300,yfinance
2020-11-02,16.4840239,17.28661667,16.27235125,17.25133705,5404800,yfinance
2020-11-03,15.83136351,15.99011671,14.57896594,15.16106606,14483000,yfinance
2020-11-04,15.30218416,15.31982397,14.12034389,14.77300167,8883900,yfinance
2020-11-05,14.90529268,15.28454005,14.75535772,15.14342499,8219300,yfinance
2020-11-06,15.28454118,15.5138536,14.69362117,14.89647388,4318700,yfinance
2020-11-09,15.65496773,16.29880543,14.99349022,14.99349022,7867000,yfinance
2020-11-10,15.1169668,15.65496909,14.87001625,15.54031372,4805500,yfinance
2020-11-11,15.61086911,15.75198417,15.41683464,15.5667696,4275400,yfinance
2020-11-12,15.44329119,15.63732394,15.08168371,15.31099606,3661600,yfinance
2020-11-13,15.49621447,15.94601943,15.45211664,15.89310169,2746600,yfinance
2020-11-16,16.29880633,16.58985639,16.02539609,16.56339836,4179800,yfinance
2020-11-17,16.46637849,16.7574285,16.11359086,16.7221489,3595000,yfinance
2020-11-18,16.85444553,17.43654553,16.60749335,16.92500305,4556900,yfinance
2020-11-19,16.73097016,17.2954321,16.51047766,17.2689724,3470500,yfinance
2020-11-20,17.25133544,17.34835269,17.11904025,17.29543495,3137400,yfinance
2020-11-23,17.55120162,18.30969631,17.46300429,18.11566353,4288600,yfinance
2020-11-24,18.47727582,20.45288881,18.32734083,20.44406891,13236000,yfinance
2020-11-25,19.5356356,20.16183519,19.09465059,19.90606308,6405300,yfinance
2020-11-27,20.05600192,20.44406928,19.88842712,20.00308418,2839000,yfinance
2020-11-30,19.95897909,19.97661889,19.20930598,19.36805916,6196000,yfinance
2020-12-01,19.75612782,19.84432516,19.00645298,19.19166756,5356100,yfinance
2020-12-02,19.04139124,19.23587094,18.57286988,18.7761898,7002500,yfinance
2020-12-03,18.88226845,19.2181882,18.63474748,18.76734734,5763600,yfinance
2020-12-04,18.97950923,20.19943209,18.97950923,20.13755226,8090800,yfinance
2020-12-07,20.04030713,20.04030713,19.32426663,19.49222565,3901600,yfinance
2020-12-08,19.49223417,20.10219573,19.4657152,19.78395462,4477400,yfinance
2020-12-09,20.04915136,20.28783213,19.33311072,19.81047058,4009700,yfinance
2020-12-10,19.51875462,19.90771579,19.45687478,19.66903496,3176900,yfinance
2020-12-11,19.44802822,19.76626923,19.3331088,19.65134811,5847900,yfinance
2020-12-14,20.14639307,20.95083422,20.02263172,20.04915237,7084500,yfinance
2020-12-15,20.35855166,20.56187156,20.06683128,20.4292717,8238700,yfinance
2020-12-16,20.65911389,20.65911389,19.69555221,19.99611282,3525600,yfinance
2020-12-17,20.23479565,20.57955741,20.01379526,20.42043686,7225300,yfinance
2020-12-18,20.4115924,20.74751219,20.05799218,20.67679214,10717200,yfinance
2020-12-21,20.15522711,20.59722772,19.96958766,20.45578766,3673400,yfinance
2020-12-22,20.53535153,20.57955261,19.32427059,19.33311081,6804200,yfinance
2020-12-23,19.48339041,19.67787009,19.29774925,19.5275898,3981400,yfinance
2020-12-24,19.48339187,19.62483196,19.28891048,19.41267014,1071600,yfinance
2020-12-28,19.52758982,19.74859015,18.99718867,19.10326958,2550000,yfinance
2020-12-29,19.25354825,19.53642838,18.91762682,19.16514778,2714000,yfinance
2020-12-30,19.19166863,19.77511107,19.11211005,19.58946991,2851900,yfinance
2020-12-31,19.75743289,20.68563375,19.49223144,20.34087372,5487000,yfinance
2021-01-04,20.64142678,21.2337076,20.52650569,20.92430687,6245500,yfinance
2021-01-05,21.0392332,21.75527557,20.98619359,21.70223427,5992500,yfinance
2021-01-06,22.10003374,23.08127578,22.01163327,23.02823448,9969700,yfinance
2021-01-07,24.17743608,24.66363613,23.65587518,23.78847504,9087900,yfinance
2021-01-08,23.87687417,24.08903427,23.10779233,23.70007324,6009300,yfinance
2021-01-11,23.25807147,24.01831305,23.001712,23.66471291,5741600,yfinance
2021-01-12,23.76195596,25.32663879,23.4348764,25.15867805,7362500,yfinance
2021-01-13,25.60951712,25.91891792,24.67247622,24.84043694,4789800,yfinance
2021-01-14,25.00839828,25.92775878,24.98187763,25.54763794,4889600,yfinance
2021-01-15,25.22939983,25.50343978,24.83159854,25.31779861,4727100,yfinance
2021-01-19,25.60067907,25.73328063,24.8227586,25.37967873,3618700,yfinance
2021-01-20,25.60951648,25.93659769,24.97303616,25.19403648,3627300,yfinance
2021-01-21,25.35315792,25.47691756,24.91115726,25.11447716,3105700,yfinance
2021-01-22,24.58408103,25.14984313,24.00948039,25.04376221,3395100,yfinance
2021-01-25,25.41503843,25.43271886,24.3807568,25.34431839,3887200,yfinance
2021-01-26,25.60067667,25.8835585,24.2039547,24.2039547,5295900,yfinance
2021-01-27,23.55863519,23.85919577,22.65695342,23.59399605,6190300,yfinance
2021-01-28,24.01831552,24.23047563,23.3287939,24.0536747,3471300,yfinance
2021-01-29,24.01831372,24.14207335,22.83375192,22.94867134,3963900,yfinance
2021-02-01,23.24923596,24.08019774,23.07243669,23.74427795,5443800,yfinance
2021-02-02,24.05367486,24.38959631,23.42603474,24.10671616,3204000,yfinance
2021-02-03,24.15091874,24.82276003,24.09787913,24.40727997,4256100,yfinance
2021-02-04,24.38075806,24.66363823,24.04483828,24.26583862,3713400,yfinance
2021-02-05,24.52219483,24.69899576,24.03599481,24.44263458,4063700,yfinance
2021-02-08,24.97303595,25.89239808,24.79623502,25.71559715,4987300,yfinance
2021-02-09,25.72444011,25.77747972,24.72551762,24.73435783,4306400,yfinance
2021-02-10,24.99071805,25.10563748,23.66471605,24.6547966,5735000,yfinance
2021-02-11,24.71667909,24.91116048,24.30119903,24.61944008,4696000,yfinance
2021-02-12,24.55755964,25.963122,24.42495808,25.87472153,6058100,yfinance
2021-02-16,26.35207762,27.448239,26.32555866,27.09463882,8086200,yfinance
2021-02-17,26.69684183,27.31564178,25.94544034,26.90016174,5680400,yfinance
2021-02-18,26.75871863,27.36867829,24.07135398,24.44263458,12438700,yfinance
2021-02-19,25.31779744,26.15759938,24.72551649,25.7067585,9118200,yfinance
2021-02-22,25.74211639,27.29795706,25.68023489,26.25483704,8698700,yfinance
2021-02-23,26.32555927,26.32555927,24.65479567,26.10455894,6331400,yfinance
2021-02-24,26.12223632,29.37536119,26.11339779,28.39411926,11943000,yfinance
2021-02-25,28.38528205,28.80076373,27.01507903,27.20956039,9821600,yfinance
2021-02-26,26.93552045,27.22724083,25.10563793,25.98963928,7288900,yfinance
2021-03-01,26.84712515,27.44824473,26.73220402,27.1476841,4676700,yfinance
2021-03-02,27.29795815,28.47367976,27.28911963,27.60735893,6141700,yfinance
2021-03-03,27.82871914,29.01518072,27.82871914,27.94382286,6430200,yfinance
2021-03-04,27.77559012,27.94381849,25.03964573,26.18183517,8056200,yfinance
2021-03-05,26.65996171,26.82819007,24.83599769,26.62454414,6580200,yfinance
2021-03-08,26.73965589,27.64278204,26.5714258,27.18236542,4713100,yfinance
2021-03-09,27.43913197,27.6604867,26.58027623,27.25319481,4711900,yfinance
2021-03-10,27.50997007,29.27195549,27.38601194,29.27195549,8459600,yfinance
2021-03-11,29.75892877,30.20163821,29.30736326,29.61726189,6716700,yfinance
2021-03-12,29.66153335,30.0953901,28.86465499,29.39590836,4255500,yfinance
2021-03-15,30.21935294,30.6089361,29.67924678,30.31674957,6042600,yfinance
2021-03-16,30.09539282,30.31674757,29.17455627,29.24538803,4413100,yfinance
2021-03-17,29.10372218,30.06882905,28.89122351,29.99799728,4400700,yfinance
2021-03-18,29.99799639,31.16674918,29.48445175,29.64382744,8274900,yfinance
2021-03-19,29.63497785,29.74122719,28.61674455,29.49331093,8081800,yfinance
2021-03-22,29.57299556,29.60840975,28.41309547,28.64330292,6452000,yfinance
2021-03-23,28.11205403,28.44851421,26.60684102,27.05840492,7422000,yfinance
2021-03-24,27.43028543,27.66934901,26.73965956,26.74851227,6596500,yfinance
2021-03-25,26.25267095,27.44798685,25.76569122,27.2443409,7152000,yfinance
2021-03-26,27.64278389,27.92611942,26.88132461,27.58080482,6088500,yfinance
2021-03-29,27.66048694,29.20997174,27.51882005,27.7136116,8419400,yfinance
2021-03-30,27.47454788,27.89069413,26.94329622,27.74902725,3826500,yfinance
2021-03-31,27.72246573,28.49278093,27.09381912,27.98809242,7395600,yfinance
2021-04-01,28.29799014,28.54590976,27.20892519,27.67819786,4908500,yfinance
2021-04-05,28.66101529,28.72299436,27.43028328,27.51882553,5342200,yfinance
2021-04-06,27.51882197,28.0500737,27.13809154,27.41257095,7185800,yfinance
2021-04-07,27.38600613,27.55423619,26.82819129,27.27090073,3707700,yfinance
2021-04-08,27.27090402,27.50996756,26.65996614,27.48340607,5461400,yfinance
2021-04-09,27.43913126,27.97038294,27.29746438,27.86413193,4602300,yfinance
2021-04-12,28.20058845,28.50162929,27.8287125,28.12975502,5209100,yfinance
2021-04-13,28.55475998,28.85580255,27.77559208,28.55475998,4680500,yfinance
2021-04-14,28.72298739,29.99799274,28.56361172,29.51101303,5337900,yfinance
2021-04-15,29.67923996,29.74121901,28.935488,29.33392715,3543500,yfinance
2021-04-16,29.80320217,30.16622381,29.3693454,29.62611771,3611100,yfinance
2021-04-19,29.68809364,29.76778147,28.56361127,28.97975922,4442500,yfinance
2021-04-20,28.82924107,28.96205188,27.86413263,28.51934242,4392000,yfinance
2021-04-21,28.42194415,29.59069678,27.92611175,29.55528259,3573600,yfinance
2021-04-22,29.55528932,29.96258128,29.11257979,29.27195549,3831600,yfinance
2021-04-23,29.52872314,30.13080834,29.13913998,30.05997658,3218300,yfinance
2021-04-26,30.1927796,31.22872135,30.10423907,30.79486465,4674400,yfinance
2021-04-27,30.56466403,31.91050131,30.56466403,31.47664452,9011400,yfinance
2021-04-28,31.33498105,32.096442,31.28185806,32.01675415,6084300,yfinance
2021-04-29,32.36206367,32.57456572,31.45893589,32.14070892,6251700,yfinance
2021-04-30,31.8308152,32.1584193,31.09591577,31.14904213,4739700,yfinance
2021-05-03,31.2552855,31.80424426,30.80372336,31.016222,6731700,yfinance
2021-05-04,29.0328833,30.60892768,28.73184077,30.39642906,11673300,yfinance
2021-05-05,30.65319897,30.9453888,29.84746797,30.90997124,7062800,yfinance
2021-05-06,31.01622318,31.43237115,30.15736914,31.39695358,6842200,yfinance
2021-05-07,31.308408,32.87559962,30.87455132,32.76049423,5747100,yfinance
2021-05-10,33.07925412,33.11467169,31.40581277,31.44122696,6920200,yfinance
2021-05-11,30.75945143,31.67143173,30.15736636,31.18445206,5660900,yfinance
2021-05-12,31.18445993,31.70685731,30.75060311,31.21102142,7548600,yfinance
2021-05-13,31.25528621,31.82195376,30.15736867,30.70632744,5573600,yfinance
2021-05-14,31.07820931,32.36206769,31.03393903,32.3089447,4616800,yfinance
2021-05-17,32.26466694,32.9110224,31.91050137,32.81362915,4230900,yfinance
2021-05-18,32.84905238,33.84957706,32.25582311,32.29124069,6128500,yfinance
2021-05-19,31.63602625,31.79540197,30.9365443,31.27300453,5965600,yfinance
2021-05-20,31.24643903,31.42352352,30.3521639,30.94539642,5342800,yfinance
2021-05-21,31.26414277,31.7599752,31.01622318,31.39695358,5669600,yfinance
2021-05-24,31.39696256,32.21154994,31.27300442,31.60946465,3688600,yfinance
2021-05-25,31.87508134,32.53914553,30.7505989,30.78601646,5600600,yfinance
2021-05-26,30.54695849,31.62717086,30.22820708,31.3881073,4950800,yfinance
2021-05-27,31.66258257,32.01675153,31.36153997,31.86623192,7099100,yfinance
2021-05-28,31.9813261,32.26465985,31.68913965,31.99903488,3770900,yfinance
2021-06-01,32.42404237,33.3802965,32.42404237,33.2474823,4018700,yfinance
2021-06-02,33.58018624,33.62454851,32.55104457,33.09223175,3565300,yfinance
2021-06-03,32.84381739,33.31402763,32.51555761,33.17207718,2488100,yfinance
2021-06-04,33.10109429,33.60679284,31.37107133,31.97436142,9883900,yfinance
2021-06-07,32.32923286,32.48892748,31.54850736,31.86789322,4046000,yfinance
2021-06-08,31.6194881,31.96549207,31.04281596,31.74369431,3876100,yfinance
2021-06-09,31.46866972,31.49528437,30.88312373,31.00732994,4292900,yfinance
2021-06-10,31.44203845,31.66383614,30.52823308,30.55484772,4083600,yfinance
2021-06-11,30.90973645,31.2379962,30.54598826,30.68793869,4472000,yfinance
2021-06-14,30.60808593,30.84762787,29.31278803,29.39263535,5478000,yfinance
2021-06-15,29.42812597,29.58782063,28.65627069,29.3305378,6313600,yfinance
2021-06-16,29.224074,29.224074,28.51432179,28.96679115,6779800,yfinance
2021-06-17,28.78047424,28.85145114,26.66008833,26.92624664,10005100,yfinance
2021-06-18,26.48264903,27.04157856,26.2608513,26.54475212,10643400,yfinance
2021-06-21,27.15691603,27.65374249,27.08594082,27.36096954,11143900,yfinance
2021-06-22,27.62713122,28.00862367,27.19240777,27.57390022,6777900,yfinance
2021-06-23,27.57389257,27.95538492,27.46742892,27.49404526,3592700,yfinance
2021-06-24,27.76907522,28.07072027,27.29886511,27.70697212,6301900,yfinance
2021-06-25,27.98200202,28.17718341,27.62712431,27.68035698,5043200,yfinance
2021-06-28,27.67148632,27.68035843,26.71332016,26.99722099,4571800,yfinance
2021-06-29,27.47630203,27.81343553,27.00609193,27.32547951,4343600,yfinance
2021-06-30,27.33434863,28.31913098,27.16578359,28.31025887,6112100,yfinance
2021-07-01,28.82483452,29.23294153,28.10620866,28.2038002,6087000,yfinance
2021-07-02,28.20380101,28.27477622,27.56502245,27.89328384,2782400,yfinance
2021-07-06,27.80456821,27.80456821,26.5891157,26.87301826,5624600,yfinance
2021-07-07,26.84640172,27.34322824,26.41167831,27.11255836,4132200,yfinance
2021-07-08,26.50039675,27.56502497,26.29634153,27.28112411,4370200,yfinance
2021-07-09,27.76020474,28.43446835,27.6005101,28.2038002,3838700,yfinance
2021-07-12,27.76020679,28.50544735,27.45856172,28.26590538,3116500,yfinance
2021-07-13,28.38123889,28.523191,27.61825411,27.76020622,2818900,yfinance
2021-07-14,27.99975156,28.68289083,27.502925,27.57390022,2839900,yfinance
2021-07-15,27.40532699,27.85779456,26.85526956,27.08593941,2858100,yfinance
2021-07-16,27.36096651,27.44968593,25.94146078,26.25197792,5277700,yfinance
2021-07-19,25.47124989,25.69304762,25.07201501,25.54222679,4865600,yfinance
2021-07-20,25.63981747,26.56249685,25.48899495,26.34957123,3720100,yfinance
2021-07-21,26.66008921,27.2278926,26.66008921,27.01496696,3354200,yfinance
2021-07-22,26.9883518,27.04158279,26.42055007,26.74880981,2113500,yfinance
2021-07-23,26.79317179,26.88188955,26.18988158,26.48265457,2259000,yfinance
2021-07-26,26.61572742,26.98834767,26.32295448,26.9439888,2722700,yfinance
2021-07-27,26.64234438,26.95285985,26.09228525,26.57136917,2420800,yfinance
2021-07-28,26.85527178,27.29886727,26.34957318,27.05045319,2728500,yfinance
2021-07-29,27.60938329,27.91102666,27.26337766,27.61825371,3178100,yfinance
2021-07-30,27.68035748,28.4965715,27.60051016,27.70697212,6078900,yfinance
2021-08-02,27.86666638,28.20379987,26.54475212,26.54475212,4825600,yfinance
2021-08-03,26.83752529,27.90215506,26.27859575,27.80456352,5978400,yfinance
2021-08-04,27.98200156,28.27477448,26.93511603,27.15691376,5817200,yfinance
2021-08-05,27.36984514,27.76908011,27.15691948,27.23676682,2873300,yfinance
2021-08-06,27.68922897,28.02636249,27.52953602,27.93764305,2525200,yfinance
2021-08-09,27.91989815,28.90468232,27.76907562,28.8869381,4936600,yfinance
2021-08-10,29.00227131,30.18223691,28.98452708,29.8539772,5461200,yfinance
2021-08-11,30.15562663,30.56373372,29.64105417,30.27983284,3826900,yfinance
2021-08-12,30.1645012,30.33306631,29.34828691,30.08465385,3938200,yfinance
2021-08-13,30.06690498,30.16449654,29.66766832,29.77413368,3065100,yfinance
2021-08-16,29.33940591,29.33940591,28.44334449,28.80709267,3319800,yfinance
2021-08-17,28.53205944,28.89580757,27.26337617,27.68035698,4570600,yfinance
2021-08-18,27.58276554,28.1594393,27.36096781,27.42307091,2695400,yfinance
2021-08-19,26.6867014,26.97060221,25.85274151,26.23423386,6122000,yfinance
2021-08-20,26.57136756,27.27224747,26.49152024,27.25450325,4993100,yfinance
2021-08-23,27.67148988,28.08846908,27.5561541,27.73359299,3472800,yfinance
2021-08-24,28.31913658,28.93129884,28.23928926,28.64739799,3026600,yfinance
2021-08-25,28.47882419,28.95790805,28.11507778,28.69175148,2037700,yfinance
2021-08-26,28.64740181,28.71837534,28.06185412,28.16831779,2284900,yfinance
2021-08-27,28.398986,29.1619709,28.398986,28.96679115,2451400,yfinance
2021-08-30,29.11761074,29.17084343,28.50545012,28.65627098,1847700,yfinance
2021-08-31,28.66514237,28.73611589,28.28364828,28.54980659,4014800,yfinance
2021-09-01,28.48310913,28.50089481,27.69166515,28.28747177,2764400,yfinance
2021-09-02,27.78949,28.93664096,27.70056329,28.83882141,4160800,yfinance
2021-09-03,28.91884738,29.23898276,28.45642999,28.58982086,2908700,yfinance
2021-09-07,28.32304081,29.00777237,28.13629461,28.58982086,3323900,yfinance
2021-09-08,28.55425513,28.67875149,27.44267561,27.6827755,2190600,yfinance
2021-09-09,27.4248889,28.33193816,27.19368016,28.0740509,1899900,yfinance
2021-09-10,28.36750435,28.74099508,28.15408132,28.26079369,2833100,yfinance
2021-09-13,28.76767624,28.82992442,28.15408558,28.57204056,2933100,yfinance
2021-09-14,28.90106674,29.22120218,28.30526007,28.4920063,3574200,yfinance
2021-09-15,28.80324232,29.96817865,28.69653166,29.91482162,3555000,yfinance
2021-09-16,29.85257801,30.36835251,29.48798008,30.01264572,2942600,yfinance
2021-09-17,29.79922277,30.03932436,29.05224118,29.88815117,5064600,yfinance
2021-09-20,28.50979173,28.87438967,27.98512439,28.59871674,4359200,yfinance
2021-09-21,29.04335222,29.18563428,28.3230491,28.82992744,2802400,yfinance
2021-09-22,28.93663964,29.8081176,28.80324873,29.50576782,3742600,yfinance
2021-09-23,30.00375009,31.15979189,29.93260738,31.09754372,4930700,yfinance
2021-09-24,30.99083235,32.31583649,30.91079849,31.8889904,4669100,yfinance
2021-09-27,32.2713808,33.35628022,32.2713808,32.76047516,5342300,yfinance
2021-09-28,32.68043345,33.10727952,32.35140691,32.51147461,4622000,yfinance
2021-09-29,32.63597474,32.68932838,32.04016636,32.44923019,2687000,yfinance
2021-09-30,32.56483494,32.82272222,31.70225148,31.76449966,3507600,yfinance
2021-10-01,32.04906005,33.7831247,32.04906005,33.61416245,4783300,yfinance
2021-10-04,33.85426255,34.62792088,33.48966464,34.03211594,5488300,yfinance
2021-10-05,34.05878982,34.47674473,33.4096279,34.25442886,4780100,yfinance
2021-10-06,33.80979856,34.22775349,32.99167438,34.11214828,4279000,yfinance
2021-10-07,34.60124674,35.52608171,34.43228788,35.16148376,4319500,yfinance
2021-10-08,35.37490083,36.06852867,34.93026908,35.92624664,5088700,yfinance
2021-10-11,36.45981027,37.50024713,36.40645323,37.27793121,6039600,yfinance
2021-10-12,36.96668841,37.54471112,36.51316545,36.85997772,5026300,yfinance
2021-10-13,37.12675289,37.19789561,36.17524118,36.21970367,5551800,yfinance
2021-10-14,36.73547842,37.29571201,36.49537685,36.80661774,4001600,yfinance
2021-10-15,37.12675456,37.20678842,36.53094959,36.87776184,3707300,yfinance
2021-10-18,36.48648552,37.28682414,36.35309801,37.2334671,3228800,yfinance
2021-10-19,37.34907454,37.3846459,36.71769814,37.18900681,2550600,yfinance
2021-10-20,37.10006982,38.45175058,36.82439695,37.76701736,5871200,yfinance
2021-10-21,37.29571392,37.580278,36.69101441,37.50024414,3932300,yfinance
2021-10-22,37.69587699,38.2294371,37.05560622,37.35795593,2652700,yfinance
2021-10-25,37.8114868,38.1938704,37.53581387,37.73145294,2805400,yfinance
2021-10-26,37.66031324,37.71367027,36.73548164,37.2334671,3048900,yfinance
2021-10-27,36.89554754,37.1534314,35.94403238,36.60208893,5121800,yfinance
2021-10-28,36.78883529,37.37574915,36.69101575,37.2334671,3599600,yfinance
2021-10-29,36.99336689,37.29571667,36.61098324,36.96669006,3543800,yfinance
2021-11-01,36.68212523,37.36685864,36.11299704,36.86886978,6646300,yfinance
2021-11-02,35.39268307,35.6327846,32.54703948,33.47187424,14583100,yfinance
2021-11-03,33.52523578,35.37490216,32.99167563,35.10812378,6415600,yfinance
2021-11-04,35.00140281,35.47271125,34.16549316,34.50341415,4556800,yfinance
2021-11-05,32.90275218,33.28513579,32.52036857,33.21399307,22079800,yfinance
2021-11-08,33.33848816,34.1566089,33.32070248,33.54301834,14272600,yfinance
2021-11-09,33.67641292,34.01433405,32.7693636,33.35627747,8329900,yfinance
2021-11-10,33.25845662,33.6408402,31.81784729,32.08462906,6902100,yfinance
2021-11-11,32.53815229,33.21399107,32.36919344,32.73379135,5026300,yfinance
2021-11-12,32.72490322,33.46299372,32.54704981,33.24956894,4231300,yfinance
2021-11-15,33.30291629,34.20107087,32.97388977,33.69419098,4978600,yfinance
2021-11-16,33.79201488,33.87204874,32.83160862,32.99167633,7513200,yfinance
2021-11-17,33.1695278,33.42741503,32.31583566,32.36029816,5625300,yfinance
2021-11-18,32.6715479,32.99167996,32.26248404,32.74268723,3744000,yfinance
2021-11-19,32.44032422,32.53814372,31.88898193,32.23579407,5966700,yfinance
2021-11-22,32.54704111,32.77825151,32.20912344,32.37808228,3357700,yfinance
2021-11-23,32.60928105,32.91163068,32.01347631,32.68042374,2977500,yfinance
2021-11-24,32.28026361,32.62707582,32.04016206,32.3247261,3143400,yfinance
2021-11-26,31.21314393,31.53327929,30.84854607,31.40878296,3869800,yfinance
2021-11-29,31.93345047,32.15576633,31.25761174,32.04016113,4858200,yfinance
2021-11-30,31.77338566,32.2358031,30.35056536,30.43059921,7679700,yfinance
2021-12-01,31.3619236,31.62037733,29.93597782,29.96271324,4771900,yfinance
2021-12-02,30.50635489,31.13020742,30.21225507,30.87175369,6264600,yfinance
2021-12-03,30.96087605,31.62928871,30.36375897,30.66677284,4543800,yfinance
2021-12-06,31.13911496,31.24606343,30.34593252,30.72024536,3422600,yfinance
2021-12-07,31.32628254,32.45812527,31.30845779,31.96795654,6195800,yfinance
2021-12-08,32.25313256,32.65418078,31.86099842,32.10162735,3140100,yfinance
2021-12-09,31.88774178,32.22640518,31.65602686,31.84318161,2808200,yfinance
2021-12-10,32.77004062,33.53648758,32.03032908,32.74330521,4644600,yfinance
2021-12-13,32.60072327,33.02850707,31.47778782,31.96795654,3623400,yfinance
2021-12-14,31.71840381,32.7789505,31.71840381,31.91447258,3514700,yfinance
2021-12-15,31.77187472,32.4402872,30.9341289,32.42246246,4274600,yfinance
2021-12-16,32.7789568,33.58996405,32.43138275,32.50268173,4102500,yfinance
2021-12-17,32.36899696,32.89481506,32.04815834,32.49376678,6548300,yfinance
2021-12-20,31.85209892,31.94121926,30.81828727,31.67385483,4702300,yfinance
2021-12-21,32.36008529,33.36715789,32.27987564,33.26912689,4074600,yfinance
2021-12-22,33.3315096,34.61486056,33.31368485,34.5079155,5310200,yfinance
2021-12-23,34.57921384,35.23871581,34.4277086,34.9178772,3864000,yfinance
2021-12-27,35.06937795,35.6486702,34.58812348,35.6486702,2695200,yfinance
2021-12-28,35.64866505,35.92494343,35.35456193,35.52389526,2743800,yfinance
2021-12-29,35.51498366,35.88929643,35.39912793,35.61301804,2822600,yfinance
2021-12-30,35.47042865,35.82691674,34.90896111,34.9446106,2282600,yfinance
2021-12-31,34.77528593,35.14068475,34.67725152,35.01591492,1859200,yfinance
2022-01-03,35.20306245,36.13883937,35.20306245,35.81800079,3798400,yfinance
2022-01-04,36.22797561,36.5131648,35.75562825,36.09429169,4046400,yfinance
2022-01-05,36.41512564,36.67357938,34.73072613,34.75746155,4815700,yfinance
2022-01-06,35.18524105,35.5595539,33.87515118,35.12285614,3970000,yfinance
2022-01-07,35.19415132,35.93385946,35.14067709,35.80908966,3934600,yfinance
2022-01-10,35.61301957,36.2546967,35.14958647,35.68431854,4832000,yfinance
2022-01-11,35.79127268,36.1566715,34.9089664,35.96951675,5029800,yfinance
2022-01-12,36.50424204,37.97475123,36.49533137,37.35089874,8511800,yfinance
2022-01-13,37.43111212,38.24211942,36.98550365,37.08353806,4313700,yfinance
2022-01-14,38.18863467,39.07094071,37.38654167,38.52729797,6419400,yfinance
2022-01-18,38.23321492,39.26702662,37.77869229,38.86597824,5102100,yfinance
2022-01-19,38.56295214,39.11550562,37.11026778,37.37763214,4603200,yfinance
2022-01-20,37.42219663,37.64500084,36.06754662,36.12101746,4546000,yfinance
2022-01-21,35.70214596,35.97842099,34.83766459,35.03373337,5003000,yfinance
2022-01-24,34.14251136,35.00698921,33.04631528,34.85548401,7804700,yfinance
2022-01-25,34.36531662,36.15666066,33.53648483,36.03189087,5242700,yfinance
2022-01-26,36.3794746,37.2439561,34.98917497,35.53281784,6066000,yfinance
2022-01-27,35.88038289,36.60226964,34.73071592,35.19414902,4776900,yfinance
2022-01-28,35.10503171,35.71997352,34.38314822,35.44369507,3942000,yfinance
2022-01-31,35.20306626,35.67541011,34.49009345,35.60411453,4131100,yfinance
2022-02-01,35.87147645,38.94617511,35.76453138,38.84814072,10038200,yfinance
2022-02-02,38.54511836,39.65022845,37.65390175,39.36503601,7441200,yfinance
2022-02-03,38.57186996,39.16007303,37.73412722,38.26885605,5825000,yfinance
2022-02-04,38.15300423,39.62351036,37.97476013,39.06204605,6820600,yfinance
2022-02-07,39.3115725,39.94433559,38.45600521,39.62349701,6761400,yfinance
2022-02-08,39.84630866,40.20279679,38.79467239,40.04237747,7347900,yfinance
2022-02-09,40.59492059,40.76425394,39.86412316,39.89977264,7368200,yfinance
2022-02-10,39.35614221,42.37736727,39.31158204,40.92468262,7677500,yfinance
2022-02-11,40.82664413,42.11890581,40.44342062,41.77133179,9591400,yfinance
2022-02-14,41.4593996,41.53960923,39.14223423,39.76608658,7984700,yfinance
2022-02-15,39.7215313,40.84446633,38.24211159,40.62166214,6181000,yfinance
2022-02-16,40.66622964,41.48614759,40.50581032,41.25443268,5582000,yfinance
2022-02-17,41.36137562,41.97631405,40.79990803,41.01380157,5765200,yfinance
2022-02-18,40.72860783,40.99597219,39.76609207,40.1047554,4823100,yfinance
2022-02-22,40.73751968,40.85337882,38.83923032,39.38286972,7738900,yfinance
2022-02-23,38.13517216,40.81773354,37.74303454,40.28300476,9786700,yfinance
2022-02-24,39.32939723,42.87643958,39.275923,40.41667938,10706300,yfinance
2022-02-25,41.03161945,44.17761344,40.42559179,44.14196396,12150300,yfinance
2022-02-28,43.92807741,46.92256644,43.75874404,46.72649765,15683200,yfinance
2022-03-01,46.92257619,48.27722303,45.29164746,46.22742462,11324100,yfinance
2022-03-02,46.89103884,49.18646656,46.77492674,48.01642227,12305100,yfinance
2022-03-03,48.80240601,51.1514247,48.58804889,49.71343231,13376500,yfinance
2022-03-04,50.27612322,53.54509817,50.05283257,53.43791962,17991000,yfinance
2022-03-07,53.25035221,57.79654989,52.50902904,54.60795975,24638900,yfinance
2022-03-08,53.83091698,55.98343897,50.6780537,51.9731369,17925200,yfinance
2022-03-09,49.40976416,51.7587832,47.24831189,51.55335617,15112000,yfinance
2022-03-10,52.66086543,56.01915867,52.04458447,55.54578018,18388500,yfinance
2022-03-11,54.05420833,56.66224184,53.77732666,55.30463409,13855200,yfinance
2022-03-14,54.19710713,54.82232163,50.50834462,51.89274597,11773900,yfinance
2022-03-15,51.37471452,52.32146813,49.16860175,52.18749237,10955100,yfinance
2022-03-16,52.17855943,52.93774972,49.71343206,51.41937256,13659200,yfinance
2022-03-17,52.65193382,54.60795861,52.11603424,54.57223129,11637100,yfinance
2022-03-18,54.41147206,55.72442236,54.12566025,55.4475441,16045600,yfinance
2022-03-21,57.32318235,60.51177291,57.29638855,60.0205307,14430100,yfinance
2022-03-22,59.66327427,60.04733452,57.36784628,58.66292953,10715400,yfinance
2022-03-23,59.84189346,62.20877569,59.42210596,60.67253494,8854500,yfinance
2022-03-24,60.90477933,63.7539643,60.58324014,61.24417877,10348100,yfinance
2022-03-25,61.458512,63.8611214,61.31560954,63.71821213,8666300,yfinance
2022-03-28,62.03908936,62.52139811,58.55575296,60.70827866,9185200,yfinance
2022-03-29,55.8583828,58.14487659,52.65192934,57.56431961,14888900,yfinance
2022-03-30,59.08270871,60.42245264,58.09129766,58.5200119,6604400,yfinance
2022-03-31,58.84154999,61.02086893,58.49321712,59.39531326,7969900,yfinance
2022-04-01,59.27921502,61.52104865,58.40391252,58.84156036,6542800,yfinance
2022-04-04,59.89549127,60.25275773,58.10023907,59.84190369,5187900,yfinance
2022-04-05,60.66360818,62.59284286,60.04733056,60.51177216,10554200,yfinance
2022-04-06,60.79758696,64.5131472,60.79758696,61.79793167,13999300,yfinance
2022-04-07,62.29810271,64.45955496,61.4763946,63.8789978,9956800,yfinance
2022-04-08,65.41522328,66.76390064,63.78074099,65.96898651,8347200,yfinance
2022-04-11,65.79928506,66.3798421,63.05727624,66.01364899,8307200,yfinance
2022-04-12,66.65672278,67.7910431,64.65604045,67.41591644,8360000,yfinance
2022-04-13,67.92503074,68.7645991,64.68284556,67.03186798,9350800,yfinance
2022-04-14,66.65672973,68.81818864,66.45130612,67.92502594,6263200,yfinance
2022-04-18,67.87143209,70.80993821,67.18369981,69.80066681,6319500,yfinance
2022-04-19,69.25582527,70.67595046,68.20189318,69.64881897,8032200,yfinance
2022-04-20,68.31799721,69.72026206,65.57598863,67.67491913,9163300,yfinance
2022-04-21,67.98753893,68.17510226,60.96728041,61.32454681,13000600,yfinance
2022-04-22,61.00301155,63.43240823,59.12736454,59.63646698,10089900,yfinance
2022-04-25,57.27851704,57.85907411,54.22390248,56.81407547,14476800,yfinance
2022-04-26,58.36817003,58.63612152,55.19744373,56.86765671,11203600,yfinance
2022-04-27,57.72511106,58.895159,55.63511331,57.92160797,7014200,yfinance
2022-04-28,58.14488801,58.85942087,56.58185335,58.34138489,5735000,yfinance
2022-04-29,59.38638086,59.70791995,55.42074004,55.75120926,6945700,yfinance
2022-05-02,55.38500877,56.93911312,54.15244689,55.73334503,7929400,yfinance
2022-05-03,53.85771484,60.95835961,52.84843995,60.58323288,14941100,yfinance
2022-05-04,61.03873805,61.39600451,57.35891194,59.94908524,7789000,yfinance
2022-05-05,60.84223548,61.31561055,56.56398604,57.81441498,6474400,yfinance
2022-05-06,57.73403978,58.2788696,55.53686023,57.20707703,5845600,yfinance
2022-05-09,55.46539583,55.61723524,49.42761818,49.89206314,10565400,yfinance
2022-05-10,52.44650887,54.02740708,50.01710552,51.48189163,8552700,yfinance
2022-05-11,52.29466697,55.59043899,51.71411336,53.10744476,8585000,yfinance
2022-05-12,52.9377535,53.26822274,50.28505919,52.46437836,6960000,yfinance
2022-05-13,54.56330548,56.6622363,54.4829207,55.63510132,5408900,yfinance
2022-05-16,57.19811803,58.46640693,55.98341668,56.34068298,6249100,yfinance
2022-05-17,57.39463523,59.48463261,55.94770925,58.62719727,8153300,yfinance
2022-05-18,57.9751911,58.72544446,53.95595576,54.88484573,7720300,yfinance
2022-05-19,54.44720226,56.22459769,53.25929753,54.63476562,6997900,yfinance
2022-05-20,55.59936824,56.51039444,50.18680201,51.75876999,11768300,yfinance
2022-05-23,51.95526967,55.17958738,51.90168209,54.4829216,9105000,yfinance
2022-05-24,53.48258064,53.9112983,51.67839167,51.98206711,12203600,yfinance
2022-05-25,51.03531324,54.00061296,50.80309245,53.42898941,8980700,yfinance
2022-05-26,52.85735882,53.57188816,51.94633263,52.66086197,6654200,yfinance
2022-05-27,52.43758644,53.47365514,50.50835496,53.45579147,6649400,yfinance
2022-05-31,54.84018508,57.71616975,54.05420104,55.95663834,13129400,yfinance
2022-06-01,55.32992367,55.72386059,51.56068531,52.54552078,8540800,yfinance
2022-06-02,53.15432638,54.92703219,52.85887712,53.80789948,6763200,yfinance
2022-06-03,53.05584447,53.8168568,52.50075558,53.44082642,3522600,yfinance
2022-06-06,54.06753853,54.38089773,52.62609506,53.32443619,7728500,yfinance
2022-06-07,53.16328952,53.23491225,49.87751359,51.19361496,10939900,yfinance
2022-06-08,50.50422846,52.80516538,50.09238838,50.85339737,7347000,yfinance
2022-06-09,49.96704711,50.30726105,47.98841754,48.04213715,9049400,yfinance
2022-06-10,47.56762427,49.80589001,47.03043845,47.77354431,7646200,yfinance
2022-06-13,46.17093557,47.06624168,45.32039409,46.04559326,7597800,yfinance
2022-06-14,46.40372951,48.05108991,45.78596595,47.20950317,7439200,yfinance
2022-06-15,47.88993587,48.79419374,46.72603494,47.99737167,8638800,yfinance
2022-06-16,46.47534742,47.83621333,44.92646801,45.60689926,10042500,yfinance
2022-06-17,45.37412019,46.02769333,43.88791198,45.30249405,12381500,yfinance
2022-06-21,46.24256083,46.96775658,45.37411283,46.17988968,8730300,yfinance
2022-06-22,44.32660426,45.64270534,43.91476427,44.79216385,8589900,yfinance
2022-06-23,44.81903014,44.81903014,40.42307678,40.50365448,12948900,yfinance
2022-06-24,41.08560678,42.75982865,40.40517547,41.73022842,9921700,yfinance
2022-06-27,42.25845742,43.91477268,41.3452446,43.63722992,8010300,yfinance
2022-06-28,44.71159523,45.97397697,43.79838239,44.12069321,8233300,yfinance
2022-06-29,44.52357351,44.89960386,42.68819662,43.10003662,5585300,yfinance
2022-06-30,42.17787686,43.11794772,41.57801991,42.28531265,5981200,yfinance
2022-07-01,41.66754903,42.75086865,40.65585213,42.00776291,6147200,yfinance
2022-07-05,40.23507019,40.51261641,39.22337637,39.85904312,8775000,yfinance
2022-07-06,39.42033117,39.97542348,38.05051377,39.80531311,9094500,yfinance
2022-07-07,41.21094009,41.9092812,39.93065205,40.40516663,6484800,yfinance
2022-07-08,41.08560956,41.25571996,39.85904077,40.48575592,4172800,yfinance
2022-07-11,39.82322193,40.73643473,39.63520844,40.21715546,5832600,yfinance
2022-07-12,39.41138105,40.66480773,39.18755449,40.17238998,5177200,yfinance
2022-07-13,40.01124062,42.16892884,39.99333408,41.4616394,6343100,yfinance
2022-07-14,40.31563951,40.87073185,38.65932431,39.09802246,7072400,yfinance
2022-07-15,39.73369097,40.53946452,39.20546016,40.3066864,4525800,yfinance
2022-07-18,41.24675304,41.89137455,40.52155385,40.92444229,5799800,yfinance
2022-07-19,41.25571135,43.27910186,41.09455596,43.03736877,4841200,yfinance
2022-07-20,42.41960941,43.18061832,42.25845401,43.0015564,3592100,yfinance
2022-07-21,42.39275453,43.144812,41.53326125,43.13586044,3559800,yfinance
2022-07-22,43.27910459,44.23708201,42.4464695,42.65238953,3494100,yfinance
2022-07-25,43.33282658,45.27563962,42.97470269,45.22192001,4921800,yfinance
2022-07-26,45.55318558,46.02769682,44.23708422,44.4609108,4806000,yfinance
2022-07-27,44.37137569,45.95606804,43.22538145,45.76805115,4545300,yfinance
2022-07-28,46.17989712,46.80660875,44.94437357,45.48155594,4692700,yfinance
2022-07-29,46.18883906,47.21844238,45.49945299,47.14681625,4682000,yfinance
2022-08-01,46.69021932,46.80660666,45.25772736,46.0097847,6026000,yfinance
2022-08-02,44.09383099,48.06003779,43.74466212,46.75289154,7208200,yfinance
2022-08-03,47.92574365,49.09859609,46.38581918,47.38856125,4671000,yfinance
2022-08-04,47.54972163,48.15853023,46.0635132,46.29629135,4098300,yfinance
2022-08-05,45.85758533,47.85411777,45.66061687,46.75289154,3733800,yfinance
2022-08-08,47.26321596,48.69570454,46.15303475,46.83346939,6308000,yfinance
2022-08-09,47.29902962,48.86581552,47.29902962,48.35548782,4168000,yfinance
2022-08-10,48.60617664,48.96429709,47.4154177,48.33758545,3229800,yfinance
2022-08-11,48.61512606,49.76112032,48.61512606,49.02696609,2762600,yfinance
2022-08-12,48.6688496,49.41195203,48.40920996,49.10754776,2944100,yfinance
2022-08-15,47.59447861,48.19433555,47.1468255,47.59447861,3998600,yfinance
2022-08-16,48.11375841,48.95534504,48.04213227,48.69570541,3032600,yfinance
2022-08-17,48.27491388,49.19708169,48.02422921,48.53455353,2800200,yfinance
2022-08-18,49.18812412,49.42985722,48.51664443,49.00011063,2728200,yfinance
2022-08-19,48.45397238,48.45397238,47.63924385,47.91679001,2886900,yfinance
2022-08-22,47.41541552,49.8954141,47.37960245,49.56415176,4028600,yfinance
2022-08-23,50.39678588,51.66811902,50.36097281,51.25627899,4342200,yfinance
2022-08-24,51.74869404,54.43461246,51.61440017,54.33612823,7947100,yfinance
2022-08-25,55.37469497,56.39534705,54.28242357,55.45527267,6371200,yfinance
2022-08-26,55.95664711,56.54754917,55.00762115,55.30307388,5066800,yfinance
2022-08-29,54.36299488,55.10609727,52.98422248,54.02277756,5070100,yfinance
2022-08-30,53.15433126,53.15433126,50.64747443,51.33686066,5147100,yfinance
2022-08-31,50.52897717,50.52897717,48.28484072,48.35665131,9355900,yfinance
2022-09-01,47.36025005,47.71931322,46.30102089,47.43206406,5076500,yfinance
2022-09-02,48.68878745,49.6313241,47.59364773,49.22737885,4044800,yfinance
2022-09-06,49.76596119,50.16093134,48.39255099,48.48231506,3641700,yfinance
2022-09-07,47.37820416,48.01554147,46.76779881,47.68340683,3445100,yfinance
2022-09-08,47.79112577,48.66184829,47.207649,48.61696625,3323300,yfinance
2022-09-09,49.70312704,50.61873501,49.21839623,50.4840889,4007800,yfinance
2022-09-12,50.95086912,51.25607179,46.57031752,47.07300186,9943300,yfinance
2022-09-13,46.29203601,48.51821845,46.25612901,47.22559738,5856800,yfinance
2022-09-14,47.30639689,48.67083226,47.08198325,48.38358307,5716800,yfinance
2022-09-15,47.71033645,48.55413042,47.27945929,48.12325668,5081300,yfinance
2022-09-16,47.15379105,47.51285423,45.27769295,46.85756683,14897200,yfinance
2022-09-19,45.94195545,49.65824435,45.79833087,49.25429916,5608600,yfinance
2022-09-20,48.75162888,49.40691641,47.52183945,48.75162888,6027500,yfinance
2022-09-21,49.532573,49.70312611,47.85396013,48.02451324,5145400,yfinance
2022-09-22,48.79650186,49.6223424,47.12686385,47.14481735,3776000,yfinance
2022-09-23,45.49312593,45.72651457,42.90788026,43.56316757,7134900,yfinance
2022-09-26,43.13230899,44.27233091,41.73196981,41.74991989,6770800,yfinance
2022-09-27,42.45905812,43.77861136,42.39622258,43.48238373,4681300,yfinance
2022-09-28,43.15024559,44.77500124,43.12331705,44.55956268,3765100,yfinance
2022-09-29,44.14665174,44.15562678,42.86300544,43.43750381,3663000,yfinance
2022-09-30,43.16820551,44.15562411,42.60268221,43.3836441,5154900,yfinance
2022-10-03,44.2813039,44.86477734,43.43750637,44.38004303,5197500,yfinance
2022-10-04,45.24178851,46.7767769,45.08021043,46.75882339,4722200,yfinance
2022-10-05,46.3099836,46.83062129,45.57390737,45.86115646,3503000,yfinance
2022-10-06,45.43926345,46.39975335,45.13406082,46.05864716,3938900,yfinance
2022-10-07,45.69062298,46.336932,44.49674066,45.83424759,3243800,yfinance
2022-10-10,46.4895334,47.82703686,45.72652492,47.2974205,3725100,yfinance
2022-10-11,46.50747729,46.56133437,44.09278468,44.48775482,4837200,yfinance
2022-10-12,44.25436399,45.24178594,43.25796699,44.99044037,3292600,yfinance
2022-10-13,44.60444524,46.9563022,43.89530088,46.67802811,3895900,yfinance
2022-10-14,46.74085717,46.74085717,41.88454775,42.06407928,8387700,yfinance
2022-10-17,43.06048645,43.60805624,42.41417413,43.31182861,4739500,yfinance
2022-10-18,44.15562242,45.87014233,44.0389298,45.60982513,5052100,yfinance
2022-10-19,45.49313429,46.46259945,45.16100305,45.52904129,2406300,yfinance
2022-10-20,45.95092758,47.18071658,45.22382971,46.25613022,2905500,yfinance
2022-10-21,45.78037437,47.6923792,45.05327307,47.66544724,4035700,yfinance
2022-10-24,47.69238005,47.86293316,46.33691997,47.11788177,3320900,yfinance
2022-10-25,46.87551974,48.20404801,46.79473069,48.14121246,3206100,yfinance
2022-10-26,48.7336701,48.88626974,47.86294402,47.88089752,3820700,yfinance
2022-10-27,48.38358483,49.07477586,47.97963957,48.06042862,3115700,yfinance
2022-10-28,48.01553992,48.95807644,46.49850165,47.7013588,2511100,yfinance
2022-10-31,48.39254882,49.51461683,47.71033298,48.24892426,4023900,yfinance
2022-11-01,48.88626767,48.97603518,47.45002171,48.87729263,3527500,yfinance
2022-11-02,48.77854655,49.02988872,46.55236376,46.5792923,3549900,yfinance
2022-11-03,43.98507051,44.30822667,41.41777809,43.84144592,8054100,yfinance
2022-11-04,44.59547271,45.38540958,43.45545117,44.24538803,4090900,yfinance
2022-11-07,44.45185332,44.9186341,43.41057419,44.81091309,4688000,yfinance
2022-11-08,45.15201878,48.24892736,44.84681612,47.47694397,5171600,yfinance
2022-11-09,46.60621657,47.02811525,44.43389448,44.55059052,3375300,yfinance
2022-11-10,46.1484153,48.67980058,45.43029242,48.02451324,4448400,yfinance
2022-11-11,48.5810629,50.08912281,46.56134018,47.38718414,5681800,yfinance
2022-11-14,47.14481549,48.64389689,47.10890849,47.68340683,3597800,yfinance
2022-11-15,47.99759001,48.04247205,44.78398507,47.20765305,7873400,yfinance
2022-11-16,46.41771676,46.55236632,44.87375324,45.03532791,3716200,yfinance
2022-11-17,44.45184876,45.10713609,43.45545177,44.86476898,2615400,yfinance
2022-11-18,44.91863525,44.91863525,43.40159685,43.95814514,3161000,yfinance
2022-11-21,43.52726337,44.13766521,42.42314545,43.67986298,4166200,yfinance
2022-11-22,44.46979997,45.78934961,44.18255083,45.30461884,4229000,yfinance
2022-11-23,44.74806964,45.49312442,44.15561788,45.42131042,2329300,yfinance
2022-11-25,45.40336155,46.48952256,45.34052259,46.47156906,1617900,yfinance
2022-11-28,45.73549166,46.60621408,44.90067281,45.11610794,3447000,yfinance
2022-11-29,45.75345205,46.13046531,44.92760811,45.53801346,3815100,yfinance
2022-11-30,46.15022004,46.222247,44.29557034,46.18623352,6123400,yfinance
2022-12-01,46.33929233,46.66340682,44.01647406,44.2055397,3242100,yfinance
2022-12-02,43.99847365,45.34894862,43.98947199,44.39461517,3391300,yfinance
2022-12-05,44.83576355,45.49299422,42.8460648,43.38625336,3159500,yfinance
2022-12-06,43.49429355,44.2145461,42.73802751,42.95410156,2486200,yfinance
2022-12-07,42.41391351,42.72002128,41.5586121,42.61198425,5514700,yfinance
2022-12-08,43.20619142,43.88142882,42.25185467,42.31487656,2247200,yfinance
2022-12-09,42.44092057,42.92709232,42.09879933,42.1438179,2501400,yfinance
2022-12-12,41.92773689,42.90008031,41.72966618,42.54895401,2972100,yfinance
2022-12-13,43.44027577,43.98946945,42.29687328,42.34188843,3306300,yfinance
2022-12-14,42.28787222,42.72002378,40.77534004,40.88337708,4400900,yfinance
2022-12-15,40.17212436,40.84736179,39.87502168,40.7843399,4325900,yfinance
2022-12-16,40.55926046,41.04543223,39.72196578,40.83835983,11077800,yfinance
2022-12-19,40.92839108,41.46858309,39.77598695,40.10010147,2834500,yfinance
2022-12-20,40.10909228,41.08143558,40.08208389,40.82034302,2525900,yfinance
2022-12-21,41.28852703,41.59463487,40.88338381,41.27952194,2630000,yfinance
2022-12-22,40.81134827,40.91938528,39.37083982,40.27115631,2977000,yfinance
2022-12-23,40.61328091,40.91038359,40.32517988,40.64028931,1818200,yfinance
2022-12-27,41.00941901,41.05443415,40.01006707,40.15411758,2085100,yfinance
2022-12-28,40.25316302,40.25316302,39.00172323,39.10976028,3678800,yfinance
2022-12-29,39.11874663,39.52388968,38.8756608,39.08273315,4581300,yfinance
2022-12-30,38.9026784,39.51489395,38.82164978,39.49688721,3684000,yfinance
2023-01-03,39.38885842,40.10010949,38.21844732,38.38050461,3839900,yfinance
2023-01-04,38.24544844,39.08274314,37.73226826,38.95669937,4506900,yfinance
2023-01-05,38.88466705,40.3431822,38.74962164,40.23514175,5115400,yfinance
2023-01-06,40.81134777,42.35088813,40.81134777,42.07178879,7146400,yfinance
2023-01-09,42.05379642,43.0531486,41.95476102,42.49495316,4823900,yfinance
2023-01-10,42.88208444,43.17918716,40.34319168,40.36119843,4336400,yfinance
2023-01-11,40.41521608,40.92839632,39.68596175,40.71232224,4701900,yfinance
2023-01-12,40.81135462,42.30588009,40.06409016,42.296875,4347100,yfinance
2023-01-13,40.57727513,41.79270135,40.2081454,41.70267105,4315900,yfinance
2023-01-17,42.44992867,43.62934121,42.31487981,42.53995895,4214900,yfinance
2023-01-18,42.95410403,43.91744251,42.35089355,42.3689003,3567800,yfinance
2023-01-19,41.98176129,42.35089094,41.06343801,42.06278992,2971000,yfinance
2023-01-20,41.51359429,43.23319866,41.22549328,43.22419357,3716800,yfinance
2023-01-23,43.15217643,43.72837853,42.92709728,43.53030777,3380900,yfinance
2023-01-24,42.99010965,45.37594957,41.05442795,43.6293335,3346200,yfinance
2023-01-25,43.01712435,43.5123012,42.70201492,43.30522537,2916800,yfinance
2023-01-26,43.80941134,44.38561349,43.44028162,44.27757645,3110900,yfinance
2023-01-27,44.09750223,44.72772448,43.86342145,44.57466888,2864300,yfinance
2023-01-30,43.890431,44.19653876,43.37725085,43.66535187,3356200,yfinance
2023-01-31,43.74638313,44.73673,43.74638313,44.60168457,4152800,yfinance
2023-02-01,44.38560347,45.14186948,43.86342168,44.88978195,3248400,yfinance
2023-02-02,45.01582968,45.97916816,44.7367303,45.78109741,3930700,yfinance
2023-02-03,45.33093198,45.97015927,45.15087144,45.4119606,3870600,yfinance
2023-02-06,45.13288219,45.66406924,44.53867324,45.14188385,3531800,yfinance
2023-02-07,45.22290168,45.5740246,44.25956321,45.06084442,3537800,yfinance
2023-02-08,44.83576421,45.08785518,44.43062107,45.02482986,5249000,yfinance
2023-02-09,45.48398834,45.64604558,44.64669375,45.01582336,3235300,yfinance
2023-02-10,45.00682116,46.64539684,44.91678745,46.18623352,3436300,yfinance
2023-02-13,45.73608056,45.84411758,44.67370674,45.22290039,3429400,yfinance
2023-02-14,44.92580105,45.25891724,44.08850631,44.98882294,4185900,yfinance
2023-02-15,44.40361178,44.86277514,43.96245859,44.67370605,3329000,yfinance
2023-02-16,44.17852735,46.4113117,44.11550547,45.37594986,3267600,yfinance
2023-02-17,44.99781756,45.1598748,44.31357854,44.88077545,3841300,yfinance
2023-02-21,43.3412386,44.80875555,43.25120832,43.98946762,4720800,yfinance
2023-02-22,44.08850337,45.42097148,44.08850337,45.19589233,4325600,yfinance
2023-02-23,44.83576366,47.29362744,44.83576366,46.36630249,8360000,yfinance
2023-02-24,46.11421598,46.51035404,45.36695158,46.37530518,5587700,yfinance
2023-02-27,46.59138311,48.20295061,46.59138311,47.72578049,5066100,yfinance
2023-02-28,47.96886126,48.66210537,47.61773838,47.88783264,5676400,yfinance
2023-03-01,47.96013011,49.27051687,47.74324055,49.03554916,3646200,yfinance
2023-03-02,48.84578239,51.73767033,48.14992161,51.51174164,6904800,yfinance
2023-03-03,51.5840354,51.92744449,50.77069081,51.63825607,4340700,yfinance
2023-03-06,51.24061776,51.4484717,50.52668241,50.80683517,3887100,yfinance
2023-03-07,50.30074936,50.77068132,48.88191786,48.93614197,4547500,yfinance
2023-03-08,48.99940053,49.78563117,48.67406277,49.10784531,4901400,yfinance
2023-03-09,49.36088749,49.89407921,47.32752976,47.48116302,4695300,yfinance
2023-03-10,47.02931125,47.092571,44.20971906,44.35431671,6460100,yfinance
2023-03-13,43.28793722,43.81208997,42.18540414,42.99874878,6363500,yfinance
2023-03-14,44.27062641,44.81572137,41.77228404,42.317379,5482700,yfinance
2023-03-15,40.75478101,40.8819688,39.06499241,40.6457634,6977200,yfinance
2023-03-16,39.97347676,40.82745434,39.51014935,40.47314453,4489200,yfinance
2023-03-17,40.16425317,40.50947957,39.10132388,39.14674759,5720100,yfinance
2023-03-20,39.23759674,40.08249088,38.96505102,39.61916351,3894400,yfinance
2023-03-21,40.61849953,41.57241128,40.61849953,41.2181015,3835600,yfinance
2023-03-22,41.29986564,41.55424465,39.92805022,39.9462204,3306800,yfinance
2023-03-23,40.17334061,40.6639215,38.63799367,39.04681396,3217900,yfinance
2023-03-24,38.4744705,38.64708546,37.39337088,38.51081085,7236900,yfinance
2023-03-27,39.29211292,39.73727364,38.20192643,39.31936646,3988600,yfinance
2023-03-28,39.44655462,40.0552435,39.11041497,39.65550995,2764400,yfinance
2023-03-29,40.19151593,41.8994711,40.14608875,41.05457687,4401000,yfinance
2023-03-30,41.69960701,42.01757648,40.93647684,41.11817169,2290900,yfinance
2023-03-31,41.25444412,41.82679259,40.70026583,41.68143463,3594600,yfinance
2023-04-03,42.42639738,42.97148889,41.5724163,42.29920959,3500100,yfinance
2023-04-04,42.24469867,42.24469867,40.69118478,41.9630661,4391200,yfinance
2023-04-05,41.68143693,42.09934065,41.07274807,42.05391693,4479200,yfinance
2023-04-06,40.52764882,40.54581899,39.30118798,39.67366791,6379700,yfinance
2023-04-10,40.06432104,41.73593917,39.86445603,40.8001976,3927000,yfinance
2023-04-11,41.10908651,42.7716214,41.02732244,42.60809326,4961500,yfinance
2023-04-12,42.78978589,42.78978589,41.88129783,42.48089981,2551300,yfinance
2023-04-13,42.31737571,42.77161974,41.92672556,42.47181702,2316500,yfinance
2023-04-14,43.34396269,44.44323236,42.63534314,42.68985367,2851100,yfinance
2023-04-17,42.73528084,43.22586524,42.73528084,43.11684418,2052600,yfinance
2023-04-18,42.92605908,43.08050038,41.63600775,42.0084877,3119400,yfinance
2023-04-19,41.76320121,41.76320121,40.78203235,41.28170013,5942200,yfinance
2023-04-20,40.79111791,41.18176808,40.50948534,40.71843719,3437400,yfinance
2023-04-21,40.40046479,40.40046479,39.08315643,40.01889801,6752600,yfinance
2023-04-24,39.90988405,40.37321147,39.67367519,40.36412811,4716200,yfinance
2023-04-25,39.54648275,39.70092752,38.4290429,38.7651825,3728500,yfinance
2023-04-26,38.82877709,38.97413503,38.01113654,38.32002258,3156700,yfinance
2023-04-27,38.67433659,38.73793048,38.01114072,38.22917938,3690000,yfinance
2023-04-28,38.05656698,39.04681918,37.69317381,38.92871475,4501400,yfinance
2023-05-01,39.07407314,39.82811996,38.74702033,39.60099792,3140400,yfinance
2023-05-02,39.29210735,39.96439002,37.97479901,39.36478806,3471200,yfinance
2023-05-03,39.83719428,39.83719428,38.919623,38.94687653,3887300,yfinance
2023-05-04,38.22917641,38.50172211,34.79508944,35.05855179,7578500,yfinance
2023-05-05,35.44011302,35.67632183,34.24999604,35.5309639,3616000,yfinance
2023-05-08,36.13966012,36.52122697,34.33177051,34.35902405,4325200,yfinance
2023-05-09,33.88660571,34.14098473,33.40510812,33.76850128,4847800,yfinance
2023-05-10,34.2409115,34.60430809,32.88726632,33.52320862,4202600,yfinance
2023-05-11,32.06962621,32.86000981,31.52453479,32.66014481,5997500,yfinance
2023-05-12,32.49661805,32.66922954,31.62447036,32.11505127,5842400,yfinance
2023-05-15,32.44210616,33.25065994,32.26949469,33.25065994,4315500,yfinance
2023-05-16,32.8327575,33.06896633,31.96969316,32.03328705,3571100,yfinance
2023-05-17,31.97878132,32.07871556,31.30649861,32.00603485,7285200,yfinance
2023-05-18,31.96061879,32.56930429,31.72440989,32.51479721,3845000,yfinance
2023-05-19,32.75099596,33.01445834,32.22407465,32.48753357,3193000,yfinance
2023-05-22,32.61472738,33.02354429,32.00603849,32.68740463,2540900,yfinance
2023-05-23,32.64197798,32.80550612,32.06962951,32.41485596,2870100,yfinance
2023-05-24,32.40576548,32.51478654,31.74256966,31.94243813,3101800,yfinance
2023-05-25,31.50637023,31.81525635,30.90676817,31.04303932,3992200,yfinance
2023-05-26,31.57903783,31.72439575,30.67054993,30.78865433,3627600,yfinance
2023-05-30,30.43434548,30.58878677,29.61670496,30.29807091,4122500,yfinance
2023-05-31,29.9507693,29.9507693,29.02766025,29.21045303,10487600,yfinance
2023-06-01,29.42981252,29.47551028,28.73519563,28.98196602,4853200,yfinance
2023-06-02,29.68572052,30.62710772,29.57604519,30.23410416,4538700,yfinance
2023-06-05,30.48086853,30.94699473,30.02388397,30.38033485,4527700,yfinance
2023-06-06,29.24701445,31.74214995,29.24701445,31.62333298,4123200,yfinance
2023-06-07,31.94322479,33.29589881,31.85182577,33.15880203,4696400,yfinance
2023-06-08,33.03999337,33.43300047,31.47710313,31.92494965,4583900,yfinance
2023-06-09,32.02547882,32.33622846,31.66903142,32.06203842,4016200,yfinance
2023-06-12,31.76042716,32.82063121,31.68730796,32.46418381,4201600,yfinance
2023-06-13,32.74751845,33.45127167,32.44590694,33.140522,6273400,yfinance
2023-06-14,32.95772685,33.06740217,31.4588146,31.9797802,4273300,yfinance
2023-06-15,32.04375645,32.64697589,32.04375645,32.24482727,3330200,yfinance
2023-06-16,32.38192541,32.83890996,31.86096331,32.7383728,12261100,yfinance
2023-06-20,32.35450321,32.35450321,31.29429934,31.77870178,3906300,yfinance
2023-06-21,31.75129251,32.77493707,31.65075534,32.44590759,4106200,yfinance
2023-06-22,32.3727903,32.55558485,31.65989538,32.07118225,2985200,yfinance
2023-06-23,31.65074885,31.65074885,31.02010798,31.26688004,5593900,yfinance
2023-06-26,31.58677258,31.89752221,31.28516111,31.39483643,3461800,yfinance
2023-06-27,31.25774144,31.78784166,30.45344772,31.75128555,3583500,yfinance
2023-06-28,31.6050582,31.71473353,30.96527903,31.01097679,3194900,yfinance
2023-06-29,31.18462612,31.82440521,31.04753284,31.78784561,2458300,yfinance
2023-06-30,32.07117949,32.50988429,31.75129166,31.98892212,4141400,yfinance
2023-07-03,31.93407845,33.06740164,31.89752233,32.6652565,2039300,yfinance
2023-07-05,32.54644002,32.67439513,31.94322055,32.18085098,3991500,yfinance
2023-07-06,31.833548,31.91580188,30.79162021,31.87924576,3581700,yfinance
2023-07-07,31.8701008,33.98137063,31.81526489,33.58836365,6363600,yfinance
2023-07-10,32.94858528,33.41471147,32.72923465,32.7383728,4619400,yfinance
2023-07-11,32.9028964,33.49697786,32.49160949,33.42385864,3009000,yfinance
2023-07-12,33.89911863,34.05449172,32.7383773,32.79321671,3896800,yfinance
2023-07-13,32.78407778,33.31418164,32.61042487,33.06740952,4087100,yfinance
2023-07-14,33.48782658,33.52438618,32.31794727,32.6652565,3526300,yfinance
2023-07-17,32.86633106,33.22277849,32.62870061,32.68353653,3640200,yfinance
2023-07-18,33.01257285,34.87707121,32.85719973,34.30126953,4918200,yfinance
2023-07-19,34.43835955,35.22437362,34.22814706,34.75824738,5193000,yfinance
2023-07-20,35.17867971,35.48028776,34.38352391,35.31577301,5180200,yfinance
2023-07-21,35.09641796,35.48028335,34.63029173,35.24265289,3292400,yfinance
2023-07-24,35.58995803,36.44909128,35.38888719,36.12919998,3719800,yfinance
2023-07-25,36.12920639,36.8695228,35.9098557,36.36684036,3559400,yfinance
2023-07-26,36.35769153,37.18940331,36.34855337,36.97919083,4018700,yfinance
2023-07-27,37.17113013,37.27166731,36.44909703,36.50393295,3156900,yfinance
2023-07-28,37.05231563,37.16199096,36.53135341,36.75984573,2591500,yfinance
2023-07-31,36.67758554,37.31736469,36.60446633,37.25338364,2461700,yfinance
2023-08-01,37.29908576,37.43617906,36.51307166,36.76898193,3845800,yfinance
2023-08-02,35.91898741,38.18563052,35.46200283,37.22596359,7216600,yfinance
2023-08-03,36.8786493,37.59154752,35.7910274,37.28993607,4572400,yfinance
2023-08-04,37.40875739,38.48724126,37.21682471,37.69208908,3430400,yfinance
2023-08-07,37.67381349,38.64261866,37.65553369,38.11251831,3464400,yfinance
2023-08-08,37.28994494,38.21305584,37.06145262,38.16735458,2737800,yfinance
2023-08-09,38.37756727,38.90766758,38.22219069,38.76143265,3495200,yfinance
2023-08-10,39.02649163,39.12702882,37.92972773,37.95714569,3306300,yfinance
2023-08-11,37.95713195,38.5512132,37.94799379,38.10336685,2049800,yfinance
2023-08-14,37.05230967,37.20768275,36.5953251,37.11628723,3440200,yfinance
2023-08-15,36.56790561,36.72328218,35.66307807,35.83673096,2833100,yfinance
2023-08-16,35.72705898,36.23888303,35.67221957,35.80017471,1742200,yfinance
2023-08-17,36.02866456,36.4399514,35.85501167,35.90985107,1872600,yfinance
2023-08-18,35.38888323,36.12919594,35.24264832,36.11091614,2400100,yfinance
2023-08-21,36.33028035,36.45823549,35.76362035,36.13834763,1649700,yfinance
2023-08-22,36.12006139,36.4216694,35.47114413,35.51684189,1658200,yfinance
2023-08-23,35.33404296,35.37974072,34.54802903,34.9227562,2821800,yfinance
2023-08-24,34.65770946,35.34318635,34.06363159,35.22437286,2434500,yfinance
2023-08-25,35.43458773,36.07436689,35.3249124,35.63566208,3623300,yfinance
2023-08-28,35.63565701,36.03780217,34.92275874,34.9867363,3512600,yfinance
2023-08-29,35.02329806,35.61737941,34.74910801,35.57167816,2922400,yfinance
2023-08-30,35.51684362,35.69049651,34.96846001,35.48942566,2149800,yfinance
2023-08-31,35.58995542,35.87328709,35.24264967,35.50769806,4464100,yfinance
2023-09-01,35.93726648,36.58618373,35.93726648,36.42166901,2597500,yfinance
2023-09-05,36.65016707,37.17112929,35.90985418,36.04694748,2908500,yfinance
2023-09-06,35.84484859,36.12043616,34.74249479,35.08238602,2786700,yfinance
2023-09-07,34.71492838,35.11912316,33.41966396,33.69525146,5882100,yfinance
2023-09-08,33.93409841,34.60469607,33.8514218,34.5863266,4416000,yfinance
2023-09-11,34.77005346,35.41309349,34.05352505,34.090271,3814400,yfinance
2023-09-12,34.17294314,34.86191376,34.01677465,34.3199234,3349800,yfinance
2023-09-13,34.47609083,34.68737475,33.94328867,34.16375732,2802000,yfinance
2023-09-14,34.66900779,35.78054636,34.32911305,35.67949677,3103000,yfinance
2023-09-15,35.6427466,36.26741359,35.21099406,35.26610947,9824800,yfinance
2023-09-18,35.49576381,35.77135134,34.77004729,34.98133469,2747600,yfinance
2023-09-19,35.30285689,36.25823038,35.25692621,36.15718079,4801400,yfinance
2023-09-20,36.28578266,37.27790194,33.90653753,34.03514481,9054700,yfinance
2023-09-21,33.8881718,34.51283885,33.33699664,34.090271,5504300,yfinance
2023-09-22,34.36585454,34.44853116,32.79500236,32.88686371,4848400,yfinance
2023-09-25,32.68477833,33.25432657,32.65721711,33.17164993,3245400,yfinance
2023-09-26,32.74906986,33.36454856,32.3081256,32.51941299,3470500,yfinance
2023-09-27,32.91442975,32.96954516,32.28057444,32.33569336,2963100,yfinance
2023-09-28,32.38161655,33.15326373,32.28975521,32.92360687,2310700,yfinance
2023-09-29,33.04303498,33.41967215,32.39080674,32.70314026,4128300,yfinance
2023-10-02,32.93279673,32.93279673,31.82125822,32.17033768,3505400,yfinance
2023-10-03,31.73857691,32.16114469,31.14147119,31.2241478,3247200,yfinance
2023-10-04,31.34357154,31.38031748,30.58111248,30.86588478,3855800,yfinance
2023-10-05,30.5994819,31.45380572,30.5994819,31.23333359,4681600,yfinance
2023-10-06,31.07716577,31.37112625,30.47086834,30.94855499,2437700,yfinance
2023-10-09,31.18740655,33.0797771,31.18740655,33.05221939,4787200,yfinance
2023-10-10,33.19919833,33.90654195,33.14408292,33.51153183,4616100,yfinance
2023-10-11,33.45641705,34.00759574,32.93279958,33.1900177,2580300,yfinance
2023-10-12,33.41047976,33.49315637,32.5194135,33.19919586,2970700,yfinance
2023-10-13,33.51152902,33.98921572,33.03384233,33.40129471,3472600,yfinance
2023-10-16,33.82386602,34.01677697,33.40129819,33.4288559,2438500,yfinance
2023-10-17,33.20838427,34.37503807,33.20838427,34.10863876,4108900,yfinance
2023-10-18,33.86060467,34.1178192,33.45640639,33.69525146,2459400,yfinance
2023-10-19,33.47478485,34.20050142,33.34617756,33.47478485,2868800,yfinance
2023-10-20,33.1440849,33.25431923,32.32650341,32.5286026,2383000,yfinance
2023-10-23,31.12310113,31.87637541,30.8015794,30.93937492,3759300,yfinance
2023-10-24,31.1506608,31.84881621,31.11391485,31.38031769,2535200,yfinance
2023-10-25,31.0679841,31.17821843,30.33308275,30.64541626,3453300,yfinance
2023-10-26,30.84750925,31.16902743,30.64541011,30.92099762,2480400,yfinance
2023-10-27,30.96693661,30.99449782,30.22285047,30.39738846,2539600,yfinance
2023-10-30,30.90263558,31.34357646,30.5351866,30.75565529,2628700,yfinance
2023-10-31,30.48924751,30.57192413,29.60736589,29.83702278,3635600,yfinance
2023-11-01,29.97482056,30.07587016,29.3501535,29.66248703,3423000,yfinance
2023-11-02,29.62573315,30.93937059,29.50631061,30.92099762,4324000,yfinance
2023-11-03,30.31470977,31.37113288,30.31470977,30.64541626,5555900,yfinance
2023-11-06,30.72809264,30.78320805,29.77271913,29.83702278,4736100,yfinance
2023-11-07,29.69922999,29.69922999,29.15723785,29.33177757,4350700,yfinance
2023-11-08,29.28584625,30.78320842,29.02863165,30.10342598,6053500,yfinance
2023-11-09,30.57192286,31.87637577,30.50761922,30.88425636,5354300,yfinance
2023-11-10,30.77401876,30.98530265,30.32388978,30.90262604,3196000,yfinance
2023-11-13,30.77402601,31.84881867,30.72809533,31.69265366,4395000,yfinance
2023-11-14,32.49185532,33.3921099,32.49185532,32.98791504,4344400,yfinance
2023-11-15,33.07059848,34.43935535,33.06141374,34.27400208,4338200,yfinance
2023-11-16,33.84223973,34.57714109,33.22675744,33.78712082,3546600,yfinance
2023-11-17,34.03514811,34.15457067,32.8225601,33.20838547,3667900,yfinance
2023-11-20,33.20838862,33.30024997,32.62046402,33.26350403,3273700,yfinance
2023-11-21,33.0981466,33.28187279,32.55615625,32.99709702,3485100,yfinance
2023-11-22,32.76743948,33.13489186,32.24382211,33.07977295,2337600,yfinance
2023-11-24,33.17163614,33.93409507,33.16244791,33.44722366,1381900,yfinance
2023-11-27,33.17164439,33.2267598,32.77663423,33.07059479,2728300,yfinance
2023-11-28,33.06140904,33.45641568,32.55616105,33.32780838,2657900,yfinance
2023-11-29,33.52990898,33.75956589,33.18082949,33.45641708,2970700,yfinance
2023-11-30,33.50234526,33.52990296,32.71232507,32.96953964,8429900,yfinance
2023-12-01,33.03383837,34.10863418,32.9052311,33.89735031,3337100,yfinance
2023-12-04,33.39211864,33.95248215,33.08897329,33.17164993,3478100,yfinance
2023-12-05,33.01547761,33.27269574,32.20708777,32.2897644,3920500,yfinance
2023-12-06,32.54844688,33.03810448,32.31747578,32.40986633,3293600,yfinance
2023-12-07,32.81637856,33.66635063,32.65931636,33.17669296,3615200,yfinance
2023-12-08,33.25983412,33.47232709,32.62235524,32.96419144,3011600,yfinance
2023-12-11,32.70550937,33.21364509,32.54844719,33.15821075,2862600,yfinance
2023-12-12,32.82560551,33.00114577,32.02182722,32.12345505,2656400,yfinance
2023-12-13,32.02183098,33.75873452,31.92944396,33.68482208,3989800,yfinance
2023-12-14,34.52555698,35.16303944,34.16524265,34.27610779,4370500,yfinance
2023-12-15,34.02666382,34.46088708,33.47233107,33.83264542,9179400,yfinance
2023-12-18,34.62718368,34.83967665,34.14676342,34.18371964,4181500,yfinance
2023-12-19,34.52556067,35.38477348,34.3777393,35.24619293,4210400,yfinance
2023-12-20,34.69186189,34.76577434,33.23212623,33.24136353,5733600,yfinance
2023-12-21,33.40766558,33.71254917,32.936486,33.56472778,3932900,yfinance
2023-12-22,33.72177709,34.11904762,33.30602844,33.45384979,3040300,yfinance
2023-12-26,33.57395448,33.81416284,33.40765503,33.6386261,1924100,yfinance
2023-12-27,33.48157672,33.89732194,33.48157672,33.76797867,2178500,yfinance
2023-12-28,33.76797717,33.93427666,33.34299116,33.36146927,2146900,yfinance
2023-12-29,33.195165,33.31527095,32.77941633,33.01038742,2502200,yfinance
2024-01-02,32.93648203,34.17448733,32.91800392,33.70330429,3820200,yfinance
2024-01-03,33.32450463,34.46088184,33.02886196,33.86035919,3640400,yfinance
2024-01-04,34.10980656,34.183719,32.85332688,33.00114822,4479900,yfinance
2024-01-05,33.047343,33.28755138,32.53920732,32.81637192,6485500,yfinance
2024-01-08,32.38214914,32.78866055,31.89249151,32.69626999,4299800,yfinance
2024-01-09,32.46529536,32.63159482,31.5229329,31.58760452,5249300,yfinance
2024-01-10,31.30120184,31.4952167,30.86697508,31.10718346,4019100,yfinance
2024-01-11,31.06099008,31.21805225,30.64524143,30.830019,5894100,yfinance
2024-01-12,31.10718386,31.14414008,29.95232844,30.28492737,6683700,yfinance
2024-01-16,30.053955,30.053955,29.52734123,29.90613365,4792800,yfinance
2024-01-17,29.47191091,29.61973403,28.9452971,29.21322441,5134800,yfinance
2024-01-18,29.35180517,29.7028822,28.94529558,29.67516327,6601300,yfinance
2024-01-19,29.75831463,29.84146436,29.14855109,29.65668678,6090600,yfinance
2024-01-22,29.51810702,29.85070597,29.08388023,29.56430054,5460500,yfinance
2024-01-23,29.9061374,30.48818557,29.74907875,29.75831604,4803600,yfinance
2024-01-24,29.70288212,30.04471833,29.3979986,29.52734184,3972600,yfinance
2024-01-25,29.88765731,29.95232893,29.23170026,29.61049271,3341400,yfinance
2024-01-26,29.77679062,29.86918116,29.53658049,29.77679062,3570600,yfinance
2024-01-29,29.65668516,29.77679111,29.30560989,29.67516327,3622100,yfinance
2024-01-30,29.36104774,29.72136035,29.18550921,29.36104774,4111400,yfinance
2024-01-31,29.25941596,29.34256569,28.37248611,28.37248611,5742200,yfinance
2024-02-01,28.84367141,28.99149277,28.20619241,28.52031326,8121700,yfinance
2024-02-02,28.28010107,28.59422189,27.91054591,28.51107216,4420300,yfinance
2024-02-05,27.96597818,28.13227763,27.64261832,27.65185738,5056900,yfinance
2024-02-06,27.62414351,28.23390708,27.47632214,28.0398922,5356300,yfinance
2024-02-07,28.14151665,28.30781612,27.55023123,28.05836868,5200400,yfinance
2024-02-08,28.05836897,28.05836897,27.59642678,27.79968071,3503900,yfinance
2024-02-09,27.92902182,28.16923195,27.5502294,27.64261818,5869700,yfinance
2024-02-12,27.77196403,28.48335542,27.7072924,28.26162338,5199300,yfinance
2024-02-13,27.89207189,28.19695369,27.04209813,27.26383018,5051500,yfinance
2024-02-14,27.38393289,27.55023237,27.02361854,27.30078316,6270800,yfinance
2024-02-15,27.18991586,28.27086058,27.18991586,27.84587288,6094200,yfinance
2024-02-16,27.86435226,28.26162282,27.55947049,28.2246666,5131800,yfinance
2024-02-20,27.99369135,28.1784689,27.71652679,28.04912567,5996900,yfinance
2024-02-21,27.86435212,28.21542916,27.58718752,27.92902374,6313400,yfinance
2024-02-22,29.47191076,30.03547902,28.84366911,29.76755524,11504500,yfinance
2024-02-23,29.45343287,29.6751649,28.89910365,29.08387947,6119500,yfinance
2024-02-26,28.88986655,29.43495851,28.74204518,29.2317028,4272200,yfinance
2024-02-27,29.39800088,29.50886778,28.81595449,28.84366989,4620400,yfinance
2024-02-28,28.49259242,29.19474471,28.45563621,28.53878593,6601300,yfinance
2024-02-29,28.2431447,28.88986446,28.15075591,28.78823662,9124900,yfinance
2024-03-01,29.37952211,29.43495644,29.02844683,29.2224617,7706100,yfinance
2024-03-04,29.18550889,29.27789768,28.73280574,28.90834427,6875200,yfinance
2024-03-05,28.69584502,29.481147,28.60345624,28.86214447,5022400,yfinance
2024-03-06,29.26210361,29.56905046,29.01096802,29.2528038,3406000,yfinance
2024-03-07,29.51324027,30.26665236,29.39232327,29.69926834,4050800,yfinance
2024-03-08,29.83879285,29.99691442,29.30861334,29.38302422,3037400,yfinance
2024-03-11,29.29001147,29.7085738,29.15049129,29.43883324,3710200,yfinance
2024-03-12,29.5411485,29.5411485,28.89005195,29.16909409,3321700,yfinance
2024-03-13,29.21559788,29.9783098,29.17839333,29.71787262,3743100,yfinance
2024-03-14,29.51324109,29.75507688,29.14118671,29.42022705,5022800,yfinance
2024-03-15,29.29931254,29.92250256,29.27140779,29.85739326,9151300,yfinance
2024-03-18,29.94110479,30.32246077,29.57835197,29.96901131,4053400,yfinance
2024-03-19,29.91320038,29.95970651,29.60625529,29.91320038,3276400,yfinance
2024-03-20,29.79228188,30.1829412,29.62485874,30.01551628,3562200,yfinance
2024-03-21,30.04342018,30.22014845,29.7922828,29.80158615,3311100,yfinance
2024-03-22,29.8201904,29.89459951,28.93655963,29.00166893,4087400,yfinance
2024-03-25,29.14118939,29.53184696,29.0016692,29.10398483,3864300,yfinance
2024-03-26,28.72262619,29.11328375,28.30406566,28.36917496,5368800,yfinance
2024-03-27,28.47149024,29.78298309,28.39707936,29.77367973,4885600,yfinance
2024-03-28,29.93180637,30.2945592,29.27140824,30.19224358,7077900,yfinance
2024-04-01,30.48988555,30.61080434,29.98761434,30.16433907,4939900,yfinance
2024-04-02,30.18294208,30.58290122,29.65276258,29.8666954,4546100,yfinance
2024-04-03,29.94110535,30.31316153,29.73647587,30.2759552,3258900,yfinance
2024-04-04,30.51779185,30.69451658,30.17363865,30.48988533,5200300,yfinance
2024-04-05,30.25735281,30.76893095,30.15503718,30.64801216,4266600,yfinance
2024-04-08,30.84334192,31.10377914,30.20154868,30.28526115,3626700,yfinance
2024-04-09,30.52709194,30.99216037,30.26665475,30.98286057,3995800,yfinance
2024-04-10,30.69451699,30.85263856,29.90390206,30.39687347,4164000,yfinance
2024-04-11,30.31316105,30.37827035,29.60625681,29.8387928,3736200,yfinance
2024-04-12,29.69926831,29.79228057,28.75052835,28.945858,3564300,yfinance
2024-04-15,29.20629785,29.43883207,28.59240765,28.79703712,3363300,yfinance
2024-04-16,28.60170673,28.68541919,28.2761585,28.29476166,3561400,yfinance
2024-04-17,28.46219106,28.77843777,28.14594436,28.17384911,3003400,yfinance
2024-04-18,28.51799503,28.70402311,28.22965311,28.34126854,3411200,yfinance
2024-04-19,28.23895673,28.90865466,28.17384743,28.83424377,2951300,yfinance
2024-04-22,28.62031006,28.84354268,28.22965253,28.59240532,2930300,yfinance
2024-04-23,28.36917771,28.66682126,28.22965752,28.28546524,3935600,yfinance
2024-04-24,28.09013405,28.40638073,28.00642159,28.35987282,3509300,yfinance
2024-04-25,28.21105119,28.35987295,27.45764083,28.16454506,4689000,yfinance
2024-04-26,28.00642195,28.26685914,27.93201107,28.13664055,2670300,yfinance
2024-04-29,28.35987384,28.89005158,28.28546295,28.70402527,3972800,yfinance
2024-04-30,28.86214673,29.44813215,28.47148918,29.19699478,7773700,yfinance
2024-05-01,28.97376323,29.22490061,27.68087355,27.83899689,10024100,yfinance
2024-05-02,27.57855756,27.66227002,25.88570876,26.42518806,12581700,yfinance
2024-05-03,26.69492801,27.42043361,26.49029677,26.67632484,5229100,yfinance
2024-05-06,27.03907813,27.24370937,26.71352987,27.01117516,5491400,yfinance
2024-05-07,27.1599984,27.99712126,27.09488733,27.79249001,5205200,yfinance
2024-05-08,27.3646245,27.72737729,27.28091205,27.50414467,3194800,yfinance
2024-05-09,27.62506741,28.0064234,27.39253317,27.80179214,3286700,yfinance
2024-05-10,27.95061193,28.04362597,27.31812036,27.37392807,2775200,yfinance
2024-05-13,27.6622677,27.90410348,27.34602106,27.40182877,2796900,yfinance
2024-05-14,27.80179103,28.12733929,27.68087401,27.97851753,3642800,yfinance
2024-05-15,28.13664214,28.16454688,27.62506753,28.09943581,3069300,yfinance
2024-05-16,28.09013401,28.73192717,28.0436261,28.62031174,3965800,yfinance
2024-05-17,28.74122771,28.74122771,28.2761593,28.47148895,2375000,yfinance
2024-05-20,28.43428421,28.75053089,28.37847649,28.62961388,4018600,yfinance
2024-05-21,28.51799718,28.77843615,28.13664119,28.70402527,3378300,yfinance
2024-05-22,28.41568383,30.03412372,28.35987611,29.53184891,4531100,yfinance
2024-05-23,29.764381,29.85739327,28.82494251,28.87145042,2987300,yfinance
2024-05-24,28.97376283,29.12258459,28.55520231,28.8156395,2759900,yfinance
2024-05-28,28.90865591,29.20629945,28.82494344,28.95516205,4129700,yfinance
2024-05-29,28.44358502,28.90865345,27.6715715,27.69947624,4085200,yfinance
2024-05-30,27.6715751,28.3226717,27.6715751,27.95991707,5598600,yfinance
2024-05-31,28.01572227,28.80633717,27.8296942,28.76913261,6780900,yfinance
2024-06-03,28.83424448,29.02027258,27.39253297,28.45288849,3771800,yfinance
2024-06-04,28.09013597,28.17384843,27.63436731,27.67157364,3174700,yfinance
2024-06-05,27.74598193,27.79248806,26.89025596,27.10418701,3292600,yfinance
2024-06-06,27.25408997,27.49768122,27.00112961,27.22598267,3171300,yfinance
2024-06-07,26.95428779,27.06671344,26.47647435,26.49521255,3839400,yfinance
2024-06-10,26.42962785,27.0386069,26.17666927,26.94491768,5157100,yfinance
2024-06-11,26.51394686,26.55142326,26.17666817,26.50457954,4447900,yfinance
2024-06-12,26.98239385,27.05734487,26.00803053,26.30783463,3644000,yfinance
2024-06-13,26.24224835,26.48583958,25.72695857,25.83938599,3223100,yfinance
2024-06-14,25.71759472,25.77380754,25.24915039,25.44589615,3817900,yfinance
2024-06-17,25.29599406,25.44589611,24.98682088,25.20230484,3454000,yfinance
2024-06-18,25.19293578,25.88623318,25.18356668,25.44589615,3803700,yfinance
2024-06-20,25.51147723,26.1954055,25.44589531,25.97055244,4604300,yfinance
2024-06-21,26.0361363,26.52331704,25.89560158,26.04550362,14773800,yfinance
2024-06-24,26.40152418,27.43210212,26.1860402,27.27283096,6406700,yfinance
2024-06-25,26.96365612,27.61947711,26.8887051,27.50705147,5699900,yfinance
2024-06-26,27.38525162,27.76937578,27.2447187,27.73190117,3739400,yfinance
2024-06-27,27.51641897,27.97549417,27.51641897,27.6569519,4120100,yfinance
2024-06-28,27.94738898,27.98486538,26.97302569,27.07608223,6829000,yfinance
2024-07-01,27.12292533,27.16976904,26.18603674,26.19540405,3379400,yfinance
2024-07-02,26.27972652,26.53268689,25.80191487,26.01739883,3523800,yfinance
2024-07-03,26.1954054,26.37341474,25.8112812,25.8112812,2002100,yfinance
2024-07-05,25.7831743,25.83938711,25.3053609,25.46463203,5607200,yfinance
2024-07-08,25.51147641,25.67074755,25.10861402,25.35220528,4692400,yfinance
2024-07-09,25.27725374,25.53958319,25.11798261,25.21167183,4588200,yfinance
2024-07-10,25.29599371,25.29599371,24.86502578,25.13672256,2995800,yfinance
2024-07-11,25.46463311,26.49521095,25.43652581,26.31720161,4007100,yfinance
2024-07-12,26.62637581,26.84185978,26.32657173,26.59826851,2903100,yfinance
2024-07-15,26.50457874,27.12292506,26.22351109,27.02923584,3327200,yfinance
2024-07-16,26.57953224,27.92865064,26.57953224,27.90054512,3543700,yfinance
2024-07-17,27.90054598,28.82806558,27.79748765,28.67816353,5437000,yfinance
2024-07-18,28.43457021,28.8093253,27.90991308,27.9473877,3671400,yfinance
2024-07-19,28.01297185,28.01297185,27.33841262,27.76938057,2600500,yfinance
2024-07-22,27.9099112,27.96612401,27.17913747,27.53515434,2242700,yfinance
2024-07-23,27.23535078,27.31030179,26.8324884,26.8605957,2453600,yfinance
2024-07-24,26.95428538,27.23535124,26.73880143,26.75753784,2436000,yfinance
2024-07-25,26.71069324,27.76000743,26.60763492,27.45083427,2924600,yfinance
2024-07-26,27.60073617,27.88180381,27.42272863,27.70379448,2132200,yfinance
2024-07-29,27.61010545,27.70379466,27.00112824,27.36651421,2282800,yfinance
2024-07-30,27.17913739,27.82559099,27.17913739,27.70379448,2076300,yfinance
2024-07-31,27.8255905,28.44393679,27.70379399,27.89117241,2858800,yfinance
2024-08-01,27.806857,28.05044828,26.83249189,27.03860855,2416700,yfinance
2024-08-02,26.56079308,26.56079308,25.40842049,25.65200996,3921500,yfinance
2024-08-05,25.05240163,25.24914917,24.44342438,24.84628677,4414900,yfinance
2024-08-06,24.9118698,25.51147797,24.80881147,25.28662491,3557200,yfinance
2024-08-07,25.74569915,26.21414347,24.92123795,24.92123795,5303900,yfinance
2024-08-08,25.15545715,25.5489504,25.01492423,25.12734985,4564900,yfinance
2024-08-09,25.11798522,25.41778931,24.7151228,25.34283829,3980300,yfinance
2024-08-12,25.44589563,25.88623266,25.35220641,25.63327408,3164400,yfinance
2024-08-13,25.71759513,26.67322023,25.71759513,26.32657242,3679800,yfinance
2024-08-14,26.21414355,26.27972547,25.88623217,25.89560127,2632700,yfinance
2024-08-15,26.30783153,26.65448109,25.88623095,25.95181465,2941800,yfinance
2024-08-16,25.95181603,26.16729999,25.77380669,25.97055244,3367900,yfinance
2024-08-19,26.04550614,26.64511614,26.04550614,26.18604088,3087700,yfinance
2024-08-20,26.20477325,26.20477325,25.4927377,25.53958321,2772500,yfinance
2024-08-21,25.80191537,26.50458188,25.69885704,26.15793228,2858600,yfinance
2024-08-22,26.14856194,26.20477476,25.83001966,26.04550362,2152400,yfinance
2024-08-23,26.23287977,26.74816777,26.06423955,26.72006226,1964500,yfinance
2024-08-26,26.89807264,27.38525517,26.8137543,26.84185982,2257100,yfinance
2024-08-27,26.70132356,27.18850603,26.59826525,27.06670952,2452200,yfinance
2024-08-28,26.804385,27.10418908,26.62637565,26.85122871,2582200,yfinance
2024-08-29,27.11355741,27.33841046,26.54205477,26.80438423,3149400,yfinance
2024-08-30,26.88870709,27.00113273,26.51395017,26.76691055,3682600,yfinance
2024-09-03,26.46710435,26.49521165,25.5489539,25.71759415,4333200,yfinance
2024-09-04,25.80191432,26.01739828,25.56769216,25.63327408,2873900,yfinance
2024-09-05,25.82209889,25.97316038,25.02902515,25.06678963,2998400,yfinance
2024-09-06,24.9912598,25.01958451,24.13209686,24.15098,5410000,yfinance
2024-09-09,24.17930392,24.2453931,23.64114712,23.66002846,4315700,yfinance
2024-09-10,23.6033821,23.6033821,22.92360534,23.16908073,6005900,yfinance
2024-09-11,23.25404781,23.546731,22.77254047,23.49952316,4453700,yfinance
2024-09-12,23.51840803,23.9715925,23.43343571,23.77332497,2962900,yfinance
2024-09-13,24.05656656,24.99126027,23.99991895,24.91572952,5898500,yfinance
2024-09-16,24.0565654,24.54751616,23.66002853,24.00935936,4680600,yfinance
2024-09-17,24.12265574,24.50031129,24.12265574,24.21706963,3000800,yfinance
2024-09-18,24.26427842,24.86852445,24.23595372,24.43422127,3217300,yfinance
2024-09-19,25.01958372,25.49165134,24.68913603,25.23673439,5572600,yfinance
2024-09-20,24.98181864,25.07623252,24.06600806,24.13209724,12540200,yfinance
2024-09-23,24.16042079,24.32092385,23.81108996,23.92438698,4679700,yfinance
2024-09-24,24.36813221,24.94405533,24.0943339,24.16986465,4387000,yfinance
2024-09-25,24.55695746,24.56639903,23.90550365,23.93382835,3006200,yfinance
2024-09-26,24.32092421,25.4916517,24.22651032,25.04790878,5848300,yfinance
2024-09-27,25.19896973,25.99204347,25.19896973,25.51053429,3531000,yfinance
2024-09-30,25.42556311,25.62383065,25.11399854,25.28394318,3106000,yfinance
2024-10-01,25.18952937,25.74656933,24.86852323,25.53885841,3565600,yfinance
2024-10-02,25.78433475,26.17143008,25.36891651,25.5860672,3115100,yfinance
2024-10-03,25.28394108,25.41611943,24.88740422,25.29338264,2951100,yfinance
2024-10-04,25.58606497,25.71824332,25.32170645,25.4255619,2025700,yfinance
2024-10-07,25.45388641,25.45388641,24.07544976,24.30204201,5197600,yfinance
2024-10-08,23.98103443,24.41533757,23.58449756,24.36812973,5658300,yfinance
2024-10-09,24.28315711,24.62304637,23.80164794,23.85829735,5241800,yfinance
2024-10-10,24.30204195,25.35003269,24.24539434,24.91572952,6713600,yfinance
2024-10-11,24.90628891,25.14232274,24.67969665,24.69857979,3071100,yfinance
2024-10-14,24.45310269,24.840198,24.34924904,24.68913651,3934500,yfinance
2024-10-15,24.47198722,24.63249029,24.07545032,24.10377502,3849300,yfinance
2024-10-16,24.29259768,24.7552237,24.22650851,24.60416222,3569400,yfinance
2024-10-17,24.35869057,24.51919365,24.08489227,24.51919365,3606300,yfinance
2024-10-18,24.7741085,25.06678992,24.66081328,24.79299164,3322800,yfinance
2024-10-21,24.8685216,24.91572764,24.38701243,24.56639862,2155600,yfinance
2024-10-22,24.56639577,24.99125549,24.27371259,24.96293259,2152600,yfinance
2024-10-23,24.71746034,25.11399721,24.71746034,24.99125862,3377400,yfinance
2024-10-24,25.20840996,25.31226361,24.53807305,25.21784973,4805300,yfinance
2024-10-25,25.47276966,25.87874813,25.35003287,25.43500519,3651000,yfinance
2024-10-28,25.41612136,25.79377511,25.283943,25.72768593,2805300,yfinance
2024-10-29,25.68991977,25.8598644,25.18008766,25.19897079,2975100,yfinance
2024-10-30,25.2461746,25.86930368,25.23673303,25.65215302,3044500,yfinance
2024-10-31,25.81266077,25.94483914,25.26506233,25.26506233,3314600,yfinance
2024-11-01,25.33114879,25.76545194,25.208412,25.3877964,2132200,yfinance
2024-11-04,26.8039983,27.56874913,26.68126152,26.74735069,7448600,yfinance
2024-11-05,26.30361099,26.7001479,25.96372169,26.51132011,3094900,yfinance
2024-11-06,26.9361784,27.21941825,25.49165087,26.0486908,5560800,yfinance
2024-11-07,26.25639976,26.9550596,26.02036595,26.75679207,5269700,yfinance
2024-11-08,26.45466822,26.51131582,25.85986204,26.18086815,3727900,yfinance
2024-11-11,26.1431052,26.70958671,26.05813289,26.46411133,3444900,yfinance
2024-11-12,26.04869209,26.2564012,23.88662147,24.41533852,7630300,yfinance
2024-11-13,24.41533701,25.28394147,24.34924783,24.66081238,5096100,yfinance
2024-11-14,24.5475169,24.92517064,24.22651076,24.84963989,3367900,yfinance
2024-11-15,25.24617743,25.46332811,24.88740681,24.90628815,3413700,yfinance
2024-11-18,24.86852205,24.98181727,24.27371585,24.36812973,3066600,yfinance
2024-11-19,24.0754474,24.3398059,23.96215038,23.97159195,3299400,yfinance
2024-11-20,23.83941643,24.16042258,23.77332725,24.01880264,5157300,yfinance
2024-11-21,24.12265512,24.67969507,24.05656594,24.59472275,4545200,yfinance
2024-11-22,24.48142612,24.78354909,24.34924776,24.57584,3653400,yfinance
2024-11-25,24.65136849,24.96293301,24.55695462,24.7646637,6762100,yfinance
2024-11-26,24.5475187,24.57584341,23.90550639,23.98103714,4273100,yfinance
2024-11-27,24.06600838,24.52863445,23.98103606,24.29260063,4165300,yfinance
2024-11-29,24.28315554,25.312263,24.27371397,24.98181534,6004600,yfinance
2024-12-02,25.06678765,26.22807526,24.93460931,26.03924751,7008300,yfinance
2024-12-03,26.2469566,26.33192891,25.55773837,26.03924751,4220800,yfinance
2024-12-04,26.16198867,26.28472727,25.09511655,25.22729492,3423100,yfinance
2024-12-05,25.18922902,25.47471439,24.36132562,24.37084198,4612700,yfinance
2024-12-06,24.48503456,24.65632542,24.10438922,24.34229279,3238300,yfinance
2024-12-09,24.71342229,25.63648931,24.63729322,24.75148773,5160700,yfinance
2024-12-10,24.64680969,24.97987505,24.1139062,24.57068062,4383400,yfinance
2024-12-11,24.84664901,25.55084335,24.76100358,25.47471428,5571800,yfinance
2024-12-12,25.40810252,25.56987703,25.05600443,25.37003708,3671200,yfinance
2024-12-13,25.30342413,25.82681126,25.09406964,25.49374771,3140800,yfinance
2024-12-16,25.18922832,25.24632648,24.58019578,24.58971214,4009800,yfinance
2024-12-17,24.47551914,24.79906815,23.952132,24.2090683,4264400,yfinance
2024-12-18,24.07584121,24.38987386,23.06713056,23.105196,4187600,yfinance
2024-12-19,23.20987379,23.37164831,22.55326119,22.72455025,4697800,yfinance
2024-12-20,22.71503179,23.1908389,22.68648272,22.90535355,8033700,yfinance
2024-12-23,22.99100148,23.20987234,22.45809798,23.105196,4802000,yfinance
2024-12-24,23.03858017,23.18132376,22.7816457,23.09567833,1457900,yfinance
2024-12-26,22.98148584,23.15277671,22.84826041,22.91487312,2239400,yfinance
2024-12-27,22.91487262,23.04809804,22.50567817,22.71503448,2922100,yfinance
2024-12-30,22.63890697,22.98148691,22.42003428,22.83874512,3760000,yfinance
2024-12-31,23.02906391,23.58100006,23.00051483,23.3906765,4551500,yfinance
2025-01-02,23.59051518,23.80938599,23.13373902,23.20035172,3116600,yfinance
2025-01-03,23.25745445,24.35181056,23.24793809,23.93309975,6858000,yfinance
2025-01-06,24.52309817,24.91325985,24.018742,24.16148376,6550000,yfinance
2025-01-07,24.21858285,24.35180826,23.90455023,24.02825928,4964900,yfinance
2025-01-08,23.81890326,23.84745052,23.40019252,23.48583794,4590600,yfinance
2025-01-10,23.55245483,23.86648749,22.91487316,23.62858391,4432700,yfinance
2025-01-13,24.20906808,25.522295,24.20906808,25.522295,6320700,yfinance
2025-01-14,25.53181092,25.84584356,25.27487463,25.82681084,4728300,yfinance
2025-01-15,26.15987593,26.22648863,25.65551971,25.71261787,4189700,yfinance
2025-01-16,25.60794079,25.6745535,25.27487542,25.42713356,4254200,yfinance
2025-01-17,25.56036,25.98858534,25.31294007,25.82681084,4350800,yfinance
2025-01-21,25.64600541,25.8553599,25.32245641,25.79826355,4686400,yfinance
2025-01-22,26.48342503,27.35891023,26.42632868,26.45487595,6783500,yfinance
2025-01-23,26.37874698,27.45407213,26.30261791,27.40649033,4814300,yfinance
2025-01-24,27.53020285,27.53020285,26.73084666,26.84503937,4983200,yfinance
2025-01-27,27.12100655,27.20665198,26.53100491,26.63568306,3659300,yfinance
2025-01-28,26.74036111,26.87358652,26.40729575,26.81649017,3872000,yfinance
2025-01-29,26.8450375,27.43503914,26.77842479,27.29229736,3630900,yfinance
2025-01-30,27.28277944,27.34939215,26.90213412,27.19713402,3722100,yfinance
2025-01-31,27.13052327,27.1685869,26.35019986,26.54052162,3159500,yfinance
2025-02-03,25.6650374,25.96003914,24.89423031,25.75068283,6847700,yfinance
2025-02-04,26.16939406,27.0258466,26.07423227,26.84503937,3692200,yfinance
2025-02-05,26.79745766,27.30181388,26.43584504,26.45487595,7700100,yfinance
2025-02-06,26.6547156,26.75939375,25.07503607,25.20826149,6560500,yfinance
2025-02-07,25.17020072,25.59842609,24.97987712,25.5508461,4642400,yfinance
2025-02-10,25.8458431,26.20745754,25.41761596,26.10277939,3747600,yfinance
2025-02-11,25.93148919,26.12181277,25.47471477,25.64600563,3661900,yfinance
2025-02-12,25.31293997,25.67455259,24.11390577,24.87519646,7169900,yfinance
2025-02-13,24.98939051,25.39858493,24.67535788,25.15116501,3200900,yfinance
2025-02-14,25.31294035,25.48423121,25.10358405,25.22729492,3089400,yfinance
2025-02-18,25.30342498,25.82681213,24.98939232,25.80778122,4505900,yfinance
2025-02-19,25.46519692,25.94100403,25.33197151,25.81729317,4815800,yfinance
2025-02-20,25.96955374,26.10277916,24.8751959,25.33197212,5755500,yfinance
2025-02-21,25.45568404,25.5603622,24.43745697,24.51358604,5590600,yfinance
2025-02-24,24.55164663,24.64680842,24.04729225,24.11390495,3648100,yfinance
2025-02-25,24.17100429,24.56116603,23.97116615,24.27568245,5947200,yfinance
2025-02-26,24.23761557,24.41842279,23.79987386,23.99971199,4166700,yfinance
2025-02-27,24.19003592,24.27568135,23.82842328,23.87600327,4727900,yfinance
2025-02-28,23.31454754,23.53341837,21.93470625,22.76261139,35053000,yfinance
2025-03-03,23.69519248,23.69519248,22.02986768,22.20115852,7806100,yfinance
2025-03-04,21.86809695,22.59132406,21.39228978,21.96325874,12492000,yfinance
2025-03-05,22.55325932,23.25745367,22.28680666,22.96245193,5632400,yfinance
2025-03-06,22.99126314,24.08608458,22.99126314,23.74035072,5431000,yfinance
2025-03-07,23.77876739,24.72953371,23.7403517,24.14370728,6437600,yfinance
2025-03-10,24.11489516,24.74873932,23.67312394,23.89400864,5872800,yfinance
2025-03-11,23.77876806,24.11489802,23.43303417,23.87480545,5096100,yfinance
2025-03-12,23.93242492,24.11489577,23.61550284,23.71154022,4301100,yfinance
2025-03-13,23.7307493,24.42221709,23.60590197,24.06687927,5091800,yfinance
2025-03-14,24.39340345,24.96002203,24.28776397,24.87358856,4969500,yfinance
2025-03-17,24.89279788,25.65148946,24.89279788,25.47862434,4553600,yfinance
2025-03-18,25.66109122,26.31414325,25.55545174,26.12207031,7324600,yfinance
2025-03-19,26.75591562,27.2168929,26.44859743,26.8615551,8366000,yfinance
2025-03-20,27.11125108,27.52421057,26.69829159,27.25530624,7319400,yfinance
2025-03-21,27.06323414,27.18808147,26.65987856,26.72710419,7382900,yfinance
2025-03-24,26.72710131,27.00560954,26.275728,26.53502655,4534500,yfinance
2025-03-25,26.58304843,26.79432922,25.5842625,26.10286331,8391700,yfinance
2025-03-26,26.12207377,26.29493889,25.76673594,26.04524422,4979800,yfinance
2025-03-27,25.92999489,26.62146076,25.76673189,26.39097214,3460200,yfinance
2025-03-28,26.41978621,26.69829263,26.07405233,26.17008972,3660000,yfinance
2025-03-31,25.7859428,26.13167486,25.59386801,25.9396019,4011100,yfinance
2025-04-01,26.05484479,26.11246832,25.38258669,25.73792267,3917600,yfinance
2025-04-02,25.20971684,25.46901723,24.9696243,25.42099762,3568800,yfinance
2025-04-03,24.39340276,25.53624382,24.26855544,24.93120956,7708200,yfinance
2025-04-04,23.98044266,24.01885834,21.79079983,22.52068138,10126900,yfinance
2025-04-07,21.85802594,23.63471118,21.47387823,22.63592529,8016400,yfinance
2025-04-08,23.33699773,23.50986468,21.48348458,21.85802841,7912800,yfinance
2025-04-09,21.64674683,24.13410415,21.56991545,23.70193863,9313900,yfinance
2025-04-10,23.31779062,23.63471274,22.6839464,23.24096107,4766300,yfinance
2025-04-11,23.63471197,24.91200431,23.38501549,24.78715515,6243900,yfinance
2025-04-14,24.72953274,25.9299955,24.57587366,25.52663994,5222300,yfinance
2025-04-15,25.55545416,25.81475275,25.21932419,25.34417152,3281100,yfinance
2025-04-16,25.33456551,26.56384004,25.25773596,25.90118408,5903500,yfinance
2025-04-17,26.07405339,26.40057944,25.81475297,26.18929863,4209700,yfinance
2025-04-21,26.08365463,26.63106535,25.853166,26.12207031,3605300,yfinance
2025-04-22,26.40057879,26.82314222,26.08365667,26.7559166,4215100,yfinance
2025-04-23,26.8903697,27.25530962,26.09326238,26.84235191,4865100,yfinance
2025-04-24,27.27451521,28.06201854,27.03442265,27.78351212,6143000,yfinance
2025-04-25,27.61064227,28.01399781,27.55302057,27.97558212,3649300,yfinance
2025-04-28,27.9563776,28.65744741,27.9563776,28.36933708,5474100,yfinance
2025-04-29,28.36933885,29.18565212,27.98518927,29.05120087,6186800,yfinance
2025-04-30,28.74388192,29.31050052,28.24448895,29.19525528,5790200,yfinance
2025-05-01,29.29129346,29.6754412,29.1568422,29.26248169,6293400,yfinance
2025-05-02,29.60821387,29.61781779,29.02238745,29.30089569,5618900,yfinance
2025-05-05,29.31049956,29.63702558,29.01278347,29.3873291,6002300,yfinance
2025-05-06,29.52177918,29.85790911,29.11842363,29.24327278,7594500,yfinance
2025-05-07,29.16644678,30.72224564,28.28290603,30.30928612,11985700,yfinance
2025-05-08,30.88550752,31.13520218,30.12681597,30.97194099,6388200,yfinance
2025-05-09,31.00074804,31.41370751,30.58779041,31.37529182,4675300,yfinance
2025-05-12,31.71142882,31.99953918,31.28886719,31.64420319,6073100,yfinance
2025-05-13,31.95151954,33.05594315,31.74984266,32.87347412,6671000,yfinance
2025-05-14,32.873475,32.873475,32.08597164,32.34527206,4988700,yfinance
2025-05-15,32.30685555,33.40167708,32.19161215,33.29603577,5202600,yfinance
2025-05-16,33.14237257,33.92027372,33.0943548,33.81463242,5309600,yfinance
2025-05-19,33.59374551,34.06432847,33.26721953,33.94908142,3950700,yfinance
2025-05-20,33.96829297,34.53491154,33.83384173,34.12195206,4449800,yfinance
2025-05-21,33.708996,34.47729517,33.68018607,34.13156128,4224900,yfinance
2025-05-22,33.98750029,34.12195153,33.58414657,33.62255859,3168400,yfinance
2025-05-23,33.33445576,33.77622527,33.22881443,33.70899963,2932800,yfinance
2025-05-27,33.83384224,34.70777899,33.73780668,34.62134552,5189000,yfinance
2025-05-28,34.49649721,34.77500546,34.36204596,34.60213852,2519200,yfinance
2025-05-29,34.66936171,34.68856956,34.21799022,34.4868927,3690900,yfinance
2025-05-30,34.40046076,34.89985371,34.26600951,34.70777893,6943900,yfinance
2025-06-02,34.71738348,35.42805536,34.68856988,35.33201981,5103100,yfinance
2025-06-03,35.18796733,35.94666075,34.9670826,35.48568344,4676700,yfinance
2025-06-04,35.90824684,36.19635721,35.21677901,35.36083603,4775800,yfinance
2025-06-05,35.54440153,35.64101436,35.02268343,35.16760635,6215300,yfinance
2025-06-06,33.13870883,34.24011141,32.83920681,33.6217804,11037400,yfinance
2025-06-09,33.74737302,34.08552158,33.40922447,33.41888428,6053200,yfinance
2025-06-10,33.55414194,33.67007805,32.88750468,32.92615128,8516100,yfinance
2025-06-11,33.02276408,33.54448212,32.37544643,33.47685242,7543400,yfinance
2025-06-12,33.36091437,33.73770953,32.926153,33.41888428,5317000,yfinance
2025-06-13,33.51549796,35.01302249,33.40922533,34.54927063,8012500,yfinance
2025-06-16,34.62656329,35.49609341,34.30773434,34.79080582,5856900,yfinance
2025-06-17,34.69419424,35.15794242,34.57825811,34.93572998,4874200,yfinance
2025-06-18,35.11929242,35.72796347,34.92606679,35.20624542,5797300,yfinance
2025-06-20,35.23523784,35.35117397,34.65554981,35.10963821,10468900,yfinance
2025-06-23,35.13861897,35.52507763,34.51062824,34.8197937,6639000,yfinance
2025-06-24,34.49130606,34.70385502,34.16281729,34.33672333,3808400,yfinance
2025-06-25,34.40435199,34.86810017,34.05653993,34.26909256,3972700,yfinance
2025-06-26,34.32705539,34.63622082,33.95026026,33.98890686,3770200,yfinance
2025-06-27,33.93093907,34.21112141,33.69906683,34.1241684,4663700,yfinance
2025-06-30,33.95026418,35.26421924,33.94060437,35.24489594,5955100,yfinance
2025-07-01,35.19658807,35.79559567,35.00335875,35.53473663,5642700,yfinance
2025-07-02,35.78593477,36.771401,35.40913962,36.52986526,5840700,yfinance
2025-07-03,36.38494721,36.53952995,35.77627605,36.00815201,3075300,yfinance
2025-07-07,36.0661206,36.46223908,35.95018078,36.41392899,4873500,yfinance
2025-07-08,36.42359005,36.93564464,35.97916518,36.04679489,4165600,yfinance
2025-07-09,36.0661172,36.29798944,35.17726379,36.0564537,3839500,yfinance
2025-07-10,35.92119389,35.98882359,34.43333291,34.72317505,5453000,yfinance
2025-07-11,34.46231785,35.24489497,34.25942871,35.21591187,3420500,yfinance
2025-07-14,35.09997505,35.399477,34.60724008,34.82945251,3383000,yfinance
2025-07-15,35.03234052,35.09031042,34.31739683,34.68453217,4052300,yfinance
2025-07-16,34.68453342,34.85843945,34.29807477,34.31739807,4232800,yfinance
2025-07-17,34.10484599,34.29807532,33.5348215,34.07586288,5249500,yfinance
2025-07-18,34.46231848,35.48643137,34.39468877,35.01302338,4523200,yfinance
2025-07-21,35.01302116,35.09031068,34.08552115,34.32705688,3435300,yfinance
2025-07-22,34.34637993,34.92606789,34.24010362,34.68453217,3290100,yfinance
2025-07-23,35.35117148,36.25934455,35.17726545,35.92119598,4818400,yfinance
2025-07-24,35.75694912,36.17239088,35.37049415,36.12408447,5531900,yfinance
2025-07-25,35.96950199,36.08543811,35.24489477,35.65067673,5210900,yfinance
2025-07-28,35.42845784,35.59270405,35.0033563,35.20624542,2839700,yfinance
2025-07-29,35.27387427,35.7955923,34.78114303,35.76660919,4532800,yfinance
2025-07-30,35.52507499,35.82458061,34.86809752,35.00335693,3773700,yfinance
2025-07-31,34.61690348,34.90674562,34.52995046,34.79080582,3556900,yfinance
2025-08-01,34.54926996,34.58791657,33.55414391,34.1241684,4253100,yfinance
2025-08-04,34.22078156,34.56859362,34.00823262,34.31739807,3599600,yfinance
2025-08-05,34.43333445,34.7618232,33.97924608,34.47198105,4535700,yfinance
2025-08-06,30.86826728,31.80542342,29.07124085,29.88280106,17983900,yfinance
2025-08-07,30.13399871,30.7909762,29.6702487,30.60740852,8215800,yfinance
2025-08-08,30.87792783,31.19675677,30.49147102,30.89725113,5399900,yfinance
2025-08-11,30.95521999,31.54456776,30.9455565,31.39964485,5291500,yfinance
2025-08-12,31.37066449,31.3996476,30.07603087,30.13400078,8958800,yfinance
2025-08-13,30.32722792,31.14845167,30.15332188,31.11946487,4026900,yfinance
2025-08-14,30.95522119,31.03251071,30.6653772,31.01318741,3417000,yfinance
2025-08-15,31.09048224,31.49626053,30.96488262,31.3706646,3387100,yfinance
2025-08-18,31.3320167,31.41896972,30.81996027,31.20641708,6547100,yfinance
2025-08-19,31.17743205,31.65084001,31.06149594,31.14844894,3892200,yfinance
2025-08-20,31.33201604,31.61219838,30.95522088,31.35133934,3590800,yfinance
2025-08-21,31.20641667,31.58321184,31.14845046,31.50592232,3496400,yfinance
2025-08-22,31.62186021,31.72813653,31.17743531,31.44795418,3294800,yfinance
2025-08-25,31.57355475,32.85852307,31.28371258,32.00831985,7378300,yfinance
2025-08-26,31.94068939,32.20154844,31.68949014,32.17256165,5166700,yfinance
2025-08-27,31.95034674,32.59766443,31.88271703,32.35612869,3639600,yfinance
2025-08-28,32.46240392,32.81987949,31.9503493,32.80055618,3125100,yfinance
2025-08-29,32.74258834,32.92615789,32.01798103,32.2691803,2972200,yfinance
2025-09-02,32.03729931,32.26917523,31.85373348,32.12425232,3177500,yfinance
2025-09-03,31.85373636,31.91170258,31.50592428,31.58321381,3390600,yfinance
2025-09-04,31.32235181,31.54456792,31.04217316,31.51558113,4285500,yfinance
2025-09-05,31.7667811,31.94068713,31.11946341,31.35133934,4273300,yfinance
2025-09-08,31.55561465,32.11980439,31.4680681,31.69180107,4959900,yfinance
2025-09-09,31.81825397,31.84743863,31.21515755,31.2832489,3232500,yfinance
2025-09-10,31.33188602,32.63535492,31.29297561,32.49917221,4756700,yfinance
2025-09-11,32.43108307,32.88827109,32.35326225,32.76181412,5408500,yfinance
2025-09-12,32.68398801,32.87853631,32.57698997,32.73262787,3338800,yfinance
2025-09-15,32.80071784,33.64699863,32.63535049,33.12171936,4556400,yfinance
2025-09-16,33.08281386,33.30654684,32.53808302,32.897995,3834500,yfinance
2025-09-17,33.12171987,33.56917835,32.89799063,33.22872162,3969800,yfinance
2025-09-18,33.0925382,33.42326918,32.51862279,33.28708649,3572900,yfinance
2025-09-19,33.21899435,33.38435798,32.93689953,33.05362701,4302200,yfinance
2025-09-22,32.93690088,32.95635608,32.34353026,32.51862335,3230500,yfinance
2025-09-23,32.75208283,33.18981562,32.50889836,33.04390717,2864300,yfinance
2025-09-24,33.23845297,35.04774609,33.12172546,34.95047379,5158300,yfinance
2025-09-25,35.15474346,35.98157282,33.26763347,33.84154892,9841100,yfinance
2025-09-26,33.8415478,34.55164592,33.37463411,34.35709763,3606400,yfinance
2025-09-29,34.34737226,34.61973765,33.44272583,33.75400162,3427100,yfinance
2025-09-30,33.73454285,33.94854632,33.50108417,33.73454285,3493500,yfinance
2025-10-01,33.76373112,33.86100713,32.82017789,32.897995,3234100,yfinance
2025-10-02,33.03417321,34.25982486,32.98553706,33.81236267,4140900,yfinance
2025-10-03,33.89991414,34.38628308,33.491366,33.58863831,2767600,yfinance
2025-10-06,33.51081657,34.64891797,33.51081657,34.37655258,4669500,yfinance
2025-10-07,34.54191722,34.82401207,34.02636738,34.44464493,4018000,yfinance
2025-10-08,34.88237807,35.01856077,33.32599536,33.84154892,4484800,yfinance
2025-10-09,33.93882139,34.22091624,32.34353198,32.52835083,4729800,yfinance
2025-10-10,29.76577699,30.38832859,28.83194774,29.52259254,11969400,yfinance
2025-10-13,29.78523157,30.68987614,29.67822982,30.14514351,4916000,yfinance
2025-10-14,29.68795942,29.92141628,29.03622499,29.13349915,5723600,yfinance
2025-10-15,29.37668184,29.56150068,28.86113015,28.9778595,4914700,yfinance
2025-10-16,29.13349821,29.88250492,28.55958275,28.6276741,8602500,yfinance
2025-10-17,28.40394435,28.91949419,28.1413047,28.52067184,4533500,yfinance
2025-10-20,28.57903606,28.82222051,28.28721546,28.77358437,5475100,yfinance
2025-10-21,28.54012683,28.65685433,28.13157689,28.39421654,4461500,yfinance
2025-10-22,28.45258006,29.0167679,28.16075947,28.8416748,8983000,yfinance
2025-10-23,29.45450065,29.45450065,28.79303866,28.8416748,3900400,yfinance
2025-10-24,29.15295207,29.22104528,28.82222106,29.16267967,3889800,yfinance
2025-10-27,29.53232078,29.77550523,28.64712951,28.75412941,3654100,yfinance
2025-10-28,28.47203491,28.89031245,28.28721422,28.57903481,3012800,yfinance
2025-10-29,28.43312437,28.59848986,27.72302625,27.86893654,4070400,yfinance
2025-10-30,27.66466509,27.69384604,26.60438068,26.95456505,6039000,yfinance
2025-10-31,26.95456271,27.2950213,26.60437838,26.70165253,7273800,yfinance
2025-11-03,26.60438081,26.68219977,26.06937388,26.51683426,8334300,yfinance
2025-11-04,26.02073543,26.09855438,25.52463894,25.82618713,9709800,yfinance
2025-11-05,27.04210981,27.09074781,25.09663423,25.50518417,11955900,yfinance
2025-11-06,25.4273648,25.64136829,24.17253403,24.24062538,12181600,yfinance
2025-11-07,24.43517471,25.01881591,24.30871775,24.88263321,8226700,yfinance
2025-11-10,25.13554697,25.35927624,24.55190387,25.18418312,8265500,yfinance
2025-11-11,24.80481446,25.19390922,24.34762836,25.00908852,6901300,yfinance
2025-11-12,24.79508627,25.18418102,24.68808452,24.76590347,5818200,yfinance
2025-11-13,24.93126973,25.28145594,24.79508702,24.85345078,5211800,yfinance
2025-11-14,24.6880827,25.51491013,24.6880827,25.33981705,6154100,yfinance
2025-11-17,25.21336457,25.30091112,23.81262158,23.85153198,7404200,yfinance
2025-11-18,23.85153182,24.07526107,23.64725591,24.00716972,6248500,yfinance
2025-11-19,23.87098552,24.03634916,23.52079933,23.83207512,5993600,yfinance
2025-11-20,23.90989376,24.11416965,23.22897659,23.27761459,9073900,yfinance
2025-11-21,23.34570666,23.7737118,23.17061357,23.51107216,5659100,yfinance
2025-11-24,23.36516351,23.48189101,22.71342908,22.95661354,7784800,yfinance
2025-11-25,23.07333954,23.75425673,23.05388619,23.50134468,7904000,yfinance
2025-11-26,23.54998146,23.74452976,23.36516261,23.59861946,6621900,yfinance
2025-11-28,23.68616684,23.9196237,23.63752884,23.82234955,6883700,yfinance
2025-12-01,23.81262158,24.67835951,23.74453023,24.27953529,7366400,yfinance
2025-12-02,24.27953515,24.27953515,23.46243709,23.71534729,6447300,yfinance
2025-12-03,23.68616663,23.92935109,23.51107352,23.54998207,4830100,yfinance
2025-12-04,23.58924893,23.87392885,23.4518155,23.65796471,4790300,yfinance
2025-12-05,23.79539625,24.1095266,23.16713555,23.17695236,7299400,yfinance
2025-12-08,23.19658311,23.46163128,22.93153681,23.20639992,9176800,yfinance
2025-12-09,23.00025218,23.45181406,22.90208599,23.37328148,6688800,yfinance
2025-12-10,23.21621826,23.32420127,22.89227109,23.31438446,7369300,yfinance
2025-12-11,23.35365084,25.26788332,23.35365084,24.72797203,14195800,yfinance
2025-12-12,25.1108194,25.79798096,25.07155404,25.72926331,9825800,yfinance
2025-12-15,25.26788451,25.51329909,24.28622621,24.40402603,13114200,yfinance
2025-12-16,24.39420745,24.39420745,23.01006949,23.02970123,13532600,yfinance
2025-12-17,23.12786808,23.87392858,23.12786808,23.58924866,7517900,yfinance
2025-12-18,24.00154489,24.1782418,23.48126534,23.5205307,5813900,yfinance
2025-12-19,23.54016505,23.82484685,23.25548513,23.36346626,12486600,yfinance
2025-12-22,23.58924815,23.99172788,23.55979773,23.87392807,6351900,yfinance
2025-12-23,23.81503009,24.12916044,23.62851449,23.84448051,4728700,yfinance
2025-12-24,23.9033779,23.93282645,23.71686232,23.7953949,1619300,yfinance
2025-12-26,23.8346643,23.94264544,23.58924973,23.86411285,3919300,yfinance
2025-12-29,23.65796535,23.82484734,23.41255078,23.61869812,5222700,yfinance
2025-12-30,23.6972297,23.93282746,23.68741289,23.70704651,4049900,yfinance
2025-12-31,23.68741294,23.86411173,23.58924861,23.64814758,4509400,yfinance
2026-01-02,23.65796478,24.90467124,23.54998177,24.56109047,6577400,yfinance
2026-01-05,24.74760333,24.95375253,24.03099326,24.41384125,6452600,yfinance
2026-01-06,24.50219016,24.77705516,24.24696065,24.69852257,6406800,yfinance
2026-01-07,24.75742017,25.09118413,24.2371425,24.83595276,6069300,yfinance
2026-01-08,24.94393634,26.33789115,24.87522056,25.99431038,10001400,yfinance
2026-01-09,26.22990779,26.75018734,25.29733358,25.50348091,8657200,yfinance
2026-01-12,25.53293084,25.71944643,24.95375233,25.24824905,6785500,yfinance
2026-01-13,25.95504614,26.2691765,25.58201493,25.72926331,7252200,yfinance
2026-01-14,26.55385523,27.65331331,26.53422349,27.13303375,12120900,yfinance
2026-01-15,27.3293662,27.63367974,26.61275612,27.07413483,6496300,yfinance
2026-01-16,25.99431015,26.38697308,25.37586628,25.8666954,14229300,yfinance
2026-01-20,25.84706202,26.64220469,25.83724522,26.53422356,7108700,yfinance
2026-01-21,26.92688673,27.36863183,26.63238812,27.14285088,7147300,yfinance
2026-01-22,27.3097335,28.26194324,27.19193555,27.64349747,10595700,yfinance
2026-01-23,27.72202875,28.59570399,27.68276339,28.26194191,6428600,yfinance
2026-01-26,28.55643955,28.58588997,27.70239602,27.81037903,5731600,yfinance
2026-01-27,27.7711133,28.3208414,27.56496409,27.91836166,4263900,yfinance
2026-01-28,28.24230898,28.53680571,27.27046751,27.62386322,5322800,yfinance
2026-01-29,28.0263437,28.50735791,27.24101781,27.52569962,4743000,yfinance
2026-01-30,26.99560165,27.56496336,26.6618377,26.99560165,8286000,yfinance
2026-02-02,26.88761911,27.1723009,26.18082584,26.76982117,8003200,yfinance
2026-02-03,26.79926972,27.84964563,26.79926972,27.79074478,6098300,yfinance
2026-02-04,27.78092862,28.42882293,27.69257922,28.29139137,7078300,yfinance
2026-02-05,28.02634256,28.35028971,26.84835377,27.25083351,6604000,yfinance
2026-02-06,27.48643078,28.1735923,27.38826458,28.0754261,4541800,yfinance
2026-02-09,28.05579378,29.15525188,28.00671161,29.01781845,5069400,yfinance
2026-02-10,29.19451755,29.65589628,29.04726918,29.56754875,5484800,yfinance
2026-02-11,29.95039423,30.70627155,29.86204483,30.56883812,6303100,yfinance
2026-02-12,30.43140778,30.52957399,29.08653507,29.22396851,6101700,yfinance
2026-02-13,28.83130562,29.36140013,28.58589104,29.10616875,4224000,yfinance
2026-02-17,29.03745044,29.282865,28.23249099,28.54662132,4438100,yfinance
2026-02-18,28.54662302,29.06690258,28.31102525,28.9000206,4375500,yfinance
2026-02-19,29.1258011,29.852228,28.96873593,29.60681343,5271100,yfinance
2026-02-20,29.59699676,30.00929332,28.80185408,28.89020348,5194100,yfinance
2026-02-23,28.52698822,28.70368701,27.5747804,28.20304108,6846600,yfinance
2026-02-24,28.44845579,28.65460499,27.78092787,27.96744347,6727400,yfinance
2026-02-25,27.05450157,27.42753277,26.03357794,26.48513985,13636000,yfinance
2026-02-26,25.85687905,27.03486972,25.82742863,26.66183853,8802400,yfinance
2026-02-27,26.85817116,27.39808246,26.35752521,27.32936668,6439800,yfinance
2026-03-02,28.46808935,28.48772296,26.67165482,27.00541878,8420900,yfinance
2026-03-03,26.2593584,26.81890331,25.5132979,26.28880882,7900800,yfinance
2026-03-04,26.21027702,26.41642437,25.15008615,25.53293228,10268500,yfinance
2026-03-05,25.52311437,26.90725235,25.30715023,25.79797935,10684500,yfinance
2026-03-06,26.13174423,26.64220512,25.53293208,25.82742882,9676700,yfinance
2026-03-09,25.98581742,26.98565291,25.12457236,26.64907455,11434800,yfinance
2026-03-10,26.46098687,26.64907522,25.78783013,26.21350288,8100200,yfinance
2026-03-11,26.98565391,28.93582703,26.94605557,28.85663223,14473200,yfinance
2026-03-12,30.73751013,31.92543401,29.97526089,31.04439163,28170200,yfinance
2026-03-13,30.93549856,31.02459294,28.81703622,29.01502228,18706900,yfinance
2026-03-16,28.33196706,28.43095914,27.38162759,27.39152718,15738900,yfinance
2026-03-17,27.45092227,29.0348201,27.24303663,28.53985214,12108700,yfinance
2026-03-18,29.01502233,29.09421713,27.47072277,27.50042152,9419200,yfinance
2026-03-19,27.51032151,27.95579156,25.86702606,25.93632317,14169600,yfinance
2026-03-20,25.5700449,25.76803284,23.35258865,23.35258865,21772100,yfinance
2026-03-23,23.19419993,24.04554546,22.82792279,23.83765793,13761300,yfinance
2026-03-24,24.08514124,25.22356719,23.93665123,24.94638634,12814700,yfinance
2026-03-25,24.88698828,25.95611899,24.53061263,25.92642212,12333800,yfinance
2026-03-26,25.14437181,25.92642209,24.17423507,24.74839783,11879800,yfinance
2026-03-27,24.74839783,25.19386974,24.51081343,24.74839783,9436800,yfinance
2026-03-30,25.02558056,25.47105059,24.51081343,24.74839783,9735400,yfinance
2026-03-31,24.70879993,25.42155501,24.50091429,25.24336624,10775000,yfinance
2026-04-01,25.24336722,26.31249799,24.86719238,26.27290154,11277200,yfinance
2026-04-02,26.67877456,26.67877456,25.6294411,25.90662384,7987700,yfinance
2026-04-06,26.10461178,26.50058578,25.88682466,26.24320221,4213100,yfinance
2026-04-07,26.35209634,26.85696203,25.94622086,26.10461235,6016000,yfinance
2026-04-08,25.39185561,26.41149028,24.92658642,26.35209465,9285900,yfinance
2026-04-09,26.34219656,26.876761,24.94638701,25.01568222,7483200,yfinance
2026-04-10,25.12457391,25.3621602,24.2435315,24.51081467,6863100,yfinance
2026-04-13,24.87708832,25.28296378,24.23363036,24.29302788,10224400,yfinance
2026-04-14,24.26332933,24.34252412,23.66936741,23.69906616,10716500,yfinance
2026-04-15,23.61987124,24.06534126,23.31298975,23.49117851,10006500,yfinance
2026-04-16,23.86735612,24.5900089,23.53077775,24.48111534,10021600,yfinance
2026-04-17,23.98614693,24.41181968,23.82775734,24.3227253,11529900,yfinance
2026-04-20,24.01584536,24.10493974,23.66936741,23.86735535,9927600,yfinance
2026-04-21,23.92675075,24.35242349,23.79805992,23.95644951,5423200,yfinance
2026-04-22,24.1940348,24.69890235,23.97624769,24.2732296,6504100,yfinance
2026-04-23,24.19403413,24.42171893,23.79806014,24.03564453,6356800,yfinance
2026-04-24,23.95645085,24.03564565,23.25359534,23.75846291,8078500,yfinance
2026-04-27,23.95644958,24.25342959,22.70913011,22.98631096,12511200,yfinance
2026-04-28,23.25359548,23.36248904,22.51114351,22.95661545,9589500,yfinance
2026-04-29,23.00611104,23.0358098,22.52104266,22.7982254,6486900,yfinance
2026-04-30,22.71903126,23.35258968,22.66953333,23.03581047,7750300,yfinance
2026-05-01,23.1348041,23.27339453,22.68933217,22.91701698,5394800,yfinance
2026-05-04,22.87742098,23.1051058,22.65963386,22.73882866,6329800,yfinance
2026-05-05,22.65963231,23.08530505,22.5111423,23.02590942,6779700,yfinance
2026-05-06,23.01600973,23.62977082,22.74872658,23.32288933,7914700,yfinance
2026-05-07,23.3129903,23.36248823,22.64973316,22.67943192,6838400,yfinance
2026-05-08,22.73882743,23.03580934,21.94687945,21.96667862,9629300,yfinance
2026-05-11,21.6696975,22.19436424,20.95694429,21.57070541,17351400,yfinance
2026-05-12,21.63010079,22.32305482,21.09553448,22.16466522,11121400,yfinance
2026-05-13,22.44184764,23.35258877,22.27355846,22.5507412,12140500,yfinance
2026-05-14,22.55074187,22.63983626,21.9666795,22.45174789,7647800,yfinance
2026-05-15,22.03597405,22.22406241,21.50140774,21.54100609,8650000,yfinance
2026-05-18,21.5014082,21.67959697,20.89754855,21.19452858,8860100,yfinance
2026-05-19,21.07573777,21.47171178,20.67976187,21.18462944,8792000,yfinance
2026-05-20,21.03613789,21.74889105,20.93714392,21.63999939,7990100,yfinance
2026-05-21,21.60000038,22.15999985,21.37000084,21.94000053,6668100,yfinance
2026-05-22,22.05999947,22.62000084,22.01000023,22.51000023,8057200,yfinance
2026-05-26,22.51000023,23.15999985,22.37999916,22.62000084,8458900,yfinance
2026-05-27,22.42000008,23.77000046,22.20000076,23.71999931,9513900,yfinance
2026-05-28,23.70000076,24.14999962,23.10000038,24.05999947,9921900,yfinance
2026-05-29,23.89999962,24.5,23.57999992,23.89999962,8901000,yfinance
2026-06-01,23.78000069,23.89999962,23.13999939,23.32999992,7063500,yfinance
2026-06-02,23.20999908,23.79000092,23.09000015,23.29999924,5536600,yfinance
2026-06-03,23.14999962,23.96999931,23.12000084,23.29999924,6288900,yfinance
2026-06-04,23.0,23.10000038,22.44000053,22.89999962,6389500,yfinance
2026-06-05,22.81999969,22.85000038,21.98999977,22.23999977,8371500,yfinance
2026-06-08,22.20000076,22.22999954,21.35000038,21.37999916,6870400,yfinance
2026-06-09,21.45000076,21.63999939,20.76000023,21.28000069,7981200,yfinance
2026-06-10,21.20000076,21.47999954,19.79999924,19.81999969,13853000,yfinance
2026-06-11,19.90999985,21.21999931,19.85000038,21.09000015,12591500,yfinance
2026-06-12,21.5,22.85000038,21.35000038,22.69000053,14295800,yfinance
2026-06-15,23.25,24.29000092,22.39999962,22.52000046,14375800,yfinance
2026-06-16,22.31999969,22.70000076,21.54999924,21.69000053,8013300,yfinance
2026-06-17,21.69000053,22.76000023,21.60000038,22.51000023,9536800,yfinance
2026-06-18,22.63999939,23.37999916,22.60000038,22.89999962,25679900,yfinance
2026-06-22,22.62999916,22.73999977,21.90999985,22.0,8779600,yfinance
2026-06-23,21.5,21.78000069,21.06999969,21.25,8999800,yfinance
2026-06-24,20.93000031,21.47999954,20.85000038,20.86000061,9888100,yfinance
2026-06-25,21.17000008,21.87000084,21.07999992,21.72999954,9394700,yfinance
2026-06-26,21.73999977,22.57999992,21.70999908,22.37999916,9575800,yfinance
2026-06-29,22.38999939,22.56999969,21.90999985,22.44000053,7628800,yfinance
2026-06-30,21.70999908,21.78000069,20.82999992,21.19000053,15591200,yfinance
2026-07-01,21.10000038,21.85000038,21.04000092,21.29999924,10502100,yfinance
2026-07-02,21.5,21.57999992,20.97999954,21.12999916,9023800,yfinance
2026-07-06,21.06999969,21.43000031,20.81999969,21.18000031,7742400,yfinance
2026-07-07,21.14999962,21.48999977,20.69000053,21.12000084,7716300,yfinance
2026-07-08,21.15999985,21.35000038,20.59000015,20.64999962,8148500,yfinance
2026-07-09,20.65999985,21.02000046,20.42000008,20.75,6543400,yfinance
2026-07-10,20.86000061,21.65999985,20.86000061,21.51000023,6736600,yfinance
2026-07-13,21.70999908,22.52000046,21.70999908,22.30999947,8700400,yfinance
2026-07-14,22.63999939,23.09000015,22.42000008,22.94000053,8429800,yfinance
2026-07-15,23.03000069,23.25,22.35000038,23.04000092,6948900,yfinance
2026-07-16,23.13999939,23.39999962,22.37999916,22.53000069,6038600,yfinance
2026-07-17,22.45999908,22.89999962,22.09000015,22.12999916,6510400,yfinance
2026-07-20,22.32999992,22.47999954,21.71999931,22.40999985,5126700,yfinance
2026-07-21,22.79999924,22.85000038,21.89999962,21.96999931,7197700,yfinance
2026-07-22,22.54999924,22.98999977,22.29000092,22.78000069,8387200,yfinance
2026-07-23,23.03000069,23.27000046,22.09000015,22.28000069,6084400,yfinance
2026-07-24,22.25,22.77000046,22.20000076,22.29999924,6457200,yfinance
2026-07-27,22.42000008,22.72999954,22.02000046,22.34000015,6903400,yfinance
2026-07-28,22.77000046,23.17000008,22.69000053,23.07999992,8426800,yfinance
2026-07-29,22.97999954,23.14999962,22.30999947,22.62000084,6934200,yfinance
2026-07-30,22.63999939,22.96999931,22.29999924,22.77000046,5714700,yfinance
2026-07-31,22.64999962,22.97999954,22.06999969,22.12000084,11169800,yfinance
2026-08-03,22.27000046,22.43000031,21.61000061,21.80999947,7808100,yfinance
2026-08-04,21.89999962,22.75,21.70999908,22.70999908,6729800,yfinance
2026-08-05,21.70000076,23.89999962,21.44000053,23.40999985,16529700,yfinance
2026-08-06,23.0,23.95000076,22.44000053,23.45999908,8337200,yfinance
2026-08-07,23.27000046,23.40999985,22.85000038,23.05999947,5695100,yfinance
