date,open,high,low,close,volume,source
2019-01-02,43.71443323,45.07218605,43.50819437,44.86594391,2707300,yfinance
2019-01-03,44.47924394,45.01203479,43.74880942,44.08395004,3321900,yfinance
2019-01-04,45.25264678,46.52446404,44.72845115,46.2580719,2662400,yfinance
2019-01-07,46.63618045,46.91975972,45.80262321,45.90574265,3021800,yfinance
2019-01-08,46.55882674,47.60721776,46.55882674,47.48690796,2835600,yfinance
2019-01-09,48.11424134,48.44938197,47.13459519,48.05408478,2145100,yfinance
2019-01-10,47.93377592,48.56109101,47.62441434,48.54390717,2042400,yfinance
2019-01-11,48.28609745,48.68139457,47.90799072,48.62983322,1619900,yfinance
2019-01-14,48.30328248,48.66420535,47.91658057,48.34624863,1696100,yfinance
2019-01-15,48.45797059,48.66421273,47.71034897,48.01971054,1689300,yfinance
2019-01-16,48.12282749,49.05950408,47.98533382,48.87044907,2633200,yfinance
2019-01-17,48.65560989,49.98758021,48.41499682,49.6180687,1926400,yfinance
2019-01-18,49.99618815,50.60631616,49.41183918,50.46882248,3000500,yfinance
2019-01-22,49.9446179,50.01336636,49.11965595,49.58369827,3052100,yfinance
2019-01-23,49.72119491,49.84150146,48.53530999,49.22277832,2165100,yfinance
2019-01-24,48.99075561,49.09387832,48.54390367,48.87044907,1884000,yfinance
2019-01-25,49.71260276,50.33992113,49.36887021,49.92743683,3417000,yfinance
2019-01-28,49.54932146,50.27975586,48.89622743,50.27116394,2963200,yfinance
2019-01-29,51.74062782,52.66011722,51.03597245,51.67188263,3435000,yfinance
2019-01-30,51.79219505,52.29060836,51.13909768,51.85234833,3529200,yfinance
2019-01-31,51.33675089,52.90074266,50.61490828,52.62575531,4474900,yfinance
2019-02-01,52.64294188,53.26166508,52.57419668,52.83199692,2904000,yfinance
2019-02-04,52.82340094,53.54524353,52.53122648,53.36478043,2545400,yfinance
2019-02-05,53.21868215,53.21868215,52.54840107,52.74604797,2355100,yfinance
2019-02-06,52.52263093,52.72027787,51.80078834,51.93828201,3132500,yfinance
2019-02-07,51.54298999,51.88672581,50.57193907,50.99301529,2769300,yfinance
2019-02-08,50.975819,51.44845321,50.57192997,51.40548706,2795600,yfinance
2019-02-11,51.2594053,51.59454589,50.7266145,51.47423935,2602200,yfinance
2019-02-12,51.91250169,53.04682526,51.73204187,52.91792679,2430900,yfinance
2019-02-13,53.28742854,53.38195603,52.26481979,52.63433456,2166400,yfinance
2019-02-14,52.16170113,52.20466728,50.81254373,51.32814407,4712200,yfinance
2019-02-15,52.09295247,52.31638169,50.73520317,51.13049698,3952500,yfinance
2019-02-19,50.91567396,51.62032944,50.84692549,51.46564865,2712800,yfinance
2019-02-20,51.70626515,53.046831,51.55158763,52.83199692,2469900,yfinance
2019-02-21,52.79762241,53.02105169,52.1960896,52.47107697,2252100,yfinance
2019-02-22,52.90073567,53.31321664,52.3937272,52.58277893,1852500,yfinance
2019-02-25,52.72887557,52.92652253,52.40232686,52.81480789,1766200,yfinance
2019-02-26,52.55700929,53.02964361,52.35936233,52.47107697,1278000,yfinance
2019-02-27,52.33358002,52.78902719,51.96406516,52.33358002,2706700,yfinance
2019-02-28,52.40231931,52.40231931,51.80937853,52.04999161,2428000,yfinance
2019-03-01,52.23045962,52.51404218,51.45705891,51.87813187,2004800,yfinance
2019-03-04,51.98984109,52.64293517,51.5687649,52.29060745,2076500,yfinance
2019-03-05,52.23045962,52.34217426,51.77501243,51.87813187,1821100,yfinance
2019-03-06,51.97265054,52.03280381,51.23362091,51.25940323,1807300,yfinance
2019-03-07,51.13050305,51.21643536,50.61490265,50.70942688,2631200,yfinance
2019-03-08,50.24539401,50.24539401,49.49776908,49.66104507,2013800,yfinance
2019-03-11,49.4805834,50.69224739,49.27434125,50.67506027,2691100,yfinance
2019-03-12,50.8641108,51.22503372,50.66646385,50.75239944,1753400,yfinance
2019-03-13,51.15627601,51.4312633,50.90707104,51.13049698,2048200,yfinance
2019-03-14,50.86409981,50.88128693,50.42583987,50.54614639,2536300,yfinance
2019-03-15,50.52038439,50.96723969,49.9875935,50.29695511,4344000,yfinance
2019-03-18,50.58912277,51.12191359,50.31413544,50.62349701,2606400,yfinance
2019-03-19,50.94145241,51.30237535,50.38288581,50.67506027,2448800,yfinance
2019-03-20,50.70942815,50.70942815,49.25715114,49.97040176,1622300,yfinance
2019-03-21,49.635249,50.71801426,49.52353767,50.54614639,1612400,yfinance
2019-03-22,50.03914169,50.14226111,48.70717137,48.98215866,2190600,yfinance
2019-03-25,48.93920067,49.40324304,48.51812446,48.87904739,1504000,yfinance
2019-03-26,49.36026729,49.44620287,48.59545864,48.93059921,1926900,yfinance
2019-03-27,48.98216281,49.54932457,48.82748204,49.48057938,2306100,yfinance
2019-03-28,49.86133194,50.01709478,49.28155058,49.86133194,1587800,yfinance
2019-03-29,50.28535277,50.88244147,50.2247787,50.49303436,2882400,yfinance
2019-04-01,51.23722901,51.7045175,50.83916992,51.6699028,2350100,yfinance
2019-04-02,51.85162292,51.85162292,51.07281212,51.47952652,1675300,yfinance
2019-04-03,51.99874579,52.66506395,51.94682374,52.42276764,2380000,yfinance
2019-04-04,52.54391105,52.71697794,52.24969271,52.5266037,1773900,yfinance
2019-04-05,52.69101069,52.93330694,52.27564427,52.51794052,1843600,yfinance
2019-04-08,52.52660496,52.52660496,51.99874235,52.33622742,1728900,yfinance
2019-04-09,51.99007792,51.99007792,50.84781621,50.91704559,1930500,yfinance
2019-04-10,51.01225359,51.1160944,50.06902436,50.38920212,2069400,yfinance
2019-04-11,50.39784944,50.54495696,49.59307585,49.90459824,2387200,yfinance
2019-04-12,50.5363111,50.94302231,50.18151865,50.65745926,2208300,yfinance
2019-04-15,50.62282963,50.62282963,50.00843368,50.10362244,1993800,yfinance
2019-04-16,50.29401362,50.52765793,50.04306527,50.38055038,1754900,yfinance
2019-04-17,50.91705093,51.31511002,50.1382368,50.19015884,2260900,yfinance
2019-04-18,50.20746941,50.35457692,49.61903276,49.75748825,3601400,yfinance
2019-04-22,49.78345094,49.88729504,49.12578816,49.30751038,2421900,yfinance
2019-04-23,49.91325136,51.02955059,49.1430925,50.72667694,4806300,yfinance
2019-04-24,50.51033443,51.21991915,50.25938616,50.46706772,2805900,yfinance
2019-04-25,50.43246307,50.79591083,49.49788927,49.67095947,2598400,yfinance
2019-04-26,49.65364688,49.78344704,48.7277252,48.79695129,2260300,yfinance
2019-04-29,48.63254486,49.27290035,48.45082262,49.2209816,2300000,yfinance
2019-04-30,49.14309115,49.62768369,48.77964344,49.38538742,2729500,yfinance
2019-05-01,49.29020647,49.51519873,48.2431365,48.32966995,2237600,yfinance
2019-05-02,48.11332551,48.78829889,47.86237722,48.37293243,2404700,yfinance
2019-05-03,48.80560644,50.1209319,48.7882991,49.88729095,2104800,yfinance
2019-05-06,48.75368664,49.28154923,48.58061645,49.04790497,1680200,yfinance
2019-05-07,48.63254554,48.90945656,47.98353471,48.61523819,2182400,yfinance
2019-05-08,48.35563267,49.48058407,48.31236594,48.82291794,2770100,yfinance
2019-05-09,48.01813587,49.09982028,47.58546211,48.94405746,2146400,yfinance
2019-05-10,48.78830799,49.26424861,48.26909735,49.15175247,1950900,yfinance
2019-05-13,47.94026224,48.28639933,46.76338888,47.32586288,3261900,yfinance
2019-05-14,47.51624129,48.0441039,47.27394499,47.74988556,1837600,yfinance
2019-05-15,46.8585803,47.68931332,46.62493602,47.48162842,1409600,yfinance
2019-05-16,47.74988293,47.97487187,47.27394239,47.57681274,1173000,yfinance
2019-05-17,46.6941574,46.91914963,45.43940267,46.11437607,2709800,yfinance
2019-05-20,45.80285447,46.07976547,45.47402141,45.53459549,1939900,yfinance
2019-05-21,45.94996288,46.65089573,45.81150738,46.45186615,1771000,yfinance
2019-05-22,46.07109667,46.29608553,45.43073814,45.75957108,2003400,yfinance
2019-05-23,44.91154399,44.92019601,44.13272979,44.47021484,2553000,yfinance
2019-05-24,44.99808288,45.30095327,44.23657594,44.27119064,1836700,yfinance
2019-05-28,44.27118377,44.53944272,43.75197652,44.14138031,3851400,yfinance
2019-05-29,43.64813403,44.1327299,43.41448977,43.92504501,2870800,yfinance
2019-05-30,43.36257693,43.91639897,42.50588119,42.6443367,2921300,yfinance
2019-05-31,41.30304169,42.00397445,40.78383444,41.53668594,3610000,yfinance
2019-06-03,41.53669681,43.11162963,41.52804478,43.07701492,3432400,yfinance
2019-06-04,43.48371208,43.63947489,42.90393084,43.39717865,3760100,yfinance
2019-06-05,43.52698343,43.78658705,42.88662806,43.77793503,2824200,yfinance
2019-06-06,43.87312462,44.10676887,43.29334,43.63082504,3471400,yfinance
2019-06-07,43.66544868,44.17600401,43.137586,43.99428177,2243900,yfinance
2019-06-10,44.22791754,44.70385808,43.95100657,44.08080673,4174400,yfinance
2019-06-11,45.1019201,45.24903093,44.53079077,44.77309036,2211700,yfinance
2019-06-12,44.63462339,44.84230493,44.17598699,44.24521637,1674700,yfinance
2019-06-13,44.48752118,45.37882818,44.43559913,45.11922455,1973500,yfinance
2019-06-14,44.92019419,45.12787907,44.6000165,44.73847198,1553600,yfinance
2019-06-17,44.13273403,44.61732994,43.52698996,43.91639709,2588500,yfinance
2019-06-18,44.39233678,46.01919139,44.39233678,45.53459549,2863200,yfinance
2019-06-19,46.50378069,47.41239499,46.32205519,46.94510651,5546800,yfinance
2019-06-20,47.58547603,47.94892052,46.22687698,46.56436539,3689600,yfinance
2019-06-21,46.71146788,47.05760828,46.44320891,46.67685318,4127000,yfinance
2019-06-24,46.53838794,46.91914296,45.98456606,46.50377655,2439600,yfinance
2019-06-25,46.75473644,47.77584702,46.54705484,46.9797287,3280500,yfinance
2019-06-26,47.4470078,47.96621501,46.97106401,47.69795609,3326900,yfinance
2019-06-27,47.93331182,48.03791167,47.38415676,47.56720734,1593900,yfinance
2019-06-28,47.85486949,48.07278784,47.42774808,48.02920151,2259300,yfinance
2019-07-01,48.45631462,48.66551766,48.09892874,48.52604675,1697200,yfinance
2019-07-02,48.26454848,48.29070094,47.9420303,48.06406403,1831000,yfinance
2019-07-03,48.20353567,48.36043714,47.99433593,48.1948204,910600,yfinance
2019-07-05,47.72411908,48.38658941,47.47133299,48.21225739,1822700,yfinance
2019-07-08,47.98561079,48.27326455,47.270839,47.54977417,2001400,yfinance
2019-07-09,47.17496895,47.6108057,46.70426778,47.52363968,3120900,yfinance
2019-07-10,47.91588148,48.10764734,47.18367579,47.21854019,1529300,yfinance
2019-07-11,47.05292424,47.28827643,46.51248773,47.15752411,2035600,yfinance
2019-07-12,47.41901698,48.1860869,47.28826469,48.09020233,1906600,yfinance
2019-07-15,48.41274085,48.56092373,47.69796894,48.1425209,1478100,yfinance
2019-07-16,48.2645443,49.1449361,48.02919214,48.43016434,2215800,yfinance
2019-07-17,48.23839707,48.41273239,47.48004229,47.68052673,2043900,yfinance
2019-07-18,48.01176552,48.17738225,47.19239051,47.67181015,2432000,yfinance
2019-07-19,48.35171749,49.6069258,47.88101312,49.43259048,4016600,yfinance
2019-07-22,49.72896885,49.83356873,48.29942495,49.04906464,2922100,yfinance
2019-07-23,49.33670163,49.68537223,48.50861475,49.31927109,1914900,yfinance
2019-07-24,48.85728203,49.43258621,48.80498377,49.31927109,1497400,yfinance
2019-07-25,49.41515899,49.47617585,48.84857333,48.98804092,1723900,yfinance
2019-07-26,48.85728618,49.06648923,48.621934,48.95317078,1916300,yfinance
2019-07-29,48.7265286,48.90957915,48.32555644,48.57834244,1552400,yfinance
2019-07-30,48.26455039,49.04033911,48.0379168,49.03162384,1693200,yfinance
2019-07-31,49.05777733,49.15366194,47.24469841,47.40159988,2888500,yfinance
2019-08-01,46.93960354,47.71539553,45.78027984,46.25098419,2882200,yfinance
2019-08-02,46.11151392,46.43403208,45.17882386,45.82386017,1805600,yfinance
2019-08-05,44.90861183,45.08294716,43.88875227,44.23742294,2128100,yfinance
2019-08-06,44.39431927,44.8301559,43.75799819,44.75170517,1470500,yfinance
2019-08-07,44.23741928,44.83015738,43.97591796,44.67325592,1920800,yfinance
2019-08-08,45.11781468,45.66696987,44.83016419,45.47520065,1374500,yfinance
2019-08-09,45.0742265,45.24856183,44.10666858,44.50764084,1500800,yfinance
2019-08-12,44.29844114,44.29844114,42.78173131,43.0257988,1983100,yfinance
2019-08-13,42.88632505,44.61223771,42.66840674,43.73184586,2508000,yfinance
2019-08-14,42.95605244,43.3134383,42.2499993,42.26743317,2185400,yfinance
2019-08-15,42.45047839,42.58994594,41.27371777,41.5875206,1651300,yfinance
2019-08-16,41.84904108,42.87761602,41.76187507,42.50279617,1381200,yfinance
2019-08-19,43.30472264,43.90617592,43.25242105,43.50520706,1962900,yfinance
2019-08-20,42.92119402,43.45291193,42.65968938,42.73814011,1506400,yfinance
2019-08-21,43.29600819,43.45290964,42.84274104,42.87760544,1673200,yfinance
2019-08-22,43.08680321,43.10423707,42.40689923,42.65096664,1352100,yfinance
2019-08-23,42.11054036,42.3720417,40.75944402,40.92506409,2143300,yfinance
2019-08-26,41.3347485,41.60496844,40.95993202,41.31731796,1330700,yfinance
2019-08-27,41.59625442,41.70085429,40.59382871,40.62869644,1274800,yfinance
2019-08-28,40.46306736,41.29987614,40.18413221,41.23014069,1309600,yfinance
2019-08-29,41.80545472,42.61611123,41.76187171,42.54637909,2092800,yfinance
2019-08-30,42.93862465,43.26114616,42.47663887,42.69455719,2361400,yfinance
2019-09-03,42.15412155,42.34589074,41.63111557,42.32845688,1645400,yfinance
2019-09-04,42.85144273,43.13037781,42.40689098,42.97347641,2005500,yfinance
2019-09-05,43.58366764,44.16768719,43.43548477,43.88875198,1871500,yfinance
2019-09-06,44.00205676,44.08050747,43.17396667,43.72312164,1676600,yfinance
2019-09-09,43.99335251,44.75170735,43.98463391,44.65582275,1731900,yfinance
2019-09-10,44.89988706,45.87616348,44.59480276,45.87616348,1984000,yfinance
2019-09-11,45.88489068,46.50377805,45.03065109,46.4253273,1968200,yfinance
2019-09-12,46.56479198,46.93961181,45.55365095,46.8001442,2763400,yfinance
2019-09-13,47.41031002,47.55849621,46.66067045,46.72168732,1960800,yfinance
2019-09-16,45.58851425,47.03549183,45.51006352,46.33815384,2167000,yfinance
2019-09-17,45.51878288,46.36430376,45.01321075,46.27713776,1829300,yfinance
2019-09-18,46.02434393,46.39916367,45.58850733,46.10279465,2869900,yfinance
2019-09-19,45.40546145,46.32943632,45.37059372,45.95461655,2835700,yfinance
2019-09-20,46.00691832,46.54735819,45.61466797,45.86745071,3932900,yfinance
2019-09-23,45.05679674,46.25970696,44.78658011,46.07665634,3037600,yfinance
2019-09-24,45.79771996,45.93718757,43.72313639,44.13282394,3657300,yfinance
2019-09-25,44.01950186,45.23984582,43.82773267,45.04807663,3538800,yfinance
2019-09-26,44.4858436,44.72303156,43.08028905,43.34383011,2939000,yfinance
2019-09-27,43.77428922,44.2135255,43.46682181,43.93241119,1809300,yfinance
2019-09-30,43.80064221,44.92508601,43.64251688,44.72303772,1829200,yfinance
2019-10-01,45.25891102,45.99682817,44.20474318,44.28380585,2079000,yfinance
2019-10-02,43.74794138,43.91485334,42.97488444,43.32627487,2278500,yfinance
2019-10-03,43.08030136,43.55467741,42.43023009,43.54589081,1600000,yfinance
2019-10-04,43.66887824,44.03783852,43.58103231,43.99391556,1601000,yfinance
2019-10-07,43.94119789,44.40678728,43.45803866,43.64251709,1435100,yfinance
2019-10-08,43.27355926,43.45804106,42.67620097,42.73769379,1400000,yfinance
2019-10-09,43.15936246,43.15936246,42.52686108,42.86946487,1756300,yfinance
2019-10-10,43.29991159,44.20473722,43.26477189,44.10810471,1696000,yfinance
2019-10-11,44.96022989,46.55026657,44.88995047,46.27793884,2948100,yfinance
2019-10-14,45.42581241,45.85626541,45.27647369,45.44338226,2606900,yfinance
2019-10-15,45.30282821,46.97192736,45.29404496,46.39213562,2066900,yfinance
2019-10-16,46.00559991,46.64688438,45.05685143,45.25889969,2006400,yfinance
2019-10-17,45.81235079,46.08467518,44.93387813,45.46096039,1563900,yfinance
2019-10-18,45.60150812,45.96168171,45.34675028,45.39945984,1489700,yfinance
2019-10-21,46.31307348,46.62053753,45.41703109,45.49609375,2525000,yfinance
2019-10-22,45.79477769,46.98950096,45.24133901,46.68203354,3726600,yfinance
2019-10-23,46.69082111,46.96314548,46.33064747,46.53269577,2625100,yfinance
2019-10-24,46.84016346,47.15641417,45.8826281,46.30429459,2057100,yfinance
2019-10-25,46.4272728,47.60442615,46.40091969,47.27939224,2171600,yfinance
2019-10-28,47.43751943,48.37748483,47.43751943,48.07880402,2078800,yfinance
2019-10-29,47.9470324,48.37748206,47.76255062,47.99095535,1946100,yfinance
2019-10-30,47.52536418,47.90310765,47.17397717,47.75376892,1783100,yfinance
2019-10-31,47.22668913,47.65714221,46.8225925,47.3057518,2952500,yfinance
2019-11-01,47.8064753,49.15932385,47.79769204,48.62345505,2254400,yfinance
2019-11-04,49.19446871,49.44922658,48.48290465,49.11540604,1467900,yfinance
2019-11-05,49.47558229,49.55464497,48.68495552,48.72888184,1836800,yfinance
2019-11-06,48.77281216,48.77281216,48.26329631,48.43899155,1577500,yfinance
2019-11-07,49.02756215,49.1856875,48.61467891,48.77280426,1217500,yfinance
2019-11-08,48.48290414,48.80794144,48.04366782,48.80794144,1627100,yfinance
2019-11-11,48.43019475,48.86943104,47.92946564,48.72008896,1315600,yfinance
2019-11-12,48.75523929,49.2296154,48.38628233,48.57954407,1839800,yfinance
2019-11-13,48.41262259,48.57074792,48.01730928,48.02609253,1372000,yfinance
2019-11-14,47.79770153,48.31600058,47.67471588,47.86798096,1098600,yfinance
2019-11-15,48.18422637,48.47412397,47.99974791,48.27207565,1244500,yfinance
2019-11-18,48.18422014,48.74644542,47.75377045,48.72008896,1357500,yfinance
2019-11-19,49.08025844,49.14175125,48.07001706,48.14029312,1104900,yfinance
2019-11-20,47.78013327,48.34235531,47.35846675,47.52537537,2282400,yfinance
2019-11-21,47.6747105,48.02609754,47.34088996,47.64835739,1410600,yfinance
2019-11-22,47.96460725,48.76401726,47.96460725,48.52683258,1265600,yfinance
2019-11-25,48.73766451,49.41408888,48.48290662,49.12419128,1480800,yfinance
2019-11-26,49.04512889,49.47557861,48.90457005,49.20325089,1691400,yfinance
2019-11-27,49.20325692,49.64249329,49.02756505,49.54586411,1456900,yfinance
2019-11-29,49.52828915,49.69519775,49.24717817,49.5107193,1608100,yfinance
2019-12-02,49.67762831,50.15200435,49.44044028,49.75669098,1626100,yfinance
2019-12-03,48.82552575,49.10663682,47.94705285,48.5619812,2085900,yfinance
2019-12-04,48.99242593,49.60735752,48.85187042,49.0451355,1831800,yfinance
2019-12-05,49.19447061,49.66006007,48.93092948,49.62492371,1322200,yfinance
2019-12-06,50.33647511,50.81085107,49.9499484,50.6088028,1906500,yfinance
2019-12-09,50.9514106,51.38186365,50.73179245,50.73179245,1986600,yfinance
2019-12-10,50.58246314,51.10075885,50.40676792,50.72301865,1681000,yfinance
2019-12-11,50.89870981,51.46093519,50.69666148,51.05683517,1511800,yfinance
2019-12-12,50.07294468,51.56634896,49.81818679,51.04804993,3511800,yfinance
2019-12-13,50.77572013,51.02169476,49.60735321,49.60735321,2126900,yfinance
2019-12-16,50.17835909,50.40676386,49.51072132,49.62492371,2360900,yfinance
2019-12-17,49.58099774,50.24863887,49.55464464,50.22228241,1363600,yfinance
2019-12-18,50.24864496,50.24864496,49.64249658,50.10808945,1341700,yfinance
2019-12-19,50.21350348,50.29256617,49.58978862,49.6600647,1410900,yfinance
2019-12-20,49.83575143,50.37162027,49.5019309,49.97630692,5240400,yfinance
2019-12-23,49.9235935,50.07293221,49.58977301,49.87088394,1205200,yfinance
2019-12-24,49.932383,50.26620353,49.66005528,49.77425766,725700,yfinance
2019-12-26,49.93238703,49.99387984,49.29110237,49.89724731,1274700,yfinance
2019-12-27,50.01144631,50.06415587,49.64248607,49.79182816,1370200,yfinance
2019-12-30,49.87410963,49.95373847,49.41403228,49.61753082,1262500,yfinance
2019-12-31,49.46712167,49.94489472,49.38749283,49.79448318,1445400,yfinance
2020-01-02,50.28110988,50.3076517,48.71507813,48.76816177,2466800,yfinance
2020-01-03,48.21959699,48.60004546,47.98071051,48.12227249,2837400,yfinance
2020-01-06,47.96301507,48.33461739,47.56487093,47.71528244,2239000,yfinance
2020-01-07,47.55602097,48.29922217,47.43215466,47.60910797,2559000,yfinance
2020-01-08,47.64450682,48.09573803,47.44986117,47.49409866,2130200,yfinance
2020-01-09,47.5560297,47.61796287,46.95439036,47.33483887,2672800,yfinance
2020-01-10,47.33484172,47.59142391,46.57394466,46.68896484,1646000,yfinance
2020-01-13,46.88362184,47.75953586,46.78629731,47.21982956,1951100,yfinance
2020-01-14,47.22866934,47.86569667,47.17558232,47.77722168,1845200,yfinance
2020-01-15,47.4940981,47.77722211,47.09595391,47.27290726,1196100,yfinance
2020-01-16,47.60026206,47.60026206,47.04286027,47.20211792,1782500,yfinance
2020-01-17,47.45869648,47.77721176,47.12248552,47.60910797,2341300,yfinance
2020-01-21,47.4056224,47.4056224,46.06962784,46.32621002,2282500,yfinance
2020-01-22,46.49432027,46.53855777,45.80420584,45.98115921,1612300,yfinance
2020-01-23,45.64494844,45.82190182,44.85750948,45.78651047,1652400,yfinance
2020-01-24,45.64495196,45.64495196,44.09661574,44.53015137,2009700,yfinance
2020-01-27,43.73384415,44.11429258,43.41532886,43.51265335,3016400,yfinance
2020-01-28,46.60933477,46.60933477,43.68076679,43.76924515,4406700,yfinance
2020-01-29,43.60114144,43.94619864,42.50403666,42.52173233,2860800,yfinance
2020-01-30,42.42440345,43.25607978,42.17666741,43.22953796,2845700,yfinance
2020-01-31,42.48634917,42.71638623,41.82277646,42.01742554,3214800,yfinance
2020-02-03,42.17668271,42.6544559,42.06166586,42.41556931,2270000,yfinance
2020-02-04,43.27377475,43.58344057,42.68983108,43.21184158,2984400,yfinance
2020-02-05,43.90196683,43.9196625,43.36226052,43.81349182,2513100,yfinance
2020-02-06,44.23817384,44.23817384,43.20300219,43.39764786,2033400,yfinance
2020-02-07,42.9641129,43.06143405,42.25629947,42.39786148,1988400,yfinance
2020-02-10,42.15897764,42.55711848,42.02626178,42.16782379,1850700,yfinance
2020-02-11,42.38017169,43.33571448,42.35362649,42.7694664,1994200,yfinance
2020-02-12,43.3268576,43.36224556,42.45979001,42.79599762,1770000,yfinance
2020-02-13,42.42440796,42.74292334,42.22975892,42.42440796,2108600,yfinance
2020-02-14,42.44210428,42.54827495,41.40692927,41.71659851,1995600,yfinance
2020-02-18,41.58387504,42.10588552,41.53078803,41.92893219,1822800,yfinance
2020-02-19,42.01742097,42.71638159,41.94663827,42.21206665,1736700,yfinance
2020-02-20,42.39785922,42.59250824,42.09704292,42.33592606,1329500,yfinance
2020-02-21,42.03511466,43.04374794,42.02626851,42.97296524,2348800,yfinance
2020-02-24,41.79622805,42.35362661,41.59272948,41.84046555,2793400,yfinance
2020-02-25,41.97317459,42.02626161,39.74357041,39.78781128,3336500,yfinance
2020-02-26,40.17710497,40.23019199,38.62876906,38.6376152,2878600,yfinance
2020-02-27,38.11560067,38.66415291,36.88577697,36.99195099,3649800,yfinance
2020-02-28,35.71790076,36.86809261,35.32860604,36.58496857,4665900,yfinance
2020-03-02,36.85924508,37.79709555,35.76213692,37.77939987,4039800,yfinance
2020-03-03,37.83247896,39.00036968,36.44340079,37.04504013,3277600,yfinance
2020-03-04,37.79709983,38.26602343,37.13352717,38.2129364,2302600,yfinance
2020-03-05,36.84155115,37.07159155,35.57633909,36.07180786,2899900,yfinance
2020-03-06,35.11626196,36.21337018,34.38191001,35.04548264,2975000,yfinance
2020-03-09,32.56814014,33.26710062,30.70128893,30.7189846,3939600,yfinance
2020-03-10,32.31155876,33.0282183,30.54203201,32.85126495,3648300,yfinance
2020-03-11,31.80724148,32.22307794,30.5951167,31.34716415,3356500,yfinance
2020-03-12,28.80789441,30.59511669,27.95852076,28.10893059,4495200,yfinance
2020-03-13,30.08195426,31.70991898,28.83443805,31.70991898,4387700,yfinance
2020-03-16,28.09124377,29.80768391,26.8083359,27.10915565,3168400,yfinance
2020-03-17,27.71963528,28.78135027,26.32170928,27.41881561,3875600,yfinance
2020-03-18,25.82624196,26.29516544,24.35753497,25.96780396,4376500,yfinance
2020-03-19,26.04743325,29.96693343,25.76430925,27.26840591,3166600,yfinance
2020-03-20,28.17086632,28.49822782,26.58713905,27.10030174,4139900,yfinance
2020-03-23,26.86141508,27.78156806,25.11843025,25.14497375,3721800,yfinance
2020-03-24,26.89681057,28.88753017,26.70216321,28.29473686,3644400,yfinance
2020-03-25,28.56016274,29.70150839,26.89680822,27.60461998,3323900,yfinance
2020-03-26,27.83465186,29.88730239,27.21531858,29.67496109,4184100,yfinance
2020-03-27,28.95830701,30.02886996,28.37436327,29.51570892,3114400,yfinance
2020-03-30,29.37510315,31.47076618,28.80193094,31.27373695,5136000,yfinance
2020-03-31,31.30059655,33.27983227,30.82593569,32.25886917,4390100,yfinance
2020-04-01,30.60204861,32.36634701,30.49457968,32.15140915,5412700,yfinance
2020-04-02,32.20514121,33.19923819,31.40807345,32.18722916,4188200,yfinance
2020-04-03,31.9096106,32.60816397,31.72153564,31.92752266,3504600,yfinance
2020-04-06,33.49477724,34.09481571,33.02011633,33.59328842,5256500,yfinance
2020-04-07,35.22324829,35.29489309,33.26192116,33.42312622,4768400,yfinance
2020-04-08,33.76344997,35.43818775,33.42312778,34.97248459,3152100,yfinance
2020-04-09,35.71582555,36.63827429,34.7575527,35.31281281,3478600,yfinance
2020-04-13,35.44715014,35.59044318,34.27393606,34.73963928,3278100,yfinance
2020-04-14,35.41132718,35.79642787,33.88883649,34.37245178,3349400,yfinance
2020-04-15,32.17827213,32.50963662,31.37224669,31.82003784,3675800,yfinance
2020-04-16,32.10662405,32.10662405,31.09461851,31.80212593,2652600,yfinance
2020-04-17,33.06489494,33.70076094,32.88578123,33.43208694,2111700,yfinance
2020-04-20,32.45590188,33.39626255,32.10662194,32.71561813,2033800,yfinance
2020-04-21,31.65882789,32.59919189,31.63196152,32.28573608,2043700,yfinance
2020-04-22,33.18132772,33.24401822,32.29470305,32.5992012,1603200,yfinance
2020-04-23,32.75145086,34.35454431,32.67980604,33.78137207,2363600,yfinance
2020-04-24,34.31871942,34.84711321,33.73658946,33.91570663,2393500,yfinance
2020-04-27,34.09480777,37.03231575,34.04107162,36.27107239,3438000,yfinance
2020-04-28,35.22325535,36.89799338,34.97248997,36.26213074,4238400,yfinance
2020-04-29,37.16666592,38.50108507,37.16666592,38.06224823,4256700,yfinance
2020-04-30,37.27413108,37.82043679,36.69200469,36.88903046,4537600,yfinance
2020-05-01,35.957636,37.26518553,35.87703344,36.7188797,2802800,yfinance
2020-05-04,36.04718683,36.91590274,35.74268872,36.77260971,2115100,yfinance
2020-05-05,37.39056219,37.74879648,36.38751094,36.49497986,2726500,yfinance
2020-05-06,36.80842024,37.121876,36.01135278,36.27107239,1563700,yfinance
2020-05-07,36.93381128,37.40846875,36.55766498,36.63826752,1803000,yfinance
2020-05-08,37.17562504,37.8562696,37.14875866,37.7935791,1614100,yfinance
2020-05-11,36.79947927,37.29204889,36.16361662,36.38751221,2326800,yfinance
2020-05-12,36.59348592,36.59348592,34.91874832,34.93665695,1924900,yfinance
2020-05-13,34.55156167,34.66798489,33.09176178,33.42312622,2895100,yfinance
2020-05-14,32.57232759,33.59329087,32.01706751,33.57538223,2669600,yfinance
2020-05-15,33.28879267,34.16646634,32.95742818,34.09481812,3585600,yfinance
2020-05-18,35.87703298,37.04128944,35.83225112,36.59349823,2172800,yfinance
2020-05-19,36.47706533,36.94276852,36.0292742,36.19047928,1119700,yfinance
2020-05-20,36.51289932,37.32787926,36.34273987,36.43229675,1674400,yfinance
2020-05-21,36.31585749,36.79051838,35.76059748,35.82328796,1533300,yfinance
2020-05-22,35.82328907,35.94867004,34.90979479,35.35758591,1162200,yfinance
2020-05-26,36.78156981,37.60550742,36.3964691,37.17562485,1910200,yfinance
2020-05-27,38.02642202,38.6622846,37.80252645,38.59959412,2246700,yfinance
2020-05-28,38.99365701,39.30710947,37.86522131,38.10702896,2000200,yfinance
2020-05-29,37.76670656,37.96373578,37.01442066,37.84730911,3734000,yfinance
2020-06-01,37.8562574,38.36673895,37.57862571,38.02641678,1580600,yfinance
2020-06-02,38.36674972,38.80558659,38.15180844,38.71602631,1642700,yfinance
2020-06-03,39.40562516,39.86237068,39.05634858,39.49518204,1514300,yfinance
2020-06-04,39.39666764,39.98775183,38.86827394,39.9787941,1933500,yfinance
2020-06-05,41.39380494,41.76099346,40.35492986,40.72211838,2276200,yfinance
2020-06-08,40.82065001,41.46546706,40.48032772,40.74004745,2600600,yfinance
2020-06-09,39.99670906,40.08626593,38.96678795,39.62952042,2012800,yfinance
2020-06-10,39.6742992,40.30120756,39.19068389,39.49518204,1819900,yfinance
2020-06-11,37.18458268,38.36675121,35.40237216,35.51879883,2771400,yfinance
2020-06-12,36.97858608,37.37264098,36.03822555,36.89798355,1897000,yfinance
2020-06-15,35.61731225,38.08911815,35.45610714,37.54281235,2609900,yfinance
2020-06-16,40.39076268,40.58779189,38.81453924,39.93401718,3990000,yfinance
2020-06-17,39.93401813,40.11313528,39.13695036,39.40562439,2170700,yfinance
2020-06-18,38.9578341,39.790726,38.77871694,38.97574615,2133300,yfinance
2020-06-19,39.62056894,39.7369922,37.93687299,38.24137115,2871100,yfinance
2020-06-22,38.07120824,38.27719521,37.63237476,37.88313675,1544000,yfinance
2020-06-23,38.45630997,38.66229353,37.79358086,37.81149292,1539700,yfinance
2020-06-24,37.54281014,37.60550405,36.3516874,36.42333221,2122300,yfinance
2020-06-25,36.04718314,37.13083677,35.73373074,37.09501266,1839100,yfinance
2020-06-26,36.68305167,36.81739038,35.93076237,36.36064148,2897100,yfinance
2020-06-29,36.8156348,37.4035974,36.67090517,36.9965477,1709900,yfinance
2020-06-30,36.74326647,37.6659191,36.5442654,37.45787048,1701600,yfinance
2020-07-01,37.44881741,37.53022802,36.1372036,36.52616501,2408900,yfinance
2020-07-02,37.21364563,38.08202352,37.21364563,37.44883347,2072000,yfinance
2020-07-06,38.33530563,38.37148545,36.75232349,37.67497635,2405000,yfinance
2020-07-07,37.17746179,37.67497318,36.73422876,37.24982834,2659300,yfinance
2020-07-08,37.43978746,37.43978746,35.53116278,35.874897,3177100,yfinance
2020-07-09,35.73016694,35.82966922,34.83464985,35.09697342,2644900,yfinance
2020-07-10,35.19646437,36.72517105,35.16028111,36.58948898,1752900,yfinance
2020-07-13,36.98749205,37.24076798,36.07388713,36.12815857,2211800,yfinance
2020-07-14,35.96534521,37.19554877,35.71206922,37.14127731,1670200,yfinance
2020-07-15,37.84683228,38.01869763,36.86990475,37.70210266,1864600,yfinance
2020-07-16,37.53927933,38.34433802,37.24077256,37.77446365,1848000,yfinance
2020-07-17,37.96443033,38.25388961,37.27696197,37.32218933,1176200,yfinance
2020-07-20,36.9694094,37.3402793,36.56235624,36.81563568,2001700,yfinance
2020-07-21,36.9965496,38.08202014,36.98750206,37.89206314,1808300,yfinance
2020-07-22,37.54832862,38.3172076,37.42169062,38.22674942,1638900,yfinance
2020-07-23,38.33529631,39.58358801,38.05488116,38.5252533,2444300,yfinance
2020-07-24,38.45288992,38.82375983,37.9825212,38.76044083,1801200,yfinance
2020-07-27,38.54334235,39.7102268,38.36242947,39.64690781,2301800,yfinance
2020-07-28,39.31221439,39.43885235,38.54333903,38.59761047,2693800,yfinance
2020-07-29,38.66094457,39.13131332,38.66094457,39.13131332,2119900,yfinance
2020-07-30,38.45289465,38.71521823,38.18152699,38.62476349,1920800,yfinance
2020-07-31,38.32625266,38.48002984,37.66592347,37.94633865,4898900,yfinance
2020-08-03,38.27198137,38.96849383,37.87397228,38.76948929,2471300,yfinance
2020-08-04,38.66998229,39.10417115,38.29006833,38.90516663,1924500,yfinance
2020-08-05,39.3484139,40.09920139,39.30318653,39.33032227,1833800,yfinance
2020-08-06,39.66500453,39.69214371,39.00467532,39.13131332,1902100,yfinance
2020-08-07,38.72426088,40.23487622,38.57953125,40.10823822,2190600,yfinance
2020-08-10,40.35246622,41.87212896,40.24391987,41.70026016,2165600,yfinance
2020-08-11,41.89926113,42.26108688,40.84997061,41.07611084,2688500,yfinance
2020-08-12,41.53744686,41.63694914,41.00375908,41.51031113,1615600,yfinance
2020-08-13,40.92233978,41.45603089,40.69619953,41.15752411,1437800,yfinance
2020-08-14,40.86806462,42.10731217,40.723335,41.82690048,1382900,yfinance
2020-08-17,42.08922962,42.36964482,41.79977032,41.94449997,2126400,yfinance
2020-08-18,41.96259161,42.35155318,41.80881787,41.94449997,2102900,yfinance
2020-08-19,42.0711426,42.46010422,41.32940264,41.41986084,1715700,yfinance
2020-08-20,40.83188483,41.44698661,40.72333847,41.29321289,1226900,yfinance
2020-08-21,41.10324441,41.10324441,40.22582272,40.42482376,1503000,yfinance
2020-08-24,40.84092455,41.64598317,40.67810332,41.62789154,1286900,yfinance
2020-08-25,41.66408453,41.68217617,40.89520554,41.22084808,1246500,yfinance
2020-08-26,41.17561574,41.4922107,40.87710897,41.15752411,1089400,yfinance
2020-08-27,41.34748078,41.63694001,40.85901703,41.20275116,972300,yfinance
2020-08-28,41.36558121,41.78167851,41.21180747,41.60076904,1245200,yfinance
2020-08-31,41.89927248,41.89927248,41.11230524,41.12134933,1897500,yfinance
2020-09-01,41.08515899,42.18872452,40.76856402,42.18872452,2102000,yfinance
2020-09-02,42.28823195,43.11138243,42.00781677,42.93046951,2764000,yfinance
2020-09-03,42.80383583,43.31039135,41.77263661,42.16159821,2176600,yfinance
2020-09-04,42.89428844,43.04806563,42.07113793,42.42391968,2274900,yfinance
2020-09-08,41.79072402,42.0168643,41.07611992,41.23894119,2363600,yfinance
2020-09-09,41.72740439,41.99877203,41.27512384,41.66408539,2257500,yfinance
2020-09-10,41.78167351,41.8449925,41.03088963,41.05802536,1227400,yfinance
2020-09-11,41.29321751,41.86308855,40.96757495,41.54649353,1286500,yfinance
2020-09-14,41.81785726,42.46914232,41.68217517,42.27013779,1781900,yfinance
2020-09-15,42.39677257,42.81287325,42.16158823,42.32440948,1795400,yfinance
2020-09-16,42.50532034,43.37369802,42.07112805,43.0209198,1834400,yfinance
2020-09-17,43.07519299,44.49535346,42.52341024,44.29635239,2519700,yfinance
2020-09-18,44.21494145,45.20091305,44.16066655,44.48630905,4002100,yfinance
2020-09-21,43.59079834,43.70839225,40.73238539,41.42889786,2879800,yfinance
2020-09-22,41.36557801,41.78167528,40.91329747,41.32035065,1936200,yfinance
2020-09-23,41.31129538,42.04399097,40.38864628,40.40673447,1915400,yfinance
2020-09-24,40.34343332,41.37463612,39.89115266,40.48816299,1495700,yfinance
2020-09-25,40.08109895,41.05802303,39.84591116,40.93138504,1134800,yfinance
2020-09-28,41.83595804,42.46010407,41.26608349,41.85404968,1434600,yfinance
2020-09-29,41.61951935,41.78377119,40.66138598,40.82563782,1190700,yfinance
2020-09-30,41.17238942,41.74727085,40.67963739,40.9351387,1468200,yfinance
2020-10-01,41.08115017,41.56477876,40.87127355,41.10852432,1812000,yfinance
2020-10-02,40.46976726,42.50466511,40.33289301,42.01190948,2110200,yfinance
2020-10-05,42.48641335,43.48104814,42.21265791,43.14341736,2120400,yfinance
2020-10-06,43.38067426,44.01030416,42.56854189,42.82404327,2280000,yfinance
2020-10-07,43.49928926,44.71292753,43.26203852,44.39355087,1861200,yfinance
2020-10-08,44.64905911,45.16006533,44.4209319,45.1144371,1719400,yfinance
2020-10-09,45.50681069,45.53418832,44.26579822,44.58517838,2080700,yfinance
2020-10-12,44.53955282,45.24218497,44.47567749,44.96842957,1909900,yfinance
2020-10-13,44.71293379,45.02318694,44.11980164,44.4118042,1616700,yfinance
2020-10-14,44.20192801,45.33344053,44.20192801,45.05968857,1563300,yfinance
2020-10-15,44.22016999,44.97755387,43.81866742,44.95017624,1475000,yfinance
2020-10-16,45.15093903,45.37906625,44.70381163,45.01406479,1366100,yfinance
2020-10-19,45.21480777,45.92656696,44.55780384,44.6855545,1712000,yfinance
2020-10-20,45.0688092,45.41556352,44.23842633,44.26580048,2604200,yfinance
2020-10-21,44.4574397,44.95019192,44.19281126,44.20193481,1866600,yfinance
2020-10-22,43.9008032,45.82619751,43.9008032,45.53419495,2073100,yfinance
2020-10-23,45.88095026,46.26420584,45.26957091,45.79882431,1845700,yfinance
2020-10-26,45.26043479,45.26956183,43.82779626,44.05592346,1764400,yfinance
2020-10-27,43.90992196,44.52130466,43.73654654,44.00117493,1487200,yfinance
2020-10-28,43.17078482,43.38066139,42.13052205,42.50465393,2562500,yfinance
2020-10-29,42.28566502,44.10155936,41.97541183,43.74567795,1911100,yfinance
2020-10-30,43.25290549,43.74565745,42.6871477,43.58140564,3114200,yfinance
2020-11-02,44.357041,44.74029292,43.49015718,44.59429169,1791400,yfinance
2020-11-03,45.34255876,45.92656729,44.95930675,45.67106247,1422700,yfinance
2020-11-04,45.29694043,45.29694043,42.79666804,42.84229279,2370200,yfinance
2020-11-05,43.30767159,45.26044008,43.30767159,44.53043365,1716000,yfinance
2020-11-06,45.00493705,45.14181477,43.98292809,44.18367767,1350200,yfinance
2020-11-09,47.0854544,48.27171867,46.28244913,46.31894684,2250100,yfinance
2020-11-10,46.56532464,47.58733704,46.35544803,47.24970627,1572300,yfinance
2020-11-11,47.29533385,47.29533385,46.18207197,46.36457443,2111400,yfinance
2020-11-12,45.81706565,46.08169404,44.81330737,45.26956177,1413400,yfinance
2020-11-13,45.85356438,47.37745231,45.7623149,47.14020157,1510700,yfinance
2020-11-16,48.55458643,49.95072709,47.54170123,49.54922104,3099700,yfinance
2020-11-17,48.8374786,49.47623555,48.54547602,49.14773178,1662200,yfinance
2020-11-18,49.48534661,49.62222431,48.2808354,48.28995895,1442100,yfinance
2020-11-19,48.03446487,48.79184888,47.76983647,48.20784378,1332100,yfinance
2020-11-20,48.03446129,48.29908967,47.72420816,47.95233536,1016000,yfinance
2020-11-23,48.69147066,49.22985099,48.12571617,48.97434616,1559300,yfinance
2020-11-24,49.63134644,51.55674031,49.58572171,51.48373795,2232700,yfinance
2020-11-25,50.75373589,51.02748782,49.74997765,49.98722839,2703900,yfinance
2020-11-27,50.15148124,50.85411341,49.94160464,50.25185776,1052600,yfinance
2020-11-30,49.91422918,50.49823422,48.99259339,49.00172043,2847200,yfinance
2020-12-01,50.32486424,50.79936577,49.9598593,50.12411118,1873500,yfinance
2020-12-02,50.21535669,51.06399013,50.03285772,50.27923203,1839500,yfinance
2020-12-03,50.46172842,51.03660986,49.77734692,50.00547409,1791800,yfinance
2020-12-04,50.80848347,52.01299465,50.35222913,51.48373795,1675100,yfinance
2020-12-07,51.09136644,51.76662097,50.73548511,51.04573822,1769800,yfinance
2020-12-08,50.57123787,52.46925792,50.57123787,51.59325027,2055900,yfinance
2020-12-09,52.04037806,52.3688818,51.10049507,51.49287415,1458000,yfinance
2020-12-10,51.24649259,52.21375314,50.88148768,52.11337662,1443200,yfinance
2020-12-11,51.6023719,51.93999918,50.59861362,51.68449783,1492600,yfinance
2020-12-14,52.33237991,52.39625525,50.62598937,50.79024124,1888700,yfinance
2020-12-15,51.57500361,51.80313083,50.7719948,51.62062836,1456200,yfinance
2020-12-16,51.56587424,51.8031285,50.89974319,51.5019989,1476300,yfinance
2020-12-17,51.9856197,52.04036799,50.55298137,50.59860611,1973500,yfinance
2020-12-18,50.60772688,50.60772688,49.02908739,49.21158981,4603400,yfinance
2020-12-21,48.36297296,49.48535852,48.15309632,49.40323257,1450300,yfinance
2020-12-22,49.467104,49.63135587,48.18046666,48.44509506,1677700,yfinance
2020-12-23,48.69145988,48.86483526,47.84282659,47.97057724,1564300,yfinance
2020-12-24,48.30819821,48.3264488,47.45956504,47.85194397,620100,yfinance
2020-12-28,47.99796202,48.39034109,47.47783228,47.55083466,1425200,yfinance
2020-12-29,47.64209168,48.29909924,47.41396444,47.52346802,1222600,yfinance
2020-12-30,47.64760724,48.87075377,47.62001505,48.68682098,1582400,yfinance
2020-12-31,48.69601627,49.0914705,48.03385969,48.91673279,1283400,yfinance
2021-01-04,49.82720916,50.25945074,48.04306894,48.29137421,2308900,yfinance
2021-01-05,48.3005669,50.14908285,48.25458458,49.72603989,2223500,yfinance
2021-01-06,51.83206913,52.92646392,51.20669968,52.43904495,3291300,yfinance
2021-01-07,53.00921294,53.11037612,51.19748123,51.67570496,2229400,yfinance
2021-01-08,51.69411671,52.05278375,50.36060826,51.51938248,2720800,yfinance
2021-01-11,50.53533927,52.8988662,50.25024329,52.23670959,1857200,yfinance
2021-01-12,52.42064871,53.8185331,51.75849203,53.43227386,2308400,yfinance
2021-01-13,53.156376,53.30352154,51.84126121,52.15394592,1876000,yfinance
2021-01-14,52.82530234,52.88048324,52.08957458,52.12636185,1207300,yfinance
2021-01-15,51.30785996,51.4550055,49.88238689,51.01356888,1613600,yfinance
2021-01-19,51.46419601,52.43903731,51.34464268,51.390625,1606700,yfinance
2021-01-20,51.61135565,51.85966445,50.71928719,51.28027725,2232000,yfinance
2021-01-21,51.12392868,51.35384381,50.02953392,50.04792404,1724200,yfinance
2021-01-22,49.63407509,50.64570017,49.26620951,50.3789978,1522100,yfinance
2021-01-25,50.52614832,50.52614832,49.29380307,50.13989258,1984600,yfinance
2021-01-26,50.58133278,50.7652656,48.53968513,48.55807877,2531300,yfinance
2021-01-27,47.63842252,47.73039069,46.74635405,47.20618439,3166000,yfinance
2021-01-28,47.71199128,47.8131545,45.08176149,46.2865181,3985200,yfinance
2021-01-29,46.21294023,46.38767446,44.08852321,44.81505585,5113700,yfinance
2021-02-01,45.38524272,45.8358779,44.19888338,45.08175659,2445500,yfinance
2021-02-02,45.30246859,46.85669687,45.10934076,46.41526031,3365700,yfinance
2021-02-03,47.32572602,48.12583314,46.81071841,47.50965881,2854100,yfinance
2021-02-04,47.24295947,48.40173368,47.04063654,47.8407402,2675700,yfinance
2021-02-05,48.42012759,49.19264257,48.38334033,48.72361374,1811100,yfinance
2021-02-08,49.34898163,50.0111383,49.04549549,49.38576889,1680700,yfinance
2021-02-09,50.85722157,51.15151263,49.68005733,50.28703308,2877500,yfinance
2021-02-10,50.67329614,50.85722895,49.70765324,50.54454422,2180900,yfinance
2021-02-11,50.44337845,50.64570489,49.42255821,50.44337845,1421600,yfinance
2021-02-12,50.20426529,51.89644069,50.1766766,51.81367111,2363400,yfinance
2021-02-16,52.36546419,53.37709278,52.09876533,52.73332977,3784600,yfinance
2021-02-17,53.62541095,53.68978691,52.3930656,52.4206543,3737700,yfinance
2021-02-18,52.21833073,52.77012923,51.57457108,51.96082687,2739500,yfinance
2021-02-19,52.26430968,53.82772978,52.17234152,53.37709808,3627000,yfinance
2021-02-22,53.34030598,56.06250007,53.34030598,55.06007004,3802000,yfinance
2021-02-23,55.66704565,56.09928718,55.17962673,55.97053528,3668600,yfinance
2021-02-24,56.27402628,58.04897137,56.20965032,57.96620178,3423600,yfinance
2021-02-25,57.96619792,58.38004584,56.32000836,56.5683136,1883500,yfinance
2021-02-26,56.12687208,56.6050959,54.73818645,55.01408386,2876200,yfinance
2021-03-01,56.37518821,56.92698662,56.03491481,56.57751465,4016900,yfinance
2021-03-02,56.7890345,57.48797492,56.37518658,56.84421539,2396000,yfinance
2021-03-03,57.12930642,58.3800452,56.52233066,57.29484558,3116600,yfinance
2021-03-04,57.29484968,57.53396338,54.68301366,55.5474968,2052000,yfinance
2021-03-05,56.40278664,58.15013969,55.73143132,57.86504364,2240700,yfinance
2021-03-08,58.06735481,61.27696751,57.86502841,61.03786087,2925400,yfinance
2021-03-09,60.17339711,61.5252994,59.15257322,60.56885147,2751400,yfinance
2021-03-10,60.57803786,62.40816024,60.00784584,62.04029465,2048200,yfinance
2021-03-11,63.01513425,63.37380829,62.16904827,62.38057327,2150400,yfinance
2021-03-12,62.98755232,64.44981632,62.86799897,64.15552521,2346700,yfinance
2021-03-15,64.23828833,64.33025298,62.16905208,63.91640854,2839600,yfinance
2021-03-16,63.99917994,64.18311627,62.82201545,63.37381744,2074000,yfinance
2021-03-17,63.31860432,64.93720826,63.16226377,64.59693146,2061500,yfinance
2021-03-18,64.64292402,66.4178687,64.40381038,64.74408722,2598400,yfinance
2021-03-19,64.76249121,65.92126542,62.77602817,65.59018707,6491300,yfinance
2021-03-22,65.65455503,65.65455503,63.84282293,63.96238327,3280800,yfinance
2021-03-23,63.45658857,64.12794397,61.54369262,62.08629608,2948700,yfinance
2021-03-24,63.37380541,65.74652405,63.30942244,63.88881302,3282600,yfinance
2021-03-25,63.95320988,67.12603669,63.50257808,66.96969604,4329800,yfinance
2021-03-26,68.84578247,72.96585739,68.46871831,72.92907715,7677100,yfinance
2021-03-29,73.57283916,76.11110408,72.09218521,72.42326355,6114000,yfinance
2021-03-30,72.78841961,74.84986772,72.66824822,74.31370544,4304600,yfinance
2021-03-31,75.53390257,76.23645952,73.13967257,74.20274353,5532700,yfinance
2021-04-01,73.25986826,73.93469413,71.22615865,73.84224701,4185300,yfinance
2021-04-05,75.07170129,75.77425829,74.29519649,74.42461395,2633000,yfinance
2021-04-06,73.72206577,74.74816656,72.94556088,73.8052597,2740100,yfinance
2021-04-07,73.84224323,74.23050276,73.0749844,73.77753448,2298200,yfinance
2021-04-08,73.43550948,73.97166467,71.83626887,73.58341217,2733600,yfinance
2021-04-09,74.39689348,75.22886102,73.52794146,74.22125244,3958200,yfinance
2021-04-12,74.32293624,74.90531491,73.77752796,74.4431076,1858700,yfinance
2021-04-13,74.01788524,74.42462997,72.09510096,72.36318207,2725800,yfinance
2021-04-14,72.60350563,74.34140211,72.58501339,73.084198,3096000,yfinance
2021-04-15,73.54641975,73.94391829,72.20602147,72.93630981,2318200,yfinance
2021-04-16,73.86074175,74.35068045,72.33545596,73.49097443,2227400,yfinance
2021-04-19,73.16741241,74.39688544,72.15979689,73.43549347,2153400,yfinance
2021-04-20,73.99938048,73.99938048,72.1228132,72.55728912,2241200,yfinance
2021-04-21,72.08585844,74.12881399,71.58667367,74.11956787,2807700,yfinance
2021-04-22,72.70522114,73.03801102,69.96895434,70.3387146,4785200,yfinance
2021-04-23,71.07825997,71.98418966,69.88576392,71.94721222,4065200,yfinance
2021-04-26,72.39090971,74.55404368,72.14132086,74.50782013,4502900,yfinance
2021-04-27,74.21200529,75.39525489,73.96241645,74.59101868,3982700,yfinance
2021-04-28,74.12881388,76.03310582,74.00863546,75.41374969,3240800,yfinance
2021-04-29,76.17176889,76.82810245,74.71119205,76.18101501,3463000,yfinance
2021-04-30,75.21036863,77.26257007,75.12716765,76.04234314,7387000,yfinance
2021-05-03,76.84657555,80.24842123,76.60623286,79.22232056,4475100,yfinance
2021-05-04,79.05593547,83.04940636,78.97274153,82.88301849,5176000,yfinance
2021-05-05,83.19732032,85.89660946,82.18046559,85.81341553,5123800,yfinance
2021-05-06,86.42351339,88.50344611,85.40665881,88.45722961,4550400,yfinance
2021-05-07,88.17992387,91.81287417,87.20928554,91.29520416,3977200,yfinance
2021-05-10,92.81122917,96.1206352,91.9792546,93.64320374,6084000,yfinance
2021-05-11,92.07169353,95.88028425,91.5262923,94.27180481,5109600,yfinance
2021-05-12,94.41969324,94.64155074,87.68995704,88.73454285,4676200,yfinance
2021-05-13,89.65897514,93.53227478,88.97491027,93.18099976,4686800,yfinance
2021-05-14,92.80198017,95.15924019,91.86831946,94.76174164,3970400,yfinance
2021-05-17,94.29028928,98.39469236,94.05918563,98.28376007,5134300,yfinance
2021-05-18,98.79219641,99.74434237,95.24244048,95.64918518,7802500,yfinance
2021-05-19,92.55240622,94.45669832,89.99177344,93.85582733,5491400,yfinance
2021-05-20,93.9390294,94.17013309,91.84060397,93.4860611,3253900,yfinance
2021-05-21,94.34576031,95.63069615,93.70791897,94.41046906,2446000,yfinance
2021-05-24,94.29954222,96.02819313,93.79111133,95.54750061,1956100,yfinance
2021-05-25,96.05592718,96.25929247,92.47844004,92.48768616,3185700,yfinance
2021-05-26,92.86670507,93.81885113,92.1271775,93.22722626,2140100,yfinance
2021-05-27,95.33487104,96.34248658,93.27343052,93.41209412,4945000,yfinance
2021-05-28,93.19024162,95.28866689,92.27507306,94.78948212,3277900,yfinance
2021-06-01,97.06353665,102.58229315,96.73999294,102.36967468,7982300,yfinance
2021-06-02,102.01840227,102.33269987,96.08366185,97.09127045,6173000,yfinance
2021-06-03,96.18535943,99.14348387,94.97437129,98.97708893,2998400,yfinance
2021-06-04,99.83678847,100.78893449,99.15272356,100.55783081,2572300,yfinance
2021-06-07,100.1788168,101.25113411,97.53499037,99.25440216,3320100,yfinance
2021-06-08,100.29897776,101.92594933,98.45014868,101.67635345,2764100,yfinance
2021-06-09,100.76119152,101.38979373,99.43003223,99.44852448,2593600,yfinance
2021-06-10,100.45614785,101.2326599,98.12662581,98.2745285,2154800,yfinance
2021-06-11,99.37458414,99.98470125,97.81232098,98.53336334,2049800,yfinance
2021-06-14,97.99718007,98.30223149,94.33649961,94.9466095,3797400,yfinance
2021-06-15,94.39198015,95.12226857,91.52629616,94.21633911,5860100,yfinance
2021-06-16,93.60623636,93.60623636,90.70357471,92.38600922,3913000,yfinance
2021-06-17,92.66331825,92.66331825,86.58067549,88.05049133,5508600,yfinance
2021-06-18,87.10759981,88.34631211,85.71173164,85.98905182,5248400,yfinance
2021-06-21,87.34794444,88.93793888,86.83952058,88.61439514,2482200,yfinance
2021-06-22,88.54043811,89.13206294,87.34794231,88.44799805,2221600,yfinance
2021-06-23,90.22289641,91.23051236,88.65139384,88.7161026,2922200,yfinance
2021-06-24,89.49256621,91.86831121,88.66983786,90.48168945,3584700,yfinance
2021-06-25,91.21201321,91.32294553,89.29847471,89.38167572,2838400,yfinance
2021-06-28,89.62200118,89.71444829,87.43114289,87.92108154,2378300,yfinance
2021-06-29,88.67769489,89.46681324,87.75861269,87.85144806,1663400,yfinance
2021-06-30,87.66576746,89.10474031,87.49866098,89.05831909,1970400,yfinance
2021-07-01,90.05168822,90.37661557,88.67770058,89.72676086,1778700,yfinance
2021-07-02,90.10739102,90.10739102,88.66842494,89.60607147,2215900,yfinance
2021-07-06,89.31827099,89.94956142,85.07563015,85.9204483,3142000,yfinance
2021-07-07,86.66311864,89.30896503,86.46816229,88.83550262,2568400,yfinance
2021-07-08,85.97616512,88.11141445,85.08493265,86.98808289,2290100,yfinance
2021-07-09,88.85408695,90.53443051,88.14852539,90.20950317,2711700,yfinance
2021-07-12,89.13261159,91.7227591,88.26922909,90.75725555,1849500,yfinance
2021-07-13,90.08883092,90.40447264,88.28779475,88.4734726,1580500,yfinance
2021-07-14,89.38324933,90.25591731,87.6472061,88.26921082,1604100,yfinance
2021-07-15,87.98142121,89.69890747,87.64721529,88.58486176,1278300,yfinance
2021-07-16,88.58485642,88.60342774,85.07562716,85.44697571,2313600,yfinance
2021-07-19,83.37672037,84.24938848,81.42714916,83.59024811,3398300,yfinance
2021-07-20,83.5531172,85.56767399,82.3183861,84.9642334,2471200,yfinance
2021-07-21,86.00400657,87.62865048,85.83690005,86.24538422,1832100,yfinance
2021-07-22,87.61009759,88.13926711,85.44699828,87.12734222,2838700,yfinance
2021-07-23,88.14854356,88.37135699,85.95759439,87.5729599,1847900,yfinance
2021-07-26,88.05570134,90.87794084,87.91644472,90.75725555,3235800,yfinance
2021-07-27,89.28112519,91.90840763,87.96284468,91.33281708,2848300,yfinance
2021-07-28,91.29569512,92.92962459,89.43895933,92.2797699,3063200,yfinance
2021-07-29,93.57020263,96.83805456,93.30097509,96.03965759,4246000,yfinance
2021-07-30,95.380515,97.45077851,94.81421002,96.56882477,4793900,yfinance
2021-08-02,97.20012663,98.33273672,94.44287962,94.76780701,3531700,yfinance
2021-08-03,94.97202162,99.09396953,94.22932461,99.02898407,3524800,yfinance
2021-08-04,98.40699888,99.01972511,97.25582465,97.38579559,2499900,yfinance
2021-08-05,97.00514116,98.16560081,94.1086384,94.23860931,5150600,yfinance
2021-08-06,95.71471148,97.6642823,95.19482782,96.83803558,2668300,yfinance
2021-08-09,96.24389393,100.84859765,96.03965187,100.05948639,4780400,yfinance
2021-08-10,100.35657186,110.41079824,100.32872195,109.64025116,8317800,yfinance
2021-08-11,113.19589456,115.09905153,110.24368446,113.92930603,9300900,yfinance
2021-08-12,113.32587416,116.94651054,111.6919446,116.26879883,5215000,yfinance
2021-08-13,115.41466995,119.58303886,115.36824873,117.13214874,4748700,yfinance
2021-08-16,115.18260706,115.60036979,110.8471306,115.37756348,4085200,yfinance
2021-08-17,114.36563016,115.47038302,109.17605054,111.00493622,4321300,yfinance
2021-08-18,110.03016026,114.38420798,109.4545767,112.11898804,2816700,yfinance
2021-08-19,108.38695143,110.09514495,107.65353995,109.01824188,3438200,yfinance
2021-08-20,109.53810342,110.70784871,107.41214053,108.08056641,2871800,yfinance
2021-08-23,109.63094993,112.53674568,108.86041004,111.246315,2594100,yfinance
2021-08-24,114.839096,116.93720924,113.72505745,114.42133331,2479900,yfinance
2021-08-25,114.30065798,114.98764824,111.11635581,111.36701202,3463000,yfinance
2021-08-26,112.02615204,112.91738436,109.58454703,109.60311127,2291800,yfinance
2021-08-27,110.5036236,112.51818012,110.4757737,111.26488495,2430100,yfinance
2021-08-30,112.43461436,114.56986294,111.07919835,112.36962891,3042500,yfinance
2021-08-31,112.10042723,112.33251921,107.97847137,109.13893127,3543700,yfinance
2021-09-01,108.42408646,108.96254153,105.23049866,107.93205261,3168100,yfinance
2021-09-02,108.30339951,108.88826872,106.45594235,107.02224731,2035600,yfinance
2021-09-03,107.69065478,108.08056752,105.75036966,105.88034058,1879800,yfinance
2021-09-07,105.83393582,107.9506134,105.56470829,106.53949738,2918100,yfinance
2021-09-08,105.94533821,105.99175235,103.63369723,104.14430237,2310800,yfinance
2021-09-09,104.28354901,105.2769022,103.34589562,104.50635529,1712300,yfinance
2021-09-10,105.37904272,107.89491889,104.07004058,104.20929718,2288300,yfinance
2021-09-13,105.21193334,105.50901078,99.18682071,101.37776947,3494000,yfinance
2021-09-14,101.61914005,101.81409644,98.23988178,98.592659,2852700,yfinance
2021-09-15,100.27300342,101.99048235,99.45603526,101.77695465,3266700,yfinance
2021-09-16,101.05284352,102.58465196,99.85524809,101.95336151,3306600,yfinance
2021-09-17,101.14568211,101.25708881,96.5873993,97.37651062,7501700,yfinance
2021-09-20,90.81294517,91.7505987,87.65649298,89.9402771,6527500,yfinance
2021-09-21,90.80365493,90.87792606,86.64457103,89.31826782,4438100,yfinance
2021-09-22,91.44421796,93.21740366,90.03310218,90.21877289,3692700,yfinance
2021-09-23,90.56229071,94.17364125,90.56229071,92.2797699,3986100,yfinance
2021-09-24,91.68560152,95.50119357,91.30496734,93.69087219,3356400,yfinance
2021-09-27,93.43094472,96.72665359,93.43094472,96.4759903,2844800,yfinance
2021-09-28,96.05823553,96.83806123,93.26384594,95.54763031,2421600,yfinance
2021-09-29,96.65205925,97.50953715,92.37402057,93.00780487,2370600,yfinance
2021-09-30,93.86527741,94.82527267,91.75887557,91.79615784,2544600,yfinance
2021-10-01,91.7495841,92.39268381,87.42493961,91.01327515,4788700,yfinance
2021-10-04,91.33946928,92.82140215,89.41947863,90.20238495,3073800,yfinance
2021-10-05,90.81754555,92.49520526,89.66181636,91.99190521,2395400,yfinance
2021-10-06,88.89754511,90.74297856,87.6859032,89.46608734,3402200,yfinance
2021-10-07,91.74958154,93.96782358,91.25560384,92.22491455,3234200,yfinance
2021-10-08,92.37404339,93.31540128,90.90142552,91.31152344,2448400,yfinance
2021-10-11,93.15694494,94.96509608,91.86141617,91.91734314,2378300,yfinance
2021-10-12,92.27152196,94.0051087,91.66569741,92.83074188,2194000,yfinance
2021-10-13,93.41791416,93.90256946,91.83344967,93.52043152,2692900,yfinance
2021-10-14,94.56430922,96.7639133,93.82800042,94.34994507,2386300,yfinance
2021-10-15,95.78526176,97.29516146,94.7413868,94.86254883,2489300,yfinance
2021-10-18,92.70958075,95.70141412,92.08511861,95.56160736,2687600,yfinance
2021-10-19,95.35656124,96.43772596,93.81870817,96.27928162,2190700,yfinance
2021-10-20,95.89713099,99.30838429,95.05829762,98.01285553,3660500,yfinance
2021-10-21,93.41792395,95.50568154,91.3394816,95.13286591,4479400,yfinance
2021-10-22,95.19810934,96.85713146,93.94918513,95.37519836,3153400,yfinance
2021-10-25,96.13013318,102.51457442,95.2726623,101.98331451,4507900,yfinance
2021-10-26,102.29089247,106.3172854,99.87692403,103.85671234,5641700,yfinance
2021-10-27,102.2536205,105.57166482,100.29634724,100.84624481,3158700,yfinance
2021-10-28,101.61051993,103.66100256,101.38683338,101.95537567,2993500,yfinance
2021-10-29,103.68895955,107.08156853,103.21361941,104.06177521,5369700,yfinance
2021-11-01,105.19885974,105.20817497,99.54140398,101.79692841,4552500,yfinance
2021-11-02,100.42681607,100.96739832,99.00080302,99.93283844,3297300,yfinance
2021-11-03,100.01672563,103.42797892,99.26177916,102.75691223,3140600,yfinance
2021-11-04,102.78485565,106.32659277,102.71029112,104.20155334,3557100,yfinance
2021-11-05,104.72350806,107.71534112,103.80079492,104.57437897,3130900,yfinance
2021-11-08,110.04543229,111.21047668,107.37048782,108.3398056,4202300,yfinance
2021-11-09,106.50368395,107.21203286,104.31340214,105.69281769,3173400,yfinance
2021-11-10,104.02448038,106.33592439,102.17904701,102.85943604,3212100,yfinance
2021-11-11,104.41593236,107.79922566,104.38797244,105.66486359,3301500,yfinance
2021-11-12,105.54369933,107.072237,104.38797729,104.61166382,3011600,yfinance
2021-11-15,103.82874365,104.67689215,101.14447718,102.48661041,3568500,yfinance
2021-11-16,102.62642729,105.21748479,101.72235174,104.10836029,3187200,yfinance
2021-11-17,103.41866128,104.55574576,101.64779235,101.69439697,2834600,yfinance
2021-11-18,101.87148083,104.96583834,101.75031166,104.10836029,2590400,yfinance
2021-11-19,103.80079019,106.54096957,103.14836111,105.18019867,2879500,yfinance
2021-11-22,106.03767873,113.2236789,106.03767873,111.53668976,5089100,yfinance
2021-11-23,111.65783291,113.76422759,109.29046238,111.26637268,3831700,yfinance
2021-11-24,111.285028,112.4407499,107.74329064,107.92037964,2649300,yfinance
2021-11-26,102.87805791,107.55687928,101.82486054,106.23339081,2825900,yfinance
2021-11-29,107.53825173,109.04815178,104.3972967,104.45321655,2854000,yfinance
2021-11-30,103.65168239,104.90061384,98.63733322,99.03810883,6881700,yfinance
2021-12-01,100.88351245,103.25088328,97.50954876,97.57479095,4309000,yfinance
2021-12-02,98.2738298,102.0299319,97.9942163,100.2497406,2945000,yfinance
2021-12-03,101.44275427,104.85400808,100.90217901,102.98993683,4211200,yfinance
2021-12-06,104.50912008,105.47843768,102.62641182,102.74757385,3084800,yfinance
2021-12-07,105.8046501,107.71532541,105.12426827,106.26135254,2498700,yfinance
2021-12-08,107.51030025,107.63146942,104.62099144,105.14292908,1722700,yfinance
2021-12-09,104.18291603,105.5530092,101.91806972,105.21747589,1968200,yfinance
2021-12-10,106.39187048,106.89517059,102.85013218,105.5157547,1890000,yfinance
2021-12-13,106.25205076,108.63805945,103.8287598,107.69670868,2591500,yfinance
2021-12-14,107.63146351,112.81357866,106.81126771,110.37164307,3672500,yfinance
2021-12-15,105.31068965,106.70874291,96.34451265,100.86488342,8675100,yfinance
2021-12-16,103.69827086,108.05087491,103.58642404,106.15884399,4963900,yfinance
2021-12-17,106.00972069,110.63261613,104.77011882,109.98019409,7103200,yfinance
2021-12-20,107.68738263,108.79650716,102.66371185,103.57710266,3248700,yfinance
2021-12-21,104.60233562,105.53437102,103.38136442,104.87261963,2515100,yfinance
2021-12-22,105.09633044,106.48506142,104.38798143,105.91651917,1095600,yfinance
2021-12-23,105.98174975,107.0908742,104.9844721,106.53165436,1191900,yfinance
2021-12-27,106.92312535,109.0295278,105.81400071,108.72195435,1550600,yfinance
2021-12-28,106.52234865,107.88311976,105.32934423,106.67147064,1524600,yfinance
2021-12-29,107.09088057,107.70602031,105.55302057,107.08155823,1079000,yfinance
2021-12-30,107.33429556,109.16906893,106.40754222,106.57604218,1348400,yfinance
2021-12-31,106.68839546,107.32495017,105.32167652,106.85689545,1298900,yfinance
2022-01-03,107.54960331,110.69493132,105.20932992,105.81780243,2243200,yfinance
2022-01-04,106.78198884,110.29239876,105.48079747,109.59031677,2924300,yfinance
2022-01-05,110.81663753,118.57698597,110.64813754,114.87935638,7732200,yfinance
2022-01-06,115.70311006,116.05883617,108.98184489,109.15034485,4619400,yfinance
2022-01-07,109.99285711,110.21752137,106.24841942,107.12836456,3521200,yfinance
2022-01-10,106.71648485,107.75556699,103.40265631,104.71321106,3050200,yfinance
2022-01-11,102.97204093,103.82390396,100.5568768,103.75836945,4253700,yfinance
2022-01-12,105.58378097,107.97085567,104.3106716,107.39047241,2869000,yfinance
2022-01-13,106.71649151,108.74784758,105.115745,105.5182724,2325200,yfinance
2022-01-14,104.73192062,105.57442054,102.44781847,103.73964691,2428900,yfinance
2022-01-18,101.51171684,101.79254541,98.64721691,99.88288116,3056100,yfinance
2022-01-19,101.56787398,101.96103823,96.9996625,97.58940887,2742100,yfinance
2022-01-20,96.88732363,99.70501495,93.64838594,93.92921448,4079300,yfinance
2022-01-21,92.40335583,92.4688832,86.95519954,87.10498047,5790000,yfinance
2022-01-24,84.4745141,89.78226006,82.84568567,89.22058868,6443900,yfinance
2022-01-25,87.1611573,89.32356799,86.3373835,88.17215729,3402500,yfinance
2022-01-26,89.40781056,89.8945843,85.83187294,87.0956192,3590200,yfinance
2022-01-27,91.03663714,92.68419165,89.22994576,90.55921936,5494000,yfinance
2022-01-28,91.64510633,94.15387966,90.51241488,93.41435242,5878600,yfinance
2022-01-31,93.03054109,96.35373201,92.74034948,94.9214859,5601400,yfinance
2022-02-01,96.80307582,100.79089669,96.80307582,100.59431458,4530900,yfinance
2022-02-02,100.63176519,105.54633976,99.24632007,104.82553864,4429100,yfinance
2022-02-03,104.29195671,107.6432231,103.50562106,105.07828522,3453600,yfinance
2022-02-04,105.36847298,107.03474659,103.09372683,104.15153503,3354100,yfinance
2022-02-07,105.61186814,106.31395023,102.22314935,104.02048492,2414000,yfinance
2022-02-08,105.03148096,109.38439148,104.68512502,108.18617249,4273400,yfinance
2022-02-09,108.24231415,112.65138803,107.8772321,112.40800476,4067900,yfinance
2022-02-10,110.98513787,115.47846624,110.4796379,113.82154846,3280400,yfinance
2022-02-11,111.43444228,114.29893421,110.32047003,110.84469604,3304700,yfinance
2022-02-14,111.39702186,112.28632296,109.07546734,109.85243988,2348700,yfinance
2022-02-15,110.12389896,114.23341827,109.52478957,113.81217194,1944300,yfinance
2022-02-16,113.2130869,116.44266187,112.9228881,114.82319641,1941800,yfinance
2022-02-17,113.73727738,115.6843864,112.6139491,113.21305847,2190700,yfinance
2022-02-18,113.82154498,116.13373647,113.59688071,115.07593536,2243600,yfinance
2022-02-22,114.88872899,116.9762493,110.62942765,111.12556458,4220600,yfinance
2022-02-23,112.22079426,113.39093103,109.73074692,110.44219208,2377700,yfinance
2022-02-24,106.41691761,113.53134767,105.0127535,113.17562866,2937300,yfinance
2022-02-25,113.93388616,122.16228951,113.93388616,121.74104309,4722500,yfinance
2022-02-28,120.58962879,125.79439516,120.0092312,123.21072388,4076500,yfinance
2022-03-01,124.47447737,128.2095593,120.14965619,122.63034058,3765000,yfinance
2022-03-02,124.57746112,130.24092678,122.11548842,129.19247437,3691100,yfinance
2022-03-03,130.48429772,131.28935243,126.98324318,128.74313354,3385300,yfinance
2022-03-04,127.19852419,130.02556372,125.75690801,129.85707092,2780600,yfinance
2022-03-07,128.86483931,129.85711311,121.92826437,123.47283936,3623000,yfinance
2022-03-08,122.41503721,123.36050262,117.57534591,117.91234589,3593500,yfinance
2022-03-09,118.80165208,122.83628147,117.95915216,121.70358276,3852200,yfinance
2022-03-10,121.74106235,125.62591167,120.69260983,125.02680206,2691800,yfinance
2022-03-11,124.21234992,129.41711554,122.75202165,126.60878754,2683200,yfinance
2022-03-14,126.87091532,127.65724384,121.03895732,123.61325836,3184400,yfinance
2022-03-15,121.0857634,127.19855698,120.4585575,126.86155701,2977600,yfinance
2022-03-16,128.05039431,131.78547584,123.39794389,126.47773743,2845500,yfinance
2022-03-17,125.48546048,127.51681604,121.73165287,126.30922699,3989800,yfinance
2022-03-18,126.55265071,127.53556858,123.59454114,127.4606781,6600400,yfinance
2022-03-21,129.06139001,135.38949828,129.06139001,133.62960815,3825200,yfinance
2022-03-22,134.49085631,137.85148614,133.03988366,134.79977417,2935600,yfinance
2022-03-23,134.79979761,139.62075688,134.69682498,137.73918152,3445800,yfinance
2022-03-24,138.43187565,144.44169685,138.001259,143.71153259,3966100,yfinance
2022-03-25,142.56011042,147.61511033,141.97037115,147.54957581,3524100,yfinance
2022-03-28,145.62117053,146.30452637,141.04359631,144.02043152,2431700,yfinance
2022-03-29,139.86410466,140.9780771,135.31461254,140.88446045,3362200,yfinance
2022-03-30,141.91765291,143.34527214,138.58338368,140.38670349,2158000,yfinance
2022-03-31,140.29274744,144.61321016,139.50379787,139.61650085,2972400,yfinance
2022-04-01,142.06786658,144.1341832,138.16068227,140.18940735,2252500,yfinance
2022-04-04,140.4242228,141.03473068,138.77118374,140.43362427,1872200,yfinance
2022-04-05,140.53697833,144.55688126,138.85574874,139.75741577,3068400,yfinance
2022-04-06,138.76180572,141.4667776,134.31923877,137.58776855,3253800,yfinance
2022-04-07,136.65791512,142.63141631,136.65791512,141.739151,2578800,yfinance
2022-04-08,142.744128,144.39718147,140.70600124,141.5982666,2624900,yfinance
2022-04-11,142.30266805,146.70765706,141.26952411,143.51428223,2325800,yfinance
2022-04-12,145.35522391,150.68065608,144.40660681,147.68452454,2490200,yfinance
2022-04-13,149.15907674,153.92097853,147.29940582,153.31047058,2777200,yfinance
2022-04-14,154.02429074,156.70108691,153.83643333,155.27346802,2497600,yfinance
2022-04-18,155.72429432,161.61326882,155.60218986,159.97900391,2680000,yfinance
2022-04-19,158.37291413,161.80111128,156.18450712,161.3878479,2906700,yfinance
2022-04-20,159.89451875,162.48678837,157.50886655,158.9646759,3599700,yfinance
2022-04-21,161.06849391,176.4812412,159.1054931,164.91932678,7848700,yfinance
2022-04-22,165.5392274,165.9055264,150.21099249,151.26293945,4993900,yfinance
2022-04-25,147.57177746,152.42759367,143.26071624,148.92427063,5406400,yfinance
2022-04-26,148.68008481,151.77014464,145.65576361,147.48725891,3642200,yfinance
2022-04-27,151.64802335,152.18337679,145.91871683,149.328125,3270400,yfinance
2022-04-28,150.12644864,152.0518721,144.9982633,150.88722229,2675400,yfinance
2022-04-29,152.76569508,153.96790787,143.97450508,145.3739624,6063900,yfinance
2022-05-02,145.0921773,145.61814355,136.58275984,140.87504578,3789100,yfinance
2022-05-03,141.2226066,144.33145524,140.69664016,142.91322327,2560000,yfinance
2022-05-04,143.10103349,145.74965371,138.84632422,145.13916016,2206600,yfinance
2022-05-05,144.61321022,145.4021598,130.21481599,132.26234436,3674700,yfinance
2022-05-06,131.49215533,131.81148998,126.20428764,128.2518158,2818800,yfinance
2022-05-09,124.41037989,126.9368959,121.43300895,122.12804413,4802200,yfinance
2022-05-10,124.71092879,125.06784069,119.7517967,121.65843201,2968500,yfinance
2022-05-11,123.22694912,123.89380859,118.14571954,118.31478119,2460500,yfinance
2022-05-12,116.39876043,119.24462585,114.81145963,117.06561279,3342000,yfinance
2022-05-13,117.40371718,119.91145886,116.07939981,116.26725006,3377600,yfinance
2022-05-16,114.75508387,115.93851528,109.03517133,112.47275543,5034300,yfinance
2022-05-17,115.09320204,118.02360112,112.36004032,117.4694519,3727300,yfinance
2022-05-18,116.44570644,118.82195654,111.20480277,111.93740082,2382400,yfinance
2022-05-19,111.90922408,115.96669623,110.61308246,113.37442017,2310100,yfinance
2022-05-20,115.71309008,117.01861872,109.6456674,112.67938232,2869500,yfinance
2022-05-23,115.6661546,119.75180291,113.92858085,118.63411713,2613700,yfinance
2022-05-24,116.30483587,117.95787528,113.63741933,116.67113495,2056800,yfinance
2022-05-25,115.67555204,121.49877425,114.58604197,120.84131622,2221200,yfinance
2022-05-26,122.09985728,125.77224874,120.93520733,124.98329926,2015100,yfinance
2022-05-27,127.08718615,129.61371669,124.53247987,129.36952209,1927700,yfinance
2022-05-31,127.30320029,129.36951731,123.61203407,124.41038513,6387400,yfinance
2022-06-01,125.05841658,126.10096202,120.08989826,122.76670837,1954500,yfinance
2022-06-02,124.54189064,126.11978999,122.72916948,123.63083649,1554500,yfinance
2022-06-03,121.43301582,123.39601702,120.15566988,120.88827515,1588000,yfinance
2022-06-06,122.53193932,122.71978243,119.80816401,121.60209656,1633300,yfinance
2022-06-07,120.69102221,125.87557441,119.90207266,125.65015411,2030700,yfinance
2022-06-08,123.6214231,125.06784503,120.99159109,121.96838379,1771500,yfinance
2022-06-09,120.21201632,120.29655073,116.00427096,116.14515686,2393000,yfinance
2022-06-10,112.96115481,114.61420112,111.58988029,112.86723328,2230000,yfinance
2022-06-13,108.8097632,108.93186765,104.21693037,105.44731903,3233500,yfinance
2022-06-14,106.13297272,108.74403055,105.74788505,106.80921936,2681900,yfinance
2022-06-15,111.14843969,113.64679414,106.58378993,109.38269043,3582400,yfinance
2022-06-16,105.85119275,107.99264266,104.038479,105.72909546,3040000,yfinance
2022-06-17,106.11416553,109.12909175,105.01526143,107.06278229,4626100,yfinance
2022-06-21,111.76834954,111.76834954,105.22191649,105.4379425,2527100,yfinance
2022-06-22,101.74677259,102.6578267,99.57714674,101.2865448,3090300,yfinance
2022-06-23,101.4367983,102.35724648,97.25722939,99.59590912,2211800,yfinance
2022-06-24,101.22079277,104.63959584,100.14068423,104.31085968,2804700,yfinance
2022-06-27,105.61635524,105.61635524,102.13181463,103.37159729,1941300,yfinance
2022-06-28,104.01030127,106.17053258,101.01416322,101.408638,1920500,yfinance
2022-06-29,102.22014274,102.28619443,98.34194795,100.25745392,1472900,yfinance
2022-06-30,97.70973641,99.64411118,96.47361611,98.5212326,2142400,yfinance
2022-07-01,98.36080593,101.05006296,97.19074461,99.68184662,1831000,yfinance
2022-07-05,96.24714337,98.74768334,94.48260982,98.70050049,2500400,yfinance
2022-07-06,97.10583906,100.84249264,96.79444946,99.93663788,3228500,yfinance
2022-07-07,103.79594666,106.11720061,102.21069919,104.25830841,3023600,yfinance
2022-07-08,105.63596359,105.63596359,101.40864176,102.86178589,1998200,yfinance
2022-07-11,101.34259631,105.81525631,101.34259631,101.74834442,2448400,yfinance
2022-07-12,101.74832893,105.29625763,101.2670912,103.01274872,2404100,yfinance
2022-07-13,101.58792606,104.24887637,101.00289177,103.52230072,1551900,yfinance
2022-07-14,100.49334749,103.01275645,99.79508588,102.25788116,2247700,yfinance
2022-07-15,103.17316212,104.2205581,101.54073907,104.09789276,1715700,yfinance
2022-07-18,106.48519836,109.702876,106.22099167,108.01383209,2833000,yfinance
2022-07-19,108.48564979,111.43911402,107.570357,110.61818695,2204300,yfinance
2022-07-20,110.75027572,111.97695075,109.03292493,111.10884094,2340300,yfinance
2022-07-21,116.14767008,121.3186062,114.35483662,121.27142334,3426000,yfinance
2022-07-22,121.91304603,123.34732123,112.54310321,113.09983063,3445200,yfinance
2022-07-25,114.53410778,116.15710011,113.4678429,115.34560394,1890900,yfinance
2022-07-26,114.58126807,117.27996276,113.83582373,116.35523224,1704000,yfinance
2022-07-27,116.26086689,120.72409467,114.73223346,120.14849854,2339300,yfinance
2022-07-28,120.76187009,124.58344384,120.29950114,123.04537201,2423900,yfinance
2022-07-29,124.57401817,128.44276774,123.33790505,128.14082336,3771500,yfinance
2022-08-01,126.91414117,128.21631317,124.9137147,127.25383759,1550000,yfinance
2022-08-02,126.20642869,126.86694544,122.01684475,124.68723297,2139700,yfinance
2022-08-03,124.80992461,125.54593115,123.4794457,123.98898315,1530800,yfinance
2022-08-04,124.31923158,128.51824639,123.61153197,126.67823029,1678200,yfinance
2022-08-05,124.96086596,130.82062477,124.95143515,128.9334259,1471600,yfinance
2022-08-08,130.78289254,132.07561921,128.3672658,128.84851074,1891300,yfinance
2022-08-09,129.76380877,131.42453873,128.74471957,130.77345276,1530800,yfinance
2022-08-10,132.88710862,134.5289768,132.04730571,133.5098877,1668600,yfinance
2022-08-11,135.42538453,137.67114122,133.6325371,133.89674377,1607700,yfinance
2022-08-12,134.09491098,135.55749293,132.83992205,134.83091736,1112600,yfinance
2022-08-15,132.8116423,134.01001782,129.50904374,133.86846924,1663800,yfinance
2022-08-16,134.3025021,135.72733198,133.88731606,134.60444641,1034300,yfinance
2022-08-17,132.28320238,133.99111499,131.96238204,132.54740906,1067600,yfinance
2022-08-18,133.87789145,135.03851471,133.48158142,134.50065613,785900,yfinance
2022-08-19,132.7927641,132.86825379,128.76360428,130.37715149,1381500,yfinance
2022-08-22,128.31067144,129.74494689,127.31045815,127.77282715,1759600,yfinance
2022-08-23,129.2164929,132.32092832,129.02777592,129.70716858,1440100,yfinance
2022-08-24,128.23516403,131.23581787,127.66901298,130.33940125,1114100,yfinance
2022-08-25,130.9055566,136.10479914,130.9055566,136.07649231,1476100,yfinance
2022-08-26,136.47278329,137.85987553,132.50022355,132.58514404,1610300,yfinance
2022-08-29,131.11317011,133.55708978,129.65058775,131.68876648,1195500,yfinance
2022-08-30,131.54722972,131.6887639,125.93281472,127.57466888,1924200,yfinance
2022-08-31,127.59352918,128.55600473,123.68702772,125.44212341,2333200,yfinance
2022-09-01,122.89440703,123.2057966,119.56349467,123.04537201,2110200,yfinance
2022-09-02,125.21563982,126.71595944,122.6018654,123.40393066,1087900,yfinance
2022-09-06,123.611543,127.41424809,123.06425352,126.86695862,2076700,yfinance
2022-09-07,124.88538842,128.32952053,123.01705121,127.96151733,1389700,yfinance
2022-09-08,127.4331302,131.78312497,126.64994079,131.55665588,1489800,yfinance
2022-09-09,133.04753746,135.91607378,132.72671707,135.46315002,1636900,yfinance
2022-09-12,136.51054449,137.23712017,132.83051202,133.72692871,1416100,yfinance
2022-09-13,130.72627522,132.73614687,127.51804252,128.42390442,1705100,yfinance
2022-09-14,123.60209414,124.43245185,112.59972137,113.90188599,5548600,yfinance
2022-09-15,114.39255903,114.40198984,110.02368917,110.65589905,3278300,yfinance
2022-09-16,109.18389726,111.09940309,107.71188434,110.47663116,3869800,yfinance
2022-09-19,109.54246233,112.41100567,108.70265935,112.11849213,1728100,yfinance
2022-09-20,109.6179566,110.07088754,106.45689958,107.11741638,2324300,yfinance
2022-09-21,107.74963836,108.9857515,104.19226391,104.2677536,2553600,yfinance
2022-09-22,106.08888798,106.27760499,101.84269039,102.71080017,2436900,yfinance
2022-09-23,100.01210734,100.54052794,97.72859831,99.89888,1982200,yfinance
2022-09-26,98.65333287,100.25744918,97.05864737,97.55875397,2078900,yfinance
2022-09-27,98.98358979,99.88944445,97.89844891,99.35159302,1590300,yfinance
2022-09-28,98.73825037,101.352025,98.12490926,100.88965607,1555200,yfinance
2022-09-29,100.53891233,100.96552433,98.4342777,99.81840515,1425100,yfinance
2022-09-30,99.52449004,103.48726757,98.93670707,101.43003082,2251400,yfinance
2022-10-03,104.10348312,109.02377584,103.59154453,108.38859558,2398300,yfinance
2022-10-04,109.98129062,113.30888064,109.54519638,113.10979462,2198100,yfinance
2022-10-05,111.28010846,112.59787372,110.23727363,111.72568512,1612300,yfinance
2022-10-06,110.1424683,114.20004816,110.1424683,111.6877594,2171800,yfinance
2022-10-07,110.91985534,111.34646727,108.01887682,109.03327179,1923500,yfinance
2022-10-10,111.07155123,112.45567856,110.12351821,111.93425751,1285000,yfinance
2022-10-11,110.89140782,114.93002994,110.35102936,112.68318939,1655300,yfinance
2022-10-12,112.59785602,113.88718125,111.45073716,113.10979462,1316000,yfinance
2022-10-13,110.39842498,118.43774691,108.89105618,117.55607605,2177900,yfinance
2022-10-14,117.944769,118.23865687,111.89631486,112.54097748,1978400,yfinance
2022-10-17,115.35664109,117.93529168,115.0437885,115.74533081,1473500,yfinance
2022-10-18,118.39982667,119.26254007,116.32363233,117.99217224,1247700,yfinance
2022-10-19,117.7646434,119.37629638,115.48936309,115.5557251,2132600,yfinance
2022-10-20,111.25165965,119.85031779,110.04766105,118.42826843,3323800,yfinance
2022-10-21,118.81694865,128.51531982,118.76954412,128.51531982,3678600,yfinance
2022-10-24,127.86121875,128.67652779,125.40581651,127.74745941,2190600,yfinance
2022-10-25,125.90825091,129.4823391,125.66176755,129.41596985,1844200,yfinance
2022-10-26,130.15543357,132.64876479,127.98444454,129.8994751,1867300,yfinance
2022-10-27,128.92300693,130.29765183,127.75691598,128.45846558,1551400,yfinance
2022-10-28,127.41562249,129.87103882,125.44372669,127.0364151,2051800,yfinance
2022-10-31,126.07890007,127.88015679,124.21127411,124.55256653,2954700,yfinance
2022-11-01,127.98443053,129.26428062,123.81309192,127.51041412,1792800,yfinance
2022-11-02,126.17369125,127.15016395,121.90754333,122.03079224,1852000,yfinance
2022-11-03,120.95950738,124.15438791,119.98303471,122.07819366,1364600,yfinance
2022-11-04,127.28289812,130.2786857,125.03606467,126.61927795,1740100,yfinance
2022-11-07,127.93704125,129.23585621,126.18318901,127.33979034,1599000,yfinance
2022-11-08,128.14560912,131.66281765,126.03149974,127.50095367,1862100,yfinance
2022-11-09,126.66665618,128.31623837,123.94580682,124.25865936,1601800,yfinance
2022-11-10,129.19793252,132.16528035,127.78535818,131.80502319,2287200,yfinance
2022-11-11,134.52588012,136.49779054,130.67686836,131.54905701,2772800,yfinance
2022-11-14,130.50620932,137.24672365,130.11751237,134.81027222,2300500,yfinance
2022-11-15,136.79169717,138.08102283,135.67302499,136.56417847,2402800,yfinance
2022-11-16,134.18456096,135.86258312,133.3503019,134.24145508,1321200,yfinance
2022-11-17,131.7291573,134.86714362,130.07958945,134.71546936,1206400,yfinance
2022-11-18,135.65402143,135.80571016,131.435278,134.64910889,1600100,yfinance
2022-11-21,133.89069499,141.5887327,133.43564321,141.29483032,2644800,yfinance
2022-11-22,142.91599971,145.21023824,141.56979435,144.24324036,2507200,yfinance
2022-11-23,143.77863942,143.77863942,140.48896487,141.94892883,1233200,yfinance
2022-11-25,142.00583802,143.08659492,140.78288198,141.43702698,578000,yfinance
2022-11-28,140.11926945,141.4939143,138.67825535,139.86329651,1735300,yfinance
2022-11-29,141.92052525,143.15297094,138.76357389,139.35136414,1459400,yfinance
2022-11-30,140.10028702,142.36608485,137.49319681,142.15751648,3562100,yfinance
2022-12-01,142.18597172,144.10100224,141.31378318,141.49391174,1409100,yfinance
2022-12-02,139.80638922,146.34780934,139.57885616,146.18664551,2277000,yfinance
2022-12-05,145.589437,146.85979776,141.93002898,143.16246033,1786600,yfinance
2022-12-06,144.82149143,146.80289106,143.16243396,145.03005981,1644800,yfinance
2022-12-07,143.86401185,146.92615448,141.7973068,142.01535034,1829900,yfinance
2022-12-08,144.91629822,145.77901156,142.06272462,143.01075745,1298300,yfinance
2022-12-09,142.80216374,143.5605783,139.18067205,139.4271698,1239700,yfinance
2022-12-12,139.66421806,140.4795125,136.85803423,140.36575317,1266100,yfinance
2022-12-13,144.69830084,145.05854359,140.98201272,141.68354797,2056000,yfinance
2022-12-14,140.31836757,141.75938187,138.42230146,140.24252319,2064600,yfinance
2022-12-15,136.32715058,136.63051362,126.74253621,127.13123322,3334800,yfinance
2022-12-16,123.68987836,127.54836552,122.74184527,126.65722656,6122200,yfinance
2022-12-19,126.56239375,127.03641021,124.23971601,124.91281128,1676100,yfinance
2022-12-20,125.56695861,128.84715891,125.51955407,127.00797272,1727800,yfinance
2022-12-21,128.67649597,130.70528571,127.6147038,130.30711365,1888300,yfinance
2022-12-22,129.84260107,130.36400763,126.21163309,129.79519653,1369400,yfinance
2022-12-23,130.41141608,130.82855291,127.83276518,129.0083313,960100,yfinance
2022-12-27,130.02271291,131.66282032,128.67650786,129.44441223,1074500,yfinance
2022-12-28,129.72883444,129.72883444,126.78994077,127.21655273,1154600,yfinance
2022-12-29,128.14913817,128.66302257,126.5503593,127.10231781,836500,yfinance
2022-12-30,126.11262839,127.14992313,124.44724134,125.43695068,1138400,yfinance
2023-01-03,125.43693516,126.96909164,123.54316169,124.72319794,1653300,yfinance
2023-01-04,125.33226084,131.48943547,125.30371251,130.37600708,2183100,yfinance
2023-01-05,129.90020418,131.74640721,127.86367409,130.4236145,1712300,yfinance
2023-01-06,132.56478908,138.84566758,132.53624075,136.97091675,2092500,yfinance
2023-01-09,138.08432161,138.58869458,134.20159066,134.24917603,1670800,yfinance
2023-01-10,135.25795464,143.97505344,135.10568722,143.85134888,2801100,yfinance
2023-01-11,143.84185938,147.08698863,143.84185938,147.02989197,2274500,yfinance
2023-01-12,147.97200189,148.80944367,145.55480377,148.18136597,1698600,yfinance
2023-01-13,147.51523041,150.40825394,147.01085718,149.94194031,1330300,yfinance
2023-01-17,149.59933241,152.19733207,146.43033711,147.62942505,2028900,yfinance
2023-01-18,149.10445577,151.91183377,144.88865491,144.98382568,1769800,yfinance
2023-01-19,143.69913139,145.35500741,142.41439825,143.50880432,1389400,yfinance
2023-01-20,143.3850755,146.05920915,142.56665608,146.04969788,1564600,yfinance
2023-01-23,146.26851401,147.3819421,144.77443197,146.41127014,1246100,yfinance
2023-01-24,145.66903545,147.13456969,143.2232886,146.58261108,1688300,yfinance
2023-01-25,144.78396869,149.36140091,144.46041131,149.09494019,1552600,yfinance
2023-01-26,152.26393984,162.31335755,151.8832858,161.60914612,4133200,yfinance
2023-01-27,161.19040751,163.25548531,157.44090591,158.80175781,2383400,yfinance
2023-01-30,157.18396635,161.35219634,157.18396635,158.32594299,1592100,yfinance
2023-01-31,157.27916783,161.00963334,155.813619,160.84785461,3212700,yfinance
2023-02-01,159.63921572,167.2524123,158.06899974,166.51963806,2397900,yfinance
2023-02-02,166.73855469,168.56572042,163.48389986,168.13746643,2181000,yfinance
2023-02-03,167.909089,173.84737432,167.28099667,168.08990479,2211500,yfinance
2023-02-06,166.46255671,167.18580522,160.82879247,161.65672302,1999300,yfinance
2023-02-07,161.65672646,162.36095245,156.54637233,159.0967865,2108100,yfinance
2023-02-08,157.16495787,160.3054051,156.78430376,158.26887512,1369100,yfinance
2023-02-09,160.5908587,161.19040256,155.31872668,155.68034363,1649900,yfinance
2023-02-10,154.65258661,157.45996483,154.22434716,156.17523193,1481700,yfinance
2023-02-13,156.26089784,160.87640529,154.4051836,159.50602722,1722400,yfinance
2023-02-14,158.29739309,164.05487616,158.08802902,162.97950745,1878000,yfinance
2023-02-15,160.77171772,161.95175417,158.37355619,161.8565979,1354100,yfinance
2023-02-16,160.59087405,164.74957826,160.16263462,161.60914612,1372900,yfinance
2023-02-17,161.2855864,161.62818087,159.06824086,159.94377136,1229600,yfinance
2023-02-21,159.71538289,162.73211093,154.91905991,155.63279724,1333600,yfinance
2023-02-22,155.63277003,158.00238278,154.88097323,155.56616211,1411000,yfinance
2023-02-23,156.62248776,157.00314178,152.37812429,155.39485168,1140400,yfinance
2023-02-24,152.50185557,154.72871226,150.97921033,154.6716156,1316200,yfinance
2023-02-27,157.06026946,158.04999334,155.64232062,156.33702087,1272000,yfinance
2023-02-28,156.73671271,161.82804474,155.5947359,159.34423828,2330700,yfinance
2023-03-01,162.20866316,164.43551962,160.9524933,162.48464966,1805000,yfinance
2023-03-02,162.27531818,167.35712432,161.30463138,167.2809906,1445500,yfinance
2023-03-03,168.7179746,170.25013125,167.37615952,169.74575806,2106400,yfinance
2023-03-06,167.73777073,169.15573401,165.6060847,167.05258179,1842100,yfinance
2023-03-07,166.0533711,167.16679957,162.76065655,162.93196106,1358600,yfinance
2023-03-08,162.86532075,165.11121451,162.0754498,164.91136169,1125600,yfinance
2023-03-09,164.72104058,166.82419277,159.36326272,159.73440552,1322600,yfinance
2023-03-10,160.13411088,160.22926714,149.54224429,151.19812012,2466400,yfinance
2023-03-13,147.64844099,150.68420577,144.46042329,147.91490173,1968500,yfinance
2023-03-14,151.08390739,151.87377841,146.80148356,148.6857605,1652000,yfinance
2023-03-15,143.98462332,144.85062815,135.28654438,137.80841064,3214200,yfinance
2023-03-16,133.23096101,138.95037061,132.30785962,138.38890076,2848700,yfinance
2023-03-17,139.41669508,139.53088841,135.9146308,137.15176392,5407600,yfinance
2023-03-20,139.52137027,142.66181735,137.61807077,140.72044373,1940300,yfinance
2023-03-21,143.7276689,146.53503292,142.90924949,144.74594116,1758900,yfinance
2023-03-22,144.28909966,145.1646155,140.34927112,140.41589355,1407900,yfinance
2023-03-23,141.7862851,145.45965329,139.51184304,140.84414673,1645400,yfinance
2023-03-24,138.56971407,142.64277364,137.25643283,141.46272278,1493100,yfinance
2023-03-27,143.62298207,144.15590362,140.80610688,142.08131409,1349500,yfinance
2023-03-28,141.73867676,143.02339485,140.55862617,141.07252502,951700,yfinance
2023-03-29,143.47069263,143.64199711,141.45320006,142.67131042,1030600,yfinance
2023-03-30,144.70523035,145.52644318,143.65485134,144.53335571,1077700,yfinance
2023-03-31,145.29730048,147.99966389,144.78164734,147.50311279,1791900,yfinance
2023-04-03,146.70096957,149.27919099,146.09937923,147.48397827,1947200,yfinance
2023-04-04,146.4431805,147.02566895,135.50959962,137.34300232,2938000,yfinance
2023-04-05,135.21356714,139.16684441,134.91753652,136.9992218,2230800,yfinance
2023-04-06,136.54087402,139.72068619,135.49048036,138.96630859,2292000,yfinance
2023-04-10,138.97586888,144.05593398,138.81353795,140.21723938,1525400,yfinance
2023-04-11,142.69996366,143.90312993,141.87875077,142.01243591,1533100,yfinance
2023-04-12,142.58539377,143.69306451,140.38912519,141.0002594,1540700,yfinance
2023-04-13,141.58274295,142.40395588,139.43422226,140.20768738,1858200,yfinance
2023-04-14,139.90208685,141.32488998,138.87079537,139.5965271,1265600,yfinance
2023-04-17,140.05491323,141.36311906,139.31963756,141.0098114,1465800,yfinance
2023-04-18,141.92647902,144.50470043,141.78323559,144.26597595,1474300,yfinance
2023-04-19,142.44213799,143.1965156,140.45594833,140.95249939,1967600,yfinance
2023-04-20,143.71215562,151.20811109,142.76680131,148.70626831,3801300,yfinance
2023-04-21,147.64634282,148.02831081,143.57848207,146.52911377,2478400,yfinance
2023-04-24,145.68877888,148.40068541,145.28770895,148.04736328,1584700,yfinance
2023-04-25,145.36412305,145.79382425,141.20076705,141.27716064,1744600,yfinance
2023-04-26,141.48727833,141.80239652,137.19023601,137.98280334,2033500,yfinance
2023-04-27,138.80397768,141.8023569,137.68674873,141.6018219,1442200,yfinance
2023-04-28,140.37956661,141.80237004,139.11910867,141.49679565,1646400,yfinance
2023-05-01,142.23209462,143.17744916,141.01936974,141.33448792,915200,yfinance
2023-05-02,140.95249014,141.56362426,136.73184286,139.94984436,1782300,yfinance
2023-05-03,140.66600809,143.54980384,139.54877929,139.5965271,1490800,yfinance
2023-05-04,138.42202005,139.9498481,132.61623848,133.57113647,2831600,yfinance
2023-05-05,135.95839934,137.89684137,135.1085406,135.90110779,2149400,yfinance
2023-05-08,138.3074391,138.74669865,134.64063385,135.23266602,1124300,yfinance
2023-05-09,134.00084016,135.5191245,133.44699756,133.84805298,1622200,yfinance
2023-05-10,135.95837913,136.55041122,128.6438571,131.41305542,1812200,yfinance
2023-05-11,127.92771126,131.95738278,127.39297061,131.30804443,2507800,yfinance
2023-05-12,132.36799137,134.12501523,131.61362816,132.80725098,1432000,yfinance
2023-05-15,133.83852891,134.52605675,132.44437119,134.14408875,1164900,yfinance
2023-05-16,133.48521557,133.63800278,130.26721323,130.61097717,974400,yfinance
2023-05-17,132.74037428,134.01039045,131.6327036,133.34196472,1074100,yfinance
2023-05-18,132.21517258,134.1918037,131.19342481,133.95307922,1140800,yfinance
2023-05-19,135.07989973,135.4809552,131.65180427,132.41572571,1329100,yfinance
2023-05-22,132.87405757,134.34460873,132.04330093,133.64753723,1260800,yfinance
2023-05-23,131.11705384,131.53721132,127.5743901,130.74464417,1930600,yfinance
2023-05-24,130.05712268,130.05712268,126.65768766,127.35475922,1539400,yfinance
2023-05-25,127.5361948,129.32184968,126.80091914,128.61523438,1276900,yfinance
2023-05-26,128.95899668,131.19345483,128.60567446,129.99983215,992600,yfinance
2023-05-30,129.09267169,129.78974319,126.0751903,127.01098633,1074600,yfinance
2023-05-31,125.54045729,126.66723008,123.93622087,126.10384369,2394300,yfinance
2023-06-01,127.75579228,127.965871,125.95103571,127.03007507,1498300,yfinance
2023-06-02,132.1865175,135.47136881,131.68042275,134.91752625,2141100,yfinance
2023-06-05,134.64065033,137.18068311,132.08153007,134.58335876,1862900,yfinance
2023-06-06,133.00775841,137.47668937,132.63534871,137.03742981,1180400,yfinance
2023-06-07,137.16158019,141.7832841,137.16158019,141.25808716,1869000,yfinance
2023-06-08,141.87876739,142.78591771,138.52708016,140.21723938,1258400,yfinance
2023-06-09,140.37001184,140.60873635,138.10690815,138.9854126,1090800,yfinance
2023-06-12,138.46976663,142.30846102,137.38118339,141.78326416,1229400,yfinance
2023-06-13,143.23472302,147.56995423,142.61404505,147.40762329,1681900,yfinance
2023-06-14,148.88766936,149.68978005,142.77632902,143.84580994,1620400,yfinance
2023-06-15,143.24425174,145.87022139,142.81455053,144.36148071,1030100,yfinance
2023-06-16,145.05858005,145.72700584,142.70952421,144.58113098,3178700,yfinance
2023-06-20,142.88140656,143.35885561,140.866571,142.77636719,1191100,yfinance
2023-06-21,142.64267858,146.90151582,142.07927765,145.04901123,1203800,yfinance
2023-06-22,144.86757498,146.61502542,143.63574846,146.414505,1103800,yfinance
2023-06-23,144.50473382,147.5317591,144.0463868,146.85377502,1449500,yfinance
2023-06-26,147.66547713,150.9789755,147.43629628,148.36254883,1128600,yfinance
2023-06-27,149.15506068,154.30196018,149.00227351,153.51895142,1288600,yfinance
2023-06-28,152.210754,154.33062899,151.40864308,153.85317993,1730300,yfinance
2023-06-29,153.57539059,156.57370245,153.57539059,156.45875549,880200,yfinance
2023-06-30,157.28257743,157.61784427,154.94522518,157.08140564,1240200,yfinance
2023-07-03,156.8419088,160.10845431,156.15219788,158.64282227,765500,yfinance
2023-07-05,157.04310281,158.43209889,153.24011818,153.69992065,2577700,yfinance
2023-07-06,152.20553893,155.17512859,150.08850662,153.38378906,1913600,yfinance
2023-07-07,153.7095035,158.02976392,153.33591126,155.1368103,1560600,yfinance
2023-07-10,154.18845615,157.51246059,153.85317472,157.25382996,979400,yfinance
2023-07-11,158.11595523,161.45913686,157.40709624,161.25796509,1240500,yfinance
2023-07-12,162.84813165,165.05137401,162.35000387,162.53201294,1134800,yfinance
2023-07-13,163.68153524,163.82523354,161.85189959,162.13926697,904100,yfinance
2023-07-14,162.51285744,162.51285744,157.54121183,159.75402832,1153300,yfinance
2023-07-17,158.72904568,160.71196839,158.08723414,160.38626099,787500,yfinance
2023-07-18,160.01266545,164.55326018,159.80193424,164.07429504,1333400,yfinance
2023-07-19,162.85772772,162.9343639,159.08349455,160.08930969,1085100,yfinance
2023-07-20,160.83648242,161.0184915,157.90521821,159.0355835,1164900,yfinance
2023-07-21,159.41876495,159.66782157,156.48750045,156.93772888,1178400,yfinance
2023-07-24,157.84774373,160.70237175,156.79401462,159.6390686,1295500,yfinance
2023-07-25,157.07181769,166.91933908,156.60242663,165.60697937,1861900,yfinance
2023-07-26,162.80983053,164.78316449,159.73486802,161.80400085,1327400,yfinance
2023-07-27,161.11429859,162.78108795,160.31921469,161.3441925,1246300,yfinance
2023-07-28,161.89022189,163.43249027,159.35171243,161.83274841,979800,yfinance
2023-07-31,163.53785991,166.1721682,162.92478511,164.85021973,1719800,yfinance
2023-08-01,162.50332267,166.27757103,161.83277428,165.7219696,1268400,yfinance
2023-08-02,163.70071089,165.39625164,162.06264362,162.45539856,1726000,yfinance
2023-08-03,162.84813854,167.37914442,162.29253725,164.55325317,1468200,yfinance
2023-08-04,164.62992855,165.53995956,160.42461444,160.70240784,1299800,yfinance
2023-08-07,161.66989051,163.70069793,161.09512652,162.13926697,949400,yfinance
2023-08-08,159.80194639,163.35585977,157.87649705,162.76194763,1120500,yfinance
2023-08-09,163.53786506,164.35211168,161.89979779,162.25424194,1104500,yfinance
2023-08-10,162.84815228,163.58576271,157.41668919,159.26548767,1270600,yfinance
2023-08-11,158.70031029,160.44375044,158.31714402,159.51455688,1053500,yfinance
2023-08-14,163.26962756,167.15882188,160.44373636,164.80230713,2145200,yfinance
2023-08-15,163.22173964,163.67196804,161.13345865,162.12969971,1208200,yfinance
2023-08-16,161.7081933,163.8156368,161.37292651,161.39207458,895700,yfinance
2023-08-17,162.86733534,165.05141554,160.18512722,160.86524963,1174300,yfinance
2023-08-18,159.16968428,161.97641273,158.96851251,161.25796509,1051000,yfinance
2023-08-21,161.52621815,162.06265683,159.47624769,160.60661316,715100,yfinance
2023-08-22,162.07225102,163.30797484,160.98021092,161.3346405,1035700,yfinance
2023-08-23,160.83648987,161.79442016,159.6582397,159.9839325,1338600,yfinance
2023-08-24,158.13514072,159.80194475,156.20970602,158.07766724,1213900,yfinance
2023-08-25,159.17927607,159.64866718,156.25758574,158.44166565,1017900,yfinance
2023-08-28,158.46082724,161.2100825,158.17344523,159.91688538,942900,yfinance
2023-08-29,159.57204233,164.6107508,159.18886141,164.49580383,1047500,yfinance
2023-08-30,164.40958824,164.45747307,162.80984634,163.09721375,647100,yfinance
2023-08-31,163.48039548,165.19508435,162.62783806,164.8598175,1264700,yfinance
2023-09-01,166.67031119,167.56117942,164.11263884,165.31962585,977300,yfinance
2023-09-05,164.92684705,164.92684705,161.7369376,163.07804871,1446600,yfinance
2023-09-06,162.790688,164.67781198,158.87275632,161.50706482,1443500,yfinance
2023-09-07,159.99353444,162.49373329,159.61994218,161.79443359,1554400,yfinance
2023-09-08,160.85565047,161.62199762,157.60826742,158.00102234,1424800,yfinance
2023-09-11,160.45332079,161.48788724,155.22301507,156.30548096,1397900,yfinance
2023-09-12,155.39545702,158.15430101,154.13098199,156.1618042,1075000,yfinance
2023-09-13,156.14262796,156.25757491,153.36463613,154.3513031,1110200,yfinance
2023-09-14,157.26340691,158.90147406,155.85524827,158.56619263,1575500,yfinance
2023-09-15,155.405034,155.89358782,148.3834029,148.88153076,4859200,yfinance
2023-09-18,148.88151837,150.66326923,147.75116769,148.16307068,1643900,yfinance
2023-09-19,148.6707717,152.18637396,148.651609,151.5349884,1486800,yfinance
2023-09-20,152.82817229,153.39336219,148.68992157,148.85276794,1053500,yfinance
2023-09-21,147.33927048,148.15351715,145.01150665,145.1647644,1205000,yfinance
2023-09-22,145.7107884,148.59415354,145.48087986,146.68788147,1156200,yfinance
2023-09-25,146.43877997,149.20719757,145.97897758,148.71865845,1247900,yfinance
2023-09-26,147.93315854,148.94857687,145.12642998,145.3563385,1270600,yfinance
2023-09-27,147.10934699,150.71115925,146.17056487,149.15931702,1869700,yfinance
2023-09-28,149.62064555,152.75376983,149.34193932,151.61968994,1232200,yfinance
2023-09-29,152.78259216,153.52262643,149.72635607,150.26457214,1213600,yfinance
2023-10-02,150.37026435,151.7445988,147.82339896,148.75564575,1460200,yfinance
2023-10-03,147.51586842,150.49520144,147.42936025,149.89933777,1487900,yfinance
2023-10-04,150.28378954,152.07139553,149.13049866,150.82199097,1458300,yfinance
2023-10-05,149.92820458,151.58126032,149.28428392,150.34146118,1215800,yfinance
2023-10-06,150.46640041,152.63844653,148.14059293,151.11032104,1539200,yfinance
2023-10-09,151.11031021,151.64851161,148.08291997,149.60142517,1025100,yfinance
2023-10-10,150.63937847,152.66725374,149.7263426,149.83206177,1264100,yfinance
2023-10-11,150.21652021,151.57164395,147.37172239,148.83256531,1258800,yfinance
2023-10-12,147.42938148,147.43900164,140.69222896,141.80708313,2089400,yfinance
2023-10-13,140.97090629,143.20061417,139.18331539,141.33612061,1534800,yfinance
2023-10-16,143.72921839,144.2193629,142.22031889,143.20062256,879200,yfinance
2023-10-17,141.24964194,144.60380961,140.87482209,143.73883057,1097200,yfinance
2023-10-18,142.23953554,142.86423034,139.39473838,139.46202087,1575000,yfinance
2023-10-19,139.5389384,142.08578962,137.84743147,138.15498352,1762300,yfinance
2023-10-20,138.39526287,139.31790441,135.65618409,135.85801697,1570700,yfinance
2023-10-23,135.35826497,136.9152218,134.61824523,135.02189636,1807200,yfinance
2023-10-24,137.65519905,143.02763627,136.63645871,141.44184875,2139300,yfinance
2023-10-25,141.77823949,142.29721519,137.71286873,138.97189331,1565100,yfinance
2023-10-26,140.20209311,144.62304405,140.20209311,142.5375061,1891500,yfinance
2023-10-27,142.78740886,143.35444154,140.67302489,142.3453064,1491300,yfinance
2023-10-30,143.65235264,144.16172288,141.27848843,143.15258789,1201100,yfinance
2023-10-31,142.62399325,143.81573545,141.33615203,142.03773499,1454300,yfinance
2023-11-01,142.0377226,142.41254247,139.69270441,142.22994995,1724800,yfinance
2023-11-02,143.78689244,146.19919314,143.60428525,145.37266541,899800,yfinance
2023-11-03,147.0545725,149.11127929,146.36259501,146.38182068,1174800,yfinance
2023-11-06,147.4678538,149.18817747,146.37222514,147.16992188,1007300,yfinance
2023-11-07,145.93011023,146.86235725,145.21892175,145.54568481,1116200,yfinance
2023-11-08,145.17086784,148.16942719,145.17086784,147.00653076,1184000,yfinance
2023-11-09,148.50580407,148.50580407,144.74798488,145.27658081,1026600,yfinance
2023-11-10,145.68983917,147.03535744,144.36356124,146.67974854,915100,yfinance
2023-11-13,146.34335366,147.41015084,145.16121714,146.98727417,733200,yfinance
2023-11-14,148.9671169,150.21652146,148.00603873,148.94789124,1239700,yfinance
2023-11-15,149.43803187,151.20641197,149.3419182,150.47599792,820100,yfinance
2023-11-16,149.94742053,150.97576655,146.68936611,148.90945435,1334800,yfinance
2023-11-17,150.30302087,151.15837989,149.51494436,150.65861511,983100,yfinance
2023-11-20,150.81237205,152.56154121,150.73548404,150.93731689,856600,yfinance
2023-11-21,150.73550766,153.04210423,149.9858678,151.64852905,1021800,yfinance
2023-11-22,151.56199271,151.8887557,149.84166959,151.27366638,695000,yfinance
2023-11-24,151.44669611,151.84074167,149.65909017,151.04304504,435100,yfinance
2023-11-27,150.71629186,155.44479489,150.2934151,154.95463562,1349400,yfinance
2023-11-28,154.77200502,157.08820668,154.06081664,154.88734436,1472500,yfinance
2023-11-29,155.2621951,157.48228353,154.858544,157.40539551,1252600,yfinance
2023-11-30,158.2414743,164.13288667,157.7897665,163.35441589,5483700,yfinance
2023-12-01,164.79605361,166.08389468,163.16222387,163.77731323,2038800,yfinance
2023-12-04,162.42222201,163.67162665,160.81722312,160.88449097,1580600,yfinance
2023-12-05,160.3366491,160.3366491,157.17469418,159.30828857,1476700,yfinance
2023-12-06,158.69321857,160.35589432,155.69465945,155.92532349,1532000,yfinance
2023-12-07,156.48276208,157.85709689,155.2237373,156.8671875,1228100,yfinance
2023-12-08,156.28089259,158.63553073,155.5504786,155.78112793,928500,yfinance
2023-12-11,154.3299276,158.3664528,152.83064807,158.17424011,1321300,yfinance
2023-12-12,158.60671217,159.85611659,156.02140982,157.38613892,1063300,yfinance
2023-12-13,157.38614415,161.1631887,155.60815846,160.23094177,1469800,yfinance
2023-12-14,158.19347203,164.5654103,156.59807876,164.20021057,2399500,yfinance
2023-12-15,164.671115,168.69803451,162.90273485,166.09352112,3915600,yfinance
2023-12-18,168.8806584,171.235297,166.78550035,167.43904114,1994800,yfinance
2023-12-19,167.97724017,171.22568905,166.47796058,170.93736267,1718200,yfinance
2023-12-20,169.94743504,172.31167886,168.82297547,168.85180664,1543500,yfinance
2023-12-21,170.54330203,171.24488492,169.14974175,169.74560547,955900,yfinance
2023-12-22,170.11083712,171.94649995,170.09161145,171.12957764,927400,yfinance
2023-12-26,171.13917729,172.19635436,170.84123078,171.31216431,477000,yfinance
2023-12-27,171.18724526,171.89844841,170.37994309,170.94697571,855800,yfinance
2023-12-28,170.1661462,170.80237825,168.64301672,168.88401794,1002300,yfinance
2023-12-29,168.70082637,169.11534134,167.2741035,167.77537537,903600,yfinance
2024-01-02,167.43798239,170.17575226,167.10057485,169.11534119,1208000,yfinance
2024-01-03,166.7728359,171.63141378,166.23299555,170.21434021,1624200,yfinance
2024-01-04,170.17576541,171.2265271,165.75098693,165.87631226,1809100,yfinance
2024-01-05,165.26899262,166.40651127,163.75549795,164.43031311,1489800,yfinance
2024-01-08,163.94830402,166.65715517,161.25872238,166.53182983,1274700,yfinance
2024-01-09,165.03759361,165.69312443,160.92128963,161.09481812,2199000,yfinance
2024-01-10,161.09483676,163.03248104,160.68030706,162.78184509,1203300,yfinance
2024-01-11,162.78183721,163.52412496,160.68029927,162.13595581,824000,yfinance
2024-01-12,162.36732706,164.1025387,161.49009384,162.81077576,774100,yfinance
2024-01-16,162.8107857,164.93159352,161.56722586,164.65203857,1534700,yfinance
2024-01-17,163.24456651,165.50033417,162.50229342,162.9650116,1632700,yfinance
2024-01-18,164.32427242,164.64238107,159.93804743,160.41040039,2470000,yfinance
2024-01-19,160.39113089,162.15526152,159.34035443,160.78636169,1219500,yfinance
2024-01-22,160.09228123,164.62310076,160.06334755,164.30497742,1642900,yfinance
2024-01-23,165.87628981,168.04530031,165.52924754,165.5581665,1479600,yfinance
2024-01-24,166.58001673,167.47653405,165.13400967,166.4161377,1379600,yfinance
2024-01-25,167.70791696,169.30816847,166.37758563,168.41163635,1624200,yfinance
2024-01-26,168.89363286,170.86021083,167.85250594,168.79724121,1370600,yfinance
2024-01-29,169.18281932,170.71558322,166.89813297,170.28178406,2203700,yfinance
2024-01-30,171.5928627,183.87428974,170.51318198,182.10050964,3647800,yfinance
2024-01-31,182.10050671,184.08636902,179.84473894,180.20141602,3037400,yfinance
2024-02-01,181.17505089,183.03557295,178.5433221,178.93855286,2250100,yfinance
2024-02-02,178.91929063,178.91929063,176.2489933,176.78883362,2097100,yfinance
2024-02-05,175.56454792,176.64424329,174.70658424,175.74771118,1508800,yfinance
2024-02-06,175.67057979,176.72135614,174.55234547,174.82226562,1264900,yfinance
2024-02-07,175.78628038,181.05938779,175.78628038,179.50733948,1663700,yfinance
2024-02-08,179.22774985,180.64483792,177.91670289,179.58442688,1003900,yfinance
2024-02-09,179.84472367,180.36529447,178.4951229,179.82543945,1198700,yfinance
2024-02-12,179.88326267,181.22322847,178.89997387,179.40126038,1171800,yfinance
2024-02-13,176.85634231,177.09734353,171.80495143,173.01959229,1530700,yfinance
2024-02-14,173.74258359,176.13332612,173.22202746,174.54270935,1357900,yfinance
2024-02-15,174.88974579,180.26889423,174.26314856,179.65193176,1194000,yfinance
2024-02-16,180.08573092,182.75602828,177.98420755,178.90000916,1908000,yfinance
2024-02-20,177.01054153,178.57223917,176.10437474,177.36723328,1421600,yfinance
2024-02-21,177.36723044,177.91670547,176.22969724,177.72390747,885400,yfinance
2024-02-22,178.02274758,181.23288502,178.02274758,179.93147278,1259300,yfinance
2024-02-23,180.42312528,183.98030502,179.49767428,183.15126038,1095600,yfinance
2024-02-26,182.63071008,185.91797005,182.43791206,184.69367981,1298100,yfinance
2024-02-27,185.10818278,186.93015104,184.34661084,186.1685791,1234000,yfinance
2024-02-28,184.7804124,186.90123449,184.12489627,185.27206421,963300,yfinance
2024-02-29,185.69626669,186.35178295,184.26952886,185.37814331,1998500,yfinance
2024-03-01,185.51306683,187.98091651,182.30292942,183.83569336,1420100,yfinance
2024-03-04,184.1249008,185.82154381,179.63263529,180.42312622,1306500,yfinance
2024-03-05,178.91927799,179.98932379,176.50926624,178.14807129,1348000,yfinance
2024-03-06,179.47837439,181.16538249,177.80101575,178.00344849,1038200,yfinance
2024-03-07,179.64226584,182.14866901,178.92889713,179.70010376,945400,yfinance
2024-03-08,180.57736999,183.00665127,178.57223842,179.13136292,1210600,yfinance
2024-03-11,177.64680283,178.55296969,174.09927224,178.16737366,1169900,yfinance
2024-03-12,179.23740714,179.56517995,175.15967091,176.30683899,1073400,yfinance
2024-03-13,177.8106747,178.95784272,175.1403774,177.47328186,1825500,yfinance
2024-03-14,176.5381718,177.53109539,174.03175389,175.53559875,1487500,yfinance
2024-03-15,175.64166881,182.12941689,174.38845964,181.69561768,3369700,yfinance
2024-03-18,183.03556655,185.02141387,181.51243737,182.96809387,1083000,yfinance
2024-03-19,183.41154029,185.32028031,182.457185,184.07670593,1094800,yfinance
2024-03-20,184.05741293,187.64351165,182.9488134,186.53491211,1090200,yfinance
2024-03-21,187.98094788,190.1306746,186.26502041,189.3112793,1591500,yfinance
2024-03-22,189.85109769,190.85365616,187.21936884,187.44108582,873300,yfinance
2024-03-25,188.69429995,191.46098894,188.22193231,188.44364929,951100,yfinance
2024-03-26,188.61716624,189.79325317,186.84340109,187.07475281,1015600,yfinance
2024-03-27,188.50548359,192.01459039,188.09947355,191.94691467,859000,yfinance
2024-03-28,192.08224241,192.37225378,189.95551693,191.30888367,1051900,yfinance
2024-04-01,193.06827014,194.80832358,191.29921704,193.33894348,907300,yfinance
2024-04-02,193.19396357,193.30030059,189.74285602,191.76324463,1012000,yfinance
2024-04-03,192.06292044,196.13271214,190.73855325,193.48396301,1308600,yfinance
2024-04-04,194.40230722,195.67833653,191.67622112,192.46891785,819900,yfinance
2024-04-05,192.11125542,194.76000451,191.36691104,194.2766571,563600,yfinance
2024-04-08,195.34966692,195.70733924,193.06826684,194.18963623,912500,yfinance
2024-04-09,195.69772866,196.23907548,190.55490443,193.22299194,908600,yfinance
2024-04-10,192.42059379,192.42059379,188.96948644,191.57955933,806200,yfinance
2024-04-11,191.86954839,192.51723203,190.04249611,190.76751709,781900,yfinance
2024-04-12,190.67086604,192.36258175,186.59141327,188.05111694,1186200,yfinance
2024-04-15,190.5355447,191.2025517,186.33041656,187.54844666,855100,yfinance
2024-04-16,184.88037287,186.82342403,183.0243207,185.71173096,1142900,yfinance
2024-04-17,187.84812364,189.43350237,185.23803611,186.35940552,1152500,yfinance
2024-04-18,187.69343022,187.69343022,182.65694478,184.41633606,1051900,yfinance
2024-04-19,184.73535903,185.43138038,182.83096933,184.98669434,1622600,yfinance
2024-04-22,184.61936598,187.16177799,182.19296738,185.24772644,1609800,yfinance
2024-04-23,171.78166158,177.82350403,168.59156582,168.82357788,4855700,yfinance
2024-04-24,169.1715659,172.38099926,166.23282062,167.00616455,2587000,yfinance
2024-04-25,165.68179821,170.31225917,165.13078992,170.02226257,1623600,yfinance
2024-04-26,170.70862203,170.94063408,168.53355884,169.57759094,1253900,yfinance
2024-04-29,170.11893965,170.71830043,168.46589987,169.40359497,1198700,yfinance
2024-04-30,168.48522505,168.57223879,162.60773383,162.91706848,2179100,yfinance
2024-05-01,163.94174072,166.31981603,162.1436881,163.05238342,1254900,yfinance
2024-05-02,163.96109405,165.15012444,162.84940101,164.84078979,1303100,yfinance
2024-05-03,165.95248504,168.81390798,165.40147671,168.12754822,1054700,yfinance
2024-05-06,169.67428455,169.85795893,164.17378848,165.32415771,1588300,yfinance
2024-05-07,165.30478391,166.40681521,164.41542661,166.06846619,1400700,yfinance
2024-05-08,164.76345946,166.1071646,163.92243972,164.14477539,1247800,yfinance
2024-05-09,164.36710931,168.9395714,164.36710931,168.56256104,1230800,yfinance
2024-05-10,169.0748971,169.78059486,167.9245428,168.65922546,1149400,yfinance
2024-05-13,168.09855056,169.54859269,167.23819282,167.95355225,812200,yfinance
2024-05-14,168.64956381,169.5485828,166.25215033,166.87083435,1021600,yfinance
2024-05-15,167.441194,170.60227502,167.34451863,170.34127808,1467500,yfinance
2024-05-16,170.42827818,170.70861316,167.54753211,167.65385437,1215800,yfinance
2024-05-17,168.97823107,169.16190542,165.80747374,166.38748169,1245000,yfinance
2024-05-20,166.45516637,167.0738504,164.53143857,165.23712158,1474900,yfinance
2024-05-21,165.37246409,166.79349168,164.55076772,166.38748169,901500,yfinance
2024-05-22,165.32413665,167.13185107,164.56043955,165.401474,884300,yfinance
2024-05-23,165.78812376,166.38746969,164.78276786,165.81712341,950100,yfinance
2024-05-24,167.10283684,167.2381735,163.82574259,165.5657959,1056100,yfinance
2024-05-28,165.44981064,165.55614766,162.32739054,162.78173828,1571400,yfinance
2024-05-29,161.68936845,165.03413898,160.40366258,161.05136108,1337500,yfinance
2024-05-30,160.66464039,162.44335493,160.38430545,161.11898804,1380200,yfinance
2024-05-31,161.09965466,163.34239329,159.66895073,163.22639465,2484600,yfinance
2024-06-03,162.28873457,163.14909239,159.40797333,161.25436401,1442000,yfinance
2024-06-04,159.49496305,159.72696034,155.62818427,155.81184387,1643700,yfinance
2024-06-05,155.81184686,157.67757533,155.76352393,156.30487061,1251400,yfinance
2024-06-06,155.86017602,158.12225274,155.64750201,157.89990234,1081100,yfinance
2024-06-07,156.72054125,158.42193338,154.67115319,155.6378479,1674700,yfinance
2024-06-10,154.92248614,156.01485586,151.8484041,152.07073975,1707000,yfinance
2024-06-11,151.0460537,151.40372604,148.24264485,150.25335693,1784700,yfinance
2024-06-12,150.71736801,151.91605995,148.68730333,149.29632568,1282600,yfinance
2024-06-13,148.80329466,149.38331733,146.55090919,148.98696899,1226900,yfinance
2024-06-14,145.00420901,150.91071439,144.15351294,149.53800964,2206500,yfinance
2024-06-17,148.80331897,152.91177175,147.08260346,152.13842773,2168600,yfinance
2024-06-18,152.65079475,154.17817446,149.41236095,150.44673157,1726200,yfinance
2024-06-20,150.78502875,153.43377742,150.21468244,151.58738708,1262200,yfinance
2024-06-21,151.21040232,152.6991206,150.70771688,152.33177185,4060000,yfinance
2024-06-24,152.70879713,153.60781632,150.34039753,150.37905884,1634100,yfinance
2024-06-25,149.77967609,150.05034942,145.20721438,146.43490601,2105900,yfinance
2024-06-26,145.87423193,149.56701296,145.71957198,149.41233826,1616400,yfinance
2024-06-27,149.0256727,150.72705023,148.3876506,149.55735779,1208900,yfinance
2024-06-28,152.18626319,155.63974807,150.67293968,153.35035706,3517800,yfinance
2024-07-01,153.86450389,154.70846939,150.46922137,152.30267334,1475100,yfinance
2024-07-02,152.0213593,153.14664171,151.01246704,151.77883911,1143000,yfinance
2024-07-03,152.56459526,154.33984472,151.34228411,151.74002075,737500,yfinance
2024-07-05,150.89604224,151.33257555,148.70365058,149.23719788,1348100,yfinance
2024-07-08,149.1499206,149.83868447,147.33587427,147.90821838,1084000,yfinance
2024-07-09,147.17093232,148.64544416,145.74491268,145.75460815,1500000,yfinance
2024-07-10,146.58887933,149.17899274,146.4239674,148.77156067,1422900,yfinance
2024-07-11,150.20728296,155.3584088,149.99386404,154.20402527,1927800,yfinance
2024-07-12,155.62035143,157.5702084,153.98091261,156.28001404,1414600,yfinance
2024-07-15,158.13284419,162.00347138,158.12314871,159.93719482,1653500,yfinance
2024-07-16,158.94772645,161.819157,158.27836841,161.16920471,1457700,yfinance
2024-07-17,161.11100079,161.87735801,158.8216098,159.0932312,1323200,yfinance
2024-07-18,158.36566348,162.48850617,158.23954826,160.71325684,1490300,yfinance
2024-07-19,160.93637562,161.0818966,157.43438385,157.6381073,1564500,yfinance
2024-07-22,157.44409503,158.60818887,155.87255429,158.45297241,1434700,yfinance
2024-07-23,155.69796496,159.96631446,154.16523555,156.71655273,2212900,yfinance
2024-07-24,156.17327919,156.55161002,150.071464,150.1587677,2553600,yfinance
2024-07-25,151.64301377,154.21372156,150.2751965,152.32206726,1390700,yfinance
2024-07-26,152.19597088,157.56051633,151.65272802,156.07629395,1252600,yfinance
2024-07-29,155.46512366,156.06658374,153.34065941,154.64056396,1134300,yfinance
2024-07-30,154.44653851,155.9501516,154.02939616,154.65994263,835400,yfinance
2024-07-31,155.21290196,160.80056111,154.8830781,158.06494141,2438600,yfinance
2024-08-01,157.70604335,158.85073159,150.1005986,151.1191864,2517600,yfinance
2024-08-02,149.08198747,150.91545412,144.89124675,146.53068542,2175900,yfinance
2024-08-05,142.11681225,147.50076271,141.04002216,146.01654053,2011200,yfinance
2024-08-06,145.80313627,148.76188545,145.10467696,145.47331238,1180500,yfinance
2024-08-07,147.35525697,147.93731133,140.47738815,140.84602356,1725000,yfinance
2024-08-08,141.9713046,142.63095232,140.83629725,141.29223633,1204900,yfinance
2024-08-09,141.069122,141.8257837,139.23567022,140.79750061,954300,yfinance
2024-08-12,140.97216352,140.99155448,136.17025122,137.12094116,1651700,yfinance
2024-08-13,137.43131378,138.99314411,136.66495664,138.6051178,1141100,yfinance
2024-08-14,138.53722796,138.59543044,135.23895937,137.03359985,1218100,yfinance
2024-08-15,142.35932895,143.08688941,139.30358097,140.87510681,1478900,yfinance
2024-08-16,140.36097435,142.2041217,140.03115048,140.8848114,881400,yfinance
2024-08-19,140.86542817,142.35934597,139.02226592,139.75953674,1268400,yfinance
2024-08-20,139.75950983,140.27365133,138.58570587,139.10954285,752500,yfinance
2024-08-21,140.56467994,142.85407086,140.20575484,142.07801819,1019000,yfinance
2024-08-22,141.80638807,142.52425311,140.34157156,141.84519958,709500,yfinance
2024-08-23,142.65036507,143.63014121,141.65118317,143.31001282,947500,yfinance
2024-08-26,145.58002445,147.98582055,144.6584359,145.93894958,1226200,yfinance
2024-08-27,145.63822282,147.11273485,144.14429022,145.87103271,1388000,yfinance
2024-08-28,144.57111821,145.33749021,142.89288282,143.61073303,1126900,yfinance
2024-08-29,144.49351596,146.81200821,143.67865173,145.5315094,997600,yfinance
2024-08-30,145.65760825,147.73358031,145.57030454,147.36495972,1441400,yfinance
2024-09-03,145.28900744,145.51212188,139.62372424,140.10876465,1544600,yfinance
2024-09-04,139.59458729,141.04001266,137.02387972,137.47012329,1544700,yfinance
2024-09-05,138.12976646,138.53719851,134.49196447,135.42324829,1662600,yfinance
2024-09-06,135.2680583,137.37313169,133.78383598,134.63749695,1310500,yfinance
2024-09-09,137.36342842,139.21627125,136.52915845,136.70376587,1350700,yfinance
2024-09-10,137.02393078,137.04333655,133.90026902,135.43299866,1094800,yfinance
2024-09-11,134.36587578,135.01582808,129.42816844,133.64802551,1889700,yfinance
2024-09-12,134.72478614,136.52913649,133.5994892,136.39332581,1358100,yfinance
2024-09-13,137.12091298,140.79751232,137.12091298,139.29388428,1144800,yfinance
2024-09-16,139.95352717,140.4191617,138.04246727,138.682724,1390200,yfinance
2024-09-17,135.27775492,140.12815857,134.25916719,137.92607117,2296500,yfinance
2024-09-18,138.72153894,141.23404438,137.25672242,138.70213318,1426900,yfinance
2024-09-19,142.31083416,144.93004906,141.24375428,144.54202271,1939900,yfinance
2024-09-20,143.62044075,144.11517654,140.92361777,141.93249512,3915300,yfinance
2024-09-23,142.23323226,142.98019857,140.61319921,142.60186768,1486600,yfinance
2024-09-24,145.57030399,147.58807357,144.9688587,146.10385132,1465000,yfinance
2024-09-25,145.70609678,145.8710087,143.92115211,144.42559814,986100,yfinance
2024-09-26,147.62686683,147.97609645,145.40538864,146.08444214,1382300,yfinance
2024-09-27,147.0677529,148.39181113,145.81185182,146.16233826,895000,yfinance
2024-09-30,146.16233376,146.94117929,144.97457502,146.36677551,1415700,yfinance
2024-10-01,145.93839946,149.4627393,145.93839946,148.67414856,1262500,yfinance
2024-10-02,149.12199344,151.04966148,146.6880639,147.44744873,1547700,yfinance
2024-10-03,146.1234037,147.64217349,145.57820581,147.29168701,1715300,yfinance
2024-10-04,149.23881251,150.30001705,146.9411825,147.43771362,1036200,yfinance
2024-10-07,146.03575162,149.34588938,146.03575162,148.71307373,1208500,yfinance
2024-10-08,146.45440341,147.24300907,142.74509711,144.19572449,1702600,yfinance
2024-10-09,143.84523385,148.39181239,143.45581108,147.80767822,1291000,yfinance
2024-10-10,146.8633206,148.71310118,146.41547101,146.9119873,1055900,yfinance
2024-10-11,146.9898647,149.76455024,146.9898647,147.89529419,1594600,yfinance
2024-10-14,147.02881207,148.98568597,145.98708315,148.80070496,1075900,yfinance
2024-10-15,147.49611632,150.77704828,147.31113532,147.63241577,1843000,yfinance
2024-10-16,148.30420038,150.309756,148.30420038,150.19293213,1232000,yfinance
2024-10-17,150.70889727,154.10665289,150.40709243,153.91194153,2044600,yfinance
2024-10-18,154.9634286,155.27497872,152.96760335,154.05801392,1954000,yfinance
2024-10-21,154.35005562,155.00236175,151.30278621,151.98428345,2062400,yfinance
2024-10-22,149.37512105,149.78403429,139.02606244,142.16096497,5247000,yfinance
2024-10-23,142.13175111,143.60183917,137.78961439,137.91618347,2785500,yfinance
2024-10-24,138.12062136,140.20406434,136.70894528,137.60462952,1984600,yfinance
2024-10-25,138.56845815,140.61294975,137.70197995,137.73118591,1741400,yfinance
2024-10-28,139.44468673,144.32229102,138.85080733,143.82575989,1864700,yfinance
2024-10-29,143.48501933,145.402957,142.24857896,143.30976868,1707300,yfinance
2024-10-30,142.24856353,144.10808906,138.79238097,138.92868042,2094000,yfinance
2024-10-31,139.2207776,140.28196737,137.03997126,138.09143066,2299800,yfinance
2024-11-01,138.06222517,140.29171308,138.06222517,139.76597595,1106000,yfinance
2024-11-04,139.38625749,141.36260683,138.33479827,138.83132935,1345700,yfinance
2024-11-05,138.792383,141.35288139,137.59489393,140.78820801,1227600,yfinance
2024-11-06,160.33751875,166.0134433,155.92724033,163.30691528,7506300,yfinance
2024-11-07,163.63795307,163.96896392,156.63796932,156.91056824,2608900,yfinance
2024-11-08,155.66438894,156.66716667,153.33755302,154.64213562,1704800,yfinance
2024-11-11,155.77148308,156.91056027,154.46690048,154.85632324,2141800,yfinance
2024-11-12,153.33753118,153.88272891,147.75896992,149.82293701,2170600,yfinance
2024-11-13,149.45301966,150.60184224,147.42798829,148.17764282,2465100,yfinance
2024-11-14,147.72004428,148.17762421,141.88835874,142.51144409,1792500,yfinance
2024-11-15,143.48502191,145.53925908,142.53091081,143.19294739,1519600,yfinance
2024-11-18,143.11503604,144.57539355,142.07330722,143.35842896,1569000,yfinance
2024-11-19,141.25552174,142.30698102,139.91200283,140.85635376,1810000,yfinance
2024-11-20,142.05385314,145.97734598,141.6449548,144.25411987,2260600,yfinance
2024-11-21,144.08863343,146.86331914,142.73536915,146.02604675,1738900,yfinance
2024-11-22,145.63659015,149.19986621,145.63659015,147.90501404,1276300,yfinance
2024-11-25,148.82018376,152.34450887,148.50863366,149.38485718,2694000,yfinance
2024-11-26,151.04965531,152.80208748,148.313921,149.93005371,1728500,yfinance
2024-11-27,149.10250643,152.64630698,148.76176524,150.67970276,1098800,yfinance
2024-11-29,151.30279477,152.05243435,149.92032462,150.6018219,920700,yfinance
2024-12-02,152.66580075,153.44466121,151.35148766,152.23742676,1837300,yfinance
2024-12-03,154.10667559,154.29165662,150.55314442,150.88415527,2043700,yfinance
2024-12-04,150.40712369,150.78681612,144.29309353,145.36401367,2160900,yfinance
2024-12-05,145.06219877,145.07192914,139.57125439,141.72285461,2115800,yfinance
2024-12-06,142.51142981,142.52116018,138.54898587,138.80212402,1838800,yfinance
2024-12-09,141.03160158,143.23186835,139.55176839,140.75900269,1551600,yfinance
2024-12-10,140.17487466,140.67140582,135.92037031,136.84526062,1676200,yfinance
2024-12-11,137.30282788,137.30282788,134.06083205,134.78128052,2082700,yfinance
2024-12-12,132.0747765,133.15544198,127.19717144,127.93709564,2699300,yfinance
2024-12-13,127.30424822,127.30424822,121.69647978,121.93987274,2790700,yfinance
2024-12-16,120.72290232,122.7674016,119.75906832,120.87867737,3090900,yfinance
2024-12-17,118.68815225,121.44335505,116.28342851,117.7827301,3290400,yfinance
2024-12-18,118.27923658,119.90510714,114.46283689,114.8425293,2605800,yfinance
2024-12-19,115.27089146,116.94543599,112.24308286,112.72013092,2869000,yfinance
2024-12-20,111.63946737,114.80357546,110.92876417,113.49899292,10452500,yfinance
2024-12-23,113.42112,113.75213087,111.84393094,113.5282135,1668600,yfinance
2024-12-24,113.49899596,114.7549044,112.65198586,114.32653046,886500,yfinance
2024-12-26,113.63529872,115.91345311,112.68119512,115.50455475,1565300,yfinance
2024-12-27,114.96908697,117.1304175,113.6450362,114.18049622,1330800,yfinance
2024-12-30,113.64503716,113.64503716,112.13599793,112.79802704,1448600,yfinance
2024-12-31,113.44364889,115.11639644,113.17952653,114.16752625,1240000,yfinance
2025-01-02,115.23378184,116.09460874,111.88827936,111.98610687,1383100,yfinance
2025-01-03,112.35783112,113.54147096,109.80468811,112.93497467,2080200,yfinance
2025-01-06,115.67397446,119.16620325,115.45876588,117.99234772,3500000,yfinance
2025-01-07,118.12930121,120.76069573,117.620625,118.63796997,2223100,yfinance
2025-01-08,117.90430402,118.36406647,114.38272999,115.60549927,2360000,yfinance
2025-01-10,114.17731244,116.25112449,113.70776573,115.58594513,2647800,yfinance
2025-01-13,115.78158662,120.85852742,115.03814075,120.20311737,3023300,yfinance
2025-01-14,120.56505574,120.88786863,117.424985,119.09773254,2501700,yfinance
2025-01-15,121.56282923,121.59218196,119.27380869,120.39875793,2054600,yfinance
2025-01-16,121.20090574,121.49436592,120.05639536,120.67266846,1189100,yfinance
2025-01-17,121.5628387,123.39210439,121.11286045,121.81717682,1858500,yfinance
2025-01-21,123.74424625,124.95723124,121.40631207,122.34539795,2220400,yfinance
2025-01-22,122.02260097,123.08885976,119.00970286,119.43032837,2739800,yfinance
2025-01-23,119.42055421,121.6802297,119.16621608,119.40098572,3000000,yfinance
2025-01-24,121.29871918,121.82695644,118.71623092,119.50858307,2399900,yfinance
2025-01-27,120.01725884,120.58461814,118.52059036,119.3129425,3103900,yfinance
2025-01-28,119.31295331,125.00616758,116.70111955,123.79318237,4913300,yfinance
2025-01-29,123.988805,125.97458112,123.02037382,124.10619354,2738900,yfinance
2025-01-30,125.21159061,126.0430798,123.93990741,125.87677002,3125300,yfinance
2025-01-31,125.5246204,128.59621648,123.90077909,125.63220978,4010000,yfinance
2025-02-03,127.35386234,130.52327061,123.48013034,128.43968201,5054100,yfinance
2025-02-04,126.1897945,128.3712108,125.28006129,127.97015381,3320500,yfinance
2025-02-05,128.33209481,130.51351121,127.9016776,130.31787109,2669200,yfinance
2025-02-06,132.0199628,133.11555932,129.44725141,130.29829407,2891100,yfinance
2025-02-07,130.98304407,132.77318015,127.23649199,127.42234039,3571400,yfinance
2025-02-10,133.81987298,137.75230317,133.39923259,134.53396606,5613100,yfinance
2025-02-11,136.3241183,138.41749896,134.2698597,135.10134888,4278800,yfinance
2025-02-12,133.41879895,134.48505017,130.55263497,130.64067078,2827200,yfinance
2025-02-13,130.61133077,132.96881865,129.52551102,132.59710693,2423400,yfinance
2025-02-14,133.25250096,134.92524091,132.33297611,134.76873779,2108900,yfinance
2025-02-18,136.95016087,139.94349771,135.20893859,139.41526794,3061000,yfinance
2025-02-19,136.09913187,138.97508792,135.375247,136.72518921,2372000,yfinance
2025-02-20,137.19472802,139.49354049,136.14803024,136.90126038,1895700,yfinance
2025-02-21,137.64472024,138.30989966,131.98084369,132.28408813,2277600,yfinance
2025-02-24,132.36232104,134.18180225,130.89499797,133.21336365,1742200,yfinance
2025-02-25,133.21338266,133.81009473,130.5135132,133.11557007,2066700,yfinance
2025-02-26,134.56331285,136.37301737,130.68958809,131.63845825,1773300,yfinance
2025-02-27,132.09821537,134.10356014,131.3156549,131.87322998,1439100,yfinance
2025-02-28,132.25474249,134.57312355,131.12980055,134.47529602,3848100,yfinance
2025-03-03,136.61757383,137.06754458,129.11466309,131.14935303,3209200,yfinance
2025-03-04,129.14402076,129.75050963,123.67579197,126.68869019,4662000,yfinance
2025-03-05,128.22448761,130.47438621,127.19735836,129.60377502,2787100,yfinance
2025-03-06,128.61577034,130.5330793,126.66913104,129.1146698,2668100,yfinance
2025-03-07,129.89722815,132.43081761,128.66468201,130.80697632,3383900,yfinance
2025-03-10,127.73538425,129.22227602,122.98125623,123.93990326,3432900,yfinance
2025-03-11,123.93988886,129.08531144,123.38230638,127.07017517,3149300,yfinance
2025-03-12,126.69845709,129.98526128,125.80827753,128.00926208,2154700,yfinance
2025-03-13,127.7940845,130.90481784,126.32676111,126.73760986,1969300,yfinance
2025-03-14,129.00704651,130.19067874,127.64732776,129.21246338,2111300,yfinance
2025-03-17,127.63753327,128.10708738,124.82027578,126.67888641,3702500,yfinance
2025-03-18,127.16801818,127.64734916,125.65178114,126.98215485,2168100,yfinance
2025-03-19,127.50060508,128.65490713,126.29740419,128.19514465,1860800,yfinance
2025-03-20,126.67888641,127.82339657,125.58329001,126.67888641,2799400,yfinance
2025-03-21,122.51170551,123.82251815,116.96522549,119.35207367,10007400,yfinance
2025-03-24,124.23336138,126.61041774,122.76603821,124.62464905,4234100,yfinance
2025-03-25,124.50725932,125.96480569,123.86164101,124.78115845,2662000,yfinance
2025-03-26,124.12576065,126.2974002,123.82251625,124.52683258,2337400,yfinance
2025-03-27,123.25514498,126.05284172,122.16932525,124.69312286,2156000,yfinance
2025-03-28,124.71269566,125.14311288,119.20534492,119.29338074,2737200,yfinance
2025-03-31,117.91766594,118.64482278,115.08764465,118.25176239,2700200,yfinance
2025-04-01,117.83905527,118.5760407,116.24717154,117.58357239,1914500,yfinance
2025-04-02,116.01133756,121.30780589,116.01133756,120.89509583,2123600,yfinance
2025-04-03,116.31596531,116.57144821,107.63918772,107.88484955,4247500,yfinance
2025-04-04,104.36696924,104.76002966,98.0387182,101.4288559,3820000,yfinance
2025-04-07,97.49826158,106.20451683,95.89654176,103.14848328,4103300,yfinance
2025-04-08,107.59987369,108.8478324,99.78783106,101.880867,3178200,yfinance
2025-04-09,101.841561,114.74371677,100.68203694,113.49575806,4111100,yfinance
2025-04-10,110.41024459,110.60677104,104.2097429,107.54091644,2850600,yfinance
2025-04-11,107.80622804,110.05649113,105.51665817,109.30967712,1779400,yfinance
2025-04-14,111.11774985,111.87438492,108.68078144,108.89696503,2010400,yfinance
2025-04-15,108.42529633,110.81312949,108.22876987,108.56287384,1366600,yfinance
2025-04-16,107.40335027,109.67326308,105.92937935,107.05941772,1757500,yfinance
2025-04-17,107.12819832,110.21371754,107.01028545,108.58251953,2125600,yfinance
2025-04-21,107.43282256,108.0224094,104.08199194,104.81897736,1823500,yfinance
2025-04-22,106.23399685,107.97327922,104.72071916,107.71779633,1939300,yfinance
2025-04-23,111.61889187,113.83967664,109.20158066,109.98770142,1726600,yfinance
2025-04-24,109.39812349,113.74142267,109.29986026,113.28940582,1784100,yfinance
2025-04-25,112.80790331,114.24256735,112.28709399,113.71193695,1562700,yfinance
2025-04-28,113.7610746,116.1980432,113.13218092,114.54719543,2271000,yfinance
2025-04-29,113.11252972,117.07259709,111.02931478,116.70901489,3053500,yfinance
2025-04-30,113.03390649,117.60321748,112.79807326,117.29859924,2970000,yfinance
2025-05-01,117.91767238,119.76504655,117.32808552,117.64253235,1719100,yfinance
2025-05-02,118.72343524,121.7991183,118.19280485,120.83612823,2085700,yfinance
2025-05-05,119.48007274,120.75751714,118.33037729,118.39916229,1368400,yfinance
2025-05-06,116.96449791,118.04540836,114.71423487,114.82232666,2378500,yfinance
2025-05-07,116.00151111,116.00151111,112.03161531,113.15183258,2928900,yfinance
2025-05-08,114.0263904,115.12695804,112.50328412,113.4859314,2084100,yfinance
2025-05-09,113.88882732,114.78303249,112.26745772,113.22062683,1715200,yfinance
2025-05-12,118.38934474,120.27602567,117.26911997,118.03559113,2250300,yfinance
2025-05-13,118.74309565,119.26390502,116.65988818,116.89572144,1929100,yfinance
2025-05-14,116.63041395,117.62288235,114.54719891,115.06800079,1864800,yfinance
2025-05-15,113.56453558,113.99690274,112.08073622,113.45644379,2020100,yfinance
2025-05-16,113.1026988,114.32117931,111.91369651,114.14431,1833400,yfinance
2025-05-19,111.98248658,114.03622336,111.56977651,113.81021118,1630700,yfinance
2025-05-20,113.60384809,113.60384809,112.62120085,113.00443268,1198400,yfinance
2025-05-21,111.75647997,112.75877691,109.53569499,109.78135681,1959300,yfinance
2025-05-22,109.2605497,109.69290939,107.87501348,108.76922607,1526900,yfinance
2025-05-23,106.90219616,108.76922745,104.93690165,106.60739899,3908400,yfinance
2025-05-27,107.66865422,108.07154317,105.94902161,107.48194885,2620400,yfinance
2025-05-28,107.85536564,108.68078574,106.54844298,106.95132446,1548800,yfinance
2025-05-29,106.98079843,107.38367987,104.76001377,107.04958344,2437400,yfinance
2025-05-30,105.8802405,107.59987318,104.36696284,107.46230316,3548200,yfinance
2025-06-02,120.77718446,123.56789922,115.84429076,118.31073761,7457300,yfinance
2025-06-03,116.97432882,120.31533095,113.34835809,120.19741058,4854700,yfinance
2025-06-04,120.25638043,121.84827184,118.93963657,119.7454071,2248800,yfinance
2025-06-05,119.88297299,120.10898517,116.08995374,116.6893692,2429900,yfinance
2025-06-06,118.11418935,120.93438949,117.90783434,119.4604187,2061200,yfinance
2025-06-09,121.21936181,121.70085685,117.91766655,120.40376282,1642500,yfinance
2025-06-10,120.86561649,123.38119115,120.55116966,122.51646423,1881800,yfinance
2025-06-11,117.91766572,118.37951111,114.19343188,115.09746552,3617300,yfinance
2025-06-12,114.02639331,116.53213942,113.65299003,116.3945694,2132400,yfinance
2025-06-13,115.49052359,119.92226454,115.17607679,119.80434418,3304200,yfinance
2025-06-16,120.76734468,121.29797508,118.38934021,119.5586853,2517300,yfinance
2025-06-17,119.71591598,121.30779972,118.31073011,120.07949066,1855500,yfinance
2025-06-18,124.27540899,126.85977627,123.13553449,123.99044037,4038500,yfinance
2025-06-20,126.91873304,127.24300846,121.18006872,122.14306641,5239700,yfinance
2025-06-23,121.1112748,124.1967866,120.68873618,123.8037262,1789500,yfinance
2025-06-24,125.36614342,127.0071626,124.30488254,125.97537994,2039100,yfinance
2025-06-25,125.84762897,126.4961647,125.53317468,125.98519897,1713600,yfinance
2025-06-26,127.20367728,129.04123775,126.54530546,128.34355164,1838300,yfinance
2025-06-27,128.40250082,129.53255403,127.6163801,129.14930725,2860500,yfinance
2025-06-30,129.09999195,130.13611045,127.78757718,127.82704163,2578600,yfinance
2025-07-01,127.52114902,132.86947694,126.7613418,132.33662415,2092900,yfinance
2025-07-02,133.21486014,137.26065081,132.60306338,137.02381897,1970600,yfinance
2025-07-03,136.26398232,137.42838659,135.66204797,136.04689026,1029100,yfinance
2025-07-07,134.69502209,137.27050993,134.14242954,135.1390686,1546800,yfinance
2025-07-08,136.03702623,139.39206073,135.56337766,137.8822937,1975000,yfinance
2025-07-09,137.75402302,138.48422809,136.15543465,137.85269165,1459000,yfinance
2025-07-10,140.66503309,143.12209764,139.66837891,141.41497803,1967700,yfinance
2025-07-11,140.66500856,141.84913748,139.1651039,140.51698303,1243000,yfinance
2025-07-14,138.99736472,141.02025993,138.80987474,139.69798279,1419900,yfinance
2025-07-15,140.12226658,140.34922097,136.43171696,136.55014038,1486200,yfinance
2025-07-16,136.48106933,137.31983547,133.80691317,135.96794128,1535900,yfinance
2025-07-17,136.02716303,139.1749678,135.69164754,138.8888092,1109800,yfinance
2025-07-18,138.98749306,139.33285585,137.41850679,138.770401,1492200,yfinance
2025-07-21,141.1880043,142.21424539,139.87558955,140.27029419,1362000,yfinance
2025-07-22,140.25056814,142.53001977,139.44140408,141.86888123,1473300,yfinance
2025-07-23,142.55962068,144.21739818,142.25372233,143.08261108,1685100,yfinance
2025-07-24,141.78004642,142.51026648,138.77039001,139.55979919,2069700,yfinance
2025-07-25,139.93478063,144.06937679,138.44475345,143.90162659,1983700,yfinance
2025-07-28,143.90163799,145.20417531,142.15503914,142.60896301,2404200,yfinance
2025-07-29,132.96815932,139.17497809,132.2576789,138.78027344,4232700,yfinance
2025-07-30,138.80987328,141.78006566,137.26064173,141.0597229,2675200,yfinance
2025-07-31,140.67488062,142.75698001,139.57955791,141.17814636,2753300,yfinance
2025-08-01,137.53693703,138.43489236,135.4943021,136.83631897,1721000,yfinance
2025-08-04,136.87578977,138.04017894,135.08971146,135.1686554,1190900,yfinance
2025-08-05,135.23772984,138.08951348,134.87261228,137.60598755,1035300,yfinance
2025-08-06,136.8955081,137.65533027,135.91860894,136.68829346,852000,yfinance
2025-08-07,138.63225015,139.77689957,134.55685797,135.96794128,1225700,yfinance
2025-08-08,136.92511985,137.94149858,136.00742481,137.14221191,1066800,yfinance
2025-08-11,136.74750852,136.81657505,134.00427066,135.89888,1474300,yfinance
2025-08-12,137.16193942,140.5071113,136.61920931,139.55979919,1011300,yfinance
2025-08-13,140.12229526,144.16808587,139.83613664,143.91151428,1342700,yfinance
2025-08-14,141.43469154,142.64842254,139.73743459,142.44120789,1155100,yfinance
2025-08-15,149.00329164,149.31906743,142.92474315,143.48721313,2180300,yfinance
2025-08-18,143.75360708,145.69755818,142.38198822,142.73722839,1118500,yfinance
2025-08-19,143.28985015,145.5002203,142.32279815,143.98059082,1383700,yfinance
2025-08-20,144.28648121,144.28648121,141.25706971,141.57284546,1190900,yfinance
2025-08-21,140.85250798,142.06623908,140.51699247,141.35575867,986200,yfinance
2025-08-22,141.43469817,147.01985758,141.43469817,145.97386169,1410300,yfinance
2025-08-25,146.36858003,148.32239355,146.34884028,147.57244873,1083500,yfinance
2025-08-26,147.22706203,149.05260471,145.49034068,145.99359131,1469200,yfinance
2025-08-27,145.50019609,148.66775537,145.25350196,148.34211731,943400,yfinance
2025-08-28,149.06247067,149.16115435,146.08240112,147.81913757,1083300,yfinance
2025-08-29,147.90795496,148.7565835,146.32910626,146.76329041,911600,yfinance
2025-09-02,144.02991178,145.05615276,142.14516495,144.46408081,1202300,yfinance
2025-09-03,144.25689294,144.25689294,140.84263882,143.28985596,1125000,yfinance
2025-09-04,142.98394274,143.24051433,140.41833227,143.02342224,1141000,yfinance
2025-09-05,144.59237094,148.25331867,143.35890021,145.31271362,1374700,yfinance
2025-09-08,145.62849235,145.62849235,141.63204411,142.11557007,2331300,yfinance
2025-09-09,142.80632906,144.18781045,139.11577868,139.15525818,1689700,yfinance
2025-09-10,139.54993664,141.84912779,139.3032425,140.00386047,1439200,yfinance
2025-09-11,139.90520029,143.74376108,139.70784796,141.84915161,1515200,yfinance
2025-09-12,141.38535238,141.68138838,139.3920594,139.48088074,929900,yfinance
2025-09-15,139.23419654,140.29003977,137.37905155,139.69798279,1548000,yfinance
2025-09-16,140.75381943,143.00366896,140.11242063,141.03997803,2037300,yfinance
2025-09-17,140.11241077,144.48382376,139.13549655,140.91169739,1485600,yfinance
2025-09-18,134.20161075,136.27384753,132.02082795,132.52409363,3676100,yfinance
2025-09-19,132.81027359,132.96816147,130.89592436,131.53733826,4919200,yfinance
2025-09-22,131.29061244,133.83649754,130.18541256,132.89904785,2225400,yfinance
2025-09-23,133.49114478,136.27386217,132.80040413,133.47140503,1828100,yfinance
2025-09-24,132.80040307,134.76409402,132.80040307,134.59632874,1669400,yfinance
2025-09-25,134.01414593,134.85291217,132.91882315,132.97802734,1701200,yfinance
2025-09-26,133.27404026,136.72775823,133.27404026,136.30345154,1214800,yfinance
2025-09-29,136.75736723,136.85605092,133.12603652,134.28056335,2047700,yfinance
2025-09-30,134.14184819,134.55797442,133.03217823,134.18147278,1793400,yfinance
2025-10-01,133.98331711,135.58839269,133.73562184,134.1418457,1552600,yfinance
2025-10-02,134.25084935,138.00590335,133.89416752,137.73840332,1473100,yfinance
2025-10-03,138.11488853,138.54093229,136.52964773,136.76742554,889400,yfinance
2025-10-06,136.71789541,137.25291058,134.31028937,134.3400116,1158600,yfinance
2025-10-07,135.22180436,136.3314895,133.35914611,134.54808044,1729200,yfinance
2025-10-08,135.3010762,137.43126481,134.55799031,136.5692749,1223400,yfinance
2025-10-09,137.96627039,140.30451443,136.32157011,136.89622498,1376100,yfinance
2025-10-10,137.09438062,137.71857757,132.37826786,132.41789246,1146800,yfinance
2025-10-13,135.25152468,137.37179567,134.7264119,135.70729065,1051300,yfinance
2025-10-14,134.10222137,138.49137417,133.11144032,137.233078,1327000,yfinance
2025-10-15,137.95636989,138.38239852,134.50844067,135.4992218,1091600,yfinance
2025-10-16,135.74691578,136.41073731,130.33725933,131.43702698,1365400,yfinance
2025-10-17,130.63448644,132.388158,130.1093737,130.56512451,1836600,yfinance
2025-10-20,133.30960966,135.51904744,132.54670393,135.35061646,1291700,yfinance
2025-10-21,133.91397633,140.06671846,133.91397633,139.2245636,1609500,yfinance
2025-10-22,137.91672304,139.1948391,135.03354648,135.39022827,1406600,yfinance
2025-10-23,135.39023595,137.76811975,134.34001037,137.17364502,1182900,yfinance
2025-10-24,137.61947887,139.47224967,137.06464391,137.42132568,1360300,yfinance
2025-10-27,138.92732891,143.49483044,137.92664542,142.83100891,2765600,yfinance
2025-10-28,144.87202504,153.3531095,144.34691223,150.58883667,3402700,yfinance
2025-10-29,150.79687953,154.39341974,149.75655636,153.00631714,2290500,yfinance
2025-10-30,149.89527204,152.03536293,148.05241851,148.35957336,1766000,yfinance
2025-10-31,148.12178486,150.59873779,146.48700198,148.66671753,1992600,yfinance
2025-11-03,148.13167116,148.61715932,143.44528096,146.75448608,1642400,yfinance
2025-11-04,144.05956068,145.35749657,142.52386212,142.95979309,1748900,yfinance
2025-11-05,142.6724885,145.28815019,141.21603897,143.91096497,1466200,yfinance
2025-11-06,144.42616841,145.99160439,143.16787215,143.32640076,1191300,yfinance
2025-11-07,142.96972715,143.40567328,140.74046949,142.97962952,1134200,yfinance
2025-11-10,143.44528444,143.64343763,139.63077121,141.34483337,1508400,yfinance
2025-11-11,141.68170667,143.38585148,140.02710393,142.71211243,908700,yfinance
2025-11-12,143.66325536,148.94412029,143.66325536,147.01210022,1580900,yfinance
2025-11-13,147.63630189,148.57755612,142.80129989,144.46580505,1492400,yfinance
2025-11-14,143.79206913,149.23144782,142.08792439,146.41763306,1160500,yfinance
2025-11-17,145.65472298,149.7961958,144.75312367,147.29942322,1655000,yfinance
2025-11-18,146.24920269,149.23144844,145.16925489,147.14089966,1334300,yfinance
2025-11-19,147.79480805,148.87475577,145.66463483,147.21025085,981400,yfinance
2025-11-20,148.45863325,152.18397978,145.80334721,145.8429718,1392200,yfinance
2025-11-21,145.64481106,151.26253767,144.65403003,150.94549561,1523200,yfinance
2025-11-24,150.32132011,152.51093803,149.4692477,152.23352051,1640400,yfinance
2025-11-25,153.07568804,156.38489346,152.21371327,154.80955505,1364800,yfinance
2025-11-26,154.8095401,157.95031424,154.54202499,157.66299438,1077900,yfinance
2025-11-28,157.98004413,158.47543468,157.16761148,158.01968384,604600,yfinance
2025-12-01,157.26668112,160.72451264,157.18741682,159.21852112,1096500,yfinance
2025-12-02,160.1300475,160.44710473,158.7033202,159.60493469,959700,yfinance
2025-12-03,159.65446311,164.73717491,159.23833687,163.19155884,2198300,yfinance
2025-12-04,162.48809671,163.19155792,159.05998753,161.04154968,1475100,yfinance
2025-12-05,161.09109352,161.27934434,157.67290179,157.9800415,1974000,yfinance
2025-12-08,158.27728464,159.02037048,156.54341767,157.83143616,1292500,yfinance
2025-12-09,156.54342015,157.92060533,155.77061207,156.68212891,1296000,yfinance
2025-12-10,158.33671374,163.63739829,157.61344782,162.81504822,1907400,yfinance
2025-12-11,162.44848442,166.52059556,161.75492551,165.03442383,1260000,yfinance
2025-12-12,165.67842419,165.87657739,162.21069018,163.58787537,1200100,yfinance
2025-12-15,164.20215681,164.20215681,159.10954227,160.52636719,1695800,yfinance
2025-12-16,161.22979795,162.30976079,160.01114147,160.76412964,1349600,yfinance
2025-12-17,155.5427311,160.18948178,155.13650722,159.20861816,2032600,yfinance
2025-12-18,158.16829614,159.38695267,155.70124572,156.37498474,2031700,yfinance
2025-12-19,155.06715389,157.74227512,153.57107979,157.68281555,3430900,yfinance
2025-12-22,158.59433694,162.84478118,157.66300029,162.74569702,1702100,yfinance
2025-12-23,163.55813905,164.29132247,161.78463248,162.18095398,1241000,yfinance
2025-12-24,162.62679505,164.80651026,161.90352915,163.96435547,777100,yfinance
2025-12-26,163.70676685,164.91552107,163.37980725,164.81645203,735400,yfinance
2025-12-29,163.50860404,164.96505347,163.20146432,163.95445251,1229600,yfinance
2025-12-30,164.3210544,165.80722607,163.18164704,163.2807312,1414300,yfinance
2025-12-31,163.49943919,163.85733713,161.28245311,162.15731812,1133100,yfinance
2026-01-02,164.21522993,168.65912333,163.38013974,168.4105835,1524200,yfinance
2026-01-05,169.00708332,170.93575481,165.33863302,167.14801025,2145300,yfinance
2026-01-06,166.49186126,169.21586324,165.41816738,168.36088562,1834500,yfinance
2026-01-07,167.27724351,168.70883537,163.19124805,163.84739685,1866700,yfinance
2026-01-08,162.78364115,168.5199291,162.06784527,166.89945984,1423400,yfinance
2026-01-09,165.76613097,167.51584591,160.49708352,162.81347656,1919100,yfinance
2026-01-12,163.66845575,165.89536294,162.04797118,165.00062561,1563700,yfinance
2026-01-13,165.52753686,168.86791298,164.90121159,168.49012756,1434900,yfinance
2026-01-14,168.51992989,172.57610147,168.37081207,171.28369141,1892200,yfinance
2026-01-15,172.0094529,174.91239634,172.0094529,173.769104,1429600,yfinance
2026-01-16,172.87436504,174.03752963,169.74276922,173.3714447,1737800,yfinance
2026-01-20,171.52231197,174.01764648,170.70710918,173.47087097,1622300,yfinance
2026-01-21,175.96620715,180.57910599,175.57848561,179.17733765,1774700,yfinance
2026-01-22,179.44575444,181.9311527,178.51124227,179.21710205,1476900,yfinance
2026-01-23,179.83347941,181.0861147,177.36796853,180.58903503,1849700,yfinance
2026-01-26,181.56331791,182.24929025,176.09544176,176.62234497,2577600,yfinance
2026-01-27,171.43283635,174.92233011,164.7123096,172.56617737,2895800,yfinance
2026-01-28,172.97378459,173.69951665,169.84217365,172.16850281,1820800,yfinance
2026-01-29,175.11122226,178.85920715,172.98372192,178.85920715,2034900,yfinance
2026-01-30,176.58258483,179.92296096,175.57848931,176.68200684,3064500,yfinance
2026-02-02,174.9720393,180.80774962,174.30595438,179.90307617,2295600,yfinance
2026-02-03,181.68262322,187.81658466,181.60308865,185.41072083,2392500,yfinance
2026-02-04,186.81248256,189.92419094,185.45047397,188.84056091,2383800,yfinance
2026-02-05,185.41072083,188.49262091,183.57151994,185.41072083,2216000,yfinance
2026-02-06,187.28967804,191.96222392,187.02125077,191.71368408,1670900,yfinance
2026-02-09,190.55051747,192.36983087,187.99553587,191.95228577,1365600,yfinance
2026-02-10,190.80899004,191.97216979,188.38325406,190.86865234,1824300,yfinance
2026-02-11,193.22480721,195.74996523,192.27040759,193.28445435,1647200,yfinance
2026-02-12,192.54876528,194.42774091,185.46041981,187.70721436,1799900,yfinance
2026-02-13,178.94867499,184.22765847,176.0258442,182.1598053,2453800,yfinance
2026-02-17,183.01478198,183.58146006,177.36796444,182.56741333,1391500,yfinance
2026-02-18,183.96918918,186.18616026,182.23934646,183.4621582,928300,yfinance
2026-02-19,181.41418496,183.26332187,178.72002175,178.98843384,1987100,yfinance
2026-02-20,178.94868203,179.99255238,175.58841859,178.95861816,2073300,yfinance
2026-02-23,178.66038231,180.20131715,175.66795297,177.80540466,2135600,yfinance
2026-02-24,177.45743869,177.51708582,173.90828264,174.1269989,1696700,yfinance
2026-02-25,174.66385826,175.46912491,171.88020905,174.45507812,1443500,yfinance
2026-02-26,174.54456037,175.4890087,172.73518311,174.58432007,1372800,yfinance
2026-02-27,173.38136744,175.92642787,171.99948669,175.84689331,2367000,yfinance
2026-03-02,175.63812001,179.7738263,173.52055586,179.51535034,1602100,yfinance
2026-03-03,174.78315137,177.28843716,170.2895469,176.36386108,1515800,yfinance
2026-03-04,177.70596548,178.43169748,174.09716256,175.04162598,1061400,yfinance
2026-03-05,173.91824234,174.47496916,169.18603404,171.09483337,1775800,yfinance
2026-03-06,169.00708822,169.64334959,165.69653579,167.76438904,1479800,yfinance
2026-03-09,165.76612817,168.96732235,162.33626643,168.48017883,1430600,yfinance
2026-03-10,168.5994801,171.04511877,166.82987768,169.43457031,1327600,yfinance
2026-03-11,169.16614655,172.15856052,168.50006166,170.8065033,1425600,yfinance
2026-03-12,168.93747503,168.93747503,164.31464056,164.70236206,1275100,yfinance
2026-03-13,165.22927631,165.84566541,161.05381019,162.52516174,1002800,yfinance
2026-03-16,164.21524118,165.02052303,160.74563461,161.789505,1080500,yfinance
2026-03-17,161.95850062,163.46961189,160.90469416,161.13334656,918300,yfinance
2026-03-18,161.01404997,163.63862997,159.84093409,160.21871948,1149900,yfinance
2026-03-19,156.95788392,162.18715667,154.23388183,161.00410461,1476100,yfinance
2026-03-20,163.28073896,163.28073896,156.91810995,157.65379333,2710900,yfinance
2026-03-23,161.86903221,162.49534228,159.3537951,159.68186951,2185800,yfinance
2026-03-24,159.23450808,162.16727526,159.15497351,161.789505,1874800,yfinance
2026-03-25,163.7082273,165.37842299,162.99243132,164.20530701,1402000,yfinance
2026-03-26,164.5830852,166.99888517,164.33454536,165.04039001,1444600,yfinance
2026-03-27,164.50355808,165.26906507,161.65032544,162.41581726,1080800,yfinance
2026-03-30,164.03629008,166.37257058,162.66434534,163.78775024,853500,yfinance
2026-03-31,165.543438,169.22440034,164.72545482,168.68572998,1515600,yfinance
2026-04-01,170.83045313,174.85057878,170.5411703,173.29440308,1413100,yfinance
2026-04-02,171.1895672,174.19218742,169.58351099,172.03749084,1209800,yfinance
2026-04-06,170.57109402,172.4365078,166.94001233,169.17451477,932000,yfinance
2026-04-07,169.97256159,173.23455469,169.88278573,172.83552551,1685900,yfinance
2026-04-08,178.09261812,181.89328157,177.294575,181.71372986,1674100,yfinance
2026-04-09,181.30472198,184.0779099,180.82590221,183.54920959,1538300,yfinance
2026-04-10,185.04554054,187.75887799,184.95576469,185.66401672,1644100,yfinance
2026-04-13,185.66401643,189.40482924,185.66401643,189.20532227,1137700,yfinance
2026-04-14,190.08316211,191.15053274,188.29753903,189.57440186,982800,yfinance
2026-04-15,189.57440729,190.0632123,187.21021851,189.13549805,1044300,yfinance
2026-04-16,190.03329092,192.86632951,189.25520308,191.37998962,1311700,yfinance
2026-04-17,191.9286216,196.64704425,190.81137043,195.39012146,1546100,yfinance
2026-04-20,194.57213808,202.55253839,194.53222755,201.76446533,1370500,yfinance
2026-04-21,202.16349823,209.65509368,202.16349823,207.55026245,1941200,yfinance
2026-04-22,210.58283019,215.73017709,209.60522014,213.7350769,2319400,yfinance
2026-04-23,214.47326437,215.25135221,209.80473737,212.42828369,1990800,yfinance
2026-04-24,213.43582126,214.29371493,210.31348465,213.76499939,1260200,yfinance
2026-04-27,213.55552236,216.84744066,212.61782285,214.4732666,1414400,yfinance
2026-04-28,219.61064704,226.92269105,213.60540643,224.5585022,3584700,yfinance
2026-04-29,225.44631008,226.33412901,220.16927704,221.84515381,1633200,yfinance
2026-04-30,221.45611928,226.60348138,219.54082494,224.73805237,2314300,yfinance
2026-05-01,225.44631075,227.40151554,223.66070286,225.48620605,1227600,yfinance
2026-05-04,225.44631185,226.33413079,222.24416948,225.2567749,979600,yfinance
2026-05-05,227.41148825,233.16735636,227.03241436,231.50144958,1398200,yfinance
2026-05-06,234.14495424,234.86319151,229.75574001,233.6461792,1220200,yfinance
2026-05-07,233.34690483,233.34690483,224.74802831,226.14459229,1766900,yfinance
2026-05-08,227.45138727,229.31681626,225.33658598,226.94264221,965100,yfinance
2026-05-11,228.45891524,232.38926485,226.11466655,231.43161011,1612000,yfinance
2026-05-12,230.46399431,231.42164909,228.25941715,229.26693726,1626500,yfinance
2026-05-13,230.81314292,234.87316384,229.43651893,231.77078247,1351600,yfinance
2026-05-14,232.84813664,233.63620973,230.23456032,232.27954102,1012600,yfinance
2026-05-15,228.72824911,229.08736775,225.55604719,226.46382141,1346100,yfinance
2026-05-18,226.06479678,227.09227216,222.49356563,225.92514038,1350600,yfinance
2026-05-19,222.38382459,223.23174822,218.95226522,221.18676758,1332100,yfinance
2026-05-20,222.35390846,225.16700701,221.22668721,225.11712646,884300,yfinance
2026-05-21,225.17697141,227.33168319,223.67067629,225.88523865,998300,yfinance
2026-05-22,228.53872107,232.4790407,227.03241076,231.43161011,1135800,yfinance
2026-05-26,232.34935497,239.84095034,231.6211477,239.70129395,1569900,yfinance
2026-05-27,240.4095651,246.79387941,238.8434042,245.86616516,1399600,yfinance
2026-05-28,245.1978142,249.75661018,240.78864465,248.6892395,1520800,yfinance
2026-05-29,248.48972325,250.77410617,246.89363708,249.38751221,3387900,yfinance
2026-06-01,246.97344645,251.60207813,245.27761439,250.87387085,1164800,yfinance
2026-06-02,250.8239917,259.73210651,250.73421585,257.82678223,1700600,yfinance
2026-06-03,256.54993147,260.82942999,254.38524954,257.09860229,1386500,yfinance
2026-06-04,255.18327074,264.02157984,254.38522767,261.63742065,1216800,yfinance
2026-06-05,259.41287581,260.81942502,251.79160933,253.76675415,1439500,yfinance
2026-06-08,256.23068943,256.23068943,251.1232533,252.7791748,1647100,yfinance
2026-06-09,256.18083516,257.33799692,244.72896444,253.69694519,1111000,yfinance
2026-06-10,252.23054634,256.45016373,248.92864275,249.87632751,1214500,yfinance
2026-06-11,253.72686254,261.2982638,252.0709258,260.26080322,1440900,yfinance
2026-06-12,264.1512583,268.14145876,263.70237902,265.69747925,1204200,yfinance
2026-06-15,269.33851986,270.23630884,255.9214592,258.68469238,2180900,yfinance
2026-06-16,260.94911181,263.75222499,258.27568501,258.44525146,1470400,yfinance
2026-06-17,257.36791972,258.20585813,249.38751911,251.9811554,1953100,yfinance
2026-06-18,252.33028727,253.487449,241.45699759,243.2326355,5190800,yfinance
2026-06-22,244.18029912,245.257655,240.82853035,244.32992554,2275200,yfinance
2026-06-23,239.56163804,241.37718643,236.9181365,239.04292297,2538500,yfinance
2026-06-24,242.1253474,243.59174718,237.8059539,239.93074036,1772600,yfinance
2026-06-25,241.69640619,249.03837551,240.7986172,248.28024292,1493400,yfinance
2026-06-26,244.53941956,246.30508741,237.23736108,239.19255066,2250000,yfinance
2026-06-29,238.91324957,241.1577373,227.49130394,228.02000427,2349800,yfinance
2026-06-30,228.96000671,229.52000427,221.46000671,222.75,2080500,yfinance
2026-07-01,220.27000427,220.8999939,214.61000061,219.02000427,1675100,yfinance
2026-07-02,219.8999939,222.0,216.88000488,220.75,1443000,yfinance
2026-07-06,220.75,225.8500061,220.0,223.91999817,1469800,yfinance
2026-07-07,221.94000244,228.11999512,221.83999634,227.41999817,1538500,yfinance
2026-07-08,227.49000549,229.96000671,224.75999451,226.67999268,1317000,yfinance
2026-07-09,227.11999512,228.3999939,221.67999268,222.27999878,1152500,yfinance
2026-07-10,222.88000488,228.03999329,222.88000488,227.36999512,786600,yfinance
2026-07-13,228.6000061,235.69999695,228.24000549,233.0,1240800,yfinance
2026-07-14,236.49000549,236.78999329,233.17999268,234.16000366,903200,yfinance
2026-07-15,235.47000122,238.0,233.52000427,236.86999512,941300,yfinance
2026-07-16,235.00999451,238.07000732,234.27999878,235.66999817,821100,yfinance
2026-07-17,232.03999329,237.6000061,231.13000488,236.61000061,1494100,yfinance
2026-07-20,237.82000732,237.82000732,230.0,230.74000549,1534500,yfinance
2026-07-21,233.75,237.97999573,232.66000366,233.19999695,884800,yfinance
2026-07-22,234.52999878,239.1499939,234.32000732,235.8999939,926100,yfinance
2026-07-23,238.52999878,243.69999695,237.77999878,241.1499939,1542500,yfinance
2026-07-24,242.33999634,249.02000427,241.63999939,247.55999756,1365200,yfinance
2026-07-27,249.11999512,251.22999573,244.03999329,247.86000061,1682600,yfinance
2026-07-28,254.0,268.44000244,253.99000549,265.61999512,2571500,yfinance
2026-07-29,268.94000244,270.01998901,254.24000549,256.01998901,1919600,yfinance
2026-07-30,258.38000488,259.79000854,251.97000122,257.04000854,1256800,yfinance
2026-07-31,258.89001465,259.95001221,255.38000488,257.29000854,1565000,yfinance
2026-08-03,256.16000366,261.6000061,251.25,261.27999878,1286400,yfinance
2026-08-04,265.61999512,274.42001343,262.1000061,274.04000854,1900500,yfinance
2026-08-05,276.0,280.10998535,272.73999023,274.73999023,2303000,yfinance
2026-08-06,274.51998901,275.08999634,269.95001221,272.0,1248500,yfinance
2026-08-07,271.0,273.16000366,266.89001465,272.63000488,1045700,yfinance
