date,open,high,low,close,volume,source
2019-01-02,32.45166439,33.49365544,32.42167834,33.25377274,1778700,yfinance
2019-01-03,33.00639975,33.26127554,32.45167192,32.52663422,1366100,yfinance
2019-01-04,33.15631909,34.02589462,33.15631909,33.95842743,1650500,yfinance
2019-01-07,33.77851927,34.52065555,33.50115254,34.20581055,1249000,yfinance
2019-01-08,34.29576688,34.4456943,33.23878271,33.83848953,1951300,yfinance
2019-01-09,33.85348862,34.31826114,33.56862676,34.18332672,2022400,yfinance
2019-01-10,34.07087259,34.49816383,33.95093125,34.4231987,1483200,yfinance
2019-01-11,34.25829379,34.61062002,33.7860233,34.49817657,1776300,yfinance
2019-01-14,34.17582643,35.22531555,34.12335226,35.11286926,1286700,yfinance
2019-01-15,35.00791851,35.57014417,34.7905239,35.5476532,1681100,yfinance
2019-01-16,35.75755745,36.44721965,35.64511116,36.18484879,1482300,yfinance
2019-01-17,35.95995696,36.84452563,35.64510908,36.73957443,1373700,yfinance
2019-01-18,37.10689555,37.66912124,36.73957351,37.55667496,2378200,yfinance
2019-01-22,37.29430657,37.45922703,36.87451033,37.12189102,1551700,yfinance
2019-01-23,37.37676186,37.43673111,36.26730359,36.67210388,1591800,yfinance
2019-01-24,36.64961106,37.15936248,36.53716766,36.80703354,1246600,yfinance
2019-01-25,37.25683275,37.70661228,37.08441717,37.54169464,1690400,yfinance
2019-01-28,37.28681009,37.59416003,37.07691055,37.32429123,1596000,yfinance
2019-01-29,37.45174094,37.51920816,36.92699619,37.19686508,1599000,yfinance
2019-01-30,35.30776689,36.32726978,35.04539609,36.08738708,3652500,yfinance
2019-01-31,35.89998439,37.6091496,35.28528453,37.53418732,4620900,yfinance
2019-02-01,37.60915499,37.80406153,36.9494788,37.18936157,2106700,yfinance
2019-02-04,37.13687552,37.30179308,36.98694812,37.25681686,1994000,yfinance
2019-02-05,37.03193771,37.14438115,36.41723778,36.61963654,1907400,yfinance
2019-02-06,36.44721178,36.88200097,36.28229421,36.55965805,1437000,yfinance
2019-02-07,36.45470612,36.52966838,35.56263973,35.9524498,1663900,yfinance
2019-02-08,35.66759861,36.0574059,34.90297134,35.85500717,1659200,yfinance
2019-02-11,36.02742833,36.3647615,35.68259435,36.2673111,1216700,yfinance
2019-02-12,36.59715017,37.03943456,36.43222969,36.58215714,1712000,yfinance
2019-02-13,36.79955197,37.20435522,36.73208476,36.88950729,1688200,yfinance
2019-02-14,36.58215539,36.88950536,36.21483616,36.61963654,1303000,yfinance
2019-02-15,37.02443219,38.08141629,36.85951176,38.0739212,2072000,yfinance
2019-02-19,37.93148948,38.65114049,37.6391326,38.50121307,1601700,yfinance
2019-02-20,38.47123252,39.14590454,38.47123252,39.14590454,1416900,yfinance
2019-02-21,39.23585392,39.54320383,38.85354174,39.01845932,1596000,yfinance
2019-02-22,39.23585065,39.82056436,39.18337649,39.63315582,1896700,yfinance
2019-02-25,39.9030326,40.05296003,39.73061706,39.79808426,1271200,yfinance
2019-02-26,39.6781385,40.09043673,39.40826973,39.41576767,1400200,yfinance
2019-02-27,39.33330996,39.45325132,39.010967,39.29582596,1738800,yfinance
2019-02-28,39.23584947,39.52820632,39.09342002,39.46073914,1519700,yfinance
2019-03-01,39.67282819,39.98336376,38.80938797,38.93057251,2335300,yfinance
2019-03-04,38.96086319,39.44560421,38.43068267,38.90027237,2302300,yfinance
2019-03-05,39.00630464,39.24867368,38.32463991,39.06689835,1428900,yfinance
2019-03-06,38.96086716,39.15779385,38.57459232,38.58974075,878500,yfinance
2019-03-07,38.3549315,38.46854323,37.73386055,37.87019348,1815400,yfinance
2019-03-08,37.4612001,37.9838107,37.15066459,37.80203247,1616700,yfinance
2019-03-11,38.01410724,38.50642101,37.80203504,38.31707001,1790500,yfinance
2019-03-12,38.48370382,38.86997864,38.37766481,38.4458313,1805700,yfinance
2019-03-13,38.58215064,38.9305586,38.29433926,38.7109108,2157500,yfinance
2019-03-14,38.65033235,39.30927603,38.28677871,39.15021896,2565300,yfinance
2019-03-15,39.15021365,39.71069391,38.9911595,39.51376724,8344700,yfinance
2019-03-18,39.70311493,40.09696534,39.56678487,39.98335648,1931500,yfinance
2019-03-19,40.1878566,40.32418955,39.23352596,39.33198929,1709900,yfinance
2019-03-20,39.32441747,39.42288081,38.3094988,38.39281082,2384500,yfinance
2019-03-21,38.21860246,39.05932131,37.70356755,38.95328522,1900400,yfinance
2019-03-22,38.56700653,38.61245181,37.17338608,37.45362473,2018900,yfinance
2019-03-25,37.49150204,37.90050094,36.99161547,37.12037277,1494800,yfinance
2019-03-26,37.4157612,38.06712626,37.4157612,37.98381424,1295700,yfinance
2019-03-27,37.97623504,38.14286484,37.63540267,37.80203247,1325800,yfinance
2019-03-28,37.80203404,38.12014523,37.60511027,37.87777328,981600,yfinance
2019-03-29,38.24890688,38.33222179,37.78688991,38.01411057,1481800,yfinance
2019-04-01,38.43067849,39.43045149,38.38523321,39.36985779,1417200,yfinance
2019-04-02,39.3395624,39.81672772,39.10476901,39.17293549,1195400,yfinance
2019-04-03,39.56677509,39.88488329,38.78664723,39.58192062,1388200,yfinance
2019-04-04,39.55920112,40.09695714,39.55920112,39.84701538,812700,yfinance
2019-04-05,39.84703821,40.53627597,39.68040835,40.28633118,1674300,yfinance
2019-04-08,40.21815108,40.44537459,40.06667259,40.38478088,802300,yfinance
2019-04-09,40.21815671,40.21815671,39.10477464,39.23353195,1813300,yfinance
2019-04-10,39.26383389,40.01366532,39.08205561,39.95307159,1069300,yfinance
2019-04-11,40.16513028,40.68774085,39.9530581,40.49081421,1038300,yfinance
2019-04-12,41.14217104,41.70265108,41.09672578,41.55874252,1227300,yfinance
2019-04-15,41.53602109,41.78596282,41.0058379,41.11944962,827400,yfinance
2019-04-16,41.18763609,42.05864908,41.11946961,41.97533417,1322100,yfinance
2019-04-17,42.16469193,42.35404298,41.9450469,42.16469193,1379200,yfinance
2019-04-18,42.12680858,42.2479931,41.71023697,41.82384872,1894900,yfinance
2019-04-22,41.6799469,41.96776127,41.49059587,41.6799469,1243000,yfinance
2019-04-23,41.82385348,42.19497985,41.55118755,42.07379532,1203600,yfinance
2019-04-24,41.84657593,41.95261204,41.55118879,41.72539139,1169500,yfinance
2019-04-25,41.51330607,42.35402192,41.36182472,42.24798584,1679000,yfinance
2019-04-26,42.59640258,43.52800916,42.58125415,43.45984268,1629300,yfinance
2019-04-29,43.55830582,43.88398979,43.31593675,43.497715,989700,yfinance
2019-04-30,43.53558194,43.53558194,42.98267736,43.29321289,1562000,yfinance
2019-05-01,43.36137727,43.67948555,42.74030625,43.08113861,1641300,yfinance
2019-05-02,42.96752555,43.53557851,42.44491787,42.82361984,1618400,yfinance
2019-05-03,43.03569188,43.63404169,42.9902466,43.6113205,961000,yfinance
2019-05-06,42.82362801,43.55073524,42.52824087,43.39925385,748200,yfinance
2019-05-07,42.86906388,43.1568782,42.4449195,42.75545502,1301100,yfinance
2019-05-08,42.62669842,42.97510648,42.30101445,42.43734741,923100,yfinance
2019-05-09,41.90716209,42.36160331,41.63449621,42.33130646,949200,yfinance
2019-05-10,42.12680373,42.82361681,41.54360238,42.77817154,861500,yfinance
2019-05-13,41.82384422,42.55095127,40.8240713,41.08158875,1124600,yfinance
2019-05-14,41.202776,42.27828822,40.90738604,41.8692894,887900,yfinance
2019-05-15,41.36183185,41.70266422,41.02857225,41.49058914,1179900,yfinance
2019-05-16,41.75568785,42.50551628,41.69509414,42.05107498,1164100,yfinance
2019-05-17,41.53603528,41.9753281,41.27851781,41.4678688,1270900,yfinance
2019-05-20,41.15731946,41.90715044,41.15731946,41.55874252,909800,yfinance
2019-05-21,41.91473797,42.02834972,41.66479326,41.89958954,1062100,yfinance
2019-05-22,41.65721235,41.6875092,41.40726769,41.59661865,1263600,yfinance
2019-05-23,41.20277744,41.20277744,40.14241071,40.58927917,1446900,yfinance
2019-05-24,40.90738737,41.74810624,40.6498699,41.0664444,1310900,yfinance
2019-05-28,41.02858084,41.27095282,40.80136018,40.99071121,3924500,yfinance
2019-05-29,40.65745262,41.0740243,40.55141651,40.93011856,1154200,yfinance
2019-05-30,41.09674733,41.40728291,40.79378741,40.99071121,1365900,yfinance
2019-05-31,40.5087286,40.53933079,39.33821946,39.45297623,1784100,yfinance
2019-06-03,39.39942512,40.60053357,39.29232035,40.55463028,1422300,yfinance
2019-06-04,41.27376875,42.03880616,40.97540463,41.92404938,1785600,yfinance
2019-06-05,41.97760044,42.07705611,41.28141653,41.72513962,935100,yfinance
2019-06-06,41.67923003,42.26065999,41.57212528,42.18415451,978700,yfinance
2019-06-07,42.16121043,42.58198041,42.16121043,42.36011887,1252000,yfinance
2019-06-10,42.6278916,43.12516424,41.70219398,41.83990097,1864500,yfinance
2019-06-11,42.29891934,42.4442754,41.87049734,41.90874863,1095000,yfinance
2019-06-12,41.83224264,41.90874521,41.41912177,41.6333313,954700,yfinance
2019-06-13,41.88580267,42.42897859,41.56448832,42.4213295,1202900,yfinance
2019-06-14,42.42897174,42.85739371,42.04645305,42.77323914,594200,yfinance
2019-06-17,42.75793532,42.86504008,41.90874343,41.96994781,709200,yfinance
2019-06-18,42.20710883,42.97214618,41.97759821,42.83444214,716900,yfinance
2019-06-19,42.96450743,43.45413098,42.78854915,42.97215652,1568600,yfinance
2019-06-20,43.47707618,44.28801394,43.10985566,44.15795898,1317700,yfinance
2019-06-21,44.28036304,44.80058867,44.06615059,44.0891037,2330700,yfinance
2019-06-24,44.07380851,44.39512284,43.75249126,43.99730301,1194400,yfinance
2019-06-25,43.98965229,44.02025448,43.02570641,43.17106247,1081500,yfinance
2019-06-26,43.42351399,43.56887294,42.89563933,42.9644928,1208500,yfinance
2019-06-27,43.14045923,43.6453838,43.07160574,43.45412445,565600,yfinance
2019-06-28,43.87489161,44.45632164,43.66068209,44.31096268,1890500,yfinance
2019-07-01,44.78528956,45.29786321,44.43337306,44.92299652,1713800,yfinance
2019-07-02,44.74703679,44.86944265,43.84429247,44.19620895,1213400,yfinance
2019-07-03,44.37216277,44.95358982,43.89018846,44.86943817,525000,yfinance
2019-07-05,44.91534251,45.06835056,44.47162236,44.99184799,927300,yfinance
2019-07-08,44.59402153,44.93063687,44.37980912,44.56341934,936300,yfinance
2019-07-09,44.45632511,44.84649291,44.31861814,44.73173904,1162800,yfinance
2019-07-10,44.73173277,45.10659942,44.22680826,44.43336868,788500,yfinance
2019-07-11,44.58637813,44.86179206,44.18090925,44.54047775,1071500,yfinance
2019-07-12,44.85414862,45.29786884,44.60933685,45.22901535,789900,yfinance
2019-07-15,45.19077003,45.24432243,44.73939774,44.90005493,560700,yfinance
2019-07-16,44.92299052,45.32845934,44.54047187,45.12955093,1152200,yfinance
2019-07-17,44.98420539,44.98420539,44.39512616,44.67819214,999900,yfinance
2019-07-18,44.75469158,45.7339386,44.60933552,45.67273712,1442200,yfinance
2019-07-19,45.47381758,46.07054868,45.39731501,45.4202652,1675100,yfinance
2019-07-22,45.32845856,45.52736697,44.93063883,45.0147934,1191900,yfinance
2019-07-23,45.39732399,45.77984273,45.29021921,45.76454163,1124800,yfinance
2019-07-24,45.56563535,46.39187435,45.50443095,46.34597397,1128300,yfinance
2019-07-25,46.38420922,46.39185831,45.75687891,45.97108841,1706100,yfinance
2019-07-26,45.84869581,46.5219296,45.2137133,46.42247391,1670600,yfinance
2019-07-29,46.31536089,46.34596309,45.39731551,45.52737045,1451500,yfinance
2019-07-30,45.13720496,45.48147236,44.83884085,45.46617126,1133800,yfinance
2019-07-31,45.38201403,45.39731512,44.06614889,44.40276718,2188200,yfinance
2019-08-01,44.36451948,44.37981766,42.24536556,42.61258316,1960800,yfinance
2019-08-02,42.55138051,42.97980252,41.7174896,42.29891968,1784200,yfinance
2019-08-05,41.21257034,41.68689571,40.51638632,41.09781647,1730700,yfinance
2019-08-06,41.28906971,41.80164337,40.69999056,41.56448364,1305900,yfinance
2019-08-07,40.69998234,41.31966064,40.14915458,41.18960571,1306500,yfinance
2019-08-08,41.64863788,42.63553689,41.37322684,42.60493469,1425700,yfinance
2019-08-09,42.1994672,42.45958006,41.68689349,42.06941223,836800,yfinance
2019-08-12,41.62567963,41.74808549,40.33276764,40.45517349,1445600,yfinance
2019-08-13,40.40162115,42.00054924,40.31746658,41.35791779,1195100,yfinance
2019-08-14,40.60818009,40.60818009,39.97319775,40.11090469,1060900,yfinance
2019-08-15,40.21801515,40.48577706,39.82019535,39.91965103,1337000,yfinance
2019-08-16,39.97320499,40.98305415,39.85844821,40.7688446,1606300,yfinance
2019-08-19,41.62568372,41.64863391,41.08250788,41.22021484,1162300,yfinance
2019-08-20,40.88360264,41.31202469,40.55463629,40.75354767,854900,yfinance
2019-08-21,41.18195925,41.33496437,40.99834901,41.11310577,683400,yfinance
2019-08-22,41.4497243,41.68688693,41.03660342,41.38087082,860200,yfinance
2019-08-23,41.09781045,41.48032915,39.77429608,40.01910782,1154800,yfinance
2019-08-26,40.47048166,40.76884579,40.22566991,40.60818863,857500,yfinance
2019-08-27,40.87594742,41.06720676,40.01145436,40.17211151,1049200,yfinance
2019-08-28,39.75899354,40.32511957,39.75134154,40.17211151,1039600,yfinance
2019-08-29,40.66174184,40.86829939,40.43222827,40.69999313,1050500,yfinance
2019-08-30,40.99070783,41.29672106,40.6311393,40.71529388,1199400,yfinance
2019-09-03,40.50873764,40.51638673,39.8049016,40.29452515,1136900,yfinance
2019-09-04,40.76612053,40.92074323,40.52645519,40.63469315,1115600,yfinance
2019-09-05,41.15267253,41.94124561,41.15267253,41.67065811,1081500,yfinance
2019-09-06,41.67838618,42.30460674,41.47737875,42.13452148,1152700,yfinance
2019-09-09,42.45149018,43.34829808,42.27367514,43.3019104,1335600,yfinance
2019-09-10,43.27100313,43.81991097,43.12411022,43.7967186,1015500,yfinance
2019-09-11,43.67302199,43.84310433,42.96949142,43.81991196,1054200,yfinance
2019-09-12,43.61116738,44.48478316,43.2323419,44.34562302,1194000,yfinance
2019-09-13,44.77082787,45.05687792,44.39973519,44.70898056,1096100,yfinance
2019-09-16,44.40746519,44.60847557,43.82763233,44.00544739,984200,yfinance
2019-09-17,43.71166915,44.22192197,43.64208909,44.19872665,1100100,yfinance
2019-09-18,43.98998047,44.33014796,43.78124032,44.18325806,1080000,yfinance
2019-09-19,44.14460615,44.62393676,43.9667911,43.98998642,638800,yfinance
2019-09-20,44.14460832,44.3456187,43.61116314,43.72713089,1511000,yfinance
2019-09-23,43.17049553,44.38427892,43.06999033,44.16007614,685800,yfinance
2019-09-24,44.40746638,44.40746638,43.43334844,43.7193985,1110600,yfinance
2019-09-25,43.77351162,44.06729441,43.47973178,43.89720917,725300,yfinance
2019-09-26,43.77350202,44.04409238,43.40240945,43.85081482,716800,yfinance
2019-09-27,44.24510137,44.41518657,43.9899765,44.35333633,654600,yfinance
2019-09-30,44.39973988,44.62394265,44.05957229,44.17553711,951500,yfinance
2019-10-01,44.5002441,44.5002441,42.62931504,42.66024017,765500,yfinance
2019-10-02,42.43603622,42.43603622,41.43099313,41.52376556,1110000,yfinance
2019-10-03,41.26863257,41.40779268,40.48778945,41.25317001,1088500,yfinance
2019-10-04,41.22224876,42.35872206,41.22224876,42.32779694,878900,yfinance
2019-10-07,42.22728521,42.45921772,41.97216034,41.97216034,748700,yfinance
2019-10-08,41.32275755,41.41552999,40.46460441,40.48779678,914000,yfinance
2019-10-09,41.08309336,41.46191882,40.82023566,41.20679092,1181100,yfinance
2019-10-10,41.36141212,41.95670757,41.20678943,41.70931244,894200,yfinance
2019-10-11,42.47468894,43.37922974,42.47468894,42.79166412,903300,yfinance
2019-10-14,42.3355288,42.79939686,42.20410144,42.72208405,729700,yfinance
2019-10-15,42.83805752,43.38696533,42.70663014,43.1627655,676200,yfinance
2019-10-16,43.07771739,43.30964994,42.54426926,42.83032227,810400,yfinance
2019-10-17,43.13956087,43.3637636,42.79166059,42.89989853,539700,yfinance
2019-10-18,42.77620682,43.47200452,42.77620682,43.29418945,687100,yfinance
2019-10-21,43.62662196,44.00544442,43.62662196,43.93586731,617100,yfinance
2019-10-22,43.77350904,44.11367949,42.99266885,43.88947678,819200,yfinance
2019-10-23,43.81990662,44.37654716,43.81990662,44.32242966,589100,yfinance
2019-10-24,44.37654114,44.63166605,44.01317828,44.37654114,1052700,yfinance
2019-10-25,40.97485085,42.78392929,40.97485085,42.14224625,2210000,yfinance
2019-10-28,42.28914868,43.06225925,42.28914868,42.58293152,947200,yfinance
2019-10-29,42.42829996,42.93081996,42.35871991,42.52107239,873200,yfinance
2019-10-30,42.36645016,42.38964548,41.70157473,41.99535751,979200,yfinance
2019-10-31,41.80208379,41.94897372,41.02124349,41.26863861,1411900,yfinance
2019-11-01,41.70158549,42.21957114,41.70158549,42.17318344,929700,yfinance
2019-11-04,42.6525094,42.87671218,42.52881183,42.84578705,962400,yfinance
2019-11-05,42.89217542,43.60343871,42.83805792,43.5029335,1406800,yfinance
2019-11-06,43.54158143,43.7425918,43.22460626,43.53385162,1249100,yfinance
2019-11-07,43.81989771,44.09048517,43.07771243,43.18594742,1415600,yfinance
2019-11-08,43.10863607,43.15502376,42.0958633,42.75300598,1185500,yfinance
2019-11-11,42.32007482,43.20915023,42.32007482,42.95402527,819100,yfinance
2019-11-12,42.86897105,43.36376122,42.76073607,43.19367599,980300,yfinance
2019-11-13,42.71435558,42.71435558,42.03401751,42.05721283,818100,yfinance
2019-11-14,41.95669886,42.32779147,41.91031118,42.20409393,690700,yfinance
2019-11-15,42.45922748,42.55200287,42.01082492,42.22729492,980400,yfinance
2019-11-18,42.00308582,42.10358804,41.461908,41.96442795,630700,yfinance
2019-11-19,42.25822131,42.62931401,42.13452374,42.3587265,901300,yfinance
2019-11-20,42.00308582,42.18863065,41.50829273,41.96442795,727500,yfinance
2019-11-21,42.02628486,42.21956247,41.77888975,42.0108223,695200,yfinance
2019-11-22,42.24275749,42.6988928,42.12679268,42.22729492,679400,yfinance
2019-11-25,42.19637596,42.53654355,42.05721583,42.40511322,949300,yfinance
2019-11-26,42.16544602,42.36645345,41.94124328,42.24275589,845900,yfinance
2019-11-27,42.27368966,42.72209229,42.27368966,42.68343735,777200,yfinance
2019-11-29,42.6834313,42.838054,42.50561623,42.59838867,468400,yfinance
2019-12-02,42.66085836,42.98883716,42.00489777,42.05175018,942600,yfinance
2019-12-03,41.3020913,41.93462582,40.73983838,40.88040161,1145000,yfinance
2019-12-04,40.9819182,41.66130512,40.91944731,41.23180771,764300,yfinance
2019-12-05,41.23180295,41.5207371,41.0131504,41.22399521,1189400,yfinance
2019-12-06,41.98929288,42.14547459,41.69254793,41.90339279,782800,yfinance
2019-12-09,41.7940663,41.97367422,41.52074756,41.58322144,749000,yfinance
2019-12-10,41.66911294,41.8877655,41.48169433,41.57540512,933100,yfinance
2019-12-11,41.34894011,41.98928228,41.1849507,41.79405594,1098100,yfinance
2019-12-12,41.87214166,42.95759955,41.75500765,42.84046555,1122400,yfinance
2019-12-13,42.61399628,43.05911201,42.13764364,42.39534378,1046700,yfinance
2019-12-16,42.72332677,42.96540848,42.40315573,42.46562958,1051700,yfinance
2019-12-17,42.48125773,42.88732595,42.35631298,42.68429184,868400,yfinance
2019-12-18,42.81705057,43.19188485,42.61401347,42.74676895,1118900,yfinance
2019-12-19,42.85609208,43.09036312,42.55934717,43.02788925,1016600,yfinance
2019-12-20,43.33244614,43.6369988,42.6686747,42.98884583,2725100,yfinance
2019-12-23,42.9732242,42.9732242,42.58277149,42.78580856,734400,yfinance
2019-12-24,42.97322272,43.05131504,42.63743316,42.73114395,252500,yfinance
2019-12-26,42.78580171,43.05911737,42.64523852,42.9263649,412900,yfinance
2019-12-27,42.83264884,43.00444893,42.53590701,42.76236725,686300,yfinance
2019-12-30,42.91075035,42.91075035,42.6218162,42.67647934,505500,yfinance
2019-12-31,42.59838298,43.03569101,42.59838298,42.94979095,673900,yfinance
2020-01-02,43.28558828,43.64480406,43.02788806,43.51985931,1164500,yfinance
2020-01-03,42.68428645,42.99664978,42.34849691,42.87951279,896100,yfinance
2020-01-06,42.45001205,42.97321716,42.3172566,42.94979095,849900,yfinance
2020-01-07,42.86389445,43.45738419,42.47344177,43.2231102,868300,yfinance
2020-01-08,43.17625148,43.76973816,43.11377764,43.41052246,1176900,yfinance
2020-01-09,43.6604206,43.91031009,43.43395732,43.87126541,945300,yfinance
2020-01-10,43.91811906,44.10553468,43.48081098,43.49642944,1122100,yfinance
2020-01-13,43.60575546,43.88688187,43.48081072,43.76974487,1420900,yfinance
2020-01-14,43.79318457,43.96498177,43.43396576,43.53548431,1703900,yfinance
2020-01-15,43.40272576,43.48081511,42.98103611,43.1137886,1604800,yfinance
2020-01-16,43.50423948,44.01963693,43.4417686,43.80879211,1425600,yfinance
2020-01-17,43.80879901,44.63655994,43.80879901,44.57408905,1848300,yfinance
2020-01-21,44.21485764,44.36323155,43.31681832,43.43395233,1608700,yfinance
2020-01-22,43.61355159,43.84782551,43.3948991,43.42613602,1014700,yfinance
2020-01-23,43.23092667,43.40272682,42.39535807,43.20750046,1073800,yfinance
2020-01-24,43.20749518,43.21530292,42.16888961,42.45001602,1186300,yfinance
2020-01-27,41.46607037,41.89557067,41.23179937,41.31769943,1150800,yfinance
2020-01-28,41.78624226,42.4343951,41.60663439,42.05175018,1605100,yfinance
2020-01-29,43.65261123,43.65261123,42.33287925,42.54372406,1638000,yfinance
2020-01-30,42.09079795,42.52810303,41.84090849,42.50467682,1162100,yfinance
2020-01-31,42.16108414,42.23136574,41.32551262,41.3489418,2459400,yfinance
2020-02-03,41.78623359,42.57494947,41.66128889,42.06735992,1299400,yfinance
2020-02-04,42.65305631,42.98884591,42.59058542,42.62182236,738200,yfinance
2020-02-05,43.38709574,44.01962707,43.22310338,43.84001923,989800,yfinance
2020-02-06,44.1601952,44.16800592,43.65260853,43.82440567,1058700,yfinance
2020-02-07,43.45737785,43.71507503,43.19186995,43.41052246,733600,yfinance
2020-02-10,43.22311209,43.57452011,43.137215,43.57452011,592900,yfinance
2020-02-11,43.68385243,44.42571325,43.59795533,43.99621582,748700,yfinance
2020-02-12,44.04306434,44.51160638,44.01963516,44.13677216,758600,yfinance
2020-02-13,43.82441214,44.12896478,43.44957789,43.72289658,1276300,yfinance
2020-02-14,43.66041756,44.03525177,43.66041756,44.01182556,766500,yfinance
2020-02-18,43.74632182,44.23829306,42.69990844,43.15283203,1325000,yfinance
2020-02-19,43.38710756,43.73070489,43.1918812,43.66042328,726100,yfinance
2020-02-20,43.48082443,44.01964823,43.40273506,43.71509552,929400,yfinance
2020-02-21,43.41053578,43.45739118,42.45783014,42.48906708,1123400,yfinance
2020-02-24,41.20056415,41.73158001,40.0213984,40.3962326,1299500,yfinance
2020-02-25,40.6461209,40.87258416,38.3580681,38.63919449,1427500,yfinance
2020-02-26,39.15459524,39.48257705,38.18627424,38.22531891,1491900,yfinance
2020-02-27,37.52250893,38.1862804,36.28086906,36.55418777,1721800,yfinance
2020-02-28,35.7243035,36.0246414,34.06454425,35.08411026,3159800,yfinance
2020-03-02,35.25008867,37.23389586,34.75216356,37.210186,2399100,yfinance
2020-03-03,37.12325061,37.64488865,35.21848105,35.36864853,2615200,yfinance
2020-03-04,36.04835559,36.62531859,34.89442957,36.54628372,2419200,yfinance
2020-03-05,35.13153745,35.40026024,34.33327137,34.68893433,1824300,yfinance
2020-03-06,32.84738908,34.64150808,32.57076105,33.41644669,3041000,yfinance
2020-03-09,30.36565576,31.81991952,27.87602144,27.98667145,3157300,yfinance
2020-03-10,29.53578062,30.5711543,27.44132643,29.69385338,4202400,yfinance
2020-03-11,28.53991804,29.21962855,27.68632726,28.38974762,3553600,yfinance
2020-03-12,25.86059938,26.69837968,24.39052821,24.48537064,4020900,yfinance
2020-03-13,26.36642645,28.15263983,24.96748802,28.09731483,3880400,yfinance
2020-03-16,23.32354094,25.83688632,23.05481822,23.16546822,2457800,yfinance
2020-03-17,23.79776282,24.32730458,21.81395714,22.65173912,3726900,yfinance
2020-03-18,20.86552451,21.73492168,20.02774249,21.50571632,2941400,yfinance
2020-03-19,20.96826926,22.92836338,20.16210101,21.25279808,2373500,yfinance
2020-03-20,21.37925231,22.16171058,19.86966378,20.2964592,3215400,yfinance
2020-03-23,20.00402823,20.42291993,18.42330688,19.09511375,2243000,yfinance
2020-03-24,20.54147728,23.49742653,20.42292346,23.40258408,2697100,yfinance
2020-03-25,23.89260456,27.55197559,23.53694313,25.75785637,2908800,yfinance
2020-03-26,26.08189879,27.39389722,25.48912837,26.75370407,2493700,yfinance
2020-03-27,25.29154328,26.91178217,24.90426671,25.76575851,2035100,yfinance
2020-03-30,25.44961787,26.42966355,24.46956917,26.24788094,2070300,yfinance
2020-03-31,26.01866745,26.17674016,24.40633274,24.76989937,2277700,yfinance
2020-04-01,23.21289131,23.51322767,21.35554361,21.65587997,2325800,yfinance
2020-04-02,21.34763972,22.24074652,20.62050791,21.023592,2529400,yfinance
2020-04-03,20.81019194,21.41876988,20.39130033,20.87342072,1790900,yfinance
2020-04-06,22.41462864,22.62012259,21.790243,22.33559227,2556700,yfinance
2020-04-07,24.19293845,24.76990133,22.69125211,22.77028847,2163200,yfinance
2020-04-08,23.1733739,24.44585503,22.65963979,24.05857849,3185400,yfinance
2020-04-09,25.17298948,27.2674451,24.77780911,25.76575851,2436600,yfinance
2020-04-13,25.85269804,25.88431319,24.57231453,24.8963623,2120500,yfinance
2020-04-14,25.37848069,25.74204586,24.70667384,24.959589,2019800,yfinance
2020-04-15,23.74243573,23.97163954,23.0943387,23.41838646,1740100,yfinance
2020-04-16,23.18918582,23.40258359,22.44624625,22.62802887,1586400,yfinance
2020-04-17,23.80566743,24.39843802,23.63969088,24.13761902,2239200,yfinance
2020-04-20,23.39467663,24.11390473,22.95997735,23.54484558,1428400,yfinance
2020-04-21,22.52527854,23.2524104,22.21703837,22.46995354,1346400,yfinance
2020-04-22,23.2287028,23.31564296,22.80190876,22.95998001,1379200,yfinance
2020-04-23,23.84518234,23.84518234,22.92046026,23.29192924,1652200,yfinance
2020-04-24,23.56065167,23.97163959,22.73077355,23.69501305,2461900,yfinance
2020-04-27,23.95583304,25.22831428,23.9163156,25.04653168,2469800,yfinance
2020-04-28,27.09356226,27.76537062,25.93173414,26.56402206,3168200,yfinance
2020-04-29,27.69423867,29.08527213,27.42551592,28.88768196,3426800,yfinance
2020-04-30,28.1842642,28.9983348,27.86021641,28.77703476,3790000,yfinance
2020-05-01,27.88392816,28.08942366,27.37809773,27.74166298,2575300,yfinance
2020-05-04,27.14098416,27.78117736,26.78532127,27.6389122,1755200,yfinance
2020-05-05,28.11312869,28.32652644,27.40180289,27.55197334,1950400,yfinance
2020-05-06,27.93135322,28.0103881,26.64306416,26.84065437,2082700,yfinance
2020-05-07,27.0224289,28.97462062,27.0224289,28.68218803,2184900,yfinance
2020-05-08,29.43303253,30.2787182,28.91139461,30.19968033,1830000,yfinance
2020-05-11,29.41722486,29.66223473,28.86397179,28.93510437,1404800,yfinance
2020-05-12,29.25124851,29.50416671,27.59939451,27.6072998,1365200,yfinance
2020-05-13,26.88807224,27.47293749,25.49703567,25.69462585,1582300,yfinance
2020-05-14,24.96749485,26.65886628,24.29568794,26.57192612,1860600,yfinance
2020-05-15,26.29529651,27.0698495,25.8526935,26.75370407,1473900,yfinance
2020-05-18,28.15264193,29.38560547,27.87601695,29.06155777,1677600,yfinance
2020-05-19,28.69799468,28.83235453,27.87601892,27.89972878,1129300,yfinance
2020-05-20,28.54782486,29.00623547,28.39765743,28.54782486,897400,yfinance
2020-05-21,28.33442557,29.3223763,28.08151043,29.24334145,1196300,yfinance
2020-05-22,29.39351124,29.40141653,28.63476575,29.1880188,1630300,yfinance
2020-05-26,30.61857295,31.38522074,30.43678735,30.92681313,2049900,yfinance
2020-05-27,32.37317205,32.86319783,31.66975154,32.39688492,1474900,yfinance
2020-05-28,32.89481496,33.02917786,31.8989617,32.24671936,2148400,yfinance
2020-05-29,31.23700881,32.46308849,30.49975916,30.94851875,2718100,yfinance
2020-06-01,30.94850816,31.94219544,30.41159867,31.66973305,1896900,yfinance
2020-06-02,32.1665855,32.54322563,31.6376881,31.8220005,1431900,yfinance
2020-06-03,32.59932261,34.59470714,32.3268601,34.48251724,1697200,yfinance
2020-06-04,33.92155483,35.77269363,33.72121492,35.77269363,1753200,yfinance
2020-06-05,37.87226432,38.79382935,37.31932714,37.70397949,1931100,yfinance
2020-06-08,38.46526402,39.5390861,38.15273424,39.04224396,2680700,yfinance
2020-06-09,37.28727192,38.18479713,36.89460732,37.88027954,1342300,yfinance
2020-06-10,37.3273426,37.3914498,35.50825541,35.53229523,1805100,yfinance
2020-06-11,33.09615929,34.21806424,31.99829721,32.09445953,2198100,yfinance
2020-06-12,33.91354461,33.9616273,32.28678528,33.56094742,1514100,yfinance
2020-06-15,31.91014385,34.82709274,31.73384373,34.46648026,1706900,yfinance
2020-06-16,36.38172955,36.38172955,34.28216505,35.42009735,1883600,yfinance
2020-06-17,35.18771082,35.4120906,34.29018865,34.33826828,1225000,yfinance
2020-06-18,32.61534161,34.25812844,32.61534161,33.85744858,1741600,yfinance
2020-06-19,34.87517232,34.93126725,32.94389569,33.79333496,3805800,yfinance
2020-06-22,33.64910666,33.64910666,32.85575894,33.05609894,1336600,yfinance
2020-06-23,33.01602117,34.04977595,33.01602117,33.56895828,1762100,yfinance
2020-06-24,33.20834196,33.20834196,31.42932566,31.6857605,1696600,yfinance
2020-06-25,31.49343752,32.26274214,31.15686789,32.05438995,2557400,yfinance
2020-06-26,31.70179565,31.77391815,30.98057058,31.36522293,2283500,yfinance
2020-06-29,32.06239556,32.3508855,31.41329625,32.33485794,1215300,yfinance
2020-06-30,31.95021404,33.48081112,31.95021404,33.28848648,2169100,yfinance
2020-07-01,33.57698094,33.90553838,31.9822734,32.18261337,1643100,yfinance
2020-07-02,33.24039893,33.96963611,32.58328424,32.68746185,1495300,yfinance
2020-07-06,33.67313862,34.67483835,33.56896099,33.86546326,2066400,yfinance
2020-07-07,33.36059553,33.66510993,32.80765554,32.86375046,1088400,yfinance
2020-07-08,32.99196528,33.56894504,32.85573565,33.55291748,1406900,yfinance
2020-07-09,33.56094541,33.56094541,31.83802081,31.93418312,1727700,yfinance
2020-07-10,32.09445627,33.60101341,32.09445627,33.56895828,1354900,yfinance
2020-07-13,33.97765304,34.33826246,33.36060569,33.54491806,1376800,yfinance
2020-07-14,33.68916074,34.20203043,33.1843033,34.08182526,1088600,yfinance
2020-07-15,34.93928005,35.90091225,34.52257571,35.70858765,1819300,yfinance
2020-07-16,35.27585763,36.31762473,34.86716243,35.86886215,1265400,yfinance
2020-07-17,35.84481817,35.84481817,35.25181372,35.66851807,1200000,yfinance
2020-07-20,35.13962492,35.57235993,34.90723291,35.14764023,1073300,yfinance
2020-07-21,35.34797991,36.22146218,35.34797991,35.90091705,1085800,yfinance
2020-07-22,35.88488584,36.26152587,35.48420599,36.04515839,967100,yfinance
2020-07-23,35.9329721,36.36570711,35.73263216,36.0772171,959600,yfinance
2020-07-24,36.02111417,36.28556125,35.62844663,35.8768692,1280900,yfinance
2020-07-27,35.60442041,35.96503297,35.02744031,35.8288002,1382300,yfinance
2020-07-28,37.65589254,37.6639048,34.69887338,34.80305099,2650800,yfinance
2020-07-29,34.72291853,35.23578827,34.27415598,35.16366577,1828500,yfinance
2020-07-30,34.12190454,34.13792904,33.36061205,34.0177269,1889300,yfinance
2020-07-31,34.00170135,34.0577963,33.28047621,34.00170135,4589800,yfinance
2020-08-03,34.2661413,35.01942141,33.80936649,34.43442917,1788000,yfinance
2020-08-04,34.15395352,34.85113875,34.06580346,34.6507988,1587300,yfinance
2020-08-05,35.01941233,36.05316686,34.7068826,35.7807045,1706900,yfinance
2020-08-06,35.36400058,35.54029762,34.37031332,34.418396,1541500,yfinance
2020-08-07,34.17799281,35.53228962,34.13792238,35.51626205,1614100,yfinance
2020-08-10,35.83680647,36.71028865,35.60441142,36.50994873,1139400,yfinance
2020-08-11,37.34335976,37.98444995,36.95870748,37.00679016,1821900,yfinance
2020-08-12,37.60780883,37.66390376,36.10125182,36.40576935,1183700,yfinance
2020-08-13,35.90892672,36.4137811,35.72461437,35.97303391,801100,yfinance
2020-08-14,35.74064256,36.48590735,35.69256293,36.23748779,1086000,yfinance
2020-08-17,36.23749434,36.30160154,35.50825698,35.58037949,973800,yfinance
2020-08-18,35.80474194,35.94097158,34.97934265,35.06748962,671900,yfinance
2020-08-19,34.91523983,35.58036981,34.82708978,35.01140213,847900,yfinance
2020-08-20,34.61873468,34.82708683,34.36229986,34.57065201,837800,yfinance
2020-08-21,34.6107182,34.8431132,33.92155155,34.14593124,885600,yfinance
2020-08-24,34.57867144,35.79673546,34.40237133,35.75666809,855400,yfinance
2020-08-25,36.06119993,36.40578498,35.39606967,35.50826263,814300,yfinance
2020-08-26,35.33195288,35.38003556,34.94730055,35.0274353,791200,yfinance
2020-08-27,34.94730291,35.98105784,34.94730291,35.53229523,989300,yfinance
2020-08-28,35.82878737,35.83680268,35.05948288,35.52427292,964300,yfinance
2020-08-31,35.54862593,35.55674379,34.14453671,34.17700195,1691100,yfinance
2020-09-01,33.88482546,35.12659172,33.71438756,34.80194855,1251900,yfinance
2020-09-02,34.71266861,35.27268015,34.25816448,35.14282227,1257200,yfinance
2020-09-03,35.41876689,36.14110148,34.18511559,34.50976181,1392900,yfinance
2020-09-04,35.33760721,35.59732295,34.57468952,35.24021149,1351400,yfinance
2020-09-08,34.93180291,35.18340081,33.86858942,34.16077042,1691400,yfinance
2020-09-09,34.63150251,34.68831823,33.8280079,33.96598053,1078700,yfinance
2020-09-10,34.07149362,34.73701565,32.99205057,33.08944321,1300500,yfinance
2020-09-11,33.09754795,33.75495502,32.84595013,33.33291626,1204700,yfinance
2020-09-14,33.63322409,33.93352298,33.27611567,33.53583145,973700,yfinance
2020-09-15,33.56017531,33.70626581,32.40768706,32.42391968,1091700,yfinance
2020-09-16,32.57812317,34.07960806,32.4482653,33.77119446,1856700,yfinance
2020-09-17,33.38973152,33.66567984,32.98392534,33.51147461,1335600,yfinance
2020-09-18,33.38974029,33.54394866,32.57812773,32.59436035,1777000,yfinance
2020-09-21,31.62041639,32.05057304,31.06851974,31.65288162,1596100,yfinance
2020-09-22,31.72593162,32.17231786,31.10910751,31.50679588,1101600,yfinance
2020-09-23,31.69346189,32.31840377,30.62213382,30.67083168,1190600,yfinance
2020-09-24,30.7925762,31.40128556,30.05400898,31.02794456,1159800,yfinance
2020-09-25,30.62214183,31.5798449,30.41923868,31.35259438,1209000,yfinance
2020-09-28,32.11550074,32.76479,31.95317765,32.5456543,1626900,yfinance
2020-09-29,32.26159407,32.57812242,31.79897523,32.51319504,1520300,yfinance
2020-09-30,32.67551404,33.1705981,32.33463832,32.6836319,1541500,yfinance
2020-10-01,32.76479048,33.12190191,32.34275168,32.75667572,1356400,yfinance
2020-10-02,32.23724196,33.55205304,32.23724196,33.31668472,810700,yfinance
2020-10-05,33.69814499,34.41236472,33.68191237,33.99032593,826300,yfinance
2020-10-06,34.29062634,35.02107879,33.75496225,33.86858749,1476400,yfinance
2020-10-07,34.22568904,35.05353395,34.22568904,34.97237396,1050100,yfinance
2020-10-08,35.24833189,35.50804765,34.85875826,35.26456451,897600,yfinance
2020-10-09,35.47559052,35.65414631,34.42049463,34.4691925,1269300,yfinance
2020-10-12,34.63962214,34.89933789,34.33120852,34.73701477,1048500,yfinance
2020-10-13,34.34744438,34.56658015,33.35727604,33.47901917,887300,yfinance
2020-10-14,33.44654338,34.00655787,33.44654338,33.47089386,1148300,yfinance
2020-10-15,33.05697391,33.73872847,32.87841818,33.73061371,986000,yfinance
2020-10-16,33.8442447,33.98221735,33.16249002,33.43843842,857000,yfinance
2020-10-19,33.51959065,34.03090731,33.11378446,33.17059708,787000,yfinance
2020-10-20,33.68192047,34.11207413,33.37350684,33.45466995,852200,yfinance
2020-10-21,33.47089853,33.61698592,33.24364494,33.34915543,707400,yfinance
2020-10-22,33.26799746,34.99672984,33.17060173,34.85063934,1291200,yfinance
2020-10-23,35.31325131,35.70282796,35.00484086,35.32136917,1420600,yfinance
2020-10-26,34.76948606,34.83441346,33.67381022,34.07961655,1299700,yfinance
2020-10-27,33.00016023,33.43843167,31.89636687,31.93694687,3035000,yfinance
2020-10-28,31.00359991,31.71781982,30.67895365,31.04417992,2462600,yfinance
2020-10-29,30.80881555,32.02623453,30.43547447,31.7502861,1674400,yfinance
2020-10-30,31.40940114,32.05869046,31.27142542,31.83143997,1130400,yfinance
2020-11-02,32.52131847,32.54566586,31.74217107,32.22913742,1204900,yfinance
2020-11-03,33.06509257,34.06337551,32.9352347,33.92539978,1584600,yfinance
2020-11-04,33.14625378,34.55846086,32.34275607,33.86047363,2680800,yfinance
2020-11-05,33.86858494,35.00484353,33.76307446,34.90744781,1813200,yfinance
2020-11-06,35.20774725,35.29702511,33.38161933,33.57640457,1858100,yfinance
2020-11-09,36.14922445,39.73655051,36.14110659,38.66522217,3426900,yfinance
2020-11-10,38.6571084,38.7220358,37.66694005,38.34057999,2611000,yfinance
2020-11-11,38.37303364,38.45419674,36.4495131,36.96894455,1878600,yfinance
2020-11-12,36.44951601,36.56314126,35.6866014,36.18980026,2588700,yfinance
2020-11-13,36.50633131,37.75621535,36.29531342,37.57765961,765000,yfinance
2020-11-16,38.95740155,39.33886043,38.35680691,39.21711731,1374200,yfinance
2020-11-17,38.88435932,39.80959718,38.45420563,39.7609024,1491600,yfinance
2020-11-18,39.93134031,40.7429529,39.67973929,39.7609024,1425000,yfinance
2020-11-19,39.37131374,39.77711991,38.9573928,39.71219254,1556900,yfinance
2020-11-20,39.59046051,39.88264153,39.25769948,39.76901627,1099700,yfinance
2020-11-23,40.31279808,41.25427171,40.14236017,41.10006332,1540300,yfinance
2020-11-24,41.61137571,42.74763142,41.60325785,42.69081879,1584100,yfinance
2020-11-25,42.19573503,42.35805505,41.46528254,42.20384979,711900,yfinance
2020-11-27,42.02529514,42.35805615,41.71688461,41.71688461,602700,yfinance
2020-11-30,41.52208718,41.86296597,40.26408867,40.41017914,2464500,yfinance
2020-12-01,41.06686624,41.16536987,40.27885594,40.73031998,2550900,yfinance
2020-12-02,40.45943541,41.93695522,40.28705877,41.74816132,1398000,yfinance
2020-12-03,41.48548843,42.55258583,41.48548843,42.15858078,1374900,yfinance
2020-12-04,42.61826411,43.25852524,42.56080522,42.91376877,1111400,yfinance
2020-12-07,42.39663036,42.43767197,41.32132267,41.62503433,1377600,yfinance
2020-12-08,41.07506963,41.92053867,41.07506963,41.67428589,1444800,yfinance
2020-12-09,42.01903726,42.16678955,41.0504403,41.08327484,1764600,yfinance
2020-12-10,40.31989728,41.0997005,40.22139678,40.89448929,1848500,yfinance
2020-12-11,40.02437495,40.65642556,39.7042461,40.03258514,1485100,yfinance
2020-12-14,40.787775,41.02582073,39.07220932,39.25279617,2074700,yfinance
2020-12-15,39.72887827,39.97513101,39.19532805,39.67962646,1635300,yfinance
2020-12-16,39.62217259,39.75350761,38.95728728,39.58113098,1558900,yfinance
2020-12-17,39.82738232,39.88484119,39.16249703,39.72888184,1617900,yfinance
2020-12-18,39.59755042,40.08184893,38.88341326,39.3595047,4847900,yfinance
2020-12-21,39.55650934,39.55650934,38.42374579,38.99012756,1674200,yfinance
2020-12-22,38.97369358,39.49082645,38.84235859,38.90802765,1486800,yfinance
2020-12-23,39.32667412,40.18035346,39.31025685,39.84380722,914500,yfinance
2020-12-24,39.89305999,40.09006414,39.27742633,39.79455948,415300,yfinance
2020-12-28,39.95050715,40.69747878,39.89304827,39.95871735,676500,yfinance
2020-12-29,40.25422676,40.4266034,39.67142774,39.72067642,926100,yfinance
2020-12-30,39.76992489,40.40197566,39.73709035,40.040802,668900,yfinance
2020-12-31,39.89305575,40.77135943,39.8191796,40.72211075,928300,yfinance
2021-01-04,40.75494229,41.0422367,39.44979904,39.65501022,1310800,yfinance
2021-01-05,39.58113497,40.24601722,39.00654302,40.0654335,1762200,yfinance
2021-01-06,40.82060363,42.28170609,40.81239656,41.94515991,1761200,yfinance
2021-01-07,42.10113159,42.75780682,42.07650412,42.47051239,1920900,yfinance
2021-01-08,43.0368814,43.0368814,41.90411501,42.56900024,978700,yfinance
2021-01-11,42.01904053,42.64288428,41.86308116,42.51975632,883100,yfinance
2021-01-12,42.68391874,43.47192879,42.58541826,43.14359283,981500,yfinance
2021-01-13,42.98763037,43.57043241,42.75779489,43.25851059,1135800,yfinance
2021-01-14,43.70997266,44.35023041,43.25850878,44.07935333,1353600,yfinance
2021-01-15,43.36522649,44.22711279,43.08613917,43.75923157,1255500,yfinance
2021-01-19,43.88234909,44.94944639,43.75101409,44.58827591,1851900,yfinance
2021-01-20,44.62112486,44.80991879,43.96444963,44.06295013,1042500,yfinance
2021-01-21,43.81669759,44.06295041,43.32418882,43.89878082,1079400,yfinance
2021-01-22,43.42268751,44.07936266,43.13538997,43.88235855,1233600,yfinance
2021-01-25,43.06972781,43.93161423,43.00405873,43.5376091,1381300,yfinance
2021-01-26,43.89057152,43.97265475,42.96301604,42.98764038,804400,yfinance
2021-01-27,42.19961569,42.39661975,41.74815184,42.03544617,1740800,yfinance
2021-01-28,42.70034452,43.6032725,42.57721655,43.13539124,1713100,yfinance
2021-01-29,41.66607675,42.25708595,40.12289093,40.44301987,3090400,yfinance
2021-02-01,40.76315063,41.21461462,40.36093532,41.14894867,1805700,yfinance
2021-02-02,41.51011014,42.12574357,41.24744012,41.5265274,1266300,yfinance
2021-02-03,41.54294918,42.02724766,41.36236235,41.98620605,1043000,yfinance
2021-02-04,42.10932947,43.49655892,42.01082899,43.3570137,1460500,yfinance
2021-02-05,43.66892975,43.75101295,43.07792068,43.18463135,1281100,yfinance
2021-02-08,43.3241794,44.39948701,43.3241794,44.37486267,1159800,yfinance
2021-02-09,44.36665223,44.83453343,44.08756493,44.65394974,1236800,yfinance
2021-02-10,45.0151217,45.0151217,44.17785976,44.50619888,1167600,yfinance
2021-02-11,44.65395479,44.96587354,43.94802782,44.36665726,1094100,yfinance
2021-02-12,44.30099984,44.86738169,44.00549518,44.4323349,1126400,yfinance
2021-02-16,44.80170513,45.03154064,44.24353048,44.72782898,1077200,yfinance
2021-02-17,44.62111354,45.06437038,44.18606689,44.5472374,1555300,yfinance
2021-02-18,44.15323809,44.58828479,43.38985225,43.84131622,2113700,yfinance
2021-02-19,44.25174198,45.33525684,44.16965876,45.22854614,1388100,yfinance
2021-02-22,47.60900084,49.67753022,47.47766579,48.90593719,4418000,yfinance
2021-02-23,48.68430071,48.90592915,47.64182755,48.16716766,2987500,yfinance
2021-02-24,48.56116588,49.85810184,47.74852836,49.62005615,2256100,yfinance
2021-02-25,50.14540706,50.53941217,47.83883213,47.91270828,1711400,yfinance
2021-02-26,46.05619803,47.7800954,46.05619803,46.89328384,2290000,yfinance
2021-03-01,47.86298664,48.93213463,47.50660397,48.24423218,1553700,yfinance
2021-03-02,48.08675129,48.34367922,47.65577693,47.90441513,1310600,yfinance
2021-03-03,47.92099461,48.816096,47.80496365,47.9955864,1807200,yfinance
2021-03-04,47.93756568,48.16962758,45.80756,46.96787262,2036700,yfinance
2021-03-05,47.97900506,48.80780115,46.70265833,48.63375473,1957400,yfinance
2021-03-08,49.2553612,50.8052093,48.89897856,49.86038208,2018800,yfinance
2021-03-09,49.44597839,50.46539728,48.75807923,49.54543304,1530700,yfinance
2021-03-10,49.72776684,51.16158374,49.62831219,50.78033829,1209900,yfinance
2021-03-11,50.1670289,51.21960037,49.91010412,50.63944244,1175600,yfinance
2021-03-12,51.29418856,51.34391746,50.74718328,51.01239777,1071300,yfinance
2021-03-15,50.80520116,50.96267444,49.62831219,50.78033829,1596800,yfinance
2021-03-16,50.17531334,50.28305455,49.10616568,49.49570084,1348600,yfinance
2021-03-17,50.11730558,50.28306229,49.10617324,49.95154572,1500200,yfinance
2021-03-18,50.32450034,51.28590369,49.93496516,50.20846939,2486100,yfinance
2021-03-19,49.80236807,50.4156787,49.0978925,50.05100632,6096300,yfinance
2021-03-22,49.62002187,49.68632707,48.84924124,49.37138367,1821900,yfinance
2021-03-23,49.13932345,49.31336988,47.85469008,48.02044678,1576800,yfinance
2021-03-24,48.73322317,49.35482041,47.95415576,48.02874756,2445800,yfinance
2021-03-25,48.10332834,49.67803909,47.63091479,49.47912979,1761200,yfinance
2021-03-26,50.14217549,50.63116543,49.39625756,50.24991989,1112300,yfinance
2021-03-29,49.32995359,50.01785284,49.04816274,49.56201553,4476800,yfinance
2021-03-30,49.69461992,50.52341613,49.67804362,50.2582016,907000,yfinance
2021-03-31,49.7526337,50.47368866,49.63660275,49.69461823,1686500,yfinance
2021-04-01,49.50399218,50.45710899,49.37967466,50.44053268,1172900,yfinance
2021-04-05,51.08699754,51.41851729,50.65602314,50.88808823,1079400,yfinance
2021-04-06,50.88807808,51.36877814,50.71402851,51.16157913,1351000,yfinance
2021-04-07,51.34392917,51.64229633,50.99583309,51.38536835,819200,yfinance
2021-04-08,51.02069062,51.17816074,50.59800282,50.89636993,1422700,yfinance
2021-04-09,51.22789347,51.59256265,50.87979742,51.352211,1504100,yfinance
2021-04-12,51.42679803,52.23901784,51.21131243,52.11470032,924500,yfinance
2021-04-13,52.18928885,52.18928885,51.32734019,51.5676918,948700,yfinance
2021-04-14,51.35220824,52.54567671,51.26104016,52.25559616,1380900,yfinance
2021-04-15,52.46279561,52.5871163,51.98209549,52.33847809,1049400,yfinance
2021-04-16,52.9683679,53.16728039,52.31361811,52.39649963,1489400,yfinance
2021-04-19,52.61197788,52.80260061,52.04010969,52.42964172,1663000,yfinance
2021-04-20,51.88263701,52.15614126,50.58971706,50.97096252,3022200,yfinance
2021-04-21,50.7637719,52.15614989,50.55657283,52.12299728,960900,yfinance
2021-04-22,52.08983286,52.10640917,50.86321503,51.08699036,2711600,yfinance
2021-04-23,51.44337546,52.25559528,51.22788985,51.97380447,1868200,yfinance
2021-04-26,52.13956596,52.6865713,51.58427405,51.6671524,1304300,yfinance
2021-04-27,51.86605689,52.13955793,51.63399185,52.13127136,1699500,yfinance
2021-04-28,52.71143803,53.77229617,52.25560074,52.78602982,1578500,yfinance
2021-04-29,53.33302922,53.59824372,52.63684035,53.23357773,1137500,yfinance
2021-04-30,53.0760967,53.3164483,52.47936257,52.93519974,1310400,yfinance
2021-05-03,53.63139256,54.0457906,53.05952126,53.44077301,1388900,yfinance
2021-05-04,53.35789757,53.68112759,52.64513549,53.58996582,1429000,yfinance
2021-05-05,53.76400998,54.6425319,53.36618504,54.44362259,1424600,yfinance
2021-05-06,54.64251802,55.1978098,53.84687466,55.17294693,1184200,yfinance
2021-05-07,52.71972033,55.28898698,52.71972033,55.24755096,1136300,yfinance
2021-05-10,55.62879924,56.33327469,55.32214239,55.37186813,1607700,yfinance
2021-05-11,55.0320645,55.0320645,53.49879292,53.71427536,1142300,yfinance
2021-05-12,54.12040076,54.42705134,52.39650294,52.56225967,1223000,yfinance
2021-05-13,52.2555977,54.41875937,52.24731113,54.11210251,1731000,yfinance
2021-05-14,54.3358647,55.57905872,54.31929156,55.38843918,890700,yfinance
2021-05-17,55.03205757,55.54590706,54.60108009,55.42159271,844700,yfinance
2021-05-18,55.33872193,55.53763758,54.38561132,54.43533707,1523000,yfinance
2021-05-19,53.8966108,54.23642024,52.73629812,53.93805313,1823100,yfinance
2021-05-20,54.00435554,54.21155456,53.42419449,53.83859253,1041600,yfinance
2021-05-21,54.00436032,54.88288221,53.78058181,54.41875839,1060700,yfinance
2021-05-24,54.58451103,54.68396884,54.16182326,54.50163269,969300,yfinance
2021-05-25,54.50991313,55.06521128,52.99321801,53.03466034,1488800,yfinance
2021-05-26,53.14240147,53.83029734,52.96006533,53.68940353,3376600,yfinance
2021-05-27,54.13696617,54.87459427,53.68941548,54.09552383,2386200,yfinance
2021-05-28,54.5928094,54.5928094,53.32474587,54.19498444,1343500,yfinance
2021-06-01,54.7917165,55.40502391,54.65082266,54.89117432,2382600,yfinance
2021-06-02,55.04174155,55.45162506,54.62349126,54.75732803,1028700,yfinance
2021-06-03,54.1383186,55.29268711,54.1383186,54.97481918,923300,yfinance
2021-06-04,54.99991066,55.2090358,54.35580805,55.15884781,703400,yfinance
2021-06-07,55.35124083,55.35124083,54.715505,54.80751419,716100,yfinance
2021-06-08,54.55657144,55.39307206,54.12158754,55.34288406,882100,yfinance
2021-06-09,55.1170242,55.1170242,54.41436676,54.43946075,826600,yfinance
2021-06-10,55.32615144,55.36797903,53.82044775,53.85390854,767700,yfinance
2021-06-11,54.0797628,54.38926392,54.02120802,54.26379395,623200,yfinance
2021-06-14,54.2637968,54.37253958,53.55276618,53.73679733,935000,yfinance
2021-06-15,52.73300266,54.36417641,52.72463587,53.99612045,1426000,yfinance
2021-06-16,53.90409403,54.38925946,53.27671546,53.94591522,1093800,yfinance
2021-06-17,54.32235326,54.43946284,51.46988303,51.70410538,1095800,yfinance
2021-06-18,50.70866383,51.24402369,49.93071804,49.97254562,2011600,yfinance
2021-06-21,50.56646933,51.58699804,50.48281734,51.54517365,975600,yfinance
2021-06-22,51.44477682,51.9634062,50.8006711,51.64553833,1216600,yfinance
2021-06-23,51.83793968,52.4569483,51.44478341,52.07215881,1002400,yfinance
2021-06-24,52.31475001,52.90866469,51.92996049,52.63261795,1441100,yfinance
2021-06-25,52.55733987,54.18014687,52.55733987,53.83718491,1785400,yfinance
2021-06-28,53.82880375,53.89572531,52.73299018,52.81663895,1469600,yfinance
2021-06-29,53.18470162,53.4942059,52.53222908,52.66606903,860400,yfinance
2021-06-30,52.5322362,52.99231088,52.44022062,52.85847092,1099500,yfinance
2021-07-01,53.42729247,53.51930805,52.84174141,53.15124893,1213700,yfinance
2021-07-02,52.97558333,53.05086532,52.72463061,52.92539215,772800,yfinance
2021-07-06,53.94592414,53.99611852,51.41132824,51.70410538,1312000,yfinance
2021-07-07,50.76721483,51.97177761,50.76721483,51.74592209,896300,yfinance
2021-07-08,50.54972967,50.90942517,49.81360828,50.13984299,1531700,yfinance
2021-07-09,51.23566719,51.9550583,50.94289323,51.85467911,1122000,yfinance
2021-07-12,51.7208305,52.46531547,51.14364307,52.28128433,1949500,yfinance
2021-07-13,51.88813241,52.40676509,51.4196941,51.4531517,789400,yfinance
2021-07-14,51.68737031,52.18926937,50.76721778,51.36949921,729800,yfinance
2021-07-15,50.78395726,51.92159874,50.63338688,51.52844238,985400,yfinance
2021-07-16,51.16036914,51.91322085,50.86759525,51.01816559,1136000,yfinance
2021-07-19,49.838707,50.19003571,49.06912479,49.52083588,1477200,yfinance
2021-07-20,49.24478577,51.78774817,49.24478577,51.50333786,1670200,yfinance
2021-07-21,52.06380268,53.42729647,51.96342031,52.74973297,1258900,yfinance
2021-07-22,52.69117617,52.70790337,51.70410517,51.87140274,1179900,yfinance
2021-07-23,52.43186321,52.79992236,51.8128513,52.02197647,622400,yfinance
2021-07-26,52.00524303,52.86684086,52.00524303,52.39839935,1342300,yfinance
2021-07-27,51.72083045,52.86683531,51.33603777,52.32310867,1057800,yfinance
2021-07-28,52.66608243,53.41893433,51.29422182,52.25619888,1693900,yfinance
2021-07-29,53.09269678,53.21816996,52.21436855,52.60752487,1184200,yfinance
2021-07-30,52.39840812,52.78319771,51.72084453,51.97179413,1534200,yfinance
2021-08-02,52.2394707,53.13452622,51.73756835,51.86304474,1218900,yfinance
2021-08-03,52.07215794,52.77481852,50.70029759,52.69116974,1279500,yfinance
2021-08-04,52.18927111,52.88356813,51.64554764,51.72083282,1832600,yfinance
2021-08-05,52.2394576,53.20979807,52.04706287,53.20143127,1310200,yfinance
2021-08-06,54.03794397,54.55657671,53.71170921,54.25543594,890700,yfinance
2021-08-09,54.25542937,54.77406204,53.75353029,54.33071136,799500,yfinance
2021-08-10,54.37253627,55.53527153,54.07139556,54.95808411,981600,yfinance
2021-08-11,55.41816647,56.09572993,54.69040863,56.01208115,882500,yfinance
2021-08-12,56.16265661,56.36341499,55.80296105,56.1961174,550100,yfinance
2021-08-13,56.41360401,56.4721588,55.91169853,55.9953537,596800,yfinance
2021-08-16,55.56036391,56.05390254,55.10029245,55.75276184,1210600,yfinance
2021-08-17,55.17558046,55.70257355,54.66531457,55.27596283,790100,yfinance
2021-08-18,55.11702796,55.82805224,54.75733242,54.79916,787300,yfinance
2021-08-19,53.93756234,54.66531379,53.62805481,54.02957153,657300,yfinance
2021-08-20,53.9793823,54.64021854,53.72006916,54.3976326,1142300,yfinance
2021-08-23,54.73224349,55.59383823,54.6485947,55.16722107,790300,yfinance
2021-08-24,55.18393498,56.0538962,55.09191942,55.93678665,837500,yfinance
2021-08-25,56.22119775,57.21663538,55.94515105,56.67290878,1002100,yfinance
2021-08-26,56.83185489,56.83185489,55.73603472,55.7611351,786400,yfinance
2021-08-27,56.00372259,57.04098812,55.92844059,56.98243332,558900,yfinance
2021-08-30,56.40523467,57.1078921,56.05390596,56.17938232,549300,yfinance
2021-08-31,56.28070932,56.78736107,55.99360258,56.41581345,1012500,yfinance
2021-09-01,56.5340348,56.56781244,55.5713945,55.65584183,1028000,yfinance
2021-09-02,55.90916895,56.30604824,55.68117789,56.05271912,928500,yfinance
2021-09-03,56.08649383,56.09493985,55.32651293,55.73183823,846600,yfinance
2021-09-07,55.76561592,56.06960828,55.09852193,55.14918518,804800,yfinance
2021-09-08,55.014084,55.343408,54.53276381,54.84519577,676500,yfinance
2021-09-09,54.76074432,55.91760433,54.68474946,55.1069603,1045800,yfinance
2021-09-10,55.44473139,55.55450389,54.53275442,54.77763748,1194200,yfinance
2021-09-13,55.48695158,56.07805066,54.83674968,55.68117142,1250900,yfinance
2021-09-14,56.0104944,56.0104944,54.78607904,55.00563049,976000,yfinance
2021-09-15,55.11540291,56.14559844,55.01407643,55.79938889,948200,yfinance
2021-09-16,56.03581942,56.26381042,55.23362146,55.5122757,1096000,yfinance
2021-09-17,55.14074432,56.04427536,54.6003149,55.02252579,2344200,yfinance
2021-09-20,53.60389386,53.95010666,51.48439662,52.3372612,1395700,yfinance
2021-09-21,52.86080307,52.86080307,51.54350713,52.10926819,1508400,yfinance
2021-09-22,52.88613476,53.36745489,52.58214241,52.83546829,1072700,yfinance
2021-09-23,53.26612334,54.6340824,53.26612334,54.22876358,843400,yfinance
2021-09-24,54.32165858,55.23363571,54.19499401,54.42298508,975800,yfinance
2021-09-27,54.98029743,56.65224879,54.98029743,56.17937469,1009400,yfinance
2021-09-28,56.13716828,56.55937921,55.26740835,55.41096497,1135200,yfinance
2021-09-29,55.46163274,55.63051455,54.81143069,55.18297195,861200,yfinance
2021-09-30,55.46161897,55.70650204,54.05143624,54.38076019,1493900,yfinance
2021-10-01,54.48208682,55.84160631,54.22876417,55.41939545,1014600,yfinance
2021-10-04,55.27584695,56.29759649,54.83675047,54.98874664,1163800,yfinance
2021-10-05,55.11540596,56.40737668,54.83675168,56.28071213,1912300,yfinance
2021-10-06,55.7656159,56.87180638,55.44473794,56.72825623,1362000,yfinance
2021-10-07,57.42067922,58.04554951,57.2180198,57.3953476,1008900,yfinance
2021-10-08,57.61490126,58.56909556,57.45445906,58.19754791,1484100,yfinance
2021-10-11,58.46776678,58.92375535,57.48824079,57.52201843,1022400,yfinance
2021-10-12,57.69933754,57.97799825,56.94780272,57.05757523,891800,yfinance
2021-10-13,56.8887039,57.03225407,55.4869605,56.59315109,1179800,yfinance
2021-10-14,57.19269406,57.88511971,56.87180964,57.78378677,838900,yfinance
2021-10-15,58.55220153,58.72953577,57.66556255,57.9695549,1093500,yfinance
2021-10-18,57.64866522,58.3833144,57.47978346,57.93577194,894700,yfinance
2021-10-19,58.50154507,58.68731891,58.02867089,58.29043961,875600,yfinance
2021-10-20,58.18909043,59.07572917,57.9357614,58.91528702,948000,yfinance
2021-10-21,58.62820372,58.98285932,57.9780018,58.27354813,1079700,yfinance
2021-10-22,58.56909099,59.02507949,58.18910379,58.63664627,1036200,yfinance
2021-10-25,58.73796002,59.16861681,58.48463742,58.80551529,828200,yfinance
2021-10-26,59.10953136,59.21930389,58.60287953,58.69576645,1007200,yfinance
2021-10-27,58.68730843,58.69575445,55.97671554,56.1287117,2320900,yfinance
2021-10-28,56.22159869,56.517145,55.66427727,56.5002594,998100,yfinance
2021-10-29,56.63536278,56.94780113,56.19626634,56.65224838,1384800,yfinance
2021-11-01,57.03224938,57.47134588,56.90558482,57.28557205,1287600,yfinance
2021-11-02,57.33624558,57.83445138,57.05758482,57.65712357,1089600,yfinance
2021-11-03,57.39535489,59.39663057,57.31935357,58.40021896,1271900,yfinance
2021-11-04,58.42553555,58.42553555,56.88868842,57.80910492,1270600,yfinance
2021-11-05,58.26510498,59.06730313,57.96111262,58.22288132,774600,yfinance
2021-11-08,58.38331926,58.96597233,57.92733074,58.07088089,616200,yfinance
2021-11-09,57.61489668,58.0033299,57.22645703,57.68244553,706300,yfinance
2021-11-10,57.66555479,58.28197898,57.33623086,57.80910492,696000,yfinance
2021-11-11,57.91888856,58.66198388,57.74156076,58.4424324,476700,yfinance
2021-11-12,58.38332983,58.83087241,57.9864505,58.76331711,679200,yfinance
2021-11-15,59.36284873,60.61258925,59.02507876,60.53659439,2870500,yfinance
2021-11-16,60.88280459,61.58367616,60.54503461,60.89125061,1808200,yfinance
2021-11-17,60.73081682,60.89125903,59.74284482,60.45215607,1699300,yfinance
2021-11-18,60.4099318,60.61259121,59.70906021,60.1397171,1472200,yfinance
2021-11-19,59.72595109,60.20727121,58.70419514,59.84416962,2455200,yfinance
2021-11-22,60.05528836,61.76101778,59.75129596,61.06859207,2158900,yfinance
2021-11-23,61.37257453,62.30988321,60.78992145,62.09877777,2882600,yfinance
2021-11-24,61.82856191,62.74053895,61.53301559,62.42810059,2484300,yfinance
2021-11-26,60.10594745,60.57882163,59.02508852,59.87795639,1709500,yfinance
2021-11-29,60.84901937,60.92502066,59.30373271,59.88637924,1720400,yfinance
2021-11-30,59.32401736,59.46887478,58.16514496,58.43782043,2777100,yfinance
2021-12-01,59.6051944,60.01421076,57.70498947,57.73907471,2534000,yfinance
2021-12-02,58.09694956,60.10793278,57.94356927,59.70743942,2158100,yfinance
2021-12-03,59.19619074,59.8097121,58.50598246,58.94907761,2558900,yfinance
2021-12-06,59.80118753,60.49139579,59.31548422,59.63076782,2326200,yfinance
2021-12-07,60.14202713,61.25829104,59.88639109,60.68737793,1758400,yfinance
2021-12-08,60.96858503,61.43724248,60.66182434,61.02823257,1269300,yfinance
2021-12-09,60.38914317,61.3264645,60.15906943,60.9600563,1204800,yfinance
2021-12-10,61.44575012,61.62469272,60.82370597,61.34349442,1279600,yfinance
2021-12-13,61.35200837,61.42017883,60.5936299,60.73848724,1821100,yfinance
2021-12-14,60.55956394,61.79512301,60.55956394,61.35202789,1684800,yfinance
2021-12-15,61.59061159,61.82068531,60.97709033,61.66730499,1918500,yfinance
2021-12-16,62.4256848,62.97955853,61.84624877,62.34899139,1540900,yfinance
2021-12-17,62.41716128,62.57906453,60.78962536,61.04526138,4109100,yfinance
2021-12-20,59.75857731,59.89491827,56.18823454,57.02330017,2943900,yfinance
2021-12-21,57.67090784,60.26985058,57.61978323,59.92900467,1809900,yfinance
2021-12-22,59.56258113,60.14201707,59.2728599,59.79264832,1564900,yfinance
2021-12-23,60.27835607,61.35201821,60.09941346,60.994133,1380700,yfinance
2021-12-27,60.90891992,62.17004103,60.65328392,62.1615181,707400,yfinance
2021-12-28,62.20413557,62.67279946,61.54801261,61.64173889,1026300,yfinance
2021-12-29,61.70140443,61.94851108,60.79816171,61.59062576,562400,yfinance
2021-12-30,61.49687961,62.15300904,61.38610747,61.445755,423700,yfinance
2021-12-31,61.36906931,61.86329555,61.30090533,61.6332283,512600,yfinance
2022-01-03,61.88883818,63.13291983,61.74398083,62.38306427,981000,yfinance
2022-01-04,63.1499858,64.69230558,63.11590056,64.43667603,1192700,yfinance
2022-01-05,64.51335763,65.11835598,63.07328719,63.24371338,1581600,yfinance
2022-01-06,64.0958451,64.24922547,63.05626775,63.92541885,1445500,yfinance
2022-01-07,64.32589565,65.39103503,63.84019235,64.98202515,1536800,yfinance
2022-01-10,65.43362847,65.47623013,63.98503533,64.59855652,1443700,yfinance
2022-01-11,65.04167281,65.56146135,64.3344187,65.45920563,823700,yfinance
2022-01-12,65.70630897,66.1920122,64.82011236,65.20355988,882500,yfinance
2022-01-13,65.80005054,66.05568009,64.95646198,65.25469971,935800,yfinance
2022-01-14,64.24068591,65.51885317,63.87427771,65.45920563,828100,yfinance
2022-01-18,65.34842069,65.46771575,64.04469138,64.59004211,1315100,yfinance
2022-01-19,64.77751012,64.77751012,63.42265603,63.55899048,949400,yfinance
2022-01-20,63.66124398,64.48779311,62.63018994,62.74948502,1673100,yfinance
2022-01-21,62.30639511,62.9113935,61.0623131,61.35202789,1670900,yfinance
2022-01-24,60.2016676,61.68433951,58.36110398,61.48835754,1950600,yfinance
2022-01-25,60.67034102,62.25526906,59.07689655,61.88034439,1478100,yfinance
2022-01-26,62.35752,63.64421019,61.38611341,62.25526428,1272600,yfinance
2022-01-27,63.20961972,64.33440643,61.21567579,61.7013855,1257900,yfinance
2022-01-28,61.20716955,61.50540726,59.73301382,61.43723679,1166500,yfinance
2022-01-31,61.76956099,62.3319577,60.28688879,62.25526428,2415800,yfinance
2022-02-01,62.03371008,63.3800411,61.36054132,63.20962143,1381700,yfinance
2022-02-02,63.15850049,63.78053818,62.61314971,63.07328415,1281700,yfinance
2022-02-03,63.38004912,63.38004912,61.8547688,61.94850159,1133000,yfinance
2022-02-04,61.88034477,64.42815656,61.72696443,63.71237946,1580100,yfinance
2022-02-07,63.85723877,64.9820257,63.78054535,63.85723877,2032000,yfinance
2022-02-08,65.18653908,66.68625736,64.18957004,66.6266098,2971900,yfinance
2022-02-09,67.05265613,67.47018895,66.46469711,67.27420044,1664200,yfinance
2022-02-10,67.31680657,68.4756787,66.60103605,66.96743774,1750000,yfinance
2022-02-11,66.66920611,67.2656881,64.45371737,64.79456329,2545800,yfinance
2022-02-14,64.90533597,65.26322127,62.55351275,63.21815872,2108400,yfinance
2022-02-15,63.99356295,64.83715139,63.5760302,64.56447601,1325500,yfinance
2022-02-16,64.16398919,65.06722516,63.85722857,64.46222687,1534700,yfinance
2022-02-17,63.73794197,64.01913382,61.8888551,62.05075836,1973600,yfinance
2022-02-18,61.88884743,62.5875785,61.65025728,61.76103592,2240900,yfinance
2022-02-22,61.18160305,61.78660139,60.0738556,60.58512115,1471500,yfinance
2022-02-23,61.09639492,61.48837195,59.11097997,59.27287674,2747600,yfinance
2022-02-24,57.23632296,58.64230812,56.39273447,58.36963272,1779100,yfinance
2022-02-25,58.74456141,61.13899234,58.72751554,61.08786774,3103600,yfinance
2022-02-28,59.41774286,60.67886435,59.29844126,60.19316101,2899600,yfinance
2022-03-01,59.40069032,59.77562145,56.97217391,57.49196243,3206300,yfinance
2022-03-02,58.37814569,59.8863798,58.04582281,59.11096191,2113700,yfinance
2022-03-03,59.3751276,59.77562104,57.82428498,58.80421448,1579900,yfinance
2022-03-04,57.64533869,57.72202559,56.52055188,57.14258957,1302600,yfinance
2022-03-07,56.43534203,56.52906831,54.83336841,54.85041428,1708000,yfinance
2022-03-08,55.06344701,57.07443065,55.0123159,55.29351425,2369100,yfinance
2022-03-09,56.35204891,57.87530689,56.30040848,56.945858,1093000,yfinance
2022-03-10,56.14550308,56.91143602,55.76684381,56.42089462,775700,yfinance
2022-03-11,57.0921591,57.51385752,55.92175,55.99059296,1342300,yfinance
2022-03-14,56.92865559,57.92694755,56.79956436,56.98028946,2011300,yfinance
2022-03-15,57.40197678,58.23675924,57.1007683,58.07324982,2786100,yfinance
2022-03-16,58.67566788,60.31080806,58.67566788,59.86329269,1885000,yfinance
2022-03-17,59.51906488,60.39687348,58.89082435,60.27639008,1362800,yfinance
2022-03-18,60.00098517,60.37965097,59.14038586,60.26776886,3581700,yfinance
2022-03-21,60.90462107,61.0337123,59.65675447,60.10426331,2027300,yfinance
2022-03-22,60.87020018,61.92012596,60.80135065,61.08535004,2195600,yfinance
2022-03-23,61.1627845,61.55865935,60.68945232,60.92181778,1844000,yfinance
2022-03-24,61.16278292,62.13525762,60.75830026,61.83404922,2637100,yfinance
2022-03-25,61.69636572,63.35732263,61.52424192,63.34010696,1148700,yfinance
2022-03-28,63.43478971,63.43478971,62.58279803,63.14218903,2281900,yfinance
2022-03-29,63.83065797,64.45889844,63.45199869,64.19210815,1817900,yfinance
2022-03-30,64.22653198,64.76871381,63.83065704,64.16629028,1059300,yfinance
2022-03-31,64.20071017,64.76870889,63.16799358,63.17660141,2060200,yfinance
2022-04-01,63.86507889,64.33841117,63.05611337,63.58968735,1186000,yfinance
2022-04-04,63.26266003,63.52944373,62.45369454,63.17660141,1230300,yfinance
2022-04-05,63.16799929,64.5535649,63.03030023,64.01138306,1409500,yfinance
2022-04-06,63.71015741,64.18348959,63.27985781,63.65852356,1802400,yfinance
2022-04-07,63.44338785,63.46059694,61.48982356,62.8753891,1593700,yfinance
2022-04-08,63.31430535,63.82206247,62.89261343,63.35733795,1608000,yfinance
2022-04-11,64.04580297,64.14046942,63.02169419,63.08193588,1233200,yfinance
2022-04-12,63.3487128,64.3814293,62.56556432,62.80653763,1172700,yfinance
2022-04-13,62.43648642,63.69296071,62.40206166,63.68435287,1006700,yfinance
2022-04-14,63.71017644,64.47610942,63.59830087,63.6413269,1095200,yfinance
2022-04-18,63.37454604,64.02860349,63.23685354,63.61551285,1036100,yfinance
2022-04-19,63.62410477,64.82894507,63.62410477,64.69124603,1314200,yfinance
2022-04-20,64.98386386,65.947731,64.8891974,65.58628082,1122800,yfinance
2022-04-21,66.16288754,66.45549479,64.44168853,64.56217194,1046700,yfinance
2022-04-22,64.20933246,64.20933246,62.16110791,62.25576782,1308400,yfinance
2022-04-25,61.91150656,62.03198992,59.6653422,61.83404922,2003300,yfinance
2022-04-26,60.80133025,61.82543876,60.10424049,60.12145615,1839200,yfinance
2022-04-27,60.03540705,60.83576463,59.54486573,60.17309952,1520200,yfinance
2022-04-28,60.58620926,61.05953507,59.38136858,60.79275131,1976500,yfinance
2022-04-29,60.09566981,60.878812,58.4433202,58.64125443,2222200,yfinance
2022-05-02,58.71009446,59.21784498,57.96997842,59.19202805,1924300,yfinance
2022-05-03,59.45018987,60.74108857,59.1059489,60.12145615,1498000,yfinance
2022-05-04,60.20752971,63.2712613,60.05262157,63.17660141,2348100,yfinance
2022-05-05,62.55697721,62.84957787,60.68947138,61.54146957,2385900,yfinance
2022-05-06,61.52424317,61.59309269,59.79444327,60.46570969,3970000,yfinance
2022-05-09,59.91493114,60.55177284,58.88220795,59.37274933,1798700,yfinance
2022-05-10,60.09566009,60.5862015,58.12488659,59.49323654,1618900,yfinance
2022-05-11,59.47601383,60.55176288,58.50353906,58.58098984,1359000,yfinance
2022-05-12,58.52937413,58.79615787,56.78235818,58.19374084,1757900,yfinance
2022-05-13,58.60681746,60.87019807,58.55518359,60.25916672,2264500,yfinance
2022-05-16,60.43989749,60.87019719,59.59650721,60.31080627,2671900,yfinance
2022-05-17,61.33491723,62.99587436,60.97346705,62.62581635,1805800,yfinance
2022-05-18,62.08364873,62.1955243,61.30910785,61.48123169,2330500,yfinance
2022-05-19,60.56038755,62.04922096,59.86329751,60.02681351,4004500,yfinance
2022-05-20,60.55177191,60.9218299,58.31421487,59.58789825,2435800,yfinance
2022-05-23,60.57759476,61.05952835,59.86329564,60.69807816,1637600,yfinance
2022-05-24,60.19031905,60.71528516,58.56378685,60.53455353,2081900,yfinance
2022-05-25,60.63784217,61.45541567,60.29360105,61.06814194,1808900,yfinance
2022-05-26,61.62753299,62.17831617,61.32632447,61.94595718,1461200,yfinance
2022-05-27,62.29878157,62.7893229,61.77381548,62.7721138,1349600,yfinance
2022-05-31,62.35902891,63.31429472,61.76521325,62.76351166,2696800,yfinance
2022-06-01,63.02400164,63.05873119,60.82740907,62.16446686,1513200,yfinance
2022-06-02,62.26862923,62.68537038,61.53064486,62.67669296,1213500,yfinance
2022-06-03,62.36413341,62.53777445,61.45250138,61.5393219,1230400,yfinance
2022-06-06,61.99947979,62.77219365,61.50458894,62.27730942,1042500,yfinance
2022-06-07,61.89529226,62.79824022,61.45249901,62.68536758,1274900,yfinance
2022-06-08,62.35544569,62.82428442,61.85187742,62.18180466,821900,yfinance
2022-06-09,62.17311706,62.54645122,61.02706909,61.02706909,1264200,yfinance
2022-06-10,59.84630267,59.88103221,57.56289036,57.58893585,1652500,yfinance
2022-06-13,56.15636488,56.34737398,54.86271804,55.21000671,1426700,yfinance
2022-06-14,55.53126171,56.34738933,55.02769664,55.51389694,1376800,yfinance
2022-06-15,56.27792503,57.31110721,55.50521107,56.3994751,1622400,yfinance
2022-06-16,55.31419462,55.37496964,53.81217715,54.55884552,2965600,yfinance
2022-06-17,54.56752505,55.6354366,54.19419088,55.44442749,4598000,yfinance
2022-06-21,56.57311489,57.10272203,55.63543742,56.85094452,1622400,yfinance
2022-06-22,55.82644777,57.25032546,55.73094321,56.87699127,1387900,yfinance
2022-06-23,57.11140979,57.19823032,55.7569911,56.60784149,1355900,yfinance
2022-06-24,57.14614457,59.60320465,57.03327855,59.51638412,2380900,yfinance
2022-06-27,56.61654046,59.9505037,56.61654046,58.84786224,1711000,yfinance
2022-06-28,59.33404781,60.384598,58.89126115,59.13436127,1168500,yfinance
2022-06-29,59.12567094,59.36877102,58.42241616,58.45714569,993900,yfinance
2022-06-30,57.51947679,58.65684093,56.79017641,57.98831558,1296400,yfinance
2022-07-01,57.86676801,59.01281623,57.58893833,58.83916855,1575400,yfinance
2022-07-05,57.99699541,57.99699541,56.22582896,57.79730225,1220000,yfinance
2022-07-06,57.27637666,58.21405424,56.78149237,57.58893585,1582200,yfinance
2022-07-07,58.1359044,58.84784323,58.04908388,58.22272491,1247900,yfinance
2022-07-08,58.1879901,58.89992887,57.97093551,58.10116959,1364600,yfinance
2022-07-11,57.45002109,58.20537363,57.3458391,57.47606659,1170500,yfinance
2022-07-12,57.18086298,58.09249493,56.82489027,57.06799698,1881600,yfinance
2022-07-13,56.27791678,56.70334194,54.55884473,55.12318802,1550700,yfinance
2022-07-14,53.8469059,54.07264123,53.00473298,53.07419205,1607100,yfinance
2022-07-15,53.66458945,54.56753422,53.02210627,54.42861938,1497000,yfinance
2022-07-18,55.22738097,55.40970606,53.99450894,54.28970337,1017600,yfinance
2022-07-19,54.94954856,55.89590352,54.81931446,55.45311356,1370600,yfinance
2022-07-20,55.14055971,56.07823404,54.6977697,55.78304291,1509900,yfinance
2022-07-21,55.6875275,56.17372768,54.91481365,56.14768219,826200,yfinance
2022-07-22,56.28660528,56.6686169,54.94954803,55.48784256,896500,yfinance
2022-07-25,56.03481683,56.37342148,55.49651904,56.35606003,1110800,yfinance
2022-07-26,55.97404583,56.27792097,55.30551721,55.50520706,862500,yfinance
2022-07-27,55.86116894,56.78148495,55.55729713,56.33869171,1086700,yfinance
2022-07-28,56.26923289,56.44288054,55.11450413,56.35606003,903700,yfinance
2022-07-29,56.49497464,58.44846616,56.43419961,58.11854553,1898200,yfinance
2022-08-01,57.71049028,58.35297017,57.03328084,58.27483368,1289500,yfinance
2022-08-02,57.80598902,58.49188243,57.38055719,57.46738434,1082700,yfinance
2022-08-03,58.06645839,59.24723624,57.62367167,59.08227921,1157700,yfinance
2022-08-04,59.07359444,59.65529932,58.76971926,59.02150345,1155800,yfinance
2022-08-05,59.13436527,59.84630421,58.81312203,59.22986984,793600,yfinance
2022-08-08,59.65529145,60.38459842,59.5076959,59.72475052,1180800,yfinance
2022-08-09,61.730341,64.91670166,60.89685194,63.97903061,3031300,yfinance
2022-08-10,64.44786547,66.19297998,64.33499282,66.12352753,2290200,yfinance
2022-08-11,66.5836808,67.95546104,66.5836808,67.27825165,1721100,yfinance
2022-08-12,67.90336445,69.05809658,67.57344382,69.03205109,1615500,yfinance
2022-08-15,68.48507093,69.44879397,68.38956637,68.70212555,1469400,yfinance
2022-08-16,68.58926087,69.1015066,68.02491752,68.57189941,1844300,yfinance
2022-08-17,68.06831604,68.8410298,67.82521597,68.34614563,1689900,yfinance
2022-08-18,68.12911025,69.1536084,67.78182151,68.84104919,1331200,yfinance
2022-08-19,68.49376008,68.71949875,67.53872101,67.85128021,2136800,yfinance
2022-08-22,66.70522406,67.05251276,66.19297174,66.31452179,1200700,yfinance
2022-08-23,66.43608424,67.12197773,65.88042487,66.07143402,1968000,yfinance
2022-08-24,65.74148953,66.90489886,65.61125547,66.84412384,1392100,yfinance
2022-08-25,67.09592356,68.24197169,67.09592356,68.05964661,1362600,yfinance
2022-08-26,68.39823809,68.78025627,66.47079237,66.51420593,1284100,yfinance
2022-08-29,66.06275457,66.3666364,65.44632012,65.73283386,1286600,yfinance
2022-08-30,65.86304829,66.01064382,65.03824346,65.36816406,1851200,yfinance
2022-08-31,65.48103312,65.92382637,64.87328286,64.90801239,1659700,yfinance
2022-09-01,64.89932941,64.89932941,63.63173126,64.83855438,1625600,yfinance
2022-09-02,65.72413078,66.2103376,64.30893716,64.63018036,1346400,yfinance
2022-09-06,64.77778534,64.99483997,63.64909859,64.62150574,1613600,yfinance
2022-09-07,64.41132372,66.11027176,64.06978224,65.95263672,2987800,yfinance
2022-09-08,66.08400051,67.3625929,65.59358335,67.25750732,2545900,yfinance
2022-09-09,67.64282392,68.77254048,67.64282392,68.56236267,2111200,yfinance
2022-09-12,68.85137573,69.88475962,68.71125271,69.86724091,2205900,yfinance
2022-09-13,68.55363014,69.78843942,67.69539986,67.79173279,2375900,yfinance
2022-09-14,68.06320184,68.68498272,67.33632869,67.94059753,1701500,yfinance
2022-09-15,68.08946977,68.75504073,67.40638677,67.84426117,2026900,yfinance
2022-09-16,67.41513486,67.62531267,66.40802256,67.44140625,3448700,yfinance
2022-09-19,66.54814663,67.99313343,66.40803031,67.80922699,1701900,yfinance
2022-09-20,67.27501421,67.59028427,66.64447408,67.29252625,1354500,yfinance
2022-09-21,67.73916804,68.42225103,66.60945129,66.60945129,1633400,yfinance
2022-09-22,66.68825724,66.97725588,65.9175942,66.04895782,1589500,yfinance
2022-09-23,64.91050109,65.16446903,62.37082832,63.4129715,1795600,yfinance
2022-09-26,62.94007415,63.83333506,62.4058668,62.47592163,1523100,yfinance
2022-09-27,63.05391325,63.57060183,61.93295586,62.58976746,1083100,yfinance
2022-09-28,62.07305862,64.40255311,61.83660943,63.85083389,1333100,yfinance
2022-09-29,63.29912306,63.45675811,62.03804263,62.54597855,1714100,yfinance
2022-09-30,62.62479356,64.42883381,62.41460906,63.18527222,2136200,yfinance
2022-10-03,63.99096651,66.39927578,62.90503983,66.16282654,2095700,yfinance
2022-10-04,66.99476406,69.29798034,66.84588841,69.18413544,1593000,yfinance
2022-10-05,68.29963976,69.17538846,67.99312905,68.77254486,1399000,yfinance
2022-10-06,68.2295924,68.92142807,67.87053218,68.58864594,1614700,yfinance
2022-10-07,67.24873805,67.72164311,66.13653355,66.59192657,1663200,yfinance
2022-10-10,66.78459922,67.51146558,66.06648554,66.66199493,2535300,yfinance
2022-10-11,65.90886367,67.50272639,65.74246924,66.302948,1350000,yfinance
2022-10-12,66.1452929,67.05607228,65.73368998,66.59192657,1519700,yfinance
2022-10-13,65.60233495,69.16663171,64.88421464,68.99147797,2192800,yfinance
2022-10-14,69.31552067,70.01611572,66.9334828,67.09111786,1598800,yfinance
2022-10-17,68.33467372,68.85136895,67.63407873,68.50106812,1607000,yfinance
2022-10-18,70.04239132,70.29635259,69.30675886,69.9548111,1582200,yfinance
2022-10-19,69.28924446,70.10369108,68.65870428,68.98272705,1925600,yfinance
2022-10-20,68.72877449,69.70960895,67.87929701,67.92308044,1767200,yfinance
2022-10-21,67.826724,69.26295112,67.03855563,69.04401398,6279400,yfinance
2022-10-24,69.10533213,70.40143644,69.00899924,70.08616638,1862600,yfinance
2022-10-25,69.51692428,70.37516089,69.47314086,70.18249512,2180200,yfinance
2022-10-26,70.532815,71.18086729,70.34890854,70.83056641,1779500,yfinance
2022-10-27,71.35600888,72.38063329,71.25091663,71.67127228,1740100,yfinance
2022-10-28,72.68714308,77.3373666,72.52074869,77.074646,3594200,yfinance
2022-10-31,75.75226525,77.52127475,75.69096311,77.17973328,2493500,yfinance
2022-11-01,76.5929859,78.09927484,76.5929859,77.34613037,1601400,yfinance
2022-11-02,77.11841568,78.17807063,75.73473804,76.00621796,2120300,yfinance
2022-11-03,74.91154714,76.43534806,74.60503642,75.76102448,1361800,yfinance
2022-11-04,76.96955738,78.72981425,76.41783807,78.71229553,1620500,yfinance
2022-11-07,78.81738705,79.15892853,77.8978482,78.84365845,1271500,yfinance
2022-11-08,78.75607945,79.7106423,78.11677997,79.38661957,1335600,yfinance
2022-11-09,78.4758529,79.78947614,78.16058279,78.3532486,1024300,yfinance
2022-11-10,80.49007264,82.16274932,79.47420086,81.98760223,1772100,yfinance
2022-11-11,82.82833118,84.2207687,82.05766788,83.1961441,1970600,yfinance
2022-11-14,82.58309803,83.54642018,82.05764351,82.09267426,1605200,yfinance
2022-11-15,82.55683426,83.37128089,81.12936615,81.73363495,1443900,yfinance
2022-11-16,81.74237207,82.27657925,80.88414217,81.36580658,1648400,yfinance
2022-11-17,77.7927784,79.18521598,77.50377966,78.65100861,2291100,yfinance
2022-11-18,79.57928891,80.17479831,78.49335568,79.6055603,1600200,yfinance
2022-11-21,79.50924609,79.9646326,78.57219501,79.70191193,1190500,yfinance
2022-11-22,80.27114271,80.76155993,80.01717475,80.31492615,1000000,yfinance
2022-11-23,79.80697509,80.52508875,79.474193,80.37621307,729900,yfinance
2022-11-25,80.5601141,80.99798841,80.25360342,80.98047638,626000,yfinance
2022-11-28,80.16604844,80.99800715,78.35324863,78.41455078,1360700,yfinance
2022-11-29,78.58094276,79.18520489,78.14306836,78.67726898,1489200,yfinance
2022-11-30,78.11276096,79.51519551,77.30129304,79.10063934,4841400,yfinance
2022-12-01,79.78861727,80.73239128,79.00360929,80.1943512,1836300,yfinance
2022-12-02,79.27705587,81.4203945,79.27705587,81.30573273,1462400,yfinance
2022-12-05,80.51188871,80.60009058,78.14804243,79.31232452,1598900,yfinance
2022-12-06,79.55930734,80.16791175,78.34210524,79.19767761,1425300,yfinance
2022-12-07,78.98599155,80.87354005,78.32446736,79.59458923,1458300,yfinance
2022-12-08,78.97716689,80.13262696,78.25390073,78.59789276,1841100,yfinance
2022-12-09,78.6067167,79.07419271,77.56591837,77.68058014,1433900,yfinance
2022-12-12,78.03340144,79.79746611,77.00142523,79.6210556,1340000,yfinance
2022-12-13,81.15578014,81.49977214,79.05653931,79.25058746,1476600,yfinance
2022-12-14,79.20648493,79.70924296,77.49534051,77.76876831,1626000,yfinance
2022-12-15,76.82501018,76.83383239,75.51960618,75.94297791,1529600,yfinance
2022-12-16,74.39941022,75.32554667,73.65850645,74.90216827,5562600,yfinance
2022-12-19,74.93745804,75.74011061,73.80845786,74.36413574,1576600,yfinance
2022-12-20,74.49643919,75.46667327,74.425875,74.84043121,1328000,yfinance
2022-12-21,75.74009536,76.6838694,75.58132932,76.04880524,1031200,yfinance
2022-12-22,75.44020092,75.66070893,74.06423306,75.04328918,1059600,yfinance
2022-12-23,74.94627902,75.59015878,74.82279505,75.4666748,688500,yfinance
2022-12-27,75.74891079,76.21639344,74.81395897,75.04328918,947000,yfinance
2022-12-28,75.16677803,75.38728606,74.39940767,74.44351196,1029900,yfinance
2022-12-29,74.73457773,75.7136271,74.54934508,75.42256165,752500,yfinance
2022-12-30,74.73457686,75.12266638,73.47327079,74.02012634,1059400,yfinance
2023-01-03,74.31120338,74.97272744,73.47327558,73.88782501,1741900,yfinance
2023-01-04,74.32885108,75.09622152,74.24947141,74.98155975,1655600,yfinance
2023-01-05,74.78750659,74.92862823,74.09070038,74.43469238,1845700,yfinance
2023-01-06,75.18441243,77.29246856,74.77867848,77.14252472,1593300,yfinance
2023-01-09,77.23072892,77.80405114,76.27813937,76.62213135,1745900,yfinance
2023-01-10,76.63977445,77.38068497,76.0311701,77.28366089,1050300,yfinance
2023-01-11,77.79522292,80.0355851,77.72466547,78.72135925,2150000,yfinance
2023-01-12,78.80956547,78.97715372,77.80404943,77.93635559,1247600,yfinance
2023-01-13,77.36303927,79.06536159,76.80736144,78.78311157,1061500,yfinance
2023-01-17,78.968339,79.31233101,78.05984694,78.80075073,1124200,yfinance
2023-01-18,79.1094667,79.33879022,77.01022585,77.09843445,1243300,yfinance
2023-01-19,76.14582946,77.25718501,75.83711958,76.65740967,1733500,yfinance
2023-01-20,77.03668713,77.73349335,76.4633716,77.5835495,1449900,yfinance
2023-01-23,77.63646854,79.15356495,77.63646854,78.80075073,876300,yfinance
2023-01-24,78.6596123,79.44462022,77.65409638,79.18000793,827700,yfinance
2023-01-25,78.43030012,80.05324284,78.23625196,79.99150085,1057900,yfinance
2023-01-26,80.30903879,81.39393468,79.92976465,81.376297,1374500,yfinance
2023-01-27,81.12930798,82.34650974,81.09402589,82.07308197,1870600,yfinance
2023-01-30,81.55268053,82.67286497,81.47330087,82.37297058,2460400,yfinance
2023-01-31,81.32335583,81.9848799,76.77207376,81.63207245,4973600,yfinance
2023-02-01,81.71147287,82.19659333,79.44465009,81.21753693,1993000,yfinance
2023-02-02,81.59678981,82.12600771,80.09733123,81.9143219,2109900,yfinance
2023-02-03,81.41157179,82.41708792,80.90881372,81.42038727,1487700,yfinance
2023-02-06,80.89117917,81.31455763,79.96504932,80.75887299,1387400,yfinance
2023-02-07,80.65301938,81.98488304,80.00031077,81.80847931,1124600,yfinance
2023-02-08,81.31455161,82.796366,80.00031878,80.3795929,1767800,yfinance
2023-02-09,81.00582636,81.31454299,79.01243862,79.0741806,1370900,yfinance
2023-02-10,78.88895771,79.88565162,78.47440152,79.71806335,1167300,yfinance
2023-02-13,79.7268872,82.03781391,79.53283905,82.0289917,1046300,yfinance
2023-02-14,81.99371367,82.16130194,80.36195542,81.12932587,819300,yfinance
2023-02-15,80.84706708,81.16459245,80.4148665,81.15577698,877000,yfinance
2023-02-16,80.42370153,81.2087097,80.18555578,80.60010529,785200,yfinance
2023-02-17,80.54717196,80.65301823,79.8327281,80.29138184,1127800,yfinance
2023-02-21,79.62103214,79.62985435,77.00140254,77.42477417,1194000,yfinance
2023-02-22,77.16899989,78.08631424,77.05433812,77.75114441,1154400,yfinance
2023-02-23,78.02456273,78.97715906,77.37186082,78.45675659,771800,yfinance
2023-02-24,77.78641171,80.07969379,77.05432347,78.40383148,877400,yfinance
2023-02-27,78.92424109,79.19766891,78.11276639,78.21861267,811500,yfinance
2023-02-28,78.42148124,79.62103877,78.31563496,78.99479675,1558800,yfinance
2023-03-01,78.23625674,80.76769169,78.13923266,80.46780396,2160100,yfinance
2023-03-02,78.28917922,78.63317123,72.41484159,76.01353455,4942700,yfinance
2023-03-03,75.93414739,77.31012217,75.44021152,77.23073578,1655400,yfinance
2023-03-06,76.89555941,77.04550325,75.4137452,75.59014893,1740800,yfinance
2023-03-07,75.36964663,75.86358922,73.93193661,74.3817749,1378300,yfinance
2023-03-08,74.42586874,74.62873909,72.98815879,73.41153717,1532400,yfinance
2023-03-09,73.16457804,73.34981075,69.39830301,69.6011734,1812500,yfinance
2023-03-10,68.32220472,70.08626889,67.14910042,67.92529297,2249800,yfinance
2023-03-13,65.18216442,65.49969647,63.10939062,63.62096405,3426000,yfinance
2023-03-14,66.771322,66.86921466,64.59100029,65.29404449,2553600,yfinance
2023-03-15,61.74321782,63.38959047,61.24486019,62.01910019,3045600,yfinance
2023-03-16,60.9689836,64.76007289,60.39943009,64.57318878,2840400,yfinance
2023-03-17,63.90576037,63.90576037,61.9390193,62.28609085,14716700,yfinance
2023-03-20,62.75774516,65.14275344,62.722154,64.91137695,3260200,yfinance
2023-03-21,66.5221454,67.33198347,66.45985069,66.86921692,3722500,yfinance
2023-03-22,66.80691747,67.16289015,64.37741022,64.40411377,1294300,yfinance
2023-03-23,64.41300947,65.75680314,63.12261612,63.4162941,2216000,yfinance
2023-03-24,62.25938777,63.71886975,61.35166382,63.70996857,1870700,yfinance
2023-03-27,65.25845104,65.25845104,63.79896901,64.36852264,1179600,yfinance
2023-03-28,64.00365172,64.59990214,63.64767898,64.35072327,878900,yfinance
2023-03-29,65.28513635,65.383029,64.30621664,65.26733398,925300,yfinance
2023-03-30,66.05047445,66.70901944,65.48981532,65.97927856,1280700,yfinance
2023-03-31,65.97039202,66.44205979,65.05376682,66.13948059,2445800,yfinance
2023-04-03,66.18396764,66.49544117,65.03595936,65.53431702,2354000,yfinance
2023-04-04,66.03268368,66.21067343,63.88795979,64.43081665,1837600,yfinance
2023-04-05,63.71885828,65.07155296,63.22940184,65.02705383,2034500,yfinance
2023-04-06,65.17835936,66.07718901,65.12496582,65.33854675,1363700,yfinance
2023-04-10,65.45424545,66.36196955,65.18726417,66.10388947,1205000,yfinance
2023-04-11,66.42425608,67.52776541,65.31184556,67.24298859,901800,yfinance
2023-04-12,67.82142629,67.86592542,66.69122048,67.03829193,803800,yfinance
2023-04-13,66.71793905,67.25189478,66.09498504,66.80693054,1527900,yfinance
2023-04-14,67.49217536,67.9460408,66.74463866,67.5366745,1291600,yfinance
2023-04-17,67.25188423,68.65797263,66.76242092,68.58677673,1370100,yfinance
2023-04-18,68.70247717,68.80036985,68.17742262,68.50669861,1402600,yfinance
2023-04-19,68.7558661,68.96054582,67.99052718,68.62237549,1484300,yfinance
2023-04-20,67.95491674,68.15959642,67.26077384,67.62564087,1718000,yfinance
2023-04-21,67.47435542,67.47435542,66.05047167,66.87810516,6534300,yfinance
2023-04-24,66.98490034,67.53665833,66.87811329,67.40316772,1037900,yfinance
2023-04-25,66.57553885,66.73572622,65.01816421,65.10716248,1287400,yfinance
2023-04-26,64.83128829,65.8547074,64.59101059,64.94698334,1284300,yfinance
2023-04-27,64.99147464,66.54884945,64.85798401,66.44206238,1237200,yfinance
2023-04-28,63.01581646,66.55773384,62.29497676,66.46874237,1713400,yfinance
2023-05-01,65.37412471,66.68232025,65.00925768,65.83689117,1972400,yfinance
2023-05-02,65.23175106,65.23175106,62.28608359,63.44299316,1600000,yfinance
2023-05-03,63.66546484,64.3952057,62.32167134,62.35726929,1405800,yfinance
2023-05-04,61.50295577,61.73433906,59.43832203,61.66314316,1986800,yfinance
2023-05-05,63.05143027,63.99475906,62.73105548,63.63878632,1227100,yfinance
2023-05-08,64.32401271,64.60878948,63.35399418,63.5408783,797200,yfinance
2023-05-09,62.68656468,63.25611837,62.50857491,62.74885941,1595300,yfinance
2023-05-10,63.27390739,63.30060415,61.8678189,62.34838104,990300,yfinance
2023-05-11,60.96898442,61.68982411,60.73760118,61.15586853,1905300,yfinance
2023-05-12,61.75212931,61.98351258,59.6518978,60.06126404,1740100,yfinance
2023-05-15,60.3104462,61.21817699,60.07016851,61.18257904,1136000,yfinance
2023-05-16,61.18257788,61.20037346,59.72309584,59.85658646,981600,yfinance
2023-05-17,60.6397144,62.23268689,60.42613351,61.75212479,1148900,yfinance
2023-05-18,61.29826213,62.30388551,60.89779709,62.1703949,1222800,yfinance
2023-05-19,62.44625854,62.61534707,61.25375804,61.77881241,974100,yfinance
2023-05-22,61.93010466,62.66874675,61.25376406,62.45516586,1220200,yfinance
2023-05-23,62.44627558,63.4785958,62.40178323,62.7310524,1047300,yfinance
2023-05-24,62.40178325,62.49077474,60.72871348,60.96899796,1001000,yfinance
2023-05-25,60.70201938,61.04018975,59.96337713,60.52403641,1379400,yfinance
2023-05-26,60.7020103,61.13807328,60.39943793,60.66641235,1134900,yfinance
2023-05-30,60.64861778,60.95119016,59.82098415,60.89779663,1472000,yfinance
2023-05-31,60.32287539,60.51152391,58.54417854,58.80469513,3535200,yfinance
2023-06-01,59.31674436,60.23304504,58.66096713,60.1701622,1502900,yfinance
2023-06-02,61.17627915,62.75734206,60.83491617,62.40699387,1342100,yfinance
2023-06-05,62.33513598,62.38005524,60.97865538,61.43680573,1229600,yfinance
2023-06-06,61.42781473,63.11667984,61.31103427,62.91006088,988400,yfinance
2023-06-07,63.09871538,64.23061342,62.62260144,64.02399445,820400,yfinance
2023-06-08,63.70059884,64.19467634,63.18854403,63.62873077,975200,yfinance
2023-06-09,64.25756348,64.3743508,63.58381577,64.13179779,998700,yfinance
2023-06-12,63.80837961,64.63484158,63.65566516,64.18567657,838100,yfinance
2023-06-13,64.34737534,66.17996936,64.11381448,65.90148926,1216600,yfinance
2023-06-14,66.50338136,66.91661242,64.76960386,64.9941864,993900,yfinance
2023-06-15,64.48213566,66.5932101,64.2216191,66.56626129,1306600,yfinance
2023-06-16,67.46458172,67.63526661,66.332684,67.17711639,3111200,yfinance
2023-06-20,66.23387844,66.44049052,64.8145153,65.57809448,1236000,yfinance
2023-06-21,65.31756765,66.26979517,65.01213877,65.70384979,2050900,yfinance
2023-06-22,65.61403186,65.62301708,64.66180414,65.14689636,782000,yfinance
2023-06-23,65.48828106,65.48828106,64.61689956,65.03911591,1501500,yfinance
2023-06-26,64.8504458,66.06318995,64.8504458,65.63198853,832100,yfinance
2023-06-27,65.70386639,67.12322967,65.42538624,66.91661072,824000,yfinance
2023-06-28,66.56626129,66.88966069,65.9194625,66.56626129,798800,yfinance
2023-06-29,66.56624932,67.95866351,66.43149845,67.92272949,889300,yfinance
2023-06-30,68.38087927,68.86597827,67.92272907,68.12934113,881500,yfinance
2023-07-03,68.14732344,69.0905728,67.94968971,68.80310059,554300,yfinance
2023-07-05,68.04850769,68.36292187,67.10525831,68.04850769,897300,yfinance
2023-07-06,67.06932825,67.62628852,66.57524396,67.55442047,1211000,yfinance
2023-07-07,67.74306912,69.56667794,67.7071351,68.83004761,1489800,yfinance
2023-07-10,68.62343274,69.31515072,68.35393098,68.88394928,838300,yfinance
2023-07-11,69.17141821,70.5817962,69.07260135,70.34822845,873400,yfinance
2023-07-12,71.19265767,71.32740855,70.0966939,70.60874176,1300600,yfinance
2023-07-13,70.82433866,71.87539004,70.58179256,71.77657318,1251600,yfinance
2023-07-14,71.94724466,71.94724466,70.77043458,71.09383392,1449100,yfinance
2023-07-17,70.68959054,72.64795023,70.49195684,72.37844849,731300,yfinance
2023-07-18,72.11794324,73.6630722,72.11794324,73.18695831,828600,yfinance
2023-07-19,73.01626682,74.29189387,72.60303581,74.12121582,1223100,yfinance
2023-07-20,74.47156065,75.25310339,74.11222727,75.0375061,1025900,yfinance
2023-07-21,75.24412851,75.58549147,74.39969605,75.15429688,1497900,yfinance
2023-07-24,74.91174577,75.86397347,74.81292891,75.19921112,982900,yfinance
2023-07-25,75.19023248,75.4956683,74.41766799,74.43563843,1057000,yfinance
2023-07-26,74.30987497,75.89093804,74.30987497,75.54956818,966200,yfinance
2023-07-27,75.69329287,76.04364105,74.74105835,74.74105835,1272200,yfinance
2023-07-28,72.87253342,72.87253342,69.41395738,71.41723633,2794200,yfinance
2023-07-31,71.53402201,72.29760806,71.26452709,71.74962616,1207700,yfinance
2023-08-01,71.56097438,71.78555689,70.79738836,71.04891968,1378000,yfinance
2023-08-02,70.15958341,70.56383609,69.62058669,70.46501923,1163900,yfinance
2023-08-03,69.93498561,71.7226603,69.93498561,71.29146576,854900,yfinance
2023-08-04,71.18366656,71.5070659,70.3751682,70.58178711,1041800,yfinance
2023-08-07,71.0130176,71.83947989,70.85131787,71.67778015,712600,yfinance
2023-08-08,70.21347925,71.15672168,69.86312423,70.97705841,786400,yfinance
2023-08-09,70.97706239,70.97706239,69.88109858,69.99787903,819600,yfinance
2023-08-10,70.5368823,70.71655244,69.34210837,69.47685242,1072100,yfinance
2023-08-11,69.08158794,70.06974971,69.08158794,70.0428009,649300,yfinance
2023-08-14,69.79127103,69.89906626,69.06361896,69.80923462,757600,yfinance
2023-08-15,68.90191917,69.29718663,68.57851977,68.7042923,1190300,yfinance
2023-08-16,68.52461494,69.65651272,68.52461494,69.22531128,991600,yfinance
2023-08-17,69.50379511,69.76431164,68.68631152,68.83004761,955400,yfinance
2023-08-18,68.35392745,68.98276257,68.33596387,68.69529724,612000,yfinance
2023-08-21,69.01871307,69.10854472,67.80596864,68.18326569,566000,yfinance
2023-08-22,68.27308553,68.57851447,67.01542206,67.09627533,600600,yfinance
2023-08-23,67.14119933,68.19225091,66.87170438,68.18326569,520400,yfinance
2023-08-24,67.95868389,69.45889374,67.95868389,68.49768066,612600,yfinance
2023-08-25,68.63242477,69.03667059,67.94969194,68.56954193,577300,yfinance
2023-08-28,68.65936151,69.48582346,68.27307934,68.55155945,685000,yfinance
2023-08-29,68.74021866,69.85415296,68.35393643,69.66550446,764500,yfinance
2023-08-30,69.71041639,70.39314921,69.71041639,69.87211609,700000,yfinance
2023-08-31,69.99788313,70.32128253,69.71041776,69.80923462,1100800,yfinance
2023-09-01,70.17754406,70.6895919,69.97092513,70.45602417,958500,yfinance
2023-09-05,70.12364356,70.36619652,69.15345229,69.23429871,1030600,yfinance
2023-09-06,68.853788,69.47891013,68.47328188,69.02592468,772000,yfinance
2023-09-07,68.85381016,69.04406328,67.48579173,67.65792847,1719300,yfinance
2023-09-08,67.66697608,68.56388543,67.59449674,68.29209137,907100,yfinance
2023-09-11,68.62730535,69.16182494,67.9931284,68.19243622,941100,yfinance
2023-09-12,68.19241882,69.33394396,67.83003603,68.88095856,854400,yfinance
2023-09-13,69.24335364,69.36112736,68.06558875,68.46421814,939200,yfinance
2023-09-14,69.1889955,69.84128869,69.17993385,69.66915894,901700,yfinance
2023-09-15,69.25242207,70.16744776,69.17994273,69.71446228,2388700,yfinance
2023-09-18,69.85035794,69.85035794,68.80848998,69.70540619,694000,yfinance
2023-09-19,69.62386757,70.18557206,69.49703219,70.01343536,692400,yfinance
2023-09-20,70.42113304,70.74727626,69.75070949,69.78694916,712500,yfinance
2023-09-21,69.44268061,69.50609831,68.21055946,68.22867584,758000,yfinance
2023-09-22,68.23772518,68.42797823,67.49482935,67.50389099,585600,yfinance
2023-09-25,67.21399594,67.9478303,67.1233933,67.87535095,531300,yfinance
2023-09-26,67.21398604,67.54919087,65.83690635,65.90938568,865000,yfinance
2023-09-27,66.05434873,66.08152675,64.85846038,65.2299118,934800,yfinance
2023-09-28,65.22085213,66.23554217,65.22085213,65.82785797,919100,yfinance
2023-09-29,65.91845721,66.75194894,65.06684219,65.29333496,1529500,yfinance
2023-10-02,65.0849493,65.0849493,63.34548674,63.60821915,1784700,yfinance
2023-10-03,63.14617175,63.26395239,61.0986824,61.65132523,1631800,yfinance
2023-10-04,61.73284683,61.99557918,60.8087597,61.94122314,1240300,yfinance
2023-10-05,61.6422655,62.75660592,61.3161154,62.56635284,953700,yfinance
2023-10-06,62.12242091,63.74410956,61.88686655,63.31830215,1019800,yfinance
2023-10-09,62.59353248,63.50856512,62.34892336,63.18241501,854600,yfinance
2023-10-10,63.51761182,64.21520628,63.45419415,63.78940582,926300,yfinance
2023-10-11,63.78036605,64.30583094,63.11900412,64.00685883,849700,yfinance
2023-10-12,64.01591163,64.01591163,62.82908497,63.33643341,675900,yfinance
2023-10-13,63.86189359,64.23334502,62.88345017,63.20053864,808100,yfinance
2023-10-16,63.78940846,65.0396457,63.61727179,64.50511932,865100,yfinance
2023-10-17,64.26053072,66.06341128,64.0249763,65.63760376,996100,yfinance
2023-10-18,65.06683175,65.17555075,63.78941634,63.97060776,1019800,yfinance
2023-10-19,63.79847866,64.38736122,62.91063092,62.97404861,848300,yfinance
2023-10-20,63.0012235,63.12805889,61.23457592,61.66944504,1102900,yfinance
2023-10-23,61.36141617,61.8687577,61.05338245,61.10773849,831000,yfinance
2023-10-24,61.18022877,61.71475532,60.44639437,60.75442123,1847000,yfinance
2023-10-25,60.30142487,60.82688968,59.98433641,60.5913353,1620500,yfinance
2023-10-26,60.59134007,62.28550839,60.59134007,61.92311859,2058300,yfinance
2023-10-27,65.49263275,66.31706261,60.45543709,61.30704498,2653400,yfinance
2023-10-30,61.82345953,62.53011581,60.49168105,61.37953568,1497600,yfinance
2023-10-31,61.34329054,62.07712478,60.75440806,61.31611252,1558800,yfinance
2023-11-01,61.43388778,61.71474348,60.43732112,60.93560791,3186600,yfinance
2023-11-02,61.68756091,63.96155002,61.41577377,63.89813232,3846600,yfinance
2023-11-03,64.58667636,65.51982543,64.3601836,64.94906616,1890600,yfinance
2023-11-06,64.94000465,64.94000465,63.39985664,63.84378052,997900,yfinance
2023-11-07,63.64445586,63.77129124,62.44857455,62.91062164,1086200,yfinance
2023-11-08,63.07370129,63.164297,62.45764075,62.56635284,982000,yfinance
2023-11-09,62.94686681,63.23677724,62.33986099,62.42140198,1034000,yfinance
2023-11-10,62.68413015,63.10993758,62.23114469,63.02839661,969300,yfinance
2023-11-13,62.63883924,63.15524248,62.48482582,62.72943497,1169900,yfinance
2023-11-14,63.67165329,65.14839074,63.61729723,64.88565826,1398000,yfinance
2023-11-15,64.83128136,65.96374509,64.83128136,64.93093872,1062200,yfinance
2023-11-16,65.08494749,65.47451526,64.65914697,64.75880432,1275200,yfinance
2023-11-17,65.33861776,65.85502085,65.12117978,65.71912384,1209400,yfinance
2023-11-20,65.32957258,65.90033185,64.67727233,65.76443481,1033000,yfinance
2023-11-21,65.52887738,65.88220548,65.32956268,65.42015839,1183800,yfinance
2023-11-22,65.7191304,65.7191304,65.11213155,65.45639801,923900,yfinance
2023-11-24,65.60135554,66.0362177,65.37486282,65.81878662,402100,yfinance
2023-11-27,65.43828388,65.48357828,64.79503843,65.32050323,1251100,yfinance
2023-11-28,65.13930401,65.54698812,64.67725695,65.50169373,1136400,yfinance
2023-11-29,65.81879653,68.00218311,65.78255685,67.19586945,1999500,yfinance
2023-11-30,67.38785617,68.14666834,66.93988567,67.49756622,3323400,yfinance
2023-12-01,67.4701438,68.41179912,67.36043374,68.13752747,1142200,yfinance
2023-12-04,67.7535527,68.79577383,67.63470537,68.658638,1238600,yfinance
2023-12-05,68.33865675,68.63120991,67.87239774,68.17409515,1233900,yfinance
2023-12-06,68.64034072,69.39915275,68.00952024,68.20150757,945600,yfinance
2023-12-07,68.36607785,68.52149518,67.9912474,68.24723053,1065100,yfinance
2023-12-08,68.15581699,68.97861802,68.15581699,68.70435333,681400,yfinance
2023-12-11,68.77748556,69.74656656,68.77748556,69.46315765,811700,yfinance
2023-12-12,69.49972703,69.83799447,69.17974808,69.76485443,686700,yfinance
2023-12-13,69.91112385,71.66644264,69.64599648,71.38303375,1148200,yfinance
2023-12-14,72.34298702,73.3669267,72.31556125,72.75439453,1259400,yfinance
2023-12-15,72.40697031,72.48925459,71.61159515,71.72129822,2922800,yfinance
2023-12-18,72.19669562,72.19669562,71.08133465,71.11790466,908000,yfinance
2023-12-19,71.3373269,72.78181119,71.10876953,72.66296387,1586700,yfinance
2023-12-20,72.34296876,73.13835083,71.6207267,71.6390152,1310500,yfinance
2023-12-21,71.92243724,72.1967089,71.08134773,71.95900726,905200,yfinance
2023-12-22,72.29725962,72.80922583,71.80357493,72.13269806,1050200,yfinance
2023-12-26,72.05043638,72.71782709,71.92244478,72.48012543,543600,yfinance
2023-12-27,72.32467462,72.6537977,71.94070002,72.4069519,706300,yfinance
2023-12-28,72.3155543,72.81838333,72.08699692,72.45269012,717500,yfinance
2023-12-29,72.51667481,72.63552212,71.74872548,71.92242432,846500,yfinance
2024-01-02,71.6664379,72.60809301,71.60244212,72.32468414,911500,yfinance
2024-01-03,71.94985008,72.54410058,71.45617235,71.92242432,1368200,yfinance
2024-01-04,72.07784425,73.09263946,72.03213696,72.58067322,1116500,yfinance
2024-01-05,72.52583095,74.14401416,72.52583095,73.88803101,1827500,yfinance
2024-01-08,73.59547574,73.90631042,73.174931,73.57719421,779800,yfinance
2024-01-09,72.95551961,73.19321426,71.78529994,71.86758423,770900,yfinance
2024-01-10,71.79445492,72.26985826,71.51104595,72.22414398,688900,yfinance
2024-01-11,72.02299522,72.26984108,71.07219575,72.19670105,831300,yfinance
2024-01-12,72.35211624,72.97379253,71.67558842,71.99556732,702900,yfinance
2024-01-16,71.55672878,71.55672878,70.94419678,71.43788147,865100,yfinance
2024-01-17,70.74307569,71.57502787,70.21282788,70.5785141,608000,yfinance
2024-01-18,70.54195784,70.77051524,70.05741031,70.59680939,933000,yfinance
2024-01-19,70.94420121,71.76700908,70.30424341,71.60244751,1227800,yfinance
2024-01-22,71.9315678,72.98293298,71.82185776,72.46182251,971900,yfinance
2024-01-23,72.55325126,72.9920775,72.35211966,72.63552856,541200,yfinance
2024-01-24,73.28463765,73.65032386,72.90065597,73.04693604,773700,yfinance
2024-01-25,73.67776477,73.67776477,72.69040204,73.28465271,666500,yfinance
2024-01-26,73.13836287,73.76003923,73.01037129,73.60462189,577600,yfinance
2024-01-29,73.34863238,73.63204128,72.97379496,73.52233124,584100,yfinance
2024-01-30,73.01951616,73.92460145,73.01951616,73.82403564,790400,yfinance
2024-01-31,73.76919585,73.952039,72.16014964,72.31556702,1099600,yfinance
2024-02-01,71.77615479,71.87672058,69.16145805,71.06305695,1117200,yfinance
2024-02-02,70.88020035,71.70300816,70.4779372,71.32817078,852600,yfinance
2024-02-05,70.52365096,71.25503723,69.91111898,70.8710556,712700,yfinance
2024-02-06,70.85279015,71.74873818,70.85279015,71.67559814,990600,yfinance
2024-02-07,71.85843189,72.15098503,71.28246986,71.41046143,1223400,yfinance
2024-02-08,71.4104712,71.47446699,70.20368846,71.09049225,908900,yfinance
2024-02-09,70.82535326,71.73958266,70.23110275,71.49273682,843200,yfinance
2024-02-12,71.79444355,73.08351053,71.59331194,72.16928101,1254500,yfinance
2024-02-13,74.05257968,76.23758733,71.61158891,72.46182251,2377400,yfinance
2024-02-14,72.95552262,73.21150578,71.43789818,71.94072723,1824500,yfinance
2024-02-15,72.38869574,74.35429066,72.38869574,73.9977417,1551100,yfinance
2024-02-16,73.5863349,73.61376067,72.79095965,73.17493439,1490900,yfinance
2024-02-20,72.88238099,73.78746629,72.52583202,73.4126358,959400,yfinance
2024-02-21,73.41263284,73.5040544,72.5075406,72.81838226,1018200,yfinance
2024-02-22,72.64469149,73.59549122,72.58069569,73.44921112,882500,yfinance
2024-02-23,73.31205791,74.29942036,73.08350056,73.3577652,938100,yfinance
2024-02-26,72.89153262,73.71433372,72.81839258,73.23893738,874700,yfinance
2024-02-27,73.54976442,73.7966103,72.91895077,73.76004028,939200,yfinance
2024-02-28,73.78745777,74.0617294,73.5223304,73.65032196,1132000,yfinance
2024-02-29,74.09830453,74.43656499,73.37606238,73.92459869,2110600,yfinance
2024-03-01,73.44004989,73.86973883,72.93722093,73.18406677,1138300,yfinance
2024-03-04,72.82752921,73.9428834,72.82752921,73.76004028,1121200,yfinance
2024-03-05,73.49491307,74.55542269,73.49491307,74.0434494,1088600,yfinance
2024-03-06,74.04344263,74.18057844,73.11093164,73.80574799,1290400,yfinance
2024-03-07,74.13486393,74.58284139,72.86408554,73.1109314,1332300,yfinance
2024-03-08,73.40348455,73.72346346,73.07436138,73.1109314,1179600,yfinance
2024-03-11,72.84350674,73.86713427,72.45619011,73.83024597,1355500,yfinance
2024-03-12,73.76567948,73.91323267,73.05559913,73.59968567,1217100,yfinance
2024-03-13,73.49824576,74.68786694,73.23081793,74.59564972,1248400,yfinance
2024-03-14,74.45733057,75.06597699,73.3599335,74.24523163,1906500,yfinance
2024-03-15,73.97780663,76.29249685,73.97780663,76.12650299,6705700,yfinance
2024-03-18,76.1725868,76.66134441,75.72071748,75.849823,1853600,yfinance
2024-03-19,76.09881361,76.70745997,76.09881361,76.52302551,1211700,yfinance
2024-03-20,76.34780903,77.4728775,76.15415074,77.4728775,1559800,yfinance
2024-03-21,77.65731628,78.28440331,77.50054628,77.91552734,1045500,yfinance
2024-03-22,78.21984894,78.46883617,77.02100383,77.03022766,867800,yfinance
2024-03-25,76.93800496,78.16451445,76.93800496,77.90630341,845000,yfinance
2024-03-26,77.92475118,78.35817991,77.84175778,77.91552734,832300,yfinance
2024-03-27,78.26596064,79.38180532,77.96163745,79.37258148,834400,yfinance
2024-03-28,79.62155942,80.0180998,79.16969012,79.59389496,978200,yfinance
2024-04-01,79.32646991,79.63079311,78.49650779,79.31725311,960700,yfinance
2024-04-02,79.24348025,79.85211963,78.45962319,78.6993866,1312500,yfinance
2024-04-03,78.59794233,79.48324035,78.59794233,79.09591675,981800,yfinance
2024-04-04,79.52012833,80.03655041,77.98007185,78.01696014,877600,yfinance
2024-04-05,77.72186164,78.26595523,77.5005389,77.93396759,882400,yfinance
2024-04-08,77.92475075,78.61639055,77.74031628,78.03541565,992100,yfinance
2024-04-09,78.19218115,78.53339263,76.0895974,76.36624908,870700,yfinance
2024-04-10,75.82217206,75.82217206,74.64177451,74.9460907,840700,yfinance
2024-04-11,74.78009589,74.79854356,73.7195871,74.00546265,1021200,yfinance
2024-04-12,73.6826862,74.55876036,73.3599224,73.60890961,1166200,yfinance
2024-04-15,74.18066546,74.69708752,72.46539845,72.78816223,855700,yfinance
2024-04-16,72.62217257,72.69594916,71.77376284,72.16107941,830600,yfinance
2024-04-17,72.61295523,73.0924961,72.1795265,72.37319183,935400,yfinance
2024-04-18,72.88038681,73.59047425,72.63139959,72.81583405,875800,yfinance
2024-04-19,73.20314186,74.22676915,73.20314186,74.18066406,978700,yfinance
2024-04-22,74.40200371,75.3795191,74.00546325,75.01986694,674400,yfinance
2024-04-23,74.83543175,75.38874221,74.78009578,75.16741943,737900,yfinance
2024-04-24,74.51266401,75.90516041,74.26366974,75.76683807,1199900,yfinance
2024-04-25,75.33340038,75.66538801,74.16221985,74.75241852,942800,yfinance
2024-04-26,72.78816127,73.47980096,71.24811191,72.96337891,1424800,yfinance
2024-04-29,72.99105787,74.49421923,72.99105787,74.17145538,1397500,yfinance
2024-04-30,73.77489989,74.3097696,72.94493086,72.98181915,1065900,yfinance
2024-05-01,72.76051471,74.48499892,72.76051471,73.63658905,1086300,yfinance
2024-05-02,74.10689492,74.32821767,72.88960923,74.21755981,884000,yfinance
2024-05-03,74.64175987,75.13051747,74.06077801,74.89074707,784900,yfinance
2024-05-06,75.52705689,76.26480169,75.37028691,76.21869659,787000,yfinance
2024-05-07,76.55069287,76.97489776,75.90515819,76.04348755,1041900,yfinance
2024-05-08,75.80371426,76.89189442,75.6930564,76.52302551,1174500,yfinance
2024-05-09,76.60601535,77.27921445,76.38469261,76.99333191,936800,yfinance
2024-05-10,77.16854678,77.61119929,77.07632957,77.42675781,951200,yfinance
2024-05-13,77.70342434,78.15529368,77.32532456,77.38987732,621400,yfinance
2024-05-14,77.40832365,78.09996341,77.40832365,77.63887024,714900,yfinance
2024-05-15,77.87862212,78.34893905,77.86940532,78.18294525,999700,yfinance
2024-05-16,78.18296363,78.72705728,77.67576532,77.72187042,934500,yfinance
2024-05-17,78.07228519,78.54259508,77.70340932,78.50570679,606900,yfinance
2024-05-20,78.5057168,78.5057168,76.96566738,77.03944397,700000,yfinance
2024-05-21,77.14088509,77.73108376,76.91033852,76.99333191,652500,yfinance
2024-05-22,76.66135325,77.45443412,76.50458325,76.79968262,645300,yfinance
2024-05-23,76.67978933,76.67978933,74.98296294,75.08440399,900800,yfinance
2024-05-24,75.47172352,75.88671157,75.37950629,75.82215881,1055600,yfinance
2024-05-28,75.74838916,75.94204746,74.61410385,74.80776215,874000,yfinance
2024-05-29,74.0146707,74.38354661,73.59968267,74.11611176,679100,yfinance
2024-05-30,74.23600294,75.16741314,74.17145017,74.91841888,640200,yfinance
2024-05-31,75.16740088,75.71148737,74.70630776,75.65615845,2070400,yfinance
2024-06-03,76.04686392,76.04686392,74.5677907,75.10732269,720100,yfinance
2024-06-04,74.42825318,75.11662647,73.74917715,74.19569397,1028900,yfinance
2024-06-05,74.10267289,74.40964566,73.24684957,74.09336853,710300,yfinance
2024-06-06,73.98173818,74.30731967,73.5910404,73.84220123,1845600,yfinance
2024-06-07,73.60034594,74.71662738,73.56313561,73.73987579,916500,yfinance
2024-06-10,73.38639473,73.80499853,72.69802135,73.69337463,709400,yfinance
2024-06-11,73.25614452,73.25614452,72.00963067,72.27009583,1065600,yfinance
2024-06-12,72.78173766,73.82360561,72.50267083,72.80034637,1085800,yfinance
2024-06-13,72.53058343,72.53058343,71.31197518,71.97244263,780500,yfinance
2024-06-14,71.21893657,71.52591646,70.66079584,71.31196594,918300,yfinance
2024-06-17,71.26543786,72.46544411,71.01426996,72.43753815,749400,yfinance
2024-06-18,72.34451935,72.93057313,72.21428675,72.91196442,718600,yfinance
2024-06-20,72.64220443,74.80965836,72.57708813,74.65151978,1750000,yfinance
2024-06-21,74.65150038,74.6887107,73.80498152,74.42824554,1904100,yfinance
2024-06-24,74.40034775,75.75849273,74.34452871,75.19104767,1018400,yfinance
2024-06-25,75.06082517,75.34919637,74.08407349,74.52128601,605200,yfinance
2024-06-26,74.2794172,74.2794172,72.94917811,74.0840683,955000,yfinance
2024-06-27,74.23291789,74.62361574,73.75849501,73.91663361,946100,yfinance
2024-06-28,74.04686288,74.40035748,72.67011612,72.97708893,2666600,yfinance
2024-07-01,73.33058119,73.7677937,72.39103988,72.56778717,1042700,yfinance
2024-07-02,72.68870772,73.87940977,72.5863811,73.73057556,1542800,yfinance
2024-07-03,73.96313949,74.71662912,73.60034765,73.63755798,519700,yfinance
2024-07-05,73.31196357,73.61894343,72.42824141,72.90266418,1904100,yfinance
2024-07-08,73.26547074,73.91663382,72.81895384,72.98639679,861000,yfinance
2024-07-09,74.1491856,75.90733285,73.76779214,75.22826385,1944100,yfinance
2024-07-10,75.14454573,75.92594852,75.09803814,75.86083221,986700,yfinance
2024-07-11,76.27942413,78.06547723,76.27942413,78.02826691,1209500,yfinance
2024-07-12,77.90734784,79.25618864,77.87013751,79.00502777,871400,yfinance
2024-07-15,79.00502467,80.73526597,79.00502467,80.07479858,1039300,yfinance
2024-07-16,80.05618045,81.19107054,79.92594786,80.80967712,817700,yfinance
2024-07-17,80.83758252,82.10270519,80.6515309,81.35851288,1645900,yfinance
2024-07-18,80.7724639,81.86083927,79.0980348,79.38640594,1562400,yfinance
2024-07-19,79.64688056,79.64688056,78.6143171,78.80036163,1199900,yfinance
2024-07-22,78.94920061,79.42361627,78.4003572,79.38640594,929600,yfinance
2024-07-23,79.17246129,79.65618135,78.94920643,79.0422287,749000,yfinance
2024-07-24,78.95849959,79.62827124,77.77710194,77.88873291,1063900,yfinance
2024-07-25,78.16780207,79.78641221,78.04687383,78.53059387,1541200,yfinance
2024-07-26,75.07942249,77.3026882,74.93988553,75.84221649,1833400,yfinance
2024-07-29,75.91663421,76.36314395,75.42360979,75.74919128,1646200,yfinance
2024-07-30,76.22361111,77.21896427,76.05616819,76.12128448,1504400,yfinance
2024-07-31,76.14919754,76.80966493,75.7212894,75.82361603,1707700,yfinance
2024-08-01,75.94455062,76.27943652,73.83291568,73.91663361,1196400,yfinance
2024-08-02,73.1910495,73.1910495,69.62823999,70.14917755,1718500,yfinance
2024-08-05,69.33054398,69.37705865,67.172395,67.85147095,1713800,yfinance
2024-08-06,67.92589153,69.39566745,67.80496329,68.2514801,1304900,yfinance
2024-08-07,68.83753867,69.92591426,67.97241796,68.0096283,2150200,yfinance
2024-08-08,68.35381134,69.28404825,68.33520263,69.23753357,1212700,yfinance
2024-08-09,69.40496418,69.78635755,68.95844742,69.56310272,974500,yfinance
2024-08-12,69.6654358,70.23288083,69.09799076,69.20031738,862700,yfinance
2024-08-13,69.60032705,70.18637376,69.07009228,69.9817276,1361400,yfinance
2024-08-14,70.07473816,70.87474236,70.07473816,70.60497284,1076600,yfinance
2024-08-15,71.49799818,71.78636931,70.99566948,71.55381012,994600,yfinance
2024-08-16,71.4607902,72.30730909,71.26544133,72.13056183,3214600,yfinance
2024-08-19,72.11195544,72.82824177,72.10265818,72.70731354,682800,yfinance
2024-08-20,72.4933625,72.55847879,71.69335819,71.79568481,831200,yfinance
2024-08-21,72.20498424,72.39102877,71.46079195,72.32591248,1291000,yfinance
2024-08-22,72.32591133,72.75381941,72.11195374,72.57707214,781900,yfinance
2024-08-23,73.07011344,74.2329096,72.86546018,73.93523407,569300,yfinance
2024-08-26,74.11197365,74.77244101,73.84220409,74.10267639,1220600,yfinance
2024-08-27,74.13057243,74.31661695,73.71196161,73.90731049,763300,yfinance
2024-08-28,73.88871759,74.77243981,73.86081161,74.58639526,736300,yfinance
2024-08-29,74.78175057,75.50733428,74.13988478,75.07012177,801000,yfinance
2024-08-30,75.12593079,75.82360843,74.84685689,75.73988342,961500,yfinance
2024-09-03,75.2933807,75.9724497,75.19105407,75.52593994,948000,yfinance
2024-09-04,75.81430938,76.36314576,75.24686429,75.47942352,924400,yfinance
2024-09-05,75.8923968,76.07072652,73.96833492,74.80365753,1567700,yfinance
2024-09-06,74.97260269,75.40434192,72.64496448,72.7669754,1198900,yfinance
2024-09-09,73.1987068,74.40006926,72.71065599,74.34375763,1373800,yfinance
2024-09-10,74.3719115,74.4563861,73.1330056,74.42823029,1206500,yfinance
2024-09-11,74.24052244,74.24052244,72.51356552,74.12789917,1354300,yfinance
2024-09-12,74.2217537,75.33864166,73.45213035,75.31048584,1681200,yfinance
2024-09-13,75.76100462,76.41799757,75.6671495,76.32414246,1615800,yfinance
2024-09-16,77.54427645,77.54427645,76.3710697,77.12191772,791000,yfinance
2024-09-17,77.34717406,78.71747862,77.3377864,78.67054749,954100,yfinance
2024-09-18,78.5766948,79.32754281,77.91031424,78.58608246,727700,yfinance
2024-09-19,78.50159259,80.41626645,78.50159259,80.35995483,1141000,yfinance
2024-09-20,80.24732793,80.47258158,79.56217215,80.35057068,2631300,yfinance
2024-09-23,80.74476551,80.94186335,80.32241402,80.51012421,1067000,yfinance
2024-09-24,80.70723244,80.9700296,79.74989894,80.05023956,1486800,yfinance
2024-09-25,80.23794673,80.40688877,79.61849734,79.70296478,918300,yfinance
2024-09-26,80.18163533,80.88555932,80.11593604,80.70722961,684000,yfinance
2024-09-27,81.17650633,81.75841936,80.72599902,80.8010788,581100,yfinance
2024-09-30,80.63215988,80.82925776,79.69359444,80.62277222,926500,yfinance
2024-10-01,80.59461021,80.59461021,79.43078401,79.90945435,893500,yfinance
2024-10-02,79.99392802,80.81047529,79.75928668,79.85314178,951700,yfinance
2024-10-03,79.42140135,79.75928545,78.90518755,79.40262604,666200,yfinance
2024-10-04,80.33179953,82.04937573,79.77804945,81.95552063,688800,yfinance
2024-10-07,81.95551733,81.95551733,80.0032999,80.40688324,993000,yfinance
2024-10-08,80.46319831,80.94186141,80.21916935,80.59459686,712500,yfinance
2024-10-09,80.73539017,82.28402446,80.48198067,82.13385773,617400,yfinance
2024-10-10,82.28401253,82.69698352,81.93674797,82.10569,891500,yfinance
2024-10-11,82.4341942,84.01098423,82.12446592,83.72002411,1123500,yfinance
2024-10-14,83.7200296,84.4333413,83.37276499,84.19869995,1293000,yfinance
2024-10-15,84.36763934,85.34374817,84.21747261,84.46149445,1746400,yfinance
2024-10-16,84.55535535,85.77549326,84.55535535,85.55023956,736500,yfinance
2024-10-17,85.68162871,86.32924107,85.59715411,85.6534729,870900,yfinance
2024-10-18,85.73794868,85.78487981,84.83692675,84.90262604,998200,yfinance
2024-10-21,84.77123216,85.13727212,83.59802533,84.14239502,942000,yfinance
2024-10-22,83.78572122,84.78998581,83.61677918,84.3957901,828300,yfinance
2024-10-23,84.0015961,84.50842223,83.7294113,84.07668304,676400,yfinance
2024-10-24,84.51782264,84.51782264,83.90775365,84.14239502,1185600,yfinance
2024-10-25,81.54255703,81.54255703,74.82243269,78.56730652,4195300,yfinance
2024-10-28,78.99904444,79.52464591,78.59546105,79.29938507,1379400,yfinance
2024-10-29,79.39323839,79.90006453,78.9521187,78.98966217,1128700,yfinance
2024-10-30,78.70808722,80.17224681,78.66115609,79.27122498,966300,yfinance
2024-10-31,79.05536007,79.09289638,77.28146503,77.33778381,1429900,yfinance
2024-11-01,77.3283921,78.26695737,77.09375078,77.13129425,858100,yfinance
2024-11-04,77.03744305,77.44102642,76.30536324,76.54938507,1125500,yfinance
2024-11-05,76.51184828,77.57243177,76.35229388,77.47857666,1495800,yfinance
2024-11-06,82.15262003,82.15262003,80.27548942,80.84801483,1651500,yfinance
2024-11-07,80.69784561,81.30790732,79.77804849,80.71661377,1187700,yfinance
2024-11-08,80.69783925,80.69783925,79.1867487,80.20039368,950400,yfinance
2024-11-11,81.12020743,82.47174389,80.89495374,81.85228729,874400,yfinance
2024-11-12,81.18588988,82.10568692,81.18588988,81.75841522,1086900,yfinance
2024-11-13,81.73026992,82.31217584,81.23283145,81.31729889,906000,yfinance
2024-11-14,81.45808778,81.88982699,80.95126163,81.05450439,867700,yfinance
2024-11-15,81.33608792,82.01184905,80.81987405,81.24222565,3581500,yfinance
2024-11-18,81.11081455,81.69272764,80.61337607,80.78231812,958100,yfinance
2024-11-19,79.5246366,79.5246366,77.76951701,79.00842285,1366900,yfinance
2024-11-20,79.22431467,79.42141256,78.52977107,78.98028564,999600,yfinance
2024-11-21,79.45894654,79.69358788,78.98966386,79.49648285,1050100,yfinance
2024-11-22,79.56218202,80.71662055,79.56218202,80.46321106,676000,yfinance
2024-11-25,81.09205248,82.2183281,80.82925531,81.69273376,2069600,yfinance
2024-11-26,81.21404751,81.58947504,80.33179391,81.45807648,931800,yfinance
2024-11-27,81.88982057,82.41541483,81.81473363,81.91797638,693800,yfinance
2024-11-29,82.19955673,82.34034296,81.58948781,81.73965454,559600,yfinance
2024-12-02,81.91949359,81.91949359,80.71743578,80.84994507,1046900,yfinance
2024-12-03,81.15282676,81.2190814,80.05489161,80.26312256,1511500,yfinance
2024-12-04,80.36723385,80.48080911,79.6762864,80.30097198,1019000,yfinance
2024-12-05,79.04215221,79.90346274,78.64461704,79.26931,1423200,yfinance
2024-12-06,79.68574994,79.97916231,79.07999118,79.88451385,1399800,yfinance
2024-12-09,80.06434866,80.15900434,78.01044752,78.11456299,714400,yfinance
2024-12-10,78.1429619,78.1429619,76.20264312,76.42033386,896300,yfinance
2024-12-11,76.3446099,76.56230062,75.03843671,75.56847382,1930500,yfinance
2024-12-12,75.95654312,76.38246477,75.01004414,75.04790497,1409100,yfinance
2024-12-13,75.28452414,75.40756639,74.53678913,74.68823242,1650900,yfinance
2024-12-16,74.7166336,74.93432433,73.98782533,74.46107483,1291300,yfinance
2024-12-17,73.90264322,74.01621848,73.04132567,73.3915329,1294900,yfinance
2024-12-18,74.23391792,74.28124576,70.82652291,70.90224457,1758400,yfinance
2024-12-19,71.33762825,71.84873855,70.63721383,71.15779114,1687000,yfinance
2024-12-20,70.7886608,73.41045984,70.53310203,73.16437531,3446700,yfinance
2024-12-23,72.69112761,73.35367403,72.42610181,73.25902557,900100,yfinance
2024-12-24,73.03186785,73.77013593,72.82363691,73.63762665,271200,yfinance
2024-12-26,73.55243565,74.20552227,73.30634389,74.14872742,372400,yfinance
2024-12-27,73.59029766,74.45161522,73.22116362,73.55243683,726800,yfinance
2024-12-30,72.65326595,73.46725568,72.24627109,73.09812164,677800,yfinance
2024-12-31,73.46726523,73.81746529,72.96561463,73.26850128,517400,yfinance
2025-01-02,73.59976473,74.08247402,72.95614511,73.2495575,718100,yfinance
2025-01-03,73.53351405,73.86478727,73.01293668,73.741745,1125600,yfinance
2025-01-06,73.74173621,75.22773926,73.40099601,73.65654755,1003700,yfinance
2025-01-07,74.39481571,75.32238786,73.64708068,74.11087036,1265500,yfinance
2025-01-08,73.99730591,74.24339771,72.88043659,74.13928223,939700,yfinance
2025-01-10,73.16437506,73.45778744,72.03803895,72.25572968,900500,yfinance
2025-01-13,72.00018017,73.76066892,71.90553171,73.63762665,941000,yfinance
2025-01-14,73.54297046,74.87753754,73.50511686,74.62197876,976100,yfinance
2025-01-15,76.2499545,76.56230089,75.75777821,75.79563904,954200,yfinance
2025-01-16,75.43597395,76.82732875,75.43597395,76.79893494,924800,yfinance
2025-01-17,77.3005746,77.603454,76.8462591,77.29111481,1219400,yfinance
2025-01-21,77.32896812,78.4836981,77.32896812,78.12403107,1390400,yfinance
2025-01-22,77.69810246,77.91580042,76.89357972,77.29111481,2074300,yfinance
2025-01-23,77.11127475,77.85900983,75.37917984,77.48987579,1363100,yfinance
2025-01-24,77.21539398,77.82115279,77.21539398,77.45201874,964300,yfinance
2025-01-27,77.68864246,78.32279508,77.36682904,78.19975281,1875600,yfinance
2025-01-28,78.19975544,79.34501844,77.99152449,78.45530701,1128500,yfinance
2025-01-29,78.35119227,79.57217694,78.35119227,78.91909027,911000,yfinance
2025-01-30,79.5911011,79.77093823,78.72979073,79.04213715,781200,yfinance
2025-01-31,78.72978871,79.25036606,77.87793815,78.03884125,4816300,yfinance
2025-02-03,77.11127287,77.3195038,75.2088079,76.63802338,1430600,yfinance
2025-02-04,76.24996685,77.3668361,76.24996685,76.37301636,1124100,yfinance
2025-02-05,76.29729076,76.54338254,75.71045874,76.25942993,1670000,yfinance
2025-02-06,76.8178673,76.8273271,74.86807433,75.71992493,2402300,yfinance
2025-02-07,78.47423359,78.51208719,76.19316759,77.92526245,3128700,yfinance
2025-02-10,78.35118084,80.92565911,77.67916746,79.8655777,2610100,yfinance
2025-02-11,80.00755673,81.50302683,79.56270106,80.87833405,1952300,yfinance
2025-02-12,80.62278763,80.62278763,79.36394219,80.39562988,1807500,yfinance
2025-02-13,80.81208488,82.36434272,80.51867249,82.29808807,1254700,yfinance
2025-02-14,82.45899692,82.68615466,80.93513293,81.06764221,1669800,yfinance
2025-02-18,81.22854407,82.01413997,81.02031313,81.96681213,1184100,yfinance
2025-02-19,81.39890588,81.95733677,81.20014197,81.57874298,1191600,yfinance
2025-02-20,81.37051653,82.20343301,80.98244849,81.92894745,2081800,yfinance
2025-02-21,82.3170137,82.3170137,79.34500762,79.8655777,1861800,yfinance
2025-02-24,80.20632657,81.02978333,80.20632657,80.55653381,1165100,yfinance
2025-02-25,81.05817806,81.43677913,80.30097593,80.79315948,1170900,yfinance
2025-02-26,81.38944933,81.80591121,81.00138848,81.30426788,1322900,yfinance
2025-02-27,81.57874838,83.22565456,81.57874838,82.84705353,1368900,yfinance
2025-02-28,83.65159037,84.3330709,83.20674185,84.27628326,2142400,yfinance
2025-03-03,84.6832782,85.478334,83.31085013,83.89768219,1870800,yfinance
2025-03-04,83.18779512,83.29191059,79.7425394,81.03924561,2834200,yfinance
2025-03-05,80.81208022,82.68615137,80.74582558,82.40219879,1526200,yfinance
2025-03-06,81.75858504,82.58204181,81.21908088,82.00467682,1932200,yfinance
2025-03-07,81.64501099,81.86270173,79.36394479,81.02978516,1662600,yfinance
2025-03-10,79.9696953,80.69850354,78.90962108,79.20303345,1858300,yfinance
2025-03-11,79.43019881,79.49645345,78.03884405,78.44583893,1879600,yfinance
2025-03-12,79.05712984,79.31502236,77.28057176,78.35032654,1829900,yfinance
2025-03-13,78.69417398,79.41053071,76.84119557,76.92716217,1258400,yfinance
2025-03-14,77.65307434,79.27681339,77.36652873,79.06668091,880500,yfinance
2025-03-17,78.70373345,80.48029886,78.58911374,80.11734009,1140500,yfinance
2025-03-18,80.01227441,80.71908502,79.42964426,79.50605011,976000,yfinance
2025-03-19,79.42009184,80.90055819,79.42009184,80.6235733,1190600,yfinance
2025-03-20,80.15553824,81.12023399,79.9358596,80.35611725,1056900,yfinance
2025-03-21,79.63975125,79.94539645,78.90429499,79.52513885,2541400,yfinance
2025-03-24,80.37522537,81.55004631,80.27015913,81.42588043,802100,yfinance
2025-03-25,81.49275087,82.61026575,81.31127147,81.82704926,1108900,yfinance
2025-03-26,82.19000368,83.21200572,81.3876803,81.76018524,1022000,yfinance
2025-03-27,81.62646312,81.96076148,80.64266768,81.26351166,702400,yfinance
2025-03-28,81.4449776,82.01806879,78.74193054,79.33411407,1357100,yfinance
2025-03-31,79.18130483,80.97696988,78.49360115,80.5853653,1160300,yfinance
2025-04-01,80.91965656,81.73152606,80.19374638,81.33036804,1108200,yfinance
2025-04-02,80.36566318,82.58159277,80.13643109,82.32370758,1040500,yfinance
2025-04-03,78.01603085,79.48695101,75.68548109,75.76189423,1413700,yfinance
2025-04-04,76.91760991,76.91760991,69.07589233,69.66808319,2218700,yfinance
2025-04-07,67.99657904,71.28226342,65.6182696,68.4359436,2718700,yfinance
2025-04-08,70.71874617,71.36824332,65.45590936,66.4397049,2331700,yfinance
2025-04-09,65.53231907,74.31007985,65.32218658,73.80384827,2933800,yfinance
2025-04-10,72.16100512,72.27561753,67.81510465,68.73204041,2040900,yfinance
2025-04-11,68.73203844,69.77314733,67.28977154,69.35288239,2092100,yfinance
2025-04-14,70.53725112,71.29181435,69.60121583,70.13609314,2484700,yfinance
2025-04-15,70.42264574,71.09124245,69.66808244,69.81134796,2267600,yfinance
2025-04-16,69.4006408,70.35578307,68.07298634,68.4263916,1508500,yfinance
2025-04-17,68.79890257,70.04059054,68.75114982,68.90396881,1635700,yfinance
2025-04-21,68.12074001,68.57921146,66.6689271,67.10829163,1843300,yfinance
2025-04-22,68.79890632,69.70629598,68.13030955,69.5821228,1848800,yfinance
2025-04-23,71.3013798,72.71498644,70.44175021,70.71874237,1549800,yfinance
2025-04-24,70.58501844,72.05593847,70.10744728,71.63567352,1987200,yfinance
2025-04-25,70.95752668,71.11034567,68.3308852,70.16475677,2703600,yfinance
2025-04-28,70.04058066,71.02437598,69.52480299,70.55635834,1811600,yfinance
2025-04-29,70.08834296,71.54971688,70.08834296,71.24406433,1626000,yfinance
2025-04-30,70.25072281,71.1103451,68.97082827,70.82380676,1807500,yfinance
2025-05-01,70.96706903,71.41597975,70.26981201,70.74738312,1665700,yfinance
2025-05-02,71.94132367,73.43134344,71.47330594,73.3835907,1817900,yfinance
2025-05-05,72.83914835,73.96621647,72.39023034,73.12568665,988400,yfinance
2025-05-06,72.70544029,73.41224361,72.39979502,72.91556549,1203400,yfinance
2025-05-07,73.49819028,74.35781972,73.36447095,74.07128143,1816700,yfinance
2025-05-08,74.72078331,75.89560422,74.25275835,75.30341339,1318200,yfinance
2025-05-09,75.3511872,75.69503906,74.99778187,75.36074066,933100,yfinance
2025-05-12,77.79634015,78.5986635,77.6053146,78.03512573,1539900,yfinance
2025-05-13,78.09243923,78.66552317,77.81544708,78.03512573,978900,yfinance
2025-05-14,78.03512956,78.52225422,77.17550725,77.40473938,1155100,yfinance
2025-05-15,77.32832794,77.83455224,77.05133576,77.76769257,885700,yfinance
2025-05-16,77.87276166,78.06379452,77.44295048,77.89186859,1036900,yfinance
2025-05-19,77.37607641,78.16883895,77.05132426,77.65306854,864200,yfinance
2025-05-20,77.32832166,77.82499975,76.80299775,76.91761017,764400,yfinance
2025-05-21,76.4209372,76.72658244,73.88025519,73.88980865,1040300,yfinance
2025-05-22,73.84204246,74.40558016,73.38357828,73.88024902,826000,yfinance
2025-05-23,72.64812944,74.01398338,72.64812944,73.5555191,846000,yfinance
2025-05-27,74.6921229,75.37028033,74.09993935,75.3511734,904000,yfinance
2025-05-28,75.39893258,75.66637125,74.09038506,74.18589783,1069100,yfinance
2025-05-29,74.67303055,75.25566798,74.23366594,75.02643585,1014700,yfinance
2025-05-30,74.77810029,75.02643936,74.06174348,74.39604187,1960700,yfinance
2025-06-02,74.24171448,74.27064992,73.19034691,74.24171448,874500,yfinance
2025-06-03,74.04879924,74.95548226,73.2385775,74.59859467,1073200,yfinance
2025-06-04,74.63717003,74.94582695,73.6340332,73.6340332,734300,yfinance
2025-06-05,73.69191624,74.00057318,72.85275174,73.24822235,1208800,yfinance
2025-06-06,74.05844688,74.75292686,73.63404081,74.24171448,1164300,yfinance
2025-06-09,74.27064226,74.64681765,73.57616235,74.11631012,1052900,yfinance
2025-06-10,74.11631277,74.66611551,73.73049712,74.03915405,1143200,yfinance
2025-06-11,74.05843852,74.39603088,73.52793836,73.77871704,1383300,yfinance
2025-06-12,73.34468116,74.31888268,72.78523812,74.28993988,971700,yfinance
2025-06-13,74.18383425,74.18383425,73.08423617,73.20963287,1263200,yfinance
2025-06-16,73.87517146,74.72398351,73.58580974,74.01021576,1152300,yfinance
2025-06-17,73.83658972,74.08736839,72.64053782,73.11317444,1098100,yfinance
2025-06-18,73.04566977,74.08738238,73.04566977,73.27716064,939600,yfinance
2025-06-20,73.92340565,74.44426561,73.21928547,73.89447021,2262700,yfinance
2025-06-23,73.75943421,74.67575743,72.85275123,74.58895111,804800,yfinance
2025-06-24,74.91689278,75.58243727,74.91689278,75.16767883,790400,yfinance
2025-06-25,75.25448487,75.25448487,74.20312475,74.3285141,1006300,yfinance
2025-06-26,74.73363729,75.69819116,74.22241755,75.62102509,855800,yfinance
2025-06-27,75.91038183,76.70131566,75.65960314,76.38301849,2230700,yfinance
2025-06-30,76.39265897,76.75919413,76.20939875,76.61450958,845700,yfinance
2025-07-01,76.5373391,78.52432484,75.91037769,77.9648819,1185900,yfinance
2025-07-02,77.98417953,77.98417953,76.82671782,77.65623474,1200600,yfinance
2025-07-03,78.00347112,78.76546954,77.67551899,78.12886047,605900,yfinance
2025-07-07,77.93595843,78.61114322,76.96175692,77.34757996,1190200,yfinance
2025-07-08,77.69481491,79.11270288,77.50189973,78.59185028,1173700,yfinance
2025-07-09,78.81368944,79.12234636,77.58870936,77.99382019,1014500,yfinance
2025-07-10,78.18672826,79.24774333,77.71409896,78.7075882,897900,yfinance
2025-07-11,78.15778847,78.33140844,77.45366836,77.52118683,822200,yfinance
2025-07-14,77.32827665,78.15779351,76.97139645,78.08062744,782000,yfinance
2025-07-15,78.08063347,78.36035498,76.52770114,76.56628418,1111500,yfinance
2025-07-16,76.9424615,77.44403365,76.01649064,76.99069214,1265000,yfinance
2025-07-17,76.91351026,78.14813782,76.48911163,78.09991455,1037500,yfinance
2025-07-18,78.37965226,78.48575377,77.84914467,78.18673706,867500,yfinance
2025-07-21,78.10957287,78.47610068,75.88144851,75.94896698,1446500,yfinance
2025-07-22,75.94896814,77.48261259,75.94896814,77.35721588,981100,yfinance
2025-07-23,78.07099317,78.17709468,77.47296711,78.01311493,832300,yfinance
2025-07-24,77.86843562,78.1867328,77.32828046,77.48261261,766500,yfinance
2025-07-25,77.64658594,78.26389982,77.31864116,78.17709351,737900,yfinance
2025-07-28,78.06134152,78.26389694,77.13537073,77.54048157,1677400,yfinance
2025-07-29,80.21230623,80.67528798,76.95210932,77.34757996,2014100,yfinance
2025-07-30,77.30898419,77.30898419,73.19033557,73.87516785,3111100,yfinance
2025-07-31,73.58581421,75.61137583,73.27715727,75.07122803,2971800,yfinance
2025-08-01,74.15489894,74.15489894,72.34154031,72.85275269,1753400,yfinance
2025-08-04,73.22891354,73.43146893,72.75628429,73.19033051,1049100,yfinance
2025-08-05,73.56650639,74.31886445,72.87203392,73.42182922,1314800,yfinance
2025-08-06,73.65332558,74.49249,73.44112257,74.08737183,1438500,yfinance
2025-08-07,74.32852063,74.51178822,72.65984651,72.92027283,1087100,yfinance
2025-08-08,73.2482138,74.04878782,72.83345539,73.87516785,819900,yfinance
2025-08-11,74.00056432,74.56000726,73.45076899,73.76907349,922000,yfinance
2025-08-12,74.1066654,74.98440547,73.92339783,74.5021286,1757600,yfinance
2025-08-13,74.28029741,75.65960978,74.28029741,75.5631485,2068100,yfinance
2025-08-14,75.14840121,75.41847514,74.46356143,75.32201385,1047800,yfinance
2025-08-15,75.74640699,75.74640699,74.8011484,74.88795471,962400,yfinance
2025-08-18,74.6950526,75.09051585,74.4153311,74.9458313,1136900,yfinance
2025-08-19,75.07121596,76.38300957,74.86866057,75.81391907,948400,yfinance
2025-08-20,75.70782164,76.25761698,75.49561864,75.92967224,983600,yfinance
2025-08-21,75.67889142,76.12258529,74.5985885,75.88144684,1077900,yfinance
2025-08-22,76.03577391,78.55325978,75.80427571,77.85877991,1250500,yfinance
2025-08-25,77.64657495,78.02275031,77.00032572,77.43437195,619100,yfinance
2025-08-26,77.13537358,77.73339227,76.56628298,77.69481659,974500,yfinance
2025-08-27,77.52118376,78.48573747,77.01961172,77.97451782,775400,yfinance
2025-08-28,78.20602752,78.28319359,77.00997545,77.37651062,1248600,yfinance
2025-08-29,77.45367931,78.09992864,77.35721804,77.65623474,974700,yfinance
2025-09-02,76.73990251,77.14502072,75.84286713,77.10643768,1670500,yfinance
2025-09-03,76.69167945,77.34757637,76.56628274,77.33792877,1431200,yfinance
2025-09-04,77.66909265,79.22753801,77.52298677,79.18858337,1001400,yfinance
2025-09-05,79.247028,79.87040618,76.97753784,77.90287018,1125400,yfinance
2025-09-08,77.83468,77.87363463,76.08142439,77.63986969,908300,yfinance
2025-09-09,77.72753966,78.76000832,77.6593579,77.99052429,1025400,yfinance
2025-09-10,77.63987316,78.50675862,77.01649501,77.99052429,1137000,yfinance
2025-09-11,78.3119566,80.12365168,78.05870691,79.94832611,1699400,yfinance
2025-09-12,79.85092076,80.77624557,79.69507252,80.55221558,986000,yfinance
2025-09-15,80.68857915,81.46780552,80.30870834,80.79572296,1493500,yfinance
2025-09-16,80.76650681,80.93209,77.66909337,78.01000214,1766400,yfinance
2025-09-17,78.14637398,80.07494783,78.14637398,78.76000977,1249400,yfinance
2025-09-18,78.73078784,79.89961999,78.3801367,79.65611267,801600,yfinance
2025-09-19,80.3476781,80.45482192,79.12040648,79.5879364,3057300,yfinance
2025-09-22,79.12039904,80.2502691,78.61389967,80.07494354,1036400,yfinance
2025-09-23,80.07494945,81.23404671,80.07494945,80.2600174,1005900,yfinance
2025-09-24,80.13338673,80.5327423,79.285986,79.71455383,902500,yfinance
2025-09-25,79.56845264,80.08468696,78.96455183,79.3833847,891200,yfinance
2025-09-26,79.73403984,81.06846267,79.73403984,80.4743042,952200,yfinance
2025-09-29,80.6885874,80.6885874,79.72430042,80.32820129,1041300,yfinance
2025-09-30,80.16262399,80.85418399,79.07170837,80.75678253,1318300,yfinance
2025-10-01,80.57170326,81.3606646,80.13338563,80.88339233,1693700,yfinance
2025-10-02,80.8833993,82.20807983,80.33794523,82.07171631,1092900,yfinance
2025-10-03,81.44832982,82.79248753,81.37040569,82.05222321,1000600,yfinance
2025-10-06,82.06196379,82.79248573,81.17559361,81.99378204,841100,yfinance
2025-10-07,82.32495254,82.92885338,81.19508243,81.39962769,734900,yfinance
2025-10-08,81.46780734,81.63339053,79.30546118,79.64636993,1214800,yfinance
2025-10-09,80.03598868,80.67885161,79.2470273,80.5424881,886100,yfinance
2025-10-10,81.11716038,81.54573565,77.29896724,77.35740662,1036900,yfinance
2025-10-13,77.77623193,78.44831447,77.16259619,77.60090637,809000,yfinance
2025-10-14,76.84116889,79.78274146,76.46129807,79.17884064,837900,yfinance
2025-10-15,79.41260888,79.9385856,77.9515649,78.79897308,1552400,yfinance
2025-10-16,78.4677983,78.48728305,76.24701268,76.35415649,1724800,yfinance
2025-10-17,76.47104238,77.09442054,75.87688392,76.58792114,1145400,yfinance
2025-10-20,76.73402995,77.26000668,76.45156055,76.9190979,922400,yfinance
2025-10-21,76.95805757,77.89312482,76.88987582,77.32818604,1171300,yfinance
2025-10-22,77.49376917,78.21455621,76.51973987,77.08467865,921600,yfinance
2025-10-23,77.66909643,78.04896727,76.87039268,77.37689209,909700,yfinance
2025-10-24,77.83468497,78.37039662,77.38662495,77.55221558,862800,yfinance
2025-10-27,77.66909272,78.69182643,77.41585045,77.50350952,1799000,yfinance
2025-10-28,79.30546674,80.59118517,77.93208924,80.06520844,1781400,yfinance
2025-10-29,79.57818573,81.07819165,78.83792886,80.28923035,1194400,yfinance
2025-10-30,80.2892322,81.78923815,80.21130808,80.59117889,934800,yfinance
2025-10-31,80.51327164,82.18859592,80.08469634,81.8574295,1034900,yfinance
2025-11-03,81.30222449,81.80871644,79.96780171,80.86390686,1094100,yfinance
2025-11-04,80.50352178,80.56196116,79.5294925,79.92884064,1406700,yfinance
2025-11-05,79.90937404,80.36716906,78.99378402,79.05223083,2061500,yfinance
2025-11-06,79.54897396,81.13664654,78.7015732,80.29898071,2028600,yfinance
2025-11-07,80.3574177,80.78599298,79.45157015,80.70806885,1368100,yfinance
2025-11-10,80.89313608,81.89638507,80.70806814,81.40937042,1485900,yfinance
2025-11-11,81.64313696,82.42236339,81.46781139,82.188591,1573300,yfinance
2025-11-12,82.01326213,83.26002585,82.01326213,83.04573822,1163000,yfinance
2025-11-13,83.14314289,83.8152255,82.30547709,82.42236328,1336000,yfinance
2025-11-14,82.02301066,82.77301743,81.13664782,82.27626038,1077700,yfinance
2025-11-17,82.08144272,82.08144272,78.35091629,78.90611267,1428400,yfinance
2025-11-18,78.3217023,80.67885151,77.92234671,80.05547333,1041500,yfinance
2025-11-19,80.12365281,81.16586387,79.59767609,80.95157623,1417600,yfinance
2025-11-20,82.01326443,83.0262558,80.1626147,80.22105408,1125800,yfinance
2025-11-21,80.49377946,82.99703442,80.26001451,82.10092926,1512900,yfinance
2025-11-24,82.0327481,82.724308,81.46780933,82.36391449,2668300,yfinance
2025-11-25,82.54898656,83.53275828,82.47106243,82.49054718,1124100,yfinance
2025-11-26,82.61715779,83.25027827,82.21780968,82.40287018,1003600,yfinance
2025-11-28,82.74378575,83.2892472,82.33469522,82.61716461,521300,yfinance
2025-12-01,82.32494902,83.2405389,82.17885058,82.25676727,974200,yfinance
2025-12-02,82.69508862,82.69508862,81.56521107,82.13014984,944800,yfinance
2025-12-03,82.34646255,84.5784171,82.10065221,84.49976349,1228600,yfinance
2025-12-04,84.67674746,85.11920306,84.18512678,84.4899292,935200,yfinance
2025-12-05,84.34244576,86.27943251,84.29328819,86.05328369,1324800,yfinance
2025-12-08,85.87630138,85.87630138,84.80457184,85.42401123,1014100,yfinance
2025-12-09,85.54199882,87.24300968,84.27361656,86.73171997,1353100,yfinance
2025-12-10,86.55473709,89.11116317,86.53507557,88.71787262,1398000,yfinance
2025-12-11,88.51138175,90.48769893,87.49864437,90.00591278,958500,yfinance
2025-12-12,90.2025616,90.45820646,88.25574788,88.43273163,1780200,yfinance
2025-12-15,89.22915194,90.55652625,88.29507566,89.11116028,1706000,yfinance
2025-12-16,89.38647202,89.6716054,87.44948542,88.03942871,1506100,yfinance
2025-12-17,88.275409,88.78669871,87.53797797,87.87228394,1162000,yfinance
2025-12-18,88.12792197,88.73753432,87.2921683,87.84278107,1199800,yfinance
2025-12-19,87.9706098,88.5310571,86.9185418,87.45932007,3584500,yfinance
2025-12-22,87.57731182,88.09842857,87.22334431,87.74446106,1371800,yfinance
2025-12-23,88.18691686,88.49171927,87.74445376,88.01976013,890500,yfinance
2025-12-24,88.11809607,88.72770093,87.75429406,88.08859253,455200,yfinance
2025-12-26,88.27540864,88.33440072,87.45931651,87.8821106,580100,yfinance
2025-12-29,87.95093082,88.11808754,86.93819348,87.54780579,833400,yfinance
2025-12-30,87.56747096,88.01976108,87.25283404,87.41015625,888000,yfinance
2025-12-31,87.41015891,87.41015891,86.66289338,86.73171997,602700,yfinance
2026-01-02,86.83004162,88.10825838,86.13194116,87.92144012,851700,yfinance
2026-01-05,87.0561926,89.75027188,86.68256358,88.99317932,1107000,yfinance
2026-01-06,88.6293743,90.65484907,88.30490285,90.26155853,1081400,yfinance
2026-01-07,90.08457575,90.52703135,88.69820183,89.35697174,1062800,yfinance
2026-01-08,89.3569726,90.95966083,89.3569726,90.19273376,1187200,yfinance
2026-01-09,90.01574931,90.46803943,88.7768631,88.7768631,930200,yfinance
2026-01-12,88.11809545,89.32747815,87.74445892,88.68836975,1085400,yfinance
2026-01-13,88.66870844,89.00300691,87.35116109,87.52814484,1209000,yfinance
2026-01-14,87.38066855,89.94692928,87.38066855,89.68144989,1384600,yfinance
2026-01-15,89.9174165,90.5073673,89.16032398,89.45529938,1212600,yfinance
2026-01-16,89.17016255,89.41597289,86.7710512,86.99720001,1791400,yfinance
2026-01-20,86.71205752,87.27250479,85.62065901,87.05619049,2855300,yfinance
2026-01-21,87.41999467,89.9370902,87.27250696,89.56345367,2474800,yfinance
2026-01-22,89.56344909,91.13664122,89.56344909,90.60569,2474400,yfinance
2026-01-23,89.94692928,90.5172036,88.51139019,89.68144989,1586000,yfinance
2026-01-26,89.8977633,91.52994015,89.8977633,91.44145203,1390200,yfinance
2026-01-27,91.34312662,92.30669898,90.39921579,90.68435669,1836100,yfinance
2026-01-28,90.68435507,92.75898746,90.43854472,92.47385406,1637900,yfinance
2026-01-29,93.06379415,93.80122515,92.2968671,93.17195129,2151000,yfinance
2026-01-30,90.04524453,93.54558133,90.04524453,93.13262177,1888200,yfinance
2026-02-02,92.98513882,94.76480335,92.69999791,94.39117432,1330200,yfinance
2026-02-03,94.39116992,95.77754383,93.19161427,93.69306946,1450900,yfinance
2026-02-04,93.59474845,95.14826411,93.4865913,94.7844696,1521700,yfinance
2026-02-05,94.30268396,95.93486074,93.56525292,93.89955139,1732100,yfinance
2026-02-06,94.71564135,96.23966095,94.47965803,95.70870972,1530600,yfinance
2026-02-09,95.21708764,96.0725103,94.12569665,94.32234192,2162100,yfinance
2026-02-10,92.89665117,94.30268668,89.98625001,92.07072449,3061500,yfinance
2026-02-11,92.0707232,92.98513799,90.35988528,91.25463104,1496300,yfinance
2026-02-12,91.55943992,92.5426813,88.21641773,88.99317932,1787300,yfinance
2026-02-13,88.9931824,89.53396068,87.74446161,88.87519073,1531500,yfinance
2026-02-17,89.01284073,90.83183578,88.58021212,90.43854523,1555500,yfinance
2026-02-18,90.43854812,91.77574954,89.74044012,90.90066528,1402400,yfinance
2026-02-19,90.9006579,91.37261704,89.31763876,90.60569,1113700,yfinance
2026-02-20,90.6056878,94.16501653,90.10423263,94.15518951,2935100,yfinance
2026-02-23,93.69306845,94.72546736,90.22222771,91.13664246,2576800,yfinance
2026-02-24,91.13664713,94.62714958,91.13664713,93.26044464,2732300,yfinance
2026-02-25,93.49641729,93.67340104,92.24770407,93.09329224,1470300,yfinance
2026-02-26,93.39809747,95.95452359,93.39809747,95.86603546,1741700,yfinance
2026-02-27,95.10894367,95.82670568,91.66759877,93.82089233,3749100,yfinance
2026-03-02,92.5623416,95.66938792,91.79541454,94.22402191,1329700,yfinance
2026-03-03,91.10715132,92.70983209,89.26848721,92.10021973,1537700,yfinance
2026-03-04,92.07072051,92.55250668,91.35295852,91.93306732,1430700,yfinance
2026-03-05,91.17597477,92.52301064,90.78267673,91.93306732,1248000,yfinance
2026-03-06,90.03541298,91.48077901,88.11809528,90.71385193,1530100,yfinance
2026-03-09,89.4356323,89.68144264,86.48590825,89.09149933,2288800,yfinance
2026-03-10,89.18982202,90.18289788,87.88210922,88.22624969,1757800,yfinance
2026-03-11,87.81948915,89.02983583,86.46033556,87.50202179,1611900,yfinance
2026-03-12,85.97421642,87.05558703,85.38888147,85.50793457,1412800,yfinance
2026-03-13,86.26191941,86.75796266,85.12102597,85.15078735,1352800,yfinance
2026-03-16,86.09325948,86.94645442,85.69642339,85.76586914,1287600,yfinance
2026-03-17,86.59923086,88.28577487,86.43057798,87.03575134,1351800,yfinance
2026-03-18,86.61906846,87.37305631,85.86508818,85.9940567,1027400,yfinance
2026-03-19,85.75595771,86.30160073,84.45631927,85.2202301,1402100,yfinance
2026-03-20,85.2103078,85.41864505,84.27774408,84.39679718,8210700,yfinance
2026-03-23,86.31152531,86.79764558,84.97221005,85.86508942,1507800,yfinance
2026-03-24,85.0118912,87.720283,84.82339235,87.0258255,1165600,yfinance
2026-03-25,87.86909933,88.49411109,86.97621999,88.01791382,897000,yfinance
2026-03-26,87.89886219,89.2877848,87.10519754,88.23617554,1529200,yfinance
2026-03-27,87.85917883,88.43459082,86.12302744,86.32144928,1321700,yfinance
2026-03-30,87.3829772,88.71236943,86.51985926,87.53179169,1174900,yfinance
2026-03-31,88.70245413,90.45844383,87.84925916,89.39691162,1038000,yfinance
2026-04-01,89.72430108,90.53781167,88.92070591,89.36714935,1167100,yfinance
2026-04-02,88.14687774,90.38899519,87.56155038,89.38698578,857000,yfinance
2026-04-06,89.0496847,90.41876132,88.59332583,90.38899994,962400,yfinance
2026-04-07,89.53580598,90.66678397,88.85126388,90.33939362,1425400,yfinance
2026-04-08,92.13507479,94.17877053,91.65886995,93.45454407,1997200,yfinance
2026-04-09,92.74024809,93.75217298,91.45053263,91.58942413,1766300,yfinance
2026-04-10,91.18266985,91.53981401,90.37907467,91.07353973,969400,yfinance
2026-04-13,90.75607369,92.94858388,89.90287872,92.80969238,1195600,yfinance
2026-04-14,92.80969215,93.75217127,92.42277903,93.39501953,1145400,yfinance
2026-04-15,93.75217212,94.61529008,93.01803024,93.93074799,1676200,yfinance
2026-04-16,93.88114013,94.63512797,92.89897664,93.23628998,1223800,yfinance
2026-04-17,93.96050552,95.77602551,93.67279954,95.40895081,1259200,yfinance
2026-04-20,94.80378315,96.25222853,94.80378315,95.42880249,1202000,yfinance
2026-04-21,95.21054126,96.67882502,94.65497525,94.97244263,1827500,yfinance
2026-04-22,95.27005881,96.85739558,94.05971215,96.65898132,1605900,yfinance
2026-04-23,95.7165097,97.66099835,95.04189057,96.23239136,1664000,yfinance
2026-04-24,99.79397158,100.73645824,97.74035295,98.55386353,2395600,yfinance
2026-04-27,98.33561011,100.10152275,98.33561011,98.95069885,1368100,yfinance
2026-04-28,99.89319256,100.44875858,98.93086744,99.26817322,1309400,yfinance
2026-04-29,98.81181424,100.22057526,98.305848,98.84157562,1284300,yfinance
2026-04-30,98.86141911,100.31978745,97.631234,100.1114502,1256800,yfinance
2026-05-01,99.25825292,101.09361135,99.14912281,100.29001617,1114800,yfinance
2026-05-04,99.5261152,100.40907156,98.26616871,98.67292023,1218800,yfinance
2026-05-05,98.95069956,100.51819796,98.78204668,100.07176208,935600,yfinance
2026-05-06,100.8455908,102.18490602,100.27017883,100.74638367,1007000,yfinance
2026-05-07,100.59757217,101.19282256,98.82173644,99.23841095,1092600,yfinance
2026-05-08,99.61540488,100.55788399,98.8118097,99.70468903,1022100,yfinance
2026-05-11,99.99239851,100.69677902,99.20864928,99.39714813,1065600,yfinance
2026-05-12,99.02015192,100.18089889,98.24632566,100.04199982,1180000,yfinance
2026-05-13,99.8038963,100.05191791,99.16896157,99.62532043,926400,yfinance
2026-05-14,99.95271104,100.81582899,99.62532069,99.97254944,868100,yfinance
2026-05-15,99.77413566,100.05191866,97.80980113,99.73445129,2022300,yfinance
2026-05-18,99.69476428,101.6392528,99.19872106,101.58965302,1179800,yfinance
2026-05-19,101.54996917,101.72854504,99.79397192,100.3396225,1041000,yfinance
2026-05-20,100.4685925,102.38331967,99.57572074,101.99640656,985900,yfinance
2026-05-21,101.99640913,103.20675585,100.99440723,103.09762573,906100,yfinance
2026-05-22,103.3555657,103.85160892,102.432925,103.02817535,724100,yfinance
2026-05-26,103.1472287,104.11946917,102.8892841,103.88137054,853700,yfinance
2026-05-27,104.15915956,104.16908254,103.09762731,103.74248505,894900,yfinance
2026-05-28,103.25636057,103.82184955,102.18490538,102.50237274,1019500,yfinance
2026-05-29,102.43292833,104.10955689,102.02616924,102.80000305,2225900,yfinance
2026-06-01,101.73999786,103.76000214,101.44000244,102.90000153,899900,yfinance
2026-06-02,102.44999695,104.19000244,102.44999695,103.30999756,873000,yfinance
2026-06-03,102.90000153,103.05000305,100.84999847,101.19000244,1246200,yfinance
2026-06-04,101.91000366,103.56999969,101.91000366,103.51000214,887800,yfinance
2026-06-05,103.38999939,105.55999756,103.38999939,105.22000122,1421200,yfinance
2026-06-08,105.22000122,105.98999786,104.80000305,105.02999878,890600,yfinance
2026-06-09,105.55999756,106.69999695,104.98000336,106.66000366,972300,yfinance
2026-06-10,106.68000031,109.88999939,106.48999786,109.20999908,1571300,yfinance
2026-06-11,109.77999878,110.25,108.73999786,109.69000244,1014800,yfinance
2026-06-12,109.91999817,111.51000214,109.86000061,111.12000275,893700,yfinance
2026-06-15,111.48999786,112.06999969,110.05000305,110.58999634,976800,yfinance
2026-06-16,110.83999634,111.98999786,110.66000366,111.16999817,916200,yfinance
2026-06-17,110.26000214,111.73999786,110.02999878,110.22000122,1137900,yfinance
2026-06-18,111.01000214,111.29000092,108.94999695,109.56999969,3398200,yfinance
2026-06-22,110.08000183,112.23000336,108.63999939,111.23000336,1066400,yfinance
2026-06-23,111.06999969,112.44999695,110.72000122,112.36000061,1067400,yfinance
2026-06-24,108.77999878,110.51000214,105.19000244,106.69999695,2670300,yfinance
2026-06-25,107.56999969,108.33999634,104.66000366,105.44000244,2259600,yfinance
2026-06-26,105.87999725,107.98999786,105.05000305,107.75,2962600,yfinance
2026-06-29,107.38999939,108.56999969,106.76000214,108.51000214,1498200,yfinance
2026-06-30,108.36000061,109.40000153,107.68000031,107.77999878,1209100,yfinance
2026-07-01,107.55000305,109.66999817,107.06999969,108.93000031,1411400,yfinance
2026-07-02,109.16000366,110.94000244,109.05000305,110.87000275,1212700,yfinance
2026-07-06,111.0,112.58000183,111.0,112.55000305,1014100,yfinance
2026-07-07,113.31999969,113.86000061,112.79000092,112.87999725,968500,yfinance
2026-07-08,113.01999664,113.20999908,110.18000031,110.73999786,901500,yfinance
2026-07-09,111.04000092,113.43000031,111.04000092,111.66999817,1847000,yfinance
2026-07-10,112.61000061,112.83000183,110.91999817,112.23000336,1059700,yfinance
2026-07-13,113.33000183,114.05999756,112.80000305,113.61000061,1156700,yfinance
2026-07-14,114.0,114.90000153,112.80000305,112.91999817,1174200,yfinance
2026-07-15,112.69999695,113.40000153,111.22000122,112.95999908,1268900,yfinance
2026-07-16,112.91000366,114.05999756,110.37999725,113.12000275,1886600,yfinance
2026-07-17,113.04000092,114.47000122,112.06999969,113.94999695,1599500,yfinance
2026-07-20,114.01000214,114.15000153,111.45999908,112.05999756,1632800,yfinance
2026-07-21,111.31999969,111.69000244,107.86000061,109.56999969,2198300,yfinance
2026-07-22,109.41999817,109.98999786,108.12000275,108.25,1423000,yfinance
2026-07-23,107.15000153,107.5,106.27999878,107.31999969,1972200,yfinance
2026-07-24,107.55999756,109.47000122,107.0,109.40000153,1763400,yfinance
2026-07-27,110.11000061,111.44999695,109.87999725,111.29000092,2445800,yfinance
2026-07-28,110.93000031,114.80999756,109.66999817,114.08999634,2649400,yfinance
2026-07-29,112.91999817,114.94999695,112.29000092,113.18000031,1882700,yfinance
2026-07-30,113.91999817,114.37000275,112.61000061,113.94999695,1324700,yfinance
2026-07-31,114.01999664,114.55000305,112.16999817,113.69999695,2897400,yfinance
2026-08-03,114.12999725,115.70999908,113.65000153,115.12999725,1161500,yfinance
2026-08-04,114.30999756,115.66999817,113.58000183,115.25,1304100,yfinance
2026-08-05,116.0,116.26999664,113.63999939,114.84999847,1204800,yfinance
2026-08-06,115.95999908,116.61000061,114.01999664,115.41000366,1318900,yfinance
2026-08-07,114.48000336,114.73999786,113.05000305,113.40000153,1275800,yfinance
