date,open,high,low,close,volume,source
2019-01-02,20.59289375,20.67307891,20.35962933,20.49084091,5404900,yfinance
2019-01-03,20.49084325,20.62205485,20.35234197,20.41794777,4887500,yfinance
2019-01-04,20.26486024,21.04483986,20.26486024,21.04483986,4999400,yfinance
2019-01-07,20.90634459,21.2708206,20.79700206,21.07400322,5269000,yfinance
2019-01-08,21.10315798,21.36557972,21.08857861,21.35100174,5344000,yfinance
2019-01-09,21.29268425,21.46763393,21.22707986,21.35100174,3978000,yfinance
2019-01-10,21.39474388,21.58427159,21.21250586,21.55511284,4412500,yfinance
2019-01-11,21.53324047,21.64258298,21.32184375,21.50408173,3858500,yfinance
2019-01-14,21.19063209,21.19063209,20.79699877,21.11044693,5829000,yfinance
2019-01-15,21.01568804,21.43848018,21.01568804,21.43119049,4760000,yfinance
2019-01-16,21.29997534,21.65716163,21.24894893,21.63529396,5666400,yfinance
2019-01-17,21.6352949,21.86126962,21.56239942,21.79566383,3490800,yfinance
2019-01-18,21.81024366,21.98519197,21.73734818,21.91958618,4375900,yfinance
2019-01-22,21.97789758,22.03621367,21.44576307,21.78108025,4693800,yfinance
2019-01-23,21.79566456,22.23303604,21.78837488,22.23303604,5684600,yfinance
2019-01-24,22.23303815,22.45172322,21.94874729,22.43714523,3800800,yfinance
2019-01-25,22.32050754,22.64853505,22.30592816,22.35695457,4045200,yfinance
2019-01-28,22.39340523,22.43714336,22.17472019,22.3496685,3047900,yfinance
2019-01-29,22.42985298,22.42985298,22.21116655,22.30593109,4757700,yfinance
2019-01-30,22.29864194,22.58293277,22.26948319,22.45172119,3597700,yfinance
2019-01-31,22.4444363,22.87451677,22.29135563,22.83078003,6566600,yfinance
2019-02-01,22.80891192,22.88180602,22.51004028,22.70685768,3325600,yfinance
2019-02-04,22.55377524,22.6412487,22.36424756,22.6412487,4562000,yfinance
2019-02-05,22.54648555,22.79432935,22.50274882,22.6412487,4817900,yfinance
2019-02-06,22.64124613,22.70685191,22.45171846,22.51003456,3878500,yfinance
2019-02-07,22.26219452,22.64853819,22.17471967,22.63395882,4584000,yfinance
2019-02-08,22.51003687,22.82348645,22.49545888,22.80890846,3575200,yfinance
2019-02-11,22.8161963,22.94740788,22.63395831,22.68498611,3877000,yfinance
2019-02-12,22.77975141,22.83077783,22.59022371,22.60480309,7248900,yfinance
2019-02-13,22.54648932,22.56835699,22.3569616,22.53190994,7215600,yfinance
2019-02-14,22.47359063,22.58293316,22.24032621,22.26948357,5598300,yfinance
2019-02-15,22.32050817,22.44443005,22.0289263,22.20387459,9643700,yfinance
2019-02-19,22.23303669,22.37882765,22.16014121,22.36424828,6147300,yfinance
2019-02-20,22.36424753,22.79432932,22.35695784,22.72872353,6098700,yfinance
2019-02-21,22.67769843,22.96198928,22.5756442,22.90367317,3492500,yfinance
2019-02-22,22.9619883,23.10048957,22.83077672,23.06404114,3077000,yfinance
2019-02-25,23.12964821,23.16609665,22.89638378,23.12964821,3516700,yfinance
2019-02-26,23.22441379,23.37020477,23.04946546,23.27544022,4877100,yfinance
2019-02-27,23.34104458,23.392071,23.18796393,23.31188583,4041000,yfinance
2019-02-28,23.28272691,23.48683396,23.15880501,23.45038414,5768700,yfinance
2019-03-01,23.50141462,23.55244104,23.18796363,23.51599121,4869200,yfinance
2019-03-04,23.58159677,23.63991427,23.33375297,23.59617615,5085100,yfinance
2019-03-05,23.56702185,23.75654816,23.42851918,23.67636299,4582400,yfinance
2019-03-06,23.74196551,23.82215067,23.5159894,23.58888626,4301400,yfinance
2019-03-07,23.68709382,23.82738418,23.53203419,23.67970848,4504200,yfinance
2019-03-08,23.5689505,23.62802049,23.31051874,23.61325264,3813000,yfinance
2019-03-11,23.67970621,23.90860367,23.59848444,23.90860367,4173500,yfinance
2019-03-12,23.95290061,24.07842591,23.87168167,23.97505379,4050100,yfinance
2019-03-13,24.03412586,24.04151119,23.87168514,23.99720764,3359700,yfinance
2019-03-14,24.02674717,24.10796895,23.85692108,24.06366539,5134800,yfinance
2019-03-15,24.05627752,24.28517214,23.96767042,24.1744175,11540500,yfinance
2019-03-18,24.21134069,24.27779462,24.03412928,24.15965462,5411300,yfinance
2019-03-19,24.13749835,24.15965153,23.6058684,23.70185661,5041600,yfinance
2019-03-20,23.73139605,23.9455257,23.65017427,23.70924568,3667300,yfinance
2019-03-21,23.72400678,23.90860066,23.70923893,23.84952927,3673400,yfinance
2019-03-22,23.92337733,24.04889986,23.76831627,23.76831627,4185000,yfinance
2019-03-25,23.85692265,23.98983051,23.81261908,23.88645554,2856700,yfinance
2019-03-26,23.90860484,24.0488952,23.88645165,23.96029091,3006500,yfinance
2019-03-27,23.99720836,24.01935873,23.74616053,23.87906837,2802900,yfinance
2019-03-28,23.90860235,23.93075272,23.28098282,23.32528496,5626200,yfinance
2019-03-29,23.36220874,23.45819838,23.22930088,23.4360466,4841600,yfinance
2019-04-01,23.40650906,23.42865943,23.1480773,23.36220551,6379600,yfinance
2019-04-02,23.40651156,23.44342978,23.24406799,23.421278,3749000,yfinance
2019-04-03,23.48034479,23.64278833,23.34005443,23.54679871,4164800,yfinance
2019-04-04,23.59848759,23.62802329,23.20714935,23.38435936,3276900,yfinance
2019-04-05,23.43604375,23.74616159,23.41389197,23.73877907,3776700,yfinance
2019-04-08,23.72401545,23.72401545,23.42128007,23.57633972,2597900,yfinance
2019-04-09,23.59110302,23.62802124,23.4655791,23.62802124,2524200,yfinance
2019-04-10,23.67232803,23.7830827,23.39912838,23.4360466,2781800,yfinance
2019-04-11,23.43604134,23.62801916,23.40650704,23.60586739,2953800,yfinance
2019-04-12,23.5394132,23.60586712,23.34005286,23.52464676,3853100,yfinance
2019-04-15,23.58371509,23.61324938,23.4286555,23.53941154,3348600,yfinance
2019-04-16,23.4877309,23.56895268,23.05947304,23.12592697,4098900,yfinance
2019-04-17,23.11854261,23.11854261,22.89703046,22.95610046,3037100,yfinance
2019-04-18,22.91917824,23.06685251,22.83795648,22.86749077,4119400,yfinance
2019-04-22,22.92656357,22.92656357,22.70505143,22.77150536,4134800,yfinance
2019-04-23,22.80842242,22.86010848,22.65336421,22.78627205,4603100,yfinance
2019-04-24,22.80842814,22.97825565,22.77150992,22.8527317,2628300,yfinance
2019-04-25,22.75673791,22.96348361,22.67551614,22.74197006,4227100,yfinance
2019-04-26,22.8748719,23.00039578,22.71981372,22.72719765,3958000,yfinance
2019-04-29,22.72720125,22.7715034,22.49830381,22.57214165,4254800,yfinance
2019-04-30,22.64597855,23.0668524,22.58690856,23.04470062,11079400,yfinance
2019-05-01,22.93394869,23.22191616,22.92656476,22.95610046,5753800,yfinance
2019-05-02,22.84534569,22.98563607,22.65336783,22.69766998,5035200,yfinance
2019-05-03,22.70504985,23.06685373,22.68289807,23.05208588,3584500,yfinance
2019-05-06,23.01516987,23.01516987,22.82319203,22.89702988,2769100,yfinance
2019-05-07,22.88226301,22.99301909,22.74935516,22.86011124,3765200,yfinance
2019-05-08,22.80842326,22.88964503,22.40231722,22.42446899,4372800,yfinance
2019-05-09,22.4466186,22.54999214,22.11435041,22.34324646,4551300,yfinance
2019-05-10,22.3653982,22.91917992,22.3358625,22.91917992,3369300,yfinance
2019-05-13,22.80842348,23.19976308,22.79365704,23.14807701,3794900,yfinance
2019-05-14,23.09639224,23.18499653,22.94133261,22.95610046,4329400,yfinance
2019-05-15,22.81580421,22.88964205,22.57952426,22.63121033,3887300,yfinance
2019-05-16,22.56475675,22.7050485,21.98882471,22.09958076,8514400,yfinance
2019-05-17,22.07742663,22.19556659,21.93713489,21.99620628,6915500,yfinance
2019-05-20,22.04051281,22.23987456,21.86330282,21.92237282,5987800,yfinance
2019-05-21,21.98882878,22.54261055,21.98144485,22.31371307,4874900,yfinance
2019-05-22,22.25464056,22.31371056,21.9888263,22.18818665,5113200,yfinance
2019-05-23,22.20295414,22.43185018,22.16603592,22.41708374,3899100,yfinance
2019-05-24,22.46138793,22.77888969,22.43923615,22.74197006,5360100,yfinance
2019-05-28,22.72720451,22.78627451,22.47615666,22.57952881,7399800,yfinance
2019-05-29,22.60906164,22.60906164,22.04051208,22.04051208,4741200,yfinance
2019-05-30,22.08481714,22.24725929,21.99621284,22.07004929,3276700,yfinance
2019-05-31,22.11434991,22.1734199,21.95190638,21.97405815,4557100,yfinance
2019-06-03,22.06266801,22.31371589,21.944528,22.28418159,5287100,yfinance
2019-06-04,22.31370859,22.57952424,22.1586504,22.56475639,3921200,yfinance
2019-06-05,22.62383068,23.12592637,22.51307461,23.00040245,5039100,yfinance
2019-06-06,23.07423976,23.33267153,22.95609977,23.27360153,4066700,yfinance
2019-06-07,23.45541035,23.56015495,23.20851135,23.20851135,5258100,yfinance
2019-06-10,23.10376568,23.10376568,22.84190418,22.9616127,3599000,yfinance
2019-06-11,22.92420074,23.04390925,22.72967406,22.90175629,3633200,yfinance
2019-06-12,22.98405618,23.35066369,22.98405618,23.31325531,3138400,yfinance
2019-06-13,23.38059107,23.44792729,23.1636185,23.27584648,5885300,yfinance
2019-06-14,23.3656236,23.56015026,23.27584294,23.53022385,3298500,yfinance
2019-06-17,23.41799836,23.53770687,22.93916434,23.14865494,4630600,yfinance
2019-06-18,23.31325123,23.31325123,23.03642588,23.25339699,3540000,yfinance
2019-06-19,23.16361857,23.59756371,23.1262102,23.47785378,3952700,yfinance
2019-06-20,23.62748729,23.77712363,23.32073409,23.59756088,3044100,yfinance
2019-06-21,23.64993224,23.76215878,23.38806938,23.75467682,6402300,yfinance
2019-06-24,23.76964156,23.79208601,23.47785085,23.62748718,4242100,yfinance
2019-06-25,23.6050427,23.67986087,23.46288974,23.50778008,2856200,yfinance
2019-06-26,23.44043669,23.53769929,23.21598367,23.23842812,4435000,yfinance
2019-06-27,23.34317723,23.51525799,23.20102287,23.33569527,2680600,yfinance
2019-06-28,23.29828954,23.41051751,23.08880037,23.20102692,7408100,yfinance
2019-07-01,23.275844,23.31325237,22.72219183,22.8793087,4836900,yfinance
2019-07-02,22.94664636,23.14117304,22.86434622,23.03642845,3418900,yfinance
2019-07-03,23.14865298,23.38058801,23.14865298,23.26087952,2319400,yfinance
2019-07-05,23.10376286,23.24591725,22.93168207,23.20102692,2366400,yfinance
2019-07-08,23.17857836,23.25339653,23.06635183,23.21598816,1993900,yfinance
2019-07-09,23.19354778,23.19354778,22.84938614,22.9616127,3728300,yfinance
2019-07-10,23.03643066,23.10376545,22.62493138,22.70723152,6688100,yfinance
2019-07-11,22.70722729,22.88679003,22.55759095,22.78952599,3976400,yfinance
2019-07-12,22.74463525,22.75211721,22.49025434,22.63989067,2951200,yfinance
2019-07-15,22.60996417,22.87930901,22.60996417,22.82693672,4098400,yfinance
2019-07-16,22.70723018,22.81945673,22.56507579,22.71471214,3836600,yfinance
2019-07-17,22.77456954,22.90924199,22.71471527,22.73715973,3151700,yfinance
2019-07-18,22.76708467,22.99901974,22.60996636,22.96909332,4369600,yfinance
2019-07-19,22.90923078,22.92419327,22.57254982,22.57254982,3724500,yfinance
2019-07-22,22.63989118,22.69974543,22.40047419,22.56507301,4853500,yfinance
2019-07-23,22.58004107,22.66982174,22.49025897,22.51270485,3163200,yfinance
2019-07-24,22.6398917,22.74463628,22.47529287,22.68478203,3394800,yfinance
2019-07-25,22.63241419,22.75212271,22.49025978,22.58004189,3848500,yfinance
2019-07-26,22.6024819,22.82693641,22.58003745,22.68478203,3580900,yfinance
2019-07-29,22.77455832,22.81196668,22.34809672,22.49024963,4222900,yfinance
2019-07-30,22.46781257,22.54262931,22.1311315,22.23587608,3835400,yfinance
2019-07-31,22.26580501,22.45284975,22.01890603,22.16854095,5704900,yfinance
2019-08-01,22.12364954,22.38551243,22.12364954,22.23587608,4736100,yfinance
2019-08-02,22.41543589,22.43788176,22.10868269,22.19098282,4357300,yfinance
2019-08-05,22.24336041,22.31817859,21.59992746,21.68222618,5516800,yfinance
2019-08-06,22.10120818,22.17602494,21.36050972,22.13861656,4931700,yfinance
2019-08-07,22.07875945,22.43040302,21.98897736,22.29573059,5545500,yfinance
2019-08-08,22.26580284,22.37802938,22.10120401,22.30321121,3840000,yfinance
2019-08-09,22.34061991,22.34061991,21.79444829,21.981493,3928000,yfinance
2019-08-12,21.95904886,22.0189031,21.76452219,21.92912102,4005000,yfinance
2019-08-13,21.8094141,22.1909855,21.76452376,22.17602158,4512400,yfinance
2019-08-14,22.17602506,22.21343486,21.78697306,21.8318634,2782600,yfinance
2019-08-15,21.81689746,22.04135057,21.72711679,21.8617878,3406100,yfinance
2019-08-16,21.89919979,22.10120847,21.80941768,22.0039444,4934700,yfinance
2019-08-19,22.01890868,22.16854363,21.96653638,22.0338726,5827100,yfinance
2019-08-20,22.04134824,22.10868445,21.89919529,22.10120392,2704400,yfinance
2019-08-21,22.11616794,22.26580429,22.02638727,22.26580429,2075300,yfinance
2019-08-22,22.3331358,22.36306221,22.11616328,22.31068993,2677500,yfinance
2019-08-23,22.31069804,22.41544265,21.95157246,22.0338726,3877500,yfinance
2019-08-26,22.10868103,22.16853527,21.95904614,22.05630875,2376300,yfinance
2019-08-27,22.16106256,22.17602506,21.7794911,21.8318634,3224300,yfinance
2019-08-28,21.80193118,21.90667719,21.6971866,21.82437706,3988500,yfinance
2019-08-29,21.94408494,22.05631148,21.81689448,21.92912102,2206700,yfinance
2019-08-30,21.98149218,22.16853688,21.92163794,22.10868263,4791300,yfinance
2019-09-03,22.10868573,22.21343174,21.93660493,22.20594978,4085800,yfinance
2019-09-04,22.29573294,22.43040538,22.07127981,22.21343422,2825500,yfinance
2019-09-05,22.13861649,22.5426324,22.10868864,22.52766991,5184500,yfinance
2019-09-06,22.5650715,22.5650715,22.28824615,22.28824615,3846400,yfinance
2019-09-09,22.27535219,22.36639505,22.15396074,22.26776505,5161100,yfinance
2019-09-10,22.30569715,22.76091576,22.24500143,22.76091576,5580600,yfinance
2019-09-11,22.75332884,23.32993889,22.58641598,23.32993889,5699400,yfinance
2019-09-12,23.4058098,23.47409267,23.17819977,23.42856979,4569200,yfinance
2019-09-13,23.45891838,23.81550555,23.37546122,23.42856979,6400500,yfinance
2019-09-16,23.50443988,23.70928848,23.19337413,23.61824417,4519000,yfinance
2019-09-17,23.5878934,23.7472191,23.48926196,23.61065483,3303200,yfinance
2019-09-18,23.66376536,23.82309107,23.56513391,23.68652534,4126600,yfinance
2019-09-19,23.77756983,23.95206983,23.71687411,23.92930984,3692200,yfinance
2019-09-20,23.98241961,24.06587532,23.78515816,24.03552818,6037900,yfinance
2019-09-23,23.93689842,24.11898704,23.91413843,23.96724701,2950800,yfinance
2019-09-24,24.0051791,24.03552768,23.82309194,23.95965767,5025600,yfinance
2019-09-25,23.93690151,23.9672501,23.58790141,23.63342285,5628200,yfinance
2019-09-26,23.73964089,24.06587954,23.65618372,24.05829239,3719600,yfinance
2019-09-27,24.06587731,24.18726876,23.85344299,23.97483444,3469500,yfinance
2019-09-30,24.02794223,24.20244226,23.85344221,23.8913765,6774700,yfinance
2019-10-01,23.89137607,23.9368975,23.64859318,23.75481033,3859600,yfinance
2019-10-02,23.71687253,23.75480681,23.18578396,23.20095825,4546500,yfinance
2019-10-03,23.20095606,23.23889033,22.94299894,23.19336891,4346000,yfinance
2019-10-04,23.20854977,23.48168125,22.98852686,23.46650696,3376000,yfinance
2019-10-07,23.40581016,23.48168018,23.17061442,23.37546158,3384900,yfinance
2019-10-08,23.3299395,23.33752665,22.92024231,22.92024231,4880700,yfinance
2019-10-09,22.98852377,23.12508949,22.8367852,22.99611092,2789000,yfinance
2019-10-10,22.9505858,23.2237172,22.85195582,23.18578148,4120600,yfinance
2019-10-11,23.47409234,24.08104954,23.37546089,23.84585381,7113900,yfinance
2019-10-14,24.16450274,24.71835271,23.99000275,24.39211273,13882700,yfinance
2019-10-15,24.32383372,24.361768,23.91413653,24.21761513,10662100,yfinance
2019-10-16,23.99759024,24.59696024,23.93689453,24.58937454,7266800,yfinance
2019-10-17,24.52868054,24.58937481,24.15691766,24.34659195,5082200,yfinance
2019-10-18,24.28589306,24.45280735,24.09622023,24.30106735,6166600,yfinance
2019-10-21,24.33900812,24.779051,24.33900812,24.7714653,3524600,yfinance
2019-10-22,24.77146552,25.22668269,24.57420262,24.83974838,5747700,yfinance
2019-10-23,24.88526303,25.24185158,24.87767733,25.17356873,4940900,yfinance
2019-10-24,25.21151349,25.37083925,24.99907915,25.13564491,4908300,yfinance
2019-10-25,25.05976605,25.21909465,24.99148319,25.20392036,3448000,yfinance
2019-10-28,25.07494275,25.19633419,24.96113991,24.9914856,3301200,yfinance
2019-10-29,24.96114122,25.05218409,24.81698689,25.0142498,3131600,yfinance
2019-10-30,24.93079046,25.27979048,24.93079046,25.25703049,3455900,yfinance
2019-10-31,25.24944858,25.42394864,25.05218853,25.40877724,5144300,yfinance
2019-11-01,25.43152964,25.49222391,25.24185535,25.48463821,3393100,yfinance
2019-11-04,25.47705381,25.66672811,25.2873795,25.39359665,4731300,yfinance
2019-11-05,25.34807761,25.56810053,25.19633757,25.46946907,7443800,yfinance
2019-11-06,25.48464542,25.5529283,25.16599101,25.27221107,6519400,yfinance
2019-11-07,25.18875029,25.3935989,25.05977024,25.22668457,8650500,yfinance
2019-11-08,25.18874813,25.59085673,25.10529097,25.58327103,7032600,yfinance
2019-11-11,25.60603654,25.63638513,25.38601361,25.51499367,4862500,yfinance
2019-11-12,25.51498799,25.62879083,25.43153083,25.59085655,3765400,yfinance
2019-11-13,25.62120362,25.69707218,25.4846379,25.6515522,4269500,yfinance
2019-11-14,25.67431483,25.76535769,25.48464052,25.50740051,3897600,yfinance
2019-11-15,25.56809699,25.72742271,25.49981413,25.72742271,5102900,yfinance
2019-11-18,25.68189994,25.90951142,25.46187995,25.53016281,6882400,yfinance
2019-11-19,25.56051194,25.57568623,25.35566331,25.46946907,5148100,yfinance
2019-11-20,25.49222418,25.68189847,25.41635562,25.6287899,3554100,yfinance
2019-11-21,25.62120149,25.65155007,25.40117864,25.54533005,3395700,yfinance
2019-11-22,25.63637964,25.67431392,25.45429104,25.65913963,2500900,yfinance
2019-11-25,25.65155699,25.871577,25.63638269,25.68949127,4922700,yfinance
2019-11-26,25.71984106,25.87916681,25.64396959,25.87157822,4546600,yfinance
2019-11-27,25.8715735,26.04607641,25.75777066,26.02331352,3337700,yfinance
2019-11-29,26.02331479,26.09918625,25.7957062,25.81846619,2740000,yfinance
2019-12-02,25.83363653,26.0384851,25.78052797,25.93985367,3808800,yfinance
2019-12-03,25.93226797,26.02331082,25.81846224,25.93985367,3326400,yfinance
2019-12-04,25.83364003,26.29644581,25.83364003,26.22057724,4548100,yfinance
2019-12-05,26.21299032,26.22816461,25.94744743,26.0384903,4462200,yfinance
2019-12-06,26.00813887,26.23575035,25.98537888,26.07642174,3408500,yfinance
2019-12-09,26.16319693,26.30142363,25.86370674,25.88674355,3349800,yfinance
2019-12-10,25.88674488,25.97121708,25.78691676,25.95585823,4720600,yfinance
2019-12-11,26.03264848,26.14015747,25.84066731,25.92513657,6615200,yfinance
2019-12-12,25.87138806,26.18623714,25.65637003,25.8022747,6157800,yfinance
2019-12-13,26.80058029,27.52242865,26.68539038,27.36884308,13346400,yfinance
2019-12-16,27.36884557,27.83728027,27.26133654,27.83728027,8429900,yfinance
2019-12-17,27.63761417,27.86031013,27.52242428,27.62225533,6270900,yfinance
2019-12-18,27.65297009,27.66832894,27.38419759,27.62225533,5894900,yfinance
2019-12-19,27.55314665,27.59154231,27.13846649,27.43027878,6115800,yfinance
2019-12-20,27.5608155,27.82959089,27.40722998,27.5147419,8753800,yfinance
2019-12-23,27.57617651,27.61457216,27.19989211,27.38419533,3747200,yfinance
2019-12-24,27.42259656,27.44563629,27.22293738,27.3534832,1137500,yfinance
2019-12-26,27.30741016,27.35348378,27.0923892,27.28437042,2907200,yfinance
2019-12-27,27.26132687,27.30740341,27.16917673,27.27668571,1820900,yfinance
2019-12-30,27.27669496,27.41492168,27.20758159,27.39188194,2308300,yfinance
2019-12-31,27.44563544,27.5685033,27.36116324,27.55314445,4720800,yfinance
2020-01-02,27.6452956,27.6760133,27.06167398,27.19989777,6116400,yfinance
2020-01-03,27.00024121,27.26133581,26.96184555,27.16918564,4105100,yfinance
2020-01-06,27.1077476,27.29205086,27.05399309,27.19989777,6201900,yfinance
2020-01-07,27.23061249,27.29204788,26.96183998,27.01559448,4288200,yfinance
2020-01-08,27.19990041,27.33812714,27.09239139,27.16918564,5247100,yfinance
2020-01-09,27.13846852,27.34580861,27.13846852,27.26901436,3266800,yfinance
2020-01-10,27.25365241,27.53010288,27.19989498,27.21525383,3422400,yfinance
2020-01-13,27.22292987,27.40723015,27.13845769,27.20757103,3974500,yfinance
2020-01-14,27.05398803,27.3304414,26.97719673,27.32276344,3894800,yfinance
2020-01-15,27.39188267,27.65297729,27.3304502,27.53010941,4044800,yfinance
2020-01-16,27.56850082,27.67600982,27.43027413,27.61457443,4074400,yfinance
2020-01-17,27.61457592,27.72208493,27.43795356,27.71440697,3887200,yfinance
2020-01-21,27.66833115,27.70672973,27.35348208,27.66833115,6298600,yfinance
2020-01-22,27.6529748,27.81424126,27.54546578,27.77584267,3838400,yfinance
2020-01-23,27.77584299,28.2365997,27.69137371,28.19052315,4516600,yfinance
2020-01-24,28.18283486,28.274985,27.85262703,28.05228615,3157200,yfinance
2020-01-27,27.96781533,28.10604201,27.67600606,27.79119301,4128100,yfinance
2020-01-28,27.89870971,28.25963238,27.89870971,28.13676453,4266300,yfinance
2020-01-29,28.19819935,28.28267155,27.99853726,28.2135582,3994100,yfinance
2020-01-30,28.16748338,28.19052019,27.72976645,28.00621986,5710400,yfinance
2020-01-31,27.95245942,28.06764636,27.66064722,27.79119301,6017900,yfinance
2020-02-03,27.84495823,27.96014815,27.63762107,27.83728027,5398200,yfinance
2020-02-04,27.87566457,28.12140022,27.67600544,27.69136429,3999300,yfinance
2020-02-05,27.70672193,28.01389002,27.69136309,27.96781349,3704600,yfinance
2020-02-06,27.99853922,28.10604823,27.70672989,27.70672989,2665600,yfinance
2020-02-07,27.69137558,27.77584487,27.51475319,27.66065788,3241300,yfinance
2020-02-10,27.70672725,27.76815971,27.60689621,27.73744202,2824800,yfinance
2020-02-11,27.82191922,27.96014593,27.7144102,27.77584267,3845000,yfinance
2020-02-12,27.77583551,27.98317553,27.73743986,27.86030769,2643900,yfinance
2020-02-13,27.82191204,27.96781668,27.72208101,27.86030769,3251400,yfinance
2020-02-14,27.92942578,27.96014347,26.85433275,27.16150093,8121000,yfinance
2020-02-18,27.1998913,27.57617569,27.0463087,27.57617569,7968900,yfinance
2020-02-19,27.57618282,27.57618282,26.9541626,26.9541626,4390600,yfinance
2020-02-20,26.95415535,27.25364844,26.86200521,27.19221306,4594600,yfinance
2020-02-21,27.22293738,27.53010557,27.05399297,27.3534832,4901100,yfinance
2020-02-24,27.22293718,27.34580504,26.94648376,26.96952057,5466800,yfinance
2020-02-25,27.00023493,27.08470712,26.53180035,26.54715919,4924300,yfinance
2020-02-26,26.5318013,26.562519,25.51046284,25.52582169,7950900,yfinance
2020-02-27,25.3568808,25.45671185,23.79799271,23.79799271,10721500,yfinance
2020-02-28,23.36795198,23.62136711,22.72289503,23.04542351,21535700,yfinance
2020-03-02,23.27580498,24.44305126,23.20669162,24.42769241,9559000,yfinance
2020-03-03,24.48143727,25.02666454,23.74423031,23.83638191,8267000,yfinance
2020-03-04,24.06676179,24.72717754,24.05140294,24.7118187,5742700,yfinance
2020-03-05,24.53519994,24.53519994,24.02069023,24.32785988,6269100,yfinance
2020-03-06,23.67511855,24.35089165,23.35259012,24.19730759,8122100,yfinance
2020-03-09,23.11176204,23.64091897,22.27133441,22.65263939,8590500,yfinance
2020-03-10,23.11176111,23.47750225,22.18573393,23.21292305,8955100,yfinance
2020-03-11,23.01059485,23.01059485,22.41140077,22.76157951,8794500,yfinance
2020-03-12,21.50872058,22.25576811,20.46596771,20.72276497,8893100,yfinance
2020-03-13,21.63322592,21.88224272,19.59441188,21.3375206,10610100,yfinance
2020-03-16,19.45434149,19.99128173,18.26373526,18.41158867,10176800,yfinance
2020-03-17,18.87070511,20.04574713,17.89798835,19.88232994,10047800,yfinance
2020-03-18,18.72286025,18.89405943,16.43503047,17.75014305,9380900,yfinance
2020-03-19,17.53226144,17.88243886,15.99147573,16.80077744,7016700,yfinance
2020-03-20,17.22098132,17.88242919,15.22107539,15.30667496,15117700,yfinance
2020-03-23,15.19773317,15.48565662,14.10050835,14.46624947,12818600,yfinance
2020-03-24,15.36114758,16.60622571,15.135478,16.52840805,9848800,yfinance
2020-03-25,16.57510145,18.21704866,16.49728526,17.29880333,8497900,yfinance
2020-03-26,17.63341838,19.44656329,17.39218491,19.19754791,8470200,yfinance
2020-03-27,18.54387394,20.23251045,18.5205282,19.78116989,6977500,yfinance
2020-03-30,19.96015395,20.20138737,19.27536179,20.10022545,6449900,yfinance
2020-03-31,19.9212459,20.1080074,19.11194459,19.20532608,5682900,yfinance
2020-04-01,18.46606513,18.62948241,17.41553013,17.82018089,6263200,yfinance
2020-04-02,17.431094,18.32599364,17.39218591,17.87465286,6068100,yfinance
2020-04-03,17.68011177,17.88243717,16.65292238,16.9408474,7589500,yfinance
2020-04-06,17.78127071,18.77733217,17.71123495,18.6139164,6121000,yfinance
2020-04-07,20.06909712,20.23251286,19.10416058,19.13528824,8724000,yfinance
2020-04-08,19.14306844,20.2636387,19.14306844,20.08465767,6783900,yfinance
2020-04-09,20.43484199,21.60210257,20.31033432,20.77723885,7492100,yfinance
2020-04-13,20.62160386,20.69942153,19.85121205,20.15469933,3829600,yfinance
2020-04-14,20.44262166,20.78501699,20.12357059,20.63716507,6457400,yfinance
2020-04-15,19.89012308,20.04575845,19.38431038,19.65667152,4824400,yfinance
2020-04-16,19.68779027,19.89011557,19.29092307,19.68000984,5262400,yfinance
2020-04-17,20.20917011,20.63716652,20.03797243,20.53600311,3907300,yfinance
2020-04-20,20.22473212,20.25585977,19.57884808,19.64888382,4663000,yfinance
2020-04-21,19.06525807,19.51659881,18.91740463,19.11973,5006600,yfinance
2020-04-22,19.48547183,19.88233915,19.18198305,19.69557762,4091400,yfinance
2020-04-23,19.74227108,20.06132224,19.46212802,19.60219955,3410400,yfinance
2020-04-24,19.71113612,19.94458759,19.36873934,19.83564377,3399300,yfinance
2020-04-27,19.9212395,20.12356477,19.84342186,19.88232994,4496300,yfinance
2020-04-28,20.34924104,20.72276404,20.07687996,20.17804337,4335700,yfinance
2020-04-29,20.57491039,20.69163614,20.02240636,20.39592934,4301000,yfinance
2020-04-30,20.19360237,20.23251045,19.51659079,19.78116989,5810900,yfinance
2020-05-01,19.50880993,19.53215567,19.07303317,19.35317612,4325200,yfinance
2020-05-04,19.27535825,19.51659162,19.06525104,19.42321014,4552200,yfinance
2020-05-05,19.57106446,19.99127889,19.57106446,19.71891785,4361500,yfinance
2020-05-06,19.77339187,19.82786379,18.86292866,18.89405632,4921400,yfinance
2020-05-07,19.08081981,19.2987075,18.85514872,18.90184021,5782300,yfinance
2020-05-08,19.37652613,20.43484291,19.28314611,20.31811714,6211400,yfinance
2020-05-11,19.79673722,19.9757168,19.24423318,19.64888382,4747200,yfinance
2020-05-12,19.71114092,19.98350202,19.31427213,19.33761787,5317100,yfinance
2020-05-13,19.24423755,19.27536522,18.69173487,19.10416603,7588000,yfinance
2020-05-14,18.83180388,19.6722314,18.45049747,19.64110374,6427500,yfinance
2020-05-15,19.40764916,19.43877533,18.76954707,19.07303429,9986600,yfinance
2020-05-18,19.77339279,20.60603837,19.68779321,20.33367729,5354700,yfinance
2020-05-19,20.21695047,20.28698621,19.71891982,19.72670174,4268700,yfinance
2020-05-20,19.93680934,20.17026083,19.82786402,19.91346359,3335900,yfinance
2020-05-21,19.83564625,20.25586074,19.82786434,19.99906349,4960000,yfinance
2020-05-22,19.98349932,20.02240741,19.77339208,19.96015358,3521000,yfinance
2020-05-26,20.59825705,20.81614622,20.38815128,20.45040512,4326700,yfinance
2020-05-27,20.90953212,21.08851175,20.4815356,20.80836868,5485500,yfinance
2020-05-28,21.11963536,21.63322992,20.97178341,21.35308838,6211800,yfinance
2020-05-29,21.42312304,21.93671758,21.18967004,21.74217415,8687400,yfinance
2020-06-01,21.70326542,22.31802339,21.63322966,22.1857338,5799700,yfinance
2020-06-02,22.34915032,22.71489294,22.07679068,22.66820145,5398800,yfinance
2020-06-03,22.89387023,23.45415476,22.82383448,23.28295708,5244100,yfinance
2020-06-04,23.15066578,23.48528068,22.9716862,23.3529911,5500200,yfinance
2020-06-05,23.76542775,24.07669697,23.29852319,23.37634087,6795000,yfinance
2020-06-08,23.37633779,23.91327655,23.16623054,23.85102272,9485000,yfinance
2020-06-09,23.37376402,23.45264979,22.2851452,22.37980843,8350200,yfinance
2020-06-10,22.37980938,22.41925151,21.72506001,21.97749329,8063400,yfinance
2020-06-11,21.2517539,21.29908478,20.41556652,20.79421806,8605900,yfinance
2020-06-12,21.29908283,21.44107696,20.5338941,20.94409752,6626600,yfinance
2020-06-15,20.51022308,21.27541163,20.3445643,21.13341904,5070200,yfinance
2020-06-16,21.81973015,22.15893805,21.29908595,21.44108009,6370400,yfinance
2020-06-17,21.57518108,21.58306981,21.00720461,21.17286491,4130400,yfinance
2020-06-18,21.00720258,21.29907951,20.91254084,21.20441628,3672400,yfinance
2020-06-19,21.61461772,21.62250645,20.51022148,20.51022148,12917400,yfinance
2020-06-22,20.58910797,21.04664363,20.47866728,20.78632164,7532100,yfinance
2020-06-23,20.99931558,21.0624239,20.24201418,20.32089996,8388900,yfinance
2020-06-24,20.1552374,20.24990063,19.80814241,20.13157272,5697300,yfinance
2020-06-25,20.02901894,20.35244922,19.92646849,20.18679047,7480400,yfinance
2020-06-26,20.10790944,20.39978639,19.65037369,19.77659035,9984000,yfinance
2020-06-29,20.02902302,20.37611956,19.98958088,20.32089996,5352600,yfinance
2020-06-30,20.35244588,20.50232865,20.02112692,20.38400078,7302100,yfinance
2020-07-01,20.39189598,20.81787677,20.27356807,20.66799545,4034700,yfinance
2020-07-02,20.9283212,21.08609128,20.56544716,20.65222168,3536800,yfinance
2020-07-06,20.88098028,21.03086307,20.30511679,20.41555595,4126000,yfinance
2020-07-07,20.17890531,20.24201363,19.92647202,20.06057739,4530300,yfinance
2020-07-08,20.05268518,20.38400419,19.96591069,20.28934097,3579400,yfinance
2020-07-09,19.94224946,20.00535779,19.09028636,19.24805641,8025700,yfinance
2020-07-10,19.31116253,19.98957805,19.31116253,19.91858101,4173100,yfinance
2020-07-13,19.94224719,20.0921285,19.7686982,19.91858101,3818200,yfinance
2020-07-14,19.97379942,20.39189292,19.93435729,20.1473484,4801000,yfinance
2020-07-15,20.44711463,20.62855086,20.24201222,20.26567841,3817000,yfinance
2020-07-16,20.32090015,20.5891109,20.21834818,20.3918972,5182700,yfinance
2020-07-17,20.55755234,20.69954642,20.39978231,20.51022148,3771100,yfinance
2020-07-20,20.36823022,20.41556109,19.91858323,20.00535774,3881600,yfinance
2020-07-21,20.06057734,20.32089935,19.91069451,20.00535774,4365000,yfinance
2020-07-22,19.87914043,20.66799519,19.68192675,20.63644028,5110000,yfinance
2020-07-23,20.51021937,20.7310992,20.305117,20.43922234,3848500,yfinance
2020-07-24,20.54177759,20.73899127,20.11579532,20.28145409,3350200,yfinance
2020-07-27,20.22623386,20.27356622,19.80814183,19.91858101,4141600,yfinance
2020-07-28,19.80814303,20.56544285,19.80814303,20.44711494,4699500,yfinance
2020-07-29,20.55755443,20.68377107,20.17890451,20.67588234,5001700,yfinance
2020-07-30,20.37611516,20.94408996,20.24989854,20.90464783,5192400,yfinance
2020-07-31,20.37611555,21.03086485,20.37611555,20.99931145,5851400,yfinance
2020-08-03,21.03875715,21.1097542,20.77843513,20.92042923,3289400,yfinance
2020-08-04,20.84943084,21.33851994,20.82576466,21.18074989,3806200,yfinance
2020-08-05,21.31486069,21.3464141,20.8888783,20.99143028,3197200,yfinance
2020-08-06,20.83365079,20.95197868,20.72321162,20.90464783,6572000,yfinance
2020-08-07,20.84154056,21.54362074,20.84154056,21.40951538,4940700,yfinance
2020-08-10,21.77239202,22.90045459,21.69350625,22.60068893,8966900,yfinance
2020-08-11,22.87678816,23.08189058,22.26936963,22.42714119,7984100,yfinance
2020-08-12,22.5612473,22.93200851,22.28514782,22.758461,5107200,yfinance
2020-08-13,22.57702531,23.03456104,22.49813953,22.97145271,7152700,yfinance
2020-08-14,22.87678902,23.05033653,22.79001451,22.91623116,4047000,yfinance
2020-08-17,22.90045862,23.17655663,22.64013656,22.71902084,7927300,yfinance
2020-08-18,22.66380069,22.70324434,22.23781983,22.35614777,4538800,yfinance
2020-08-19,22.16682277,22.49025316,22.01693992,22.35614777,4253700,yfinance
2020-08-20,22.2378213,22.4271463,22.09582717,22.1037159,3633400,yfinance
2020-08-21,22.14315244,22.3324774,22.00115835,22.11948776,3869400,yfinance
2020-08-24,22.1668173,22.4034731,21.92227276,22.37980843,3185100,yfinance
2020-08-25,22.41136278,22.42714024,21.9538271,22.02482414,4605300,yfinance
2020-08-26,21.87494477,21.99327269,21.59095804,21.83550262,3276900,yfinance
2020-08-27,21.92227694,22.1037132,21.72506323,21.81183624,4396200,yfinance
2020-08-28,21.83549867,21.88282953,21.51206836,21.86705208,4268900,yfinance
2020-08-31,21.88283317,21.98538514,21.67773073,21.79605865,4849700,yfinance
2020-09-01,21.73295407,21.75662026,21.47263198,21.63829231,3314600,yfinance
2020-09-02,21.65406565,22.57702586,21.53573622,22.46658516,5157300,yfinance
2020-09-03,22.54547085,22.7269071,22.04849297,22.308815,6223900,yfinance
2020-09-04,22.2930357,22.48236067,21.80394509,22.31670189,4831200,yfinance
2020-09-08,22.34825682,22.5691367,21.96960687,22.26937103,5909800,yfinance
2020-09-09,22.41748129,22.9378868,22.15327533,22.21732521,7302300,yfinance
2020-09-10,22.10524185,22.16929175,21.75296666,21.84103584,4554300,yfinance
2020-09-11,21.99315254,22.17729732,21.84904142,22.0411911,3840800,yfinance
2020-09-14,22.16929036,22.50555267,22.14527108,22.35343361,3891600,yfinance
2020-09-15,22.48153508,22.65767192,22.08122285,22.19330978,3732100,yfinance
2020-09-16,22.17729629,22.63365195,22.12925773,22.42548943,6347100,yfinance
2020-09-17,22.24935368,22.41748408,21.90508493,22.01717186,6794900,yfinance
2020-09-18,21.86505428,21.98514765,21.33664224,21.45673561,10507100,yfinance
2020-09-21,21.18452667,21.30462159,20.79222079,21.00038338,7228200,yfinance
2020-09-22,20.94433795,21.16851337,20.86427519,21.02440071,6707600,yfinance
2020-09-23,20.99236806,21.15249352,20.73616853,20.74417496,3627600,yfinance
2020-09-24,20.71215803,20.97636408,20.39190699,20.87228203,3755600,yfinance
2020-09-25,20.7281694,21.2886072,20.69614521,21.19253159,4280700,yfinance
2020-09-28,21.3846764,21.59283892,21.27258948,21.36065865,3559800,yfinance
2020-09-29,21.49676853,21.92910497,21.40869934,21.52078629,5496300,yfinance
2020-09-30,21.69692266,21.97714152,21.62486634,21.78499031,6601300,yfinance
2020-10-01,21.96112731,22.14527056,21.80900825,22.05720139,3904600,yfinance
2020-10-02,21.77698396,22.75374517,21.71293407,22.58561325,5297400,yfinance
2020-10-05,22.71371666,22.89785992,22.55359116,22.76976013,3361300,yfinance
2020-10-06,22.84981886,23.33019223,22.68168695,22.97791862,4021000,yfinance
2020-10-07,23.13804978,23.22611897,22.88985659,23.02596283,2863500,yfinance
2020-10-08,23.11403125,23.36222443,23.02596206,23.30618095,3177400,yfinance
2020-10-09,23.41826571,23.49032204,23.01795348,23.17007256,3634900,yfinance
2020-10-12,23.16206504,23.3462083,23.13804576,23.21010208,2604400,yfinance
2020-10-13,23.13804816,23.13804816,22.56159906,22.79377937,2891000,yfinance
2020-10-14,22.82580571,22.99393613,22.60163029,22.80178642,2395100,yfinance
2020-10-15,22.6176433,22.96191209,22.60963687,22.85783005,3072400,yfinance
2020-10-16,22.89785895,22.9859266,22.69770284,22.88985252,3219200,yfinance
2020-10-19,22.9218772,22.9779222,22.19330908,22.23334122,4161600,yfinance
2020-10-20,22.37745953,22.57761569,22.25736461,22.47353363,3745800,yfinance
2020-10-21,22.40947583,22.56960131,22.21732616,22.33741951,4018900,yfinance
2020-10-22,22.28137811,22.77776594,22.01717211,22.76175308,3912200,yfinance
2020-10-23,22.96191153,23.02596143,22.64166203,22.95390511,3360700,yfinance
2020-10-26,22.69770465,23.16206679,22.64166118,23.15406036,4670800,yfinance
2020-10-27,23.14604933,23.20209279,22.83380633,22.84981918,3748800,yfinance
2020-10-28,22.38545812,22.68969626,21.81701552,21.85704613,5380100,yfinance
2020-10-29,21.72894608,22.38545785,21.40069019,22.08922768,3876500,yfinance
2020-10-30,21.88106565,22.19330868,21.8010029,22.01717186,3975400,yfinance
2020-11-02,22.22533533,22.58561542,22.02517921,22.5055542,4025900,yfinance
2020-11-03,22.79377797,23.1940902,22.74574093,23.09000969,5571100,yfinance
2020-11-04,22.87383917,23.11402741,22.35343361,22.35343361,4065100,yfinance
2020-11-05,22.58561805,22.9058691,22.27337496,22.46552467,2807600,yfinance
2020-11-06,22.46551799,22.76975609,21.98514309,22.10523796,3371400,yfinance
2020-11-09,22.86583669,23.68247409,22.72172403,23.01795578,6559900,yfinance
2020-11-10,23.01794809,23.8666094,23.00193524,23.81056595,6275800,yfinance
2020-11-11,23.89864094,23.98670859,23.4342788,23.54636574,3957800,yfinance
2020-11-12,23.2821602,23.55437265,22.9939349,23.13004112,5704900,yfinance
2020-11-13,23.21810618,24.03474339,23.21810618,23.86661148,4260000,yfinance
2020-11-16,24.29094256,24.43505519,23.99471088,24.25891685,5334100,yfinance
2020-11-17,24.07477915,24.21088538,23.53836066,23.6424427,3690600,yfinance
2020-11-18,23.80256375,24.11480831,23.41025796,23.41826439,3943600,yfinance
2020-11-19,23.37823444,23.50633423,23.20209609,23.4022522,3757600,yfinance
2020-11-20,23.37823557,23.59440302,23.29817282,23.33820343,3504000,yfinance
2020-11-23,23.41826502,24.07477682,23.3462087,24.01072693,4245600,yfinance
2020-11-24,24.26693009,24.66724237,24.18686733,24.56316185,4997000,yfinance
2020-11-25,24.45907388,24.49910601,22.99393134,23.53034973,9237300,yfinance
2020-11-27,23.57839342,23.61041761,23.17808115,23.30618095,2645500,yfinance
2020-11-30,23.03396875,23.21811203,22.72172413,22.75374985,7431800,yfinance
2020-12-01,22.86583343,23.122033,22.63365314,22.70570946,5316800,yfinance
2020-12-02,22.61764244,22.91387418,22.24134947,22.84181786,5595000,yfinance
2020-12-03,22.77776552,22.92988306,22.62564645,22.78577042,3527100,yfinance
2020-12-04,22.80979291,23.01795548,22.76175587,22.90586853,5082200,yfinance
2020-12-07,22.81779786,23.45029194,22.80178501,23.09801674,5592400,yfinance
2020-12-08,23.02596026,23.41025964,22.96991679,23.25814056,4722400,yfinance
2020-12-09,23.26219979,23.53023486,23.19722164,23.45713425,4465600,yfinance
2020-12-10,23.40840221,23.50587022,22.8073539,22.83984375,4218700,yfinance
2020-12-11,22.73425336,22.92918782,22.70176505,22.80735397,4838400,yfinance
2020-12-14,22.99416715,23.09163516,22.38499634,22.41748619,5661300,yfinance
2020-12-15,22.58805406,22.79923347,22.19006264,22.68552208,5551800,yfinance
2020-12-16,22.75049719,22.89669842,22.16569382,22.19005966,7328500,yfinance
2020-12-17,22.26316309,22.58805389,22.21442986,22.21442986,8698100,yfinance
2020-12-18,22.21442472,22.40123669,21.7189654,21.889534,12709200,yfinance
2020-12-21,21.57276721,21.71084598,21.23975398,21.69460106,8463800,yfinance
2020-12-22,21.64587036,21.67023776,21.30473463,21.38595772,7583900,yfinance
2020-12-23,21.49154495,21.94639359,21.42656679,21.75145912,4984200,yfinance
2020-12-24,21.72709176,21.86517054,21.48342406,21.84080315,1985600,yfinance
2020-12-28,21.96263834,22.2469168,21.86517033,22.13320541,3770700,yfinance
2020-12-29,22.19818216,22.417484,22.09259325,22.17381477,3599700,yfinance
2020-12-30,22.10883597,22.53119472,22.08447014,22.40936089,3618100,yfinance
2020-12-31,22.38499835,22.92106859,22.30377526,22.90482521,4228400,yfinance
2021-01-04,22.96979939,23.10787816,22.26316063,22.4012394,5958500,yfinance
2021-01-05,22.3768729,22.61241968,22.16569506,22.42560768,3981700,yfinance
2021-01-06,22.68552102,22.98604441,22.57180963,22.83172226,3764600,yfinance
2021-01-07,22.96167395,22.98603979,22.48245956,22.53119278,4331000,yfinance
2021-01-08,22.58804893,22.72612769,22.48246003,22.58804893,3418800,yfinance
2021-01-11,22.48246426,22.66927627,22.4174861,22.55556488,3093400,yfinance
2021-01-12,22.49870813,22.71800844,22.28752874,22.70176506,4462100,yfinance
2021-01-13,22.72613372,22.96168053,22.6530331,22.81547928,3056100,yfinance
2021-01-14,22.86421346,23.15661598,22.62054573,22.9129467,2879900,yfinance
2021-01-15,22.84796641,23.24595938,22.73425502,23.20534706,3356200,yfinance
2021-01-19,23.29469237,23.30281484,22.84796617,22.85608864,2617600,yfinance
2021-01-20,22.76674091,22.85608489,22.5961723,22.71800613,4069700,yfinance
2021-01-21,22.54744339,22.72613294,22.31189659,22.54744339,3626600,yfinance
2021-01-22,22.43372963,22.70176471,22.36062901,22.59617424,2990600,yfinance
2021-01-25,22.44997423,23.27032443,22.37687361,22.83172226,6237400,yfinance
2021-01-26,22.83984184,23.09163198,22.61241755,22.94543076,3469800,yfinance
2021-01-27,22.78299397,23.09976394,22.5636936,22.57993698,6147000,yfinance
2021-01-28,22.65302888,23.23783379,22.55556243,22.84796333,3754600,yfinance
2021-01-29,22.67739736,22.84796444,22.39311736,22.47434044,5880700,yfinance
2021-02-01,22.5393189,22.83172137,22.39311766,22.70176506,3274100,yfinance
2021-02-02,22.78299197,23.08351697,22.61242485,22.61242485,3257300,yfinance
2021-02-03,22.53931992,22.75049931,22.46621929,22.57180977,2996200,yfinance
2021-02-04,22.53931994,22.68552118,22.42560855,22.66115379,3637400,yfinance
2021-02-05,22.82360327,22.92919221,22.61242384,22.63679123,3057000,yfinance
2021-02-08,22.73425771,22.8723365,22.49871243,22.63679123,3651400,yfinance
2021-02-09,22.68552013,22.77486568,22.53119644,22.70176506,2674100,yfinance
2021-02-10,22.90482585,23.03478218,22.6530341,22.7911129,3347800,yfinance
2021-02-11,22.75862364,22.83172427,22.57181162,22.69364548,2455500,yfinance
2021-02-12,22.63679023,22.85609057,22.61242284,22.75050163,2777200,yfinance
2021-02-16,22.74237917,22.90482535,22.60430038,22.75050163,4097900,yfinance
2021-02-17,22.77486474,22.85608626,22.59617366,22.79923058,3095400,yfinance
2021-02-18,22.88857813,23.05102275,22.54744242,22.55556488,4160700,yfinance
2021-02-19,22.58805084,22.62866316,22.40123885,22.48246193,4809700,yfinance
2021-02-22,22.57993141,22.72613265,22.21442984,22.32001877,4922100,yfinance
2021-02-23,22.55556557,22.65303203,22.279408,22.32001877,4701300,yfinance
2021-02-24,22.33626272,22.49058643,22.17381656,22.32814026,4365400,yfinance
2021-02-25,22.25504279,22.46622222,21.88954119,21.9220295,5451100,yfinance
2021-02-26,21.97888072,21.98700318,21.23975365,21.2722435,9397600,yfinance
2021-03-01,21.55652468,22.17381639,21.54027975,21.84080315,5347300,yfinance
2021-03-02,21.84080067,22.1900588,21.74333422,22.04385757,4223300,yfinance
2021-03-03,21.96263966,22.41748678,21.82456088,22.32001877,5061300,yfinance
2021-03-04,22.38499151,22.79922776,22.22254692,22.66927147,7980100,yfinance
2021-03-05,22.71800646,23.03477629,22.49870617,22.94543076,6099300,yfinance
2021-03-08,23.06726795,23.48962675,22.96167902,22.99416733,8932200,yfinance
2021-03-09,22.80870178,22.99829307,22.42951763,22.48722076,7907800,yfinance
2021-03-10,22.43775317,22.73450574,22.31410679,22.63558769,5511600,yfinance
2021-03-11,22.54492052,22.70154015,22.4047875,22.42951584,4542100,yfinance
2021-03-12,22.56140464,22.97356036,22.54491804,22.84166908,6049400,yfinance
2021-03-15,22.93234242,23.28679657,22.89112748,23.28679657,4459000,yfinance
2021-03-16,23.18787567,23.46814163,23.04774269,23.32800865,7521100,yfinance
2021-03-17,23.32801616,23.45990588,23.08896663,23.09720993,5481700,yfinance
2021-03-18,23.65773827,24.61393938,23.57530681,24.47380638,14784900,yfinance
2021-03-19,24.44083092,24.7293402,23.97097371,24.39137268,15130700,yfinance
2021-03-22,24.2924585,24.34191832,23.75665635,23.96273422,4794300,yfinance
2021-03-23,23.87205618,23.97921754,23.44341547,23.55057526,7494100,yfinance
2021-03-24,23.41868617,23.85557177,23.39395626,23.42692947,5880200,yfinance
2021-03-25,23.57530482,23.77313935,23.27855223,23.6824646,4805000,yfinance
2021-03-26,23.7401704,24.14408442,23.69071215,24.12759781,5060000,yfinance
2021-03-29,24.04516734,24.16881375,23.78963121,23.95449257,4835200,yfinance
2021-03-30,23.92151928,24.06989559,23.81435791,23.96273422,3972500,yfinance
2021-03-31,23.92976531,23.97098026,23.70720081,23.77314568,7358700,yfinance
2021-04-01,23.82260055,23.82260055,23.47638968,23.71544075,6332100,yfinance
2021-04-05,23.75665257,23.90502887,23.65773609,23.74840927,5321100,yfinance
2021-04-06,23.74841275,23.78138597,23.53409158,23.66598129,5973100,yfinance
2021-04-07,23.71544185,23.91327642,23.71544185,23.90503311,4336900,yfinance
2021-04-08,23.88854602,23.92151924,23.6165233,23.67422485,3578300,yfinance
2021-04-09,23.67422121,23.8061109,23.52584649,23.60827637,4296900,yfinance
2021-04-12,23.6989512,23.87205583,23.61651975,23.6824646,5401900,yfinance
2021-04-13,23.49287664,23.72368442,23.42693179,23.66598129,7766600,yfinance
2021-04-14,23.57530697,23.74016831,23.57530697,23.69071007,6551300,yfinance
2021-04-15,23.69895688,23.94624971,23.67422696,23.89679146,8462200,yfinance
2021-04-16,23.98746179,24.15232312,23.87205712,24.02043343,7476000,yfinance
2021-04-19,24.14407947,24.1605645,23.71543721,23.80611038,4997800,yfinance
2021-04-20,23.69071194,23.98746457,23.68246863,23.90503311,5521600,yfinance
2021-04-21,23.92976142,24.35016044,23.90503152,24.28421402,5880900,yfinance
2021-04-22,24.35015915,24.35015915,23.85557201,23.86381531,5040800,yfinance
2021-04-23,23.92152125,24.06165427,23.78963153,24.03692436,5070700,yfinance
2021-04-26,24.07813601,24.14408243,23.97921951,24.05340767,5838200,yfinance
2021-04-27,24.00395251,24.05341076,23.78963133,23.81435966,4656000,yfinance
2021-04-28,23.7731434,23.92151972,23.74017019,23.90503311,4651500,yfinance
2021-04-29,23.96273488,24.15232615,23.94624827,24.12759781,5337100,yfinance
2021-04-30,24.16056808,24.2100279,23.89678867,24.01219177,5281900,yfinance
2021-05-03,24.06164994,24.28421282,23.98746179,24.02043343,4278700,yfinance
2021-05-04,24.06988819,24.12758973,23.87205212,23.97097015,3926500,yfinance
2021-05-05,23.91327086,23.9709724,23.62476159,23.83908272,7489800,yfinance
2021-05-06,23.69895751,23.85557715,23.44342136,23.77314568,6139400,yfinance
2021-05-07,23.64125153,24.25124178,23.63300822,24.11110878,5034600,yfinance
2021-05-10,24.25124099,24.48204874,24.18529614,24.30069923,4620200,yfinance
2021-05-11,24.30069819,24.49028942,24.04516211,24.1852951,7080900,yfinance
2021-05-12,24.21002608,24.25948433,23.57530594,23.57530594,5712800,yfinance
2021-05-13,23.49287463,24.06164993,23.49287463,23.93800354,4394100,yfinance
2021-05-14,24.0698979,24.22651597,24.02043808,24.11935616,3000000,yfinance
2021-05-17,24.14408574,24.27597546,24.01219445,24.03692436,3953300,yfinance
2021-05-18,24.15231973,24.27596768,24.06164656,24.17704964,5142000,yfinance
2021-05-19,24.13583764,24.25124073,23.81435513,24.21002579,6679500,yfinance
2021-05-20,24.19353841,24.38312964,24.14408017,24.1852951,5401900,yfinance
2021-05-21,24.2265154,24.35840512,24.16057054,24.31719017,4152400,yfinance
2021-05-24,24.44907701,24.50677856,24.25948576,24.27597237,2925900,yfinance
2021-05-25,24.2759745,24.34191936,23.98746516,23.99570847,4010000,yfinance
2021-05-26,23.99570344,24.08637662,23.90502869,24.02867508,3323200,yfinance
2021-05-27,24.12759855,24.13584185,23.92976397,23.94624901,6088200,yfinance
2021-05-28,24.07813836,24.11935488,23.88854709,23.99570847,3727600,yfinance
2021-06-01,24.02867952,24.11111098,23.80611504,23.90503311,4022800,yfinance
2021-06-02,23.90503025,23.9874617,23.75665395,23.86381531,4528000,yfinance
2021-06-03,23.80611176,24.03691951,23.74841021,23.92151642,4076200,yfinance
2021-06-04,23.96273632,23.98746623,23.86381981,23.89679146,3676800,yfinance
2021-06-07,23.95448355,24.03691499,23.91326862,23.97097015,3840700,yfinance
2021-06-08,23.97097572,24.02867726,23.69895301,23.82259941,5936900,yfinance
2021-06-09,23.81841975,24.32857603,23.76824094,24.24494362,6790000,yfinance
2021-06-10,24.32020378,24.48746854,24.228208,24.32020378,6032700,yfinance
2021-06-11,24.34529735,24.56274093,24.26166496,24.52928734,6016800,yfinance
2021-06-14,24.52929684,24.62129267,24.36203199,24.47075462,4833000,yfinance
2021-06-15,24.42056917,24.66310139,24.34530017,24.50419998,3232400,yfinance
2021-06-16,24.5627414,24.5711032,23.96895283,23.98567963,4524300,yfinance
2021-06-17,23.93550236,24.11112896,23.81005296,23.91877556,5129400,yfinance
2021-06-18,23.78496462,23.80168983,23.07409161,23.09081841,9834700,yfinance
2021-06-21,23.19117542,23.54243022,23.14099662,23.51734161,5373100,yfinance
2021-06-22,23.52570525,23.62606445,23.40025743,23.40862083,4638600,yfinance
2021-06-23,23.36680562,23.40862102,23.182814,23.2413578,4170300,yfinance
2021-06-24,23.2915348,23.4002558,23.1828122,23.3584404,3241600,yfinance
2021-06-25,23.25807834,23.68460209,23.25807834,23.66787529,4665200,yfinance
2021-06-28,23.75151019,23.77660039,23.55079339,23.62606239,3125600,yfinance
2021-06-29,23.58424664,23.70969444,23.14935945,23.22462845,3851200,yfinance
2021-06-30,23.28317428,23.4420757,23.20790527,23.39189529,3990000,yfinance
2021-07-01,23.46716321,23.72642383,23.3166252,23.63442802,4416200,yfinance
2021-07-02,23.60933559,23.66787779,23.49225119,23.62606239,2602100,yfinance
2021-07-06,23.67624465,23.73478686,23.17445178,23.55916023,3899200,yfinance
2021-07-07,23.4337083,23.58424629,23.3166223,23.55079269,2943600,yfinance
2021-07-08,23.4253449,23.56751949,23.3417125,23.55079269,2916500,yfinance
2021-07-09,23.60097391,23.79332892,23.5257049,23.78496552,3634600,yfinance
2021-07-12,23.70133306,23.78496547,23.51734305,23.72642326,2983000,yfinance
2021-07-13,23.684605,23.7096952,23.3333502,23.3584404,3493800,yfinance
2021-07-14,23.32499069,23.62606674,23.21626967,23.47552872,3463000,yfinance
2021-07-15,23.3918926,23.6511532,23.3835292,23.59260941,4606800,yfinance
2021-07-16,23.6344298,24.03586347,23.55916079,23.91041565,4317600,yfinance
2021-07-19,23.74315145,23.91877968,23.19954315,23.42535019,5057800,yfinance
2021-07-20,23.44207109,23.81841447,23.4086175,23.58424568,4377400,yfinance
2021-07-21,23.67624428,23.8016921,23.49225426,23.49225426,3028400,yfinance
2021-07-22,23.50061892,23.56752453,23.35008089,23.47552872,2715700,yfinance
2021-07-23,23.47552661,23.69297023,23.45879981,23.63442802,2380900,yfinance
2021-07-26,23.63442746,23.80169067,23.58424865,23.72642326,2867500,yfinance
2021-07-27,23.67624186,24.10276566,23.56752085,24.03586006,4068300,yfinance
2021-07-28,24.05259027,24.13622268,23.71806222,23.91041565,4070200,yfinance
2021-07-29,23.98568466,24.01913667,23.83514664,23.91041565,2945000,yfinance
2021-07-30,23.93550348,24.12785689,23.64279086,23.72642326,6734000,yfinance
2021-08-02,23.79333306,23.96059631,23.72642745,23.80169487,3487900,yfinance
2021-08-03,23.82678227,23.89368788,23.63442885,23.88532448,4424000,yfinance
2021-08-04,23.77659798,23.83514017,23.5424276,23.77659798,4413400,yfinance
2021-08-05,23.87695654,24.14458052,23.83514114,24.13621712,4264300,yfinance
2021-08-06,24.19476212,24.64637454,24.11112971,24.44565773,5810900,yfinance
2021-08-09,24.46238312,24.49583671,24.16967052,24.28675652,3706600,yfinance
2021-08-10,24.31184886,24.37039107,24.16967424,24.17803764,4580500,yfinance
2021-08-11,24.25330178,24.44565517,24.16966939,24.42892838,4204600,yfinance
2021-08-12,24.32856718,24.44565156,24.27838839,24.32020378,3177100,yfinance
2021-08-13,24.33693621,24.64637402,24.27003061,24.59619522,4104700,yfinance
2021-08-16,24.64637621,24.88054664,24.48747639,24.5460186,3710100,yfinance
2021-08-17,24.42892847,24.55437786,24.26166528,24.53765106,3145900,yfinance
2021-08-18,24.54601754,24.55438094,24.31184712,24.40384293,3448800,yfinance
2021-08-19,24.40383944,24.72164062,24.35366064,24.41220284,4378900,yfinance
2021-08-20,24.36202286,24.90563263,24.23657507,24.87217903,9684200,yfinance
2021-08-23,24.880542,24.9056322,24.32020704,24.41220284,5384500,yfinance
2021-08-24,24.47074793,24.52092673,24.28675792,24.44565773,4295000,yfinance
2021-08-25,24.3453017,24.58783393,24.20312708,24.43729591,6640800,yfinance
2021-08-26,24.41220689,24.4791125,24.27839568,24.31184769,3563100,yfinance
2021-08-27,24.3202115,24.52092832,24.3034847,24.43729591,3645600,yfinance
2021-08-30,24.46238513,24.52092734,24.35366412,24.40384293,3741500,yfinance
2021-08-31,24.37875378,24.62965101,24.31184818,24.5460186,5413600,yfinance
2021-09-01,24.83036668,25.1648947,24.73837088,25.1230793,6343800,yfinance
2021-09-02,25.16488646,25.44087219,25.08125409,25.44087219,4136000,yfinance
2021-09-03,25.40742632,25.42415312,25.1481673,25.1648941,5290800,yfinance
2021-09-07,25.16489475,25.38233837,25.03944694,25.18162155,5859800,yfinance
2021-09-08,25.18162367,25.69177835,25.11471806,25.47433472,5810100,yfinance
2021-09-09,25.48704851,25.63118691,25.23268739,25.24964523,5144300,yfinance
2021-09-10,25.28355936,25.38530478,25.09702798,25.1055069,4492600,yfinance
2021-09-13,25.33443304,25.3598698,24.99528432,25.04615784,4504900,yfinance
2021-09-14,25.14790066,25.18181634,24.83418871,24.91049576,5583200,yfinance
2021-09-15,24.84266731,25.17333873,24.82571108,24.9783268,4803700,yfinance
2021-09-16,24.96137448,25.02072531,24.63918192,24.67309761,5231600,yfinance
2021-09-17,24.5543913,24.70700864,24.30003015,24.31698799,8434200,yfinance
2021-09-20,24.17285248,24.49504342,24.02023513,24.266119,5093500,yfinance
2021-09-21,24.34242075,24.50351699,24.0795807,24.09653854,6057700,yfinance
2021-09-22,24.18980404,24.33394243,24.06262186,24.14740944,4016700,yfinance
2021-09-23,24.14741149,24.39329532,24.08806067,24.20676231,4063000,yfinance
2021-09-24,24.23219803,24.37633643,24.07110178,24.09653854,2413100,yfinance
2021-09-27,24.14741529,24.43569215,24.02871362,24.04567146,4385400,yfinance
2021-09-28,24.07958497,24.19828825,23.85065895,23.92696762,5323000,yfinance
2021-09-29,23.94392476,24.30003135,23.92696691,24.13893509,5202300,yfinance
2021-09-30,24.14740906,24.18132474,23.63020792,23.63868523,7471400,yfinance
2021-10-01,23.86761059,23.91000518,23.60477056,23.70651436,5687600,yfinance
2021-10-04,23.68956095,24.07110265,23.67260311,23.98631668,5422900,yfinance
2021-10-05,24.03719086,24.1898082,23.91001028,23.96088219,4113500,yfinance
2021-10-06,23.83369953,24.22372015,23.73195411,24.20676231,6228600,yfinance
2021-10-07,24.23220146,24.4272118,24.02871221,24.07958412,5445600,yfinance
2021-10-08,24.05415038,24.26611857,24.00327686,24.04567146,3782900,yfinance
2021-10-11,24.01175204,24.10501854,23.85065579,23.90152931,3557100,yfinance
2021-10-12,23.89305244,24.11349953,23.84218053,23.96088219,3065600,yfinance
2021-10-13,23.86761157,24.1728462,23.77434669,24.14740944,3312300,yfinance
2021-10-14,24.17285082,24.40177684,24.13893514,24.34242439,2662700,yfinance
2021-10-15,24.38481576,24.52895416,24.32546494,24.46112442,4214900,yfinance
2021-10-18,24.24067799,24.40177424,24.13893257,24.20676231,3366900,yfinance
2021-10-19,24.34242355,24.52047766,24.30003057,24.49504089,3249600,yfinance
2021-10-20,24.5883061,24.868104,24.56286934,24.77483749,3857000,yfinance
2021-10-21,24.66461625,24.77483898,24.57134974,24.5967865,2550900,yfinance
2021-10-22,24.66461423,24.79179479,24.58830556,24.69852829,2374200,yfinance
2021-10-25,24.69853491,24.75788736,24.54591915,24.58831215,2612300,yfinance
2021-10-26,24.58830886,24.8681068,24.57135102,24.66461754,3134300,yfinance
2021-10-27,24.75788276,24.78331791,24.52895675,24.5967865,3247100,yfinance
2021-10-28,24.56286791,24.69005009,24.46960302,24.64765549,2440200,yfinance
2021-10-29,24.62222255,24.73244528,24.30850896,24.41873169,3132600,yfinance
2021-11-01,24.46112305,24.85114364,24.35089871,24.84266472,4603900,yfinance
2021-11-02,24.88506415,24.93593606,24.5967873,24.79179764,4394400,yfinance
2021-11-03,24.715491,24.93593811,24.69005585,24.85115051,4103700,yfinance
2021-11-04,24.69005284,24.94441399,24.32546733,24.49504089,4291800,yfinance
2021-11-05,24.57982857,24.85962648,24.32546741,24.35090256,5758800,yfinance
2021-11-08,24.41025143,24.44416549,24.18132545,24.30850601,4311700,yfinance
2021-11-09,24.30850921,24.45264763,24.2152427,24.37633896,3203900,yfinance
2021-11-10,24.43569134,24.63918059,24.35938266,24.40177727,4529200,yfinance
2021-11-11,24.24067871,24.52047662,24.22372087,24.38481712,4473900,yfinance
2021-11-12,24.40177236,24.43568642,24.21523937,24.24915504,4008700,yfinance
2021-11-15,24.40177816,24.47808683,24.30003272,24.45265007,3277400,yfinance
2021-11-16,24.45264788,24.52047763,24.32546731,24.33394623,2982200,yfinance
2021-11-17,24.23220009,24.33394551,24.11349843,24.15589142,4391800,yfinance
2021-11-18,24.13045691,24.23220235,23.88457466,23.96936226,3698600,yfinance
2021-11-19,23.90153163,24.09654196,23.71499861,24.07958412,5222000,yfinance
2021-11-22,24.02871124,24.28307239,23.83370092,24.17284966,5285300,yfinance
2021-11-23,24.27458933,24.46112232,24.08805796,24.35937691,3564900,yfinance
2021-11-24,24.37633842,24.4102541,24.21524217,24.30002975,2442300,yfinance
2021-11-26,23.93544413,24.15589121,23.86761439,23.89305115,3187100,yfinance
2021-11-29,23.98631622,24.21524059,23.90152863,24.11349678,3581300,yfinance
2021-11-30,23.96087601,24.09653547,23.52846086,23.59629059,10349000,yfinance
2021-12-01,23.80826538,24.16437198,23.63021289,23.64716911,6215000,yfinance
2021-12-02,23.79130547,24.18132772,23.74043356,23.93544388,6644400,yfinance
2021-12-03,24.07958267,24.43568925,24.03718969,24.30002975,5498400,yfinance
2021-12-06,24.56286934,25.04615809,24.48656067,24.77483749,7068900,yfinance
2021-12-07,24.74940213,24.98680543,24.65613563,24.85962486,4787300,yfinance
2021-12-08,24.85962342,24.95288992,24.69004987,24.73244286,5305600,yfinance
2021-12-09,24.79695349,24.79695349,24.43570748,24.59912872,4280600,yfinance
2021-12-10,24.70234002,24.75394777,24.57332395,24.71094131,4447800,yfinance
2021-12-13,24.59052544,24.93456883,24.57332286,24.83995628,4002400,yfinance
2021-12-14,24.94316994,24.99477604,24.65933394,24.79695129,5067300,yfinance
2021-12-15,24.86576367,25.31302097,24.80555627,25.17540359,5994000,yfinance
2021-12-16,25.22700961,25.60545822,25.1754035,25.3560257,4831000,yfinance
2021-12-17,25.33022048,25.59685391,25.27001145,25.42483139,12014100,yfinance
2021-12-20,25.14099624,25.43343356,24.97757665,25.37322617,5376600,yfinance
2021-12-21,25.5366485,25.70866939,25.18400377,25.30441856,4968700,yfinance
2021-12-22,25.27861384,25.4248325,25.16680034,25.29581642,5596300,yfinance
2021-12-23,25.33882209,25.49364204,25.20980601,25.30441856,2280900,yfinance
2021-12-27,25.30441813,25.45063679,25.17540205,25.39903069,1994300,yfinance
2021-12-28,25.39042806,25.61405669,25.36462419,25.6054554,2066200,yfinance
2021-12-29,25.62265778,25.71726869,25.57105003,25.62265778,2835800,yfinance
2021-12-30,25.70867095,25.80328352,25.59685745,25.7602787,2367400,yfinance
2021-12-31,25.72587093,25.93229698,25.64846096,25.85488701,2547600,yfinance
2022-01-03,25.93229781,25.98390391,25.47644088,25.92369652,4911000,yfinance
2022-01-04,25.91509443,26.09571825,25.75167483,25.79467964,4885500,yfinance
2022-01-05,25.83768522,26.08711607,25.6570614,25.84628487,4098100,yfinance
2022-01-06,25.84628745,25.95810259,25.70006878,25.81188393,3271100,yfinance
2022-01-07,25.74307768,26.18173372,25.63126252,26.01831245,2942000,yfinance
2022-01-10,26.03551333,26.14732684,25.90649725,26.00110817,3645800,yfinance
2022-01-11,26.12152474,26.13872568,25.64846355,25.7602787,3995800,yfinance
2022-01-12,25.7860777,25.99250375,25.65706163,25.76887512,3988900,yfinance
2022-01-13,25.76027316,25.9580979,25.66566062,25.80327797,4125500,yfinance
2022-01-14,25.76887407,25.86348662,25.62265706,25.77747536,3439000,yfinance
2022-01-18,25.73447544,25.84628895,25.45924068,25.70867157,4203300,yfinance
2022-01-19,25.75167423,25.8806903,25.61405687,25.64846039,2827700,yfinance
2022-01-20,25.75167467,25.99250424,25.49364087,25.55384827,6648800,yfinance
2022-01-21,25.67426067,25.73446806,25.4334295,25.51083946,4493000,yfinance
2022-01-24,25.4162301,25.51944394,24.86576065,25.42483139,6592600,yfinance
2022-01-25,25.19260358,25.59685439,25.07218716,25.40763092,6426000,yfinance
2022-01-26,25.47644202,25.62266069,25.02058343,25.19260597,5841200,yfinance
2022-01-27,25.33022246,25.59685592,25.13239606,25.2442112,4354000,yfinance
2022-01-28,25.20120318,25.53664694,25.09799098,25.52804565,4706600,yfinance
2022-01-31,25.3302209,25.54524823,25.25281093,25.52804565,6585000,yfinance
2022-02-01,25.45063594,25.60545588,25.29581599,25.39042854,3844900,yfinance
2022-02-02,25.39902996,25.60545601,25.33022128,25.55384827,5032400,yfinance
2022-02-03,25.54524823,25.69146689,25.4334331,25.52804565,3967500,yfinance
2022-02-04,25.39042898,25.53664764,25.09799166,25.29581642,3617200,yfinance
2022-02-07,25.24421208,25.30441948,25.06358825,25.19260597,4537300,yfinance
2022-02-08,25.30441813,25.47644066,25.23560944,25.39903069,3232100,yfinance
2022-02-09,25.46783937,25.52804676,25.28721555,25.39903069,3250500,yfinance
2022-02-10,25.2012053,25.34742396,24.7023419,24.77115059,4371400,yfinance
2022-02-11,24.77975002,25.02058123,24.58192527,24.65073395,5440900,yfinance
2022-02-14,24.71954208,24.79695205,24.17767392,24.38409996,5099800,yfinance
2022-02-15,24.50451604,24.68513986,24.19487613,24.29808998,3699300,yfinance
2022-02-16,24.27228631,24.47011272,24.15187152,24.2808876,3948000,yfinance
2022-02-17,24.16907434,24.32389429,24.00565309,24.20347786,4807000,yfinance
2022-02-18,23.30896776,23.37777645,22.13061702,22.44885826,23006700,yfinance
2022-02-22,22.14781484,23.09393542,22.14781484,23.05953026,14910300,yfinance
2022-02-23,23.00792911,23.19715261,22.35424569,22.44885826,12207300,yfinance
2022-02-24,22.25102994,22.50906209,21.97579357,22.31123734,11208100,yfinance
2022-02-25,22.4230528,22.93911879,22.3628454,22.73269272,7561100,yfinance
2022-02-28,22.59507308,22.68968399,22.13921453,22.50906181,9759300,yfinance
2022-03-01,22.46605524,22.57786872,21.73496202,21.88978195,8996700,yfinance
2022-03-02,21.87258599,22.35424688,21.85538341,22.12201691,5567700,yfinance
2022-03-03,22.09620997,22.64667944,22.09620997,22.3714447,8169200,yfinance
2022-03-04,22.20802337,22.77569542,22.12201211,22.74989319,6365100,yfinance
2022-03-07,22.7670961,22.87030995,22.35424397,22.49186134,6896700,yfinance
2022-03-08,22.54346575,23.04233076,22.38004615,22.61227608,9845900,yfinance
2022-03-09,23.27096983,23.46164384,23.01962523,23.13229752,11856600,yfinance
2022-03-10,23.04562783,23.24496908,22.75094874,23.0369606,9257600,yfinance
2022-03-11,23.01095765,23.30563672,22.75961471,22.76828194,5728600,yfinance
2022-03-14,22.76828309,23.02829327,22.51693849,22.66427803,6518700,yfinance
2022-03-15,22.81161979,23.09763167,22.7682853,22.96762657,6830700,yfinance
2022-03-16,23.01095989,23.15829944,22.82028586,23.07163048,7655900,yfinance
2022-03-17,23.01962644,23.37497446,22.89828857,23.21896935,7583900,yfinance
2022-03-18,23.14096903,23.34897754,23.04563118,23.11496735,22608900,yfinance
2022-03-21,23.22763374,23.36630606,23.12363034,23.31430435,7992100,yfinance
2022-03-22,23.40097424,23.48764484,23.04562624,23.27963638,6320400,yfinance
2022-03-23,23.32296799,23.43564026,23.08029066,23.30563354,8577000,yfinance
2022-03-24,23.39230785,23.68698692,23.29697001,23.68698692,5946200,yfinance
2022-03-25,23.61765342,23.99033593,23.61765342,23.91233253,5988700,yfinance
2022-03-28,23.87766082,24.07700371,23.83432634,24.06833649,5566600,yfinance
2022-03-29,24.13767211,24.69236135,24.06833596,24.64902687,7755100,yfinance
2022-03-30,24.61435686,24.87436867,24.53635348,24.87436867,7974300,yfinance
2022-03-31,24.82236693,25.02170983,24.74436355,24.75303078,5864500,yfinance
2022-04-01,24.82236823,25.16038346,24.62302698,25.15171623,6315000,yfinance
2022-04-04,24.57102239,24.93503759,24.30234501,24.87436867,6500600,yfinance
2022-04-05,24.96970818,25.23838725,24.83103586,24.88303757,8306100,yfinance
2022-04-06,25.00437816,25.48106408,24.89170586,25.47239685,8806100,yfinance
2022-04-07,25.45506328,25.46372886,24.98704295,25.24705315,7182500,yfinance
2022-04-08,25.34238788,25.39438958,25.10837775,25.22971725,4928900,yfinance
2022-04-11,25.24705335,25.38572733,25.03037764,25.05637932,6451200,yfinance
2022-04-12,25.10837742,25.17771357,24.93503787,24.98703957,6006200,yfinance
2022-04-13,24.9350379,25.16904804,24.85703452,25.10837746,5585300,yfinance
2022-04-14,25.17771345,25.41172359,25.0563756,25.30772018,5736600,yfinance
2022-04-18,25.35105776,25.53306456,25.22971989,25.32505608,6544100,yfinance
2022-04-19,25.43772756,25.90574621,25.39439143,25.85374451,6401100,yfinance
2022-04-20,26.00108271,26.24376007,25.9144121,26.14842224,5911600,yfinance
2022-04-21,26.07908473,26.47776718,25.95774688,26.32176208,5784100,yfinance
2022-04-22,26.321767,26.33043258,25.88841557,25.90574837,7183700,yfinance
2022-04-25,25.96641321,26.01841656,25.45506012,25.79307365,7183300,yfinance
2022-04-26,25.7410701,25.95774577,25.34238601,25.35105324,5303700,yfinance
2022-04-27,25.30772225,25.48106182,25.03904319,25.04771042,4322500,yfinance
2022-04-28,25.21238566,25.34239075,25.0303772,25.25572014,5286900,yfinance
2022-04-29,25.14304664,25.19504834,24.49301959,24.53635406,5061200,yfinance
2022-05-02,24.64036076,24.70102969,24.05100259,24.36301613,5218500,yfinance
2022-05-03,24.42368531,24.79636778,24.31101302,24.41501808,4963600,yfinance
2022-05-04,24.536354,25.04770874,24.44968339,25.03904152,6061700,yfinance
2022-05-05,24.6143597,25.22105233,24.49302183,24.9610405,5584200,yfinance
2022-05-06,24.83970272,25.394392,24.72703209,25.33372307,6842600,yfinance
2022-05-09,25.22972198,25.23838921,24.85703947,24.95237732,5723000,yfinance
2022-05-10,24.96971029,25.18638602,24.17234355,24.51035881,6608500,yfinance
2022-05-11,24.55369378,25.05638141,24.47569038,24.61436272,5974500,yfinance
2022-05-12,24.62302779,24.70103118,24.33701592,24.56235886,5770400,yfinance
2022-05-13,24.74436196,25.03037379,24.54502073,24.93503761,4521900,yfinance
2022-05-16,24.98704127,25.19504974,24.79636725,25.11704636,3746800,yfinance
2022-05-17,25.25572113,25.4897313,24.99571093,25.47239685,4944200,yfinance
2022-05-18,25.56773159,25.62840052,25.36839035,25.45506096,5221400,yfinance
2022-05-19,25.37705967,25.46372863,24.91770657,25.31638908,5466500,yfinance
2022-05-20,25.37705634,25.47239251,24.93503775,25.30772018,6121500,yfinance
2022-05-23,25.56773187,25.70640418,25.35105618,25.6284008,6783200,yfinance
2022-05-24,25.70640616,25.91441464,25.42906152,25.87974739,4219800,yfinance
2022-05-25,25.86241462,25.96641804,25.76707677,25.94908524,3743100,yfinance
2022-05-26,26.00108272,26.4864358,25.98374827,26.20909119,6128900,yfinance
2022-05-27,26.12242133,26.43443486,26.07908685,26.313097,3861800,yfinance
2022-05-31,26.13108756,26.42576662,25.94041355,26.15708923,7768400,yfinance
2022-06-01,26.2610916,26.26975883,25.60239899,25.94041252,4503000,yfinance
2022-06-02,26.05308866,26.1137576,25.49839933,25.94908524,4864900,yfinance
2022-06-03,25.86241173,26.02708573,25.8017428,25.85374451,3692100,yfinance
2022-06-06,26.00108217,26.08775277,25.82774096,25.97508049,6456400,yfinance
2022-06-07,26.00108328,26.50377083,25.90574545,26.50377083,7534300,yfinance
2022-06-08,26.39110202,26.55577437,26.10509015,26.19175911,4899800,yfinance
2022-06-09,26.16575911,26.33909868,25.23838734,25.25572014,8447200,yfinance
2022-06-10,24.83103844,24.96104355,24.55369377,24.55369377,9216400,yfinance
2022-06-13,24.27634403,24.36301463,23.36630515,23.47031021,7879900,yfinance
2022-06-14,23.44430773,23.53964556,22.30892764,22.56027222,9520100,yfinance
2022-06-15,22.75094748,23.04562656,22.47360287,22.76828194,9767700,yfinance
2022-06-16,22.47360344,22.51693791,22.15292268,22.30892944,9335100,yfinance
2022-06-17,22.2433561,22.4969155,21.84115619,22.17340851,14627300,yfinance
2022-06-21,22.27832663,22.79419069,22.2171227,22.60183525,6105100,yfinance
2022-06-22,22.47068239,23.065236,22.45319508,22.88162422,5130700,yfinance
2022-06-23,22.9515715,23.31879671,22.94282784,23.26633644,3617300,yfinance
2022-06-24,23.3537718,23.7035114,23.29256787,23.67728043,6998800,yfinance
2022-06-27,23.61607496,24.01827313,23.58984399,23.92209625,2885200,yfinance
2022-06-28,24.07073452,24.21937333,23.71225296,23.72099495,2592800,yfinance
2022-06-29,23.76471224,23.87837643,23.51115123,23.65979004,2736100,yfinance
2022-06-30,23.4674356,23.87837742,23.38874436,23.72099495,4426800,yfinance
2022-07-01,23.8346625,24.2980663,23.68602368,24.27183533,4956800,yfinance
2022-07-05,24.12319737,24.15817033,23.10895652,23.45869446,5196700,yfinance
2022-07-06,23.54613002,23.82592038,23.32754359,23.65105057,5579700,yfinance
2022-07-07,23.84340551,24.03576095,23.712254,23.8259182,5399500,yfinance
2022-07-08,23.69476761,23.88712305,23.49366851,23.76471519,3660700,yfinance
2022-07-11,23.67728072,23.95707107,23.64230776,23.87837982,5252500,yfinance
2022-07-12,23.79094585,24.07073787,23.70351261,23.81717682,3718900,yfinance
2022-07-13,23.58984246,23.86963277,23.42371801,23.65979004,4619500,yfinance
2022-07-14,23.31879738,23.73848287,23.27508077,23.71225357,5571200,yfinance
2022-07-15,23.95706817,24.07073402,23.62481759,24.07073402,5039900,yfinance
2022-07-18,23.965812,24.13193812,23.74722561,23.77345657,4524600,yfinance
2022-07-19,23.92209834,24.01827524,23.8434071,23.9570713,3546800,yfinance
2022-07-20,23.84340793,23.92209917,23.43246438,23.72974205,6812000,yfinance
2022-07-21,23.6860253,23.82592048,23.60733405,23.81717682,3247100,yfinance
2022-07-22,23.9133518,23.99204303,23.66853444,23.89586449,4375700,yfinance
2022-07-25,23.86089745,24.38550359,23.86089745,24.35053062,5895000,yfinance
2022-07-26,24.35052881,24.58660256,24.35052881,24.51665497,3732300,yfinance
2022-07-27,24.44670209,24.63031554,24.28932129,24.5516243,2850000,yfinance
2022-07-28,24.74398202,25.24236046,24.62157416,25.17241287,4050400,yfinance
2022-07-29,25.11120513,25.43471373,25.07623217,25.42597008,7245700,yfinance
2022-08-01,25.39100032,25.48717722,25.15492658,25.3560257,5194100,yfinance
2022-08-02,25.41722759,25.65330131,25.2598451,25.44345856,5049600,yfinance
2022-08-03,25.50466299,25.61832719,24.8576474,25.3472805,4627700,yfinance
2022-08-04,25.38225553,25.40848483,24.94508269,25.00628662,4938200,yfinance
2022-08-05,24.98005576,25.01503039,24.36801478,24.54288292,4444800,yfinance
2022-08-08,24.65654749,24.84015927,24.46419038,24.61282921,3774800,yfinance
2022-08-09,24.71775159,24.936338,24.63906035,24.90136337,3873800,yfinance
2022-08-10,25.10246464,25.36476935,25.04126071,25.3560257,4490600,yfinance
2022-08-11,25.39973856,26.21288022,25.30356168,25.73199081,9743100,yfinance
2022-08-12,25.8981208,26.50141814,25.8369152,26.4839325,5968600,yfinance
2022-08-15,26.62382666,26.77246549,26.326549,26.75497818,6132200,yfinance
2022-08-16,26.6850296,27.06099849,26.62382567,27.02602386,4910900,yfinance
2022-08-17,26.85989712,27.09597084,26.80743684,26.95607567,4328500,yfinance
2022-08-18,26.92984531,27.03476752,26.83366842,27.02602386,3130300,yfinance
2022-08-19,27.03476574,27.07848235,26.80743568,26.93858719,3974400,yfinance
2022-08-22,26.76372125,26.78995055,26.34403406,26.43146896,4461500,yfinance
2022-08-23,26.44895628,26.52764752,26.32654842,26.43146896,3842400,yfinance
2022-08-24,26.43146933,26.53639155,26.29157416,26.42272568,4292200,yfinance
2022-08-25,26.42272481,26.54513433,26.24785668,26.52764702,2925800,yfinance
2022-08-26,26.5888462,26.59758985,26.03800927,26.04675293,3055300,yfinance
2022-08-29,25.94183833,26.30906361,25.74073921,26.12545013,3769400,yfinance
2022-08-30,26.09921734,26.12544664,25.60958425,25.66204453,3837500,yfinance
2022-08-31,25.6795311,25.80193895,25.39973911,25.42597008,6104900,yfinance
2022-09-01,25.40848441,25.64455814,25.22487262,25.60084152,5123400,yfinance
2022-09-02,25.64455642,25.94183405,25.26858754,25.30356216,5449000,yfinance
2022-09-06,25.36476888,25.44346013,25.10246417,25.19864273,4321400,yfinance
2022-09-07,25.32979219,25.9593221,25.27733191,25.87188721,5423200,yfinance
2022-09-08,25.77937895,26.17584822,25.64722252,26.09655571,3786300,yfinance
2022-09-09,26.24633401,26.39611006,26.1141759,26.29919624,2538800,yfinance
2022-09-12,26.3080043,26.58112778,26.29919364,26.57231712,4318000,yfinance
2022-09-13,26.29919688,26.52826881,25.84105302,25.92034721,4552400,yfinance
2022-09-14,25.94677798,26.28157437,25.88510341,26.09655571,2580600,yfinance
2022-09-15,25.9027239,25.99082874,25.43577111,25.44458008,4255500,yfinance
2022-09-16,25.44457955,25.63841053,25.38290667,25.47982216,7181000,yfinance
2022-09-19,25.40933991,25.86748375,25.33004572,25.8586731,3811800,yfinance
2022-09-20,25.77056818,25.77937883,25.27718341,25.46220207,4554400,yfinance
2022-09-21,25.56792767,25.73532502,25.03048966,25.04811096,3405300,yfinance
2022-09-22,25.07454046,25.17145595,24.88071117,25.00405693,3716600,yfinance
2022-09-23,24.81023086,24.87190376,24.43138119,24.80142021,3823200,yfinance
2022-09-26,24.73093225,24.86308866,23.99085433,24.22873688,5229300,yfinance
2022-09-27,24.34327593,24.48424469,23.69130274,23.88513374,4447000,yfinance
2022-09-28,24.1758779,24.20230818,23.83226917,24.10539436,6588200,yfinance
2022-09-29,24.03490894,24.03490894,22.75739298,22.86311913,7619800,yfinance
2022-09-30,22.9512242,23.065761,22.2816314,22.33449364,8235700,yfinance
2022-10-03,22.8455002,23.21553922,22.48427183,22.96003532,9072800,yfinance
2022-10-04,23.03051885,23.55033561,22.99527792,23.48866272,4660000,yfinance
2022-10-05,23.18029484,23.18029484,22.60761589,23.01289749,3607600,yfinance
2022-10-06,23.03933102,23.06576298,22.39616844,22.41378975,6783600,yfinance
2022-10-07,22.24638558,22.44902552,21.65608538,21.74419022,5686400,yfinance
2022-10-10,21.83229829,22.09661115,21.76181475,21.91159248,4291200,yfinance
2022-10-11,21.80587067,21.99970002,21.5327471,21.79706001,5799700,yfinance
2022-10-12,21.74419467,21.80586756,21.07460015,21.12746239,6491800,yfinance
2022-10-13,20.78385164,21.83229566,20.6781255,21.73538017,5565200,yfinance
2022-10-14,21.91159499,22.06137275,21.31248399,21.58560753,6065300,yfinance
2022-10-17,21.92040001,22.21995546,21.83229685,21.92921066,3885100,yfinance
2022-10-18,22.29043962,22.53713284,22.24638804,22.36973381,4184800,yfinance
2022-10-19,22.12304233,22.43140676,22.01731618,22.31687164,4962500,yfinance
2022-10-20,22.33449166,22.41378584,21.84110691,22.01731491,4805400,yfinance
2022-10-21,22.15828518,22.70453391,21.98207716,22.63405037,6585100,yfinance
2022-10-24,22.80144501,22.9159818,22.2992496,22.43140602,4930600,yfinance
2022-10-25,22.49308308,23.10981367,22.40497823,22.87193108,5297100,yfinance
2022-10-26,22.99527813,23.1010026,22.61642845,22.64286041,3578900,yfinance
2022-10-27,22.8014508,23.13624895,22.76620987,22.82788277,3487100,yfinance
2022-10-28,22.84549838,23.39174537,22.84549838,23.35650444,3162900,yfinance
2022-10-31,23.32126495,23.4710427,23.14505693,23.33888626,4934700,yfinance
2022-11-01,23.45342178,23.49747336,23.25959078,23.40936852,3519700,yfinance
2022-11-02,23.25958903,23.65605998,23.01289749,23.01289749,4986000,yfinance
2022-11-03,22.871928,23.56795437,22.78382484,23.41817665,4501800,yfinance
2022-11-04,23.53271555,23.83227104,23.28602398,23.78821945,3519800,yfinance
2022-11-07,23.77059698,23.96442798,23.32126376,23.59438896,5080200,yfinance
2022-11-08,23.67367994,23.97323369,23.62962668,23.87631989,4489200,yfinance
2022-11-09,23.80583633,23.85869856,23.47984894,23.5062809,4394000,yfinance
2022-11-10,24.13182198,24.47543067,23.83226654,24.43137741,3490500,yfinance
2022-11-11,24.44018745,24.47543005,23.99966496,24.14944267,3381400,yfinance
2022-11-14,24.05252788,24.24635885,23.87631989,23.87631989,3853200,yfinance
2022-11-15,24.08777232,24.41375805,23.86751105,24.21992874,3505200,yfinance
2022-11-16,24.21112056,24.74855864,24.17587963,24.58115959,4910900,yfinance
2022-11-17,24.32565682,24.39614036,24.11420619,24.37851906,5050900,yfinance
2022-11-18,24.65163874,24.79260581,24.4666201,24.74855423,5060800,yfinance
2022-11-21,24.67807186,24.97762731,24.67807186,24.86309052,3819900,yfinance
2022-11-22,24.99524991,25.40052985,24.99524991,25.32123566,7618400,yfinance
2022-11-23,25.25074781,25.67364898,25.25074781,25.6472187,3532800,yfinance
2022-11-25,25.68246141,25.83223913,25.68246141,25.75294495,1675500,yfinance
2022-11-28,25.58555024,25.68246406,25.39171925,25.63841248,3875300,yfinance
2022-11-29,25.50625353,25.70008282,25.36528646,25.56792641,3419800,yfinance
2022-11-30,25.47982594,26.00845337,25.43577435,26.00845337,6749600,yfinance
2022-12-01,26.13179666,26.29038505,25.68246348,25.80581093,5050900,yfinance
2022-12-02,25.55030825,25.77938018,25.42696247,25.70889664,2549200,yfinance
2022-12-05,25.50625536,25.76175756,25.38290791,25.62079048,3502300,yfinance
2022-12-06,25.62078976,25.86748298,25.43577111,25.81461906,4999000,yfinance
2022-12-07,25.77056689,25.81461846,25.4974434,25.53268433,3624800,yfinance
2022-12-08,25.52824624,25.8834215,25.50160746,25.80350685,2438500,yfinance
2022-12-09,25.72359284,25.87454254,25.6170411,25.70583534,3676000,yfinance
2022-12-12,25.83014459,26.19419943,25.69695409,26.14980316,3809500,yfinance
2022-12-13,26.45170103,26.57601193,25.81238393,26.05212784,4933000,yfinance
2022-12-14,26.12316704,26.59377535,25.98109692,26.12316704,5122800,yfinance
2022-12-15,26.20308533,26.30963708,25.8390304,26.06989479,5187000,yfinance
2022-12-16,25.82127106,26.03437626,25.48385492,25.86566734,11076800,yfinance
2022-12-19,25.93669483,26.07876662,25.66143425,25.8479023,4831700,yfinance
2022-12-20,25.85678869,26.02549591,25.71471687,25.89230537,3868300,yfinance
2022-12-21,25.98109489,26.16756127,25.9722153,26.10540581,4138700,yfinance
2022-12-22,26.00773663,26.03437372,25.51048952,25.91006279,6042100,yfinance
2022-12-23,25.83902364,26.26523393,25.83902364,26.22971725,2448300,yfinance
2022-12-27,26.30075386,26.44282396,26.13204497,26.36290932,1967600,yfinance
2022-12-28,26.39842588,26.56713476,26.10540608,26.14092445,4268100,yfinance
2022-12-29,26.28299352,26.42506361,26.20307887,26.33626938,2104100,yfinance
2022-12-30,26.30963249,26.33627127,25.68807619,25.94557762,3812400,yfinance
2023-01-03,26.02549426,26.1231681,25.49273047,25.92782211,5784700,yfinance
2023-01-04,26.06100716,26.84239265,25.98109252,26.57601166,7792100,yfinance
2023-01-05,26.38954921,26.51386183,25.92782217,25.96333885,6309900,yfinance
2023-01-06,26.25635405,26.62928847,26.11428395,26.60264969,5201300,yfinance
2023-01-09,26.55825538,27.01110447,26.55825538,26.78911972,5623300,yfinance
2023-01-10,26.73584385,26.79799931,26.38954649,26.78911972,5476200,yfinance
2023-01-11,26.726964,28.18318341,26.70920481,27.34852028,12511000,yfinance
2023-01-12,27.38403832,27.53498801,27.21532944,27.27748489,6368000,yfinance
2023-01-13,27.03774328,27.25972803,26.85127521,27.17981339,3854500,yfinance
2023-01-17,27.21532802,27.3751573,27.08213751,27.16205215,4143000,yfinance
2023-01-18,27.19757068,27.19757068,26.34515005,26.38066673,3986600,yfinance
2023-01-19,26.31851472,26.32739431,25.88342476,25.88342476,3885600,yfinance
2023-01-20,25.89230032,26.05212961,25.57264175,26.03437042,4067400,yfinance
2023-01-23,25.95445578,26.30963103,25.776869,26.03437042,2911400,yfinance
2023-01-24,25.91006118,26.24747727,25.62592096,26.18532181,3332600,yfinance
2023-01-25,25.92781949,26.20308011,25.80350688,26.19420052,3500200,yfinance
2023-01-26,26.14980315,26.38066579,25.98109427,26.3540287,4778800,yfinance
2023-01-27,26.30963516,26.49610326,26.16756504,26.30963516,3075400,yfinance
2023-01-30,26.18531984,26.43394336,26.12316438,26.14980316,3087100,yfinance
2023-01-31,26.20308248,26.41618765,25.87454427,26.28299713,17865800,yfinance
2023-02-01,26.15868363,26.37179049,25.68807701,26.29187584,7074300,yfinance
2023-02-02,26.37178941,26.67368881,26.05213083,26.0965271,4922200,yfinance
2023-02-03,25.89230134,25.91006052,25.1908304,25.44833183,4688500,yfinance
2023-02-06,25.38617717,25.64367861,25.24410706,25.60816193,3562700,yfinance
2023-02-07,25.48385156,25.67031795,25.22634842,25.52824783,3406800,yfinance
2023-02-08,25.43945592,25.4749743,25.11979898,25.19083405,3033400,yfinance
2023-02-09,25.25298709,25.35953883,24.84453425,24.91556931,3481000,yfinance
2023-02-10,24.95996606,25.46609102,24.88005141,25.44833183,2840900,yfinance
2023-02-13,25.43057419,25.62592186,25.37729832,25.5815239,3086900,yfinance
2023-02-14,25.52824801,25.68807731,25.26186697,25.34178162,2960900,yfinance
2023-02-15,25.2352287,25.5637669,25.17307323,25.46609306,3877900,yfinance
2023-02-16,25.32401916,25.44833007,24.97772182,25.26186371,5584300,yfinance
2023-02-17,25.2441078,25.87454372,25.14643396,25.5815239,7645300,yfinance
2023-02-21,25.04875689,25.33289878,24.67582416,24.70246124,13507900,yfinance
2023-02-22,24.87117246,25.02212216,24.51599719,24.60478973,9842500,yfinance
2023-02-23,24.60478769,24.79125575,24.34728627,24.73797989,7867800,yfinance
2023-02-24,24.64918778,24.69358405,24.33840878,24.58703232,5296300,yfinance
2023-02-27,24.59591309,25.00436425,24.42720419,24.46272087,5525700,yfinance
2023-02-28,24.44495944,24.57814994,24.02762706,24.03650665,5261600,yfinance
2023-03-01,23.80564166,23.96547093,23.60141611,23.69021034,6145700,yfinance
2023-03-02,23.69021229,24.13418178,23.60141805,24.08090591,5263900,yfinance
2023-03-03,24.27625383,24.34728888,23.92107854,24.3206501,4726100,yfinance
2023-03-06,24.32064955,24.47159925,24.28513286,24.40056419,5766000,yfinance
2023-03-07,24.41832269,24.46271896,23.78788681,23.86779976,3996000,yfinance
2023-03-08,23.91220023,24.09866663,23.76125052,23.9743557,7130900,yfinance
2023-03-09,24.03706501,24.20728697,23.70558031,23.81308937,5180700,yfinance
2023-03-10,23.86684223,23.92059761,23.3024244,23.5174408,6167400,yfinance
2023-03-13,23.31138793,24.55669209,23.26659177,23.9743557,8740300,yfinance
2023-03-14,24.19832885,24.36855082,23.9116403,24.18041039,5399600,yfinance
2023-03-15,24.02811112,24.7089974,23.95643897,24.40439034,9166400,yfinance
2023-03-16,24.27000142,24.44918262,23.93851671,24.36855125,9987700,yfinance
2023-03-17,24.20729131,24.35959484,23.87580656,24.03706932,10608400,yfinance
2023-03-20,24.14458008,24.55669453,24.07290793,24.43126869,6249300,yfinance
2023-03-21,24.52981355,24.52981355,23.66974783,23.99227333,5933400,yfinance
2023-03-22,23.92060107,24.0818621,23.50848496,23.52640343,4027200,yfinance
2023-03-23,23.5801591,23.70558493,23.10533176,23.21283913,4820300,yfinance
2023-03-24,23.21283728,24.00123256,23.19491882,23.99227333,5873800,yfinance
2023-03-27,24.07290427,24.34167438,24.07290427,24.15353394,6388900,yfinance
2023-03-28,24.20728945,24.55669093,24.05498594,24.27000237,4867500,yfinance
2023-03-29,24.44022228,24.82545895,24.43126305,24.66419792,7405400,yfinance
2023-03-30,24.76274884,24.88817637,24.61044532,24.68211746,4242000,yfinance
2023-03-31,24.7269128,24.9060923,24.61044451,24.89713478,4419700,yfinance
2023-04-03,24.78962528,24.90609187,24.4670998,24.70899391,6059600,yfinance
2023-04-04,24.69107669,24.70003593,24.47606026,24.68211746,4549400,yfinance
2023-04-05,24.77170602,25.43467372,24.71795234,25.42571449,5286300,yfinance
2023-04-06,25.54218297,25.6407328,25.3092481,25.57801819,4524900,yfinance
2023-04-10,25.47947185,25.67656982,25.24653695,25.65865135,4155900,yfinance
2023-04-11,25.6855265,25.91846137,25.56905992,25.82887077,7556800,yfinance
2023-04-12,25.97221871,25.97221871,25.60489875,25.67657089,4931400,yfinance
2023-04-13,25.56009998,25.85574775,25.38091879,25.76615715,5796100,yfinance
2023-04-14,25.60489505,25.72136163,25.4077971,25.59593582,3860000,yfinance
2023-04-17,25.68552553,25.84678826,25.48842759,25.73031998,3684300,yfinance
2023-04-18,25.63177627,25.72136517,25.39884137,25.5242672,4336500,yfinance
2023-04-19,25.59593596,25.83783006,25.52426382,25.71240425,3213300,yfinance
2023-04-20,25.75719922,25.75719922,25.47051067,25.62281418,3864300,yfinance
2023-04-21,25.80199547,25.89158608,25.5153069,25.70344734,2440000,yfinance
2023-04-24,25.7751184,25.7751184,25.52426506,25.6855278,3972000,yfinance
2023-04-25,25.65864887,25.82887083,25.59593596,25.71240425,3760300,yfinance
2023-04-26,25.51530929,25.69449052,25.25549839,25.38092422,3007300,yfinance
2023-04-27,25.39883872,25.78407711,25.39883872,25.77511787,4373000,yfinance
2023-04-28,25.73927921,25.87366424,25.60489417,25.73031998,3968800,yfinance
2023-05-01,25.73032172,26.01701198,25.65864958,25.77511787,5339700,yfinance
2023-05-02,25.75719783,25.80199227,25.24653366,25.5332222,4532100,yfinance
2023-05-03,25.65865226,25.82887425,25.47947275,25.5242672,4270300,yfinance
2023-05-04,25.72136177,25.85574852,25.38987878,25.71240425,5248900,yfinance
2023-05-05,25.64073365,25.82887238,25.43467475,25.75720024,5717300,yfinance
2023-05-08,25.69448673,25.91846238,25.56906092,25.61385536,4194200,yfinance
2023-05-09,25.52426322,25.68552595,25.41675587,25.56905937,5482100,yfinance
2023-05-10,25.74823869,25.90950142,25.55114075,25.76615715,4855700,yfinance
2023-05-11,25.71240434,25.73928032,25.31820673,25.43467331,4208700,yfinance
2023-05-12,25.57801509,25.67656491,25.24653213,25.48842621,5434700,yfinance
2023-05-15,25.51530611,25.57801902,25.01360112,25.21069908,5341000,yfinance
2023-05-16,25.22861778,25.28237146,24.7000351,24.7000351,4863900,yfinance
2023-05-17,24.78962636,24.82546158,24.53877301,24.72691345,5414000,yfinance
2023-05-18,24.48501872,24.52981317,24.25208384,24.38646889,6442300,yfinance
2023-05-19,24.51189774,24.6731605,24.24312592,24.24312592,4385100,yfinance
2023-05-22,24.29688084,24.44022513,24.06394595,24.21624947,4581900,yfinance
2023-05-23,24.18041206,24.41334696,23.9564364,23.99227333,4542600,yfinance
2023-05-24,23.99227297,24.09978033,23.63391055,23.68766594,4958700,yfinance
2023-05-25,23.58015898,23.6159959,23.23075747,23.29347038,4913300,yfinance
2023-05-26,23.28450883,23.30242729,23.04261471,23.30242729,6114700,yfinance
2023-05-30,23.32034796,23.61599578,23.29347026,23.37410164,5754500,yfinance
2023-05-31,23.36513956,23.69662427,23.22179528,23.47264862,8913500,yfinance
2023-06-01,23.55328052,23.55328052,23.23971427,23.38305855,8393200,yfinance
2023-06-02,23.31138706,23.81309206,23.24867415,23.75933838,6290800,yfinance
2023-06-05,23.75934104,23.96539826,23.70558564,23.85788918,3939100,yfinance
2023-06-06,23.98331668,24.04602959,23.75038176,23.82205391,5706300,yfinance
2023-06-07,23.89372708,24.26104708,23.68766985,24.18937492,4412600,yfinance
2023-06-08,24.13513371,24.27976358,23.98146425,24.26168442,4193300,yfinance
2023-06-09,24.27072532,24.32496109,24.11705585,24.24360657,3949000,yfinance
2023-06-12,24.27072789,24.37015986,24.06282263,24.23456955,3864900,yfinance
2023-06-13,24.06282035,24.33400095,23.99050541,24.31592178,3881300,yfinance
2023-06-14,24.4063168,24.59614288,24.25264733,24.27976608,4011700,yfinance
2023-06-15,24.37919925,24.46959337,24.20745233,24.41535759,4539500,yfinance
2023-06-16,24.37919866,24.64134142,24.37919866,24.39727783,8313100,yfinance
2023-06-20,24.32496365,24.37015985,24.08090005,24.13513756,4522700,yfinance
2023-06-21,24.02666267,24.36112036,23.76452165,24.30688286,3977300,yfinance
2023-06-22,24.37015641,24.40631474,23.99050428,24.15321159,3744200,yfinance
2023-06-23,24.18937013,24.19840971,23.76452008,23.84587288,5277000,yfinance
2023-06-26,23.96338522,24.06281891,23.69220291,23.98146439,5035100,yfinance
2023-06-27,23.99050275,24.10801387,23.93626526,24.07185555,3630800,yfinance
2023-06-28,24.06282038,24.06282038,23.61085156,23.6831665,3998800,yfinance
2023-06-29,23.55661537,23.77356021,23.42102507,23.66508865,5390100,yfinance
2023-06-30,23.65604709,23.92722768,23.6470075,23.9181881,4617700,yfinance
2023-07-03,23.83683448,24.12609423,23.7735574,24.10801506,2550000,yfinance
2023-07-05,23.98146469,24.38823557,23.93626678,24.15321159,4316500,yfinance
2023-07-06,23.97242456,24.06281866,23.8187551,24.00858116,3526600,yfinance
2023-07-07,23.89107282,23.92722943,23.6650884,23.69220543,4833600,yfinance
2023-07-10,23.62892991,23.80971813,23.33063055,23.46622086,4977500,yfinance
2023-07-11,23.44814319,23.77355957,23.42102444,23.77355957,4405300,yfinance
2023-07-12,23.93626892,24.1803325,23.82779737,24.12609673,4335600,yfinance
2023-07-13,24.07185976,24.27072716,24.02666357,24.27072716,3952800,yfinance
2023-07-14,24.16225617,24.27976905,23.9995471,24.18937492,4227200,yfinance
2023-07-17,24.15321293,24.25264662,23.88203233,23.90915108,4928600,yfinance
2023-07-18,23.93626922,24.16225364,23.55661533,23.79163933,4745800,yfinance
2023-07-19,23.83683679,24.40631676,23.81875762,24.40631676,7577800,yfinance
2023-07-20,24.50574868,24.78596885,24.27072469,24.7588501,6648100,yfinance
2023-07-21,24.85828037,25.25601334,24.77692586,25.21081543,6530700,yfinance
2023-07-24,25.24697604,25.24697604,24.89444095,25.1294632,5753900,yfinance
2023-07-25,25.129465,25.34641154,25.05715006,25.28313446,4268300,yfinance
2023-07-26,25.23793789,25.56335598,25.1927417,25.3644886,3992100,yfinance
2023-07-27,25.28313666,25.38257036,24.81309037,24.84924698,5730900,yfinance
2023-07-28,25.01195419,25.05715038,24.70461526,24.82212639,3600400,yfinance
2023-07-31,24.93060078,24.94867995,24.72269553,24.88540459,4124200,yfinance
2023-08-01,24.85828794,24.97579909,24.64134309,24.70461845,8866400,yfinance
2023-08-02,24.55094897,24.78597299,24.4876736,24.70461845,4649600,yfinance
2023-08-03,24.67749376,24.73173125,24.06281769,24.07185555,5704300,yfinance
2023-08-04,24.08089633,24.2797637,23.47525809,23.57469177,6182200,yfinance
2023-08-07,23.62892939,23.78259886,23.59277278,23.60181236,4788500,yfinance
2023-08-08,23.58373576,23.64701113,23.28543638,23.59277534,4882600,yfinance
2023-08-09,23.60180983,23.97242409,23.58373067,23.71028137,4409700,yfinance
2023-08-10,23.81875978,23.99954629,23.48430206,23.59277534,4916500,yfinance
2023-08-11,23.67412824,23.70124526,23.54757579,23.66508865,2709100,yfinance
2023-08-14,23.59277508,23.63797127,23.39390767,23.52046013,4513100,yfinance
2023-08-15,23.3306289,23.37582681,23.02328998,23.03232956,4008300,yfinance
2023-08-16,23.09560363,23.14080154,22.90577757,22.92385674,5334600,yfinance
2023-08-17,22.91481798,23.13176279,22.72499019,22.73402977,5741000,yfinance
2023-08-18,22.69787437,22.94193622,22.66171604,22.86962128,4634700,yfinance
2023-08-21,22.77923052,23.00521495,22.51708777,22.79730797,3761100,yfinance
2023-08-22,22.77922889,22.93289836,22.70691395,22.86962128,3328100,yfinance
2023-08-23,22.96001577,22.9961741,22.67979558,22.78826714,3320700,yfinance
2023-08-24,22.81538426,23.14080234,22.6255582,22.63459778,3586400,yfinance
2023-08-25,22.6526767,22.93289861,22.6526767,22.8425045,3950400,yfinance
2023-08-28,22.8425045,23.03233058,22.76114998,22.8425045,3606500,yfinance
2023-08-29,22.8425045,22.99617397,22.73403123,22.8425045,3593200,yfinance
2023-08-30,22.82442415,22.96905403,22.70691302,22.80634499,3045500,yfinance
2023-08-31,22.88770352,22.91482228,22.51708918,22.52612877,4397400,yfinance
2023-09-01,22.7069126,22.71595046,22.17358929,22.38149452,6259100,yfinance
2023-09-05,22.3272622,22.37245839,21.85721417,21.95664787,6810600,yfinance
2023-09-06,22.06511945,22.15551356,21.87529336,22.05607986,5339800,yfinance
2023-09-07,22.22040212,22.57643923,22.11998069,22.38472748,5386100,yfinance
2023-09-08,22.42124322,22.63121547,22.36646868,22.59469795,5274700,yfinance
2023-09-11,22.56731143,22.94160732,22.56731143,22.850317,5022400,yfinance
2023-09-12,22.85031551,22.9963821,22.71337655,22.88683128,4858500,yfinance
2023-09-13,22.94160962,23.19722707,22.8411899,23.16071129,5037100,yfinance
2023-09-14,23.28851625,23.48022801,23.24286935,23.44371223,3772700,yfinance
2023-09-15,23.37067865,23.54413339,23.34329051,23.42545319,7311700,yfinance
2023-09-18,23.45284243,23.48935821,23.18809561,23.43458366,3880800,yfinance
2023-09-19,23.48023069,23.61716967,23.27938952,23.28851891,3484300,yfinance
2023-09-20,23.39806614,23.64455419,23.25199953,23.43458366,3257100,yfinance
2023-09-21,23.35242151,23.44371357,23.05115891,23.05115891,4871400,yfinance
2023-09-22,22.96899466,23.20635332,22.83205744,22.94160652,3309500,yfinance
2023-09-25,22.79554315,22.87770584,22.65860591,22.82293129,3179700,yfinance
2023-09-26,22.70425246,22.74076824,22.05608032,22.15650177,4767500,yfinance
2023-09-27,22.07433402,22.22040061,21.85523415,21.85523415,4435800,yfinance
2023-09-28,21.98304249,21.98304249,21.30748409,21.34399986,8641000,yfinance
2023-09-29,21.53571563,21.73655677,21.27096882,21.50832748,6497700,yfinance
2023-10-02,21.40790963,21.40790963,20.40370033,20.58628273,11611500,yfinance
2023-10-03,20.44021665,21.06100066,20.26676363,20.97883797,9309200,yfinance
2023-10-04,20.67757358,21.088387,20.54063635,20.91493225,7780700,yfinance
2023-10-05,20.88754561,21.0975179,20.6593163,20.96057892,6374500,yfinance
2023-10-06,20.70495797,21.52658292,20.4128248,21.3987751,9265200,yfinance
2023-10-09,21.39877795,21.69091115,21.30748589,21.68178177,5399500,yfinance
2023-10-10,21.70003909,21.87349208,21.64526281,21.78220177,6897000,yfinance
2023-10-11,21.8643647,22.06520583,21.7182981,22.01043129,4608300,yfinance
2023-10-12,21.94653115,21.95565879,21.35313356,21.59049225,6906000,yfinance
2023-10-13,21.78220299,21.88262269,21.52658557,21.80958939,4728700,yfinance
2023-10-16,21.88262161,22.15649777,21.6726511,22.0743351,4375000,yfinance
2023-10-17,21.90088158,22.13824024,21.84610704,22.10172272,3690300,yfinance
2023-10-18,22.06520716,22.12911108,21.70004066,21.9739151,5020500,yfinance
2023-10-19,21.94653231,22.18388927,21.74568939,21.74568939,5111300,yfinance
2023-10-20,21.75481617,21.9374003,21.68178287,21.69091225,6929800,yfinance
2023-10-23,21.43529573,21.85523855,21.32574664,21.61787987,7318600,yfinance
2023-10-24,21.80046025,22.12911097,21.72742695,22.03781891,8334200,yfinance
2023-10-25,22.01956293,22.30256676,21.90088272,22.25691986,7413600,yfinance
2023-10-26,22.32082621,22.69512212,22.29343806,22.58557129,8125200,yfinance
2023-10-27,22.50340486,22.60382629,22.03781696,22.16562653,7560300,yfinance
2023-10-30,22.18388575,22.46689132,22.00130337,22.26604843,4142100,yfinance
2023-10-31,22.3025682,22.47602296,22.12911344,22.43037605,5437400,yfinance
2023-11-01,22.49428072,22.78641396,22.238665,22.54905701,13290300,yfinance
2023-11-02,22.70425,23.30677517,22.62208732,22.89596176,10167800,yfinance
2023-11-03,23.30677791,23.3889406,23.06028983,23.16071129,6263900,yfinance
2023-11-06,23.13331647,23.21547914,22.941603,22.95986176,7230300,yfinance
2023-11-07,23.02376783,23.78148892,22.95073453,23.67193985,17500200,yfinance
2023-11-08,23.48935792,23.73584597,23.09680326,23.41632462,9414600,yfinance
2023-11-09,23.4163239,23.45284142,23.00551224,23.00551224,5901600,yfinance
2023-11-10,23.19722377,23.21548253,23.01463965,23.13331985,3831600,yfinance
2023-11-13,23.12419045,23.16070797,22.75902395,22.77728271,3894800,yfinance
2023-11-14,23.17896424,23.58977762,23.17896424,23.49848557,6503800,yfinance
2023-11-15,23.41632548,23.71758808,23.41632548,23.55326271,7560400,yfinance
2023-11-16,23.72671838,23.95494768,23.64455569,23.75410652,7931200,yfinance
2023-11-17,23.89104364,23.94581818,23.73584764,23.81801033,5279800,yfinance
2023-11-20,23.73584482,23.93668596,23.57151947,23.8910408,5152900,yfinance
2023-11-21,23.9549464,24.02797971,23.78149165,24.01885033,7679500,yfinance
2023-11-22,24.11927189,24.13753065,23.82713867,23.95494652,4851700,yfinance
2023-11-24,23.86365434,24.02797971,23.80887979,24.01885033,1951200,yfinance
2023-11-27,24.01885044,24.06449735,23.84539743,23.95494652,6601300,yfinance
2023-11-28,23.97320614,24.21969421,23.87278469,24.09188461,6452900,yfinance
2023-11-29,24.06449576,24.10101154,23.69932752,23.76323318,5782900,yfinance
2023-11-30,23.73584332,23.92755507,23.64455127,23.84539413,7320800,yfinance
2023-12-01,23.82713593,24.20143179,23.73584388,24.17404366,5803200,yfinance
2023-12-04,23.99146179,24.30185374,23.95494427,24.06449509,4178600,yfinance
2023-12-05,24.06449852,24.06449852,23.61716929,23.75410652,7373500,yfinance
2023-12-06,23.872784,24.0736269,23.75410554,24.03710938,6802600,yfinance
2023-12-07,24.09238778,24.17530628,23.95419088,24.03710938,3732600,yfinance
2023-12-08,24.02789671,24.04632343,23.73307617,24.00946999,4743100,yfinance
2023-12-11,23.87127398,24.29507984,23.85284726,24.25822639,6871200,yfinance
2023-12-12,24.32271709,24.32271709,24.03710991,24.11081505,4539000,yfinance
2023-12-13,24.10159976,25.16111163,23.99104294,25.12425995,9514100,yfinance
2023-12-14,25.32695189,25.51121561,24.89393442,24.91236115,9426500,yfinance
2023-12-15,24.6636027,24.8017996,24.38720715,24.78337288,19912500,yfinance
2023-12-18,24.79258761,24.8755061,24.64517734,24.70966911,7730300,yfinance
2023-12-19,24.82022615,24.90314464,24.62674909,24.76494598,8630900,yfinance
2023-12-20,24.71888255,24.78337432,24.31350344,24.33193016,6088000,yfinance
2023-12-21,24.47012689,24.55304539,24.13845467,24.31350327,3340100,yfinance
2023-12-22,24.40563522,24.86629274,24.37799514,24.70966911,7840900,yfinance
2023-12-26,24.64517841,24.99527737,24.64517841,24.85708046,3862800,yfinance
2023-12-27,24.8755077,24.93999947,24.77416247,24.91236115,4851800,yfinance
2023-12-28,24.91235894,25.10583425,24.86629213,25.01370239,5019700,yfinance
2023-12-29,24.93078648,25.06898339,24.82022965,24.96763992,3459800,yfinance
2024-01-02,24.87550796,25.39144393,24.84786787,25.34537888,6433900,yfinance
2024-01-03,25.33616554,25.53885424,25.25324704,25.48357582,6852200,yfinance
2024-01-04,25.56649221,25.7323292,25.40065522,25.44672203,5214400,yfinance
2024-01-05,25.34537858,25.66783921,25.32695185,25.56649399,5119400,yfinance
2024-01-08,25.58491852,25.79682055,25.45593322,25.78760719,5669100,yfinance
2024-01-09,25.61255663,25.75996689,25.54806486,25.63098335,3671100,yfinance
2024-01-10,25.61255813,25.6217715,25.39144273,25.43750954,3171100,yfinance
2024-01-11,25.33616119,25.37301463,24.77415851,24.89393044,4087500,yfinance
2024-01-12,25.11504619,25.14268627,24.86629073,24.94920921,4199400,yfinance
2024-01-16,24.8110152,24.94921211,24.67281829,24.70045662,3982600,yfinance
2024-01-17,24.46091508,24.7280973,24.08317603,24.25822639,4709700,yfinance
2024-01-18,24.14766317,24.15687653,23.67779411,23.88969612,7381300,yfinance
2024-01-19,23.92655026,24.05553555,23.71464823,23.9634037,5337100,yfinance
2024-01-22,23.96340034,24.17530234,23.72385826,23.77913666,5589200,yfinance
2024-01-23,23.82520761,23.82520761,23.50274699,23.69622231,7038400,yfinance
2024-01-24,23.86206133,23.88048805,23.40140377,23.43825722,4336300,yfinance
2024-01-25,23.76071568,23.84363242,23.53038692,23.79756737,2991300,yfinance
2024-01-26,23.8252021,23.89890722,23.74228363,23.85284042,2671500,yfinance
2024-01-29,23.85284599,24.02789634,23.73307581,23.95419121,3174100,yfinance
2024-01-30,23.88969771,24.11081309,23.76071417,23.9726162,4237900,yfinance
2024-01-31,24.15688131,24.44249026,23.99104607,24.13845634,6314200,yfinance
2024-02-01,24.07396238,24.48855487,23.96340555,24.47934151,5334100,yfinance
2024-02-02,24.21215937,24.39642132,23.77914019,24.00025558,4400300,yfinance
2024-02-05,23.76071527,23.93576386,23.53959812,23.60409164,5610600,yfinance
2024-02-06,23.58566443,23.76071477,23.48431921,23.66858292,5876800,yfinance
2024-02-07,23.81599405,23.8620591,23.6409437,23.65937042,4842900,yfinance
2024-02-08,23.50274662,23.64094353,23.35533636,23.64094353,3780400,yfinance
2024-02-09,23.58566378,23.85284421,23.52117202,23.83441925,5478800,yfinance
2024-02-12,23.85284607,24.24901182,23.75150261,24.2305851,4485400,yfinance
2024-02-13,24.09238744,24.23058434,23.58566488,24.00025558,9522900,yfinance
2024-02-14,24.09238744,24.12002752,23.91733709,24.00025558,7129600,yfinance
2024-02-15,24.10159885,24.49776456,24.10159885,24.37799263,9455700,yfinance
2024-02-16,24.33193074,24.70045641,24.05553692,24.54383278,9228400,yfinance
2024-02-20,24.48855501,24.64517864,24.3503581,24.35957146,6267300,yfinance
2024-02-21,24.5161933,24.79258711,24.40563473,24.77416039,4404600,yfinance
2024-02-22,24.61753467,24.76494492,24.40563265,24.73730659,5406600,yfinance
2024-02-23,24.76495118,24.85708305,24.64518098,24.69124603,4238600,yfinance
2024-02-26,24.51619436,24.57147277,24.09238852,24.14766693,3196900,yfinance
2024-02-27,24.2582252,24.37799538,24.14766662,24.35035706,3953600,yfinance
2024-02-28,24.30428795,24.37799307,24.13845273,24.17530441,4078100,yfinance
2024-02-29,24.27665156,24.47934023,24.08317448,24.29507828,6782600,yfinance
2024-03-01,24.2582241,24.2582241,23.83442004,24.08317375,7430200,yfinance
2024-03-04,23.94497903,24.67281879,23.91733894,24.63596535,5565800,yfinance
2024-03-05,24.75573747,25.11504979,24.55304702,24.65439224,6271400,yfinance
2024-03-06,24.8478634,24.99527365,24.67281483,24.73730659,3963200,yfinance
2024-03-07,24.96800928,25.14475798,24.85637806,25.00521851,5992200,yfinance
2024-03-08,25.34941351,25.37732176,25.05173261,25.28429604,6247800,yfinance
2024-03-11,25.21918177,25.48895445,25.16336526,25.34941673,4479000,yfinance
2024-03-12,25.20987684,25.38662554,25.03312813,25.04243088,3819800,yfinance
2024-03-13,25.14475869,25.34941387,24.99591823,25.07963943,3840000,yfinance
2024-03-14,24.98661648,25.07033946,24.55869883,24.72614479,4174000,yfinance
2024-03-15,24.54009334,24.94010274,24.54009334,24.78195953,7256700,yfinance
2024-03-18,24.76335479,25.04243019,24.59590883,25.02382469,6338100,yfinance
2024-03-19,25.09824318,25.36801759,24.97731099,25.13545418,4796300,yfinance
2024-03-20,25.11685053,25.34011121,25.0238248,25.1633625,4737400,yfinance
2024-03-21,25.17266462,25.3959253,25.08894165,25.1168499,5024900,yfinance
2024-03-22,25.27499381,25.37732228,25.14475885,25.19127083,4445700,yfinance
2024-03-25,25.28429587,25.37732159,25.07033794,25.17266464,3983500,yfinance
2024-03-26,25.1540612,25.21917867,24.74474907,24.74474907,4398100,yfinance
2024-03-27,24.91219324,25.51685776,24.884285,25.50755501,4879700,yfinance
2024-03-28,25.49825684,25.66570281,25.37732462,25.60988808,5297200,yfinance
2024-04-01,25.59128059,25.65639807,25.30290243,25.58197784,4648600,yfinance
2024-04-02,25.55407081,25.77733151,25.47965058,25.56337357,4407400,yfinance
2024-04-03,25.58198026,25.6564005,25.37732506,25.37732506,4082300,yfinance
2024-04-04,25.56337476,25.60988851,25.19127358,25.37732506,4002500,yfinance
2024-04-05,25.26569177,25.36802025,25.05173383,25.3215065,4564800,yfinance
2024-04-08,25.3773225,25.66570066,25.321506,25.47034645,3054800,yfinance
2024-04-09,25.59128257,25.64709731,25.43313936,25.60988808,3513300,yfinance
2024-04-10,25.17266583,25.24708606,24.91219592,25.04243088,4940800,yfinance
2024-04-11,25.1819684,25.1819684,24.80056451,24.87498474,4101800,yfinance
2024-04-12,24.97731436,25.07034009,24.67963344,24.77265739,3918100,yfinance
2024-04-15,24.94010262,24.99591913,24.43776652,24.58660698,3365900,yfinance
2024-04-16,24.50288556,24.54009479,24.12148164,24.19590187,3857200,yfinance
2024-04-17,24.37264965,24.68893607,24.30753039,24.57730484,3555300,yfinance
2024-04-18,24.70754066,24.82847465,24.52149096,24.76335716,3252200,yfinance
2024-04-19,24.89358801,25.2098744,24.81916779,25.13545418,4891500,yfinance
2024-04-22,25.0889433,25.57267568,24.97731384,25.46104622,5098100,yfinance
2024-04-23,25.48895123,25.63779168,25.33080803,25.34011078,4282400,yfinance
2024-04-24,25.11685155,25.49825545,24.92149911,25.46104622,4327500,yfinance
2024-04-25,25.42383377,25.535465,25.14475837,25.39592552,4272500,yfinance
2024-04-26,25.38662309,25.42383231,25.13545418,25.13545418,3467300,yfinance
2024-04-29,25.25639063,25.6284918,25.2191814,25.60988808,3715100,yfinance
2024-04-30,25.45174342,25.71221334,25.21917998,25.54476738,6302900,yfinance
2024-05-01,25.76802848,26.26106181,25.55406878,26.04710388,7368400,yfinance
2024-05-02,26.03780234,26.14943357,25.66570119,25.97268486,7045000,yfinance
2024-05-03,26.1401297,26.22385268,25.87965802,26.13082695,3810300,yfinance
2024-05-06,26.22385268,26.2424564,26.00989297,26.13082695,5003200,yfinance
2024-05-07,26.32618217,26.4192079,26.18664445,26.37269592,4697100,yfinance
2024-05-08,26.3540893,26.55874449,26.26106357,26.53083801,7237000,yfinance
2024-05-09,26.5308383,26.93084771,26.52153555,26.8936367,4037300,yfinance
2024-05-10,26.97735858,27.27503949,26.84712362,27.10759354,6997300,yfinance
2024-05-13,27.07968713,27.3308543,27.04247613,27.13550186,4840600,yfinance
2024-05-14,27.26573559,27.31224934,26.88433171,27.15410614,5055400,yfinance
2024-05-15,27.39597704,27.53551476,27.3215568,27.50760651,5490600,yfinance
2024-05-16,27.47969568,27.61923338,27.3773672,27.54481316,3434000,yfinance
2024-05-17,27.58202361,27.59132636,27.39597392,27.52620888,4971500,yfinance
2024-05-20,27.62853613,27.62853613,27.3959727,27.54481316,5339100,yfinance
2024-05-21,27.61923419,27.80528387,27.52620846,27.7587719,7718100,yfinance
2024-05-22,27.63783955,27.79598277,27.4052761,27.45178986,6230200,yfinance
2024-05-23,27.30294752,27.31225027,26.74479492,26.77270317,3577300,yfinance
2024-05-24,26.84712584,26.84712584,26.59595688,26.67967987,3089300,yfinance
2024-05-28,26.67037635,26.87503155,26.48432488,26.57735062,4451600,yfinance
2024-05-29,26.39129811,26.40059908,26.17733841,26.22385216,4912100,yfinance
2024-05-30,26.30757854,26.58665398,26.19594731,26.56804848,3365800,yfinance
2024-05-31,26.61455977,27.30294731,26.60525702,27.28434181,5646800,yfinance
2024-06-03,27.25643416,27.34015714,27.09829095,27.21922493,4894900,yfinance
2024-06-04,27.16340832,27.41457546,27.06107984,27.27503777,4566000,yfinance
2024-06-05,27.20062045,27.27504069,26.86572852,26.92154503,4560400,yfinance
2024-06-06,26.80061086,27.11689728,26.66107315,26.69828415,4306800,yfinance
2024-06-07,26.40990326,26.68898045,26.33548303,26.42850876,4182700,yfinance
2024-06-10,26.38907975,26.60499851,26.20132323,26.43601799,3980000,yfinance
2024-06-11,26.24826245,26.68948977,26.15438597,26.61438751,4245900,yfinance
2024-06-12,26.88663161,26.90540762,26.25764957,26.40785408,3895100,yfinance
2024-06-13,26.40785408,26.52989636,26.20132333,26.40785408,3483900,yfinance
2024-06-14,26.27642398,26.37969024,26.10744347,26.36091423,2721300,yfinance
2024-06-17,26.15438432,26.4078533,26.06050606,26.20132256,3861600,yfinance
2024-06-18,26.11683173,26.37030249,26.10744373,26.32336426,3389200,yfinance
2024-06-20,26.25764997,26.47357052,26.1637735,26.33275223,3113200,yfinance
2024-06-21,26.44540694,26.57683544,26.21071217,26.24826241,6352900,yfinance
2024-06-24,26.27642734,26.59561238,26.17316106,26.44540787,5666600,yfinance
2024-06-25,26.37030358,26.41724181,26.06989457,26.09805679,3150900,yfinance
2024-06-26,25.9760188,26.11683531,25.81642627,26.00418282,4745500,yfinance
2024-06-27,26.03234475,26.07928478,25.89152823,26.05112076,3286400,yfinance
2024-06-28,26.1074494,26.14500143,25.83520436,25.95724487,7195000,yfinance
2024-07-01,26.08867287,26.18254935,25.67560955,25.68499756,3414600,yfinance
2024-07-02,25.74132156,25.86336205,25.61928108,25.74132156,3467000,yfinance
2024-07-03,25.83520123,26.15438626,25.71315894,25.84458923,2935200,yfinance
2024-07-05,25.85397779,25.91030404,25.63805723,25.7319355,5873000,yfinance
2024-07-08,25.70377152,25.78826178,25.57234302,25.72254753,4215400,yfinance
2024-07-09,25.65683324,25.91030404,25.58173099,25.7319355,5303100,yfinance
2024-07-10,25.78826233,25.98540688,25.61928358,25.98540688,5942000,yfinance
2024-07-11,26.15438655,26.67071434,26.0886723,26.49234581,4781000,yfinance
2024-07-12,26.52989871,26.7645935,26.48295868,26.69887924,6501800,yfinance
2024-07-15,26.51112308,26.59561335,26.22010205,26.25765228,4392800,yfinance
2024-07-16,26.37968928,26.66132225,26.26703502,26.55805779,3485100,yfinance
2024-07-17,26.65193589,27.14948942,26.57683364,26.95234489,3640000,yfinance
2024-07-18,26.76459202,27.33724784,26.76459202,26.96173477,3801100,yfinance
2024-07-19,27.09316758,27.09316758,26.7458185,26.86786079,4314300,yfinance
2024-07-22,26.9241832,27.29030646,26.86785696,27.22459221,3707500,yfinance
2024-07-23,27.23398139,27.28091962,26.98989861,27.00867462,3350500,yfinance
2024-07-24,27.22459517,27.49684198,27.1307169,27.3841877,4035400,yfinance
2024-07-25,27.50622981,27.9662332,27.32786305,27.43112755,4525300,yfinance
2024-07-26,27.52500479,27.73153735,27.45929053,27.63765907,4653400,yfinance
2024-07-29,27.64704407,27.95684109,27.55316581,27.83479881,3113000,yfinance
2024-07-30,27.76908675,28.25725233,27.76908675,28.13521004,5763300,yfinance
2024-07-31,28.1633734,28.21969964,27.79725012,27.9005146,6863500,yfinance
2024-08-01,28.04133564,28.49194923,27.92868135,28.4543972,5784700,yfinance
2024-08-02,28.63276217,29.53398924,28.19153665,28.76419067,11185600,yfinance
2024-08-05,29.07398875,29.25235729,28.14459764,28.21031189,8209100,yfinance
2024-08-06,28.24786303,28.71725258,28.22908702,28.37929153,8158600,yfinance
2024-08-07,28.48255839,29.06460044,28.33235388,28.63276291,8403000,yfinance
2024-08-08,28.47317225,28.82990755,28.38868198,28.64215279,4704300,yfinance
2024-08-09,28.66092685,28.68908908,28.13520926,28.65153885,4107500,yfinance
2024-08-12,28.72663764,28.9707204,28.57643315,28.94255638,6657800,yfinance
2024-08-13,29.00827591,29.14909243,28.89562342,29.02705193,7027700,yfinance
2024-08-14,28.95195085,29.34623819,28.8956246,29.14909363,5126400,yfinance
2024-08-15,28.96133544,29.23358044,28.87684517,29.08337593,4472300,yfinance
2024-08-16,29.15847728,29.31806979,29.01766077,29.26174355,3614400,yfinance
2024-08-19,29.28990647,29.4776612,29.26174246,29.45888519,2920600,yfinance
2024-08-20,29.47766454,29.62786906,29.42133829,29.5527668,3341300,yfinance
2024-08-21,29.53399042,29.69358294,29.48705218,29.61848068,3551700,yfinance
2024-08-22,29.58093045,29.78746121,29.56215444,29.61848068,5368800,yfinance
2024-08-23,29.74991178,29.87195228,29.6466455,29.84379005,4449600,yfinance
2024-08-26,29.90950364,30.05970816,29.87195161,29.95644188,4094200,yfinance
2024-08-27,29.93766484,30.0221551,29.7592981,29.78746033,3797300,yfinance
2024-08-28,29.87195239,30.15358542,29.80623814,29.81562614,4992900,yfinance
2024-08-29,29.79684826,29.82501228,29.38378496,29.80623627,4681900,yfinance
2024-08-30,29.82501337,29.9939939,29.62786883,29.95644188,3252200,yfinance
2024-09-03,29.93766492,30.34134022,29.89072668,30.14419746,4805400,yfinance
2024-09-04,30.23807716,30.43521994,30.06909662,30.23807716,4731300,yfinance
2024-09-05,30.46338428,30.54787455,30.116037,30.18175125,6375200,yfinance
2024-09-06,30.2944002,30.34133844,30.07848145,30.10664368,5450800,yfinance
2024-09-09,30.11603537,30.50093466,29.96582907,30.45399284,5824100,yfinance
2024-09-10,30.48995756,30.73599535,30.29123071,30.43317795,4727100,yfinance
2024-09-11,30.32908037,30.35747198,29.96948519,30.23445129,4274200,yfinance
2024-09-12,30.19659911,30.3763958,29.98841262,30.24391365,4367900,yfinance
2024-09-13,30.28176441,30.73599044,30.14928227,30.7170639,4205100,yfinance
2024-09-16,30.84008721,31.05773697,30.80223413,30.92525482,3220300,yfinance
2024-09-17,30.85901299,30.99149514,30.54673054,30.66028976,3541300,yfinance
2024-09-18,30.61297184,30.7454576,30.23445192,30.42371368,5321900,yfinance
2024-09-19,30.19659967,30.29122875,29.93163356,30.08304405,5627900,yfinance
2024-09-20,30.41424655,30.85901112,30.27230114,30.7170639,11579500,yfinance
2024-09-23,30.8306262,31.15236651,30.74545858,31.07666397,4593500,yfinance
2024-09-24,30.84955309,31.24700322,30.754924,30.82116508,4887800,yfinance
2024-09-25,30.95364307,31.0672023,30.7359933,30.98203468,5073900,yfinance
2024-09-26,30.82116034,31.19968387,30.7738458,30.84954834,2913500,yfinance
2024-09-27,30.89686933,31.21861328,30.85901626,31.11451912,3111300,yfinance
2024-09-30,31.20914311,31.36055179,31.01988136,31.30377579,4206700,yfinance
2024-10-01,31.31323473,31.59712552,31.16182606,31.44571686,3777300,yfinance
2024-10-02,31.14290385,31.40786815,31.11451585,31.28485107,4359500,yfinance
2024-10-03,31.33216944,31.37948398,30.90633132,30.99149895,6372600,yfinance
2024-10-04,30.70760747,30.8211631,30.34801045,30.80223656,4305700,yfinance
2024-10-07,30.66029105,30.70760559,30.13982209,30.15874863,3992200,yfinance
2024-10-08,30.37639626,30.48995549,30.25337738,30.3953228,3630700,yfinance
2024-10-09,30.45210073,30.51834181,30.10196703,30.1398201,6782000,yfinance
2024-10-10,30.22499232,30.28177013,29.73291312,29.78022766,6519300,yfinance
2024-10-11,29.87485542,30.02626411,29.70452019,30.00733757,4188800,yfinance
2024-10-14,30.02626627,30.44263929,29.99787826,30.35747528,3482000,yfinance
2024-10-15,30.58458718,30.94418421,30.5467341,30.60351372,3210100,yfinance
2024-10-16,30.64136562,30.91579141,30.60351255,30.86847687,2711500,yfinance
2024-10-17,30.88740172,30.88740172,30.5372698,30.63189888,2522300,yfinance
2024-10-18,30.72653151,30.95364274,30.53726974,30.9063282,3130900,yfinance
2024-10-21,30.89686978,31.26592827,30.87794324,30.97257233,4039400,yfinance
2024-10-22,30.87794028,30.97256936,30.61297237,30.92525482,2841100,yfinance
2024-10-23,30.94417799,31.36055094,30.91578638,31.35108948,2474400,yfinance
2024-10-24,31.28485326,31.37002088,30.98203586,31.10505295,2212600,yfinance
2024-10-25,31.35109312,31.4173342,30.67921367,30.68867874,3001000,yfinance
2024-10-28,30.91579453,31.05774178,30.81170397,30.95364761,2711000,yfinance
2024-10-29,30.64136418,30.74545833,30.38586134,30.3953228,3825300,yfinance
2024-10-30,30.52780545,30.59405014,30.39532329,30.50888252,4346000,yfinance
2024-10-31,30.67921315,31.13344283,30.61297208,30.81169891,7185600,yfinance
2024-11-01,30.05465253,31.30377688,29.78022317,29.86539078,5959100,yfinance
2024-11-04,30.33854485,30.73599128,30.13981982,30.33854485,15464500,yfinance
2024-11-05,30.24391645,30.85901634,30.17767537,30.8400898,4081100,yfinance
2024-11-06,30.80223656,31.13344558,30.60351331,30.80223656,7087100,yfinance
2024-11-07,30.85901658,31.00096021,30.37639886,30.60351372,6239900,yfinance
2024-11-08,30.68867779,31.39840669,30.67921272,31.28485107,6209900,yfinance
2024-11-11,31.22807062,31.77692935,31.22807062,31.66337013,4816600,yfinance
2024-11-12,31.68229423,31.77692691,31.41732996,31.45518303,4069600,yfinance
2024-11-13,31.5782056,31.79585538,31.41733544,31.69176483,3685400,yfinance
2024-11-14,31.73907457,31.74853603,31.38893907,31.42679214,3693500,yfinance
2024-11-15,31.50250831,31.93780794,31.39841414,31.89049339,4465800,yfinance
2024-11-18,31.8904866,32.22169198,31.83370699,32.17437744,4192000,yfinance
2024-11-19,32.04189755,32.32578842,31.89995032,32.30686188,8460000,yfinance
2024-11-20,32.26900828,32.47719659,31.96619088,32.42988205,4584500,yfinance
2024-11-21,32.50558425,33.01658995,32.35417555,32.97873688,4976200,yfinance
2024-11-22,33.05444199,33.12068307,32.58128937,32.60021591,11916300,yfinance
2024-11-25,32.64752748,32.88410376,32.25008105,32.55289841,5393700,yfinance
2024-11-26,32.60021794,32.97873789,32.52451179,32.96927643,6555800,yfinance
2024-11-27,33.06390215,33.25316391,33.00712615,33.12068176,2929500,yfinance
2024-11-29,33.07336608,33.26262784,32.9219574,33.05443954,2348400,yfinance
2024-12-02,33.0639004,33.10175348,32.39202462,32.59074783,4248700,yfinance
2024-12-03,32.76108544,32.81786505,32.41095352,32.41095352,3745400,yfinance
2024-12-04,32.38256391,32.51504606,32.05135494,32.19330215,2995100,yfinance
2024-12-05,32.17437676,32.50558214,32.08920915,32.25954437,2764100,yfinance
2024-12-06,32.19330078,32.30685639,31.75800129,31.79585075,3815800,yfinance
2024-12-09,31.72961137,31.79585245,31.35109147,31.37001801,3854200,yfinance
2024-12-10,31.34903712,31.49209777,30.90078745,31.39672279,4541700,yfinance
2024-12-11,31.56839346,31.59700777,31.15829015,31.21551514,4023900,yfinance
2024-12-12,31.36811085,31.39672152,30.79587555,30.79587555,4013200,yfinance
2024-12-13,30.82448622,31.0629182,30.6909649,30.79587555,2872600,yfinance
2024-12-16,30.85309645,31.26319974,30.80541078,30.82448578,4056300,yfinance
2024-12-17,30.67189017,30.97708281,30.63374018,30.76726151,4166300,yfinance
2024-12-18,30.67188613,30.80540744,30.10918657,30.12826157,4363500,yfinance
2024-12-19,30.08057926,30.7958752,30.06150427,30.53836823,5326900,yfinance
2024-12-20,30.39530857,30.95800635,30.37623357,30.92939568,10037100,yfinance
2024-12-23,30.78633654,30.96754718,30.62420454,30.91032219,3014800,yfinance
2024-12-24,30.91032474,31.11060675,30.82448907,31.09153175,964200,yfinance
2024-12-26,31.07245698,31.16782832,30.92939634,31.11060333,1636400,yfinance
2024-12-27,30.90078576,31.23458907,30.83402509,31.01523209,2271200,yfinance
2024-12-30,30.9103237,30.95800937,30.58605604,30.8912487,2513900,yfinance
2024-12-31,30.94847023,31.08199155,30.70049894,30.95800591,3592600,yfinance
2025-01-02,31.07245829,31.16782963,30.59559431,30.69096565,2820000,yfinance
2025-01-03,30.76726084,30.99615714,30.66235382,30.77680016,3134700,yfinance
2025-01-06,30.67188879,30.74818877,30.19502485,30.26178551,3867000,yfinance
2025-01-07,30.40484658,30.65281607,30.34762341,30.51929474,3498200,yfinance
2025-01-08,30.42391994,30.69096441,30.14733979,30.68142509,3624700,yfinance
2025-01-10,30.46206931,30.74818877,30.22363734,30.26178551,3820200,yfinance
2025-01-13,30.29993554,30.32854621,29.77538411,30.21409988,4824100,yfinance
2025-01-14,30.2236373,30.61466377,30.13780164,30.50021744,4254000,yfinance
2025-01-15,30.77680096,30.92939728,30.50975648,30.62420464,4313900,yfinance
2025-01-16,30.61466425,31.66376713,30.54790359,31.63515282,6654900,yfinance
2025-01-17,31.60653993,31.8258969,31.4825543,31.71145058,4793300,yfinance
2025-01-21,31.902201,32.22646865,31.83544034,32.01664734,4599400,yfinance
2025-01-22,32.00711267,32.01664835,31.12014535,31.14875603,6217600,yfinance
2025-01-23,31.21551447,31.50163212,31.09152882,31.22505379,2960500,yfinance
2025-01-24,31.12968141,31.4253384,31.12968141,31.35857773,2702800,yfinance
2025-01-27,31.58746596,31.97849424,30.74818806,31.95941925,5397400,yfinance
2025-01-28,31.93081032,31.99757098,31.14875372,31.32042503,4414900,yfinance
2025-01-29,31.32042579,31.58746845,31.14875447,31.21551514,3682200,yfinance
2025-01-30,31.62561722,31.94988486,31.50163158,31.92127419,4395800,yfinance
2025-01-31,31.98803241,32.06432875,31.8068218,32.04525375,4422900,yfinance
2025-02-03,31.83543358,32.28368315,31.72098363,32.2455368,5122500,yfinance
2025-02-04,32.14062614,32.37905808,31.80681924,32.0547905,3990400,yfinance
2025-02-05,32.38859478,32.41720909,32.09294149,32.35044479,3233100,yfinance
2025-02-06,32.42674752,32.58887952,32.14062989,32.53165817,2898200,yfinance
2025-02-07,32.3885971,32.68425404,32.30276144,32.5602684,3110500,yfinance
2025-02-10,32.50304591,32.65564222,32.150164,32.64610291,4823100,yfinance
2025-02-11,32.58888436,32.94176634,32.19785602,32.92269135,4178500,yfinance
2025-02-12,32.40767735,32.93222702,32.35045236,32.92269135,6925100,yfinance
2025-02-13,32.61749754,33.26603285,31.90220156,32.81777954,10472900,yfinance
2025-02-14,32.89407813,33.04667445,32.14063219,32.16924286,7404300,yfinance
2025-02-18,32.29322884,32.68425716,32.1501682,32.61749649,4573500,yfinance
2025-02-19,32.66517712,33.08481604,32.5507308,32.79869843,4760700,yfinance
2025-02-20,32.72240911,32.89408044,32.42675212,32.56981277,5031300,yfinance
2025-02-21,32.49351299,33.24695899,32.49351299,33.11343765,4496200,yfinance
2025-02-24,33.26602936,33.52353632,32.91314742,33.26602936,5803700,yfinance
2025-02-25,33.42816126,33.44723626,33.15157931,33.3614006,4635300,yfinance
2025-02-26,33.3137176,33.47584961,33.10389629,33.25649261,3073100,yfinance
2025-02-27,33.0562085,33.3900118,32.79870153,32.85592651,5263700,yfinance
2025-02-28,33.17065764,33.64752162,32.97991495,33.58076096,4565600,yfinance
2025-03-03,33.52353118,34.03854139,33.51399187,34.0194664,3407200,yfinance
2025-03-04,34.08624066,34.24837267,33.04667698,33.11343765,8644600,yfinance
2025-03-05,33.04667549,33.32325384,32.72240784,32.94176483,5309400,yfinance
2025-03-06,32.846388,32.865463,32.18831705,32.32183838,4846300,yfinance
2025-03-07,32.3123042,32.80824317,32.23600422,32.4935112,8132200,yfinance
2025-03-10,32.5060077,33.23669419,32.45793318,32.95787811,6780800,yfinance
2025-03-11,32.90980726,33.30399412,32.75597833,32.95787811,7892000,yfinance
2025-03-12,32.86173943,33.03479745,32.61176511,32.65983963,5036100,yfinance
2025-03-13,32.77520615,32.94826415,32.60214815,32.83289337,4855800,yfinance
2025-03-14,32.74636703,33.65972427,32.70790888,33.54435349,3955600,yfinance
2025-03-17,33.53474356,34.05391397,33.53474356,33.7943306,5407100,yfinance
2025-03-18,33.65011645,33.76548725,33.25592951,33.47705841,3643100,yfinance
2025-03-19,33.44821203,33.66934089,33.32322487,33.64049911,3823400,yfinance
2025-03-20,33.69818219,33.7847112,33.50589511,33.63088226,3041100,yfinance
2025-03-21,33.5347432,33.6597267,33.11171085,33.41936874,8732300,yfinance
2025-03-24,33.44821119,33.65972368,33.31361133,33.43859482,5036400,yfinance
2025-03-25,33.36168112,33.37129382,32.60214918,32.76559448,5316100,yfinance
2025-03-26,32.82327953,33.33283719,32.78482138,33.26553726,3559800,yfinance
2025-03-27,33.4097534,33.72702764,33.24631176,33.63088226,6714800,yfinance
2025-03-28,33.84239697,34.58269982,33.70779711,34.33272552,10031800,yfinance
2025-03-31,34.54423861,35.01533806,34.40963877,34.7172966,7952100,yfinance
2025-04-01,34.65000615,34.70768972,34.34234824,34.66923523,5188500,yfinance
2025-04-02,34.70768486,34.90958831,34.39041429,34.7365303,3650500,yfinance
2025-04-03,34.99611742,35.22685899,34.62115596,34.83267212,5113300,yfinance
2025-04-04,34.99611552,35.08264452,32.94826497,33.13093567,8277400,yfinance
2025-04-07,32.72714074,32.98672777,31.62149265,32.22719574,8720100,yfinance
2025-04-08,32.74636676,33.13093726,31.84261857,32.24642181,5888300,yfinance
2025-04-09,31.9099165,33.16939333,31.24652995,32.84250641,7180100,yfinance
2025-04-10,32.70791197,33.28476962,32.23680875,32.88097,6395700,yfinance
2025-04-11,32.92903571,33.52512234,32.44831986,33.40013885,4405200,yfinance
2025-04-14,33.61165287,34.17889775,33.49628209,34.08275604,5074800,yfinance
2025-04-15,34.20774376,34.34234362,33.96738582,34.0058403,2505100,yfinance
2025-04-16,34.11159861,34.32311477,33.79432803,33.91931152,3984800,yfinance
2025-04-17,34.11159715,34.75575831,33.88085559,34.34234238,5110900,yfinance
2025-04-21,34.19812892,34.26542885,33.43859691,33.94815826,13269500,yfinance
2025-04-22,34.24620111,34.90959143,34.17890118,34.81344604,8669300,yfinance
2025-04-23,34.61154373,35.24608855,34.4673275,34.84228897,8009200,yfinance
2025-04-24,34.66923508,35.20763459,34.50578976,34.85190582,9141900,yfinance
2025-04-25,34.7942135,34.93842973,34.48655563,34.54424286,5288900,yfinance
2025-04-28,34.52501573,35.11148972,34.46732851,35.05380249,5004400,yfinance
2025-04-29,34.84228723,35.15955779,34.76537093,34.98649979,7234200,yfinance
2025-04-30,35.27492533,35.2845417,34.53462253,35.09225464,8536800,yfinance
2025-05-01,35.05379889,35.20762782,34.6211539,34.68845749,5056000,yfinance
2025-05-02,34.80383171,34.94804428,34.50578654,34.77498627,5342300,yfinance
2025-05-05,34.80382849,34.97688649,34.45771249,34.88074112,3842500,yfinance
2025-05-06,34.84229173,35.00573338,34.67884641,34.72691727,3957100,yfinance
2025-05-07,34.65961436,35.16917569,34.65961436,34.92881775,4791600,yfinance
2025-05-08,34.7846037,34.83267456,34.16928792,34.24620056,4920000,yfinance
2025-05-09,34.35195807,34.36157444,33.85201309,34.14044189,4788100,yfinance
2025-05-12,33.8039392,33.8039392,33.08286541,33.23669434,6605900,yfinance
2025-05-13,33.21746864,33.2559268,32.44832392,32.48678207,7327600,yfinance
2025-05-14,32.38102469,32.44832462,31.84262154,32.22719574,5657900,yfinance
2025-05-15,32.48677659,33.17900489,32.40024759,33.09247589,6865600,yfinance
2025-05-16,33.15016548,33.56358141,33.00595292,33.51551056,4822700,yfinance
2025-05-19,33.39052972,33.7366458,33.31361708,33.66934586,6537400,yfinance
2025-05-20,33.56358256,33.73664057,33.40014092,33.54435349,9251400,yfinance
2025-05-21,33.42898338,33.6020414,33.11170914,33.28476715,4491700,yfinance
2025-05-22,33.17900723,33.25592352,32.68867866,33.05402374,7285100,yfinance
2025-05-23,33.26553622,33.41936515,32.80404944,33.33283615,5245800,yfinance
2025-05-27,33.63088086,33.65010993,33.30399393,33.50589371,4646300,yfinance
2025-05-28,33.39052688,33.41936866,32.72714024,32.86174011,3842400,yfinance
2025-05-29,32.71751813,33.13093404,32.68867636,33.09247589,4669700,yfinance
2025-05-30,33.09248145,33.49628472,32.90019802,33.40975571,5618300,yfinance
2025-06-02,33.15978391,33.41936726,33.04440946,33.38091278,4601200,yfinance
2025-06-03,33.44821538,33.44821538,32.89058314,33.16939926,3446800,yfinance
2025-06-04,33.11171029,33.27515561,32.83289785,32.85212326,3664100,yfinance
2025-06-05,32.89057863,32.90980771,32.6502207,32.78482056,3537900,yfinance
2025-06-06,32.82328023,32.91942561,32.55408051,32.72713852,3231900,yfinance
2025-06-09,32.59254141,32.91942838,32.41948338,32.61176682,5254300,yfinance
2025-06-10,32.65343852,32.76005468,32.50805588,32.68251801,3730100,yfinance
2025-06-11,32.72128416,32.89574629,32.64374749,32.74066925,3340000,yfinance
2025-06-12,32.88605688,33.33190292,32.79882582,33.32221222,4639400,yfinance
2025-06-13,33.3512914,33.3609821,32.76975336,32.84729004,4193500,yfinance
2025-06-16,32.97328721,33.15744003,32.51774679,32.62436295,3486900,yfinance
2025-06-17,32.56621244,32.62436772,32.26575271,32.42082977,2876100,yfinance
2025-06-18,32.52744658,32.62436835,32.26575334,32.55652237,4500000,yfinance
2025-06-20,32.60498247,33.03144716,32.53713648,32.73098373,6190400,yfinance
2025-06-23,32.90544478,33.32221506,32.64375156,33.24467468,4275900,yfinance
2025-06-24,33.24467508,33.5160627,33.1477533,33.157444,4949500,yfinance
2025-06-25,33.00236499,33.10898116,32.46928787,32.46928787,3772400,yfinance
2025-06-26,32.50806131,32.70190856,32.29482896,32.58559799,4750200,yfinance
2025-06-27,32.60497961,32.89574861,32.39174728,32.52744293,7825200,yfinance
2025-06-30,32.35298307,32.85698443,32.29482779,32.84729004,6646100,yfinance
2025-07-01,32.8666773,33.18652583,32.62436915,32.94421768,4755300,yfinance
2025-07-02,32.77944054,32.82790142,32.3529796,32.50805664,3583100,yfinance
2025-07-03,32.46928909,32.89575007,32.42082821,32.7697525,2411900,yfinance
2025-07-07,32.76974666,32.79882245,32.52743858,32.64374542,2797800,yfinance
2025-07-08,32.53713483,32.67282679,32.18821054,32.54682922,3952500,yfinance
2025-07-09,32.50805435,32.8375935,32.35297732,32.72128296,2845900,yfinance
2025-07-10,32.56620739,33.36097767,32.53713161,33.27375031,3155000,yfinance
2025-07-11,33.02175182,33.33190593,32.92483004,33.21559906,2934400,yfinance
2025-07-14,33.21559561,33.738982,33.03144278,33.69051743,8490000,yfinance
2025-07-15,33.63236834,34.7469835,32.88605888,34.26236725,24821800,yfinance
2025-07-16,34.20421782,34.50467755,33.65175556,34.07821655,14448300,yfinance
2025-07-17,34.08790153,34.66944319,33.9231338,34.51436615,6668100,yfinance
2025-07-18,34.59190752,35.12498837,34.59190752,34.87298584,7252700,yfinance
2025-07-21,35.10560107,35.42544586,34.82452276,35.08621597,5197000,yfinance
2025-07-22,35.2122209,35.68714279,35.12498982,35.67745209,6580700,yfinance
2025-07-23,35.76467947,35.85191054,35.24129306,35.36729431,3700700,yfinance
2025-07-24,35.48360078,35.67744801,35.20252248,35.45452499,5838200,yfinance
2025-07-25,35.52237222,35.5999089,35.33821568,35.44483185,3422700,yfinance
2025-07-28,35.42544539,35.44483048,34.57251979,34.61128998,5876600,yfinance
2025-07-29,34.66944572,35.18313774,34.59190535,35.08621597,4391000,yfinance
2025-07-30,35.10560305,35.36729627,34.64037188,34.9311409,7615700,yfinance
2025-07-31,34.39805637,34.85359304,34.22359426,34.59189987,7921200,yfinance
2025-08-01,34.71790894,34.93114128,34.40775482,34.56283188,5285100,yfinance
2025-08-04,34.63067811,35.15406457,34.62098742,35.0668335,6156700,yfinance
2025-08-05,35.06683267,35.17344884,34.47560024,34.67913818,6137800,yfinance
2025-08-06,34.74698137,35.31882866,34.60159872,35.03775406,5145800,yfinance
2025-08-07,35.08621645,35.39637054,34.96021519,35.25098419,4320700,yfinance
2025-08-08,35.36729355,35.44483022,35.10560034,35.2315979,3591900,yfinance
2025-08-11,35.28006407,35.34791005,34.96990997,35.16375351,29778900,yfinance
2025-08-12,35.27036833,35.77436965,35.01836952,35.76467896,11960500,yfinance
2025-08-13,35.61929743,36.10391372,35.61929743,36.09422302,5064300,yfinance
2025-08-14,36.05544718,36.16206334,35.89067574,35.93914032,9394600,yfinance
2025-08-15,35.93914514,35.93914514,35.25098721,35.42544937,9425500,yfinance
2025-08-18,35.47390531,35.51267549,35.08621456,35.12498474,3874500,yfinance
2025-08-19,35.16375535,35.60960513,35.13467956,35.59991074,6901500,yfinance
2025-08-20,35.76468062,36.22991178,35.73560113,35.94883347,8128100,yfinance
2025-08-21,35.8519108,35.91975678,35.5611381,35.59021759,4367100,yfinance
2025-08-22,35.79375475,35.89067651,35.51267645,35.76467896,3406700,yfinance
2025-08-25,35.64836616,35.76467671,35.25098103,35.38667297,5079300,yfinance
2025-08-26,35.39637375,35.50298992,35.13468051,35.39637375,4134700,yfinance
2025-08-27,35.43514599,35.72591503,35.33822051,35.49329758,3628100,yfinance
2025-08-28,35.44483322,35.47390901,35.21221948,35.43514252,4390500,yfinance
2025-08-29,35.49329067,35.55144594,35.28975274,35.34790802,6490500,yfinance
2025-09-02,35.21221873,35.43514176,35.05713798,35.29944611,4768700,yfinance
2025-09-03,35.08621336,35.30913636,34.87298105,35.10559845,5387900,yfinance
2025-09-04,35.29944708,35.5805254,35.16375512,35.37698746,7565700,yfinance
2025-09-05,35.49329285,35.59021831,34.76636848,34.85359955,4089000,yfinance
2025-09-08,34.8051337,34.85359458,34.41743928,34.55313492,4530900,yfinance
2025-09-09,34.49498431,34.8535993,34.38836815,34.63067627,3605600,yfinance
2025-09-10,34.5945375,35.03405103,34.47733514,34.95591736,4345400,yfinance
2025-09-11,34.88755184,35.19032495,34.69221206,35.14149094,3412200,yfinance
2025-09-12,35.06335598,35.40519778,35.04382164,35.31729507,2841600,yfinance
2025-09-15,35.28799255,35.3954296,35.05358411,35.1317215,2970000,yfinance
2025-09-16,35.17078863,35.17078863,34.65314142,34.66291046,5112600,yfinance
2025-09-17,34.82894341,35.0438175,34.66290705,34.78010941,4142500,yfinance
2025-09-18,34.55547277,34.93638325,34.38943267,34.75081253,3795300,yfinance
2025-09-19,34.87777638,34.99498246,34.54569994,34.85824203,6140500,yfinance
2025-09-22,34.90707976,35.02428212,34.69220568,34.85824203,4261400,yfinance
2025-09-23,34.83871056,35.47356383,34.78987656,35.46379852,3515400,yfinance
2025-09-24,35.44426702,35.7275095,35.34659527,35.6493721,4598700,yfinance
2025-09-25,35.70797461,35.90331065,35.25869203,35.31729507,3593500,yfinance
2025-09-26,35.47356683,35.87401168,35.3758988,35.86424637,3965700,yfinance
2025-09-29,35.93261218,36.21585464,35.61030102,36.21585464,4187700,yfinance
2025-09-30,36.21585742,36.44049685,36.04005199,36.29399109,6970600,yfinance
2025-10-01,36.25492139,36.34282409,35.64937146,35.73727417,5867200,yfinance
2025-10-02,35.55170441,35.79587819,35.43449831,35.55170441,5288100,yfinance
2025-10-03,35.62007188,36.04005107,35.59076849,35.8447113,6528800,yfinance
2025-10-06,35.81540476,36.35259,35.81540476,36.28422165,5146300,yfinance
2025-10-07,36.53816128,36.92884079,36.41118989,36.61629868,6031000,yfinance
2025-10-08,36.70420193,36.72373256,36.23538503,36.42095947,3351400,yfinance
2025-10-09,36.52839941,36.72373546,36.0205175,36.07911682,4281400,yfinance
2025-10-10,36.17678737,36.59676656,36.08888466,36.36235809,3324100,yfinance
2025-10-13,36.18655621,36.66513849,36.1474875,36.56746674,3560600,yfinance
2025-10-14,36.68466861,37.07534441,36.56746252,36.97767639,3969500,yfinance
2025-10-15,37.07534449,37.33905261,36.94837681,37.08511353,5522200,yfinance
2025-10-16,37.09487845,37.37812091,36.41119115,36.44049454,5112900,yfinance
2025-10-17,36.56746674,36.6749038,35.99121642,36.56746674,7605200,yfinance
2025-10-20,36.57723242,36.96790823,36.57723242,36.79210281,5964400,yfinance
2025-10-21,37.23161492,37.33905197,36.34282255,36.64559937,7778300,yfinance
2025-10-22,36.85070491,37.14371269,36.72373351,36.87023926,5745100,yfinance
2025-10-23,37.11441457,37.18278293,36.18655346,36.48933029,6242900,yfinance
2025-10-24,36.64560096,36.82140638,36.40142718,36.47956085,3200700,yfinance
2025-10-27,36.56746745,36.63583582,36.18655691,36.5870018,3603700,yfinance
2025-10-28,36.47955678,36.58699382,36.04004701,36.04981232,3457600,yfinance
2025-10-29,35.90331047,36.09865024,35.45403162,35.62983704,4331200,yfinance
2025-10-30,35.71774028,36.40142761,35.68844062,35.96191406,6010000,yfinance
2025-10-31,35.80564389,35.86424694,35.54193575,35.66890717,3599500,yfinance
2025-11-03,35.55170091,35.60053491,34.985216,35.56146622,4870000,yfinance
2025-11-04,35.66890142,35.70797012,35.26845663,35.40519333,9326800,yfinance
2025-11-05,35.91307558,36.13771498,35.18055433,35.52239609,7226300,yfinance
2025-11-06,35.66890645,36.12795435,35.63960679,35.6493721,4855800,yfinance
2025-11-07,35.71773951,35.88377961,35.50286539,35.72750854,4770500,yfinance
2025-11-10,35.6689032,36.04004836,35.4540291,35.98144531,3605800,yfinance
2025-11-11,36.08888308,36.16701675,35.86424367,36.00098038,4820500,yfinance
2025-11-12,36.10841815,36.16701747,35.91307839,36.02051544,4527000,yfinance
2025-11-13,35.88377849,35.97168119,35.34659322,35.69820404,6194800,yfinance
2025-11-14,35.71774194,35.9912154,35.50286781,35.90331268,4538300,yfinance
2025-11-17,36.05958519,36.1767913,35.86424913,35.94238281,5757500,yfinance
2025-11-18,36.05957809,36.13771548,35.62006831,35.63960266,6930100,yfinance
2025-11-19,35.4051953,35.52239766,34.67267402,34.72150803,12889400,yfinance
2025-11-20,34.68244283,34.84848294,34.30153232,34.71174622,21880600,yfinance
2025-11-21,34.86801857,35.32706277,34.73128185,35.27822876,8228000,yfinance
2025-11-24,35.25869185,35.68844008,34.96568407,35.62983704,7658200,yfinance
2025-11-25,35.64936892,35.81540529,35.25868941,35.56146622,8341700,yfinance
2025-11-26,35.69820586,35.93261433,35.60053784,35.85447693,5127100,yfinance
2025-11-28,35.8349417,36.07911548,35.82517639,36.04005051,1638100,yfinance
2025-12-01,35.76657265,35.88377874,34.94614863,34.96568298,5386900,yfinance
2025-12-02,35.01451563,35.10241833,34.32106305,34.39920044,7083700,yfinance
2025-12-03,34.54570713,34.55547617,33.78388609,33.99876022,10193300,yfinance
2025-12-04,33.92061893,34.09642434,33.24670068,33.36390305,9998500,yfinance
2025-12-05,33.30530088,33.49087533,32.99275875,33.07089615,9133800,yfinance
2025-12-08,33.05136425,33.30530336,32.96346154,33.13926697,7739900,yfinance
2025-12-09,33.36390176,33.44203915,33.01229095,33.01229095,7503500,yfinance
2025-12-10,33.10386352,33.26140704,32.66077118,32.74938965,6057300,yfinance
2025-12-11,32.79862464,33.12355651,32.74938924,32.94631958,6503900,yfinance
2025-12-12,33.21217864,33.52726572,33.02509686,33.46818924,5978000,yfinance
2025-12-15,33.6158826,33.80296812,33.42880083,33.73403931,6121100,yfinance
2025-12-16,33.69465303,33.74388467,33.35987259,33.45833588,6285900,yfinance
2025-12-17,33.35987562,33.9408181,33.34018221,33.81281281,8165900,yfinance
2025-12-18,33.90143134,34.30513687,33.83250628,34.2165184,10165300,yfinance
2025-12-19,34.20667267,34.35436761,33.75373174,33.76358032,13273000,yfinance
2025-12-22,33.64541809,34.20667087,33.55680338,34.14759064,4692600,yfinance
2025-12-23,34.20667537,34.30513867,34.05897666,34.27560043,4168900,yfinance
2025-12-24,34.41344639,34.46267804,34.16728441,34.4331398,2151700,yfinance
2025-12-26,34.42329385,34.58083738,34.34452396,34.54145432,2280800,yfinance
2025-12-29,34.58083517,34.84669057,34.55129693,34.67930222,4219300,yfinance
2025-12-30,34.69899445,34.85653797,34.63991422,34.78761292,3635800,yfinance
2025-12-31,34.78761451,34.85653956,34.48237228,34.48237228,3302100,yfinance
2026-01-02,34.46267964,34.80730493,34.23621105,34.57099152,4367500,yfinance
2026-01-05,34.41344771,34.50206618,33.86204349,34.2460556,6375400,yfinance
2026-01-06,34.26575164,34.58083872,34.20667516,34.35437012,4987800,yfinance
2026-01-07,34.56114145,34.56114145,33.80296584,33.91127396,4804800,yfinance
2026-01-08,33.7931196,34.40360032,33.7931196,34.1377449,4235900,yfinance
2026-01-09,34.32483064,34.492219,34.04913039,34.05897522,5559000,yfinance
2026-01-12,34.03928229,34.2854443,33.89158358,34.26575089,4886300,yfinance
2026-01-13,34.23621036,34.46267894,33.88173649,34.44298553,4810100,yfinance
2026-01-14,34.46267684,35.08300608,34.44298343,34.98453903,5692200,yfinance
2026-01-15,35.05346562,35.26024455,34.95500233,35.1617775,3407200,yfinance
2026-01-16,35.41778953,36.32366388,35.32917106,36.2645874,14281900,yfinance
2026-01-20,35.99873179,36.53043885,35.66395133,36.34335709,10434100,yfinance
2026-01-21,36.43197783,36.62890819,36.05781052,36.60921478,6438900,yfinance
2026-01-22,36.58951971,36.63875136,36.05780889,36.06765747,6211600,yfinance
2026-01-23,36.03811444,36.06765643,35.36855351,35.65410233,7805900,yfinance
2026-01-26,35.86087785,36.27443195,35.77226313,35.93965149,5119000,yfinance
2026-01-27,35.92980811,36.3532033,35.80180281,36.1562767,5832900,yfinance
2026-01-28,36.16611966,36.44181989,36.03811437,36.13658142,5360100,yfinance
2026-01-29,36.30396772,36.50089806,35.64425542,35.75256729,9384000,yfinance
2026-01-30,35.63440884,35.80180095,35.35870861,35.69348907,9364400,yfinance
2026-02-02,35.78210944,35.78210944,35.23070519,35.27009201,7745000,yfinance
2026-02-03,35.29963096,35.99873393,34.7777687,34.95500565,13508800,yfinance
2026-02-04,35.21100848,35.4177874,34.56114099,34.59068298,16997700,yfinance
2026-02-05,34.79745888,35.23070262,34.67930217,35.12239075,10029800,yfinance
2026-02-06,35.34886351,35.68364397,35.05346611,35.36855316,9732600,yfinance
2026-02-09,35.33901547,35.33901547,34.75807301,35.1322403,8768700,yfinance
2026-02-10,35.30947545,35.91995611,35.05346488,35.51625061,12552300,yfinance
2026-02-11,35.59502536,35.59502536,35.24055149,35.44732666,12726300,yfinance
2026-02-12,35.62456327,36.43197429,35.49655798,36.04796219,13416500,yfinance
2026-02-13,35.92980761,37.30831257,35.92980761,37.23938751,11521900,yfinance
2026-02-17,37.41662404,37.55447416,36.93414487,36.9932251,8856300,yfinance
2026-02-18,36.9932229,37.07199654,36.10703825,36.24489212,8909400,yfinance
2026-02-19,36.39258672,36.59936188,36.15627332,36.4024353,11997400,yfinance
2026-02-20,36.70767559,37.25907981,36.28427666,36.86521912,14518100,yfinance
2026-02-23,36.13658397,36.72737129,35.90026678,36.68798447,29350000,yfinance
2026-02-24,36.81598605,37.54462718,36.49105418,37.53477859,25234000,yfinance
2026-02-25,37.47570179,37.85971388,36.93414242,37.69232178,13639300,yfinance
2026-02-26,37.69232111,38.32249518,37.69232111,38.00740814,11179600,yfinance
2026-02-27,38.04679609,38.44065677,38.01725785,38.38157654,8689600,yfinance
2026-03-02,38.35204171,38.48989183,37.94833616,38.13541794,6058400,yfinance
2026-03-03,37.63324634,38.05664526,37.09168696,37.66278458,12017200,yfinance
2026-03-04,37.62339893,38.06649128,37.57416729,37.99756622,8289900,yfinance
2026-03-05,37.53477893,37.78094092,37.11138001,37.37723541,9070600,yfinance
2026-03-06,37.17046183,38.42096523,36.8652196,37.95817947,13228500,yfinance
2026-03-09,37.77109826,37.85971673,37.05230566,37.72186661,7338800,yfinance
2026-03-10,37.56809733,37.97482864,37.42921403,37.53833771,7557800,yfinance
2026-03-11,37.41929554,37.60777949,37.15144754,37.33993149,6763100,yfinance
2026-03-12,37.34985625,38.29227983,37.15144989,37.7665062,8034300,yfinance
2026-03-13,38.29227797,38.64940864,38.06411199,38.2029953,8011700,yfinance
2026-03-16,38.63949258,38.6494112,38.25260225,38.4311676,6157600,yfinance
2026-03-17,38.65933421,38.68909384,38.07403751,38.12363815,6689800,yfinance
2026-03-18,37.99467296,38.05419601,37.72682494,37.74666595,7249800,yfinance
2026-03-19,37.67722462,37.97483227,37.02248626,37.34985733,7999000,yfinance
2026-03-20,37.37961387,37.50857857,36.2387802,36.25862122,10368700,yfinance
2026-03-23,36.79431892,36.88360159,36.38758759,36.60583496,6804100,yfinance
2026-03-24,36.43718963,37.17129205,36.3975076,36.7645607,7888500,yfinance
2026-03-25,37.06216827,37.28041565,36.84392089,36.8637619,5705400,yfinance
2026-03-26,36.88359962,37.30024954,36.7248753,37.24073029,6593200,yfinance
2026-03-27,37.24073364,37.73674766,37.11176893,37.34985733,5280200,yfinance
2026-03-30,37.77642673,38.05419335,37.58793899,37.71690369,4100200,yfinance
2026-03-31,37.88554727,37.90538828,37.310173,37.89546967,6720500,yfinance
2026-04-01,37.806188,38.20299693,37.69706431,38.06411362,6350900,yfinance
2026-04-02,38.19307927,38.43116766,37.96491327,38.33196259,3963300,yfinance
2026-04-06,38.15339416,38.70893118,38.11371213,38.41132355,4257800,yfinance
2026-04-07,38.3617213,38.71885199,38.3617213,38.55020905,5248400,yfinance
2026-04-08,38.42124452,38.85773548,38.2823612,38.83789825,5331700,yfinance
2026-04-09,38.7386942,39.52239726,38.70893457,39.49263763,9164700,yfinance
2026-04-10,39.39343115,39.53231447,39.1950248,39.3339119,6038300,yfinance
2026-04-13,39.58191707,39.79024203,39.02638005,39.18510437,6675500,yfinance
2026-04-14,39.17518911,39.43311474,38.77837638,39.29423141,5589900,yfinance
2026-04-15,39.13550536,39.3041483,38.78829329,39.04622269,7608500,yfinance
2026-04-16,38.98670042,39.24462982,38.52044982,39.02638245,8343700,yfinance
2026-04-17,38.99662383,39.05614309,38.28236242,38.70893478,6552100,yfinance
2026-04-20,38.6890936,38.95694163,38.38156355,38.42124557,5643100,yfinance
2026-04-21,38.54028517,38.63949024,37.83594622,37.90538788,7481100,yfinance
2026-04-22,38.21291938,38.28236104,37.250651,37.47881699,9105700,yfinance
2026-04-23,37.7764294,38.2526024,37.71690635,38.23276138,9504400,yfinance
2026-04-24,38.23276084,38.59981015,38.04427309,38.44108582,6394100,yfinance
2026-04-27,38.49068686,38.81805793,38.4311676,38.4311676,7160000,yfinance
2026-04-28,38.7783738,38.85773407,38.50060718,38.67917252,5548200,yfinance
2026-04-29,38.51052716,38.77837517,38.24267914,38.35180283,6579400,yfinance
2026-04-30,38.51052491,39.1652632,36.83399902,37.14152527,27330300,yfinance
2026-05-01,37.29033239,37.91531109,37.20104972,37.30025101,11520900,yfinance
2026-05-04,37.20104959,37.91531095,37.07208489,37.49865723,10933100,yfinance
2026-05-05,37.49865947,37.51850049,37.03240886,37.05224609,5228300,yfinance
2026-05-06,37.05224532,37.18121002,36.56615371,36.58599472,9475600,yfinance
2026-05-07,36.58599518,36.70503749,36.17926384,36.47687149,7125700,yfinance
2026-05-08,36.47687059,36.62567252,35.41540092,35.62372589,12293800,yfinance
2026-05-11,35.5939649,36.03045585,35.53444186,35.95109558,7428600,yfinance
2026-05-12,35.86181243,36.30822199,35.77252976,36.060215,6640200,yfinance
2026-05-13,35.7824488,35.9114135,35.3856361,35.46500015,8681500,yfinance
2026-05-14,35.46500279,35.70309119,35.39556113,35.49476242,4935000,yfinance
2026-05-15,35.51460025,35.51460025,34.60193634,34.60193634,9560700,yfinance
2026-05-18,34.93922788,35.17731249,34.46305489,34.65153885,9955700,yfinance
2026-05-19,34.63169684,35.17731148,34.53249556,34.96898651,7750200,yfinance
2026-05-20,35.12771107,35.43524111,34.99874638,35.1574707,8645600,yfinance
2026-05-21,35.0681864,35.93125344,35.05826779,35.88164902,8705200,yfinance
2026-05-22,35.89157323,36.17926226,35.67332586,36.03045654,6548600,yfinance
2026-05-26,36.08005732,36.12965797,35.47491964,35.83205032,9170400,yfinance
2026-05-27,35.72292608,35.93125484,35.46500047,35.55428314,7703700,yfinance
2026-05-28,35.46500123,35.63364418,34.96898723,35.04835129,7390500,yfinance
2026-05-29,35.01858933,35.20707708,34.81026435,35.10787201,10931500,yfinance
2026-06-01,34.77058184,34.88962415,34.21504857,34.2448082,7337900,yfinance
2026-06-02,34.26464861,34.66145755,34.26464861,34.55233765,5047000,yfinance
2026-06-03,34.59201612,35.51460249,34.49281483,34.74082184,13837900,yfinance
2026-06-04,35.04835025,35.17731116,34.33408889,34.87970352,14931400,yfinance
2026-06-05,34.98882757,35.60388387,34.90946352,35.45508194,8899400,yfinance
2026-06-08,35.30627609,35.55428309,34.94914542,35.06818771,11919900,yfinance
2026-06-09,35.07810985,35.61380586,34.96898616,35.46500015,9940600,yfinance
2026-06-10,35.70000076,35.72000122,35.27000046,35.58000183,9323200,yfinance
2026-06-11,35.70999908,35.90999985,35.43000031,35.45999908,9168000,yfinance
2026-06-12,35.5,35.97999954,35.47000122,35.84999847,7127400,yfinance
2026-06-15,35.65000153,36.34999847,35.38000107,36.16999817,11139300,yfinance
2026-06-16,36.24000168,36.77000046,36.11999893,36.38000107,11166000,yfinance
2026-06-17,36.16999817,36.36000061,35.09000015,35.33000183,13098600,yfinance
2026-06-18,35.36999893,35.88000107,35.06000137,35.38000107,16555500,yfinance
2026-06-22,35.38000107,35.84000015,35.29000092,35.59000015,7311500,yfinance
2026-06-23,35.68000031,36.33000183,35.38000107,36.29000092,13416800,yfinance
2026-06-24,36.47999954,37.09000015,36.31999969,36.91999817,18673600,yfinance
2026-06-25,37.04000092,37.31999969,36.65999985,37.0,11753500,yfinance
2026-06-26,37.20000076,37.36000061,36.70999908,37.02000046,21061500,yfinance
2026-06-29,37.13000107,37.24000168,36.66999817,36.74000168,8869300,yfinance
2026-06-30,36.59000015,36.81999969,36.22999954,36.34999847,10192600,yfinance
2026-07-01,36.34000015,36.38000107,35.59999847,35.61999893,8595000,yfinance
2026-07-02,36.0,36.90000153,35.66999817,36.88999939,10498700,yfinance
2026-07-06,36.79999924,36.88999939,35.99000168,36.11000061,6232900,yfinance
2026-07-07,36.45000076,37.06999969,36.36999893,36.38999939,7869700,yfinance
2026-07-08,36.40000153,36.47999954,35.88000107,35.99000168,7652400,yfinance
2026-07-09,36.02999878,36.06000137,35.58000183,35.65999985,5407500,yfinance
2026-07-10,35.74000168,35.93999863,35.52000046,35.77999878,5884700,yfinance
2026-07-13,35.84000015,36.16999817,35.75,36.06999969,7051000,yfinance
2026-07-14,36.25999832,36.36999893,35.93000031,36.09999847,6750000,yfinance
2026-07-15,36.06000137,36.47000122,35.66999817,35.70999908,6163000,yfinance
2026-07-16,35.90000153,36.38000107,35.86000061,36.38000107,5626200,yfinance
2026-07-17,36.68999863,36.86000061,35.74000168,35.84999847,5208900,yfinance
2026-07-20,35.95999908,36.18000031,35.31999969,35.43000031,6465700,yfinance
2026-07-21,35.31999969,35.41999817,35.11000061,35.40999985,6988400,yfinance
2026-07-22,35.75999832,36.11999893,35.61000061,36.09999847,5081300,yfinance
2026-07-23,35.84000015,36.45999908,35.79000092,36.24000168,4593200,yfinance
2026-07-24,36.40999985,36.68000031,35.66999817,36.22000122,13418600,yfinance
2026-07-27,36.11000061,36.41999817,35.84999847,36.00999832,7994400,yfinance
2026-07-28,36.25999832,36.88999939,36.20000076,36.33000183,12140300,yfinance
2026-07-29,36.45000076,36.66999817,35.68000031,35.70000076,10178900,yfinance
2026-07-30,35.79999924,35.88999939,35.11999893,35.56000137,6703100,yfinance
2026-07-31,35.36999893,35.58000183,35.18999863,35.20999908,7552700,yfinance
2026-08-03,35.09999847,35.56000137,34.95999908,35.20000076,6078500,yfinance
2026-08-04,35.13000107,35.36000061,34.65999985,35.18000031,6585100,yfinance
2026-08-05,35.25,35.29000092,34.63000107,34.95000076,7298000,yfinance
2026-08-06,35.29999924,35.34000015,34.43000031,34.61999893,7094400,yfinance
2026-08-07,34.90000153,35.63000107,34.40999985,35.45999908,10945500,yfinance
