date,open,high,low,close,volume,source
2019-01-02,52.34944845,53.78974301,52.1080621,53.4598465,4549300,yfinance
2019-01-03,53.21041717,53.61273397,52.63108614,52.72763824,4562200,yfinance
2019-01-04,53.29892658,53.81389158,52.66326532,53.45180893,4825900,yfinance
2019-01-07,53.7575636,56.22778826,53.7575636,56.06686401,7630600,yfinance
2019-01-08,56.46918856,56.71058111,54.96452146,56.01054764,6756000,yfinance
2019-01-09,55.82547776,57.11289645,55.34269882,56.5576973,6025100,yfinance
2019-01-10,54.67486188,54.98062664,53.53228341,54.94844055,13913700,yfinance
2019-01-11,54.95647954,56.35654035,54.76336305,56.01054764,5025900,yfinance
2019-01-14,55.64041655,56.20365763,55.22200363,55.39097595,4568000,yfinance
2019-01-15,55.32660317,55.32660317,54.55415572,54.88405228,3770000,yfinance
2019-01-16,54.76335937,55.22200026,54.39322866,54.59438705,4888700,yfinance
2019-01-17,54.32083205,56.05079603,54.04725335,55.81745148,4133200,yfinance
2019-01-18,56.30020149,57.03241471,56.1875533,56.87149048,4484100,yfinance
2019-01-22,56.6301066,57.16116768,56.0507756,56.54964447,5763900,yfinance
2019-01-23,57.00023964,57.49106662,55.78524736,56.58183289,4446600,yfinance
2019-01-24,56.76690187,57.04852239,56.17951665,56.81517792,4057000,yfinance
2019-01-25,57.16921902,58.28765921,57.08070883,58.24742508,5544200,yfinance
2019-01-28,57.94971742,58.11064784,57.29796607,58.0301857,3511100,yfinance
2019-01-29,58.03017719,58.08650129,57.37037788,57.69222641,3320600,yfinance
2019-01-30,58.17500443,58.45662493,57.37841285,58.19914246,3789300,yfinance
2019-01-31,58.18306672,58.79459011,57.98995633,58.73826599,6699400,yfinance
2019-02-01,58.818713,58.818713,56.69448086,57.26576996,5916200,yfinance
2019-02-04,57.29795668,58.38421079,56.97610202,58.28765869,3622300,yfinance
2019-02-05,58.50490846,58.77848707,58.13477774,58.55318451,3526200,yfinance
2019-02-06,58.44054626,58.52905646,57.82902904,58.34399414,3399300,yfinance
2019-02-07,57.96581056,58.3681274,57.51521767,57.82097626,3711600,yfinance
2019-02-08,57.69222806,58.0784549,56.91978053,57.03242874,4146200,yfinance
2019-02-11,56.95195086,56.95999891,55.57602849,56.44503403,6661000,yfinance
2019-02-12,56.88760092,57.2738278,56.53356626,56.65426254,4505500,yfinance
2019-02-13,56.81516921,58.54513238,56.30020429,58.39225006,7186900,yfinance
2019-02-14,57.71637798,58.73021203,57.21750288,58.07846069,4624800,yfinance
2019-02-15,58.38421209,59.0440114,58.11063961,58.60950851,3835800,yfinance
2019-02-19,59.20209719,59.8352737,58.46338712,59.50245285,6868000,yfinance
2019-02-20,59.60798639,59.77033714,58.84492426,59.02351379,5005600,yfinance
2019-02-21,59.06408456,59.23455464,58.18737596,58.47149277,3985000,yfinance
2019-02-22,58.61761407,58.96667365,58.28479328,58.65008545,3144800,yfinance
2019-02-25,59.12091382,59.73785146,58.94232432,59.34008789,7782000,yfinance
2019-02-26,59.19397027,59.43750253,58.21173424,58.68255997,5370900,yfinance
2019-02-27,58.69882363,59.64859498,58.69071042,59.275177,5164400,yfinance
2019-02-28,59.35635204,59.35635204,58.66634576,58.96670151,5375600,yfinance
2019-03-01,59.7378441,60.44408259,58.41466803,59.21020126,6833800,yfinance
2019-03-04,59.62422354,60.04634542,58.81245735,58.99104691,7383800,yfinance
2019-03-05,62.09195058,62.14877393,60.16807003,61.69418716,17015100,yfinance
2019-03-06,62.35986573,62.8631629,61.7997452,62.4248085,7874200,yfinance
2019-03-07,61.96209224,62.49785451,61.30455766,61.83220673,5617900,yfinance
2019-03-08,61.59680904,61.65363241,60.71198697,61.53998566,4581900,yfinance
2019-03-11,61.54810647,61.93775693,61.23963758,61.91339874,3435900,yfinance
2019-03-12,62.0514044,62.10010839,61.50751639,61.84034348,3646200,yfinance
2019-03-13,61.90528564,62.80634653,61.84034287,62.603405,3796600,yfinance
2019-03-14,62.2300002,62.34364697,61.73482232,62.09199524,3779500,yfinance
2019-03-15,62.28680766,62.4085676,61.75103912,62.22998428,5274100,yfinance
2019-03-18,62.44104979,63.32587811,62.44104979,63.22034454,3923500,yfinance
2019-03-19,63.58563475,63.9428076,63.32586987,63.69116211,4192300,yfinance
2019-03-20,63.66681875,63.68305135,62.83070062,62.94434738,4325300,yfinance
2019-03-21,63.48010375,64.88446176,63.48010375,64.52728271,5322000,yfinance
2019-03-22,64.25128964,64.60846253,63.5206989,63.57752228,3174500,yfinance
2019-03-25,63.56938491,64.35679881,63.35833024,63.7479744,2911400,yfinance
2019-03-26,64.25940532,64.96563784,64.17011056,64.64093018,3493600,yfinance
2019-03-27,64.68152688,65.46082164,64.57599951,64.79517365,3609400,yfinance
2019-03-28,65.01433328,66.20763024,64.83574997,65.20104218,5394100,yfinance
2019-03-29,65.54198798,65.56633997,64.8195167,65.15234375,3886600,yfinance
2019-04-01,65.4364763,65.4364763,64.37306452,64.91694641,4733900,yfinance
2019-04-02,64.61658408,65.15235271,64.42176194,64.50293732,2909200,yfinance
2019-04-03,64.73023188,64.82764605,64.2837642,64.38117218,3251700,yfinance
2019-04-04,64.27564048,66.20764158,64.25940789,66.06152344,4396200,yfinance
2019-04-05,65.80176131,66.22388317,65.42834962,65.70435333,4234600,yfinance
2019-04-08,65.68001199,66.75154322,65.6394212,66.50801086,4609000,yfinance
2019-04-09,65.89917407,66.06152482,65.24164549,65.47705841,4863800,yfinance
2019-04-10,65.69622036,66.08587075,65.13609985,65.55010223,2265400,yfinance
2019-04-11,65.50952111,65.81799619,65.05493408,65.30657959,2627800,yfinance
2019-04-12,65.75303331,66.15891623,65.29844642,65.53385925,3517200,yfinance
2019-04-15,65.62315746,66.67033629,65.50139752,66.54857635,3306200,yfinance
2019-04-16,66.88139891,66.93822228,66.28069381,66.54045868,2663600,yfinance
2019-04-17,66.88954298,67.70130926,66.80836759,67.11683655,3045000,yfinance
2019-04-18,67.18174827,67.76622072,66.92198343,67.58763123,3162700,yfinance
2019-04-22,67.50647377,67.90423743,66.50799871,66.58105469,3331200,yfinance
2019-04-23,66.27258791,66.77588515,65.17670485,66.69470978,6238500,yfinance
2019-04-24,66.29693101,67.65257881,66.29693101,67.27916718,2660000,yfinance
2019-04-25,67.20610893,67.20610893,66.28069617,66.35375214,3797000,yfinance
2019-04-26,62.603405,63.60999325,60.66328448,62.603405,12352800,yfinance
2019-04-29,63.6586903,63.70740047,62.48163203,63.15539932,9097000,yfinance
2019-04-30,63.36646512,63.4314079,62.51411436,62.84693527,5339800,yfinance
2019-05-01,63.15541177,63.35023392,61.38576123,61.42634583,5463200,yfinance
2019-05-02,61.75915878,62.50598202,61.48315512,62.03515625,4456300,yfinance
2019-05-03,61.66986362,62.5059816,61.14221448,61.64551163,5774300,yfinance
2019-05-06,60.882464,61.81599635,60.67952245,61.67799759,4008600,yfinance
2019-05-07,61.24774548,61.54810114,60.45221822,60.91492462,4437200,yfinance
2019-05-08,60.97986954,61.51563192,60.31422161,61.21528244,3997700,yfinance
2019-05-09,60.84187423,61.33705211,60.25740777,60.9717598,4549300,yfinance
2019-05-10,60.60644875,60.95550216,59.52679855,60.59020996,5200300,yfinance
2019-05-13,59.49434098,59.68916312,57.93575148,58.187397,6055200,yfinance
2019-05-14,58.13006571,58.78532548,57.36012908,58.36759949,8063100,yfinance
2019-05-15,58.10548103,58.33482221,57.54850692,57.99899673,5578900,yfinance
2019-05-16,58.55598333,58.9245728,57.83519572,57.97443771,4476200,yfinance
2019-05-17,57.45022751,58.63789012,57.40927104,58.06453705,3891200,yfinance
2019-05-20,58.49862751,59.23579995,58.23652245,59.03922272,5750100,yfinance
2019-05-21,58.36759545,59.75183528,57.91709931,58.94094849,7705900,yfinance
2019-05-22,63.07730019,64.86289336,62.90529429,63.52779007,20777800,yfinance
2019-05-23,63.73255753,65.19051767,62.92167078,65.03489685,11619600,yfinance
2019-05-24,65.19871433,66.88602203,65.1823355,66.81230164,7851700,yfinance
2019-05-28,66.98430771,67.36927601,66.09151423,66.15703583,6522700,yfinance
2019-05-29,65.55091626,65.68197195,64.81374363,65.23147583,5772200,yfinance
2019-05-30,65.53453915,66.17342003,65.44443993,65.84578705,3996900,yfinance
2019-05-31,65.35435402,66.00961387,65.04310606,65.89494324,4137000,yfinance
2019-06-03,66.0177918,68.60608545,65.98502788,67.94262695,7071800,yfinance
2019-06-04,68.27025681,70.40805424,68.18835014,70.31795502,7952700,yfinance
2019-06-05,70.75206661,71.59572353,69.7282175,70.02308655,6744500,yfinance
2019-06-06,70.01490667,70.47358911,69.37601951,70.19509888,4558400,yfinance
2019-06-07,70.65380053,71.61212206,70.48179458,71.13705444,5214100,yfinance
2019-06-10,71.53838366,72.06260016,71.38276284,71.71039581,3019500,yfinance
2019-06-11,72.07897887,72.60318912,71.77591728,71.95611572,4285000,yfinance
2019-06-12,72.00526228,72.39841684,71.74315092,72.29193878,3650900,yfinance
2019-06-13,72.45577176,73.02093861,72.05442456,72.32472229,3200300,yfinance
2019-06-14,72.3492707,72.67690365,71.48104246,71.90696716,4300800,yfinance
2019-06-17,71.63667789,71.7513485,70.67016403,71.37457275,4194500,yfinance
2019-06-18,71.67761049,71.75951715,70.6701405,70.82576752,4389100,yfinance
2019-06-19,70.88311675,71.05512264,70.13775166,70.5718689,4088200,yfinance
2019-06-20,70.98142058,71.00599196,70.01490668,70.61283112,3814800,yfinance
2019-06-21,70.73569375,72.57042976,70.48996744,71.7513504,7847600,yfinance
2019-06-24,71.63668033,72.0707914,70.80940843,71.03056335,3059000,yfinance
2019-06-25,71.37457516,71.46467439,70.08042827,70.19509888,5061300,yfinance
2019-06-26,70.48994866,70.93225215,70.05583772,70.10498047,2978100,yfinance
2019-06-27,70.12136537,70.59643277,69.8592603,70.3343277,2941600,yfinance
2019-06-28,70.27701552,71.36638638,70.23605905,70.94046783,5284100,yfinance
2019-07-01,71.71040094,72.76700782,70.44901796,71.21076202,4780700,yfinance
2019-07-02,71.18619313,71.30086375,70.63740519,71.2926712,2323600,yfinance
2019-07-03,71.66944494,72.06260579,71.60391709,71.99707794,1532900,yfinance
2019-07-05,71.8742226,72.71787344,71.62030997,72.60320282,2032000,yfinance
2019-07-08,72.52945659,73.23386511,72.03800413,72.82432556,4734400,yfinance
2019-07-09,72.46395042,73.22569446,71.91516876,71.91516876,3986900,yfinance
2019-07-10,71.95611358,72.07897672,70.17871304,70.31795502,5638400,yfinance
2019-07-11,70.76843223,71.44007681,70.4899421,70.82576752,5307700,yfinance
2019-07-12,71.30084573,72.7997559,71.03874064,71.69400024,4732000,yfinance
2019-07-15,71.71037867,72.25096763,70.80938665,71.09606934,3174200,yfinance
2019-07-16,71.60392838,72.75064093,71.34182319,72.33290863,5276900,yfinance
2019-07-17,72.11992912,72.17726441,71.43189931,71.96430206,3671100,yfinance
2019-07-18,71.67763101,72.5048966,71.2844702,72.48851776,3847300,yfinance
2019-07-19,72.76699685,73.01272313,72.07897329,72.08716583,3420400,yfinance
2019-07-22,72.28376007,72.60320055,71.161619,71.44010925,2850200,yfinance
2019-07-23,71.87422014,72.53767248,71.00599794,72.52129364,4304000,yfinance
2019-07-24,72.09536418,73.31579696,71.84964412,72.97177887,3204700,yfinance
2019-07-25,72.75063676,72.92264269,71.60392427,72.05442047,3603500,yfinance
2019-07-26,71.94792476,71.94792476,70.7438834,71.30904388,5315900,yfinance
2019-07-29,71.39094504,71.63666505,70.98140545,71.44828033,3328800,yfinance
2019-07-30,71.48106158,71.49744667,70.6210319,71.16162109,2733400,yfinance
2019-07-31,71.12065987,71.67763406,70.30158054,70.76845551,4470600,yfinance
2019-08-01,70.59645352,71.29266974,66.37000093,67.67234039,7100500,yfinance
2019-08-02,67.59861123,67.76243083,66.71400412,66.77133942,5134500,yfinance
2019-08-05,66.59114832,66.81229698,65.55091413,66.17341614,7255600,yfinance
2019-08-06,66.47646954,68.15557811,66.15702291,67.79518127,5546300,yfinance
2019-08-07,67.11534584,68.1883375,66.45188749,67.99176025,4762100,yfinance
2019-08-08,68.5815273,69.31050753,67.96721769,68.63886261,4464100,yfinance
2019-08-09,68.3931215,69.10572274,67.20545902,67.50032806,4966300,yfinance
2019-08-12,66.60752612,67.29555596,66.38637747,67.18907166,5194200,yfinance
2019-08-13,66.83687564,70.96503644,66.51743519,68.99924469,8412100,yfinance
2019-08-14,67.04985336,68.16380206,66.46830762,67.07442474,7011500,yfinance
2019-08-15,68.27848865,68.84365568,67.17273224,67.62322235,5389000,yfinance
2019-08-16,68.22930391,69.17943259,68.12281961,68.97466278,4861100,yfinance
2019-08-19,70.85035046,71.16159831,70.20327715,70.9158783,7353800,yfinance
2019-08-20,71.17175004,71.90632979,70.59398651,70.59398651,8797200,yfinance
2019-08-21,82.4298347,85.32688346,80.9936841,85.01324463,41449400,yfinance
2019-08-22,86.98586829,87.91853546,85.32687046,87.75346375,17105700,yfinance
2019-08-23,86.47412998,87.43981898,85.21956864,85.41765594,8989600,yfinance
2019-08-26,86.58968647,87.27473971,85.64875761,86.47412872,5583100,yfinance
2019-08-27,86.67222829,86.74650868,86.05319992,86.41635895,5319900,yfinance
2019-08-28,86.39158621,88.08359938,86.25127464,87.8194809,6641000,yfinance
2019-08-29,89.13182616,89.59403827,88.25693478,89.08230591,5196600,yfinance
2019-08-30,89.55276599,90.23782552,88.17439774,88.34772491,5309000,yfinance
2019-09-03,88.12488342,88.71090253,87.49760582,88.07536316,3992100,yfinance
2019-09-04,88.31472041,89.07406042,88.15789786,88.61185455,3963700,yfinance
2019-09-05,90.1635422,90.2956046,89.3216664,89.58578491,4144400,yfinance
2019-09-06,89.92417982,91.56667286,89.80037919,90.66701508,5274400,yfinance
2019-09-09,90.46068736,91.01368459,88.74391366,89.09882355,5005500,yfinance
2019-09-10,88.65313147,89.82515717,88.1826638,89.82515717,3949200,yfinance
2019-09-11,89.71785059,90.38640557,89.0493019,89.94070435,3704700,yfinance
2019-09-12,90.32036179,90.55972017,89.59403747,89.9159317,3185700,yfinance
2019-09-13,90.02323836,90.10577423,88.99977982,89.13183594,2508300,yfinance
2019-09-16,88.52106618,89.09057436,87.73696602,88.28170776,4642500,yfinance
2019-09-17,88.0093296,88.69438921,87.63791507,88.54582214,4325800,yfinance
2019-09-18,88.41376207,88.88422339,87.49759957,88.28995514,2950900,yfinance
2019-09-19,89.59402076,89.75083696,88.21564646,89.03276825,2938700,yfinance
2019-09-20,89.39594364,89.59403724,87.98455978,88.04233551,4199800,yfinance
2019-09-23,88.66136922,91.12923354,88.48804203,89.78387451,4945300,yfinance
2019-09-24,90.955913,90.955913,88.38075862,88.68614197,5397700,yfinance
2019-09-25,88.37250569,89.24739726,88.00109112,88.1496582,3934100,yfinance
2019-09-26,88.23217563,88.64486119,86.3998507,87.72869873,5166600,yfinance
2019-09-27,87.44805342,88.15787298,87.10139912,87.58837128,3188600,yfinance
2019-09-30,88.04233913,88.63660737,87.83599634,88.24043274,3639000,yfinance
2019-10-01,88.58707697,89.25562551,87.37378051,87.43981171,3557400,yfinance
2019-10-02,86.58141467,87.45630587,85.84683502,86.79601288,5637600,yfinance
2019-10-03,86.8538028,88.06709302,86.16048781,88.00106812,3512600,yfinance
2019-10-04,88.12488758,90.18831575,87.93505572,90.04800415,4116400,yfinance
2019-10-07,89.68484267,89.84165893,88.43027485,89.09882355,3755600,yfinance
2019-10-08,89.08230894,90.81558711,88.34772912,89.5692749,4339800,yfinance
2019-10-09,90.72480157,91.82254679,90.40290731,91.08796692,5832000,yfinance
2019-10-10,90.42764217,91.27777326,90.0397168,91.26126862,3647000,yfinance
2019-10-11,92.31774366,93.21740131,91.78950673,92.30123901,4563100,yfinance
2019-10-14,92.31776279,92.63140786,91.57492748,91.74000549,2356300,yfinance
2019-10-15,92.07838747,92.68916655,91.89680484,92.35076141,2706100,yfinance
2019-10-16,92.26823136,92.61488569,91.76475451,92.59838104,2315700,yfinance
2019-10-17,92.7799678,93.85294645,92.72218578,93.45677185,4100800,yfinance
2019-10-18,93.15138613,93.87771045,92.77171616,93.11011505,3887700,yfinance
2019-10-21,93.53105194,93.93548201,93.05233519,93.82818604,2886500,yfinance
2019-10-22,94.05103698,94.7773676,93.31645718,93.42375946,3509100,yfinance
2019-10-23,93.42377628,93.42377628,91.38510823,91.91334534,5157800,yfinance
2019-10-24,92.30125743,92.44156901,90.80733136,90.99716949,3840100,yfinance
2019-10-25,90.72478405,90.78255978,89.5775188,89.98194885,5659700,yfinance
2019-10-28,90.10577384,91.18701442,89.9819669,90.55973053,4448200,yfinance
2019-10-29,90.18005563,90.44417415,89.08231046,89.26389313,3004700,yfinance
2019-10-30,89.15658629,89.77561463,88.49629316,89.08230591,3567800,yfinance
2019-10-31,88.85120563,89.08230854,87.41506159,88.24043274,6467400,yfinance
2019-11-01,89.18959578,89.44546509,88.66961427,88.99150848,3104000,yfinance
2019-11-04,89.55274162,90.09748943,89.31338331,89.77558899,3195600,yfinance
2019-11-05,89.9406882,91.13747376,89.82513675,90.84033966,3292400,yfinance
2019-11-06,90.70003672,91.28604949,90.24608006,91.2117691,3234400,yfinance
2019-11-07,92.12792377,92.32601107,91.07144348,91.27778625,3494300,yfinance
2019-11-08,91.25303361,91.59969428,90.31211099,90.9146347,2805400,yfinance
2019-11-11,91.31080613,91.50064426,90.59273728,91.16223907,3082700,yfinance
2019-11-12,90.97242454,91.02194481,89.06581888,89.42897797,5429600,yfinance
2019-11-13,89.66006208,90.15528979,88.33121408,89.6187973,3653900,yfinance
2019-11-14,91.37684337,91.82254457,90.42766524,91.7069931,5968400,yfinance
2019-11-15,92.48284974,93.82820259,91.88858144,93.4402771,5340300,yfinance
2019-11-18,93.95200041,94.30691026,92.32601822,92.40855408,6898000,yfinance
2019-11-19,91.66962246,92.24250139,90.78953667,92.034935,7377500,yfinance
2019-11-20,101.55806755,105.60976058,98.27021719,104.97045898,32365500,yfinance
2019-11-21,105.09502212,106.24909081,104.37268876,105.98340607,10804300,yfinance
2019-11-22,106.23245899,106.23245899,104.84591725,105.46031189,7537100,yfinance
2019-11-25,105.6595902,105.85054772,103.84961114,103.94094086,8365300,yfinance
2019-11-26,103.99905602,106.14113615,103.78318522,105.35238647,7581400,yfinance
2019-11-27,105.56825788,105.56825788,104.41418936,104.53042603,3430400,yfinance
2019-11-29,104.613442,105.26104801,103.74166079,103.79148102,2660000,yfinance
2019-12-02,104.36437649,104.77950926,102.87820674,102.93632507,4194400,yfinance
2019-12-03,101.79053791,103.43446621,101.56636904,102.98612213,4237200,yfinance
2019-12-04,103.7914705,104.22320568,103.20198287,103.38463593,3935200,yfinance
2019-12-05,103.83300044,104.05717567,102.66232939,103.51750183,2614100,yfinance
2019-12-06,103.92433451,104.94556389,103.66695422,103.80809784,4305300,yfinance
2019-12-09,103.76656815,105.59314942,103.7001454,104.98705292,3508700,yfinance
2019-12-10,104.68818535,105.08671562,104.04888363,104.42250061,3573800,yfinance
2019-12-11,104.11528788,104.52211617,103.55901155,104.44739532,2816200,yfinance
2019-12-12,104.33117722,106.15775899,103.89113114,105.87546539,3677400,yfinance
2019-12-13,105.21124056,105.80072828,104.75459202,105.62637329,2970000,yfinance
2019-12-16,106.09963342,106.27398842,104.58024597,104.58024597,4488100,yfinance
2019-12-17,105.00369011,107.02954018,104.61346427,106.58950043,5617300,yfinance
2019-12-18,106.69742407,107.17068153,106.0664268,106.34041595,3940200,yfinance
2019-12-19,106.04150696,107.08763689,105.75091531,106.85516357,3292700,yfinance
2019-12-20,107.47786483,108.13378166,106.68911515,107.22878265,6224900,yfinance
2019-12-23,107.49447851,107.55259051,106.28228527,106.55627441,4051800,yfinance
2019-12-24,107.02122958,107.02122958,106.2324798,106.73064423,1643400,yfinance
2019-12-26,107.21219248,107.43635506,106.21587004,107.01292419,2197900,yfinance
2019-12-27,107.1042489,107.29520642,106.46494092,107.27861023,2233600,yfinance
2019-12-30,107.10425391,107.89300363,106.61440029,107.01292419,2546500,yfinance
2019-12-31,106.60608881,107.07934624,105.75092266,106.448349,4059800,yfinance
2020-01-02,106.88838349,107.02121634,103.99905681,104.67156982,5149800,yfinance
2020-01-03,103.50089044,104.2232173,102.89479389,103.58391571,5018500,yfinance
2020-01-06,102.92800528,103.49258602,102.30530621,102.60420227,4226900,yfinance
2020-01-07,102.1226655,103.30994552,102.1226655,102.78688049,3641600,yfinance
2020-01-08,102.9944315,103.9907475,102.40493746,102.45475769,5731600,yfinance
2020-01-09,102.53778839,103.70846578,101.84036842,102.53778839,5369700,yfinance
2020-01-10,103.54240451,104.36436554,102.9944326,103.55901337,4678000,yfinance
2020-01-13,103.44277945,103.51750664,102.06454197,102.84499359,3632800,yfinance
2020-01-14,102.62083283,104.33118437,102.48799362,103.99907684,3291900,yfinance
2020-01-15,97.54789584,99.13370605,95.94548311,97.1410675,26743400,yfinance
2020-01-16,97.25730215,97.4067502,96.16965635,96.57648468,9361600,yfinance
2020-01-17,96.71761636,97.79696393,96.45193168,97.07463074,7303800,yfinance
2020-01-21,96.85878503,96.85878503,94.5008275,94.68348694,8188000,yfinance
2020-01-22,94.76649979,95.54695136,94.45929929,94.56723785,5070600,yfinance
2020-01-23,94.2600544,95.95379702,93.90303993,95.92058563,4641500,yfinance
2020-01-24,96.31080093,96.31080093,94.35137378,94.91595459,4338900,yfinance
2020-01-27,93.77849031,96.48515775,93.46299168,96.12814331,6779200,yfinance
2020-01-28,96.43536651,96.69274686,95.83757417,95.8458786,3865100,yfinance
2020-01-29,96.12812264,96.37720478,94.85781765,94.87442017,5250600,yfinance
2020-01-30,94.45931789,95.23976961,93.72868642,95.20655823,4466400,yfinance
2020-01-31,94.16040949,94.47590809,91.63640172,91.94359589,6961900,yfinance
2020-02-03,92.27571896,94.16042543,92.15948228,93.41318512,5186000,yfinance
2020-02-04,94.35136038,95.31447129,93.98604157,94.02755737,3626000,yfinance
2020-02-05,94.65858468,96.22778619,94.52573914,95.92058563,3636700,yfinance
2020-02-06,96.30250335,96.62630642,95.28128023,95.59677887,4024800,yfinance
2020-02-07,95.49710919,96.02018037,95.03216266,95.98696899,2970800,yfinance
2020-02-10,95.97869544,97.34033042,95.97869544,97.12446594,3862000,yfinance
2020-02-11,97.19921147,97.25732982,95.58019579,96.88371277,3065100,yfinance
2020-02-12,96.85878529,98.59403731,96.70103281,98.06266785,3764800,yfinance
2020-02-13,97.83845476,98.38643287,97.48974487,98.2037735,2654900,yfinance
2020-02-14,98.22041049,98.35324968,96.55987951,96.8338623,3289100,yfinance
2020-02-18,97.65215937,98.42035565,97.15116623,98.38695526,3122500,yfinance
2020-02-19,98.27004624,98.63743777,97.73565276,98.01954651,2866700,yfinance
2020-02-20,97.66884833,98.77103564,97.33485083,98.74598694,2659300,yfinance
2020-02-21,98.38693963,99.2636759,97.52690037,97.70224762,3856500,yfinance
2020-02-24,95.58973871,96.85057009,94.45415084,95.00524139,5304900,yfinance
2020-02-25,95.34759977,96.14919016,93.21001903,93.28517151,5095900,yfinance
2020-02-26,93.66924547,94.11178946,92.09111375,92.40006256,4318300,yfinance
2020-02-27,90.4962966,91.33128737,88.12492589,88.19172668,6713400,yfinance
2020-02-28,85.34439258,87.00602217,84.11695532,86.00403595,9174100,yfinance
2020-03-02,86.32132485,91.38137216,85.96227864,91.06407166,9691100,yfinance
2020-03-03,93.51896579,93.6859614,86.80563927,88.37541962,10927400,yfinance
2020-03-04,89.34400963,90.23744947,87.39847966,90.02870178,6834800,yfinance
2020-03-05,88.20840695,90.5463832,87.88276113,88.48395538,5294900,yfinance
2020-03-06,86.97263452,88.86806061,85.79529457,88.46726227,5370800,yfinance
2020-03-09,83.29868213,89.91180759,83.29868213,86.86408997,7346600,yfinance
2020-03-10,88.70939523,91.50661233,87.50701315,90.45452881,7461000,yfinance
2020-03-11,88.53406082,90.16229647,86.35473464,88.15831757,6102500,yfinance
2020-03-12,82.86445555,84.77658456,77.16147527,77.33682251,10208800,yfinance
2020-03-13,80.70184867,87.7909176,77.26168485,84.35075378,9267200,yfinance
2020-03-16,77.31179657,83.44898416,76.11776582,78.31378937,6963700,yfinance
2020-03-17,79.42432354,88.91816442,79.37421976,86.53009033,10586400,yfinance
2020-03-18,82.61398285,90.47124211,80.86884895,85.85374451,8845700,yfinance
2020-03-19,85.77022971,89.44418938,83.34040417,83.91654968,7414200,yfinance
2020-03-20,82.91457807,85.56984872,80.47640041,81.32809448,8057200,yfinance
2020-03-23,80.61836943,82.83109009,78.3304899,80.73526764,7104300,yfinance
2020-03-24,83.61596499,84.87680269,80.15910414,83.96665955,6498600,yfinance
2020-03-25,82.76426511,82.93961236,75.58334133,76.01753998,12563200,yfinance
2020-03-26,76.30979565,80.55154972,76.15949708,80.21755219,7014000,yfinance
2020-03-27,78.89825462,81.68712635,77.59567141,79.10700226,4902800,yfinance
2020-03-30,80.30940447,81.6370366,79.74161055,80.16745758,4485600,yfinance
2020-03-31,79.55791591,80.81040201,76.9527489,77.62908936,6388400,yfinance
2020-04-01,76.51853195,80.27598935,76.22628653,79.54954529,8581000,yfinance
2020-04-02,78.71456616,79.88355435,76.91934135,78.78971863,5929200,yfinance
2020-04-03,78.09668004,78.59767319,75.29111074,77.29508972,6815300,yfinance
2020-04-06,77.83781202,81.67876688,76.9276691,81.41992188,7107800,yfinance
2020-04-07,82.45532435,84.88515013,81.01913945,82.04618073,6599300,yfinance
2020-04-08,83.79130037,88.25015321,83.49905495,87.3650589,7542900,yfinance
2020-04-09,85.16903532,87.53206008,84.75154005,87.00601196,7069200,yfinance
2020-04-13,87.00601629,87.98296012,85.92888404,87.40681458,3235500,yfinance
2020-04-14,90.5881416,91.77383327,88.40881531,90.49629211,5032300,yfinance
2020-04-15,90.81358398,91.01397995,87.88276504,88.70940399,4225600,yfinance
2020-04-16,89.34400702,91.75712969,89.05176154,91.26448822,5950300,yfinance
2020-04-17,92.60045458,95.24737313,90.53802687,94.70462799,7617500,yfinance
2020-04-20,93.93646398,93.93646398,90.7801998,90.99729919,5329600,yfinance
2020-04-21,90.39609352,90.39609352,88.43386668,89.26050568,4519700,yfinance
2020-04-22,90.33763826,90.62153202,88.85970128,89.21039581,2954600,yfinance
2020-04-23,84.0835489,88.09150623,83.91655333,86.72212219,16508000,yfinance
2020-04-24,87.25653277,90.55474366,86.7221392,90.02870178,6088600,yfinance
2020-04-27,90.74680806,92.85098225,90.60486114,91.74879456,4340700,yfinance
2020-04-28,93.1097926,95.08871601,91.94080462,93.51893616,4904700,yfinance
2020-04-29,94.77144338,95.22233912,91.94082545,93.60245514,4929800,yfinance
2020-04-30,92.75076489,92.85095969,90.92213329,91.63187408,4769600,yfinance
2020-05-01,90.88871512,91.41476322,88.59249123,90.37102509,4590500,yfinance
2020-05-04,90.03705546,93.54401411,89.87005348,93.27681732,4578300,yfinance
2020-05-05,93.26846159,94.67124627,92.24142657,93.31856537,4201100,yfinance
2020-05-06,94.26209598,96.5416233,93.98654753,94.83824158,4913900,yfinance
2020-05-07,95.8235292,96.26607323,94.43744166,94.65454102,3689800,yfinance
2020-05-08,95.78178049,97.55196303,95.28913905,96.71697235,4266900,yfinance
2020-05-11,97.54360546,100.81676722,96.80046431,100.3491745,5996300,yfinance
2020-05-12,101.03387256,102.66210184,99.68953705,99.68953705,4897000,yfinance
2020-05-13,99.73962661,100.72491579,98.64579094,99.48078156,4677900,yfinance
2020-05-14,98.47881452,100.89193737,97.79412234,100.14879608,5635600,yfinance
2020-05-15,100.49113966,102.41162101,100.03189855,100.98378754,8354200,yfinance
2020-05-18,102.9209549,104.83308436,102.51180487,104.54083252,6320900,yfinance
2020-05-19,105.01930726,105.74120534,103.05507103,103.39083862,7914900,yfinance
2020-05-20,104.16310529,104.8514324,100.13391322,100.41931152,12897000,yfinance
2020-05-21,100.41929136,101.04046355,98.74885602,99.62184906,7620700,yfinance
2020-05-22,99.74776805,100.19265734,98.36273088,98.62294769,4902900,yfinance
2020-05-26,99.72257944,100.69629824,96.37330646,96.63352966,7274600,yfinance
2020-05-27,97.06162102,98.58935712,95.88644434,98.55578613,8260300,yfinance
2020-05-28,99.01746096,100.93132745,98.59775317,99.4119873,6137300,yfinance
2020-05-29,99.67223152,103.06347216,99.18537522,102.68573761,8705900,yfinance
2020-06-01,101.1076267,101.35105804,99.7393813,100.30178833,6020100,yfinance
2020-06-02,100.44448797,101.38462948,99.21054584,99.76455688,5144600,yfinance
2020-06-03,100.00798552,102.66054219,99.30287941,102.1820755,5815800,yfinance
2020-06-04,102.30798864,103.0298867,100.35215483,100.69631195,3963600,yfinance
2020-06-05,101.91346489,102.83682089,100.46127288,102.01419067,4578800,yfinance
2020-06-08,101.40982156,102.79485892,101.21675951,102.71931458,3578400,yfinance
2020-06-09,102.86201076,103.02150181,100.97332525,101.33427429,2923500,yfinance
2020-06-10,101.35943537,102.55979995,100.5452012,100.72987366,3653700,yfinance
2020-06-11,99.52951132,101.51892867,98.8663722,99.05944061,5005100,yfinance
2020-06-12,100.37732743,100.52002656,96.37331109,98.12769318,4953400,yfinance
2020-06-15,96.91894849,99.63026437,96.72588644,99.17697906,4593800,yfinance
2020-06-16,101.09922604,101.84630548,98.39630654,100.06674194,5138000,yfinance
2020-06-17,100.28499741,100.28499741,98.86638279,99.2776947,3808600,yfinance
2020-06-18,99.25250153,99.26929343,98.10250623,98.4634552,3261100,yfinance
2020-06-19,100.89777623,103.18938417,100.08354829,101.19996643,12611200,yfinance
2020-06-22,101.14960347,103.34047921,99.97442007,102.76967621,4671200,yfinance
2020-06-23,103.27331102,104.44849426,101.78754807,101.98900604,4307000,yfinance
2020-06-24,101.71200038,102.40032101,99.5798837,100.49485016,4181600,yfinance
2020-06-25,100.21782815,100.68789884,99.29447227,100.57038116,2759500,yfinance
2020-06-26,100.7298779,101.27549935,98.00177704,98.22841644,6670800,yfinance
2020-06-29,98.62294009,100.12549482,98.01855981,99.5295105,3258900,yfinance
2020-06-30,99.78973825,101.09923113,99.27769415,100.67112732,3633900,yfinance
2020-07-01,100.65433655,101.03207104,99.74776609,99.85688782,2836400,yfinance
2020-07-02,100.71309366,101.22513132,99.79812726,99.99119568,2216100,yfinance
2020-07-06,100.73828793,100.93974592,99.03427495,100.0919342,3766400,yfinance
2020-07-07,99.30287428,100.35214385,98.891556,99.10140991,3908300,yfinance
2020-07-08,99.17696576,99.47075997,97.98499701,98.79922485,2845100,yfinance
2020-07-09,98.59778754,100.15070562,98.32077876,98.96713257,2861000,yfinance
2020-07-10,98.8999637,99.87368904,98.26200593,99.77295685,2033500,yfinance
2020-07-13,100.20944873,102.20726229,99.37003299,99.66383362,3469700,yfinance
2020-07-14,99.67221489,100.87257955,98.56418646,100.79703522,2578200,yfinance
2020-07-15,101.82950847,103.01308759,100.73827199,102.13169861,3533900,yfinance
2020-07-16,101.78754491,103.23973042,101.68681273,102.36673737,3109900,yfinance
2020-07-17,102.9459328,103.42439945,101.94702614,102.13169861,2715500,yfinance
2020-07-20,102.02257704,102.29958574,99.92403796,100.57878113,3825900,yfinance
2020-07-21,101.02367975,101.56090529,100.74667103,100.89776611,3195400,yfinance
2020-07-22,100.98170145,103.39921613,100.7298742,103.36563873,3876600,yfinance
2020-07-23,103.62586298,103.75177662,102.35834992,102.70250702,3267500,yfinance
2020-07-24,102.86200893,105.37186028,102.45908654,103.84412384,3832900,yfinance
2020-07-27,104.29737831,104.49883624,102.54300295,102.98789215,2423400,yfinance
2020-07-28,102.92077414,104.47369212,102.50946218,103.49157715,2337000,yfinance
2020-07-29,103.64266267,104.49047436,103.16419596,103.81893921,2095800,yfinance
2020-07-30,102.68573914,105.27953096,102.25763528,104.57442474,3606300,yfinance
2020-07-31,104.32258553,105.70762276,103.91127362,105.66564941,3267100,yfinance
2020-08-03,106.18607634,107.64666413,105.97622243,107.3108902,3319200,yfinance
2020-08-04,107.3864379,109.77038153,107.09264372,109.50176239,3924500,yfinance
2020-08-05,109.75359729,110.74410162,107.99922164,108.59519958,3688800,yfinance
2020-08-06,108.70432517,109.06526775,107.55432984,108.2930069,1979900,yfinance
2020-08-07,108.4860888,110.70214572,108.28462442,110.59301758,2303100,yfinance
2020-08-10,110.86164658,112.57404912,110.17331951,111.5919342,3002900,yfinance
2020-08-11,112.23828248,112.97695961,110.25726086,110.56784058,3915900,yfinance
2020-08-12,113.41344127,113.41344127,111.44921186,112.98534393,4860900,yfinance
2020-08-13,112.47329934,113.27074159,112.15431732,113.16161346,2324800,yfinance
2020-08-14,114.09337889,114.99994937,113.50579047,114.60542297,3180900,yfinance
2020-08-17,115.82256862,116.41855937,115.335706,116.04082489,4632300,yfinance
2020-08-18,115.57687015,116.38669845,113.60293055,115.48407745,5756800,yfinance
2020-08-19,125.26941132,130.4910811,123.61601814,130.09460449,40211800,yfinance
2020-08-20,130.69352608,131.68050851,127.9856895,128.42434692,12046000,yfinance
2020-08-21,128.50028651,131.26717929,128.33157605,129.59692383,7061400,yfinance
2020-08-24,130.33081654,130.43204024,128.75335382,129.26792908,4355300,yfinance
2020-08-25,130.03558947,130.14525708,128.5256132,128.93896484,2984400,yfinance
2020-08-26,128.8545835,129.54631314,128.29782738,128.82084656,3061600,yfinance
2020-08-27,128.77867872,128.85459651,126.2564139,126.79629517,3773100,yfinance
2020-08-28,126.79626057,127.94350956,126.1973366,127.25179291,2835600,yfinance
2020-08-31,127.49647098,128.14601992,126.80475406,127.55552673,3025600,yfinance
2020-09-01,127.04936063,128.0278994,126.63600903,126.99874878,3603500,yfinance
2020-09-02,126.95658226,127.26869731,125.20196482,126.39982605,4128200,yfinance
2020-09-03,126.08767218,126.51788573,122.66280005,123.18580627,4135300,yfinance
2020-09-04,123.74256249,125.31159404,121.21186728,124.19808197,4742100,yfinance
2020-09-08,123.734145,123.82693769,120.95038996,121.4733963,3503200,yfinance
2020-09-09,122.11451643,125.35381718,122.11451643,124.46807098,3279300,yfinance
2020-09-10,124.51025534,125.13448548,122.57848341,123.19428253,2828100,yfinance
2020-09-11,123.88594988,124.81387648,123.31231902,124.55236053,2356400,yfinance
2020-09-14,125.31160372,126.86376048,124.7126668,125.21881104,2706900,yfinance
2020-09-15,124.94041606,126.39977994,124.30774229,125.75024414,2206200,yfinance
2020-09-16,125.97800803,126.30699791,124.77171613,124.83920288,2072500,yfinance
2020-09-17,124.33309898,125.4972233,123.62450716,124.51868439,2391200,yfinance
2020-09-18,124.61144847,126.12986835,124.22340282,125.53937531,3614800,yfinance
2020-09-21,125.42971723,126.52635461,123.54012646,126.41668701,3360000,yfinance
2020-09-22,127.5048642,130.28020069,127.31927884,129.97651672,4334500,yfinance
2020-09-23,129.80779741,130.92129661,126.84687577,127.3867569,2801300,yfinance
2020-09-24,127.9013649,129.53788362,126.61915493,128.22192383,3223100,yfinance
2020-09-25,128.10377281,130.88753969,128.01098015,130.20425415,2743300,yfinance
2020-09-28,130.71040045,133.0386482,130.45732836,131.98419189,3627600,yfinance
2020-09-29,132.22883494,133.64601819,131.48649351,132.38911438,2784200,yfinance
2020-09-30,132.81932753,134.25338568,132.01794323,132.79402161,2806000,yfinance
2020-10-01,133.62916452,135.72120259,133.36766138,133.78944397,3866000,yfinance
2020-10-02,132.41439933,134.96196924,131.73111374,134.2111969,1978700,yfinance
2020-10-05,134.96199297,136.91905743,134.96199297,136.2273407,2268600,yfinance
2020-10-06,136.21044198,136.6406555,132.95428056,133.62913513,2932600,yfinance
2020-10-07,135.02101541,136.32854377,134.64141373,135.54402161,2927000,yfinance
2020-10-08,137.16370209,137.77107004,136.14298257,136.53945923,2189200,yfinance
2020-10-09,136.82627542,139.02798115,136.74192663,138.10006714,2582700,yfinance
2020-10-12,138.5977648,139.60160944,138.02413377,138.82553101,2436300,yfinance
2020-10-13,138.82554128,140.60545162,138.47123254,139.72814941,2015200,yfinance
2020-10-14,140.01497396,140.16682242,137.16373181,138.31941223,2284700,yfinance
2020-10-15,136.52254953,139.57626343,135.91518173,139.57626343,1859000,yfinance
2020-10-16,139.95587681,141.08625086,138.64834844,139.1207428,5047900,yfinance
2020-10-19,140.20895977,140.84163359,138.19283971,138.38685608,2322500,yfinance
2020-10-20,139.14611532,141.22972296,138.19289513,139.07862854,2698500,yfinance
2020-10-21,139.82090317,140.20050486,137.45891852,137.74572754,3033500,yfinance
2020-10-22,137.56019872,137.82170191,134.41369091,134.63302612,3647400,yfinance
2020-10-23,135.29941749,135.29941749,133.96658297,135.16444397,1816800,yfinance
2020-10-26,133.99190855,134.45587204,131.84925836,133.25801086,2310600,yfinance
2020-10-27,133.34235713,134.02564288,132.16978915,132.46504211,2406100,yfinance
2020-10-28,130.67667642,132.66749063,130.00182175,130.92974854,2655700,yfinance
2020-10-29,130.95506828,131.67209098,129.37759258,130.11993408,2157700,yfinance
2020-10-30,129.33541276,130.02712948,127.20962501,128.40748596,3694100,yfinance
2020-11-02,129.90904718,130.85383613,128.89677146,130.23803711,2674300,yfinance
2020-11-03,131.86612314,133.88224352,131.11533772,132.2119751,2545400,yfinance
2020-11-04,132.62530007,134.54019636,130.96347587,132.11915588,3156600,yfinance
2020-11-05,134.75111623,134.86077096,132.05169716,133.8147583,3114900,yfinance
2020-11-06,133.83162785,136.57321503,133.73040413,136.23579407,3498000,yfinance
2020-11-09,137.6276341,137.63607799,130.54169276,130.67666626,5092800,yfinance
2020-11-10,132.47347743,134.17748279,132.06856972,133.34236145,3577900,yfinance
2020-11-11,134.5064783,137.13841067,133.91598519,134.7089386,3336500,yfinance
2020-11-12,134.69207324,135.80558564,133.82320199,134.57397461,2708500,yfinance
2020-11-13,135.80557973,137.88074312,135.47658978,137.3999176,2765800,yfinance
2020-11-16,139.1882371,140.02337115,137.79635987,139.34007263,5035600,yfinance
2020-11-17,138.91658475,139.51799761,135.96036741,138.10340881,6299900,yfinance
2020-11-18,140.55985257,145.79462927,139.38245046,141.33067322,13092300,yfinance
2020-11-19,142.90618323,146.91273654,142.22006009,145.15933228,6834900,yfinance
2020-11-20,145.87936531,147.73441213,145.22713134,145.95559692,6652900,yfinance
2020-11-23,147.59884715,151.6392898,147.03978959,150.40258789,5755700,yfinance
2020-11-24,152.26608638,152.3338521,150.01293754,150.6566925,4688400,yfinance
2020-11-25,150.54660638,152.87600028,150.22473529,152.31695557,3780700,yfinance
2020-11-27,153.15547984,153.40959804,151.5799625,152.27455139,2371900,yfinance
2020-11-30,150.98707837,152.52871982,149.28450783,152.07130432,8010000,yfinance
2020-12-01,152.30845841,153.46044995,150.01295412,151.66470337,5034900,yfinance
2020-12-02,150.79228281,150.95322485,148.63229645,149.42852783,3109300,yfinance
2020-12-03,149.47930005,149.47930005,147.2007276,148.16636658,4214600,yfinance
2020-12-04,147.70894281,148.36964239,146.73482519,148.25952148,2935700,yfinance
2020-12-07,147.61579772,148.19178704,145.19322779,146.46380615,3430800,yfinance
2020-12-08,146.11650393,147.20072971,145.47274891,146.30285645,2682200,yfinance
2020-12-09,146.83648681,148.16635189,146.04025577,147.44636536,2853800,yfinance
2020-12-10,147.0398089,147.59040066,145.75229868,146.03181458,2643700,yfinance
2020-12-11,145.26947051,146.32828589,144.90524422,145.44735718,2676500,yfinance
2020-12-14,146.50617272,146.50617272,144.14288954,144.83747864,4016400,yfinance
2020-12-15,144.5494541,146.35367943,144.5494541,145.19322205,3487900,yfinance
2020-12-16,145.70143938,146.53155981,144.6002819,145.4303894,2193700,yfinance
2020-12-17,145.69301053,145.93018417,144.24454526,145.04925537,3495300,yfinance
2020-12-18,144.99836919,145.84542127,143.12639132,144.35461426,6715800,yfinance
2020-12-21,143.68548768,146.59087091,143.10101952,145.48970032,4077400,yfinance
2020-12-22,146.03181371,146.63322654,145.23559539,145.98947144,3103200,yfinance
2020-12-23,145.7014389,149.36071048,145.59979678,148.15789795,4753000,yfinance
2020-12-24,149.06424613,149.51318278,147.95460979,148.39508057,1941200,yfinance
2020-12-28,150.02143877,150.31791226,148.14098156,149.41156006,2442000,yfinance
2020-12-29,150.021425,150.58048259,147.7767417,148.26802063,2359700,yfinance
2020-12-30,148.82710534,149.13204473,146.3876032,147.28547668,1935200,yfinance
2020-12-31,147.73438943,149.64872291,147.4718053,149.53013611,2571300,yfinance
2021-01-04,149.51319147,150.85153561,147.48873707,150.4618988,3463100,yfinance
2021-01-05,149.75885162,154.13811053,149.44543347,152.78282166,4843300,yfinance
2021-01-06,152.74896908,160.49102791,152.56261651,160.02514648,5610100,yfinance
2021-01-07,160.27077573,162.93051951,160.2368864,161.8717041,4226700,yfinance
2021-01-08,162.2782395,164.22646188,161.62600578,163.98928833,3321500,yfinance
2021-01-11,163.51493684,168.98689927,162.79495029,165.41233826,7219100,yfinance
2021-01-12,166.16621705,168.8090156,165.72574632,168.64808655,3866700,yfinance
2021-01-13,168.15681361,169.3765709,165.41235971,166.71682739,4098200,yfinance
2021-01-14,166.86083895,168.90222519,166.78459442,167.724823,3321200,yfinance
2021-01-15,167.41987427,168.43634732,164.33660456,165.00578308,4289900,yfinance
2021-01-19,164.68384256,164.96337126,158.5681263,159.38130188,5347800,yfinance
2021-01-20,159.66933155,159.8387394,156.31499932,159.49992371,3443200,yfinance
2021-01-21,161.02466679,164.40439761,160.09290398,162.01571655,4585100,yfinance
2021-01-22,161.70228443,162.95593118,160.49947167,162.55781555,3257100,yfinance
2021-01-25,162.26131753,163.57425103,160.28768435,161.06697083,3423900,yfinance
2021-01-26,161.03309817,161.41426909,158.11923647,158.99169922,3463600,yfinance
2021-01-27,158.91546507,158.99169667,149.77577745,151.01246643,6985900,yfinance
2021-01-28,150.71599357,157.06041928,150.57199625,155.50184631,3965200,yfinance
2021-01-29,154.26517692,155.43411335,152.68965896,153.46047974,3612300,yfinance
2021-02-01,154.31597787,156.7046715,152.19834717,155.49339294,2637300,yfinance
2021-02-02,157.12820565,160.12676518,156.8571427,157.20443726,2920500,yfinance
2021-02-03,156.86560203,158.33946462,155.60348958,156.7978363,2135400,yfinance
2021-02-04,157.44159188,159.87264054,156.32348967,159.74557495,2309500,yfinance
2021-02-05,160.50795131,161.21947216,159.1526624,159.9743042,2218900,yfinance
2021-02-08,162.92199695,164.73468792,161.35495833,164.28575134,3076400,yfinance
2021-02-09,164.43827295,166.23401976,164.23497574,164.5737915,2868600,yfinance
2021-02-10,164.23495224,164.70929941,161.0415618,163.00672913,2713500,yfinance
2021-02-11,162.6679179,163.62509114,161.22793158,161.28723145,1862300,yfinance
2021-02-12,161.82935875,162.52393497,161.10935906,162.15122986,1821500,yfinance
2021-02-16,162.48278579,163.70689173,161.64120972,162.01524353,2500300,yfinance
2021-02-17,160.8336046,165.10096927,160.74860519,164.57392883,3459300,yfinance
2021-02-18,160.04305478,162.83978588,159.81353172,162.71228027,2983500,yfinance
2021-02-19,163.17127492,163.59631081,160.11952036,160.51055908,3120100,yfinance
2021-02-22,159.91553416,161.86220623,159.49049818,160.65510559,2152600,yfinance
2021-02-23,159.89002386,160.43406937,156.50674126,158.41940308,2828100,yfinance
2021-02-24,158.13032873,159.58394396,156.66820449,159.03140259,3738400,yfinance
2021-02-25,160.2555636,161.76869059,156.90627812,157.33131409,4355600,yfinance
2021-02-26,158.24089794,158.81895365,154.86611106,155.93721008,4340400,yfinance
2021-03-01,158.07085557,159.45647682,157.13578434,158.18986511,3683500,yfinance
2021-03-02,159.82199107,164.55689712,146.35685715,147.47895813,22090500,yfinance
2021-03-03,148.76254702,150.35217694,146.71387111,147.58094788,8285300,yfinance
2021-03-04,146.52691096,148.43107697,141.81751764,144.35923767,7111700,yfinance
2021-03-05,144.75024217,148.74557751,142.00451356,146.73091125,6008100,yfinance
2021-03-08,148.9920962,151.71232351,147.57247777,150.35220337,4558600,yfinance
2021-03-09,151.58480765,153.64197982,150.63271842,152.31585693,3752400,yfinance
2021-03-10,152.98743126,154.39855364,151.38929203,151.80583191,3314800,yfinance
2021-03-11,152.29038236,153.08945206,150.80275647,152.43490601,3045200,yfinance
2021-03-12,152.92791492,153.31045762,151.7888218,153.02142334,2441900,yfinance
2021-03-15,153.38697799,154.53456729,151.79734766,153.94802856,3453100,yfinance
2021-03-16,152.9789493,153.59949818,151.4148071,153.19146729,3437300,yfinance
2021-03-17,152.59641242,152.723931,151.20229493,151.65283203,2929300,yfinance
2021-03-18,150.66674553,153.99051674,150.19069438,152.68141174,2859300,yfinance
2021-03-19,152.91943075,160.06853841,152.69841673,159.4309845,7745200,yfinance
2021-03-22,159.04844703,161.83668163,158.74242064,159.84750366,3952200,yfinance
2021-03-23,159.61801873,162.18522676,159.3289844,160.59559631,2920200,yfinance
2021-03-24,160.58710897,161.05465118,159.28649982,160.05155945,2489700,yfinance
2021-03-25,159.89003605,164.37841508,159.53300737,163.80886841,3444700,yfinance
2021-03-26,165.168928,171.05991844,164.93940502,170.82189941,6046100,yfinance
2021-03-29,170.09087838,171.68052161,167.89769139,168.49275208,3231800,yfinance
2021-03-30,168.38225171,171.17048664,167.98271686,169.71685791,2810800,yfinance
2021-03-31,170.04839391,171.14499404,168.33975389,168.37376404,3556600,yfinance
2021-04-01,168.43324725,171.26398826,166.92012029,170.62643433,2730200,yfinance
2021-04-05,171.71451003,174.94478559,171.71451003,174.56225586,2833000,yfinance
2021-04-06,173.75467608,176.28789946,172.52207453,174.63024902,2494900,yfinance
2021-04-07,174.90229149,175.11480946,173.48267299,173.79719543,2100400,yfinance
2021-04-08,173.71220621,174.10323204,172.07156062,172.9556427,3032600,yfinance
2021-04-09,173.41464162,174.83425992,173.02360289,174.57073975,2900500,yfinance
2021-04-12,174.50273814,175.4123212,172.97260631,174.34973145,3191300,yfinance
2021-04-13,174.74077026,175.11480396,172.99812035,174.21372986,2393400,yfinance
2021-04-14,173.65269179,175.11481654,172.59010189,174.86830139,2171300,yfinance
2021-04-15,175.13182412,175.29333987,173.01514033,174.91079712,3370300,yfinance
2021-04-16,175.11480016,178.08155557,174.9702895,177.28248596,4342300,yfinance
2021-04-19,178.08157823,179.24617266,177.02748434,177.36750793,2924500,yfinance
2021-04-20,177.58852968,178.08157295,175.48034195,176.19441223,2089800,yfinance
2021-04-21,176.16892881,177.1635115,175.36985904,175.76939392,2836900,yfinance
2021-04-22,176.20289849,176.51742094,173.10863736,174.74928284,2499300,yfinance
2021-04-23,175.06383849,175.79490097,173.34668934,175.12333679,2444600,yfinance
2021-04-26,174.99578469,175.1317993,172.43707319,173.10012817,2675700,yfinance
2021-04-27,173.60169357,174.54527395,172.82812499,173.72070312,2260000,yfinance
2021-04-28,173.35514457,174.47724563,172.93861767,173.80569458,1598800,yfinance
2021-04-29,175.21678884,177.16346046,174.91927151,176.28788757,1884900,yfinance
2021-04-30,175.29334789,176.94247663,175.09782199,176.18591309,1802000,yfinance
2021-05-03,177.81803896,180.91231322,177.51202552,179.60319519,2249700,yfinance
2021-05-04,178.18358411,180.07924095,177.75005208,179.88372803,2203300,yfinance
2021-05-05,180.7677907,181.62637165,179.94321989,180.56378174,2509000,yfinance
2021-05-06,181.62635816,181.84737218,180.16423351,181.06530762,2226000,yfinance
2021-05-07,181.31182269,183.0969788,180.90379183,182.51893616,2298500,yfinance
2021-05-10,183.19897487,184.79711405,181.677352,181.94087219,3092700,yfinance
2021-05-11,180.65729937,180.86130834,175.92239225,177.86906433,3297100,yfinance
2021-05-12,176.78096889,177.39300876,172.36058436,172.53060913,3857300,yfinance
2021-05-13,173.60166611,178.62559362,173.32114085,177.33348083,3132300,yfinance
2021-05-14,178.69362445,180.43626152,178.03055642,179.50119019,2650300,yfinance
2021-05-17,180.92928505,181.6093451,177.97103871,178.53208923,2583700,yfinance
2021-05-18,180.12690874,180.52772837,175.86274267,176.050354,4794900,yfinance
2021-05-19,179.35934557,187.46979751,178.92440533,186.7789917,13378700,yfinance
2021-05-20,186.15640191,190.01121104,185.12448118,189.14984131,7086300,yfinance
2021-05-21,189.50806742,193.66136086,189.2095706,191.96421814,5084800,yfinance
2021-05-24,193.0302808,194.8724038,192.16892388,192.2371521,3821000,yfinance
2021-05-25,192.35654938,193.82342367,190.40355388,192.14334106,4103000,yfinance
2021-05-26,192.88525499,194.40329683,192.73175129,193.68692017,3186800,yfinance
2021-05-27,194.38626065,195.16234196,192.78294312,193.90867615,6623100,yfinance
2021-05-28,194.44597906,194.7444759,192.89381632,193.5249176,2632400,yfinance
2021-06-01,194.07071066,195.1196918,192.78293729,193.82339478,3426400,yfinance
2021-06-02,193.08996761,195.41819859,192.86822265,194.77005005,3331400,yfinance
2021-06-03,194.73593948,196.34779379,193.60166971,195.45231628,3155400,yfinance
2021-06-04,196.32220425,197.52470221,195.05149108,197.29443359,3085100,yfinance
2021-06-07,197.43087327,198.42016284,196.48422796,196.91064453,2221700,yfinance
2021-06-08,199.79323028,201.57564848,198.32635619,200.50108337,3441700,yfinance
2021-06-09,200.07466112,201.95089143,197.76347757,197.80612183,3372900,yfinance
2021-06-10,197.56730652,199.30708021,197.3455616,197.56730652,2579400,yfinance
2021-06-11,197.6781849,198.6930584,197.6781849,198.65895081,2510200,yfinance
2021-06-14,198.84660355,199.13656374,197.4735415,198.76985168,2904200,yfinance
2021-06-15,198.71868054,198.71868054,196.79128199,198.34344482,2518000,yfinance
2021-06-16,198.4542935,198.71014608,195.77639763,197.22621155,2767600,yfinance
2021-06-17,196.62069621,198.65043038,196.00665527,197.1920929,2826600,yfinance
2021-06-18,196.03225622,197.32002978,194.45450947,196.60365295,4481400,yfinance
2021-06-21,197.35413441,199.59707688,197.21767798,199.36682129,3049700,yfinance
2021-06-22,199.98084521,202.8548887,199.46061649,202.30055237,2901400,yfinance
2021-06-23,202.01058507,202.94870675,201.13216796,202.38583374,2246400,yfinance
2021-06-24,204.20238998,204.56910202,203.24722093,204.54351807,2141900,yfinance
2021-06-25,204.68849537,206.1639062,204.50087102,205.14903259,5987500,yfinance
2021-06-28,205.44752663,206.59033308,204.49235754,205.75454712,2062900,yfinance
2021-06-29,205.75455468,207.63079832,205.54134635,206.25773621,2089600,yfinance
2021-06-30,206.20648012,207.19576949,205.3621838,206.16384888,2773200,yfinance
2021-07-01,206.35149373,207.69043487,205.64364072,207.63926697,2125300,yfinance
2021-07-02,208.51771611,210.63273879,208.27040021,210.29161072,2178900,yfinance
2021-07-06,210.22335821,210.93973489,207.19579812,209.32788086,2305000,yfinance
2021-07-07,209.4643523,211.84375108,209.39612409,211.11885071,2035800,yfinance
2021-07-08,209.21700714,212.32131888,208.98673858,211.99723816,2292700,yfinance
2021-07-09,212.08251366,213.84788429,210.97384112,211.99723816,2702500,yfinance
2021-07-12,212.78188468,215.31480034,212.45780389,215.11865234,3056900,yfinance
2021-07-13,213.63468801,216.14201937,213.63468801,214.70072937,2392900,yfinance
2021-07-14,215.42564484,216.66225023,214.5813354,216.30406189,2578700,yfinance
2021-07-15,216.36371626,217.07156917,214.9394868,215.70703125,2646200,yfinance
2021-07-16,216.53431688,216.66224965,213.94171001,214.18902588,3415900,yfinance
2021-07-19,213.02068923,214.76047635,211.96317131,214.16348267,3187300,yfinance
2021-07-20,214.14641515,218.64937327,212.94391726,217.22514343,2805200,yfinance
2021-07-21,217.68564859,218.69198541,216.87545975,218.36790466,2262500,yfinance
2021-07-22,219.51920632,219.85182368,217.45535205,219.18661499,2472200,yfinance
2021-07-23,219.84332827,222.68325121,219.63011999,222.61503601,2016900,yfinance
2021-07-26,222.48712032,223.76637007,220.96054166,222.470047,2338000,yfinance
2021-07-27,221.73662582,221.95837077,218.06091691,220.33796692,3036100,yfinance
2021-07-28,219.4254587,220.76438703,218.64937737,219.53633118,2810500,yfinance
2021-07-29,220.19299638,223.30583221,219.5022036,223.15232849,3055000,yfinance
2021-07-30,222.36770389,224.68741106,220.65352698,222.63208008,2806600,yfinance
2021-08-02,223.51050668,223.70666768,217.30189523,219.38279724,3174900,yfinance
2021-08-03,220.12475867,224.55096494,219.9968389,223.61286926,2545000,yfinance
2021-08-04,222.76005414,224.2013444,221.94131548,222.18864441,2397200,yfinance
2021-08-05,223.2461166,224.04778182,221.71956405,222.93057251,2202900,yfinance
2021-08-06,223.38257962,224.28658067,221.17374489,221.81336975,2441900,yfinance
2021-08-09,221.82190395,224.11602717,221.80483063,223.79194641,2508800,yfinance
2021-08-10,224.2695048,226.6403796,223.45079237,225.20762634,3369800,yfinance
2021-08-11,225.61702488,227.75764466,223.82609588,224.30368042,2939000,yfinance
2021-08-12,225.10529068,225.65962695,222.63205405,223.33992004,2266400,yfinance
2021-08-13,224.0307407,224.89211051,222.26536985,223.04998779,3070400,yfinance
2021-08-16,221.8134126,224.71304065,218.96495246,224.42308044,3397400,yfinance
2021-08-17,222.88268912,222.88268912,215.69429771,217.91926575,6620500,yfinance
2021-08-18,213.07567373,218.89483092,210.73088678,211.86904907,8908000,yfinance
2021-08-19,209.2589815,213.53778129,209.14772853,210.01205444,5067600,yfinance
2021-08-20,211.09027315,217.34587534,211.04748255,216.84953308,4146100,yfinance
2021-08-23,217.58553317,218.40706851,215.94247553,216.10507202,2952900,yfinance
2021-08-24,216.93516765,216.93516765,214.17961931,214.49624634,2466600,yfinance
2021-08-25,214.36787927,215.87401216,213.435104,214.92411804,2438100,yfinance
2021-08-26,214.30798886,214.37645124,211.62946871,213.05003357,2919900,yfinance
2021-08-27,212.35681906,214.34218834,211.95461085,213.23825073,2661100,yfinance
2021-08-30,213.2639447,215.12094224,213.21258813,213.39230347,2092700,yfinance
2021-08-31,213.21258836,213.59769079,210.02060737,211.35559082,3966000,yfinance
2021-09-01,211.37273592,211.84340657,209.02794865,210.83360291,2862700,yfinance
2021-09-02,210.79930782,211.33844066,209.78950449,210.35430908,2523300,yfinance
2021-09-03,209.73823155,209.81524683,207.94969615,209.07073975,3351700,yfinance
2021-09-07,208.73693113,209.31028864,206.74300921,207.71002197,2725200,yfinance
2021-09-08,207.71862619,210.67956161,207.42767092,210.61109924,2843300,yfinance
2021-09-09,210.49128674,211.64656795,209.33600552,210.03773499,2474600,yfinance
2021-09-10,211.55243833,211.97175238,208.96803944,209.26754761,1945600,yfinance
2021-09-13,210.08908186,210.73090186,206.75162305,208.03526306,2872000,yfinance
2021-09-14,208.28338923,209.15626794,206.90561535,207.29927063,1905800,yfinance
2021-09-15,207.37632367,209.54139544,206.92277191,208.92524719,1953000,yfinance
2021-09-16,209.85800217,211.80058085,209.44724106,211.32991028,2171400,yfinance
2021-09-17,210.04628853,212.68203089,210.04628853,211.09031677,3735900,yfinance
2021-09-20,208.36041446,210.66241065,205.00583726,207.21369934,3329100,yfinance
2021-09-21,207.81272956,209.71251757,206.44352157,206.50341797,1960300,yfinance
2021-09-22,207.41055818,208.27488418,205.14279928,206.89710999,2285900,yfinance
2021-09-23,208.37754918,209.80666673,207.47044571,207.66726685,2038600,yfinance
2021-09-24,206.52056619,207.78708736,205.70759679,206.61470032,1901400,yfinance
2021-09-27,205.59632333,207.38485845,203.55961051,204.16720581,2588400,yfinance
2021-09-28,202.72950703,203.12316231,199.27224292,199.76858521,3173900,yfinance
2021-09-29,200.73557641,203.34563327,200.08519063,201.83094788,2655500,yfinance
2021-09-30,201.85667086,201.85667086,195.22453092,195.7722168,5425400,yfinance
2021-10-01,196.18295378,196.38834085,191.56185562,195.47267151,3476400,yfinance
2021-10-04,195.05334637,195.96901572,190.73176935,193.30760193,3816400,yfinance
2021-10-05,194.30887535,196.40548486,193.1108165,194.73675537,2407300,yfinance
2021-10-06,193.53007605,194.71958167,192.35768929,194.11199951,2789100,yfinance
2021-10-07,195.58397265,198.10846232,195.4556008,196.67079163,2352000,yfinance
2021-10-08,196.86756984,198.29668732,195.38710885,195.88343811,2004900,yfinance
2021-10-11,195.60107237,197.89450294,195.40423817,195.72943115,1998600,yfinance
2021-10-12,196.82477955,198.0228382,195.54113968,197.03016663,2167400,yfinance
2021-10-13,198.10842609,202.61828463,197.269785,202.60116577,3984700,yfinance
2021-10-14,204.35545428,208.63425352,202.15614521,207.17089844,4281700,yfinance
2021-10-15,208.20639895,211.67222937,207.22226717,210.26878357,3626900,yfinance
2021-10-18,209.61839809,217.1405354,209.26753338,217.06350708,4365800,yfinance
2021-10-19,217.81659271,219.88754341,215.48037155,215.81411743,3204800,yfinance
2021-10-20,217.62833903,217.99632265,215.06105885,215.50605774,2209300,yfinance
2021-10-21,215.32632681,217.56842688,215.13805856,217.54275513,1758400,yfinance
2021-10-22,218.62957428,220.28119797,217.86794836,219.0146637,2205700,yfinance
2021-10-25,219.77627236,223.35334262,219.16012416,222.79710388,2488400,yfinance
2021-10-26,223.69564631,223.78979348,220.36675367,221.41078186,2439700,yfinance
2021-10-27,221.59047014,221.97557254,218.83492223,219.53665161,2269700,yfinance
2021-10-28,221.00855717,222.62592978,220.38384305,220.97431946,1735200,yfinance
2021-10-29,219.51099289,222.30931852,219.51099289,222.1723938,2417800,yfinance
2021-11-01,223.82402305,224.03796305,220.34963945,220.71763611,1718100,yfinance
2021-11-02,221.66751382,223.52452453,221.24819977,222.72010803,2228000,yfinance
2021-11-03,221.38510752,223.05382374,219.69069343,222.84844971,2397300,yfinance
2021-11-04,223.06238322,224.64554429,222.00124928,222.87411499,3031000,yfinance
2021-11-05,223.35331516,223.55868917,216.34464008,217.59405518,4060300,yfinance
2021-11-08,216.72117998,219.16010075,215.67715193,216.78964233,2523100,yfinance
2021-11-09,216.31904537,218.5782516,216.13934306,218.35575867,2346800,yfinance
2021-11-10,217.3887039,219.07455208,216.20775096,217.40582275,2093100,yfinance
2021-11-11,217.5940876,219.57087795,217.10629816,219.08311462,2199400,yfinance
2021-11-12,220.25550151,224.09785535,219.6564591,222.51469421,2497600,yfinance
2021-11-15,224.88516666,230.18232289,223.69564778,226.20301819,4852400,yfinance
2021-11-16,225.83378575,229.72362139,225.61051963,228.74473572,4355800,yfinance
2021-11-17,218.09708145,220.82770247,215.93319482,217.93392944,11855900,yfinance
2021-11-18,219.90028951,220.37258123,214.37036479,216.43121338,5786300,yfinance
2021-11-19,215.61546924,218.00260873,215.02297542,215.27198792,3960900,yfinance
2021-11-22,215.89884331,216.11351425,207.12310767,210.00828552,5568900,yfinance
2021-11-23,210.93561439,214.43046282,209.02933581,213.96676636,4053400,yfinance
2021-11-24,212.86767167,214.3446086,211.33921582,213.60614014,3052000,yfinance
2021-11-26,213.54603684,215.9245942,211.0472643,211.72563171,3180900,yfinance
2021-11-29,213.4172075,216.02761287,212.10342269,213.94960022,3027600,yfinance
2021-11-30,211.54532589,212.08630084,208.00755309,209.38143921,7907900,yfinance
2021-12-01,210.96139128,213.29701184,206.28156804,206.41896057,3851600,yfinance
2021-12-02,207.70699045,211.7685605,207.27764861,210.80683899,3684000,yfinance
2021-12-03,211.86303104,213.30562651,210.64370173,212.58433533,4838700,yfinance
2021-12-06,213.34851568,213.68340173,208.07619933,208.63433838,3772600,yfinance
2021-12-07,210.05977343,211.43365933,209.23543141,210.91845703,3565900,yfinance
2021-12-08,211.87161682,212.37823705,204.53845083,205.74061584,4929400,yfinance
2021-12-09,205.31980784,205.82642795,202.50332707,203.98884583,2762200,yfinance
2021-12-10,203.64542284,205.86941041,203.24184047,204.52127075,2487200,yfinance
2021-12-13,204.29800547,204.81322089,199.55806822,201.07794189,3783500,yfinance
2021-12-14,198.27862393,202.78671262,198.27862393,202.03106689,3364800,yfinance
2021-12-15,200.58849919,203.3534615,198.82819515,203.20747375,3433500,yfinance
2021-12-16,202.61499776,203.20747847,192.76589535,193.01490784,7302100,yfinance
2021-12-17,193.05787329,194.31154425,190.1726953,191.75267029,5832300,yfinance
2021-12-20,189.79483368,190.19841601,184.27350446,188.21485901,5233200,yfinance
2021-12-21,188.80736803,189.58017808,185.88783571,188.97052002,3975700,yfinance
2021-12-22,188.73864306,190.00949102,186.33432655,186.96975708,4182600,yfinance
2021-12-23,187.66530979,190.74798088,187.44204366,189.77766418,3345300,yfinance
2021-12-27,190.7136628,192.93765053,189.64889025,192.43103027,4335600,yfinance
2021-12-28,192.73152567,195.35051319,192.03599407,193.12652588,3202400,yfinance
2021-12-29,193.52152056,197.1280022,193.52152056,195.71116638,3065800,yfinance
2021-12-30,196.46685253,200.8203725,196.46685253,199.13735962,4007400,yfinance
2021-12-31,199.87580024,200.60567349,196.82747061,198.73374939,2485100,yfinance
2022-01-03,198.41604391,199.45504382,196.4324736,199.17167664,3018000,yfinance
2022-01-04,199.22318213,202.34020787,198.84537234,201.07794189,3327600,yfinance
2022-01-05,201.62750617,202.93270899,196.44106268,196.51834106,3885800,yfinance
2022-01-06,191.26319702,199.78133709,191.26319702,198.65646362,4193200,yfinance
2022-01-07,197.65177681,200.24500484,196.72441009,198.16699219,3052900,yfinance
2022-01-10,196.23495386,196.32940957,191.50361213,195.28181458,4858100,yfinance
2022-01-11,195.85714653,196.38953929,192.34513362,195.39346313,3048900,yfinance
2022-01-12,195.94305348,197.61748423,192.43103997,192.74874878,4233300,yfinance
2022-01-13,193.44425579,194.74945863,192.13047082,193.91653442,3459000,yfinance
2022-01-14,190.98842512,192.60275465,187.52793089,190.11256409,5282600,yfinance
2022-01-18,187.86279866,189.72614052,186.57477325,188.91897583,4652500,yfinance
2022-01-19,190.4131027,196.03748332,189.45996331,192.20774841,4091200,yfinance
2022-01-20,193.22100309,196.90475027,189.88930626,190.38734436,4307900,yfinance
2022-01-21,188.91039112,189.674619,183.94720098,186.54901123,7859300,yfinance
2022-01-24,184.95186198,189.79483701,181.97222881,189.40843201,5617700,yfinance
2022-01-25,187.50217166,187.77694363,182.82234816,184.34220886,4929100,yfinance
2022-01-26,185.14935891,186.48032115,180.6498651,181.79191589,4207500,yfinance
2022-01-27,184.90034155,186.60912664,181.51712607,182.19548035,4004300,yfinance
2022-01-28,184.00731305,187.01270581,180.77008513,186.90966797,2906200,yfinance
2022-01-31,186.25709054,189.53725557,185.7590524,189.27964783,4151100,yfinance
2022-02-01,190.61918172,191.07428299,185.75902928,188.24920654,4117400,yfinance
2022-02-02,187.41629344,188.98768613,184.90035657,186.8581543,4588500,yfinance
2022-02-03,183.97295929,187.46780779,182.53037714,183.08851624,6357800,yfinance
2022-02-04,183.86131405,185.04630152,180.78722543,183.7926178,3754700,yfinance
2022-02-07,184.38514846,184.75438926,180.58118593,181.43127441,4402800,yfinance
2022-02-08,181.25095514,184.32504433,180.88171434,182.85668945,2926600,yfinance
2022-02-09,184.60840002,186.48890618,183.8012353,186.02522278,2562700,yfinance
2022-02-10,184.08460716,186.76369598,182.65060702,183.62091064,3038100,yfinance
2022-02-11,183.89568381,184.40230399,181.00191115,181.6631012,2852400,yfinance
2022-02-14,181.3454198,181.61160966,176.63983661,179.09567261,4066700,yfinance
2022-02-15,180.51860914,180.51860914,177.48294005,178.67304993,4739300,yfinance
2022-02-16,178.41436973,180.11330881,176.62056556,179.21640015,3340600,yfinance
2022-02-17,178.16424406,178.47471038,175.81850143,175.93061829,3865900,yfinance
2022-02-18,176.37906937,178.1987444,175.48216083,176.26695251,3321700,yfinance
2022-02-22,174.74913935,175.2234516,167.73778209,169.33323669,5621300,yfinance
2022-02-23,169.80754125,170.64407516,163.52061451,163.77070618,4471300,yfinance
2022-02-24,159.10511733,165.37479277,158.68253411,165.19369507,3917700,yfinance
2022-02-25,165.15917099,172.04979143,164.9953251,171.80831909,4098500,yfinance
2022-02-28,170.20422441,173.49860415,168.89336533,172.28262329,6192200,yfinance
2022-03-01,195.61930728,195.85216029,188.47859568,189.23750305,15776100,yfinance
2022-03-02,191.45392558,195.00703026,188.5734958,193.95489502,6357700,yfinance
2022-03-03,195.0070234,197.65461319,191.77300451,193.04074097,4604600,yfinance
2022-03-04,192.08346505,194.11874141,191.14344675,193.26496887,3996100,yfinance
2022-03-07,193.26494155,193.70476331,181.59660441,182.00192261,5743400,yfinance
2022-03-08,182.16579959,184.47705177,178.2591061,180.07878113,4463200,yfinance
2022-03-09,184.31316744,188.36646764,184.07169513,186.27944946,3183200,yfinance
2022-03-10,184.20967879,185.83099094,181.17401007,185.22731018,3155300,yfinance
2022-03-11,185.98629175,186.73658,178.34538184,178.49198914,4042600,yfinance
2022-03-14,179.56133236,181.88982299,176.74988392,180.03564453,3168500,yfinance
2022-03-15,181.54486774,186.45195418,181.54486774,185.71891785,2866700,yfinance
2022-03-16,187.08150759,188.6079681,182.60563676,185.92588806,3029800,yfinance
2022-03-17,185.41708578,190.50527031,184.96863147,190.27243042,3655400,yfinance
2022-03-18,188.77180269,195.02423804,188.07325684,194.94662476,6544800,yfinance
2022-03-21,194.92941626,197.02506741,190.86749576,192.31632996,3023500,yfinance
2022-03-22,192.92864383,193.72205491,191.2383241,192.11798096,2464000,yfinance
2022-03-23,191.68675609,192.08345501,186.22773106,186.90040588,2993500,yfinance
2022-03-24,187.16777229,188.61661966,186.41748408,187.1763916,2240400,yfinance
2022-03-25,188.04740506,189.66871744,186.56406747,188.53034973,2465700,yfinance
2022-03-28,188.05600759,189.31512451,186.66753519,189.31512451,2212000,yfinance
2022-03-29,191.45389016,193.6702771,189.90155869,192.25592041,3072200,yfinance
2022-03-30,191.16929828,192.91135991,190.27240295,191.41940308,2464900,yfinance
2022-03-31,188.28888742,189.90158058,182.88160433,183.01959229,4615500,yfinance
2022-04-01,183.96825317,184.66679916,180.76872462,181.570755,3217100,yfinance
2022-04-04,181.26891391,185.08074253,177.81929382,184.90826416,3167000,yfinance
2022-04-05,184.11486112,188.32338887,183.8475045,185.23597717,2538500,yfinance
2022-04-06,182.54524944,187.21948257,181.96743972,186.22772217,3678500,yfinance
2022-04-07,188.86671613,198.18931311,188.37513891,196.79222107,7938100,yfinance
2022-04-08,200.94038223,203.58797213,198.88785395,201.2335968,6631200,yfinance
2022-04-11,201.16459978,203.49310397,197.41314566,197.75810242,3172200,yfinance
2022-04-12,200.33671906,203.0187996,198.68952206,199.50880432,3366600,yfinance
2022-04-13,198.61186804,202.82902783,197.93056074,201.64753723,2451300,yfinance
2022-04-14,201.72514769,205.41623987,201.03522109,204.56245422,3909700,yfinance
2022-04-18,203.13086169,208.06381919,202.73416277,206.4511261,3341800,yfinance
2022-04-19,207.24455351,213.18652372,206.52013643,212.19476318,4715700,yfinance
2022-04-20,214.41116792,216.43782532,212.53113097,215.01486206,3735500,yfinance
2022-04-21,216.33427752,219.80113579,213.54008087,214.02302551,3967700,yfinance
2022-04-22,212.62594651,213.18650448,208.21042415,208.42602539,3431300,yfinance
2022-04-25,206.96858343,209.49542379,205.48524576,208.40879822,3265100,yfinance
2022-04-26,206.59775871,209.13323175,203.88118797,203.95880127,2915500,yfinance
2022-04-27,203.91568892,204.84708803,198.75850996,199.18971252,2995300,yfinance
2022-04-28,202.17358736,204.92466127,199.02581453,203.86390686,2317800,yfinance
2022-04-29,202.22535916,203.38097873,196.80945665,197.18890381,3220700,yfinance
2022-05-02,198.48250727,200.94036681,194.17911471,198.16342163,3049000,yfinance
2022-05-03,199.25004788,202.22535569,197.92194995,200.5436554,3027600,yfinance
2022-05-04,199.94862493,205.7612268,197.61150135,204.76083374,3256300,yfinance
2022-05-05,203.19122942,203.40683066,196.88705139,199.00856018,3466500,yfinance
2022-05-06,194.77415236,198.05991293,192.01444614,194.22221375,3683300,yfinance
2022-05-09,192.4887913,196.78356447,191.72988385,193.35119629,4672300,yfinance
2022-05-10,195.41238049,197.27517878,186.87457474,188.96159363,3748000,yfinance
2022-05-11,189.2116409,190.52250011,183.15756762,184.11483765,3193600,yfinance
2022-05-12,184.00274883,190.43629653,183.74402467,187.37475586,3547400,yfinance
2022-05-13,189.72044951,192.57500748,187.84040007,189.49621582,3146700,yfinance
2022-05-16,189.82395945,191.15205732,186.51232751,189.08229065,3345600,yfinance
2022-05-17,182.39706055,186.68355759,181.09812125,186.42376709,6641600,yfinance
2022-05-18,141.21207634,145.48125197,134.39696346,139.94776917,50936800,yfinance
2022-05-19,139.65334723,139.79189076,131.00240366,132.86421204,23319000,yfinance
2022-05-20,133.02874757,134.91654691,130.66468088,134.53552246,12300200,yfinance
2022-05-23,134.21506985,135.18494028,132.73427327,133.27116394,7700100,yfinance
2022-05-24,131.26218086,131.70381557,126.00579882,129.85066223,10936600,yfinance
2022-05-25,130.10176099,135.93831961,129.47826909,135.4533844,8107700,yfinance
2022-05-26,136.80429017,141.43717919,136.69172441,141.32460022,7369700,yfinance
2022-05-27,141.35925861,144.78845144,141.32461282,144.73649597,6315500,yfinance
2022-05-31,144.19096456,144.43343225,139.7918871,140.18157959,8942100,yfinance
2022-06-01,140.18156859,141.28999602,135.50537801,135.5400238,4480900,yfinance
2022-06-02,135.57468284,139.47150247,135.15902577,139.34161377,4366000,yfinance
2022-06-03,137.85212979,141.03020037,137.68759533,139.45414734,4187700,yfinance
2022-06-06,139.76588299,140.3287647,137.47109519,138.26777649,3772300,yfinance
2022-06-07,128.16203312,136.77832933,127.42596211,135.0723877,33299700,yfinance
2022-06-08,133.73011486,138.23311468,132.79489026,135.69584656,6576000,yfinance
2022-06-09,135.73916917,137.07274116,133.78210521,133.83406067,5744300,yfinance
2022-06-10,131.20154747,132.2493645,129.57355224,129.60818481,5099600,yfinance
2022-06-13,126.88907177,127.63379763,124.58561584,125.39962006,5886000,yfinance
2022-06-14,125.46026327,126.80249043,122.35145747,123.57246399,5200800,yfinance
2022-06-15,123.41657359,129.26180126,123.06152696,127.67709351,6353100,yfinance
2022-06-16,125.49486596,127.3653419,122.9749203,123.73696899,5630300,yfinance
2022-06-17,122.16957312,122.79306504,120.00467427,120.6281662,10928100,yfinance
2022-06-21,122.57657688,126.17030373,121.97040784,125.30434418,6555500,yfinance
2022-06-22,123.99677946,124.97531821,121.44220083,121.93579102,4639700,yfinance
2022-06-23,122.81042279,127.5558787,121.95311785,127.13155365,5211100,yfinance
2022-06-24,127.44329081,130.75991814,126.84577649,130.25765991,6993100,yfinance
2022-06-27,130.89845337,131.56523273,128.18799566,129.55621338,3607200,yfinance
2022-06-28,130.27499422,131.02837501,124.98397932,125.14851379,4131800,yfinance
2022-06-29,124.88007034,125.12253803,122.37744701,122.87969208,4238900,yfinance
2022-06-30,121.3902315,124.03141138,118.77504257,122.29949188,5899900,yfinance
2022-07-01,121.89245522,123.39922952,120.801351,123.2953186,3010200,yfinance
2022-07-05,122.45537869,126.48208649,120.62820299,126.17900848,3715100,yfinance
2022-07-06,125.96250178,126.49939256,123.85821287,125.39962006,2828500,yfinance
2022-07-07,126.23958095,130.00651024,125.77196861,129.85929871,3959500,yfinance
2022-07-08,129.7986995,129.91993333,127.69442376,128.15338135,2544900,yfinance
2022-07-11,128.1533783,128.77687033,126.24825643,126.76783752,2050800,yfinance
2022-07-12,127.00164122,129.59952008,124.35180689,125.18312073,3132800,yfinance
2022-07-13,123.53782334,127.58185386,123.16545377,125.94519043,2769000,yfinance
2022-07-14,124.29985462,126.90640188,123.76296382,126.6812439,2976000,yfinance
2022-07-15,128.09275693,128.75088155,126.30022723,127.01030731,3831500,yfinance
2022-07-18,128.63834207,132.30134864,127.97154927,129.33976746,4362700,yfinance
2022-07-19,131.06301451,132.95945528,129.68612846,132.80358887,3155900,yfinance
2022-07-20,133.18460133,135.61794591,131.80772861,135.52268982,3248100,yfinance
2022-07-21,135.5053591,137.47109115,134.21508771,137.39315796,3105200,yfinance
2022-07-22,137.99066149,139.23763216,135.63525042,136.59646606,2779800,yfinance
2022-07-25,137.16798751,137.23726586,135.61792573,136.37997437,2328000,yfinance
2022-07-26,129.66013655,132.16275944,129.46096952,131.46133423,4620000,yfinance
2022-07-27,132.49185461,134.95117737,130.58674562,133.87739563,3609300,yfinance
2022-07-28,134.31036085,138.60551375,133.93799129,138.05130005,3114000,yfinance
2022-07-29,138.55353633,142.0520073,137.28057465,141.48048401,5523000,yfinance
2022-08-01,146.03541568,146.44241772,143.18641462,143.35960388,4534700,yfinance
2022-08-02,142.46768306,144.03506789,141.40254319,141.56707764,3109400,yfinance
2022-08-03,142.34645021,146.91004801,142.34645021,145.41194153,4057000,yfinance
2022-08-04,145.1608362,145.91421695,143.51550476,144.23425293,3157600,yfinance
2022-08-05,142.9266243,144.52864151,142.36374267,143.86186218,2205400,yfinance
2022-08-08,144.32084904,148.07045618,144.12166879,144.58929443,2806400,yfinance
2022-08-09,143.55014063,143.81858602,141.93945509,142.98725891,2608600,yfinance
2022-08-10,146.38180937,149.75039179,145.26472727,146.92736816,4539900,yfinance
2022-08-11,148.13972198,149.80236291,146.24326826,146.86676025,4278800,yfinance
2022-08-12,148.13970957,149.36937057,147.25642711,149.36070251,2357300,yfinance
2022-08-15,148.79787798,150.81556596,147.38635924,150.14877319,3788600,yfinance
2022-08-16,154.33142966,160.23943543,152.98077647,157.01530457,9057600,yfinance
2022-08-17,151.76083176,155.09824707,148.85911014,152.7890625,13409000,yfinance
2022-08-18,151.60394759,152.61475997,149.51262354,150.79356384,4241300,yfinance
2022-08-19,149.73051796,149.80893965,145.33871745,145.55656433,5015800,yfinance
2022-08-22,143.83989765,144.63284993,140.60704515,141.12988281,4630100,yfinance
2022-08-23,141.11243977,141.87926473,139.5526493,141.13858032,3795100,yfinance
2022-08-24,141.22576081,143.37807544,139.17799513,142.14942932,3407100,yfinance
2022-08-25,141.7137004,146.0009237,140.81617268,145.95735168,3071400,yfinance
2022-08-26,146.40180256,146.49765571,139.94483158,139.96224976,3607600,yfinance
2022-08-29,138.768416,139.81407802,137.81860712,138.28044128,2531100,yfinance
2022-08-30,138.28915175,140.37176671,136.96463942,140.10163879,3249700,yfinance
2022-08-31,140.51119681,140.56347791,137.90574409,139.7182312,4901300,yfinance
2022-09-01,138.80327837,143.6917617,137.76633865,143.63948059,4021400,yfinance
2022-09-02,144.22331125,144.94656432,142.28883032,143.43035889,3563200,yfinance
2022-09-06,143.35191822,143.5959056,138.83813844,142.54153442,4530300,yfinance
2022-09-07,142.22783893,149.63463113,141.84442639,148.82423401,5206400,yfinance
2022-09-08,147.32548902,150.0616452,147.02049808,149.79150391,2817100,yfinance
2022-09-09,149.66074544,152.11806362,149.47774828,151.31637573,3379500,yfinance
2022-09-12,152.58865075,153.47746964,150.87201648,151.4907074,3024600,yfinance
2022-09-13,148.17940406,149.66075972,144.38015513,144.85942078,3585400,yfinance
2022-09-14,146.27108332,147.15990216,142.38468983,144.11004639,3618800,yfinance
2022-09-15,144.17104075,147.25575955,143.51750021,143.78762817,2909300,yfinance
2022-09-16,141.8008442,144.3365843,140.91203877,142.9859314,4843500,yfinance
2022-09-19,142.03615655,143.85735316,141.19090965,143.5697937,2607200,yfinance
2022-09-20,142.29754498,142.68966659,137.87089601,139.44810486,3019600,yfinance
2022-09-21,140.29333979,142.75065808,138.57670593,138.57670593,2809500,yfinance
2022-09-22,137.88833868,138.05389111,133.00856422,133.28741455,3984700,yfinance
2022-09-23,132.40731823,133.1305714,130.45541889,132.98243713,3796600,yfinance
2022-09-26,132.06747634,132.89529174,128.41636089,129.58403015,3967800,yfinance
2022-09-27,131.11765259,132.67743006,127.9719438,129.37487793,2941400,yfinance
2022-09-28,130.3072814,136.76426599,130.106866,135.82316589,4254000,yfinance
2022-09-29,134.36794556,134.84721133,131.49236424,132.26789856,3170400,yfinance
2022-09-30,132.09358163,132.6512689,126.7868368,129.30514526,4328300,yfinance
2022-10-03,130.42056137,132.99115176,129.30518647,132.26789856,2847500,yfinance
2022-10-04,134.80362055,137.93189795,134.48992058,136.77296448,3028600,yfinance
2022-10-05,135.06501155,137.2870515,133.67950914,136.29367065,2491700,yfinance
2022-10-06,137.20864497,138.55057551,135.48328861,135.71856689,2603400,yfinance
2022-10-07,134.48990586,134.64676248,131.33548825,132.74713135,2771900,yfinance
2022-10-10,133.30484829,134.08910497,131.12637967,133.40942383,2055800,yfinance
2022-10-11,133.75794622,137.43520158,133.06955613,134.6293335,2408100,yfinance
2022-10-12,134.83844444,136.8077745,134.22846284,134.33303833,2265100,yfinance
2022-10-13,131.76247565,135.98869595,129.72341932,134.29820251,3393900,yfinance
2022-10-14,134.61189575,135.23058653,126.51671422,126.95240784,4762800,yfinance
2022-10-17,128.73879039,131.57950877,127.81510849,130.05458069,3177400,yfinance
2022-10-18,135.5268687,140.40664301,135.07374357,137.00822449,5563400,yfinance
2022-10-19,136.97337656,137.84476389,134.30693346,135.40487671,2611500,yfinance
2022-10-20,135.91899946,138.69001824,133.6882499,134.54220581,3079800,yfinance
2022-10-21,134.66416718,138.77711568,134.45504277,138.71612549,3508300,yfinance
2022-10-24,139.68337647,141.94897531,139.09954862,141.00788879,2974100,yfinance
2022-10-25,141.86183637,144.9204006,141.15601488,144.47599792,4177900,yfinance
2022-10-26,146.25365137,148.78939177,144.05776479,145.3212738,3453500,yfinance
2022-10-27,146.58477745,148.39726469,145.34740904,145.43453979,2957400,yfinance
2022-10-28,144.87685121,146.34078882,142.07098297,145.97480774,3066800,yfinance
2022-10-31,144.65030943,145.83539683,142.92496609,143.12538147,3792500,yfinance
2022-11-01,145.03371809,145.50426143,141.66145318,143.42164612,3051000,yfinance
2022-11-02,143.41290198,144.55441705,139.49165972,139.59622192,3377900,yfinance
2022-11-03,137.66174954,140.1103455,137.4613342,139.24768066,3041600,yfinance
2022-11-04,141.52203483,141.81830337,136.16299419,139.09957886,2653500,yfinance
2022-11-07,140.50247957,140.6506138,137.6791802,139.30867004,2424100,yfinance
2022-11-08,140.5722126,143.48264313,139.2564092,140.83361816,3284600,yfinance
2022-11-09,140.36307319,140.80747594,132.88656828,133.31355286,4018400,yfinance
2022-11-10,138.49828371,143.38676643,138.01901809,143.2386322,4962900,yfinance
2022-11-11,143.88346782,152.34464442,143.73533357,151.02885437,5828300,yfinance
2022-11-14,150.43629141,154.06126549,150.18359496,150.97654724,5753800,yfinance
2022-11-15,155.20299783,158.23691542,155.11530716,156.93916321,8606000,yfinance
2022-11-16,131.39644581,138.97245626,130.43190202,136.32435608,36731500,yfinance
2022-11-17,134.57937549,142.20799283,133.91297212,142.05892944,11300500,yfinance
2022-11-18,142.03264738,144.41768865,140.29648216,142.82182312,7280900,yfinance
2022-11-21,141.2435172,141.98883441,137.46428199,138.56034851,5964700,yfinance
2022-11-22,139.23551098,140.21759565,136.56988319,138.42004395,6364100,yfinance
2022-11-23,138.96368236,143.92667437,138.76200989,143.28657532,4833500,yfinance
2022-11-25,143.36548726,143.76884559,141.69947166,143.26026917,1883000,yfinance
2022-11-28,142.76046129,146.3380238,142.76046129,145.00520325,4624100,yfinance
2022-11-29,144.18096744,146.4081821,141.62055767,145.88206482,5231700,yfinance
2022-11-30,145.45239231,146.63613593,142.69907419,146.49584961,11376700,yfinance
2022-12-01,145.96971694,146.81148831,142.97088135,144.70704651,4989200,yfinance
2022-12-02,143.19888335,144.55800839,142.44478912,143.94421387,3442900,yfinance
2022-12-05,142.83058591,142.83058591,135.72807119,135.85083008,6233200,yfinance
2022-12-06,136.63126588,137.38534676,134.40405136,135.95608521,4721800,yfinance
2022-12-07,134.59695891,136.51726945,134.50050453,134.82493591,3685200,yfinance
2022-12-08,135.07043615,136.14019793,134.30757829,135.21951294,3107100,yfinance
2022-12-09,134.51802409,135.6666994,133.38687621,133.5271759,2905900,yfinance
2022-12-12,131.96639756,132.1242247,130.15130514,131.55427551,4433800,yfinance
2022-12-13,134.33387101,135.1230467,131.26488564,132.290802,4178900,yfinance
2022-12-14,131.96641165,135.60534722,131.65074395,133.72888184,3749100,yfinance
2022-12-15,131.40523712,131.52799605,127.424329,129.42355347,5415500,yfinance
2022-12-16,128.06439474,129.47612873,127.6259682,128.41513062,8367000,yfinance
2022-12-19,128.54667393,128.89740982,125.88103292,126.83679962,4186700,yfinance
2022-12-20,125.30230322,126.23177874,124.90772199,125.60920715,3175400,yfinance
2022-12-21,124.74111772,126.43345117,124.48683621,124.77619934,3510200,yfinance
2022-12-22,124.07469123,124.25883623,122.47881245,123.94316864,3846500,yfinance
2022-12-23,123.5135272,125.62674636,122.65421491,125.52151489,2464800,yfinance
2022-12-27,125.39000589,128.26608327,124.86388862,127.62598419,3112500,yfinance
2022-12-28,127.41552149,129.09031412,127.01217656,127.84518433,2623200,yfinance
2022-12-29,128.87110482,131.22984187,128.79219125,130.09869385,2829000,yfinance
2022-12-30,129.09907061,130.7212541,128.72203022,130.68617249,2391100,yfinance
2023-01-03,131.5104289,133.84286144,131.15969299,133.04492188,3685200,yfinance
2023-01-04,130.00225365,135.31599541,129.49367718,133.9130249,4443300,yfinance
2023-01-05,133.46578322,135.48253414,131.78221391,135.26332092,3266000,yfinance
2023-01-06,138.23589145,141.22596386,137.56072417,140.42802429,4944200,yfinance
2023-01-09,140.19128354,140.62093301,137.08721595,137.09599304,3853800,yfinance
2023-01-10,138.03420586,138.13942394,135.77192338,136.76277161,2554900,yfinance
2023-01-11,137.79744689,139.41963033,136.70138061,139.39332581,3146800,yfinance
2023-01-12,140.29648376,140.51569702,137.20995737,140.07727051,3222600,yfinance
2023-01-13,139.70023407,144.61936682,139.53362985,144.33001709,5161200,yfinance
2023-01-17,144.23357206,145.28579311,142.11158915,142.13789368,3527900,yfinance
2023-01-18,143.28655919,144.84735654,140.8489088,141.02427673,2798100,yfinance
2023-01-19,139.85807538,140.8313829,138.13067363,139.50733948,2881300,yfinance
2023-01-20,139.97209195,142.70786988,138.98124348,142.234375,3122000,yfinance
2023-01-23,142.23435548,145.11043275,141.48026124,144.3563385,2371400,yfinance
2023-01-24,148.90718931,148.90718931,143.15502214,143.40931702,1902000,yfinance
2023-01-25,142.48859749,143.98802185,140.85765055,143.98802185,2248200,yfinance
2023-01-26,145.29455345,146.52215579,144.22479161,146.46076965,2079100,yfinance
2023-01-27,147.31135456,149.34566064,146.25035617,147.75854492,3850300,yfinance
2023-01-30,146.4344707,148.70551706,145.32964059,147.90757751,3453500,yfinance
2023-01-31,147.41651466,151.01161713,147.41651466,150.94146729,3716000,yfinance
2023-02-01,150.91520146,155.79926672,148.98612714,155.27316284,4022200,yfinance
2023-02-02,155.82556945,159.32420473,155.1153072,158.72795105,4003800,yfinance
2023-02-03,155.43974207,157.01808021,153.62464985,154.99253845,2941600,yfinance
2023-02-06,153.17747467,153.78250547,150.57321982,152.43214417,2642700,yfinance
2023-02-07,152.17784589,153.83509758,150.76611198,153.23883057,2256700,yfinance
2023-02-08,152.15153255,152.54611371,150.3890495,150.63456726,2037000,yfinance
2023-02-09,151.43252788,152.58998039,149.55606277,150.26631165,1656100,yfinance
2023-02-10,149.34562391,150.11724553,148.00402638,149.08256531,1841400,yfinance
2023-02-13,149.93311176,152.13400816,149.35438553,151.97618103,2432600,yfinance
2023-02-14,151.36737178,152.62912771,148.97619378,151.03207397,2418400,yfinance
2023-02-15,150.00852306,155.54968753,149.95558414,155.3114624,2954400,yfinance
2023-02-16,153.70554283,156.43200421,153.32613836,154.00553894,2318700,yfinance
2023-02-17,152.95560659,153.10560469,150.78501642,152.84089661,2678100,yfinance
2023-02-21,149.57619059,150.87324803,146.62030845,146.66442871,4133600,yfinance
2023-02-22,146.11735825,149.38205487,145.76440971,146.22323608,2941000,yfinance
2023-02-23,146.38204884,146.38204884,142.82617482,146.02911377,2718500,yfinance
2023-02-24,144.7761767,147.73204494,143.82323586,147.31735229,2888800,yfinance
2023-02-27,148.82615586,149.88497447,146.01145374,147.1849823,5245000,yfinance
2023-02-28,148.87913027,152.35559652,147.44090681,148.67619324,10669300,yfinance
2023-03-01,148.37619035,148.58794603,141.88208457,143.2938385,5835700,yfinance
2023-03-02,142.24385587,146.46149391,142.01443592,146.41737366,2829200,yfinance
2023-03-03,146.60266897,146.65562136,144.98797787,146.47032166,2318600,yfinance
2023-03-06,146.99090261,147.14090071,145.16444238,145.76443481,2220900,yfinance
2023-03-07,146.32031651,147.01736811,143.45267481,143.66444397,2410800,yfinance
2023-03-08,143.73503477,144.46738803,143.09092203,144.27326965,1752700,yfinance
2023-03-09,144.97914888,145.32326536,141.59092291,141.74092102,1872200,yfinance
2023-03-10,141.41445228,142.82620634,138.97915398,139.57032776,2754200,yfinance
2023-03-13,137.9291428,141.82030127,137.84972096,139.34089661,2342500,yfinance
2023-03-14,140.97324523,141.45854105,138.13207348,139.73794556,2574200,yfinance
2023-03-15,137.93795298,141.05265137,137.73501599,140.40853882,2633900,yfinance
2023-03-16,139.01443885,144.03501949,138.73207999,143.86737061,2510100,yfinance
2023-03-17,143.58503096,144.22915714,139.66738883,140.61151123,13175000,yfinance
2023-03-20,140.62031052,144.14971542,140.52325135,144.03501892,2875800,yfinance
2023-03-21,144.90854707,145.3850243,142.48208104,143.56738281,2497200,yfinance
2023-03-22,143.73500832,143.920308,138.85560715,138.94384766,2909900,yfinance
2023-03-23,140.07324283,140.50559973,136.27913025,137.75265503,2791700,yfinance
2023-03-24,136.51740012,138.14975548,134.71739585,137.84092712,2703700,yfinance
2023-03-27,138.82913119,141.21147668,138.07030864,140.62913513,3078700,yfinance
2023-03-28,140.33794223,142.28793058,139.49971139,140.97323608,2910600,yfinance
2023-03-29,141.96148011,142.05853928,137.57619369,139.50854492,4219400,yfinance
2023-03-30,140.99973779,142.42032389,140.88502781,141.41444397,2237400,yfinance
2023-03-31,142.49971469,146.32029689,142.01441885,146.14382935,3094100,yfinance
2023-04-03,146.82326589,148.19974537,145.87915691,146.52326965,2744400,yfinance
2023-04-04,146.21445383,147.37033199,145.54385816,146.51445007,2350500,yfinance
2023-04-05,146.29382764,147.34382769,144.75853175,145.79971313,2762100,yfinance
2023-04-06,143.44387383,146.32915322,141.77621676,146.0997467,2552900,yfinance
2023-04-10,145.6585551,149.71736303,145.22619812,149.11737061,2724400,yfinance
2023-04-11,149.74384511,151.09384152,149.45266756,149.62913513,2155500,yfinance
2023-04-12,150.40562253,150.6791493,143.99092421,144.27326965,3900300,yfinance
2023-04-13,144.74089369,145.5350179,142.67619499,144.06149292,2464600,yfinance
2023-04-14,143.82323498,146.00264336,141.07912242,142.05853271,2370100,yfinance
2023-04-17,142.50854782,143.89384576,142.27032267,143.55854797,2566500,yfinance
2023-04-18,143.77913438,143.8497241,142.93208472,143.2938385,2195400,yfinance
2023-04-19,141.83796627,143.69090932,141.36150251,143.39089966,2183700,yfinance
2023-04-20,141.9879372,143.37323488,140.98205748,141.42323303,2809900,yfinance
2023-04-21,142.34089188,145.17323149,142.00559413,143.09970093,2743600,yfinance
2023-04-24,143.21444246,144.88208594,143.21444246,144.65267944,2313100,yfinance
2023-04-25,144.66148658,144.80266601,138.82032554,139.06738281,2723300,yfinance
2023-04-26,138.48501049,139.94971663,136.57912877,137.16148376,3077400,yfinance
2023-04-27,137.84971072,139.94089201,136.87913257,139.54382324,3037900,yfinance
2023-04-28,139.98501341,140.87619674,137.60266785,139.19090271,3432900,yfinance
2023-05-01,139.1291702,140.07329271,137.94682249,138.63505554,1964500,yfinance
2023-05-02,138.13210297,138.3526908,135.50269979,137.39974976,2277400,yfinance
2023-05-03,137.04681906,139.95856776,136.18210504,136.38505554,2385700,yfinance
2023-05-04,136.04089601,136.32325484,133.12031581,134.58502197,2653600,yfinance
2023-05-05,136.31444546,139.2085564,136.03208661,137.91149902,2187200,yfinance
2023-05-08,138.07033138,139.22620946,137.33797817,138.08798218,1495200,yfinance
2023-05-09,137.38207415,139.28795591,137.1350169,138.89971924,1886000,yfinance
2023-05-10,139.57031893,140.55856152,136.78209912,139.17326355,2804800,yfinance
2023-05-11,138.86444344,140.56737489,138.12325816,140.17913818,2832000,yfinance
2023-05-12,139.23501531,140.55854205,137.67324999,139.40266418,3361600,yfinance
2023-05-15,139.38504971,141.87327362,138.88210296,141.6791687,4055200,yfinance
2023-05-16,139.80478247,142.88727548,137.42406119,139.38726807,5805900,yfinance
2023-05-17,138.40121909,144.65502932,137.79715025,142.98498535,8387700,yfinance
2023-05-18,142.90503216,143.57127681,136.13599082,136.96212769,7881600,yfinance
2023-05-19,137.60170194,137.9303918,134.07504638,135.27429199,4456000,yfinance
2023-05-22,134.13723769,135.68292995,133.04460041,134.94561768,3717000,yfinance
2023-05-23,133.54206637,134.43039249,130.53064139,130.72607422,4374100,yfinance
2023-05-24,129.51795419,129.59790029,126.25779888,127.11947632,6738300,yfinance
2023-05-25,126.30219831,126.31996863,123.16640827,125.0318985,7409500,yfinance
2023-05-26,124.6410403,124.79205412,121.88723736,123.41514587,8100400,yfinance
2023-05-30,122.78441135,123.37958809,118.66257957,118.89353943,10931900,yfinance
2023-05-31,119.24890357,120.15498645,116.04204572,116.30853271,20234400,yfinance
2023-06-01,114.23875034,117.28570259,112.59534151,116.51286316,13678400,yfinance
2023-06-02,116.58391456,118.39609372,115.9798458,118.34279633,7594000,yfinance
2023-06-05,116.96589801,117.7120887,115.2336648,116.01539612,7702900,yfinance
2023-06-06,115.57124979,118.11186339,115.4202224,117.88088989,6065200,yfinance
2023-06-07,117.28570229,117.53443253,116.37960581,117.03697205,5504400,yfinance
2023-06-08,116.81487638,117.94305427,115.67782012,116.61056519,6162000,yfinance
2023-06-09,115.03822541,116.0153895,112.77299123,112.80852509,9404100,yfinance
2023-06-12,113.08391879,113.16386489,111.1118337,112.35549164,8248400,yfinance
2023-06-13,113.2615931,114.9494075,112.58646327,114.34535217,6916300,yfinance
2023-06-14,114.77172401,119.50650353,113.6435529,118.35167694,14968700,yfinance
2023-06-15,120.02176482,122.66009497,119.5687233,122.44689178,10063100,yfinance
2023-06-16,122.64229875,122.64229875,118.71589903,118.86691284,9903000,yfinance
2023-06-20,118.25397617,118.40498999,116.74382438,117.89865112,5355200,yfinance
2023-06-21,117.57883539,119.01791924,116.66386065,118.34279633,3845500,yfinance
2023-06-22,118.53825213,118.82250947,116.75270777,117.6055069,4620600,yfinance
2023-06-23,116.37962106,117.62328598,115.76668731,117.10805511,6975500,yfinance
2023-06-26,117.56996274,120.3326574,117.5610708,119.4798584,4831100,yfinance
2023-06-27,118.32505207,119.78190656,117.62328031,117.7121048,6047600,yfinance
2023-06-28,117.88088594,118.48495482,117.15246549,117.67657471,4601900,yfinance
2023-06-29,117.6854337,119.08899052,117.05472978,118.06742096,6055200,yfinance
2023-06-30,118.86691796,118.9024586,116.48621043,117.17021179,7316200,yfinance
2023-07-03,116.89482955,120.2082957,116.89482955,119.79965973,4134600,yfinance
2023-07-05,119.24890826,119.4709898,117.69433749,117.74763489,5186900,yfinance
2023-07-06,117.15246641,118.12073874,115.86438254,116.22859955,4882300,yfinance
2023-07-07,115.92655372,117.45447566,115.35802557,115.52680969,4256800,yfinance
2023-07-10,115.73112929,117.13468623,115.73112929,117.02809143,3831300,yfinance
2023-07-11,117.29456696,119.30219253,116.69939013,118.49381256,4089200,yfinance
2023-07-12,119.7907757,120.28823613,118.00523163,118.06742096,3758300,yfinance
2023-07-13,118.476064,119.30221444,117.87200868,117.98749542,3077400,yfinance
2023-07-14,117.33898432,117.86309343,116.06868458,116.29964447,4124300,yfinance
2023-07-17,116.19306486,116.21971356,114.19433099,115.4912796,4731500,yfinance
2023-07-18,115.7933276,117.23241174,114.62960888,116.20195007,3786400,yfinance
2023-07-19,116.81490111,118.08520113,116.26414318,117.88088989,3229200,yfinance
2023-07-20,118.26288781,120.18166236,117.68546756,119.60425568,4174700,yfinance
2023-07-21,120.03952625,121.1321637,118.68038822,119.10678101,4034200,yfinance
2023-07-24,119.31999662,120.45705321,118.88471184,120.28826904,2622600,yfinance
2023-07-25,120.00397909,120.66134534,118.4494083,118.68038177,3849400,yfinance
2023-07-26,117.93418043,120.40372616,117.66769342,119.45322418,5180100,yfinance
2023-07-27,120.21717068,122.83772991,119.4798584,119.4798584,5538800,yfinance
2023-07-28,120.67913215,121.469742,119.75526521,119.92404938,2957500,yfinance
2023-07-31,120.1549779,121.60295372,120.1549779,121.2298584,6055300,yfinance
2023-08-01,121.10551805,121.29205897,118.10297102,118.13851166,4060700,yfinance
2023-08-02,117.43669868,119.11563434,117.099144,118.62705231,3562700,yfinance
2023-08-03,118.35168718,119.07122918,117.79205093,117.90752411,3723100,yfinance
2023-08-04,118.85803635,119.58645672,117.23239795,117.7298584,3481500,yfinance
2023-08-07,118.16514334,118.76919859,116.67274842,117.20574951,3036700,yfinance
2023-08-08,116.03315311,116.55727582,114.9049887,116.35295105,4359100,yfinance
2023-08-09,116.6816407,117.32123659,115.71335494,116.01539612,2761200,yfinance
2023-08-10,116.59279369,117.71207963,115.94431947,116.29964447,4375600,yfinance
2023-08-11,115.5090494,116.98367407,115.50017101,116.41514587,3804000,yfinance
2023-08-14,116.13088353,117.09916942,114.47859621,114.96717834,4425100,yfinance
2023-08-15,114.63566897,115.86311766,111.95680681,112.03744507,9416500,yfinance
2023-08-16,120.95206488,121.17605019,114.25938287,115.35243225,23754400,yfinance
2023-08-17,115.16426584,119.02578356,115.06571177,116.57089996,8659600,yfinance
2023-08-18,116.12295359,118.64054648,115.63018313,117.55646515,5755800,yfinance
2023-08-21,116.91137013,118.0402511,114.16978546,114.49232483,5928600,yfinance
2023-08-22,112.45852922,112.95129958,109.87822119,111.93888855,8791100,yfinance
2023-08-23,111.38341131,112.34206813,110.01262235,110.38891602,4797500,yfinance
2023-08-24,109.86031303,111.49092575,109.41234243,111.18630219,4308100,yfinance
2023-08-25,111.09668997,111.18628271,108.18488156,109.11666107,7279700,yfinance
2023-08-28,109.24210964,110.85480651,108.80310037,110.58602142,5116600,yfinance
2023-08-29,110.93543833,114.37585607,110.89063853,113.03194427,5267400,yfinance
2023-08-30,112.6825124,114.09810102,112.32414142,113.73972321,3276700,yfinance
2023-08-31,113.20215534,114.41167444,112.74522347,113.38134766,4234600,yfinance
2023-09-01,114.27730058,114.41168629,112.12704038,112.45853424,2997100,yfinance
2023-09-05,112.36891966,114.20560146,111.99262608,112.16285706,3427300,yfinance
2023-09-06,112.16288723,112.41374969,110.31724361,110.83689117,3562100,yfinance
2023-09-07,110.9623026,111.88512083,110.6666404,111.50882721,3267200,yfinance
2023-09-08,111.41924869,111.7507494,109.77967465,110.81896973,2923200,yfinance
2023-09-11,111.41027935,111.64322596,109.78862807,109.90509796,2613100,yfinance
2023-09-12,110.1111633,110.63081078,109.52880022,109.66319275,2930600,yfinance
2023-09-13,109.96780764,110.80999445,109.74382237,110.13803864,2541500,yfinance
2023-09-14,110.7383258,111.95680632,110.03053147,111.78657532,3760900,yfinance
2023-09-15,111.77761822,112.08223492,109.94989748,110.24555969,4919800,yfinance
2023-09-18,110.12908662,110.12908662,106.21382809,106.9216156,5415200,yfinance
2023-09-19,107.02913525,108.22073869,106.57220332,107.66525269,4056200,yfinance
2023-09-20,108.03258026,108.8926829,107.57564838,107.88027191,3263500,yfinance
2023-09-21,107.10976042,107.81754787,104.71759251,105.11180878,4133200,yfinance
2023-09-22,104.79823803,105.15661586,100.82921844,100.88297272,6593700,yfinance
2023-09-25,100.44396896,101.01737079,99.02838022,100.57836151,5353300,yfinance
2023-09-26,99.7720135,100.69483185,97.7651071,98.08764648,6022200,yfinance
2023-09-27,97.99803256,99.12692024,97.20064555,98.3205719,4498100,yfinance
2023-09-28,98.1414012,98.98358813,96.89604346,98.15931702,4676500,yfinance
2023-09-29,98.88501588,100.03181933,98.44599984,99.06420135,4738100,yfinance
2023-10-02,98.86710809,98.90294656,94.74578002,95.58796692,6121300,yfinance
2023-10-03,95.13103076,97.29024536,95.13103076,96.00905609,5370300,yfinance
2023-10-04,97.12000427,97.12000427,94.74575929,95.52523041,5523100,yfinance
2023-10-05,94.85328485,95.59691075,93.74231299,94.20820618,4749300,yfinance
2023-10-06,93.84983994,95.21166754,92.21922724,94.08278656,7556900,yfinance
2023-10-09,94.28885222,95.07728487,92.94494039,94.75474548,4819900,yfinance
2023-10-10,95.37293737,99.59282641,95.1579134,98.22203064,6791800,yfinance
2023-10-11,98.66105386,98.92087765,95.80299906,97.64863586,3977400,yfinance
2023-10-12,101.23239312,101.24135444,98.11452161,99.27028656,6497300,yfinance
2023-10-13,99.63761326,100.55147705,98.56248662,100.32749176,4651400,yfinance
2023-10-16,100.8471233,101.05319275,98.36536958,99.7988739,3872700,yfinance
2023-10-17,99.61075615,101.40263879,99.22550111,100.84715271,3387900,yfinance
2023-10-18,100.29165757,100.31853472,98.49081389,98.74167633,2940800,yfinance
2023-10-19,98.75063381,99.35987406,97.0573056,97.08418274,4249500,yfinance
2023-10-20,96.98563961,98.76856077,96.49286919,97.50528717,4215700,yfinance
2023-10-23,96.84228337,97.16482276,95.56109399,96.24200439,3189800,yfinance
2023-10-24,96.46598525,97.86365814,96.14344588,97.37088776,2518100,yfinance
2023-10-25,97.14690888,99.52115453,96.68997693,98.87607574,4123200,yfinance
2023-10-26,98.73272199,100.26478752,98.54457515,99.33300781,3092400,yfinance
2023-10-27,99.01942572,99.5390733,95.76716139,96.07178497,3448200,yfinance
2023-10-30,96.54661276,97.74717053,95.50731782,97.36191559,3852700,yfinance
2023-10-31,97.55007112,99.70033128,97.17377748,99.26132202,5549400,yfinance
2023-11-01,99.52114578,99.52114578,97.30817002,98.14139557,3081500,yfinance
2023-11-02,98.76854377,100.19309366,97.5859018,99.51217651,3817800,yfinance
2023-11-03,100.52458579,102.32542926,100.41707723,101.10694885,4341100,yfinance
2023-11-06,101.50116886,101.63556139,99.37778598,99.4942627,3696200,yfinance
2023-11-07,99.29716747,100.94569604,99.27029032,99.76305389,2859100,yfinance
2023-11-08,99.48530823,100.29165665,97.92637251,98.41913605,4514000,yfinance
2023-11-09,98.83126095,98.83126095,95.26541918,95.67755127,5604600,yfinance
2023-11-10,95.96426265,97.32609027,94.27989565,97.05731201,6235800,yfinance
2023-11-13,97.40671034,97.5052644,95.98216054,96.13447571,4016000,yfinance
2023-11-14,97.99018906,101.6653847,97.83630312,100.2894516,7656100,yfinance
2023-11-15,114.13028824,119.06374092,113.04401868,118.09516144,32230800,yfinance
2023-11-16,115.19844253,118.41197339,115.13507733,117.62443542,12033200,yfinance
2023-11-17,118.0227412,118.6654405,116.68300392,117.57917786,5982500,yfinance
2023-11-20,117.09035268,117.88693784,116.20322608,117.36190796,5810200,yfinance
2023-11-21,117.87790888,118.46629715,116.5110298,118.40293884,4057900,yfinance
2023-11-22,118.13136292,119.81507485,117.57917745,118.13136292,3587900,yfinance
2023-11-24,118.13135549,119.00942108,117.46148689,119.00037384,1863100,yfinance
2023-11-27,118.71974345,119.80601983,117.90504997,118.88269043,3736700,yfinance
2023-11-28,118.88269596,119.308151,117.87789992,119.19046783,3804900,yfinance
2023-11-29,119.45298292,120.48493443,118.73785051,118.87364197,2918900,yfinance
2023-11-30,119.67929422,121.26343123,118.0317851,121.12763977,5759500,yfinance
2023-12-01,120.75648206,122.15957745,119.95083589,122.00569153,4594800,yfinance
2023-12-04,121.49876713,123.32731746,120.56639057,121.03710938,7625100,yfinance
2023-12-05,120.68408135,121.17289465,119.94179343,120.28578186,2997800,yfinance
2023-12-06,120.61167291,121.29058878,119.75170175,120.73840332,3894200,yfinance
2023-12-07,121.84276916,122.94714004,121.41731413,122.37684631,3939200,yfinance
2023-12-08,122.41304908,123.47215614,122.29537973,122.37684631,2880800,yfinance
2023-12-11,123.20965406,123.97003653,122.64842136,123.7980423,3571700,yfinance
2023-12-12,123.93382589,123.93382589,122.41304724,122.8022995,3352100,yfinance
2023-12-13,123.11008028,125.30071388,121.93328999,125.26451111,3531700,yfinance
2023-12-14,126.45938075,128.72243343,126.23307549,127.76290131,4636400,yfinance
2023-12-15,127.72671888,128.17932948,125.11063012,125.25545502,5680200,yfinance
2023-12-18,125.82573515,125.96151279,124.37737584,124.66705322,3117000,yfinance
2023-12-19,124.92054815,126.4594217,124.83002049,126.35079956,2834600,yfinance
2023-12-20,125.58133832,125.70806874,123.60796265,123.9247818,3711700,yfinance
2023-12-21,124.87523994,126.40506571,124.27779074,126.16065216,3980200,yfinance
2023-12-22,126.22405464,127.1111676,125.49082763,126.91201782,3223100,yfinance
2023-12-26,126.73096103,128.03448169,126.08824793,127.66333771,2237700,yfinance
2023-12-27,127.57279442,129.20219505,127.28313087,128.88537598,2806400,yfinance
2023-12-28,128.59571013,129.54619507,128.54139907,129.0302124,2146700,yfinance
2023-12-29,128.55951739,129.78155771,128.28794827,128.92160034,2517400,yfinance
2024-01-02,128.71340057,130.53289015,128.1612151,129.53715515,3601500,yfinance
2024-01-03,128.86729962,129.41948514,125.21925903,125.52703094,4662100,yfinance
2024-01-04,125.69904112,127.57284219,124.648981,126.95729828,3903000,yfinance
2024-01-05,126.11540683,128.49612886,126.11540683,127.40986633,2745300,yfinance
2024-01-08,126.91200974,128.53236342,126.33266872,128.29699707,3563300,yfinance
2024-01-09,127.63616487,130.32467242,127.21070988,130.14363098,3664400,yfinance
2024-01-10,129.79060459,130.72298121,129.37419681,130.43330383,2777400,yfinance
2024-01-11,130.80445382,130.80445382,127.62713261,128.55950928,3215300,yfinance
2024-01-12,129.17508101,129.58242784,127.33748281,127.55474091,2236400,yfinance
2024-01-16,128.71339771,128.95781129,126.65854183,127.69955444,3482400,yfinance
2024-01-17,126.80336304,127.40985947,125.27353729,125.59037018,3566300,yfinance
2024-01-18,125.49079693,125.9343464,122.81133658,124.37736511,4160700,yfinance
2024-01-19,124.2144622,125.46367196,122.92904967,125.0472641,3592600,yfinance
2024-01-22,125.28257692,127.41889896,124.83902748,127.0568161,2778700,yfinance
2024-01-23,127.49135605,128.27890792,126.59519586,127.52757263,2806800,yfinance
2024-01-24,128.17931384,128.3603553,125.78953068,126.0067749,2845900,yfinance
2024-01-25,126.98443092,128.79487335,125.83479611,128.7043457,2566500,yfinance
2024-01-26,129.34704409,129.44661897,128.2155177,129.02116394,3014800,yfinance
2024-01-29,129.20219756,129.42850283,123.42689661,128.10688782,4879000,yfinance
2024-01-30,127.29220451,127.81723448,124.7756906,127.20169067,2879500,yfinance
2024-01-31,127.21073078,128.04353261,125.78954072,125.89816284,5804400,yfinance
2024-02-01,127.58187458,130.77730423,125.37313271,130.73204041,3613900,yfinance
2024-02-02,129.89021046,133.10373505,129.05740851,131.70065308,3775800,yfinance
2024-02-05,130.55101663,131.15751324,128.08881359,128.84014893,4697400,yfinance
2024-02-06,129.13884225,130.77729019,128.05257972,130.74107361,2873200,yfinance
2024-02-07,134.87794539,134.87794539,131.49241346,132.8230896,3979600,yfinance
2024-02-08,133.07656024,134.95942195,132.93173535,133.42959595,2946900,yfinance
2024-02-09,133.13990311,133.58346636,132.43383185,132.64202881,2792400,yfinance
2024-02-12,133.53822962,136.14525717,133.52012133,135.24003601,3492600,yfinance
2024-02-13,133.26666743,133.85505569,130.88593123,132.26187134,3061800,yfinance
2024-02-14,130.9764688,132.24377307,130.11651135,131.28424072,2986400,yfinance
2024-02-15,131.97221704,134.20811492,131.64633679,132.46104431,2807600,yfinance
2024-02-16,131.91788256,136.04568905,131.37475813,135.43014526,4319900,yfinance
2024-02-20,136.78892633,138.71309111,136.06851077,136.68861389,3474400,yfinance
2024-02-21,136.15966071,136.65210851,134.83737087,135.68545532,2306900,yfinance
2024-02-22,135.68546515,137.68258534,134.95593547,137.09895325,2503800,yfinance
2024-02-23,137.682602,139.32407181,137.16281135,138.13856506,3503600,yfinance
2024-02-26,137.3451818,137.65523331,135.96817848,136.9256897,3856900,yfinance
2024-02-27,137.50931536,138.89544678,137.19926386,138.6036377,2851700,yfinance
2024-02-28,138.00176888,138.84073916,137.38165194,138.1020813,2298300,yfinance
2024-02-29,138.96841673,140.1174386,138.61276611,139.45173645,4447800,yfinance
2024-03-01,139.7435691,141.84098813,138.61277566,141.61300659,4285500,yfinance
2024-03-04,139.69797676,141.13882183,136.87099998,137.23577881,9096100,yfinance
2024-03-05,151.43444058,155.45603788,150.65931177,153.73249817,22986800,yfinance
2024-03-06,157.05188028,160.07035279,156.48649067,158.25561523,8955200,yfinance
2024-03-07,159.58706356,159.8332875,156.23118228,156.43179321,3644700,yfinance
2024-03-08,156.24939511,157.11572202,154.52585556,154.77207947,3362600,yfinance
2024-03-11,155.2006735,155.55632405,151.99980464,153.26739502,3142400,yfinance
2024-03-12,153.78720073,154.17020798,152.77496231,152.81144714,2292100,yfinance
2024-03-13,152.51052722,152.78409392,149.72914981,151.99072266,5546300,yfinance
2024-03-14,152.07280895,152.44670203,148.68044235,149.83859253,3365900,yfinance
2024-03-15,148.52537935,150.69576763,148.37948177,149.75648499,5074900,yfinance
2024-03-18,149.53762784,153.37684259,149.0451939,152.8296814,3189600,yfinance
2024-03-19,152.35548547,153.75984541,151.65329854,153.39508057,2290500,yfinance
2024-03-20,153.13064486,155.54725763,152.63821084,155.44694519,2969700,yfinance
2024-03-21,155.63842765,155.82993826,154.08815605,155.1824646,2624300,yfinance
2024-03-22,155.02742564,155.1824514,153.65042234,153.77809143,2443600,yfinance
2024-03-25,155.02742888,158.29212582,154.78120495,157.45315552,4262600,yfinance
2024-03-26,157.42579176,158.85750836,156.99718542,157.43490601,3512900,yfinance
2024-03-27,158.76634216,160.02479074,158.25565185,159.28613281,4747100,yfinance
2024-03-28,159.58705435,161.77567125,159.30435951,161.60241699,3716200,yfinance
2024-04-01,163.02501834,165.8428664,162.0127799,162.15869141,3917400,yfinance
2024-04-02,162.00365487,162.22252213,159.66912644,160.71784973,3022100,yfinance
2024-04-03,160.98231733,161.58419191,159.67826966,160.03392029,3033900,yfinance
2024-04-04,161.26500443,161.62065505,156.83304313,157.0519104,3614400,yfinance
2024-04-05,156.50475852,157.34372889,155.05479931,156.64155579,2334000,yfinance
2024-04-08,155.84815367,156.96983271,154.68088946,154.75384521,2122900,yfinance
2024-04-09,155.02744146,156.61419793,154.35261112,156.5138855,1846600,yfinance
2024-04-10,154.93623155,156.72361275,153.88752215,156.50474548,2148700,yfinance
2024-04-11,157.57171507,157.80882478,155.38309785,156.24031067,2247900,yfinance
2024-04-12,155.77521457,155.99406792,151.17909948,151.489151,3551700,yfinance
2024-04-15,154.27964343,154.84504705,150.43132828,150.47691345,5075400,yfinance
2024-04-16,150.52253367,151.37974651,147.9235524,148.93579102,3450600,yfinance
2024-04-17,152.07278639,153.14886639,149.4373206,149.98448181,3700200,yfinance
2024-04-18,151.12438866,152.77497261,150.54987078,151.90864563,3169500,yfinance
2024-04-19,152.59257304,153.63216808,152.08189672,153.47714233,3377100,yfinance
2024-04-22,153.89662483,154.19756208,151.40707078,152.39195251,2155500,yfinance
2024-04-23,152.87525303,153.21266115,151.47089331,151.84477234,1890300,yfinance
2024-04-24,150.49515245,151.87215575,150.27628519,150.77784729,2631400,yfinance
2024-04-25,149.45556069,150.60458251,148.80808707,149.9571228,3141700,yfinance
2024-04-26,150.60459202,151.63507298,149.68355166,150.23071289,2085500,yfinance
2024-04-29,150.19423133,151.12439988,147.78674689,149.30966187,2698500,yfinance
2024-04-30,148.14238175,148.30653567,146.29117301,146.80184937,3534400,yfinance
2024-05-01,146.66505524,147.3945988,142.56138838,142.65257263,4378000,yfinance
2024-05-02,143.43685574,144.66796159,142.0780947,144.1937561,3880000,yfinance
2024-05-03,144.99622836,146.19084915,143.91103424,144.12077332,3802200,yfinance
2024-05-06,144.12079464,144.44908859,142.71643457,144.40350342,3314500,yfinance
2024-05-07,146.88393324,148.0603117,145.7622542,146.28205872,3492500,yfinance
2024-05-08,144.99625343,147.0480872,144.98713917,145.5342865,2678300,yfinance
2024-05-09,145.39749825,149.92064387,145.03271946,149.84770203,2538000,yfinance
2024-05-10,150.11217436,151.0605715,147.45846575,148.76252747,2414100,yfinance
2024-05-13,149.74736846,149.92062271,146.44618701,146.72888184,2629000,yfinance
2024-05-14,147.18800021,148.38166737,145.60868933,145.95761108,2707900,yfinance
2024-05-15,147.47264145,147.90419815,144.19464875,144.62620544,2563700,yfinance
2024-05-16,147.14207792,150.26396352,146.6554313,147.50935364,5232900,yfinance
2024-05-17,147.07780509,147.3440919,146.0861578,147.03190613,4005500,yfinance
2024-05-20,146.82071971,147.64711118,143.20301004,143.8916626,4429200,yfinance
2024-05-21,143.89165615,144.01101306,142.00014544,143.03771973,6291000,yfinance
2024-05-22,129.04430467,133.75469277,128.53011298,131.55101013,18724000,yfinance
2024-05-23,130.84397606,133.67204403,130.16450054,132.5977478,6661100,yfinance
2024-05-24,133.04765346,133.80976388,131.81726439,133.35066223,3550300,yfinance
2024-05-28,133.13948586,135.37990428,132.70792917,135.06771851,4344300,yfinance
2024-05-29,134.10361421,136.01347903,133.59859952,135.65538025,3038500,yfinance
2024-05-30,136.37156366,138.06105444,135.82063605,137.61112976,4238000,yfinance
2024-05-31,136.70213755,144.0936643,136.59194361,143.38665771,7501000,yfinance
2024-06-03,139.64953619,141.85323252,138.9976197,140.51264954,4162500,yfinance
2024-06-04,139.90665769,141.57779473,137.8315229,138.23553467,4683700,yfinance
2024-06-05,138.18962232,138.63035606,134.7463593,135.29728699,5746100,yfinance
2024-06-06,134.70043742,135.15036214,133.1854074,133.25886536,4682900,yfinance
2024-06-07,132.79978957,134.60865176,132.35904176,134.057724,3110800,yfinance
2024-06-10,134.10358835,136.72965022,133.66285471,136.37155151,3051600,yfinance
2024-06-11,136.12364384,136.23382375,133.98422839,134.23214722,3592400,yfinance
2024-06-12,134.36988352,135.92164953,133.23132026,134.77389526,3064300,yfinance
2024-06-13,135.05851533,135.05851533,132.72628519,132.84564209,3470600,yfinance
2024-06-14,132.01011324,132.03765822,127.97920067,129.61360168,5019700,yfinance
2024-06-17,129.78806177,133.19458868,129.28304707,133.11195374,5006300,yfinance
2024-06-18,132.54265126,133.00175291,130.77051162,130.88069153,2969500,yfinance
2024-06-20,130.52260779,132.01010682,130.13696404,131.65200806,2628700,yfinance
2024-06-21,132.2120933,134.30559563,132.2120933,134.17704773,5651600,yfinance
2024-06-24,134.97589256,138.4558771,134.71879674,137.44586182,3933000,yfinance
2024-06-25,136.33482935,136.92247894,134.36987475,134.76470947,3336500,yfinance
2024-06-26,134.06688439,135.26055171,133.06604596,135.13200378,2447000,yfinance
2024-06-27,133.82813741,134.97589159,133.41494871,134.71879578,2273600,yfinance
2024-06-28,135.47171498,136.54602522,134.16786791,135.93081665,12772300,yfinance
2024-07-01,136.20627465,136.75720224,133.20375994,133.81895447,2638900,yfinance
2024-07-02,133.59859204,134.96672013,132.64366669,133.49758911,3296400,yfinance
2024-07-03,133.4333107,134.26886506,132.56100636,132.95584106,1633300,yfinance
2024-07-05,132.71710658,134.45251036,132.68038461,133.73631287,3562200,yfinance
2024-07-08,139.4383799,139.53938284,135.70128504,136.55522156,5183800,yfinance
2024-07-09,135.8941007,137.3815857,135.18708017,135.52682495,2848400,yfinance
2024-07-10,135.38909593,135.38909593,131.67956015,134.15870667,4105700,yfinance
2024-07-11,134.9759018,139.46591593,134.51680009,139.01599121,4727800,yfinance
2024-07-12,139.99847507,141.07277138,138.47425405,140.34739685,2675700,yfinance
2024-07-15,140.347428,140.89834176,138.56611075,138.92420959,3645900,yfinance
2024-07-16,139.06191679,142.33071899,139.00682682,142.33071899,3391800,yfinance
2024-07-17,141.44002666,143.91918672,141.44002666,143.1754303,3353700,yfinance
2024-07-18,142.15625675,142.55107749,139.42000054,139.64955139,2927400,yfinance
2024-07-19,139.07107624,139.07107624,137.14284373,137.48257446,3187000,yfinance
2024-07-22,137.15205479,139.32820665,136.55522811,138.667099,3692800,yfinance
2024-07-23,137.91414311,138.61198664,137.39995147,137.97842407,1622400,yfinance
2024-07-24,137.99678395,138.57525658,133.41495792,134.47088623,3029500,yfinance
2024-07-25,134.59027674,137.19797144,134.04854001,134.32398987,3019700,yfinance
2024-07-26,135.20544574,137.72132801,135.20544574,136.81230164,2427000,yfinance
2024-07-29,135.32479949,135.80225509,133.26801916,134.81060791,2487000,yfinance
2024-07-30,135.31564585,136.1603914,134.75554116,135.84820557,2379200,yfinance
2024-07-31,136.54602128,139.93417974,135.8298098,138.10696411,5743700,yfinance
2024-08-01,138.84155273,138.97010066,134.13116445,134.99427795,3782400,yfinance
2024-08-02,133.43333678,133.52514872,126.74880253,127.78637695,6476500,yfinance
2024-08-05,124.87565369,125.19703046,121.58848406,122.9198761,6887700,yfinance
2024-08-06,123.50753098,124.79302412,122.35059978,122.9015274,5005500,yfinance
2024-08-07,125.04094353,126.48252972,122.433249,122.55261993,3209700,yfinance
2024-08-08,123.7646383,124.86649366,122.18534124,123.01171875,3894000,yfinance
2024-08-09,122.68115349,124.50838325,121.89149803,124.41655731,3778100,yfinance
2024-08-12,123.58100293,125.37149691,123.14944617,123.97583771,3695600,yfinance
2024-08-13,124.58183239,125.71123268,122.73624857,125.48168182,3319800,yfinance
2024-08-14,125.51839445,125.71122332,124.42573023,124.65528107,4838000,yfinance
2024-08-15,131.5693394,132.11108998,129.06264842,130.07267761,4640600,yfinance
2024-08-16,129.57687358,132.44167803,129.3656907,132.25802612,3473900,yfinance
2024-08-19,132.68040323,136.48176509,132.60694527,132.79977417,4427000,yfinance
2024-08-20,132.6803696,133.7822107,131.19288482,132.52427673,6815100,yfinance
2024-08-21,154.84456962,154.90933919,147.10835566,147.36746216,25572100,yfinance
2024-08-22,147.96896122,148.17254692,144.74862744,145.11878967,7452400,yfinance
2024-08-23,145.82206425,147.70984207,145.0447448,146.67341614,3188300,yfinance
2024-08-26,147.42297481,149.76419602,146.1829632,147.04356384,3655200,yfinance
2024-08-27,147.04355148,147.84864538,145.98861401,146.83996582,3252300,yfinance
2024-08-28,145.97938376,146.50685962,144.07309422,145.15579224,2666500,yfinance
2024-08-29,144.60056146,144.60056146,141.09336079,141.97247314,3879500,yfinance
2024-08-30,142.22233068,142.6479996,140.83425408,142.157547,3933200,yfinance
2024-09-03,141.57458325,143.39759189,140.0569532,140.47337341,4071000,yfinance
2024-09-04,141.25991374,142.2685934,137.76196207,141.1026001,3841000,yfinance
2024-09-05,141.63933676,142.09278021,139.42766857,140.56588745,3358900,yfinance
2024-09-06,140.29752025,141.88918244,139.47392875,139.99214172,4045100,yfinance
2024-09-09,140.07545176,141.5098006,138.76140742,139.35365295,3735200,yfinance
2024-09-10,139.35363421,139.5294595,136.35539777,136.96614075,4103200,yfinance
2024-09-11,136.26285656,136.92913447,133.87536305,136.29986572,4089500,yfinance
2024-09-12,136.35537872,137.86374549,135.67058927,137.36404419,3453500,yfinance
2024-09-13,138.54854758,141.23215658,138.32645025,140.06617737,3592300,yfinance
2024-09-16,140.61216888,142.268615,139.46470116,141.4357605,3429200,yfinance
2024-09-17,141.52828691,142.22232518,139.79782267,140.62141418,3162300,yfinance
2024-09-18,141.11186092,144.39696398,141.0285656,142.13903809,3269500,yfinance
2024-09-19,144.89669674,145.64625587,143.43458763,144.81341553,5098800,yfinance
2024-09-20,145.19281804,145.64626151,142.45368791,143.20324707,7389800,yfinance
2024-09-23,143.22173695,144.11936088,141.50052153,143.70292664,2927700,yfinance
2024-09-24,144.26739806,146.05339699,143.89725001,144.52650452,3114000,yfinance
2024-09-25,144.62834581,145.2113426,142.65728631,143.49938965,2319900,yfinance
2024-09-26,144.85042545,145.97014684,143.54563,144.34146118,2757900,yfinance
2024-09-27,144.82266475,145.75729795,143.23100239,143.60115051,3067200,yfinance
2024-09-30,143.601139,144.68385114,142.71277792,144.23040771,2934400,yfinance
2024-10-01,143.66594673,143.80474876,140.07545027,140.84352112,3994400,yfinance
2024-10-02,140.34380407,141.07485155,138.77065339,139.17781067,2795000,yfinance
2024-10-03,138.70587053,138.80766338,136.53121149,138.43751526,4790100,yfinance
2024-10-04,140.58438788,142.38888453,140.02916574,141.47276306,3557100,yfinance
2024-10-07,141.24141277,141.24141277,136.87359767,137.88226318,3301400,yfinance
2024-10-08,137.87302745,140.45484372,137.70645091,140.0291748,3224100,yfinance
2024-10-09,140.25125647,142.91636804,139.03900517,142.8145752,3514300,yfinance
2024-10-10,142.81456932,144.60055435,140.95455185,144.3321991,3139100,yfinance
2024-10-11,144.99847928,146.97880127,144.75787031,146.63641357,3594100,yfinance
2024-10-14,146.39581787,147.65434129,144.86893917,146.1829834,2534300,yfinance
2024-10-15,146.81222024,149.44957126,146.61789744,148.70001221,2987800,yfinance
2024-10-16,148.70926317,148.79254437,146.62714837,147.01580811,3124500,yfinance
2024-10-17,147.02508325,147.10836446,143.90652811,144.25817871,2879700,yfinance
2024-10-18,144.81340726,145.3501319,143.16622419,145.13728333,2988700,yfinance
2024-10-21,144.35996828,144.41548909,138.86318262,139.64976501,4455200,yfinance
2024-10-22,138.84468911,139.06678648,137.55840517,138.05812073,2815000,yfinance
2024-10-23,137.26224978,138.24315484,136.41089795,137.00314331,3962000,yfinance
2024-10-24,138.07660283,139.27034241,137.53061534,138.97421265,3060300,yfinance
2024-10-25,140.20499486,141.65785525,139.68678182,139.88111877,4082200,yfinance
2024-10-28,141.25991059,141.93545131,138.14136995,138.15988159,2523700,yfinance
2024-10-29,137.78972908,139.01124325,136.69778229,136.8921051,2881500,yfinance
2024-10-30,136.95687605,138.61330773,136.67000917,137.43807983,2520500,yfinance
2024-10-31,137.91928115,139.47393425,137.04016882,138.84466553,3229500,yfinance
2024-11-01,140.08469167,140.49186305,138.90944955,139.5849762,2452800,yfinance
2024-11-04,139.23334795,141.2876884,138.62259084,138.79841614,3289500,yfinance
2024-11-05,138.81689859,140.50110485,138.37271806,139.7237854,2692300,yfinance
2024-11-06,140.38081443,140.38081443,134.25477405,136.29986572,7506600,yfinance
2024-11-07,136.77181893,140.88977674,136.58674487,139.64976501,4862000,yfinance
2024-11-08,140.20497589,140.28827121,138.46526294,138.60406494,3323600,yfinance
2024-11-11,138.80768112,143.15698564,138.71513702,141.84294128,3541700,yfinance
2024-11-12,143.24948836,145.34085173,142.25932041,144.03605652,5082100,yfinance
2024-11-13,143.89726441,145.25758052,143.20322616,143.42532349,3624500,yfinance
2024-11-14,143.2124774,144.28592663,141.44500401,142.01873779,4075100,yfinance
2024-11-15,142.35188294,142.70353353,140.58439536,140.7787323,3888700,yfinance
2024-11-18,141.58382266,145.31312091,141.38023695,144.87818909,6503000,yfinance
2024-11-19,144.54504415,146.5993987,142.51845001,144.35997009,9170500,yfinance
2024-11-20,119.30575369,120.29375218,112.04487923,113.45231628,64557700,yfinance
2024-11-21,113.79718436,115.67065959,112.39907,113.33114624,19616700,yfinance
2024-11-22,113.43367506,117.20858666,113.02356635,116.51885223,13730100,yfinance
2024-11-25,119.37101782,122.95018738,118.84905026,121.66391754,15456500,yfinance
2024-11-26,120.51745608,120.81571307,117.90763987,117.95424652,9888200,yfinance
2024-11-27,119.29643317,121.86896553,118.54145371,121.25379181,6745200,yfinance
2024-11-29,121.63594995,123.82633481,121.32836308,123.32300568,5023500,yfinance
2024-12-02,121.85032669,123.02475189,119.1845951,121.84101105,14195600,yfinance
2024-12-03,121.63594615,122.81968693,120.16326402,122.52141571,8163900,yfinance
2024-12-04,121.88761901,122.05538591,120.2751168,121.23516846,6051300,yfinance
2024-12-05,121.30971674,121.63594911,119.77179664,120.39628601,6858600,yfinance
2024-12-06,121.1699062,123.77039254,121.1699062,123.39756775,7284100,yfinance
2024-12-09,124.29236249,128.72903992,123.96613014,126.10057831,9619300,yfinance
2024-12-10,126.56663471,127.3309441,124.24577382,125.87690735,5575500,yfinance
2024-12-11,125.69981532,128.39351537,125.37358291,126.74373627,4811900,yfinance
2024-12-12,127.75968697,128.34688528,126.03534037,126.10057831,3860200,yfinance
2024-12-13,126.50138504,126.79032639,124.28303909,125.38289642,4261200,yfinance
2024-12-16,124.47877304,125.66251373,122.81034876,123.45348358,5503800,yfinance
2024-12-17,122.60529548,123.04337242,121.0766911,122.66123199,5793000,yfinance
2024-12-18,122.3909319,127.03266771,121.73848136,121.82236481,6602400,yfinance
2024-12-19,122.10197658,123.03405273,121.55205506,121.57068634,5262100,yfinance
2024-12-20,120.91823653,123.32299473,120.56405726,122.54936981,7189100,yfinance
2024-12-23,121.91555958,123.13657702,120.4242321,122.95948029,4097800,yfinance
2024-12-24,122.91287639,123.65854015,122.26974158,123.40687561,1647700,yfinance
2024-12-26,123.46283201,127.63852982,123.4441865,127.12588501,5042000,yfinance
2024-12-27,125.95146204,127.77832344,125.83028758,126.29632568,3089000,yfinance
2024-12-30,125.27104922,127.17249284,124.73977312,125.87690735,3945600,yfinance
2024-12-31,126.29633336,127.31229308,125.16851483,125.99806213,2830200,yfinance
2025-01-02,126.5293669,129.44677048,126.25907101,127.87155914,4358300,yfinance
2025-01-03,128.33758864,128.65449117,125.97010687,126.56663513,4025200,yfinance
2025-01-06,127.71310021,130.35087788,127.71310021,129.8289032,4937900,yfinance
2025-01-07,130.42540037,132.54121708,128.95273267,129.79159546,4166100,yfinance
2025-01-08,129.55860713,129.828903,127.00471292,128.83158875,4663400,yfinance
2025-01-10,129.31625585,133.28689531,129.04594579,132.00062561,5882800,yfinance
2025-01-13,130.98465662,131.04990878,128.50533072,129.34420776,4061900,yfinance
2025-01-14,130.69570951,131.18970869,126.44544484,127.20042419,4635500,yfinance
2025-01-15,130.3974487,130.83552563,125.34559763,125.39220428,5132600,yfinance
2025-01-16,119.79042641,124.68382602,119.23117505,124.19914246,9900600,yfinance
2025-01-17,123.86361768,124.69316501,121.9994651,124.53471375,6892500,yfinance
2025-01-21,125.36428921,128.35626103,125.01009559,128.01138306,4848900,yfinance
2025-01-22,127.87151996,127.94608776,126.21242567,126.54797363,4012400,yfinance
2025-01-23,126.28701824,128.16980205,125.86757254,127.92746735,6788900,yfinance
2025-01-24,127.97406527,129.46537866,127.37753707,128.52398682,5868200,yfinance
2025-01-27,128.57989738,132.8301622,128.14182047,132.82084656,5331600,yfinance
2025-01-28,133.28689834,135.22561857,131.05923676,131.47866821,4141500,yfinance
2025-01-29,131.609175,132.57854235,130.44407958,130.5745697,3279200,yfinance
2025-01-30,131.29227297,132.44805274,129.95939641,130.90080261,2792000,yfinance
2025-01-31,130.59319787,130.85417807,128.1045561,128.54263306,4056400,yfinance
2025-02-03,125.43880302,126.24970467,123.10861277,125.04733276,6330500,yfinance
2025-02-04,125.83028261,127.58259035,124.22711046,126.389534,4376200,yfinance
2025-02-05,126.00738599,127.04199116,124.71180062,126.02603149,4908700,yfinance
2025-02-06,126.81828262,127.74104315,125.01938242,125.53201294,4289200,yfinance
2025-02-07,125.53201627,125.83028748,121.4402023,122.42821503,5756700,yfinance
2025-02-10,122.82900657,123.33233571,121.44020784,122.36296844,4003500,yfinance
2025-02-11,122.02740821,123.47212909,121.3656421,123.45348358,4782600,yfinance
2025-02-12,121.46064435,122.05285039,119.21397786,119.85319519,6429000,yfinance
2025-02-13,119.95659044,121.6768379,119.37377236,120.86841583,5325900,yfinance
2025-02-14,121.19742546,121.67684743,119.72159356,120.21040344,4549000,yfinance
2025-02-18,120.32321002,122.81427074,120.08820375,122.30666351,4901600,yfinance
2025-02-19,122.20326819,123.80130806,121.70505602,122.90828705,3893500,yfinance
2025-02-20,121.05642221,122.34425192,120.1352017,120.44541168,6195900,yfinance
2025-02-21,118.35855747,119.38318133,116.49730472,116.81690979,9052900,yfinance
2025-02-24,116.85451584,119.11057747,116.27170488,118.2269516,8772900,yfinance
2025-02-25,118.70635803,120.0505941,118.34915111,119.74978638,6404300,yfinance
2025-02-26,120.06000048,120.21980301,116.23409881,116.60070801,7714200,yfinance
2025-02-27,116.3186976,117.55013529,115.03086787,115.15306854,6164500,yfinance
2025-02-28,115.43508034,117.06131968,115.02146702,116.78871155,8893600,yfinance
2025-03-03,117.75694121,119.439587,112.72780835,113.51743317,12120900,yfinance
2025-03-04,110.45293441,111.12975353,105.78100914,110.11452484,15623300,yfinance
2025-03-05,109.39071317,109.7761197,107.25685238,109.56931305,7311000,yfinance
2025-03-06,108.08408535,108.94890669,106.46724109,107.20986176,8020200,yfinance
2025-03-07,106.71164136,108.40368933,105.3768075,108.17808533,8050900,yfinance
2025-03-10,107.81148304,108.69510178,105.13240572,107.02185822,8146200,yfinance
2025-03-11,107.0876559,108.11228697,105.48021386,105.99723053,8271800,yfinance
2025-03-12,106.21342841,106.67404584,100.60147771,100.84588623,10434200,yfinance
2025-03-13,101.31590133,101.54150534,97.77200996,98.23262024,9700200,yfinance
2025-03-14,98.91883543,98.96583238,97.25498714,98.42061615,7551800,yfinance
2025-03-17,99.32305578,100.54508411,98.9470443,99.33245087,5436200,yfinance
2025-03-18,99.13503933,99.87765997,98.2232139,98.31721497,4922200,yfinance
2025-03-19,97.76260675,99.41705287,97.52760048,98.6462326,6331900,yfinance
2025-03-20,98.13861661,100.27247032,97.68740143,97.9506073,5863300,yfinance
2025-03-21,97.16099318,98.81543934,95.65695449,97.81900787,31066200,yfinance
2025-03-24,98.69323027,101.97392294,98.64623332,101.85171509,8526100,yfinance
2025-03-25,101.673115,102.23712861,98.29842127,99.0786438,6837700,yfinance
2025-03-26,99.41705395,100.27247304,98.67443328,99.72725677,5490800,yfinance
2025-03-27,99.45465339,101.50390829,99.37944966,100.12207031,5015300,yfinance
2025-03-28,98.22321132,99.06923526,96.23036288,97.43359375,9704400,yfinance
2025-03-31,95.88254607,98.38301591,94.47250863,98.10100555,7069200,yfinance
2025-04-01,98.68382569,99.25723433,97.32078516,98.16680908,6240500,yfinance
2025-04-02,97.78140119,100.66727777,97.69680238,99.42644501,5654400,yfinance
2025-04-03,91.88745279,92.54546749,87.4223336,88.62556458,19020400,yfinance
2025-04-04,86.33190035,91.06962764,85.18507577,89.97920227,16229700,yfinance
2025-04-07,85.79608771,91.99085685,84.83726526,88.71956635,13800600,yfinance
2025-04-08,90.75002441,91.65244765,82.11119141,83.43663025,13408900,yfinance
2025-04-09,82.72220914,92.57367538,82.60940354,91.83105469,13717800,yfinance
2025-04-10,89.95100484,90.24241033,84.41425753,87.14972687,12187900,yfinance
2025-04-11,86.86771809,87.38472756,83.31441738,87.21552277,10457600,yfinance
2025-04-14,88.75716449,89.68779447,87.15912476,88.97337341,8164400,yfinance
2025-04-15,88.39995866,89.28358452,86.44470479,86.55751038,6605600,yfinance
2025-04-16,85.5422747,87.07451286,84.16043681,85.03466034,8048400,yfinance
2025-04-17,84.81847175,87.92995268,84.81847175,87.52574158,5349800,yfinance
2025-04-21,87.08392011,88.27775594,85.40127441,88.1555481,6856600,yfinance
2025-04-22,88.47515675,90.18600199,87.1873199,88.45635223,7200100,yfinance
2025-04-23,91.04142096,91.76524424,86.19089563,86.62330627,9113800,yfinance
2025-04-24,86.76431782,89.82879442,86.36950183,89.59378815,7718800,yfinance
2025-04-25,89.31178902,91.0414318,89.01098126,90.78762817,5274900,yfinance
2025-04-28,90.70301601,92.1130536,89.46218322,90.59021759,4662400,yfinance
2025-04-29,90.19540136,91.26702935,89.58439081,91.09783173,3768400,yfinance
2025-04-30,89.78179619,91.17302927,88.57856525,90.90042114,8255300,yfinance
2025-05-01,91.28583084,91.68063963,89.81939409,90.21420288,5443700,yfinance
2025-05-02,91.46443383,92.6018632,90.89101801,91.53023529,5294900,yfinance
2025-05-05,91.03202742,91.03202742,88.08975143,88.38115692,6789300,yfinance
2025-05-06,88.26835435,88.91696676,87.43173262,88.03334808,5726600,yfinance
2025-05-07,88.47515557,90.36460066,88.31534587,89.76298523,5725200,yfinance
2025-05-08,91.13542027,92.4796563,90.46800338,91.11662292,5006300,yfinance
2025-05-09,91.12603022,91.97204702,90.32700319,90.61841583,4614700,yfinance
2025-05-12,94.87672553,96.82257703,93.09067655,95.01773071,9670800,yfinance
2025-05-13,94.82971741,94.82971741,92.56426094,93.14707184,7774500,yfinance
2025-05-14,92.2723697,92.46252108,90.14263648,90.57048798,10286400,yfinance
2025-05-15,89.65775559,92.7002215,89.09679664,92.29138947,8348500,yfinance
2025-05-16,92.94741849,94.25948047,92.60514019,93.72705078,6371500,yfinance
2025-05-19,91.9966471,93.59394342,91.32160025,93.16609192,8468700,yfinance
2025-05-20,93.17560818,94.44013603,92.55760524,93.28970337,10163500,yfinance
2025-05-21,86.99559216,90.61802925,86.13989636,88.43125916,27058500,yfinance
2025-05-22,87.632604,91.10292129,87.51851607,90.38033295,11428000,yfinance
2025-05-23,88.55485054,90.49442513,88.55485054,89.64823914,7373800,yfinance
2025-05-27,90.85572089,92.34843183,90.20919599,92.2153244,6501800,yfinance
2025-05-28,92.21532383,92.31039953,91.05538146,91.21701813,4476000,yfinance
2025-05-29,92.95692323,92.95692323,89.60070111,90.19969177,7033300,yfinance
2025-05-30,89.41055629,90.09511296,88.6594459,89.3820343,7874000,yfinance
2025-06-02,88.8115635,88.85909772,87.52801625,88.7259903,5748800,yfinance
2025-06-03,88.88762796,91.68289857,88.47879592,91.06489563,6388800,yfinance
2025-06-04,90.92227434,91.32160387,89.30596572,89.31547546,4416700,yfinance
2025-06-05,89.60070964,90.28526632,88.50732089,88.91615295,4759900,yfinance
2025-06-06,89.86692012,92.56711498,89.8003664,92.52908325,7822800,yfinance
2025-06-09,93.47034168,94.46865463,92.5195702,92.55760193,6299300,yfinance
2025-06-10,92.90938609,97.33047472,92.84283237,95.80923462,9612400,yfinance
2025-06-11,95.85677933,96.11348443,92.9379112,93.28018951,6803400,yfinance
2025-06-12,92.84284249,94.59225865,92.25336152,94.40210724,5320600,yfinance
2025-06-13,93.17560575,94.3640701,90.1141204,90.67507935,7303300,yfinance
2025-06-16,91.45470383,92.72873403,90.77014726,92.57661438,7427600,yfinance
2025-06-17,91.911067,92.0726964,90.19017314,90.34229279,7195500,yfinance
2025-06-18,90.53246889,91.94911648,90.16166857,90.43739319,6408600,yfinance
2025-06-20,90.97932524,91.82551128,89.75282916,90.83670807,9619800,yfinance
2025-06-23,89.96199961,91.8825548,89.5341481,91.77796936,6887200,yfinance
2025-06-24,92.46252204,93.30870803,91.78747519,92.72873688,6406100,yfinance
2025-06-25,92.70021816,92.99495499,91.26455121,91.93959808,4372000,yfinance
2025-06-26,92.20581445,93.0139687,91.64485555,92.79528809,5331900,yfinance
2025-06-27,93.42280515,95.32434806,93.28018799,94.34505463,6389800,yfinance
2025-06-30,94.69683194,94.75388315,93.30870653,93.79360199,4933600,yfinance
2025-07-01,93.48936208,100.15426498,93.47985233,98.73761749,9968200,yfinance
2025-07-02,99.15596649,100.50606036,98.23371692,100.25885773,6327900,yfinance
2025-07-03,100.73423628,100.75325577,98.92777626,98.93727875,3535300,yfinance
2025-07-07,97.92946257,98.31928236,95.78071699,96.59838104,5677100,yfinance
2025-07-08,96.71247274,97.42555132,95.62859387,96.98819733,6100500,yfinance
2025-07-09,97.46358329,98.24321559,96.78853643,97.38751984,4312200,yfinance
2025-07-10,97.85339749,101.1335634,97.56817041,99.58380127,5109900,yfinance
2025-07-11,99.17496741,99.86903376,98.11010803,99.1084137,3866100,yfinance
2025-07-14,98.88023131,99.83100277,98.11010876,99.70740509,4468100,yfinance
2025-07-15,99.83100566,100.3063914,97.15934012,97.17835236,5289900,yfinance
2025-07-16,97.61570888,98.31928501,95.41942902,96.35118103,3861900,yfinance
2025-07-17,96.58886834,98.82318705,96.58886834,98.54746246,4529500,yfinance
2025-07-18,98.84219939,99.14644596,97.11179563,98.36681366,5282100,yfinance
2025-07-21,97.08328248,98.55698127,96.67445043,96.70297241,4478800,yfinance
2025-07-22,97.69176432,101.64697694,97.40652999,101.2951889,6473000,yfinance
2025-07-23,102.20792639,103.53900781,101.5423893,102.14137268,5907500,yfinance
2025-07-24,101.94172305,103.09215572,100.24935091,100.61064148,5415200,yfinance
2025-07-25,101.50436204,101.7515574,99.97361943,100.82931519,3476000,yfinance
2025-07-28,100.99094403,101.54239321,100.06869457,101.19060516,3864900,yfinance
2025-07-29,100.89586762,101.05749703,98.80416611,99.05136871,4753500,yfinance
2025-07-30,99.55527958,99.83100418,97.30194859,98.06256866,4527100,yfinance
2025-07-31,97.31145407,97.57766891,95.41942096,95.55252838,6442300,yfinance
2025-08-01,94.62077423,95.37188457,93.59394655,94.8584671,5021700,yfinance
2025-08-04,95.08665042,96.08495605,94.69683066,94.87747955,5312700,yfinance
2025-08-05,95.13418889,97.89142754,94.86797405,97.38751984,5093400,yfinance
2025-08-06,98.37632562,101.12405461,97.91044963,100.20180511,6306600,yfinance
2025-08-07,101.25716731,101.66599936,98.9943337,100.46802521,4191000,yfinance
2025-08-08,100.60112386,101.01946561,99.63134018,100.21131134,3494900,yfinance
2025-08-11,100.21131945,101.33323013,98.55697904,98.88974762,5020200,yfinance
2025-08-12,99.73593422,102.51218532,99.11793128,101.02898407,6593800,yfinance
2025-08-13,99.76995537,101.5575691,98.34755761,101.25963593,7364700,yfinance
2025-08-14,99.80840615,100.25050317,98.58783472,100.19284058,4985800,yfinance
2025-08-15,98.31873088,100.3754466,97.98234618,99.01070404,6305100,yfinance
2025-08-18,99.95256763,102.09578456,99.62580314,100.86559296,6901600,yfinance
2025-08-19,101.6825145,103.09529938,100.37544193,101.25963593,8815500,yfinance
2025-08-20,90.73578896,95.68535723,90.48590549,94.84922028,33165700,yfinance
2025-08-21,94.65700191,94.66661479,92.3888469,93.28265381,11415700,yfinance
2025-08-22,93.78241477,97.39607903,93.57097549,95.37780762,13663600,yfinance
2025-08-25,94.66661532,94.99337981,92.84055732,93.34992981,7651300,yfinance
2025-08-26,93.03277042,93.21537107,92.1005194,92.36962128,6398800,yfinance
2025-08-27,92.59066519,94.34944756,92.57144677,94.14762115,6486000,yfinance
2025-08-28,94.68583125,94.94532759,92.5906714,93.04238129,5145000,yfinance
2025-08-29,93.32108979,93.43642231,91.94674181,92.24468231,5370900,yfinance
2025-09-02,91.42775949,91.64881165,88.34268608,88.842453,12987200,yfinance
2025-09-03,88.90012238,89.24611264,88.12164798,88.75595856,8485800,yfinance
2025-09-04,89.13076764,89.65936582,88.68867067,89.10193634,5901000,yfinance
2025-09-05,89.16922295,90.29368759,88.852064,89.54404449,4894600,yfinance
2025-09-08,89.58249119,89.80354337,87.78526443,87.93904114,9261700,yfinance
2025-09-09,87.92942385,88.28502697,86.70885247,87.37200165,7564800,yfinance
2025-09-10,87.23744218,87.84292875,86.53585616,87.24705505,5747900,yfinance
2025-09-11,87.3335543,88.65984528,87.25666596,87.95825195,9492500,yfinance
2025-09-12,87.74681556,87.86214074,86.45896149,86.45896149,6176200,yfinance
2025-09-15,86.59351677,86.68001799,84.99812391,85.1134491,9310900,yfinance
2025-09-16,85.46905369,86.2955851,85.12306346,86.22830963,6736700,yfinance
2025-09-17,86.34363632,87.27588739,85.28644718,85.46905518,9399000,yfinance
2025-09-18,85.25761955,86.04570683,84.72902863,85.93998718,8781100,yfinance
2025-09-19,86.06493024,86.2475309,84.39264161,84.70018768,13319500,yfinance
2025-09-22,84.59447126,84.64252831,82.94141566,83.19129181,12449500,yfinance
2025-09-23,83.50844712,84.45991662,83.35467775,83.66222382,8077800,yfinance
2025-09-24,83.8159875,84.90200787,83.48922303,84.87317657,10691700,yfinance
2025-09-25,84.3926417,84.5752497,83.16245742,83.74871826,8566300,yfinance
2025-09-26,83.46038844,85.14228257,83.46038844,84.43108368,7575600,yfinance
2025-09-29,84.92123781,85.37294769,83.9120984,85.37294769,7955600,yfinance
2025-09-30,85.0557952,86.69924528,83.86405504,86.20909119,16872300,yfinance
2025-10-01,85.997655,86.01687342,83.86405094,85.67088318,10378500,yfinance
2025-10-02,85.46905212,86.7665118,84.74824037,86.02648163,7557400,yfinance
2025-10-03,86.30520019,86.85301685,84.84435088,85.56516266,6872000,yfinance
2025-10-06,85.86309532,86.66079544,84.42147176,85.49788666,8975700,yfinance
2025-10-07,85.70932063,86.58390171,85.06539724,85.79581451,6348100,yfinance
2025-10-08,86.13220021,87.44887829,86.05531186,86.86261749,6848500,yfinance
2025-10-09,87.44887598,87.44887598,85.17111563,85.63243103,7189200,yfinance
2025-10-10,85.7093222,85.75737925,82.037988,82.20137024,13925200,yfinance
2025-10-13,83.53727279,84.91162079,83.35467213,83.9409256,10515500,yfinance
2025-10-14,83.16245621,85.92076525,82.98946109,85.49788666,6352300,yfinance
2025-10-15,85.78621427,87.64110354,85.44983691,87.37200165,6402500,yfinance
2025-10-16,87.34316402,88.08320156,85.65166431,86.56468964,5556500,yfinance
2025-10-17,86.49741236,87.42005054,86.31480436,87.30471802,6461400,yfinance
2025-10-20,87.53538087,88.5829571,87.45849253,87.96786499,4886300,yfinance
2025-10-21,88.30424925,90.87034486,88.1696983,90.72618103,7770100,yfinance
2025-10-22,90.62045826,91.04333685,89.81314525,90.36096191,4973000,yfinance
2025-10-23,90.40901325,91.3316514,89.34221129,90.58200836,4833400,yfinance
2025-10-24,91.16826165,91.88907332,90.264842,90.59161377,5459000,yfinance
2025-10-27,91.5430949,94.0995775,91.25476726,93.96501923,10000000,yfinance
2025-10-28,93.72475133,95.61808481,92.65795663,93.33071136,7959600,yfinance
2025-10-29,92.76366889,93.29226714,90.3705758,90.45707703,6125600,yfinance
2025-10-30,89.67859351,90.94722194,89.05389584,89.30377197,5631200,yfinance
2025-10-31,88.94816715,89.41909541,87.94864071,89.11154938,7084800,yfinance
2025-11-03,89.00583497,89.05389202,87.36238507,87.89097595,5698100,yfinance
2025-11-04,87.34316346,87.73721075,86.25714302,86.47819519,5057400,yfinance
2025-11-05,86.33403865,89.63055176,85.55555688,88.36192322,8215300,yfinance
2025-11-06,88.21775313,89.10194717,85.03657278,85.68049622,7051500,yfinance
2025-11-07,85.68049689,88.01592741,85.68049689,87.68915558,6524900,yfinance
2025-11-10,88.24658137,89.79392455,86.42052343,87.19900513,6299900,yfinance
2025-11-11,87.82370168,88.54451343,87.40083043,88.01592255,4762900,yfinance
2025-11-12,89.31027118,90.11802635,88.66796513,89.44652557,5512400,yfinance
2025-11-13,89.34920027,90.13749477,87.98673063,88.19110107,6303500,yfinance
2025-11-14,87.57797874,88.66796184,87.01353023,87.49039459,6096900,yfinance
2025-11-17,87.12057765,87.84074866,85.86516026,86.10845947,7549400,yfinance
2025-11-18,85.48560395,87.60717328,85.27150689,86.15711212,10063400,yfinance
2025-11-19,84.10366472,87.2178989,83.01368906,83.77278137,18972000,yfinance
2025-11-20,83.8506423,84.60000059,81.20354574,81.4371109,12051800,yfinance
2025-11-21,82.17674111,86.59505552,81.98209729,85.27150726,12573900,yfinance
2025-11-24,85.28123783,85.62186267,82.25459502,82.27406311,9227300,yfinance
2025-11-25,82.71199732,84.30803954,82.45897149,84.25938416,6520100,yfinance
2025-11-26,84.3566974,87.81154895,84.28857392,87.39307404,7927600,yfinance
2025-11-28,87.86021028,89.24214803,87.46120344,88.19110107,4059000,yfinance
2025-12-01,87.97699445,90.61435696,87.7239612,88.91126251,6570600,yfinance
2025-12-02,89.29080328,89.29080328,86.96486361,88.04511261,5863800,yfinance
2025-12-03,88.2397559,90.41972218,88.17163242,88.48305511,7308400,yfinance
2025-12-04,88.7263528,89.72874435,87.75315598,89.13509369,6759400,yfinance
2025-12-05,89.09617924,90.20562311,88.41493695,89.71902466,5898900,yfinance
2025-12-08,90.12775351,91.19826847,88.46358792,90.56568909,7694700,yfinance
2025-12-09,90.03044575,91.46104636,89.83580192,91.11069489,4650500,yfinance
2025-12-10,91.35398758,92.84297752,90.44891425,92.08388519,8444700,yfinance
2025-12-11,92.23959201,94.57526582,92.23959201,94.37089539,6812900,yfinance
2025-12-12,94.64339359,95.56792762,93.67019674,94.48767853,5260200,yfinance
2025-12-15,94.94508362,95.30516913,93.72858754,94.94508362,5730100,yfinance
2025-12-16,95.26623614,95.87934747,94.44875438,95.05213165,5142500,yfinance
2025-12-17,94.40009327,95.97667482,92.59968061,95.95720673,6830400,yfinance
2025-12-18,95.9572062,99.25634287,95.91827744,96.39514923,9594200,yfinance
2025-12-19,96.24916303,96.78441681,93.96215209,95.38301849,12620400,yfinance
2025-12-22,95.32462969,95.70417587,92.23959742,92.64833832,11985200,yfinance
2025-12-23,92.69699492,92.82350784,91.2566604,91.77246094,7975900,yfinance
2025-12-24,92.07415187,94.01081147,91.65567694,93.94268799,3299500,yfinance
2025-12-26,93.9913487,100.26846509,93.95241994,96.88174438,10644100,yfinance
2025-12-29,96.79415991,97.55325228,95.09106539,95.47061157,8837000,yfinance
2025-12-30,95.25650863,95.36356088,94.45848748,94.818573,3686900,yfinance
2025-12-31,94.79911387,95.80150549,94.59473599,95.12999725,4290100,yfinance
2026-01-02,95.28570683,98.29288153,94.46821762,97.81601715,7064400,yfinance
2026-01-05,97.70896404,100.49230759,97.22236562,99.36339569,7421200,yfinance
2026-01-06,99.36339519,102.03968648,98.86706273,101.50443268,7699800,yfinance
2026-01-07,101.50443039,101.85478183,99.74293911,100.89131165,4686200,yfinance
2026-01-08,100.36579177,105.72810867,99.92785614,103.48002625,8568600,yfinance
2026-01-09,102.79877893,104.42402329,101.34871773,102.69172668,6490400,yfinance
2026-01-12,102.75012475,103.98608148,100.39499017,103.29511261,5893400,yfinance
2026-01-13,105.59186324,107.00299577,105.06633602,105.71837616,7742300,yfinance
2026-01-14,105.65998401,107.67450124,105.28043783,106.8764801,5886200,yfinance
2026-01-15,107.11977331,108.8617965,105.49453641,108.15135956,5827200,yfinance
2026-01-16,107.86913902,108.75475175,107.22683294,108.29734802,5253200,yfinance
2026-01-20,107.07111406,107.69396687,104.55053778,106.4093399,9556600,yfinance
2026-01-21,105.69890759,107.29494979,102.07861422,103.19779205,6547300,yfinance
2026-01-22,103.72331956,103.94715068,101.9910304,103.64546204,4904300,yfinance
2026-01-23,103.50921528,105.42641422,103.25618203,105.20257568,4594100,yfinance
2026-01-26,105.13444888,105.58211851,100.83292081,101.17353821,6709800,yfinance
2026-01-27,101.55309078,102.01049449,100.42418628,101.30979156,4578900,yfinance
2026-01-28,101.21247324,101.38764897,98.17609637,99.01304626,4644400,yfinance
2026-01-29,99.66508963,100.50203206,98.60430123,100.08355713,6015200,yfinance
2026-01-30,100.08356154,102.6820028,99.61643121,102.64307404,6181800,yfinance
2026-02-02,102.11754205,106.96406545,100.90104603,106.59424591,10561600,yfinance
2026-02-03,106.94459951,109.93231349,106.65263749,108.31681061,8373400,yfinance
2026-02-04,109.533308,111.800851,109.26080664,111.07095337,9816200,yfinance
2026-02-05,111.07095255,111.69379793,107.38253564,107.8788681,6081500,yfinance
2026-02-06,108.57956949,112.71565599,108.57956949,112.45289612,7804400,yfinance
2026-02-09,112.18039921,113.08547259,110.68168257,112.42369843,4507500,yfinance
2026-02-10,112.40423722,114.02947419,110.11722609,110.19508362,4955200,yfinance
2026-02-11,111.03071147,112.83960201,110.41135704,112.67247772,6612000,yfinance
2026-02-12,113.03622257,114.40272349,109.96896466,110.784935,5588400,yfinance
2026-02-13,111.49276861,114.18644587,110.71612293,113.80303955,6597100,yfinance
2026-02-17,114.92376177,116.37873759,112.25957627,114.56984711,6258900,yfinance
2026-02-18,113.79320209,114.85494608,112.81010747,113.70472717,5608100,yfinance
2026-02-19,113.25249705,114.29458244,112.68230787,113.70472717,3631500,yfinance
2026-02-20,113.32131559,116.96860329,112.51517829,114.71731567,6285900,yfinance
2026-02-23,114.11762727,114.74680724,110.90290361,111.42394257,7924800,yfinance
2026-02-24,111.482937,113.62608368,111.482937,113.5670929,4977600,yfinance
2026-02-25,113.79320466,114.51086704,112.67247737,114.47154236,4522100,yfinance
2026-02-26,115.49396086,116.69333002,112.03346355,112.8494339,5930300,yfinance
2026-02-27,111.08969497,111.95481556,109.23164669,111.86634064,6417000,yfinance
2026-03-02,109.94930298,112.44636432,109.36928073,111.25682068,6301900,yfinance
2026-03-03,114.04881117,120.36027695,113.05588348,118.75783539,15692200,yfinance
2026-03-04,121.86440745,123.86992137,117.86321267,118.05000305,9496000,yfinance
2026-03-05,117.74524187,118.83647752,116.09364257,118.32527161,7129700,yfinance
2026-03-06,117.1553851,118.7480011,115.02207156,118.7480011,5979700,yfinance
2026-03-09,116.65401008,118.12865199,113.79320116,118.1089859,6005500,yfinance
2026-03-10,117.46997661,120.39960194,116.56553134,118.69884491,4400000,yfinance
2026-03-11,118.29577998,119.2100583,116.49671499,116.77198029,4418700,yfinance
2026-03-12,115.44480457,115.9166933,113.24267466,113.79320526,6215300,yfinance
2026-03-13,114.43221937,115.8970283,113.60641596,115.35632324,5282600,yfinance
2026-03-16,116.00516491,116.44755449,114.03897568,115.07122803,4858100,yfinance
2026-03-17,115.5234538,116.45739071,114.19627753,114.78613281,4347200,yfinance
2026-03-18,114.55018433,115.38582077,112.8494348,113.1050415,5267500,yfinance
2026-03-19,112.72163382,114.12745194,111.50259108,112.53484344,6549400,yfinance
2026-03-20,112.07278669,113.32131355,110.78493513,111.34529877,19717500,yfinance
2026-03-23,112.69213678,114.52069343,112.0826229,112.98706818,6381900,yfinance
2026-03-24,111.89582994,114.08813425,111.09952569,113.96032715,4991300,yfinance
2026-03-25,115.51361946,115.66108515,112.75112594,114.40272522,4408000,yfinance
2026-03-26,113.92100315,116.34924809,113.73422027,115.02207184,3403100,yfinance
2026-03-27,115.12037922,119.40667239,114.53052395,117.8140564,8112900,yfinance
2026-03-30,118.08933101,119.44599891,115.94618439,116.77198029,4425200,yfinance
2026-03-31,117.87305108,119.28870229,116.77198237,119.15106964,4662100,yfinance
2026-04-01,119.10192046,120.08501513,118.37443251,118.41374969,4250600,yfinance
2026-04-02,118.2662915,119.45583514,117.13573113,118.41374969,5348000,yfinance
2026-04-06,118.46290623,120.37993781,118.3940899,120.14399719,4059500,yfinance
2026-04-07,120.23247529,120.83216361,116.60485374,117.49946594,3799500,yfinance
2026-04-08,118.53171808,121.24506134,117.97135445,121.03861237,3634100,yfinance
2026-04-09,120.19315332,122.12001792,119.44599929,121.93322754,4093500,yfinance
2026-04-10,122.23798564,122.3559597,119.25921004,119.82940674,3699800,yfinance
2026-04-13,118.39409386,119.04293246,115.37599346,115.8871994,5800600,yfinance
2026-04-14,115.80855072,117.59778265,114.85494772,117.50930023,5189100,yfinance
2026-04-15,117.70592997,121.21557769,116.78181856,120.79284668,5232400,yfinance
2026-04-16,121.35319855,121.97254545,119.55413365,121.81525421,4293000,yfinance
2026-04-17,122.00204582,125.88527423,121.1959085,125.67881775,5844800,yfinance
2026-04-20,125.68864333,127.98908859,124.72521482,127.97924805,5819100,yfinance
2026-04-21,128.14639044,130.84990066,127.50736993,129.86680603,5745900,yfinance
2026-04-22,130.27970605,130.27970605,127.82196945,128.39216614,5141400,yfinance
2026-04-23,128.33316159,129.276939,127.25176653,127.96942139,3595200,yfinance
2026-04-24,127.82197541,127.82197541,125.93443541,127.07481384,3129300,yfinance
2026-04-27,127.3205821,128.5494504,125.31507562,127.52703857,5824300,yfinance
2026-04-28,128.31351873,128.78539996,124.8235297,124.99065399,3728100,yfinance
2026-04-29,124.44994556,125.87542977,123.21125173,125.70831299,3760100,yfinance
2026-04-30,126.31783993,127.595851,125.54118673,127.55653381,5436600,yfinance
2026-05-01,127.61551247,129.09015442,126.62259228,126.7110672,3729000,yfinance
2026-05-04,126.26867861,128.98201443,125.11845217,125.60017395,3118200,yfinance
2026-05-05,126.04256936,127.5565285,125.25609066,126.64225769,4206800,yfinance
2026-05-06,127.30092674,129.74882272,126.93717153,127.98908997,4423100,yfinance
2026-05-07,127.05515928,127.60568989,121.53999014,123.75195312,7539000,yfinance
2026-05-08,125.69848418,125.70831722,121.72678084,123.13260651,3883700,yfinance
2026-05-11,123.4275403,123.56517295,115.68074941,116.43773651,7589700,yfinance
2026-05-12,118.95444995,120.67486555,118.0303386,119.74092865,5623800,yfinance
2026-05-13,119.81039268,120.68368692,118.21265559,120.55467987,3964800,yfinance
2026-05-14,120.68369007,122.79746301,120.36612783,122.1424942,4160100,yfinance
2026-05-15,122.49975646,122.53945268,119.5821481,120.61422729,3661400,yfinance
2026-05-18,120.89209321,122.60891908,119.16534896,122.46006012,3708100,yfinance
2026-05-19,121.84477828,126.5189011,119.33405061,126.27080536,10539800,yfinance
2026-05-20,119.29435403,122.19211044,116.15842783,121.39820862,20309300,yfinance
2026-05-21,119.90963285,125.55628665,116.91263212,125.1891098,9959900,yfinance
2026-05-22,126.51889843,127.00517152,124.15702977,124.64329529,4943000,yfinance
2026-05-26,125.5562879,125.88377609,123.10510837,124.47459412,4455500,yfinance
2026-05-27,126.01279305,130.20064283,125.49674966,127.35250854,6076900,yfinance
2026-05-28,128.77160487,129.20825579,126.77692061,127.6700592,4676600,yfinance
2026-05-29,126.43951069,126.9059243,124.31580428,126.10209656,6455200,yfinance
2026-06-01,125.51659755,125.75476733,120.64399368,122.76769257,4859100,yfinance
2026-06-02,122.29135191,124.01809609,122.08294483,122.24172974,3206500,yfinance
2026-06-03,122.19211046,124.29596505,121.57683788,123.84939575,3336300,yfinance
2026-06-04,125.58606228,125.86392829,122.88677951,122.90662384,4749600,yfinance
2026-06-05,123.05548332,123.13487577,120.86231795,121.63637543,4384500,yfinance
2026-06-08,121.10048578,123.20434029,119.85008119,123.02571106,2846200,yfinance
2026-06-09,123.21427177,126.54867155,123.03564254,125.64560699,4092100,yfinance
2026-06-10,126.67768454,127.52120853,124.41505264,127.00517273,3943100,yfinance
2026-06-11,128.04716626,131.94723899,127.12425742,131.62966919,4535600,yfinance
2026-06-12,132.43349555,135.10300799,132.43349555,134.19993591,4803300,yfinance
2026-06-15,134.9640853,136.81983663,132.04647691,132.15563965,7287900,yfinance
2026-06-16,132.15563677,133.62435931,130.31973739,132.38388062,3186000,yfinance
2026-06-17,131.56021652,132.66174707,126.68761254,126.83646393,3506900,yfinance
2026-06-18,128.01740405,130.79607942,127.96778187,129.74415588,7529100,yfinance
2026-06-22,130.51821052,132.99916791,128.40442998,128.74183655,3942700,yfinance
2026-06-23,130.90523112,133.87244628,130.2204845,133.08847046,4793100,yfinance
2026-06-24,134.65644148,140.17408812,133.78313966,140.12446594,6235800,yfinance
2026-06-25,139.6779016,141.73214159,138.01070549,138.50689697,4340700,yfinance
2026-06-26,139.39012227,140.54127504,138.26872464,139.32064819,6802500,yfinance
2026-06-29,138.09007599,138.49695661,132.7609846,132.8999176,4554400,yfinance
2026-06-30,132.60221017,132.84038754,128.69221877,129.61514282,6507600,yfinance
2026-07-01,128.81130371,129.88307907,125.49674088,129.29756165,4928800,yfinance
2026-07-02,129.74414716,131.27241018,128.59297935,129.21818542,3272000,yfinance
2026-07-06,128.99986485,128.99986485,123.75015058,125.13948822,5209900,yfinance
2026-07-07,126.61813409,126.915852,125.36773705,126.57844543,2996300,yfinance
2026-07-08,129.00978155,132.52281048,127.34258549,131.41134644,6780300,yfinance
2026-07-09,130.70676492,133.86253543,130.26018048,131.26249695,4459500,yfinance
2026-07-10,132.25487502,135.01369831,131.90753494,134.11062622,3403200,yfinance
2026-07-13,135.6388939,135.89692316,133.26709926,133.74345398,4243700,yfinance
2026-07-14,134.55719426,135.30148144,132.08617053,132.97930908,2506800,yfinance
2026-07-15,133.24726469,138.81453372,132.58236992,137.2366333,5224000,yfinance
2026-07-16,138.93360648,140.66035818,138.21908958,139.14201355,4297200,yfinance
2026-07-17,139.67790121,143.30009295,137.27633627,138.53666687,5187800,yfinance
2026-07-20,140.2336333,142.11917,137.74275752,138.5267334,3388200,yfinance
2026-07-21,137.92137763,138.63589456,136.63127677,137.42518616,2413200,yfinance
2026-07-22,138.15956198,138.6259832,136.13509219,136.86946106,2283200,yfinance
2026-07-23,134.06101218,134.55720366,131.54036609,133.45565796,3207400,yfinance
2026-07-24,133.4854303,136.53205334,133.20756427,135.73814392,2485400,yfinance
2026-07-27,137.12746067,139.83667687,136.4030254,139.27101135,3039300,yfinance
2026-07-28,140.82907316,144.73906455,140.21378541,143.10162354,4621700,yfinance
2026-07-29,142.8138334,146.64443218,141.08708162,144.78866577,3198400,yfinance
2026-07-30,143.00239048,144.18331348,141.98023724,143.40925598,2627500,yfinance
2026-07-31,143.92529969,144.03446242,139.97561975,143.38941956,3312000,yfinance
2026-08-03,146.3963397,148.92691929,146.3963397,148.21240234,4856900,yfinance
2026-08-04,146.24747319,148.74828251,145.35433458,146.98184204,3181100,yfinance
2026-08-05,147.5177119,147.8154298,145.79097534,146.57495117,4230300,yfinance
2026-08-06,148.46049556,148.59942856,145.19554717,145.95968628,2501300,yfinance
2026-08-07,144.95738313,148.65896725,144.39171759,148.5597229,2848000,yfinance
