date,open,high,low,close,volume,source
2019-01-02,60.12220343,62.47468946,59.81618963,62.40774918,4418600,yfinance
2019-01-03,61.72878204,63.34491397,61.30801033,62.1782341,3390700,yfinance
2019-01-04,63.0006492,64.60722349,62.68507771,64.5402832,5490200,yfinance
2019-01-07,64.42552674,65.61132921,64.08126033,65.44876099,4786900,yfinance
2019-01-08,65.66870281,65.67826779,64.42552507,64.8080368,6052700,yfinance
2019-01-09,65.64958473,65.6687074,64.18645608,64.76023102,4498600,yfinance
2019-01-10,64.49247637,65.85041224,64.2820905,64.98974609,3230800,yfinance
2019-01-11,64.86542876,66.04166639,64.45422202,65.98429108,4177300,yfinance
2019-01-14,65.42006433,65.52524994,64.47332819,64.94191742,2691000,yfinance
2019-01-15,64.84628922,65.56350967,63.78480237,64.20557404,5366700,yfinance
2019-01-16,64.55941413,64.65504208,63.47879718,63.7752533,3261000,yfinance
2019-01-17,63.80393627,63.83262392,62.77113701,63.35447693,3357400,yfinance
2019-01-18,64.17687754,65.07579604,63.46922217,64.03343201,4766500,yfinance
2019-01-22,63.83261339,64.25338502,63.30664887,63.90911865,2971200,yfinance
2019-01-23,63.88044455,64.88454891,63.66049371,64.83673859,1979500,yfinance
2019-01-24,64.76023048,65.65914917,64.28208348,65.65914917,2849800,yfinance
2019-01-25,65.91732878,66.24246516,65.21923113,65.48699951,4940400,yfinance
2019-01-28,64.90368535,65.49658304,64.12908214,64.66461182,2958100,yfinance
2019-01-29,64.70285346,64.9706146,63.71786454,64.81760406,2340100,yfinance
2019-01-30,64.77936254,65.68784635,64.1577699,65.33401489,2318300,yfinance
2019-01-31,65.4200718,67.05533355,65.05667543,66.57718658,5816100,yfinance
2019-02-01,66.42417799,66.73019177,66.06078891,66.58674622,3117900,yfinance
2019-02-04,66.37636566,66.5867442,65.86952375,66.37636566,1926200,yfinance
2019-02-05,66.65368567,66.65368567,63.88043904,63.92824936,5001100,yfinance
2019-02-06,63.88041696,64.35856377,63.63177858,64.01429749,4334500,yfinance
2019-02-07,65.02799233,65.46788669,62.69463262,65.29575348,7554600,yfinance
2019-02-08,64.6837248,65.47745056,64.02387961,65.39138031,4129500,yfinance
2019-02-11,65.19055753,66.15641647,65.02798931,65.44876099,2644100,yfinance
2019-02-12,65.98429233,66.62500762,65.50614528,66.55806732,2630700,yfinance
2019-02-13,66.56763106,66.90233253,65.8504105,66.05123138,4742400,yfinance
2019-02-14,66.07991106,67.43784673,65.99384811,67.41872406,3200300,yfinance
2019-02-15,67.56218762,68.92012365,67.35180172,68.90100098,5711300,yfinance
2019-02-19,68.86273627,69.67558475,68.62366276,69.35044098,3672800,yfinance
2019-02-20,69.29305506,69.8859599,69.01572895,69.57038116,4476900,yfinance
2019-02-21,69.39827005,70.53626249,69.2261368,70.20156097,4561200,yfinance
2019-02-22,70.57450709,70.8231383,69.78078124,70.00072479,2522000,yfinance
2019-02-25,70.16330602,70.31630929,69.44608539,69.85729218,2400400,yfinance
2019-02-26,68.31764368,69.78077229,68.13594549,69.36000061,2915400,yfinance
2019-02-27,68.97748371,69.36000277,68.63321729,68.96792603,2742600,yfinance
2019-02-28,68.92967001,69.52256759,68.77665947,69.0539856,3072600,yfinance
2019-03-01,69.2261242,69.42694507,68.64278426,69.17830658,1883600,yfinance
2019-03-04,69.08266537,69.1782933,68.16462416,68.51845551,2439400,yfinance
2019-03-05,68.61408447,68.83403527,68.16462519,68.28894806,1725600,yfinance
2019-03-06,68.28896285,68.47065376,66.93101973,67.68649292,4375400,yfinance
2019-03-07,67.53349315,68.26027143,67.43785791,68.20289612,2309300,yfinance
2019-03-08,67.82991777,68.13593148,67.11269744,67.56215668,3573400,yfinance
2019-03-11,67.73429364,68.45151401,67.33265198,68.34632111,2493100,yfinance
2019-03-12,68.34634062,68.97749094,68.13595475,68.56628418,2773200,yfinance
2019-03-13,68.96793141,69.31219786,68.54715968,69.09224701,1920400,yfinance
2019-03-14,69.09224362,69.27394182,68.7957948,69.17830658,1653300,yfinance
2019-03-15,69.57995622,70.28761177,68.94879866,70.24935913,2806200,yfinance
2019-03-18,70.07721305,70.67968285,69.76163433,70.45973206,2945300,yfinance
2019-03-19,70.76575939,70.8231347,69.24525536,69.41738129,4188100,yfinance
2019-03-20,69.61820048,69.74251606,68.8627274,68.91053772,3136200,yfinance
2019-03-21,68.92967343,69.56082368,68.84360317,69.10180664,2329200,yfinance
2019-03-22,68.78622549,69.30262511,68.67146759,68.75753784,3265900,yfinance
2019-03-25,68.70971809,69.24524766,68.50889724,69.14961243,1972400,yfinance
2019-03-26,69.4078196,70.15372774,69.20699874,70.13459778,2857200,yfinance
2019-03-27,70.18241936,70.56493844,68.81491858,69.08267975,4989700,yfinance
2019-03-28,68.83403714,69.09223328,65.90777289,66.12772369,5866500,yfinance
2019-03-29,66.29986875,66.45287201,65.18100645,66.07991791,5051900,yfinance
2019-04-01,66.50067385,66.97882077,66.24247043,66.91188049,3808300,yfinance
2019-04-02,66.75887865,67.09358737,66.19466872,66.68238068,3913300,yfinance
2019-04-03,66.76845193,66.95970782,65.69739994,65.98429108,3077500,yfinance
2019-04-04,66.06079689,67.0649013,65.98429162,66.98840332,3037100,yfinance
2019-04-05,67.39961435,67.65781056,66.98840758,67.27529144,3483100,yfinance
2019-04-08,67.07445709,68.12637898,66.7206257,68.11682129,4035400,yfinance
2019-04-09,67.85861338,68.52802348,67.19876826,68.29850769,2866800,yfinance
2019-04-10,68.42283231,69.16874039,68.07856592,69.00617218,2629900,yfinance
2019-04-11,68.9966075,69.81902085,68.70015143,69.80945587,2535700,yfinance
2019-04-12,69.99116414,70.65100208,69.68515033,70.48843384,2858700,yfinance
2019-04-15,70.48842851,70.63187406,69.99115885,70.56493378,2194500,yfinance
2019-04-16,70.76574597,71.02394211,70.30672171,70.8613739,2834500,yfinance
2019-04-17,69.54170643,71.06221052,68.1837706,69.29306793,7576000,yfinance
2019-04-18,70.01985293,70.55537528,69.39826033,70.52668762,2746800,yfinance
2019-04-22,70.5362461,70.63187404,69.81902562,70.49799347,1912400,yfinance
2019-04-23,70.34498941,70.76576114,69.85728469,70.52668762,2180400,yfinance
2019-04-24,70.18240581,70.64143008,69.54169068,70.12503052,2373500,yfinance
2019-04-25,69.52257003,70.36411341,69.34087913,69.53213501,3365800,yfinance
2019-04-26,71.4638452,71.4638452,69.42693455,69.7329483,3561900,yfinance
2019-04-29,69.75208191,70.59361795,69.33131025,70.38323212,2631300,yfinance
2019-04-30,70.25891289,70.51710902,69.37912426,69.79988861,3064900,yfinance
2019-05-01,69.94334875,70.87095518,69.8477208,70.36412048,2941100,yfinance
2019-05-02,70.5553676,70.71793582,69.48432303,70.39279938,2269300,yfinance
2019-05-03,70.48842991,71.5116642,70.1919811,71.47341156,2588800,yfinance
2019-05-06,70.65100563,71.25347558,70.13460594,71.20565796,1875700,yfinance
2019-05-07,70.57449882,71.19608407,70.32586034,70.7657547,2594800,yfinance
2019-05-08,70.72751569,70.72751569,69.31220441,69.4556427,2849200,yfinance
2019-05-09,69.14005903,71.14827497,69.09224141,71.00482941,3319800,yfinance
2019-05-10,70.7657565,72.0280643,70.32586214,71.94200134,3360500,yfinance
2019-05-13,71.129139,71.4734054,70.0485295,70.21109772,3476800,yfinance
2019-05-14,70.21109892,70.64143556,69.84770985,70.38323212,2987100,yfinance
2019-05-15,70.1632923,71.51166303,69.85727852,71.36821747,3798200,yfinance
2019-05-16,71.22477526,73.75894834,71.00482444,72.08543396,4946400,yfinance
2019-05-17,72.09500463,72.98435835,71.74117322,72.07588196,3619000,yfinance
2019-05-20,76.37920962,77.39287899,72.41058779,74.86826324,20102700,yfinance
2019-05-21,74.74394279,74.86825838,73.42425239,73.7780838,6339000,yfinance
2019-05-22,73.14692684,73.75895443,72.8122254,73.01304626,3287300,yfinance
2019-05-23,72.92697784,73.63463331,71.96111892,72.68790436,3887000,yfinance
2019-05-24,73.15649432,74.06497074,72.32451588,73.89283752,3579500,yfinance
2019-05-28,74.16060682,74.57181356,72.57315519,72.59228516,5391300,yfinance
2019-05-29,72.50622448,73.2999504,71.99938973,72.80267334,3540700,yfinance
2019-05-30,72.71660386,73.22343857,71.7411798,72.70703888,4111900,yfinance
2019-05-31,71.54035032,71.96112201,70.0772217,70.23023224,5147800,yfinance
2019-06-03,70.40237098,71.37778771,70.16329747,70.95701599,2941000,yfinance
2019-06-04,71.36821282,72.42969966,71.26301991,72.38188934,3144700,yfinance
2019-06-05,72.62096417,73.20430406,72.36276072,72.95566559,1970200,yfinance
2019-06-06,72.81222952,73.09912066,71.34910077,72.63053131,2671000,yfinance
2019-06-07,73.20430543,73.76851537,72.97478963,73.66332245,2256600,yfinance
2019-06-10,73.69202303,73.99803686,73.04174274,73.31906891,3096000,yfinance
2019-06-11,73.75895069,74.07452945,71.36821579,72.16194153,3822500,yfinance
2019-06-12,72.51577061,72.58271089,71.38734348,72.08543396,3296200,yfinance
2019-06-13,71.88461589,71.98980881,70.77531868,71.19608307,4279700,yfinance
2019-06-14,71.40647585,74.59093683,71.03352175,71.6264267,4813600,yfinance
2019-06-17,71.7985566,72.13325804,71.28215695,71.9802475,2929000,yfinance
2019-06-18,72.62098164,73.75896674,72.2480275,73.09912872,4995900,yfinance
2019-06-19,73.00348322,75.06908184,73.00348322,74.85869598,3377800,yfinance
2019-06-20,75.65241395,75.7958595,73.77807871,74.52398682,3339500,yfinance
2019-06-21,74.31360969,74.35186232,71.91330958,72.3914566,5223900,yfinance
2019-06-24,72.69747381,73.2043158,72.08544617,72.23845673,2123000,yfinance
2019-06-25,72.17150508,72.20019273,71.19608117,71.32040405,2593900,yfinance
2019-06-26,71.03351209,71.14826999,69.58950621,69.84770966,4393300,yfinance
2019-06-27,70.2397876,70.49799105,69.73295298,70.08678436,2319600,yfinance
2019-06-28,70.08678689,71.23433675,69.71383282,70.89963531,4117800,yfinance
2019-07-01,71.40647225,71.40647225,70.68925174,70.90920258,2226100,yfinance
2019-07-02,71.14827675,72.46795988,70.68925241,72.18107605,2871700,yfinance
2019-07-03,72.57315825,73.66333294,72.29583209,72.50621796,2080900,yfinance
2019-07-05,72.5157659,73.08954077,72.32450275,72.89828491,1318500,yfinance
2019-07-08,73.03217915,73.05130182,72.1332604,72.3245163,1667300,yfinance
2019-07-09,72.056742,72.51576627,71.79854587,71.86548615,3553000,yfinance
2019-07-10,74.55268983,75.49941898,74.1797357,75.19340515,14441200,yfinance
2019-07-11,75.28902843,75.43246669,73.58681901,74.83956909,10108700,yfinance
2019-07-12,74.78220186,76.24533808,74.60051092,75.97756958,63068400,yfinance
2019-07-15,76.18794012,76.50351889,75.15514087,75.84367371,6189800,yfinance
2019-07-16,75.88193621,76.11144475,75.38466648,75.58548737,5234900,yfinance
2019-07-17,75.76718442,75.98712798,75.45160562,75.48029327,3238100,yfinance
2019-07-18,75.33684408,75.61417023,73.89283802,74.56224823,6372500,yfinance
2019-07-19,74.58136734,74.58136734,73.57726301,74.04584503,5311800,yfinance
2019-07-22,74.39966577,75.22207908,73.8928239,74.26578522,4694700,yfinance
2019-07-23,74.3422887,74.7439377,73.58681562,74.72480774,3507800,yfinance
2019-07-24,75.7384826,78.00490203,75.38465849,77.08686066,10198400,yfinance
2019-07-25,77.80408097,77.85189859,76.2261944,76.41745758,5501600,yfinance
2019-07-26,77.55544426,81.49537829,77.4119987,80.56777191,12333200,yfinance
2019-07-29,80.93116453,81.08417508,78.33960847,78.77950287,5858900,yfinance
2019-07-30,78.12921586,78.73168574,77.47893566,77.7467041,5285000,yfinance
2019-07-31,77.67020696,78.08141371,75.49941529,76.24533081,4596600,yfinance
2019-08-01,76.49395391,76.79996769,75.32727408,75.84367371,4761400,yfinance
2019-08-02,75.92016955,75.92016955,73.43380695,74.33272552,5428000,yfinance
2019-08-05,73.49119667,73.63464224,72.31495907,72.86004639,4046200,yfinance
2019-08-06,73.16606156,73.94065742,72.64966188,73.90240479,4010400,yfinance
2019-08-07,73.14693257,73.44338869,71.98025261,73.13737488,3492700,yfinance
2019-08-08,73.57725144,74.64829589,73.47205853,74.49529266,3023400,yfinance
2019-08-09,74.20842514,74.79176516,73.64421509,74.13191986,2698600,yfinance
2019-08-12,73.70158611,74.2179858,73.41469497,73.57727051,1888200,yfinance
2019-08-13,73.56770146,74.8395743,73.4242559,74.22754669,2541600,yfinance
2019-08-14,73.41469269,73.99803266,72.7835424,73.56770325,2900800,yfinance
2019-08-15,73.12780667,74.3996795,72.86960319,73.89283752,2582100,yfinance
2019-08-16,74.58136857,74.83000706,74.07453391,74.35186005,3094600,yfinance
2019-08-19,74.83957022,75.06907874,74.32317059,74.81088257,1697300,yfinance
2019-08-20,74.57181086,74.82044206,74.2466671,74.28491974,1856000,yfinance
2019-08-21,74.6578686,74.88737711,74.3709775,74.76306152,1221500,yfinance
2019-08-22,74.88737584,74.99256875,74.12234507,74.3901062,2010900,yfinance
2019-08-23,74.24667222,74.8300122,72.79310842,73.13737488,2883800,yfinance
2019-08-26,73.63463849,74.65787278,73.3286247,74.6483078,1735900,yfinance
2019-08-27,74.30403458,74.6865536,73.65375442,73.74938965,1871900,yfinance
2019-08-28,73.567701,73.98847272,72.94610842,73.6920166,2035600,yfinance
2019-08-29,74.46661381,74.98301343,74.01715448,74.60049438,1389900,yfinance
2019-08-30,74.95431198,74.95431198,74.39010209,74.63874054,1701100,yfinance
2019-09-03,74.49530741,74.53356005,73.63464131,73.75895691,1752700,yfinance
2019-09-04,74.12234387,74.43791532,73.65375459,74.2179718,1876500,yfinance
2019-09-05,74.80131404,75.13601547,74.17015653,74.42835999,1963000,yfinance
2019-09-06,74.55267408,75.70978887,74.44748117,75.6906662,2930500,yfinance
2019-09-09,75.86281013,75.99669071,75.15514726,75.67154694,2514400,yfinance
2019-09-10,75.33683421,75.33683421,74.53355082,74.95431519,2254200,yfinance
2019-09-11,74.96387985,76.28356283,74.79174665,76.25487518,2412200,yfinance
2019-09-12,76.38876029,77.07729312,75.92017829,76.2070694,2005900,yfinance
2019-09-13,76.58958646,76.58958646,75.57591711,75.92974854,1737700,yfinance
2019-09-16,75.50897347,76.15925368,75.29858762,76.08274841,2178800,yfinance
2019-09-17,76.24533622,77.02949714,75.60461359,76.70435333,2851800,yfinance
2019-09-18,76.7043491,77.02949289,76.10188644,76.61828613,2200400,yfinance
2019-09-19,77.19204722,77.6032539,77.01991402,77.45980835,2257200,yfinance
2019-09-20,77.03903848,77.31636461,75.62372752,77.06772614,7141600,yfinance
2019-09-23,76.52263867,77.24942411,76.32181782,76.46526337,2361200,yfinance
2019-09-24,76.97211212,76.97211212,75.57592357,75.89150238,3631000,yfinance
2019-09-25,76.05405436,76.53220132,75.41333918,76.32181549,1957600,yfinance
2019-09-26,76.47482458,76.51307721,75.50896569,75.54721832,1902600,yfinance
2019-09-27,75.60460713,75.69067739,73.41469282,74.17016602,3373400,yfinance
2019-09-30,74.46661934,75.63329194,74.22754583,75.32727814,2191100,yfinance
2019-10-01,75.43246094,75.9010502,74.59092492,74.78218079,2803500,yfinance
2019-10-02,74.20841182,74.56224322,72.5062097,73.07042694,3282000,yfinance
2019-10-03,73.25211575,74.02671882,72.69746351,73.66332245,2321600,yfinance
2019-10-04,73.59638583,74.65787276,73.59638583,74.58136749,1838400,yfinance
2019-10-07,74.23709398,75.24120551,74.23709398,75.04994965,1908200,yfinance
2019-10-08,74.38054002,74.72480641,73.97889832,74.2179718,2308700,yfinance
2019-10-09,74.69611997,74.85868819,73.9310819,74.3901062,1967200,yfinance
2019-10-10,74.32317061,75.05951377,73.66332541,74.87782288,2393300,yfinance
2019-10-11,75.22209077,76.5322089,75.11689784,76.05406189,2070000,yfinance
2019-10-14,76.05407133,76.05407133,75.13602984,75.19340515,1982300,yfinance
2019-10-15,75.49940211,76.44613834,75.35596386,76.25487518,1805000,yfinance
2019-10-16,76.25488855,76.67566028,76.12100796,76.51309204,2261500,yfinance
2019-10-17,76.93384717,77.63194498,75.70979206,77.50762939,3903800,yfinance
2019-10-18,77.59368267,78.73167469,77.2494163,78.03357697,3197200,yfinance
2019-10-21,78.19616058,78.92294609,78.13878527,78.50217438,2899400,yfinance
2019-10-22,78.9229537,78.96120634,78.08141749,78.10054016,2141800,yfinance
2019-10-23,77.88058242,78.17703121,77.52675102,77.80407715,1256200,yfinance
2019-10-24,77.69888767,78.06227676,77.47893684,77.9188385,1884900,yfinance
2019-10-25,78.11009442,78.58824142,77.94752619,78.05271912,2006100,yfinance
2019-10-28,78.4256734,79.48716033,78.1865999,78.7890625,3054300,yfinance
2019-10-29,77.68931712,78.76993393,76.23575355,78.19615173,4154800,yfinance
2019-10-30,78.00489558,80.18524458,77.97620793,79.63059235,4150000,yfinance
2019-10-31,79.70710199,79.85054754,78.20572073,79.0472641,2548900,yfinance
2019-11-01,79.4584677,79.55410294,78.41611071,78.86557007,2585800,yfinance
2019-11-04,79.08551056,79.19070348,76.93384907,77.38330841,3055800,yfinance
2019-11-05,77.51717962,78.27265266,77.31635878,77.90926361,1622800,yfinance
2019-11-06,78.03358048,78.36828188,77.7371317,78.28221893,2705600,yfinance
2019-11-07,78.79861851,79.40108104,78.00489283,78.28221893,2674200,yfinance
2019-11-08,78.22486411,78.26310946,77.29725762,77.40245056,1614800,yfinance
2019-11-11,77.06773584,77.5937005,74.16060828,76.14013672,6388500,yfinance
2019-11-12,76.14013124,76.16881889,73.8258942,74.04584503,4346000,yfinance
2019-11-13,74.23710446,74.65787618,73.44338594,74.56224823,2715800,yfinance
2019-11-14,73.99802038,74.41879203,73.14691938,73.48162079,2881500,yfinance
2019-11-15,74.1701479,76.02536029,73.9502044,74.6578598,3941400,yfinance
2019-11-18,73.51032102,75.02125997,72.99392139,74.77262878,4235800,yfinance
2019-11-19,74.78219044,74.87782568,73.55813524,73.78765106,2332900,yfinance
2019-11-20,73.49118526,74.28491096,73.36686968,74.24665833,2779400,yfinance
2019-11-21,74.43791957,74.53355481,73.97890255,74.304039,1694800,yfinance
2019-11-22,74.54311615,75.33684194,74.3901129,75.15514374,2896100,yfinance
2019-11-25,75.298598,75.42292091,74.19885829,74.59094238,2978200,yfinance
2019-11-26,74.50487835,75.25078659,74.19885723,75.02127075,2832200,yfinance
2019-11-27,75.04037952,75.83410517,75.04037952,75.52809143,2081500,yfinance
2019-11-29,75.4324614,75.81498043,75.06907234,75.11688995,872900,yfinance
2019-12-02,75.14557693,75.39420809,73.50075025,74.24665833,2881400,yfinance
2019-12-03,74.0649648,74.64830471,73.45293725,74.60049438,1956600,yfinance
2019-12-04,74.63875779,75.09777487,74.0554178,74.91607666,1905500,yfinance
2019-12-05,74.65788022,74.78219582,73.53901787,73.57727051,2820400,yfinance
2019-12-06,74.15104452,74.59093892,73.28081339,74.34230042,2900300,yfinance
2019-12-09,74.30403611,74.49529927,72.00893649,72.55402374,4364300,yfinance
2019-12-10,72.47753097,72.59228888,71.65511745,71.74118042,3080600,yfinance
2019-12-11,71.79855986,72.11413865,71.06220935,71.35866547,3374000,yfinance
2019-12-12,71.9420032,71.96112587,71.20565271,71.61685944,2845600,yfinance
2019-12-13,71.69334664,72.2384338,71.38733291,72.17149353,2725400,yfinance
2019-12-16,72.22886882,72.53488254,71.94198506,72.17149353,3487900,yfinance
2019-12-17,72.15237542,72.39144891,71.74116873,72.19062805,3603800,yfinance
2019-12-18,72.31496971,73.08000068,72.16195913,72.97480774,4106300,yfinance
2019-12-19,72.71660441,74.16061054,72.67835177,73.84503174,2991900,yfinance
2019-12-20,74.52399317,74.52399317,73.65376211,74.01715851,5944300,yfinance
2019-12-23,74.0840941,74.17015706,73.55812951,73.59638214,1709400,yfinance
2019-12-24,73.68245477,74.02672119,73.55813189,73.94065094,470100,yfinance
2019-12-26,74.07453381,74.15103909,73.93108825,74.01715851,1240900,yfinance
2019-12-27,73.94065628,74.1127895,73.64420745,73.864151,1310000,yfinance
2019-12-30,74.08409479,74.68655736,73.80676866,74.66743469,2342000,yfinance
2019-12-31,74.53355196,75.01169893,74.38054143,74.99256897,1714900,yfinance
2020-01-02,75.43246988,75.44203486,74.52399348,75.15514374,3392700,yfinance
2020-01-03,74.64830897,75.00214038,74.084099,74.75350189,1831900,yfinance
2020-01-06,74.71524857,75.40378143,74.56224532,75.18383789,2675300,yfinance
2020-01-07,75.13600176,76.03492025,74.73436013,75.47070312,3262400,yfinance
2020-01-08,75.75761192,76.3026992,74.66743734,75.9488678,3037400,yfinance
2020-01-09,76.28356286,76.81909242,75.92973878,76.32181549,2981900,yfinance
2020-01-10,76.70433307,76.70433307,75.40377278,75.54721832,2224800,yfinance
2020-01-13,75.70979769,76.08275179,75.44203653,75.92974854,2283400,yfinance
2020-01-14,75.70978604,76.45569411,75.41333726,76.31225586,2050100,yfinance
2020-01-15,76.36964958,76.96255457,76.14014103,76.76172638,1612300,yfinance
2020-01-16,76.76171521,77.95708269,76.76171521,77.88058472,3109300,yfinance
2020-01-17,78.36828426,78.64561038,78.0048952,78.55954742,3559600,yfinance
2020-01-21,78.40656394,79.32460555,78.224873,78.44481659,3612000,yfinance
2020-01-22,78.54999549,79.40109664,78.4830552,78.88469696,1672500,yfinance
2020-01-23,78.70299948,78.76993977,78.36829075,78.58824158,1754900,yfinance
2020-01-24,78.69344088,78.98032473,77.77539944,78.01447296,1596500,yfinance
2020-01-27,77.35463063,77.98578825,76.86691858,77.19206238,1934600,yfinance
2020-01-28,77.53632819,78.70300818,77.39288262,78.09098053,2395000,yfinance
2020-01-29,78.29179306,78.31091573,76.58958359,76.75215912,2602400,yfinance
2020-01-30,76.11144763,77.5076435,76.10188994,77.40245056,2352700,yfinance
2020-01-31,77.06772567,77.25898884,75.70023233,75.72891998,2863600,yfinance
2020-02-03,76.84777994,77.23029897,75.86279837,75.98711395,2873600,yfinance
2020-02-04,76.64697212,78.31092178,75.76718331,77.94753265,4597800,yfinance
2020-02-05,78.37786977,79.0950904,78.17704887,78.21530151,2758800,yfinance
2020-02-06,78.54041542,79.448899,78.41609984,79.15244293,2976200,yfinance
2020-02-07,79.72624385,82.04047388,78.66475679,81.7057724,6740600,yfinance
2020-02-10,81.67708427,81.90659281,80.69209519,80.83554077,3423100,yfinance
2020-02-11,89.60474113,91.06787702,88.61020183,90.36021423,25874400,yfinance
2020-02-12,89.89163819,92.06242242,89.81513292,91.48864746,8915500,yfinance
2020-02-13,90.96268123,91.94766281,90.65666746,90.98180389,5490500,yfinance
2020-02-14,91.09656483,92.3971252,90.86704902,92.26324463,3045900,yfinance
2020-02-18,92.61707119,95.64852138,92.07198391,95.51464081,7460100,yfinance
2020-02-19,96.73869917,96.92039006,95.28512829,96.09797668,6091300,yfinance
2020-02-20,95.72502769,96.03104147,93.93676258,95.15125275,6350400,yfinance
2020-02-21,94.64441326,95.14168291,92.39712394,94.26189423,12101000,yfinance
2020-02-24,91.92853474,93.05696189,91.68946125,92.15805054,4700900,yfinance
2020-02-25,92.3397549,92.76052664,90.32197379,90.44629669,5117500,yfinance
2020-02-26,90.54191215,91.47908344,89.35610969,89.55693054,4371300,yfinance
2020-02-27,88.77276172,89.24134367,87.17575271,87.25225067,5856400,yfinance
2020-02-28,85.53093434,86.54460361,83.65659905,86.21946716,6957600,yfinance
2020-03-02,86.33422235,89.27960966,85.09104451,89.21266937,5160600,yfinance
2020-03-03,88.58151796,89.8151382,84.89022223,85.46400452,5702000,yfinance
2020-03-04,86.47768166,89.85339889,86.30554841,89.70995331,5222200,yfinance
2020-03-05,87.60609353,89.08835214,85.29186381,85.93257904,4941300,yfinance
2020-03-06,82.33690958,84.42163073,81.68662939,84.01998901,5978500,yfinance
2020-03-09,79.6306019,81.17980088,76.10188184,76.26445007,7946600,yfinance
2020-03-10,78.39697972,81.29454916,76.70433537,81.26586151,6713600,yfinance
2020-03-11,79.23852355,83.99130603,79.22895857,82.6716156,8840300,yfinance
2020-03-12,78.4352296,81.28498889,73.07042704,73.40512848,9075300,yfinance
2020-03-13,76.64696523,81.78225932,73.26168361,81.65794373,7401700,yfinance
2020-03-16,74.9160549,77.02947068,71.5690265,73.18516541,6787700,yfinance
2020-03-17,74.20840821,76.88603416,72.15237478,74.92562866,7609100,yfinance
2020-03-18,71.33953852,72.77397968,60.72467546,71.07177734,11114200,yfinance
2020-03-19,71.50211253,78.40655767,70.39281508,75.97756958,8906200,yfinance
2020-03-20,76.50353306,78.41612139,69.96248448,71.29173279,6836600,yfinance
2020-03-23,71.70293102,73.30950531,67.73430925,72.3914566,8328800,yfinance
2020-03-24,75.06908647,76.22620145,72.51578299,75.21253204,5929100,yfinance
2020-03-25,74.37099504,81.73446459,74.35187237,75.70980835,6252700,yfinance
2020-03-26,76.50350688,81.27541108,76.24531075,80.93114471,4821300,yfinance
2020-03-27,78.93251443,80.23307497,77.47894334,78.14835358,4309600,yfinance
2020-03-30,78.69343396,80.19481524,77.68932234,79.48715973,5625200,yfinance
2020-03-31,79.41065693,81.04591884,78.39698759,80.23307037,6920600,yfinance
2020-04-01,79.36283328,82.92024796,79.08550716,81.40930176,11018800,yfinance
2020-04-02,81.33280699,84.65114102,80.34781805,80.72077942,22956100,yfinance
2020-04-03,80.86422097,81.2754277,77.49806919,78.39698792,8378500,yfinance
2020-04-06,80.79727038,82.7098582,79.36282951,82.32733917,5256300,yfinance
2020-04-07,83.82873584,84.06780934,81.44755852,82.72899628,4410100,yfinance
2020-04-08,82.81506467,83.80961137,82.24128969,83.05413818,3831600,yfinance
2020-04-09,83.0828322,83.91481073,81.21806155,82.14566803,5770900,yfinance
2020-04-13,80.89290806,83.46534132,80.77815745,82.40385437,3955700,yfinance
2020-04-14,83.37926202,86.00907007,82.62378901,85.70305634,4787100,yfinance
2020-04-15,84.07734518,85.48309817,83.2931846,84.67024994,5804000,yfinance
2020-04-16,85.21536394,86.62111737,84.22081725,86.32466125,4796400,yfinance
2020-04-17,88.69625519,89.22221973,85.93256653,87.01317596,3847500,yfinance
2020-04-20,85.66482778,87.72086156,85.15799307,86.00909424,3508700,yfinance
2020-04-21,85.34925014,85.96127779,82.3369222,83.40797424,3946400,yfinance
2020-04-22,85.95169872,86.68804916,84.42162984,86.21946716,4261100,yfinance
2020-04-23,86.71674534,87.86429529,85.38749718,86.39160156,4537100,yfinance
2020-04-24,86.43942075,87.02276072,85.11973755,86.83150482,3564100,yfinance
2020-04-27,87.3287757,87.38615101,85.12929638,86.93669891,3726300,yfinance
2020-04-28,87.25227032,87.41484586,84.04868659,84.09650421,3356500,yfinance
2020-04-29,85.14840482,86.09513369,84.1251707,85.40660095,3110700,yfinance
2020-04-30,85.01453791,85.12928852,83.48446897,83.96261597,3938100,yfinance
2020-05-01,83.90523455,84.25906596,82.05958681,82.43254089,3162000,yfinance
2020-05-04,82.97763589,85.08148729,82.29866795,85.0719223,4212200,yfinance
2020-05-05,84.89977612,85.84650509,84.57463968,85.0814743,3020100,yfinance
2020-05-06,85.32053845,85.80825036,82.63335507,82.80548096,3840900,yfinance
2020-05-07,86.40117177,91.23045997,86.28642115,91.12526703,10442000,yfinance
2020-05-08,92.41624325,94.45314666,90.87660946,94.21407318,4851100,yfinance
2020-05-11,92.26325118,93.20041524,91.78510417,92.4927597,3732800,yfinance
2020-05-12,91.97637238,92.44495447,90.41761553,90.47499084,3773600,yfinance
2020-05-13,90.26458656,90.39846713,87.50089759,88.7249527,3256900,yfinance
2020-05-14,88.49544439,90.91486695,88.13205531,90.76186371,3990100,yfinance
2020-05-15,90.86706418,93.40124506,89.63345119,93.06654358,6715500,yfinance
2020-05-18,93.86982764,98.24009117,93.78375739,97.44636536,6383600,yfinance
2020-05-19,94.10888986,95.39988522,91.94766352,94.29058075,21394500,yfinance
2020-05-20,94.80698675,95.43814429,93.52555629,93.85069275,5978700,yfinance
2020-05-21,94.4340297,94.4340297,88.93533937,90.2645874,5586900,yfinance
2020-05-22,90.40803596,92.49275718,90.22633776,91.61296844,4849300,yfinance
2020-05-26,92.68400064,92.99001439,90.33151859,91.39300537,5007200,yfinance
2020-05-27,91.47909575,93.87938866,90.90531347,92.95178223,4540400,yfinance
2020-05-28,93.25778734,95.46683144,92.90396323,94.88349152,5457700,yfinance
2020-05-29,94.93129031,96.01190707,93.06652016,95.66764069,9777300,yfinance
2020-06-01,95.59115253,96.58569922,94.97912492,95.34251404,2903300,yfinance
2020-06-02,94.34796987,96.10754733,94.20452431,96.02148438,4720200,yfinance
2020-06-03,96.49963046,97.87668885,96.05017112,96.78651428,3756300,yfinance
2020-06-04,97.10208699,97.24553254,95.4285726,95.79196167,2534100,yfinance
2020-06-05,96.87258988,98.46959918,96.10755172,96.71001434,3957900,yfinance
2020-06-08,96.33706273,100.51607045,96.05017889,99.89447784,5043500,yfinance
2020-06-09,97.71412602,99.0146865,97.32204195,98.67998505,5037000,yfinance
2020-06-10,98.31657693,102.05568971,98.31657693,101.16633606,6273500,yfinance
2020-06-11,99.94228611,100.70731692,96.33705371,96.48049927,7689300,yfinance
2020-06-12,99.6936527,100.45869084,95.87804156,97.83843994,5289300,yfinance
2020-06-15,96.89171729,100.59257806,96.32750728,100.10486603,3842000,yfinance
2020-06-16,99.45456851,99.45456851,95.73458571,98.39308167,5766100,yfinance
2020-06-17,98.49827872,100.21961078,97.8671212,98.14444733,3757400,yfinance
2020-06-18,99.28245205,102.17045699,98.73736471,101.74012756,4698900,yfinance
2020-06-19,102.6486087,104.23606046,101.74013219,102.22784424,9268300,yfinance
2020-06-22,102.18956405,103.94914128,101.39583838,101.9409256,5090500,yfinance
2020-06-23,99.16767983,105.63222898,98.97642395,102.47646332,22929100,yfinance
2020-06-24,100.85077668,104.36993932,99.9996755,103.69097137,66903100,yfinance
2020-06-25,104.98194705,106.70327905,103.76745696,105.37403107,55407300,yfinance
2020-06-26,104.37950071,105.04890365,100.15268261,100.6021347,25367800,yfinance
2020-06-29,101.1663426,101.61580194,99.40675785,101.32891083,9096800,yfinance
2020-06-30,101.27152922,101.55841302,99.45456928,99.59801483,10833800,yfinance
2020-07-01,101.06115619,101.60624351,99.31113631,101.4914856,9599900,yfinance
2020-07-02,102.2756356,102.64858966,100.74556673,101.37672424,6411900,yfinance
2020-07-06,101.94094204,102.97374134,101.55842297,102.11307526,5256500,yfinance
2020-07-07,101.78793854,102.88767084,100.93683744,101.17591095,5572500,yfinance
2020-07-08,101.60624168,101.96963079,100.76470555,101.95050812,4300400,yfinance
2020-07-09,101.99833639,102.0557117,100.45870224,101.52974701,3956600,yfinance
2020-07-10,101.19502447,102.50514979,100.68818985,102.37126923,4557900,yfinance
2020-07-13,102.21827042,102.84942799,99.67453204,99.95185089,5752500,yfinance
2020-07-14,99.04335887,101.88355292,99.04335887,100.78381348,7881900,yfinance
2020-07-15,100.8985831,101.4436704,99.96141176,100.33436584,4476300,yfinance
2020-07-16,99.93272172,100.27698814,98.90948745,99.92315674,5751200,yfinance
2020-07-17,100.2865655,101.10897901,99.54064996,100.74558258,4009300,yfinance
2020-07-20,100.79338971,101.6349258,100.4395583,101.50104523,3632400,yfinance
2020-07-21,101.70185825,101.82618114,100.64993639,100.96551514,3602400,yfinance
2020-07-22,101.04203096,101.6923039,100.1622349,100.34393311,4655300,yfinance
2020-07-23,100.61170184,100.67864214,99.79885331,99.94229889,6640800,yfinance
2020-07-24,99.95184905,100.63082423,99.6745302,100.34393311,4990000,yfinance
2020-07-27,99.96140473,101.62535415,99.78927153,101.00376892,7958900,yfinance
2020-07-28,100.41087525,100.88902227,99.4545812,99.95185089,3670000,yfinance
2020-07-29,100.62126172,101.72100134,99.97098147,101.15678406,3606200,yfinance
2020-07-30,100.14311802,101.31935566,100.01879511,100.86990356,2689400,yfinance
2020-07-31,101.01332192,102.72508887,100.458677,102.68683624,4119200,yfinance
2020-08-03,103.26062364,103.98740178,102.15131916,102.20869446,4548000,yfinance
2020-08-04,101.96963041,103.68139761,101.73055691,103.65270996,2991200,yfinance
2020-08-05,103.98741129,104.38906033,102.57210021,103.18412781,3112500,yfinance
2020-08-06,102.62946573,103.56663701,102.49558516,103.37537384,4016600,yfinance
2020-08-07,108.2907255,112.84268677,108.14727995,110.05986786,13771200,yfinance
2020-08-10,110.03119598,111.55170738,108.63500748,110.99705505,4812500,yfinance
2020-08-11,111.00660446,111.12135506,108.32897845,108.62542725,4763100,yfinance
2020-08-12,109.27571923,111.1596197,109.08446334,110.21289062,3512200,yfinance
2020-08-13,110.1172585,112.02984655,109.86862001,110.32764435,3030500,yfinance
2020-08-14,110.64321895,111.01617304,109.33310076,110.44239807,2027600,yfinance
2020-08-17,110.91099144,112.19242201,110.75798088,111.76209259,3308700,yfinance
2020-08-18,112.53667792,112.58449554,110.79622313,110.94922638,2363300,yfinance
2020-08-19,111.5899475,111.81945601,109.89730306,110.1076889,2700400,yfinance
2020-08-20,109.55304768,110.7962329,109.50523735,110.3563385,2268800,yfinance
2020-08-21,109.34266061,110.21289171,108.42461917,109.98338318,2841000,yfinance
2020-08-24,110.00249181,111.01616106,109.74429565,110.22244263,2713500,yfinance
2020-08-25,110.50932876,110.50932876,109.59128743,110.3658905,2322300,yfinance
2020-08-26,110.07900189,111.15961147,109.72517048,111.11180115,2953400,yfinance
2020-08-27,111.52300609,111.52300609,109.97380722,110.20331573,2464800,yfinance
2020-08-28,110.21287492,111.26479678,109.85904354,111.17873383,2797900,yfinance
2020-08-31,110.44239112,111.99159001,110.36589314,111.5803833,3926100,yfinance
2020-09-01,111.53257563,112.20198586,110.88229536,111.79077911,2938100,yfinance
2020-09-02,112.68011512,113.99023313,112.02026997,113.68421936,3600400,yfinance
2020-09-03,113.51209625,113.94243293,108.95057702,109.82080078,4411900,yfinance
2020-09-04,110.44240321,110.93011524,107.30575974,109.29485321,4691000,yfinance
2020-09-08,107.70739493,108.87407483,106.22514355,106.69372559,5686500,yfinance
2020-09-09,106.76066322,109.55304,106.76066322,108.25247955,4024200,yfinance
2020-09-10,108.16642934,109.92600704,106.39728667,106.83718109,3862000,yfinance
2020-09-11,107.37268809,108.46286266,105.62266834,106.70328522,3098100,yfinance
2020-09-14,108.01339355,108.52979313,106.76065087,107.3631134,3939000,yfinance
2020-09-15,108.17596804,111.07353737,107.56394053,110.86315155,4821500,yfinance
2020-09-16,111.32218245,112.28803408,108.52979856,108.78800201,5758900,yfinance
2020-09-17,106.09125356,107.86039592,105.29752783,107.01885986,5859000,yfinance
2020-09-18,107.30575067,107.72652238,103.07893287,105.88087463,8822900,yfinance
2020-09-21,105.11582662,105.83304706,104.14041002,105.73741913,4562600,yfinance
2020-09-22,106.76066188,107.68826823,105.80436788,107.47788239,4332100,yfinance
2020-09-23,107.86997385,107.8986615,103.91091699,104.23605347,3542000,yfinance
2020-09-24,103.48057568,107.24837648,103.42320037,105.7183075,4184700,yfinance
2020-09-25,105.43141673,107.64045361,104.91501708,107.12405396,5134700,yfinance
2020-09-28,107.93690643,109.47654035,107.57351004,109.24702454,5850900,yfinance
2020-09-29,109.35222036,109.82080239,108.33855103,108.55849457,3221100,yfinance
2020-09-30,108.40549186,110.05987645,107.11449638,109.36178589,5174400,yfinance
2020-10-01,109.97381528,111.34131606,108.91232831,110.67191315,4306500,yfinance
2020-10-02,109.40959443,110.6432072,108.06121645,108.45330048,4014900,yfinance
2020-10-05,108.50110179,109.96423024,108.46284916,109.78253937,2657000,yfinance
2020-10-06,108.64456766,109.46698113,106.91367777,107.53526306,3335500,yfinance
2020-10-07,108.08034806,109.5147891,107.69783628,109.22790527,3367400,yfinance
2020-10-08,109.8686231,110.547591,109.28528314,110.44239807,2254800,yfinance
2020-10-09,110.52845961,112.38366496,110.47107701,112.10634613,3340100,yfinance
2020-10-12,112.90005937,116.05583227,112.26890917,114.82221222,6498700,yfinance
2020-10-13,115.52032488,118.02581064,114.82222701,116.25666809,5326500,yfinance
2020-10-14,116.71568228,116.89737318,111.3604302,111.57081604,6618700,yfinance
2020-10-15,110.74840874,111.83858335,109.08445918,110.26070404,3287400,yfinance
2020-10-16,110.74840292,111.67600925,109.83036158,109.9355545,3761400,yfinance
2020-10-19,110.4232721,110.49977737,107.11449565,107.82215118,3037500,yfinance
2020-10-20,108.92187663,109.2183254,107.77431957,108.12815094,2745000,yfinance
2020-10-21,107.74563476,108.81668658,107.30574043,107.50656128,3029700,yfinance
2020-10-22,107.84126012,108.78799633,106.03386523,106.76065063,3604500,yfinance
2020-10-23,107.58307303,107.69783093,106.05300412,107.46831512,2269300,yfinance
2020-10-26,106.32077154,107.143185,105.21146696,106.89454651,2764700,yfinance
2020-10-27,106.89454483,108.59674703,106.27295226,107.88909149,2628900,yfinance
2020-10-28,106.43552436,107.03798695,104.8672028,105.00108337,3661800,yfinance
2020-10-29,104.50381929,106.18689896,104.14043015,104.72377014,2895900,yfinance
2020-10-30,104.1021601,104.96282612,102.85897505,104.78112793,4040500,yfinance
2020-11-02,106.28250517,106.28250517,103.99696329,105.56528473,3145000,yfinance
2020-11-03,106.38770518,107.47787973,105.87130555,106.26338959,3341400,yfinance
2020-11-04,108.93145276,111.7716398,107.87952352,110.94922638,5025900,yfinance
2020-11-05,112.43149675,114.09544643,111.19787649,112.13504791,7669700,yfinance
2020-11-06,121.44934473,121.47803239,117.34684237,118.15969086,8931300,yfinance
2020-11-09,119.99578628,121.41109745,117.21296696,117.41378784,6190600,yfinance
2020-11-10,113.82766765,117.8536643,113.41646096,116.40010071,4454400,yfinance
2020-11-11,117.27033364,120.52173478,116.70612367,119.68019867,3931600,yfinance
2020-11-12,119.92882586,122.21436778,119.27854569,121.26763153,3557800,yfinance
2020-11-13,121.76491346,122.90290563,120.78948953,122.6255722,3397600,yfinance
2020-11-16,124.14609854,124.42341739,121.98486468,123.02722168,3444500,yfinance
2020-11-17,124.89200714,126.54639174,123.09416968,123.36193085,3648500,yfinance
2020-11-18,123.96439356,124.80592234,122.25261916,122.26218414,3222900,yfinance
2020-11-19,121.73624483,124.5381796,121.55454661,123.54364014,2427000,yfinance
2020-11-20,123.9930764,124.64334928,122.74989135,124.01219177,4387800,yfinance
2020-11-23,124.19390138,124.46166254,121.36327921,122.2908783,4177200,yfinance
2020-11-24,121.89880271,123.3810614,120.26354078,122.4630127,4692200,yfinance
2020-11-25,123.1610919,123.96438991,122.17611759,123.11328888,3562700,yfinance
2020-11-27,123.47668136,126.68027222,123.23760785,126.13517761,2278400,yfinance
2020-11-30,126.13518384,127.23493079,124.44255381,127.12973785,5746000,yfinance
2020-12-01,127.11058948,128.08601339,126.4603166,127.88518524,3967100,yfinance
2020-12-02,127.79913089,128.37291313,126.62289335,127.32098389,2926700,yfinance
2020-12-03,125.89610964,127.15842483,125.36058729,125.45622253,3587800,yfinance
2020-12-04,125.87697493,126.21166906,124.96848403,126.03954315,2029200,yfinance
2020-12-07,126.30728341,127.26357718,126.1542729,127.1488266,2637400,yfinance
2020-12-08,127.02450657,127.5982741,126.05865509,127.330513,2442900,yfinance
2020-12-09,128.02866338,128.02866338,124.86333213,125.38928223,3660500,yfinance
2020-12-10,125.01631274,126.11605961,124.35646753,124.85374451,4164500,yfinance
2020-12-11,124.86330291,125.87697212,124.0217596,125.4944458,2405300,yfinance
2020-12-14,125.29365128,127.15842177,123.58187675,123.70619965,5296700,yfinance
2020-12-15,124.03133092,124.99719722,123.15154218,124.31822205,2896000,yfinance
2020-12-16,124.93981919,124.93981919,123.46713269,124.13653564,3262000,yfinance
2020-12-17,124.62425273,125.04500987,123.98352285,124.32778931,4132200,yfinance
2020-12-18,124.60512041,126.364698,123.84963992,126.15431213,8782600,yfinance
2020-12-21,124.31824722,125.49448502,122.05182732,124.52863312,3259400,yfinance
2020-12-22,126.16386568,126.63245502,124.56685639,126.46988678,3061300,yfinance
2020-12-23,126.46987459,127.06277217,125.22668954,126.45074463,2152300,yfinance
2020-12-24,126.97671513,127.98082674,126.79501693,127.1105957,901100,yfinance
2020-12-28,128.36334852,128.87018321,125.65703456,127.1871109,2569100,yfinance
2020-12-29,127.68438028,128.11470967,125.89610056,127.32098389,1672500,yfinance
2020-12-30,127.68440325,127.98085211,126.71853678,127.45488739,1673100,yfinance
2020-12-31,127.33054156,129.09969132,127.28273853,128.95625305,2080600,yfinance
2021-01-04,128.4302856,129.08055851,124.75812019,126.64200592,3433100,yfinance
2021-01-05,126.18299247,126.46032591,124.75812373,126.08737183,2544200,yfinance
2021-01-06,125.00676854,126.21169388,123.94528148,125.78136444,4486000,yfinance
2021-01-07,127.96168723,129.53000868,127.34010202,127.36878967,4928100,yfinance
2021-01-08,127.43572669,129.29093929,126.45074508,129.15705872,2951200,yfinance
2021-01-11,128.14339693,129.61608328,126.94802942,127.12015533,3074800,yfinance
2021-01-12,127.07235748,127.63656747,122.09005908,123.06548309,5374600,yfinance
2021-01-13,123.49580902,124.22258722,122.83596381,122.88378143,2917300,yfinance
2021-01-14,123.39062346,124.71987164,118.48483747,119.24031067,6359700,yfinance
2021-01-15,119.29767934,122.31000697,119.29767934,121.71710205,4741000,yfinance
2021-01-19,123.06547726,124.72941948,121.56409597,124.1747818,4033800,yfinance
2021-01-20,124.43297167,126.63245081,123.84007405,126.5177002,4230400,yfinance
2021-01-21,126.90979625,126.90979625,124.17479455,124.70074463,2687200,yfinance
2021-01-22,124.73898848,125.58053185,123.47667343,124.66248322,2501600,yfinance
2021-01-25,125.03543897,126.61331822,124.00263971,125.37014771,2892600,yfinance
2021-01-26,124.33735496,126.90978826,124.31822499,125.66660309,3219000,yfinance
2021-01-27,124.02176758,124.31821638,117.09819397,117.88235474,7023100,yfinance
2021-01-28,120.29222612,123.93571131,119.05860596,122.1856842,5000200,yfinance
2021-01-29,121.0285666,123.58186983,119.89058169,120.56954956,4597400,yfinance
2021-02-01,120.77037777,123.69664256,119.73757844,122.80728149,4070200,yfinance
2021-02-02,123.00808984,126.62287964,122.47256759,126.12560272,3456000,yfinance
2021-02-03,126.0873713,126.85239484,123.12285403,123.71575165,3918400,yfinance
2021-02-04,124.61465726,125.13106414,123.71573864,124.89199066,7396000,yfinance
2021-02-05,123.38106472,123.92614475,119.10642907,119.80451965,10319100,yfinance
2021-02-08,120.68431203,120.74169464,117.18427943,120.58868408,5742600,yfinance
2021-02-09,120.41654134,120.48348163,118.62827619,119.01078796,3342900,yfinance
2021-02-10,119.64193901,120.16790361,118.8864659,119.04903412,2880000,yfinance
2021-02-11,119.94794081,119.96706348,118.06404071,118.96295929,3085300,yfinance
2021-02-12,118.39876018,118.62827599,117.31815056,118.27444458,2713000,yfinance
2021-02-16,117.60503322,117.98754496,116.07495706,116.66786194,4247500,yfinance
2021-02-17,116.56268412,117.57635351,115.54901474,115.99847412,6105200,yfinance
2021-02-18,115.56812836,117.85367043,114.37276086,117.66241455,6125900,yfinance
2021-02-19,117.71978833,118.31269323,114.1815035,114.85090637,4961100,yfinance
2021-02-22,113.94242476,114.6118276,112.26891036,112.75662231,5138500,yfinance
2021-02-23,112.72792363,114.42056794,110.82490079,114.00936127,6390200,yfinance
2021-02-24,112.57492462,114.28669166,111.66644099,114.16236877,4425000,yfinance
2021-02-25,119.04903346,119.86188187,114.50663713,115.60637665,11337300,yfinance
2021-02-26,114.51619955,116.34272448,113.6842212,114.72658539,5118000,yfinance
2021-03-01,115.0517374,118.51352457,115.01348476,118.16925812,5812900,yfinance
2021-03-02,118.48482862,119.11597887,117.06951028,117.09819794,4797700,yfinance
2021-03-03,116.1323356,116.61048256,113.43558704,113.64596558,5390200,yfinance
2021-03-04,113.9806853,116.20884479,112.27848313,113.42603302,4884200,yfinance
2021-03-05,114.7744096,119.87145868,113.35909848,119.23074341,7944300,yfinance
2021-03-08,118.66651951,122.84553423,118.43701099,121.50671387,7416000,yfinance
2021-03-09,123.38104505,124.16519847,119.97663375,120.78948212,6409500,yfinance
2021-03-10,122.81682473,123.47666988,120.55041274,121.84141541,4027800,yfinance
2021-03-11,122.27176256,124.50948722,118.46570888,120.48348999,8824500,yfinance
2021-03-12,121.03812993,122.09005186,119.23073487,121.56409454,6122500,yfinance
2021-03-15,122.71165407,122.95072758,118.65696223,120.13921356,5599600,yfinance
2021-03-16,120.30178584,123.18022547,119.38373719,122.19524384,4433200,yfinance
2021-03-17,120.8086226,122.42476179,120.0340195,121.73622894,3471800,yfinance
2021-03-18,119.90013563,121.00944014,119.36461334,119.45068359,3835000,yfinance
2021-03-19,119.27856858,120.21573273,117.58592391,118.76216888,8848300,yfinance
2021-03-22,119.21162025,121.54497278,119.19249029,120.59824371,4850700,yfinance
2021-03-23,121.39196763,121.76492173,118.79084668,118.95341492,3653200,yfinance
2021-03-24,119.80450738,119.82363734,116.96431312,117.01213074,3673100,yfinance
2021-03-25,118.7812738,118.84821409,115.85501657,118.08318329,4259300,yfinance
2021-03-26,118.45612919,119.26897755,115.73068571,117.61458588,4274700,yfinance
2021-03-29,117.20339034,119.22117126,116.57224009,118.0640564,3256000,yfinance
2021-03-30,118.13099509,119.90970249,116.9356276,119.19248199,4592500,yfinance
2021-03-31,118.81953262,120.42610688,118.72390468,119.81407928,4160400,yfinance
2021-04-01,120.35916335,122.08049546,119.39330436,122.07093048,4281700,yfinance
2021-04-05,122.85510119,125.90568163,122.62558536,125.65703583,4316100,yfinance
2021-04-06,124.67205297,126.22125929,124.67205297,125.68572235,4906600,yfinance
2021-04-07,125.18843464,125.37013281,123.44797279,124.33733368,3057100,yfinance
2021-04-08,125.15976662,125.18845428,123.94526913,124.42341614,2422800,yfinance
2021-04-09,124.8250507,124.8250507,122.57775403,123.39060974,2388100,yfinance
2021-04-12,122.8742213,125.27451398,122.62557552,125.04499817,2435800,yfinance
2021-04-13,124.60510998,125.46576873,124.00264009,125.07368469,4516400,yfinance
2021-04-14,124.96849576,125.07368868,123.94526874,124.22258759,2921500,yfinance
2021-04-15,125.37014441,126.03954726,124.43296582,125.72396851,3241200,yfinance
2021-04-16,126.22123227,127.71304836,125.58051713,127.23490143,3540000,yfinance
2021-04-19,127.75131411,127.79913173,126.15430486,126.22125244,2575700,yfinance
2021-04-20,125.94392484,125.94392484,122.8646568,124.8441925,3332400,yfinance
2021-04-21,125.23629091,126.70897751,124.13654386,126.34558105,3368400,yfinance
2021-04-22,126.23081395,127.07235738,124.88243585,125.97261047,3324500,yfinance
2021-04-23,125.99171468,128.0573129,125.657006,127.49310303,3020100,yfinance
2021-04-26,127.57918489,127.57918489,126.1447439,126.70895386,2721700,yfinance
2021-04-27,127.2922939,127.41661678,125.73353002,127.1105957,3008600,yfinance
2021-04-28,126.56552312,126.84284197,125.781355,126.30731964,2011400,yfinance
2021-04-29,126.37424667,128.210344,126.37424667,128.1529541,3401800,yfinance
2021-04-30,127.23490644,127.35921472,125.76220566,126.3551178,4138400,yfinance
2021-05-03,126.7854354,126.97669125,125.18842649,125.70481873,4192300,yfinance
2021-05-04,125.11193584,125.39882694,121.53539131,122.86463928,4891800,yfinance
2021-05-05,125.71441229,129.4152653,125.67615236,128.26771545,8802900,yfinance
2021-05-06,127.837379,132.90574028,126.4316402,132.81011963,8150200,yfinance
2021-05-07,132.5231891,134.06282261,132.30324562,133.0395813,5831400,yfinance
2021-05-10,132.28416329,133.61341149,129.75954747,129.8742981,5251600,yfinance
2021-05-11,129.20489286,132.20765567,128.78412114,131.96858215,3151400,yfinance
2021-05-12,130.03687216,131.3756927,129.91256384,130.66802979,3903400,yfinance
2021-05-13,131.07921603,133.02049155,130.48630388,132.08331299,3737900,yfinance
2021-05-14,132.98222738,136.83609063,132.66664864,135.3347168,5331100,yfinance
2021-05-17,134.02458534,134.33060639,133.0874214,134.07240295,5452200,yfinance
2021-05-18,133.86202554,133.86202554,128.9658051,129.09968567,8235600,yfinance
2021-05-19,127.82781614,128.78411013,126.69939623,128.47810364,6709200,yfinance
2021-05-20,128.70759591,130.70624671,128.43027709,130.20898438,4445900,yfinance
2021-05-21,131.33741842,131.42348138,129.85515976,130.10380554,3719000,yfinance
2021-05-24,130.62975546,132.36064512,130.23767145,131.71035767,4432000,yfinance
2021-05-25,131.93988277,132.8101138,130.75407297,130.78276062,6094300,yfinance
2021-05-26,130.80188872,134.71312757,130.65845046,133.54644775,6267100,yfinance
2021-05-27,134.34017014,135.94675157,133.69945495,135.13389587,8141100,yfinance
2021-05-28,135.6120429,136.36752329,135.22953115,135.26777649,4197700,yfinance
2021-06-01,135.46862111,136.6639887,135.26779294,135.50686646,3752700,yfinance
2021-06-02,135.60248162,135.8989304,133.82377434,134.8183136,3589500,yfinance
2021-06-03,134.09153883,136.61615428,133.90028296,136.09976196,4503700,yfinance
2021-06-04,136.74047449,138.44267652,136.27188521,138.19403076,3484000,yfinance
2021-06-07,137.62025825,138.4904892,136.71178196,137.23773193,2758200,yfinance
2021-06-08,137.61070019,139.31290233,137.61070019,139.0355835,4960300,yfinance
2021-06-09,139.22683831,141.48369271,139.22683831,140.8334198,4125000,yfinance
2021-06-10,141.14899997,142.20091461,139.82930958,140.10662842,3592200,yfinance
2021-06-11,140.17356717,140.24050016,138.06015115,138.99732971,4072700,yfinance
2021-06-14,138.65309648,139.20774885,138.2418824,138.9112854,3477800,yfinance
2021-06-15,139.02603544,140.34571133,138.67219672,139.31291199,3169600,yfinance
2021-06-16,139.42768504,139.88670213,136.99868982,138.57658386,4184100,yfinance
2021-06-17,138.65308939,141.41677881,138.48094886,140.04927063,3494600,yfinance
2021-06-18,139.83886101,140.08750677,137.9836484,138.37573242,5430900,yfinance
2021-06-21,139.59022625,139.80061208,138.73912523,139.29377747,3801900,yfinance
2021-06-22,139.34158444,139.61890323,138.67216706,139.44677734,2621900,yfinance
2021-06-23,139.0451235,139.31288462,138.19402254,138.69129944,2416200,yfinance
2021-06-24,139.02603382,139.68587905,138.53831451,139.23641968,2181500,yfinance
2021-06-25,139.41810713,139.84845113,138.47138533,138.98777771,3376100,yfinance
2021-06-28,138.92084009,139.21728891,138.09842663,138.70088196,2826000,yfinance
2021-06-29,138.36616982,138.98775503,137.84020524,138.65306091,3197200,yfinance
2021-06-30,138.86348802,138.96868097,137.92630919,138.50009155,3139000,yfinance
2021-07-01,138.22273953,139.14078826,137.98366601,138.98777771,2655000,yfinance
2021-07-02,139.5615461,140.29789655,138.9686485,139.89624023,2603400,yfinance
2021-07-06,139.76235366,140.50826177,138.80605972,140.33613586,2357400,yfinance
2021-07-07,140.30746264,141.66539842,139.20773033,141.56976318,1777400,yfinance
2021-07-08,141.07250279,141.55064982,139.62848943,140.44134521,2407500,yfinance
2021-07-09,139.51374364,140.85254953,138.19405313,139.62849426,3245300,yfinance
2021-07-12,139.80060798,140.75690188,138.97819464,140.47956848,2007900,yfinance
2021-07-13,140.39352055,143.05201672,139.72411766,141.31156921,2583000,yfinance
2021-07-14,142.0000967,143.2910848,141.55063737,142.39216614,2316500,yfinance
2021-07-15,142.81295301,143.57799118,141.63671539,141.85665894,3348600,yfinance
2021-07-16,141.61759804,143.63537929,141.61759804,142.87991333,2476700,yfinance
2021-07-19,141.05337743,141.73235265,137.02737292,138.28968811,7154600,yfinance
2021-07-20,138.46177542,139.32244861,137.81150262,138.08882141,7189700,yfinance
2021-07-21,137.69678204,139.73367839,137.37163098,138.25143433,4700000,yfinance
2021-07-22,138.33750576,138.60526694,136.21453173,138.42356873,4335700,yfinance
2021-07-23,139.07385352,139.07385352,137.61072461,137.70635986,4278200,yfinance
2021-07-26,137.3525112,139.35116215,137.3525112,138.63394165,3705900,yfinance
2021-07-27,138.51919669,138.72958254,137.28556921,138.49050903,4110400,yfinance
2021-07-28,138.66263891,139.13122825,137.99323598,138.77738953,2975000,yfinance
2021-07-29,139.14079384,140.49872974,137.41946152,138.30882263,4198600,yfinance
2021-07-30,136.75002477,138.83473842,135.02869286,137.72544861,6600300,yfinance
2021-08-02,138.53832393,138.9399657,137.72548268,138.57658386,4333500,yfinance
2021-08-03,138.73914633,139.10254275,137.73503464,138.18449402,3953600,yfinance
2021-08-04,137.58199897,138.08883357,135.9371723,136.00411987,4615200,yfinance
2021-08-05,136.57790699,137.22817987,135.50684786,135.72679138,4369100,yfinance
2021-08-06,135.78420115,136.52053709,135.28692415,136.01370239,5236700,yfinance
2021-08-09,136.55878033,137.70633016,136.45358741,136.74047852,4645800,yfinance
2021-08-10,137.02734713,137.54375401,136.2527514,136.94128418,2608300,yfinance
2021-08-11,137.04648324,138.43310655,136.69265915,138.27053833,2417800,yfinance
2021-08-12,138.62438732,139.03558674,138.36618385,138.41400146,2223900,yfinance
2021-08-13,137.99322755,138.99733917,137.77328401,138.60525513,2618200,yfinance
2021-08-16,134.83744233,136.42489374,133.19261563,134.57923889,7114200,yfinance
2021-08-17,134.40711524,135.65030027,133.95765593,134.52186584,4718500,yfinance
2021-08-18,134.11066617,135.57379471,133.57512931,133.71858215,4480000,yfinance
2021-08-19,133.49861102,135.41119848,133.32647056,134.73222351,3799000,yfinance
2021-08-20,134.8565643,137.01778317,134.23496454,135.61203003,3274000,yfinance
2021-08-23,135.32515327,136.72134888,135.02870448,136.31013489,3186700,yfinance
2021-08-24,136.08064048,136.83610633,135.56423354,136.27189636,2367100,yfinance
2021-08-25,136.09974262,136.09974262,133.68987812,133.74725342,3633400,yfinance
2021-08-26,134.4071037,134.4071037,131.41389927,131.56690979,4204800,yfinance
2021-08-27,131.86336569,132.5901438,131.1843906,132.33195496,3351800,yfinance
2021-08-30,130.94530339,132.52319692,129.69256084,131.87290955,3628600,yfinance
2021-08-31,131.51910725,131.94943662,130.60107322,131.03140259,4458900,yfinance
2021-09-01,131.61474726,132.73360949,131.37567376,131.71994019,2754800,yfinance
2021-09-02,132.17891768,132.21716301,129.14746838,130.18026733,3807900,yfinance
2021-09-03,130.40980861,130.52457381,129.50133222,130.0559845,2448500,yfinance
2021-09-07,130.14207216,130.81147517,128.3538067,128.59288025,4403800,yfinance
2021-09-08,128.77454847,128.77454847,126.54638179,127.82781219,6635700,yfinance
2021-09-09,125.46578141,127.90433425,124.54774725,125.69529724,8684000,yfinance
2021-09-10,126.0108679,126.43163961,123.42887695,125.09281921,6570000,yfinance
2021-09-13,126.13515624,126.39335967,123.90700435,124.33733368,6763200,yfinance
2021-09-14,125.19801132,125.50403241,122.37694688,123.28542328,6053700,yfinance
2021-09-15,122.94115718,123.20891834,119.87145424,121.51628113,8735700,yfinance
2021-09-16,121.83185766,123.9643965,120.45479196,123.27586365,9045100,yfinance
2021-09-17,123.24718309,123.58187726,121.47803324,122.40563965,8304300,yfinance
2021-09-20,121.45890396,122.37694533,119.22117219,120.13921356,7916000,yfinance
2021-09-21,120.92336758,121.92747915,119.39329872,119.44111633,5908000,yfinance
2021-09-22,120.26353767,122.63515004,119.96708156,122.14743805,6952600,yfinance
2021-09-23,122.65427213,126.12562428,122.41519862,125.21714783,8177200,yfinance
2021-09-24,124.48077983,125.02587438,123.40973529,123.77311707,3712000,yfinance
2021-09-27,123.1037202,123.18979775,121.68840919,122.19524384,3888500,yfinance
2021-09-28,121.18156612,122.12829506,120.35915277,120.78948212,4517900,yfinance
2021-09-29,121.01900033,123.12284407,120.49303575,122.50125885,4398500,yfinance
2021-09-30,123.19935118,123.62012285,121.55452442,122.17611694,4541100,yfinance
2021-10-01,121.52583187,122.7020693,120.77035881,121.21981812,4126700,yfinance
2021-10-04,121.2676496,122.16656837,119.28812115,119.97665405,4753000,yfinance
2021-10-05,119.62281726,120.67474654,118.85778641,119.91927338,3051100,yfinance
2021-10-06,118.81953439,119.26899375,117.91105797,119.15423584,4160400,yfinance
2021-10-07,120.17747297,120.61736736,117.44247137,117.7963028,5431700,yfinance
2021-10-08,118.23618863,118.23618863,115.32905402,115.92195892,5975800,yfinance
2021-10-11,115.69244736,116.28534495,111.84814152,112.06809235,9884200,yfinance
2021-10-12,112.45059576,113.39733197,111.07353751,111.19785309,7095400,yfinance
2021-10-13,112.03940528,112.87137636,110.93010077,111.36999512,6845800,yfinance
2021-10-14,112.92876073,114.45883704,112.46974367,114.04763031,9698500,yfinance
2021-10-15,114.38233417,115.08042475,112.09679192,112.42192841,4453800,yfinance
2021-10-18,111.94377259,113.03394716,111.05441888,112.24978638,4377700,yfinance
2021-10-19,112.46974318,113.46428986,111.71427001,113.3782196,3426500,yfinance
2021-10-20,113.87548756,117.29902172,113.78941731,116.61048889,5875900,yfinance
2021-10-21,116.28536274,116.60094155,111.34132392,111.7429657,6744800,yfinance
2021-10-22,112.26892729,112.37412022,111.09268235,111.76209259,5213700,yfinance
2021-10-25,111.66643492,111.85769808,110.76752362,110.86315155,5940100,yfinance
2021-10-26,111.49431182,112.82356716,111.207428,111.27436829,4600800,yfinance
2021-10-27,111.23611152,112.39322632,110.98747305,111.52300262,3998200,yfinance
2021-10-28,111.78120169,112.71837299,110.35632571,110.96835327,3371100,yfinance
2021-10-29,110.75796793,111.2456799,109.67735836,110.00249481,4175800,yfinance
2021-11-01,109.96424807,111.30306117,109.86862013,110.7962265,4044500,yfinance
2021-11-02,111.75250741,112.17327907,109.74429165,110.7388382,5446500,yfinance
2021-11-03,116.7826221,119.25941997,115.75938784,116.61048889,9641800,yfinance
2021-11-04,116.79218987,118.65696764,115.92196607,117.28946686,6250200,yfinance
2021-11-05,117.6241649,118.97254297,116.46705001,117.30858612,5204800,yfinance
2021-11-08,117.4711481,117.4711481,114.61183117,115.57769012,4437600,yfinance
2021-11-09,115.63507592,116.37142644,113.98069129,114.62140656,3889500,yfinance
2021-11-10,114.42057911,116.93562972,113.91374446,114.32495117,3715000,yfinance
2021-11-11,114.12411584,114.80309096,112.95744335,113.29214478,3443900,yfinance
2021-11-12,113.69379717,114.05718628,112.86181873,113.07220459,2853900,yfinance
2021-11-15,112.8331199,113.12957599,110.7005885,112.62273407,5337000,yfinance
2021-11-16,113.33039623,114.08586932,112.85224927,113.18695068,4056900,yfinance
2021-11-17,112.6227373,112.94788104,111.2169913,112.06809235,3494600,yfinance
2021-11-18,111.61864056,112.29760845,110.2511398,111.86727905,4801100,yfinance
2021-11-19,111.89596718,111.90552487,109.36178653,110.56671906,5741600,yfinance
2021-11-22,110.99704304,111.01616571,108.71150099,108.87406921,5315800,yfinance
2021-11-23,108.52979608,110.9779135,107.93689851,110.41369629,4483000,yfinance
2021-11-24,109.98337426,110.33719837,108.61587356,109.47653961,3552700,yfinance
2021-11-26,109.72516904,110.32763891,108.18553515,108.5680542,4391800,yfinance
2021-11-29,108.59675937,108.95059083,105.50793341,108.4437561,6836000,yfinance
2021-11-30,108.09947879,108.20467172,103.36581893,104.05435181,10010600,yfinance
2021-12-01,105.65136198,106.45464542,102.03656461,102.05569458,4757000,yfinance
2021-12-02,102.4669104,106.263399,102.18958424,105.53661346,5829400,yfinance
2021-12-03,105.68960896,108.05165629,104.26473295,107.84127045,6010900,yfinance
2021-12-06,108.74973833,111.15959563,107.8316971,110.5762558,5042600,yfinance
2021-12-07,110.80579101,112.57493349,109.63911114,112.02984619,6867900,yfinance
2021-12-08,112.0681088,112.27849467,108.52025853,109.73474884,5767700,yfinance
2021-12-09,109.45741683,109.68692536,107.84127754,109.00795746,4041200,yfinance
2021-12-10,109.08445758,110.83447738,108.74019116,109.75386047,3817700,yfinance
2021-12-13,109.32353793,110.44240025,108.76888562,109.98338318,4154600,yfinance
2021-12-14,109.61997787,113.12958238,109.29484142,112.18284607,5615100,yfinance
2021-12-15,111.90551079,113.62684276,111.12135007,113.24432373,4035300,yfinance
2021-12-16,113.79898267,116.11321233,113.61728448,115.30992889,6062000,yfinance
2021-12-17,114.68832815,116.40009511,113.39733284,114.57357025,10490900,yfinance
2021-12-20,112.66097876,114.30580539,111.74293752,113.78940582,3542500,yfinance
2021-12-21,114.45882688,116.3140322,113.80854669,115.80719757,3696800,yfinance
2021-12-22,115.24299168,117.20339,114.7552797,115.290802,3400100,yfinance
2021-12-23,115.43425081,116.42879747,114.64052502,114.66921997,3020800,yfinance
2021-12-27,114.7170219,114.81264983,113.1487004,113.39733887,3397500,yfinance
2021-12-28,113.79898044,115.05172318,112.65143061,112.99569702,3706600,yfinance
2021-12-29,113.97111429,114.07630721,111.77163526,112.49842072,3389800,yfinance
2021-12-30,112.57493103,113.58860034,111.2743706,111.41781616,4348400,yfinance
2021-12-31,111.42736489,111.81944891,110.3371904,110.9109726,3186400,yfinance
2022-01-03,110.70059901,111.01617049,109.16096504,109.4287262,6673700,yfinance
2022-01-04,109.66779504,109.85905092,107.06667422,109.07489014,7336100,yfinance
2022-01-05,109.80167745,113.06264351,109.38090575,110.31807709,8059200,yfinance
2022-01-06,110.95878472,111.78119809,109.53390879,110.51889038,4659400,yfinance
2022-01-07,107.1718617,108.57761496,103.80571024,104.94369507,11766800,yfinance
2022-01-10,104.71419793,104.82895584,99.55020862,101.11853027,9615900,yfinance
2022-01-11,102.78248523,106.16775966,100.04748373,106.11994934,8358900,yfinance
2022-01-12,106.62677287,107.71694736,105.16364433,106.00518036,4962500,yfinance
2022-01-13,106.31121042,107.10493625,104.77157638,105.30710602,4164800,yfinance
2022-01-14,105.02976572,105.02976572,102.3808274,103.77701569,3801500,yfinance
2022-01-18,102.33303946,103.49971949,101.63494151,102.2374115,4960600,yfinance
2022-01-19,102.10349412,102.59120604,100.57342538,100.77424622,3898300,yfinance
2022-01-20,100.77425537,103.1554326,99.36850937,99.51194763,4795700,yfinance
2022-01-21,99.3589534,100.65951389,97.0734112,97.17860413,6504200,yfinance
2022-01-24,97.92449754,102.2947604,97.80017466,101.98874664,8814300,yfinance
2022-01-25,101.00377202,101.96006599,99.8370922,101.05158234,6237700,yfinance
2022-01-26,100.62125678,101.85487692,99.23462609,99.66496277,9372100,yfinance
2022-01-27,99.37806274,103.0502352,99.2346172,101.39584351,4671700,yfinance
2022-01-28,101.08983019,103.97784194,100.21960651,103.90133667,4649200,yfinance
2022-01-31,103.47101706,103.69096791,102.21827415,103.44232941,4857600,yfinance
2022-02-01,103.01198893,104.95326455,102.0843826,104.76200867,4387200,yfinance
2022-02-02,104.81939047,105.67049159,103.20325121,104.79070282,6408000,yfinance
2022-02-03,114.75527444,117.10775669,112.36453956,115.50118256,16349300,yfinance
2022-02-04,113.82768018,117.16514438,112.7566355,115.65420532,7596500,yfinance
2022-02-07,115.94108748,117.52853909,115.65420364,116.71569061,6420600,yfinance
2022-02-08,117.12688277,120.74167263,116.90693196,119.9575119,6064600,yfinance
2022-02-09,121.09552397,122.77860369,120.32092805,122.48215485,7483100,yfinance
2022-02-10,119.53675618,122.25262778,119.11598446,119.66107178,6901600,yfinance
2022-02-11,119.24030298,121.39196452,118.71433836,119.03948212,4963100,yfinance
2022-02-14,120.14876016,120.29220569,117.95884634,120.02444458,4655300,yfinance
2022-02-15,120.91380978,122.4725736,120.56954338,121.47801971,3712500,yfinance
2022-02-16,121.92748909,122.75946023,119.83320282,121.88923645,3026300,yfinance
2022-02-17,120.81818229,121.1146384,118.84821895,119.10642242,4604200,yfinance
2022-02-18,119.52719208,120.14878467,117.42334807,118.56134033,3590800,yfinance
2022-02-22,118.21706273,119.0585988,116.92606004,118.11186981,4369600,yfinance
2022-02-23,117.69108826,117.99710201,114.47794022,116.13233185,4635600,yfinance
2022-02-24,114.50663233,118.53262888,113.54078072,118.25531006,5549100,yfinance
2022-02-25,119.27856346,120.48348875,117.85368003,119.97665405,3816600,yfinance
2022-02-28,116.16102467,118.07361252,115.88369855,117.82497406,5167700,yfinance
2022-03-01,116.58180916,118.60914784,116.3140407,117.74848175,4325900,yfinance
2022-03-02,118.48483238,120.78949721,117.77717683,120.1200943,4177700,yfinance
2022-03-03,121.00945275,121.64060304,118.2266335,118.50395966,4718800,yfinance
2022-03-04,118.15011471,119.32635213,117.07906291,117.84410095,5086400,yfinance
2022-03-07,117.14601552,118.24575508,116.46704765,116.96431732,5161500,yfinance
2022-03-08,115.84545703,116.50530224,111.80033741,114.06674957,6186800,yfinance
2022-03-09,115.40556063,117.17470307,115.22386243,116.62961578,4290200,yfinance
2022-03-10,115.38643237,118.50394541,115.17604653,118.14055634,4200600,yfinance
2022-03-11,118.99165349,120.85642373,118.96296584,119.12553406,4207200,yfinance
2022-03-14,118.93428338,120.9138116,118.55176434,118.64739227,5149500,yfinance
2022-03-15,119.43154762,122.02310328,119.43154762,120.76079559,3879200,yfinance
2022-03-16,120.51216022,122.53950602,119.98620293,122.17611694,5453800,yfinance
2022-03-17,122.950728,123.90702201,122.12830727,123.3141098,5042000,yfinance
2022-03-18,123.24717945,123.74444184,121.15289319,121.62147522,8572000,yfinance
2022-03-21,121.37283953,121.37283953,118.77171854,120.4643631,5920100,yfinance
2022-03-22,121.04770299,121.57366034,119.94796337,120.19660187,4594300,yfinance
2022-03-23,120.42610561,121.2772067,119.2881134,119.37418365,4866900,yfinance
2022-03-24,120.13921926,120.6078086,118.42745203,120.19660187,5288600,yfinance
2022-03-25,120.24440382,120.71299313,117.75804091,118.85778046,5135400,yfinance
2022-03-28,119.04905119,121.04770967,118.83866532,120.9616394,5420300,yfinance
2022-03-29,120.70342439,122.96027872,120.47391589,122.81682587,7016700,yfinance
2022-03-30,123.35235662,123.35235662,122.28130482,122.98896027,4077000,yfinance
2022-03-31,123.24716818,123.74443052,121.9657305,122.74033356,4434200,yfinance
2022-04-01,123.33323833,125.18845102,122.31000404,125.04499817,4205000,yfinance
2022-04-04,124.83460037,127.38791794,124.77722507,126.7950058,6882800,yfinance
2022-04-05,125.23627189,127.42617879,125.07368907,126.19256592,4215100,yfinance
2022-04-06,125.78133765,128.95624046,125.51357652,127.86606598,7274500,yfinance
2022-04-07,127.83739923,128.95627626,126.49859321,127.45488739,5812400,yfinance
2022-04-08,127.56962575,128.45898684,126.60377397,127.03410339,4293100,yfinance
2022-04-11,127.45485757,128.22945334,124.14608864,124.71985626,5098400,yfinance
2022-04-12,125.67616727,127.37836958,124.94938902,125.69529724,5008000,yfinance
2022-04-13,126.31687225,129.15706662,125.94391817,128.95625305,6828500,yfinance
2022-04-14,128.95622125,129.24309771,126.74717037,127.1488266,3921300,yfinance
2022-04-18,126.33600091,127.13928436,124.31821998,125.04499817,2604100,yfinance
2022-04-19,123.98352291,127.39749982,123.78270932,127.03410339,3707000,yfinance
2022-04-20,127.77043086,127.94255676,126.31686002,126.90019989,4407200,yfinance
2022-04-21,127.43574421,128.73630474,126.08738064,126.32645416,3580700,yfinance
2022-04-22,124.76767214,125.1406262,121.92747796,123.00809479,5604700,yfinance
2022-04-25,123.14197622,123.42886732,120.85642696,123.18022156,4570400,yfinance
2022-04-26,122.77857787,123.42886534,119.35504383,119.49848938,6221100,yfinance
2022-04-27,123.36193863,126.63246269,121.51629073,124.16522217,8071900,yfinance
2022-04-28,125.31277293,127.12974049,122.82641702,126.50814056,4288500,yfinance
2022-04-29,124.60511793,125.9821837,117.35640726,117.75804901,7328400,yfinance
2022-05-02,117.66240868,121.27719865,117.64327872,120.87555695,5514400,yfinance
2022-05-03,121.70753336,121.96573683,119.16379513,120.7321167,5319000,yfinance
2022-05-04,120.86600609,126.68983343,119.89058936,126.5846405,5964000,yfinance
2022-05-05,124.97806255,125.75265833,121.98485772,123.89744568,4938900,yfinance
2022-05-06,122.65426057,123.83051267,119.6228104,121.25807953,4701900,yfinance
2022-05-09,120.16789568,120.49303211,115.61593465,116.40966034,6938100,yfinance
2022-05-10,118.64738735,120.87555395,116.22796488,117.62415314,5080900,yfinance
2022-05-11,116.65830187,120.9807548,116.18971986,117.891922,7399200,yfinance
2022-05-12,117.93972805,119.00121486,116.32358903,118.60913086,4460600,yfinance
2022-05-13,118.84821112,121.86053853,118.72389553,120.80861664,3891000,yfinance
2022-05-16,120.83730663,123.46711505,120.53129285,121.01900482,3239800,yfinance
2022-05-17,122.40562993,123.68706036,121.21026245,122.99852753,3884900,yfinance
2022-05-18,122.38650125,122.75944801,119.18291073,119.76625061,3787000,yfinance
2022-05-19,120.04357921,121.75534627,118.70476622,120.37828064,4240300,yfinance
2022-05-20,121.46844443,121.55451467,118.40830695,120.53128052,4348800,yfinance
2022-05-23,121.78402534,124.41384083,121.08593489,124.2130127,4133500,yfinance
2022-05-24,123.78268961,124.31821188,121.36326711,123.57230377,4037900,yfinance
2022-05-25,123.86877203,126.11606897,123.29498974,125.69529724,3185000,yfinance
2022-05-26,126.23080613,128.50679049,125.90566968,126.93846893,4066000,yfinance
2022-05-27,127.36880741,128.41116443,127.09147397,128.24859619,3294200,yfinance
2022-05-31,127.56961706,128.30596754,126.57507769,127.46442413,5158100,yfinance
2022-06-01,127.86609854,129.43442038,125.88656262,128.67893982,3773600,yfinance
2022-06-02,129.68304787,130.01775666,127.59831908,129.86474609,3704700,yfinance
2022-06-03,129.8264874,131.16530796,129.26227736,130.63934326,4376300,yfinance
2022-06-06,131.95901857,132.90574033,130.5436929,131.17485046,3163200,yfinance
2022-06-07,130.8305738,132.76229168,130.05597803,132.53277588,3304400,yfinance
2022-06-08,132.22679484,132.22679484,128.65980719,129.30053711,3762700,yfinance
2022-06-09,128.59285353,130.15161739,127.12015261,127.20623016,3044400,yfinance
2022-06-10,125.4753486,126.19256914,123.73488643,124.80593109,3676200,yfinance
2022-06-13,123.19935177,123.28541472,118.85777635,119.1733551,5036300,yfinance
2022-06-14,119.66105986,121.48758481,117.72934928,119.44111633,4925900,yfinance
2022-06-15,120.78948981,122.51082189,119.0299124,120.99031067,5409700,yfinance
2022-06-16,119.38375081,120.07228372,116.43837056,118.84822845,6641900,yfinance
2022-06-17,119.53674433,123.45755539,119.53674433,122.01354218,8437400,yfinance
2022-06-21,123.80183572,126.58464035,123.37149172,125.91523743,5354100,yfinance
2022-06-22,124.58599626,129.17621093,123.38107092,127.34968567,4896000,yfinance
2022-06-23,128.90843685,130.8784002,128.65979107,129.99861145,4485900,yfinance
2022-06-24,130.13248169,131.41391207,128.20076384,131.08877563,6416400,yfinance
2022-06-27,129.51090068,131.16529995,129.17620651,130.5723877,3774100,yfinance
2022-06-28,131.09833324,132.40846587,126.98626637,127.21578217,4261000,yfinance
2022-06-29,127.37836065,129.08056284,126.70895775,128.4972229,2773200,yfinance
2022-06-30,127.77045876,129.81692761,126.94804523,128.6598053,4391100,yfinance
2022-07-01,128.54503956,131.76774571,127.17754612,130.83058167,3543800,yfinance
2022-07-05,130.68714699,131.85382688,128.12427137,131.54780579,3156700,yfinance
2022-07-06,132.29369843,132.73360005,130.0177288,131.01226807,3372300,yfinance
2022-07-07,130.92620374,131.71992944,130.11334807,130.37155151,3665000,yfinance
2022-07-08,130.30463093,130.30463093,128.7745691,129.78823853,3330800,yfinance
2022-07-11,129.77867036,130.371568,128.52591292,128.8414917,2927600,yfinance
2022-07-12,128.82236666,130.18030235,128.19120914,128.56416321,2927100,yfinance
2022-07-13,127.07234486,130.36199839,126.68026084,129.0231781,3121600,yfinance
2022-07-14,127.96170045,131.12703132,127.05322405,129.73085022,5083100,yfinance
2022-07-15,130.23769932,131.4234947,129.31965054,131.36611938,4051500,yfinance
2022-07-18,131.99728521,132.73363582,128.22948379,128.59288025,4339300,yfinance
2022-07-19,130.16118909,131.91120903,129.63522443,131.50956726,4207800,yfinance
2022-07-20,132.02598229,132.4467541,129.78825724,131.44264221,5231800,yfinance
2022-07-21,128.58328704,130.29504674,124.80591438,127.36878967,6467900,yfinance
2022-07-22,125.924804,129.11883749,125.45622922,126.68984222,5319400,yfinance
2022-07-25,126.45077268,129.56830098,126.45077268,128.67893982,4086000,yfinance
2022-07-26,127.84695667,128.80325074,125.99174383,128.05734253,5523600,yfinance
2022-07-27,132.03550219,136.14755418,131.53822529,134.75137329,9649400,yfinance
2022-07-28,135.27736522,136.23365929,133.31695946,135.50686646,5721000,yfinance
2022-07-29,134.66532958,137.19950287,133.54645275,136.80741882,5559100,yfinance
2022-08-01,136.75004258,137.80197182,135.95631681,137.50550842,4079200,yfinance
2022-08-02,137.50551492,137.86891133,135.80331268,136.12846375,3301500,yfinance
2022-08-03,136.32927424,137.88803818,136.15714832,137.41944885,2795300,yfinance
2022-08-04,137.8210872,138.63394294,137.07517904,137.50550842,2658400,yfinance
2022-08-05,136.00415748,138.47139818,135.21043157,138.24188232,3500200,yfinance
2022-08-08,138.80605099,139.9153554,137.65850125,138.26097107,3350600,yfinance
2022-08-09,139.09296226,139.44680097,137.3142548,139.21728516,3469700,yfinance
2022-08-10,140.49869074,141.22546881,138.0601385,138.50959778,4069900,yfinance
2022-08-11,139.39898793,139.51373855,137.1995087,137.33338928,2554000,yfinance
2022-08-12,138.33749055,140.26919388,138.07928709,140.05882263,3290300,yfinance
2022-08-15,139.60937515,140.47003397,139.17903115,140.27877808,2574100,yfinance
2022-08-16,139.15991802,140.50828158,138.48094281,140.22140503,2925100,yfinance
2022-08-17,139.09299389,140.4891899,138.90173796,139.18862915,2509500,yfinance
2022-08-18,138.66263769,140.95773758,138.27055363,140.44134521,3177000,yfinance
2022-08-19,139.47550063,140.53698767,139.04515662,139.97276306,2663200,yfinance
2022-08-22,138.84431092,139.5232714,138.03145528,138.26097107,3515600,yfinance
2022-08-23,138.26098154,138.87300909,137.45769813,137.57244873,1880300,yfinance
2022-08-24,137.23774834,140.10663038,136.61616307,138.97821045,4701700,yfinance
2022-08-25,138.95907935,140.89079733,137.50550838,140.64216614,2760200,yfinance
2022-08-26,140.66128953,141.56976596,136.54922216,136.7691803,4347700,yfinance
2022-08-29,136.73090908,140.16401556,136.27189206,138.55743408,3082800,yfinance
2022-08-30,138.27056623,139.38942862,137.0465109,139.15992737,3358600,yfinance
2022-08-31,139.56156433,140.77606193,137.47683558,137.66810608,6215000,yfinance
2022-09-01,137.21862239,138.47136511,136.09018795,137.62982178,4492900,yfinance
2022-09-02,138.0697422,139.39899037,135.05740713,135.77462769,4497100,yfinance
2022-09-06,136.07105388,137.0751654,134.78006586,135.70767212,3897500,yfinance
2022-09-07,136.55877172,139.57109167,136.39620351,139.14076233,4102800,yfinance
2022-09-08,139.43723596,141.08206293,138.08885782,139.01646423,4326000,yfinance
2022-09-09,140.71867003,140.88125286,136.20496074,139.33204651,5585400,yfinance
2022-09-12,140.25007399,140.55608047,137.14211866,138.80606079,4513100,yfinance
2022-09-13,136.26233666,137.17081304,131.47129441,131.71994019,6206700,yfinance
2022-09-14,133.28825352,135.95630718,133.0109201,135.72679138,5726900,yfinance
2022-09-15,135.69812678,136.79787375,134.665342,134.8565979,4373800,yfinance
2022-09-16,132.17895896,134.44537109,131.4904261,133.83334351,9607100,yfinance
2022-09-19,132.92486573,134.6748855,132.75273982,134.56013489,3709100,yfinance
2022-09-20,134.59839807,134.92353457,133.21177451,133.53691101,4205200,yfinance
2022-09-21,134.15850339,134.71315576,130.69672314,130.7923584,4542800,yfinance
2022-09-22,130.0368224,130.47672395,128.23900004,129.1474762,4566500,yfinance
2022-09-23,127.86610023,127.91390327,124.72944192,126.54640961,6091300,yfinance
2022-09-26,125.81003432,127.31142288,125.29364199,126.53682709,5177500,yfinance
2022-09-27,126.53682119,128.13383032,125.97259667,126.881073,4239600,yfinance
2022-09-28,128.58327,130.73493104,127.45483573,129.59693909,5573300,yfinance
2022-09-29,129.43440733,129.45352271,127.14886511,128.75543213,5602900,yfinance
2022-09-30,129.05186207,130.24722948,128.11469811,128.30595398,6201000,yfinance
2022-10-03,130.30460819,133.76640221,130.17072762,132.82922363,5543900,yfinance
2022-10-04,133.68032649,136.45358774,133.46038297,136.31013489,5648600,yfinance
2022-10-05,134.16805711,135.68856113,131.96857789,135.05740356,4454600,yfinance
2022-10-06,134.2636716,135.67899723,132.78142758,133.32650757,4533500,yfinance
2022-10-07,132.84834972,133.2021738,131.05051248,131.57647705,4945800,yfinance
2022-10-10,131.5764771,132.79097447,131.12701779,131.71035767,3785800,yfinance
2022-10-11,131.93988402,132.53278163,130.86883942,131.15571594,4564800,yfinance
2022-10-12,130.59151777,130.78277367,126.98628499,127.12973785,6461300,yfinance
2022-10-13,125.09282681,128.23904252,123.88790152,127.26361847,6342000,yfinance
2022-10-14,129.20487363,129.54914003,125.69527666,125.77178192,5650100,yfinance
2022-10-17,127.40706982,129.72129999,127.40706982,127.99040985,5775300,yfinance
2022-10-18,130.1420368,130.70624671,128.61197527,130.20898438,4273000,yfinance
2022-10-19,130.08464606,130.84012634,129.45348864,129.80732727,3916100,yfinance
2022-10-20,129.99864424,131.27051736,129.07103764,130.07514954,4800300,yfinance
2022-10-21,129.12840237,130.70628194,128.98496408,130.49591064,4198600,yfinance
2022-10-24,131.31830787,133.71860072,131.21311494,133.230896,4176300,yfinance
2022-10-25,133.88115744,135.69811017,133.63252626,134.48362732,5738500,yfinance
2022-10-26,135.79378359,136.49187431,134.35934222,134.68447876,6662300,yfinance
2022-10-27,134.07241332,136.6257165,133.98635036,134.48362732,7425300,yfinance
2022-10-28,141.53152365,145.28975237,140.79517312,144.40040588,13902800,yfinance
2022-10-31,143.44411192,145.42364766,140.80474551,144.93592834,8396000,yfinance
2022-11-01,146.30341052,147.40314268,144.87852734,145.62443542,5502400,yfinance
2022-11-02,145.90179439,147.63268434,143.42498164,143.46324158,6342100,yfinance
2022-11-03,142.30613475,143.71188836,141.56978414,141.69410706,4937500,yfinance
2022-11-04,142.00963186,143.1667538,139.76233555,142.32521057,7357000,yfinance
2022-11-07,143.20503122,143.84574647,142.32524246,143.23371887,5150100,yfinance
2022-11-08,143.44411547,144.36216423,141.93316904,143.34848022,3246500,yfinance
2022-11-09,142.75558233,143.86488699,141.95229879,142.14355469,4848900,yfinance
2022-11-10,145.25150118,145.35669411,141.66539853,143.87443542,6440900,yfinance
2022-11-11,143.40586129,143.57798722,138.71045404,139.80062866,7576700,yfinance
2022-11-14,139.8579896,140.88123113,138.33748573,139.1025238,6535800,yfinance
2022-11-15,141.13944163,142.64083036,136.82656053,138.66264343,6421400,yfinance
2022-11-16,138.95909681,140.83343971,138.3183815,138.54789734,4687300,yfinance
2022-11-17,136.99867391,142.06703506,136.99867391,141.31156921,6115200,yfinance
2022-11-18,142.30608061,143.74052134,141.97138653,142.32521057,3756500,yfinance
2022-11-21,142.90857402,144.46733787,142.36347945,143.3293457,5312700,yfinance
2022-11-22,143.5301839,145.13676564,142.96597386,144.97419739,3234700,yfinance
2022-11-23,144.44824488,145.51928974,143.21461716,143.55888367,3026700,yfinance
2022-11-25,144.56294701,145.15584456,143.65447072,144.44819641,1481200,yfinance
2022-11-28,144.40996726,145.55753186,142.90859311,143.34848022,4909000,yfinance
2022-11-29,142.54519189,143.06159886,141.35939658,142.12442017,5339000,yfinance
2022-11-30,141.72275868,145.25148564,141.21592406,144.84028625,7464500,yfinance
2022-12-01,145.60531717,146.65724639,144.36214666,145.17498779,3812600,yfinance
2022-12-02,143.08068077,145.88262933,143.08068077,145.74874878,3046600,yfinance
2022-12-05,145.16543711,145.73920477,143.34846969,144.03700256,3103800,yfinance
2022-12-06,144.02744343,144.27607462,141.82796425,142.86076355,3161700,yfinance
2022-12-07,143.45366723,144.14220012,141.84710021,142.2869873,4646100,yfinance
2022-12-08,142.00009086,142.24872203,136.89347019,137.52462769,7332400,yfinance
2022-12-09,137.06562534,137.89759648,135.02871439,135.3825531,6986800,yfinance
2022-12-12,136.78831248,137.13257897,134.87572413,136.17628479,4053900,yfinance
2022-12-13,138.40440465,138.64347811,134.05326472,134.43579102,10037600,yfinance
2022-12-14,134.62705437,138.17491117,134.56012139,136.13800049,7511800,yfinance
2022-12-15,135.76504726,137.71588041,133.81419951,134.07240295,6130400,yfinance
2022-12-16,132.58058601,136.87435088,132.06419372,136.13800049,15119400,yfinance
2022-12-19,136.56835114,137.94541691,135.08609244,135.43035889,5643700,yfinance
2022-12-20,135.78419271,136.2145221,134.0437306,134.20629883,3925300,yfinance
2022-12-21,135.47816689,135.93718392,133.38388073,135.28691101,4327400,yfinance
2022-12-22,134.42627097,134.63664225,131.71038459,133.43171692,4692300,yfinance
2022-12-23,133.41259496,134.50276974,132.55193604,133.90031433,1857900,yfinance
2022-12-27,134.3688797,135.31561612,133.81422737,134.82791138,2784400,yfinance
2022-12-28,134.82790689,135.22954865,132.74317822,132.90574646,2628300,yfinance
2022-12-29,133.61339412,134.35930225,133.0396119,133.30737305,2617300,yfinance
2022-12-30,132.90574055,133.98635748,132.23633765,133.88116455,2565400,yfinance
2023-01-03,132.92485891,133.96721581,130.30460824,132.96310425,8245300,yfinance
2023-01-04,134.35928777,134.81830474,131.35652563,133.84289551,6900800,yfinance
2023-01-05,134.48363618,138.7773871,134.03417681,138.1653595,9254700,yfinance
2023-01-06,139.41810349,142.93727319,139.41810349,142.07661438,6539600,yfinance
2023-01-09,141.55063233,143.66403376,141.29242888,142.26785278,4977100,yfinance
2023-01-10,142.45912072,143.34846715,141.28288317,143.02333069,3779400,yfinance
2023-01-11,142.96592681,143.30063548,141.64623666,142.29652405,4451500,yfinance
2023-01-12,141.31154868,143.53014286,140.14486899,143.35801697,4269400,yfinance
2023-01-13,143.35801962,143.98917709,141.78012596,143.13806152,6543800,yfinance
2023-01-17,142.65991975,142.65991975,140.23093962,140.55607605,5482000,yfinance
2023-01-18,139.74324303,141.28287691,139.14077316,139.52328491,4543400,yfinance
2023-01-19,138.83475413,139.30334344,137.38119777,138.79650879,5345700,yfinance
2023-01-20,136.18584079,139.15034363,136.16671082,138.77738953,5878200,yfinance
2023-01-23,139.2842206,139.45636112,137.56290301,138.06016541,5306400,yfinance
2023-01-24,137.54376731,140.13531587,136.75959923,139.43722534,3851700,yfinance
2023-01-25,139.36072583,142.04790974,138.85389116,141.59846497,4352500,yfinance
2023-01-26,141.42632234,142.66950748,141.04381057,142.19136047,3808400,yfinance
2023-01-27,141.58890479,141.72278538,139.78150949,140.31703186,4061700,yfinance
2023-01-30,139.53284914,141.48368232,138.98775461,140.55607605,4485200,yfinance
2023-01-31,141.12987143,143.41541353,141.0342362,142.78425598,6073000,yfinance
2023-02-01,142.63124204,145.500124,142.0000991,144.3717041,7111300,yfinance
2023-02-02,143.46323446,143.61623042,139.39898483,140.52740479,8665700,yfinance
2023-02-03,139.80065457,140.2692294,138.03150443,138.84436035,5557500,yfinance
2023-02-06,135.28691342,137.00824554,135.28691342,135.76506042,6314200,yfinance
2023-02-07,134.70356771,137.1038603,134.12022781,136.74047852,4952100,yfinance
2023-02-08,135.85111331,137.8593364,135.6216121,137.52462769,4014500,yfinance
2023-02-09,138.6530509,138.94949966,136.49181746,136.60658264,4146600,yfinance
2023-02-10,137.09431239,137.64896467,136.3579619,137.41944885,3558000,yfinance
2023-02-13,138.18447556,140.19269869,137.70632859,140.17356873,3547900,yfinance
2023-02-14,139.51373174,141.13942863,138.55743773,141.04380798,4195500,yfinance
2023-02-15,140.32658523,141.53151041,140.11619939,141.10118103,5334700,yfinance
2023-02-16,139.33205009,141.5793471,138.92085062,140.31703186,4689200,yfinance
2023-02-17,140.65174843,142.87034332,140.49873786,142.82254028,4617700,yfinance
2023-02-21,141.77062074,142.04793964,139.14081158,140.66131592,5648800,yfinance
2023-02-22,141.39762749,141.96183743,140.24050536,140.89079285,3540100,yfinance
2023-02-23,140.01103124,140.03014661,136.39624049,138.40444946,5563000,yfinance
2023-02-24,136.96998469,138.24185745,135.99457532,138.09841919,4593600,yfinance
2023-02-27,138.22274271,139.61893851,137.56291204,137.83067322,5287900,yfinance
2023-02-28,136.95089302,138.00280784,135.8989636,135.96589661,5648900,yfinance
2023-03-01,135.63116824,136.25275345,133.95765388,135.11476135,4353800,yfinance
2023-03-02,134.71313484,135.21041182,134.39755606,134.980896,4621300,yfinance
2023-03-03,136.05194354,136.21451176,134.83744615,135.69810486,4250300,yfinance
2023-03-06,135.7459388,137.96454803,135.44948998,137.43858337,4498100,yfinance
2023-03-07,137.39075527,137.82108465,135.67899546,136.62571716,4682100,yfinance
2023-03-08,137.16126898,137.74460902,136.09022416,136.92219543,4393100,yfinance
2023-03-09,137.51510178,137.5629194,134.54102638,134.92353821,5816500,yfinance
2023-03-10,135.04783626,135.86069197,132.92486246,133.41256714,6332200,yfinance
2023-03-13,133.96722174,136.17625853,133.56558002,133.62295532,6706400,yfinance
2023-03-14,135.12432816,136.93172301,134.75137413,136.75958252,6487700,yfinance
2023-03-15,137.19949485,138.59567586,136.48227439,138.10797119,7801500,yfinance
2023-03-16,136.70221514,137.2951273,134.98088314,135.32514954,8213900,yfinance
2023-03-17,135.09565542,136.64484701,134.34974728,136.22407532,9163900,yfinance
2023-03-20,136.68309614,139.64761341,136.50141253,139.24597168,5601700,yfinance
2023-03-21,139.79101369,140.23091524,137.94537376,138.34701538,5559100,yfinance
2023-03-22,138.61482552,139.31291612,137.15169673,137.18995667,4630600,yfinance
2023-03-23,136.75960329,137.56290136,135.00002578,136.0806427,6064400,yfinance
2023-03-24,135.70767961,136.68308895,134.56968747,136.31013489,4406800,yfinance
2023-03-27,137.14209737,138.51916278,136.7595711,137.610672,4945900,yfinance
2023-03-28,137.29513232,137.6585141,136.39621365,136.54920959,3462500,yfinance
2023-03-29,137.5724453,137.76370117,137.18993357,137.52462769,3965000,yfinance
2023-03-30,138.03147619,138.75826899,137.53421381,138.25143433,4601900,yfinance
2023-03-31,138.56697307,138.93036941,138.16533141,138.50959778,5228100,yfinance
2023-04-03,138.66263093,140.38396306,138.19404161,140.34570312,5674600,yfinance
2023-04-04,139.22682672,139.98230707,136.53008548,139.9153595,6955000,yfinance
2023-04-05,140.59434571,143.501473,140.59434571,142.60255432,8223600,yfinance
2023-04-06,142.87032356,143.3962882,141.95228946,143.07115173,4263500,yfinance
2023-04-10,142.63125693,143.44411274,141.41677395,143.43455505,4984500,yfinance
2023-04-11,143.44410363,143.72142248,142.99464427,143.39628601,5550100,yfinance
2023-04-12,143.16674956,144.11347107,142.72684799,142.97547913,4717300,yfinance
2023-04-13,143.12852496,143.97962606,142.32524148,143.79792786,3490800,yfinance
2023-04-14,143.24325782,143.58752421,142.67904791,143.05200195,3227400,yfinance
2023-04-17,143.79793925,143.92226216,143.05203102,143.91270447,2888400,yfinance
2023-04-18,144.52470254,145.03153714,143.53972099,143.75010681,3267600,yfinance
2023-04-19,143.67360029,143.90310149,142.15308191,142.27740479,4931500,yfinance
2023-04-20,140.37437978,141.29242838,138.55742715,139.5615387,6716100,yfinance
2023-04-21,138.56698493,140.16400864,138.56698493,139.82929993,4323600,yfinance
2023-04-24,139.74323457,140.35526209,139.25551534,139.48503113,3889300,yfinance
2023-04-25,139.8771249,142.65992929,139.81017731,141.5315094,6394500,yfinance
2023-04-26,139.80061971,142.43042816,139.29378506,141.79927063,4522500,yfinance
2023-04-27,142.34434669,143.87440811,142.25826915,143.38670349,6332800,yfinance
2023-04-28,140.09704171,140.59431858,137.08472208,137.610672,9431700,yfinance
2023-05-01,138.21316716,138.25142709,136.37708448,136.9508667,5810900,yfinance
2023-05-02,136.7500646,136.94132052,133.9672451,134.22544861,6764600,yfinance
2023-05-03,134.4453626,135.04783246,133.58470389,133.79508972,5568400,yfinance
2023-05-04,134.00550289,135.56425242,134.00550289,135.08610535,4849300,yfinance
2023-05-05,135.3155748,137.61067411,134.95217848,137.28553772,5091900,yfinance
2023-05-08,137.70633783,138.00278664,136.48228266,137.87846375,4526500,yfinance
2023-05-09,137.52462015,137.78282358,135.55465709,135.82241821,5038300,yfinance
2023-05-10,136.2718775,136.98909791,134.827879,135.82241821,4738000,yfinance
2023-05-11,135.52600115,137.14214052,135.52600115,136.46316528,4137800,yfinance
2023-05-12,136.7022133,137.92626835,136.5300874,137.82107544,3914800,yfinance
2023-05-15,137.45769611,138.50961069,137.13254508,138.29922485,4065200,yfinance
2023-05-16,138.20361696,138.6052587,136.62572306,137.41944885,3657900,yfinance
2023-05-17,138.1271065,138.18448181,134.70357226,135.3921051,6752600,yfinance
2023-05-18,134.34978378,134.69405029,130.3811539,132.14073181,11619800,yfinance
2023-05-19,132.57104049,134.02459685,131.98770057,132.95355225,7738300,yfinance
2023-05-22,133.73771001,135.95630431,130.94531894,135.41122437,8884800,yfinance
2023-05-23,134.77048204,135.57377995,134.18715682,135.19125366,5300200,yfinance
2023-05-24,135.21997036,135.47817383,133.77597162,133.88116455,4794600,yfinance
2023-05-25,130.46719232,131.29917808,129.02319354,129.82647705,9328400,yfinance
2023-05-26,129.3292111,130.51500637,128.23903648,129.24313354,8849000,yfinance
2023-05-30,128.30595544,129.85514695,127.8660684,129.21443176,6874700,yfinance
2023-05-31,130.18985592,132.66665371,129.40570248,131.25134277,7811200,yfinance
2023-06-01,131.3565475,133.116125,131.18440699,132.83880615,6245500,yfinance
2023-06-02,123.36193617,125.60923309,119.46025457,125.45622253,37260200,yfinance
2023-06-05,126.23079916,127.19665078,125.16931232,126.441185,9068400,yfinance
2023-06-06,125.45621551,126.15430606,121.8222953,122.92202759,11129200,yfinance
2023-06-07,123.20891159,123.36192213,120.54085784,121.01900482,11273700,yfinance
2023-06-08,122.40562805,124.71030002,122.20480719,124.62423706,8757700,yfinance
2023-06-09,124.71984819,126.13515907,124.3182065,125.61876678,5623000,yfinance
2023-06-12,125.9343484,126.03954131,123.80181705,125.06411743,4451900,yfinance
2023-06-13,124.98763716,124.98763716,123.50537838,124.20348358,5139100,yfinance
2023-06-14,123.85920645,124.03133237,122.13787428,122.45345306,8696300,yfinance
2023-06-15,124.80592666,127.42617752,123.9357102,126.9575882,8904800,yfinance
2023-06-16,125.42752343,126.29775447,124.97806409,125.20756531,13014800,yfinance
2023-06-20,125.62832636,126.13516097,124.16519785,125.4944458,7027600,yfinance
2023-06-21,125.27450618,127.99994975,125.2649485,126.881073,6577800,yfinance
2023-06-22,127.14884544,128.60240168,126.88106972,128.46852112,4841700,yfinance
2023-06-23,127.85650072,128.71717404,126.8045861,126.99584198,5331200,yfinance
2023-06-26,127.33054156,129.08056135,127.17754561,128.95625305,4426700,yfinance
2023-06-27,129.09968941,130.62976564,128.95625115,130.21855164,4046300,yfinance
2023-06-28,130.29506376,130.38112672,129.21444682,130.31419373,3263300,yfinance
2023-06-29,130.00816711,131.28003989,129.96992177,130.85926819,3071400,yfinance
2023-06-30,131.26090214,133.09698477,131.02182865,132.82922363,4841700,yfinance
2023-07-03,132.84836395,133.77597032,132.13114343,133.240448,1862600,yfinance
2023-07-05,132.76232801,133.54648168,131.88253908,133.4604187,3324300,yfinance
2023-07-06,132.58058868,133.61338786,132.49452572,133.0778656,3108600,yfinance
2023-07-07,132.44671985,133.83334324,131.86337992,132.8961792,3070500,yfinance
2023-07-10,132.95354633,134.21586134,132.03551231,132.29370117,5624700,yfinance
2023-07-11,131.89209073,133.95768965,131.88253304,133.90031433,3639600,yfinance
2023-07-12,134.56965533,135.07648984,133.46992337,134.73222351,4288500,yfinance
2023-07-13,134.92349681,135.02868972,133.04916902,134.54098511,3423500,yfinance
2023-07-14,132.89618891,134.20630713,132.40848419,133.57514954,4053300,yfinance
2023-07-17,133.23089733,133.54646154,131.7486386,131.96858215,4908900,yfinance
2023-07-18,132.05464408,134.32107093,131.49999177,132.39891052,5261800,yfinance
2023-07-19,133.59424809,134.28278083,131.35652398,131.56690979,4857600,yfinance
2023-07-20,132.303292,135.09566896,132.303292,133.97680664,5448900,yfinance
2023-07-21,134.69401826,135.64074,133.96722547,134.74182129,12713200,yfinance
2023-07-24,134.42623027,136.26231267,134.39752803,135.19125366,5012000,yfinance
2023-07-25,136.09021454,136.59704925,134.73227863,136.2432251,4271700,yfinance
2023-07-26,135.20087168,135.55469585,133.66123752,134.92353821,4436400,yfinance
2023-07-27,135.76506955,136.31014958,133.29782911,133.76641846,5560900,yfinance
2023-07-28,132.81011899,135.92763226,132.29371205,134.71313477,7683100,yfinance
2023-07-31,134.45492487,134.45492487,131.19395925,131.74861145,5633900,yfinance
2023-08-01,132.07376578,132.39890224,129.9029743,131.26091003,4167300,yfinance
2023-08-02,131.29916726,131.29916726,129.35789163,129.84559631,4810100,yfinance
2023-08-03,129.55871466,130.027304,128.82237874,129.45352173,2753600,yfinance
2023-08-04,129.85514055,130.50542799,128.58328253,128.71716309,3255600,yfinance
2023-08-07,129.53960408,131.18441649,129.10926006,130.67758179,3554400,yfinance
2023-08-08,130.52455404,131.55735316,130.23766296,130.30459595,3242500,yfinance
2023-08-09,130.27594313,132.31285426,130.13250484,131.69126892,4092900,yfinance
2023-08-10,132.59014632,133.34562669,131.56691941,131.71035767,2492800,yfinance
2023-08-11,131.08877605,132.51365929,131.03140075,132.29370117,2897000,yfinance
2023-08-14,132.87702011,133.77593862,132.12155443,133.40298462,3117800,yfinance
2023-08-15,132.64756204,133.49866321,132.14071274,132.52323914,2664500,yfinance
2023-08-16,132.85794517,133.57516581,132.17898446,132.20767212,2755600,yfinance
2023-08-17,132.59972668,133.04918602,130.21854942,130.4098053,3916300,yfinance
2023-08-18,130.37156331,131.36610265,129.70216042,130.18986511,3632500,yfinance
2023-08-21,129.87430261,130.62978313,128.8415032,129.62567139,4141100,yfinance
2023-08-22,129.12837792,129.42482672,128.34422442,129.25270081,3239900,yfinance
2023-08-23,130.2663586,130.83056851,129.82645698,130.37155151,3267800,yfinance
2023-08-24,129.09011201,130.32372465,127.39746781,127.49310303,6200000,yfinance
2023-08-25,127.03407035,128.10512938,125.72395246,127.52178955,5732600,yfinance
2023-08-28,128.43027608,129.39612769,128.18163033,129.27180481,3975300,yfinance
2023-08-29,129.57783159,131.07922012,129.11881458,130.76364136,3502300,yfinance
2023-08-30,131.41391104,131.80599506,130.7445082,131.38522339,3185200,yfinance
2023-08-31,131.68166718,132.05462122,130.04641278,130.29504395,6627300,yfinance
2023-09-01,131.06967735,131.65301738,130.28552371,131.32788086,3039800,yfinance
2023-09-05,131.32786094,132.72404205,130.53413515,130.90708923,3881200,yfinance
2023-09-06,131.06009211,132.90573247,126.61331637,128.26771545,10514700,yfinance
2023-09-07,128.95625704,133.84292017,128.62154829,131.28004456,8462200,yfinance
2023-09-08,131.86339256,133.28827602,130.79234784,131.61476135,4273100,yfinance
2023-09-11,132.26502088,135.08608526,132.00681741,134.12979126,5271800,yfinance
2023-09-12,134.33062508,134.46450566,132.80054878,133.98635864,4862500,yfinance
2023-09-13,134.30191311,135.92760977,133.68031334,135.31558228,5427100,yfinance
2023-09-14,135.56421634,137.83064278,135.00000645,136.86477661,7191200,yfinance
2023-09-15,137.67763918,138.59567319,135.26777438,135.72679138,19544200,yfinance
2023-09-18,136.97954831,137.21862179,134.48362056,134.65574646,4000800,yfinance
2023-09-19,134.83747157,136.27191275,134.07243335,136.2432251,5252800,yfinance
2023-09-20,136.5300901,136.79785123,135.23908744,135.86068726,3396100,yfinance
2023-09-21,135.72677985,136.81696886,133.82376442,133.87158203,4297400,yfinance
2023-09-22,133.22132259,134.15848667,133.2117649,133.25958252,3175300,yfinance
2023-09-25,132.66669165,133.91943473,132.14072692,133.89074707,3910500,yfinance
2023-09-26,133.89071621,135.10521366,133.52733442,134.32106018,4661000,yfinance
2023-09-27,134.17762405,134.68445876,132.57105695,133.59428406,3396900,yfinance
2023-09-28,134.10111877,134.60795348,133.13526697,133.59428406,2791900,yfinance
2023-09-29,133.56557397,134.73225375,133.46038105,133.92897034,2804800,yfinance
2023-10-02,133.80464995,134.34974452,132.48495961,133.17349243,2935500,yfinance
2023-10-03,132.69534503,132.69534503,130.2568071,130.46717834,4468200,yfinance
2023-10-04,130.46719122,132.37022164,129.88386585,132.0259552,3559400,yfinance
2023-10-05,132.15025461,132.49452099,130.85925202,131.42346191,3686000,yfinance
2023-10-06,131.23222015,133.36476625,130.87839604,132.95355225,4870900,yfinance
2023-10-09,133.18308919,134.55058281,132.65712449,134.01506042,3800500,yfinance
2023-10-10,134.10110821,136.2432121,133.99591528,136.18583679,3761800,yfinance
2023-10-11,136.02324791,137.25686061,135.51641332,136.86477661,3752500,yfinance
2023-10-12,137.28557388,137.60115268,133.63253814,134.97134399,4125900,yfinance
2023-10-13,135.54511225,136.19538515,134.37843245,135.47816467,3181200,yfinance
2023-10-16,136.63528681,137.40031031,135.85111875,136.97955322,3009200,yfinance
2023-10-17,137.06561261,137.85933833,135.29646297,136.53009033,3663800,yfinance
2023-10-18,136.22406753,136.40576572,133.47950862,133.58470154,5464100,yfinance
2023-10-19,133.74728506,133.95767092,131.72950406,131.81556702,6731800,yfinance
2023-10-20,132.36063633,132.81009561,130.86882025,131.00270081,5724800,yfinance
2023-10-23,130.93577211,132.98224067,130.93577211,131.71994019,3353100,yfinance
2023-10-24,132.96309837,135.13388963,132.63796195,134.90438843,5045100,yfinance
2023-10-25,136.97000084,137.04650612,131.67213791,134.82791138,9277900,yfinance
2023-10-26,133.34564134,137.03693687,132.37021735,136.61616516,7252000,yfinance
2023-10-27,136.69267134,137.12300074,133.11612641,133.88116455,5429700,yfinance
2023-10-30,135.14347959,136.051956,133.3743298,135.3825531,4830400,yfinance
2023-10-31,135.35383975,137.92627282,135.11476627,137.57244873,3971900,yfinance
2023-11-01,138.27051713,139.07380042,137.15165514,138.7104187,4277100,yfinance
2023-11-02,138.66263536,140.14489404,137.61070608,140.09707642,4880400,yfinance
2023-11-03,141.17768856,141.70363859,140.33614517,141.04380798,4323900,yfinance
2023-11-06,141.13943362,142.16267524,140.63259894,140.90036011,3253900,yfinance
2023-11-07,141.21594683,141.51239567,140.45090864,140.69955444,3504000,yfinance
2023-11-08,140.57522347,141.25419866,139.65717477,140.23095703,3558600,yfinance
2023-11-09,140.06837478,141.1489916,139.82930129,140.47001648,3347200,yfinance
2023-11-10,140.9099229,141.31156462,139.54241493,141.15855408,4010900,yfinance
2023-11-13,141.04380791,141.41676198,140.18313455,140.77604675,3151900,yfinance
2023-11-14,141.55065949,142.00967658,140.04927072,140.58479309,5262800,yfinance
2023-11-15,140.3839525,141.05335533,139.39897091,140.76646423,4675000,yfinance
2023-11-16,142.43998906,142.76512552,140.64216625,141.04380798,3641000,yfinance
2023-11-17,141.49330024,142.0766403,140.690002,141.25422668,3267800,yfinance
2023-11-20,141.33068365,142.42085823,140.80473363,142.00965881,4007700,yfinance
2023-11-21,142.89902175,142.91815171,141.66540877,142.11486816,3112300,yfinance
2023-11-22,142.50694159,143.06159388,142.17223284,142.40174866,2913800,yfinance
2023-11-24,142.37306831,142.87990301,141.81841599,142.46868896,1341400,yfinance
2023-11-27,142.46864993,142.9181092,141.67492431,142.29652405,3923200,yfinance
2023-11-28,141.8757675,142.42084745,141.49325576,141.89489746,3096900,yfinance
2023-11-29,142.45908079,143.08066588,142.09568449,143.01373291,4326500,yfinance
2023-11-30,142.44708512,144.71379143,142.33183358,144.50248718,5596100,yfinance
2023-12-01,144.34879861,146.79799612,144.34879861,146.23132324,4391200,yfinance
2023-12-04,145.4437459,147.364683,145.39573419,146.75959778,4127700,yfinance
2023-12-05,146.80763734,148.42121762,145.97201966,147.91217041,4577400,yfinance
2023-12-06,148.80540059,149.4681263,147.61442885,149.35287476,5433600,yfinance
2023-12-07,149.67941577,150.70712416,148.92065207,150.17886353,4232200,yfinance
2023-12-08,150.61105021,150.79354155,148.142654,150.21725464,3791300,yfinance
2023-12-11,151.8020568,153.8958712,151.75403044,152.57043457,5170800,yfinance
2023-12-12,153.49249527,154.81794671,152.73373147,154.09759521,5049300,yfinance
2023-12-13,153.62694891,153.98233226,152.30151221,153.24276733,5195300,yfinance
2023-12-14,152.19587276,152.3015249,150.02520418,150.66871643,5758600,yfinance
2023-12-15,150.66869612,151.16814387,148.77657191,149.97715759,11044900,yfinance
2023-12-18,150.24608734,151.13933071,148.92065072,150.08280945,4072300,yfinance
2023-12-19,149.97716673,150.54385435,149.19918951,149.70823669,2722800,yfinance
2023-12-20,150.00598463,150.46702013,148.02742158,148.43081665,3866600,yfinance
2023-12-21,149.1127158,149.24718079,148.17146089,148.80535889,3213600,yfinance
2023-12-22,149.02630479,150.00597217,148.21951472,149.55456543,2783900,yfinance
2023-12-26,148.97825743,151.06247214,147.75845843,150.63026428,2991200,yfinance
2023-12-27,149.85229813,152.25346936,149.6505933,151.69639587,3575700,yfinance
2023-12-28,151.91732427,153.01225795,151.5139292,152.66648865,3013000,yfinance
2023-12-29,152.57045383,154.52020406,152.10941832,153.99194336,3867900,yfinance
2024-01-02,153.99191844,156.55636761,153.99191844,155.50946045,5049700,yfinance
2024-01-03,156.55637406,157.99707689,155.47103991,155.67274475,4608600,yfinance
2024-01-04,156.4123091,157.10384762,155.76878227,155.88404846,4068700,yfinance
2024-01-05,155.83600792,156.98856714,155.34617428,156.91172791,4552800,yfinance
2024-01-08,157.00782109,157.50726892,155.90328794,156.95019531,4135100,yfinance
2024-01-09,156.6043792,157.32473052,155.30774097,156.7484436,4102500,yfinance
2024-01-10,156.74849175,157.2191267,155.41344082,156.83493042,4502200,yfinance
2024-01-11,156.5563918,156.68125741,155.43264522,155.75920105,3662000,yfinance
2024-01-12,156.94053591,157.27670572,155.85521655,156.11453247,3394300,yfinance
2024-01-16,155.4230393,156.78690298,153.7710321,156.63322449,4839800,yfinance
2024-01-17,156.66202182,158.56374539,156.32585197,157.77616882,5598000,yfinance
2024-01-18,156.19140567,158.84230849,155.85525044,158.37167358,4041000,yfinance
2024-01-19,157.88183237,159.38976045,157.7089404,158.6309967,4332300,yfinance
2024-01-22,158.76543462,159.19764248,157.76653924,157.88180542,5253300,yfinance
2024-01-23,158.42929443,159.23608455,156.98859152,157.26713562,6194000,yfinance
2024-01-24,157.05581775,158.14113723,155.47103589,155.59590149,5743000,yfinance
2024-01-25,156.23942594,156.97899086,155.58631432,156.1337738,7629700,yfinance
2024-01-26,153.59813312,159.14004092,153.28117673,155.74958801,8882500,yfinance
2024-01-29,155.29817207,157.09424369,153.18514406,156.64282227,6604100,yfinance
2024-01-30,156.09533039,157.30551531,155.18288833,155.30773926,6502700,yfinance
2024-01-31,155.91284439,156.4218915,154.11677309,154.85632324,5427200,yfinance
2024-02-01,154.85635732,156.55639094,153.90550273,156.07615662,5104000,yfinance
2024-02-02,156.30665402,156.77727422,154.91396292,155.38459778,4164200,yfinance
2024-02-05,153.81902724,155.78799063,153.58852417,155.60549927,4311400,yfinance
2024-02-06,155.48063869,155.94165944,154.24162617,154.63542175,4142300,yfinance
2024-02-07,155.35578489,155.88404552,154.44334272,155.38459778,3686800,yfinance
2024-02-08,155.38459563,155.59589988,152.92579857,154.56819153,4052200,yfinance
2024-02-09,155.09645749,156.21060452,153.94389816,155.77839661,4475500,yfinance
2024-02-12,155.7303697,155.95127336,154.73148886,155.36538696,3261900,yfinance
2024-02-13,155.73037886,156.46994379,153.65576316,155.09646606,4783600,yfinance
2024-02-14,155.32697712,155.58630773,154.55859934,155.03883362,3782500,yfinance
2024-02-15,155.32697152,155.68234019,154.49136859,155.1829071,3363600,yfinance
2024-02-16,154.85634799,154.9812136,153.30999296,154.06877136,4594300,yfinance
2024-02-20,154.92356953,156.90213227,154.92356953,155.6439209,4066700,yfinance
2024-02-21,156.37387886,157.593678,156.29703962,157.56486511,3928000,yfinance
2024-02-22,156.91171805,157.99705204,156.35464462,157.08460999,4394800,yfinance
2024-02-23,156.92135744,158.9671455,156.92135744,157.84339905,3910500,yfinance
2024-02-26,156.74845035,157.88181075,156.46030688,157.4303894,3907600,yfinance
2024-02-27,157.06544311,158.16037683,156.49877011,158.11235046,3403800,yfinance
2024-02-28,157.71857903,158.06434836,156.71008391,157.32478333,3354000,yfinance
2024-02-29,158.55904968,158.6265574,156.64974934,157.46940613,5128400,yfinance
2024-03-01,156.88116691,157.91295498,156.23509098,157.53688049,3298400,yfinance
2024-03-04,156.88116393,157.94187966,156.54365478,157.50794983,3531400,yfinance
2024-03-05,158.53975699,160.81549396,157.72975266,159.97654724,9049500,yfinance
2024-03-06,159.88013783,162.12694729,159.88013783,161.44229126,5924100,yfinance
2024-03-07,162.42589118,162.61874729,158.22156339,158.52049255,5953800,yfinance
2024-03-08,158.4047518,159.53297524,157.6622405,158.13475037,4444700,yfinance
2024-03-11,158.24081951,159.68726205,157.30545216,158.87724304,4138100,yfinance
2024-03-12,158.42405135,158.77119821,157.50797385,157.83583069,3800300,yfinance
2024-03-13,158.221533,159.04117496,157.64295009,158.23117065,4441400,yfinance
2024-03-14,157.28616348,157.54652726,156.14828769,157.04508972,3967400,yfinance
2024-03-15,157.40185931,159.0122301,155.89756155,156.03256226,9849300,yfinance
2024-03-18,156.10011002,156.23511076,153.67971968,155.39616394,4803000,yfinance
2024-03-19,156.03258152,156.21579994,154.91399572,155.00079346,3232800,yfinance
2024-03-20,154.94292002,155.82043204,154.40291715,155.40579224,4007600,yfinance
2024-03-21,155.85903941,156.14831621,154.44152428,155.184021,3312400,yfinance
2024-03-22,155.70473691,155.76259227,153.16863599,154.8754425,3546400,yfinance
2024-03-25,154.58614136,155.60829179,154.41257531,155.36721802,4183800,yfinance
2024-03-26,154.88507393,155.95544207,154.15221495,155.34794617,4195900,yfinance
2024-03-27,156.43759471,156.6786685,155.57937264,156.22544861,4479800,yfinance
2024-03-28,157.13189388,157.8936953,156.22545407,157.39225769,3919700,yfinance
2024-04-01,157.39225798,157.45975099,155.83010453,156.8618927,3256800,yfinance
2024-04-02,156.13866274,156.58224497,155.43473143,156.29295349,4124900,yfinance
2024-04-03,156.11935956,157.57545447,155.76257511,157.43080139,3245900,yfinance
2024-04-04,158.02869101,158.64583931,155.65651851,155.83973694,3331600,yfinance
2024-04-05,155.61796881,156.52440868,154.5765282,155.35760498,3180600,yfinance
2024-04-08,154.20043235,155.99402181,153.81470548,155.15507507,4012000,yfinance
2024-04-09,155.33832418,155.81083417,154.35475358,155.25154114,3359000,yfinance
2024-04-10,155.28041131,155.28041131,153.68933056,154.65362549,4438900,yfinance
2024-04-11,154.83686498,155.23221478,154.05577363,154.95257568,4790900,yfinance
2024-04-12,154.40294223,155.12616363,153.91115698,154.33544922,3827400,yfinance
2024-04-15,156.21580368,156.21580368,153.68935527,154.11364746,4494600,yfinance
2024-04-16,154.8657929,154.8657929,153.45791563,154.08470154,3810400,yfinance
2024-04-17,153.88220774,154.9139958,153.71827934,154.37399292,4098300,yfinance
2024-04-18,154.34508637,155.74331146,154.34508637,155.10688782,3246600,yfinance
2024-04-19,155.69509506,156.59188245,154.96222136,156.5340271,5126100,yfinance
2024-04-22,157.9997628,158.7326218,156.32188398,156.56295776,3701900,yfinance
2024-04-23,156.88115499,158.01901602,156.55329823,157.42115784,4165100,yfinance
2024-04-24,156.78475208,158.67477713,156.37011221,158.31797791,4713700,yfinance
2024-04-25,158.88690533,159.2919075,155.92651236,158.19261169,5817300,yfinance
2024-04-26,156.4183034,158.30831342,154.88506312,158.1058197,7969000,yfinance
2024-04-29,157.93226288,158.81941267,157.38262228,158.38548279,3451400,yfinance
2024-04-30,158.38547973,158.57833582,157.2476185,158.30833435,4122400,yfinance
2024-05-01,158.62655269,160.555143,158.13476746,159.56192017,6020800,yfinance
2024-05-02,160.37193429,160.37193429,158.64585234,159.02192688,3449800,yfinance
2024-05-03,159.02190581,159.34012495,157.72010156,158.72297668,4274900,yfinance
2024-05-06,158.32765644,158.96409491,156.03262879,156.57263184,6022300,yfinance
2024-05-07,156.93903552,156.99689088,155.83973964,156.39903259,4611400,yfinance
2024-05-08,156.69795516,158.23118086,156.45688139,157.01617432,5106000,yfinance
2024-05-09,157.42117493,158.83868991,156.68831596,158.80010986,4774700,yfinance
2024-05-10,158.5397582,159.05083341,157.69117382,158.33724976,3084800,yfinance
2024-05-13,159.099052,159.099052,156.91009803,157.51760864,3686200,yfinance
2024-05-14,158.09616816,158.62653337,155.94579435,156.61116028,4657200,yfinance
2024-05-15,157.1607819,158.18293216,156.70756211,156.87149048,4647400,yfinance
2024-05-16,157.06439151,157.83581582,156.36044549,157.73939514,3217700,yfinance
2024-05-17,157.28618706,158.14440918,156.75582177,158.14440918,2921400,yfinance
2024-05-20,158.21191676,158.33726513,157.32475225,158.04797363,2983400,yfinance
2024-05-21,158.4529813,158.84833112,157.80689062,158.49154663,3218000,yfinance
2024-05-22,157.82617381,159.94762004,157.4308093,159.59083557,4197800,yfinance
2024-05-23,158.51084234,159.68728361,158.34691393,159.07977295,3629200,yfinance
2024-05-24,159.31119615,160.26583886,158.8772516,160.07298279,3722100,yfinance
2024-05-28,159.6293906,162.68621875,159.46546221,161.3361969,5729300,yfinance
2024-05-29,161.62551496,163.07195772,161.16265739,162.85017395,6166000,yfinance
2024-05-30,163.12976307,164.96193217,162.45475959,164.60513306,6208500,yfinance
2024-05-31,164.64390826,169.66773273,164.32447272,169.35798645,8684300,yfinance
2024-06-03,168.91267817,172.75556378,165.69897428,167.53814697,7801600,yfinance
2024-06-04,167.53816588,173.12342081,167.52849139,172.21351624,7238200,yfinance
2024-06-05,173.28797896,175.3691324,172.56199314,174.49795532,8973500,yfinance
2024-06-06,174.49796763,176.8211165,173.65581398,174.01397705,7651300,yfinance
2024-06-07,173.77195016,174.87544789,173.52995492,174.06234741,5994200,yfinance
2024-06-10,174.1688354,176.47263518,173.51061533,174.9045105,6774800,yfinance
2024-06-11,174.96256644,175.10775769,172.33933142,172.68780518,7331000,yfinance
2024-06-12,171.21649072,171.53592624,165.69898699,168.22541809,10923100,yfinance
2024-06-13,168.60292853,169.78386657,167.6349475,169.50315857,5444700,yfinance
2024-06-14,169.42572739,170.44211048,168.63199059,170.35499573,4045200,yfinance
2024-06-17,170.35499215,173.10405481,169.21276681,171.70048523,6591900,yfinance
2024-06-18,172.17479599,172.54263354,169.94845125,171.92312622,5712000,yfinance
2024-06-20,170.85833938,173.2879814,170.14204281,170.79058838,6596400,yfinance
2024-06-21,169.8419789,171.73921368,168.54487293,171.07130432,12269700,yfinance
2024-06-24,171.76823725,173.02661559,170.52922267,172.25222778,5958300,yfinance
2024-06-25,172.74590039,173.07501039,171.58431134,171.94247437,5673300,yfinance
2024-06-26,171.34233298,171.8360128,168.2060836,170.66474915,5316600,yfinance
2024-06-27,170.66470689,171.92308499,170.08392722,171.73916626,3157400,yfinance
2024-06-28,171.99086623,173.14276605,170.47114366,170.53889465,5172300,yfinance
2024-07-01,171.90377208,173.4331841,171.07130768,173.34606934,3257400,yfinance
2024-07-02,172.41676369,174.23657262,172.01021346,174.21720886,3317400,yfinance
2024-07-03,173.14275637,173.84939313,172.30061763,172.74589539,1652900,yfinance
2024-07-05,173.18149526,173.73323679,172.23286319,173.50093079,3256500,yfinance
2024-07-08,173.30733949,174.16884212,172.53296638,173.43318176,2370200,yfinance
2024-07-09,173.92681933,174.53665209,172.7458961,173.31700134,2940800,yfinance
2024-07-10,172.92015045,175.28202679,172.92015045,174.73995972,3338400,yfinance
2024-07-11,173.510585,175.03032218,172.21349408,173.08467102,4758300,yfinance
2024-07-12,173.6945163,175.00128181,172.83301379,173.79130554,3043900,yfinance
2024-07-15,173.02662908,176.50167784,172.94918882,175.93057251,4028300,yfinance
2024-07-16,176.14351449,177.93428536,175.44656695,177.12117004,5437500,yfinance
2024-07-17,177.87621046,179.48306271,176.42423874,177.68261719,5228500,yfinance
2024-07-18,177.75038356,177.91493858,175.90153601,176.45327759,4236900,yfinance
2024-07-19,176.38548699,177.37283168,176.11445351,176.22093201,2494900,yfinance
2024-07-22,175.61112063,175.87247965,171.11968914,171.75856018,4391100,yfinance
2024-07-23,171.93281122,171.96184947,170.08397841,170.90675354,3621200,yfinance
2024-07-24,171.3907055,171.84565773,168.65131763,171.22615051,4499600,yfinance
2024-07-25,172.54263315,174.55603564,169.4160583,169.5322113,4166300,yfinance
2024-07-26,170.06460953,170.89707391,168.26416401,169.909729,3117200,yfinance
2024-07-29,170.08395558,171.36168288,169.46444831,171.20680237,2400800,yfinance
2024-07-30,171.90377209,172.1941694,168.17705346,169.74517822,4848100,yfinance
2024-07-31,174.55602812,176.89854054,171.22617088,176.44358826,8036700,yfinance
2024-08-01,176.04670236,181.50611469,175.99831513,181.08021545,5228400,yfinance
2024-08-02,182.94840046,187.56567375,182.27081674,182.71607971,7922800,yfinance
2024-08-05,186.21050765,187.28496719,179.45400414,180.88661194,6523000,yfinance
2024-08-06,180.96405537,186.48154444,180.54783061,183.78088379,4492100,yfinance
2024-08-07,183.78086583,187.72054066,183.78086583,184.48748779,4685900,yfinance
2024-08-08,184.3422992,187.63342861,183.91638521,187.41079712,5437100,yfinance
2024-08-09,187.46888956,188.15616261,185.95884147,187.98191833,2802200,yfinance
2024-08-12,187.98190002,188.98860849,187.07199555,188.70788574,2870800,yfinance
2024-08-13,189.43390819,189.65653972,187.67219017,189.07575989,3736900,yfinance
2024-08-14,188.73694751,190.72131168,188.25295697,190.1986084,3248100,yfinance
2024-08-15,190.03402245,190.52768741,186.7041657,188.39813232,4673300,yfinance
2024-08-16,188.16582517,190.43089716,187.19784418,190.26634216,3161700,yfinance
2024-08-19,190.84714237,192.4249414,190.04371635,191.25369263,2786400,yfinance
2024-08-20,190.50831526,191.72798063,189.85976984,189.93721008,2885500,yfinance
2024-08-21,190.0824354,190.80842119,188.9595886,189.20158386,3252500,yfinance
2024-08-22,189.61779975,190.83745051,188.93052673,190.15019226,3034900,yfinance
2024-08-23,191.41828403,192.77345181,190.19863302,192.22171021,2481100,yfinance
2024-08-26,192.62824524,194.17702096,192.62824524,194.01245117,2537500,yfinance
2024-08-27,194.69968233,197.57458685,193.82850541,197.49714661,3687000,yfinance
2024-08-28,198.70714137,198.70714137,194.64162406,194.96105957,4062900,yfinance
2024-08-29,194.96106155,194.96106155,192.88958275,193.67364502,3340100,yfinance
2024-08-30,194.19805076,194.88754896,191.08069794,192.98413086,3915100,yfinance
2024-09-03,193.84843907,195.7324451,193.56681617,194.74188232,3572900,yfinance
2024-09-04,195.04293942,196.46080442,192.04213291,193.06182861,3275400,yfinance
2024-09-05,192.77047768,193.5279625,190.49802321,191.48857117,3573100,yfinance
2024-09-06,191.68280974,191.99356553,187.05048733,187.42922974,5336900,yfinance
2024-09-09,187.69145223,190.36207614,187.69145223,189.66285706,3839600,yfinance
2024-09-10,190.06104086,191.2166803,188.9345195,190.82823181,3024500,yfinance
2024-09-11,190.8767751,193.12009679,188.79854475,192.80932617,4037500,yfinance
2024-09-12,193.63480733,196.78129332,193.39202333,196.56764221,3733500,yfinance
2024-09-13,196.16946501,197.38338497,194.92641216,196.97550964,1935400,yfinance
2024-09-16,199.0343396,200.35508528,197.77185971,199.90837097,2867600,yfinance
2024-09-17,199.23822854,199.55870514,195.95578473,196.84922791,3619500,yfinance
2024-09-18,196.89780814,200.1511194,189.82793981,191.00300598,7300300,yfinance
2024-09-19,193.3337602,195.63534782,191.3137955,193.87759399,6172700,yfinance
2024-09-20,192.40145824,193.91642802,191.76051975,193.68336487,12281900,yfinance
2024-09-23,193.35317822,197.02407101,192.95500891,196.61619568,4545600,yfinance
2024-09-24,195.19833865,197.84953582,195.08180707,195.62564087,4411300,yfinance
2024-09-25,196.47051443,198.00491103,195.88784174,197.44165039,2666800,yfinance
2024-09-26,196.6453039,202.1516424,195.99464466,197.38336182,2629200,yfinance
2024-09-27,197.38337471,199.7820816,196.95607254,199.25765991,3158000,yfinance
2024-09-30,200.36477131,201.4815717,198.80124188,200.40361023,3243600,yfinance
2024-10-01,199.37421133,200.39390703,196.91723859,200.15112305,3702000,yfinance
2024-10-02,199.9277425,202.34587622,199.46160142,202.07395935,2245100,yfinance
2024-10-03,201.47185089,203.21988358,201.45242403,202.02539062,2902100,yfinance
2024-10-04,201.22908075,202.70519668,200.22879711,202.26818848,2654800,yfinance
2024-10-07,201.70495202,204.01626053,201.42332908,202.31677246,2651400,yfinance
2024-10-08,202.67606119,206.1138906,202.67606119,205.07476807,3310400,yfinance
2024-10-09,205.07478786,207.30840363,204.43383454,205.9682312,2243600,yfinance
2024-10-10,207.2986723,208.96901239,204.85140572,205.34667969,2601700,yfinance
2024-10-11,206.52177127,207.66770456,206.04590933,206.89079285,1778500,yfinance
2024-10-14,207.82310519,210.0081612,207.56089432,209.67797852,2655700,yfinance
2024-10-15,209.67795752,212.02810464,209.41574668,210.765625,3382500,yfinance
2024-10-16,210.01786364,214.32000377,209.8527723,213.4168396,2730100,yfinance
2024-10-17,214.3005872,216.30112506,213.5528083,215.54364014,3177700,yfinance
2024-10-18,215.10660873,217.00032083,214.53364209,216.76725769,3334300,yfinance
2024-10-21,216.31081767,217.4470449,214.90265875,216.33995056,4614400,yfinance
2024-10-22,212.63022603,214.73758939,212.39716287,212.68849182,6066900,yfinance
2024-10-23,211.25119617,215.41737758,210.47428447,214.57247925,5245700,yfinance
2024-10-24,216.95176707,227.63426261,214.6210467,226.81851196,6920400,yfinance
2024-10-25,226.80880975,227.78965175,218.73867217,219.82633972,6478100,yfinance
2024-10-28,221.94340692,221.96283379,219.9428692,221.23448181,2732300,yfinance
2024-10-29,221.14707907,222.15705393,219.26307296,219.52528381,3150700,yfinance
2024-10-30,218.93288166,219.21450455,216.06803369,216.33995056,4218000,yfinance
2024-10-31,216.89348631,219.34075291,216.19426729,216.71868896,4152400,yfinance
2024-11-01,216.56331871,218.09771531,216.17487026,216.8352356,2922100,yfinance
2024-11-04,217.90348935,218.5055889,216.85466075,217.77723694,2453900,yfinance
2024-11-05,219.56413987,220.748927,218.45704539,220.55470276,2864800,yfinance
2024-11-06,223.84686058,226.22614095,222.62323449,225.48808289,4115900,yfinance
2024-11-07,225.3520918,226.56601169,223.36126021,224.80825806,2561700,yfinance
2024-11-08,226.93504898,229.90673753,226.43977496,228.51800537,3452000,yfinance
2024-11-11,229.08126348,232.22774936,228.07128859,231.44113159,3383000,yfinance
2024-11-12,231.09149617,232.22772335,229.44055335,232.10147095,4226700,yfinance
2024-11-13,232.35399569,234.13117636,231.61593766,233.92724609,3820300,yfinance
2024-11-14,234.05345565,235.44218768,230.6739069,230.88755798,3925000,yfinance
2024-11-15,231.24688733,232.27628906,228.26550767,228.80934143,3939900,yfinance
2024-11-18,230.08152894,232.10149351,227.7896475,230.18835449,2442400,yfinance
2024-11-19,230.18833958,230.18833958,226.10957179,226.46888733,3830100,yfinance
2024-11-20,226.46888773,228.82875566,226.46888773,228.67337036,2603100,yfinance
2024-11-21,228.86757511,230.47966412,227.1875143,229.75131226,2490100,yfinance
2024-11-22,229.61538091,232.77157267,229.4599956,231.40226746,2540800,yfinance
2024-11-25,232.43167103,233.86896288,231.62562643,233.01435852,5513100,yfinance
2024-11-26,234.83038304,238.09340044,234.50020037,237.85061646,3251100,yfinance
2024-11-27,238.9227273,241.85638194,237.72392688,239.95584106,3346600,yfinance
2024-11-29,239.57574788,241.20339145,238.24049867,240.67709351,1806000,yfinance
2024-12-02,240.67706728,241.53475332,237.3340518,238.61083984,3263900,yfinance
2024-12-03,238.75702746,239.90709295,237.50949225,238.64007568,2668800,yfinance
2024-12-04,238.25998306,238.78628098,236.02805399,236.91497803,2682900,yfinance
2024-12-05,236.83698141,238.83499185,235.89158157,237.75314331,2676200,yfinance
2024-12-06,237.95780971,239.33205256,237.39253288,237.59719849,2177100,yfinance
2024-12-09,236.82725582,237.65568907,222.30514298,223.05561829,6267400,yfinance
2024-12-10,228.88393772,229.64415402,224.76122398,227.57792664,5352700,yfinance
2024-12-11,227.27579417,230.81373419,227.11984855,228.3966217,3439400,yfinance
2024-12-12,225.26806574,228.0067959,224.18621706,227.35379028,4067600,yfinance
2024-12-13,226.89566891,226.89566891,224.87816165,226.05747986,2895400,yfinance
2024-12-16,227.17833071,227.41224914,222.57803891,223.65014648,4489700,yfinance
2024-12-17,223.50396803,223.87432032,213.36772505,215.11233521,7729800,yfinance
2024-12-18,213.83554329,217.53917018,213.75758535,215.09283447,5197100,yfinance
2024-12-19,214.47879029,216.12593054,212.26635834,212.47103882,4957700,yfinance
2024-12-20,212.47104688,215.85304134,212.46130585,214.72245789,9116100,yfinance
2024-12-23,214.31311016,216.76920163,212.36383451,216.03822327,3081600,yfinance
2024-12-24,216.17468514,218.02649117,215.58015544,217.35398865,1411800,yfinance
2024-12-26,215.39496621,218.97188536,214.93688523,218.00698853,1902600,yfinance
2024-12-27,216.46705877,218.37734051,215.64835173,217.36372375,2150000,yfinance
2024-12-30,217.12008516,217.36374463,213.6601177,215.06359863,2160900,yfinance
2024-12-31,214.57628481,216.04798269,214.30338738,215.13182068,2119900,yfinance
2025-01-02,216.54501871,216.87640687,213.10454848,213.9622345,2850500,yfinance
2025-01-03,215.54117231,215.7361118,213.31899902,213.55291748,2737900,yfinance
2025-01-06,208.03646141,209.54715316,203.10479591,206.99360657,5639700,yfinance
2025-01-07,206.01894587,209.96621712,206.01894587,206.95458984,5039300,yfinance
2025-01-08,208.79667908,210.28787392,206.81816528,210.05397034,3270000,yfinance
2025-01-10,207.23726447,208.03645983,204.50827534,205.94099426,4175400,yfinance
2025-01-13,205.97022022,209.94674446,205.36594951,208.04620361,3645000,yfinance
2025-01-14,208.01694643,209.19626475,205.97995692,208.7479248,3537400,yfinance
2025-01-15,210.65824075,212.04222482,208.45556439,208.7674408,3116000,yfinance
2025-01-16,207.97796087,211.24300347,207.97796087,210.27810669,2411200,yfinance
2025-01-17,213.65039185,213.93303031,212.12020313,213.41647339,4259900,yfinance
2025-01-21,212.70496626,214.6932209,212.5977555,213.92326355,3700400,yfinance
2025-01-22,213.63089348,215.25853706,212.54904476,212.64649963,4124000,yfinance
2025-01-23,213.11432185,213.84530026,209.9077549,210.5607605,3628400,yfinance
2025-01-24,211.35021782,213.05583401,210.26836925,213.02659607,3118500,yfinance
2025-01-27,211.29172234,217.66586188,211.29172234,215.81404114,4153100,yfinance
2025-01-28,214.62501177,218.47482838,213.2507688,215.53141785,3975500,yfinance
2025-01-29,231.96382015,235.27758307,227.31479321,229.18609619,8859500,yfinance
2025-01-30,233.14311582,234.73176533,228.03600837,228.42585754,4205200,yfinance
2025-01-31,228.5525655,229.50770639,225.14133318,227.06137085,3337900,yfinance
2025-02-03,229.95605796,232.30493876,226.70077109,232.0612793,3720000,yfinance
2025-02-04,230.31667189,234.73178023,229.42000684,231.23283386,3285900,yfinance
2025-02-05,231.81763504,236.54462003,231.61295453,236.28146362,3130700,yfinance
2025-02-06,237.43152157,241.32033186,237.24633801,240.90122986,3272200,yfinance
2025-02-07,241.2228656,244.14677912,239.85837857,239.99482727,3434400,yfinance
2025-02-10,248.46441554,249.97512203,244.87775545,249.34159851,4887600,yfinance
2025-02-11,248.64961934,252.87954431,246.92452094,252.13883972,2598200,yfinance
2025-02-12,249.88740544,253.00622863,248.68859021,248.80554199,3220000,yfinance
2025-02-13,248.58136345,259.25364394,248.53262859,258.35696411,3859900,yfinance
2025-02-14,259.9261872,264.52647933,257.69425805,263.95144653,4835300,yfinance
2025-02-18,263.15222325,263.88320165,255.89115927,256.53442383,3879300,yfinance
2025-02-19,256.03742019,257.54809723,253.24018408,256.67092896,3787700,yfinance
2025-02-20,256.32975934,259.01001348,255.5110671,258.66888428,2794700,yfinance
2025-02-21,258.70787418,260.8715714,256.81707436,258.44473267,3554300,yfinance
2025-02-24,261.17370525,266.46598163,260.78385606,261.32965088,4141300,yfinance
2025-02-25,262.40175465,265.78374912,261.47583681,263.67852783,3516500,yfinance
2025-02-26,259.41935762,260.71561281,255.31611105,256.89501953,4473400,yfinance
2025-02-27,256.55393082,259.53632025,255.49157914,257.47009277,3562000,yfinance
2025-02-28,260.38416172,264.0219333,258.05679605,263.72857666,4721100,yfinance
2025-03-03,263.33746604,270.37829515,263.33746604,266.79919434,4025400,yfinance
2025-03-04,267.08279376,268.8723591,258.60445713,258.80001831,4694600,yfinance
2025-03-05,255.24048057,257.71455466,251.7885111,256.93222046,5161000,yfinance
2025-03-06,255.700066,258.13501567,253.5975673,257.13757324,3276500,yfinance
2025-03-07,256.62906958,260.71666498,255.55337872,259.37695312,3289600,yfinance
2025-03-10,258.15460879,265.58662014,257.52877123,260.73626709,5173500,yfinance
2025-03-11,253.079337,254.174605,246.93816953,250.9964447,5171100,yfinance
2025-03-12,248.88416317,251.28000402,242.77231667,249.95985413,3983000,yfinance
2025-03-13,251.05508867,257.4602914,250.59547666,253.37269592,4196600,yfinance
2025-03-14,247.88670533,251.76893626,246.90880995,250.32165527,3511100,yfinance
2025-03-17,248.66902255,255.9836762,247.33908417,254.41906738,4329700,yfinance
2025-03-18,255.6218939,256.18909003,252.12104091,254.96672058,3088900,yfinance
2025-03-19,256.49218899,256.68775016,253.04021947,253.51937866,2926800,yfinance
2025-03-20,252.61971711,253.27492019,250.74217456,251.34846497,3729100,yfinance
2025-03-21,248.81570584,252.7272874,248.70813675,250.18475342,9207000,yfinance
2025-03-24,253.08910047,255.06443839,251.90585542,253.23577881,2896900,yfinance
2025-03-25,251.4364518,255.33824477,250.75194295,253.03042603,2987900,yfinance
2025-03-26,254.77106246,259.09337284,254.69284397,256.70730591,4683500,yfinance
2025-03-27,257.10828715,262.79961604,257.10828715,262.34979248,4228500,yfinance
2025-03-28,264.36423973,264.84339893,258.43819598,259.07382202,3322700,yfinance
2025-03-31,258.85869277,262.17377262,258.7511386,260.81448364,4073200,yfinance
2025-04-01,260.07128896,262.76050127,256.82466913,262.60403442,3025400,yfinance
2025-04-02,262.56491589,262.5747044,256.61932497,258.71200562,2969500,yfinance
2025-04-03,259.33787328,266.57429331,259.08361093,261.96841431,5652100,yfinance
2025-04-04,261.98797378,263.68950231,241.90199286,242.62564087,7948500,yfinance
2025-04-07,237.78503053,251.2702154,237.4427612,241.21743774,8149000,yfinance
2025-04-08,246.73276686,248.18983627,238.46955436,240.85562134,6018000,yfinance
2025-04-09,237.62856952,249.9109327,233.37471879,249.26551819,8590400,yfinance
2025-04-10,250.46834563,254.47772261,245.87222546,250.45855713,5406600,yfinance
2025-04-11,251.93517473,254.37012451,249.9793841,252.95219421,3987300,yfinance
2025-04-14,253.76386665,259.30854693,252.80551838,256.83447266,3845400,yfinance
2025-04-15,258.62400741,262.03685294,257.36251394,260.81448364,3130500,yfinance
2025-04-16,260.3450991,261.36208881,253.23578055,253.90077209,3362700,yfinance
2025-04-17,253.97898676,259.5334253,253.3629079,256.24771118,3489600,yfinance
2025-04-21,254.63421402,255.95434902,245.32463011,247.87693787,3656300,yfinance
2025-04-22,247.54441882,253.58781961,247.40751407,252.59034729,4762500,yfinance
2025-04-23,248.38545589,256.80512178,247.08485309,253.61720276,4562300,yfinance
2025-04-24,254.00836457,257.95907088,252.36550724,256.38464355,5047200,yfinance
2025-04-25,237.77525391,238.42066843,225.54178816,227.62471008,13561400,yfinance
2025-04-28,226.56859018,232.07414612,226.42189692,231.53630066,5825900,yfinance
2025-04-29,231.47763626,236.56268956,230.21614278,236.24975586,3900800,yfinance
2025-04-30,239.32032782,242.0779999,236.37686815,241.49125671,4440500,yfinance
2025-05-01,239.84842144,241.63797191,237.04185135,241.54017639,3603400,yfinance
2025-05-02,242.25401246,244.68897727,240.78716943,243.37860107,2801100,yfinance
2025-05-05,243.30037959,243.85777221,241.05121717,242.81143188,2311500,yfinance
2025-05-06,242.03887957,248.54189279,241.72596081,248.18984985,2903200,yfinance
2025-05-07,247.12395392,248.11162291,244.74766034,245.70599365,4042100,yfinance
2025-05-08,246.60566523,247.0555037,241.97045039,242.01934814,3520700,yfinance
2025-05-09,242.0193323,242.67452042,238.2837648,238.42066956,3278300,yfinance
2025-05-12,233.54099983,235.0176166,230.78332749,235.00784302,5373100,yfinance
2025-05-13,233.97124633,234.96870381,230.68551721,232.09368896,4712800,yfinance
2025-05-14,228.67105916,230.34326687,227.10643545,230.08900452,4168900,yfinance
2025-05-15,231.87855375,237.08096447,231.19402995,234.85136414,5215000,yfinance
2025-05-16,235.20341641,237.94152663,233.3649682,237.29611206,4402200,yfinance
2025-05-19,237.62858289,240.58183119,237.54057589,238.85095215,4238000,yfinance
2025-05-20,239.70170278,240.20043896,233.83433069,235.87814331,4787700,yfinance
2025-05-21,235.87814468,237.85348255,233.72676297,235.43807983,4110000,yfinance
2025-05-22,236.19106248,236.70934582,234.14726478,235.49676514,3200600,yfinance
2025-05-23,235.68255599,237.97084248,233.30627742,237.51123047,4174000,yfinance
2025-05-27,238.40110919,240.45469547,236.8658212,237.98062134,3717400,yfinance
2025-05-28,237.72637379,238.12729956,235.73145885,236.17150879,2468600,yfinance
2025-05-29,236.47466118,236.47466118,231.506951,234.01036072,3127400,yfinance
2025-05-30,235.14890611,238.81973921,234.02016668,237.72044373,8313500,yfinance
2025-06-02,235.13910265,238.86880876,234.48148128,238.56454468,2578800,yfinance
2025-06-03,237.49470709,239.9092004,236.96468613,239.36938477,3630900,yfinance
2025-06-04,239.95825955,240.66494411,237.47505391,237.48487854,3413900,yfinance
2025-06-05,237.41617486,241.70534567,236.69968061,240.37049866,2855300,yfinance
2025-06-06,242.31389844,242.97150483,239.99754662,241.3127594,2022500,yfinance
2025-06-09,240.13497629,240.39016216,233.47055008,233.54907227,4538600,yfinance
2025-06-10,232.61663441,233.37239729,230.32972646,232.59700012,3766900,yfinance
2025-06-11,231.93939231,232.11607096,225.55961124,226.66871643,6709600,yfinance
2025-06-12,228.19005003,228.19005003,223.31197011,224.47013855,5369000,yfinance
2025-06-13,224.27383343,225.42219218,221.96729129,223.78308105,4379800,yfinance
2025-06-16,224.03825485,227.32630155,223.59658074,226.71777344,3777800,yfinance
2025-06-17,217.79588788,218.38479669,215.93103493,217.33457947,12423600,yfinance
2025-06-18,218.11978144,218.87554424,216.48067042,216.90272522,5600300,yfinance
2025-06-20,218.00201204,219.07184858,216.81438475,217.42292786,8936700,yfinance
2025-06-23,218.87556705,223.419939,218.375005,222.7819519,7469000,yfinance
2025-06-24,223.38066113,226.07979917,222.39915638,225.56942749,5128400,yfinance
2025-06-25,225.17680231,227.01221128,224.52900563,226.62942505,5428600,yfinance
2025-06-26,226.72758611,227.31649492,224.7645767,227.13981628,4342400,yfinance
2025-06-27,226.45278657,231.9688387,226.15833214,230.89900208,6496300,yfinance
2025-06-30,230.15307014,234.20667485,229.8978693,233.85333252,5118400,yfinance
2025-07-01,234.00055707,238.78048054,233.6766587,237.04321289,4536400,yfinance
2025-07-02,235.56115383,236.54265864,232.42034144,233.02886963,3414400,yfinance
2025-07-03,232.58718492,236.88618058,232.22403295,236.29727173,1998800,yfinance
2025-07-07,235.53170294,235.82615737,232.22403663,233.23498535,2958400,yfinance
2025-07-08,231.84123364,232.41049319,229.2893154,231.60566711,3020800,yfinance
2025-07-09,230.58490436,230.84991484,227.12019378,228.0133667,3938100,yfinance
2025-07-10,227.21834468,227.21834468,222.82120769,223.93029785,5528200,yfinance
2025-07-11,224.1560437,224.87253792,221.91821422,223.54750061,3093700,yfinance
2025-07-14,223.47881406,225.39274529,223.27269148,223.93029785,3118000,yfinance
2025-07-15,222.47767851,222.88009905,221.11338752,221.83970642,3429800,yfinance
2025-07-16,222.31082341,225.12773722,222.28137946,224.50939941,5793100,yfinance
2025-07-17,223.40029873,225.04921953,221.76118758,222.83102417,3509300,yfinance
2025-07-18,224.47996285,224.55847005,222.05564486,223.00770569,3773600,yfinance
2025-07-21,225.57923533,229.64266434,225.36330309,228.31762695,4431100,yfinance
2025-07-22,229.31876036,233.75516585,228.47466571,228.93597412,4004400,yfinance
2025-07-23,228.85745535,230.60453257,226.45277177,229.60339355,5621000,yfinance
2025-07-24,239.48715771,247.09381948,238.99640534,242.92242432,8623200,yfinance
2025-07-25,243.66836547,245.2878573,238.60381231,239.04548645,5205200,yfinance
2025-07-28,238.09342751,238.46640411,232.89144926,233.78462219,3702900,yfinance
2025-07-29,234.74650528,236.83711534,233.40184848,234.82502747,3563600,yfinance
2025-07-30,234.90353749,238.2995356,234.17721858,237.11192322,4213000,yfinance
2025-07-31,234.95259479,237.57321049,233.71588931,234.00053406,4079200,yfinance
2025-08-01,235.99300808,237.53396277,232.52829745,232.81292725,3481400,yfinance
2025-08-04,233.3429499,236.93524598,232.69515315,236.55245972,3755500,yfinance
2025-08-05,236.47393481,237.02359006,232.44977428,234.51092529,3775600,yfinance
2025-08-06,233.93183379,237.42598823,231.20325184,234.79556274,5160200,yfinance
2025-08-07,235.17834753,238.68231161,234.09868634,238.43693542,4061800,yfinance
2025-08-08,238.72156233,242.18627255,238.45655188,240.44900513,4261600,yfinance
2025-08-11,241.19499007,244.40449991,240.93978924,244.26708984,3976100,yfinance
2025-08-12,244.88544679,247.91829302,243.70764403,247.61402893,4620300,yfinance
2025-08-13,247.82993923,249.33164024,245.81785158,246.20063782,3152600,yfinance
2025-08-14,246.92696566,247.82994823,244.66950175,245.68045044,2951500,yfinance
2025-08-15,246.47547144,251.45170778,245.67064532,249.92056274,3939400,yfinance
2025-08-18,250.88242775,251.98172325,249.34145812,250.46037292,3309200,yfinance
2025-08-19,250.43091104,253.67968911,249.4984846,253.44413757,3641900,yfinance
2025-08-20,255.13236627,256.72239929,253.94475382,254.21957397,3875900,yfinance
2025-08-21,253.2871127,254.70048193,252.2565447,253.38526917,3330400,yfinance
2025-08-22,255.1519629,256.4181124,246.49509892,247.29011536,3984800,yfinance
2025-08-25,248.41886197,248.70349176,245.25841543,247.08401489,4295700,yfinance
2025-08-26,246.92697747,247.17235367,244.80692352,246.55400085,6515000,yfinance
2025-08-27,245.16024979,247.60420195,244.95414218,246.71102905,3212400,yfinance
2025-08-28,246.08288665,246.99567893,244.7676738,245.92584229,3595100,yfinance
2025-08-29,245.28562555,249.34367311,245.11818344,248.2011261,3204900,yfinance
2025-09-02,247.91546319,254.77082,247.42298113,252.04246521,4055600,yfinance
2025-09-03,249.50125887,250.58472542,247.54118989,248.86103821,3822900,yfinance
2025-09-04,250.38773376,252.83044055,246.97975131,248.32914734,3349100,yfinance
2025-09-05,249.0284884,251.89473769,247.82683093,248.95953369,3294200,yfinance
2025-09-08,237.50439659,243.53237203,233.8304697,239.24777222,6313600,yfinance
2025-09-09,238.88335002,240.05545974,237.21875823,239.07049561,3651800,yfinance
2025-09-10,238.25296113,239.24776944,234.91393349,236.76567078,4942000,yfinance
2025-09-11,236.62778009,238.69619567,235.91860474,237.76048279,4321900,yfinance
2025-09-12,236.48002921,239.16899204,236.07619031,238.08552551,3085700,yfinance
2025-09-15,237.76048444,240.56763815,234.83513985,236.13529968,3062500,yfinance
2025-09-16,236.2731934,236.53912289,232.59926649,234.04716492,3639600,yfinance
2025-09-17,235.30792188,237.19906621,234.74650015,235.84965515,3422300,yfinance
2025-09-18,233.95851161,237.12025285,233.64333093,235.2389679,3545100,yfinance
2025-09-19,235.23897762,236.18453474,232.88491402,234.58889771,7442100,yfinance
2025-09-22,233.46603417,236.7065744,231.57490494,233.86987305,4686900,yfinance
2025-09-23,233.04250775,237.1596504,231.23016242,235.88905334,4668000,yfinance
2025-09-24,234.60859565,238.72573827,233.42664176,234.81542969,3683400,yfinance
2025-09-25,236.55881611,238.66663859,233.67287863,234.36235046,3824400,yfinance
2025-09-26,235.39657898,236.64747259,233.0819073,233.89942932,2543300,yfinance
2025-09-29,233.88956754,236.21408328,233.50543217,234.38204956,3835800,yfinance
2025-09-30,234.38205353,236.82476018,234.22445567,235.78070068,4382800,yfinance
2025-10-01,235.80039492,237.32709225,228.07828013,229.75271606,5206700,yfinance
2025-10-02,229.04353418,229.7527095,226.26594337,226.67962646,4325500,yfinance
2025-10-03,226.56143721,227.34941146,223.69518819,226.80767822,3767100,yfinance
2025-10-06,225.1332509,225.61587369,218.91811482,221.57752991,6171700,yfinance
2025-10-07,221.6169257,225.50753095,220.21827846,224.25662231,3942400,yfinance
2025-10-08,223.29134762,223.46864896,221.01608306,223.17315674,4059800,yfinance
2025-10-09,222.96631391,224.64076487,221.61691793,222.80873108,3303700,yfinance
2025-10-10,223.82323232,227.54639517,222.44427366,225.34991455,5106300,yfinance
2025-10-13,225.42872082,226.52203153,220.69104607,221.67601013,4698300,yfinance
2025-10-14,226.54173996,227.1819606,223.56714421,225.97045898,3894200,yfinance
2025-10-15,225.73406922,226.07881267,222.96632246,223.24211121,3286600,yfinance
2025-10-16,226.33489677,226.61070055,221.86316631,223.04512024,4217400,yfinance
2025-10-17,223.73459111,226.49249362,223.27165678,225.88182068,3446600,yfinance
2025-10-20,225.48782439,227.07361719,222.99586642,226.63038635,4561300,yfinance
2025-10-21,226.63036733,227.04405041,224.21720849,225.63555908,3580500,yfinance
2025-10-22,222.04043931,224.4634575,215.48059014,223.9808197,6674900,yfinance
2025-10-23,222.3556386,222.53292492,212.57495261,216.68225098,9826400,yfinance
2025-10-24,216.70194595,216.90879502,212.3582657,214.49563599,5884400,yfinance
2025-10-27,213.71749816,218.3074343,212.30900676,217.36186218,5968200,yfinance
2025-10-28,215.62833221,219.47954533,214.96840809,216.68225098,4467700,yfinance
2025-10-29,217.22398051,218.04150253,208.93058442,211.77713013,8834600,yfinance
2025-10-30,211.98397442,212.73254172,206.4287775,207.48268127,6235200,yfinance
2025-10-31,206.14312605,208.66464673,204.51794133,206.89170837,4956500,yfinance
2025-11-03,206.1628343,206.25147746,199.68176869,200.26290894,7093300,yfinance
2025-11-04,201.15922394,203.73984023,200.43036009,203.18824768,4937400,yfinance
2025-11-05,202.51845871,204.14364338,201.04101264,201.6615448,3463900,yfinance
2025-11-06,199.16959405,200.42048761,196.41169161,197.98762512,5909700,yfinance
2025-11-07,199.62267679,205.44381836,198.5490695,203.88757324,6464100,yfinance
2025-11-10,203.08973183,204.07469584,201.39559253,202.77453613,4079700,yfinance
2025-11-11,204.97102847,209.01923139,204.38004402,208.79267883,5043100,yfinance
2025-11-12,208.5267611,211.47179421,207.51223423,209.48216248,3554700,yfinance
2025-11-13,208.8123851,213.53035643,208.42824971,211.34375,5551500,yfinance
2025-11-14,214.19029466,214.89945497,211.25509089,212.83103943,4880800,yfinance
2025-11-17,212.66360497,215.04721632,211.77712825,212.59465027,7379900,yfinance
2025-11-18,213.71751378,213.71751378,208.86164781,209.87615967,5857300,yfinance
2025-11-19,209.47231225,210.05343746,207.00005778,208.09336853,3684000,yfinance
2025-11-20,208.14260583,209.12756986,206.73409945,207.34477234,5259300,yfinance
2025-11-21,204.91192577,208.18201382,203.57237399,206.33027649,6286900,yfinance
2025-11-24,205.73929568,206.10372757,202.42981587,204.22244263,8026400,yfinance
2025-11-25,204.58691135,206.64548283,203.39509811,203.78907776,6278400,yfinance
2025-11-26,203.68019041,205.29362575,203.24465666,204.63043213,4002900,yfinance
2025-11-28,204.63042518,208.35224791,204.13550323,206.88726807,1633900,yfinance
2025-12-01,206.84769488,206.98627243,203.48223144,204.53146362,3025900,yfinance
2025-12-02,205.4916067,208.48092451,203.7197776,207.99591064,4076800,yfinance
2025-12-03,207.5009847,209.65883718,205.17484546,206.39234924,3999400,yfinance
2025-12-04,207.23372577,207.86722528,204.61064539,205.89743042,3694300,yfinance
2025-12-05,205.94692957,209.48067972,205.56089104,207.50099182,3461500,yfinance
2025-12-08,207.40199516,207.57026681,201.60150919,202.36369324,4613200,yfinance
2025-12-09,203.45251767,204.05632308,197.14721658,199.30508423,6483800,yfinance
2025-12-10,200.39391156,200.66117367,192.91069346,193.33633423,8175800,yfinance
2025-12-11,194.65279273,195.74162704,192.67310497,193.34620667,4627700,yfinance
2025-12-12,192.26729338,195.87032474,192.0396184,193.177948,4635300,yfinance
2025-12-15,193.99951399,195.94950771,192.32667536,194.16778564,5157600,yfinance
2025-12-16,194.93987304,197.65203584,193.96983018,195.98910522,5685800,yfinance
2025-12-17,195.99899083,199.29517292,195.95940372,197.35508728,6266200,yfinance
2025-12-18,197.16702018,200.31471671,197.16702018,198.23605347,6862900,yfinance
2025-12-19,198.81016194,199.21598648,194.11829622,194.73199463,17206100,yfinance
2025-12-22,193.82133054,195.19721295,192.73251132,193.77183533,4712200,yfinance
2025-12-23,193.860937,195.94950826,193.77183956,195.66244507,4403800,yfinance
2025-12-24,195.64265229,197.11752522,195.07844908,196.99874878,1312000,yfinance
2025-12-26,197.12741608,199.01802164,196.72159154,198.95863342,1979500,yfinance
2025-12-29,199.65150614,202.10631471,199.38424406,201.08677673,4402000,yfinance
2025-12-30,200.01776834,202.13603372,199.63171471,201.73019409,3037800,yfinance
2025-12-31,200.4433962,202.16573007,199.94847423,200.97790527,3239500,yfinance
2026-01-02,200.19593631,200.63147006,197.00863762,197.55305481,3826100,yfinance
2026-01-05,197.14721444,200.38400833,196.41472449,198.8200531,4021800,yfinance
2026-01-06,198.1667644,198.89925439,195.1576453,196.58302307,3240400,yfinance
2026-01-07,196.58300888,197.84009979,193.63326312,195.28630066,3737400,yfinance
2026-01-08,194.61322423,197.52336793,193.7520648,195.90002441,5185100,yfinance
2026-01-09,194.4845217,199.99795937,194.40533237,198.52308655,3829900,yfinance
2026-01-12,198.3053343,198.73097506,194.47464303,195.5040741,5271100,yfinance
2026-01-13,195.21702288,195.38529454,186.20943699,187.74369812,7654200,yfinance
2026-01-14,187.22897707,190.18861592,187.08050652,190.06983948,5292400,yfinance
2026-01-15,190.40637974,190.73303005,187.23888217,188.72364807,5450000,yfinance
2026-01-16,188.26831868,188.55538189,183.29929776,184.42773438,8248300,yfinance
2026-01-20,183.47747562,184.69497945,181.47798661,181.78483582,9026900,yfinance
2026-01-21,181.13154616,182.99244248,179.51809572,181.73535156,8188000,yfinance
2026-01-22,181.88381301,184.41781093,181.88381301,183.50715637,6502700,yfinance
2026-01-23,182.61630259,185.04141707,182.03228322,184.14065552,4827900,yfinance
2026-01-26,185.08101324,186.94192466,184.75436294,186.05107117,4772100,yfinance
2026-01-27,185.24929121,185.63532975,181.3987988,182.61631775,6791300,yfinance
2026-01-28,183.2498086,186.21934035,182.6163091,184.35842896,7418900,yfinance
2026-01-29,184.6652892,188.14954421,184.35843999,187.35766602,5917000,yfinance
2026-01-30,191.35663062,195.31600624,190.74291713,195.2071228,10733400,yfinance
2026-02-02,194.63301752,197.37487434,192.11880547,193.00967407,7820900,yfinance
2026-02-03,191.16855515,197.493657,191.16855515,195.67233276,6009700,yfinance
2026-02-04,199.46343026,201.13626879,196.71166554,199.74058533,7878500,yfinance
2026-02-05,200.61167721,202.73985083,197.72133461,199.80990601,7196300,yfinance
2026-02-06,199.45354341,200.42358619,194.82108126,195.38528442,5081600,yfinance
2026-02-09,194.71220865,196.22666867,193.1383453,195.65255737,4728500,yfinance
2026-02-10,194.50433601,197.68174173,194.1776857,197.40457153,6747600,yfinance
2026-02-11,189.38683185,208.34233616,186.23912045,207.41188049,12960800,yfinance
2026-02-12,210.72788078,218.60704537,210.69818666,212.49969482,15729200,yfinance
2026-02-13,214.07354512,217.74585754,212.41059951,217.27073669,8332900,yfinance
2026-02-17,218.55754009,222.0120857,216.97378378,217.37962341,6489600,yfinance
2026-02-18,217.94382429,218.35957202,210.73776185,211.08421326,7436400,yfinance
2026-02-19,213.97454739,216.31057953,211.44054951,213.11338806,4818200,yfinance
2026-02-20,212.13345992,213.77660454,209.89641797,213.27178955,5429900,yfinance
2026-02-23,214.93471221,218.72581631,214.63775601,217.71617126,5272100,yfinance
2026-02-24,218.88419713,222.46742739,218.03293073,219.72555542,6832400,yfinance
2026-02-25,218.98316098,221.28949907,215.88495985,216.43927002,4793900,yfinance
2026-02-26,215.9740514,216.28090061,210.01518666,210.98522949,6626600,yfinance
2026-02-27,212.2782048,216.18700421,211.52231165,215.91845703,6916400,yfinance
2026-03-02,215.82895258,218.15632106,212.59649131,214.9437561,5413800,yfinance
2026-03-03,213.45184901,218.38508885,212.84514029,217.35069275,5904300,yfinance
2026-03-04,216.56496769,220.89148374,215.89858518,218.52433777,7407200,yfinance
2026-03-05,217.01252925,220.60304832,215.8090524,219.34983826,5431400,yfinance
2026-03-06,219.16088065,220.7224002,216.8036601,220.3742981,3535900,yfinance
2026-03-09,218.81275677,218.98183753,213.91930967,216.32624817,5228500,yfinance
2026-03-10,215.99803775,217.97730416,214.83435349,217.59934998,3345500,yfinance
2026-03-11,217.81815497,217.81815497,211.06480424,212.28816223,4696200,yfinance
2026-03-12,211.84059234,214.01876112,210.0005699,213.21313477,3805600,yfinance
2026-03-13,213.2628692,216.4953304,213.12362533,216.21684265,2831000,yfinance
2026-03-16,215.85878596,215.85878596,208.26001619,213.66072083,4561300,yfinance
2026-03-17,214.94375426,217.09210137,212.01961766,212.19865417,4093700,yfinance
2026-03-18,210.78630098,211.22392892,204.3910081,205.50495911,5606500,yfinance
2026-03-19,207.18584736,209.07560307,201.85477213,205.47512817,7623100,yfinance
2026-03-20,205.27620893,208.62801776,204.92809165,207.34498596,13798000,yfinance
2026-03-23,206.73827057,208.54844093,204.59987926,207.63340759,5531000,yfinance
2026-03-24,207.31514499,212.42740611,207.31514499,210.11991882,4756200,yfinance
2026-03-25,210.72663318,211.61182966,208.9860771,210.21939087,4000000,yfinance
2026-03-26,211.43279823,212.31799467,209.79169347,210.44813538,5201900,yfinance
2026-03-27,211.76102963,212.8650401,209.52317181,209.68231201,6055100,yfinance
2026-03-30,210.51776681,215.18245935,209.79169537,212.78546143,5900000,yfinance
2026-03-31,212.72579001,213.46178685,206.66864349,208.89656067,7070000,yfinance
2026-04-01,207.29524534,208.19039754,200.00480037,203.14775085,7038500,yfinance
2026-04-02,204.6993304,204.6993304,197.6177588,200.31312561,4384000,yfinance
2026-04-06,199.39809635,201.10881551,196.99115781,197.53819275,3780200,yfinance
2026-04-07,196.48390915,200.7607069,195.99654801,199.45776367,4481300,yfinance
2026-04-08,199.30859198,202.21283234,195.14120094,196.56349182,7107100,yfinance
2026-04-09,196.81212994,199.23896472,195.31026906,196.47395325,5869300,yfinance
2026-04-10,196.81214211,197.46856887,193.16194915,194.65385437,3995300,yfinance
2026-04-13,194.86271214,194.86271214,189.77034717,191.39154053,5844100,yfinance
2026-04-14,189.11389903,190.41682712,186.7865306,188.97465515,6604500,yfinance
2026-04-15,188.5668671,191.0931684,187.78113705,189.16363525,5767600,yfinance
2026-04-16,190.75499039,196.56348611,189.78028325,196.05622864,6113400,yfinance
2026-04-17,193.71891238,197.48845266,192.9530635,196.60325623,4800700,yfinance
2026-04-20,197.83657044,198.50295291,195.19092169,197.28953552,4571100,yfinance
2026-04-21,196.86185742,205.6641042,193.69902568,194.33557129,11135500,yfinance
2026-04-22,191.69987465,192.43587149,183.87233517,187.90048218,9919600,yfinance
2026-04-23,187.52253386,194.69363164,187.30373506,193.02270508,6622400,yfinance
2026-04-24,192.86356244,192.86356244,186.83626785,188.77574158,7753500,yfinance
2026-04-27,187.7413399,189.44211846,181.02776668,181.76377869,8403000,yfinance
2026-04-28,184.17071819,186.23949518,183.21590738,185.71235657,11088200,yfinance
2026-04-29,192.72432142,199.54730193,190.59587057,197.10057068,9878300,yfinance
2026-04-30,196.62316082,198.56263453,193.11221181,194.44497681,5092200,yfinance
2026-05-01,196.32477756,197.20997403,194.33557062,195.00195312,3451200,yfinance
2026-05-04,193.23155995,194.91244224,191.70981787,193.37080383,3239500,yfinance
2026-05-05,192.17728417,194.42508256,191.65014555,193.26139832,5400600,yfinance
2026-05-06,191.62029778,194.15653953,190.61573862,192.11759949,5754100,yfinance
2026-05-07,190.96386818,194.9422821,190.94397186,193.1519928,3540100,yfinance
2026-05-08,193.05253258,194.84280662,192.11760292,192.58506775,3965900,yfinance
2026-05-11,191.30201774,192.58506465,188.43757022,189.82006836,4476600,yfinance
2026-05-12,190.7947829,195.18098779,188.75584278,192.2568512,4174800,yfinance
2026-05-13,192.15738356,194.72346229,188.97465556,189.25314331,3584100,yfinance
2026-05-14,190.01898965,190.51629137,186.48814442,187.17442322,5650300,yfinance
2026-05-15,189.74051137,190.40689388,184.10111142,184.22045898,7967900,yfinance
2026-05-18,185.04597281,189.93941991,185.00618018,189.62113953,5029900,yfinance
2026-05-19,191.96841437,193.95762135,189.62114952,192.37620544,3606700,yfinance
2026-05-20,191.21250656,192.99283999,187.74133518,189.13378906,3836700,yfinance
2026-05-21,188.92492649,189.98915949,187.42308071,189.86979675,3774400,yfinance
2026-05-22,190.59586199,190.9936973,188.97465353,190.4367218,3973800,yfinance
2026-05-26,189.44212869,191.76949722,187.25400404,190.07867432,4024000,yfinance
2026-05-27,188.9746623,193.24150458,188.54699009,189.7802887,3076400,yfinance
2026-05-28,190.27758118,191.23240715,187.09485321,187.98999023,3924200,yfinance
2026-05-29,187.25,188.41999817,185.71000671,187.52999878,7597500,yfinance
2026-06-01,185.25999451,188.82000732,185.00999451,186.74000549,3448700,yfinance
2026-06-02,187.3999939,189.07000732,185.1000061,188.83000183,4600700,yfinance
2026-06-03,187.02999878,187.5,180.44000244,181.44999695,6755000,yfinance
2026-06-04,184.80999756,184.88000488,174.02000427,177.02000427,5960600,yfinance
2026-06-05,179.72999573,181.17999268,177.11999512,178.1000061,6340600,yfinance
2026-06-08,177.61000061,180.71000671,177.05999756,178.42999268,5274000,yfinance
2026-06-09,178.42999268,182.96000671,177.71000671,179.46000671,4668800,yfinance
2026-06-10,181.69999695,185.91000366,179.46000671,185.55000305,5302400,yfinance
2026-06-11,184.13999939,188.8500061,183.55999756,185.82000732,7188900,yfinance
2026-06-12,186.57000732,189.63999939,184.30000305,189.1000061,4237100,yfinance
2026-06-15,185.99000549,189.5,185.0,188.86000061,5285600,yfinance
2026-06-16,189.27000427,189.88999939,184.00999451,184.36000061,5430800,yfinance
2026-06-17,183.36999512,184.41999817,179.46000671,181.30999756,6820900,yfinance
2026-06-18,181.38999939,183.50999451,179.78999329,181.66999817,12545500,yfinance
2026-06-22,177.69999695,182.08000183,177.30999756,180.05999756,5827300,yfinance
2026-06-23,181.5,185.44999695,180.0,184.57000732,8197000,yfinance
2026-06-24,184.46000671,185.38000488,180.69999695,180.78999329,5542300,yfinance
2026-06-25,179.13000488,183.49000549,178.3999939,181.57000732,4373200,yfinance
2026-06-26,182.69999695,184.0,180.30999756,182.67999268,7824900,yfinance
2026-06-29,181.99000549,181.99000549,169.0,173.97000122,7760300,yfinance
2026-06-30,171.3500061,173.71000671,165.66000366,167.72999573,8600100,yfinance
2026-07-01,169.66999817,173.99000549,169.3500061,173.05999756,5941100,yfinance
2026-07-02,176.0,177.74000549,172.8500061,177.52000427,7221300,yfinance
2026-07-06,179.83000183,182.74000549,177.33999634,181.78999329,7118100,yfinance
2026-07-07,185.86000061,189.97000122,184.55999756,184.72999573,5171300,yfinance
2026-07-08,185.6499939,186.0,179.6000061,180.13999939,4403100,yfinance
2026-07-09,177.72000122,181.53999329,177.13999939,181.47999573,3465900,yfinance
2026-07-10,182.02000427,187.72999573,181.46000671,187.61000061,4554200,yfinance
2026-07-13,190.0,190.91999817,188.38000488,188.41000366,3787900,yfinance
2026-07-14,186.88000488,189.25999451,186.21000671,187.13000488,2884900,yfinance
2026-07-15,186.33000183,190.07000732,186.33000183,187.61999512,2602400,yfinance
2026-07-16,189.83999634,194.16000366,187.75,192.8500061,3954100,yfinance
2026-07-17,197.11000061,198.86000061,189.83000183,192.42999268,4579900,yfinance
2026-07-20,190.88999939,196.08999634,189.0,195.63999939,3842000,yfinance
2026-07-21,192.69999695,194.36000061,190.58999634,190.77000427,3725700,yfinance
2026-07-22,194.83000183,195.1000061,189.58000183,190.94000244,4476300,yfinance
2026-07-23,175.75,182.27000427,169.96000671,170.41999817,9626400,yfinance
2026-07-24,172.16000366,181.99000549,171.52000427,180.08999634,5629200,yfinance
2026-07-27,180.99000549,184.33000183,177.03999329,177.21000671,5494800,yfinance
2026-07-28,181.55000305,186.13000488,181.33999634,182.38999939,4983200,yfinance
2026-07-29,183.13000488,184.08999634,175.6499939,181.52000427,7257800,yfinance
2026-07-30,176.61000061,180.91000366,173.17999268,173.33999634,6783000,yfinance
2026-07-31,171.5,173.52000427,169.67999268,172.71000671,6746200,yfinance
2026-08-03,175.19000244,177.88999939,175.0,177.08999634,4471300,yfinance
2026-08-04,175.22000122,177.42999268,174.19999695,177.21000671,5803600,yfinance
2026-08-05,175.19999695,176.75999451,171.17999268,173.46000671,5294300,yfinance
2026-08-06,177.3999939,180.38000488,176.25,179.97000122,4608500,yfinance
2026-08-07,178.41000366,179.66000366,176.61999512,177.19000244,4831100,yfinance
